t_ns,state,ok,map_id,track_ms,prep_ms,map_changed,n_tracked_mp,vo_only,tx,ty,tz,qx,qy,qz,qw
1788232622214401792,OK,1,0,6.661,0.438833,0,3638,0,0.000000,0.000000,0.000000,-0.0000000,-0.0000000,-0.0000000,1.0000000
1788232622247753472,OK,1,0,18.348,0.404042,0,2992,0,0.000142,-0.000213,0.000030,-0.0000230,0.0000082,0.0000047,1.0000000
1788232622281104640,OK,1,0,16.6045,0.290125,0,2983,0,-0.000312,-0.000539,-0.000314,-0.0000818,0.0000535,-0.0000055,1.0000000
1788232622314456320,OK,1,0,16.514,0.288334,0,2943,0,0.000790,0.000107,0.000314,-0.0000295,-0.0000590,-0.0000041,1.0000000
1788232622347807744,OK,1,0,16.5778,0.268667,0,2951,0,0.000190,-0.000843,0.000088,-0.0001346,-0.0000072,0.0000293,1.0000000
1788232622381159680,OK,1,0,16.7212,0.262292,0,2981,0,-0.000777,-0.000316,-0.000446,-0.0000426,0.0000622,-0.0000380,1.0000000
1788232622414511360,OK,1,0,16.7194,0.284416,0,2949,0,-0.000270,0.000226,-0.000228,0.0000206,0.0000439,-0.0000091,1.0000000
1788232622447863040,OK,1,0,16.6196,0.315417,0,2983,0,-0.000663,-0.000046,-0.000246,-0.0000274,0.0000674,-0.0000593,1.0000000
1788232622481214976,OK,1,0,17.052,0.325917,0,2949,0,-0.000395,-0.000044,-0.000076,-0.0000061,0.0000455,-0.0000922,1.0000000
1788232622514566912,OK,1,0,16.5036,0.283084,0,2964,0,-0.000703,-0.000273,-0.000298,-0.0000326,0.0000672,-0.0000514,1.0000000
1788232622547918848,OK,1,0,16.5221,0.28075,0,2976,0,-0.000483,-0.000311,-0.000515,-0.0000336,0.0000570,-0.0000734,1.0000000
1788232622581271040,OK,1,0,16.9628,0.291041,0,2949,0,-0.001419,-0.000152,-0.000613,-0.0000354,0.0001147,-0.0000736,1.0000000
1788232622614622976,OK,1,0,17.1452,0.29475,0,2965,0,-0.001273,-0.000153,-0.000692,-0.0000389,0.0001265,-0.0000940,1.0000000
1788232622647974144,OK,1,0,16.5517,0.290333,0,2976,0,-0.000493,-0.000332,-0.000512,-0.0000545,0.0000417,0.0000039,1.0000000
1788232622681326336,OK,1,0,16.4931,0.297208,0,2937,0,-0.000040,-0.000494,-0.000215,-0.0000998,0.0000226,0.0000334,1.0000000
1788232622714678784,OK,1,0,16.0594,0.277292,0,2966,0,-0.000449,0.000110,-0.000255,-0.0000055,0.0000384,-0.0000539,1.0000000
1788232622748030976,OK,1,0,16.7212,0.26475,0,2979,0,-0.000823,-0.000209,-0.000436,-0.0000210,0.0000846,-0.0000660,1.0000000
1788232622781383424,OK,1,0,16.8615,0.26975,0,3021,0,-0.001088,-0.000260,-0.000607,-0.0000320,0.0001016,-0.0000369,1.0000000
1788232622814735872,OK,1,0,17.1137,0.281041,0,2976,0,-0.000608,0.000221,-0.000267,0.0000226,0.0000497,-0.0000692,1.0000000
1788232622848088320,OK,1,0,16.5406,0.285084,0,2927,0,0.000419,-0.000079,0.000277,-0.0000394,-0.0000225,-0.0000364,1.0000000
1788232622881441024,OK,1,0,16.202,0.274292,0,2925,0,-0.000093,0.000242,0.000234,0.0000019,0.0000022,-0.0000872,1.0000000
1788232622914793728,OK,1,0,17.0662,0.275041,0,2969,0,-0.000481,-0.000447,-0.000434,-0.0000405,0.0000518,-0.0000345,1.0000000
1788232622948146176,OK,1,0,15.8742,0.275958,0,2951,0,0.000098,-0.000842,-0.000031,-0.0001260,0.0000137,0.0000508,1.0000000
1788232622981499136,OK,1,0,16.0641,0.277208,0,2967,0,-0.000440,-0.000385,-0.000229,-0.0000770,0.0000438,0.0000406,1.0000000
1788232623014852096,OK,1,0,16.6337,0.27175,0,2925,0,-0.000327,-0.000107,0.000088,-0.0000376,0.0000222,-0.0000366,1.0000000
1788232623048204800,OK,1,0,16.2386,0.269375,0,2983,0,-0.000072,-0.000195,0.000074,-0.0000428,0.0000094,-0.0000339,1.0000000
1788232623081551360,OK,1,0,16.362,0.267,0,2966,0,-0.000331,0.000114,-0.000502,0.0000082,0.0000283,-0.0000358,1.0000000
1788232623114896640,OK,1,0,17.0108,0.277792,0,2976,0,-0.000514,0.000022,-0.000474,0.0000100,0.0000416,-0.0000420,1.0000000
1788232623148243456,OK,1,0,17.282,0.285875,0,2937,0,-0.000575,-0.000492,0.000064,-0.0000715,0.0000950,-0.0000252,1.0000000
1788232623181590016,OK,1,0,16.2067,0.271208,0,2941,0,-0.000385,0.000021,-0.000323,-0.0000134,0.0000570,-0.0000328,1.0000000
1788232623214936832,OK,1,0,16.9524,0.268833,0,2984,0,-0.000188,-0.000586,-0.000110,-0.0000822,0.0000222,0.0000276,1.0000000
1788232623248283392,OK,1,0,16.2677,0.272042,0,2929,0,-0.000816,-0.000797,-0.000320,-0.0000976,0.0000635,-0.0000003,1.0000000
1788232623281630208,OK,1,0,16.4721,0.273792,0,2957,0,-0.000133,0.000092,-0.000034,0.0000021,0.0000047,-0.0000447,1.0000000
1788232623314977024,OK,1,0,15.913,0.282291,0,2896,0,-0.000259,0.000393,-0.000056,0.0000061,0.0000433,-0.0000848,1.0000000
1788232623348323840,OK,1,0,16.3831,0.276,0,2933,0,-0.000754,-0.000702,-0.000402,-0.0000710,0.0000844,0.0000008,1.0000000
1788232623381670656,OK,1,0,16.933,0.274042,0,2930,0,-0.000433,0.000446,-0.000047,0.0000148,0.0000526,-0.0000764,1.0000000
1788232623415017472,OK,1,0,15.8122,0.27075,0,2955,0,-0.000558,-0.000205,-0.000455,-0.0000562,0.0000577,-0.0000297,1.0000000
1788232623448364800,OK,1,0,16.1116,0.271417,0,2938,0,-0.000396,-0.000404,-0.000455,-0.0000538,0.0000465,-0.0000447,1.0000000
1788232623481711616,OK,1,0,16.3932,0.273125,0,2933,0,-0.000482,-0.000302,-0.000348,-0.0000528,0.0000561,0.0000156,1.0000000
1788232623515058944,OK,1,0,15.9969,0.263084,0,2922,0,-0.000546,-0.000220,0.000049,-0.0000615,0.0000749,-0.0000168,1.0000000
1788232623548404736,OK,1,0,16.1911,0.274375,0,2950,0,-0.000943,-0.000183,-0.000623,-0.0000198,0.0000963,-0.0000594,1.0000000
1788232623581752064,OK,1,0,16.7679,0.271667,0,2926,0,-0.000109,-0.000099,-0.000359,-0.0000411,0.0000265,-0.0000037,1.0000000
1788232623615099392,OK,1,0,16.3848,0.292916,0,2934,0,-0.000129,0.000131,-0.000036,-0.0000180,0.0000247,-0.0000360,1.0000000
1788232623648446464,OK,1,0,15.6653,0.277667,0,2935,0,-0.000241,-0.000081,0.000013,-0.0000264,0.0000441,-0.0000334,1.0000000
1788232623681794048,OK,1,0,16.1735,0.272709,0,2960,0,-0.000004,0.000154,-0.000118,-0.0000155,0.0000039,-0.0000639,1.0000000
1788232623715141120,OK,1,0,15.6205,0.277458,0,2951,0,-0.000553,0.000281,-0.000471,-0.0000091,0.0000368,-0.0001021,1.0000000
1788232623748488448,OK,1,0,16.462,0.292375,0,2915,0,-0.000754,0.000140,-0.000531,0.0000027,0.0000772,-0.0000139,1.0000000
1788232623781836032,OK,1,0,16.2807,0.285292,0,2950,0,-0.000886,0.000147,-0.000388,-0.0000198,0.0000907,-0.0000655,1.0000000
1788232623815183616,OK,1,0,15.8871,0.285666,0,2941,0,-0.000848,-0.000457,-0.000388,-0.0000722,0.0000734,0.0000066,1.0000000
1788232623848530944,OK,1,0,16.8062,0.270833,0,2882,0,-0.000676,0.000128,-0.000213,-0.0000085,0.0000659,-0.0000419,1.0000000
1788232623881878784,OK,1,0,16.219,0.263333,0,2949,0,-0.000834,-0.000259,-0.000349,-0.0000327,0.0000850,-0.0000148,1.0000000
1788232623915226368,OK,1,0,16.7335,0.26725,0,2932,0,-0.000263,0.000191,-0.000369,0.0000096,0.0000346,-0.0000737,1.0000000
1788232623948573952,OK,1,0,16.3345,0.27625,0,2917,0,-0.000936,-0.000308,-0.000292,-0.0000342,0.0001245,-0.0000310,1.0000000
1788232623981920768,OK,1,0,15.9108,0.26675,0,2942,0,-0.000833,0.000381,-0.000514,0.0000334,0.0000918,-0.0000805,1.0000000
1788232624015268352,OK,1,0,17.037,0.266167,0,2964,0,-0.000656,-0.000264,-0.000379,-0.0000163,0.0000807,-0.0000562,1.0000000
1788232624048615936,OK,1,0,16.1842,0.279708,0,2908,0,-0.000668,-0.000364,-0.000537,-0.0000561,0.0000675,0.0000207,1.0000000
1788232624081957120,OK,1,0,16.4847,0.26475,0,2895,0,-0.000860,-0.000231,-0.000281,-0.0000292,0.0000845,0.0000044,1.0000000
1788232624115297792,OK,1,0,15.8144,0.2815,0,2919,0,-0.000028,0.000251,0.000214,0.0000026,-0.0000038,-0.0000439,1.0000000
1788232624148638720,OK,1,0,16.311,0.270167,0,2950,0,-0.000828,-0.000217,-0.000524,-0.0000327,0.0000733,-0.0000670,1.0000000
1788232624181979392,OK,1,0,15.9896,0.276916,0,2957,0,-0.000178,0.000253,-0.000347,0.0000194,-0.0000065,-0.0000805,1.0000000
1788232624215320320,OK,1,0,15.9371,0.273417,0,2926,0,-0.000657,-0.000367,-0.000664,-0.0000404,0.0000424,0.0000201,1.0000000
1788232624248661248,OK,1,0,17.1258,0.274917,0,2938,0,-0.000509,-0.000178,-0.000666,-0.0000388,0.0000505,0.0000004,1.0000000
1788232624282001920,OK,1,0,17.0812,0.277708,0,2949,0,-0.000060,-0.000740,-0.000219,-0.0000746,-0.0000039,0.0000179,1.0000000
1788232624315342848,OK,1,0,16.8185,0.276084,0,2922,0,-0.000627,-0.000114,-0.000449,-0.0000283,0.0000596,-0.0000700,1.0000000
1788232624348683520,OK,1,0,16.5365,0.27175,0,2951,0,-0.000838,-0.000191,-0.000333,-0.0000354,0.0000840,-0.0000269,1.0000000
1788232624382024448,OK,1,0,15.9037,0.282416,0,2961,0,-0.000522,-0.000765,-0.000129,-0.0000938,0.0000532,-0.0000048,1.0000000
1788232624415365120,OK,1,0,16.2931,0.268584,0,2912,0,-0.000078,0.000468,-0.000270,0.0000167,0.0000022,-0.0000487,1.0000000
1788232624448705024,OK,1,0,15.6103,0.279375,0,2913,0,-0.000638,-0.000436,-0.000940,-0.0000485,0.0000679,-0.0000237,1.0000000
1788232624482045952,OK,1,0,16.7778,0.269125,0,2959,0,-0.000459,-0.000443,-0.000318,-0.0000702,0.0000366,-0.0000086,1.0000000
1788232624515386624,OK,1,0,16.3931,0.263,0,2954,0,-0.000037,0.000085,-0.000382,0.0000031,0.0000141,-0.0000488,1.0000000
1788232624548727552,OK,1,0,16.421,0.285875,0,2896,0,-0.000700,0.000246,-0.000190,0.0000029,0.0001085,-0.0000144,1.0000000
1788232624582068480,OK,1,0,15.6188,0.279208,0,2675,0,-0.000802,-0.000349,-0.001029,0.0001449,0.0000467,-0.0000261,1.0000000
1788232624615409152,OK,1,0,15.0829,0.277083,0,2560,0,0.001089,-0.001157,0.001167,0.0006311,-0.0001955,0.0000609,0.9999998
1788232624648750080,OK,1,0,15.3777,0.286625,0,2611,0,0.000022,-0.000947,0.002137,0.0004261,0.0000469,0.0000617,0.9999999
1788232624682090752,OK,1,0,16.2262,0.26625,0,2760,0,-0.001191,-0.000420,0.004746,-0.0000211,0.0000836,0.0000653,1.0000000
1788232624715431424,OK,1,0,15.8792,0.267875,0,2680,0,-0.000419,0.001234,0.008818,0.0001010,0.0000058,0.0000106,1.0000000
1788232624748772096,OK,1,0,15.3887,0.270833,0,2668,0,-0.001315,0.000864,0.010623,0.0000546,0.0002045,-0.0000012,1.0000000
1788232624782113024,OK,1,0,15.1657,0.270541,0,2597,0,-0.001010,0.000641,0.012629,0.0000884,0.0002046,0.0000623,1.0000000
1788232624815453952,OK,1,0,15.0834,0.268125,0,2615,0,0.000218,0.000080,0.015513,0.0002087,-0.0001699,-0.0000091,1.0000000
1788232624848794624,OK,1,0,14.9706,0.27025,0,2550,0,-0.000773,0.000849,0.018167,0.0005291,-0.0000766,-0.0001638,0.9999999
1788232624882134272,OK,1,0,15.5263,0.264958,0,2589,0,-0.002046,0.000528,0.019442,0.0005513,0.0001229,-0.0001536,0.9999999
1788232624915475200,OK,1,0,15.5084,0.275125,0,2599,0,-0.001367,-0.000070,0.022167,0.0003278,-0.0000669,-0.0001389,0.9999999
1788232624948815872,OK,1,0,15.2221,0.2705,0,2618,0,-0.000873,0.001102,0.025628,0.0002444,-0.0002046,-0.0001940,0.9999999
1788232624982156544,OK,1,0,15.7438,0.259917,0,2559,0,-0.001701,0.001084,0.028942,-0.0000297,-0.0000466,-0.0002030,1.0000000
1788232625015497216,OK,1,0,15.64,0.277959,0,2543,0,-0.003348,0.001225,0.031133,-0.0001483,0.0001070,-0.0002111,1.0000000
1788232625048838144,OK,1,0,14.9382,0.29575,0,2501,0,-0.002520,0.001677,0.033548,-0.0001810,0.0000086,-0.0001358,1.0000000
1788232625082173952,OK,1,0,14.8667,0.279416,0,2528,0,-0.000105,0.000904,0.036923,-0.0003241,-0.0001197,0.0000439,0.9999999
1788232625115510272,OK,1,0,15.8181,0.270875,0,2512,0,-0.000965,0.002531,0.040073,-0.0001907,0.0000041,0.0000394,1.0000000
1788232625148846080,OK,1,0,15.3745,0.27175,0,2562,0,0.001015,0.002470,0.042755,-0.0002761,-0.0001662,0.0001562,0.9999999
1788232625182182400,OK,1,0,15.3573,0.341291,0,2479,0,-0.000988,0.002643,0.044849,-0.0003378,0.0000198,0.0001196,0.9999999
1788232625215518208,OK,1,0,14.9429,0.282917,0,2480,0,0.000963,0.002257,0.048531,-0.0005137,-0.0001098,0.0002376,0.9999999
1788232625248854272,OK,1,0,15.9452,0.27875,0,2500,0,-0.002004,0.002389,0.050187,-0.0005601,0.0001188,0.0001163,0.9999999
1788232625282189824,OK,1,0,15.1587,0.263583,0,2495,0,-0.000081,0.002006,0.054385,-0.0005177,-0.0001165,0.0000974,0.9999999
1788232625315524864,OK,1,0,15.3776,0.283417,0,2439,0,-0.000488,0.003658,0.056239,-0.0002364,-0.0000583,0.0000766,1.0000000
1788232625348860672,OK,1,0,15.8296,0.270125,0,2495,0,-0.000336,0.004512,0.059830,-0.0002459,-0.0000722,-0.0000395,1.0000000
1788232625382196480,OK,1,0,15.9075,0.268834,0,2465,0,-0.000547,0.003256,0.062311,-0.0004729,-0.0000971,0.0000328,0.9999999
1788232625415532288,OK,1,0,15.11,0.274459,0,2452,0,-0.001240,0.003419,0.066584,-0.0006747,-0.0000086,0.0000187,0.9999998
1788232625448867840,OK,1,0,14.823,0.27875,0,2397,0,-0.001725,0.004375,0.070573,-0.0009887,0.0000452,-0.0000073,0.9999995
1788232625482203648,OK,1,0,15.0422,0.280125,0,2420,0,-0.000175,0.004292,0.075627,-0.0013221,-0.0000541,0.0002472,0.9999991
1788232625515538944,OK,1,0,15.2566,0.265125,0,2385,0,-0.001509,0.004301,0.077064,-0.0013226,0.0000836,0.0003348,0.9999991
1788232625548874752,OK,1,0,14.5572,0.272708,0,2379,0,-0.001411,0.004159,0.080768,-0.0012685,0.0001251,0.0004329,0.9999991
1788232625582210304,OK,1,0,14.8618,0.27425,0,2351,0,-0.001095,0.004147,0.082652,-0.0011386,0.0000210,0.0003758,0.9999993
1788232625615545600,OK,1,0,15.4447,0.291458,0,2371,0,-0.003476,0.004934,0.084491,-0.0007526,0.0001900,0.0001330,0.9999997
1788232625648881152,OK,1,0,14.9533,0.2885,0,2398,0,-0.003549,0.005184,0.087969,-0.0005384,0.0002218,0.0000122,0.9999998
1788232625682216448,OK,1,0,15.1488,0.282208,0,2375,0,-0.002446,0.005393,0.091471,-0.0005432,0.0000913,-0.0000091,0.9999999
1788232625715552000,OK,1,0,15.3878,0.279959,0,2411,0,-0.001700,0.004581,0.094914,-0.0007511,-0.0000385,0.0000926,0.9999997
1788232625748887552,OK,1,0,16.1352,0.355458,0,2383,0,-0.002097,0.004834,0.098300,-0.0008583,-0.0000696,0.0000382,0.9999996
1788232625782221568,OK,1,0,15.2804,0.314959,0,2369,0,-0.002068,0.006102,0.101821,-0.0009156,-0.0000507,-0.0000533,0.9999996
1788232625815556864,OK,1,0,14.4848,0.28125,0,2329,0,-0.001652,0.006154,0.105435,-0.0010966,-0.0000593,-0.0001417,0.9999994
1788232625848892160,OK,1,0,15.2137,0.276375,0,2302,0,-0.001106,0.005430,0.108938,-0.0011935,-0.0001274,0.0000509,0.9999993
1788232625882227200,OK,1,0,14.721,0.268375,0,2337,0,-0.001659,0.004963,0.110899,-0.0012453,0.0000082,0.0001316,0.9999992
1788232625915562496,OK,1,0,15.5812,0.288834,0,2332,0,-0.000966,0.007068,0.115493,-0.0010242,0.0000293,0.0001186,0.9999995
1788232625948897792,OK,1,0,15.3609,0.271417,0,2309,0,-0.001232,0.006113,0.117654,-0.0010087,0.0000448,0.0002545,0.9999995
1788232625982232576,OK,1,0,14.6988,0.266167,0,2287,0,-0.001418,0.005695,0.120397,-0.0009640,0.0000456,0.0002941,0.9999995
1788232626015567872,OK,1,0,14.4115,0.264041,0,2308,0,-0.002032,0.006137,0.122983,-0.0009412,0.0001001,0.0002280,0.9999995
1788232626048902912,OK,1,0,14.7839,0.272208,0,2318,0,-0.000917,0.006811,0.126775,-0.0008166,-0.0000024,0.0002427,0.9999996
1788232626082246912,OK,1,0,15.0243,0.270208,0,2305,0,-0.002010,0.007319,0.129256,-0.0007823,0.0000259,-0.0000698,0.9999997
1788232626115590912,OK,1,0,14.948,0.26575,0,2285,0,-0.001920,0.006884,0.132510,-0.0008851,-0.0000095,0.0000233,0.9999996
1788232626148934912,OK,1,0,14.7173,0.268459,0,2266,0,-0.000792,0.006698,0.136193,-0.0010085,-0.0000942,0.0001949,0.9999995
1788232626182278912,OK,1,0,14.7402,0.278042,0,2287,0,-0.001125,0.007338,0.140392,-0.0010360,-0.0001445,0.0001708,0.9999995
1788232626215621888,OK,1,0,14.717,0.262625,0,2270,0,-0.001825,0.007768,0.143454,-0.0009456,-0.0001241,0.0002136,0.9999995
1788232626248965888,OK,1,0,14.9042,0.285625,0,2286,0,0.000509,0.008181,0.147559,-0.0008789,-0.0003041,0.0003136,0.9999995
1788232626282309888,OK,1,0,15.2246,0.289667,0,2252,0,-0.000305,0.008082,0.150457,-0.0007104,-0.0002387,0.0003429,0.9999997
1788232626315654144,OK,1,0,14.6988,0.270166,0,2263,0,0.000349,0.006822,0.152505,-0.0006000,-0.0002589,0.0004474,0.9999997
1788232626348998144,OK,1,0,13.9066,0.290083,0,2236,0,-0.000778,0.008918,0.155734,-0.0001719,-0.0002084,0.0003432,0.9999999
1788232626382342144,OK,1,0,14.4434,0.270292,0,2257,0,0.000046,0.007819,0.158091,-0.0000856,-0.0003768,0.0003779,0.9999999
1788232626415686400,OK,1,0,14.7172,0.282166,0,2242,0,-0.000233,0.008714,0.160586,0.0001838,-0.0003615,0.0003883,0.9999999
1788232626449030400,OK,1,0,14.4853,0.275125,0,2260,0,-0.000592,0.008192,0.163459,0.0001682,-0.0002972,0.0004637,0.9999999
1788232626482374400,OK,1,0,14.6699,0.266542,0,2201,0,-0.001975,0.007923,0.166661,0.0002199,-0.0001817,0.0004727,0.9999998
1788232626515718656,OK,1,0,14.4865,0.266,0,2188,0,-0.001408,0.008065,0.169098,0.0003054,-0.0002900,0.0005664,0.9999998
1788232626549062656,OK,1,0,14.3329,0.27175,0,2201,0,-0.000278,0.008621,0.173308,0.0004351,-0.0003293,0.0006668,0.9999996
1788232626582406912,OK,1,0,14.0458,0.259917,0,2165,0,-0.001118,0.008304,0.175090,0.0004461,-0.0001435,0.0008222,0.9999996
1788232626615751168,OK,1,0,14.2717,0.276292,0,2164,0,0.000887,0.008601,0.179066,0.0005623,-0.0002448,0.0009592,0.9999993
1788232626649094400,OK,1,0,14.2937,0.274292,0,2170,0,0.001162,0.009066,0.182484,0.0005845,-0.0002883,0.0011412,0.9999992
1788232626682438656,OK,1,0,14.0389,0.284333,0,2189,0,-0.000819,0.008885,0.183282,0.0006491,0.0000428,0.0012240,0.9999990
1788232626715782912,OK,1,0,14.4759,0.287375,0,2165,0,0.000832,0.009271,0.187358,0.0007487,-0.0000043,0.0012671,0.9999989
1788232626749127168,OK,1,0,14.1556,0.267459,0,2156,0,0.000086,0.009721,0.190545,0.0008816,0.0000488,0.0011251,0.9999990
1788232626782471424,OK,1,0,14.595,0.274667,0,2128,0,0.001226,0.010914,0.194028,0.0010846,-0.0000853,0.0010813,0.9999989
1788232626815815680,OK,1,0,14.103,0.276083,0,2141,0,0.000501,0.009650,0.196673,0.0010807,0.0000247,0.0011099,0.9999988
1788232626849160192,OK,1,0,14.0086,0.271333,0,2114,0,0.002365,0.009240,0.200570,0.0010818,-0.0001308,0.0012455,0.9999986
1788232626882504448,OK,1,0,14.7108,0.270292,0,2128,0,0.000442,0.008693,0.202780,0.0012004,-0.0000278,0.0012260,0.9999986
1788232626915848960,OK,1,0,13.7964,0.277417,0,2147,0,0.000425,0.009331,0.206193,0.0012431,0.0000267,0.0012612,0.9999985
1788232626949193216,OK,1,0,14.0041,0.272125,0,2112,0,0.001340,0.009725,0.210214,0.0011454,-0.0000470,0.0013015,0.9999985
1788232626982537472,OK,1,0,13.8663,0.270667,0,2098,0,0.000367,0.009825,0.213160,0.0010370,0.0000596,0.0013977,0.9999985
1788232627015881728,OK,1,0,14.3796,0.263875,0,2141,0,0.000755,0.009638,0.215972,0.0010000,0.0000324,0.0014930,0.9999984
1788232627049226240,OK,1,0,14.4031,0.273458,0,2148,0,0.001492,0.010707,0.219168,0.0011703,-0.0000607,0.0015172,0.9999982
1788232627082571008,OK,1,0,14.6063,0.289417,0,2148,0,-0.000162,0.010130,0.222429,0.0013417,0.0000787,0.0015058,0.9999980
1788232627115914752,OK,1,0,14.4919,0.272459,0,2102,0,0.002006,0.010208,0.226191,0.0015245,-0.0000919,0.0014101,0.9999979
1788232627149259520,OK,1,0,14.0921,0.286708,0,2040,0,0.000881,0.011278,0.229264,0.0017048,-0.0000708,0.0012953,0.9999977
1788232627182604544,OK,1,0,14.1412,0.292958,0,2108,0,0.000594,0.009903,0.233255,0.0015629,-0.0000678,0.0013431,0.9999979
1788232627215949312,OK,1,0,14.0153,0.26975,0,2095,0,0.000914,0.009921,0.236923,0.0014272,-0.0000911,0.0013126,0.9999982
1788232627249293824,OK,1,0,14.3872,0.274792,0,2106,0,0.000080,0.010951,0.240504,0.0012590,-0.0000618,0.0013814,0.9999983
1788232627282638592,OK,1,0,14.0507,0.315334,0,2095,0,0.000186,0.012097,0.245117,0.0014178,0.0000636,0.0014342,0.9999980
1788232627315983616,OK,1,0,13.9143,0.273583,0,2084,0,0.003395,0.012586,0.250497,0.0016018,-0.0001022,0.0016414,0.9999974
1788232627349328384,OK,1,0,14.1019,0.261292,0,2074,0,0.002499,0.011842,0.254157,0.0015402,0.0000648,0.0017258,0.9999973
1788232627382673152,OK,1,0,13.8103,0.259417,0,2090,0,0.001823,0.011226,0.257819,0.0015749,0.0001304,0.0017785,0.9999972
1788232627416017920,OK,1,0,14.1788,0.268834,0,2093,0,0.000928,0.012524,0.261528,0.0018503,0.0002145,0.0014859,0.9999972
1788232627449362688,OK,1,0,14.1305,0.283333,0,2083,0,0.002653,0.011944,0.267258,0.0016046,0.0000405,0.0014864,0.9999976
1788232627482707456,OK,1,0,13.3545,0.268709,0,2020,0,-0.000828,0.012736,0.271636,0.0014528,0.0001777,0.0011379,0.9999983
1788232627516052224,OK,1,0,14.0075,0.342041,0,2035,0,0.001171,0.012972,0.277743,0.0012470,-0.0000199,0.0010637,0.9999987
1788232627549396224,OK,1,0,13.816,0.263333,0,2016,0,-0.000127,0.013187,0.281203,0.0010755,0.0001020,0.0010186,0.9999989
1788232627582740992,OK,1,0,14.2544,0.278083,0,2048,0,0.002169,0.013770,0.287984,0.0008696,-0.0000672,0.0012127,0.9999989
1788232627616085760,OK,1,0,13.668,0.273167,0,2060,0,0.002259,0.015548,0.292494,0.0011939,-0.0000907,0.0012411,0.9999985
1788232627649430784,OK,1,0,14.0588,0.268666,0,2002,0,0.001272,0.014493,0.295906,0.0013669,-0.0000465,0.0012284,0.9999983
1788232627682775296,OK,1,0,13.9569,0.260292,0,2011,0,0.000069,0.014737,0.300407,0.0013378,0.0000212,0.0011785,0.9999985
1788232627716120064,OK,1,0,13.7559,0.259542,0,2038,0,0.000405,0.014555,0.304660,0.0011069,-0.0000872,0.0010225,0.9999989
1788232627749465088,OK,1,0,13.7223,0.271667,0,2011,0,-0.001468,0.016136,0.309901,0.0011604,-0.0001100,0.0006306,0.9999992
1788232627782809856,OK,1,0,13.361,0.266375,0,1989,0,-0.001140,0.016193,0.315898,0.0009424,-0.0000911,0.0007337,0.9999993
1788232627816154880,OK,1,0,13.2462,0.278083,0,1993,0,-0.000871,0.016390,0.320758,0.0007847,0.0001205,0.0009933,0.9999992
1788232627849499392,OK,1,0,13.5915,0.267667,0,2013,0,0.000178,0.017046,0.326360,0.0007832,0.0001622,0.0012802,0.9999989
1788232627882844416,OK,1,0,14.0285,0.265625,0,1962,0,0.000781,0.016669,0.329977,0.0008157,0.0001703,0.0014952,0.9999986
1788232627916189184,OK,1,0,13.7561,0.2645,0,1983,0,-0.000277,0.015066,0.333639,0.0007034,0.0001685,0.0014348,0.9999987
1788232627949533952,OK,1,0,13.7242,0.267334,0,1973,0,-0.000539,0.016665,0.338136,0.0007600,0.0001702,0.0011083,0.9999991
1788232627982877952,OK,1,0,13.5338,0.261708,0,1960,0,-0.000383,0.018169,0.344735,0.0008298,0.0000666,0.0006736,0.9999995
1788232628016222720,OK,1,0,13.6454,0.265833,0,1956,0,-0.000656,0.018008,0.351721,0.0004557,-0.0000926,0.0007535,0.9999996
1788232628049567744,OK,1,0,13.2943,0.360125,0,1943,0,-0.000342,0.019165,0.357385,0.0001456,-0.0000131,0.0006529,0.9999998
1788232628082902016,OK,1,0,13.2624,0.260958,0,1939,0,0.001600,0.017716,0.362684,-0.0002025,-0.0000228,0.0011677,0.9999993
1788232628116236800,OK,1,0,13.0348,0.267666,0,1944,0,0.000633,0.018222,0.367162,-0.0003353,0.0002192,0.0013612,0.9999990
1788232628149571328,OK,1,0,13.3052,0.258917,0,1919,0,-0.000014,0.019100,0.371632,-0.0003004,0.0003115,0.0013739,0.9999990
1788232628182905856,OK,1,0,13.5489,0.252792,0,1965,0,-0.000700,0.020210,0.375676,-0.0001276,0.0002458,0.0009996,0.9999995
1788232628216240128,OK,1,0,13.3515,0.274125,0,1923,0,-0.002011,0.019471,0.380956,-0.0001144,0.0001611,0.0006177,0.9999998
1788232628249574400,OK,1,0,13.5575,0.266209,0,1918,0,-0.001271,0.019602,0.386234,-0.0001359,0.0001076,0.0006056,0.9999998
1788232628282908928,OK,1,0,13.2325,0.267583,0,1892,0,-0.002301,0.020338,0.390990,-0.0001285,0.0003224,0.0007091,0.9999997
1788232628316243200,OK,1,0,13.2545,0.263459,0,1859,0,-0.001093,0.020156,0.394883,-0.0003761,0.0004454,0.0011312,0.9999992
1788232628349577472,OK,1,0,13.2384,0.27525,0,1854,0,0.001453,0.021062,0.400798,-0.0004162,0.0003341,0.0013780,0.9999989
1788232628382911488,OK,1,0,13.2211,0.267041,0,1875,0,-0.001006,0.022636,0.405002,-0.0002843,0.0005492,0.0014663,0.9999987
1788232628416245504,OK,1,0,13.3323,0.274875,0,1835,0,-0.000623,0.023064,0.410574,-0.0002713,0.0004584,0.0012539,0.9999990
1788232628449578496,OK,1,0,13.1714,0.268458,0,1855,0,-0.001523,0.021094,0.415366,-0.0004115,0.0004660,0.0009635,0.9999993
1788232628482912512,OK,1,0,12.6421,0.272916,0,1810,0,-0.001145,0.020804,0.420337,-0.0005901,0.0004524,0.0007957,0.9999995
1788232628516246528,OK,1,0,12.945,0.265292,0,1824,0,-0.000775,0.021769,0.426190,-0.0006400,0.0003484,0.0009367,0.9999993
1788232628549580544,OK,1,0,13.2123,0.274542,0,1815,0,-0.001098,0.022168,0.431737,-0.0006700,0.0004997,0.0010308,0.9999992
1788232628582914304,OK,1,0,13.1983,0.281458,0,1781,0,-0.002457,0.023909,0.435659,-0.0005363,0.0006985,0.0011473,0.9999990
1788232628616248064,OK,1,0,13.4767,0.284708,0,1809,0,-0.002555,0.025118,0.442429,-0.0004660,0.0007234,0.0011886,0.9999989
1788232628649581824,OK,1,0,13.6314,0.293959,0,1785,0,-0.000154,0.024486,0.446273,-0.0005297,0.0004862,0.0010935,0.9999992
1788232628682915584,OK,1,0,12.6386,0.349291,0,1792,0,0.001242,0.025470,0.452664,-0.0004019,0.0002437,0.0007292,0.9999996
1788232628716249088,OK,1,0,12.8978,0.278833,0,1772,0,-0.003980,0.024880,0.457363,-0.0004067,0.0005008,0.0003239,0.9999998
1788232628749582592,OK,1,0,12.8995,0.33975,0,1782,0,-0.003217,0.023815,0.461568,-0.0003528,0.0004836,0.0002255,0.9999998
1788232628782916096,OK,1,0,12.8453,0.264583,0,1782,0,-0.000313,0.023039,0.466694,-0.0002650,0.0005215,0.0006932,0.9999996
1788232628816249600,OK,1,0,12.6311,0.282666,0,1757,0,-0.001615,0.023654,0.471967,-0.0000341,0.0007389,0.0009377,0.9999993
1788232628849583104,OK,1,0,12.5404,0.274167,0,1724,0,0.001648,0.023206,0.476394,0.0003546,0.0005353,0.0011092,0.9999992
1788232628882915328,OK,1,0,12.5806,0.261458,0,1717,0,-0.000727,0.024677,0.480122,0.0006857,0.0008020,0.0007192,0.9999992
1788232628916248576,OK,1,0,12.7502,0.291875,0,1727,0,-0.001604,0.022876,0.485839,0.0004711,0.0007356,0.0004994,0.9999995
1788232628949581824,OK,1,0,12.7443,0.276416,0,1701,0,-0.003305,0.023104,0.490031,0.0003655,0.0006867,0.0001442,0.9999997
1788232628982915072,OK,1,0,12.318,0.293792,0,1722,0,-0.004422,0.024187,0.497411,0.0003929,0.0007971,-0.0000111,0.9999996
1788232629016248320,OK,1,0,12.9022,0.265667,0,1716,0,-0.001016,0.026362,0.503108,0.0003115,0.0007425,0.0002653,0.9999996
1788232629049581312,OK,1,0,12.7545,0.272084,0,1687,0,-0.002162,0.026999,0.509952,0.0003575,0.0008163,0.0004861,0.9999995
1788232629082916096,OK,1,0,12.5474,0.279167,0,1664,0,-0.003626,0.025085,0.513327,0.0005436,0.0009404,0.0005286,0.9999993
1788232629116250368,OK,1,0,12.4975,0.259167,0,1684,0,-0.002402,0.026831,0.519541,0.0009086,0.0008782,0.0003256,0.9999992
1788232629149584896,OK,1,0,12.9663,0.27725,0,1710,0,-0.004549,0.028505,0.524020,0.0008692,0.0009692,-0.0000041,0.9999992
1788232629182919424,OK,1,0,12.6723,0.273209,0,1666,0,-0.003899,0.028753,0.530429,0.0007904,0.0007507,-0.0002146,0.9999994
1788232629216253952,OK,1,0,12.79,0.342375,0,1672,0,-0.004136,0.024902,0.535586,0.0004234,0.0008733,-0.0003923,0.9999995
1788232629249588224,OK,1,0,12.4155,0.273,0,1677,0,-0.004413,0.026022,0.540167,0.0004924,0.0011127,-0.0001909,0.9999992
1788232629282922240,OK,1,0,12.7624,0.271541,0,1671,0,-0.002595,0.025921,0.548155,0.0003743,0.0010074,0.0000482,0.9999995
1788232629316255488,OK,1,0,12.59,0.276125,0,1670,0,-0.002252,0.027262,0.554978,0.0004645,0.0008334,0.0000799,0.9999995
1788232629349589760,OK,1,0,12.9852,0.332041,0,1644,0,-0.003888,0.027139,0.559559,0.0003449,0.0009221,0.0001314,0.9999995
1788232629382923776,OK,1,0,12.8108,0.265333,0,1634,0,-0.003738,0.027915,0.565304,0.0002216,0.0009421,-0.0001096,0.9999995
1788232629416258048,OK,1,0,12.6037,0.339792,0,1623,0,-0.004993,0.027098,0.570792,-0.0001768,0.0010009,-0.0001541,0.9999995
1788232629449592064,OK,1,0,12.2074,0.255709,0,1601,0,-0.003509,0.030046,0.581541,-0.0000982,0.0008650,-0.0000854,0.9999996
1788232629482926080,OK,1,0,12.2925,0.348417,0,1627,0,-0.004473,0.029948,0.586498,-0.0000704,0.0010105,0.0001088,0.9999995
1788232629516259840,OK,1,0,12.5165,0.260417,0,1631,0,-0.005660,0.030468,0.590804,-0.0000594,0.0012019,-0.0000816,0.9999993
1788232629549593856,OK,1,0,12.3785,0.294,0,1620,0,-0.003667,0.030205,0.596318,-0.0001567,0.0009082,-0.0002270,0.9999996
1788232629582927616,OK,1,0,12.544,0.264125,0,1625,0,-0.004648,0.032004,0.599632,-0.0000137,0.0009100,-0.0004027,0.9999995
1788232629616261120,OK,1,0,12.3702,0.332791,0,1611,0,-0.005005,0.032451,0.608733,0.0000302,0.0010161,-0.0003414,0.9999995
1788232629649594880,OK,1,0,12.1912,0.268042,0,1584,0,-0.006628,0.030470,0.612379,-0.0000121,0.0012515,-0.0003352,0.9999992
1788232629682928384,OK,1,0,11.8128,0.2685,0,1556,0,-0.008956,0.031477,0.618075,0.0001118,0.0013521,-0.0003584,0.9999990
1788232629716261888,OK,1,0,11.8353,0.27675,0,1561,0,-0.005291,0.031995,0.627346,0.0001183,0.0010387,-0.0004199,0.9999994
1788232629749595392,OK,1,0,12.3928,0.257541,0,1588,0,-0.006490,0.030879,0.631827,0.0000386,0.0011996,-0.0004549,0.9999992
1788232629782927872,OK,1,0,12.2257,0.336417,0,1579,0,-0.007222,0.032759,0.637801,0.0001570,0.0011501,-0.0004512,0.9999992
1788232629816261376,OK,1,0,12.1791,0.335542,0,1546,0,-0.003957,0.033683,0.641425,0.0000115,0.0009450,-0.0000647,0.9999996
1788232629849594624,OK,1,0,12.0699,0.269375,0,1527,0,-0.001677,0.036015,0.650241,0.0001363,0.0007882,0.0001137,0.9999997
1788232629882927872,OK,1,0,12.0668,0.258583,0,1523,0,-0.004828,0.036005,0.654733,0.0002769,0.0011054,0.0001940,0.9999993
1788232629916261120,OK,1,0,11.8425,0.266959,0,1551,0,-0.003674,0.035367,0.660464,0.0003174,0.0010236,0.0004203,0.9999993
1788232629949594368,OK,1,0,11.844,0.287667,0,1543,0,-0.005964,0.033989,0.665607,0.0002185,0.0010833,0.0004141,0.9999993
1788232629982927616,OK,1,0,11.7244,0.259833,0,1557,0,-0.006493,0.035765,0.672923,0.0004219,0.0010253,0.0003066,0.9999993
1788232630016260864,OK,1,0,11.8739,0.272792,0,1495,0,-0.007213,0.034709,0.677158,0.0003644,0.0011563,0.0001613,0.9999993
1788232630049593856,OK,1,0,11.8562,0.278458,0,1517,0,-0.006511,0.035100,0.684318,0.0003770,0.0012493,0.0002769,0.9999991
1788232630082928640,OK,1,0,12.2317,0.272917,0,1492,0,-0.003300,0.035647,0.690957,0.0002376,0.0009917,0.0006131,0.9999993
1788232630116263680,OK,1,0,12.1682,0.26825,0,1505,0,-0.005595,0.038060,0.695631,0.0004565,0.0011992,0.0004444,0.9999991
1788232630149598464,OK,1,0,11.609,0.345916,0,1487,0,-0.005482,0.034202,0.699294,-0.0000130,0.0011897,0.0005557,0.9999992
1788232630182932992,OK,1,0,11.8695,0.262417,0,1486,0,-0.005676,0.035919,0.706434,-0.0000112,0.0012387,0.0004541,0.9999992
1788232630216266752,OK,1,0,11.8973,0.257208,0,1484,0,-0.003916,0.032576,0.711407,-0.0004213,0.0012150,0.0006282,0.9999990
1788232630249601536,OK,1,0,11.6629,0.260708,0,1465,0,-0.009742,0.035448,0.717332,-0.0003056,0.0017084,0.0005958,0.9999983
1788232630282936064,OK,1,0,11.5488,0.268417,0,1478,0,-0.005701,0.037726,0.725903,-0.0002754,0.0013742,0.0008318,0.9999987
1788232630316270848,OK,1,0,11.7293,0.35925,0,1461,0,-0.003990,0.039420,0.731534,-0.0001216,0.0013026,0.0010387,0.9999986
1788232630349605120,OK,1,0,11.8005,0.335,0,1459,0,-0.003193,0.041017,0.738810,0.0001754,0.0012891,0.0009883,0.9999987
1788232630382939648,OK,1,0,11.6388,0.269167,0,1471,0,-0.004227,0.040029,0.741346,0.0001179,0.0012669,0.0006935,0.9999990
1788232630416273920,OK,1,0,11.8576,0.285542,0,1470,0,-0.006096,0.041147,0.748358,0.0001739,0.0013083,0.0007887,0.9999988
1788232630449608448,OK,1,0,12.1612,0.286916,0,1461,0,-0.007717,0.041962,0.756728,0.0002513,0.0015730,0.0007070,0.9999985
1788232630482942720,OK,1,0,11.8889,0.28025,0,1914,0,-0.008952,0.039275,0.762037,-0.0000485,0.0018736,0.0008585,0.9999979
1788232630516276736,OK,1,0,13.3787,0.271667,0,1943,0,-0.009951,0.042021,0.766222,0.0002065,0.0019383,0.0008589,0.9999977
1788232630549611008,OK,1,0,13.36,0.277541,0,1752,0,-0.011349,0.042276,0.771876,0.0002654,0.0020779,0.0006450,0.9999976
1788232630582945280,OK,1,0,12.7645,0.348833,0,1944,0,0.008684,0.040841,0.777430,-0.0000041,0.0001391,0.0011967,0.9999993
1788232630616279296,OK,1,0,12.2623,0.273833,0,1865,0,0.008874,0.042442,0.783876,0.0000529,0.0001486,0.0010467,0.9999995
1788232630649612288,OK,1,0,12.8087,0.36425,0,1835,0,0.009005,0.042925,0.789780,-0.0000159,0.0001740,0.0010237,0.9999995
1788232630682946304,OK,1,0,12.0823,0.270417,0,1810,0,0.007878,0.042697,0.795404,-0.0001243,0.0003100,0.0010254,0.9999994
1788232630716280320,OK,1,0,12.787,0.308125,0,1796,0,0.009115,0.042047,0.801653,-0.0001959,0.0002428,0.0010465,0.9999994
1788232630749614080,OK,1,0,12.2914,0.277709,0,1777,0,0.008886,0.043382,0.807017,0.0000619,0.0003224,0.0008302,0.9999996
1788232630782948096,OK,1,0,12.328,0.308916,0,1780,0,0.008299,0.042565,0.811464,0.0000418,0.0002243,0.0005997,0.9999998
1788232630816281856,OK,1,0,12.3774,0.265083,0,1742,0,0.006880,0.042368,0.817773,-0.0001477,0.0002293,0.0003432,0.9999999
1788232630849615360,OK,1,0,11.5996,0.281459,0,1758,0,0.007582,0.044329,0.823867,-0.0000331,0.0001871,0.0001682,1.0000000
1788232630882948864,OK,1,0,12.232,0.260334,0,1731,0,0.006099,0.044588,0.830418,-0.0000400,0.0004815,0.0000964,0.9999999
1788232630916282624,OK,1,0,12.0897,0.346042,0,1711,0,0.006978,0.044734,0.837212,-0.0001698,0.0003980,0.0002541,0.9999999
1788232630949616128,OK,1,0,11.7929,0.275041,0,1668,0,0.007108,0.045053,0.843181,-0.0004490,0.0002723,0.0004055,0.9999998
1788232630982949632,OK,1,0,11.918,0.2685,0,1653,0,0.006441,0.045977,0.850110,-0.0007402,0.0002349,0.0000666,0.9999997
1788232631016283136,OK,1,0,11.8948,0.341833,0,1897,0,0.007099,0.045908,0.857510,-0.0012477,0.0002606,0.0001186,0.9999992
1788232631049616384,OK,1,0,12.5466,0.310833,0,1962,0,0.006835,0.048101,0.864274,-0.0013669,0.0003345,0.0000328,0.9999990
1788232631082955008,OK,1,0,13.1562,0.266375,0,1990,0,0.000209,0.046587,0.871836,-0.0015269,0.0009468,-0.0000766,0.9999984
1788232631116292608,OK,1,0,13.0054,0.340042,0,1942,0,-0.000416,0.047363,0.878113,-0.0013950,0.0010835,-0.0000013,0.9999985
1788232631149630976,OK,1,0,12.583,0.286291,0,1925,0,-0.001809,0.047224,0.882503,-0.0014320,0.0011102,-0.0003191,0.9999983
1788232631182969344,OK,1,0,12.3475,0.253458,0,1909,0,-0.002184,0.047142,0.889100,-0.0015776,0.0008697,-0.0005084,0.9999983
1788232631216307712,OK,1,0,12.3768,0.275666,0,1885,0,-0.004213,0.047823,0.895417,-0.0015589,0.0010689,-0.0008944,0.9999979
1788232631249646080,OK,1,0,12.3281,0.35325,0,1914,0,-0.002736,0.049667,0.902315,-0.0016111,0.0010223,-0.0009549,0.9999977
1788232631282984448,OK,1,0,13.2125,0.337541,0,1878,0,-0.002653,0.049322,0.909075,-0.0017720,0.0009406,-0.0009164,0.9999976
1788232631316322816,OK,1,0,12.2876,0.349708,0,1866,0,-0.001931,0.050780,0.916747,-0.0019997,0.0008451,-0.0009512,0.9999972
1788232631349661184,OK,1,0,13.0828,0.290625,0,1844,0,-0.002583,0.050774,0.923766,-0.0025119,0.0008718,-0.0010256,0.9999959
1788232631382999552,OK,1,0,12.4837,0.346667,0,1823,0,-0.003271,0.050712,0.930813,-0.0027412,0.0008555,-0.0009473,0.9999955
1788232631416337920,OK,1,0,11.812,0.259667,0,1794,0,-0.002242,0.051724,0.937391,-0.0026103,0.0007939,-0.0009518,0.9999958
1788232631449676032,OK,1,0,12.4537,0.27525,0,1794,0,-0.002560,0.052099,0.942890,-0.0024961,0.0009309,-0.0008577,0.9999961
1788232631483014400,OK,1,0,12.6485,0.278584,0,1793,0,-0.001612,0.051300,0.948255,-0.0022999,0.0008807,-0.0006384,0.9999968
1788232631516352768,OK,1,0,11.9835,0.280584,0,1785,0,-0.002237,0.051669,0.953956,-0.0020644,0.0008517,-0.0007953,0.9999972
1788232631549690112,OK,1,0,13.1403,0.331709,0,1768,0,-0.003477,0.050875,0.959765,-0.0020420,0.0007668,-0.0008548,0.9999973
1788232631583028480,OK,1,0,11.8458,0.257125,0,1744,0,-0.003443,0.051829,0.966512,-0.0019502,0.0006924,-0.0011194,0.9999973
1788232631616366592,OK,1,0,11.9474,0.336708,0,1734,0,-0.002311,0.052283,0.972392,-0.0019012,0.0006818,-0.0011082,0.9999974
1788232631649704960,OK,1,0,12.2408,0.275125,0,1705,0,-0.003119,0.053273,0.979399,-0.0019006,0.0009533,-0.0008907,0.9999974
1788232631683043584,OK,1,0,11.6527,0.261875,0,1687,0,-0.004629,0.052692,0.985102,-0.0021029,0.0010860,-0.0007641,0.9999969
1788232631716381952,OK,1,0,11.4764,0.338666,0,1689,0,-0.002710,0.053745,0.992442,-0.0021721,0.0008401,-0.0007446,0.9999970
1788232631749720064,OK,1,0,11.6498,0.344416,0,1664,0,-0.003150,0.053936,0.998856,-0.0021531,0.0007075,-0.0009107,0.9999970
1788232631783058432,OK,1,0,12.5652,0.307125,0,1693,0,-0.004188,0.054175,1.005389,-0.0020540,0.0008163,-0.0009860,0.9999971
1788232631816396544,OK,1,0,11.8102,0.283792,0,1658,0,-0.003120,0.055044,1.013242,-0.0020647,0.0008494,-0.0009134,0.9999971
1788232631849734912,OK,1,0,11.6843,0.367,0,1932,0,-0.001389,0.054583,1.020401,-0.0020983,0.0006352,-0.0008443,0.9999973
1788232631883073280,OK,1,0,12.5318,0.301042,0,1952,0,-0.002285,0.055343,1.026232,-0.0020677,0.0006428,-0.0009343,0.9999973
1788232631916411392,OK,1,0,13.2539,0.286375,0,1976,0,0.000027,0.057176,1.032424,-0.0021885,0.0003520,-0.0009575,0.9999971
1788232631949749760,OK,1,0,13.0433,0.261792,0,1918,0,-0.002268,0.056465,1.039496,-0.0024907,0.0005019,-0.0012632,0.9999960
1788232631983086848,OK,1,0,12.6456,0.262958,0,1882,0,-0.002129,0.058311,1.045947,-0.0024356,0.0006236,-0.0012345,0.9999961
1788232632016425216,OK,1,0,12.3636,0.268542,0,1899,0,-0.000297,0.058976,1.053217,-0.0026114,0.0006361,-0.0010331,0.9999959
1788232632049763328,OK,1,0,12.6775,0.26675,0,1873,0,-0.000290,0.058334,1.060852,-0.0029331,0.0005400,-0.0007468,0.9999953
1788232632083100672,OK,1,0,12.432,0.289,0,1855,0,0.000195,0.058486,1.068342,-0.0032105,0.0003331,-0.0007238,0.9999945
1788232632116437760,OK,1,0,12.6964,0.262041,0,1823,0,-0.001053,0.059571,1.074220,-0.0032790,0.0005377,-0.0008074,0.9999942
1788232632149774848,OK,1,0,12.9138,0.295583,0,1773,0,-0.000944,0.061110,1.082421,-0.0034049,0.0006449,-0.0008389,0.9999937
1788232632183111936,OK,1,0,12.5326,0.302625,0,1757,0,-0.000831,0.060682,1.087659,-0.0033616,0.0006784,-0.0007653,0.9999939
1788232632216449024,OK,1,0,12.6585,0.274375,0,1724,0,0.000908,0.061123,1.096135,-0.0033039,0.0004940,-0.0006619,0.9999942
1788232632249785856,OK,1,0,12.176,0.268833,0,1696,0,0.001186,0.062932,1.103255,-0.0031461,0.0003870,-0.0009430,0.9999945
1788232632283122944,OK,1,0,11.9082,0.267833,0,1684,0,0.000295,0.061342,1.109183,-0.0034233,0.0003189,-0.0011300,0.9999934
1788232632316460032,OK,1,0,12.0085,0.344166,0,1662,0,-0.001439,0.063414,1.115217,-0.0032080,0.0004544,-0.0013121,0.9999939
1788232632349796864,OK,1,0,11.7923,0.349958,0,1688,0,-0.000005,0.061884,1.122747,-0.0035546,0.0004886,-0.0010737,0.9999930
1788232632383133696,OK,1,0,11.8653,0.312542,0,1666,0,0.002096,0.062918,1.131361,-0.0036105,0.0003194,-0.0007951,0.9999931
1788232632416470784,OK,1,0,12.1718,0.32475,0,1677,0,0.002421,0.064369,1.137031,-0.0036387,0.0002086,-0.0008608,0.9999930
1788232632449806592,OK,1,0,12.1751,0.278,0,1667,0,-0.000390,0.063206,1.143114,-0.0039984,0.0004553,-0.0008949,0.9999915
1788232632483143680,OK,1,0,12.3132,0.254875,0,1654,0,-0.000039,0.064089,1.148933,-0.0038984,0.0004337,-0.0008866,0.9999920
1788232632516480256,OK,1,0,11.5873,0.268833,0,1669,0,-0.001946,0.064921,1.155239,-0.0035979,0.0005301,-0.0008650,0.9999930
1788232632549817088,OK,1,0,12.1579,0.289,0,1639,0,-0.000736,0.064364,1.162894,-0.0032879,0.0003271,-0.0006001,0.9999944
1788232632583153920,OK,1,0,12.1167,0.270292,0,1613,0,0.000078,0.064129,1.168026,-0.0030776,0.0002498,-0.0006446,0.9999951
1788232632616490496,OK,1,0,12.3584,0.2755,0,1827,0,0.000872,0.065695,1.175205,-0.0027827,0.0001303,-0.0006050,0.9999959
1788232632649827072,OK,1,0,12.8505,0.338333,0,1853,0,-0.000081,0.066007,1.180648,-0.0026452,0.0002223,-0.0005737,0.9999963
1788232632683163904,OK,1,0,12.978,0.279292,0,1916,0,-0.002472,0.065889,1.183294,-0.0026483,0.0005415,-0.0002969,0.9999963
1788232632716500480,OK,1,0,12.7677,0.274,0,1878,0,-0.001426,0.065696,1.190323,-0.0027657,0.0006710,0.0000091,0.9999959
1788232632749837056,OK,1,0,12.8351,0.320834,0,1874,0,-0.002288,0.067113,1.198141,-0.0027313,0.0008461,0.0000498,0.9999959
1788232632783173888,OK,1,0,12.5444,0.252,0,1851,0,-0.000342,0.067788,1.204825,-0.0027982,0.0005624,0.0000425,0.9999959
1788232632816510464,OK,1,0,12.51,0.27825,0,1795,0,-0.003603,0.067975,1.210981,-0.0027801,0.0008154,-0.0000877,0.9999958
1788232632849847040,OK,1,0,12.1586,0.27,0,1760,0,-0.002556,0.068678,1.217646,-0.0026973,0.0008116,-0.0001362,0.9999961
1788232632883182336,OK,1,0,12.4196,0.267166,0,1776,0,0.000446,0.067134,1.224601,-0.0027819,0.0006456,0.0001955,0.9999959
1788232632916519168,OK,1,0,12.1175,0.339,0,1758,0,-0.000709,0.068656,1.230975,-0.0024346,0.0006121,0.0000464,0.9999969
1788232632949855488,OK,1,0,12.23,0.267958,0,1725,0,-0.001187,0.068864,1.237104,-0.0024212,0.0005814,-0.0000651,0.9999969
1788232632983191808,OK,1,0,12.1567,0.263417,0,1677,0,-0.001573,0.068509,1.244072,-0.0026025,0.0005635,-0.0002107,0.9999965
1788232633016528384,OK,1,0,11.8456,0.340917,0,1667,0,-0.002840,0.069410,1.250485,-0.0025541,0.0006929,-0.0002541,0.9999965
1788232633049864704,OK,1,0,12.7444,0.316917,0,1662,0,-0.001105,0.070017,1.257808,-0.0025452,0.0007379,-0.0000615,0.9999965
1788232633083206656,OK,1,0,12.7242,0.347083,0,1675,0,-0.000870,0.068321,1.264356,-0.0026709,0.0008195,0.0001219,0.9999961
1788232633116548096,OK,1,0,12.5476,0.3245,0,1648,0,-0.003285,0.070733,1.271129,-0.0025250,0.0008881,0.0000296,0.9999964
1788232633149889792,OK,1,0,11.7536,0.307875,0,1623,0,-0.002192,0.069735,1.277966,-0.0027321,0.0006720,-0.0001463,0.9999960
1788232633183231744,OK,1,0,12.0794,0.281958,0,1608,0,-0.003547,0.070079,1.284695,-0.0028338,0.0007686,-0.0004699,0.9999956
1788232633216573184,OK,1,0,11.8334,0.332833,0,1589,0,-0.004008,0.070715,1.290839,-0.0029767,0.0008980,-0.0004670,0.9999951
1788232633249915136,OK,1,0,11.5598,0.311083,0,1567,0,-0.002541,0.071341,1.297069,-0.0028479,0.0007504,-0.0003863,0.9999956
1788232633283256576,OK,1,0,11.1716,0.262541,0,1580,0,-0.002844,0.071917,1.303386,-0.0026955,0.0007098,-0.0004324,0.9999961
1788232633316597504,OK,1,0,11.6633,0.34275,0,1558,0,-0.003487,0.072692,1.310288,-0.0026803,0.0006181,-0.0005311,0.9999961
1788232633349938944,OK,1,0,11.4354,0.338417,0,1557,0,-0.003289,0.071554,1.317134,-0.0026763,0.0005798,-0.0005236,0.9999961
1788232633383280640,OK,1,0,11.4443,0.263334,0,1565,0,-0.005208,0.070665,1.323556,-0.0025864,0.0009684,-0.0005105,0.9999961
1788232633416622336,OK,1,0,11.3535,0.314209,0,1562,0,-0.003250,0.071765,1.330443,-0.0023317,0.0009082,-0.0005727,0.9999967
1788232633449964032,OK,1,0,11.6543,0.350291,0,1767,0,-0.002978,0.071257,1.336938,-0.0023911,0.0007863,-0.0003845,0.9999968
1788232633483305728,OK,1,0,12.3454,0.290708,0,1778,0,-0.004581,0.072820,1.341894,-0.0022660,0.0008747,-0.0005832,0.9999969
1788232633516647424,OK,1,0,12.4085,0.344459,0,1800,0,-0.004477,0.073675,1.353784,-0.0025151,0.0009718,-0.0004699,0.9999962
1788232633549989120,OK,1,0,12.4657,0.333667,0,1768,0,-0.003632,0.074904,1.361950,-0.0027131,0.0008817,-0.0004731,0.9999958
1788232633583330816,OK,1,0,11.7077,0.272791,0,1734,0,-0.003634,0.074421,1.368016,-0.0029397,0.0009441,-0.0003124,0.9999952
1788232633616672256,OK,1,0,11.7472,0.272875,0,1733,0,-0.004672,0.075413,1.374946,-0.0027962,0.0010630,-0.0002761,0.9999955
1788232633650013952,OK,1,0,11.7975,0.283042,0,1727,0,-0.004803,0.077334,1.381438,-0.0024695,0.0009763,-0.0006610,0.9999962
1788232633683355648,OK,1,0,12.4415,0.275958,0,1706,0,-0.004605,0.076533,1.387229,-0.0024217,0.0008350,-0.0008510,0.9999964
1788232633716697344,OK,1,0,11.574,0.35575,0,1674,0,-0.005255,0.074913,1.393640,-0.0024557,0.0010941,-0.0008466,0.9999961
1788232633750038784,OK,1,0,11.9664,0.282917,0,1657,0,-0.004819,0.077775,1.401343,-0.0018910,0.0012126,-0.0007872,0.9999972
1788232633783379712,OK,1,0,11.738,0.317916,0,1660,0,-0.004065,0.076407,1.406024,-0.0018204,0.0011019,-0.0006832,0.9999976
1788232633816721152,OK,1,0,11.9715,0.273667,0,1626,0,-0.002136,0.077349,1.414032,-0.0017255,0.0008830,-0.0005157,0.9999980
1788232633850062848,OK,1,0,11.3766,0.28325,0,1620,0,-0.005629,0.077887,1.418953,-0.0016794,0.0013178,-0.0009278,0.9999973
1788232633883404288,OK,1,0,11.6568,0.336792,0,1605,0,-0.005572,0.078467,1.426015,-0.0016942,0.0013037,-0.0009871,0.9999973
1788232633916745728,OK,1,0,11.254,0.31475,0,1607,0,-0.003565,0.076994,1.433926,-0.0019317,0.0011047,-0.0008363,0.9999972
1788232633950087680,OK,1,0,11.618,0.302958,0,1579,0,-0.004381,0.076576,1.440604,-0.0020972,0.0011982,-0.0007130,0.9999968
1788232633983429120,OK,1,0,11.8277,0.339542,0,1558,0,-0.004921,0.079359,1.446881,-0.0015700,0.0011881,-0.0011008,0.9999974
1788232634016770816,OK,1,0,11.9134,0.305834,0,1538,0,-0.006197,0.078456,1.453582,-0.0013535,0.0011486,-0.0011822,0.9999977
1788232634050112256,OK,1,0,11.7581,0.291167,0,1550,0,-0.006410,0.079193,1.458092,-0.0008254,0.0012565,-0.0013409,0.9999980
1788232634083449600,OK,1,0,11.4374,0.325833,0,1532,0,-0.006669,0.078103,1.462470,-0.0005013,0.0014979,-0.0012009,0.9999980
1788232634116787200,OK,1,0,11.0601,0.264333,0,1521,0,-0.004528,0.078268,1.470450,-0.0000314,0.0013991,-0.0008431,0.9999987
1788232634150124544,OK,1,0,11.1477,0.290417,0,1512,0,-0.004899,0.077184,1.476254,0.0000558,0.0014449,-0.0008440,0.9999986
1788232634183461888,OK,1,0,11.227,0.261625,0,1670,0,-0.007537,0.078043,1.481644,0.0002505,0.0016241,-0.0011220,0.9999980
1788232634216798208,OK,1,0,11.4487,0.308709,0,1668,0,-0.007167,0.077443,1.488095,0.0003751,0.0014215,-0.0012409,0.9999982
1788232634250135552,OK,1,0,12.6218,0.321666,0,1644,0,-0.007620,0.077879,1.494946,0.0005397,0.0015720,-0.0012608,0.9999979
1788232634283472640,OK,1,0,11.9799,0.28525,0,1641,0,-0.005932,0.077998,1.502772,0.0003356,0.0015985,-0.0011000,0.9999981
1788232634316809984,OK,1,0,11.58,0.271166,0,1654,0,-0.007057,0.077423,1.509294,0.0003326,0.0017907,-0.0011724,0.9999977
1788232634350147328,OK,1,0,11.6461,0.347459,0,1611,0,-0.008081,0.078628,1.515111,0.0005190,0.0018480,-0.0012330,0.9999974
1788232634383484416,OK,1,0,11.4671,0.340542,0,1618,0,-0.006401,0.079748,1.524331,0.0006960,0.0015354,-0.0014366,0.9999976
1788232634416821504,OK,1,0,11.4608,0.281708,0,1594,0,-0.008224,0.079086,1.529724,0.0007295,0.0018059,-0.0016233,0.9999968
1788232634450158592,OK,1,0,11.3357,0.261584,0,1595,0,-0.005748,0.079747,1.537591,0.0011002,0.0017364,-0.0016534,0.9999965
1788232634483495936,OK,1,0,11.2194,0.342875,0,1577,0,-0.008457,0.079085,1.541837,0.0013525,0.0019719,-0.0016651,0.9999958
1788232634516833024,OK,1,0,11.2992,0.279,0,1571,0,-0.007618,0.081100,1.550726,0.0014157,0.0017358,-0.0017481,0.9999959
1788232634550169856,OK,1,0,11.2965,0.299833,0,1585,0,-0.004742,0.080627,1.558507,0.0010487,0.0013847,-0.0016300,0.9999972
1788232634583507200,OK,1,0,11.1918,0.336584,0,1542,0,-0.008143,0.080830,1.565013,0.0007993,0.0018834,-0.0016747,0.9999965
1788232634616844032,OK,1,0,10.9577,0.335625,0,1544,0,-0.006769,0.082416,1.573996,0.0005545,0.0018483,-0.0015908,0.9999969
1788232634650180096,OK,1,0,11.0333,0.273459,0,1530,0,-0.006243,0.083154,1.580409,0.0005513,0.0018210,-0.0015715,0.9999970
1788232634683517184,OK,1,0,10.9231,0.26875,0,1500,0,-0.005515,0.084017,1.587428,0.0007284,0.0016350,-0.0017913,0.9999968
1788232634716854016,OK,1,0,11.0885,0.278709,0,1499,0,-0.003058,0.086473,1.597179,0.0008878,0.0012405,-0.0020534,0.9999967
1788232634750190848,OK,1,0,11.4243,0.359459,0,1497,0,-0.008350,0.083597,1.600957,0.0008188,0.0017996,-0.0023632,0.9999953
1788232634783527936,OK,1,0,11.7943,0.276417,0,1499,0,-0.009729,0.086148,1.607458,0.0013914,0.0020170,-0.0025101,0.9999939
1788232634816864768,OK,1,0,11.384,0.281166,0,1511,0,-0.009296,0.083958,1.614681,0.0011797,0.0018927,-0.0022856,0.9999949
1788232634850201600,OK,1,0,11.7489,0.313167,0,1476,0,-0.008075,0.084080,1.621875,0.0010533,0.0016737,-0.0022641,0.9999955
1788232634883538688,OK,1,0,11.2854,0.28375,0,1475,0,-0.010101,0.082172,1.627162,0.0008140,0.0018330,-0.0023123,0.9999954
1788232634916875264,OK,1,0,10.8228,0.280542,0,1457,0,-0.010115,0.083787,1.635010,0.0008851,0.0018630,-0.0023406,0.9999952
1788232634950212096,OK,1,0,10.8457,0.265667,0,1449,0,-0.007973,0.085496,1.644674,0.0007785,0.0017830,-0.0020935,0.9999959
1788232634983548928,OK,1,0,10.6799,0.313792,0,1448,0,-0.010219,0.084900,1.648703,0.0009185,0.0020484,-0.0018512,0.9999958
1788232635016885504,OK,1,0,11.0976,0.353209,0,1465,0,-0.006279,0.087652,1.656728,0.0012663,0.0016301,-0.0016342,0.9999965
1788232635050222336,OK,1,0,10.5889,0.3555,0,1431,0,-0.010361,0.084731,1.660365,0.0011457,0.0018569,-0.0019232,0.9999958
1788232635083566080,OK,1,0,10.9397,0.275208,0,1422,0,-0.007154,0.085250,1.670121,0.0011929,0.0017194,-0.0018490,0.9999961
1788232635116915456,OK,1,0,11.0752,0.351,0,1543,0,-0.007940,0.087625,1.676951,0.0018677,0.0019602,-0.0020629,0.9999942
1788232635150265856,OK,1,0,11.3557,0.344,0,1621,0,-0.009412,0.085575,1.683145,0.0017778,0.0020431,-0.0018838,0.9999946
1788232635183616256,OK,1,0,12.4863,0.316208,0,1598,0,-0.008332,0.086713,1.690286,0.0017681,0.0019520,-0.0018433,0.9999949
1788232635216966656,OK,1,0,12.4484,0.463417,0,1595,0,-0.006407,0.091103,1.702127,0.0021914,0.0016952,-0.0016265,0.9999949
1788232635250317056,OK,1,0,11.8338,0.277666,0,1592,0,-0.004592,0.091595,1.711687,0.0021721,0.0018069,-0.0013021,0.9999952
1788232635283667712,OK,1,0,11.5963,0.278291,0,1563,0,-0.003619,0.090494,1.720275,0.0015400,0.0017506,-0.0008783,0.9999969
1788232635317018368,OK,1,0,11.6825,0.270208,0,1569,0,-0.004571,0.091650,1.728548,0.0014451,0.0019350,-0.0008426,0.9999967
1788232635350369024,OK,1,0,11.1646,0.268125,0,1560,0,-0.006001,0.090937,1.735743,0.0014193,0.0019117,-0.0008991,0.9999968
1788232635383719936,OK,1,0,11.5744,0.262584,0,1554,0,-0.008606,0.091160,1.741931,0.0013216,0.0020275,-0.0011243,0.9999964
1788232635417070848,OK,1,0,11.2076,0.288458,0,1503,0,-0.005585,0.094121,1.751705,0.0019672,0.0020713,-0.0013050,0.9999951
1788232635450421504,OK,1,0,11.306,0.27275,0,1497,0,-0.006736,0.091624,1.757779,0.0023769,0.0022954,-0.0012433,0.9999938
1788232635483772672,OK,1,0,11.2534,0.3155,0,1502,0,-0.008063,0.089753,1.764715,0.0024044,0.0022051,-0.0010251,0.9999942
1788232635517123840,OK,1,0,11.6332,0.302459,0,1484,0,-0.009789,0.092414,1.771414,0.0024942,0.0023971,-0.0010002,0.9999936
1788232635550473984,OK,1,0,10.9766,0.358875,0,1512,0,-0.005189,0.091143,1.783881,0.0019140,0.0022705,-0.0005971,0.9999955
1788232635583824896,OK,1,0,11.1499,0.270708,0,1472,0,-0.000941,0.093596,1.793920,0.0019875,0.0020224,-0.0005768,0.9999958
1788232635617176320,OK,1,0,11.7189,0.318208,0,1580,0,-0.006607,0.091251,1.798908,0.0018231,0.0023999,-0.0007619,0.9999952
1788232635650527488,OK,1,0,11.6114,0.293375,0,1592,0,-0.007916,0.094977,1.807678,0.0020408,0.0023643,-0.0011813,0.9999945
1788232635683878912,OK,1,0,13.12,0.343792,0,1569,0,-0.007385,0.095972,1.816429,0.0018282,0.0023949,-0.0016047,0.9999942
1788232635717230592,OK,1,0,12.6026,0.34675,0,1599,0,-0.009951,0.096606,1.820872,0.0022173,0.0027305,-0.0018199,0.9999922
1788232635750581760,OK,1,0,11.6541,0.27425,0,1561,0,-0.008374,0.096169,1.829588,0.0022174,0.0024598,-0.0018550,0.9999928
1788232635783933440,OK,1,0,11.2563,0.279083,0,1554,0,-0.008179,0.098477,1.840252,0.0018818,0.0022753,-0.0018378,0.9999940
1788232635817285120,OK,1,0,11.4363,0.272,0,1546,0,-0.008770,0.096647,1.848446,0.0011982,0.0024913,-0.0015024,0.9999951
1788232635850636800,OK,1,0,11.537,0.276666,0,1516,0,-0.007600,0.099761,1.859346,0.0013032,0.0026814,-0.0014306,0.9999945
1788232635883988480,OK,1,0,11.8051,0.2895,0,1513,0,-0.008541,0.100445,1.867824,0.0013142,0.0028005,-0.0015321,0.9999940
1788232635917340416,OK,1,0,12.1028,0.30425,0,1491,0,-0.007836,0.100342,1.876731,0.0009670,0.0026366,-0.0015236,0.9999949
1788232635950692352,OK,1,0,11.3985,0.364375,0,1466,0,-0.007641,0.099840,1.885355,0.0003444,0.0025515,-0.0016983,0.9999953
1788232635984043264,OK,1,0,11.2737,0.322333,0,1440,0,-0.008452,0.100229,1.893254,0.0004650,0.0025566,-0.0020234,0.9999946
1788232636017395200,OK,1,0,11.0036,0.3495,0,1447,0,-0.008360,0.099737,1.901528,0.0008145,0.0025232,-0.0021825,0.9999941
1788232636050747392,OK,1,0,11.3398,0.337125,0,1443,0,-0.010773,0.101036,1.907256,0.0004885,0.0026768,-0.0022900,0.9999937
1788232636084093952,OK,1,0,10.8091,0.275208,0,1443,0,-0.006491,0.102856,1.919252,0.0001002,0.0022257,-0.0020133,0.9999955
1788232636117433344,OK,1,0,11.1731,0.283875,0,1415,0,-0.006791,0.102014,1.926750,-0.0000404,0.0024809,-0.0017099,0.9999955
1788232636150772992,OK,1,0,11.0361,0.279583,0,1412,0,-0.004909,0.103843,1.937289,0.0003109,0.0024274,-0.0013723,0.9999961
1788232636184112384,OK,1,0,11.1083,0.261625,0,1558,0,-0.006887,0.101198,1.941844,0.0003600,0.0026625,-0.0012500,0.9999956
1788232636217451776,OK,1,0,11.6962,0.297459,0,1566,0,-0.007690,0.100958,1.949500,0.0001287,0.0026513,-0.0012541,0.9999957
1788232636250790912,OK,1,0,12.2148,0.298292,0,1504,0,-0.006385,0.102409,1.959943,-0.0002728,0.0025477,-0.0016299,0.9999954
1788232636284130304,OK,1,0,12.0659,0.276333,0,1551,0,-0.003304,0.107037,1.972256,0.0005343,0.0020226,-0.0016451,0.9999965
1788232636317469696,OK,1,0,11.893,0.274916,0,1514,0,-0.003844,0.106978,1.980502,0.0010861,0.0020694,-0.0016964,0.9999958
1788232636350809088,OK,1,0,11.2897,0.3685,0,1511,0,-0.003875,0.106880,1.989147,0.0006622,0.0019803,-0.0016366,0.9999965
1788232636384148480,OK,1,0,11.2597,0.264583,0,1520,0,-0.002451,0.107248,1.998063,-0.0000841,0.0018524,-0.0014106,0.9999973
1788232636417488128,OK,1,0,11.5101,0.272167,0,1495,0,-0.007583,0.105070,2.003503,-0.0003453,0.0024957,-0.0013993,0.9999959
1788232636450826496,OK,1,0,11.6548,0.273,0,1492,0,-0.006361,0.108779,2.013309,0.0001258,0.0024974,-0.0014308,0.9999958
1788232636484165888,OK,1,0,11.6457,0.271208,0,1487,0,-0.005312,0.108120,2.022918,-0.0003398,0.0023431,-0.0014419,0.9999962
1788232636517505024,OK,1,0,11.635,0.301375,0,1476,0,-0.001658,0.109573,2.035516,-0.0008923,0.0018231,-0.0014817,0.9999968
1788232636550844416,OK,1,0,12.3746,0.34125,0,1460,0,-0.004930,0.109972,2.042218,-0.0008092,0.0022100,-0.0016096,0.9999959
1788232636584183808,OK,1,0,10.9974,0.293,0,1463,0,-0.005488,0.109418,2.047820,-0.0006027,0.0023740,-0.0015149,0.9999958
1788232636617523456,OK,1,0,11.4385,0.269875,0,1456,0,-0.004855,0.110670,2.056056,-0.0009150,0.0022840,-0.0014876,0.9999959
1788232636650862848,OK,1,0,10.9649,0.277708,0,1479,0,-0.004759,0.111801,2.066682,-0.0015418,0.0022456,-0.0014908,0.9999952
1788232636684202240,OK,1,0,11.2072,0.337125,0,1452,0,-0.001992,0.109684,2.077396,-0.0021924,0.0020327,-0.0012215,0.9999948
1788232636717541376,OK,1,0,10.9893,0.266625,0,1427,0,-0.000982,0.110989,2.086534,-0.0019835,0.0020901,-0.0011055,0.9999952
1788232636750880768,OK,1,0,11.0195,0.242417,0,1396,0,-0.003860,0.112478,2.093846,-0.0018522,0.0023823,-0.0013012,0.9999946
1788232636784220416,OK,1,0,10.8064,0.277375,0,1409,0,-0.007518,0.114483,2.099793,-0.0021532,0.0026318,-0.0016796,0.9999928
1788232636817559808,OK,1,0,11.1125,0.277667,0,1421,0,-0.004317,0.113815,2.112043,-0.0029115,0.0022532,-0.0015441,0.9999921
1788232636850899200,OK,1,0,11.5017,0.274708,0,1412,0,-0.005566,0.111854,2.117691,-0.0026684,0.0024448,-0.0015756,0.9999923
1788232636884237568,OK,1,0,10.7798,0.349833,0,1401,0,-0.002529,0.115078,2.126943,-0.0018642,0.0020964,-0.0016369,0.9999948
1788232636917577216,OK,1,0,11.1599,0.346625,0,1390,0,-0.006355,0.114888,2.135236,-0.0022236,0.0024086,-0.0017396,0.9999931
1788232636950916608,OK,1,0,10.9247,0.276959,0,1369,0,-0.009450,0.114168,2.140842,-0.0025497,0.0026815,-0.0017014,0.9999917
1788232636984255744,OK,1,0,10.8234,0.33425,0,1379,0,-0.007169,0.116582,2.148674,-0.0020280,0.0024586,-0.0015740,0.9999937
1788232637017595136,OK,1,0,10.7435,0.339583,0,1349,0,-0.003232,0.115576,2.162270,-0.0017563,0.0017006,-0.0014277,0.9999960
1788232637050934784,OK,1,0,10.8212,0.285666,0,1334,0,-0.006970,0.118147,2.166575,-0.0015414,0.0019747,-0.0012671,0.9999961
1788232637084273408,OK,1,0,10.8573,0.3355,0,1329,0,-0.004193,0.117887,2.176540,-0.0020923,0.0018486,-0.0008509,0.9999958
1788232637117611008,OK,1,0,10.8652,0.266584,0,1327,0,-0.002311,0.120653,2.187530,-0.0022522,0.0021124,-0.0006865,0.9999950
1788232637150948608,OK,1,0,10.6261,0.281916,0,1466,0,-0.002784,0.121120,2.194330,-0.0017284,0.0025935,-0.0005584,0.9999950
1788232637184286464,OK,1,0,11.6189,0.287625,0,1518,0,-0.001855,0.120158,2.201893,-0.0014076,0.0022880,-0.0005762,0.9999962
1788232637217624064,OK,1,0,12.6475,0.322708,0,1506,0,-0.005150,0.119675,2.208480,-0.0016702,0.0023201,-0.0006541,0.9999957
1788232637250961408,OK,1,0,11.6308,0.305334,0,1514,0,-0.001210,0.124462,2.219123,-0.0013707,0.0020711,-0.0007467,0.9999967
1788232637284298752,OK,1,0,11.6357,0.282083,0,1521,0,0.000073,0.124789,2.227026,-0.0013353,0.0020087,-0.0006100,0.9999969
1788232637317635328,OK,1,0,11.4365,0.335958,0,1464,0,-0.000685,0.126310,2.235687,-0.0012661,0.0019832,-0.0005832,0.9999971
1788232637350972672,OK,1,0,11.2868,0.281,0,1477,0,0.006589,0.126233,2.249334,-0.0018449,0.0011993,-0.0000603,0.9999976
1788232637384310016,OK,1,0,11.0552,0.350375,0,1482,0,0.005943,0.127342,2.256884,-0.0017672,0.0017774,0.0001543,0.9999968
1788232637417647360,OK,1,0,11.716,0.348125,0,1445,0,0.005680,0.126844,2.264734,-0.0012238,0.0020856,0.0003543,0.9999970
1788232637450984704,OK,1,0,12.0744,0.293166,0,1457,0,0.004530,0.128509,2.271198,-0.0009003,0.0019157,-0.0001230,0.9999977
1788232637484322048,OK,1,0,11.2026,0.320209,0,1435,0,0.002363,0.128692,2.280320,-0.0015371,0.0018751,-0.0002555,0.9999970
1788232637517659136,OK,1,0,11.1595,0.348041,0,1426,0,0.004292,0.129044,2.292502,-0.0020690,0.0018912,-0.0004056,0.9999960
1788232637550996224,OK,1,0,11.0526,0.271542,0,1396,0,0.005291,0.128504,2.301061,-0.0022819,0.0017740,-0.0004666,0.9999957
1788232637584333568,OK,1,0,10.8824,0.263375,0,1404,0,0.004845,0.128671,2.310775,-0.0022965,0.0014757,-0.0001124,0.9999962
1788232637617670400,OK,1,0,10.5541,0.278792,0,1396,0,0.005302,0.128924,2.319473,-0.0026527,0.0012343,0.0002179,0.9999957
1788232637651007488,OK,1,0,10.7163,0.355584,0,1388,0,0.005834,0.129667,2.326865,-0.0029178,0.0016490,0.0003998,0.9999943
1788232637684344576,OK,1,0,10.5433,0.332041,0,1386,0,0.006959,0.130747,2.335121,-0.0024693,0.0022234,0.0005516,0.9999943
1788232637717681664,OK,1,0,11.0433,0.279541,0,1393,0,0.004611,0.131698,2.341139,-0.0018735,0.0022938,0.0002476,0.9999956
1788232637751018496,OK,1,0,10.6854,0.2795,0,1376,0,0.006693,0.131109,2.351717,-0.0022879,0.0016208,0.0004248,0.9999960
1788232637784354304,OK,1,0,11.0326,0.271042,0,1340,0,0.006997,0.131084,2.362773,-0.0029352,0.0018201,0.0004183,0.9999940
1788232637817691136,OK,1,0,11.2533,0.294875,0,1339,0,0.004716,0.131412,2.368490,-0.0031095,0.0022871,0.0005701,0.9999924
1788232637851027968,OK,1,0,10.7768,0.362916,0,1316,0,0.008038,0.133099,2.379966,-0.0030442,0.0017621,0.0007807,0.9999935
1788232637884364800,OK,1,0,10.945,0.350167,0,1293,0,0.007029,0.135863,2.389524,-0.0029958,0.0016625,0.0009495,0.9999937
1788232637917701376,OK,1,0,10.4744,0.360083,0,1296,0,0.007869,0.133969,2.399139,-0.0035855,0.0019306,0.0011861,0.9999910
1788232637951038208,OK,1,0,10.864,0.281167,0,1457,0,0.009593,0.136002,2.407949,-0.0030487,0.0023556,0.0014103,0.9999916
1788232637984374784,OK,1,0,11.3414,0.291625,0,1456,0,0.007215,0.135069,2.413185,-0.0027189,0.0024895,0.0013566,0.9999923
1788232638017711360,OK,1,0,11.779,0.326625,0,1470,0,0.005761,0.135620,2.422740,-0.0028460,0.0022334,0.0012381,0.9999927
1788232638051048192,OK,1,0,11.6065,0.377417,0,1474,0,0.009735,0.135933,2.435969,-0.0029735,0.0018571,0.0012243,0.9999931
1788232638084391680,OK,1,0,10.9488,0.28325,0,1410,0,0.012224,0.136813,2.445836,-0.0029977,0.0019544,0.0013989,0.9999926
1788232638117744896,OK,1,0,10.7325,0.272208,0,1427,0,0.012658,0.136713,2.456607,-0.0030415,0.0016169,0.0015266,0.9999929
1788232638151098112,OK,1,0,10.9994,0.3445,0,1400,0,0.009976,0.138153,2.464645,-0.0028428,0.0014429,0.0014548,0.9999939
1788232638184451584,OK,1,0,11.0706,0.274917,0,1389,0,0.012868,0.138014,2.473879,-0.0029523,0.0013384,0.0016506,0.9999934
1788232638217804288,OK,1,0,11.3573,0.301291,0,1385,0,0.012982,0.138066,2.481399,-0.0023956,0.0020811,0.0017543,0.9999934
1788232638251158016,OK,1,0,11.8366,0.321917,0,1396,0,0.013333,0.139532,2.489170,-0.0017414,0.0021452,0.0015036,0.9999951
1788232638284511744,OK,1,0,11.4458,0.366167,0,1398,0,0.012817,0.140655,2.497277,-0.0013932,0.0017672,0.0014944,0.9999964
1788232638317865472,OK,1,0,11.1135,0.281833,0,1345,0,0.012908,0.140058,2.505339,-0.0014086,0.0018192,0.0012717,0.9999965
1788232638351219712,OK,1,0,10.6638,0.277458,0,1338,0,0.010878,0.141071,2.515035,-0.0011701,0.0024049,0.0010339,0.9999959
1788232638384573696,OK,1,0,11.0916,0.2655,0,1447,0,0.011994,0.140436,2.522684,-0.0014686,0.0022092,0.0012756,0.9999957
1788232638417927936,OK,1,0,10.9913,0.293167,0,1494,0,0.011961,0.142969,2.532563,-0.0013880,0.0020163,0.0011014,0.9999964
1788232638451282432,OK,1,0,12.2867,0.335833,0,1456,0,0.012108,0.143101,2.543037,-0.0018891,0.0020828,0.0011519,0.9999954
1788232638484636928,OK,1,0,11.7553,0.313916,0,1490,0,0.010388,0.141152,2.549280,-0.0019262,0.0025417,0.0010609,0.9999944
1788232638517991424,OK,1,0,11.1978,0.367875,0,1607,0,0.011094,0.141339,2.558018,-0.0015516,0.0023904,0.0008379,0.9999956
1788232638551346176,OK,1,0,11.807,0.308959,0,1515,0,0.009296,0.143466,2.566448,-0.0015806,0.0022831,0.0005541,0.9999960
1788232638584700928,OK,1,0,12.5552,0.327041,0,1487,0,0.008850,0.142960,2.576091,-0.0020544,0.0024295,0.0006264,0.9999948
1788232638618055936,OK,1,0,11.9338,0.35375,0,1419,0,0.007827,0.143517,2.585323,-0.0021094,0.0028249,0.0005033,0.9999937
1788232638651409920,OK,1,0,12.6256,0.344208,0,1507,0,0.012098,0.148535,2.598111,-0.0016657,0.0023720,0.0004254,0.9999957
1788232638684765184,OK,1,0,11.2155,0.318416,0,1511,0,0.011379,0.147957,2.608129,-0.0023493,0.0021746,0.0002626,0.9999949
1788232638718120448,OK,1,0,12.2029,0.327541,0,1480,0,0.010650,0.150757,2.617487,-0.0023703,0.0022808,-0.0000206,0.9999946
1788232638751475712,OK,1,0,12.0797,0.322167,0,1445,0,0.010755,0.147872,2.625730,-0.0022714,0.0023526,-0.0000452,0.9999946
1788232638784831232,OK,1,0,11.4825,0.289917,0,1466,0,0.012318,0.146159,2.632720,-0.0021025,0.0020527,-0.0001619,0.9999956
1788232638818186752,OK,1,0,11.8854,0.320416,0,1460,0,0.012221,0.151263,2.642468,-0.0016230,0.0017848,-0.0003729,0.9999970
1788232638851542528,OK,1,0,11.9509,0.314417,0,1444,0,0.012535,0.148135,2.651608,-0.0021579,0.0017853,-0.0000488,0.9999961
1788232638884898560,OK,1,0,11.1785,0.350625,0,1416,0,0.012109,0.148631,2.660614,-0.0020378,0.0021981,0.0003731,0.9999955
1788232638918254336,OK,1,0,10.8782,0.275125,0,1382,0,0.013977,0.148248,2.669641,-0.0019139,0.0018830,0.0005123,0.9999963
1788232638951610368,OK,1,0,10.8745,0.282,0,1401,0,0.015413,0.148841,2.678948,-0.0020992,0.0013541,0.0006584,0.9999967
1788232638984966656,OK,1,0,11.1992,0.293917,0,1374,0,0.012894,0.151013,2.687561,-0.0020878,0.0019680,0.0004532,0.9999958
1788232639018322688,OK,1,0,12.1699,0.374708,0,1471,0,0.013746,0.151010,2.697570,-0.0018956,0.0023346,0.0005089,0.9999954
1788232639051679232,OK,1,0,12.056,0.364916,0,1501,0,0.014570,0.152290,2.706718,-0.0014937,0.0019964,0.0005156,0.9999968
1788232639085032704,OK,1,0,12.9479,0.373333,0,1503,0,0.014550,0.151845,2.713163,-0.0015858,0.0017271,0.0006102,0.9999971
1788232639118381312,OK,1,0,11.7567,0.328166,0,1454,0,0.014276,0.154690,2.723585,-0.0012097,0.0021321,0.0008447,0.9999967
1788232639151730944,OK,1,0,11.7208,0.399958,0,1463,0,0.017339,0.156654,2.731658,-0.0008406,0.0022393,0.0012024,0.9999964
1788232639185080832,OK,1,0,11.2019,0.277458,0,1462,0,0.014684,0.156021,2.739846,-0.0006921,0.0022976,0.0012292,0.9999964
1788232639218430464,OK,1,0,11.4402,0.287417,0,1488,0,0.016086,0.157141,2.750094,-0.0005689,0.0019664,0.0011611,0.9999973
1788232639251780608,OK,1,0,10.9532,0.334708,0,1429,0,0.015204,0.159218,2.759411,-0.0001283,0.0024562,0.0009911,0.9999965
1788232639285130496,OK,1,0,10.6454,0.268209,0,1408,0,0.016240,0.158358,2.766865,0.0001617,0.0026010,0.0010258,0.9999961
1788232639318480384,OK,1,0,10.9831,0.276834,0,1401,0,0.015641,0.163141,2.777752,0.0005360,0.0022724,0.0009883,0.9999968
1788232639351830528,OK,1,0,10.597,0.265708,0,1378,0,0.016735,0.161848,2.787498,0.0001135,0.0021252,0.0009978,0.9999973
1788232639385180672,OK,1,0,10.6566,0.287209,0,1384,0,0.017196,0.161114,2.796379,0.0000283,0.0024987,0.0012076,0.9999962
1788232639418530816,OK,1,0,10.592,0.339083,0,1357,0,0.018837,0.162653,2.805625,0.0004981,0.0024143,0.0011820,0.9999962
1788232639451881216,OK,1,0,10.4197,0.285958,0,1363,0,0.019262,0.161857,2.814254,0.0005679,0.0019997,0.0010309,0.9999973
1788232639485231360,OK,1,0,10.9364,0.342041,0,1441,0,0.014773,0.159365,2.822327,0.0001278,0.0023348,0.0007381,0.9999970
1788232639518582016,OK,1,0,10.9848,0.308084,0,1452,0,0.014860,0.162714,2.831289,0.0007401,0.0028199,0.0004435,0.9999957
1788232639551931392,OK,1,0,12.5908,0.346,0,1440,0,0.013247,0.164072,2.842769,0.0009250,0.0029479,0.0002170,0.9999952
1788232639585282048,OK,1,0,12.9697,0.333208,0,1432,0,0.015251,0.163761,2.852531,-0.0000157,0.0023372,0.0002257,0.9999973
1788232639618632448,OK,1,0,11.1704,0.308833,0,1447,0,0.014906,0.165555,2.863836,-0.0007046,0.0023712,0.0003080,0.9999969
1788232639651983360,OK,1,0,10.8777,0.292959,0,1404,0,0.017329,0.165436,2.875183,-0.0010131,0.0025905,0.0005639,0.9999959
1788232639685334016,OK,1,0,10.8803,0.267084,0,1415,0,0.016276,0.167609,2.884221,-0.0005912,0.0027346,0.0001824,0.9999961
1788232639718684928,OK,1,0,10.9473,0.339917,0,1396,0,0.015090,0.166626,2.895900,-0.0009606,0.0021430,-0.0001066,0.9999973
1788232639752035840,OK,1,0,10.7365,0.334792,0,1366,0,0.015494,0.167231,2.906530,-0.0017576,0.0019802,-0.0001607,0.9999965
1788232639785386752,OK,1,0,10.7743,0.273625,0,1340,0,0.015965,0.168232,2.915876,-0.0021364,0.0024537,-0.0003730,0.9999946
1788232639818737920,OK,1,0,10.5913,0.347291,0,1314,0,0.014042,0.167787,2.923833,-0.0020279,0.0029088,-0.0003631,0.9999937
1788232639852088832,OK,1,0,10.7773,0.354166,0,1351,0,0.014663,0.169952,2.934855,-0.0014430,0.0023426,-0.0000510,0.9999962
1788232639885440256,OK,1,0,10.6858,0.334208,0,1338,0,0.015667,0.169038,2.944239,-0.0015241,0.0022479,0.0001994,0.9999963
1788232639918791424,OK,1,0,10.1706,0.350708,0,1320,0,0.016643,0.169005,2.952965,-0.0014391,0.0026160,0.0004157,0.9999955
1788232639952142848,OK,1,0,10.4068,0.254375,0,1268,0,0.016722,0.171186,2.964182,-0.0011940,0.0024794,0.0003566,0.9999962
1788232639985493248,OK,1,0,10.14,0.277291,0,1279,0,0.016645,0.169928,2.971517,-0.0013403,0.0022411,0.0001240,0.9999966
1788232640018844416,OK,1,0,10.2206,0.292375,0,1256,0,0.016593,0.172887,2.982583,-0.0009160,0.0024904,0.0000998,0.9999965
1788232640052196096,OK,1,0,10.0795,0.311125,0,1256,0,0.016081,0.173855,2.991045,-0.0008048,0.0027066,-0.0000601,0.9999960
1788232640085543680,OK,1,0,10.7121,0.292458,0,1269,0,0.017743,0.175712,3.002099,-0.0007090,0.0022603,0.0002176,0.9999972
1788232640118891008,OK,1,0,10.6605,0.320541,0,1229,0,0.017388,0.175844,3.011509,-0.0007400,0.0023476,0.0002215,0.9999970
1788232640152245504,OK,1,0,11.003,0.344417,0,1231,0,0.019089,0.173834,3.020866,-0.0010680,0.0024922,0.0007452,0.9999961
1788232640185600000,OK,1,0,10.9032,0.292833,0,1483,0,0.018469,0.174450,3.030194,-0.0008571,0.0023847,0.0003153,0.9999968
1788232640218954496,OK,1,0,11.1768,0.313,0,1440,0,0.015894,0.178614,3.039192,-0.0004032,0.0023183,-0.0001127,0.9999973
1788232640252308992,OK,1,0,12.496,0.332583,0,1411,0,0.016029,0.177949,3.048975,-0.0006163,0.0025716,-0.0001057,0.9999965
1788232640285663744,OK,1,0,11.9491,0.332167,0,1372,0,0.015609,0.180582,3.059054,-0.0005010,0.0028215,-0.0002435,0.9999959
1788232640319018496,OK,1,0,11.0855,0.3425,0,1368,0,0.016247,0.179959,3.068368,-0.0008914,0.0024023,-0.0003561,0.9999967
1788232640352373504,OK,1,0,10.9654,0.358042,0,1354,0,0.017772,0.182591,3.080237,-0.0007903,0.0022589,-0.0001566,0.9999971
1788232640385728512,OK,1,0,10.5032,0.277708,0,1360,0,0.018062,0.182298,3.090999,-0.0008199,0.0026254,-0.0000545,0.9999962
1788232640419083520,OK,1,0,10.6231,0.2795,0,1324,0,0.017974,0.180841,3.099247,-0.0010027,0.0024636,-0.0002314,0.9999964
1788232640452437760,OK,1,0,10.4969,0.322042,0,1300,0,0.016356,0.183324,3.110161,-0.0006897,0.0021072,-0.0006245,0.9999974
1788232640485793024,OK,1,0,10.1295,0.2765,0,1308,0,0.015631,0.180728,3.118940,-0.0007961,0.0024118,-0.0008783,0.9999964
1788232640519148288,OK,1,0,10.2815,0.282542,0,1308,0,0.015301,0.183338,3.128450,-0.0001334,0.0027078,-0.0010365,0.9999958
1788232640552503552,OK,1,0,10.8936,0.26825,0,1312,0,0.016146,0.185356,3.140174,0.0002843,0.0023277,-0.0012011,0.9999965
1788232640585858816,OK,1,0,10.6053,0.337625,0,1285,0,0.014499,0.182500,3.148091,0.0000812,0.0022155,-0.0009436,0.9999971
1788232640619214592,OK,1,0,10.3747,0.278125,0,1272,0,0.013648,0.184573,3.158778,0.0006373,0.0026410,-0.0008905,0.9999959
1788232640652570112,OK,1,0,10.2523,0.281084,0,1266,0,0.015101,0.185141,3.167344,0.0008807,0.0025001,-0.0008169,0.9999962
1788232640685926144,OK,1,0,10.6059,0.27375,0,1242,0,0.015599,0.186276,3.176742,0.0012907,0.0021127,-0.0007241,0.9999967
1788232640719281664,OK,1,0,11.003,0.298375,0,1234,0,0.018620,0.184520,3.187539,0.0013858,0.0019128,-0.0005390,0.9999971
1788232640752637696,OK,1,0,10.9972,0.343542,0,1211,0,0.016410,0.188292,3.195972,0.0022591,0.0026733,-0.0004405,0.9999938
1788232640785993728,OK,1,0,11.3399,0.323083,0,1206,0,0.018166,0.182854,3.204453,0.0018815,0.0024731,-0.0004237,0.9999951
1788232640819349504,OK,1,0,11.0969,0.299208,0,1216,0,0.016985,0.185086,3.214265,0.0022166,0.0022983,-0.0003583,0.9999948
1788232640852705792,OK,1,0,10.5136,0.2795,0,1215,0,0.015845,0.185483,3.225024,0.0020476,0.0027194,-0.0001922,0.9999942
1788232640886061056,OK,1,0,10.4808,0.261708,0,1462,0,0.020638,0.184887,3.235715,0.0015368,0.0023097,-0.0001364,0.9999961
1788232640919417344,OK,1,0,10.6939,0.280292,0,1385,0,0.017470,0.184715,3.246030,0.0012313,0.0023664,-0.0002569,0.9999964
1788232640952773632,OK,1,0,12.2302,0.345958,0,1349,0,0.015626,0.186936,3.254849,0.0014751,0.0026177,-0.0003812,0.9999954
1788232640986130176,OK,1,0,11.6159,0.357292,0,1315,0,0.015733,0.187116,3.264202,0.0015538,0.0031726,-0.0004114,0.9999937
1788232641019486720,OK,1,0,11.6483,0.335084,0,1330,0,0.015844,0.183809,3.273205,0.0012345,0.0030963,-0.0002676,0.9999944
1788232641052843264,OK,1,0,10.8295,0.35075,0,1321,0,0.022011,0.185439,3.281691,0.0015332,0.0019329,0.0001721,0.9999970
1788232641086200320,OK,1,0,10.644,0.340292,0,1308,0,0.020936,0.181988,3.289457,0.0010978,0.0024212,0.0002039,0.9999965
1788232641119551232,OK,1,0,10.7399,0.282791,0,1285,0,0.018558,0.186214,3.299587,0.0015503,0.0028213,0.0003142,0.9999948
1788232641152895232,OK,1,0,10.587,0.333292,0,1290,0,0.020366,0.185020,3.310446,0.0011704,0.0021816,0.0001635,0.9999970
1788232641186238976,OK,1,0,10.5207,0.274542,0,1274,0,0.019063,0.184368,3.320752,0.0011528,0.0023485,0.0000242,0.9999966
1788232641219582720,OK,1,0,10.7274,0.277584,0,1254,0,0.018150,0.186789,3.330219,0.0017369,0.0029661,-0.0001561,0.9999941
1788232641252926720,OK,1,0,10.638,0.299125,0,1232,0,0.021574,0.187241,3.341333,0.0017886,0.0024687,-0.0001593,0.9999954
1788232641286270464,OK,1,0,10.1162,0.33775,0,1221,0,0.019027,0.187173,3.348938,0.0020437,0.0026140,-0.0003971,0.9999944
1788232641319613184,OK,1,0,10.4362,0.263708,0,1227,0,0.018869,0.189013,3.360048,0.0020488,0.0028296,-0.0000107,0.9999939
1788232641352957184,OK,1,0,11.0113,0.297667,0,1387,0,0.018952,0.187348,3.367758,0.0017313,0.0032413,0.0000419,0.9999933
1788232641386300928,OK,1,0,11.7144,0.321375,0,1347,0,0.019801,0.189554,3.379548,0.0018076,0.0027892,0.0001047,0.9999945
1788232641419644672,OK,1,0,11.9183,0.329125,0,1316,0,0.020152,0.190222,3.391183,0.0016661,0.0026037,0.0000731,0.9999952
1788232641452988672,OK,1,0,11.9977,0.347625,0,1297,0,0.016938,0.188774,3.398239,0.0016731,0.0035809,-0.0002847,0.9999922
1788232641486332416,OK,1,0,10.8115,0.347833,0,1253,0,0.017968,0.189551,3.408445,0.0020401,0.0034955,-0.0000541,0.9999918
1788232641519676160,OK,1,0,11.179,0.360042,0,1296,0,0.017860,0.182777,3.413924,0.0012819,0.0032661,0.0001250,0.9999939
1788232641553019904,OK,1,0,11.1287,0.303,0,1269,0,0.018212,0.183607,3.424674,0.0015201,0.0033720,0.0002766,0.9999931
1788232641586363904,OK,1,0,10.4035,0.351667,0,1255,0,0.019708,0.183257,3.434474,0.0015598,0.0036764,0.0004630,0.9999920
1788232641619707648,OK,1,0,10.3363,0.260583,0,1257,0,0.022429,0.183003,3.445634,0.0016208,0.0029937,0.0004644,0.9999941
1788232641653051392,OK,1,0,10.3667,0.341625,0,1219,0,0.017906,0.186152,3.454537,0.0021983,0.0031955,0.0000118,0.9999925
1788232641686395136,OK,1,0,10.2953,0.261084,0,1233,0,0.017877,0.182137,3.463562,0.0021106,0.0035702,-0.0001259,0.9999914
1788232641719739136,OK,1,0,10.5357,0.274208,0,1216,0,0.018586,0.182970,3.470970,0.0028865,0.0037743,-0.0002397,0.9999887
1788232641753082880,OK,1,0,10.5385,0.275084,0,1183,0,0.018559,0.184801,3.481460,0.0035755,0.0033996,-0.0002651,0.9999878
1788232641786425856,OK,1,0,10.373,0.350791,0,1191,0,0.017151,0.184011,3.488996,0.0035322,0.0037591,-0.0001123,0.9999867
1788232641819769600,OK,1,0,10.7141,0.286125,0,1201,0,0.020213,0.183248,3.500996,0.0031484,0.0038000,0.0004261,0.9999878
1788232641853113344,OK,1,0,10.8598,0.317333,0,1165,0,0.021313,0.182403,3.509899,0.0030891,0.0038622,0.0000622,0.9999878
1788232641886457344,OK,1,0,11.0865,0.329084,0,1155,0,0.018035,0.185924,3.522719,0.0030668,0.0039257,0.0000770,0.9999876
1788232641919801088,OK,1,0,10.2538,0.396291,0,1152,0,0.018869,0.184316,3.530875,0.0026169,0.0038997,-0.0000673,0.9999890
1788232641953144832,OK,1,0,10.431,0.33575,0,1331,0,0.019809,0.182517,3.543175,0.0027968,0.0037196,-0.0004793,0.9999891
1788232641986488576,OK,1,0,12.2241,0.293958,0,1289,0,0.020782,0.187057,3.552951,0.0031054,0.0035098,-0.0005088,0.9999889
1788232642019832320,OK,1,0,11.2974,0.315334,0,1308,0,0.018652,0.184800,3.562603,0.0024024,0.0038001,-0.0002113,0.9999899
1788232642053176064,OK,1,0,11.3468,0.327791,0,1287,0,0.021888,0.183861,3.572794,0.0021948,0.0038796,0.0001221,0.9999900
1788232642086520064,OK,1,0,11.2982,0.316667,0,1262,0,0.021362,0.187479,3.585839,0.0024233,0.0041066,-0.0000582,0.9999886
1788232642119862528,OK,1,0,11.0105,0.351708,0,1281,0,0.023495,0.187248,3.594067,0.0017805,0.0036305,-0.0002657,0.9999918
1788232642153203968,OK,1,0,10.5162,0.276708,0,1275,0,0.021056,0.187211,3.603993,0.0017773,0.0037303,-0.0004652,0.9999914
1788232642186544896,OK,1,0,10.245,0.335584,0,1279,0,0.018849,0.187748,3.612944,0.0019636,0.0039302,-0.0006398,0.9999902
1788232642219885056,OK,1,0,10.4879,0.265333,0,1236,0,0.024783,0.190932,3.628121,0.0018575,0.0031335,-0.0005035,0.9999933
1788232642253226240,OK,1,0,10.3526,0.336208,0,1237,0,0.020851,0.191392,3.635559,0.0017714,0.0038342,-0.0004663,0.9999910
1788232642286567424,OK,1,0,10.2052,0.256375,0,1212,0,0.025432,0.188255,3.647588,0.0018290,0.0034028,0.0000663,0.9999925
1788232642319908608,OK,1,0,10.2828,0.289,0,1199,0,0.025192,0.194531,3.658926,0.0027503,0.0036110,0.0004318,0.9999896
1788232642353249792,OK,1,0,10.2365,0.273917,0,1183,0,0.025633,0.193008,3.670069,0.0020017,0.0036834,0.0005863,0.9999911
1788232642386590976,OK,1,0,9.98392,0.349083,0,1178,0,0.026327,0.194268,3.681531,0.0022708,0.0035632,0.0005752,0.9999909
1788232642419932160,OK,1,0,10.3937,0.339792,0,1210,0,0.022922,0.195571,3.691341,0.0025878,0.0039580,0.0000772,0.9999889
1788232642453273344,OK,1,0,10.0933,0.582667,0,1153,0,0.023736,0.190485,3.702574,0.0013120,0.0039698,0.0002366,0.9999912
1788232642486614784,OK,1,0,10.9853,0.306917,0,1368,0,0.023893,0.194559,3.714342,0.0017642,0.0043097,0.0003648,0.9999891
1788232642519955712,OK,1,0,11.4028,0.318542,0,1383,0,0.021619,0.195894,3.724442,0.0023052,0.0048924,0.0006156,0.9999852
1788232642553297152,OK,1,0,12.5868,0.344958,0,1333,0,0.027039,0.194418,3.738257,0.0019174,0.0042355,0.0010688,0.9999886
1788232642586638080,OK,1,0,12.1857,0.374833,0,1295,0,0.024533,0.195514,3.745806,0.0021337,0.0047911,0.0008954,0.9999859
1788232642619979520,OK,1,0,11.2405,0.323333,0,1286,0,0.025537,0.195365,3.758383,0.0023277,0.0046778,0.0008920,0.9999860
1788232642653319936,OK,1,0,10.8691,0.340167,0,1275,0,0.030447,0.197329,3.773376,0.0028535,0.0039312,0.0007154,0.9999880
1788232642686661120,OK,1,0,10.6743,0.280083,0,1288,0,0.033301,0.196923,3.786088,0.0026772,0.0036284,0.0008328,0.9999895
1788232642720002304,OK,1,0,10.6634,0.3105,0,1251,0,0.030640,0.197814,3.798012,0.0025549,0.0042416,0.0009848,0.9999872
1788232642753343488,OK,1,0,10.5839,0.343708,0,1263,0,0.032053,0.197968,3.810835,0.0018607,0.0042794,0.0010669,0.9999886
1788232642786684928,OK,1,0,10.112,0.273833,0,1245,0,0.032940,0.199742,3.824807,0.0016546,0.0038375,0.0008534,0.9999909
1788232642820026112,OK,1,0,10.204,0.267375,0,1223,0,0.031939,0.198360,3.837895,0.0012328,0.0035279,0.0001242,0.9999930
1788232642853367552,OK,1,0,10.8579,0.304041,0,1218,0,0.030931,0.201626,3.851393,0.0010109,0.0032110,0.0003040,0.9999943
1788232642886708480,OK,1,0,10.2747,0.251291,0,1207,0,0.029923,0.203063,3.862254,0.0015336,0.0032253,0.0001352,0.9999936
1788232642920049920,OK,1,0,10.2727,0.276292,0,1190,0,0.030854,0.202064,3.874663,0.0015058,0.0028705,0.0003236,0.9999947
1788232642953391104,OK,1,0,10.0453,0.27975,0,1175,0,0.030557,0.201557,3.886706,0.0007481,0.0019248,-0.0000212,0.9999979
1788232642986732544,OK,1,0,10.8206,0.263708,0,1531,0,0.028144,0.204579,3.902538,0.0000438,0.0000671,0.0001921,1.0000000
1788232643020073728,OK,1,0,11.9876,0.303666,0,1415,0,0.028953,0.202803,3.913371,-0.0007660,-0.0017299,0.0006834,0.9999980
1788232643053414912,OK,1,0,13.356,0.501667,0,1397,0,0.024299,0.205823,3.927055,0.0002895,-0.0029180,0.0007330,0.9999955
1788232643086756352,OK,1,0,12.8028,0.343792,0,1390,0,0.024552,0.207474,3.939188,0.0013476,-0.0048649,0.0013895,0.9999863
1788232643120098048,OK,1,0,13.313,0.38575,0,1351,0,0.024498,0.208219,3.953238,0.0014307,-0.0072981,0.0019350,0.9999705
1788232643153442816,OK,1,0,11.6946,0.342,0,1329,0,0.020638,0.206876,3.962695,0.0006816,-0.0098687,0.0020820,0.9999489
1788232643186787328,OK,1,0,11.4027,0.295625,0,1340,0,0.018524,0.208398,3.978479,0.0001592,-0.0143235,0.0028005,0.9998935
1788232643220132096,OK,1,0,11.0751,0.310625,0,1331,0,0.013486,0.208423,3.989113,0.0004336,-0.0183186,0.0031051,0.9998273
1788232643253477120,OK,1,0,10.8882,0.302042,0,1317,0,0.011474,0.208898,4.002583,0.0003706,-0.0231747,0.0035379,0.9997252
1788232643286821888,OK,1,0,11.0084,0.287167,0,1303,0,0.004015,0.210392,4.013725,0.0000007,-0.0277708,0.0040424,0.9996061
1788232643320166400,OK,1,0,10.5857,0.278916,0,1263,0,0.000514,0.213127,4.029869,-0.0000099,-0.0335138,0.0043806,0.9994287
1788232643353511424,OK,1,0,10.7962,0.298125,0,1271,0,-0.005997,0.212921,4.040191,-0.0001971,-0.0383460,0.0044138,0.9992548
1788232643386856448,OK,1,0,10.7028,0.266334,0,1277,0,-0.011697,0.211153,4.050154,-0.0008543,-0.0432978,0.0047085,0.9990508
1788232643420201472,OK,1,0,10.724,0.342375,0,1232,0,-0.017756,0.211167,4.063140,-0.0012166,-0.0488890,0.0048345,0.9987918
1788232643453546496,OK,1,0,10.8248,0.274917,0,1229,0,-0.022881,0.208656,4.076806,-0.0017577,-0.0551772,0.0052378,0.9984613
1788232643486891520,OK,1,0,10.7631,0.26175,0,1262,0,-0.029950,0.214909,4.091871,-0.0009066,-0.0612468,0.0062185,0.9981029
1788232643520236544,OK,1,0,11.3017,0.257458,0,1293,0,-0.034512,0.216580,4.104291,-0.0008393,-0.0667821,0.0072596,0.9977408
1788232643553580800,OK,1,0,11.4872,0.355084,0,1320,0,-0.040740,0.218805,4.117428,-0.0004949,-0.0719879,0.0075739,0.9973766
1788232643586926080,OK,1,0,11.2723,0.335708,0,1309,0,-0.051155,0.216224,4.126348,-0.0007401,-0.0766601,0.0075167,0.9970287
1788232643620271360,OK,1,0,11.803,0.274042,0,1337,0,-0.056491,0.219433,4.139035,-0.0005789,-0.0822149,0.0077531,0.9965843
1788232643653616384,OK,1,0,12.216,0.29425,0,1320,0,-0.063008,0.221165,4.154979,-0.0009910,-0.0880532,0.0082033,0.9960815
1788232643686961664,OK,1,0,12.8613,0.337208,0,1304,0,-0.072975,0.227456,4.169634,0.0000177,-0.0932697,0.0080263,0.9956085
1788232643720307200,OK,1,0,13.1603,0.333375,0,1334,0,-0.080839,0.225514,4.180577,-0.0004475,-0.0987985,0.0079963,0.9950752
1788232643753652480,OK,1,0,12.899,0.32875,0,1325,0,-0.085403,0.223426,4.191859,-0.0011556,-0.1047476,0.0086573,0.9944605
1788232643786998016,OK,1,0,12.4431,0.294209,0,1306,0,-0.094021,0.219420,4.202108,-0.0019705,-0.1098232,0.0088522,0.9939098
1788232643820343552,OK,1,0,11.8872,0.293667,0,1288,0,-0.105177,0.222248,4.215766,-0.0020930,-0.1153929,0.0090728,0.9932763
1788232643853689088,OK,1,0,12.0616,0.279708,0,1322,0,-0.112457,0.228512,4.229875,-0.0017275,-0.1211804,0.0091769,0.9925866
1788232643887034624,OK,1,0,12.2115,0.27075,0,1291,0,-0.117115,0.227065,4.239933,-0.0023395,-0.1267228,0.0094587,0.9918903
1788232643920380160,OK,1,0,12.3878,0.276083,0,1284,0,-0.128922,0.237316,4.254216,-0.0008574,-0.1316617,0.0098322,0.9912456
1788232643953725952,OK,1,0,12.9103,0.287,0,1255,0,-0.138811,0.231044,4.267031,-0.0017614,-0.1372183,0.0099168,0.9904897
1788232643987070464,OK,1,0,12.6473,0.282334,0,1583,0,-0.148214,0.231662,4.276807,-0.0016236,-0.1424304,0.0102838,0.9897501
1788232644020416256,OK,1,0,13.103,0.33,0,1482,0,-0.155228,0.232579,4.287207,-0.0015330,-0.1477987,0.0108935,0.9889563
1788232644053762048,OK,1,0,12.9247,0.316708,0,1444,0,-0.165243,0.234158,4.298720,-0.0011729,-0.1529990,0.0106996,0.9881677
1788232644087107840,OK,1,0,13.7166,0.335375,0,1415,0,-0.175578,0.233555,4.308915,-0.0013661,-0.1585608,0.0105155,0.9872923
1788232644120449024,OK,1,0,13.676,0.326958,0,1400,0,-0.183312,0.235306,4.319358,-0.0018589,-0.1645105,0.0106933,0.9863156
1788232644153783296,OK,1,0,13.7148,0.322916,0,1371,0,-0.193912,0.237452,4.332435,-0.0023940,-0.1701696,0.0112284,0.9853479
1788232644187117312,OK,1,0,13.203,0.298833,0,1424,0,-0.202104,0.247331,4.348863,-0.0014195,-0.1762399,0.0116935,0.9842768
1788232644220451584,OK,1,0,12.7086,0.278333,0,1402,0,-0.214846,0.248098,4.357191,-0.0012020,-0.1812032,0.0116538,0.9833759
1788232644253785856,OK,1,0,12.3981,0.348541,0,1367,0,-0.221643,0.248752,4.367532,-0.0012393,-0.1868946,0.0119915,0.9823060
1788232644287120128,OK,1,0,12.3507,0.286666,0,1355,0,-0.229132,0.247932,4.378838,-0.0013226,-0.1925278,0.0128154,0.9812070
1788232644320454144,OK,1,0,12.357,0.283417,0,1335,0,-0.239188,0.249003,4.388726,-0.0005366,-0.1979463,0.0127792,0.9801294
1788232644353788160,OK,1,0,12.4415,0.278375,0,1341,0,-0.253723,0.250254,4.397753,-0.0005015,-0.2030038,0.0129502,0.9790922
1788232644387121920,OK,1,0,12.7614,0.285834,0,1327,0,-0.261022,0.252157,4.410293,-0.0005215,-0.2090736,0.0137941,0.9778025
1788232644420455936,OK,1,0,12.4909,0.285375,0,1297,0,-0.270410,0.251457,4.419136,-0.0004550,-0.2143242,0.0136791,0.9766667
1788232644453788672,OK,1,0,12.2399,0.283583,0,1259,0,-0.279236,0.251074,4.428339,-0.0004707,-0.2200087,0.0138154,0.9754000
1788232644487122432,OK,1,0,12.2238,0.278083,0,1261,0,-0.288204,0.252536,4.438051,-0.0006036,-0.2259158,0.0144522,0.9740394
1788232644520455936,OK,1,0,11.9059,0.271666,0,1272,0,-0.298874,0.253199,4.447956,-0.0006416,-0.2310690,0.0145789,0.9728280
1788232644553789440,OK,1,0,12.1375,0.276167,0,1246,0,-0.311014,0.253082,4.457854,-0.0009521,-0.2362753,0.0154809,0.9715624
1788232644587122944,OK,1,0,12.6267,0.294667,0,1639,0,-0.320835,0.253454,4.466504,-0.0007797,-0.2416503,0.0154828,0.9702396
1788232644620456448,OK,1,0,13.8803,0.377208,0,1536,0,-0.331235,0.253485,4.474231,-0.0005123,-0.2470343,0.0153341,0.9688853
1788232644653789696,OK,1,0,14.2378,0.31375,0,1485,0,-0.340562,0.254677,4.482188,-0.0003402,-0.2527784,0.0157828,0.9673954
1788232644687123200,OK,1,0,14.9755,0.318917,0,1440,0,-0.350980,0.254747,4.490462,-0.0007070,-0.2584045,0.0161700,0.9659013
1788232644720456448,OK,1,0,14.2121,0.361875,0,1402,0,-0.363471,0.255684,4.499311,-0.0008820,-0.2637514,0.0161113,0.9644558
1788232644753789696,OK,1,0,13.4775,0.35825,0,1378,0,-0.376804,0.256206,4.506381,-0.0012622,-0.2693855,0.0157123,0.9629034
1788232644787122688,OK,1,0,13.4734,0.327792,0,1422,0,-0.390210,0.260822,4.514036,-0.0008010,-0.2751980,0.0154654,0.9612629
1788232644820455936,OK,1,0,14.0381,0.27925,0,1404,0,-0.400988,0.260231,4.522927,-0.0016103,-0.2809012,0.0156539,0.9596077
1788232644853789184,OK,1,0,13.2974,0.278375,0,1390,0,-0.412692,0.262235,4.530478,-0.0017716,-0.2860006,0.0161114,0.9580923
1788232644887121152,OK,1,0,14.1823,0.289834,0,1358,0,-0.422250,0.260785,4.537768,-0.0021847,-0.2915150,0.0167457,0.9564172
1788232644920453888,OK,1,0,12.7242,0.276417,0,1371,0,-0.431252,0.263821,4.545899,-0.0014096,-0.2968229,0.0174965,0.9547712
1788232644953786624,OK,1,0,12.7074,0.341,0,1352,0,-0.438284,0.260060,4.551976,-0.0016041,-0.3023238,0.0183186,0.9530279
1788232644987119360,OK,1,0,12.242,0.346458,0,1321,0,-0.450540,0.262593,4.557764,-0.0009100,-0.3074541,0.0190190,0.9513724
1788232645020452096,OK,1,0,12.1549,0.271333,0,1278,0,-0.462345,0.262072,4.564538,-0.0011015,-0.3130149,0.0190122,0.9495573
1788232645053784832,OK,1,0,12.0584,0.3395,0,1244,0,-0.474134,0.262230,4.572145,-0.0018406,-0.3189490,0.0193089,0.9475734
1788232645087117312,OK,1,0,12.354,0.260334,0,1891,0,-0.489380,0.263640,4.578678,-0.0027654,-0.3244753,0.0186651,0.9457060
1788232645120454912,OK,1,0,13.9715,0.287041,0,1672,0,-0.502368,0.264457,4.585155,-0.0034889,-0.3300697,0.0179260,0.9437799
1788232645153798400,OK,1,0,14.2782,0.319917,0,1586,0,-0.512562,0.263619,4.591516,-0.0040810,-0.3355330,0.0174515,0.9418580
1788232645187141888,OK,1,0,14.4903,0.315333,0,1537,0,-0.527262,0.264904,4.597956,-0.0046663,-0.3404115,0.0177949,0.9400966
1788232645220485376,OK,1,0,14.6438,0.318542,0,1536,0,-0.537861,0.264894,4.605592,-0.0048819,-0.3455770,0.0185495,0.9381943
1788232645253828864,OK,1,0,14.1213,0.336958,0,1482,0,-0.549332,0.265509,4.610090,-0.0040328,-0.3503840,0.0188765,0.9364072
1788232645287172352,OK,1,0,13.6633,0.3045,0,1476,0,-0.564964,0.262744,4.608291,-0.0040961,-0.3551307,0.0204591,0.9345838
1788232645320514816,OK,1,0,13.9333,0.300625,0,1438,0,-0.576236,0.263091,4.613375,-0.0037027,-0.3604679,0.0214334,0.9325181
1788232645353858304,OK,1,0,13.998,0.329292,0,1408,0,-0.586759,0.263667,4.618559,-0.0035906,-0.3657836,0.0218948,0.9304355
1788232645387201792,OK,1,0,14.0761,0.3215,0,1403,0,-0.597770,0.263646,4.622793,-0.0033929,-0.3709304,0.0221598,0.9283900
1788232645420545536,OK,1,0,13.8012,0.324625,0,1935,0,-0.610567,0.261359,4.626104,-0.0038104,-0.3762603,0.0217512,0.9262508
1788232645453889024,OK,1,0,14.1401,0.302417,0,1640,0,-0.622745,0.262024,4.629309,-0.0042007,-0.3816841,0.0213750,0.9240361
1788232645487232512,OK,1,0,14.1561,0.312916,0,1574,0,-0.637738,0.262318,4.633430,-0.0040223,-0.3865265,0.0208998,0.9220327
1788232645520575744,OK,1,0,14.5847,0.338292,0,1538,0,-0.649122,0.262835,4.636691,-0.0037359,-0.3913715,0.0207521,0.9199912
1788232645553919232,OK,1,0,14.2961,0.322083,0,1490,0,-0.660630,0.262833,4.640294,-0.0041870,-0.3962849,0.0213077,0.9178708
1788232645587262720,OK,1,0,13.7944,0.3305,0,1469,0,-0.672639,0.263321,4.644318,-0.0039468,-0.4010547,0.0221995,0.9157766
1788232645620606208,OK,1,0,13.6677,0.339,0,1443,0,-0.686113,0.264445,4.641940,-0.0028232,-0.4055360,0.0229026,0.9137877
1788232645653949696,OK,1,0,13.6021,0.294167,0,1418,0,-0.697683,0.264526,4.645309,-0.0021892,-0.4107163,0.0231839,0.9114658
1788232645687293184,OK,1,0,14.4315,0.310666,0,2033,0,-0.709338,0.264710,4.646780,-0.0023274,-0.4158866,0.0232630,0.9091160
1788232645720636672,OK,1,0,15.6935,0.339125,0,1747,0,-0.723088,0.265510,4.650141,-0.0025457,-0.4207529,0.0230060,0.9068800
1788232645753979904,OK,1,0,14.7041,0.325667,0,1655,0,-0.737922,0.265272,4.651408,-0.0024415,-0.4257388,0.0227556,0.9045566
1788232645787322624,OK,1,0,14.9267,0.325125,0,1623,0,-0.751164,0.266112,4.655541,-0.0021523,-0.4308040,0.0223962,0.9021650
1788232645820666112,OK,1,0,15.5793,0.341916,0,1579,0,-0.763567,0.265721,4.658054,-0.0021317,-0.4356164,0.0228064,0.8998410
1788232645854009600,OK,1,0,14.5162,0.350458,0,1524,0,-0.774938,0.266620,4.661817,-0.0015958,-0.4402882,0.0232805,0.8975533
1788232645887352832,OK,1,0,14.0874,0.336583,0,1493,0,-0.786692,0.266126,4.664371,-0.0012051,-0.4450201,0.0239123,0.8952004
1788232645920696320,OK,1,0,13.2537,0.421917,0,1478,0,-0.792808,0.262495,4.662495,-0.0019116,-0.4509734,0.0245407,0.8921980
1788232645954039808,OK,1,0,14.149,0.300416,0,2134,0,-0.804704,0.263046,4.664793,-0.0019484,-0.4559375,0.0245096,0.8896722
1788232645987383040,OK,1,0,15.7359,0.314917,0,1634,0,-0.818933,0.263879,4.667841,-0.0016987,-0.4606246,0.0245268,0.8872545
1788232646020726528,OK,1,0,14.39,0.359375,0,1630,0,-0.833247,0.264096,4.670369,-0.0014360,-0.4656270,0.0243670,0.8846444
1788232646054070016,OK,1,0,14.9435,0.336666,0,1544,0,-0.845226,0.263479,4.672196,-0.0015679,-0.4704288,0.0243259,0.8821012
1788232646087413248,OK,1,0,16.0059,0.328333,0,1551,0,-0.857664,0.263521,4.673925,-0.0014824,-0.4751353,0.0243432,0.8795748
1788232646120754688,OK,1,0,13.7402,0.345833,0,1437,0,-0.870310,0.262479,4.675816,-0.0011826,-0.4800563,0.0244398,0.8768964
1788232646154092800,OK,1,0,13.9721,0.346958,0,1440,0,-0.883241,0.263233,4.678905,-0.0005389,-0.4850465,0.0247032,0.8741392
1788232646187430912,OK,1,0,13.7198,0.319625,0,2022,0,-0.898346,0.264015,4.680786,-0.0001420,-0.4895709,0.0257054,0.8715845
1788232646220768000,OK,1,0,14.7084,0.330792,0,1743,0,-0.909442,0.264862,4.684270,0.0000245,-0.4942321,0.0265863,0.8689233
1788232646254106112,OK,1,0,14.908,0.351875,0,1621,0,-0.920976,0.264510,4.685612,0.0007203,-0.4987710,0.0270478,0.8663114
1788232646287444224,OK,1,0,16.2291,0.341667,0,1580,0,-0.933399,0.264348,4.687428,0.0011649,-0.5033626,0.0276775,0.8636311
1788232646320782336,OK,1,0,14.164,0.360166,0,1480,0,-0.945278,0.264246,4.689050,0.0011790,-0.5080818,0.0282045,0.8608461
1788232646354120192,OK,1,0,14.0202,0.364208,0,1430,0,-0.958209,0.264871,4.691078,0.0014047,-0.5126686,0.0284338,0.8581145
1788232646387458048,OK,1,0,13.6584,0.338584,0,1368,0,-0.972255,0.263650,4.693312,0.0015666,-0.5173357,0.0286116,0.8553027
1788232646420795904,OK,1,0,14.3296,0.356209,0,1362,0,-0.980526,0.260903,4.696763,0.0014231,-0.5230075,0.0289735,0.8518344
1788232646454133760,OK,1,0,13.0523,0.300958,0,1810,0,-0.992590,0.261210,4.696390,0.0016954,-0.5276682,0.0290896,0.8489507
1788232646487471616,OK,1,0,14.0716,0.325833,0,1616,0,-1.005340,0.260823,4.697659,0.0018786,-0.5322751,0.0293145,0.8460617
1788232646520809216,OK,1,0,14.0102,0.342458,0,1522,0,-1.017931,0.261248,4.698956,0.0021591,-0.5368789,0.0297197,0.8431329
1788232646554147072,OK,1,0,14.3603,0.346542,0,1459,0,-1.031655,0.261770,4.699962,0.0022027,-0.5414807,0.0299905,0.8401753
1788232646587484928,OK,1,0,13.9259,0.355,0,1368,0,-1.045115,0.261877,4.701091,0.0022030,-0.5461382,0.0301191,0.8371506
1788232646620822272,OK,1,0,13.309,0.334792,0,1335,0,-1.057874,0.261953,4.702097,0.0020126,-0.5508901,0.0304970,0.8340180
1788232646654158848,OK,1,0,13.0747,0.386334,0,1264,0,-1.072284,0.262050,4.702446,0.0020635,-0.5553413,0.0303530,0.8310659
1788232646687496704,OK,1,0,15.6882,0.356375,0,1289,0,-1.083647,0.258529,4.702988,0.0017066,-0.5603024,0.0310331,0.8277049
1788232646720834048,OK,1,0,12.8605,0.337792,0,1588,0,-1.096306,0.259341,4.705990,0.0019740,-0.5650303,0.0317674,0.8244560
1788232646754171648,OK,1,0,13.4018,0.354916,0,1472,0,-1.107923,0.259888,4.707213,0.0020592,-0.5694691,0.0327286,0.8213584
1788232646787508992,OK,1,0,12.9968,0.349042,0,1415,0,-1.119777,0.259488,4.710093,0.0025156,-0.5739979,0.0334510,0.8181695
1788232646820846336,OK,1,0,13.2135,0.352083,0,1343,0,-1.130889,0.259217,4.707126,0.0031346,-0.5781598,0.0334173,0.8152329
1788232646854183936,OK,1,0,12.5843,0.344042,0,1288,0,-1.142541,0.258643,4.707241,0.0034520,-0.5826049,0.0335921,0.8120537
1788232646887521024,OK,1,0,12.0658,0.377041,0,1240,0,-1.156985,0.259556,4.708344,0.0030196,-0.5870279,0.0338946,0.8088512
1788232646920858368,OK,1,0,12.0349,0.3455,0,1265,0,-1.170409,0.260919,4.706891,0.0029057,-0.5914729,0.0339191,0.8056059
1788232646954195456,OK,1,0,14.7595,0.357083,0,1242,0,-1.188863,0.258596,4.702591,0.0029856,-0.5952700,0.0338463,0.8028071
1788232646987532800,OK,1,0,12.0713,0.340459,0,1543,0,-1.199040,0.258375,4.707374,0.0031579,-0.6001266,0.0337878,0.7991849
1788232647020869888,OK,1,0,12.9353,0.327666,0,1477,0,-1.210929,0.260927,4.710598,0.0030498,-0.6047764,0.0343315,0.7956492
1788232647054206976,OK,1,0,13.245,0.372292,0,1457,0,-1.224226,0.260150,4.707600,0.0033670,-0.6089391,0.0347226,0.7924495
1788232647087544064,OK,1,0,13.0745,0.336666,0,1350,0,-1.234468,0.256821,4.706585,0.0037338,-0.6133751,0.0349195,0.7890105
1788232647120878592,OK,1,0,12.902,0.311167,0,1291,0,-1.245249,0.257380,4.705982,0.0041102,-0.6180035,0.0355851,0.7853588
1788232647154212096,OK,1,0,12.1506,0.355125,0,1249,0,-1.256704,0.258978,4.705129,0.0042295,-0.6224130,0.0364166,0.7818299
1788232647187545344,OK,1,0,11.7832,0.354708,0,1184,0,-1.268478,0.255865,4.703580,0.0042567,-0.6264538,0.0364843,0.7785926
1788232647220878592,OK,1,0,11.7377,0.35225,0,1450,0,-1.281093,0.261706,4.703218,0.0050747,-0.6308590,0.0367443,0.7750103
1788232647254211840,OK,1,0,12.4807,0.340708,0,1442,0,-1.294131,0.260085,4.699312,0.0045524,-0.6351319,0.0366849,0.7715186
1788232647287545088,OK,1,0,12.4507,0.341417,0,1323,0,-1.307699,0.261903,4.695212,0.0045199,-0.6391567,0.0367118,0.7681865
1788232647320878080,OK,1,0,11.074,0.343584,0,1384,0,-1.322017,0.260667,4.693686,0.0047240,-0.6434295,0.0361505,0.7646368
1788232647354211072,OK,1,0,11.0059,0.344416,0,1201,0,-1.334212,0.257782,4.688036,0.0042424,-0.6474180,0.0360600,0.7612697
1788232647387544064,OK,1,0,10.4933,0.316625,0,1301,0,-1.347004,0.258415,4.689315,0.0038552,-0.6517351,0.0361842,0.7575732
1788232647420877056,OK,1,0,10.6337,0.356541,0,1262,0,-1.359470,0.260760,4.686161,0.0042180,-0.6556677,0.0366154,0.7541495
1788232647454209792,OK,1,0,10.9782,0.33375,0,1310,0,-1.371146,0.256725,4.683509,0.0043718,-0.6598183,0.0362110,0.7505394
1788232647487542272,OK,1,0,10.9885,0.328042,0,1301,0,-1.384394,0.259931,4.679124,0.0047603,-0.6640114,0.0364482,0.7468184
1788232647520875008,OK,1,0,11.1758,0.358583,0,1274,0,-1.398280,0.260482,4.676794,0.0044036,-0.6682404,0.0364047,0.7430412
1788232647554206464,OK,1,0,11.5039,0.338334,0,1320,0,-1.410438,0.259904,4.676830,0.0043712,-0.6720978,0.0365243,0.7395481
1788232647587538944,OK,1,0,10.0011,0.32625,0,1270,0,-1.422645,0.260783,4.673220,0.0048044,-0.6754232,0.0368194,0.7364949
1788232647620871424,OK,1,0,10.4722,0.334417,0,1259,0,-1.434677,0.259992,4.671342,0.0048094,-0.6779611,0.0371262,0.7341440
1788232647654203648,OK,1,0,10.9027,0.345084,0,1151,0,-1.446068,0.259480,4.669563,0.0046664,-0.6800097,0.0376498,0.7322210
1788232647687535872,OK,1,0,9.76608,0.32675,0,1228,0,-1.458572,0.260606,4.667909,0.0050223,-0.6815728,0.0380685,0.7307422
1788232647720868096,OK,1,0,10.3101,0.292542,0,1281,0,-1.468928,0.259045,4.665276,0.0056711,-0.6827286,0.0378439,0.7296693
1788232647754200320,OK,1,0,10.037,0.307291,0,1181,0,-1.481120,0.258307,4.662862,0.0058675,-0.6836337,0.0375892,0.7288331
1788232647787532288,OK,1,0,10.7052,0.327875,0,1221,0,-1.493486,0.258671,4.662076,0.0061799,-0.6844586,0.0376278,0.7280540
1788232647820864256,OK,1,0,10.5734,0.337166,0,1142,0,-1.507458,0.258242,4.662088,0.0059402,-0.6855279,0.0378088,0.7270396
1788232647854195968,OK,1,0,10.0358,0.312625,0,1268,0,-1.519303,0.258293,4.662879,0.0063319,-0.6865839,0.0380721,0.7260255
1788232647887528192,OK,1,0,10.2979,0.304,0,1333,0,-1.531331,0.256992,4.659967,0.0064954,-0.6874774,0.0382859,0.7251668
1788232647920859648,OK,1,0,11.5091,0.348458,0,1279,0,-1.544029,0.256964,4.658337,0.0064314,-0.6886491,0.0382041,0.7240591
1788232647954191360,OK,1,0,10.042,0.304917,0,1303,0,-1.555368,0.255776,4.658567,0.0069832,-0.6898102,0.0381000,0.7229533
1788232647987522048,OK,1,0,11.6066,0.303208,0,1339,0,-1.567688,0.257042,4.659426,0.0072227,-0.6909943,0.0381248,0.7218180
1788232648020853504,OK,1,0,10.7643,0.330625,0,1383,0,-1.580271,0.256028,4.656471,0.0070087,-0.6919265,0.0377512,0.7209463
1788232648054184960,OK,1,0,10.7226,0.336708,0,1389,0,-1.595333,0.257766,4.657238,0.0073916,-0.6933750,0.0376285,0.7195558
1788232648087516416,OK,1,0,11.704,0.314667,0,1567,0,-1.607404,0.256356,4.656981,0.0070060,-0.6944020,0.0376851,0.7185656
1788232648120851456,OK,1,0,12.4207,0.325875,0,1478,0,-1.620086,0.256064,4.658855,0.0065718,-0.6951066,0.0380901,0.7178668
1788232648154191872,OK,1,0,11.1888,0.326417,0,1374,0,-1.632130,0.255800,4.656115,0.0066718,-0.6957992,0.0382312,0.7171872
1788232648187532032,OK,1,0,11.6046,0.355666,0,1356,0,-1.646376,0.254710,4.656222,0.0067415,-0.6965917,0.0386122,0.7163963
1788232648220872192,OK,1,0,11.7608,0.330584,0,1518,0,-1.657419,0.256426,4.657201,0.0069241,-0.6973023,0.0388904,0.7156878
1788232648254212352,OK,1,0,11.1045,0.341041,0,1466,0,-1.669536,0.256243,4.657329,0.0065644,-0.6982064,0.0387076,0.7148192
1788232648287552512,OK,1,0,11.3621,0.316042,0,1454,0,-1.682525,0.256330,4.658606,0.0066061,-0.6991435,0.0390297,0.7138848
1788232648320892672,OK,1,0,11.226,0.331459,0,1289,0,-1.696527,0.258600,4.658285,0.0066091,-0.6999729,0.0394509,0.7130483
1788232648354232576,OK,1,0,11.5715,0.326208,0,1388,0,-1.708444,0.255483,4.657488,0.0059325,-0.7006993,0.0392231,0.7123530
1788232648387572736,OK,1,0,11.1791,0.329416,0,1324,0,-1.721450,0.256873,4.656084,0.0068353,-0.7013334,0.0395884,0.7117004
1788232648420912896,OK,1,0,10.8663,0.320625,0,1247,0,-1.733731,0.255579,4.656286,0.0067302,-0.7021662,0.0397836,0.7108689
1788232648454252032,OK,1,0,9.88183,0.304166,0,1312,0,-1.745613,0.253863,4.657779,0.0062629,-0.7030638,0.0397556,0.7099870
1788232648487591680,OK,1,0,10.8885,0.52275,0,1218,0,-1.757719,0.255325,4.655843,0.0067579,-0.7036515,0.0403123,0.7093686
1788232648520931840,OK,1,0,9.91433,0.313208,0,1286,0,-1.771891,0.255582,4.656552,0.0062727,-0.7045612,0.0407422,0.7084450
1788232648554271744,OK,1,0,10.8207,0.314125,0,1240,0,-1.785784,0.255207,4.655394,0.0062149,-0.7053937,0.0405272,0.7076289
1788232648587611648,OK,1,0,9.93904,0.331791,0,1313,0,-1.798908,0.258113,4.653235,0.0067056,-0.7061684,0.0406605,0.7068436
1788232648620951296,OK,1,0,11.217,0.345875,0,1292,0,-1.809835,0.253268,4.653094,0.0057322,-0.7067151,0.0403588,0.7063229
1788232648654291200,OK,1,0,10.5629,0.351917,0,1218,0,-1.824471,0.257761,4.655236,0.0058401,-0.7074888,0.0405351,0.7055370
1788232648687631104,OK,1,0,10.7996,0.366875,0,1284,0,-1.837465,0.256040,4.650791,0.0058985,-0.7080144,0.0402040,0.7050279
1788232648720971008,OK,1,0,11.3098,0.33925,0,1208,0,-1.849503,0.255290,4.648892,0.0057102,-0.7088382,0.0401511,0.7042043
1788232648754310656,OK,1,0,9.61937,0.330791,0,1118,0,-1.863662,0.255251,4.647788,0.0056961,-0.7097487,0.0399318,0.7032992
1788232648787650304,OK,1,0,10.1858,0.321583,0,1308,0,-1.877627,0.256362,4.645144,0.0059048,-0.7105653,0.0402244,0.7024559
1788232648820989952,OK,1,0,11.1122,0.355333,0,1166,0,-1.886831,0.252939,4.643467,0.0057767,-0.7111518,0.0405090,0.7018467
1788232648854329600,OK,1,0,9.88562,0.339834,0,1140,0,-1.900033,0.253500,4.645629,0.0055014,-0.7119312,0.0410432,0.7010273
1788232648887668224,OK,1,0,10.3343,0.324167,0,1220,0,-1.911797,0.255452,4.643405,0.0058616,-0.7124718,0.0414596,0.7004504
1788232648921007872,OK,1,0,10.458,0.336,0,1132,0,-1.927165,0.254773,4.645820,0.0057000,-0.7136988,0.0415994,0.6991931
1788232648954347520,OK,1,0,10.5665,0.329125,0,1297,0,-1.938334,0.256043,4.641971,0.0056895,-0.7142674,0.0413644,0.6986263
1788232648987686912,OK,1,0,10.489,0.333083,0,1127,0,-1.950634,0.256214,4.639503,0.0061549,-0.7149071,0.0411994,0.6979775
1788232649021026560,OK,1,0,11.1404,0.347709,0,1240,0,-1.963614,0.251616,4.636199,0.0053394,-0.7154527,0.0405830,0.6974611
1788232649054365952,OK,1,0,10.809,0.326625,0,1181,0,-1.978926,0.256926,4.637416,0.0054038,-0.7162679,0.0406207,0.6966212
1788232649087705600,OK,1,0,10.2148,0.336916,0,1251,0,-1.991967,0.255318,4.635584,0.0052776,-0.7170696,0.0398994,0.6958387
1788232649121046528,OK,1,0,10.4573,0.323791,0,1117,0,-2.005652,0.253994,4.632719,0.0049044,-0.7177827,0.0394088,0.6951337
1788232649154390016,OK,1,0,9.34017,0.301917,0,1077,0,-2.018689,0.251853,4.629543,0.0047275,-0.7181889,0.0389425,0.6947416
1788232649187733760,OK,1,0,9.68533,0.297167,0,1085,0,-2.032336,0.255095,4.630282,0.0052085,-0.7192647,0.0387390,0.6936356
1788232649221077504,OK,1,0,10.494,0.307333,0,1189,0,-2.046374,0.254287,4.627609,0.0051891,-0.7200278,0.0388461,0.6928377
1788232649254421248,OK,1,0,10.1364,0.325416,0,1211,0,-2.050858,0.254363,4.624679,0.0059495,-0.7205386,0.0391655,0.6922824
1788232649287764992,OK,1,0,9.76604,0.316958,0,1190,0,-2.060603,0.251168,4.624420,0.0060413,-0.7212901,0.0393897,0.6914858
1788232649321107456,OK,1,0,10.4026,0.35225,0,1150,0,-2.070437,0.251624,4.619923,0.0064540,-0.7218511,0.0400250,0.6908598
1788232649354451200,OK,1,0,11.365,0.333292,0,1140,0,-2.083109,0.250819,4.619471,0.0065769,-0.7226654,0.0402131,0.6899959
1788232649387794944,OK,1,0,10.1376,0.334416,0,1148,0,-2.096816,0.251418,4.620276,0.0070429,-0.7235248,0.0400093,0.6891019
1788232649421138432,OK,1,0,11.0493,0.359667,0,1129,0,-2.106542,0.253102,4.616421,0.0072707,-0.7241997,0.0401283,0.6883835
1788232649454482176,OK,1,0,10.8721,0.345292,0,1093,0,-2.120574,0.253364,4.615089,0.0073497,-0.7249525,0.0399198,0.6876018
1788232649487825920,OK,1,0,9.52871,0.333166,0,1319,0,-2.134454,0.243410,4.593260,0.0065126,-0.7247416,0.0395724,0.6878526
1788232649521169664,OK,1,0,9.67179,0.302209,0,1208,0,-2.147860,0.246276,4.592050,0.0061548,-0.7256107,0.0397406,0.6869294
1788232649554513408,OK,1,0,9.9055,0.314292,0,1194,0,-2.162327,0.243456,4.590588,0.0055944,-0.7263819,0.0391741,0.6861512
1788232649587857152,OK,1,0,10.4214,0.349417,0,1165,0,-2.175021,0.245501,4.588709,0.0058903,-0.7271512,0.0390183,0.6853423
1788232649621200896,OK,1,0,11.0844,0.346875,0,1327,0,-2.188670,0.247640,4.585410,0.0059579,-0.7280877,0.0389748,0.6843492
1788232649654544640,OK,1,0,10.8078,0.322625,0,1244,0,-2.201383,0.245556,4.584775,0.0053650,-0.7287131,0.0388714,0.6836940
1788232649687888384,OK,1,0,9.82475,0.304542,0,1176,0,-2.213089,0.246522,4.580573,0.0053985,-0.7290353,0.0392461,0.6833287
1788232649721232384,OK,1,0,11.0205,0.338333,0,1153,0,-2.226406,0.246498,4.580347,0.0052371,-0.7299355,0.0395181,0.6823526
1788232649754576128,OK,1,0,11.2993,0.336292,0,1139,0,-2.237902,0.244633,4.576809,0.0052947,-0.7305647,0.0395805,0.6816748
1788232649787918848,OK,1,0,10.667,0.38025,0,1246,0,-2.250853,0.247965,4.575388,0.0055759,-0.7315205,0.0398068,0.6806337
1788232649821262592,OK,1,0,11.3282,0.339917,0,1149,0,-2.262335,0.245348,4.571582,0.0053466,-0.7320961,0.0393755,0.6800414
1788232649854606592,OK,1,0,9.72508,0.348125,0,1327,0,-2.274458,0.244453,4.568912,0.0051953,-0.7325588,0.0395004,0.6795368
1788232649887950336,OK,1,0,11.0375,0.320708,0,1221,0,-2.288200,0.248601,4.569251,0.0052774,-0.7333381,0.0399738,0.6786675
1788232649921294336,OK,1,0,9.90125,0.326333,0,1208,0,-2.300976,0.243994,4.565832,0.0048667,-0.7340311,0.0398110,0.6779304
1788232649954638080,OK,1,0,10.9246,0.331708,0,1295,0,-2.313074,0.247864,4.563951,0.0052504,-0.7348694,0.0405275,0.6769764
1788232649987982080,OK,1,0,12.0156,0.307792,0,1188,0,-2.324963,0.247155,4.561600,0.0048883,-0.7355815,0.0405714,0.6762027
1788232650021326080,OK,1,0,10.8818,0.32425,0,1182,0,-2.337319,0.248044,4.560215,0.0053557,-0.7363586,0.0410550,0.6753235
1788232650054669824,OK,1,0,10.638,0.3435,0,1252,0,-2.349925,0.246194,4.557001,0.0050045,-0.7368850,0.0411016,0.6747489
1788232650088013824,OK,1,0,11.2638,0.314541,0,1246,0,-2.363705,0.247729,4.555902,0.0052967,-0.7375542,0.0411629,0.6740114
1788232650121355520,OK,1,0,9.88046,0.31275,0,1204,0,-2.373688,0.246217,4.553488,0.0055175,-0.7383379,0.0410688,0.6731568
1788232650154693632,OK,1,0,10.082,0.324542,0,1183,0,-2.386620,0.243529,4.551199,0.0046234,-0.7390686,0.0408196,0.6723764
1788232650188032000,OK,1,0,11.112,0.322625,0,1240,0,-2.398996,0.245797,4.549098,0.0048678,-0.7396164,0.0408341,0.6717712
1788232650221369088,OK,1,0,10.6457,0.338959,0,1159,0,-2.412769,0.246487,4.547308,0.0047463,-0.7405725,0.0408115,0.6707192
1788232650254706944,OK,1,0,11.1382,0.29975,0,1249,0,-2.425946,0.242285,4.540276,0.0043624,-0.7418630,0.0401172,0.6693362
1788232650288045056,OK,1,0,10.6904,0.304833,0,1145,0,-2.437721,0.243772,4.535747,0.0045753,-0.7436459,0.0398794,0.6673676
1788232650321383424,OK,1,0,10.6307,0.308583,0,1268,0,-2.449644,0.242055,4.531641,0.0044789,-0.7452158,0.0396088,0.6656309
1788232650354721280,OK,1,0,11.0476,0.33225,0,1227,0,-2.460432,0.240653,4.528678,0.0044023,-0.7465413,0.0399462,0.6641244
1788232650388059136,OK,1,0,11.0529,0.289541,0,1167,0,-2.473158,0.239755,4.523962,0.0039762,-0.7481862,0.0401437,0.6622613
1788232650421396992,OK,1,0,10.4302,0.313334,0,1232,0,-2.485095,0.239190,4.519147,0.0046317,-0.7503703,0.0400086,0.6597896
1788232650454734848,OK,1,0,10.8293,0.317167,0,1231,0,-2.497568,0.238407,4.514639,0.0046673,-0.7527618,0.0396436,0.6570817
1788232650488072448,OK,1,0,10.814,0.302542,0,1250,0,-2.509656,0.236762,4.504325,0.0042344,-0.7543310,0.0391510,0.6553122
1788232650521410304,OK,1,0,10.6613,0.327292,0,1217,0,-2.522484,0.239033,4.497744,0.0038535,-0.7566086,0.0393381,0.6526724
1788232650554748160,OK,1,0,10.5674,0.327167,0,1331,0,-2.532269,0.240928,4.494775,0.0041595,-0.7591010,0.0395609,0.6497564
1788232650588085760,OK,1,0,10.6473,0.333208,0,1249,0,-2.543571,0.236184,4.489903,0.0039470,-0.7614439,0.0392574,0.6470290
1788232650621423360,OK,1,0,16.4047,0.313792,0,1203,0,-2.555378,0.237450,4.484726,0.0034738,-0.7638946,0.0397717,0.6441049
1788232650654759936,OK,1,0,10.5266,0.325416,0,1165,0,-2.567633,0.238559,4.479229,0.0034904,-0.7663523,0.0403209,0.6411445
1788232650688097536,OK,1,0,10.3273,0.327,0,1121,0,-2.579770,0.237836,4.470762,0.0041220,-0.7685384,0.0401817,0.6385273
1788232650721435136,OK,1,0,10.358,0.355625,0,1150,0,-2.592219,0.237340,4.465382,0.0044889,-0.7713006,0.0399262,0.6352016
1788232650754772480,OK,1,0,11.1112,0.330375,0,1114,0,-2.602747,0.238252,4.455648,0.0047303,-0.7736837,0.0397196,0.6323081
1788232650788109824,OK,1,0,10.2805,0.300459,0,1084,0,-2.615663,0.236457,4.448766,0.0044931,-0.7760943,0.0395885,0.6293570
1788232650821447168,OK,1,0,9.92183,0.288125,0,1095,0,-2.623402,0.235690,4.441994,0.0041740,-0.7784802,0.0397943,0.6263925
1788232650854784512,OK,1,0,10.3873,0.319667,0,1177,0,-2.637373,0.240712,4.434221,0.0050971,-0.7811825,0.0404860,0.6229677
1788232650888121856,OK,1,0,11.314,0.31025,0,1495,0,-2.648019,0.242158,4.424868,0.0052098,-0.7836628,0.0406226,0.6198348
1788232650921458944,OK,1,0,10.9205,0.344708,0,1199,0,-2.657657,0.237629,4.418930,0.0044566,-0.7863967,0.0401183,0.6164016
1788232650954796032,OK,1,0,10.3875,0.289166,0,1215,0,-2.670419,0.235839,4.409805,0.0049051,-0.7891700,0.0397257,0.6128691
1788232650988133376,OK,1,0,10.5919,0.32425,0,1121,0,-2.681622,0.233790,4.403659,0.0052673,-0.7924219,0.0394021,0.6086767
1788232651021470464,OK,1,0,10.9732,0.330917,0,1285,0,-2.692113,0.237526,4.389967,0.0056346,-0.7954312,0.0396244,0.6047209
1788232651054807296,OK,1,0,10.8624,0.329875,0,1086,0,-2.705419,0.237433,4.385073,0.0054460,-0.7987789,0.0397910,0.6002827
1788232651088144640,OK,1,0,10.4136,0.29025,0,1056,0,-2.715730,0.237511,4.377884,0.0053074,-0.8016262,0.0403427,0.5964393
1788232651121480704,OK,1,0,10.2212,0.33825,0,1031,0,-2.722078,0.238372,4.365983,0.0059083,-0.8039379,0.0411244,0.5932602
1788232651154818560,OK,1,0,10.1967,0.345667,0,1005,0,-2.739733,0.238662,4.358687,0.0064058,-0.8071810,0.0415488,0.5888053
1788232651188156160,OK,1,0,10.455,0.3245,0,975,0,-2.747633,0.239612,4.349720,0.0063627,-0.8099822,0.0420122,0.5849133
1788232651221494016,OK,1,0,9.64167,0.308459,0,933,0,-2.756718,0.237487,4.341230,0.0058434,-0.8128427,0.0419992,0.5809377
1788232651254831872,OK,1,0,9.77683,0.3635,0,1152,0,-2.771883,0.240993,4.333011,0.0062415,-0.8162917,0.0421611,0.5760654
1788232651288169472,OK,1,0,10.7647,0.341625,0,1092,0,-2.779503,0.237776,4.319484,0.0063369,-0.8195258,0.0414318,0.5715075
1788232651321507328,OK,1,0,9.63975,0.307333,0,1070,0,-2.789366,0.236803,4.309168,0.0068486,-0.8227494,0.0410216,0.5668807
1788232651354844928,OK,1,0,10.027,0.346167,0,1033,0,-2.800266,0.237292,4.298657,0.0066204,-0.8258039,0.0413411,0.5624011
1788232651388182528,OK,1,0,10.0856,0.3385,0,999,0,-2.809913,0.233629,4.287261,0.0065274,-0.8287304,0.0412167,0.5580900
1788232651421520384,OK,1,0,9.20146,0.349667,0,1017,0,-2.816717,0.237892,4.276970,0.0073186,-0.8315820,0.0423278,0.5537382
1788232651454858240,OK,1,0,12.3795,0.357708,0,994,0,-2.825783,0.234387,4.270063,0.0069627,-0.8348914,0.0431440,0.5486770
1788232651488195840,OK,1,0,9.48608,0.345416,0,951,0,-2.833329,0.234459,4.261262,0.0067238,-0.8378923,0.0442158,0.5440003
1788232651521533440,OK,1,0,9.83413,0.329917,0,922,0,-2.843178,0.233763,4.250684,0.0067165,-0.8407372,0.0450251,0.5395263
1788232651554870016,OK,1,0,9.30467,0.334333,0,914,0,-2.855235,0.236768,4.239962,0.0077422,-0.8439139,0.0455537,0.5344851
1788232651588208128,OK,1,0,9.57558,0.357292,0,1094,0,-2.869849,0.236872,4.238380,0.0073899,-0.8484001,0.0456235,0.5273341
1788232651621545728,OK,1,0,10.8561,0.317208,0,1280,0,-2.876114,0.240990,4.222676,0.0078742,-0.8512914,0.0456992,0.5226401
1788232651654883328,OK,1,0,10.5805,0.287209,0,1156,0,-2.883932,0.239444,4.211367,0.0084817,-0.8544945,0.0452028,0.5174205
1788232651688220928,OK,1,0,10.7153,0.366625,0,1118,0,-2.895751,0.236443,4.199379,0.0084824,-0.8579077,0.0450900,0.5117512
1788232651721558528,OK,1,0,11.4252,0.357833,0,1086,0,-2.904309,0.231792,4.189992,0.0074778,-0.8611169,0.0451623,0.5063419
1788232651754896128,OK,1,0,9.69329,0.35275,0,1045,0,-2.915613,0.233924,4.180415,0.0074616,-0.8642918,0.0461584,0.5008127
1788232651788233984,OK,1,0,9.77417,0.322458,0,1210,0,-2.923934,0.231873,4.169694,0.0079323,-0.8673126,0.0467649,0.4954988
1788232651821571584,OK,1,0,9.86658,0.310083,0,1062,0,-2.929215,0.231553,4.158552,0.0077916,-0.8704864,0.0473172,0.4898508
1788232651854909184,OK,1,0,10.0208,0.326334,0,1289,0,-2.936562,0.232151,4.145066,0.0080280,-0.8734246,0.0471580,0.4846042
1788232651888246784,OK,1,0,11.022,0.361541,0,1270,0,-2.938530,0.230523,4.132742,0.0082650,-0.8761383,0.0472349,0.4796689
1788232651921584384,OK,1,0,12.1761,0.349875,0,1253,0,-2.947801,0.230776,4.120811,0.0087109,-0.8791891,0.0474982,0.4740196
1788232651954922240,OK,1,0,11.0137,0.3525,0,1243,0,-2.952944,0.230133,4.108355,0.0081717,-0.8820240,0.0477307,0.4687095
1788232651988258560,OK,1,0,12.0979,0.354833,0,1239,0,-2.959351,0.226425,4.098240,0.0077662,-0.8848044,0.0478245,0.4634369
1788232652021596160,OK,1,0,11.732,0.36,0,1184,0,-2.965591,0.226156,4.086594,0.0083079,-0.8874477,0.0485535,0.4582686
1788232652054933760,OK,1,0,10.8214,0.328333,0,1177,0,-2.970793,0.223019,4.078341,0.0080773,-0.8904675,0.0488579,0.4523443
1788232652088271360,OK,1,0,10.44,0.307584,0,1202,0,-2.980473,0.227172,4.066773,0.0077475,-0.8934180,0.0493415,0.4464412
1788232652121609728,OK,1,0,10.5028,0.320833,0,1191,0,-2.986324,0.225931,4.055300,0.0073650,-0.8962007,0.0494836,0.4408192
1788232652154948096,OK,1,0,10.5312,0.346541,0,1143,0,-2.988483,0.223997,4.042062,0.0077827,-0.8989333,0.0494580,0.4352152
1788232652188286720,OK,1,0,10.5358,0.341625,0,1436,0,-2.990098,0.222808,4.028905,0.0078788,-0.9016825,0.0491361,0.4295256
1788232652221625088,OK,1,0,11.548,0.325459,0,1380,0,-2.997048,0.222326,4.016820,0.0078933,-0.9043601,0.0489973,0.4238747
1788232652254963712,OK,1,0,10.9311,0.335167,0,1340,0,-3.001326,0.223426,4.004038,0.0082594,-0.9069579,0.0494264,0.4182299
1788232652288302080,OK,1,0,11.1027,0.356417,0,1283,0,-3.005044,0.219283,3.992272,0.0076899,-0.9097894,0.0490748,0.4120871
1788232652321640448,OK,1,0,11.8474,0.328334,0,1298,0,-3.011123,0.221916,3.978457,0.0076034,-0.9124453,0.0493748,0.4061378
1788232652354978816,OK,1,0,11.2437,0.348542,0,1259,0,-3.016408,0.224271,3.965795,0.0077328,-0.9149233,0.0498265,0.4004659
1788232652388316928,OK,1,0,11.0491,0.357042,0,1232,0,-3.018478,0.220750,3.953738,0.0074374,-0.9174119,0.0499630,0.3947200
1788232652421655296,OK,1,0,11.4512,0.33225,0,1242,0,-3.023407,0.220155,3.940881,0.0076340,-0.9200224,0.0499626,0.3885928
1788232652454992384,OK,1,0,11.4578,0.346625,0,1208,0,-3.033802,0.220200,3.931292,0.0071092,-0.9228285,0.0499846,0.3818882
1788232652488330496,OK,1,0,11.2959,0.3195,0,1182,0,-3.036774,0.218680,3.918145,0.0065640,-0.9251164,0.0501113,0.3763050
1788232652521668608,OK,1,0,11.3199,0.289834,0,1716,0,-3.039900,0.220078,3.905508,0.0073838,-0.9275226,0.0505994,0.3702528
1788232652555006720,OK,1,0,12.4457,0.356667,0,1540,0,-3.045276,0.216091,3.893371,0.0071858,-0.9299104,0.0506440,0.3642118
1788232652588344832,OK,1,0,11.6741,0.327959,0,1478,0,-3.047364,0.215930,3.880977,0.0070224,-0.9321553,0.0509429,0.3583882
1788232652621682944,OK,1,0,12.5551,0.327583,0,1448,0,-3.048736,0.215857,3.868214,0.0072098,-0.9343570,0.0510043,0.3525954
1788232652655020800,OK,1,0,12.374,0.34875,0,1397,0,-3.051091,0.215633,3.853719,0.0074646,-0.9365836,0.0510101,0.3466315
1788232652688358656,OK,1,0,12.3258,0.342334,0,1363,0,-3.057868,0.215955,3.841307,0.0075373,-0.9389276,0.0508367,0.3402555
1788232652721696512,OK,1,0,11.1852,0.315166,0,1300,0,-3.059519,0.214566,3.826538,0.0077990,-0.9410412,0.0503922,0.3344269
1788232652755034368,OK,1,0,12.4856,0.371417,0,1244,0,-3.064129,0.214113,3.813178,0.0082972,-0.9432500,0.0502459,0.3281553
1788232652788372224,OK,1,0,11.6572,0.351333,0,1608,0,-3.066430,0.213779,3.801105,0.0087107,-0.9455188,0.0504968,0.3215097
1788232652821710080,OK,1,0,13.525,0.264917,0,1575,0,-3.069452,0.213141,3.788892,0.0085928,-0.9476243,0.0509633,0.3151779
1788232652855047680,OK,1,0,11.699,0.340792,0,1454,0,-3.073808,0.213552,3.775976,0.0082686,-0.9496283,0.0514721,0.3090121
1788232652888384256,OK,1,0,11.967,0.330333,0,1378,0,-3.076569,0.210691,3.765136,0.0079142,-0.9515721,0.0519423,0.3029026
1788232652921721856,OK,1,0,11.2546,0.342208,0,1296,0,-3.076915,0.208075,3.752253,0.0079142,-0.9534499,0.0522897,0.2968780
1788232652955059456,OK,1,0,11.2621,0.347542,0,1237,0,-3.081500,0.206564,3.738428,0.0077395,-0.9553785,0.0524307,0.2905911
1788232652988397312,OK,1,0,10.8572,0.330834,0,1205,0,-3.082143,0.207134,3.724580,0.0076569,-0.9572833,0.0518426,0.2843633
1788232653021734656,OK,1,0,10.4081,0.346875,0,1166,0,-3.082815,0.204498,3.709991,0.0074854,-0.9591716,0.0511909,0.2780528
1788232653055072256,OK,1,0,10.5433,0.35425,0,1488,0,-3.083344,0.203377,3.699175,0.0079065,-0.9609769,0.0510398,0.2717644
1788232653088409600,OK,1,0,11.1698,0.308834,0,1465,0,-3.085107,0.201596,3.685846,0.0077745,-0.9626213,0.0509082,0.2659100
1788232653121746176,OK,1,0,11.7666,0.342792,0,1433,0,-3.088674,0.198519,3.672669,0.0077048,-0.9643588,0.0509471,0.2595325
1788232653155081472,OK,1,0,11.2129,0.338416,0,1361,0,-3.086719,0.200561,3.660115,0.0082602,-0.9659183,0.0519728,0.2534413
1788232653188416768,OK,1,0,10.7528,0.312041,0,1311,0,-3.086985,0.193455,3.649736,0.0076394,-0.9676093,0.0526467,0.2467836
1788232653221752064,OK,1,0,11.794,0.352041,0,1300,0,-3.089365,0.192320,3.638894,0.0068933,-0.9691902,0.0534229,0.2403518
1788232653255086848,OK,1,0,12.1099,0.3145,0,1273,0,-3.088578,0.192372,3.628932,0.0067076,-0.9705890,0.0543369,0.2344347
1788232653288422144,OK,1,0,11.4633,0.329792,0,1214,0,-3.090773,0.193713,3.616219,0.0072323,-0.9720629,0.0549229,0.2280899
1788232653321756160,OK,1,0,10.7298,0.351834,0,1519,0,-3.089702,0.196649,3.599091,0.0077815,-0.9733468,0.0554788,0.2223905
1788232653355090944,OK,1,0,11.0067,0.33925,0,1485,0,-3.087861,0.193253,3.586892,0.0073474,-0.9747676,0.0554045,0.2161120
1788232653388425984,OK,1,0,11.2108,0.335167,0,1441,0,-3.085331,0.193150,3.574134,0.0079559,-0.9761112,0.0556156,0.2098826
1788232653421760768,OK,1,0,11.6107,0.346084,0,1354,0,-3.084573,0.190599,3.561380,0.0080729,-0.9774760,0.0556139,0.2034271
1788232653455095808,OK,1,0,11.8349,0.32325,0,1415,0,-3.090892,0.190093,3.546650,0.0077813,-0.9788673,0.0557389,0.1965997
1788232653488430336,OK,1,0,10.8842,0.344541,0,1287,0,-3.092243,0.187907,3.534636,0.0078270,-0.9801045,0.0559395,0.1902755
1788232653521764864,OK,1,0,10.0288,0.342833,0,1376,0,-3.091076,0.189579,3.522428,0.0084780,-0.9813265,0.0563156,0.1837257
1788232653555099648,OK,1,0,10.8077,0.332291,0,1300,0,-3.085132,0.186190,3.512152,0.0083918,-0.9824952,0.0560018,0.1774728
1788232653588434432,OK,1,0,10.6553,0.329167,0,1451,0,-3.087304,0.187127,3.498145,0.0086398,-0.9836821,0.0560180,0.1707538
1788232653621768704,OK,1,0,10.4619,0.302,0,1405,0,-3.081872,0.183643,3.487191,0.0083845,-0.9847417,0.0560896,0.1645217
1788232653655103232,OK,1,0,11.1265,0.329292,0,1375,0,-3.083889,0.186651,3.471284,0.0085721,-0.9858139,0.0565722,0.1577884
1788232653688437760,OK,1,0,11.0194,0.27575,0,1331,0,-3.084371,0.183887,3.460029,0.0079651,-0.9868308,0.0567568,0.1512620
1788232653721772032,OK,1,0,10.026,0.362459,0,1354,0,-3.081930,0.180574,3.447199,0.0077716,-0.9877226,0.0569042,0.1452774
1788232653755106304,OK,1,0,10.541,0.329208,0,1371,0,-3.072484,0.185026,3.428864,0.0091284,-0.9884631,0.0570716,0.1400007
1788232653788439552,OK,1,0,10.4329,0.307458,0,1488,0,-3.071692,0.180846,3.415892,0.0085461,-0.9894628,0.0564813,0.1330422
1788232653821773568,OK,1,0,11.9423,0.318459,0,1883,0,-3.066863,0.182111,3.402195,0.0085854,-0.9903201,0.0560051,0.1267118
1788232653855107840,OK,1,0,11.921,0.314167,0,1691,0,-3.064259,0.183835,3.389601,0.0090917,-0.9910822,0.0561237,0.1205139
1788232653888441856,OK,1,0,10.899,0.347375,0,1575,0,-3.061402,0.182733,3.377992,0.0094230,-0.9918357,0.0559801,0.1141906
1788232653921776128,OK,1,0,12.308,0.330167,0,1664,0,-3.064112,0.182960,3.363080,0.0094413,-0.9924722,0.0559004,0.1085586
1788232653955110144,OK,1,0,11.9092,0.347833,0,1538,0,-3.063223,0.183492,3.350577,0.0092510,-0.9929769,0.0559896,0.1038100
1788232653988443904,OK,1,0,11.1466,0.308875,0,1489,0,-3.062328,0.181350,3.339381,0.0093092,-0.9935018,0.0560877,0.0985989
1788232654021777920,OK,1,0,11.6253,0.32475,0,1465,0,-3.062953,0.181587,3.326479,0.0092089,-0.9940008,0.0560446,0.0934702
1788232654055111680,OK,1,0,11.6285,0.350125,0,1400,0,-3.059985,0.182152,3.313120,0.0090923,-0.9943290,0.0558800,0.0900261
1788232654088445440,OK,1,0,10.9993,0.33375,0,1368,0,-3.058836,0.182206,3.299664,0.0090009,-0.9945859,0.0559795,0.0870879
1788232654121784320,OK,1,0,11.8988,0.33875,0,1373,0,-3.056188,0.183987,3.284689,0.0092429,-0.9948106,0.0559282,0.0844899
1788232654155130624,OK,1,0,10.9748,0.323167,0,1334,0,-3.056649,0.183787,3.272554,0.0090557,-0.9949833,0.0559715,0.0824221
1788232654188476928,OK,1,0,10.742,0.321125,0,1618,0,-3.058776,0.183669,3.260839,0.0090824,-0.9951511,0.0557462,0.0805247
1788232654221821952,OK,1,0,11.3605,0.321584,0,1606,0,-3.058600,0.183470,3.247729,0.0091089,-0.9951809,0.0557177,0.0801722
1788232654255168256,OK,1,0,11.4007,0.338375,0,1579,0,-3.061967,0.183368,3.235261,0.0086885,-0.9951988,0.0557188,0.0799949
1788232654288514560,OK,1,0,10.7647,0.3475,0,1552,0,-3.061742,0.183027,3.223018,0.0087760,-0.9952106,0.0556092,0.0799151
1788232654321860864,OK,1,0,14.2098,0.345417,0,1514,0,-3.064313,0.182357,3.210208,0.0087385,-0.9952629,0.0559730,0.0790097
1788232654355207168,OK,1,0,12.0576,0.351084,0,1500,0,-3.068242,0.179514,3.197432,0.0082788,-0.9953464,0.0556977,0.0781972
1788232654388553728,OK,1,0,11.5691,0.318292,0,1491,0,-3.072609,0.181520,3.183804,0.0083495,-0.9953813,0.0559404,0.0775695
1788232654421900288,OK,1,0,10.9332,0.308916,0,1492,0,-3.073187,0.179970,3.171722,0.0082846,-0.9953983,0.0563532,0.0770577
1788232654455246848,OK,1,0,11.0108,0.366542,0,1455,0,-3.074017,0.178418,3.160239,0.0083819,-0.9954176,0.0563926,0.0767691
1788232654488593408,OK,1,0,10.8682,0.29825,0,1462,0,-3.077403,0.179345,3.148025,0.0085510,-0.9954348,0.0566372,0.0763460
1788232654521940224,OK,1,0,10.981,0.361292,0,1436,0,-3.075984,0.179791,3.134363,0.0084535,-0.9954622,0.0565710,0.0760475
1788232654555286784,OK,1,0,10.2408,0.373208,0,1404,0,-3.078299,0.178689,3.120347,0.0084882,-0.9955248,0.0561517,0.0755333
1788232654588633600,OK,1,0,11.5079,0.342,0,1394,0,-3.083163,0.176635,3.107559,0.0085007,-0.9956008,0.0557673,0.0748115
1788232654621980160,OK,1,0,10.4823,0.327042,0,1359,0,-3.082352,0.178055,3.092999,0.0086739,-0.9956329,0.0554434,0.0746045
1788232654655326208,OK,1,0,11.3438,0.331042,0,1344,0,-3.084272,0.176953,3.082216,0.0089056,-0.9956856,0.0549736,0.0742206
1788232654688673024,OK,1,0,11.906,0.364875,0,1346,0,-3.085046,0.175331,3.068413,0.0089840,-0.9957358,0.0547831,0.0736780
1788232654722020096,OK,1,0,11.7219,0.354667,0,1311,0,-3.086633,0.176393,3.055220,0.0085892,-0.9957906,0.0546306,0.0730954
1788232654755366912,OK,1,0,10.9044,0.309542,0,1257,0,-3.089410,0.174829,3.042420,0.0084355,-0.9958139,0.0547646,0.0726942
1788232654788713984,OK,1,0,10.0365,0.282291,0,1244,0,-3.090053,0.175798,3.032373,0.0083548,-0.9958248,0.0550304,0.0723525
1788232654822061056,OK,1,0,10.0633,0.3485,0,1240,0,-3.091520,0.174783,3.018616,0.0081018,-0.9958880,0.0546103,0.0718272
1788232654855407872,OK,1,0,9.96025,0.371875,0,1431,0,-3.093383,0.172392,3.006447,0.0083665,-0.9959352,0.0544323,0.0712761
1788232654888755200,OK,1,0,10.5231,0.279459,0,1468,0,-3.094046,0.173651,2.992843,0.0082758,-0.9959741,0.0543191,0.0708271
1788232654922102272,OK,1,0,11.08,0.301958,0,1411,0,-3.099171,0.172328,2.979512,0.0082410,-0.9960494,0.0539589,0.0700440
1788232654955449600,OK,1,0,11.6964,0.3485,0,1389,0,-3.098836,0.172338,2.968234,0.0080631,-0.9960645,0.0539287,0.0698723
1788232654988796928,OK,1,0,11.1063,0.332833,0,1366,0,-3.101746,0.171872,2.954709,0.0080339,-0.9961318,0.0534958,0.0692467
1788232655022144256,OK,1,0,11.2745,0.346708,0,1391,0,-3.108461,0.170421,2.941785,0.0081348,-0.9962495,0.0530354,0.0678832
1788232655055491328,OK,1,0,10.8836,0.303542,0,1358,0,-3.106637,0.170487,2.927442,0.0082352,-0.9962732,0.0528416,0.0676727
1788232655088838912,OK,1,0,10.6529,0.286792,0,1333,0,-3.110114,0.170856,2.915166,0.0081912,-0.9963289,0.0524356,0.0671718
1788232655122182144,OK,1,0,10.3925,0.3375,0,1303,0,-3.108848,0.170174,2.902590,0.0081996,-0.9963382,0.0524632,0.0670123
1788232655155522048,OK,1,0,10.3016,0.274875,0,1281,0,-3.113191,0.168709,2.889334,0.0083052,-0.9964047,0.0520936,0.0662945
1788232655188861696,OK,1,0,9.96708,0.35,0,1287,0,-3.114287,0.170243,2.876631,0.0085977,-0.9964499,0.0518615,0.0657586
1788232655222201600,OK,1,0,10.117,0.26925,0,1256,0,-3.116071,0.166834,2.864117,0.0084257,-0.9965356,0.0513068,0.0649117
1788232655255541760,OK,1,0,10.5567,0.280708,0,1383,0,-3.114068,0.167858,2.850710,0.0086619,-0.9965355,0.0514602,0.0647595
1788232655288881664,OK,1,0,11.6725,0.312125,0,1476,0,-3.115458,0.167539,2.839054,0.0084781,-0.9965613,0.0515782,0.0642920
1788232655322221312,OK,1,0,12.2128,0.332,0,1444,0,-3.120314,0.165756,2.826632,0.0079379,-0.9966115,0.0516722,0.0635024
1788232655355561216,OK,1,0,11.1704,0.361083,0,1370,0,-3.122357,0.165108,2.814539,0.0079993,-0.9966381,0.0518671,0.0629148
1788232655388901120,OK,1,0,11.3751,0.3405,0,1366,0,-3.122779,0.165351,2.803238,0.0080861,-0.9966663,0.0523224,0.0620761
1788232655422241024,OK,1,0,11.3063,0.334125,0,1369,0,-3.122890,0.165135,2.791543,0.0080024,-0.9967063,0.0524832,0.0613028
1788232655455580928,OK,1,0,11.3151,0.308542,0,1338,0,-3.128713,0.165173,2.778458,0.0082012,-0.9967849,0.0524114,0.0600473
1788232655488920832,OK,1,0,12.2175,0.293709,0,1330,0,-3.129039,0.164269,2.766190,0.0082698,-0.9968514,0.0524324,0.0589045
1788232655522260736,OK,1,0,10.4858,0.275958,0,1306,0,-3.126754,0.164663,2.753175,0.0080218,-0.9969707,0.0521589,0.0571358
1788232655555599616,OK,1,0,10.5386,0.27125,0,1308,0,-3.125406,0.163462,2.741045,0.0081279,-0.9971111,0.0520132,0.0547541
1788232655588939520,OK,1,0,10.3212,0.262667,0,1299,0,-3.126104,0.162670,2.729000,0.0083999,-0.9972426,0.0521981,0.0520773
1788232655622279424,OK,1,0,10.2445,0.35025,0,1444,0,-3.127911,0.161278,2.716878,0.0079193,-0.9973859,0.0520648,0.0494762
1788232655655619328,OK,1,0,11.1667,0.278833,0,1442,0,-3.126032,0.161067,2.705317,0.0075840,-0.9974827,0.0522126,0.0473771
1788232655688959232,OK,1,0,11.5612,0.333292,0,1432,0,-3.127930,0.159498,2.693913,0.0076395,-0.9975818,0.0524903,0.0449097
1788232655722299136,OK,1,0,11.2569,0.354709,0,1363,0,-3.126348,0.158403,2.682160,0.0080475,-0.9976618,0.0528937,0.0425261
1788232655755639040,OK,1,0,12.5587,0.374333,0,1353,0,-3.123994,0.159047,2.668851,0.0078373,-0.9977809,0.0526940,0.0399403
1788232655788978944,OK,1,0,11.1866,0.403166,0,1368,0,-3.123978,0.158477,2.656023,0.0080984,-0.9978754,0.0526458,0.0375170
1788232655822318848,OK,1,0,11.4344,0.380875,0,1351,0,-3.126136,0.156229,2.647115,0.0080163,-0.9979969,0.0523393,0.0346192
1788232655855658752,OK,1,0,11.0568,0.303,0,1309,0,-3.124077,0.154373,2.634120,0.0076001,-0.9980997,0.0520825,0.0320413
1788232655888998656,OK,1,0,10.5397,0.276708,0,1314,0,-3.124732,0.153389,2.622737,0.0074982,-0.9981900,0.0521925,0.0289208
1788232655922338560,OK,1,0,10.6543,0.291833,0,1536,0,-3.123324,0.153188,2.610352,0.0075183,-0.9982590,0.0523353,0.0261438
1788232655955678464,OK,1,0,12.702,0.295333,0,1524,0,-3.123606,0.153626,2.599006,0.0071092,-0.9983174,0.0525840,0.0233857
1788232655989017344,OK,1,0,12.0967,0.281334,0,1446,0,-3.121549,0.153417,2.586367,0.0068267,-0.9983937,0.0523239,0.0206315
1788232656022357504,OK,1,0,12.7933,0.358416,0,1420,0,-3.117448,0.152771,2.573072,0.0074721,-0.9984315,0.0524739,0.0180330
1788232656055697152,OK,1,0,12.3762,0.346542,0,1409,0,-3.116086,0.150483,2.561419,0.0077700,-0.9984848,0.0523122,0.0152011
1788232656089037056,OK,1,0,11.6918,0.330958,0,1368,0,-3.114357,0.150356,2.548747,0.0074680,-0.9985338,0.0519726,0.0131685
1788232656122380032,OK,1,0,12.3001,0.313292,0,1331,0,-3.116178,0.152657,2.533195,0.0071099,-0.9985517,0.0520096,0.0117865
1788232656155726848,OK,1,0,11.8537,0.34675,0,1338,0,-3.117871,0.152029,2.519666,0.0070015,-0.9985530,0.0521527,0.0110939
1788232656189073920,OK,1,0,11.2957,0.326416,0,1329,0,-3.118787,0.150368,2.508116,0.0069445,-0.9985669,0.0520191,0.0104842
1788232656222420992,OK,1,0,10.761,0.311,0,1307,0,-3.119566,0.150315,2.495013,0.0070158,-0.9985918,0.0516820,0.0097020
1788232656255768064,OK,1,0,10.5771,0.312042,0,1302,0,-3.117962,0.150584,2.480426,0.0072771,-0.9986039,0.0515092,0.0091745
1788232656289115136,OK,1,0,10.2383,0.286459,0,1288,0,-3.118263,0.149732,2.468410,0.0073872,-0.9986077,0.0514884,0.0087799
1788232656322462464,OK,1,0,10.5237,0.291834,0,1493,0,-3.117691,0.148582,2.454733,0.0074221,-0.9986302,0.0511012,0.0084528
1788232656355809792,OK,1,0,11.851,0.306333,0,1489,0,-3.116558,0.148735,2.442446,0.0077795,-0.9986295,0.0511309,0.0080147
1788232656389157120,OK,1,0,12.3594,0.311916,0,1436,0,-3.115911,0.147350,2.430336,0.0077053,-0.9986399,0.0510298,0.0074174
1788232656422504704,OK,1,0,11.963,0.29975,0,1388,0,-3.118642,0.149798,2.418284,0.0074062,-0.9986471,0.0510030,0.0069185
1788232656455851264,OK,1,0,13.094,0.363583,0,1386,0,-3.116663,0.147110,2.404993,0.0076210,-0.9986290,0.0513249,0.0069197
1788232656489198848,OK,1,0,12.9856,0.355625,0,1351,0,-3.116929,0.146929,2.395162,0.0073017,-0.9985931,0.0520913,0.0067123
1788232656522546688,OK,1,0,11.6895,0.346666,0,1386,0,-3.118432,0.146708,2.381580,0.0071784,-0.9985759,0.0524556,0.0065704
1788232656555894528,OK,1,0,11.5083,0.302,0,1326,0,-3.117753,0.145059,2.370077,0.0074731,-0.9985175,0.0535225,0.0065013
1788232656589242368,OK,1,0,10.7937,0.348041,0,1307,0,-3.120294,0.145832,2.360102,0.0071330,-0.9984966,0.0540237,0.0059276
1788232656622590208,OK,1,0,10.96,0.281084,0,1507,0,-3.122376,0.146255,2.346753,0.0072341,-0.9985055,0.0538782,0.0056258
1788232656655938304,OK,1,0,11.4203,0.304125,0,1474,0,-3.120447,0.143894,2.334599,0.0076272,-0.9984933,0.0540621,0.0054969
1788232656689286400,OK,1,0,11.9833,0.306416,0,1402,0,-3.117916,0.143622,2.321136,0.0077746,-0.9984915,0.0540617,0.0056312
1788232656722634496,OK,1,0,12.6326,0.3365,0,1397,0,-3.118207,0.144221,2.309018,0.0081867,-0.9984804,0.0542145,0.0055484
1788232656755982592,OK,1,0,11.2772,0.340625,0,1346,0,-3.117498,0.143397,2.296617,0.0083877,-0.9984648,0.0545105,0.0051314
1788232656789330944,OK,1,0,13.3078,0.347958,0,1317,0,-3.120246,0.141672,2.284440,0.0080816,-0.9984827,0.0542734,0.0046278
1788232656822679552,OK,1,0,12.1495,0.341791,0,1322,0,-3.121920,0.141156,2.273222,0.0081602,-0.9984725,0.0544711,0.0043609
1788232656856028160,OK,1,0,12.0411,0.314167,0,1293,0,-3.119759,0.140907,2.261358,0.0081022,-0.9984511,0.0548800,0.0042532
1788232656889375488,OK,1,0,11.0393,0.339292,0,1419,0,-3.119450,0.140122,2.248856,0.0083276,-0.9984502,0.0548690,0.0041569
1788232656922724096,OK,1,0,11.3485,0.314292,0,1488,0,-3.120525,0.139070,2.237300,0.0087761,-0.9984440,0.0549233,0.0039929
1788232656956072704,OK,1,0,11.8426,0.335208,0,1451,0,-3.120111,0.139336,2.223917,0.0087792,-0.9984524,0.0548007,0.0035643
1788232656989421568,OK,1,0,12.6963,0.337208,0,1421,0,-3.121341,0.140148,2.210016,0.0087002,-0.9984755,0.0544058,0.0033232
1788232657022770432,OK,1,0,12.4772,0.345042,0,1366,0,-3.119713,0.137293,2.196930,0.0090292,-0.9984963,0.0539685,0.0033298
1788232657056119296,OK,1,0,10.8381,0.344041,0,1343,0,-3.120788,0.138089,2.184143,0.0086417,-0.9984941,0.0540862,0.0030929
1788232657089468160,OK,1,0,11.6226,0.348875,0,1437,0,-3.120272,0.137305,2.168888,0.0088405,-0.9985027,0.0538931,0.0031346
1788232657122814464,OK,1,0,11.975,0.333,0,1496,0,-3.119299,0.137136,2.156647,0.0089971,-0.9984894,0.0541231,0.0029435
1788232657156156672,OK,1,0,12.5017,0.3355,0,1455,0,-3.121165,0.135840,2.144660,0.0085235,-0.9984860,0.0542832,0.0025083
1788232657189499136,OK,1,0,12.391,0.363208,0,1432,0,-3.119029,0.135791,2.132872,0.0085176,-0.9984708,0.0545575,0.0026255
1788232657222841600,OK,1,0,13.3635,0.337208,0,1482,0,-3.119520,0.134276,2.120791,0.0082682,-0.9984535,0.0549295,0.0022544
1788232657256183808,OK,1,0,11.8475,0.34625,0,1411,0,-3.121200,0.133476,2.111220,0.0081577,-0.9984306,0.0553676,0.0020971
1788232657289526272,OK,1,0,11.2635,0.317042,0,1493,0,-3.120883,0.133073,2.100145,0.0082782,-0.9983979,0.0559317,0.0021935
1788232657322867712,OK,1,0,11.2859,0.342375,0,1403,0,-3.121331,0.133487,2.087389,0.0078549,-0.9983777,0.0563637,0.0018732
1788232657356210176,OK,1,0,11.74,0.322042,0,1425,0,-3.122692,0.130134,2.076140,0.0078002,-0.9984049,0.0558961,0.0015597
1788232657389552640,OK,1,0,11.7177,0.320291,0,1365,0,-3.120732,0.130886,2.062739,0.0078407,-0.9983991,0.0559903,0.0016786
1788232657422895360,OK,1,0,12.1859,0.3705,0,1352,0,-3.120261,0.130372,2.049682,0.0078207,-0.9984149,0.0557195,0.0014021
1788232657456237824,OK,1,0,12.054,0.348125,0,1330,0,-3.118691,0.131567,2.035093,0.0081689,-0.9984290,0.0554127,0.0015273
1788232657489580288,OK,1,0,11.9843,0.338375,0,1292,0,-3.119775,0.129603,2.022724,0.0081023,-0.9984393,0.0552462,0.0011036
1788232657522922752,OK,1,0,10.4611,0.359,0,1258,0,-3.119319,0.130557,2.010912,0.0076936,-0.9984407,0.0552824,0.0008994
1788232657556265472,OK,1,0,11.185,0.356083,0,1293,0,-3.119840,0.128015,1.996880,0.0073989,-0.9984632,0.0549176,0.0007709
1788232657589607936,OK,1,0,11.4733,0.334,0,1271,0,-3.123069,0.128478,1.984255,0.0074400,-0.9984576,0.0550174,0.0004064
1788232657622950656,OK,1,0,11.2235,0.332875,0,1296,0,-3.122429,0.129231,1.972132,0.0076717,-0.9984660,0.0548360,0.0000607
1788232657656293120,OK,1,0,11.8594,0.32825,0,1307,0,-3.121807,0.127850,1.958516,-0.0082950,0.9984582,-0.0548860,0.0000456
1788232657689636096,OK,1,0,11.3468,0.311125,0,1369,0,-3.122069,0.124822,1.946715,-0.0084314,0.9984684,-0.0546779,0.0004056
1788232657722978816,OK,1,0,11.6717,0.316875,0,1334,0,-3.122072,0.124803,1.934610,-0.0082205,0.9984499,-0.0550443,0.0007074
1788232657756321536,OK,1,0,12.1611,0.327167,0,1349,0,-3.118624,0.125571,1.922604,-0.0082213,0.9984184,-0.0556143,0.0004914
1788232657789662976,OK,1,0,11.4922,0.329625,0,1283,0,-3.120072,0.125509,1.910819,-0.0078780,0.9984008,-0.0559737,0.0008558
1788232657823005952,OK,1,0,11.6343,0.343708,0,1252,0,-3.122308,0.125026,1.898652,-0.0077845,0.9983810,-0.0563345,0.0011626
1788232657856348672,OK,1,0,11.4812,0.349542,0,1239,0,-3.121593,0.123460,1.888147,-0.0079467,0.9983597,-0.0566878,0.0011258
1788232657889691648,OK,1,0,10.9626,0.33175,0,1239,0,-3.122524,0.124092,1.874607,-0.0079896,0.9983464,-0.0569094,0.0013565
1788232657923034368,OK,1,0,10.6045,0.310416,0,1231,0,-3.120388,0.122560,1.862408,-0.0082073,0.9983586,-0.0566637,0.0014210
1788232657956377088,OK,1,0,10.4803,0.364459,0,1193,0,-3.122552,0.120576,1.849233,-0.0085222,0.9983800,-0.0562283,0.0017570
1788232657989720320,OK,1,0,10.9173,0.287333,0,1219,0,-3.118168,0.121291,1.836626,-0.0090076,0.9983987,-0.0558224,0.0016703
1788232658023063040,OK,1,0,10.6547,0.330375,0,1304,0,-3.118551,0.120959,1.824570,-0.0094376,0.9984002,-0.0557133,0.0020400
1788232658056406016,OK,1,0,11.2086,0.34225,0,1265,0,-3.117865,0.119589,1.811184,-0.0093745,0.9984094,-0.0555546,0.0021391
1788232658089748992,OK,1,0,11.2119,0.330166,0,1218,0,-3.117688,0.120682,1.799023,-0.0092699,0.9984077,-0.0555920,0.0023717
1788232658123090944,OK,1,0,11.7118,0.333917,0,1215,0,-3.121106,0.117450,1.784382,-0.0088507,0.9984218,-0.0553911,0.0027140
1788232658156431360,OK,1,0,11.2514,0.364125,0,1193,0,-3.115875,0.119266,1.772506,-0.0090450,0.9984204,-0.0553923,0.0025747
1788232658189771776,OK,1,0,10.8175,0.324667,0,1167,0,-3.114453,0.118221,1.761164,-0.0091153,0.9984225,-0.0553391,0.0026440
1788232658223111168,OK,1,0,10.5874,0.340375,0,1143,0,-3.114673,0.115282,1.748280,-0.0095052,0.9984207,-0.0553037,0.0027237
1788232658256451584,OK,1,0,10.049,0.297916,0,1158,0,-3.116983,0.116158,1.734691,-0.0093464,0.9984352,-0.0550387,0.0032593
1788232658289792000,OK,1,0,10.1562,0.374708,0,1173,0,-3.113818,0.115972,1.721944,-0.0093650,0.9984440,-0.0548716,0.0033294
1788232658323132416,OK,1,0,10.4494,0.31125,0,1246,0,-3.116247,0.116703,1.708703,-0.0091706,0.9984355,-0.0550484,0.0034874
1788232658356472576,OK,1,0,10.2863,0.351,0,1229,0,-3.117668,0.118518,1.693533,-0.0088698,0.9984450,-0.0549106,0.0037028
1788232658389812992,OK,1,0,9.94138,0.350917,0,1206,0,-3.116837,0.114713,1.682496,-0.0089328,0.9984477,-0.0548321,0.0039873
1788232658423153664,OK,1,0,12.7877,0.354333,0,1181,0,-3.117112,0.116051,1.670938,-0.0087716,0.9984162,-0.0554199,0.0040941
1788232658456493824,OK,1,0,11.7754,0.34325,0,1147,0,-3.117433,0.116604,1.658756,-0.0084887,0.9984141,-0.0554946,0.0041935
1788232658489834240,OK,1,0,11.6849,0.328709,0,1139,0,-3.120235,0.115804,1.646361,-0.0081303,0.9984046,-0.0556779,0.0047046
1788232658523174656,OK,1,0,10.1223,0.355,0,1126,0,-3.123172,0.115738,1.632825,-0.0079050,0.9983957,-0.0558412,0.0050305
1788232658556514816,OK,1,0,10.436,0.346416,0,1172,0,-3.118785,0.114989,1.620282,-0.0079087,0.9983925,-0.0559125,0.0048687
1788232658589855232,OK,1,0,10.2707,0.293625,0,1255,0,-3.120858,0.113339,1.607997,-0.0078475,0.9983880,-0.0559810,0.0050926
1788232658623195648,OK,1,0,10.0047,0.321375,0,1195,0,-3.120409,0.112250,1.595534,-0.0078757,0.9984148,-0.0554881,0.0051982
1788232658656534784,OK,1,0,10.195,0.343875,0,1176,0,-3.121178,0.112210,1.581766,-0.0077124,0.9984304,-0.0551943,0.0055676
1788232658689874944,OK,1,0,11.8218,0.341125,0,1144,0,-3.120512,0.113755,1.567820,-0.0076571,0.9984351,-0.0551133,0.0055895
1788232658723215360,OK,1,0,11.9415,0.330625,0,1108,0,-3.121922,0.113319,1.555070,-0.0074160,0.9984577,-0.0547220,0.0057297
1788232658756555776,OK,1,0,10.7765,0.36325,0,1093,0,-3.120672,0.112507,1.541427,-0.0077200,0.9984573,-0.0546688,0.0058974
1788232658789895680,OK,1,0,11.2624,0.317292,0,1148,0,-3.120579,0.112151,1.528894,-0.0074005,0.9984492,-0.0548434,0.0060563
1788232658823236096,OK,1,0,10.5179,0.344458,0,1139,0,-3.120449,0.109498,1.514826,-0.0074961,0.9984813,-0.0542509,0.0059806
1788232658856576512,OK,1,0,10.6078,0.247083,0,1206,0,-3.119938,0.108313,1.501852,-0.0071140,0.9984832,-0.0542554,0.0060935
1788232658889916416,OK,1,0,10.5132,0.358041,0,1214,0,-3.121088,0.106439,1.490057,-0.0072908,0.9984987,-0.0538881,0.0065676
1788232658923256832,OK,1,0,12.3609,0.355292,0,1181,0,-3.120678,0.106707,1.476739,-0.0076080,0.9984996,-0.0538090,0.0067335
1788232658956596992,OK,1,0,10.4224,0.316709,0,1410,0,-3.119173,0.105006,1.464410,-0.0075889,0.9985008,-0.0537742,0.0068462
1788232658989937152,OK,1,0,10.5954,0.343542,0,1251,0,-3.123063,0.103553,1.449993,-0.0073658,0.9985209,-0.0533804,0.0072360
1788232659023277312,OK,1,0,10.8583,0.340792,0,1179,0,-3.118380,0.104607,1.436571,-0.0073488,0.9985295,-0.0532680,0.0068863
1788232659056617728,OK,1,0,11.2951,0.363917,0,1177,0,-3.119501,0.103436,1.425388,-0.0072005,0.9985307,-0.0532299,0.0071482
1788232659089957888,OK,1,0,11.3345,0.339125,0,1114,0,-3.119375,0.104848,1.412141,-0.0070762,0.9985303,-0.0532251,0.0073689
1788232659123299072,OK,1,0,11.0601,0.353,0,1140,0,-3.120815,0.103753,1.400269,-0.0069435,0.9985090,-0.0535894,0.0077334
1788232659156644352,OK,1,0,10.9414,0.345208,0,1121,0,-3.121828,0.102100,1.388618,-0.0069105,0.9985002,-0.0537372,0.0078727
1788232659189989376,OK,1,0,10.6795,0.341084,0,1310,0,-3.120723,0.104439,1.375831,-0.0069778,0.9984716,-0.0542745,0.0077509
1788232659223334912,OK,1,0,10.6876,0.293333,0,1270,0,-3.121990,0.102278,1.364648,-0.0070351,0.9984531,-0.0545658,0.0080351
1788232659256680192,OK,1,0,10.7078,0.342042,0,1244,0,-3.122015,0.101464,1.351968,-0.0069566,0.9984495,-0.0546278,0.0081266
1788232659290025728,OK,1,0,10.813,0.333292,0,1194,0,-3.118105,0.097702,1.339633,-0.0075601,0.9984780,-0.0540327,0.0080590
1788232659323370752,OK,1,0,10.5063,0.340125,0,1159,0,-3.116007,0.098892,1.326494,-0.0079722,0.9984558,-0.0543429,0.0083231
1788232659356716288,OK,1,0,10.6346,0.333166,0,1124,0,-3.115680,0.097289,1.312532,-0.0082393,0.9984707,-0.0539946,0.0085447
1788232659390061824,OK,1,0,10.4637,0.323917,0,1153,0,-3.115877,0.098054,1.300566,-0.0084174,0.9984621,-0.0541194,0.0085849
1788232659423407104,OK,1,0,11.1397,0.332417,0,1121,0,-3.118025,0.095804,1.288310,-0.0084149,0.9984550,-0.0541798,0.0090163
1788232659456752640,OK,1,0,10.242,0.352084,0,1100,0,-3.116054,0.095791,1.275460,-0.0083281,0.9984607,-0.0540749,0.0090996
1788232659490098176,OK,1,0,12.0485,0.344833,0,1052,0,-3.112036,0.097736,1.261375,-0.0085502,0.9984646,-0.0539923,0.0089543
1788232659523443712,OK,1,0,10.5579,0.3425,0,1026,0,-3.112880,0.094614,1.250625,-0.0085984,0.9984773,-0.0536940,0.0092735
1788232659556787968,OK,1,0,10.9611,0.35425,0,1115,0,-3.115555,0.089503,1.234555,-0.0088084,0.9985175,-0.0528581,0.0095514
1788232659590133760,OK,1,0,10.755,0.333959,0,1242,0,-3.115287,0.090740,1.221410,-0.0090257,0.9984983,-0.0531691,0.0096315
1788232659623479296,OK,1,0,10.4416,0.350667,0,1167,0,-3.117373,0.091569,1.207641,-0.0086996,0.9984886,-0.0533357,0.0100091
1788232659656824832,OK,1,0,9.76521,0.357583,0,1163,0,-3.113717,0.090001,1.194664,-0.0085927,0.9985152,-0.0528724,0.0099067
1788232659690170624,OK,1,0,10.6594,0.327,0,1182,0,-3.114052,0.091391,1.182370,-0.0088067,0.9984930,-0.0531975,0.0102127
1788232659723516416,OK,1,0,10.8432,0.347958,0,1159,0,-3.114051,0.088761,1.170004,-0.0086123,0.9985020,-0.0530218,0.0104040
1788232659756861952,OK,1,0,11.1087,0.366625,0,1141,0,-3.114183,0.089250,1.157508,-0.0084848,0.9984861,-0.0533440,0.0103906
1788232659790207744,OK,1,0,11.4241,0.31925,0,1336,0,-3.114397,0.086965,1.145395,-0.0081667,0.9984582,-0.0538814,0.0105505
1788232659823553536,OK,1,0,10.7433,0.314459,0,1244,0,-3.115255,0.085482,1.135646,-0.0074376,0.9984533,-0.0540225,0.0108333
1788232659856899072,OK,1,0,10.5837,0.319916,0,1167,0,-3.116799,0.087122,1.123872,-0.0073308,0.9984181,-0.0546194,0.0111501
1788232659890245120,OK,1,0,10.3117,0.324,0,1141,0,-3.116425,0.084438,1.112483,-0.0073425,0.9984059,-0.0547764,0.0114539
1788232659923590912,OK,1,0,10.8882,0.329042,0,1147,0,-3.115694,0.084905,1.100142,-0.0073781,0.9983958,-0.0549400,0.0115315
1788232659956936704,OK,1,0,10.9597,0.334875,0,1127,0,-3.115607,0.084901,1.087884,-0.0075674,0.9983660,-0.0554323,0.0116323
1788232659990281728,OK,1,0,11.2058,0.371083,0,1092,0,-3.115449,0.081935,1.076201,-0.0074690,0.9983689,-0.0553896,0.0116489
1788232660023627520,OK,1,0,10.5799,0.368875,0,1074,0,-3.116819,0.082591,1.060571,-0.0071885,0.9983917,-0.0549542,0.0119329
1788232660056973312,OK,1,0,10.7181,0.356625,0,1049,0,-3.116686,0.082267,1.049348,-0.0071859,0.9983965,-0.0547691,0.0123826
1788232660090319360,OK,1,0,10.2346,0.343834,0,1085,0,-3.115617,0.081361,1.035540,-0.0072002,0.9984133,-0.0543909,0.0126767
1788232660123662848,OK,1,0,10.9849,0.3405,0,1077,0,-3.115035,0.080880,1.023006,-0.0074849,0.9984348,-0.0540390,0.0123188
1788232660157002752,OK,1,0,9.93112,0.302458,0,1100,0,-3.116093,0.080762,1.009685,-0.0073287,0.9984165,-0.0543341,0.0125892
1788232660190342656,OK,1,0,10.5928,0.307166,0,1226,0,-3.118068,0.076614,0.998021,-0.0069310,0.9984345,-0.0539261,0.0131311
1788232660223682304,OK,1,0,10.3257,0.307041,0,1137,0,-3.115609,0.079287,0.985720,-0.0072065,0.9984096,-0.0543545,0.0131170
1788232660257022208,OK,1,0,10.3927,0.33025,0,1116,0,-3.117775,0.076757,0.973356,-0.0072806,0.9984020,-0.0543654,0.0135972
1788232660290362112,OK,1,0,10.6065,0.336042,0,1045,0,-3.114967,0.077419,0.961563,-0.0075262,0.9983848,-0.0546056,0.0137633
1788232660323702016,OK,1,0,9.49692,0.340333,0,1055,0,-3.113861,0.075861,0.949334,-0.0074603,0.9983676,-0.0549308,0.0137494
1788232660357041408,OK,1,0,11.2222,0.335667,0,1104,0,-3.114459,0.075214,0.937030,-0.0072214,0.9983366,-0.0554658,0.0139812
1788232660390381056,OK,1,0,10.7302,0.343584,0,1027,0,-3.115896,0.072574,0.926876,-0.0069317,0.9983328,-0.0555035,0.0142459
1788232660423720960,OK,1,0,9.84942,0.355917,0,1069,0,-3.113637,0.073714,0.914134,-0.0067594,0.9982973,-0.0561778,0.0141691
1788232660457059584,OK,1,0,10.8413,0.380125,0,1080,0,-3.112260,0.074284,0.902095,-0.0068761,0.9982554,-0.0568376,0.0144341
1788232660490399232,OK,1,0,9.86904,0.338375,0,1000,0,-3.113941,0.073017,0.890328,-0.0068606,0.9982426,-0.0569820,0.0147537
1788232660523738880,OK,1,0,9.82408,0.331417,0,1025,0,-3.110889,0.072842,0.879009,-0.0070010,0.9982185,-0.0574144,0.0146462
1788232660557078272,OK,1,0,10.2201,0.310541,0,1009,0,-3.112732,0.069485,0.867167,-0.0069158,0.9982212,-0.0573176,0.0148768
1788232660590417920,OK,1,0,9.90742,0.333625,0,980,0,-3.112896,0.070386,0.852958,-0.0072009,0.9982201,-0.0572390,0.0151123
1788232660623757312,OK,1,0,9.79729,0.353875,0,993,0,-3.110615,0.071302,0.838478,-0.0071796,0.9982117,-0.0572668,0.0155686
1788232660657096960,OK,1,0,10.0782,0.334333,0,929,0,-3.110548,0.070198,0.825274,-0.0073021,0.9982250,-0.0569337,0.0158744
1788232660690436352,OK,1,0,10.7341,0.322458,0,1140,0,-3.110153,0.067095,0.813678,-0.0072086,0.9982460,-0.0566979,0.0154361
1788232660723775744,OK,1,0,10.6321,0.356791,0,1189,0,-3.110825,0.069162,0.801092,-0.0071342,0.9982287,-0.0569370,0.0157056
1788232660757115136,OK,1,0,10.0768,0.330666,0,1052,0,-3.110598,0.070509,0.787814,-0.0071382,0.9982057,-0.0572243,0.0161204
1788232660790454528,OK,1,0,10.6468,0.329792,0,1121,0,-3.107583,0.070326,0.776515,-0.0072659,0.9981998,-0.0573299,0.0160523
1788232660823793920,OK,1,0,10.9207,0.336958,0,1050,0,-3.107478,0.066858,0.763517,-0.0075436,0.9982177,-0.0568679,0.0164518
1788232660857133056,OK,1,0,9.96346,0.31725,0,1030,0,-3.106933,0.067668,0.752211,-0.0073542,0.9982166,-0.0568793,0.0165664
1788232660890471424,OK,1,0,9.66125,0.357625,0,971,0,-3.108326,0.063808,0.738575,-0.0073142,0.9982294,-0.0566409,0.0166242
1788232660923810816,OK,1,0,10.0979,0.348792,0,1077,0,-3.110056,0.063113,0.725071,-0.0070256,0.9982357,-0.0565343,0.0167345
1788232660957149952,OK,1,0,9.67708,0.340959,0,963,0,-3.105441,0.066344,0.712403,-0.0071789,0.9982029,-0.0571004,0.0167054
1788232660990489344,OK,1,0,9.54896,0.346542,0,962,0,-3.103559,0.066548,0.700600,-0.0070915,0.9981925,-0.0572045,0.0170013
1788232661023828480,OK,1,0,10.2015,0.344834,0,925,0,-3.108117,0.063007,0.686619,-0.0066851,0.9982129,-0.0566591,0.0177766
1788232661057167360,OK,1,0,10.8084,0.324708,0,877,0,-3.108209,0.062850,0.674441,-0.0063059,0.9982073,-0.0568855,0.0175044
1788232661090506496,OK,1,0,9.96454,0.329,0,855,0,-3.108029,0.060638,0.663110,-0.0058113,0.9982036,-0.0570518,0.0173501
1788232661123845632,OK,1,0,9.59346,0.337791,0,855,0,-3.108730,0.058385,0.649231,-0.0057107,0.9982230,-0.0566489,0.0175828
1788232661157185024,OK,1,0,9.93775,0.381083,0,830,0,-3.107010,0.057650,0.638028,-0.0058397,0.9982109,-0.0567418,0.0179248
1788232661190524160,OK,1,0,10.4075,0.328375,0,801,0,-3.106290,0.058247,0.626559,-0.0059648,0.9982091,-0.0566431,0.0182952
1788232661223863552,OK,1,0,9.79417,0.336917,0,783,0,-3.105093,0.058377,0.611198,-0.0054461,0.9982268,-0.0563382,0.0184283
1788232661257202688,OK,1,0,8.73371,0.366542,0,744,0,-3.107239,0.057188,0.599970,-0.0052159,0.9982187,-0.0565366,0.0183282
1788232661290542080,OK,1,0,9.39392,0.325167,0,862,0,-3.102412,0.051215,0.580811,-0.0053537,0.9982754,-0.0558215,0.0173644
1788232661323880192,OK,1,0,9.07612,0.30925,0,1061,0,-3.098161,0.051892,0.568306,-0.0057486,0.9982821,-0.0556571,0.0173781
1788232661357219328,OK,1,0,9.86921,0.322916,0,1031,0,-3.098046,0.049467,0.556089,-0.0060773,0.9982923,-0.0551490,0.0182815
1788232661390558720,OK,1,0,10.0819,0.585166,0,936,0,-3.097589,0.051598,0.541353,-0.0060874,0.9982981,-0.0549143,0.0186610
1788232661423897600,OK,1,0,10.4481,0.330208,0,904,0,-3.097022,0.048544,0.528328,-0.0059992,0.9983180,-0.0546256,0.0184719
1788232661457236992,OK,1,0,10.1282,0.33275,0,878,0,-3.098774,0.047776,0.517261,-0.0056195,0.9983096,-0.0548776,0.0183018
1788232661490576128,OK,1,0,8.82638,0.342334,0,806,0,-3.098681,0.047398,0.502223,-0.0055028,0.9983254,-0.0545960,0.0183131
1788232661523915520,OK,1,0,9.50992,0.357166,0,784,0,-3.100768,0.045684,0.489874,-0.0051716,0.9983363,-0.0541506,0.0191216
1788232661557254656,OK,1,0,9.91242,0.311125,0,779,0,-3.097368,0.047709,0.474458,-0.0051565,0.9983432,-0.0538982,0.0194758
1788232661590594048,OK,1,0,9.05942,0.328084,0,763,0,-3.098260,0.045834,0.459891,-0.0047207,0.9983729,-0.0533205,0.0196561
1788232661623933184,OK,1,0,8.67746,0.31825,0,723,0,-3.101009,0.047082,0.447015,-0.0041071,0.9983519,-0.0538093,0.0195253
1788232661657272576,OK,1,0,8.56683,0.366667,0,1003,0,-3.104519,0.045698,0.433990,-0.0039608,0.9983715,-0.0534346,0.0195833
1788232661690611712,OK,1,0,9.81796,0.313125,0,963,0,-3.101807,0.044562,0.419940,-0.0042210,0.9983907,-0.0530138,0.0196913
1788232661723950848,OK,1,0,10.0735,0.3435,0,847,0,-3.101954,0.042111,0.408431,-0.0044781,0.9983895,-0.0528117,0.0202298
1788232661757290240,OK,1,0,8.93112,0.3615,0,833,0,-3.101002,0.041425,0.395366,-0.0046889,0.9983968,-0.0525804,0.0204249
1788232661790628352,OK,1,0,9.88879,0.324958,0,816,0,-3.102058,0.042121,0.382938,-0.0045529,0.9983832,-0.0528770,0.0203528
1788232661823967744,OK,1,0,8.99171,0.353709,0,795,0,-3.100309,0.039732,0.372693,-0.0044945,0.9983795,-0.0530947,0.0199807
1788232661857306880,OK,1,0,8.90029,0.35275,0,739,0,-3.101951,0.038942,0.360138,-0.0043362,0.9983636,-0.0532363,0.0204288
1788232661890646272,OK,1,0,8.82038,0.336083,0,743,0,-3.098132,0.038421,0.348076,-0.0047376,0.9983346,-0.0537465,0.0204158
1788232661923985408,OK,1,0,8.53225,0.345834,0,705,0,-3.097283,0.039149,0.333574,-0.0046239,0.9983107,-0.0540711,0.0207525
1788232661957324800,OK,1,0,12.6471,0.342458,0,706,0,-3.097433,0.035232,0.323598,-0.0047890,0.9983484,-0.0531904,0.0211767
1788232661990663936,OK,1,0,8.45567,0.332042,0,859,0,-3.098284,0.032075,0.310839,-0.0047508,0.9983482,-0.0531656,0.0212524
1788232662024003072,OK,1,0,8.88892,0.354167,0,853,0,-3.096157,0.030796,0.298568,-0.0048720,0.9983640,-0.0529825,0.0209419
1788232662057342208,OK,1,0,9.42246,0.330042,0,819,0,-3.096331,0.030790,0.285131,-0.0047822,0.9983600,-0.0529379,0.0212606
1788232662090681600,OK,1,0,9.59192,0.349041,0,807,0,-3.093991,0.031048,0.272334,-0.0050176,0.9983626,-0.0527054,0.0216605
1788232662124020736,OK,1,0,8.41292,0.33825,0,752,0,-3.094483,0.030915,0.258446,-0.0051147,0.9983925,-0.0519624,0.0220516
1788232662157359360,OK,1,0,10.8166,0.349584,0,772,0,-3.094396,0.031251,0.244020,-0.0052423,0.9984084,-0.0516146,0.0221153
1788232662190697984,OK,1,0,9.26521,0.330833,0,755,0,-3.094774,0.030938,0.230066,-0.0051555,0.9983972,-0.0518551,0.0220812
1788232662224035584,OK,1,0,8.20267,0.335167,0,732,0,-3.093142,0.028296,0.218071,-0.0052959,0.9984297,-0.0513039,0.0218641
1788232662257374208,OK,1,0,8.50383,0.334667,0,697,0,-3.090615,0.029978,0.205919,-0.0051564,0.9984118,-0.0515692,0.0220910
1788232662290712832,OK,1,0,12.7249,0.320375,0,740,0,-3.092080,0.024422,0.197186,-0.0048119,0.9984201,-0.0512423,0.0225494
1788232662324051456,OK,1,0,8.54679,0.323167,0,857,0,-3.090661,0.024136,0.183539,-0.0047907,0.9984203,-0.0512647,0.0224911
1788232662357389824,OK,1,0,8.50221,0.333666,0,844,0,-3.089965,0.023284,0.171341,-0.0047388,0.9984055,-0.0515623,0.0224793
1788232662390728448,OK,1,0,9.75688,0.342916,0,820,0,-3.092531,0.022552,0.158926,-0.0041705,0.9983761,-0.0520213,0.0228369
1788232662424067072,OK,1,0,9.61183,0.338042,0,762,0,-3.089401,0.021659,0.147272,-0.0043085,0.9983658,-0.0522742,0.0226830
1788232662457405440,OK,1,0,9.64179,0.32925,0,747,0,-3.092123,0.021326,0.134897,-0.0038503,0.9983423,-0.0525204,0.0232247
1788232662490744064,OK,1,0,8.71154,0.336458,0,710,0,-3.090703,0.018898,0.122321,-0.0039873,0.9983509,-0.0522769,0.0233805
1788232662524082432,OK,1,0,8.52992,0.332958,0,727,0,-3.091132,0.017839,0.110502,-0.0038147,0.9983389,-0.0523447,0.0237667
1788232662557421056,OK,1,0,7.63833,0.342666,0,694,0,-3.091071,0.017032,0.096898,-0.0038540,0.9983181,-0.0527387,0.0237676
1788232662590759424,OK,1,0,9.14146,0.362208,0,667,0,-3.092500,0.015750,0.085310,-0.0038341,0.9983188,-0.0526306,0.0239799
1788232662624097792,OK,1,0,8.66437,0.332666,0,664,0,-3.090919,0.017544,0.073226,-0.0037297,0.9982943,-0.0530278,0.0241375
1788232662657435392,OK,1,0,8.35854,0.340583,0,803,0,-3.085382,0.016162,0.055898,-0.0040968,0.9983229,-0.0526844,0.0236423
1788232662690773760,OK,1,0,8.21588,0.310875,0,810,0,-3.086022,0.017205,0.042470,-0.0040701,0.9983356,-0.0523036,0.0239546
1788232662724112128,OK,1,0,8.64125,0.329792,0,772,0,-3.085808,0.015467,0.029144,-0.0041724,0.9983397,-0.0521464,0.0241101
1788232662757450496,OK,1,0,8.89554,0.305708,0,774,0,-3.083900,0.015841,0.016579,-0.0044873,0.9983297,-0.0523397,0.0240462
1788232662790788864,OK,1,0,9.05158,0.365459,0,755,0,-3.081004,0.015758,0.004523,-0.0048665,0.9983316,-0.0522947,0.0239920
1788232662824127232,OK,1,0,8.35933,0.344542,0,725,0,-3.084119,0.012702,-0.007511,-0.0044960,0.9983078,-0.0524194,0.0247726
1788232662857465344,OK,1,0,8.38496,0.360208,0,699,0,-3.082610,0.012272,-0.019190,-0.0045825,0.9982877,-0.0527330,0.0249005
1788232662890803712,OK,1,0,8.30892,0.311916,0,666,0,-3.083216,0.012505,-0.032121,-0.0044912,0.9982447,-0.0533565,0.0253056
1788232662924141824,OK,1,0,8.25417,0.347,0,667,0,-3.081109,0.010062,-0.043923,-0.0043870,0.9982136,-0.0539071,0.0253836
1788232662957480192,OK,1,0,8.50512,0.353375,0,651,0,-3.079829,0.009390,-0.053723,-0.0041329,0.9982075,-0.0540963,0.0252642
1788232662990818304,OK,1,0,8.75437,0.357458,0,863,0,-3.079557,0.007520,-0.064296,-0.0042791,0.9981892,-0.0543122,0.0254981
1788232663024156672,OK,1,0,8.70233,0.3635,0,780,0,-3.080436,0.002967,-0.072926,-0.0037593,0.9981782,-0.0543643,0.0258953
1788232663057494784,OK,1,0,8.89317,0.390125,0,740,0,-3.079324,0.002960,-0.087927,-0.0036384,0.9981924,-0.0540418,0.0260410
1788232663090832896,OK,1,0,8.94004,0.371292,0,690,0,-3.079664,0.004702,-0.101263,-0.0035322,0.9981565,-0.0543952,0.0266901
1788232663124170240,OK,1,0,8.34846,0.387916,0,688,0,-3.076882,0.001783,-0.113674,-0.0037995,0.9981552,-0.0542087,0.0270802
1788232663157508096,OK,1,0,8.07846,0.370958,0,684,0,-3.075984,-0.001835,-0.125216,-0.0038448,0.9981772,-0.0536880,0.0272976
1788232663190846208,OK,1,0,8.14912,0.331583,0,680,0,-3.075475,-0.001966,-0.139578,-0.0041415,0.9981340,-0.0541609,0.0278926
1788232663224184064,OK,1,0,8.19892,0.336459,0,623,0,-3.075212,-0.003038,-0.152352,-0.0037367,0.9981021,-0.0543466,0.0287166
1788232663257521920,OK,1,0,8.42992,0.33275,0,606,0,-3.074908,-0.003596,-0.161752,-0.0037413,0.9981046,-0.0541459,0.0290095
1788232663290859776,OK,1,0,8.38363,0.341375,0,582,0,-3.073040,-0.003270,-0.176626,-0.0041726,0.9980823,-0.0543296,0.0293696
1788232663324197632,OK,1,0,7.86604,0.341875,0,776,0,-3.071354,-0.006369,-0.189259,-0.0043561,0.9981102,-0.0535682,0.0297907
1788232663357535488,OK,1,0,7.83242,0.357583,0,710,0,-3.073588,-0.007883,-0.199894,-0.0042176,0.9981007,-0.0534050,0.0304156
1788232663390873088,OK,1,0,8.41979,0.5095,0,695,0,-3.068927,-0.008779,-0.213482,-0.0046116,0.9980887,-0.0533400,0.0308655
1788232663424210688,OK,1,0,8.09121,0.361667,0,674,0,-3.066568,-0.009764,-0.227381,-0.0044278,0.9981035,-0.0528561,0.0312418
1788232663457548288,OK,1,0,8.61733,0.337958,0,629,0,-3.065579,-0.009338,-0.241150,-0.0044308,0.9980739,-0.0529782,0.0319699
1788232663490885888,OK,1,0,7.7875,0.342917,0,637,0,-3.063891,-0.009661,-0.251581,-0.0046920,0.9980433,-0.0529626,0.0329017
1788232663524223744,OK,1,0,8.04754,0.357417,0,603,0,-3.064116,-0.010372,-0.267074,-0.0048203,0.9980233,-0.0529216,0.0335481
1788232663557560320,OK,1,0,7.78921,0.337125,0,582,0,-3.062757,-0.012988,-0.278097,-0.0049626,0.9979914,-0.0530572,0.0342553
1788232663590897664,OK,1,0,7.93712,0.343333,0,561,0,-3.062334,-0.015786,-0.289142,-0.0043938,0.9979536,-0.0530413,0.0354390
1788232663624235008,OK,1,0,8.48033,0.330875,0,556,0,-3.060401,-0.017192,-0.300285,-0.0040785,0.9979399,-0.0527910,0.0362289
1788232663657572864,OK,1,0,8.3125,0.345708,0,742,0,-3.062859,-0.021045,-0.310855,-0.0037036,0.9978840,-0.0525017,0.0381776
1788232663690910208,OK,1,0,8.51854,0.329083,0,702,0,-3.058912,-0.022088,-0.321162,-0.0040191,0.9978511,-0.0524900,0.0390100
1788232663724247296,OK,1,0,8.98413,0.337416,0,682,0,-3.058167,-0.022454,-0.333123,-0.0039607,0.9978111,-0.0525232,0.0399839
1788232663757584640,OK,1,0,8.00221,0.343666,0,665,0,-3.053512,-0.023378,-0.348664,-0.0045021,0.9977835,-0.0522195,0.0409983
1788232663790922240,OK,1,0,8.99696,0.336,0,631,0,-3.052141,-0.023798,-0.358526,-0.0045897,0.9977104,-0.0522790,0.0426589
1788232663824259328,OK,1,0,7.76042,0.359875,0,610,0,-3.050380,-0.025764,-0.368491,-0.0041479,0.9976308,-0.0523944,0.0443890
1788232663857596416,OK,1,0,7.64046,0.358209,0,544,0,-3.046792,-0.025335,-0.382774,-0.0043536,0.9975519,-0.0522901,0.0462277
1788232663890933504,OK,1,0,7.89917,0.349542,0,560,0,-3.042244,-0.024858,-0.395772,-0.0050470,0.9974342,-0.0528254,0.0480538
1788232663924270848,OK,1,0,7.45821,0.33475,0,539,0,-3.040743,-0.023153,-0.408528,-0.0048894,0.9972990,-0.0533271,0.0502699
1788232663957607936,OK,1,0,7.70158,0.345125,0,524,0,-3.036445,-0.028260,-0.419505,-0.0048535,0.9972610,-0.0524430,0.0519283
1788232663990944000,OK,1,0,8.13767,0.332292,0,725,0,-3.033182,-0.026617,-0.433029,-0.0055310,0.9970915,-0.0531738,0.0543195
1788232664024281088,OK,1,0,7.61358,0.335791,0,661,0,-3.032092,-0.028567,-0.443925,-0.0053854,0.9969333,-0.0531687,0.0571681
1788232664057617920,OK,1,0,8.03333,0.36575,0,630,0,-3.026480,-0.026667,-0.456687,-0.0056598,0.9967759,-0.0532751,0.0597301
1788232664090954752,OK,1,0,7.77588,0.355916,0,603,0,-3.021095,-0.026664,-0.470624,-0.0061808,0.9966409,-0.0530691,0.0620672
1788232664124293376,OK,1,0,7.83275,0.3425,0,588,0,-3.017634,-0.029268,-0.481746,-0.0056531,0.9965172,-0.0528182,0.0642780
1788232664157639936,OK,1,0,8.17946,0.361917,0,541,0,-3.016331,-0.032261,-0.493840,-0.0051038,0.9963568,-0.0525078,0.0670075
1788232664190986496,OK,1,0,7.44483,0.332167,0,526,0,-3.011998,-0.028712,-0.505686,-0.0048469,0.9961936,-0.0530465,0.0689997
1788232664224333312,OK,1,0,7.29004,0.33925,0,495,0,-3.011153,-0.031319,-0.516832,-0.0045767,0.9960057,-0.0529913,0.0717201
1788232664257679872,OK,1,0,7.21333,0.349833,0,474,0,-3.006931,-0.033814,-0.529698,-0.0042613,0.9958538,-0.0523637,0.0742644
1788232664291026688,OK,1,0,11.6038,0.361917,0,478,0,-2.998425,-0.034732,-0.541211,-0.0036261,0.9956875,-0.0522422,0.0765760
1788232664324373504,OK,1,0,7.45758,0.353625,0,784,0,-2.996850,-0.036950,-0.551823,-0.0041839,0.9954678,-0.0518569,0.0796069
1788232664357720320,OK,1,0,7.65463,0.335125,0,649,0,-2.991578,-0.037143,-0.563857,-0.0044276,0.9952613,-0.0519370,0.0820844
1788232664391067136,OK,1,0,7.96896,0.340917,0,618,0,-2.989219,-0.037684,-0.575255,-0.0042728,0.9950284,-0.0516056,0.0850712
1788232664424413952,OK,1,0,7.79721,0.351167,0,605,0,-2.983107,-0.037333,-0.586529,-0.0040845,0.9947895,-0.0517329,0.0877543
1788232664457760000,OK,1,0,7.823,0.342583,0,560,0,-2.975737,-0.039052,-0.595200,-0.0043632,0.9945906,-0.0519162,0.0898625
1788232664491106816,OK,1,0,7.25312,0.3455,0,519,0,-2.974948,-0.040547,-0.610070,-0.0040499,0.9943102,-0.0516745,0.0930624
1788232664524454144,OK,1,0,7.65658,0.3635,0,549,0,-2.969149,-0.044280,-0.621965,-0.0043075,0.9940400,-0.0513359,0.0960758
1788232664557801216,OK,1,0,7.69742,0.337208,0,496,0,-2.962433,-0.045223,-0.633091,-0.0049296,0.9937319,-0.0510963,0.0993070
1788232664591148288,OK,1,0,7.78467,0.335792,0,487,0,-2.954765,-0.045849,-0.641617,-0.0054950,0.9934170,-0.0508196,0.1025176
1788232664624495360,OK,1,0,7.22554,0.344542,0,490,0,-2.948199,-0.043969,-0.654526,-0.0049627,0.9930754,-0.0508833,0.1057718
1788232664657842688,OK,1,0,7.07062,0.352583,0,820,0,-2.942045,-0.045505,-0.665920,-0.0052653,0.9927506,-0.0509537,0.1087298
1788232664691190016,OK,1,0,7.67196,0.340292,0,667,0,-2.935799,-0.048210,-0.674615,-0.0058290,0.9924052,-0.0512963,0.1116539
1788232664724537344,OK,1,0,8.09329,0.352792,0,636,0,-2.932351,-0.048021,-0.685232,-0.0050825,0.9919462,-0.0520780,0.1153471
1788232664757884416,OK,1,0,7.67742,0.361041,0,580,0,-2.927720,-0.048725,-0.694598,-0.0047816,0.9914951,-0.0524650,0.1190045
1788232664791232000,OK,1,0,7.33938,0.333083,0,541,0,-2.920413,-0.047576,-0.705140,-0.0045882,0.9910374,-0.0529642,0.1225507
1788232664824579328,OK,1,0,7.92846,0.3115,0,513,0,-2.911352,-0.049747,-0.715116,-0.0052688,0.9906211,-0.0533018,0.1257017
1788232664857926656,OK,1,0,7.69521,0.326792,0,498,0,-2.904810,-0.049989,-0.724376,-0.0059319,0.9901347,-0.0534342,0.1293945
1788232664891273472,OK,1,0,7.18325,0.326916,0,473,0,-2.897414,-0.049180,-0.735844,-0.0060297,0.9896339,-0.0535364,0.1331250
1788232664924620800,OK,1,0,6.97513,0.348292,0,473,0,-2.890150,-0.049634,-0.748849,-0.0056564,0.9891450,-0.0530483,0.1369165
1788232664957968384,OK,1,0,6.93329,0.362875,0,465,0,-2.884919,-0.050711,-0.757048,-0.0054526,0.9886330,-0.0529499,0.1406104
1788232664991316224,OK,1,0,7.43483,0.312542,0,702,0,-2.878194,-0.049594,-0.770262,-0.0055339,0.9880609,-0.0530893,0.1445222
1788232665024663808,OK,1,0,7.85992,0.338875,0,582,0,-2.870047,-0.049853,-0.781047,-0.0057618,0.9875347,-0.0528753,0.1481426
1788232665058011648,OK,1,0,7.36279,0.330959,0,556,0,-2.864102,-0.051276,-0.791151,-0.0058425,0.9869972,-0.0524447,0.1518284
1788232665091359488,OK,1,0,7.75767,0.337542,0,486,0,-2.854759,-0.049030,-0.801864,-0.0062719,0.9864501,-0.0528108,0.1552029
1788232665124707072,OK,1,0,6.91071,0.359334,0,493,0,-2.847679,-0.048948,-0.814017,-0.0067347,0.9857773,-0.0530925,0.1593081
1788232665158055168,OK,1,0,7.34058,0.296083,0,456,0,-2.842242,-0.052331,-0.822892,-0.0065050,0.9850941,-0.0526378,0.1636352
1788232665191403008,OK,1,0,6.83429,0.34825,0,427,0,-2.834066,-0.051179,-0.833361,-0.0056173,0.9844416,-0.0532004,0.1673703
1788232665224751104,OK,1,0,6.31442,0.332,0,411,0,-2.830492,-0.050135,-0.844524,-0.0047838,0.9837163,-0.0541310,0.1713160
1788232665258099456,OK,1,0,6.49425,0.324875,0,411,0,-2.823062,-0.053939,-0.852474,-0.0046163,0.9830930,-0.0545529,0.1747306
1788232665291447552,OK,1,0,7.62667,0.333625,0,405,0,-2.819625,-0.049708,-0.863020,-0.0045843,0.9822007,-0.0551860,0.1794864
1788232665324794880,OK,1,0,6.53917,0.35475,0,585,0,-2.807121,-0.050594,-0.873301,-0.0045562,0.9814199,-0.0544736,0.1839209
1788232665358142976,OK,1,0,6.72142,0.341584,0,494,0,-2.799047,-0.050960,-0.885940,-0.0048928,0.9805785,-0.0541124,0.1884506
1788232665391491328,OK,1,0,6.37758,0.340084,0,445,0,-2.785429,-0.049453,-0.894113,-0.0060980,0.9798745,-0.0543221,0.1919842
1788232665424839936,OK,1,0,6.34517,0.360875,0,437,0,-2.779834,-0.050430,-0.903497,-0.0061814,0.9790344,-0.0539275,0.1963294
1788232665458188544,OK,1,0,6.60858,0.3575,0,433,0,-2.770173,-0.050646,-0.914671,-0.0056761,0.9782102,-0.0536413,0.2004873
1788232665491536896,OK,1,0,6.59987,0.334042,0,389,0,-2.762331,-0.049932,-0.927480,-0.0053828,0.9772568,-0.0538934,0.2050260
1788232665524885504,OK,1,0,6.27704,0.365,0,374,0,-2.753625,-0.051025,-0.933317,-0.0051939,0.9762802,-0.0548069,0.2093948
1788232665558234112,OK,1,0,5.99808,0.316584,0,373,0,-2.745638,-0.051286,-0.941704,-0.0051927,0.9752594,-0.0547429,0.2141154
1788232665591582720,OK,1,0,6.33079,0.295708,0,489,0,-2.735312,-0.050728,-0.952290,-0.0049205,0.9741814,-0.0542192,0.2191045
1788232665624931584,OK,1,0,7.01079,0.319917,0,446,0,-2.726125,-0.050908,-0.964615,-0.0052216,0.9731577,-0.0537159,0.2237219
1788232665658280448,OK,1,0,6.25988,0.341708,0,443,0,-2.711964,-0.050330,-0.973226,-0.0058579,0.9721186,-0.0540976,0.2280889
1788232665691629312,OK,1,0,6.95517,0.316166,0,426,0,-2.702017,-0.048607,-0.982238,-0.0057806,0.9708983,-0.0544818,0.2331411
1788232665724978176,OK,1,0,6.24629,0.343917,0,416,0,-2.693268,-0.050543,-0.991664,-0.0053896,0.9697828,-0.0540199,0.2378532
1788232665758327040,OK,1,0,6.21979,0.347417,0,391,0,-2.684945,-0.050128,-1.000514,-0.0047582,0.9687203,-0.0541430,0.2421302
1788232665791675392,OK,1,0,6.51508,0.326416,0,539,0,-2.677887,-0.051855,-1.007782,-0.0046527,0.9674826,-0.0541852,0.2470215
1788232665825024512,OK,1,0,6.54004,0.335875,0,426,0,-2.669384,-0.049587,-1.015420,-0.0049957,0.9661331,-0.0546770,0.2521357
1788232665858373632,OK,1,0,6.16137,0.308167,0,447,0,-2.658598,-0.051111,-1.025518,-0.0049049,0.9647673,-0.0539634,0.2574644
1788232665891722752,OK,1,0,6.78204,0.331084,0,433,0,-2.651458,-0.051198,-1.033489,-0.0048464,0.9633462,-0.0534471,0.2628382
1788232665925072128,OK,1,0,6.80571,0.354,0,590,0,-2.637515,-0.053149,-1.041987,-0.0053545,0.9619601,-0.0535618,0.2678342
1788232665958421248,OK,1,0,6.72175,0.3405,0,492,0,-2.629808,-0.053983,-1.050355,-0.0055902,0.9602763,-0.0532847,0.2738594
1788232665991770624,OK,1,0,5.89729,0.313333,0,478,0,-2.618445,-0.054136,-1.058394,-0.0056560,0.9587789,-0.0528721,0.2791336
1788232666025120000,OK,1,0,6.91979,0.332917,0,438,0,-2.607332,-0.056142,-1.064914,-0.0060810,0.9571384,-0.0527790,0.2847164
1788232666058469376,OK,1,0,6.21012,0.372208,0,415,0,-2.592594,-0.056368,-1.071142,-0.0064646,0.9553331,-0.0526051,0.2907396
1788232666091819008,OK,1,0,6.07225,0.331917,0,382,0,-2.584540,-0.057739,-1.077042,-0.0066718,0.9534433,-0.0519583,0.2969875
1788232666125168640,OK,1,0,6.25683,0.348541,0,601,0,-2.570263,-0.054856,-1.087784,-0.0060098,0.9516578,-0.0521444,0.3026421
1788232666158510336,OK,1,0,6.83317,0.322084,0,475,0,-2.558465,-0.056220,-1.093985,-0.0065904,0.9498364,-0.0520307,0.3083184
1788232666191851776,OK,1,0,6.19396,0.320459,0,492,0,-2.549913,-0.056447,-1.102052,-0.0060152,0.9476684,-0.0512419,0.3150598
1788232666225192704,OK,1,0,6.9635,0.329083,0,483,0,-2.537530,-0.056171,-1.106968,-0.0058565,0.9457921,-0.0509524,0.3206974
1788232666258534144,OK,1,0,6.67242,0.355541,0,480,0,-2.526881,-0.058962,-1.114939,-0.0059480,0.9436035,-0.0506927,0.3271199
1788232666291876096,OK,1,0,6.43013,0.346083,0,586,0,-2.516054,-0.062807,-1.119025,-0.0065910,0.9414386,-0.0507788,0.3332739
1788232666325217536,OK,1,0,6.022,0.330291,0,471,0,-2.507286,-0.063845,-1.122275,-0.0067314,0.9389462,-0.0506552,0.3402480
1788232666358559232,OK,1,0,5.99617,0.353917,0,437,0,-2.489819,-0.064270,-1.127952,-0.0067874,0.9366952,-0.0507258,0.3463857
1788232666391901184,OK,1,0,5.89233,0.35175,0,406,0,-2.477101,-0.065028,-1.130839,-0.0071827,0.9342035,-0.0507932,0.3530329
1788232666425242624,OK,1,0,6.38896,0.35075,0,386,0,-2.462930,-0.062586,-1.138248,-0.0074815,0.9313511,-0.0510917,0.3604425
1788232666458584576,OK,1,0,6.43483,0.331833,0,519,0,-2.450306,-0.065177,-1.140869,-0.0079812,0.9286456,-0.0502896,0.3674572
1788232666491926272,OK,1,0,6.40425,0.335792,0,420,0,-2.437574,-0.064038,-1.144127,-0.0080906,0.9257632,-0.0503100,0.3746544
1788232666525267712,OK,1,0,6.28163,0.330625,0,528,0,-2.421203,-0.060926,-1.148206,-0.0079183,0.9229460,-0.0502929,0.3815475
1788232666558609664,OK,1,0,6.24287,0.314375,0,494,0,-2.406830,-0.060139,-1.150567,-0.0083728,0.9198391,-0.0505389,0.3889366
1788232666591951360,OK,1,0,6.1765,0.328,0,567,0,-2.389185,-0.061287,-1.154321,-0.0076125,0.9166684,-0.0500721,0.3964263
1788232666625293312,OK,1,0,6.82296,0.326,0,542,0,-2.379908,-0.061662,-1.157609,-0.0075083,0.9133976,-0.0501815,0.4038938
1788232666658633984,OK,1,0,6.19042,0.341084,0,563,0,-2.364360,-0.060958,-1.161200,-0.0072893,0.9102187,-0.0502433,0.4110041
1788232666691975936,OK,1,0,6.43225,0.331958,0,575,0,-2.350058,-0.060366,-1.166820,-0.0070026,0.9066447,-0.0500735,0.4188544
1788232666725317376,OK,1,0,7.51054,0.342958,0,595,0,-2.338478,-0.060652,-1.166505,-0.0068167,0.9033253,-0.0497605,0.4260056
1788232666758659072,OK,1,0,6.82392,0.341917,0,524,0,-2.324115,-0.061621,-1.168204,-0.0066741,0.8999683,-0.0491128,0.4331288
1788232666792001024,OK,1,0,6.12387,0.336125,0,511,0,-2.312576,-0.061892,-1.169299,-0.0068731,0.8962948,-0.0488859,0.4407025
1788232666825342720,OK,1,0,6.82475,0.351292,0,636,0,-2.294308,-0.058735,-1.175125,-0.0068073,0.8924820,-0.0488887,0.4483743
1788232666858684672,OK,1,0,7.16854,0.307792,0,537,0,-2.281065,-0.059893,-1.174087,-0.0070845,0.8889384,-0.0484450,0.4554024
1788232666892026368,OK,1,0,6.81883,0.337125,0,535,0,-2.270421,-0.059619,-1.178673,-0.0067921,0.8847812,-0.0481912,0.4634584
1788232666925368320,OK,1,0,6.88817,0.329417,0,652,0,-2.256134,-0.060798,-1.176587,-0.0070098,0.8809016,-0.0484185,0.4707641
1788232666958710272,OK,1,0,6.8885,0.338542,0,579,0,-2.246993,-0.060841,-1.176809,-0.0062027,0.8767849,-0.0484170,0.4783989
1788232666992051968,OK,1,0,7.17379,0.3145,0,617,0,-2.232985,-0.060913,-1.180168,-0.0052487,0.8729047,-0.0481905,0.4854768
1788232667025393920,OK,1,0,6.96971,0.347,0,575,0,-2.223471,-0.061230,-1.182904,-0.0048402,0.8686100,-0.0482309,0.4931197
1788232667058735616,OK,1,0,7.16683,0.341834,0,544,0,-2.209183,-0.061176,-1.176607,-0.0052718,0.8648801,-0.0486492,0.4995877
1788232667092077312,OK,1,0,6.8035,0.339583,0,541,0,-2.192205,-0.060909,-1.176318,-0.0054978,0.8605582,-0.0481431,0.5070421
1788232667125418496,OK,1,0,6.68412,0.343291,0,536,0,-2.177072,-0.060739,-1.175562,-0.0058570,0.8563315,-0.0477392,0.5141820
1788232667158753280,OK,1,0,6.696,0.372458,0,513,0,-2.164265,-0.060607,-1.168746,-0.0061722,0.8521773,-0.0475736,0.5210496
1788232667192087808,OK,1,0,7.18854,0.340125,0,505,0,-2.153001,-0.062379,-1.166729,-0.0063738,0.8476207,-0.0469371,0.5284841
1788232667225422336,OK,1,0,7.27579,0.337417,0,1024,0,-2.135406,-0.059966,-1.169733,-0.0058818,0.8430575,-0.0466639,0.5357631
1788232667258757120,OK,1,0,8.34512,0.324667,0,752,0,-2.127085,-0.069084,-1.154387,-0.0074069,0.8400534,-0.0451778,0.5405687
1788232667292091648,OK,1,0,8.22338,0.332,0,791,0,-2.119779,-0.064140,-1.156579,-0.0069497,0.8350633,-0.0452807,0.5482432
1788232667325425664,OK,1,0,8.17563,0.340583,0,751,0,-2.103365,-0.062888,-1.152063,-0.0072980,0.8306738,-0.0449286,0.5548957
1788232667358760192,OK,1,0,8.55158,0.343,0,737,0,-2.087516,-0.065373,-1.149237,-0.0072445,0.8259804,-0.0443596,0.5619041
1788232667392094464,OK,1,0,7.94596,0.350333,0,725,0,-2.079265,-0.068480,-1.152338,-0.0076287,0.8206876,-0.0440996,0.5696217
1788232667425428992,OK,1,0,8.46813,0.327,0,698,0,-2.059989,-0.063002,-1.143100,-0.0066254,0.8164167,-0.0439368,0.5757512
1788232667458763008,OK,1,0,7.88279,0.350875,0,710,0,-2.051565,-0.066541,-1.143898,-0.0067011,0.8113996,-0.0435297,0.5828302
1788232667492097280,OK,1,0,7.56054,0.322583,0,662,0,-2.034893,-0.065876,-1.137815,-0.0066138,0.8066478,-0.0431836,0.5894156
1788232667525431040,OK,1,0,7.42721,0.325959,0,682,0,-2.022349,-0.052162,-1.136576,-0.0063568,0.8018330,-0.0449846,0.5958186
1788232667558764288,OK,1,0,7.71817,0.335708,0,690,0,-2.009126,-0.051846,-1.139448,-0.0064827,0.7963647,-0.0442934,0.6031578
1788232667592098048,OK,1,0,7.24408,0.3175,0,633,0,-1.992863,-0.050504,-1.140838,-0.0062437,0.7911117,-0.0435058,0.6100905
1788232667625432064,OK,1,0,7.42012,0.306958,0,609,0,-1.982210,-0.048060,-1.138493,-0.0059000,0.7858565,-0.0432081,0.6168694
1788232667658765824,OK,1,0,7.5195,0.327791,0,601,0,-1.963506,-0.046014,-1.133875,-0.0057294,0.7810914,-0.0428835,0.6229160
1788232667692099584,OK,1,0,6.97687,0.338167,0,588,0,-1.950742,-0.044676,-1.131676,-0.0054855,0.7759569,-0.0428001,0.6293085
1788232667725433344,OK,1,0,6.99908,0.328042,0,556,0,-1.942313,-0.046119,-1.132449,-0.0054231,0.7701414,-0.0419694,0.6364681
1788232667758767104,OK,1,0,6.69725,0.3045,0,567,0,-1.926353,-0.045017,-1.124744,-0.0055489,0.7650728,-0.0414853,0.6425822
1788232667792100608,OK,1,0,6.65787,0.349792,0,1055,0,-1.914336,-0.045268,-1.123327,-0.0055100,0.7594553,-0.0409863,0.6492438
1788232667825434368,OK,1,0,8.43204,0.315625,0,938,0,-1.904835,-0.042112,-1.120188,-0.0050158,0.7539673,-0.0408564,0.6556211
1788232667858767616,OK,1,0,8.31708,0.304542,0,929,0,-1.885746,-0.037837,-1.098195,-0.0050242,0.7504309,-0.0405029,0.6596876
1788232667892101120,OK,1,0,8.08554,0.286875,0,899,0,-1.873099,-0.035315,-1.095398,-0.0044256,0.7449303,-0.0402187,0.6659142
1788232667925434624,OK,1,0,7.08071,0.284833,0,886,0,-1.860628,-0.038290,-1.089059,-0.0047133,0.7399216,-0.0396079,0.6715096
1788232667958767872,OK,1,0,7.119,0.332167,0,885,0,-1.845423,-0.038396,-1.079733,-0.0050968,0.7352293,-0.0393356,0.6766570
1788232667992100096,OK,1,0,7.20154,0.286666,0,897,0,-1.832465,-0.035040,-1.077053,-0.0049801,0.7305012,-0.0387681,0.6817920
1788232668025433088,OK,1,0,7.06754,0.296083,0,854,0,-1.816899,-0.031363,-1.066592,-0.0051050,0.7268714,-0.0386409,0.6856667
1788232668058766336,OK,1,0,6.83554,0.295667,0,823,0,-1.803443,-0.030043,-1.065302,-0.0053603,0.7223654,-0.0386046,0.6904124
1788232668092099328,OK,1,0,7.21525,0.298625,0,810,0,-1.789030,-0.035321,-1.060106,-0.0064764,0.7189030,-0.0376176,0.6940616
1788232668125432320,OK,1,0,7.53496,0.299834,0,790,0,-1.774760,-0.026902,-1.056429,-0.0057856,0.7163872,-0.0377447,0.6966574
1788232668158776064,OK,1,0,7.15525,0.294084,0,787,0,-1.761512,-0.031336,-1.054252,-0.0062994,0.7146319,-0.0370859,0.6984886
1788232668192119808,OK,1,0,6.9565,0.274625,0,783,0,-1.747872,-0.029727,-1.049311,-0.0065220,0.7132903,-0.0371353,0.6998538
1788232668225463552,OK,1,0,6.98358,0.341834,0,772,0,-1.732002,-0.025658,-1.050560,-0.0063157,0.7108068,-0.0368605,0.7023925
1788232668258807296,OK,1,0,6.75625,0.274458,0,737,0,-1.718814,-0.024903,-1.047313,-0.0064861,0.7086613,-0.0361806,0.7045907
1788232668292151040,OK,1,0,6.81104,0.260167,0,749,0,-1.705984,-0.023388,-1.044504,-0.0057994,0.7070053,-0.0363119,0.7062516
1788232668325495040,OK,1,0,6.73987,0.310708,0,735,0,-1.694063,-0.022681,-1.045208,-0.0054281,0.7048220,-0.0360934,0.7084446
1788232668358838784,OK,1,0,6.62608,0.29075,0,731,0,-1.680845,-0.024465,-1.039854,-0.0056510,0.7034398,-0.0356359,0.7098386
1788232668392182784,OK,1,0,6.74329,0.267,0,719,0,-1.667826,-0.022142,-1.040982,-0.0049792,0.7012412,-0.0353898,0.7120278
1788232668425526528,OK,1,0,6.82904,0.345083,0,721,0,-1.656288,-0.024560,-1.036572,-0.0054106,0.6995651,-0.0350005,0.7136907
1788232668458869504,OK,1,0,6.6725,0.360833,0,724,0,-1.643126,-0.025001,-1.033872,-0.0056187,0.6976684,-0.0346800,0.7155589
1788232668492213504,OK,1,0,6.87746,0.352708,0,712,0,-1.628526,-0.021049,-1.034081,-0.0052900,0.6954318,-0.0338554,0.7177746
1788232668525557248,OK,1,0,6.46283,0.353416,0,710,0,-1.616070,-0.019277,-1.029225,-0.0055909,0.6938256,-0.0340199,0.7193173
1788232668558901248,OK,1,0,6.762,0.360334,0,688,0,-1.601227,-0.023613,-1.024893,-0.0064439,0.6918281,-0.0335103,0.7212555
1788232668592245248,OK,1,0,6.66342,0.287875,0,680,0,-1.588869,-0.016833,-1.019633,-0.0055682,0.6902945,-0.0335772,0.7227275
1788232668625589248,OK,1,0,6.608,0.358375,0,691,0,-1.576851,-0.019389,-1.022925,-0.0057010,0.6879258,-0.0326508,0.7250239
1788232668658933248,OK,1,0,6.56717,0.26275,0,664,0,-1.562126,-0.018277,-1.021668,-0.0056473,0.6859731,-0.0326077,0.7268739
1788232668692277248,OK,1,0,6.45346,0.34575,0,678,0,-1.550811,-0.017935,-1.013512,-0.0057217,0.6843299,-0.0325231,0.7284244
1788232668725621504,OK,1,0,6.42642,0.346625,0,652,0,-1.537243,-0.016741,-1.014359,-0.0052955,0.6815931,-0.0325174,0.7309894
1788232668758965504,OK,1,0,6.39596,0.32425,0,627,0,-1.527076,-0.014373,-1.009093,-0.0044055,0.6801559,-0.0329367,0.7323140
1788232668792309760,OK,1,0,6.52604,0.311125,0,624,0,-1.513289,-0.016457,-1.011688,-0.0040705,0.6776325,-0.0322763,0.7346808
1788232668825653760,OK,1,0,6.84833,0.376875,0,607,0,-1.499170,-0.017313,-1.006095,-0.0042617,0.6760062,-0.0323371,0.7361738
1788232668858998016,OK,1,0,7.24529,0.311917,0,1749,0,-1.488482,-0.019084,-1.005464,-0.0046899,0.6736363,-0.0322799,0.7383428
1788232668892340992,OK,1,0,10.9662,0.311583,0,1493,0,-1.478044,-0.017152,-1.001188,-0.0046262,0.6721397,-0.0325866,0.7396924
1788232668925685248,OK,1,0,10.5423,0.389458,0,1529,0,-1.453947,-0.016246,-0.974881,-0.0059489,0.6736427,-0.0325002,0.7383183
1788232668959029504,OK,1,0,11.1948,0.293792,0,1501,0,-1.441180,-0.017384,-0.971475,-0.0064945,0.6735138,-0.0317971,0.7384619
1788232668992373760,OK,1,0,10.6975,0.278625,0,1490,0,-1.426460,-0.014805,-0.973580,-0.0061806,0.6733077,-0.0321514,0.7386371
1788232669025718016,OK,1,0,10.3601,0.362416,0,1475,0,-1.413007,-0.014560,-0.970456,-0.0061226,0.6733248,-0.0319048,0.7386327
1788232669059062272,OK,1,0,10.3503,0.335834,0,1452,0,-1.399431,-0.014309,-0.970130,-0.0062235,0.6730789,-0.0313960,0.7388778
1788232669092406528,OK,1,0,10.1676,0.263125,0,1433,0,-1.386308,-0.013426,-0.969667,-0.0061784,0.6730979,-0.0310628,0.7388749
1788232669125751040,OK,1,0,10.3034,0.348416,0,1411,0,-1.373210,-0.013558,-0.967993,-0.0064180,0.6731241,-0.0309307,0.7388545
1788232669159086592,OK,1,0,9.99133,0.337667,0,1409,0,-1.359871,-0.014146,-0.967013,-0.0062885,0.6731476,-0.0308822,0.7388363
1788232669192422656,OK,1,0,9.94538,0.331917,0,1371,0,-1.348630,-0.010878,-0.965192,-0.0059957,0.6732656,-0.0315623,0.7387025
1788232669225758208,OK,1,0,9.74442,0.340625,0,1348,0,-1.334229,-0.010794,-0.964672,-0.0064408,0.6730012,-0.0310773,0.7389601
1788232669259094016,OK,1,0,9.81992,0.337625,0,1313,0,-1.320482,-0.012653,-0.961965,-0.0067589,0.6730848,-0.0308116,0.7388923
1788232669292429568,OK,1,0,10.2287,0.338709,0,1295,0,-1.307196,-0.011570,-0.960922,-0.0067446,0.6730682,-0.0307017,0.7389122
1788232669325764096,OK,1,0,9.99892,0.339542,0,1319,0,-1.294793,-0.013217,-0.960721,-0.0067328,0.6730987,-0.0303199,0.7389002
1788232669359099648,OK,1,0,9.88675,0.353792,0,1286,0,-1.282717,-0.009104,-0.960868,-0.0053130,0.6731411,-0.0309827,0.7388456
1788232669392435200,OK,1,0,9.34242,0.264417,0,1251,0,-1.270858,-0.011968,-0.960121,-0.0052409,0.6730505,-0.0309772,0.7389290
1788232669425770752,OK,1,0,9.43642,0.346375,0,1232,0,-1.259523,-0.011089,-0.958410,-0.0047882,0.6729954,-0.0311847,0.7389735
1788232669459106304,OK,1,0,9.93921,0.307791,0,1217,0,-1.247798,-0.012448,-0.955631,-0.0048135,0.6731082,-0.0315889,0.7388535
1788232669492441344,OK,1,0,9.86879,0.313416,0,1181,0,-1.236522,-0.011712,-0.951519,-0.0048955,0.6734150,-0.0318670,0.7385613
1788232669525776896,OK,1,0,9.55304,0.296084,0,1177,0,-1.224435,-0.011765,-0.951696,-0.0048042,0.6731641,-0.0318517,0.7387912
1788232669559111936,OK,1,0,9.01054,0.299458,0,1128,0,-1.210510,-0.011423,-0.951875,-0.0049156,0.6728483,-0.0316356,0.7390873
1788232669592447232,OK,1,0,9.33563,0.273791,0,1139,0,-1.197190,-0.009082,-0.951698,-0.0048748,0.6726617,-0.0312789,0.7392727
1788232669625782528,OK,1,0,9.27613,0.281209,0,1103,0,-1.183368,-0.007728,-0.952345,-0.0045533,0.6723095,-0.0309801,0.7396076
1788232669659117568,OK,1,0,9.22883,0.289917,0,1090,0,-1.171853,-0.006676,-0.950499,-0.0041620,0.6728099,-0.0309581,0.7391558
1788232669692452864,OK,1,0,9.02958,0.272583,0,1071,0,-1.156842,-0.007404,-0.953610,-0.0044898,0.6725619,-0.0308050,0.7393858
1788232669725787904,OK,1,0,8.91154,0.280958,0,1030,0,-1.143441,-0.007826,-0.951399,-0.0045790,0.6725230,-0.0308629,0.7394183
1788232669759122688,OK,1,0,9.00283,0.366083,0,1002,0,-1.132459,-0.008309,-0.948108,-0.0048419,0.6726149,-0.0311076,0.7393227
1788232669792456704,OK,1,0,8.68796,0.272,0,970,0,-1.118119,-0.005469,-0.949051,-0.0044498,0.6721745,-0.0312822,0.7397183
1788232669825791744,OK,1,0,8.551,0.270292,0,935,0,-1.106806,-0.009753,-0.946954,-0.0044905,0.6725219,-0.0308437,0.7394206
1788232669859126784,OK,1,0,8.45213,0.342791,0,946,0,-1.095281,-0.010558,-0.944739,-0.0044749,0.6727340,-0.0310457,0.7392193
1788232669892461312,OK,1,0,8.24783,0.273708,0,914,0,-1.083815,-0.006822,-0.942011,-0.0040860,0.6725343,-0.0318407,0.7393695
1788232669925796096,OK,1,0,8.24621,0.343917,0,890,0,-1.070939,-0.008729,-0.942319,-0.0044305,0.6720727,-0.0319252,0.7397833
1788232669959130880,OK,1,0,8.21108,0.274208,0,854,0,-1.059000,-0.008902,-0.942266,-0.0042386,0.6720884,-0.0316642,0.7397815
1788232669992465664,OK,1,0,8.00388,0.268458,0,851,0,-1.046572,-0.010832,-0.939022,-0.0041743,0.6725122,-0.0317365,0.7393935
1788232670025800192,OK,1,0,8.28167,0.364167,0,839,0,-1.033538,-0.008711,-0.938345,-0.0035522,0.6726567,-0.0318932,0.7392586
1788232670059134976,OK,1,0,8.47604,0.2705,0,1770,0,-1.020987,-0.010744,-0.936813,-0.0036624,0.6728588,-0.0312160,0.7391030
1788232670092469504,OK,1,0,11.9303,0.29375,0,1503,0,-1.009352,-0.008759,-0.935379,-0.0035313,0.6727839,-0.0316089,0.7391551
1788232670125804032,OK,1,0,10.5939,0.315292,0,1517,0,-0.990140,-0.000920,-0.941128,-0.0024111,0.6714643,-0.0320786,0.7403384
1788232670159143680,OK,1,0,11.0748,0.310584,0,1466,0,-0.977821,0.000489,-0.941486,-0.0018899,0.6714008,-0.0325548,0.7403767
1788232670192483328,OK,1,0,10.6903,0.337959,0,1468,0,-0.966050,0.000193,-0.939527,-0.0016249,0.6716567,-0.0328216,0.7401334
1788232670225821952,OK,1,0,10.3091,0.279417,0,1448,0,-0.953161,0.000980,-0.937474,-0.0018468,0.6716940,-0.0329096,0.7400950
1788232670259161600,OK,1,0,10.1683,0.343833,0,1394,0,-0.940319,0.002024,-0.934774,-0.0021466,0.6715795,-0.0332685,0.7401822
1788232670292501504,OK,1,0,10.415,0.272084,0,1371,0,-0.926770,0.002977,-0.931838,-0.0023809,0.6716233,-0.0336127,0.7401261
1788232670325841152,OK,1,0,10.2828,0.277041,0,1360,0,-0.915074,0.001388,-0.931782,-0.0026133,0.6715997,-0.0335748,0.7401484
1788232670359180544,OK,1,0,10.1656,0.28275,0,1296,0,-0.901875,0.001804,-0.931401,-0.0019426,0.6716152,-0.0336523,0.7401330
1788232670392520448,OK,1,0,10.0077,0.2785,0,1304,0,-0.889175,0.002502,-0.931845,-0.0016729,0.6714611,-0.0337182,0.7402704
1788232670425860096,OK,1,0,10.0311,0.344334,0,1290,0,-0.876905,0.001965,-0.928932,-0.0020867,0.6715461,-0.0337264,0.7401919
1788232670459199744,OK,1,0,9.84996,0.274625,0,1252,0,-0.864845,0.000933,-0.927684,-0.0024783,0.6714541,-0.0338906,0.7402667
1788232670492539648,OK,1,0,9.35138,0.341042,0,1215,0,-0.852305,0.001227,-0.925090,-0.0029191,0.6715677,-0.0341495,0.7401500
1788232670525879040,OK,1,0,9.8355,0.344,0,1219,0,-0.839001,0.000474,-0.922368,-0.0033973,0.6716602,-0.0342155,0.7400610
1788232670559218944,OK,1,0,9.30462,0.347291,0,1200,0,-0.826459,0.000143,-0.921433,-0.0033490,0.6716398,-0.0340430,0.7400877
1788232670592558592,OK,1,0,9.67421,0.281375,0,1148,0,-0.813617,0.002532,-0.920133,-0.0030941,0.6716466,-0.0341328,0.7400786
1788232670625898496,OK,1,0,10.0932,0.32675,0,1159,0,-0.799836,0.002638,-0.917633,-0.0032656,0.6716608,-0.0342624,0.7400588
1788232670659237120,OK,1,0,9.73842,0.299875,0,1144,0,-0.788487,0.002813,-0.918077,-0.0028256,0.6714931,-0.0343249,0.7402100
1788232670692576768,OK,1,0,9.84442,0.291208,0,1086,0,-0.776929,0.001614,-0.916799,-0.0026257,0.6711923,-0.0343567,0.7404820
1788232670725916416,OK,1,0,8.97458,0.276833,0,1082,0,-0.764927,0.003871,-0.915570,-0.0015089,0.6710122,-0.0347833,0.7406285
1788232670759256064,OK,1,0,9.26742,0.283625,0,1051,0,-0.753770,0.001099,-0.915190,-0.0016378,0.6707217,-0.0346407,0.7408980
1788232670792595968,OK,1,0,9.74446,0.258208,0,1834,0,-0.740334,-0.000414,-0.914075,-0.0022341,0.6695557,-0.0341256,0.7419741
1788232670825935872,OK,1,0,11.8973,0.306166,0,1537,0,-0.727838,-0.000183,-0.911186,-0.0023695,0.6687211,-0.0341616,0.7427243
1788232670859275264,OK,1,0,11.6428,0.320875,0,1471,0,-0.715290,0.000041,-0.907919,-0.0021756,0.6680998,-0.0340926,0.7432870
1788232670892615168,OK,1,0,11.1105,0.299125,0,1447,0,-0.701658,0.000238,-0.914776,-0.0020255,0.6655020,-0.0336703,0.7456335
1788232670925954816,OK,1,0,10.5527,0.343333,0,1445,0,-0.689712,-0.000818,-0.912153,-0.0018945,0.6642316,-0.0335831,0.7467697
1788232670959294720,OK,1,0,10.1943,0.275625,0,1382,0,-0.676965,0.000792,-0.910217,-0.0017004,0.6624236,-0.0330452,0.7483985
1788232670992634624,OK,1,0,10.0292,0.338292,0,1367,0,-0.664813,0.000759,-0.905516,-0.0021156,0.6607416,-0.0328226,0.7498925
1788232671025974016,OK,1,0,9.97496,0.282667,0,1329,0,-0.652838,-0.000280,-0.900720,-0.0029392,0.6590604,-0.0332706,0.7513481
1788232671059313920,OK,1,0,9.77267,0.348792,0,1298,0,-0.639641,0.001731,-0.896049,-0.0028341,0.6573718,-0.0328424,0.7528451
1788232671092653824,OK,1,0,9.67996,0.319083,0,1282,0,-0.626746,0.002545,-0.892109,-0.0028358,0.6550019,-0.0327186,0.7549133
1788232671125992448,OK,1,0,9.47542,0.285583,0,1259,0,-0.614893,0.002163,-0.886391,-0.0027195,0.6527522,-0.0326280,0.7568638
1788232671159329536,OK,1,0,9.14479,0.26825,0,1245,0,-0.605226,0.002173,-0.884053,-0.0023967,0.6503025,-0.0328517,0.7589610
1788232671192666624,OK,1,0,9.38104,0.298542,0,1172,0,-0.593393,0.003834,-0.878517,-0.0018282,0.6478384,-0.0328619,0.7610664
1788232671226003712,OK,1,0,9.63379,0.268584,0,1768,0,-0.583641,0.001036,-0.874545,-0.0017411,0.6448395,-0.0327573,0.7636138
1788232671259340544,OK,1,0,11.5915,0.325,0,1488,0,-0.572829,0.002840,-0.869232,-0.0011859,0.6423008,-0.0332235,0.7657313
1788232671292677632,OK,1,0,10.6822,0.30475,0,1472,0,-0.558421,0.002254,-0.870473,-0.0007984,0.6381932,-0.0319084,0.7692144
1788232671326014720,OK,1,0,10.143,0.293125,0,1456,0,-0.547998,0.001451,-0.864094,-0.0009813,0.6355735,-0.0316289,0.7713916
1788232671359351552,OK,1,0,10.0597,0.273292,0,1408,0,-0.536125,0.003132,-0.859096,-0.0008687,0.6324334,-0.0317750,0.7739623
1788232671392688384,OK,1,0,10.2672,0.282875,0,1368,0,-0.525874,0.002668,-0.852598,-0.0009972,0.6297134,-0.0318827,0.7761723
1788232671426025216,OK,1,0,10.1345,0.31225,0,1337,0,-0.514467,0.002181,-0.845460,-0.0013332,0.6270214,-0.0314905,0.7783641
1788232671459362048,OK,1,0,10.2839,0.304792,0,1317,0,-0.502655,0.003338,-0.839028,-0.0016812,0.6240319,-0.0315426,0.7807602
1788232671492698624,OK,1,0,10.0569,0.269708,0,1285,0,-0.492203,0.004201,-0.831743,-0.0021188,0.6209644,-0.0319065,0.7831863
1788232671526035456,OK,1,0,9.73904,0.277917,0,1274,0,-0.480911,0.005475,-0.824499,-0.0021481,0.6178855,-0.0318701,0.7856190
1788232671559371008,OK,1,0,9.86962,0.257917,0,1239,0,-0.469283,0.005716,-0.818416,-0.0019699,0.6149351,-0.0315103,0.7879454
1788232671592707840,OK,1,0,9.79821,0.335709,0,1203,0,-0.458520,0.004975,-0.812805,-0.0018785,0.6118209,-0.0311615,0.7903801
1788232671626044416,OK,1,0,9.58129,0.291791,0,2125,0,-0.446194,0.007096,-0.807436,-0.0017050,0.6083491,-0.0313100,0.7930499
1788232671659380992,OK,1,0,12.2918,0.315084,0,1629,0,-0.436883,0.006455,-0.799819,-0.0018883,0.6055985,-0.0313311,0.7951512
1788232671692717824,OK,1,0,11.3603,0.328291,0,1627,0,-0.424862,0.005754,-0.792984,-0.0018001,0.6024643,-0.0307750,0.7975503
1788232671726054144,OK,1,0,11.3697,0.302417,0,1554,0,-0.414224,0.006178,-0.786078,-0.0020745,0.5991204,-0.0308767,0.8000606
1788232671759390720,OK,1,0,11.0808,0.281,0,1492,0,-0.402622,0.007805,-0.778187,-0.0021967,0.5957610,-0.0310009,0.8025603
1788232671792727296,OK,1,0,10.4089,0.355875,0,1482,0,-0.391935,0.008163,-0.771285,-0.0023457,0.5925907,-0.0307623,0.8049127
1788232671826063616,OK,1,0,10.8296,0.273875,0,1426,0,-0.381524,0.009300,-0.763812,-0.0021057,0.5896983,-0.0307008,0.8070372
1788232671859400192,OK,1,0,11.4787,0.316875,0,1389,0,-0.372175,0.008503,-0.756282,-0.0022657,0.5865127,-0.0304933,0.8093626
1788232671892736256,OK,1,0,11.0175,0.302042,0,1330,0,-0.361554,0.008414,-0.748662,-0.0023247,0.5827677,-0.0303306,0.8120693
1788232671926072832,OK,1,0,10.7152,0.340334,0,1292,0,-0.352296,0.009957,-0.740124,-0.0022018,0.5794018,-0.0302379,0.8144779
1788232671959408896,OK,1,0,10.4492,0.292458,0,1285,0,-0.340599,0.010621,-0.734295,-0.0019613,0.5757789,-0.0295331,0.8170695
1788232671992744448,OK,1,0,10.1732,0.351042,0,1244,0,-0.329130,0.011612,-0.727305,-0.0018956,0.5722246,-0.0291418,0.8195768
1788232672026080512,OK,1,0,10.7053,0.3015,0,2146,0,-0.320032,0.011179,-0.717864,-0.0024150,0.5687137,-0.0295212,0.8220021
1788232672059416832,OK,1,0,12.4259,0.312334,0,1683,0,-0.308962,0.012442,-0.708593,-0.0027684,0.5651276,-0.0293908,0.8244752
1788232672092752896,OK,1,0,12.4413,0.333833,0,1539,0,-0.299066,0.013149,-0.700348,-0.0028724,0.5617365,-0.0290769,0.8268000
1788232672126089216,OK,1,0,11.5096,0.304959,0,1553,0,-0.289911,0.012809,-0.698551,-0.0021704,0.5568439,-0.0280327,0.8301412
1788232672159428096,OK,1,0,11.4847,0.294083,0,1494,0,-0.280604,0.013990,-0.689764,-0.0020811,0.5531090,-0.0282981,0.8326255
1788232672192766976,OK,1,0,11.4333,0.289709,0,1485,0,-0.270041,0.016620,-0.680532,-0.0017851,0.5494362,-0.0281305,0.8350601
1788232672226105856,OK,1,0,10.1973,0.298625,0,1415,0,-0.260084,0.016393,-0.673323,-0.0017545,0.5458379,-0.0274745,0.8374384
1788232672259444736,OK,1,0,10.6342,0.345708,0,1420,0,-0.250596,0.017147,-0.665355,-0.0016388,0.5423906,-0.0270238,0.8396901
1788232672292783616,OK,1,0,10.7029,0.275958,0,1340,0,-0.240091,0.018043,-0.657184,-0.0015551,0.5386671,-0.0272103,0.8420778
1788232672326122496,OK,1,0,10.5303,0.284292,0,1302,0,-0.230415,0.018725,-0.647987,-0.0018259,0.5349353,-0.0270629,0.8444575
1788232672359461376,OK,1,0,10.7834,0.322959,0,1271,0,-0.220175,0.019107,-0.638546,-0.0020920,0.5313106,-0.0267872,0.8467509
1788232672392800256,OK,1,0,10.8221,0.322958,0,1231,0,-0.212591,0.019563,-0.630320,-0.0017970,0.5280488,-0.0264818,0.8487991
1788232672426139136,OK,1,0,10.316,0.301334,0,1232,0,-0.203239,0.019520,-0.622498,-0.0014490,0.5243670,-0.0265567,0.8510769
1788232672459476992,OK,1,0,10.5582,0.350375,0,2081,0,-0.195665,0.019516,-0.613758,-0.0009392,0.5210572,-0.0264809,0.8531104
1788232672492815872,OK,1,0,11.6718,0.304583,0,1632,0,-0.188367,0.019319,-0.605285,-0.0006455,0.5175956,-0.0265080,0.8552144
1788232672526154752,OK,1,0,11.9197,0.316041,0,1555,0,-0.179348,0.018240,-0.592590,-0.0009941,0.5141869,-0.0264475,0.8572697
1788232672559493632,OK,1,0,11.5471,0.299292,0,1495,0,-0.171331,0.018627,-0.583120,-0.0011159,0.5105799,-0.0266813,0.8594155
1788232672592832256,OK,1,0,11.2982,0.2955,0,1453,0,-0.162559,0.018991,-0.572398,-0.0018753,0.5068704,-0.0267260,0.8616058
1788232672626171136,OK,1,0,10.8753,0.349166,0,1389,0,-0.153322,0.020005,-0.560829,-0.0025925,0.5032663,-0.0267482,0.8637134
1788232672659510016,OK,1,0,10.8956,0.277834,0,1353,0,-0.143682,0.020719,-0.550460,-0.0030039,0.4995092,-0.0265543,0.8658963
1788232672692848640,OK,1,0,10.5888,0.281209,0,1322,0,-0.134446,0.020728,-0.539839,-0.0032151,0.4960303,-0.0261745,0.8679047
1788232672726187520,OK,1,0,10.4436,0.344,0,1314,0,-0.127317,0.022471,-0.530387,-0.0028998,0.4923113,-0.0262472,0.8700185
1788232672759526400,OK,1,0,9.99358,0.346708,0,1235,0,-0.117948,0.023891,-0.521744,-0.0023201,0.4884600,-0.0260653,0.8721938
1788232672792865024,OK,1,0,10.0411,0.283583,0,1167,0,-0.110043,0.023466,-0.512481,-0.0020549,0.4847323,-0.0257454,0.8742812
1788232672826203648,OK,1,0,10.87,0.313083,0,1815,0,-0.101308,0.023829,-0.504440,-0.0018203,0.4810129,-0.0250198,0.8763545
1788232672859542528,OK,1,0,11.8458,0.315459,0,1547,0,-0.093635,0.023952,-0.494572,-0.0018687,0.4774471,-0.0250011,0.8783028
1788232672892880128,OK,1,0,12.5188,0.312458,0,1544,0,-0.082478,0.026181,-0.481981,-0.0020613,0.4734281,-0.0253862,0.8804641
1788232672926218752,OK,1,0,11.3529,0.299333,0,1484,0,-0.073606,0.026510,-0.471817,-0.0022809,0.4694183,-0.0250637,0.8826172
1788232672959557632,OK,1,0,10.7774,0.365625,0,1449,0,-0.064669,0.027490,-0.460787,-0.0024471,0.4658617,-0.0243336,0.8845195
1788232672992896256,OK,1,0,10.8866,0.277208,0,1397,0,-0.057157,0.028264,-0.450872,-0.0024857,0.4621745,-0.0240255,0.8864600
1788232673026234880,OK,1,0,10.4593,0.318875,0,1348,0,-0.049358,0.029291,-0.440181,-0.0025124,0.4584858,-0.0242294,0.8883678
1788232673059573504,OK,1,0,10.3111,0.338791,0,1313,0,-0.041882,0.029012,-0.429753,-0.0024656,0.4549641,-0.0240969,0.8901803
1788232673092912128,OK,1,0,9.77675,0.348583,0,1279,0,-0.033211,0.029554,-0.419931,-0.0023944,0.4513384,-0.0236411,0.8920364
1788232673126250752,OK,1,0,10.5635,0.286833,0,1846,0,-0.025376,0.029608,-0.410145,-0.0023927,0.4474624,-0.0234873,0.8939911
1788232673159588864,OK,1,0,13.7546,0.340458,0,1687,0,-0.019206,0.031233,-0.399424,-0.0020911,0.4436358,-0.0241648,0.8958789
1788232673192926976,OK,1,0,13.2036,0.352875,0,1567,0,-0.011631,0.031974,-0.389673,-0.0015377,0.4394246,-0.0241731,0.8979529
1788232673226265088,OK,1,0,12.048,0.332458,0,1607,0,-0.004006,0.033337,-0.379714,-0.0008427,0.4351609,-0.0234079,0.9000480
1788232673259602944,OK,1,0,12.4436,0.297917,0,1542,0,0.003366,0.034821,-0.370370,-0.0000910,0.4315769,-0.0233110,0.9017749
1788232673292941056,OK,1,0,11.532,0.371667,0,1449,0,0.009928,0.034677,-0.360359,0.0000715,0.4278154,-0.0231352,0.9035700
1788232673326278144,OK,1,0,10.7771,0.285125,0,1414,0,0.016296,0.034396,-0.349467,0.0000396,0.4240014,-0.0227954,0.9053746
1788232673359616000,OK,1,0,10.5798,0.29325,0,1388,0,0.024494,0.036170,-0.337939,0.0002596,0.4199905,-0.0227412,0.9072435
1788232673392954112,OK,1,0,10.7055,0.326708,0,1890,0,0.030220,0.036139,-0.326955,-0.0000219,0.4158736,-0.0226876,0.9091394
1788232673426291968,OK,1,0,12.57,0.284083,0,1658,0,0.036078,0.037113,-0.315172,-0.0001281,0.4116725,-0.0227990,0.9110466
1788232673459629824,OK,1,0,12.8588,0.325292,0,1581,0,0.041399,0.037570,-0.303761,-0.0004285,0.4076003,-0.0228187,0.9128752
1788232673492967680,OK,1,0,12.1295,0.304292,0,1549,0,0.049193,0.040001,-0.290888,-0.0000669,0.4033735,-0.0224907,0.9147590
1788232673526305792,OK,1,0,12.2492,0.342209,0,1509,0,0.055057,0.040401,-0.279825,0.0000577,0.3993201,-0.0222952,0.9165404
1788232673559643392,OK,1,0,17.3759,0.315417,0,1452,0,-0.722628,0.120511,0.091202,0.0078646,0.4439520,-0.0134798,0.8959147
1788232673592981248,OK,1,0,12.9138,0.28975,0,1416,0,-0.716676,0.121904,0.101647,0.0078619,0.4398718,-0.0133854,0.8979264
1788232673626319104,OK,1,0,12.693,0.301708,0,1365,0,-0.708765,0.122453,0.113358,0.0078382,0.4358384,-0.0131695,0.8998944
1788232673659656704,OK,1,0,12.8545,0.334292,0,1305,0,-0.701051,0.122618,0.123911,0.0079413,0.4318048,-0.0130179,0.9018382
1788232673692994560,OK,1,0,13.0168,0.31825,0,1266,0,-0.694323,0.123059,0.134882,0.0081679,0.4272826,-0.0125916,0.9039936
1788232673726332160,OK,1,0,12.5244,0.325542,0,1256,0,-0.690282,0.123728,0.145395,0.0083201,0.4230270,-0.0126772,0.9059902
1788232673759670016,OK,1,0,10.0211,0.323708,1,1424,0,-0.068238,0.076750,-0.077210,-0.0005459,0.3445708,-0.0162039,0.9386203
1788232673793006592,OK,1,0,11.3622,0.323125,0,892,0,-0.075365,0.063496,-0.090173,-0.0016004,0.3403269,-0.0157450,0.9401740
1788232673826344192,OK,1,0,9.97217,0.348959,0,1143,0,-0.061710,0.078611,-0.056038,-0.0004307,0.3354512,-0.0162421,0.9419175
1788232673859681792,OK,1,0,10.6751,0.349208,0,1221,0,-0.057465,0.080070,-0.041861,-0.0007866,0.3309118,-0.0159023,0.9435273
1788232673893019648,OK,1,0,10.3712,0.30175,0,1179,0,-0.053980,0.081385,-0.028892,-0.0010380,0.3264350,-0.0153341,0.9450947
1788232673926357248,OK,1,0,11.0549,0.340541,0,1180,0,-0.049572,0.081146,-0.015603,-0.0011440,0.3218160,-0.0151648,0.9466801
1788232673959694848,OK,1,0,10.6605,0.372625,0,1317,0,0.003497,0.059942,-0.118664,0.0036277,0.3421308,-0.0184997,0.9394632
1788232673993032192,OK,1,0,14.757,0.37875,0,1358,0,0.010806,0.060153,-0.105648,0.0037651,0.3371560,-0.0175311,0.9412780
1788232674026369792,OK,1,0,13.4623,0.323458,0,1315,0,0.014317,0.060866,-0.094498,0.0039153,0.3326488,-0.0173876,0.9428824
1788232674059707392,OK,1,0,13.9554,0.317333,0,1300,0,0.017596,0.061660,-0.081520,0.0039637,0.3276172,-0.0178758,0.9446331
1788232674093044992,OK,1,0,12.7333,0.296042,0,1226,0,0.021564,0.062662,-0.067918,0.0036544,0.3218713,-0.0180356,0.9466046
1788232674126382336,OK,1,0,16.0215,0.348583,0,1210,0,0.022605,0.062747,-0.055580,0.0033706,0.3167734,-0.0176174,0.9483316
1788232674159731968,OK,1,0,13.2323,0.3215,0,1201,0,0.029101,0.065617,-0.041431,0.0034643,0.3111138,-0.0170655,0.9502131
1788232674193081856,OK,1,0,13.1211,0.371541,0,1185,0,0.032166,0.064362,-0.028887,0.0034095,0.3061828,-0.0164374,0.9518247
1788232674226430464,OK,1,0,13.7084,0.331,0,1142,0,0.035877,0.065216,-0.016681,0.0035648,0.3009027,-0.0158670,0.9535162
1788232674259780352,OK,1,0,12.0501,0.349375,0,1177,0,0.038013,0.065874,-0.004901,0.0035931,0.2958663,-0.0156674,0.9550941
1788232674293130496,OK,1,0,14.0452,0.356292,0,1126,0,0.040872,0.066557,0.008239,0.0036332,0.2909400,-0.0154024,0.9566104
1788232674326480128,OK,1,0,13.4127,0.347458,0,1104,0,0.044659,0.066012,0.022561,0.0038141,0.2857442,-0.0154718,0.9581735
1788232674359830272,OK,1,0,13.4063,0.344333,0,1042,0,0.042539,0.067023,0.033250,0.0039809,0.2804766,-0.0156986,0.9597242
1788232674393180160,OK,1,0,13.2073,0.37125,0,1004,0,0.045422,0.067138,0.043659,0.0041058,0.2746611,-0.0155368,0.9614068
1788232674426530560,OK,1,0,12.5233,0.324875,0,994,0,0.050447,0.067417,0.059779,0.0043332,0.2687731,-0.0151806,0.9630741
1788232674459880704,OK,1,0,13.0398,0.363834,0,1694,0,0.051545,0.069431,0.072236,0.0044466,0.2628531,-0.0157552,0.9646970
1788232674493230592,OK,1,0,15.3974,0.347208,0,1439,0,0.051523,0.070361,0.084498,0.0042021,0.2571817,-0.0153466,0.9662321
1788232674526580992,OK,1,0,17.8965,0.353917,0,1335,0,0.053225,0.070061,0.098630,0.0037761,0.2517653,-0.0145382,0.9676718
1788232674559931392,OK,1,0,13.834,0.349375,0,1270,0,0.054373,0.069591,0.111450,0.0035694,0.2462638,-0.0139702,0.9690956
1788232674593282048,OK,1,0,14.0896,0.330542,1,1724,0,0.104679,0.054890,0.111755,0.0027849,0.2370569,-0.0157741,0.9713637
1788232674626632448,OK,1,0,14.2933,0.333334,0,1428,0,0.105999,0.056133,0.122944,0.0026618,0.2308650,-0.0155142,0.9728585
1788232674659981824,OK,1,0,15.0035,0.324083,0,1358,0,0.107431,0.054678,0.133936,0.0026602,0.2249508,-0.0144547,0.9742593
1788232674693332480,OK,1,0,14.7555,0.335417,0,1306,0,0.111234,0.058750,0.148754,0.0036549,0.2193412,-0.0143154,0.9755363
1788232674726683136,OK,1,0,15.0427,0.392375,0,1274,0,0.111960,0.058312,0.159917,0.0037224,0.2136549,-0.0138408,0.9768041
1788232674760033792,OK,1,0,15.4105,0.354125,0,1267,0,0.111373,0.058070,0.170704,0.0036764,0.2080247,-0.0133355,0.9780258
1788232674793384448,OK,1,0,14.258,0.408,0,1213,0,0.111736,0.058388,0.181747,0.0036300,0.2018990,-0.0134050,0.9793079
1788232674826735104,OK,1,0,14.0488,0.400958,0,1195,0,0.117381,0.059215,0.199204,0.0030564,0.1956848,-0.0122604,0.9805855
1788232674860086272,OK,1,0,13.653,0.407333,0,1196,0,0.118198,0.060391,0.214538,0.0024422,0.1895518,-0.0118152,0.9817966
1788232674893436928,OK,1,0,14.2987,0.3525,0,1162,0,0.116653,0.060792,0.226082,0.0021552,0.1836486,-0.0114849,0.9829225
1788232674926787840,OK,1,0,15.0338,0.322083,0,1259,0,0.144445,0.054769,0.246194,0.0016489,0.1756063,-0.0100794,0.9844075
1788232674960139008,OK,1,0,15.5409,0.330334,0,1696,0,0.142019,0.054629,0.259349,0.0013728,0.1700848,-0.0098433,0.9853793
1788232674993489920,OK,1,0,15.7836,0.355542,0,1585,0,0.142381,0.056087,0.273751,0.0015146,0.1640865,-0.0095836,0.9863983
1788232675026841088,OK,1,0,16.0273,0.367709,0,1497,0,0.143074,0.055604,0.286088,0.0020885,0.1578705,-0.0090116,0.9874165
1788232675060192256,OK,1,0,16.6476,0.330708,0,1449,0,0.144169,0.057285,0.298722,0.0027619,0.1519341,-0.0083842,0.9883512
1788232675093543424,OK,1,0,15.5112,0.341166,0,1453,0,0.142857,0.055796,0.310346,0.0032802,0.1467467,-0.0077516,0.9891383
1788232675126893824,OK,1,0,16.3444,0.335792,0,1393,0,0.144379,0.056438,0.323517,0.0036404,0.1413748,-0.0078444,0.9899184
1788232675160234496,OK,1,0,15.0749,0.360708,0,1423,0,0.143082,0.057607,0.337017,0.0037685,0.1362679,-0.0078601,0.9906337
1788232675193575168,OK,1,0,15.5433,0.357,0,1403,0,0.140643,0.057511,0.348623,0.0034050,0.1311745,-0.0072724,0.9913267
1788232675226915840,OK,1,0,16.1896,0.343709,0,1344,0,0.139397,0.058689,0.363974,0.0032453,0.1258565,-0.0071013,0.9920177
1788232675260256512,OK,1,0,15.7021,0.36725,0,1345,0,0.136152,0.060754,0.375673,0.0034034,0.1206301,-0.0074259,0.9926639
1788232675293597184,OK,1,0,14.9865,0.36325,0,1356,0,0.137193,0.060870,0.389478,0.0032140,0.1152331,-0.0068670,0.9933096
1788232675326938112,OK,1,0,16.3005,0.343167,0,1358,0,0.140210,0.057687,0.400220,0.0027516,0.1097594,-0.0060473,0.9939360
1788232675360278784,OK,1,0,14.9663,0.386334,0,1373,0,0.139626,0.056815,0.412954,0.0028065,0.1043718,-0.0059880,0.9945164
1788232675393619456,OK,1,0,15.561,0.356834,0,1348,0,0.135107,0.059387,0.425238,0.0028665,0.0991837,-0.0060975,0.9950463
1788232675426960128,OK,1,0,15.565,0.325292,0,1358,0,0.138058,0.062084,0.444032,0.0026178,0.0935184,-0.0059708,0.9955962
1788232675460301056,OK,1,0,14.5645,0.374667,0,1384,0,0.129346,0.060564,0.455043,0.0022042,0.0890251,-0.0058685,0.9960097
1788232675493641728,OK,1,0,15.1761,0.3275,0,1402,0,0.126500,0.059766,0.468968,0.0021331,0.0834846,-0.0059091,0.9964893
1788232675526982656,OK,1,0,14.8626,0.328708,0,1405,0,0.121640,0.057552,0.478466,0.0017456,0.0782653,-0.0052624,0.9969172
1788232675560322560,OK,1,0,14.3402,0.337541,0,1437,0,0.122281,0.058116,0.492640,0.0019777,0.0728473,-0.0043813,0.9973316
1788232675593663232,OK,1,0,14.7037,0.298583,0,1441,0,0.121519,0.055608,0.503632,0.0021702,0.0677073,-0.0037732,0.9976957
1788232675627004160,OK,1,0,14.5461,0.317541,0,1420,0,0.113244,0.056832,0.516515,0.0028113,0.0629081,-0.0043939,0.9980057
1788232675660345088,OK,1,0,14.8461,0.312042,0,1463,0,0.113543,0.054645,0.531534,0.0024649,0.0571591,-0.0037875,0.9983549
1788232675693685760,OK,1,0,14.9262,0.277792,0,1499,0,0.110310,0.055428,0.543564,0.0020683,0.0518116,-0.0030696,0.9986500
1788232675727026688,OK,1,0,14.7963,0.310542,0,1470,0,0.105883,0.053808,0.557149,0.0018431,0.0467501,-0.0030358,0.9989003
1788232675760367616,OK,1,0,15.2357,0.31825,0,1470,0,0.103726,0.053363,0.570482,0.0020208,0.0414754,-0.0032602,0.9991322
1788232675793708544,OK,1,0,15.2966,0.288584,0,1460,0,0.096625,0.052754,0.581311,0.0019408,0.0361735,-0.0033637,0.9993380
1788232675827049216,OK,1,0,15.5795,0.2925,0,1480,0,0.093536,0.052425,0.591400,0.0019627,0.0312609,-0.0026399,0.9995059
1788232675860390400,OK,1,0,15.5746,0.313291,0,1522,0,0.092616,0.051649,0.604882,0.0018615,0.0261759,-0.0015612,0.9996544
1788232675893731328,OK,1,0,17.679,0.332583,0,1518,0,0.086608,0.049707,0.615650,0.0019711,0.0209366,-0.0013928,0.9997779
1788232675927072256,OK,1,0,16.7375,0.328875,0,1549,0,0.083089,0.051227,0.629514,0.0019198,0.0154018,-0.0011677,0.9998789
1788232675960413184,OK,1,0,18.0656,0.325458,0,1555,0,0.079519,0.051456,0.642053,0.0018564,0.0104158,-0.0008358,0.9999437
1788232675993753088,OK,1,0,16.1665,0.338583,0,1590,0,0.074086,0.051309,0.654773,0.0018661,0.0059066,-0.0005774,0.9999807
1788232676027094016,OK,1,0,16.314,0.354625,0,1601,0,0.073631,0.049425,0.666174,0.0016785,0.0012330,-0.0001125,0.9999979
1788232676060434944,OK,1,0,17.7705,0.33575,0,1631,0,0.069870,0.051253,0.679053,0.0015875,-0.0028257,0.0001790,0.9999948
1788232676093776128,OK,1,0,17.9795,0.3445,0,1642,0,0.067810,0.050349,0.692224,0.0014224,-0.0065398,0.0005437,0.9999775
1788232676127117312,OK,1,0,16.3816,0.365708,0,1656,0,0.062647,0.051708,0.703596,0.0014559,-0.0096976,0.0007994,0.9999516
1788232676160456960,OK,1,0,16.151,0.328416,0,1654,0,0.060227,0.051371,0.715561,0.0013417,-0.0134363,0.0012852,0.9999080
1788232676193796864,OK,1,0,15.4597,0.324125,0,1668,0,0.057118,0.051124,0.728065,0.0013978,-0.0173238,0.0012048,0.9998482
1788232676227136768,OK,1,0,17.3236,0.315667,0,1664,0,0.052337,0.051681,0.739882,0.0014892,-0.0209013,0.0013170,0.9997796
1788232676260476672,OK,1,0,15.3027,0.312125,0,1624,0,0.049107,0.051839,0.753661,0.0011415,-0.0247540,0.0016598,0.9996915
1788232676293816320,OK,1,0,15.3742,0.318291,0,1648,0,0.043774,0.052927,0.766422,0.0008047,-0.0284736,0.0018114,0.9995926
1788232676327156224,OK,1,0,15.6602,0.309666,0,1630,0,0.039388,0.052624,0.779143,0.0003772,-0.0322371,0.0013728,0.9994792
1788232676360496128,OK,1,0,14.5782,0.308875,0,1592,0,0.035054,0.054642,0.792368,0.0000683,-0.0360105,0.0011215,0.9993508
1788232676393836032,OK,1,0,14.703,0.289375,0,1617,0,0.028551,0.054941,0.804803,-0.0004559,-0.0394045,0.0012523,0.9992225
1788232676427175680,OK,1,0,14.8657,0.274042,0,1564,0,0.025599,0.056339,0.817729,-0.0008757,-0.0433669,0.0019404,0.9990569
1788232676460514560,OK,1,0,15.0361,0.35825,0,1584,0,0.022331,0.055187,0.830280,-0.0010685,-0.0470668,0.0020855,0.9988890
1788232676493854464,OK,1,0,15.4327,0.301042,0,1570,0,0.016595,0.055469,0.841322,-0.0011525,-0.0505851,0.0023304,0.9987164
1788232676527194112,OK,1,0,14.6862,0.293,0,1533,0,0.011727,0.057798,0.855392,-0.0009854,-0.0545343,0.0024641,0.9985084
1788232676560534016,OK,1,0,14.6136,0.280084,0,1514,0,0.009919,0.057299,0.867684,-0.0010744,-0.0583461,0.0029108,0.9982916
1788232676593873664,OK,1,0,15.4178,0.316416,0,1563,0,0.005916,0.057342,0.878772,-0.0010106,-0.0618463,0.0030051,0.9980807
1788232676627213568,OK,1,0,14.7785,0.306625,0,1537,0,-0.000726,0.058571,0.889946,-0.0006632,-0.0652971,0.0028764,0.9978615
1788232676660553472,OK,1,0,14.6892,0.287375,0,1505,0,-0.003460,0.058328,0.900639,-0.0004735,-0.0690625,0.0031456,0.9976073
1788232676693893376,OK,1,0,14.9755,0.312459,0,1526,0,-0.007995,0.058590,0.910381,-0.0004328,-0.0725901,0.0038001,0.9973546
1788232676727233280,OK,1,0,14.7669,0.313167,0,1490,0,-0.013478,0.060035,0.923096,-0.0004405,-0.0759867,0.0040793,0.9971004
1788232676760572928,OK,1,0,14.8995,0.311333,0,1490,0,-0.017084,0.060380,0.936509,-0.0005861,-0.0798889,0.0038534,0.9967962
1788232676793912832,OK,1,0,15.0046,0.356375,0,1469,0,-0.021468,0.059066,0.948008,-0.0011940,-0.0837257,0.0037771,0.9964810
1788232676827252736,OK,1,0,14.8301,0.293792,0,1454,0,-0.027582,0.060415,0.959444,-0.0014922,-0.0873543,0.0037352,0.9961692
1788232676860592640,OK,1,0,14.1263,0.276708,0,1425,0,-0.034635,0.063111,0.972493,-0.0014466,-0.0907603,0.0033807,0.9958660
1788232676893931520,OK,1,0,14.3365,0.292833,0,1438,0,-0.037836,0.062135,0.984835,-0.0016640,-0.0947747,0.0034428,0.9954914
1788232676927271168,OK,1,0,14.8297,0.304833,0,1644,0,-0.043405,0.060100,0.997069,-0.0019057,-0.0986076,0.0036104,0.9951180
1788232676960611072,OK,1,0,15.2291,0.310959,0,1759,0,-0.047912,0.061266,1.007352,-0.0012061,-0.1023449,0.0042695,0.9947391
1788232676993950976,OK,1,0,15.5054,0.318,0,1670,0,-0.053338,0.063538,1.018180,-0.0005443,-0.1057653,0.0050662,0.9943781
1788232677027290880,OK,1,0,16.5645,0.321375,0,1641,0,-0.055014,0.063483,1.028796,-0.0003260,-0.1096186,0.0057701,0.9939569
1788232677060630528,OK,1,0,15.9171,0.314666,0,1548,0,-0.061808,0.063666,1.041527,-0.0004663,-0.1132702,0.0060513,0.9935457
1788232677093970176,OK,1,0,15.2147,0.32675,0,1536,0,-0.065813,0.063332,1.050685,-0.0007269,-0.1171434,0.0059875,0.9930967
1788232677127310080,OK,1,0,16.4188,0.339917,0,1519,0,-0.071143,0.062848,1.062768,-0.0011191,-0.1209611,0.0055535,0.9926411
1788232677160648192,OK,1,0,17.4977,0.312791,0,1509,0,-0.081789,0.064169,1.077240,-0.0015265,-0.1243899,0.0052358,0.9922184
1788232677193985792,OK,1,0,16.3612,0.330917,0,1520,0,-0.088401,0.066308,1.088718,-0.0015469,-0.1279089,0.0050689,0.9917718
1788232677227323648,OK,1,0,15.6408,0.334291,0,1449,0,-0.092615,0.063943,1.098997,-0.0019402,-0.1317488,0.0053118,0.9912670
1788232677260661504,OK,1,0,18.7114,0.349375,0,1416,0,-0.100293,0.064966,1.111360,-0.0016737,-0.1350041,0.0057023,0.9908272
1788232677293999616,OK,1,0,16.7435,0.35875,0,1432,0,-0.108208,0.065341,1.122803,-0.0015257,-0.1382078,0.0060989,0.9903833
1788232677327336192,OK,1,0,15.724,0.366416,0,1411,0,-0.110723,0.064443,1.131037,-0.0014471,-0.1421387,0.0063149,0.9898255
1788232677360673792,OK,1,0,17.5529,0.3485,0,1455,0,-0.119680,0.066295,1.141928,-0.0012038,-0.1456088,0.0059986,0.9893234
1788232677394011392,OK,1,0,17.5529,0.343042,0,1453,0,-0.125869,0.066832,1.155983,-0.0012825,-0.1493268,0.0056216,0.9887711
1788232677427349248,OK,1,0,16.1645,0.349667,0,1436,0,-0.134729,0.069136,1.169324,-0.0013842,-0.1530127,0.0059061,0.9882056
1788232677460686848,OK,1,0,15.6303,0.378167,0,1434,0,-0.140540,0.067639,1.177997,-0.0014152,-0.1567921,0.0059811,0.9876125
1788232677494024448,OK,1,0,15.3072,0.355375,0,1410,0,-0.153195,0.067923,1.191809,-0.0010356,-0.1606011,0.0057810,0.9870020
1788232677527362048,OK,1,0,15.4925,0.327833,0,1393,0,-0.158610,0.069234,1.201250,-0.0006191,-0.1645729,0.0067699,0.9863415
1788232677560699392,OK,1,0,16.6657,0.324583,0,1375,0,-0.163309,0.068020,1.212271,-0.0006005,-0.1684684,0.0074705,0.9856786
1788232677594036992,OK,1,0,15.3242,0.341209,0,1333,0,-0.171041,0.068223,1.224666,-0.0003395,-0.1724499,0.0077871,0.9849875
1788232677627374592,OK,1,0,15.0069,0.345541,0,1477,0,-0.178997,0.068845,1.235449,-0.0001930,-0.1768717,0.0076129,0.9842045
1788232677660711936,OK,1,0,15.9375,0.309959,0,1680,0,-0.188775,0.071118,1.245162,-0.0001290,-0.1811907,0.0076613,0.9834182
1788232677694049280,OK,1,0,15.7412,0.326083,0,1577,0,-0.194982,0.070585,1.255054,-0.0004068,-0.1857159,0.0080900,0.9825701
1788232677727386624,OK,1,0,16.1453,0.340792,0,1571,0,-0.203318,0.069135,1.264941,-0.0005823,-0.1899281,0.0083515,0.9817623
1788232677760724224,OK,1,0,16.4036,0.339791,0,1537,0,-0.212516,0.071655,1.275948,-0.0003649,-0.1945441,0.0088822,0.9808535
1788232677794060288,OK,1,0,17.5182,0.336166,0,1506,0,-0.219936,0.070119,1.284811,-0.0004380,-0.1992394,0.0087919,0.9799113
1788232677827397632,OK,1,0,16.7417,0.331916,0,1517,0,-0.231063,0.071254,1.296101,-0.0001540,-0.2035056,0.0092479,0.9790301
1788232677860734976,OK,1,0,18.2122,0.340416,0,1496,0,-0.238942,0.072220,1.304235,-0.0001060,-0.2078244,0.0093900,0.9781211
1788232677894072064,OK,1,0,17.7162,0.350959,0,1457,0,-0.249640,0.074365,1.315794,0.0001548,-0.2125939,0.0094225,0.9770952
1788232677927409408,OK,1,0,18.2854,0.340792,0,1449,0,-0.258675,0.074378,1.324082,-0.0001041,-0.2176746,0.0097733,0.9759725
1788232677960746496,OK,1,0,18.0325,0.387792,0,1414,0,-0.268498,0.072634,1.334875,-0.0001596,-0.2224824,0.0097073,0.9748884
1788232677994083584,OK,1,0,17.7849,0.347667,0,1400,0,-0.276422,0.074256,1.344542,-0.0000390,-0.2274470,0.0105022,0.9737338
1788232678027420672,OK,1,0,19.2003,0.357542,0,1415,0,-0.286239,0.075535,1.353474,0.0002318,-0.2320722,0.0108690,0.9726378
1788232678060757760,OK,1,0,18.5515,0.33025,0,1418,0,-0.291672,0.075443,1.360591,-0.0000354,-0.2371255,0.0111906,0.9714146
1788232678094094848,OK,1,0,18.7902,0.360417,0,1409,0,-0.302040,0.077897,1.370660,0.0000802,-0.2417468,0.0119071,0.9702663
1788232678127431936,OK,1,0,17.9421,0.39575,0,1392,0,-0.310500,0.077294,1.377803,0.0001192,-0.2463715,0.0122353,0.9690982
1788232678160770048,OK,1,0,16.7737,0.375834,0,1378,0,-0.325239,0.077064,1.388949,0.0004384,-0.2507148,0.0123798,0.9679817
1788232678194108160,OK,1,0,16.6152,0.327625,0,1419,0,-0.334917,0.076140,1.398942,0.0004166,-0.2555771,0.0127660,0.9667043
1788232678227445248,OK,1,0,16.7057,0.363166,0,1406,0,-0.342544,0.075482,1.405101,0.0006010,-0.2604190,0.0132528,0.9654046
1788232678260783360,OK,1,0,15.751,0.375583,0,1393,0,-0.352803,0.077699,1.415179,0.0006505,-0.2652365,0.0130974,0.9640942
1788232678294121472,OK,1,0,15.4287,0.374875,0,1383,0,-0.364925,0.079963,1.423336,0.0009234,-0.2697611,0.0131320,0.9628373
1788232678327459584,OK,1,0,15.5058,0.318791,0,1355,0,-0.370656,0.075744,1.425829,0.0005256,-0.2747234,0.0128717,0.9614370
1788232678360797696,OK,1,0,15.12,0.309167,0,1342,0,-0.382506,0.076256,1.433460,0.0003624,-0.2793206,0.0127695,0.9601129
1788232678394135808,OK,1,0,14.9376,0.312042,0,1355,0,-0.388888,0.073155,1.440516,-0.0001537,-0.2842829,0.0130767,0.9586513
1788232678427473664,OK,1,0,14.7282,0.283125,0,1295,0,-0.403108,0.074804,1.447753,0.0001491,-0.2886477,0.0132966,0.9573430
1788232678460811520,OK,1,0,14.7385,0.27775,0,1296,0,-0.414378,0.075914,1.456313,0.0005154,-0.2933200,0.0134273,0.9559199
1788232678494149376,OK,1,0,15.5533,0.35975,0,1326,0,-0.419347,0.073075,1.459485,0.0003880,-0.2983238,0.0141741,0.9543594
1788232678527487232,OK,1,0,15.2641,0.30425,0,1295,0,-0.430522,0.075229,1.468593,0.0006984,-0.3028004,0.0148029,0.9529388
1788232678560825088,OK,1,0,15.204,0.306708,0,1467,0,-0.442303,0.074120,1.474018,0.0010958,-0.3070775,0.0146544,0.9515710
1788232678594163200,OK,1,0,16.5592,0.301291,0,1688,0,-0.451719,0.075693,1.479860,0.0015027,-0.3119190,0.0148853,0.9499909
1788232678627501056,OK,1,0,15.9547,0.301,0,1558,0,-0.462529,0.073682,1.484800,0.0014330,-0.3167310,0.0146397,0.9484013
1788232678660837888,OK,1,0,16.9927,0.343875,0,1492,0,-0.471878,0.074005,1.490256,0.0008905,-0.3212935,0.0150420,0.9468598
1788232678694175488,OK,1,0,17.2123,0.35275,0,1477,0,-0.481758,0.074504,1.497093,0.0007045,-0.3260193,0.0153058,0.9452389
1788232678727513344,OK,1,0,17.4613,0.334458,0,1440,0,-0.494618,0.076680,1.506702,0.0010902,-0.3307144,0.0152878,0.9436064
1788232678760851200,OK,1,0,17.3714,0.327416,0,1423,0,-0.505737,0.076684,1.513749,0.0011461,-0.3352099,0.0155477,0.9420145
1788232678794188800,OK,1,0,16.4177,0.363667,0,1385,0,-0.516513,0.076498,1.520688,0.0005981,-0.3397222,0.0159229,0.9403908
1788232678827526400,OK,1,0,19.6675,0.314833,0,1374,0,-0.528865,0.075897,1.528559,0.0006022,-0.3441510,0.0161086,0.9387759
1788232678860864000,OK,1,0,18.8969,0.333083,0,1321,0,-0.541821,0.077114,1.536450,0.0013748,-0.3487422,0.0160760,0.9370798
1788232678894201600,OK,1,0,18.2828,0.345292,0,1301,0,-0.552529,0.077596,1.542524,0.0019498,-0.3537004,0.0167050,0.9352075
1788232678927539200,OK,1,0,15.8815,0.332417,0,1310,0,-0.562305,0.079331,1.549876,0.0022280,-0.3585606,0.0177222,0.9333355
1788232678960877056,OK,1,0,16.1302,0.359334,0,1275,0,-0.570805,0.077060,1.552368,0.0021094,-0.3628975,0.0183932,0.9316451
1788232678994214656,OK,1,0,18.3772,0.345208,0,1235,0,-0.583081,0.077519,1.556946,0.0023225,-0.3673353,0.0187035,0.9298977
1788232679027552000,OK,1,0,16.4614,0.348417,0,1182,0,-0.597097,0.078990,1.563639,0.0026165,-0.3717981,0.0185818,0.9281240
1788232679060889600,OK,1,0,16.9635,0.374708,0,1166,0,-0.607103,0.077364,1.568541,0.0020755,-0.3766634,0.0188123,0.9261569
1788232679094226944,OK,1,0,17.6429,0.347708,0,1143,0,-0.620786,0.080036,1.578430,0.0021499,-0.3813901,0.0193387,0.9242094
1788232679127563520,OK,1,0,15.5711,0.337042,0,1139,0,-0.634745,0.082195,1.585264,0.0024071,-0.3859726,0.0191172,0.9223090
1788232679160902912,OK,1,0,16.7825,0.337125,0,1144,0,-0.646657,0.079758,1.585335,0.0021542,-0.3904301,0.0194692,0.9204242
1788232679194242048,OK,1,0,15.0628,0.347916,0,1407,0,-0.660056,0.080379,1.593188,0.0022273,-0.3947041,0.0199279,0.9185895
1788232679227581184,OK,1,0,15.9723,0.332458,0,1489,0,-0.670985,0.081831,1.598052,0.0026955,-0.3992521,0.0203425,0.9166116
1788232679260920320,OK,1,0,16.5178,0.3325,0,1413,0,-0.681103,0.080165,1.601616,0.0025603,-0.4039055,0.0207419,0.9145620
1788232679294259712,OK,1,0,16.3779,0.339875,0,1327,0,-0.693735,0.082361,1.606003,0.0025405,-0.4083371,0.0208923,0.9125885
1788232679327598848,OK,1,0,16.0233,0.341958,0,1294,0,-0.705288,0.081216,1.610586,0.0021962,-0.4125910,0.0213255,0.9106641
1788232679360937984,OK,1,0,16.8527,0.324083,0,1204,0,-0.715936,0.079770,1.615200,0.0022265,-0.4171256,0.0215346,0.9085910
1788232679394277376,OK,1,0,16.0483,0.337167,0,1220,0,-0.730047,0.081816,1.620831,0.0024911,-0.4217817,0.0217211,0.9064338
1788232679427616512,OK,1,0,16.1524,0.323542,0,1167,0,-0.740568,0.082156,1.628351,0.0025424,-0.4262745,0.0226394,0.9043070
1788232679460955648,OK,1,0,15.147,0.352458,0,1136,0,-0.750710,0.084159,1.629622,0.0028917,-0.4303354,0.0229943,0.9023716
1788232679494294784,OK,1,0,15.7805,0.332792,0,1123,0,-0.761135,0.083618,1.634115,0.0034057,-0.4347746,0.0233123,0.9002311
1788232679527633664,OK,1,0,15.7191,0.369,0,1087,0,-0.772489,0.083625,1.634987,0.0036349,-0.4393130,0.0230409,0.8980312
1788232679560972032,OK,1,0,14.5612,0.359416,0,1058,0,-0.784748,0.082873,1.638612,0.0032256,-0.4436928,0.0235017,0.8958650
1788232679594310912,OK,1,0,14.085,0.337125,0,1029,0,-0.798858,0.085482,1.647381,0.0031787,-0.4481106,0.0239733,0.8936510
1788232679627650048,OK,1,0,15.4129,0.316375,0,978,0,-0.810448,0.084207,1.650852,0.0034478,-0.4524568,0.0241315,0.8914531
1788232679660989184,OK,1,0,15.1503,0.367083,0,952,0,-0.823026,0.083107,1.652835,0.0033799,-0.4568112,0.0242938,0.8892255
1788232679694328320,OK,1,0,15.5257,0.330625,0,924,0,-0.834063,0.083516,1.656770,0.0030740,-0.4610671,0.0247856,0.8870137
1788232679727667200,OK,1,0,14.4527,0.37,0,923,0,-0.849629,0.084566,1.663188,0.0030953,-0.4650858,0.0251501,0.8849029
1788232679761006336,OK,1,0,14.0198,0.350167,0,891,0,-0.862400,0.083417,1.667619,0.0034703,-0.4693821,0.0247952,0.8826401
1788232679794345472,OK,1,0,22.0481,0.348042,0,891,0,-0.873245,0.087741,1.674018,0.0037396,-0.4742931,0.0253945,0.8799927
1788232679827684352,OK,1,0,14.7846,0.347709,0,900,0,-0.885584,0.086604,1.676403,0.0035168,-0.4784207,0.0258982,0.8777417
1788232679861023488,OK,1,0,13.594,0.351333,0,1124,0,-0.896133,0.089228,1.681102,0.0037848,-0.4826042,0.0264957,0.8754295
1788232679894362368,OK,1,0,14.7423,0.322208,0,1193,0,-0.907648,0.088898,1.685440,0.0038141,-0.4868268,0.0271654,0.8730677
1788232679927701504,OK,1,0,15.3432,0.32575,0,1117,0,-0.919434,0.090485,1.686916,0.0038141,-0.4910411,0.0277465,0.8706861
1788232679961040384,OK,1,0,14.0515,0.348583,0,1070,0,-0.931484,0.090085,1.688749,0.0036775,-0.4947540,0.0278947,0.8685775
1788232679994378240,OK,1,0,13.3296,0.32775,0,1002,0,-0.943579,0.088955,1.692449,0.0035033,-0.4986251,0.0279701,0.8663594
1788232680027717376,OK,1,0,13.5365,0.354959,0,1111,0,-0.956531,0.090020,1.696491,0.0039618,-0.5024987,0.0278535,0.8641201
1788232680061056256,OK,1,0,14.635,0.365875,0,1047,0,-0.967291,0.088705,1.697966,0.0039641,-0.5064275,0.0278583,0.8618233
1788232680094395136,OK,1,0,14.5169,0.333125,0,989,0,-0.978925,0.089624,1.700528,0.0040275,-0.5098078,0.0281139,0.8598195
1788232680127733760,OK,1,0,13.6717,0.332125,0,1227,0,-0.991371,0.089671,1.701509,0.0042413,-0.5128049,0.0283293,0.8580272
1788232680161086976,OK,1,0,14.1783,0.32125,0,1090,0,-1.001867,0.088905,1.705951,0.0044454,-0.5162525,0.0287368,0.8559427
1788232680194439680,OK,1,0,13.1357,0.327417,0,1027,0,-1.014241,0.089357,1.706806,0.0044272,-0.5195885,0.0290171,0.8539123
1788232680227792896,OK,1,0,14.0717,0.332792,0,1337,0,-1.026453,0.088637,1.708936,0.0041614,-0.5229395,0.0291985,0.8518594
1788232680261146112,OK,1,0,14.1948,0.337292,0,1121,0,-1.038838,0.089530,1.712136,0.0040199,-0.5262923,0.0292128,0.8497922
1788232680294499328,OK,1,0,13.1645,0.331083,0,1049,0,-1.051063,0.089116,1.715724,0.0039091,-0.5296932,0.0289382,0.8476865
1788232680327852800,OK,1,0,12.8328,0.32425,0,1035,0,-1.063400,0.090511,1.718001,0.0040591,-0.5332758,0.0287817,0.8454419
1788232680361206016,OK,1,0,13.4009,0.364125,0,994,0,-1.077230,0.093960,1.718269,0.0042824,-0.5367442,0.0291611,0.8432301
1788232680394559744,OK,1,0,12.1169,0.35775,0,984,0,-1.088967,0.094291,1.722418,0.0041968,-0.5402598,0.0298428,0.8409585
1788232680427913216,OK,1,0,15.316,0.339833,0,960,0,-1.101864,0.089611,1.722671,0.0035226,-0.5432419,0.0304571,0.8390162
1788232680461266176,OK,1,0,12.7401,0.334542,0,952,0,-1.113180,0.089040,1.726549,0.0040007,-0.5463399,0.0309969,0.8369803
1788232680494619904,OK,1,0,12.7779,0.340084,0,947,0,-1.122346,0.087329,1.729495,0.0039370,-0.5496538,0.0312391,0.8347990
1788232680527973888,OK,1,0,12.6971,0.351792,0,908,0,-1.141801,0.084308,1.730579,0.0035040,-0.5525619,0.0309787,0.8328887
1788232680561327872,OK,1,0,13.3915,0.319417,0,881,0,-1.150633,0.083127,1.729986,0.0027499,-0.5559045,0.0309240,0.8306662
1788232680594682112,OK,1,0,13.4165,0.329875,0,863,0,-1.169115,0.080730,1.727724,0.0023979,-0.5587002,0.0301279,0.8288189
1788232680628036096,OK,1,0,11.9598,0.349084,0,871,0,-1.180873,0.080716,1.732462,0.0024844,-0.5623909,0.0293717,0.8263459
1788232680661390592,OK,1,0,11.7368,0.348125,0,835,0,-1.192592,0.074429,1.728088,0.0019007,-0.5649639,0.0286648,0.8246154
1788232680694744832,OK,1,0,12.1593,0.332542,0,846,0,-1.204809,0.076280,1.733311,0.0015773,-0.5681873,0.0293129,0.8223756
1788232680728099328,OK,1,0,11.6947,0.349625,0,825,0,-1.219496,0.083791,1.738324,0.0021759,-0.5710239,0.0305656,0.8203613
1788232680761454080,OK,1,0,13.4869,0.333667,0,793,0,-1.227561,0.078454,1.737067,0.0025714,-0.5737926,0.0304913,0.8184289
1788232680794808832,OK,1,0,11.2505,0.336125,0,775,0,-1.244362,0.074298,1.735681,0.0025753,-0.5764711,0.0307732,0.8165337
1788232680828163584,OK,1,0,11.2676,0.35325,0,765,0,-1.263794,0.077589,1.731532,0.0030164,-0.5791214,0.0314765,0.8146279
1788232680861518336,OK,1,0,20.2562,0.3315,0,869,0,-1.279923,0.075704,1.717033,0.0029405,-0.5807496,0.0316277,0.8134624
1788232680894872320,OK,1,0,13.238,0.316541,0,878,0,-1.291798,0.080429,1.719275,0.0035281,-0.5836116,0.0321695,0.8113879
1788232680928227584,OK,1,0,12.1941,0.320125,0,953,0,-1.313591,0.088754,1.714503,0.0040681,-0.5862737,0.0327278,0.8094414
1788232680961582592,OK,1,0,11.5584,0.301667,0,914,0,-1.327053,0.083522,1.713368,0.0033564,-0.5891131,0.0320816,0.8074065
1788232680994938112,OK,1,0,11.9789,0.332333,0,1008,0,-1.342577,0.078084,1.710347,0.0023932,-0.5915990,0.0317121,0.8056049
1788232681028293120,OK,1,0,13.7328,0.350708,0,984,0,-1.356682,0.085012,1.711825,0.0027342,-0.5944903,0.0322639,0.8034506
1788232681061648640,OK,1,0,12.6255,0.335875,0,978,0,-1.371670,0.085499,1.708159,0.0026902,-0.5972313,0.0321505,0.8014199
1788232681095004160,OK,1,0,12.095,0.318333,0,938,0,-1.389054,0.089788,1.708771,0.0025720,-0.6003911,0.0320717,0.7990590
1788232681128359680,OK,1,0,12.524,0.344958,0,919,0,-1.403076,0.089669,1.709614,0.0020137,-0.6031420,0.0320704,0.7969863
1788232681161702144,OK,1,0,14.1636,0.322625,0,945,0,-1.413869,0.091765,1.712505,0.0021965,-0.6054966,0.0319271,0.7952043
1788232681195044352,OK,1,0,13.1148,0.291917,0,926,0,-1.429876,0.092036,1.712986,0.0017549,-0.6075125,0.0319963,0.7936635
1788232681228386816,OK,1,0,13.776,0.391708,0,900,0,-1.449733,0.095779,1.703869,0.0015590,-0.6087549,0.0322318,0.7927019
1788232681261729280,OK,1,0,13.1357,0.300458,0,904,0,-1.462792,0.090196,1.707561,0.0011424,-0.6108460,0.0318172,0.7911090
1788232681295071744,OK,1,0,13.9697,0.362041,0,893,0,-1.471936,0.085958,1.711968,0.0004679,-0.6129413,0.0317009,0.7894921
1788232681328413184,OK,1,0,13.7208,0.343,0,877,0,-1.488704,0.091384,1.709879,0.0010373,-0.6145355,0.0320101,0.7882389
1788232681361755648,OK,1,0,13.7891,0.358209,0,892,0,-1.497512,0.091471,1.716512,0.0010763,-0.6169292,0.0321217,0.7863622
1788232681395098112,OK,1,0,13.5175,0.353208,0,874,0,-1.515099,0.098251,1.707212,0.0015778,-0.6175534,0.0330905,0.7858311
1788232681428440576,OK,1,0,13.6078,0.343875,0,866,0,-1.523157,0.087763,1.717907,0.0006319,-0.6200141,0.0322815,0.7839260
1788232681461783552,OK,1,0,11.8405,0.313458,0,821,0,-1.537125,0.093063,1.712014,0.0009438,-0.6207330,0.0328863,0.7833315
1788232681495126016,OK,1,0,13.0589,0.376042,0,860,0,-1.552090,0.091039,1.710639,0.0009676,-0.6219603,0.0326997,0.7823651
1788232681528468736,OK,1,0,12.7931,0.381041,0,945,0,-1.565490,0.100194,1.714727,0.0012596,-0.6241847,0.0334731,0.7805585
1788232681561811200,OK,1,0,12.5274,0.326709,0,1005,0,-1.578180,0.092871,1.714743,0.0005363,-0.6254630,0.0329244,0.7795587
1788232681595154176,OK,1,0,14.2072,0.315708,0,1242,0,-1.593190,0.089921,1.715490,0.0004441,-0.6269061,0.0328208,0.7784031
1788232681628496896,OK,1,0,13.0855,0.310459,0,1151,0,-1.605579,0.098402,1.714424,0.0013217,-0.6283597,0.0336219,0.7771950
1788232681661839616,OK,1,0,13.3574,0.324666,0,1133,0,-1.618625,0.098288,1.712834,0.0013969,-0.6298007,0.0335511,0.7760306
1788232681695182336,OK,1,0,14.369,0.321625,0,1127,0,-1.632383,0.090066,1.715238,0.0005938,-0.6314436,0.0331596,0.7747123
1788232681728525056,OK,1,0,13.7197,0.347416,0,1117,0,-1.644885,0.090682,1.713606,0.0007490,-0.6324892,0.0335888,0.7738402
1788232681761868288,OK,1,0,14.3581,0.351833,0,1065,0,-1.655475,0.089729,1.715489,0.0007320,-0.6341037,0.0335034,0.7725216
1788232681795209984,OK,1,0,15.1896,0.350667,0,1066,0,-1.670055,0.093848,1.713803,0.0013592,-0.6353968,0.0336900,0.7714493
1788232681828552960,OK,1,0,15.4509,0.325125,0,1069,0,-1.683505,0.093007,1.716110,0.0012510,-0.6372687,0.0336442,0.7699060
1788232681861895680,OK,1,0,14.2456,0.34225,0,1071,0,-1.695120,0.095331,1.721251,0.0011577,-0.6394635,0.0337530,0.7680793
1788232681895238656,OK,1,0,13.5723,0.319792,0,1042,0,-1.711472,0.097485,1.720655,0.0012155,-0.6408786,0.0340709,0.7668848
1788232681928581888,OK,1,0,12.7576,0.325917,0,1008,0,-1.723087,0.098670,1.719391,0.0009058,-0.6423658,0.0345363,0.7656191
1788232681961924864,OK,1,0,13.7815,0.323791,0,1040,0,-1.739288,0.098632,1.718673,0.0009122,-0.6435335,0.0348432,0.7646239
1788232681995267840,OK,1,0,12.9713,0.357,0,1014,0,-1.751657,0.101891,1.724085,0.0009331,-0.6455659,0.0354306,0.7628818
1788232682028611072,OK,1,0,13.2222,0.322458,0,998,0,-1.764777,0.106258,1.724092,0.0008411,-0.6470338,0.0361344,0.7616042
1788232682061954048,OK,1,0,12.9553,0.353625,0,983,0,-1.774012,0.095312,1.729062,0.0005212,-0.6488555,0.0352360,0.7600952
1788232682095297280,OK,1,0,12.966,0.364666,0,1009,0,-1.788890,0.096720,1.726224,0.0006357,-0.6503556,0.0355290,0.7587983
1788232682128640256,OK,1,0,13.2328,0.352125,0,974,0,-1.803005,0.091827,1.720629,0.0005133,-0.6514797,0.0348102,0.7578669
1788232682161981184,OK,1,0,12.8516,0.336,0,1037,0,-1.813989,0.097857,1.728005,0.0013122,-0.6537198,0.0349927,0.7559261
1788232682195322112,OK,1,0,13.306,0.328959,0,1096,0,-1.828786,0.096993,1.729067,0.0016503,-0.6553288,0.0348221,0.7545389
1788232682228661760,OK,1,0,15.0056,0.322667,0,1465,0,-1.840339,0.096364,1.720828,0.0018607,-0.6562138,0.0352685,0.7537481
1788232682262002688,OK,1,0,15.3085,0.311541,0,1349,0,-1.852364,0.102226,1.720061,0.0022567,-0.6577717,0.0362910,0.7523392
1788232682295343872,OK,1,0,14.3215,0.333042,0,1331,0,-1.866230,0.094223,1.718911,0.0022764,-0.6591841,0.0358025,0.7511254
1788232682328684544,OK,1,0,14.6073,0.350583,0,1299,0,-1.876758,0.091761,1.720519,0.0027040,-0.6610367,0.0353145,0.7495172
1788232682362025472,OK,1,0,14.33,0.353458,0,1289,0,-1.890535,0.095074,1.717837,0.0028428,-0.6622456,0.0356348,0.7484336
1788232682395366144,OK,1,0,14.6515,0.331917,0,1287,0,-1.902853,0.098562,1.720706,0.0029696,-0.6640154,0.0360671,0.7468427
1788232682428707072,OK,1,0,16.6081,0.319375,0,1300,0,-1.916540,0.094578,1.718506,0.0028373,-0.6654286,0.0355943,0.7456070
1788232682462047744,OK,1,0,17.1363,0.340584,0,1249,0,-1.929190,0.094425,1.721176,0.0030097,-0.6671826,0.0359080,0.7440221
1788232682495388672,OK,1,0,14.9413,0.353958,0,1222,0,-1.942322,0.093419,1.720978,0.0027799,-0.6688080,0.0359817,0.7425587
1788232682528729856,OK,1,0,14.126,0.382541,0,1197,0,-1.956164,0.101518,1.721282,0.0038264,-0.6704839,0.0371701,0.7409825
1788232682562070528,OK,1,0,16.6968,0.342,0,1228,0,-1.967767,0.093937,1.715771,0.0033974,-0.6717215,0.0369627,0.7398732
1788232682595411456,OK,1,0,14.0375,0.330875,0,1216,0,-1.982067,0.096886,1.715820,0.0032374,-0.6732328,0.0373154,0.7384813
1788232682628752128,OK,1,0,13.8667,0.335584,0,1194,0,-1.995166,0.099552,1.713740,0.0037494,-0.6747313,0.0374118,0.7371053
1788232682662092032,OK,1,0,14.1112,0.341083,0,1197,0,-2.007390,0.096219,1.715344,0.0035916,-0.6764764,0.0372352,0.7355136
1788232682695432960,OK,1,0,14.0775,0.325416,0,1152,0,-2.022857,0.100340,1.714115,0.0038168,-0.6780507,0.0379242,0.7340262
1788232682728773888,OK,1,0,14.3284,0.346333,0,1170,0,-2.033993,0.100891,1.718733,0.0035788,-0.6801440,0.0379760,0.7320855
1788232682762114816,OK,1,0,14.2838,0.34825,0,1153,0,-2.046871,0.102053,1.713325,0.0037186,-0.6812010,0.0376911,0.7311161
1788232682795455488,OK,1,0,18.1402,0.323083,0,1204,0,-2.064191,0.099291,1.721562,0.0034119,-0.6835675,0.0373767,0.7289217
1788232682828796416,OK,1,0,14.0798,0.341209,0,1252,0,-2.075927,0.101179,1.719602,0.0031658,-0.6850442,0.0373798,0.7275351
1788232682862137344,OK,1,0,14.4616,0.329833,0,1414,0,-2.088833,0.100511,1.715695,0.0031021,-0.6863873,0.0373341,0.7262706
1788232682895478272,OK,1,0,14.2799,0.343958,0,1358,0,-2.101357,0.100142,1.715040,0.0032524,-0.6878765,0.0373735,0.7248577
1788232682928819200,OK,1,0,14.6485,0.316792,0,1353,0,-2.115961,0.103516,1.716053,0.0030648,-0.6895478,0.0378988,0.7232414
1788232682962160128,OK,1,0,15.0239,0.341791,0,1326,0,-2.129289,0.104960,1.714427,0.0035532,-0.6910620,0.0381602,0.7217788
1788232682995501056,OK,1,0,15.4247,0.334333,0,1310,0,-2.141221,0.101788,1.712191,0.0038040,-0.6927341,0.0381236,0.7201747
1788232683028841728,OK,1,0,15.6974,0.3275,0,1294,0,-2.155378,0.105767,1.713404,0.0039678,-0.6945430,0.0392920,0.7183665
1788232683062182656,OK,1,0,16.4932,0.3895,0,1307,0,-2.164647,0.102268,1.707773,0.0036625,-0.6955079,0.0393267,0.7174321
1788232683095523584,OK,1,0,14.821,0.373459,0,1277,0,-2.178254,0.104262,1.707070,0.0043589,-0.6967965,0.0400579,0.7161362
1788232683128863488,OK,1,0,18.2693,0.3545,0,1262,0,-2.188494,0.103281,1.704945,0.0047045,-0.6980822,0.0404567,0.7148583
1788232683162202368,OK,1,0,15.2363,0.342292,0,1288,0,-2.203388,0.104059,1.704021,0.0042650,-0.6999318,0.0407519,0.7130334
1788232683195541248,OK,1,0,14.6867,0.312666,0,1258,0,-2.213855,0.100234,1.702393,0.0043773,-0.7015482,0.0400648,0.7114814
1788232683228879872,OK,1,0,16.4133,0.358209,0,1287,0,-2.228189,0.101583,1.697588,0.0047755,-0.7025642,0.0400131,0.7104785
1788232683262218752,OK,1,0,15.1683,0.350209,0,1238,0,-2.242514,0.105935,1.700794,0.0049884,-0.7042599,0.0400550,0.7087939
1788232683295557376,OK,1,0,15.2725,0.335458,0,1251,0,-2.257915,0.108436,1.695129,0.0050813,-0.7057277,0.0398802,0.7073417
1788232683328896000,OK,1,0,14.9599,0.345666,0,1246,0,-2.268940,0.103844,1.691014,0.0048660,-0.7071180,0.0394316,0.7059785
1788232683362234624,OK,1,0,15.8402,0.349208,0,1263,0,-2.283082,0.108960,1.693036,0.0050362,-0.7088431,0.0404652,0.7041866
1788232683395573248,OK,1,0,21.9418,0.367,0,1287,0,-2.290965,0.103694,1.689505,0.0043080,-0.7104538,0.0400491,0.7025902
1788232683428911872,OK,1,0,14.6872,0.329125,0,1286,0,-2.303741,0.103873,1.685774,0.0048568,-0.7119246,0.0397900,0.7011110
1788232683462250496,OK,1,0,15.2991,0.356083,0,1435,0,-2.316813,0.098020,1.677329,0.0048072,-0.7127121,0.0388345,0.7003644
1788232683495589120,OK,1,0,15.6528,0.326292,0,1452,0,-2.330356,0.102100,1.672709,0.0043659,-0.7139226,0.0390665,0.6991203
1788232683528927744,OK,1,0,15.4961,0.327583,0,1555,0,-2.343136,0.104162,1.671568,0.0044996,-0.7154816,0.0392183,0.6975155
1788232683562265088,OK,1,0,16.004,0.323084,0,1506,0,-2.356401,0.101834,1.666067,0.0044883,-0.7168560,0.0389592,0.6961175
1788232683595603712,OK,1,0,15.9023,0.323833,0,1443,0,-2.369633,0.099967,1.666010,0.0040259,-0.7188977,0.0392503,0.6939952
1788232683628942080,OK,1,0,16.079,0.365208,0,1499,0,-2.382051,0.101898,1.664785,0.0042382,-0.7211127,0.0394707,0.6916796
1788232683662280448,OK,1,0,16.81,0.332291,0,1471,0,-2.394386,0.100829,1.661547,0.0041832,-0.7229277,0.0395649,0.6897773
1788232683695618816,OK,1,0,16.2404,0.31525,0,1533,0,-2.407043,0.098917,1.657377,0.0040800,-0.7246974,0.0392564,0.6879360
1788232683728957440,OK,1,0,16.4675,0.359917,0,1489,0,-2.420627,0.102613,1.654141,0.0045870,-0.7269515,0.0392907,0.6855485
1788232683762295808,OK,1,0,15.6925,0.329916,0,1453,0,-2.431647,0.104493,1.646640,0.0052445,-0.7289259,0.0391514,0.6834520
1788232683795633920,OK,1,0,15.4408,0.355625,0,1501,0,-2.443997,0.101303,1.639541,0.0044821,-0.7310260,0.0388938,0.6812255
1788232683828972288,OK,1,0,15.552,0.331958,0,1547,0,-2.458026,0.099638,1.638764,0.0037647,-0.7334672,0.0389412,0.6785982
1788232683862310912,OK,1,0,16.068,0.368916,0,1503,0,-2.470375,0.104096,1.633231,0.0044578,-0.7356282,0.0395099,0.6762176
1788232683895649280,OK,1,0,17.752,0.337375,0,1460,0,-2.481182,0.099286,1.627428,0.0049219,-0.7377060,0.0390144,0.6739759
1788232683928987392,OK,1,0,15.9232,0.339834,0,1449,0,-2.493526,0.101812,1.620662,0.0052742,-0.7403597,0.0392369,0.6710441
1788232683962325504,OK,1,0,16.7287,0.338791,0,1559,0,-2.505903,0.103398,1.616129,0.0050214,-0.7431342,0.0396841,0.6679457
1788232683995662848,OK,1,0,15.9058,0.324292,0,1445,0,-2.517374,0.106480,1.610688,0.0054915,-0.7455908,0.0405679,0.6651455
1788232684029000960,OK,1,0,16.5996,0.313666,0,1458,0,-2.527379,0.102834,1.602661,0.0060625,-0.7479931,0.0404921,0.6624425
1788232684062339072,OK,1,0,15.3431,0.316625,0,1546,0,-2.539706,0.107320,1.600843,0.0065161,-0.7510545,0.0413085,0.6589145
1788232684095677184,OK,1,0,16.2345,0.327542,0,1436,0,-2.548534,0.104314,1.590720,0.0058180,-0.7533455,0.0414212,0.6562933
1788232684129015296,OK,1,0,15.606,0.305041,0,1534,0,-2.561668,0.105695,1.585458,0.0058014,-0.7562498,0.0418426,0.6529179
1788232684162360832,OK,1,0,17.1737,0.334542,0,1535,0,-2.574983,0.106295,1.580513,0.0063834,-0.7591452,0.0419124,0.6495392
1788232684195706624,OK,1,0,15.8866,0.3295,0,1446,0,-2.587198,0.110076,1.572301,0.0069084,-0.7620174,0.0421536,0.6461461
1788232684229051904,OK,1,0,16.4457,0.347333,0,1416,0,-2.600288,0.106226,1.566852,0.0061912,-0.7650989,0.0416700,0.6425332
1788232684262397696,OK,1,0,16.6476,0.353417,0,1374,0,-2.612277,0.104330,1.564101,0.0057129,-0.7682008,0.0415913,0.6388311
1788232684295743488,OK,1,0,16.5924,0.308708,0,1383,0,-2.623545,0.100765,1.556614,0.0056507,-0.7709408,0.0414068,0.6355342
1788232684329089024,OK,1,0,16.0201,0.320917,0,1319,0,-2.633798,0.098605,1.545795,0.0060282,-0.7737179,0.0412462,0.6321576
1788232684362434816,OK,1,0,15.994,0.340625,0,1308,0,-2.648643,0.109206,1.542532,0.0067590,-0.7772977,0.0427382,0.6276432
1788232684395780608,OK,1,0,15.8262,0.333791,0,1312,0,-2.656427,0.105437,1.533483,0.0063100,-0.7803895,0.0425146,0.6238148
1788232684429126400,OK,1,0,16.1735,0.4105,0,1325,0,-2.670200,0.105146,1.527376,0.0065751,-0.7837159,0.0424019,0.6196356
1788232684462471168,OK,1,0,17.9953,0.337334,0,1255,0,-2.680657,0.105124,1.517438,0.0068602,-0.7870054,0.0419920,0.6154772
1788232684495817216,OK,1,0,15.892,0.32925,0,1258,0,-2.693114,0.103944,1.509663,0.0068372,-0.7907178,0.0415059,0.6107337
1788232684529163008,OK,1,0,15.3083,0.326583,0,1232,0,-2.705882,0.100720,1.502618,0.0060754,-0.7943923,0.0410045,0.6059890
1788232684562509312,OK,1,0,15.9485,0.36675,0,1245,0,-2.716212,0.105381,1.491848,0.0066916,-0.7974688,0.0417853,0.6018744
1788232684595855104,OK,1,0,15.3685,0.361333,0,1217,0,-2.734203,0.104965,1.490932,0.0066536,-0.8015711,0.0421668,0.5963736
1788232684629201408,OK,1,0,15.5572,0.326834,0,1216,0,-2.744516,0.102548,1.485806,0.0063515,-0.8049666,0.0427530,0.5917436
1788232684662547456,OK,1,0,15.6262,0.334,0,1193,0,-2.755014,0.100818,1.477303,0.0063012,-0.8083342,0.0431223,0.5871086
1788232684695893504,OK,1,0,15.5916,0.341792,0,1199,0,-2.766425,0.099214,1.470088,0.0061723,-0.8118441,0.0437284,0.5822018
1788232684729239808,OK,1,0,14.7747,0.343583,0,1194,0,-2.776866,0.100886,1.463660,0.0066901,-0.8154240,0.0441446,0.5771397
1788232684762585856,OK,1,0,15.4867,0.362833,0,1165,0,-2.788559,0.103195,1.454481,0.0066923,-0.8188039,0.0445868,0.5723002
1788232684795932416,OK,1,0,15.3992,0.330541,0,1188,0,-2.799041,0.103039,1.443310,0.0069127,-0.8221524,0.0443226,0.5674973
1788232684829278464,OK,1,0,22.662,0.347708,0,1315,0,-2.787391,0.097214,1.416001,0.0065675,-0.8246278,0.0432861,0.5639790
1788232684862625024,OK,1,0,15.6975,0.352,0,1337,0,-2.794574,0.099459,1.400020,0.0073169,-0.8276644,0.0431800,0.5595120
1788232684895970560,OK,1,0,15.6985,0.322042,0,1830,0,-2.806714,0.094836,1.392662,0.0068674,-0.8312443,0.0429742,0.5542012
1788232684929316864,OK,1,0,17.6867,0.345709,0,1824,0,-2.814999,0.095435,1.383315,0.0069202,-0.8344532,0.0434496,0.5493197
1788232684962663424,OK,1,0,17.3296,0.370917,0,1678,0,-2.824086,0.096556,1.372411,0.0076726,-0.8376766,0.0439365,0.5443424
1788232684996009728,OK,1,0,17.8178,0.347,0,1557,0,-2.831851,0.092870,1.363446,0.0076164,-0.8410382,0.0445054,0.5390882
1788232685029356544,OK,1,0,19.5119,0.342,0,1500,0,-2.840347,0.095483,1.354998,0.0078041,-0.8444134,0.0456273,0.5336882
1788232685062703104,OK,1,0,15.7197,0.341542,0,1417,0,-2.848772,0.093054,1.347365,0.0077391,-0.8475775,0.0461007,0.5286087
1788232685096049920,OK,1,0,15.6045,0.35,0,1365,0,-2.855797,0.096544,1.334727,0.0086779,-0.8503081,0.0471516,0.5240968
1788232685129396224,OK,1,0,15.3159,0.363833,0,1312,0,-2.866427,0.094363,1.326053,0.0084513,-0.8537936,0.0472256,0.5183964
1788232685162735872,OK,1,0,16.6341,0.35725,0,1301,0,-2.874757,0.087403,1.316344,0.0075369,-0.8570676,0.0465842,0.5130384
1788232685196075264,OK,1,0,16.3572,0.326417,0,1265,0,-2.884135,0.090295,1.302064,0.0083862,-0.8600678,0.0467757,0.5079618
1788232685229414656,OK,1,0,14.876,0.34075,0,1230,0,-2.898053,0.097138,1.290453,0.0098680,-0.8635687,0.0473438,0.5019066
1788232685262753792,OK,1,0,14.0921,0.342625,0,1229,0,-2.907933,0.094127,1.281228,0.0094344,-0.8667419,0.0475352,0.4963970
1788232685296093184,OK,1,0,15.9635,0.33625,0,1221,0,-2.916522,0.089521,1.273901,0.0082910,-0.8697840,0.0478521,0.4910370
1788232685329431552,OK,1,0,14.6129,0.372125,0,1191,0,-2.925683,0.096778,1.261250,0.0094323,-0.8725551,0.0493132,0.4859288
1788232685362770688,OK,1,0,17.1506,0.384417,0,1199,0,-2.929093,0.091189,1.250161,0.0091863,-0.8753994,0.0490676,0.4808159
1788232685396110080,OK,1,0,14.8112,0.327083,0,1174,0,-2.936185,0.088106,1.239795,0.0087929,-0.8783972,0.0487873,0.4753534
1788232685429449472,OK,1,0,15.9007,0.349916,0,1192,0,-2.948482,0.093067,1.229023,0.0089050,-0.8814535,0.0494139,0.4695943
1788232685462788608,OK,1,0,15.8395,0.337583,0,1133,0,-2.954833,0.087597,1.216093,0.0085962,-0.8842061,0.0491739,0.4644219
1788232685496128000,OK,1,0,20.7496,0.330667,0,1215,0,-2.959022,0.086420,1.213544,0.0087420,-0.8873026,0.0489928,0.4584948
1788232685529467136,OK,1,0,14.4895,0.379875,0,1176,0,-2.967980,0.086438,1.202742,0.0084787,-0.8900270,0.0494898,0.4531345
1788232685562806272,OK,1,0,14.8419,0.344666,0,1984,0,-2.976105,0.091318,1.191726,0.0092560,-0.8926882,0.0503554,0.4477572
1788232685596145152,OK,1,0,17.5049,0.359041,0,1812,0,-2.982233,0.088045,1.180053,0.0091781,-0.8954970,0.0504768,0.4421007
1788232685629484288,OK,1,0,17.6743,0.325833,0,1652,0,-2.989216,0.087523,1.170177,0.0092313,-0.8983244,0.0502986,0.4363464
1788232685662823424,OK,1,0,16.9041,0.338458,0,1563,0,-2.995490,0.083512,1.158650,0.0084468,-0.9009166,0.0497338,0.4310503
1788232685696162560,OK,1,0,15.9162,0.322416,0,1532,0,-3.003377,0.082879,1.147553,0.0086123,-0.9035375,0.0499535,0.4255004
1788232685729501696,OK,1,0,15.7308,0.347375,0,1488,0,-3.008304,0.082595,1.133893,0.0087786,-0.9060417,0.0501603,0.4201134
1788232685762840832,OK,1,0,17.1331,0.374584,0,1418,0,-3.014340,0.086310,1.122390,0.0092648,-0.9085202,0.0506565,0.4146554
1788232685796178944,OK,1,0,15.494,0.353791,0,1376,0,-3.020492,0.085150,1.110795,0.0091355,-0.9109555,0.0505581,0.4092926
1788232685829517824,OK,1,0,15.0124,0.350042,0,1277,0,-3.026975,0.084947,1.099335,0.0091536,-0.9135278,0.0508985,0.4034755
1788232685862856960,OK,1,0,14.1667,0.354791,0,1265,0,-3.034985,0.084334,1.085875,0.0089344,-0.9161565,0.0507459,0.3974951
1788232685896195840,OK,1,0,13.8138,0.362417,0,1217,0,-3.040221,0.085299,1.074442,0.0091404,-0.9184694,0.0508616,0.3921015
1788232685929534976,OK,1,0,14.3193,0.312584,0,1216,0,-3.051528,0.083393,1.063960,0.0089398,-0.9211101,0.0507815,0.3858725
1788232685962873856,OK,1,0,15.1424,0.320333,0,1148,0,-3.058136,0.084386,1.053122,0.0090258,-0.9236414,0.0508361,0.3797642
1788232685996212736,OK,1,0,15.1797,0.326208,0,1173,0,-3.061730,0.084125,1.042733,0.0088780,-0.9260216,0.0507174,0.3739425
1788232686029551616,OK,1,0,15.012,0.353958,0,1121,0,-3.074034,0.086410,1.031756,0.0088121,-0.9286172,0.0510769,0.3674011
1788232686062890496,OK,1,0,13.8009,0.380833,0,1156,0,-3.074989,0.083362,1.018453,0.0091123,-0.9305453,0.0512099,0.3624637
1788232686096229376,OK,1,0,14.5591,0.334917,0,1130,0,-3.079373,0.083499,1.004462,0.0092515,-0.9327207,0.0515415,0.3567774
1788232686129568000,OK,1,0,14.3066,0.348916,0,1148,0,-3.084262,0.079205,0.998269,0.0084839,-0.9350739,0.0517173,0.3505570
1788232686162907136,OK,1,0,15.0603,0.346208,0,2039,0,-3.088264,0.080175,0.987212,0.0086142,-0.9372224,0.0518859,0.3447431
1788232686196246016,OK,1,0,17.6116,0.3155,0,1692,0,-3.090447,0.076643,0.973262,0.0085047,-0.9391337,0.0518036,0.3395172
1788232686229584128,OK,1,0,16.2021,0.3305,0,1596,0,-3.093561,0.075077,0.960914,0.0084470,-0.9412674,0.0515310,0.3336000
1788232686262923008,OK,1,0,15.7472,0.358084,0,1500,0,-3.097102,0.077475,0.946162,0.0089240,-0.9431605,0.0516643,0.3281758
1788232686296261888,OK,1,0,16.1373,0.331375,0,1410,0,-3.100776,0.074948,0.933871,0.0090462,-0.9451870,0.0514713,0.3223203
1788232686329600768,OK,1,0,16.0197,0.346958,0,1368,0,-3.105158,0.071443,0.921194,0.0086361,-0.9473196,0.0513864,0.3160228
1788232686362939648,OK,1,0,16.5719,0.352542,0,1336,0,-3.109523,0.071098,0.909087,0.0086154,-0.9494762,0.0514871,0.3094671
1788232686396278528,OK,1,0,16.398,0.346,0,1290,0,-3.113292,0.068397,0.897036,0.0080213,-0.9513988,0.0519730,0.3034385
1788232686429617408,OK,1,0,16.3997,0.342,0,1224,0,-3.116079,0.069490,0.885086,0.0079082,-0.9531423,0.0525614,0.2978160
1788232686462956288,OK,1,0,14.4362,0.343875,0,1165,0,-3.118337,0.069357,0.871940,0.0077587,-0.9549044,0.0529381,0.2920532
1788232686496294912,OK,1,0,16.5794,0.325333,0,1113,0,-3.121661,0.065146,0.863721,0.0071667,-0.9567466,0.0531650,0.2859336
1788232686529633792,OK,1,0,14.8839,0.335916,0,1087,0,-3.127348,0.066468,0.851733,0.0073339,-0.9585472,0.0532499,0.2798178
1788232686562972416,OK,1,0,13.1084,0.358875,0,1035,0,-3.129975,0.065951,0.836071,0.0072543,-0.9601706,0.0530666,0.2742330
1788232686596311296,OK,1,0,14.3733,0.351583,0,998,0,-3.132235,0.065568,0.822407,0.0071204,-0.9618455,0.0530173,0.2683128
1788232686629649920,OK,1,0,12.7421,0.353542,0,965,0,-3.134232,0.063208,0.809876,0.0070988,-0.9634592,0.0528126,0.2625011
1788232686662987520,OK,1,0,12.7019,0.368667,0,953,0,-3.141420,0.061902,0.800193,0.0068583,-0.9652309,0.0527817,0.2559225
1788232686696326144,OK,1,0,16.1122,0.332917,0,955,0,-3.146404,0.063363,0.785810,0.0070770,-0.9668712,0.0531063,0.2495792
1788232686729664768,OK,1,0,13.4197,0.342167,0,1448,0,-3.141296,0.058967,0.776082,0.0070556,-0.9683990,0.0528849,0.2436326
1788232686763003392,OK,1,0,14.496,0.346917,0,1374,0,-3.140417,0.059743,0.763535,0.0067658,-0.9698229,0.0538117,0.2377019
1788232686796342016,OK,1,0,13.663,0.338625,0,1295,0,-3.143955,0.061083,0.752822,0.0062543,-0.9713017,0.0546672,0.2313986
1788232686829680640,OK,1,0,14.1071,0.3715,0,1233,0,-3.146455,0.056548,0.740888,0.0057478,-0.9726781,0.0546080,0.2255712
1788232686863019264,OK,1,0,13.6322,0.351875,0,1181,0,-3.148002,0.056891,0.727444,0.0060399,-0.9740268,0.0549649,0.2195774
1788232686896357632,OK,1,0,14.2713,0.331166,0,1139,0,-3.146940,0.056978,0.715368,0.0060693,-0.9753708,0.0551596,0.2134770
1788232686929696256,OK,1,0,14.751,0.351125,0,1113,0,-3.149240,0.056136,0.705856,0.0060091,-0.9767592,0.0547965,0.2071299
1788232686963034624,OK,1,0,14.9115,0.340125,0,1054,0,-3.149207,0.057268,0.689876,0.0063271,-0.9779974,0.0550492,0.2011238
1788232686996372992,OK,1,0,14.2989,0.351,0,1036,0,-3.151125,0.056827,0.678038,0.0066793,-0.9793118,0.0550033,0.1946238
1788232687029711616,OK,1,0,12.8957,0.367875,0,982,0,-3.151616,0.056667,0.664709,0.0063264,-0.9805311,0.0548835,0.1884319
1788232687063049984,OK,1,0,12.9258,0.353042,0,956,0,-3.155592,0.058234,0.652718,0.0066038,-0.9817399,0.0552323,0.1819135
1788232687096388352,OK,1,0,12.5247,0.345917,0,910,0,-3.151238,0.056044,0.640279,0.0066994,-0.9828262,0.0551411,0.1759755
1788232687129725952,OK,1,0,12.4548,0.343083,0,894,0,-3.152283,0.055218,0.626598,0.0064339,-0.9839904,0.0545474,0.1695464
1788232687163073792,OK,1,0,13.3565,0.337292,0,873,0,-3.154588,0.053938,0.614351,0.0059685,-0.9850529,0.0543532,0.1633432
1788232687196421632,OK,1,0,12.5721,0.342125,0,847,0,-3.148901,0.055652,0.599905,0.0065909,-0.9858695,0.0550673,0.1580684
1788232687229769472,OK,1,0,12.511,0.367583,0,853,0,-3.147996,0.053596,0.586443,0.0063775,-0.9868620,0.0549502,0.1517998
1788232687263117568,OK,1,0,11.635,0.369125,0,885,0,-3.145669,0.051856,0.576431,0.0056084,-0.9878092,0.0547826,0.1456041
1788232687296465664,OK,1,0,11.9987,0.308625,0,1094,0,-3.148028,0.049228,0.562676,0.0050962,-0.9887279,0.0544387,0.1393827
1788232687329813760,OK,1,0,13.2499,0.3105,0,1101,0,-3.142678,0.049344,0.548004,0.0056600,-0.9894518,0.0545526,0.1340787
1788232687363161856,OK,1,0,12.2169,0.36075,0,987,0,-3.143344,0.049137,0.534479,0.0056400,-0.9903574,0.0540594,0.1274283
1788232687396509952,OK,1,0,12.1312,0.369708,0,1001,0,-3.141317,0.047215,0.521225,0.0054378,-0.9911603,0.0534279,0.1213144
1788232687429858048,OK,1,0,11.8852,0.349541,0,961,0,-3.141200,0.046281,0.507032,0.0055308,-0.9918940,0.0531051,0.1153062
1788232687463206656,OK,1,0,11.3255,0.339708,0,903,0,-3.136969,0.045010,0.494002,0.0053884,-0.9926001,0.0528587,0.1091881
1788232687496554752,OK,1,0,10.2787,0.333209,0,897,0,-3.136760,0.044449,0.480722,0.0050835,-0.9932815,0.0527970,0.1028524
1788232687529903104,OK,1,0,13.1278,0.358959,0,874,0,-3.137305,0.042798,0.472167,0.0048946,-0.9938893,0.0528900,0.0967614
1788232687563250432,OK,1,0,10.679,0.37275,0,928,0,-3.132878,0.040420,0.458357,0.0050780,-0.9944100,0.0529598,0.0912048
1788232687596598784,OK,1,0,11.1821,0.350542,0,852,0,-3.130751,0.040902,0.443238,0.0049480,-0.9949881,0.0529865,0.0846559
1788232687629947392,OK,1,0,10.0804,0.336084,0,1053,0,-3.126806,0.038515,0.432383,0.0048540,-0.9954954,0.0525651,0.0787555
1788232687663295744,OK,1,0,9.80571,0.324958,0,954,0,-3.127182,0.035244,0.419698,0.0044877,-0.9960222,0.0519671,0.0722442
1788232687696644096,OK,1,0,10.464,0.35575,0,986,0,-3.124585,0.031465,0.409244,0.0043279,-0.9964617,0.0515288,0.0662582
1788232687729992704,OK,1,0,10.1075,0.357542,0,935,0,-3.126559,0.028949,0.398825,0.0036147,-0.9969074,0.0511516,0.0595488
1788232687763341056,OK,1,0,9.98671,0.352459,0,1009,0,-3.122652,0.034486,0.383436,0.0033177,-0.9971803,0.0518367,0.0541621
1788232687796689664,OK,1,0,10.4725,0.338208,0,1038,0,-3.118819,0.033876,0.371947,0.0035285,-0.9974156,0.0518205,0.0496414
1788232687830038272,OK,1,0,10.2949,0.337875,0,1000,0,-3.118121,0.031451,0.358421,0.0034940,-0.9976130,0.0517498,0.0455866
1788232687863386880,OK,1,0,10.1787,0.348958,0,1011,0,-3.117915,0.025815,0.348732,0.0030617,-0.9978046,0.0512627,0.0418184
1788232687896735488,OK,1,0,10.7782,0.334417,0,955,0,-3.115265,0.027899,0.335538,0.0031115,-0.9979193,0.0516864,0.0384195
1788232687930084352,OK,1,0,10.3982,0.315709,0,959,0,-3.112613,0.029272,0.323795,0.0033718,-0.9979960,0.0519283,0.0360014
1788232687963433216,OK,1,0,10.1017,0.35725,0,926,0,-3.112674,0.026800,0.311624,0.0036696,-0.9980875,0.0513682,0.0341931
1788232687996781056,OK,1,0,10.8747,0.354166,0,908,0,-3.112643,0.023590,0.298329,0.0040464,-0.9982134,0.0505514,0.0315957
1788232688030129920,OK,1,0,9.73554,0.343083,0,879,0,-3.109203,0.026008,0.283037,0.0043306,-0.9982942,0.0504274,0.0291054
1788232688063478784,OK,1,0,11.0055,0.348958,0,856,0,-3.106789,0.024192,0.272260,0.0045896,-0.9983726,0.0501258,0.0268077
1788232688096827648,OK,1,0,11.2927,0.34125,0,864,0,-3.106158,0.025139,0.256262,0.0040586,-0.9984466,0.0498355,0.0245845
1788232688130176512,OK,1,0,10.46,0.33225,0,865,0,-3.104463,0.021768,0.245475,0.0042384,-0.9985149,0.0495129,0.0223283
1788232688163515136,OK,1,0,10.5664,0.324125,0,826,0,-3.101443,0.024380,0.229930,0.0042742,-0.9985553,0.0497266,0.0199080
1788232688196854016,OK,1,0,11.1865,0.312875,0,833,0,-3.102321,0.021074,0.219129,0.0040890,-0.9986207,0.0494135,0.0172695
1788232688230192640,OK,1,0,11.3113,0.330542,0,822,0,-3.100855,0.022214,0.205688,0.0037792,-0.9986483,0.0497267,0.0146472
1788232688263531264,OK,1,0,9.244,0.317,0,816,0,-3.098833,0.022541,0.192086,0.0037336,-0.9986681,0.0499507,0.0123688
1788232688296870144,OK,1,0,12.2085,0.366666,0,793,0,-3.096999,0.020521,0.180244,0.0036788,-0.9987030,0.0497540,0.0101674
1788232688330208768,OK,1,0,11.1934,0.35375,0,781,0,-3.096570,0.020393,0.167013,0.0032518,-0.9987224,0.0498541,0.0075830
1788232688363547392,OK,1,0,9.48983,0.358084,0,772,0,-3.095191,0.017770,0.156762,0.0034082,-0.9987404,0.0497810,0.0052757
1788232688396886016,OK,1,0,9.20688,0.367333,0,789,0,-3.094123,0.018235,0.143071,0.0029992,-0.9987552,0.0497160,0.0027075
1788232688430224384,OK,1,0,10.2653,0.353542,0,852,0,-3.090525,0.015109,0.126978,0.0029305,-0.9987878,0.0491358,0.0001797
1788232688463561984,OK,1,0,9.85033,0.334542,0,859,0,-3.089918,0.016691,0.113487,-0.0034293,0.9987736,-0.0493295,0.0024624
1788232688496900608,OK,1,0,9.32162,0.323292,0,851,0,-3.088970,0.015062,0.099419,-0.0033292,0.9987758,-0.0490657,0.0053310
1788232688530238976,OK,1,0,9.62804,0.342916,0,833,0,-3.086570,0.011843,0.089503,-0.0028622,0.9987724,-0.0488106,0.0079454
1788232688563577344,OK,1,0,10.5702,0.334791,0,843,0,-3.082867,0.011485,0.076776,-0.0024589,0.9987366,-0.0490854,0.0104795
1788232688596915968,OK,1,0,9.41338,0.336542,0,791,0,-3.082241,0.013642,0.065254,-0.0026961,0.9986399,-0.0502630,0.0135883
1788232688630254336,OK,1,0,9.28954,0.32475,0,790,0,-3.079079,0.012440,0.053412,-0.0027507,0.9985684,-0.0507764,0.0165927
1788232688663592704,OK,1,0,9.26846,0.406083,0,799,0,-3.075065,0.010724,0.043487,-0.0026303,0.9984908,-0.0512168,0.0196525
1788232688696931072,OK,1,0,9.14075,0.367917,0,797,0,-3.075341,0.010025,0.031245,-0.0023302,0.9983941,-0.0515903,0.0232849
1788232688730269440,OK,1,0,8.65208,0.354,0,802,0,-3.070237,0.009743,0.020752,-0.0025493,0.9983119,-0.0519125,0.0259204
1788232688763607808,OK,1,0,8.61142,0.3685,0,797,0,-3.064795,0.010418,0.007687,-0.0028515,0.9981873,-0.0526723,0.0289772
1788232688796945920,OK,1,0,8.97621,0.345625,0,791,0,-3.062629,0.011882,-0.003143,-0.0028317,0.9980537,-0.0530920,0.0325905
1788232688830284544,OK,1,0,8.76621,0.359208,0,784,0,-3.062262,0.009828,-0.015604,-0.0021713,0.9979328,-0.0528875,0.0364468
1788232688863622656,OK,1,0,9.19796,0.35525,0,795,0,-3.057001,0.005696,-0.027576,-0.0021444,0.9978334,-0.0523527,0.0397900
1788232688896959744,OK,1,0,8.73225,0.284208,0,765,0,-3.050354,0.006277,-0.038005,-0.0026906,0.9976893,-0.0527664,0.0427145
1788232688930298112,OK,1,0,8.76954,0.301875,0,750,0,-3.045274,0.007735,-0.051342,-0.0029441,0.9975188,-0.0527876,0.0464878
1788232688963636224,OK,1,0,8.73979,0.35775,0,750,0,-3.037991,0.007422,-0.063995,-0.0030751,0.9973505,-0.0524695,0.0502938
1788232688996974336,OK,1,0,8.86883,0.357875,0,738,0,-3.034394,0.004489,-0.075435,-0.0031688,0.9971601,-0.0523450,0.0540536
1788232689030312448,OK,1,0,8.8285,0.297041,0,732,0,-3.029749,0.003556,-0.085002,-0.0031119,0.9969276,-0.0526071,0.0579501
1788232689063650560,OK,1,0,8.81846,0.359959,0,729,0,-3.023914,0.003907,-0.098751,-0.0030738,0.9966862,-0.0527688,0.0618290
1788232689096988416,OK,1,0,8.87304,0.345334,0,923,0,-3.020068,0.003494,-0.110513,-0.0029916,0.9964297,-0.0525855,0.0659830
1788232689130326784,OK,1,0,8.98338,0.295,0,816,0,-3.013157,0.003125,-0.120982,-0.0032101,0.9961900,-0.0526262,0.0694673
1788232689163671808,OK,1,0,9.68333,0.326958,0,793,0,-3.009883,0.001092,-0.134297,-0.0029114,0.9959054,-0.0526076,0.0734602
1788232689197016832,OK,1,0,9.84392,0.322375,0,784,0,-3.003912,0.002870,-0.146185,-0.0028092,0.9955822,-0.0530314,0.0774339
1788232689230362112,OK,1,0,9.44983,0.33375,0,749,0,-3.000226,-0.002185,-0.156493,-0.0030022,0.9952543,-0.0525780,0.0818255
1788232689263707392,OK,1,0,9.81233,0.345667,0,751,0,-2.994855,-0.000201,-0.167775,-0.0027957,0.9948835,-0.0528031,0.0860859
1788232689297052416,OK,1,0,9.7215,0.35225,0,721,0,-2.989005,-0.001882,-0.180355,-0.0029390,0.9945143,-0.0527319,0.0902888
1788232689330396672,OK,1,0,10.4666,0.361833,0,696,0,-2.982308,-0.003513,-0.190845,-0.0033434,0.9941435,-0.0527289,0.0942723
1788232689363741952,OK,1,0,9.44321,0.358542,0,703,0,-2.976939,-0.002501,-0.204102,-0.0033914,0.9937063,-0.0526509,0.0988135
1788232689397087232,OK,1,0,9.36254,0.33875,0,693,0,-2.969819,0.000137,-0.214823,-0.0031940,0.9932636,-0.0528785,0.1030588
1788232689430432256,OK,1,0,10.0602,0.337209,0,709,0,-2.964780,-0.003618,-0.225057,-0.0033774,0.9928521,-0.0527358,0.1070156
1788232689463777536,OK,1,0,10.3319,0.331625,0,672,0,-2.958133,-0.006316,-0.236267,-0.0032529,0.9924385,-0.0526906,0.1108105
1788232689497122816,OK,1,0,10.4159,0.352542,0,677,0,-2.952654,-0.006570,-0.247244,-0.0030061,0.9919262,-0.0525681,0.1153688
1788232689530468096,OK,1,0,16.7225,0.348625,0,699,0,-2.950232,-0.010245,-0.260758,-0.0031932,0.9913842,-0.0524525,0.1199830
1788232689563813376,OK,1,0,9.34504,0.3665,0,679,0,-2.944086,-0.012391,-0.271502,-0.0032402,0.9908774,-0.0524328,0.1241063
1788232689597158656,OK,1,0,9.57746,0.299833,0,893,0,-2.938010,-0.011517,-0.282049,-0.0035985,0.9902783,-0.0529482,0.1285785
1788232689630504192,OK,1,0,9.88675,0.332042,0,789,0,-2.929238,-0.011723,-0.294015,-0.0039735,0.9896979,-0.0527809,0.1330282
1788232689663849472,OK,1,0,9.81146,0.34975,0,755,0,-2.923107,-0.013395,-0.303770,-0.0035742,0.9891574,-0.0523976,0.1371477
1788232689697194752,OK,1,0,9.91042,0.350208,0,748,0,-2.913429,-0.014420,-0.314392,-0.0037601,0.9886208,-0.0525454,0.1409040
1788232689730540032,OK,1,0,9.63633,0.351542,0,726,0,-2.910459,-0.015030,-0.324753,-0.0032036,0.9879580,-0.0530202,0.1453191
1788232689763885568,OK,1,0,9.16525,0.336541,0,695,0,-2.902769,-0.014997,-0.335444,-0.0028279,0.9873380,-0.0529995,0.1494884
1788232689797230080,OK,1,0,10.3265,0.34175,0,687,0,-2.899054,-0.018396,-0.348366,-0.0024327,0.9866638,-0.0519588,0.1542364
1788232689830575360,OK,1,0,10.6535,0.37675,0,670,0,-2.888930,-0.017317,-0.360080,-0.0028134,0.9860708,-0.0520241,0.1579560
1788232689863920640,OK,1,0,9.21154,0.337334,0,636,0,-2.883028,-0.017944,-0.370986,-0.0035762,0.9853485,-0.0521312,0.1623513
1788232689897266176,OK,1,0,8.94479,0.350417,0,611,0,-2.872775,-0.014981,-0.383253,-0.0039373,0.9846000,-0.0525776,0.1666822
1788232689930611456,OK,1,0,9.90829,0.330416,0,590,0,-2.862716,-0.013530,-0.393101,-0.0042610,0.9839360,-0.0525005,0.1705741
1788232689963956992,OK,1,0,9.59075,0.346125,0,584,0,-2.859065,-0.013840,-0.404844,-0.0035776,0.9831237,-0.0525967,0.1751822
1788232689997302784,OK,1,0,8.91117,0.32925,0,607,0,-2.849658,-0.016918,-0.412331,-0.0040450,0.9824420,-0.0528556,0.1788790
1788232690030648320,OK,1,0,9.60562,0.323375,0,566,0,-2.838856,-0.014515,-0.424284,-0.0041107,0.9816684,-0.0531795,0.1829818
1788232690063993600,OK,1,0,9.92838,0.331834,0,826,0,-2.833126,-0.018092,-0.433383,-0.0041554,0.9808635,-0.0524621,0.1874495
1788232690097339136,OK,1,0,9.18354,0.34525,0,739,0,-2.825715,-0.018912,-0.443485,-0.0044993,0.9800850,-0.0522496,0.1915283
1788232690130684928,OK,1,0,9.17904,0.337792,0,689,0,-2.814616,-0.020370,-0.453824,-0.0052989,0.9793393,-0.0518013,0.1954049
1788232690164028160,OK,1,0,9.17442,0.33525,0,690,0,-2.808931,-0.020156,-0.466639,-0.0055142,0.9782988,-0.0516752,0.2005759
1788232690197371904,OK,1,0,9.81679,0.349458,0,663,0,-2.798931,-0.020249,-0.476109,-0.0059564,0.9774290,-0.0513103,0.2048520
1788232690230714368,OK,1,0,10.436,0.330416,0,632,0,-2.794807,-0.019596,-0.486817,-0.0050687,0.9764670,-0.0515432,0.2093559
1788232690264057856,OK,1,0,10.1899,0.364917,0,629,0,-2.782835,-0.019361,-0.496667,-0.0045693,0.9756873,-0.0518293,0.2129019
1788232690297401600,OK,1,0,9.50713,0.32525,0,618,0,-2.778617,-0.019305,-0.504735,-0.0038876,0.9747218,-0.0527433,0.2170726
1788232690330745344,OK,1,0,8.60075,0.341084,0,577,0,-2.771291,-0.021394,-0.515226,-0.0038729,0.9736907,-0.0525706,0.2216929
1788232690364089088,OK,1,0,10.1912,0.343584,0,570,0,-2.761272,-0.021047,-0.524108,-0.0038576,0.9726268,-0.0526984,0.2262854
1788232690397432832,OK,1,0,8.83108,0.335334,0,562,0,-2.753188,-0.022057,-0.533819,-0.0040938,0.9715394,-0.0525560,0.2309380
1788232690430776576,OK,1,0,8.7995,0.396834,0,558,0,-2.740922,-0.023351,-0.542358,-0.0043460,0.9705983,-0.0520422,0.2349716
1788232690464120576,OK,1,0,8.66008,0.368959,0,548,0,-2.736564,-0.026896,-0.552841,-0.0045934,0.9693066,-0.0513564,0.2403872
1788232690497464320,OK,1,0,11.3123,0.35625,0,567,0,-2.721771,-0.021098,-0.559809,-0.0043700,0.9683167,-0.0518980,0.2442341
1788232690530808320,OK,1,0,8.72787,0.373875,0,812,0,-2.712426,-0.024600,-0.571418,-0.0041176,0.9672331,-0.0511637,0.2486472
1788232690564152320,OK,1,0,8.94179,0.350834,0,683,0,-2.706000,-0.024787,-0.580766,-0.0038202,0.9660558,-0.0514025,0.2531393
1788232690597496320,OK,1,0,8.68942,0.339625,0,642,0,-2.696337,-0.026307,-0.587782,-0.0040449,0.9649312,-0.0518173,0.2573059
1788232690630840576,OK,1,0,9.89862,0.341375,0,608,0,-2.687217,-0.026123,-0.597427,-0.0038127,0.9636180,-0.0519571,0.2621568
1788232690664183552,OK,1,0,8.84471,0.354375,0,599,0,-2.674731,-0.028224,-0.603690,-0.0037985,0.9624707,-0.0519109,0.2663475
1788232690697527808,OK,1,0,9.54729,0.348541,0,606,0,-2.665105,-0.027461,-0.612409,-0.0033336,0.9611492,-0.0523016,0.2710087
1788232690730872064,OK,1,0,8.74975,0.369333,0,588,0,-2.655283,-0.026975,-0.619139,-0.0038466,0.9598133,-0.0524542,0.2756667
1788232690764216320,OK,1,0,8.86213,0.340833,0,601,0,-2.645497,-0.027561,-0.628630,-0.0039285,0.9583870,-0.0521577,0.2806394
1788232690797560576,OK,1,0,9.55787,0.327833,0,592,0,-2.636971,-0.028830,-0.636812,-0.0039546,0.9569255,-0.0512784,0.2857420
1788232690830905088,OK,1,0,9.38821,0.3275,0,592,0,-2.625367,-0.030118,-0.646301,-0.0040767,0.9554305,-0.0508811,0.2907697
1788232690864249344,OK,1,0,8.75979,0.351083,0,573,0,-2.611486,-0.027276,-0.655471,-0.0044378,0.9540648,-0.0514353,0.2951186
1788232690897593856,OK,1,0,8.70629,0.364834,0,550,0,-2.599838,-0.030465,-0.660002,-0.0050166,0.9526420,-0.0510696,0.2997332
1788232690930938112,OK,1,0,8.92146,0.394792,0,576,0,-2.592087,-0.032570,-0.666007,-0.0046194,0.9511650,-0.0505174,0.3044860
1788232690964282624,OK,1,0,9.13408,0.353958,0,571,0,-2.585760,-0.038164,-0.668039,-0.0042694,0.9496061,-0.0500474,0.3093951
1788232690997627392,OK,1,0,8.43679,0.386875,0,694,0,-2.576554,-0.038474,-0.676190,-0.0046037,0.9478868,-0.0504628,0.3145518
1788232691030971904,OK,1,0,8.5195,0.377166,0,630,0,-2.567477,-0.038095,-0.683966,-0.0050093,0.9460814,-0.0503227,0.3199571
1788232691064316672,OK,1,0,9.54913,0.361625,0,634,0,-2.557723,-0.042472,-0.687897,-0.0053281,0.9445674,-0.0493242,0.3245474
1788232691097661440,OK,1,0,8.92192,0.361459,0,611,0,-2.546094,-0.043240,-0.695447,-0.0052997,0.9430530,-0.0488705,0.3289903
1788232691131005184,OK,1,0,8.72125,0.383167,0,575,0,-2.532301,-0.043498,-0.699861,-0.0055839,0.9415533,-0.0491891,0.3332066
1788232691164343552,OK,1,0,8.75875,0.347084,0,572,0,-2.527139,-0.046626,-0.708954,-0.0052637,0.9395958,-0.0488091,0.3387473
1788232691197681920,OK,1,0,8.581,0.359917,0,536,0,-2.512835,-0.044588,-0.717190,-0.0048305,0.9380036,-0.0489557,0.3431171
1788232691231020288,OK,1,0,8.73221,0.338291,0,539,0,-2.504512,-0.047156,-0.724333,-0.0048204,0.9362367,-0.0489147,0.3479150
1788232691264358656,OK,1,0,9.19279,0.346834,0,527,0,-2.489172,-0.042372,-0.732019,-0.0048742,0.9345586,-0.0495958,0.3523020
1788232691297697024,OK,1,0,8.43042,0.366375,0,518,0,-2.479346,-0.043892,-0.738316,-0.0052817,0.9327137,-0.0489923,0.3572351
1788232691331035392,OK,1,0,7.95554,0.345333,0,531,0,-2.465997,-0.044911,-0.742098,-0.0055166,0.9310559,-0.0488987,0.3615431
1788232691364373760,OK,1,0,9.0445,0.345417,0,523,0,-2.456245,-0.045499,-0.748238,-0.0056971,0.9292987,-0.0487982,0.3660467
1788232691397711872,OK,1,0,8.28021,0.359833,0,502,0,-2.444282,-0.048672,-0.751670,-0.0060439,0.9275203,-0.0485377,0.3705586
1788232691431050240,OK,1,0,8.40608,0.361792,0,716,0,-2.432727,-0.044110,-0.755400,-0.0058319,0.9255716,-0.0489736,0.3753464
1788232691464388352,OK,1,0,8.71992,0.370292,0,659,0,-2.420867,-0.045779,-0.757551,-0.0056455,0.9240041,-0.0488141,0.3792120
1788232691497726464,OK,1,0,8.60938,0.316458,0,647,0,-2.411172,-0.046638,-0.763953,-0.0058362,0.9220839,-0.0491178,0.3838160
1788232691531064576,OK,1,0,8.68521,0.346084,0,625,0,-2.397732,-0.047630,-0.769737,-0.0062071,0.9200345,-0.0491170,0.3886973
1788232691564401920,OK,1,0,9.61333,0.348792,0,617,0,-2.385389,-0.048813,-0.772822,-0.0064330,0.9181214,-0.0487071,0.3932421
1788232691597740032,OK,1,0,8.92733,0.383666,0,626,0,-2.374126,-0.049776,-0.779104,-0.0062408,0.9161413,-0.0483699,0.3978776
1788232691631078144,OK,1,0,8.62562,0.370041,0,634,0,-2.363251,-0.048563,-0.783858,-0.0059803,0.9142590,-0.0486148,0.4021584
1788232691664416256,OK,1,0,9.08563,0.359833,0,612,0,-2.350428,-0.050315,-0.787718,-0.0060366,0.9123063,-0.0484690,0.4065852
1788232691697754112,OK,1,0,9.13738,0.384084,0,622,0,-2.338517,-0.048864,-0.794859,-0.0054032,0.9102153,-0.0482480,0.4112798
1788232691731092224,OK,1,0,9.12546,0.346416,0,599,0,-2.327468,-0.049438,-0.801851,-0.0048920,0.9082045,-0.0478857,0.4157496
1788232691764430080,OK,1,0,8.51408,0.337708,0,614,0,-2.314762,-0.052694,-0.803566,-0.0054312,0.9063905,-0.0475723,0.4197185
1788232691797768192,OK,1,0,9.21192,0.34225,0,602,0,-2.303132,-0.055794,-0.803665,-0.0059466,0.9045172,-0.0474691,0.4237450
1788232691831106304,OK,1,0,12.2371,0.364292,0,634,0,-2.290808,-0.054683,-0.810914,-0.0061911,0.9021860,-0.0472717,0.4287044
1788232691864444160,OK,1,0,8.28429,0.368083,0,620,0,-2.276513,-0.050153,-0.819466,-0.0057631,0.8999794,-0.0471137,0.4333407
1788232691897782016,OK,1,0,8.59275,0.315042,0,616,0,-2.266194,-0.051844,-0.820187,-0.0060568,0.8980238,-0.0470410,0.4373827
1788232691931119616,OK,1,0,8.312,0.350083,0,633,0,-2.251583,-0.054610,-0.824281,-0.0067029,0.8958605,-0.0470962,0.4417817
1788232691964457472,OK,1,0,8.43838,0.330041,0,626,0,-2.236130,-0.051871,-0.830582,-0.0067885,0.8934599,-0.0469399,0.4466319
1788232691997794560,OK,1,0,8.98738,0.323,0,612,0,-2.223575,-0.055662,-0.835950,-0.0067409,0.8913310,-0.0458634,0.4509770
1788232692031132160,OK,1,0,8.97663,0.3345,0,607,0,-2.210404,-0.053454,-0.839283,-0.0066208,0.8892228,-0.0461363,0.4550939
1788232692064469760,OK,1,0,9.11346,0.322834,0,597,0,-2.196933,-0.054275,-0.841547,-0.0068488,0.8870227,-0.0461392,0.4593637
1788232692097807616,OK,1,0,8.52583,0.347625,0,601,0,-2.184056,-0.052831,-0.847819,-0.0065326,0.8844650,-0.0461037,0.4642773
1788232692131145216,OK,1,0,9.12646,0.327709,0,609,0,-2.170157,-0.052529,-0.849644,-0.0061919,0.8822962,-0.0458266,0.4684176
1788232692164483584,OK,1,0,8.32696,0.332583,0,614,0,-2.156893,-0.049287,-0.857876,-0.0055724,0.8797907,-0.0460878,0.4730892
1788232692197822208,OK,1,0,8.28079,0.3705,0,613,0,-2.144505,-0.048733,-0.862943,-0.0052534,0.8773932,-0.0463376,0.4775002
1788232692231160576,OK,1,0,8.05625,0.327,0,603,0,-2.131374,-0.053855,-0.865108,-0.0058840,0.8750058,-0.0456655,0.4819179
1788232692264498944,OK,1,0,8.0565,0.385125,0,603,0,-2.117206,-0.050388,-0.864241,-0.0057014,0.8729079,-0.0457249,0.4857041
1788232692297837312,OK,1,0,8.68229,0.290083,0,971,0,-2.100768,-0.046329,-0.869426,-0.0054460,0.8704022,-0.0453237,0.4902205
1788232692331175680,OK,1,0,9.02021,0.319,0,830,0,-2.087221,-0.045719,-0.870834,-0.0057335,0.8679014,-0.0450270,0.4946582
1788232692364513792,OK,1,0,9.82275,0.32675,0,815,0,-2.073104,-0.044410,-0.875616,-0.0059421,0.8653227,-0.0450759,0.4991487
1788232692397852416,OK,1,0,9.62513,0.321583,0,815,0,-2.060410,-0.045062,-0.876512,-0.0063573,0.8630403,-0.0446476,0.5031180
1788232692431190528,OK,1,0,10.4433,0.316167,0,792,0,-2.046253,-0.044789,-0.877089,-0.0065429,0.8606540,-0.0443117,0.5072164
1788232692464527872,OK,1,0,9.70383,0.338583,0,786,0,-2.031390,-0.043379,-0.884655,-0.0064659,0.8578358,-0.0442296,0.5119762
1788232692497865984,OK,1,0,10.5396,0.3295,0,778,0,-2.016324,-0.043770,-0.882097,-0.0066277,0.8556193,-0.0445348,0.5156437
1788232692531204096,OK,1,0,9.83092,0.338292,0,758,0,-2.003006,-0.041546,-0.888384,-0.0059664,0.8526850,-0.0445604,0.5204874
1788232692564542208,OK,1,0,10.7935,0.344666,0,779,0,-1.990947,-0.042681,-0.888421,-0.0057102,0.8501775,-0.0445070,0.5245805
1788232692597880320,OK,1,0,9.508,0.367542,0,752,0,-1.981589,-0.043743,-0.888746,-0.0053095,0.8478221,-0.0448168,0.5283568
1788232692631218432,OK,1,0,10.451,0.352375,0,793,0,-1.967080,-0.043034,-0.891923,-0.0046902,0.8452919,-0.0444439,0.5324325
1788232692664556288,OK,1,0,9.99067,0.3675,0,830,0,-1.948884,-0.040107,-0.891451,-0.0044482,0.8430106,-0.0445751,0.5360284
1788232692697894656,OK,1,0,10.6927,0.367125,0,839,0,-1.936350,-0.040738,-0.889599,-0.0048401,0.8406152,-0.0445878,0.5397729
1788232692731232512,OK,1,0,10.5732,0.338,0,827,0,-1.922637,-0.040244,-0.893367,-0.0050293,0.8377223,-0.0448058,0.5442320
1788232692764570624,OK,1,0,9.72125,0.356125,0,837,0,-1.906210,-0.038494,-0.896670,-0.0051033,0.8347774,-0.0446468,0.5487508
1788232692797908480,OK,1,0,10.0849,0.310208,0,841,0,-1.896086,-0.041498,-0.897615,-0.0054364,0.8321054,-0.0437006,0.5528665
1788232692831246336,OK,1,0,9.79333,0.382166,0,829,0,-1.876329,-0.036695,-0.895900,-0.0049698,0.8297296,-0.0441654,0.5563933
1788232692864584192,OK,1,0,9.55217,0.364083,0,839,0,-1.863794,-0.035224,-0.897902,-0.0050321,0.8268842,-0.0445435,0.5605828
1788232692897921024,OK,1,0,9.64396,0.299917,0,842,0,-1.846309,-0.035464,-0.901156,-0.0053752,0.8237129,-0.0440412,0.5652686
1788232692931259136,OK,1,0,9.38433,0.345667,0,805,0,-1.835970,-0.038647,-0.902762,-0.0055702,0.8210362,-0.0428838,0.5692359
1788232692964596736,OK,1,0,9.4975,0.294667,0,827,0,-1.816738,-0.032908,-0.900707,-0.0051697,0.8186173,-0.0432391,0.5726861
1788232692997934592,OK,1,0,9.34554,0.335042,0,838,0,-1.807203,-0.036750,-0.906906,-0.0052789,0.8153642,-0.0429839,0.5773264
1788232693031272192,OK,1,0,9.26071,0.3035,0,836,0,-1.790552,-0.030308,-0.904709,-0.0048007,0.8124689,-0.0431689,0.5813844
1788232693064610048,OK,1,0,10.145,0.394125,0,867,0,-1.778383,-0.035307,-0.905035,-0.0052832,0.8097147,-0.0419326,0.5852998
1788232693097947648,OK,1,0,9.98762,0.416875,0,854,0,-1.762541,-0.032602,-0.906509,-0.0049816,0.8070356,-0.0418660,0.5889958
1788232693131285504,OK,1,0,10.1108,0.3925,0,1305,0,-1.744525,-0.033918,-0.905428,-0.0053195,0.8043131,-0.0417412,0.5927140
1788232693164634112,OK,1,0,10.8106,0.333208,0,1073,0,-1.729398,-0.029406,-0.906970,-0.0055083,0.8009825,-0.0418757,0.5971961
1788232693197982720,OK,1,0,11.4062,0.344916,0,1086,0,-1.717195,-0.030864,-0.903843,-0.0060649,0.7983604,-0.0406456,0.6007760
1788232693231331584,OK,1,0,11.4728,0.351959,0,1093,0,-1.701299,-0.026126,-0.908028,-0.0057384,0.7951276,-0.0405641,0.6050568
1788232693264680192,OK,1,0,12.4206,0.3375,0,1079,0,-1.685911,-0.028370,-0.905213,-0.0059237,0.7925236,-0.0402387,0.6084834
1788232693298029056,OK,1,0,12.2468,0.378041,0,1078,0,-1.672616,-0.026148,-0.908461,-0.0056607,0.7891719,-0.0401041,0.6128355
1788232693331376640,OK,1,0,12.3567,0.352167,0,1114,0,-1.658205,-0.024964,-0.908809,-0.0051811,0.7863468,-0.0394963,0.6164997
1788232693364725504,OK,1,0,12.6851,0.369791,0,1118,0,-1.645641,-0.027783,-0.906267,-0.0053472,0.7837961,-0.0387442,0.6197854
1788232693398074368,OK,1,0,12.0043,0.336375,0,1132,0,-1.633691,-0.030972,-0.913268,-0.0058391,0.7804299,-0.0386976,0.6240173
1788232693431423232,OK,1,0,11.5002,0.338542,0,1150,0,-1.618001,-0.027358,-0.911590,-0.0059093,0.7771012,-0.0386399,0.6281608
1788232693464772352,OK,1,0,12.0226,0.33175,0,1136,0,-1.605721,-0.025852,-0.910167,-0.0056239,0.7741765,-0.0384470,0.6317760
1788232693498121216,OK,1,0,11.5572,0.327667,0,1147,0,-1.590782,-0.026622,-0.910347,-0.0054753,0.7708907,-0.0376668,0.6358292
1788232693531470336,OK,1,0,11.2224,0.336166,0,1119,0,-1.576131,-0.023670,-0.909310,-0.0050399,0.7677627,-0.0373730,0.6396235
1788232693564819456,OK,1,0,10.7187,0.284958,0,1190,0,-1.559774,-0.022562,-0.911148,-0.0047475,0.7643833,-0.0365835,0.6437060
1788232693598168576,OK,1,0,11.8157,0.300458,0,1153,0,-1.547767,-0.025723,-0.906319,-0.0049692,0.7618835,-0.0359374,0.6466973
1788232693631517696,OK,1,0,10.6537,0.297291,0,1182,0,-1.532992,-0.022997,-0.905785,-0.0047956,0.7587867,-0.0358790,0.6503325
1788232693664866816,OK,1,0,10.7306,0.367667,0,1149,0,-1.517895,-0.024148,-0.902051,-0.0049992,0.7559944,-0.0353587,0.6536033
1788232693698216192,OK,1,0,10.8705,0.308083,0,1187,0,-1.505786,-0.023812,-0.908152,-0.0045753,0.7519180,-0.0351809,0.6583015
1788232693731565312,OK,1,0,10.8646,0.366292,0,1199,0,-1.489904,-0.021887,-0.901642,-0.0044102,0.7491552,-0.0355795,0.6614236
1788232693764914688,OK,1,0,11.0641,0.359875,0,1185,0,-1.477659,-0.025585,-0.903197,-0.0042998,0.7456418,-0.0347690,0.6654254
1788232693798263296,OK,1,0,10.9299,0.283416,0,1214,0,-1.464495,-0.024247,-0.898910,-0.0043163,0.7425289,-0.0348993,0.6688903
1788232693831612672,OK,1,0,11.2155,0.371125,0,1222,0,-1.448497,-0.023905,-0.896154,-0.0046790,0.7390350,-0.0343236,0.6727759
1788232693864962048,OK,1,0,11.6031,0.328625,0,1215,0,-1.435090,-0.023462,-0.894050,-0.0047527,0.7358137,-0.0340190,0.6763123
1788232693898311424,OK,1,0,11.4282,0.32625,0,1207,0,-1.420042,-0.020935,-0.889773,-0.0045326,0.7327440,-0.0341197,0.6796335
1788232693931661056,OK,1,0,11.0281,0.294167,0,1181,0,-1.406246,-0.023426,-0.886499,-0.0050664,0.7294600,-0.0333829,0.6831896
1788232693965010432,OK,1,0,11.2298,0.383541,0,1193,0,-1.390993,-0.022829,-0.883054,-0.0048615,0.7259089,-0.0326778,0.6869970
1788232693998360064,OK,1,0,10.9891,0.300667,0,1169,0,-1.377778,-0.022187,-0.879274,-0.0044743,0.7226373,-0.0328118,0.6904337
1788232694031709696,OK,1,0,11.4179,0.2785,0,1181,0,-1.363776,-0.021789,-0.875871,-0.0041591,0.7191973,-0.0328617,0.6940159
1788232694065059584,OK,1,0,11.5808,0.306542,0,1207,0,-1.350617,-0.023912,-0.870607,-0.0046023,0.7161891,-0.0326806,0.6971254
1788232694098409216,OK,1,0,11.4198,0.277916,0,1220,0,-1.337900,-0.021688,-0.866256,-0.0043734,0.7130967,-0.0323787,0.7003040
1788232694131758848,OK,1,0,11.7327,0.298584,0,1206,0,-1.325682,-0.020237,-0.863004,-0.0041248,0.7099465,-0.0324237,0.7034969
1788232694165104128,OK,1,0,11.8349,0.286541,0,1213,0,-1.312314,-0.019986,-0.859949,-0.0040782,0.7067391,-0.0322236,0.7067282
1788232694198453248,OK,1,0,11.9482,0.280834,0,1203,0,-1.297604,-0.020974,-0.856569,-0.0042946,0.7040242,-0.0316800,0.7094560
1788232694231801600,OK,1,0,11.6663,0.278291,0,1166,0,-1.284776,-0.020969,-0.851282,-0.0048334,0.7011396,-0.0312516,0.7123225
1788232694265150976,OK,1,0,11.474,0.318666,0,1183,0,-1.272199,-0.020851,-0.847176,-0.0049937,0.6980459,-0.0307344,0.7153757
1788232694298500096,OK,1,0,11.2152,0.320917,0,1162,0,-1.257835,-0.018392,-0.845262,-0.0042324,0.6950117,-0.0306111,0.7183340
1788232694331849472,OK,1,0,12.0314,0.377917,0,1158,0,-1.244023,-0.020509,-0.840986,-0.0043329,0.6922159,-0.0302591,0.7210428
1788232694365198848,OK,1,0,11.7639,0.3205,0,1186,0,-1.230981,-0.017448,-0.836961,-0.0042682,0.6895980,-0.0305034,0.7235371
1788232694398548224,OK,1,0,11.6051,0.366958,0,1196,0,-1.216753,-0.019138,-0.834817,-0.0046052,0.6874717,-0.0302507,0.7255663
1788232694431897856,OK,1,0,11.4422,0.283834,0,1212,0,-1.204797,-0.017697,-0.832018,-0.0042127,0.6857632,-0.0303118,0.7271811
1788232694465247232,OK,1,0,11.4332,0.30075,0,1203,0,-1.192723,-0.016638,-0.831860,-0.0033105,0.6840922,-0.0301416,0.7287650
1788232694498596864,OK,1,0,12.029,0.352083,0,1217,0,-1.182030,-0.018824,-0.827517,-0.0030598,0.6828199,-0.0300652,0.7299615
1788232694531946496,OK,1,0,15.0195,0.292125,0,1215,0,-1.168493,-0.015855,-0.827202,-0.0022618,0.6806763,-0.0301175,0.7319614
1788232694565296128,OK,1,0,12.0254,0.313084,0,1176,0,-1.157920,-0.015804,-0.823958,-0.0018620,0.6790506,-0.0303385,0.7334619
1788232694598646016,OK,1,0,11.7873,0.276209,0,1179,0,-1.145568,-0.016798,-0.822024,-0.0018169,0.6771187,-0.0303714,0.7352446
1788232694631995648,OK,1,0,11.6097,0.301458,0,1187,0,-1.134102,-0.016440,-0.816652,-0.0018955,0.6755589,-0.0304166,0.7366760
1788232694665344512,OK,1,0,11.5658,0.379583,0,1178,0,-1.120381,-0.014891,-0.811388,-0.0019274,0.6739693,-0.0306509,0.7381207
1788232694698694400,OK,1,0,11.9635,0.312084,0,1194,0,-1.107457,-0.015625,-0.809914,-0.0018367,0.6718894,-0.0305094,0.7400206
1788232694732044288,OK,1,0,11.8939,0.29125,0,1175,0,-1.097047,-0.016228,-0.807289,-0.0013892,0.6702901,-0.0305043,0.7414707
1788232694765393920,OK,1,0,11.746,0.303167,0,1191,0,-1.085850,-0.015644,-0.803619,-0.0009805,0.6688256,-0.0306832,0.7427852
1788232694798743808,OK,1,0,12.1095,0.359417,0,1173,0,-1.070994,-0.015859,-0.801715,-0.0007518,0.6669796,-0.0306513,0.7444450
1788232694832093696,OK,1,0,11.3821,0.304125,0,1164,0,-1.058256,-0.013593,-0.796557,-0.0008495,0.6650530,-0.0310099,0.7461516
1788232694865443840,OK,1,0,11.5368,0.286291,0,1173,0,-1.044867,-0.013814,-0.792362,-0.0017116,0.6631997,-0.0307852,0.7478072
1788232694898793984,OK,1,0,11.9114,0.366708,0,1140,0,-1.031832,-0.013553,-0.787939,-0.0021879,0.6615471,-0.0300606,0.7492977
1788232694932144128,OK,1,0,11.7031,0.292167,0,1141,0,-1.017738,-0.011483,-0.782596,-0.0020681,0.6597584,-0.0303634,0.7508612
1788232694965494016,OK,1,0,11.6707,0.290583,0,1137,0,-1.006813,-0.012709,-0.778770,-0.0021742,0.6575499,-0.0307338,0.7527808
1788232694998844160,OK,1,0,11.6237,0.274958,0,1151,0,-0.994110,-0.011676,-0.773209,-0.0019412,0.6550098,-0.0306634,0.7549955
1788232695032194560,OK,1,0,11.6016,0.322917,0,1113,0,-0.981034,-0.009804,-0.770696,-0.0011411,0.6525124,-0.0304490,0.7571653
1788232695065544704,OK,1,0,11.7876,0.312875,0,1152,0,-0.971107,-0.010975,-0.765564,-0.0008570,0.6502787,-0.0307134,0.7590742
1788232695098895104,OK,1,0,11.5958,0.302042,0,1139,0,-0.960892,-0.013524,-0.760954,-0.0009459,0.6475397,-0.0306874,0.7614130
1788232695132244480,OK,1,0,11.4035,0.282084,0,1112,0,-0.947547,-0.011426,-0.754641,-0.0008461,0.6446313,-0.0309917,0.7638648
1788232695165593856,OK,1,0,11.7515,0.369167,0,1111,0,-0.934463,-0.010743,-0.749326,-0.0010474,0.6414721,-0.0303599,0.7665448
1788232695198941952,OK,1,0,11.9958,0.294666,0,1969,0,-0.923429,-0.011279,-0.744490,-0.0010987,0.6386574,-0.0302589,0.7688953
1788232695232290048,OK,1,0,14.07,0.310708,0,1633,0,-0.912766,-0.011775,-0.738570,-0.0010240,0.6361293,-0.0304750,0.7709798
1788232695265638144,OK,1,0,14.6376,0.328709,0,1564,0,-0.901890,-0.012018,-0.733078,-0.0009109,0.6333318,-0.0306112,0.7732742
1788232695298986496,OK,1,0,15.0995,0.336875,0,1503,0,-0.890496,-0.011317,-0.728720,-0.0007709,0.6300929,-0.0302710,0.7759291
1788232695332334592,OK,1,0,14.3958,0.34475,0,1491,0,-0.879437,-0.011172,-0.723106,-0.0007693,0.6271273,-0.0302420,0.7783291
1788232695365683200,OK,1,0,14.0701,0.337375,0,1558,0,-0.869931,-0.015096,-0.716899,-0.0008549,0.6245906,-0.0302455,0.7803659
1788232695399031552,OK,1,0,13.5711,0.307834,0,1504,0,-0.857398,-0.014837,-0.711526,-0.0008980,0.6214216,-0.0300924,0.7828978
1788232695432379904,OK,1,0,13.3636,0.307166,0,1525,0,-0.846090,-0.013496,-0.703549,-0.0010078,0.6185032,-0.0296139,0.7852235
1788232695465728256,OK,1,0,13.4057,0.288542,0,1485,0,-0.833609,-0.013596,-0.697688,-0.0012849,0.6154933,-0.0293042,0.7875961
1788232695499076608,OK,1,0,13.5139,0.360542,0,1495,0,-0.822496,-0.012348,-0.691980,-0.0005678,0.6128497,-0.0295123,0.7896480
1788232695532425216,OK,1,0,13.3148,0.289041,0,1465,0,-0.812849,-0.013014,-0.687569,0.0000550,0.6100210,-0.0291057,0.7918505
1788232695565772800,OK,1,0,13.3416,0.304333,0,1468,0,-0.801163,-0.013230,-0.681232,0.0003036,0.6071118,-0.0291023,0.7940833
1788232695599121152,OK,1,0,13.5458,0.292167,0,1466,0,-0.790016,-0.013188,-0.675293,0.0002246,0.6041562,-0.0288705,0.7963427
1788232695632469760,OK,1,0,13.5922,0.276208,0,1405,0,-0.778887,-0.013190,-0.668176,0.0001833,0.6015089,-0.0284330,0.7983599
1788232695665818368,OK,1,0,13.4833,0.312,0,1426,0,-0.766037,-0.012116,-0.663424,0.0005152,0.5986019,-0.0283037,0.8005464
1788232695699166976,OK,1,0,15.0947,0.328833,0,1399,0,-0.755723,-0.011710,-0.656079,0.0004172,0.5957707,-0.0283927,0.8026525
1788232695732515584,OK,1,0,14.4658,0.373416,0,1381,0,-0.745290,-0.011512,-0.650048,0.0004613,0.5926918,-0.0284932,0.8049251
1788232695765864192,OK,1,0,14.4332,0.350334,0,1355,0,-0.735015,-0.010803,-0.642471,0.0006498,0.5899700,-0.0283660,0.8069265
1788232695799213056,OK,1,0,13.5475,0.339375,0,1311,0,-0.724363,-0.012012,-0.635447,0.0005938,0.5870277,-0.0280092,0.8090819
1788232695832561664,OK,1,0,13.8662,0.318417,0,1974,0,-0.713297,-0.012237,-0.627391,0.0002613,0.5840372,-0.0281681,0.8112379
1788232695865910528,OK,1,0,14.9371,0.318083,0,1623,0,-0.701697,-0.009165,-0.619534,0.0001642,0.5809516,-0.0285241,0.8134381
1788232695899259392,OK,1,0,15.1294,0.308291,0,1539,0,-0.690443,-0.008046,-0.611104,-0.0002839,0.5779767,-0.0283884,0.8155593
1788232695932608256,OK,1,0,16.0334,0.326375,0,1538,0,-0.679140,-0.008638,-0.603533,-0.0007506,0.5750638,-0.0275311,0.8176448
1788232695965957120,OK,1,0,16.1341,0.374375,0,1498,0,-0.667397,-0.006763,-0.595949,-0.0008623,0.5720482,-0.0270727,0.8197725
1788232695999304960,OK,1,0,15.4548,0.342125,0,1485,0,-0.656964,-0.006572,-0.587479,-0.0010303,0.5692857,-0.0273816,0.8216830
1788232696032653824,OK,1,0,14.4617,0.336625,0,1566,0,-0.646715,-0.004327,-0.579355,-0.0007044,0.5661339,-0.0272663,0.8238618
1788232696066002944,OK,1,0,14.2062,0.295083,0,1515,0,-0.635779,-0.004733,-0.574211,-0.0003957,0.5625751,-0.0263243,0.8263269
1788232696099351808,OK,1,0,14.2701,0.297333,0,1498,0,-0.625653,-0.004183,-0.565836,-0.0000668,0.5594195,-0.0262914,0.8284677
1788232696132700928,OK,1,0,15.1808,0.353334,0,1485,0,-0.615056,-0.004478,-0.557802,-0.0000862,0.5562531,-0.0266090,0.8305868
1788232696166050048,OK,1,0,15.917,0.292834,0,1429,0,-0.604071,-0.003057,-0.550245,0.0002380,0.5529957,-0.0264269,0.8327648
1788232696199399936,OK,1,0,14.2059,0.350125,0,2036,0,-0.594477,-0.003701,-0.540667,-0.0001580,0.5497112,-0.0257221,0.8349586
1788232696232749824,OK,1,0,16.1702,0.290209,0,1591,0,-0.582310,-0.003503,-0.532596,-0.0004674,0.5461308,-0.0249198,0.8373291
1788232696266099712,OK,1,0,14.8365,0.340958,0,1565,0,-0.573253,-0.001699,-0.523157,-0.0007124,0.5428292,-0.0250754,0.8394684
1788232696299449344,OK,1,0,15.4039,0.316916,0,1542,0,-0.562299,-0.000698,-0.513829,-0.0013277,0.5395089,-0.0252053,0.8416015
1788232696332799488,OK,1,0,15.9411,0.367041,0,1505,0,-0.550792,0.001168,-0.503210,-0.0017566,0.5363505,-0.0247374,0.8436309
1788232696366149632,OK,1,0,15.8135,0.367125,0,1486,0,-0.542935,0.002050,-0.494213,-0.0020326,0.5332057,-0.0248400,0.8456184
1788232696399500032,OK,1,0,15.984,0.358833,0,1460,0,-0.531282,0.003283,-0.486156,-0.0020224,0.5295889,-0.0249592,0.8478847
1788232696432850432,OK,1,0,14.8525,0.33075,0,1536,0,-0.521509,0.002667,-0.477613,-0.0020981,0.5263167,-0.0249738,0.8499192
1788232696466199552,OK,1,0,15.0884,0.316125,0,1515,0,-0.513658,0.003932,-0.469787,-0.0011003,0.5231096,-0.0248691,0.8519018
1788232696499549952,OK,1,0,14.9712,0.313166,0,1537,0,-0.501946,0.003334,-0.464328,-0.0000457,0.5194557,-0.0243234,0.8541511
1788232696532900608,OK,1,0,14.9195,0.317667,0,1502,0,-0.496080,0.002834,-0.455736,0.0007036,0.5166897,-0.0245146,0.8558214
1788232696566251264,OK,1,0,13.8404,0.32325,0,1468,0,-0.487645,0.004458,-0.447651,0.0015877,0.5134119,-0.0251120,0.8577733
1788232696599601920,OK,1,0,14.4671,0.299875,0,1468,0,-0.479428,0.004456,-0.438450,0.0014880,0.5100307,-0.0251146,0.8597882
1788232696632952576,OK,1,0,14.726,0.308125,0,1470,0,-0.469498,0.005493,-0.426808,0.0011264,0.5065980,-0.0251160,0.8618158
1788232696666303488,OK,1,0,14.2933,0.300791,0,1458,0,-0.459996,0.006465,-0.416880,0.0005845,0.5031035,-0.0251767,0.8638592
1788232696699654400,OK,1,0,14.0157,0.264,0,1454,0,-0.449976,0.006187,-0.406413,0.0000336,0.4995928,-0.0254754,0.8658857
1788232696733005312,OK,1,0,15.0587,0.297458,0,2069,0,-0.441398,0.006765,-0.396065,-0.0001767,0.4962354,-0.0255403,0.8678123
1788232696766356224,OK,1,0,15.4371,0.317667,0,1775,0,-0.431593,0.008228,-0.387609,0.0000127,0.4927629,-0.0249291,0.8698065
1788232696799707392,OK,1,0,15.7738,0.308375,0,1694,0,-0.422557,0.009065,-0.378628,0.0004436,0.4893883,-0.0245150,0.8717212
1788232696833058560,OK,1,0,16.6765,0.332709,0,1643,0,-0.413926,0.008856,-0.369975,0.0008418,0.4856830,-0.0245037,0.8737911
1788232696866409984,OK,1,0,16.8692,0.357791,0,1595,0,-0.405187,0.009595,-0.359160,0.0006910,0.4818731,-0.0242657,0.8759047
1788232696899760128,OK,1,0,17.5751,0.363792,0,1530,0,-0.396544,0.010178,-0.348116,-0.0000509,0.4781260,-0.0240571,0.8779618
1788232696933111808,OK,1,0,16.9448,0.374,0,1559,0,-0.387696,0.011202,-0.336888,-0.0004748,0.4744288,-0.0238825,0.8799697
1788232696966463488,OK,1,0,18.8601,0.35975,0,1511,0,-0.379779,0.011451,-0.327012,-0.0007149,0.4707351,-0.0241205,0.8819445
1788232696999814912,OK,1,0,16.586,0.340084,0,1493,0,-0.369358,0.012730,-0.315677,-0.0005981,0.4666956,-0.0234608,0.8841066
1788232697033166592,OK,1,0,16.6892,0.37825,0,1491,0,-0.362460,0.012300,-0.307178,-0.0003359,0.4628768,-0.0228597,0.8861278
1788232697066518272,OK,1,0,16.512,0.356041,0,1546,0,-0.350399,0.013380,-0.298760,0.0005666,0.4590752,-0.0224802,0.8881128
1788232697099870208,OK,1,0,15.0736,0.329542,0,1523,0,-0.343378,0.013862,-0.289940,0.0010892,0.4554539,-0.0225062,0.8899742
1788232697133222144,OK,1,0,14.1481,0.302417,0,1473,0,-0.335878,0.013012,-0.279470,0.0011936,0.4517902,-0.0222185,0.8918468
1788232697166568960,OK,1,0,14.0212,0.30675,0,1446,0,-0.328714,0.014108,-0.268136,0.0008577,0.4478840,-0.0219926,0.8938208
1788232697199908864,OK,1,0,13.8625,0.327417,0,1423,0,-0.319667,0.015683,-0.256992,0.0006500,0.4439086,-0.0220203,0.8958012
1788232697233248768,OK,1,0,14.4145,0.305917,0,1431,0,-0.312675,0.016279,-0.245358,0.0004604,0.4403373,-0.0220810,0.8975607
1788232697266588672,OK,1,0,14.27,0.317583,0,1998,0,-0.307042,0.016731,-0.233518,0.0003011,0.4366992,-0.0224034,0.8993285
1788232697299928576,OK,1,0,16.9824,0.30225,0,1661,0,-0.299703,0.016673,-0.222605,0.0000318,0.4327502,-0.0218253,0.9012496
1788232697333267456,OK,1,0,15.0107,0.360125,0,1590,0,-0.290603,0.016890,-0.213966,0.0003031,0.4287170,-0.0213965,0.9031854
1788232697366606848,OK,1,0,15.3356,0.368375,0,1546,0,-0.283888,0.017789,-0.202820,0.0005861,0.4251358,-0.0215205,0.9048735
1788232697399946752,OK,1,0,15.2942,0.380333,0,1490,0,-0.275515,0.019113,-0.191982,0.0007341,0.4209951,-0.0216186,0.9068050
1788232697433286656,OK,1,0,15.0803,0.390375,0,1451,0,-0.268182,0.019763,-0.180189,0.0005428,0.4168005,-0.0210178,0.9087548
1788232697466626304,OK,1,0,14.6982,0.380292,0,1404,0,-0.261142,0.020203,-0.169695,0.0007339,0.4130206,-0.0205401,0.9104897
1788232697499965696,OK,1,0,15.2129,0.378958,0,1379,0,-0.254937,0.021513,-0.158798,0.0010349,0.4094142,-0.0204854,0.9121180
1788232697533305600,OK,1,0,14.8205,0.366916,0,1358,0,-0.247667,0.021221,-0.148142,0.0012369,0.4054950,-0.0202806,0.9138714
1788232697566645248,OK,1,0,14.821,0.389583,0,1327,0,-0.240918,0.021919,-0.136714,0.0011463,0.4014543,-0.0201143,0.9156575
1788232697599984896,OK,1,0,14.9265,0.345333,0,1812,0,-0.232544,0.021868,-0.125522,0.0014504,0.3977158,-0.0193362,0.9173037
1788232697633324544,OK,1,0,16.3625,0.359584,0,1623,0,-0.224739,0.022978,-0.115177,0.0017706,0.3940393,-0.0189704,0.9188961
1788232697666663936,OK,1,0,16.2979,0.383125,0,1526,0,-0.222865,0.021992,-0.104383,0.0017165,0.3906448,-0.0189582,0.9203447
1788232697700003328,OK,1,0,15.6933,0.362416,0,1464,0,-0.214496,0.023657,-0.093079,0.0018510,0.3864738,-0.0188674,0.9221056
1788232697733342976,OK,1,0,15.6844,0.387458,0,1471,0,-0.209300,0.023541,-0.082334,0.0019027,0.3827116,-0.0187101,0.9236764
1788232697766682368,OK,1,0,14.8063,0.373167,0,1385,0,-0.204122,0.023234,-0.070702,0.0019130,0.3791151,-0.0187270,0.9251581
1788232697800020992,OK,1,0,16.2282,0.3615,0,1350,0,-0.196289,0.024360,-0.058159,0.0019556,0.3750863,-0.0188941,0.9267953
1788232697833360384,OK,1,0,14.909,0.352834,0,1315,0,-0.191553,0.024366,-0.046735,0.0015700,0.3708879,-0.0189965,0.9284820
1788232697866699776,OK,1,0,14.8751,0.348708,0,1278,0,-0.186131,0.026898,-0.033735,0.0013820,0.3669139,-0.0191576,0.9300566
1788232697900039168,OK,1,0,14.1688,0.337917,0,1286,0,-0.181534,0.027253,-0.023594,0.0013017,0.3631651,-0.0188404,0.9315334
1788232697933378304,OK,1,0,14.6941,0.35625,0,1248,0,-0.171798,0.028011,-0.008526,0.0011987,0.3592434,-0.0182120,0.9330654
1788232697966717696,OK,1,0,14.3678,0.362125,0,1262,0,-0.163749,0.029037,0.005448,0.0009908,0.3551210,-0.0178635,0.9346491
1788232698000057088,OK,1,0,14.4026,0.329666,0,1705,0,-0.157603,0.029945,0.016628,0.0012447,0.3509967,-0.0174388,0.9362135
1788232698033396224,OK,1,0,15.313,0.354625,0,1466,0,-0.150934,0.030918,0.028474,0.0017545,0.3468605,-0.0170455,0.9377602
1788232698066735616,OK,1,0,15.122,0.348291,0,1433,0,-0.146878,0.031064,0.039092,0.0019120,0.3425319,-0.0169815,0.9393508
1788232698100074752,OK,1,0,14.2067,0.347833,0,1364,0,-0.145046,0.031020,0.051341,0.0019123,0.3385028,-0.0169100,0.9408115
1788232698133414144,OK,1,0,14.4343,0.378042,0,1345,0,-0.138578,0.032905,0.065033,0.0019221,0.3336535,-0.0167842,0.9425444
1788232698166753280,OK,1,0,14.0717,0.372208,0,1297,0,-0.133826,0.033514,0.078402,0.0017207,0.3289706,-0.0163765,0.9441966
1788232698200092416,OK,1,0,14.2155,0.362583,0,1287,0,-0.127323,0.033924,0.092459,0.0013916,0.3242591,-0.0160927,0.9458305
1788232698233430784,OK,1,0,16.8913,0.357333,0,1255,0,-0.121920,0.035593,0.105958,0.0012535,0.3195063,-0.0158024,0.9474516
1788232698266769920,OK,1,0,14.2314,0.359791,0,1260,0,-0.116495,0.038289,0.120294,0.0011988,0.3146274,-0.0157142,0.9490845
1788232698300109056,OK,1,0,14.5515,0.362583,0,1203,0,-0.113436,0.037297,0.132943,0.0009343,0.3103056,-0.0152342,0.9505143
1788232698333448192,OK,1,0,13.7055,0.366542,0,1219,0,-0.110692,0.036709,0.145585,0.0007052,0.3059468,-0.0150601,0.9519292
1788232698366787328,OK,1,0,13.5267,0.323583,0,1213,0,-0.106377,0.038350,0.159283,0.0008533,0.3010441,-0.0153557,0.9534862
1788232698400126464,OK,1,0,14.2675,0.355125,0,1702,0,-0.106776,0.038019,0.168571,0.0012584,0.2960875,-0.0157225,0.9550306
1788232698433465600,OK,1,0,14.9132,0.347583,0,1393,0,-0.103782,0.037033,0.179751,0.0016882,0.2906329,-0.0149754,0.9567160
1788232698466804736,OK,1,0,14.0698,0.357083,0,1341,0,-0.101499,0.037433,0.190805,0.0023018,0.2856787,-0.0142425,0.9582168
1788232698500143616,OK,1,0,14.8391,0.347125,0,1307,0,-0.099408,0.037416,0.203054,0.0027950,0.2811429,-0.0140583,0.9595589
1788232698533482752,OK,1,0,15.4767,0.34425,0,1296,0,-0.096948,0.037807,0.214555,0.0030032,0.2757174,-0.0139282,0.9611331
1788232698566821632,OK,1,0,14.3342,0.37,0,1272,0,-0.095237,0.038532,0.226404,0.0030561,0.2700994,-0.0139051,0.9627272
1788232698600160512,OK,1,0,14.7945,0.324292,0,1221,0,-0.092465,0.039612,0.241587,0.0028359,0.2647616,-0.0135734,0.9642142
1788232698633499392,OK,1,0,14.914,0.33075,0,1207,0,-0.091275,0.040113,0.254770,0.0027253,0.2594147,-0.0134690,0.9656683
1788232698666837248,OK,1,0,14.1318,0.362667,0,1220,0,-0.088282,0.040471,0.267715,0.0024618,0.2534279,-0.0134596,0.9672576
1788232698700176128,OK,1,0,14.5455,0.361083,0,1224,0,-0.084838,0.041270,0.281423,0.0022656,0.2475965,-0.0129274,0.9687744
1788232698733515008,OK,1,0,14.1528,0.367041,0,1193,0,-0.082510,0.042828,0.295478,0.0025180,0.2419212,-0.0127827,0.9702085
1788232698766853632,OK,1,0,15.0945,0.34825,0,1177,0,-0.080715,0.044609,0.309249,0.0028220,0.2359332,-0.0130771,0.9716772
1788232698800192256,OK,1,0,13.4591,0.363333,0,1125,0,-0.079518,0.045333,0.323443,0.0024899,0.2300160,-0.0128229,0.9730992
1788232698833530880,OK,1,0,14.4792,0.35175,0,1614,0,-0.074911,0.046546,0.339075,0.0021267,0.2240742,-0.0117590,0.9744989
1788232698866869504,OK,1,0,17.0227,0.337583,0,1685,0,-0.073728,0.047885,0.351954,0.0022021,0.2183953,-0.0118437,0.9757860
1788232698900208384,OK,1,0,16.1041,0.341,0,1465,0,-0.072092,0.048471,0.365760,0.0023768,0.2124075,-0.0118626,0.9771063
1788232698933547008,OK,1,0,15.5594,0.353584,0,1369,0,-0.073748,0.049634,0.377240,0.0023703,0.2067859,-0.0114813,0.9783159
1788232698966885376,OK,1,0,16.1013,0.363958,0,1327,0,-0.067696,0.050740,0.391749,0.0024076,0.2006611,-0.0104825,0.9796017
1788232699000224000,OK,1,0,16.4102,0.35775,0,1328,0,-0.067504,0.050892,0.404679,0.0026358,0.1951068,-0.0102533,0.9807249
1788232699033562624,OK,1,0,14.8681,0.354958,0,1261,0,-0.067320,0.052160,0.418978,0.0026835,0.1892203,-0.0103995,0.9818760
1788232699066901248,OK,1,0,15.9216,0.347791,0,1259,0,-0.071194,0.052198,0.432123,0.0021465,0.1836955,-0.0102315,0.9829276
1788232699100239872,OK,1,0,15.8472,0.33125,0,1233,0,-0.070387,0.053762,0.444268,0.0020520,0.1778461,-0.0099050,0.9840063
1788232699133577216,OK,1,0,14.2554,0.36475,0,1214,0,-0.070672,0.052365,0.457895,0.0018545,0.1720344,-0.0099945,0.9850385
1788232699166917376,OK,1,0,15.2701,0.356375,0,1225,0,-0.074058,0.051608,0.470329,0.0015689,0.1662632,-0.0095350,0.9860341
1788232699200260352,OK,1,0,14.8176,0.361375,0,1236,0,-0.072647,0.053838,0.484550,0.0018452,0.1605141,-0.0088781,0.9869919
1788232699233603072,OK,1,0,14.553,0.375292,0,1244,0,-0.072347,0.053688,0.497858,0.0021667,0.1548527,-0.0084231,0.9878993
1788232699266945536,OK,1,0,15.8376,0.351208,0,1213,0,-0.067177,0.058429,0.516927,0.0026822,0.1483347,-0.0086560,0.9888957
1788232699300288256,OK,1,0,16.3123,0.333583,0,1263,0,-0.075290,0.056144,0.525861,0.0021135,0.1427339,-0.0085743,0.9897217
1788232699333630976,OK,1,0,14.9647,0.365,0,1285,0,-0.073606,0.057981,0.541170,0.0019629,0.1367628,-0.0078852,0.9905705
1788232699366973952,OK,1,0,15.0085,0.349625,0,1693,0,-0.075131,0.057391,0.552934,0.0018801,0.1311921,-0.0074663,0.9913270
1788232699400316416,OK,1,0,17.7802,0.325792,0,1739,0,-0.080635,0.055710,0.563838,0.0019336,0.1256820,-0.0071018,0.9920433
1788232699433659136,OK,1,0,16.2639,0.354167,0,1621,0,-0.079067,0.057505,0.578958,0.0019094,0.1195804,-0.0065968,0.9928008
1788232699467001856,OK,1,0,16.0439,0.35625,0,1597,0,-0.081381,0.059609,0.590850,0.0020788,0.1140434,-0.0061217,0.9934548
1788232699500344576,OK,1,0,16.5518,0.362875,0,1535,0,-0.079251,0.060913,0.605069,0.0022989,0.1084861,-0.0057064,0.9940789
1788232699533687296,OK,1,0,15.663,0.344917,0,1532,0,-0.082835,0.058787,0.616551,0.0022081,0.1033593,-0.0052870,0.9946276
1788232699567028736,OK,1,0,19.0292,0.387417,0,1522,0,-0.087763,0.056653,0.627944,0.0019953,0.0987476,-0.0048615,0.9950987
1788232699600371456,OK,1,0,18.475,0.3235,0,1534,0,-0.086067,0.058721,0.643909,0.0021063,0.0941470,-0.0046742,0.9955451
1788232699633714176,OK,1,0,16.4054,0.374,0,1492,0,-0.086884,0.059473,0.656618,0.0019958,0.0895609,-0.0045396,0.9959690
1788232699667056640,OK,1,0,16.1882,0.34175,0,1498,0,-0.089557,0.060118,0.669183,0.0017488,0.0851422,-0.0042819,0.9963581
1788232699700399360,OK,1,0,17.0587,0.331959,0,1540,0,-0.090748,0.060701,0.682023,0.0013704,0.0809723,-0.0043005,0.9967061
1788232699733741824,OK,1,0,17.9502,0.341583,0,1491,0,-0.092653,0.058572,0.694865,0.0009802,0.0781004,-0.0041693,0.9969363
1788232699767084544,OK,1,0,17.236,0.387,0,1510,0,-0.088908,0.058460,0.709877,0.0005788,0.0755808,-0.0038431,0.9971321
1788232699800427264,OK,1,0,16.7338,0.386125,0,1514,0,-0.089736,0.059779,0.722253,0.0006248,0.0737760,-0.0034472,0.9972687
1788232699833769728,OK,1,0,16.6185,0.33025,0,1522,0,-0.089115,0.058572,0.734995,0.0005572,0.0711775,-0.0033057,0.9974580
1788232699867112192,OK,1,0,16.0469,0.367917,0,1536,0,-0.089916,0.060256,0.747203,0.0009386,0.0686958,-0.0031865,0.9976321
1788232699900454912,OK,1,0,15.8085,0.352583,0,1532,0,-0.091534,0.059672,0.758721,0.0008047,0.0662592,-0.0028799,0.9977980
1788232699933797376,OK,1,0,15.9224,0.321042,0,1530,0,-0.091264,0.060119,0.772727,0.0004487,0.0638891,-0.0026374,0.9979534
1788232699967139840,OK,1,0,15.7025,0.290208,0,1530,0,-0.094133,0.061053,0.784661,0.0006149,0.0616481,-0.0030762,0.9980930
1788232700000481536,OK,1,0,15.5933,0.326542,0,1536,0,-0.092512,0.060012,0.797795,0.0004793,0.0588431,-0.0030392,0.9982625
1788232700033824000,OK,1,0,15.8773,0.313625,0,1551,0,-0.096167,0.061839,0.810655,0.0005785,0.0567803,-0.0026554,0.9983830
1788232700067166464,OK,1,0,15.9574,0.295833,0,1548,0,-0.092519,0.062504,0.824576,0.0001517,0.0539592,-0.0017501,0.9985416
1788232700100508928,OK,1,0,16.1809,0.320833,0,1575,0,-0.092270,0.063266,0.837781,-0.0002027,0.0515098,-0.0016845,0.9986711
1788232700133851648,OK,1,0,15.8091,0.303042,0,1587,0,-0.095362,0.063735,0.849567,-0.0004373,0.0494137,-0.0016485,0.9987770
1788232700167192576,OK,1,0,15.6651,0.302792,0,1587,0,-0.096827,0.066652,0.864358,-0.0006495,0.0469395,-0.0016120,0.9988962
1788232700200531712,OK,1,0,16.1193,0.292833,0,1574,0,-0.097491,0.065962,0.877515,-0.0009490,0.0445299,-0.0017677,0.9990060
1788232700233871104,OK,1,0,16.1011,0.313125,0,1600,0,-0.099027,0.066522,0.891095,-0.0015021,0.0423179,-0.0018374,0.9991014
1788232700267210240,OK,1,0,16.1056,0.316875,0,1604,0,-0.100302,0.066190,0.903499,-0.0019915,0.0399896,-0.0016907,0.9991967
1788232700300549376,OK,1,0,16.1963,0.294208,0,1610,0,-0.101884,0.067080,0.916367,-0.0019514,0.0374937,-0.0016742,0.9992936
1788232700333888512,OK,1,0,16.3253,0.302875,0,1618,0,-0.103789,0.066537,0.928501,-0.0015975,0.0349653,-0.0016399,0.9993860
1788232700367227648,OK,1,0,16.3747,0.3215,0,1628,0,-0.103855,0.066709,0.940413,-0.0013804,0.0324831,-0.0007717,0.9994710
1788232700400566528,OK,1,0,16.2512,0.333959,0,1638,0,-0.102014,0.067794,0.953288,-0.0010487,0.0298488,-0.0004794,0.9995538
1788232700433905408,OK,1,0,15.9575,0.314833,0,1636,0,-0.106472,0.067309,0.964655,-0.0007898,0.0279630,-0.0008124,0.9996083
1788232700467243776,OK,1,0,16.3968,0.307041,0,1638,0,-0.107221,0.067900,0.976524,-0.0005043,0.0256730,-0.0009784,0.9996698
1788232700500582400,OK,1,0,15.8271,0.300375,0,1655,0,-0.109664,0.068920,0.987867,-0.0006090,0.0233800,-0.0006179,0.9997263
1788232700533921536,OK,1,0,15.9945,0.311459,0,1640,0,-0.111642,0.068075,0.999600,-0.0006396,0.0209823,-0.0006904,0.9997794
1788232700567260416,OK,1,0,16.2267,0.296291,0,1642,0,-0.112319,0.067994,1.012231,-0.0005087,0.0187184,-0.0009808,0.9998242
1788232700600599296,OK,1,0,16.3293,0.288708,0,1666,0,-0.117159,0.071088,1.024610,-0.0002019,0.0166435,-0.0012456,0.9998607
1788232700633938432,OK,1,0,16.4628,0.324458,0,1635,0,-0.117330,0.069470,1.037724,-0.0006834,0.0137706,-0.0008730,0.9999046
1788232700667277312,OK,1,0,16.3609,0.32,0,1626,0,-0.119022,0.070529,1.049672,-0.0003580,0.0113215,-0.0010376,0.9999353
1788232700700616192,OK,1,0,16.2013,0.311875,0,1628,0,-0.119389,0.070075,1.061800,-0.0002433,0.0091131,-0.0009095,0.9999580
1788232700733955072,OK,1,0,15.982,0.30125,0,1627,0,-0.121149,0.070332,1.074876,-0.0003739,0.0068692,-0.0006161,0.9999762
1788232700767293952,OK,1,0,16.0931,0.321416,0,1618,0,-0.126085,0.070793,1.086693,-0.0003552,0.0045079,-0.0009390,0.9999893
1788232700800632832,OK,1,0,16.0508,0.295625,0,1650,0,-0.127212,0.072541,1.100528,-0.0005535,0.0018736,-0.0008388,0.9999977
1788232700833971456,OK,1,0,16.4867,0.387708,0,1660,0,-0.128758,0.073128,1.112783,-0.0010756,-0.0005270,-0.0004914,0.9999992
1788232700867310336,OK,1,0,16.1388,0.3145,0,1636,0,-0.131901,0.074962,1.127590,-0.0014735,-0.0028419,-0.0003531,0.9999948
1788232700900647936,OK,1,0,16.3871,0.32,0,1651,0,-0.134345,0.076116,1.139724,-0.0013165,-0.0053856,-0.0006892,0.9999844
1788232700933986816,OK,1,0,16.276,0.300584,0,1639,0,-0.137811,0.075534,1.151958,-0.0013516,-0.0078006,-0.0007645,0.9999684
1788232700967325440,OK,1,0,16.287,0.292042,0,1615,0,-0.137335,0.075883,1.164188,-0.0014579,-0.0102444,0.0000987,0.9999465
1788232701000664320,OK,1,0,16.323,0.285417,0,1629,0,-0.139208,0.076881,1.175785,-0.0011263,-0.0124370,0.0004021,0.9999220
1788232701034002944,OK,1,0,15.7659,0.3235,0,1586,0,-0.141711,0.077006,1.188182,-0.0007917,-0.0140729,0.0005567,0.9999005
1788232701067341568,OK,1,0,15.8975,0.319375,0,1595,0,-0.143846,0.078981,1.199795,-0.0006555,-0.0155730,0.0005806,0.9998783
1788232701100680192,OK,1,0,16.3395,0.298875,0,1587,0,-0.144789,0.077387,1.212487,-0.0011773,-0.0176425,0.0005018,0.9998436
1788232701134018816,OK,1,0,16.4078,0.320041,0,1590,0,-0.147243,0.078114,1.225148,-0.0010373,-0.0183675,0.0000874,0.9998308
1788232701167355392,OK,1,0,15.7894,0.321292,0,1575,0,-0.147023,0.079936,1.238154,-0.0009645,-0.0185906,0.0002870,0.9998267
1788232701200689152,OK,1,0,16.894,0.315041,0,1574,0,-0.149301,0.079312,1.250538,-0.0011751,-0.0190255,0.0001032,0.9998183
1788232701234022912,OK,1,0,15.9445,0.32375,0,1581,0,-0.150544,0.079406,1.262019,-0.0008192,-0.0201981,-0.0000015,0.9997957
1788232701267356672,OK,1,0,16.1349,0.294375,0,1568,0,-0.152133,0.080551,1.275061,-0.0007550,-0.0210736,0.0004940,0.9997775
1788232701300690432,OK,1,0,15.9589,0.29175,0,1559,0,-0.153040,0.080682,1.287946,-0.0007303,-0.0216822,0.0005233,0.9997645
1788232701334022912,OK,1,0,16.1219,0.315125,0,1538,0,-0.153825,0.082801,1.299656,-0.0000237,-0.0227098,0.0003167,0.9997420
1788232701367356416,OK,1,0,16.2186,0.306333,0,1557,0,-0.157054,0.081474,1.311524,0.0002027,-0.0232968,0.0000169,0.9997286
1788232701400689920,OK,1,0,16.3937,0.290833,0,1539,0,-0.157025,0.082446,1.325833,0.0001916,-0.0241243,-0.0001528,0.9997090
1788232701434023168,OK,1,0,16.0506,0.411,0,1525,0,-0.160942,0.082036,1.336415,0.0001049,-0.0248693,-0.0003879,0.9996907
1788232701467356672,OK,1,0,16.1051,0.289834,0,1510,0,-0.163079,0.084750,1.349258,0.0005096,-0.0256544,-0.0001478,0.9996707
1788232701500689920,OK,1,0,16.1095,0.305792,0,1518,0,-0.162623,0.086133,1.362245,0.0004812,-0.0265322,0.0002844,0.9996479
1788232701534022912,OK,1,0,16.3152,0.289583,0,1512,0,-0.162668,0.085922,1.374774,0.0003106,-0.0274614,0.0006000,0.9996226
1788232701567356160,OK,1,0,16.8396,0.321708,0,1541,0,-0.165051,0.085857,1.386040,0.0006965,-0.0279400,0.0003967,0.9996093
1788232701600689152,OK,1,0,16.1876,0.289834,0,1528,0,-0.166513,0.086897,1.397381,0.0005830,-0.0286150,0.0002190,0.9995903
1788232701634022144,OK,1,0,16.1054,0.307042,0,1526,0,-0.168970,0.086595,1.411083,0.0004032,-0.0294224,0.0001927,0.9995670
1788232701667354880,OK,1,0,16.1807,0.302834,0,1507,0,-0.168819,0.085920,1.422364,0.0006133,-0.0302073,0.0003016,0.9995434
1788232701700687872,OK,1,0,16.5105,0.3075,0,1514,0,-0.170177,0.089170,1.434876,0.0007641,-0.0310225,0.0003408,0.9995183
1788232701734020864,OK,1,0,15.97,0.288125,0,1476,0,-0.172873,0.088244,1.447961,0.0008128,-0.0315843,0.0001717,0.9995008
1788232701767353600,OK,1,0,16.0255,0.312625,0,1507,0,-0.175529,0.088920,1.460758,0.0012312,-0.0323023,-0.0001769,0.9994774
1788232701800685056,OK,1,0,15.8848,0.322542,0,1473,0,-0.178378,0.090445,1.473281,0.0011518,-0.0330262,-0.0003115,0.9994538
1788232701834017536,OK,1,0,16.1564,0.301042,0,1500,0,-0.179420,0.089974,1.485248,0.0013960,-0.0338979,-0.0004923,0.9994242
1788232701867350016,OK,1,0,16.1747,0.305625,0,1491,0,-0.178645,0.089506,1.498613,0.0015797,-0.0350964,-0.0001218,0.9993827
1788232701900682496,OK,1,0,16.0262,0.289209,0,1499,0,-0.178983,0.090951,1.510737,0.0014723,-0.0358694,-0.0000227,0.9993554
1788232701934014976,OK,1,0,16.4065,0.314292,0,1505,0,-0.182348,0.090954,1.522116,0.0017864,-0.0365078,-0.0004636,0.9993317
1788232701967347456,OK,1,0,16.0723,0.305667,0,1492,0,-0.184185,0.093051,1.534863,0.0019540,-0.0373647,-0.0005507,0.9992996
1788232702000679424,OK,1,0,16.0085,0.2965,0,1469,0,-0.185229,0.092134,1.548934,0.0014094,-0.0380675,-0.0005061,0.9992741
1788232702034011648,OK,1,0,16.0252,0.301583,0,1520,0,-0.187892,0.091662,1.560474,0.0012457,-0.0388750,-0.0004599,0.9992432
1788232702067343872,OK,1,0,16.5417,0.307375,0,1496,0,-0.188389,0.093052,1.573874,0.0012308,-0.0398494,-0.0004386,0.9992048
1788232702100675840,OK,1,0,16.0559,0.308334,0,1459,0,-0.193168,0.096375,1.586594,0.0012604,-0.0402305,-0.0005772,0.9991895
1788232702134007808,OK,1,0,16.3192,0.3325,0,1456,0,-0.196154,0.095970,1.599146,0.0013401,-0.0410344,-0.0008254,0.9991565
1788232702167343872,OK,1,0,15.9559,0.290541,0,1485,0,-0.195588,0.094649,1.612006,0.0012703,-0.0420977,-0.0005484,0.9991125
1788232702200684800,OK,1,0,16.276,0.321,0,1450,0,-0.196339,0.095426,1.624053,0.0013763,-0.0430580,-0.0002443,0.9990716
1788232702234024960,OK,1,0,16.4684,0.306875,0,1472,0,-0.199112,0.096037,1.636053,0.0015116,-0.0438115,-0.0002150,0.9990386
1788232702267365888,OK,1,0,15.8993,0.319959,0,1449,0,-0.200255,0.096771,1.648608,0.0018297,-0.0445780,-0.0000907,0.9990042
1788232702300707072,OK,1,0,15.8541,0.307208,0,1443,0,-0.202362,0.097871,1.660599,0.0017932,-0.0455480,-0.0001392,0.9989606
1788232702334048000,OK,1,0,15.9354,0.303459,0,1440,0,-0.204998,0.095960,1.672900,0.0016836,-0.0464555,-0.0003174,0.9989189
1788232702367389184,OK,1,0,15.7358,0.32075,0,1421,0,-0.205977,0.096356,1.684151,0.0020973,-0.0471860,-0.0002951,0.9988839
1788232702400729856,OK,1,0,15.8585,0.305541,0,1459,0,-0.207224,0.098455,1.697965,0.0019108,-0.0479513,-0.0002790,0.9988478
1788232702434071040,OK,1,0,15.828,0.302208,0,1452,0,-0.212507,0.099674,1.709741,0.0017540,-0.0484496,-0.0004143,0.9988241
1788232702467412224,OK,1,0,15.8039,0.323166,0,1439,0,-0.210732,0.101360,1.722890,0.0017952,-0.0496528,-0.0002404,0.9987649
1788232702500752896,OK,1,0,16.0373,0.305041,0,1430,0,-0.214812,0.101307,1.737239,0.0011100,-0.0503254,-0.0000208,0.9987323
1788232702534093824,OK,1,0,15.7337,0.322292,0,1407,0,-0.216936,0.104818,1.751087,0.0013264,-0.0510324,-0.0002245,0.9986961
1788232702567434752,OK,1,0,15.8901,0.31275,0,1379,0,-0.218710,0.103797,1.761630,0.0013156,-0.0517106,-0.0000295,0.9986613
1788232702600775680,OK,1,0,16.0582,0.307708,0,1405,0,-0.221153,0.104843,1.773703,0.0012376,-0.0521139,-0.0000210,0.9986404
1788232702634116352,OK,1,0,15.9397,0.362584,0,1430,0,-0.225052,0.106577,1.785116,0.0016803,-0.0528471,-0.0001908,0.9986012
1788232702667456256,OK,1,0,15.663,0.32625,0,1413,0,-0.224865,0.104718,1.798872,0.0017041,-0.0542047,0.0001219,0.9985284
1788232702700797184,OK,1,0,16.2567,0.314209,0,1767,0,-0.226974,0.104126,1.809309,0.0019514,-0.0551809,0.0001016,0.9984745
1788232702734137600,OK,1,0,16.9945,0.311916,0,1629,0,-0.231502,0.105071,1.821421,0.0028213,-0.0557978,0.0004226,0.9984380
1788232702767478528,OK,1,0,16.5615,0.306333,0,1597,0,-0.232029,0.105689,1.833027,0.0033171,-0.0562157,0.0008630,0.9984128
1788232702800819456,OK,1,0,16.708,0.316292,0,1591,0,-0.233575,0.106112,1.843616,0.0033836,-0.0566066,0.0013370,0.9983900
1788232702834159872,OK,1,0,16.8503,0.32725,0,1590,0,-0.236114,0.105568,1.856212,0.0036165,-0.0576590,0.0013287,0.9983289
1788232702867500800,OK,1,0,16.7102,0.352917,0,1566,0,-0.237991,0.106296,1.868074,0.0033658,-0.0586548,0.0013614,0.9982718
1788232702900841216,OK,1,0,17.1796,0.348416,0,1543,0,-0.240354,0.107806,1.883012,0.0030307,-0.0594618,0.0013114,0.9982252
1788232702934181888,OK,1,0,17.0269,0.37225,0,1516,0,-0.245367,0.108948,1.896199,0.0028639,-0.0601502,0.0009945,0.9981847
1788232702967522816,OK,1,0,17.5338,0.348125,0,1525,0,-0.246204,0.108178,1.907863,0.0028722,-0.0607041,0.0009411,0.9981512
1788232703000863232,OK,1,0,17.647,0.357291,0,1501,0,-0.249055,0.111295,1.920663,0.0030613,-0.0611860,0.0011088,0.9981211
1788232703034203904,OK,1,0,17.4607,0.380375,0,1510,0,-0.249885,0.111462,1.934178,0.0027734,-0.0623465,0.0012818,0.9980499
1788232703067544320,OK,1,0,18.131,0.352708,0,1497,0,-0.251663,0.110312,1.946718,0.0025570,-0.0630486,0.0017569,0.9980056
1788232703100884992,OK,1,0,19.2538,0.353125,0,1474,0,-0.252369,0.111374,1.959454,0.0023759,-0.0638798,0.0019214,0.9979529
1788232703134224384,OK,1,0,19.9115,0.358375,0,1463,0,-0.255802,0.111492,1.972467,0.0021431,-0.0646070,0.0016914,0.9979071
1788232703167565312,OK,1,0,17.3669,0.335833,0,1463,0,-0.260657,0.114846,1.983564,0.0023940,-0.0649866,0.0014789,0.9978822
1788232703200906496,OK,1,0,17.0333,0.350584,0,1464,0,-0.260843,0.114174,1.998386,0.0016033,-0.0660517,0.0015335,0.9978138
1788232703234247680,OK,1,0,17.4265,0.361708,0,1431,0,-0.263772,0.118260,2.012155,0.0013382,-0.0666784,0.0014450,0.9977726
1788232703267589120,OK,1,0,19.7074,0.406125,0,1471,0,-0.268865,0.117404,2.025684,0.0009331,-0.0672319,0.0014984,0.9977359
1788232703300930304,OK,1,0,18.9763,0.349292,0,1436,0,-0.270511,0.118439,2.038776,0.0005465,-0.0681060,0.0016488,0.9976766
1788232703334271744,OK,1,0,17.8183,0.347125,0,1445,0,-0.275247,0.116314,2.048734,0.0005515,-0.0687642,0.0014495,0.9976318
1788232703367612928,OK,1,0,17.9442,0.344292,0,1463,0,-0.275619,0.116442,2.060850,0.0010900,-0.0696575,0.0015952,0.9975691
1788232703400954368,OK,1,0,17.0944,0.391667,0,1731,0,-0.276719,0.115549,2.071801,0.0013263,-0.0700971,0.0021054,0.9975371
1788232703434295552,OK,1,0,18.1535,0.353959,0,1948,0,-0.280055,0.116836,2.082930,0.0020499,-0.0707046,0.0021741,0.9974928
1788232703467636992,OK,1,0,18.7804,0.356583,0,1741,0,-0.281796,0.116086,2.094112,0.0020609,-0.0714931,0.0022103,0.9974365
1788232703500978176,OK,1,0,18.1857,0.355084,0,1688,0,-0.286971,0.117847,2.107443,0.0021305,-0.0720281,0.0017106,0.9973989
1788232703534319872,OK,1,0,18.9251,0.354875,0,1670,0,-0.289966,0.118821,2.120210,0.0021601,-0.0731982,0.0012303,0.9973143
1788232703567660032,OK,1,0,18.3309,0.353875,0,1668,0,-0.292927,0.119318,2.134206,0.0018551,-0.0738459,0.0012845,0.9972671
1788232703601001472,OK,1,0,19.74,0.334917,0,1588,0,-0.296580,0.121051,2.146514,0.0017010,-0.0736114,0.0015229,0.9972844
1788232703634342912,OK,1,0,18.1174,0.347833,0,1584,0,-0.297095,0.122208,2.159136,0.0015801,-0.0737810,0.0018354,0.9972715
1788232703667684352,OK,1,0,19.6054,0.328792,0,1559,0,-0.295384,0.120201,2.171214,0.0012804,-0.0744486,0.0020911,0.9972219
1788232703701025792,OK,1,0,19.6367,0.342625,0,1511,0,-0.299784,0.123059,2.184466,0.0014290,-0.0745259,0.0021542,0.9972157
1788232703734367232,OK,1,0,19.6195,0.340125,0,1688,0,-0.301149,0.122105,2.198951,0.0011135,-0.0747203,0.0021530,0.9972016
1788232703767708672,OK,1,0,18.1608,0.331791,0,1613,0,-0.303081,0.122728,2.212471,0.0014150,-0.0744212,0.0023088,0.9972233
1788232703801050112,OK,1,0,18.8225,0.360833,0,1583,0,-0.305272,0.124356,2.222096,0.0014823,-0.0740388,0.0023146,0.9972516
1788232703834391552,OK,1,0,18.036,0.362917,0,1580,0,-0.309271,0.124413,2.235921,0.0014333,-0.0741531,0.0020044,0.9972438
1788232703867733248,OK,1,0,17.3449,0.324125,0,1672,0,-0.311801,0.126266,2.247510,0.0015841,-0.0744457,0.0020624,0.9972217
1788232703901074688,OK,1,0,17.4167,0.359875,0,1595,0,-0.314282,0.128559,2.261559,0.0012984,-0.0746266,0.0019583,0.9972088
1788232703934416384,OK,1,0,18.2583,0.350583,0,1733,0,-0.316698,0.129024,2.275245,0.0007497,-0.0747071,0.0020458,0.9972032
1788232703967757568,OK,1,0,17.6932,0.358375,0,1639,0,-0.319402,0.129989,2.288244,0.0007858,-0.0746066,0.0020602,0.9972106
1788232704001098240,OK,1,0,18.2347,0.368375,0,1624,0,-0.319042,0.129449,2.300738,0.0005253,-0.0745310,0.0021029,0.9972163
1788232704034439680,OK,1,0,19.0323,0.375542,0,1788,0,-0.323116,0.130054,2.312922,0.0006984,-0.0742418,0.0020594,0.9972379
1788232704067781376,OK,1,0,19.6461,0.3525,0,1696,0,-0.326238,0.131837,2.325697,0.0008549,-0.0746549,0.0021143,0.9972069
1788232704101122816,OK,1,0,18.119,0.345209,0,1684,0,-0.328282,0.131715,2.338705,0.0005333,-0.0749760,0.0018792,0.9971834
1788232704134464512,OK,1,0,17.0093,0.34225,0,1748,0,-0.330619,0.132238,2.350754,0.0006490,-0.0749839,0.0021881,0.9971822
1788232704167805952,OK,1,0,17.3125,0.3555,0,1652,0,-0.331294,0.134298,2.363017,0.0009488,-0.0749648,0.0027618,0.9971820
1788232704201146624,OK,1,0,19.1957,0.358125,0,1663,0,-0.334232,0.133758,2.375331,0.0009751,-0.0749002,0.0026763,0.9971870
1788232704234487808,OK,1,0,18.1096,0.344917,0,1672,0,-0.335598,0.134735,2.387900,0.0011978,-0.0751194,0.0028115,0.9971699
1788232704267828736,OK,1,0,16.8407,0.337875,0,1617,0,-0.339298,0.136692,2.400424,0.0011827,-0.0751143,0.0023966,0.9971713
1788232704301169408,OK,1,0,18.9036,0.342167,0,1925,0,-0.339708,0.136213,2.413383,0.0005365,-0.0754290,0.0023692,0.9971482
1788232704334510336,OK,1,0,19.2845,0.346708,0,1725,0,-0.341861,0.136897,2.427498,0.0004555,-0.0753245,0.0026587,0.9971554
1788232704367851008,OK,1,0,17.8606,0.314792,0,1656,0,-0.341983,0.136167,2.438946,0.0003665,-0.0752109,0.0028350,0.9971636
1788232704401191936,OK,1,0,18.14,0.336208,0,1785,0,-0.342192,0.136754,2.452277,0.0005063,-0.0754279,0.0029551,0.9971467
1788232704434532608,OK,1,0,17.661,0.364166,0,1713,0,-0.345679,0.138977,2.464350,0.0004866,-0.0753717,0.0028526,0.9971514
1788232704467872512,OK,1,0,17.8094,0.337542,0,1663,0,-0.346278,0.138340,2.478218,-0.0003608,-0.0757674,0.0028130,0.9971215
1788232704501213440,OK,1,0,17.0745,0.321791,0,1629,0,-0.350943,0.141892,2.493719,-0.0002198,-0.0755851,0.0024558,0.9971363
1788232704534553856,OK,1,0,17.9023,0.346083,0,1674,0,-0.350947,0.142781,2.507756,-0.0003774,-0.0755158,0.0022225,0.9971421
1788232704567894784,OK,1,0,17.4983,0.386583,0,1633,0,-0.351894,0.142032,2.520110,-0.0010746,-0.0756542,0.0023442,0.9971308
1788232704601235456,OK,1,0,17.6909,0.382583,0,1599,0,-0.355822,0.145048,2.533331,-0.0008781,-0.0757409,0.0023935,0.9971243
1788232704634576128,OK,1,0,18.6875,0.348,0,1588,0,-0.356197,0.145101,2.544423,-0.0008828,-0.0759025,0.0026188,0.9971114
1788232704667916800,OK,1,0,16.4581,0.3345,0,1585,0,-0.359808,0.145616,2.558414,-0.0007477,-0.0758127,0.0027733,0.9971180
1788232704701257216,OK,1,0,17.1888,0.343625,0,1573,0,-0.360044,0.142902,2.571120,-0.0007556,-0.0758538,0.0032315,0.9971134
1788232704734597888,OK,1,0,17.4812,0.392709,0,1588,0,-0.358393,0.146509,2.582967,-0.0001819,-0.0757666,0.0032515,0.9971203
1788232704767938560,OK,1,0,17.8748,0.307834,0,1598,0,-0.360276,0.144372,2.597166,-0.0001395,-0.0759729,0.0033502,0.9971042
1788232704801278976,OK,1,0,17.1559,0.345917,0,1564,0,-0.361073,0.148364,2.611570,0.0004934,-0.0765988,0.0033075,0.9970564
1788232704834619648,OK,1,0,19.0897,0.359625,0,1555,0,-0.365241,0.147379,2.621889,0.0001138,-0.0765531,0.0028193,0.9970615
1788232704867960320,OK,1,0,17.3097,0.354917,0,1521,0,-0.371040,0.150567,2.635218,0.0002835,-0.0761445,0.0028919,0.9970925
1788232704901299712,OK,1,0,18.2888,0.358917,0,1543,0,-0.364888,0.150911,2.652772,0.0000090,-0.0765588,0.0031056,0.9970602
1788232704934640128,OK,1,0,19.3846,0.342042,0,1563,0,-0.368475,0.151103,2.664073,-0.0007118,-0.0764824,0.0033078,0.9970652
1788232704967980800,OK,1,0,16.8311,0.367708,0,1561,0,-0.371872,0.153830,2.676601,-0.0010303,-0.0766006,0.0035019,0.9970552
1788232705001320960,OK,1,0,19.2308,0.344334,0,1545,0,-0.372767,0.158878,2.696613,-0.0010432,-0.0769730,0.0037291,0.9970257
1788232705034661632,OK,1,0,17.4923,0.345666,0,1605,0,-0.372293,0.155791,2.706806,-0.0020117,-0.0770463,0.0037919,0.9970183
1788232705068002048,OK,1,0,21.1868,0.326916,0,1535,0,-0.371757,0.155237,2.722582,-0.0020513,-0.0769382,0.0039427,0.9970260
1788232705101342208,OK,1,0,17.8011,0.353042,0,1644,0,-0.378108,0.149929,2.732305,-0.0026609,-0.0766871,0.0041001,0.9970433
1788232705134682624,OK,1,0,17.6777,0.359375,0,1629,0,-0.378218,0.151544,2.744242,-0.0024416,-0.0770756,0.0038265,0.9970149
1788232705168023808,OK,1,0,18.8965,0.35875,0,1900,0,-0.384328,0.150780,2.753680,-0.0023834,-0.0768304,0.0038434,0.9970340
1788232705201365248,OK,1,0,21.2496,0.321709,0,1912,0,-0.386679,0.151040,2.765773,-0.0024936,-0.0769674,0.0040642,0.9970222
1788232705234706944,OK,1,0,17.588,0.335291,0,1818,0,-0.388585,0.153138,2.777661,-0.0019639,-0.0768071,0.0042528,0.9970350
1788232705268048896,OK,1,0,17.9218,0.348417,0,1755,0,-0.385497,0.152433,2.791523,-0.0016776,-0.0769030,0.0048175,0.9970255
1788232705301390336,OK,1,0,18.7098,0.355041,0,1914,0,-0.389345,0.152366,2.803647,-0.0016147,-0.0766299,0.0050327,0.9970456
1788232705334731264,OK,1,0,18.3382,0.33825,0,1699,0,-0.390378,0.152578,2.814990,-0.0013327,-0.0767391,0.0052734,0.9970364
1788232705368072960,OK,1,0,17.4734,0.315708,0,1772,0,-0.390311,0.153052,2.829282,-0.0012789,-0.0772851,0.0050193,0.9969956
1788232705401414912,OK,1,0,17.4556,0.3505,0,1700,0,-0.393148,0.154361,2.842688,-0.0011427,-0.0773403,0.0051713,0.9969907
1788232705434756352,OK,1,0,17.8648,0.342,0,1672,0,-0.397371,0.160944,2.856139,0.0000079,-0.0767424,0.0050808,0.9970380
1788232705468098048,OK,1,0,17.624,0.332542,0,1650,0,-0.399158,0.161367,2.868453,-0.0003051,-0.0765062,0.0048190,0.9970574
1788232705501440000,OK,1,0,17.7855,0.36325,0,1641,0,-0.401848,0.160950,2.878893,-0.0010499,-0.0766523,0.0048268,0.9970457
1788232705534781696,OK,1,0,17.2157,0.347292,0,1601,0,-0.405413,0.159230,2.892211,-0.0016551,-0.0769307,0.0044476,0.9970252
1788232705568123648,OK,1,0,20.5599,0.34225,0,1579,0,-0.403441,0.159400,2.909518,-0.0022652,-0.0775230,0.0044195,0.9969782
1788232705601465344,OK,1,0,17.0668,0.304667,0,1594,0,-0.408258,0.162488,2.923984,-0.0022995,-0.0771194,0.0047175,0.9970081
1788232705634807040,OK,1,0,18.1888,0.3545,0,1667,0,-0.409056,0.166048,2.936623,-0.0018750,-0.0768736,0.0048136,0.9970275
1788232705668148992,OK,1,0,17.419,0.351958,0,1633,0,-0.409869,0.165907,2.949311,-0.0021034,-0.0769334,0.0051210,0.9970209
1788232705701490688,OK,1,0,18.7429,0.349209,0,1692,0,-0.410776,0.165829,2.962598,-0.0020397,-0.0771898,0.0050499,0.9970015
1788232705734832640,OK,1,0,18.1113,0.352125,0,1657,0,-0.411457,0.163904,2.975628,-0.0026404,-0.0773119,0.0051680,0.9969901
1788232705768174336,OK,1,0,17.5471,0.349666,0,1809,0,-0.413774,0.163101,2.987268,-0.0032292,-0.0772408,0.0047832,0.9969958
1788232705801515264,OK,1,0,17.3925,0.325417,0,1724,0,-0.417079,0.167010,3.002225,-0.0028347,-0.0769377,0.0043894,0.9970222
1788232705834856960,OK,1,0,17.7853,0.345,0,1669,0,-0.419295,0.172404,3.017304,-0.0027357,-0.0770179,0.0042127,0.9970171
1788232705868198656,OK,1,0,19.1215,0.354208,0,1653,0,-0.421378,0.169654,3.029296,-0.0034325,-0.0771022,0.0041399,0.9970087
1788232705901540608,OK,1,0,18.1546,0.356458,0,1642,0,-0.422825,0.166620,3.039887,-0.0034839,-0.0772730,0.0039902,0.9969959
1788232705934882560,OK,1,0,17.1302,0.384583,0,1636,0,-0.427134,0.168995,3.053167,-0.0029373,-0.0773314,0.0041645,0.9969924
1788232705968224256,OK,1,0,16.9884,0.374167,0,1625,0,-0.426378,0.171297,3.066719,-0.0021188,-0.0775138,0.0042545,0.9969800
1788232706001566208,OK,1,0,20.9647,0.346292,0,1624,0,-0.427347,0.170071,3.078603,-0.0016599,-0.0772315,0.0042340,0.9970028
1788232706034908160,OK,1,0,17.3268,0.360958,0,1586,0,-0.430499,0.167183,3.088954,-0.0015543,-0.0769590,0.0041654,0.9970244
1788232706068250112,OK,1,0,20.8042,0.316,0,1560,0,-0.432029,0.172147,3.099994,-0.0004365,-0.0769484,0.0038384,0.9970276
1788232706101591808,OK,1,0,17.2601,0.328792,0,1551,0,-0.434274,0.168219,3.109274,-0.0008917,-0.0770575,0.0038003,0.9970190
1788232706134933760,OK,1,0,18.0073,0.334125,0,1550,0,-0.436846,0.166478,3.125396,-0.0006191,-0.0772540,0.0033867,0.9970055
1788232706168275200,OK,1,0,17.4073,0.346625,0,1603,0,-0.441409,0.170203,3.134830,0.0002708,-0.0768073,0.0029962,0.9970414
1788232706201615616,OK,1,0,19.7484,0.324583,0,1600,0,-0.442591,0.170853,3.149763,-0.0000326,-0.0770806,0.0027430,0.9970211
1788232706234955520,OK,1,0,17.1606,0.332125,0,1556,0,-0.443133,0.174324,3.164384,0.0000272,-0.0774488,0.0026600,0.9969928
1788232706268296192,OK,1,0,19.1002,0.358,0,1579,0,-0.445943,0.169842,3.173858,-0.0004438,-0.0773149,0.0024274,0.9970037
1788232706301636608,OK,1,0,17.5635,0.386083,0,1613,0,-0.448839,0.176160,3.187121,-0.0000290,-0.0771427,0.0021048,0.9970179
1788232706334977280,OK,1,0,21.8159,0.358375,0,1602,0,-0.451195,0.177791,3.202844,0.0003278,-0.0771211,0.0018379,0.9970200
1788232706368317696,OK,1,0,17.7579,0.356125,0,1566,0,-0.452875,0.176759,3.212080,0.0003892,-0.0771189,0.0018207,0.9970202
1788232706401658112,OK,1,0,18.9668,0.383417,0,1552,0,-0.456329,0.174115,3.224318,0.0004380,-0.0771888,0.0015486,0.9970152
1788232706434998784,OK,1,0,17.5381,0.360083,0,1580,0,-0.457089,0.172249,3.236925,0.0006416,-0.0774509,0.0015291,0.9969948
1788232706468339200,OK,1,0,16.8502,0.346917,0,1620,0,-0.455607,0.176696,3.258706,0.0010715,-0.0781940,0.0017271,0.9969361
1788232706501679360,OK,1,0,17.1675,0.338458,0,1596,0,-0.456482,0.178237,3.271310,0.0012506,-0.0782559,0.0018575,0.9969308
1788232706535020032,OK,1,0,19.0246,0.314166,0,1569,0,-0.457328,0.177129,3.283258,0.0015960,-0.0783034,0.0019900,0.9969263
1788232706568360448,OK,1,0,17.5969,0.34325,0,1585,0,-0.461994,0.180528,3.295922,0.0022458,-0.0780974,0.0018926,0.9969414
1788232706601700608,OK,1,0,16.995,0.334583,0,1570,0,-0.462476,0.180406,3.309599,0.0024674,-0.0783945,0.0020670,0.9969172
1788232706635041024,OK,1,0,16.6421,0.375833,0,1567,0,-0.463638,0.180627,3.321214,0.0025830,-0.0784346,0.0025535,0.9969127
1788232706668380416,OK,1,0,17.2781,0.3555,0,1558,0,-0.466171,0.178793,3.332235,0.0021954,-0.0781231,0.0026163,0.9969379
1788232706701720576,OK,1,0,16.6848,0.344625,0,1583,0,-0.466970,0.184770,3.345955,0.0029615,-0.0780110,0.0024748,0.9969450
1788232706735060736,OK,1,0,16.5361,0.348375,0,1596,0,-0.471236,0.182282,3.357914,0.0029414,-0.0778012,0.0024167,0.9969617
1788232706768401152,OK,1,0,16.9721,0.380125,0,1604,0,-0.470455,0.181035,3.369772,0.0028902,-0.0781432,0.0026051,0.9969345
1788232706801741312,OK,1,0,18.4334,0.381375,0,1560,0,-0.472871,0.181197,3.381724,0.0030359,-0.0780077,0.0028085,0.9969442
1788232706835081472,OK,1,0,16.159,0.339416,0,1532,0,-0.471638,0.182280,3.397230,0.0031551,-0.0785644,0.0028775,0.9968999
1788232706868421632,OK,1,0,17.2719,0.307167,0,1563,0,-0.475370,0.183333,3.409059,0.0032866,-0.0782883,0.0026866,0.9969218
1788232706901761792,OK,1,0,16.7356,0.300958,0,1571,0,-0.479038,0.181408,3.418666,0.0032967,-0.0778818,0.0024138,0.9969542
1788232706935101696,OK,1,0,16.089,0.301959,0,1522,0,-0.482146,0.188210,3.432781,0.0042623,-0.0778961,0.0022109,0.9969499
1788232706968441856,OK,1,0,15.7898,0.306,0,1540,0,-0.486453,0.183884,3.443556,0.0035900,-0.0778673,0.0021861,0.9969549
1788232707001782016,OK,1,0,15.8988,0.29075,0,1507,0,-0.486690,0.185143,3.456063,0.0037759,-0.0780092,0.0021673,0.9969431
1788232707035122176,OK,1,0,15.9864,0.313708,0,1527,0,-0.484881,0.183002,3.470980,0.0031644,-0.0784008,0.0022049,0.9969144
1788232707068461824,OK,1,0,16.1258,0.303791,0,1493,0,-0.491621,0.186828,3.482414,0.0033686,-0.0778208,0.0019991,0.9969597
1788232707101801984,OK,1,0,16.2761,0.394292,0,1475,0,-0.492810,0.186188,3.495090,0.0033641,-0.0779452,0.0016432,0.9969506
1788232707135140864,OK,1,0,15.6635,0.287791,0,1455,0,-0.495998,0.182218,3.509092,0.0027442,-0.0781805,0.0013045,0.9969346
1788232707168478720,OK,1,0,16.0467,0.311875,0,1480,0,-0.497684,0.183856,3.522079,0.0029598,-0.0783736,0.0012543,0.9969189
1788232707201813760,OK,1,0,15.6994,0.310708,0,1461,0,-0.499443,0.188293,3.535060,0.0036770,-0.0783805,0.0011716,0.9969161
1788232707235148800,OK,1,0,15.7174,0.301167,0,1458,0,-0.498256,0.187765,3.549264,0.0034895,-0.0788865,0.0016408,0.9968762
1788232707268483328,OK,1,0,15.9674,0.31425,0,1467,0,-0.502187,0.185163,3.558593,0.0040444,-0.0785125,0.0015770,0.9969037
1788232707301818112,OK,1,0,15.9481,0.298958,0,1465,0,-0.501669,0.185573,3.568913,0.0045988,-0.0784447,0.0018114,0.9969062
1788232707335152640,OK,1,0,16.2974,0.313041,0,1436,0,-0.505498,0.186527,3.579652,0.0051510,-0.0782891,0.0019314,0.9969155
1788232707368487424,OK,1,0,16.033,0.315417,0,1434,0,-0.505009,0.186553,3.591818,0.0057241,-0.0785274,0.0018307,0.9968939
1788232707401821696,OK,1,0,15.7116,0.2955,0,1442,0,-0.507901,0.187491,3.605914,0.0055662,-0.0785665,0.0017626,0.9968918
1788232707435156224,OK,1,0,15.9726,0.318208,0,1686,0,-0.511249,0.189062,3.617517,0.0053157,-0.0785187,0.0017187,0.9968970
1788232707468490752,OK,1,0,16.701,0.301292,0,1561,0,-0.513456,0.190845,3.632239,0.0055915,-0.0784337,0.0013737,0.9969027
1788232707501825024,OK,1,0,15.8515,0.3215,0,1541,0,-0.517154,0.191711,3.642992,0.0052023,-0.0781604,0.0009803,0.9969268
1788232707535159296,OK,1,0,15.532,0.326917,0,1537,0,-0.516926,0.191343,3.658707,0.0048855,-0.0786700,0.0012272,0.9968880
1788232707568492544,OK,1,0,16.3705,0.359792,0,1503,0,-0.521621,0.189475,3.670069,0.0045524,-0.0783394,0.0013755,0.9969154
1788232707601826560,OK,1,0,16.3425,0.343084,0,1484,0,-0.523998,0.193656,3.684602,0.0045647,-0.0783793,0.0013074,0.9969123
1788232707635160576,OK,1,0,16.9091,0.340125,0,1485,0,-0.526392,0.193509,3.696261,0.0045379,-0.0782674,0.0010014,0.9969216
1788232707668494592,OK,1,0,17.6357,0.296625,0,1491,0,-0.528374,0.194020,3.709601,0.0047979,-0.0782295,0.0009235,0.9969234
1788232707701828608,OK,1,0,17.1358,0.328667,0,1475,0,-0.527273,0.193506,3.725709,0.0042931,-0.0788632,0.0008895,0.9968758
1788232707735162624,OK,1,0,19.1385,0.341667,0,1460,0,-0.534580,0.197428,3.736144,0.0048838,-0.0784998,0.0005123,0.9969020
1788232707768496384,OK,1,0,17.5457,0.362583,0,1487,0,-0.534626,0.197765,3.751553,0.0047728,-0.0791851,0.0005562,0.9968483
1788232707801830144,OK,1,0,17.8485,0.344208,0,1452,0,-0.534838,0.194607,3.761679,0.0042067,-0.0792846,0.0005052,0.9968430
1788232707835163904,OK,1,0,19.1003,0.3515,0,1431,0,-0.537974,0.198096,3.776947,0.0049071,-0.0790194,0.0007025,0.9968608
1788232707868497408,OK,1,0,17.7596,0.351542,0,1439,0,-0.540122,0.201225,3.786500,0.0051799,-0.0786340,0.0010249,0.9968896
1788232707901830912,OK,1,0,16.8164,0.346167,0,1451,0,-0.540134,0.197298,3.799078,0.0046663,-0.0789462,0.0012645,0.9968672
1788232707935164416,OK,1,0,17.0489,0.355209,0,1485,0,-0.543368,0.202928,3.816685,0.0057477,-0.0790839,0.0011320,0.9968508
1788232707968497920,OK,1,0,18.9309,0.367166,0,1483,0,-0.541810,0.200188,3.827776,0.0051189,-0.0794265,0.0009598,0.9968271
1788232708001830144,OK,1,0,19.7975,0.356667,0,1451,0,-0.542327,0.194996,3.841103,0.0045009,-0.0797278,0.0010360,0.9968060
1788232708035163648,OK,1,0,18.06,0.32675,0,1423,0,-0.548187,0.199523,3.852505,0.0053686,-0.0788886,0.0008702,0.9968686
1788232708068496896,OK,1,0,17.2154,0.357875,0,1440,0,-0.551950,0.202917,3.865586,0.0053776,-0.0786540,0.0005538,0.9968873
1788232708101829888,OK,1,0,16.4995,0.355417,0,1407,0,-0.553571,0.198865,3.877513,0.0045450,-0.0791600,0.0003864,0.9968515
1788232708135163136,OK,1,0,17.5419,0.36075,0,1433,0,-0.557760,0.207190,3.892538,0.0052105,-0.0792587,0.0005451,0.9968404
1788232708168497664,OK,1,0,17.2431,0.341833,0,1438,0,-0.559958,0.205715,3.905020,0.0047732,-0.0792068,0.0002647,0.9968468
1788232708201834240,OK,1,0,19.319,0.321584,0,1432,0,-0.558699,0.206683,3.921183,0.0048458,-0.0794079,0.0007586,0.9968302
1788232708235170560,OK,1,0,16.471,0.333667,0,1452,0,-0.560176,0.203551,3.931810,0.0043107,-0.0792749,0.0007142,0.9968432
1788232708268507136,OK,1,0,16.3821,0.346583,0,1440,0,-0.560785,0.206340,3.944581,0.0045670,-0.0796389,0.0007815,0.9968131
1788232708301843456,OK,1,0,16.5345,0.344209,0,1429,0,-0.566191,0.205661,3.959167,0.0045158,-0.0795133,0.0005498,0.9968234
1788232708335180032,OK,1,0,16.3605,0.354375,0,1428,0,-0.568286,0.209882,3.972749,0.0043703,-0.0792977,0.0003797,0.9968414
1788232708368516096,OK,1,0,16.0812,0.325417,0,1449,0,-0.568913,0.208625,3.985025,0.0035895,-0.0793020,0.0002807,0.9968442
1788232708401852416,OK,1,0,16.5291,0.321791,0,1446,0,-0.572484,0.209199,3.999147,0.0032501,-0.0791665,0.0003761,0.9968560
1788232708435188736,OK,1,0,15.8708,0.308417,0,1424,0,-0.573836,0.210781,4.013847,0.0025283,-0.0793600,0.0002955,0.9968428
1788232708468523776,OK,1,0,15.9485,0.29975,0,1405,0,-0.574821,0.211413,4.028565,0.0021426,-0.0794897,0.0005247,0.9968333
1788232708501859840,OK,1,0,15.5459,0.378,0,1411,0,-0.575432,0.211975,4.043303,0.0020832,-0.0798623,0.0005275,0.9968036
1788232708535195904,OK,1,0,15.6814,0.310417,0,1413,0,-0.580667,0.215662,4.054874,0.0024568,-0.0796381,0.0003654,0.9968207
1788232708568531712,OK,1,0,15.9648,0.302833,0,1421,0,-0.581114,0.215277,4.068013,0.0024965,-0.0796481,0.0004775,0.9968198
1788232708601867776,OK,1,0,15.917,0.2815,0,1403,0,-0.582720,0.211393,4.078333,0.0020086,-0.0794830,0.0004271,0.9968341
1788232708635203584,OK,1,0,16.399,0.311209,0,1441,0,-0.582135,0.212471,4.090908,0.0021272,-0.0796456,0.0007325,0.9968207
1788232708668539648,OK,1,0,15.7941,0.284458,0,1414,0,-0.585243,0.213854,4.103459,0.0027054,-0.0794573,0.0008341,0.9968343
1788232708701875200,OK,1,0,16.0553,0.31575,0,1409,0,-0.587789,0.215481,4.115811,0.0028236,-0.0794019,0.0006422,0.9968385
1788232708735211008,OK,1,0,16.1125,0.321417,0,1419,0,-0.586563,0.215758,4.128274,0.0022159,-0.0798475,0.0008611,0.9968043
1788232708768546560,OK,1,0,15.2931,0.317917,0,1428,0,-0.591702,0.216214,4.142351,0.0016129,-0.0789872,0.0007762,0.9968740
1788232708801882112,OK,1,0,15.5654,0.384083,0,1429,0,-0.593403,0.219960,4.159048,0.0011423,-0.0791643,0.0009606,0.9968605
1788232708835217664,OK,1,0,15.5985,0.292667,0,1397,0,-0.594752,0.219609,4.172947,0.0004056,-0.0795968,0.0007169,0.9968268
1788232708868553216,OK,1,0,15.5841,0.384,0,1421,0,-0.596476,0.220913,4.187456,-0.0000981,-0.0800175,0.0009953,0.9967930
1788232708901887744,OK,1,0,15.4743,0.303584,0,1393,0,-0.600711,0.222820,4.201773,-0.0004822,-0.0797071,0.0007833,0.9968179
1788232708935222784,OK,1,0,15.4305,0.319292,0,1377,0,-0.602148,0.223158,4.215839,-0.0009900,-0.0792536,0.0010806,0.9968534
1788232708968558336,OK,1,0,15.1932,0.296292,0,1363,0,-0.606160,0.226690,4.229377,-0.0006096,-0.0788781,0.0010435,0.9968835
1788232709001893632,OK,1,0,15.2667,0.298083,0,1359,0,-0.606179,0.225094,4.242466,-0.0008214,-0.0794882,0.0010192,0.9968349
1788232709035228672,OK,1,0,15.254,0.300542,0,1403,0,-0.608798,0.226232,4.255424,-0.0006861,-0.0795998,0.0010510,0.9968261
1788232709068563968,OK,1,0,15.2467,0.317625,0,1364,0,-0.610356,0.224955,4.267430,-0.0015425,-0.0797032,0.0006679,0.9968172
1788232709101899264,OK,1,0,15.1847,0.311125,0,1399,0,-0.613366,0.227617,4.280502,-0.0012707,-0.0806385,0.0007665,0.9967423
1788232709135234048,OK,1,0,15.2505,0.299958,0,1369,0,-0.617526,0.228684,4.292607,-0.0009460,-0.0815388,0.0008778,0.9966694
1788232709168571648,OK,1,0,15.6746,0.3075,0,1420,0,-0.620829,0.227788,4.307517,-0.0018579,-0.0838555,0.0008786,0.9964758
1788232709201911808,OK,1,0,15.3059,0.304917,0,1379,0,-0.626083,0.228219,4.320314,-0.0023559,-0.0868579,0.0009955,0.9962174
1788232709235252480,OK,1,0,15.4587,0.313,0,1374,0,-0.631823,0.232618,4.334596,-0.0020760,-0.0895374,0.0015019,0.9959802
1788232709268592896,OK,1,0,15.342,0.303,0,1400,0,-0.633179,0.232228,4.347375,-0.0022981,-0.0929249,0.0022426,0.9956679
1788232709301933312,OK,1,0,15.4644,0.2975,0,1419,0,-0.639706,0.232700,4.358667,-0.0021136,-0.0964334,0.0024634,0.9953341
1788232709335272704,OK,1,0,15.7162,0.300833,0,1432,0,-0.646157,0.233681,4.370473,-0.0020335,-0.1004390,0.0026407,0.9949377
1788232709368613376,OK,1,0,15.8887,0.300958,0,1462,0,-0.653464,0.234242,4.381854,-0.0020197,-0.1044771,0.0023771,0.9945225
1788232709401953792,OK,1,0,15.9323,0.373292,0,1465,0,-0.659794,0.233818,4.394211,-0.0023785,-0.1088456,0.0027190,0.9940521
1788232709435294208,OK,1,0,15.5286,0.320167,0,1457,0,-0.665198,0.235407,4.406060,-0.0024738,-0.1135500,0.0031957,0.9935241
1788232709468634880,OK,1,0,15.9298,0.30675,0,1499,0,-0.673893,0.235374,4.418270,-0.0029023,-0.1188350,0.0033816,0.9929040
1788232709501975296,OK,1,0,15.7629,0.329083,0,1482,0,-0.682237,0.237914,4.432061,-0.0032827,-0.1249852,0.0037901,0.9921460
1788232709535315968,OK,1,0,16.7739,0.310625,0,1511,0,-0.692233,0.239971,4.443986,-0.0035756,-0.1304366,0.0035449,0.9914439
1788232709568656128,OK,1,0,18.3122,0.329709,0,1530,0,-0.701841,0.241034,4.456101,-0.0038267,-0.1359992,0.0035760,0.9906951
1788232709601996800,OK,1,0,16.4874,0.315709,0,1537,0,-0.710819,0.241548,4.468015,-0.0040408,-0.1420119,0.0036161,0.9898501
1788232709635337472,OK,1,0,16.6093,0.305292,0,1583,0,-0.719606,0.241438,4.478449,-0.0044200,-0.1484154,0.0038252,0.9889079
1788232709668677888,OK,1,0,16.4987,0.306917,0,1567,0,-0.726884,0.243103,4.490767,-0.0042440,-0.1549398,0.0046079,0.9879041
1788232709702018560,OK,1,0,16.7098,0.312042,0,1573,0,-0.737396,0.245231,4.501062,-0.0037364,-0.1606935,0.0054744,0.9869821
1788232709735359232,OK,1,0,17.0063,0.309708,0,1598,0,-0.742969,0.243795,4.510886,-0.0038883,-0.1665937,0.0060823,0.9859992
1788232709768699648,OK,1,0,17.0104,0.316333,0,1558,0,-0.751378,0.243464,4.521731,-0.0041056,-0.1725317,0.0065417,0.9849737
1788232709802039296,OK,1,0,17.1219,0.302667,0,1595,0,-0.760454,0.244424,4.532631,-0.0042720,-0.1784074,0.0073104,0.9839203
1788232709835379968,OK,1,0,17.2415,0.289875,0,1581,0,-0.769511,0.243905,4.544049,-0.0048205,-0.1841075,0.0079207,0.9828624
1788232709868720384,OK,1,0,17.2856,0.304625,0,1582,0,-0.778147,0.245966,4.553089,-0.0046839,-0.1896674,0.0079376,0.9818051
1788232709902061056,OK,1,0,16.7235,0.307916,0,1584,0,-0.789892,0.247234,4.564490,-0.0046775,-0.1956514,0.0084120,0.9806263
1788232709935401728,OK,1,0,17.1006,0.298292,0,1566,0,-0.797603,0.247383,4.574721,-0.0050671,-0.2016930,0.0086569,0.9793974
1788232709968742144,OK,1,0,16.7988,0.289583,0,1574,0,-0.806027,0.248502,4.584277,-0.0054718,-0.2075272,0.0090165,0.9781724
1788232710002083072,OK,1,0,16.4335,0.296792,0,1591,0,-0.818868,0.248792,4.595883,-0.0053544,-0.2136972,0.0092511,0.9768415
1788232710035423488,OK,1,0,16.9753,0.315375,0,1569,0,-0.828636,0.249740,4.603620,-0.0049107,-0.2202270,0.0098616,0.9753864
1788232710068764160,OK,1,0,16.9217,0.318375,0,1544,0,-0.837086,0.250831,4.613540,-0.0045231,-0.2262119,0.0111235,0.9740041
1788232710102104832,OK,1,0,16.4912,0.289209,0,1509,0,-0.842625,0.250181,4.621269,-0.0042869,-0.2316921,0.0121148,0.9727043
1788232710135445504,OK,1,0,16.4139,0.30225,0,1525,0,-0.851758,0.249592,4.629894,-0.0040473,-0.2373955,0.0125916,0.9713231
1788232710168788480,OK,1,0,16.6111,0.3085,0,1500,0,-0.862931,0.251740,4.638455,-0.0036169,-0.2429513,0.0123206,0.9699535
1788232710202134784,OK,1,0,16.3719,0.298166,0,1495,0,-0.874223,0.251656,4.647444,-0.0041199,-0.2486852,0.0125796,0.9684939
1788232710235480064,OK,1,0,16.8203,0.324875,0,1550,0,-0.886788,0.252974,4.656672,-0.0036453,-0.2540103,0.0122386,0.9671172
1788232710268826368,OK,1,0,16.2231,0.293541,0,1528,0,-0.897032,0.251992,4.662354,-0.0034021,-0.2598946,0.0121132,0.9655550
1788232710302172928,OK,1,0,16.343,0.29925,0,1519,0,-0.907251,0.251871,4.670439,-0.0031687,-0.2660334,0.0126460,0.9638757
1788232710335519232,OK,1,0,16.4386,0.289875,0,1497,0,-0.917042,0.251786,4.678289,-0.0028482,-0.2718995,0.0135127,0.9622266
1788232710368865792,OK,1,0,16.4832,0.309709,0,1503,0,-0.927240,0.251769,4.683605,-0.0023412,-0.2775489,0.0135725,0.9606128
1788232710402212352,OK,1,0,15.9208,0.285083,0,1475,0,-0.938862,0.253127,4.691007,-0.0021496,-0.2834246,0.0136530,0.9588950
1788232710435558912,OK,1,0,16.5675,0.314417,0,1464,0,-0.951127,0.253998,4.700113,-0.0020774,-0.2892582,0.0141001,0.9571450
1788232710468905472,OK,1,0,16.705,0.305416,0,1425,0,-0.961917,0.254372,4.706361,-0.0016911,-0.2948656,0.0141938,0.9554318
1788232710502252544,OK,1,0,17.0496,0.304083,0,1472,0,-0.974191,0.255001,4.715133,-0.0014939,-0.3010030,0.0147502,0.9535080
1788232710535599104,OK,1,0,16.7954,0.30025,0,1464,0,-0.984267,0.254934,4.721981,-0.0015306,-0.3069761,0.0155372,0.9515892
1788232710568945920,OK,1,0,16.486,0.289459,0,1401,0,-0.994400,0.255343,4.728069,-0.0011743,-0.3127375,0.0164334,0.9496967
1788232710602292736,OK,1,0,16.6465,0.3035,0,1434,0,-1.005145,0.255145,4.735015,-0.0005462,-0.3182190,0.0167235,0.9478695
1788232710635639552,OK,1,0,16.1109,0.3035,0,1413,0,-1.016415,0.254722,4.740850,-0.0004107,-0.3238969,0.0168283,0.9459426
1788232710668985856,OK,1,0,16.4426,0.308458,0,1388,0,-1.028605,0.255496,4.747022,-0.0001906,-0.3297818,0.0170699,0.9439029
1788232710702332672,OK,1,0,16.2412,0.311708,0,1355,0,-1.040341,0.255231,4.752861,0.0000638,-0.3359956,0.0168542,0.9417127
1788232710735680000,OK,1,0,15.871,0.318,0,1351,0,-1.053787,0.255510,4.757869,0.0007550,-0.3421659,0.0166895,0.9394910
1788232710769027072,OK,1,0,16.0866,0.311417,0,1375,0,-1.066276,0.255683,4.762947,0.0008423,-0.3486130,0.0169699,0.9371127
1788232710802374144,OK,1,0,16.1795,0.305834,0,1354,0,-1.077895,0.254821,4.767390,0.0007502,-0.3546322,0.0178166,0.9348359
1788232710835721472,OK,1,0,16.0008,0.308375,0,1337,0,-1.089600,0.255655,4.773690,0.0011373,-0.3606222,0.0183040,0.9325317
1788232710869068800,OK,1,0,16.1032,0.3085,0,1324,0,-1.101798,0.254968,4.776778,0.0014575,-0.3669964,0.0184605,0.9300380
1788232710902416384,OK,1,0,15.8117,0.313583,0,1270,0,-1.114462,0.255966,4.780927,0.0015511,-0.3736075,0.0187408,0.9273962
1788232710935763712,OK,1,0,15.2556,0.305208,0,1214,0,-1.127485,0.257045,4.786567,0.0014887,-0.3800539,0.0195119,0.9247573
1788232710969111040,OK,1,0,15.5672,0.317083,0,1232,0,-1.138364,0.256039,4.790037,0.0014857,-0.3862761,0.0203092,0.9221584
1788232711002458624,OK,1,0,15.043,0.308459,0,1221,0,-1.150919,0.256610,4.795003,0.0017284,-0.3925883,0.0210503,0.9194718
1788232711035806208,OK,1,0,15.8435,0.299917,0,2068,0,-1.162128,0.256810,4.797216,0.0015404,-0.3987488,0.0219957,0.9167951
1788232711069153792,OK,1,0,18.4082,0.315417,0,1941,0,-1.173846,0.256366,4.801385,0.0016893,-0.4047556,0.0224541,0.9141476
1788232711102501376,OK,1,0,17.715,0.302417,0,1659,0,-1.185332,0.256312,4.803562,0.0021297,-0.4110089,0.0224703,0.9113519
1788232711135848192,OK,1,0,16.4258,0.317583,0,1556,0,-1.199652,0.256667,4.806227,0.0026100,-0.4172152,0.0227788,0.9085185
1788232711169195264,OK,1,0,17.2481,0.3375,0,1462,0,-1.212208,0.256268,4.809598,0.0025179,-0.4234469,0.0233175,0.9056174
1788232711202541824,OK,1,0,17.0824,0.328833,0,1389,0,-1.225551,0.256494,4.812579,0.0025651,-0.4294913,0.0238682,0.9027519
1788232711235888384,OK,1,0,16.4995,0.327542,0,1356,0,-1.237972,0.255518,4.815654,0.0025195,-0.4358251,0.0242591,0.8997009
1788232711269235200,OK,1,0,16.3549,0.354542,0,1312,0,-1.252022,0.256837,4.819345,0.0025971,-0.4421526,0.0241813,0.8966101
1788232711302581760,OK,1,0,16.2955,0.3375,0,1263,0,-1.265076,0.256660,4.820547,0.0022634,-0.4483797,0.0243609,0.8935083
1788232711335928576,OK,1,0,18.0535,0.335917,0,1282,0,-1.279997,0.256678,4.822412,0.0023147,-0.4545780,0.0241573,0.8903763
1788232711369275136,OK,1,0,15.5222,0.362416,0,1264,0,-1.294110,0.257573,4.824659,0.0027118,-0.4607549,0.0240499,0.8871974
1788232711402621952,OK,1,0,15.8235,0.363417,0,1271,0,-1.306649,0.257320,4.826494,0.0025477,-0.4669024,0.0246465,0.8839616
1788232711435969024,OK,1,0,15.457,0.322667,0,1255,0,-1.319372,0.258012,4.830348,0.0026117,-0.4730062,0.0257186,0.8806798
1788232711469315840,OK,1,0,14.8727,0.338333,0,1204,0,-1.332422,0.257820,4.828726,0.0030444,-0.4788486,0.0264931,0.8774924
1788232711502662912,OK,1,0,16.3046,0.354584,0,1193,0,-1.345976,0.257612,4.832560,0.0034765,-0.4853682,0.0266005,0.8738982
1788232711536009984,OK,1,0,14.7906,0.329208,0,1178,0,-1.360727,0.259168,4.830317,0.0034837,-0.4914738,0.0270251,0.8704660
1788232711569356288,OK,1,0,14.5726,0.316125,0,1197,0,-1.372966,0.257314,4.833027,0.0025656,-0.4981368,0.0271563,0.8666693
1788232711602703360,OK,1,0,16.6938,0.304042,0,1195,0,-1.391467,0.259946,4.835138,0.0027677,-0.5042845,0.0270550,0.8631092
1788232711636050432,OK,1,0,15.1657,0.311708,0,1228,0,-1.403975,0.260272,4.833375,0.0027000,-0.5105832,0.0271358,0.8593958
1788232711669397760,OK,1,0,15.637,0.360041,0,1202,0,-1.418166,0.260759,4.834962,0.0024047,-0.5167829,0.0273557,0.8556759
1788232711702745088,OK,1,0,17.1223,0.322875,0,1219,0,-1.432594,0.260385,4.835475,0.0022719,-0.5227582,0.0278627,0.8520225
1788232711736092416,OK,1,0,14.8401,0.31925,0,1244,0,-1.445206,0.260572,4.833952,0.0028683,-0.5286690,0.0281722,0.8483556
1788232711769440000,OK,1,0,14.82,0.367958,0,1239,0,-1.459270,0.261874,4.833278,0.0034203,-0.5348458,0.0290691,0.8444426
1788232711802787584,OK,1,0,15.0576,0.33425,0,1211,0,-1.469872,0.258206,4.834447,0.0027607,-0.5409111,0.0299051,0.8405435
1788232711836134912,OK,1,0,15.0736,0.359125,0,1258,0,-1.482892,0.256355,4.834135,0.0028960,-0.5468546,0.0308123,0.8366554
1788232711869482752,OK,1,0,14.2654,0.337125,0,1264,0,-1.496364,0.254790,4.836940,0.0030512,-0.5531024,0.0308948,0.8325347
1788232711902830336,OK,1,0,14.3731,0.30875,0,1259,0,-1.510790,0.254877,4.831600,0.0028697,-0.5587412,0.0308437,0.8287634
1788232711936178176,OK,1,0,13.9856,0.304166,0,1246,0,-1.524113,0.256456,4.831129,0.0030312,-0.5647134,0.0308246,0.8247057
1788232711969525760,OK,1,0,13.5617,0.314792,0,1218,0,-1.537487,0.256727,4.827257,0.0036023,-0.5705671,0.0306123,0.8206723
1788232712002872832,OK,1,0,13.8758,0.288458,0,1216,0,-1.547188,0.253823,4.828738,0.0034849,-0.5769553,0.0308622,0.8161850
1788232712036220672,OK,1,0,13.6542,0.300625,0,1180,0,-1.562681,0.255087,4.825924,0.0039665,-0.5821596,0.0317330,0.8124454
1788232712069568512,OK,1,0,13.6044,0.369208,0,1180,0,-1.572122,0.252229,4.822141,0.0041524,-0.5878311,0.0326596,0.8083135
1788232712102916864,OK,1,0,13.4395,0.271833,0,1182,0,-1.584567,0.252130,4.823159,0.0044075,-0.5938489,0.0332480,0.8038772
1788232712136264704,OK,1,0,13.6404,0.373125,0,1202,0,-1.597785,0.253285,4.822808,0.0046761,-0.5996742,0.0335731,0.7995260
1788232712169609472,OK,1,0,13.5137,0.309917,0,1160,0,-1.609014,0.252892,4.817635,0.0050470,-0.6051565,0.0336783,0.7953779
1788232712202949376,OK,1,0,13.5237,0.309084,0,1174,0,-1.620903,0.253332,4.815074,0.0056729,-0.6110755,0.0336131,0.7908379
1788232712236289280,OK,1,0,14.1702,0.303084,0,1162,0,-1.634805,0.251457,4.808805,0.0051917,-0.6164933,0.0340349,0.7866071
1788232712269629440,OK,1,0,13.3613,0.318791,0,1187,0,-1.647199,0.252380,4.808232,0.0052819,-0.6219573,0.0348223,0.7822587
1788232712302969344,OK,1,0,13.1565,0.303166,0,1114,0,-1.658833,0.250756,4.804645,0.0055662,-0.6274229,0.0353387,0.7778565
1788232712336309248,OK,1,0,12.81,0.38425,0,1124,0,-1.670928,0.248512,4.800584,0.0055028,-0.6331384,0.0351948,0.7732186
1788232712369649152,OK,1,0,12.5933,0.3085,0,1112,0,-1.683444,0.248018,4.791754,0.0049822,-0.6382071,0.0353261,0.7690377
1788232712402989312,OK,1,0,12.5377,0.30225,0,1071,0,-1.698717,0.250241,4.795856,0.0054855,-0.6441637,0.0352179,0.7640568
1788232712436329216,OK,1,0,12.0981,0.305875,0,1039,0,-1.712603,0.248853,4.784600,0.0059358,-0.6492446,0.0351512,0.7597439
1788232712469668096,OK,1,0,12.3016,0.304416,0,1020,0,-1.726276,0.246085,4.781757,0.0054419,-0.6546931,0.0351082,0.7550594
1788232712503008000,OK,1,0,12.1609,0.282667,0,1153,0,-1.738549,0.245452,4.777449,0.0050696,-0.6597051,0.0357380,0.7506573
1788232712536348160,OK,1,0,12.638,0.310042,0,1305,0,-1.749561,0.245494,4.774960,0.0054876,-0.6651303,0.0362895,0.7458248
1788232712569688320,OK,1,0,12.9695,0.303834,0,1154,0,-1.761848,0.245122,4.767936,0.0052361,-0.6704850,0.0366654,0.7409980
1788232712603027968,OK,1,0,12.1911,0.329708,0,1114,0,-1.775502,0.245266,4.765294,0.0046626,-0.6751217,0.0372343,0.7367513
1788232712636368128,OK,1,0,12.3504,0.325167,0,1314,0,-1.788490,0.244139,4.757059,0.0042615,-0.6792895,0.0374759,0.7329006
1788232712669708288,OK,1,0,12.1146,0.30825,0,1241,0,-1.801273,0.243963,4.751030,0.0042480,-0.6835657,0.0377324,0.7289007
1788232712703048192,OK,1,0,12.4597,0.313375,0,1184,0,-1.814931,0.243504,4.748238,0.0036549,-0.6876566,0.0379140,0.7250363
1788232712736388096,OK,1,0,11.4815,0.320958,0,1176,0,-1.829607,0.245234,4.747608,0.0033201,-0.6911005,0.0383667,0.7217320
1788232712769728256,OK,1,0,12.4802,0.3255,0,1151,0,-1.842827,0.247824,4.744620,0.0039901,-0.6940463,0.0386735,0.7188798
1788232712803068416,OK,1,0,12.693,0.321292,0,1127,0,-1.854726,0.243038,4.740214,0.0040457,-0.6971623,0.0383120,0.7158774
1788232712836408320,OK,1,0,12.8387,0.3175,0,1118,0,-1.866981,0.246368,4.737836,0.0040606,-0.7001993,0.0390053,0.7128696
1788232712869748224,OK,1,0,12.8889,0.34125,0,1253,0,-1.879291,0.242910,4.732892,0.0036508,-0.7027146,0.0391549,0.7103842
1788232712903087360,OK,1,0,14.3978,0.371,0,1233,0,-1.893009,0.244627,4.733357,0.0038822,-0.7049059,0.0394436,0.7081926
1788232712936427520,OK,1,0,14.6073,0.392167,0,1205,0,-1.904711,0.242352,4.729762,0.0038743,-0.7056463,0.0389263,0.7074836
1788232712969767424,OK,1,0,14.4413,0.38475,0,1200,0,-1.919411,0.244341,4.728692,0.0039901,-0.7062273,0.0385926,0.7069213
1788232713003107328,OK,1,0,13.228,0.35,0,1158,0,-1.933319,0.245958,4.725471,0.0040432,-0.7068993,0.0381540,0.7062728
1788232713036447488,OK,1,0,12.1258,0.371708,0,1138,0,-1.947096,0.245814,4.725754,0.0039513,-0.7080207,0.0381242,0.7051509
1788232713069787648,OK,1,0,13.1169,0.334583,0,1138,0,-1.958157,0.244900,4.724141,0.0038224,-0.7082342,0.0380967,0.7049387
1788232713103127808,OK,1,0,13.6475,0.347458,0,1135,0,-1.970372,0.243735,4.723883,0.0041016,-0.7081898,0.0380999,0.7049815
1788232713136467712,OK,1,0,13.4445,0.376667,0,1110,0,-1.982805,0.244395,4.725197,0.0041229,-0.7088051,0.0383833,0.7043473
1788232713169807104,OK,1,0,14.5396,0.371334,0,1137,0,-1.996641,0.242631,4.723270,0.0041288,-0.7091703,0.0383263,0.7039827
1788232713203145728,OK,1,0,14.6048,0.319458,0,1122,0,-2.008380,0.244752,4.722243,0.0048343,-0.7091175,0.0384816,0.7040228
1788232713236484352,OK,1,0,14.0423,0.362458,0,1118,0,-2.019979,0.244295,4.721126,0.0049399,-0.7091742,0.0382947,0.7039753
1788232713269822720,OK,1,0,13.2668,0.339833,0,1106,0,-2.034263,0.244091,4.719328,0.0053590,-0.7094032,0.0380360,0.7037554
1788232713303161344,OK,1,0,12.5168,0.35225,0,1125,0,-2.048121,0.244044,4.721553,0.0052942,-0.7098379,0.0378677,0.7033265
1788232713336498944,OK,1,0,14.1198,0.360917,0,1087,0,-2.060997,0.244233,4.719440,0.0050004,-0.7098802,0.0375083,0.7033052
1788232713369837312,OK,1,0,15.1909,0.347625,0,1061,0,-2.075237,0.245053,4.719034,0.0049746,-0.7099858,0.0373273,0.7032084
1788232713403175680,OK,1,0,12.5346,0.328375,0,1080,0,-2.089164,0.245475,4.718231,0.0045916,-0.7101256,0.0369842,0.7030880
1788232713436514304,OK,1,0,14.4103,0.384,0,1055,0,-2.102979,0.246270,4.718116,0.0043591,-0.7103262,0.0365737,0.7029083
1788232713469852672,OK,1,0,13.2822,0.354167,0,1054,0,-2.114229,0.244576,4.718033,0.0042955,-0.7103291,0.0364234,0.7029135
1788232713503191040,OK,1,0,14.367,0.396666,0,1052,0,-2.128453,0.246815,4.717490,0.0043176,-0.7105404,0.0364662,0.7026976
1788232713536529664,OK,1,0,15.1378,0.365333,0,1061,0,-2.142108,0.247472,4.716282,0.0042426,-0.7110733,0.0363446,0.7021652
1788232713569868032,OK,1,0,12.9126,0.345125,0,1056,0,-2.154652,0.243711,4.714994,0.0040797,-0.7118277,0.0361717,0.7014102
1788232713603206400,OK,1,0,12.2446,0.353208,0,1057,0,-2.167217,0.245232,4.712858,0.0041775,-0.7124667,0.0359933,0.7007698
1788232713636544768,OK,1,0,15.0271,0.355666,0,1058,0,-2.181465,0.244987,4.711297,0.0043111,-0.7131988,0.0358633,0.7000306
1788232713669883136,OK,1,0,13.0073,0.340708,0,1329,0,-2.190534,0.245194,4.704513,0.0044610,-0.7137849,0.0359340,0.6994283
1788232713703221504,OK,1,0,13.0174,0.33975,0,1204,0,-2.202999,0.245529,4.702233,0.0045567,-0.7153986,0.0359789,0.6977748
1788232713736559616,OK,1,0,13.0195,0.361875,0,1211,0,-2.214092,0.244465,4.701059,0.0043840,-0.7172890,0.0366853,0.6957955
1788232713769897984,OK,1,0,12.3934,0.352916,0,1171,0,-2.225904,0.243571,4.698117,0.0043127,-0.7190603,0.0374280,0.6939257
1788232713803235072,OK,1,0,11.8977,0.334333,0,1146,0,-2.237767,0.242821,4.696968,0.0043485,-0.7212722,0.0382448,0.6915814
1788232713836573440,OK,1,0,12.2068,0.332625,0,1124,0,-2.247622,0.243768,4.692234,0.0047993,-0.7235656,0.0385917,0.6891593
1788232713869911552,OK,1,0,12.923,0.357208,0,1277,0,-2.259751,0.242759,4.689185,0.0047222,-0.7258357,0.0386962,0.6867626
1788232713903249664,OK,1,0,13.2918,0.361667,0,1232,0,-2.272302,0.243461,4.685975,0.0042347,-0.7281346,0.0391434,0.6843024
1788232713936587776,OK,1,0,14.3525,0.33875,0,1206,0,-2.284817,0.242403,4.681417,0.0042270,-0.7303243,0.0392023,0.6819618
1788232713969926144,OK,1,0,12.1015,0.318042,0,1308,0,-2.295378,0.241008,4.674607,0.0047215,-0.7329134,0.0392451,0.6791726
1788232714003264256,OK,1,0,12.2918,0.315625,0,1273,0,-2.309417,0.240259,4.667350,0.0042637,-0.7360652,0.0393970,0.6757498
1788232714036602368,OK,1,0,13.1112,0.333583,0,1239,0,-2.320877,0.238768,4.664031,0.0038335,-0.7390931,0.0395834,0.6724284
1788232714069940480,OK,1,0,12.5245,0.31225,0,1271,0,-2.332792,0.242341,4.659333,0.0043837,-0.7418821,0.0401380,0.6693136
1788232714103278592,OK,1,0,12.2606,0.3215,0,1245,0,-2.344397,0.237683,4.652213,0.0045184,-0.7449618,0.0394926,0.6659218
1788232714136616704,OK,1,0,13.4319,0.341959,0,1216,0,-2.357361,0.240114,4.643451,0.0044803,-0.7481600,0.0392996,0.6623384
1788232714169954048,OK,1,0,13.4477,0.339417,0,1230,0,-2.369382,0.240651,4.634613,0.0040218,-0.7512864,0.0391099,0.6588042
1788232714203291136,OK,1,0,14.4812,0.350958,0,1245,0,-2.382039,0.236485,4.629248,0.0035085,-0.7544832,0.0388443,0.6551595
1788232714236626944,OK,1,0,13.4736,0.345333,0,1220,0,-2.392452,0.237409,4.623564,0.0041106,-0.7575714,0.0393379,0.6515530
1788232714269963520,OK,1,0,13.9433,0.357,0,1227,0,-2.403587,0.235448,4.617602,0.0038370,-0.7607273,0.0396917,0.6478455
1788232714303300608,OK,1,0,13.7373,0.329917,0,1181,0,-2.415202,0.235984,4.611950,0.0035682,-0.7638065,0.0405297,0.6441617
1788232714336637184,OK,1,0,13.5124,0.354667,0,1263,0,-2.425521,0.233740,4.603812,0.0032328,-0.7668804,0.0408059,0.6404833
1788232714369973760,OK,1,0,13.1365,0.302125,0,1166,0,-2.438209,0.238284,4.595334,0.0040255,-0.7702038,0.0412693,0.6364485
1788232714403310592,OK,1,0,13.1979,0.295041,0,1128,0,-2.449995,0.236856,4.584469,0.0041223,-0.7735691,0.0406599,0.6323928
1788232714436647168,OK,1,0,12.8086,0.295167,0,1158,0,-2.461979,0.236170,4.578826,0.0037944,-0.7770929,0.0401993,0.6280895
1788232714469984000,OK,1,0,14.1717,0.299917,0,1148,0,-2.475568,0.239135,4.568480,0.0038305,-0.7801979,0.0402407,0.6242253
1788232714503320320,OK,1,0,13.3867,0.328584,0,1104,0,-2.483294,0.237938,4.558142,0.0041119,-0.7831111,0.0398480,0.6205903
1788232714536656896,OK,1,0,16.7527,0.320375,0,1219,0,-2.497303,0.238694,4.551044,0.0041125,-0.7864736,0.0401088,0.6163065
1788232714569993472,OK,1,0,13.4614,0.3105,0,1128,0,-2.505442,0.234176,4.541833,0.0038419,-0.7893392,0.0400286,0.6126391
1788232714603329792,OK,1,0,13.4896,0.314084,0,1211,0,-2.516858,0.239062,4.534486,0.0042148,-0.7922977,0.0409545,0.6087440
1788232714636666368,OK,1,0,13.0742,0.328833,0,1145,0,-2.527412,0.236033,4.527830,0.0040580,-0.7956129,0.0407822,0.6044175
1788232714670001664,OK,1,0,13.529,0.370542,0,1175,0,-2.540372,0.235868,4.517644,0.0038733,-0.7988471,0.0408199,0.6001350
1788232714703338240,OK,1,0,14.739,0.314292,0,1151,0,-2.549070,0.238407,4.508547,0.0043293,-0.8016644,0.0410903,0.5963448
1788232714736674560,OK,1,0,14.2003,0.333333,0,1087,0,-2.563783,0.239514,4.502050,0.0042261,-0.8050069,0.0414508,0.5918006
1788232714770010624,OK,1,0,13.9093,0.313667,0,1357,0,-2.574384,0.238459,4.492965,0.0041818,-0.8081983,0.0413517,0.5874420
1788232714803347200,OK,1,0,14.7225,0.345042,0,1277,0,-2.586391,0.239254,4.484829,0.0038627,-0.8115498,0.0415194,0.5827934
1788232714836683264,OK,1,0,14.3004,0.309125,0,1177,0,-2.594568,0.236731,4.473636,0.0035980,-0.8143682,0.0417390,0.5788345
1788232714870019840,OK,1,0,14.7384,0.347541,0,1142,0,-2.605991,0.240810,4.464832,0.0044992,-0.8174829,0.0424228,0.5743706
1788232714903355904,OK,1,0,13.7183,0.33875,0,1210,0,-2.613798,0.240641,4.453616,0.0047035,-0.8206887,0.0426461,0.5697625
1788232714936692224,OK,1,0,14.0817,0.355459,0,1163,0,-2.626464,0.238642,4.446069,0.0043197,-0.8241709,0.0428593,0.5647006
1788232714970028032,OK,1,0,14.6774,0.312459,0,1146,0,-2.635802,0.238914,4.439116,0.0044385,-0.8273880,0.0432913,0.5599420
1788232715003364352,OK,1,0,14.9292,0.307417,0,1327,0,-2.648587,0.237334,4.429763,0.0047043,-0.8306013,0.0433666,0.5551565
1788232715036700416,OK,1,0,14.9366,0.344958,0,1154,0,-2.661602,0.238325,4.419817,0.0048542,-0.8340639,0.0432884,0.5499454
1788232715070036480,OK,1,0,15.4055,0.294208,0,1303,0,-2.673031,0.236910,4.408022,0.0050355,-0.8372671,0.0426949,0.5451015
1788232715103372544,OK,1,0,16.5012,0.309375,0,1309,0,-2.680043,0.235298,4.395385,0.0051855,-0.8403506,0.0420648,0.5403836
1788232715136707584,OK,1,0,15.3024,0.35125,0,1213,0,-2.689995,0.235535,4.382463,0.0052273,-0.8435529,0.0419693,0.5353781
1788232715170046976,OK,1,0,16.2705,0.311375,0,1225,0,-2.698689,0.235376,4.371131,0.0051663,-0.8470547,0.0420270,0.5298164
1788232715203390976,OK,1,0,15.267,0.343375,0,1294,0,-2.711121,0.235617,4.361357,0.0052874,-0.8505487,0.0425105,0.5241487
1788232715236735232,OK,1,0,15.4857,0.344834,0,1260,0,-2.719486,0.234476,4.352572,0.0052625,-0.8537681,0.0429443,0.5188528
1788232715270078976,OK,1,0,15.8888,0.3355,0,1234,0,-2.731734,0.234852,4.343204,0.0054132,-0.8569886,0.0434894,0.5134685
1788232715303423232,OK,1,0,16.4497,0.323916,0,1410,0,-2.739355,0.236637,4.331798,0.0056095,-0.8601180,0.0439779,0.5081648
1788232715336767488,OK,1,0,16.1172,0.345166,0,1420,0,-2.749635,0.235967,4.319345,0.0058668,-0.8632450,0.0441550,0.5028161
1788232715370111744,OK,1,0,16.4987,0.338708,0,1390,0,-2.761428,0.235659,4.307481,0.0055826,-0.8663889,0.0442023,0.4973783
1788232715403456000,OK,1,0,15.7175,0.318917,0,1346,0,-2.772353,0.234875,4.294729,0.0059196,-0.8695655,0.0438168,0.4918341
1788232715436800256,OK,1,0,16.402,0.351375,0,1331,0,-2.780240,0.233543,4.282207,0.0062495,-0.8726119,0.0435194,0.4864313
1788232715470144768,OK,1,0,16.523,0.314917,0,1364,0,-2.795264,0.234689,4.268667,0.0065034,-0.8758875,0.0436335,0.4804944
1788232715503489024,OK,1,0,16.5142,0.338458,0,1309,0,-2.797473,0.235402,4.255867,0.0063215,-0.8786342,0.0437621,0.4754440
1788232715536833536,OK,1,0,16.0953,0.351333,0,1281,0,-2.810655,0.233577,4.245259,0.0059897,-0.8817749,0.0442077,0.4695560
1788232715570176768,OK,1,0,16.0957,0.353458,0,1327,0,-2.813998,0.234199,4.234314,0.0066717,-0.8845907,0.0449885,0.4641454
1788232715603521280,OK,1,0,16.9837,0.339917,0,1309,0,-2.820110,0.233034,4.223602,0.0064131,-0.8875144,0.0457173,0.4584616
1788232715636865792,OK,1,0,16.5049,0.352625,0,1282,0,-2.824713,0.232962,4.211925,0.0063531,-0.8904044,0.0465288,0.4527414
1788232715670210560,OK,1,0,17.1317,0.332791,0,1281,0,-2.834885,0.232590,4.199808,0.0066888,-0.8933712,0.0470632,0.4467978
1788232715703554816,OK,1,0,16.6112,0.351292,0,1274,0,-2.837204,0.228200,4.188029,0.0064873,-0.8963153,0.0468335,0.4408894
1788232715736899328,OK,1,0,16.724,0.355541,0,1426,0,-2.843968,0.229193,4.174272,0.0063537,-0.8993170,0.0467325,0.4347467
1788232715770244096,OK,1,0,16.6415,0.34575,0,1308,0,-2.842574,0.226929,4.160259,0.0067324,-0.9020270,0.0463203,0.4291346
1788232715803588608,OK,1,0,16.813,0.330459,0,1269,0,-2.854311,0.229436,4.146863,0.0073164,-0.9052209,0.0465508,0.4223206
1788232715836933376,OK,1,0,16.6545,0.323792,0,1505,0,-2.860039,0.230973,4.135758,0.0075395,-0.9081591,0.0466314,0.4159516
1788232715870278144,OK,1,0,18.8673,0.299792,0,1351,0,-2.863138,0.228638,4.123950,0.0073618,-0.9107962,0.0470821,0.4100969
1788232715903622912,OK,1,0,17.9699,0.336792,0,1328,0,-2.866487,0.227996,4.112939,0.0074489,-0.9134856,0.0477379,0.4039921
1788232715936967424,OK,1,0,16.3362,0.319541,0,1302,0,-2.872351,0.228153,4.100419,0.0070935,-0.9163762,0.0480582,0.3973597
1788232715970312448,OK,1,0,16.7949,0.355042,0,1271,0,-2.878757,0.229037,4.087347,0.0068008,-0.9190735,0.0483680,0.3910477
1788232716003656192,OK,1,0,16.823,0.332084,0,1225,0,-2.878419,0.224994,4.076258,0.0068073,-0.9216921,0.0481933,0.3848568
1788232716037001216,OK,1,0,16.6301,0.350708,0,1195,0,-2.880255,0.228461,4.060122,0.0077180,-0.9243348,0.0485006,0.3784088
1788232716070345984,OK,1,0,17.2532,0.35075,0,1221,0,-2.886040,0.225664,4.048721,0.0071560,-0.9271078,0.0485237,0.3715717
1788232716103691008,OK,1,0,17.5993,0.335916,0,1219,0,-2.889879,0.228761,4.035588,0.0076269,-0.9295841,0.0493544,0.3652114
1788232716137035776,OK,1,0,17.4936,0.35125,0,1164,0,-2.893232,0.223924,4.024338,0.0072877,-0.9321059,0.0496486,0.3586928
1788232716170379520,OK,1,0,16.795,0.349583,0,1207,0,-2.893834,0.221975,4.012266,0.0068330,-0.9347059,0.0495408,0.3518862
1788232716203721728,OK,1,0,18.2048,0.334375,0,1192,0,-2.896917,0.221551,3.998356,0.0066437,-0.9371715,0.0494956,0.3452762
1788232716237063680,OK,1,0,16.773,0.353791,0,1153,0,-2.904054,0.218538,3.985694,0.0067321,-0.9396463,0.0491230,0.3385357
1788232716270405888,OK,1,0,16.924,0.351042,0,1134,0,-2.902815,0.221150,3.969241,0.0078608,-0.9419311,0.0493033,0.3320740
1788232716303747840,OK,1,0,17.0213,0.336625,0,1153,0,-2.903783,0.219224,3.957823,0.0074707,-0.9442676,0.0493264,0.3253765
1788232716337089792,OK,1,0,17.5716,0.331959,0,1119,0,-2.911588,0.218267,3.945159,0.0071431,-0.9465246,0.0497124,0.3186986
1788232716370432000,OK,1,0,17.4544,0.368708,0,1079,0,-2.914149,0.221535,3.931339,0.0075148,-0.9487488,0.0505116,0.3118780
1788232716403773952,OK,1,0,16.6608,0.367417,0,1072,0,-2.914092,0.222363,3.917567,0.0074034,-0.9510055,0.0506315,0.3049101
1788232716437115904,OK,1,0,17.4678,0.3315,0,1348,0,-2.918694,0.219461,3.904460,0.0069928,-0.9531412,0.0504767,0.2982031
1788232716470457088,OK,1,0,28.4564,0.367333,0,1214,0,-2.915670,0.221153,3.889760,0.0073003,-0.9550886,0.0508088,0.2918409
1788232716503799040,OK,1,0,16.9108,0.327125,0,1200,0,-2.918204,0.217126,3.875425,0.0072557,-0.9572105,0.0505291,0.2848546
1788232716537140992,OK,1,0,16.077,0.363041,0,1222,0,-2.920119,0.216177,3.861371,0.0069439,-0.9592222,0.0504095,0.2780350
1788232716570483200,OK,1,0,16.959,0.347875,0,1209,0,-2.925209,0.215233,3.848585,0.0069432,-0.9611345,0.0505366,0.2713270
1788232716603825152,OK,1,0,15.8805,0.339542,0,1331,0,-2.925254,0.216488,3.836164,0.0074431,-0.9629548,0.0513168,0.2646303
1788232716637167360,OK,1,0,16.4965,0.339,0,1301,0,-2.925460,0.216094,3.822725,0.0076491,-0.9648082,0.0515199,0.2577449
1788232716670509312,OK,1,0,18.427,0.354667,0,1412,0,-2.924137,0.215441,3.809550,0.0073752,-0.9665486,0.0516425,0.2511223
1788232716703851264,OK,1,0,16.7254,0.362666,0,1343,0,-2.922624,0.214718,3.795904,0.0079199,-0.9682041,0.0518104,0.2446095
1788232716737193472,OK,1,0,16.1217,0.346417,0,1301,0,-2.921957,0.214700,3.782685,0.0083505,-0.9698971,0.0519872,0.2377548
1788232716770535424,OK,1,0,15.9843,0.353833,0,1273,0,-2.927697,0.213418,3.768515,0.0076248,-0.9717029,0.0515651,0.2303834
1788232716803877376,OK,1,0,16.4387,0.355375,0,1286,0,-2.926921,0.209608,3.753039,0.0074289,-0.9732870,0.0509777,0.2237374
1788232716837219840,OK,1,0,16.1304,0.342917,0,1245,0,-2.926881,0.208874,3.739634,0.0080429,-0.9748348,0.0511360,0.2168354
1788232716870561792,OK,1,0,15.8526,0.352167,0,1187,0,-2.928595,0.208361,3.724991,0.0081694,-0.9764046,0.0513018,0.2096079
1788232716903902720,OK,1,0,18.1047,0.354292,0,1331,0,-2.928004,0.209111,3.709099,0.0078840,-0.9778204,0.0517163,0.2028067
1788232716937244928,OK,1,0,17.8107,0.352333,0,1269,0,-2.926740,0.210463,3.695744,0.0078641,-0.9791614,0.0523207,0.1960706
1788232716970586880,OK,1,0,16.5431,0.318542,0,1268,0,-2.928230,0.207815,3.682777,0.0080583,-0.9804286,0.0525819,0.1895524
1788232717003928832,OK,1,0,16.1136,0.336958,0,1221,0,-2.929666,0.205334,3.670605,0.0074458,-0.9816436,0.0526679,0.1831570
1788232717037271040,OK,1,0,30.4025,0.351208,0,1232,0,-2.930408,0.203839,3.657921,0.0071456,-0.9828025,0.0524872,0.1768990
1788232717070612992,OK,1,0,15.8843,0.383334,0,1204,0,-2.927990,0.204964,3.646338,0.0074719,-0.9839431,0.0522136,0.1705106
1788232717103955200,OK,1,0,16.3977,0.327917,0,1262,0,-2.928370,0.206152,3.628908,0.0082595,-0.9850163,0.0520483,0.1642124
1788232717137297152,OK,1,0,17.7929,0.352417,0,1445,0,-2.928417,0.202940,3.615623,0.0081233,-0.9860086,0.0516660,0.1582772
1788232717170638592,OK,1,0,17.292,0.3465,0,1466,0,-2.927674,0.202794,3.603672,0.0080930,-0.9868646,0.0515513,0.1528900
1788232717203979008,OK,1,0,18.3724,0.390292,0,1526,0,-2.926189,0.202114,3.591620,0.0081053,-0.9875885,0.0519881,0.1479885
1788232717237319424,OK,1,0,18.3606,0.3475,0,1612,0,-2.928855,0.202177,3.579461,0.0083213,-0.9882759,0.0527037,0.1430520
1788232717270659584,OK,1,0,19.0041,0.381,0,1594,0,-2.928644,0.198907,3.567398,0.0080672,-0.9889676,0.0528586,0.1381447
1788232717304000000,OK,1,0,19.6473,0.328875,0,1586,0,-2.929327,0.201843,3.555753,0.0075243,-0.9896239,0.0536204,0.1330893
1788232717337339136,OK,1,0,17.6188,0.323667,0,1556,0,-2.928860,0.199480,3.544586,0.0075483,-0.9902305,0.0540444,0.1283194
1788232717370679552,OK,1,0,18.0774,0.302042,0,1548,0,-2.931291,0.198030,3.532518,0.0077518,-0.9908633,0.0542756,0.1232231
1788232717404019712,OK,1,0,17.29,0.327625,0,1464,0,-2.924840,0.199345,3.517760,0.0080859,-0.9914095,0.0543690,0.1186842
1788232717437359872,OK,1,0,17.327,0.328958,0,1520,0,-2.922753,0.196942,3.504580,0.0080764,-0.9919697,0.0542070,0.1139848
1788232717470700288,OK,1,0,18.6383,0.31875,0,1372,0,-2.920609,0.197793,3.492571,0.0083182,-0.9924751,0.0546547,0.1092560
1788232717504040192,OK,1,0,16.3385,0.324125,0,1342,0,-2.920461,0.195185,3.480645,0.0084494,-0.9929978,0.0547000,0.1043646
1788232717537380352,OK,1,0,16.1718,0.32475,0,1312,0,-2.920387,0.194900,3.469059,0.0083631,-0.9934924,0.0550707,0.0993487
1788232717570720512,OK,1,0,16.6458,0.367458,0,1321,0,-2.917120,0.195484,3.456558,0.0081202,-0.9938842,0.0557274,0.0949878
1788232717604060672,OK,1,0,16.3263,0.337958,0,1262,0,-2.914824,0.191799,3.444303,0.0081558,-0.9942762,0.0558877,0.0906905
1788232717637400576,OK,1,0,16.1834,0.351292,0,1244,0,-2.913420,0.193628,3.430902,0.0083449,-0.9946898,0.0561164,0.0858688
1788232717670740736,OK,1,0,16.0073,0.361042,0,1235,0,-2.911058,0.193509,3.416310,0.0086656,-0.9950958,0.0557528,0.0812455
1788232717704080896,OK,1,0,15.8527,0.37375,0,1229,0,-2.911305,0.191678,3.406341,0.0088466,-0.9954347,0.0554262,0.0771971
1788232717737420544,OK,1,0,16.9348,0.319125,0,1210,0,-2.907553,0.192813,3.392001,0.0094649,-0.9956954,0.0554749,0.0736459
1788232717770760704,OK,1,0,18.7648,0.342709,0,1230,0,-2.907603,0.189510,3.378856,0.0094047,-0.9960012,0.0553362,0.0695060
1788232717804099584,OK,1,0,16.1058,0.36075,0,1207,0,-2.906808,0.189594,3.367451,0.0089745,-0.9962866,0.0553711,0.0653196
1788232717837439744,OK,1,0,16.9835,0.339958,0,1198,0,-2.905365,0.188902,3.354238,0.0086453,-0.9964499,0.0556839,0.0625477
1788232717870779648,OK,1,0,15.8675,0.3675,0,1136,0,-2.904723,0.187669,3.341345,0.0084759,-0.9965512,0.0557638,0.0608634
1788232717904119296,OK,1,0,16.2539,0.333167,0,1151,0,-2.906909,0.185435,3.331264,0.0087095,-0.9966689,0.0555429,0.0590773
1788232717937459200,OK,1,0,16.5938,0.358958,0,1182,0,-2.906276,0.186575,3.316117,0.0091435,-0.9967812,0.0550633,0.0575470
1788232717970799104,OK,1,0,15.5961,0.350667,0,1139,0,-2.907166,0.186614,3.302772,0.0093838,-0.9968927,0.0546012,0.0559969
1788232718004139008,OK,1,0,16.0554,0.35375,0,1129,0,-2.906005,0.185355,3.288987,0.0092332,-0.9969453,0.0544272,0.0552497
1788232718037478656,OK,1,0,15.4088,0.338917,0,1160,0,-2.910794,0.186040,3.275520,0.0089185,-0.9969496,0.0544209,0.0552298
1788232718070818304,OK,1,0,17.9105,0.37125,0,1140,0,-2.910757,0.185007,3.263625,0.0088727,-0.9969646,0.0544322,0.0549553
1788232718104158208,OK,1,0,15.6586,0.37825,0,1124,0,-2.914016,0.180847,3.252504,0.0084388,-0.9970576,0.0541305,0.0536169
1788232718137498112,OK,1,0,16.6692,0.341167,0,1124,0,-2.915039,0.183064,3.238793,0.0087687,-0.9970692,0.0543322,0.0531428
1788232718170839808,OK,1,0,17.2634,0.371291,0,1132,0,-2.915222,0.181632,3.226896,0.0089189,-0.9970712,0.0545520,0.0528540
1788232718204184576,OK,1,0,15.1004,0.35725,0,1126,0,-2.915247,0.179174,3.213414,0.0087897,-0.9970850,0.0545978,0.0525674
1788232718237528576,OK,1,0,17.2705,0.364916,0,1108,0,-2.916632,0.181087,3.199099,0.0092000,-0.9971057,0.0546780,0.0520184
1788232718270873600,OK,1,0,15.6537,0.32225,0,1136,0,-2.918886,0.180560,3.187775,0.0089978,-0.9971722,0.0544298,0.0510297
1788232718304218368,OK,1,0,16.3919,0.341042,0,1128,0,-2.917631,0.181010,3.174000,0.0086844,-0.9971945,0.0542912,0.0507964
1788232718337563136,OK,1,0,16.1065,0.33875,0,1129,0,-2.921168,0.178211,3.162512,0.0081894,-0.9972345,0.0541886,0.0501979
1788232718370908160,OK,1,0,17.3685,0.365417,0,1524,0,-2.919792,0.177195,3.147928,0.0077897,-0.9972498,0.0543525,0.0497804
1788232718404253440,OK,1,0,17.2581,0.344833,0,1361,0,-2.920725,0.178681,3.136065,0.0076603,-0.9972323,0.0549724,0.0494682
1788232718437598464,OK,1,0,16.4011,0.34875,0,1412,0,-2.924692,0.175533,3.126024,0.0074556,-0.9973226,0.0547299,0.0479254
1788232718470943488,OK,1,0,20.0221,0.321042,0,1447,0,-2.924174,0.174761,3.113608,0.0071236,-0.9974197,0.0544373,0.0462574
1788232718504288512,OK,1,0,18.7992,0.344417,0,1730,0,-2.924993,0.174147,3.100287,0.0067961,-0.9975037,0.0542186,0.0447268
1788232718537633792,OK,1,0,19.5886,0.340375,0,1601,0,-2.925707,0.175357,3.088269,0.0067782,-0.9975619,0.0544560,0.0431150
1788232718570979072,OK,1,0,15.7988,0.336584,0,1534,0,-2.925271,0.173487,3.075213,0.0070830,-0.9976699,0.0544005,0.0405610
1788232718604324096,OK,1,0,18.1932,0.356875,0,1513,0,-2.920829,0.172983,3.061470,0.0073375,-0.9978130,0.0540885,0.0372810
1788232718637669376,OK,1,0,16.9762,0.3505,0,1450,0,-2.920617,0.173010,3.048203,0.0072573,-0.9979493,0.0537834,0.0339402
1788232718671013632,OK,1,0,18.0915,0.35625,0,1469,0,-2.920097,0.169945,3.036865,0.0072820,-0.9980467,0.0538114,0.0308887
1788232718704359168,OK,1,0,17.4376,0.367375,0,1460,0,-2.917691,0.168784,3.023506,0.0068549,-0.9981621,0.0536930,0.0272498
1788232718737704448,OK,1,0,17.1111,0.362417,0,1447,0,-2.915739,0.167562,3.011662,0.0068829,-0.9982659,0.0535153,0.0235387
1788232718771049728,OK,1,0,18.644,0.355875,0,1398,0,-2.911904,0.169090,2.998178,0.0069251,-0.9983566,0.0534320,0.0195222
1788232718804395264,OK,1,0,16.0208,0.344875,0,1404,0,-2.910011,0.170285,2.984582,0.0071819,-0.9984386,0.0531882,0.0154874
1788232718837740800,OK,1,0,15.8781,0.340708,0,1378,0,-2.905296,0.168116,2.970625,0.0074370,-0.9985378,0.0523140,0.0114083
1788232718871086080,OK,1,0,15.3191,0.350709,0,1331,0,-2.901672,0.170019,2.956555,0.0076046,-0.9986029,0.0518525,0.0067638
1788232718904431616,OK,1,0,16.1697,0.345542,0,1277,0,-2.897335,0.167353,2.942619,0.0075978,-0.9986545,0.0512525,0.0021797
1788232718937777408,OK,1,0,15.0712,0.314083,0,1312,0,-2.895252,0.166107,2.930643,-0.0071496,0.9986582,-0.0512434,0.0022175
1788232718971122688,OK,1,0,15.3164,0.351125,0,1330,0,-2.892726,0.165188,2.917961,-0.0068706,0.9986382,-0.0512990,0.0065618
1788232719004468480,OK,1,0,16.0948,0.335625,0,1290,0,-2.888862,0.163594,2.905053,-0.0068132,0.9985935,-0.0514966,0.0106170
1788232719037814016,OK,1,0,14.639,0.340292,0,1249,0,-2.886278,0.162955,2.892791,-0.0068149,0.9985262,-0.0516098,0.0153437
1788232719071159552,OK,1,0,15.7454,0.331958,0,1245,0,-2.881893,0.161793,2.881488,-0.0068145,0.9984424,-0.0516068,0.0200807
1788232719104505344,OK,1,0,16.0474,0.345333,0,1186,0,-2.876264,0.160496,2.868910,-0.0070809,0.9983429,-0.0515077,0.0246614
1788232719137850112,OK,1,0,15.0394,0.36925,0,1158,0,-2.871587,0.161030,2.855978,-0.0068730,0.9982212,-0.0511922,0.0297738
1788232719171194112,OK,1,0,14.8801,0.333042,0,1152,0,-2.863547,0.161460,2.842458,-0.0070148,0.9980760,-0.0510024,0.0345535
1788232719204537856,OK,1,0,15.6824,0.347083,0,1170,0,-2.859340,0.159486,2.831527,-0.0071339,0.9978966,-0.0509260,0.0394741
1788232719237881856,OK,1,0,16.8447,0.318125,0,1115,0,-2.853780,0.158365,2.816479,-0.0073481,0.9977052,-0.0507390,0.0442265
1788232719271225600,OK,1,0,14.2716,0.358375,0,1044,0,-2.848689,0.158920,2.803963,-0.0072510,0.9975020,-0.0504145,0.0489445
1788232719304569344,OK,1,0,26.0349,0.340792,0,1042,0,-2.840377,0.153980,2.799208,-0.0077746,0.9972760,-0.0498736,0.0537849
1788232719337913344,OK,1,0,14.3676,0.338709,0,1014,0,-2.833217,0.155639,2.785151,-0.0081215,0.9969440,-0.0505954,0.0589649
1788232719371257088,OK,1,0,15.1387,0.379333,0,1234,0,-2.833558,0.153037,2.777380,-0.0076529,0.9965822,-0.0506972,0.0647698
1788232719404601088,OK,1,0,13.4969,0.344792,0,1087,0,-2.828805,0.151677,2.766114,-0.0071237,0.9962283,-0.0509118,0.0699035
1788232719437945088,OK,1,0,13.244,0.348917,0,1097,0,-2.819442,0.153405,2.753636,-0.0072842,0.9958130,-0.0515940,0.0751101
1788232719471288832,OK,1,0,13.0269,0.314458,0,1075,0,-2.813321,0.152287,2.742065,-0.0073943,0.9953781,-0.0514813,0.0807305
1788232719504632832,OK,1,0,13.2319,0.348,0,1033,0,-2.803335,0.151838,2.727739,-0.0074281,0.9949507,-0.0509294,0.0861640
1788232719537976832,OK,1,0,13.7035,0.35925,0,1023,0,-2.798002,0.149826,2.718122,-0.0075023,0.9944381,-0.0505652,0.0920855
1788232719571319552,OK,1,0,13.3019,0.343958,0,955,0,-2.789070,0.151174,2.706861,-0.0082528,0.9938676,-0.0508545,0.0978413
1788232719604663552,OK,1,0,13.4184,0.348875,0,1002,0,-2.780079,0.152148,2.694395,-0.0079436,0.9932690,-0.0505197,0.1039297
1788232719638007552,OK,1,0,14.1381,0.342,0,977,0,-2.774842,0.152463,2.682981,-0.0074130,0.9926175,-0.0502379,0.1101442
1788232719671351552,OK,1,0,13.6138,0.396166,0,976,0,-2.764759,0.151177,2.668929,-0.0073348,0.9919949,-0.0504716,0.1155200
1788232719704695552,OK,1,0,13.7562,0.332,0,938,0,-2.757320,0.148693,2.658557,-0.0081683,0.9912968,-0.0503513,0.1213618
1788232719738039552,OK,1,0,16.5072,0.336917,0,943,0,-2.745825,0.149827,2.645052,-0.0080961,0.9905925,-0.0502201,0.1270387
1788232719771383552,OK,1,0,13.7519,0.362167,0,907,0,-2.744351,0.147226,2.642212,-0.0082147,0.9897870,-0.0496732,0.1333674
1788232719804727552,OK,1,0,14.7635,0.357041,0,888,0,-2.737661,0.147260,2.633377,-0.0079009,0.9889600,-0.0498712,0.1393144
1788232719838071552,OK,1,0,13.8588,0.362625,0,887,0,-2.724290,0.146954,2.618155,-0.0081304,0.9881008,-0.0498801,0.1452679
1788232719871415808,OK,1,0,13.2508,0.332458,0,854,0,-2.717346,0.146982,2.607433,-0.0073800,0.9871488,-0.0499559,0.1516151
1788232719904759808,OK,1,0,14.2812,0.336916,0,842,0,-2.711626,0.146066,2.599525,-0.0064096,0.9861984,-0.0501333,0.1576653
1788232719938103808,OK,1,0,14.5375,0.348708,0,814,0,-2.704162,0.143094,2.592239,-0.0068288,0.9851905,-0.0503119,0.1637736
1788232719971447808,OK,1,0,13.3389,0.344958,0,806,0,-2.691951,0.143446,2.581409,-0.0073808,0.9841496,-0.0500757,0.1699631
1788232720004791040,OK,1,0,13.2417,0.359125,0,758,0,-2.679298,0.142797,2.566440,-0.0070960,0.9831133,-0.0489873,0.1761768
1788232720038135040,OK,1,0,14.6095,0.352458,0,803,0,-2.672100,0.144166,2.560995,-0.0071013,0.9820371,-0.0489011,0.1821028
1788232720071479040,OK,1,0,13.5911,0.363542,0,736,0,-2.664155,0.143535,2.550619,-0.0070954,0.9808583,-0.0489615,0.1883333
1788232720104823296,OK,1,0,13.7034,0.349958,0,767,0,-2.650783,0.139702,2.546225,-0.0078497,0.9797211,-0.0483854,0.1942779
1788232720138167296,OK,1,0,13.8305,0.347208,0,947,0,-2.643836,0.140773,2.537970,-0.0069886,0.9784511,-0.0484605,0.2005897
1788232720171511552,OK,1,0,13.2918,0.338709,0,834,0,-2.635139,0.140212,2.529955,-0.0070115,0.9771768,-0.0484451,0.2067109
1788232720204858112,OK,1,0,12.7004,0.34975,0,893,0,-2.620894,0.139458,2.518078,-0.0070927,0.9758681,-0.0479229,0.2129191
1788232720238204928,OK,1,0,13.6106,0.351292,0,872,0,-2.613599,0.139339,2.513043,-0.0065384,0.9745097,-0.0475948,0.2191412
1788232720271551488,OK,1,0,15.276,0.356875,0,829,0,-2.602196,0.139762,2.502827,-0.0065329,0.9731959,-0.0475438,0.2249151
1788232720304898560,OK,1,0,14.9509,0.328708,0,830,0,-2.590935,0.140614,2.493198,-0.0062980,0.9717714,-0.0477597,0.2309538
1788232720338245120,OK,1,0,14.1389,0.329042,0,812,0,-2.579597,0.140524,2.484054,-0.0063153,0.9703432,-0.0476552,0.2369035
1788232720371591936,OK,1,0,15.4361,0.330875,0,794,0,-2.569881,0.139704,2.477052,-0.0060936,0.9689204,-0.0474250,0.2427079
1788232720404939008,OK,1,0,13.8069,0.362917,0,786,0,-2.559148,0.140461,2.467828,-0.0060447,0.9674432,-0.0474428,0.2485282
1788232720438285824,OK,1,0,14.939,0.386333,0,752,0,-2.545707,0.140119,2.457209,-0.0061973,0.9659017,-0.0476079,0.2544191
1788232720471631872,OK,1,0,14.9582,0.335542,0,714,0,-2.536094,0.138049,2.452150,-0.0064748,0.9642832,-0.0472076,0.2605522
1788232720504978944,OK,1,0,12.9608,0.332458,0,699,0,-2.527347,0.139733,2.445127,-0.0057495,0.9625939,-0.0474784,0.2666944
1788232720538326016,OK,1,0,14.635,0.353291,0,689,0,-2.516793,0.139095,2.442258,-0.0060544,0.9610282,-0.0474024,0.2722889
1788232720571673088,OK,1,0,13.0163,0.367875,0,662,0,-2.501650,0.139308,2.426546,-0.0063431,0.9593780,-0.0471274,0.2780875
1788232720605020160,OK,1,0,15.9663,0.347,0,665,0,-2.492495,0.138247,2.420760,-0.0060605,0.9577277,-0.0467590,0.2837861
1788232720638367488,OK,1,0,12.6299,0.328375,0,658,0,-2.481938,0.138104,2.416602,-0.0063286,0.9563531,-0.0464858,0.2884229
1788232720671714816,OK,1,0,13.1211,0.358375,0,629,0,-2.472244,0.137639,2.409466,-0.0069622,0.9550816,-0.0463794,0.2926082
1788232720705061888,OK,1,0,14.1844,0.331125,0,609,0,-2.459131,0.137290,2.398666,-0.0069983,0.9537914,-0.0459877,0.2968469
1788232720738409472,OK,1,0,14.667,0.335625,0,594,0,-2.451812,0.137537,2.395288,-0.0066716,0.9524484,-0.0459241,0.3011456
1788232720771756800,OK,1,0,13.0461,0.331458,0,566,0,-2.441693,0.138747,2.381326,-0.0063043,0.9509923,-0.0463221,0.3056602
1788232720805104128,OK,1,0,13.2673,0.311333,0,532,0,-2.435622,0.137268,2.378738,-0.0059128,0.9497602,-0.0462652,0.3094837
1788232720838451712,OK,1,0,14.1438,0.359458,0,545,0,-2.424378,0.137116,2.368464,-0.0050327,0.9486688,-0.0465790,0.3127819
1788232720871799040,OK,1,0,11.6764,0.365625,0,560,0,-2.412267,0.134786,2.362754,-0.0053375,0.9474944,-0.0470123,0.3162527
1788232720905145600,OK,1,0,12.5982,0.324291,0,860,0,-2.402529,0.135970,2.356634,-0.0047262,0.9460917,-0.0470005,0.3204358
1788232720938493184,OK,1,0,14.8805,0.340875,0,1101,0,-2.392926,0.137478,2.351181,-0.0044872,0.9449190,-0.0469159,0.3238933
1788232720971840768,OK,1,0,16.183,0.308625,0,1033,0,-2.381722,0.135060,2.341420,-0.0046606,0.9436437,-0.0462161,0.3276872
1788232721005188352,OK,1,0,15.7148,0.355625,0,1015,0,-2.370429,0.135685,2.334443,-0.0049859,0.9422747,-0.0459691,0.3316329
1788232721038536192,OK,1,0,15.2639,0.349459,0,978,0,-2.360358,0.136255,2.326363,-0.0049407,0.9408795,-0.0462223,0.3355369
1788232721071884032,OK,1,0,15.5074,0.363542,0,975,0,-2.350134,0.135013,2.318768,-0.0052547,0.9395460,-0.0461149,0.3392627
1788232721105231616,OK,1,0,16.7964,0.352167,0,969,0,-2.340554,0.135478,2.312149,-0.0050578,0.9381899,-0.0462583,0.3429785
1788232721138579712,OK,1,0,14.9888,0.345084,0,922,0,-2.329710,0.134678,2.304347,-0.0050472,0.9368289,-0.0465292,0.3466430
1788232721171927296,OK,1,0,14.537,0.344959,0,912,0,-2.320489,0.134437,2.295604,-0.0042106,0.9352571,-0.0468296,0.3508325
1788232721205264128,OK,1,0,15.0856,0.386958,0,903,0,-2.311418,0.134175,2.288372,-0.0036310,0.9337637,-0.0471101,0.3547574
1788232721238600704,OK,1,0,17.0871,0.381417,0,891,0,-2.302569,0.132539,2.283163,-0.0030824,0.9324532,-0.0469964,0.3582080
1788232721271937280,OK,1,0,14.9326,0.336291,0,848,0,-2.293006,0.132031,2.275778,-0.0028821,0.9310185,-0.0471644,0.3619003
1788232721305273856,OK,1,0,13.6394,0.344,0,827,0,-2.281316,0.133735,2.270810,-0.0030331,0.9295173,-0.0476471,0.3656750
1788232721338609664,OK,1,0,13.7825,0.333833,0,816,0,-2.271557,0.130997,2.262952,-0.0037317,0.9279328,-0.0474436,0.3696970
1788232721371945984,OK,1,0,14.2601,0.375167,0,787,0,-2.258751,0.131331,2.256205,-0.0038904,0.9264873,-0.0473180,0.3733193
1788232721405282560,OK,1,0,15.0351,0.332208,0,778,0,-2.246963,0.131020,2.251535,-0.0044712,0.9251649,-0.0477486,0.3765235
1788232721438619136,OK,1,0,13.8911,0.338083,0,778,0,-2.237066,0.132347,2.246086,-0.0042383,0.9236163,-0.0480386,0.3802728
1788232721471955456,OK,1,0,13.304,0.356083,0,756,0,-2.227100,0.129085,2.239310,-0.0035992,0.9221420,-0.0478167,0.3838681
1788232721505292032,OK,1,0,13.9853,0.321042,0,746,0,-2.218422,0.130051,2.229965,-0.0027345,0.9204469,-0.0485463,0.3878316
1788232721538628096,OK,1,0,16.4683,0.356208,0,720,0,-2.208126,0.128932,2.229686,-0.0029830,0.9190497,-0.0489468,0.3910792
1788232721571964672,OK,1,0,12.4429,0.354375,0,703,0,-2.195324,0.128951,2.222920,-0.0031256,0.9173869,-0.0488848,0.3949707
1788232721605300992,OK,1,0,14.4065,0.360709,0,744,0,-2.179528,0.122010,2.224968,-0.0034803,0.9160644,-0.0482980,0.3980972
1788232721638637312,OK,1,0,13.7884,0.357375,0,948,0,-2.164868,0.123393,2.214973,-0.0039044,0.9144463,-0.0483454,0.4017903
1788232721671973376,OK,1,0,14.394,0.335125,0,1177,0,-2.154038,0.122894,2.210846,-0.0042924,0.9129092,-0.0485173,0.4052462
1788232721705309696,OK,1,0,15.959,0.349417,0,1161,0,-2.143208,0.122365,2.203144,-0.0039683,0.9114635,-0.0484762,0.4084956
1788232721738646016,OK,1,0,14.7389,0.348542,0,1140,0,-2.133341,0.123230,2.197809,-0.0037455,0.9102416,-0.0486558,0.4111919
1788232721771982080,OK,1,0,14.8335,0.343583,0,1104,0,-2.123786,0.122987,2.190938,-0.0031037,0.9091528,-0.0489483,0.4135645
1788232721805317120,OK,1,0,14.5243,0.348708,0,1103,0,-2.113891,0.121227,2.184837,-0.0028937,0.9081777,-0.0488274,0.4157171
1788232721838653440,OK,1,0,17.1306,0.388708,0,1077,0,-2.103094,0.121038,2.175148,-0.0027711,0.9067707,-0.0487440,0.4187878
1788232721871989504,OK,1,0,14.7505,0.367291,0,1046,0,-2.091147,0.120735,2.169140,-0.0036763,0.9055377,-0.0487834,0.4214359
1788232721905325312,OK,1,0,14.7556,0.356333,0,1035,0,-2.078728,0.120374,2.166172,-0.0042250,0.9045700,-0.0487196,0.4235111
1788232721938661376,OK,1,0,13.9659,0.342334,0,1213,0,-2.066773,0.121983,2.157657,-0.0036167,0.9035708,-0.0482397,0.4256991
1788232721971997440,OK,1,0,16.4752,0.384791,0,1100,0,-2.056372,0.121363,2.150465,-0.0036354,0.9024099,-0.0481942,0.4281594
1788232722005333504,OK,1,0,17.544,0.359125,0,1115,0,-2.049662,0.121031,2.144429,-0.0031206,0.9009503,-0.0489642,0.4311396
1788232722038669312,OK,1,0,14.2079,0.353,0,1122,0,-2.039610,0.121418,2.139078,-0.0028542,0.8997760,-0.0487615,0.4336096
1788232722072005120,OK,1,0,14.3892,0.330917,0,1312,0,-2.027905,0.120374,2.132097,-0.0026520,0.8986832,-0.0484141,0.4359101
1788232722105341184,OK,1,0,14.8751,0.372584,0,1286,0,-2.017684,0.119676,2.125579,-0.0032165,0.8973760,-0.0484924,0.4385824
1788232722138676736,OK,1,0,14.3697,0.362583,0,1287,0,-2.004937,0.120362,2.122035,-0.0037016,0.8962651,-0.0488871,0.4408007
1788232722172012800,OK,1,0,14.3394,0.342375,0,1260,0,-1.993061,0.119479,2.115284,-0.0038658,0.8949534,-0.0480854,0.4435439
1788232722205351168,OK,1,0,14.4442,0.3365,0,1250,0,-1.979652,0.119600,2.111629,-0.0038472,0.8939077,-0.0477680,0.4456820
1788232722238688768,OK,1,0,14.8678,0.357667,0,1235,0,-1.967720,0.118426,2.104441,-0.0036214,0.8926743,-0.0479383,0.4481311
1788232722272027136,OK,1,0,15.4175,0.379125,0,1250,0,-1.955497,0.119360,2.100054,-0.0030851,0.8916608,-0.0481591,0.4501247
1788232722305365504,OK,1,0,15.7957,0.354292,0,1187,0,-1.939990,0.124166,2.095364,-0.0025746,0.8905812,-0.0485941,0.4522136
1788232722338703872,OK,1,0,15.0034,0.355417,0,1207,0,-1.928988,0.118713,2.088700,-0.0030133,0.8892481,-0.0477638,0.4549147
1788232722372042496,OK,1,0,14.4223,0.3535,0,1196,0,-1.923704,0.119962,2.080486,-0.0029271,0.8877595,-0.0479751,0.4577914
1788232722405380864,OK,1,0,14.6538,0.394792,0,1167,0,-1.904062,0.118312,2.077644,-0.0033025,0.8869677,-0.0474110,0.4593796
1788232722438719232,OK,1,0,15.2533,0.339083,0,1192,0,-1.893930,0.119398,2.069232,-0.0032456,0.8857449,-0.0471999,0.4617548
1788232722472057600,OK,1,0,15.643,0.358417,0,1159,0,-1.883970,0.120705,2.062859,-0.0035752,0.8844766,-0.0479054,0.4641051
1788232722505395968,OK,1,0,15.0853,0.362583,0,1138,0,-1.869768,0.119357,2.058212,-0.0034448,0.8835831,-0.0477221,0.4658238
1788232722538734336,OK,1,0,14.5403,0.354583,0,1126,0,-1.861389,0.122136,2.053004,-0.0028804,0.8828703,-0.0478632,0.4671627
1788232722572072704,OK,1,0,15.0067,0.349792,0,1124,0,-1.849898,0.124501,2.047587,-0.0027529,0.8821902,-0.0480673,0.4684254
1788232722605411072,OK,1,0,14.8012,0.337917,0,1099,0,-1.832967,0.122174,2.044166,-0.0037523,0.8816400,-0.0482060,0.4694392
1788232722638749184,OK,1,0,22.6812,0.33475,0,1153,0,-1.818816,0.118570,2.029683,-0.0045012,0.8808319,-0.0476386,0.4710048
1788232722672086784,OK,1,0,14.4238,0.351,0,1179,0,-1.808267,0.120645,2.021404,-0.0047011,0.8800525,-0.0471340,0.4725081
1788232722705425152,OK,1,0,14.1784,0.322667,0,1363,0,-1.794700,0.122125,2.017320,-0.0050076,0.8796808,-0.0475243,0.4731576
1788232722738763520,OK,1,0,15.2071,0.304916,0,1419,0,-1.783038,0.121122,2.008713,-0.0048993,0.8791361,-0.0471812,0.4742044
1788232722772101632,OK,1,0,14.5724,0.337792,0,1369,0,-1.769873,0.123782,2.004755,-0.0046738,0.8788252,-0.0471636,0.4747841
1788232722805440000,OK,1,0,14.5152,0.35375,0,1320,0,-1.761658,0.123586,1.996649,-0.0045624,0.8780615,-0.0473836,0.4761742
1788232722838778368,OK,1,0,15.0636,0.33175,0,1295,0,-1.747958,0.122244,1.990039,-0.0046274,0.8775013,-0.0471969,0.4772238
1788232722872116480,OK,1,0,15.3056,0.340791,0,1321,0,-1.740295,0.120230,1.981767,-0.0045727,0.8768017,-0.0469008,0.4785376
1788232722905454848,OK,1,0,16.2333,0.356417,0,1305,0,-1.725497,0.121714,1.979761,-0.0044043,0.8765934,-0.0472792,0.4788834
1788232722938792960,OK,1,0,16.6453,0.34275,0,1300,0,-1.716676,0.119489,1.972557,-0.0044503,0.8759426,-0.0473363,0.4800667
1788232722972131328,OK,1,0,15.8306,0.386834,0,1290,0,-1.706448,0.119151,1.967404,-0.0043501,0.8753468,-0.0472382,0.4811628
1788232723005469440,OK,1,0,16.214,0.388792,0,1285,0,-1.693451,0.120788,1.960985,-0.0041666,0.8747354,-0.0474806,0.4822513
1788232723038807808,OK,1,0,15.6692,0.334542,0,1271,0,-1.682595,0.120048,1.955760,-0.0037699,0.8743113,-0.0476791,0.4830033
1788232723072145920,OK,1,0,14.9422,0.400625,0,1263,0,-1.672001,0.116783,1.951262,-0.0043246,0.8739915,-0.0470715,0.4836366
1788232723105484288,OK,1,0,15.2082,0.395166,0,1254,0,-1.660972,0.118935,1.943187,-0.0041008,0.8734407,-0.0471620,0.4846237
1788232723138821632,OK,1,0,15.7849,0.355792,0,1248,0,-1.649664,0.115581,1.936635,-0.0043618,0.8728645,-0.0468280,0.4856909
1788232723172159744,OK,1,0,15.3587,0.40425,0,1222,0,-1.637263,0.115150,1.927827,-0.0047762,0.8720587,-0.0463101,0.4871818
1788232723205508096,OK,1,0,16.5941,0.35125,0,1214,0,-1.627000,0.121146,1.921651,-0.0045241,0.8714765,-0.0470498,0.4881541
1788232723238856704,OK,1,0,15.7642,0.332834,0,1234,0,-1.612557,0.117764,1.915092,-0.0052065,0.8708771,-0.0463750,0.4892805
1788232723272205056,OK,1,0,15.2895,0.364584,0,1524,0,-1.596495,0.119891,1.910619,-0.0054699,0.8706539,-0.0462902,0.4896826
1788232723305553664,OK,1,0,15.0522,0.334291,0,1552,0,-1.585261,0.121417,1.906489,-0.0057934,0.8701138,-0.0467836,0.4905913
1788232723338902272,OK,1,0,15.7622,0.354417,0,1475,0,-1.575423,0.120589,1.901046,-0.0058887,0.8693570,-0.0465953,0.4919478
1788232723372250880,OK,1,0,15.762,0.344875,0,1453,0,-1.563477,0.116617,1.895269,-0.0058890,0.8687342,-0.0462013,0.4930839
1788232723405599488,OK,1,0,15.6173,0.354458,0,1423,0,-1.552026,0.117674,1.888873,-0.0055361,0.8680352,-0.0467471,0.4942662
1788232723438948352,OK,1,0,15.9528,0.362709,0,1395,0,-1.541064,0.116527,1.883703,-0.0048675,0.8676452,-0.0466792,0.4949638
1788232723472296960,OK,1,0,16.9175,0.339,0,1388,0,-1.532050,0.119827,1.876832,-0.0041268,0.8671259,-0.0470267,0.4958469
1788232723505645824,OK,1,0,17.1884,0.334708,0,1398,0,-1.520667,0.118875,1.872168,-0.0043144,0.8665442,-0.0469306,0.4968703
1788232723538994688,OK,1,0,17.4836,0.328667,0,1362,0,-1.509409,0.119940,1.865916,-0.0040902,0.8658723,-0.0470421,0.4980315
1788232723572342272,OK,1,0,17.2985,0.362375,0,1374,0,-1.498475,0.117537,1.858808,-0.0043824,0.8652336,-0.0464267,0.4991955
1788232723605691136,OK,1,0,15.4612,0.352291,0,1327,0,-1.484979,0.116989,1.852686,-0.0049099,0.8647314,-0.0457792,0.5001197
1788232723639040256,OK,1,0,16.2967,0.367333,0,1327,0,-1.472246,0.119201,1.848110,-0.0051882,0.8641514,-0.0465250,0.5010498
1788232723672389120,OK,1,0,16.1233,0.369333,0,1341,0,-1.462723,0.112541,1.846641,-0.0054924,0.8637040,-0.0457072,0.5018926
1788232723705738240,OK,1,0,16.2207,0.353,0,1734,0,-1.451623,0.112723,1.840863,-0.0056390,0.8631015,-0.0456210,0.5029341
1788232723739087104,OK,1,0,16.539,0.331542,0,1524,0,-1.441337,0.111301,1.834781,-0.0051581,0.8624694,-0.0459687,0.5039909
1788232723772436224,OK,1,0,16.1437,0.352042,0,1516,0,-1.431193,0.111480,1.829086,-0.0046822,0.8619525,-0.0459051,0.5048847
1788232723805785344,OK,1,0,16.2537,0.343958,0,1492,0,-1.419242,0.112428,1.823716,-0.0045883,0.8613559,-0.0460638,0.5058885
1788232723839134464,OK,1,0,15.5523,0.358125,0,1442,0,-1.407518,0.110154,1.819999,-0.0049472,0.8608101,-0.0461446,0.5068058
1788232723872483840,OK,1,0,16.5493,0.358166,0,1429,0,-1.395728,0.108567,1.815179,-0.0052302,0.8602764,-0.0457421,0.5077448
1788232723905832960,OK,1,0,16.1274,0.319,0,1437,0,-1.383209,0.108664,1.811275,-0.0055712,0.8594641,-0.0454575,0.5091406
1788232723939182336,OK,1,0,18.6221,0.330917,0,1418,0,-1.372994,0.109335,1.805012,-0.0055662,0.8583689,-0.0456307,0.5109694
1788232723972531456,OK,1,0,17.475,0.308625,0,1388,0,-1.358104,0.111033,1.802758,-0.0053890,0.8575312,-0.0457998,0.5123608
1788232724005879808,OK,1,0,16.246,0.372709,0,1349,0,-1.346495,0.111893,1.798740,-0.0053348,0.8560811,-0.0456216,0.5147966
1788232724039229184,OK,1,0,15.8702,0.379875,0,1362,0,-1.334048,0.109182,1.794159,-0.0054821,0.8547091,-0.0455759,0.5170735
1788232724072578816,OK,1,0,15.0205,0.364667,0,1361,0,-1.322300,0.111483,1.791859,-0.0044794,0.8536195,-0.0459518,0.5188469
1788232724105928192,OK,1,0,14.8003,0.322,0,1365,0,-1.310187,0.114027,1.780651,-0.0039790,0.8518510,-0.0458422,0.5217591
1788232724139277824,OK,1,0,15.2548,0.356458,0,1845,0,-1.298494,0.113695,1.777902,-0.0041446,0.8503650,-0.0460824,0.5241551
1788232724172627200,OK,1,0,16.6354,0.337667,0,1446,0,-1.285139,0.115620,1.774614,-0.0040617,0.8487118,-0.0460883,0.5268278
1788232724205963776,OK,1,0,14.8023,0.323584,0,1476,0,-1.271367,0.114714,1.771889,-0.0042899,0.8471640,-0.0454534,0.5293664
1788232724239300608,OK,1,0,15.5696,0.336917,0,1456,0,-1.258378,0.114791,1.768303,-0.0044063,0.8455817,-0.0450427,0.5319244
1788232724272636928,OK,1,0,16.2137,0.34275,0,1430,0,-1.248083,0.112894,1.764291,-0.0048057,0.8438501,-0.0451024,0.5346586
1788232724305973760,OK,1,0,15.8313,0.362875,0,1415,0,-1.233606,0.113839,1.763402,-0.0046692,0.8424392,-0.0450016,0.5368885
1788232724339310080,OK,1,0,16.7543,0.346209,0,1366,0,-1.219839,0.114222,1.759761,-0.0040725,0.8408740,-0.0445361,0.5393801
1788232724372646400,OK,1,0,16.3402,0.324708,0,1336,0,-1.210572,0.112499,1.755717,-0.0038790,0.8391610,-0.0444618,0.5420489
1788232724405982976,OK,1,0,16.0873,0.364166,0,1318,0,-1.196853,0.113361,1.754902,-0.0041319,0.8377581,-0.0447544,0.5441888
1788232724439319296,OK,1,0,16.2823,0.362708,0,1312,0,-1.183426,0.115010,1.754043,-0.0041259,0.8361452,-0.0448532,0.5466557
1788232724472654848,OK,1,0,16.6541,0.354916,0,1242,0,-1.168904,0.114512,1.752584,-0.0047503,0.8344952,-0.0446632,0.5491815
1788232724505990912,OK,1,0,15.9711,0.346458,0,1241,0,-1.158184,0.115284,1.749220,-0.0046059,0.8326172,-0.0450402,0.5519952
1788232724539327488,OK,1,0,16.272,0.36575,0,1281,0,-1.145992,0.114646,1.745186,-0.0038669,0.8307154,-0.0447156,0.5548851
1788232724572663552,OK,1,0,16.5054,0.341333,0,1874,0,-1.137578,0.113063,1.741648,-0.0029359,0.8290709,-0.0449722,0.5573242
1788232724605999872,OK,1,0,17.019,0.375458,0,1448,0,-1.124519,0.112112,1.739172,-0.0024063,0.8276010,-0.0450255,0.5595030
1788232724639335936,OK,1,0,16.9483,0.340834,0,1411,0,-1.113792,0.110511,1.737276,-0.0022896,0.8259916,-0.0451020,0.5618705
1788232724672672000,OK,1,0,16.0755,0.349167,0,1369,0,-1.102687,0.108004,1.736089,-0.0021149,0.8244190,-0.0448955,0.5641925
1788232724706008320,OK,1,0,17.1183,0.344208,0,1337,0,-1.091608,0.110543,1.733359,-0.0018976,0.8232918,-0.0456874,0.5657735
1788232724739344384,OK,1,0,15.9579,0.34725,0,1343,0,-1.076628,0.110530,1.731511,-0.0023950,0.8227826,-0.0464809,0.5664473
1788232724772680448,OK,1,0,18.8129,0.335333,0,1308,0,-1.066724,0.110236,1.728208,-0.0025231,0.8219551,-0.0466885,0.5676298
1788232724806016512,OK,1,0,16.3288,0.340375,0,1242,0,-1.054218,0.112101,1.723511,-0.0020693,0.8212487,-0.0470203,0.5686259
1788232724839352576,OK,1,0,15.8443,0.353375,0,1242,0,-1.041679,0.110431,1.722484,-0.0019092,0.8210279,-0.0469816,0.5689484
1788232724872688384,OK,1,0,17.3674,0.359917,0,1232,0,-1.030982,0.109986,1.717109,-0.0015019,0.8202987,-0.0468974,0.5700073
1788232724906023424,OK,1,0,15.9463,0.344875,0,1215,0,-1.018631,0.111796,1.712688,-0.0013612,0.8195221,-0.0472465,0.5710949
1788232724939359488,OK,1,0,14.9807,0.35475,0,1173,0,-1.005523,0.110564,1.710299,-0.0023746,0.8188885,-0.0467849,0.5720379
1788232724972695296,OK,1,0,14.4383,0.352833,0,1177,0,-0.992878,0.110539,1.707541,-0.0026749,0.8181682,-0.0469187,0.5730554
1788232725006031104,OK,1,0,15.2044,0.336792,0,1218,0,-0.980010,0.108059,1.704912,-0.0027283,0.8175467,-0.0464849,0.5739766
1788232725039366912,OK,1,0,15.772,0.343375,0,1944,0,-0.967978,0.107296,1.700733,-0.0028455,0.8171492,-0.0459055,0.5745884
1788232725072702720,OK,1,0,17.6713,0.328,0,1389,0,-0.957712,0.108937,1.694469,-0.0024866,0.8162343,-0.0461150,0.5758722
1788232725106038272,OK,1,0,15.2223,0.370291,0,1372,0,-0.944832,0.110017,1.691764,-0.0021469,0.8155498,-0.0462180,0.5768344
1788232725139374080,OK,1,0,15.3219,0.34125,0,1326,0,-0.933481,0.109305,1.687004,-0.0018819,0.8147594,-0.0463422,0.5779411
1788232725172709632,OK,1,0,17.4682,0.341458,0,1335,0,-0.921677,0.109453,1.684475,-0.0015275,0.8141197,-0.0465244,0.5788283
1788232725206046208,OK,1,0,16.0787,0.348542,0,1291,0,-0.910269,0.110523,1.680614,-0.0010739,0.8134372,-0.0462201,0.5798125
1788232725239382272,OK,1,0,18.3145,0.345208,0,1271,0,-0.898484,0.109357,1.676958,-0.0011783,0.8129398,-0.0464020,0.5804951
1788232725272718592,OK,1,0,17.1801,0.36,0,1232,0,-0.886128,0.108069,1.671865,-0.0013003,0.8120334,-0.0462708,0.5817723
1788232725306054656,OK,1,0,15.7833,0.332875,0,1227,0,-0.872403,0.108127,1.670813,-0.0012728,0.8116425,-0.0460643,0.5823340
1788232725339389952,OK,1,0,17.7237,0.353917,0,1217,0,-0.860478,0.106863,1.664587,-0.0009477,0.8107675,-0.0458959,0.5835657
1788232725372726016,OK,1,0,15.2686,0.382459,0,1150,0,-0.849168,0.109883,1.661678,-0.0004565,0.8101773,-0.0459284,0.5843828
1788232725406062080,OK,1,0,14.5864,0.361042,0,1142,0,-0.837587,0.108313,1.657329,-0.0005496,0.8095361,-0.0453179,0.5853181
1788232725439398144,OK,1,0,17.5193,0.3495,0,1087,0,-0.823783,0.108329,1.656799,-0.0009372,0.8093110,-0.0451391,0.5856426
1788232725472734208,OK,1,0,21.1397,0.350417,0,1121,0,-0.810374,0.107149,1.652712,-0.0012161,0.8084596,-0.0446935,0.5868511
1788232725506070016,OK,1,0,14.618,0.34825,0,1895,0,-0.797390,0.105948,1.649146,-0.0014742,0.8078719,-0.0444722,0.5876760
1788232725539406080,OK,1,0,16.085,0.339083,0,1513,0,-0.785433,0.107370,1.644763,-0.0010754,0.8073442,-0.0441370,0.5884268
1788232725572741888,OK,1,0,15.4027,0.328458,0,1386,0,-0.772007,0.108247,1.642590,-0.0016050,0.8068336,-0.0442649,0.5891160
1788232725606077696,OK,1,0,16.1687,0.328292,0,1344,0,-0.758452,0.106610,1.641446,-0.0024525,0.8060544,-0.0439665,0.5902011
1788232725639413504,OK,1,0,15.8392,0.349333,0,1307,0,-0.745071,0.107209,1.639048,-0.0025471,0.8053325,-0.0438386,0.5911947
1788232725672749312,OK,1,0,16.7679,0.343959,0,1234,0,-0.732677,0.106301,1.634869,-0.0025606,0.8046759,-0.0439228,0.5920818
1788232725706084864,OK,1,0,16.5273,0.360792,0,1241,0,-0.721903,0.107294,1.630739,-0.0017013,0.8039783,-0.0435459,0.5930597
1788232725739420672,OK,1,0,16.235,0.345167,0,1205,0,-0.709711,0.108893,1.626418,-0.0009884,0.8034009,-0.0436430,0.5938361
1788232725772756224,OK,1,0,16.0532,0.341084,0,1186,0,-0.697651,0.106637,1.624889,-0.0012637,0.8028727,-0.0434396,0.5945644
1788232725806090752,OK,1,0,16.3605,0.38025,0,1164,0,-0.684987,0.107150,1.622177,-0.0015907,0.8020903,-0.0433041,0.5956284
1788232725839426560,OK,1,0,14.525,0.375417,0,1138,0,-0.671338,0.107601,1.621409,-0.0021441,0.8017192,-0.0431156,0.5961398
1788232725872761856,OK,1,0,14.102,0.361458,0,1090,0,-0.656995,0.108487,1.618469,-0.0026040,0.8012124,-0.0428620,0.5968372
1788232725906097408,OK,1,0,14.4654,0.346125,0,1106,0,-0.641506,0.106557,1.615344,-0.0031032,0.8006021,-0.0421617,0.5977031
1788232725939432960,OK,1,0,14.2258,0.325583,0,1888,0,-0.629201,0.108498,1.612512,-0.0028302,0.7998638,-0.0424022,0.5986753
1788232725972768256,OK,1,0,15.4955,0.342083,0,1435,0,-0.616359,0.108708,1.610106,-0.0029753,0.7989911,-0.0420960,0.5998602
1788232726006103808,OK,1,0,15.3091,0.328167,0,1342,0,-0.603342,0.107168,1.606543,-0.0029837,0.7977162,-0.0415010,0.6015959
1788232726039438848,OK,1,0,15.2521,0.358708,0,1297,0,-0.590492,0.108138,1.604988,-0.0024046,0.7968500,-0.0411545,0.6027691
1788232726072774400,OK,1,0,18.1469,0.344167,0,1260,0,-0.579087,0.106284,1.602328,-0.0029365,0.7956963,-0.0409678,0.6043018
1788232726106109696,OK,1,0,16.1686,0.332833,0,1217,0,-0.566672,0.106892,1.601159,-0.0029658,0.7944154,-0.0413239,0.6059602
1788232726139444736,OK,1,0,16.308,0.304416,0,1171,0,-0.554001,0.108808,1.600211,-0.0029360,0.7930467,-0.0413429,0.6077492
1788232726172780032,OK,1,0,15.8386,0.369667,0,1146,0,-0.540043,0.107852,1.599890,-0.0032270,0.7919083,-0.0407922,0.6092675
1788232726206118912,OK,1,0,14.8398,0.346916,0,1109,0,-0.526349,0.105837,1.598152,-0.0037966,0.7903742,-0.0402236,0.6112908
1788232726239457024,OK,1,0,15.4846,0.35825,0,1053,0,-0.514012,0.107346,1.595118,-0.0037055,0.7885297,-0.0400793,0.6136782
1788232726272795904,OK,1,0,14.3995,0.36475,0,1048,0,-0.499910,0.106655,1.597381,-0.0042436,0.7868443,-0.0398142,0.6158515
1788232726306134784,OK,1,0,13.1672,0.340208,0,1013,0,-0.486724,0.108756,1.595312,-0.0037961,0.7849264,-0.0399007,0.6182913
1788232726339473920,OK,1,0,13.2747,0.344958,0,970,0,-0.474051,0.106654,1.594983,-0.0036350,0.7833993,-0.0393052,0.6202639
1788232726372812800,OK,1,0,13.6933,0.341208,0,1761,0,-0.460331,0.107292,1.593825,-0.0033130,0.7814002,-0.0389371,0.6228055
1788232726406151680,OK,1,0,15.5111,0.329792,0,1328,0,-0.446740,0.108265,1.595620,-0.0033280,0.7793978,-0.0394206,0.6252790
1788232726439490560,OK,1,0,13.6855,0.338042,0,1264,0,-0.434232,0.109064,1.596023,-0.0032806,0.7768623,-0.0394540,0.6284248
1788232726472829696,OK,1,0,14.3011,0.339834,0,1217,0,-0.420678,0.108712,1.596321,-0.0035064,0.7744234,-0.0389039,0.6314607
1788232726506168576,OK,1,0,15.1045,0.344875,0,1168,0,-0.408250,0.109638,1.597815,-0.0033094,0.7721823,-0.0382537,0.6342399
1788232726539507200,OK,1,0,14.0365,0.345875,0,1119,0,-0.395148,0.109727,1.600083,-0.0035259,0.7701051,-0.0384487,0.6367475
1788232726572846080,OK,1,0,14.5396,0.3785,0,1041,0,-0.382397,0.109703,1.600799,-0.0035570,0.7675067,-0.0385765,0.6398693
1788232726606184960,OK,1,0,14.1601,0.356959,0,983,0,-0.370102,0.109432,1.602563,-0.0033286,0.7649316,-0.0379930,0.6429814
1788232726639523840,OK,1,0,13.8978,0.370541,0,991,0,-0.357448,0.109561,1.602911,-0.0029924,0.7622679,-0.0378499,0.6461473
1788232726672861696,OK,1,0,13.5577,0.366208,0,931,0,-0.345568,0.109230,1.604003,-0.0028614,0.7597824,-0.0380638,0.6490560
1788232726706200832,OK,1,0,12.9642,0.349625,0,863,0,-0.331571,0.110051,1.607222,-0.0032473,0.7569550,-0.0385104,0.6523232
1788232726739539712,OK,1,0,11.7759,0.338709,0,851,0,-0.316050,0.112540,1.608915,-0.0029015,0.7539307,-0.0378608,0.6558556
1788232726772878592,OK,1,0,11.6802,0.329208,0,1810,0,-0.303538,0.112736,1.611611,-0.0025827,0.7512232,-0.0372561,0.6589910
1788232726806217472,OK,1,0,12.7257,0.341834,0,1282,0,-0.290549,0.113730,1.613113,-0.0021850,0.7484712,-0.0371430,0.6621227
1788232726839556352,OK,1,0,13.4572,0.354916,0,1196,0,-0.280022,0.114439,1.616606,-0.0017555,0.7459951,-0.0377500,0.6648783
1788232726872895232,OK,1,0,13.0605,0.327083,0,1143,0,-0.266963,0.116004,1.617678,-0.0013504,0.7429715,-0.0377047,0.6682588
1788232726906234112,OK,1,0,13.591,0.32725,0,1105,0,-0.254250,0.114960,1.619269,-0.0010574,0.7401618,-0.0373509,0.6713898
1788232726939572992,OK,1,0,12.1022,0.34,0,1055,0,-0.241886,0.116893,1.622574,-0.0005413,0.7374657,-0.0377695,0.6743276
1788232726972911616,OK,1,0,12.9477,0.37125,0,982,0,-0.230108,0.117794,1.627693,-0.0005484,0.7346660,-0.0382496,0.6773496
1788232727006250496,OK,1,0,11.3668,0.337833,0,923,0,-0.217275,0.116498,1.630773,-0.0009049,0.7312706,-0.0381441,0.6810195
1788232727039589376,OK,1,0,12.5084,0.352292,0,886,0,-0.205385,0.116767,1.634159,-0.0005496,0.7280776,-0.0378596,0.6844483
1788232727072928256,OK,1,0,11.7082,0.385542,0,831,0,-0.192829,0.115951,1.636557,-0.0003048,0.7249817,-0.0373390,0.6877553
1788232727106267136,OK,1,0,11.0195,0.366083,0,825,0,-0.181659,0.117103,1.639488,0.0000036,0.7219163,-0.0378674,0.6909435
1788232727139604992,OK,1,0,11.2242,0.35125,0,801,0,-0.165693,0.113779,1.644525,-0.0004883,0.7189090,-0.0372326,0.6941061
1788232727172943616,OK,1,0,11.5574,0.345625,0,1878,0,-0.152593,0.114615,1.647554,-0.0006123,0.7156169,-0.0370407,0.6975099
1788232727206291200,OK,1,0,13.6399,0.351583,0,1305,0,-0.140028,0.115430,1.652723,-0.0009001,0.7124690,-0.0368873,0.7007328
1788232727239639040,OK,1,0,13.0103,0.369667,0,1177,0,-0.124656,0.115433,1.654685,-0.0011757,0.7087760,-0.0367736,0.7044735
1788232727272986368,OK,1,0,13.1638,0.325667,0,1096,0,-0.113298,0.116825,1.660977,-0.0013056,0.7056476,-0.0370427,0.7075928
1788232727306334208,OK,1,0,12.5395,0.371042,0,1045,0,-0.101673,0.118808,1.665699,-0.0005765,0.7023230,-0.0374547,0.7108721
1788232727339681792,OK,1,0,12.6419,0.333125,0,982,0,-0.090186,0.117007,1.667678,-0.0002737,0.6988014,-0.0367684,0.7143702
1788232727373029632,OK,1,0,12.3425,0.3575,0,934,0,-0.078696,0.116258,1.670839,0.0003053,0.6956366,-0.0364145,0.7174703
1788232727406377472,OK,1,0,12.6645,0.36625,0,863,0,-0.067171,0.116872,1.674224,0.0008168,0.6922712,-0.0363832,0.7207192
1788232727439725312,OK,1,0,11.1156,0.342833,0,856,0,-0.055103,0.118248,1.678051,0.0011023,0.6888803,-0.0366554,0.7239469
1788232727473073152,OK,1,0,11.3238,0.35175,0,796,0,-0.041911,0.117293,1.681524,0.0008099,0.6852030,-0.0362609,0.7274485
1788232727506421248,OK,1,0,11.0453,0.350083,0,832,0,-0.027270,0.120027,1.685933,0.0012260,0.6816672,-0.0358197,0.7307841
1788232727539769344,OK,1,0,10.9502,0.3535,0,1721,0,-0.013951,0.120394,1.691514,0.0008611,0.6782157,-0.0354416,0.7340072
1788232727573116416,OK,1,0,13.0205,0.334,0,1198,0,-0.000746,0.121050,1.695448,0.0005556,0.6744099,-0.0356620,0.7374952
1788232727606464512,OK,1,0,12.0394,0.320708,0,1066,0,0.010198,0.121062,1.700779,0.0006459,0.6711732,-0.0355932,0.7404453
1788232727639812864,OK,1,0,12.3935,0.348125,0,1042,0,0.022005,0.122358,1.706444,0.0008868,0.6679125,-0.0355709,0.7433887
1788232727673160960,OK,1,0,12.204,0.353125,0,969,0,0.033298,0.122823,1.711377,0.0011417,0.6645063,-0.0355467,0.7464359
1788232727706509312,OK,1,0,12.3813,0.326792,0,931,0,0.045084,0.121858,1.716629,0.0014275,0.6609911,-0.0356869,0.7495434
1788232727739857664,OK,1,0,11.9119,0.346917,0,880,0,0.055463,0.121693,1.721231,0.0022231,0.6573963,-0.0355975,0.7527004
1788232727773206016,OK,1,0,11.1288,0.360625,0,853,0,0.066541,0.122383,1.726311,0.0028562,0.6540887,-0.0353509,0.7555860
1788232727806554368,OK,1,0,10.9442,0.390208,0,794,0,0.077967,0.121676,1.730185,0.0031950,0.6504885,-0.0353223,0.7586876
1788232727839902720,OK,1,0,9.60033,0.350334,0,760,0,0.087718,0.122380,1.737231,0.0032782,0.6471552,-0.0357239,0.7615138
1788232727873251584,OK,1,0,9.38033,0.350125,0,740,0,0.102297,0.123583,1.747803,0.0030093,0.6441005,-0.0358261,0.7640955
1788232727906600192,OK,1,0,9.82762,0.334917,0,1520,0,0.113811,0.127069,1.754030,0.0034840,0.6403490,-0.0360847,0.7672281
1788232727939948800,OK,1,0,10.4825,0.333375,0,1011,0,0.124116,0.127709,1.761804,0.0032276,0.6370405,-0.0366158,0.7699534
1788232727973297408,OK,1,0,10.7122,0.342625,0,950,0,0.135468,0.127706,1.768019,0.0032412,0.6334332,-0.0364352,0.7729324
1788232728006644992,OK,1,0,10.4248,0.339958,0,929,0,0.144020,0.129067,1.774742,0.0037936,0.6303096,-0.0366470,0.7754691
1788232728039993856,OK,1,0,11.3501,0.348375,0,887,0,0.154416,0.128310,1.780857,0.0043551,0.6268634,-0.0364061,0.7782661
1788232728073342720,OK,1,0,11.3855,0.374542,0,846,0,0.163169,0.127440,1.785966,0.0048015,0.6231459,-0.0369135,0.7812192
1788232728106691584,OK,1,0,10.5374,0.351291,0,824,0,0.173972,0.128782,1.794647,0.0050086,0.6196405,-0.0368147,0.7840059
1788232728140040448,OK,1,0,11.0579,0.338958,0,796,0,0.185726,0.129750,1.802058,0.0046828,0.6156265,-0.0366776,0.7871702
1788232728173389568,OK,1,0,11.0588,0.364208,0,771,0,0.196964,0.129535,1.812440,0.0040304,0.6125169,-0.0365531,0.7896015
1788232728206737408,OK,1,0,10.5637,0.36775,0,757,0,0.206863,0.131174,1.819673,0.0040487,0.6087194,-0.0372582,0.7924999
1788232728240084992,OK,1,0,9.89971,0.353875,0,757,0,0.222637,0.134102,1.821128,0.0048967,0.6031588,-0.0367934,0.7967570
1788232728273432832,OK,1,0,10.0968,0.335667,0,1492,0,0.232975,0.131729,1.829343,0.0043721,0.5999219,-0.0357730,0.7992464
1788232728306780672,OK,1,0,10.9817,0.332333,0,986,0,0.241742,0.131600,1.834700,0.0048040,0.5964176,-0.0354121,0.8018785
1788232728340128512,OK,1,0,10.8184,0.351458,0,961,0,0.252340,0.133072,1.842456,0.0054804,0.5926931,-0.0361305,0.8045989
1788232728373476352,OK,1,0,10.6704,0.345166,0,912,0,0.263008,0.131795,1.851595,0.0051589,0.5890704,-0.0357429,0.8072744
1788232728406824192,OK,1,0,11.1305,0.361,0,891,0,0.274591,0.134238,1.858182,0.0052250,0.5847608,-0.0349652,0.8104351
1788232728440172288,OK,1,0,11.6646,0.355042,0,858,0,0.285424,0.132846,1.866473,0.0043964,0.5811238,-0.0343451,0.8130783
1788232728473519360,OK,1,0,10.2443,0.341083,0,821,0,0.296825,0.134067,1.874496,0.0043380,0.5770711,-0.0349962,0.8159322
1788232728506867200,OK,1,0,11.2006,0.391958,0,820,0,0.303980,0.135038,1.885651,0.0039973,0.5737330,-0.0354647,0.8182645
1788232728540215296,OK,1,0,10.6034,0.361458,0,793,0,0.316036,0.135192,1.893228,0.0037588,0.5696999,-0.0346225,0.8211146
1788232728573563392,OK,1,0,10.4928,0.34425,0,759,0,0.326105,0.134698,1.900480,0.0039529,0.5660796,-0.0338807,0.8236446
1788232728606911744,OK,1,0,11.6249,0.339375,0,801,0,0.337731,0.135178,1.908251,0.0037839,0.5618041,-0.0346989,0.8265336
1788232728640259840,OK,1,0,9.78996,0.352375,0,732,0,0.347423,0.133939,1.916221,0.0035984,0.5578362,-0.0340364,0.8292451
1788232728673607936,OK,1,0,10.0034,0.312875,0,741,0,0.357735,0.137267,1.925749,0.0042940,0.5541437,-0.0337927,0.8317237
1788232728706956032,OK,1,0,10.2561,0.330958,0,1522,0,0.366657,0.137002,1.932618,0.0041669,0.5501379,-0.0333340,0.8343979
1788232728740304384,OK,1,0,11.7001,0.331416,0,1086,0,0.376045,0.137256,1.942071,0.0040064,0.5464970,-0.0331079,0.8367968
1788232728773652480,OK,1,0,11.2677,0.3495,0,962,0,0.385491,0.138297,1.950913,0.0037433,0.5425733,-0.0330068,0.8393515
1788232728807001088,OK,1,0,11.6877,0.355542,0,972,0,0.395639,0.140038,1.961628,0.0034084,0.5387135,-0.0329260,0.8418384
1788232728840349440,OK,1,0,12.4189,0.344333,0,940,0,0.405762,0.138846,1.969796,0.0026324,0.5346354,-0.0320935,0.8444691
1788232728873697792,OK,1,0,12.0948,0.329833,0,872,0,0.415118,0.139570,1.979760,0.0024185,0.5309732,-0.0321870,0.8467737
1788232728907045120,OK,1,0,11.5598,0.375166,0,816,0,0.424654,0.139639,1.989024,0.0024514,0.5269851,-0.0321599,0.8492623
1788232728940393472,OK,1,0,11.183,0.349084,0,788,0,0.433124,0.141035,1.998487,0.0026666,0.5228137,-0.0323325,0.8518294
1788232728973741824,OK,1,0,11.5137,0.287958,0,771,0,0.442754,0.141129,2.007978,0.0026582,0.5179031,-0.0318474,0.8548422
1788232729007090688,OK,1,0,12.2666,0.348667,0,730,0,0.450722,0.141652,2.018545,0.0025083,0.5127630,-0.0319165,0.8579330
1788232729040439040,OK,1,0,10.2512,0.335417,0,679,0,0.461851,0.142252,2.031906,0.0019079,0.5068644,-0.0316573,0.8614422
1788232729073787648,OK,1,0,10.1552,0.365209,0,641,0,0.469445,0.141489,2.043192,0.0009475,0.5005888,-0.0314093,0.8651147
1788232729107136256,OK,1,0,10.3301,0.337583,0,648,0,0.478602,0.139704,2.055030,-0.0005531,0.4934824,-0.0304068,0.8692240
1788232729140484864,OK,1,0,10.3259,0.343584,0,1376,0,0.483491,0.140693,2.067527,-0.0008333,0.4873471,-0.0306688,0.8726692
1788232729173833472,OK,1,0,12.2844,0.341708,0,927,0,0.491402,0.141345,2.079485,-0.0008410,0.4808034,-0.0304176,0.8763003
1788232729207174400,OK,1,0,11.433,0.365833,0,865,0,0.497171,0.141460,2.091395,-0.0006316,0.4744653,-0.0301953,0.8797560
1788232729240515328,OK,1,0,12.1156,0.353166,0,857,0,0.501753,0.142434,2.100676,0.0001351,0.4684490,-0.0296187,0.8829939
1788232729273856512,OK,1,0,11.3193,0.347875,0,807,0,0.509386,0.142262,2.112482,0.0003689,0.4622004,-0.0292648,0.8862924
1788232729307197184,OK,1,0,11.902,0.344917,0,787,0,0.514424,0.142877,2.124692,0.0007403,0.4558820,-0.0289876,0.8895677
1788232729340537344,OK,1,0,11.8233,0.350292,0,729,0,0.521479,0.143201,2.136265,0.0004981,0.4490915,-0.0282361,0.8930394
1788232729373878272,OK,1,0,12.0198,0.331583,0,680,0,0.525863,0.144866,2.149107,0.0001318,0.4429272,-0.0278570,0.8961247
1788232729407218944,OK,1,0,11.9913,0.336584,0,636,0,0.534166,0.145858,2.162389,-0.0001718,0.4359412,-0.0273728,0.8995588
1788232729440560128,OK,1,0,11.2398,0.347959,0,640,0,0.538493,0.145701,2.177162,-0.0010729,0.4296875,-0.0273279,0.9025634
1788232729473900800,OK,1,0,10.7112,0.327708,0,589,0,0.546591,0.147046,2.188885,-0.0010839,0.4220534,-0.0264667,0.9061839
1788232729507241728,OK,1,0,10.3812,0.3445,0,535,0,0.552445,0.149041,2.202452,-0.0008570,0.4146295,-0.0260977,0.9096156
1788232729540582400,OK,1,0,10.5677,0.320667,0,532,0,0.555157,0.148868,2.212131,-0.0000688,0.4070178,-0.0257471,0.9130573
1788232729573923584,OK,1,0,11.2841,0.363958,0,522,0,0.561472,0.149335,2.224843,0.0004596,0.3991792,-0.0251051,0.9165291
1788232729607264512,OK,1,0,10.8765,0.38225,0,529,0,0.569795,0.148100,2.239648,0.0006867,0.3915651,-0.0231596,0.9198587
1788232729640605184,OK,1,0,10.3686,0.354042,0,1185,0,0.571570,0.149060,2.252736,0.0010949,0.3842128,-0.0234912,0.9229451
1788232729673946112,OK,1,0,11.1282,0.348833,0,836,0,0.575398,0.150144,2.265057,0.0010534,0.3759624,-0.0232523,0.9263425
1788232729707286528,OK,1,0,12.0181,0.343917,0,738,0,0.577626,0.150902,2.277827,0.0004316,0.3679532,-0.0229901,0.9295599
1788232729740627456,OK,1,0,10.724,0.360042,0,699,0,0.579297,0.151208,2.291020,0.0002179,0.3601279,-0.0224076,0.9326338
1788232729773968384,OK,1,0,10.4779,0.343625,0,676,0,0.581054,0.153958,2.304227,0.0004086,0.3521566,-0.0226163,0.9356678
1788232729807308032,OK,1,0,11.4086,0.336459,0,647,0,0.583295,0.153742,2.315708,0.0003714,0.3441597,-0.0214633,0.9386657
1788232729840648704,OK,1,0,10.4781,0.334542,0,630,0,0.586120,0.153898,2.327231,0.0006510,0.3360904,-0.0208067,0.9415997
1788232729873989376,OK,1,0,10.7251,0.350791,0,587,0,0.586113,0.154166,2.339498,0.0008627,0.3281595,-0.0207916,0.9443932
1788232729907330304,OK,1,0,10.1822,0.327167,0,528,0,0.588757,0.155658,2.353152,0.0010012,0.3193355,-0.0199488,0.9474313
1788232729940670976,OK,1,0,9.039,0.326791,0,516,0,0.592243,0.155808,2.365924,0.0006029,0.3103748,-0.0185591,0.9504329
1788232729974011648,OK,1,0,9.07525,0.356917,0,472,0,0.589950,0.156868,2.379506,0.0006616,0.3022906,-0.0191468,0.9530233
1788232730007352320,OK,1,0,8.81312,0.323083,0,443,0,0.588827,0.158580,2.393176,0.0008811,0.2940301,-0.0186212,0.9556143
1788232730040692992,OK,1,0,8.80258,0.318334,0,453,0,0.589434,0.160744,2.408237,0.0006884,0.2858340,-0.0179323,0.9581111
1788232730074033664,OK,1,0,9.21054,0.398459,0,399,0,0.592835,0.161722,2.422101,0.0009327,0.2771648,-0.0170169,0.9606712
1788232730107374336,OK,1,0,7.548,0.291875,0,415,0,0.590779,0.163307,2.431716,0.0016079,0.2687297,-0.0171313,0.9630620
1788232730140714752,OK,1,0,8.12096,0.332667,0,906,0,0.590865,0.162850,2.445456,0.0010693,0.2597346,-0.0162534,0.9655427
1788232730174055680,OK,1,0,9.24458,0.3665,0,627,0,0.590037,0.163497,2.457216,0.0008895,0.2514384,-0.0153678,0.9677509
1788232730207397376,OK,1,0,8.88237,0.361875,0,572,0,0.587406,0.163469,2.469960,0.0007342,0.2431822,-0.0153412,0.9698590
1788232730240743680,OK,1,0,8.364,0.352042,0,512,0,0.583464,0.163112,2.483002,0.0004649,0.2347816,-0.0156337,0.9719223
1788232730274098176,OK,1,0,9.40046,0.342125,0,531,0,0.582085,0.165005,2.495721,0.0008416,0.2264012,-0.0150697,0.9739172
1788232730307452928,OK,1,0,9.10292,0.345625,0,512,0,0.578589,0.162982,2.507883,0.0008044,0.2183726,-0.0143922,0.9757590
1788232730340807424,OK,1,0,8.60004,0.344542,0,477,0,0.572794,0.163846,2.521871,0.0009207,0.2100483,-0.0147955,0.9775786
1788232730374162176,OK,1,0,8.33596,0.370625,0,451,0,0.571999,0.165096,2.536958,0.0008824,0.2013495,-0.0139155,0.9794202
1788232730407516928,OK,1,0,8.27008,0.345375,0,425,0,0.569589,0.166943,2.548327,0.0014572,0.1926960,-0.0132234,0.9811683
1788232730440871680,OK,1,0,7.93275,0.357417,0,435,0,0.567969,0.168590,2.562588,0.0016295,0.1838569,-0.0126005,0.9828709
1788232730474226432,OK,1,0,8.04096,0.358416,0,445,0,0.564835,0.167808,2.572097,0.0015095,0.1750411,-0.0123298,0.9844828
1788232730507581184,OK,1,0,8.59758,0.359667,0,446,0,0.560693,0.166151,2.587498,0.0008866,0.1665126,-0.0109561,0.9859781
1788232730540936192,OK,1,0,8.38704,0.334,0,433,0,0.555044,0.167058,2.596837,0.0007757,0.1581477,-0.0101946,0.9873626
1788232730574291456,OK,1,0,8.22963,0.334125,0,424,0,0.550998,0.169444,2.613597,0.0011517,0.1495986,-0.0104568,0.9886909
1788232730607646464,OK,1,0,8.69333,0.360834,0,433,0,0.545258,0.166467,2.622641,0.0008139,0.1408399,-0.0102193,0.9899793
1788232730641001728,OK,1,0,9.77354,0.337417,0,861,0,0.543517,0.166648,2.635837,0.0009037,0.1320202,-0.0095406,0.9912007
1788232730674355968,OK,1,0,10.0362,0.358417,0,648,0,0.539971,0.168429,2.647422,0.0013984,0.1234117,-0.0093004,0.9923110
1788232730707711488,OK,1,0,10.2855,0.37075,0,616,0,0.534394,0.167301,2.657889,0.0012742,0.1149362,-0.0090837,0.9933305
1788232730741066752,OK,1,0,9.56946,0.357458,0,597,0,0.526985,0.166087,2.671257,0.0008176,0.1069113,-0.0087448,0.9942298
1788232730774422016,OK,1,0,9.37454,0.350959,0,615,0,0.522173,0.169084,2.684183,0.0006246,0.0983655,-0.0087520,0.9951117
1788232730807777792,OK,1,0,10.2623,0.335292,0,591,0,0.518719,0.167137,2.701639,0.0000694,0.0897699,-0.0083935,0.9959272
1788232730841133312,OK,1,0,9.94679,0.354167,0,612,0,0.515769,0.169321,2.718984,0.0002383,0.0807414,-0.0079345,0.9967035
1788232730874489088,OK,1,0,10.7127,0.354542,0,664,0,0.510424,0.169766,2.731215,0.0005388,0.0724909,-0.0074422,0.9973412
1788232730907844608,OK,1,0,11.1161,0.362292,0,708,0,0.506662,0.166209,2.742983,0.0003455,0.0649628,-0.0061759,0.9978685
1788232730941200384,OK,1,0,11.5167,0.35475,0,956,0,0.503502,0.169120,2.756655,0.0011634,0.0577458,-0.0057298,0.9983142
1788232730974556416,OK,1,0,12.0231,0.350208,0,867,0,0.501423,0.169317,2.769369,0.0011968,0.0507313,-0.0053261,0.9986975
1788232731007912448,OK,1,0,12.7222,0.341708,0,947,0,0.497505,0.170971,2.781543,0.0012908,0.0449636,-0.0051640,0.9989744
1788232731041268224,OK,1,0,12.49,0.369416,0,1107,0,0.493198,0.169117,2.792576,0.0008456,0.0402249,-0.0048173,0.9991787
1788232731074624256,OK,1,0,12.2635,0.341959,0,1044,0,0.490725,0.172608,2.808532,0.0009784,0.0348847,-0.0045290,0.9993806
1788232731107980544,OK,1,0,12.6358,0.350916,0,1031,0,0.487822,0.170892,2.818833,0.0007508,0.0299016,-0.0042901,0.9995434
1788232731141335808,OK,1,0,13.316,0.349083,0,1035,0,0.484662,0.171509,2.831345,0.0009615,0.0262504,-0.0041271,0.9996464
1788232731174691840,OK,1,0,12.8258,0.364292,0,1018,0,0.485275,0.171981,2.847039,0.0010177,0.0220652,-0.0037797,0.9997489
1788232731208048384,OK,1,0,13.6415,0.344791,0,1069,0,0.479551,0.170740,2.857398,0.0010708,0.0186546,-0.0039863,0.9998175
1788232731241399552,OK,1,0,14.9377,0.338666,0,1052,0,0.478891,0.171950,2.870125,0.0016286,0.0161898,-0.0037735,0.9998605
1788232731274744064,OK,1,0,13.6677,0.346292,0,1050,0,0.480348,0.170694,2.882972,0.0019425,0.0146848,-0.0028648,0.9998862
1788232731308088576,OK,1,0,12.9259,0.3485,0,1035,0,0.482565,0.170029,2.893796,0.0024217,0.0140834,-0.0023252,0.9998952
1788232731341433088,OK,1,0,14.7251,0.344416,0,1022,0,0.484557,0.169606,2.906224,0.0027221,0.0137122,-0.0019332,0.9999004
1788232731374777856,OK,1,0,14.1273,0.353459,0,1050,0,0.485740,0.172811,2.918365,0.0028253,0.0134299,-0.0020804,0.9999037
1788232731408122368,OK,1,0,14.7205,0.378334,0,1046,0,0.486489,0.171181,2.933167,0.0021661,0.0128315,-0.0025757,0.9999120
1788232731441467136,OK,1,0,15.595,0.358416,0,1035,0,0.482253,0.173441,2.943688,0.0020757,0.0128949,-0.0030177,0.9999102
1788232731474811648,OK,1,0,15.2529,0.321042,0,1031,0,0.483076,0.173580,2.958791,0.0013268,0.0127081,-0.0036864,0.9999116
1788232731508156160,OK,1,0,13.4097,0.337375,0,1031,0,0.482952,0.175554,2.973033,0.0012111,0.0123969,-0.0039164,0.9999148
1788232731541500928,OK,1,0,12.9216,0.358541,0,1012,0,0.482781,0.175601,2.986169,0.0011093,0.0121124,-0.0033874,0.9999203
1788232731574844416,OK,1,0,14.6405,0.361458,0,980,0,0.484794,0.176356,2.998296,0.0010645,0.0117180,-0.0031895,0.9999257
1788232731608189184,OK,1,0,12.9672,0.341416,0,986,0,0.485725,0.176878,3.012278,0.0015986,0.0114324,-0.0029861,0.9999290
1788232731641533952,OK,1,0,13.6491,0.358292,0,1036,0,0.486423,0.180300,3.025823,0.0023034,0.0113446,-0.0027459,0.9999292
1788232731674878720,OK,1,0,12.8863,0.347917,0,1047,0,0.483709,0.180679,3.034552,0.0024554,0.0116868,-0.0027802,0.9999248
1788232731708223488,OK,1,0,13.2348,0.336042,0,1036,0,0.484352,0.180987,3.047434,0.0029347,0.0111704,-0.0027788,0.9999295
1788232731741568000,OK,1,0,13.2307,0.342292,0,1068,0,0.486706,0.180126,3.060330,0.0025816,0.0106400,-0.0025408,0.9999369
1788232731774912768,OK,1,0,13.2325,0.3,0,1028,0,0.487854,0.181619,3.074228,0.0023809,0.0102421,-0.0023614,0.9999419
1788232731808257536,OK,1,0,12.3867,0.340625,0,1038,0,0.488745,0.182452,3.087430,0.0027176,0.0100964,-0.0020209,0.9999433
1788232731841602304,OK,1,0,15.2094,0.30975,0,1056,0,0.488759,0.184306,3.100919,0.0030151,0.0105653,-0.0019550,0.9999377
1788232731874947328,OK,1,0,14.4433,0.32575,0,1029,0,0.489572,0.183265,3.110667,0.0028700,0.0103670,-0.0016778,0.9999408
1788232731908292096,OK,1,0,12.7097,0.315834,0,1034,0,0.489821,0.184089,3.122313,0.0034203,0.0097948,-0.0014233,0.9999452
1788232731941636864,OK,1,0,14.5064,0.337,0,1036,0,0.492052,0.184116,3.136008,0.0035048,0.0094299,-0.0012996,0.9999486
1788232731974981632,OK,1,0,12.6722,0.322875,0,1021,0,0.492651,0.182267,3.147525,0.0035631,0.0092290,-0.0011878,0.9999503
1788232732008325632,OK,1,0,12.4335,0.344792,0,1005,0,0.495099,0.181741,3.156953,0.0040010,0.0092548,-0.0008709,0.9999488
1788232732041670400,OK,1,0,13.0928,0.361,0,994,0,0.492509,0.183067,3.173119,0.0042032,0.0095542,-0.0011173,0.9999449
1788232732075015424,OK,1,0,13.887,0.362167,0,995,0,0.492190,0.186891,3.183394,0.0046542,0.0092198,-0.0014928,0.9999456
1788232732108360448,OK,1,0,12.5031,0.342083,0,1016,0,0.492378,0.185324,3.198806,0.0036386,0.0085250,-0.0013221,0.9999562
1788232732141704960,OK,1,0,12.7497,0.348833,0,1006,0,0.494076,0.190057,3.214478,0.0035632,0.0080469,-0.0016626,0.9999599
1788232732175049984,OK,1,0,12.3514,0.3365,0,1024,0,0.493676,0.192108,3.227732,0.0035415,0.0081101,-0.0015413,0.9999596
1788232732208395008,OK,1,0,12.4197,0.336625,0,980,0,0.496012,0.189683,3.240206,0.0031792,0.0082834,-0.0012959,0.9999598
1788232732241738496,OK,1,0,11.633,0.356083,0,964,0,0.494980,0.191808,3.254488,0.0031664,0.0083576,-0.0013107,0.9999592
1788232732275079936,OK,1,0,11.7217,0.388792,0,955,0,0.494806,0.190341,3.266471,0.0028770,0.0077771,-0.0010621,0.9999651
1788232732308420864,OK,1,0,11.6934,0.309541,0,1003,0,0.494083,0.192571,3.279045,0.0028132,0.0076664,-0.0013723,0.9999657
1788232732341762304,OK,1,0,11.9966,0.321375,0,987,0,0.493894,0.189960,3.290313,0.0023949,0.0076794,-0.0015228,0.9999665
1788232732375103488,OK,1,0,11.9839,0.377041,0,979,0,0.497242,0.194924,3.304320,0.0029113,0.0073482,-0.0012890,0.9999679
1788232732408444672,OK,1,0,11.8337,0.303458,0,963,0,0.497051,0.194990,3.318167,0.0027303,0.0074371,-0.0015149,0.9999675
1788232732441785856,OK,1,0,11.9603,0.310292,0,960,0,0.496568,0.195452,3.331500,0.0025079,0.0070955,-0.0017263,0.9999702
1788232732475126016,OK,1,0,12.1486,0.29875,0,963,0,0.495969,0.198806,3.345500,0.0023530,0.0067882,-0.0015451,0.9999730
1788232732508467200,OK,1,0,12.1109,0.298541,0,954,0,0.493445,0.194878,3.358732,0.0015815,0.0070396,-0.0015568,0.9999728
1788232732541808384,OK,1,0,12.121,0.329208,0,953,0,0.500515,0.198199,3.373382,0.0017278,0.0061221,-0.0005840,0.9999796
1788232732575149568,OK,1,0,12.205,0.335666,0,919,0,0.502181,0.197773,3.384214,0.0019595,0.0062576,-0.0002295,0.9999785
1788232732608490752,OK,1,0,12.0484,0.331,0,1314,0,0.504114,0.198455,3.395906,0.0026700,0.0061163,0.0001370,0.9999777
1788232732641831936,OK,1,0,14.4582,0.331666,0,1568,0,0.502991,0.199196,3.405925,0.0032031,0.0060526,0.0001698,0.9999765
1788232732675173120,OK,1,0,15.0887,0.343375,0,1297,0,0.502210,0.199640,3.418749,0.0035169,0.0058975,-0.0000088,0.9999764
1788232732708514304,OK,1,0,14.8395,0.350959,0,1270,0,0.502643,0.199934,3.430528,0.0036591,0.0056026,-0.0002889,0.9999776
1788232732741855488,OK,1,0,14.2894,0.369625,0,1230,0,0.502347,0.200625,3.443419,0.0038414,0.0054623,-0.0004499,0.9999776
1788232732775196416,OK,1,0,15.0104,0.339708,0,1172,0,0.501090,0.200149,3.454145,0.0040863,0.0058221,-0.0006586,0.9999745
1788232732808537856,OK,1,0,14.2755,0.34925,0,1165,0,0.501554,0.203404,3.467230,0.0045423,0.0058042,-0.0009369,0.9999724
1788232732841878784,OK,1,0,13.5137,0.355041,0,1156,0,0.502434,0.203100,3.479050,0.0040210,0.0053841,-0.0006056,0.9999773
1788232732875219968,OK,1,0,13.471,0.378042,0,1122,0,0.501774,0.203719,3.493434,0.0038729,0.0048402,-0.0003053,0.9999807
1788232732908560128,OK,1,0,13.2666,0.348375,0,1102,0,0.502995,0.202467,3.506773,0.0034711,0.0044609,0.0000626,0.9999840
1788232732941901312,OK,1,0,13.7838,0.36525,0,1101,0,0.503820,0.200737,3.519333,0.0027710,0.0043097,0.0001077,0.9999869
1788232732975242496,OK,1,0,15.3286,0.351667,0,1081,0,0.502563,0.201626,3.532250,0.0031661,0.0039501,-0.0002548,0.9999872
1788232733008583424,OK,1,0,14.8406,0.360083,0,1077,0,0.502519,0.202289,3.545584,0.0029262,0.0031644,-0.0002878,0.9999907
1788232733041924608,OK,1,0,14.6243,0.32275,0,1015,0,0.499787,0.203517,3.558602,0.0025020,0.0032114,-0.0003746,0.9999917
1788232733075265536,OK,1,0,13.1347,0.32025,0,1020,0,0.502914,0.204807,3.571881,0.0024276,0.0018329,0.0000623,0.9999954
1788232733108606720,OK,1,0,12.8942,0.33675,0,1022,0,0.500768,0.204464,3.584203,0.0017679,-0.0004006,0.0000513,0.9999984
1788232733141947648,OK,1,0,12.6085,0.336959,0,1003,0,0.497561,0.204564,3.598029,0.0013300,-0.0037242,0.0000902,0.9999922
1788232733175288832,OK,1,0,14.119,0.356834,0,1017,0,0.498949,0.202859,3.610115,0.0011272,-0.0075978,0.0001594,0.9999705
1788232733208629760,OK,1,0,11.9418,0.333625,0,1046,0,0.495656,0.197964,3.623025,0.0005877,-0.0113247,0.0009246,0.9999353
1788232733241972736,OK,1,0,13.5753,0.326834,0,1009,0,0.492159,0.204148,3.638087,0.0015710,-0.0159113,0.0013931,0.9998713
1788232733275317504,OK,1,0,12.8576,0.333042,0,1208,0,0.486449,0.201323,3.646552,0.0010476,-0.0205916,0.0017251,0.9997860
1788232733308662528,OK,1,0,13.2401,0.340292,0,1350,0,0.480752,0.202659,3.658631,0.0013140,-0.0256297,0.0019005,0.9996688
1788232733342006272,OK,1,0,13.9507,0.355625,0,1255,0,0.477179,0.200797,3.669756,0.0012017,-0.0310536,0.0022245,0.9995145
1788232733375351296,OK,1,0,13.8142,0.373833,0,1210,0,0.469691,0.200283,3.678498,0.0015150,-0.0362036,0.0022560,0.9993408
1788232733408696320,OK,1,0,13.565,0.359875,0,1266,0,0.462131,0.201969,3.693958,0.0012513,-0.0420207,0.0028438,0.9991120
1788232733442041600,OK,1,0,14.037,0.363375,0,1223,0,0.454909,0.202797,3.704266,0.0009539,-0.0476360,0.0029568,0.9988599
1788232733475386368,OK,1,0,16.0513,0.310917,0,1500,0,0.448968,0.203789,3.718180,0.0009466,-0.0536531,0.0032139,0.9985541
1788232733508731392,OK,1,0,14.2575,0.388292,0,1337,0,0.440901,0.204953,3.732889,0.0008414,-0.0592464,0.0037946,0.9982359
1788232733542076672,OK,1,0,14.9578,0.329625,0,1324,0,0.432366,0.205176,3.745713,0.0003568,-0.0646100,0.0039038,0.9979029
1788232733575421696,OK,1,0,16.2393,0.340833,0,1308,0,0.427819,0.206505,3.759048,0.0001284,-0.0708148,0.0042094,0.9974806
1788232733608766720,OK,1,0,15.446,0.343167,0,1282,0,0.419143,0.206748,3.769839,0.0006368,-0.0763631,0.0043519,0.9970704
1788232733642111744,OK,1,0,14.7569,0.344458,0,1284,0,0.413482,0.208877,3.780716,0.0012481,-0.0823423,0.0054966,0.9965882
1788232733675457024,OK,1,0,15.0449,0.332792,0,1279,0,0.406783,0.206870,3.791235,0.0012366,-0.0880666,0.0066727,0.9960915
1788232733708802304,OK,1,0,14.1861,0.355625,0,1286,0,0.399100,0.207821,3.803787,0.0016407,-0.0940942,0.0070321,0.9955371
1788232733742147328,OK,1,0,15.1293,0.349542,0,1302,0,0.394822,0.206858,3.816713,0.0015635,-0.1005630,0.0074839,0.9949013
1788232733775492352,OK,1,0,16.9195,0.370542,0,1346,0,0.387331,0.209027,3.829700,0.0014663,-0.1066791,0.0077683,0.9942621
1788232733808836608,OK,1,0,15.9937,0.368042,0,1303,0,0.374834,0.212438,3.839048,0.0015384,-0.1121049,0.0078082,0.9936645
1788232733842181888,OK,1,0,16.2982,0.362292,0,1314,0,0.365962,0.211657,3.851082,0.0011929,-0.1183724,0.0081802,0.9929349
1788232733875527168,OK,1,0,16.8035,0.38375,0,1348,0,0.360878,0.207836,3.860422,0.0005063,-0.1245170,0.0086707,0.9921795
1788232733908872448,OK,1,0,17.897,0.351417,0,1324,0,0.351023,0.212547,3.876510,0.0009616,-0.1302004,0.0091246,0.9914452
1788232733942217728,OK,1,0,18.2063,0.348292,0,1338,0,0.346737,0.208130,3.885879,-0.0000039,-0.1362777,0.0096300,0.9906239
1788232733975563008,OK,1,0,17.4243,0.34225,0,1370,0,0.335763,0.212463,3.898891,0.0003630,-0.1411740,0.0096946,0.9899373
1788232734008908544,OK,1,0,16.9338,0.350708,0,1403,0,0.330450,0.212176,3.914082,0.0000347,-0.1462361,0.0100091,0.9891991
1788232734042253568,OK,1,0,16.8185,0.364,0,1441,0,0.323288,0.213246,3.925725,0.0002652,-0.1506604,0.0101812,0.9885331
1788232734075599104,OK,1,0,17.8349,0.35775,0,1455,0,0.316025,0.214004,3.936069,0.0002929,-0.1556494,0.0107663,0.9877537
1788232734108944384,OK,1,0,18.1042,0.324541,0,1461,0,0.308722,0.209731,3.943812,-0.0001924,-0.1606905,0.0111479,0.9869419
1788232734142289920,OK,1,0,18.8822,0.322167,0,1454,0,0.300553,0.213832,3.954985,0.0002509,-0.1653769,0.0117175,0.9861608
1788232734175635200,OK,1,0,18.9781,0.345416,0,1447,0,0.291094,0.213563,3.964519,0.0002806,-0.1695657,0.0121525,0.9854439
1788232734208980736,OK,1,0,16.6527,0.327083,0,1483,0,0.283880,0.211225,3.975980,0.0001665,-0.1741885,0.0119870,0.9846393
1788232734242321920,OK,1,0,16.6032,0.340459,0,1476,0,0.275720,0.211819,3.986177,-0.0001575,-0.1790211,0.0124379,0.9837666
1788232734275660032,OK,1,0,17.1597,0.348125,0,1476,0,0.266993,0.210026,3.998438,-0.0006575,-0.1837609,0.0127775,0.9828877
1788232734308998144,OK,1,0,16.96,0.339959,0,1491,0,0.261649,0.212530,4.008861,-0.0001956,-0.1885257,0.0128174,0.9819846
1788232734342336256,OK,1,0,16.8144,0.372333,0,1476,0,0.249739,0.212339,4.020072,0.0000108,-0.1930022,0.0129597,0.9811127
1788232734375674112,OK,1,0,17.5027,0.34225,0,1504,0,0.242420,0.212269,4.028570,-0.0002409,-0.1978366,0.0134534,0.9801427
1788232734409011968,OK,1,0,16.5866,0.318333,0,1467,0,0.234686,0.212882,4.039264,-0.0002411,-0.2025495,0.0137873,0.9791750
1788232734442349824,OK,1,0,16.6322,0.316291,0,1504,0,0.224838,0.214011,4.050558,-0.0002147,-0.2072587,0.0139968,0.9781860
1788232734475687680,OK,1,0,16.2617,0.298,0,1470,0,0.214897,0.215340,4.060774,-0.0001141,-0.2119072,0.0141700,0.9771871
1788232734509025536,OK,1,0,16.309,0.275584,0,1470,0,0.204562,0.219887,4.072405,0.0005966,-0.2165454,0.0146654,0.9761622
1788232734542363648,OK,1,0,20.8371,0.324958,0,1436,0,0.197920,0.217269,4.081768,0.0002828,-0.2211110,0.0155339,0.9751249
1788232734575701504,OK,1,0,16.3803,0.336166,0,1470,0,0.190348,0.217069,4.091857,0.0001678,-0.2258791,0.0164166,0.9740170
1788232734609039360,OK,1,0,16.398,0.294583,0,1459,0,0.181782,0.212411,4.097743,-0.0004982,-0.2301424,0.0167433,0.9730128
1788232734642376960,OK,1,0,16.6689,0.292875,0,1445,0,0.171966,0.216855,4.109452,-0.0000193,-0.2347242,0.0169348,0.9719145
1788232734675713792,OK,1,0,16.3174,0.324125,0,1427,0,0.160780,0.218616,4.121729,0.0004304,-0.2391512,0.0173240,0.9708277
1788232734709051392,OK,1,0,16.4903,0.311125,0,1417,0,0.152554,0.218140,4.131657,0.0004186,-0.2441311,0.0178390,0.9695781
1788232734742389248,OK,1,0,17.0272,0.301542,0,1632,0,0.142320,0.217253,4.139456,0.0002370,-0.2489329,0.0179381,0.9683546
1788232734775726848,OK,1,0,16.313,0.3255,0,1522,0,0.131864,0.218019,4.149154,0.0004988,-0.2533707,0.0183925,0.9671943
1788232734809064704,OK,1,0,17.0475,0.330542,0,1637,0,0.123174,0.218856,4.155075,0.0010129,-0.2573332,0.0186154,0.9661429
1788232734842402304,OK,1,0,17.0917,0.321458,0,1563,0,0.115570,0.217794,4.165071,0.0007688,-0.2618916,0.0188502,0.9649129
1788232734875739904,OK,1,0,17.8958,0.302,0,1578,0,0.103289,0.220673,4.174821,0.0010944,-0.2656943,0.0187230,0.9638749
1788232734909077504,OK,1,0,17.6912,0.328166,0,1552,0,0.092809,0.222035,4.184428,0.0008697,-0.2698251,0.0186128,0.9627290
1788232734942415104,OK,1,0,17.9638,0.3435,0,1496,0,0.082951,0.220464,4.192213,0.0006603,-0.2736424,0.0185264,0.9616529
1788232734975752704,OK,1,0,17.9817,0.325458,0,1529,0,0.072825,0.219672,4.203125,0.0004587,-0.2776120,0.0182946,0.9605190
1788232735009090048,OK,1,0,18.152,0.347375,0,1526,0,0.059867,0.221976,4.211018,0.0007064,-0.2810426,0.0181978,0.9595225
1788232735042427648,OK,1,0,18.8708,0.343291,0,1532,0,0.052040,0.221599,4.219424,0.0003461,-0.2851765,0.0185127,0.9582962
1788232735075765248,OK,1,0,19.0898,0.35325,0,1509,0,0.042202,0.221119,4.229425,0.0007604,-0.2882006,0.0189075,0.9573831
1788232735109102592,OK,1,0,18.5659,0.354417,0,1483,0,0.034939,0.221750,4.236911,0.0009874,-0.2907312,0.0196682,0.9566021
1788232735142438912,OK,1,0,18.5227,0.327583,0,1473,0,0.028086,0.220942,4.246093,0.0009568,-0.2930479,0.0199649,0.9558888
1788232735175776256,OK,1,0,18.7049,0.340833,0,1471,0,0.018147,0.224701,4.255921,0.0015267,-0.2953176,0.0200514,0.9551875
1788232735209113856,OK,1,0,19.885,0.344041,0,1518,0,0.008935,0.226849,4.266972,0.0018582,-0.2978189,0.0199781,0.9544116
1788232735242450688,OK,1,0,20.9873,0.318625,0,1488,0,-0.000359,0.224359,4.274274,0.0018931,-0.3000062,0.0198771,0.9537283
1788232735275786496,OK,1,0,18.2375,0.341542,0,1492,0,-0.010053,0.225372,4.282333,0.0015499,-0.3022000,0.0204051,0.9530249
1788232735309122048,OK,1,0,19.1087,0.336708,0,1476,0,-0.017262,0.225532,4.291629,0.0010867,-0.3043090,0.0204647,0.9523529
1788232735342458112,OK,1,0,20.5073,0.350334,0,1487,0,-0.027581,0.227967,4.301767,0.0012591,-0.3066799,0.0206442,0.9515880
1788232735375793664,OK,1,0,17.9526,0.341667,0,1460,0,-0.036147,0.223599,4.311275,0.0006917,-0.3090365,0.0205874,0.9508271
1788232735409129216,OK,1,0,19.696,0.449709,0,1489,0,-0.043676,0.224457,4.321653,0.0003835,-0.3114210,0.0209184,0.9500417
1788232735442464768,OK,1,0,19.4052,0.363625,0,1436,0,-0.052807,0.225631,4.330358,0.0001136,-0.3136604,0.0208875,0.9493055
1788232735475800576,OK,1,0,19.0232,0.353375,0,1469,0,-0.064052,0.226924,4.340144,0.0003869,-0.3160044,0.0205192,0.9485357
1788232735509135872,OK,1,0,21.0829,0.399833,0,1447,0,-0.073158,0.225629,4.347877,0.0000787,-0.3184008,0.0206246,0.9477318
1788232735542471424,OK,1,0,18.2248,0.349417,0,1512,0,-0.079854,0.224107,4.355068,0.0001749,-0.3207081,0.0213839,0.9469367
1788232735575806208,OK,1,0,18.6903,0.363417,0,1488,0,-0.087774,0.226496,4.365484,0.0007426,-0.3231195,0.0222759,0.9460957
1788232735609141504,OK,1,0,18.1651,0.352375,0,1460,0,-0.095037,0.226818,4.373138,0.0008571,-0.3252667,0.0226980,0.9453495
1788232735642477056,OK,1,0,18.4947,0.396583,0,1499,0,-0.103268,0.228291,4.381238,0.0009561,-0.3275341,0.0230408,0.9445579
1788232735675812352,OK,1,0,18.8687,0.334208,0,1478,0,-0.115850,0.230703,4.391919,0.0011837,-0.3302613,0.0227408,0.9436148
1788232735709147648,OK,1,0,19.6798,0.323417,0,1481,0,-0.126437,0.229626,4.397460,0.0009698,-0.3329520,0.0224741,0.9426754
1788232735742482944,OK,1,0,18.6995,0.414375,0,1475,0,-0.136959,0.228979,4.406838,0.0002076,-0.3360076,0.0225277,0.9415898
1788232735775818240,OK,1,0,17.8946,0.297333,0,1513,0,-0.147434,0.231020,4.414266,-0.0002193,-0.3388393,0.0226728,0.9405711
1788232735809153536,OK,1,0,19.3791,0.346959,0,1473,0,-0.159115,0.232171,4.422854,0.0001132,-0.3414431,0.0220927,0.9396428
1788232735842488832,OK,1,0,20.0656,0.335,0,1502,0,-0.168099,0.231831,4.429869,-0.0000919,-0.3444524,0.0222410,0.9385403
1788232735875823872,OK,1,0,19.1873,0.350333,0,1518,0,-0.179141,0.232288,4.438603,-0.0004233,-0.3472669,0.0229208,0.9374861
1788232735909159168,OK,1,0,17.7183,0.32975,0,1495,0,-0.187820,0.231690,4.447111,-0.0007282,-0.3506632,0.0232855,0.9362118
1788232735942494464,OK,1,0,17.6458,0.313292,0,1490,0,-0.200873,0.233736,4.454957,-0.0000022,-0.3537930,0.0230108,0.9350407
1788232735975829248,OK,1,0,17.6163,0.312542,0,1501,0,-0.212771,0.235300,4.460702,0.0000782,-0.3568508,0.0225371,0.9338895
1788232736009163520,OK,1,0,17.0125,0.299292,0,1483,0,-0.222373,0.234459,4.469162,-0.0010844,-0.3602926,0.0229474,0.9325565
1788232736042498560,OK,1,0,17.3916,0.318333,0,1491,0,-0.233873,0.232744,4.477922,-0.0016973,-0.3635773,0.0230577,0.9312771
1788232736075833600,OK,1,0,17.0135,0.308834,0,1512,0,-0.244085,0.233428,4.483136,-0.0014951,-0.3665814,0.0232293,0.9300948
1788232736109168384,OK,1,0,17.1019,0.308625,0,1476,0,-0.255680,0.232622,4.490083,-0.0016589,-0.3696053,0.0233031,0.9288951
1788232736142503424,OK,1,0,16.7898,0.306458,0,1495,0,-0.266710,0.234792,4.497845,-0.0019710,-0.3729491,0.0238847,0.9275423
1788232736175838464,OK,1,0,17.1002,0.317291,0,1510,0,-0.278069,0.236612,4.506111,-0.0017292,-0.3761941,0.0240246,0.9262278
1788232736209173248,OK,1,0,17.806,0.304459,0,1515,0,-0.288872,0.236115,4.511519,-0.0017273,-0.3793050,0.0236416,0.9249680
1788232736242510592,OK,1,0,18.1877,0.302125,0,1502,0,-0.302056,0.235810,4.517409,-0.0018585,-0.3825606,0.0233967,0.9236323
1788232736275850752,OK,1,0,17.6166,0.325792,0,1492,0,-0.314112,0.238015,4.524017,-0.0021258,-0.3861286,0.0232376,0.9221498
1788232736309191168,OK,1,0,17.1025,0.332083,0,1488,0,-0.325973,0.237483,4.530285,-0.0025608,-0.3894877,0.0237485,0.9207219
1788232736342531584,OK,1,0,17.6855,0.318458,0,1477,0,-0.335152,0.235154,4.536254,-0.0024583,-0.3931394,0.0240296,0.9191616
1788232736375871744,OK,1,0,16.8279,0.316542,0,1518,0,-0.348780,0.237107,4.542017,-0.0017861,-0.3965563,0.0243036,0.9176869
1788232736409212160,OK,1,0,17.4495,0.329875,0,1459,0,-0.360697,0.237111,4.547348,-0.0019541,-0.4005356,0.0242430,0.9159584
1788232736442552320,OK,1,0,17.1255,0.320292,0,1523,0,-0.373471,0.237955,4.553169,-0.0020714,-0.4045267,0.0243422,0.9141998
1788232736475891712,OK,1,0,17.2871,0.312,0,1504,0,-0.387280,0.238735,4.558799,-0.0020002,-0.4084674,0.0238041,0.9124603
1788232736509231872,OK,1,0,17.3196,0.304792,0,1490,0,-0.401232,0.238104,4.562819,-0.0019723,-0.4128364,0.0229724,0.9105133
1788232736542572288,OK,1,0,17.7252,0.322167,0,1502,0,-0.413947,0.239727,4.568990,-0.0021833,-0.4174812,0.0227322,0.9083986
1788232736575912704,OK,1,0,16.9809,0.2955,0,1471,0,-0.427331,0.241747,4.574815,-0.0027186,-0.4216173,0.0231048,0.9064754
1788232736609252864,OK,1,0,17.4844,0.309416,0,1516,0,-0.438308,0.241229,4.579771,-0.0030432,-0.4256836,0.0237680,0.9045547
1788232736642593280,OK,1,0,17.5102,0.297917,0,1515,0,-0.448954,0.240907,4.584889,-0.0027865,-0.4297906,0.0242114,0.9025996
1788232736675933696,OK,1,0,17.662,0.317959,0,1503,0,-0.460121,0.240365,4.590644,-0.0031115,-0.4341529,0.0249403,0.9004886
1788232736709273856,OK,1,0,17.3913,0.309334,0,1498,0,-0.472653,0.241221,4.594390,-0.0036719,-0.4382185,0.0252017,0.8985077
1788232736742614528,OK,1,0,17.2693,0.300417,0,1495,0,-0.486142,0.243458,4.599248,-0.0034314,-0.4421720,0.0248930,0.8965783
1788232736775954944,OK,1,0,17.0714,0.316542,0,1486,0,-0.500102,0.242520,4.602206,-0.0032536,-0.4461528,0.0241820,0.8946241
1788232736809295104,OK,1,0,17.1458,0.3385,0,1478,0,-0.513590,0.243464,4.605001,-0.0030087,-0.4503759,0.0238112,0.8925164
1788232736842635520,OK,1,0,16.8044,0.314792,0,1490,0,-0.525920,0.245523,4.609535,-0.0034036,-0.4546879,0.0242188,0.8903151
1788232736875975936,OK,1,0,16.8291,0.394,0,1484,0,-0.540026,0.245352,4.615577,-0.0036649,-0.4586223,0.0246431,0.8882819
1788232736909315072,OK,1,0,16.8755,0.304916,0,1478,0,-0.551684,0.246079,4.619102,-0.0032954,-0.4625476,0.0247537,0.8862427
1788232736942655488,OK,1,0,16.8547,0.304083,0,1460,0,-0.562533,0.244832,4.621784,-0.0035826,-0.4665804,0.0249075,0.8841208
1788232736975995904,OK,1,0,17.2425,0.299125,0,1463,0,-0.575679,0.245823,4.626488,-0.0041458,-0.4708301,0.0250232,0.8818592
1788232737009336064,OK,1,0,17.1461,0.28925,0,1485,0,-0.589185,0.247675,4.630075,-0.0041614,-0.4747865,0.0247335,0.8797436
1788232737042676480,OK,1,0,16.8784,0.306,0,1499,0,-0.603665,0.246939,4.631923,-0.0041776,-0.4785413,0.0241537,0.8777228
1788232737076017152,OK,1,0,16.7479,0.321709,0,1435,0,-0.618012,0.246795,4.634809,-0.0041167,-0.4829068,0.0236506,0.8753426
1788232737109357312,OK,1,0,16.777,0.314792,0,1440,0,-0.631613,0.248634,4.637425,-0.0040466,-0.4874965,0.0236114,0.8727963
1788232737142697728,OK,1,0,16.657,0.306875,0,1431,0,-0.643886,0.247987,4.640937,-0.0042737,-0.4917346,0.0244762,0.8703906
1788232737176038144,OK,1,0,17.0325,0.30575,0,1434,0,-0.654813,0.248615,4.642302,-0.0039200,-0.4956806,0.0251981,0.8681304
1788232737209378304,OK,1,0,16.7088,0.284041,0,1435,0,-0.666462,0.248379,4.645278,-0.0034818,-0.4998159,0.0258449,0.8657390
1788232737242716672,OK,1,0,17.1336,0.295792,0,1390,0,-0.678907,0.248919,4.648789,-0.0030722,-0.5040416,0.0260676,0.8632804
1788232737276050944,OK,1,0,16.2658,0.296,0,1379,0,-0.691406,0.248833,4.651339,-0.0034148,-0.5085558,0.0268242,0.8606044
1788232737309385728,OK,1,0,16.3311,0.537708,0,1356,0,-0.704627,0.249467,4.653394,-0.0037580,-0.5127564,0.0267159,0.8581101
1788232737342719232,OK,1,0,15.863,0.317042,0,1302,0,-0.718568,0.249677,4.654366,-0.0037999,-0.5168471,0.0264913,0.8556593
1788232737376053760,OK,1,0,15.9466,0.306375,0,1327,0,-0.733875,0.251664,4.656864,-0.0032036,-0.5211834,0.0261136,0.8530391
1788232737409388288,OK,1,0,15.7638,0.298958,0,1307,0,-0.746717,0.250703,4.657511,-0.0031472,-0.5253977,0.0262404,0.8504463
1788232737442722304,OK,1,0,15.4024,0.288625,0,1285,0,-0.760392,0.251677,4.660807,-0.0032134,-0.5294071,0.0266809,0.8479422
1788232737476056576,OK,1,0,15.8695,0.29575,0,1313,0,-0.772857,0.251635,4.662656,-0.0029160,-0.5334445,0.0272439,0.8453912
1788232737509390848,OK,1,0,15.3498,0.291625,0,1330,0,-0.784938,0.250722,4.662610,-0.0024646,-0.5376740,0.0278502,0.8426892
1788232737542724864,OK,1,0,15.4424,0.285083,0,1308,0,-0.796634,0.250732,4.665811,-0.0020274,-0.5420490,0.0287618,0.8398521
1788232737576059136,OK,1,0,15.3597,0.294542,0,1279,0,-0.807088,0.250262,4.666683,-0.0021652,-0.5461374,0.0297541,0.8371642
1788232737609393152,OK,1,0,15.4305,0.314208,0,1257,0,-0.820225,0.251180,4.668003,-0.0017418,-0.5500236,0.0301718,0.8346021
1788232737642727168,OK,1,0,15.4024,0.306709,0,1248,0,-0.833644,0.251068,4.668906,-0.0012357,-0.5541260,0.0301297,0.8318865
1788232737676060672,OK,1,0,14.9511,0.310375,0,1205,0,-0.846997,0.251106,4.669259,-0.0010138,-0.5585662,0.0301985,0.8289094
1788232737709394432,OK,1,0,14.7225,0.304375,0,1230,0,-0.861394,0.250877,4.670358,-0.0009311,-0.5625883,0.0299635,0.8261936
1788232737742728192,OK,1,0,15.0092,0.32275,0,1219,0,-0.872844,0.250187,4.669242,-0.0004917,-0.5664396,0.0298895,0.8235610
1788232737776061952,OK,1,0,15.0153,0.300667,0,1223,0,-0.885485,0.250931,4.669550,-0.0002861,-0.5706720,0.0300326,0.8206286
1788232737809394688,OK,1,0,14.9452,0.305084,0,1259,0,-0.897016,0.251127,4.669621,-0.0004737,-0.5747405,0.0305984,0.8177633
1788232737842728192,OK,1,0,15.1337,0.309083,0,1268,0,-0.908201,0.250158,4.670361,-0.0001146,-0.5785973,0.0316062,0.8150008
1788232737876061696,OK,1,0,15.1072,0.300083,0,1242,0,-0.919680,0.249498,4.668623,0.0008464,-0.5822746,0.0318029,0.8123696
1788232737909394944,OK,1,0,15.1917,0.301208,0,1251,0,-0.930787,0.249302,4.665996,0.0007167,-0.5862957,0.0318797,0.8094693
1788232737942728448,OK,1,0,15.4069,0.304166,0,1308,0,-0.944693,0.249862,4.667713,0.0004127,-0.5905238,0.0319353,0.8063880
1788232737976061696,OK,1,0,15.1273,0.30825,0,1320,0,-0.958652,0.249504,4.665813,0.0002589,-0.5943219,0.0319907,0.8035908
1788232738009394944,OK,1,0,15.4125,0.302375,0,1337,0,-0.971634,0.248431,4.662254,0.0008551,-0.5979993,0.0317909,0.8008655
1788232738042727936,OK,1,0,15.6735,0.307334,0,1353,0,-0.985251,0.248926,4.662499,0.0014119,-0.6020040,0.0318576,0.7978562
1788232738076061184,OK,1,0,15.5023,0.290666,0,1364,0,-0.995731,0.248488,4.665527,0.0012196,-0.6061252,0.0322545,0.7947140
1788232738109394176,OK,1,0,15.9094,0.328334,0,1353,0,-1.006255,0.247705,4.666605,0.0009250,-0.6099937,0.0330955,0.7917143
1788232738142727168,OK,1,0,15.6065,0.386334,0,1366,0,-1.017063,0.250205,4.670925,0.0019319,-0.6140214,0.0336476,0.7885695
1788232738176060160,OK,1,0,15.8607,0.307542,0,1476,0,-1.030049,0.251694,4.670751,0.0023590,-0.6179493,0.0340815,0.7854754
1788232738209393152,OK,1,0,15.6975,0.337417,0,1444,0,-1.041952,0.250776,4.669786,0.0018758,-0.6217917,0.0343488,0.7824269
1788232738242725632,OK,1,0,16.6322,0.33725,0,1625,0,-1.057022,0.253573,4.670467,0.0020705,-0.6254427,0.0344939,0.7795045
1788232738276059904,OK,1,0,15.6662,0.320875,0,1564,0,-1.068021,0.250470,4.671651,0.0022818,-0.6295586,0.0342933,0.7761925
1788232738309394176,OK,1,0,16.4217,0.32275,0,1480,0,-1.081021,0.248636,4.666574,0.0024237,-0.6332029,0.0341231,0.7732295
1788232738342728448,OK,1,0,16.1828,0.349917,0,1468,0,-1.092979,0.249649,4.664328,0.0026353,-0.6367738,0.0346286,0.7702681
1788232738376062720,OK,1,0,16.5545,0.341709,0,1480,0,-1.104791,0.246269,4.666152,0.0023955,-0.6404161,0.0349822,0.7672274
1788232738409396736,OK,1,0,16.6137,0.33275,0,1462,0,-1.117195,0.248086,4.665141,0.0028018,-0.6443496,0.0353583,0.7639081
1788232738442730752,OK,1,0,16.6732,0.34425,0,1526,0,-1.129220,0.246755,4.661181,0.0026600,-0.6479577,0.0354982,0.7608441
1788232738476064768,OK,1,0,27.3953,0.345875,0,1485,0,-1.141065,0.248545,4.660795,0.0029561,-0.6515744,0.0361307,0.7577181
1788232738509398784,OK,1,0,17.3402,0.339291,0,1469,0,-1.152572,0.246714,4.661300,0.0026833,-0.6552811,0.0364515,0.7545004
1788232738542732544,OK,1,0,16.1396,0.347916,0,1420,0,-1.165182,0.247023,4.659882,0.0026908,-0.6589106,0.0365827,0.7513264
1788232738576066304,OK,1,0,16.6971,0.340375,0,1601,0,-1.178093,0.247823,4.656905,0.0028620,-0.6621582,0.0366925,0.7484598
1788232738609399808,OK,1,0,18.3859,0.376292,0,1679,0,-1.191195,0.243516,4.653617,0.0025715,-0.6646706,0.0364366,0.7462431
1788232738642733568,OK,1,0,17.0184,0.345667,0,1663,0,-1.203966,0.244025,4.652777,0.0023515,-0.6670488,0.0365793,0.7441118
1788232738676066048,OK,1,0,18.7708,0.34175,0,1628,0,-1.217408,0.246841,4.652257,0.0026681,-0.6693875,0.0367483,0.7419992
1788232738709399552,OK,1,0,18.289,0.33725,0,1586,0,-1.230683,0.247586,4.652452,0.0029429,-0.6719164,0.0368108,0.7397057
1788232738742733056,OK,1,0,19.3457,0.350125,0,1585,0,-1.241971,0.244696,4.646957,0.0029793,-0.6733572,0.0367695,0.7383963
1788232738776066560,OK,1,0,16.8701,0.322417,0,1551,0,-1.253868,0.245534,4.648601,0.0028273,-0.6753592,0.0371124,0.7365491
1788232738809399808,OK,1,0,16.3084,0.343208,0,1470,0,-1.267250,0.244226,4.646133,0.0024088,-0.6771994,0.0368851,0.7348706
1788232738842733056,OK,1,0,16.0486,0.369333,0,1473,0,-1.280940,0.245991,4.642202,0.0031320,-0.6788685,0.0363975,0.7333505
1788232738876066304,OK,1,0,16.4609,0.313958,0,1725,0,-1.293823,0.242577,4.639894,0.0026972,-0.6805229,0.0357503,0.7318492
1788232738909399296,OK,1,0,16.2838,0.368708,0,1445,0,-1.307786,0.245295,4.643691,0.0025744,-0.6825068,0.0356638,0.7300041
1788232738942732544,OK,1,0,16.1237,0.356,0,1373,0,-1.321246,0.242991,4.640252,0.0019404,-0.6841267,0.0352984,0.7285060
1788232738976065536,OK,1,0,15.5904,0.342917,0,1278,0,-1.334013,0.242245,4.637206,0.0019110,-0.6857092,0.0351374,0.7270246
1788232739009398272,OK,1,0,14.717,0.342084,0,1228,0,-1.347369,0.245045,4.638900,0.0020724,-0.6877438,0.0351656,0.7250984
1788232739042731264,OK,1,0,14.6795,0.341167,0,1172,0,-1.361319,0.243280,4.638043,0.0019941,-0.6895649,0.0353432,0.7233582
1788232739076064000,OK,1,0,15.0526,0.308209,0,1538,0,-1.373596,0.240851,4.633472,0.0020339,-0.6911016,0.0356806,0.7218736
1788232739109396736,OK,1,0,15.3165,0.360167,0,1371,0,-1.385500,0.241192,4.635011,0.0019123,-0.6930013,0.0360434,0.7200323
1788232739142728192,OK,1,0,14.7697,0.328041,0,1297,0,-1.396741,0.240698,4.631582,0.0019368,-0.6943594,0.0364807,0.7187006
1788232739176060672,OK,1,0,13.9716,0.335791,0,1231,0,-1.408890,0.240237,4.631122,0.0022384,-0.6961100,0.0366964,0.7169932
1788232739209393408,OK,1,0,14.3385,0.330833,0,1219,0,-1.421782,0.239532,4.627836,0.0026377,-0.6977239,0.0368745,0.7154122
1788232739242731008,OK,1,0,15.2112,0.316041,0,1163,0,-1.433174,0.240441,4.624749,0.0024935,-0.6993588,0.0371454,0.7138006
1788232739276075520,OK,1,0,14.9497,0.348,0,1170,0,-1.447464,0.241505,4.624046,0.0024691,-0.7011377,0.0369791,0.7120622
1788232739309420032,OK,1,0,14.4624,0.379,0,1149,0,-1.460679,0.238870,4.622015,0.0027995,-0.7028998,0.0364816,0.7103472
1788232739342764288,OK,1,0,14.6392,0.361792,0,1188,0,-1.472068,0.240030,4.615993,0.0028403,-0.7044289,0.0365937,0.7088250
1788232739376109056,OK,1,0,15.0445,0.346333,0,1145,0,-1.484068,0.240607,4.616539,0.0028934,-0.7060825,0.0369851,0.7071572
1788232739409453568,OK,1,0,14.3965,0.333042,0,1136,0,-1.496060,0.237922,4.613196,0.0027444,-0.7076080,0.0370947,0.7056255
1788232739442798336,OK,1,0,14.1912,0.346792,0,1104,0,-1.509138,0.238380,4.613497,0.0031432,-0.7093495,0.0370970,0.7038731
1788232739476143104,OK,1,0,14.0555,0.333333,0,1114,0,-1.522171,0.237329,4.607454,0.0035581,-0.7110566,0.0367743,0.7021634
1788232739509487872,OK,1,0,14.283,0.330875,0,1111,0,-1.534940,0.238816,4.606860,0.0041189,-0.7131124,0.0369745,0.7000619
1788232739542832640,OK,1,0,14.536,0.320625,0,1163,0,-1.545584,0.238423,4.603267,0.0046628,-0.7149447,0.0375644,0.6981556
1788232739576176640,OK,1,0,15.4199,0.342875,0,1123,0,-1.557646,0.235960,4.598579,0.0043721,-0.7161969,0.0381964,0.6968386
1788232739609521408,OK,1,0,14.8864,0.30525,0,1137,0,-1.566853,0.231550,4.596946,0.0038757,-0.7176207,0.0386594,0.6953496
1788232739642866432,OK,1,0,14.8001,0.335625,0,1150,0,-1.579667,0.236192,4.597124,0.0045611,-0.7194857,0.0395209,0.6933669
1788232739676211456,OK,1,0,15.0051,0.36525,0,1466,0,-1.590081,0.233502,4.594209,0.0045984,-0.7212009,0.0395177,0.6915826
1788232739709556480,OK,1,0,15.0265,0.3375,0,1320,0,-1.604812,0.230933,4.588495,0.0041090,-0.7228802,0.0394881,0.6898320
1788232739742901248,OK,1,0,14.9985,0.344541,0,1181,0,-1.617606,0.233748,4.586502,0.0038786,-0.7247807,0.0392454,0.6878501
1788232739776246528,OK,1,0,14.1269,0.332125,0,1214,0,-1.630676,0.234125,4.580343,0.0045207,-0.7260845,0.0386295,0.6865046
1788232739809591552,OK,1,0,14.6693,0.364333,0,1186,0,-1.642490,0.228553,4.575119,0.0041765,-0.7274658,0.0380001,0.6850781
1788232739842936832,OK,1,0,15.6269,0.356375,0,1517,0,-1.657293,0.233912,4.575635,0.0038468,-0.7294923,0.0385421,0.6828914
1788232739876281856,OK,1,0,14.9108,0.336209,0,1279,0,-1.668761,0.234535,4.569292,0.0040093,-0.7309930,0.0390856,0.6812529
1788232739909627136,OK,1,0,15.5446,0.3265,0,1238,0,-1.680628,0.230865,4.568771,0.0037067,-0.7326185,0.0393837,0.6794890
1788232739942972672,OK,1,0,13.8234,0.323917,0,1233,0,-1.691923,0.231433,4.565901,0.0037877,-0.7341236,0.0396939,0.6778440
1788232739976317952,OK,1,0,13.9643,0.3315,0,1221,0,-1.704197,0.233977,4.561269,0.0042186,-0.7357941,0.0400050,0.6760095
1788232740009662464,OK,1,0,14.9816,0.328209,0,1306,0,-1.716134,0.229673,4.555563,0.0041989,-0.7373483,0.0395162,0.6743429
1788232740043007744,OK,1,0,15.0732,0.361667,0,1245,0,-1.727998,0.231484,4.551322,0.0041753,-0.7387655,0.0398066,0.6727731
1788232740076353280,OK,1,0,14.5509,0.326125,0,1235,0,-1.740684,0.233061,4.549045,0.0039004,-0.7403348,0.0401767,0.6710253
1788232740109698816,OK,1,0,15.8695,0.334208,0,1644,0,-1.751549,0.229524,4.543241,0.0043308,-0.7416348,0.0404237,0.6695707
1788232740143044352,OK,1,0,16.2186,0.355417,0,1449,0,-1.763019,0.229018,4.541775,0.0044343,-0.7433096,0.0412399,0.6676606
1788232740176389888,OK,1,0,16.1267,0.349959,0,1361,0,-1.775250,0.228686,4.539988,0.0039693,-0.7449896,0.0420010,0.6657407
1788232740209735680,OK,1,0,15.4412,0.336709,0,1344,0,-1.786854,0.228997,4.534642,0.0040156,-0.7464809,0.0422117,0.6640545
1788232740243079168,OK,1,0,15.9028,0.3315,0,1359,0,-1.797060,0.225161,4.529605,0.0047175,-0.7478473,0.0415569,0.6625521
1788232740276419840,OK,1,0,15.1867,0.323042,0,1383,0,-1.810182,0.225610,4.524614,0.0050083,-0.7493705,0.0414104,0.6608359
1788232740309760768,OK,1,0,15.1265,0.323583,0,1315,0,-1.825411,0.227030,4.523504,0.0042561,-0.7512901,0.0412947,0.6586652
1788232740343101440,OK,1,0,15.7445,0.343667,0,1261,0,-1.835655,0.226850,4.515531,0.0041193,-0.7526305,0.0412155,0.6571391
1788232740376442112,OK,1,0,15.5935,0.326667,0,1265,0,-1.847649,0.223604,4.513319,0.0039464,-0.7541188,0.0411249,0.6554372
1788232740409782784,OK,1,0,17.0356,0.324625,0,1587,0,-1.858833,0.225574,4.505643,0.0041067,-0.7553817,0.0414134,0.6539622
1788232740443123200,OK,1,0,17.4988,0.337334,0,1330,0,-1.873982,0.226579,4.503105,0.0039706,-0.7571709,0.0413151,0.6518970
1788232740476463104,OK,1,0,15.8039,0.340459,0,1342,0,-1.883879,0.224922,4.498347,0.0041844,-0.7586178,0.0411811,0.6502197
1788232740509803776,OK,1,0,14.8717,0.329917,0,1296,0,-1.896791,0.226390,4.494682,0.0043778,-0.7600176,0.0411678,0.6485825
1788232740543144192,OK,1,0,16.1654,0.339,0,1312,0,-1.909909,0.220434,4.486742,0.0039523,-0.7613630,0.0405096,0.6470470
1788232740576484608,OK,1,0,16.192,0.341666,0,1299,0,-1.922092,0.225792,4.483243,0.0047157,-0.7631684,0.0407280,0.6448976
1788232740609825280,OK,1,0,15.7997,0.346541,0,1303,0,-1.934034,0.220690,4.477221,0.0039617,-0.7646107,0.0404634,0.6432089
1788232740643165696,OK,1,0,16.3682,0.350959,0,1253,0,-1.948414,0.222996,4.477097,0.0038142,-0.7656484,0.0410455,0.6419371
1788232740676506112,OK,1,0,16.3407,0.357541,0,1246,0,-1.959480,0.222614,4.473752,0.0038577,-0.7659167,0.0409656,0.6416218
1788232740709846784,OK,1,0,16.5154,0.3505,0,1264,0,-1.971226,0.217241,4.468347,0.0039323,-0.7659762,0.0404517,0.6415830
1788232740743186944,OK,1,0,15.4197,0.352459,0,1227,0,-1.983943,0.221596,4.465734,0.0043066,-0.7660165,0.0405640,0.6415253
1788232740776527360,OK,1,0,16.8857,0.327875,0,1257,0,-1.997765,0.220748,4.462445,0.0037228,-0.7659556,0.0401889,0.6416253
1788232740809868032,OK,1,0,14.5214,0.323291,0,1215,0,-2.012307,0.222036,4.460549,0.0036703,-0.7661051,0.0401515,0.6414494
1788232740843208192,OK,1,0,15.8775,0.319875,0,1261,0,-2.026683,0.222155,4.459753,0.0035096,-0.7662678,0.0404027,0.6412401
1788232740876548608,OK,1,0,15.8491,0.320791,0,1227,0,-2.039137,0.220037,4.456395,0.0034552,-0.7662400,0.0400778,0.6412942
1788232740909887744,OK,1,0,15.9265,0.345209,0,1464,0,-2.050316,0.219724,4.454365,0.0037480,-0.7662947,0.0402539,0.6412160
1788232740943227904,OK,1,0,16.7993,0.343792,0,1473,0,-2.062276,0.219213,4.452148,0.0038421,-0.7663074,0.0404222,0.6411898
1788232740976568320,OK,1,0,17.5045,0.332125,0,1680,0,-2.074912,0.220886,4.447537,0.0046247,-0.7661119,0.0404852,0.6414142
1788232741009908480,OK,1,0,16.1208,0.3575,0,1466,0,-2.088631,0.222902,4.448133,0.0046199,-0.7662864,0.0409646,0.6411753
1788232741043248896,OK,1,0,17.4817,0.30175,0,1398,0,-2.101873,0.221673,4.442952,0.0046732,-0.7660814,0.0406201,0.6414417
1788232741076588800,OK,1,0,17.1935,0.335292,0,1426,0,-2.114176,0.219739,4.439950,0.0046793,-0.7663179,0.0397520,0.6412135
1788232741109928960,OK,1,0,17.1532,0.340167,0,1422,0,-2.128663,0.219713,4.436750,0.0042929,-0.7665871,0.0390624,0.6409367
1788232741143269120,OK,1,0,17.5253,0.318292,0,1501,0,-2.142033,0.222136,4.434445,0.0044358,-0.7667910,0.0386562,0.6407165
1788232741176609024,OK,1,0,16.2077,0.317458,0,1459,0,-2.155405,0.224716,4.430916,0.0044275,-0.7665963,0.0388870,0.6409355
1788232741209949184,OK,1,0,17.2349,0.322708,0,1558,0,-2.169462,0.221369,4.428979,0.0040795,-0.7663331,0.0386293,0.6412681
1788232741243286784,OK,1,0,17.6362,0.354,0,1533,0,-2.183032,0.223520,4.426602,0.0042789,-0.7662653,0.0385074,0.6413552
1788232741276620800,OK,1,0,17.136,0.307875,0,1507,0,-2.196767,0.222523,4.421259,0.0039271,-0.7664932,0.0378485,0.6411242
1788232741309954560,OK,1,0,18.5179,0.338666,0,1512,0,-2.210633,0.224283,4.419610,0.0039392,-0.7668310,0.0376756,0.6407303
1788232741343287552,OK,1,0,17.0797,0.332584,0,1519,0,-2.221761,0.222479,4.417800,0.0038321,-0.7667735,0.0375809,0.6408052
1788232741376621312,OK,1,0,17.8734,0.338,0,1606,0,-2.234560,0.222523,4.417058,0.0040223,-0.7666454,0.0381703,0.6409227
1788232741409955072,OK,1,0,18.4055,0.326,0,1537,0,-2.247683,0.223907,4.413163,0.0042063,-0.7664235,0.0388091,0.6411484
1788232741443288576,OK,1,0,18.5622,0.31,0,1546,0,-2.259381,0.225690,4.410509,0.0042569,-0.7666056,0.0389681,0.6409207
1788232741476622080,OK,1,0,17.6453,0.337625,0,1573,0,-2.272223,0.224802,4.411477,0.0039676,-0.7671737,0.0386815,0.6402598
1788232741509955584,OK,1,0,17.4432,0.345917,0,1559,0,-2.283906,0.222796,4.408991,0.0037750,-0.7673443,0.0386267,0.6400598
1788232741543289088,OK,1,0,17.4078,0.329084,0,1554,0,-2.296260,0.222607,4.406068,0.0037351,-0.7672104,0.0392276,0.6401839
1788232741576622336,OK,1,0,17.276,0.326083,0,1502,0,-2.309562,0.223886,4.405860,0.0035699,-0.7669832,0.0399661,0.6404114
1788232741609955840,OK,1,0,17.31,0.329167,0,1504,0,-2.322833,0.221724,4.402622,0.0032965,-0.7668523,0.0393346,0.6406087
1788232741643288832,OK,1,0,17.9728,0.340417,0,1569,0,-2.335992,0.225596,4.400426,0.0031430,-0.7674106,0.0391286,0.6399532
1788232741676622080,OK,1,0,17.2916,0.319917,0,1518,0,-2.349177,0.224047,4.396506,0.0027533,-0.7676114,0.0384730,0.6397539
1788232741709955072,OK,1,0,17.909,0.325583,0,1513,0,-2.361847,0.223836,4.394550,0.0026287,-0.7672876,0.0383256,0.6401515
1788232741743288064,OK,1,0,19.0537,0.329583,0,1537,0,-2.374750,0.224137,4.391995,0.0024436,-0.7670346,0.0385823,0.6404400
1788232741776621056,OK,1,0,16.5997,0.332708,0,1497,0,-2.390060,0.221887,4.390248,0.0021409,-0.7671233,0.0381801,0.6403589
1788232741809952768,OK,1,0,17.6709,0.330583,0,1519,0,-2.401583,0.222043,4.385775,0.0022001,-0.7672330,0.0377832,0.6402510
1788232741843285760,OK,1,0,17.3062,0.3345,0,1496,0,-2.415316,0.224017,4.384319,0.0023292,-0.7676029,0.0378294,0.6398041
1788232741876618496,OK,1,0,18.3366,0.337709,0,1529,0,-2.426791,0.222958,4.381017,0.0026245,-0.7674268,0.0380887,0.6399987
1788232741909950976,OK,1,0,17.738,0.326333,0,1498,0,-2.437382,0.223995,4.379663,0.0030153,-0.7674009,0.0388149,0.6399845
1788232741943283456,OK,1,0,17.4793,0.325125,0,1462,0,-2.450903,0.222609,4.378545,0.0028043,-0.7675734,0.0391507,0.6397581
1788232741976615936,OK,1,0,18.6111,0.31475,0,1453,0,-2.462330,0.225231,4.375171,0.0028519,-0.7674862,0.0393935,0.6398477
1788232742009948416,OK,1,0,17.6636,0.334708,0,1492,0,-2.475186,0.222054,4.372917,0.0026363,-0.7674769,0.0393610,0.6398618
1788232742043280640,OK,1,0,17.58,0.342917,0,1488,0,-2.489533,0.224661,4.370471,0.0025913,-0.7674084,0.0396918,0.6399236
1788232742076613120,OK,1,0,17.6443,0.317,0,1475,0,-2.501425,0.224750,4.368062,0.0026342,-0.7673450,0.0393563,0.6400203
1788232742109945344,OK,1,0,17.4469,0.320917,0,1416,0,-2.513592,0.226589,4.366226,0.0029363,-0.7674916,0.0396033,0.6398278
1788232742143277568,OK,1,0,16.0527,0.328167,0,1450,0,-2.527629,0.219999,4.361829,0.0024350,-0.7674639,0.0387161,0.6399176
1788232742176609536,OK,1,0,17.3881,0.331416,0,1441,0,-2.540885,0.225721,4.360272,0.0028622,-0.7674956,0.0389740,0.6398619
1788232742209941760,OK,1,0,16.973,0.351625,0,1419,0,-2.553313,0.220572,4.357859,0.0027384,-0.7675350,0.0386280,0.6398362
1788232742243273216,OK,1,0,17.0822,0.321084,0,1426,0,-2.567178,0.223395,4.358591,0.0027360,-0.7676146,0.0389670,0.6397202
1788232742276606208,OK,1,0,18.0562,0.336875,0,1440,0,-2.580005,0.224197,4.355397,0.0028981,-0.7675456,0.0389846,0.6398013
1788232742309939200,OK,1,0,17.6476,0.3035,0,1424,0,-2.594161,0.221556,4.351759,0.0025821,-0.7677588,0.0386239,0.6395685
1788232742343272192,OK,1,0,17.6209,0.338084,0,1631,0,-2.607221,0.220359,4.347881,0.0024163,-0.7677649,0.0380946,0.6395937
1788232742376605184,OK,1,0,17.4965,0.335875,0,1417,0,-2.619795,0.222127,4.344497,0.0029956,-0.7677092,0.0379607,0.6396661
1788232742409937920,OK,1,0,16.3117,0.357333,0,1202,0,-2.636063,0.223360,4.338475,0.0030546,-0.7676229,0.0381305,0.6397592
1788232742443270656,OK,1,0,16.0807,0.325375,0,1146,0,-2.651412,0.225917,4.338974,0.0029078,-0.7677224,0.0382060,0.6396360
1788232742476603392,OK,1,0,15.4069,0.313458,0,1131,0,-2.661176,0.221110,4.335463,0.0027395,-0.7676513,0.0377697,0.6397479
1788232742509936128,OK,1,0,15.5731,0.314292,0,1086,0,-2.675251,0.221548,4.334717,0.0020270,-0.7678857,0.0378285,0.6394657
1788232742543268608,OK,1,0,14.7774,0.358166,0,1080,0,-2.688008,0.224712,4.334266,0.0024676,-0.7678014,0.0376977,0.6395732
1788232742576600832,OK,1,0,15.0666,0.335167,0,1069,0,-2.699789,0.228412,4.328623,0.0029331,-0.7674934,0.0383926,0.6398995
1788232742609933312,OK,1,0,17.2313,0.355208,0,1074,0,-2.712283,0.222994,4.326483,0.0024960,-0.7675202,0.0377304,0.6399085
1788232742643265536,OK,1,0,16.8244,0.332166,0,1087,0,-2.726434,0.223050,4.322534,0.0023374,-0.7675344,0.0373403,0.6399149
1788232742676596736,OK,1,0,16.6634,0.374166,0,1033,0,-2.738639,0.224771,4.319785,0.0025658,-0.7678537,0.0377238,0.6395084
1788232742709928960,OK,1,0,16.0092,0.354958,0,1032,0,-2.751308,0.226577,4.318729,0.0028930,-0.7683296,0.0380621,0.6389152
1788232742743260928,OK,1,0,16.6455,0.371833,0,1024,0,-2.765198,0.222045,4.315402,0.0031410,-0.7685756,0.0376990,0.6386396
1788232742776592896,OK,1,0,16.8551,0.347709,0,1031,0,-2.777112,0.224328,4.311460,0.0031988,-0.7690143,0.0380115,0.6380924
1788232742809924864,OK,1,0,17.9243,0.348666,0,1028,0,-2.789094,0.222136,4.307763,0.0028567,-0.7699416,0.0377666,0.6369894
1788232742843256576,OK,1,0,16.3387,0.342667,0,1016,0,-2.799286,0.222562,4.302437,0.0032246,-0.7712161,0.0386297,0.6353921
1788232742876588288,OK,1,0,16.518,0.324375,0,1015,0,-2.811641,0.223481,4.298011,0.0035341,-0.7730604,0.0393229,0.6331025
1788232742909920256,OK,1,0,17.0662,0.324792,0,995,0,-2.822896,0.225777,4.293173,0.0041886,-0.7750788,0.0398140,0.6305951
1788232742943251712,OK,1,0,15.9061,0.333875,0,1005,0,-2.834378,0.222883,4.288279,0.0044417,-0.7771805,0.0393355,0.6280314
1788232742976583168,OK,1,0,16.2685,0.353166,0,990,0,-2.845833,0.226509,4.280989,0.0049226,-0.7796704,0.0400235,0.6248904
1788232743009914624,OK,1,0,18.5237,0.344333,0,970,0,-2.858062,0.220537,4.272944,0.0042942,-0.7825702,0.0395528,0.6212898
1788232743043246080,OK,1,0,15.9196,0.339667,0,1206,0,-2.869383,0.223317,4.265371,0.0045483,-0.7856230,0.0402676,0.6173770
1788232743076577280,OK,1,0,16.3078,0.350042,0,1118,0,-2.880283,0.222270,4.257692,0.0045894,-0.7885962,0.0402947,0.6135725
1788232743109908480,OK,1,0,16.319,0.34425,0,1125,0,-2.892375,0.223984,4.251015,0.0048456,-0.7915075,0.0407327,0.6097813
1788232743143238400,OK,1,0,20.682,0.382916,0,1153,0,-2.900744,0.224755,4.243417,0.0043510,-0.7943718,0.0413037,0.6060104
1788232743176569600,OK,1,0,17.7367,0.369792,0,1160,0,-2.911413,0.222685,4.235219,0.0041011,-0.7972296,0.0414776,0.6022356
1788232743209900544,OK,1,0,15.8045,0.405708,0,1117,0,-2.922377,0.223013,4.229742,0.0043216,-0.8003924,0.0415694,0.5980178
1788232743243237888,OK,1,0,15.6345,0.320292,0,1151,0,-2.931506,0.224980,4.217299,0.0048139,-0.8029670,0.0417854,0.5945375
1788232743276582912,OK,1,0,16.153,0.345084,0,1166,0,-2.943609,0.225500,4.210463,0.0049778,-0.8058624,0.0421404,0.5905804
1788232743309928448,OK,1,0,15.6452,0.3465,0,1336,0,-2.952826,0.225565,4.201283,0.0051136,-0.8085058,0.0426136,0.5869211
1788232743343273984,OK,1,0,15.6578,0.347125,0,1209,0,-2.965433,0.223055,4.194492,0.0051487,-0.8117828,0.0426693,0.5823759
1788232743376619264,OK,1,0,17.7696,0.340333,0,1137,0,-2.973958,0.222968,4.183252,0.0055491,-0.8145012,0.0431736,0.5785266
1788232743409964800,OK,1,0,15.9853,0.309666,0,1142,0,-2.981367,0.223943,4.174930,0.0057124,-0.8172991,0.0438097,0.5745174
1788232743443310336,OK,1,0,16.8242,0.336792,0,1123,0,-2.991167,0.220286,4.167550,0.0057424,-0.8203331,0.0436709,0.5701872
1788232743476656128,OK,1,0,15.335,0.341875,0,1086,0,-3.003199,0.225577,4.158298,0.0062240,-0.8238162,0.0441274,0.5651026
1788232743510001408,OK,1,0,15.7668,0.341417,0,1076,0,-3.015790,0.219214,4.148135,0.0056915,-0.8273746,0.0432668,0.5599525
1788232743543347200,OK,1,0,15.4285,0.330458,0,1084,0,-3.026491,0.222093,4.135561,0.0062036,-0.8305593,0.0433511,0.5552059
1788232743576691968,OK,1,0,16.275,0.329417,0,1083,0,-3.037623,0.220444,4.126386,0.0064166,-0.8341433,0.0430352,0.5498288
1788232743610037248,OK,1,0,16.3589,0.338208,0,1071,0,-3.046228,0.219713,4.112530,0.0066632,-0.8374532,0.0431608,0.5447612
1788232743643383040,OK,1,0,16.6676,0.355041,0,1084,0,-3.059463,0.215847,4.104793,0.0059512,-0.8411223,0.0434850,0.5390611
1788232743676729088,OK,1,0,16.5981,0.313125,0,1101,0,-3.072038,0.218013,4.097056,0.0059156,-0.8444392,0.0447015,0.5337501
1788232743710074624,OK,1,0,16.5977,0.364042,0,1116,0,-3.078627,0.211489,4.088699,0.0053674,-0.8475317,0.0447455,0.5288280
1788232743743420416,OK,1,0,16.4053,0.344417,0,1382,0,-3.089530,0.211216,4.078852,0.0058601,-0.8508782,0.0451510,0.5233864
1788232743776766464,OK,1,0,19.2987,0.347458,0,1268,0,-3.093641,0.211774,4.067938,0.0060639,-0.8538388,0.0454443,0.5185146
1788232743810112256,OK,1,0,18.1778,0.337459,0,1290,0,-3.105453,0.214406,4.057274,0.0059956,-0.8570165,0.0458230,0.5132125
1788232743843458048,OK,1,0,30.3655,0.475834,0,1257,0,-3.119341,0.213106,4.044359,0.0057155,-0.8602621,0.0455849,0.5077780
1788232743876803840,OK,1,0,19.144,0.367958,0,1238,0,-3.125275,0.209740,4.034894,0.0053769,-0.8635467,0.0454290,0.5021896
1788232743910150144,OK,1,0,17.1283,0.34125,0,1269,0,-3.135999,0.213274,4.021369,0.0059246,-0.8668403,0.0458170,0.4964409
1788232743943496192,OK,1,0,18.8034,0.352208,0,1233,0,-3.144847,0.215965,4.009847,0.0063537,-0.8700528,0.0461985,0.4907480
1788232743976841984,OK,1,0,17.8617,0.343042,0,1620,0,-3.151752,0.212513,3.998955,0.0064577,-0.8732903,0.0463491,0.4849477
1788232744010187264,OK,1,0,18.8766,0.317791,0,1488,0,-3.158036,0.207510,3.988693,0.0064436,-0.8765003,0.0467784,0.4790799
1788232744043533312,OK,1,0,19.7203,0.346292,0,1367,0,-3.166149,0.212126,3.977712,0.0066371,-0.8795099,0.0482382,0.4733830
1788232744076879360,OK,1,0,17.4742,0.33425,0,1304,0,-3.171418,0.209598,3.968316,0.0060692,-0.8823182,0.0490143,0.4680548
1788232744110225664,OK,1,0,16.7399,0.337083,0,1260,0,-3.180323,0.207156,3.958284,0.0063700,-0.8853808,0.0493190,0.4621990
1788232744143571712,OK,1,0,20.5729,0.316417,0,1242,0,-3.182981,0.206650,3.944822,0.0066758,-0.8880561,0.0495968,0.4570032
1788232744176918016,OK,1,0,17.176,0.352542,0,1230,0,-3.190909,0.207374,3.932607,0.0065318,-0.8909929,0.0496367,0.4512486
1788232744210264064,OK,1,0,17.6464,0.329,0,1201,0,-3.194723,0.206929,3.918797,0.0068297,-0.8937766,0.0497052,0.4456974
1788232744243609600,OK,1,0,17.929,0.340375,0,1183,0,-3.199985,0.205118,3.906964,0.0073040,-0.8966143,0.0496532,0.4399592
1788232744276953856,OK,1,0,18.2522,0.340208,0,1184,0,-3.206903,0.205328,3.893862,0.0073444,-0.8993692,0.0497370,0.4342894
1788232744310298368,OK,1,0,17.9097,0.349459,0,1183,0,-3.213676,0.203572,3.881489,0.0072435,-0.9021125,0.0497349,0.4285638
1788232744343642624,OK,1,0,18.3594,0.360625,0,1175,0,-3.219810,0.203863,3.868145,0.0081167,-0.9049292,0.0497326,0.4225683
1788232744376987136,OK,1,0,17.3889,0.377542,0,1188,0,-3.225796,0.202503,3.854776,0.0081638,-0.9076382,0.0496414,0.4167278
1788232744410331648,OK,1,0,19.1123,0.349,0,1177,0,-3.229633,0.204129,3.842724,0.0081992,-0.9102671,0.0497387,0.4109413
1788232744443675904,OK,1,0,18.3803,0.360417,0,1195,0,-3.235744,0.206713,3.829207,0.0089494,-0.9128994,0.0501436,0.4049941
1788232744477019648,OK,1,0,18.9668,0.369416,0,1169,0,-3.239003,0.205144,3.814855,0.0090857,-0.9154339,0.0503564,0.3992022
1788232744510364160,OK,1,0,17.3599,0.350292,0,1171,0,-3.247781,0.203905,3.805169,0.0084238,-0.9180768,0.0507663,0.3930481
1788232744543708672,OK,1,0,17.952,0.329083,0,1151,0,-3.254341,0.200050,3.793693,0.0076751,-0.9205554,0.0508882,0.3872070
1788232744577053440,OK,1,0,17.4304,0.352708,0,1146,0,-3.257721,0.200703,3.782158,0.0079924,-0.9229614,0.0513175,0.3813725
1788232744610398208,OK,1,0,18.9065,0.327042,0,1172,0,-3.259424,0.200651,3.768383,0.0079820,-0.9252987,0.0512997,0.3756688
1788232744643742976,OK,1,0,17.1467,0.360458,0,1140,0,-3.264897,0.202043,3.754439,0.0081597,-0.9276707,0.0514553,0.3697472
1788232744677087744,OK,1,0,21.9311,0.337584,0,1154,0,-3.269787,0.197346,3.743988,0.0082195,-0.9302173,0.0510807,0.3633443
1788232744710432256,OK,1,0,17.0987,0.34425,0,1110,0,-3.270900,0.197591,3.728901,0.0086622,-0.9326627,0.0511540,0.3569995
1788232744743777024,OK,1,0,18.6261,0.33675,0,1107,0,-3.277792,0.199628,3.716683,0.0090923,-0.9351302,0.0516645,0.3503994
1788232744777122048,OK,1,0,19.1698,0.341459,0,1114,0,-3.280657,0.197880,3.703742,0.0089978,-0.9374123,0.0517327,0.3442396
1788232744810467072,OK,1,0,17.5897,0.343375,0,1051,0,-3.282176,0.198003,3.689635,0.0088302,-0.9397247,0.0519910,0.3378409
1788232744843812096,OK,1,0,16.0757,0.359667,0,1065,0,-3.287768,0.197427,3.676214,0.0089217,-0.9421450,0.0518823,0.3310458
1788232744877156864,OK,1,0,18.9363,0.345167,0,1074,0,-3.291207,0.196352,3.665840,0.0084701,-0.9443786,0.0522199,0.3245775
1788232744910500864,OK,1,0,16.9475,0.356333,0,1044,0,-3.295065,0.197832,3.652678,0.0086101,-0.9465494,0.0527104,0.3181067
1788232744943845888,OK,1,0,18.5957,0.356666,0,1003,0,-3.299509,0.197033,3.638721,0.0082812,-0.9487628,0.0527624,0.3114431
1788232744977191168,OK,1,0,15.924,0.379625,0,1032,0,-3.305127,0.198284,3.624741,0.0081032,-0.9508942,0.0531152,0.3048169
1788232745010536192,OK,1,0,17.7906,0.368166,0,1028,0,-3.308232,0.198223,3.609648,0.0080011,-0.9527901,0.0533260,0.2988030
1788232745043881472,OK,1,0,15.9088,0.344875,0,981,0,-3.311787,0.193836,3.599226,0.0078058,-0.9548346,0.0534218,0.2921920
1788232745077226496,OK,1,0,15.6754,0.36375,0,986,0,-3.313285,0.196598,3.584384,0.0084908,-0.9567869,0.0537595,0.2856516
1788232745110571776,OK,1,0,15.3779,0.320584,0,1031,0,-3.314358,0.193103,3.573714,0.0082289,-0.9587111,0.0539267,0.2791007
1788232745143917312,OK,1,0,16.0222,0.300542,0,1007,0,-3.317763,0.192284,3.561275,0.0079610,-0.9606653,0.0540070,0.2722904
1788232745177262336,OK,1,0,16.6107,0.314375,0,1042,0,-3.320373,0.190651,3.548965,0.0079240,-0.9626021,0.0537301,0.2654195
1788232745210607872,OK,1,0,16.6962,0.339208,0,1064,0,-3.319936,0.190562,3.533803,0.0082070,-0.9644176,0.0532675,0.2588319
1788232745243950592,OK,1,0,15.9083,0.336292,0,1082,0,-3.321724,0.188931,3.519624,0.0079343,-0.9662060,0.0529289,0.2521538
1788232745277290496,OK,1,0,15.589,0.323417,0,1066,0,-3.320393,0.186039,3.507469,0.0079241,-0.9678602,0.0527227,0.2457726
1788232745310630144,OK,1,0,18.943,0.3135,0,1059,0,-3.321626,0.188719,3.493942,0.0085673,-0.9695872,0.0528243,0.2388240
1788232745343968768,OK,1,0,16.6331,0.32275,0,1062,0,-3.324066,0.184964,3.480922,0.0081040,-0.9712494,0.0529041,0.2319700
1788232745377308416,OK,1,0,15.6525,0.353,0,1060,0,-3.325676,0.182318,3.467911,0.0076621,-0.9728020,0.0530411,0.2253532
1788232745410648064,OK,1,0,16.0205,0.349166,0,1055,0,-3.326236,0.180513,3.457493,0.0074740,-0.9742718,0.0534567,0.2188174
1788232745443987712,OK,1,0,17.7177,0.353583,0,1066,0,-3.325758,0.178633,3.443614,0.0074996,-0.9757406,0.0534858,0.2121636
1788232745477327360,OK,1,0,15.7712,0.339959,0,1249,0,-3.327292,0.178438,3.430619,0.0077730,-0.9771590,0.0537250,0.2054591
1788232745510667008,OK,1,0,16.161,0.344,0,1150,0,-3.329461,0.178983,3.415226,0.0077745,-0.9785839,0.0533854,0.1986531
1788232745544006400,OK,1,0,16.8088,0.333834,0,1100,0,-3.325034,0.178819,3.403530,0.0080526,-0.9798932,0.0530031,0.1921852
1788232745577346048,OK,1,0,15.4783,0.346084,0,1231,0,-3.331017,0.176521,3.388943,0.0081685,-0.9813357,0.0526752,0.1847670
1788232745610685440,OK,1,0,16.1268,0.336417,0,1213,0,-3.325597,0.175403,3.375738,0.0078657,-0.9824615,0.0524038,0.1787777
1788232745644025088,OK,1,0,16.7761,0.332209,0,1206,0,-3.326618,0.175419,3.363011,0.0074513,-0.9834924,0.0523326,0.1730561
1788232745677364736,OK,1,0,16.0803,0.348208,0,1198,0,-3.328563,0.173594,3.350868,0.0077876,-0.9843818,0.0523412,0.1679058
1788232745710704128,OK,1,0,17.4232,0.336167,0,1486,0,-3.331172,0.176710,3.337062,0.0084753,-0.9850796,0.0530943,0.1634847
1788232745744043776,OK,1,0,18.5076,0.343083,0,1694,0,-3.332196,0.172921,3.326753,0.0074430,-0.9856663,0.0531995,0.1599259
1788232745777383168,OK,1,0,17.6854,0.368208,0,1453,0,-3.331599,0.172982,3.314717,0.0070987,-0.9860543,0.0535494,0.1574133
1788232745810721792,OK,1,0,16.8068,0.352125,0,1409,0,-3.335748,0.173163,3.303411,0.0071132,-0.9865111,0.0541661,0.1543090
1788232745844060928,OK,1,0,17.5759,0.341625,0,1369,0,-3.337635,0.172337,3.289586,0.0074908,-0.9869936,0.0542114,0.1511575
1788232745877400320,OK,1,0,17.2266,0.354583,0,1315,0,-3.339054,0.171247,3.276885,0.0073781,-0.9873239,0.0540147,0.1490619
1788232745910739968,OK,1,0,18.76,0.349417,0,1317,0,-3.343231,0.170257,3.261292,0.0069619,-0.9875062,0.0536122,0.1480167
1788232745944079360,OK,1,0,17.3649,0.380458,0,1313,0,-3.346141,0.170236,3.249937,0.0072999,-0.9876071,0.0534573,0.1473817
1788232745977418752,OK,1,0,17.316,0.346375,0,1280,0,-3.345755,0.170977,3.238092,0.0078089,-0.9877046,0.0536435,0.1466319
1788232746010758144,OK,1,0,17.8408,0.3445,0,1283,0,-3.352442,0.167629,3.223806,0.0071284,-0.9879487,0.0531167,0.1452074
1788232746044097536,OK,1,0,16.9169,0.338083,0,1250,0,-3.356987,0.165990,3.213134,0.0068452,-0.9880597,0.0529913,0.1445099
1788232746077436928,OK,1,0,17.6537,0.357,0,1263,0,-3.359017,0.168232,3.201211,0.0067947,-0.9881458,0.0533781,0.1437791
1788232746110776064,OK,1,0,16.6608,0.344708,0,1246,0,-3.360484,0.165754,3.190539,0.0063834,-0.9882430,0.0531880,0.1431991
1788232746144115456,OK,1,0,17.5531,0.365917,0,1238,0,-3.364027,0.166608,3.177966,0.0069476,-0.9883522,0.0531550,0.1424297
1788232746177454848,OK,1,0,17.1992,0.358792,0,1235,0,-3.367550,0.164107,3.163520,0.0068192,-0.9885119,0.0529507,0.1413999
1788232746210794240,OK,1,0,19.7477,0.3435,0,1222,0,-3.370344,0.163377,3.150126,0.0067708,-0.9886406,0.0525329,0.1406563
1788232746244135936,OK,1,0,17.0963,0.352834,0,1210,0,-3.374137,0.164930,3.138862,0.0069635,-0.9887747,0.0522988,0.1397893
1788232746277483520,OK,1,0,16.2604,0.362083,0,1225,0,-3.379219,0.163553,3.125304,0.0067178,-0.9889124,0.0523054,0.1388209
1788232746310831104,OK,1,0,19.0879,0.366917,0,1214,0,-3.382865,0.160398,3.111526,0.0062331,-0.9889857,0.0524805,0.1382543
1788232746344178688,OK,1,0,16.9983,0.374416,0,1175,0,-3.389808,0.160488,3.099650,0.0061985,-0.9891549,0.0524266,0.1370612
1788232746377526528,OK,1,0,16.8665,0.350375,0,1183,0,-3.388703,0.163433,3.086489,0.0063688,-0.9892037,0.0526942,0.1365976
1788232746410874624,OK,1,0,16.4669,0.353375,0,1161,0,-3.393214,0.160060,3.075877,0.0059076,-0.9893777,0.0524080,0.1354634
1788232746444222464,OK,1,0,16.5845,0.356583,0,1151,0,-3.395922,0.164864,3.062129,0.0065717,-0.9894805,0.0523557,0.1347000
1788232746477570560,OK,1,0,18.8638,0.359209,0,1128,0,-3.396244,0.160026,3.049477,0.0065081,-0.9895951,0.0518216,0.1340663
1788232746510918656,OK,1,0,16.4529,0.327625,0,1204,0,-3.401939,0.159131,3.035414,0.0063522,-0.9897407,0.0515090,0.1331156
1788232746544266752,OK,1,0,16.9101,0.34125,0,1153,0,-3.403972,0.159059,3.022328,0.0063341,-0.9898545,0.0509607,0.1324800
1788232746577615360,OK,1,0,17.3912,0.399041,0,1536,0,-3.406930,0.158650,3.008969,0.0062653,-0.9899700,0.0509021,0.1316404
1788232746610963712,OK,1,0,17.586,0.356292,0,1396,0,-3.411310,0.160417,2.995347,0.0058327,-0.9900794,0.0508736,0.1308459
1788232746644312320,OK,1,0,18.2321,0.346875,0,1374,0,-3.412601,0.156146,2.984409,0.0057479,-0.9901921,0.0501634,0.1302703
1788232746677659904,OK,1,0,31.0189,0.339083,0,1368,0,-3.417207,0.153729,2.973757,0.0057875,-0.9903429,0.0502584,0.1290795
1788232746711008512,OK,1,0,17.7547,0.3715,0,1316,0,-3.418717,0.152588,2.961127,0.0058810,-0.9904522,0.0499617,0.1283497
1788232746744357376,OK,1,0,17.9463,0.35725,0,1306,0,-3.422023,0.153440,2.946769,0.0062796,-0.9905335,0.0499995,0.1276875
1788232746777706240,OK,1,0,16.9025,0.334583,0,1515,0,-3.423378,0.152002,2.936022,0.0064739,-0.9906461,0.0499070,0.1268375
1788232746811055104,OK,1,0,18.6731,0.33625,0,1356,0,-3.421706,0.153736,2.923222,0.0068532,-0.9906897,0.0500325,0.1264267
1788232746844404224,OK,1,0,17.3951,0.328917,0,1288,0,-3.428366,0.150275,2.908717,0.0071766,-0.9908794,0.0497424,0.1250288
1788232746877753344,OK,1,0,16.9885,0.3545,0,1256,0,-3.429080,0.149473,2.898288,0.0071203,-0.9909616,0.0501172,0.1242289
1788232746911102720,OK,1,0,16.8125,0.337291,0,1272,0,-3.429848,0.146690,2.889403,0.0067766,-0.9909968,0.0504279,0.1238406
1788232746944452096,OK,1,0,16.0691,0.340541,0,1217,0,-3.434039,0.146652,2.876008,0.0066809,-0.9910488,0.0511094,0.1231486
1788232746977801472,OK,1,0,16.1986,0.368917,0,1196,0,-3.440662,0.147808,2.863845,0.0064289,-0.9911547,0.0518688,0.1219865
1788232747011151104,OK,1,0,17.0157,0.353834,0,1181,0,-3.442604,0.145604,2.854346,0.0063511,-0.9912803,0.0518093,0.1209913
1788232747044500736,OK,1,0,15.9522,0.348875,0,1159,0,-3.443613,0.146271,2.840330,0.0066810,-0.9914464,0.0514231,0.1197707
1788232747077850624,OK,1,0,16.3807,0.341792,0,1164,0,-3.444378,0.143185,2.827496,0.0067332,-0.9915842,0.0511466,0.1187416
1788232747111200256,OK,1,0,16.0769,0.359416,0,1166,0,-3.447309,0.143816,2.813420,0.0066301,-0.9917446,0.0511263,0.1174090
1788232747144549376,OK,1,0,17.1983,0.328458,0,1348,0,-3.449198,0.146843,2.799981,0.0066267,-0.9919320,0.0510695,0.1158405
1788232747177899264,OK,1,0,16.9318,0.352667,0,1254,0,-3.448869,0.142951,2.789706,0.0064700,-0.9921370,0.0508458,0.1141807
1788232747211249152,OK,1,0,17.7755,0.352041,0,1258,0,-3.453584,0.143500,2.774432,0.0066550,-0.9923713,0.0510221,0.1120346
1788232747244596480,OK,1,0,15.6232,0.346917,0,1248,0,-3.455672,0.142601,2.762990,0.0062634,-0.9925897,0.0510014,0.1101149
1788232747277939968,OK,1,0,17.6504,0.341792,0,1304,0,-3.455236,0.142083,2.751843,0.0066902,-0.9927564,0.0513530,0.1084107
1788232747311283200,OK,1,0,15.9014,0.323833,0,1311,0,-3.455480,0.140444,2.739567,0.0065122,-0.9929197,0.0511886,0.1069939
1788232747344626688,OK,1,0,16.8846,0.350916,0,1290,0,-3.458389,0.140245,2.724957,0.0065297,-0.9931158,0.0510635,0.1052179
1788232747377970176,OK,1,0,16.5345,0.355166,0,1298,0,-3.458220,0.137864,2.713161,0.0066817,-0.9933076,0.0508285,0.1034983
1788232747411313664,OK,1,0,16.5784,0.365916,0,1259,0,-3.459301,0.135706,2.700748,0.0065923,-0.9935139,0.0505478,0.1016439
1788232747444657152,OK,1,0,16.5217,0.358333,0,1232,0,-3.462942,0.137368,2.686075,0.0062414,-0.9937149,0.0505769,0.0996677
1788232747478000640,OK,1,0,18.0689,0.35975,0,1237,0,-3.463034,0.137747,2.672592,0.0063921,-0.9938943,0.0503722,0.0979593
1788232747511344128,OK,1,0,16.4894,0.346041,0,1214,0,-3.464361,0.136150,2.658534,0.0066744,-0.9940544,0.0502920,0.0963438
1788232747544687872,OK,1,0,15.9802,0.35175,0,1230,0,-3.465702,0.135181,2.646659,0.0065737,-0.9942360,0.0500082,0.0946089
1788232747578030592,OK,1,0,19.2344,0.333792,0,1175,0,-3.467913,0.133167,2.634221,0.0064513,-0.9943737,0.0499420,0.0931943
1788232747611374080,OK,1,0,16.2981,0.345708,0,1163,0,-3.469252,0.135640,2.620989,0.0065386,-0.9944593,0.0508763,0.0917583
1788232747644717824,OK,1,0,16.7858,0.349667,0,1167,0,-3.471088,0.133623,2.607760,0.0059316,-0.9945837,0.0509388,0.0904066
1788232747678061568,OK,1,0,15.5842,0.333458,0,1173,0,-3.470863,0.133336,2.597843,0.0060286,-0.9947041,0.0513152,0.0888489
1788232747711405312,OK,1,0,19.5824,0.342625,0,1155,0,-3.475475,0.131840,2.584844,0.0062294,-0.9948583,0.0514929,0.0869868
1788232747744749056,OK,1,0,16.9002,0.346125,0,1147,0,-3.475219,0.130471,2.572712,0.0063088,-0.9949530,0.0515657,0.0858467
1788232747778092800,OK,1,0,18.8984,0.352833,0,1141,0,-3.477464,0.130272,2.558655,0.0063232,-0.9950759,0.0515256,0.0844334
1788232747811436800,OK,1,0,15.9262,0.353083,0,1119,0,-3.476815,0.129346,2.546767,0.0060967,-0.9951841,0.0513828,0.0832549
1788232747844780544,OK,1,0,18.9761,0.348625,0,1105,0,-3.476761,0.129765,2.535369,0.0062228,-0.9952803,0.0513884,0.0820840
1788232747878124544,OK,1,0,15.732,0.356875,0,1121,0,-3.476874,0.132454,2.521553,0.0063507,-0.9954120,0.0512711,0.0805352
1788232747911468288,OK,1,0,18.8627,0.361958,0,1131,0,-3.479198,0.129885,2.508614,0.0064189,-0.9955471,0.0510331,0.0789966
1788232747944812288,OK,1,0,15.797,0.3505,0,1091,0,-3.481989,0.128667,2.494474,0.0065766,-0.9956680,0.0509715,0.0774854
1788232747978156288,OK,1,0,17.9438,0.349166,0,1106,0,-3.479906,0.127906,2.481957,0.0064331,-0.9957925,0.0503799,0.0762746
1788232748011499264,OK,1,0,15.4195,0.322917,0,1121,0,-3.484595,0.126453,2.467304,0.0067968,-0.9959855,0.0502510,0.0737668
1788232748044843264,OK,1,0,17.2679,0.37525,0,1110,0,-3.484872,0.126301,2.453325,0.0071404,-0.9961414,0.0505929,0.0713556
1788232748078187520,OK,1,0,15.3248,0.340042,0,1105,0,-3.481775,0.125532,2.442981,0.0067511,-0.9962640,0.0511541,0.0692509
1788232748111531520,OK,1,0,18.2392,0.363625,0,1079,0,-3.479731,0.126207,2.432903,0.0067126,-0.9964073,0.0515325,0.0668715
1788232748144875776,OK,1,0,15.2977,0.385708,0,1307,0,-3.479938,0.125706,2.420100,0.0066601,-0.9965321,0.0519625,0.0646470
1788232748178219776,OK,1,0,17.4642,0.380792,0,1188,0,-3.481691,0.124099,2.406866,0.0068404,-0.9966978,0.0518109,0.0621479
1788232748211564032,OK,1,0,19.5622,0.345084,0,1194,0,-3.478142,0.125615,2.394918,0.0071617,-0.9968225,0.0520094,0.0599067
1788232748244905728,OK,1,0,17.0901,0.347208,0,1181,0,-3.474834,0.124203,2.384696,0.0074255,-0.9969546,0.0520891,0.0575591
1788232748278244096,OK,1,0,16.3998,0.33825,0,1509,0,-3.472894,0.122130,2.372006,0.0070199,-0.9970970,0.0517551,0.0554054
1788232748311582464,OK,1,0,17.8722,0.356833,0,1335,0,-3.474633,0.122680,2.357671,0.0071970,-0.9972357,0.0517181,0.0528625
1788232748344920832,OK,1,0,14.7388,0.35625,0,1285,0,-3.473416,0.124368,2.345635,0.0075764,-0.9973360,0.0522521,0.0503310
1788232748378258944,OK,1,0,15.2718,0.357709,0,1264,0,-3.474149,0.120595,2.332886,0.0073336,-0.9974744,0.0521785,0.0476271
1788232748411597312,OK,1,0,15.5281,0.354083,0,1220,0,-3.473496,0.119969,2.320639,0.0070508,-0.9976009,0.0518584,0.0453151
1788232748444935680,OK,1,0,15.6522,0.32475,0,1204,0,-3.474091,0.118168,2.307683,0.0068991,-0.9977045,0.0517607,0.0431165
1788232748478273024,OK,1,0,15.6711,0.327041,0,1348,0,-3.470430,0.122623,2.295153,0.0076319,-0.9977266,0.0529177,0.0410266
1788232748511611392,OK,1,0,15.404,0.346041,0,1233,0,-3.470886,0.120575,2.282279,0.0072433,-0.9978402,0.0528512,0.0383301
1788232748544949504,OK,1,0,16.652,0.349875,0,1234,0,-3.470384,0.118173,2.268743,0.0069072,-0.9979790,0.0519683,0.0359105
1788232748578287872,OK,1,0,15.7913,0.359417,0,1225,0,-3.469551,0.118395,2.256132,0.0072781,-0.9980580,0.0519834,0.0335416
1788232748611625984,OK,1,0,15.5616,0.318667,0,1392,0,-3.464730,0.115961,2.243734,0.0075701,-0.9981346,0.0518026,0.0314092
1788232748644964096,OK,1,0,15.7745,0.347167,0,1398,0,-3.461540,0.119247,2.230894,0.0079711,-0.9981952,0.0519905,0.0289784
1788232748678302464,OK,1,0,15.5084,0.361958,0,1317,0,-3.462409,0.116183,2.218711,0.0074461,-0.9982960,0.0516527,0.0261095
1788232748711640576,OK,1,0,16.714,0.338459,0,1479,0,-3.460420,0.115726,2.205377,0.0072823,-0.9983402,0.0518859,0.0239098
1788232748744978688,OK,1,0,16.2583,0.364,0,1430,0,-3.460635,0.117251,2.193714,0.0066293,-0.9983742,0.0523592,0.0215300
1788232748778316800,OK,1,0,16.7335,0.354125,0,1379,0,-3.459049,0.118713,2.183022,0.0066863,-0.9983959,0.0528477,0.0191857
1788232748811654912,OK,1,0,16.9553,0.351417,0,1638,0,-3.458285,0.114006,2.169836,0.0069955,-0.9984424,0.0528319,0.0165138
1788232748844993536,OK,1,0,16.0196,0.327125,0,1462,0,-3.459268,0.115135,2.155714,0.0071413,-0.9984905,0.0526744,0.0138305
1788232748878331648,OK,1,0,15.454,0.330833,0,1379,0,-3.456216,0.115673,2.143106,0.0066940,-0.9985493,0.0521362,0.0116752
1788232748911668480,OK,1,0,16.5393,0.341,0,1541,0,-3.455562,0.112397,2.131711,0.0062301,-0.9985987,0.0517222,0.0093126
1788232748945006592,OK,1,0,16.0376,0.346333,0,1439,0,-3.453156,0.112389,2.117646,0.0065667,-0.9985874,0.0522469,0.0071053
1788232748978344704,OK,1,0,16.2215,0.334958,0,1378,0,-3.452348,0.111089,2.106039,0.0063300,-0.9986054,0.0522213,0.0044836
1788232749011682816,OK,1,0,16.0693,0.32325,0,1336,0,-3.448666,0.109841,2.094351,0.0059089,-0.9986328,0.0518900,0.0022697
1788232749045020928,OK,1,0,16.3025,0.346958,0,1590,0,-3.446342,0.111096,2.081669,0.0062765,-0.9986060,0.0524096,0.0000768
1788232749078359040,OK,1,0,15.761,0.340917,0,1331,0,-3.442076,0.108060,2.069788,-0.0065555,0.9986150,-0.0521581,0.0021690
1788232749111696896,OK,1,0,15.6154,0.348833,0,1301,0,-3.440810,0.109730,2.056443,-0.0068534,0.9985966,-0.0523018,0.0047343
1788232749145035264,OK,1,0,15.0993,0.337333,0,1271,0,-3.436599,0.108787,2.042523,-0.0064905,0.9986023,-0.0519711,0.0070951
1788232749178373376,OK,1,0,14.496,0.341583,0,1237,0,-3.436955,0.108736,2.031651,-0.0066118,0.9985663,-0.0522377,0.0096358
1788232749211711232,OK,1,0,14.6737,0.371125,0,1206,0,-3.435241,0.107569,2.019483,-0.0060032,0.9985401,-0.0523429,0.0119108
1788232749245050624,OK,1,0,14.3685,0.343959,0,1234,0,-3.433289,0.106725,2.007656,-0.0058486,0.9985136,-0.0525216,0.0133406
1788232749278391552,OK,1,0,17.1613,0.344334,0,1182,0,-3.434425,0.107424,1.995489,-0.0059524,0.9984707,-0.0529571,0.0147126
1788232749311732736,OK,1,0,14.5473,0.313083,0,1192,0,-3.430878,0.108473,1.982985,-0.0055736,0.9984575,-0.0529598,0.0157127
1788232749345072640,OK,1,0,14.9599,0.33475,0,1209,0,-3.428692,0.107687,1.969545,-0.0054787,0.9984655,-0.0527545,0.0159225
1788232749378413824,OK,1,0,14.7422,0.341834,0,1240,0,-3.428011,0.105143,1.957252,-0.0053553,0.9984732,-0.0525659,0.0161083
1788232749411755008,OK,1,0,14.8884,0.345375,0,1194,0,-3.428090,0.104547,1.943415,-0.0056152,0.9984719,-0.0523573,0.0167677
1788232749445096192,OK,1,0,14.2347,0.360084,0,1189,0,-3.425850,0.106428,1.930073,-0.0060832,0.9984543,-0.0524323,0.0174049
1788232749478437376,OK,1,0,14.4695,0.329958,0,1195,0,-3.424084,0.100674,1.917497,-0.0064285,0.9984751,-0.0517058,0.0182398
1788232749511778560,OK,1,0,14.4383,0.364583,0,1160,0,-3.427035,0.102906,1.903105,-0.0063220,0.9984491,-0.0519935,0.0188712
1788232749545119744,OK,1,0,16.795,0.34025,0,1218,0,-3.422305,0.101049,1.891567,-0.0061179,0.9984556,-0.0519912,0.0186001
1788232749578460928,OK,1,0,14.1815,0.363375,0,1137,0,-3.423194,0.101477,1.878288,-0.0060029,0.9984441,-0.0520127,0.0191864
1788232749611802368,OK,1,0,13.8228,0.325625,0,1125,0,-3.428736,0.103601,1.863600,-0.0057365,0.9984113,-0.0522033,0.0204163
1788232749645143552,OK,1,0,14.8582,0.356625,0,1099,0,-3.424790,0.098997,1.851748,-0.0060404,0.9984532,-0.0512473,0.0206985
1788232749678484736,OK,1,0,14.2472,0.3555,0,1075,0,-3.421879,0.102090,1.836425,-0.0063805,0.9984654,-0.0508302,0.0210377
1788232749711826176,OK,1,0,13.8222,0.307417,0,1069,0,-3.417549,0.101142,1.823900,-0.0064413,0.9984716,-0.0506745,0.0210996
1788232749745167360,OK,1,0,13.6451,0.353584,0,1100,0,-3.419626,0.097341,1.810636,-0.0061132,0.9984966,-0.0500071,0.0215971
1788232749778508800,OK,1,0,27.8652,0.338333,0,1077,0,-3.421531,0.102316,1.794672,-0.0064074,0.9984730,-0.0501770,0.0221993
1788232749811849216,OK,1,0,15.7013,0.355042,0,1068,0,-3.421116,0.095710,1.784566,-0.0061980,0.9984813,-0.0496919,0.0229680
1788232749845190400,OK,1,0,13.691,0.347792,0,1060,0,-3.416495,0.097411,1.770797,-0.0062519,0.9984583,-0.0499901,0.0232998
1788232749878532096,OK,1,0,14.7473,0.356584,0,1175,0,-3.416016,0.097629,1.758703,-0.0063898,0.9984206,-0.0504114,0.0239616
1788232749911873280,OK,1,0,14.8389,0.345666,0,1073,0,-3.414134,0.099095,1.748035,-0.0058714,0.9983633,-0.0515403,0.0240802
1788232749945214720,OK,1,0,15.0655,0.377208,0,1166,0,-3.416358,0.098148,1.736801,-0.0054827,0.9983250,-0.0521994,0.0243378
1788232749978556416,OK,1,0,13.6645,0.364833,0,1067,0,-3.415724,0.096226,1.723012,-0.0055085,0.9982871,-0.0526303,0.0249508
1788232750011897856,OK,1,0,14.1407,0.352708,0,1082,0,-3.412901,0.093211,1.713771,-0.0053739,0.9982764,-0.0526461,0.0253714
1788232750045239296,OK,1,0,15.0205,0.351125,0,1105,0,-3.410983,0.094514,1.700902,-0.0057509,0.9982517,-0.0528160,0.0259048
1788232750078580736,OK,1,0,14.212,0.324458,0,1061,0,-3.408854,0.096872,1.687188,-0.0058344,0.9982266,-0.0529824,0.0265026
1788232750111922432,OK,1,0,13.9695,0.364917,0,1059,0,-3.409102,0.092810,1.675261,-0.0054324,0.9982541,-0.0523835,0.0267460
1788232750145264128,OK,1,0,14.9328,0.360417,0,1029,0,-3.406603,0.092401,1.662361,-0.0053742,0.9982684,-0.0520957,0.0267869
1788232750178605824,OK,1,0,13.1015,0.328459,0,1014,0,-3.406836,0.092131,1.649109,-0.0051159,0.9982621,-0.0516997,0.0278170
1788232750211947264,OK,1,0,13.7604,0.314125,0,1017,0,-3.408311,0.092788,1.633459,-0.0049491,0.9982507,-0.0515102,0.0285982
1788232750245288704,OK,1,0,13.991,0.34025,0,1025,0,-3.408216,0.092910,1.621149,-0.0050029,0.9982495,-0.0513307,0.0289496
1788232750278632704,OK,1,0,12.8915,0.3505,0,991,0,-3.405014,0.090651,1.608009,-0.0050157,0.9982617,-0.0509751,0.0291549
1788232750311976960,OK,1,0,13.5573,0.348459,0,1106,0,-3.401512,0.090948,1.597551,-0.0052271,0.9982585,-0.0509676,0.0292408
1788232750345320960,OK,1,0,13.9356,0.329292,0,1082,0,-3.402188,0.089929,1.584040,-0.0052196,0.9982208,-0.0513509,0.0298525
1788232750378664960,OK,1,0,13.0426,0.355417,0,1019,0,-3.399174,0.088327,1.570890,-0.0053637,0.9982072,-0.0513241,0.0303223
1788232750412008960,OK,1,0,14.909,0.36225,0,1249,0,-3.396077,0.087846,1.559418,-0.0055610,0.9981636,-0.0518361,0.0308452
1788232750445353216,OK,1,0,15.8755,0.362583,0,1110,0,-3.398448,0.086727,1.546374,-0.0051569,0.9981164,-0.0522394,0.0317492
1788232750478697216,OK,1,0,15.0834,0.32975,0,1058,0,-3.398893,0.085276,1.534867,-0.0048036,0.9980913,-0.0524250,0.0322846
1788232750512041472,OK,1,0,13.4697,0.334583,0,1037,0,-3.397667,0.084614,1.521256,-0.0047222,0.9980605,-0.0529179,0.0324459
1788232750545385472,OK,1,0,13.7588,0.342625,0,1021,0,-3.397902,0.083810,1.510028,-0.0047724,0.9980342,-0.0530456,0.0330330
1788232750578729728,OK,1,0,13.4164,0.319833,0,1000,0,-3.399443,0.082820,1.495956,-0.0046222,0.9980170,-0.0528008,0.0339539
1788232750612073984,OK,1,0,13.4775,0.330417,0,1007,0,-3.395106,0.079684,1.484097,-0.0046512,0.9980410,-0.0522089,0.0341590
1788232750645417984,OK,1,0,14.871,0.335333,0,1273,0,-3.393023,0.081638,1.470144,-0.0050784,0.9980171,-0.0523185,0.0346262
1788232750678761216,OK,1,0,14.5396,0.308833,0,1047,0,-3.390030,0.081410,1.457014,-0.0049733,0.9980012,-0.0524189,0.0349466
1788232750712105472,OK,1,0,13.4446,0.324209,0,1040,0,-3.390306,0.077731,1.444951,-0.0052563,0.9980060,-0.0520561,0.0353077
1788232750745449728,OK,1,0,13.086,0.321833,0,974,0,-3.390379,0.080817,1.431387,-0.0051872,0.9979586,-0.0523989,0.0361406
1788232750778793984,OK,1,0,13.1712,0.355625,0,946,0,-3.389770,0.076800,1.420093,-0.0048650,0.9979426,-0.0523777,0.0366533
1788232750812138240,OK,1,0,13.5739,0.316458,0,1191,0,-3.384439,0.077945,1.407095,-0.0049703,0.9979467,-0.0524230,0.0364630
1788232750845482496,OK,1,0,13.8457,0.322458,0,996,0,-3.383743,0.079067,1.393639,-0.0052343,0.9979259,-0.0523265,0.0371272
1788232750878827008,OK,1,0,12.8368,0.33875,0,933,0,-3.383934,0.077557,1.379136,-0.0056939,0.9978851,-0.0524827,0.0379271
1788232750912171264,OK,1,0,13.3804,0.331834,0,1063,0,-3.383119,0.077466,1.366310,-0.0058061,0.9978779,-0.0523061,0.0383415
1788232750945515264,OK,1,0,15.224,0.31975,0,1067,0,-3.378047,0.076983,1.353035,-0.0059674,0.9978819,-0.0520248,0.0385932
1788232750978859776,OK,1,0,13.4625,0.334792,0,1024,0,-3.380427,0.075565,1.341167,-0.0054500,0.9978558,-0.0519911,0.0393830
1788232751012204032,OK,1,0,15.2743,0.33425,0,1177,0,-3.376421,0.076668,1.328435,-0.0054642,0.9978639,-0.0518004,0.0394279
1788232751045548544,OK,1,0,14.2424,0.333167,0,1019,0,-3.374956,0.071418,1.314960,-0.0057120,0.9978711,-0.0512071,0.0399821
1788232751078893056,OK,1,0,13.7449,0.334667,0,947,0,-3.373648,0.073253,1.302376,-0.0057797,0.9978161,-0.0516910,0.0407152
1788232751112237312,OK,1,0,12.8636,0.323333,0,929,0,-3.371307,0.073952,1.289581,-0.0059346,0.9978005,-0.0517692,0.0409735
1788232751145580800,OK,1,0,13.1032,0.336875,0,1053,0,-3.368937,0.073751,1.275968,-0.0060333,0.9977757,-0.0519190,0.0413725
1788232751178925312,OK,1,0,13.4953,0.342292,0,968,0,-3.367352,0.072046,1.263131,-0.0058003,0.9977518,-0.0519338,0.0419596
1788232751212269824,OK,1,0,13.134,0.329291,0,930,0,-3.367845,0.070013,1.251016,-0.0055491,0.9977462,-0.0516317,0.0424960
1788232751245612800,OK,1,0,12.2163,0.3315,0,895,0,-3.365823,0.070895,1.239259,-0.0057362,0.9976938,-0.0521579,0.0430542
1788232751278953984,OK,1,0,13.2728,0.340667,0,892,0,-3.366019,0.069562,1.226341,-0.0055955,0.9976614,-0.0522991,0.0436491
1788232751312295424,OK,1,0,12.5181,0.322416,0,868,0,-3.365860,0.068211,1.214322,-0.0052755,0.9976577,-0.0520135,0.0441140
1788232751345636608,OK,1,0,12.5327,0.350833,0,853,0,-3.363723,0.065295,1.201910,-0.0050136,0.9976352,-0.0520357,0.0446233
1788232751378978048,OK,1,0,11.9325,0.342042,0,824,0,-3.364004,0.066892,1.189646,-0.0047643,0.9976145,-0.0521092,0.0450257
1788232751412318976,OK,1,0,12.9875,0.339,0,837,0,-3.361178,0.067136,1.175179,-0.0051056,0.9976031,-0.0520233,0.0453385
1788232751445660416,OK,1,0,12.587,0.324542,0,802,0,-3.359425,0.068948,1.161587,-0.0053478,0.9975507,-0.0523157,0.0461207
1788232751479001600,OK,1,0,11.8135,0.340292,0,818,0,-3.358011,0.064944,1.150054,-0.0051163,0.9975694,-0.0516397,0.0465013
1788232751512342784,OK,1,0,12.5479,0.305417,0,808,0,-3.355499,0.066253,1.138426,-0.0055461,0.9975578,-0.0517263,0.0466054
1788232751545683968,OK,1,0,11.2448,0.37125,0,790,0,-3.356227,0.061774,1.124731,-0.0052968,0.9975228,-0.0515127,0.0476092
1788232751579024128,OK,1,0,11.6916,0.359792,0,769,0,-3.353743,0.065188,1.112125,-0.0053670,0.9974872,-0.0518121,0.0480206
1788232751612365312,OK,1,0,12.461,0.363166,0,779,0,-3.351526,0.059162,1.101308,-0.0058440,0.9974867,-0.0512900,0.0485348
1788232751645706496,OK,1,0,12.414,0.351417,0,783,0,-3.349150,0.061577,1.088427,-0.0055543,0.9974393,-0.0515478,0.0492633
1788232751679047680,OK,1,0,12.2147,0.341708,0,748,0,-3.350594,0.059519,1.075295,-0.0053443,0.9974418,-0.0512178,0.0495777
1788232751712388608,OK,1,0,12.8014,0.354291,0,744,0,-3.346693,0.061779,1.060333,-0.0054213,0.9974104,-0.0515850,0.0498221
1788232751745729792,OK,1,0,12.4121,0.365333,0,761,0,-3.348647,0.055716,1.048344,-0.0048215,0.9973949,-0.0509968,0.0507885
1788232751779070720,OK,1,0,12.8779,0.373833,0,746,0,-3.345627,0.060055,1.033041,-0.0050654,0.9973532,-0.0515750,0.0509996
1788232751812411904,OK,1,0,12.1312,0.358125,0,756,0,-3.345785,0.053859,1.022495,-0.0051485,0.9973621,-0.0507569,0.0516340
1788232751845752832,OK,1,0,12.664,0.348875,0,745,0,-3.347189,0.055946,1.009437,-0.0047694,0.9973232,-0.0507554,0.0524179
1788232751879094016,OK,1,0,13.0187,0.33975,0,741,0,-3.338308,0.055504,0.997620,-0.0049187,0.9973447,-0.0507343,0.0520130
1788232751912434944,OK,1,0,12.334,0.33625,0,757,0,-3.338571,0.057620,0.983607,-0.0046524,0.9973044,-0.0509792,0.0525681
1788232751945776128,OK,1,0,14.2199,0.336125,0,740,0,-3.333938,0.056242,0.970608,-0.0047149,0.9972862,-0.0510747,0.0528154
1788232751979117312,OK,1,0,12.3142,0.342875,0,803,0,-3.337397,0.053714,0.957624,-0.0042786,0.9972297,-0.0510475,0.0539332
1788232752012456960,OK,1,0,14.5493,0.328791,0,744,0,-3.333463,0.055349,0.944641,-0.0048346,0.9971802,-0.0516299,0.0542474
1788232752045798144,OK,1,0,11.9323,0.352083,0,738,0,-3.331312,0.052129,0.933776,-0.0045499,0.9971510,-0.0519996,0.0544553
1788232752079139072,OK,1,0,12.4244,0.356791,0,850,0,-3.331400,0.047218,0.934007,-0.0039347,0.9971560,-0.0517344,0.0546618
1788232752112480000,OK,1,0,12.897,0.35825,0,907,0,-3.326825,0.046582,0.921589,-0.0041659,0.9971327,-0.0518543,0.0549566
1788232752145820928,OK,1,0,11.8505,0.369958,0,884,0,-3.325369,0.047246,0.909448,-0.0042806,0.9970789,-0.0519877,0.0557919
1788232752179161856,OK,1,0,14.0482,0.345333,0,1103,0,-3.321317,0.049263,0.892651,-0.0044062,0.9970797,-0.0515030,0.0562160
1788232752212502784,OK,1,0,13.4115,0.326042,0,1096,0,-3.321302,0.046470,0.878180,-0.0045349,0.9970737,-0.0508730,0.0568816
1788232752245842176,OK,1,0,13.5842,0.338541,0,1183,0,-3.319587,0.044231,0.863956,-0.0043078,0.9970599,-0.0509069,0.0571084
1788232752279180032,OK,1,0,12.6333,0.318916,0,963,0,-3.316309,0.039083,0.855508,-0.0041013,0.9971191,-0.0499978,0.0568947
1788232752312517376,OK,1,0,12.476,0.326667,0,1137,0,-3.316784,0.041467,0.838796,-0.0039521,0.9970587,-0.0502400,0.0577429
1788232752345854720,OK,1,0,13.829,0.331875,0,1021,0,-3.313056,0.043438,0.827510,-0.0037727,0.9970193,-0.0503637,0.0583255
1788232752379192064,OK,1,0,12.3204,0.347667,0,968,0,-3.310055,0.040591,0.815941,-0.0039486,0.9970351,-0.0498918,0.0584480
1788232752412529664,OK,1,0,12.838,0.33725,0,1191,0,-3.310095,0.041345,0.801948,-0.0036738,0.9970151,-0.0503381,0.0584258
1788232752445867008,OK,1,0,14.5177,0.34875,0,1015,0,-3.309499,0.042618,0.789492,-0.0031982,0.9969879,-0.0507584,0.0585540
1788232752479203328,OK,1,0,12.6266,0.321834,0,1145,0,-3.308967,0.040883,0.778282,-0.0032640,0.9969832,-0.0507422,0.0586439
1788232752512540672,OK,1,0,13.1128,0.331958,0,1015,0,-3.309103,0.040355,0.764562,-0.0032503,0.9969651,-0.0506219,0.0590544
1788232752545878016,OK,1,0,12.6837,0.326625,0,1126,0,-3.307768,0.040253,0.749011,-0.0032816,0.9969634,-0.0504614,0.0592193
1788232752579215360,OK,1,0,13.215,0.350292,0,1021,0,-3.304011,0.037920,0.738163,-0.0035837,0.9969777,-0.0501689,0.0592101
1788232752612552448,OK,1,0,12.6075,0.353958,0,1091,0,-3.304587,0.039659,0.725119,-0.0030187,0.9969469,-0.0506445,0.0593541
1788232752645889536,OK,1,0,12.3929,0.351709,0,1029,0,-3.303829,0.038510,0.712101,-0.0030937,0.9969572,-0.0508408,0.0590078
1788232752679227136,OK,1,0,12.7271,0.342417,0,1134,0,-3.301822,0.035710,0.702208,-0.0028593,0.9969599,-0.0509095,0.0589147
1788232752712564224,OK,1,0,12.7009,0.315875,0,990,0,-3.299357,0.036127,0.688775,-0.0029173,0.9969234,-0.0511794,0.0592953
1788232752745901312,OK,1,0,12.907,0.298375,0,1147,0,-3.299987,0.033041,0.676833,-0.0029015,0.9969180,-0.0507783,0.0597308
1788232752779238400,OK,1,0,13.0884,0.334792,0,995,0,-3.296474,0.034229,0.664691,-0.0032993,0.9969345,-0.0506352,0.0595557
1788232752812575488,OK,1,0,12.4853,0.308208,0,1059,0,-3.294678,0.035275,0.650005,-0.0029576,0.9969444,-0.0505363,0.0594910
1788232752845912576,OK,1,0,12.1662,0.355417,0,1064,0,-3.293783,0.034539,0.636312,-0.0032920,0.9969403,-0.0504831,0.0595889
1788232752879249408,OK,1,0,12.163,0.356708,0,960,0,-3.291966,0.033639,0.620866,-0.0034231,0.9969295,-0.0502852,0.0599278
1788232752912585472,OK,1,0,13.2099,0.328917,0,1159,0,-3.288695,0.031169,0.611226,-0.0035011,0.9969401,-0.0498964,0.0600722
1788232752945922560,OK,1,0,13.1614,0.329375,0,984,0,-3.288970,0.028239,0.596818,-0.0032429,0.9969207,-0.0498645,0.0604333
1788232752979259648,OK,1,0,11.4793,0.339292,0,930,0,-3.286180,0.031471,0.584378,-0.0029586,0.9969056,-0.0506277,0.0600605
1788232753012596480,OK,1,0,12.2571,0.34325,0,1041,0,-3.288719,0.031544,0.571741,-0.0023534,0.9968916,-0.0511161,0.0599077
1788232753045933312,OK,1,0,12.5385,0.3785,0,960,0,-3.287230,0.030928,0.559057,-0.0022893,0.9968774,-0.0513999,0.0599029
1788232753079270144,OK,1,0,13.6477,0.392958,0,967,0,-3.285523,0.031695,0.546923,-0.0022201,0.9968475,-0.0514897,0.0603247
1788232753112606976,OK,1,0,12.2081,0.377958,0,947,0,-3.283994,0.027019,0.534988,-0.0025163,0.9968464,-0.0508578,0.0608640
1788232753145943808,OK,1,0,11.2567,0.366834,0,917,0,-3.279147,0.030476,0.523497,-0.0028319,0.9968310,-0.0515648,0.0605071
1788232753179280640,OK,1,0,11.0893,0.327333,0,827,0,-3.279217,0.031047,0.509037,-0.0027581,0.9968366,-0.0516533,0.0603421
1788232753212617472,OK,1,0,10.6636,0.3375,0,768,0,-3.276767,0.027935,0.495515,-0.0030883,0.9968681,-0.0513122,0.0600962
1788232753245955328,OK,1,0,10.7393,0.353625,0,780,0,-3.272179,0.025398,0.484024,-0.0033452,0.9968779,-0.0509089,0.0602620
1788232753279294976,OK,1,0,11.1945,0.340041,0,784,0,-3.270356,0.024953,0.470734,-0.0029937,0.9968789,-0.0507666,0.0603846
1788232753312634624,OK,1,0,11.2034,0.33175,0,753,0,-3.271147,0.025343,0.456128,-0.0029173,0.9968643,-0.0508806,0.0605332
1788232753345973248,OK,1,0,11.0665,0.342292,0,756,0,-3.268371,0.025514,0.443634,-0.0025510,0.9968673,-0.0512053,0.0602254
1788232753379312640,OK,1,0,10.8837,0.345958,0,741,0,-3.268495,0.024524,0.431032,-0.0027303,0.9968508,-0.0513621,0.0603580
1788232753412652288,OK,1,0,10.8303,0.341625,0,715,0,-3.263151,0.021422,0.418427,-0.0030855,0.9968731,-0.0513061,0.0600186
1788232753445991936,OK,1,0,11.2272,0.367583,0,716,0,-3.264975,0.024601,0.406782,-0.0028437,0.9968110,-0.0518066,0.0606293
1788232753479331584,OK,1,0,11.42,0.381209,0,725,0,-3.263498,0.023334,0.392295,-0.0030387,0.9968290,-0.0513862,0.0606806
1788232753512671232,OK,1,0,11.4652,0.343958,0,689,0,-3.263877,0.020320,0.380368,-0.0030586,0.9968547,-0.0507137,0.0608236
1788232753546010624,OK,1,0,11.9959,0.373167,0,695,0,-3.263716,0.020356,0.364766,-0.0028820,0.9968569,-0.0503347,0.0611096
1788232753579350016,OK,1,0,12.3365,0.313417,0,683,0,-3.260069,0.019908,0.352005,-0.0030084,0.9969065,-0.0500170,0.0605538
1788232753612689408,OK,1,0,12.3924,0.328333,0,677,0,-3.256295,0.018679,0.340547,-0.0029580,0.9969158,-0.0499428,0.0604642
1788232753646029056,OK,1,0,12.6575,0.315542,0,686,0,-3.255893,0.017270,0.327728,-0.0026008,0.9968828,-0.0500045,0.0609719
1788232753679368448,OK,1,0,11.1114,0.383916,0,695,0,-3.254399,0.018790,0.312822,-0.0025013,0.9968615,-0.0504260,0.0609765
1788232753712707840,OK,1,0,11.7565,0.378334,0,663,0,-3.255060,0.017137,0.300196,-0.0022961,0.9968592,-0.0503841,0.0610570
1788232753746047232,OK,1,0,11.6476,0.354833,0,677,0,-3.251429,0.018159,0.286751,-0.0023875,0.9968941,-0.0504317,0.0604416
1788232753779386368,OK,1,0,10.6313,0.356167,0,666,0,-3.250884,0.019898,0.274632,-0.0026260,0.9968537,-0.0510914,0.0605430
1788232753812724736,OK,1,0,13.0295,0.351041,0,675,0,-3.249486,0.019552,0.260331,-0.0029243,0.9968072,-0.0512723,0.0611400
1788232753846064128,OK,1,0,10.9631,0.354292,0,644,0,-3.251987,0.018591,0.246709,-0.0025264,0.9968023,-0.0508301,0.0616053
1788232753879403520,OK,1,0,12.6877,0.334541,0,645,0,-3.244663,0.017157,0.233567,-0.0025975,0.9968761,-0.0505471,0.0606328
1788232753912742912,OK,1,0,10.3958,0.349083,0,646,0,-3.247614,0.013863,0.222309,-0.0023914,0.9968545,-0.0503951,0.0611208
1788232753946082304,OK,1,0,12.1994,0.372042,0,652,0,-3.244057,0.015438,0.209885,-0.0023783,0.9968648,-0.0507528,0.0606554
1788232753979421440,OK,1,0,10.6959,0.33125,0,645,0,-3.243280,0.014020,0.198928,-0.0023142,0.9968448,-0.0509355,0.0608343
1788232754012760832,OK,1,0,12.5995,0.354666,0,900,0,-3.239570,0.012764,0.185903,-0.0023421,0.9968395,-0.0511077,0.0607738
1788232754046099968,OK,1,0,11.6047,0.3415,0,847,0,-3.242929,0.011344,0.168290,-0.0027111,0.9968024,-0.0507444,0.0616654
1788232754079439104,OK,1,0,12.019,0.350417,0,821,0,-3.242723,0.012910,0.153640,-0.0025527,0.9967803,-0.0509215,0.0618821
1788232754112778240,OK,1,0,11.9328,0.34625,0,907,0,-3.239988,0.009603,0.141659,-0.0028889,0.9968223,-0.0504204,0.0616024
1788232754146117376,OK,1,0,10.6232,0.332333,0,861,0,-3.237434,0.005569,0.130300,-0.0033177,0.9968514,-0.0499728,0.0614743
1788232754179456512,OK,1,0,10.665,0.357875,0,828,0,-3.235042,0.005685,0.116159,-0.0032450,0.9968282,-0.0500438,0.0617952
1788232754212795648,OK,1,0,10.9298,0.363542,0,800,0,-3.236506,0.005994,0.101275,-0.0025712,0.9968097,-0.0497928,0.0623266
1788232754246132992,OK,1,0,10.8805,0.361333,0,784,0,-3.233595,0.006876,0.088597,-0.0024404,0.9968367,-0.0497495,0.0619328
1788232754279470080,OK,1,0,10.5122,0.367333,0,749,0,-3.229535,0.005681,0.076593,-0.0024704,0.9968548,-0.0498926,0.0615234
1788232754312807168,OK,1,0,10.6023,0.323666,0,741,0,-3.231925,0.004737,0.062562,-0.0022918,0.9968413,-0.0498602,0.0617746
1788232754346144000,OK,1,0,10.8225,0.347166,0,714,0,-3.231438,0.002029,0.051768,-0.0024940,0.9968233,-0.0500241,0.0619257
1788232754379480832,OK,1,0,10.7441,0.323333,0,703,0,-3.230080,-0.000626,0.039911,-0.0021530,0.9968050,-0.0498636,0.0623610
1788232754412817920,OK,1,0,10.2484,0.334458,0,683,0,-3.230022,0.004375,0.023241,-0.0019137,0.9967871,-0.0501732,0.0624060
1788232754446154752,OK,1,0,11.6002,0.385834,0,662,0,-3.227000,0.001473,0.011277,-0.0020024,0.9968227,-0.0498915,0.0620599
1788232754479491584,OK,1,0,9.983,0.338917,0,668,0,-3.224604,-0.000094,-0.002002,-0.0018255,0.9968379,-0.0497827,0.0619085
1788232754512828416,OK,1,0,11.3783,0.322167,0,645,0,-3.224271,-0.001034,-0.012747,-0.0018612,0.9968420,-0.0498227,0.0618086
1788232754546165248,OK,1,0,10.4035,0.333792,0,632,0,-3.224859,-0.004072,-0.024793,-0.0018782,0.9967984,-0.0501102,0.0622767
1788232754579502080,OK,1,0,10.7758,0.380083,0,615,0,-3.222111,-0.001389,-0.038522,-0.0016884,0.9967707,-0.0507061,0.0622437
1788232754612838656,OK,1,0,10.8822,0.338709,0,614,0,-3.221527,-0.003123,-0.050505,-0.0018122,0.9967601,-0.0509436,0.0622157
1788232754646175232,OK,1,0,10.1449,0.352083,0,587,0,-3.220913,-0.007794,-0.060063,-0.0019721,0.9967611,-0.0509897,0.0621561
1788232754679511040,OK,1,0,9.91958,0.364375,0,589,0,-3.220083,-0.005178,-0.073170,-0.0017400,0.9967369,-0.0514135,0.0622032
1788232754712847616,OK,1,0,9.57421,0.36175,0,585,0,-3.215651,-0.005190,-0.086803,-0.0022996,0.9967470,-0.0513863,0.0620448
1788232754746184192,OK,1,0,9.62162,0.356334,0,574,0,-3.212047,-0.005817,-0.100869,-0.0026398,0.9967636,-0.0510508,0.0620417
1788232754779520768,OK,1,0,9.44071,0.349334,0,544,0,-3.210857,-0.006522,-0.116176,-0.0026928,0.9967971,-0.0502566,0.0621488
1788232754812857088,OK,1,0,9.458,0.349083,0,549,0,-3.212916,-0.006917,-0.129104,-0.0025068,0.9967799,-0.0501963,0.0624819
1788232754846193664,OK,1,0,10.7668,0.36725,0,537,0,-3.211313,-0.012071,-0.142698,-0.0025325,0.9968251,-0.0494764,0.0623331
1788232754879529984,OK,1,0,10.5725,0.368,0,540,0,-3.209142,-0.008658,-0.157796,-0.0022110,0.9967982,-0.0501693,0.0622218
1788232754912866560,OK,1,0,9.15246,0.340625,0,511,0,-3.211546,-0.009593,-0.169349,-0.0018622,0.9967697,-0.0501147,0.0627318
1788232754946202624,OK,1,0,9.61862,0.373375,0,541,0,-3.204597,-0.012491,-0.180790,-0.0020491,0.9968130,-0.0499779,0.0621444
1788232754979538944,OK,1,0,9.17517,0.342875,0,808,0,-3.206123,-0.015190,-0.194184,-0.0016913,0.9967946,-0.0500366,0.0624023
1788232755012875264,OK,1,0,10.0428,0.330709,0,852,0,-3.206014,-0.014089,-0.205443,-0.0014232,0.9967611,-0.0506244,0.0624696
1788232755046211328,OK,1,0,9.91967,0.368167,0,774,0,-3.202029,-0.015884,-0.217603,-0.0015900,0.9967949,-0.0505834,0.0619583
1788232755079547904,OK,1,0,9.98142,0.343625,0,726,0,-3.203361,-0.015890,-0.231938,-0.0015123,0.9967785,-0.0505466,0.0622521
1788232755112883712,OK,1,0,10.0015,0.352291,0,732,0,-3.201269,-0.016046,-0.245512,-0.0011489,0.9967746,-0.0505202,0.0623438
1788232755146219008,OK,1,0,9.538,0.342875,0,710,0,-3.202239,-0.016370,-0.259227,-0.0012453,0.9967611,-0.0504961,0.0625772
1788232755179555072,OK,1,0,11.6491,0.346041,0,673,0,-3.200047,-0.020650,-0.269483,-0.0013378,0.9967777,-0.0502349,0.0625209
1788232755212891136,OK,1,0,10.5871,0.347792,0,661,0,-3.195905,-0.016787,-0.282276,-0.0013514,0.9967420,-0.0511749,0.0623288
1788232755246229504,OK,1,0,9.91975,0.334709,0,673,0,-3.194729,-0.020053,-0.294756,-0.0014516,0.9967656,-0.0511074,0.0620030
1788232755279570432,OK,1,0,9.61363,0.312916,0,628,0,-3.195768,-0.021293,-0.306233,-0.0011468,0.9967335,-0.0514698,0.0622243
1788232755312911616,OK,1,0,10.4836,0.338459,0,616,0,-3.196277,-0.023302,-0.317876,-0.0009643,0.9967099,-0.0514329,0.0626336
1788232755346252800,OK,1,0,10.0263,0.372084,0,637,0,-3.195446,-0.025197,-0.329470,-0.0012020,0.9966936,-0.0516626,0.0627021
1788232755379593728,OK,1,0,10.5501,0.3695,0,620,0,-3.192542,-0.024053,-0.342400,-0.0011546,0.9967062,-0.0516543,0.0625072
1788232755412934912,OK,1,0,9.54988,0.355667,0,600,0,-3.187743,-0.023175,-0.356300,-0.0016105,0.9967311,-0.0517531,0.0620178
1788232755446275840,OK,1,0,10.9403,0.352333,0,600,0,-3.186556,-0.025898,-0.368428,-0.0021716,0.9967300,-0.0513811,0.0623261
1788232755479617024,OK,1,0,9.32358,0.338583,0,595,0,-3.184355,-0.025543,-0.382270,-0.0019862,0.9967151,-0.0514021,0.0625534
1788232755512957952,OK,1,0,10.1975,0.356209,0,589,0,-3.185128,-0.028971,-0.394480,-0.0013662,0.9966938,-0.0512389,0.0630417
1788232755546299136,OK,1,0,9.47196,0.352667,0,587,0,-3.184191,-0.027747,-0.407965,-0.0013176,0.9966458,-0.0519235,0.0632407
1788232755579639040,OK,1,0,9.605,0.364167,0,550,0,-3.183414,-0.027086,-0.422473,-0.0009632,0.9966146,-0.0523401,0.0633956
1788232755612980224,OK,1,0,10.5849,0.332958,0,553,0,-3.182779,-0.027159,-0.432190,-0.0007764,0.9966161,-0.0525532,0.0631972
1788232755646321408,OK,1,0,9.14979,0.332458,0,534,0,-3.178981,-0.026858,-0.442863,-0.0009231,0.9966110,-0.0529864,0.0629135
1788232755679662592,OK,1,0,10.5644,0.355208,0,536,0,-3.175972,-0.028712,-0.456753,-0.0007624,0.9965389,-0.0533757,0.0637238
1788232755713003776,OK,1,0,8.88821,0.318875,0,519,0,-3.173628,-0.031289,-0.469708,-0.0007465,0.9964415,-0.0532765,0.0653099
1788232755746344704,OK,1,0,10.0716,0.334667,0,515,0,-3.174269,-0.031677,-0.484320,-0.0009005,0.9963078,-0.0531464,0.0674190
1788232755779686144,OK,1,0,8.71921,0.377833,0,472,0,-3.165669,-0.036682,-0.493960,-0.0011524,0.9963013,-0.0519595,0.0684295
1788232755813027072,OK,1,0,14.6445,0.341375,0,487,0,-3.167053,-0.033968,-0.506510,-0.0014854,0.9960911,-0.0522856,0.0711802
1788232755846368256,OK,1,0,10.5581,0.375416,0,473,0,-3.160562,-0.033434,-0.519043,-0.0017688,0.9959256,-0.0525154,0.0732885
1788232755879709184,OK,1,0,9.03992,0.349125,0,753,0,-3.158880,-0.033497,-0.533387,-0.0012190,0.9957080,-0.0529573,0.0758921
1788232755913050624,OK,1,0,10.3325,0.338625,0,724,0,-3.155854,-0.034692,-0.544565,-0.0006845,0.9954976,-0.0530171,0.0785695
1788232755946391552,OK,1,0,9.60412,0.34825,0,654,0,-3.151781,-0.036288,-0.555154,-0.0011662,0.9952752,-0.0532013,0.0812131
1788232755979732992,OK,1,0,9.62292,0.331583,0,642,0,-3.146856,-0.036037,-0.566985,-0.0014180,0.9950178,-0.0536748,0.0840042
1788232756013072896,OK,1,0,9.53371,0.3425,0,638,0,-3.140936,-0.037210,-0.579430,-0.0011059,0.9948339,-0.0531876,0.0864601
1788232756046414080,OK,1,0,9.22875,0.342291,0,615,0,-3.135822,-0.037937,-0.589684,-0.0013686,0.9946058,-0.0529718,0.0891712
1788232756079755264,OK,1,0,9.70725,0.340375,0,586,0,-3.131672,-0.038987,-0.601506,-0.0016082,0.9943120,-0.0532121,0.0922465
1788232756113096448,OK,1,0,9.11529,0.3425,0,552,0,-3.127700,-0.040371,-0.613509,-0.0013890,0.9940005,-0.0534797,0.0953993
1788232756146437632,OK,1,0,8.95288,0.332125,0,561,0,-3.122899,-0.039920,-0.623442,-0.0012364,0.9936901,-0.0536704,0.0984787
1788232756179778816,OK,1,0,9.03475,0.336667,0,537,0,-3.116995,-0.042572,-0.634239,-0.0010640,0.9934151,-0.0535870,0.1012608
1788232756213120000,OK,1,0,10.0809,0.35375,0,530,0,-3.111567,-0.043712,-0.647307,-0.0011289,0.9930931,-0.0538116,0.1042555
1788232756246463488,OK,1,0,8.84083,0.328666,0,546,0,-3.106783,-0.042025,-0.658474,-0.0013286,0.9927409,-0.0541016,0.1074095
1788232756279810048,OK,1,0,9.11479,0.35975,0,521,0,-3.095631,-0.042299,-0.670389,-0.0020478,0.9924927,-0.0538329,0.1098005
1788232756313156864,OK,1,0,9.96321,0.342875,0,512,0,-3.091002,-0.043625,-0.683000,-0.0022961,0.9921275,-0.0534215,0.1132428
1788232756346503424,OK,1,0,8.93429,0.345125,0,490,0,-3.085113,-0.043177,-0.695222,-0.0024020,0.9917637,-0.0538079,0.1162056
1788232756379849984,OK,1,0,10.4071,0.355375,0,508,0,-3.079532,-0.043978,-0.706048,-0.0022074,0.9914618,-0.0537122,0.1188012
1788232756413197056,OK,1,0,9.22296,0.329375,0,515,0,-3.075449,-0.042554,-0.717294,-0.0022337,0.9910330,-0.0541978,0.1221120
1788232756446543616,OK,1,0,9.38554,0.380208,0,485,0,-3.067820,-0.045832,-0.726766,-0.0029730,0.9906552,-0.0541185,0.1251579
1788232756479889664,OK,1,0,9.75279,0.33375,0,483,0,-3.059940,-0.044676,-0.737278,-0.0034264,0.9902456,-0.0542129,0.1283074
1788232756513236480,OK,1,0,8.81579,0.343834,0,464,0,-3.051147,-0.042642,-0.752039,-0.0035136,0.9897484,-0.0541157,0.1321266
1788232756546583808,OK,1,0,8.776,0.356125,0,448,0,-3.044271,-0.043116,-0.763990,-0.0041062,0.9891651,-0.0539311,0.1364809
1788232756579930624,OK,1,0,8.23971,0.33925,0,448,0,-3.034921,-0.046741,-0.770842,-0.0049199,0.9885800,-0.0536630,0.1407327
1788232756613277952,OK,1,0,8.51112,0.342083,0,426,0,-3.028251,-0.044512,-0.783006,-0.0046727,0.9878876,-0.0540371,0.1453833
1788232756646625024,OK,1,0,8.83608,0.358625,0,403,0,-3.025045,-0.045824,-0.793511,-0.0032849,0.9871300,-0.0538604,0.1505408
1788232756679972096,OK,1,0,8.62217,0.337584,0,420,0,-3.015759,-0.043422,-0.803689,-0.0031199,0.9864464,-0.0546438,0.1546862
1788232756713319424,OK,1,0,8.15804,0.334958,0,424,0,-3.006443,-0.044924,-0.814494,-0.0036203,0.9857466,-0.0548569,0.1590009
1788232756746666752,OK,1,0,8.21787,0.352167,0,397,0,-2.996115,-0.041495,-0.825484,-0.0035908,0.9849405,-0.0549971,0.1638736
1788232756780013824,OK,1,0,9.58113,0.335708,0,380,0,-2.987790,-0.041567,-0.838363,-0.0030908,0.9840345,-0.0543484,0.1694486
1788232756813361408,OK,1,0,8.58863,0.341375,0,640,0,-2.979393,-0.041604,-0.847229,-0.0031218,0.9831294,-0.0542455,0.1746544
1788232756846708736,OK,1,0,8.23096,0.347333,0,551,0,-2.972048,-0.044823,-0.855197,-0.0036929,0.9821041,-0.0542123,0.1803298
1788232756880056320,OK,1,0,7.84213,0.3125,0,501,0,-2.960047,-0.044067,-0.864459,-0.0038772,0.9810733,-0.0545007,0.1857681
1788232756913402880,OK,1,0,8.16583,0.364541,0,492,0,-2.952890,-0.044848,-0.874316,-0.0030715,0.9799412,-0.0544513,0.1916792
1788232756946750464,OK,1,0,8.49554,0.320792,0,479,0,-2.945025,-0.045108,-0.882147,-0.0027256,0.9787910,-0.0546926,0.1974068
1788232756980098048,OK,1,0,8.13963,0.317833,0,476,0,-2.935535,-0.045078,-0.892846,-0.0029117,0.9775321,-0.0548148,0.2035140
1788232757013445888,OK,1,0,8.05092,0.33425,0,460,0,-2.921474,-0.043889,-0.902108,-0.0034775,0.9763176,-0.0542118,0.2094111
1788232757046793472,OK,1,0,8.02617,0.334417,0,472,0,-2.909713,-0.045936,-0.912484,-0.0038086,0.9750416,-0.0531817,0.2155253
1788232757080141312,OK,1,0,7.98729,0.322542,0,414,0,-2.898191,-0.044585,-0.922424,-0.0047333,0.9736568,-0.0531299,0.2216916
1788232757113488896,OK,1,0,8.164,0.336833,0,442,0,-2.886962,-0.045875,-0.930122,-0.0049398,0.9722407,-0.0528786,0.2278760
1788232757146836992,OK,1,0,11.073,0.370375,0,459,0,-2.875578,-0.046061,-0.940752,-0.0046140,0.9707863,-0.0526105,0.2340618
1788232757180184832,OK,1,0,8.17446,0.3475,0,452,0,-2.869782,-0.045997,-0.948430,-0.0033577,0.9693042,-0.0526271,0.2401427
1788232757213532928,OK,1,0,8.30462,0.353542,0,435,0,-2.858772,-0.047691,-0.956928,-0.0035122,0.9677799,-0.0532114,0.2460858
1788232757246879232,OK,1,0,8.44371,0.353125,0,443,0,-2.848154,-0.046377,-0.966401,-0.0033384,0.9662003,-0.0535832,0.2521403
1788232757280222976,OK,1,0,8.07133,0.347916,0,442,0,-2.835177,-0.047360,-0.972558,-0.0034935,0.9646654,-0.0532674,0.2580137
1788232757313566720,OK,1,0,9.23612,0.333375,0,449,0,-2.822879,-0.048555,-0.980616,-0.0033705,0.9630068,-0.0524594,0.2643002
1788232757346909440,OK,1,0,7.92904,0.321917,0,461,0,-2.810484,-0.049166,-0.990038,-0.0038208,0.9612082,-0.0519963,0.2708516
1788232757380253184,OK,1,0,10.1289,0.35825,0,467,0,-2.797395,-0.048170,-0.995955,-0.0043438,0.9593845,-0.0518571,0.2772605
1788232757413597184,OK,1,0,9.16062,0.326791,0,468,0,-2.784476,-0.048033,-1.005708,-0.0047598,0.9575911,-0.0516534,0.2834230
1788232757446940928,OK,1,0,8.13054,0.348958,0,462,0,-2.771682,-0.049943,-1.010505,-0.0052787,0.9558197,-0.0512428,0.2894047
1788232757480284928,OK,1,0,9.90729,0.375042,0,456,0,-2.762259,-0.050972,-1.016781,-0.0052051,0.9538075,-0.0511565,0.2959854
1788232757513628672,OK,1,0,8.33554,0.345875,0,476,0,-2.751733,-0.051385,-1.024977,-0.0047995,0.9518031,-0.0511896,0.3023697
1788232757546972672,OK,1,0,10.2263,0.381,0,484,0,-2.740248,-0.053708,-1.030474,-0.0039857,0.9499016,-0.0508517,0.3083588
1788232757580316416,OK,1,0,8.40888,0.341792,0,487,0,-2.729208,-0.051739,-1.039356,-0.0034183,0.9478233,-0.0516184,0.3145709
1788232757613660416,OK,1,0,21.578,0.350833,0,510,0,-2.719517,-0.056129,-1.039848,-0.0036975,0.9459243,-0.0512681,0.3202892
1788232757647004160,OK,1,0,8.72629,0.34025,0,505,0,-2.709306,-0.054839,-1.049843,-0.0039451,0.9435930,-0.0512095,0.3270998
1788232757680348160,OK,1,0,9.26667,0.331958,0,503,0,-2.693961,-0.054023,-1.054313,-0.0044845,0.9416215,-0.0510896,0.3327443
1788232757713692160,OK,1,0,8.34175,0.3415,0,508,0,-2.681442,-0.055249,-1.059577,-0.0048627,0.9395076,-0.0508859,0.3386923
1788232757747035904,OK,1,0,8.72925,0.36325,0,504,0,-2.665728,-0.056711,-1.065802,-0.0051866,0.9373456,-0.0503838,0.3446996
1788232757780379904,OK,1,0,8.31667,0.314125,0,493,0,-2.654447,-0.057839,-1.071279,-0.0052204,0.9351200,-0.0500515,0.3507395
1788232757813722880,OK,1,0,8.36471,0.33475,0,498,0,-2.643168,-0.055883,-1.079848,-0.0052388,0.9327140,-0.0506055,0.3570101
1788232757847066880,OK,1,0,8.37813,0.311334,0,495,0,-2.628636,-0.059597,-1.082680,-0.0053928,0.9304289,-0.0503678,0.3629546
1788232757880410624,OK,1,0,8.26275,0.323458,0,509,0,-2.615672,-0.058897,-1.088242,-0.0054474,0.9279527,-0.0499764,0.3692919
1788232757913754624,OK,1,0,8.98113,0.304125,0,499,0,-2.601842,-0.055086,-1.094447,-0.0050400,0.9255466,-0.0497787,0.3753135
1788232757947098624,OK,1,0,8.71833,0.333084,0,618,0,-2.590397,-0.057753,-1.097078,-0.0053101,0.9231652,-0.0496951,0.3811406
1788232757980442624,OK,1,0,8.71971,0.338708,0,573,0,-2.577846,-0.058147,-1.101513,-0.0053620,0.9205964,-0.0495204,0.3873259
1788232758013786624,OK,1,0,8.59054,0.345709,0,585,0,-2.563136,-0.057919,-1.105311,-0.0051561,0.9181776,-0.0494971,0.3930310
1788232758047130624,OK,1,0,8.65308,0.324375,0,561,0,-2.553149,-0.059035,-1.109780,-0.0047487,0.9156336,-0.0494599,0.3989314
1788232758080474624,OK,1,0,8.74917,0.341291,0,571,0,-2.539235,-0.058911,-1.113505,-0.0045320,0.9130664,-0.0499090,0.4047199
1788232758113818624,OK,1,0,9.34367,0.352833,0,587,0,-2.525064,-0.060608,-1.116383,-0.0047951,0.9104214,-0.0495279,0.4106786
1788232758147162880,OK,1,0,9.22292,0.353542,0,588,0,-2.511268,-0.059468,-1.122531,-0.0048708,0.9076779,-0.0494198,0.4167190
1788232758180506880,OK,1,0,9.31229,0.343584,0,642,0,-2.495438,-0.059229,-1.123693,-0.0051127,0.9052069,-0.0495286,0.4220442
1788232758213850880,OK,1,0,9.31375,0.345792,0,618,0,-2.483741,-0.059639,-1.127317,-0.0054244,0.9022818,-0.0496998,0.4282383
1788232758247192576,OK,1,0,10.7363,0.339583,0,623,0,-2.469468,-0.058734,-1.131129,-0.0052888,0.8994249,-0.0497707,0.4342001
1788232758280535296,OK,1,0,9.1165,0.324334,0,632,0,-2.459307,-0.058817,-1.134146,-0.0050806,0.8966144,-0.0498517,0.4399677
1788232758313878528,OK,1,0,9.44621,0.343542,0,615,0,-2.447360,-0.060817,-1.136699,-0.0049859,0.8938662,-0.0498967,0.4455207
1788232758347221248,OK,1,0,10.1327,0.335417,0,612,0,-2.435980,-0.060841,-1.138554,-0.0047569,0.8908449,-0.0493088,0.4515988
1788232758380563968,OK,1,0,9.89129,0.351834,0,612,0,-2.422245,-0.059478,-1.142012,-0.0044575,0.8879558,-0.0493455,0.4572522
1788232758413906688,OK,1,0,9.5385,0.344458,0,615,0,-2.407078,-0.061519,-1.143286,-0.0045829,0.8851671,-0.0492320,0.4626386
1788232758447249408,OK,1,0,9.68788,0.370917,0,643,0,-2.392926,-0.060141,-1.142886,-0.0047205,0.8823165,-0.0491637,0.4680579
1788232758480592384,OK,1,0,9.495,0.375583,0,625,0,-2.379239,-0.060865,-1.148904,-0.0045196,0.8790439,-0.0484005,0.4742562
1788232758513935104,OK,1,0,10.7922,0.382375,0,631,0,-2.366703,-0.061670,-1.152178,-0.0044099,0.8760137,-0.0479544,0.4798760
1788232758547277824,OK,1,0,9.47317,0.337375,0,639,0,-2.352790,-0.060066,-1.151994,-0.0046782,0.8730915,-0.0484752,0.4851181
1788232758580620800,OK,1,0,10.2928,0.372166,0,631,0,-2.339387,-0.061617,-1.153403,-0.0045787,0.8698622,-0.0482296,0.4909101
1788232758613963520,OK,1,0,10.9782,0.39325,0,638,0,-2.328152,-0.060303,-1.160427,-0.0042492,0.8660344,-0.0482113,0.4976364
1788232758647306496,OK,1,0,10.1314,0.364625,0,642,0,-2.312995,-0.060296,-1.158010,-0.0042773,0.8630242,-0.0480498,0.5028540
1788232758680648192,OK,1,0,9.86792,0.365,0,660,0,-2.299339,-0.062786,-1.156074,-0.0044881,0.8600391,-0.0475650,0.5079865
1788232758713990912,OK,1,0,9.90671,0.342667,0,650,0,-2.283934,-0.061809,-1.157697,-0.0046536,0.8567264,-0.0472701,0.5135795
1788232758747333632,OK,1,0,10.1011,0.347375,0,673,0,-2.269411,-0.059640,-1.159882,-0.0048749,0.8533284,-0.0472407,0.5192064
1788232758780676608,OK,1,0,11.0522,0.330209,0,675,0,-2.257660,-0.063921,-1.158293,-0.0051139,0.8501379,-0.0462526,0.5244999
1788232758814019328,OK,1,0,10.0564,0.320125,0,688,0,-2.244066,-0.063099,-1.159858,-0.0053082,0.8466914,-0.0460144,0.5300643
1788232758847362048,OK,1,0,10.0868,0.31725,0,698,0,-2.229180,-0.063121,-1.160718,-0.0053776,0.8431305,-0.0457949,0.5357284
1788232758880704768,OK,1,0,10.249,0.330167,0,687,0,-2.215407,-0.062091,-1.158892,-0.0051222,0.8397478,-0.0462132,0.5409822
1788232758914047488,OK,1,0,10.7317,0.357792,0,711,0,-2.203389,-0.063084,-1.160313,-0.0044857,0.8362315,-0.0458820,0.5464353
1788232758947390464,OK,1,0,10.4721,0.331083,0,692,0,-2.190904,-0.063724,-1.161568,-0.0043386,0.8326168,-0.0458304,0.5519329
1788232758980733184,OK,1,0,10.6883,0.319292,0,724,0,-2.179299,-0.062619,-1.159114,-0.0041396,0.8290043,-0.0459755,0.5573338
1788232759014075904,OK,1,0,10.6025,0.339542,0,730,0,-2.163911,-0.062523,-1.161665,-0.0039514,0.8250461,-0.0454680,0.5632194
1788232759047418624,OK,1,0,13.2467,0.34,0,1150,0,-2.148994,-0.058610,-1.160310,-0.0038773,0.8214175,-0.0449831,0.5685374
1788232759080761600,OK,1,0,13.0862,0.335666,0,972,0,-2.135953,-0.060244,-1.159982,-0.0044508,0.8174839,-0.0440668,0.5742459
1788232759114104320,OK,1,0,11.9556,0.324625,0,968,0,-2.121154,-0.061580,-1.158074,-0.0049272,0.8136320,-0.0437417,0.5797114
1788232759147446016,OK,1,0,11.8956,0.353959,0,966,0,-2.106238,-0.061035,-1.157528,-0.0050891,0.8099051,-0.0434217,0.5849293
1788232759180788736,OK,1,0,13.3253,0.341584,0,932,0,-2.091025,-0.059429,-1.154114,-0.0050419,0.8062343,-0.0429381,0.5900146
1788232759214131712,OK,1,0,12.0055,0.324583,0,912,0,-2.078299,-0.061086,-1.153747,-0.0053004,0.8021395,-0.0426043,0.5955914
1788232759247474432,OK,1,0,12.4132,0.346792,0,912,0,-2.064541,-0.062980,-1.153620,-0.0051273,0.7980670,-0.0424508,0.6010497
1788232759280820480,OK,1,0,12.6212,0.351041,0,934,0,-2.051528,-0.064306,-1.154499,-0.0042578,0.7940950,-0.0417965,0.6063398
1788232759314166528,OK,1,0,12.2877,0.341,0,924,0,-2.038712,-0.062076,-1.155165,-0.0033126,0.7900683,-0.0417982,0.6115832
1788232759347512576,OK,1,0,11.9893,0.324583,0,903,0,-2.025237,-0.061952,-1.151527,-0.0033987,0.7862033,-0.0418345,0.6165410
1788232759380858880,OK,1,0,12.294,0.358459,0,913,0,-2.010149,-0.057713,-1.145976,-0.0033990,0.7824365,-0.0421772,0.6212910
1788232759414205184,OK,1,0,14.1598,0.327167,0,968,0,-1.996781,-0.055403,-1.146888,-0.0035063,0.7787003,-0.0417291,0.6259970
1788232759447551232,OK,1,0,13.1277,0.337042,0,983,0,-1.983939,-0.055981,-1.145836,-0.0036608,0.7755983,-0.0416624,0.6298398
1788232759480897792,OK,1,0,13.3567,0.349167,0,1013,0,-1.971121,-0.057183,-1.145438,-0.0036458,0.7727801,-0.0413666,0.6333139
1788232759514244096,OK,1,0,14.5363,0.344916,0,1048,0,-1.959695,-0.056986,-1.138586,-0.0034583,0.7707258,-0.0412719,0.6358196
1788232759547590656,OK,1,0,13.4558,0.344417,0,1044,0,-1.947222,-0.057224,-1.143921,-0.0029551,0.7678152,-0.0412713,0.6393338
1788232759580935936,OK,1,0,15.3947,0.348125,0,1038,0,-1.936074,-0.059561,-1.141532,-0.0027284,0.7654644,-0.0410886,0.6421593
1788232759614282496,OK,1,0,14.2055,0.359709,0,1032,0,-1.920880,-0.058756,-1.142255,-0.0027879,0.7626422,-0.0407546,0.6455294
1788232759647628800,OK,1,0,13.9575,0.34425,0,1039,0,-1.906375,-0.058187,-1.139745,-0.0030826,0.7602178,-0.0403707,0.6484054
1788232759680975616,OK,1,0,14.6149,0.3855,0,1060,0,-1.892918,-0.056450,-1.135408,-0.0034501,0.7576947,-0.0407125,0.6513290
1788232759714322176,OK,1,0,14.0334,0.354083,0,1113,0,-1.880240,-0.060687,-1.132622,-0.0042061,0.7553005,-0.0401383,0.6541349
1788232759747668992,OK,1,0,13.4947,0.314958,0,1079,0,-1.866131,-0.056297,-1.127743,-0.0038866,0.7530715,-0.0400225,0.6567087
1788232759781015552,OK,1,0,14.0773,0.352583,0,1072,0,-1.852590,-0.057914,-1.130934,-0.0037276,0.7504130,-0.0396044,0.6597711
1788232759814362624,OK,1,0,14.9563,0.352083,0,1096,0,-1.839832,-0.059605,-1.129544,-0.0034030,0.7481776,-0.0387826,0.6623553
1788232759847709440,OK,1,0,14.0569,0.329375,0,1087,0,-1.827329,-0.057710,-1.129517,-0.0030686,0.7457818,-0.0389454,0.6650439
1788232759881056256,OK,1,0,13.5627,0.3435,0,1092,0,-1.813702,-0.057306,-1.122559,-0.0032615,0.7437238,-0.0388617,0.6673486
1788232759914403328,OK,1,0,14.0752,0.356041,0,1114,0,-1.801120,-0.055925,-1.125766,-0.0033241,0.7408248,-0.0384992,0.6705859
1788232759947750144,OK,1,0,14.7066,0.377542,0,1093,0,-1.784311,-0.054587,-1.124804,-0.0037508,0.7382312,-0.0379254,0.6734704
1788232759981097216,OK,1,0,14.5632,0.313166,0,1082,0,-1.771186,-0.053084,-1.118169,-0.0041432,0.7362155,-0.0377154,0.6756828
1788232760014443264,OK,1,0,13.4315,0.312417,0,1078,0,-1.758619,-0.057218,-1.115534,-0.0049543,0.7338514,-0.0373849,0.6782624
1788232760047790592,OK,1,0,13.905,0.336667,0,1121,0,-1.746093,-0.054777,-1.119577,-0.0045615,0.7308350,-0.0369556,0.6815378
1788232760081137664,OK,1,0,14.152,0.354875,0,1110,0,-1.734460,-0.056932,-1.119924,-0.0045651,0.7283927,-0.0363007,0.6841824
1788232760114484736,OK,1,0,13.7072,0.31725,0,1095,0,-1.717448,-0.056434,-1.116879,-0.0042962,0.7261769,-0.0359140,0.6865557
1788232760147832064,OK,1,0,13.3316,0.309875,0,1107,0,-1.704237,-0.052556,-1.109752,-0.0043780,0.7240558,-0.0365276,0.6887596
1788232760181179392,OK,1,0,13.3072,0.323209,0,1114,0,-1.690395,-0.052980,-1.110227,-0.0045567,0.7210600,-0.0357524,0.6919346
1788232760214526976,OK,1,0,13.5516,0.302333,0,1111,0,-1.676176,-0.052843,-1.105507,-0.0046412,0.7188340,-0.0350066,0.6942843
1788232760247874304,OK,1,0,13.5128,0.29675,0,1094,0,-1.661696,-0.052363,-1.105625,-0.0046956,0.7158743,-0.0342592,0.6973724
1788232760281218304,OK,1,0,13.404,0.365125,0,1123,0,-1.649236,-0.052308,-1.104035,-0.0048020,0.7133572,-0.0340910,0.6999545
1788232760314562048,OK,1,0,13.7217,0.296208,0,1102,0,-1.633660,-0.051324,-1.101295,-0.0048278,0.7109711,-0.0335097,0.7024058
1788232760347906048,OK,1,0,13.5601,0.308166,0,1125,0,-1.622398,-0.047974,-1.098809,-0.0045239,0.7089708,-0.0330688,0.7044476
1788232760381250048,OK,1,0,13.6035,0.2835,0,1114,0,-1.607720,-0.049767,-1.098585,-0.0042567,0.7074344,-0.0327711,0.7060060
1788232760414594304,OK,1,0,13.472,0.299209,0,1125,0,-1.594751,-0.046406,-1.095553,-0.0037463,0.7059833,-0.0334844,0.7074265
1788232760447938304,OK,1,0,13.8476,0.313833,0,1098,0,-1.583065,-0.049361,-1.096303,-0.0039917,0.7045860,-0.0327832,0.7088497
1788232760481281280,OK,1,0,13.6207,0.312458,0,1081,0,-1.569645,-0.049830,-1.095385,-0.0041952,0.7037529,-0.0323668,0.7096949
1788232760514625536,OK,1,0,13.8073,0.295708,0,1083,0,-1.556814,-0.048155,-1.094637,-0.0039678,0.7029348,-0.0330253,0.7104761
1788232760547969536,OK,1,0,13.4248,0.29775,0,1085,0,-1.545762,-0.047935,-1.092602,-0.0037684,0.7020373,-0.0331731,0.7113572
1788232760581313792,OK,1,0,13.561,0.306041,0,1111,0,-1.532276,-0.044078,-1.090101,-0.0033881,0.7011977,-0.0332428,0.7121835
1788232760614658048,OK,1,0,13.7132,0.304917,0,1110,0,-1.519174,-0.046390,-1.091045,-0.0039661,0.7000669,-0.0333037,0.7132893
1788232760648002304,OK,1,0,13.3763,0.316916,0,1121,0,-1.506252,-0.047929,-1.088429,-0.0045413,0.6990563,-0.0328534,0.7142971
1788232760681346304,OK,1,0,14.1958,0.381792,0,1106,0,-1.492685,-0.044571,-1.085558,-0.0047458,0.6981239,-0.0328038,0.7152093
1788232760714690560,OK,1,0,14.0533,0.3035,0,1117,0,-1.478794,-0.045182,-1.085317,-0.0051214,0.6971347,-0.0322095,0.7161980
1788232760748034816,OK,1,0,13.6296,0.294584,0,1106,0,-1.464455,-0.044416,-1.082276,-0.0053236,0.6966485,-0.0320509,0.7166767
1788232760781379072,OK,1,0,13.634,0.299208,0,1125,0,-1.451021,-0.045849,-1.080323,-0.0060010,0.6955170,-0.0319861,0.7177722
1788232760814723328,OK,1,0,14.0763,0.29725,0,1137,0,-1.435651,-0.043273,-1.080251,-0.0056742,0.6939995,-0.0316033,0.7192592
1788232760848067840,OK,1,0,13.8892,0.390458,0,1102,0,-1.425772,-0.045168,-1.076691,-0.0058714,0.6932122,-0.0318874,0.7200039
1788232760881412352,OK,1,0,13.4347,0.398375,0,1088,0,-1.411545,-0.044039,-1.078617,-0.0053691,0.6917467,-0.0312321,0.7214446
1788232760914755584,OK,1,0,13.926,0.317208,0,1128,0,-1.398858,-0.042847,-1.076240,-0.0049580,0.6909891,-0.0307637,0.7221932
1788232760948100096,OK,1,0,13.4097,0.313959,0,1098,0,-1.386881,-0.042524,-1.078147,-0.0046175,0.6898366,-0.0309443,0.7232887
1788232760981444608,OK,1,0,13.6985,0.316833,0,1090,0,-1.373929,-0.043939,-1.075117,-0.0048648,0.6887898,-0.0307503,0.7242923
1788232761014789120,OK,1,0,14.0166,0.384542,0,1093,0,-1.361886,-0.043470,-1.072856,-0.0046931,0.6877574,-0.0308242,0.7252707
1788232761048133632,OK,1,0,13.2699,0.311625,0,1104,0,-1.348208,-0.043825,-1.072872,-0.0045394,0.6866407,-0.0307261,0.7263333
1788232761081478144,OK,1,0,13.8825,0.301375,0,1122,0,-1.334310,-0.042228,-1.072973,-0.0042937,0.6855403,-0.0301136,0.7273989
1788232761114822400,OK,1,0,13.7681,0.310958,0,1111,0,-1.323921,-0.042399,-1.065205,-0.0045378,0.6853454,-0.0297896,0.7275944
1788232761148167168,OK,1,0,14.1173,0.311042,0,1117,0,-1.309477,-0.039216,-1.067428,-0.0040149,0.6839023,-0.0298093,0.7289533
1788232761181511680,OK,1,0,13.3275,0.365417,0,1094,0,-1.296415,-0.042691,-1.067826,-0.0042398,0.6828627,-0.0292912,0.7299470
1788232761214856448,OK,1,0,13.62,0.289708,0,1108,0,-1.283953,-0.042762,-1.065168,-0.0043058,0.6820840,-0.0289036,0.7306897
1788232761248201216,OK,1,0,13.516,0.384209,0,1107,0,-1.271780,-0.041972,-1.063212,-0.0045250,0.6812572,-0.0288254,0.7314624
1788232761281543936,OK,1,0,13.5467,0.338709,0,1111,0,-1.257041,-0.042024,-1.061578,-0.0048433,0.6799387,-0.0289925,0.7326795
1788232761314886912,OK,1,0,13.4554,0.372541,0,1105,0,-1.243121,-0.037748,-1.060621,-0.0043535,0.6784935,-0.0287231,0.7340317
1788232761348228864,OK,1,0,13.516,0.301042,0,1108,0,-1.231372,-0.037492,-1.058865,-0.0039259,0.6779355,-0.0288233,0.7345456
1788232761381571840,OK,1,0,14.035,0.315166,0,1098,0,-1.220274,-0.036867,-1.055448,-0.0032554,0.6779242,-0.0291065,0.7345482
1788232761414914560,OK,1,0,15.9722,0.37425,0,1124,0,-1.208170,-0.039231,-1.057660,-0.0030428,0.6770201,-0.0286981,0.7353985
1788232761448257536,OK,1,0,13.5132,0.307833,0,1093,0,-1.195917,-0.037196,-1.055234,-0.0024532,0.6767098,-0.0292884,0.7356630
1788232761481600512,OK,1,0,13.3355,0.318875,0,1101,0,-1.185310,-0.037576,-1.052574,-0.0023545,0.6764230,-0.0293974,0.7359228
1788232761514943488,OK,1,0,13.7746,0.318833,0,1075,0,-1.171629,-0.039274,-1.051396,-0.0026174,0.6758809,-0.0290087,0.7364351
1788232761548286720,OK,1,0,13.5568,0.308042,0,1044,0,-1.159347,-0.036196,-1.052189,-0.0019340,0.6753480,-0.0293614,0.7369120
1788232761581629696,OK,1,0,13.4237,0.305459,0,1056,0,-1.145849,-0.037354,-1.048779,-0.0021330,0.6755407,-0.0290338,0.7367477
1788232761614972672,OK,1,0,13.5816,0.293125,0,1058,0,-1.132547,-0.037891,-1.047169,-0.0024317,0.6749675,-0.0291722,0.7372665
1788232761648315648,OK,1,0,13.4352,0.294708,0,1052,0,-1.119491,-0.035541,-1.045348,-0.0020122,0.6743540,-0.0294512,0.7378179
1788232761681658624,OK,1,0,13.5915,0.303167,0,1058,0,-1.107899,-0.037769,-1.045386,-0.0023367,0.6737866,-0.0291064,0.7383488
1788232761715001600,OK,1,0,13.1709,0.380042,0,1045,0,-1.095265,-0.036105,-1.044135,-0.0017526,0.6735328,-0.0291726,0.7385794
1788232761748344832,OK,1,0,13.2778,0.309375,0,1064,0,-1.084029,-0.036371,-1.042407,-0.0014903,0.6734541,-0.0289629,0.7386599
1788232761781687808,OK,1,0,13.3573,0.305625,0,1074,0,-1.070493,-0.036248,-1.042209,-0.0013766,0.6729574,-0.0293246,0.7390984
1788232761815029760,OK,1,0,13.6247,0.309458,0,1063,0,-1.058010,-0.038222,-1.038800,-0.0015472,0.6726059,-0.0296357,0.7394056
1788232761848372992,OK,1,0,13.5164,0.331125,0,1048,0,-1.046352,-0.036297,-1.036670,-0.0015195,0.6721640,-0.0298558,0.7397987
1788232761881715968,OK,1,0,13.2081,0.382083,0,1047,0,-1.033185,-0.035629,-1.034447,-0.0015885,0.6717858,-0.0301666,0.7401292
1788232761915059200,OK,1,0,13.6152,0.305542,0,1061,0,-1.021689,-0.036470,-1.033954,-0.0013091,0.6713599,-0.0300265,0.7405218
1788232761948402432,OK,1,0,13.4274,0.312917,0,1043,0,-1.008610,-0.038174,-1.033294,-0.0014364,0.6712160,-0.0298267,0.7406601
1788232761981745408,OK,1,0,13.4877,0.333,0,1012,0,-0.996868,-0.035153,-1.031301,-0.0009483,0.6708322,-0.0304755,0.7409821
1788232762015088640,OK,1,0,13.1148,0.306416,0,1043,0,-0.983881,-0.035208,-1.029206,-0.0009302,0.6701487,-0.0305147,0.7415987
1788232762048431616,OK,1,0,13.2666,0.3,0,1019,0,-0.971362,-0.034190,-1.028427,-0.0009655,0.6696668,-0.0306109,0.7420300
1788232762081774848,OK,1,0,13.4968,0.294375,0,1014,0,-0.958819,-0.032024,-1.027533,-0.0005699,0.6692709,-0.0308268,0.7423785
1788232762115118080,OK,1,0,13.0667,0.294458,0,1008,0,-0.946722,-0.033269,-1.021551,-0.0005772,0.6692795,-0.0311801,0.7423561
1788232762148461056,OK,1,0,13.3777,0.436708,0,1006,0,-0.934087,-0.032501,-1.020417,-0.0003497,0.6691477,-0.0314009,0.7424656
1788232762181804544,OK,1,0,12.9006,0.311458,0,1019,0,-0.921989,-0.032915,-1.019998,-0.0001324,0.6687333,-0.0314731,0.7428360
1788232762215147776,OK,1,0,13.1597,0.315458,0,997,0,-0.909652,-0.033730,-1.019192,-0.0002551,0.6681460,-0.0310513,0.7433820
1788232762248489984,OK,1,0,12.9381,0.303291,0,990,0,-0.897003,-0.033955,-1.017626,-0.0003742,0.6678839,-0.0305857,0.7436367
1788232762281828096,OK,1,0,12.5499,0.351458,0,999,0,-0.884093,-0.035596,-1.015895,-0.0006466,0.6674945,-0.0307055,0.7439811
1788232762315166208,OK,1,0,12.8872,0.302042,0,1003,0,-0.870302,-0.033747,-1.013905,-0.0005402,0.6673070,-0.0307925,0.7441458
1788232762348504320,OK,1,0,12.8786,0.36775,0,1008,0,-0.857492,-0.033632,-1.012384,-0.0007042,0.6669775,-0.0310326,0.7444310
1788232762381842432,OK,1,0,13.0732,0.306,0,1030,0,-0.844119,-0.034012,-1.009868,-0.0007404,0.6665837,-0.0308321,0.7447920
1788232762415180544,OK,1,0,12.9448,0.296417,0,999,0,-0.833352,-0.032232,-1.008747,-0.0004074,0.6664155,-0.0307341,0.7449467
1788232762448518656,OK,1,0,12.8205,0.297458,0,1008,0,-0.820270,-0.034493,-1.009647,-0.0008713,0.6657919,-0.0304830,0.7455140
1788232762481856768,OK,1,0,12.9214,0.301458,0,1002,0,-0.806429,-0.031137,-1.004905,-0.0001986,0.6654721,-0.0308051,0.7457867
1788232762515194624,OK,1,0,12.9837,0.308584,0,997,0,-0.794282,-0.031259,-1.003259,-0.0001089,0.6651863,-0.0312392,0.7460237
1788232762548532736,OK,1,0,12.918,0.317,0,994,0,-0.783571,-0.030798,-1.000013,0.0003887,0.6651881,-0.0317489,0.7460004
1788232762581870592,OK,1,0,12.93,0.3125,0,1002,0,-0.773074,-0.028857,-0.999736,0.0014615,0.6646211,-0.0320234,0.7464926
1788232762615208448,OK,1,0,12.68,0.304375,0,990,0,-0.760709,-0.029670,-0.998152,0.0016153,0.6641775,-0.0321159,0.7468830
1788232762648546304,OK,1,0,12.6312,0.303041,0,985,0,-0.748491,-0.029462,-0.997562,0.0018632,0.6638384,-0.0318789,0.7471940
1788232762681883392,OK,1,0,12.7863,0.3095,0,990,0,-0.736706,-0.030213,-0.996212,0.0019125,0.6633602,-0.0319672,0.7476146
1788232762715221248,OK,1,0,12.8172,0.364625,0,971,0,-0.723190,-0.030902,-0.994001,0.0017409,0.6631147,-0.0319851,0.7478321
1788232762748559104,OK,1,0,12.5986,0.3015,0,987,0,-0.710258,-0.029525,-0.990104,0.0014410,0.6629509,-0.0320422,0.7479755
1788232762781896960,OK,1,0,12.5322,0.322291,0,978,0,-0.696431,-0.031017,-0.991341,0.0011405,0.6621373,-0.0314124,0.7487231
1788232762815234816,OK,1,0,12.6185,0.311708,0,979,0,-0.683073,-0.031504,-0.989535,0.0010815,0.6615866,-0.0311100,0.7492223
1788232762848572672,OK,1,0,12.6258,0.302917,0,953,0,-0.669939,-0.030583,-0.987677,0.0009477,0.6607164,-0.0308269,0.7500018
1788232762881910528,OK,1,0,13.022,0.294959,0,1782,0,-0.658834,-0.029867,-0.983329,0.0011454,0.6600381,-0.0310891,0.7505876
1788232762915248384,OK,1,0,15.0425,0.313209,0,1399,0,-0.647175,-0.028057,-0.981427,0.0017248,0.6585120,-0.0313695,0.7519142
1788232762948585984,OK,1,0,14.4425,0.331458,0,1307,0,-0.634847,-0.028103,-0.976197,0.0016357,0.6568493,-0.0313187,0.7533694
1788232762981923840,OK,1,0,13.829,0.348458,0,1291,0,-0.624448,-0.027654,-0.973485,0.0021808,0.6547755,-0.0315741,0.7551606
1788232763015261440,OK,1,0,14.0575,0.335459,0,1263,0,-0.611669,-0.028088,-0.970219,0.0023165,0.6527183,-0.0313499,0.7569482
1788232763048599040,OK,1,0,14.135,0.352833,0,1205,0,-0.599688,-0.026371,-0.964110,0.0020098,0.6507398,-0.0316938,0.7586364
1788232763081936640,OK,1,0,13.6634,0.343416,0,1182,0,-0.587544,-0.028198,-0.958521,0.0012098,0.6487797,-0.0315522,0.7603210
1788232763115274496,OK,1,0,13.8385,0.333292,0,1156,0,-0.574771,-0.025880,-0.952358,0.0006965,0.6465749,-0.0317693,0.7621884
1788232763148611072,OK,1,0,14.7346,0.347,0,1124,0,-0.561545,-0.026508,-0.946690,0.0001550,0.6438558,-0.0308509,0.7645248
1788232763181948672,OK,1,0,14.5691,0.348708,0,1140,0,-0.548925,-0.025620,-0.940263,-0.0002130,0.6408833,-0.0306637,0.7670256
1788232763215286272,OK,1,0,15.0777,7.98646,0,1124,0,-0.537029,-0.025567,-0.934717,-0.0003599,0.6380242,-0.0312347,0.7693825
1788232763248623872,OK,1,0,14.828,0.344542,0,1184,0,-0.524677,-0.025502,-0.931359,0.0000492,0.6351760,-0.0308289,0.7717519
1788232763281962496,OK,1,0,14.2568,0.362542,0,1152,0,-0.514950,-0.025279,-0.928228,0.0006927,0.6322327,-0.0306160,0.7741731
1788232763315300864,OK,1,0,15.0383,0.349459,0,1142,0,-0.503129,-0.025550,-0.921972,0.0009493,0.6295924,-0.0305276,0.7763250
1788232763348639488,OK,1,0,13.6738,0.362167,0,1108,0,-0.493297,-0.022448,-0.916777,0.0016162,0.6265817,-0.0315229,0.7787163
1788232763381977856,OK,1,0,14.5987,0.348,0,1121,0,-0.481715,-0.023131,-0.910290,0.0012861,0.6234223,-0.0315138,0.7812489
1788232763415316224,OK,1,0,13.8876,0.35275,0,1129,0,-0.469669,-0.024238,-0.903208,0.0009554,0.6204008,-0.0309403,0.7836738
1788232763448654848,OK,1,0,13.4228,0.372916,0,1132,0,-0.457856,-0.020594,-0.896051,0.0014529,0.6174749,-0.0307189,0.7859891
1788232763481993216,OK,1,0,14.1775,0.3745,0,1114,0,-0.446626,-0.020458,-0.890557,0.0014229,0.6144981,-0.0304177,0.7883305
1788232763515331584,OK,1,0,14.2449,0.325541,0,1825,0,-0.435095,-0.020020,-0.883762,0.0011889,0.6113498,-0.0307039,0.7907637
1788232763548669952,OK,1,0,15.3293,0.329625,0,1454,0,-0.424032,-0.019920,-0.877402,0.0013105,0.6080539,-0.0299804,0.7933283
1788232763582007296,OK,1,0,14.0694,0.323584,0,1339,0,-0.412525,-0.018123,-0.870807,0.0011804,0.6046368,-0.0304820,0.7959169
1788232763615345408,OK,1,0,14.8355,0.337375,0,1283,0,-0.401571,-0.018763,-0.862094,0.0004612,0.6014444,-0.0304473,0.7983341
1788232763648683776,OK,1,0,14.7969,0.334209,0,1253,0,-0.390747,-0.019300,-0.854958,-0.0000826,0.5976988,-0.0302930,0.8011482
1788232763682022144,OK,1,0,14.5106,0.353042,0,1201,0,-0.377767,-0.017600,-0.847710,0.0003739,0.5939508,-0.0301121,0.8039376
1788232763715360512,OK,1,0,15.6242,0.354125,0,1194,0,-0.368651,-0.017186,-0.841281,0.0012031,0.5904554,-0.0298270,0.8065180
1788232763748698624,OK,1,0,14.496,0.362334,0,1228,0,-0.359043,-0.018066,-0.835094,0.0017844,0.5869381,-0.0298592,0.8090791
1788232763782036992,OK,1,0,15.2181,0.326125,0,1179,0,-0.349178,-0.019376,-0.829457,0.0022832,0.5832095,-0.0299880,0.8117649
1788232763815375360,OK,1,0,14.4543,0.340208,0,1168,0,-0.337918,-0.019083,-0.820498,0.0024329,0.5796619,-0.0298242,0.8143075
1788232763848713472,OK,1,0,15.037,0.359084,0,1189,0,-0.327354,-0.018650,-0.813464,0.0024620,0.5756962,-0.0290298,0.8171445
1788232763882051840,OK,1,0,19.897,0.354292,0,1226,0,-0.316225,-0.016496,-0.803730,0.0020737,0.5720384,-0.0295722,0.8196910
1788232763915389952,OK,1,0,14.5762,0.355375,0,1220,0,-0.305379,-0.016373,-0.793738,0.0011786,0.5682045,-0.0298855,0.8223437
1788232763948728064,OK,1,0,14.3622,0.326625,0,1228,0,-0.293856,-0.015262,-0.784349,0.0007276,0.5640787,-0.0298338,0.8251815
1788232763982066176,OK,1,0,14.9268,0.332834,0,1248,0,-0.283357,-0.015862,-0.776037,0.0004133,0.5603328,-0.0288638,0.8277645
1788232764015403264,OK,1,0,14.5112,0.324709,0,1229,0,-0.272253,-0.014072,-0.768650,0.0008915,0.5565988,-0.0286779,0.8302858
1788232764048741376,OK,1,0,14.5985,0.299833,0,1188,0,-0.262853,-0.015015,-0.759607,0.0009357,0.5529709,-0.0289415,0.8326973
1788232764082079488,OK,1,0,14.34,0.30425,0,1141,0,-0.253215,-0.014831,-0.751639,0.0010862,0.5489732,-0.0290371,0.8353347
1788232764115417600,OK,1,0,14.3858,0.302333,0,1161,0,-0.242440,-0.014760,-0.742430,0.0008881,0.5451078,-0.0285223,0.8378802
1788232764148755712,OK,1,0,14.72,0.29075,0,1175,0,-0.231948,-0.013781,-0.734880,0.0010453,0.5411670,-0.0282933,0.8404384
1788232764182093824,OK,1,0,14.6642,0.313542,0,1169,0,-0.222641,-0.013290,-0.723994,0.0007527,0.5373431,-0.0288019,0.8428714
1788232764215431680,OK,1,0,14.6254,0.284292,0,1165,0,-0.214608,-0.013752,-0.714150,0.0002740,0.5333611,-0.0287682,0.8453982
1788232764248769792,OK,1,0,14.8559,0.295125,0,1179,0,-0.203677,-0.011440,-0.705168,0.0005371,0.5291714,-0.0283812,0.8480400
1788232764282106624,OK,1,0,15.1538,0.297292,0,1191,0,-0.193325,-0.011496,-0.696252,0.0007414,0.5254351,-0.0275433,0.8503875
1788232764315443456,OK,1,0,15.1556,0.295125,0,1193,0,-0.183748,-0.010408,-0.687457,0.0010383,0.5215558,-0.0276302,0.8527690
1788232764348780032,OK,1,0,15.0642,0.299208,0,1197,0,-0.175500,-0.012094,-0.677839,0.0008998,0.5176858,-0.0274794,0.8551289
1788232764382116608,OK,1,0,15.3064,0.30275,0,1191,0,-0.167516,-0.010480,-0.668620,0.0011907,0.5137776,-0.0272780,0.8574888
1788232764415453184,OK,1,0,15.8115,0.318625,0,1188,0,-0.157722,-0.011680,-0.659271,0.0010819,0.5096217,-0.0264231,0.8599921
1788232764448789760,OK,1,0,15.3883,0.324541,0,1176,0,-0.148690,-0.011007,-0.648779,0.0008818,0.5053918,-0.0266726,0.8624772
1788232764482125312,OK,1,0,15.7055,0.331084,0,1189,0,-0.141119,-0.009746,-0.638281,0.0004597,0.5009454,-0.0269997,0.8650575
1788232764515461632,OK,1,0,15.7403,0.321792,0,1197,0,-0.132106,-0.009711,-0.626741,0.0000323,0.4967819,-0.0264374,0.8674727
1788232764548798208,OK,1,0,15.6758,0.327791,0,1211,0,-0.121463,-0.009294,-0.616163,-0.0002641,0.4922202,-0.0261499,0.8700778
1788232764582134528,OK,1,0,16.3343,0.34675,0,1214,0,-0.114147,-0.007534,-0.605161,-0.0002400,0.4877537,-0.0264957,0.8725791
1788232764615470848,OK,1,0,16.6037,0.333542,0,1225,0,-0.104913,-0.007289,-0.594179,-0.0005075,0.4831863,-0.0257029,0.8751401
1788232764648807168,OK,1,0,17.8404,0.344542,0,1262,0,-0.096923,-0.007554,-0.583959,-0.0003531,0.4791379,-0.0250675,0.8773816
1788232764682143232,OK,1,0,16.6345,0.351542,0,1252,0,-0.088769,-0.006381,-0.573436,0.0000929,0.4750064,-0.0249348,0.8796290
1788232764715479808,OK,1,0,15.705,0.348375,0,1243,0,-0.081496,-0.006491,-0.564354,0.0002926,0.4706553,-0.0248104,0.8819683
1788232764748815872,OK,1,0,17.7948,0.309416,0,1264,0,-0.071507,-0.004475,-0.553761,0.0003506,0.4661042,-0.0242018,0.8843987
1788232764782151936,OK,1,0,16.6839,0.34525,0,1259,0,-0.065800,-0.004731,-0.542663,0.0000856,0.4619845,-0.0240855,0.8865609
1788232764815488000,OK,1,0,16.8224,0.35875,0,1256,0,-0.057300,-0.005761,-0.531808,-0.0002327,0.4576306,-0.0236899,0.8888267
1788232764848824064,OK,1,0,17.4574,0.450833,0,1243,0,-0.050163,-0.004111,-0.520080,-0.0001553,0.4532457,-0.0242236,0.8910564
1788232764882160128,OK,1,0,16.2034,0.346458,0,1258,0,-0.042104,-0.003093,-0.509146,-0.0000688,0.4486987,-0.0236977,0.8933688
1788232764915495168,OK,1,0,15.9545,0.358709,0,1234,0,-0.036177,-0.003332,-0.499006,0.0001409,0.4445801,-0.0231078,0.8954411
1788232764948830976,OK,1,0,16.2748,0.311625,0,1249,0,-0.028968,-0.002176,-0.487576,0.0006477,0.4403439,-0.0230934,0.8975319
1788232764982166784,OK,1,0,15.5626,0.297833,0,1208,0,-0.023102,-0.002743,-0.477243,0.0006973,0.4359427,-0.0230441,0.8996791
1788232765015502592,OK,1,0,15.5897,0.319417,0,1201,0,-0.014311,-0.000462,-0.464866,0.0004718,0.4311809,-0.0229435,0.9019737
1788232765048838400,OK,1,0,15.6308,0.315125,0,1210,0,-0.007458,0.000120,-0.453192,-0.0000581,0.4267751,-0.0225812,0.9040759
1788232765082173952,OK,1,0,15.37,0.309458,0,1166,0,0.000305,0.001345,-0.441108,-0.0004073,0.4221748,-0.0226529,0.9062313
1788232765115509760,OK,1,0,15.693,0.285625,0,1151,0,0.006212,0.001298,-0.427432,-0.0007952,0.4178467,-0.0227414,0.9082325
1788232765148845568,OK,1,0,15.4561,0.301625,0,1154,0,0.013958,0.001870,-0.416156,-0.0009072,0.4129120,-0.0220888,0.9105026
1788232765182181120,OK,1,0,15.2286,0.3065,0,1129,0,0.020307,0.002314,-0.405189,-0.0004943,0.4082524,-0.0214732,0.9126164
1788232765215516928,OK,1,0,15.5498,0.321083,0,1153,0,0.025928,0.001889,-0.395295,0.0002053,0.4041696,-0.0206101,0.9144518
1788232765248852224,OK,1,0,15.413,0.313583,0,1128,0,0.030733,0.002700,-0.385373,0.0010196,0.3997689,-0.0210719,0.9163731
1788232765282189312,OK,1,0,15.2806,0.38225,0,1118,0,0.035423,0.002592,-0.373460,0.0012290,0.3954481,-0.0208609,0.9182506
1788232765315525888,OK,1,0,15.2515,0.313,0,1082,0,0.042732,0.004189,-0.361654,0.0014112,0.3905242,-0.0206045,0.9203610
1788232765348861696,OK,1,0,15.3164,0.317875,0,1083,0,0.045642,0.003418,-0.349267,0.0009716,0.3862577,-0.0204925,0.9221628
1788232765382198528,OK,1,0,15.1134,0.295375,0,1064,0,0.054586,0.005531,-0.336282,0.0007395,0.3813065,-0.0201674,0.9242284
1788232765415535104,OK,1,0,15.2996,0.391125,0,1070,0,0.061244,0.007108,-0.323074,0.0006005,0.3764843,-0.0198928,0.9262093
1788232765448871936,OK,1,0,15.385,0.336541,0,1493,0,0.066535,0.006467,-0.312104,0.0003490,0.3717405,-0.0199924,0.9281213
1788232765482208256,OK,1,0,16.0431,0.315791,0,1363,0,0.073822,0.007314,-0.300325,0.0003139,0.3672244,-0.0192532,0.9299331
1788232765515544832,OK,1,0,16.7225,0.3245,0,1290,0,0.078677,0.007819,-0.289134,0.0004494,0.3628506,-0.0188218,0.9316571
1788232765548881408,OK,1,0,15.9029,0.354959,0,1267,0,0.084362,0.008411,-0.275990,0.0005880,0.3582532,-0.0191291,0.9334283
1788232765582217728,OK,1,0,15.9117,0.325333,0,1223,0,0.088827,0.008916,-0.264258,0.0011361,0.3535091,-0.0190696,0.9352360
1788232765615554304,OK,1,0,16.474,0.328084,0,1259,0,0.095254,0.010169,-0.251943,0.0014795,0.3487194,-0.0182862,0.9370477
1788232765648890624,OK,1,0,16.5553,0.346666,0,1227,0,0.098202,0.010303,-0.242221,0.0017929,0.3444383,-0.0179385,0.9386359
1788232765682226944,OK,1,0,16.053,0.337333,0,1212,0,0.102198,0.010560,-0.230273,0.0019282,0.3395967,-0.0178280,0.9404002
1788232765715563264,OK,1,0,17.6372,0.325709,0,1177,0,0.104682,0.011411,-0.217891,0.0019544,0.3346111,-0.0179098,0.9421841
1788232765748899584,OK,1,0,16.5745,0.330334,0,1175,0,0.109252,0.011582,-0.205222,0.0015716,0.3293929,-0.0175381,0.9440288
1788232765782235904,OK,1,0,16.0683,0.351625,0,1160,0,0.113577,0.011824,-0.191960,0.0012355,0.3246823,-0.0170599,0.9456685
1788232765815570944,OK,1,0,15.7666,0.347417,0,1153,0,0.116597,0.013110,-0.178645,0.0012656,0.3198155,-0.0168438,0.9473292
1788232765848907008,OK,1,0,15.76,0.361791,0,1122,0,0.120469,0.013241,-0.162761,0.0009957,0.3148272,-0.0168788,0.9489984
1788232765882243072,OK,1,0,16.1765,0.361708,0,1170,0,0.125422,0.015668,-0.150216,0.0014975,0.3096605,-0.0159982,0.9507114
1788232765915579392,OK,1,0,17.0419,0.310083,0,1157,0,0.128731,0.016436,-0.138036,0.0016554,0.3043383,-0.0162847,0.9524234
1788232765948915200,OK,1,0,17.3974,0.3305,0,1142,0,0.131565,0.016982,-0.123958,0.0015609,0.2991158,-0.0160095,0.9540812
1788232765982251264,OK,1,0,15.5486,0.328083,0,1113,0,0.132927,0.017322,-0.111268,0.0012619,0.2939205,-0.0156745,0.9557005
1788232766015587072,OK,1,0,15.5174,0.329084,0,1153,0,0.137303,0.018469,-0.097042,0.0010809,0.2885948,-0.0150787,0.9573320
1788232766048923136,OK,1,0,15.4257,0.332542,0,1099,0,0.141016,0.020801,-0.081343,0.0012451,0.2832133,-0.0155007,0.9589309
1788232766082258688,OK,1,0,15.5463,0.3425,0,1106,0,0.142603,0.018555,-0.068570,0.0009616,0.2778023,-0.0147425,0.9605247
1788232766115594752,OK,1,0,15.5626,0.353667,0,1154,0,0.143677,0.019889,-0.058912,0.0012276,0.2725637,-0.0144645,0.9620283
1788232766148930304,OK,1,0,14.6444,0.334625,0,1133,0,0.148592,0.020937,-0.045422,0.0016721,0.2674062,-0.0134792,0.9634882
1788232766182266112,OK,1,0,15.3933,0.323666,0,1170,0,0.149199,0.021244,-0.035092,0.0021772,0.2621516,-0.0136287,0.9649280
1788232766215601920,OK,1,0,14.8723,0.300959,0,1157,0,0.149238,0.021670,-0.021239,0.0020022,0.2567062,-0.0134779,0.9663935
1788232766248936448,OK,1,0,14.8712,0.308958,0,1212,0,0.151669,0.023041,-0.006548,0.0013801,0.2506301,-0.0133322,0.9679902
1788232766282288384,OK,1,0,16.8192,0.305375,0,1202,0,0.152928,0.024544,0.006650,0.0012562,0.2451867,-0.0133858,0.9693827
1788232766315640064,OK,1,0,15.6866,0.298375,0,1210,0,0.151851,0.023968,0.019570,0.0012423,0.2396190,-0.0134220,0.9707735
1788232766348992000,OK,1,0,15.8499,0.335917,0,1253,0,0.151995,0.024997,0.032595,0.0010169,0.2338807,-0.0131514,0.9721758
1788232766382343936,OK,1,0,15.6352,0.291625,0,1230,0,0.152503,0.026258,0.045231,0.0011412,0.2282709,-0.0131126,0.9735087
1788232766415696128,OK,1,0,15.2514,0.2735,0,1238,0,0.153997,0.024899,0.059430,0.0010927,0.2221184,-0.0127966,0.9749351
1788232766449048064,OK,1,0,15.3805,0.317292,0,1261,0,0.153258,0.026192,0.072076,0.0012081,0.2158000,-0.0124804,0.9763571
1788232766482400512,OK,1,0,16.1122,0.298375,0,1267,0,0.153719,0.027185,0.085100,0.0012117,0.2096950,-0.0113848,0.9776998
1788232766515752704,OK,1,0,15.5628,0.362083,0,1261,0,0.154371,0.026992,0.097599,0.0013456,0.2037747,-0.0108190,0.9789571
1788232766549104896,OK,1,0,16.007,0.295041,0,1286,0,0.155296,0.027853,0.111628,0.0019353,0.1975831,-0.0104181,0.9802289
1788232766582457600,OK,1,0,16.0731,0.305417,0,1257,0,0.155927,0.029242,0.124019,0.0020286,0.1908717,-0.0101261,0.9815607
1788232766615810048,OK,1,0,15.5968,0.30175,0,1246,0,0.155401,0.030262,0.138719,0.0019496,0.1846391,-0.0095513,0.9827580
1788232766649162496,OK,1,0,15.8691,0.300416,0,1246,0,0.153906,0.030922,0.151362,0.0020412,0.1781234,-0.0092028,0.9839630
1788232766682514432,OK,1,0,15.9127,0.399792,0,1248,0,0.153548,0.030464,0.166375,0.0020202,0.1710442,-0.0091462,0.9852188
1788232766715867136,OK,1,0,15.6435,0.310583,0,1230,0,0.152094,0.033654,0.181489,0.0023877,0.1638803,-0.0090789,0.9864355
1788232766749220096,OK,1,0,16.105,0.311417,0,1265,0,0.150254,0.033254,0.194123,0.0022695,0.1569755,-0.0084220,0.9875640
1788232766782572800,OK,1,0,16.0158,0.369583,0,1250,0,0.147563,0.032413,0.206928,0.0021564,0.1499738,-0.0081407,0.9886541
1788232766815925760,OK,1,0,15.7098,0.286,0,1252,0,0.145315,0.035013,0.222653,0.0021358,0.1423759,-0.0082694,0.9897758
1788232766849278720,OK,1,0,15.8293,0.301041,0,1238,0,0.143119,0.036753,0.237941,0.0018818,0.1350268,-0.0079740,0.9908081
1788232766882632192,OK,1,0,15.8543,0.312583,0,1277,0,0.141870,0.037599,0.253623,0.0013873,0.1274776,-0.0075825,0.9918115
1788232766915985152,OK,1,0,16.0725,0.295417,0,1268,0,0.137187,0.039164,0.266162,0.0014921,0.1202312,-0.0075140,0.9927164
1788232766949338368,OK,1,0,16.3907,0.298,0,1269,0,0.131243,0.038707,0.277641,0.0015044,0.1126723,-0.0070946,0.9936057
1788232766982691840,OK,1,0,16.3398,0.317084,0,1275,0,0.130919,0.041227,0.292235,0.0020475,0.1049085,-0.0064619,0.9944588
1788232767016045056,OK,1,0,15.9823,0.333625,0,1278,0,0.130303,0.041091,0.305949,0.0024040,0.0973838,-0.0056258,0.9952281
1788232767049398784,OK,1,0,15.8854,0.326834,0,1291,0,0.124856,0.041888,0.316804,0.0028460,0.0899452,-0.0054584,0.9959277
1788232767082752512,OK,1,0,16.3214,0.310333,0,1301,0,0.120671,0.040379,0.328401,0.0027281,0.0823341,-0.0047779,0.9965896
1788232767116105984,OK,1,0,16.9112,0.305084,0,1324,0,0.116173,0.042625,0.341719,0.0026772,0.0748202,-0.0043683,0.9971839
1788232767149458688,OK,1,0,16.369,0.317708,0,1326,0,0.111729,0.042161,0.356156,0.0019168,0.0672388,-0.0034662,0.9977291
1788232767182812416,OK,1,0,16.4993,0.298125,0,1345,0,0.108201,0.043629,0.368523,0.0016205,0.0594268,-0.0033464,0.9982257
1788232767216166400,OK,1,0,16.4808,0.313333,0,1380,0,0.105914,0.045732,0.383896,0.0015241,0.0517021,-0.0030952,0.9986566
1788232767249520384,OK,1,0,17.0887,0.304416,0,1432,0,0.098465,0.045239,0.397389,0.0010438,0.0445665,-0.0030421,0.9990013
1788232767282859264,OK,1,0,17.1059,0.307416,0,1430,0,0.095013,0.044476,0.409027,0.0009383,0.0367154,-0.0026380,0.9993218
1788232767316198144,OK,1,0,17.0695,0.303833,0,1435,0,0.086402,0.046016,0.420494,0.0017274,0.0303544,-0.0029257,0.9995334
1788232767349537280,OK,1,0,17.6368,0.325167,0,1443,0,0.085943,0.044635,0.431171,0.0021649,0.0239718,-0.0019409,0.9997084
1788232767382876160,OK,1,0,17.5773,0.317875,0,1496,0,0.083364,0.042945,0.443582,0.0023650,0.0185536,-0.0007437,0.9998248
1788232767416215040,OK,1,0,17.1851,0.307292,0,1499,0,0.078759,0.041590,0.453678,0.0024824,0.0135643,-0.0004975,0.9999048
1788232767449554176,OK,1,0,17.6373,0.317833,0,1471,0,0.072124,0.042338,0.466058,0.0025780,0.0086456,-0.0004827,0.9999592
1788232767482893056,OK,1,0,17.5627,0.321625,0,1443,0,0.067272,0.044010,0.479302,0.0026618,0.0033916,-0.0004738,0.9999906
1788232767516231936,OK,1,0,17.5277,0.314917,0,1413,0,0.062634,0.045085,0.490876,0.0026510,-0.0017662,-0.0004883,0.9999948
1788232767549570816,OK,1,0,17.1611,0.305541,0,1442,0,0.060579,0.044411,0.505028,0.0024909,-0.0072091,-0.0003680,0.9999709
1788232767582908672,OK,1,0,17.0825,0.317166,0,1441,0,0.053653,0.043767,0.516882,0.0022880,-0.0125021,0.0000536,0.9999192
1788232767616247552,OK,1,0,17.3881,0.311167,0,1452,0,0.049441,0.044346,0.527326,0.0019983,-0.0173685,0.0006180,0.9998470
1788232767649586432,OK,1,0,17.0378,0.317875,0,1466,0,0.046330,0.043895,0.540070,0.0017863,-0.0214250,0.0005163,0.9997687
1788232767682925312,OK,1,0,17.3412,0.28925,0,1462,0,0.042464,0.044070,0.550522,0.0019515,-0.0257895,0.0003396,0.9996654
1788232767716264192,OK,1,0,16.6961,0.301208,0,1455,0,0.037429,0.047179,0.561344,0.0014921,-0.0294449,0.0003855,0.9995652
1788232767749603072,OK,1,0,16.8634,0.28425,0,1431,0,0.035008,0.046012,0.569811,0.0003651,-0.0316572,0.0003882,0.9994987
1788232767782941952,OK,1,0,16.6215,0.3285,0,1452,0,0.036045,0.047600,0.578156,-0.0003069,-0.0326002,0.0004904,0.9994683
1788232767816280576,OK,1,0,16.9576,0.300541,0,1451,0,0.034785,0.046188,0.583082,0.0000369,-0.0338639,0.0010648,0.9994259
1788232767849619456,OK,1,0,16.6624,0.31525,0,1425,0,0.034609,0.044979,0.585541,0.0008814,-0.0354334,0.0016910,0.9993702
1788232767882958336,OK,1,0,16.3511,0.316959,0,1460,0,0.033557,0.044858,0.588772,0.0008868,-0.0352343,0.0015895,0.9993774
1788232767916297216,OK,1,0,16.715,0.291083,0,1457,0,0.034251,0.045141,0.591709,0.0008590,-0.0346512,0.0014839,0.9993981
1788232767949635840,OK,1,0,17.1569,0.312584,0,1458,0,0.033574,0.045382,0.592944,0.0009478,-0.0349850,0.0012154,0.9993867
1788232767982974720,OK,1,0,16.5392,0.3145,0,1451,0,0.032554,0.046173,0.592022,0.0008118,-0.0345343,0.0009714,0.9994027
1788232768016312320,OK,1,0,16.6641,0.313208,0,1426,0,0.035148,0.046698,0.591947,0.0012178,-0.0334532,0.0011032,0.9994389
1788232768049651200,OK,1,0,16.8401,0.285833,0,1434,0,0.033751,0.045008,0.591568,0.0016204,-0.0330225,0.0013259,0.9994524
1788232768082989824,OK,1,0,16.774,0.305083,0,1430,0,0.035344,0.046104,0.590912,0.0019018,-0.0333265,0.0013728,0.9994418
1788232768116328704,OK,1,0,16.2029,0.2775,0,1456,0,0.034206,0.044318,0.590052,0.0017598,-0.0329963,0.0014496,0.9994529
1788232768149667328,OK,1,0,16.674,0.305333,0,1456,0,0.034296,0.045214,0.590589,0.0018222,-0.0326612,0.0011235,0.9994642
1788232768183005952,OK,1,0,16.4506,0.318208,0,1445,0,0.034734,0.045191,0.592120,0.0016377,-0.0327438,0.0011569,0.9994618
1788232768216344832,OK,1,0,17.1096,0.295375,0,1443,0,0.035055,0.044678,0.591245,0.0015019,-0.0327983,0.0012697,0.9994600
1788232768249683456,OK,1,0,16.6848,0.298083,0,1429,0,0.034718,0.044632,0.591578,0.0014849,-0.0326988,0.0012699,0.9994634
1788232768283028736,OK,1,0,17.3238,0.316333,0,1440,0,0.034974,0.045716,0.591922,0.0016623,-0.0326479,0.0012353,0.9994648
1788232768316374272,OK,1,0,18.2606,0.30725,0,1439,0,0.034444,0.046024,0.592365,0.0017208,-0.0325875,0.0011915,0.9994667
1788232768349719808,OK,1,0,16.8906,0.336833,0,1455,0,0.035145,0.046580,0.591478,0.0018068,-0.0326312,0.0013309,0.9994650
1788232768383065088,OK,1,0,16.7217,0.305959,0,1415,0,0.035403,0.045280,0.591839,0.0016503,-0.0326488,0.0012861,0.9994647
1788232768416410880,OK,1,0,17.4956,0.322167,0,1460,0,0.035582,0.046473,0.591069,0.0017927,-0.0326968,0.0010463,0.9994632
1788232768449756416,OK,1,0,17.6088,0.30975,0,1446,0,0.033300,0.045512,0.590508,0.0016954,-0.0324086,0.0009905,0.9994728
1788232768483100928,OK,1,0,17.1505,0.321333,0,1457,0,0.035390,0.045625,0.590559,0.0016801,-0.0325204,0.0012001,0.9994689
1788232768516446464,OK,1,0,17.0694,0.3025,0,1467,0,0.036014,0.045534,0.590644,0.0016621,-0.0325465,0.0013093,0.9994680
1788232768549792000,OK,1,0,17.1072,0.316542,0,1468,0,0.036041,0.045368,0.591657,0.0016679,-0.0326011,0.0012142,0.9994664
1788232768583137792,OK,1,0,17.0807,0.306333,0,1451,0,0.035389,0.044595,0.590640,0.0016584,-0.0325394,0.0012406,0.9994683
1788232768616483328,OK,1,0,17.0417,0.321584,0,1417,0,0.034600,0.044939,0.590117,0.0016559,-0.0324794,0.0011085,0.9994704
1788232768649828864,OK,1,0,16.6324,0.322167,0,1431,0,0.035777,0.046403,0.590772,0.0017772,-0.0325307,0.0011269,0.9994686
1788232768683174656,OK,1,0,16.8338,0.321292,0,1441,0,0.036298,0.044300,0.591065,0.0015570,-0.0325204,0.0012210,0.9994691
1788232768716520192,OK,1,0,16.8912,0.326375,0,1437,0,0.034748,0.044787,0.590861,0.0015915,-0.0324007,0.0010951,0.9994731
1788232768749865984,OK,1,0,17.462,0.320709,0,1460,0,0.035659,0.045373,0.590229,0.0016635,-0.0325186,0.0011441,0.9994691
1788232768783211520,OK,1,0,17.2482,0.31,0,1440,0,0.035864,0.044872,0.590854,0.0016076,-0.0325162,0.0012159,0.9994692
1788232768816557056,OK,1,0,16.4899,0.295875,0,1441,0,0.035102,0.046296,0.590428,0.0015513,-0.0326640,0.0010854,0.9994646
1788232768849902848,OK,1,0,16.8075,0.287416,0,1446,0,0.034131,0.045729,0.589640,0.0013738,-0.0324877,0.0010695,0.9994706
1788232768883248896,OK,1,0,16.8604,0.298792,0,1414,0,0.036178,0.045878,0.589074,0.0012808,-0.0325877,0.0011889,0.9994674
1788232768916593408,OK,1,0,16.7581,0.308667,0,1432,0,0.033409,0.045428,0.587281,0.0009276,-0.0327352,0.0011946,0.9994630
1788232768949939200,OK,1,0,16.9589,0.308333,0,1448,0,0.034772,0.046254,0.583670,0.0008135,-0.0329246,0.0011563,0.9994568
1788232768983284992,OK,1,0,16.6822,0.288959,0,1408,0,0.036705,0.046241,0.580590,0.0010082,-0.0329316,0.0012425,0.9994563
1788232769016630528,OK,1,0,16.7216,0.311458,0,1453,0,0.035866,0.046298,0.578124,0.0014046,-0.0327293,0.0010237,0.9994627
1788232769049976576,OK,1,0,16.7897,0.312708,0,1434,0,0.035623,0.045849,0.574677,0.0013954,-0.0330440,0.0010400,0.9994524
1788232769083322368,OK,1,0,16.8945,0.287625,0,1452,0,0.034191,0.045930,0.568623,0.0015136,-0.0330694,0.0009971,0.9994515
1788232769116668160,OK,1,0,17.0123,0.314042,0,1409,0,0.038017,0.044174,0.564760,0.0015977,-0.0332082,0.0010859,0.9994466
1788232769150013952,OK,1,0,16.8418,0.305042,0,1423,0,0.037685,0.044464,0.559272,0.0019291,-0.0329228,0.0007469,0.9994557
1788232769183359744,OK,1,0,16.5922,0.305792,0,1449,0,0.035656,0.043328,0.553589,0.0020152,-0.0328410,0.0007519,0.9994583
1788232769216705536,OK,1,0,16.88,0.296667,0,1419,0,0.034333,0.042319,0.550451,0.0020226,-0.0327610,0.0007759,0.9994609
1788232769250051584,OK,1,0,17.3598,0.308625,0,1404,0,0.036438,0.042723,0.546696,0.0019677,-0.0327561,0.0008820,0.9994611
1788232769283388928,OK,1,0,16.72,0.311458,0,1417,0,0.037332,0.041988,0.543815,0.0016457,-0.0327043,0.0010514,0.9994632
1788232769316726272,OK,1,0,17.1663,0.304958,0,1405,0,0.038049,0.041554,0.539876,0.0016095,-0.0330015,0.0013373,0.9994531
1788232769350062592,OK,1,0,18.892,0.298833,0,1412,0,0.040191,0.040983,0.536605,0.0015707,-0.0336014,0.0013811,0.9994332
1788232769383399936,OK,1,0,17.1198,0.3035,0,1415,0,0.037087,0.041860,0.531106,0.0017391,-0.0333966,0.0011167,0.9994401
1788232769416737024,OK,1,0,17.3529,0.279875,0,1407,0,0.039955,0.042357,0.528411,0.0018122,-0.0335097,0.0012410,0.9994360
1788232769450074368,OK,1,0,16.9885,0.302167,0,1438,0,0.039246,0.043473,0.523259,0.0020784,-0.0331167,0.0011129,0.9994487
1788232769483411712,OK,1,0,16.9222,0.311208,0,1451,0,0.039021,0.042390,0.518426,0.0022139,-0.0326915,0.0009783,0.9994626
1788232769516748800,OK,1,0,16.9563,0.316292,0,1445,0,0.041271,0.042393,0.512708,0.0024453,-0.0324364,0.0015160,0.9994696
1788232769550085888,OK,1,0,17.0996,0.308833,0,1422,0,0.040317,0.042992,0.506994,0.0026814,-0.0324199,0.0013350,0.9994699
1788232769583422976,OK,1,0,16.5341,0.319542,0,1396,0,0.039436,0.041045,0.503132,0.0023568,-0.0325953,0.0014283,0.9994649
1788232769616760064,OK,1,0,16.9498,0.305208,0,1414,0,0.039944,0.041003,0.500020,0.0019955,-0.0326496,0.0015692,0.9994637
1788232769650097152,OK,1,0,16.91,0.288209,0,1418,0,0.041829,0.042864,0.497858,0.0020809,-0.0331356,0.0014739,0.9994476
1788232769683433984,OK,1,0,17.3521,0.302792,0,1416,0,0.043782,0.040091,0.492109,0.0018773,-0.0338215,0.0014437,0.9994251
1788232769716771328,OK,1,0,17.3387,0.304,0,1390,0,0.042226,0.040230,0.487160,0.0018780,-0.0341095,0.0011381,0.9994157
1788232769750108160,OK,1,0,16.8017,0.306834,0,1410,0,0.042038,0.041209,0.482635,0.0017430,-0.0342314,0.0010490,0.9994119
1788232769783444992,OK,1,0,17.1025,0.296833,0,1535,0,0.042153,0.040090,0.477363,0.0017516,-0.0337679,0.0011628,0.9994275
1788232769816781056,OK,1,0,16.859,0.351958,0,1505,0,0.042630,0.039552,0.471923,0.0018625,-0.0336447,0.0013063,0.9994313
1788232769850117888,OK,1,0,17.442,0.323167,0,1634,0,0.043583,0.038862,0.465274,0.0019487,-0.0338775,0.0015577,0.9994229
1788232769883454720,OK,1,0,17.9199,0.337667,0,1586,0,0.043312,0.038811,0.460571,0.0021545,-0.0337065,0.0015559,0.9994283
1788232769916791552,OK,1,0,17.7818,0.341625,0,1550,0,0.043750,0.038285,0.453216,0.0021826,-0.0336471,0.0016155,0.9994301
1788232769950128384,OK,1,0,19.2572,0.323083,0,1548,0,0.045188,0.037731,0.448117,0.0020881,-0.0336521,0.0017117,0.9994300
1788232769983464960,OK,1,0,18.9603,0.335875,0,1531,0,0.045626,0.036629,0.441074,0.0021105,-0.0335275,0.0017624,0.9994341
1788232770016801792,OK,1,0,18.941,0.323459,0,1566,0,0.046078,0.036841,0.433806,0.0021233,-0.0333867,0.0019450,0.9994384
1788232770050138368,OK,1,0,19.3291,0.333417,0,1535,0,0.047119,0.036283,0.426765,0.0022464,-0.0334382,0.0019626,0.9994364
1788232770083475200,OK,1,0,18.9082,0.35,0,1517,0,0.049168,0.038323,0.420861,0.0029136,-0.0337345,0.0021862,0.9994242
1788232770116811776,OK,1,0,19.1885,0.359292,0,1534,0,0.047657,0.037720,0.412832,0.0030480,-0.0338776,0.0018587,0.9994196
1788232770150148352,OK,1,0,19.2892,0.339834,0,1542,0,0.046822,0.037765,0.407961,0.0027448,-0.0340224,0.0015192,0.9994162
1788232770183484928,OK,1,0,18.2237,0.330791,0,1502,0,0.045511,0.036474,0.401665,0.0020620,-0.0335663,0.0017343,0.9994329
1788232770216821504,OK,1,0,20.2789,0.338583,0,1511,0,0.047378,0.034579,0.395943,0.0016606,-0.0332274,0.0020072,0.9994444
1788232770250157056,OK,1,0,18.6519,0.344958,0,1520,0,0.051345,0.035684,0.391929,0.0018160,-0.0337560,0.0023561,0.9994257
1788232770283493120,OK,1,0,21.4143,0.336833,0,1500,0,0.050950,0.036733,0.386098,0.0017626,-0.0342541,0.0027732,0.9994078
1788232770316829440,OK,1,0,18.3637,0.353375,0,1491,0,0.051593,0.036913,0.378816,0.0016193,-0.0341099,0.0025571,0.9994135
1788232770350165248,OK,1,0,18.1564,0.344542,0,1500,0,0.053504,0.036350,0.374534,0.0012301,-0.0340827,0.0023153,0.9994156
1788232770383501312,OK,1,0,21.2337,0.371458,0,1487,0,0.050649,0.037119,0.367029,0.0009682,-0.0341155,0.0019614,0.9994155
1788232770416837120,OK,1,0,19.0422,0.34575,0,1508,0,0.051448,0.037484,0.361144,0.0008690,-0.0345836,0.0018306,0.9993998
1788232770450173184,OK,1,0,21.46,0.35225,0,1509,0,0.050355,0.038197,0.354325,0.0010341,-0.0346945,0.0017382,0.9993959
1788232770483508736,OK,1,0,18.7446,0.326,0,1512,0,0.052009,0.037170,0.348090,0.0007172,-0.0347945,0.0017085,0.9993928
1788232770516844544,OK,1,0,20.7792,0.351167,0,1525,0,0.052592,0.037958,0.340444,0.0003769,-0.0349587,0.0016899,0.9993873
1788232770550180352,OK,1,0,19.8868,0.353583,0,1524,0,0.053153,0.037444,0.333914,0.0001792,-0.0348033,0.0016181,0.9993929
1788232770583515904,OK,1,0,18.7153,0.346666,0,1466,0,0.056839,0.036792,0.327403,-0.0000382,-0.0347558,0.0018828,0.9993941
1788232770616851456,OK,1,0,20.3849,0.348375,0,1509,0,0.056912,0.036613,0.322848,-0.0000315,-0.0348333,0.0021901,0.9993908
1788232770650187264,OK,1,0,19.7533,0.3515,0,1507,0,0.056146,0.036554,0.313841,-0.0000302,-0.0348476,0.0023974,0.9993898
1788232770683521792,OK,1,0,20.7491,0.324625,0,1505,0,0.057631,0.033897,0.306874,-0.0000271,-0.0346692,0.0024458,0.9993959
1788232770716857088,OK,1,0,20.8561,0.382125,0,1477,0,0.057431,0.033935,0.298412,0.0002820,-0.0345648,0.0024647,0.9993994
1788232770750192640,OK,1,0,18.7226,0.333375,0,1465,0,0.058216,0.033041,0.289162,0.0005875,-0.0348558,0.0021676,0.9993898
1788232770783528192,OK,1,0,22.6362,0.353833,0,1624,0,0.057503,0.033767,0.283781,0.0009309,-0.0350939,0.0021522,0.9993813
1788232770816863232,OK,1,0,19.6755,0.340917,0,1572,0,0.056659,0.034122,0.275513,0.0013495,-0.0349593,0.0018646,0.9993861
1788232770850198784,OK,1,0,22.9386,0.333292,0,1549,0,0.058632,0.031597,0.267368,0.0014351,-0.0349858,0.0022012,0.9993844
1788232770883533824,OK,1,0,27.5741,0.343834,0,1588,0,0.060327,0.033226,0.260799,0.0014448,-0.0350557,0.0023896,0.9993815
1788232770916869120,OK,1,0,21.8855,0.338875,0,1589,0,0.060894,0.033320,0.253212,0.0013597,-0.0349383,0.0025951,0.9993852
1788232770950204416,OK,1,0,20.0095,0.337416,0,1630,0,0.061495,0.033603,0.246852,0.0013975,-0.0349275,0.0027318,0.9993852
1788232770983539200,OK,1,0,20.0887,0.344791,0,1748,0,0.061175,0.033643,0.239733,0.0012956,-0.0349581,0.0026332,0.9993845
1788232771016874496,OK,1,0,20.792,0.340125,0,1686,0,0.059922,0.032635,0.233353,0.0012318,-0.0348745,0.0021430,0.9993886
1788232771050209536,OK,1,0,18.663,0.334417,0,1671,0,0.060731,0.031438,0.223866,0.0016437,-0.0348769,0.0019991,0.9993883
1788232771083544320,OK,1,0,22.1505,0.338125,0,1639,0,0.061325,0.031554,0.217342,0.0019034,-0.0351597,0.0019443,0.9993780
1788232771116879360,OK,1,0,20.6462,0.342459,0,1661,0,0.061208,0.029822,0.208549,0.0019206,-0.0354027,0.0020099,0.9993693
1788232771150213120,OK,1,0,22.8651,0.37925,0,1643,0,0.061156,0.029420,0.200693,0.0021258,-0.0355366,0.0017637,0.9993646
1788232771183548160,OK,1,0,19.8699,0.343042,0,1634,0,0.061068,0.029658,0.193644,0.0021648,-0.0355452,0.0019077,0.9993639
1788232771216882688,OK,1,0,23.1213,0.36575,0,1616,0,0.063999,0.028679,0.188982,0.0015424,-0.0354266,0.0020713,0.9993690
1788232771250217472,OK,1,0,20.6815,0.36175,0,1629,0,0.065648,0.029126,0.181930,0.0011922,-0.0352656,0.0021367,0.9993750
1788232771283554816,OK,1,0,20.7903,0.342042,0,1647,0,0.064071,0.027839,0.175604,0.0009030,-0.0351725,0.0022176,0.9993784
1788232771316892160,OK,1,0,21.0743,0.359416,0,1660,0,0.064421,0.028558,0.168402,0.0009363,-0.0352601,0.0020316,0.9993756
1788232771350229248,OK,1,0,20.4365,0.36225,0,1625,0,0.066018,0.028121,0.161229,0.0012045,-0.0351243,0.0020479,0.9993802
1788232771383566336,OK,1,0,22.5737,0.3455,0,1609,0,0.067774,0.030108,0.154204,0.0015241,-0.0352685,0.0019847,0.9993747
1788232771416903680,OK,1,0,21.1008,0.3595,0,1605,0,0.065243,0.028433,0.145099,0.0014438,-0.0352221,0.0019157,0.9993767
1788232771450240768,OK,1,0,20.0708,0.34875,0,1597,0,0.066338,0.026992,0.136800,0.0013645,-0.0355984,0.0019169,0.9993634
1788232771483577600,OK,1,0,22.4405,0.349167,0,1597,0,0.066893,0.027462,0.130923,0.0014417,-0.0360424,0.0015756,0.9993480
1788232771516914688,OK,1,0,20.1429,0.33475,0,1619,0,0.067298,0.028333,0.123947,0.0013719,-0.0360718,0.0016365,0.9993469
1788232771550251776,OK,1,0,20.2795,0.350542,0,1628,0,0.068157,0.028508,0.118884,0.0007759,-0.0356782,0.0014788,0.9993619
1788232771583587584,OK,1,0,20.9669,0.345292,0,1582,0,0.070181,0.026345,0.113791,0.0000057,-0.0354552,0.0018377,0.9993696
1788232771616924672,OK,1,0,20.234,0.334,0,1599,0,0.070268,0.026269,0.106293,-0.0002840,-0.0356398,0.0017664,0.9993631
1788232771650261504,OK,1,0,23.5356,0.32125,0,1585,0,0.069870,0.025767,0.097847,-0.0003850,-0.0355766,0.0017560,0.9993653
1788232771683598336,OK,1,0,20.7573,0.364792,0,1587,0,0.068483,0.027574,0.088853,0.0003136,-0.0351650,0.0013755,0.9993806
1788232771716935168,OK,1,0,20.145,0.339666,0,1579,0,0.069751,0.025132,0.081686,0.0004677,-0.0352941,0.0014545,0.9993758
1788232771750272000,OK,1,0,22.6407,0.363625,0,1596,0,0.070699,0.025495,0.073545,0.0008231,-0.0357251,0.0012209,0.9993606
1788232771783608576,OK,1,0,20.1318,0.338917,0,1714,0,0.067414,0.025455,0.065064,0.0011884,-0.0356894,0.0010762,0.9993616
1788232771816945664,OK,1,0,23.4411,0.337792,0,1686,0,0.070777,0.024515,0.058431,0.0012929,-0.0359742,0.0012440,0.9993511
1788232771850282240,OK,1,0,29.3896,0.349875,0,1644,0,0.070359,0.024640,0.049505,0.0013025,-0.0356627,0.0012675,0.9993622
1788232771883618816,OK,1,0,23.7322,0.333916,0,1693,0,0.071828,0.023231,0.042560,0.0010591,-0.0355171,0.0017326,0.9993670
1788232771916955392,OK,1,0,20.2426,0.327584,0,1627,0,0.073157,0.024095,0.035206,0.0015179,-0.0354826,0.0017091,0.9993677
1788232771950291968,OK,1,0,21.0354,0.342917,0,1820,0,0.073184,0.023307,0.029473,0.0011986,-0.0354960,0.0016179,0.9993678
1788232771983628544,OK,1,0,21.1603,0.354583,0,1770,0,0.075460,0.023753,0.022334,0.0010092,-0.0355961,0.0014267,0.9993647
1788232772016964096,OK,1,0,18.9751,0.339583,0,1755,0,0.074429,0.023314,0.013801,0.0015154,-0.0352391,0.0013724,0.9993768
1788232772050300416,OK,1,0,20.7063,0.365917,0,1734,0,0.075191,0.023609,0.006088,0.0018591,-0.0352830,0.0013945,0.9993746
1788232772083636992,OK,1,0,20.4895,0.346291,0,1696,0,0.076292,0.021442,-0.000786,0.0019381,-0.0356369,0.0014199,0.9993619
1788232772116973312,OK,1,0,22.6903,0.364291,0,1690,0,0.076847,0.021714,-0.007644,0.0022408,-0.0360426,0.0015922,0.9993465
1788232772150309888,OK,1,0,20.1785,0.367125,0,1668,0,0.075570,0.020547,-0.015164,0.0031928,-0.0358856,0.0016135,0.9993495
1788232772183646208,OK,1,0,24.5475,0.336042,0,1666,0,0.075864,0.019678,-0.019199,0.0031689,-0.0357140,0.0017677,0.9993555
1788232772216982784,OK,1,0,20.6672,0.3535,0,1684,0,0.076515,0.021775,-0.021424,0.0021890,-0.0356908,0.0017312,0.9993590
1788232772250318848,OK,1,0,22.756,0.352292,0,1638,0,0.078928,0.022386,-0.022419,0.0016886,-0.0357992,0.0018737,0.9993559
1788232772283658752,OK,1,0,22.5001,0.336416,0,1660,0,0.079548,0.021735,-0.024059,0.0021268,-0.0357778,0.0019814,0.9993556
1788232772316998400,OK,1,0,21.116,0.3515,0,1640,0,0.078307,0.021390,-0.027530,0.0026852,-0.0357833,0.0018142,0.9993544
1788232772350338048,OK,1,0,19.9428,0.374667,0,1635,0,0.078801,0.022915,-0.028474,0.0029026,-0.0358094,0.0017675,0.9993529
1788232772383677696,OK,1,0,21.9001,0.358666,0,1647,0,0.079433,0.021698,-0.029138,0.0029214,-0.0357917,0.0018300,0.9993533
1788232772417017600,OK,1,0,20.3476,0.334791,0,1664,0,0.079952,0.021215,-0.027293,0.0024524,-0.0358530,0.0018475,0.9993524
1788232772450357248,OK,1,0,20.4097,0.327375,0,1666,0,0.078108,0.020495,-0.026369,0.0019926,-0.0357021,0.0019296,0.9993587
1788232772483695872,OK,1,0,21.3453,0.366416,0,1667,0,0.079061,0.021072,-0.025641,0.0021321,-0.0356897,0.0017893,0.9993591
1788232772517035520,OK,1,0,20.2462,0.348416,0,1647,0,0.076454,0.021353,-0.026571,0.0023625,-0.0355251,0.0018151,0.9993644
1788232772550375168,OK,1,0,23.0289,0.362333,0,1662,0,0.077491,0.021118,-0.023193,0.0018886,-0.0358144,0.0018295,0.9993550
1788232772583715072,OK,1,0,21.7801,0.344709,0,1679,0,0.077354,0.022142,-0.023465,0.0016893,-0.0357006,0.0017455,0.9993596
1788232772617054720,OK,1,0,20.9824,0.367166,0,1700,0,0.078912,0.022021,-0.022914,0.0018060,-0.0357826,0.0018047,0.9993564
1788232772650394624,OK,1,0,21.6058,0.368375,0,1678,0,0.078532,0.021295,-0.022618,0.0019893,-0.0357858,0.0016927,0.9993561
1788232772683734016,OK,1,0,21.4406,0.318791,0,1643,0,0.078634,0.021370,-0.024428,0.0021623,-0.0357046,0.0016957,0.9993586
1788232772717073920,OK,1,0,23.8435,0.370542,0,1651,0,0.079509,0.021168,-0.023835,0.0021259,-0.0357737,0.0017794,0.9993561
1788232772750413568,OK,1,0,21.203,0.377959,0,1648,0,0.079137,0.021209,-0.023605,0.0020933,-0.0357725,0.0018193,0.9993562
1788232772783753216,OK,1,0,21.2044,0.345791,0,1776,0,0.077034,0.022726,-0.024662,0.0022441,-0.0356202,0.0016198,0.9993616
1788232772817093120,OK,1,0,23.026,0.347625,0,1738,0,0.078594,0.021083,-0.024109,0.0020140,-0.0357502,0.0018595,0.9993570
1788232772850432512,OK,1,0,23.1614,0.337875,0,1826,0,0.079854,0.023301,-0.022365,0.0020240,-0.0358667,0.0016693,0.9993532
1788232772883772416,OK,1,0,24.0134,0.36125,0,1786,0,0.080318,0.021463,-0.020308,0.0018311,-0.0358801,0.0018593,0.9993527
1788232772917111040,OK,1,0,21.1258,0.375791,0,1806,0,0.079603,0.021446,-0.022054,0.0019711,-0.0358421,0.0017434,0.9993540
1788232772950450688,OK,1,0,21.2655,0.362917,0,1921,0,0.078960,0.022257,-0.023191,0.0021344,-0.0357716,0.0017280,0.9993562
1788232772983790592,OK,1,0,22.5655,0.34225,0,1866,0,0.077729,0.022131,-0.023783,0.0021862,-0.0356656,0.0016991,0.9993600
1788232773017130240,OK,1,0,21.6547,0.319334,0,1857,0,0.077662,0.021882,-0.023574,0.0021371,-0.0356675,0.0016265,0.9993601
1788232773050469632,OK,1,0,24.465,0.345334,0,1852,0,0.078997,0.020982,-0.022517,0.0018882,-0.0358263,0.0018361,0.9993546
1788232773083809536,OK,1,0,21.8463,0.357208,0,1867,0,0.079015,0.020800,-0.022345,0.0018104,-0.0358143,0.0017829,0.9993553
1788232773117149184,OK,1,0,21.0294,0.327666,0,1859,0,0.079667,0.021414,-0.022205,0.0019309,-0.0358310,0.0018314,0.9993543
1788232773150488832,OK,1,0,22.4301,0.362125,0,1880,0,0.077371,0.020485,-0.023625,0.0018963,-0.0356746,0.0017391,0.9993601
1788232773183828736,OK,1,0,21.2521,0.34525,0,1837,0,0.077627,0.022713,-0.024019,0.0021944,-0.0356532,0.0016359,0.9993605
1788232773217168128,OK,1,0,22.9361,2.34,0,1863,0,0.076912,0.021528,-0.025241,0.0021346,-0.0356285,0.0015922,0.9993616
1788232773250507776,OK,1,0,23.2205,0.343166,0,1889,0,0.078270,0.022314,-0.023104,0.0021086,-0.0357518,0.0017275,0.9993570
1788232773283848192,OK,1,0,24.9164,0.333292,0,1842,0,0.078660,0.021422,-0.023506,0.0019863,-0.0358226,0.0017187,0.9993547
1788232773317188352,OK,1,0,22.2334,0.330333,0,1854,0,0.078826,0.021968,-0.022258,0.0020580,-0.0358187,0.0017080,0.9993547
1788232773350527488,OK,1,0,22.5127,0.332334,0,1835,0,0.079350,0.020482,-0.022451,0.0017750,-0.0358143,0.0018653,0.9993551
1788232773383867904,OK,1,0,24.326,0.39025,0,1860,0,0.077633,0.022552,-0.024477,0.0021671,-0.0356751,0.0017148,0.9993596
1788232773417208064,OK,1,0,23.2455,0.355459,0,1873,0,0.078786,0.021729,-0.023506,0.0020892,-0.0357890,0.0016536,0.9993559
1788232773450548224,OK,1,0,21.6011,0.318958,0,1835,0,0.079755,0.021279,-0.022912,0.0020179,-0.0358590,0.0018499,0.9993531
1788232773483888640,OK,1,0,21.5319,0.339708,0,1829,0,0.079158,0.021927,-0.023931,0.0020874,-0.0357935,0.0016992,0.9993556
1788232773517228800,OK,1,0,21.0948,0.346959,0,1839,0,0.078866,0.021752,-0.023038,0.0019873,-0.0357841,0.0017998,0.9993560
1788232773550569216,OK,1,0,23.9312,0.354209,0,1843,0,0.078815,0.021881,-0.023503,0.0020271,-0.0357923,0.0017068,0.9993557
1788232773583909376,OK,1,0,23.4186,0.325916,0,1843,0,0.077199,0.021000,-0.024263,0.0019560,-0.0356543,0.0016534,0.9993609
1788232773617249536,OK,1,0,22.6735,0.332459,0,1835,0,0.077996,0.022249,-0.024584,0.0020842,-0.0357272,0.0016765,0.9993580
1788232773650589952,OK,1,0,24.2115,0.354083,0,1837,0,0.078516,0.021571,-0.023945,0.0020610,-0.0357596,0.0017435,0.9993568
1788232773683930112,OK,1,0,22.5908,0.34875,0,1839,0,0.079073,0.021873,-0.023399,0.0020262,-0.0358363,0.0017597,0.9993541
1788232773717270528,OK,1,0,24.4888,0.3265,0,1850,0,0.079338,0.023027,-0.023038,0.0021700,-0.0358698,0.0016941,0.9993527
1788232773750610944,OK,1,0,23.6663,0.352833,0,1835,0,0.079686,0.021345,-0.023232,0.0019461,-0.0358782,0.0017264,0.9993528
1788232773783950848,OK,1,0,21.4312,0.352583,0,1924,0,0.077987,0.022921,-0.023818,0.0021195,-0.0357088,0.0016038,0.9993587
1788232773817290240,OK,1,0,25.9432,0.358625,0,1902,0,0.077131,0.022063,-0.024266,0.0020715,-0.0356582,0.0016893,0.9993605
1788232773850630656,OK,1,0,28.3614,0.36525,0,1912,0,0.079540,0.021955,-0.023114,0.0021082,-0.0357745,0.0016207,0.9993563
1788232773883971072,OK,1,0,23.6616,0.315209,0,1922,0,0.078701,0.022272,-0.024490,0.0021404,-0.0357699,0.0016583,0.9993564
1788232773917311232,OK,1,0,22.3446,0.338875,0,1930,0,0.078310,0.021037,-0.024533,0.0020294,-0.0356993,0.0017027,0.9993591
