1788232622.214401960 0.000000 0.000000 0.000000 -0.000000 -0.000000 -0.000000 1.000000
1788232622.247753620 0.000142 -0.000213 0.000030 -0.000023 0.000008 0.000005 1.000000
1788232622.281104803 -0.000267 -0.000472 -0.000291 -0.000074 0.000049 -0.000007 1.000000
1788232622.314456463 0.000698 0.000064 0.000280 -0.000033 -0.000051 -0.000008 1.000000
1788232622.347807884 0.000201 -0.000707 0.000096 -0.000118 -0.000008 0.000020 1.000000
1788232622.381159782 -0.000660 -0.000419 -0.000387 -0.000056 0.000053 -0.000023 1.000000
1788232622.414511442 -0.000280 0.000162 -0.000245 0.000013 0.000043 -0.000009 1.000000
1788232622.447863102 -0.000645 0.000008 -0.000240 -0.000019 0.000067 -0.000056 1.000000
1788232622.481215000 -0.000326 -0.000105 -0.000060 -0.000011 0.000038 -0.000081 1.000000
1788232622.514567137 -0.000645 -0.000243 -0.000297 -0.000028 0.000060 -0.000049 1.000000
1788232622.547919035 -0.000476 -0.000321 -0.000527 -0.000034 0.000057 -0.000077 1.000000
1788232622.581271172 -0.001337 -0.000143 -0.000591 -0.000037 0.000105 -0.000074 1.000000
1788232622.614623070 -0.001271 -0.000160 -0.000698 -0.000040 0.000127 -0.000089 1.000000
1788232622.647974253 -0.000585 -0.000277 -0.000543 -0.000048 0.000050 -0.000007 1.000000
1788232622.681326389 -0.000061 -0.000489 -0.000276 -0.000097 0.000026 0.000029 1.000000
1788232622.714679003 -0.000251 0.000032 -0.000166 -0.000013 0.000023 -0.000032 1.000000
1788232622.748031139 -0.000681 -0.000160 -0.000436 -0.000018 0.000070 -0.000062 1.000000
1788232622.781383514 -0.000956 -0.000185 -0.000575 -0.000024 0.000089 -0.000039 1.000000
1788232622.814735889 -0.000652 0.000128 -0.000280 0.000009 0.000056 -0.000068 1.000000
1788232622.848088503 0.000375 0.000004 0.000242 -0.000026 -0.000017 -0.000043 1.000000
1788232622.881441116 -0.000114 0.000153 0.000238 -0.000011 0.000008 -0.000079 1.000000
1788232622.914793730 -0.000483 -0.000399 -0.000420 -0.000032 0.000054 -0.000039 1.000000
1788232622.948146343 0.000005 -0.000657 -0.000026 -0.000107 0.000020 0.000028 1.000000
1788232622.981499195 -0.000495 -0.000443 -0.000212 -0.000083 0.000050 0.000044 1.000000
1788232623.014852285 -0.000366 -0.000197 0.000086 -0.000048 0.000026 -0.000033 1.000000
1788232623.048204899 -0.000109 -0.000206 0.000057 -0.000047 0.000012 -0.000038 1.000000
1788232623.081551552 -0.000380 0.000099 -0.000510 0.000000 0.000032 -0.000041 1.000000
1788232623.114896774 -0.000571 -0.000002 -0.000470 0.000007 0.000047 -0.000041 1.000000
1788232623.148243666 -0.000506 -0.000353 0.000099 -0.000055 0.000088 -0.000031 1.000000
1788232623.181590080 -0.000322 -0.000043 -0.000291 -0.000023 0.000049 -0.000034 1.000000
1788232623.214936972 -0.000246 -0.000558 -0.000080 -0.000082 0.000028 0.000019 1.000000
1788232623.248283386 -0.000802 -0.000787 -0.000304 -0.000098 0.000061 -0.000002 1.000000
1788232623.281630278 -0.000145 -0.000173 -0.000001 -0.000030 0.000010 -0.000021 1.000000
1788232623.314977169 -0.000044 0.000286 -0.000048 -0.000004 0.000022 -0.000055 1.000000
1788232623.348324060 -0.000476 -0.000672 -0.000283 -0.000076 0.000058 0.000020 1.000000
1788232623.381670713 -0.000211 0.000152 0.000069 -0.000021 0.000031 -0.000048 1.000000
1788232623.415017605 -0.000499 -0.000165 -0.000469 -0.000049 0.000053 -0.000030 1.000000
1788232623.448364973 -0.000312 -0.000371 -0.000426 -0.000048 0.000037 -0.000041 1.000000
1788232623.481711626 -0.000464 -0.000267 -0.000331 -0.000045 0.000052 0.000003 1.000000
1788232623.515058994 -0.000487 -0.000166 0.000061 -0.000049 0.000070 -0.000017 1.000000
1788232623.548404932 -0.000856 -0.000204 -0.000576 -0.000021 0.000089 -0.000048 1.000000
1788232623.581752062 -0.000091 -0.000036 -0.000365 -0.000032 0.000025 0.000002 1.000000
1788232623.615099430 -0.000282 0.000077 -0.000111 -0.000024 0.000037 -0.000040 1.000000
1788232623.648446560 -0.000152 0.000086 0.000033 -0.000010 0.000032 -0.000039 1.000000
1788232623.681794167 -0.000100 0.000289 -0.000114 -0.000006 0.000013 -0.000070 1.000000
1788232623.715141296 -0.000596 0.000382 -0.000478 -0.000003 0.000041 -0.000096 1.000000
1788232623.748488665 -0.000767 0.000241 -0.000544 0.000015 0.000078 -0.000025 1.000000
1788232623.781836033 -0.000844 0.000214 -0.000378 -0.000011 0.000087 -0.000064 1.000000
1788232623.815183640 -0.000867 -0.000345 -0.000379 -0.000061 0.000075 -0.000008 1.000000
1788232623.848531008 -0.000735 0.000061 -0.000217 -0.000014 0.000072 -0.000035 1.000000
1788232623.881878853 -0.000786 -0.000205 -0.000313 -0.000025 0.000082 -0.000015 1.000000
1788232623.915226460 -0.000259 0.000110 -0.000364 -0.000001 0.000035 -0.000065 1.000000
1788232623.948574066 -0.000882 -0.000192 -0.000223 -0.000023 0.000122 -0.000032 1.000000
1788232623.981920958 -0.000864 0.000288 -0.000538 0.000024 0.000095 -0.000074 1.000000
1788232624.015268564 -0.000666 -0.000209 -0.000390 -0.000010 0.000082 -0.000060 1.000000
1788232624.048615932 -0.000671 -0.000221 -0.000538 -0.000039 0.000065 0.000009 1.000000
1788232624.081957340 -0.000861 -0.000194 -0.000298 -0.000024 0.000084 0.000003 1.000000
1788232624.115297794 -0.000059 0.000195 0.000205 -0.000004 -0.000002 -0.000039 1.000000
1788232624.148638725 -0.000830 -0.000166 -0.000528 -0.000028 0.000072 -0.000070 1.000000
1788232624.181979418 -0.000117 0.000124 -0.000372 -0.000001 -0.000010 -0.000067 1.000000
1788232624.215320349 -0.000607 -0.000276 -0.000633 -0.000032 0.000036 0.000009 1.000000
1788232624.248661280 -0.000537 -0.000175 -0.000670 -0.000037 0.000049 0.000002 1.000000
1788232624.282001972 -0.000029 -0.000683 -0.000172 -0.000071 -0.000007 0.000018 1.000000
1788232624.315342903 -0.000598 -0.000229 -0.000408 -0.000042 0.000056 -0.000053 1.000000
1788232624.348683596 -0.000900 -0.000128 -0.000360 -0.000029 0.000088 -0.000039 1.000000
1788232624.382024527 -0.000567 -0.000683 -0.000165 -0.000084 0.000056 -0.000012 1.000000
1788232624.415365219 -0.000147 0.000227 -0.000220 -0.000010 0.000007 -0.000043 1.000000
1788232624.448705196 -0.000704 -0.000306 -0.000928 -0.000036 0.000075 -0.000029 1.000000
1788232624.482046127 -0.000493 -0.000386 -0.000237 -0.000065 0.000044 -0.000009 1.000000
1788232624.515386820 -0.000043 0.000078 -0.000351 0.000001 0.000017 -0.000048 1.000000
1788232624.548727751 -0.000686 0.000225 -0.000214 0.000001 0.000108 -0.000012 1.000000
1788232624.582068682 -0.000738 -0.000192 -0.001004 0.000165 0.000040 -0.000032 1.000000
1788232624.615409374 0.000954 -0.000978 0.001097 0.000648 -0.000182 0.000041 1.000000
1788232624.648750305 0.000181 -0.001019 0.002170 0.000418 0.000033 0.000073 1.000000
1788232624.682090759 -0.001120 -0.000530 0.004742 -0.000034 0.000079 0.000079 1.000000
1788232624.715431452 -0.000377 0.001002 0.008798 0.000072 0.000005 0.000033 1.000000
1788232624.748772144 -0.001152 0.000817 0.010644 0.000052 0.000192 0.000014 1.000000
1788232624.782113075 -0.001017 0.000624 0.012645 0.000090 0.000206 0.000060 1.000000
1788232624.815454006 0.000266 0.000085 0.015497 0.000209 -0.000170 0.000000 1.000000
1788232624.848794699 -0.000688 0.000676 0.018211 0.000506 -0.000081 -0.000141 1.000000
1788232624.882134438 -0.001974 0.000614 0.019417 0.000564 0.000115 -0.000155 1.000000
1788232624.915475368 -0.001551 0.000216 0.022174 0.000359 -0.000047 -0.000163 1.000000
1788232624.948816061 -0.001015 0.000977 0.025529 0.000236 -0.000195 -0.000195 1.000000
1788232624.982156754 -0.001670 0.001188 0.028956 -0.000016 -0.000051 -0.000214 1.000000
1788232625.015497446 -0.003163 0.001227 0.031189 -0.000150 0.000091 -0.000202 1.000000
1788232625.048838139 -0.002593 0.001620 0.033559 -0.000188 0.000015 -0.000135 1.000000
1788232625.082174063 -0.000353 0.001105 0.036828 -0.000299 -0.000096 0.000017 1.000000
1788232625.115510464 -0.000817 0.002338 0.039927 -0.000214 -0.000008 0.000074 1.000000
1788232625.148846149 0.000843 0.002517 0.042665 -0.000267 -0.000150 0.000151 1.000000
1788232625.182182550 -0.000736 0.002566 0.044982 -0.000355 -0.000002 0.000139 1.000000
1788232625.215518236 0.000773 0.002398 0.048404 -0.000497 -0.000092 0.000207 1.000000
1788232625.248854399 -0.001756 0.002386 0.050270 -0.000565 0.000095 0.000125 1.000000
1788232625.282189846 -0.000181 0.002078 0.054346 -0.000513 -0.000107 0.000090 1.000000
1788232625.315525055 -0.000252 0.003515 0.056287 -0.000270 -0.000082 0.000097 1.000000
1788232625.348860741 -0.000181 0.004246 0.059885 -0.000272 -0.000082 -0.000020 1.000000
1788232625.382196665 -0.000465 0.003406 0.062336 -0.000455 -0.000104 0.000022 1.000000
1788232625.415532351 -0.000966 0.003410 0.066639 -0.000681 -0.000031 0.000022 1.000000
1788232625.448868036 -0.001663 0.004290 0.070559 -0.001002 0.000041 0.000006 1.000000
1788232625.482203722 -0.000227 0.004439 0.075573 -0.001305 -0.000048 0.000237 0.999999
1788232625.515539169 -0.001329 0.004270 0.077108 -0.001332 0.000069 0.000344 0.999999
1788232625.548874855 -0.001479 0.004264 0.080742 -0.001257 0.000132 0.000425 0.999999
1788232625.582210302 -0.000969 0.004314 0.082673 -0.001120 0.000019 0.000373 0.999999
1788232625.615545750 -0.002973 0.004613 0.084622 -0.000789 0.000156 0.000171 1.000000
1788232625.648881197 -0.003417 0.004923 0.088201 -0.000567 0.000207 0.000020 1.000000
1788232625.682216644 -0.002529 0.005403 0.091422 -0.000539 0.000099 -0.000009 1.000000
1788232625.715552092 -0.001907 0.004728 0.094855 -0.000736 -0.000014 0.000064 1.000000
1788232625.748887777 -0.002048 0.004795 0.098340 -0.000864 -0.000072 0.000048 1.000000
1788232625.782221794 -0.002185 0.005850 0.101872 -0.000948 -0.000037 -0.000037 1.000000
1788232625.815557003 -0.001711 0.006054 0.105397 -0.001115 -0.000054 -0.000126 0.999999
1788232625.848892212 -0.001227 0.005663 0.108910 -0.001173 -0.000117 0.000016 0.999999
1788232625.882227421 -0.001696 0.005113 0.110961 -0.001233 0.000013 0.000116 0.999999
1788232625.915562630 -0.001122 0.006829 0.115395 -0.001049 0.000042 0.000129 0.999999
1788232625.948897839 -0.001367 0.006299 0.117588 -0.000982 0.000057 0.000217 1.000000
1788232625.982232571 -0.001538 0.005833 0.120364 -0.000948 0.000054 0.000264 1.000000
1788232626.015568018 -0.002099 0.006251 0.122939 -0.000924 0.000105 0.000211 1.000000
1788232626.048902988 -0.001119 0.006821 0.126647 -0.000810 0.000015 0.000232 1.000000
1788232626.082247019 -0.001804 0.007160 0.129311 -0.000803 0.000010 -0.000022 1.000000
1788232626.115591049 -0.002027 0.006943 0.132467 -0.000875 0.000001 0.000011 1.000000
1788232626.148935080 -0.001025 0.006856 0.136133 -0.000988 -0.000071 0.000165 1.000000
1788232626.182279110 -0.001163 0.007329 0.140382 -0.001037 -0.000141 0.000173 0.999999
1788232626.215621948 -0.001693 0.007727 0.143460 -0.000959 -0.000133 0.000241 1.000000
1788232626.248965979 0.000233 0.008537 0.147227 -0.000844 -0.000272 0.000307 1.000000
1788232626.282310009 -0.000289 0.008112 0.150449 -0.000706 -0.000239 0.000347 1.000000
1788232626.315654278 0.000204 0.007058 0.152433 -0.000571 -0.000248 0.000413 1.000000
1788232626.348998308 -0.000636 0.008635 0.155774 -0.000207 -0.000222 0.000371 1.000000
1788232626.382342339 -0.000092 0.007954 0.158041 -0.000068 -0.000363 0.000365 1.000000
1788232626.415686607 -0.000182 0.008630 0.160588 0.000175 -0.000367 0.000392 1.000000
1788232626.449030399 -0.000576 0.008285 0.163506 0.000183 -0.000299 0.000455 1.000000
1788232626.482374430 -0.001818 0.007943 0.166668 0.000226 -0.000198 0.000476 1.000000
1788232626.515718699 -0.001446 0.007948 0.169091 0.000293 -0.000286 0.000565 1.000000
1788232626.549062729 -0.000375 0.008435 0.173264 0.000417 -0.000319 0.000672 1.000000
1788232626.582406998 -0.001033 0.008367 0.175146 0.000454 -0.000152 0.000816 1.000000
1788232626.615751266 0.000879 0.008441 0.179025 0.000548 -0.000245 0.000972 0.999999
1788232626.649094582 0.001129 0.008970 0.182465 0.000575 -0.000284 0.001154 0.999999
1788232626.682438850 -0.000567 0.008723 0.183390 0.000629 0.000017 0.001240 0.999999
1788232626.715783119 0.000873 0.008975 0.187363 0.000720 -0.000005 0.001278 0.999999
1788232626.749127388 0.000271 0.009508 0.190641 0.000855 0.000036 0.001170 0.999999
1788232626.782471418 0.001171 0.010659 0.194021 0.001058 -0.000080 0.001100 0.999999
1788232626.815815687 0.000427 0.009787 0.196536 0.001104 0.000036 0.001102 0.999999
1788232626.849160194 0.002088 0.009491 0.200417 0.001118 -0.000105 0.001210 0.999999
1788232626.882504463 0.000609 0.008683 0.202843 0.001201 -0.000044 0.001238 0.999999
1788232626.915848970 0.000578 0.009308 0.206307 0.001243 0.000010 0.001268 0.999998
1788232626.949193239 0.001272 0.009678 0.210124 0.001146 -0.000041 0.001305 0.999999
1788232626.982537508 0.000364 0.009754 0.213101 0.001034 0.000063 0.001396 0.999999
1788232627.015881777 0.000775 0.009678 0.216024 0.001006 0.000030 0.001489 0.999998
1788232627.049226284 0.001351 0.010559 0.219130 0.001153 -0.000046 0.001518 0.999998
1788232627.082571030 0.000082 0.010293 0.222571 0.001361 0.000060 0.001504 0.999998
1788232627.115914822 0.001980 0.010300 0.226132 0.001538 -0.000084 0.001404 0.999998
1788232627.149259567 0.000979 0.011235 0.229334 0.001698 -0.000077 0.001302 0.999998
1788232627.182604551 0.000619 0.010260 0.233309 0.001602 -0.000069 0.001312 0.999998
1788232627.215949535 0.000705 0.010092 0.236779 0.001444 -0.000074 0.001282 0.999998
1788232627.249294043 0.000079 0.010944 0.240553 0.001260 -0.000062 0.001375 0.999998
1788232627.282638788 0.000188 0.011905 0.245124 0.001395 0.000062 0.001438 0.999998
1788232627.315983772 0.003257 0.012501 0.250335 0.001597 -0.000087 0.001640 0.999997
1788232627.349328518 0.002568 0.011858 0.254209 0.001539 0.000057 0.001728 0.999997
1788232627.382673264 0.001891 0.011362 0.257849 0.001585 0.000126 0.001765 0.999997
1788232627.416018009 0.001062 0.012284 0.261585 0.001820 0.000201 0.001516 0.999997
1788232627.449362755 0.002399 0.012059 0.267178 0.001619 0.000063 0.001452 0.999998
1788232627.482707500 -0.000651 0.012597 0.271720 0.001433 0.000163 0.001158 0.999998
1788232627.516052246 0.001056 0.012995 0.277702 0.001249 -0.000010 0.001055 0.999999
1788232627.549396276 0.000032 0.013100 0.281259 0.001062 0.000086 0.001030 0.999999
1788232627.582741022 0.001984 0.013901 0.287900 0.000888 -0.000049 0.001196 0.999999
1788232627.616085768 0.002433 0.015413 0.292468 0.001173 -0.000108 0.001264 0.999999
1788232627.649430990 0.001366 0.014590 0.295981 0.001380 -0.000058 0.001230 0.999998
1788232627.682775497 0.000085 0.014809 0.300409 0.001346 0.000018 0.001170 0.999998
1788232627.716120243 0.000303 0.014711 0.304651 0.001125 -0.000077 0.000996 0.999999
1788232627.749465227 -0.001047 0.015624 0.310000 0.001102 -0.000147 0.000680 0.999999
1788232627.782809973 -0.001139 0.016344 0.315844 0.000961 -0.000090 0.000721 0.999999
1788232627.816154957 -0.000957 0.016513 0.320711 0.000803 0.000130 0.000977 0.999999
1788232627.849499464 0.000157 0.017061 0.326354 0.000788 0.000165 0.001283 0.999999
1788232627.882844448 0.000836 0.016731 0.330001 0.000823 0.000165 0.001493 0.999999
1788232627.916189194 -0.000114 0.015382 0.333767 0.000737 0.000154 0.001421 0.999999
1788232627.949534178 -0.000534 0.016612 0.338130 0.000754 0.000169 0.001108 0.999999
1788232627.982877970 -0.000425 0.017874 0.344699 0.000796 0.000071 0.000692 0.999999
1788232628.016222715 -0.000896 0.018203 0.351637 0.000484 -0.000071 0.000716 1.000000
1788232628.049567938 -0.000080 0.019098 0.357523 0.000135 -0.000033 0.000685 1.000000
1788232628.082902193 0.001488 0.018009 0.362661 -0.000166 -0.000013 0.001133 0.999999
1788232628.116236925 0.000793 0.018299 0.367230 -0.000328 0.000204 0.001362 0.999999
1788232628.149571419 0.000025 0.019076 0.371649 -0.000304 0.000307 0.001367 0.999999
1788232628.182905912 -0.000642 0.020027 0.375684 -0.000150 0.000240 0.001018 0.999999
1788232628.216240168 -0.001834 0.019590 0.381067 -0.000103 0.000146 0.000625 1.000000
1788232628.249574423 -0.001350 0.019699 0.386203 -0.000125 0.000113 0.000589 1.000000
1788232628.282909155 -0.002199 0.020149 0.391020 -0.000154 0.000313 0.000730 1.000000
1788232628.316243410 -0.001112 0.020146 0.394912 -0.000379 0.000450 0.001132 0.999999
1788232628.349577665 0.001380 0.020896 0.400748 -0.000437 0.000339 0.001385 0.999999
1788232628.382911682 -0.000762 0.022424 0.405146 -0.000313 0.000523 0.001471 0.999999
1788232628.416245699 -0.000683 0.023112 0.410550 -0.000266 0.000464 0.001250 0.999999
1788232628.449578524 -0.001537 0.021261 0.415373 -0.000392 0.000468 0.000955 0.999999
1788232628.482912540 -0.001150 0.021055 0.420364 -0.000563 0.000453 0.000778 0.999999
1788232628.516246557 -0.000994 0.021877 0.426130 -0.000623 0.000369 0.000903 0.999999
1788232628.549580574 -0.000959 0.022203 0.431811 -0.000671 0.000487 0.001047 0.999999
1788232628.582914352 -0.002150 0.023553 0.435599 -0.000575 0.000674 0.001177 0.999999
1788232628.616248131 -0.002400 0.024983 0.442433 -0.000483 0.000706 0.001195 0.999999
1788232628.649581909 -0.000318 0.024696 0.446269 -0.000503 0.000503 0.001068 0.999999
1788232628.682915688 0.001011 0.025377 0.452540 -0.000408 0.000264 0.000724 1.000000
1788232628.716249228 -0.003683 0.024903 0.457425 -0.000403 0.000471 0.000353 1.000000
1788232628.749582767 -0.003224 0.023809 0.461563 -0.000362 0.000486 0.000254 1.000000
1788232628.782916307 -0.000605 0.023314 0.466609 -0.000227 0.000551 0.000647 1.000000
1788232628.816249609 -0.001533 0.023614 0.471952 -0.000037 0.000729 0.000942 0.999999
1788232628.849583149 0.001285 0.023191 0.476248 0.000359 0.000566 0.001093 0.999999
1788232628.882915497 -0.000308 0.024292 0.480237 0.000635 0.000762 0.000776 0.999999
1788232628.916248798 -0.001621 0.023021 0.485813 0.000492 0.000738 0.000476 1.000000
1788232628.949581861 -0.003168 0.023200 0.489991 0.000371 0.000679 0.000139 1.000000
1788232628.982915163 -0.004313 0.023952 0.497447 0.000365 0.000790 0.000013 1.000000
1788232629.016248465 -0.001189 0.026010 0.503075 0.000278 0.000761 0.000260 1.000000
1788232629.049581528 -0.001909 0.026814 0.509874 0.000333 0.000798 0.000497 1.000000
1788232629.082916260 -0.003016 0.025215 0.513528 0.000559 0.000895 0.000523 0.999999
1788232629.116250515 -0.002319 0.026390 0.519371 0.000855 0.000879 0.000332 0.999999
1788232629.149585009 -0.004564 0.028325 0.524108 0.000847 0.000968 0.000006 0.999999
1788232629.182919502 -0.003875 0.028624 0.530306 0.000772 0.000753 -0.000222 0.999999
1788232629.216253996 -0.004230 0.025480 0.535742 0.000481 0.000877 -0.000383 0.999999
1788232629.249588251 -0.004191 0.025931 0.540212 0.000475 0.001088 -0.000176 0.999999
1788232629.282922268 -0.002310 0.025985 0.548007 0.000364 0.000990 0.000050 0.999999
1788232629.316255569 -0.002299 0.027136 0.554808 0.000447 0.000843 0.000074 1.000000
1788232629.349589825 -0.003831 0.027358 0.559563 0.000375 0.000918 0.000099 1.000000
1788232629.382923841 -0.003678 0.027876 0.565320 0.000217 0.000937 -0.000098 1.000000
1788232629.416258097 -0.004788 0.027550 0.570916 -0.000126 0.000984 -0.000162 1.000000
1788232629.449592113 -0.003629 0.029639 0.581465 -0.000137 0.000876 -0.000064 1.000000
1788232629.482926130 -0.004321 0.030023 0.586730 -0.000070 0.001005 0.000096 1.000000
1788232629.516259909 -0.004863 0.030464 0.591211 -0.000067 0.001139 -0.000040 0.999999
1788232629.549593925 -0.003665 0.030294 0.596281 -0.000147 0.000909 -0.000223 1.000000
1788232629.582927704 -0.004701 0.031576 0.599466 -0.000055 0.000902 -0.000373 1.000000
1788232629.616261244 -0.004770 0.032569 0.608943 0.000045 0.000998 -0.000336 0.999999
1788232629.649595022 -0.005638 0.030934 0.612930 0.000026 0.001170 -0.000312 0.999999
1788232629.682928562 -0.007989 0.031536 0.618457 0.000102 0.001273 -0.000320 0.999999
1788232629.716262102 -0.005213 0.032206 0.627248 0.000134 0.001043 -0.000406 0.999999
1788232629.749595404 -0.006165 0.031146 0.632032 0.000066 0.001180 -0.000468 0.999999
1788232629.782927990 -0.006944 0.032406 0.637780 0.000117 0.001130 -0.000438 0.999999
1788232629.816261530 -0.003923 0.033594 0.641114 0.000011 0.000946 -0.000094 1.000000
1788232629.849594831 -0.002059 0.034908 0.649568 0.000032 0.000822 0.000120 1.000000
1788232629.882927895 -0.003877 0.036174 0.654916 0.000267 0.001023 0.000208 0.999999
1788232629.916261196 -0.004584 0.035858 0.660745 0.000380 0.001079 0.000371 0.999999
1788232629.949594498 -0.005846 0.035062 0.665599 0.000329 0.001089 0.000358 0.999999
1788232629.982927799 -0.005761 0.035676 0.673505 0.000424 0.000979 0.000306 0.999999
1788232630.016260862 -0.006983 0.034839 0.677222 0.000367 0.001132 0.000185 0.999999
1788232630.049593925 -0.006267 0.034651 0.684192 0.000333 0.001240 0.000289 0.999999
1788232630.082928658 -0.003899 0.035891 0.690611 0.000273 0.001047 0.000573 0.999999
1788232630.116263866 -0.005328 0.037794 0.695977 0.000410 0.001164 0.000471 0.999999
1788232630.149598598 -0.004069 0.036656 0.700678 0.000204 0.001087 0.000476 0.999999
1788232630.182933092 -0.004544 0.037392 0.706902 0.000085 0.001142 0.000500 0.999999
1788232630.216266870 -0.003290 0.034241 0.712025 -0.000280 0.001169 0.000625 0.999999
1788232630.249601603 -0.006688 0.035453 0.718497 -0.000323 0.001485 0.000651 0.999999
1788232630.282936096 -0.005856 0.037395 0.726289 -0.000317 0.001382 0.000851 0.999999
1788232630.316271067 -0.003888 0.038978 0.730922 -0.000166 0.001316 0.001020 0.999999
1788232630.349605322 -0.002938 0.040275 0.738212 0.000106 0.001270 0.000975 0.999999
1788232630.382939816 -0.003940 0.040059 0.741413 0.000116 0.001232 0.000725 0.999999
1788232630.416274071 -0.005035 0.040759 0.748481 0.000143 0.001242 0.000760 0.999999
1788232630.449608564 -0.006225 0.041584 0.757224 0.000192 0.001473 0.000785 0.999999
1788232630.482942820 -0.007435 0.042225 0.763130 0.000215 0.001762 0.000773 0.999998
1788232630.516276836 0.006135 0.041822 0.762357 0.000084 0.000368 0.001254 0.999999
1788232630.549611092 0.004996 0.042620 0.768998 0.000182 0.000369 0.001134 0.999999
1788232630.582945347 0.006456 0.042380 0.774454 0.000093 0.000225 0.001167 0.999999
1788232630.616279364 0.006165 0.042980 0.781199 0.000038 0.000306 0.001064 0.999999
1788232630.649612427 0.006984 0.043006 0.787066 -0.000117 0.000258 0.001109 0.999999
1788232630.682946444 0.006584 0.042838 0.792967 -0.000264 0.000293 0.001116 0.999999
1788232630.716280460 0.007418 0.043247 0.798710 -0.000087 0.000312 0.001152 0.999999
1788232630.749614239 0.006638 0.045134 0.804756 0.000172 0.000384 0.000942 1.000000
1788232630.782948256 0.005260 0.044089 0.808913 0.000119 0.000402 0.000657 1.000000
1788232630.816282034 0.003560 0.044054 0.815317 -0.000016 0.000426 0.000395 1.000000
1788232630.849615574 0.003922 0.044359 0.820169 -0.000124 0.000450 0.000268 1.000000
1788232630.882948875 0.003678 0.045380 0.826871 -0.000029 0.000631 0.000179 1.000000
1788232630.916282654 0.004066 0.046493 0.833433 -0.000020 0.000544 0.000217 1.000000
1788232630.949616194 0.004962 0.047226 0.839519 -0.000213 0.000381 0.000312 1.000000
1788232630.982949734 0.004423 0.047910 0.846834 -0.000582 0.000411 0.000150 1.000000
1788232631.016283274 0.003933 0.048428 0.854055 -0.001071 0.000468 0.000088 0.999999
1788232631.049616575 0.002423 0.048603 0.860322 -0.001374 0.000647 0.000074 0.999999
1788232631.082955122 0.003374 0.049151 0.867672 -0.001369 0.000636 0.000030 0.999999
1788232631.116292715 0.003978 0.049995 0.873371 -0.001235 0.000615 0.000050 0.999999
1788232631.149631023 0.001310 0.049058 0.879486 -0.001403 0.000869 -0.000201 0.999999
1788232631.182969570 -0.000692 0.049488 0.885569 -0.001399 0.000788 -0.000546 0.999999
1788232631.216307878 -0.001034 0.050104 0.891102 -0.001379 0.000812 -0.000813 0.999998
1788232631.249646187 -0.001524 0.050632 0.897801 -0.001538 0.000985 -0.000974 0.999998
1788232631.282984495 -0.000744 0.051319 0.905258 -0.001663 0.000850 -0.000973 0.999998
1788232631.316323042 0.000110 0.052927 0.912427 -0.001865 0.000701 -0.001089 0.999997
1788232631.349661350 -0.000711 0.052322 0.918687 -0.002421 0.000757 -0.001117 0.999996
1788232631.382999659 -0.001306 0.053206 0.926788 -0.002587 0.000702 -0.001011 0.999996
1788232631.416337967 -0.001479 0.053063 0.932971 -0.002598 0.000788 -0.000987 0.999996
1788232631.449676037 -0.000922 0.053408 0.938955 -0.002449 0.000790 -0.000848 0.999996
1788232631.483014584 0.001018 0.054220 0.945325 -0.002163 0.000700 -0.000611 0.999997
1788232631.516352892 0.000347 0.053488 0.950249 -0.001924 0.000674 -0.000768 0.999998
1788232631.549690247 -0.000391 0.053764 0.956399 -0.001785 0.000518 -0.000837 0.999998
1788232631.583028555 -0.000094 0.053331 0.963017 -0.001850 0.000418 -0.001004 0.999998
1788232631.616366625 0.000244 0.053948 0.969889 -0.001781 0.000495 -0.001072 0.999998
1788232631.649705172 0.000235 0.055331 0.976211 -0.001836 0.000707 -0.000943 0.999998
1788232631.683043718 -0.001218 0.056630 0.982041 -0.001796 0.000831 -0.000754 0.999998
1788232631.716382027 0.000140 0.057679 0.989272 -0.001811 0.000662 -0.000765 0.999998
1788232631.749720097 -0.000850 0.057517 0.995430 -0.001857 0.000596 -0.000877 0.999998
1788232631.783058643 -0.000959 0.057878 1.002401 -0.001831 0.000568 -0.001004 0.999998
1788232631.816396713 0.000311 0.057009 1.009208 -0.001974 0.000570 -0.000925 0.999997
1788232631.849735022 -0.001044 0.056980 1.014799 -0.001947 0.000686 -0.000944 0.999997
1788232631.883073330 -0.002665 0.057489 1.021091 -0.001933 0.000742 -0.000835 0.999998
1788232631.916411400 -0.002342 0.058865 1.028306 -0.002042 0.000613 -0.001194 0.999997
1788232631.949749947 -0.004050 0.059645 1.034951 -0.002249 0.000552 -0.001247 0.999997
1788232631.983087063 -0.001920 0.061444 1.042014 -0.002212 0.000473 -0.001248 0.999997
1788232632.016425371 -0.001490 0.062092 1.049229 -0.002360 0.000605 -0.001072 0.999996
1788232632.049763441 -0.001078 0.061568 1.055476 -0.002639 0.000521 -0.000887 0.999996
1788232632.083100796 -0.001911 0.062441 1.062773 -0.002848 0.000483 -0.000817 0.999996
1788232632.116437912 -0.000283 0.062650 1.070475 -0.003088 0.000401 -0.000913 0.999995
1788232632.149775028 -0.001473 0.063765 1.077887 -0.003213 0.000610 -0.000882 0.999994
1788232632.183112144 -0.000802 0.063358 1.084411 -0.003163 0.000539 -0.000791 0.999995
1788232632.216449022 -0.000036 0.063989 1.091765 -0.003002 0.000476 -0.000765 0.999995
1788232632.249785900 -0.001589 0.065100 1.097625 -0.002924 0.000519 -0.001061 0.999995
1788232632.283123016 -0.002923 0.065110 1.103207 -0.003062 0.000474 -0.001310 0.999994
1788232632.316460133 -0.000728 0.065498 1.110970 -0.003088 0.000335 -0.001313 0.999994
1788232632.349797010 -0.001248 0.064348 1.117182 -0.003345 0.000554 -0.001166 0.999994
1788232632.383133888 0.000505 0.065443 1.125657 -0.003369 0.000339 -0.001001 0.999994
1788232632.416471004 0.000036 0.065503 1.131050 -0.003550 0.000346 -0.000971 0.999993
1788232632.449806690 0.000460 0.066695 1.139453 -0.003735 0.000324 -0.000919 0.999993
1788232632.483143806 0.000061 0.066550 1.145651 -0.003719 0.000356 -0.000902 0.999993
1788232632.516480446 -0.002667 0.065572 1.150182 -0.003519 0.000501 -0.000867 0.999993
1788232632.549817085 -0.001718 0.068013 1.158341 -0.002971 0.000354 -0.000702 0.999995
1788232632.583153963 -0.000829 0.068010 1.162632 -0.002727 0.000238 -0.000729 0.999996
1788232632.616490602 -0.000232 0.068233 1.169204 -0.002555 0.000161 -0.000732 0.999996
1788232632.649827242 -0.000411 0.066884 1.175969 -0.002575 0.000126 -0.000582 0.999997
1788232632.683164120 -0.000732 0.068309 1.185422 -0.002483 0.000291 -0.000342 0.999997
1788232632.716500521 -0.000686 0.067447 1.188499 -0.002677 0.000542 0.000010 0.999996
1788232632.749837160 -0.000205 0.068100 1.196686 -0.002745 0.000607 0.000118 0.999996
1788232632.783174038 0.000434 0.068961 1.203537 -0.002724 0.000475 0.000101 0.999996
1788232632.816510677 -0.000470 0.069836 1.210695 -0.002691 0.000442 0.000001 0.999996
1788232632.849847078 -0.000819 0.071666 1.217570 -0.002501 0.000553 -0.000048 0.999997
1788232632.883182526 0.001786 0.073442 1.224836 -0.002179 0.000497 0.000003 0.999997
1788232632.916519165 0.003465 0.073244 1.232147 -0.002023 0.000235 0.000091 0.999998
1788232632.949855566 0.001738 0.072395 1.237470 -0.002170 0.000292 -0.000038 0.999998
1788232632.983191967 0.001463 0.072649 1.245567 -0.002294 0.000298 -0.000196 0.999997
1788232633.016528606 0.001628 0.072793 1.252084 -0.002249 0.000263 -0.000248 0.999997
1788232633.049864769 0.004056 0.073238 1.258868 -0.002231 0.000230 -0.000116 0.999997
1788232633.083206654 0.003806 0.073278 1.265450 -0.002242 0.000407 0.000057 0.999997
1788232633.116548300 0.002866 0.074560 1.271745 -0.002151 0.000324 -0.000035 0.999998
1788232633.149889946 0.001102 0.074789 1.277832 -0.002208 0.000376 -0.000477 0.999997
1788232633.183231831 -0.000210 0.073743 1.285135 -0.002467 0.000486 -0.000595 0.999997
1788232633.216573238 -0.000232 0.074273 1.291241 -0.002622 0.000542 -0.000668 0.999996
1788232633.249915361 0.000361 0.074576 1.297815 -0.002585 0.000444 -0.000556 0.999996
1788232633.283256769 0.000069 0.075069 1.303929 -0.002417 0.000386 -0.000411 0.999997
1788232633.316597700 0.001235 0.076324 1.311316 -0.002317 0.000173 -0.000614 0.999997
1788232633.349939108 0.000095 0.076224 1.317347 -0.002248 0.000282 -0.000637 0.999997
1788232633.383280754 -0.000454 0.075185 1.323592 -0.002171 0.000560 -0.000569 0.999997
1788232633.416622400 0.000035 0.075238 1.330511 -0.002035 0.000593 -0.000591 0.999998
1788232633.449964046 0.000454 0.077079 1.335877 -0.001793 0.000518 -0.000629 0.999998
1788232633.483305931 -0.001201 0.077540 1.344187 -0.001893 0.000492 -0.000618 0.999998
1788232633.516647577 -0.000159 0.076547 1.350898 -0.002149 0.000558 -0.000844 0.999997
1788232633.549989223 0.000823 0.075607 1.358852 -0.002530 0.000448 -0.000791 0.999996
1788232633.583330870 -0.000128 0.075738 1.365376 -0.002698 0.000463 -0.000560 0.999996
1788232633.616672277 -0.002113 0.077705 1.371039 -0.002490 0.000775 -0.000478 0.999996
1788232633.650014162 -0.002236 0.079034 1.377653 -0.002298 0.000641 -0.000785 0.999997
1788232633.683355808 -0.001452 0.079104 1.385478 -0.002155 0.000503 -0.000997 0.999997
1788232633.716697454 -0.002836 0.078151 1.390149 -0.002090 0.000744 -0.000982 0.999997
1788232633.750038862 -0.002468 0.078885 1.396764 -0.001759 0.000956 -0.000922 0.999998
1788232633.783379793 -0.002355 0.078845 1.401140 -0.001557 0.000854 -0.000780 0.999998
1788232633.816721201 -0.000558 0.078137 1.412296 -0.001585 0.000695 -0.000631 0.999998
1788232633.850062847 -0.000679 0.078879 1.419187 -0.001611 0.000818 -0.000733 0.999998
1788232633.883404493 -0.002095 0.079613 1.425743 -0.001579 0.000957 -0.000920 0.999998
1788232633.916745901 -0.001886 0.080043 1.433582 -0.001631 0.000914 -0.000907 0.999998
1788232633.950087786 -0.001924 0.079739 1.440183 -0.001685 0.000972 -0.000843 0.999998
1788232633.983429193 -0.003964 0.080923 1.446052 -0.001396 0.001080 -0.001100 0.999998
1788232634.016770840 -0.003779 0.080086 1.451718 -0.001162 0.000894 -0.001290 0.999998
1788232634.050112486 -0.004664 0.080697 1.457467 -0.000655 0.001030 -0.001400 0.999998
1788232634.083449602 -0.002736 0.080534 1.463751 -0.000357 0.001098 -0.001267 0.999999
1788232634.116787195 -0.001961 0.080847 1.470882 0.000203 0.001077 -0.001084 0.999999
1788232634.150124550 -0.002725 0.079919 1.475290 0.000364 0.001224 -0.000869 0.999999
1788232634.183461905 -0.003647 0.078711 1.481948 0.000329 0.001230 -0.001153 0.999999
1788232634.216798306 -0.003321 0.080911 1.488119 0.000721 0.001032 -0.001373 0.999998
1788232634.250135660 -0.003537 0.079907 1.494398 0.000774 0.001173 -0.001404 0.999998
1788232634.283472776 -0.001655 0.081140 1.504155 0.000658 0.001094 -0.001319 0.999998
1788232634.316810131 -0.000924 0.080975 1.512380 0.000577 0.001118 -0.001209 0.999999
1788232634.350147486 -0.002970 0.081058 1.516301 0.000711 0.001239 -0.001117 0.999998
1788232634.383484602 -0.000697 0.081985 1.525411 0.000833 0.000935 -0.001346 0.999998
1788232634.416821718 -0.002405 0.082234 1.530811 0.000959 0.001159 -0.001694 0.999997
1788232634.450158596 -0.001843 0.082989 1.538565 0.001448 0.001221 -0.001644 0.999997
1788232634.483495951 -0.001926 0.082217 1.544368 0.001628 0.001238 -0.001681 0.999996
1788232634.516833067 -0.001971 0.082856 1.551922 0.001460 0.001053 -0.001646 0.999997
1788232634.550169945 -0.001474 0.083363 1.559105 0.001291 0.000979 -0.001624 0.999997
1788232634.583507299 -0.001655 0.083965 1.566890 0.001056 0.001127 -0.001637 0.999997
1788232634.616844177 -0.001747 0.084676 1.573862 0.000747 0.001234 -0.001493 0.999998
1788232634.650180101 0.002172 0.089070 1.589260 0.001122 0.000823 -0.001512 0.999998
1788232634.683517218 -0.000424 0.089783 1.594027 0.001278 0.000969 -0.001954 0.999997
1788232634.716854095 -0.000712 0.090319 1.601138 0.001278 0.000837 -0.002215 0.999996
1788232634.750190973 -0.003120 0.090878 1.607063 0.001461 0.001096 -0.002440 0.999995
1788232634.783528090 -0.000102 0.091594 1.616285 0.001848 0.000933 -0.002465 0.999995
1788232634.816864967 0.001253 0.090131 1.624490 0.001765 0.000700 -0.002380 0.999995
1788232634.850201607 -0.001257 0.090609 1.629507 0.001736 0.000825 -0.002507 0.999995
1788232634.883538723 -0.001180 0.091025 1.636436 0.001647 0.000769 -0.002476 0.999995
1788232634.916875362 -0.000103 0.091596 1.646415 0.001588 0.000679 -0.002417 0.999996
1788232634.950212240 0.001919 0.093570 1.654741 0.001509 0.000633 -0.002123 0.999996
1788232634.983549118 -0.000740 0.093075 1.657371 0.001641 0.000919 -0.001884 0.999996
1788232635.016885519 -0.000619 0.092487 1.664518 0.001827 0.000812 -0.001897 0.999996
1788232635.050222397 -0.002257 0.091407 1.669591 0.001740 0.000840 -0.002048 0.999996
1788232635.083566189 -0.000944 0.091206 1.677187 0.001851 0.000900 -0.002137 0.999996
1788232635.116915464 -0.000172 0.093000 1.684876 0.002339 0.000967 -0.001983 0.999995
1788232635.150265932 -0.000196 0.093117 1.691468 0.002548 0.000885 -0.001893 0.999995
1788232635.183616400 -0.000387 0.093011 1.699201 0.002407 0.000883 -0.001844 0.999995
1788232635.216966867 -0.002180 0.093824 1.705895 0.002465 0.001103 -0.001579 0.999995
1788232635.250317097 -0.001071 0.094431 1.714932 0.002466 0.001224 -0.001283 0.999995
1788232635.283667803 -0.001973 0.093896 1.721992 0.001876 0.001437 -0.000932 0.999997
1788232635.317018509 -0.001942 0.096231 1.731404 0.001939 0.001470 -0.000857 0.999997
1788232635.350369215 -0.001894 0.097128 1.740129 0.002037 0.001280 -0.001006 0.999997
1788232635.383720160 -0.003142 0.097787 1.745693 0.001998 0.001319 -0.001177 0.999996
1788232635.417070866 -0.001734 0.098378 1.755722 0.002391 0.001439 -0.001244 0.999995
1788232635.450421572 -0.000024 0.098170 1.763515 0.003074 0.001393 -0.001237 0.999994
1788232635.483772755 -0.002850 0.097352 1.769050 0.003206 0.001487 -0.001151 0.999993
1788232635.517123938 -0.003331 0.098069 1.776552 0.003060 0.001519 -0.000947 0.999994
1788232635.550474167 -0.000359 0.098178 1.786973 0.002687 0.001621 -0.000794 0.999995
1788232635.583825111 -0.000637 0.098566 1.795919 0.002621 0.001745 -0.000840 0.999995
1788232635.617176533 -0.001567 0.098599 1.805309 0.002648 0.001679 -0.000961 0.999995
1788232635.650527716 -0.001155 0.101480 1.813710 0.002709 0.001477 -0.001147 0.999995
1788232635.683879137 -0.004045 0.101131 1.819869 0.002359 0.001846 -0.001587 0.999994
1788232635.717230797 -0.000319 0.101245 1.829136 0.002634 0.001611 -0.001691 0.999994
1788232635.750581980 0.002002 0.100777 1.838567 0.002633 0.001287 -0.001756 0.999994
1788232635.783933640 0.000878 0.101678 1.846922 0.002240 0.001235 -0.001684 0.999995
1788232635.817285299 0.000726 0.100514 1.855673 0.001539 0.001408 -0.001466 0.999997
1788232635.850636959 0.002601 0.102758 1.865903 0.001564 0.001505 -0.001171 0.999997
1788232635.883988619 0.003552 0.103229 1.875065 0.001561 0.001473 -0.001317 0.999997
1788232635.917340517 -0.000487 0.103550 1.881949 0.001343 0.001732 -0.001514 0.999996
1788232635.950692415 0.000599 0.104628 1.891534 0.000850 0.001540 -0.001638 0.999997
1788232635.984043360 -0.000118 0.104984 1.899419 0.000985 0.001532 -0.002026 0.999996
1788232636.017395258 -0.001286 0.104871 1.906542 0.001211 0.001625 -0.002190 0.999996
1788232636.050747395 -0.001380 0.106231 1.915441 0.000916 0.001511 -0.002265 0.999996
1788232636.084094048 -0.001375 0.107359 1.923925 0.000528 0.001487 -0.002003 0.999997
1788232636.117433548 0.000280 0.107416 1.933548 0.000411 0.001541 -0.001649 0.999997
1788232636.150773048 0.002451 0.106632 1.941900 0.000599 0.001458 -0.001379 0.999998
1788232636.184112549 0.001103 0.107654 1.950861 0.000996 0.001581 -0.001148 0.999998
1788232636.217451811 0.000372 0.108713 1.958229 0.000907 0.001651 -0.001339 0.999997
1788232636.250791073 0.001104 0.108454 1.967544 0.000364 0.001606 -0.001633 0.999997
1788232636.284130335 -0.000090 0.109608 1.974502 0.000744 0.001655 -0.001781 0.999997
1788232636.317469835 0.000539 0.109315 1.982098 0.001236 0.001571 -0.001712 0.999997
1788232636.350809097 0.001284 0.112603 1.992886 0.001175 0.001458 -0.001693 0.999997
1788232636.384148598 0.002714 0.111413 2.002472 0.000358 0.001291 -0.001544 0.999998
1788232636.417488337 0.000280 0.111128 2.008724 0.000200 0.001715 -0.001340 0.999998
1788232636.450826645 -0.000126 0.112765 2.016840 0.000412 0.001864 -0.001375 0.999997
1788232636.484165907 0.001173 0.112507 2.028480 0.000059 0.001700 -0.001404 0.999998
1788232636.517505169 -0.000654 0.113584 2.035791 -0.000486 0.001758 -0.001627 0.999997
1788232636.550844431 0.000607 0.114249 2.045192 -0.000367 0.001714 -0.001715 0.999997
1788232636.584183931 -0.000625 0.114196 2.052541 -0.000088 0.001937 -0.001724 0.999997
1788232636.617523670 0.002528 0.114197 2.062522 -0.000597 0.001513 -0.001549 0.999997
1788232636.650862932 0.002387 0.116010 2.072137 -0.001184 0.001582 -0.001573 0.999997
1788232636.684202433 0.003956 0.117058 2.082247 -0.001394 0.001490 -0.001383 0.999997
1788232636.717541456 0.004356 0.117215 2.089805 -0.001385 0.001621 -0.001328 0.999997
1788232636.750880957 0.002311 0.117527 2.097232 -0.001437 0.001826 -0.001341 0.999996
1788232636.784220457 0.002673 0.119213 2.107227 -0.001887 0.001584 -0.001496 0.999996
1788232636.817559958 0.002738 0.120662 2.117364 -0.002225 0.001530 -0.001576 0.999995
1788232636.850899220 0.002684 0.119217 2.124484 -0.001992 0.001623 -0.001650 0.999995
1788232636.884237766 0.002703 0.120570 2.132555 -0.001414 0.001582 -0.001649 0.999996
1788232636.917577267 0.003843 0.120807 2.140619 -0.001728 0.001325 -0.001657 0.999996
1788232636.950916767 0.004016 0.120585 2.149338 -0.001970 0.001274 -0.001557 0.999996
1788232636.984255791 0.003613 0.121225 2.158726 -0.001626 0.001309 -0.001570 0.999997
1788232637.017595291 0.003666 0.121652 2.167055 -0.001200 0.001086 -0.001525 0.999998
1788232637.050934792 0.003259 0.120836 2.173708 -0.001340 0.000877 -0.001195 0.999998
1788232637.084273577 0.002817 0.122219 2.182078 -0.001700 0.001105 -0.000877 0.999998
1788232637.117611170 0.005436 0.122624 2.192579 -0.002143 0.001354 -0.000583 0.999997
1788232637.150948763 0.007284 0.124290 2.199217 -0.001529 0.001568 -0.000469 0.999997
1788232637.184286594 0.006879 0.123771 2.205767 -0.001117 0.001454 -0.000489 0.999998
1788232637.217624187 0.005752 0.124400 2.214324 -0.001251 0.001337 -0.000655 0.999998
1788232637.250961542 0.005209 0.125464 2.223673 -0.001403 0.001526 -0.000769 0.999998
1788232637.284298897 0.006677 0.124191 2.232337 -0.001578 0.001333 -0.000543 0.999998
1788232637.317635536 0.008271 0.123920 2.242712 -0.001778 0.000953 -0.000225 0.999998
1788232637.350972891 0.009039 0.125318 2.251347 -0.002083 0.000924 -0.000009 0.999997
1788232637.384310246 0.009123 0.125184 2.260249 -0.002162 0.001452 0.000278 0.999997
1788232637.417647362 0.011207 0.125325 2.269029 -0.001487 0.001480 0.000444 0.999998
1788232637.450984716 0.011129 0.126205 2.276954 -0.001386 0.001186 0.000202 0.999998
1788232637.484322071 0.010655 0.127561 2.286212 -0.001850 0.001067 -0.000012 0.999998
1788232637.517659187 0.008663 0.127520 2.296113 -0.002340 0.001381 -0.000306 0.999996
1788232637.550996304 0.008253 0.127122 2.304253 -0.002561 0.001396 -0.000253 0.999996
1788232637.584333658 0.008600 0.129027 2.313149 -0.002382 0.001097 -0.000089 0.999997
1788232637.617670536 0.009928 0.130727 2.323845 -0.002566 0.000713 0.000170 0.999996
1788232637.651007652 0.010770 0.129997 2.331921 -0.003049 0.001121 0.000566 0.999995
1788232637.684344769 0.011526 0.130366 2.339615 -0.002599 0.001712 0.000697 0.999995
1788232637.717681885 0.009999 0.131139 2.346569 -0.002129 0.001670 0.000564 0.999996
1788232637.751018524 0.011336 0.130810 2.356322 -0.002499 0.001082 0.000604 0.999996
1788232637.784354448 0.009177 0.131999 2.364723 -0.002890 0.001550 0.000519 0.999995
1788232637.817691326 0.011286 0.132798 2.375681 -0.003018 0.001568 0.000510 0.999994
1788232637.851027966 0.012776 0.133511 2.384994 -0.003159 0.001239 0.000820 0.999994
1788232637.884364843 0.012667 0.132460 2.394127 -0.003597 0.001027 0.001130 0.999992
1788232637.917701483 0.012121 0.133381 2.403914 -0.003765 0.001413 0.001174 0.999991
1788232637.951038361 0.014052 0.134986 2.413294 -0.003243 0.001825 0.001241 0.999992
1788232637.984375000 0.012180 0.134662 2.419049 -0.002895 0.001854 0.001328 0.999993
1788232638.017711401 0.011370 0.133690 2.428702 -0.003149 0.001469 0.001251 0.999993
1788232638.051048279 0.011501 0.136882 2.437218 -0.002979 0.001750 0.001194 0.999993
1788232638.084391832 0.012749 0.137674 2.446399 -0.002972 0.001924 0.001233 0.999993
1788232638.117744923 0.011726 0.137698 2.456315 -0.002916 0.001742 0.001320 0.999993
1788232638.151098251 0.011195 0.138273 2.465167 -0.002928 0.001333 0.001480 0.999994
1788232638.184451580 0.012659 0.138846 2.474179 -0.002925 0.001418 0.001537 0.999994
1788232638.217804432 0.012313 0.138955 2.481038 -0.002370 0.002208 0.001674 0.999993
1788232638.251158237 0.012547 0.139689 2.488902 -0.001742 0.002342 0.001491 0.999995
1788232638.284511805 0.010615 0.140299 2.495459 -0.001472 0.002064 0.001311 0.999996
1788232638.317865610 0.012584 0.141708 2.505945 -0.001318 0.001878 0.001244 0.999997
1788232638.351219893 0.012846 0.141026 2.515910 -0.001333 0.002180 0.001199 0.999996
1788232638.384573698 0.010882 0.140891 2.523507 -0.001467 0.002335 0.001256 0.999995
1788232638.417927980 0.012866 0.142596 2.534837 -0.001628 0.001926 0.001290 0.999996
1788232638.451282501 0.014281 0.146248 2.545147 -0.001577 0.001793 0.001074 0.999997
1788232638.484637022 0.014690 0.145695 2.554761 -0.001483 0.002083 0.000950 0.999996
1788232638.517991543 0.012698 0.145002 2.562060 -0.001212 0.002201 0.000810 0.999997
1788232638.551346302 0.010467 0.146668 2.569897 -0.001244 0.002127 0.000527 0.999997
1788232638.584701061 0.012224 0.147321 2.581428 -0.001598 0.002010 0.000530 0.999997
1788232638.618056059 0.011537 0.148164 2.589249 -0.001651 0.002387 0.000442 0.999996
1788232638.651410103 0.014821 0.148917 2.600626 -0.001836 0.002082 0.000677 0.999996
1788232638.684765339 0.013999 0.146926 2.610158 -0.002608 0.001948 0.000583 0.999995
1788232638.718120575 0.013345 0.148802 2.619028 -0.002854 0.002016 0.000243 0.999994
1788232638.751475811 0.013443 0.147867 2.627245 -0.002407 0.002093 0.000020 0.999995
1788232638.784831285 0.011695 0.148603 2.635396 -0.001957 0.002127 -0.000283 0.999996
1788232638.818186760 0.011774 0.150893 2.644202 -0.001845 0.001914 -0.000343 0.999996
1788232638.851542711 0.012280 0.150276 2.652039 -0.002076 0.002049 -0.000032 0.999996
1788232638.884898663 0.011811 0.151482 2.662044 -0.001767 0.002325 0.000159 0.999996
1788232638.918254375 0.011894 0.150946 2.669975 -0.001721 0.002277 0.000502 0.999996
1788232638.951610565 0.012298 0.150158 2.678402 -0.002079 0.001887 0.000550 0.999996
1788232638.984966755 0.011513 0.150834 2.687622 -0.002265 0.002226 0.000420 0.999995
1788232639.018322706 0.011344 0.151849 2.697137 -0.001941 0.002765 0.000462 0.999994
1788232639.051679373 0.012435 0.153518 2.704483 -0.001474 0.002533 0.000430 0.999996
1788232639.085032701 0.014056 0.154833 2.714980 -0.001334 0.001934 0.000521 0.999997
1788232639.118381500 0.016138 0.153471 2.723605 -0.001574 0.002112 0.000923 0.999996
1788232639.151731014 0.016748 0.154141 2.732020 -0.001359 0.002374 0.001407 0.999995
1788232639.185081005 0.015782 0.153737 2.740095 -0.001167 0.002274 0.001399 0.999996
1788232639.218430519 0.015733 0.153967 2.748856 -0.001154 0.002126 0.001217 0.999996
1788232639.251780748 0.012794 0.154980 2.757150 -0.000760 0.002902 0.001058 0.999995
1788232639.285130501 0.014853 0.156829 2.765785 -0.000138 0.002868 0.000964 0.999995
1788232639.318480492 0.014317 0.157935 2.775098 -0.000176 0.002573 0.000918 0.999996
1788232639.351830721 0.016021 0.159426 2.785086 -0.000350 0.002361 0.001039 0.999997
1788232639.385180712 0.018817 0.160896 2.798763 -0.000095 0.002436 0.001161 0.999996
1788232639.418530941 0.017971 0.161597 2.805520 0.000273 0.002659 0.001098 0.999996
1788232639.451881409 0.016809 0.160712 2.815302 0.000329 0.002409 0.000876 0.999997
1788232639.485231400 0.015496 0.161449 2.823394 0.000377 0.002445 0.000508 0.999997
1788232639.518582106 0.015795 0.162006 2.833069 0.000555 0.002850 0.000371 0.999996
1788232639.551931620 0.015696 0.161997 2.842833 0.000559 0.002824 0.000291 0.999996
1788232639.585282087 0.015925 0.162693 2.854451 -0.000186 0.002279 0.000237 0.999997
1788232639.618632555 0.015808 0.164239 2.865356 -0.000948 0.002499 0.000213 0.999996
1788232639.651983500 0.015511 0.165628 2.875884 -0.000998 0.003011 0.000325 0.999995
1788232639.685334206 0.014410 0.166301 2.885282 -0.000803 0.003096 -0.000044 0.999995
1788232639.718685150 0.014339 0.166448 2.896298 -0.001093 0.002443 -0.000207 0.999996
1788232639.752035856 0.013436 0.167135 2.906667 -0.001819 0.002406 -0.000306 0.999995
1788232639.785386801 0.015234 0.167280 2.917054 -0.002349 0.002762 -0.000595 0.999993
1788232639.818737984 0.013214 0.167308 2.925727 -0.002155 0.003120 -0.000440 0.999993
1788232639.852088928 0.014206 0.169678 2.936857 -0.001593 0.002566 -0.000254 0.999995
1788232639.885440350 0.014052 0.168271 2.945624 -0.001674 0.002673 0.000125 0.999995
1788232639.918791533 0.014348 0.169275 2.952950 -0.001434 0.003163 0.000091 0.999994
1788232639.952142954 0.019840 0.172896 2.962915 -0.001099 0.002338 0.000323 0.999997
1788232639.985493422 0.016598 0.172477 2.971334 -0.001117 0.002295 0.000214 0.999997
1788232640.018844604 0.018380 0.173250 2.980744 -0.000995 0.002497 0.000088 0.999996
1788232640.052196264 0.017140 0.173561 2.991461 -0.000942 0.002701 -0.000028 0.999996
1788232640.085543871 0.018633 0.172838 3.000354 -0.001180 0.002345 0.000091 0.999997
1788232640.118891001 0.020384 0.172862 3.009932 -0.001205 0.002247 0.000323 0.999997
1788232640.152245522 0.019295 0.174754 3.019358 -0.000920 0.002681 0.000475 0.999996
1788232640.185600042 0.020859 0.175390 3.029730 -0.000848 0.002287 0.000181 0.999997
1788232640.218954563 0.019279 0.175095 3.039335 -0.001002 0.002084 -0.000036 0.999997
1788232640.252309084 0.020091 0.175804 3.049140 -0.000980 0.002267 -0.000215 0.999997
1788232640.285663843 0.019372 0.177837 3.060103 -0.000940 0.002510 -0.000294 0.999996
1788232640.319018602 0.019482 0.177448 3.069860 -0.001307 0.002151 -0.000214 0.999997
1788232640.352373600 0.020293 0.177519 3.079801 -0.001536 0.002122 -0.000018 0.999997
1788232640.385728598 0.020379 0.178414 3.090030 -0.001411 0.002552 -0.000052 0.999996
1788232640.419083595 0.019615 0.178947 3.099598 -0.001269 0.002487 -0.000293 0.999996
1788232640.452437878 0.017930 0.179218 3.108890 -0.001353 0.002106 -0.000580 0.999997
1788232640.485793114 0.015901 0.178975 3.117376 -0.001158 0.002555 -0.000911 0.999996
1788232640.519148350 0.016751 0.179940 3.127208 -0.000710 0.002729 -0.001071 0.999995
1788232640.552503586 0.018120 0.180273 3.136340 -0.000503 0.002317 -0.001243 0.999996
1788232640.585858822 0.015819 0.180754 3.145812 -0.000298 0.002365 -0.001208 0.999996
1788232640.619214773 0.017105 0.184161 3.157468 0.000519 0.002413 -0.000836 0.999997
1788232640.652570248 0.018325 0.184998 3.167179 0.000775 0.002335 -0.000776 0.999997
1788232640.685926199 0.017257 0.185418 3.176697 0.001076 0.002039 -0.000808 0.999997
1788232640.719281673 0.018353 0.184318 3.186137 0.001370 0.002152 -0.000701 0.999996
1788232640.752637863 0.019597 0.185393 3.194232 0.001842 0.002476 -0.000419 0.999995
1788232640.785993814 0.019833 0.186209 3.204182 0.002190 0.002410 -0.000431 0.999995
1788232640.819349527 0.021186 0.184890 3.214055 0.002045 0.001986 -0.000312 0.999996
1788232640.852705956 0.021689 0.183736 3.224556 0.001688 0.002169 -0.000181 0.999996
1788232640.886061192 0.021222 0.184985 3.235840 0.001433 0.002348 -0.000117 0.999996
1788232640.919417381 0.020214 0.184776 3.245603 0.001194 0.002204 -0.000465 0.999997
1788232640.952773809 0.020002 0.186115 3.255614 0.001267 0.002211 -0.000338 0.999997
1788232640.986130238 0.019793 0.186575 3.264507 0.001323 0.002783 -0.000177 0.999995
1788232641.019486904 0.021778 0.185574 3.275347 0.001374 0.002487 -0.000218 0.999996
1788232641.052843332 0.021004 0.187009 3.284461 0.001639 0.002236 -0.000017 0.999996
1788232641.086200476 0.018802 0.185968 3.294758 0.001627 0.002699 -0.000007 0.999995
1788232641.119551420 0.020097 0.187198 3.304496 0.001601 0.002718 0.000039 0.999995
1788232641.152895451 0.020962 0.187111 3.314661 0.001380 0.002213 0.000003 0.999997
1788232641.186239004 0.021543 0.186503 3.323065 0.001286 0.002283 -0.000134 0.999997
1788232641.219582796 0.019958 0.186980 3.334075 0.001548 0.002904 -0.000187 0.999995
1788232641.252926826 0.023119 0.186050 3.342297 0.001567 0.002312 -0.000181 0.999996
1788232641.286270618 0.020929 0.186298 3.352908 0.001702 0.002243 -0.000235 0.999996
1788232641.319613218 0.020023 0.186074 3.362092 0.001519 0.002643 0.000063 0.999995
1788232641.352957249 0.021026 0.187545 3.373453 0.001592 0.002739 0.000249 0.999995
1788232641.386301041 0.021850 0.188692 3.384062 0.001450 0.002402 0.000170 0.999996
1788232641.419644833 0.022102 0.188566 3.393280 0.001215 0.002320 0.000161 0.999997
1788232641.452988863 0.020852 0.189214 3.402745 0.001498 0.002857 -0.000060 0.999995
1788232641.486332417 0.020286 0.187946 3.411238 0.001761 0.003060 -0.000057 0.999994
1788232641.519676208 0.020844 0.188218 3.419680 0.001822 0.002751 0.000208 0.999995
1788232641.553020000 0.020293 0.189102 3.431174 0.002071 0.003018 0.000335 0.999993
1788232641.586364031 0.021777 0.190572 3.440936 0.002366 0.003330 0.000494 0.999992
1788232641.619707823 0.022189 0.190301 3.449392 0.002424 0.002976 0.000520 0.999992
1788232641.653051615 0.022292 0.189136 3.457834 0.002387 0.002715 0.000026 0.999993
1788232641.686395168 0.022728 0.186292 3.464030 0.002445 0.002996 -0.000036 0.999993
1788232641.719739199 0.021402 0.187074 3.472335 0.003284 0.003422 -0.000172 0.999989
1788232641.753082991 0.021093 0.188211 3.483111 0.003789 0.003031 -0.000064 0.999988
1788232641.786426067 0.021497 0.187973 3.490785 0.003854 0.003097 0.000168 0.999988
1788232641.819769621 0.023123 0.189210 3.503166 0.003827 0.003337 0.000563 0.999987
1788232641.853113413 0.024133 0.189733 3.513489 0.003774 0.003336 0.000505 0.999987
1788232641.886457443 0.021644 0.188171 3.522606 0.003171 0.003426 0.000171 0.999989
1788232641.919801235 0.021885 0.189308 3.531565 0.003167 0.003551 -0.000055 0.999989
1788232641.953145027 0.022375 0.188279 3.541347 0.003295 0.003509 -0.000361 0.999988
1788232641.986488581 0.023443 0.188306 3.552666 0.003090 0.003194 -0.000363 0.999990
1788232642.019832373 0.021793 0.190762 3.563488 0.002913 0.003386 -0.000053 0.999990
1788232642.053176165 0.021227 0.189943 3.573693 0.002825 0.003894 0.000169 0.999988
1788232642.086520195 0.023079 0.188511 3.585692 0.002464 0.003861 0.000039 0.999990
1788232642.119862556 0.022146 0.188965 3.594677 0.001864 0.003867 -0.000185 0.999991
1788232642.153203964 0.021765 0.190505 3.605712 0.002199 0.003717 -0.000541 0.999991
1788232642.186544895 0.021712 0.190257 3.615891 0.002212 0.003617 -0.000663 0.999991
1788232642.219885111 0.021710 0.190707 3.627820 0.001854 0.003591 -0.000715 0.999992
1788232642.253226280 0.022048 0.191625 3.636483 0.001635 0.003653 -0.000300 0.999992
1788232642.286567450 0.024084 0.191635 3.648164 0.002137 0.003675 0.000233 0.999991
1788232642.319908619 0.024782 0.194067 3.657925 0.002465 0.003841 0.000506 0.999989
1788232642.353249788 0.024598 0.194223 3.670345 0.002148 0.003997 0.000411 0.999990
1788232642.386591196 0.028882 0.195252 3.680093 0.002399 0.003305 0.000455 0.999992
1788232642.419932365 0.027290 0.193157 3.690250 0.002094 0.003486 0.000371 0.999992
1788232642.453273535 0.027598 0.195922 3.704238 0.001837 0.003438 0.000241 0.999992
1788232642.486614943 0.029856 0.197545 3.714479 0.001949 0.003495 0.000690 0.999992
1788232642.519955873 0.028279 0.197288 3.725354 0.002254 0.003971 0.000994 0.999989
1788232642.553297281 0.028760 0.198850 3.737287 0.002423 0.004003 0.001091 0.999988
1788232642.586638212 0.029507 0.198681 3.749501 0.002470 0.003991 0.000925 0.999989
1788232642.619979620 0.029460 0.198619 3.762076 0.002714 0.004095 0.000931 0.999988
1788232642.653320074 0.030297 0.199876 3.772990 0.002814 0.004133 0.001017 0.999987
1788232642.686661243 0.030261 0.199930 3.785909 0.002762 0.004111 0.001198 0.999987
1788232642.720002413 0.030621 0.200867 3.797103 0.002616 0.004467 0.001273 0.999986
1788232642.753343582 0.031814 0.201790 3.811754 0.002146 0.004489 0.001237 0.999987
1788232642.786684990 0.030534 0.203902 3.823805 0.001978 0.004502 0.000918 0.999987
1788232642.820026159 0.029730 0.204394 3.837394 0.001630 0.004014 0.000568 0.999990
1788232642.853367567 0.028565 0.204388 3.849379 0.001073 0.003808 0.000482 0.999992
1788232642.886708498 0.028293 0.202979 3.861477 0.001108 0.003600 0.000462 0.999993
1788232642.920050144 0.030110 0.205374 3.877710 0.001762 0.002802 0.000602 0.999994
1788232642.953391314 0.029840 0.207347 3.890064 0.001208 0.001878 0.000432 0.999997
1788232642.986732721 0.027907 0.209639 3.904348 0.000530 0.000050 0.000544 1.000000
1788232643.020073891 0.027328 0.209903 3.916666 0.000210 -0.001625 0.000711 0.999998
1788232643.053415060 0.025947 0.209740 3.928972 0.000702 -0.003167 0.000916 0.999994
1788232643.086756468 0.025576 0.208204 3.940350 0.001307 -0.005046 0.001558 0.999985
1788232643.120098114 0.024294 0.208022 3.952012 0.001301 -0.007148 0.001976 0.999972
1788232643.153442860 0.021978 0.209382 3.964271 0.000859 -0.010195 0.002374 0.999945
1788232643.186787367 0.018298 0.210907 3.978370 0.000342 -0.014115 0.002995 0.999896
1788232643.220132113 0.014687 0.211619 3.990937 0.000735 -0.018338 0.003319 0.999826
1788232643.253477335 0.010703 0.212779 4.004174 0.000793 -0.022992 0.003727 0.999728
1788232643.286822081 0.004821 0.213151 4.015653 0.000290 -0.027752 0.004171 0.999606
1788232643.320166588 -0.002064 0.213383 4.029151 -0.000015 -0.032932 0.004382 0.999448
1788232643.353511572 -0.008396 0.215596 4.043449 0.000175 -0.038027 0.004552 0.999266
1788232643.386856556 -0.012420 0.215474 4.054091 -0.000306 -0.043162 0.004813 0.999056
1788232643.420201540 -0.018645 0.216056 4.065444 -0.000694 -0.048707 0.005055 0.998800
1788232643.453546524 -0.025908 0.216976 4.079913 -0.000743 -0.054807 0.005470 0.998482
1788232643.486891747 -0.029958 0.218627 4.093143 -0.000605 -0.061004 0.006436 0.998117
1788232643.520236731 -0.035888 0.219487 4.105148 -0.000634 -0.066422 0.007420 0.997764
1788232643.553580999 -0.035610 0.223192 4.123190 -0.000078 -0.072927 0.008111 0.997304
1788232643.586926222 -0.044418 0.222468 4.131709 -0.000157 -0.077764 0.008251 0.996938
1788232643.620271444 -0.052473 0.223134 4.143990 -0.000380 -0.083037 0.008412 0.996511
1788232643.653616428 -0.060260 0.224641 4.157906 -0.000686 -0.088544 0.008632 0.996035
1788232643.686961889 -0.069004 0.225133 4.168458 -0.000641 -0.093744 0.008620 0.995559
1788232643.720307350 -0.077193 0.226592 4.182773 -0.000568 -0.099420 0.008685 0.995007
1788232643.753652573 -0.083574 0.228095 4.192897 -0.000735 -0.104936 0.009152 0.994437
1788232643.786998034 -0.093076 0.228956 4.206076 -0.000910 -0.110213 0.009618 0.993861
1788232643.820343733 -0.101762 0.228909 4.217582 -0.001331 -0.115853 0.009550 0.993220
1788232643.853689194 -0.110992 0.232658 4.230753 -0.001410 -0.121386 0.009740 0.992557
1788232643.887034655 -0.118506 0.233986 4.241821 -0.001455 -0.126566 0.009784 0.991909
1788232643.920380354 -0.126060 0.235836 4.255490 -0.001061 -0.131968 0.009837 0.991205
1788232643.953726053 -0.134600 0.235553 4.266448 -0.001179 -0.137690 0.010158 0.990423
1788232643.987070560 -0.143038 0.236836 4.280302 -0.000950 -0.143233 0.010604 0.989632
1788232644.020416260 -0.151128 0.238895 4.291472 -0.000645 -0.148483 0.011156 0.988852
1788232644.053762197 -0.160388 0.239926 4.302484 -0.000432 -0.153836 0.011148 0.988033
1788232644.087107897 -0.169717 0.241775 4.312115 -0.000378 -0.159498 0.010996 0.987137
1788232644.120449066 -0.179697 0.240965 4.321859 -0.001040 -0.165088 0.010840 0.986219
1788232644.153783321 -0.190446 0.243734 4.333990 -0.001634 -0.170736 0.011452 0.985249
1788232644.187117338 -0.199977 0.243851 4.344614 -0.001709 -0.176217 0.011313 0.984285
1788232644.220451593 -0.210027 0.244271 4.357448 -0.001634 -0.181876 0.011666 0.983251
1788232644.253785849 -0.221121 0.245789 4.365479 -0.001596 -0.186960 0.012137 0.982291
1788232644.287120342 -0.229381 0.244988 4.373064 -0.001557 -0.192291 0.012598 0.981256
1788232644.320454359 -0.238386 0.242575 4.383765 -0.001262 -0.197779 0.012535 0.980166
1788232644.353788376 -0.250137 0.243256 4.391216 -0.001559 -0.203202 0.013014 0.979049
1788232644.387121916 -0.259753 0.246010 4.402522 -0.001238 -0.208750 0.013513 0.977875
1788232644.420455933 -0.268731 0.245677 4.411705 -0.001237 -0.214219 0.013635 0.976690
1788232644.453788757 -0.277536 0.245336 4.420307 -0.001284 -0.219844 0.013892 0.975435
1788232644.487122536 -0.285755 0.244778 4.429550 -0.001594 -0.225689 0.014166 0.974095
1788232644.520456076 -0.298542 0.247249 4.440677 -0.001561 -0.230832 0.014843 0.972879
1788232644.553789616 -0.305277 0.260798 4.460413 0.000158 -0.237538 0.015813 0.971249
1788232644.587123156 -0.316517 0.260223 4.468007 0.000239 -0.242637 0.015895 0.969987
1788232644.620456457 -0.326714 0.260214 4.476302 0.000479 -0.248051 0.015704 0.968620
1788232644.653789759 -0.336714 0.261140 4.484244 0.000596 -0.253772 0.015982 0.967132
1788232644.687123299 -0.346516 0.260855 4.492883 0.000269 -0.259496 0.016180 0.965608
1788232644.720456600 -0.359736 0.262194 4.502086 0.000144 -0.264851 0.016186 0.964154
1788232644.753789902 -0.371283 0.262429 4.508644 -0.000341 -0.270547 0.015657 0.962579
1788232644.787122726 -0.383924 0.263777 4.517536 -0.000612 -0.276272 0.015477 0.960955
1788232644.820456028 -0.397265 0.265232 4.527709 -0.001093 -0.281849 0.015814 0.959328
1788232644.853789330 -0.409377 0.266385 4.536849 -0.001391 -0.287039 0.016432 0.957777
1788232644.887121201 -0.417274 0.264320 4.542648 -0.001799 -0.292508 0.016819 0.956114
1788232644.920454025 -0.428047 0.265334 4.549845 -0.001417 -0.297599 0.017630 0.954527
1788232644.953786850 -0.435890 0.264265 4.555146 -0.001094 -0.302860 0.018448 0.952856
1788232644.987119436 -0.447256 0.264146 4.561452 -0.000764 -0.308260 0.018915 0.951114
1788232645.020452261 -0.458346 0.264111 4.567944 -0.000900 -0.313799 0.018982 0.949299
1788232645.053784847 -0.470566 0.265125 4.575170 -0.001511 -0.319568 0.019089 0.947370
1788232645.087117434 -0.484309 0.266338 4.582077 -0.002555 -0.325372 0.018786 0.945396
1788232645.120455027 -0.498946 0.267123 4.588861 -0.003160 -0.330864 0.018013 0.943501
1788232645.153798580 -0.511159 0.266676 4.594666 -0.003763 -0.336041 0.017503 0.941677
1788232645.187141895 -0.528567 0.268136 4.594010 -0.004441 -0.340559 0.018633 0.940028
1788232645.220485449 -0.540391 0.268570 4.600834 -0.004635 -0.345406 0.019154 0.938246
1788232645.253829002 -0.551517 0.269604 4.605622 -0.003741 -0.350349 0.019625 0.936406
1788232645.287172556 -0.559806 0.268678 4.609332 -0.003334 -0.355829 0.020312 0.934324
1788232645.320514917 -0.571312 0.268218 4.614814 -0.003114 -0.361259 0.021406 0.932215
1788232645.353858471 -0.580864 0.268171 4.620063 -0.003132 -0.366635 0.022194 0.930095
1788232645.387201786 -0.592236 0.268021 4.624801 -0.002884 -0.371869 0.022281 0.928013
1788232645.420545578 -0.605905 0.267212 4.628256 -0.003019 -0.377026 0.021688 0.925944
1788232645.453889132 -0.618491 0.268262 4.631085 -0.003341 -0.382541 0.021398 0.923684
1788232645.487232685 -0.633423 0.269085 4.634647 -0.003157 -0.387280 0.021038 0.921717
1788232645.520575762 -0.645820 0.268789 4.638334 -0.003042 -0.392086 0.020992 0.919684
1788232645.553919315 -0.657317 0.270297 4.642612 -0.003201 -0.396991 0.021410 0.917567
1788232645.587262869 -0.667997 0.271082 4.647253 -0.002841 -0.402342 0.022715 0.915203
1788232645.620606422 -0.678040 0.269802 4.648598 -0.002000 -0.407054 0.023276 0.913105
1788232645.653949738 -0.691306 0.268982 4.652009 -0.001582 -0.412067 0.023614 0.910846
1788232645.687293291 -0.701749 0.269234 4.654027 -0.001704 -0.417394 0.023650 0.908416
1788232645.720636845 -0.716418 0.270244 4.658338 -0.001921 -0.422289 0.023540 0.906154
1788232645.753979921 -0.730217 0.270227 4.659808 -0.001722 -0.427347 0.023147 0.903790
1788232645.787322760 -0.743882 0.271174 4.662133 -0.001452 -0.432204 0.022904 0.901484
1788232645.820666313 -0.755736 0.270056 4.665795 -0.001536 -0.437175 0.023203 0.899076
1788232645.854009628 -0.766493 0.270936 4.668733 -0.001017 -0.441812 0.023688 0.896794
1788232645.887352943 -0.780224 0.272550 4.667935 -0.000248 -0.446365 0.024467 0.894517
1788232645.920696497 -0.792170 0.272619 4.670706 -0.000311 -0.451526 0.024644 0.891917
1788232645.954039812 -0.804749 0.273727 4.673532 -0.000342 -0.456404 0.024771 0.889428
1788232645.987383127 -0.819124 0.274350 4.676852 -0.000039 -0.461162 0.024790 0.886969
1788232646.020726681 -0.832667 0.274064 4.678735 0.000104 -0.466091 0.024626 0.884394
1788232646.054070234 -0.844764 0.274369 4.680612 0.000077 -0.470959 0.024676 0.881810
1788232646.087413311 -0.857816 0.273830 4.683671 0.000103 -0.475702 0.024649 0.879261
1788232646.120754719 -0.870714 0.273310 4.684669 0.000538 -0.480491 0.024644 0.876653
1788232646.154093027 -0.880711 0.266756 4.684670 0.000129 -0.485827 0.024982 0.873698
1788232646.187431097 -0.891222 0.266611 4.685631 0.000153 -0.490482 0.025745 0.871071
1788232646.220768213 -0.903931 0.266899 4.690570 0.000334 -0.495186 0.026656 0.868378
1788232646.254106283 -0.914811 0.267173 4.692199 0.001111 -0.499728 0.027067 0.865758
1788232646.287444353 -0.927380 0.266900 4.693426 0.001575 -0.504265 0.027620 0.863106
1788232646.320782423 -0.939128 0.266582 4.694689 0.001593 -0.508925 0.027979 0.860355
1788232646.354120255 -0.952499 0.267095 4.696754 0.001748 -0.513544 0.028344 0.857593
1788232646.387458086 -0.969048 0.268391 4.699695 0.002284 -0.517966 0.028607 0.854920
1788232646.420795918 -0.982056 0.268193 4.700350 0.002570 -0.522752 0.028617 0.852000
1788232646.454133987 -0.994958 0.268468 4.703064 0.002907 -0.527666 0.028944 0.848953
1788232646.487471819 -1.008635 0.267689 4.704324 0.003005 -0.532256 0.029202 0.846074
1788232646.520809412 -1.021972 0.268049 4.705040 0.003258 -0.536748 0.029616 0.843216
1788232646.554147243 -1.034584 0.268545 4.706857 0.003314 -0.541453 0.029763 0.840197
1788232646.587485075 -1.048120 0.268795 4.707017 0.003316 -0.545979 0.029936 0.837257
1788232646.620822430 -1.061358 0.269356 4.705672 0.003234 -0.550693 0.030057 0.834160
1788232646.654159069 -1.075156 0.270173 4.706126 0.003346 -0.555191 0.030097 0.831171
1788232646.687496901 -1.087765 0.269600 4.706391 0.003280 -0.559817 0.030516 0.828048
1788232646.720834255 -1.100206 0.269418 4.707403 0.003430 -0.564381 0.031221 0.824917
1788232646.754171848 -1.111053 0.269289 4.706917 0.003462 -0.568771 0.032116 0.821861
1788232646.787509203 -1.124802 0.268956 4.708974 0.003913 -0.573110 0.032756 0.818814
1788232646.820846558 -1.135139 0.270281 4.710148 0.004732 -0.577659 0.032842 0.815603
1788232646.854184151 -1.146707 0.269536 4.709595 0.004989 -0.582044 0.033111 0.812468
1788232646.887521029 -1.164185 0.267903 4.712419 0.004196 -0.586269 0.033461 0.809414
1788232646.920858383 -1.177056 0.268778 4.711751 0.004073 -0.590796 0.033502 0.806115
1788232646.954195499 -1.190241 0.270014 4.709615 0.004576 -0.595069 0.033283 0.802972
1788232646.987532854 -1.203618 0.269233 4.710259 0.004628 -0.599439 0.033510 0.799705
1788232647.020869970 -1.214777 0.268036 4.710043 0.004136 -0.603869 0.033717 0.796359
1788232647.054207087 -1.228111 0.268529 4.710865 0.004546 -0.608262 0.034064 0.792992
1788232647.087544203 -1.236521 0.267630 4.710950 0.005191 -0.612875 0.034411 0.789413
1788232647.120878696 -1.250903 0.269667 4.706309 0.005670 -0.617162 0.035117 0.786032
1788232647.154212236 -1.262596 0.270668 4.706192 0.005720 -0.621526 0.035639 0.782562
1788232647.187545538 -1.274315 0.267321 4.705256 0.005742 -0.625658 0.035862 0.779252
1788232647.220878601 -1.285724 0.268091 4.704447 0.005948 -0.629964 0.036015 0.775766
1788232647.254211903 -1.300047 0.268004 4.701921 0.005674 -0.634337 0.035957 0.772199
1788232647.287545204 -1.311932 0.270058 4.701910 0.005588 -0.638666 0.035884 0.768627
1788232647.320878267 -1.327882 0.267023 4.693555 0.005484 -0.642620 0.035629 0.765337
1788232647.354211092 -1.340335 0.267450 4.688641 0.005439 -0.646635 0.035590 0.761950
1788232647.387544155 -1.354301 0.266094 4.686482 0.004769 -0.650684 0.035747 0.758492
1788232647.420877218 -1.365514 0.266808 4.685798 0.005003 -0.654763 0.035949 0.754962
1788232647.454209805 -1.378272 0.266840 4.683715 0.005557 -0.659022 0.035943 0.751244
1788232647.487542391 -1.392146 0.265673 4.678021 0.005539 -0.663091 0.035712 0.747666
1788232647.520875216 -1.405660 0.265536 4.675959 0.005190 -0.667323 0.035603 0.743899
1788232647.554206610 -1.418910 0.264614 4.673666 0.005270 -0.671041 0.035661 0.740544
1788232647.587538958 -1.428835 0.264813 4.670485 0.005445 -0.674376 0.036029 0.737489
1788232647.620871544 -1.441672 0.265006 4.667135 0.005590 -0.676852 0.036382 0.735199
1788232647.654203653 -1.451616 0.263909 4.667056 0.005362 -0.678996 0.036830 0.733198
1788232647.687536001 -1.464283 0.264177 4.665214 0.005681 -0.680531 0.037176 0.731753
1788232647.720868111 -1.475264 0.263677 4.664340 0.006347 -0.681864 0.037008 0.730515
1788232647.754200459 -1.488469 0.262683 4.660622 0.006639 -0.682665 0.036684 0.729780
1788232647.787532330 -1.501006 0.261745 4.659908 0.006644 -0.683471 0.036703 0.729024
1788232647.820864439 -1.513922 0.262588 4.659376 0.006505 -0.684498 0.036912 0.728050
1788232647.854196072 -1.525412 0.262914 4.659947 0.007049 -0.685546 0.037261 0.727041
1788232647.887528419 -1.539735 0.262731 4.659921 0.007239 -0.686641 0.037596 0.725988
1788232647.920859814 -1.549885 0.262748 4.660085 0.007164 -0.687896 0.037560 0.724801
1788232647.954191446 -1.563241 0.261743 4.658353 0.007858 -0.688977 0.037321 0.723779
1788232647.987522125 -1.576170 0.261157 4.656082 0.007933 -0.690021 0.037295 0.722784
1788232648.020853519 -1.589421 0.260855 4.655753 0.007863 -0.691101 0.036906 0.721772
1788232648.054185152 -1.602063 0.260769 4.653341 0.008114 -0.692269 0.036623 0.720664
1788232648.087516546 -1.614546 0.259880 4.653919 0.007886 -0.693363 0.036651 0.719613
1788232648.120851517 -1.627547 0.258783 4.655207 0.007330 -0.694014 0.037045 0.718970
1788232648.154191971 -1.639983 0.260252 4.652072 0.007338 -0.694699 0.037467 0.718287
1788232648.187532187 -1.653150 0.262121 4.651096 0.007706 -0.695423 0.037999 0.717554
1788232648.220872402 -1.665335 0.260729 4.651860 0.007647 -0.696121 0.037981 0.716878
1788232648.254212379 -1.677984 0.262795 4.652482 0.007407 -0.697052 0.038112 0.715968
1788232648.287552595 -1.691193 0.263111 4.654201 0.007472 -0.698022 0.038398 0.715007
1788232648.320892811 -1.704971 0.262408 4.652145 0.007086 -0.698814 0.038642 0.714224
1788232648.354232788 -1.718540 0.262162 4.652094 0.006777 -0.699608 0.038563 0.713454
1788232648.387572765 -1.728957 0.261491 4.649995 0.007531 -0.700136 0.038799 0.712915
1788232648.420912981 -1.742274 0.261379 4.649155 0.007579 -0.700891 0.039086 0.712156
1788232648.454252243 -1.754823 0.260626 4.650050 0.007101 -0.701779 0.039105 0.711285
1788232648.487591743 -1.767406 0.261720 4.650276 0.007456 -0.702549 0.039727 0.710487
1788232648.520931959 -1.773399 0.260965 4.650406 0.007035 -0.703390 0.039974 0.709644
1788232648.554271936 -1.785137 0.262190 4.649784 0.006930 -0.704128 0.039947 0.708915
1788232648.587611675 -1.798400 0.262180 4.649724 0.007211 -0.705100 0.039847 0.707950
1788232648.620951414 -1.810853 0.261126 4.649374 0.006657 -0.705685 0.039788 0.707377
1788232648.654291391 -1.824404 0.263305 4.649793 0.006526 -0.706261 0.039776 0.706803
1788232648.687631130 -1.837240 0.264124 4.645795 0.006714 -0.706896 0.039638 0.706174
1788232648.720971107 -1.850957 0.263776 4.644564 0.006796 -0.707787 0.039507 0.705287
1788232648.754310846 -1.863138 0.264286 4.645376 0.006686 -0.708786 0.039418 0.704290
1788232648.787650347 -1.877278 0.263754 4.642341 0.006770 -0.709560 0.039577 0.703501
1788232648.820990086 -1.888459 0.261990 4.641135 0.006745 -0.710170 0.040084 0.702856
1788232648.854329824 -1.901091 0.262804 4.641523 0.006590 -0.710829 0.040508 0.702166
1788232648.887668371 -1.919067 0.265554 4.633613 0.007077 -0.711613 0.041420 0.701314
1788232648.921007872 -1.931154 0.265508 4.634142 0.006999 -0.712555 0.041558 0.700350
1788232648.954347610 -1.944181 0.265366 4.633068 0.006858 -0.713379 0.041196 0.699533
1788232648.987687111 -1.957424 0.264567 4.628091 0.007219 -0.713907 0.040934 0.699006
1788232649.021026611 -1.970251 0.264840 4.626297 0.006914 -0.714483 0.040741 0.698432
1788232649.054366112 -1.984097 0.265398 4.624367 0.006557 -0.715045 0.040418 0.697878
1788232649.087705612 -1.997659 0.263870 4.622725 0.006430 -0.715923 0.039685 0.697020
1788232649.121046543 -2.009714 0.263406 4.620417 0.006034 -0.716606 0.039271 0.696346
1788232649.154390097 -2.023561 0.263974 4.617729 0.006307 -0.717101 0.038990 0.695850
1788232649.187733889 -2.037014 0.264201 4.614757 0.006376 -0.717906 0.038600 0.695039
1788232649.221077681 -2.048728 0.262929 4.612137 0.006506 -0.718632 0.038664 0.694284
1788232649.254421473 -2.061146 0.261197 4.611246 0.007153 -0.719229 0.038856 0.693649
1788232649.287765026 -2.071684 0.260370 4.607769 0.007590 -0.719845 0.039186 0.692986
1788232649.321107626 -2.083382 0.259084 4.606236 0.007770 -0.720685 0.039762 0.692078
1788232649.354451418 -2.095618 0.258416 4.605485 0.007902 -0.721444 0.039982 0.691273
1788232649.387794971 -2.106624 0.260128 4.602701 0.008369 -0.721971 0.040063 0.690712
1788232649.421138525 -2.116856 0.259217 4.599592 0.008522 -0.722727 0.039775 0.689935
1788232649.454482317 -2.130068 0.258223 4.597469 0.008449 -0.723399 0.039403 0.689253
1788232649.487826109 -2.143355 0.257922 4.596208 0.008381 -0.724114 0.039352 0.688506
1788232649.521169662 -2.156726 0.258108 4.593252 0.007965 -0.724892 0.039179 0.687701
1788232649.554513454 -2.169137 0.258382 4.592581 0.007452 -0.725609 0.038915 0.686965
1788232649.587857246 -2.183091 0.258960 4.591084 0.007799 -0.726494 0.038589 0.686044
1788232649.621201038 -2.196842 0.261157 4.588400 0.007746 -0.727462 0.038706 0.685012
1788232649.654544830 -2.210118 0.259674 4.586374 0.007497 -0.727979 0.038525 0.684475
1788232649.687888384 -2.221862 0.258371 4.584625 0.007339 -0.728495 0.038692 0.683918
1788232649.721232414 -2.232874 0.257037 4.583244 0.007022 -0.729269 0.038880 0.683085
1788232649.754576206 -2.244902 0.256977 4.579345 0.007256 -0.729868 0.039084 0.682431
1788232649.787919044 -2.257223 0.257280 4.575673 0.007355 -0.730604 0.038985 0.681648
1788232649.821262598 -2.270978 0.258019 4.575489 0.007272 -0.731494 0.038993 0.680694
1788232649.854606628 -2.283710 0.258108 4.574004 0.007210 -0.732182 0.039159 0.679944
1788232649.887950420 -2.297996 0.260022 4.572265 0.006972 -0.732849 0.039456 0.679210
1788232649.921294451 -2.308432 0.259453 4.569571 0.007049 -0.733562 0.039636 0.678429
1788232649.954638243 -2.321256 0.259832 4.568100 0.006933 -0.734447 0.040006 0.677451
1788232649.987982273 -2.333185 0.259619 4.565709 0.006705 -0.735175 0.040192 0.676651
1788232650.021326303 -2.345718 0.259161 4.564726 0.007075 -0.735971 0.040536 0.675762
1788232650.054669857 -2.357190 0.257515 4.562189 0.006825 -0.736506 0.040590 0.675178
1788232650.088013887 -2.369457 0.259235 4.557055 0.007132 -0.736865 0.040644 0.674779
1788232650.121355534 -2.382442 0.258100 4.554527 0.007307 -0.737657 0.040613 0.673914
1788232650.154693842 -2.395638 0.256732 4.553073 0.006669 -0.738503 0.040379 0.673008
1788232650.188032150 -2.406382 0.256964 4.551065 0.006584 -0.739086 0.040221 0.672377
1788232650.221369267 -2.420495 0.257505 4.548328 0.006611 -0.739920 0.040168 0.671462
1788232650.254707098 -2.432788 0.258029 4.544272 0.006359 -0.741366 0.040013 0.669877
1788232650.288045168 -2.445259 0.257476 4.539360 0.006429 -0.743144 0.039545 0.667931
1788232650.321383476 -2.456298 0.258052 4.534162 0.006589 -0.744588 0.039602 0.666316
1788232650.354721308 -2.469023 0.256627 4.530996 0.006436 -0.745924 0.039929 0.664802
1788232650.388059139 -2.481946 0.255089 4.527671 0.006003 -0.747705 0.040017 0.662797
1788232650.421397209 -2.492151 0.255052 4.522437 0.006646 -0.749838 0.039873 0.660385
1788232650.454735041 -2.503549 0.254689 4.515894 0.006770 -0.752042 0.039621 0.657888
1788232650.488072634 -2.516559 0.255755 4.510524 0.006556 -0.753984 0.039371 0.655679
1788232650.521410465 -2.531057 0.257114 4.503663 0.006186 -0.756308 0.039361 0.653001
1788232650.554748297 -2.542199 0.255729 4.498408 0.006168 -0.758688 0.039208 0.650244
1788232650.588085890 -2.553883 0.255735 4.492520 0.006100 -0.760999 0.039506 0.647521
1788232650.621423483 -2.566833 0.255761 4.487548 0.005705 -0.763531 0.039845 0.644516
1788232650.654760122 -2.576993 0.255796 4.480830 0.005599 -0.765795 0.040299 0.641796
1788232650.688097715 -2.589157 0.255212 4.475679 0.006070 -0.768245 0.040189 0.638865
1788232650.721435308 -2.599245 0.253569 4.468945 0.006553 -0.770790 0.039728 0.635816
1788232650.754772663 -2.611993 0.253632 4.459367 0.006587 -0.773273 0.039537 0.632806
1788232650.788110018 -2.623104 0.254395 4.453957 0.006560 -0.775712 0.039643 0.629806
1788232650.821447372 -2.636572 0.254575 4.444847 0.006656 -0.778166 0.039842 0.626758
1788232650.854784727 -2.645987 0.254924 4.439595 0.007112 -0.780835 0.040036 0.623413
1788232650.888122082 -2.654311 0.254453 4.432216 0.006689 -0.783446 0.039985 0.620136
1788232650.921458960 -2.666411 0.252990 4.422832 0.006420 -0.786052 0.039754 0.616848
1788232650.954796076 -2.677314 0.253191 4.414725 0.006731 -0.788812 0.039657 0.613317
1788232650.988133430 -2.688319 0.250790 4.405749 0.007026 -0.791864 0.039400 0.609384
1788232651.021470547 -2.701049 0.251105 4.394940 0.007203 -0.795148 0.039132 0.605109
1788232651.054807425 -2.711197 0.251435 4.387355 0.007004 -0.798235 0.039435 0.601014
1788232651.088144779 -2.721986 0.251419 4.379326 0.007017 -0.801049 0.039942 0.597223
1788232651.121480703 -2.731439 0.251942 4.370829 0.007518 -0.803730 0.040678 0.593555
1788232651.154818773 -2.741594 0.251767 4.361833 0.007739 -0.806544 0.041053 0.589696
1788232651.188156366 -2.752547 0.252809 4.354199 0.007744 -0.809519 0.041504 0.585573
1788232651.221494198 -2.768994 0.246294 4.354301 0.006725 -0.813511 0.041091 0.580057
1788232651.254832029 -2.780236 0.248722 4.344390 0.007149 -0.816739 0.041056 0.575500
1788232651.288169622 -2.788679 0.249100 4.332036 0.007662 -0.819937 0.040691 0.570954
1788232651.321507454 -2.800901 0.249145 4.319820 0.008180 -0.823136 0.040447 0.566343
1788232651.354845047 -2.810536 0.249390 4.311612 0.008068 -0.826314 0.040573 0.561688
1788232651.388182640 -2.820075 0.248162 4.299200 0.007883 -0.829133 0.040911 0.557497
1788232651.421520472 -2.828553 0.247204 4.290125 0.008280 -0.832137 0.041518 0.552953
1788232651.454858303 -2.835007 0.247012 4.282859 0.008524 -0.835243 0.042463 0.548172
1788232651.488195896 -2.845001 0.246530 4.273585 0.008260 -0.838331 0.043451 0.543364
1788232651.521533489 -2.852949 0.244929 4.264410 0.008229 -0.841186 0.044123 0.538880
1788232651.554870129 -2.867549 0.245574 4.258348 0.008795 -0.844837 0.044627 0.533086
1788232651.588208199 -2.876058 0.244653 4.245750 0.008745 -0.848114 0.044489 0.527869
1788232651.621545792 -2.883774 0.245349 4.232213 0.008881 -0.851250 0.044157 0.522824
1788232651.654883385 -2.889717 0.245332 4.218669 0.009423 -0.854234 0.043923 0.517945
1788232651.688220978 -2.901186 0.244537 4.205265 0.009789 -0.857549 0.044064 0.512418
1788232651.721558571 -2.911125 0.244603 4.195859 0.009212 -0.860799 0.044509 0.506912
1788232651.754896164 -2.922770 0.245902 4.184462 0.009026 -0.863898 0.045501 0.501526
1788232651.788233995 -2.930496 0.242571 4.173874 0.009415 -0.866920 0.045968 0.496234
1788232651.821571589 -2.936310 0.242460 4.163268 0.009485 -0.870130 0.046389 0.490543
1788232651.854909182 -2.943720 0.243352 4.150373 0.009337 -0.873079 0.046454 0.485271
1788232651.888247013 -2.947618 0.241606 4.137637 0.009575 -0.875853 0.046504 0.480237
1788232651.921584606 -2.954559 0.241885 4.125359 0.010043 -0.878814 0.046678 0.474769
1788232651.954922438 -2.960680 0.240958 4.114493 0.009677 -0.881750 0.046773 0.469293
1788232651.988258600 -2.965802 0.238530 4.102965 0.009241 -0.884447 0.047108 0.464165
1788232652.021596193 -2.972089 0.237976 4.091174 0.009872 -0.887066 0.047673 0.459068
1788232652.054933786 -2.979290 0.236630 4.080118 0.010060 -0.889924 0.047949 0.453471
1788232652.088271379 -2.990947 0.236618 4.072113 0.008822 -0.893247 0.048411 0.446865
1788232652.121609926 -2.994410 0.234464 4.061115 0.008444 -0.895971 0.048356 0.441392
1788232652.154948235 -3.000071 0.233838 4.048486 0.008980 -0.898820 0.048552 0.435528
1788232652.188286781 -3.003057 0.233182 4.035024 0.009100 -0.901622 0.048173 0.429737
1788232652.221625090 -3.010664 0.232037 4.023722 0.008824 -0.904317 0.048063 0.424055
1788232652.254963875 -3.014342 0.232355 4.011095 0.009289 -0.906934 0.048245 0.418398
1788232652.288302183 -3.020598 0.232150 3.997903 0.009146 -0.909770 0.048350 0.412186
1788232652.321640491 -3.026836 0.231650 3.984422 0.008744 -0.912459 0.048370 0.406206
1788232652.354979038 -3.032035 0.236159 3.973172 0.009074 -0.915008 0.048868 0.400362
1788232652.388317108 -3.032791 0.233991 3.962704 0.009109 -0.917496 0.049125 0.394594
1788232652.421655416 -3.037207 0.233219 3.949383 0.009024 -0.920085 0.049146 0.388520
1788232652.454992533 -3.043909 0.232873 3.936607 0.008737 -0.922576 0.049170 0.382568
1788232652.488330603 -3.047476 0.230816 3.924709 0.008193 -0.924913 0.049261 0.376885
1788232652.521668673 -3.049103 0.231459 3.911793 0.008763 -0.927272 0.049645 0.370978
1788232652.555006742 -3.053504 0.229170 3.899210 0.008808 -0.929633 0.049837 0.364995
1788232652.588345051 -3.056456 0.228176 3.886509 0.008536 -0.931896 0.050042 0.359155
1788232652.621683121 -3.059388 0.226894 3.874261 0.008616 -0.934174 0.050016 0.353190
1788232652.655020952 -3.061670 0.226069 3.860977 0.008737 -0.936420 0.049996 0.347191
1788232652.688358784 -3.065924 0.226316 3.847507 0.008890 -0.938686 0.049723 0.341052
1788232652.721696615 -3.073268 0.226723 3.832432 0.009067 -0.940996 0.049528 0.334652
1788232652.755034447 -3.076038 0.225923 3.819242 0.009382 -0.943174 0.049445 0.328465
1788232652.788372278 -3.076784 0.225231 3.805575 0.009723 -0.945298 0.049590 0.322269
1788232652.821710110 -3.081652 0.223730 3.792747 0.009605 -0.947457 0.049956 0.315813
1788232652.855047703 -3.084253 0.223140 3.780698 0.009322 -0.949462 0.050351 0.309678
1788232652.888384342 -3.086859 0.222110 3.768713 0.008958 -0.951385 0.051013 0.303618
1788232652.921721935 -3.090461 0.221896 3.755533 0.009330 -0.953301 0.051462 0.297460
1788232652.955059528 -3.090871 0.219314 3.741464 0.009132 -0.955154 0.051512 0.291453
1788232652.988397360 -3.094008 0.218731 3.727984 0.008857 -0.957123 0.050877 0.285042
1788232653.021734715 -3.097232 0.218306 3.711906 0.009007 -0.959054 0.050311 0.278572
1788232653.055072308 -3.093830 0.216404 3.700888 0.009014 -0.960772 0.050296 0.272592
1788232653.088409662 -3.098887 0.214575 3.687720 0.009068 -0.962530 0.050115 0.266349
1788232653.121746302 -3.099650 0.214044 3.675550 0.009029 -0.964196 0.050356 0.260209
1788232653.155081511 -3.101521 0.213068 3.663133 0.009375 -0.965859 0.051150 0.253797
1788232653.188416958 -3.099663 0.212412 3.652396 0.009445 -0.967483 0.052184 0.247316
1788232653.221752167 -3.100455 0.210870 3.643323 0.008687 -0.969051 0.053020 0.240944
1788232653.255086899 -3.102544 0.208407 3.632417 0.008241 -0.970502 0.053661 0.234900
1788232653.288422346 -3.101171 0.205763 3.621039 0.008193 -0.971937 0.054113 0.228786
1788232653.321756363 -3.101015 0.204664 3.608342 0.008077 -0.973378 0.054388 0.222511
1788232653.355091095 -3.102469 0.204065 3.591593 0.008117 -0.974758 0.054443 0.216373
1788232653.388426065 -3.101238 0.201179 3.579035 0.008241 -0.976140 0.054552 0.210018
1788232653.421760798 -3.098939 0.197266 3.566305 0.008172 -0.977492 0.054485 0.203651
1788232653.455096006 -3.102843 0.196732 3.552161 0.007929 -0.978855 0.054596 0.196978
1788232653.488430500 -3.101523 0.196333 3.539837 0.008167 -0.980037 0.054938 0.190899
1788232653.521764994 -3.101937 0.195374 3.527763 0.008498 -0.981283 0.055130 0.184314
1788232653.555099726 -3.097484 0.194685 3.518490 0.008579 -0.982477 0.055042 0.177865
1788232653.588434458 -3.097450 0.193964 3.504997 0.008517 -0.983658 0.054922 0.171256
1788232653.621768713 -3.095584 0.192888 3.491630 0.008529 -0.984728 0.055121 0.164921
1788232653.655103445 -3.097060 0.193548 3.476604 0.008582 -0.985824 0.055385 0.158147
1788232653.688437939 -3.093055 0.191039 3.466702 0.008008 -0.986796 0.055622 0.151908
1788232653.721772194 -3.092941 0.188896 3.454832 0.007707 -0.987713 0.055936 0.145721
1788232653.755106449 -3.094899 0.189371 3.440874 0.008090 -0.988672 0.056275 0.138910
1788232653.788439751 -3.091820 0.188893 3.426034 0.008027 -0.989615 0.055915 0.132182
1788232653.821773767 -3.089742 0.188116 3.412722 0.007861 -0.990509 0.055293 0.125593
1788232653.855108023 -3.087935 0.187952 3.399871 0.008199 -0.991280 0.055219 0.119367
1788232653.888442039 -3.084651 0.186366 3.387044 0.008673 -0.992030 0.055014 0.113024
1788232653.921776295 -3.087191 0.186074 3.373812 0.008570 -0.992658 0.054927 0.107419
1788232653.955110312 -3.086883 0.186118 3.361181 0.008399 -0.993169 0.054979 0.102574
1788232653.988444090 -3.085202 0.185196 3.348877 0.008401 -0.993676 0.055195 0.097420
1788232654.021778107 -3.084288 0.184261 3.334789 0.008253 -0.994160 0.055021 0.092471
1788232654.055111885 -3.083487 0.185012 3.323220 0.008161 -0.994503 0.054878 0.088806
1788232654.088445663 -3.082941 0.186108 3.308715 0.008135 -0.994758 0.055051 0.085787
1788232654.121784449 -3.084319 0.184093 3.297073 0.008051 -0.994995 0.054844 0.083142
1788232654.155130625 -3.067421 0.192053 3.279191 0.009337 -0.995001 0.054929 0.082881
1788232654.188477039 -3.069366 0.191189 3.268342 0.009227 -0.995167 0.054676 0.081047
1788232654.221822023 -3.072471 0.191108 3.255027 0.009146 -0.995219 0.054689 0.080407
1788232654.255168438 -3.073058 0.190529 3.242864 0.008788 -0.995222 0.054584 0.080483
1788232654.288514614 -3.076061 0.190280 3.229513 0.008917 -0.995252 0.054527 0.080135
1788232654.321861029 -3.076725 0.189699 3.217645 0.008882 -0.995292 0.054883 0.079388
1788232654.355207205 -3.080196 0.187890 3.205766 0.008348 -0.995365 0.054737 0.078625
1788232654.388553858 -3.082374 0.189948 3.194485 0.008247 -0.995374 0.055032 0.078318
1788232654.421900511 -3.084561 0.188082 3.182611 0.008210 -0.995407 0.055403 0.077637
1788232654.455246925 -3.086076 0.186450 3.171072 0.008145 -0.995436 0.055445 0.077242
1788232654.488593578 -3.088429 0.186033 3.157824 0.008375 -0.995452 0.055558 0.076936
1788232654.521940231 -3.092820 0.187405 3.140857 0.008706 -0.995537 0.055266 0.075998
1788232654.555286884 -3.094813 0.186873 3.128019 0.008688 -0.995594 0.054939 0.075485
1788232654.588633776 -3.096659 0.186530 3.115594 0.008718 -0.995638 0.054724 0.075067
1788232654.621980190 -3.097884 0.187133 3.100988 0.008875 -0.995686 0.054346 0.074682
1788232654.655326366 -3.099957 0.185356 3.088717 0.009021 -0.995749 0.053832 0.074199
1788232654.688673019 -3.101021 0.185648 3.075391 0.009053 -0.995795 0.053711 0.073659
1788232654.722020149 -3.102699 0.185926 3.061994 0.008944 -0.995848 0.053566 0.073062
1788232654.755367041 -3.104558 0.184742 3.049478 0.008723 -0.995870 0.053697 0.072692
1788232654.788714170 -3.106021 0.183731 3.037766 0.008493 -0.995898 0.053769 0.072272
1788232654.822061062 -3.109512 0.183392 3.024698 0.008426 -0.995965 0.053475 0.071583
1788232654.855407953 -3.109002 0.182525 3.012650 0.008464 -0.995994 0.053435 0.071191
1788232654.888755322 -3.111187 0.182385 2.999768 0.008546 -0.996046 0.053160 0.070664
1788232654.922102451 -3.114616 0.180265 2.987005 0.008469 -0.996114 0.052801 0.069979
1788232654.955449820 -3.116741 0.182435 2.975566 0.008337 -0.996139 0.052834 0.069612
1788232654.988796949 -3.117518 0.180839 2.961305 0.008224 -0.996192 0.052355 0.069227
1788232655.022144318 -3.119894 0.180337 2.950297 0.008213 -0.996253 0.052077 0.068565
1788232655.055491447 -3.118882 0.179597 2.937091 0.008205 -0.996287 0.051921 0.068191
1788232655.088839054 -3.124290 0.179982 2.923532 0.008146 -0.996350 0.051491 0.067590
1788232655.122182369 -3.124905 0.179104 2.911041 0.008023 -0.996370 0.051487 0.067316
1788232655.155522108 -3.129286 0.178525 2.898237 0.008204 -0.996435 0.051216 0.066541
1788232655.188861847 -3.131199 0.177446 2.886147 0.008506 -0.996503 0.050688 0.065885
1788232655.222201824 -3.130636 0.179903 2.873680 0.009041 -0.996579 0.050351 0.064905
1788232655.255541801 -3.130905 0.180245 2.860658 0.009089 -0.996604 0.050450 0.064446
1788232655.288881779 -3.132297 0.179305 2.848238 0.008710 -0.996620 0.050606 0.064124
1788232655.322221518 -3.133953 0.178841 2.836152 0.008414 -0.996651 0.050756 0.063558
1788232655.355561256 -3.135825 0.178586 2.823433 0.008394 -0.996676 0.050920 0.063039
1788232655.388901234 -3.135204 0.177661 2.811965 0.008601 -0.996704 0.051258 0.062286
1788232655.422241211 -3.135756 0.177303 2.798920 0.008670 -0.996744 0.051438 0.061480
1788232655.455580950 -3.137823 0.177658 2.788566 0.008716 -0.996779 0.051522 0.060830
1788232655.488920927 -3.136852 0.176556 2.776339 0.008727 -0.996850 0.051453 0.059718
1788232655.522260904 -3.137998 0.176467 2.762506 0.008432 -0.996984 0.051212 0.057703
1788232655.555599689 -3.139146 0.176096 2.751544 0.008578 -0.997132 0.051136 0.055138
1788232655.588939667 -3.137547 0.175620 2.738782 0.008767 -0.997259 0.051282 0.052617
1788232655.622279644 -3.140094 0.174127 2.726996 0.008326 -0.997412 0.051250 0.049739
1788232655.655619383 -3.138541 0.173365 2.716280 0.008102 -0.997517 0.051318 0.047555
1788232655.688959360 -3.139302 0.173191 2.703563 0.008251 -0.997605 0.051711 0.045184
1788232655.722299337 -3.138438 0.172345 2.694150 0.008447 -0.997692 0.052073 0.042751
1788232655.755639076 -3.135640 0.172205 2.680893 0.008343 -0.997810 0.051823 0.040253
1788232655.788979053 -3.135384 0.171470 2.667868 0.008554 -0.997909 0.051708 0.037815
1788232655.822319031 -3.134383 0.170762 2.656213 0.008357 -0.998002 0.051678 0.035376
1788232655.855658770 -3.135390 0.169738 2.644259 0.007977 -0.998111 0.051482 0.032571
1788232655.888998747 -3.132345 0.169142 2.630800 0.007976 -0.998192 0.051627 0.029721
1788232655.922338724 -3.131812 0.168867 2.619867 0.007887 -0.998267 0.051770 0.026865
1788232655.955678463 -3.133689 0.168296 2.605580 0.007595 -0.998347 0.051736 0.023856
1788232655.989017487 -3.131171 0.168981 2.590932 0.007270 -0.998415 0.051672 0.021104
1788232656.022357702 -3.128255 0.167635 2.578581 0.007916 -0.998458 0.051772 0.018426
1788232656.055697203 -3.126385 0.165765 2.566337 0.008228 -0.998507 0.051675 0.015671
1788232656.089037180 -3.125460 0.165910 2.554999 0.007761 -0.998559 0.051347 0.013510
1788232656.122380257 -3.124167 0.166321 2.542128 0.007361 -0.998578 0.051262 0.012628
1788232656.155726910 -3.123367 0.164808 2.529448 0.007233 -0.998584 0.051286 0.012172
1788232656.189074039 -3.125763 0.164161 2.516782 0.007305 -0.998591 0.051306 0.011385
1788232656.222421169 -3.126151 0.163524 2.504500 0.007310 -0.998621 0.050885 0.010692
1788232656.255768061 -3.126416 0.163464 2.490695 0.007602 -0.998635 0.050701 0.010004
1788232656.289115191 -3.129062 0.163641 2.475017 0.007532 -0.998637 0.050820 0.009225
1788232656.322462559 -3.128547 0.163646 2.461334 0.007448 -0.998658 0.050468 0.008957
1788232656.355809927 -3.129251 0.163014 2.449305 0.007719 -0.998660 0.050494 0.008341
1788232656.389157295 -3.127869 0.161536 2.437222 0.007806 -0.998671 0.050343 0.007772
1788232656.422504902 -3.128147 0.161549 2.423941 0.007661 -0.998687 0.050094 0.007486
1788232656.455851316 -3.129762 0.160588 2.412331 0.007829 -0.998661 0.050626 0.007229
1788232656.489198923 -3.129605 0.159853 2.401846 0.007404 -0.998632 0.051285 0.007042
1788232656.522546768 -3.130211 0.159394 2.390275 0.007314 -0.998608 0.051757 0.007119
1788232656.555894613 -3.132258 0.158238 2.380621 0.007326 -0.998554 0.052813 0.006874
1788232656.589242458 -3.131732 0.157171 2.367699 0.007195 -0.998543 0.053084 0.006483
1788232656.622590303 -3.133160 0.157445 2.355246 0.007367 -0.998550 0.052958 0.006232
1788232656.655938387 -3.129359 0.158326 2.342393 0.007814 -0.998528 0.053316 0.006147
1788232656.689286470 -3.127384 0.157344 2.328692 0.007973 -0.998524 0.053376 0.006186
1788232656.722634554 -3.128133 0.156012 2.317140 0.008415 -0.998526 0.053261 0.006153
1788232656.755982637 -3.127379 0.155932 2.304282 0.008563 -0.998510 0.053595 0.005720
1788232656.789330959 -3.127769 0.154835 2.292189 0.008320 -0.998519 0.053489 0.005386
1788232656.822679758 -3.129011 0.154367 2.281438 0.008351 -0.998513 0.053598 0.005412
1788232656.856028318 -3.127863 0.154798 2.268433 0.008234 -0.998489 0.054083 0.005198
1788232656.889375687 -3.128900 0.154549 2.257359 0.008438 -0.998484 0.054164 0.005023
1788232656.922724247 -3.126043 0.153626 2.244489 0.008885 -0.998479 0.054158 0.005203
1788232656.956072807 -3.126567 0.151298 2.232067 0.009074 -0.998497 0.053849 0.004692
1788232656.989421606 -3.127723 0.152310 2.218220 0.009092 -0.998523 0.053378 0.004446
1788232657.022770643 -3.124278 0.152837 2.204084 0.009224 -0.998525 0.053322 0.004528
1788232657.056119442 -3.124353 0.152132 2.190803 0.009076 -0.998531 0.053235 0.004392
1788232657.089468241 -3.125067 0.150695 2.178715 0.009101 -0.998542 0.053037 0.004308
1788232657.122814655 -3.124803 0.150260 2.166928 0.009108 -0.998531 0.053253 0.004098
1788232657.156156778 -3.124978 0.148835 2.154599 0.008865 -0.998528 0.053369 0.003855
1788232657.189499140 -3.124491 0.149172 2.143442 0.008734 -0.998512 0.053692 0.003834
1788232657.222841740 -3.125803 0.148071 2.133307 0.008498 -0.998495 0.054078 0.003367
1788232657.256183863 -3.125618 0.146378 2.121546 0.008336 -0.998477 0.054431 0.003404
1788232657.289526463 -3.127357 0.146063 2.110893 0.008329 -0.998447 0.054994 0.003284
1788232657.322867870 -3.126206 0.146099 2.097954 0.008046 -0.998424 0.055451 0.003073
1788232657.356210232 -3.128414 0.144808 2.086222 0.007980 -0.998443 0.055139 0.002725
1788232657.389552832 -3.126253 0.145296 2.072984 0.007901 -0.998440 0.055195 0.002860
1788232657.422895432 -3.128624 0.144394 2.059338 0.007896 -0.998458 0.054889 0.002413
1788232657.456238031 -3.126852 0.144169 2.046165 0.008174 -0.998474 0.054551 0.002534
1788232657.489580393 -3.126572 0.143439 2.033218 0.008234 -0.998482 0.054421 0.002285
1788232657.522922754 -3.130137 0.141451 2.017218 0.007706 -0.998507 0.054056 0.001357
1788232657.556265593 -3.130337 0.141798 2.004858 0.007580 -0.998508 0.054054 0.001506
1788232657.589607954 -3.131283 0.141903 1.991150 0.007610 -0.998509 0.054044 0.001304
1788232657.622950792 -3.131569 0.141962 1.979611 0.007925 -0.998521 0.053771 0.000883
1788232657.656293154 -3.132295 0.139862 1.966390 0.008365 -0.998516 0.053814 0.000646
1788232657.689636230 -3.133016 0.139123 1.953889 0.008508 -0.998513 0.053853 0.000275
1788232657.722978830 -3.130515 0.137890 1.942865 0.008490 -0.998506 0.053979 0.000149
1788232657.756321669 -3.131758 0.136796 1.930892 -0.008214 0.998483 -0.054453 0.000030
1788232657.789663076 -3.130885 0.135605 1.919005 -0.008021 0.998472 -0.054672 0.000205
1788232657.823006153 -3.128881 0.135172 1.907936 -0.007890 0.998455 -0.054999 0.000147
1788232657.856348753 -3.129556 0.135595 1.896069 -0.008064 0.998423 -0.055549 0.000202
1788232657.889691830 -3.131123 0.135665 1.884488 -0.008219 0.998413 -0.055703 0.000574
1788232657.923034430 -3.129577 0.134787 1.871189 -0.008371 0.998420 -0.055555 0.000717
1788232657.956377268 -3.131850 0.135054 1.858383 -0.008824 0.998428 -0.055339 0.000857
1788232657.989720345 -3.129269 0.134072 1.844212 -0.009332 0.998455 -0.054773 0.001009
1788232658.023063183 -3.127535 0.134757 1.831643 -0.009662 0.998448 -0.054832 0.001175
1788232658.056406021 -3.127735 0.133237 1.819022 -0.009741 0.998460 -0.054601 0.001368
1788232658.089749098 -3.126374 0.133134 1.807745 -0.009431 0.998470 -0.054467 0.001465
1788232658.123090982 -3.128325 0.131376 1.795035 -0.009283 0.998479 -0.054319 0.001758
1788232658.156431437 -3.128820 0.130277 1.781066 -0.009380 0.998492 -0.054045 0.002096
1788232658.189771891 -3.126388 0.128784 1.769873 -0.009582 0.998497 -0.053922 0.002089
1788232658.223111391 -3.124356 0.128052 1.756913 -0.009763 0.998484 -0.054143 0.001950
1788232658.256451607 -3.124029 0.128978 1.744923 -0.009760 0.998495 -0.053921 0.002268
1788232658.289792061 -3.123458 0.128897 1.732602 -0.009662 0.998498 -0.053874 0.002520
1788232658.323132515 -3.123984 0.129428 1.719082 -0.009476 0.998494 -0.053973 0.002521
1788232658.356472731 -3.125467 0.128334 1.702743 -0.009081 0.998519 -0.053581 0.002733
1788232658.389813185 -3.126228 0.127356 1.690254 -0.009058 0.998507 -0.053765 0.003184
1788232658.423153877 -3.127230 0.125701 1.678582 -0.008930 0.998494 -0.054030 0.003382
1788232658.456493855 -3.128445 0.125636 1.666345 -0.008642 0.998496 -0.054028 0.003542
1788232658.489834309 -3.127637 0.126212 1.652782 -0.008373 0.998480 -0.054363 0.003601
1788232658.523174763 -3.127458 0.126650 1.642108 -0.008287 0.998474 -0.054459 0.003787
1788232658.556514978 -3.128996 0.125310 1.628834 -0.008176 0.998471 -0.054513 0.004069
1788232658.589855433 -3.129037 0.124894 1.617007 -0.008213 0.998462 -0.054678 0.004170
1788232658.623195648 -3.128384 0.124166 1.603828 -0.008176 0.998483 -0.054281 0.004294
1788232658.656534910 -3.131213 0.123405 1.588053 -0.008064 0.998505 -0.053857 0.004771
1788232658.689875126 -3.130553 0.125052 1.573505 -0.007814 0.998507 -0.053852 0.004800
1788232658.723215580 -3.129539 0.123155 1.560984 -0.007668 0.998537 -0.053311 0.004729
1788232658.756555796 -3.130903 0.125152 1.549159 -0.007682 0.998523 -0.053528 0.005171
1788232658.789895773 -3.133297 0.123936 1.536860 -0.007644 0.998517 -0.053611 0.005584
1788232658.823236227 -3.132482 0.123583 1.524460 -0.007576 0.998529 -0.053407 0.005437
1788232658.856576681 -3.130400 0.122749 1.510720 -0.007445 0.998535 -0.053330 0.005376
1788232658.889916420 -3.130366 0.124167 1.498030 -0.007498 0.998531 -0.053359 0.005675
1788232658.923256874 -3.129606 0.122551 1.485148 -0.007802 0.998539 -0.053134 0.005927
1788232658.956597090 -3.130351 0.121195 1.472293 -0.007922 0.998539 -0.053103 0.006163
1788232658.989937305 -3.131869 0.120041 1.458566 -0.007754 0.998562 -0.052673 0.006282
1788232659.023277521 -3.132243 0.119244 1.445913 -0.007678 0.998577 -0.052387 0.006435
1788232659.056617737 -3.131310 0.118817 1.433263 -0.007452 0.998575 -0.052449 0.006488
1788232659.089957952 -3.130362 0.119415 1.419749 -0.007330 0.998582 -0.052306 0.006585
1788232659.123299122 -3.131716 0.117765 1.406930 -0.007355 0.998566 -0.052586 0.006891
1788232659.156644344 -3.129998 0.120031 1.396466 -0.007295 0.998529 -0.053312 0.006727
1788232659.189989567 -3.130663 0.120062 1.383405 -0.007446 0.998516 -0.053516 0.006796
1788232659.223335028 -3.131517 0.117462 1.370908 -0.007488 0.998508 -0.053620 0.007091
1788232659.256680250 -3.130790 0.116593 1.358521 -0.007500 0.998509 -0.053596 0.007115
1788232659.290025949 -3.129518 0.114775 1.346750 -0.007986 0.998519 -0.053332 0.007183
1788232659.323370934 -3.125700 0.114711 1.333455 -0.008392 0.998507 -0.053474 0.007331
1788232659.356716394 -3.124202 0.113268 1.321293 -0.008655 0.998527 -0.053049 0.007415
1788232659.390061855 -3.126679 0.114162 1.307055 -0.008972 0.998519 -0.053122 0.007580
1788232659.423407316 -3.127103 0.110901 1.297069 -0.008862 0.998516 -0.053146 0.007912
1788232659.456752777 -3.126667 0.111295 1.284763 -0.008845 0.998523 -0.052998 0.008074
1788232659.490098238 -3.124379 0.112966 1.269676 -0.009054 0.998518 -0.053051 0.008102
1788232659.523443937 -3.122813 0.112458 1.258500 -0.009277 0.998522 -0.052915 0.008217
1788232659.556787968 -3.123774 0.111167 1.245345 -0.009181 0.998541 -0.052549 0.008387
1788232659.590133905 -3.122542 0.110619 1.235066 -0.009361 0.998533 -0.052668 0.008377
1788232659.623479366 -3.122354 0.108728 1.220904 -0.009217 0.998542 -0.052493 0.008557
1788232659.656824827 -3.120388 0.109560 1.208865 -0.009141 0.998548 -0.052390 0.008624
1788232659.690170765 -3.120689 0.108186 1.195790 -0.009285 0.998543 -0.052388 0.008969
1788232659.723516464 -3.121878 0.106786 1.182177 -0.009247 0.998543 -0.052356 0.009198
1788232659.756862164 -3.120725 0.106175 1.170404 -0.009089 0.998532 -0.052631 0.009065
1788232659.790207863 -3.122397 0.106821 1.159287 -0.008685 0.998493 -0.053378 0.009327
1788232659.823553562 -3.121773 0.105975 1.146955 -0.007897 0.998485 -0.053626 0.009478
1788232659.856899261 -3.122430 0.104538 1.136385 -0.007995 0.998471 -0.053837 0.009702
1788232659.890245199 -3.122845 0.102160 1.127031 -0.008034 0.998451 -0.054128 0.010040
1788232659.923591137 -3.123644 0.099821 1.102603 -0.007923 0.998461 -0.053896 0.010371
1788232659.956936836 -3.125063 0.099196 1.092869 -0.008042 0.998432 -0.054371 0.010610
1788232659.990281820 -3.125201 0.099209 1.079523 -0.007726 0.998421 -0.054608 0.010691
1788232660.023627520 -3.125887 0.098536 1.065843 -0.007623 0.998452 -0.054009 0.010852
1788232660.056973457 -3.125072 0.098933 1.052449 -0.007677 0.998458 -0.053830 0.011222
1788232660.090319395 -3.125831 0.096817 1.040745 -0.007725 0.998468 -0.053549 0.011601
1788232660.123662949 -3.126824 0.098882 1.027464 -0.007874 0.998476 -0.053428 0.011356
1788232660.157002926 -3.125608 0.097987 1.013171 -0.007832 0.998466 -0.053619 0.011395
1788232660.190342665 -3.125360 0.095418 1.003158 -0.007601 0.998484 -0.053274 0.011605
1788232660.223682404 -3.123830 0.095454 0.990570 -0.007706 0.998477 -0.053378 0.011639
1788232660.257022381 -3.122768 0.094701 0.978840 -0.007909 0.998459 -0.053644 0.011848
1788232660.290362120 -3.121302 0.094587 0.965731 -0.008056 0.998448 -0.053746 0.012144
1788232660.323702097 -3.120955 0.091871 0.955019 -0.008168 0.998432 -0.054034 0.012168
1788232660.357041597 -3.121196 0.088527 0.943366 -0.007885 0.998420 -0.054222 0.012463
1788232660.390381098 -3.121984 0.088160 0.931419 -0.007627 0.998404 -0.054538 0.012540
1788232660.423721075 -3.120466 0.089012 0.920377 -0.007621 0.998371 -0.055114 0.012611
1788232660.457059622 -3.120517 0.087678 0.908626 -0.007407 0.998346 -0.055499 0.013019
1788232660.490399361 -3.119893 0.087972 0.897133 -0.007680 0.998325 -0.055826 0.013142
1788232660.523739100 -3.119282 0.086108 0.885525 -0.007758 0.998309 -0.056085 0.013174
1788232660.557078362 -3.116159 0.084143 0.873687 -0.007687 0.998310 -0.056140 0.012909
1788232660.590418100 -3.118198 0.083911 0.861232 -0.007844 0.998309 -0.056059 0.013211
1788232660.623757362 -3.115966 0.083108 0.847483 -0.007948 0.998316 -0.055794 0.013722
1788232660.657097101 -3.115037 0.082405 0.833797 -0.008072 0.998326 -0.055549 0.013966
1788232660.690436363 -3.115722 0.081882 0.822074 -0.008082 0.998330 -0.055553 0.013661
1788232660.723775864 -3.116164 0.082663 0.809362 -0.007977 0.998320 -0.055669 0.013926
1788232660.757115364 -3.116640 0.081869 0.795957 -0.007885 0.998315 -0.055651 0.014414
1788232660.790454626 -3.113489 0.081462 0.784400 -0.008085 0.998308 -0.055785 0.014307
1788232660.823794127 -3.114372 0.081127 0.769998 -0.008366 0.998302 -0.055720 0.014789
1788232660.857133150 -3.113005 0.079189 0.759688 -0.008350 0.998318 -0.055423 0.014816
1788232660.890471458 -3.112784 0.078371 0.744119 -0.008190 0.998311 -0.055604 0.014730
1788232660.923810959 -3.113079 0.077873 0.732431 -0.008005 0.998316 -0.055544 0.014664
1788232660.957149982 -3.110868 0.077608 0.720061 -0.008146 0.998315 -0.055514 0.014770
1788232660.990489483 -3.109630 0.077551 0.707101 -0.008012 0.998305 -0.055565 0.015323
1788232661.023828506 -3.111731 0.074165 0.686271 -0.007449 0.998339 -0.054842 0.015991
1788232661.057167530 -3.113513 0.073514 0.674586 -0.006899 0.998338 -0.054983 0.015799
1788232661.090506554 -3.115925 0.071695 0.663169 -0.006560 0.998326 -0.055220 0.015917
1788232661.123845816 -3.114557 0.070120 0.651108 -0.006649 0.998334 -0.055025 0.016030
1788232661.157185078 -3.112191 0.069785 0.637792 -0.006641 0.998329 -0.055023 0.016351
1788232661.190524340 -3.113683 0.069833 0.625005 -0.006573 0.998325 -0.054933 0.016943
1788232661.223863602 -3.113527 0.070010 0.610104 -0.006155 0.998341 -0.054630 0.017113
1788232661.257202864 -3.114591 0.070602 0.599268 -0.005973 0.998324 -0.055016 0.016908
1788232661.290542126 -3.114638 0.070415 0.584940 -0.006169 0.998326 -0.055120 0.016428
1788232661.323880196 -3.111784 0.071553 0.571118 -0.006252 0.998332 -0.054914 0.016667
1788232661.357219458 -3.112810 0.066497 0.562656 -0.006826 0.998353 -0.054178 0.017612
1788232661.390558720 -3.110445 0.065253 0.550647 -0.007255 0.998378 -0.053638 0.017641
1788232661.423897743 -3.111032 0.064677 0.536521 -0.006927 0.998387 -0.053542 0.017592
1788232661.457237005 -3.111524 0.064083 0.524704 -0.006362 0.998381 -0.053795 0.017336
1788232661.490576267 -3.113949 0.063198 0.511651 -0.006094 0.998396 -0.053465 0.017616
1788232661.523915529 -3.113669 0.060240 0.499074 -0.006149 0.998410 -0.053009 0.018136
1788232661.557254791 -3.111077 0.061271 0.484058 -0.006094 0.998428 -0.052553 0.018517
1788232661.590594053 -3.109361 0.060819 0.471386 -0.005836 0.998460 -0.051995 0.018465
1788232661.623933315 -3.112232 0.059188 0.458312 -0.005378 0.998456 -0.052156 0.018324
1788232661.657272577 -3.112037 0.055251 0.444549 -0.004871 0.998496 -0.051564 0.017977
1788232661.690611839 -3.112133 0.055218 0.430524 -0.004871 0.998502 -0.051287 0.018420
1788232661.723950863 -3.111880 0.055300 0.417945 -0.005077 0.998482 -0.051476 0.018912
1788232661.757290363 -3.110330 0.055149 0.406232 -0.005149 0.998498 -0.051136 0.018982
1788232661.790628433 -3.110159 0.054714 0.392023 -0.004993 0.998494 -0.051296 0.018807
1788232661.823967934 -3.110431 0.053155 0.380903 -0.004947 0.998478 -0.051660 0.018685
1788232661.857306957 -3.113008 0.050858 0.369053 -0.004783 0.998468 -0.051679 0.019188
1788232661.890646458 -3.110265 0.050161 0.357256 -0.005029 0.998445 -0.052071 0.019262
1788232661.923985481 -3.109060 0.048720 0.345403 -0.005373 0.998430 -0.052247 0.019488
1788232661.957324982 -3.108801 0.051040 0.331276 -0.005569 0.998423 -0.052208 0.019863
1788232661.990664005 -3.108055 0.049773 0.318261 -0.005486 0.998418 -0.052309 0.019859
1788232662.024003267 -3.108487 0.049493 0.306165 -0.005488 0.998416 -0.052390 0.019771
1788232662.057342291 -3.108359 0.045752 0.295446 -0.005514 0.998441 -0.051801 0.020056
1788232662.090681791 -3.107485 0.047013 0.280695 -0.005620 0.998441 -0.051585 0.020553
1788232662.124020815 -3.105788 0.045801 0.267897 -0.005936 0.998475 -0.050826 0.020711
1788232662.157359362 -3.104871 0.046051 0.253775 -0.005938 0.998492 -0.050505 0.020699
1788232662.190698147 -3.104099 0.045282 0.239753 -0.005843 0.998484 -0.050798 0.020381
1788232662.224035740 -3.104233 0.045102 0.226788 -0.005822 0.998501 -0.050413 0.020521
1788232662.257374287 -3.103144 0.046334 0.212767 -0.005911 0.998482 -0.050591 0.020941
1788232662.290712833 -3.101058 0.041870 0.202512 -0.006059 0.998492 -0.050387 0.020952
1788232662.324051619 -3.101367 0.040168 0.190139 -0.005794 0.998499 -0.050166 0.021212
1788232662.357389927 -3.102081 0.039521 0.177818 -0.005469 0.998481 -0.050533 0.021254
1788232662.390728474 -3.102820 0.039118 0.165837 -0.005075 0.998453 -0.051058 0.021437
1788232662.424067259 -3.102153 0.037639 0.155159 -0.004792 0.998444 -0.051180 0.021606
1788232662.457405567 -3.101564 0.038226 0.141198 -0.004638 0.998420 -0.051606 0.021731
1788232662.490744114 -3.099582 0.037341 0.129010 -0.004788 0.998424 -0.051488 0.021812
1788232662.524082661 -3.098938 0.035992 0.116802 -0.004855 0.998419 -0.051487 0.022032
1788232662.557421207 -3.100704 0.033992 0.104720 -0.004741 0.998402 -0.051739 0.022211
1788232662.590759516 -3.100437 0.033587 0.092458 -0.004686 0.998403 -0.051731 0.022228
1788232662.624097824 -3.100773 0.030686 0.081564 -0.004695 0.998411 -0.051415 0.022585
1788232662.657435417 -3.100661 0.030697 0.068277 -0.004567 0.998407 -0.051369 0.022887
1788232662.690773964 -3.100564 0.031713 0.054465 -0.004540 0.998421 -0.051048 0.023022
1788232662.724112272 -3.099843 0.030625 0.042053 -0.004806 0.998418 -0.050997 0.023195
1788232662.757450581 -3.099696 0.030651 0.028480 -0.005134 0.998418 -0.050892 0.023363
1788232662.790788889 -3.097214 0.029804 0.016147 -0.005378 0.998420 -0.050823 0.023337
1788232662.824127436 -3.098502 0.027358 0.004452 -0.005174 0.998397 -0.051060 0.023867
1788232662.857465506 -3.099847 0.025295 -0.008002 -0.004854 0.998380 -0.051215 0.024326
1788232662.890803814 -3.098383 0.024915 -0.019875 -0.004809 0.998351 -0.051701 0.024471
1788232662.924141884 -3.097772 0.020411 -0.027558 -0.004813 0.998339 -0.051863 0.024609
1788232662.957480192 -3.097682 0.019476 -0.038671 -0.004777 0.998323 -0.052154 0.024672
1788232662.990818501 -3.098397 0.019137 -0.050342 -0.004618 0.998291 -0.052648 0.024946
1788232663.024156809 -3.098331 0.018114 -0.061227 -0.004409 0.998260 -0.053115 0.025244
1788232663.057494879 -3.098128 0.018674 -0.074211 -0.004214 0.998265 -0.052890 0.025527
1788232663.090832949 -3.096720 0.017985 -0.087497 -0.004473 0.998246 -0.052972 0.026047
1788232663.124170303 -3.095809 0.016468 -0.099999 -0.004544 0.998233 -0.052945 0.026579
1788232663.157508135 -3.092652 0.013521 -0.111458 -0.004759 0.998256 -0.052523 0.026525
1788232663.190846205 -3.093444 0.011342 -0.122408 -0.004623 0.998228 -0.052687 0.027279
1788232663.224184275 -3.093678 0.012789 -0.137403 -0.004179 0.998189 -0.053042 0.028058
1788232663.257522106 -3.091321 0.012315 -0.152341 -0.004529 0.998194 -0.052854 0.028207
1788232663.290859938 -3.089950 0.013063 -0.166316 -0.004734 0.998168 -0.053054 0.028712
1788232663.324197769 -3.089190 0.011544 -0.178543 -0.004807 0.998175 -0.052635 0.029216
1788232663.357535601 -3.086890 0.011131 -0.191421 -0.005001 0.998165 -0.052727 0.029363
1788232663.390873194 -3.084679 0.010908 -0.204002 -0.005261 0.998142 -0.052794 0.029968
1788232663.424210787 -3.083054 0.010807 -0.218160 -0.005114 0.998155 -0.052295 0.030420
1788232663.457548380 -3.081671 0.008352 -0.230097 -0.005175 0.998144 -0.052057 0.031170
1788232663.490885973 -3.080709 0.008583 -0.244361 -0.005323 0.998100 -0.052197 0.032290
1788232663.524223804 -3.079968 0.006595 -0.255465 -0.005254 0.998097 -0.051973 0.032756
1788232663.557560444 -3.078752 0.007811 -0.267312 -0.005260 0.998044 -0.052591 0.033402
1788232663.590897799 -3.076919 -0.000216 -0.278312 -0.005139 0.998037 -0.052112 0.034341
1788232663.624235153 -3.075556 0.000409 -0.291037 -0.004644 0.998011 -0.052038 0.035273
1788232663.657572985 -3.074790 0.000140 -0.303928 -0.004650 0.997953 -0.052269 0.036550
1788232663.690910339 -3.072252 -0.000724 -0.314898 -0.004850 0.997910 -0.052318 0.037609
1788232663.724247456 -3.070088 -0.002500 -0.327600 -0.004974 0.997886 -0.052135 0.038485
1788232663.757584810 -3.068107 -0.002904 -0.341891 -0.005258 0.997847 -0.051883 0.039773
1788232663.790922403 -3.066235 -0.004989 -0.352303 -0.005377 0.997793 -0.051752 0.041246
1788232663.824259520 -3.062943 -0.005735 -0.364037 -0.005257 0.997715 -0.051917 0.042925
1788232663.857596636 -3.061764 -0.003160 -0.378572 -0.005042 0.997615 -0.052112 0.044989
1788232663.890933514 -3.058027 -0.004754 -0.389576 -0.005645 0.997497 -0.052549 0.046971
1788232663.924270868 -3.053354 -0.006478 -0.399399 -0.005390 0.997431 -0.052226 0.048736
1788232663.957607985 -3.050272 -0.007221 -0.412245 -0.005342 0.997353 -0.052008 0.050539
1788232663.990944147 -3.045898 -0.005826 -0.423720 -0.005608 0.997217 -0.052392 0.052748
1788232664.024281263 -3.042475 -0.008568 -0.435004 -0.006049 0.997076 -0.052382 0.055314
1788232664.057618141 -3.039016 -0.010252 -0.446995 -0.006146 0.996938 -0.051948 0.058127
1788232664.090954781 -3.034573 -0.010559 -0.459671 -0.006226 0.996806 -0.051612 0.060625
1788232664.124293566 -3.031840 -0.010263 -0.471462 -0.006010 0.996652 -0.051811 0.062966
1788232664.157639980 -3.029574 -0.011389 -0.485105 -0.005240 0.996519 -0.051399 0.065430
1788232664.190986633 -3.028983 -0.012947 -0.496765 -0.004863 0.996347 -0.051457 0.067984
1788232664.224333525 -3.025589 -0.014395 -0.507414 -0.005089 0.996165 -0.051853 0.070293
1788232664.257679939 -3.019430 -0.016488 -0.516553 -0.004769 0.996029 -0.051141 0.072718
1788232664.291026831 -3.015131 -0.016233 -0.530349 -0.004508 0.995826 -0.051023 0.075548
1788232664.324373722 -3.011601 -0.016376 -0.539720 -0.004749 0.995605 -0.051148 0.078310
1788232664.357720375 -3.007256 -0.018640 -0.553244 -0.004884 0.995405 -0.050933 0.080932
1788232664.391067266 -3.001918 -0.020425 -0.564665 -0.004881 0.995205 -0.050520 0.083617
1788232664.424414158 -2.997739 -0.020009 -0.574512 -0.004980 0.994966 -0.050564 0.086379
1788232664.457760096 -2.992215 -0.020555 -0.584759 -0.004981 0.994730 -0.050920 0.088846
1788232664.491106987 -2.988923 -0.021548 -0.598653 -0.004676 0.994489 -0.050761 0.091610
1788232664.524454355 -2.982840 -0.021678 -0.610402 -0.004856 0.994200 -0.050857 0.094641
1788232664.557801247 -2.976552 -0.018565 -0.621356 -0.005485 0.993885 -0.050841 0.097862
1788232664.591148376 -2.970081 -0.019763 -0.629914 -0.005866 0.993547 -0.050673 0.101299
1788232664.624495506 -2.963806 -0.020976 -0.642345 -0.005887 0.993236 -0.050302 0.104489
1788232664.657842875 -2.957697 -0.022116 -0.652767 -0.005983 0.992899 -0.050468 0.107562
1788232664.691190243 -2.951424 -0.023304 -0.662997 -0.006187 0.992539 -0.050972 0.110591
1788232664.724537373 -2.945936 -0.023345 -0.670953 -0.005948 0.992133 -0.051647 0.113885
1788232664.757884502 -2.941714 -0.023437 -0.682801 -0.005296 0.991664 -0.052146 0.117711
1788232664.791232109 -2.935951 -0.024176 -0.693880 -0.005265 0.991197 -0.052406 0.121469
1788232664.824579477 -2.927579 -0.025848 -0.702851 -0.006099 0.990750 -0.052692 0.124904
1788232664.857926846 -2.920401 -0.027433 -0.713645 -0.006672 0.990272 -0.052923 0.128518
1788232664.891273499 -2.913497 -0.027178 -0.727594 -0.005981 0.989771 -0.052486 0.132528
1788232664.924620867 -2.905468 -0.026539 -0.738237 -0.005649 0.989311 -0.052111 0.136074
1788232664.957968473 -2.898998 -0.027813 -0.746912 -0.005842 0.988818 -0.051994 0.139645
1788232664.991316319 -2.890566 -0.028806 -0.757157 -0.006243 0.988320 -0.052118 0.143068
1788232665.024663925 -2.880767 -0.029290 -0.766979 -0.006239 0.987844 -0.051797 0.146434
1788232665.058011770 -2.875618 -0.029809 -0.778753 -0.006161 0.987279 -0.051544 0.150283
1788232665.091359615 -2.869241 -0.028550 -0.790205 -0.006584 0.986678 -0.051713 0.154107
1788232665.124707222 -2.861415 -0.029426 -0.801775 -0.007204 0.986049 -0.051753 0.158043
1788232665.158055305 -2.854640 -0.031053 -0.810027 -0.006887 0.985374 -0.051697 0.162231
1788232665.191403151 -2.848363 -0.031002 -0.819768 -0.005995 0.984716 -0.051973 0.166123
1788232665.224751234 -2.848346 -0.025345 -0.836864 -0.005101 0.983878 -0.053391 0.170607
1788232665.258099556 -2.841823 -0.027027 -0.844338 -0.004891 0.983243 -0.054041 0.174037
1788232665.291447639 -2.833111 -0.027311 -0.854057 -0.004848 0.982508 -0.054078 0.178129
1788232665.324795008 -2.823377 -0.025948 -0.866490 -0.004968 0.981636 -0.053826 0.182945
1788232665.358143091 -2.814800 -0.026913 -0.876699 -0.005305 0.980861 -0.053179 0.187230
1788232665.391491413 -2.804015 -0.028009 -0.885574 -0.006394 0.980113 -0.053063 0.191108
1788232665.424839973 -2.796307 -0.027001 -0.895840 -0.006647 0.979283 -0.052985 0.195329
1788232665.458188772 -2.787242 -0.027026 -0.906029 -0.006131 0.978478 -0.052544 0.199454
1788232665.491537094 -2.781468 -0.027229 -0.916810 -0.005795 0.977556 -0.052680 0.203900
1788232665.524885654 -2.774713 -0.030562 -0.922647 -0.005858 0.976543 -0.053136 0.208581
1788232665.558234215 -2.759812 -0.026799 -0.935005 -0.005146 0.975519 -0.053741 0.213185
1788232665.591582775 -2.748642 -0.026410 -0.945694 -0.004933 0.974481 -0.053295 0.217995
1788232665.624931812 -2.740290 -0.028305 -0.953705 -0.005246 0.973459 -0.052890 0.222606
1788232665.658280611 -2.728235 -0.028385 -0.963875 -0.005776 0.972376 -0.053087 0.227230
1788232665.691629410 -2.718576 -0.027352 -0.971358 -0.006034 0.971168 -0.053120 0.232323
1788232665.724978209 -2.712245 -0.027495 -0.981072 -0.005350 0.970022 -0.052925 0.237122
1788232665.758327246 -2.704881 -0.028026 -0.991635 -0.004684 0.968892 -0.052979 0.241701
1788232665.791675568 -2.693047 -0.030073 -0.999136 -0.004794 0.967770 -0.053326 0.246077
1788232665.825024605 -2.680839 -0.028913 -1.008447 -0.004908 0.966489 -0.053534 0.251017
1788232665.858373642 -2.670168 -0.028792 -1.018597 -0.004791 0.965136 -0.052940 0.256294
1788232665.891722918 -2.659490 -0.029268 -1.027867 -0.004780 0.963726 -0.052575 0.261619
1788232665.925072193 -2.650940 -0.030891 -1.036292 -0.005283 0.962245 -0.052401 0.267041
1788232665.958421469 -2.640195 -0.031133 -1.044232 -0.005556 0.960656 -0.052180 0.272741
1788232665.991770744 -2.628954 -0.031250 -1.050100 -0.005689 0.959244 -0.052087 0.277678
1788232666.025120020 -2.617903 -0.033005 -1.058731 -0.006024 0.957525 -0.051875 0.283582
1788232666.058469534 -2.605948 -0.033509 -1.065086 -0.006289 0.955669 -0.051523 0.289833
1788232666.091819048 -2.592916 -0.034020 -1.072401 -0.006438 0.953882 -0.050971 0.295754
1788232666.125168800 -2.581350 -0.032323 -1.079730 -0.006052 0.952170 -0.050916 0.301237
1788232666.158510447 -2.568899 -0.033679 -1.088838 -0.006141 0.950252 -0.050833 0.307244
1788232666.191851854 -2.560425 -0.033432 -1.097878 -0.006018 0.948083 -0.050507 0.313930
1788232666.225192785 -2.550328 -0.032800 -1.104698 -0.005729 0.946006 -0.050233 0.320182
1788232666.258534193 -2.538048 -0.035035 -1.110027 -0.005903 0.944004 -0.050149 0.326048
1788232666.291876316 -2.529670 -0.036040 -1.115911 -0.006035 0.941687 -0.050437 0.332635
1788232666.325217724 -2.519768 -0.035908 -1.120812 -0.006122 0.939191 -0.050491 0.339608
1788232666.358559370 -2.503830 -0.036142 -1.126527 -0.006337 0.936865 -0.050590 0.345955
1788232666.391901255 -2.490237 -0.035426 -1.133631 -0.006541 0.934256 -0.050759 0.352912
1788232666.425242662 -2.477687 -0.033667 -1.136737 -0.007027 0.931611 -0.050770 0.359825
1788232666.458584785 -2.463091 -0.034954 -1.143109 -0.007327 0.928792 -0.050455 0.367079
1788232666.491926432 -2.452549 -0.034650 -1.143982 -0.007461 0.925953 -0.050094 0.374226
1788232666.525267839 -2.438814 -0.035704 -1.144766 -0.007634 0.923165 -0.049759 0.381094
1788232666.558609724 -2.423935 -0.035531 -1.150225 -0.007707 0.919963 -0.049847 0.388747
1788232666.591951370 -2.409677 -0.035604 -1.153196 -0.007210 0.916790 -0.049823 0.396185
1788232666.625293493 -2.402759 -0.036992 -1.154357 -0.007032 0.913561 -0.049817 0.403577
1788232666.658634186 -2.378820 -0.035377 -1.162455 -0.006494 0.910315 -0.049606 0.410881
1788232666.691976070 -2.367275 -0.035502 -1.162081 -0.006343 0.907042 -0.049335 0.418092
1788232666.725317478 -2.357393 -0.034486 -1.166124 -0.006277 0.903444 -0.049307 0.425816
1788232666.758659124 -2.338092 -0.035722 -1.167268 -0.006083 0.900143 -0.048827 0.432807
1788232666.792001247 -2.330564 -0.035217 -1.169560 -0.006251 0.896365 -0.048529 0.440609
1788232666.825342894 -2.312181 -0.034670 -1.172519 -0.006372 0.892760 -0.048375 0.447883
1788232666.858684778 -2.298691 -0.035459 -1.172338 -0.006447 0.889145 -0.047778 0.455080
1788232666.892026424 -2.291340 -0.035943 -1.170775 -0.006522 0.885252 -0.047652 0.462618
1788232666.925368547 -2.275887 -0.035625 -1.173284 -0.006348 0.881175 -0.048140 0.470290
1788232666.958710432 -2.261699 -0.035264 -1.174382 -0.005586 0.877075 -0.048113 0.477905
1788232666.992052078 -2.249332 -0.036390 -1.175680 -0.004855 0.873314 -0.047924 0.484770
1788232667.025393963 -2.242943 -0.035941 -1.172388 -0.004811 0.869278 -0.048426 0.491923
1788232667.058735609 -2.227067 -0.035120 -1.171678 -0.004841 0.865172 -0.048419 0.499109
1788232667.092077494 -2.212261 -0.034716 -1.170249 -0.005070 0.861005 -0.048012 0.506300
1788232667.125418663 -2.198106 -0.033134 -1.169171 -0.005322 0.856700 -0.047928 0.513557
1788232667.158753395 -2.183614 -0.032520 -1.165133 -0.005397 0.852383 -0.047576 0.520721
1788232667.192087889 -2.168497 -0.031265 -1.164580 -0.005236 0.847844 -0.047090 0.528124
1788232667.225422382 -2.155605 -0.032117 -1.162111 -0.005081 0.843607 -0.046616 0.534909
1788232667.258757114 -2.139941 -0.029881 -1.156537 -0.005631 0.839655 -0.047034 0.541051
1788232667.292091846 -2.129703 -0.029138 -1.156772 -0.005562 0.834827 -0.046648 0.548503
1788232667.325425863 -2.115258 -0.027486 -1.156760 -0.005626 0.830199 -0.046156 0.555524
1788232667.358760357 -2.102937 -0.028657 -1.152133 -0.005770 0.825608 -0.045985 0.562337
1788232667.392094612 -2.090932 -0.026371 -1.149672 -0.005367 0.820693 -0.045861 0.569501
1788232667.425429106 -2.076748 -0.026200 -1.149682 -0.004994 0.815764 -0.045464 0.576573
1788232667.458763123 -2.064067 -0.026100 -1.144514 -0.004855 0.811174 -0.045365 0.583023
1788232667.492097378 -2.052634 -0.027728 -1.142573 -0.005072 0.806088 -0.045070 0.590055
1788232667.525431156 -2.038045 -0.027169 -1.135872 -0.005682 0.801547 -0.044472 0.596248
1788232667.558764458 -2.025251 -0.026963 -1.132985 -0.005718 0.796565 -0.043624 0.602950
1788232667.592098236 -2.004807 -0.022896 -1.132630 -0.005471 0.791480 -0.043344 0.609632
1788232667.625432253 -1.990974 -0.019920 -1.132796 -0.005324 0.785968 -0.043144 0.616737
1788232667.658766031 -1.977816 -0.019433 -1.131068 -0.004927 0.780932 -0.042513 0.623149
1788232667.692099810 -1.967851 -0.019792 -1.129328 -0.004911 0.775848 -0.042406 0.629474
1788232667.725433350 -1.956915 -0.021278 -1.125283 -0.005246 0.770394 -0.041891 0.636169
1788232667.758767128 -1.943677 -0.020455 -1.121361 -0.005040 0.765091 -0.041058 0.642591
1788232667.792100668 -1.928264 -0.020038 -1.119545 -0.004991 0.759589 -0.040578 0.649117
1788232667.825434446 -1.916234 -0.020476 -1.113599 -0.005112 0.754170 -0.040129 0.655432
1788232667.858767748 -1.901502 -0.019790 -1.109627 -0.004904 0.748448 -0.039347 0.662007
1788232667.892101288 -1.890514 -0.020132 -1.107585 -0.004669 0.742914 -0.038834 0.668243
1788232667.925434828 -1.875068 -0.013492 -1.088822 -0.003612 0.739213 -0.038944 0.672335
1788232667.958767891 -1.861044 -0.013695 -1.084448 -0.003809 0.734128 -0.038622 0.677901
1788232667.992100239 -1.848527 -0.012113 -1.080403 -0.004039 0.729451 -0.038009 0.682964
1788232668.025433302 -1.831870 -0.010964 -1.074875 -0.004483 0.725278 -0.037703 0.687409
1788232668.058766365 -1.817945 -0.010816 -1.066809 -0.005001 0.721481 -0.037517 0.691399
1788232668.092099428 -1.801593 -0.010598 -1.061497 -0.005504 0.717905 -0.037104 0.695130
1788232668.125432491 -1.790569 -0.009436 -1.059106 -0.005555 0.715301 -0.036614 0.697834
1788232668.158776283 -1.776343 -0.009776 -1.056631 -0.005671 0.713632 -0.036271 0.699558
1788232668.192119837 -1.761421 -0.007799 -1.055358 -0.005830 0.711846 -0.036385 0.701368
1788232668.225463629 -1.750528 -0.007643 -1.054122 -0.006159 0.709741 -0.035919 0.703520
1788232668.258807421 -1.735944 -0.005779 -1.050228 -0.006115 0.707608 -0.035290 0.705697
1788232668.292151213 -1.721729 -0.006242 -1.047364 -0.005820 0.705864 -0.035308 0.707443
1788232668.325495243 -1.710391 -0.006493 -1.046417 -0.005560 0.703873 -0.034935 0.709444
1788232668.358838797 -1.695212 -0.006719 -1.045753 -0.005388 0.701969 -0.034493 0.711352
1788232668.392182827 -1.684934 -0.005544 -1.043985 -0.004979 0.700102 -0.034232 0.713205
1788232668.425526619 -1.672953 -0.004144 -1.041382 -0.004806 0.698163 -0.034095 0.715111
1788232668.458869696 -1.658007 -0.003180 -1.039482 -0.004752 0.696223 -0.033657 0.717020
1788232668.492213726 -1.640925 -0.002368 -1.035690 -0.005165 0.694369 -0.032770 0.718854
1788232668.525557280 -1.630186 -0.002478 -1.034054 -0.005551 0.692464 -0.032626 0.720693
1788232668.558901310 -1.614553 -0.001102 -1.030918 -0.005643 0.690276 -0.032573 0.722790
1788232668.592245340 -1.601866 0.000092 -1.029324 -0.005357 0.688300 -0.032007 0.724700
1788232668.625589371 -1.589895 0.000263 -1.027545 -0.005293 0.686465 -0.031605 0.726457
1788232668.658933401 -1.573684 0.000280 -1.025448 -0.005365 0.684543 -0.031358 0.728278
1788232668.692277431 -1.561080 0.002204 -1.021619 -0.005271 0.682246 -0.031441 0.730427
1788232668.725621700 -1.552190 0.001120 -1.020064 -0.004990 0.680106 -0.031081 0.732438
1788232668.758965731 -1.541613 0.002094 -1.017671 -0.004275 0.678222 -0.031497 0.734170
1788232668.792309761 -1.528507 0.002684 -1.014902 -0.003699 0.676380 -0.031297 0.735878
1788232668.825653791 -1.514808 0.003659 -1.010059 -0.003643 0.674702 -0.031372 0.737414
1788232668.858998060 -1.502747 0.004029 -1.006222 -0.003539 0.672620 -0.031409 0.739312
1788232668.892341137 -1.488527 0.005129 -1.002095 -0.003654 0.670973 -0.031601 0.740799
1788232668.925685406 -1.478101 0.005904 -0.999619 -0.003649 0.669953 -0.031061 0.741745
1788232668.959029675 -1.460901 0.005874 -0.995821 -0.004173 0.669722 -0.030449 0.741976
1788232668.992373943 -1.446872 0.006899 -0.995755 -0.004357 0.669665 -0.030927 0.742006
1788232669.025718212 -1.438744 0.005554 -0.996883 -0.004172 0.669431 -0.030455 0.742238
1788232669.059062481 -1.424986 0.006306 -0.994653 -0.004144 0.669334 -0.029862 0.742350
1788232669.092406750 -1.409324 0.007377 -0.993394 -0.004148 0.669453 -0.029523 0.742256
1788232669.125751257 -1.398376 0.006028 -0.992934 -0.004234 0.669416 -0.029076 0.742307
1788232669.159086704 -1.385024 0.005070 -0.992537 -0.004175 0.669307 -0.029199 0.742400
1788232669.192422867 -1.371287 0.004870 -0.990224 -0.004286 0.669283 -0.029485 0.742410
1788232669.225758314 -1.358731 0.006098 -0.990414 -0.004637 0.669029 -0.029136 0.742651
1788232669.259094238 -1.342848 0.008427 -0.988106 -0.004366 0.669129 -0.029061 0.742565
1788232669.292429686 -1.328970 0.009834 -0.986886 -0.004230 0.669111 -0.028912 0.742588
1788232669.325764179 -1.315458 0.009489 -0.985405 -0.004243 0.669155 -0.028785 0.742553
1788232669.359099865 -1.304870 0.009022 -0.984488 -0.003515 0.669312 -0.029101 0.742403
1788232669.392435312 -1.292144 0.009270 -0.984373 -0.002916 0.669110 -0.029214 0.742584
1788232669.425770760 -1.280232 0.009689 -0.983133 -0.002573 0.668966 -0.029484 0.742703
1788232669.459106445 -1.268976 0.009001 -0.981443 -0.002392 0.668969 -0.029605 0.742696
1788232669.492441416 -1.258041 0.009253 -0.978737 -0.002411 0.669192 -0.029883 0.742485
1788232669.525777102 -1.245831 0.009973 -0.976483 -0.002328 0.669152 -0.030108 0.742512
1788232669.559112072 -1.232528 0.011304 -0.975758 -0.002305 0.669022 -0.029987 0.742634
1788232669.592447281 -1.219403 0.011545 -0.974882 -0.002599 0.668839 -0.029524 0.742816
1788232669.625782728 -1.206064 0.011238 -0.974334 -0.002513 0.668590 -0.029189 0.743054
1788232669.659117699 -1.193063 0.012660 -0.974555 -0.001981 0.668774 -0.028893 0.742901
1788232669.692452908 -1.180085 0.013223 -0.974613 -0.002192 0.668998 -0.028909 0.742699
1788232669.725788116 -1.166211 0.013394 -0.973505 -0.002217 0.668743 -0.029152 0.742919
1788232669.759122849 -1.153595 0.013543 -0.970665 -0.002287 0.668740 -0.029203 0.742919
1788232669.792456865 -1.142915 0.013743 -0.967691 -0.002247 0.668915 -0.029390 0.742755
1788232669.825791836 -1.130268 0.013743 -0.967512 -0.001962 0.668926 -0.029557 0.742739
1788232669.859126806 -1.117523 0.012768 -0.965788 -0.001954 0.668995 -0.029729 0.742669
1788232669.892461538 -1.106973 0.013032 -0.963943 -0.001843 0.668766 -0.029911 0.742869
1788232669.925796270 -1.093322 0.015132 -0.962653 -0.001484 0.668494 -0.030100 0.743107
1788232669.959131002 -1.079839 0.014786 -0.961117 -0.001419 0.668575 -0.030038 0.743036
1788232669.992465734 -1.068178 0.013870 -0.960523 -0.001006 0.668755 -0.030012 0.742876
1788232670.025800228 -1.054912 0.014553 -0.961129 -0.000681 0.668692 -0.029979 0.742935
1788232670.059135199 -1.042567 0.015379 -0.958775 -0.000572 0.668876 -0.030009 0.742768
1788232670.092469692 -1.030643 0.014085 -0.958060 -0.000861 0.668691 -0.030182 0.742927
1788232670.125804186 -1.018667 0.013994 -0.956945 -0.000682 0.668596 -0.030172 0.743013
1788232670.159143686 -1.006114 0.014358 -0.954887 -0.000537 0.668753 -0.030574 0.742856
1788232670.192483425 -0.992589 0.014098 -0.954260 -0.000296 0.668752 -0.030807 0.742847
1788232670.225821972 -0.980169 0.015145 -0.951952 -0.000424 0.668815 -0.030940 0.742785
1788232670.259161711 -0.967405 0.015495 -0.950344 -0.000777 0.668555 -0.031036 0.743014
1788232670.292501688 -0.955821 0.015628 -0.947131 -0.000926 0.668732 -0.031165 0.742849
1788232670.325841188 -0.941396 0.016982 -0.944642 -0.000806 0.668918 -0.031606 0.742664
1788232670.359180689 -0.929066 0.016419 -0.945231 -0.000447 0.668782 -0.031701 0.742783
1788232670.392520666 -0.916785 0.017123 -0.944854 -0.000186 0.668754 -0.031762 0.742805
1788232670.425860167 -0.904928 0.017939 -0.942782 -0.000341 0.668700 -0.031937 0.742846
1788232670.459199905 -0.893287 0.017745 -0.948064 -0.000698 0.667872 -0.031873 0.743593
1788232670.492539644 -0.878182 0.019133 -0.946856 -0.000942 0.667703 -0.032107 0.743735
1788232670.525879145 -0.865939 0.018328 -0.944546 -0.001301 0.667732 -0.032155 0.743706
1788232670.559219122 -0.853537 0.019127 -0.942616 -0.001112 0.667809 -0.032241 0.743633
1788232670.592558622 -0.840328 0.019657 -0.941322 -0.001274 0.667763 -0.032107 0.743680
1788232670.625898600 -0.827486 0.019828 -0.939435 -0.001339 0.667704 -0.032277 0.743726
1788232670.659237146 -0.815672 0.019076 -0.938435 -0.001179 0.667701 -0.032317 0.743727
1788232670.692576885 -0.803352 0.019539 -0.936208 -0.000780 0.667522 -0.032549 0.743878
1788232670.725916624 -0.791460 0.019321 -0.935217 -0.000117 0.667239 -0.032806 0.744121
1788232670.759256124 -0.778929 0.019104 -0.936501 0.000495 0.666748 -0.032471 0.744575
1788232670.792596102 -0.766541 0.020427 -0.933431 0.000208 0.665892 -0.032394 0.745345
1788232670.825936079 -0.754045 0.021027 -0.931014 0.000311 0.664936 -0.032425 0.746196
1788232670.859275341 -0.740881 0.021451 -0.929285 0.000555 0.664054 -0.032374 0.746983
1788232670.892615318 -0.729862 0.021556 -0.925969 0.000578 0.663240 -0.032474 0.747701
1788232670.925954819 -0.716657 0.021280 -0.923965 0.000845 0.661910 -0.032363 0.748884
1788232670.959294796 -0.705404 0.022476 -0.920661 0.001070 0.660253 -0.031870 0.750366
1788232670.992634773 -0.693458 0.023176 -0.914981 0.000650 0.658650 -0.031974 0.751769
1788232671.025974035 -0.681818 0.022964 -0.910233 0.000169 0.657030 -0.032297 0.753172
1788232671.059314013 -0.668119 0.023162 -0.906622 -0.000219 0.655149 -0.031630 0.754837
1788232671.092653990 -0.655072 0.023968 -0.902074 -0.000085 0.652819 -0.031431 0.756861
1788232671.125992537 -0.641707 0.024900 -0.896639 0.000290 0.650420 -0.031493 0.758921
1788232671.159329653 -0.631796 0.024932 -0.893561 0.000698 0.648175 -0.031547 0.760837
1788232671.192666769 -0.611720 0.026409 -0.891892 0.001304 0.644672 -0.031126 0.763825
1788232671.226003885 -0.601548 0.025364 -0.886640 0.001623 0.641772 -0.031346 0.766253
1788232671.259340763 -0.590665 0.026452 -0.881160 0.002121 0.639208 -0.031521 0.768385
1788232671.292677641 -0.579179 0.026505 -0.875879 0.002282 0.636562 -0.031142 0.770593
1788232671.326014757 -0.568836 0.026157 -0.870064 0.002190 0.633796 -0.030902 0.772880
1788232671.359351635 -0.557905 0.026698 -0.864569 0.002092 0.630792 -0.030990 0.775330
1788232671.392688513 -0.546791 0.027943 -0.858743 0.002359 0.627913 -0.031286 0.777651
1788232671.426025391 -0.535660 0.028412 -0.851564 0.002165 0.625238 -0.031029 0.779814
1788232671.459362268 -0.522497 0.028282 -0.844144 0.001455 0.622252 -0.031227 0.782193
1788232671.492698669 -0.511557 0.029209 -0.837277 0.001133 0.619144 -0.031260 0.784654
1788232671.526035547 -0.500270 0.029951 -0.830786 0.000964 0.615820 -0.031322 0.787263
1788232671.559371233 -0.490203 0.030259 -0.824047 0.001438 0.613180 -0.030832 0.789340
1788232671.592707872 -0.479206 0.030504 -0.818433 0.001593 0.610020 -0.030715 0.791789
1788232671.626044512 -0.468104 0.030571 -0.811437 0.001338 0.606805 -0.030798 0.794253
1788232671.659381151 -0.458387 0.028835 -0.804856 0.001538 0.603621 -0.030012 0.796705
1788232671.692718029 -0.447355 0.029574 -0.798705 0.001695 0.600485 -0.029878 0.799076
1788232671.726054192 -0.436280 0.029419 -0.790795 0.001307 0.597228 -0.029795 0.801517
1788232671.759390831 -0.426022 0.030595 -0.782788 0.001130 0.593972 -0.030040 0.803924
1788232671.792727470 -0.415875 0.030985 -0.775972 0.001012 0.590784 -0.029913 0.806274
1788232671.826063633 -0.404756 0.031637 -0.768625 0.001209 0.587877 -0.029603 0.808408
1788232671.859400272 -0.394065 0.032547 -0.761482 0.001374 0.584464 -0.029560 0.810880
1788232671.892736435 -0.384611 0.032323 -0.754109 0.001447 0.580837 -0.029297 0.813491
1788232671.926072836 -0.374290 0.032190 -0.746534 0.001350 0.577257 -0.028742 0.816056
1788232671.959408998 -0.362807 0.032599 -0.739347 0.001448 0.573733 -0.028398 0.818549
1788232671.992744446 -0.351434 0.034151 -0.732045 0.001496 0.570193 -0.028217 0.821024
1788232672.026080608 -0.342809 0.033750 -0.723336 0.001090 0.566687 -0.028460 0.823441
1788232672.059417009 -0.332530 0.034065 -0.714085 0.000583 0.563088 -0.028360 0.825910
1788232672.092752934 -0.321966 0.034967 -0.705487 0.000421 0.559670 -0.027987 0.828243
1788232672.126089334 -0.311722 0.035631 -0.697446 0.000432 0.556200 -0.027670 0.830588
1788232672.159428120 -0.305189 0.036317 -0.690416 0.000487 0.551918 -0.027730 0.833437
1788232672.192767143 -0.294915 0.037708 -0.681698 0.000590 0.548178 -0.027442 0.835911
1788232672.226105928 -0.285074 0.038043 -0.673722 0.000716 0.544672 -0.026779 0.838221
1788232672.259444952 -0.274652 0.038547 -0.666023 0.000852 0.541111 -0.026248 0.840541
1788232672.292783737 -0.265400 0.039477 -0.657853 0.000925 0.537470 -0.026570 0.842864
1788232672.326122522 -0.255287 0.039952 -0.648440 0.000631 0.533744 -0.026489 0.845231
1788232672.359461546 -0.246506 0.040680 -0.639351 0.000545 0.530210 -0.026026 0.847466
1788232672.392800331 -0.237267 0.040211 -0.630693 0.000587 0.526834 -0.025743 0.849578
1788232672.426139355 -0.228216 0.041297 -0.621950 0.001148 0.523370 -0.025888 0.851711
1788232672.459477186 -0.220813 0.041260 -0.614097 0.001610 0.519817 -0.026140 0.853876
1788232672.492815971 -0.213569 0.040966 -0.604742 0.001999 0.516486 -0.026141 0.855894
1788232672.526154757 -0.204476 0.041030 -0.595725 0.002284 0.512756 -0.026045 0.858136
1788232672.559493780 -0.196498 0.041421 -0.586214 0.002183 0.509149 -0.026247 0.860275
1788232672.592832327 -0.186713 0.042548 -0.575676 0.001472 0.505284 -0.026391 0.862548
1788232672.626171350 -0.174924 0.042452 -0.561938 0.000417 0.501525 -0.026370 0.864741
1788232672.659510136 -0.165728 0.043314 -0.551564 0.000104 0.497793 -0.026164 0.866901
1788232672.692848682 -0.156995 0.044034 -0.541268 0.000125 0.494392 -0.025719 0.868859
1788232672.726187706 -0.149102 0.045202 -0.532224 0.000335 0.490555 -0.025706 0.871031
1788232672.759526491 -0.140713 0.046046 -0.522378 0.000779 0.486832 -0.025700 0.873117
1788232672.792865038 -0.132621 0.046431 -0.512677 0.001141 0.483167 -0.025511 0.875156
1788232672.826203823 -0.122538 0.046935 -0.504486 0.001335 0.479281 -0.024875 0.877308
1788232672.859542608 -0.115983 0.046230 -0.493968 0.001131 0.475837 -0.024893 0.879180
1788232672.892880201 -0.107122 0.047295 -0.482410 0.000773 0.471981 -0.025221 0.881247
1788232672.926218748 -0.100466 0.047216 -0.471734 0.000673 0.468376 -0.024925 0.883178
1788232672.959557772 -0.092578 0.047424 -0.462237 0.000460 0.464731 -0.023986 0.885127
1788232672.992896318 -0.081706 0.052316 -0.451475 0.000980 0.460592 -0.023901 0.887290
1788232673.026235104 -0.074140 0.053438 -0.441214 0.001044 0.456851 -0.024135 0.889215
1788232673.059573650 -0.066606 0.053591 -0.431204 0.001208 0.453160 -0.024157 0.891101
1788232673.092912197 -0.057611 0.053242 -0.421136 0.001044 0.449489 -0.023661 0.892972
1788232673.126250982 -0.050820 0.053661 -0.410741 0.001194 0.445773 -0.023595 0.894834
1788232673.159589052 -0.045069 0.054210 -0.400240 0.001408 0.441987 -0.023955 0.896701
1788232673.192927122 -0.037601 0.054789 -0.390342 0.001910 0.437843 -0.023981 0.898730
1788232673.226265192 -0.029829 0.054686 -0.380803 0.002376 0.433940 -0.023390 0.900635
1788232673.259603024 -0.023708 0.054777 -0.371615 0.002901 0.430532 -0.023031 0.902277
1788232673.292941093 -0.016725 0.055122 -0.361521 0.003107 0.426713 -0.023059 0.904088
1788232673.326278210 -0.005785 0.056492 -0.347634 0.003249 0.422842 -0.022874 0.905909
1788232673.359616041 -0.000112 0.057097 -0.336419 0.003357 0.419120 -0.022684 0.907641
1788232673.392954111 0.007239 0.058402 -0.324491 0.003311 0.414955 -0.022555 0.909556
1788232673.426292181 -0.151413 0.083316 -0.263374 0.006158 0.417189 -0.020065 0.908577
1788232673.459630013 -0.146920 0.083266 -0.252290 0.005928 0.413202 -0.020072 0.910399
1788232673.492967844 -0.140651 0.083939 -0.241352 0.006121 0.409120 -0.019793 0.912245
1788232673.526305914 -0.134414 0.084287 -0.231321 0.006336 0.404977 -0.019596 0.914095
1788232673.559643507 -0.031613 0.056093 -0.271858 0.002214 0.385255 -0.020319 0.922584
1788232673.592981339 -0.024877 0.057560 -0.259678 0.002179 0.380993 -0.019612 0.924367
1788232673.626319170 -0.020130 0.057484 -0.248421 0.002035 0.376873 -0.019360 0.926060
1788232673.659656763 -0.013788 0.057904 -0.237270 0.002116 0.372759 -0.019138 0.927728
1788232673.692994595 -0.009095 0.058925 -0.225962 0.002267 0.368215 -0.018857 0.929547
1788232673.726332188 -0.002148 0.059998 -0.213487 0.002399 0.363428 -0.018531 0.931435
1788232673.759670019 0.003006 0.060147 -0.202848 0.002606 0.359085 -0.018104 0.933125
1788232673.793006659 0.005352 0.061070 -0.191423 0.002690 0.354816 -0.018249 0.934754
1788232673.826344252 0.045083 0.062849 -0.187786 0.005490 0.355356 -0.018437 0.934533
1788232673.859681845 0.048887 0.062571 -0.174334 0.004967 0.350976 -0.018041 0.936197
1788232673.893019676 0.053820 0.063877 -0.161292 0.004650 0.346503 -0.017702 0.937870
1788232673.926357269 0.058814 0.064130 -0.150110 0.004718 0.341773 -0.017725 0.939603
1788232673.959694862 0.061434 0.063872 -0.138013 0.004752 0.337107 -0.017311 0.941295
1788232673.993032217 0.065246 0.064965 -0.126483 0.004932 0.332385 -0.016834 0.942981
1788232674.026369810 0.069185 0.064212 -0.115617 0.004989 0.327818 -0.016465 0.944584
1788232674.059707403 0.072549 0.064480 -0.102168 0.005059 0.322775 -0.016691 0.946315
1788232674.093044996 0.076585 0.065606 -0.087325 0.004693 0.317088 -0.016736 0.948237
1788232674.126382351 0.077812 0.065731 -0.073954 0.004363 0.311958 -0.016495 0.949943
1788232674.159732103 0.082934 0.066248 -0.059688 0.004113 0.306465 -0.015952 0.951739
1788232674.193081856 0.086034 0.067165 -0.046806 0.004227 0.301499 -0.015789 0.953326
1788232674.226430655 0.089012 0.068371 -0.034648 0.004387 0.296267 -0.015423 0.954971
1788232674.259780407 0.091732 0.068081 -0.022351 0.004374 0.291246 -0.014886 0.956522
1788232674.293130636 0.094520 0.068240 -0.009869 0.004393 0.286172 -0.014510 0.958058
1788232674.326480150 0.095738 0.065022 0.018452 0.004054 0.282106 -0.016360 0.959235
1788232674.359830379 0.097863 0.067011 0.032019 0.004298 0.276564 -0.016398 0.960846
1788232674.393180370 0.097707 0.066450 0.044197 0.004458 0.271129 -0.016057 0.962399
1788232674.426530600 0.101950 0.067840 0.057521 0.004748 0.265160 -0.016081 0.964059
1788232674.459880829 0.100479 0.067209 0.067650 0.004735 0.259489 -0.016257 0.965598
1788232674.493230820 0.102652 0.067625 0.080183 0.004344 0.253530 -0.015705 0.967190
1788232674.526581049 0.103514 0.066840 0.092296 0.003849 0.248027 -0.015105 0.968628
1788232674.559931517 0.103980 0.068382 0.105540 0.003800 0.242517 -0.014712 0.970028
1788232674.593282223 0.133929 0.066509 0.123733 0.004087 0.234546 -0.013773 0.971999
1788232674.626632452 0.137414 0.067934 0.138269 0.004113 0.228462 -0.013186 0.973455
1788232674.659981966 0.139252 0.067799 0.150503 0.004152 0.222505 -0.012552 0.974842
1788232674.693332672 0.139840 0.066996 0.162532 0.004309 0.217064 -0.012194 0.976072
1788232674.726683140 0.142218 0.069103 0.175489 0.004734 0.211263 -0.012068 0.977343
1788232674.760033846 0.144633 0.071499 0.189955 0.005019 0.205422 -0.011974 0.978587
1788232674.793384552 0.144779 0.072374 0.201876 0.004863 0.199465 -0.012028 0.979819
1788232674.826735258 0.145086 0.073198 0.215447 0.004313 0.193550 -0.011483 0.981014
1788232674.860086441 0.144980 0.074703 0.231330 0.003808 0.187649 -0.011093 0.982166
1788232674.893437147 0.145737 0.074327 0.244906 0.003389 0.181510 -0.010829 0.983324
1788232674.926787853 0.160707 0.075376 0.263782 0.003368 0.174465 -0.010160 0.984605
1788232674.960139036 0.159603 0.075710 0.276893 0.003219 0.168755 -0.009950 0.985603
1788232674.993489981 0.159208 0.076788 0.290615 0.003348 0.162824 -0.009677 0.986602
1788232675.026841164 0.157763 0.076672 0.302456 0.003940 0.156841 -0.009369 0.987572
1788232675.060192347 0.157920 0.076732 0.313893 0.004457 0.150979 -0.008474 0.988491
1788232675.093543530 0.157055 0.077050 0.325724 0.005141 0.145729 -0.008056 0.989278
1788232675.126893997 0.156736 0.076746 0.337419 0.005502 0.140442 -0.008127 0.990040
1788232675.160234690 0.156657 0.077386 0.350826 0.005546 0.135263 -0.008031 0.990762
1788232675.193575382 0.157118 0.077821 0.364383 0.005207 0.129923 -0.007439 0.991483
1788232675.226915836 0.153439 0.078215 0.378131 0.005025 0.124807 -0.007350 0.992141
1788232675.260256529 0.151923 0.078364 0.391724 0.004802 0.119410 -0.007417 0.992806
1788232675.293597221 0.148635 0.078859 0.401957 0.004689 0.114281 -0.007047 0.993412
1788232675.326938152 0.150974 0.078462 0.416293 0.004547 0.108858 -0.006232 0.994027
1788232675.360278845 0.147799 0.076666 0.427049 0.004598 0.103728 -0.006151 0.994576
1788232675.393619537 0.142239 0.075958 0.439145 0.004250 0.098559 -0.006149 0.995103
1788232675.426960230 0.140078 0.075319 0.452819 0.003746 0.093273 -0.005952 0.995616
1788232675.460301161 0.136900 0.076854 0.466352 0.003578 0.088373 -0.006041 0.996063
1788232675.493641853 0.131754 0.075079 0.478145 0.003417 0.083072 -0.005992 0.996520
1788232675.526982784 0.130687 0.074880 0.492342 0.003204 0.077476 -0.005484 0.996974
1788232675.560322762 0.129081 0.073262 0.501892 0.003240 0.072269 -0.004628 0.997369
1788232675.593663454 0.126935 0.072018 0.513243 0.003516 0.067275 -0.004028 0.997720
1788232675.627004385 0.120792 0.070359 0.523312 0.003806 0.062270 -0.004116 0.998044
1788232675.660345316 0.116803 0.068781 0.535245 0.003641 0.056924 -0.003837 0.998365
1788232675.693685770 0.115402 0.068731 0.548609 0.003241 0.051419 -0.003171 0.998667
1788232675.727026701 0.111374 0.068604 0.561084 0.003023 0.046340 -0.002944 0.998917
1788232675.760367632 0.108272 0.067783 0.572458 0.003215 0.041124 -0.003159 0.999144
1788232675.793708563 0.101073 0.066632 0.585266 0.002943 0.035793 -0.003057 0.999350
1788232675.827049255 0.097476 0.065801 0.596916 0.003016 0.030851 -0.002344 0.999517
1788232675.860390425 0.093983 0.063974 0.607970 0.002873 0.026094 -0.001379 0.999654
1788232675.893731356 0.090502 0.064316 0.620584 0.003127 0.020577 -0.001170 0.999783
1788232675.927072287 0.088142 0.065581 0.635050 0.003099 0.014940 -0.000922 0.999883
1788232675.960413218 0.084223 0.065781 0.646243 0.003035 0.010046 -0.000500 0.999945
1788232675.993753195 0.080462 0.066268 0.660229 0.003114 0.005352 -0.000206 0.999981
1788232676.027094126 0.076510 0.064972 0.672764 0.003060 0.000960 0.000017 0.999995
1788232676.060435057 0.071778 0.065723 0.685182 0.002905 -0.003047 0.000240 0.999991
1788232676.093776226 0.068129 0.063424 0.697453 0.002659 -0.006542 0.000341 0.999975
1788232676.127117395 0.064919 0.064893 0.710604 0.002663 -0.009891 0.000804 0.999947
1788232676.160457134 0.061670 0.066088 0.722612 0.002698 -0.013597 0.001310 0.999903
1788232676.193796873 0.058649 0.064939 0.734163 0.002702 -0.017483 0.001190 0.999843
1788232676.227136850 0.053580 0.064616 0.746870 0.002687 -0.021041 0.001225 0.999774
1788232676.260476828 0.050932 0.065247 0.759448 0.002333 -0.024935 0.001556 0.999685
1788232676.293816328 0.045466 0.064951 0.772672 0.001888 -0.028644 0.001777 0.999586
1788232676.327156305 0.041702 0.064079 0.784380 0.001498 -0.032410 0.001298 0.999473
1788232676.360496283 0.035298 0.067064 0.798618 0.001242 -0.036021 0.000840 0.999350
1788232676.393836260 0.030574 0.065087 0.810524 0.000580 -0.039629 0.001232 0.999214
1788232676.427175760 0.028169 0.067135 0.823892 0.000156 -0.043559 0.001796 0.999049
1788232676.460514784 0.025377 0.067174 0.836362 0.000088 -0.047339 0.002076 0.998877
1788232676.493854523 0.019165 0.067432 0.847356 -0.000026 -0.050809 0.002219 0.998706
1788232676.527194262 0.015884 0.067978 0.860731 -0.000033 -0.054881 0.002491 0.998490
1788232676.560534239 0.011012 0.068564 0.873711 0.000011 -0.058435 0.002888 0.998287
1788232676.593873739 0.009321 0.069366 0.884776 0.000096 -0.062143 0.002871 0.998063
1788232676.627213717 0.003718 0.069675 0.895276 0.000430 -0.065756 0.002743 0.997832
1788232676.660553694 -0.001489 0.069101 0.905801 0.000553 -0.069282 0.003049 0.997592
1788232676.693893433 -0.004609 0.068043 0.918655 0.000386 -0.072998 0.003674 0.997325
1788232676.727233410 -0.009123 0.070621 0.930164 0.000508 -0.076464 0.003984 0.997064
1788232676.760573149 -0.014658 0.070837 0.942339 0.000446 -0.080101 0.003643 0.996780
1788232676.793912888 -0.018433 0.070385 0.954191 -0.000033 -0.083999 0.003760 0.996459
1788232676.827252865 -0.025177 0.072050 0.966206 -0.000378 -0.087580 0.003578 0.996151
1788232676.860592842 -0.031258 0.072815 0.980751 -0.000557 -0.091126 0.003330 0.995834
1788232676.893931627 -0.035005 0.070839 0.992078 -0.000820 -0.095090 0.003268 0.995463
1788232676.927271366 -0.040170 0.070830 1.003321 -0.000814 -0.098996 0.003501 0.995081
1788232676.960611105 -0.044699 0.072462 1.014405 -0.000133 -0.102721 0.004272 0.994701
1788232676.993951082 -0.051478 0.071909 1.026635 0.000247 -0.106053 0.004966 0.994348
1788232677.027291059 -0.056126 0.073540 1.036756 0.000621 -0.109608 0.005637 0.993959
1788232677.060630560 -0.059701 0.074040 1.047330 0.000579 -0.113474 0.005977 0.993523
1788232677.093970299 -0.064250 0.073796 1.057777 0.000379 -0.117310 0.005816 0.993078
1788232677.127310276 -0.072223 0.074278 1.071733 0.000047 -0.120978 0.005435 0.992640
1788232677.160648346 -0.078759 0.073682 1.085683 -0.000511 -0.124704 0.005009 0.992181
1788232677.193985939 -0.087268 0.077133 1.097317 -0.000484 -0.128122 0.005113 0.991745
1788232677.227323771 -0.091985 0.075946 1.107036 -0.000734 -0.131871 0.005272 0.991253
1788232677.260661602 -0.101239 0.076213 1.120469 -0.000522 -0.135075 0.005408 0.990820
1788232677.293999672 -0.103059 0.074379 1.130033 -0.000635 -0.138759 0.006044 0.990308
1788232677.327336311 -0.107633 0.073872 1.139107 -0.000513 -0.142536 0.006328 0.989769
1788232677.360673904 -0.118852 0.075951 1.152330 -0.000436 -0.145937 0.005962 0.989276
1788232677.394011497 -0.121911 0.079530 1.165743 -0.000111 -0.149931 0.005683 0.988680
1788232677.427349329 -0.132048 0.081853 1.177966 -0.000189 -0.153336 0.005792 0.988157
1788232677.460686922 -0.138510 0.081759 1.188285 -0.000066 -0.157131 0.005918 0.987560
1788232677.494024515 -0.149307 0.082593 1.204007 0.000279 -0.161240 0.006106 0.986896
1788232677.527362108 -0.155019 0.083416 1.213751 0.000652 -0.165143 0.006884 0.986245
1788232677.560699463 -0.159970 0.082371 1.221624 0.000715 -0.168883 0.007444 0.985608
1788232677.594037056 -0.167245 0.081922 1.233949 0.000925 -0.172925 0.007748 0.984904
1788232677.627374649 -0.174102 0.083230 1.243573 0.001205 -0.177398 0.007612 0.984109
1788232677.660712004 -0.185383 0.084714 1.255301 0.001154 -0.181650 0.007858 0.983331
1788232677.694049358 -0.195145 0.084925 1.268091 0.001070 -0.186004 0.008017 0.982516
1788232677.727386713 -0.204075 0.085802 1.276823 0.000999 -0.190134 0.008394 0.981722
1788232677.760724306 -0.211206 0.084430 1.285615 0.000942 -0.194866 0.008526 0.980792
1788232677.794060469 -0.219971 0.085196 1.297280 0.001080 -0.199551 0.008787 0.979847
1788232677.827397823 -0.230619 0.087010 1.308456 0.001346 -0.203829 0.009207 0.978962
1788232677.860735178 -0.238720 0.087058 1.316591 0.001375 -0.208150 0.009443 0.978050
1788232677.894072294 -0.249983 0.089023 1.329546 0.001581 -0.212945 0.009349 0.977018
1788232677.927409410 -0.260110 0.089478 1.337978 0.001366 -0.217861 0.009617 0.975931
1788232677.960746527 -0.270346 0.088986 1.349278 0.001423 -0.222712 0.009812 0.974834
1788232677.994083643 -0.277896 0.090547 1.357378 0.001566 -0.227606 0.010130 0.973700
1788232678.027420759 -0.286519 0.090049 1.364509 0.001625 -0.232270 0.010599 0.972592
1788232678.060757875 -0.293455 0.091369 1.377664 0.001600 -0.237338 0.011411 0.971359
1788232678.094094992 -0.301734 0.091666 1.384482 0.001565 -0.242003 0.011919 0.970201
1788232678.127432108 -0.311706 0.092907 1.392731 0.001804 -0.246509 0.012028 0.969064
1788232678.160770178 -0.324456 0.092941 1.401742 0.002026 -0.250966 0.012180 0.967917
1788232678.194108248 -0.333308 0.093405 1.412906 0.002093 -0.255906 0.012573 0.966618
1788232678.227445364 -0.343466 0.093564 1.420313 0.002260 -0.260636 0.013065 0.965346
1788232678.260783434 -0.353659 0.093977 1.429785 0.002269 -0.265413 0.013070 0.964043
1788232678.294121504 -0.362337 0.095574 1.435332 0.002515 -0.270168 0.012797 0.962725
1788232678.327459812 -0.371135 0.093167 1.441618 0.002301 -0.274998 0.012640 0.961359
1788232678.360797882 -0.381207 0.092587 1.447953 0.002015 -0.279740 0.012663 0.959990
1788232678.394135952 -0.392482 0.091434 1.455508 0.001660 -0.284308 0.012734 0.958647
1788232678.427473783 -0.404784 0.092895 1.462433 0.001895 -0.288785 0.012876 0.957305
1788232678.460811615 -0.414004 0.092972 1.465776 0.002158 -0.293516 0.013186 0.955861
1788232678.494149446 -0.422480 0.090141 1.474026 0.002097 -0.298407 0.013857 0.954336
1788232678.527487278 -0.429475 0.091159 1.479365 0.002257 -0.303082 0.014736 0.952848
1788232678.560825109 -0.440950 0.091925 1.489379 0.002768 -0.307540 0.014592 0.951419
1788232678.594163418 -0.452014 0.090942 1.495124 0.003094 -0.312238 0.014407 0.949890
1788232678.627501249 -0.462299 0.089969 1.498999 0.003097 -0.317081 0.014443 0.948283
1788232678.660837889 -0.473318 0.089546 1.505624 0.002495 -0.321654 0.014877 0.946737
1788232678.694175482 -0.481266 0.089996 1.510602 0.002287 -0.326425 0.015191 0.945098
1788232678.727513552 -0.492866 0.087694 1.517307 0.002211 -0.331063 0.015178 0.943484
1788232678.760851383 -0.506060 0.088188 1.525912 0.002317 -0.335453 0.015240 0.941931
1788232678.794188976 -0.515965 0.091099 1.533311 0.002066 -0.339976 0.015712 0.940301
1788232678.827526569 -0.525822 0.089235 1.536699 0.001950 -0.344375 0.015852 0.938696
1788232678.860864162 -0.538519 0.090990 1.543352 0.002670 -0.349037 0.015916 0.936970
1788232678.894201756 -0.548686 0.090417 1.550430 0.003204 -0.354062 0.016620 0.935069
1788232678.927539349 -0.559138 0.091859 1.556347 0.003366 -0.358838 0.017471 0.933230
1788232678.960877180 -0.569887 0.091375 1.564002 0.003555 -0.363167 0.018133 0.931541
1788232678.994214773 -0.580551 0.091178 1.566956 0.003657 -0.367692 0.018404 0.929758
1788232679.027552128 -0.592307 0.091053 1.573054 0.003705 -0.372274 0.018676 0.927927
1788232679.060889721 -0.604820 0.093907 1.578623 0.003696 -0.376967 0.019066 0.926023
1788232679.094227076 -0.618939 0.095495 1.583721 0.003666 -0.381490 0.019206 0.924166
1788232679.127563715 -0.631630 0.096864 1.591423 0.003852 -0.386253 0.019249 0.922184
1788232679.160902977 -0.642328 0.096388 1.593433 0.003823 -0.390748 0.019352 0.920286
1788232679.194242239 -0.653723 0.096891 1.599445 0.003777 -0.395214 0.019820 0.918368
1788232679.227581263 -0.665487 0.097127 1.606749 0.004214 -0.399777 0.020169 0.916381
1788232679.260920525 -0.675112 0.095578 1.608132 0.004041 -0.404430 0.020424 0.914332
1788232679.294259787 -0.686931 0.097895 1.612201 0.003927 -0.408848 0.020981 0.912353
1788232679.327599049 -0.700589 0.097685 1.618640 0.003767 -0.413197 0.021352 0.910383
1788232679.360938072 -0.708075 0.097208 1.618505 0.003921 -0.417634 0.021449 0.908354
1788232679.394277573 -0.723714 0.097692 1.626296 0.003986 -0.422207 0.021849 0.906227
1788232679.427616596 -0.734661 0.098125 1.633659 0.004083 -0.426665 0.022570 0.904119
1788232679.460955858 -0.745055 0.097682 1.634293 0.004183 -0.430724 0.022912 0.902183
1788232679.494294882 -0.756873 0.098703 1.640605 0.004918 -0.435157 0.023078 0.900046
1788232679.527633667 -0.768020 0.098215 1.643152 0.005094 -0.439791 0.022947 0.897792
1788232679.560972214 -0.780485 0.100260 1.647902 0.004954 -0.444199 0.023385 0.895609
1788232679.594310999 -0.793269 0.099861 1.651640 0.004530 -0.448461 0.023899 0.893471
1788232679.627650261 -0.806311 0.100290 1.654662 0.004978 -0.452695 0.024019 0.891328
1788232679.660989285 -0.817179 0.099077 1.655993 0.004877 -0.457113 0.024256 0.889064
1788232679.694328547 -0.828872 0.097898 1.662035 0.004587 -0.461440 0.024577 0.886819
1788232679.727667332 -0.843939 0.098547 1.671592 0.004464 -0.465551 0.025077 0.884654
1788232679.761006355 -0.855251 0.098808 1.673397 0.004817 -0.469801 0.025051 0.882403
1788232679.794345617 -0.867921 0.099766 1.676022 0.005007 -0.474473 0.025063 0.879899
1788232679.827684402 -0.878193 0.099468 1.679154 0.004928 -0.478804 0.025469 0.877539
1788232679.861023664 -0.890486 0.099007 1.684335 0.004801 -0.482913 0.026337 0.875259
1788232679.894362450 -0.902308 0.099370 1.687489 0.005016 -0.487114 0.026747 0.872914
1788232679.927701712 -0.915515 0.101016 1.691054 0.004992 -0.491289 0.027320 0.870554
1788232679.961040497 -0.925100 0.100617 1.692031 0.004704 -0.495057 0.027712 0.868406
1788232679.994378328 -0.938210 0.101138 1.695746 0.004642 -0.498898 0.027762 0.866203
1788232680.027717590 -0.952349 0.102955 1.701578 0.005145 -0.502850 0.027651 0.863916
1788232680.061056376 -0.964313 0.101657 1.699792 0.005206 -0.506611 0.027665 0.861715
1788232680.094395161 -0.974795 0.102436 1.704025 0.005267 -0.510158 0.027831 0.859614
1788232680.127733946 -0.987485 0.101801 1.706798 0.005377 -0.513251 0.028217 0.857758
1788232680.161087036 -0.998661 0.101394 1.706948 0.005668 -0.516249 0.028613 0.855942
1788232680.194439888 -1.011432 0.101436 1.709274 0.005595 -0.519701 0.028900 0.853841
1788232680.227792978 -1.022851 0.101228 1.710803 0.005446 -0.523062 0.029001 0.851784
1788232680.261146307 -1.035496 0.101604 1.716267 0.005329 -0.526480 0.029039 0.849675
1788232680.294499397 -1.048080 0.101300 1.719095 0.005151 -0.529886 0.028776 0.847565
1788232680.327852964 -1.061132 0.103019 1.721492 0.005260 -0.533484 0.028716 0.845306
1788232680.361206055 -1.074693 0.103867 1.721693 0.005296 -0.536879 0.028883 0.843148
1788232680.394559860 -1.087253 0.102476 1.724216 0.005186 -0.540256 0.029351 0.840973
1788232680.427913427 -1.096580 0.104404 1.728509 0.004989 -0.543653 0.030317 0.838748
1788232680.461266279 -1.108135 0.101900 1.731006 0.005170 -0.546681 0.030993 0.836751
1788232680.494620085 -1.121192 0.101396 1.735630 0.005329 -0.550028 0.031172 0.834547
1788232680.527973890 -1.133032 0.101925 1.738839 0.005111 -0.553284 0.031292 0.832389
1788232680.561327934 -1.145643 0.102829 1.739297 0.004624 -0.556629 0.031215 0.830162
1788232680.594682217 -1.163568 0.104506 1.738738 0.004588 -0.559636 0.030689 0.828157
1788232680.628036261 -1.177315 0.107353 1.741419 0.004664 -0.563110 0.030274 0.825814
1788232680.661390781 -1.191367 0.109407 1.739226 0.004620 -0.565783 0.030323 0.823983
1788232680.694744825 -1.206502 0.110840 1.741361 0.004397 -0.568664 0.030839 0.821980
1788232680.728099346 -1.217373 0.109430 1.741958 0.004537 -0.571213 0.031250 0.820194
1788232680.761454105 -1.231452 0.110205 1.744369 0.005333 -0.574240 0.031750 0.818054
1788232680.794808865 -1.244360 0.110366 1.745743 0.005664 -0.577241 0.032231 0.815918
1788232680.828163624 -1.258025 0.110764 1.747081 0.005723 -0.580493 0.032997 0.813576
1788232680.861518383 -1.269874 0.113027 1.748758 0.005875 -0.583447 0.033455 0.811441
1788232680.894872427 -1.283703 0.114661 1.750972 0.006298 -0.586328 0.033669 0.809349
1788232680.928227663 -1.296159 0.114856 1.748593 0.006208 -0.589199 0.033616 0.807264
1788232680.961582661 -1.312832 0.116712 1.749790 0.005873 -0.592135 0.033619 0.805115
1788232680.994938135 -1.321835 0.119850 1.737141 0.005389 -0.593974 0.033985 0.803748
1788232681.028293133 -1.341514 0.116790 1.729006 0.005268 -0.596008 0.033614 0.802258
1788232681.061648846 -1.356970 0.116622 1.726078 0.005140 -0.598824 0.033427 0.800167
1788232681.095004320 -1.373452 0.116693 1.722393 0.004365 -0.601588 0.033268 0.798101
1788232681.128359795 -1.385896 0.117773 1.722501 0.004120 -0.604324 0.033182 0.796037
1788232681.161702156 -1.402326 0.116546 1.719807 0.004104 -0.606085 0.032899 0.794709
1788232681.195044518 -1.414426 0.116659 1.721126 0.003803 -0.608255 0.032790 0.793055
1788232681.228386879 -1.432005 0.118982 1.719247 0.003433 -0.610111 0.032788 0.791630
1788232681.261729479 -1.447523 0.118756 1.719349 0.003471 -0.611923 0.032820 0.790229
1788232681.295071840 -1.458132 0.120170 1.721066 0.003001 -0.613786 0.033302 0.788764
1788232681.328413248 -1.470989 0.119704 1.722039 0.003123 -0.615637 0.033240 0.787322
1788232681.361755848 -1.481343 0.120021 1.722280 0.003180 -0.617497 0.033399 0.785858
1788232681.395098209 -1.494150 0.120873 1.722305 0.003413 -0.618987 0.033650 0.784673
1788232681.428440571 -1.508876 0.122458 1.723060 0.003329 -0.620532 0.034063 0.783434
1788232681.461783648 -1.525251 0.121544 1.722841 0.002992 -0.621668 0.034139 0.782531
1788232681.495126009 -1.535110 0.121061 1.722605 0.003283 -0.623100 0.034065 0.781393
1788232681.528468847 -1.551190 0.120759 1.722899 0.003046 -0.624799 0.033896 0.780044
1788232681.561811209 -1.566594 0.121281 1.724561 0.002866 -0.626206 0.033989 0.778911
1788232681.595154285 -1.577173 0.120425 1.725615 0.002922 -0.627661 0.034222 0.777729
1788232681.628497124 -1.594423 0.121197 1.727828 0.003156 -0.629396 0.034358 0.776318
1788232681.661839724 -1.606104 0.122760 1.730317 0.003189 -0.631188 0.034576 0.774852
1788232681.695182562 -1.623358 0.122894 1.727847 0.003214 -0.632490 0.034739 0.773782
1788232681.728525162 -1.633577 0.120433 1.737718 0.003056 -0.634410 0.034840 0.772205
1788232681.761868477 -1.649003 0.120847 1.740464 0.003046 -0.636049 0.034897 0.770853
1788232681.795210123 -1.661328 0.119949 1.738214 0.003277 -0.637296 0.034728 0.769829
1788232681.828552961 -1.676118 0.119286 1.736750 0.003365 -0.638837 0.034603 0.768556
1788232681.861895800 -1.687982 0.119086 1.734550 0.003267 -0.640391 0.034469 0.767269
1788232681.895238876 -1.701403 0.117703 1.736365 0.002878 -0.642000 0.034575 0.765919
1788232681.928581953 -1.718721 0.119995 1.736491 0.002651 -0.643608 0.035103 0.764545
1788232681.961925030 -1.728852 0.121712 1.736389 0.002825 -0.644895 0.035568 0.763437
1788232681.995267868 -1.743819 0.120624 1.736516 0.002656 -0.646400 0.035539 0.762166
1788232682.028611183 -1.755174 0.122201 1.737247 0.002401 -0.647971 0.035961 0.760812
1788232682.061954260 -1.768196 0.120343 1.739716 0.002649 -0.649531 0.036059 0.759475
1788232682.095297337 -1.780119 0.120191 1.739637 0.002718 -0.651265 0.036120 0.757985
1788232682.128640413 -1.794531 0.120620 1.737700 0.002999 -0.652753 0.035884 0.756714
1788232682.161981344 -1.808751 0.121051 1.736394 0.003385 -0.654217 0.035565 0.755463
1788232682.195322275 -1.825249 0.121591 1.737389 0.003747 -0.655917 0.035683 0.753980
1788232682.228661776 -1.833881 0.122940 1.735073 0.004177 -0.657287 0.036240 0.752757
1788232682.262002707 -1.850428 0.122903 1.734305 0.004128 -0.658876 0.036781 0.751340
1788232682.295343876 -1.862049 0.122958 1.732176 0.004696 -0.660188 0.036964 0.750176
1788232682.328684568 -1.875860 0.124716 1.734608 0.005341 -0.662061 0.036964 0.748519
1788232682.362025499 -1.886916 0.124527 1.731362 0.005084 -0.663158 0.037034 0.747545
1788232682.395366192 -1.892872 0.118839 1.738637 0.004350 -0.665510 0.036684 0.745475
1788232682.428707123 -1.906557 0.118877 1.738876 0.004628 -0.667137 0.036720 0.744015
1788232682.462047815 -1.920026 0.119134 1.738434 0.004788 -0.668628 0.037050 0.742658
1788232682.495388746 -1.931903 0.119584 1.736766 0.004634 -0.670161 0.037314 0.741263
1788232682.528729916 -1.945120 0.119628 1.736440 0.005196 -0.671799 0.037649 0.739757
1788232682.562070608 -1.957432 0.118962 1.734294 0.005324 -0.673321 0.038074 0.738350
1788232682.595411539 -1.971926 0.119499 1.733527 0.004911 -0.674749 0.038218 0.737040
1788232682.628752232 -1.984375 0.119148 1.732586 0.005301 -0.676266 0.038124 0.735651
1788232682.662092209 -1.997707 0.121125 1.729757 0.005758 -0.677718 0.038197 0.734306
1788232682.695433140 -2.010546 0.120541 1.730514 0.005574 -0.679405 0.038488 0.732733
1788232682.728774071 -2.022699 0.120001 1.729474 0.005173 -0.681048 0.038494 0.731208
1788232682.762115002 -2.037031 0.121583 1.728218 0.005173 -0.682448 0.038326 0.729911
1788232682.795455694 -2.053458 0.119885 1.727161 0.005175 -0.683991 0.037972 0.728483
1788232682.828796625 -2.064731 0.120041 1.727800 0.004646 -0.685644 0.037750 0.726943
1788232682.862137556 -2.078513 0.120996 1.728173 0.005017 -0.687378 0.037683 0.725304
1788232682.895478487 -2.090351 0.119952 1.725566 0.004886 -0.688651 0.037934 0.724084
1788232682.928819418 -2.102972 0.119000 1.725625 0.004385 -0.690244 0.038016 0.722564
1788232682.962160349 -2.116334 0.119764 1.724790 0.004926 -0.691819 0.037981 0.721054
1788232682.995501280 -2.128901 0.120562 1.722541 0.005479 -0.693473 0.038468 0.719434
1788232683.028841734 -2.145645 0.121986 1.720443 0.005499 -0.695125 0.039279 0.717794
1788232683.062182665 -2.156198 0.121651 1.719337 0.005275 -0.696491 0.039795 0.716442
1788232683.095523596 -2.168803 0.123092 1.723725 0.005892 -0.698041 0.040472 0.714889
1788232683.128863573 -2.180097 0.122866 1.722313 0.006369 -0.699362 0.040935 0.713566
1788232683.162202597 -2.192678 0.121331 1.718256 0.005753 -0.700973 0.041004 0.711985
1788232683.195541382 -2.207708 0.120928 1.716083 0.006082 -0.702580 0.040671 0.710416
1788232683.228879929 -2.218683 0.120308 1.711098 0.006286 -0.703542 0.040516 0.709470
1788232683.262218952 -2.234173 0.122383 1.710109 0.006409 -0.704956 0.040262 0.708079
1788232683.295557499 -2.246805 0.122525 1.707076 0.006216 -0.706556 0.039901 0.706504
1788232683.328896046 -2.257283 0.123301 1.701851 0.006411 -0.707857 0.039962 0.705195
1788232683.362234831 -2.271596 0.124683 1.701499 0.006473 -0.709362 0.040514 0.703649
1788232683.395573378 -2.284549 0.125681 1.699819 0.006201 -0.710947 0.040732 0.702037
1788232683.428911924 -2.296543 0.125247 1.696330 0.006653 -0.712501 0.040380 0.700477
1788232683.462250710 -2.307614 0.125712 1.694709 0.006906 -0.713910 0.040169 0.699050
1788232683.495589256 -2.322276 0.124601 1.691064 0.006074 -0.715209 0.039774 0.697751
1788232683.528927803 -2.334327 0.123843 1.690129 0.005983 -0.716810 0.039747 0.696109
1788232683.562265158 -2.348488 0.123573 1.687754 0.005976 -0.718447 0.039871 0.694413
1788232683.595603704 -2.362150 0.123415 1.686732 0.005885 -0.720403 0.040159 0.692367
1788232683.628942251 -2.374334 0.124619 1.682843 0.006034 -0.722414 0.040261 0.690261
1788232683.662280560 -2.385659 0.123744 1.679036 0.006093 -0.724148 0.040330 0.688438
1788232683.695618868 -2.398253 0.122507 1.674587 0.006103 -0.725886 0.040119 0.686617
1788232683.728957653 -2.412170 0.122427 1.667879 0.006210 -0.727830 0.039809 0.684573
1788232683.762295961 -2.423417 0.120929 1.663463 0.006489 -0.730128 0.039428 0.682141
1788232683.795634031 -2.435616 0.121175 1.658654 0.005983 -0.732393 0.039507 0.679709
1788232683.828972340 -2.448323 0.121556 1.656131 0.005553 -0.734690 0.039720 0.677217
1788232683.862311125 -2.460746 0.121844 1.651706 0.005736 -0.736886 0.039890 0.674815
1788232683.895649433 -2.471136 0.120689 1.644804 0.006558 -0.738892 0.039739 0.672619
1788232683.928987503 -2.483453 0.120761 1.640184 0.006806 -0.741684 0.039670 0.669541
1788232683.962325573 -2.495273 0.120838 1.634543 0.006356 -0.744354 0.040007 0.666555
1788232683.995662928 -2.506690 0.120971 1.629603 0.006712 -0.746839 0.040441 0.663741
1788232684.029000998 -2.517233 0.121417 1.622379 0.007584 -0.749347 0.040886 0.660871
1788232684.062339067 -2.530160 0.121188 1.617275 0.007428 -0.752130 0.041239 0.657681
1788232684.095677376 -2.539008 0.120358 1.611970 0.006969 -0.754858 0.041616 0.654530
1788232684.129015446 -2.549893 0.120580 1.605463 0.006945 -0.757518 0.041862 0.651433
1788232684.162360907 -2.563665 0.122056 1.597909 0.007534 -0.760214 0.042035 0.648268
1788232684.195706844 -2.574272 0.121598 1.591299 0.007605 -0.763215 0.041825 0.644745
1788232684.229052067 -2.586005 0.121221 1.582907 0.007332 -0.766084 0.041572 0.641352
1788232684.262397766 -2.597861 0.119412 1.577569 0.006923 -0.768950 0.041491 0.637924
1788232684.295743704 -2.609965 0.120106 1.572415 0.007065 -0.771894 0.041894 0.634331
1788232684.329089165 -2.620866 0.120309 1.565181 0.007697 -0.774930 0.041972 0.630605
1788232684.362434864 -2.633448 0.122007 1.558779 0.007804 -0.778232 0.042512 0.626488
1788232684.395780802 -2.644428 0.123557 1.549169 0.007828 -0.781325 0.042776 0.622607
1788232684.429126501 -2.655775 0.123598 1.541984 0.008062 -0.784550 0.042755 0.618537
1788232684.462471247 -2.669041 0.123507 1.534252 0.008249 -0.788055 0.042358 0.614090
1788232684.495817423 -2.679858 0.122411 1.526302 0.008158 -0.791660 0.041976 0.609463
1788232684.529163122 -2.690058 0.121934 1.519527 0.007898 -0.795288 0.041641 0.604748
1788232684.562509537 -2.702507 0.121231 1.511280 0.007972 -0.798652 0.041730 0.600292
1788232684.595855236 -2.717707 0.120477 1.504688 0.007947 -0.802192 0.042122 0.595525
1788232684.629201412 -2.726080 0.118247 1.498108 0.007711 -0.805493 0.042729 0.591012
1788232684.662547588 -2.738022 0.116087 1.493026 0.007438 -0.809069 0.043106 0.586083
1788232684.695893526 -2.749535 0.115236 1.486215 0.007643 -0.812628 0.043609 0.581098
1788232684.729239941 -2.763121 0.113859 1.480400 0.007715 -0.816390 0.043844 0.575783
1788232684.762585878 -2.772596 0.114338 1.471524 0.007724 -0.819771 0.043934 0.570952
1788232684.795932531 -2.785794 0.115106 1.462311 0.007816 -0.823293 0.043903 0.565863
1788232684.829278469 -2.796071 0.113588 1.451097 0.007827 -0.826782 0.043443 0.560787
1788232684.862625122 -2.805845 0.112732 1.439194 0.008260 -0.830212 0.043115 0.555717
1788232684.895970583 -2.815882 0.111835 1.429768 0.008210 -0.833515 0.043131 0.550749
1788232684.929316998 -2.813873 0.105311 1.411378 0.007068 -0.836577 0.042740 0.546134
1788232684.962663651 -2.817034 0.106689 1.397131 0.007937 -0.839370 0.043294 0.541775
1788232684.996009827 -2.823940 0.106168 1.386223 0.008341 -0.842550 0.044017 0.536752
1788232685.029356718 -2.830446 0.106108 1.374290 0.008341 -0.845620 0.044778 0.531838
1788232685.062703133 -2.838140 0.104725 1.365174 0.008287 -0.848609 0.045607 0.526986
1788232685.096050024 -2.846685 0.104292 1.356703 0.008636 -0.851695 0.046207 0.521925
1788232685.129396439 -2.854109 0.104374 1.345733 0.008913 -0.854920 0.046392 0.516605
1788232685.162735939 -2.864198 0.104697 1.333856 0.008864 -0.858087 0.046412 0.511326
1788232685.196075439 -2.873041 0.104764 1.322486 0.009296 -0.861231 0.046376 0.506008
1788232685.229414701 -2.880899 0.104300 1.309574 0.009969 -0.864412 0.046320 0.500546
1788232685.262753963 -2.889200 0.103940 1.299047 0.009880 -0.867471 0.046591 0.495203
1788232685.296093225 -2.899717 0.101997 1.289058 0.009142 -0.870379 0.047204 0.490030
1788232685.329431772 -2.906356 0.101703 1.279008 0.009481 -0.873272 0.047905 0.484779
1788232685.362770796 -2.915056 0.101634 1.267876 0.009705 -0.876252 0.048331 0.479325
1788232685.396110296 -2.923207 0.101205 1.256966 0.009500 -0.879288 0.048271 0.473743
1788232685.429449558 -2.930146 0.100965 1.244037 0.009188 -0.882007 0.048383 0.468656
1788232685.462788820 -2.938349 0.100816 1.231985 0.009389 -0.884846 0.048531 0.463253
1788232685.496128082 -2.945708 0.100217 1.221164 0.009529 -0.887755 0.048585 0.457646
1788232685.529467344 -2.950953 0.100469 1.209950 0.009414 -0.890342 0.048984 0.452553
1788232685.562806368 -2.959531 0.100599 1.200523 0.009736 -0.893095 0.049409 0.447040
1788232685.596145153 -2.966635 0.100760 1.188621 0.010091 -0.895909 0.049662 0.441338
1788232685.629484415 -2.973166 0.099955 1.183622 0.010062 -0.898803 0.049551 0.435428
1788232685.662823439 -2.980201 0.098309 1.172441 0.009662 -0.901458 0.049242 0.429949
1788232685.696162701 -2.989024 0.097704 1.160248 0.009723 -0.904060 0.049442 0.424426
1788232685.729501724 -2.993443 0.096891 1.147413 0.009877 -0.906609 0.049466 0.418946
1788232685.762840986 -2.999532 0.096909 1.135196 0.009829 -0.909039 0.049678 0.413623
1788232685.796179056 -3.005038 0.096258 1.123308 0.009645 -0.911417 0.049841 0.408340
1788232685.829517841 -3.009746 0.094823 1.111475 0.009662 -0.913935 0.049939 0.402661
1788232685.862857103 -3.016528 0.094351 1.098938 0.009489 -0.916534 0.049810 0.396730
1788232685.896195889 -3.022559 0.093272 1.087062 0.009213 -0.918850 0.049864 0.391336
1788232685.929535151 -3.032271 0.093546 1.075396 0.009316 -0.921377 0.049954 0.385333
1788232685.962873936 -3.039900 0.094301 1.064511 0.009312 -0.923954 0.050136 0.379089
1788232685.996212959 -3.046211 0.093996 1.053464 0.009048 -0.926396 0.050058 0.373100
1788232686.029551744 -3.055831 0.094477 1.041833 0.008997 -0.928837 0.050018 0.366986
1788232686.062890530 -3.059038 0.093839 1.030074 0.009517 -0.930917 0.050346 0.361619
1788232686.096229553 -3.064656 0.092813 1.019058 0.009520 -0.933263 0.050510 0.355497
1788232686.129568100 -3.069247 0.093437 1.006339 0.009569 -0.935335 0.050925 0.349948
1788232686.162907362 -3.074381 0.092517 0.994894 0.009382 -0.937468 0.051133 0.344167
1788232686.196246147 -3.078250 0.092573 0.981632 0.009757 -0.939440 0.051223 0.338724
1788232686.229584217 -3.080801 0.091431 0.968506 0.009858 -0.941541 0.050964 0.332874
1788232686.262923002 -3.086088 0.087495 0.957917 0.009098 -0.943662 0.050699 0.326876
1788232686.296262026 -3.088601 0.086861 0.944831 0.009618 -0.945624 0.050648 0.321150
1788232686.329600811 -3.090479 0.086346 0.929949 0.009590 -0.947580 0.050782 0.315312
1788232686.362939835 -3.095553 0.085641 0.917296 0.009371 -0.949728 0.050996 0.308754
1788232686.396278620 -3.099466 0.084940 0.907167 0.009073 -0.951733 0.051557 0.302429
1788232686.429617405 -3.104055 0.084210 0.894792 0.008792 -0.953504 0.051936 0.296741
1788232686.462956429 -3.106019 0.081868 0.882207 0.008373 -0.955268 0.052157 0.290987
1788232686.496294975 -3.110259 0.080726 0.871956 0.008168 -0.957061 0.052599 0.284958
1788232686.529633999 -3.114630 0.079363 0.859883 0.007597 -0.958800 0.052834 0.279023
1788232686.562972546 -3.117412 0.078540 0.845826 0.007565 -0.960462 0.052488 0.273314
1788232686.596311331 -3.117986 0.077210 0.833899 0.007504 -0.962158 0.052271 0.267327
1788232686.629650116 -3.123263 0.078721 0.819222 0.007883 -0.963783 0.052333 0.261384
1788232686.662987709 -3.125115 0.076880 0.808183 0.007542 -0.965389 0.052338 0.255397
1788232686.696326256 -3.124794 0.078372 0.796679 0.007930 -0.967015 0.052393 0.249148
1788232686.729664803 -3.125223 0.077677 0.785145 0.007914 -0.968602 0.052774 0.242823
1788232686.763003588 -3.129766 0.077518 0.773165 0.007717 -0.970183 0.053406 0.236292
1788232686.796342134 -3.130027 0.077577 0.762915 0.007183 -0.971590 0.054007 0.230313
1788232686.829680681 -3.131259 0.074915 0.753728 0.006699 -0.972951 0.054305 0.224440
1788232686.863019466 -3.131203 0.075326 0.740189 0.007091 -0.974267 0.054616 0.218564
1788232686.896357775 -3.132037 0.076066 0.727622 0.007159 -0.975615 0.054774 0.212425
1788232686.929696321 -3.130986 0.074900 0.714409 0.007040 -0.976905 0.054424 0.206507
1788232686.963034630 -3.132137 0.075718 0.701277 0.007448 -0.978189 0.054639 0.200264
1788232686.996373177 -3.131399 0.076848 0.688640 0.007793 -0.979442 0.054860 0.193968
1788232687.029711723 -3.133340 0.076155 0.675638 0.007560 -0.980695 0.054605 0.187611
1788232687.063050032 -3.132567 0.074826 0.663463 0.007879 -0.981805 0.054495 0.181735
1788232687.096388578 -3.132488 0.073282 0.651217 0.007941 -0.982975 0.054439 0.175311
1788232687.129726171 -3.132093 0.073053 0.639579 0.007484 -0.984094 0.054123 0.169038
1788232687.163074017 -3.131765 0.072165 0.624717 0.007322 -0.985122 0.053881 0.163025
1788232687.196421862 -3.131666 0.071095 0.612139 0.007427 -0.986035 0.054311 0.157258
1788232687.229769468 -3.130008 0.070136 0.599507 0.007279 -0.987021 0.054277 0.150968
1788232687.263117790 -3.128467 0.070028 0.586377 0.006738 -0.987908 0.054221 0.145092
1788232687.296465874 -3.129474 0.071339 0.574583 0.006345 -0.988773 0.054265 0.139078
1788232687.329813957 -3.130491 0.070735 0.563569 0.006511 -0.989613 0.054354 0.132928
1788232687.363162041 -3.128575 0.067578 0.547444 0.006568 -0.990517 0.053663 0.126304
1788232687.396510124 -3.127783 0.065053 0.533296 0.006501 -0.991308 0.052859 0.120297
1788232687.429858208 -3.125519 0.063355 0.520066 0.006571 -0.992036 0.052348 0.114376
1788232687.463206768 -3.122080 0.062841 0.505802 0.006581 -0.992736 0.052211 0.108193
1788232687.496554852 -3.121417 0.062018 0.495463 0.006230 -0.993413 0.052186 0.101825
1788232687.529903173 -3.119679 0.060089 0.483063 0.006068 -0.993978 0.052144 0.096183
1788232687.563250542 -3.114948 0.059261 0.471465 0.006343 -0.994489 0.052475 0.090544
1788232687.596598864 -3.112401 0.056869 0.457329 0.006236 -0.995073 0.052218 0.084044
1788232687.629947424 -3.112593 0.056060 0.447870 0.005735 -0.995614 0.051987 0.077568
1788232687.663295746 -3.110238 0.052983 0.433556 0.005747 -0.996102 0.051444 0.071421
1788232687.696644306 -3.109080 0.051054 0.422371 0.005440 -0.996534 0.051207 0.065332
1788232687.729992867 -3.106469 0.050639 0.409733 0.004894 -0.996932 0.051017 0.059159
1788232687.763341188 -3.104932 0.049189 0.395776 0.004770 -0.997259 0.050916 0.053463
1788232687.796689749 -3.102268 0.047790 0.386235 0.004696 -0.997508 0.050698 0.048851
1788232687.830038309 -3.099930 0.044535 0.373100 0.004582 -0.997692 0.050642 0.045007
1788232687.863387108 -3.099014 0.042755 0.361660 0.004354 -0.997858 0.050554 0.041292
1788232687.896735668 -3.097179 0.041531 0.351239 0.004247 -0.997996 0.050648 0.037691
1788232687.930084467 -3.096003 0.042260 0.339640 0.004485 -0.998083 0.050758 0.035133
1788232687.963433266 -3.095684 0.041071 0.323723 0.004663 -0.998158 0.050448 0.033366
1788232687.996781111 -3.092683 0.040703 0.310864 0.005053 -0.998252 0.049980 0.031141
1788232688.030130148 -3.090812 0.041516 0.296662 0.005453 -0.998352 0.049522 0.028478
1788232688.063478947 -3.089864 0.040466 0.284804 0.005515 -0.998435 0.049275 0.025861
1788232688.096827745 -3.090400 0.038697 0.272456 0.005132 -0.998519 0.048730 0.023646
1788232688.130176544 -3.087989 0.038037 0.258623 0.005360 -0.998569 0.048698 0.021448
1788232688.163515329 -3.085164 0.038625 0.245696 0.005236 -0.998616 0.048763 0.018976
1788232688.196854115 -3.084963 0.038342 0.232461 0.004996 -0.998669 0.048671 0.016320
1788232688.230192661 -3.085735 0.036659 0.221691 0.004626 -0.998708 0.048729 0.013649
1788232688.263531446 -3.082852 0.035868 0.206882 0.004640 -0.998733 0.048803 0.011381
1788232688.296870232 -3.081774 0.034829 0.195672 0.004472 -0.998758 0.048788 0.009118
1788232688.330208778 -3.079565 0.034413 0.182660 0.004250 -0.998781 0.048701 0.006802
1788232688.363547564 -3.077619 0.035156 0.170966 0.004459 -0.998773 0.049118 0.004458
1788232688.396886110 -3.075880 0.034509 0.157543 0.004130 -0.998793 0.048900 0.001965
1788232688.430224419 -3.074756 0.033717 0.142116 -0.004152 0.998819 -0.048392 0.000897
1788232688.463562012 -3.071802 0.032989 0.129839 -0.004587 0.998818 -0.048290 0.003235
1788232688.496900797 -3.070934 0.032656 0.116576 -0.004493 0.998809 -0.048208 0.006070
1788232688.530239105 -3.068250 0.031477 0.105145 -0.004242 0.998788 -0.048265 0.008712
1788232688.563577414 -3.065470 0.030055 0.092984 -0.003894 0.998749 -0.048528 0.011426
1788232688.596915960 -3.064041 0.030038 0.080851 -0.003941 0.998673 -0.049308 0.014313
1788232688.630254507 -3.059815 0.030327 0.070187 -0.004033 0.998589 -0.050051 0.017293
1788232688.663592815 -3.058517 0.028242 0.058531 -0.003898 0.998510 -0.050377 0.020600
1788232688.696931124 -3.054870 0.028150 0.047545 -0.003711 0.998415 -0.050862 0.023799
1788232688.730269670 -3.052572 0.026626 0.036857 -0.003578 0.998335 -0.051015 0.026699
1788232688.763607979 -3.047781 0.026086 0.024111 -0.003936 0.998217 -0.051557 0.029835
1788232688.796946049 -3.044731 0.026204 0.013606 -0.003955 0.998089 -0.051808 0.033437
1788232688.830284595 -3.041224 0.025623 0.001819 -0.003710 0.997979 -0.051609 0.036890
1788232688.863622665 -3.036557 0.024479 -0.011068 -0.003557 0.997843 -0.051667 0.040345
1788232688.896959782 -3.032217 0.023747 -0.021914 -0.003794 0.997700 -0.051813 0.043542
1788232688.930298328 -3.027778 0.022911 -0.034358 -0.003877 0.997540 -0.051584 0.047306
1788232688.963636398 -3.022521 0.022407 -0.045857 -0.004178 0.997358 -0.051263 0.051303
1788232688.996974468 -3.017437 0.021390 -0.057106 -0.004208 0.997163 -0.051314 0.054917
1788232689.030312538 -3.012734 0.021262 -0.068270 -0.004120 0.996925 -0.051663 0.058779
1788232689.063650608 -3.007668 0.020529 -0.079650 -0.004092 0.996679 -0.051797 0.062701
1788232689.096988440 -3.001697 0.019951 -0.093280 -0.004133 0.996436 -0.051418 0.066742
1788232689.130326986 -2.997574 0.019990 -0.105183 -0.003946 0.996156 -0.051603 0.070675
1788232689.163671970 -2.993535 0.018797 -0.116756 -0.003835 0.995875 -0.051675 0.074487
1788232689.197016954 -2.988923 0.018238 -0.127755 -0.003748 0.995560 -0.051793 0.078506
1788232689.230362177 -2.983230 0.016923 -0.139591 -0.003610 0.995229 -0.051677 0.082682
1788232689.263707399 -2.977186 0.016609 -0.151424 -0.003637 0.994869 -0.051784 0.086840
1788232689.297052622 -2.972254 0.015669 -0.161910 -0.003680 0.994495 -0.051643 0.091103
1788232689.330396891 -2.966326 0.014974 -0.174779 -0.004130 0.994085 -0.051790 0.095374
1788232689.363742113 -2.961385 0.014915 -0.186986 -0.004140 0.993655 -0.051495 0.099903
1788232689.397087336 -2.954459 0.014857 -0.199230 -0.003934 0.993230 -0.051318 0.104145
1788232689.430432320 -2.949116 0.013517 -0.208111 -0.003850 0.992811 -0.051393 0.108025
1788232689.463777542 -2.941489 0.013309 -0.220458 -0.003897 0.992377 -0.051628 0.111839
1788232689.497123003 -2.938407 0.010516 -0.230677 -0.004040 0.991841 -0.051494 0.116547
1788232689.530468225 -2.932401 0.010891 -0.242554 -0.004087 0.991319 -0.051794 0.120776
1788232689.563813448 -2.929016 0.010747 -0.251621 -0.004153 0.990780 -0.051979 0.125045
1788232689.597158670 -2.917926 0.009778 -0.264372 -0.004833 0.990219 -0.052320 0.129250
1788232689.630504370 -2.912501 0.010608 -0.274846 -0.004996 0.989608 -0.052151 0.133908
1788232689.663849592 -2.906897 0.012113 -0.285614 -0.004522 0.989015 -0.052168 0.138228
1788232689.697194815 -2.898561 0.010302 -0.295781 -0.004198 0.988478 -0.052287 0.141982
1788232689.730540037 -2.893847 0.009144 -0.307220 -0.003765 0.987842 -0.052518 0.146272
1788232689.763885736 -2.890040 0.007316 -0.317734 -0.003453 0.987160 -0.052230 0.150916
1788232689.797230244 -2.882058 0.006470 -0.329942 -0.003354 0.986532 -0.051641 0.155167
1788232689.830575466 -2.871572 0.007743 -0.341249 -0.003773 0.985936 -0.051810 0.158848
1788232689.863920689 -2.863410 0.006171 -0.350936 -0.004533 0.985283 -0.051790 0.162831
1788232689.897266388 -2.853315 0.006980 -0.363156 -0.005007 0.984546 -0.051771 0.167226
1788232689.930611610 -2.846807 0.006204 -0.374007 -0.004997 0.983812 -0.051443 0.171590
1788232689.963957071 -2.839619 0.003871 -0.381779 -0.004854 0.983142 -0.051373 0.175414
1788232689.997303009 -2.832164 0.003493 -0.394625 -0.004944 0.982351 -0.051767 0.179671
1788232690.030648470 -2.824693 0.003468 -0.404285 -0.005108 0.981558 -0.052120 0.183851
1788232690.063993692 -2.818721 0.003366 -0.413979 -0.005137 0.980731 -0.051767 0.188309
1788232690.097339153 -2.810624 0.003897 -0.427181 -0.005288 0.979857 -0.051597 0.192846
1788232690.130685091 -2.802896 0.003802 -0.437618 -0.005763 0.978992 -0.051462 0.197212
1788232690.164028168 -2.791586 0.001832 -0.446352 -0.006554 0.978155 -0.051165 0.201376
1788232690.197371960 -2.783409 0.001965 -0.457296 -0.006707 0.977238 -0.050709 0.205886
1788232690.230714560 -2.775761 0.002161 -0.467663 -0.006155 0.976351 -0.050712 0.210072
1788232690.264057875 -2.766597 0.002212 -0.477162 -0.005697 0.975491 -0.051245 0.213912
1788232690.297401667 -2.760463 0.002117 -0.485931 -0.005106 0.974567 -0.051942 0.217934
1788232690.330745459 -2.753529 0.001631 -0.496197 -0.004738 0.973516 -0.051996 0.222578
1788232690.364089251 -2.743376 0.001335 -0.505438 -0.004685 0.972444 -0.052064 0.227200
1788232690.397433043 -2.735175 -0.001917 -0.514794 -0.004986 0.971360 -0.051688 0.231871
1788232690.430776596 -2.725529 -0.003197 -0.523978 -0.005186 0.970322 -0.051043 0.236310
1788232690.464120626 -2.715344 -0.003665 -0.533825 -0.005556 0.969199 -0.050710 0.240938
1788232690.497464418 -2.704929 -0.003170 -0.544213 -0.005333 0.968085 -0.050663 0.245392
1788232690.530808449 -2.694838 -0.002950 -0.552066 -0.005012 0.967084 -0.050505 0.249346
1788232690.564152479 -2.685333 -0.001520 -0.563468 -0.004515 0.965910 -0.050758 0.253814
1788232690.597496510 -2.675210 -0.002669 -0.571953 -0.004665 0.964745 -0.051030 0.258150
1788232690.630840778 -2.667391 -0.002863 -0.579171 -0.004441 0.963462 -0.051293 0.262850
1788232690.664183617 -2.658039 -0.003431 -0.586799 -0.004093 0.962163 -0.051304 0.267569
1788232690.697527885 -2.648858 -0.005106 -0.595971 -0.004009 0.960838 -0.051257 0.272300
1788232690.730872154 -2.641012 -0.007470 -0.603565 -0.004537 0.959409 -0.051340 0.277270
1788232690.764216423 -2.628686 -0.006575 -0.612026 -0.004428 0.958072 -0.051150 0.281891
1788232690.797560692 -2.617549 -0.006046 -0.619835 -0.004349 0.956744 -0.050441 0.286494
1788232690.830905199 -2.607117 -0.005724 -0.627789 -0.004460 0.955234 -0.050263 0.291518
1788232690.864249468 -2.594328 -0.005900 -0.636407 -0.004852 0.953825 -0.050406 0.296063
1788232690.897593975 -2.583526 -0.004852 -0.644076 -0.004959 0.952274 -0.050416 0.301013
1788232690.930938244 -2.575380 -0.007999 -0.648938 -0.004633 0.950794 -0.049870 0.305749
1788232690.964282751 -2.564445 -0.008181 -0.657931 -0.004376 0.949343 -0.050048 0.310200
1788232690.997627497 -2.554400 -0.009726 -0.664209 -0.004793 0.947743 -0.050293 0.315009
1788232691.030972004 -2.545633 -0.012397 -0.670398 -0.005161 0.945843 -0.049766 0.320747
1788232691.064316750 -2.535813 -0.014915 -0.675631 -0.005408 0.944297 -0.048956 0.325388
1788232691.097661495 -2.524815 -0.014524 -0.682955 -0.005341 0.942767 -0.048676 0.329837
1788232691.131005287 -2.512761 -0.014052 -0.689130 -0.005407 0.941098 -0.048883 0.334539
1788232691.164343596 -2.503649 -0.016367 -0.694759 -0.005392 0.939386 -0.048899 0.339313
1788232691.197682142 -2.490565 -0.016142 -0.703532 -0.005076 0.937720 -0.048855 0.343903
1788232691.231020451 -2.484790 -0.017874 -0.707285 -0.005021 0.936021 -0.048936 0.348490
1788232691.264358759 -2.468726 -0.018087 -0.717393 -0.005140 0.934341 -0.048955 0.352964
1788232691.297697067 -2.454692 -0.016904 -0.722353 -0.005538 0.932620 -0.048852 0.357494
1788232691.331035614 -2.445774 -0.018276 -0.726942 -0.005844 0.930784 -0.048590 0.362278
1788232691.364373922 -2.435076 -0.019381 -0.734870 -0.005833 0.928943 -0.048408 0.366999
1788232691.397711992 -2.423157 -0.020110 -0.740561 -0.005800 0.927118 -0.048249 0.371605
1788232691.431050301 -2.414099 -0.022532 -0.743912 -0.005768 0.925247 -0.048103 0.376260
1788232691.464388371 -2.404596 -0.024265 -0.748322 -0.005779 0.923436 -0.048206 0.380668
1788232691.497726679 -2.393806 -0.022775 -0.751745 -0.005676 0.921602 -0.048019 0.385112
1788232691.531064749 -2.381806 -0.024749 -0.756007 -0.006044 0.919632 -0.047947 0.389797
1788232691.564402103 -2.368487 -0.024587 -0.760380 -0.006082 0.917690 -0.047524 0.394399
1788232691.597740173 -2.358064 -0.025391 -0.765187 -0.006013 0.915748 -0.047314 0.398911
1788232691.631078243 -2.348378 -0.026568 -0.770975 -0.005954 0.913738 -0.047282 0.403500
1788232691.664416313 -2.334767 -0.027280 -0.772749 -0.005863 0.911894 -0.047475 0.407628
1788232691.697754145 -2.320740 -0.026410 -0.781772 -0.005237 0.909814 -0.047077 0.412304
1788232691.731092453 -2.312327 -0.027074 -0.786504 -0.004860 0.907849 -0.046686 0.416663
1788232691.764430285 -2.298299 -0.026562 -0.790293 -0.004938 0.905946 -0.046637 0.420787
1788232691.797768354 -2.285423 -0.027059 -0.795446 -0.005223 0.903844 -0.046866 0.425257
1788232691.831106424 -2.272321 -0.029004 -0.798040 -0.005548 0.901682 -0.046261 0.429881
1788232691.864444256 -2.260813 -0.027740 -0.804131 -0.005496 0.899449 -0.045979 0.434565
1788232691.897782087 -2.246866 -0.025315 -0.809350 -0.005365 0.897355 -0.046331 0.438837
1788232691.931119680 -2.229081 -0.022364 -0.814967 -0.005354 0.895257 -0.046834 0.443050
1788232691.964457512 -2.216122 -0.022543 -0.818959 -0.005572 0.893025 -0.046327 0.447581
1788232691.997794628 -2.201191 -0.020672 -0.827420 -0.005399 0.890758 -0.045802 0.452132
1788232692.031132221 -2.190318 -0.023196 -0.830713 -0.005362 0.888595 -0.045489 0.456400
1788232692.064469814 -2.176289 -0.023239 -0.832286 -0.005525 0.886349 -0.045734 0.460721
1788232692.097807646 -2.163567 -0.022912 -0.835612 -0.005416 0.884008 -0.045582 0.465213
1788232692.131145239 -2.149708 -0.021951 -0.840775 -0.004800 0.881641 -0.045243 0.469723
1788232692.164483786 -2.134193 -0.022981 -0.844949 -0.004703 0.879394 -0.045172 0.473923
1788232692.197822332 -2.120509 -0.021759 -0.849724 -0.004521 0.876972 -0.045549 0.478357
1788232692.231160641 -2.107209 -0.021256 -0.852988 -0.004739 0.874569 -0.045570 0.482733
1788232692.264498949 -2.095915 -0.021829 -0.854173 -0.004721 0.872244 -0.045138 0.486961
1788232692.297837496 -2.080756 -0.020383 -0.858792 -0.004766 0.869751 -0.044518 0.491456
1788232692.331175804 -2.067556 -0.019775 -0.862298 -0.004850 0.867174 -0.044178 0.496018
1788232692.364513874 -2.054390 -0.018613 -0.866337 -0.005058 0.864599 -0.044092 0.500498
1788232692.397852421 -2.039516 -0.018592 -0.868073 -0.005355 0.862247 -0.043760 0.504566
1788232692.431190729 -2.026742 -0.019738 -0.868430 -0.005686 0.859870 -0.043273 0.508644
1788232692.464528084 -2.013081 -0.018521 -0.871900 -0.005836 0.857301 -0.043448 0.512946
1788232692.497866154 -1.999928 -0.018176 -0.874263 -0.005661 0.854724 -0.043395 0.517235
1788232692.531204224 -1.989087 -0.018174 -0.877642 -0.005271 0.851984 -0.043421 0.521738
1788232692.564542294 -1.973345 -0.019259 -0.873766 -0.004940 0.849786 -0.043555 0.525302
1788232692.597880363 -1.959266 -0.018892 -0.874590 -0.004404 0.847421 -0.043736 0.529099
1788232692.631218433 -1.947022 -0.018502 -0.875199 -0.003978 0.844959 -0.043464 0.533048
1788232692.664556503 -1.932730 -0.018573 -0.877507 -0.003803 0.842364 -0.043133 0.537167
1788232692.697894812 -1.915932 -0.018611 -0.880501 -0.004159 0.839622 -0.043068 0.541445
1788232692.731232643 -1.903268 -0.019184 -0.879476 -0.004622 0.837045 -0.043395 0.545391
1788232692.764570713 -1.887478 -0.017048 -0.881641 -0.004705 0.834225 -0.043335 0.549698
1788232692.797908545 -1.874203 -0.014988 -0.884061 -0.004420 0.831444 -0.042814 0.553939
1788232692.831246376 -1.861267 -0.013877 -0.885408 -0.004121 0.828844 -0.042778 0.557827
1788232692.864584208 -1.842550 -0.011587 -0.886489 -0.004323 0.825936 -0.043304 0.562082
1788232692.897921085 -1.828138 -0.011094 -0.889417 -0.004490 0.822882 -0.042855 0.566576
1788232692.931259155 -1.815699 -0.011826 -0.890353 -0.004416 0.820166 -0.042025 0.570563
1788232692.964596748 -1.802005 -0.011000 -0.893338 -0.004294 0.817328 -0.041698 0.574645
1788232692.997934818 -1.787927 -0.009816 -0.895166 -0.004126 0.814410 -0.042117 0.578745
1788232693.031272411 -1.773292 -0.008288 -0.894333 -0.004065 0.811502 -0.041836 0.582835
1788232693.064610243 -1.759101 -0.008583 -0.897145 -0.003963 0.808496 -0.040864 0.587068
1788232693.097947836 -1.745409 -0.008112 -0.897985 -0.003794 0.805784 -0.040514 0.590809
1788232693.131285667 -1.732416 -0.007957 -0.896199 -0.004012 0.803144 -0.040884 0.594367
1788232693.164634228 -1.716875 -0.007666 -0.896350 -0.004667 0.799916 -0.040506 0.598725
1788232693.197982788 -1.702090 -0.006417 -0.895258 -0.004807 0.797112 -0.039330 0.602530
1788232693.231331587 -1.686247 -0.006589 -0.895748 -0.005070 0.794287 -0.038658 0.606291
1788232693.264680386 -1.674230 -0.008375 -0.903407 -0.005181 0.791104 -0.038669 0.610436
1788232693.298029184 -1.657475 -0.005747 -0.902230 -0.004916 0.788059 -0.038539 0.614372
1788232693.331376791 -1.645837 -0.006532 -0.904043 -0.004643 0.785087 -0.037703 0.618219
1788232693.364725590 -1.633097 -0.007031 -0.903642 -0.004606 0.782380 -0.037455 0.621657
1788232693.398074389 -1.616087 -0.004519 -0.899986 -0.004606 0.779491 -0.037852 0.625252
1788232693.431423426 -1.603384 -0.005279 -0.899069 -0.004954 0.776118 -0.037171 0.629472
1788232693.464772463 -1.588250 -0.005383 -0.897941 -0.004856 0.773092 -0.036633 0.633216
1788232693.498121262 -1.572463 -0.004039 -0.896213 -0.004633 0.769976 -0.036241 0.637026
1788232693.531470537 -1.559906 -0.002443 -0.895489 -0.004252 0.766899 -0.035762 0.640756
1788232693.564819574 -1.546088 -0.002755 -0.894986 -0.004096 0.763733 -0.035133 0.644563
1788232693.598168612 -1.529288 -0.001517 -0.895294 -0.003871 0.760557 -0.034641 0.648335
1788232693.631517887 -1.513674 0.001480 -0.895510 -0.003580 0.757445 -0.034438 0.651981
1788232693.664866924 -1.500982 0.001324 -0.892942 -0.003660 0.754471 -0.034279 0.655428
1788232693.698216200 -1.485839 0.003293 -0.891981 -0.003336 0.751049 -0.034327 0.659346
1788232693.731565475 -1.471160 0.002398 -0.890135 -0.003051 0.747908 -0.034088 0.662920
1788232693.764914751 -1.459205 0.001072 -0.887442 -0.002879 0.744824 -0.033828 0.666396
1788232693.798263311 -1.448375 0.000440 -0.884285 -0.003052 0.741655 -0.033864 0.669919
1788232693.831612825 -1.432895 0.001103 -0.879709 -0.003352 0.738329 -0.033332 0.673608
1788232693.864962101 -1.419629 0.000602 -0.876977 -0.003496 0.735172 -0.032849 0.677075
1788232693.898311615 -1.404601 0.000597 -0.873603 -0.003792 0.731993 -0.032901 0.680507
1788232693.931661129 -1.389619 -0.000029 -0.869988 -0.004062 0.728720 -0.032345 0.684036
1788232693.965010643 -1.375176 0.001221 -0.866287 -0.003922 0.725185 -0.031927 0.687802
1788232693.998360157 -1.360510 0.001212 -0.863786 -0.003714 0.721730 -0.031877 0.691430
1788232694.031709909 -1.348180 0.001111 -0.860233 -0.003233 0.718342 -0.031810 0.694956
1788232694.065059662 -1.335327 0.002949 -0.855987 -0.002951 0.715232 -0.031778 0.698158
1788232694.098409414 -1.321408 0.004050 -0.852403 -0.002864 0.712032 -0.031241 0.701446
1788232694.131758928 -1.308867 0.005369 -0.849419 -0.002735 0.708823 -0.031286 0.704686
1788232694.165104151 -1.295234 0.005308 -0.845381 -0.002719 0.705799 -0.031182 0.707721
1788232694.198453426 -1.283770 0.004252 -0.841573 -0.002978 0.703089 -0.030872 0.710425
1788232694.231801748 -1.269190 0.006000 -0.836176 -0.003030 0.700236 -0.030269 0.713262
1788232694.265151024 -1.253926 0.006635 -0.831932 -0.003199 0.697117 -0.029959 0.716324
1788232694.298500299 -1.240149 0.007826 -0.830180 -0.002672 0.694042 -0.029700 0.719317
1788232694.331849575 -1.228522 0.008748 -0.826455 -0.002537 0.691227 -0.029697 0.722022
1788232694.365198851 -1.216295 0.008169 -0.823076 -0.002782 0.688546 -0.029619 0.724583
1788232694.398548365 -1.202224 0.007751 -0.819572 -0.002983 0.686457 -0.029417 0.726569
1788232694.431897879 -1.188554 0.008614 -0.817026 -0.002546 0.684755 -0.029230 0.728183
1788232694.465247393 -1.177881 0.008898 -0.814891 -0.001971 0.683265 -0.029237 0.729582
1788232694.498596907 -1.165186 0.008601 -0.812046 -0.001385 0.681728 -0.029368 0.731015
1788232694.531946659 -1.153581 0.009242 -0.810577 -0.000996 0.679815 -0.029311 0.732797
1788232694.565296173 -1.139155 0.011180 -0.805710 -0.000479 0.678247 -0.029666 0.734235
1788232694.598646164 -1.127180 0.012270 -0.803393 -0.000116 0.676371 -0.029693 0.735963
1788232694.631995678 -1.115897 0.011317 -0.800806 -0.000261 0.674530 -0.029734 0.737648
1788232694.665344715 -1.102746 0.011673 -0.797034 -0.000399 0.672715 -0.029796 0.739301
1788232694.698694468 -1.091768 0.012213 -0.794043 -0.000036 0.670981 -0.029767 0.740877
1788232694.732044458 -1.080471 0.011236 -0.791055 0.000262 0.669297 -0.029910 0.742393
1788232694.765393972 -1.068771 0.010007 -0.788900 0.000634 0.667768 -0.029522 0.743783
1788232694.798743963 -1.056259 0.010354 -0.785019 0.000860 0.666097 -0.029747 0.745271
1788232694.832093716 -1.042220 0.012307 -0.779883 0.000577 0.664066 -0.030235 0.747062
1788232694.865443945 -1.028742 0.012378 -0.774719 -0.000106 0.662401 -0.029736 0.748559
1788232694.898794174 -1.013884 0.014131 -0.769699 -0.000500 0.660690 -0.029429 0.750081
1788232694.932144165 -1.001221 0.014919 -0.765203 -0.000619 0.658835 -0.029503 0.751709
1788232694.965494156 -0.989597 0.014188 -0.762384 -0.000444 0.656504 -0.029925 0.753728
1788232694.998844385 -0.978531 0.014538 -0.758521 -0.000183 0.653848 -0.029646 0.756045
1788232695.032194614 -0.967071 0.014643 -0.753442 0.000140 0.651679 -0.029603 0.757917
1788232695.065544844 -0.954885 0.016275 -0.750320 0.000913 0.649139 -0.029869 0.760083
1788232695.098895311 -0.943766 0.014667 -0.745412 0.000915 0.646376 -0.030078 0.762425
1788232695.132244587 -0.930108 0.015581 -0.738575 0.000900 0.643566 -0.030042 0.764800
1788232695.165593863 -0.920610 0.014504 -0.733110 0.000513 0.640533 -0.029343 0.767370
1788232695.198941946 -0.908545 0.015984 -0.727190 0.000668 0.637750 -0.029474 0.769679
1788232695.232290268 -0.896170 0.016031 -0.721573 0.000952 0.635169 -0.029720 0.771800
1788232695.265638351 -0.883487 0.016094 -0.715409 0.001159 0.632322 -0.029777 0.774133
1788232695.298986673 -0.872074 0.016212 -0.709716 0.001166 0.629280 -0.029489 0.776618
1788232695.332334757 -0.861190 0.016945 -0.703419 0.001203 0.626500 -0.029494 0.778862
1788232695.365683317 -0.851101 0.016572 -0.697238 0.001378 0.623707 -0.029535 0.781099
1788232695.399031639 -0.836779 0.018314 -0.689582 0.001452 0.620799 -0.029637 0.783408
1788232695.432379961 -0.825771 0.019275 -0.683345 0.001113 0.617582 -0.029370 0.785957
1788232695.465728283 -0.814102 0.020603 -0.676207 0.001165 0.614734 -0.029293 0.788189
1788232695.499076605 -0.802888 0.020236 -0.671265 0.001673 0.612021 -0.029156 0.790302
1788232695.532425404 -0.792951 0.019920 -0.666820 0.002270 0.609135 -0.028894 0.792537
1788232695.565773010 -0.782269 0.020849 -0.660039 0.002662 0.606383 -0.029050 0.794637
1788232695.599121332 -0.771268 0.017791 -0.658068 0.002558 0.603335 -0.028485 0.796975
1788232695.632469893 -0.759180 0.018299 -0.651997 0.002619 0.600554 -0.028225 0.799082
1788232695.665818453 -0.747550 0.019337 -0.647499 0.003023 0.597597 -0.028082 0.801299
1788232695.699167013 -0.736851 0.019846 -0.639480 0.002889 0.594844 -0.028188 0.803342
1788232695.732515812 -0.728011 0.019164 -0.631800 0.002815 0.592120 -0.028190 0.805351
1788232695.765864372 -0.717796 0.020468 -0.624740 0.002990 0.589247 -0.028274 0.807452
1788232695.799213171 -0.705083 0.019794 -0.619546 0.003149 0.585934 -0.027837 0.809874
1788232695.832561731 -0.695372 0.020779 -0.611176 0.003001 0.582961 -0.028151 0.812007
1788232695.865910530 -0.683980 0.021583 -0.602775 0.002538 0.580019 -0.028379 0.814105
1788232695.899259567 -0.672171 0.022516 -0.594860 0.002076 0.576937 -0.028144 0.816301
1788232695.932608366 -0.661115 0.023173 -0.586556 0.001750 0.574128 -0.027494 0.818302
1788232695.965957165 -0.649838 0.023071 -0.579208 0.001421 0.571038 -0.026935 0.820481
1788232695.999305010 -0.638925 0.023539 -0.570870 0.001317 0.568252 -0.027155 0.822405
1788232696.032654047 -0.628331 0.024620 -0.563047 0.001518 0.565191 -0.027063 0.824515
1788232696.066003084 -0.619272 0.024533 -0.556699 0.001789 0.561900 -0.026283 0.826786
1788232696.099351883 -0.608321 0.024758 -0.548697 0.002122 0.558637 -0.026026 0.829001
1788232696.132701159 -0.597619 0.025154 -0.540854 0.002294 0.555454 -0.026519 0.831121
1788232696.166050196 -0.586363 0.025962 -0.532938 0.002322 0.552105 -0.026500 0.833350
1788232696.199399948 -0.576034 0.025806 -0.523561 0.002069 0.548853 -0.025655 0.835522
1788232696.232749939 -0.566599 0.026048 -0.514441 0.001783 0.545407 -0.025190 0.837791
1788232696.266099930 -0.555690 0.027665 -0.504398 0.001485 0.542221 -0.025267 0.839855
1788232696.299449444 -0.545511 0.026717 -0.496749 0.000660 0.538722 -0.025114 0.842109
1788232696.332799673 -0.533281 0.028912 -0.486463 0.000179 0.535441 -0.024687 0.844212
1788232696.366149664 -0.522247 0.030067 -0.476541 -0.000024 0.532120 -0.024601 0.846311
1788232696.399500132 -0.513099 0.029943 -0.466338 -0.000213 0.528975 -0.024657 0.848279
1788232696.432850599 -0.503128 0.031058 -0.458421 0.000075 0.525646 -0.024725 0.850344
1788232696.466199636 -0.492675 0.031799 -0.450499 0.000801 0.522220 -0.024635 0.852455
1788232696.499550104 -0.483492 0.032450 -0.443381 0.001883 0.518922 -0.024751 0.854461
1788232696.532900810 -0.475607 0.031807 -0.435413 0.002724 0.515873 -0.024560 0.856309
1788232696.566251278 -0.466699 0.031725 -0.426718 0.003303 0.512724 -0.024839 0.858188
1788232696.599601984 -0.459634 0.031538 -0.417337 0.003338 0.509427 -0.024755 0.860151
1788232696.632952690 -0.450486 0.032419 -0.407021 0.002956 0.505882 -0.024722 0.862243
1788232696.666303635 -0.440779 0.033888 -0.396462 0.002426 0.502420 -0.024946 0.864260
1788232696.699654579 -0.431188 0.033682 -0.385849 0.001984 0.498943 -0.025329 0.866263
1788232696.733005524 -0.422982 0.034491 -0.376477 0.001838 0.495482 -0.025282 0.868249
1788232696.766356230 -0.414300 0.035048 -0.367350 0.001943 0.492133 -0.024549 0.870171
1788232696.799707413 -0.404376 0.035927 -0.359576 0.002332 0.488612 -0.024245 0.872161
1788232696.833058596 -0.397918 0.031904 -0.352067 0.002464 0.484954 -0.023902 0.874209
1788232696.866410017 -0.387554 0.033388 -0.341742 0.002414 0.480991 -0.023731 0.876401
1788232696.899760246 -0.380151 0.034550 -0.329726 0.001846 0.477496 -0.023453 0.878319
1788232696.933111906 -0.371613 0.034699 -0.319048 0.001195 0.473740 -0.023418 0.880353
1788232696.966463566 -0.360661 0.036387 -0.308031 0.001122 0.469880 -0.023576 0.882415
1788232696.999814987 -0.353226 0.035452 -0.298719 0.001073 0.465871 -0.023081 0.884551
1788232697.033166647 -0.344081 0.036239 -0.287985 0.001378 0.462102 -0.022391 0.886543
1788232697.066518307 -0.336137 0.036444 -0.280045 0.002039 0.458528 -0.021940 0.888407
1788232697.099870205 -0.327391 0.037105 -0.270632 0.002639 0.454933 -0.021897 0.890252
1788232697.133222342 -0.319838 0.036497 -0.261566 0.002647 0.451024 -0.021872 0.892240
1788232697.166568995 -0.311286 0.038183 -0.249981 0.002529 0.447055 -0.021510 0.894244
1788232697.199908972 -0.303501 0.038853 -0.239118 0.002261 0.443149 -0.021333 0.896191
1788232697.233248949 -0.295547 0.040007 -0.226175 0.002099 0.439548 -0.021488 0.897960
1788232697.266588688 -0.287664 0.040864 -0.215702 0.002023 0.435637 -0.021785 0.899857
1788232697.299928665 -0.280959 0.041127 -0.204904 0.001761 0.431605 -0.021393 0.901807
1788232697.333267450 -0.272168 0.041460 -0.195183 0.002020 0.427706 -0.021084 0.903670
1788232697.366606951 -0.266162 0.042148 -0.184699 0.002368 0.424155 -0.021159 0.905339
1788232697.399946928 -0.258819 0.043759 -0.172679 0.002505 0.420178 -0.021367 0.907186
1788232697.433286667 -0.252166 0.043982 -0.161875 0.002339 0.416072 -0.020698 0.909093
1788232697.466626406 -0.245269 0.044502 -0.151129 0.002531 0.412210 -0.020330 0.910859
1788232697.499965906 -0.236833 0.045986 -0.139963 0.002853 0.408414 -0.020111 0.912571
1788232697.533305645 -0.231138 0.045360 -0.130346 0.002970 0.404517 -0.019940 0.914308
1788232697.566645384 -0.224062 0.045956 -0.118978 0.003026 0.400432 -0.019545 0.916113
1788232697.599985123 -0.217785 0.046121 -0.109353 0.003226 0.396768 -0.018929 0.917718
1788232697.633324623 -0.210292 0.047501 -0.097044 0.003530 0.393258 -0.018741 0.919230
1788232697.666664124 -0.204559 0.047090 -0.086532 0.003460 0.389404 -0.018744 0.920870
1788232697.700003386 -0.197705 0.048482 -0.075268 0.003566 0.385364 -0.018496 0.922572
1788232697.733343124 -0.192600 0.049308 -0.063942 0.003820 0.381756 -0.018589 0.924068
1788232697.766682386 -0.186477 0.048476 -0.053430 0.003817 0.377865 -0.018327 0.925671
1788232697.800021172 -0.180675 0.049210 -0.041044 0.003753 0.374092 -0.018687 0.927196
1788232697.833360434 -0.176746 0.050571 -0.028661 0.003565 0.370163 -0.019043 0.928765
1788232697.866699934 -0.170935 0.050264 -0.016646 0.003160 0.366057 -0.018642 0.930400
1788232697.900039196 -0.164401 0.051078 -0.005929 0.003078 0.362025 -0.018224 0.931985
1788232697.933378458 -0.156775 0.053360 0.008449 0.003153 0.358269 -0.018070 0.933438
1788232697.966717720 -0.151050 0.052813 0.019825 0.002872 0.354074 -0.017669 0.935046
1788232698.000057220 -0.145314 0.053987 0.033903 0.003066 0.350300 -0.017301 0.936473
1788232698.033396244 -0.140637 0.054041 0.044415 0.003520 0.346253 -0.016939 0.937982
1788232698.066735744 -0.134645 0.054053 0.056877 0.003640 0.341904 -0.016590 0.939582
1788232698.100074768 -0.130105 0.054955 0.068642 0.003722 0.337550 -0.016509 0.941155
1788232698.133414268 -0.125192 0.055814 0.080927 0.003754 0.332840 -0.016274 0.942835
1788232698.166753292 -0.121947 0.054885 0.092685 0.003443 0.328135 -0.015795 0.944493
1788232698.200092554 -0.115474 0.055717 0.105614 0.003202 0.323338 -0.015433 0.946152
1788232698.233430862 -0.108449 0.059870 0.122015 0.003181 0.318612 -0.015493 0.947753
1788232698.266770124 -0.105857 0.059251 0.133579 0.002875 0.313962 -0.015091 0.949311
1788232698.300109148 -0.099949 0.059953 0.148609 0.002764 0.309361 -0.014854 0.950825
1788232698.333448410 -0.098611 0.059088 0.159879 0.002630 0.305065 -0.014685 0.952215
1788232698.366787434 -0.094606 0.059707 0.171788 0.002561 0.300127 -0.014910 0.953779
1788232698.400126457 -0.092967 0.061016 0.184050 0.003192 0.294993 -0.015132 0.955374
1788232698.433465719 -0.090573 0.060887 0.195595 0.003774 0.289643 -0.014539 0.957017
1788232698.466804743 -0.088104 0.061638 0.206668 0.004349 0.284642 -0.013891 0.958523
1788232698.500143766 -0.087956 0.060312 0.216860 0.004792 0.280149 -0.013541 0.959849
1788232698.533482790 -0.085560 0.060667 0.230108 0.004968 0.274898 -0.013348 0.961368
1788232698.566821814 -0.081142 0.062080 0.242925 0.004906 0.268991 -0.013403 0.963037
1788232698.600160599 -0.078179 0.063348 0.255779 0.004815 0.263515 -0.013324 0.964551
1788232698.633499622 -0.079911 0.063233 0.268419 0.004483 0.258332 -0.013313 0.965954
1788232698.666837454 -0.077006 0.062775 0.281464 0.004228 0.252489 -0.012994 0.967503
1788232698.700176239 -0.074310 0.062810 0.294817 0.004032 0.246656 -0.012465 0.969015
1788232698.733515024 -0.073301 0.064163 0.307815 0.004261 0.241085 -0.012397 0.970416
1788232698.766853809 -0.068989 0.064525 0.322243 0.004395 0.234999 -0.012427 0.971906
1788232698.800192356 -0.067696 0.066468 0.336518 0.004180 0.229017 -0.012261 0.973336
1788232698.833530903 -0.064503 0.066488 0.352284 0.003712 0.223116 -0.011404 0.974718
1788232698.866869688 -0.065067 0.067639 0.363381 0.003758 0.217598 -0.011423 0.975964
1788232698.900208473 -0.063638 0.067872 0.377794 0.003871 0.211640 -0.011531 0.977272
1788232698.933547020 -0.063501 0.068888 0.389847 0.003916 0.205790 -0.011001 0.978527
1788232698.966885567 -0.061373 0.069642 0.401992 0.003940 0.200010 -0.010174 0.979733
1788232699.000224113 -0.059175 0.070652 0.416753 0.004276 0.194378 -0.010063 0.980866
1788232699.033562660 -0.059774 0.071110 0.428451 0.004254 0.188500 -0.009972 0.982013
1788232699.066901445 -0.062128 0.071961 0.441905 0.003809 0.182766 -0.009767 0.983101
1788232699.100239992 -0.061813 0.073249 0.455927 0.003643 0.177042 -0.009524 0.984150
1788232699.133577347 -0.062596 0.073241 0.470291 0.003630 0.171303 -0.009685 0.985164
1788232699.166917562 -0.065505 0.072929 0.482174 0.003456 0.165570 -0.009325 0.986148
1788232699.200260401 -0.065083 0.073687 0.495299 0.003544 0.159857 -0.008638 0.987096
1788232699.233603239 -0.068117 0.071228 0.506170 0.003735 0.154420 -0.008307 0.987963
1788232699.266945601 -0.070017 0.071447 0.521463 0.003710 0.148421 -0.008368 0.988882
1788232699.300288439 -0.071053 0.070722 0.534514 0.003242 0.142244 -0.008003 0.989794
1788232699.333631039 -0.073226 0.072256 0.545419 0.003085 0.136618 -0.007465 0.990591
1788232699.366974115 -0.073787 0.073156 0.558568 0.003213 0.131017 -0.007042 0.991350
1788232699.400316477 -0.072950 0.074283 0.574639 0.003492 0.124922 -0.006861 0.992137
1788232699.433659315 -0.075112 0.075669 0.588909 0.003497 0.119164 -0.006378 0.992848
1788232699.467001915 -0.077615 0.075936 0.600103 0.003481 0.113606 -0.005763 0.993503
1788232699.500344753 -0.075477 0.075824 0.614334 0.003510 0.108055 -0.005400 0.994124
1788232699.533687353 -0.079994 0.076562 0.625571 0.003718 0.102923 -0.005077 0.994669
1788232699.567028761 -0.080948 0.075982 0.639185 0.003677 0.098025 -0.004623 0.995166
1788232699.600371599 -0.081390 0.078109 0.653546 0.003792 0.093597 -0.004451 0.995593
1788232699.633714199 -0.081046 0.077477 0.667600 0.003481 0.088936 -0.004287 0.996022
1788232699.667056799 -0.084458 0.076583 0.679593 0.003144 0.084600 -0.004032 0.996402
1788232699.700399399 -0.087224 0.075907 0.692717 0.002593 0.080578 -0.003971 0.996737
1788232699.733741999 -0.088173 0.076212 0.706383 0.002523 0.077610 -0.003961 0.996973
1788232699.767084599 -0.088706 0.074446 0.718196 0.002053 0.075472 -0.003779 0.997139
1788232699.800427437 -0.088136 0.074850 0.731783 0.002013 0.073499 -0.003452 0.997287
1788232699.833769798 -0.087126 0.075538 0.745839 0.001950 0.070873 -0.003235 0.997478
1788232699.867112398 -0.088236 0.075913 0.755854 0.002344 0.068454 -0.003077 0.997647
1788232699.900454998 -0.086503 0.077011 0.767994 0.002307 0.065780 -0.002629 0.997828
1788232699.933797598 -0.088310 0.077262 0.781756 0.002012 0.063565 -0.002587 0.997972
1788232699.967139959 -0.090819 0.077416 0.794098 0.002020 0.061249 -0.002813 0.998117
1788232700.000481606 -0.089405 0.078027 0.807382 0.001999 0.058392 -0.002896 0.998287
1788232700.033824205 -0.091263 0.077619 0.820196 0.001874 0.056205 -0.002505 0.998414
1788232700.067166567 -0.088543 0.077998 0.833247 0.001475 0.053514 -0.001730 0.998565
1788232700.100508928 -0.090558 0.079496 0.845702 0.001339 0.051299 -0.001645 0.998681
1788232700.133851767 -0.092869 0.079065 0.858666 0.000926 0.049103 -0.001522 0.998792
1788232700.167192698 -0.092325 0.080649 0.871964 0.000604 0.046447 -0.001422 0.998920
1788232700.200531721 -0.093790 0.081775 0.885782 0.000448 0.044088 -0.001598 0.999026
1788232700.233871222 -0.094768 0.082116 0.900360 -0.000127 0.041840 -0.001556 0.999123
1788232700.267210245 -0.097001 0.082899 0.913812 -0.000550 0.039585 -0.001428 0.999215
1788232700.300549507 -0.098171 0.081688 0.925056 -0.000610 0.037154 -0.001502 0.999308
1788232700.333888531 -0.099847 0.083174 0.938052 -0.000169 0.034536 -0.001391 0.999402
1788232700.367227793 -0.099904 0.083265 0.950928 0.000144 0.032033 -0.000708 0.999487
1788232700.400566578 -0.099537 0.084389 0.961701 0.000372 0.029550 -0.000341 0.999563
1788232700.433905602 -0.102722 0.085244 0.973086 0.000826 0.027542 -0.000635 0.999620
1788232700.467243910 -0.104193 0.086269 0.985960 0.001198 0.025351 -0.000894 0.999677
1788232700.500582457 -0.104939 0.085998 0.998262 0.000949 0.022873 -0.000465 0.999738
1788232700.533921719 -0.108030 0.085531 1.009464 0.000869 0.020549 -0.000541 0.999788
1788232700.567260504 -0.108349 0.086042 1.023199 0.001185 0.018231 -0.000948 0.999833
1788232700.600599289 -0.111832 0.087228 1.036336 0.001265 0.016067 -0.001115 0.999870
1788232700.633938551 -0.113020 0.087392 1.047683 0.000989 0.013336 -0.000912 0.999910
1788232700.667277336 -0.116743 0.088829 1.059521 0.001296 0.011038 -0.001015 0.999938
1788232700.700616360 -0.115997 0.088971 1.072500 0.001530 0.008731 -0.000963 0.999960
1788232700.733955145 -0.117799 0.087845 1.085273 0.001328 0.006504 -0.000701 0.999978
1788232700.767294168 -0.121111 0.088055 1.097906 0.001239 0.003938 -0.000857 0.999991
1788232700.800632954 -0.123251 0.089562 1.110456 0.001024 0.001441 -0.000870 0.999998
1788232700.833971500 -0.123895 0.089873 1.123912 0.000483 -0.001097 -0.000393 0.999999
1788232700.867310524 -0.126780 0.092726 1.138778 0.000251 -0.003451 -0.000414 0.999994
1788232700.900648117 -0.130287 0.093149 1.150340 0.000316 -0.005835 -0.000695 0.999983
1788232700.933986902 -0.132717 0.092284 1.162223 0.000158 -0.008349 -0.000602 0.999965
1788232700.967325449 -0.133758 0.093656 1.173874 0.000196 -0.010640 0.000107 0.999943
1788232701.000664473 -0.135783 0.094362 1.186600 0.000538 -0.012887 0.000450 0.999917
1788232701.034003019 -0.138111 0.094531 1.199397 0.000911 -0.014534 0.000491 0.999894
1788232701.067341566 -0.139786 0.095248 1.211076 0.000920 -0.016114 0.000542 0.999870
1788232701.100680351 -0.140607 0.094531 1.224332 0.000467 -0.018152 0.000534 0.999835
1788232701.134018898 -0.142368 0.094664 1.236324 0.000479 -0.018926 0.000089 0.999821
1788232701.167355537 -0.145238 0.095585 1.249717 0.000502 -0.018850 0.000122 0.999822
1788232701.200689316 -0.146017 0.096651 1.262566 0.000483 -0.019445 -0.000017 0.999811
1788232701.234023094 -0.146217 0.095692 1.273776 0.000811 -0.020762 -0.000175 0.999784
1788232701.267356873 -0.148171 0.097848 1.287162 0.000976 -0.021579 0.000355 0.999767
1788232701.300690651 -0.148875 0.098231 1.299546 0.000978 -0.022189 0.000413 0.999753
1788232701.334022999 -0.150482 0.098559 1.311342 0.001517 -0.023200 0.000290 0.999730
1788232701.367356539 -0.152789 0.098074 1.324089 0.001777 -0.023865 0.000059 0.999714
1788232701.400690079 -0.154698 0.098012 1.337080 0.001803 -0.024471 -0.000223 0.999699
1788232701.434023380 -0.156631 0.097726 1.348491 0.001732 -0.025428 -0.000344 0.999675
1788232701.467356682 -0.157232 0.099458 1.361699 0.001943 -0.026343 -0.000019 0.999651
1788232701.500689983 -0.156947 0.100541 1.374125 0.001931 -0.027198 0.000311 0.999628
1788232701.534023046 -0.158272 0.101743 1.385772 0.001912 -0.027977 0.000515 0.999607
1788232701.567356348 -0.158707 0.101598 1.398464 0.002249 -0.028582 0.000393 0.999589
1788232701.600689173 -0.161313 0.101306 1.411318 0.002022 -0.029298 0.000232 0.999569
1788232701.634022236 -0.161721 0.102015 1.423476 0.001973 -0.030186 0.000142 0.999542
1788232701.667355061 -0.161719 0.101655 1.436190 0.002280 -0.031036 0.000230 0.999516
1788232701.700687885 -0.163878 0.102856 1.448297 0.002116 -0.031761 0.000392 0.999493
1788232701.734020948 -0.167180 0.104468 1.461041 0.002465 -0.032280 0.000025 0.999476
1788232701.767353773 -0.167230 0.103871 1.473433 0.002695 -0.033197 -0.000156 0.999445
1788232701.800685167 -0.171342 0.104523 1.485885 0.002510 -0.033862 -0.000260 0.999423
1788232701.834017754 -0.172651 0.104175 1.498069 0.002821 -0.034707 -0.000525 0.999393
1788232701.867350101 -0.172597 0.104926 1.511160 0.003087 -0.035750 -0.000032 0.999356
1788232701.900682688 -0.175215 0.106664 1.522918 0.003080 -0.036378 -0.000044 0.999333
1788232701.934015036 -0.176169 0.107400 1.534551 0.003416 -0.037311 -0.000336 0.999298
1788232701.967347622 -0.175593 0.107572 1.547186 0.003387 -0.038281 -0.000525 0.999261
1788232702.000679493 -0.180056 0.107604 1.561437 0.003019 -0.038674 -0.000617 0.999247
1788232702.034011841 -0.183359 0.109021 1.573357 0.003027 -0.039433 -0.000656 0.999217
1788232702.067343950 -0.184669 0.107690 1.585831 0.002720 -0.040362 -0.000443 0.999181
1788232702.100676060 -0.187040 0.109148 1.598357 0.002660 -0.040924 -0.000548 0.999159
1788232702.134007931 -0.189947 0.111092 1.612707 0.002930 -0.041853 -0.000803 0.999119
1788232702.167344093 -0.189279 0.111477 1.624784 0.002970 -0.042838 -0.000606 0.999077
1788232702.200685024 -0.191291 0.111713 1.637444 0.003047 -0.043620 -0.000535 0.999043
1788232702.234025002 -0.194131 0.113904 1.649603 0.003422 -0.044453 -0.000474 0.999006
1788232702.267365932 -0.195797 0.113501 1.661540 0.003537 -0.045173 -0.000185 0.998973
1788232702.300707102 -0.198708 0.113813 1.673317 0.003499 -0.046016 -0.000361 0.998935
1788232702.334048033 -0.198722 0.113769 1.684584 0.003639 -0.047156 -0.000579 0.998881
1788232702.367389202 -0.200351 0.113996 1.699103 0.004027 -0.047898 -0.000523 0.998844
1788232702.400729895 -0.200139 0.113780 1.713499 0.003580 -0.048776 -0.000400 0.998803
1788232702.434071064 -0.203315 0.112958 1.724566 0.003170 -0.049537 -0.000340 0.998767
1788232702.467412233 -0.202553 0.114790 1.739164 0.003267 -0.050572 -0.000232 0.998715
1788232702.500752926 -0.204699 0.116661 1.753425 0.002702 -0.051442 -0.000090 0.998672
1788232702.534093857 -0.209214 0.116527 1.763169 0.002578 -0.051891 -0.000167 0.998649
1788232702.567434788 -0.209693 0.117095 1.778273 0.002744 -0.052760 0.000167 0.998603
1788232702.600775719 -0.213297 0.117460 1.790181 0.002622 -0.053093 0.000021 0.998586
1788232702.634116411 -0.215635 0.117427 1.800697 0.002921 -0.053968 -0.000050 0.998538
1788232702.667456388 -0.218174 0.118668 1.811375 0.003156 -0.055003 0.000082 0.998481
1788232702.700797319 -0.220565 0.118773 1.824756 0.003543 -0.055976 0.000079 0.998426
1788232702.734137774 -0.222788 0.118809 1.835101 0.004250 -0.056783 0.000396 0.998377
1788232702.767478704 -0.223587 0.118976 1.846010 0.004685 -0.057098 0.001056 0.998357
1788232702.800819635 -0.226184 0.120030 1.857864 0.004943 -0.057482 0.001315 0.998333
1788232702.834160089 -0.228820 0.119742 1.870604 0.005220 -0.058546 0.001228 0.998270
1788232702.867501020 -0.230670 0.120082 1.882560 0.004912 -0.059487 0.001432 0.998216
1788232702.900841236 -0.233878 0.121947 1.896944 0.004608 -0.060253 0.001134 0.998172
1788232702.934181929 -0.235981 0.122504 1.910321 0.004355 -0.061190 0.001051 0.998116
1788232702.967522860 -0.239356 0.121607 1.923643 0.004349 -0.061524 0.001060 0.998096
1788232703.000863314 -0.240040 0.123474 1.935854 0.004326 -0.062300 0.001294 0.998047
1788232703.034204006 -0.241066 0.124737 1.947758 0.004190 -0.063378 0.001451 0.997980
1788232703.067544460 -0.242489 0.122853 1.960817 0.003927 -0.064115 0.001896 0.997933
1788232703.100885153 -0.244686 0.124904 1.974886 0.003843 -0.064898 0.002072 0.997882
1788232703.134224415 -0.248630 0.124577 1.986460 0.003607 -0.065464 0.001755 0.997847
1788232703.167565346 -0.251306 0.127503 2.000051 0.003793 -0.066169 0.001600 0.997800
1788232703.200906515 -0.252136 0.126844 2.014682 0.003055 -0.067112 0.001566 0.997739
1788232703.234247684 -0.254064 0.127562 2.028119 0.002391 -0.067848 0.001646 0.997691
1788232703.267589331 -0.256990 0.128796 2.042081 0.002196 -0.068610 0.001815 0.997640
1788232703.300930500 -0.259882 0.129941 2.054262 0.001782 -0.069354 0.001616 0.997589
1788232703.334271908 -0.263158 0.128390 2.063912 0.001985 -0.070141 0.001559 0.997534
1788232703.367613077 -0.264954 0.129434 2.075242 0.002510 -0.070854 0.001805 0.997482
1788232703.400954485 -0.269373 0.129514 2.086468 0.002972 -0.071068 0.001960 0.997465
1788232703.434295654 -0.270450 0.130631 2.097630 0.003584 -0.071862 0.002350 0.997405
1788232703.467637062 -0.270761 0.131160 2.109700 0.003753 -0.072777 0.002273 0.997339
1788232703.500978231 -0.275606 0.132496 2.122649 0.003835 -0.073418 0.001718 0.997292
1788232703.534319878 -0.280719 0.133667 2.136228 0.003825 -0.074352 0.001285 0.997224
1788232703.567660093 -0.280898 0.133323 2.148291 0.003424 -0.075158 0.001325 0.997165
1788232703.601001501 -0.285464 0.135081 2.161812 0.003303 -0.074909 0.001504 0.997184
1788232703.634342909 -0.286378 0.136351 2.174622 0.003145 -0.075115 0.001955 0.997168
1788232703.667684555 -0.285576 0.135665 2.186160 0.003040 -0.075560 0.002135 0.997134
1788232703.701025963 -0.289414 0.136726 2.199389 0.002944 -0.075836 0.002226 0.997113
1788232703.734367371 -0.290778 0.137170 2.213390 0.002835 -0.076018 0.002178 0.997100
1788232703.767708778 -0.293397 0.138492 2.226145 0.003188 -0.075598 0.002468 0.997130
1788232703.801050186 -0.295817 0.137511 2.237591 0.003033 -0.075204 0.002292 0.997161
1788232703.834391594 -0.297829 0.137652 2.250817 0.002888 -0.075475 0.002175 0.997141
1788232703.867733479 -0.300765 0.138506 2.262387 0.003018 -0.075794 0.002196 0.997117
1788232703.901074886 -0.303560 0.139000 2.275487 0.002519 -0.075920 0.002054 0.997109
1788232703.934416533 -0.309127 0.141523 2.289994 0.002229 -0.075725 0.002044 0.997124
1788232703.967757702 -0.310271 0.140987 2.303806 0.002025 -0.075806 0.002291 0.997118
1788232704.001098394 -0.310762 0.141033 2.315389 0.001924 -0.075615 0.002248 0.997133
1788232704.034439802 -0.314688 0.142293 2.329005 0.002204 -0.075421 0.002190 0.997147
1788232704.067781448 -0.317790 0.143948 2.340199 0.002232 -0.075797 0.002380 0.997118
1788232704.101122856 -0.320016 0.143702 2.352217 0.001963 -0.076049 0.002284 0.997100
1788232704.134464741 -0.322190 0.145499 2.365227 0.002175 -0.076112 0.002621 0.997093
1788232704.167806149 -0.324000 0.146267 2.376706 0.002376 -0.075964 0.002928 0.997103
1788232704.201146841 -0.325248 0.146407 2.389121 0.002452 -0.076014 0.002981 0.997099
1788232704.234488010 -0.327032 0.147182 2.402701 0.002737 -0.076218 0.002838 0.997083
1788232704.267828941 -0.330167 0.148381 2.414934 0.002516 -0.076333 0.002782 0.997075
1788232704.301169634 -0.333191 0.149574 2.428311 0.002101 -0.076450 0.002711 0.997068
1788232704.334510565 -0.333138 0.149223 2.440847 0.001962 -0.076423 0.002798 0.997070
1788232704.367851019 -0.335821 0.150126 2.452737 0.002041 -0.076054 0.002954 0.997097
1788232704.401191950 -0.339091 0.149827 2.466131 0.002081 -0.076003 0.003193 0.997100
1788232704.434532642 -0.339636 0.151195 2.477735 0.001916 -0.076306 0.003183 0.997078
1788232704.467872620 -0.340384 0.152951 2.494400 0.001356 -0.076724 0.003024 0.997047
1788232704.501213551 -0.345492 0.152356 2.506658 0.001014 -0.076399 0.002775 0.997073
1788232704.534554005 -0.346622 0.153365 2.518054 0.000860 -0.076179 0.002465 0.997091
1788232704.567894936 -0.347510 0.153980 2.534203 0.000345 -0.076477 0.002496 0.997068
1788232704.601235628 -0.352143 0.154839 2.544242 0.000363 -0.076488 0.002656 0.997067
1788232704.634576321 -0.353826 0.156132 2.559249 0.000511 -0.076610 0.002798 0.997057
1788232704.667917013 -0.355165 0.156558 2.570314 0.000650 -0.076615 0.002974 0.997056
1788232704.701257229 -0.355847 0.156767 2.584738 0.001040 -0.076589 0.003247 0.997057
1788232704.734597921 -0.357363 0.156866 2.594461 0.001104 -0.076210 0.003520 0.997085
1788232704.767938614 -0.356750 0.158373 2.609139 0.001611 -0.076596 0.003320 0.997055
1788232704.801279068 -0.357931 0.159656 2.623262 0.001897 -0.077176 0.003280 0.997010
1788232704.834619761 -0.360026 0.161181 2.639303 0.001791 -0.077591 0.003091 0.996979
1788232704.867960453 -0.359087 0.161976 2.653373 0.001744 -0.077743 0.003072 0.996967
1788232704.901299715 -0.358633 0.162666 2.668788 0.001592 -0.077632 0.003312 0.996975
1788232704.934640169 -0.363089 0.163442 2.677148 0.000822 -0.077373 0.003491 0.996996
1788232704.967980862 -0.362805 0.164906 2.693228 0.000411 -0.077968 0.003808 0.996949
1788232705.001321077 -0.363569 0.167097 2.709010 0.000075 -0.078176 0.003967 0.996932
1788232705.034661770 -0.364028 0.167802 2.722143 -0.000491 -0.078207 0.004228 0.996928
1788232705.068002224 -0.364426 0.166042 2.736239 -0.000599 -0.078035 0.004259 0.996941
1788232705.101342201 -0.366985 0.163427 2.748597 -0.000986 -0.078214 0.004417 0.996926
1788232705.134682655 -0.370142 0.163103 2.760207 -0.000949 -0.078290 0.004181 0.996921
1788232705.168023825 -0.372619 0.163465 2.771075 -0.000767 -0.078425 0.004116 0.996911
1788232705.201365471 -0.374259 0.166580 2.785365 -0.000569 -0.078710 0.004221 0.996888
1788232705.234707117 -0.377688 0.167553 2.795997 -0.000159 -0.078432 0.004585 0.996909
1788232705.268049002 -0.378454 0.165259 2.808642 0.000009 -0.078127 0.004842 0.996932
1788232705.301390409 -0.378937 0.167045 2.823051 0.000193 -0.078192 0.005304 0.996924
1788232705.334731340 -0.380115 0.165975 2.833384 0.000346 -0.078344 0.005490 0.996911
1788232705.368072987 -0.382101 0.166815 2.846628 0.000470 -0.078711 0.005308 0.996883
1788232705.401415110 -0.383698 0.169545 2.858971 0.000832 -0.078698 0.005202 0.996885
1788232705.434756517 -0.386444 0.170050 2.870385 0.001209 -0.078303 0.005330 0.996915
1788232705.468098164 -0.389479 0.169492 2.883442 0.000805 -0.077925 0.005150 0.996946
1788232705.501440048 -0.392698 0.169388 2.895509 0.000224 -0.078061 0.004881 0.996937
1788232705.534781694 -0.395590 0.170859 2.912396 -0.000048 -0.078582 0.004608 0.996897
1788232705.568123817 -0.396086 0.171821 2.926020 -0.000591 -0.078784 0.004463 0.996882
1788232705.601465464 -0.399913 0.171899 2.937823 -0.000989 -0.078415 0.004769 0.996909
1788232705.634807110 -0.400213 0.174138 2.948619 -0.000681 -0.078118 0.004871 0.996932
1788232705.668148994 -0.401039 0.175951 2.965147 -0.000629 -0.078324 0.005193 0.996914
1788232705.701490879 -0.400962 0.178895 2.980551 -0.000327 -0.078746 0.005406 0.996880
1788232705.734832764 -0.403308 0.179348 2.992774 -0.000532 -0.078662 0.005169 0.996888
1788232705.768174410 -0.403488 0.175815 3.005783 -0.001561 -0.078901 0.005350 0.996867
1788232705.801515341 -0.406321 0.178373 3.019719 -0.001360 -0.078697 0.005074 0.996885
1788232705.834856987 -0.410688 0.180208 3.033830 -0.001632 -0.078490 0.004810 0.996902
1788232705.868198872 -0.413650 0.180392 3.046609 -0.002057 -0.078491 0.004715 0.996902
1788232705.901540756 -0.414948 0.180678 3.057448 -0.001687 -0.078674 0.004629 0.996888
1788232705.934882641 -0.417254 0.179741 3.070081 -0.001434 -0.078904 0.004569 0.996871
1788232705.968224287 -0.417954 0.179895 3.081485 -0.000853 -0.078885 0.004627 0.996873
1788232706.001566410 -0.417727 0.181322 3.095649 -0.000152 -0.078756 0.004652 0.996883
1788232706.034908295 -0.420717 0.181186 3.105770 0.000280 -0.078525 0.004626 0.996901
1788232706.068250179 -0.421363 0.179246 3.117016 0.000625 -0.078704 0.004377 0.996888
1788232706.101591825 -0.423178 0.180898 3.128380 0.000887 -0.078802 0.004002 0.996882
1788232706.134933949 -0.427176 0.179724 3.138949 0.001208 -0.078690 0.003693 0.996892
1788232706.168275356 -0.429906 0.179851 3.151098 0.001634 -0.078570 0.003417 0.996901
1788232706.201615810 -0.433339 0.182199 3.165870 0.001500 -0.078563 0.003204 0.996903
1788232706.234955549 -0.434740 0.182964 3.179806 0.001331 -0.078864 0.002968 0.996880
1788232706.268296242 -0.435681 0.181275 3.190041 0.001209 -0.078893 0.002712 0.996879
1788232706.301636696 -0.439530 0.184707 3.203547 0.001333 -0.078630 0.002409 0.996900
1788232706.334977388 -0.443851 0.186191 3.216409 0.001578 -0.078364 0.002289 0.996921
1788232706.368317842 -0.446644 0.184109 3.227524 0.001600 -0.078352 0.002164 0.996922
1788232706.401658297 -0.449056 0.184217 3.240356 0.002003 -0.078543 0.001811 0.996907
1788232706.434998989 -0.449049 0.185820 3.252999 0.002650 -0.078927 0.001876 0.996875
1788232706.468339205 -0.449889 0.185373 3.265645 0.002518 -0.078918 0.001919 0.996876
1788232706.501679420 -0.450327 0.186925 3.277958 0.002713 -0.079031 0.001989 0.996866
1788232706.535020113 -0.452362 0.188505 3.293610 0.003334 -0.079181 0.002230 0.996852
1788232706.568360567 -0.453813 0.188863 3.311824 0.003489 -0.079531 0.002442 0.996823
1788232706.601700783 -0.453408 0.190291 3.324245 0.003811 -0.079894 0.002765 0.996792
1788232706.635041237 -0.455306 0.191597 3.336884 0.004190 -0.079813 0.002965 0.996797
1788232706.668380499 -0.457068 0.191143 3.349231 0.004105 -0.079624 0.002952 0.996812
1788232706.701720715 -0.459403 0.192662 3.361187 0.004270 -0.079441 0.002942 0.996826
1788232706.735060930 -0.463487 0.193278 3.373412 0.004541 -0.079234 0.002954 0.996841
1788232706.768401146 -0.464908 0.192915 3.388350 0.004665 -0.079453 0.003038 0.996823
1788232706.801741362 -0.465083 0.193392 3.397499 0.004894 -0.079376 0.003127 0.996828
1788232706.835081577 -0.465765 0.192227 3.410717 0.004799 -0.079589 0.003176 0.996811
1788232706.868421793 -0.469392 0.192261 3.423219 0.004754 -0.079397 0.002931 0.996827
1788232706.901762009 -0.472796 0.193360 3.432678 0.005040 -0.078998 0.002821 0.996858
1788232706.935101748 -0.476172 0.191227 3.446135 0.004916 -0.079046 0.002732 0.996855
1788232706.968441963 -0.477943 0.192521 3.457759 0.004955 -0.079261 0.002761 0.996838
1788232707.001782179 -0.479004 0.194672 3.472340 0.005403 -0.079460 0.002556 0.996820
1788232707.035122395 -0.479523 0.194803 3.486055 0.005023 -0.079510 0.002585 0.996818
1788232707.068461895 -0.482849 0.196064 3.499190 0.004912 -0.079369 0.002351 0.996830
1788232707.101802111 -0.487435 0.199208 3.512585 0.005400 -0.079131 0.001989 0.996848
1788232707.135140896 -0.488926 0.199437 3.526613 0.005365 -0.079494 0.001582 0.996820
1788232707.168478727 -0.491165 0.201468 3.538201 0.005717 -0.079536 0.001342 0.996815
1788232707.201813936 -0.493376 0.203277 3.553037 0.005982 -0.079641 0.001547 0.996805
1788232707.235148907 -0.493325 0.201381 3.564051 0.005748 -0.079776 0.001569 0.996795
1788232707.268483400 -0.497723 0.199626 3.573210 0.006343 -0.079473 0.001759 0.996815
1788232707.301818132 -0.500206 0.199706 3.585248 0.006948 -0.079265 0.002109 0.996827
1788232707.335152864 -0.499577 0.198774 3.596926 0.007180 -0.079502 0.002319 0.996806
1788232707.368487597 -0.500926 0.200734 3.610042 0.007932 -0.079743 0.002347 0.996781
1788232707.401821852 -0.503434 0.201200 3.622461 0.007689 -0.079685 0.002281 0.996788
1788232707.435156345 -0.507193 0.201456 3.632145 0.007375 -0.079575 0.002032 0.996799
1788232707.468490839 -0.509836 0.199991 3.644994 0.007194 -0.079336 0.001743 0.996820
1788232707.501825094 -0.512411 0.200958 3.658631 0.006783 -0.079298 0.001388 0.996827
1788232707.535159349 -0.512856 0.202374 3.673005 0.006733 -0.079679 0.001435 0.996797
1788232707.568492651 -0.516389 0.202297 3.683635 0.006614 -0.079462 0.001747 0.996814
1788232707.601826668 -0.518659 0.204635 3.700103 0.006362 -0.079582 0.001738 0.996807
1788232707.635160685 -0.520626 0.204535 3.711347 0.006406 -0.079523 0.001359 0.996812
1788232707.668494701 -0.524435 0.205029 3.723594 0.006644 -0.079247 0.001190 0.996832
1788232707.701828718 -0.524411 0.205129 3.738167 0.006299 -0.079456 0.000927 0.996818
1788232707.735162735 -0.527966 0.206063 3.748515 0.006412 -0.079677 0.000641 0.996800
1788232707.768496513 -0.531887 0.207500 3.763068 0.006520 -0.079944 0.000763 0.996778
1788232707.801830292 -0.531101 0.207717 3.777441 0.006427 -0.080304 0.000795 0.996749
1788232707.835164070 -0.534946 0.208815 3.787813 0.006736 -0.079769 0.001002 0.996790
1788232707.868497610 -0.536083 0.210145 3.800856 0.006856 -0.079668 0.001416 0.996797
1788232707.901830912 -0.537973 0.209523 3.813691 0.006768 -0.079755 0.001561 0.996790
1788232707.935164452 -0.540533 0.209070 3.825767 0.006987 -0.079742 0.001580 0.996790
1788232707.968497992 -0.541941 0.209991 3.838029 0.006781 -0.079851 0.001397 0.996783
1788232708.001830339 -0.543351 0.210753 3.853618 0.007095 -0.080134 0.001413 0.996758
1788232708.035163641 -0.545386 0.209643 3.863416 0.007133 -0.079616 0.001177 0.996799
1788232708.068496943 -0.549093 0.210967 3.875745 0.006890 -0.079302 0.000824 0.996827
1788232708.101830006 -0.551867 0.211745 3.890294 0.006683 -0.079794 0.000890 0.996789
1788232708.135163307 -0.553974 0.214861 3.902608 0.006657 -0.080036 0.000691 0.996770
1788232708.168497801 -0.556237 0.216291 3.916982 0.006557 -0.080008 0.000621 0.996772
1788232708.201834440 -0.558504 0.215931 3.930965 0.006548 -0.079743 0.000917 0.996794
1788232708.235170603 -0.558707 0.216221 3.942206 0.006486 -0.079742 0.000933 0.996794
1788232708.268507242 -0.559695 0.218101 3.958052 0.006520 -0.080225 0.001078 0.996755
1788232708.301843643 -0.561616 0.214978 3.969986 0.006169 -0.080299 0.000764 0.996751
1788232708.335180044 -0.564935 0.217076 3.983345 0.005700 -0.080046 0.000579 0.996775
1788232708.368516207 -0.567752 0.218848 3.996275 0.005395 -0.079847 0.000522 0.996792
1788232708.401852608 -0.569878 0.218137 4.008440 0.004919 -0.079669 0.000515 0.996809
1788232708.435188770 -0.573718 0.221924 4.024073 0.004426 -0.079678 0.000729 0.996811
1788232708.468523979 -0.575230 0.220947 4.037249 0.003826 -0.079690 0.000809 0.996812
1788232708.501859903 -0.574742 0.222619 4.053524 0.003980 -0.080157 0.000585 0.996774
1788232708.535196066 -0.577370 0.225620 4.068459 0.004228 -0.080507 0.000611 0.996745
1788232708.568531752 -0.578078 0.226186 4.080137 0.004456 -0.080492 0.000763 0.996745
1788232708.601867914 -0.580612 0.225992 4.092898 0.004454 -0.080242 0.000698 0.996765
1788232708.635203600 -0.582648 0.226363 4.105057 0.004529 -0.080116 0.001047 0.996775
1788232708.668539762 -0.583488 0.226775 4.116440 0.004966 -0.080119 0.001221 0.996772
1788232708.701875210 -0.584936 0.225950 4.128797 0.004691 -0.080309 0.001115 0.996758
1788232708.735211134 -0.586135 0.227289 4.143356 0.004273 -0.080488 0.001259 0.996746
1788232708.768546581 -0.587593 0.227745 4.155818 0.003695 -0.079925 0.001212 0.996793
1788232708.801882267 -0.589761 0.229933 4.171557 0.002910 -0.080019 0.001232 0.996788
1788232708.835217714 -0.593376 0.229882 4.184893 0.002248 -0.080162 0.001101 0.996779
1788232708.868553400 -0.595124 0.232411 4.200100 0.002075 -0.080509 0.001028 0.996751
1788232708.901887894 -0.598647 0.232876 4.212968 0.001310 -0.080279 0.001279 0.996771
1788232708.935222864 -0.599937 0.234412 4.229273 0.001173 -0.079857 0.001220 0.996805
1788232708.968558550 -0.601570 0.236258 4.242156 0.001165 -0.079886 0.001386 0.996802
1788232709.001893759 -0.602640 0.236780 4.256362 0.001275 -0.080395 0.001522 0.996761
1788232709.035228729 -0.606391 0.235904 4.268083 0.001254 -0.080297 0.001200 0.996769
1788232709.068564177 -0.607500 0.237871 4.280571 0.000801 -0.080461 0.000910 0.996757
1788232709.101899385 -0.610902 0.239082 4.291689 0.000836 -0.081256 0.000984 0.996692
1788232709.135234118 -0.614745 0.240373 4.305161 0.001251 -0.082207 0.001092 0.996614
1788232709.168571711 -0.619612 0.240539 4.319185 0.000552 -0.084226 0.001115 0.996446
1788232709.201911926 -0.624741 0.241538 4.335464 0.000117 -0.087561 0.001166 0.996158
1788232709.235252619 -0.627682 0.245025 4.348187 0.000270 -0.090431 0.001702 0.995901
1788232709.268593073 -0.631760 0.244455 4.359756 0.000113 -0.093424 0.002322 0.995624
1788232709.301933527 -0.637175 0.243779 4.372556 -0.000040 -0.097207 0.002815 0.995260
1788232709.335272789 -0.643447 0.243523 4.384278 -0.000047 -0.101249 0.002795 0.994857
1788232709.368613482 -0.650967 0.243172 4.395035 -0.000242 -0.105311 0.002918 0.994435
1788232709.401953936 -0.656826 0.244502 4.407032 -0.000277 -0.109629 0.003047 0.993968
1788232709.435294390 -0.661767 0.245609 4.418826 -0.000481 -0.114388 0.003548 0.993430
1788232709.468635082 -0.669390 0.244613 4.431568 -0.001087 -0.119938 0.003621 0.992774
1788232709.501975298 -0.678686 0.245779 4.444737 -0.001434 -0.125907 0.003710 0.992034
1788232709.535315990 -0.689341 0.248620 4.458357 -0.001784 -0.131484 0.003787 0.991309
1788232709.568656206 -0.695904 0.249546 4.469535 -0.002181 -0.137281 0.003642 0.990523
1788232709.601996899 -0.705814 0.250125 4.482214 -0.002300 -0.143246 0.003711 0.989678
1788232709.635337591 -0.716125 0.251163 4.493727 -0.002502 -0.149606 0.004189 0.988734
1788232709.668678045 -0.723119 0.251729 4.504745 -0.002424 -0.156052 0.004751 0.987734
1788232709.702018738 -0.732381 0.252794 4.515114 -0.002159 -0.161954 0.005730 0.986779
1788232709.735359430 -0.739524 0.251893 4.524713 -0.002115 -0.167731 0.006285 0.985810
1788232709.768699646 -0.748172 0.253465 4.535646 -0.002140 -0.173658 0.006905 0.984779
1788232709.802039385 -0.756167 0.253636 4.544606 -0.002441 -0.179423 0.007509 0.983740
1788232709.835380077 -0.766374 0.254265 4.556699 -0.002716 -0.185049 0.008064 0.982693
1788232709.868720531 -0.775070 0.255743 4.567575 -0.002747 -0.190868 0.008328 0.981576
1788232709.902061224 -0.784730 0.256385 4.576997 -0.002804 -0.196829 0.008487 0.980397
1788232709.935401917 -0.793270 0.256631 4.587639 -0.003289 -0.202941 0.008989 0.979144
1788232709.968742371 -0.803087 0.256881 4.598296 -0.003700 -0.208671 0.009278 0.977935
1788232710.002083302 -0.814259 0.257251 4.607392 -0.003535 -0.214735 0.009390 0.976621
1788232710.035423517 -0.823921 0.258444 4.616117 -0.003144 -0.221386 0.009982 0.975130
1788232710.068764210 -0.830433 0.257389 4.624641 -0.003128 -0.227559 0.011207 0.973695
1788232710.102104902 -0.837938 0.257952 4.633554 -0.002676 -0.232948 0.012281 0.972408
1788232710.135445595 -0.848866 0.258954 4.642356 -0.002065 -0.238360 0.012711 0.971091
1788232710.168788671 -0.859574 0.259688 4.651272 -0.001918 -0.244039 0.012702 0.969680
1788232710.202134848 -0.869758 0.259915 4.658082 -0.002361 -0.249621 0.012714 0.968257
1788232710.235480070 -0.881403 0.261079 4.668298 -0.002063 -0.255238 0.012527 0.966795
1788232710.268826485 -0.892640 0.260348 4.675777 -0.001645 -0.261174 0.012433 0.965210
1788232710.302173138 -0.903276 0.260107 4.683516 -0.001473 -0.267234 0.012987 0.963543
1788232710.335519314 -0.912637 0.260266 4.690814 -0.001028 -0.273073 0.013620 0.961896
1788232710.368865967 -0.922506 0.260591 4.696079 -0.000544 -0.278768 0.013849 0.960258
1788232710.402212381 -0.933831 0.261271 4.703259 -0.000456 -0.284768 0.013909 0.958495
1788232710.435559034 -0.945880 0.261079 4.711503 -0.000471 -0.290486 0.014158 0.956774
1788232710.468905687 -0.959399 0.261475 4.720816 -0.000052 -0.296121 0.014430 0.955041
1788232710.502252579 -0.968647 0.261535 4.726232 -0.000019 -0.302272 0.014946 0.953105
1788232710.535599232 -0.980190 0.262276 4.735135 0.000191 -0.308206 0.015744 0.951189
1788232710.568946123 -0.988838 0.261929 4.739931 0.000380 -0.313971 0.016423 0.949290
1788232710.602292776 -1.000017 0.261320 4.746921 0.000932 -0.319392 0.016667 0.947476
1788232710.635639668 -1.010844 0.261286 4.753414 0.001071 -0.325252 0.016902 0.945476
1788232710.668986082 -1.022603 0.261597 4.760149 0.001217 -0.331197 0.017121 0.943405
1788232710.702332735 -1.035425 0.261452 4.764708 0.001475 -0.337180 0.016937 0.941287
1788232710.735680103 -1.047882 0.261254 4.768349 0.002061 -0.343455 0.016762 0.939017
1788232710.769027233 -1.062574 0.263003 4.774577 0.002489 -0.349717 0.016986 0.936698
1788232710.802374363 -1.072445 0.262448 4.779784 0.002484 -0.355900 0.017580 0.934355
1788232710.835721493 -1.083773 0.261991 4.785000 0.002607 -0.361879 0.018321 0.932041
1788232710.869068861 -1.097040 0.261482 4.788885 0.002947 -0.368313 0.018654 0.929510
1788232710.902416468 -1.109082 0.262583 4.792243 0.002997 -0.374853 0.018939 0.926886
1788232710.935763836 -1.121313 0.262725 4.796480 0.002790 -0.381359 0.019733 0.924212
1788232710.969111204 -1.132803 0.262796 4.802201 0.002973 -0.387655 0.020284 0.921577
1788232711.002458811 -1.146913 0.263162 4.807417 0.003198 -0.393869 0.021136 0.918918
1788232711.035806417 -1.156354 0.263008 4.808430 0.002916 -0.400063 0.021937 0.916220
1788232711.069153786 -1.168406 0.263516 4.813241 0.003182 -0.406153 0.022470 0.913523
1788232711.102501392 -1.181828 0.263836 4.816905 0.003740 -0.412358 0.022728 0.910731
1788232711.135848284 -1.194636 0.263100 4.818547 0.004099 -0.418522 0.022662 0.907915
1788232711.169195414 -1.208715 0.263156 4.824368 0.004191 -0.424819 0.023095 0.904974
1788232711.202541828 -1.219014 0.261986 4.824643 0.004015 -0.430899 0.023600 0.902083
1788232711.235888481 -1.232943 0.262575 4.827981 0.004197 -0.437152 0.024028 0.899057
1788232711.269235373 -1.246632 0.263498 4.830765 0.004067 -0.443430 0.024188 0.895974
1788232711.302581787 -1.260641 0.262862 4.831145 0.003707 -0.449509 0.024209 0.892940
1788232711.335928679 -1.275368 0.263542 4.832479 0.003866 -0.455692 0.024089 0.889803
1788232711.369275331 -1.288095 0.263384 4.833715 0.004036 -0.461947 0.024177 0.886569
1788232711.402621984 -1.302965 0.264064 4.839438 0.004028 -0.468234 0.024704 0.883250
1788232711.435969114 -1.314910 0.264879 4.839304 0.004109 -0.473907 0.025539 0.880195
1788232711.469316006 -1.326629 0.263741 4.839609 0.004479 -0.480108 0.026325 0.876803
1788232711.502663136 -1.339076 0.263305 4.841068 0.004733 -0.486501 0.026658 0.873261
1788232711.536010027 -1.354953 0.264128 4.841616 0.004715 -0.492753 0.026908 0.869741
1788232711.569356441 -1.368305 0.264024 4.841071 0.004074 -0.499054 0.026966 0.866141
1788232711.602703571 -1.384716 0.263364 4.841230 0.003744 -0.505233 0.026974 0.862553
1788232711.636050463 -1.399467 0.263641 4.842361 0.003654 -0.511590 0.026936 0.858800
1788232711.669397831 -1.412711 0.265190 4.842398 0.003522 -0.517782 0.027314 0.855069
1788232711.702745199 -1.425515 0.264044 4.841693 0.003320 -0.523674 0.027643 0.851463
1788232711.736092567 -1.438809 0.265164 4.842642 0.004065 -0.529775 0.027924 0.847669
1788232711.769440174 -1.452984 0.263863 4.842875 0.004277 -0.535991 0.028679 0.843725
1788232711.802787781 -1.465149 0.263824 4.842094 0.003960 -0.541876 0.029892 0.839917
1788232711.836134911 -1.479241 0.264760 4.840684 0.004208 -0.547503 0.030682 0.836231
1788232711.869482756 -1.490024 0.262137 4.843694 0.004299 -0.553898 0.030832 0.832002
1788232711.902830362 -1.503458 0.262259 4.839780 0.004039 -0.559741 0.030750 0.828087
1788232711.936178207 -1.516835 0.261764 4.838941 0.003944 -0.565748 0.030655 0.823998
1788232711.969525814 -1.531606 0.261602 4.833398 0.004484 -0.571374 0.030470 0.820112
1788232712.002872944 -1.542991 0.262247 4.830581 0.004811 -0.577282 0.030807 0.815949
1788232712.036220789 -1.554400 0.261267 4.830281 0.005016 -0.582889 0.031533 0.811924
1788232712.069568634 -1.565583 0.260144 4.830406 0.005507 -0.588675 0.032373 0.807702
1788232712.102916956 -1.578828 0.259985 4.826595 0.005654 -0.594406 0.033058 0.803466
1788232712.136264801 -1.589570 0.259698 4.825684 0.005679 -0.600317 0.033288 0.799049
1788232712.169609547 -1.602716 0.259502 4.823952 0.006223 -0.605926 0.033376 0.794797
1788232712.202949524 -1.614761 0.259369 4.819092 0.006664 -0.611690 0.033456 0.790362
1788232712.236289501 -1.628319 0.260581 4.815484 0.006623 -0.617291 0.033918 0.785976
1788232712.269629478 -1.639907 0.260046 4.813107 0.006593 -0.622641 0.034605 0.781714
1788232712.302969456 -1.653279 0.258837 4.808995 0.006934 -0.628016 0.035248 0.777371
1788232712.336309433 -1.664294 0.258704 4.806303 0.006964 -0.633889 0.035199 0.772591
1788232712.369649172 -1.677779 0.257880 4.801683 0.006406 -0.639284 0.035254 0.768136
1788232712.402989388 -1.692828 0.257908 4.799288 0.006691 -0.644687 0.035177 0.763608
1788232712.436329365 -1.704598 0.258465 4.793229 0.007424 -0.650178 0.035083 0.758935
1788232712.469668150 -1.718885 0.258685 4.788692 0.007216 -0.655502 0.035306 0.754333
1788232712.503008127 -1.730163 0.258216 4.783746 0.006848 -0.660450 0.035917 0.749979
1788232712.536348343 -1.742956 0.255961 4.779612 0.007020 -0.665788 0.036452 0.745217
1788232712.569688320 -1.755340 0.254592 4.772679 0.006591 -0.671112 0.036753 0.740415
1788232712.603028059 -1.767256 0.255180 4.770889 0.006167 -0.675765 0.037281 0.736148
1788232712.636368275 -1.781897 0.255772 4.763412 0.005885 -0.680028 0.037655 0.732195
1788232712.669708490 -1.795525 0.255611 4.759877 0.005893 -0.684510 0.037859 0.727996
1788232712.703048229 -1.807264 0.256116 4.756407 0.005423 -0.688518 0.038022 0.724202
1788232712.736388206 -1.822801 0.257097 4.754822 0.004938 -0.691889 0.038498 0.720960
1788232712.769728422 -1.835917 0.256750 4.750393 0.005480 -0.694765 0.038511 0.718184
1788232712.803068638 -1.847525 0.256853 4.746941 0.005797 -0.697903 0.038672 0.715124
1788232712.836408377 -1.861003 0.256672 4.742667 0.005637 -0.700836 0.038964 0.712235
1788232712.869748354 -1.873252 0.256816 4.739033 0.005411 -0.703457 0.039439 0.709622
1788232712.903087378 -1.887062 0.255099 4.736221 0.005340 -0.705382 0.039431 0.707710
1788232712.936427593 -1.898216 0.255279 4.736225 0.005544 -0.706386 0.039198 0.706719
1788232712.969767570 -1.912105 0.255217 4.733799 0.005653 -0.706842 0.038589 0.706295
1788232713.003107548 -1.926342 0.256381 4.730674 0.005747 -0.707526 0.038093 0.705636
1788232713.036447525 -1.939169 0.256402 4.729859 0.005691 -0.708582 0.038010 0.704581
1788232713.069787741 -1.951580 0.255047 4.728580 0.005440 -0.708860 0.037997 0.704304
1788232713.103127956 -1.964631 0.255702 4.729920 0.005824 -0.708938 0.038134 0.704215
1788232713.136467934 -1.976642 0.255553 4.731873 0.005843 -0.709575 0.038357 0.703561
1788232713.169807196 -1.988798 0.253970 4.727627 0.005939 -0.709764 0.038288 0.703374
1788232713.203145742 -2.001220 0.255316 4.726457 0.006415 -0.709701 0.038427 0.703425
1788232713.236484528 -2.013109 0.254941 4.724998 0.006563 -0.709786 0.038289 0.703345
1788232713.269822836 -2.026747 0.255047 4.723764 0.006941 -0.710011 0.038085 0.703126
1788232713.303161383 -2.039337 0.254290 4.722185 0.006953 -0.710141 0.037807 0.703010
1788232713.336498976 -2.053021 0.254597 4.723482 0.006694 -0.710412 0.037437 0.702758
1788232713.369837523 -2.068249 0.256391 4.722754 0.006601 -0.710528 0.037437 0.702642
1788232713.403175831 -2.082380 0.255349 4.722975 0.006198 -0.710810 0.036951 0.702386
1788232713.436514378 -2.095106 0.255639 4.722357 0.006021 -0.710902 0.036486 0.702319
1788232713.469852686 -2.108587 0.254479 4.721309 0.005980 -0.710923 0.036347 0.702305
1788232713.503191233 -2.122075 0.253768 4.720428 0.005713 -0.711075 0.036097 0.702166
1788232713.536529779 -2.133180 0.254016 4.719301 0.005624 -0.711539 0.036011 0.701701
1788232713.569868088 -2.146683 0.253599 4.717455 0.005739 -0.712280 0.036030 0.700947
1788232713.603206396 -2.159054 0.253845 4.715391 0.005583 -0.712928 0.035861 0.700297
1788232713.636544943 -2.171914 0.254076 4.714418 0.005946 -0.713644 0.035614 0.699577
1788232713.669883251 -2.185126 0.254158 4.712886 0.006046 -0.714705 0.035663 0.698490
1788232713.703221560 -2.198029 0.255362 4.709300 0.006094 -0.716230 0.035977 0.696909
1788232713.736559629 -2.209264 0.254255 4.706303 0.006081 -0.718005 0.036612 0.695048
1788232713.769898176 -2.221825 0.253641 4.705472 0.005841 -0.719946 0.037517 0.692990
1788232713.803235292 -2.232508 0.253531 4.703602 0.006008 -0.722055 0.038154 0.690756
1788232713.836573601 -2.243924 0.253643 4.700187 0.006431 -0.724499 0.038436 0.688174
1788232713.869911671 -2.255384 0.252882 4.693609 0.006302 -0.726506 0.038618 0.686045
1788232713.903249741 -2.267735 0.252391 4.690323 0.005872 -0.728833 0.038862 0.683562
1788232713.936587811 -2.280330 0.252618 4.686190 0.005980 -0.731050 0.039065 0.681179
1788232713.969926357 -2.290184 0.252228 4.679752 0.006354 -0.733647 0.039282 0.678365
1788232714.003264427 -2.303322 0.251199 4.672470 0.005884 -0.736767 0.039413 0.674972
1788232714.036602497 -2.314882 0.251518 4.668349 0.005632 -0.739696 0.039731 0.671743
1788232714.069940567 -2.325497 0.251234 4.663610 0.005848 -0.742444 0.039910 0.668693
1788232714.103278637 -2.337959 0.250289 4.657111 0.006172 -0.745619 0.039754 0.665157
1788232714.136616707 -2.350581 0.251338 4.648681 0.006093 -0.748846 0.039302 0.661549
1788232714.169954062 -2.363054 0.251989 4.640121 0.005638 -0.752002 0.039139 0.657973
1788232714.203291178 -2.374915 0.248998 4.633754 0.005260 -0.755087 0.038979 0.654444
1788232714.236627102 -2.385720 0.247656 4.627224 0.005663 -0.758137 0.039245 0.650888
1788232714.269963741 -2.396823 0.247544 4.621312 0.005588 -0.761303 0.039826 0.647148
1788232714.303300619 -2.407965 0.248247 4.616466 0.005200 -0.764423 0.040685 0.643409
1788232714.336637259 -2.419565 0.247716 4.608180 0.004932 -0.767522 0.041075 0.639687
1788232714.369973898 -2.429466 0.248470 4.600355 0.005524 -0.770783 0.041159 0.635743
1788232714.403310776 -2.441042 0.248685 4.589634 0.005651 -0.774135 0.040782 0.631680
1788232714.436647177 -2.454173 0.248026 4.580647 0.005436 -0.777481 0.040257 0.627593
1788232714.469984055 -2.465758 0.249765 4.573672 0.005488 -0.780775 0.040011 0.623505
1788232714.503320456 -2.477156 0.250216 4.563340 0.005800 -0.783798 0.039921 0.619704
1788232714.536657095 -2.487939 0.249841 4.555191 0.005694 -0.786957 0.040061 0.615680
1788232714.569993496 -2.498138 0.250664 4.548058 0.005656 -0.790020 0.040556 0.611712
1788232714.603329897 -2.510054 0.250084 4.541868 0.005701 -0.793083 0.040895 0.607713
1788232714.636666536 -2.520115 0.249421 4.533481 0.005758 -0.796305 0.040906 0.603483
1788232714.670001745 -2.532964 0.249883 4.524357 0.005726 -0.799519 0.040931 0.599217
1788232714.703338385 -2.543137 0.248172 4.516275 0.005767 -0.802498 0.040881 0.595225
1788232714.736674786 -2.555429 0.249958 4.506979 0.005828 -0.805530 0.041251 0.591089
1788232714.770010710 -2.567166 0.248475 4.498426 0.005655 -0.808848 0.041091 0.586553
1788232714.803347349 -2.577644 0.249355 4.490479 0.005213 -0.812127 0.041378 0.581989
1788232714.836683273 -2.587516 0.249068 4.480824 0.005216 -0.815129 0.041701 0.577752
1788232714.870019913 -2.597336 0.248956 4.473206 0.005652 -0.818235 0.042029 0.573318
1788232714.903356075 -2.609648 0.248557 4.462806 0.005738 -0.821635 0.042315 0.568412
1788232714.936692238 -2.618885 0.248967 4.454312 0.005598 -0.824945 0.042704 0.563570
1788232714.970028162 -2.629169 0.249962 4.446756 0.005920 -0.828149 0.043100 0.558817
1788232715.003364563 -2.639182 0.249027 4.434046 0.006201 -0.831046 0.043317 0.554480
1788232715.036700487 -2.648705 0.249126 4.423389 0.006415 -0.834342 0.043040 0.549528
1788232715.070036650 -2.660981 0.250273 4.412414 0.006801 -0.837648 0.042662 0.544499
1788232715.103372574 -2.668576 0.248903 4.400187 0.007039 -0.840740 0.042084 0.539755
1788232715.136707783 -2.679124 0.248404 4.388716 0.007062 -0.844019 0.041921 0.534625
1788232715.170047045 -2.688569 0.249022 4.376630 0.006934 -0.847497 0.042002 0.529091
1788232715.203391075 -2.701072 0.247161 4.366265 0.006709 -0.851010 0.042377 0.523394
1788232715.236735344 -2.710174 0.247219 4.357564 0.006694 -0.854216 0.043001 0.518093
1788232715.270079136 -2.722085 0.246617 4.346084 0.006831 -0.857364 0.043368 0.512834
1788232715.303423405 -2.734255 0.245134 4.335148 0.006904 -0.860683 0.043525 0.507231
1788232715.336767673 -2.743035 0.244555 4.324869 0.006882 -0.863851 0.043784 0.501794
1788232715.370111942 -2.753906 0.243665 4.313035 0.006744 -0.866941 0.043717 0.496445
1788232715.403456211 -2.765795 0.244001 4.299963 0.006909 -0.870120 0.043531 0.490866
1788232715.436800480 -2.774447 0.241913 4.286707 0.007234 -0.873193 0.043180 0.485404
1788232715.470144987 -2.785035 0.240537 4.272754 0.007369 -0.876272 0.042978 0.479840
1788232715.503489017 -2.794433 0.241638 4.261309 0.007070 -0.879316 0.043130 0.474229
1788232715.536833763 -2.801245 0.240421 4.250010 0.007154 -0.882198 0.043479 0.468812
1788232715.570176840 -2.810995 0.240606 4.239196 0.007486 -0.885248 0.044326 0.462942
1788232715.603521347 -2.814619 0.239168 4.228255 0.007154 -0.888094 0.045082 0.457389
1788232715.636865854 -2.820972 0.241158 4.217494 0.007214 -0.891027 0.046010 0.451555
1788232715.670210600 -2.825515 0.240540 4.205528 0.007701 -0.893839 0.046459 0.445908
1788232715.703554869 -2.832770 0.238944 4.192693 0.007653 -0.896887 0.046557 0.439736
1788232715.736899376 -2.837707 0.238279 4.179565 0.007180 -0.899850 0.046389 0.433666
1788232715.770244122 -2.841875 0.238423 4.164888 0.007700 -0.902666 0.046211 0.427784
1788232715.803588629 -2.846607 0.238513 4.152340 0.008509 -0.905688 0.045893 0.421367
1788232715.836933374 -2.847636 0.238527 4.141194 0.008306 -0.908474 0.046006 0.415319
1788232715.870278358 -2.856302 0.237922 4.129121 0.008244 -0.911261 0.046579 0.409103
1788232715.903623104 -2.855734 0.236143 4.116939 0.008331 -0.913807 0.047097 0.403322
1788232715.936967611 -2.862545 0.236418 4.105600 0.007860 -0.916740 0.047428 0.396580
1788232715.970312595 -2.866260 0.236980 4.091938 0.007813 -0.919386 0.047636 0.390384
1788232716.003656387 -2.868858 0.236047 4.078723 0.008036 -0.922005 0.047780 0.384135
1788232716.037001371 -2.871598 0.235596 4.064663 0.008531 -0.924719 0.047756 0.377546
1788232716.070346117 -2.873358 0.233879 4.053702 0.008227 -0.927395 0.047856 0.370918
1788232716.103691101 -2.879212 0.234867 4.042063 0.008341 -0.929983 0.048427 0.364302
1788232716.137035847 -2.882812 0.233423 4.029473 0.008366 -0.932453 0.048992 0.357857
1788232716.170379639 -2.886131 0.234129 4.016583 0.008303 -0.935093 0.049055 0.350893
1788232716.203721762 -2.887564 0.232958 4.003963 0.008039 -0.937518 0.048929 0.344386
1788232716.237063885 -2.891724 0.233068 3.990400 0.008302 -0.939885 0.048920 0.337868
1788232716.270406008 -2.893786 0.233711 3.974559 0.009098 -0.942272 0.048934 0.331130
1788232716.303747892 -2.895069 0.230832 3.962779 0.008684 -0.944611 0.048868 0.324418
1788232716.337090015 -2.899253 0.228246 3.949402 0.008042 -0.946761 0.049225 0.318051
1788232716.370432138 -2.900454 0.226674 3.937403 0.008036 -0.949025 0.049538 0.311180
1788232716.403774023 -2.904037 0.228496 3.923358 0.008060 -0.951335 0.049675 0.304020
1788232716.437115908 -2.906830 0.227582 3.909577 0.007807 -0.953417 0.049647 0.297440
1788232716.470457315 -2.903896 0.230475 3.895859 0.008307 -0.955393 0.050080 0.290941
1788232716.503799200 -2.909092 0.229638 3.878928 0.008424 -0.957492 0.050179 0.283937
1788232716.537141085 -2.909350 0.231196 3.866154 0.008466 -0.959463 0.050148 0.277208
1788232716.570483208 -2.913329 0.228565 3.853538 0.008055 -0.961358 0.050288 0.270548
1788232716.603825331 -2.915770 0.227263 3.839177 0.008590 -0.963212 0.050724 0.263772
1788232716.637167454 -2.916315 0.227162 3.825703 0.008766 -0.965071 0.051033 0.256820
1788232716.670509338 -2.916466 0.225561 3.813345 0.008467 -0.966836 0.051029 0.250105
1788232716.703851461 -2.915962 0.224620 3.798861 0.008924 -0.968491 0.051200 0.243567
1788232716.737193584 -2.914543 0.223255 3.788541 0.009133 -0.970214 0.051243 0.236590
1788232716.770535469 -2.918428 0.222864 3.773674 0.008945 -0.971964 0.050738 0.229414
1788232716.803877592 -2.916307 0.221646 3.758306 0.008558 -0.973511 0.050515 0.222826
1788232716.837219954 -2.914801 0.221014 3.744830 0.009013 -0.975020 0.050702 0.216067
1788232716.870561838 -2.917370 0.220695 3.730731 0.009127 -0.976610 0.050916 0.208703
1788232716.903902769 -2.918404 0.220825 3.715170 0.008890 -0.978070 0.051107 0.201712
1788232716.937245131 -2.919215 0.219172 3.702487 0.008759 -0.979448 0.051504 0.194811
1788232716.970587015 -2.917582 0.217588 3.688718 0.008868 -0.980642 0.051866 0.188605
1788232717.003928900 -2.921280 0.217203 3.676091 0.008699 -0.981869 0.052048 0.182069
1788232717.037271261 -2.921176 0.218327 3.663017 0.008454 -0.982994 0.052054 0.175900
1788232717.070613146 -2.921219 0.218613 3.648614 0.008741 -0.984142 0.051714 0.169450
1788232717.103955269 -2.919751 0.217997 3.632816 0.009265 -0.985202 0.051446 0.163234
1788232717.137297153 -2.918609 0.218013 3.620738 0.009366 -0.986167 0.051276 0.157346
1788232717.170638800 -2.921423 0.217046 3.607814 0.009005 -0.987051 0.051215 0.151743
1788232717.203979015 -2.920382 0.217727 3.595024 0.009247 -0.987771 0.051692 0.146805
1788232717.237319469 -2.920876 0.216567 3.583084 0.009290 -0.988445 0.052273 0.141977
1788232717.270659685 -2.919634 0.214536 3.570376 0.008981 -0.989101 0.052611 0.137222
1788232717.304000139 -2.919655 0.215683 3.560622 0.008633 -0.989770 0.053147 0.132121
1788232717.337339163 -2.919107 0.214054 3.548747 0.008592 -0.990358 0.053608 0.127449
1788232717.370679617 -2.919325 0.212598 3.537344 0.008884 -0.990965 0.053852 0.122509
1788232717.404019833 -2.916757 0.213298 3.523013 0.009211 -0.991550 0.053874 0.117653
1788232717.437360048 -2.915112 0.210936 3.510346 0.009343 -0.992116 0.053779 0.112810
1788232717.470700502 -2.912970 0.211573 3.497597 0.009555 -0.992609 0.054108 0.108208
1788232717.504040241 -2.913642 0.210347 3.487154 0.009746 -0.993131 0.054248 0.103210
1788232717.537380457 -2.912758 0.209525 3.473588 0.009557 -0.993609 0.054665 0.098295
1788232717.570720673 -2.909110 0.209533 3.461048 0.009340 -0.993998 0.055191 0.093996
1788232717.604060888 -2.906646 0.207397 3.447871 0.009370 -0.994376 0.055521 0.089703
1788232717.637400627 -2.905265 0.208259 3.435632 0.009537 -0.994795 0.055619 0.084847
1788232717.670740843 -2.904674 0.206846 3.423191 0.009754 -0.995216 0.055187 0.080025
1788232717.704081059 -2.903232 0.206190 3.410814 0.010016 -0.995537 0.054834 0.076158
1788232717.737420559 -2.899482 0.206271 3.395655 0.010447 -0.995787 0.054861 0.072724
1788232717.770760775 -2.899183 0.204848 3.383322 0.010388 -0.996083 0.054894 0.068536
1788232717.804099798 -2.897983 0.205300 3.372929 0.009997 -0.996363 0.054896 0.064406
1788232717.837439775 -2.899484 0.202640 3.360584 0.009637 -0.996547 0.055056 0.061394
1788232717.870779753 -2.899224 0.202416 3.349018 0.009590 -0.996660 0.055092 0.059517
1788232717.904119492 -2.899415 0.201707 3.337228 0.009791 -0.996749 0.055107 0.057949
1788232717.937459230 -2.898289 0.202303 3.321275 0.010191 -0.996856 0.054598 0.056507
1788232717.970799208 -2.895684 0.201430 3.306939 0.010430 -0.996951 0.054068 0.055284
1788232718.004139185 -2.894729 0.201789 3.293694 0.010265 -0.996995 0.054032 0.054562
1788232718.037478685 -2.900901 0.201188 3.282621 0.010087 -0.997016 0.053864 0.054365
1788232718.070818424 -2.901087 0.200271 3.268955 0.009880 -0.997033 0.053902 0.054048
1788232718.104158401 -2.904131 0.199233 3.257386 0.009574 -0.997106 0.053903 0.052740
1788232718.137498140 -2.905695 0.198668 3.243984 0.009722 -0.997131 0.053892 0.052268
1788232718.170840025 -2.904658 0.196938 3.231636 0.009845 -0.997136 0.054048 0.051986
1788232718.204184771 -2.906460 0.196228 3.218953 0.009929 -0.997144 0.054198 0.051653
1788232718.237528801 -2.904609 0.196089 3.205897 0.010306 -0.997162 0.054181 0.051238
1788232718.270873785 -2.906367 0.194576 3.192330 0.010069 -0.997225 0.053864 0.050388
1788232718.304218531 -2.908645 0.194145 3.178524 0.009579 -0.997269 0.053597 0.049892
1788232718.337563276 -2.910729 0.193183 3.166533 0.009293 -0.997293 0.053637 0.049434
1788232718.370908260 -2.910741 0.192558 3.154265 0.008862 -0.997320 0.053792 0.048798
1788232718.404253483 -2.912424 0.191559 3.142983 0.008765 -0.997315 0.054190 0.048462
1788232718.437598467 -2.912840 0.191234 3.128458 0.008746 -0.997357 0.054319 0.047465
1788232718.470943689 -2.914702 0.190302 3.116967 0.008431 -0.997467 0.053958 0.045571
1788232718.504288673 -2.913249 0.188672 3.103704 0.008182 -0.997547 0.053702 0.044154
1788232718.537633896 -2.918870 0.186319 3.099050 0.007723 -0.997664 0.053535 0.041735
1788232718.570979118 -2.917686 0.185346 3.086157 0.008072 -0.997754 0.053653 0.039292
1788232718.604324102 -2.913704 0.185266 3.072103 0.008204 -0.997894 0.053319 0.036032
1788232718.637669563 -2.913508 0.184410 3.059293 0.008104 -0.998025 0.053029 0.032671
1788232718.671013832 -2.911351 0.183675 3.045721 0.008231 -0.998108 0.053182 0.029724
1788232718.704359293 -2.908912 0.182500 3.034487 0.007793 -0.998223 0.052994 0.026105
1788232718.737704515 -2.907330 0.181421 3.020965 0.007815 -0.998320 0.052861 0.022418
1788232718.771049738 -2.904067 0.182768 3.008181 0.007757 -0.998413 0.052705 0.018256
1788232718.804395437 -2.902488 0.183576 2.995665 0.008060 -0.998490 0.052452 0.014179
1788232718.837740898 -2.898879 0.182734 2.981252 0.008207 -0.998578 0.051723 0.009998
1788232718.871086121 -2.894441 0.182388 2.967796 0.008326 -0.998643 0.051115 0.005527
1788232718.904431820 -2.889996 0.181592 2.954993 0.008374 -0.998677 0.050725 0.000909
1788232718.937777519 -2.886797 0.182000 2.940995 -0.008026 0.998671 -0.050801 0.003376
1788232718.971122742 -2.883669 0.180408 2.928902 -0.007549 0.998651 -0.050780 0.007742
1788232719.004468679 -2.881759 0.179046 2.917039 -0.007420 0.998600 -0.050994 0.011949
1788232719.037814140 -2.877305 0.178775 2.904176 -0.007562 0.998526 -0.051161 0.016492
1788232719.071159601 -2.872533 0.178619 2.893433 -0.007647 0.998434 -0.051232 0.021145
1788232719.104505539 -2.869337 0.175930 2.881035 -0.007718 0.998328 -0.051053 0.025998
1788232719.137850285 -2.864137 0.176715 2.868315 -0.007494 0.998205 -0.050681 0.031020
1788232719.171194315 -2.858259 0.175404 2.856014 -0.007588 0.998057 -0.050279 0.036014
1788232719.204537868 -2.852412 0.176109 2.843119 -0.007664 0.997859 -0.050545 0.040791
1788232719.237881899 -2.848391 0.173690 2.830611 -0.007585 0.997664 -0.050193 0.045721
1788232719.271225691 -2.843009 0.171404 2.818306 -0.007684 0.997471 -0.049578 0.050351
1788232719.304569483 -2.837027 0.171984 2.805284 -0.008465 0.997197 -0.049571 0.055397
1788232719.337913513 -2.830733 0.171538 2.791185 -0.008756 0.996867 -0.050089 0.060592
1788232719.371257305 -2.826998 0.171331 2.782562 -0.008047 0.996514 -0.050376 0.066016
1788232719.404601097 -2.822190 0.170818 2.769320 -0.007556 0.996137 -0.050770 0.071251
1788232719.437945127 -2.814795 0.169602 2.760371 -0.007833 0.995719 -0.051215 0.076551
1788232719.471288919 -2.807857 0.167382 2.750060 -0.008073 0.995296 -0.050922 0.082019
1788232719.504632950 -2.798609 0.168125 2.734522 -0.008005 0.994843 -0.050499 0.087598
1788232719.537976980 -2.793267 0.167036 2.724858 -0.008290 0.994318 -0.050244 0.093482
1788232719.571319580 -2.783460 0.166923 2.713588 -0.009109 0.993755 -0.050286 0.099195
1788232719.604663610 -2.772970 0.169218 2.701618 -0.009001 0.993138 -0.050132 0.105271
1788232719.638007641 -2.769212 0.166941 2.693200 -0.008648 0.992503 -0.049546 0.111388
1788232719.671351671 -2.758797 0.167433 2.678638 -0.008718 0.991879 -0.049930 0.116648
1788232719.704695702 -2.750715 0.165796 2.670317 -0.009001 0.991195 -0.049860 0.122335
1788232719.738039732 -2.742762 0.166100 2.659437 -0.009069 0.990434 -0.049659 0.128421
1788232719.771383762 -2.734795 0.165974 2.648906 -0.008889 0.989679 -0.049417 0.134216
1788232719.804727554 -2.726836 0.165575 2.638463 -0.008779 0.988843 -0.049569 0.140200
1788232719.838071585 -2.721663 0.165225 2.631727 -0.008558 0.987913 -0.049540 0.146633
1788232719.871415854 -2.710753 0.164806 2.617284 -0.007714 0.987002 -0.049529 0.152689
1788232719.904759884 -2.704841 0.164636 2.609695 -0.007329 0.986032 -0.049867 0.158748
1788232719.938103914 -2.695184 0.164913 2.599360 -0.007116 0.985021 -0.050320 0.164775
1788232719.971447945 -2.684383 0.164473 2.588765 -0.007503 0.983942 -0.049933 0.171198
1788232720.004791260 -2.673335 0.165022 2.577395 -0.007453 0.982880 -0.049145 0.177418
1788232720.038135052 -2.665867 0.163054 2.569451 -0.007599 0.981822 -0.048672 0.183301
1788232720.071479082 -2.653170 0.163332 2.557282 -0.007892 0.980717 -0.048734 0.189096
1788232720.104823351 -2.644802 0.160826 2.550501 -0.008227 0.979458 -0.048257 0.195618
1788232720.138167381 -2.632015 0.161932 2.537924 -0.008224 0.978313 -0.048346 0.201244
1788232720.171511650 -2.623805 0.161252 2.531420 -0.008152 0.977024 -0.048198 0.207450
1788232720.204858303 -2.612481 0.160681 2.521420 -0.007778 0.975683 -0.047718 0.213789
1788232720.238204956 -2.606117 0.161858 2.518031 -0.007205 0.974314 -0.047610 0.219985
1788232720.271551609 -2.590857 0.162750 2.503033 -0.006885 0.972998 -0.047398 0.225788
1788232720.304898739 -2.584561 0.160260 2.500938 -0.006949 0.971514 -0.047433 0.232084
1788232720.338245153 -2.570557 0.160993 2.486841 -0.005963 0.970037 -0.047525 0.238190
1788232720.371592045 -2.559096 0.160627 2.478559 -0.005871 0.968674 -0.047409 0.243696
1788232720.404939175 -2.548387 0.159507 2.471866 -0.005707 0.967228 -0.047125 0.249434
1788232720.438285828 -2.538734 0.160189 2.464163 -0.006040 0.965601 -0.047552 0.255572
1788232720.471632004 -2.526584 0.159637 2.456350 -0.006474 0.964012 -0.047552 0.261493
1788232720.504979134 -2.517554 0.159377 2.451679 -0.006236 0.962358 -0.047388 0.267549
1788232720.538326025 -2.506330 0.157956 2.444760 -0.006227 0.960783 -0.047116 0.273199
1788232720.571673155 -2.494402 0.157627 2.433249 -0.006047 0.959080 -0.046923 0.279155
1788232720.605020285 -2.482400 0.158141 2.425667 -0.006366 0.957497 -0.046732 0.284560
1788232720.638367653 -2.473195 0.158724 2.421106 -0.006427 0.956057 -0.046434 0.289409
1788232720.671715021 -2.461655 0.160139 2.414628 -0.006658 0.954844 -0.046464 0.293375
1788232720.705061913 -2.449716 0.159001 2.402867 -0.007095 0.953546 -0.046173 0.297604
1788232720.738409519 -2.441337 0.159258 2.398467 -0.006884 0.952204 -0.046172 0.301874
1788232720.771756887 -2.432991 0.158359 2.390118 -0.006381 0.950810 -0.046176 0.306246
1788232720.805104256 -2.424385 0.156162 2.381620 -0.006053 0.949571 -0.046058 0.310093
1788232720.838451862 -2.415133 0.155586 2.372218 -0.005580 0.948357 -0.046336 0.313752
1788232720.871799231 -2.405757 0.156323 2.366555 -0.005307 0.947094 -0.046500 0.317525
1788232720.905145645 -2.393055 0.156556 2.356419 -0.005106 0.945829 -0.046554 0.321270
1788232720.938493252 -2.383622 0.157786 2.350771 -0.004745 0.944581 -0.046400 0.324949
1788232720.971840858 -2.373829 0.155553 2.343957 -0.004656 0.943313 -0.045669 0.328716
1788232721.005188465 -2.360414 0.156831 2.328564 -0.004484 0.941911 -0.045487 0.332737
1788232721.038536310 -2.354184 0.154446 2.326708 -0.004689 0.940500 -0.045406 0.336713
1788232721.071884155 -2.342770 0.154329 2.319571 -0.004732 0.939151 -0.045216 0.340482
1788232721.105231762 -2.334134 0.152038 2.317790 -0.004560 0.937805 -0.045411 0.344151
1788232721.138579845 -2.321966 0.152814 2.308871 -0.004296 0.936457 -0.045720 0.347764
1788232721.171927452 -2.313102 0.152734 2.302597 -0.003760 0.934926 -0.046260 0.351794
1788232721.205264330 -2.304285 0.152427 2.297416 -0.003012 0.933514 -0.046569 0.355491
1788232721.238600731 -2.294092 0.151782 2.288666 -0.002442 0.932104 -0.046524 0.359183
1788232721.271937370 -2.284429 0.151743 2.282516 -0.002324 0.930678 -0.046855 0.362820
1788232721.305274010 -2.274590 0.151811 2.274218 -0.002406 0.929054 -0.047050 0.366932
1788232721.338609695 -2.262976 0.151955 2.266559 -0.002810 0.927476 -0.047067 0.370897
1788232721.371946096 -2.250639 0.151292 2.262290 -0.003210 0.926120 -0.047011 0.374274
1788232721.405282736 -2.240571 0.150714 2.256882 -0.003463 0.924726 -0.047250 0.377674
1788232721.438619137 -2.230457 0.150166 2.251790 -0.003174 0.923214 -0.047368 0.381343
1788232721.471955538 -2.220416 0.149277 2.245641 -0.002593 0.921698 -0.047472 0.384984
1788232721.505292177 -2.211626 0.150092 2.238700 -0.002216 0.920089 -0.048267 0.388718
1788232721.538628101 -2.200310 0.149112 2.230786 -0.001938 0.918476 -0.048562 0.392479
1788232721.571964741 -2.189593 0.148441 2.225346 -0.002027 0.916800 -0.048335 0.396405
1788232721.605301142 -2.177432 0.148671 2.220811 -0.002545 0.915269 -0.048328 0.399926
1788232721.638637304 -2.165517 0.147929 2.214288 -0.003259 0.913569 -0.048109 0.403815
1788232721.671973467 -2.153538 0.149170 2.208081 -0.003493 0.912004 -0.048381 0.407303
1788232721.705309868 -2.141473 0.149448 2.199504 -0.003069 0.910564 -0.048361 0.410517
1788232721.738646030 -2.130992 0.148823 2.192487 -0.002544 0.909294 -0.048188 0.413347
1788232721.771982193 -2.122044 0.148819 2.187129 -0.002092 0.908218 -0.048734 0.415646
1788232721.805317163 -2.108307 0.141715 2.177892 -0.001422 0.907339 -0.048284 0.417615
1788232721.838653564 -2.097223 0.141617 2.173260 -0.001609 0.906155 -0.048226 0.420184
1788232721.871989727 -2.084903 0.141502 2.166726 -0.002393 0.904885 -0.048321 0.422898
1788232721.905325413 -2.074129 0.141994 2.161947 -0.002634 0.903810 -0.048213 0.425202
1788232721.938661575 -2.061763 0.140969 2.153005 -0.002499 0.902733 -0.047644 0.427547
1788232721.971997499 -2.051337 0.142069 2.147168 -0.002489 0.901611 -0.047966 0.429873
1788232722.005333662 -2.040729 0.140835 2.141694 -0.002462 0.900450 -0.048289 0.432265
1788232722.038669348 -2.031326 0.139795 2.134332 -0.002040 0.899186 -0.047910 0.434931
1788232722.072005272 -2.021227 0.140199 2.127613 -0.001781 0.897950 -0.047807 0.437490
1788232722.105341196 -2.008993 0.141156 2.122673 -0.002077 0.896746 -0.048034 0.439925
1788232722.138676882 -1.994726 0.138787 2.118644 -0.002882 0.895686 -0.048224 0.442055
1788232722.172012806 -1.983230 0.139853 2.111735 -0.003192 0.894309 -0.047614 0.444898
1788232722.205351353 -1.971090 0.139806 2.104306 -0.002939 0.893056 -0.047262 0.447447
1788232722.238688946 -1.959025 0.139586 2.099243 -0.002667 0.891947 -0.047432 0.449636
1788232722.272027254 -1.949200 0.138941 2.093410 -0.002023 0.890816 -0.047405 0.451879
1788232722.305365562 -1.935916 0.140971 2.084628 -0.001584 0.889434 -0.047463 0.454591
1788232722.338703871 -1.924727 0.141528 2.078418 -0.001752 0.888062 -0.047507 0.457260
1788232722.372042656 -1.912142 0.142801 2.075971 -0.001857 0.887065 -0.047634 0.459177
1788232722.405380964 -1.903489 0.140740 2.071611 -0.002010 0.885932 -0.047087 0.461414
1788232722.438719273 -1.887479 0.142544 2.067517 -0.001981 0.885026 -0.047175 0.463141
1788232722.472057819 -1.874996 0.142491 2.063195 -0.002287 0.883945 -0.047570 0.465160
1788232722.505396128 -1.866312 0.141493 2.058255 -0.001930 0.882924 -0.047432 0.467110
1788232722.538734436 -1.855370 0.141755 2.051859 -0.001651 0.882217 -0.047385 0.468450
1788232722.572072744 -1.843434 0.141746 2.046221 -0.002023 0.881489 -0.047523 0.469803
1788232722.605411291 -1.828525 0.142100 2.041768 -0.002653 0.880835 -0.047743 0.471002
1788232722.638749361 -1.816568 0.140898 2.037828 -0.003316 0.880181 -0.047170 0.472276
1788232722.672086954 -1.803277 0.141212 2.029243 -0.004064 0.879477 -0.046753 0.473623
1788232722.705425262 -1.792709 0.142014 2.023170 -0.004188 0.878922 -0.046989 0.474627
1788232722.738763571 -1.782385 0.140534 2.016051 -0.003946 0.878405 -0.046477 0.475635
1788232722.772101641 -1.770848 0.141713 2.009736 -0.003899 0.877921 -0.046434 0.476532
1788232722.805440187 -1.760258 0.141764 2.003066 -0.003957 0.877217 -0.046682 0.477803
1788232722.838778496 -1.745884 0.142881 1.996486 -0.003657 0.876755 -0.046648 0.478655
1788232722.872116566 -1.735898 0.142460 1.991083 -0.003603 0.876198 -0.046745 0.479665
1788232722.905454874 -1.724981 0.140293 1.987284 -0.003757 0.875779 -0.046689 0.480434
1788232722.938793182 -1.712884 0.139477 1.981071 -0.003552 0.875304 -0.046849 0.481286
1788232722.972131491 -1.702756 0.140730 1.976004 -0.003371 0.874711 -0.046781 0.482370
1788232723.005469561 -1.690485 0.138941 1.968322 -0.003679 0.873988 -0.046824 0.483673
1788232723.038807869 -1.675330 0.136122 1.961869 -0.003820 0.873752 -0.046920 0.484088
1788232723.072145939 -1.663559 0.136516 1.955868 -0.003854 0.873345 -0.046561 0.484857
1788232723.105484486 -1.652126 0.138535 1.949014 -0.003770 0.872871 -0.046597 0.485707
1788232723.138821840 -1.643247 0.138327 1.943313 -0.003607 0.872214 -0.046587 0.486888
1788232723.172159910 -1.628732 0.138416 1.936160 -0.003943 0.871634 -0.046087 0.487970
1788232723.205508232 -1.617243 0.139418 1.930706 -0.004358 0.871135 -0.046322 0.488835
1788232723.238856792 -1.606255 0.138391 1.923615 -0.004446 0.870483 -0.045792 0.490043
1788232723.272205114 -1.592594 0.138691 1.920118 -0.004855 0.870201 -0.045523 0.490565
1788232723.305553675 -1.581278 0.138697 1.914024 -0.005285 0.869545 -0.045830 0.491694
1788232723.338902473 -1.567466 0.138372 1.906029 -0.005253 0.868749 -0.045596 0.493122
1788232723.372251034 -1.556722 0.138581 1.903694 -0.004876 0.868325 -0.045606 0.493870
1788232723.405599594 -1.546199 0.138749 1.897585 -0.004534 0.867619 -0.046002 0.495076
1788232723.438948393 -1.536186 0.138699 1.892328 -0.004014 0.867149 -0.046240 0.495881
1788232723.472296953 -1.523741 0.135400 1.885773 -0.003806 0.866638 -0.045875 0.496809
1788232723.505645990 -1.512525 0.136332 1.880947 -0.003677 0.866061 -0.046015 0.497803
1788232723.538994789 -1.501158 0.136973 1.875786 -0.003746 0.865411 -0.046215 0.498913
1788232723.572342396 -1.488086 0.137004 1.869137 -0.003861 0.864867 -0.045775 0.499895
1788232723.605691195 -1.475235 0.137625 1.863249 -0.004361 0.864328 -0.045525 0.500845
1788232723.639040470 -1.462284 0.138921 1.858842 -0.004436 0.863869 -0.045889 0.501603
1788232723.672389269 -1.452117 0.136615 1.853775 -0.004422 0.863310 -0.045423 0.502606
1788232723.705738306 -1.442907 0.137183 1.846098 -0.004201 0.862582 -0.045316 0.503865
1788232723.739087105 -1.432635 0.136987 1.842298 -0.003841 0.862082 -0.045837 0.504676
1788232723.772436380 -1.422789 0.134952 1.837054 -0.003495 0.861567 -0.045553 0.505584
1788232723.805785418 -1.409666 0.133886 1.831620 -0.003850 0.860949 -0.045557 0.506632
1788232723.839134693 -1.398252 0.133965 1.826342 -0.003935 0.860294 -0.045909 0.507712
1788232723.872483969 -1.389123 0.130286 1.820775 -0.004002 0.859543 -0.045269 0.509039
1788232723.905833006 -1.376972 0.132432 1.817527 -0.004135 0.858744 -0.045168 0.510394
1788232723.939182520 -1.363242 0.131765 1.813690 -0.004240 0.857949 -0.045111 0.511732
1788232723.972531557 -1.352105 0.131714 1.809191 -0.004207 0.856786 -0.045175 0.513673
1788232724.005879879 -1.340094 0.132935 1.804706 -0.004235 0.855294 -0.045043 0.516164
1788232724.039229393 -1.327682 0.132950 1.800455 -0.004007 0.853963 -0.045290 0.518344
1788232724.072578907 -1.315696 0.132399 1.797516 -0.003289 0.852875 -0.045270 0.520139
1788232724.105928421 -1.305495 0.132213 1.792251 -0.002925 0.851397 -0.044896 0.522589
1788232724.139277935 -1.293624 0.131162 1.789230 -0.003105 0.849888 -0.044971 0.525031
1788232724.172627211 -1.280332 0.131891 1.787044 -0.003147 0.848292 -0.044841 0.527617
1788232724.205963850 -1.265567 0.133655 1.783901 -0.003121 0.846753 -0.044545 0.530108
1788232724.239300728 -1.253328 0.132977 1.779770 -0.003364 0.845089 -0.044120 0.532792
1788232724.272637129 -1.240172 0.131950 1.777250 -0.003745 0.843610 -0.044135 0.535126
1788232724.305973768 -1.227273 0.131758 1.776188 -0.003713 0.842095 -0.044045 0.537515
1788232724.339310169 -1.213932 0.131797 1.773163 -0.003290 0.840514 -0.043622 0.540021
1788232724.372646570 -1.202461 0.125993 1.768221 -0.003401 0.838831 -0.043128 0.542670
1788232724.405982971 -1.188644 0.127170 1.766226 -0.003418 0.837389 -0.043225 0.544886
1788232724.439319372 -1.175578 0.128830 1.764957 -0.003651 0.835688 -0.043461 0.547470
1788232724.472655058 -1.161633 0.129545 1.762249 -0.004087 0.833872 -0.043318 0.550240
1788232724.505990982 -1.150875 0.129906 1.760966 -0.003904 0.832240 -0.043596 0.552685
1788232724.539327621 -1.138664 0.128672 1.756768 -0.003167 0.830490 -0.043236 0.555344
1788232724.572663546 -1.128402 0.127547 1.754350 -0.002250 0.828991 -0.043454 0.557567
1788232724.605999947 -1.116872 0.127692 1.752323 -0.001625 0.827438 -0.043839 0.559841
1788232724.639336109 -1.105586 0.126642 1.750068 -0.001512 0.825822 -0.043916 0.562217
1788232724.672672033 -1.095161 0.125968 1.748204 -0.001273 0.824148 -0.044172 0.564648
1788232724.706008434 -1.082223 0.124829 1.747114 -0.001543 0.823226 -0.044439 0.565970
1788232724.739344597 -1.070092 0.125235 1.743811 -0.001826 0.822479 -0.045275 0.566988
1788232724.772680521 -1.057096 0.125376 1.741035 -0.002033 0.821816 -0.045349 0.567942
1788232724.806016684 -1.043939 0.127171 1.733574 -0.001244 0.820965 -0.045669 0.569149
1788232724.839352608 -1.034481 0.126770 1.729776 -0.000931 0.820391 -0.045764 0.569968
1788232724.872688532 -1.022236 0.128232 1.725085 -0.000426 0.819701 -0.046062 0.570937
1788232724.906023502 -1.010321 0.127036 1.721897 -0.000473 0.819071 -0.045968 0.571847
1788232724.939359665 -0.998058 0.127009 1.718035 -0.001028 0.818286 -0.045602 0.572999
1788232724.972695351 -0.985119 0.128163 1.716254 -0.001377 0.817657 -0.045806 0.573878
1788232725.006031275 -0.971562 0.126860 1.713321 -0.001664 0.817066 -0.045682 0.574729
1788232725.039366961 -0.960095 0.127145 1.709528 -0.001595 0.816668 -0.045347 0.575322
1788232725.072702885 -0.947986 0.127196 1.705711 -0.001608 0.816014 -0.045266 0.576255
1788232725.106038332 -0.935466 0.126974 1.702536 -0.001199 0.815295 -0.045130 0.577283
1788232725.139374256 -0.923354 0.126164 1.698329 -0.000883 0.814653 -0.045213 0.578183
1788232725.172709703 -0.910688 0.126506 1.695019 -0.000607 0.813926 -0.045417 0.579190
1788232725.206046343 -0.900604 0.125407 1.692589 -0.000537 0.813198 -0.045039 0.580241
1788232725.239382267 -0.888323 0.123895 1.688700 -0.000529 0.812735 -0.045070 0.580887
1788232725.272718668 -0.876729 0.125438 1.684733 -0.000183 0.811923 -0.045239 0.582009
1788232725.306054831 -0.864030 0.125602 1.682238 -0.000140 0.811339 -0.045043 0.582838
1788232725.339390039 -0.852659 0.125792 1.677278 0.000315 0.810595 -0.045135 0.583865
1788232725.372726202 -0.839489 0.126083 1.674639 0.000385 0.810119 -0.044929 0.584541
1788232725.406062126 -0.826515 0.125674 1.671774 0.000199 0.809631 -0.044490 0.585251
1788232725.439398289 -0.816449 0.126601 1.668701 0.000091 0.808948 -0.044544 0.586191
1788232725.472734213 -0.803761 0.126522 1.664183 -0.000081 0.808226 -0.044241 0.587208
1788232725.506070137 -0.789475 0.126150 1.660777 -0.000122 0.807695 -0.043989 0.587957
1788232725.539406300 -0.776864 0.126516 1.656688 -0.000148 0.807192 -0.043709 0.588669
1788232725.572741985 -0.763182 0.126413 1.653823 -0.000613 0.806591 -0.043547 0.589503
1788232725.606077909 -0.749486 0.126369 1.652345 -0.001204 0.805795 -0.043406 0.590601
1788232725.639413595 -0.736077 0.124630 1.652459 -0.001636 0.805213 -0.042947 0.591426
1788232725.672749519 -0.725012 0.124409 1.649620 -0.001361 0.804677 -0.043105 0.592144
1788232725.706084967 -0.713711 0.125670 1.644717 -0.000625 0.803930 -0.042818 0.593180
1788232725.739420891 -0.700975 0.124829 1.640513 -0.000243 0.803353 -0.042608 0.593977
1788232725.772756338 -0.689852 0.125620 1.638988 -0.000158 0.802782 -0.042878 0.594729
1788232725.806090832 -0.677463 0.125712 1.635910 -0.000538 0.801950 -0.042648 0.595866
1788232725.839426756 -0.663336 0.125723 1.633950 -0.000970 0.801501 -0.042324 0.596494
1788232725.872761965 -0.649788 0.126026 1.631390 -0.001598 0.800962 -0.041940 0.597242
1788232725.906097412 -0.635326 0.125294 1.629257 -0.002014 0.800456 -0.041281 0.597965
1788232725.939433098 -0.622769 0.125548 1.626425 -0.002198 0.799735 -0.041351 0.598923
1788232725.972768307 -0.610534 0.125548 1.624640 -0.002276 0.798927 -0.040985 0.600025
1788232726.006103992 -0.596693 0.125430 1.621756 -0.002382 0.797694 -0.040769 0.601678
1788232726.039438963 -0.583970 0.126623 1.617613 -0.001779 0.796528 -0.040484 0.603242
1788232726.072774410 -0.568463 0.126989 1.613173 -0.001437 0.795317 -0.040444 0.604841
1788232726.106109858 -0.555623 0.126893 1.612204 -0.001623 0.794080 -0.040694 0.606447
1788232726.139444828 -0.542327 0.127413 1.612569 -0.001653 0.792986 -0.040281 0.607904
1788232726.172780037 -0.529765 0.127345 1.610914 -0.001918 0.791533 -0.040071 0.609809
1788232726.206119061 -0.516354 0.127609 1.609773 -0.002226 0.790021 -0.039855 0.611780
1788232726.239457130 -0.503970 0.126902 1.608328 -0.002511 0.788356 -0.039472 0.613947
1788232726.272795916 -0.489307 0.128308 1.607510 -0.002539 0.786439 -0.039315 0.616410
1788232726.306134939 -0.476507 0.128663 1.607752 -0.002506 0.784782 -0.039266 0.618522
1788232726.339473963 -0.464075 0.127993 1.606060 -0.002218 0.783008 -0.038972 0.620786
1788232726.372812986 -0.451328 0.129036 1.605067 -0.001824 0.781057 -0.038609 0.623263
1788232726.406151772 -0.438578 0.129563 1.606972 -0.001772 0.779022 -0.039083 0.625775
1788232726.439490557 -0.425899 0.130210 1.607940 -0.001704 0.776548 -0.038973 0.628849
1788232726.472829819 -0.412282 0.129622 1.608483 -0.002038 0.774113 -0.038445 0.631876
1788232726.506168604 -0.396497 0.129410 1.608725 -0.002179 0.771794 -0.037497 0.634762
1788232726.539507389 -0.383640 0.129330 1.610047 -0.002431 0.769540 -0.037646 0.637483
1788232726.572846174 -0.371116 0.131129 1.611061 -0.002145 0.766925 -0.038036 0.640604
1788232726.606184959 -0.357916 0.130852 1.612987 -0.002166 0.764329 -0.037781 0.643715
1788232726.639523983 -0.345972 0.131727 1.613889 -0.001783 0.761793 -0.037785 0.646715
1788232726.672861814 -0.333799 0.131287 1.615854 -0.001545 0.759431 -0.037924 0.649480
1788232726.706200838 -0.320330 0.131768 1.618578 -0.001939 0.756452 -0.038357 0.652920
1788232726.739539862 -0.307891 0.133311 1.620866 -0.001793 0.753377 -0.037983 0.656489
1788232726.772878647 -0.294672 0.132915 1.623543 -0.001672 0.750696 -0.037222 0.659596
1788232726.806217670 -0.281739 0.133287 1.625063 -0.001312 0.747870 -0.036843 0.662821
1788232726.839556456 -0.269992 0.134523 1.626407 -0.000780 0.745090 -0.037374 0.665915
1788232726.872895241 -0.257259 0.135097 1.628903 -0.000529 0.742409 -0.037192 0.668913
1788232726.906234264 -0.243219 0.134726 1.632417 -0.000339 0.739819 -0.037028 0.671786
1788232726.939573050 -0.231421 0.135542 1.635208 -0.000043 0.737106 -0.037279 0.674749
1788232726.972911835 -0.219387 0.135928 1.640029 0.000023 0.734260 -0.037618 0.677825
1788232727.006250620 -0.206449 0.136099 1.643485 -0.000043 0.730895 -0.037717 0.681447
1788232727.039589405 -0.193735 0.136061 1.645598 0.000054 0.727477 -0.037536 0.685104
1788232727.072928429 -0.181463 0.135952 1.648516 0.000634 0.724422 -0.037169 0.688354
1788232727.106267214 -0.169307 0.136928 1.651489 0.001134 0.721403 -0.037264 0.691511
1788232727.139605045 -0.156486 0.137506 1.656654 0.000825 0.718383 -0.037406 0.694641
1788232727.172943830 -0.143806 0.137015 1.660207 0.000490 0.715150 -0.037088 0.697987
1788232727.206291199 -0.131484 0.138081 1.665160 0.000327 0.711945 -0.037205 0.701249
1788232727.239639044 -0.114373 0.137716 1.667550 -0.000030 0.708561 -0.036927 0.704682
1788232727.272986412 -0.101625 0.138495 1.672815 -0.000151 0.705223 -0.036996 0.708019
1788232727.306334257 -0.089208 0.138977 1.675892 0.000094 0.701608 -0.037132 0.711595
1788232727.339681864 -0.077717 0.138882 1.678767 0.000780 0.698178 -0.036772 0.714979
1788232727.373029709 -0.066244 0.138184 1.681318 0.001424 0.694965 -0.036351 0.718123
1788232727.406377554 -0.055385 0.139009 1.685250 0.002174 0.691729 -0.036324 0.721240
1788232727.439725399 -0.043303 0.139671 1.690213 0.002305 0.688537 -0.036454 0.724281
1788232727.473073244 -0.030973 0.139869 1.694008 0.002298 0.684992 -0.036272 0.727643
1788232727.506421328 -0.017987 0.140249 1.698801 0.002161 0.681670 -0.035606 0.730789
1788232727.539769411 -0.004587 0.140891 1.703349 0.001957 0.678072 -0.035161 0.734151
1788232727.573116541 0.006664 0.140988 1.709641 0.002150 0.674294 -0.035156 0.737623
1788232727.606464624 0.018846 0.140265 1.714144 0.002037 0.670845 -0.034954 0.740771
1788232727.639812946 0.030453 0.140496 1.719171 0.001997 0.667482 -0.034720 0.743813
1788232727.673161030 0.042283 0.140973 1.724153 0.002072 0.663999 -0.034949 0.746913
1788232727.706509352 0.053669 0.140061 1.728684 0.002333 0.660443 -0.035052 0.750054
1788232727.739857674 0.064772 0.140754 1.733203 0.003328 0.656720 -0.035029 0.753313
1788232727.773206234 0.075093 0.140994 1.738089 0.003885 0.653384 -0.034847 0.756214
1788232727.806554556 0.085420 0.140701 1.742775 0.004299 0.650091 -0.034856 0.759044
1788232727.839902878 0.096483 0.140491 1.749171 0.004127 0.646588 -0.035094 0.762021
1788232727.873251677 0.107498 0.141060 1.754403 0.004007 0.642611 -0.035078 0.765379
1788232727.906600237 0.119146 0.141082 1.763383 0.003636 0.639365 -0.034991 0.768098
1788232727.939948797 0.129825 0.142072 1.771535 0.003560 0.636068 -0.035463 0.770810
1788232727.973297596 0.140871 0.142419 1.778096 0.003556 0.632559 -0.035481 0.773691
1788232728.006645203 0.155844 0.142832 1.783853 0.004317 0.629168 -0.034704 0.776482
1788232728.039994001 0.164141 0.142891 1.790501 0.004881 0.625812 -0.035067 0.779170
1788232728.073342800 0.173077 0.142771 1.796324 0.005518 0.622190 -0.035858 0.782025
1788232728.106691599 0.183858 0.144155 1.804409 0.005708 0.618499 -0.035767 0.784951
1788232728.140040636 0.194775 0.144797 1.812296 0.005449 0.614785 -0.035332 0.787884
1788232728.173389673 0.206890 0.146675 1.819940 0.005258 0.610979 -0.035582 0.790829
1788232728.206737518 0.216669 0.146996 1.828303 0.004781 0.607373 -0.036076 0.793583
1788232728.240085125 0.228797 0.147773 1.837096 0.004843 0.603494 -0.036008 0.796539
1788232728.273432970 0.239419 0.148030 1.842937 0.005179 0.599787 -0.035027 0.799376
1788232728.306780815 0.249220 0.149365 1.848511 0.005648 0.596133 -0.034761 0.802113
1788232728.340128660 0.259074 0.148185 1.855249 0.005935 0.592430 -0.035296 0.804827
1788232728.373476505 0.269931 0.148443 1.860502 0.005910 0.587736 -0.035306 0.808260
1788232728.406824350 0.282356 0.149987 1.869281 0.005808 0.583797 -0.034319 0.811153
1788232728.440172434 0.294180 0.150138 1.879012 0.005247 0.580262 -0.033846 0.813710
1788232728.473519564 0.303529 0.150249 1.887425 0.004809 0.576618 -0.034368 0.816276
1788232728.506867409 0.312913 0.150861 1.897202 0.004425 0.572692 -0.034710 0.819024
1788232728.540215492 0.323560 0.151938 1.904561 0.004396 0.568798 -0.034067 0.821760
1788232728.573563576 0.333760 0.152395 1.912964 0.004733 0.565289 -0.033520 0.824198
1788232728.606911898 0.342874 0.152736 1.921087 0.005053 0.561464 -0.033952 0.826789
1788232728.640259981 0.354085 0.153195 1.930894 0.005206 0.557696 -0.033757 0.829342
1788232728.673608065 0.363604 0.154345 1.939135 0.005396 0.553870 -0.033018 0.831931
1788232728.706956148 0.372378 0.154610 1.945860 0.005494 0.550039 -0.032508 0.834488
1788232728.740304470 0.384012 0.155893 1.955206 0.005520 0.545897 -0.032433 0.837206
1788232728.773652554 0.393129 0.152077 1.962366 0.004001 0.541458 -0.031848 0.840115
1788232728.807001114 0.404647 0.153257 1.972444 0.003579 0.537360 -0.031559 0.842755
1788232728.840349436 0.414005 0.153056 1.981529 0.003090 0.533522 -0.030895 0.845216
1788232728.873697996 0.422952 0.154064 1.990632 0.003066 0.529773 -0.030695 0.847578
1788232728.907045126 0.431748 0.154457 2.000504 0.003088 0.526034 -0.031012 0.849892
1788232728.940393686 0.441563 0.154658 2.009939 0.003045 0.521738 -0.030844 0.852542
1788232728.973742008 0.449663 0.154851 2.018900 0.003280 0.516967 -0.030360 0.855461
1788232729.007090807 0.458178 0.155131 2.028934 0.003099 0.511696 -0.030198 0.858630
1788232729.040439129 0.468498 0.156305 2.042828 0.002545 0.506032 -0.030391 0.861976
1788232729.073787689 0.477531 0.158301 2.055095 0.002157 0.499693 -0.030013 0.865680
1788232729.107136250 0.484000 0.159504 2.067904 0.001479 0.493211 -0.029867 0.869395
1788232729.140485048 0.489129 0.159358 2.079656 0.000895 0.487007 -0.029934 0.872884
1788232729.173833609 0.497916 0.157987 2.092479 0.000154 0.480286 -0.029487 0.876616
1788232729.207174540 0.503560 0.157827 2.103187 0.000538 0.473743 -0.029154 0.880180
1788232729.240515471 0.511520 0.158771 2.112633 0.001353 0.467237 -0.028201 0.883681
1788232729.273856640 0.515647 0.158568 2.123589 0.001644 0.461334 -0.028105 0.886780
1788232729.307197332 0.520708 0.159087 2.135884 0.001887 0.455061 -0.028013 0.890018
1788232729.340537548 0.527845 0.159635 2.148570 0.001550 0.448249 -0.027461 0.893485
1788232729.373878479 0.533695 0.160869 2.161005 0.001150 0.442006 -0.026753 0.896612
1788232729.407219172 0.539728 0.161531 2.175233 0.000701 0.435460 -0.026521 0.899817
1788232729.440560341 0.546113 0.162522 2.189170 0.000423 0.428676 -0.026323 0.903074
1788232729.473900795 0.551672 0.163605 2.202825 0.000363 0.421733 -0.025478 0.906362
1788232729.507241726 0.558420 0.164398 2.214986 0.000223 0.414172 -0.025113 0.909852
1788232729.540582418 0.559004 0.163846 2.225199 0.000802 0.406696 -0.025005 0.913221
1788232729.573923588 0.563102 0.164800 2.237601 0.001616 0.399180 -0.024316 0.916549
1788232729.607264519 0.568804 0.164625 2.248238 0.002354 0.391418 -0.023305 0.919915
1788232729.640605211 0.573999 0.166343 2.260848 0.002704 0.383778 -0.023077 0.923133
1788232729.673946142 0.575670 0.166755 2.273941 0.002641 0.375891 -0.022782 0.926380
1788232729.707286596 0.578403 0.167799 2.286301 0.002147 0.367852 -0.022351 0.929613
1788232729.740627527 0.580997 0.168814 2.300654 0.002013 0.359950 -0.022218 0.932705
1788232729.773968458 0.582551 0.170055 2.312190 0.002105 0.351841 -0.022001 0.935799
1788232729.807308197 0.583314 0.170132 2.324327 0.001944 0.344081 -0.021287 0.938697
1788232729.840648890 0.585628 0.171397 2.336014 0.002373 0.336255 -0.020883 0.941537
1788232729.873989582 0.587519 0.171843 2.348448 0.002673 0.327915 -0.020687 0.944477
1788232729.907330513 0.589207 0.172289 2.361951 0.002406 0.319236 -0.020020 0.947461
1788232729.940671206 0.591067 0.172904 2.376731 0.001902 0.310730 -0.019147 0.950303
1788232729.974011660 0.590595 0.173878 2.389417 0.002095 0.302310 -0.019145 0.953015
1788232730.007352352 0.590256 0.173461 2.400363 0.001965 0.293616 -0.018531 0.955742
1788232730.040693045 0.590966 0.175185 2.416388 0.001853 0.285569 -0.017439 0.958198
1788232730.074033737 0.591205 0.175110 2.426141 0.002208 0.277036 -0.016710 0.960712
1788232730.107374430 0.591530 0.176209 2.445493 0.002707 0.269076 -0.016417 0.962975
1788232730.140714884 0.591696 0.177812 2.460719 0.002493 0.260314 -0.015950 0.965389
1788232730.174055815 0.590801 0.176764 2.471902 0.002032 0.251868 -0.014923 0.967645
1788232730.207397461 0.588903 0.177958 2.484679 0.002215 0.243467 -0.015048 0.969790
1788232730.240743876 0.584214 0.177743 2.496889 0.002155 0.235025 -0.015134 0.971869
1788232730.274098396 0.583091 0.178333 2.509817 0.002144 0.226650 -0.014513 0.973866
1788232730.307453156 0.580730 0.178048 2.522830 0.002266 0.218334 -0.014040 0.975770
1788232730.340807438 0.576781 0.178585 2.537028 0.002445 0.209886 -0.014169 0.977620
1788232730.374162197 0.575165 0.178461 2.548687 0.002284 0.200961 -0.013477 0.979504
1788232730.407516956 0.572505 0.180188 2.563318 0.002589 0.192547 -0.012784 0.981201
1788232730.440871716 0.568364 0.180796 2.574097 0.002778 0.183822 -0.012194 0.982880
1788232730.474226475 0.565165 0.180302 2.584436 0.002569 0.175134 -0.011671 0.984472
1788232730.507581234 0.564605 0.181617 2.602307 0.002546 0.166217 -0.010782 0.986027
1788232730.540936232 0.566272 0.184198 2.618396 0.002763 0.157303 -0.010167 0.987494
1788232730.574291468 0.557436 0.183120 2.628067 0.002775 0.148879 -0.010048 0.988800
1788232730.607646465 0.558053 0.183430 2.639998 0.002831 0.139463 -0.009611 0.990177
1788232730.641001940 0.550736 0.181590 2.649008 0.002573 0.131120 -0.008832 0.991324
1788232730.674355984 0.546896 0.182509 2.660677 0.002873 0.122750 -0.008605 0.992396
1788232730.707711697 0.545041 0.183185 2.672262 0.003065 0.113826 -0.008584 0.993459
1788232730.741066933 0.537849 0.182852 2.687630 0.002637 0.105554 -0.008181 0.994376
1788232730.774422169 0.530542 0.184977 2.697809 0.002283 0.097425 -0.007929 0.995209
1788232730.807777882 0.527382 0.183208 2.715109 0.001827 0.088743 -0.007705 0.996023
1788232730.841133356 0.520961 0.185179 2.728825 0.001996 0.080290 -0.007699 0.996740
1788232730.874489307 0.517566 0.184778 2.744767 0.002122 0.071638 -0.006728 0.997406
1788232730.907844782 0.515119 0.184399 2.758077 0.002480 0.063952 -0.005890 0.997933
1788232730.941200495 0.509490 0.184250 2.769305 0.002889 0.056961 -0.005272 0.998358
1788232730.974556446 0.506825 0.184779 2.781654 0.003051 0.050132 -0.005108 0.998725
1788232731.007912636 0.503979 0.185286 2.795821 0.002791 0.044128 -0.004480 0.999012
1788232731.041268349 0.500564 0.185245 2.807033 0.002622 0.039388 -0.004274 0.999211
1788232731.074624300 0.498081 0.185977 2.822014 0.002402 0.034030 -0.004158 0.999409
1788232731.107980728 0.495958 0.186236 2.837100 0.002471 0.028735 -0.003879 0.999577
1788232731.141335964 0.493616 0.187875 2.848832 0.002713 0.025019 -0.003435 0.999677
1788232731.174691916 0.492718 0.188281 2.861692 0.002942 0.021175 -0.003509 0.999765
1788232731.208048582 0.488492 0.186648 2.874410 0.002977 0.017530 -0.003821 0.999835
1788232731.241399765 0.488149 0.187296 2.887409 0.003362 0.015033 -0.003501 0.999875
1788232731.274744272 0.489863 0.187084 2.899136 0.003804 0.013526 -0.002629 0.999898
1788232731.308088779 0.489663 0.188002 2.907952 0.004431 0.013235 -0.002122 0.999900
1788232731.341433287 0.489925 0.187039 2.917990 0.004719 0.013113 -0.001632 0.999902
1788232731.374778032 0.492324 0.189075 2.932862 0.004680 0.012581 -0.001889 0.999908
1788232731.408122540 0.489337 0.190465 2.944526 0.004475 0.012409 -0.002491 0.999910
1788232731.441467285 0.489280 0.188788 2.959880 0.003915 0.011954 -0.002973 0.999916
1788232731.474811792 0.488276 0.190761 2.973697 0.003359 0.011991 -0.003418 0.999917
1788232731.508156300 0.488333 0.191417 2.987521 0.003018 0.011680 -0.003597 0.999921
1788232731.541501045 0.489529 0.192261 3.001572 0.003059 0.011248 -0.003146 0.999927
1788232731.574844599 0.491315 0.192896 3.013932 0.002984 0.010874 -0.002892 0.999932
1788232731.608189344 0.492435 0.193395 3.026132 0.003475 0.010619 -0.002696 0.999934
1788232731.641534090 0.491530 0.194250 3.037493 0.003891 0.010777 -0.002452 0.999931
1788232731.674878836 0.490735 0.194440 3.048334 0.004092 0.010765 -0.002518 0.999931
1788232731.708223581 0.491810 0.195359 3.061298 0.004646 0.010295 -0.002524 0.999933
1788232731.741568089 0.493922 0.194625 3.075336 0.004182 0.009700 -0.002108 0.999942
1788232731.774912834 0.492815 0.195847 3.087046 0.004044 0.009590 -0.002180 0.999943
1788232731.808257580 0.493807 0.195848 3.100943 0.004357 0.009452 -0.001789 0.999944
1788232731.841602325 0.496533 0.196208 3.114913 0.004276 0.009521 -0.001402 0.999945
1788232731.874947548 0.496336 0.196382 3.125647 0.004401 0.009402 -0.001289 0.999945
1788232731.908292294 0.496177 0.196723 3.135353 0.004796 0.008919 -0.000997 0.999948
1788232731.941637039 0.498048 0.197074 3.148851 0.004931 0.008564 -0.000832 0.999951
1788232731.974981785 0.498334 0.199320 3.160758 0.005550 0.008413 -0.000722 0.999949
1788232732.008325815 0.499251 0.198155 3.171959 0.005911 0.008535 -0.000408 0.999946
1788232732.041670561 0.499667 0.197674 3.183539 0.005892 0.008738 -0.000697 0.999944
1788232732.075015545 0.498227 0.199448 3.197653 0.006085 0.008342 -0.001068 0.999946
1788232732.108360529 0.499941 0.201470 3.212372 0.005586 0.007524 -0.001028 0.999956
1788232732.141705036 0.497390 0.200635 3.225557 0.004813 0.007583 -0.001276 0.999959
1788232732.175050020 0.498328 0.201574 3.238568 0.004677 0.007529 -0.001159 0.999960
1788232732.208395004 0.502162 0.200503 3.251902 0.004554 0.007537 -0.001145 0.999961
1788232732.241738558 0.500401 0.200420 3.262633 0.004340 0.007771 -0.001127 0.999960
1788232732.275079966 0.501627 0.201390 3.275818 0.004276 0.007061 -0.000991 0.999965
1788232732.308420897 0.499660 0.202299 3.289581 0.004093 0.006993 -0.001168 0.999967
1788232732.341762304 0.501499 0.201937 3.302433 0.003891 0.006712 -0.001231 0.999969
1788232732.375103712 0.503206 0.202943 3.316314 0.004015 0.006541 -0.001177 0.999970
1788232732.408444881 0.501712 0.202986 3.329512 0.003924 0.006810 -0.001571 0.999968
1788232732.441786051 0.502626 0.206572 3.342296 0.003979 0.006368 -0.001666 0.999970
1788232732.475126028 0.501589 0.206246 3.356346 0.003340 0.006126 -0.001334 0.999975
1788232732.508467197 0.501255 0.205956 3.370187 0.002980 0.006123 -0.001333 0.999976
1788232732.541808605 0.503334 0.207264 3.382372 0.003053 0.005836 -0.000729 0.999978
1788232732.575149775 0.502854 0.205492 3.392733 0.003184 0.006087 -0.000313 0.999976
1788232732.608490944 0.506638 0.207761 3.406091 0.004057 0.005804 -0.000030 0.999975
1788232732.641832113 0.507066 0.208570 3.417361 0.004664 0.005463 0.000104 0.999974
1788232732.675173283 0.507984 0.209805 3.427952 0.004943 0.005237 -0.000029 0.999974
1788232732.708514452 0.504143 0.209546 3.441000 0.005102 0.005388 -0.000325 0.999972
1788232732.741855621 0.505490 0.209605 3.453267 0.005204 0.005165 -0.000326 0.999973
1788232732.775196552 0.505031 0.214021 3.466465 0.006189 0.005324 -0.000835 0.999966
1788232732.808537960 0.506282 0.214069 3.479293 0.006180 0.005195 -0.000932 0.999967
1788232732.841878891 0.505876 0.215068 3.490550 0.005796 0.004897 -0.000585 0.999971
1788232732.875220060 0.506803 0.214717 3.504723 0.005570 0.004210 -0.000437 0.999976
1788232732.908560276 0.505926 0.217495 3.517225 0.005655 0.004072 -0.000166 0.999976
1788232732.941901445 0.506875 0.216739 3.532174 0.005238 0.003833 -0.000146 0.999979
1788232732.975242615 0.505018 0.216165 3.544664 0.005328 0.003496 -0.000444 0.999980
1788232733.008583546 0.504833 0.217457 3.557425 0.005196 0.002841 -0.000492 0.999982
1788232733.041924715 0.504660 0.218063 3.570801 0.004520 0.002563 -0.000287 0.999986
1788232733.075265646 0.505718 0.217348 3.583243 0.004319 0.001378 0.000016 0.999990
1788232733.108606815 0.503833 0.216465 3.597776 0.003613 -0.000977 0.000120 0.999993
1788232733.141947746 0.499156 0.216054 3.609489 0.003066 -0.004034 0.000109 0.999987
1788232733.175288916 0.496984 0.219717 3.622205 0.003426 -0.007627 0.000517 0.999965
1788232733.208629847 0.493745 0.219554 3.635664 0.003601 -0.011315 0.000892 0.999929
1788232733.241972923 0.491340 0.219021 3.647434 0.003639 -0.015865 0.001457 0.999866
1788232733.275317669 0.487144 0.219627 3.659502 0.003742 -0.020886 0.001558 0.999774
1788232733.308662653 0.480351 0.218098 3.672255 0.003665 -0.025847 0.001797 0.999658
1788232733.342006445 0.476173 0.217825 3.683344 0.003960 -0.031190 0.001798 0.999504
1788232733.375351429 0.469944 0.218397 3.694600 0.004387 -0.036527 0.001909 0.999321
1788232733.408696413 0.462996 0.217763 3.705755 0.003869 -0.042168 0.002293 0.999100
1788232733.442041636 0.456115 0.217852 3.720759 0.003378 -0.048188 0.002797 0.998829
1788232733.475386381 0.448888 0.218082 3.731509 0.003249 -0.053874 0.003069 0.998538
1788232733.508731604 0.441431 0.218190 3.744910 0.002965 -0.059442 0.003530 0.998221
1788232733.542076826 0.433337 0.218755 3.758599 0.002466 -0.064967 0.003892 0.997877
1788232733.575421810 0.426727 0.219015 3.769947 0.002133 -0.070813 0.004099 0.997479
1788232733.608766794 0.420510 0.220098 3.783638 0.002685 -0.076881 0.004352 0.997027
1788232733.642111778 0.414271 0.220703 3.794632 0.003150 -0.082757 0.005377 0.996550
1788232733.675457239 0.408975 0.220574 3.806180 0.003434 -0.088740 0.006398 0.996028
1788232733.708802462 0.402249 0.221377 3.819535 0.003814 -0.094817 0.006914 0.995463
1788232733.742147446 0.394926 0.221870 3.825829 0.004044 -0.100512 0.007047 0.994903
1788232733.775492430 0.386702 0.221641 3.838520 0.003545 -0.106630 0.007270 0.994266
1788232733.808836699 0.376482 0.223999 3.852514 0.003395 -0.112618 0.007605 0.993604
1788232733.842181921 0.368168 0.224963 3.864302 0.003337 -0.118926 0.007800 0.992867
1788232733.875527382 0.360380 0.226208 3.875685 0.003282 -0.124892 0.008530 0.992128
1788232733.908872604 0.351824 0.224655 3.886136 0.002883 -0.130478 0.008969 0.991406
1788232733.942217827 0.345319 0.222047 3.896497 0.002370 -0.136303 0.009065 0.990623
1788232733.975563049 0.338820 0.223390 3.911332 0.002222 -0.141764 0.009384 0.989854
1788232734.008908749 0.329509 0.223483 3.922442 0.001915 -0.146175 0.009766 0.989209
1788232734.042253733 0.323412 0.221985 3.932915 0.001821 -0.150735 0.009930 0.988523
1788232734.075599194 0.317849 0.221884 3.944739 0.001893 -0.155860 0.010257 0.987724
1788232734.108944416 0.310460 0.222156 3.957219 0.001884 -0.161238 0.010924 0.986853
1788232734.142290115 0.302932 0.224351 3.966882 0.001995 -0.165919 0.011539 0.986070
1788232734.175635338 0.294313 0.223566 3.978098 0.002023 -0.170365 0.011871 0.985307
1788232734.208980799 0.286957 0.223336 3.989683 0.002240 -0.174966 0.011717 0.984502
1788232734.242321968 0.279508 0.224370 4.001707 0.001973 -0.179931 0.012128 0.983602
1788232734.275660038 0.272298 0.224965 4.012430 0.001689 -0.184645 0.012535 0.982724
1788232734.308998346 0.263967 0.225224 4.020390 0.001833 -0.189129 0.012670 0.981869
1788232734.342336416 0.253732 0.224121 4.030826 0.001908 -0.193692 0.012712 0.980978
1788232734.375674248 0.244686 0.225495 4.041080 0.001892 -0.198479 0.013296 0.980013
1788232734.409012079 0.237259 0.224924 4.051842 0.001891 -0.203148 0.013355 0.979055
1788232734.442349911 0.228541 0.226054 4.061050 0.001758 -0.207866 0.013632 0.978061
1788232734.475687742 0.219491 0.224473 4.072519 0.001574 -0.212756 0.013689 0.977008
1788232734.509025574 0.210811 0.227934 4.084388 0.001932 -0.217488 0.014441 0.975954
1788232734.542363644 0.201237 0.230246 4.093132 0.002267 -0.221710 0.015221 0.974991
1788232734.575701714 0.191321 0.230072 4.104856 0.002320 -0.226379 0.015976 0.973906
1788232734.609039545 0.184465 0.228904 4.114550 0.002060 -0.231047 0.016348 0.972803
1788232734.642377138 0.174326 0.228111 4.124643 0.001937 -0.235541 0.016689 0.971719
1788232734.675714016 0.165396 0.229584 4.133533 0.002194 -0.239983 0.017104 0.970624
1788232734.709051609 0.155786 0.231290 4.141223 0.002498 -0.244699 0.017442 0.969439
1788232734.742389441 0.144849 0.231284 4.152485 0.002488 -0.249608 0.017644 0.968183
1788232734.775727034 0.134920 0.230327 4.159024 0.002510 -0.253921 0.018053 0.967053
1788232734.809064865 0.126421 0.229615 4.168211 0.002784 -0.258128 0.018349 0.965932
1788232734.842402458 0.117780 0.231268 4.178730 0.002896 -0.262628 0.018764 0.964710
1788232734.875740051 0.108788 0.230955 4.184945 0.002619 -0.266500 0.018755 0.963649
1788232734.909077644 0.098227 0.231260 4.195729 0.002423 -0.270702 0.018508 0.962482
1788232734.942415237 0.087130 0.231406 4.203260 0.002475 -0.274302 0.018197 0.961468
1788232734.975752831 0.076153 0.230819 4.214512 0.002292 -0.278272 0.018206 0.960327
1788232735.009090185 0.066835 0.230207 4.222421 0.002146 -0.282056 0.018119 0.959224
1788232735.042427778 0.056796 0.231848 4.230867 0.002008 -0.285993 0.018240 0.958056
1788232735.075765371 0.046205 0.231392 4.240659 0.002418 -0.288988 0.018772 0.957146
1788232735.109102726 0.039016 0.230843 4.249559 0.002623 -0.291595 0.019382 0.956342
1788232735.142439127 0.032082 0.231368 4.257951 0.002760 -0.293812 0.019723 0.955656
1788232735.175776482 0.023256 0.231125 4.265365 0.002664 -0.295986 0.019921 0.954981
1788232735.209114075 0.012878 0.232371 4.276259 0.002918 -0.298430 0.019718 0.954223
1788232735.242450714 0.004385 0.232207 4.284454 0.003299 -0.300777 0.019602 0.953487
1788232735.275786638 -0.004586 0.232177 4.294117 0.002750 -0.303093 0.020220 0.952743
1788232735.309122086 -0.012163 0.232319 4.303742 0.002256 -0.305290 0.020419 0.952038
1788232735.342458248 -0.021726 0.233160 4.313226 0.002286 -0.307657 0.020390 0.951276
1788232735.375793695 -0.030140 0.232799 4.323794 0.002230 -0.310069 0.020437 0.950492
1788232735.409129381 -0.039461 0.232131 4.332154 0.001689 -0.312179 0.020723 0.949796
1788232735.442464828 -0.049718 0.235187 4.342208 0.001759 -0.314344 0.020585 0.949084
1788232735.475800753 -0.060120 0.236380 4.351118 0.001881 -0.316811 0.020362 0.948268
1788232735.509135962 -0.070188 0.235382 4.359118 0.001735 -0.319145 0.020641 0.947480
1788232735.542471647 -0.078743 0.234881 4.368870 0.001967 -0.321484 0.021290 0.946674
1788232735.575806379 -0.083800 0.235184 4.378799 0.002478 -0.324065 0.021666 0.945784
1788232735.609141588 -0.092693 0.236024 4.385623 0.002555 -0.325967 0.022147 0.945118
1788232735.642477274 -0.100659 0.239402 4.394768 0.003029 -0.328408 0.022563 0.944262
1788232735.675812483 -0.109662 0.239258 4.402399 0.002705 -0.331250 0.022516 0.943270
1788232735.709147692 -0.121795 0.240262 4.409272 0.002741 -0.333847 0.022313 0.942359
1788232735.742483139 -0.133253 0.239516 4.418286 0.001985 -0.336842 0.022372 0.941293
1788232735.775818348 -0.144668 0.241048 4.428094 0.001667 -0.339706 0.022202 0.940268
1788232735.809153557 -0.154450 0.241373 4.433318 0.001757 -0.342338 0.021969 0.939318
1788232735.842489004 -0.164453 0.241117 4.441249 0.001619 -0.345380 0.022163 0.938200
1788232735.875823975 -0.174288 0.241794 4.451364 0.001253 -0.348358 0.022928 0.937080
1788232735.909159184 -0.184506 0.241830 4.458454 0.001097 -0.351438 0.022985 0.935928
1788232735.942494631 -0.195840 0.241964 4.464588 0.001603 -0.354585 0.022557 0.934750
1788232735.975829363 -0.207662 0.242581 4.472742 0.001387 -0.357877 0.022304 0.933501
1788232736.009163618 -0.218850 0.243047 4.480273 0.000527 -0.361092 0.022521 0.932258
1788232736.042498589 -0.229922 0.243695 4.487999 0.000255 -0.364335 0.022808 0.930989
1788232736.075833797 -0.240266 0.242397 4.493905 0.000223 -0.367382 0.022886 0.929788
1788232736.109168530 -0.250738 0.241718 4.502791 0.000008 -0.370582 0.022932 0.928517
1788232736.142503500 -0.262935 0.243941 4.510210 -0.000293 -0.373840 0.023332 0.927200
1788232736.175838470 -0.273149 0.245856 4.517003 -0.000053 -0.377025 0.023514 0.925905
1788232736.209173441 -0.287073 0.246308 4.523595 0.000159 -0.380007 0.023471 0.924686
1788232736.242510796 -0.297689 0.245911 4.530169 -0.000060 -0.383542 0.023150 0.923233
1788232736.275850773 -0.308252 0.246851 4.535882 -0.000535 -0.387236 0.023036 0.921693
1788232736.309191227 -0.320557 0.246993 4.542094 -0.000738 -0.390542 0.023379 0.920288
1788232736.342531681 -0.332334 0.247509 4.548930 -0.000203 -0.393990 0.023668 0.918810
1788232736.375871897 -0.342974 0.247823 4.554121 0.000141 -0.397642 0.024030 0.917226
1788232736.409212351 -0.356214 0.247387 4.560061 -0.000142 -0.401581 0.024041 0.915508
1788232736.442552328 -0.368084 0.246748 4.564213 -0.000462 -0.405507 0.023740 0.913783
1788232736.475891829 -0.381249 0.247713 4.569499 -0.000299 -0.409436 0.023238 0.912043
1788232736.509232044 -0.395997 0.247199 4.573991 -0.000222 -0.413733 0.022443 0.910122
1788232736.542572498 -0.409137 0.247278 4.578503 -0.000780 -0.418256 0.022339 0.908054
1788232736.575912714 -0.422552 0.248953 4.584324 -0.001318 -0.422439 0.022684 0.906106
1788232736.609252930 -0.433822 0.250154 4.588678 -0.001376 -0.426378 0.023268 0.904245
1788232736.642593384 -0.445134 0.250228 4.593605 -0.001085 -0.430397 0.023788 0.902325
1788232736.675933838 -0.457616 0.250542 4.599342 -0.001280 -0.434671 0.024448 0.900257
1788232736.709274054 -0.468934 0.251203 4.604996 -0.001887 -0.439035 0.024786 0.898126
1788232736.742614746 -0.483028 0.251183 4.609337 -0.001895 -0.442897 0.024542 0.896234
1788232736.775954962 -0.495790 0.251286 4.611755 -0.001635 -0.447002 0.023865 0.894213
1788232736.809295177 -0.511033 0.251864 4.615304 -0.001476 -0.451118 0.023633 0.892150
1788232736.842635632 -0.522116 0.252563 4.618966 -0.002041 -0.455393 0.023783 0.889970
1788232736.875976086 -0.535957 0.252496 4.625320 -0.002271 -0.459368 0.024189 0.887914
1788232736.909315109 -0.547496 0.252611 4.628460 -0.002025 -0.463306 0.024385 0.885861
1788232736.942655563 -0.557615 0.251724 4.631216 -0.002176 -0.467457 0.024564 0.883672
1788232736.975996017 -0.570540 0.252672 4.635319 -0.002806 -0.471661 0.024562 0.881433
1788232737.009336233 -0.585169 0.255100 4.640068 -0.002749 -0.475658 0.024356 0.879289
1788232737.042676687 -0.600532 0.254886 4.642804 -0.002670 -0.479426 0.023817 0.877255
1788232737.076017380 -0.614663 0.255552 4.644763 -0.002454 -0.483659 0.023096 0.874948
1788232737.109357357 -0.627614 0.255864 4.646932 -0.002617 -0.488335 0.023122 0.872346
1788232737.142697811 -0.639489 0.255610 4.650060 -0.002871 -0.492500 0.023976 0.869977
1788232737.176038265 -0.651359 0.255311 4.653583 -0.002549 -0.496595 0.024799 0.867624
1788232737.209378481 -0.662833 0.254810 4.656272 -0.002145 -0.500709 0.025324 0.865243
1788232737.242716789 -0.675420 0.255234 4.658753 -0.001919 -0.504870 0.025785 0.862808
1788232737.276051044 -0.687193 0.255334 4.660980 -0.002171 -0.509336 0.026372 0.860161
1788232737.309385777 -0.701388 0.256355 4.664325 -0.002413 -0.513619 0.026349 0.857610
1788232737.342719316 -0.714761 0.257322 4.664572 -0.002389 -0.517733 0.026010 0.855144
1788232737.376053810 -0.728622 0.258124 4.665903 -0.002019 -0.522033 0.025796 0.852533
1788232737.409388304 -0.742050 0.257525 4.667642 -0.001888 -0.526243 0.025820 0.849940
1788232737.442722321 -0.755445 0.257924 4.670985 -0.001941 -0.530339 0.026333 0.847374
1788232737.476056576 -0.767650 0.258801 4.672560 -0.001630 -0.534405 0.026905 0.844798
1788232737.509391069 -0.780218 0.258696 4.673566 -0.000915 -0.538563 0.027321 0.842142
1788232737.542725086 -0.792095 0.258723 4.676048 -0.000520 -0.542976 0.028454 0.839266
1788232737.576059341 -0.803574 0.258219 4.678919 -0.000675 -0.547149 0.029493 0.836515
1788232737.609393358 -0.816311 0.259082 4.679898 -0.000257 -0.550972 0.029823 0.833990
1788232737.642727375 -0.829791 0.258812 4.680243 0.000196 -0.555127 0.029783 0.831232
1788232737.676060677 -0.842538 0.258893 4.680595 0.000384 -0.559521 0.029670 0.828285
1788232737.709394455 -0.857323 0.259304 4.682043 0.000499 -0.563613 0.029688 0.825505
1788232737.742728233 -0.868359 0.258044 4.680170 0.000857 -0.567352 0.029588 0.822943
1788232737.776062012 -0.882310 0.258592 4.682002 0.001019 -0.571615 0.029605 0.819987
1788232737.809394836 -0.893539 0.257950 4.681122 0.000806 -0.575610 0.030152 0.817168
1788232737.842728376 -0.902397 0.257789 4.680354 0.001197 -0.579472 0.030923 0.814404
1788232737.876061916 -0.914285 0.257011 4.679997 0.002150 -0.583243 0.031428 0.811687
1788232737.909394979 -0.925917 0.256530 4.677920 0.001917 -0.587333 0.031690 0.808723
1788232737.942728519 -0.938579 0.257306 4.677974 0.001613 -0.591431 0.031752 0.805728
1788232737.976061821 -0.952504 0.257363 4.677459 0.001625 -0.595357 0.031576 0.802839
1788232738.009395123 -0.964696 0.256293 4.673775 0.002195 -0.599046 0.031374 0.800097
1788232738.042727947 -0.977771 0.256195 4.673842 0.002637 -0.603060 0.031343 0.797075
1788232738.076061249 -0.989144 0.256879 4.676095 0.002516 -0.607133 0.031994 0.793952
1788232738.109394312 -1.001101 0.256492 4.676549 0.002274 -0.610828 0.032870 0.791078
1788232738.142727375 -1.012149 0.255492 4.674566 0.002983 -0.614381 0.033313 0.788300
1788232738.176060200 -1.025326 0.256523 4.674218 0.003340 -0.618321 0.033659 0.785197
1788232738.209393263 -1.036914 0.255974 4.672715 0.002795 -0.622153 0.034061 0.782149
1788232738.242725849 -1.050673 0.256968 4.673671 0.002808 -0.625841 0.034084 0.779200
1788232738.276060104 -1.061897 0.255973 4.674632 0.003260 -0.629939 0.033892 0.775898
1788232738.309394360 -1.073581 0.255127 4.675864 0.003577 -0.634055 0.033641 0.772548
1788232738.342728615 -1.086265 0.255460 4.673071 0.003672 -0.637572 0.034196 0.769623
1788232738.376062870 -1.097352 0.253067 4.674671 0.003581 -0.641211 0.034459 0.766582
1788232738.409396887 -1.109760 0.252973 4.672367 0.003806 -0.645022 0.034818 0.763361
1788232738.442730904 -1.121980 0.252490 4.671514 0.003751 -0.648862 0.035024 0.760091
1788232738.476064920 -1.134322 0.251899 4.667812 0.003762 -0.652238 0.035580 0.757169
1788232738.509398937 -1.146314 0.250736 4.666686 0.003523 -0.655810 0.035953 0.754061
1788232738.542732716 -1.159108 0.251187 4.666272 0.003627 -0.659514 0.036025 0.750820
1788232738.576066494 -1.170842 0.251893 4.663713 0.003691 -0.662817 0.036117 0.747901
1788232738.609400034 -1.184683 0.252095 4.660611 0.003871 -0.665353 0.036177 0.745641
1788232738.642733574 -1.197175 0.251804 4.660078 0.003640 -0.667740 0.036242 0.743503
1788232738.676066160 -1.210834 0.253739 4.659588 0.003782 -0.670093 0.036357 0.741377
1788232738.709399700 -1.223977 0.251311 4.656763 0.003800 -0.672419 0.036289 0.739271
1788232738.742733240 -1.235638 0.251219 4.657598 0.004078 -0.674316 0.036382 0.737535
1788232738.776066780 -1.247210 0.251466 4.658076 0.003906 -0.676180 0.036605 0.735816
1788232738.809399843 -1.260861 0.252333 4.652130 0.003645 -0.677799 0.036626 0.734325
1788232738.842733145 -1.274524 0.251738 4.649057 0.004167 -0.679509 0.035923 0.732776
1788232738.876066446 -1.287166 0.251454 4.648511 0.004138 -0.681293 0.035373 0.731144
1788232738.909399509 -1.301759 0.251356 4.647671 0.003697 -0.682945 0.035212 0.729611
1788232738.942732573 -1.314716 0.251340 4.647668 0.003210 -0.684793 0.035023 0.727889
1788232738.976065636 -1.328949 0.250383 4.643382 0.003312 -0.686317 0.034727 0.726465
1788232739.009398460 -1.341451 0.251058 4.643545 0.003215 -0.688218 0.034691 0.724667
1788232739.042731285 -1.354003 0.250851 4.643644 0.003126 -0.690092 0.035009 0.722868
1788232739.076064110 -1.367417 0.250227 4.641840 0.003390 -0.691845 0.035414 0.721169
1788232739.109396935 -1.379116 0.247774 4.640032 0.003110 -0.693540 0.035600 0.719531
1788232739.142728329 -1.390082 0.248264 4.637444 0.003209 -0.694940 0.036001 0.718159
1788232739.176060677 -1.402371 0.248075 4.637138 0.003601 -0.696713 0.036245 0.716425
1788232739.209393501 -1.415390 0.246719 4.633717 0.003830 -0.698330 0.036513 0.714834
1788232739.242731094 -1.426311 0.247233 4.630778 0.003678 -0.699964 0.036745 0.713223
1788232739.276075602 -1.440755 0.246720 4.630264 0.003525 -0.701715 0.036438 0.711517
1788232739.309420109 -1.453311 0.246191 4.626577 0.003922 -0.703404 0.036113 0.709861
1788232739.342764378 -1.465414 0.247174 4.625130 0.003990 -0.705212 0.036230 0.708059
1788232739.376109123 -1.478885 0.247983 4.624505 0.004034 -0.706842 0.036737 0.706406
1788232739.409453630 -1.489874 0.245321 4.620084 0.003958 -0.708247 0.036736 0.704998
1788232739.442798376 -1.501750 0.242390 4.617334 0.004169 -0.709857 0.036371 0.703394
1788232739.476143122 -1.515276 0.243794 4.616048 0.004587 -0.711832 0.036270 0.701397
1788232739.509487867 -1.528564 0.244786 4.613651 0.005177 -0.713796 0.036389 0.699388
1788232739.542832851 -1.538866 0.243673 4.610203 0.005629 -0.715633 0.037052 0.697470
1788232739.576176643 -1.550871 0.244015 4.607937 0.005581 -0.717062 0.037878 0.695957
1788232739.609521627 -1.561842 0.243743 4.608152 0.005421 -0.718601 0.038600 0.694329
1788232739.642866611 -1.572326 0.243912 4.604702 0.005652 -0.720186 0.039051 0.692658
1788232739.676211596 -1.585593 0.243484 4.601075 0.005907 -0.721924 0.039394 0.690825
1788232739.709556580 -1.598893 0.243324 4.597252 0.005550 -0.723687 0.039471 0.688977
1788232739.742901325 -1.612084 0.242804 4.593513 0.005140 -0.725467 0.038973 0.687133
1788232739.776246548 -1.624547 0.242041 4.587669 0.005743 -0.726839 0.038290 0.685716
1788232739.809591770 -1.638041 0.241044 4.584247 0.005737 -0.728288 0.038010 0.684193
1788232739.842936993 -1.650263 0.242571 4.581902 0.005154 -0.730103 0.038234 0.682247
1788232739.876281977 -1.661230 0.240599 4.577621 0.005065 -0.731758 0.038580 0.680453
1788232739.909627199 -1.674852 0.241622 4.575870 0.005180 -0.733303 0.039235 0.678749
1788232739.942972898 -1.685473 0.240590 4.572672 0.005036 -0.734814 0.039462 0.677101
1788232739.976318121 -1.697300 0.238855 4.568506 0.005192 -0.736514 0.039333 0.675258
1788232740.009662628 -1.710827 0.239378 4.563222 0.005570 -0.738065 0.039216 0.673566
1788232740.043007851 -1.723917 0.238201 4.559759 0.005358 -0.739603 0.039238 0.671877
1788232740.076353312 -1.736113 0.238479 4.557399 0.004978 -0.741187 0.039508 0.670116
1788232740.109699011 -1.747034 0.238866 4.551816 0.005746 -0.742502 0.040091 0.668618
1788232740.143044472 -1.756601 0.239050 4.550025 0.005847 -0.744095 0.041010 0.666788
1788232740.176389933 -1.767707 0.237540 4.545727 0.005294 -0.745594 0.041716 0.665073
1788232740.209735870 -1.779355 0.237612 4.542356 0.005285 -0.747219 0.041847 0.663238
1788232740.243079185 -1.791095 0.235810 4.537640 0.006143 -0.748628 0.041487 0.661662
1788232740.276419878 -1.803937 0.234377 4.531203 0.006213 -0.750051 0.041147 0.660070
1788232740.309760809 -1.818443 0.235004 4.528090 0.005492 -0.751841 0.040839 0.658056
1788232740.343101501 -1.829292 0.236796 4.522264 0.005341 -0.753302 0.041048 0.656371
1788232740.376442194 -1.841887 0.235221 4.519319 0.005512 -0.754762 0.041010 0.654692
1788232740.409782887 -1.852946 0.235252 4.513208 0.005513 -0.756142 0.041105 0.653092
1788232740.443123341 -1.866950 0.234752 4.509032 0.005297 -0.757841 0.040893 0.651135
1788232740.476463318 -1.878350 0.234285 4.504879 0.005483 -0.759323 0.040837 0.649408
1788232740.509803772 -1.890479 0.233711 4.500310 0.005506 -0.760659 0.040683 0.647852
1788232740.543144226 -1.902680 0.232168 4.492467 0.005545 -0.761958 0.040381 0.646342
1788232740.576484680 -1.914271 0.232179 4.488197 0.005835 -0.763752 0.040126 0.644235
1788232740.609825373 -1.926650 0.231173 4.483393 0.005625 -0.765246 0.040134 0.642461
1788232740.643165827 -1.939861 0.231017 4.481182 0.005116 -0.766115 0.040603 0.641399
1788232740.676506281 -1.952240 0.231322 4.477598 0.005256 -0.766390 0.040510 0.641075
1788232740.709846973 -1.963252 0.229368 4.474675 0.005333 -0.766616 0.040386 0.640812
1788232740.743186951 -1.978665 0.229833 4.473880 0.005306 -0.766804 0.040298 0.640593
1788232740.776527405 -1.990628 0.229975 4.467913 0.004998 -0.766561 0.039866 0.640913
1788232740.809868097 -2.004864 0.230096 4.465548 0.004923 -0.766668 0.039802 0.640790
1788232740.843208313 -2.019216 0.230644 4.465606 0.004729 -0.766872 0.040028 0.640533
1788232740.876548767 -2.031000 0.228963 4.462347 0.004901 -0.766840 0.039721 0.640589
1788232740.909887791 -2.043566 0.228847 4.459477 0.005214 -0.766863 0.039925 0.640547
1788232740.943228006 -2.055415 0.229860 4.456699 0.005455 -0.766833 0.040179 0.640565
1788232740.976568460 -2.068376 0.230572 4.454209 0.005861 -0.766794 0.040254 0.640603
1788232741.009908676 -2.079506 0.231592 4.452837 0.005919 -0.766786 0.040654 0.640587
1788232741.043248892 -2.093019 0.229595 4.450254 0.005993 -0.766737 0.040202 0.640674
1788232741.076588869 -2.105986 0.229586 4.445007 0.006074 -0.766817 0.039569 0.640616
1788232741.109929085 -2.119928 0.230389 4.441343 0.005918 -0.767083 0.038888 0.640341
1788232741.143269300 -2.133896 0.231035 4.439689 0.005697 -0.767338 0.038366 0.640069
1788232741.176609039 -2.147379 0.230990 4.436880 0.005470 -0.767196 0.038366 0.640241
1788232741.209949255 -2.160361 0.229454 4.434733 0.005242 -0.766913 0.038289 0.640586
1788232741.243286848 -2.173856 0.230175 4.431924 0.005332 -0.766870 0.038039 0.640652
1788232741.276620865 -2.187099 0.229514 4.427484 0.005094 -0.767109 0.037393 0.640406
1788232741.309954643 -2.200459 0.231110 4.424239 0.005228 -0.767341 0.037128 0.640143
1788232741.343287706 -2.213019 0.231466 4.423760 0.005222 -0.767361 0.037273 0.640110
1788232741.376621485 -2.225942 0.230817 4.421902 0.005237 -0.767199 0.037865 0.640269
1788232741.409955263 -2.238238 0.230176 4.419170 0.005351 -0.767024 0.038264 0.640454
1788232741.443288803 -2.250469 0.230322 4.416614 0.005195 -0.767254 0.038235 0.640181
1788232741.476622105 -2.263224 0.231151 4.415059 0.005114 -0.767668 0.038203 0.639688
1788232741.509955645 -2.276361 0.230837 4.412672 0.005053 -0.767873 0.038255 0.639439
1788232741.543289185 -2.287697 0.231117 4.410607 0.005134 -0.767759 0.038804 0.639543
1788232741.576622486 -2.300576 0.230356 4.410527 0.004937 -0.767537 0.039309 0.639779
1788232741.609956026 -2.314790 0.231250 4.408393 0.004658 -0.767507 0.039132 0.639828
1788232741.643288851 -2.327399 0.232296 4.407798 0.004401 -0.768150 0.038645 0.639087
1788232741.676622152 -2.341361 0.233355 4.401557 0.004107 -0.768237 0.038254 0.639008
1788232741.709955215 -2.355145 0.233244 4.398350 0.003950 -0.767824 0.038146 0.639512
1788232741.743288279 -2.369421 0.234277 4.396989 0.003739 -0.767714 0.038509 0.639623
1788232741.776621103 -2.382746 0.234222 4.394693 0.003680 -0.767701 0.038308 0.639651
1788232741.809952974 -2.395372 0.234809 4.391299 0.003867 -0.767961 0.037920 0.639362
1788232741.843285799 -2.408434 0.234647 4.386873 0.003774 -0.768103 0.037802 0.639198
1788232741.876618624 -2.420637 0.234051 4.385979 0.004194 -0.768137 0.038050 0.639141
1788232741.909950972 -2.431288 0.232890 4.384286 0.004476 -0.768088 0.038542 0.639168
1788232741.943283558 -2.443212 0.232132 4.383379 0.004251 -0.768200 0.038964 0.639009
1788232741.976616144 -2.455403 0.233163 4.381413 0.004092 -0.768246 0.039088 0.638947
1788232742.009948492 -2.469698 0.232953 4.379592 0.004145 -0.768298 0.039284 0.638873
1788232742.043280840 -2.482992 0.233262 4.375988 0.004107 -0.768133 0.039313 0.639070
1788232742.076613188 -2.494744 0.233414 4.373346 0.003905 -0.768042 0.039108 0.639193
1788232742.109945536 -2.509198 0.233637 4.371826 0.004134 -0.768280 0.039242 0.638896
1788232742.143277645 -2.521196 0.232705 4.368709 0.004060 -0.768316 0.038868 0.638877
1788232742.176609755 -2.534859 0.232820 4.365779 0.004097 -0.768279 0.038555 0.638940
1788232742.209941864 -2.547754 0.232682 4.364779 0.004251 -0.768409 0.038787 0.638768
1788232742.243273258 -2.559952 0.232920 4.362475 0.004142 -0.768219 0.038852 0.638994
1788232742.276606321 -2.575085 0.232361 4.359612 0.004180 -0.768262 0.038698 0.638951
1788232742.309939384 -2.587369 0.232824 4.358521 0.004108 -0.768567 0.038711 0.638584
1788232742.343272209 -2.601453 0.232246 4.355147 0.004032 -0.768648 0.038126 0.638522
1788232742.376605272 -2.612244 0.233376 4.350391 0.004549 -0.768444 0.037955 0.638774
1788232742.409938097 -2.626356 0.232221 4.347409 0.004338 -0.768404 0.037834 0.638832
1788232742.443270683 -2.640393 0.233150 4.344086 0.004137 -0.768256 0.037723 0.639017
1788232742.476603508 -2.652788 0.232268 4.343643 0.004010 -0.768489 0.037770 0.638735
1788232742.509936333 -2.665053 0.230884 4.341206 0.003583 -0.768539 0.037529 0.638692
1788232742.543268681 -2.679192 0.234020 4.337868 0.003832 -0.768289 0.037518 0.638992
1788232742.576601028 -2.692111 0.233374 4.336481 0.004043 -0.768344 0.037724 0.638912
1788232742.609933376 -2.703773 0.233519 4.335080 0.003991 -0.768363 0.037609 0.638896
1788232742.643265724 -2.718407 0.234115 4.330830 0.003892 -0.768367 0.037299 0.638909
1788232742.676596880 -2.729780 0.234055 4.328448 0.003898 -0.768726 0.037420 0.638470
1788232742.709928989 -2.744303 0.232268 4.326076 0.003891 -0.769146 0.037405 0.637965
1788232742.743261099 -2.755224 0.233002 4.321753 0.004292 -0.769206 0.037740 0.637871
1788232742.776592970 -2.769485 0.232251 4.319172 0.004163 -0.769921 0.037698 0.637011
1788232742.809925079 -2.781256 0.232974 4.315619 0.004139 -0.770808 0.037738 0.635936
1788232742.843256712 -2.792339 0.233151 4.312432 0.004558 -0.772254 0.038513 0.634129
1788232742.876588345 -2.803693 0.232425 4.306881 0.004672 -0.773977 0.039156 0.631984
1788232742.909920454 -2.812872 0.232362 4.300585 0.005025 -0.775811 0.039291 0.629721
1788232742.943251848 -2.825006 0.231779 4.294452 0.005631 -0.777860 0.039077 0.627196
1788232742.976583242 -2.836032 0.231841 4.287660 0.005973 -0.780393 0.039306 0.624024
1788232743.009914637 -2.850136 0.231925 4.280440 0.005613 -0.783387 0.039594 0.620247
1788232743.043246269 -2.861650 0.232440 4.273162 0.005887 -0.786489 0.039969 0.616282
1788232743.076577425 -2.871490 0.232070 4.265917 0.005858 -0.789422 0.040097 0.612512
1788232743.109908581 -2.885552 0.232995 4.255615 0.005995 -0.792179 0.040535 0.608912
1788232743.143238544 -2.896199 0.230546 4.249310 0.005198 -0.795162 0.040789 0.605001
1788232743.176569700 -2.903320 0.233292 4.241723 0.005534 -0.797993 0.041526 0.601209
1788232743.209900618 -2.914019 0.233708 4.233817 0.005894 -0.800963 0.041636 0.597235
1788232743.243237972 -2.921811 0.232471 4.223443 0.005995 -0.803579 0.041514 0.593719
1788232743.276582956 -2.933323 0.232599 4.215595 0.006042 -0.806426 0.041822 0.589823
1788232743.309928656 -2.941932 0.230595 4.208092 0.006128 -0.809157 0.041973 0.586060
1788232743.343274117 -2.953192 0.230552 4.199084 0.006362 -0.812184 0.042363 0.581826
1788232743.376619339 -2.962758 0.229314 4.189771 0.006626 -0.815046 0.042696 0.577783
1788232743.409964800 -2.973263 0.228369 4.180392 0.006932 -0.817998 0.043035 0.573567
1788232743.443310499 -2.982320 0.226299 4.171659 0.006896 -0.820869 0.043133 0.569444
1788232743.476656199 -2.991538 0.225905 4.160888 0.006872 -0.824184 0.042957 0.564649
1788232743.510001421 -2.999247 0.224191 4.150896 0.007097 -0.827493 0.042497 0.559821
1788232743.543347359 -3.011774 0.225815 4.138287 0.007039 -0.830803 0.042595 0.554890
1788232743.576692104 -3.023310 0.224697 4.129306 0.007529 -0.834336 0.042270 0.549582
1788232743.610037327 -3.034441 0.223468 4.115930 0.007650 -0.837826 0.042376 0.544236
1788232743.643383265 -3.047668 0.223679 4.106176 0.007477 -0.841377 0.043114 0.538675
1788232743.676729202 -3.058329 0.223413 4.098862 0.007356 -0.844654 0.043941 0.533456
1788232743.710074663 -3.070226 0.222070 4.090425 0.007303 -0.847916 0.044635 0.528197
1788232743.743420601 -3.076097 0.221341 4.079733 0.007376 -0.851045 0.045062 0.523103
1788232743.776766539 -3.086671 0.220195 4.069441 0.007380 -0.854266 0.045220 0.517813
1788232743.810112476 -3.096429 0.219828 4.058995 0.007023 -0.857376 0.045216 0.512653
1788232743.843458176 -3.106462 0.221053 4.047511 0.007015 -0.860546 0.045314 0.507304
1788232743.876803875 -3.114710 0.221020 4.036352 0.007071 -0.863859 0.045409 0.501633
1788232743.910150290 -3.123557 0.220510 4.023978 0.007128 -0.867070 0.045512 0.496052
1788232743.943496227 -3.133943 0.219691 4.013291 0.006963 -0.870407 0.045554 0.490171
1788232743.976842165 -3.140899 0.219806 4.000717 0.007745 -0.873585 0.045955 0.484435
1788232744.010187387 -3.149117 0.219468 3.989028 0.008055 -0.876787 0.046846 0.478523
1788232744.043533325 -3.155165 0.219654 3.978957 0.007791 -0.879775 0.047867 0.472910
1788232744.076879501 -3.161986 0.218710 3.969198 0.007682 -0.882609 0.048735 0.467511
1788232744.110225677 -3.165251 0.218073 3.958699 0.007973 -0.885414 0.049196 0.462125
1788232744.143571854 -3.172184 0.217120 3.946472 0.008163 -0.888314 0.049402 0.456500
1788232744.176918030 -3.177954 0.217015 3.934789 0.008170 -0.891159 0.049411 0.450919
1788232744.210264206 -3.183001 0.217192 3.920719 0.008311 -0.894007 0.049458 0.445238
1788232744.243609667 -3.188424 0.216538 3.907944 0.009047 -0.896786 0.049479 0.439596
1788232744.276953936 -3.194588 0.217151 3.895929 0.008910 -0.899622 0.049628 0.433748
1788232744.310298443 -3.200791 0.215504 3.883760 0.009001 -0.902276 0.049666 0.428193
1788232744.343642712 -3.208805 0.214834 3.868734 0.009610 -0.905129 0.049643 0.422118
1788232744.376987219 -3.212509 0.212622 3.857090 0.009697 -0.907788 0.049408 0.416396
1788232744.410331726 -3.217479 0.212956 3.843513 0.009611 -0.910465 0.049293 0.410526
1788232744.443675995 -3.221416 0.213898 3.829744 0.010002 -0.912987 0.049527 0.404847
1788232744.477019787 -3.227096 0.214938 3.817496 0.010354 -0.915659 0.050013 0.398699
1788232744.510364294 -3.233068 0.215280 3.805857 0.010008 -0.918137 0.050600 0.392892
1788232744.543708801 -3.236700 0.213798 3.795054 0.009545 -0.920545 0.050785 0.387205
1788232744.577053547 -3.241913 0.212076 3.783639 0.009520 -0.923020 0.050990 0.381240
1788232744.610398293 -3.245595 0.211999 3.769072 0.009542 -0.925387 0.051074 0.375446
1788232744.643743038 -3.253966 0.213550 3.755126 0.009877 -0.927868 0.051198 0.369246
1788232744.677087784 -3.258454 0.213822 3.742634 0.010489 -0.930292 0.051226 0.363074
1788232744.710432291 -3.264485 0.212244 3.732862 0.010317 -0.933036 0.051180 0.355974
1788232744.743777037 -3.270512 0.211916 3.718375 0.010422 -0.935408 0.051524 0.349640
1788232744.777122259 -3.275338 0.211234 3.707948 0.010515 -0.937818 0.051636 0.343104
1788232744.810467243 -3.278298 0.211086 3.694448 0.010453 -0.940186 0.051801 0.336538
1788232744.843812227 -3.283032 0.210094 3.681311 0.010142 -0.942597 0.051710 0.329747
1788232744.877156973 -3.286246 0.210441 3.668664 0.009817 -0.944739 0.052159 0.323500
1788232744.910501003 -3.291226 0.209599 3.653867 0.009815 -0.946900 0.052575 0.317049
1788232744.943845987 -3.295333 0.209600 3.639593 0.009687 -0.949102 0.052674 0.310381
1788232744.977191210 -3.298339 0.208531 3.628639 0.009386 -0.951216 0.052666 0.303852
1788232745.010536194 -3.300881 0.207955 3.613641 0.009177 -0.953138 0.052921 0.297729
1788232745.043881655 -3.306159 0.207476 3.601389 0.009445 -0.955121 0.053294 0.291228
1788232745.077226639 -3.307645 0.207307 3.588887 0.009682 -0.957153 0.053403 0.284452
1788232745.110571861 -3.306566 0.205237 3.578727 0.009519 -0.958991 0.053600 0.278159
1788232745.143917322 -3.308345 0.205137 3.563589 0.009432 -0.960837 0.053749 0.271687
1788232745.177262545 -3.311665 0.204494 3.552201 0.009671 -0.962797 0.053533 0.264695
1788232745.210608006 -3.312590 0.201584 3.537969 0.009389 -0.964706 0.053050 0.257758
1788232745.243950605 -3.312594 0.199454 3.525233 0.009171 -0.966453 0.052520 0.251248
1788232745.277290583 -3.312763 0.198528 3.511710 0.009341 -0.968111 0.052429 0.244794
1788232745.310630322 -3.313312 0.197638 3.498621 0.009656 -0.969829 0.052279 0.237920
1788232745.343968868 -3.315906 0.198070 3.484571 0.009549 -0.971468 0.052637 0.231058
1788232745.377308607 -3.318320 0.195121 3.471504 0.009155 -0.973035 0.052856 0.224332
1788232745.410648108 -3.316543 0.195274 3.459365 0.009044 -0.974431 0.053321 0.218080
1788232745.443987846 -3.320902 0.193755 3.445785 0.009217 -0.975989 0.053318 0.210991
1788232745.477327585 -3.321168 0.192123 3.432241 0.009085 -0.977377 0.053460 0.204434
1788232745.510667086 -3.320673 0.193879 3.418778 0.009200 -0.978762 0.053199 0.197764
1788232745.544006586 -3.321240 0.191699 3.404495 0.009397 -0.980142 0.052679 0.190941
1788232745.577346087 -3.320237 0.193410 3.392625 0.009691 -0.981469 0.052746 0.183961
1788232745.610685587 -3.320418 0.191293 3.378662 0.009253 -0.982662 0.052393 0.177610
1788232745.644025087 -3.319672 0.189661 3.366816 0.008764 -0.983675 0.052202 0.171994
1788232745.677364826 -3.320957 0.189804 3.353633 0.009223 -0.984531 0.052332 0.166960
1788232745.710704327 -3.321501 0.189254 3.342238 0.009557 -0.985236 0.052735 0.162597
1788232745.744043827 -3.326899 0.187694 3.329041 0.008903 -0.985838 0.053003 0.158853
1788232745.777383327 -3.329208 0.187569 3.317257 0.008417 -0.986276 0.053381 0.156013
1788232745.810721874 -3.329830 0.187477 3.306169 0.008639 -0.986677 0.053883 0.153264
1788232745.844061136 -3.331735 0.187824 3.292772 0.008883 -0.987165 0.054049 0.150016
1788232745.877400398 -3.330040 0.186333 3.280888 0.008922 -0.987461 0.053790 0.148145
1788232745.910740137 -3.334770 0.184294 3.267562 0.008312 -0.987665 0.053347 0.146977
1788232745.944079399 -3.338940 0.185284 3.254592 0.008625 -0.987757 0.053367 0.146333
1788232745.977418900 -3.341424 0.184685 3.241982 0.008966 -0.987893 0.053442 0.145366
1788232746.010758162 -3.345759 0.183277 3.228003 0.008550 -0.988109 0.052980 0.144087
1788232746.044097662 -3.350573 0.183737 3.214643 0.008373 -0.988200 0.053038 0.143447
1788232746.077436924 -3.353754 0.182197 3.204680 0.008070 -0.988320 0.053203 0.142573
1788232746.110776186 -3.356154 0.180891 3.193263 0.007627 -0.988420 0.053088 0.141950
1788232746.144115686 -3.358261 0.180744 3.180217 0.008116 -0.988502 0.053006 0.141378
1788232746.177454948 -3.363030 0.180173 3.167312 0.008246 -0.988690 0.052837 0.140112
1788232746.210794449 -3.369604 0.179160 3.152759 0.008076 -0.988862 0.052364 0.139087
1788232746.244136095 -3.369718 0.178716 3.141004 0.008111 -0.988942 0.052094 0.138617
1788232746.277483702 -3.371575 0.176460 3.129644 0.007968 -0.989056 0.052012 0.137836
1788232746.310831308 -3.374029 0.176092 3.115205 0.007833 -0.989103 0.052228 0.137427
1788232746.344178915 -3.377519 0.173772 3.103779 0.007587 -0.989238 0.052099 0.136513
1788232746.377526522 -3.381845 0.175418 3.091125 0.007560 -0.989366 0.052295 0.135514
1788232746.410874844 -3.384569 0.174780 3.077998 0.007398 -0.989489 0.052217 0.134650
1788232746.444222689 -3.386912 0.176256 3.066311 0.007646 -0.989624 0.051849 0.133780
1788232746.477570772 -3.390843 0.176064 3.052557 0.007882 -0.989733 0.051768 0.132991
1788232746.510918856 -3.394113 0.172963 3.040130 0.007623 -0.989878 0.051200 0.132141
1788232746.544266939 -3.396930 0.173543 3.025886 0.007555 -0.990009 0.050670 0.131371
1788232746.577615499 -3.403912 0.170447 3.012824 0.007161 -0.990177 0.050492 0.130185
1788232746.610963821 -3.409558 0.169060 3.001389 0.006440 -0.990342 0.050145 0.129101
1788232746.644312382 -3.410544 0.167765 2.989641 0.006712 -0.990429 0.049726 0.128581
1788232746.677659988 -3.412365 0.165868 2.977223 0.006836 -0.990516 0.049901 0.127835
1788232746.711008549 -3.415769 0.165296 2.964433 0.006936 -0.990650 0.049625 0.126896
1788232746.744357586 -3.416206 0.165667 2.951146 0.007265 -0.990708 0.049593 0.126431
1788232746.777706385 -3.419261 0.164494 2.939518 0.007543 -0.990825 0.049555 0.125513
1788232746.811055183 -3.420843 0.165132 2.925626 0.007897 -0.990904 0.049522 0.124880
1788232746.844404221 -3.422036 0.165139 2.913595 0.008520 -0.991021 0.049528 0.123907
1788232746.877753496 -3.423779 0.164317 2.902459 0.008495 -0.991126 0.049860 0.122927
1788232746.911102772 -3.427722 0.161450 2.892753 0.008018 -0.991174 0.050225 0.122426
1788232746.944452286 -3.431417 0.162038 2.880206 0.007930 -0.991240 0.050856 0.121634
1788232746.977801561 -3.436879 0.160147 2.867775 0.007673 -0.991326 0.051503 0.120673
1788232747.011151314 -3.436812 0.162034 2.857285 0.007841 -0.991412 0.051774 0.119836
1788232747.044500828 -3.439485 0.161091 2.842155 0.007911 -0.991584 0.051293 0.118606
1788232747.077850819 -3.438164 0.157568 2.830933 0.007789 -0.991721 0.050956 0.117613
1788232747.111200333 -3.440013 0.155634 2.818771 0.007717 -0.991894 0.050673 0.116272
1788232747.144549370 -3.442925 0.157099 2.804732 0.007673 -0.992096 0.050448 0.114634
1788232747.177899361 -3.446717 0.156856 2.791362 0.007747 -0.992307 0.050583 0.112734
1788232747.211249352 -3.448947 0.156975 2.778638 0.007701 -0.992530 0.050655 0.110725
1788232747.244596481 -3.449177 0.159577 2.767103 0.007605 -0.992711 0.050877 0.108987
1788232747.277940035 -3.449889 0.159018 2.754630 0.008005 -0.992874 0.051213 0.107308
1788232747.311283350 -3.448608 0.156280 2.742779 0.007666 -0.993035 0.051072 0.105894
1788232747.344626904 -3.450135 0.153137 2.730193 0.007539 -0.993225 0.050748 0.104264
1788232747.377970219 -3.452859 0.154457 2.717565 0.007919 -0.993426 0.050730 0.102311
1788232747.411313772 -3.455878 0.153627 2.704129 0.007784 -0.993637 0.050637 0.100308
1788232747.444657326 -3.457469 0.151665 2.688939 0.007476 -0.993838 0.050298 0.098491
1788232747.478000641 -3.457668 0.153332 2.676558 0.007700 -0.994013 0.050265 0.096703
1788232747.511344194 -3.458374 0.150452 2.662759 0.007919 -0.994171 0.049996 0.095190
1788232747.544687986 -3.458049 0.148757 2.651287 0.007750 -0.994345 0.049643 0.093564
1788232747.578030586 -3.459384 0.150379 2.637609 0.007839 -0.994454 0.049951 0.092216
1788232747.611374140 -3.460821 0.150344 2.626013 0.007647 -0.994554 0.050589 0.090802
1788232747.644717932 -3.463078 0.147161 2.613087 0.007104 -0.994684 0.050551 0.089431
1788232747.678061724 -3.464672 0.148320 2.601989 0.007405 -0.994816 0.050895 0.087732
1788232747.711405516 -3.464764 0.147392 2.592019 0.007411 -0.994939 0.051294 0.086085
1788232747.744749069 -3.466938 0.145998 2.578074 0.007502 -0.995044 0.051271 0.084864
1788232747.778092861 -3.466061 0.145294 2.566138 0.007460 -0.995150 0.051193 0.083670
1788232747.811436892 -3.465949 0.143758 2.553201 0.007304 -0.995267 0.050994 0.082397
1788232747.844780684 -3.469283 0.143534 2.539424 0.007388 -0.995374 0.051069 0.081049
1788232747.878124714 -3.472449 0.143608 2.526148 0.007089 -0.995540 0.050721 0.079224
1788232747.911468506 -3.475102 0.144464 2.511239 0.007504 -0.995657 0.050744 0.077686
1788232747.944812298 -3.472298 0.139751 2.500664 0.007491 -0.995764 0.050343 0.076580
1788232747.978156328 -3.473780 0.137639 2.487209 0.007463 -0.995919 0.049628 0.075017
1788232748.011499405 -3.471639 0.138710 2.475426 0.008041 -0.996059 0.049647 0.073058
1788232748.044843435 -3.471626 0.140663 2.461083 0.008265 -0.996201 0.050227 0.070652
1788232748.078187704 -3.471743 0.138818 2.450158 0.007773 -0.996345 0.050687 0.068319
1788232748.111531734 -3.470254 0.140739 2.438880 0.007835 -0.996476 0.051270 0.065926
1788232748.144876003 -3.471409 0.140406 2.425755 0.008084 -0.996612 0.051569 0.063566
1788232748.178219795 -3.470670 0.139283 2.413719 0.008066 -0.996756 0.051576 0.061258
1788232748.211564064 -3.467701 0.138749 2.400679 0.008474 -0.996889 0.051461 0.059095
1788232748.244905949 -3.467278 0.138114 2.389711 0.008625 -0.997028 0.051618 0.056534
1788232748.278244257 -3.463908 0.137047 2.377173 0.008293 -0.997156 0.051470 0.054425
1788232748.311582565 -3.464928 0.135079 2.364122 0.008103 -0.997299 0.051273 0.051957
1788232748.344920874 -3.464122 0.135402 2.351483 0.008605 -0.997408 0.051559 0.049438
1788232748.378258944 -3.462772 0.132085 2.339839 0.008453 -0.997535 0.051538 0.046876
1788232748.411597490 -3.462677 0.133652 2.326704 0.008220 -0.997643 0.051527 0.044571
1788232748.444935799 -3.463118 0.133492 2.313539 0.008195 -0.997745 0.051443 0.042315
1788232748.478273153 -3.462402 0.132667 2.302413 0.008484 -0.997805 0.052084 0.040009
1788232748.511611462 -3.460445 0.132999 2.289292 0.008298 -0.997895 0.052235 0.037521
1788232748.544949532 -3.459516 0.133020 2.276320 0.008070 -0.998018 0.051641 0.035044
1788232748.578288078 -3.458669 0.132838 2.263712 0.008460 -0.998096 0.051589 0.032733
1788232748.611626148 -3.454037 0.130808 2.251256 0.008886 -0.998173 0.051390 0.030516
1788232748.644964218 -3.453808 0.131084 2.238171 0.009009 -0.998254 0.051312 0.027852
1788232748.678302526 -3.453528 0.130726 2.225039 0.008775 -0.998337 0.051115 0.025153
1788232748.711640596 -3.451748 0.129250 2.213233 0.008350 -0.998386 0.051312 0.022871
1788232748.744978905 -3.452033 0.129245 2.200835 0.007675 -0.998427 0.051635 0.020440
1788232748.778316975 -3.451478 0.129207 2.189088 0.007736 -0.998457 0.051960 0.018016
1788232748.811655045 -3.448022 0.127752 2.176841 0.008111 -0.998479 0.052243 0.015631
1788232748.844993591 -3.446380 0.126084 2.164572 0.008235 -0.998535 0.051857 0.013090
1788232748.878331661 -3.442759 0.126060 2.152209 0.007619 -0.998591 0.051344 0.011042
1788232748.911668539 -3.444294 0.126253 2.137980 0.007547 -0.998624 0.051194 0.008492
1788232748.945006609 -3.441179 0.125283 2.125030 0.007766 -0.998622 0.051518 0.006359
1788232748.978344917 -3.439467 0.124664 2.113038 0.007574 -0.998633 0.051579 0.003803
1788232749.011682987 -3.437016 0.124629 2.100668 0.007182 -0.998652 0.051388 0.001497
1788232749.045021057 -3.435161 0.124666 2.088600 -0.007511 0.998632 -0.051737 0.000757
1788232749.078359127 -3.434211 0.123217 2.076286 -0.007684 0.998627 -0.051714 0.003341
1788232749.111696959 -3.430018 0.123009 2.064471 -0.007656 0.998616 -0.051741 0.005607
1788232749.145035267 -3.427734 0.124136 2.049968 -0.007742 0.998609 -0.051516 0.008173
1788232749.178373575 -3.423769 0.121154 2.039242 -0.007684 0.998591 -0.051467 0.010368
1788232749.211711407 -3.420954 0.119501 2.026800 -0.007261 0.998567 -0.051516 0.012520
1788232749.245050669 -3.420942 0.120976 2.014847 -0.007051 0.998524 -0.051970 0.014098
1788232749.278391600 -3.419242 0.121324 2.001477 -0.007214 0.998490 -0.052302 0.015181
1788232749.311732769 -3.419089 0.120386 1.990534 -0.006685 0.998483 -0.052092 0.016563
1788232749.345072746 -3.418115 0.119941 1.976955 -0.006636 0.998488 -0.051876 0.016921
1788232749.378413916 -3.418386 0.119601 1.962915 -0.006470 0.998479 -0.052001 0.017132
1788232749.411755085 -3.415847 0.118812 1.951540 -0.006712 0.998480 -0.051811 0.017527
1788232749.445096254 -3.414568 0.118718 1.937215 -0.007294 0.998468 -0.051714 0.018302
1788232749.478437424 -3.412345 0.118780 1.924709 -0.007562 0.998459 -0.051579 0.019035
1788232749.511778593 -3.408630 0.119198 1.911774 -0.007565 0.998453 -0.051640 0.019184
1788232749.545119762 -3.409477 0.118251 1.899444 -0.007267 0.998453 -0.051597 0.019389
1788232749.578460932 -3.408737 0.116765 1.886795 -0.006952 0.998454 -0.051489 0.019768
1788232749.611802578 -3.410898 0.115122 1.874104 -0.006809 0.998445 -0.051313 0.020699
1788232749.645143747 -3.410288 0.114586 1.858840 -0.007096 0.998461 -0.050716 0.021297
1788232749.678484917 -3.408512 0.114550 1.843917 -0.007488 0.998488 -0.049957 0.021699
1788232749.711826324 -3.405928 0.114152 1.832455 -0.007445 0.998482 -0.049909 0.022056
1788232749.745167494 -3.405353 0.114157 1.819097 -0.007201 0.998491 -0.049682 0.022275
1788232749.778508902 -3.408077 0.114433 1.804069 -0.007326 0.998494 -0.049320 0.022868
1788232749.811849356 -3.406305 0.110836 1.794272 -0.007239 0.998489 -0.049127 0.023554
1788232749.845190525 -3.402426 0.110377 1.782424 -0.007347 0.998474 -0.049175 0.024029
1788232749.878532171 -3.402099 0.109531 1.769579 -0.007433 0.998443 -0.049507 0.024602
1788232749.911873341 -3.403042 0.108760 1.758530 -0.006894 0.998400 -0.050291 0.024924
1788232749.945214748 -3.404396 0.109324 1.747599 -0.006654 0.998349 -0.051194 0.025189
1788232749.978556633 -3.400807 0.108056 1.735158 -0.006507 0.998316 -0.051692 0.025493
1788232750.011898041 -3.402178 0.106143 1.724243 -0.006503 0.998288 -0.051817 0.026352
1788232750.045239449 -3.398397 0.105402 1.712794 -0.006871 0.998276 -0.051791 0.026752
1788232750.078580856 -3.397734 0.104171 1.698917 -0.006816 0.998264 -0.051671 0.027443
1788232750.111922503 -3.396576 0.104156 1.685846 -0.006655 0.998276 -0.051381 0.027564
1788232750.145264149 -3.396769 0.105017 1.673354 -0.006638 0.998275 -0.051267 0.027848
1788232750.178606033 -3.396754 0.104378 1.659508 -0.006325 0.998274 -0.050788 0.028798
1788232750.211947441 -3.394954 0.103223 1.645353 -0.006185 0.998281 -0.050354 0.029351
1788232750.245288849 -3.396708 0.103711 1.632112 -0.006095 0.998271 -0.050250 0.029873
1788232750.278632879 -3.396018 0.102557 1.618924 -0.006017 0.998270 -0.050010 0.030339
1788232750.311977148 -3.393579 0.102252 1.606556 -0.006193 0.998263 -0.050046 0.030473
1788232750.345321178 -3.393274 0.101233 1.594134 -0.006365 0.998234 -0.050249 0.031044
1788232750.378664970 -3.390137 0.101161 1.581449 -0.006370 0.998204 -0.050506 0.031569
1788232750.412009001 -3.387909 0.097969 1.570075 -0.006382 0.998175 -0.050772 0.032074
1788232750.445353270 -3.386154 0.098457 1.557555 -0.006273 0.998129 -0.051344 0.032594
1788232750.478697300 -3.386701 0.097145 1.545244 -0.005893 0.998107 -0.051457 0.033167
1788232750.512041569 -3.387135 0.095767 1.532701 -0.005690 0.998085 -0.051747 0.033408
1788232750.545385599 -3.384480 0.094971 1.521251 -0.005722 0.998062 -0.051941 0.033788
1788232750.578729868 -3.388459 0.094807 1.507260 -0.005673 0.998033 -0.051783 0.034886
1788232750.612074137 -3.385415 0.092989 1.495759 -0.005688 0.998040 -0.051430 0.035200
1788232750.645418167 -3.381777 0.094002 1.480716 -0.006053 0.998028 -0.051380 0.035543
1788232750.678761244 -3.380356 0.092746 1.469333 -0.006130 0.998018 -0.051306 0.035914
1788232750.712105513 -3.378615 0.093394 1.457450 -0.006246 0.997996 -0.051501 0.036232
1788232750.745449781 -3.377643 0.092080 1.442604 -0.006229 0.997974 -0.051453 0.036891
1788232750.778794050 -3.377516 0.091184 1.429510 -0.006104 0.997947 -0.051556 0.037506
1788232750.812138319 -3.375012 0.090623 1.418548 -0.006026 0.997950 -0.051438 0.037607
1788232750.845482588 -3.372554 0.091530 1.405555 -0.006290 0.997931 -0.051361 0.038147
1788232750.878827095 -3.370856 0.088528 1.392207 -0.006655 0.997902 -0.051465 0.038702
1788232750.912171364 -3.369069 0.090105 1.379209 -0.006973 0.997880 -0.051520 0.039140
1788232750.945515394 -3.368175 0.089674 1.363518 -0.006887 0.997879 -0.051120 0.039720
1788232750.978859901 -3.366761 0.089402 1.352596 -0.006590 0.997857 -0.051266 0.040126
1788232751.012204170 -3.364479 0.090195 1.340349 -0.006422 0.997860 -0.051028 0.040369
1788232751.045548677 -3.363604 0.088748 1.326034 -0.006708 0.997848 -0.050777 0.040948
1788232751.078893185 -3.362890 0.087235 1.314201 -0.006869 0.997810 -0.050858 0.041721
1788232751.112237453 -3.359380 0.085959 1.301639 -0.007106 0.997803 -0.050753 0.041983
1788232751.145581007 -3.357461 0.086539 1.288785 -0.007190 0.997778 -0.050945 0.042344
1788232751.178925514 -3.357302 0.084706 1.276036 -0.006898 0.997749 -0.050950 0.043043
1788232751.212270021 -3.355010 0.083136 1.264649 -0.006793 0.997745 -0.050793 0.043353
1788232751.245612860 -3.352343 0.083678 1.254243 -0.006894 0.997701 -0.051213 0.043851
1788232751.278954029 -3.351277 0.083167 1.240352 -0.006740 0.997670 -0.051402 0.044344
1788232751.312295437 -3.352047 0.081111 1.227030 -0.006742 0.997666 -0.051088 0.044806
1788232751.345636606 -3.349785 0.077652 1.214399 -0.006402 0.997648 -0.051129 0.045195
1788232751.378978252 -3.350927 0.077928 1.202496 -0.006178 0.997628 -0.051019 0.045804
1788232751.412319183 -3.347940 0.078408 1.190121 -0.006348 0.997611 -0.051011 0.046152
1788232751.445660591 -3.346424 0.080704 1.176313 -0.006664 0.997557 -0.051351 0.046889
1788232751.479001760 -3.345243 0.076600 1.165099 -0.006455 0.997579 -0.050604 0.047255
1788232751.512342930 -3.343655 0.075938 1.151620 -0.006447 0.997570 -0.050511 0.047549
1788232751.545684099 -3.343228 0.073875 1.139015 -0.006284 0.997531 -0.050555 0.048337
1788232751.579024315 -3.341719 0.073120 1.126061 -0.006495 0.997513 -0.050422 0.048812
1788232751.612365484 -3.339499 0.072582 1.113820 -0.006919 0.997477 -0.050464 0.049444
1788232751.645706654 -3.336604 0.069771 1.101690 -0.006756 0.997463 -0.050259 0.049952
1788232751.679047823 -3.338144 0.068946 1.089088 -0.006598 0.997452 -0.050084 0.050379
1788232751.712388754 -3.339242 0.068169 1.075108 -0.006453 0.997420 -0.050048 0.051055
1788232751.745729923 -3.335680 0.066998 1.062275 -0.006024 0.997402 -0.049942 0.051568
1788232751.779070854 -3.332802 0.066080 1.049506 -0.005997 0.997396 -0.049843 0.051779
1788232751.812412024 -3.333420 0.066065 1.036713 -0.005987 0.997362 -0.049734 0.052526
1788232751.845752954 -3.330281 0.064473 1.023401 -0.005999 0.997351 -0.049476 0.052973
1788232751.879094124 -3.330839 0.065957 1.010911 -0.005936 0.997334 -0.049487 0.053306
1788232751.912435055 -3.327728 0.065571 0.996205 -0.005771 0.997312 -0.049532 0.053693
1788232751.945776224 -3.328591 0.064129 0.985030 -0.005521 0.997275 -0.049549 0.054385
1788232751.979117393 -3.323821 0.063012 0.975617 -0.005487 0.997248 -0.049733 0.054699
1788232752.012457132 -3.320121 0.062306 0.964357 -0.005615 0.997205 -0.050112 0.055128
1788232752.045798302 -3.320748 0.060589 0.952943 -0.005291 0.997162 -0.050562 0.055528
1788232752.079139233 -3.319160 0.061380 0.941337 -0.005242 0.997136 -0.050957 0.055645
1788232752.112480164 -3.316970 0.061122 0.929563 -0.005375 0.997105 -0.051060 0.056088
1788232752.145821095 -3.316187 0.060789 0.917112 -0.005502 0.997048 -0.051134 0.057018
1788232752.179162025 -3.312851 0.060873 0.901852 -0.005635 0.997052 -0.050418 0.057560
1788232752.212502956 -3.311781 0.060086 0.888471 -0.005759 0.997032 -0.050079 0.058199
1788232752.245842218 -3.310550 0.059528 0.873553 -0.005457 0.997016 -0.050142 0.058439
1788232752.279180050 -3.309183 0.057517 0.860960 -0.005148 0.997049 -0.049587 0.058380
1788232752.312517405 -3.309420 0.055754 0.847246 -0.005076 0.997013 -0.049295 0.059244
1788232752.345854759 -3.308003 0.055344 0.834758 -0.004842 0.996972 -0.049178 0.060036
1788232752.379192114 -3.304460 0.055214 0.822154 -0.004965 0.996969 -0.049106 0.060134
1788232752.412529707 -3.304686 0.055195 0.810073 -0.004642 0.996963 -0.049258 0.060141
1788232752.445867062 -3.304129 0.054411 0.796723 -0.004453 0.996938 -0.049631 0.060263
1788232752.479203463 -3.302332 0.053611 0.783268 -0.004412 0.996927 -0.049715 0.060382
1788232752.512540817 -3.299520 0.055073 0.768651 -0.004444 0.996921 -0.049712 0.060474
1788232752.545878172 -3.297025 0.053020 0.755496 -0.004514 0.996936 -0.049391 0.060488
1788232752.579215527 -3.295290 0.050392 0.744271 -0.004598 0.996943 -0.049072 0.060630
1788232752.612552643 -3.293455 0.049151 0.731192 -0.004328 0.996938 -0.049273 0.060570
1788232752.645889759 -3.293369 0.050750 0.719753 -0.004420 0.996929 -0.049761 0.060299
1788232752.679227352 -3.291628 0.049352 0.707356 -0.004130 0.996928 -0.049934 0.060201
1788232752.712564230 -3.291207 0.050378 0.695839 -0.003921 0.996874 -0.050350 0.060759
1788232752.745901346 -3.287573 0.048599 0.681536 -0.004122 0.996885 -0.049996 0.060865
1788232752.779238462 -3.287924 0.048061 0.670930 -0.004174 0.996891 -0.049636 0.061056
1788232752.812575579 -3.285111 0.047786 0.654412 -0.004129 0.996908 -0.049479 0.060898
1788232752.845912695 -3.282613 0.046973 0.642454 -0.004463 0.996912 -0.049449 0.060836
1788232752.879249573 -3.282954 0.048072 0.627518 -0.004263 0.996881 -0.049423 0.061374
1788232752.912585497 -3.280740 0.046708 0.614711 -0.004030 0.996879 -0.049047 0.061727
1788232752.945922613 -3.279975 0.044660 0.601093 -0.004042 0.996864 -0.049027 0.061982
1788232752.979259729 -3.279074 0.044779 0.588564 -0.003615 0.996851 -0.049576 0.061784
1788232753.012596607 -3.278577 0.044637 0.579690 -0.003504 0.996861 -0.049999 0.061281
1788232753.045933485 -3.275140 0.043587 0.564043 -0.003398 0.996857 -0.050246 0.061163
1788232753.079270363 -3.275110 0.043721 0.554093 -0.003406 0.996822 -0.050277 0.061693
1788232753.112607002 -3.273422 0.041634 0.541285 -0.003620 0.996799 -0.050041 0.062244
1788232753.145943880 -3.271384 0.040677 0.529297 -0.003837 0.996785 -0.050233 0.062295
1788232753.179280758 -3.269844 0.042750 0.515970 -0.003586 0.996802 -0.050484 0.061837
1788232753.212617636 -3.268963 0.041900 0.503014 -0.003738 0.996818 -0.050344 0.061687
1788232753.245955467 -3.268708 0.041263 0.488582 -0.004222 0.996782 -0.050210 0.062351
1788232753.279295206 -3.264583 0.039777 0.475679 -0.004091 0.996802 -0.049949 0.062240
1788232753.312634706 -3.263454 0.039499 0.462834 -0.003828 0.996807 -0.050047 0.062102
1788232753.345973253 -3.260056 0.040107 0.449936 -0.003803 0.996812 -0.050294 0.061825
1788232753.379312754 -3.258625 0.037619 0.438421 -0.004002 0.996818 -0.050253 0.061749
1788232753.412652493 -3.256427 0.037064 0.426744 -0.004147 0.996797 -0.050575 0.061806
1788232753.445991993 -3.255736 0.037367 0.412248 -0.003921 0.996775 -0.050675 0.062107
1788232753.479331732 -3.254305 0.037873 0.398374 -0.003904 0.996777 -0.050534 0.062191
1788232753.512671232 -3.255640 0.034126 0.387469 -0.004078 0.996799 -0.049893 0.062336
1788232753.546010733 -3.253919 0.036324 0.373452 -0.004254 0.996806 -0.049780 0.062297
1788232753.579350233 -3.251213 0.035783 0.358468 -0.004349 0.996828 -0.049522 0.062157
1788232753.612689495 -3.250556 0.036190 0.345519 -0.004061 0.996808 -0.049529 0.062482
1788232753.646029234 -3.248215 0.035561 0.331341 -0.003759 0.996788 -0.049690 0.062695
1788232753.679368496 -3.246232 0.034921 0.318825 -0.003512 0.996784 -0.049822 0.062672
1788232753.712707996 -3.243518 0.034368 0.304683 -0.003507 0.996798 -0.049852 0.062413
1788232753.746047258 -3.243356 0.033602 0.292923 -0.003511 0.996820 -0.049784 0.062125
1788232753.779386520 -3.242654 0.032280 0.282418 -0.003761 0.996809 -0.049954 0.062145
1788232753.812724829 -3.242692 0.032019 0.269803 -0.003844 0.996753 -0.050126 0.062898
1788232753.846064329 -3.239343 0.030938 0.255317 -0.003787 0.996773 -0.049777 0.062855
1788232753.879403591 -3.239886 0.031698 0.238053 -0.003791 0.996777 -0.049721 0.062845
1788232753.912743092 -3.239813 0.030765 0.226611 -0.003503 0.996771 -0.049783 0.062908
1788232753.946082354 -3.238853 0.031226 0.213453 -0.003539 0.996763 -0.050052 0.062818
1788232753.979421616 -3.237046 0.029486 0.201880 -0.003617 0.996749 -0.050287 0.062846
1788232754.012760878 -3.235357 0.028648 0.188001 -0.003372 0.996723 -0.050454 0.063134
1788232754.046100140 -3.234566 0.027633 0.176155 -0.003626 0.996735 -0.050175 0.063163
1788232754.079439163 -3.233195 0.027201 0.161940 -0.003539 0.996730 -0.050117 0.063288
1788232754.112778425 -3.230767 0.025617 0.149297 -0.003865 0.996755 -0.049759 0.063150
1788232754.146117449 -3.227270 0.025214 0.136206 -0.004198 0.996769 -0.049738 0.062923
1788232754.179456711 -3.226533 0.023455 0.123835 -0.003996 0.996745 -0.049589 0.063443
1788232754.212795734 -3.225295 0.023825 0.109701 -0.003799 0.996749 -0.049288 0.063623
1788232754.246133089 -3.224940 0.024520 0.096667 -0.003617 0.996760 -0.049281 0.063462
1788232754.279470205 -3.222753 0.023233 0.084121 -0.003254 0.996760 -0.049476 0.063339
1788232754.312807322 -3.224925 0.021245 0.071395 -0.003177 0.996750 -0.049443 0.063524
1788232754.346144199 -3.222398 0.019406 0.058872 -0.003245 0.996733 -0.049617 0.063648
1788232754.379480839 -3.220892 0.017717 0.046786 -0.003103 0.996719 -0.049639 0.063863
1788232754.412817955 -3.218607 0.018527 0.032527 -0.003107 0.996748 -0.049325 0.063642
1788232754.446154833 -3.218872 0.018219 0.019650 -0.002946 0.996746 -0.049314 0.063698
1788232754.479491711 -3.215850 0.016690 0.006609 -0.003035 0.996751 -0.049338 0.063590
1788232754.512828588 -3.215042 0.016831 -0.006967 -0.003206 0.996747 -0.049631 0.063424
1788232754.546165466 -3.212620 0.015438 -0.017167 -0.003032 0.996732 -0.049822 0.063509
1788232754.579502106 -3.211219 0.014396 -0.028635 -0.002960 0.996720 -0.049979 0.063583
1788232754.612838745 -3.210829 0.014696 -0.039809 -0.003029 0.996693 -0.050484 0.063607
1788232754.646175385 -3.208637 0.011845 -0.051961 -0.002905 0.996689 -0.050763 0.063445
1788232754.679511070 -3.206245 0.012622 -0.064964 -0.002788 0.996693 -0.050981 0.063220
1788232754.712847710 -3.205002 0.010267 -0.077813 -0.003301 0.996696 -0.050717 0.063354
1788232754.746184349 -3.202393 0.009292 -0.091012 -0.003469 0.996708 -0.050201 0.063566
1788232754.779520988 -3.201352 0.010329 -0.107107 -0.003618 0.996723 -0.049796 0.063650
1788232754.812857151 -3.197685 0.009561 -0.121089 -0.003676 0.996745 -0.049511 0.063513
1788232754.846193790 -3.197886 0.009798 -0.134390 -0.003463 0.996739 -0.049482 0.063650
1788232754.879530191 -3.197150 0.008549 -0.146157 -0.003298 0.996747 -0.049504 0.063513
1788232754.912866592 -3.198134 0.007904 -0.159840 -0.002919 0.996726 -0.049479 0.063881
1788232754.946202755 -3.195853 0.006653 -0.172456 -0.002793 0.996721 -0.049582 0.063888
1788232754.979539156 -3.193215 0.006729 -0.183970 -0.002821 0.996714 -0.050024 0.063649
1788232755.012875319 -3.192933 0.003880 -0.195614 -0.002665 0.996697 -0.050244 0.063745
1788232755.046211481 -3.190555 0.003206 -0.208945 -0.002664 0.996709 -0.050375 0.063459
1788232755.079548120 -3.189280 0.002298 -0.221403 -0.002706 0.996730 -0.050142 0.063309
1788232755.112883806 -3.189211 0.000413 -0.234329 -0.002501 0.996716 -0.050004 0.063649
1788232755.146219015 -3.187840 0.003238 -0.248973 -0.002507 0.996712 -0.050130 0.063602
1788232755.179555178 -3.186752 -0.000189 -0.259833 -0.002678 0.996708 -0.050057 0.063714
1788232755.212891340 -3.183887 -0.001130 -0.271546 -0.002801 0.996694 -0.050410 0.063660
1788232755.246229649 -3.183631 -0.002536 -0.284288 -0.002826 0.996702 -0.050576 0.063401
1788232755.279570580 -3.179986 -0.002259 -0.296524 -0.002631 0.996695 -0.050999 0.063170
1788232755.312911749 -3.180749 -0.005798 -0.308349 -0.002574 0.996675 -0.050972 0.063512
1788232755.346252918 -3.178070 -0.005839 -0.321066 -0.002963 0.996658 -0.051367 0.063450
1788232755.379593849 -3.176191 -0.005106 -0.333709 -0.003012 0.996659 -0.051475 0.063343
1788232755.412935019 -3.172851 -0.004782 -0.346498 -0.003304 0.996691 -0.051228 0.063030
1788232755.446275949 -3.171486 -0.005428 -0.358865 -0.003574 0.996670 -0.051201 0.063361
1788232755.479617119 -3.172076 -0.006608 -0.373543 -0.003210 0.996646 -0.050982 0.063925
1788232755.512958050 -3.169505 -0.007353 -0.385671 -0.003043 0.996632 -0.051167 0.064013
1788232755.546299219 -3.168667 -0.008349 -0.399024 -0.003058 0.996592 -0.051574 0.064302
1788232755.579639196 -3.167255 -0.008144 -0.411478 -0.002793 0.996571 -0.051951 0.064332
1788232755.612980366 -3.166428 -0.009334 -0.422917 -0.002384 0.996589 -0.052004 0.064042
1788232755.646321535 -3.163576 -0.008185 -0.436546 -0.002334 0.996563 -0.052534 0.064002
1788232755.679662704 -3.163047 -0.008440 -0.447936 -0.002040 0.996464 -0.053067 0.065114
1788232755.713003874 -3.160197 -0.008320 -0.459277 -0.002393 0.996349 -0.053391 0.066582
1788232755.746344805 -3.156815 -0.009529 -0.473984 -0.002470 0.996252 -0.053045 0.068285
1788232755.779686213 -3.152718 -0.010662 -0.486475 -0.002561 0.996182 -0.052443 0.069743
1788232755.813027143 -3.150829 -0.015016 -0.496940 -0.003074 0.996051 -0.051790 0.072044
1788232755.846368313 -3.145843 -0.015826 -0.508552 -0.003167 0.995885 -0.051831 0.074267
1788232755.879709244 -3.142652 -0.016529 -0.519577 -0.002633 0.995697 -0.052047 0.076622
1788232755.913050652 -3.139573 -0.018697 -0.529893 -0.002290 0.995487 -0.052177 0.079236
1788232755.946391582 -3.135200 -0.019060 -0.540942 -0.002500 0.995253 -0.052455 0.081942
1788232755.979732990 -3.130034 -0.017958 -0.553424 -0.002847 0.994996 -0.053004 0.084651
1788232756.013072968 -3.125901 -0.018534 -0.566742 -0.002755 0.994781 -0.052564 0.087406
1788232756.046414137 -3.121087 -0.018274 -0.579282 -0.002874 0.994540 -0.052502 0.090141
1788232756.079755306 -3.117135 -0.019578 -0.590692 -0.002884 0.994241 -0.052642 0.093307
1788232756.113096476 -3.110872 -0.020700 -0.601975 -0.002579 0.993958 -0.052901 0.096140
1788232756.146437645 -3.106911 -0.020289 -0.614046 -0.002281 0.993634 -0.053039 0.099364
1788232756.179778814 -3.102475 -0.020644 -0.626220 -0.002256 0.993315 -0.053417 0.102307
1788232756.213120222 -3.097266 -0.022501 -0.636604 -0.002305 0.992989 -0.053609 0.105323
1788232756.246463537 -3.091715 -0.023009 -0.647663 -0.002455 0.992681 -0.053214 0.108386
1788232756.279810190 -3.084241 -0.024545 -0.658158 -0.003190 0.992377 -0.053041 0.111192
1788232756.313157082 -3.077226 -0.021832 -0.672989 -0.003419 0.992015 -0.053173 0.114310
1788232756.346503496 -3.070462 -0.022667 -0.683461 -0.003413 0.991670 -0.053270 0.117221
1788232756.379850149 -3.065901 -0.024355 -0.694871 -0.003159 0.991356 -0.053144 0.119916
1788232756.413197279 -3.060263 -0.024151 -0.707199 -0.003335 0.990951 -0.053504 0.123050
1788232756.446543694 -3.054193 -0.025755 -0.716378 -0.004150 0.990541 -0.053636 0.126229
1788232756.479889870 -3.044921 -0.025260 -0.728395 -0.004596 0.990122 -0.053557 0.129499
1788232756.513236523 -3.038481 -0.024683 -0.740935 -0.004680 0.989612 -0.053336 0.133422
1788232756.546583891 -3.029737 -0.024182 -0.751195 -0.005181 0.989055 -0.053250 0.137503
1788232756.579930782 -3.019911 -0.026996 -0.760110 -0.005712 0.988450 -0.053050 0.141847
1788232756.613278151 -3.014804 -0.026858 -0.771116 -0.005497 0.987745 -0.053120 0.146656
1788232756.646625042 -3.009776 -0.026885 -0.780848 -0.004555 0.987040 -0.053259 0.151314
1788232756.679972172 -3.002519 -0.027183 -0.792023 -0.003878 0.986325 -0.053478 0.155849
1788232756.713319540 -2.993375 -0.025925 -0.802503 -0.004296 0.985579 -0.053986 0.160317
1788232756.746666908 -2.984609 -0.027235 -0.811049 -0.004310 0.984803 -0.053500 0.165175
1788232756.780014038 -2.976350 -0.026367 -0.823313 -0.004027 0.983881 -0.053051 0.170728
1788232756.813361406 -2.965307 -0.027470 -0.832786 -0.004042 0.983031 -0.052836 0.175617
1788232756.846708775 -2.958800 -0.026606 -0.841988 -0.004398 0.981952 -0.053187 0.181445
1788232756.880056381 -2.949089 -0.025117 -0.852455 -0.004375 0.980859 -0.053416 0.187198
1788232756.913403034 -2.938857 -0.023485 -0.863071 -0.003788 0.979777 -0.053797 0.192687
1788232756.946750641 -2.930340 -0.025510 -0.869267 -0.003501 0.978631 -0.053749 0.198444
1788232756.980098248 -2.919517 -0.026157 -0.878848 -0.003728 0.977418 -0.053676 0.204349
1788232757.013446093 -2.907605 -0.026325 -0.890733 -0.004142 0.976103 -0.053015 0.210702
1788232757.046793699 -2.896756 -0.026523 -0.898864 -0.004664 0.974837 -0.052496 0.216601
1788232757.080141306 -2.881182 -0.025330 -0.908786 -0.005498 0.973531 -0.052274 0.222427
1788232757.113488913 -2.872079 -0.024834 -0.917068 -0.005722 0.972044 -0.052035 0.228888
1788232757.146836996 -2.861182 -0.026695 -0.928828 -0.005166 0.970559 -0.051763 0.235177
1788232757.180184841 -2.853343 -0.026115 -0.935273 -0.004233 0.969127 -0.051784 0.241024
1788232757.213532925 -2.842903 -0.027043 -0.943068 -0.004134 0.967622 -0.052383 0.246875
1788232757.246879339 -2.831249 -0.026878 -0.951585 -0.004171 0.966078 -0.052473 0.252828
1788232757.280223131 -2.820367 -0.027170 -0.958335 -0.004212 0.964489 -0.052336 0.258851
1788232757.313566923 -2.807212 -0.027487 -0.968718 -0.004177 0.962733 -0.051773 0.265421
1788232757.346909523 -2.794693 -0.026859 -0.976264 -0.004527 0.960960 -0.051419 0.271831
1788232757.380253315 -2.781124 -0.026502 -0.983345 -0.004845 0.959179 -0.051069 0.278107
1788232757.413597345 -2.770079 -0.027058 -0.991143 -0.005200 0.957415 -0.050716 0.284179
1788232757.446941137 -2.756583 -0.027603 -0.997645 -0.005503 0.955557 -0.050406 0.290415
1788232757.480284929 -2.746811 -0.029863 -1.004363 -0.005698 0.953568 -0.050310 0.296892
1788232757.513628721 -2.735963 -0.029455 -1.011949 -0.005247 0.951538 -0.050480 0.303316
1788232757.546972752 -2.726136 -0.030683 -1.019254 -0.004437 0.949531 -0.050365 0.309570
1788232757.580316544 -2.715761 -0.030902 -1.024836 -0.003919 0.947589 -0.050799 0.315404
1788232757.613660574 -2.703521 -0.032673 -1.030130 -0.004099 0.945559 -0.050901 0.321418
1788232757.647004366 -2.692836 -0.032394 -1.037938 -0.004382 0.943323 -0.050628 0.327962
1788232757.680348158 -2.681342 -0.032363 -1.042487 -0.004734 0.941256 -0.050192 0.333910
1788232757.713692188 -2.665040 -0.032151 -1.048477 -0.005101 0.939136 -0.050187 0.339821
1788232757.747035980 -2.650116 -0.031811 -1.053560 -0.005391 0.936962 -0.049992 0.345795
1788232757.780380011 -2.639525 -0.031927 -1.060683 -0.005153 0.934653 -0.049614 0.352046
1788232757.813723087 -2.628612 -0.033635 -1.065628 -0.005323 0.932417 -0.049815 0.357896
1788232757.847066879 -2.613953 -0.034391 -1.068704 -0.005617 0.930091 -0.049976 0.363870
1788232757.880410671 -2.599927 -0.034538 -1.075934 -0.005560 0.927571 -0.049367 0.370329
1788232757.913754702 -2.586989 -0.034748 -1.081591 -0.005552 0.925168 -0.048874 0.376356
1788232757.947098732 -2.574057 -0.035050 -1.085893 -0.005509 0.922768 -0.049015 0.382187
1788232757.980442762 -2.561021 -0.034870 -1.090744 -0.005563 0.920134 -0.048894 0.388500
1788232758.013786793 -2.549882 -0.034658 -1.093601 -0.005256 0.917665 -0.048763 0.394315
1788232758.047130823 -2.538368 -0.035511 -1.096708 -0.004946 0.915189 -0.048869 0.400020
1788232758.080474854 -2.521417 -0.034922 -1.101402 -0.004800 0.912715 -0.049491 0.405560
1788232758.113818645 -2.509026 -0.035470 -1.105125 -0.004745 0.909976 -0.049067 0.411719
1788232758.147162914 -2.498402 -0.035131 -1.108779 -0.004838 0.907245 -0.048763 0.417737
1788232758.180506945 -2.483463 -0.035473 -1.111660 -0.005149 0.904649 -0.049011 0.423299
1788232758.213850975 -2.472592 -0.035256 -1.115177 -0.005598 0.901716 -0.049214 0.429482
1788232758.247192621 -2.456168 -0.035611 -1.117376 -0.005557 0.898964 -0.049154 0.435220
1788232758.280535460 -2.444457 -0.036207 -1.120922 -0.005115 0.896165 -0.049062 0.440971
1788232758.313878536 -2.430712 -0.036479 -1.124764 -0.005069 0.893391 -0.049404 0.446527
1788232758.347221375 -2.419410 -0.036065 -1.128031 -0.004967 0.890300 -0.049067 0.452696
1788232758.380563974 -2.405382 -0.036324 -1.130616 -0.004740 0.887440 -0.048868 0.458302
1788232758.413906813 -2.388707 -0.035331 -1.131351 -0.004485 0.884654 -0.048854 0.463660
1788232758.447249413 -2.376477 -0.035510 -1.134829 -0.004468 0.881581 -0.048544 0.469508
1788232758.480592489 -2.361472 -0.035125 -1.137523 -0.004431 0.878479 -0.048046 0.475339
1788232758.513935328 -2.351589 -0.034954 -1.141662 -0.004314 0.875363 -0.047737 0.481084
1788232758.547277927 -2.337373 -0.035095 -1.143174 -0.004316 0.872371 -0.047822 0.486481
1788232758.580621004 -2.322566 -0.035240 -1.143039 -0.004320 0.869293 -0.047958 0.491946
1788232758.613963604 -2.307926 -0.035211 -1.145416 -0.004168 0.865842 -0.047674 0.498023
1788232758.647306681 -2.293310 -0.034711 -1.147280 -0.003935 0.862559 -0.047360 0.503719
1788232758.680648327 -2.281896 -0.035925 -1.146898 -0.004043 0.859373 -0.047052 0.509163
1788232758.713990927 -2.266149 -0.036351 -1.147449 -0.004444 0.856102 -0.046731 0.514671
1788232758.747333765 -2.252525 -0.034975 -1.147913 -0.004574 0.852785 -0.046481 0.520169
1788232758.780676603 -2.238769 -0.036791 -1.149078 -0.004716 0.849496 -0.045833 0.525580
1788232758.814019442 -2.226358 -0.037375 -1.148973 -0.004990 0.846138 -0.045407 0.531003
1788232758.847362041 -2.212136 -0.036065 -1.150439 -0.004999 0.842479 -0.045386 0.536791
1788232758.880704880 -2.198558 -0.035463 -1.149956 -0.004698 0.838983 -0.045693 0.542215
1788232758.914047718 -2.186511 -0.036012 -1.150821 -0.004093 0.835473 -0.045636 0.547619
1788232758.947390556 -2.173792 -0.035437 -1.150252 -0.003773 0.831944 -0.045596 0.552970
1788232758.980733395 -2.160987 -0.036386 -1.151464 -0.003661 0.828147 -0.045638 0.558638
1788232759.014075994 -2.147058 -0.037210 -1.150442 -0.003751 0.824473 -0.045194 0.564082
1788232759.047418833 -2.129973 -0.033193 -1.149715 -0.003687 0.820795 -0.044378 0.569484
1788232759.080761671 -2.114814 -0.032757 -1.150375 -0.003851 0.816836 -0.043627 0.575205
1788232759.114104509 -2.098587 -0.031036 -1.149390 -0.004066 0.812854 -0.043567 0.580821
1788232759.147446156 -2.085356 -0.029849 -1.150247 -0.004019 0.809089 -0.043121 0.586088
1788232759.180788755 -2.068974 -0.029616 -1.149867 -0.004199 0.805164 -0.042638 0.591503
1788232759.214131832 -2.055267 -0.027272 -1.147645 -0.004183 0.801196 -0.042735 0.596859
1788232759.247474432 -2.044183 -0.028608 -1.146950 -0.003757 0.797090 -0.042663 0.602340
1788232759.280820608 -2.031315 -0.029601 -1.147208 -0.003061 0.793155 -0.042156 0.607552
1788232759.314166546 -2.018863 -0.027089 -1.145601 -0.002112 0.789269 -0.042271 0.612587
1788232759.347512722 -2.006184 -0.027532 -1.145085 -0.002173 0.785167 -0.042249 0.617838
1788232759.380858898 -1.992953 -0.027228 -1.141613 -0.002362 0.781281 -0.042027 0.622758
1788232759.414205313 -1.979238 -0.025820 -1.140188 -0.002805 0.777647 -0.041716 0.627309
1788232759.447551250 -1.966325 -0.027126 -1.137363 -0.003057 0.774721 -0.041536 0.630930
1788232759.480897903 -1.953080 -0.027711 -1.136294 -0.003000 0.771957 -0.041433 0.634316
1788232759.514244318 -1.941201 -0.027946 -1.135288 -0.002612 0.769424 -0.041124 0.637408
1788232759.547590733 -1.928638 -0.028536 -1.133881 -0.002208 0.767070 -0.040981 0.640249
1788232759.580935955 -1.916065 -0.028953 -1.133644 -0.001902 0.764489 -0.041031 0.643327
1788232759.614282608 -1.901534 -0.028203 -1.131043 -0.002073 0.761964 -0.040963 0.646320
1788232759.647629023 -1.889870 -0.029544 -1.130201 -0.002463 0.759434 -0.040443 0.649321
1788232759.680975676 -1.874719 -0.029005 -1.128451 -0.002781 0.756724 -0.040242 0.652489
1788232759.714322329 -1.861711 -0.029374 -1.125163 -0.003212 0.754319 -0.040130 0.655273
1788232759.747669220 -1.847866 -0.029050 -1.124312 -0.003266 0.751739 -0.039639 0.658261
1788232759.781015635 -1.833922 -0.029545 -1.122010 -0.002967 0.749586 -0.039279 0.660734
1788232759.814362764 -1.819466 -0.028829 -1.120997 -0.002433 0.747261 -0.038768 0.663394
1788232759.847709656 -1.808373 -0.031186 -1.119754 -0.002445 0.744993 -0.038404 0.665962
1788232759.881056309 -1.794770 -0.029918 -1.116392 -0.002413 0.742546 -0.038296 0.668695
1788232759.914403439 -1.780179 -0.028291 -1.114864 -0.002723 0.740030 -0.038077 0.671489
1788232759.947750330 -1.766752 -0.025389 -1.112551 -0.002772 0.737627 -0.037684 0.674150
1788232759.981097221 -1.751799 -0.023522 -1.109528 -0.003174 0.735244 -0.037481 0.676758
1788232760.014443398 -1.738761 -0.023612 -1.106021 -0.003557 0.732862 -0.037545 0.679331
1788232760.047790766 -1.725739 -0.022873 -1.105199 -0.003538 0.730389 -0.037143 0.682012
1788232760.081137657 -1.713435 -0.023482 -1.103873 -0.003303 0.728075 -0.036537 0.684515
1788232760.114484787 -1.699080 -0.023673 -1.101946 -0.003217 0.725745 -0.036270 0.686999
1788232760.147832155 -1.684461 -0.022023 -1.099603 -0.003120 0.723216 -0.036287 0.689661
1788232760.181179523 -1.670619 -0.021180 -1.097967 -0.003220 0.720363 -0.035681 0.692671
1788232760.214527130 -1.657423 -0.021563 -1.096925 -0.003374 0.717806 -0.034912 0.695359
1788232760.247874498 -1.641825 -0.023431 -1.095891 -0.003693 0.714975 -0.034056 0.698311
1788232760.281218529 -1.630153 -0.022179 -1.092025 -0.003793 0.712635 -0.034063 0.700698
1788232760.314562082 -1.616621 -0.020266 -1.091084 -0.003543 0.710098 -0.033489 0.703297
1788232760.347906113 -1.603129 -0.018941 -1.088995 -0.003403 0.708011 -0.032757 0.705433
1788232760.381250143 -1.589403 -0.018699 -1.088236 -0.003018 0.706551 -0.032791 0.706896
1788232760.414594412 -1.579656 -0.018945 -1.085768 -0.002903 0.705113 -0.033314 0.708306
1788232760.447938442 -1.565490 -0.017242 -1.082042 -0.002779 0.704041 -0.033196 0.709378
1788232760.481281281 -1.552521 -0.017228 -1.081806 -0.002953 0.703175 -0.032872 0.710251
1788232760.514625549 -1.538132 -0.016069 -1.080631 -0.002747 0.702468 -0.033139 0.710938
1788232760.547969580 -1.527973 -0.018333 -1.081978 -0.002711 0.701226 -0.032873 0.712176
1788232760.581313848 -1.515346 -0.018037 -1.078629 -0.002699 0.700482 -0.032983 0.712902
1788232760.614658117 -1.502491 -0.017920 -1.078767 -0.002930 0.699451 -0.033136 0.713906
1788232760.648002386 -1.487500 -0.015094 -1.075926 -0.003022 0.698391 -0.032929 0.714952
1788232760.681346416 -1.473902 -0.014121 -1.074984 -0.003436 0.697302 -0.032497 0.716032
1788232760.714690685 -1.459015 -0.013668 -1.074690 -0.003649 0.696274 -0.032036 0.717052
1788232760.748034954 -1.447775 -0.013512 -1.074667 -0.003787 0.695540 -0.031995 0.717765
1788232760.781379223 -1.434585 -0.012057 -1.071016 -0.004080 0.694645 -0.031966 0.718631
1788232760.814723492 -1.420882 -0.010770 -1.069321 -0.003957 0.693333 -0.031719 0.719909
1788232760.848067999 -1.407426 -0.011149 -1.068997 -0.003708 0.692158 -0.031664 0.721041
1788232760.881412506 -1.393926 -0.009970 -1.066557 -0.003544 0.691042 -0.031390 0.722124
1788232760.914755583 -1.381037 -0.010743 -1.067173 -0.003331 0.689988 -0.030917 0.723153
1788232760.948100090 -1.367624 -0.010529 -1.066070 -0.003123 0.689075 -0.031229 0.724010
1788232760.981444836 -1.356260 -0.010756 -1.063231 -0.003200 0.688057 -0.030925 0.724990
1788232761.014789343 -1.344044 -0.010038 -1.062375 -0.002935 0.686806 -0.031000 0.726173
1788232761.048133850 -1.330327 -0.009146 -1.060704 -0.002437 0.685931 -0.030738 0.727013
1788232761.081478357 -1.316825 -0.010318 -1.060656 -0.002744 0.684860 -0.030088 0.728048
1788232761.114822626 -1.305520 -0.009273 -1.057262 -0.002572 0.684133 -0.029817 0.728743
1788232761.148167372 -1.292947 -0.008641 -1.055661 -0.002384 0.683177 -0.029640 0.729647
1788232761.181511879 -1.278564 -0.008058 -1.054038 -0.002359 0.682231 -0.029730 0.730528
1788232761.214856625 -1.266969 -0.008481 -1.053031 -0.002420 0.681359 -0.029182 0.731364
1788232761.248201370 -1.252510 -0.007390 -1.051479 -0.002641 0.680384 -0.029176 0.732270
1788232761.281543970 -1.241048 -0.006906 -1.046956 -0.002943 0.679480 -0.029332 0.733101
1788232761.314887047 -1.226144 -0.006415 -1.044889 -0.003102 0.678083 -0.029076 0.734403
1788232761.348228931 -1.214615 -0.007253 -1.045847 -0.002792 0.677268 -0.029023 0.735159
1788232761.381572008 -1.202812 -0.007619 -1.043551 -0.002093 0.677139 -0.028943 0.735283
1788232761.414914608 -1.190302 -0.006360 -1.043395 -0.001334 0.676465 -0.028896 0.735906
1788232761.448257685 -1.178601 -0.007570 -1.043031 -0.001028 0.675900 -0.029146 0.736416
1788232761.481600523 -1.166362 -0.006817 -1.041298 -0.000797 0.675458 -0.029200 0.736819
1788232761.514943600 -1.153533 -0.006649 -1.040455 -0.000784 0.674851 -0.029081 0.737380
1788232761.548286915 -1.140971 -0.008239 -1.041342 -0.000721 0.674362 -0.028844 0.737837
1788232761.581629753 -1.127498 -0.008569 -1.039036 -0.000802 0.674368 -0.028727 0.737836
1788232761.614972830 -1.116280 -0.007225 -1.037387 -0.000705 0.673967 -0.029051 0.738190
1788232761.648315668 -1.102457 -0.007392 -1.035960 -0.000766 0.673310 -0.029018 0.738790
1788232761.681658745 -1.090854 -0.006493 -1.033343 -0.000697 0.673019 -0.028938 0.739059
1788232761.715001822 -1.078658 -0.006947 -1.033126 -0.000421 0.672599 -0.028863 0.739444
1788232761.748344898 -1.066417 -0.007257 -1.030746 -0.000142 0.672618 -0.028781 0.739430
1788232761.781687975 -1.054267 -0.006746 -1.031018 -0.000005 0.672086 -0.029129 0.739900
1788232761.815029860 -1.040467 -0.006385 -1.027327 0.000165 0.671678 -0.029546 0.740254
1788232761.848373175 -1.028254 -0.005817 -1.023937 -0.000059 0.671356 -0.029727 0.740539
1788232761.881716013 -1.018921 -0.007411 -1.023590 -0.000202 0.671023 -0.029761 0.740839
1788232761.915059328 -1.004288 -0.007649 -1.020961 -0.000057 0.670602 -0.029869 0.741216
1788232761.948402643 -0.992590 -0.007747 -1.019007 0.000043 0.670718 -0.029907 0.741109
1788232761.981745481 -0.980697 -0.006986 -1.018485 0.000065 0.670091 -0.030411 0.741656
1788232762.015088797 -0.968494 -0.007079 -1.017870 0.000360 0.669327 -0.030504 0.742342
1788232762.048431635 -0.955900 -0.007353 -1.016315 0.000117 0.668930 -0.030475 0.742700
1788232762.081774950 -0.942831 -0.006824 -1.015226 0.000253 0.668485 -0.030475 0.743101
1788232762.115118265 -0.930784 -0.005714 -1.012144 0.000631 0.668179 -0.030789 0.743363
1788232762.148461103 -0.917386 -0.004454 -1.010227 0.000937 0.668095 -0.030960 0.743431
1788232762.181804657 -0.906856 -0.005112 -1.008793 0.001047 0.667875 -0.031113 0.743622
1788232762.215147972 -0.893953 -0.006018 -1.008450 0.001042 0.667266 -0.030636 0.744189
1788232762.248490095 -0.880411 -0.004410 -1.006506 0.001087 0.666925 -0.030347 0.744506
1788232762.281828165 -0.866970 -0.003958 -1.003523 0.001099 0.666627 -0.030788 0.744754
1788232762.315166235 -0.853440 -0.002410 -1.000417 0.001207 0.666575 -0.030733 0.744804
1788232762.348504543 -0.841129 -0.001831 -0.999352 0.001049 0.666269 -0.030995 0.745066
1788232762.381842613 -0.827461 -0.001960 -0.998224 0.001146 0.665712 -0.030842 0.745571
1788232762.415180683 -0.815278 -0.002002 -0.996369 0.001073 0.665494 -0.030602 0.745775
1788232762.448518753 -0.803284 -0.000739 -0.996054 0.001074 0.665096 -0.030513 0.746134
1788232762.481856823 -0.789630 0.000484 -0.991278 0.001556 0.664745 -0.030681 0.746439
1788232762.515194654 -0.780027 -0.000006 -0.989559 0.001702 0.664664 -0.031128 0.746492
1788232762.548532963 -0.768791 -0.001388 -0.988064 0.001837 0.664462 -0.031520 0.746655
1788232762.581870794 -0.757055 -0.002617 -0.988130 0.002308 0.663721 -0.031774 0.747301
1788232762.615208626 -0.744758 -0.000357 -0.985716 0.003181 0.663435 -0.031820 0.747551
1788232762.648546457 -0.732208 0.000361 -0.983836 0.003427 0.663227 -0.031617 0.747742
1788232762.681883574 -0.720844 0.000147 -0.981949 0.003408 0.662812 -0.031929 0.748097
1788232762.715221405 -0.707757 -0.001235 -0.980785 0.003283 0.662341 -0.031997 0.748512
1788232762.748559237 -0.694723 -0.000795 -0.979336 0.002946 0.662028 -0.031652 0.748805
1788232762.781897068 -0.682151 -0.000810 -0.978845 0.002874 0.661434 -0.031381 0.749341
1788232762.815234900 -0.668228 0.000090 -0.976120 0.003036 0.661007 -0.031031 0.749732
1788232762.848572731 -0.655089 0.001299 -0.972074 0.002835 0.660389 -0.030897 0.750282
1788232762.881910563 -0.642790 0.000823 -0.969890 0.002918 0.659373 -0.031114 0.751166
1788232762.915248394 -0.631747 0.000183 -0.966957 0.003028 0.657964 -0.031148 0.752399
1788232762.948585987 -0.619743 0.001528 -0.963728 0.003269 0.656050 -0.031247 0.754063
1788232762.981924057 -0.608569 0.003109 -0.959174 0.003857 0.654173 -0.031774 0.755668
1788232763.015261650 -0.596259 0.002649 -0.954671 0.003979 0.652314 -0.031420 0.757287
1788232763.048599243 -0.583858 0.003606 -0.949920 0.003651 0.650130 -0.031616 0.759156
1788232763.081936836 -0.572491 0.003417 -0.944745 0.003067 0.648139 -0.031738 0.760854
1788232763.115274668 -0.560367 0.002721 -0.938740 0.002180 0.645953 -0.031541 0.762722
1788232763.148611069 -0.546371 0.002694 -0.932324 0.001521 0.643193 -0.030971 0.765076
1788232763.181948900 -0.532781 0.004256 -0.926032 0.001265 0.640198 -0.030915 0.767586
1788232763.215286493 -0.521645 0.004293 -0.920704 0.001330 0.637431 -0.031205 0.769874
1788232763.248624086 -0.511579 0.003650 -0.916420 0.001885 0.634836 -0.030754 0.772032
1788232763.281962633 -0.500544 0.003674 -0.912495 0.002357 0.631917 -0.030499 0.774432
1788232763.315300941 -0.489872 0.003262 -0.906824 0.002660 0.629205 -0.030764 0.776626
1788232763.348639488 -0.477524 0.005183 -0.900021 0.002919 0.626338 -0.031304 0.778918
1788232763.381978035 -0.467369 0.004546 -0.893262 0.002586 0.623225 -0.031381 0.781408
1788232763.415316343 -0.456931 0.003772 -0.888199 0.002468 0.620046 -0.030878 0.783953
1788232763.448654890 -0.444327 0.004650 -0.881038 0.002472 0.617110 -0.030392 0.786286
1788232763.481993437 -0.433724 0.005534 -0.875903 0.002612 0.614094 -0.030273 0.788648
1788232763.515331745 -0.421289 0.006392 -0.868769 0.002685 0.610961 -0.030194 0.791080
1788232763.548670053 -0.410132 0.005464 -0.863135 0.002417 0.607467 -0.029799 0.793782
1788232763.582007408 -0.397256 0.005881 -0.854594 0.002111 0.604386 -0.029683 0.796136
1788232763.615345478 -0.387528 0.006424 -0.846585 0.001669 0.601131 -0.029907 0.798589
1788232763.648683786 -0.376307 0.005857 -0.839505 0.001104 0.597281 -0.029959 0.801471
1788232763.682022333 -0.364420 0.006291 -0.832373 0.001233 0.593474 -0.029838 0.804299
1788232763.715360641 -0.353910 0.006181 -0.825940 0.001899 0.589916 -0.029415 0.806926
1788232763.748698711 -0.344497 0.006112 -0.819413 0.002633 0.586409 -0.029511 0.809473
1788232763.782037020 -0.335474 0.004494 -0.813822 0.003283 0.582810 -0.029447 0.812068
1788232763.815375566 -0.325129 0.005588 -0.807011 0.003700 0.579023 -0.029371 0.814773
1788232763.848713636 -0.313718 0.007179 -0.798125 0.003753 0.575224 -0.028824 0.817479
1788232763.882051945 -0.303959 0.007430 -0.790584 0.003136 0.571400 -0.028942 0.820155
1788232763.915390015 -0.292455 0.008133 -0.779205 0.002295 0.567680 -0.029459 0.822719
1788232763.948728085 -0.281555 0.009234 -0.768774 0.001746 0.563784 -0.029214 0.825403
1788232763.982066393 -0.270464 0.010693 -0.761047 0.001651 0.559870 -0.028654 0.828083
1788232764.015403271 -0.259771 0.010649 -0.753163 0.001834 0.556201 -0.028205 0.830567
1788232764.048741579 -0.250324 0.010022 -0.743934 0.001869 0.552486 -0.028724 0.833025
1788232764.082079649 -0.240292 0.010639 -0.735943 0.002049 0.548556 -0.028656 0.835620
1788232764.115417719 -0.230038 0.012370 -0.727962 0.002415 0.544472 -0.028374 0.838296
1788232764.148755789 -0.218215 0.013336 -0.718989 0.002607 0.540653 -0.027873 0.840780
1788232764.182093859 -0.208371 0.014525 -0.709317 0.002424 0.536688 -0.028308 0.843302
1788232764.215431690 -0.198082 0.014833 -0.699485 0.002094 0.532370 -0.028257 0.846037
1788232764.248769999 -0.189987 0.015629 -0.690909 0.002102 0.528465 -0.027903 0.848494
1788232764.282106638 -0.179742 0.016334 -0.682511 0.002335 0.524637 -0.027163 0.850889
1788232764.315443516 -0.171585 0.016653 -0.673478 0.002667 0.520884 -0.027299 0.853187
1788232764.348780155 -0.163621 0.016756 -0.664867 0.002728 0.517027 -0.027349 0.855528
1788232764.382116795 -0.154124 0.016732 -0.655775 0.002891 0.512990 -0.026659 0.857976
1788232764.415453196 -0.144403 0.016794 -0.645192 0.002777 0.508876 -0.026275 0.860434
1788232764.448789835 -0.136151 0.016359 -0.635785 0.002581 0.504606 -0.026281 0.862946
1788232764.482125521 -0.127045 0.018092 -0.624542 0.002181 0.500124 -0.026635 0.865541
1788232764.515461683 -0.119772 0.019057 -0.614071 0.001979 0.495908 -0.026439 0.867970
1788232764.548798323 -0.111123 0.019337 -0.603466 0.001650 0.491554 -0.026260 0.870450
1788232764.582134724 -0.101220 0.019556 -0.591772 0.001403 0.487119 -0.026010 0.872947
1788232764.615470886 -0.091587 0.020515 -0.580778 0.001290 0.482480 -0.025390 0.875538
1788232764.648807287 -0.083390 0.021283 -0.570722 0.001604 0.478385 -0.024857 0.877797
1788232764.682143450 -0.074793 0.020852 -0.560995 0.001914 0.474100 -0.024389 0.880131
1788232764.715479851 -0.067555 0.021921 -0.551290 0.002224 0.469879 -0.024290 0.882394
1788232764.748816013 -0.058745 0.022475 -0.539771 0.001947 0.465413 -0.023965 0.884767
1788232764.782151937 -0.050493 0.023672 -0.528705 0.001910 0.461164 -0.023672 0.886997
1788232764.815488100 -0.041790 0.023830 -0.517831 0.001705 0.456717 -0.023732 0.889294
1788232764.848824263 -0.035860 0.023973 -0.506448 0.001675 0.452454 -0.023877 0.891467
1788232764.882160187 -0.028472 0.024098 -0.495637 0.001661 0.448057 -0.023317 0.893700
1788232764.915495396 -0.021805 0.025286 -0.485658 0.002053 0.443672 -0.022951 0.895893
1788232764.948831081 -0.015491 0.025009 -0.476176 0.002471 0.439412 -0.022710 0.897995
1788232764.982167006 -0.008795 0.026329 -0.463670 0.002620 0.435026 -0.022996 0.900120
1788232765.015502691 -0.001024 0.026521 -0.452492 0.002277 0.430368 -0.022601 0.902368
1788232765.048838615 0.006752 0.027328 -0.440026 0.001740 0.425857 -0.022291 0.904514
1788232765.082174063 0.014062 0.027781 -0.428057 0.001350 0.421336 -0.022095 0.906635
1788232765.115509987 0.020222 0.028604 -0.415489 0.001072 0.416871 -0.022434 0.908688
1788232765.148845673 0.026331 0.029838 -0.402728 0.001104 0.412103 -0.022085 0.910869
1788232765.182181120 0.033343 0.030083 -0.391788 0.001427 0.407472 -0.021196 0.912971
1788232765.215517044 0.040174 0.028859 -0.382419 0.001963 0.403112 -0.020498 0.914919
1788232765.248852253 0.044722 0.028277 -0.372593 0.002600 0.398857 -0.020422 0.916782
1788232765.282189369 0.049674 0.029016 -0.360694 0.002901 0.394363 -0.020627 0.918719
1788232765.315526009 0.053547 0.029954 -0.348861 0.003022 0.389945 -0.020538 0.920604
1788232765.348861694 0.059995 0.030664 -0.336401 0.002850 0.385305 -0.019956 0.922569
1788232765.382198572 0.067201 0.032058 -0.322547 0.002509 0.380566 -0.019899 0.924536
1788232765.415535212 0.071954 0.033086 -0.310455 0.002234 0.375868 -0.019947 0.926456
1788232765.448872089 0.080001 0.034773 -0.296663 0.002269 0.371010 -0.019704 0.928417
1788232765.482208252 0.086808 0.034359 -0.285792 0.002144 0.366433 -0.019277 0.930242
1788232765.515544891 0.091977 0.035489 -0.272446 0.002305 0.362070 -0.018844 0.931957
1788232765.548881531 0.095940 0.035342 -0.260768 0.002353 0.357634 -0.019149 0.933662
1788232765.582217932 0.101250 0.036091 -0.246942 0.002916 0.352972 -0.019186 0.935433
1788232765.615554333 0.106908 0.037886 -0.234630 0.003379 0.348186 -0.018476 0.937237
1788232765.648890734 0.109934 0.037803 -0.225012 0.003635 0.343918 -0.018104 0.938818
1788232765.682227135 0.116152 0.039373 -0.211860 0.003906 0.338894 -0.018096 0.940642
1788232765.715563297 0.117739 0.039876 -0.199551 0.003817 0.333998 -0.018108 0.942392
1788232765.748899698 0.123328 0.038890 -0.185850 0.003305 0.328721 -0.017624 0.944257
1788232765.782236099 0.127776 0.041377 -0.172643 0.003402 0.323888 -0.017178 0.945933
1788232765.815571070 0.130891 0.041097 -0.160625 0.003122 0.318990 -0.016946 0.947601
1788232765.848907232 0.134593 0.041081 -0.147921 0.003002 0.313870 -0.016735 0.949314
1788232765.882243156 0.140093 0.042300 -0.133896 0.003176 0.308607 -0.016146 0.951047
1788232765.915579557 0.142621 0.042451 -0.121312 0.003504 0.303535 -0.015897 0.952681
1788232765.948915243 0.145244 0.043146 -0.108755 0.003390 0.298235 -0.015775 0.954356
1788232765.982251406 0.149984 0.044729 -0.093634 0.003191 0.292799 -0.015393 0.956045
1788232766.015587091 0.151577 0.044048 -0.081655 0.002760 0.287613 -0.015041 0.957624
1788232766.048923254 0.152321 0.044419 -0.068928 0.002769 0.282472 -0.015343 0.959149
1788232766.082258701 0.154019 0.044845 -0.056448 0.002809 0.276998 -0.014890 0.960751
1788232766.115594864 0.156800 0.045199 -0.043440 0.003044 0.271822 -0.014097 0.962240
1788232766.148930311 0.159820 0.044490 -0.033535 0.003322 0.266560 -0.013233 0.963722
1788232766.182266235 0.162726 0.045570 -0.019135 0.003817 0.261271 -0.013385 0.965165
1788232766.215601921 0.162546 0.046044 -0.007059 0.003611 0.255700 -0.013355 0.966657
1788232766.248936653 0.165060 0.047545 0.007512 0.003195 0.249647 -0.012945 0.968245
1788232766.282288551 0.165121 0.048259 0.021056 0.002950 0.244345 -0.012907 0.969598
1788232766.315640211 0.164381 0.048890 0.034111 0.002968 0.238709 -0.013237 0.970996
1788232766.348992109 0.165880 0.049288 0.046887 0.002764 0.232731 -0.012861 0.972452
1788232766.382344007 0.167270 0.050982 0.061426 0.002861 0.227230 -0.012656 0.973755
1788232766.415696144 0.166635 0.049730 0.072360 0.002999 0.221129 -0.012494 0.975160
1788232766.449048281 0.166392 0.050679 0.086282 0.003022 0.214839 -0.011984 0.976571
1788232766.482400656 0.166428 0.050614 0.099159 0.002805 0.208685 -0.011055 0.977916
1788232766.515752792 0.167549 0.051057 0.110919 0.003161 0.202751 -0.010405 0.979170
1788232766.549104929 0.165739 0.051778 0.123872 0.003698 0.196728 -0.010462 0.980395
1788232766.582457781 0.167085 0.053054 0.137935 0.003727 0.190086 -0.009837 0.981711
1788232766.615810156 0.168421 0.054245 0.152139 0.003711 0.183583 -0.009092 0.982955
1788232766.649162531 0.167487 0.054663 0.166532 0.003813 0.177255 -0.008720 0.984119
1788232766.682514429 0.164581 0.053720 0.179479 0.003848 0.170276 -0.008860 0.985349
1788232766.715867281 0.162588 0.056092 0.193219 0.004027 0.163021 -0.008704 0.986576
1788232766.749220133 0.161465 0.056714 0.206850 0.004028 0.156114 -0.008076 0.987698
1788232766.782572985 0.159986 0.057341 0.221478 0.003981 0.149083 -0.007967 0.988785
1788232766.815925837 0.155681 0.059358 0.234813 0.004027 0.141630 -0.008046 0.989879
1788232766.849278927 0.157594 0.059327 0.252358 0.003509 0.133857 -0.007634 0.990965
1788232766.882632256 0.153410 0.060111 0.264994 0.003053 0.126546 -0.007281 0.991929
1788232766.915985346 0.148744 0.060598 0.279372 0.003000 0.119297 -0.006957 0.992830
1788232766.949338436 0.146281 0.062749 0.292616 0.003270 0.111536 -0.006676 0.993733
1788232766.982692003 0.144865 0.062676 0.306802 0.003579 0.103822 -0.005945 0.994572
1788232767.016045094 0.140027 0.063124 0.317703 0.004102 0.096561 -0.005391 0.995304
1788232767.049398899 0.133001 0.059986 0.326045 0.004124 0.089173 -0.004928 0.995995
1788232767.082752705 0.130681 0.060663 0.338741 0.004255 0.081487 -0.004522 0.996655
1788232767.116106033 0.125414 0.061271 0.351593 0.003953 0.073995 -0.003720 0.997244
1788232767.149458885 0.120538 0.061811 0.364330 0.003460 0.066504 -0.003135 0.997775
1788232767.182812452 0.115704 0.061557 0.378525 0.002869 0.058718 -0.002948 0.998266
1788232767.216166496 0.112369 0.062001 0.391070 0.002584 0.051064 -0.002653 0.998689
1788232767.249520540 0.105521 0.062483 0.404811 0.002248 0.043898 -0.002586 0.999030
1788232767.282859325 0.100640 0.064116 0.417190 0.002479 0.036241 -0.002596 0.999337
1788232767.316198349 0.092852 0.063552 0.427355 0.003056 0.029657 -0.002615 0.999552
1788232767.349537373 0.090700 0.063405 0.438789 0.003576 0.023513 -0.001681 0.999716
1788232767.382876158 0.087493 0.062196 0.451424 0.003848 0.018111 -0.000562 0.999828
1788232767.416215181 0.084772 0.061339 0.461291 0.004000 0.013044 -0.000158 0.999907
1788232767.449554205 0.079246 0.060601 0.474311 0.004001 0.007939 -0.000123 0.999960
1788232767.482893229 0.076102 0.060966 0.487416 0.003869 0.002565 -0.000032 0.999989
1788232767.516232014 0.070719 0.062820 0.498986 0.003908 -0.002462 -0.000062 0.999989
1788232767.549571037 0.067617 0.061219 0.511805 0.003673 -0.007820 0.000044 0.999963
1788232767.582908869 0.060453 0.061483 0.524325 0.003555 -0.013098 0.000473 0.999908
1788232767.616247654 0.055450 0.061827 0.536257 0.003300 -0.017966 0.000868 0.999833
1788232767.649586439 0.051739 0.061203 0.550024 0.003030 -0.021974 0.000864 0.999754
1788232767.682925463 0.046898 0.062413 0.559144 0.003292 -0.026211 0.000567 0.999651
1788232767.716264248 0.043617 0.063224 0.570687 0.002719 -0.030026 0.000617 0.999545
1788232767.749603271 0.040124 0.063607 0.580894 0.001687 -0.032209 0.000790 0.999479
1788232767.782942057 0.041148 0.064494 0.587630 0.000923 -0.033110 0.000852 0.999451
1788232767.816280603 0.039760 0.063316 0.593291 0.001331 -0.034406 0.001377 0.999406
1788232767.849619627 0.040013 0.061751 0.595645 0.002096 -0.035964 0.001984 0.999349
1788232767.882958412 0.038958 0.062703 0.598513 0.002197 -0.035783 0.001943 0.999355
1788232767.916297436 0.038926 0.062873 0.601051 0.002216 -0.035111 0.001710 0.999380
1788232767.949635983 0.038666 0.063254 0.602520 0.002267 -0.035458 0.001495 0.999367
1788232767.982974768 0.038192 0.062304 0.603586 0.002041 -0.035061 0.001265 0.999382
1788232768.016312361 0.040731 0.062799 0.603320 0.002389 -0.034012 0.001423 0.999418
1788232768.049651384 0.038641 0.062518 0.601357 0.002903 -0.033577 0.001550 0.999431
1788232768.082989931 0.039514 0.062755 0.601075 0.003153 -0.033808 0.001701 0.999422
1788232768.116328716 0.041255 0.062696 0.600575 0.003100 -0.033655 0.001596 0.999427
1788232768.149667501 0.039585 0.062393 0.600198 0.003096 -0.033178 0.001567 0.999443
1788232768.183006048 0.040580 0.063787 0.601421 0.003069 -0.033275 0.001421 0.999441
1788232768.216344833 0.040473 0.063616 0.600740 0.002983 -0.033322 0.001357 0.999439
1788232768.249683619 0.040019 0.062435 0.601985 0.002843 -0.033238 0.001471 0.999442
1788232768.283028841 0.041207 0.063260 0.601696 0.003003 -0.033266 0.001600 0.999441
1788232768.316374302 0.040897 0.063282 0.601999 0.003007 -0.033230 0.001596 0.999442
1788232768.349720001 0.041320 0.062780 0.601149 0.003002 -0.033223 0.001615 0.999442
1788232768.383065224 0.041376 0.062848 0.601829 0.003025 -0.033259 0.001554 0.999441
1788232768.416410923 0.040656 0.063700 0.600910 0.003083 -0.033198 0.001425 0.999443
1788232768.449756622 0.040271 0.063824 0.601688 0.003084 -0.033085 0.001472 0.999447
1788232768.483101130 0.040402 0.062622 0.601458 0.002982 -0.033044 0.001563 0.999448
1788232768.516446590 0.040571 0.062996 0.600756 0.003018 -0.033053 0.001583 0.999448
1788232768.549792051 0.040762 0.063555 0.600828 0.003079 -0.033031 0.001458 0.999449
1788232768.583137989 0.040048 0.062754 0.600696 0.003009 -0.032977 0.001414 0.999451
1788232768.616483450 0.040950 0.062939 0.601147 0.003044 -0.033087 0.001432 0.999447
1788232768.649828911 0.040686 0.063429 0.601610 0.003077 -0.033066 0.001413 0.999447
1788232768.683174849 0.041442 0.062538 0.601415 0.002985 -0.033073 0.001494 0.999447
1788232768.716520309 0.040638 0.062756 0.601751 0.002959 -0.033026 0.001560 0.999449
1788232768.749866009 0.042435 0.062491 0.600913 0.002945 -0.033142 0.001574 0.999445
1788232768.783211708 0.041066 0.063077 0.600941 0.002976 -0.033039 0.001477 0.999449
1788232768.816557169 0.040001 0.063503 0.600694 0.002746 -0.033151 0.001336 0.999446
1788232768.849902868 0.039940 0.064234 0.599887 0.002741 -0.033053 0.001313 0.999449
1788232768.883249044 0.041164 0.063733 0.599319 0.002702 -0.033097 0.001453 0.999447
1788232768.916593552 0.040003 0.062751 0.598096 0.002264 -0.033360 0.001533 0.999440
1788232768.949939251 0.041875 0.063620 0.596004 0.002136 -0.033615 0.001555 0.999431
1788232768.983285189 0.041667 0.062226 0.592626 0.002206 -0.033462 0.001595 0.999436
1788232769.016630650 0.040785 0.062425 0.587952 0.002587 -0.033291 0.001535 0.999441
1788232769.049976587 0.041027 0.062722 0.583025 0.002648 -0.033546 0.001372 0.999433
1788232769.083322525 0.041106 0.061731 0.578237 0.002661 -0.033692 0.001352 0.999428
1788232769.116668224 0.041398 0.061383 0.575093 0.002924 -0.033532 0.001348 0.999433
1788232769.150014162 0.042726 0.061160 0.570068 0.003197 -0.033451 0.001064 0.999435
1788232769.183359861 0.041789 0.059624 0.565269 0.003236 -0.033482 0.001055 0.999434
1788232769.216705561 0.040928 0.060121 0.560499 0.003381 -0.033403 0.001101 0.999436
1788232769.250051737 0.043274 0.060498 0.556303 0.003251 -0.033423 0.001332 0.999435
1788232769.283389091 0.043890 0.059402 0.554554 0.002941 -0.033367 0.001606 0.999438
1788232769.316726446 0.043308 0.060365 0.549062 0.003070 -0.033630 0.001619 0.999428
1788232769.350062609 0.044423 0.060044 0.547802 0.002944 -0.034051 0.001673 0.999414
1788232769.383399963 0.042751 0.059460 0.542323 0.003050 -0.034003 0.001540 0.999416
1788232769.416737080 0.045653 0.059524 0.538785 0.003036 -0.034060 0.001582 0.999414
1788232769.450074434 0.046290 0.058779 0.534045 0.003138 -0.033763 0.001530 0.999424
1788232769.483411789 0.045682 0.059154 0.527309 0.003480 -0.033311 0.001473 0.999438
1788232769.516748905 0.046742 0.058410 0.522820 0.003592 -0.032999 0.001681 0.999448
1788232769.550086021 0.045843 0.058632 0.516716 0.003760 -0.032996 0.001823 0.999447
1788232769.583423138 0.046617 0.058796 0.513739 0.003674 -0.033239 0.001909 0.999439
1788232769.616760254 0.045413 0.057864 0.509949 0.003291 -0.033198 0.001924 0.999442
1788232769.650097370 0.046418 0.059426 0.506643 0.003275 -0.033615 0.001699 0.999428
1788232769.683434010 0.046333 0.057348 0.500816 0.003204 -0.033996 0.001587 0.999416
1788232769.716771364 0.045189 0.056216 0.496044 0.002998 -0.034388 0.001325 0.999403
1788232769.750108242 0.044306 0.057050 0.492095 0.002834 -0.034467 0.001198 0.999401
1788232769.783445120 0.046107 0.056841 0.487324 0.002957 -0.034206 0.001446 0.999409
1788232769.816781282 0.047981 0.056043 0.481858 0.003033 -0.034183 0.001602 0.999410
1788232769.850117922 0.049300 0.055868 0.474706 0.003145 -0.034382 0.001825 0.999402
1788232769.883454800 0.049311 0.054692 0.468341 0.003339 -0.034251 0.001940 0.999406
1788232769.916791677 0.049143 0.054947 0.462840 0.003407 -0.034169 0.001890 0.999408
1788232769.950128555 0.050588 0.057035 0.457061 0.003497 -0.034222 0.001999 0.999406
1788232769.983464956 0.051966 0.055928 0.450996 0.003531 -0.034146 0.002095 0.999408
1788232770.016801834 0.052477 0.055857 0.444268 0.003550 -0.033999 0.002171 0.999413
1788232770.050138474 0.054681 0.055767 0.438253 0.003626 -0.034192 0.002361 0.999406
1788232770.083475351 0.055187 0.054581 0.430769 0.004021 -0.034359 0.002405 0.999399
1788232770.116811991 0.055624 0.054471 0.422864 0.004249 -0.034603 0.002150 0.999390
1788232770.150148392 0.054231 0.055232 0.417692 0.003963 -0.034743 0.001930 0.999387
1788232770.183485031 0.053385 0.053364 0.410822 0.003307 -0.034281 0.002138 0.999404
1788232770.216821671 0.054381 0.054031 0.407393 0.003138 -0.033885 0.002253 0.999418
1788232770.250157118 0.055567 0.053673 0.402546 0.003097 -0.034182 0.002596 0.999407
1788232770.283493280 0.056209 0.053838 0.394830 0.002984 -0.034821 0.002983 0.999385
1788232770.316829443 0.055425 0.054205 0.388396 0.002826 -0.034513 0.002771 0.999396
1788232770.350165367 0.054844 0.054132 0.382476 0.002518 -0.034299 0.002438 0.999406
1788232770.383501530 0.055725 0.054207 0.376246 0.002122 -0.034591 0.002326 0.999397
1788232770.416837215 0.056533 0.053438 0.369076 0.001954 -0.035045 0.002102 0.999382
1788232770.450173378 0.057131 0.055299 0.362343 0.002204 -0.035257 0.002103 0.999374
1788232770.483508825 0.056238 0.055473 0.354456 0.001998 -0.035204 0.001881 0.999376
1788232770.516844749 0.058459 0.055051 0.349778 0.001546 -0.035519 0.001921 0.999366
1788232770.550180435 0.059249 0.054152 0.341631 0.001330 -0.035394 0.002077 0.999370
1788232770.583516121 0.061070 0.053200 0.335373 0.001076 -0.035174 0.002249 0.999378
1788232770.616851568 0.061693 0.053831 0.328935 0.001132 -0.035255 0.002454 0.999375
1788232770.650187492 0.061805 0.053198 0.322211 0.001097 -0.035351 0.002648 0.999371
1788232770.683521986 0.063840 0.052640 0.314882 0.001204 -0.035205 0.002670 0.999376
1788232770.716857195 0.061845 0.052882 0.307280 0.001552 -0.035054 0.002667 0.999381
1788232770.750192642 0.063571 0.052075 0.299768 0.001899 -0.035409 0.002606 0.999368
1788232770.783528328 0.062797 0.051984 0.292533 0.002171 -0.035602 0.002451 0.999361
1788232770.816863298 0.062342 0.051816 0.285385 0.002518 -0.035542 0.002137 0.999363
1788232770.850198984 0.063351 0.048887 0.277490 0.002632 -0.035472 0.002424 0.999364
1788232770.883533955 0.066900 0.049274 0.270673 0.002475 -0.035706 0.002741 0.999355
1788232770.916869164 0.066484 0.049280 0.262828 0.002338 -0.035492 0.003005 0.999363
1788232770.950204611 0.067815 0.049523 0.258017 0.002419 -0.035604 0.003321 0.999358
1788232770.983539343 0.065945 0.048290 0.250161 0.002165 -0.035467 0.003055 0.999364
1788232771.016874552 0.065317 0.047538 0.241819 0.002213 -0.035417 0.002679 0.999367
1788232771.050209761 0.064683 0.047157 0.233096 0.002641 -0.035343 0.002509 0.999369
1788232771.083544493 0.065759 0.047761 0.225906 0.002998 -0.035605 0.002389 0.999359
1788232771.116879463 0.067970 0.046736 0.217926 0.003215 -0.036032 0.002301 0.999343
1788232771.150213242 0.067067 0.047099 0.210743 0.003384 -0.036127 0.002099 0.999339
1788232771.183548212 0.066048 0.046474 0.202905 0.003363 -0.036051 0.002082 0.999342
1788232771.216882706 0.068782 0.045581 0.197332 0.002764 -0.035914 0.002323 0.999348
1788232771.250217676 0.068971 0.047105 0.190828 0.002489 -0.035600 0.002401 0.999360
1788232771.283555031 0.069414 0.044686 0.184948 0.002176 -0.035664 0.002488 0.999358
1788232771.316892385 0.071533 0.045615 0.178061 0.002146 -0.035901 0.002504 0.999350
1788232771.350229263 0.070876 0.045003 0.169567 0.002463 -0.035588 0.002392 0.999361
1788232771.383566380 0.071719 0.045149 0.160230 0.002589 -0.035664 0.002428 0.999358
1788232771.416903734 0.073163 0.045718 0.154499 0.002627 -0.035931 0.002291 0.999348
1788232771.450240850 0.073715 0.044110 0.146979 0.002544 -0.036278 0.002135 0.999336
1788232771.483577728 0.072182 0.044166 0.139020 0.002552 -0.036520 0.001963 0.999328
1788232771.516914845 0.073010 0.044314 0.131575 0.002386 -0.036627 0.001890 0.999324
1788232771.550251961 0.073127 0.044180 0.125764 0.001905 -0.036143 0.001980 0.999343
1788232771.583587646 0.074348 0.043516 0.119780 0.001312 -0.035890 0.001954 0.999353
1788232771.616924763 0.075441 0.042962 0.114380 0.000950 -0.036156 0.002039 0.999344
1788232771.650261641 0.074967 0.043428 0.105721 0.000987 -0.036075 0.001894 0.999347
1788232771.683598518 0.074857 0.045197 0.097280 0.001601 -0.035736 0.001586 0.999359
1788232771.716935396 0.075019 0.044424 0.090245 0.001957 -0.035846 0.001628 0.999354
1788232771.750272036 0.075861 0.042801 0.080817 0.002180 -0.036242 0.001537 0.999340
1788232771.783608675 0.075219 0.041026 0.072067 0.002263 -0.036435 0.001546 0.999332
1788232771.816945791 0.075237 0.043631 0.064608 0.002789 -0.036414 0.001416 0.999332
1788232771.850282431 0.076814 0.043319 0.057871 0.002640 -0.036237 0.001640 0.999338
1788232771.883618832 0.077118 0.040197 0.050290 0.002254 -0.035977 0.002038 0.999348
1788232771.916955471 0.078051 0.039533 0.042440 0.002484 -0.035945 0.002325 0.999348
1788232771.950292110 0.077226 0.039519 0.035961 0.002293 -0.035889 0.002093 0.999351
1788232771.983628750 0.079398 0.040396 0.030063 0.002194 -0.035937 0.001844 0.999350
1788232772.016964197 0.080264 0.040256 0.022379 0.002707 -0.035785 0.001853 0.999354
1788232772.050300598 0.078825 0.039347 0.012522 0.002998 -0.035651 0.001755 0.999358
1788232772.083636999 0.081185 0.040695 0.005329 0.003287 -0.036045 0.001666 0.999343
1788232772.116973400 0.081283 0.039037 -0.001974 0.003435 -0.036375 0.001993 0.999330
1788232772.150310040 0.082183 0.039232 -0.008222 0.004505 -0.036444 0.001854 0.999324
1788232772.183646202 0.083999 0.037809 -0.012405 0.004464 -0.036379 0.002091 0.999326
1788232772.216982841 0.084112 0.038861 -0.012796 0.003372 -0.036293 0.002165 0.999333
1788232772.250319004 0.085056 0.039243 -0.015302 0.002796 -0.036302 0.002171 0.999335
1788232772.283658981 0.085190 0.038504 -0.017188 0.003198 -0.036177 0.002346 0.999338
1788232772.316998482 0.084747 0.036997 -0.020865 0.003684 -0.036251 0.002303 0.999333
1788232772.350338221 0.083283 0.037516 -0.022676 0.003888 -0.036154 0.002087 0.999337
1788232772.383677721 0.085198 0.038646 -0.021626 0.004026 -0.036233 0.002193 0.999333
1788232772.417017698 0.083926 0.037698 -0.022265 0.003633 -0.036155 0.002154 0.999337
1788232772.450357437 0.084502 0.038341 -0.019494 0.003219 -0.036227 0.002147 0.999336
1788232772.483695984 0.084617 0.038143 -0.018306 0.003275 -0.036124 0.002216 0.999340
1788232772.517035723 0.083516 0.037632 -0.018902 0.003402 -0.036075 0.002249 0.999341
1788232772.550375223 0.084169 0.039142 -0.016557 0.003116 -0.036325 0.002234 0.999333
1788232772.583715200 0.083552 0.038984 -0.016717 0.002845 -0.036184 0.002081 0.999339
1788232772.617054939 0.081943 0.039573 -0.017782 0.003108 -0.035993 0.002101 0.999345
1788232772.650394678 0.082723 0.040211 -0.016993 0.003322 -0.036084 0.001950 0.999341
1788232772.683734179 0.083791 0.039101 -0.017917 0.003422 -0.036138 0.002094 0.999339
1788232772.717073917 0.084828 0.038187 -0.017447 0.003276 -0.036210 0.002230 0.999336
1788232772.750413656 0.084229 0.037505 -0.019016 0.003202 -0.036159 0.002193 0.999339
1788232772.783753395 0.084319 0.038458 -0.018336 0.003265 -0.036192 0.002095 0.999337
1788232772.817093134 0.084076 0.037990 -0.017145 0.003119 -0.036189 0.002154 0.999338
1788232772.850432634 0.085029 0.039306 -0.016633 0.003111 -0.036244 0.002216 0.999336
1788232772.883772612 0.084826 0.040645 -0.016134 0.003244 -0.036201 0.002171 0.999337
1788232772.917111158 0.084515 0.037437 -0.016821 0.003103 -0.036222 0.002200 0.999337
1788232772.950450897 0.084257 0.037292 -0.017276 0.003144 -0.036144 0.002280 0.999339
1788232772.983790636 0.085190 0.037532 -0.017221 0.003166 -0.036261 0.002341 0.999335
1788232773.017130375 0.084910 0.038663 -0.017191 0.003240 -0.036264 0.002238 0.999335
1788232773.050469637 0.086175 0.039045 -0.015879 0.003207 -0.036390 0.002294 0.999330
1788232773.083809614 0.084931 0.037925 -0.017463 0.003119 -0.036261 0.002216 0.999335
1788232773.117149353 0.083940 0.038480 -0.018176 0.003201 -0.036183 0.002186 0.999338
1788232773.150488853 0.083476 0.038143 -0.018354 0.003149 -0.036145 0.002085 0.999339
1788232773.183828831 0.084295 0.038298 -0.018139 0.003262 -0.036209 0.002183 0.999337
1788232773.217168331 0.084297 0.038187 -0.018492 0.003251 -0.036169 0.002240 0.999338
1788232773.250507832 0.085452 0.038741 -0.017616 0.003226 -0.036289 0.002198 0.999334
1788232773.283848286 0.085187 0.039282 -0.017572 0.003256 -0.036264 0.002124 0.999335
1788232773.317188501 0.083926 0.039224 -0.017810 0.003240 -0.036167 0.002155 0.999338
1788232773.350527525 0.083769 0.038147 -0.018689 0.003138 -0.036177 0.002221 0.999338
1788232773.383867979 0.084481 0.038837 -0.018753 0.003278 -0.036218 0.002193 0.999336
1788232773.417208195 0.084437 0.039461 -0.017581 0.003346 -0.036213 0.002199 0.999336
1788232773.450548410 0.084895 0.038776 -0.018455 0.003279 -0.036243 0.002294 0.999335
1788232773.483888865 0.083591 0.039913 -0.018560 0.003371 -0.036069 0.002033 0.999342
1788232773.517228842 0.084304 0.038293 -0.018347 0.003180 -0.036212 0.002209 0.999337
1788232773.550569296 0.083416 0.038639 -0.018712 0.003198 -0.036128 0.002168 0.999340
1788232773.583909512 0.083052 0.038852 -0.018955 0.003246 -0.036087 0.002172 0.999341
1788232773.617249727 0.083343 0.038856 -0.018979 0.003284 -0.036128 0.002131 0.999340
1788232773.650590181 0.084250 0.038884 -0.018610 0.003278 -0.036192 0.002180 0.999337
1788232773.683930159 0.083991 0.038478 -0.018212 0.003204 -0.036166 0.002209 0.999338
1788232773.717270613 0.083622 0.038727 -0.018317 0.003220 -0.036153 0.002223 0.999339
1788232773.750611067 0.083977 0.038183 -0.019017 0.003173 -0.036188 0.002225 0.999338
1788232773.783951044 0.084712 0.038119 -0.018457 0.003182 -0.036260 0.002290 0.999335
1788232773.817290306 0.084040 0.038936 -0.018148 0.003255 -0.036181 0.002239 0.999337
1788232773.850630760 0.084538 0.039074 -0.017828 0.003318 -0.036187 0.002244 0.999337
1788232773.883971214 0.084883 0.038655 -0.018926 0.003244 -0.036248 0.002217 0.999335
1788232773.917311430 0.085244 0.037732 -0.017956 0.003138 -0.036278 0.002292 0.999334
