1781254169.239699 0.000000000 0.000000000 0.000000000 -0.000000000 -0.000000000 -0.000000000 1.000000000
1781254169.532688 0.000107636 -0.000197738 -0.004757102 0.000012956 -0.003293214 0.000064310 0.999994576
1781254169.726703 0.000903127 -0.000297128 -0.006527387 0.000019228 -0.004865579 0.000180852 0.999988139
1781254169.887579 0.001206873 -0.000659461 -0.009820985 0.000056170 -0.007019242 0.000345108 0.999975324
1781254170.047727 0.001016028 -0.000267058 -0.011375640 0.000221183 -0.006979153 0.000381659 0.999975562
1781254170.246593 0.001040975 -0.000693347 -0.011259208 0.000122665 -0.007029483 0.000287531 0.999975264
1781254170.446828 0.001700323 -0.000580549 -0.011481063 0.000044374 -0.007191741 0.000330806 0.999974072
1781254170.680425 0.001492766 -0.000630748 -0.010817782 0.000069599 -0.007112229 0.000379008 0.999974668
1781254170.914011 0.001392514 -0.000705752 -0.011260438 0.000027876 -0.007166868 0.000439331 0.999974251
1781254170.947380 0.001202344 -0.000882784 -0.011102823 -0.000013940 -0.007051912 0.000289188 0.999975145
1781254170.980748 0.000778068 -0.000591010 -0.011435656 0.000062618 -0.006917761 0.000349100 0.999976039
1781254171.014117 0.001079729 -0.000913931 -0.011741695 0.000035682 -0.007008892 0.000341931 0.999975383
1781254171.047484 0.001597761 -0.000951917 -0.011083546 -0.000082722 -0.007242671 0.000451691 0.999973655
1781254171.080854 0.001537813 -0.000757779 -0.010999000 -0.000008881 -0.007247048 0.000359459 0.999973714
1781254171.114212 0.002084923 -0.001255932 -0.010933080 -0.000191753 -0.007431800 0.000332129 0.999972343
1781254171.147569 0.001450398 -0.000922931 -0.011384334 -0.000074821 -0.007299694 0.000382862 0.999973297
1781254171.180926 0.001095157 -0.001020504 -0.011452186 -0.000050612 -0.007260866 0.000329658 0.999973595
1781254171.214283 0.001434332 -0.001020160 -0.011389503 -0.000091560 -0.007353217 0.000309442 0.999972939
1781254171.247639 0.001168006 -0.001043147 -0.011614726 -0.000100641 -0.007350509 0.000336768 0.999972939
1781254171.280995 0.001288710 -0.000841354 -0.011902859 0.000024117 -0.007488539 0.000271122 0.999971926
1781254171.314350 0.000876739 -0.000531073 -0.012039872 0.000083236 -0.007475230 0.000243873 0.999972045
1781254171.347705 0.001068646 -0.000935534 -0.011816069 -0.000023362 -0.007646032 0.000281223 0.999970734
1781254171.381059 0.001446212 -0.001347152 -0.012207545 -0.000162269 -0.007837002 0.000405518 0.999969244
1781254171.414413 0.001394426 -0.001063490 -0.012044768 -0.000057825 -0.007896828 0.000287090 0.999968827
1781254171.447766 0.002464141 -0.001007885 -0.012014263 -0.000053714 -0.008222349 0.000326716 0.999966145
1781254171.481119 0.001915456 -0.001250061 -0.012697429 -0.000144976 -0.008081611 0.000369509 0.999967277
1781254171.514472 0.001913732 -0.001019924 -0.012701846 -0.000097062 -0.008093799 0.000371306 0.999967217
1781254171.547824 0.001862606 -0.000769215 -0.013074178 -0.000025327 -0.008064060 0.000238404 0.999967456
1781254171.581176 0.002036010 -0.001493914 -0.013489433 -0.000191584 -0.008012866 0.000317687 0.999967873
1781254171.614527 0.001916860 -0.001545027 -0.014047273 -0.000254423 -0.007864141 0.000418621 0.999968946
1781254171.647877 0.001943692 -0.001249003 -0.014866778 -0.000122612 -0.007479755 0.000393771 0.999971926
1781254171.681228 0.002352869 -0.001432000 -0.015891185 -0.000256156 -0.007064184 0.000240419 0.999975026
1781254171.714578 0.001712656 -0.001650595 -0.017021224 -0.000267562 -0.006237247 0.000231920 0.999980509
1781254171.747927 0.001633818 -0.001844436 -0.017973941 -0.000371081 -0.005358748 0.000009652 0.999985576
1781254171.781277 0.001706755 -0.000660252 -0.019441083 0.000154359 -0.004019205 -0.000015214 0.999991953
1781254171.814626 0.001348739 -0.001118238 -0.020796424 -0.000120619 -0.002660105 0.000093085 0.999996483
1781254171.847973 0.001760656 -0.001494710 -0.022324461 -0.000054698 -0.001199363 -0.000147139 0.999999285
1781254171.881321 0.000915876 -0.002003141 -0.025094565 -0.000270738 0.000660183 -0.000249921 0.999999762
1781254171.914668 0.000665112 -0.002015338 -0.027093830 -0.000213332 0.002593130 -0.000328558 0.999996543
1781254171.948015 0.000621978 -0.002312222 -0.029758053 -0.000269752 0.004635960 -0.000450104 0.999989092
1781254171.981361 0.001219837 -0.002148529 -0.032412346 -0.000188111 0.006601589 -0.000680977 0.999978006
1781254172.014707 0.001438360 -0.001659608 -0.035303764 -0.000011115 0.008948699 -0.000788073 0.999959648
1781254172.048052 0.002530267 -0.002850132 -0.037328184 -0.000480911 0.010433936 -0.000580571 0.999945283
1781254172.081398 0.000914681 -0.001432883 -0.041131787 -0.000001412 0.012005483 -0.000968907 0.999927461
1781254172.114768 0.001975964 -0.003074226 -0.043719243 -0.000467731 0.012574511 -0.000450751 0.999920726
1781254172.148137 0.002646089 -0.003494418 -0.048463035 -0.000495046 0.013576013 -0.000579122 0.999907553
1781254172.181506 0.001350936 -0.003258640 -0.052653704 -0.000382436 0.015172765 -0.000945937 0.999884427
1781254172.214875 0.002424912 -0.004519425 -0.056818482 -0.000748766 0.016596451 -0.000851233 0.999861658
1781254172.248244 0.002324752 -0.004410864 -0.062129859 -0.000525223 0.018606156 -0.001008953 0.999826252
1781254172.281613 0.000655854 -0.003832811 -0.066954128 -0.000159550 0.020698911 -0.001245333 0.999785006
1781254172.314981 0.001356179 -0.004906015 -0.071864381 -0.000435683 0.022301601 -0.000891490 0.999750793
1781254172.348350 -0.000655205 -0.004224590 -0.076445073 0.000115094 0.024411138 -0.001510973 0.999700844
1781254172.381718 -0.001041655 -0.004921956 -0.081506357 0.000032873 0.026136193 -0.001662444 0.999657035
1781254172.415087 -0.001342782 -0.004457267 -0.086488701 0.000177161 0.027514311 -0.001364828 0.999620497
1781254172.448455 -0.001365618 -0.005726183 -0.090923890 0.000069937 0.028258217 -0.001358096 0.999599755
1781254172.481824 -0.003033869 -0.005186099 -0.096099868 0.000335946 0.028825944 -0.001773981 0.999582827
1781254172.515192 -0.004058597 -0.006211637 -0.101436324 0.000075145 0.028830171 -0.001641952 0.999583006
1781254172.548560 -0.004869023 -0.005901909 -0.104959816 0.000334641 0.029167054 -0.001710994 0.999573052
1781254172.581927 -0.004934136 -0.007231488 -0.109148160 -0.000075687 0.029804265 -0.001464375 0.999554694
1781254172.615295 -0.005258780 -0.006242913 -0.113609441 0.000498598 0.031148655 -0.001253554 0.999513865
1781254172.648662 -0.004630532 -0.006420864 -0.118731447 0.000541459 0.031909697 -0.001096640 0.999490023
1781254172.682029 -0.006268341 -0.007718317 -0.123254351 0.000385878 0.033566039 -0.001144142 0.999435782
1781254172.715396 -0.005463786 -0.007929934 -0.127960414 0.000640721 0.035043504 -0.001154897 0.999384940
1781254172.748763 -0.004892422 -0.008999524 -0.133020252 0.000640969 0.036207475 -0.001014968 0.999343574
1781254172.782130 -0.006524710 -0.008322134 -0.137238100 0.001057940 0.037806831 -0.001522167 0.999283373
1781254172.815497 -0.005382561 -0.008350471 -0.142353192 0.001237358 0.038367908 -0.001248215 0.999262154
1781254172.848863 -0.004799890 -0.010039337 -0.147677079 0.000817619 0.039204881 -0.001181880 0.999230146
1781254172.882230 -0.004634631 -0.010111533 -0.153288037 0.001086099 0.040335167 -0.001220466 0.999184906
1781254172.915596 -0.004458025 -0.009658550 -0.158121169 0.001254244 0.040930688 -0.000931076 0.999160767
1781254172.948962 -0.003265629 -0.009313236 -0.163290352 0.001533234 0.041350249 -0.001103282 0.999142945
1781254172.982328 -0.000874666 -0.008587030 -0.167731360 0.001950032 0.041122355 -0.000601763 0.999152064
1781254173.015694 -0.001529990 -0.010440907 -0.173920333 0.001675732 0.042251050 -0.001007378 0.999105155
1781254173.049060 -0.000637235 -0.010543653 -0.179235354 0.001646526 0.042648572 -0.000723885 0.999088526
1781254173.115796 0.003948616 -0.011131361 -0.187237754 0.001693515 0.042703129 -0.000496633 0.999086261
1781254173.149166 0.003844400 -0.011424189 -0.193155080 0.001701553 0.043367956 -0.000480260 0.999057651
1781254173.215906 0.005623108 -0.012272365 -0.203668013 0.001836262 0.044725884 -0.000640289 0.998997450
1781254173.282645 0.007111263 -0.012060445 -0.212208271 0.002009354 0.046128459 -0.000491684 0.998933375
1781254173.316015 0.008219630 -0.014888054 -0.217776164 0.001419605 0.047132280 -0.000710878 0.998887420
1781254173.349385 0.011120155 -0.013900307 -0.222635880 0.001613727 0.047560915 -0.000587008 0.998866856
1781254173.416123 0.013233178 -0.013763119 -0.232246816 0.002028559 0.048622265 -0.000536133 0.998815060
1781254173.482861 0.014619703 -0.014617285 -0.243586376 0.002076749 0.050092489 -0.000478063 0.998742342
1781254173.549599 0.016355272 -0.015627563 -0.253462464 0.001930919 0.051310070 -0.000515663 0.998680770
1781254173.616336 0.017366683 -0.015936134 -0.263759434 0.001890013 0.052127443 -0.000352478 0.998638630
1781254173.683073 0.019971535 -0.017049594 -0.276210278 0.001807669 0.053554554 -0.000452246 0.998563170
1781254173.749810 0.021462537 -0.016072020 -0.288708210 0.002290827 0.055203848 -0.000375849 0.998472452
1781254173.816546 0.023398669 -0.018088233 -0.301856875 0.001972914 0.056535650 -0.000260999 0.998398602
1781254173.883283 0.026038496 -0.018980414 -0.315176100 0.001819928 0.057903305 -0.000374480 0.998320460
1781254173.950018 0.027217511 -0.020521399 -0.329726011 0.001534663 0.059926338 -0.000450988 0.998201549
1781254174.016753 0.029855335 -0.021482658 -0.343678176 0.001464677 0.061446283 -0.000414361 0.998109281
1781254174.083488 0.030635608 -0.022347037 -0.357606292 0.001508594 0.063216634 -0.000618753 0.997998476
1781254174.183705 0.033017602 -0.022896348 -0.378660858 0.001454133 0.065270670 -0.000607589 0.997866392
1781254174.217180 0.034011934 -0.023919493 -0.387107164 0.001558843 0.066691451 -0.000190848 0.997772455
1781254174.250656 0.036253937 -0.022703037 -0.393161148 0.001817095 0.065954007 -0.000440239 0.997820914
1781254174.317610 0.037539177 -0.025480162 -0.408610314 0.001381472 0.067232043 -0.000644781 0.997736216
1781254174.384568 0.040002704 -0.025638979 -0.422747254 0.001586698 0.068195172 -0.000697321 0.997670531
1781254174.485012 0.043553602 -0.027655341 -0.443455368 0.001418999 0.068755679 -0.000791284 0.997632265
1781254174.518496 0.044134233 -0.027188942 -0.448642075 0.001656896 0.068885244 -0.000871838 0.997622848
1781254174.551980 0.045141280 -0.027345670 -0.454147249 0.001669579 0.068756416 -0.000995056 0.997631609
1781254174.585466 0.047570568 -0.027438963 -0.459387600 0.001714912 0.068302192 -0.000912470 0.997662783
1781254174.652440 0.048809420 -0.029147564 -0.469608933 0.001391161 0.067715771 -0.000878142 0.997703314
1781254174.685928 0.050793599 -0.029381441 -0.474787980 0.001346787 0.066807531 -0.000901848 0.997764587
1781254174.719417 0.051761605 -0.028748550 -0.478231013 0.001577698 0.066085413 -0.000970678 0.997812331
1781254174.786399 0.056690104 -0.030097103 -0.487215281 0.001306589 0.063980095 -0.000830035 0.997949958
1781254174.819891 0.057953294 -0.031189390 -0.491950065 0.001105895 0.063243240 -0.000772455 0.997997224
1781254174.853384 0.060686026 -0.031077646 -0.496001273 0.001248718 0.062099077 -0.000825553 0.998068929
1781254174.886878 0.064453706 -0.031333644 -0.499581605 0.001167475 0.061176237 -0.001046009 0.998125792
1781254174.920373 0.067553468 -0.030617027 -0.503184855 0.001376059 0.060854360 -0.001115305 0.998145103
1781254174.953869 0.071126223 -0.031155674 -0.506936312 0.001242321 0.060601830 -0.001388225 0.998160303
1781254174.987366 0.074232750 -0.030802025 -0.510787070 0.001337612 0.060857315 -0.001292763 0.998144805
1781254175.020864 0.077749893 -0.031883042 -0.514721692 0.001076915 0.061765868 -0.001195857 0.998089433
1781254175.054363 0.082985014 -0.032946236 -0.519016623 0.000735192 0.062154222 -0.001613293 0.998064995
1781254175.087862 0.086286098 -0.031800110 -0.521570623 0.001085097 0.063639581 -0.001478087 0.997971296
1781254175.121363 0.091909982 -0.031356312 -0.526005030 0.001402663 0.064519487 -0.001486659 0.997914374
1781254175.154860 0.097272418 -0.031479098 -0.529140830 0.001268083 0.066213168 -0.001671493 0.997803390
1781254175.188232 0.101796545 -0.031913687 -0.532718480 0.001041897 0.068448573 -0.001819382 0.997652471
1781254175.254975 0.110382088 -0.032875199 -0.539120734 0.001005352 0.074475713 -0.002410282 0.997219443
1781254175.321718 0.119495295 -0.033792436 -0.545473576 0.001028489 0.080450997 -0.002442029 0.996755064
1781254175.355090 0.124840304 -0.032781497 -0.548635483 0.001266300 0.082433179 -0.002698328 0.996592164
1781254175.388462 0.130283058 -0.034102932 -0.552157164 0.001012454 0.084107578 -0.002840135 0.996452153
1781254175.421833 0.134360015 -0.033423103 -0.554477692 0.001336060 0.085877299 -0.002692205 0.996301234
1781254175.488577 0.143892378 -0.032924835 -0.558590770 0.001288580 0.088598430 -0.002919276 0.996062398
1781254175.521949 0.148219749 -0.033631016 -0.561304390 0.001279729 0.090549842 -0.003061966 0.995886445
1781254175.588692 0.160511747 -0.032759722 -0.565994382 0.001281366 0.094165027 -0.003257495 0.995550454
1781254175.655436 0.169801354 -0.033392414 -0.571001053 0.001415096 0.099054202 -0.003350647 0.995075405
1781254175.688808 0.181712970 -0.033699293 -0.573370159 0.001252461 0.099271558 -0.003416834 0.995053768
1781254175.722180 0.186265036 -0.034554776 -0.577380478 0.001164056 0.101816833 -0.003387752 0.994796753
1781254175.788924 0.198330268 -0.034651924 -0.581546843 0.001295223 0.106898099 -0.003729201 0.994262159
1781254175.822297 0.203819364 -0.035698250 -0.585133135 0.001124202 0.109152228 -0.003782004 0.994017243
1781254175.855669 0.210333914 -0.035658855 -0.586511552 0.001187410 0.111336231 -0.003859520 0.993774652
1781254175.889041 0.214432001 -0.034394071 -0.588183939 0.001371436 0.112975195 -0.004333693 0.993587434
1781254175.922414 0.218049690 -0.034689426 -0.590270996 0.001413404 0.115084767 -0.004604991 0.993344009
1781254175.989159 0.230977774 -0.035125397 -0.591916502 0.001433995 0.118497461 -0.004654049 0.992942393
1781254176.022532 0.234801665 -0.035334915 -0.592915297 0.001324125 0.120205261 -0.004532958 0.992737889
1781254176.055904 0.240393534 -0.034435853 -0.593995631 0.001552419 0.121225886 -0.004964736 0.992611349
1781254176.122649 0.248924568 -0.034102339 -0.594383657 0.001587110 0.124452598 -0.005206506 0.992210686
1781254176.156023 0.254670322 -0.034112833 -0.594746232 0.001834268 0.125535950 -0.005318804 0.992073178
1781254176.189384 0.257908851 -0.034378894 -0.595696270 0.001717127 0.126268774 -0.005374014 0.991980076
1781254176.222744 0.261577100 -0.034811299 -0.595479310 0.001667029 0.126892671 -0.005331578 0.991900742
1781254176.289465 0.269355744 -0.033584125 -0.594290018 0.001828725 0.126803398 -0.004964668 0.991913795
1781254176.389545 0.279694676 -0.034054812 -0.589610219 0.001793439 0.123910651 -0.004895014 0.992279708
1781254176.456264 0.285382032 -0.034478448 -0.585998297 0.001417458 0.118839405 -0.004422190 0.992902696
1781254176.589698 0.299775720 -0.035351608 -0.572583139 0.000600024 0.102951728 -0.003232427 0.994680941
1781254176.689773 0.312018007 -0.033897944 -0.563187003 0.000511882 0.090668753 -0.002269735 0.995878398
1781254176.789845 0.323820114 -0.032492727 -0.551320076 0.000432827 0.081492044 -0.001564315 0.996672690
1781254176.923271 0.339241385 -0.031771570 -0.532680571 0.000172898 0.073989660 -0.000603762 0.997258842
1781254177.023339 0.351176351 -0.030104661 -0.516425431 0.000157822 0.068879560 -0.000375820 0.997624993
1781254177.156761 0.365585208 -0.030342223 -0.496679515 -0.000573073 0.062771313 -0.000051418 0.998027861
1781254177.256855 0.374863267 -0.030472584 -0.480718046 -0.000817217 0.058599170 0.000422540 0.998281181
1781254177.356947 0.385301441 -0.027938442 -0.466230363 -0.000199967 0.053570133 0.000387102 0.998564005
1781254177.457039 0.394787431 -0.028011750 -0.452736706 -0.000143062 0.049030188 0.001063357 0.998796761
1781254177.557129 0.403885126 -0.027140319 -0.438175708 0.000148880 0.045323085 0.001363424 0.998971462
1781254177.623855 0.408950329 -0.027350854 -0.429288626 0.000035326 0.043020789 0.001365467 0.999073327
1781254177.723942 0.419349551 -0.024378827 -0.413138717 0.000742910 0.043139711 0.001107542 0.999068141
1781254177.790666 0.421640605 -0.027189819 -0.403848290 -0.000174952 0.044889905 0.001279264 0.998991191
1781254177.857390 0.429149926 -0.026431339 -0.391541123 0.000045432 0.046742674 0.001288934 0.998906195
1781254177.957474 0.436765641 -0.025345545 -0.374180526 0.000047730 0.051303376 0.001216759 0.998682380
1781254178.057557 0.445788175 -0.023670701 -0.356145084 0.000639552 0.056000717 0.000919462 0.998430133
1781254178.090919 0.448326051 -0.023520386 -0.350353390 0.000705689 0.057849593 0.000685871 0.998324871
1781254178.157641 0.455225587 -0.022497529 -0.338312507 0.000716623 0.060730025 0.000619798 0.998153806
1781254178.224379 0.462240815 -0.021320663 -0.325666726 0.001065961 0.063882999 0.000279561 0.997956872
1781254178.257748 0.465120882 -0.021994630 -0.321003169 0.000850709 0.064966559 0.000513686 0.997886956
1781254178.291116 0.468600094 -0.020399313 -0.314241052 0.001496283 0.066549718 0.000129449 0.997781992
1781254178.457959 0.485738754 -0.019295108 -0.289918959 0.001856031 0.075066902 -0.000423758 0.997176766
1781254178.524696 0.493466139 -0.019412143 -0.281955093 0.001799439 0.076646917 -0.000461213 0.997056603
1781254178.624800 0.506376326 -0.017997844 -0.269831210 0.002395150 0.075556152 -0.000714185 0.997138500
1781254178.658168 0.510804713 -0.018337090 -0.266542733 0.002392057 0.074405141 -0.000421020 0.997225225
1781254178.691536 0.515444577 -0.018217908 -0.262331367 0.002446503 0.072848745 -0.000702816 0.997339785
1781254178.724904 0.520672023 -0.017330728 -0.259778678 0.002753385 0.071486130 -0.000599681 0.997437656
1781254178.758271 0.524542153 -0.017796291 -0.257037133 0.002598715 0.070582330 -0.000498363 0.997502506
1781254178.858375 0.540050209 -0.017972108 -0.248651356 0.002864303 0.063726090 -0.000297795 0.997963250
1781254178.891742 0.545289338 -0.017995996 -0.246179476 0.002819522 0.061177205 0.000171938 0.998122931
1781254178.958477 0.555099368 -0.017981717 -0.241298616 0.002800992 0.055843223 0.000195482 0.998435676
1781254178.991844 0.560279191 -0.018084787 -0.239317685 0.002779502 0.053990807 0.000422446 0.998537481
1781254179.025211 0.566790700 -0.017464790 -0.236797720 0.002973631 0.051741272 0.000487034 0.998656034
1781254179.091945 0.578550577 -0.016753618 -0.233626023 0.003290318 0.048468664 0.000043796 0.998819292
1781254179.192045 0.598032475 -0.017885372 -0.230747238 0.003114586 0.043070421 0.000553494 0.999067008
1781254179.292144 0.618279994 -0.018274793 -0.229585543 0.003606114 0.040173151 0.000328504 0.999186218
1781254179.425607 0.644338429 -0.017798809 -0.229166761 0.004003274 0.043834765 0.000088326 0.999030769
1781254179.492338 0.656917334 -0.017791340 -0.231164843 0.003973185 0.050006561 -0.000553494 0.998740852
1781254179.592433 0.672841251 -0.018876582 -0.236729503 0.004041368 0.068574786 -0.001621802 0.997636497
1781254179.659163 0.684379220 -0.019608445 -0.242444605 0.003873784 0.081514522 -0.002470374 0.996661603
1781254179.792620 0.702000380 -0.020398175 -0.253534287 0.003911651 0.109535977 -0.003750418 0.993968129
1781254179.825984 0.706002772 -0.021014079 -0.255919039 0.003501056 0.114378974 -0.004036400 0.993422866
1781254179.892712 0.716199458 -0.020248624 -0.261390328 0.003923181 0.122331105 -0.004734307 0.992470324
1781254179.992802 0.723569274 -0.021727910 -0.275494963 0.003559288 0.126921594 -0.004634640 0.991895556
1781254180.192988 0.736481428 -0.024435507 -0.307055831 0.003206282 0.134545386 -0.004849802 0.990890443
1781254180.226357 0.739219010 -0.024104379 -0.313509256 0.003568989 0.135768756 -0.004648408 0.990723252
1781254180.293093 0.744498193 -0.024526758 -0.327334404 0.003441153 0.138392121 -0.004720869 0.990360260
1781254180.393198 0.751383960 -0.022535747 -0.345628649 0.004169041 0.144075453 -0.005241515 0.989544034
1781254180.459934 0.752796412 -0.027742740 -0.362404525 0.002905214 0.150451630 -0.005449240 0.988598168
1781254180.526670 0.753871858 -0.029457873 -0.383265704 0.002517090 0.156063646 -0.004885888 0.987731695
1781254180.593405 0.755651891 -0.032164201 -0.401281774 0.001993762 0.162039295 -0.005168354 0.986768782
1781254180.626772 0.756404281 -0.031508319 -0.409215838 0.002215813 0.164618328 -0.005633330 0.986338794
1781254180.693507 0.761088908 -0.032978129 -0.427143395 0.001966289 0.168658808 -0.005458998 0.985657454
1781254180.760242 0.762186885 -0.034460116 -0.444429666 0.001986163 0.174483344 -0.006250955 0.984638274
1781254180.793608 0.762495935 -0.033575099 -0.450941771 0.002306353 0.176181316 -0.006387642 0.984334350
1781254180.860342 0.764434993 -0.035845954 -0.467530578 0.001617604 0.180883989 -0.006904875 0.983478904
1781254180.927077 0.768235326 -0.037079759 -0.485290289 0.001654280 0.184313476 -0.006540998 0.982844353
1781254180.960443 0.766716301 -0.039042011 -0.490673453 0.000842093 0.187294289 -0.007202811 0.982277095
1781254180.993810 0.768526018 -0.039174128 -0.498364776 0.001016134 0.189129263 -0.007142890 0.981925726
1781254181.027176 0.770845890 -0.037219614 -0.505000472 0.001749711 0.190939471 -0.007187919 0.981573939
1781254181.060543 0.772060454 -0.038931645 -0.514543295 0.000881935 0.192676842 -0.007688535 0.981231809
1781254181.093909 0.772670686 -0.040547803 -0.522802413 0.000767769 0.194969431 -0.007322357 0.980781734
1781254181.127275 0.773338556 -0.041775379 -0.531106591 0.000532954 0.197219148 -0.007529720 0.980330408
1781254181.160642 0.774516225 -0.042396057 -0.540159583 0.000506272 0.199075878 -0.007636411 0.979954243
1781254181.194022 0.774676323 -0.042680938 -0.548459947 0.000419345 0.201165095 -0.007909829 0.979525328
1781254181.260783 0.775104105 -0.045212165 -0.567570150 -0.000031956 0.203886583 -0.008138890 0.978960752
1781254181.294163 0.776540995 -0.045653775 -0.575458050 0.000040418 0.204320878 -0.008545649 0.978866696
1781254181.327544 0.777331412 -0.045851357 -0.583328426 0.000326378 0.205014870 -0.008261392 0.978723943
1781254181.360924 0.779444277 -0.044230308 -0.592310011 0.000593650 0.205291674 -0.008336991 0.978665173
1781254181.394305 0.778306007 -0.046333615 -0.600774765 0.000412178 0.207776517 -0.007988339 0.978143632
1781254181.427685 0.777312517 -0.048164356 -0.608332455 0.000196428 0.207600966 -0.008799628 0.978174031
1781254181.461066 0.779928863 -0.045900807 -0.617667973 0.000531277 0.205147967 -0.008705468 0.978692114
1781254181.494446 0.779981017 -0.050412882 -0.627180696 -0.000533988 0.205325767 -0.008467885 0.978656948
1781254181.527827 0.782582343 -0.049638849 -0.635758042 -0.000018239 0.205380574 -0.008369281 0.978646457
1781254181.561208 0.782671988 -0.049979106 -0.644554317 -0.000117084 0.205891371 -0.008299650 0.978539705
1781254181.594589 0.783102751 -0.050042290 -0.653459430 -0.000248956 0.206008494 -0.008595478 0.978512466
1781254181.627970 0.783653080 -0.050563972 -0.661531389 -0.000228527 0.206136450 -0.008222729 0.978488743
1781254181.694731 0.786540806 -0.051334508 -0.680171490 -0.000223858 0.205537036 -0.008001747 0.978616655
1781254181.728112 0.787008882 -0.053389233 -0.688130856 -0.000694829 0.205228359 -0.007887532 0.978682101
1781254181.794874 0.787636817 -0.051365115 -0.704488099 -0.000079123 0.204250038 -0.007795509 0.978887737
1781254181.861635 0.788308263 -0.055670038 -0.723487556 -0.000917244 0.203358844 -0.008084630 0.979070485
1781254181.895017 0.786748469 -0.057878654 -0.731323600 -0.001562656 0.203085020 -0.008516125 0.979122877
1781254181.928397 0.789691985 -0.054734815 -0.740867436 -0.000027375 0.201981992 -0.007842694 0.979357839
1781254181.995159 0.789757729 -0.056658730 -0.755852461 -0.000512568 0.200960875 -0.007833272 0.979567826
1781254182.028541 0.790291727 -0.055830970 -0.763356447 0.000312551 0.201293975 -0.007902452 0.979498982
1781254182.061921 0.789215863 -0.059103884 -0.771184146 -0.000641322 0.200903744 -0.007992133 0.979578197
1781254182.095303 0.790902019 -0.057628401 -0.778330684 -0.000289684 0.199793741 -0.008014361 0.979805171
1781254182.162065 0.789446652 -0.061396539 -0.794634998 -0.001161796 0.200334579 -0.007952652 0.979694605
1781254182.195442 0.789838016 -0.059251837 -0.802214324 -0.000534547 0.200150758 -0.007939045 0.979732811
1781254182.295576 0.788109303 -0.063092314 -0.826242924 -0.001203067 0.200266853 -0.008303753 0.979705453
1781254182.429088 0.787152648 -0.063930787 -0.859744608 -0.000749490 0.195281968 -0.007653585 0.980717063
1781254182.462466 0.787783802 -0.065035023 -0.867809117 -0.000814208 0.193238571 -0.007374999 0.981123805
1781254182.495843 0.785444498 -0.065572798 -0.874236166 -0.000863466 0.191811457 -0.007533636 0.981402516
1781254182.529222 0.784885764 -0.067668542 -0.882887542 -0.001269166 0.189562514 -0.007160557 0.981841743
1781254182.595978 0.781451046 -0.067783073 -0.895341456 -0.000939852 0.185926795 -0.007432491 0.982535124
1781254182.629356 0.782079697 -0.066038087 -0.903543413 -0.000603194 0.182318509 -0.007106660 0.983213663
1781254182.696112 0.777931809 -0.066844344 -0.916090548 -0.000077119 0.178625554 -0.006924600 0.983892798
1781254182.729490 0.777744412 -0.068533041 -0.924923003 -0.000590137 0.175763458 -0.006797888 0.984408855
1781254182.762869 0.776768684 -0.069433577 -0.932242215 -0.000679540 0.173429325 -0.006747003 0.984822989
1781254182.829625 0.774105847 -0.068569802 -0.945648313 -0.000481638 0.168738887 -0.006536920 0.985639036
1781254182.863004 0.772687495 -0.072315373 -0.954315186 -0.001102915 0.166485861 -0.006450877 0.986022115
1781254182.929760 0.771561146 -0.074416056 -0.970649362 -0.001428440 0.160761714 -0.005941793 0.986974359
1781254182.963139 0.771053314 -0.072093897 -0.977552593 -0.000686276 0.158039108 -0.005920112 0.987414896
1781254182.996519 0.770515263 -0.074488215 -0.984489679 -0.001101946 0.155276984 -0.005670792 0.987854123
1781254183.029897 0.770268321 -0.075839765 -0.993287086 -0.001215993 0.152611896 -0.005648156 0.988269329
1781254183.063276 0.769258201 -0.074648611 -0.999111593 -0.000930056 0.150776073 -0.005440817 0.988552570
1781254183.096654 0.770544350 -0.073130362 -1.006642699 -0.000420725 0.148031563 -0.005621517 0.988966644
1781254183.163412 0.769387722 -0.074681304 -1.019014001 -0.000603258 0.143142760 -0.005324226 0.989687622
1781254183.196790 0.769824922 -0.077976257 -1.024693251 -0.001249400 0.140654966 -0.005016271 0.990045249
1781254183.230168 0.771777332 -0.077662170 -1.031673551 -0.000699787 0.137958512 -0.004875771 0.990425766
1781254183.296925 0.773075163 -0.076681025 -1.040653586 -0.000374245 0.132247746 -0.004775253 0.991205156
1781254183.363681 0.779046655 -0.076486342 -1.053538680 -0.000151184 0.124739282 -0.004450433 0.992179573
1781254183.430438 0.785088360 -0.079827771 -1.065316081 -0.000568316 0.116791502 -0.004291959 0.993147075
1781254183.497194 0.791672289 -0.081848301 -1.074374080 -0.000858303 0.111035809 -0.004292366 0.993806779
1781254183.530572 0.798565805 -0.079144076 -1.079249263 -0.000045508 0.108068317 -0.004117285 0.994134963
1781254183.563951 0.802803636 -0.076306574 -1.083386660 0.000384182 0.105674483 -0.004389665 0.994391024
1781254183.630707 0.813196421 -0.078484923 -1.092055559 0.000120706 0.103463538 -0.004631554 0.994622469
1781254183.664085 0.821540952 -0.079420142 -1.093608856 -0.000154001 0.103167288 -0.004687659 0.994652987
1781254183.730842 0.832448542 -0.077663645 -1.101880670 0.000307918 0.104977094 -0.005075424 0.994461715
1781254183.797598 0.847845674 -0.081809230 -1.109792233 -0.000458056 0.107598156 -0.005041678 0.994181573
1781254183.864354 0.865034997 -0.084002025 -1.115565419 -0.000864397 0.111799806 -0.004866476 0.993718505
1781254183.897732 0.870598137 -0.081678398 -1.117491841 -0.000219359 0.114727773 -0.005467254 0.993381977
1781254183.931110 0.879921496 -0.081458434 -1.120629668 -0.000229709 0.116915651 -0.005858840 0.993124604
1781254183.964488 0.887089491 -0.082726441 -1.122921944 -0.000370721 0.119376734 -0.005638604 0.992833018
1781254184.064622 0.904208302 -0.083415776 -1.124418616 -0.000403245 0.125757247 -0.006168061 0.992041767
1781254184.131377 0.920038998 -0.081943244 -1.126563191 0.000011043 0.127660975 -0.006284872 0.991797984
1781254184.198131 0.935251296 -0.083283126 -1.126886845 -0.000106181 0.129890487 -0.006654316 0.991506040
1781254184.231506 0.942870140 -0.081618510 -1.126361489 0.000169334 0.130991086 -0.006715761 0.991360784
1781254184.264882 0.945931733 -0.082277030 -1.124343157 -0.000010009 0.132715866 -0.006693835 0.991131544
1781254184.298257 0.953565061 -0.080441348 -1.123335481 0.000303449 0.132974744 -0.006501648 0.991098106
1781254184.365008 0.965710342 -0.083581530 -1.120482683 -0.000311124 0.133672178 -0.006526273 0.991004109
1781254184.398384 0.971166611 -0.081660114 -1.117223263 0.000114352 0.133867458 -0.006366485 0.990978837
1781254184.431759 0.975259840 -0.082103528 -1.115398407 -0.000037827 0.133677766 -0.006285830 0.991005003
1781254184.498509 0.987605155 -0.080955416 -1.108281612 0.000000369 0.132220685 -0.006361228 0.991199970
1781254184.531885 0.994130611 -0.081428491 -1.103515029 -0.000058145 0.130745620 -0.006019179 0.991397679
1781254184.598634 1.001592040 -0.081500724 -1.097820282 -0.000321482 0.128754452 -0.005906591 0.991658866
1781254184.632010 1.007128477 -0.078187600 -1.091459036 0.000184472 0.126891896 -0.005774804 0.991899788
1781254184.698759 1.017645478 -0.081604801 -1.081392765 -0.000582314 0.123604909 -0.005308636 0.992317200
1781254184.732134 1.020498753 -0.080893204 -1.076322794 -0.000668937 0.122638389 -0.005416973 0.992436409
1781254184.765508 1.025426149 -0.078543149 -1.069419265 -0.000253787 0.121097594 -0.005481458 0.992625475
1781254184.798883 1.028802395 -0.078218497 -1.063793898 -0.000271027 0.120048292 -0.005002076 0.992755473
1781254184.832258 1.032475114 -0.076965705 -1.055661559 -0.000136733 0.119680516 -0.005206400 0.992798805
1781254184.865632 1.037936568 -0.077951409 -1.048701286 -0.000593082 0.119337454 -0.005138707 0.992840350
1781254184.965755 1.054038048 -0.079288229 -1.028082252 -0.001438460 0.118576244 -0.005270783 0.992929935
1781254184.999129 1.059238195 -0.075512908 -1.017797828 -0.000765105 0.119316481 -0.005612689 0.992840171
1781254185.032504 1.062726021 -0.076090522 -1.007295132 -0.000902902 0.120617948 -0.005411207 0.992683887
1781254185.099253 1.073863268 -0.074319534 -0.991418779 -0.001140141 0.122537538 -0.005893760 0.992445767
1781254185.166001 1.084586859 -0.073004358 -0.971853971 -0.001134127 0.124055937 -0.006052137 0.992256165
1781254185.266109 1.099002004 -0.069940746 -0.946079791 -0.000812274 0.125963509 -0.006521359 0.992013097
1781254185.332848 1.112360001 -0.069208659 -0.931051373 -0.000632911 0.126084358 -0.006482030 0.991998196
1781254185.366217 1.115293980 -0.067599691 -0.920521736 -0.000576481 0.127367526 -0.006868864 0.991831660
1781254185.432955 1.124102712 -0.069281816 -0.902888715 -0.000933231 0.128042996 -0.006894786 0.991744280
1781254185.466324 1.129958749 -0.069600791 -0.896538734 -0.001271674 0.127769321 -0.007195394 0.991777003
1781254185.566430 1.148242235 -0.067574419 -0.871277630 -0.000864752 0.128162727 -0.007480713 0.991724610
1781254185.599799 1.155074120 -0.066328362 -0.862804174 -0.000678675 0.127849653 -0.007780589 0.991762877
1781254185.633168 1.158472896 -0.064819887 -0.853260636 -0.000655661 0.128327683 -0.007493081 0.991703331
1781254185.699904 1.166024208 -0.065897889 -0.835687160 -0.001009121 0.128582343 -0.007882978 0.991667032
1781254185.766641 1.176545620 -0.063122861 -0.816313326 -0.000669218 0.128565505 -0.007873705 0.991669595
1781254185.833378 1.186405897 -0.064187191 -0.799343944 -0.001351291 0.127441779 -0.008074907 0.991812229
1781254185.866746 1.190187335 -0.061838157 -0.789314389 -0.000981145 0.128535435 -0.008669273 0.991666555
1781254185.900115 1.199700475 -0.059098039 -0.780487359 -0.000122197 0.127429157 -0.008067085 0.991814911
1781254185.933482 1.202310443 -0.059935085 -0.770603418 -0.000818100 0.127701342 -0.008543990 0.991775513
1781254185.966850 1.210874915 -0.063710339 -0.765824974 -0.001802336 0.127188116 -0.007730423 0.991846859
1781254186.000218 1.216039777 -0.063453540 -0.757121205 -0.001847190 0.127330497 -0.007466258 0.991830587
1781254186.033586 1.221117258 -0.062238581 -0.747893572 -0.001812312 0.126609609 -0.007615644 0.991921723
1781254186.066953 1.225053906 -0.061694421 -0.737954974 -0.001822479 0.126741186 -0.007760865 0.991903782
1781254186.100321 1.230910659 -0.060743093 -0.729112983 -0.001495253 0.126019716 -0.007679634 0.991996884
1781254186.133688 1.235791445 -0.060048893 -0.719358802 -0.001682635 0.125963420 -0.007623226 0.992004216
1781254186.167056 1.240662336 -0.059820805 -0.710931718 -0.001641797 0.124950796 -0.007723555 0.992131531
1781254186.200435 1.246751428 -0.060201779 -0.703500748 -0.001788471 0.123982348 -0.007611219 0.992253661
1781254186.233814 1.250490427 -0.059855200 -0.693739235 -0.001814160 0.123502620 -0.007489807 0.992314339
1781254186.267192 1.255097747 -0.059788633 -0.685010314 -0.002001560 0.122107446 -0.007784585 0.992484391
1781254186.300571 1.259648085 -0.057114579 -0.675783873 -0.001289019 0.121458642 -0.007281390 0.992568970
1781254186.333950 1.265830994 -0.058861814 -0.667669475 -0.001729303 0.119788393 -0.007229520 0.992771626
1781254186.367328 1.270178795 -0.057753503 -0.658026040 -0.001624843 0.118231073 -0.007211960 0.992958605
1781254186.434085 1.278385282 -0.055281151 -0.640865266 -0.001283939 0.115666501 -0.007174367 0.993261397
1781254186.467464 1.283234000 -0.056048512 -0.632538021 -0.001399086 0.114200860 -0.007071392 0.993431509
1781254186.500844 1.288812399 -0.055584218 -0.624083400 -0.001318018 0.112093717 -0.007120409 0.993671298
1781254186.534222 1.291885734 -0.054584272 -0.613920808 -0.001049482 0.110927112 -0.007226406 0.993801713
1781254186.567601 1.296549082 -0.054632913 -0.605504870 -0.001215605 0.109212220 -0.007185909 0.993991792
1781254186.600980 1.302405119 -0.054516308 -0.595656574 -0.001288763 0.107535399 -0.006688355 0.994177997
1781254186.634358 1.306115150 -0.052270483 -0.584941506 -0.000822545 0.105696239 -0.007057007 0.994373083
1781254186.667737 1.309291601 -0.053134482 -0.577054858 -0.000983585 0.103813343 -0.006550650 0.994574726
1781254186.701116 1.312982559 -0.051479965 -0.567017376 -0.000864984 0.101657838 -0.006822065 0.994795680
1781254186.734494 1.320780635 -0.052819148 -0.558270872 -0.001196409 0.098762862 -0.006198766 0.995090961
1781254186.767873 1.323563576 -0.050848711 -0.548621178 -0.000468870 0.096575052 -0.006536471 0.995304167
1781254186.801251 1.326092124 -0.048902508 -0.537286937 -0.000232708 0.093596086 -0.006291159 0.995590389
1781254186.834630 1.334043741 -0.050483696 -0.529215693 -0.000919510 0.089559197 -0.005750868 0.995964468
1781254186.868009 1.337175369 -0.049935713 -0.521244645 -0.000878592 0.088312268 -0.005930502 0.996074855
1781254186.901387 1.341691732 -0.049298391 -0.513057828 -0.000570933 0.085130036 -0.006002760 0.996351600
1781254186.934766 1.346827745 -0.048134606 -0.503006458 -0.000565294 0.082035832 -0.005592142 0.996613562
1781254186.968144 1.350661993 -0.047596939 -0.494955003 -0.000481287 0.079376325 -0.005879196 0.996827304
1781254187.001523 1.355442524 -0.047375780 -0.487744510 -0.000655385 0.076072849 -0.005688925 0.997085869
1781254187.034902 1.360662460 -0.047220189 -0.481717139 -0.000672149 0.072122775 -0.005610605 0.997379780
1781254187.068280 1.366484761 -0.047035281 -0.475281328 -0.000664535 0.068193853 -0.005113321 0.997658789
1781254187.101659 1.369482517 -0.046216946 -0.467691720 -0.000636599 0.065126471 -0.005572093 0.997861326
1781254187.135038 1.373237729 -0.044890612 -0.461214930 -0.000252044 0.061323732 -0.005195834 0.998104393
1781254187.168416 1.377876282 -0.046170402 -0.456154257 -0.000714104 0.057731614 -0.005412982 0.998317242
1781254187.201789 1.383001089 -0.044431128 -0.449920952 -0.000253691 0.053969271 -0.005167145 0.998529255
1781254187.235161 1.387178183 -0.044232260 -0.444444329 -0.000329089 0.051019382 -0.005249823 0.998683870
1781254187.268533 1.391997814 -0.043894742 -0.439255536 -0.000397226 0.047692008 -0.005025523 0.998849452
1781254187.301905 1.397896886 -0.044383802 -0.435662568 -0.000467584 0.044770785 -0.004535948 0.998986959
1781254187.335277 1.402472496 -0.043924879 -0.430036515 -0.000457863 0.042628720 -0.004318351 0.999081552
1781254187.368649 1.408282161 -0.043857463 -0.425289661 -0.000698054 0.040423557 -0.004300979 0.999173164
1781254187.402021 1.411873102 -0.042938501 -0.420040041 -0.000298260 0.040254291 -0.004544761 0.999179125
1781254187.435393 1.416557431 -0.042835318 -0.415904582 -0.000103308 0.039358351 -0.004544467 0.999214888
1781254187.468764 1.422966838 -0.043331429 -0.412770271 -0.000506285 0.037757255 -0.004260451 0.999277771
1781254187.535508 1.434884071 -0.044154160 -0.406326383 -0.000707402 0.035237171 -0.004271796 0.999369562
1781254187.602251 1.446179032 -0.044128809 -0.399821997 -0.000650967 0.031417575 -0.004042831 0.999498010
1781254187.668993 1.459133863 -0.043873865 -0.393555731 -0.000628632 0.026317453 -0.003868053 0.999646008
1781254187.702364 1.465321541 -0.042744085 -0.387958854 -0.000407064 0.023983285 -0.003607214 0.999705851
1781254187.769107 1.478252649 -0.040671423 -0.378068060 0.000086868 0.020297902 -0.003085013 0.999789238
1781254187.802478 1.485769629 -0.040393814 -0.374126554 0.000057848 0.018090600 -0.002912700 0.999832153
1781254187.835849 1.492361546 -0.039978165 -0.369459331 0.000087673 0.016436111 -0.002905807 0.999860764
1781254187.902592 1.507605672 -0.039245289 -0.360847831 0.000256606 0.014384242 -0.002834115 0.999892533
1781254187.935963 1.517084718 -0.040033363 -0.357466817 -0.000260152 0.012932801 -0.002458106 0.999913394
1781254187.969334 1.523531437 -0.039289739 -0.352548540 0.000207028 0.012197273 -0.002741496 0.999921918
1781254188.002705 1.530587912 -0.039242737 -0.349058270 0.000031828 0.011352421 -0.002572032 0.999932289
1781254188.036076 1.539417148 -0.038215116 -0.344885737 0.000538328 0.011203980 -0.002737175 0.999933422
1781254188.069446 1.550301075 -0.040338881 -0.344174802 -0.000104921 0.011283034 -0.002714772 0.999932647
1781254188.102817 1.557201266 -0.039613023 -0.340128034 0.000172458 0.011814099 -0.002866497 0.999926090
1781254188.136188 1.564189911 -0.039501637 -0.337477535 0.000141714 0.012960655 -0.003130368 0.999911189
1781254188.169558 1.575107455 -0.039034665 -0.334414721 0.000447803 0.014401186 -0.003041750 0.999891579
1781254188.236303 1.588173747 -0.038433921 -0.330971628 0.000986809 0.020778857 -0.003761313 0.999776602
1781254188.303048 1.607875824 -0.039817508 -0.332021147 0.000700517 0.027492959 -0.003633700 0.999615192
1781254188.403164 1.626782179 -0.040014952 -0.334166557 0.000876933 0.046355706 -0.004870311 0.998912752
1781254188.536652 1.651460528 -0.041293621 -0.346597344 0.000918895 0.077277973 -0.005763967 0.996992469
1781254188.670140 1.672026396 -0.042769067 -0.365282089 0.000771410 0.106322274 -0.007221048 0.994305253
1781254188.803626 1.688045144 -0.042094126 -0.386122704 0.001673228 0.127093792 -0.008054115 0.991856635
1781254188.870369 1.701377749 -0.047223050 -0.404563010 0.000393122 0.130566075 -0.007670984 0.991409838
1781254189.003854 1.712866545 -0.048235316 -0.434315145 0.001219448 0.137304500 -0.007371143 0.990500689
1781254189.037225 1.717884302 -0.046877891 -0.440019995 0.001862174 0.136151403 -0.007067054 0.990661144
1781254189.070596 1.716454625 -0.047833674 -0.447481364 0.001819925 0.137601897 -0.006894791 0.990462005
1781254189.137337 1.727280140 -0.051030129 -0.464268655 0.001283023 0.137411818 -0.006754328 0.990490139
1781254189.170708 1.731432199 -0.048690245 -0.471640199 0.002152257 0.138548523 -0.007694750 0.990323424
1781254189.237441 1.737808228 -0.051509444 -0.488082230 0.001577405 0.142090499 -0.007528740 0.989823878
1781254189.270807 1.744497538 -0.052900136 -0.499287784 0.001175462 0.142937064 -0.007176325 0.989705086
1781254189.304174 1.747178555 -0.054370169 -0.506838739 0.000919769 0.145083934 -0.007038125 0.989393950
1781254189.370906 1.752000332 -0.054812767 -0.521916091 0.001077891 0.148336485 -0.007251559 0.988909781
1781254189.437637 1.756345153 -0.056548007 -0.538407326 0.001012523 0.153085783 -0.007180621 0.988186359
1781254189.471002 1.757542729 -0.057185881 -0.547018290 0.000869278 0.155529946 -0.007412315 0.987803042
1781254189.504368 1.762066007 -0.054936096 -0.554961503 0.001793062 0.157151610 -0.007461044 0.987544715
1781254189.604464 1.764895916 -0.057369076 -0.581202805 0.001849781 0.163711905 -0.007906249 0.986474812
1781254189.637829 1.769011021 -0.059262659 -0.591392159 0.001261206 0.164410323 -0.007359974 0.986363828
1781254189.671193 1.768434882 -0.058203015 -0.600171506 0.002126507 0.167216763 -0.007702133 0.985887825
1781254189.737923 1.771646380 -0.059797328 -0.618982732 0.001813167 0.167256191 -0.007449519 0.985883713
1781254189.804652 1.772057176 -0.062267937 -0.637198985 0.001702467 0.168790102 -0.007550574 0.985621691
1781254189.838016 1.772723556 -0.062807098 -0.647489905 0.001502104 0.168493688 -0.007422382 0.985673666
1781254189.904745 1.773301363 -0.064458087 -0.666675925 0.001327683 0.166528165 -0.007081785 0.986010432
1781254189.938109 1.772880554 -0.064349100 -0.676295757 0.001715483 0.165337101 -0.007085968 0.986210167
1781254189.971473 1.772225499 -0.064646102 -0.686191380 0.001711240 0.164033338 -0.006828564 0.986429751
1781254190.038202 1.771737576 -0.065366983 -0.705937505 0.001984997 0.161210820 -0.006664181 0.986895561
1781254190.071565 1.769377351 -0.066841960 -0.715328395 0.001812254 0.159784108 -0.006466316 0.987129152
1781254190.104929 1.769265771 -0.066245385 -0.725350261 0.002054845 0.157498494 -0.006244909 0.987497330
1781254190.138292 1.766884565 -0.068935052 -0.735850811 0.001521685 0.155602813 -0.006618786 0.987796366
1781254190.171656 1.766190767 -0.069450349 -0.745854020 0.001215095 0.153134182 -0.006448823 0.988183677
1781254190.205060 1.763391733 -0.065561347 -0.753248513 0.002663525 0.154203832 -0.006393856 0.988014817
1781254190.238465 1.767433405 -0.067578897 -0.765446901 0.002390364 0.152400970 -0.006124048 0.988296926
1781254190.271870 1.760734439 -0.071277462 -0.776984930 0.001231717 0.152938947 -0.006302722 0.988214791
1781254190.305276 1.760592222 -0.070112400 -0.786198497 0.001722812 0.152048171 -0.006302210 0.988351524
1781254190.338682 1.759407640 -0.071904093 -0.797411025 0.001330097 0.151553184 -0.006256424 0.988428473
1781254190.372088 1.755671620 -0.072025947 -0.807945609 0.001544979 0.152882844 -0.006402736 0.988222420
1781254190.405495 1.755490422 -0.072923653 -0.818526387 0.001628199 0.152374133 -0.006200540 0.988302171
1781254190.438902 1.753831029 -0.075662971 -0.831625521 0.000993931 0.152870223 -0.005993029 0.988227665
1781254190.472309 1.751352787 -0.072899565 -0.838999927 0.002096649 0.153662711 -0.006422446 0.988100350
1781254190.505717 1.749592066 -0.073773094 -0.850114107 0.001961845 0.153928399 -0.006631241 0.988057792
1781254190.539125 1.747277379 -0.076513343 -0.862843990 0.001494963 0.154498741 -0.006091855 0.987973094
1781254190.572534 1.744376063 -0.075633749 -0.871638000 0.001845913 0.155292034 -0.006284090 0.987846911
1781254190.605943 1.747896194 -0.077348582 -0.882570863 0.001519002 0.155076936 -0.006044217 0.987882733
1781254190.639352 1.744384646 -0.077349462 -0.892288864 0.001951229 0.156213105 -0.006370056 0.987700880
1781254190.672762 1.744660616 -0.078341514 -0.901299000 0.001789660 0.154610381 -0.006557434 0.987952173
1781254190.739584 1.741278887 -0.080249242 -0.921217978 0.001510402 0.155594736 -0.006576979 0.987797916
1781254190.772995 1.738784552 -0.081179097 -0.930760086 0.001618946 0.157332644 -0.006751481 0.987521350
1781254190.806406 1.736839056 -0.081131838 -0.940121293 0.001669563 0.157227024 -0.006685892 0.987538457
1781254190.873230 1.736167550 -0.083280593 -0.958367705 0.001432488 0.155400887 -0.007037718 0.987825394
1781254190.906642 1.737548709 -0.085552707 -0.966859221 0.001019545 0.154202789 -0.006729157 0.988015771
1781254190.973469 1.736041069 -0.084819406 -0.982283235 0.001552471 0.152141944 -0.006939896 0.988333106
1781254191.006882 1.736109257 -0.085189350 -0.991911113 0.001680010 0.151070267 -0.006950295 0.988497257
1781254191.040296 1.737366796 -0.087533578 -0.999543250 0.001170589 0.149212107 -0.006735479 0.988781631
1781254191.107126 1.741186857 -0.086987436 -1.014133573 0.001740587 0.146700367 -0.006656469 0.989157140
1781254191.140541 1.745080113 -0.086656936 -1.021221161 0.001878064 0.145212784 -0.006960049 0.989374280
1781254191.207329 1.753493428 -0.087202355 -1.035310984 0.002248925 0.143888056 -0.007203483 0.989565194
1781254191.240703 1.755417109 -0.087597683 -1.040203214 0.001886705 0.144565344 -0.007287438 0.989466667
1781254191.274078 1.762292027 -0.088695191 -1.047772169 0.002145301 0.145030633 -0.007333220 0.989397705
1781254191.307452 1.767739296 -0.089437932 -1.052738428 0.002028323 0.145705089 -0.007716354 0.989295959
1781254191.340826 1.774729609 -0.089147888 -1.058339477 0.002102390 0.146735519 -0.007861885 0.989142299
1781254191.374200 1.783461332 -0.089722648 -1.062625885 0.002209752 0.148608088 -0.008252964 0.988859355
1781254191.407575 1.789363980 -0.091168918 -1.067463398 0.001962488 0.152501687 -0.008375290 0.988265812
1781254191.440949 1.795082092 -0.091486059 -1.069403648 0.002056322 0.157587007 -0.009235846 0.987459838
1781254191.474323 1.803901076 -0.089571469 -1.072245717 0.002409788 0.162611410 -0.009448426 0.986642003
1781254191.507697 1.813191295 -0.093188412 -1.076411963 0.001954203 0.168587893 -0.009569577 0.985638320
1781254191.641193 1.852867484 -0.089639097 -1.081394911 0.003253630 0.188956469 -0.011054426 0.981917918
1781254191.741314 1.881570935 -0.090390883 -1.084559083 0.003140392 0.199354887 -0.011974529 0.979849219
1781254191.874809 1.913762927 -0.086938076 -1.075329423 0.003925778 0.206479117 -0.012536045 0.978362858
1781254191.974930 1.926367998 -0.095495366 -1.068818688 0.001545763 0.207327172 -0.012657000 0.978188574
1781254192.075051 1.948556185 -0.094971277 -1.057603359 0.001450710 0.204097599 -0.012296037 0.978872240
1781254192.141798 1.962520719 -0.094375849 -1.047413945 0.000892602 0.200001061 -0.011980801 0.979722083
1781254192.175172 1.965954423 -0.091838814 -1.041125298 0.001587802 0.199633583 -0.012019235 0.979795635
1781254192.208545 1.971884489 -0.094952434 -1.035163760 0.000628891 0.198337868 -0.011724010 0.980063438
1781254192.308663 1.992573261 -0.090509355 -1.013976455 0.001332816 0.194967508 -0.011569222 0.980740607
1781254192.375408 2.002365589 -0.090919606 -0.997741103 0.000669485 0.195547551 -0.011413943 0.980627596
1781254192.508898 2.028431416 -0.089678831 -0.964649975 -0.000021246 0.201817885 -0.012132410 0.979347885
1781254192.542270 2.034633160 -0.085980088 -0.954273283 0.000510522 0.204080418 -0.012397099 0.978875577
1781254192.575642 2.037055016 -0.087781258 -0.946273029 0.000163722 0.206423834 -0.012836206 0.978378534
1781254192.609015 2.043294430 -0.088257402 -0.937638640 -0.000236169 0.208567277 -0.012871063 0.977923334
1781254192.642387 2.049845457 -0.087750807 -0.930293918 -0.000297611 0.210741311 -0.012902264 0.977456689
1781254192.709131 2.062618017 -0.085923396 -0.913192928 0.000440002 0.215630710 -0.013246510 0.976385057
1781254192.742503 2.069683552 -0.086950608 -0.905968368 0.000102915 0.216957614 -0.013227062 0.976091444
1781254192.775876 2.075458765 -0.085104704 -0.897166789 0.000558471 0.219337359 -0.013251632 0.975558937
1781254192.809248 2.082402229 -0.083130024 -0.887429655 0.001055471 0.221943095 -0.013475767 0.974965990
1781254192.842620 2.091450691 -0.082841486 -0.879686296 0.000943480 0.222786114 -0.013837290 0.974768698
1781254192.875992 2.097472668 -0.084479079 -0.873149991 0.000342870 0.224830002 -0.013794168 0.974300325
1781254192.942736 2.109937429 -0.081037723 -0.854395032 0.001098863 0.229015216 -0.014234336 0.973318160
1781254193.009480 2.125165701 -0.081018806 -0.839121103 0.000996119 0.231263340 -0.014262876 0.972786129
1781254193.042851 2.131526232 -0.080993257 -0.828836620 0.000985457 0.232433602 -0.014808448 0.972499073
1781254193.076223 2.138519287 -0.080136701 -0.820269287 0.001065713 0.235962763 -0.013728674 0.971664548
1781254193.109595 2.145089865 -0.076559499 -0.808328509 0.002348208 0.236770943 -0.014730660 0.971451044
1781254193.176338 2.158472061 -0.077948615 -0.792956173 0.001575261 0.234838039 -0.014419518 0.971926332
1781254193.243086 2.171323061 -0.076851562 -0.774940550 0.001905513 0.236768395 -0.014310365 0.971458912
1781254193.276460 2.175750732 -0.077463612 -0.766601861 0.001510869 0.237126455 -0.014486930 0.971369624
1781254193.309834 2.181867599 -0.076945104 -0.757923961 0.001890037 0.237908930 -0.014174864 0.971182227
1781254193.343209 2.188090801 -0.075625792 -0.747920752 0.002041366 0.237479568 -0.014012852 0.971289337
1781254193.376583 2.194273472 -0.075400107 -0.739124656 0.001907875 0.237048045 -0.014285284 0.971391022
1781254193.409956 2.199339867 -0.074040912 -0.729711473 0.002303775 0.237092167 -0.014192394 0.971380830
1781254193.443331 2.203297615 -0.074015759 -0.719332576 0.002114537 0.237783983 -0.014616360 0.971205831
1781254193.476704 2.209980011 -0.073810041 -0.710852921 0.002010414 0.237654865 -0.014599417 0.971237898
1781254193.510079 2.214105844 -0.072773859 -0.700574636 0.002031092 0.237978101 -0.014468092 0.971160650
1781254193.543453 2.219119310 -0.072338052 -0.692439914 0.002295833 0.238910407 -0.014451173 0.970931411
1781254193.576827 2.224487066 -0.071168989 -0.684026122 0.002624524 0.238589346 -0.014713194 0.971005559
1781254193.610201 2.229709864 -0.070974357 -0.676445186 0.002393673 0.238257542 -0.014352862 0.971093059
1781254193.643574 2.234478474 -0.069951177 -0.667837083 0.002794886 0.238570198 -0.014488478 0.971013188
1781254193.676948 2.239303350 -0.071256086 -0.660584807 0.002401061 0.238906711 -0.014604069 0.970929801
1781254193.710322 2.244852304 -0.069362320 -0.654057384 0.002855452 0.238339320 -0.014345221 0.971071839
1781254193.743695 2.247489452 -0.069035880 -0.645461500 0.002889176 0.239140853 -0.014618195 0.970870614
1781254193.777069 2.251749516 -0.068084627 -0.636836231 0.003025328 0.239669651 -0.014867427 0.970736027
1781254193.810443 2.256979942 -0.069473028 -0.629354358 0.002615227 0.239700213 -0.014672107 0.970732570
1781254193.843817 2.261894464 -0.068904750 -0.620157659 0.002443816 0.240024820 -0.014654421 0.970653117
1781254193.877190 2.266431808 -0.067907557 -0.612796068 0.002641042 0.240236640 -0.014748872 0.970598698
1781254193.910563 2.271346331 -0.068667904 -0.604136407 0.002287785 0.240719095 -0.014350908 0.970486045
1781254193.943937 2.275852442 -0.067731395 -0.595628202 0.002534051 0.240925431 -0.014403854 0.970433474
1781254193.977311 2.281675816 -0.066505156 -0.587245047 0.002852305 0.240971148 -0.014397059 0.970421374
1781254194.010684 2.285517693 -0.067234315 -0.578476787 0.002629927 0.242345676 -0.014521388 0.970077813
1781254194.044057 2.289426327 -0.066027939 -0.569295585 0.002662269 0.243127465 -0.014550834 0.969881594
1781254194.077431 2.294817924 -0.065259479 -0.560411036 0.003070325 0.244192630 -0.014802041 0.969608903
1781254194.110804 2.300477982 -0.064800434 -0.552421629 0.003080070 0.243919969 -0.014730232 0.969678640
1781254194.144177 2.305684805 -0.064465567 -0.543232143 0.003027754 0.243906423 -0.014800727 0.969681144
1781254194.177551 2.312203884 -0.063754641 -0.534695029 0.003239173 0.243816480 -0.014516766 0.969707429
1781254194.210926 2.316553116 -0.062469702 -0.525983214 0.003706053 0.244595051 -0.014500128 0.969509900
1781254194.244300 2.320565701 -0.061987501 -0.516382158 0.003531982 0.245069563 -0.014750552 0.969386876
1781254194.277673 2.325759888 -0.061285146 -0.507517815 0.003579904 0.244499117 -0.014923158 0.969528139
1781254194.311048 2.331176996 -0.060415465 -0.497415274 0.003777689 0.244897604 -0.014461686 0.969433784
1781254194.344421 2.336196899 -0.060620680 -0.490012228 0.003821115 0.244505078 -0.014529982 0.969531596
1781254194.377795 2.341481447 -0.059542250 -0.481112570 0.004169349 0.244102120 -0.014119264 0.969637811
1781254194.411169 2.344914436 -0.059013251 -0.470859230 0.004186872 0.243563429 -0.014388998 0.969769180
1781254194.444543 2.350216627 -0.058702607 -0.462196529 0.004030661 0.241864398 -0.014197580 0.970197856
1781254194.477917 2.355833292 -0.058327831 -0.453384876 0.003918046 0.240070432 -0.014124762 0.970644891
1781254194.511290 2.360254765 -0.056074481 -0.444386512 0.004859616 0.238669589 -0.014025982 0.970987380
1781254194.544664 2.366485357 -0.056315280 -0.436583698 0.004184277 0.236134022 -0.013653605 0.971615613
1781254194.578038 2.370113134 -0.055677462 -0.428165853 0.004614903 0.234762967 -0.013883397 0.971942604
1781254194.611411 2.375210285 -0.056508187 -0.420215756 0.004051328 0.231969640 -0.013717569 0.972617865
1781254194.644785 2.379459143 -0.056107286 -0.412609994 0.003939760 0.229810134 -0.013559285 0.973133087
1781254194.678159 2.382514477 -0.054457955 -0.404120564 0.004449002 0.228831455 -0.013574868 0.973361254
1781254194.711532 2.388456345 -0.055199344 -0.398042262 0.004130422 0.226188719 -0.013334160 0.973983526
1781254194.744906 2.391033888 -0.054108713 -0.390534580 0.004214742 0.224461809 -0.013282637 0.974383235
1781254194.778279 2.394923449 -0.052520204 -0.383045226 0.004786135 0.222720355 -0.013181181 0.974781513
1781254194.811653 2.399091005 -0.052894220 -0.376976728 0.004388688 0.220066473 -0.012989337 0.975388587
1781254194.845026 2.403796673 -0.053679407 -0.369636387 0.003873099 0.217427447 -0.012816967 0.975984693
1781254194.878399 2.407469511 -0.052782688 -0.363467336 0.003933854 0.215346530 -0.012511804 0.976449609
1781254194.911774 2.410563707 -0.051554404 -0.356246829 0.004344013 0.213725701 -0.012620005 0.976802588
1781254194.945147 2.413849354 -0.051204342 -0.349375427 0.004002334 0.211646006 -0.012381917 0.977259755
1781254194.978520 2.419136047 -0.052679431 -0.344203562 0.003512299 0.208277613 -0.012106746 0.977988541
1781254195.011894 2.421239614 -0.051587172 -0.336786121 0.003626722 0.206693336 -0.012345172 0.978321195
1781254195.045267 2.424769878 -0.051160857 -0.329617798 0.003687351 0.204557732 -0.012077257 0.978773117
1781254195.078640 2.428837299 -0.050145004 -0.321988136 0.003691381 0.202103481 -0.012268874 0.979280353
1781254195.112013 2.433085203 -0.051331304 -0.316151917 0.002902757 0.198730066 -0.011702327 0.979980111
1781254195.145386 2.437004566 -0.050876115 -0.308673263 0.002821711 0.195985824 -0.011508877 0.980535209
1781254195.178760 2.440672398 -0.050589655 -0.301405162 0.002629929 0.193259671 -0.011328782 0.981078744
1781254195.212134 2.444886684 -0.050238155 -0.294732183 0.002760019 0.190694958 -0.011101032 0.981582761
1781254195.245509 2.447945118 -0.049715929 -0.287036896 0.002543638 0.187381238 -0.011757414 0.982213676
1781254195.278884 2.452854156 -0.048613533 -0.280308336 0.002584050 0.183841184 -0.011410487 0.982886374
1781254195.312259 2.457750797 -0.049114015 -0.274971366 0.002371347 0.181290433 -0.011172096 0.983363330
1781254195.379008 2.466623783 -0.047576614 -0.263205409 0.002454138 0.174996302 -0.010862428 0.984506071
1781254195.412383 2.471299410 -0.048008036 -0.259458423 0.002217364 0.171059892 -0.010558610 0.985201597
1781254195.445758 2.476318598 -0.047829792 -0.254470408 0.002062513 0.167518914 -0.010655614 0.985809147
1781254195.479132 2.480282307 -0.048312824 -0.250389457 0.001672634 0.164479390 -0.010339997 0.986324966
1781254195.512507 2.486300945 -0.047984589 -0.247171625 0.001647238 0.160436034 -0.010059550 0.986993611
1781254195.545881 2.491046429 -0.047994886 -0.244390458 0.001603918 0.156849951 -0.010009613 0.987570465
1781254195.579256 2.497081518 -0.047305703 -0.241575480 0.001617523 0.152700052 -0.009952079 0.988221228
1781254195.612631 2.502687931 -0.048357774 -0.239096701 0.001133093 0.149015993 -0.009565720 0.988787949
1781254195.646006 2.507412195 -0.047626894 -0.236600727 0.001434899 0.145745993 -0.009737748 0.989273131
1781254195.679380 2.512323856 -0.047584224 -0.235235900 0.001414709 0.142388880 -0.009548986 0.989763737
1781254195.712755 2.517264605 -0.047371469 -0.234201461 0.001595231 0.138943657 -0.009314209 0.990255237
1781254195.746129 2.522759438 -0.047263820 -0.233188987 0.001504742 0.134934381 -0.009104818 0.990811646
1781254195.779503 2.527627707 -0.047297563 -0.232371628 0.001634315 0.131886467 -0.009188679 0.991220951
1781254195.812878 2.532446861 -0.047616258 -0.231469765 0.001237486 0.129394591 -0.009138836 0.991550386
1781254195.846252 2.537725687 -0.047101822 -0.230560943 0.001497415 0.127717376 -0.008982566 0.991768837
1781254195.879626 2.542605877 -0.047436897 -0.230603203 0.001452522 0.126156941 -0.008939505 0.991968989
1781254195.913001 2.547565460 -0.047802582 -0.231022596 0.001299908 0.125549093 -0.009091839 0.992044926
1781254195.946375 2.552761078 -0.048460137 -0.232309952 0.001132800 0.125694156 -0.009046168 0.992027223
1781254195.979749 2.557410240 -0.047925647 -0.233328164 0.001453738 0.126861647 -0.009328892 0.991875529
1781254196.013123 2.563146353 -0.048828281 -0.235569298 0.001255232 0.127905712 -0.009625819 0.991738856
1781254196.046497 2.567861080 -0.049503252 -0.237998143 0.000988299 0.129204720 -0.009670807 0.991570354
1781254196.079871 2.574585199 -0.049350861 -0.240468651 0.001378786 0.130094752 -0.009603185 0.991454184
1781254196.113245 2.580279350 -0.049374171 -0.243209690 0.001325037 0.131435692 -0.009870172 0.991274714
1781254196.146619 2.587437153 -0.050181814 -0.245766386 0.001017756 0.132077068 -0.009717312 0.991191268
1781254196.179993 2.594563246 -0.050445914 -0.249064222 0.001013609 0.133578822 -0.009769122 0.990989566
1781254196.213367 2.600077152 -0.051093534 -0.252291650 0.000854021 0.136831254 -0.010049090 0.990543067
1781254196.246742 2.608566999 -0.050742924 -0.255583972 0.001030513 0.139069155 -0.010123147 0.990230441
1781254196.280115 2.616000175 -0.051376369 -0.259428412 0.000998196 0.141981184 -0.010188161 0.989816487
1781254196.313490 2.622915745 -0.051540241 -0.264276177 0.001024808 0.145418018 -0.010593357 0.989313066
1781254196.346864 2.630584478 -0.052091043 -0.269432068 0.001224423 0.148974523 -0.010670214 0.988782704
1781254196.380238 2.638354778 -0.052303024 -0.273269057 0.001219792 0.151128054 -0.010815957 0.988454282
1781254196.413611 2.645279646 -0.054024618 -0.279483765 0.000762166 0.154216543 -0.011130738 0.987974107
1781254196.446985 2.652626276 -0.053534210 -0.283696711 0.001243578 0.157064989 -0.011316950 0.987522721
1781254196.480359 2.660239220 -0.053335436 -0.288295627 0.001609291 0.159330055 -0.011647079 0.987155378
1781254196.513732 2.666960239 -0.054535951 -0.293160200 0.001219558 0.161168635 -0.011409691 0.986860216
1781254196.547106 2.673723698 -0.054666836 -0.298015207 0.001648097 0.163293928 -0.011774612 0.986505866
1781254196.580480 2.679945469 -0.055286795 -0.302752525 0.001325928 0.164627194 -0.011810820 0.986284256
1781254196.647227 2.692585230 -0.056890886 -0.313137531 0.001012159 0.167766735 -0.012172634 0.985751092
1781254196.680600 2.699095488 -0.056302704 -0.318151355 0.001553322 0.168723807 -0.012549668 0.985582352
1781254196.747347 2.708971262 -0.058396615 -0.329389930 0.001078232 0.171226814 -0.012089951 0.985156953
1781254196.814094 2.719863415 -0.061447330 -0.340791583 0.000197847 0.172765002 -0.012488210 0.984883904
1781254196.880840 2.729833603 -0.061314456 -0.352905720 0.000690619 0.173577905 -0.012436011 0.984741449
1781254196.947587 2.739445925 -0.061702050 -0.364663064 0.000963005 0.173541978 -0.012431183 0.984747589
1781254196.980960 2.744334221 -0.062448978 -0.371532768 0.000788005 0.173264414 -0.011903653 0.984803081
1781254197.114453 2.755104303 -0.064964972 -0.398373187 0.000601746 0.170387194 -0.011760261 0.985306859
1781254197.314716 2.768181562 -0.066643827 -0.438061386 0.001456457 0.156665608 -0.010462942 0.987595260
1781254197.448232 2.775915384 -0.067695603 -0.463014364 0.001968147 0.140624300 -0.009339385 0.990017056
1781254197.548370 2.778955221 -0.068649299 -0.481586725 0.001642696 0.127595827 -0.008499097 0.991788507
1781254197.648508 2.784827471 -0.072353534 -0.501892626 0.000357303 0.115279548 -0.007936811 0.993301332
1781254197.715268 2.787314653 -0.071748622 -0.512442231 0.000462331 0.108985692 -0.007413380 0.994015634
1781254197.748647 2.787730455 -0.072864972 -0.520082235 0.000319148 0.105521016 -0.007504043 0.994388759
1781254197.815406 2.789828539 -0.071949847 -0.532459915 0.000876296 0.098281145 -0.006864691 0.995134652
1781254197.848786 2.793604612 -0.074391842 -0.539825320 0.000096837 0.094545990 -0.006342286 0.995500326
1781254197.915545 2.799850941 -0.072297148 -0.554267943 0.001259624 0.086640008 -0.005575584 0.996223330
1781254198.015684 2.803392410 -0.074750997 -0.578978300 0.000673291 0.078279354 -0.005365216 0.996916831
1781254198.082443 2.806678772 -0.075630017 -0.595941365 0.000757775 0.074980073 -0.004848263 0.997173011
1781254198.149203 2.809868574 -0.075883627 -0.613771856 0.000509897 0.070788197 -0.004709592 0.997480154
1781254198.249351 2.811887264 -0.077670552 -0.641214550 0.000287494 0.067978568 -0.004764408 0.997675359
1781254198.349504 2.814720631 -0.080647871 -0.669982791 -0.000004756 0.066317193 -0.004523193 0.997788370
1781254198.382888 2.816804647 -0.082067154 -0.679716408 -0.000545463 0.065796517 -0.004144778 0.997824371
1781254198.416274 2.817099333 -0.080440059 -0.689124167 -0.000086978 0.065433092 -0.004413947 0.997847199
1781254198.549812 2.820621490 -0.086405285 -0.734499991 -0.001289480 0.066392235 -0.004498601 0.997782648
1781254198.616581 2.820398569 -0.086230174 -0.753610313 -0.001059663 0.066051513 -0.004799474 0.997804105
1781254198.649966 2.822335243 -0.086971402 -0.765114069 -0.001079673 0.066483535 -0.004531805 0.997776687
1781254198.750120 2.823600769 -0.085308738 -0.793733597 0.000092521 0.068151325 -0.004815981 0.997663379
1781254198.816890 2.825596333 -0.088623993 -0.813201606 -0.000162123 0.069149993 -0.004840798 0.997594535
1781254198.850274 2.827615976 -0.088540427 -0.824133933 -0.000076448 0.069373928 -0.004423663 0.997580945
1781254198.950429 2.830461979 -0.089745320 -0.852952063 0.000146509 0.069562554 -0.004431675 0.997567832
1781254199.050585 2.832704544 -0.093288571 -0.880820990 -0.000278812 0.069824509 -0.004362256 0.997549713
1781254199.117356 2.834524393 -0.092435963 -0.896654129 0.000326914 0.067876406 -0.004734660 0.997682452
1781254199.217505 2.838645220 -0.095205687 -0.920729458 -0.000011835 0.063858010 -0.004602000 0.997948408
1781254199.351020 2.849832773 -0.097832397 -0.947250843 -0.000009794 0.051559407 -0.004070139 0.998661637
1781254199.451157 2.863095284 -0.098565757 -0.963260472 0.000137840 0.040704045 -0.003681595 0.999164462
1781254199.584674 2.884641409 -0.098903283 -0.981921732 0.000536616 0.032883253 -0.004092145 0.999450684
1781254199.684811 2.906481266 -0.099400222 -0.994265199 0.000567651 0.035221901 -0.004317269 0.999370039
1781254199.751570 2.920738459 -0.100580022 -1.002924323 0.000181926 0.041366663 -0.004652419 0.999133229
1781254199.818329 2.939626217 -0.101444229 -1.008823156 0.000445291 0.049817048 -0.005471291 0.998743296
1781254199.851709 2.949325562 -0.103929989 -1.011953592 -0.000227910 0.053776778 -0.005839198 0.998535872
1781254199.885088 2.954078674 -0.104469568 -1.014402151 -0.000173417 0.060196277 -0.006151477 0.998167634
1781254199.951847 2.970078945 -0.105975717 -1.019993305 0.000073947 0.070467822 -0.007092620 0.997488856
1781254199.985226 2.983362913 -0.103692137 -1.018933296 0.000825203 0.074314132 -0.007591150 0.997205675
1781254200.018606 2.993321419 -0.108887725 -1.021284103 -0.000501511 0.079614423 -0.008042062 0.996793151
1781254200.085365 3.011168718 -0.107863590 -1.024067402 -0.000064521 0.090201691 -0.008356043 0.995888472
1781254200.252262 3.050501585 -0.108338587 -1.019758701 -0.000033418 0.110004283 -0.009166052 0.993888915
1781254200.352400 3.071520567 -0.107451476 -1.011736631 0.000273154 0.115192294 -0.009710590 0.993295729
1781254200.452539 3.087853193 -0.111050695 -1.003259540 -0.000986747 0.115718558 -0.008970214 0.993241131
1781254200.552679 3.100777626 -0.108213380 -0.988522351 -0.000461483 0.110113829 -0.009140570 0.993876874
1781254200.652818 3.114137650 -0.107371375 -0.973299623 -0.000629701 0.100693166 -0.008245498 0.994883180
1781254200.786337 3.128013849 -0.108080246 -0.952921212 -0.001442610 0.089764573 -0.007159347 0.995936334
1781254200.919857 3.137059927 -0.103371434 -0.926416934 -0.000528004 0.088737957 -0.007262029 0.996028423
1781254201.053377 3.147814035 -0.102286279 -0.897846937 -0.000846764 0.090819508 -0.007418504 0.995839417
1781254201.153518 3.158039808 -0.101587780 -0.872182906 -0.001453922 0.091618374 -0.007420255 0.995765507
1781254201.320404 3.183938265 -0.097685479 -0.826420903 -0.000749542 0.092092812 -0.007746629 0.995720029
1781254201.420532 3.193253756 -0.094481789 -0.801550388 0.000032678 0.093960434 -0.008423390 0.995540321
1781254201.487285 3.200893879 -0.093096800 -0.785188138 0.000277459 0.094589792 -0.008198717 0.995482564
1781254201.587413 3.212668657 -0.092525199 -0.760997772 -0.000065900 0.094687872 -0.008104596 0.995474041
1781254201.620789 3.216212034 -0.092925377 -0.752503514 -0.000312396 0.094716795 -0.008075280 0.995471537
1781254201.687541 3.222982168 -0.088718362 -0.735053003 0.001130274 0.096251160 -0.008571861 0.995319545
1781254201.754293 3.230356455 -0.088245966 -0.717990994 0.000839945 0.096015587 -0.008456275 0.995343566
1781254201.821045 3.237757921 -0.088354431 -0.701253116 0.000987082 0.096481562 -0.008453770 0.995298386
1781254201.887796 3.247335434 -0.086569875 -0.683825910 0.001334536 0.095687754 -0.008304585 0.995375872
1781254201.954549 3.254594326 -0.085786723 -0.668479919 0.001249216 0.095343836 -0.008617516 0.995406389
1781254202.021301 3.262997389 -0.086825691 -0.651080251 0.000331557 0.093530416 -0.008288600 0.995581925
1781254202.088053 3.272109509 -0.083918370 -0.634108901 0.001062779 0.090731956 -0.008479088 0.995838702
1781254202.154804 3.280922890 -0.082113110 -0.618292570 0.001644208 0.086389996 -0.008308661 0.996225417
1781254202.188180 3.286194801 -0.082148522 -0.610467672 0.001211981 0.082474858 -0.008005505 0.996560335
1781254202.254945 3.294913292 -0.080241390 -0.595900893 0.001675675 0.074866697 -0.008063987 0.997159600
1781254202.421857 3.322088480 -0.080224328 -0.566718698 0.000960203 0.053040300 -0.007003703 0.998567402
1781254202.488623 3.333211422 -0.080759652 -0.557929575 0.000496866 0.045365117 -0.006583161 0.998948693
1781254202.522006 3.338964939 -0.080268927 -0.554220378 0.000705719 0.043209571 -0.006461631 0.999044895
1781254202.655539 3.362906218 -0.079789445 -0.539976656 0.000734777 0.036958385 -0.005845945 0.999299526
1781254202.755688 3.380007505 -0.079680525 -0.531439543 0.000589903 0.038146477 -0.005841992 0.999255002
1781254202.789071 3.385904312 -0.077214219 -0.529089391 0.001550321 0.039094377 -0.006368486 0.999214053
1781254202.855838 3.396340847 -0.077703394 -0.525702000 0.001324588 0.041933991 -0.006377632 0.999099195
1781254202.922605 3.406944275 -0.077034429 -0.521825492 0.001608821 0.044827148 -0.006696093 0.998971045
1781254202.955988 3.413117170 -0.077626534 -0.520454228 0.001392930 0.046853188 -0.006790807 0.998877764
1781254203.022756 3.425261259 -0.078780793 -0.518439651 0.001063930 0.049858905 -0.006588588 0.998733997
1781254203.122907 3.446306705 -0.078523241 -0.513473272 0.001452706 0.057081278 -0.007352315 0.998341441
1781254203.223055 3.467709780 -0.079479463 -0.511459231 0.001384618 0.067729428 -0.008283115 0.997668386
1781254203.323200 3.492146492 -0.080106422 -0.508874714 0.001794957 0.078448914 -0.008062491 0.996883988
1781254203.456724 3.525363922 -0.078766778 -0.508818626 0.003046569 0.095668346 -0.009551186 0.995362818
1781254203.556868 3.545300722 -0.079437643 -0.512312055 0.003103724 0.113763817 -0.010953826 0.993442595
1781254203.623631 3.557503700 -0.080619909 -0.518166900 0.003163718 0.126190498 -0.012247819 0.991925418
1781254203.657012 3.560801029 -0.081920303 -0.521820009 0.002962420 0.133698434 -0.011874700 0.990946531
1781254203.757157 3.577867270 -0.084114827 -0.534640789 0.002645714 0.151097089 -0.013600826 0.988421917
1781254203.857301 3.594717503 -0.082171045 -0.548639774 0.003914536 0.164468929 -0.013971640 0.986275554
1781254203.924064 3.602313042 -0.083047114 -0.558682978 0.003879572 0.169829860 -0.014077864 0.985365272
1781254204.024210 3.613928318 -0.084035762 -0.573916912 0.003949323 0.173274755 -0.013809343 0.984768808
1781254204.090974 3.619415998 -0.084568076 -0.584780931 0.004013318 0.174281508 -0.013777844 0.984591365
1781254204.191119 3.628357649 -0.085141398 -0.603989244 0.004290061 0.173873603 -0.013586937 0.984664917
1781254204.257879 3.634005547 -0.086894907 -0.618528068 0.004063005 0.174672619 -0.013222864 0.984529436
1781254204.324639 3.638627529 -0.087924175 -0.634777248 0.003937632 0.175625414 -0.013081476 0.984362304
1781254204.424779 3.644033194 -0.091623403 -0.662270129 0.003003752 0.181369066 -0.012958929 0.983325183
1781254204.524920 3.646903992 -0.093541667 -0.693864584 0.003119055 0.188685268 -0.013221063 0.981943667
1781254204.625060 3.651489973 -0.096002191 -0.724929631 0.003214792 0.193166628 -0.012651679 0.981079161
1781254204.658440 3.652938843 -0.095717862 -0.735422790 0.003725022 0.195048511 -0.013051402 0.980699718
1781254204.691820 3.653534889 -0.097046524 -0.745034575 0.003503785 0.196847245 -0.013070748 0.980340779
1781254204.725202 3.654538870 -0.097178586 -0.754294157 0.003412016 0.197937325 -0.013107201 0.980121076
1781254204.758582 3.654027462 -0.099535406 -0.766380072 0.003175041 0.199707404 -0.013002579 0.979764163
1781254204.791962 3.655064583 -0.100351155 -0.775658965 0.002944484 0.200650796 -0.012929995 0.979573131
1781254204.825343 3.655065775 -0.101963483 -0.786325276 0.002651421 0.202282324 -0.013007564 0.979237318
1781254204.858723 3.655822039 -0.102715723 -0.796063960 0.002614398 0.203875512 -0.013249201 0.978903711
1781254204.892103 3.656659365 -0.103500560 -0.806056798 0.002647965 0.205501392 -0.013194648 0.978564322
1781254204.925484 3.657682419 -0.102369696 -0.814963222 0.003207324 0.206490561 -0.013298148 0.978353024
1781254204.958864 3.657717705 -0.104243241 -0.824361444 0.002735724 0.207881495 -0.013092634 0.978062630
1781254204.992245 3.658798695 -0.104527175 -0.834161580 0.003012428 0.209457338 -0.013121609 0.977725148
1781254205.025625 3.660071135 -0.105456829 -0.842243850 0.002831317 0.210972115 -0.013213574 0.977398694
1781254205.059006 3.660446405 -0.105811782 -0.851374924 0.002839456 0.212474450 -0.013045997 0.977075458
1781254205.092386 3.661042452 -0.105606109 -0.859405458 0.003159529 0.213442177 -0.012943586 0.976864874
1781254205.125767 3.662389994 -0.106842376 -0.868899584 0.002836294 0.213899747 -0.012847762 0.976767004
1781254205.159148 3.663603306 -0.108597785 -0.878559589 0.002285531 0.214629382 -0.012822595 0.976608753
1781254205.192528 3.664334059 -0.107863270 -0.886835337 0.003002403 0.215851709 -0.012773098 0.976338029
1781254205.225905 3.663802385 -0.108637884 -0.896801770 0.003013967 0.217713699 -0.012904029 0.975922763
1781254205.259282 3.665767908 -0.110290870 -0.905327201 0.002483177 0.218172818 -0.012676862 0.975824714
1781254205.292659 3.666193724 -0.110853791 -0.914679408 0.002360361 0.218789399 -0.012793563 0.975685418
1781254205.326036 3.667189121 -0.109241247 -0.923135042 0.003051505 0.219754949 -0.012807620 0.975466311
1781254205.392790 3.668640375 -0.111586533 -0.942042410 0.003339830 0.221868262 -0.012951209 0.974984944
1781254205.426167 3.668711901 -0.112847097 -0.949869752 0.002801363 0.221938238 -0.012957881 0.974970639
1781254205.459544 3.670524120 -0.113162361 -0.959549069 0.002734147 0.220993489 -0.012738888 0.975188255
1781254205.492921 3.670970917 -0.115020514 -0.968210280 0.002310862 0.221134156 -0.012872641 0.975155711
1781254205.526298 3.670965195 -0.113618873 -0.976057589 0.003078746 0.222266197 -0.013160125 0.974892437
1781254205.593052 3.673050404 -0.114822879 -0.993886650 0.002823981 0.222509503 -0.012754902 0.974843025
1781254205.626428 3.674316645 -0.116539039 -1.002861023 0.002630339 0.222800538 -0.012946064 0.974774599
1781254205.659805 3.674170256 -0.117556103 -1.012747288 0.002425816 0.223285347 -0.012722756 0.974667072
1781254205.693182 3.675749302 -0.118722670 -1.023980975 0.002147215 0.222781911 -0.012518594 0.974785626
1781254205.759936 3.677916527 -0.120324701 -1.043805242 0.002120188 0.222908571 -0.012493559 0.974757016
1781254205.793312 3.677299738 -0.121546589 -1.054689288 0.002007588 0.223585621 -0.012432227 0.974602938
1781254205.826689 3.677256584 -0.122373633 -1.067362785 0.002048382 0.222737923 -0.012477730 0.974796414
1781254205.860066 3.677368879 -0.119405299 -1.076198816 0.003051062 0.223133400 -0.012516392 0.974702835
1781254205.993572 3.681352139 -0.125887543 -1.123332500 0.001992727 0.221496463 -0.012766596 0.975075603
1781254206.060325 3.682003975 -0.129563674 -1.146206737 0.000953876 0.221046969 -0.012479887 0.975182891
1781254206.160456 3.683788538 -0.130008057 -1.179178715 0.001494023 0.220873296 -0.012321100 0.975223541
1781254206.260589 3.683965921 -0.132951915 -1.210023880 0.001227188 0.222969800 -0.012303630 0.974747002
1781254206.360723 3.682052374 -0.133796543 -1.240829945 0.001511154 0.226579130 -0.012823747 0.973907232
1781254206.460857 3.683820486 -0.136015370 -1.270880461 0.001657119 0.228587508 -0.012994794 0.973435283
1781254206.560991 3.687930584 -0.137240008 -1.294474602 0.001696434 0.230384290 -0.013478716 0.973004937
1781254206.694503 3.698891163 -0.141037360 -1.318441391 0.001228793 0.235343948 -0.013983117 0.971810818
1781254206.794637 3.712470293 -0.142424479 -1.330813646 0.001054735 0.241584718 -0.015262553 0.970259130
1781254206.894772 3.732460499 -0.145060539 -1.340047002 0.000855553 0.249678656 -0.015861500 0.968198478
1781254206.961528 3.745636940 -0.142777681 -1.342164159 0.001583108 0.256455362 -0.016571496 0.966412783
1781254206.994906 3.757044792 -0.146689489 -1.344290257 0.000816568 0.258478582 -0.016556168 0.965874791
1781254207.061662 3.775353909 -0.141522378 -1.342424393 0.002287277 0.261483759 -0.016651079 0.965061545
1781254207.095040 3.784520864 -0.140259415 -1.340620279 0.002451190 0.261874080 -0.016737834 0.964953840
1781254207.161796 3.803487062 -0.142890662 -1.336496353 0.001485526 0.259685040 -0.016531896 0.965550780
1781254207.261929 3.838491440 -0.141159013 -1.331755400 0.002250995 0.249578699 -0.015372280 0.968229949
1781254207.295306 3.847957134 -0.143122718 -1.327234626 0.001235402 0.245996758 -0.015603377 0.969144344
1781254207.328683 3.860070705 -0.142567292 -1.324343562 0.001473185 0.242477491 -0.014918506 0.970041275
1781254207.362061 3.870261908 -0.139224902 -1.318336844 0.002192155 0.239695996 -0.014640801 0.970735133
1781254207.428815 3.886832476 -0.140769795 -1.307437778 0.001370159 0.235230967 -0.014551348 0.971829653
1781254207.462192 3.896374464 -0.143328547 -1.303677559 0.000738323 0.232896566 -0.013760800 0.972403884
1781254207.495569 3.903771400 -0.143100977 -1.295433521 0.000467703 0.232493281 -0.013700480 0.972501457
1781254207.562325 3.918495893 -0.141706184 -1.281331062 0.000359706 0.232381269 -0.013498541 0.972531080
1781254207.595702 3.929855347 -0.141255945 -1.276696682 0.000476102 0.231003150 -0.013136182 0.972864270
1781254207.662456 3.941510916 -0.136463568 -1.258051991 0.001149353 0.232460439 -0.013026869 0.972517967
1781254207.695833 3.945976973 -0.136601359 -1.248802662 0.000788393 0.233981609 -0.013194910 0.972151160
1781254207.729210 3.951784611 -0.134987101 -1.239941239 0.001284370 0.234458223 -0.013049970 0.972037792
1781254207.795965 3.963044405 -0.134917572 -1.222826242 0.000922357 0.234339237 -0.013195586 0.972064972
1781254207.862719 3.976503134 -0.134977862 -1.207719207 0.000858627 0.233463705 -0.013075705 0.972277284
1781254207.896096 3.980239391 -0.133063421 -1.197517276 0.001236001 0.233657673 -0.012553057 0.972237110
1781254207.962850 3.989601612 -0.133093655 -1.177605629 0.000974561 0.233636573 -0.013140912 0.972234726
1781254207.996227 3.998257160 -0.129364505 -1.170279026 0.002194940 0.232239649 -0.012523797 0.972575545
1781254208.029604 4.002958775 -0.130968884 -1.159941077 0.001721859 0.232681498 -0.012849523 0.972466588
1781254208.062981 4.005975246 -0.129455477 -1.148324609 0.001832051 0.233701378 -0.012792788 0.972222626
1781254208.096358 4.012246609 -0.128257230 -1.138737440 0.002211188 0.234063178 -0.012620285 0.972136974
1781254208.129735 4.017854691 -0.127733722 -1.128862143 0.002301480 0.234869510 -0.012675774 0.971941531
1781254208.196489 4.025772095 -0.121860817 -1.105569005 0.003767757 0.237301603 -0.012786506 0.971344650
1781254208.229866 4.032162666 -0.120872378 -1.095979929 0.004332568 0.238009885 -0.012676377 0.971170425
1781254208.263242 4.034606457 -0.122426845 -1.082823873 0.003588226 0.240632236 -0.013098659 0.970521390
1781254208.363370 4.056201935 -0.121106356 -1.053936839 0.004211377 0.242713153 -0.012476954 0.970008731
1781254208.463499 4.070186138 -0.122525558 -1.020230412 0.003319246 0.247191831 -0.013203159 0.968870938
1781254208.496875 4.075931549 -0.120967291 -1.011171460 0.003825277 0.248034760 -0.013602623 0.968648136
1781254208.563626 4.094150543 -0.122768961 -0.993927360 0.002957731 0.248812854 -0.013099099 0.968458474
1781254208.663754 4.110424042 -0.120181262 -0.960848212 0.003510726 0.252473086 -0.013218699 0.967507303
1781254208.763881 4.127454758 -0.118491925 -0.929773033 0.003822496 0.255342782 -0.013554850 0.966748059
1781254208.830633 4.138801575 -0.117262378 -0.908138990 0.003826009 0.257633507 -0.013968170 0.966134191
1781254208.864009 4.144160748 -0.116883963 -0.897478342 0.003590686 0.258444935 -0.013912968 0.965919197
1781254208.930761 4.154726982 -0.115908861 -0.875755429 0.003650530 0.260560900 -0.014043676 0.965348423
1781254208.997512 4.166415215 -0.115295261 -0.854893625 0.003269965 0.261406988 -0.014428909 0.965115309
1781254209.064264 4.177134991 -0.111987576 -0.834249139 0.004390060 0.263238609 -0.014656365 0.964609504
1781254209.131015 4.187317848 -0.113970675 -0.814785004 0.003004525 0.263673663 -0.014590487 0.964496970
1781254209.231143 4.203527451 -0.110130221 -0.788190186 0.003844228 0.265107036 -0.014875489 0.964096606
1781254209.297896 4.212626934 -0.110158205 -0.771043122 0.003339480 0.266299695 -0.014978871 0.963768184
1781254209.398025 4.225188732 -0.108759023 -0.746301293 0.003369943 0.269670933 -0.015265029 0.962825656
1781254209.464778 4.231681824 -0.108049169 -0.733030438 0.003025021 0.271717399 -0.015495424 0.962247610
1781254209.598284 4.246109962 -0.106402397 -0.709351122 0.003260012 0.278694391 -0.016040405 0.960240424
1781254209.698414 4.252725124 -0.106641024 -0.687474728 0.002467492 0.290779978 -0.017462555 0.956627429
1781254209.798543 4.260250092 -0.105926923 -0.673414946 0.002335381 0.306115896 -0.018108360 0.951819181
1781254209.865295 4.265247345 -0.104986943 -0.664017498 0.002750786 0.319763780 -0.018248150 0.947317541
1781254209.965424 4.270389080 -0.105609216 -0.653345704 0.002337401 0.345811933 -0.019517852 0.938097954
1781254210.132305 4.277858734 -0.104398333 -0.637334645 0.003114836 0.393412173 -0.021959234 0.919094682
1781254210.199057 4.278559685 -0.104379952 -0.633024275 0.003131425 0.411822349 -0.023114171 0.910965621
1781254210.232434 4.279724598 -0.104480721 -0.633573174 0.003436287 0.419025213 -0.023343058 0.907667994
1781254210.299187 4.278932095 -0.104354814 -0.632864952 0.003408192 0.432981491 -0.024397129 0.901066184
1781254210.365942 4.276780128 -0.103884093 -0.635333121 0.003791519 0.440740138 -0.024978545 0.897279143
1781254210.432695 4.276491642 -0.104134023 -0.638923466 0.003944759 0.443708420 -0.024893424 0.895816743
1781254210.499448 4.273792267 -0.104446717 -0.643424392 0.003598493 0.445591509 -0.025700802 0.894860208
1781254210.566201 4.271940231 -0.104167357 -0.649047911 0.003994388 0.448818117 -0.025967341 0.893236816
1781254210.599577 4.272327423 -0.104219377 -0.652050257 0.004231017 0.450625181 -0.026232764 0.892317772
1781254210.632954 4.271688461 -0.105061509 -0.654712558 0.003958767 0.453083247 -0.026527813 0.891064644
1781254210.666331 4.271409512 -0.106197029 -0.660742640 0.004056075 0.455372721 -0.026451509 0.889898598
1781254210.733083 4.269858837 -0.104794562 -0.668692827 0.004940959 0.463874549 -0.027308593 0.885466158
1781254210.766460 4.268079758 -0.107049480 -0.674342752 0.004671630 0.469449520 -0.027249694 0.882526338
1781254210.799836 4.268009186 -0.106137611 -0.679208755 0.005358277 0.475313723 -0.027421447 0.879372656
1781254210.833213 4.266541004 -0.105757743 -0.685968995 0.005507385 0.482163250 -0.028199164 0.875610173
1781254210.866589 4.266165733 -0.108430520 -0.695781648 0.005044035 0.488903135 -0.028073680 0.871871710
1781254210.899966 4.265480995 -0.111196637 -0.703728139 0.004126450 0.496608347 -0.028734719 0.867489159
1781254210.933342 4.265076637 -0.107920632 -0.709774494 0.005640266 0.505105555 -0.029474745 0.862535715
1781254211.200353 4.258762360 -0.109087810 -0.781042576 0.008571919 0.560196638 -0.033136006 0.827652335
1781254211.267107 4.254629612 -0.109914631 -0.803858757 0.009464543 0.570690513 -0.034284737 0.820394695
1781254211.300483 4.256334305 -0.109566577 -0.816169858 0.010003285 0.574445963 -0.033440638 0.817798018
1781254211.333860 4.256953239 -0.110409454 -0.827427745 0.010017208 0.579134643 -0.034220427 0.814451754
1781254211.367237 4.256648064 -0.110146083 -0.838446021 0.010443700 0.584585845 -0.034752075 0.810519993
1781254211.400613 4.256064892 -0.111388318 -0.852530599 0.010587974 0.589676380 -0.034947742 0.806813776
1781254211.433990 4.253025055 -0.113195106 -0.857692361 0.010536009 0.597394347 -0.034898393 0.801118672
1781254211.467366 4.254675865 -0.116857722 -0.874151111 0.009581922 0.600706816 -0.035353150 0.798629940
1781254211.500743 4.250670910 -0.116777062 -0.878763199 0.009601713 0.607050657 -0.036472581 0.793767631
1781254211.534119 4.258582115 -0.116402566 -0.902042866 0.010450206 0.608572066 -0.036990177 0.792567134
1781254211.567496 4.251808643 -0.121334434 -0.909164190 0.009104258 0.615147352 -0.036444612 0.787516832
1781254211.634249 4.248427391 -0.115363747 -0.924667597 0.011637310 0.626264393 -0.037620481 0.778615594
1781254211.701002 4.269243240 -0.123888537 -0.983726978 0.009970814 0.625464141 -0.037472695 0.779288769
1781254211.734380 4.269221306 -0.123600513 -0.996465445 0.010280148 0.629805267 -0.038362067 0.775737107
1781254211.767756 4.266383648 -0.124633625 -1.005738020 0.010276564 0.634786904 -0.038257610 0.771671176
1781254211.901262 4.259741783 -0.129392058 -1.048711300 0.009528897 0.656070709 -0.038753409 0.753643572
1781254211.968015 4.259084702 -0.127493083 -1.075528145 0.010104077 0.663785338 -0.040318388 0.746767342
1781254212.001391 4.256186485 -0.128848255 -1.087531328 0.010221981 0.669068754 -0.040261313 0.742038846
1781254212.034767 4.255043983 -0.127736837 -1.100888014 0.010717872 0.674324989 -0.041013613 0.737217009
1781254212.068144 4.251422882 -0.128981262 -1.111056328 0.010551631 0.680597246 -0.040981170 0.731434643
1781254212.101520 4.250141621 -0.127018332 -1.124991179 0.011351718 0.684870243 -0.042177636 0.727354765
1781254212.201649 4.239680290 -0.127904162 -1.157375813 0.011806137 0.701140046 -0.042248078 0.711673021
1781254212.335154 4.229175091 -0.135054454 -1.211131334 0.010860525 0.722847342 -0.043193795 0.689570963
1781254212.435283 4.222286701 -0.137689322 -1.246375799 0.010379810 0.739465714 -0.044268671 0.671656966
1781254212.568787 4.220409393 -0.131947756 -1.296678305 0.013030552 0.759999990 -0.048738454 0.647962034
1781254212.735667 4.207215309 -0.140071660 -1.366774082 0.011703356 0.783283353 -0.049398199 0.619588673
1781254212.902546 4.198803425 -0.144245386 -1.413902760 0.012819979 0.807790756 -0.049451202 0.587251604
1781254213.136177 4.180939674 -0.143569112 -1.520710945 0.013330180 0.832725108 -0.054547939 0.550831914
1781254213.236305 4.179011345 -0.145217508 -1.543808460 0.013031092 0.846756458 -0.055351511 0.528932989
1781254213.303059 4.173799038 -0.145921409 -1.560493946 0.013236217 0.854866445 -0.055997740 0.515647709
1781254213.369813 4.170494556 -0.147381783 -1.575796604 0.013100109 0.862942576 -0.056557860 0.501955986
1781254213.503321 4.163343906 -0.149027318 -1.604786396 0.013284006 0.878068149 -0.057587240 0.474872351
1781254213.636828 4.152760983 -0.152598232 -1.628464699 0.012515054 0.892530262 -0.057486597 0.447133631
1781254213.736959 4.142585754 -0.152126491 -1.647075653 0.013075303 0.903970897 -0.058257677 0.423404872
1781254213.803712 4.137550354 -0.154294014 -1.654365063 0.013053847 0.912984312 -0.057880286 0.403657258
1781254213.870467 4.126691818 -0.156214923 -1.666831493 0.012799639 0.920725703 -0.057743978 0.385701954
1781254213.970597 4.109416485 -0.160814941 -1.677930355 0.011358925 0.933797121 -0.057355467 0.352993280
1781254214.037351 4.096797466 -0.166145772 -1.681110382 0.009240620 0.943244457 -0.056534659 0.327121288
1781254214.104104 4.091153622 -0.156260669 -1.694516659 0.014655884 0.951233506 -0.057797119 0.302654207
1781254214.204234 4.075870514 -0.156138867 -1.700325966 0.014976184 0.963655293 -0.058160078 0.260310709
1781254214.304378 4.060304642 -0.155369699 -1.702510834 0.015751652 0.975360155 -0.058729794 0.212074026
1781254214.504668 4.029873848 -0.156706244 -1.685976028 0.015527449 0.991346180 -0.059147585 0.116160884
1781254214.671578 4.008376598 -0.150599152 -1.661339521 0.017146921 0.997009099 -0.060421877 0.045034725
1781254214.738342 4.000173569 -0.149816155 -1.649627209 0.017927304 0.997731209 -0.060265474 0.024067540
1781254214.905253 3.986286640 -0.146503046 -1.624249816 -0.018483462 -0.997966349 0.060497489 0.007854497
1781254215.005400 3.980738640 -0.145684287 -1.591416478 -0.018106511 -0.997705162 0.060704459 0.023907276
1781254215.072165 3.985702515 -0.145465747 -1.571481228 -0.017581562 -0.997352540 0.061187841 0.035142127
1781254215.138930 3.972871304 -0.144018739 -1.551642179 -0.018061915 -0.997115850 0.061096929 0.041241817
1781254215.172313 3.970816135 -0.143747702 -1.540406704 -0.018022463 -0.996949255 0.061340645 0.044774085
1781254215.205696 3.971131802 -0.143370897 -1.531850219 -0.017794076 -0.996863842 0.061017003 0.047146652
1781254215.272451 3.965530872 -0.140069157 -1.512417078 -0.017967416 -0.996533751 0.061785657 0.052727580
1781254215.339205 3.961414814 -0.140388668 -1.491399884 -0.017902419 -0.996311069 0.061227087 0.057402294
1781254215.372582 3.959635735 -0.139557600 -1.481052160 -0.017882911 -0.996163130 0.061179753 0.059969012
1781254215.439337 3.954575539 -0.137397856 -1.457542419 -0.017990889 -0.995752871 0.061250951 0.066339500
1781254215.472714 3.952817917 -0.135661110 -1.447013378 -0.017860372 -0.995546103 0.061527539 0.069162577
1781254215.506091 3.951353550 -0.137048423 -1.434485674 -0.017762175 -0.995400488 0.060977690 0.071723059
1781254215.539468 3.950116158 -0.134810030 -1.424500704 -0.017602745 -0.995229781 0.061334815 0.073796242
1781254215.572845 3.948408127 -0.134965867 -1.412551522 -0.017868439 -0.995042443 0.060948975 0.076528050
1781254215.606222 3.946900368 -0.133928001 -1.402162433 -0.017956551 -0.994835436 0.060980570 0.079128988
1781254215.639599 3.944154739 -0.136235923 -1.390360117 -0.017410209 -0.994721532 0.060610909 0.080946080
1781254215.672976 3.942661285 -0.133652478 -1.380442381 -0.017661938 -0.994659901 0.060608983 0.081648059
1781254215.706353 3.944221020 -0.132509649 -1.370453477 -0.017274752 -0.994385242 0.060657196 0.084972471
1781254215.739730 3.940092087 -0.132700384 -1.358009696 -0.017671525 -0.994126201 0.060614109 0.087902725
1781254215.773108 3.939208031 -0.130981237 -1.347933292 -0.017499393 -0.993893564 0.060666218 0.090493426
1781254215.806485 3.938747406 -0.130422488 -1.334312558 -0.017557060 -0.993629038 0.060726795 0.093302362
1781254215.839862 3.936771870 -0.130700529 -1.324901581 -0.017579116 -0.993485212 0.060438581 0.095002323
1781254215.873239 3.936053753 -0.127243638 -1.315081835 -0.017821658 -0.993297994 0.060671259 0.096749797
1781254215.906616 3.932291508 -0.126805663 -1.304514647 -0.017813606 -0.993138433 0.060754243 0.098324224
1781254215.939994 3.932545185 -0.128434062 -1.294590831 -0.017705219 -0.992910147 0.060151536 0.100984745
1781254215.973371 3.927485466 -0.125791967 -1.287737250 -0.017973134 -0.992825568 0.060741395 0.101414382
1781254216.006748 3.928892136 -0.125679910 -1.278698921 -0.017909100 -0.992620885 0.060517665 0.103540428
1781254216.040125 3.925849915 -0.124756746 -1.270558357 -0.017533887 -0.992527187 0.060439039 0.104544275
1781254216.073502 3.929320812 -0.126090497 -1.262309313 -0.017647935 -0.992345572 0.060114868 0.106419049
1781254216.106879 3.926041603 -0.121916935 -1.256901741 -0.017846769 -0.992245495 0.060936503 0.106850676
1781254216.140256 3.922590256 -0.125775725 -1.244423389 -0.017416537 -0.992262065 0.059572726 0.107534699
1781254216.173633 3.926517487 -0.126853347 -1.236497164 -0.017546253 -0.991975784 0.059650622 0.110081695
1781254216.207010 3.922446728 -0.124807760 -1.224905968 -0.017381074 -0.992048025 0.059946172 0.109293379
1781254216.240387 3.920378685 -0.124489188 -1.214460373 -0.017639060 -0.992051959 0.059589244 0.109411687
1781254216.273763 3.915482044 -0.124444522 -1.203083515 -0.017415820 -0.992016256 0.059663769 0.109729953
1781254216.307140 3.912438393 -0.128374785 -1.193456888 -0.017427567 -0.991976500 0.058984268 0.110453233
1781254216.340517 3.913790703 -0.123954847 -1.185845137 -0.017415384 -0.991878152 0.059558410 0.111028306
1781254216.373894 3.911632061 -0.128282011 -1.172418594 -0.017288141 -0.991909027 0.058257639 0.111461729
1781254216.407271 3.909636497 -0.127225369 -1.162476897 -0.017445361 -0.991755426 0.058556370 0.112641044
1781254216.440648 3.908560276 -0.121977627 -1.150737762 -0.017463475 -0.991600633 0.059259620 0.113628790
1781254216.474025 3.910768986 -0.120449290 -1.144983411 -0.017464388 -0.991473556 0.059441801 0.114638083
1781254216.540778 3.900235653 -0.120449796 -1.125936031 -0.017083282 -0.991450131 0.059184067 0.115031213
1781254216.574155 3.895915985 -0.122672252 -1.111288548 -0.017154271 -0.991374016 0.058565367 0.115988888
1781254216.607532 3.892016888 -0.117460862 -1.106407285 -0.017539680 -0.991146147 0.059617504 0.117334925
1781254216.674287 3.887894630 -0.113660157 -1.091934204 -0.017618308 -0.990665257 0.060025744 0.121114865
1781254216.707663 3.879949093 -0.112782136 -1.085504413 -0.017099854 -0.990520418 0.059867196 0.122444935
1781254216.741040 3.872566223 -0.116572425 -1.074340940 -0.017711705 -0.990228355 0.059241179 0.124998622
1781254216.774417 3.866715431 -0.114979349 -1.071176887 -0.017934397 -0.989885151 0.059474319 0.127548575
1781254216.807793 3.863615990 -0.116048701 -1.063728452 -0.016437357 -0.989500582 0.059219807 0.130810902
1781254216.874547 3.855046749 -0.112683453 -1.063712001 -0.016551111 -0.988715768 0.059614968 0.136430532
1781254216.907924 3.849188328 -0.109935708 -1.057371497 -0.017152891 -0.988245010 0.060192138 0.139479294
1781254216.941300 3.843714714 -0.106642500 -1.057155848 -0.017130191 -0.987617254 0.060990289 0.143523365
1781254217.008054 3.835689545 -0.107046247 -1.055474401 -0.016779549 -0.986441851 0.060891308 0.151470169
1781254217.074807 3.818575382 -0.106223203 -1.052586913 -0.016647426 -0.985212564 0.060941931 0.159264520
1781254217.174937 3.794672251 -0.105567567 -1.053213835 -0.016390435 -0.983269870 0.060478177 0.171038300
1781254217.275066 3.768660307 -0.104291461 -1.056349516 -0.016842017 -0.982191265 0.060393240 0.177113950
1781254217.308443 3.757461548 -0.106000990 -1.060074568 -0.017145209 -0.982138872 0.059958287 0.177522600
1781254217.375197 3.739138603 -0.100848921 -1.067913651 -0.017118635 -0.982216656 0.060654461 0.176857129
1781254217.475326 3.713537931 -0.100805938 -1.079460263 -0.017851871 -0.983083606 0.060581941 0.171923935
1781254217.508702 3.703536510 -0.101150855 -1.085507274 -0.017883845 -0.983524561 0.060494117 0.169411078
1781254217.575455 3.688842535 -0.100229703 -1.096467018 -0.018633094 -0.984568596 0.060621984 0.163102850
1781254217.642208 3.674934149 -0.101576611 -1.110342383 -0.019114973 -0.986050010 0.060394142 0.153924078
1781254217.708961 3.661465406 -0.104199260 -1.122257471 -0.019149994 -0.987309575 0.060019597 0.145776317
1781254217.842466 3.639192820 -0.108968586 -1.157649159 -0.019457808 -0.989700675 0.059466962 0.128754720
1781254217.909218 3.629182100 -0.109783515 -1.172215700 -0.019552100 -0.990544736 0.059467353 0.122075602
1781254218.009347 3.610021591 -0.109920040 -1.196700692 -0.019185692 -0.991674304 0.060362361 0.112118065
1781254218.076100 3.606139183 -0.113919750 -1.211943388 -0.019358315 -0.992322028 0.059781391 0.106529020
1781254218.176229 3.585028648 -0.115257099 -1.233000875 -0.019950889 -0.992992282 0.060222950 0.099707611
1781254218.276361 3.575168371 -0.116942413 -1.258094907 -0.019363336 -0.993139982 0.060126200 0.098401822
1781254218.343117 3.566431999 -0.118382603 -1.277573228 -0.019521080 -0.992985725 0.060061533 0.099954709
1781254218.409873 3.555870295 -0.120569073 -1.289427996 -0.019785576 -0.992912054 0.059758440 0.100812458
1781254218.510007 3.551917076 -0.119849466 -1.315830469 -0.020013735 -0.992350280 0.059840567 0.106110632
1781254218.576763 3.543558598 -0.119522080 -1.330751300 -0.020169647 -0.991909146 0.060345087 0.109853953
1781254218.676898 3.536350727 -0.122897536 -1.357023835 -0.020400433 -0.991134942 0.060071144 0.116733946
1781254218.743654 3.528556824 -0.125186816 -1.376911879 -0.020659087 -0.990842879 0.059789423 0.119285002
1781254218.777033 3.523814678 -0.124232873 -1.387467861 -0.020336306 -0.990587533 0.060313340 0.121182583
1781254218.843789 3.515281200 -0.125106424 -1.406937361 -0.020378370 -0.990107656 0.060024422 0.125174701
1781254218.877167 3.510423422 -0.125282377 -1.416918039 -0.020294180 -0.989811778 0.060140379 0.127451718
1781254218.943923 3.501855373 -0.125924483 -1.436871648 -0.020423774 -0.989134610 0.060199603 0.132557720
1781254218.977301 3.498260736 -0.127898335 -1.446925879 -0.020536449 -0.988872945 0.059796073 0.134659067
1781254219.010679 3.494123220 -0.127090842 -1.459094763 -0.020443125 -0.988533139 0.060041990 0.137037843
1781254219.044058 3.491715193 -0.128731027 -1.468046069 -0.020287838 -0.988137245 0.060094200 0.139864087
1781254219.077436 3.484530926 -0.127043128 -1.479410172 -0.020378230 -0.987948298 0.060468223 0.141019583
1781254219.110814 3.479060173 -0.126548186 -1.490469456 -0.020682102 -0.987613678 0.060713295 0.143197194
1781254219.144192 3.473898411 -0.129951894 -1.503085375 -0.020605054 -0.987319410 0.060220066 0.145428821
1781254219.177570 3.469640493 -0.131126121 -1.509459376 -0.020636205 -0.987204850 0.059859727 0.146347553
1781254219.311081 3.450292587 -0.133003712 -1.552187681 -0.020631380 -0.986400962 0.059874322 0.151666015
1781254219.344458 3.443085909 -0.131183535 -1.565200686 -0.020715361 -0.986321330 0.060236067 0.152028903
1781254219.411213 3.434111834 -0.130869180 -1.587371469 -0.020691112 -0.986271739 0.060524035 0.152239427
1781254219.611479 3.401776791 -0.135883644 -1.650338650 -0.020604860 -0.987226963 0.060291674 0.146025151
1781254219.678234 3.391184807 -0.136943936 -1.667706609 -0.020462129 -0.987853348 0.060293686 0.141745910
1781254219.778367 3.374700308 -0.137265801 -1.689884782 -0.020143440 -0.988823891 0.060437623 0.134791777
1781254219.811745 3.371438742 -0.139234453 -1.696585774 -0.020215943 -0.989212930 0.060087718 0.132055461
1781254219.878500 3.360107422 -0.138932511 -1.709144473 -0.020241484 -0.989989758 0.060418718 0.125937611
1781254219.911877 3.353868961 -0.138521194 -1.715005994 -0.020286050 -0.990478575 0.060405865 0.122032128
1781254219.945255 3.349184036 -0.138817146 -1.721359849 -0.019636098 -0.990877867 0.060714010 0.118699044
1781254220.012010 3.335722208 -0.138675779 -1.731377602 -0.020084163 -0.991681755 0.060588039 0.111772493
1781254220.078765 3.325270653 -0.140369713 -1.735541582 -0.019974323 -0.992340386 0.060398933 0.105894633
1781254220.145521 3.314604282 -0.139579624 -1.741230011 -0.019883113 -0.992740333 0.060726363 0.101900838
1781254220.178899 3.308959961 -0.140172780 -1.741218209 -0.019993616 -0.992943525 0.060523022 0.100002058
1781254220.245654 3.298560381 -0.140719160 -1.744565010 -0.019995477 -0.993270695 0.060552891 0.096679732
1781254220.312408 3.288415670 -0.140749291 -1.746510506 -0.020100711 -0.993534744 0.060794149 0.093748957
1781254220.412539 3.269289255 -0.140515819 -1.748774052 -0.020181883 -0.993972361 0.060935609 0.088873789
1781254220.479293 3.256404638 -0.140046060 -1.749658585 -0.020153852 -0.994197130 0.061030947 0.086262353
1781254220.546047 3.240528822 -0.139567032 -1.748988628 -0.020180427 -0.994320154 0.061107799 0.084770732
1781254220.612801 3.224734783 -0.139225155 -1.746737719 -0.019964613 -0.994358778 0.061061952 0.084400862
1781254220.646178 3.215776205 -0.139373899 -1.744756818 -0.020530770 -0.994288087 0.061062731 0.085094795
1781254220.712932 3.197215319 -0.138719618 -1.741186023 -0.020700110 -0.994171500 0.060890343 0.086527251
1781254220.813063 3.172140360 -0.138290778 -1.732968807 -0.020677648 -0.993985832 0.060574606 0.088856027
1781254220.879818 3.158890247 -0.137713999 -1.724188089 -0.020772699 -0.993598163 0.060546856 0.093087718
1781254220.979949 3.140782356 -0.137403443 -1.711714625 -0.020884315 -0.992706001 0.060004033 0.102460638
1781254221.046702 3.132160902 -0.136418000 -1.702887535 -0.021134309 -0.992018163 0.059815824 0.108974926
1781254221.113456 3.122934818 -0.135129690 -1.694293618 -0.021550504 -0.991390049 0.059744980 0.114507586
1781254221.180210 3.117342234 -0.133985579 -1.683174610 -0.021565683 -0.991153538 0.059471641 0.116673477
1781254221.280345 3.110470057 -0.131411597 -1.665856838 -0.022024460 -0.991657972 0.059939004 0.111967869
1781254221.313723 3.106754541 -0.131405026 -1.659019470 -0.022205165 -0.991997957 0.060138270 0.108767822
1781254221.347101 3.105945587 -0.131302610 -1.651975870 -0.022302410 -0.992329061 0.060053483 0.105732098
1781254221.413858 3.101199389 -0.129729956 -1.637450933 -0.022310788 -0.992803752 0.060155064 0.101115629
1781254221.447236 3.099751234 -0.129259527 -1.629156590 -0.022170521 -0.993152618 0.060493145 0.097452775
1781254221.513993 3.095372438 -0.128062025 -1.611513376 -0.022416079 -0.993794739 0.060180075 0.090818211
1781254221.547372 3.093103886 -0.128935784 -1.601154089 -0.022663586 -0.993868470 0.059980541 0.090078823
1781254221.580750 3.092531681 -0.126974836 -1.591227174 -0.022433307 -0.993936718 0.060263168 0.089190595
1781254221.614128 3.090344906 -0.127386644 -1.580726981 -0.022512689 -0.994043529 0.060039729 0.088124566
1781254221.647507 3.088523388 -0.126891240 -1.570034623 -0.022481842 -0.994087100 0.060057014 0.087627418
1781254221.680885 3.087100506 -0.126366332 -1.559015989 -0.022173004 -0.994148493 0.060080532 0.086992107
1781254221.714263 3.088811159 -0.126391545 -1.549789906 -0.022106485 -0.994179130 0.059820026 0.086838305
1781254221.747642 3.086251736 -0.125242025 -1.537739992 -0.022181230 -0.994229257 0.059829794 0.086235993
1781254221.781020 3.085727930 -0.121991962 -1.527944684 -0.021871230 -0.994167686 0.060330596 0.086674862
1781254221.814398 3.080884695 -0.123695761 -1.515134335 -0.022163164 -0.994191766 0.059690811 0.086767435
1781254221.847777 3.081206322 -0.121223435 -1.505025864 -0.021961514 -0.994152129 0.059899867 0.087128170
1781254221.881155 3.076140881 -0.121562183 -1.493701816 -0.022124849 -0.994104266 0.060146946 0.087461859
1781254221.914533 3.075320482 -0.120979697 -1.483038425 -0.021514399 -0.994386375 0.060067635 0.084408134
1781254221.947911 3.073269129 -0.119339183 -1.472951531 -0.021850284 -0.994404674 0.060040660 0.084125400
1781254221.981290 3.069416523 -0.119671956 -1.460842729 -0.021926172 -0.994330823 0.060186163 0.084871806
1781254222.014668 3.069416285 -0.118250221 -1.451267242 -0.021590253 -0.994297743 0.060233679 0.085310146
1781254222.081424 3.067450523 -0.117661163 -1.430736065 -0.021515837 -0.994366288 0.060313955 0.084469497
1781254222.114803 3.066639185 -0.117338806 -1.422425270 -0.021811763 -0.994419932 0.060405783 0.083692752
1781254222.148181 3.063919783 -0.114713624 -1.413893461 -0.021421107 -0.994529128 0.060726222 0.082252041
1781254222.214937 3.061227083 -0.116118789 -1.395713091 -0.021356320 -0.994649410 0.060496669 0.080973528
1781254222.248396 3.058163166 -0.114234254 -1.387589574 -0.021574546 -0.994711101 0.060594916 0.080079250
1781254222.281855 3.055665970 -0.113653541 -1.380497336 -0.021439897 -0.994844913 0.060761638 0.078307144
1781254222.315315 3.055559158 -0.111043155 -1.370890856 -0.021441264 -0.994949818 0.061248321 0.076575845
1781254222.382235 3.050512314 -0.112406224 -1.349852204 -0.021225058 -0.995235145 0.060896657 0.073131412
1781254222.415696 3.051765203 -0.112370044 -1.343790770 -0.021480814 -0.995311499 0.060559645 0.072292283
1781254222.516082 3.045336962 -0.109914362 -1.318661213 -0.021166891 -0.995494485 0.061050870 0.069393508
1781254222.549545 3.043331861 -0.109405860 -1.309528708 -0.021198584 -0.995650828 0.060853701 0.067283295
1781254222.583008 3.039769411 -0.108076185 -1.299308777 -0.021180473 -0.995680809 0.061203405 0.066522792
1781254222.616472 3.037438869 -0.107029900 -1.290978551 -0.021058209 -0.995705187 0.061444629 0.065972932
1781254222.716867 3.031942844 -0.107022211 -1.264431477 -0.021038657 -0.995938838 0.061205894 0.062587112
1781254222.783800 3.027747154 -0.103707060 -1.249438167 -0.021038236 -0.996050835 0.061531305 0.060448773
1781254222.884203 3.024582148 -0.102304101 -1.226365209 -0.021043686 -0.996189833 0.061273400 0.058383740
1781254222.917672 3.020168543 -0.102470770 -1.218789816 -0.021083780 -0.996244311 0.061012987 0.057707757
1781254222.951142 3.016056299 -0.102219224 -1.208941460 -0.021110255 -0.996289730 0.061233886 0.056671243
1781254222.984612 3.014973879 -0.101566121 -1.201451182 -0.020629982 -0.996434867 0.060878273 0.054643165
1781254223.051553 3.011847258 -0.100831538 -1.182839990 -0.021455795 -0.996333957 0.060827617 0.056199562
1781254223.252282 2.991135120 -0.096808553 -1.124248505 -0.021567276 -0.996512771 0.060589626 0.053160593
1781254223.319024 2.984695911 -0.094501972 -1.104854822 -0.020758649 -0.996603787 0.060439982 0.051932361
1781254223.385766 2.980605841 -0.093330950 -1.087660909 -0.020823833 -0.996535659 0.060459416 0.053177182
1781254223.485878 2.969753504 -0.089769512 -1.066071272 -0.020561472 -0.996279240 0.060848009 0.057467658
1781254223.552619 2.957970142 -0.091244183 -1.051842570 -0.020229811 -0.996344030 0.059958741 0.057397407
1781254223.619359 2.947457314 -0.088665605 -1.042145491 -0.020146757 -0.996084630 0.060487282 0.061244316
1781254223.686100 2.933869839 -0.087608181 -1.036655664 -0.019817980 -0.995839357 0.060569059 0.065136403
1781254223.752841 2.919737339 -0.088753134 -1.031300068 -0.019595519 -0.995479584 0.060436178 0.070596248
1781254223.819581 2.903574705 -0.087329537 -1.029443502 -0.019740697 -0.994923532 0.060395554 0.078037508
1781254223.852951 2.894527674 -0.086566657 -1.028322220 -0.019293195 -0.994626582 0.060606331 0.081686400
1781254223.886321 2.884753942 -0.088803202 -1.026732564 -0.019067194 -0.994481504 0.059806261 0.084061354
1781254223.919690 2.875003099 -0.086130396 -1.026035547 -0.019540999 -0.994050324 0.060518626 0.088428825
1781254223.953060 2.871272802 -0.086176574 -1.027896404 -0.018514235 -0.993618250 0.060460325 0.093405619
1781254223.986430 2.861700296 -0.085753970 -1.024569392 -0.019568088 -0.993156433 0.060502883 0.097963274
1781254224.019799 2.847615004 -0.085329562 -1.024989128 -0.019460274 -0.992946506 0.060330562 0.100193873
1781254224.053169 2.839783430 -0.085722752 -1.025502205 -0.019604856 -0.992726624 0.060186956 0.102406375
1781254224.086539 2.829305649 -0.083104223 -1.026576757 -0.019371234 -0.992684186 0.060292412 0.102799967
1781254224.119908 2.821681738 -0.084701955 -1.026407838 -0.019284556 -0.992462814 0.060435001 0.104849555
1781254224.153277 2.810177326 -0.081804261 -1.027963877 -0.019191338 -0.992395520 0.060811307 0.105284438
1781254224.186646 2.802624702 -0.081788413 -1.028569460 -0.019347984 -0.992390931 0.060668983 0.105381429
1781254224.220016 2.793613195 -0.079563417 -1.032330036 -0.019310532 -0.992462218 0.060570683 0.104771443
1781254224.253386 2.787921190 -0.081064440 -1.032734990 -0.019230213 -0.992348611 0.060985897 0.105618790
1781254224.286756 2.778014421 -0.081172273 -1.033446312 -0.019183705 -0.992603600 0.060881466 0.103264704
1781254224.320126 2.764835119 -0.082523175 -1.035226107 -0.019377757 -0.992916584 0.060264628 0.100545548
1781254224.353497 2.759294987 -0.077506818 -1.038183331 -0.019450141 -0.992947280 0.061538562 0.099450253
1781254224.386867 2.745754957 -0.083997868 -1.037837267 -0.019552814 -0.993395448 0.060348392 0.095609851
1781254224.453605 2.733985901 -0.079456985 -1.044171333 -0.019052623 -0.993868589 0.060993899 0.090233095
1781254224.486975 2.723218203 -0.084574491 -1.045114040 -0.019433968 -0.994042277 0.060206059 0.088756256
1781254224.520344 2.715940475 -0.084503621 -1.048401237 -0.019346530 -0.994249821 0.060350914 0.086318158
1781254224.587083 2.702092886 -0.084268175 -1.053668499 -0.019016331 -0.994695425 0.060394775 0.081067719
1781254224.620452 2.694068193 -0.082602829 -1.055786848 -0.019131226 -0.994820535 0.060618006 0.079319589
1781254224.687191 2.679397583 -0.081659317 -1.064589500 -0.019388702 -0.994933188 0.060874905 0.077629030
1781254224.753928 2.666142702 -0.082251713 -1.073414683 -0.019317342 -0.995242834 0.060686465 0.073727243
1781254224.854035 2.649183273 -0.081915438 -1.091591477 -0.019436747 -0.995486975 0.061210245 0.069866262
1781254224.987509 2.630563736 -0.083008453 -1.120341420 -0.019673746 -0.996196091 0.061266378 0.058760270
1781254225.054246 2.622265816 -0.084860310 -1.133305907 -0.019684443 -0.996388495 0.061088126 0.055594910
1781254225.120983 2.615075588 -0.083611026 -1.149359941 -0.019652877 -0.996423960 0.061397742 0.054620955
1781254225.187719 2.607729435 -0.085463345 -1.162665486 -0.019716987 -0.996291101 0.060977105 0.057420742
1781254225.221087 2.605352402 -0.085282966 -1.170338273 -0.019891957 -0.996208608 0.061037667 0.058713689
1781254225.254458 2.602461338 -0.085894525 -1.178016901 -0.019965731 -0.996199965 0.060817137 0.059062600
1781254225.321198 2.597304583 -0.087155938 -1.192225456 -0.020246180 -0.996090710 0.060812052 0.060789447
1781254225.354569 2.595063448 -0.088166565 -1.197679043 -0.020199440 -0.996110320 0.060631670 0.060663626
1781254225.387939 2.591390610 -0.088059887 -1.205545664 -0.020179728 -0.996151567 0.060300529 0.060321800
1781254225.421309 2.588377953 -0.088761106 -1.212796330 -0.020160472 -0.996067047 0.060545027 0.061467584
1781254225.688267 2.563317776 -0.090520680 -1.271638989 -0.020287653 -0.995798886 0.060921840 0.065280974
1781254225.821745 2.551721334 -0.092477053 -1.300676346 -0.020225722 -0.995757520 0.060566921 0.066254660
1781254225.988590 2.536904812 -0.094688639 -1.337526798 -0.020078212 -0.995788753 0.059965756 0.066375315
1781254226.122066 2.524709225 -0.096400037 -1.358557701 -0.019872811 -0.996285260 0.060142677 0.058340181
1781254226.222172 2.514476299 -0.096280068 -1.370716095 -0.019068245 -0.996952295 0.060750455 0.045077328
1781254226.355654 2.498794556 -0.096548766 -1.381784916 -0.018870629 -0.997753024 0.060914718 0.020549497
1781254226.489137 2.477170467 -0.096917897 -1.391438127 0.018172832 0.997966290 -0.061005175 0.003400019
1781254226.555878 2.465340614 -0.097226545 -1.392629623 0.018569563 0.997912169 -0.061175872 0.009170907
1781254226.589248 2.458998919 -0.095986903 -1.395092010 0.017523156 0.997882068 -0.061567552 0.011570824
1781254226.655988 2.444531679 -0.096669197 -1.396382332 0.017867189 0.997881711 -0.061332043 0.012302425
1781254226.722728 2.428570747 -0.096455753 -1.396589041 0.017559001 0.997892439 -0.061437268 0.011312508
1781254226.789467 2.414330959 -0.096093506 -1.397719979 0.017796921 0.997917473 -0.061574332 0.007264014
1781254226.822837 2.405889988 -0.095834523 -1.397224426 0.017520329 0.997955024 -0.061281718 0.004841967
1781254226.922945 2.383083105 -0.093760565 -1.393345475 -0.017376598 -0.997949481 0.061253414 0.006553517
1781254226.956315 2.377878904 -0.093129307 -1.390710831 -0.017514784 -0.997911692 0.061044589 0.011795822
1781254227.023054 2.368843317 -0.090462565 -1.379983664 -0.017664166 -0.997693479 0.060998578 0.023978407
1781254227.056423 2.358361244 -0.090328157 -1.379634261 -0.017372994 -0.997629464 0.060494032 0.027825538
1781254227.123161 2.347291231 -0.089527950 -1.371711969 -0.017584346 -0.997246981 0.060477912 0.039136387
1781254227.189900 2.333714485 -0.093776643 -1.361619234 -0.017540460 -0.996947110 0.059627969 0.047258541
1781254227.223270 2.325280666 -0.090481624 -1.355059147 -0.017835684 -0.996760786 0.059952542 0.050552260
1781254227.256644 2.319261074 -0.090182945 -1.349281311 -0.017818460 -0.996605456 0.059884559 0.053609263
1781254227.323393 2.306341648 -0.088382646 -1.337571621 -0.017976843 -0.996382415 0.060371157 0.057046100
1781254227.390141 2.292176247 -0.089026816 -1.322453499 -0.018027751 -0.996326804 0.059944049 0.058435831
1781254227.423515 2.286278725 -0.087093890 -1.316629410 -0.018123204 -0.996252894 0.060391538 0.059199631
1781254227.623758 2.245374680 -0.082743578 -1.276690364 -0.017760536 -0.995914280 0.060501885 0.064643979
1781254227.690506 2.232016563 -0.081204042 -1.263101697 -0.018005863 -0.995631874 0.061012257 0.068340980
1781254227.723880 2.225177765 -0.082109742 -1.254123449 -0.017885569 -0.995606184 0.060448669 0.069242120
1781254227.757253 2.217816830 -0.080510005 -1.247939348 -0.018116882 -0.995489597 0.060806502 0.070532829
1781254227.824000 2.204508305 -0.078983396 -1.233921289 -0.018121077 -0.995326459 0.060839318 0.072769776
1781254227.857375 2.200362206 -0.077254526 -1.226762056 -0.018302336 -0.995187700 0.061209891 0.074295789
1781254227.924122 2.185166121 -0.077059194 -1.212440252 -0.018579192 -0.995058358 0.060958061 0.076143466
1781254227.957495 2.178165197 -0.077636316 -1.204323053 -0.018282061 -0.995005965 0.060731970 0.077075355
1781254228.057615 2.156097412 -0.075890377 -1.182790041 -0.018615792 -0.994739830 0.060519036 0.080521047
1781254228.157735 2.136444330 -0.073984377 -1.160697818 -0.018428704 -0.994594514 0.060518391 0.082340010
1781254228.291218 2.109522820 -0.071573578 -1.131039739 -0.018431967 -0.994117916 0.060487542 0.087927133
1781254228.391323 2.091767311 -0.072877474 -1.105723262 -0.018502677 -0.993862033 0.059923198 0.091132775
1781254228.458059 2.076582432 -0.068231247 -1.094633579 -0.018684397 -0.993619740 0.060680304 0.093212761
1781254228.524794 2.065525055 -0.068928346 -1.078797102 -0.018552484 -0.993438065 0.060202152 0.095459059
1781254228.591531 2.057594538 -0.067531556 -1.063861370 -0.018253040 -0.993403912 0.059983488 0.096007951
1781254228.658266 2.050872087 -0.064174905 -1.049774051 -0.018413326 -0.993199825 0.060257908 0.097898208
1781254228.725000 2.041445971 -0.063325591 -1.033852339 -0.018002870 -0.993360698 0.060423087 0.096226208
1781254228.791735 2.034550667 -0.060745008 -1.018027544 -0.018268242 -0.993491769 0.060598843 0.094700113
1781254228.825102 2.033204556 -0.062811919 -1.009967327 -0.017946845 -0.993430257 0.060338572 0.095569395
1781254228.858469 2.029452562 -0.063065283 -1.003234982 -0.017978599 -0.993572056 0.059881154 0.094369933
1781254228.891836 2.026331663 -0.063429713 -0.995152116 -0.017722318 -0.993668139 0.059719741 0.093504980
1781254228.958570 2.017833948 -0.061637044 -0.982543170 -0.017765125 -0.993745804 0.059958152 0.092513464
1781254228.991936 2.014704943 -0.061401203 -0.975255907 -0.017937640 -0.993780255 0.059915632 0.092136778
1781254229.025303 2.009194613 -0.061088048 -0.967063129 -0.017590785 -0.993884444 0.059965841 0.091040738
1781254229.058669 2.008112431 -0.060981363 -0.959582448 -0.017562751 -0.993963003 0.059857529 0.090256646
1781254229.125402 1.999780893 -0.059863187 -0.948883057 -0.017172392 -0.994090021 0.060125265 0.088742204
1781254229.192135 1.990890265 -0.058756553 -0.938297272 -0.016872190 -0.994264603 0.060161471 0.086798094
1781254229.258872 1.979790211 -0.056909338 -0.929982364 -0.016619366 -0.994333088 0.060230628 0.086010441
1781254229.325610 1.970777273 -0.056444213 -0.924117148 -0.016208908 -0.994352639 0.060540549 0.085644767
1781254229.358979 1.967042446 -0.057745725 -0.923872948 -0.016077111 -0.994433522 0.060119532 0.085024551
1781254229.459087 1.948302269 -0.055302128 -0.926137090 -0.015591935 -0.994225860 0.060497168 0.087246746
1781254229.492455 1.943321943 -0.054951169 -0.928540766 -0.015466604 -0.994175553 0.060333889 0.087952740
1781254229.525825 1.936938763 -0.055754237 -0.930141807 -0.015533509 -0.994104087 0.060206003 0.088831238
1781254229.592562 1.920304775 -0.053811505 -0.940748632 -0.015436478 -0.994130313 0.060346626 0.088458411
1781254229.625930 1.915058613 -0.055713221 -0.944285989 -0.015547110 -0.994244397 0.059858821 0.087483712
1781254229.692667 1.896306276 -0.057785921 -0.955263257 -0.015809350 -0.994615495 0.059414253 0.083427683
1781254229.726036 1.886693001 -0.058801338 -0.961556554 -0.016079035 -0.994938195 0.059404127 0.079439454
1781254229.759404 1.876747608 -0.058313750 -0.970876932 -0.016250951 -0.995336711 0.059440907 0.074212603
1781254229.792772 1.868838072 -0.058348663 -0.975827217 -0.016169194 -0.995726287 0.059505120 0.068752423
1781254229.826140 1.863103390 -0.058308549 -0.982778728 -0.015805114 -0.996021688 0.059648585 0.064289115
1781254229.859509 1.852598190 -0.060756594 -0.990498662 -0.016180867 -0.996386170 0.059196748 0.058724165
1781254229.892876 1.846432447 -0.057272680 -0.999269605 -0.015869914 -0.996659875 0.060049456 0.053021651
1781254229.926244 1.839358568 -0.059034340 -1.007028937 -0.016038228 -0.996966898 0.059624892 0.047378536
1781254229.959613 1.832687974 -0.057447709 -1.013277531 -0.016188966 -0.997131824 0.059995715 0.043204714
1781254229.992981 1.827507973 -0.057570137 -1.020267963 -0.016235001 -0.997246742 0.060215469 0.040119622
1781254230.026349 1.822044730 -0.057748318 -1.028373122 -0.016256765 -0.997346699 0.060070958 0.037775170
1781254230.059716 1.819586158 -0.058393598 -1.035606742 -0.016093949 -0.997380555 0.060163338 0.036790293
1781254230.093084 1.813923120 -0.058469400 -1.044348836 -0.016292404 -0.997427344 0.060033627 0.035626825
1781254230.126451 1.809863329 -0.058845602 -1.052359104 -0.016421465 -0.997420371 0.060201276 0.035479221
1781254230.159819 1.806826830 -0.060184993 -1.060445070 -0.016438646 -0.997431576 0.059882950 0.035695374
1781254230.193186 1.804443717 -0.058183536 -1.069244027 -0.016401632 -0.997365952 0.060405463 0.036653776
1781254230.226554 1.800491929 -0.060813643 -1.076402187 -0.016721487 -0.997333944 0.059989627 0.038035966
1781254230.259924 1.798021436 -0.060205810 -1.085406899 -0.016838796 -0.997262597 0.060119372 0.039618131
1781254230.293294 1.796502471 -0.061710253 -1.095489740 -0.016767874 -0.997188151 0.060107026 0.041495614
1781254230.326664 1.794412255 -0.061619885 -1.106591225 -0.016969694 -0.997107565 0.060219578 0.043152936
1781254230.360034 1.789166689 -0.063945785 -1.115223169 -0.017241767 -0.997075260 0.059894286 0.044231776
1781254230.393404 1.789076209 -0.063251905 -1.124798656 -0.017128687 -0.996940851 0.060138982 0.046892531
1781254230.426774 1.785755038 -0.066364437 -1.134100199 -0.017263655 -0.996834219 0.059800722 0.049472045
1781254230.460144 1.784253120 -0.065853089 -1.146070004 -0.017343996 -0.996709049 0.059708275 0.052011915
1781254230.493513 1.782871485 -0.067673437 -1.157621622 -0.017386850 -0.996533155 0.059623010 0.055358376
1781254230.526883 1.782273531 -0.065161660 -1.169212818 -0.017173670 -0.996261179 0.060365189 0.059370261
1781254230.560252 1.777885199 -0.069507912 -1.180225372 -0.017510252 -0.996044099 0.059565600 0.063573435
1781254230.593622 1.775763035 -0.066657148 -1.194509029 -0.017738283 -0.995698631 0.060218416 0.068142280
1781254230.626991 1.775558233 -0.066839501 -1.207032084 -0.017867859 -0.995427132 0.060300432 0.071899273
1781254230.660362 1.773043633 -0.066516817 -1.219564915 -0.017479263 -0.995179474 0.060495488 0.075184360
1781254230.693731 1.769619703 -0.066689581 -1.232687354 -0.017907307 -0.994804144 0.060892235 0.079600103
1781254230.727100 1.766390800 -0.067260034 -1.243478179 -0.017924583 -0.994488716 0.061074156 0.083312452
1781254230.760469 1.762531757 -0.067051932 -1.256615520 -0.018416999 -0.994169474 0.061328050 0.086757086
1781254230.793838 1.761763811 -0.069035649 -1.268581390 -0.018226685 -0.993893147 0.060922772 0.090180635
1781254230.827207 1.761172771 -0.067899816 -1.284777045 -0.017862553 -0.993455231 0.061459497 0.094606720
1781254230.860576 1.755745888 -0.069540903 -1.296390533 -0.017886031 -0.993119121 0.061239302 0.098206103
1781254230.893945 1.753901243 -0.072517477 -1.308583736 -0.018198840 -0.992689610 0.060959265 0.102568194
1781254230.927314 1.752217054 -0.072460137 -1.323442936 -0.018350352 -0.992349684 0.060908236 0.105809331
1781254230.960682 1.751092672 -0.072529390 -1.337240458 -0.018301992 -0.992107511 0.061407171 0.107781976
1781254230.994051 1.749739408 -0.075378291 -1.350073338 -0.018059602 -0.991794288 0.060721382 0.111044370
1781254231.027420 1.745453119 -0.076017134 -1.363755465 -0.018708834 -0.991460025 0.061141182 0.113660797
1781254231.060788 1.743393421 -0.077537902 -1.378161669 -0.018436786 -0.991318762 0.060966134 0.115023375
1781254231.094157 1.739520073 -0.077911191 -1.393029451 -0.018477552 -0.991284907 0.060785435 0.115404092
1781254231.127525 1.736406088 -0.078766622 -1.408370733 -0.018890042 -0.991086304 0.061054520 0.116891056
1781254231.194262 1.730529785 -0.080857538 -1.439768910 -0.018446945 -0.991088569 0.060661417 0.117147058
1781254231.260999 1.727965593 -0.083741151 -1.474385977 -0.018632496 -0.990403652 0.060594454 0.122808307
1781254231.294367 1.723485947 -0.083543882 -1.488370419 -0.018892922 -0.990409076 0.060834851 0.122605175
1781254231.327736 1.716647148 -0.082555912 -1.503934026 -0.018910220 -0.990592837 0.061165806 0.120942220
1781254231.394474 1.710771084 -0.083830796 -1.535420656 -0.018871039 -0.990396798 0.060997173 0.122627415
1781254231.461210 1.705822945 -0.084372737 -1.565269828 -0.018650815 -0.990341663 0.060933981 0.123136364
1781254231.494579 1.706258774 -0.089011982 -1.581565857 -0.018455477 -0.990321398 0.060187757 0.123695143
1781254231.561315 1.701813221 -0.089014374 -1.610131741 -0.018449023 -0.990669191 0.060387809 0.120778799
1781254231.628051 1.697443008 -0.090093926 -1.635814190 -0.018910013 -0.990667701 0.060703415 0.120561600
1781254231.661418 1.693175793 -0.090442091 -1.647913694 -0.018490179 -0.990994513 0.060823902 0.117849402
1781254231.694786 1.692264318 -0.092375860 -1.660159111 -0.018563157 -0.991143167 0.060583461 0.116706066
1781254231.728154 1.688790560 -0.092493176 -1.673683882 -0.018694872 -0.991168797 0.061043411 0.116226770
1781254231.794889 1.684281111 -0.093694150 -1.698435545 -0.018578585 -0.991778970 0.060627114 0.111147508
1781254231.828257 1.681018353 -0.092821866 -1.710483432 -0.018749617 -0.991815507 0.061152615 0.110502526
1781254231.894991 1.677889824 -0.095481753 -1.734485149 -0.018402444 -0.992098629 0.060742408 0.108222656
1781254231.928358 1.675677776 -0.098586634 -1.746822357 -0.018181000 -0.992264628 0.060428962 0.106905527
1781254231.961725 1.673702717 -0.097551182 -1.759131908 -0.018347967 -0.992456973 0.060719248 0.104908317
1781254232.028460 1.665571451 -0.100242913 -1.782700062 -0.018051244 -0.992920578 0.060472794 0.100627713
1781254232.061827 1.663276911 -0.099191934 -1.793751717 -0.018325629 -0.993027270 0.061065458 0.099156812
1781254232.095194 1.661591530 -0.101592079 -1.805313706 -0.018304531 -0.993232012 0.060603477 0.097377628
1781254232.128561 1.659567356 -0.100922421 -1.817980051 -0.017941739 -0.993399084 0.061217301 0.095335551
1781254232.195294 1.654559374 -0.103626132 -1.838879585 -0.018037975 -0.993692160 0.060936406 0.092397422
1781254232.228661 1.653610229 -0.103302523 -1.850060701 -0.017790951 -0.993767202 0.061422840 0.091310598
1781254232.262028 1.651657581 -0.104076564 -1.860435128 -0.017942855 -0.993854284 0.061583668 0.090217084
1781254232.295396 1.648960590 -0.103232354 -1.871418357 -0.017640533 -0.993973434 0.061946176 0.088703841
1781254232.328763 1.648361206 -0.103758112 -1.882179976 -0.017758187 -0.994021297 0.062038332 0.088077545
1781254232.362130 1.647836924 -0.104323834 -1.893238902 -0.017473776 -0.994051874 0.062322866 0.087586410
1781254232.395497 1.646145821 -0.105170429 -1.903818130 -0.017461972 -0.994208395 0.062159851 0.085912213
1781254232.428864 1.644260168 -0.106978372 -1.915121555 -0.017435068 -0.994300425 0.061854683 0.085068673
1781254232.462231 1.641927481 -0.108268157 -1.924900413 -0.017357150 -0.994376242 0.061967220 0.084111892
1781254232.495598 1.638054132 -0.107578442 -1.935692906 -0.017340278 -0.994525135 0.062273946 0.082103997
1781254232.528965 1.637566328 -0.108604982 -1.946135283 -0.017965276 -0.994609058 0.062392920 0.080853209
1781254232.562331 1.636422873 -0.108716220 -1.958088875 -0.017674211 -0.994724393 0.062716275 0.079232283
1781254232.595698 1.633570194 -0.109742150 -1.967603207 -0.017907867 -0.994875193 0.062800080 0.077194117
1781254232.629065 1.630204678 -0.111781865 -1.978613257 -0.017814478 -0.995029926 0.062283888 0.075623102
1781254232.662431 1.628311157 -0.111929342 -1.990756512 -0.017606577 -0.995144486 0.062499829 0.073968232
1781254232.829263 1.618483543 -0.115560398 -2.047268391 -0.016906437 -0.995978236 0.062584810 0.061844885
1781254232.862629 1.615494013 -0.116814300 -2.057779312 -0.017063551 -0.996159256 0.062848903 0.058529343
1781254232.895995 1.613010406 -0.117041841 -2.068291187 -0.017007140 -0.996338725 0.062822185 0.055438325
1781254232.929361 1.610451698 -0.117884398 -2.079183578 -0.016928075 -0.996509314 0.062694795 0.052459314
1781254232.962727 1.606907964 -0.118539885 -2.088054657 -0.016780229 -0.996662736 0.062973514 0.049155176
1781254232.996092 1.604876161 -0.119427785 -2.098394871 -0.016586812 -0.996805727 0.062833153 0.046424568
1781254233.029458 1.600997925 -0.119652525 -2.108326197 -0.016665801 -0.996933222 0.063023925 0.043294605
1781254233.062823 1.595540524 -0.119451359 -2.115779877 -0.016370857 -0.997081041 0.063354231 0.039340630
1781254233.096189 1.592043400 -0.120567739 -2.125047922 -0.016420269 -0.997211218 0.063263841 0.036027759
1781254233.129554 1.587628365 -0.121454477 -2.133652210 -0.016209953 -0.997312129 0.063306049 0.033138160
1781254233.162919 1.582239032 -0.121878266 -2.142127514 -0.016265949 -0.997388363 0.063469835 0.030390285
1781254233.196284 1.576284289 -0.120887443 -2.150075912 -0.016326671 -0.997470796 0.063872717 0.026567502
1781254233.229650 1.572964668 -0.122096151 -2.158983707 -0.015895724 -0.997515380 0.063957937 0.024897860
1781254233.263035 1.567188025 -0.122459799 -2.167546749 -0.015937304 -0.997579753 0.063863456 0.022411004
1781254233.296420 1.561123133 -0.123025090 -2.174850941 -0.015800500 -0.997634411 0.063888170 0.019856406
1781254233.396577 1.544345737 -0.125375539 -2.198610783 -0.016040385 -0.997708023 0.063493945 0.017032364
1781254233.429963 1.537794590 -0.125115350 -2.206368923 -0.015470640 -0.997724116 0.063597359 0.016208652
1781254233.463349 1.532048464 -0.125788435 -2.213063002 -0.015237769 -0.997756600 0.063360929 0.015333151
1781254233.496735 1.527917027 -0.125627667 -2.220954418 -0.015131880 -0.997739136 0.063728273 0.015044354
1781254233.530120 1.522174358 -0.126869991 -2.229608536 -0.015317132 -0.997792959 0.063107468 0.013857366
1781254233.563506 1.516398549 -0.127589360 -2.234987974 -0.014834700 -0.997837067 0.062793449 0.012576780
1781254233.596892 1.509856820 -0.128159478 -2.241741657 -0.014812865 -0.997847617 0.062868178 0.011333732
1781254233.630278 1.503781080 -0.128425285 -2.251157761 -0.014996576 -0.997855008 0.062989198 0.009640988
1781254233.663663 1.497314334 -0.127651587 -2.257640839 -0.014946873 -0.997855783 0.063251853 0.007727047
1781254233.697049 1.491753101 -0.129217491 -2.262824297 -0.014678241 -0.997905433 0.062765703 0.005461569
1781254233.730435 1.484249353 -0.127973065 -2.268297434 -0.015019259 -0.997870624 0.063415356 0.002696202
1781254233.763821 1.476541400 -0.129820794 -2.273598433 0.015308746 0.997906983 -0.062824816 0.000732211
1781254233.797207 1.472048044 -0.128349215 -2.278932095 0.014231873 0.997880101 -0.063452080 0.002582274
1781254233.830593 1.466020823 -0.130454957 -2.284859419 0.014501462 0.997879803 -0.063180029 0.005827439
1781254233.863979 1.457392454 -0.128838539 -2.288439989 0.014573433 0.997829378 -0.063352369 0.010526592
1781254233.897365 1.451669335 -0.131986961 -2.293296337 0.014161110 0.997846663 -0.062610261 0.013470288
1781254233.930750 1.449917316 -0.128339767 -2.299199104 0.014383269 0.997770011 -0.063435487 0.014971915
1781254233.964136 1.442919016 -0.129072249 -2.303983688 0.014276455 0.997740448 -0.063289985 0.017456332
1781254233.997523 1.436543107 -0.128183246 -2.308735371 0.013925732 0.997711241 -0.063305125 0.019259458
1781254234.030909 1.428316832 -0.128378972 -2.313536644 0.013887027 0.997690201 -0.063408427 0.020019656
1781254234.064295 1.420754910 -0.128619954 -2.317939758 0.014059660 0.997694075 -0.063293152 0.020073630
1781254234.097681 1.412037611 -0.129038140 -2.322060108 0.013922528 0.997697473 -0.063156195 0.020428739
1781254234.131067 1.405910611 -0.128988266 -2.325819492 0.013853678 0.997708261 -0.063100554 0.020116789
1781254234.164454 1.396093845 -0.128667340 -2.330795765 0.014090016 0.997703195 -0.063308388 0.019542828
1781254234.197841 1.387347102 -0.127773076 -2.334347248 0.013894928 0.997704923 -0.063557282 0.018771999
1781254234.264598 1.371311665 -0.129746079 -2.341552973 0.013991232 0.997793257 -0.063007191 0.015587123
1781254234.297969 1.361052632 -0.130042851 -2.346263885 0.014065295 0.997801125 -0.063148782 0.014400763
1781254234.331340 1.352679014 -0.130957976 -2.349649668 0.013912531 0.997831762 -0.062822700 0.013841477
1781254234.364711 1.341687202 -0.131532416 -2.351413250 0.014269765 0.997841120 -0.062597558 0.013824075
1781254234.398082 1.334182024 -0.130152166 -2.354104280 0.013914514 0.997820616 -0.063189179 0.012942203
1781254234.431453 1.324293017 -0.130729765 -2.360070944 0.014130549 0.997817278 -0.063089885 0.013446622
1781254234.464823 1.314825535 -0.130455077 -2.362695217 0.013997567 0.997814000 -0.062980898 0.014307083
1781254234.498194 1.307123542 -0.129243210 -2.363356590 0.014000969 0.997814476 -0.063059933 0.013921990
1781254234.531565 1.297394633 -0.129346773 -2.365366936 0.013802441 0.997825801 -0.063120306 0.013003671
1781254234.564935 1.287311077 -0.130007118 -2.366856337 0.014144119 0.997858703 -0.062837318 0.011376724
1781254234.598306 1.278454185 -0.129133433 -2.371240139 0.013410749 0.997878015 -0.063139059 0.008548182
1781254234.631676 1.269906521 -0.129627019 -2.370493650 0.013492876 0.997912884 -0.062943839 0.005084999
1781254234.665047 1.258873224 -0.129884407 -2.370952845 0.013666159 0.997916162 -0.062996037 0.002872272
1781254234.698417 1.253641129 -0.131741494 -2.370504856 -0.013291202 -0.997975588 0.062157851 0.002143176
1781254234.731788 1.245063782 -0.130263209 -2.370206833 -0.014070857 -0.997909904 0.062707134 0.006764614
1781254234.765158 1.237003088 -0.127560332 -2.369865656 -0.014456758 -0.997831941 0.063317262 0.010651402
1781254234.798528 1.231400967 -0.128279030 -2.368932724 -0.014110781 -0.997812390 0.062841505 0.014912733
1781254234.831898 1.225302219 -0.130717009 -2.366327524 -0.013437063 -0.997781873 0.062348992 0.019062456
1781254234.865269 1.221512675 -0.128797784 -2.365775824 -0.013352789 -0.997663856 0.062803887 0.023329107
1781254234.898639 1.217270494 -0.126829475 -2.365105629 -0.013221076 -0.997534692 0.063340895 0.027163351
1781254234.932009 1.212172627 -0.128885239 -2.362221003 -0.013269586 -0.997478843 0.062685832 0.030502148
1781254234.965379 1.216001153 -0.129505053 -2.362655163 -0.013019620 -0.997312069 0.062749572 0.035519775
1781254234.998749 1.209821463 -0.125892863 -2.362242222 -0.012739671 -0.997185528 0.063475259 0.037810456
1781254235.032118 1.209840059 -0.126966983 -2.360202551 -0.012760059 -0.997076452 0.063170321 0.041054461
1781254235.065488 1.205237389 -0.126422182 -2.356414557 -0.012978469 -0.996981084 0.063308507 0.043040060
1781254235.098857 1.205024600 -0.128201097 -2.350543261 -0.013216942 -0.996899903 0.062675998 0.045691367
1781254235.132227 1.199702859 -0.128203005 -2.341468334 -0.013975721 -0.996906102 0.062498447 0.045572404
1781254235.165596 1.197517633 -0.127737030 -2.336219788 -0.014146655 -0.996838331 0.062675752 0.046744864
1781254235.198966 1.194446564 -0.127327397 -2.330320835 -0.014340551 -0.996788681 0.062541522 0.047909316
1781254235.232336 1.194086909 -0.127299577 -2.324932337 -0.014393046 -0.996709049 0.062596209 0.049454741
1781254235.265705 1.191921592 -0.127036124 -2.318267345 -0.014590003 -0.996693075 0.062468722 0.049877744
1781254235.299073 1.189320207 -0.126000136 -2.312137127 -0.014417133 -0.996635735 0.062629089 0.050862625
1781254235.332442 1.186717153 -0.125502259 -2.305620670 -0.014652427 -0.996533632 0.062795632 0.052562438
1781254235.365811 1.184652925 -0.125158563 -2.298583031 -0.014968215 -0.996487677 0.062900275 0.053215522
1781254235.399180 1.182186484 -0.124755651 -2.292081356 -0.014716429 -0.996501923 0.062508859 0.053479552
1781254235.432549 1.179201126 -0.125516236 -2.285573959 -0.014637280 -0.996477842 0.062404867 0.054067597
1781254235.465917 1.177070260 -0.123637185 -2.281188011 -0.014814164 -0.996362448 0.062858492 0.055599201
1781254235.499286 1.173934460 -0.123000324 -2.274332285 -0.014867807 -0.996351421 0.062763102 0.055889711
1781254235.532654 1.171578407 -0.123269334 -2.267766237 -0.015027267 -0.996312439 0.062634908 0.056680057
1781254235.566023 1.168827176 -0.122736722 -2.260774136 -0.015061155 -0.996268153 0.062663190 0.057413749
1781254235.599392 1.165924668 -0.122373268 -2.253602028 -0.014996449 -0.996227443 0.062566608 0.058236487
1781254235.632760 1.164120436 -0.121011958 -2.247990608 -0.014915777 -0.996161759 0.062878639 0.059039295
1781254235.666128 1.161448479 -0.120756209 -2.241443157 -0.014892122 -0.996138096 0.062835723 0.059488229
1781254235.699496 1.157854199 -0.121346489 -2.233811855 -0.015144734 -0.996150255 0.062459830 0.059616331
1781254235.732864 1.156730652 -0.120960996 -2.225918293 -0.015036987 -0.996094644 0.062537424 0.060485259
1781254235.766232 1.154508710 -0.119345233 -2.219033718 -0.014744787 -0.996081591 0.062744774 0.060557514
1781254235.799599 1.151503682 -0.118326887 -2.212144613 -0.014814024 -0.996091008 0.062751710 0.060378771
1781254235.832967 1.149406672 -0.118273854 -2.203825951 -0.015082534 -0.996069908 0.062657900 0.060756262
1781254235.866335 1.147866488 -0.117472485 -2.196907043 -0.015269911 -0.995984435 0.062726244 0.062026504
1781254235.899702 1.144063950 -0.116366819 -2.189928055 -0.015181815 -0.995941997 0.062954627 0.062496450
1781254235.933069 1.142340183 -0.116173208 -2.182149649 -0.015066706 -0.995913386 0.062517874 0.063412696
1781254235.966437 1.140724897 -0.115792572 -2.173474789 -0.015506271 -0.995830357 0.062860921 0.064265020
1781254235.999804 1.141197085 -0.115844101 -2.165765285 -0.015314845 -0.995875955 0.062549271 0.063907988
1781254236.033171 1.139647841 -0.113566503 -2.158355236 -0.015339109 -0.995873690 0.062990114 0.063502759
1781254236.099905 1.133170247 -0.113846287 -2.141058683 -0.015829761 -0.995932519 0.062900387 0.062541425
1781254236.133272 1.132389188 -0.112516716 -2.133632660 -0.015278707 -0.996013224 0.062759541 0.061525993
1781254236.200006 1.130510211 -0.112302974 -2.117048740 -0.015816564 -0.996068597 0.062702782 0.060544476
1781254236.300113 1.126385450 -0.109827727 -2.096161366 -0.015450114 -0.996218681 0.062787794 0.058028698
1781254236.366852 1.125683784 -0.107809678 -2.076876163 -0.016193146 -0.996233404 0.063184276 0.057136159
1781254236.433591 1.125201106 -0.106903628 -2.058976412 -0.016344363 -0.996208787 0.063103691 0.057609707
1781254236.600436 1.128962159 -0.106331378 -2.007186413 -0.017104978 -0.995763004 0.062068269 0.065658569
1781254236.767280 1.135093570 -0.102389425 -1.951177835 -0.015283155 -0.995159864 0.061772116 0.074883834
1781254236.934122 1.138937593 -0.098330989 -1.882927656 -0.017602224 -0.994495153 0.061609555 0.082909420
1781254237.134330 1.146642447 -0.094757572 -1.811615348 -0.017310841 -0.993744671 0.061108839 0.091857284
1781254237.267809 1.155369520 -0.090954229 -1.773215890 -0.016468253 -0.993300378 0.061524414 0.096426405
1781254237.367936 1.156968355 -0.088625595 -1.746686220 -0.017088287 -0.993267179 0.061796326 0.096486084
1781254237.534813 1.162527204 -0.086314693 -1.703566909 -0.016717795 -0.993399441 0.061988302 0.095056057
1781254237.668316 1.163049698 -0.081806213 -1.666229367 -0.016623285 -0.993712783 0.062461909 0.091417477
1781254237.801816 1.161689401 -0.082887232 -1.625659704 -0.016646050 -0.994057477 0.061876331 0.088000618
1781254237.868567 1.164066792 -0.078263164 -1.606693149 -0.017076816 -0.994137824 0.062500007 0.086556815
1781254237.968692 1.167934775 -0.080882743 -1.574260950 -0.016973067 -0.994346440 0.061564602 0.084835172
1781254238.102191 1.170938015 -0.077827141 -1.532242060 -0.016722979 -0.994414866 0.062125012 0.083666004
1781254238.202315 1.171100616 -0.077210680 -1.498597622 -0.017070480 -0.994461834 0.061475717 0.083516926
1781254238.335943 1.172518611 -0.077364169 -1.447922707 -0.017618109 -0.994327843 0.060927860 0.085379213
1781254238.436201 1.174847364 -0.071861379 -1.416177988 -0.017477877 -0.994026124 0.061281823 0.088606909
1781254238.569886 1.170778871 -0.067884430 -1.379434943 -0.016364360 -0.993671417 0.061770555 0.092379130
1781254238.737003 1.172821641 -0.065427728 -1.332487106 -0.016418777 -0.992717087 0.061102625 0.102517396
1781254238.870706 1.163426399 -0.061940700 -1.292129159 -0.017342299 -0.992504239 0.061182249 0.104361728
1781254238.970989 1.163086534 -0.057332873 -1.268885136 -0.017539714 -0.992394567 0.061643355 0.105098076
1781254239.138139 1.147865295 -0.062326975 -1.216813564 -0.017121198 -0.993006229 0.060355324 0.100014158
1781254239.238433 1.137643933 -0.063381538 -1.188149095 -0.017508011 -0.993443549 0.059688039 0.095921144
1781254239.338562 1.130854487 -0.056740224 -1.169768810 -0.017200094 -0.993527949 0.060761362 0.094417199
1781254239.438690 1.117609978 -0.052920960 -1.148560166 -0.017962027 -0.993435085 0.061193839 0.094971016
1781254239.505443 1.107552648 -0.052085467 -1.137400150 -0.017913546 -0.993051767 0.061007202 0.099022582
1781254239.605571 1.092326283 -0.052793115 -1.122768164 -0.018060042 -0.991940796 0.060579300 0.109806545
1781254239.672323 1.076013207 -0.051099263 -1.117654085 -0.017604081 -0.991083324 0.060618121 0.117343158
1781254239.739075 1.064396977 -0.052471131 -1.112674832 -0.017871685 -0.989962816 0.060375996 0.126526460
1781254239.872581 1.033350229 -0.051016584 -1.103026032 -0.017506938 -0.988123238 0.060131267 0.140321851
1781254240.006084 1.002603889 -0.050639801 -1.094341278 -0.016785106 -0.986677647 0.059767161 0.150377750
1781254240.172964 0.955040455 -0.048474617 -1.090739012 -0.016646199 -0.986541450 0.059872217 0.151242122
1781254240.273090 0.928128600 -0.048904426 -1.092705607 -0.016512310 -0.987288952 0.059356790 0.146508157
1781254240.339839 0.912217140 -0.046480484 -1.096018434 -0.015782934 -0.987953246 0.060308505 0.141641393
1781254240.373214 0.899123669 -0.049386114 -1.096763134 -0.015619474 -0.988740146 0.059469018 0.136427879
1781254240.439963 0.878691673 -0.046343096 -1.104264021 -0.015520426 -0.989847481 0.060321137 0.127759278
1781254240.473338 0.872361422 -0.049577303 -1.105850697 -0.015265401 -0.990347862 0.059503384 0.124247849
1781254240.506712 0.860912323 -0.050586015 -1.107860684 -0.015140483 -0.990792513 0.059222020 0.120804980
1781254240.540087 0.849321485 -0.050006978 -1.112111330 -0.015150203 -0.991195679 0.059386607 0.117366359
1781254240.673584 0.811327219 -0.047398925 -1.134380102 -0.014895000 -0.992341101 0.060646981 0.106580503
1781254240.807080 0.787999392 -0.045042880 -1.162948132 -0.014580199 -0.993210733 0.061711729 0.097527213
1781254240.873828 0.774546623 -0.046940781 -1.177892685 -0.014837651 -0.993607044 0.061431002 0.093548089
1781254240.907202 0.772516608 -0.049175017 -1.183669090 -0.014861320 -0.993618727 0.061032906 0.093680575
1781254240.940576 0.767296672 -0.051457390 -1.190516710 -0.015512781 -0.993638813 0.060754545 0.093542553
1781254241.007324 0.763087988 -0.050764352 -1.209156275 -0.014976553 -0.993426442 0.061105017 0.095634244
1781254241.074072 0.757487059 -0.051638857 -1.225836873 -0.014809953 -0.993193626 0.061201345 0.097987488
1781254241.107445 0.753227115 -0.053026520 -1.237153530 -0.015512584 -0.993090212 0.061170477 0.098941557
1781254241.140819 0.746724486 -0.052656241 -1.246546507 -0.015896725 -0.993130982 0.061286915 0.098397695
1781254241.174194 0.746922374 -0.051623121 -1.258243084 -0.015821684 -0.993023515 0.061905801 0.099104077
1781254241.207568 0.739964724 -0.050669923 -1.270017266 -0.015990624 -0.993019164 0.062537283 0.098723814
1781254241.240942 0.736410499 -0.052574635 -1.280412912 -0.015992001 -0.992975473 0.062541984 0.099158689
1781254241.307689 0.733798862 -0.055343159 -1.295645714 -0.016152220 -0.993139625 0.062038071 0.097795822
1781254241.341063 0.731322408 -0.057610169 -1.305734873 -0.016665595 -0.993228436 0.061962727 0.096851505
1781254241.374437 0.728932500 -0.057410702 -1.317806005 -0.016232252 -0.993446767 0.062230229 0.094485283
1781254241.407810 0.727820039 -0.056843482 -1.328961849 -0.016122224 -0.993526399 0.062761083 0.093308419
1781254241.507932 0.720905185 -0.058501124 -1.366285682 -0.016248804 -0.993946731 0.063038312 0.088499084
1781254241.608052 0.715194345 -0.061260343 -1.404704213 -0.016561260 -0.994354248 0.063319601 0.083522059
1781254241.641426 0.711467385 -0.062500894 -1.417937160 -0.016573371 -0.994479060 0.063183047 0.082126312
1781254241.674799 0.709744096 -0.063342974 -1.431251049 -0.016638368 -0.994522154 0.063144810 0.081619158
1781254241.741546 0.707168460 -0.063120142 -1.456982136 -0.016383162 -0.994730771 0.063929588 0.078456327
1781254241.774920 0.703356385 -0.063195124 -1.472543597 -0.016166637 -0.994849801 0.064025916 0.076897383
1781254241.841666 0.700483441 -0.065977946 -1.499295712 -0.016146803 -0.995114625 0.063743040 0.073641427
1781254241.908414 0.699541330 -0.068692848 -1.522791743 -0.016167395 -0.995238960 0.063355982 0.072277874
1781254241.975160 0.697154641 -0.070187047 -1.550356150 -0.016361322 -0.995434582 0.063600533 0.069262825
1781254242.041906 0.694197416 -0.074188098 -1.575801015 -0.016393676 -0.995627761 0.062926546 0.067059323
1781254242.142025 0.686754227 -0.074709773 -1.617348552 -0.016638542 -0.995863914 0.063530706 0.062786311
1781254242.208771 0.685548902 -0.077171251 -1.644394398 -0.016192401 -0.996221304 0.062928505 0.057627197
1781254242.275521 0.683005452 -0.078500777 -1.669098973 -0.016549746 -0.996319413 0.063007519 0.055712402
1781254242.342273 0.679462671 -0.080653235 -1.690801859 -0.015948839 -0.996559143 0.062903747 0.051563054
1781254242.442402 0.675108135 -0.079236016 -1.720815659 -0.015448461 -0.996749282 0.063516907 0.047094204
1781254242.509155 0.671179354 -0.079631940 -1.736119747 -0.015757756 -0.996931612 0.063575856 0.042861946
1781254242.575908 0.670269251 -0.081120551 -1.748660564 -0.015366239 -0.997100651 0.063699655 0.038685963
1781254242.642661 0.667073667 -0.083765104 -1.753040075 -0.015749272 -0.997321308 0.063169993 0.033343498
1781254242.676037 0.664839864 -0.084434375 -1.754977107 -0.015457311 -0.997436285 0.063021794 0.030170625
1781254242.709413 0.663949609 -0.083324984 -1.757977724 -0.015312883 -0.997517169 0.063264705 0.026881680
1781254242.776166 0.660336792 -0.081683353 -1.760821342 -0.014760125 -0.997660398 0.063753791 0.019780770
1781254242.809542 0.656121016 -0.082425788 -1.761303902 -0.014453355 -0.997721851 0.063825682 0.016386371
1781254242.876294 0.651078880 -0.082143918 -1.760246038 -0.014074776 -0.997784793 0.063920602 0.011905150
1781254242.943046 0.645782173 -0.081095845 -1.757967591 -0.013830362 -0.997795820 0.064266630 0.009059134
1781254243.076550 0.633991539 -0.080882311 -1.752667427 -0.013545337 -0.997825086 0.064169787 0.006621291
1781254243.210054 0.620561063 -0.081315368 -1.745764732 -0.013464370 -0.997809649 0.063956097 0.010211566
1781254243.343560 0.596687198 -0.080573678 -1.739668369 -0.013789806 -0.997690976 0.063694365 0.019123394
1781254243.443689 0.576441109 -0.079783589 -1.730815291 -0.013520238 -0.997501612 0.063498206 0.027853750
1781254243.477065 0.566771150 -0.081598893 -1.728231311 -0.013997470 -0.997470617 0.062867582 0.030070465
1781254243.510441 0.565188110 -0.079132244 -1.728404760 -0.014204492 -0.997309923 0.063515693 0.033719275
1781254243.577194 0.548804700 -0.078933567 -1.720204592 -0.014098390 -0.997126639 0.063018925 0.039603062
1781254243.677323 0.523498356 -0.077560529 -1.707137227 -0.014003479 -0.996808589 0.062944449 0.047059320
1781254243.710699 0.514362097 -0.075677007 -1.702778697 -0.014204563 -0.996692240 0.063318163 0.048925947
1781254243.744075 0.505805373 -0.076105744 -1.695888400 -0.013977751 -0.996626496 0.063106306 0.050575256
1781254243.810827 0.490525544 -0.075072601 -1.686320305 -0.014880305 -0.996493876 0.063024558 0.052975826
1781254243.844204 0.481777012 -0.074373022 -1.680179000 -0.014619910 -0.996393323 0.063267969 0.054624919
1781254243.910956 0.463373601 -0.074587658 -1.669639349 -0.015090195 -0.996306598 0.062813230 0.056568641
1781254243.977709 0.445566237 -0.074069887 -1.659479737 -0.015393660 -0.996128500 0.062826037 0.059531868
1781254244.011086 0.437058389 -0.072417483 -1.653470159 -0.015460617 -0.996070981 0.062778108 0.060519449
1781254244.044462 0.429214597 -0.072273031 -1.649518132 -0.015709354 -0.996010065 0.062789641 0.061438370
1781254244.111214 0.409529448 -0.072089002 -1.644844770 -0.015852006 -0.995947957 0.062758759 0.062433340
1781254244.177966 0.392350137 -0.071454763 -1.638106823 -0.015538339 -0.995963633 0.062742889 0.062276993
1781254244.244719 0.372793853 -0.069814041 -1.633649349 -0.015624584 -0.995981097 0.062959045 0.061755452
1781254244.278094 0.362239718 -0.069702074 -1.628394365 -0.015554073 -0.996008694 0.062608920 0.061683815
1781254244.344843 0.344194829 -0.068157911 -1.623402834 -0.016115144 -0.996088028 0.062706903 0.060140908
1781254244.411592 0.321538508 -0.070676178 -1.617877007 -0.017257236 -0.996109307 0.061965127 0.060239572
1781254244.478341 0.306553662 -0.068808734 -1.612660289 -0.017000029 -0.996065915 0.062040776 0.060948581
1781254244.578465 0.280435562 -0.064574137 -1.602324009 -0.017335791 -0.996038735 0.062638305 0.060686637
1781254244.645213 0.267005563 -0.063841060 -1.595002651 -0.017784627 -0.996052802 0.062676109 0.060285285
1781254244.711963 0.252495527 -0.064268127 -1.586518168 -0.017881323 -0.996048331 0.062489916 0.060523417
1781254244.778712 0.244846284 -0.063484520 -1.575497150 -0.017978201 -0.995955586 0.062052738 0.062440440
1781254244.878834 0.218503833 -0.063640818 -1.562101841 -0.018038707 -0.996029258 0.062356666 0.060926266
1781254244.945582 0.209637403 -0.062916026 -1.550599337 -0.018354651 -0.996140361 0.062124856 0.059227999
1781254245.012331 0.200716019 -0.061732739 -1.536823869 -0.018698048 -0.996228516 0.062169075 0.057569180
1781254245.145826 0.186732084 -0.059829921 -1.504474878 -0.018885383 -0.996521711 0.061602663 0.052849356
1781254245.245948 0.179279268 -0.058443993 -1.475243330 -0.018953228 -0.996624053 0.061145294 0.051405773
1781254245.312691 0.175671965 -0.057324991 -1.455462456 -0.018850900 -0.996624768 0.061176084 0.051393885
1781254245.412807 0.171297729 -0.054698676 -1.426155329 -0.018677602 -0.996675313 0.060886845 0.050816905
1781254245.446179 0.169547528 -0.053833589 -1.413102150 -0.018731404 -0.996660769 0.061083183 0.050846804
1781254245.679778 0.156338960 -0.047104999 -1.337296963 -0.018706214 -0.996881723 0.060846210 0.046634100
1781254245.779891 0.149160534 -0.045289770 -1.308592916 -0.018094005 -0.996929288 0.060852639 0.045842353
1781254245.913375 0.143430501 -0.044668868 -1.273696899 -0.018063156 -0.996989012 0.060612161 0.044865675
1781254246.046858 0.128627717 -0.039623283 -1.242380619 -0.017890602 -0.997131586 0.060821641 0.041343872
1781254246.146971 0.120837778 -0.039755933 -1.220405102 -0.018256251 -0.997197866 0.059976142 0.040817093
1781254246.247082 0.110736251 -0.036446057 -1.200830579 -0.017920747 -0.997165203 0.060310088 0.041270737
1781254246.347200 0.101586461 -0.036106072 -1.171715140 -0.017551582 -0.997138679 0.059798036 0.042787507
1781254246.413946 0.095746964 -0.037915453 -1.157956243 -0.017382707 -0.997182846 0.059331551 0.042474005
1781254246.514064 0.081677437 -0.037207842 -1.133146763 -0.017331271 -0.997167587 0.059038602 0.043255068
1781254246.614182 0.069220185 -0.033621073 -1.107750535 -0.017910993 -0.997069180 0.059354294 0.044825397
1781254246.680927 0.065439165 -0.034141690 -1.090768576 -0.017673314 -0.997001350 0.058601286 0.047348574
1781254246.747671 0.054181576 -0.032732591 -1.072991848 -0.016934626 -0.996854365 0.058928430 0.050220411
1781254246.814417 0.044624269 -0.031167857 -1.056167483 -0.016633261 -0.996652246 0.058667790 0.054458775
1781254246.881162 0.034573376 -0.030486226 -1.039759040 -0.016260831 -0.996386826 0.058689538 0.059199233
1781254246.981278 0.018787056 -0.028188363 -1.017997026 -0.015916167 -0.995848596 0.058907837 0.067544609
1781254247.081394 0.002122045 -0.027801648 -1.002217531 -0.015990719 -0.995108485 0.058779132 0.077772401
1781254247.148138 -0.009715766 -0.027298629 -0.995389879 -0.015875868 -0.994368792 0.059276335 0.086400606
1781254247.281627 -0.033272564 -0.026510514 -0.992458224 -0.015205838 -0.992832482 0.059227839 0.102686860
1781254247.315000 -0.039455503 -0.025966078 -0.993776500 -0.015435195 -0.992359817 0.059493512 0.106978349
1781254247.381746 -0.050848752 -0.025919199 -0.997810483 -0.014995586 -0.991416454 0.059601832 0.115396433
1781254247.448492 -0.061606675 -0.025763653 -1.004574299 -0.015718529 -0.990735710 0.059707530 0.120957851
1781254247.515239 -0.072963059 -0.025407098 -1.015906096 -0.015684016 -0.990810573 0.059598763 0.120401517
1781254247.615357 -0.088261366 -0.026540093 -1.032511711 -0.015704012 -0.991898596 0.059472371 0.111146830
1781254247.682102 -0.099252433 -0.026602171 -1.047826886 -0.015620044 -0.993067324 0.059596635 0.100108057
1781254247.715475 -0.105039179 -0.028141983 -1.055129886 -0.015697327 -0.993662834 0.059224650 0.094235040
1781254247.782220 -0.114462689 -0.028154738 -1.071535468 -0.016189910 -0.994639218 0.059577759 0.082954079
1781254247.815593 -0.118837588 -0.028324738 -1.080809116 -0.016465684 -0.995052934 0.059645291 0.077724680
1781254247.915710 -0.131360054 -0.028835356 -1.108026981 -0.016390877 -0.995845377 0.059771013 0.066714428
1781254247.949082 -0.135122001 -0.030067958 -1.115837336 -0.016763465 -0.995921910 0.059484966 0.065727644
1781254248.015827 -0.142277300 -0.031423308 -1.134512305 -0.015812039 -0.996065617 0.058833923 0.064357631
1781254248.082571 -0.144581378 -0.031312324 -1.150305510 -0.016435130 -0.995484889 0.060402744 0.071353562
1781254248.149315 -0.149849191 -0.031113543 -1.167599320 -0.016170051 -0.994871020 0.059589725 0.080120683
1781254248.316180 -0.158240333 -0.034787200 -1.206072211 -0.017056832 -0.992790103 0.058339149 0.103312485
1781254248.382926 -0.161975607 -0.035246640 -1.222109318 -0.017426036 -0.991553724 0.058574125 0.114397004
1781254248.483046 -0.166053742 -0.035740994 -1.242798924 -0.017175328 -0.989021659 0.058337782 0.134676993
1781254248.549793 -0.167618513 -0.037955225 -1.253691435 -0.017313393 -0.986605406 0.057611741 0.151627585
1781254248.649912 -0.170130968 -0.037505232 -1.271526575 -0.017195396 -0.981414437 0.057731260 0.182200834
1781254248.750031 -0.168213785 -0.038697615 -1.284938812 -0.017358722 -0.974852443 0.057059597 0.214722320
1781254248.816776 -0.169963002 -0.038277067 -1.293798327 -0.017158130 -0.970598817 0.057127576 0.233195424
1781254248.883523 -0.169386804 -0.039224140 -1.300947189 -0.017165592 -0.966521263 0.056757648 0.249641120
1781254248.983640 -0.175794423 -0.040306985 -1.311351180 -0.017134076 -0.961419761 0.056174699 0.268743038
1781254249.083758 -0.180553675 -0.040607348 -1.325527430 -0.017461874 -0.955323815 0.056441661 0.289596021
1781254249.183875 -0.182779312 -0.041436240 -1.335493684 -0.017333305 -0.948535800 0.055799395 0.311232805
1781254249.317385 -0.184644461 -0.041339174 -1.347394228 -0.016963713 -0.937230825 0.055215046 0.343892336
1781254249.417535 -0.184525371 -0.041561797 -1.350082397 -0.016847724 -0.928126216 0.054717511 0.367836863
1781254249.484301 -0.183266997 -0.042062931 -1.349862456 -0.016671740 -0.921550453 0.054024689 0.384120047
1781254249.584453 -0.180919886 -0.041078031 -1.344540954 -0.016374392 -0.913160622 0.053810321 0.403700501
1781254249.684604 -0.178316236 -0.041862831 -1.333861113 -0.016941274 -0.904188573 0.052793052 0.423519760
1781254249.784756 -0.175107956 -0.041590221 -1.318516850 -0.017293639 -0.893608689 0.051941808 0.445495903
1781254249.884909 -0.171024919 -0.041099317 -1.302120328 -0.017178010 -0.883204818 0.051331095 0.465853274
1781254249.985063 -0.164728999 -0.040921371 -1.281882524 -0.016707629 -0.871540964 0.050403170 0.487439036
1781254250.085217 -0.158396840 -0.040471043 -1.262116551 -0.015525917 -0.858023226 0.049250029 0.511008382
1781254250.218757 -0.155982971 -0.040205620 -1.225831985 -0.015871815 -0.840193510 0.047667261 0.539954305
1781254250.385656 -0.147867322 -0.037421320 -1.183370233 -0.014930064 -0.815711975 0.046050094 0.576429129
1781254250.452412 -0.166348934 -0.038427152 -1.144492388 -0.015341327 -0.812074900 0.044851787 0.581624746
1781254250.552547 -0.162266135 -0.036693405 -1.115767002 -0.015232167 -0.797049940 0.043970063 0.602117956
1781254250.619304 -0.161023855 -0.036023945 -1.095232010 -0.014890074 -0.787301421 0.043091036 0.614880502
1781254250.686060 -0.157563567 -0.034850243 -1.074620962 -0.014632258 -0.776459992 0.042585574 0.628555715
1781254250.719439 -0.156201124 -0.035087660 -1.062978864 -0.014805884 -0.771213293 0.041738164 0.635034561
1781254250.786195 -0.153475165 -0.034175634 -1.041059732 -0.015050363 -0.759631813 0.041036922 0.648882985
1781254250.819574 -0.152354240 -0.033904519 -1.032694697 -0.014382221 -0.752785265 0.040197786 0.656880200
1781254250.852952 -0.149721622 -0.032990649 -1.023772240 -0.015004520 -0.745622456 0.040504042 0.664967299
1781254250.886331 -0.147420406 -0.033598885 -1.012056470 -0.014577830 -0.739873409 0.039556865 0.671424031
1781254250.919709 -0.145870686 -0.030350335 -1.003760338 -0.014831028 -0.733523190 0.040266551 0.678308547
1781254251.019845 -0.140316665 -0.025985777 -0.971423686 -0.014707105 -0.710718870 0.039740775 0.702198863
1781254251.053223 -0.131662309 -0.030446762 -0.961012959 -0.015075932 -0.701849043 0.037736088 0.711165726
1781254251.086602 -0.130762696 -0.025387300 -0.952922165 -0.014219750 -0.692865789 0.038434990 0.719901145
1781254251.119980 -0.126823664 -0.024793502 -0.944746673 -0.013755493 -0.683613122 0.037498664 0.728750825
1781254251.153359 -0.119426131 -0.025954895 -0.932138205 -0.014043863 -0.674470842 0.036521293 0.737263978
1781254251.220115 -0.118831277 -0.020903870 -0.891917408 -0.012978837 -0.661999047 0.036254469 0.748514831
1781254251.320251 -0.104548395 -0.018009694 -0.861539006 -0.012373366 -0.632962823 0.035130586 0.773285806
1781254251.420387 -0.091074944 -0.019190926 -0.833281517 -0.012116278 -0.602319658 0.032603122 0.797496915
1781254251.487144 -0.083791852 -0.017729511 -0.816121697 -0.011637175 -0.579006255 0.031269133 0.814640164
1781254251.553901 -0.075329483 -0.018844627 -0.801696360 -0.011380257 -0.554990053 0.029389616 0.831259787
1781254251.620658 -0.067708582 -0.017061284 -0.788574338 -0.011054171 -0.532563269 0.028785808 0.845828354
1781254251.720794 -0.051891148 -0.017255951 -0.771004081 -0.010853849 -0.500480533 0.027134009 0.865254462
1781254251.787551 -0.044882089 -0.017462891 -0.761344850 -0.011119859 -0.481110692 0.025634188 0.876214504
1781254251.854309 -0.038760036 -0.012120783 -0.745175302 -0.011012645 -0.465409249 0.025770102 0.884651899
1781254251.954445 -0.027757198 -0.013127934 -0.741418123 -0.011048431 -0.437851757 0.023375250 0.898675382
1781254252.054580 -0.016141623 -0.012398046 -0.741135299 -0.010685599 -0.410119742 0.021668471 0.911711633
1781254252.154716 -0.002655432 -0.014440315 -0.747480989 -0.010576698 -0.378567725 0.019498343 0.925307751
1781254252.254852 0.013974220 -0.015024169 -0.758180618 -0.010172892 -0.348423868 0.017805820 0.937112749
1781254252.354989 0.029417455 -0.016918225 -0.772946239 -0.009733560 -0.322216749 0.015888471 0.946482599
1781254252.421748 0.040689599 -0.017385285 -0.781082571 -0.009476314 -0.307574064 0.015265971 0.951354563
1781254252.488506 0.052071430 -0.018393379 -0.786778986 -0.009614450 -0.291265309 0.014324590 0.956486821
1781254252.521885 0.059639432 -0.019415895 -0.789916337 -0.009214817 -0.282438219 0.013391518 0.959147751
1781254252.555264 0.065427564 -0.019555924 -0.792845428 -0.008905398 -0.272960514 0.012495520 0.961902916
1781254252.722159 0.109448016 -0.024629649 -0.822675526 -0.010000588 -0.233233586 0.011441810 0.972302020
1781254252.788917 0.125634164 -0.024727717 -0.824750960 -0.009604487 -0.218809381 0.010441524 0.975664556
1781254252.889055 0.158743694 -0.023547946 -0.823903918 -0.008559774 -0.196506426 0.009368997 0.980420470
1781254252.989192 0.191139102 -0.022827182 -0.823932052 -0.007055214 -0.176190808 0.007617168 0.984301329
1781254253.055950 0.218987778 -0.025111249 -0.825463712 -0.007747837 -0.165076941 0.007082774 0.986224890
1781254253.156089 0.258466512 -0.027525473 -0.823952675 -0.007050891 -0.145381138 0.007430655 0.989322722
1781254253.256227 0.300366163 -0.030334065 -0.824479043 -0.008122925 -0.129181206 0.006157429 0.991568625
1781254253.389744 0.345073581 -0.024367897 -0.822028577 -0.005713740 -0.107952148 0.003925405 0.994131982
1781254253.423123 0.357571214 -0.027854428 -0.822497785 -0.005988257 -0.103626996 0.003287652 0.994592845
1781254253.489882 0.367327482 -0.023972234 -0.825825036 -0.004712523 -0.092115790 0.001927338 0.995735288
1781254253.523262 0.376161098 -0.030132541 -0.834752440 -0.004719145 -0.085851990 0.000432317 0.996296704
1781254253.556641 0.388196945 -0.031701010 -0.831630111 -0.005365780 -0.085677326 0.000385501 0.996308446
1781254253.590021 0.407506943 -0.025593262 -0.823727190 -0.005160791 -0.084230587 0.002423693 0.996430039
1781254253.623401 0.414692730 -0.030888863 -0.830130100 -0.005439910 -0.078672990 0.001663948 0.996884286
1781254253.723540 0.436007261 -0.025589999 -0.831673145 -0.003389644 -0.066681542 0.001046231 0.997768044
1781254253.756919 0.448907346 -0.028218027 -0.833384991 -0.005276706 -0.065582171 0.002458631 0.997830212
1781254253.823680 0.492500842 -0.029325606 -0.806498885 -0.005305148 -0.067359038 0.001813304 0.997713089
1781254253.890440 0.510709405 -0.029756853 -0.804586768 -0.005488385 -0.064365804 0.001073514 0.997910798
1781254253.923820 0.519726515 -0.028333375 -0.801538348 -0.004841473 -0.063317053 0.001230511 0.997981012
1781254253.957200 0.526948035 -0.029024592 -0.801115990 -0.005204368 -0.062063184 0.000801453 0.998058379
1781254254.023959 0.545866907 -0.029486150 -0.796294093 -0.005007434 -0.061517999 0.000547978 0.998093247
1781254254.057340 0.554339290 -0.030050643 -0.794487298 -0.005104514 -0.060991634 0.000527050 0.998125136
1781254254.124100 0.573334754 -0.029862976 -0.789689779 -0.004877298 -0.060383741 0.000202643 0.998163283
1781254254.157480 0.582552135 -0.029649407 -0.787678242 -0.004910247 -0.059993751 0.000217953 0.998186707
1781254254.224241 0.601856470 -0.030808363 -0.783639193 -0.005252200 -0.060811419 0.000178329 0.998135507
1781254254.257621 0.612448633 -0.030261038 -0.780650079 -0.004893809 -0.060175017 -0.000073290 0.998175919
1781254254.291002 0.622371137 -0.030545034 -0.778803170 -0.004996541 -0.059480503 -0.000069911 0.998216987
1781254254.324383 0.631170928 -0.029530888 -0.774891794 -0.004614220 -0.059007950 -0.000355882 0.998246849
1781254254.357764 0.640868247 -0.031288091 -0.774557471 -0.005389168 -0.059162468 -0.000332227 0.998233795
1781254254.391145 0.650123060 -0.030233011 -0.772378445 -0.004765250 -0.057410214 -0.000780083 0.998339057
1781254254.424526 0.658618271 -0.031045178 -0.770610869 -0.005038531 -0.054967195 -0.001071995 0.998474896
1781254254.457907 0.668250442 -0.032635108 -0.770383060 -0.005299063 -0.052236687 -0.001183626 0.998620033
1781254254.491289 0.674620330 -0.030644557 -0.768653870 -0.004824987 -0.049612544 -0.001280569 0.998756111
1781254254.524671 0.683278918 -0.032374490 -0.768245876 -0.004886775 -0.046411913 -0.001446178 0.998909473
1781254254.558052 0.689267159 -0.034337636 -0.770705581 -0.005398000 -0.042842001 -0.002051285 0.999065161
1781254254.591433 0.698195875 -0.033835456 -0.769121408 -0.005024709 -0.039530095 -0.002408560 0.999202847
1781254254.624815 0.703407586 -0.034655552 -0.771459997 -0.005091275 -0.034503065 -0.002606068 0.999388218
1781254254.658196 0.708180726 -0.034138445 -0.771337628 -0.004853510 -0.029354135 -0.002699051 0.999553740
1781254254.691578 0.714800656 -0.035862185 -0.771988034 -0.005301609 -0.025024677 -0.002966308 0.999668419
1781254254.724959 0.715561032 -0.034633480 -0.772643387 -0.004795364 -0.019628864 -0.003262172 0.999790549
1781254254.758341 0.718757510 -0.035343077 -0.773797214 -0.005005504 -0.015508794 -0.003583509 0.999860883
1781254254.791722 0.722350121 -0.035252668 -0.773266613 -0.004723294 -0.011693757 -0.003747078 0.999913514
1781254254.825104 0.726994991 -0.036626741 -0.775299191 -0.005060263 -0.008853936 -0.004281323 0.999938846
1781254254.858486 0.726497471 -0.036489889 -0.774852276 -0.005031612 -0.005434297 -0.004335473 0.999963224
1781254254.891867 0.730320454 -0.036117274 -0.776936769 -0.004879127 -0.003577338 -0.004466659 0.999971747
1781254254.925249 0.728389919 -0.035843965 -0.776325285 -0.004633247 -0.001155125 -0.004465335 0.999978662
1781254254.958631 0.728747785 -0.037302710 -0.778268754 -0.005200453 0.000093631 -0.004828282 0.999974847
1781254254.992013 0.727918625 -0.035221573 -0.776025593 -0.004550344 0.001024445 -0.004686855 0.999978185
1781254255.025395 0.729166746 -0.036324523 -0.777110875 -0.004910154 0.001158478 -0.004603244 0.999976695
1781254255.058777 0.729714632 -0.035988715 -0.776293159 -0.004747057 0.001108036 -0.004741788 0.999976933
1781254255.092159 0.728443384 -0.035967998 -0.776468337 -0.004762672 0.000879855 -0.004792050 0.999976814
1781254255.125540 0.728934586 -0.037212569 -0.778016567 -0.005312839 0.000286997 -0.004971237 0.999973536
1781254255.192306 0.729516447 -0.036476646 -0.776929975 -0.004918675 -0.000509810 -0.004912151 0.999975741
1781254255.225688 0.729421139 -0.037735239 -0.776343405 -0.005213992 0.000306385 -0.004576210 0.999975920
1781254255.259070 0.726318777 -0.036025111 -0.775429010 -0.004816330 0.003071522 -0.004611831 0.999973059
1781254255.292447 0.725268424 -0.034335323 -0.773525536 -0.004284787 0.005911709 -0.005003871 0.999960840
1781254255.325824 0.723861337 -0.035257295 -0.773720086 -0.004515670 0.008508352 -0.005122812 0.999940515
1781254255.359201 0.723864913 -0.034197822 -0.772552669 -0.004295802 0.009386959 -0.004911026 0.999934673
1781254255.392578 0.722340107 -0.035993759 -0.774936557 -0.004996019 0.010365834 -0.005623816 0.999917984
1781254255.425955 0.722410381 -0.036417320 -0.774842858 -0.004947084 0.010214801 -0.005768145 0.999918997
1781254255.459332 0.722406626 -0.035567585 -0.773953855 -0.004791039 0.009481846 -0.005114239 0.999930561
1781254255.492710 0.723291218 -0.035245460 -0.773148060 -0.004611105 0.008447406 -0.005183561 0.999940276
1781254255.526087 0.724190533 -0.035705019 -0.774876833 -0.004693483 0.007951423 -0.005281547 0.999943435
1781254255.559464 0.724679530 -0.036785707 -0.774730384 -0.005066970 0.007701787 -0.005601131 0.999941826
1781254255.592841 0.725857496 -0.036106315 -0.774261773 -0.004825195 0.007525293 -0.005430771 0.999945343
1781254255.626218 0.724586487 -0.036310233 -0.774987161 -0.004813334 0.008157977 -0.005381017 0.999940693
1781254255.659595 0.725486815 -0.037649568 -0.775514245 -0.005304818 0.008460320 -0.005372338 0.999935746
1781254255.692972 0.724409878 -0.036936566 -0.776118636 -0.005081622 0.008982021 -0.005580571 0.999931157
1781254255.726350 0.724613428 -0.036129132 -0.774002135 -0.004812541 0.008883383 -0.005220835 0.999935389
1781254255.759727 0.724897563 -0.035178218 -0.773710072 -0.004386758 0.008893846 -0.005413059 0.999936223
1781254255.793104 0.724846661 -0.036696158 -0.774873197 -0.004988179 0.008761150 -0.005418234 0.999934494
1781254255.826481 0.725835383 -0.036390763 -0.774392009 -0.004897875 0.008337054 -0.005158355 0.999940038
1781254255.859858 0.724541664 -0.036538385 -0.775204003 -0.004933750 0.008732338 -0.005160016 0.999936402
1781254255.893236 0.725186527 -0.036688630 -0.774946213 -0.005016842 0.008634780 -0.005367386 0.999935746
1781254255.926613 0.724044800 -0.036574904 -0.775882423 -0.005099398 0.008967377 -0.005256996 0.999933064
1781254255.959991 0.725208282 -0.036198325 -0.775711596 -0.004822885 0.008610958 -0.005139095 0.999938130
1781254255.993368 0.724110603 -0.036575899 -0.774919212 -0.004919810 0.008856295 -0.005282158 0.999934733
1781254256.026745 0.724944711 -0.036040224 -0.774885297 -0.004769410 0.008783522 -0.005615563 0.999934375
1781254256.060122 0.725623906 -0.035780784 -0.774719477 -0.004669241 0.008342993 -0.005271470 0.999940395
