frame,stamp,track_ms,state,no_pose,queue_wait_ms,release_to_done_ms
0,1000.000000,6.755625,2,0,0.017125,6.772750
1,1000.033333,27.253750,2,0,0.008125,27.261875
2,1000.066667,14.129250,2,0,0.009083,14.138333
3,1000.100000,14.645375,2,0,0.007875,14.653250
4,1000.133333,14.651208,2,0,0.014333,14.665541
5,1000.166667,15.080208,2,0,0.013542,15.093750
6,1000.200000,14.856333,2,0,0.020333,14.876666
7,1000.233333,15.814625,2,0,0.014250,15.828875
8,1000.266667,15.394667,2,0,0.019625,15.414292
9,1000.300000,15.187333,2,0,0.018667,15.206000
10,1000.333333,15.651583,2,0,0.016959,15.668542
11,1000.366667,15.645166,2,0,0.008375,15.653541
12,1000.400000,15.656375,2,0,0.007458,15.663833
13,1000.433333,15.080166,2,0,0.008834,15.089000
14,1000.466667,14.387375,2,0,0.010375,14.397750
15,1000.500000,14.587417,2,0,0.017958,14.605375
16,1000.533333,14.836000,2,0,0.008334,14.844334
17,1000.566667,14.960958,2,0,0.008417,14.969375
18,1000.600000,15.331375,2,0,0.011500,15.342875
19,1000.633333,14.953416,2,0,0.013125,14.966541
20,1000.666667,14.536708,2,0,0.026709,14.563417
21,1000.700000,14.856333,2,0,0.017125,14.873458
22,1000.733333,15.019750,2,0,0.017416,15.037166
23,1000.766667,15.690208,2,0,0.010583,15.700791
24,1000.800000,14.493958,2,0,0.020000,14.513958
25,1000.833333,14.247584,2,0,0.009416,14.257000
26,1000.866667,13.925375,2,0,0.008834,13.934209
27,1000.900000,14.284542,2,0,0.008542,14.293084
28,1000.933333,14.464000,2,0,0.018000,14.482000
29,1000.966667,16.407458,2,0,0.007625,16.415083
30,1001.000000,14.163167,2,0,0.010708,14.173875
31,1001.033333,14.579125,2,0,0.015083,14.594208
32,1001.066667,14.413542,2,0,0.008041,14.421583
33,1001.100000,13.783250,2,0,0.010000,13.793250
34,1001.133333,13.815833,2,0,0.010209,13.826042
35,1001.166667,13.575000,2,0,0.007041,13.582041
36,1001.200000,14.515292,2,0,0.018416,14.533708
37,1001.233333,15.575458,2,0,0.023417,15.598875
38,1001.266667,13.933291,2,0,0.009250,13.942541
39,1001.300000,14.283167,2,0,0.009750,14.292917
40,1001.333333,13.710000,2,0,0.012750,13.722750
41,1001.366667,14.540417,2,0,0.009292,14.549709
42,1001.400000,14.592125,2,0,0.016042,14.608167
43,1001.433333,15.172667,2,0,0.009333,15.182000
44,1001.466667,15.082166,2,0,0.009417,15.091583
45,1001.500000,15.400625,2,0,0.008667,15.409292
46,1001.533333,15.580459,2,0,0.007458,15.587917
47,1001.566667,15.043833,2,0,0.010125,15.053958
48,1001.600000,14.638292,2,0,0.009083,14.647375
49,1001.633333,15.249291,2,0,0.012542,15.261833
50,1001.666667,14.437292,2,0,0.018000,14.455292
51,1001.700000,14.985500,2,0,0.032500,15.018000
52,1001.733333,15.163416,2,0,0.018500,15.181916
53,1001.766667,15.346917,2,0,0.016708,15.363625
54,1001.800000,15.544709,2,0,0.021291,15.566000
55,1001.833333,15.989208,2,0,0.019334,16.008542
56,1001.866667,16.517125,2,0,0.017125,16.534250
57,1001.900000,15.601958,2,0,0.008042,15.610000
58,1001.933333,16.433625,2,0,0.020833,16.454458
59,1001.966667,16.161958,2,0,0.009708,16.171666
60,1002.000000,15.553292,2,0,0.008416,15.561708
61,1002.033333,15.067666,2,0,0.018500,15.086166
62,1002.066667,15.758084,2,0,0.018250,15.776334
63,1002.100000,15.298917,2,0,0.008833,15.307750
64,1002.133333,15.921208,2,0,0.008500,15.929708
65,1002.166667,15.862791,2,0,0.008334,15.871125
66,1002.200000,15.395416,2,0,0.009709,15.405125
67,1002.233333,15.127875,2,0,0.009167,15.137042
68,1002.266667,15.000916,2,0,0.009125,15.010041
69,1002.300000,15.688709,2,0,0.008500,15.697209
70,1002.333333,15.167083,2,0,0.020542,15.187625
71,1002.366667,14.530458,2,0,0.020000,14.550458
72,1002.400000,14.563334,2,0,0.008083,14.571417
73,1002.433333,14.737459,2,0,0.008250,14.745709
74,1002.466667,15.029334,2,0,0.019625,15.048959
75,1002.500000,14.985709,2,0,0.007833,14.993542
76,1002.533333,14.725292,2,0,0.011708,14.737000
77,1002.566667,14.816334,2,0,0.016416,14.832750
78,1002.600000,14.801291,2,0,0.016667,14.817958
79,1002.633333,14.498208,2,0,0.009084,14.507292
80,1002.666667,14.097334,2,0,0.008458,14.105792
81,1002.700000,14.379209,2,0,0.009125,14.388334
82,1002.733333,14.373917,2,0,0.008667,14.382584
83,1002.766667,14.302333,2,0,0.005667,14.308000
84,1002.800000,14.548042,2,0,0.009333,14.557375
85,1002.833333,14.044834,2,0,0.008125,14.052959
86,1002.866667,14.022458,2,0,0.009375,14.031833
87,1002.900000,14.263125,2,0,0.007333,14.270458
88,1002.933333,13.928375,2,0,0.008917,13.937292
89,1002.966667,14.011291,2,0,0.008792,14.020083
90,1003.000000,13.990666,2,0,0.008625,13.999291
91,1003.033333,12.942375,2,0,0.007917,12.950292
92,1003.066667,13.031875,2,0,0.019125,13.051000
93,1003.100000,13.193708,2,0,0.008625,13.202333
94,1003.133333,12.997667,2,0,0.006917,13.004584
95,1003.166667,13.515791,2,0,0.005334,13.521125
96,1003.200000,13.540041,2,0,0.014459,13.554500
97,1003.233333,13.724959,2,0,0.011083,13.736042
98,1003.266667,13.593542,2,0,0.008500,13.602042
99,1003.300000,14.034750,2,0,0.008625,14.043375
100,1003.333333,13.872208,2,0,0.009750,13.881958
101,1003.366667,14.173000,2,0,0.008583,14.181583
102,1003.400000,12.774417,2,0,0.018958,12.793375
103,1003.433333,12.863250,2,0,0.018875,12.882125
104,1003.466667,13.244083,2,0,0.017584,13.261667
105,1003.500000,13.832375,2,0,0.009167,13.841542
106,1003.533333,14.121750,2,0,0.008916,14.130666
107,1003.566667,13.643792,2,0,0.006625,13.650417
108,1003.600000,13.781833,2,0,0.008834,13.790667
109,1003.633333,13.630583,2,0,0.016125,13.646708
110,1003.666667,13.870250,2,0,0.008208,13.878458
111,1003.700000,13.641167,2,0,0.009333,13.650500
112,1003.733333,13.835709,2,0,0.005791,13.841500
113,1003.766667,14.247042,2,0,0.008458,14.255500
114,1003.800000,13.749875,2,0,0.015459,13.765334
115,1003.833333,13.472500,2,0,0.008667,13.481167
116,1003.866667,13.704625,2,0,0.008584,13.713209
117,1003.900000,13.661917,2,0,0.015125,13.677042
118,1003.933333,14.139917,2,0,0.013875,14.153792
119,1003.966667,13.897792,2,0,0.014958,13.912750
120,1004.000000,13.392125,2,0,0.018958,13.411083
121,1004.033333,12.263041,2,0,0.008875,12.271916
122,1004.066667,12.985042,2,0,0.018167,13.003209
123,1004.100000,13.481625,2,0,0.018042,13.499667
124,1004.133333,12.995125,2,0,0.011209,13.006334
125,1004.166667,13.198875,2,0,0.018417,13.217292
126,1004.200000,13.373583,2,0,0.014875,13.388458
127,1004.233333,13.215917,2,0,0.007917,13.223834
128,1004.266667,13.652458,2,0,0.006667,13.659125
129,1004.300000,14.164584,2,0,0.029083,14.193667
130,1004.333333,14.264334,2,0,0.007958,14.272292
131,1004.366667,14.140583,2,0,0.014708,14.155291
132,1004.400000,13.818750,2,0,0.018917,13.837667
133,1004.433333,13.595208,2,0,0.009708,13.604916
134,1004.466667,13.917500,2,0,0.016166,13.933666
135,1004.500000,13.068416,2,0,0.021459,13.089875
136,1004.533333,13.284625,2,0,0.008875,13.293500
137,1004.566667,13.470833,2,0,0.008042,13.478875
138,1004.600000,12.728458,2,0,0.009042,12.737500
139,1004.633333,13.156042,2,0,0.015708,13.171750
140,1004.666667,13.529750,2,0,0.017292,13.547042
141,1004.700000,13.180167,2,0,0.015291,13.195458
142,1004.733333,12.957291,2,0,0.009917,12.967208
143,1004.766667,13.109083,2,0,0.008792,13.117875
144,1004.800000,13.521250,2,0,0.005958,13.527208
145,1004.833333,13.058334,2,0,0.008666,13.067000
146,1004.866667,12.862250,2,0,0.017125,12.879375
147,1004.900000,13.208042,2,0,0.014625,13.222667
148,1004.933333,12.921291,2,0,0.007709,12.929000
149,1004.966667,13.100292,2,0,0.017125,13.117417
150,1005.000000,13.378875,2,0,0.017042,13.395917
151,1005.033333,12.728083,2,0,0.011167,12.739250
152,1005.066667,12.243083,2,0,0.009250,12.252333
153,1005.100000,12.382583,2,0,0.008917,12.391500
154,1005.133333,12.467000,2,0,0.009292,12.476292
155,1005.166667,12.983042,2,0,0.018916,13.001958
156,1005.200000,13.213458,2,0,0.018959,13.232417
157,1005.233333,12.893750,2,0,0.006667,12.900417
158,1005.266667,13.052833,2,0,0.008875,13.061708
159,1005.300000,13.020000,2,0,0.008375,13.028375
160,1005.333333,13.197583,2,0,0.017209,13.214792
161,1005.366667,12.589000,2,0,0.028750,12.617750
162,1005.400000,12.625667,2,0,0.009292,12.634959
163,1005.433333,12.697750,2,0,0.017875,12.715625
164,1005.466667,12.345792,2,0,0.009125,12.354917
165,1005.500000,12.666459,2,0,0.008916,12.675375
166,1005.533333,13.093417,2,0,0.006125,13.099542
167,1005.566667,12.756167,2,0,0.009625,12.765792
168,1005.600000,12.991833,2,0,0.020250,13.012083
169,1005.633333,12.783875,2,0,0.007083,12.790958
170,1005.666667,12.828083,2,0,0.008292,12.836375
171,1005.700000,12.221041,2,0,0.005917,12.226958
172,1005.733333,12.364792,2,0,0.014916,12.379708
173,1005.766667,12.644625,2,0,0.019125,12.663750
174,1005.800000,12.797250,2,0,0.006417,12.803667
175,1005.833333,12.628000,2,0,0.009416,12.637416
176,1005.866667,12.475833,2,0,0.018459,12.494292
177,1005.900000,12.337833,2,0,0.009000,12.346833
178,1005.933333,12.645250,2,0,0.009833,12.655083
179,1005.966667,12.710041,2,0,0.016584,12.726625
180,1006.000000,12.528500,2,0,0.008917,12.537417
181,1006.033333,12.214250,2,0,0.008667,12.222917
182,1006.066667,11.244875,2,0,0.015709,11.260584
183,1006.100000,17.976583,2,0,0.018500,17.995083
184,1006.133333,17.197333,2,0,0.018375,17.215708
185,1006.166667,17.117667,2,0,0.008042,17.125709
186,1006.200000,16.686541,2,0,0.016459,16.703000
187,1006.233333,16.518125,2,0,0.007208,16.525333
188,1006.266667,16.353125,2,0,0.009417,16.362542
189,1006.300000,16.781542,2,0,0.018916,16.800458
190,1006.333333,16.780583,2,0,0.007750,16.788333
191,1006.366667,16.019667,2,0,0.008833,16.028500
192,1006.400000,16.099375,2,0,0.007917,16.107292
193,1006.433333,15.951500,2,0,0.008000,15.959500
194,1006.466667,16.496750,2,0,0.007666,16.504416
195,1006.500000,16.933084,2,0,0.008666,16.941750
196,1006.533333,16.133417,2,0,0.018875,16.152292
197,1006.566667,16.623583,2,0,0.008375,16.631958
198,1006.600000,16.102959,2,0,0.008291,16.111250
199,1006.633333,16.220833,2,0,0.007792,16.228625
200,1006.666667,16.064250,2,0,0.007792,16.072042
201,1006.700000,16.340792,2,0,0.005292,16.346084
202,1006.733333,16.106167,2,0,0.013333,16.119500
203,1006.766667,16.107458,2,0,0.014250,16.121708
204,1006.800000,16.407250,2,0,0.008375,16.415625
205,1006.833333,16.127459,2,0,0.010083,16.137542
206,1006.866667,16.349167,2,0,0.015416,16.364583
207,1006.900000,16.086417,2,0,0.008042,16.094459
208,1006.933333,15.888708,2,0,0.015084,15.903792
209,1006.966667,15.690791,2,0,0.008834,15.699625
210,1007.000000,15.773667,2,0,0.009166,15.782833
211,1007.033333,16.838583,2,0,0.007834,16.846417
212,1007.066667,14.836708,2,0,0.015542,14.852250
213,1007.100000,14.814583,2,0,0.008792,14.823375
214,1007.133333,15.443416,2,0,0.015500,15.458916
215,1007.166667,15.504250,2,0,0.008792,15.513042
216,1007.200000,13.813833,2,0,0.013250,13.827083
217,1007.233333,14.661667,2,0,0.005208,14.666875
218,1007.266667,14.614750,2,0,0.021875,14.636625
219,1007.300000,15.227666,2,0,0.017000,15.244666
220,1007.333333,15.566584,2,0,0.025791,15.592375
221,1007.366667,15.623834,2,0,0.015791,15.639625
222,1007.400000,15.914042,2,0,0.016333,15.930375
223,1007.433333,15.867583,2,0,0.013750,15.881333
224,1007.466667,15.712709,2,0,0.010333,15.723042
225,1007.500000,15.675083,2,0,0.016042,15.691125
226,1007.533333,15.585584,2,0,0.009041,15.594625
227,1007.566667,15.605041,2,0,0.018417,15.623458
228,1007.600000,14.867334,2,0,0.010458,14.877792
229,1007.633333,15.023375,2,0,0.008167,15.031542
230,1007.666667,15.260792,2,0,0.009083,15.269875
231,1007.700000,15.848667,2,0,0.014000,15.862667
232,1007.733333,15.796292,2,0,0.014625,15.810917
233,1007.766667,15.382791,2,0,0.018000,15.400791
234,1007.800000,15.590959,2,0,0.014583,15.605542
235,1007.833333,15.012541,2,0,0.006459,15.019000
236,1007.866667,15.270208,2,0,0.008708,15.278916
237,1007.900000,15.197875,2,0,0.016000,15.213875
238,1007.933333,15.520541,2,0,0.008875,15.529416
239,1007.966667,15.071292,2,0,0.009291,15.080583
240,1008.000000,15.255375,2,0,0.008792,15.264167
241,1008.033333,15.126000,2,0,0.009167,15.135167
242,1008.066667,13.597375,2,0,0.008125,13.605500
243,1008.100000,14.410292,2,0,0.008208,14.418500
244,1008.133333,15.066791,2,0,0.008250,15.075041
245,1008.166667,14.575458,2,0,0.014708,14.590166
246,1008.200000,14.865708,2,0,0.008750,14.874458
247,1008.233333,14.595166,2,0,0.016042,14.611208
248,1008.266667,15.219625,2,0,0.005875,15.225500
249,1008.300000,15.144250,2,0,0.007875,15.152125
250,1008.333333,14.929666,2,0,0.007959,14.937625
251,1008.366667,14.605416,2,0,0.008584,14.614000
252,1008.400000,14.976833,2,0,0.005833,14.982666
253,1008.433333,14.750792,2,0,0.007958,14.758750
254,1008.466667,14.188916,2,0,0.005542,14.194458
255,1008.500000,14.303250,2,0,0.018250,14.321500
256,1008.533333,14.366917,2,0,0.008208,14.375125
257,1008.566667,14.788875,2,0,0.008542,14.797417
258,1008.600000,14.712375,2,0,0.008167,14.720542
259,1008.633333,15.014667,2,0,0.018667,15.033334
260,1008.666667,14.358083,2,0,0.009292,14.367375
261,1008.700000,14.600875,2,0,0.008833,14.609708
262,1008.733333,14.847084,2,0,0.037500,14.884584
263,1008.766667,14.003708,2,0,0.018167,14.021875
264,1008.800000,14.304292,2,0,0.011625,14.315917
265,1008.833333,14.516292,2,0,0.014833,14.531125
266,1008.866667,19.150166,2,0,0.015084,19.165250
267,1008.900000,18.756917,2,0,0.008458,18.765375
268,1008.933333,18.491000,2,0,0.007750,18.498750
269,1008.966667,18.329750,2,0,0.009834,18.339584
270,1009.000000,17.959750,2,0,0.007416,17.967166
271,1009.033333,17.915584,2,0,0.008625,17.924209
272,1009.066667,17.910584,2,0,0.013375,17.923959
273,1009.100000,17.542166,2,0,0.027042,17.569208
274,1009.133333,17.645750,2,0,0.009042,17.654792
275,1009.166667,17.066542,2,0,0.008417,17.074959
276,1009.200000,17.450667,2,0,0.009083,17.459750
277,1009.233333,17.272125,2,0,0.019750,17.291875
278,1009.266667,18.196041,2,0,0.018834,18.214875
279,1009.300000,17.876292,2,0,0.058250,17.934542
280,1009.333333,17.375500,2,0,0.015500,17.391000
281,1009.366667,17.317000,2,0,0.007375,17.324375
282,1009.400000,17.159584,2,0,0.025000,17.184584
283,1009.433333,16.893959,2,0,0.009208,16.903167
284,1009.466667,17.426292,2,0,0.007875,17.434167
285,1009.500000,17.451375,2,0,0.009083,17.460458
286,1009.533333,16.652459,2,0,0.018333,16.670792
287,1009.566667,17.637041,2,0,0.008959,17.646000
288,1009.600000,17.037750,2,0,0.018583,17.056333
289,1009.633333,17.517875,2,0,0.009125,17.527000
290,1009.666667,17.118792,2,0,0.016250,17.135042
291,1009.700000,17.493083,2,0,0.007292,17.500375
292,1009.733333,16.896833,2,0,0.018709,16.915542
293,1009.766667,17.299375,2,0,0.016792,17.316167
294,1009.800000,17.010667,2,0,0.018250,17.028917
295,1009.833333,17.592750,2,0,0.017959,17.610709
296,1009.866667,16.814250,2,0,0.014666,16.828916
297,1009.900000,17.074958,2,0,0.019708,17.094666
298,1009.933333,17.323375,2,0,0.016333,17.339708
299,1009.966667,17.158459,2,0,0.008833,17.167292
300,1010.000000,16.073500,2,0,0.017625,16.091125
301,1010.033333,17.146459,2,0,0.009000,17.155459
302,1010.066667,17.155583,2,0,0.007167,17.162750
303,1010.100000,16.226416,2,0,0.019667,16.246083
304,1010.133333,15.900875,2,0,0.007417,15.908292
305,1010.166667,16.230042,2,0,0.009791,16.239833
306,1010.200000,17.005666,2,0,0.017875,17.023541
307,1010.233333,17.154875,2,0,0.008792,17.163667
308,1010.266667,17.006875,2,0,0.018208,17.025083
309,1010.300000,17.036583,2,0,0.007834,17.044417
310,1010.333333,16.430042,2,0,0.016083,16.446125
311,1010.366667,16.905375,2,0,0.008208,16.913583
312,1010.400000,16.163042,2,0,0.008541,16.171583
313,1010.433333,16.870500,2,0,0.018584,16.889084
314,1010.466667,16.447541,2,0,0.018417,16.465958
315,1010.500000,16.694459,2,0,0.007708,16.702167
316,1010.533333,16.859959,2,0,0.008000,16.867959
317,1010.566667,17.104708,2,0,0.007875,17.112583
318,1010.600000,16.099375,2,0,0.019250,16.118625
319,1010.633333,16.398833,2,0,0.007000,16.405833
320,1010.666667,16.664625,2,0,0.018250,16.682875
321,1010.700000,16.891500,2,0,0.008541,16.900041
322,1010.733333,16.609125,2,0,0.007875,16.617000
323,1010.766667,16.212125,2,0,0.019042,16.231167
324,1010.800000,16.834375,2,0,0.008375,16.842750
325,1010.833333,16.754666,2,0,0.008375,16.763041
326,1010.866667,16.148458,2,0,0.007792,16.156250
327,1010.900000,16.426042,2,0,0.008250,16.434292
328,1010.933333,17.099834,2,0,0.006125,17.105959
329,1010.966667,16.745250,2,0,0.010333,16.755583
330,1011.000000,16.555667,2,0,0.008583,16.564250
331,1011.033333,16.296458,2,0,0.009417,16.305875
332,1011.066667,16.532459,2,0,0.006500,16.538959
333,1011.100000,14.606333,2,0,0.008167,14.614500
334,1011.133333,15.165125,2,0,0.053709,15.218834
335,1011.166667,15.637625,2,0,0.014292,15.651917
336,1011.200000,15.139042,2,0,0.008792,15.147834
337,1011.233333,15.645375,2,0,0.014458,15.659833
338,1011.266667,17.073167,2,0,0.008791,17.081958
339,1011.300000,17.125458,2,0,0.018584,17.144042
340,1011.333333,17.034084,2,0,0.009666,17.043750
341,1011.366667,17.285333,2,0,0.019208,17.304541
342,1011.400000,17.141834,2,0,0.007791,17.149625
343,1011.433333,16.884375,2,0,0.019292,16.903667
344,1011.466667,17.566250,2,0,0.017542,17.583792
345,1011.500000,17.162458,2,0,0.008958,17.171416
346,1011.533333,16.744167,2,0,0.012125,16.756292
347,1011.566667,17.161833,2,0,0.008000,17.169833
348,1011.600000,16.408250,2,0,0.008000,16.416250
349,1011.633333,15.793084,2,0,0.009583,15.802667
350,1011.666667,16.939667,2,0,0.021000,16.960667
351,1011.700000,15.884500,2,0,0.019750,15.904250
352,1011.733333,17.087500,2,0,0.006834,17.094334
353,1011.766667,16.518958,2,0,0.023417,16.542375
354,1011.800000,17.031000,2,0,0.007958,17.038958
355,1011.833333,16.884083,2,0,0.015959,16.900042
356,1011.866667,17.203959,2,0,0.012000,17.215959
357,1011.900000,16.675625,2,0,0.021334,16.696959
358,1011.933333,17.078083,2,0,0.047834,17.125917
359,1011.966667,16.885625,2,0,0.017042,16.902667
360,1012.000000,16.719416,2,0,0.013375,16.732791
361,1012.033333,16.469584,2,0,0.008541,16.478125
362,1012.066667,16.713708,2,0,0.008667,16.722375
363,1012.100000,15.379792,2,0,0.008875,15.388667
364,1012.133333,15.845500,2,0,0.005875,15.851375
365,1012.166667,15.831292,2,0,0.009375,15.840667
366,1012.200000,14.869583,2,0,0.007667,14.877250
367,1012.233333,15.353500,2,0,0.009791,15.363291
368,1012.266667,15.484083,2,0,0.009417,15.493500
369,1012.300000,15.703500,2,0,0.005125,15.708625
370,1012.333333,16.037667,2,0,0.014542,16.052209
371,1012.366667,15.993667,2,0,0.016250,16.009917
372,1012.400000,16.337416,2,0,0.020834,16.358250
373,1012.433333,16.795625,2,0,0.008625,16.804250
374,1012.466667,16.076041,2,0,0.013959,16.090000
375,1012.500000,15.753500,2,0,0.015292,15.768792
376,1012.533333,16.363208,2,0,0.015875,16.379083
377,1012.566667,16.042667,2,0,0.009583,16.052250
378,1012.600000,16.214916,2,0,0.008167,16.223083
379,1012.633333,15.755125,2,0,0.008000,15.763125
380,1012.666667,16.071291,2,0,0.016042,16.087333
381,1012.700000,16.020250,2,0,0.014834,16.035084
382,1012.733333,16.125416,2,0,0.008792,16.134208
383,1012.766667,15.472166,2,0,0.009292,15.481458
384,1012.800000,15.985500,2,0,0.016167,16.001667
385,1012.833333,15.892875,2,0,0.013250,15.906125
386,1012.866667,15.526125,2,0,0.008500,15.534625
387,1012.900000,15.608667,2,0,0.008667,15.617334
388,1012.933333,15.508417,2,0,0.008166,15.516583
389,1012.966667,16.184375,2,0,0.017417,16.201792
390,1013.000000,15.435125,2,0,0.011083,15.446208
391,1013.033333,15.770458,2,0,0.016625,15.787083
392,1013.066667,16.753625,2,0,0.019708,16.773333
393,1013.100000,14.468500,2,0,0.009167,14.477667
394,1013.133333,14.950709,2,0,0.006875,14.957584
395,1013.166667,15.261458,2,0,0.008375,15.269833
396,1013.200000,15.223167,2,0,0.012416,15.235583
397,1013.233333,16.138458,2,0,0.010042,16.148500
398,1013.266667,17.063542,2,0,0.008375,17.071917
399,1013.300000,16.435709,2,0,0.017791,16.453500
400,1013.333333,16.641708,2,0,0.011333,16.653041
401,1013.366667,16.617083,2,0,0.019500,16.636583
402,1013.400000,16.780542,2,0,0.007958,16.788500
403,1013.433333,16.535167,2,0,0.008542,16.543709
404,1013.466667,16.682083,2,0,0.008750,16.690833
405,1013.500000,16.533625,2,0,0.016625,16.550250
406,1013.533333,16.660333,2,0,0.008583,16.668916
407,1013.566667,16.616958,2,0,0.017667,16.634625
408,1013.600000,15.877917,2,0,0.008625,15.886542
409,1013.633333,16.162750,2,0,0.017458,16.180208
410,1013.666667,16.303792,2,0,0.009458,16.313250
411,1013.700000,16.365541,2,0,0.016542,16.382083
412,1013.733333,16.543833,2,0,0.008417,16.552250
413,1013.766667,16.488334,2,0,0.008208,16.496542
414,1013.800000,16.137250,2,0,0.007500,16.144750
415,1013.833333,16.551958,2,0,0.018167,16.570125
416,1013.866667,16.441208,2,0,0.017458,16.458666
417,1013.900000,15.740500,2,0,0.007583,15.748083
418,1013.933333,16.566125,2,0,0.013791,16.579916
419,1013.966667,15.879125,2,0,0.005084,15.884209
420,1014.000000,15.944000,2,0,0.013167,15.957167
421,1014.033333,15.950000,2,0,0.009292,15.959292
422,1014.066667,16.168875,2,0,0.017292,16.186167
423,1014.100000,16.330500,2,0,0.033625,16.364125
424,1014.133333,16.156916,2,0,0.018834,16.175750
425,1014.166667,15.548291,2,0,0.018750,15.567041
426,1014.200000,16.094542,2,0,0.008333,16.102875
427,1014.233333,16.019542,2,0,0.009375,16.028917
428,1014.266667,15.715042,2,0,0.015375,15.730417
429,1014.300000,15.821667,2,0,0.018833,15.840500
430,1014.333333,15.831458,2,0,0.020584,15.852042
431,1014.366667,16.252542,2,0,0.018750,16.271292
432,1014.400000,15.608250,2,0,0.019209,15.627459
433,1014.433333,15.433542,2,0,0.023125,15.456667
434,1014.466667,15.091000,2,0,0.020000,15.111000
435,1014.500000,15.680750,2,0,0.019333,15.700083
436,1014.533333,15.736291,2,0,0.018917,15.755208
437,1014.566667,15.554000,2,0,0.022209,15.576209
438,1014.600000,15.137667,2,0,0.016416,15.154083
439,1014.633333,15.602625,2,0,0.016875,15.619500
440,1014.666667,15.555292,2,0,0.019333,15.574625
441,1014.700000,15.664917,2,0,0.016916,15.681833
442,1014.733333,15.786583,2,0,0.018500,15.805083
443,1014.766667,15.703541,2,0,0.017292,15.720833
444,1014.800000,15.750583,2,0,0.019000,15.769583
445,1014.833333,15.820042,2,0,0.016416,15.836458
446,1014.866667,15.036417,2,0,0.007791,15.044208
447,1014.900000,15.707208,2,0,0.007917,15.715125
448,1014.933333,15.374542,2,0,0.019000,15.393542
449,1014.966667,15.454708,2,0,0.019875,15.474583
450,1015.000000,14.930000,2,0,0.025167,14.955167
451,1015.033333,15.562750,2,0,0.017208,15.579958
452,1015.066667,15.550542,2,0,0.018542,15.569084
453,1015.100000,15.259250,2,0,0.008375,15.267625
454,1015.133333,13.969709,2,0,0.023000,13.992709
455,1015.166667,14.142292,2,0,0.017417,14.159709
456,1015.200000,15.098750,2,0,0.006125,15.104875
457,1015.233333,14.514000,2,0,0.022042,14.536042
458,1015.266667,14.891000,2,0,0.018791,14.909791
459,1015.300000,14.684375,2,0,0.005584,14.689959
460,1015.333333,14.512916,2,0,0.016500,14.529416
461,1015.366667,15.377292,2,0,0.017917,15.395209
462,1015.400000,17.342792,2,0,0.025125,17.367917
463,1015.433333,17.303833,2,0,0.015208,17.319041
464,1015.466667,17.396541,2,0,0.017500,17.414041
465,1015.500000,16.805542,2,0,0.016833,16.822375
466,1015.533333,16.919042,2,0,0.019083,16.938125
467,1015.566667,16.283500,2,0,0.024042,16.307542
468,1015.600000,16.523459,2,0,0.014250,16.537709
469,1015.633333,15.698417,2,0,0.019000,15.717417
470,1015.666667,16.541042,2,0,0.021833,16.562875
471,1015.700000,15.834750,2,0,0.016292,15.851042
472,1015.733333,16.368000,2,0,0.019750,16.387750
473,1015.766667,17.174250,2,0,0.018292,17.192542
474,1015.800000,17.197208,2,0,0.019334,17.216542
475,1015.833333,16.421750,2,0,0.019625,16.441375
476,1015.866667,16.230333,2,0,0.015167,16.245500
477,1015.900000,16.083500,2,0,0.016000,16.099500
478,1015.933333,16.468417,2,0,0.017750,16.486167
479,1015.966667,16.400750,2,0,0.018000,16.418750
480,1016.000000,15.884125,2,0,0.008125,15.892250
481,1016.033333,15.620792,2,0,0.018750,15.639542
482,1016.066667,15.886916,2,0,0.017417,15.904333
483,1016.100000,15.788125,2,0,0.015458,15.803583
484,1016.133333,15.041875,2,0,0.020708,15.062583
485,1016.166667,15.587584,2,0,0.019250,15.606834
486,1016.200000,15.552500,2,0,0.019000,15.571500
487,1016.233333,15.456250,2,0,0.022083,15.478333
488,1016.266667,15.416125,2,0,0.017958,15.434083
489,1016.300000,14.954791,2,0,0.010834,14.965625
490,1016.333333,15.293916,2,0,0.020750,15.314666
491,1016.366667,15.246458,2,0,0.019542,15.266000
492,1016.400000,15.102625,2,0,0.017583,15.120208
493,1016.433333,15.620541,2,0,0.013584,15.634125
494,1016.466667,15.556292,2,0,0.015250,15.571542
495,1016.500000,15.844708,2,0,0.023375,15.868083
496,1016.533333,16.093333,2,0,0.019709,16.113042
497,1016.566667,15.422708,2,0,0.020125,15.442833
498,1016.600000,15.226708,2,0,0.018709,15.245417
499,1016.633333,15.507959,2,0,0.018041,15.526000
500,1016.666667,15.949750,2,0,0.016792,15.966542
501,1016.700000,15.760958,2,0,0.014625,15.775583
502,1016.733333,15.405875,2,0,0.008417,15.414292
503,1016.766667,15.678625,2,0,0.018291,15.696916
504,1016.800000,15.460166,2,0,0.019792,15.479958
505,1016.833333,15.618583,2,0,0.017875,15.636458
506,1016.866667,15.756875,2,0,0.017416,15.774291
507,1016.900000,15.138958,2,0,0.009583,15.148541
508,1016.933333,16.006250,2,0,0.014250,16.020500
509,1016.966667,15.366875,2,0,0.008792,15.375667
510,1017.000000,15.497500,2,0,0.008458,15.505958
511,1017.033333,15.607000,2,0,0.019500,15.626500
512,1017.066667,15.263416,2,0,0.017250,15.280666
513,1017.100000,15.185708,2,0,0.030375,15.216083
514,1017.133333,14.308750,2,0,0.007459,14.316209
515,1017.166667,15.348792,2,0,0.018708,15.367500
516,1017.200000,13.382083,2,0,0.008334,13.390417
517,1017.233333,14.754083,2,0,0.016500,14.770583
518,1017.266667,14.821958,2,0,0.019959,14.841917
519,1017.300000,14.623917,2,0,0.007458,14.631375
520,1017.333333,15.456250,2,0,0.015750,15.472000
521,1017.366667,15.233583,2,0,0.007250,15.240833
522,1017.400000,15.523292,2,0,0.016333,15.539625
523,1017.433333,15.597916,2,0,0.015792,15.613708
524,1017.466667,14.906542,2,0,0.057167,14.963709
525,1017.500000,15.917666,2,0,0.016459,15.934125
526,1017.533333,15.110959,2,0,0.018916,15.129875
527,1017.566667,15.459208,2,0,0.009209,15.468417
528,1017.600000,15.100125,2,0,0.015292,15.115417
529,1017.633333,15.646000,2,0,0.019292,15.665292
530,1017.666667,16.970542,2,0,0.006750,16.977292
531,1017.700000,16.419833,2,0,0.019917,16.439750
532,1017.733333,16.645834,2,0,0.012791,16.658625
533,1017.766667,16.093792,2,0,0.021500,16.115292
534,1017.800000,15.635334,2,0,0.006375,15.641709
535,1017.833333,15.606958,2,0,0.015750,15.622708
536,1017.866667,15.793958,2,0,0.020709,15.814667
537,1017.900000,15.151416,2,0,0.008042,15.159458
538,1017.933333,16.476916,2,0,0.018709,16.495625
539,1017.966667,15.882667,2,0,0.019041,15.901708
540,1018.000000,15.765292,2,0,0.016083,15.781375
541,1018.033333,15.725875,2,0,0.017042,15.742917
542,1018.066667,16.135833,2,0,0.018417,16.154250
543,1018.100000,16.265250,2,0,0.008917,16.274167
544,1018.133333,19.661792,2,0,0.007875,19.669667
545,1018.166667,15.353541,2,0,0.018834,15.372375
546,1018.200000,15.734792,2,0,0.018791,15.753583
547,1018.233333,15.693250,2,0,0.017416,15.710666
548,1018.266667,15.537584,2,0,0.014833,15.552417
549,1018.300000,15.705000,2,0,0.018708,15.723708
550,1018.333333,16.151291,2,0,0.018375,16.169666
551,1018.366667,16.199708,2,0,0.023584,16.223292
552,1018.400000,15.601125,2,0,0.008750,15.609875
553,1018.433333,15.112500,2,0,0.018250,15.130750
554,1018.466667,15.105375,2,0,0.018792,15.124167
555,1018.500000,15.621625,2,0,0.018458,15.640083
556,1018.533333,15.271208,2,0,0.018542,15.289750
557,1018.566667,15.282584,2,0,0.010291,15.292875
558,1018.600000,15.488833,2,0,0.019209,15.508042
559,1018.633333,15.786583,2,0,0.017667,15.804250
560,1018.666667,15.326417,2,0,0.019833,15.346250
561,1018.700000,14.409541,2,0,0.019667,14.429208
562,1018.733333,15.206792,2,0,0.019292,15.226084
563,1018.766667,15.213542,2,0,0.007375,15.220917
564,1018.800000,14.740250,2,0,0.019917,14.760167
565,1018.833333,15.330750,2,0,0.019250,15.350000
566,1018.866667,15.182500,2,0,0.015667,15.198167
567,1018.900000,15.432458,2,0,0.008375,15.440833
568,1018.933333,14.877875,2,0,0.017750,14.895625
569,1018.966667,14.823958,2,0,0.017625,14.841583
570,1019.000000,14.835417,2,0,0.016916,14.852333
571,1019.033333,14.755750,2,0,0.020500,14.776250
572,1019.066667,14.790334,2,0,0.013625,14.803959
573,1019.100000,14.805542,2,0,0.008292,14.813834
574,1019.133333,14.563667,2,0,0.008041,14.571708
575,1019.166667,12.998875,2,0,0.008292,13.007167
576,1019.200000,13.127542,2,0,0.007791,13.135333
577,1019.233333,13.891459,2,0,0.019291,13.910750
578,1019.266667,14.032375,2,0,0.021834,14.054209
579,1019.300000,15.486000,2,0,0.015875,15.501875
580,1019.333333,15.533708,2,0,0.006250,15.539958
581,1019.366667,16.182500,2,0,0.016333,16.198833
582,1019.400000,16.406334,2,0,0.018458,16.424792
583,1019.433333,15.637500,2,0,0.019208,15.656708
584,1019.466667,15.770125,2,0,0.018667,15.788792
585,1019.500000,15.469458,2,0,0.018542,15.488000
586,1019.533333,16.084542,2,0,0.018875,16.103417
587,1019.566667,16.128584,2,0,0.018375,16.146959
588,1019.600000,15.348834,2,0,0.008458,15.357292
589,1019.633333,15.316125,2,0,0.018542,15.334667
590,1019.666667,14.836834,2,0,0.017541,14.854375
591,1019.700000,15.715000,2,0,0.019875,15.734875
592,1019.733333,15.279833,2,0,0.018042,15.297875
593,1019.766667,15.560666,2,0,0.019125,15.579791
594,1019.800000,15.767583,2,0,0.006584,15.774167
595,1019.833333,15.667709,2,0,0.019083,15.686792
596,1019.866667,15.485333,2,0,0.014334,15.499667
597,1019.900000,15.712250,2,0,0.017375,15.729625
598,1019.933333,15.570500,2,0,0.018000,15.588500
599,1019.966667,15.358958,2,0,0.018833,15.377791
600,1020.000000,15.773250,2,0,0.011208,15.784458
601,1020.033333,14.981709,2,0,0.007083,14.988792
602,1020.066667,14.651875,2,0,0.014041,14.665916
603,1020.100000,15.375417,2,0,0.018916,15.394333
604,1020.133333,16.174584,2,0,0.019750,16.194334
605,1020.166667,13.912125,2,0,0.008666,13.920791
606,1020.200000,13.844167,2,0,0.019042,13.863209
607,1020.233333,14.928958,2,0,0.019792,14.948750
608,1020.266667,13.448417,2,0,0.010375,13.458792
609,1020.300000,13.860583,2,0,0.015542,13.876125
610,1020.333333,13.594292,2,0,0.020708,13.615000
611,1020.366667,14.515542,2,0,0.018333,14.533875
612,1020.400000,15.251375,2,0,0.018583,15.269958
613,1020.433333,15.052625,2,0,0.018084,15.070709
614,1020.466667,15.429291,2,0,0.018042,15.447333
615,1020.500000,15.175125,2,0,0.019833,15.194958
616,1020.533333,15.291209,2,0,0.014416,15.305625
617,1020.566667,14.956250,2,0,0.020208,14.976458
618,1020.600000,15.058667,2,0,0.020083,15.078750
619,1020.633333,14.936583,2,0,0.019542,14.956125
620,1020.666667,15.310334,2,0,0.008083,15.318417
621,1020.700000,14.672208,2,0,0.020209,14.692417
622,1020.733333,15.035708,2,0,0.018667,15.054375
623,1020.766667,14.807625,2,0,0.018500,14.826125
624,1020.800000,15.515750,2,0,0.017250,15.533000
625,1020.833333,14.959875,2,0,0.018416,14.978291
626,1020.866667,14.874125,2,0,0.018208,14.892333
627,1020.900000,15.462334,2,0,0.020083,15.482417
628,1020.933333,17.206500,2,0,0.004292,17.210792
629,1020.966667,16.447834,2,0,0.017916,16.465750
630,1021.000000,16.303708,2,0,0.018667,16.322375
631,1021.033333,16.321750,2,0,0.008042,16.329792
632,1021.066667,16.290041,2,0,0.013750,16.303791
633,1021.100000,15.885708,2,0,0.015875,15.901583
634,1021.133333,15.921417,2,0,0.013833,15.935250
635,1021.166667,15.379875,2,0,0.006209,15.386084
636,1021.200000,15.839375,2,0,0.018917,15.858292
637,1021.233333,15.344625,2,0,0.006958,15.351583
638,1021.266667,16.750959,2,0,0.016791,16.767750
639,1021.300000,15.874292,2,0,0.020542,15.894834
640,1021.333333,15.714666,2,0,0.017959,15.732625
641,1021.366667,16.029250,2,0,0.015083,16.044333
642,1021.400000,15.798625,2,0,0.018083,15.816708
643,1021.433333,16.041625,2,0,0.019125,16.060750
644,1021.466667,15.740750,2,0,0.017458,15.758208
645,1021.500000,14.938417,2,0,0.009208,14.947625
646,1021.533333,15.522333,2,0,0.016375,15.538708
647,1021.566667,15.385417,2,0,0.016666,15.402083
648,1021.600000,15.727958,2,0,0.015833,15.743791
649,1021.633333,16.268208,2,0,0.017209,16.285417
650,1021.666667,15.889042,2,0,0.019250,15.908292
651,1021.700000,15.762500,2,0,0.015958,15.778458
652,1021.733333,15.739333,2,0,0.014209,15.753542
653,1021.766667,15.713208,2,0,0.018833,15.732041
654,1021.800000,15.566834,2,0,0.016083,15.582917
655,1021.833333,15.347750,2,0,0.021084,15.368834
656,1021.866667,15.650334,2,0,0.015833,15.666167
657,1021.900000,15.331417,2,0,0.018500,15.349917
658,1021.933333,15.405541,2,0,0.018209,15.423750
659,1021.966667,15.248625,2,0,0.016750,15.265375
660,1022.000000,15.472584,2,0,0.017333,15.489917
661,1022.033333,15.460750,2,0,0.006375,15.467125
662,1022.066667,15.037791,2,0,0.016875,15.054666
663,1022.100000,15.364458,2,0,0.019875,15.384333
664,1022.133333,15.470000,2,0,0.019792,15.489792
665,1022.166667,15.857084,2,0,0.016583,15.873667
666,1022.200000,13.096916,2,0,0.009667,13.106583
667,1022.233333,14.196917,2,0,0.028167,14.225084
668,1022.266667,16.131750,2,0,0.017209,16.148959
669,1022.300000,14.409750,2,0,0.024166,14.433916
670,1022.333333,14.568583,2,0,0.005542,14.574125
671,1022.366667,16.779000,2,0,0.016542,16.795542
672,1022.400000,17.126417,2,0,0.016791,17.143208
673,1022.433333,17.220375,2,0,0.016167,17.236542
674,1022.466667,16.822125,2,0,0.014792,16.836917
675,1022.500000,16.495083,2,0,0.020833,16.515916
676,1022.533333,15.888542,2,0,0.015791,15.904333
677,1022.566667,17.033625,2,0,0.014458,17.048083
678,1022.600000,16.658458,2,0,0.008125,16.666583
679,1022.633333,16.213542,2,0,0.017750,16.231292
680,1022.666667,16.758958,2,0,0.019292,16.778250
681,1022.700000,16.562583,2,0,0.018708,16.581291
682,1022.733333,17.011834,2,0,0.017291,17.029125
683,1022.766667,16.106375,2,0,0.018125,16.124500
684,1022.800000,16.516208,2,0,0.017000,16.533208
685,1022.833333,16.070166,2,0,0.007959,16.078125
686,1022.866667,16.674084,2,0,0.016250,16.690334
687,1022.900000,16.177584,2,0,0.014208,16.191792
688,1022.933333,16.674042,2,0,0.016583,16.690625
689,1022.966667,16.378750,2,0,0.018125,16.396875
690,1023.000000,17.250875,2,0,0.017916,17.268791
691,1023.033333,16.035083,2,0,0.026833,16.061916
692,1023.066667,15.913083,2,0,0.010709,15.923792
693,1023.100000,15.854834,2,0,0.018166,15.873000
694,1023.133333,16.706875,2,0,0.007459,16.714334
695,1023.166667,16.041250,2,0,0.018584,16.059834
696,1023.200000,15.210459,2,0,0.008666,15.219125
697,1023.233333,14.820583,2,0,0.018500,14.839083
698,1023.266667,15.828583,2,0,0.016542,15.845125
699,1023.300000,15.532042,2,0,0.020125,15.552167
700,1023.333333,15.580875,2,0,0.016000,15.596875
701,1023.366667,15.880541,2,0,0.019459,15.900000
702,1023.400000,16.329083,2,0,0.018750,16.347833
703,1023.433333,15.762541,2,0,0.019334,15.781875
704,1023.466667,16.108166,2,0,0.019042,16.127208
705,1023.500000,15.815042,2,0,0.009000,15.824042
706,1023.533333,15.772875,2,0,0.019292,15.792167
707,1023.566667,15.693583,2,0,0.017750,15.711333
708,1023.600000,15.571000,2,0,0.018458,15.589458
709,1023.633333,15.272625,2,0,0.017833,15.290458
710,1023.666667,15.854084,2,0,0.019083,15.873167
711,1023.700000,16.104292,2,0,0.019083,16.123375
712,1023.733333,17.947875,2,0,0.018333,17.966208
713,1023.766667,17.051250,2,0,0.015334,17.066584
714,1023.800000,17.211000,2,0,0.018042,17.229042
715,1023.833333,16.626458,2,0,0.019042,16.645500
716,1023.866667,16.252916,2,0,0.019334,16.272250
717,1023.900000,17.148000,2,0,0.019125,17.167125
718,1023.933333,16.415792,2,0,0.013541,16.429333
719,1023.966667,16.147083,2,0,0.021167,16.168250
720,1024.000000,15.928292,2,0,0.019333,15.947625
721,1024.033333,16.423625,2,0,0.018750,16.442375
722,1024.066667,16.119959,2,0,0.007000,16.126959
723,1024.100000,15.790625,2,0,0.018208,15.808833
724,1024.133333,16.187291,2,0,0.019667,16.206958
725,1024.166667,15.956291,2,0,0.019584,15.975875
726,1024.200000,16.220667,2,0,0.017833,16.238500
727,1024.233333,16.055292,2,0,0.019333,16.074625
728,1024.266667,15.601250,2,0,0.016417,15.617667
729,1024.300000,15.457292,2,0,0.016000,15.473292
730,1024.333333,15.482041,2,0,0.016042,15.498083
731,1024.366667,15.621334,2,0,0.019375,15.640709
732,1024.400000,15.456250,2,0,0.019000,15.475250
733,1024.433333,16.195958,2,0,0.017709,16.213667
734,1024.466667,16.149750,2,0,0.018292,16.168042
735,1024.500000,16.001625,2,0,0.020333,16.021958
736,1024.533333,15.807667,2,0,0.009875,15.817542
737,1024.566667,15.789208,2,0,0.008875,15.798083
738,1024.600000,15.353250,2,0,0.021125,15.374375
739,1024.633333,14.957292,2,0,0.024083,14.981375
740,1024.666667,14.666542,2,0,0.014833,14.681375
741,1024.700000,15.528750,2,0,0.018792,15.547542
742,1024.733333,15.306708,2,0,0.018292,15.325000
743,1024.766667,15.521250,2,0,0.017500,15.538750
744,1024.800000,14.750334,2,0,0.016083,14.766417
745,1024.833333,14.511625,2,0,0.008375,14.520000
746,1024.866667,14.734167,2,0,0.019708,14.753875
747,1024.900000,14.383083,2,0,0.018250,14.401333
748,1024.933333,14.168583,2,0,0.021875,14.190458
749,1024.966667,14.735666,2,0,0.017667,14.753333
750,1025.000000,17.334917,2,0,0.010416,17.345333
751,1025.033333,16.485709,2,0,0.015625,16.501334
752,1025.066667,16.928792,2,0,0.016708,16.945500
753,1025.100000,16.799458,2,0,0.018292,16.817750
754,1025.133333,16.558250,2,0,0.017083,16.575333
755,1025.166667,16.240875,2,0,0.015167,16.256042
756,1025.200000,16.211250,2,0,0.004500,16.215750
757,1025.233333,14.083833,2,0,0.023250,14.107083
758,1025.266667,14.933375,2,0,0.007791,14.941166
759,1025.300000,15.379917,2,0,0.018375,15.398292
760,1025.333333,15.332750,2,0,0.015625,15.348375
761,1025.366667,14.893834,2,0,0.018625,14.912459
762,1025.400000,14.743916,2,0,0.021667,14.765583
763,1025.433333,15.587125,2,0,0.017792,15.604917
764,1025.466667,16.045875,2,0,0.018292,16.064167
765,1025.500000,15.664875,2,0,0.017334,15.682209
766,1025.533333,16.198416,2,0,0.018167,16.216583
767,1025.566667,16.243500,2,0,0.018916,16.262416
768,1025.600000,15.584625,2,0,0.007625,15.592250
769,1025.633333,15.787417,2,0,0.021125,15.808542
770,1025.666667,16.065208,2,0,0.018250,16.083458
771,1025.700000,15.518584,2,0,0.017541,15.536125
772,1025.733333,15.490333,2,0,0.016584,15.506917
773,1025.766667,15.656291,2,0,0.022209,15.678500
774,1025.800000,15.447250,2,0,0.008250,15.455500
775,1025.833333,15.682458,2,0,0.018792,15.701250
776,1025.866667,15.686542,2,0,0.022417,15.708959
777,1025.900000,14.894292,2,0,0.014917,14.909209
778,1025.933333,15.523375,2,0,0.007916,15.531291
779,1025.966667,14.854958,2,0,0.015167,14.870125
780,1026.000000,14.943000,2,0,0.018083,14.961083
781,1026.033333,15.547167,2,0,0.012750,15.559917
782,1026.066667,15.623042,2,0,0.005541,15.628583
783,1026.100000,15.292250,2,0,0.014125,15.306375
784,1026.133333,15.096375,2,0,0.014541,15.110916
785,1026.166667,15.604292,2,0,0.018833,15.623125
786,1026.200000,14.893333,2,0,0.009667,14.903000
787,1026.233333,12.926583,2,0,0.005125,12.931708
788,1026.266667,13.727208,2,0,0.016750,13.743958
789,1026.300000,14.537916,2,0,0.014917,14.552833
790,1026.333333,14.548625,2,0,0.015625,14.564250
791,1026.366667,15.110500,2,0,0.017833,15.128333
792,1026.400000,14.906416,2,0,0.006959,14.913375
793,1026.433333,14.885458,2,0,0.017292,14.902750
794,1026.466667,14.776083,2,0,0.018792,14.794875
795,1026.500000,15.325125,2,0,0.014875,15.340000
796,1026.533333,14.233417,2,0,0.017833,14.251250
797,1026.566667,14.947542,2,0,0.016041,14.963583
798,1026.600000,14.813667,2,0,0.019458,14.833125
799,1026.633333,15.250208,2,0,0.017125,15.267333
800,1026.666667,14.138125,2,0,0.018209,14.156334
801,1026.700000,13.928333,2,0,0.016917,13.945250
802,1026.733333,15.160750,2,0,0.018166,15.178916
803,1026.766667,17.301042,2,0,0.018625,17.319667
804,1026.800000,17.432166,2,0,0.016875,17.449041
805,1026.833333,16.027750,2,0,0.016375,16.044125
806,1026.866667,16.147042,2,0,0.017958,16.165000
807,1026.900000,16.265000,2,0,0.018792,16.283792
808,1026.933333,16.057750,2,0,0.019417,16.077167
809,1026.966667,16.324584,2,0,0.057208,16.381792
810,1027.000000,15.551208,2,0,0.015583,15.566791
811,1027.033333,16.198666,2,0,0.017709,16.216375
812,1027.066667,15.261083,2,0,0.016250,15.277333
813,1027.100000,15.093041,2,0,0.010667,15.103708
814,1027.133333,15.408209,2,0,0.014958,15.423167
815,1027.166667,15.532666,2,0,0.009209,15.541875
816,1027.200000,13.979042,2,0,0.009458,13.988500
817,1027.233333,13.092500,2,0,0.022625,13.115125
818,1027.266667,13.542333,2,0,0.019375,13.561708
819,1027.300000,14.552583,2,0,0.017875,14.570458
820,1027.333333,14.756667,2,0,0.017583,14.774250
821,1027.366667,15.263334,2,0,0.019125,15.282459
822,1027.400000,15.028125,2,0,0.011542,15.039667
823,1027.433333,14.934500,2,0,0.018542,14.953042
824,1027.466667,15.518667,2,0,0.017292,15.535959
825,1027.500000,15.631083,2,0,0.018083,15.649166
826,1027.533333,15.029125,2,0,0.008750,15.037875
827,1027.566667,14.794666,2,0,0.019167,14.813833
828,1027.600000,14.650167,2,0,0.018333,14.668500
829,1027.633333,14.580959,2,0,0.006875,14.587834
830,1027.666667,14.411250,2,0,0.022250,14.433500
831,1027.700000,14.443375,2,0,0.017750,14.461125
832,1027.733333,14.061916,2,0,0.017625,14.079541
833,1027.766667,14.362084,2,0,0.016708,14.378792
834,1027.800000,13.877958,2,0,0.016458,13.894416
835,1027.833333,14.555083,2,0,0.019417,14.574500
836,1027.866667,14.613625,2,0,0.018208,14.631833
837,1027.900000,14.362041,2,0,0.014209,14.376250
838,1027.933333,15.013375,2,0,0.017208,15.030583
839,1027.966667,18.553083,2,0,0.015375,18.568458
840,1028.000000,17.480125,2,0,0.008000,17.488125
841,1028.033333,17.282083,2,0,0.008084,17.290167
842,1028.066667,17.496958,2,0,0.015250,17.512208
843,1028.100000,17.542333,2,0,0.025125,17.567458
844,1028.133333,16.240708,2,0,0.007792,16.248500
845,1028.166667,16.415917,2,0,0.019250,16.435167
846,1028.200000,16.654125,2,0,0.018875,16.673000
847,1028.233333,14.436708,2,0,0.007917,14.444625
848,1028.266667,15.451334,2,0,0.005666,15.457000
849,1028.300000,16.194833,2,0,0.018167,16.213000
850,1028.333333,15.885917,2,0,0.009083,15.895000
851,1028.366667,15.563334,2,0,0.015958,15.579292
852,1028.400000,16.575167,2,0,0.017791,16.592958
853,1028.433333,16.232125,2,0,0.016417,16.248542
854,1028.466667,16.603750,2,0,0.017209,16.620959
855,1028.500000,16.342000,2,0,0.017042,16.359042
856,1028.533333,16.319208,2,0,0.017500,16.336708
857,1028.566667,16.094584,2,0,0.018041,16.112625
858,1028.600000,15.867292,2,0,0.018792,15.886084
859,1028.633333,16.175333,2,0,0.018500,16.193833
860,1028.666667,14.784208,2,0,0.018167,14.802375
861,1028.700000,14.901583,2,0,0.019834,14.921417
862,1028.733333,15.325042,2,0,0.018500,15.343542
863,1028.766667,15.634541,2,0,0.018792,15.653333
864,1028.800000,15.276166,2,0,0.017500,15.293666
865,1028.833333,15.549875,2,0,0.015708,15.565583
866,1028.866667,15.864292,2,0,0.016708,15.881000
867,1028.900000,15.651917,2,0,0.008250,15.660167
868,1028.933333,15.196458,2,0,0.009500,15.205958
869,1028.966667,15.104500,2,0,0.015417,15.119917
870,1029.000000,15.499166,2,0,0.026292,15.525458
871,1029.033333,14.463000,2,0,0.014791,14.477791
872,1029.066667,14.444792,2,0,0.014208,14.459000
873,1029.100000,14.617333,2,0,0.009125,14.626458
874,1029.133333,15.939125,2,0,0.009667,15.948792
875,1029.166667,18.072292,2,0,0.018417,18.090709
876,1029.200000,17.469541,2,0,0.017709,17.487250
877,1029.233333,15.747750,2,0,0.008583,15.756333
878,1029.266667,15.678084,2,0,0.019750,15.697834
879,1029.300000,15.677750,2,0,0.019792,15.697542
880,1029.333333,16.137125,2,0,0.018166,16.155291
881,1029.366667,16.358583,2,0,0.019375,16.377958
882,1029.400000,16.681958,2,0,0.020292,16.702250
883,1029.433333,16.154959,2,0,0.017916,16.172875
884,1029.466667,16.004083,2,0,0.018625,16.022708
885,1029.500000,16.150084,2,0,0.017708,16.167792
886,1029.533333,15.623042,2,0,0.019125,15.642167
887,1029.566667,17.084583,2,0,0.007917,17.092500
888,1029.600000,15.005708,2,0,0.017583,15.023291
889,1029.633333,14.852250,2,0,0.019917,14.872167
890,1029.666667,14.936500,2,0,0.023459,14.959959
891,1029.700000,14.457375,2,0,0.020208,14.477583
892,1029.733333,14.817250,2,0,0.024000,14.841250
893,1029.766667,15.751041,2,0,0.018334,15.769375
894,1029.800000,14.500292,2,0,0.009417,14.509709
895,1029.833333,14.693667,2,0,0.016500,14.710167
896,1029.866667,14.588833,2,0,0.015167,14.604000
897,1029.900000,14.551292,2,0,0.016917,14.568209
898,1029.933333,15.865250,2,0,0.004875,15.870125
899,1029.966667,17.607417,2,0,0.017333,17.624750
900,1030.000000,16.177250,2,0,0.020416,16.197666
901,1030.033333,17.168458,2,0,0.019625,17.188083
902,1030.066667,16.364709,2,0,0.018375,16.383084
903,1030.100000,16.273708,2,0,0.008209,16.281917
904,1030.133333,16.194666,2,0,0.019792,16.214458
905,1030.166667,16.577250,2,0,0.013625,16.590875
906,1030.200000,15.876208,2,0,0.020458,15.896666
907,1030.233333,14.101625,2,0,0.042709,14.144334
908,1030.266667,13.718250,2,0,0.020875,13.739125
909,1030.300000,14.594000,2,0,0.019250,14.613250
910,1030.333333,14.569417,2,0,0.018208,14.587625
911,1030.366667,15.269583,2,0,0.017917,15.287500
912,1030.400000,15.530792,2,0,0.019042,15.549834
913,1030.433333,15.023000,2,0,0.006416,15.029416
914,1030.466667,15.003125,2,0,0.017750,15.020875
915,1030.500000,14.781208,2,0,0.018500,14.799708
916,1030.533333,14.814500,2,0,0.006666,14.821166
917,1030.566667,14.839291,2,0,0.018250,14.857541
918,1030.600000,13.898041,2,0,0.017084,13.915125
919,1030.633333,14.185792,2,0,0.016791,14.202583
920,1030.666667,15.059333,2,0,0.006250,15.065583
921,1030.700000,17.211750,2,0,0.018500,17.230250
922,1030.733333,16.158166,2,0,0.016334,16.174500
923,1030.766667,16.126458,2,0,0.006292,16.132750
924,1030.800000,16.124042,2,0,0.021666,16.145708
925,1030.833333,15.484375,2,0,0.018750,15.503125
926,1030.866667,15.751083,2,0,0.018750,15.769833
927,1030.900000,15.979542,2,0,0.019250,15.998792
928,1030.933333,15.628667,2,0,0.008416,15.637083
929,1030.966667,15.199917,2,0,0.018583,15.218500
930,1031.000000,15.689167,2,0,0.006417,15.695584
931,1031.033333,15.754000,2,0,0.018667,15.772667
932,1031.066667,14.985000,2,0,0.017792,15.002792
933,1031.100000,15.128625,2,0,0.015667,15.144292
934,1031.133333,14.619167,2,0,0.018292,14.637459
935,1031.166667,15.074750,2,0,0.022875,15.097625
936,1031.200000,14.558458,2,0,0.013000,14.571458
937,1031.233333,15.068416,2,0,0.021917,15.090333
938,1031.266667,12.683042,2,0,0.005500,12.688542
939,1031.300000,12.437625,2,0,0.006625,12.444250
940,1031.333333,13.279125,2,0,0.021041,13.300166
941,1031.366667,14.107291,2,0,0.017625,14.124916
942,1031.400000,13.798458,2,0,0.018208,13.816666
943,1031.433333,14.973875,2,0,0.019125,14.993000
944,1031.466667,17.527625,2,0,0.016750,17.544375
945,1031.500000,16.843541,2,0,0.018792,16.862333
946,1031.533333,16.421208,2,0,0.017500,16.438708
947,1031.566667,15.775083,2,0,0.018209,15.793292
948,1031.600000,16.462833,2,0,0.018500,16.481333
949,1031.633333,15.971750,2,0,0.016875,15.988625
950,1031.666667,16.077625,2,0,0.019125,16.096750
951,1031.700000,15.256542,2,0,0.020167,15.276709
952,1031.733333,15.948166,2,0,0.018042,15.966208
953,1031.766667,15.530459,2,0,0.019208,15.549667
954,1031.800000,15.364542,2,0,0.020583,15.385125
955,1031.833333,15.238459,2,0,0.018291,15.256750
956,1031.866667,14.686084,2,0,0.015291,14.701375
957,1031.900000,15.271750,2,0,0.016208,15.287958
958,1031.933333,15.388625,2,0,0.017916,15.406541
959,1031.966667,14.313291,2,0,0.027209,14.340500
960,1032.000000,14.964417,2,0,0.016125,14.980542
961,1032.033333,14.745583,2,0,0.017875,14.763458
962,1032.066667,14.704667,2,0,0.016792,14.721459
963,1032.100000,15.058458,2,0,0.007709,15.066167
964,1032.133333,14.540125,2,0,0.010541,14.550666
965,1032.166667,15.517500,2,0,0.028375,15.545875
966,1032.200000,14.958833,2,0,0.010750,14.969583
967,1032.233333,15.404750,2,0,0.019416,15.424166
968,1032.266667,13.928042,2,0,0.008500,13.936542
969,1032.300000,14.374833,2,0,0.009084,14.383917
970,1032.333333,15.513375,2,0,0.016667,15.530042
971,1032.366667,14.964042,2,0,0.010666,14.974708
972,1032.400000,15.806541,2,0,0.018792,15.825333
973,1032.433333,15.752625,2,0,0.018792,15.771417
974,1032.466667,15.812208,2,0,0.018959,15.831167
975,1032.500000,15.413834,2,0,0.022958,15.436792
976,1032.533333,16.070500,2,0,0.016833,16.087333
977,1032.566667,15.415084,2,0,0.018708,15.433792
978,1032.600000,15.663708,2,0,0.018500,15.682208
979,1032.633333,15.257875,2,0,0.015959,15.273834
980,1032.666667,14.837042,2,0,0.015333,14.852375
981,1032.700000,15.547375,2,0,0.021792,15.569167
982,1032.733333,15.027958,2,0,0.016000,15.043958
983,1032.766667,15.074459,2,0,0.018833,15.093292
984,1032.800000,15.430791,2,0,0.019084,15.449875
985,1032.833333,14.537834,2,0,0.013666,14.551500
986,1032.866667,15.223208,2,0,0.019083,15.242291
987,1032.900000,15.359000,2,0,0.018958,15.377958
988,1032.933333,14.454375,2,0,0.014167,14.468542
989,1032.966667,14.242250,2,0,0.018125,14.260375
990,1033.000000,14.835666,2,0,0.017084,14.852750
991,1033.033333,14.177375,2,0,0.008667,14.186042
992,1033.066667,14.418667,2,0,0.017292,14.435959
993,1033.100000,13.623625,2,0,0.018875,13.642500
994,1033.133333,14.694500,2,0,0.018750,14.713250
995,1033.166667,14.517125,2,0,0.018916,14.536041
996,1033.200000,16.972542,2,0,0.015125,16.987667
997,1033.233333,16.085667,2,0,0.020167,16.105834
998,1033.266667,14.311333,2,0,0.008959,14.320292
999,1033.300000,15.140416,2,0,0.018084,15.158500
1000,1033.333333,15.031583,2,0,0.018542,15.050125
1001,1033.366667,15.577791,2,0,0.018292,15.596083
1002,1033.400000,15.313916,2,0,0.009000,15.322916
1003,1033.433333,15.922459,2,0,0.016500,15.938959
1004,1033.466667,15.179250,2,0,0.018458,15.197708
1005,1033.500000,15.320250,2,0,0.018250,15.338500
1006,1033.533333,14.886000,2,0,0.018541,14.904541
1007,1033.566667,14.654834,2,0,0.018916,14.673750
1008,1033.600000,15.100208,2,0,0.019042,15.119250
1009,1033.633333,15.297916,2,0,0.017834,15.315750
1010,1033.666667,14.985875,2,0,0.017750,15.003625
1011,1033.700000,15.170125,2,0,0.005666,15.175791
1012,1033.733333,14.426125,2,0,0.017000,14.443125
1013,1033.766667,14.725250,2,0,0.018334,14.743584
1014,1033.800000,16.185708,2,0,0.010084,16.195792
1015,1033.833333,13.850000,2,0,0.014083,13.864083
1016,1033.866667,14.122375,2,0,0.016250,14.138625
1017,1033.900000,14.227458,2,0,0.014292,14.241750
1018,1033.933333,14.369625,2,0,0.021959,14.391584
1019,1033.966667,14.485416,2,0,0.018500,14.503916
1020,1034.000000,14.426792,2,0,0.016833,14.443625
1021,1034.033333,15.150167,2,0,0.008208,15.158375
1022,1034.066667,16.841250,2,0,0.013334,16.854584
1023,1034.100000,16.554167,2,0,0.052166,16.606333
1024,1034.133333,16.864917,2,0,0.016375,16.881292
1025,1034.166667,15.535375,2,0,0.018208,15.553583
1026,1034.200000,16.172333,2,0,0.014917,16.187250
1027,1034.233333,16.599708,2,0,0.015750,16.615458
1028,1034.266667,14.891792,2,0,0.009125,14.900917
1029,1034.300000,14.317292,2,0,0.019250,14.336542
1030,1034.333333,15.418875,2,0,0.018375,15.437250
1031,1034.366667,15.411584,2,0,0.016583,15.428167
1032,1034.400000,15.176708,2,0,0.018542,15.195250
1033,1034.433333,15.513667,2,0,0.018333,15.532000
1034,1034.466667,15.894917,2,0,0.008166,15.903083
1035,1034.500000,15.231166,2,0,0.019459,15.250625
1036,1034.533333,15.414125,2,0,0.018750,15.432875
1037,1034.566667,15.294333,2,0,0.013958,15.308291
1038,1034.600000,14.830792,2,0,0.015125,14.845917
1039,1034.633333,15.061292,2,0,0.007833,15.069125
1040,1034.666667,14.220791,2,0,0.009125,14.229916
1041,1034.700000,13.658000,2,0,0.013166,13.671166
1042,1034.733333,13.542250,2,0,0.011167,13.553417
1043,1034.766667,12.575958,2,0,0.007709,12.583667
1044,1034.800000,13.157334,2,0,0.016750,13.174084
1045,1034.833333,13.547750,2,0,0.017750,13.565500
1046,1034.866667,14.039375,2,0,0.012917,14.052292
1047,1034.900000,14.448875,2,0,0.017500,14.466375
1048,1034.933333,14.740708,2,0,0.017500,14.758208
1049,1034.966667,14.962833,2,0,0.012750,14.975583
1050,1035.000000,15.111875,2,0,0.018792,15.130667
1051,1035.033333,15.011584,2,0,0.018208,15.029792
1052,1035.066667,14.653125,2,0,0.018458,14.671583
1053,1035.100000,14.700958,2,0,0.018833,14.719791
1054,1035.133333,14.269459,2,0,0.006041,14.275500
1055,1035.166667,14.597875,2,0,0.013916,14.611791
1056,1035.200000,14.676542,2,0,0.005833,14.682375
1057,1035.233333,14.621584,2,0,0.008333,14.629917
1058,1035.266667,13.752583,2,0,0.007500,13.760083
1059,1035.300000,13.778875,2,0,0.027000,13.805875
1060,1035.333333,13.823750,2,0,0.008750,13.832500
1061,1035.366667,14.698458,2,0,0.026250,14.724708
1062,1035.400000,17.331500,2,0,0.018125,17.349625
1063,1035.433333,15.457583,2,0,0.028042,15.485625
1064,1035.466667,16.003083,2,0,0.019042,16.022125
1065,1035.500000,15.716875,2,0,0.007875,15.724750
1066,1035.533333,15.510667,2,0,0.018875,15.529542
1067,1035.566667,15.682917,2,0,0.018708,15.701625
1068,1035.600000,14.827542,2,0,0.017875,14.845417
1069,1035.633333,14.952959,2,0,0.017541,14.970500
1070,1035.666667,15.133208,2,0,0.016167,15.149375
1071,1035.700000,15.865792,2,0,0.017750,15.883542
1072,1035.733333,15.592292,2,0,0.019291,15.611583
1073,1035.766667,15.297209,2,0,0.018000,15.315209
1074,1035.800000,15.324167,2,0,0.018042,15.342209
1075,1035.833333,15.322542,2,0,0.020625,15.343167
1076,1035.866667,15.647792,2,0,0.019458,15.667250
1077,1035.900000,15.769458,2,0,0.016542,15.786000
1078,1035.933333,15.331125,2,0,0.019541,15.350666
1079,1035.966667,14.980583,2,0,0.019792,15.000375
1080,1036.000000,14.420875,2,0,0.018958,14.439833
1081,1036.033333,14.217542,2,0,0.019083,14.236625
1082,1036.066667,14.656917,2,0,0.019041,14.675958
1083,1036.100000,14.513791,2,0,0.018542,14.532333
1084,1036.133333,14.568875,2,0,0.018250,14.587125
1085,1036.166667,15.108333,2,0,0.018167,15.126500
1086,1036.200000,16.386833,2,0,0.019334,16.406167
1087,1036.233333,16.470125,2,0,0.015875,16.486000
1088,1036.266667,16.439875,2,0,0.017500,16.457375
1089,1036.300000,14.419667,2,0,0.009000,14.428667
1090,1036.333333,15.143666,2,0,0.018125,15.161791
1091,1036.366667,15.489833,2,0,0.017792,15.507625
1092,1036.400000,15.509834,2,0,0.018583,15.528417
1093,1036.433333,15.598125,2,0,0.017916,15.616041
1094,1036.466667,15.897333,2,0,0.016958,15.914291
1095,1036.500000,15.640417,2,0,0.017792,15.658209
1096,1036.533333,15.612875,2,0,0.017750,15.630625
1097,1036.566667,15.329625,2,0,0.018958,15.348583
1098,1036.600000,14.738500,2,0,0.015500,14.754000
1099,1036.633333,15.246625,2,0,0.017417,15.264042
1100,1036.666667,15.189750,2,0,0.009500,15.199250
1101,1036.700000,14.195542,2,0,0.009500,14.205042
1102,1036.733333,15.268833,2,0,0.019750,15.288583
1103,1036.766667,15.135917,2,0,0.018458,15.154375
1104,1036.800000,14.781542,2,0,0.019041,14.800583
1105,1036.833333,14.706250,2,0,0.009708,14.715958
1106,1036.866667,14.661333,2,0,0.008375,14.669708
1107,1036.900000,14.479542,2,0,0.008375,14.487917
1108,1036.933333,14.864292,2,0,0.008125,14.872417
1109,1036.966667,14.803250,2,0,0.012125,14.815375
1110,1037.000000,14.696625,2,0,0.018667,14.715292
1111,1037.033333,13.992917,2,0,0.007083,14.000000
1112,1037.066667,13.113917,2,0,0.020833,13.134750
1113,1037.100000,13.023292,2,0,0.017166,13.040458
1114,1037.133333,13.578459,2,0,0.018250,13.596709
1115,1037.166667,13.096375,2,0,0.009500,13.105875
1116,1037.200000,12.091667,2,0,0.006167,12.097834
1117,1037.233333,12.710458,2,0,0.019209,12.729667
1118,1037.266667,13.181250,2,0,0.022125,13.203375
1119,1037.300000,12.723709,2,0,0.006375,12.730084
1120,1037.333333,13.767833,2,0,0.018042,13.785875
1121,1037.366667,16.846792,2,0,0.021500,16.868292
1122,1037.400000,15.989959,2,0,0.009375,15.999334
1123,1037.433333,15.996334,2,0,0.008500,16.004834
1124,1037.466667,16.396666,2,0,0.016417,16.413083
1125,1037.500000,15.782458,2,0,0.007500,15.789958
1126,1037.533333,16.036000,2,0,0.009292,16.045292
1127,1037.566667,16.038375,2,0,0.018083,16.056458
1128,1037.600000,16.227417,2,0,0.017166,16.244583
1129,1037.633333,16.406459,2,0,0.014666,16.421125
1130,1037.666667,16.029084,2,0,0.004916,16.034000
1131,1037.700000,16.087208,2,0,0.017875,16.105083
1132,1037.733333,15.872375,2,0,0.020916,15.893291
1133,1037.766667,16.116458,2,0,0.009667,16.126125
1134,1037.800000,16.339125,2,0,0.018041,16.357166
1135,1037.833333,15.469958,2,0,0.008584,15.478542
1136,1037.866667,15.633500,2,0,0.007875,15.641375
1137,1037.900000,15.818458,2,0,0.008708,15.827166
1138,1037.933333,16.983375,2,0,0.008959,16.992334
1139,1037.966667,14.665958,2,0,0.011542,14.677500
1140,1038.000000,14.819625,2,0,0.008917,14.828542
1141,1038.033333,14.947458,2,0,0.017125,14.964583
1142,1038.066667,15.549209,2,0,0.006833,15.556042
1143,1038.100000,15.448458,2,0,0.010334,15.458792
1144,1038.133333,15.206166,2,0,0.009375,15.215541
1145,1038.166667,15.338875,2,0,0.008459,15.347334
1146,1038.200000,15.710875,2,0,0.006000,15.716875
1147,1038.233333,15.283792,2,0,0.017417,15.301209
1148,1038.266667,15.533625,2,0,0.031083,15.564708
1149,1038.300000,15.298958,2,0,0.023292,15.322250
1150,1038.333333,13.577583,2,0,0.009042,13.586625
1151,1038.366667,13.958084,2,0,0.008958,13.967042
1152,1038.400000,14.824541,2,0,0.008875,14.833416
1153,1038.433333,14.798250,2,0,0.014917,14.813167
1154,1038.466667,15.074792,2,0,0.020375,15.095167
1155,1038.500000,15.235667,2,0,0.007958,15.243625
1156,1038.533333,15.038584,2,0,0.006875,15.045459
1157,1038.566667,15.284792,2,0,0.017416,15.302208
1158,1038.600000,14.939458,2,0,0.020709,14.960167
1159,1038.633333,14.822709,2,0,0.010041,14.832750
1160,1038.666667,14.442500,2,0,0.008291,14.450791
1161,1038.700000,14.755834,2,0,0.008666,14.764500
1162,1038.733333,14.409625,2,0,0.019375,14.429000
1163,1038.766667,14.984625,2,0,0.016250,15.000875
1164,1038.800000,14.730792,2,0,0.008708,14.739500
1165,1038.833333,14.986041,2,0,0.016125,15.002166
1166,1038.866667,14.389541,2,0,0.008875,14.398416
1167,1038.900000,14.593083,2,0,0.018584,14.611667
1168,1038.933333,14.325167,2,0,0.016542,14.341709
1169,1038.966667,14.334167,2,0,0.007875,14.342042
1170,1039.000000,14.902916,2,0,0.008625,14.911541
1171,1039.033333,14.722500,2,0,0.008708,14.731208
1172,1039.066667,14.084500,2,0,0.005500,14.090000
1173,1039.100000,14.199917,2,0,0.009208,14.209125
1174,1039.133333,14.124209,2,0,0.008583,14.132792
1175,1039.166667,14.615459,2,0,0.006500,14.621959
1176,1039.200000,14.085708,2,0,0.009417,14.095125
1177,1039.233333,16.508833,2,0,0.007959,16.516792
1178,1039.266667,13.886583,2,0,0.015417,13.902000
1179,1039.300000,13.867000,2,0,0.008250,13.875250
1180,1039.333333,12.281791,2,0,0.008792,12.290583
1181,1039.366667,12.736833,2,0,0.006875,12.743708
1182,1039.400000,13.288750,2,0,0.020292,13.309042
1183,1039.433333,13.514166,2,0,0.017334,13.531500
1184,1039.466667,13.262792,2,0,0.016041,13.278833
1185,1039.500000,13.728125,2,0,0.007959,13.736084
1186,1039.533333,13.437666,2,0,0.009375,13.447041
1187,1039.566667,13.373250,2,0,0.008958,13.382208
1188,1039.600000,13.733958,2,0,0.009042,13.743000
1189,1039.633333,14.108250,2,0,0.008708,14.116958
1190,1039.666667,13.713125,2,0,0.009000,13.722125
1191,1039.700000,13.737541,2,0,0.009000,13.746541
1192,1039.733333,14.512458,2,0,0.011667,14.524125
1193,1039.766667,13.546292,2,0,0.018750,13.565042
1194,1039.800000,13.608875,2,0,0.017208,13.626083
1195,1039.833333,13.679250,2,0,0.019750,13.699000
1196,1039.866667,13.128708,2,0,0.006959,13.135667
1197,1039.900000,13.112000,2,0,0.008125,13.120125
1198,1039.933333,13.253500,2,0,0.009542,13.263042
1199,1039.966667,13.031583,2,0,0.007875,13.039458
1200,1040.000000,12.843792,2,0,0.010375,12.854167
1201,1040.033333,13.016667,2,0,0.009666,13.026333
1202,1040.066667,12.174875,2,0,0.012416,12.187291
1203,1040.100000,12.209833,2,0,0.015500,12.225333
1204,1040.133333,12.638250,2,0,0.019250,12.657500
1205,1040.166667,12.913542,2,0,0.023250,12.936792
1206,1040.200000,12.940291,2,0,0.039375,12.979666
1207,1040.233333,13.449375,2,0,0.007875,13.457250
1208,1040.266667,13.038083,2,0,0.009542,13.047625
1209,1040.300000,13.344917,2,0,0.005791,13.350708
1210,1040.333333,11.996917,2,0,0.009208,12.006125
1211,1040.366667,12.265125,2,0,0.019750,12.284875
1212,1040.400000,12.220834,2,0,0.007291,12.228125
1213,1040.433333,12.112000,2,0,0.053583,12.165583
1214,1040.466667,13.219833,2,0,0.008833,13.228666
1215,1040.500000,16.869458,2,0,0.007542,16.877000
1216,1040.533333,16.223917,2,0,0.010041,16.233958
1217,1040.566667,15.792708,2,0,0.009292,15.802000
1218,1040.600000,15.775625,2,0,0.008042,15.783667
1219,1040.633333,15.470416,2,0,0.008167,15.478583
1220,1040.666667,14.883833,2,0,0.008084,14.891917
1221,1040.700000,15.092125,2,0,0.008167,15.100292
1222,1040.733333,15.015625,2,0,0.007583,15.023208
1223,1040.766667,15.270792,2,0,0.021416,15.292208
1224,1040.800000,15.474291,2,0,0.019959,15.494250
1225,1040.833333,15.220416,2,0,0.018834,15.239250
1226,1040.866667,14.622417,2,0,0.021417,14.643834
1227,1040.900000,14.962458,2,0,0.018542,14.981000
1228,1040.933333,15.129250,2,0,0.015584,15.144834
1229,1040.966667,17.062375,2,0,0.017458,17.079833
1230,1041.000000,14.527834,2,0,0.025041,14.552875
1231,1041.033333,14.560542,2,0,0.021583,14.582125
1232,1041.066667,14.469875,2,0,0.019000,14.488875
1233,1041.100000,14.508583,2,0,0.032208,14.540791
1234,1041.133333,14.555833,2,0,0.019292,14.575125
1235,1041.166667,14.006750,2,0,0.013167,14.019917
1236,1041.200000,15.552375,2,0,0.013333,15.565708
1237,1041.233333,14.236041,2,0,0.008042,14.244083
1238,1041.266667,13.793791,2,0,0.014459,13.808250
1239,1041.300000,14.250958,2,0,0.011167,14.262125
1240,1041.333333,13.597750,2,0,0.010917,13.608667
1241,1041.366667,13.451458,2,0,0.016708,13.468166
1242,1041.400000,13.743792,2,0,0.008291,13.752083
1243,1041.433333,13.305708,2,0,0.011250,13.316958
1244,1041.466667,13.835375,2,0,0.014167,13.849542
1245,1041.500000,13.419375,2,0,0.016209,13.435584
1246,1041.533333,13.400375,2,0,0.031125,13.431500
1247,1041.566667,13.460916,2,0,0.051500,13.512416
1248,1041.600000,12.710416,2,0,0.010625,12.721041
1249,1041.633333,13.079166,2,0,0.017334,13.096500
1250,1041.666667,13.149166,2,0,0.012542,13.161708
1251,1041.700000,13.508500,2,0,0.009083,13.517583
1252,1041.733333,13.074917,2,0,0.021250,13.096167
1253,1041.766667,13.164875,2,0,0.024292,13.189167
1254,1041.800000,13.012709,2,0,0.014041,13.026750
1255,1041.833333,13.380334,2,0,0.013125,13.393459
1256,1041.866667,13.522916,2,0,0.018459,13.541375
1257,1041.900000,14.225208,2,0,0.018917,14.244125
1258,1041.933333,13.933459,2,0,0.019416,13.952875
1259,1041.966667,13.855500,2,0,0.016584,13.872084
1260,1042.000000,13.525458,2,0,0.030167,13.555625
1261,1042.033333,13.827291,2,0,0.016084,13.843375
1262,1042.066667,14.285792,2,0,0.017458,14.303250
1263,1042.100000,14.081000,2,0,0.017583,14.098583
1264,1042.133333,14.222667,2,0,0.014958,14.237625
1265,1042.166667,13.801666,2,0,0.021167,13.822833
1266,1042.200000,14.266375,2,0,0.017583,14.283958
1267,1042.233333,13.947333,2,0,0.019000,13.966333
1268,1042.266667,13.880958,2,0,0.018125,13.899083
1269,1042.300000,14.150709,2,0,0.013541,14.164250
1270,1042.333333,12.734833,2,0,0.008250,12.743083
1271,1042.366667,12.803834,2,0,0.016375,12.820209
1272,1042.400000,13.189042,2,0,0.018958,13.208000
1273,1042.433333,13.340834,2,0,0.010916,13.351750
1274,1042.466667,13.444125,2,0,0.018416,13.462541
1275,1042.500000,13.462500,2,0,0.019125,13.481625
1276,1042.533333,13.803375,2,0,0.019833,13.823208
1277,1042.566667,13.664625,2,0,0.021583,13.686208
1278,1042.600000,13.716583,2,0,0.018125,13.734708
1279,1042.633333,13.576667,2,0,0.016791,13.593458
1280,1042.666667,13.302625,2,0,0.020583,13.323208
1281,1042.700000,13.438375,2,0,0.018791,13.457166
1282,1042.733333,12.126709,2,0,0.008500,12.135209
1283,1042.766667,12.647958,2,0,0.016084,12.664042
1284,1042.800000,13.102542,2,0,0.014042,13.116584
1285,1042.833333,13.028084,2,0,0.019625,13.047709
1286,1042.866667,13.525458,2,0,0.019125,13.544583
1287,1042.900000,13.322708,2,0,0.017459,13.340167
1288,1042.933333,13.616584,2,0,0.018208,13.634792
1289,1042.966667,13.824334,2,0,0.014833,13.839167
1290,1043.000000,12.755291,2,0,0.017917,12.773208
1291,1043.033333,13.019084,2,0,0.014541,13.033625
1292,1043.066667,13.669292,2,0,0.019375,13.688667
1293,1043.100000,15.301625,2,0,0.019416,15.321041
1294,1043.133333,12.333875,2,0,0.016666,12.350541
1295,1043.166667,12.372792,2,0,0.020083,12.392875
1296,1043.200000,13.291459,2,0,0.020250,13.311709
1297,1043.233333,13.212250,2,0,0.021667,13.233917
1298,1043.266667,13.507000,2,0,0.019834,13.526834
1299,1043.300000,13.175542,2,0,0.019625,13.195167
1300,1043.333333,12.630959,2,0,0.010083,12.641042
1301,1043.366667,10.899542,2,0,0.009375,10.908917
1302,1043.400000,11.635500,2,0,0.016125,11.651625
1303,1043.433333,11.683167,2,0,0.009375,11.692542
1304,1043.466667,12.790250,2,0,0.019209,12.809459
1305,1043.500000,16.702959,2,0,0.018791,16.721750
1306,1043.533333,16.122250,2,0,0.012333,16.134583
1307,1043.566667,16.148375,2,0,0.008125,16.156500
1308,1043.600000,15.241041,2,0,0.016042,15.257083
1309,1043.633333,16.208667,2,0,0.007250,16.215917
1310,1043.666667,16.250709,2,0,0.007750,16.258459
1311,1043.700000,16.472375,2,0,0.007292,16.479667
1312,1043.733333,16.248458,2,0,0.017000,16.265458
1313,1043.766667,16.204917,2,0,0.015166,16.220083
1314,1043.800000,15.543125,2,0,0.005542,15.548667
1315,1043.833333,16.089667,2,0,0.005167,16.094834
1316,1043.866667,15.637750,2,0,0.017250,15.655000
1317,1043.900000,15.340875,2,0,0.009625,15.350500
1318,1043.933333,15.604667,2,0,0.009917,15.614584
1319,1043.966667,15.539583,2,0,0.010125,15.549708
1320,1044.000000,16.016250,2,0,0.009250,16.025500
1321,1044.033333,15.557042,2,0,0.019458,15.576500
1322,1044.066667,15.161375,2,0,0.019084,15.180459
1323,1044.100000,15.607875,2,0,0.008291,15.616166
1324,1044.133333,15.457750,2,0,0.016792,15.474542
1325,1044.166667,15.555584,2,0,0.008250,15.563834
1326,1044.200000,15.871583,2,0,0.015417,15.887000
1327,1044.233333,14.991750,2,0,0.007625,14.999375
1328,1044.266667,15.290500,2,0,0.006084,15.296584
1329,1044.300000,15.309250,2,0,0.008833,15.318083
1330,1044.333333,15.106416,2,0,0.008959,15.115375
1331,1044.366667,12.806417,2,0,0.008958,12.815375
1332,1044.400000,13.933708,2,0,0.008667,13.942375
1333,1044.433333,14.047792,2,0,0.008666,14.056458
1334,1044.466667,14.589417,2,0,0.011083,14.600500
1335,1044.500000,14.355458,2,0,0.016500,14.371958
1336,1044.533333,15.084791,2,0,0.038167,15.122958
1337,1044.566667,13.449875,2,0,0.010958,13.460833
1338,1044.600000,13.465000,2,0,0.016417,13.481417
1339,1044.633333,13.817042,2,0,0.007750,13.824792
1340,1044.666667,14.493000,2,0,0.021500,14.514500
1341,1044.700000,14.696709,2,0,0.005416,14.702125
1342,1044.733333,14.729500,2,0,0.007583,14.737083
1343,1044.766667,14.881917,2,0,0.017041,14.898958
1344,1044.800000,13.915625,2,0,0.017250,13.932875
1345,1044.833333,14.165500,2,0,0.009583,14.175083
1346,1044.866667,14.556041,2,0,0.012000,14.568041
1347,1044.900000,14.176209,2,0,0.029916,14.206125
1348,1044.933333,14.405250,2,0,0.007750,14.413000
1349,1044.966667,14.127208,2,0,0.021292,14.148500
1350,1045.000000,14.411625,2,0,0.008709,14.420334
1351,1045.033333,14.622250,2,0,0.011958,14.634208
1352,1045.066667,14.291208,2,0,0.005042,14.296250
1353,1045.100000,14.062750,2,0,0.009667,14.072417
1354,1045.133333,13.688584,2,0,0.011958,13.700542
1355,1045.166667,13.576708,2,0,0.019875,13.596583
1356,1045.200000,13.874541,2,0,0.016250,13.890791
1357,1045.233333,13.801916,2,0,0.009125,13.811041
1358,1045.266667,13.455041,2,0,0.009750,13.464791
1359,1045.300000,13.961083,2,0,0.009667,13.970750
1360,1045.333333,13.742000,2,0,0.009583,13.751583
1361,1045.366667,12.079083,2,0,0.009250,12.088333
1362,1045.400000,12.830875,2,0,0.009833,12.840708
1363,1045.433333,13.205667,2,0,0.009750,13.215417
1364,1045.466667,13.523792,2,0,0.010333,13.534125
1365,1045.500000,13.798209,2,0,0.009333,13.807542
1366,1045.533333,13.944333,2,0,0.009750,13.954083
1367,1045.566667,13.668209,2,0,0.007583,13.675792
1368,1045.600000,13.765667,2,0,0.018458,13.784125
1369,1045.633333,13.467333,2,0,0.008709,13.476042
1370,1045.666667,13.760125,2,0,0.008416,13.768541
1371,1045.700000,13.134167,2,0,0.010333,13.144500
1372,1045.733333,13.084916,2,0,0.027250,13.112166
1373,1045.766667,12.697833,2,0,0.008458,12.706291
1374,1045.800000,12.772875,2,0,0.013292,12.786167
1375,1045.833333,13.204709,2,0,0.018833,13.223542
1376,1045.866667,16.638583,2,0,0.005417,16.644000
1377,1045.900000,15.331833,2,0,0.007542,15.339375
1378,1045.933333,16.338958,2,0,0.009833,16.348791
1379,1045.966667,16.109750,2,0,0.013792,16.123542
1380,1046.000000,16.235042,2,0,0.007917,16.242959
1381,1046.033333,15.715458,2,0,0.016500,15.731958
1382,1046.066667,15.934458,2,0,0.019125,15.953583
1383,1046.100000,15.330625,2,0,0.016667,15.347292
1384,1046.133333,15.141667,2,0,0.009125,15.150792
1385,1046.166667,14.744125,2,0,0.019167,14.763292
1386,1046.200000,14.481500,2,0,0.010666,14.492166
1387,1046.233333,15.023166,2,0,0.026875,15.050041
1388,1046.266667,14.872917,2,0,0.010208,14.883125
1389,1046.300000,14.551875,2,0,0.025959,14.577834
1390,1046.333333,14.489291,2,0,0.011917,14.501208
1391,1046.366667,13.788291,2,0,0.009542,13.797833
1392,1046.400000,13.978875,2,0,0.011541,13.990416
1393,1046.433333,14.083042,2,0,0.018917,14.101959
1394,1046.466667,14.335208,2,0,0.022542,14.357750
1395,1046.500000,14.221792,2,0,0.021375,14.243167
1396,1046.533333,14.481333,2,0,0.019875,14.501208
1397,1046.566667,15.594209,2,0,0.021416,15.615625
1398,1046.600000,13.612125,2,0,0.014333,13.626458
1399,1046.633333,14.321584,2,0,0.018208,14.339792
1400,1046.666667,14.447417,2,0,0.017083,14.464500
1401,1046.700000,13.827708,2,0,0.021458,13.849166
1402,1046.733333,14.111667,2,0,0.018291,14.129958
1403,1046.766667,14.722750,2,0,0.018458,14.741208
1404,1046.800000,14.034916,2,0,0.012834,14.047750
1405,1046.833333,14.851041,2,0,0.019542,14.870583
1406,1046.866667,14.423334,2,0,0.018500,14.441834
1407,1046.900000,14.589708,2,0,0.006500,14.596208
1408,1046.933333,14.956125,2,0,0.008583,14.964708
1409,1046.966667,14.556084,2,0,0.007291,14.563375
1410,1047.000000,14.359166,2,0,0.006375,14.365541
1411,1047.033333,13.894208,2,0,0.008292,13.902500
1412,1047.066667,13.721083,2,0,0.007000,13.728083
1413,1047.100000,14.348458,2,0,0.008667,14.357125
1414,1047.133333,13.687583,2,0,0.009375,13.696958
1415,1047.166667,13.473167,2,0,0.014875,13.488042
1416,1047.200000,13.734542,2,0,0.010792,13.745334
1417,1047.233333,14.536417,2,0,0.010958,14.547375
1418,1047.266667,14.054750,2,0,0.009708,14.064458
1419,1047.300000,13.349042,2,0,0.008416,13.357458
1420,1047.333333,13.361542,2,0,0.008667,13.370209
1421,1047.366667,14.847541,2,0,0.012625,14.860166
1422,1047.400000,12.299125,2,0,0.012208,12.311333
1423,1047.433333,12.711750,2,0,0.008125,12.719875
1424,1047.466667,13.549625,2,0,0.007833,13.557458
1425,1047.500000,13.040417,2,0,0.015083,13.055500
1426,1047.533333,13.525125,2,0,0.008541,13.533666
1427,1047.566667,13.433542,2,0,0.009750,13.443292
1428,1047.600000,14.780333,2,0,0.022125,14.802458
1429,1047.633333,15.983208,2,0,0.019250,16.002458
1430,1047.666667,15.977667,2,0,0.015708,15.993375
1431,1047.700000,15.846583,2,0,0.009209,15.855792
1432,1047.733333,15.345792,2,0,0.006125,15.351917
1433,1047.766667,15.318500,2,0,0.019500,15.338000
1434,1047.800000,15.177416,2,0,0.008125,15.185541
1435,1047.833333,15.296542,2,0,0.018958,15.315500
1436,1047.866667,15.256625,2,0,0.008459,15.265084
1437,1047.900000,15.185666,2,0,0.008959,15.194625
1438,1047.933333,15.341583,2,0,0.028625,15.370208
1439,1047.966667,15.113500,2,0,0.018667,15.132167
1440,1048.000000,15.232417,2,0,0.017291,15.249708
1441,1048.033333,14.668541,2,0,0.020459,14.689000
1442,1048.066667,15.536709,2,0,0.006041,15.542750
1443,1048.100000,14.955625,2,0,0.007667,14.963292
1444,1048.133333,14.883167,2,0,0.009250,14.892417
1445,1048.166667,13.886959,2,0,0.031041,13.918000
1446,1048.200000,14.128417,2,0,0.008375,14.136792
1447,1048.233333,14.514667,2,0,0.022125,14.536792
1448,1048.266667,14.091208,2,0,0.025125,14.116333
1449,1048.300000,14.408083,2,0,0.007792,14.415875
1450,1048.333333,14.278583,2,0,0.009125,14.287708
1451,1048.366667,14.221792,2,0,0.005250,14.227042
1452,1048.400000,13.843125,2,0,0.008833,13.851958
1453,1048.433333,13.992250,2,0,0.016000,14.008250
1454,1048.466667,14.375208,2,0,0.018958,14.394166
1455,1048.500000,14.685250,2,0,0.020167,14.705417
1456,1048.533333,15.151334,2,0,0.018541,15.169875
1457,1048.566667,15.334458,2,0,0.018583,15.353041
1458,1048.600000,14.590667,2,0,0.021917,14.612584
1459,1048.633333,14.741542,2,0,0.018417,14.759959
1460,1048.666667,14.924792,2,0,0.007750,14.932542
1461,1048.700000,15.213458,2,0,0.017833,15.231291
1462,1048.733333,15.225791,2,0,0.018417,15.244208
1463,1048.766667,15.078333,2,0,0.018500,15.096833
1464,1048.800000,17.223208,2,0,0.008792,17.232000
1465,1048.833333,14.517042,2,0,0.007125,14.524167
1466,1048.866667,14.810958,2,0,0.019167,14.830125
1467,1048.900000,15.147875,2,0,0.017958,15.165833
1468,1048.933333,14.480042,2,0,0.010667,14.490709
1469,1048.966667,14.447625,2,0,0.018917,14.466542
1470,1049.000000,14.595833,2,0,0.017500,14.613333
1471,1049.033333,14.493208,2,0,0.004792,14.498000
1472,1049.066667,14.854167,2,0,0.010166,14.864333
1473,1049.100000,14.678209,2,0,0.008958,14.687167
1474,1049.133333,15.193583,2,0,0.018792,15.212375
1475,1049.166667,14.462417,2,0,0.029750,14.492167
1476,1049.200000,13.777833,2,0,0.031708,13.809541
1477,1049.233333,14.670125,2,0,0.010625,14.680750
1478,1049.266667,13.412834,2,0,0.023500,13.436334
1479,1049.300000,13.320375,2,0,0.019000,13.339375
1480,1049.333333,14.056708,2,0,0.026667,14.083375
1481,1049.366667,14.208000,2,0,0.025708,14.233708
1482,1049.400000,12.354291,2,0,0.014084,12.368375
1483,1049.433333,12.829375,2,0,0.006875,12.836250
1484,1049.466667,13.346416,2,0,0.021375,13.367791
1485,1049.500000,13.606042,2,0,0.008750,13.614792
1486,1049.533333,13.610542,2,0,0.011125,13.621667
1487,1049.566667,13.407208,2,0,0.018209,13.425417
1488,1049.600000,13.602750,2,0,0.017250,13.620000
1489,1049.633333,13.950292,2,0,0.006708,13.957000
1490,1049.666667,13.705708,2,0,0.007833,13.713541
1491,1049.700000,14.235125,2,0,0.015792,14.250917
1492,1049.733333,14.072500,2,0,0.018416,14.090916
1493,1049.766667,13.817250,2,0,0.021500,13.838750
1494,1049.800000,14.186834,2,0,0.019666,14.206500
1495,1049.833333,13.999333,2,0,0.019500,14.018833
1496,1049.866667,13.931208,2,0,0.011208,13.942416
1497,1049.900000,14.893208,2,0,0.006209,14.899417
1498,1049.933333,16.747958,2,0,0.014834,16.762792
1499,1049.966667,15.371125,2,0,0.007000,15.378125
1500,1050.000000,16.507958,2,0,0.026167,16.534125
1501,1050.033333,15.871333,2,0,0.008792,15.880125
1502,1050.066667,15.359167,2,0,0.008583,15.367750
1503,1050.100000,15.546958,2,0,0.009959,15.556917
1504,1050.133333,15.197292,2,0,0.009708,15.207000
1505,1050.166667,15.537750,2,0,0.012125,15.549875
1506,1050.200000,17.238291,2,0,0.010542,17.248833
1507,1050.233333,14.995667,2,0,0.010417,15.006084
1508,1050.266667,15.449042,2,0,0.006875,15.455917
1509,1050.300000,14.376458,2,0,0.007084,14.383542
1510,1050.333333,14.694792,2,0,0.021167,14.715959
1511,1050.366667,13.821959,2,0,0.010916,13.832875
1512,1050.400000,13.839291,2,0,0.009834,13.849125
1513,1050.433333,14.082584,2,0,0.008833,14.091417
1514,1050.466667,14.470792,2,0,0.010458,14.481250
1515,1050.500000,14.673125,2,0,0.011083,14.684208
1516,1050.533333,14.979625,2,0,0.006667,14.986292
1517,1050.566667,14.072958,2,0,0.008125,14.081083
1518,1050.600000,14.706833,2,0,0.008708,14.715541
1519,1050.633333,13.668125,2,0,0.009791,13.677916
1520,1050.666667,14.519542,2,0,0.009666,14.529208
1521,1050.700000,13.311792,2,0,0.004458,13.316250
1522,1050.733333,13.076083,2,0,0.006042,13.082125
1523,1050.766667,13.311791,2,0,0.009250,13.321041
1524,1050.800000,13.672625,2,0,0.009125,13.681750
1525,1050.833333,13.184375,2,0,0.010334,13.194709
1526,1050.866667,13.020125,2,0,0.006833,13.026958
1527,1050.900000,13.782333,2,0,0.004917,13.787250
1528,1050.933333,14.100500,2,0,0.006750,14.107250
1529,1050.966667,15.572292,2,0,0.009750,15.582042
1530,1051.000000,14.270250,2,0,0.004958,14.275208
1531,1051.033333,13.712208,2,0,0.008583,13.720791
1532,1051.066667,14.457666,2,0,0.012542,14.470208
1533,1051.100000,14.136375,2,0,0.015542,14.151917
1534,1051.133333,14.016125,2,0,0.009583,14.025708
1535,1051.166667,13.993666,2,0,0.007417,14.001083
1536,1051.200000,13.990125,2,0,0.014875,14.005000
1537,1051.233333,13.675333,2,0,0.007417,13.682750
1538,1051.266667,13.568000,2,0,0.010291,13.578291
1539,1051.300000,13.417209,2,0,0.006166,13.423375
1540,1051.333333,13.579125,2,0,0.008625,13.587750
1541,1051.366667,13.513500,2,0,0.005000,13.518500
1542,1051.400000,14.477792,2,0,0.010042,14.487834
1543,1051.433333,13.070209,2,0,0.006916,13.077125
1544,1051.466667,13.158250,2,0,0.009833,13.168083
1545,1051.500000,13.474208,2,0,0.010292,13.484500
1546,1051.533333,13.154875,2,0,0.008000,13.162875
1547,1051.566667,13.793334,2,0,0.007875,13.801209
1548,1051.600000,14.342375,2,0,0.007000,14.349375
1549,1051.633333,13.712959,2,0,0.010500,13.723459
1550,1051.666667,12.951625,2,0,0.009583,12.961208
1551,1051.700000,13.619042,2,0,0.009458,13.628500
1552,1051.733333,15.058042,2,0,0.008333,15.066375
1553,1051.766667,13.374041,2,0,0.007167,13.381208
1554,1051.800000,14.271000,2,0,0.009958,14.280958
1555,1051.833333,14.105250,2,0,0.011667,14.116917
1556,1051.866667,14.272167,2,0,0.014500,14.286667
1557,1051.900000,15.841500,2,0,0.007750,15.849250
1558,1051.933333,15.853042,2,0,0.007416,15.860458
1559,1051.966667,14.536667,2,0,0.010125,14.546792
1560,1052.000000,16.379541,2,0,0.010417,16.389958
1561,1052.033333,15.136208,2,0,0.006958,15.143166
1562,1052.066667,15.958875,2,0,0.007000,15.965875
1563,1052.100000,16.008167,2,0,0.009250,16.017417
1564,1052.133333,15.570041,2,0,0.008500,15.578541
1565,1052.166667,16.050167,2,0,0.010125,16.060292
1566,1052.200000,16.147791,2,0,0.012500,16.160291
1567,1052.233333,14.382833,2,0,0.011917,14.394750
1568,1052.266667,13.806167,2,0,0.007500,13.813667
1569,1052.300000,15.401708,2,0,0.007542,15.409250
1570,1052.333333,14.484375,2,0,0.011583,14.495958
1571,1052.366667,14.984750,2,0,0.007500,14.992250
1572,1052.400000,16.202000,2,0,0.010417,16.212417
1573,1052.433333,15.342208,2,0,0.010125,15.352333
1574,1052.466667,15.383917,2,0,0.011708,15.395625
1575,1052.500000,14.338083,2,0,0.008625,14.346708
1576,1052.533333,14.579667,2,0,0.026417,14.606084
1577,1052.566667,15.084125,2,0,0.016250,15.100375
1578,1052.600000,15.391250,2,0,0.009792,15.401042
1579,1052.633333,15.289375,2,0,0.010625,15.300000
1580,1052.666667,14.826042,2,0,0.009667,14.835709
1581,1052.700000,15.710416,2,0,0.008167,15.718583
1582,1052.733333,14.706958,2,0,0.015917,14.722875
1583,1052.766667,14.340167,2,0,0.011667,14.351834
1584,1052.800000,13.662292,2,0,0.009291,13.671583
1585,1052.833333,14.287416,2,0,0.009125,14.296541
1586,1052.866667,13.843667,2,0,0.008667,13.852334
1587,1052.900000,13.456042,2,0,0.008958,13.465000
1588,1052.933333,13.818084,2,0,0.008833,13.826917
1589,1052.966667,14.031417,2,0,0.007958,14.039375
1590,1053.000000,13.760291,2,0,0.010167,13.770458
1591,1053.033333,13.489458,2,0,0.009584,13.499042
1592,1053.066667,14.380750,2,0,0.008125,14.388875
1593,1053.100000,13.553458,2,0,0.009292,13.562750
1594,1053.133333,13.099500,2,0,0.009875,13.109375
1595,1053.166667,14.347708,2,0,0.010709,14.358417
1596,1053.200000,13.309750,2,0,0.010208,13.319958
1597,1053.233333,13.354542,2,0,0.008625,13.363167
1598,1053.266667,14.553958,2,0,0.010750,14.564708
1599,1053.300000,14.705208,2,0,0.010750,14.715958
1600,1053.333333,13.409667,2,0,0.009750,13.419417
1601,1053.366667,12.868334,2,0,0.009625,12.877959
1602,1053.400000,14.207042,2,0,0.009917,14.216959
1603,1053.433333,14.419125,2,0,0.009250,14.428375
1604,1053.466667,13.291916,2,0,0.007875,13.299791
1605,1053.500000,12.805292,2,0,0.007458,12.812750
1606,1053.533333,13.238125,2,0,0.018250,13.256375
1607,1053.566667,13.172959,2,0,0.007416,13.180375
1608,1053.600000,12.747167,2,0,0.006083,12.753250
1609,1053.633333,16.732583,2,0,0.010000,16.742583
1610,1053.666667,12.298208,2,0,0.010292,12.308500
1611,1053.700000,12.599667,2,0,0.009375,12.609042
1612,1053.733333,13.205500,2,0,0.008833,13.214333
1613,1053.766667,12.624167,2,0,0.006917,12.631084
1614,1053.800000,14.424042,2,0,0.007375,14.431417
1615,1053.833333,14.124875,2,0,0.006334,14.131209
1616,1053.866667,13.292875,2,0,0.010833,13.303708
1617,1053.900000,15.205333,2,0,0.009459,15.214792
1618,1053.933333,15.254833,2,0,0.006083,15.260916
1619,1053.966667,14.898167,2,0,0.009667,14.907834
1620,1054.000000,14.656750,2,0,0.007500,14.664250
1621,1054.033333,14.880750,2,0,0.011584,14.892334
1622,1054.066667,15.119917,2,0,0.010125,15.130042
1623,1054.100000,14.520833,2,0,0.009459,14.530292
1624,1054.133333,15.122833,2,0,0.019917,15.142750
1625,1054.166667,15.668750,2,0,0.009125,15.677875
1626,1054.200000,15.882416,2,0,0.007292,15.889708
1627,1054.233333,14.281500,2,0,0.006750,14.288250
1628,1054.266667,14.648375,2,0,0.011333,14.659708
1629,1054.300000,14.638250,2,0,0.008334,14.646584
1630,1054.333333,14.863875,2,0,0.014666,14.878541
1631,1054.366667,14.913042,2,0,0.009250,14.922292
1632,1054.400000,14.094542,2,0,0.005625,14.100167
1633,1054.433333,15.617333,2,0,0.010875,15.628208
1634,1054.466667,14.880000,2,0,0.009167,14.889167
1635,1054.500000,14.380459,2,0,0.014500,14.394959
1636,1054.533333,13.969625,2,0,0.008084,13.977709
1637,1054.566667,14.844750,2,0,0.008083,14.852833
1638,1054.600000,14.174333,2,0,0.008709,14.183042
1639,1054.633333,14.684917,2,0,0.009042,14.693959
1640,1054.666667,14.063166,2,0,0.010625,14.073791
1641,1054.700000,13.598625,2,0,0.007375,13.606000
1642,1054.733333,15.026583,2,0,0.008625,15.035208
1643,1054.766667,14.440917,2,0,0.006083,14.447000
1644,1054.800000,13.824833,2,0,0.006958,13.831791
1645,1054.833333,13.448542,2,0,0.008375,13.456917
1646,1054.866667,13.700291,2,0,0.009209,13.709500
1647,1054.900000,13.614791,2,0,0.007959,13.622750
1648,1054.933333,13.741875,2,0,0.009125,13.751000
1649,1054.966667,15.979583,2,0,0.008750,15.988333
1650,1055.000000,13.745375,2,0,0.008250,13.753625
1651,1055.033333,13.547333,2,0,0.009125,13.556458
1652,1055.066667,13.854875,2,0,0.009375,13.864250
1653,1055.100000,13.438833,2,0,0.016125,13.454958
1654,1055.133333,13.447084,2,0,0.009208,13.456292
1655,1055.166667,13.468583,2,0,0.006167,13.474750
1656,1055.200000,13.600667,2,0,0.012125,13.612792
1657,1055.233333,13.247208,2,0,0.008833,13.256041
1658,1055.266667,12.819416,2,0,0.008167,12.827583
1659,1055.300000,13.147542,2,0,0.008250,13.155792
1660,1055.333333,13.150167,2,0,0.010041,13.160208
1661,1055.366667,12.919708,2,0,0.007500,12.927208
1662,1055.400000,12.414125,2,0,0.008292,12.422417
1663,1055.433333,12.591042,2,0,0.008875,12.599917
1664,1055.466667,13.689042,2,0,0.008208,13.697250
1665,1055.500000,12.216917,2,0,0.005917,12.222834
1666,1055.533333,13.115958,2,0,0.007792,13.123750
1667,1055.566667,12.395750,2,0,0.008625,12.404375
1668,1055.600000,13.165083,2,0,0.010333,13.175416
1669,1055.633333,14.012209,2,0,0.007666,14.019875
1670,1055.666667,12.290000,2,0,0.010375,12.300375
1671,1055.700000,14.039167,2,0,0.010375,14.049542
1672,1055.733333,14.227916,2,0,0.024375,14.252291
1673,1055.766667,13.788500,2,0,0.015292,13.803792
1674,1055.800000,13.973250,2,0,0.019459,13.992709
1675,1055.833333,14.727834,2,0,0.020666,14.748500
1676,1055.866667,14.924250,2,0,0.019917,14.944167
1677,1055.900000,14.699083,2,0,0.027125,14.726208
1678,1055.933333,16.420084,2,0,0.005583,16.425667
1679,1055.966667,17.143417,2,0,0.016541,17.159958
1680,1056.000000,15.903000,2,0,0.007792,15.910792
1681,1056.033333,16.326750,2,0,0.016542,16.343292
1682,1056.066667,16.852333,2,0,0.013292,16.865625
1683,1056.100000,16.429167,2,0,0.009375,16.438542
1684,1056.133333,14.388000,2,0,0.007541,14.395541
1685,1056.166667,13.926750,2,0,0.007250,13.934000
1686,1056.200000,14.464542,2,0,0.008291,14.472833
1687,1056.233333,14.289416,2,0,0.008084,14.297500
1688,1056.266667,15.289459,2,0,0.013458,15.302917
1689,1056.300000,15.243083,2,0,0.062417,15.305500
1690,1056.333333,15.770084,2,0,0.025416,15.795500
1691,1056.366667,16.182875,2,0,0.010958,16.193833
1692,1056.400000,14.226416,2,0,0.007042,14.233458
1693,1056.433333,14.857583,2,0,0.004833,14.862416
1694,1056.466667,15.204750,2,0,0.009583,15.214333
1695,1056.500000,13.601333,2,0,0.008125,13.609458
1696,1056.533333,14.222541,2,0,0.008000,14.230541
1697,1056.566667,14.047500,2,0,0.005958,14.053458
1698,1056.600000,13.811708,2,0,0.007958,13.819666
1699,1056.633333,13.890584,2,0,0.005333,13.895917
1700,1056.666667,14.498084,2,0,0.006708,14.504792
1701,1056.700000,13.528958,2,0,0.007500,13.536458
1702,1056.733333,13.793459,2,0,0.007750,13.801209
1703,1056.766667,13.674416,2,0,0.005292,13.679708
1704,1056.800000,13.712292,2,0,0.007500,13.719792
1705,1056.833333,13.742167,2,0,0.007416,13.749583
1706,1056.866667,14.082667,2,0,0.007000,14.089667
1707,1056.900000,13.603167,2,0,0.008250,13.611417
1708,1056.933333,13.115334,2,0,0.006333,13.121667
1709,1056.966667,13.372875,2,0,0.007792,13.380667
1710,1057.000000,13.353583,2,0,0.008458,13.362041
1711,1057.033333,13.525375,2,0,0.004333,13.529708
1712,1057.066667,13.902416,2,0,0.005917,13.908333
1713,1057.100000,13.157833,2,0,0.009000,13.166833
1714,1057.133333,12.919542,2,0,0.007708,12.927250
1715,1057.166667,15.117000,2,0,0.007625,15.124625
1716,1057.200000,13.317041,2,0,0.010750,13.327791
1717,1057.233333,13.066375,2,0,0.012000,13.078375
1718,1057.266667,13.259958,2,0,0.008083,13.268041
1719,1057.300000,15.177792,2,0,0.004083,15.181875
1720,1057.333333,16.034041,2,0,0.008084,16.042125
1721,1057.366667,15.561500,2,0,0.007750,15.569250
1722,1057.400000,15.127250,2,0,0.004291,15.131541
1723,1057.433333,16.005208,2,0,0.007375,16.012583
1724,1057.466667,15.796125,2,0,0.008291,15.804416
1725,1057.500000,15.845458,2,0,0.008167,15.853625
1726,1057.533333,15.737750,2,0,0.009542,15.747292
1727,1057.566667,15.199000,2,0,0.019375,15.218375
1728,1057.600000,14.567042,2,0,0.007042,14.574084
1729,1057.633333,13.966458,2,0,0.005417,13.971875
1730,1057.666667,15.783250,2,0,0.025125,15.808375
1731,1057.700000,14.613292,2,0,0.004875,14.618167
1732,1057.733333,13.729875,2,0,0.006667,13.736542
1733,1057.766667,14.402625,2,0,0.008250,14.410875
1734,1057.800000,13.701459,2,0,0.007458,13.708917
1735,1057.833333,13.240833,2,0,0.009084,13.249917
1736,1057.866667,13.559625,2,0,0.007750,13.567375
1737,1057.900000,13.481500,2,0,0.008833,13.490333
1738,1057.933333,13.869667,2,0,0.005541,13.875208
1739,1057.966667,13.273167,2,0,0.007666,13.280833
1740,1058.000000,13.438250,2,0,0.009166,13.447416
1741,1058.033333,13.244916,2,0,0.003875,13.248791
1742,1058.066667,12.806291,2,0,0.005959,12.812250
1743,1058.100000,12.308583,2,0,0.006375,12.314958
1744,1058.133333,12.685292,2,0,0.008083,12.693375
1745,1058.166667,12.759250,2,0,0.008000,12.767250
1746,1058.200000,12.200959,2,0,0.005250,12.206209
1747,1058.233333,15.568625,2,0,0.009459,15.578084
1748,1058.266667,15.403917,2,0,0.008500,15.412417
1749,1058.300000,15.171792,2,0,0.005541,15.177333
1750,1058.333333,14.646916,2,0,0.007792,14.654708
1751,1058.366667,14.980334,2,0,0.007416,14.987750
1752,1058.400000,14.577750,2,0,0.007250,14.585000
1753,1058.433333,13.909250,2,0,0.006625,13.915875
1754,1058.466667,15.018500,2,0,0.007500,15.026000
1755,1058.500000,15.197125,2,0,0.007375,15.204500
1756,1058.533333,14.207791,2,0,0.007875,14.215666
1757,1058.566667,14.041625,2,0,0.009042,14.050667
1758,1058.600000,12.953042,2,0,0.007208,12.960250
1759,1058.633333,13.183750,2,0,0.007875,13.191625
1760,1058.666667,13.453791,2,0,0.010792,13.464583
1761,1058.700000,12.987958,2,0,0.006958,12.994916
1762,1058.733333,12.422000,2,0,0.006000,12.428000
1763,1058.766667,12.787541,2,0,0.008459,12.796000
1764,1058.800000,12.673625,2,0,0.008583,12.682208
1765,1058.833333,12.252709,2,0,0.005333,12.258042
1766,1058.866667,12.190916,2,0,0.004334,12.195250
1767,1058.900000,12.179000,2,0,0.008375,12.187375
1768,1058.933333,12.176708,2,0,0.007458,12.184166
1769,1058.966667,11.396458,2,0,0.005083,11.401541
1770,1059.000000,11.759416,2,0,0.007709,11.767125
1771,1059.033333,12.069917,2,0,0.007500,12.077417
1772,1059.066667,14.779583,2,0,0.009417,14.789000
1773,1059.100000,14.636625,2,0,0.007583,14.644208
1774,1059.133333,14.102417,2,0,0.007458,14.109875
1775,1059.166667,14.266708,2,0,0.007125,14.273833
1776,1059.200000,14.246292,2,0,0.007958,14.254250
1777,1059.233333,14.384000,2,0,0.007125,14.391125
1778,1059.266667,14.855292,2,0,0.008625,14.863917
1779,1059.300000,13.518542,2,0,0.005416,13.523958
1780,1059.333333,13.524500,2,0,0.007375,13.531875
1781,1059.366667,14.919833,2,0,0.011250,14.931083
1782,1059.400000,13.758208,2,0,0.009459,13.767667
1783,1059.433333,12.751083,2,0,0.005667,12.756750
1784,1059.466667,14.203917,2,0,0.009292,14.213209
1785,1059.500000,13.222000,2,0,0.010334,13.232334
1786,1059.533333,12.340833,2,0,0.008250,12.349083
1787,1059.566667,12.954000,2,0,0.006125,12.960125
1788,1059.600000,12.469167,2,0,0.008291,12.477458
1789,1059.633333,12.313083,2,0,0.008334,12.321417
1790,1059.666667,12.938000,2,0,0.005834,12.943834
1791,1059.700000,12.044917,2,0,0.007166,12.052083
1792,1059.733333,12.331125,2,0,0.009000,12.340125
1793,1059.766667,12.194625,2,0,0.006167,12.200792
1794,1059.800000,12.160542,2,0,0.005250,12.165792
1795,1059.833333,11.318625,2,0,0.005250,11.323875
1796,1059.866667,11.501666,2,0,0.007750,11.509416
1797,1059.900000,11.848625,2,0,0.007292,11.855917
1798,1059.933333,11.941792,2,0,0.007416,11.949208
1799,1059.966667,11.504875,2,0,0.004875,11.509750
1800,1060.000000,11.329792,2,0,0.007458,11.337250
1801,1060.033333,11.842583,2,0,0.005917,11.848500
1802,1060.066667,12.403166,2,0,0.008542,12.411708
1803,1060.100000,11.516875,2,0,0.005167,11.522042
1804,1060.133333,12.100708,2,0,0.009333,12.110041
1805,1060.166667,15.450667,2,0,0.006375,15.457042
1806,1060.200000,13.858959,2,0,0.008333,13.867292
1807,1060.233333,14.205667,2,0,0.007875,14.213542
1808,1060.266667,14.374167,2,0,0.008083,14.382250
1809,1060.300000,14.013000,2,0,0.005209,14.018209
1810,1060.333333,14.307750,2,0,0.008542,14.316292
1811,1060.366667,13.793459,2,0,0.017708,13.811167
1812,1060.400000,14.130791,2,0,0.008709,14.139500
1813,1060.433333,13.517084,2,0,0.007500,13.524584
1814,1060.466667,14.180167,2,0,0.005041,14.185208
1815,1060.500000,13.848584,2,0,0.005583,13.854167
1816,1060.533333,13.085625,2,0,0.012917,13.098542
1817,1060.566667,13.827125,2,0,0.008916,13.836041
1818,1060.600000,12.741791,2,0,0.008417,12.750208
1819,1060.633333,12.764375,2,0,0.007875,12.772250
1820,1060.666667,12.725500,2,0,0.005125,12.730625
1821,1060.700000,13.597125,2,0,0.009750,13.606875
1822,1060.733333,12.669458,2,0,0.004167,12.673625
1823,1060.766667,13.007666,2,0,0.007459,13.015125
1824,1060.800000,13.016584,2,0,0.014750,13.031334
1825,1060.833333,12.607833,2,0,0.007709,12.615542
1826,1060.866667,12.307333,2,0,0.007958,12.315291
1827,1060.900000,12.469042,2,0,0.005208,12.474250
1828,1060.933333,12.658584,2,0,0.014041,12.672625
1829,1060.966667,12.205375,2,0,0.007791,12.213166
1830,1061.000000,12.386416,2,0,0.005792,12.392208
1831,1061.033333,12.456084,2,0,0.008416,12.464500
1832,1061.066667,12.152708,2,0,0.007625,12.160333
1833,1061.100000,11.942000,2,0,0.007209,11.949209
1834,1061.133333,11.991667,2,0,0.007583,11.999250
1835,1061.166667,12.772209,2,0,0.007791,12.780000
1836,1061.200000,12.445625,2,0,0.005125,12.450750
1837,1061.233333,12.206375,2,0,0.005458,12.211833
1838,1061.266667,12.984083,2,0,0.006584,12.990667
1839,1061.300000,12.639250,2,0,0.009167,12.648417
1840,1061.333333,12.923708,2,0,0.009667,12.933375
1841,1061.366667,11.895500,2,0,0.008958,11.904458
1842,1061.400000,12.124541,2,0,0.005375,12.129916
1843,1061.433333,11.997375,2,0,0.007541,12.004916
1844,1061.466667,12.086625,2,0,0.020708,12.107333
1845,1061.500000,11.649750,2,0,0.008833,11.658583
1846,1061.533333,11.818834,2,0,0.007958,11.826792
1847,1061.566667,11.834291,2,0,0.007417,11.841708
1848,1061.600000,11.333833,2,0,0.008292,11.342125
1849,1061.633333,11.416917,2,0,0.005667,11.422584
1850,1061.666667,11.646250,2,0,0.005667,11.651917
1851,1061.700000,12.468583,2,0,0.008667,12.477250
1852,1061.733333,11.663792,2,0,0.008833,11.672625
1853,1061.766667,11.682667,2,0,0.004625,11.687292
1854,1061.800000,11.569750,2,0,0.006583,11.576333
1855,1061.833333,11.620667,2,0,0.009333,11.630000
1856,1061.866667,12.201166,2,0,0.010125,12.211291
1857,1061.900000,11.771625,2,0,0.007750,11.779375
1858,1061.933333,11.832541,2,0,0.009375,11.841916
1859,1061.966667,11.560208,2,0,0.006125,11.566333
1860,1062.000000,11.105375,2,0,0.006000,11.111375
1861,1062.033333,12.807875,2,0,0.008709,12.816584
1862,1062.066667,11.843000,2,0,0.006292,11.849292
1863,1062.100000,12.226209,2,0,0.004916,12.231125
1864,1062.133333,11.185750,2,0,0.006167,11.191917
1865,1062.166667,11.810875,2,0,0.005167,11.816042
1866,1062.200000,12.251333,2,0,0.011208,12.262541
1867,1062.233333,11.544958,2,0,0.005958,11.550916
1868,1062.266667,11.850750,2,0,0.009042,11.859792
1869,1062.300000,11.570459,2,0,0.008208,11.578667
1870,1062.333333,10.938041,2,0,0.009667,10.947708
1871,1062.366667,12.053417,2,0,0.008583,12.062000
1872,1062.400000,11.284875,2,0,0.008500,11.293375
1873,1062.433333,12.343708,2,0,0.009375,12.353083
1874,1062.466667,12.799667,2,0,0.007750,12.807417
1875,1062.500000,12.302916,2,0,0.008042,12.310958
1876,1062.533333,12.101083,2,0,0.012667,12.113750
1877,1062.566667,11.798375,2,0,0.009250,11.807625
1878,1062.600000,12.228583,2,0,0.007000,12.235583
1879,1062.633333,11.216667,2,0,0.005458,11.222125
1880,1062.666667,11.173666,2,0,0.006417,11.180083
1881,1062.700000,12.403000,2,0,0.009750,12.412750
1882,1062.733333,11.337375,2,0,0.008125,11.345500
1883,1062.766667,12.122917,2,0,0.009083,12.132000
1884,1062.800000,11.301625,2,0,0.006542,11.308167
1885,1062.833333,11.489291,2,0,0.006500,11.495791
1886,1062.866667,11.280541,2,0,0.006375,11.286916
1887,1062.900000,11.345292,2,0,0.007333,11.352625
1888,1062.933333,12.031458,2,0,0.008125,12.039583
1889,1062.966667,12.052042,2,0,0.009583,12.061625
1890,1063.000000,11.349041,2,0,0.008209,11.357250
1891,1063.033333,11.582709,2,0,0.013333,11.596042
1892,1063.066667,11.670333,2,0,0.012625,11.682958
1893,1063.100000,11.508459,2,0,0.010083,11.518542
1894,1063.133333,11.536917,2,0,0.006458,11.543375
1895,1063.166667,11.326708,2,0,0.009042,11.335750
1896,1063.200000,11.212166,2,0,0.006125,11.218291
1897,1063.233333,12.527417,2,0,0.007458,12.534875
1898,1063.266667,12.257167,2,0,0.009750,12.266917
1899,1063.300000,11.631250,2,0,0.009667,11.640917
1900,1063.333333,11.268000,2,0,0.007334,11.275334
1901,1063.366667,11.067750,2,0,0.005250,11.073000
1902,1063.400000,11.384417,2,0,0.008917,11.393334
1903,1063.433333,12.374791,2,0,0.005792,12.380583
1904,1063.466667,15.847958,2,0,0.010917,15.858875
1905,1063.500000,16.383084,2,0,0.009291,16.392375
1906,1063.533333,15.255250,2,0,0.009000,15.264250
1907,1063.566667,15.399583,2,0,0.006167,15.405750
1908,1063.600000,15.578708,2,0,0.009042,15.587750
1909,1063.633333,15.777958,2,0,0.005834,15.783792
1910,1063.666667,14.886625,2,0,0.008042,14.894667
1911,1063.700000,14.977416,2,0,0.005125,14.982541
1912,1063.733333,15.048458,2,0,0.013000,15.061458
1913,1063.766667,15.382708,2,0,0.010542,15.393250
1914,1063.800000,15.611500,2,0,0.007000,15.618500
1915,1063.833333,15.207709,2,0,0.009666,15.217375
1916,1063.866667,14.840208,2,0,0.009209,14.849417
1917,1063.900000,15.157083,2,0,0.006625,15.163708
1918,1063.933333,15.146375,2,0,0.009000,15.155375
1919,1063.966667,15.602917,2,0,0.007708,15.610625
1920,1064.000000,14.799709,2,0,0.008708,14.808417
1921,1064.033333,15.120333,2,0,0.009167,15.129500
1922,1064.066667,15.204125,2,0,0.009292,15.213417
1923,1064.100000,15.264333,2,0,0.006167,15.270500
1924,1064.133333,14.587333,2,0,0.010584,14.597917
1925,1064.166667,15.085708,2,0,0.006292,15.092000
1926,1064.200000,14.747625,2,0,0.011667,14.759292
1927,1064.233333,15.370375,2,0,0.009875,15.380250
1928,1064.266667,14.824417,2,0,0.019833,14.844250
1929,1064.300000,14.706208,2,0,0.006167,14.712375
1930,1064.333333,14.581375,2,0,0.008667,14.590042
1931,1064.366667,14.147375,2,0,0.007875,14.155250
1932,1064.400000,14.302958,2,0,0.007708,14.310666
1933,1064.433333,14.692458,2,0,0.006209,14.698667
1934,1064.466667,14.228833,2,0,0.009000,14.237833
1935,1064.500000,15.109458,2,0,0.007667,15.117125
1936,1064.533333,14.746000,2,0,0.005916,14.751916
1937,1064.566667,14.242542,2,0,0.006833,14.249375
1938,1064.600000,14.566625,2,0,0.007625,14.574250
1939,1064.633333,13.807375,2,0,0.008916,13.816291
1940,1064.666667,14.781042,2,0,0.011833,14.792875
1941,1064.700000,14.021292,2,0,0.008958,14.030250
1942,1064.733333,14.105833,2,0,0.005875,14.111708
1943,1064.766667,13.950167,2,0,0.007708,13.957875
1944,1064.800000,14.007792,2,0,0.009833,14.017625
1945,1064.833333,13.499917,2,0,0.008541,13.508458
1946,1064.866667,14.000083,2,0,0.009042,14.009125
1947,1064.900000,14.003750,2,0,0.007792,14.011542
1948,1064.933333,14.891667,2,0,0.008958,14.900625
1949,1064.966667,13.844084,2,0,0.005750,13.849834
1950,1065.000000,13.499000,2,0,0.007958,13.506958
1951,1065.033333,13.332458,2,0,0.009375,13.341833
1952,1065.066667,13.566500,2,0,0.007083,13.573583
1953,1065.100000,14.144583,2,0,0.010875,14.155458
1954,1065.133333,13.847833,2,0,0.013625,13.861458
1955,1065.166667,13.667458,2,0,0.009042,13.676500
1956,1065.200000,13.844000,2,0,0.005750,13.849750
1957,1065.233333,13.921250,2,0,0.007917,13.929167
1958,1065.266667,14.643834,2,0,0.006416,14.650250
1959,1065.300000,14.056000,2,0,0.016917,14.072917
1960,1065.333333,14.962250,2,0,0.007000,14.969250
1961,1065.366667,14.835917,2,0,0.019958,14.855875
1962,1065.400000,14.427625,2,0,0.008500,14.436125
1963,1065.433333,14.170834,2,0,0.017416,14.188250
1964,1065.466667,14.460209,2,0,0.019416,14.479625
1965,1065.500000,14.435666,2,0,0.010584,14.446250
1966,1065.533333,13.256291,2,0,0.007750,13.264041
1967,1065.566667,13.409209,2,0,0.027666,13.436875
1968,1065.600000,15.287084,2,0,0.019125,15.306209
1969,1065.633333,12.615125,2,0,0.013208,12.628333
1970,1065.666667,13.274583,2,0,0.019542,13.294125
1971,1065.700000,13.491542,2,0,0.020125,13.511667
1972,1065.733333,13.866042,2,0,0.020500,13.886542
1973,1065.766667,14.353250,2,0,0.019333,14.372583
1974,1065.800000,14.253875,2,0,0.018834,14.272709
1975,1065.833333,14.703500,2,0,0.016667,14.720167
1976,1065.866667,14.569666,2,0,0.027792,14.597458
1977,1065.900000,14.553916,2,0,0.018250,14.572166
1978,1065.933333,14.227833,2,0,0.008625,14.236458
1979,1065.966667,14.137542,2,0,0.022417,14.159959
1980,1066.000000,13.832250,2,0,0.007208,13.839458
1981,1066.033333,13.906292,2,0,0.017791,13.924083
1982,1066.066667,13.969667,2,0,0.025625,13.995292
1983,1066.100000,13.970292,2,0,0.018708,13.989000
1984,1066.133333,14.017292,2,0,0.016583,14.033875
1985,1066.166667,14.520375,2,0,0.019000,14.539375
1986,1066.200000,13.843041,2,0,0.018250,13.861291
1987,1066.233333,14.122000,2,0,0.007958,14.129958
1988,1066.266667,14.021833,2,0,0.016875,14.038708
1989,1066.300000,14.037459,2,0,0.018666,14.056125
1990,1066.333333,13.571083,2,0,0.015792,13.586875
1991,1066.366667,14.230416,2,0,0.018625,14.249041
1992,1066.400000,13.656250,2,0,0.011167,13.667417
1993,1066.433333,13.440750,2,0,0.016917,13.457667
1994,1066.466667,13.418083,2,0,0.023167,13.441250
1995,1066.500000,13.839708,2,0,0.017708,13.857416
1996,1066.533333,12.945084,2,0,0.011666,12.956750
1997,1066.566667,15.029375,2,0,0.021333,15.050708
1998,1066.600000,15.275333,2,0,0.019417,15.294750
1999,1066.633333,15.933667,2,0,0.021833,15.955500
2000,1066.666667,15.738083,2,0,0.016709,15.754792
2001,1066.700000,15.699167,2,0,0.018166,15.717333
2002,1066.733333,16.189000,2,0,0.008625,16.197625
2003,1066.766667,15.464625,2,0,0.017666,15.482291
2004,1066.800000,16.382500,2,0,0.017292,16.399792
2005,1066.833333,16.067667,2,0,0.014708,16.082375
2006,1066.866667,16.118292,2,0,0.012667,16.130959
2007,1066.900000,15.978417,2,0,0.018542,15.996959
2008,1066.933333,15.800583,2,0,0.018208,15.818791
2009,1066.966667,16.047708,2,0,0.062709,16.110417
2010,1067.000000,15.490208,2,0,0.014333,15.504541
2011,1067.033333,15.277667,2,0,0.008125,15.285792
2012,1067.066667,15.323750,2,0,0.006167,15.329917
2013,1067.100000,15.547542,2,0,0.018458,15.566000
2014,1067.133333,15.640625,2,0,0.016792,15.657417
2015,1067.166667,16.244625,2,0,0.021584,16.266209
2016,1067.200000,14.858958,2,0,0.009500,14.868458
2017,1067.233333,14.612500,2,0,0.018583,14.631083
2018,1067.266667,14.808791,2,0,0.018584,14.827375
2019,1067.300000,14.457041,2,0,0.028709,14.485750
2020,1067.333333,15.023083,2,0,0.018792,15.041875
2021,1067.366667,14.575834,2,0,0.008083,14.583917
2022,1067.400000,15.304584,2,0,0.017208,15.321792
2023,1067.433333,15.101208,2,0,0.019125,15.120333
2024,1067.466667,14.969208,2,0,0.019792,14.989000
2025,1067.500000,15.282917,2,0,0.017666,15.300583
2026,1067.533333,13.261333,2,0,0.005750,13.267083
2027,1067.566667,12.545625,2,0,0.021875,12.567500
2028,1067.600000,12.986166,2,0,0.044042,13.030208
2029,1067.633333,14.012958,2,0,0.020875,14.033833
2030,1067.666667,13.353125,2,0,0.015125,13.368250
2031,1067.700000,13.771291,2,0,0.014917,13.786208
2032,1067.733333,13.762250,2,0,0.016875,13.779125
2033,1067.766667,13.773791,2,0,0.015250,13.789041
2034,1067.800000,13.791042,2,0,0.018416,13.809458
2035,1067.833333,14.806500,2,0,0.018083,14.824583
2036,1067.866667,14.183417,2,0,0.017958,14.201375
2037,1067.900000,14.530458,2,0,0.017417,14.547875
2038,1067.933333,13.873375,2,0,0.020084,13.893459
2039,1067.966667,13.373500,2,0,0.011292,13.384792
2040,1068.000000,13.828792,2,0,0.018500,13.847292
2041,1068.033333,13.933166,2,0,0.017917,13.951083
2042,1068.066667,13.968792,2,0,0.017708,13.986500
2043,1068.100000,13.519333,2,0,0.019500,13.538833
2044,1068.133333,13.648792,2,0,0.021292,13.670084
2045,1068.166667,13.506584,2,0,0.016875,13.523459
2046,1068.200000,11.055000,2,0,0.016292,11.071292
2047,1068.233333,12.318333,2,0,0.012792,12.331125
2048,1068.266667,12.971000,2,0,0.007709,12.978709
2049,1068.300000,13.408708,2,0,0.012750,13.421458
2050,1068.333333,13.212666,2,0,0.016834,13.229500
2051,1068.366667,14.116875,2,0,0.019458,14.136333
2052,1068.400000,13.227084,2,0,0.018958,13.246042
2053,1068.433333,12.661083,2,0,0.021875,12.682958
2054,1068.466667,13.359458,2,0,0.018625,13.378083
2055,1068.500000,13.408083,2,0,0.019333,13.427416
2056,1068.533333,11.551500,2,0,0.008208,11.559708
2057,1068.566667,12.020375,2,0,0.011792,12.032167
2058,1068.600000,15.421625,2,0,0.014459,15.436084
2059,1068.633333,15.974583,2,0,0.007334,15.981917
2060,1068.666667,15.560250,2,0,0.019833,15.580083
2061,1068.700000,15.971417,2,0,0.019667,15.991084
2062,1068.733333,15.194667,2,0,0.019167,15.213834
2063,1068.766667,14.986042,2,0,0.008166,14.994208
2064,1068.800000,15.681250,2,0,0.017750,15.699000
2065,1068.833333,15.131917,2,0,0.019750,15.151667
2066,1068.866667,14.158708,2,0,0.008500,14.167208
2067,1068.900000,15.315708,2,0,0.018000,15.333708
2068,1068.933333,15.209750,2,0,0.018875,15.228625
2069,1068.966667,15.268792,2,0,0.009417,15.278209
2070,1069.000000,15.091209,2,0,0.019583,15.110792
2071,1069.033333,15.319792,2,0,0.018875,15.338667
2072,1069.066667,15.401583,2,0,0.018875,15.420458
2073,1069.100000,14.884000,2,0,0.019458,14.903458
2074,1069.133333,14.647167,2,0,0.019125,14.666292
2075,1069.166667,15.136125,2,0,0.008125,15.144250
2076,1069.200000,14.807708,2,0,0.037083,14.844791
2077,1069.233333,14.833708,2,0,0.017792,14.851500
2078,1069.266667,14.545875,2,0,0.018875,14.564750
2079,1069.300000,15.271834,2,0,0.008250,15.280084
2080,1069.333333,14.597125,2,0,0.028834,14.625959
2081,1069.366667,13.891459,2,0,0.013541,13.905000
2082,1069.400000,14.295208,2,0,0.018875,14.314083
2083,1069.433333,13.307834,2,0,0.015333,13.323167
2084,1069.466667,13.253166,2,0,0.007750,13.260916
2085,1069.500000,13.554791,2,0,0.019209,13.574000
2086,1069.533333,14.226042,2,0,0.020083,14.246125
2087,1069.566667,12.654709,2,0,0.006375,12.661084
2088,1069.600000,12.484959,2,0,0.008000,12.492959
2089,1069.633333,13.012459,2,0,0.016000,13.028459
2090,1069.666667,13.241250,2,0,0.014875,13.256125
2091,1069.700000,13.684625,2,0,0.016792,13.701417
2092,1069.733333,13.718708,2,0,0.012250,13.730958
2093,1069.766667,13.316375,2,0,0.008375,13.324750
2094,1069.800000,13.098583,2,0,0.018459,13.117042
2095,1069.833333,13.294084,2,0,0.018083,13.312167
2096,1069.866667,13.952375,2,0,0.018709,13.971084
2097,1069.900000,13.000541,2,0,0.013959,13.014500
2098,1069.933333,13.346083,2,0,0.014125,13.360208
2099,1069.966667,13.589625,2,0,0.018667,13.608292
2100,1070.000000,13.653917,2,0,0.015625,13.669542
2101,1070.033333,13.107000,2,0,0.007250,13.114250
2102,1070.066667,13.607958,2,0,0.015917,13.623875
2103,1070.100000,13.862792,2,0,0.008083,13.870875
2104,1070.133333,17.687083,2,0,0.014875,17.701958
2105,1070.166667,16.567041,2,0,0.018959,16.586000
2106,1070.200000,16.962250,2,0,0.016959,16.979209
2107,1070.233333,15.814584,2,0,0.020791,15.835375
2108,1070.266667,15.858417,2,0,0.016167,15.874584
2109,1070.300000,16.149917,2,0,0.020500,16.170417
2110,1070.333333,15.268667,2,0,0.019541,15.288208
2111,1070.366667,16.129500,2,0,0.019458,16.148958
2112,1070.400000,15.386084,2,0,0.018750,15.404834
2113,1070.433333,16.072542,2,0,0.017292,16.089834
2114,1070.466667,15.916375,2,0,0.019625,15.936000
2115,1070.500000,15.510500,2,0,0.017792,15.528292
2116,1070.533333,16.050458,2,0,0.007792,16.058250
2117,1070.566667,14.020208,2,0,0.009084,14.029292
2118,1070.600000,13.380459,2,0,0.021208,13.401667
2119,1070.633333,13.849917,2,0,0.015791,13.865708
2120,1070.666667,13.494042,2,0,0.016167,13.510209
2121,1070.700000,14.688500,2,0,0.018750,14.707250
2122,1070.733333,14.336708,2,0,0.019250,14.355958
2123,1070.766667,14.480375,2,0,0.012000,14.492375
2124,1070.800000,14.090958,2,0,0.008209,14.099167
2125,1070.833333,14.331875,2,0,0.015709,14.347584
2126,1070.866667,14.473750,2,0,0.019708,14.493458
2127,1070.900000,14.805666,2,0,0.017750,14.823416
2128,1070.933333,15.122667,2,0,0.019916,15.142583
2129,1070.966667,14.452958,2,0,0.018417,14.471375
2130,1071.000000,14.216084,2,0,0.022083,14.238167
2131,1071.033333,14.329667,2,0,0.018708,14.348375
2132,1071.066667,13.861750,2,0,0.018625,13.880375
2133,1071.100000,14.378125,2,0,0.020083,14.398208
2134,1071.133333,14.439875,2,0,0.018417,14.458292
2135,1071.166667,14.626916,2,0,0.017834,14.644750
2136,1071.200000,14.338958,2,0,0.019125,14.358083
2137,1071.233333,14.210291,2,0,0.021500,14.231791
2138,1071.266667,13.893833,2,0,0.020667,13.914500
2139,1071.300000,14.274916,2,0,0.018375,14.293291
2140,1071.333333,13.637667,2,0,0.019792,13.657459
2141,1071.366667,13.679417,2,0,0.020125,13.699542
2142,1071.400000,13.724459,2,0,0.017833,13.742292
2143,1071.433333,13.853125,2,0,0.017125,13.870250
2144,1071.466667,13.887875,2,0,0.019000,13.906875
2145,1071.500000,13.432166,2,0,0.017584,13.449750
2146,1071.533333,13.283166,2,0,0.015542,13.298708
2147,1071.566667,12.956291,2,0,0.010500,12.966791
2148,1071.600000,11.635709,2,0,0.011291,11.647000
2149,1071.633333,12.020167,2,0,0.021541,12.041708
2150,1071.666667,14.848916,2,0,0.029334,14.878250
2151,1071.700000,15.283500,2,0,0.015375,15.298875
2152,1071.733333,16.580958,2,0,0.020209,16.601167
2153,1071.766667,16.416792,2,0,0.020166,16.436958
2154,1071.800000,15.022625,2,0,0.015375,15.038000
2155,1071.833333,16.287000,2,0,0.020084,16.307084
2156,1071.866667,15.943917,2,0,0.016625,15.960542
2157,1071.900000,15.911250,2,0,0.015208,15.926458
2158,1071.933333,16.021375,2,0,0.019792,16.041167
2159,1071.966667,15.654042,2,0,0.016625,15.670667
2160,1072.000000,16.326583,2,0,0.020125,16.346708
2161,1072.033333,16.041375,2,0,0.013834,16.055209
2162,1072.066667,15.648459,2,0,0.027583,15.676042
2163,1072.100000,16.210083,2,0,0.018709,16.228792
2164,1072.133333,15.337791,2,0,0.015000,15.352791
2165,1072.166667,14.689292,2,0,0.008167,14.697459
2166,1072.200000,14.237792,2,0,0.009292,14.247084
2167,1072.233333,13.882667,2,0,0.030167,13.912834
2168,1072.266667,13.996500,2,0,0.012875,14.009375
2169,1072.300000,15.216417,2,0,0.018583,15.235000
2170,1072.333333,15.645583,2,0,0.019417,15.665000
2171,1072.366667,14.674083,2,0,0.020417,14.694500
2172,1072.400000,14.939917,2,0,0.019708,14.959625
2173,1072.433333,17.221333,2,0,0.018000,17.239333
2174,1072.466667,14.332500,2,0,0.018500,14.351000
2175,1072.500000,14.391625,2,0,0.020042,14.411667
2176,1072.533333,14.734667,2,0,0.015291,14.749958
2177,1072.566667,14.046500,2,0,0.020083,14.066583
2178,1072.600000,12.418125,2,0,0.005708,12.423833
2179,1072.633333,12.305000,2,0,0.009584,12.314584
2180,1072.666667,12.528875,2,0,0.007541,12.536416
2181,1072.700000,13.126333,2,0,0.007292,13.133625
2182,1072.733333,13.938250,2,0,0.009084,13.947334
2183,1072.766667,13.737125,2,0,0.008291,13.745416
2184,1072.800000,14.430167,2,0,0.017750,14.447917
2185,1072.833333,14.037458,2,0,0.009083,14.046541
2186,1072.866667,14.182041,2,0,0.009750,14.191791
2187,1072.900000,14.051167,2,0,0.008500,14.059667
2188,1072.933333,13.694708,2,0,0.008917,13.703625
2189,1072.966667,13.427459,2,0,0.008750,13.436209
2190,1073.000000,13.876375,2,0,0.009917,13.886292
2191,1073.033333,15.053416,2,0,0.009125,15.062541
2192,1073.066667,17.065959,2,0,0.018708,17.084667
2193,1073.100000,16.129000,2,0,0.018125,16.147125
2194,1073.133333,16.486625,2,0,0.012208,16.498833
2195,1073.166667,16.122959,2,0,0.007916,16.130875
2196,1073.200000,16.167541,2,0,0.008584,16.176125
2197,1073.233333,15.861375,2,0,0.008625,15.870000
2198,1073.266667,15.228209,2,0,0.017708,15.245917
2199,1073.300000,15.619334,2,0,0.016041,15.635375
2200,1073.333333,15.796625,2,0,0.018291,15.814916
2201,1073.366667,15.273875,2,0,0.014292,15.288167
2202,1073.400000,15.259958,2,0,0.011084,15.271042
2203,1073.433333,15.897625,2,0,0.009167,15.906792
2204,1073.466667,14.855833,2,0,0.014208,14.870041
2205,1073.500000,13.037584,2,0,0.004458,13.042042
2206,1073.533333,12.577500,2,0,0.005500,12.583000
2207,1073.566667,13.303125,2,0,0.010291,13.313416
2208,1073.600000,14.112375,2,0,0.006750,14.119125
2209,1073.633333,13.707000,2,0,0.006667,13.713667
2210,1073.666667,13.221750,2,0,0.007875,13.229625
2211,1073.700000,13.477209,2,0,0.007125,13.484334
2212,1073.733333,13.400583,2,0,0.010500,13.411083
2213,1073.766667,12.373250,2,0,0.004541,12.377791
2214,1073.800000,12.230333,2,0,0.015542,12.245875
2215,1073.833333,11.501875,2,0,0.005583,11.507458
2216,1073.866667,11.955167,2,0,0.007292,11.962459
2217,1073.900000,14.421292,2,0,0.010250,14.431542
2218,1073.933333,12.243000,2,0,0.009250,12.252250
2219,1073.966667,13.482750,2,0,0.008792,13.491542
2220,1074.000000,11.627125,2,0,0.007250,11.634375
2221,1074.033333,11.689000,2,0,0.007750,11.696750
2222,1074.066667,11.395667,2,0,0.003500,11.399167
2223,1074.100000,11.020500,2,0,0.007291,11.027791
2224,1074.133333,13.460084,2,0,0.006500,13.466584
2225,1074.166667,12.037417,2,0,0.007958,12.045375
2226,1074.200000,14.896875,2,0,0.005375,14.902250
2227,1074.233333,14.499042,2,0,0.008375,14.507417
2228,1074.266667,14.580042,2,0,0.009750,14.589792
2229,1074.300000,14.375375,2,0,0.004875,14.380250
2230,1074.333333,14.626625,2,0,0.004166,14.630791
2231,1074.366667,14.510750,2,0,0.008541,14.519291
2232,1074.400000,13.983333,2,0,0.003709,13.987042
2233,1074.433333,13.550041,2,0,0.007334,13.557375
2234,1074.466667,13.524708,2,0,0.008333,13.533041
2235,1074.500000,13.257166,2,0,0.003709,13.260875
2236,1074.533333,13.326958,2,0,0.006750,13.333708
2237,1074.566667,13.795167,2,0,0.005791,13.800958
2238,1074.600000,14.294417,2,0,0.008583,14.303000
2239,1074.633333,13.586333,2,0,0.010834,13.597167
2240,1074.666667,13.082208,2,0,0.008500,13.090708
2241,1074.700000,13.268500,2,0,0.008250,13.276750
2242,1074.733333,12.408958,2,0,0.007417,12.416375
2243,1074.766667,12.462083,2,0,0.006209,12.468292
2244,1074.800000,12.797916,2,0,0.010667,12.808583
2245,1074.833333,12.472792,2,0,0.007125,12.479917
2246,1074.866667,12.211209,2,0,0.007583,12.218792
2247,1074.900000,12.286792,2,0,0.004375,12.291167
2248,1074.933333,12.041458,2,0,0.008042,12.049500
2249,1074.966667,11.781791,2,0,0.006042,11.787833
2250,1075.000000,12.057042,2,0,0.006875,12.063917
2251,1075.033333,11.999375,2,0,0.009291,12.008666
2252,1075.066667,12.010792,2,0,0.006416,12.017208
2253,1075.100000,12.359125,2,0,0.007791,12.366916
2254,1075.133333,13.927041,2,0,0.004667,13.931708
2255,1075.166667,12.071709,2,0,0.003750,12.075459
2256,1075.200000,11.874958,2,0,0.008375,11.883333
2257,1075.233333,12.456875,2,0,0.003917,12.460792
2258,1075.266667,11.656708,2,0,0.007042,11.663750
2259,1075.300000,11.379917,2,0,0.006000,11.385917
2260,1075.333333,11.548208,2,0,0.007084,11.555292
2261,1075.366667,11.544208,2,0,0.011917,11.556125
2262,1075.400000,11.166500,2,0,0.005959,11.172459
2263,1075.433333,11.004208,2,0,0.011167,11.015375
2264,1075.466667,11.015625,2,0,0.008083,11.023708
2265,1075.500000,11.005958,2,0,0.007750,11.013708
2266,1075.533333,10.946125,2,0,0.007500,10.953625
2267,1075.566667,12.469833,2,0,0.008042,12.477875
2268,1075.600000,15.290542,2,0,0.005875,15.296417
2269,1075.633333,15.324542,2,0,0.009375,15.333917
2270,1075.666667,14.345459,2,0,0.008375,14.353834
2271,1075.700000,14.353625,2,0,0.008875,14.362500
2272,1075.733333,15.099208,2,0,0.005667,15.104875
2273,1075.766667,14.309750,2,0,0.006000,14.315750
2274,1075.800000,16.002709,2,0,0.007333,16.010042
2275,1075.833333,14.330958,2,0,0.008792,14.339750
2276,1075.866667,14.061000,2,0,0.011291,14.072291
2277,1075.900000,14.939208,2,0,0.007667,14.946875
2278,1075.933333,14.972500,2,0,0.008292,14.980792
2279,1075.966667,14.215959,2,0,0.008166,14.224125
2280,1076.000000,14.060833,2,0,0.005709,14.066542
2281,1076.033333,15.321917,2,0,0.010916,15.332833
2282,1076.066667,14.709500,2,0,0.008541,14.718041
2283,1076.100000,13.931625,2,0,0.008084,13.939709
2284,1076.133333,13.925958,2,0,0.008917,13.934875
2285,1076.166667,13.490917,2,0,0.007208,13.498125
2286,1076.200000,13.691667,2,0,0.006917,13.698584
2287,1076.233333,14.056958,2,0,0.007625,14.064583
2288,1076.266667,13.557625,2,0,0.009417,13.567042
2289,1076.300000,13.590375,2,0,0.007416,13.597791
2290,1076.333333,13.244208,2,0,0.007958,13.252166
2291,1076.366667,13.632167,2,0,0.007208,13.639375
2292,1076.400000,13.090875,2,0,0.007083,13.097958
2293,1076.433333,12.879291,2,0,0.007209,12.886500
2294,1076.466667,12.793292,2,0,0.006333,12.799625
2295,1076.500000,12.926542,2,0,0.006792,12.933334
2296,1076.533333,13.008125,2,0,0.005958,13.014083
2297,1076.566667,12.662333,2,0,0.006458,12.668791
2298,1076.600000,13.567916,2,0,0.005834,13.573750
2299,1076.633333,13.412750,2,0,0.007584,13.420334
2300,1076.666667,13.336917,2,0,0.006416,13.343333
2301,1076.700000,12.600125,2,0,0.009291,12.609416
2302,1076.733333,12.297333,2,0,0.008209,12.305542
2303,1076.766667,12.017542,2,0,0.007833,12.025375
2304,1076.800000,12.557667,2,0,0.006625,12.564292
2305,1076.833333,12.558750,2,0,0.052625,12.611375
2306,1076.866667,11.944958,2,0,0.006083,11.951041
2307,1076.900000,12.092084,2,0,0.006208,12.098292
2308,1076.933333,12.075375,2,0,0.008417,12.083792
2309,1076.966667,12.092583,2,0,0.007958,12.100541
2310,1077.000000,12.128041,2,0,0.007125,12.135166
2311,1077.033333,11.999334,2,0,0.024291,12.023625
2312,1077.066667,11.715417,2,0,0.007125,11.722542
2313,1077.100000,11.739084,2,0,0.007583,11.746667
2314,1077.133333,11.874208,2,0,0.005167,11.879375
2315,1077.166667,11.549000,2,0,0.008000,11.557000
2316,1077.200000,12.513875,2,0,0.005083,12.518958
2317,1077.233333,11.716709,2,0,0.008625,11.725334
2318,1077.266667,12.027667,2,0,0.010583,12.038250
2319,1077.300000,11.633250,2,0,0.007833,11.641083
2320,1077.333333,11.459958,2,0,0.006458,11.466416
2321,1077.366667,11.471958,2,0,0.007500,11.479458
2322,1077.400000,11.769375,2,0,0.005834,11.775209
2323,1077.433333,11.450042,2,0,0.003666,11.453708
2324,1077.466667,11.468667,2,0,0.007625,11.476292
2325,1077.500000,12.719792,2,0,0.010750,12.730542
2326,1077.533333,11.502541,2,0,0.007459,11.510000
2327,1077.566667,11.474417,2,0,0.005125,11.479542
2328,1077.600000,15.217958,2,0,0.013834,15.231792
2329,1077.633333,12.231416,2,0,0.005084,12.236500
2330,1077.666667,11.708417,2,0,0.008667,11.717084
2331,1077.700000,11.336625,2,0,0.010500,11.347125
2332,1077.733333,11.364750,2,0,0.009125,11.373875
2333,1077.766667,11.400125,2,0,0.009542,11.409667
2334,1077.800000,12.487125,2,0,0.020916,12.508041
2335,1077.833333,16.195792,2,0,0.008958,16.204750
2336,1077.866667,15.712083,2,0,0.006375,15.718458
2337,1077.900000,15.016167,2,0,0.008083,15.024250
2338,1077.933333,14.815041,2,0,0.006334,14.821375
2339,1077.966667,14.980834,2,0,0.005958,14.986792
2340,1078.000000,15.497416,2,0,0.007917,15.505333
2341,1078.033333,15.465250,2,0,0.006375,15.471625
2342,1078.066667,14.782917,2,0,0.006875,14.789792
2343,1078.100000,14.739375,2,0,0.006459,14.745834
2344,1078.133333,14.499083,2,0,0.008709,14.507792
2345,1078.166667,13.944125,2,0,0.005416,13.949541
2346,1078.200000,14.586750,2,0,0.009125,14.595875
2347,1078.233333,14.869333,2,0,0.008583,14.877916
2348,1078.266667,14.638875,2,0,0.004833,14.643708
2349,1078.300000,15.096042,2,0,0.008625,15.104667
2350,1078.333333,14.392375,2,0,0.007167,14.399542
2351,1078.366667,14.565875,2,0,0.010458,14.576333
2352,1078.400000,14.420167,2,0,0.008375,14.428542
2353,1078.433333,13.925208,2,0,0.019958,13.945166
2354,1078.466667,14.334500,2,0,0.008000,14.342500
2355,1078.500000,14.349625,2,0,0.015375,14.365000
2356,1078.533333,14.089000,2,0,0.005041,14.094041
2357,1078.566667,14.208667,2,0,0.005500,14.214167
2358,1078.600000,15.016792,2,0,0.009291,15.026083
2359,1078.633333,15.275083,2,0,0.005500,15.280583
2360,1078.666667,14.993000,2,0,0.009000,15.002000
2361,1078.700000,15.088083,2,0,0.006750,15.094833
2362,1078.733333,14.038834,2,0,0.011333,14.050167
2363,1078.766667,13.925208,2,0,0.007375,13.932583
2364,1078.800000,14.036416,2,0,0.009375,14.045791
2365,1078.833333,14.375250,2,0,0.010209,14.385459
2366,1078.866667,13.888708,2,0,0.011542,13.900250
2367,1078.900000,14.370375,2,0,0.011667,14.382042
2368,1078.933333,14.694000,2,0,0.005208,14.699208
2369,1078.966667,14.509166,2,0,0.006375,14.515541
2370,1079.000000,13.620792,2,0,0.005416,13.626208
2371,1079.033333,13.867875,2,0,0.004709,13.872584
2372,1079.066667,13.441083,2,0,0.010125,13.451208
2373,1079.100000,13.188792,2,0,0.006500,13.195292
2374,1079.133333,13.813834,2,0,0.006291,13.820125
2375,1079.166667,14.240042,2,0,0.006583,14.246625
2376,1079.200000,14.782958,2,0,0.006417,14.789375
2377,1079.233333,13.298083,2,0,0.009959,13.308042
2378,1079.266667,13.634959,2,0,0.008250,13.643209
2379,1079.300000,13.404000,2,0,0.009292,13.413292
2380,1079.333333,13.303833,2,0,0.008209,13.312042
2381,1079.366667,12.879084,2,0,0.007833,12.886917
2382,1079.400000,13.438250,2,0,0.008750,13.447000
2383,1079.433333,14.524875,2,0,0.009041,14.533916
2384,1079.466667,13.238084,2,0,0.006375,13.244459
2385,1079.500000,13.027792,2,0,0.005500,13.033292
2386,1079.533333,12.976791,2,0,0.008042,12.984833
2387,1079.566667,13.680125,2,0,0.008500,13.688625
2388,1079.600000,13.492667,2,0,0.006667,13.499334
2389,1079.633333,12.889541,2,0,0.008500,12.898041
2390,1079.666667,14.006417,2,0,0.007292,14.013709
2391,1079.700000,13.774708,2,0,0.009417,13.784125
2392,1079.733333,13.044709,2,0,0.008666,13.053375
2393,1079.766667,13.328542,2,0,0.006708,13.335250
2394,1079.800000,12.738500,2,0,0.009333,12.747833
2395,1079.833333,13.193792,2,0,0.005917,13.199709
2396,1079.866667,12.696209,2,0,0.007500,12.703709
2397,1079.900000,16.136375,2,0,0.009500,16.145875
2398,1079.933333,13.051750,2,0,0.006666,13.058416
2399,1079.966667,13.365791,2,0,0.009167,13.374958
2400,1080.000000,12.813583,2,0,0.004292,12.817875
2401,1080.033333,12.612041,2,0,0.008709,12.620750
2402,1080.066667,12.175708,2,0,0.009708,12.185416
2403,1080.100000,12.962375,2,0,0.006917,12.969292
2404,1080.133333,12.639542,2,0,0.005375,12.644917
2405,1080.166667,12.136834,2,0,0.008458,12.145292
2406,1080.200000,12.407125,2,0,0.008833,12.415958
2407,1080.233333,12.350541,2,0,0.014125,12.364666
2408,1080.266667,12.464709,2,0,0.008541,12.473250
2409,1080.300000,12.835459,2,0,0.010375,12.845834
2410,1080.333333,13.704916,2,0,0.005834,13.710750
2411,1080.366667,12.513500,2,0,0.008792,12.522292
2412,1080.400000,12.934667,2,0,0.006958,12.941625
2413,1080.433333,12.451041,2,0,0.007834,12.458875
2414,1080.466667,13.835042,2,0,0.004625,13.839667
2415,1080.500000,12.269541,2,0,0.009750,12.279291
2416,1080.533333,12.071416,2,0,0.009042,12.080458
2417,1080.566667,12.414625,2,0,0.016334,12.430959
2418,1080.600000,12.257833,2,0,0.008292,12.266125
2419,1080.633333,13.409000,2,0,0.011583,13.420583
2420,1080.666667,12.462541,2,0,0.008750,12.471291
2421,1080.700000,12.339916,2,0,0.009375,12.349291
2422,1080.733333,12.211292,2,0,0.012833,12.224125
2423,1080.766667,12.717042,2,0,0.004708,12.721750
2424,1080.800000,12.197583,2,0,0.005833,12.203416
2425,1080.833333,12.624958,2,0,0.012917,12.637875
2426,1080.866667,12.105375,2,0,0.007250,12.112625
2427,1080.900000,12.239375,2,0,0.007625,12.247000
2428,1080.933333,11.926500,2,0,0.006000,11.932500
2429,1080.966667,12.165125,2,0,0.013709,12.178834
2430,1081.000000,11.949625,2,0,0.006292,11.955917
2431,1081.033333,12.410375,2,0,0.009333,12.419708
2432,1081.066667,13.316500,2,0,0.005083,13.321583
2433,1081.100000,12.083750,2,0,0.008584,12.092334
2434,1081.133333,14.092333,2,0,0.009209,14.101542
2435,1081.166667,15.837708,2,0,0.008375,15.846083
2436,1081.200000,16.205667,2,0,0.009958,16.215625
2437,1081.233333,14.747584,2,0,0.013000,14.760584
2438,1081.266667,14.957625,2,0,0.027583,14.985208
2439,1081.300000,14.931500,2,0,0.009541,14.941041
2440,1081.333333,15.010042,2,0,0.006000,15.016042
2441,1081.366667,14.552708,2,0,0.007667,14.560375
2442,1081.400000,15.224667,2,0,0.005500,15.230167
2443,1081.433333,14.708875,2,0,0.008666,14.717541
2444,1081.466667,14.646833,2,0,0.007000,14.653833
2445,1081.500000,14.354292,2,0,0.008125,14.362417
2446,1081.533333,14.734375,2,0,0.009000,14.743375
2447,1081.566667,15.845791,2,0,0.017959,15.863750
2448,1081.600000,14.718791,2,0,0.008167,14.726958
2449,1081.633333,14.618083,2,0,0.005625,14.623708
2450,1081.666667,14.716458,2,0,0.009209,14.725667
2451,1081.700000,15.021375,2,0,0.008000,15.029375
2452,1081.733333,14.120750,2,0,0.008500,14.129250
2453,1081.766667,14.212125,2,0,0.006875,14.219000
2454,1081.800000,14.573375,2,0,0.006000,14.579375
2455,1081.833333,14.092500,2,0,0.008250,14.100750
2456,1081.866667,14.781875,2,0,0.011000,14.792875
2457,1081.900000,13.871166,2,0,0.006750,13.877916
2458,1081.933333,13.635125,2,0,0.006334,13.641459
2459,1081.966667,15.290709,2,0,0.009000,15.299709
2460,1082.000000,13.408083,2,0,0.009958,13.418041
2461,1082.033333,13.227792,2,0,0.004666,13.232458
2462,1082.066667,14.403167,2,0,0.007875,14.411042
2463,1082.100000,13.124000,2,0,0.007333,13.131333
2464,1082.133333,14.126375,2,0,0.006834,14.133209
2465,1082.166667,12.903792,2,0,0.006458,12.910250
2466,1082.200000,13.566459,2,0,0.008083,13.574542
2467,1082.233333,12.901083,2,0,0.009458,12.910541
2468,1082.266667,12.722500,2,0,0.015583,12.738083
2469,1082.300000,12.785209,2,0,0.010416,12.795625
2470,1082.333333,12.360709,2,0,0.009750,12.370459
2471,1082.366667,12.288584,2,0,0.008541,12.297125
2472,1082.400000,13.385583,2,0,0.009500,13.395083
2473,1082.433333,12.147500,2,0,0.010833,12.158333
2474,1082.466667,12.346458,2,0,0.004792,12.351250
2475,1082.500000,12.214584,2,0,0.005875,12.220459
2476,1082.533333,12.426459,2,0,0.008125,12.434584
2477,1082.566667,13.314625,2,0,0.008500,13.323125
2478,1082.600000,12.039042,2,0,0.008083,12.047125
2479,1082.633333,12.295208,2,0,0.008917,12.304125
2480,1082.666667,12.587000,2,0,0.009083,12.596083
2481,1082.700000,12.531333,2,0,0.006333,12.537666
2482,1082.733333,12.267042,2,0,0.007791,12.274833
2483,1082.766667,12.056708,2,0,0.006542,12.063250
2484,1082.800000,12.149959,2,0,0.007416,12.157375
2485,1082.833333,11.853250,2,0,0.007625,11.860875
2486,1082.866667,12.346750,2,0,0.007708,12.354458
2487,1082.900000,16.352708,2,0,0.007292,16.360000
2488,1082.933333,15.008334,2,0,0.008041,15.016375
2489,1082.966667,16.264541,2,0,0.008584,16.273125
2490,1083.000000,15.597375,2,0,0.006125,15.603500
2491,1083.033333,16.375584,2,0,0.012041,16.387625
2492,1083.066667,16.421083,2,0,0.009792,16.430875
2493,1083.100000,15.528834,2,0,0.005333,15.534167
2494,1083.133333,16.379166,2,0,0.008375,16.387541
2495,1083.166667,15.269375,2,0,0.006041,15.275416
2496,1083.200000,15.397584,2,0,0.009833,15.407417
2497,1083.233333,14.814333,2,0,0.018750,14.833083
2498,1083.266667,14.688042,2,0,0.008250,14.696292
2499,1083.300000,14.815917,2,0,0.007000,14.822917
2500,1083.333333,14.931709,2,0,0.008875,14.940584
2501,1083.366667,14.268250,2,0,0.008500,14.276750
2502,1083.400000,14.420834,2,0,0.007625,14.428459
2503,1083.433333,14.659333,2,0,0.011000,14.670333
2504,1083.466667,13.833167,2,0,0.004333,13.837500
2505,1083.500000,14.145458,2,0,0.008875,14.154333
2506,1083.533333,14.064000,2,0,0.007167,14.071167
2507,1083.566667,14.566666,2,0,0.009917,14.576583
2508,1083.600000,15.086541,2,0,0.010709,15.097250
2509,1083.633333,13.565750,2,0,0.008541,13.574291
2510,1083.666667,14.029958,2,0,0.005959,14.035917
2511,1083.700000,13.124334,2,0,0.008625,13.132959
2512,1083.733333,13.490375,2,0,0.009750,13.500125
2513,1083.766667,13.219792,2,0,0.005500,13.225292
2514,1083.800000,13.809083,2,0,0.011125,13.820208
2515,1083.833333,13.678083,2,0,0.006625,13.684708
2516,1083.866667,13.828375,2,0,0.008375,13.836750
2517,1083.900000,13.891000,2,0,0.007667,13.898667
2518,1083.933333,14.125584,2,0,0.004333,14.129917
2519,1083.966667,12.934958,2,0,0.009167,12.944125
2520,1084.000000,12.719250,2,0,0.005250,12.724500
2521,1084.033333,13.755333,2,0,0.040042,13.795375
2522,1084.066667,13.012292,2,0,0.012708,13.025000
2523,1084.100000,13.256125,2,0,0.011708,13.267833
2524,1084.133333,13.277792,2,0,0.008625,13.286417
2525,1084.166667,12.290250,2,0,0.006583,12.296833
2526,1084.200000,12.283625,2,0,0.005500,12.289125
2527,1084.233333,11.427542,2,0,0.009208,11.436750
2528,1084.266667,11.818250,2,0,0.011542,11.829792
2529,1084.300000,11.253292,2,0,0.004833,11.258125
2530,1084.333333,12.272291,2,0,0.006792,12.279083
2531,1084.366667,14.884041,2,0,0.008667,14.892708
2532,1084.400000,15.702083,2,0,0.008792,15.710875
2533,1084.433333,14.850917,2,0,0.007458,14.858375
2534,1084.466667,15.074125,2,0,0.009750,15.083875
2535,1084.500000,15.795208,2,0,0.008667,15.803875
2536,1084.533333,16.669958,2,0,0.020209,16.690167
2537,1084.566667,16.041792,2,0,0.019458,16.061250
2538,1084.600000,16.075666,2,0,0.009459,16.085125
2539,1084.633333,16.020250,2,0,0.018708,16.038958
2540,1084.666667,14.230584,2,0,0.044416,14.275000
2541,1084.700000,13.176708,2,0,0.006792,13.183500
2542,1084.733333,12.861666,2,0,0.005959,12.867625
2543,1084.766667,12.811583,2,0,0.046917,12.858500
2544,1084.800000,13.825833,2,0,0.009834,13.835667
2545,1084.833333,13.412583,2,0,0.015542,13.428125
2546,1084.866667,13.427291,2,0,0.016709,13.444000
2547,1084.900000,14.016959,2,0,0.009333,14.026292
2548,1084.933333,13.844833,2,0,0.007292,13.852125
2549,1084.966667,13.853667,2,0,0.009958,13.863625
2550,1085.000000,13.141708,2,0,0.010250,13.151958
2551,1085.033333,13.048125,2,0,0.016459,13.064584
2552,1085.066667,13.069875,2,0,0.012667,13.082542
2553,1085.100000,12.765583,2,0,0.010333,12.775916
2554,1085.133333,12.960125,2,0,0.021667,12.981792
2555,1085.166667,12.857250,2,0,0.018667,12.875917
2556,1085.200000,13.614667,2,0,0.025042,13.639709
2557,1085.233333,17.424041,2,0,0.024209,17.448250
2558,1085.266667,15.253750,2,0,0.008000,15.261750
2559,1085.300000,16.222125,2,0,0.016667,16.238792
2560,1085.333333,16.018917,2,0,0.017208,16.036125
2561,1085.366667,15.686125,2,0,0.007958,15.694083
2562,1085.400000,15.924000,2,0,0.007708,15.931708
2563,1085.433333,16.082834,2,0,0.016916,16.099750
2564,1085.466667,15.230375,2,0,0.008916,15.239291
2565,1085.500000,15.356625,2,0,0.017125,15.373750
2566,1085.533333,15.236500,2,0,0.008750,15.245250
2567,1085.566667,15.427292,2,0,0.016917,15.444209
2568,1085.600000,15.118083,2,0,0.008709,15.126792
2569,1085.633333,15.382625,2,0,0.008875,15.391500
2570,1085.666667,14.460500,2,0,0.033292,14.493792
2571,1085.700000,13.025166,2,0,0.008042,13.033208
2572,1085.733333,12.818583,2,0,0.007292,12.825875
2573,1085.766667,13.560375,2,0,0.021791,13.582166
2574,1085.800000,12.222417,2,0,0.009500,12.231917
2575,1085.833333,12.461000,2,0,0.015541,12.476541
2576,1085.866667,12.960000,2,0,0.013208,12.973208
2577,1085.900000,13.366708,2,0,0.017125,13.383833
2578,1085.933333,14.222500,2,0,0.008000,14.230500
2579,1085.966667,13.486792,2,0,0.017583,13.504375
2580,1086.000000,13.819958,2,0,0.009875,13.829833
2581,1086.033333,13.083333,2,0,0.006125,13.089458
2582,1086.066667,13.553542,2,0,0.018542,13.572084
2583,1086.100000,13.265958,2,0,0.016667,13.282625
2584,1086.133333,13.991708,2,0,0.022833,14.014541
2585,1086.166667,16.010417,2,0,0.016792,16.027209
2586,1086.200000,15.616292,2,0,0.020291,15.636583
2587,1086.233333,14.627083,2,0,0.013708,14.640791
2588,1086.266667,15.047958,2,0,0.012917,15.060875
2589,1086.300000,14.827625,2,0,0.015458,14.843083
2590,1086.333333,14.885000,2,0,0.008916,14.893916
2591,1086.366667,15.245584,2,0,0.007958,15.253542
2592,1086.400000,14.375750,2,0,0.012584,14.388334
2593,1086.433333,14.571958,2,0,0.009709,14.581667
2594,1086.466667,13.718708,2,0,0.029625,13.748333
2595,1086.500000,13.879125,2,0,0.015083,13.894208
2596,1086.533333,14.170625,2,0,0.029917,14.200542
2597,1086.566667,14.540750,2,0,0.008708,14.549458
2598,1086.600000,14.255625,2,0,0.009542,14.265167
2599,1086.633333,13.727541,2,0,0.015375,13.742916
2600,1086.666667,14.373916,2,0,0.009167,14.383083
2601,1086.700000,12.537833,2,0,0.008042,12.545875
2602,1086.733333,12.007250,2,0,0.009708,12.016958
2603,1086.766667,12.618250,2,0,0.017209,12.635459
2604,1086.800000,12.496375,2,0,0.016292,12.512667
2605,1086.833333,13.155625,2,0,0.008250,13.163875
2606,1086.866667,13.817459,2,0,0.012291,13.829750
2607,1086.900000,13.008292,2,0,0.013375,13.021667
2608,1086.933333,13.108792,2,0,0.020542,13.129334
2609,1086.966667,13.843833,2,0,0.011625,13.855458
2610,1087.000000,13.535709,2,0,0.017291,13.553000
2611,1087.033333,13.288667,2,0,0.019583,13.308250
2612,1087.066667,13.787292,2,0,0.020125,13.807417
2613,1087.100000,13.387375,2,0,0.021042,13.408417
2614,1087.133333,13.709041,2,0,0.016334,13.725375
2615,1087.166667,13.839084,2,0,0.005875,13.844959
2616,1087.200000,11.992917,2,0,0.009167,12.002084
2617,1087.233333,11.960250,2,0,0.036084,11.996334
2618,1087.266667,12.882875,2,0,0.015042,12.897917
2619,1087.300000,13.068333,2,0,0.015292,13.083625
2620,1087.333333,13.033167,2,0,0.016458,13.049625
2621,1087.366667,12.876291,2,0,0.009834,12.886125
2622,1087.400000,13.051042,2,0,0.018708,13.069750
2623,1087.433333,13.034334,2,0,0.017291,13.051625
2624,1087.466667,13.235083,2,0,0.017209,13.252292
2625,1087.500000,13.753750,2,0,0.009042,13.762792
2626,1087.533333,16.335583,2,0,0.009833,16.345416
2627,1087.566667,16.563500,2,0,0.008750,16.572250
2628,1087.600000,15.934792,2,0,0.009791,15.944583
2629,1087.633333,16.477084,2,0,0.016416,16.493500
2630,1087.666667,16.147792,2,0,0.009916,16.157708
2631,1087.700000,14.197666,2,0,0.007834,14.205500
2632,1087.733333,13.840792,2,0,0.009042,13.849834
2633,1087.766667,13.747666,2,0,0.010875,13.758541
2634,1087.800000,14.081541,2,0,0.008292,14.089833
2635,1087.833333,14.164708,2,0,0.008833,14.173541
2636,1087.866667,15.146500,2,0,0.006000,15.152500
2637,1087.900000,15.651917,2,0,0.009708,15.661625
2638,1087.933333,14.890375,2,0,0.017209,14.907584
2639,1087.966667,15.044292,2,0,0.016041,15.060333
2640,1088.000000,15.244250,2,0,0.009584,15.253834
2641,1088.033333,15.721541,2,0,0.009167,15.730708
2642,1088.066667,15.185792,2,0,0.015958,15.201750
2643,1088.100000,15.233792,2,0,0.009458,15.243250
2644,1088.133333,15.084042,2,0,0.009292,15.093334
2645,1088.166667,15.030708,2,0,0.008458,15.039166
2646,1088.200000,14.526041,2,0,0.009875,14.535916
2647,1088.233333,15.099083,2,0,0.009792,15.108875
2648,1088.266667,15.072833,2,0,0.008750,15.081583
2649,1088.300000,15.098500,2,0,0.012000,15.110500
2650,1088.333333,15.389084,2,0,0.011958,15.401042
2651,1088.366667,14.849917,2,0,0.033458,14.883375
2652,1088.400000,14.806292,2,0,0.010333,14.816625
2653,1088.433333,14.995333,2,0,0.015458,15.010791
2654,1088.466667,14.268917,2,0,0.019125,14.288042
2655,1088.500000,14.664209,2,0,0.017666,14.681875
2656,1088.533333,14.601584,2,0,0.008416,14.610000
2657,1088.566667,14.730708,2,0,0.014542,14.745250
2658,1088.600000,14.610167,2,0,0.019291,14.629458
2659,1088.633333,14.118208,2,0,0.018000,14.136208
2660,1088.666667,14.475583,2,0,0.012584,14.488167
2661,1088.700000,13.089292,2,0,0.009625,13.098917
2662,1088.733333,12.040166,2,0,0.009334,12.049500
2663,1088.766667,11.860334,2,0,0.022791,11.883125
2664,1088.800000,13.278125,2,0,0.010875,13.289000
2665,1088.833333,12.996958,2,0,0.008375,13.005333
2666,1088.866667,13.268458,2,0,0.021125,13.289583
2667,1088.900000,14.276166,2,0,0.012084,14.288250
2668,1088.933333,13.884208,2,0,0.009375,13.893583
2669,1088.966667,14.279708,2,0,0.016417,14.296125
2670,1089.000000,13.967500,2,0,0.016000,13.983500
2671,1089.033333,12.845500,2,0,0.013541,12.859041
2672,1089.066667,13.346417,2,0,0.009500,13.355917
2673,1089.100000,13.575000,2,0,0.018416,13.593416
2674,1089.133333,13.519416,2,0,0.009084,13.528500
2675,1089.166667,13.727250,2,0,0.010125,13.737375
2676,1089.200000,13.215042,2,0,0.010000,13.225042
2677,1089.233333,13.603958,2,0,0.006250,13.610208
2678,1089.266667,13.616125,2,0,0.008542,13.624667
2679,1089.300000,14.246917,2,0,0.009916,14.256833
2680,1089.333333,16.860875,2,0,0.007917,16.868792
2681,1089.366667,15.856250,2,0,0.017958,15.874208
2682,1089.400000,15.996750,2,0,0.017750,16.014500
2683,1089.433333,15.889375,2,0,0.018167,15.907542
2684,1089.466667,16.132666,2,0,0.015792,16.148458
2685,1089.500000,16.019042,2,0,0.007500,16.026542
2686,1089.533333,16.071666,2,0,0.009000,16.080666
2687,1089.566667,15.536000,2,0,0.010541,15.546541
2688,1089.600000,15.400333,2,0,0.009458,15.409791
2689,1089.633333,15.121000,2,0,0.009292,15.130292
2690,1089.666667,15.255125,2,0,0.009208,15.264333
2691,1089.700000,14.618375,2,0,0.009250,14.627625
2692,1089.733333,13.062709,2,0,0.005375,13.068084
2693,1089.766667,13.961875,2,0,0.017292,13.979167
2694,1089.800000,14.254333,2,0,0.016167,14.270500
2695,1089.833333,14.609458,2,0,0.020250,14.629708
2696,1089.866667,14.484959,2,0,0.016250,14.501209
2697,1089.900000,15.193833,2,0,0.012750,15.206583
2698,1089.933333,15.079708,2,0,0.009917,15.089625
2699,1089.966667,14.931667,2,0,0.016375,14.948042
2700,1090.000000,14.732125,2,0,0.010625,14.742750
2701,1090.033333,14.411750,2,0,0.006625,14.418375
2702,1090.066667,14.209125,2,0,0.008916,14.218041
2703,1090.100000,14.675084,2,0,0.008916,14.684000
2704,1090.133333,14.929666,2,0,0.009209,14.938875
2705,1090.166667,14.275334,2,0,0.015750,14.291084
2706,1090.200000,14.891875,2,0,0.019125,14.911000
2707,1090.233333,14.700292,2,0,0.008958,14.709250
2708,1090.266667,13.803708,2,0,0.008417,13.812125
2709,1090.300000,14.736459,2,0,0.016916,14.753375
2710,1090.333333,14.180875,2,0,0.016625,14.197500
2711,1090.366667,14.520292,2,0,0.016792,14.537084
2712,1090.400000,14.235167,2,0,0.014750,14.249917
2713,1090.433333,14.508167,2,0,0.015000,14.523167
2714,1090.466667,14.494792,2,0,0.008083,14.502875
2715,1090.500000,14.612916,2,0,0.009417,14.622333
2716,1090.533333,14.262916,2,0,0.017834,14.280750
2717,1090.566667,14.699083,2,0,0.020042,14.719125
2718,1090.600000,14.703709,2,0,0.015250,14.718959
2719,1090.633333,14.495291,2,0,0.009959,14.505250
2720,1090.666667,14.142250,2,0,0.008875,14.151125
2721,1090.700000,13.965041,2,0,0.009167,13.974208
2722,1090.733333,12.546500,2,0,0.009833,12.556333
2723,1090.766667,11.632167,2,0,0.023333,11.655500
2724,1090.800000,12.349458,2,0,0.012042,12.361500
2725,1090.833333,13.267291,2,0,0.018542,13.285833
2726,1090.866667,13.826834,2,0,0.017000,13.843834
2727,1090.900000,13.870250,2,0,0.006875,13.877125
2728,1090.933333,13.608875,2,0,0.012667,13.621542
2729,1090.966667,13.617125,2,0,0.008708,13.625833
2730,1091.000000,13.307833,2,0,0.010542,13.318375
2731,1091.033333,13.709666,2,0,0.008709,13.718375
2732,1091.066667,13.939083,2,0,0.019000,13.958083
2733,1091.100000,13.731250,2,0,0.009833,13.741083
2734,1091.133333,17.142125,2,0,0.009542,17.151667
2735,1091.166667,14.485833,2,0,0.020333,14.506166
2736,1091.200000,14.314791,2,0,0.008084,14.322875
2737,1091.233333,15.272000,2,0,0.019250,15.291250
2738,1091.266667,15.296667,2,0,0.007667,15.304334
2739,1091.300000,15.199333,2,0,0.009458,15.208791
2740,1091.333333,15.217000,2,0,0.018500,15.235500
2741,1091.366667,15.332875,2,0,0.012625,15.345500
2742,1091.400000,15.143250,2,0,0.017542,15.160792
2743,1091.433333,14.798375,2,0,0.018541,14.816916
2744,1091.466667,14.891083,2,0,0.016458,14.907541
2745,1091.500000,15.007833,2,0,0.015833,15.023666
2746,1091.533333,15.268667,2,0,0.008083,15.276750
2747,1091.566667,15.157417,2,0,0.008583,15.166000
2748,1091.600000,15.563291,2,0,0.009459,15.572750
2749,1091.633333,15.506833,2,0,0.009417,15.516250
2750,1091.666667,15.052375,2,0,0.017750,15.070125
2751,1091.700000,15.088958,2,0,0.017875,15.106833
2752,1091.733333,13.293084,2,0,0.009750,13.302834
2753,1091.766667,12.638875,2,0,0.011125,12.650000
2754,1091.800000,13.267041,2,0,0.019792,13.286833
2755,1091.833333,13.721375,2,0,0.018666,13.740041
2756,1091.866667,13.426250,2,0,0.014750,13.441000
2757,1091.900000,13.665542,2,0,0.009375,13.674917
2758,1091.933333,13.860292,2,0,0.008417,13.868709
2759,1091.966667,13.599458,2,0,0.009875,13.609333
2760,1092.000000,14.238000,2,0,0.008958,14.246958
2761,1092.033333,14.797667,2,0,0.008667,14.806334
2762,1092.066667,14.776500,2,0,0.019667,14.796167
2763,1092.100000,14.425000,2,0,0.008875,14.433875
2764,1092.133333,15.000750,2,0,0.010292,15.011042
2765,1092.166667,14.321209,2,0,0.007583,14.328792
2766,1092.200000,13.698917,2,0,0.007708,13.706625
2767,1092.233333,13.622083,2,0,0.010875,13.632958
2768,1092.266667,14.147833,2,0,0.008958,14.156791
2769,1092.300000,14.450125,2,0,0.018334,14.468459
2770,1092.333333,14.205625,2,0,0.009417,14.215042
2771,1092.366667,14.322542,2,0,0.018916,14.341458
2772,1092.400000,13.759167,2,0,0.015792,13.774959
2773,1092.433333,14.731167,2,0,0.051208,14.782375
2774,1092.466667,15.132250,2,0,0.010250,15.142500
2775,1092.500000,15.584584,2,0,0.009083,15.593667
2776,1092.533333,15.806916,2,0,0.009084,15.816000
2777,1092.566667,14.907875,2,0,0.019042,14.926917
2778,1092.600000,14.930209,2,0,0.008000,14.938209
2779,1092.633333,15.141708,2,0,0.009292,15.151000
2780,1092.666667,15.103541,2,0,0.010042,15.113583
2781,1092.700000,15.222750,2,0,0.010375,15.233125
2782,1092.733333,13.793500,2,0,0.009708,13.803208
2783,1092.766667,12.891750,2,0,0.010083,12.901833
2784,1092.800000,13.404875,2,0,0.018709,13.423584
2785,1092.833333,14.100958,2,0,0.018375,14.119333
2786,1092.866667,14.788125,2,0,0.018625,14.806750
2787,1092.900000,14.449875,2,0,0.008459,14.458334
2788,1092.933333,14.688083,2,0,0.009917,14.698000
2789,1092.966667,14.624458,2,0,0.012167,14.636625
2790,1093.000000,14.647292,2,0,0.009083,14.656375
2791,1093.033333,14.361209,2,0,0.019625,14.380834
2792,1093.066667,14.439000,2,0,0.019667,14.458667
2793,1093.100000,14.113708,2,0,0.009959,14.123667
2794,1093.133333,14.456000,2,0,0.009750,14.465750
2795,1093.166667,14.365792,2,0,0.014166,14.379958
2796,1093.200000,14.032584,2,0,0.010666,14.043250
2797,1093.233333,14.291250,2,0,0.010958,14.302208
2798,1093.266667,14.284500,2,0,0.009958,14.294458
2799,1093.300000,14.438083,2,0,0.007083,14.445166
2800,1093.333333,14.223166,2,0,0.007417,14.230583
2801,1093.366667,14.302792,2,0,0.007833,14.310625
2802,1093.400000,16.050417,2,0,0.029125,16.079542
2803,1093.433333,15.636292,2,0,0.010375,15.646667
2804,1093.466667,15.893958,2,0,0.009125,15.903083
2805,1093.500000,15.066041,2,0,0.018584,15.084625
2806,1093.533333,15.511541,2,0,0.015084,15.526625
2807,1093.566667,15.702916,2,0,0.019625,15.722541
2808,1093.600000,15.477292,2,0,0.009750,15.487042
2809,1093.633333,15.816375,2,0,0.016375,15.832750
2810,1093.666667,15.374750,2,0,0.007917,15.382667
2811,1093.700000,15.243250,2,0,0.017375,15.260625
2812,1093.733333,13.621125,2,0,0.007542,13.628667
2813,1093.766667,13.008959,2,0,0.009791,13.018750
2814,1093.800000,12.857958,2,0,0.019334,12.877292
2815,1093.833333,14.104375,2,0,0.008292,14.112667
2816,1093.866667,14.266375,2,0,0.009708,14.276083
2817,1093.900000,14.322417,2,0,0.020417,14.342834
2818,1093.933333,14.339917,2,0,0.016125,14.356042
2819,1093.966667,13.927167,2,0,0.010041,13.937208
2820,1094.000000,14.037333,2,0,0.018292,14.055625
2821,1094.033333,14.247417,2,0,0.009125,14.256542
2822,1094.066667,13.575750,2,0,0.008542,13.584292
2823,1094.100000,14.247333,2,0,0.017917,14.265250
2824,1094.133333,14.020125,2,0,0.018833,14.038958
2825,1094.166667,14.486833,2,0,0.007209,14.494042
2826,1094.200000,16.194708,2,0,0.007292,16.202000
2827,1094.233333,16.068416,2,0,0.009125,16.077541
2828,1094.266667,15.899666,2,0,0.010417,15.910083
2829,1094.300000,15.953666,2,0,0.019834,15.973500
2830,1094.333333,15.543084,2,0,0.005458,15.548542
2831,1094.366667,15.267167,2,0,0.006583,15.273750
2832,1094.400000,15.223041,2,0,0.010084,15.233125
2833,1094.433333,14.978042,2,0,0.017000,14.995042
2834,1094.466667,15.085625,2,0,0.008917,15.094542
2835,1094.500000,14.738000,2,0,0.018917,14.756917
2836,1094.533333,14.993250,2,0,0.006542,14.999792
2837,1094.566667,15.434291,2,0,0.018750,15.453041
2838,1094.600000,14.818042,2,0,0.008958,14.827000
2839,1094.633333,14.588125,2,0,0.008375,14.596500
2840,1094.666667,14.420750,2,0,0.015375,14.436125
2841,1094.700000,14.574334,2,0,0.006791,14.581125
2842,1094.733333,13.486250,2,0,0.007542,13.493792
2843,1094.766667,12.711667,2,0,0.006666,12.718333
2844,1094.800000,11.923375,2,0,0.006958,11.930333
2845,1094.833333,12.730833,2,0,0.019292,12.750125
2846,1094.866667,13.349917,2,0,0.014083,13.364000
2847,1094.900000,13.357291,2,0,0.015750,13.373041
2848,1094.933333,14.957250,2,0,0.017208,14.974458
2849,1094.966667,16.120375,2,0,0.008416,16.128791
2850,1095.000000,15.403750,2,0,0.009916,15.413666
2851,1095.033333,15.917500,2,0,0.009917,15.927417
2852,1095.066667,16.306667,2,0,0.009125,16.315792
2853,1095.100000,15.542583,2,0,0.016875,15.559458
2854,1095.133333,15.366625,2,0,0.009208,15.375833
2855,1095.166667,16.951708,2,0,0.010292,16.962000
2856,1095.200000,14.587875,2,0,0.009250,14.597125
2857,1095.233333,14.987750,2,0,0.018709,15.006459
2858,1095.266667,14.768542,2,0,0.007666,14.776208
2859,1095.300000,15.042959,2,0,0.018500,15.061459
2860,1095.333333,14.534292,2,0,0.015250,14.549542
2861,1095.366667,15.208167,2,0,0.011000,15.219167
2862,1095.400000,16.253209,2,0,0.007625,16.260834
2863,1095.433333,13.519500,2,0,0.023917,13.543417
2864,1095.466667,14.431542,2,0,0.006125,14.437667
2865,1095.500000,14.542583,2,0,0.025333,14.567916
2866,1095.533333,14.648500,2,0,0.008250,14.656750
2867,1095.566667,14.846417,2,0,0.010083,14.856500
2868,1095.600000,14.948917,2,0,0.014458,14.963375
2869,1095.633333,14.337667,2,0,0.010583,14.348250
2870,1095.666667,14.269166,2,0,0.005584,14.274750
2871,1095.700000,14.797417,2,0,0.059500,14.856917
2872,1095.733333,14.577917,2,0,0.009083,14.587000
2873,1095.766667,13.184125,2,0,0.007250,13.191375
2874,1095.800000,12.594625,2,0,0.005917,12.600542
2875,1095.833333,12.185333,2,0,0.010459,12.195792
2876,1095.866667,11.977375,2,0,0.009875,11.987250
2877,1095.900000,13.023083,2,0,0.019000,13.042083
2878,1095.933333,14.195750,2,0,0.010375,14.206125
2879,1095.966667,15.715500,2,0,0.007250,15.722750
2880,1096.000000,16.385625,2,0,0.009416,16.395041
2881,1096.033333,15.983458,2,0,0.015792,15.999250
2882,1096.066667,15.844500,2,0,0.017625,15.862125
2883,1096.100000,16.043334,2,0,0.014625,16.057959
2884,1096.133333,15.944417,2,0,0.005916,15.950333
2885,1096.166667,16.147833,2,0,0.016667,16.164500
2886,1096.200000,15.731833,2,0,0.021583,15.753416
2887,1096.233333,15.971792,2,0,0.014833,15.986625
2888,1096.266667,15.702125,2,0,0.009083,15.711208
2889,1096.300000,15.775375,2,0,0.016959,15.792334
2890,1096.333333,15.610750,2,0,0.016042,15.626792
2891,1096.366667,15.681542,2,0,0.009208,15.690750
2892,1096.400000,15.853666,2,0,0.018209,15.871875
2893,1096.433333,15.469042,2,0,0.008708,15.477750
2894,1096.466667,15.403250,2,0,0.014375,15.417625
2895,1096.500000,15.467917,2,0,0.016583,15.484500
2896,1096.533333,14.647750,2,0,0.008500,14.656250
2897,1096.566667,15.464708,2,0,0.010417,15.475125
2898,1096.600000,14.981500,2,0,0.010416,14.991916
2899,1096.633333,15.558334,2,0,0.007666,15.566000
2900,1096.666667,15.531834,2,0,0.016875,15.548709
2901,1096.700000,15.247667,2,0,0.006750,15.254417
2902,1096.733333,15.504000,2,0,0.008166,15.512166
2903,1096.766667,13.411917,2,0,0.008083,13.420000
2904,1096.800000,13.217333,2,0,0.036500,13.253833
2905,1096.833333,12.927167,2,0,0.008500,12.935667
2906,1096.866667,12.923250,2,0,0.020625,12.943875
2907,1096.900000,13.702875,2,0,0.012834,13.715709
2908,1096.933333,13.934292,2,0,0.015500,13.949792
2909,1096.966667,14.269875,2,0,0.008250,14.278125
2910,1097.000000,14.890708,2,0,0.008792,14.899500
2911,1097.033333,14.901750,2,0,0.015417,14.917167
2912,1097.066667,14.589916,2,0,0.020250,14.610166
2913,1097.100000,14.732875,2,0,0.018083,14.750958
2914,1097.133333,14.921500,2,0,0.018167,14.939667
2915,1097.166667,14.370500,2,0,0.018792,14.389292
2916,1097.200000,13.611750,2,0,0.006000,13.617750
2917,1097.233333,13.601333,2,0,0.017917,13.619250
2918,1097.266667,13.670750,2,0,0.008583,13.679333
2919,1097.300000,14.183958,2,0,0.009542,14.193500
2920,1097.333333,14.825666,2,0,0.015459,14.841125
2921,1097.366667,17.660291,2,0,0.015834,17.676125
2922,1097.400000,17.217167,2,0,0.027958,17.245125
2923,1097.433333,16.807542,2,0,0.008833,16.816375
2924,1097.466667,16.128333,2,0,0.009292,16.137625
2925,1097.500000,16.937500,2,0,0.018083,16.955583
2926,1097.533333,16.055292,2,0,0.017458,16.072750
2927,1097.566667,16.769959,2,0,0.018000,16.787959
2928,1097.600000,16.347833,2,0,0.009875,16.357708
2929,1097.633333,16.070625,2,0,0.008459,16.079084
2930,1097.666667,15.744292,2,0,0.008625,15.752917
2931,1097.700000,15.967542,2,0,0.009250,15.976792
2932,1097.733333,15.800792,2,0,0.019041,15.819833
2933,1097.766667,14.528250,2,0,0.008666,14.536916
2934,1097.800000,13.873041,2,0,0.007375,13.880416
2935,1097.833333,13.302416,2,0,0.007834,13.310250
2936,1097.866667,14.685208,2,0,0.023709,14.708917
2937,1097.900000,14.982209,2,0,0.018791,15.001000
2938,1097.933333,14.433250,2,0,0.027958,14.461208
2939,1097.966667,14.684917,2,0,0.008625,14.693542
2940,1098.000000,14.917791,2,0,0.008167,14.925958
2941,1098.033333,15.010458,2,0,0.009917,15.020375
2942,1098.066667,15.276000,2,0,0.011083,15.287083
2943,1098.100000,14.978667,2,0,0.020083,14.998750
2944,1098.133333,14.563792,2,0,0.009583,14.573375
2945,1098.166667,15.481958,2,0,0.009667,15.491625
2946,1098.200000,15.390208,2,0,0.008792,15.399000
2947,1098.233333,14.891417,2,0,0.009583,14.901000
2948,1098.266667,14.629500,2,0,0.008709,14.638209
2949,1098.300000,14.673000,2,0,0.018166,14.691166
2950,1098.333333,14.792375,2,0,0.008625,14.801000
2951,1098.366667,13.969625,2,0,0.008791,13.978416
2952,1098.400000,14.800916,2,0,0.020042,14.820958
2953,1098.433333,14.473458,2,0,0.018417,14.491875
2954,1098.466667,13.796125,2,0,0.018917,13.815042
2955,1098.500000,14.247959,2,0,0.018041,14.266000
2956,1098.533333,15.040500,2,0,0.016833,15.057333
2957,1098.566667,14.305917,2,0,0.018333,14.324250
2958,1098.600000,14.541292,2,0,0.009125,14.550417
2959,1098.633333,13.817042,2,0,0.008083,13.825125
2960,1098.666667,13.847292,2,0,0.009583,13.856875
2961,1098.700000,14.050542,2,0,0.007750,14.058292
2962,1098.733333,17.905542,2,0,0.008042,17.913584
2963,1098.766667,16.096125,2,0,0.009250,16.105375
2964,1098.800000,14.841166,2,0,0.005625,14.846791
2965,1098.833333,14.459667,2,0,0.008250,14.467917
2966,1098.866667,14.202625,2,0,0.012125,14.214750
2967,1098.900000,14.968917,2,0,0.008833,14.977750
2968,1098.933333,15.191584,2,0,0.019083,15.210667
2969,1098.966667,15.567916,2,0,0.011084,15.579000
2970,1099.000000,15.077750,2,0,0.010042,15.087792
2971,1099.033333,14.936750,2,0,0.007959,14.944709
2972,1099.066667,15.569292,2,0,0.012458,15.581750
2973,1099.100000,15.254709,2,0,0.027916,15.282625
2974,1099.133333,14.755416,2,0,0.011125,14.766541
2975,1099.166667,14.725208,2,0,0.010417,14.735625
2976,1099.200000,15.472209,2,0,0.008500,15.480709
2977,1099.233333,15.097791,2,0,0.011959,15.109750
2978,1099.266667,12.976458,2,0,0.007750,12.984208
2979,1099.300000,12.538875,2,0,0.005958,12.544833
2980,1099.333333,12.742917,2,0,0.007500,12.750417
2981,1099.366667,13.022875,2,0,0.006000,13.028875
2982,1099.400000,12.661583,2,0,0.006584,12.668167
2983,1099.433333,13.362250,2,0,0.008167,13.370417
2984,1099.466667,12.487208,2,0,0.007542,12.494750
2985,1099.500000,13.190250,2,0,0.007500,13.197750
2986,1099.533333,13.266500,2,0,0.019250,13.285750
2987,1099.566667,12.289125,2,0,0.008417,12.297542
2988,1099.600000,12.222916,2,0,0.006000,12.228916
2989,1099.633333,12.404750,2,0,0.006084,12.410834
2990,1099.666667,12.390500,2,0,0.008542,12.399042
2991,1099.700000,11.946125,2,0,0.004584,11.950709
2992,1099.733333,11.919833,2,0,0.005500,11.925333
2993,1099.766667,12.211083,2,0,0.007292,12.218375
2994,1099.800000,12.480417,2,0,0.009708,12.490125
2995,1099.833333,12.570250,2,0,0.008208,12.578458
2996,1099.866667,12.292708,2,0,0.008792,12.301500
2997,1099.900000,11.836667,2,0,0.008000,11.844667
2998,1099.933333,12.184292,2,0,0.009916,12.194208
2999,1099.966667,11.640333,2,0,0.007500,11.647833
3000,1100.000000,11.292334,2,0,0.008083,11.300417
3001,1100.033333,11.213666,2,0,0.005375,11.219041
3002,1100.066667,12.384750,2,0,0.004958,12.389708
3003,1100.100000,11.493792,2,0,0.007250,11.501042
3004,1100.133333,11.410292,2,0,0.006458,11.416750
3005,1100.166667,10.876750,2,0,0.004583,10.881333
3006,1100.200000,11.211208,2,0,0.006209,11.217417
3007,1100.233333,10.994666,2,0,0.011084,11.005750
3008,1100.266667,10.532250,2,0,0.005292,10.537542
3009,1100.300000,12.245583,2,0,0.006667,12.252250
3010,1100.333333,14.488666,2,0,0.007000,14.495666
3011,1100.366667,14.719084,2,0,0.007083,14.726167
3012,1100.400000,14.735125,2,0,0.006666,14.741791
3013,1100.433333,16.586459,2,0,0.008916,16.595375
3014,1100.466667,14.987791,2,0,0.009500,14.997291
3015,1100.500000,14.777375,2,0,0.007292,14.784667
3016,1100.533333,14.629666,2,0,0.005209,14.634875
3017,1100.566667,14.565333,2,0,0.008792,14.574125
3018,1100.600000,14.430000,2,0,0.007584,14.437584
3019,1100.633333,13.912541,2,0,0.008417,13.920958
3020,1100.666667,14.768667,2,0,0.007666,14.776333
3021,1100.700000,13.332583,2,0,0.007000,13.339583
3022,1100.733333,14.138375,2,0,0.008125,14.146500
3023,1100.766667,13.947208,2,0,0.007833,13.955041
3024,1100.800000,15.091041,2,0,0.008417,15.099458
3025,1100.833333,14.883125,2,0,0.008791,14.891916
3026,1100.866667,14.266750,2,0,0.008333,14.275083
3027,1100.900000,13.967416,2,0,0.010000,13.977416
3028,1100.933333,13.215917,2,0,0.007958,13.223875
3029,1100.966667,13.314208,2,0,0.007292,13.321500
3030,1101.000000,13.143834,2,0,0.007833,13.151667
3031,1101.033333,13.421958,2,0,0.007084,13.429042
3032,1101.066667,13.260542,2,0,0.007666,13.268208
3033,1101.100000,13.003292,2,0,0.005166,13.008458
3034,1101.133333,13.069125,2,0,0.007000,13.076125
3035,1101.166667,12.892333,2,0,0.007834,12.900167
3036,1101.200000,12.916333,2,0,0.005167,12.921500
3037,1101.233333,13.266833,2,0,0.008792,13.275625
3038,1101.266667,13.146792,2,0,0.004292,13.151084
3039,1101.300000,12.906791,2,0,0.007375,12.914166
3040,1101.333333,12.006625,2,0,0.006083,12.012708
3041,1101.366667,12.644000,2,0,0.007375,12.651375
3042,1101.400000,12.249625,2,0,0.007250,12.256875
3043,1101.433333,12.460958,2,0,0.007084,12.468042
3044,1101.466667,12.474583,2,0,0.009125,12.483708
3045,1101.500000,12.247667,2,0,0.007875,12.255542
3046,1101.533333,12.477333,2,0,0.005875,12.483208
3047,1101.566667,11.739958,2,0,0.005042,11.745000
3048,1101.600000,12.235416,2,0,0.007917,12.243333
3049,1101.633333,12.370625,2,0,0.006542,12.377167
3050,1101.666667,11.604083,2,0,0.007042,11.611125
3051,1101.700000,12.102708,2,0,0.008875,12.111583
3052,1101.733333,11.806375,2,0,0.009916,11.816291
3053,1101.766667,11.821500,2,0,0.007667,11.829167
3054,1101.800000,12.912000,2,0,0.008583,12.920583
3055,1101.833333,11.915000,2,0,0.007209,11.922209
3056,1101.866667,12.190042,2,0,0.009417,12.199459
3057,1101.900000,12.224875,2,0,0.011917,12.236792
3058,1101.933333,12.133833,2,0,0.005167,12.139000
3059,1101.966667,11.850708,2,0,0.007000,11.857708
3060,1102.000000,11.107584,2,0,0.039333,11.146917
3061,1102.033333,12.381834,2,0,0.010208,12.392042
3062,1102.066667,11.732584,2,0,0.006166,11.738750
3063,1102.100000,11.965292,2,0,0.007792,11.973084
3064,1102.133333,14.828708,2,0,0.009750,14.838458
3065,1102.166667,14.195584,2,0,0.005375,14.200959
3066,1102.200000,15.188208,2,0,0.008833,15.197041
3067,1102.233333,15.431084,2,0,0.008500,15.439584
3068,1102.266667,13.856459,2,0,0.005083,13.861542
3069,1102.300000,15.127000,2,0,0.032291,15.159291
3070,1102.333333,14.069584,2,0,0.008708,14.078292
3071,1102.366667,14.399334,2,0,0.011375,14.410709
3072,1102.400000,14.040750,2,0,0.007875,14.048625
3073,1102.433333,13.958958,2,0,0.007834,13.966792
3074,1102.466667,14.867166,2,0,0.009500,14.876666
3075,1102.500000,13.936208,2,0,0.012834,13.949042
3076,1102.533333,13.319584,2,0,0.005458,13.325042
3077,1102.566667,14.529584,2,0,0.004750,14.534334
3078,1102.600000,13.111292,2,0,0.007291,13.118583
3079,1102.633333,13.918417,2,0,0.010375,13.928792
3080,1102.666667,14.235916,2,0,0.007125,14.243041
3081,1102.700000,13.292292,2,0,0.007458,13.299750
3082,1102.733333,13.659000,2,0,0.006875,13.665875
3083,1102.766667,13.011125,2,0,0.007000,13.018125
3084,1102.800000,13.977708,2,0,0.008667,13.986375
3085,1102.833333,13.851875,2,0,0.006333,13.858208
3086,1102.866667,13.480459,2,0,0.009333,13.489792
3087,1102.900000,13.745458,2,0,0.007750,13.753208
3088,1102.933333,12.485375,2,0,0.010000,12.495375
3089,1102.966667,12.957500,2,0,0.007292,12.964792
3090,1103.000000,12.714917,2,0,0.008083,12.723000
3091,1103.033333,12.605042,2,0,0.008916,12.613958
3092,1103.066667,12.780916,2,0,0.004584,12.785500
3093,1103.100000,12.584541,2,0,0.011667,12.596208
3094,1103.133333,13.272333,2,0,0.006208,13.278541
3095,1103.166667,12.354834,2,0,0.007291,12.362125
3096,1103.200000,11.841167,2,0,0.005292,11.846459
3097,1103.233333,12.382042,2,0,0.007583,12.389625
3098,1103.266667,12.633417,2,0,0.016000,12.649417
3099,1103.300000,13.137542,2,0,0.022250,13.159792
3100,1103.333333,12.915250,2,0,0.006542,12.921792
3101,1103.366667,13.206042,2,0,0.004125,13.210167
3102,1103.400000,13.259583,2,0,0.008417,13.268000
3103,1103.433333,12.315708,2,0,0.005792,12.321500
3104,1103.466667,12.966083,2,0,0.005834,12.971917
3105,1103.500000,12.884792,2,0,0.011208,12.896000
3106,1103.533333,13.526958,2,0,0.008875,13.535833
3107,1103.566667,13.198667,2,0,0.019875,13.218542
3108,1103.600000,13.330459,2,0,0.008708,13.339167
3109,1103.633333,14.429750,2,0,0.016334,14.446084
3110,1103.666667,17.013084,2,0,0.006333,17.019417
3111,1103.700000,16.365125,2,0,0.014792,16.379917
3112,1103.733333,16.903792,2,0,0.017917,16.921709
3113,1103.766667,16.519750,2,0,0.007792,16.527542
3114,1103.800000,15.490167,2,0,0.009917,15.500084
3115,1103.833333,14.469542,2,0,0.013208,14.482750
3116,1103.866667,14.894042,2,0,0.009292,14.903334
3117,1103.900000,14.763208,2,0,0.012667,14.775875
3118,1103.933333,15.075917,2,0,0.017041,15.092958
3119,1103.966667,14.774625,2,0,0.021000,14.795625
3120,1104.000000,15.145541,2,0,0.011500,15.157041
3121,1104.033333,15.463667,2,0,0.013083,15.476750
3122,1104.066667,15.198417,2,0,0.012208,15.210625
3123,1104.100000,14.881917,2,0,0.012292,14.894209
3124,1104.133333,15.407458,2,0,0.014125,15.421583
3125,1104.166667,15.154625,2,0,0.008000,15.162625
3126,1104.200000,14.639250,2,0,0.009792,14.649042
3127,1104.233333,15.261916,2,0,0.007042,15.268958
3128,1104.266667,14.876291,2,0,0.022875,14.899166
3129,1104.300000,14.650875,2,0,0.012625,14.663500
3130,1104.333333,14.097000,2,0,0.015750,14.112750
3131,1104.366667,13.899583,2,0,0.017458,13.917041
3132,1104.400000,14.310584,2,0,0.019375,14.329959
3133,1104.433333,14.222375,2,0,0.010292,14.232667
3134,1104.466667,13.860000,2,0,0.008500,13.868500
3135,1104.500000,13.968708,2,0,0.010084,13.978792
3136,1104.533333,14.042958,2,0,0.020667,14.063625
3137,1104.566667,13.632583,2,0,0.009000,13.641583
3138,1104.600000,13.454042,2,0,0.016541,13.470583
3139,1104.633333,12.789958,2,0,0.003833,12.793791
3140,1104.666667,14.189292,2,0,0.005375,14.194667
3141,1104.700000,19.582041,2,0,0.009209,19.591250
3142,1104.733333,15.886584,2,0,0.023208,15.909792
3143,1104.766667,16.080042,2,0,0.009375,16.089417
3144,1104.800000,15.968583,2,0,0.016750,15.985333
3145,1104.833333,13.818458,2,0,0.008584,13.827042
3146,1104.866667,14.564000,2,0,0.006375,14.570375
3147,1104.900000,14.102875,2,0,0.009542,14.112417
3148,1104.933333,13.958625,2,0,0.019417,13.978042
3149,1104.966667,14.484417,2,0,0.007917,14.492334
3150,1105.000000,14.012208,2,0,0.020208,14.032416
3151,1105.033333,14.801042,2,0,0.019625,14.820667
3152,1105.066667,14.633792,2,0,0.017333,14.651125
3153,1105.100000,14.807792,2,0,0.006458,14.814250
3154,1105.133333,14.954375,2,0,0.010500,14.964875
3155,1105.166667,15.186417,2,0,0.023291,15.209708
3156,1105.200000,14.459250,2,0,0.014083,14.473333
3157,1105.233333,15.069667,2,0,0.010292,15.079959
3158,1105.266667,14.420458,2,0,0.008667,14.429125
3159,1105.300000,13.861000,2,0,0.011041,13.872041
3160,1105.333333,14.698292,2,0,0.008750,14.707042
3161,1105.366667,14.711875,2,0,0.016042,14.727917
3162,1105.400000,14.595625,2,0,0.019292,14.614917
3163,1105.433333,14.425291,2,0,0.018209,14.443500
3164,1105.466667,14.515250,2,0,0.018917,14.534167
3165,1105.500000,14.309458,2,0,0.012375,14.321833
3166,1105.533333,13.994833,2,0,0.009333,14.004166
3167,1105.566667,14.106458,2,0,0.011709,14.118167
3168,1105.600000,13.785458,2,0,0.014750,13.800208
3169,1105.633333,13.624792,2,0,0.012625,13.637417
3170,1105.666667,13.434625,2,0,0.011375,13.446000
3171,1105.700000,13.739375,2,0,0.021542,13.760917
3172,1105.733333,13.824666,2,0,0.018000,13.842666
3173,1105.766667,13.713666,2,0,0.012375,13.726041
3174,1105.800000,13.235083,2,0,0.017208,13.252291
3175,1105.833333,12.383625,2,0,0.008875,12.392500
3176,1105.866667,11.968583,2,0,0.008125,11.976708
3177,1105.900000,14.832917,2,0,0.006083,14.839000
3178,1105.933333,15.264209,2,0,0.006916,15.271125
3179,1105.966667,15.146250,2,0,0.011458,15.157708
3180,1106.000000,15.267625,2,0,0.007667,15.275292
3181,1106.033333,15.269791,2,0,0.014959,15.284750
3182,1106.066667,15.513542,2,0,0.009166,15.522708
3183,1106.100000,15.632042,2,0,0.013708,15.645750
3184,1106.133333,15.501750,2,0,0.010791,15.512541
3185,1106.166667,15.460000,2,0,0.010750,15.470750
3186,1106.200000,15.256250,2,0,0.016542,15.272792
3187,1106.233333,15.276208,2,0,0.009042,15.285250
3188,1106.266667,15.105416,2,0,0.008084,15.113500
3189,1106.300000,14.803208,2,0,0.019667,14.822875
3190,1106.333333,14.984541,2,0,0.013917,14.998458
3191,1106.366667,14.595209,2,0,0.010375,14.605584
3192,1106.400000,14.920416,2,0,0.018334,14.938750
3193,1106.433333,14.168083,2,0,0.015542,14.183625
3194,1106.466667,14.794625,2,0,0.011750,14.806375
3195,1106.500000,14.842250,2,0,0.015750,14.858000
3196,1106.533333,14.763833,2,0,0.008917,14.772750
3197,1106.566667,14.821000,2,0,0.016083,14.837083
3198,1106.600000,14.802541,2,0,0.011042,14.813583
3199,1106.633333,14.785417,2,0,0.013875,14.799292
3200,1106.666667,14.669333,2,0,0.015375,14.684708
3201,1106.700000,14.171375,2,0,0.014917,14.186292
3202,1106.733333,14.206584,2,0,0.015791,14.222375
3203,1106.766667,13.646417,2,0,0.020542,13.666959
3204,1106.800000,13.518208,2,0,0.023833,13.542041
3205,1106.833333,13.219750,2,0,0.010584,13.230334
3206,1106.866667,13.288500,2,0,0.008208,13.296708
3207,1106.900000,11.378500,2,0,0.008750,11.387250
3208,1106.933333,12.064750,2,0,0.007625,12.072375
3209,1106.966667,11.540583,2,0,0.005834,11.546417
3210,1107.000000,11.501833,2,0,0.030625,11.532458
3211,1107.033333,12.544583,2,0,0.026042,12.570625
3212,1107.066667,12.419125,2,0,0.019125,12.438250
3213,1107.100000,12.598375,2,0,0.016000,12.614375
3214,1107.133333,12.750708,2,0,0.019709,12.770417
3215,1107.166667,12.541834,2,0,0.014416,12.556250
3216,1107.200000,12.089625,2,0,0.007792,12.097417
3217,1107.233333,11.863958,2,0,0.017459,11.881417
3218,1107.266667,11.892709,2,0,0.009750,11.902459
3219,1107.300000,12.633959,2,0,0.016166,12.650125
3220,1107.333333,12.542083,2,0,0.010209,12.552292
3221,1107.366667,12.684250,2,0,0.010459,12.694709
3222,1107.400000,12.759333,2,0,0.020125,12.779458
3223,1107.433333,13.335333,2,0,0.015375,13.350708
3224,1107.466667,12.902333,2,0,0.006417,12.908750
3225,1107.500000,13.035542,2,0,0.017916,13.053458
3226,1107.533333,13.715833,2,0,0.019958,13.735791
3227,1107.566667,13.484250,2,0,0.020084,13.504334
3228,1107.600000,13.321416,2,0,0.009500,13.330916
3229,1107.633333,12.776333,2,0,0.020125,12.796458
3230,1107.666667,12.906209,2,0,0.008625,12.914834
3231,1107.700000,12.948167,2,0,0.011458,12.959625
3232,1107.733333,13.135958,2,0,0.008625,13.144583
3233,1107.766667,12.876292,2,0,0.008833,12.885125
3234,1107.800000,12.831375,2,0,0.017292,12.848667
3235,1107.833333,12.954584,2,0,0.011875,12.966459
3236,1107.866667,11.087458,2,0,0.008750,11.096208
3237,1107.900000,10.420417,2,0,0.005791,10.426208
3238,1107.933333,10.495750,2,0,0.009458,10.505208
3239,1107.966667,10.238667,2,0,0.010083,10.248750
3240,1108.000000,11.077458,2,0,0.010042,11.087500
3241,1108.033333,11.797542,2,0,0.011916,11.809458
3242,1108.066667,11.996459,2,0,0.015083,12.011542
3243,1108.100000,12.254875,2,0,0.019792,12.274667
3244,1108.133333,12.337541,2,0,0.014500,12.352041
3245,1108.166667,12.974792,2,0,0.008750,12.983542
3246,1108.200000,13.514833,2,0,0.009792,13.524625
3247,1108.233333,12.514709,2,0,0.009500,12.524209
3248,1108.266667,12.965375,2,0,0.011916,12.977291
3249,1108.300000,13.034750,2,0,0.011166,13.045916
3250,1108.333333,12.891292,2,0,0.019333,12.910625
3251,1108.366667,14.327833,2,0,0.012584,14.340417
3252,1108.400000,17.182834,2,0,0.013000,17.195834
3253,1108.433333,16.578916,2,0,0.008375,16.587291
3254,1108.466667,16.671166,2,0,0.012584,16.683750
3255,1108.500000,16.241541,2,0,0.008417,16.249958
3256,1108.533333,16.230667,2,0,0.011000,16.241667
3257,1108.566667,16.346125,2,0,0.010375,16.356500
3258,1108.600000,16.018375,2,0,0.018542,16.036917
3259,1108.633333,15.474375,2,0,0.011667,15.486042
3260,1108.666667,16.561417,2,0,0.025500,16.586917
3261,1108.700000,16.190750,2,0,0.010625,16.201375
3262,1108.733333,15.966250,2,0,0.024500,15.990750
3263,1108.766667,15.698208,2,0,0.006958,15.705166
3264,1108.800000,15.894792,2,0,0.011583,15.906375
3265,1108.833333,15.481250,2,0,0.009042,15.490292
3266,1108.866667,14.874667,2,0,0.012625,14.887292
3267,1108.900000,14.473708,2,0,0.005375,14.479083
3268,1108.933333,14.440458,2,0,0.007917,14.448375
3269,1108.966667,13.988833,2,0,0.009292,13.998125
3270,1109.000000,14.133042,2,0,0.031042,14.164084
3271,1109.033333,14.681250,2,0,0.008750,14.690000
3272,1109.066667,15.290083,2,0,0.007500,15.297583
3273,1109.100000,15.225834,2,0,0.011416,15.237250
3274,1109.133333,15.052666,2,0,0.022334,15.075000
3275,1109.166667,15.362834,2,0,0.009333,15.372167
3276,1109.200000,15.191417,2,0,0.008958,15.200375
3277,1109.233333,15.488708,2,0,0.011000,15.499708
3278,1109.266667,15.583375,2,0,0.018166,15.601541
3279,1109.300000,15.540959,2,0,0.011875,15.552834
3280,1109.333333,15.017208,2,0,0.011625,15.028833
3281,1109.366667,15.374000,2,0,0.017458,15.391458
3282,1109.400000,16.075584,2,0,0.021916,16.097500
3283,1109.433333,15.786500,2,0,0.017209,15.803709
3284,1109.466667,15.140042,2,0,0.013417,15.153459
3285,1109.500000,15.610500,2,0,0.005334,15.615834
3286,1109.533333,15.345375,2,0,0.007000,15.352375
3287,1109.566667,15.492708,2,0,0.009042,15.501750
3288,1109.600000,15.316833,2,0,0.012125,15.328958
3289,1109.633333,15.064250,2,0,0.013166,15.077416
3290,1109.666667,15.469708,2,0,0.011833,15.481541
3291,1109.700000,15.289291,2,0,0.008334,15.297625
3292,1109.733333,15.307625,2,0,0.008917,15.316542
3293,1109.766667,15.549500,2,0,0.012084,15.561584
3294,1109.800000,15.446958,2,0,0.015875,15.462833
3295,1109.833333,14.881708,2,0,0.006542,14.888250
3296,1109.866667,14.437250,2,0,0.009667,14.446917
3297,1109.900000,13.667333,2,0,0.008334,13.675667
3298,1109.933333,13.193500,2,0,0.008083,13.201583
3299,1109.966667,13.634917,2,0,0.009500,13.644417
3300,1110.000000,12.788917,2,0,0.033541,12.822458
3301,1110.033333,13.976083,2,0,0.011792,13.987875
3302,1110.066667,14.335708,2,0,0.023333,14.359041
3303,1110.100000,14.273625,2,0,0.014500,14.288125
3304,1110.133333,14.525334,2,0,0.025000,14.550334
3305,1110.166667,15.391209,2,0,0.015666,15.406875
3306,1110.200000,14.552334,2,0,0.008625,14.560959
3307,1110.233333,14.481166,2,0,0.016167,14.497333
3308,1110.266667,14.591958,2,0,0.016250,14.608208
3309,1110.300000,14.935292,2,0,0.010250,14.945542
3310,1110.333333,14.830125,2,0,0.008541,14.838666
3311,1110.366667,14.535791,2,0,0.011000,14.546791
3312,1110.400000,14.655916,2,0,0.012625,14.668541
3313,1110.433333,15.412208,2,0,0.010917,15.423125
3314,1110.466667,14.875917,2,0,0.016458,14.892375
3315,1110.500000,15.128250,2,0,0.016750,15.145000
3316,1110.533333,14.788750,2,0,0.009000,14.797750
3317,1110.566667,15.028083,2,0,0.018500,15.046583
3318,1110.600000,15.275500,2,0,0.008167,15.283667
3319,1110.633333,14.448333,2,0,0.015625,14.463958
3320,1110.666667,14.681375,2,0,0.006250,14.687625
3321,1110.700000,14.297125,2,0,0.011917,14.309042
3322,1110.733333,14.255958,2,0,0.022042,14.278000
3323,1110.766667,14.867292,2,0,0.014541,14.881833
3324,1110.800000,14.084417,2,0,0.016958,14.101375
3325,1110.833333,15.104125,2,0,0.019125,15.123250
3326,1110.866667,15.051125,2,0,0.018375,15.069500
3327,1110.900000,12.778125,2,0,0.007667,12.785792
3328,1110.933333,12.239250,2,0,0.005791,12.245041
3329,1110.966667,12.604125,2,0,0.007667,12.611792
3330,1111.000000,11.947917,2,0,0.007250,11.955167
3331,1111.033333,12.381792,2,0,0.009583,12.391375
3332,1111.066667,12.049125,2,0,0.015042,12.064167
3333,1111.100000,12.080000,2,0,0.010042,12.090042
3334,1111.133333,12.709917,2,0,0.008750,12.718667
3335,1111.166667,13.329000,2,0,0.008708,13.337708
3336,1111.200000,12.942875,2,0,0.014000,12.956875
3337,1111.233333,13.723458,2,0,0.010417,13.733875
3338,1111.266667,13.565042,2,0,0.018875,13.583917
3339,1111.300000,14.030666,2,0,0.007750,14.038416
3340,1111.333333,13.987500,2,0,0.015625,14.003125
3341,1111.366667,14.366958,2,0,0.013167,14.380125
3342,1111.400000,14.233042,2,0,0.019583,14.252625
3343,1111.433333,14.311583,2,0,0.018750,14.330333
3344,1111.466667,14.554875,2,0,0.018583,14.573458
3345,1111.500000,14.261083,2,0,0.020250,14.281333
3346,1111.533333,14.100084,2,0,0.006083,14.106167
3347,1111.566667,13.902708,2,0,0.007125,13.909833
3348,1111.600000,13.748416,2,0,0.010584,13.759000
3349,1111.633333,13.873209,2,0,0.008125,13.881334
3350,1111.666667,13.631292,2,0,0.008667,13.639959
3351,1111.700000,14.507208,2,0,0.008375,14.515583
3352,1111.733333,17.876959,2,0,0.041125,17.918084
3353,1111.766667,16.990958,2,0,0.008292,16.999250
3354,1111.800000,16.254959,2,0,0.015250,16.270209
3355,1111.833333,17.081041,2,0,0.016500,17.097541
3356,1111.866667,16.603791,2,0,0.008459,16.612250
3357,1111.900000,14.678500,2,0,0.007166,14.685666
3358,1111.933333,15.226000,2,0,0.004667,15.230667
3359,1111.966667,15.058750,2,0,0.009000,15.067750
3360,1112.000000,14.563833,2,0,0.008875,14.572708
3361,1112.033333,14.418042,2,0,0.018708,14.436750
3362,1112.066667,15.026042,2,0,0.008083,15.034125
3363,1112.100000,16.016792,2,0,0.008292,16.025084
3364,1112.133333,15.831417,2,0,0.007583,15.839000
3365,1112.166667,15.753958,2,0,0.014417,15.768375
3366,1112.200000,15.295166,2,0,0.004459,15.299625
3367,1112.233333,14.434458,2,0,0.013500,14.447958
3368,1112.266667,14.341375,2,0,0.016833,14.358208
3369,1112.300000,15.130583,2,0,0.019125,15.149708
3370,1112.333333,14.324000,2,0,0.014375,14.338375
3371,1112.366667,16.168459,2,0,0.012083,16.180542
3372,1112.400000,15.354708,2,0,0.009459,15.364167
3373,1112.433333,15.187792,2,0,0.013792,15.201584
3374,1112.466667,16.072000,2,0,0.017500,16.089500
3375,1112.500000,15.545833,2,0,0.009083,15.554916
3376,1112.533333,15.182875,2,0,0.005584,15.188459
3377,1112.566667,15.119333,2,0,0.009500,15.128833
3378,1112.600000,15.146208,2,0,0.010709,15.156917
3379,1112.633333,15.020667,2,0,0.016875,15.037542
3380,1112.666667,14.893791,2,0,0.018500,14.912291
3381,1112.700000,15.029167,2,0,0.018083,15.047250
3382,1112.733333,14.994208,2,0,0.018458,15.012666
3383,1112.766667,14.358625,2,0,0.009666,14.368291
3384,1112.800000,14.318084,2,0,0.027791,14.345875
3385,1112.833333,15.108833,2,0,0.011500,15.120333
3386,1112.866667,14.671417,2,0,0.013666,14.685083
3387,1112.900000,13.094083,2,0,0.008583,13.102666
3388,1112.933333,13.114958,2,0,0.008334,13.123292
3389,1112.966667,12.842125,2,0,0.007375,12.849500
3390,1113.000000,12.790417,2,0,0.011125,12.801542
3391,1113.033333,11.866291,2,0,0.009792,11.876083
3392,1113.066667,13.300292,2,0,0.014250,13.314542
3393,1113.100000,12.840709,2,0,0.009208,12.849917
3394,1113.133333,13.100750,2,0,0.010750,13.111500
3395,1113.166667,13.655625,2,0,0.018125,13.673750
3396,1113.200000,13.461666,2,0,0.008500,13.470166
3397,1113.233333,13.915458,2,0,0.016542,13.932000
3398,1113.266667,13.965667,2,0,0.010250,13.975917
3399,1113.300000,13.377458,2,0,0.009083,13.386541
3400,1113.333333,13.864125,2,0,0.008583,13.872708
3401,1113.366667,14.023125,2,0,0.013292,14.036417
3402,1113.400000,13.780834,2,0,0.006875,13.787709
3403,1113.433333,14.274125,2,0,0.011291,14.285416
3404,1113.466667,13.822875,2,0,0.016208,13.839083
3405,1113.500000,13.813334,2,0,0.013666,13.827000
3406,1113.533333,11.953500,2,0,0.035167,11.988667
3407,1113.566667,12.940416,2,0,0.009125,12.949541
3408,1113.600000,12.640917,2,0,0.008500,12.649417
3409,1113.633333,13.007875,2,0,0.007333,13.015208
3410,1113.666667,13.790417,2,0,0.012792,13.803209
3411,1113.700000,18.436834,2,0,0.026208,18.463042
3412,1113.733333,16.214667,2,0,0.009583,16.224250
3413,1113.766667,16.803083,2,0,0.017542,16.820625
3414,1113.800000,16.409833,2,0,0.018917,16.428750
3415,1113.833333,16.632000,2,0,0.016542,16.648542
3416,1113.866667,16.277833,2,0,0.017583,16.295416
3417,1113.900000,14.885500,2,0,0.005750,14.891250
3418,1113.933333,15.038750,2,0,0.007792,15.046542
3419,1113.966667,14.232833,2,0,0.005083,14.237916
3420,1114.000000,14.810333,2,0,0.008084,14.818417
3421,1114.033333,13.475458,2,0,0.025042,13.500500
3422,1114.066667,14.690041,2,0,0.014084,14.704125
3423,1114.100000,15.410834,2,0,0.019125,15.429959
3424,1114.133333,15.284250,2,0,0.017625,15.301875
3425,1114.166667,15.413625,2,0,0.009083,15.422708
3426,1114.200000,15.217042,2,0,0.009458,15.226500
3427,1114.233333,15.047791,2,0,0.024584,15.072375
3428,1114.266667,15.122375,2,0,0.009792,15.132167
3429,1114.300000,14.719208,2,0,0.020333,14.739541
3430,1114.333333,15.067084,2,0,0.006458,15.073542
3431,1114.366667,14.923042,2,0,0.009625,14.932667
3432,1114.400000,15.342625,2,0,0.012250,15.354875
3433,1114.433333,14.928375,2,0,0.019833,14.948208
3434,1114.466667,15.049958,2,0,0.008250,15.058208
3435,1114.500000,15.314208,2,0,0.009209,15.323417
3436,1114.533333,14.346084,2,0,0.018541,14.364625
3437,1114.566667,14.667333,2,0,0.018875,14.686208
3438,1114.600000,14.579125,2,0,0.026792,14.605917
3439,1114.633333,14.358292,2,0,0.006250,14.364542
3440,1114.666667,14.051417,2,0,0.006250,14.057667
3441,1114.700000,14.226083,2,0,0.018000,14.244083
3442,1114.733333,14.288083,2,0,0.009292,14.297375
3443,1114.766667,14.060916,2,0,0.018125,14.079041
3444,1114.800000,14.219750,2,0,0.019791,14.239541
3445,1114.833333,14.125125,2,0,0.008459,14.133584
3446,1114.866667,13.337000,2,0,0.022333,13.359333
3447,1114.900000,12.167166,2,0,0.006334,12.173500
3448,1114.933333,12.080541,2,0,0.010125,12.090666
3449,1114.966667,11.942292,2,0,0.006500,11.948792
3450,1115.000000,11.528458,2,0,0.006167,11.534625
3451,1115.033333,11.694750,2,0,0.009083,11.703833
3452,1115.066667,11.167041,2,0,0.011125,11.178166
3453,1115.100000,11.631333,2,0,0.025167,11.656500
3454,1115.133333,11.624084,2,0,0.007958,11.632042
3455,1115.166667,12.141250,2,0,0.009167,12.150417
3456,1115.200000,13.109000,2,0,0.008375,13.117375
3457,1115.233333,13.601000,2,0,0.010208,13.611208
3458,1115.266667,14.449750,2,0,0.012417,14.462167
3459,1115.300000,17.218375,2,0,0.014208,17.232583
3460,1115.333333,16.660334,2,0,0.020625,16.680959
3461,1115.366667,15.660083,2,0,0.017250,15.677333
3462,1115.400000,15.918750,2,0,0.017167,15.935917
3463,1115.433333,16.271625,2,0,0.011083,16.282708
3464,1115.466667,14.127791,2,0,0.022459,14.150250
3465,1115.500000,14.672583,2,0,0.015750,14.688333
3466,1115.533333,15.175541,2,0,0.015542,15.191083
3467,1115.566667,15.392458,2,0,0.015750,15.408208
3468,1115.600000,15.001042,2,0,0.006000,15.007042
3469,1115.633333,14.778542,2,0,0.018708,14.797250
3470,1115.666667,15.537625,2,0,0.008916,15.546541
3471,1115.700000,15.348875,2,0,0.008375,15.357250
3472,1115.733333,15.501459,2,0,0.007875,15.509334
3473,1115.766667,15.404542,2,0,0.006083,15.410625
3474,1115.800000,14.910709,2,0,0.009208,14.919917
3475,1115.833333,15.251166,2,0,0.006917,15.258083
3476,1115.866667,15.460875,2,0,0.007250,15.468125
3477,1115.900000,14.448333,2,0,0.007334,14.455667
3478,1115.933333,13.884584,2,0,0.005750,13.890334
3479,1115.966667,14.058583,2,0,0.008292,14.066875
3480,1116.000000,14.137292,2,0,0.007125,14.144417
3481,1116.033333,13.063750,2,0,0.005916,13.069666
3482,1116.066667,12.947375,2,0,0.020000,12.967375
3483,1116.100000,13.274125,2,0,0.016958,13.291083
3484,1116.133333,13.351208,2,0,0.016458,13.367666
3485,1116.166667,13.795958,2,0,0.006042,13.802000
3486,1116.200000,14.211834,2,0,0.008041,14.219875
3487,1116.233333,14.991000,2,0,0.015083,15.006083
3488,1116.266667,14.525917,2,0,0.008167,14.534084
3489,1116.300000,14.116417,2,0,0.019291,14.135708
3490,1116.333333,14.131375,2,0,0.009041,14.140416
3491,1116.366667,14.620500,2,0,0.010375,14.630875
3492,1116.400000,14.384167,2,0,0.015000,14.399167
3493,1116.433333,14.098958,2,0,0.008875,14.107833
3494,1116.466667,14.216375,2,0,0.020584,14.236959
3495,1116.500000,13.755042,2,0,0.008708,13.763750
3496,1116.533333,13.526042,2,0,0.011500,13.537542
3497,1116.566667,14.483541,2,0,0.012667,14.496208
3498,1116.600000,13.769542,2,0,0.004542,13.774084
3499,1116.633333,13.910583,2,0,0.017292,13.927875
3500,1116.666667,13.309458,2,0,0.016584,13.326042
3501,1116.700000,13.595250,2,0,0.011625,13.606875
3502,1116.733333,13.690666,2,0,0.012750,13.703416
3503,1116.766667,13.471792,2,0,0.011167,13.482959
3504,1116.800000,14.691208,2,0,0.016875,14.708083
3505,1116.833333,17.543750,2,0,0.006916,17.550666
3506,1116.866667,16.183958,2,0,0.013625,16.197583
3507,1116.900000,15.233000,2,0,0.008833,15.241833
3508,1116.933333,14.083875,2,0,0.008625,14.092500
3509,1116.966667,14.314166,2,0,0.006250,14.320416
3510,1117.000000,14.208709,2,0,0.004916,14.213625
3511,1117.033333,13.672750,2,0,0.008292,13.681042
3512,1117.066667,13.506917,2,0,0.016708,13.523625
3513,1117.100000,13.856000,2,0,0.009209,13.865209
3514,1117.133333,14.382167,2,0,0.009333,14.391500
3515,1117.166667,14.645041,2,0,0.009292,14.654333
3516,1117.200000,14.002584,2,0,0.006041,14.008625
3517,1117.233333,13.558666,2,0,0.017834,13.576500
3518,1117.266667,13.470500,2,0,0.015208,13.485708
3519,1117.300000,13.843292,2,0,0.011583,13.854875
3520,1117.333333,14.144708,2,0,0.008917,14.153625
3521,1117.366667,14.090542,2,0,0.010125,14.100667
3522,1117.400000,13.802250,2,0,0.018833,13.821083
3523,1117.433333,13.762292,2,0,0.020125,13.782417
3524,1117.466667,14.010083,2,0,0.018709,14.028792
3525,1117.500000,13.688625,2,0,0.012333,13.700958
3526,1117.533333,14.298583,2,0,0.011667,14.310250
3527,1117.566667,13.268375,2,0,0.010375,13.278750
3528,1117.600000,13.150875,2,0,0.018750,13.169625
3529,1117.633333,13.241333,2,0,0.008125,13.249458
3530,1117.666667,14.076042,2,0,0.005750,14.081792
3531,1117.700000,17.061417,2,0,0.007458,17.068875
3532,1117.733333,16.061167,2,0,0.009500,16.070667
3533,1117.766667,15.796125,2,0,0.005875,15.802000
3534,1117.800000,16.434667,2,0,0.010500,16.445167
3535,1117.833333,17.023708,2,0,0.020583,17.044291
3536,1117.866667,15.747833,2,0,0.010584,15.758417
3537,1117.900000,16.038625,2,0,0.008292,16.046917
3538,1117.933333,14.342667,2,0,0.009625,14.352292
3539,1117.966667,14.328625,2,0,0.009250,14.337875
3540,1118.000000,13.818250,2,0,0.006208,13.824458
3541,1118.033333,14.181334,2,0,0.010083,14.191417
3542,1118.066667,14.336500,2,0,0.008291,14.344791
3543,1118.100000,13.765208,2,0,0.008250,13.773458
3544,1118.133333,14.456542,2,0,0.006958,14.463500
3545,1118.166667,13.906458,2,0,0.007500,13.913958
3546,1118.200000,14.217083,2,0,0.004667,14.221750
3547,1118.233333,13.127667,2,0,0.006708,13.134375
3548,1118.266667,13.129834,2,0,0.015458,13.145292
3549,1118.300000,13.301083,2,0,0.018958,13.320041
3550,1118.333333,13.330667,2,0,0.011958,13.342625
3551,1118.366667,13.678625,2,0,0.012542,13.691167
3552,1118.400000,13.306750,2,0,0.007792,13.314542
3553,1118.433333,14.190333,2,0,0.009084,14.199417
3554,1118.466667,14.399333,2,0,0.017959,14.417292
3555,1118.500000,14.766917,2,0,0.012291,14.779208
3556,1118.533333,13.778459,2,0,0.007125,13.785584
3557,1118.566667,13.991583,2,0,0.012583,14.004166
3558,1118.600000,13.874167,2,0,0.008375,13.882542
3559,1118.633333,14.236459,2,0,0.009791,14.246250
3560,1118.666667,12.599583,2,0,0.008667,12.608250
3561,1118.700000,16.843333,2,0,0.009500,16.852833
3562,1118.733333,15.598416,2,0,0.017167,15.615583
3563,1118.766667,16.025375,2,0,0.014209,16.039584
3564,1118.800000,15.892959,2,0,0.011416,15.904375
3565,1118.833333,16.324334,2,0,0.013041,16.337375
3566,1118.866667,16.013250,2,0,0.021333,16.034583
3567,1118.900000,15.128250,2,0,0.012042,15.140292
3568,1118.933333,15.584750,2,0,0.009000,15.593750
3569,1118.966667,13.801334,2,0,0.006083,13.807417
3570,1119.000000,13.433250,2,0,0.004542,13.437792
3571,1119.033333,13.955417,2,0,0.010375,13.965792
3572,1119.066667,14.116250,2,0,0.007166,14.123416
3573,1119.100000,13.346833,2,0,0.008917,13.355750
3574,1119.133333,13.216459,2,0,0.023791,13.240250
3575,1119.166667,13.785458,2,0,0.015125,13.800583
3576,1119.200000,14.204833,2,0,0.018625,14.223458
3577,1119.233333,13.918750,2,0,0.025667,13.944417
3578,1119.266667,13.545917,2,0,0.008542,13.554459
3579,1119.300000,13.806750,2,0,0.009708,13.816458
3580,1119.333333,13.628125,2,0,0.011458,13.639583
3581,1119.366667,13.753500,2,0,0.011083,13.764583
3582,1119.400000,13.445667,2,0,0.012666,13.458333
3583,1119.433333,13.851625,2,0,0.009791,13.861416
3584,1119.466667,14.167583,2,0,0.018084,14.185667
3585,1119.500000,13.641583,2,0,0.011625,13.653208
3586,1119.533333,13.630084,2,0,0.013541,13.643625
3587,1119.566667,13.531834,2,0,0.007833,13.539667
3588,1119.600000,13.051542,2,0,0.012667,13.064209
3589,1119.633333,13.248375,2,0,0.019083,13.267458
3590,1119.666667,13.474542,2,0,0.010583,13.485125
3591,1119.700000,13.265459,2,0,0.022375,13.287834
3592,1119.733333,13.015584,2,0,0.009416,13.025000
3593,1119.766667,13.393417,2,0,0.008083,13.401500
3594,1119.800000,13.218375,2,0,0.012250,13.230625
3595,1119.833333,10.748625,2,0,0.013125,10.761750
3596,1119.866667,12.236584,2,0,0.014333,12.250917
3597,1119.900000,12.152541,2,0,0.009250,12.161791
3598,1119.933333,13.295958,2,0,0.030500,13.326458
3599,1119.966667,15.496625,2,0,0.006667,15.503292
3600,1120.000000,14.501500,2,0,0.009333,14.510833
3601,1120.033333,14.997000,2,0,0.009750,15.006750
3602,1120.066667,14.193458,2,0,0.005750,14.199208
3603,1120.100000,14.931709,2,0,0.007166,14.938875
3604,1120.133333,14.115959,2,0,0.008000,14.123959
3605,1120.166667,14.508167,2,0,0.013292,14.521459
3606,1120.200000,14.725000,2,0,0.021250,14.746250
3607,1120.233333,15.487041,2,0,0.025625,15.512666
3608,1120.266667,14.106250,2,0,0.008291,14.114541
3609,1120.300000,14.877792,2,0,0.008875,14.886667
3610,1120.333333,15.183125,2,0,0.007458,15.190583
3611,1120.366667,15.441792,2,0,0.010083,15.451875
3612,1120.400000,15.249875,2,0,0.024584,15.274459
3613,1120.433333,16.061166,2,0,0.013125,16.074291
3614,1120.466667,14.735833,2,0,0.010834,14.746667
3615,1120.500000,14.449292,2,0,0.011875,14.461167
3616,1120.533333,14.233500,2,0,0.008833,14.242333
3617,1120.566667,14.364416,2,0,0.007709,14.372125
3618,1120.600000,15.290667,2,0,0.015583,15.306250
3619,1120.633333,15.473750,2,0,0.009875,15.483625
3620,1120.666667,14.895250,2,0,0.012083,14.907333
3621,1120.700000,14.830083,2,0,0.018167,14.848250
3622,1120.733333,14.728166,2,0,0.018209,14.746375
3623,1120.766667,14.822000,2,0,0.013000,14.835000
3624,1120.800000,14.480625,2,0,0.019333,14.499958
3625,1120.833333,14.857416,2,0,0.010959,14.868375
3626,1120.866667,14.804334,2,0,0.008333,14.812667
3627,1120.900000,14.247375,2,0,0.005084,14.252459
3628,1120.933333,15.039167,2,0,0.008750,15.047917
3629,1120.966667,12.871792,2,0,0.008375,12.880167
3630,1121.000000,12.465542,2,0,0.007833,12.473375
3631,1121.033333,12.429250,2,0,0.010958,12.440208
3632,1121.066667,12.666417,2,0,0.007791,12.674208
3633,1121.100000,12.206792,2,0,0.008791,12.215583
3634,1121.133333,12.780292,2,0,0.009291,12.789583
3635,1121.166667,13.437042,2,0,0.012666,13.449708
3636,1121.200000,12.492542,2,0,0.008250,12.500792
3637,1121.233333,12.929708,2,0,0.009709,12.939417
3638,1121.266667,13.256083,2,0,0.015209,13.271292
3639,1121.300000,13.113083,2,0,0.031958,13.145041
3640,1121.333333,13.596958,2,0,0.015417,13.612375
3641,1121.366667,14.105958,2,0,0.012167,14.118125
3642,1121.400000,14.245209,2,0,0.009458,14.254667
3643,1121.433333,13.931792,2,0,0.011250,13.943042
3644,1121.466667,12.126375,2,0,0.011000,12.137375
3645,1121.500000,13.234167,2,0,0.017333,13.251500
3646,1121.533333,13.631000,2,0,0.015041,13.646041
3647,1121.566667,13.633542,2,0,0.009125,13.642667
3648,1121.600000,13.802250,2,0,0.018542,13.820792
3649,1121.633333,14.345458,2,0,0.016709,14.362167
3650,1121.666667,17.914416,2,0,0.006667,17.921083
3651,1121.700000,16.459125,2,0,0.009458,16.468583
3652,1121.733333,15.971208,2,0,0.008708,15.979916
3653,1121.766667,15.975042,2,0,0.007541,15.982583
3654,1121.800000,15.536417,2,0,0.019375,15.555792
3655,1121.833333,16.137458,2,0,0.007250,16.144708
3656,1121.866667,17.182417,2,0,0.017625,17.200042
3657,1121.900000,15.939750,2,0,0.011792,15.951542
3658,1121.933333,15.837083,2,0,0.028417,15.865500
3659,1121.966667,13.840708,2,0,0.008667,13.849375
3660,1122.000000,14.129625,2,0,0.008250,14.137875
3661,1122.033333,14.335917,2,0,0.004625,14.340542
3662,1122.066667,13.872167,2,0,0.008375,13.880542
3663,1122.100000,14.322625,2,0,0.008459,14.331084
3664,1122.133333,13.591083,2,0,0.010417,13.601500
3665,1122.166667,14.829834,2,0,0.008500,14.838334
3666,1122.200000,15.043084,2,0,0.022833,15.065917
3667,1122.233333,13.788209,2,0,0.032250,13.820459
3668,1122.266667,14.440917,2,0,0.006250,14.447167
3669,1122.300000,14.508916,2,0,0.012417,14.521333
3670,1122.333333,16.094625,2,0,0.010500,16.105125
3671,1122.366667,14.553084,2,0,0.012916,14.566000
3672,1122.400000,14.803250,2,0,0.026000,14.829250
3673,1122.433333,14.945834,2,0,0.022750,14.968584
3674,1122.466667,14.485250,2,0,0.017750,14.503000
3675,1122.500000,15.272583,2,0,0.008875,15.281458
3676,1122.533333,15.021458,2,0,0.013250,15.034708
3677,1122.566667,14.945291,2,0,0.009500,14.954791
3678,1122.600000,14.894542,2,0,0.010583,14.905125
3679,1122.633333,13.791292,2,0,0.010625,13.801917
3680,1122.666667,13.989125,2,0,0.012375,14.001500
3681,1122.700000,14.173084,2,0,0.004958,14.178042
3682,1122.733333,13.863750,2,0,0.025084,13.888834
3683,1122.766667,13.691333,2,0,0.005500,13.696833
3684,1122.800000,14.236458,2,0,0.008625,14.245083
3685,1122.833333,14.293417,2,0,0.008416,14.301833
3686,1122.866667,14.546708,2,0,0.005958,14.552666
3687,1122.900000,14.183625,2,0,0.014083,14.197708
3688,1122.933333,14.734125,2,0,0.008125,14.742250
3689,1122.966667,12.682500,2,0,0.006167,12.688667
3690,1123.000000,12.503041,2,0,0.007250,12.510291
3691,1123.033333,11.807250,2,0,0.011209,11.818459
3692,1123.066667,11.665291,2,0,0.005917,11.671208
3693,1123.100000,11.873417,2,0,0.006708,11.880125
3694,1123.133333,11.766500,2,0,0.009291,11.775791
3695,1123.166667,12.292583,2,0,0.037708,12.330291
3696,1123.200000,12.788166,2,0,0.028500,12.816666
3697,1123.233333,12.792125,2,0,0.028917,12.821042
3698,1123.266667,13.237708,2,0,0.029250,13.266958
3699,1123.300000,13.564417,2,0,0.021208,13.585625
3700,1123.333333,13.510458,2,0,0.013958,13.524416
3701,1123.366667,13.539750,2,0,0.011250,13.551000
3702,1123.400000,13.428417,2,0,0.010375,13.438792
3703,1123.433333,13.608417,2,0,0.015667,13.624084
3704,1123.466667,13.728333,2,0,0.022625,13.750958
3705,1123.500000,13.450292,2,0,0.010666,13.460958
3706,1123.533333,13.093541,2,0,0.010334,13.103875
3707,1123.566667,12.990084,2,0,0.008791,12.998875
3708,1123.600000,13.607250,2,0,0.012541,13.619791
3709,1123.633333,13.584542,2,0,0.029667,13.614209
3710,1123.666667,13.165500,2,0,0.017875,13.183375
3711,1123.700000,13.936500,2,0,0.014833,13.951333
3712,1123.733333,13.733333,2,0,0.009583,13.742916
3713,1123.766667,14.001334,2,0,0.012958,14.014292
3714,1123.800000,13.459167,2,0,0.006042,13.465209
3715,1123.833333,12.996709,2,0,0.011625,13.008334
3716,1123.866667,12.848125,2,0,0.010375,12.858500
3717,1123.900000,10.918459,2,0,0.026000,10.944459
3718,1123.933333,11.846250,2,0,0.008667,11.854917
3719,1123.966667,12.271250,2,0,0.008333,12.279583
3720,1124.000000,10.840792,2,0,0.007583,10.848375
3721,1124.033333,11.006625,2,0,0.007209,11.013834
3722,1124.066667,12.956583,2,0,0.008125,12.964708
3723,1124.100000,15.183458,2,0,0.009417,15.192875
3724,1124.133333,14.321000,2,0,0.009791,14.330791
3725,1124.166667,14.680500,2,0,0.016666,14.697166
3726,1124.200000,15.293250,2,0,0.011541,15.304791
3727,1124.233333,15.558792,2,0,0.013041,15.571833
3728,1124.266667,15.594917,2,0,0.013583,15.608500
3729,1124.300000,15.626292,2,0,0.008083,15.634375
3730,1124.333333,15.968042,2,0,0.011792,15.979834
3731,1124.366667,15.796791,2,0,0.007459,15.804250
3732,1124.400000,15.570583,2,0,0.007875,15.578458
3733,1124.433333,15.754833,2,0,0.020584,15.775417
3734,1124.466667,15.686167,2,0,0.006916,15.693083
3735,1124.500000,15.811042,2,0,0.019333,15.830375
3736,1124.533333,15.697500,2,0,0.023000,15.720500
3737,1124.566667,15.703042,2,0,0.008791,15.711833
3738,1124.600000,15.109209,2,0,0.016541,15.125750
3739,1124.633333,16.293084,2,0,0.011125,16.304209
3740,1124.666667,16.104583,2,0,0.014500,16.119083
3741,1124.700000,16.146000,2,0,0.015209,16.161209
3742,1124.733333,15.838459,2,0,0.011458,15.849917
3743,1124.766667,15.442542,2,0,0.024125,15.466667
3744,1124.800000,15.569459,2,0,0.015291,15.584750
3745,1124.833333,15.943917,2,0,0.019375,15.963292
3746,1124.866667,15.465791,2,0,0.009542,15.475333
3747,1124.900000,15.546958,2,0,0.011208,15.558166
3748,1124.933333,14.862291,2,0,0.010250,14.872541
3749,1124.966667,15.707917,2,0,0.017333,15.725250
3750,1125.000000,14.725625,2,0,0.006167,14.731792
3751,1125.033333,14.159834,2,0,0.005916,14.165750
3752,1125.066667,14.310667,2,0,0.009500,14.320167
3753,1125.100000,14.170791,2,0,0.013834,14.184625
3754,1125.133333,14.377750,2,0,0.007833,14.385583
3755,1125.166667,13.957083,2,0,0.018292,13.975375
3756,1125.200000,14.178291,2,0,0.024459,14.202750
3757,1125.233333,14.724875,2,0,0.013333,14.738208
3758,1125.266667,14.607542,2,0,0.007166,14.614708
3759,1125.300000,15.333750,2,0,0.008084,15.341834
3760,1125.333333,15.450000,2,0,0.020416,15.470416
3761,1125.366667,14.765166,2,0,0.010250,14.775416
3762,1125.400000,15.669208,2,0,0.007875,15.677083
3763,1125.433333,15.448625,2,0,0.014542,15.463167
3764,1125.466667,15.236958,2,0,0.015792,15.252750
3765,1125.500000,15.716000,2,0,0.018541,15.734541
3766,1125.533333,16.357291,2,0,0.008042,16.365333
3767,1125.566667,14.896333,2,0,0.015084,14.911417
3768,1125.600000,15.363709,2,0,0.016666,15.380375
3769,1125.633333,14.766042,2,0,0.006458,14.772500
3770,1125.666667,15.264833,2,0,0.026583,15.291416
3771,1125.700000,15.294083,2,0,0.013500,15.307583
3772,1125.733333,14.975583,2,0,0.018542,14.994125
3773,1125.766667,14.826958,2,0,0.011875,14.838833
3774,1125.800000,14.574750,2,0,0.020209,14.594959
3775,1125.833333,14.854208,2,0,0.021625,14.875833
3776,1125.866667,14.982875,2,0,0.015667,14.998542
3777,1125.900000,14.908042,2,0,0.006917,14.914959
3778,1125.933333,15.443917,2,0,0.012333,15.456250
3779,1125.966667,15.232375,2,0,0.010458,15.242833
3780,1126.000000,13.874667,2,0,0.010333,13.885000
3781,1126.033333,12.594125,2,0,0.006583,12.600708
3782,1126.066667,13.102750,2,0,0.008333,13.111083
3783,1126.100000,13.080250,2,0,0.008833,13.089083
3784,1126.133333,12.802584,2,0,0.006125,12.808709
3785,1126.166667,13.173584,2,0,0.019958,13.193542
3786,1126.200000,13.552459,2,0,0.005083,13.557542
3787,1126.233333,14.227125,2,0,0.017583,14.244708
3788,1126.266667,14.366542,2,0,0.017708,14.384250
3789,1126.300000,15.154416,2,0,0.015084,15.169500
3790,1126.333333,14.510792,2,0,0.016000,14.526792
3791,1126.366667,14.804542,2,0,0.009417,14.813959
3792,1126.400000,14.819125,2,0,0.011125,14.830250
3793,1126.433333,13.128292,2,0,0.009333,13.137625
3794,1126.466667,13.951833,2,0,0.012083,13.963916
3795,1126.500000,13.959875,2,0,0.010583,13.970458
3796,1126.533333,14.024833,2,0,0.009875,14.034708
3797,1126.566667,14.529333,2,0,0.014083,14.543416
3798,1126.600000,14.831250,2,0,0.018083,14.849333
3799,1126.633333,14.517625,2,0,0.017375,14.535000
3800,1126.666667,14.347042,2,0,0.013583,14.360625
3801,1126.700000,14.095334,2,0,0.013208,14.108542
3802,1126.733333,14.290791,2,0,0.009542,14.300333
3803,1126.766667,12.978500,2,0,0.007500,12.986000
3804,1126.800000,13.364709,2,0,0.018958,13.383667
3805,1126.833333,13.277417,2,0,0.006542,13.283959
3806,1126.866667,13.769500,2,0,0.006500,13.776000
3807,1126.900000,13.539625,2,0,0.007916,13.547541
3808,1126.933333,14.066000,2,0,0.007875,14.073875
3809,1126.966667,14.613416,2,0,0.017417,14.630833
3810,1127.000000,13.620125,2,0,0.015959,13.636084
3811,1127.033333,12.464167,2,0,0.008750,12.472917
3812,1127.066667,12.247000,2,0,0.008542,12.255542
3813,1127.100000,13.378125,2,0,0.007833,13.385958
3814,1127.133333,14.304333,2,0,0.008458,14.312791
3815,1127.166667,14.270375,2,0,0.021375,14.291750
3816,1127.200000,15.332458,2,0,0.019667,15.352125
3817,1127.233333,14.243250,2,0,0.020916,14.264166
3818,1127.266667,14.589250,2,0,0.016709,14.605959
3819,1127.300000,14.768750,2,0,0.016583,14.785333
3820,1127.333333,15.216042,2,0,0.009458,15.225500
3821,1127.366667,15.595583,2,0,0.016792,15.612375
3822,1127.400000,15.883250,2,0,0.016167,15.899417
3823,1127.433333,15.455459,2,0,0.029708,15.485167
3824,1127.466667,15.751833,2,0,0.014292,15.766125
3825,1127.500000,15.667708,2,0,0.012208,15.679916
3826,1127.533333,14.220583,2,0,0.006375,14.226958
3827,1127.566667,14.864625,2,0,0.007875,14.872500
3828,1127.600000,15.303125,2,0,0.005541,15.308666
3829,1127.633333,14.983417,2,0,0.007375,14.990792
3830,1127.666667,15.526834,2,0,0.033416,15.560250
3831,1127.700000,15.817791,2,0,0.008375,15.826166
3832,1127.733333,15.971000,2,0,0.016709,15.987709
3833,1127.766667,15.690667,2,0,0.009250,15.699917
3834,1127.800000,15.850875,2,0,0.018791,15.869666
3835,1127.833333,16.228792,2,0,0.021208,16.250000
3836,1127.866667,15.336500,2,0,0.019042,15.355542
3837,1127.900000,15.376000,2,0,0.026417,15.402417
3838,1127.933333,15.008917,2,0,0.023625,15.032542
3839,1127.966667,15.217750,2,0,0.011291,15.229041
3840,1128.000000,16.061791,2,0,0.021792,16.083583
3841,1128.033333,14.026333,2,0,0.004542,14.030875
3842,1128.066667,13.449208,2,0,0.013625,13.462833
3843,1128.100000,14.164792,2,0,0.007417,14.172209
3844,1128.133333,13.277542,2,0,0.006667,13.284209
3845,1128.166667,13.696125,2,0,0.010250,13.706375
3846,1128.200000,13.924208,2,0,0.011459,13.935667
3847,1128.233333,13.459417,2,0,0.010000,13.469417
3848,1128.266667,13.759833,2,0,0.007292,13.767125
3849,1128.300000,13.879625,2,0,0.018125,13.897750
3850,1128.333333,14.429541,2,0,0.009459,14.439000
3851,1128.366667,14.726250,2,0,0.005208,14.731458
3852,1128.400000,15.099125,2,0,0.016208,15.115333
3853,1128.433333,15.021125,2,0,0.008584,15.029709
3854,1128.466667,14.964333,2,0,0.010500,14.974833
3855,1128.500000,15.017500,2,0,0.015583,15.033083
3856,1128.533333,15.233542,2,0,0.019667,15.253209
3857,1128.566667,14.997334,2,0,0.031291,15.028625
3858,1128.600000,14.298584,2,0,0.015458,14.314042
3859,1128.633333,14.366708,2,0,0.017292,14.384000
3860,1128.666667,15.933292,2,0,0.009125,15.942417
3861,1128.700000,14.515375,2,0,0.028709,14.544084
3862,1128.733333,14.801292,2,0,0.019666,14.820958
3863,1128.766667,14.221042,2,0,0.012375,14.233417
3864,1128.800000,14.341375,2,0,0.007041,14.348416
3865,1128.833333,14.939000,2,0,0.016958,14.955958
3866,1128.866667,14.352917,2,0,0.016375,14.369292
3867,1128.900000,14.916583,2,0,0.011333,14.927916
3868,1128.933333,13.152375,2,0,0.007083,13.159458
3869,1128.966667,13.967416,2,0,0.010167,13.977583
3870,1129.000000,14.593958,2,0,0.020583,14.614541
3871,1129.033333,13.448542,2,0,0.008208,13.456750
3872,1129.066667,12.816916,2,0,0.008500,12.825416
3873,1129.100000,13.108792,2,0,0.007125,13.115917
3874,1129.133333,13.432834,2,0,0.005625,13.438459
3875,1129.166667,13.103334,2,0,0.012666,13.116000
3876,1129.200000,12.906833,2,0,0.008250,12.915083
3877,1129.233333,13.288792,2,0,0.010833,13.299625
3878,1129.266667,13.675250,2,0,0.008833,13.684083
3879,1129.300000,14.055875,2,0,0.007375,14.063250
3880,1129.333333,14.700208,2,0,0.019000,14.719208
3881,1129.366667,14.826750,2,0,0.022542,14.849292
3882,1129.400000,14.221291,2,0,0.015750,14.237041
3883,1129.433333,14.773167,2,0,0.009833,14.783000
3884,1129.466667,14.223417,2,0,0.007917,14.231334
3885,1129.500000,14.248584,2,0,0.017125,14.265709
3886,1129.533333,14.191791,2,0,0.012167,14.203958
3887,1129.566667,14.502916,2,0,0.013625,14.516541
3888,1129.600000,14.086500,2,0,0.020666,14.107166
3889,1129.633333,14.270292,2,0,0.014708,14.285000
3890,1129.666667,14.257000,2,0,0.015709,14.272709
3891,1129.700000,14.814084,2,0,0.028750,14.842834
3892,1129.733333,14.734541,2,0,0.019417,14.753958
3893,1129.766667,14.679125,2,0,0.019041,14.698166
3894,1129.800000,14.063041,2,0,0.027000,14.090041
3895,1129.833333,14.067708,2,0,0.010167,14.077875
3896,1129.866667,14.286583,2,0,0.013959,14.300542
3897,1129.900000,13.882042,2,0,0.016250,13.898292
3898,1129.933333,14.300167,2,0,0.018833,14.319000
3899,1129.966667,14.829667,2,0,0.018333,14.848000
3900,1130.000000,14.079750,2,0,0.015458,14.095208
3901,1130.033333,13.040834,2,0,0.008416,13.049250
3902,1130.066667,13.478833,2,0,0.008209,13.487042
3903,1130.100000,13.051000,2,0,0.007375,13.058375
3904,1130.133333,12.719458,2,0,0.007292,12.726750
3905,1130.166667,13.201167,2,0,0.005458,13.206625
3906,1130.200000,16.042416,2,0,0.007750,16.050166
3907,1130.233333,15.225167,2,0,0.025166,15.250333
3908,1130.266667,14.641708,2,0,0.018792,14.660500
3909,1130.300000,15.301209,2,0,0.017583,15.318792
3910,1130.333333,15.803125,2,0,0.008792,15.811917
3911,1130.366667,15.608333,2,0,0.010209,15.618542
3912,1130.400000,18.816084,2,0,0.019291,18.835375
3913,1130.433333,16.806291,2,0,0.023167,16.829458
3914,1130.466667,16.271666,2,0,0.011375,16.283041
3915,1130.500000,16.094209,2,0,0.015500,16.109709
3916,1130.533333,16.170625,2,0,0.017125,16.187750
3917,1130.566667,15.896875,2,0,0.011792,15.908667
3918,1130.600000,16.078750,2,0,0.008834,16.087584
3919,1130.633333,16.051917,2,0,0.015833,16.067750
3920,1130.666667,16.233042,2,0,0.013000,16.246042
3921,1130.700000,16.396792,2,0,0.017583,16.414375
3922,1130.733333,15.782791,2,0,0.019084,15.801875
3923,1130.766667,16.061750,2,0,0.007416,16.069166
3924,1130.800000,15.301708,2,0,0.005583,15.307291
3925,1130.833333,15.450291,2,0,0.015334,15.465625
3926,1130.866667,16.008250,2,0,0.013583,16.021833
3927,1130.900000,16.108083,2,0,0.018084,16.126167
3928,1130.933333,15.867292,2,0,0.016583,15.883875
3929,1130.966667,16.215166,2,0,0.016667,16.231833
3930,1131.000000,15.756500,2,0,0.009959,15.766459
3931,1131.033333,15.459583,2,0,0.025083,15.484666
3932,1131.066667,14.547250,2,0,0.008041,14.555291
3933,1131.100000,14.170000,2,0,0.007000,14.177000
3934,1131.133333,14.862208,2,0,0.009084,14.871292
3935,1131.166667,14.446500,2,0,0.007542,14.454042
3936,1131.200000,13.959875,2,0,0.011666,13.971541
3937,1131.233333,13.523875,2,0,0.009709,13.533584
3938,1131.266667,13.940791,2,0,0.009375,13.950166
3939,1131.300000,13.871333,2,0,0.017792,13.889125
3940,1131.333333,14.554375,2,0,0.013042,14.567417
3941,1131.366667,15.207042,2,0,0.010666,15.217708
3942,1131.400000,14.439250,2,0,0.009792,14.449042
3943,1131.433333,14.346708,2,0,0.010625,14.357333
3944,1131.466667,14.752667,2,0,0.022083,14.774750
3945,1131.500000,14.812250,2,0,0.005584,14.817834
3946,1131.533333,14.486667,2,0,0.005667,14.492334
3947,1131.566667,15.112708,2,0,0.018459,15.131167
3948,1131.600000,15.484333,2,0,0.005917,15.490250
3949,1131.633333,15.251167,2,0,0.018708,15.269875
3950,1131.666667,15.231875,2,0,0.016583,15.248458
3951,1131.700000,15.054667,2,0,0.012583,15.067250
3952,1131.733333,14.968625,2,0,0.009583,14.978208
3953,1131.766667,14.707250,2,0,0.008666,14.715916
3954,1131.800000,16.198292,2,0,0.009708,16.208000
3955,1131.833333,13.727250,2,0,0.012000,13.739250
3956,1131.866667,14.092292,2,0,0.016666,14.108958
3957,1131.900000,14.574250,2,0,0.018333,14.592583
3958,1131.933333,15.169417,2,0,0.020458,15.189875
3959,1131.966667,14.714875,2,0,0.018791,14.733666
3960,1132.000000,14.754291,2,0,0.019042,14.773333
3961,1132.033333,14.052333,2,0,0.019917,14.072250
3962,1132.066667,13.412125,2,0,0.007958,13.420083
3963,1132.100000,12.496250,2,0,0.007541,12.503791
3964,1132.133333,12.659084,2,0,0.004916,12.664000
3965,1132.166667,12.526459,2,0,0.006083,12.532542
3966,1132.200000,13.404458,2,0,0.006084,13.410542
3967,1132.233333,12.445959,2,0,0.008750,12.454709
3968,1132.266667,12.306750,2,0,0.023500,12.330250
3969,1132.300000,12.782541,2,0,0.013334,12.795875
3970,1132.333333,13.632041,2,0,0.007959,13.640000
3971,1132.366667,16.627500,2,0,0.013875,16.641375
3972,1132.400000,16.741916,2,0,0.018459,16.760375
3973,1132.433333,15.884416,2,0,0.019750,15.904166
3974,1132.466667,16.499541,2,0,0.012792,16.512333
3975,1132.500000,16.510083,2,0,0.009667,16.519750
3976,1132.533333,16.534125,2,0,0.021000,16.555125
3977,1132.566667,15.604750,2,0,0.013500,15.618250
3978,1132.600000,16.040709,2,0,0.014916,16.055625
3979,1132.633333,15.078500,2,0,0.013291,15.091791
3980,1132.666667,16.619250,2,0,0.010083,16.629333
3981,1132.700000,16.595000,2,0,0.006000,16.601000
3982,1132.733333,16.183041,2,0,0.011792,16.194833
3983,1132.766667,15.030792,2,0,0.010958,15.041750
3984,1132.800000,16.036416,2,0,0.024167,16.060583
3985,1132.833333,15.054416,2,0,0.007750,15.062166
3986,1132.866667,15.811542,2,0,0.007417,15.818959
3987,1132.900000,16.347042,2,0,0.011458,16.358500
3988,1132.933333,16.098417,2,0,0.006625,16.105042
3989,1132.966667,16.215417,2,0,0.007500,16.222917
3990,1133.000000,15.455000,2,0,0.015375,15.470375
3991,1133.033333,15.745000,2,0,0.011583,15.756583
3992,1133.066667,15.622833,2,0,0.028417,15.651250
3993,1133.100000,15.142291,2,0,0.011834,15.154125
3994,1133.133333,14.360541,2,0,0.008709,14.369250
3995,1133.166667,14.674417,2,0,0.006625,14.681042
3996,1133.200000,14.326208,2,0,0.010167,14.336375
3997,1133.233333,14.177791,2,0,0.007917,14.185708
3998,1133.266667,14.495667,2,0,0.007417,14.503084
3999,1133.300000,15.171625,2,0,0.013750,15.185375
4000,1133.333333,15.726917,2,0,0.013833,15.740750
4001,1133.366667,15.352958,2,0,0.018083,15.371041
4002,1133.400000,15.630833,2,0,0.017667,15.648500
4003,1133.433333,15.636084,2,0,0.009291,15.645375
4004,1133.466667,15.660625,2,0,0.018250,15.678875
4005,1133.500000,15.446292,2,0,0.021292,15.467584
4006,1133.533333,15.576500,2,0,0.023833,15.600333
4007,1133.566667,15.261125,2,0,0.018500,15.279625
4008,1133.600000,15.490583,2,0,0.024500,15.515083
4009,1133.633333,15.342625,2,0,0.010208,15.352833
4010,1133.666667,15.417458,2,0,0.010209,15.427667
4011,1133.700000,13.317584,2,0,0.008416,13.326000
4012,1133.733333,14.170500,2,0,0.035500,14.206000
4013,1133.766667,14.929500,2,0,0.009334,14.938834
4014,1133.800000,14.135083,2,0,0.006250,14.141333
4015,1133.833333,14.397750,2,0,0.011125,14.408875
4016,1133.866667,15.125083,2,0,0.020625,15.145708
4017,1133.900000,15.342084,2,0,0.013791,15.355875
4018,1133.933333,14.791959,2,0,0.021625,14.813584
4019,1133.966667,14.778500,2,0,0.005792,14.784292
4020,1134.000000,15.715875,2,0,0.010500,15.726375
4021,1134.033333,17.860417,2,0,0.018542,17.878959
4022,1134.066667,17.131125,2,0,0.009541,17.140666
4023,1134.100000,16.029667,2,0,0.007750,16.037417
4024,1134.133333,14.934584,2,0,0.007791,14.942375
4025,1134.166667,15.705584,2,0,0.008833,15.714417
4026,1134.200000,15.315875,2,0,0.008584,15.324459
4027,1134.233333,14.491500,2,0,0.008125,14.499625
4028,1134.266667,15.039792,2,0,0.008583,15.048375
4029,1134.300000,15.110792,2,0,0.014250,15.125042
4030,1134.333333,15.066583,2,0,0.012625,15.079208
4031,1134.366667,15.522791,2,0,0.008375,15.531166
4032,1134.400000,15.630708,2,0,0.014250,15.644958
4033,1134.433333,15.906041,2,0,0.034584,15.940625
4034,1134.466667,15.816500,2,0,0.007292,15.823792
4035,1134.500000,16.583333,2,0,0.014333,16.597666
4036,1134.533333,15.964459,2,0,0.016625,15.981084
4037,1134.566667,15.506166,2,0,0.018834,15.525000
4038,1134.600000,15.458667,2,0,0.008167,15.466834
4039,1134.633333,15.638167,2,0,0.017583,15.655750
4040,1134.666667,15.714000,2,0,0.024042,15.738042
4041,1134.700000,15.450000,2,0,0.013875,15.463875
4042,1134.733333,15.195458,2,0,0.016250,15.211708
4043,1134.766667,15.778459,2,0,0.014916,15.793375
4044,1134.800000,15.541708,2,0,0.022542,15.564250
4045,1134.833333,16.414125,2,0,0.018542,16.432667
4046,1134.866667,16.115292,2,0,0.018667,16.133959
4047,1134.900000,15.491084,2,0,0.014666,15.505750
4048,1134.933333,15.648833,2,0,0.006167,15.655000
4049,1134.966667,15.858042,2,0,0.024417,15.882459
4050,1135.000000,15.649000,2,0,0.012125,15.661125
4051,1135.033333,15.375625,2,0,0.009958,15.385583
4052,1135.066667,15.436291,2,0,0.028042,15.464333
4053,1135.100000,14.368292,2,0,0.008458,14.376750
4054,1135.133333,13.605333,2,0,0.008875,13.614208
4055,1135.166667,13.799125,2,0,0.004875,13.804000
4056,1135.200000,13.213833,2,0,0.007709,13.221542
4057,1135.233333,13.495958,2,0,0.010084,13.506042
4058,1135.266667,14.639375,2,0,0.019334,14.658709
4059,1135.300000,13.693958,2,0,0.008125,13.702083
4060,1135.333333,14.247000,2,0,0.016167,14.263167
4061,1135.366667,15.386500,2,0,0.019667,15.406167
4062,1135.400000,14.729792,2,0,0.018542,14.748334
4063,1135.433333,14.895875,2,0,0.013792,14.909667
4064,1135.466667,15.387917,2,0,0.015250,15.403167
4065,1135.500000,14.078583,2,0,0.011000,14.089583
4066,1135.533333,14.006292,2,0,0.012416,14.018708
4067,1135.566667,14.440834,2,0,0.019958,14.460792
4068,1135.600000,15.533875,2,0,0.012584,15.546459
4069,1135.633333,15.299958,2,0,0.030708,15.330666
4070,1135.666667,14.722959,2,0,0.017250,14.740209
4071,1135.700000,14.995250,2,0,0.008041,15.003291
4072,1135.733333,15.523125,2,0,0.016041,15.539166
4073,1135.766667,14.831208,2,0,0.019250,14.850458
4074,1135.800000,16.185250,2,0,0.019167,16.204417
4075,1135.833333,17.039083,2,0,0.017458,17.056541
4076,1135.866667,16.542333,2,0,0.012958,16.555291
4077,1135.900000,16.658791,2,0,0.014084,16.672875
4078,1135.933333,16.424833,2,0,0.017542,16.442375
4079,1135.966667,16.371042,2,0,0.018791,16.389833
4080,1136.000000,16.353833,2,0,0.019667,16.373500
4081,1136.033333,16.370458,2,0,0.018292,16.388750
4082,1136.066667,15.966041,2,0,0.010125,15.976166
4083,1136.100000,16.083167,2,0,0.004708,16.087875
4084,1136.133333,14.653667,2,0,0.008083,14.661750
4085,1136.166667,14.964834,2,0,0.004916,14.969750
4086,1136.200000,15.207917,2,0,0.006958,15.214875
4087,1136.233333,15.229125,2,0,0.008959,15.238084
4088,1136.266667,15.267375,2,0,0.013875,15.281250
4089,1136.300000,14.628250,2,0,0.013541,14.641791
4090,1136.333333,15.978625,2,0,0.018292,15.996917
4091,1136.366667,15.175041,2,0,0.011042,15.186083
4092,1136.400000,15.792250,2,0,0.017917,15.810167
4093,1136.433333,15.806791,2,0,0.017750,15.824541
4094,1136.466667,15.580583,2,0,0.019209,15.599792
4095,1136.500000,15.665583,2,0,0.017625,15.683208
4096,1136.533333,15.366334,2,0,0.008166,15.374500
4097,1136.566667,15.929459,2,0,0.018541,15.948000
4098,1136.600000,16.094125,2,0,0.017583,16.111708
4099,1136.633333,15.536959,2,0,0.018666,15.555625
4100,1136.666667,15.419875,2,0,0.020000,15.439875
4101,1136.700000,15.514667,2,0,0.014500,15.529167
4102,1136.733333,15.952042,2,0,0.011750,15.963792
4103,1136.766667,15.197917,2,0,0.018458,15.216375
4104,1136.800000,16.346500,2,0,0.016584,16.363084
4105,1136.833333,14.704666,2,0,0.011334,14.716000
4106,1136.866667,14.702125,2,0,0.011459,14.713584
4107,1136.900000,14.454250,2,0,0.019042,14.473292
4108,1136.933333,15.140333,2,0,0.023542,15.163875
4109,1136.966667,14.920541,2,0,0.021417,14.941958
4110,1137.000000,15.209708,2,0,0.012542,15.222250
4111,1137.033333,15.394542,2,0,0.013375,15.407917
4112,1137.066667,15.071708,2,0,0.005208,15.076916
4113,1137.100000,15.300416,2,0,0.024167,15.324583
4114,1137.133333,13.953750,2,0,0.008084,13.961834
4115,1137.166667,14.201167,2,0,0.007750,14.208917
4116,1137.200000,14.118000,2,0,0.009458,14.127458
4117,1137.233333,13.411292,2,0,0.009292,13.420584
4118,1137.266667,13.326292,2,0,0.009708,13.336000
4119,1137.300000,12.969459,2,0,0.012458,12.981917
4120,1137.333333,15.076084,2,0,0.020125,15.096209
4121,1137.366667,15.195916,2,0,0.011459,15.207375
4122,1137.400000,15.744792,2,0,0.008291,15.753083
4123,1137.433333,15.995334,2,0,0.021166,16.016500
4124,1137.466667,16.042666,2,0,0.013084,16.055750
4125,1137.500000,15.116708,2,0,0.008417,15.125125
4126,1137.533333,15.643000,2,0,0.024375,15.667375
4127,1137.566667,15.085583,2,0,0.028667,15.114250
4128,1137.600000,15.201083,2,0,0.010917,15.212000
4129,1137.633333,15.193666,2,0,0.027500,15.221166
4130,1137.666667,15.733541,2,0,0.010209,15.743750
4131,1137.700000,15.702833,2,0,0.013333,15.716166
4132,1137.733333,15.693166,2,0,0.012542,15.705708
4133,1137.766667,14.780500,2,0,0.009667,14.790167
4134,1137.800000,14.666917,2,0,0.011583,14.678500
4135,1137.833333,16.086708,2,0,0.012167,16.098875
4136,1137.866667,15.649333,2,0,0.022667,15.672000
4137,1137.900000,15.301875,2,0,0.004416,15.306291
4138,1137.933333,15.775458,2,0,0.008125,15.783583
4139,1137.966667,15.777125,2,0,0.010500,15.787625
4140,1138.000000,14.951667,2,0,0.009083,14.960750
4141,1138.033333,15.199500,2,0,0.009583,15.209083
4142,1138.066667,14.707834,2,0,0.009291,14.717125
4143,1138.100000,14.408958,2,0,0.008959,14.417917
4144,1138.133333,14.243250,2,0,0.007666,14.250916
4145,1138.166667,14.030667,2,0,0.008666,14.039333
4146,1138.200000,13.667083,2,0,0.008917,13.676000
4147,1138.233333,13.533917,2,0,0.009208,13.543125
4148,1138.266667,13.740959,2,0,0.012416,13.753375
4149,1138.300000,13.963750,2,0,0.019084,13.982834
4150,1138.333333,13.832042,2,0,0.018417,13.850459
4151,1138.366667,14.295166,2,0,0.011625,14.306791
4152,1138.400000,14.614500,2,0,0.017917,14.632417
4153,1138.433333,14.695541,2,0,0.007334,14.702875
4154,1138.466667,14.847875,2,0,0.008000,14.855875
4155,1138.500000,14.965500,2,0,0.012958,14.978458
4156,1138.533333,13.984250,2,0,0.019500,14.003750
4157,1138.566667,15.053000,2,0,0.013459,15.066459
4158,1138.600000,15.073709,2,0,0.025916,15.099625
4159,1138.633333,14.930000,2,0,0.014584,14.944584
4160,1138.666667,14.208750,2,0,0.011042,14.219792
4161,1138.700000,13.437791,2,0,0.010250,13.448041
4162,1138.733333,13.438208,2,0,0.010792,13.449000
4163,1138.766667,13.343667,2,0,0.009833,13.353500
4164,1138.800000,14.108291,2,0,0.026125,14.134416
4165,1138.833333,16.630917,2,0,0.017625,16.648542
4166,1138.866667,16.964750,2,0,0.025791,16.990541
4167,1138.900000,17.016875,2,0,0.007000,17.023875
4168,1138.933333,16.447542,2,0,0.024083,16.471625
4169,1138.966667,16.428084,2,0,0.016458,16.444542
4170,1139.000000,16.997416,2,0,0.024042,17.021458
4171,1139.033333,16.715292,2,0,0.022333,16.737625
4172,1139.066667,16.794750,2,0,0.017042,16.811792
4173,1139.100000,16.792416,2,0,0.021625,16.814041
4174,1139.133333,16.864958,2,0,0.011375,16.876333
4175,1139.166667,15.423958,2,0,0.012375,15.436333
4176,1139.200000,15.790125,2,0,0.004875,15.795000
4177,1139.233333,15.774500,2,0,0.004541,15.779041
4178,1139.266667,15.630292,2,0,0.009792,15.640084
4179,1139.300000,15.316708,2,0,0.012542,15.329250
4180,1139.333333,15.818833,2,0,0.015375,15.834208
4181,1139.366667,16.065500,2,0,0.019584,16.085084
4182,1139.400000,17.024166,2,0,0.019209,17.043375
4183,1139.433333,15.068084,2,0,0.008666,15.076750
4184,1139.466667,15.575416,2,0,0.010375,15.585791
4185,1139.500000,15.521834,2,0,0.012041,15.533875
4186,1139.533333,15.332875,2,0,0.010750,15.343625
4187,1139.566667,15.379958,2,0,0.008833,15.388791
4188,1139.600000,15.184875,2,0,0.009916,15.194791
4189,1139.633333,15.617583,2,0,0.016292,15.633875
4190,1139.666667,15.928000,2,0,0.005834,15.933834
4191,1139.700000,15.131459,2,0,0.008041,15.139500
4192,1139.733333,15.309625,2,0,0.019292,15.328917
4193,1139.766667,16.145834,2,0,0.020666,16.166500
4194,1139.800000,15.782000,2,0,0.010541,15.792541
4195,1139.833333,15.837709,2,0,0.013583,15.851292
4196,1139.866667,14.567417,2,0,0.008625,14.576042
4197,1139.900000,14.802416,2,0,0.009125,14.811541
4198,1139.933333,14.505375,2,0,0.010000,14.515375
4199,1139.966667,14.808834,2,0,0.007625,14.816459
4200,1140.000000,15.102000,2,0,0.008542,15.110542
4201,1140.033333,15.117709,2,0,0.021458,15.139167
4202,1140.066667,15.703959,2,0,0.018250,15.722209
4203,1140.100000,15.424583,2,0,0.019500,15.444083
4204,1140.133333,15.531250,2,0,0.018250,15.549500
4205,1140.166667,14.064333,2,0,0.006667,14.071000
4206,1140.200000,13.278875,2,0,0.008709,13.287584
4207,1140.233333,13.612833,2,0,0.012917,13.625750
4208,1140.266667,14.036084,2,0,0.009666,14.045750
4209,1140.300000,13.621208,2,0,0.009167,13.630375
4210,1140.333333,13.526667,2,0,0.008875,13.535542
4211,1140.366667,13.874875,2,0,0.017084,13.891959
4212,1140.400000,13.902833,2,0,0.017417,13.920250
4213,1140.433333,13.792375,2,0,0.014583,13.806958
4214,1140.466667,13.879834,2,0,0.015083,13.894917
4215,1140.500000,14.058750,2,0,0.019625,14.078375
4216,1140.533333,14.804500,2,0,0.007500,14.812000
4217,1140.566667,14.912500,2,0,0.010208,14.922708
4218,1140.600000,14.294500,2,0,0.009584,14.304084
4219,1140.633333,14.661167,2,0,0.006708,14.667875
4220,1140.666667,14.584583,2,0,0.010750,14.595333
4221,1140.700000,14.561042,2,0,0.016875,14.577917
4222,1140.733333,13.976458,2,0,0.008459,13.984917
4223,1140.766667,14.239042,2,0,0.009333,14.248375
4224,1140.800000,16.346333,2,0,0.016333,16.362666
4225,1140.833333,14.056958,2,0,0.009625,14.066583
4226,1140.866667,17.617125,2,0,0.018458,17.635583
4227,1140.900000,17.682750,2,0,0.019333,17.702083
4228,1140.933333,15.496709,2,0,0.009083,15.505792
4229,1140.966667,15.729333,2,0,0.028125,15.757458
4230,1141.000000,15.288958,2,0,0.008958,15.297916
4231,1141.033333,15.139542,2,0,0.026375,15.165917
4232,1141.066667,15.516625,2,0,0.012583,15.529208
4233,1141.100000,16.316958,2,0,0.020542,16.337500
4234,1141.133333,15.407000,2,0,0.008375,15.415375
4235,1141.166667,14.608625,2,0,0.009667,14.618292
4236,1141.200000,14.672500,2,0,0.009500,14.682000
4237,1141.233333,14.842584,2,0,0.008041,14.850625
4238,1141.266667,14.385542,2,0,0.010625,14.396167
4239,1141.300000,14.301125,2,0,0.007875,14.309000
4240,1141.333333,14.552959,2,0,0.017750,14.570709
4241,1141.366667,15.334167,2,0,0.016000,15.350167
4242,1141.400000,14.190875,2,0,0.016209,14.207084
4243,1141.433333,15.106708,2,0,0.004834,15.111542
4244,1141.466667,15.477083,2,0,0.018750,15.495833
4245,1141.500000,15.768167,2,0,0.011833,15.780000
4246,1141.533333,15.382500,2,0,0.016916,15.399416
4247,1141.566667,16.487459,2,0,0.012291,16.499750
4248,1141.600000,14.824125,2,0,0.007250,14.831375
4249,1141.633333,15.655333,2,0,0.018084,15.673417
4250,1141.666667,15.028791,2,0,0.023667,15.052458
4251,1141.700000,14.449417,2,0,0.015583,14.465000
4252,1141.733333,14.294541,2,0,0.014667,14.309208
4253,1141.766667,14.449292,2,0,0.009750,14.459042
4254,1141.800000,14.602083,2,0,0.019709,14.621792
4255,1141.833333,15.421708,2,0,0.007833,15.429541
4256,1141.866667,16.314208,2,0,0.013917,16.328125
4257,1141.900000,16.047792,2,0,0.008667,16.056459
4258,1141.933333,16.814625,2,0,0.028333,16.842958
4259,1141.966667,15.755666,2,0,0.017959,15.773625
4260,1142.000000,15.687000,2,0,0.017500,15.704500
4261,1142.033333,15.644792,2,0,0.021000,15.665792
4262,1142.066667,15.479375,2,0,0.017875,15.497250
4263,1142.100000,15.373292,2,0,0.008208,15.381500
4264,1142.133333,15.953417,2,0,0.016250,15.969667
4265,1142.166667,14.991583,2,0,0.007959,14.999542
4266,1142.200000,14.311958,2,0,0.008417,14.320375
4267,1142.233333,13.676417,2,0,0.008666,13.685083
4268,1142.266667,13.858709,2,0,0.008875,13.867584
4269,1142.300000,14.346750,2,0,0.015625,14.362375
4270,1142.333333,13.890417,2,0,0.008333,13.898750
4271,1142.366667,14.541208,2,0,0.012167,14.553375
4272,1142.400000,13.428541,2,0,0.026834,13.455375
4273,1142.433333,14.111292,2,0,0.021375,14.132667
4274,1142.466667,13.958416,2,0,0.023667,13.982083
4275,1142.500000,14.467667,2,0,0.015875,14.483542
4276,1142.533333,15.053250,2,0,0.012208,15.065458
4277,1142.566667,14.299083,2,0,0.009542,14.308625
4278,1142.600000,14.647000,2,0,0.020958,14.667958
4279,1142.633333,14.565667,2,0,0.011041,14.576708
4280,1142.666667,14.489417,2,0,0.017166,14.506583
4281,1142.700000,14.671167,2,0,0.022166,14.693333
4282,1142.733333,14.501166,2,0,0.014084,14.515250
4283,1142.766667,14.382750,2,0,0.014291,14.397041
4284,1142.800000,14.622166,2,0,0.019459,14.641625
4285,1142.833333,14.091875,2,0,0.013167,14.105042
4286,1142.866667,14.914500,2,0,0.011750,14.926250
4287,1142.900000,14.708833,2,0,0.022875,14.731708
4288,1142.933333,14.251042,2,0,0.007375,14.258417
4289,1142.966667,13.677083,2,0,0.008750,13.685833
4290,1143.000000,13.708084,2,0,0.017041,13.725125
4291,1143.033333,13.916042,2,0,0.008333,13.924375
4292,1143.066667,13.763334,2,0,0.008375,13.771709
4293,1143.100000,13.523750,2,0,0.008084,13.531834
4294,1143.133333,13.739625,2,0,0.008458,13.748083
4295,1143.166667,13.847542,2,0,0.008917,13.856459
4296,1143.200000,15.835875,2,0,0.007417,15.843292
4297,1143.233333,15.021166,2,0,0.017167,15.038333
4298,1143.266667,15.254000,2,0,0.007750,15.261750
4299,1143.300000,15.498833,2,0,0.010125,15.508958
4300,1143.333333,14.898333,2,0,0.009542,14.907875
4301,1143.366667,14.465834,2,0,0.018166,14.484000
4302,1143.400000,14.497375,2,0,0.021542,14.518917
4303,1143.433333,14.960625,2,0,0.024292,14.984917
4304,1143.466667,14.375667,2,0,0.012667,14.388334
4305,1143.500000,14.799875,2,0,0.017791,14.817666
4306,1143.533333,14.048583,2,0,0.015000,14.063583
4307,1143.566667,14.369375,2,0,0.017041,14.386416
4308,1143.600000,14.111958,2,0,0.017208,14.129166
4309,1143.633333,14.151417,2,0,0.008666,14.160083
4310,1143.666667,13.813291,2,0,0.016542,13.829833
4311,1143.700000,14.982834,2,0,0.009208,14.992042
4312,1143.733333,16.954375,2,0,0.008292,16.962667
4313,1143.766667,15.900959,2,0,0.007000,15.907959
4314,1143.800000,15.880000,2,0,0.007792,15.887792
4315,1143.833333,16.703041,2,0,0.019167,16.722208
4316,1143.866667,16.677917,2,0,0.017791,16.695708
4317,1143.900000,16.248625,2,0,0.019875,16.268500
4318,1143.933333,16.213375,2,0,0.011833,16.225208
4319,1143.966667,16.406833,2,0,0.019833,16.426666
4320,1144.000000,15.744167,2,0,0.008583,15.752750
4321,1144.033333,15.519125,2,0,0.010250,15.529375
4322,1144.066667,15.394875,2,0,0.016334,15.411209
4323,1144.100000,15.669084,2,0,0.007916,15.677000
4324,1144.133333,15.056041,2,0,0.021542,15.077583
4325,1144.166667,15.278375,2,0,0.013875,15.292250
4326,1144.200000,13.879500,2,0,0.009000,13.888500
4327,1144.233333,13.939583,2,0,0.008792,13.948375
4328,1144.266667,13.461666,2,0,0.018959,13.480625
4329,1144.300000,13.125166,2,0,0.008125,13.133291
4330,1144.333333,13.200166,2,0,0.009125,13.209291
4331,1144.366667,12.556916,2,0,0.010167,12.567083
4332,1144.400000,12.995666,2,0,0.013417,13.009083
4333,1144.433333,14.000791,2,0,0.011167,14.011958
4334,1144.466667,14.047417,2,0,0.013166,14.060583
4335,1144.500000,13.981625,2,0,0.018542,14.000167
4336,1144.533333,15.166000,2,0,0.006292,15.172292
4337,1144.566667,18.214958,2,0,0.018917,18.233875
4338,1144.600000,17.214208,2,0,0.017833,17.232041
4339,1144.633333,16.800125,2,0,0.012125,16.812250
4340,1144.666667,16.858291,2,0,0.011375,16.869666
4341,1144.700000,15.792667,2,0,0.014000,15.806667
4342,1144.733333,14.049417,2,0,0.017708,14.067125
4343,1144.766667,15.102750,2,0,0.006833,15.109583
4344,1144.800000,14.969084,2,0,0.014041,14.983125
4345,1144.833333,15.240167,2,0,0.010083,15.250250
4346,1144.866667,14.996292,2,0,0.018000,15.014292
4347,1144.900000,14.777375,2,0,0.007792,14.785167
4348,1144.933333,14.900000,2,0,0.007708,14.907708
4349,1144.966667,15.244333,2,0,0.020750,15.265083
4350,1145.000000,14.465291,2,0,0.013084,14.478375
4351,1145.033333,14.531542,2,0,0.012417,14.543959
4352,1145.066667,14.819708,2,0,0.015208,14.834916
4353,1145.100000,16.631875,2,0,0.008750,16.640625
4354,1145.133333,16.062125,2,0,0.014166,16.076291
4355,1145.166667,15.900000,2,0,0.012167,15.912167
4356,1145.200000,13.916292,2,0,0.005792,13.922084
4357,1145.233333,13.617375,2,0,0.008209,13.625584
4358,1145.266667,14.182459,2,0,0.009000,14.191459
4359,1145.300000,13.712792,2,0,0.006875,13.719667
4360,1145.333333,13.138708,2,0,0.006958,13.145666
4361,1145.366667,13.467125,2,0,0.011333,13.478458
4362,1145.400000,12.979167,2,0,0.017042,12.996209
4363,1145.433333,13.912458,2,0,0.010209,13.922667
4364,1145.466667,14.996583,2,0,0.009584,15.006167
4365,1145.500000,14.114459,2,0,0.008041,14.122500
4366,1145.533333,14.048458,2,0,0.015375,14.063833
4367,1145.566667,14.980666,2,0,0.016084,14.996750
4368,1145.600000,14.419916,2,0,0.008459,14.428375
4369,1145.633333,14.936292,2,0,0.013833,14.950125
4370,1145.666667,14.248167,2,0,0.005500,14.253667
4371,1145.700000,14.298417,2,0,0.016583,14.315000
4372,1145.733333,14.601583,2,0,0.023084,14.624667
4373,1145.766667,14.961208,2,0,0.011833,14.973041
4374,1145.800000,13.876125,2,0,0.008917,13.885042
4375,1145.833333,14.298667,2,0,0.012958,14.311625
4376,1145.866667,14.017708,2,0,0.009000,14.026708
4377,1145.900000,14.011292,2,0,0.012125,14.023417
4378,1145.933333,14.150708,2,0,0.010959,14.161667
4379,1145.966667,13.015084,2,0,0.006583,13.021667
4380,1146.000000,16.700542,2,0,0.016292,16.716834
4381,1146.033333,16.467875,2,0,0.019541,16.487416
4382,1146.066667,16.428500,2,0,0.023333,16.451833
4383,1146.100000,15.456666,2,0,0.018750,15.475416
4384,1146.133333,15.828291,2,0,0.018292,15.846583
4385,1146.166667,15.827209,2,0,0.019291,15.846500
4386,1146.200000,14.521209,2,0,0.009875,14.531084
4387,1146.233333,13.707291,2,0,0.015542,13.722833
4388,1146.266667,13.655125,2,0,0.007542,13.662667
4389,1146.300000,13.353917,2,0,0.007958,13.361875
4390,1146.333333,13.304792,2,0,0.008375,13.313167
4391,1146.366667,12.782000,2,0,0.009708,12.791708
4392,1146.400000,13.013666,2,0,0.011667,13.025333
4393,1146.433333,13.369625,2,0,0.021208,13.390833
4394,1146.466667,13.964333,2,0,0.015917,13.980250
4395,1146.500000,14.029541,2,0,0.018209,14.047750
4396,1146.533333,14.389125,2,0,0.018000,14.407125
4397,1146.566667,14.068667,2,0,0.019667,14.088334
4398,1146.600000,14.382417,2,0,0.025958,14.408375
4399,1146.633333,13.947667,2,0,0.011125,13.958792
4400,1146.666667,14.848000,2,0,0.009917,14.857917
4401,1146.700000,17.581958,2,0,0.009917,17.591875
4402,1146.733333,16.114750,2,0,0.006333,16.121083
4403,1146.766667,16.562916,2,0,0.007917,16.570833
4404,1146.800000,16.472334,2,0,0.011375,16.483709
4405,1146.833333,16.673416,2,0,0.018709,16.692125
4406,1146.866667,15.659833,2,0,0.018083,15.677916
4407,1146.900000,16.080208,2,0,0.013167,16.093375
4408,1146.933333,15.735083,2,0,0.020417,15.755500
4409,1146.966667,15.635875,2,0,0.009417,15.645292
4410,1147.000000,16.039917,2,0,0.012958,16.052875
4411,1147.033333,14.762250,2,0,0.021542,14.783792
4412,1147.066667,15.587250,2,0,0.011750,15.599000
4413,1147.100000,15.770042,2,0,0.019750,15.789792
4414,1147.133333,16.651708,2,0,0.006542,16.658250
4415,1147.166667,14.372833,2,0,0.017333,14.390166
4416,1147.200000,14.313875,2,0,0.008667,14.322542
4417,1147.233333,13.963625,2,0,0.006542,13.970167
4418,1147.266667,13.579208,2,0,0.007917,13.587125
4419,1147.300000,13.047292,2,0,0.006958,13.054250
4420,1147.333333,13.036041,2,0,0.009250,13.045291
4421,1147.366667,13.309583,2,0,0.008542,13.318125
4422,1147.400000,13.426000,2,0,0.010625,13.436625
4423,1147.433333,14.197875,2,0,0.019333,14.217208
4424,1147.466667,14.405209,2,0,0.004833,14.410042
4425,1147.500000,14.302208,2,0,0.008042,14.310250
4426,1147.533333,14.552375,2,0,0.018084,14.570459
4427,1147.566667,15.100500,2,0,0.010791,15.111291
4428,1147.600000,14.414292,2,0,0.011583,14.425875
4429,1147.633333,14.956250,2,0,0.018750,14.975000
4430,1147.666667,14.788250,2,0,0.017125,14.805375
4431,1147.700000,14.810250,2,0,0.011125,14.821375
4432,1147.733333,15.563625,2,0,0.017250,15.580875
4433,1147.766667,16.595834,2,0,0.020125,16.615959
4434,1147.800000,16.893500,2,0,0.016333,16.909833
4435,1147.833333,16.260916,2,0,0.012417,16.273333
4436,1147.866667,16.225875,2,0,0.009125,16.235000
4437,1147.900000,15.390291,2,0,0.009584,15.399875
4438,1147.933333,16.154458,2,0,0.008792,16.163250
4439,1147.966667,16.256542,2,0,0.049250,16.305792
4440,1148.000000,16.158291,2,0,0.009667,16.167958
4441,1148.033333,15.956291,2,0,0.010292,15.966583
4442,1148.066667,15.719458,2,0,0.016459,15.735917
4443,1148.100000,16.044750,2,0,0.019667,16.064417
4444,1148.133333,15.463625,2,0,0.021292,15.484917
4445,1148.166667,15.381917,2,0,0.023833,15.405750
4446,1148.200000,15.703333,2,0,0.016667,15.720000
4447,1148.233333,14.597750,2,0,0.007583,14.605333
4448,1148.266667,13.729833,2,0,0.005250,13.735083
4449,1148.300000,13.361708,2,0,0.006625,13.368333
4450,1148.333333,13.633000,2,0,0.011958,13.644958
4451,1148.366667,13.514792,2,0,0.008416,13.523208
4452,1148.400000,13.158542,2,0,0.009750,13.168292
4453,1148.433333,14.177792,2,0,0.020292,14.198084
4454,1148.466667,13.726000,2,0,0.016667,13.742667
4455,1148.500000,15.285458,2,0,0.018750,15.304208
4456,1148.533333,16.604583,2,0,0.018750,16.623333
4457,1148.566667,16.155625,2,0,0.017583,16.173208
4458,1148.600000,16.510625,2,0,0.016583,16.527208
4459,1148.633333,15.415917,2,0,0.027292,15.443209
4460,1148.666667,15.397166,2,0,0.018000,15.415166
4461,1148.700000,15.640875,2,0,0.011292,15.652167
4462,1148.733333,15.581334,2,0,0.009875,15.591209
4463,1148.766667,16.213625,2,0,0.022334,16.235959
4464,1148.800000,15.385958,2,0,0.009250,15.395208
4465,1148.833333,15.122875,2,0,0.018875,15.141750
4466,1148.866667,15.116583,2,0,0.023459,15.140042
4467,1148.900000,15.222792,2,0,0.010000,15.232792
4468,1148.933333,15.426208,2,0,0.016458,15.442666
4469,1148.966667,15.616208,2,0,0.022417,15.638625
4470,1149.000000,14.548583,2,0,0.018250,14.566833
4471,1149.033333,15.198166,2,0,0.010917,15.209083
4472,1149.066667,14.924292,2,0,0.027583,14.951875
4473,1149.100000,15.002750,2,0,0.018708,15.021458
4474,1149.133333,15.342709,2,0,0.018000,15.360709
4475,1149.166667,14.477917,2,0,0.010041,14.487958
4476,1149.200000,14.791042,2,0,0.005458,14.796500
4477,1149.233333,13.279583,2,0,0.006334,13.285917
4478,1149.266667,13.098750,2,0,0.008125,13.106875
4479,1149.300000,13.039417,2,0,0.007542,13.046959
4480,1149.333333,13.782791,2,0,0.006084,13.788875
4481,1149.366667,15.117000,2,0,0.012584,15.129584
4482,1149.400000,15.401750,2,0,0.008542,15.410292
4483,1149.433333,14.892166,2,0,0.012500,14.904666
4484,1149.466667,15.134000,2,0,0.009541,15.143541
4485,1149.500000,15.708209,2,0,0.018333,15.726542
4486,1149.533333,15.307625,2,0,0.008542,15.316167
4487,1149.566667,16.030291,2,0,0.019125,16.049416
4488,1149.600000,15.559167,2,0,0.023291,15.582458
4489,1149.633333,14.939250,2,0,0.020375,14.959625
4490,1149.666667,15.048084,2,0,0.007125,15.055209
4491,1149.700000,15.345083,2,0,0.018209,15.363292
4492,1149.733333,15.014292,2,0,0.014041,15.028333
4493,1149.766667,15.287333,2,0,0.026125,15.313458
4494,1149.800000,15.087833,2,0,0.010709,15.098542
4495,1149.833333,14.106083,2,0,0.013209,14.119292
4496,1149.866667,14.583667,2,0,0.016500,14.600167
4497,1149.900000,15.185666,2,0,0.016709,15.202375
4498,1149.933333,14.753792,2,0,0.004958,14.758750
4499,1149.966667,14.701958,2,0,0.021292,14.723250
4500,1150.000000,14.978166,2,0,0.021875,15.000041
4501,1150.033333,14.660500,2,0,0.017334,14.677834
4502,1150.066667,14.294666,2,0,0.012334,14.307000
4503,1150.100000,12.841625,2,0,0.008000,12.849625
4504,1150.133333,12.639083,2,0,0.024875,12.663958
4505,1150.166667,13.566000,2,0,0.007167,13.573167
4506,1150.200000,14.706291,2,0,0.022792,14.729083
4507,1150.233333,13.780584,2,0,0.005083,13.785667
4508,1150.266667,15.445083,2,0,0.008333,15.453416
4509,1150.300000,15.322167,2,0,0.007208,15.329375
4510,1150.333333,15.267500,2,0,0.007250,15.274750
4511,1150.366667,15.156250,2,0,0.012875,15.169125
4512,1150.400000,14.791917,2,0,0.008208,14.800125
4513,1150.433333,15.157750,2,0,0.012125,15.169875
4514,1150.466667,15.765334,2,0,0.010250,15.775584
4515,1150.500000,15.174417,2,0,0.011042,15.185459
4516,1150.533333,16.650958,2,0,0.016250,16.667208
4517,1150.566667,16.198666,2,0,0.013667,16.212333
4518,1150.600000,16.212083,2,0,0.007167,16.219250
4519,1150.633333,15.841250,2,0,0.016875,15.858125
4520,1150.666667,16.730750,2,0,0.017750,16.748500
4521,1150.700000,16.445333,2,0,0.020500,16.465833
4522,1150.733333,16.083542,2,0,0.009125,16.092667
4523,1150.766667,16.133542,2,0,0.016208,16.149750
4524,1150.800000,15.925208,2,0,0.010167,15.935375
4525,1150.833333,15.477084,2,0,0.010125,15.487209
4526,1150.866667,16.377291,2,0,0.011542,16.388833
4527,1150.900000,16.039250,2,0,0.012584,16.051834
4528,1150.933333,15.336000,2,0,0.019209,15.355209
4529,1150.966667,15.750458,2,0,0.007500,15.757958
4530,1151.000000,15.559542,2,0,0.022333,15.581875
4531,1151.033333,15.986042,2,0,0.011875,15.997917
4532,1151.066667,15.825833,2,0,0.021583,15.847416
4533,1151.100000,15.502625,2,0,0.009000,15.511625
4534,1151.133333,15.041625,2,0,0.012792,15.054417
4535,1151.166667,15.744375,2,0,0.022000,15.766375
4536,1151.200000,15.707708,2,0,0.017333,15.725041
4537,1151.233333,14.214833,2,0,0.005667,14.220500
4538,1151.266667,13.375625,2,0,0.004458,13.380083
4539,1151.300000,13.529625,2,0,0.013250,13.542875
4540,1151.333333,13.602208,2,0,0.008125,13.610333
4541,1151.366667,13.600959,2,0,0.007541,13.608500
4542,1151.400000,13.693916,2,0,0.009625,13.703541
4543,1151.433333,13.257917,2,0,0.011000,13.268917
4544,1151.466667,13.733958,2,0,0.019209,13.753167
4545,1151.500000,14.536084,2,0,0.018583,14.554667
4546,1151.533333,14.218750,2,0,0.009041,14.227791
4547,1151.566667,15.032709,2,0,0.011583,15.044292
4548,1151.600000,14.930125,2,0,0.009958,14.940083
4549,1151.633333,13.657750,2,0,0.005208,13.662958
4550,1151.666667,14.097958,2,0,0.016292,14.114250
4551,1151.700000,14.365417,2,0,0.010250,14.375667
4552,1151.733333,15.425667,2,0,0.008958,15.434625
4553,1151.766667,14.990792,2,0,0.019083,15.009875
4554,1151.800000,14.706292,2,0,0.016916,14.723208
4555,1151.833333,15.043667,2,0,0.011916,15.055583
4556,1151.866667,14.380833,2,0,0.018458,14.399291
4557,1151.900000,14.551625,2,0,0.011792,14.563417
4558,1151.933333,14.859292,2,0,0.017750,14.877042
4559,1151.966667,14.559458,2,0,0.011834,14.571292
4560,1152.000000,14.741666,2,0,0.011417,14.753083
4561,1152.033333,14.063833,2,0,0.011958,14.075791
4562,1152.066667,14.305500,2,0,0.010083,14.315583
4563,1152.100000,14.812542,2,0,0.016042,14.828584
4564,1152.133333,14.264000,2,0,0.019083,14.283083
4565,1152.166667,14.058959,2,0,0.008750,14.067709
4566,1152.200000,14.749125,2,0,0.019875,14.769000
4567,1152.233333,15.905292,2,0,0.008875,15.914167
4568,1152.266667,15.250875,2,0,0.008750,15.259625
4569,1152.300000,14.461125,2,0,0.007542,14.468667
4570,1152.333333,14.098875,2,0,0.007834,14.106709
4571,1152.366667,14.584083,2,0,0.008542,14.592625
4572,1152.400000,14.659458,2,0,0.008334,14.667792
4573,1152.433333,14.260125,2,0,0.008834,14.268959
4574,1152.466667,14.821625,2,0,0.011875,14.833500
4575,1152.500000,14.082917,2,0,0.019375,14.102292
4576,1152.533333,15.339209,2,0,0.016750,15.355959
4577,1152.566667,15.461500,2,0,0.017125,15.478625
4578,1152.600000,15.325041,2,0,0.007792,15.332833
4579,1152.633333,14.576542,2,0,0.010500,14.587042
4580,1152.666667,14.854459,2,0,0.012041,14.866500
4581,1152.700000,14.798541,2,0,0.011500,14.810041
4582,1152.733333,15.492334,2,0,0.020125,15.512459
4583,1152.766667,15.614000,2,0,0.017792,15.631792
4584,1152.800000,15.409417,2,0,0.010500,15.419917
4585,1152.833333,15.324208,2,0,0.020209,15.344417
4586,1152.866667,15.239208,2,0,0.015083,15.254291
4587,1152.900000,15.498500,2,0,0.012958,15.511458
4588,1152.933333,15.340750,2,0,0.021583,15.362333
4589,1152.966667,15.233125,2,0,0.020833,15.253958
4590,1153.000000,15.403000,2,0,0.019750,15.422750
4591,1153.033333,14.705208,2,0,0.004000,14.709208
4592,1153.066667,14.967541,2,0,0.017042,14.984583
4593,1153.100000,14.493958,2,0,0.015708,14.509666
4594,1153.133333,14.796334,2,0,0.015708,14.812042
4595,1153.166667,14.358541,2,0,0.004959,14.363500
4596,1153.200000,14.740500,2,0,0.007500,14.748000
4597,1153.233333,14.924667,2,0,0.017500,14.942167
4598,1153.266667,13.023625,2,0,0.007750,13.031375
4599,1153.300000,12.810417,2,0,0.009541,12.819958
4600,1153.333333,12.511625,2,0,0.004250,12.515875
4601,1153.366667,12.400750,2,0,0.006209,12.406959
4602,1153.400000,12.352583,2,0,0.010959,12.363542
4603,1153.433333,12.169125,2,0,0.009125,12.178250
4604,1153.466667,12.729458,2,0,0.028458,12.757916
4605,1153.500000,12.894750,2,0,0.012583,12.907333
4606,1153.533333,13.493625,2,0,0.011000,13.504625
4607,1153.566667,13.186458,2,0,0.022292,13.208750
4608,1153.600000,13.598708,2,0,0.007542,13.606250
4609,1153.633333,13.631041,2,0,0.007750,13.638791
4610,1153.666667,13.971750,2,0,0.010083,13.981833
4611,1153.700000,13.109875,2,0,0.012583,13.122458
4612,1153.733333,13.718417,2,0,0.009833,13.728250
4613,1153.766667,14.084458,2,0,0.018917,14.103375
4614,1153.800000,14.391542,2,0,0.009750,14.401292
4615,1153.833333,14.127458,2,0,0.009750,14.137208
4616,1153.866667,13.780750,2,0,0.012250,13.793000
4617,1153.900000,14.241667,2,0,0.023083,14.264750
4618,1153.933333,13.172916,2,0,0.008917,13.181833
4619,1153.966667,13.713000,2,0,0.010000,13.723000
4620,1154.000000,13.884791,2,0,0.008917,13.893708
4621,1154.033333,14.089458,2,0,0.016209,14.105667
4622,1154.066667,18.282291,2,0,0.017792,18.300083
4623,1154.100000,16.873666,2,0,0.012667,16.886333
4624,1154.133333,15.942875,2,0,0.018708,15.961583
4625,1154.166667,16.710833,2,0,0.010417,16.721250
4626,1154.200000,16.595625,2,0,0.017750,16.613375
4627,1154.233333,15.952417,2,0,0.017833,15.970250
4628,1154.266667,13.906459,2,0,0.008875,13.915334
4629,1154.300000,14.754792,2,0,0.007333,14.762125
4630,1154.333333,13.992209,2,0,0.007000,13.999209
4631,1154.366667,14.890208,2,0,0.006542,14.896750
4632,1154.400000,14.431375,2,0,0.007458,14.438833
4633,1154.433333,13.950042,2,0,0.010625,13.960667
4634,1154.466667,14.764542,2,0,0.009083,14.773625
4635,1154.500000,14.641792,2,0,0.014041,14.655833
4636,1154.533333,14.686625,2,0,0.011000,14.697625
4637,1154.566667,14.424750,2,0,0.004583,14.429333
4638,1154.600000,15.290792,2,0,0.008875,15.299667
4639,1154.633333,14.753625,2,0,0.008667,14.762292
4640,1154.666667,14.617875,2,0,0.009333,14.627208
4641,1154.700000,15.773834,2,0,0.018375,15.792209
4642,1154.733333,15.714583,2,0,0.011209,15.725792
4643,1154.766667,15.688625,2,0,0.020958,15.709583
4644,1154.800000,16.547167,2,0,0.011833,16.559000
4645,1154.833333,15.392875,2,0,0.018041,15.410916
4646,1154.866667,15.269792,2,0,0.013625,15.283417
4647,1154.900000,15.226750,2,0,0.020292,15.247042
4648,1154.933333,15.519334,2,0,0.010083,15.529417
4649,1154.966667,15.357125,2,0,0.010334,15.367459
4650,1155.000000,14.940625,2,0,0.005667,14.946292
4651,1155.033333,15.363416,2,0,0.012959,15.376375
4652,1155.066667,14.819208,2,0,0.017583,14.836791
4653,1155.100000,15.040125,2,0,0.015542,15.055667
4654,1155.133333,14.367750,2,0,0.018250,14.386000
4655,1155.166667,14.623500,2,0,0.017833,14.641333
4656,1155.200000,14.986000,2,0,0.009750,14.995750
4657,1155.233333,14.977000,2,0,0.008792,14.985792
4658,1155.266667,13.382292,2,0,0.005083,13.387375
4659,1155.300000,12.757500,2,0,0.007375,12.764875
4660,1155.333333,13.033000,2,0,0.007875,13.040875
4661,1155.366667,12.835167,2,0,0.009875,12.845042
4662,1155.400000,13.102667,2,0,0.007708,13.110375
4663,1155.433333,13.009416,2,0,0.008584,13.018000
4664,1155.466667,13.475333,2,0,0.025125,13.500458
4665,1155.500000,12.731542,2,0,0.007333,12.738875
4666,1155.533333,12.346375,2,0,0.009292,12.355667
4667,1155.566667,12.484250,2,0,0.021333,12.505583
4668,1155.600000,13.596792,2,0,0.017708,13.614500
4669,1155.633333,13.413209,2,0,0.006625,13.419834
4670,1155.666667,13.550291,2,0,0.006875,13.557166
4671,1155.700000,13.402708,2,0,0.010542,13.413250
4672,1155.733333,14.126250,2,0,0.010209,14.136459
4673,1155.766667,13.797875,2,0,0.006542,13.804417
4674,1155.800000,14.160167,2,0,0.008208,14.168375
4675,1155.833333,14.393292,2,0,0.012416,14.405708
4676,1155.866667,13.909167,2,0,0.018333,13.927500
4677,1155.900000,13.691542,2,0,0.019292,13.710834
4678,1155.933333,14.245167,2,0,0.009292,14.254459
4679,1155.966667,14.500750,2,0,0.018500,14.519250
4680,1156.000000,13.766333,2,0,0.011583,13.777916
4681,1156.033333,14.080458,2,0,0.010375,14.090833
4682,1156.066667,13.961584,2,0,0.011666,13.973250
4683,1156.100000,13.713125,2,0,0.008292,13.721417
4684,1156.133333,13.814834,2,0,0.009583,13.824417
4685,1156.166667,12.086666,2,0,0.006334,12.093000
4686,1156.200000,11.565625,2,0,0.011625,11.577250
4687,1156.233333,12.608875,2,0,0.017791,12.626666
4688,1156.266667,15.034250,2,0,0.008125,15.042375
4689,1156.300000,12.022125,2,0,0.007208,12.029333
4690,1156.333333,11.293084,2,0,0.008541,11.301625
4691,1156.366667,11.289708,2,0,0.004792,11.294500
4692,1156.400000,11.643000,2,0,0.006459,11.649459
4693,1156.433333,11.311917,2,0,0.010125,11.322042
4694,1156.466667,10.985625,2,0,0.007542,10.993167
4695,1156.500000,10.747458,2,0,0.027417,10.774875
4696,1156.533333,12.357792,2,0,0.012958,12.370750
4697,1156.566667,16.182292,2,0,0.014416,16.196708
4698,1156.600000,16.168209,2,0,0.020916,16.189125
4699,1156.633333,16.498709,2,0,0.019291,16.518000
4700,1156.666667,15.951458,2,0,0.018125,15.969583
4701,1156.700000,15.953209,2,0,0.017750,15.970959
4702,1156.733333,16.830209,2,0,0.022333,16.852542
4703,1156.766667,15.698250,2,0,0.028750,15.727000
4704,1156.800000,15.520166,2,0,0.015459,15.535625
4705,1156.833333,15.463500,2,0,0.016292,15.479792
4706,1156.866667,15.971000,2,0,0.008959,15.979959
4707,1156.900000,16.043541,2,0,0.017625,16.061166
4708,1156.933333,15.884167,2,0,0.021417,15.905584
4709,1156.966667,15.307958,2,0,0.023167,15.331125
4710,1157.000000,15.320208,2,0,0.018083,15.338291
4711,1157.033333,15.159666,2,0,0.020792,15.180458
4712,1157.066667,15.602417,2,0,0.019375,15.621792
4713,1157.100000,15.055459,2,0,0.015500,15.070959
4714,1157.133333,14.604708,2,0,0.013375,14.618083
4715,1157.166667,15.211166,2,0,0.012834,15.224000
4716,1157.200000,14.719375,2,0,0.007417,14.726792
4717,1157.233333,13.595125,2,0,0.028625,13.623750
4718,1157.266667,13.459125,2,0,0.011042,13.470167
4719,1157.300000,12.990709,2,0,0.008375,12.999084
4720,1157.333333,13.089250,2,0,0.005792,13.095042
4721,1157.366667,13.308417,2,0,0.007708,13.316125
4722,1157.400000,12.722458,2,0,0.008500,12.730958
4723,1157.433333,12.701500,2,0,0.010875,12.712375
4724,1157.466667,12.413583,2,0,0.009125,12.422708
4725,1157.500000,12.466083,2,0,0.023000,12.489083
4726,1157.533333,12.789917,2,0,0.011500,12.801417
4727,1157.566667,13.672208,2,0,0.017333,13.689541
4728,1157.600000,13.383333,2,0,0.010875,13.394208
4729,1157.633333,13.478041,2,0,0.008084,13.486125
4730,1157.666667,14.273292,2,0,0.018583,14.291875
4731,1157.700000,14.372208,2,0,0.019250,14.391458
4732,1157.733333,14.052667,2,0,0.016666,14.069333
4733,1157.766667,14.258750,2,0,0.022541,14.281291
4734,1157.800000,14.394416,2,0,0.008209,14.402625
4735,1157.833333,14.275250,2,0,0.020834,14.296084
4736,1157.866667,14.070209,2,0,0.021083,14.091292
4737,1157.900000,13.754083,2,0,0.018167,13.772250
4738,1157.933333,14.275792,2,0,0.011417,14.287209
4739,1157.966667,14.536167,2,0,0.012417,14.548584
4740,1158.000000,13.672875,2,0,0.018500,13.691375
4741,1158.033333,13.656250,2,0,0.028209,13.684459
4742,1158.066667,14.119084,2,0,0.018916,14.138000
4743,1158.100000,12.990791,2,0,0.018000,13.008791
4744,1158.133333,13.229584,2,0,0.007333,13.236917
4745,1158.166667,13.922958,2,0,0.007125,13.930083
4746,1158.200000,11.846083,2,0,0.009209,11.855292
4747,1158.233333,13.382083,2,0,0.009125,13.391208
4748,1158.266667,16.044042,2,0,0.005250,16.049292
4749,1158.300000,15.572750,2,0,0.008750,15.581500
4750,1158.333333,14.935792,2,0,0.008000,14.943792
4751,1158.366667,14.848250,2,0,0.008167,14.856417
4752,1158.400000,14.494292,2,0,0.008583,14.502875
4753,1158.433333,15.244708,2,0,0.007792,15.252500
4754,1158.466667,13.978417,2,0,0.008375,13.986792
4755,1158.500000,13.038500,2,0,0.009459,13.047959
4756,1158.533333,13.171667,2,0,0.008458,13.180125
4757,1158.566667,13.524792,2,0,0.008875,13.533667
4758,1158.600000,13.403709,2,0,0.018708,13.422417
4759,1158.633333,13.147375,2,0,0.005750,13.153125
4760,1158.666667,12.840917,2,0,0.026583,12.867500
4761,1158.700000,13.438583,2,0,0.027292,13.465875
4762,1158.733333,13.377750,2,0,0.016667,13.394417
4763,1158.766667,13.235375,2,0,0.015250,13.250625
4764,1158.800000,13.228291,2,0,0.021750,13.250041
4765,1158.833333,13.657750,2,0,0.009917,13.667667
4766,1158.866667,14.870292,2,0,0.019416,14.889708
4767,1158.900000,18.292750,2,0,0.009625,18.302375
4768,1158.933333,16.844583,2,0,0.009917,16.854500
4769,1158.966667,17.841458,2,0,0.022042,17.863500
4770,1159.000000,16.952875,2,0,0.008625,16.961500
4771,1159.033333,15.515875,2,0,0.019667,15.535542
4772,1159.066667,16.597000,2,0,0.009417,16.606417
4773,1159.100000,16.323625,2,0,0.009500,16.333125
4774,1159.133333,16.089791,2,0,0.009167,16.098958
4775,1159.166667,16.491292,2,0,0.010833,16.502125
4776,1159.200000,16.266958,2,0,0.018667,16.285625
4777,1159.233333,16.088291,2,0,0.018167,16.106458
4778,1159.266667,15.643209,2,0,0.011208,15.654417
4779,1159.300000,14.326917,2,0,0.007666,14.334583
4780,1159.333333,13.610667,2,0,0.008708,13.619375
4781,1159.366667,14.066333,2,0,0.007875,14.074208
4782,1159.400000,13.839167,2,0,0.006708,13.845875
4783,1159.433333,13.065792,2,0,0.009042,13.074834
4784,1159.466667,13.256667,2,0,0.008708,13.265375
4785,1159.500000,13.511042,2,0,0.012583,13.523625
4786,1159.533333,13.838375,2,0,0.015333,13.853708
4787,1159.566667,14.298708,2,0,0.017500,14.316208
4788,1159.600000,14.552042,2,0,0.018083,14.570125
4789,1159.633333,14.633167,2,0,0.023791,14.656958
4790,1159.666667,14.676875,2,0,0.014792,14.691667
4791,1159.700000,14.004583,2,0,0.017917,14.022500
4792,1159.733333,13.989625,2,0,0.018750,14.008375
4793,1159.766667,14.143625,2,0,0.011958,14.155583
4794,1159.800000,13.686959,2,0,0.007958,13.694917
4795,1159.833333,14.215958,2,0,0.011000,14.226958
4796,1159.866667,13.353958,2,0,0.012458,13.366416
4797,1159.900000,13.809708,2,0,0.009500,13.819208
4798,1159.933333,13.314667,2,0,0.030875,13.345542
4799,1159.966667,13.099916,2,0,0.011959,13.111875
4800,1160.000000,12.485833,2,0,0.009000,12.494833
4801,1160.033333,11.451375,2,0,0.009500,11.460875
4802,1160.066667,12.775208,2,0,0.007708,12.782916
4803,1160.100000,13.389375,2,0,0.018041,13.407416
4804,1160.133333,13.430041,2,0,0.012375,13.442416
4805,1160.166667,13.607917,2,0,0.028083,13.636000
4806,1160.200000,13.709625,2,0,0.024375,13.734000
4807,1160.233333,13.490541,2,0,0.009750,13.500291
4808,1160.266667,13.633709,2,0,0.009541,13.643250
4809,1160.300000,12.834208,2,0,0.009542,12.843750
4810,1160.333333,15.337625,2,0,0.009875,15.347500
4811,1160.366667,13.809791,2,0,0.009042,13.818833
4812,1160.400000,13.665167,2,0,0.019291,13.684458
4813,1160.433333,13.837833,2,0,0.020875,13.858708
4814,1160.466667,15.190625,2,0,0.012042,15.202667
4815,1160.500000,15.194375,2,0,0.022625,15.217000
4816,1160.533333,15.803167,2,0,0.009250,15.812417
4817,1160.566667,15.194667,2,0,0.020167,15.214834
4818,1160.600000,14.818125,2,0,0.014042,14.832167
4819,1160.633333,14.813958,2,0,0.016708,14.830666
4820,1160.666667,15.054625,2,0,0.012792,15.067417
4821,1160.700000,15.969250,2,0,0.013000,15.982250
4822,1160.733333,15.071583,2,0,0.008709,15.080292
4823,1160.766667,15.181667,2,0,0.008041,15.189708
4824,1160.800000,14.366250,2,0,0.011333,14.377583
4825,1160.833333,14.808958,2,0,0.014167,14.823125
4826,1160.866667,14.501542,2,0,0.015708,14.517250
4827,1160.900000,14.900834,2,0,0.018166,14.919000
4828,1160.933333,15.009792,2,0,0.018125,15.027917
4829,1160.966667,15.228333,2,0,0.017667,15.246000
4830,1161.000000,15.072083,2,0,0.018500,15.090583
4831,1161.033333,14.332917,2,0,0.010333,14.343250
4832,1161.066667,14.410959,2,0,0.011208,14.422167
4833,1161.100000,14.661000,2,0,0.007958,14.668958
4834,1161.133333,14.259166,2,0,0.011542,14.270708
4835,1161.166667,14.700250,2,0,0.013750,14.714000
4836,1161.200000,13.858916,2,0,0.014625,13.873541
4837,1161.233333,14.575208,2,0,0.018417,14.593625
4838,1161.266667,14.302792,2,0,0.016083,14.318875
4839,1161.300000,14.256125,2,0,0.008125,14.264250
4840,1161.333333,12.611208,2,0,0.008334,12.619542
4841,1161.366667,11.677542,2,0,0.009958,11.687500
4842,1161.400000,11.592875,2,0,0.008375,11.601250
4843,1161.433333,12.321625,2,0,0.026958,12.348583
4844,1161.466667,12.693333,2,0,0.012542,12.705875
4845,1161.500000,13.276208,2,0,0.014667,13.290875
4846,1161.533333,13.151208,2,0,0.016500,13.167708
4847,1161.566667,13.572416,2,0,0.007667,13.580083
4848,1161.600000,13.617333,2,0,0.012250,13.629583
4849,1161.633333,13.995625,2,0,0.018625,14.014250
4850,1161.666667,14.177083,2,0,0.009875,14.186958
4851,1161.700000,13.591208,2,0,0.010000,13.601208
4852,1161.733333,12.431500,2,0,0.006208,12.437708
4853,1161.766667,11.810791,2,0,0.011000,11.821791
4854,1161.800000,12.569000,2,0,0.021958,12.590958
4855,1161.833333,12.403625,2,0,0.007167,12.410792
4856,1161.866667,12.857459,2,0,0.017333,12.874792
4857,1161.900000,12.351834,2,0,0.007791,12.359625
4858,1161.933333,12.128208,2,0,0.015458,12.143666
4859,1161.966667,12.851584,2,0,0.018583,12.870167
4860,1162.000000,13.613667,2,0,0.018458,13.632125
4861,1162.033333,13.604875,2,0,0.016666,13.621541
4862,1162.066667,13.365500,2,0,0.025084,13.390584
4863,1162.100000,13.179709,2,0,0.020916,13.200625
4864,1162.133333,13.338042,2,0,0.020916,13.358958
4865,1162.166667,13.640583,2,0,0.004375,13.644958
4866,1162.200000,17.307541,2,0,0.008292,17.315833
4867,1162.233333,15.251708,2,0,0.008292,15.260000
4868,1162.266667,15.360500,2,0,0.010459,15.370959
4869,1162.300000,15.237084,2,0,0.009791,15.246875
4870,1162.333333,14.053917,2,0,0.007708,14.061625
4871,1162.366667,14.326750,2,0,0.010084,14.336834
4872,1162.400000,14.557959,2,0,0.007958,14.565917
4873,1162.433333,14.462625,2,0,0.019042,14.481667
4874,1162.466667,14.806666,2,0,0.017417,14.824083
4875,1162.500000,15.501666,2,0,0.008459,15.510125
4876,1162.533333,15.301500,2,0,0.009584,15.311084
4877,1162.566667,15.473500,2,0,0.008625,15.482125
4878,1162.600000,15.527833,2,0,0.022583,15.550416
4879,1162.633333,15.487917,2,0,0.010000,15.497917
4880,1162.666667,14.439000,2,0,0.009500,14.448500
4881,1162.700000,14.962792,2,0,0.007833,14.970625
4882,1162.733333,14.350334,2,0,0.011458,14.361792
4883,1162.766667,15.613292,2,0,0.011500,15.624792
4884,1162.800000,15.023792,2,0,0.014833,15.038625
4885,1162.833333,15.593416,2,0,0.011792,15.605208
4886,1162.866667,15.647042,2,0,0.006583,15.653625
4887,1162.900000,15.579166,2,0,0.022250,15.601416
4888,1162.933333,15.512375,2,0,0.008542,15.520917
4889,1162.966667,15.059542,2,0,0.009167,15.068709
4890,1163.000000,14.949500,2,0,0.008250,14.957750
4891,1163.033333,14.905125,2,0,0.009750,14.914875
4892,1163.066667,15.415833,2,0,0.013708,15.429541
4893,1163.100000,15.202583,2,0,0.019458,15.222041
4894,1163.133333,15.161333,2,0,0.008417,15.169750
4895,1163.166667,14.572958,2,0,0.021792,14.594750
4896,1163.200000,14.949292,2,0,0.013166,14.962458
4897,1163.233333,14.801375,2,0,0.017167,14.818542
4898,1163.266667,15.186666,2,0,0.014917,15.201583
4899,1163.300000,14.875500,2,0,0.011166,14.886666
4900,1163.333333,13.392584,2,0,0.007708,13.400292
4901,1163.366667,12.854250,2,0,0.009292,12.863542
4902,1163.400000,12.527750,2,0,0.012625,12.540375
4903,1163.433333,12.632625,2,0,0.018542,12.651167
4904,1163.466667,13.554042,2,0,0.020208,13.574250
4905,1163.500000,14.080500,2,0,0.013958,14.094458
4906,1163.533333,15.019625,2,0,0.013542,15.033167
4907,1163.566667,13.831333,2,0,0.009834,13.841167
4908,1163.600000,13.156458,2,0,0.009708,13.166166
4909,1163.633333,13.139292,2,0,0.011583,13.150875
4910,1163.666667,12.780084,2,0,0.005958,12.786042
4911,1163.700000,13.663250,2,0,0.006250,13.669500
4912,1163.733333,13.174333,2,0,0.007500,13.181833
4913,1163.766667,13.817041,2,0,0.009709,13.826750
4914,1163.800000,14.508750,2,0,0.008000,14.516750
4915,1163.833333,14.423917,2,0,0.009125,14.433042
4916,1163.866667,14.256250,2,0,0.016375,14.272625
4917,1163.900000,13.541167,2,0,0.005125,13.546292
4918,1163.933333,13.968917,2,0,0.015708,13.984625
4919,1163.966667,13.940292,2,0,0.008791,13.949083
4920,1164.000000,13.615542,2,0,0.008541,13.624083
4921,1164.033333,13.593625,2,0,0.019500,13.613125
4922,1164.066667,13.525125,2,0,0.006958,13.532083
4923,1164.100000,13.471417,2,0,0.007791,13.479208
4924,1164.133333,14.472291,2,0,0.010250,14.482541
4925,1164.166667,17.108667,2,0,0.012000,17.120667
4926,1164.200000,16.569542,2,0,0.010917,16.580459
4927,1164.233333,15.691583,2,0,0.015125,15.706708
4928,1164.266667,15.917667,2,0,0.019875,15.937542
4929,1164.300000,15.708291,2,0,0.010542,15.718833
4930,1164.333333,14.883250,2,0,0.007666,14.890916
4931,1164.366667,13.197750,2,0,0.009166,13.206916
4932,1164.400000,13.552791,2,0,0.010334,13.563125
4933,1164.433333,14.044500,2,0,0.017958,14.062458
4934,1164.466667,14.331167,2,0,0.011083,14.342250
4935,1164.500000,14.868959,2,0,0.010750,14.879709
4936,1164.533333,14.663375,2,0,0.012917,14.676292
4937,1164.566667,14.943083,2,0,0.016000,14.959083
4938,1164.600000,14.782333,2,0,0.010833,14.793166
4939,1164.633333,14.840292,2,0,0.014291,14.854583
4940,1164.666667,14.787958,2,0,0.018709,14.806667
4941,1164.700000,14.584250,2,0,0.020042,14.604292
4942,1164.733333,14.142333,2,0,0.007208,14.149541
4943,1164.766667,14.124792,2,0,0.009208,14.134000
4944,1164.800000,13.815709,2,0,0.023916,13.839625
4945,1164.833333,13.820209,2,0,0.020666,13.840875
4946,1164.866667,14.229334,2,0,0.012875,14.242209
4947,1164.900000,13.049791,2,0,0.015500,13.065291
4948,1164.933333,14.054292,2,0,0.011791,14.066083
4949,1164.966667,14.045750,2,0,0.012875,14.058625
4950,1165.000000,13.898250,2,0,0.008458,13.906708
4951,1165.033333,13.346917,2,0,0.017791,13.364708
4952,1165.066667,13.637375,2,0,0.020750,13.658125
4953,1165.100000,13.469833,2,0,0.015250,13.485083
4954,1165.133333,13.940125,2,0,0.018375,13.958500
4955,1165.166667,13.714208,2,0,0.019750,13.733958
4956,1165.200000,13.119875,2,0,0.025792,13.145667
4957,1165.233333,13.179750,2,0,0.007250,13.187000
4958,1165.266667,12.821500,2,0,0.010666,12.832166
4959,1165.300000,12.737334,2,0,0.010250,12.747584
4960,1165.333333,13.048667,2,0,0.007167,13.055834
4961,1165.366667,11.531916,2,0,0.008292,11.540208
4962,1165.400000,10.980375,2,0,0.008917,10.989292
4963,1165.433333,11.099584,2,0,0.010833,11.110417
4964,1165.466667,11.322083,2,0,0.008542,11.330625
4965,1165.500000,10.617917,2,0,0.004708,10.622625
4966,1165.533333,10.678625,2,0,0.005000,10.683625
4967,1165.566667,10.661750,2,0,0.008334,10.670084
4968,1165.600000,10.796958,2,0,0.007000,10.803958
4969,1165.633333,10.734292,2,0,0.006166,10.740458
4970,1165.666667,11.166375,2,0,0.009667,11.176042
4971,1165.700000,11.734792,2,0,0.008833,11.743625
4972,1165.733333,12.093000,2,0,0.018250,12.111250
4973,1165.766667,12.506625,2,0,0.009459,12.516084
4974,1165.800000,13.552166,2,0,0.010792,13.562958
4975,1165.833333,17.409208,2,0,0.019792,17.429000
4976,1165.866667,16.386875,2,0,0.012000,16.398875
4977,1165.900000,16.317458,2,0,0.019084,16.336542
4978,1165.933333,15.663583,2,0,0.017917,15.681500
4979,1165.966667,15.624042,2,0,0.015667,15.639709
4980,1166.000000,15.401167,2,0,0.005791,15.406958
4981,1166.033333,15.923333,2,0,0.013084,15.936417
4982,1166.066667,15.236125,2,0,0.007500,15.243625
4983,1166.100000,15.777458,2,0,0.015167,15.792625
4984,1166.133333,15.210333,2,0,0.019417,15.229750
4985,1166.166667,15.114250,2,0,0.014791,15.129041
4986,1166.200000,15.641916,2,0,0.024792,15.666708
4987,1166.233333,15.017917,2,0,0.013791,15.031708
4988,1166.266667,14.750458,2,0,0.013000,14.763458
4989,1166.300000,15.200125,2,0,0.017416,15.217541
4990,1166.333333,15.557375,2,0,0.016292,15.573667
4991,1166.366667,13.821625,2,0,0.008791,13.830416
4992,1166.400000,13.381958,2,0,0.007958,13.389916
4993,1166.433333,12.833334,2,0,0.004958,12.838292
4994,1166.466667,13.645709,2,0,0.009833,13.655542
4995,1166.500000,13.175208,2,0,0.008834,13.184042
4996,1166.533333,13.744250,2,0,0.012458,13.756708
4997,1166.566667,13.098625,2,0,0.017125,13.115750
4998,1166.600000,13.526333,2,0,0.020834,13.547167
4999,1166.633333,12.870708,2,0,0.005375,12.876083
5000,1166.666667,14.179542,2,0,0.008417,14.187959
5001,1166.700000,14.360709,2,0,0.011750,14.372459
5002,1166.733333,14.386292,2,0,0.006041,14.392333
5003,1166.766667,12.967958,2,0,0.011125,12.979083
5004,1166.800000,13.427584,2,0,0.009708,13.437292
5005,1166.833333,13.069834,2,0,0.017083,13.086917
5006,1166.866667,12.916208,2,0,0.006708,12.922916
5007,1166.900000,13.370250,2,0,0.019541,13.389791
5008,1166.933333,14.776875,2,0,0.019375,14.796250
5009,1166.966667,14.229417,2,0,0.019625,14.249042
5010,1167.000000,13.623666,2,0,0.019375,13.643041
5011,1167.033333,14.305292,2,0,0.019250,14.324542
5012,1167.066667,14.236583,2,0,0.007125,14.243708
5013,1167.100000,14.507583,2,0,0.020875,14.528458
5014,1167.133333,14.449834,2,0,0.019250,14.469084
5015,1167.166667,13.648709,2,0,0.012291,13.661000
5016,1167.200000,13.976959,2,0,0.012250,13.989209
5017,1167.233333,12.261959,2,0,0.010375,12.272334
5018,1167.266667,12.160125,2,0,0.009209,12.169334
5019,1167.300000,12.559792,2,0,0.021583,12.581375
5020,1167.333333,12.407791,2,0,0.017334,12.425125
5021,1167.366667,12.670666,2,0,0.010417,12.681083
5022,1167.400000,11.123875,2,0,0.008167,11.132042
5023,1167.433333,11.439416,2,0,0.007250,11.446666
5024,1167.466667,11.264334,2,0,0.008750,11.273084
5025,1167.500000,11.205084,2,0,0.009041,11.214125
5026,1167.533333,14.011000,2,0,0.023000,14.034000
5027,1167.566667,14.179333,2,0,0.010458,14.189791
5028,1167.600000,14.750333,2,0,0.010250,14.760583
5029,1167.633333,14.783375,2,0,0.017667,14.801042
5030,1167.666667,14.660917,2,0,0.017333,14.678250
5031,1167.700000,15.464000,2,0,0.011666,15.475666
5032,1167.733333,15.529584,2,0,0.009666,15.539250
5033,1167.766667,15.092041,2,0,0.009667,15.101708
5034,1167.800000,14.166334,2,0,0.010458,14.176792
5035,1167.833333,13.681291,2,0,0.023334,13.704625
5036,1167.866667,14.636000,2,0,0.020000,14.656000
5037,1167.900000,14.727250,2,0,0.018750,14.746000
5038,1167.933333,15.314916,2,0,0.018125,15.333041
5039,1167.966667,15.024167,2,0,0.012333,15.036500
5040,1168.000000,14.328333,2,0,0.009542,14.337875
5041,1168.033333,14.783917,2,0,0.008792,14.792709
5042,1168.066667,14.782791,2,0,0.008542,14.791333
5043,1168.100000,15.487292,2,0,0.018875,15.506167
5044,1168.133333,15.807250,2,0,0.021417,15.828667
5045,1168.166667,14.767958,2,0,0.020958,14.788916
5046,1168.200000,15.159833,2,0,0.018917,15.178750
5047,1168.233333,14.760167,2,0,0.018708,14.778875
5048,1168.266667,14.230333,2,0,0.023000,14.253333
5049,1168.300000,14.290583,2,0,0.024000,14.314583
5050,1168.333333,14.960083,2,0,0.007917,14.968000
5051,1168.366667,14.579042,2,0,0.015667,14.594709
5052,1168.400000,12.846333,2,0,0.007917,12.854250
5053,1168.433333,12.913333,2,0,0.007542,12.920875
5054,1168.466667,12.584500,2,0,0.008250,12.592750
5055,1168.500000,12.989458,2,0,0.008625,12.998083
5056,1168.533333,12.294541,2,0,0.004584,12.299125
5057,1168.566667,13.196833,2,0,0.008959,13.205792
5058,1168.600000,12.839375,2,0,0.007208,12.846583
5059,1168.633333,11.918041,2,0,0.008250,11.926291
5060,1168.666667,13.111625,2,0,0.023125,13.134750
5061,1168.700000,13.346209,2,0,0.012791,13.359000
5062,1168.733333,14.178583,2,0,0.021125,14.199708
5063,1168.766667,13.333750,2,0,0.020167,13.353917
5064,1168.800000,13.070667,2,0,0.008500,13.079167
5065,1168.833333,13.736334,2,0,0.010791,13.747125
5066,1168.866667,13.848292,2,0,0.006916,13.855208
5067,1168.900000,14.361041,2,0,0.035334,14.396375
5068,1168.933333,13.838209,2,0,0.009083,13.847292
5069,1168.966667,14.131792,2,0,0.016667,14.148459
5070,1169.000000,14.168708,2,0,0.008750,14.177458
5071,1169.033333,14.060084,2,0,0.018208,14.078292
5072,1169.066667,12.607417,2,0,0.014500,12.621917
5073,1169.100000,13.515459,2,0,0.010416,13.525875
5074,1169.133333,12.354541,2,0,0.011500,12.366041
5075,1169.166667,12.117542,2,0,0.007166,12.124708
5076,1169.200000,14.127041,2,0,0.008542,14.135583
5077,1169.233333,16.767334,2,0,0.007583,16.774917
5078,1169.266667,15.565500,2,0,0.007375,15.572875
5079,1169.300000,15.944041,2,0,0.017042,15.961083
5080,1169.333333,15.561167,2,0,0.009542,15.570709
5081,1169.366667,15.185541,2,0,0.008250,15.193791
5082,1169.400000,14.622792,2,0,0.007500,14.630292
5083,1169.433333,13.724583,2,0,0.007333,13.731916
5084,1169.466667,13.350875,2,0,0.007583,13.358458
5085,1169.500000,13.065083,2,0,0.007500,13.072583
5086,1169.533333,13.142291,2,0,0.007084,13.149375
5087,1169.566667,13.097125,2,0,0.007166,13.104291
5088,1169.600000,13.320000,2,0,0.007583,13.327583
5089,1169.633333,12.875541,2,0,0.005250,12.880791
5090,1169.666667,13.002417,2,0,0.009791,13.012208
5091,1169.700000,12.363292,2,0,0.016333,12.379625
5092,1169.733333,12.579250,2,0,0.019458,12.598708
5093,1169.766667,13.500083,2,0,0.017584,13.517667
5094,1169.800000,13.500500,2,0,0.018875,13.519375
5095,1169.833333,13.908958,2,0,0.017583,13.926541
5096,1169.866667,13.009083,2,0,0.014625,13.023708
5097,1169.900000,14.471750,2,0,0.017292,14.489042
5098,1169.933333,15.705250,2,0,0.013250,15.718500
5099,1169.966667,16.084334,2,0,0.011750,16.096084
5100,1170.000000,15.167750,2,0,0.011375,15.179125
5101,1170.033333,14.785542,2,0,0.011083,14.796625
5102,1170.066667,15.159125,2,0,0.010959,15.170084
5103,1170.100000,15.165500,2,0,0.011209,15.176709
5104,1170.133333,14.423375,2,0,0.016167,14.439542
5105,1170.166667,15.210750,2,0,0.015959,15.226709
5106,1170.200000,14.944167,2,0,0.019416,14.963583
5107,1170.233333,15.050708,2,0,0.016833,15.067541
5108,1170.266667,14.309792,2,0,0.010250,14.320042
5109,1170.300000,14.489000,2,0,0.013083,14.502083
5110,1170.333333,15.206958,2,0,0.007000,15.213958
5111,1170.366667,14.661541,2,0,0.009750,14.671291
5112,1170.400000,13.213209,2,0,0.007583,13.220792
5113,1170.433333,12.679208,2,0,0.010250,12.689458
5114,1170.466667,13.120375,2,0,0.007500,13.127875
5115,1170.500000,13.279959,2,0,0.011250,13.291209
5116,1170.533333,13.555584,2,0,0.006208,13.561792
5117,1170.566667,12.791000,2,0,0.011417,12.802417
5118,1170.600000,13.651875,2,0,0.017833,13.669708
5119,1170.633333,13.638167,2,0,0.020083,13.658250
5120,1170.666667,13.698250,2,0,0.007834,13.706084
5121,1170.700000,14.123583,2,0,0.016792,14.140375
5122,1170.733333,14.379250,2,0,0.006250,14.385500
5123,1170.766667,14.216958,2,0,0.019459,14.236417
5124,1170.800000,14.828375,2,0,0.008500,14.836875
5125,1170.833333,16.625500,2,0,0.006625,16.632125
5126,1170.866667,15.540209,2,0,0.009625,15.549834
5127,1170.900000,15.265791,2,0,0.019084,15.284875
5128,1170.933333,15.253000,2,0,0.010417,15.263417
5129,1170.966667,14.747959,2,0,0.019458,14.767417
5130,1171.000000,15.355959,2,0,0.019750,15.375709
5131,1171.033333,15.018209,2,0,0.012041,15.030250
5132,1171.066667,15.347917,2,0,0.009958,15.357875
5133,1171.100000,15.452625,2,0,0.016709,15.469334
5134,1171.133333,14.836875,2,0,0.010917,14.847792
5135,1171.166667,15.362916,2,0,0.011375,15.374291
5136,1171.200000,15.248083,2,0,0.026000,15.274083
5137,1171.233333,14.766041,2,0,0.010000,14.776041
5138,1171.266667,14.833083,2,0,0.014959,14.848042
5139,1171.300000,14.708083,2,0,0.019208,14.727291
5140,1171.333333,15.220584,2,0,0.013583,15.234167
5141,1171.366667,14.479917,2,0,0.019750,14.499667
5142,1171.400000,12.300916,2,0,0.008625,12.309541
5143,1171.433333,12.574459,2,0,0.009458,12.583917
5144,1171.466667,12.594292,2,0,0.008541,12.602833
5145,1171.500000,12.832791,2,0,0.010500,12.843291
5146,1171.533333,12.044083,2,0,0.008750,12.052833
5147,1171.566667,12.512125,2,0,0.007167,12.519292
5148,1171.600000,14.721584,2,0,0.010541,14.732125
5149,1171.633333,14.561125,2,0,0.005125,14.566250
5150,1171.666667,13.761084,2,0,0.018291,13.779375
5151,1171.700000,14.354083,2,0,0.021750,14.375833
5152,1171.733333,14.942625,2,0,0.018416,14.961041
5153,1171.766667,14.858708,2,0,0.017959,14.876667
5154,1171.800000,14.967542,2,0,0.018000,14.985542
5155,1171.833333,15.598000,2,0,0.007917,15.605917
5156,1171.866667,15.591958,2,0,0.010667,15.602625
5157,1171.900000,15.052834,2,0,0.008708,15.061542
5158,1171.933333,14.960541,2,0,0.009625,14.970166
5159,1171.966667,15.518875,2,0,0.011167,15.530042
5160,1172.000000,15.209916,2,0,0.017292,15.227208
5161,1172.033333,15.434541,2,0,0.015875,15.450416
5162,1172.066667,15.824042,2,0,0.017375,15.841417
5163,1172.100000,16.025292,2,0,0.019125,16.044417
5164,1172.133333,15.065791,2,0,0.012250,15.078041
5165,1172.166667,14.505958,2,0,0.009792,14.515750
5166,1172.200000,14.309375,2,0,0.012625,14.322000
5167,1172.233333,12.906042,2,0,0.009792,12.915834
5168,1172.266667,13.011167,2,0,0.021167,13.032334
5169,1172.300000,13.500666,2,0,0.012167,13.512833
5170,1172.333333,14.056083,2,0,0.014000,14.070083
5171,1172.366667,14.048833,2,0,0.020500,14.069333
5172,1172.400000,13.526083,2,0,0.009625,13.535708
5173,1172.433333,12.692459,2,0,0.006041,12.698500
5174,1172.466667,12.420167,2,0,0.005542,12.425709
5175,1172.500000,12.415958,2,0,0.007917,12.423875
5176,1172.533333,11.817625,2,0,0.007541,11.825166
5177,1172.566667,13.073917,2,0,0.007750,13.081667
5178,1172.600000,13.757084,2,0,0.010250,13.767334
5179,1172.633333,14.026833,2,0,0.005834,14.032667
5180,1172.666667,13.770875,2,0,0.009667,13.780542
5181,1172.700000,14.508458,2,0,0.022750,14.531208
5182,1172.733333,14.696666,2,0,0.011875,14.708541
5183,1172.766667,15.188375,2,0,0.016209,15.204584
5184,1172.800000,14.670708,2,0,0.019125,14.689833
5185,1172.833333,14.467334,2,0,0.019583,14.486917
5186,1172.866667,15.462334,2,0,0.018500,15.480834
5187,1172.900000,15.190708,2,0,0.020667,15.211375
5188,1172.933333,14.629292,2,0,0.008958,14.638250
5189,1172.966667,15.067542,2,0,0.008417,15.075959
5190,1173.000000,14.527292,2,0,0.014542,14.541834
5191,1173.033333,15.111125,2,0,0.033083,15.144208
5192,1173.066667,16.146875,2,0,0.012416,16.159291
5193,1173.100000,14.903167,2,0,0.015958,14.919125
5194,1173.133333,14.936459,2,0,0.015208,14.951667
5195,1173.166667,14.310542,2,0,0.008833,14.319375
5196,1173.200000,14.231500,2,0,0.005375,14.236875
5197,1173.233333,13.844875,2,0,0.015333,13.860208
5198,1173.266667,14.626958,2,0,0.029459,14.656417
5199,1173.300000,14.082000,2,0,0.028667,14.110667
5200,1173.333333,13.417500,2,0,0.012333,13.429833
5201,1173.366667,13.953125,2,0,0.012000,13.965125
5202,1173.400000,12.984417,2,0,0.010125,12.994542
5203,1173.433333,12.668875,2,0,0.006917,12.675792
5204,1173.466667,11.676125,2,0,0.007500,11.683625
5205,1173.500000,11.814834,2,0,0.005375,11.820209
5206,1173.533333,11.999916,2,0,0.004792,12.004708
5207,1173.566667,12.409541,2,0,0.004334,12.413875
5208,1173.600000,14.219041,2,0,0.007834,14.226875
5209,1173.633333,14.259917,2,0,0.007791,14.267708
5210,1173.666667,14.187875,2,0,0.008375,14.196250
5211,1173.700000,14.279625,2,0,0.008959,14.288584
5212,1173.733333,13.407625,2,0,0.022084,13.429709
5213,1173.766667,13.931833,2,0,0.025084,13.956917
5214,1173.800000,14.104584,2,0,0.019458,14.124042
5215,1173.833333,15.200166,2,0,0.019375,15.219541
5216,1173.866667,14.626541,2,0,0.017125,14.643666
5217,1173.900000,14.328708,2,0,0.005417,14.334125
5218,1173.933333,14.498542,2,0,0.019958,14.518500
5219,1173.966667,14.445958,2,0,0.016584,14.462542
5220,1174.000000,14.679458,2,0,0.019417,14.698875
5221,1174.033333,14.978834,2,0,0.014750,14.993584
5222,1174.066667,15.050541,2,0,0.020375,15.070916
5223,1174.100000,14.363417,2,0,0.019083,14.382500
5224,1174.133333,15.166959,2,0,0.021125,15.188084
5225,1174.166667,14.905625,2,0,0.008333,14.913958
5226,1174.200000,14.367458,2,0,0.019250,14.386708
5227,1174.233333,14.878625,2,0,0.010791,14.889416
5228,1174.266667,14.646625,2,0,0.011625,14.658250
5229,1174.300000,14.593917,2,0,0.018958,14.612875
5230,1174.333333,14.707458,2,0,0.006875,14.714333
5231,1174.366667,15.081208,2,0,0.022792,15.104000
5232,1174.400000,14.537500,2,0,0.010667,14.548167
5233,1174.433333,12.549875,2,0,0.008083,12.557958
5234,1174.466667,12.243583,2,0,0.008000,12.251583
5235,1174.500000,12.445667,2,0,0.007333,12.453000
5236,1174.533333,13.054166,2,0,0.009084,13.063250
5237,1174.566667,12.677917,2,0,0.005916,12.683833
5238,1174.600000,12.382417,2,0,0.009166,12.391583
5239,1174.633333,12.599875,2,0,0.006625,12.606500
5240,1174.666667,12.188250,2,0,0.013542,12.201792
5241,1174.700000,13.730833,2,0,0.015292,13.746125
5242,1174.733333,15.111292,2,0,0.015042,15.126334
5243,1174.766667,15.572666,2,0,0.025584,15.598250
5244,1174.800000,15.323417,2,0,0.017250,15.340667
5245,1174.833333,15.296500,2,0,0.019208,15.315708
5246,1174.866667,16.162000,2,0,0.014667,16.176667
5247,1174.900000,15.747667,2,0,0.017625,15.765292
5248,1174.933333,15.665709,2,0,0.012583,15.678292
5249,1174.966667,15.511125,2,0,0.010875,15.522000
5250,1175.000000,16.066458,2,0,0.013750,16.080208
5251,1175.033333,15.123875,2,0,0.005708,15.129583
5252,1175.066667,15.531083,2,0,0.021667,15.552750
5253,1175.100000,15.719167,2,0,0.023583,15.742750
5254,1175.133333,14.776208,2,0,0.018500,14.794708
5255,1175.166667,15.228834,2,0,0.015666,15.244500
5256,1175.200000,15.594833,2,0,0.011959,15.606792
5257,1175.233333,15.458875,2,0,0.012417,15.471292
5258,1175.266667,15.637542,2,0,0.010083,15.647625
5259,1175.300000,13.472000,2,0,0.011625,13.483625
5260,1175.333333,13.997709,2,0,0.009083,14.006792
5261,1175.366667,14.825625,2,0,0.014500,14.840125
5262,1175.400000,14.276166,2,0,0.010959,14.287125
5263,1175.433333,13.908084,2,0,0.005375,13.913459
5264,1175.466667,13.562958,2,0,0.006959,13.569917
5265,1175.500000,13.865958,2,0,0.008292,13.874250
5266,1175.533333,13.869042,2,0,0.005041,13.874083
5267,1175.566667,13.736875,2,0,0.008500,13.745375
5268,1175.600000,13.351958,2,0,0.007750,13.359708
5269,1175.633333,13.535292,2,0,0.011125,13.546417
5270,1175.666667,12.771333,2,0,0.008208,12.779541
5271,1175.700000,12.651000,2,0,0.022125,12.673125
5272,1175.733333,13.763834,2,0,0.011541,13.775375
5273,1175.766667,13.280125,2,0,0.020792,13.300917
5274,1175.800000,14.048208,2,0,0.011250,14.059458
5275,1175.833333,14.264375,2,0,0.004125,14.268500
5276,1175.866667,14.433583,2,0,0.017083,14.450666
5277,1175.900000,14.492584,2,0,0.021291,14.513875
5278,1175.933333,14.639084,2,0,0.017666,14.656750
5279,1175.966667,15.038833,2,0,0.009417,15.048250
5280,1176.000000,14.241250,2,0,0.016875,14.258125
5281,1176.033333,14.528750,2,0,0.020625,14.549375
5282,1176.066667,14.044666,2,0,0.011542,14.056208
5283,1176.100000,14.135417,2,0,0.010292,14.145709
5284,1176.133333,13.740000,2,0,0.014542,13.754542
5285,1176.166667,14.542875,2,0,0.010917,14.553792
5286,1176.200000,13.986459,2,0,0.018666,14.005125
5287,1176.233333,14.316875,2,0,0.016292,14.333167
5288,1176.266667,14.048458,2,0,0.017458,14.065916
5289,1176.300000,14.261625,2,0,0.018166,14.279791
5290,1176.333333,14.444083,2,0,0.018042,14.462125
5291,1176.366667,14.536709,2,0,0.025916,14.562625
5292,1176.400000,15.384208,2,0,0.018667,15.402875
5293,1176.433333,14.675958,2,0,0.008208,14.684166
5294,1176.466667,14.165375,2,0,0.008375,14.173750
5295,1176.500000,14.639167,2,0,0.004917,14.644084
5296,1176.533333,13.784833,2,0,0.008167,13.793000
5297,1176.566667,14.321625,2,0,0.009917,14.331542
5298,1176.600000,14.236625,2,0,0.007125,14.243750
5299,1176.633333,13.946875,2,0,0.021333,13.968208
5300,1176.666667,13.929042,2,0,0.011625,13.940667
5301,1176.700000,14.832833,2,0,0.018584,14.851417
5302,1176.733333,15.058875,2,0,0.007833,15.066708
5303,1176.766667,14.791125,2,0,0.007750,14.798875
5304,1176.800000,15.574292,2,0,0.013750,15.588042
5305,1176.833333,15.661584,2,0,0.018291,15.679875
5306,1176.866667,15.427916,2,0,0.019125,15.447041
5307,1176.900000,15.151750,2,0,0.010541,15.162291
5308,1176.933333,14.937125,2,0,0.012334,14.949459
5309,1176.966667,15.187417,2,0,0.013958,15.201375
5310,1177.000000,15.595625,2,0,0.011333,15.606958
5311,1177.033333,15.536875,2,0,0.020041,15.556916
5312,1177.066667,14.977250,2,0,0.016416,14.993666
5313,1177.100000,15.255250,2,0,0.018250,15.273500
5314,1177.133333,14.944083,2,0,0.019542,14.963625
5315,1177.166667,14.739542,2,0,0.022667,14.762209
5316,1177.200000,14.951041,2,0,0.017000,14.968041
5317,1177.233333,13.452125,2,0,0.010833,13.462958
5318,1177.266667,13.452500,2,0,0.009708,13.462208
5319,1177.300000,14.258833,2,0,0.011750,14.270583
5320,1177.333333,14.224875,2,0,0.011416,14.236291
5321,1177.366667,14.765667,2,0,0.015750,14.781417
5322,1177.400000,14.557625,2,0,0.011792,14.569417
5323,1177.433333,13.321291,2,0,0.008834,13.330125
5324,1177.466667,12.399417,2,0,0.007625,12.407042
5325,1177.500000,12.964500,2,0,0.008750,12.973250
5326,1177.533333,12.375541,2,0,0.008500,12.384041
5327,1177.566667,13.058291,2,0,0.008500,13.066791
5328,1177.600000,12.858833,2,0,0.006542,12.865375
5329,1177.633333,12.405667,2,0,0.006250,12.411917
5330,1177.666667,12.667750,2,0,0.007958,12.675708
5331,1177.700000,12.355500,2,0,0.008292,12.363792
5332,1177.733333,12.558042,2,0,0.010833,12.568875
5333,1177.766667,12.553667,2,0,0.018292,12.571959
5334,1177.800000,12.652500,2,0,0.018541,12.671041
5335,1177.833333,13.296875,2,0,0.014583,13.311458
5336,1177.866667,13.613375,2,0,0.010542,13.623917
5337,1177.900000,12.881166,2,0,0.009000,12.890166
5338,1177.933333,14.018042,2,0,0.018083,14.036125
5339,1177.966667,13.654459,2,0,0.023666,13.678125
5340,1178.000000,15.156625,2,0,0.010333,15.166958
5341,1178.033333,16.723292,2,0,0.012583,16.735875
5342,1178.066667,16.242625,2,0,0.018333,16.260958
5343,1178.100000,16.029417,2,0,0.013292,16.042709
5344,1178.133333,15.799375,2,0,0.014125,15.813500
5345,1178.166667,16.295958,2,0,0.022250,16.318208
5346,1178.200000,15.289125,2,0,0.007209,15.296334
5347,1178.233333,15.266750,2,0,0.009250,15.276000
5348,1178.266667,15.271625,2,0,0.017958,15.289583
5349,1178.300000,14.896875,2,0,0.009875,14.906750
5350,1178.333333,15.837208,2,0,0.011000,15.848208
5351,1178.366667,15.552709,2,0,0.011708,15.564417
5352,1178.400000,15.218583,2,0,0.011250,15.229833
5353,1178.433333,15.599542,2,0,0.018083,15.617625
5354,1178.466667,13.823083,2,0,0.007375,13.830458
5355,1178.500000,14.040667,2,0,0.008166,14.048833
5356,1178.533333,13.109041,2,0,0.007792,13.116833
5357,1178.566667,13.524167,2,0,0.004792,13.528959
5358,1178.600000,13.995583,2,0,0.008292,14.003875
5359,1178.633333,13.214167,2,0,0.009458,13.223625
5360,1178.666667,13.518166,2,0,0.010250,13.528416
5361,1178.700000,13.392917,2,0,0.006416,13.399333
5362,1178.733333,13.824583,2,0,0.010334,13.834917
5363,1178.766667,14.565417,2,0,0.008458,14.573875
5364,1178.800000,14.092750,2,0,0.018167,14.110917
5365,1178.833333,14.704959,2,0,0.015416,14.720375
5366,1178.866667,14.574125,2,0,0.009584,14.583709
5367,1178.900000,14.625542,2,0,0.019542,14.645084
5368,1178.933333,14.688625,2,0,0.019167,14.707792
5369,1178.966667,14.918875,2,0,0.019250,14.938125
5370,1179.000000,14.229833,2,0,0.013542,14.243375
5371,1179.033333,14.308333,2,0,0.011000,14.319333
5372,1179.066667,15.030625,2,0,0.023541,15.054166
5373,1179.100000,14.563625,2,0,0.011250,14.574875
5374,1179.133333,14.296083,2,0,0.010333,14.306416
5375,1179.166667,13.706917,2,0,0.011667,13.718584
5376,1179.200000,14.628042,2,0,0.018000,14.646042
5377,1179.233333,16.899917,2,0,0.020500,16.920417
5378,1179.266667,16.107291,2,0,0.017000,16.124291
5379,1179.300000,15.441750,2,0,0.018750,15.460500
5380,1179.333333,16.010458,2,0,0.019542,16.030000
5381,1179.366667,15.560583,2,0,0.023208,15.583791
5382,1179.400000,15.497917,2,0,0.023750,15.521667
5383,1179.433333,15.213833,2,0,0.018667,15.232500
5384,1179.466667,13.454000,2,0,0.007917,13.461917
5385,1179.500000,13.310459,2,0,0.006083,13.316542
5386,1179.533333,13.404042,2,0,0.004833,13.408875
5387,1179.566667,13.752917,2,0,0.006666,13.759583
5388,1179.600000,13.383667,2,0,0.007000,13.390667
5389,1179.633333,14.111500,2,0,0.008750,14.120250
5390,1179.666667,14.012041,2,0,0.006875,14.018916
5391,1179.700000,13.367209,2,0,0.010208,13.377417
5392,1179.733333,12.952375,2,0,0.017959,12.970334
5393,1179.766667,13.642167,2,0,0.009125,13.651292
5394,1179.800000,13.627208,2,0,0.016792,13.644000
5395,1179.833333,14.172917,2,0,0.010958,14.183875
5396,1179.866667,14.160250,2,0,0.010958,14.171208
5397,1179.900000,14.081583,2,0,0.005959,14.087542
5398,1179.933333,14.188625,2,0,0.009750,14.198375
5399,1179.966667,14.151875,2,0,0.008125,14.160000
5400,1180.000000,14.527958,2,0,0.019125,14.547083
5401,1180.033333,14.001791,2,0,0.018959,14.020750
5402,1180.066667,14.856333,2,0,0.017667,14.874000
5403,1180.100000,14.068167,2,0,0.015708,14.083875
5404,1180.133333,14.238542,2,0,0.022917,14.261459
5405,1180.166667,13.913916,2,0,0.015917,13.929833
5406,1180.200000,13.853084,2,0,0.009541,13.862625
5407,1180.233333,14.829959,2,0,0.010125,14.840084
5408,1180.266667,17.341708,2,0,0.010125,17.351833
5409,1180.300000,16.988916,2,0,0.010417,16.999333
5410,1180.333333,16.529959,2,0,0.020291,16.550250
5411,1180.366667,16.226667,2,0,0.011041,16.237708
5412,1180.400000,15.993083,2,0,0.017375,16.010458
5413,1180.433333,16.582917,2,0,0.019667,16.602584
5414,1180.466667,14.883292,2,0,0.008042,14.891334
5415,1180.500000,14.987834,2,0,0.008000,14.995834
5416,1180.533333,14.464500,2,0,0.007958,14.472458
5417,1180.566667,14.675791,2,0,0.008167,14.683958
5418,1180.600000,14.776375,2,0,0.005250,14.781625
5419,1180.633333,14.450791,2,0,0.008167,14.458958
5420,1180.666667,14.567583,2,0,0.007083,14.574666
5421,1180.700000,13.875250,2,0,0.013375,13.888625
5422,1180.733333,13.862667,2,0,0.008875,13.871542
5423,1180.766667,14.737875,2,0,0.022917,14.760792
5424,1180.800000,14.326291,2,0,0.019167,14.345458
5425,1180.833333,14.892042,2,0,0.020292,14.912334
5426,1180.866667,15.433792,2,0,0.019541,15.453333
5427,1180.900000,15.340750,2,0,0.016209,15.356959
5428,1180.933333,15.852375,2,0,0.021083,15.873458
5429,1180.966667,15.736833,2,0,0.018750,15.755583
5430,1181.000000,15.278334,2,0,0.014166,15.292500
5431,1181.033333,15.351417,2,0,0.007791,15.359208
5432,1181.066667,15.461208,2,0,0.012500,15.473708
5433,1181.100000,15.206583,2,0,0.012875,15.219458
5434,1181.133333,15.576208,2,0,0.017167,15.593375
5435,1181.166667,14.559750,2,0,0.005250,14.565000
5436,1181.200000,15.299208,2,0,0.015667,15.314875
5437,1181.233333,14.992583,2,0,0.008042,15.000625
5438,1181.266667,14.528541,2,0,0.006667,14.535208
5439,1181.300000,15.213583,2,0,0.021458,15.235041
5440,1181.333333,15.234250,2,0,0.009084,15.243334
5441,1181.366667,15.142625,2,0,0.018625,15.161250
5442,1181.400000,15.222750,2,0,0.015250,15.238000
5443,1181.433333,14.802000,2,0,0.014583,14.816583
5444,1181.466667,14.101792,2,0,0.010875,14.112667
5445,1181.500000,12.961667,2,0,0.007750,12.969417
5446,1181.533333,13.127250,2,0,0.005250,13.132500
5447,1181.566667,13.132000,2,0,0.007917,13.139917
5448,1181.600000,13.020375,2,0,0.005042,13.025417
5449,1181.633333,12.511125,2,0,0.004917,12.516042
5450,1181.666667,12.499500,2,0,0.012666,12.512166
5451,1181.700000,12.352125,2,0,0.005875,12.358000
5452,1181.733333,12.454625,2,0,0.025958,12.480583
5453,1181.766667,12.494834,2,0,0.014250,12.509084
5454,1181.800000,13.476459,2,0,0.008375,13.484834
5455,1181.833333,13.740125,2,0,0.006417,13.746542
5456,1181.866667,12.333000,2,0,0.010042,12.343042
5457,1181.900000,12.645375,2,0,0.014083,12.659458
5458,1181.933333,13.031334,2,0,0.011541,13.042875
5459,1181.966667,13.454833,2,0,0.015125,13.469958
5460,1182.000000,13.592167,2,0,0.009083,13.601250
5461,1182.033333,13.975750,2,0,0.018959,13.994709
5462,1182.066667,13.685416,2,0,0.020500,13.705916
5463,1182.100000,13.725333,2,0,0.008959,13.734292
5464,1182.133333,13.420209,2,0,0.011791,13.432000
5465,1182.166667,13.773167,2,0,0.011625,13.784792
5466,1182.200000,13.458166,2,0,0.007209,13.465375
5467,1182.233333,12.457833,2,0,0.009792,12.467625
5468,1182.266667,15.357750,2,0,0.013209,15.370959
5469,1182.300000,15.472375,2,0,0.011000,15.483375
5470,1182.333333,15.367542,2,0,0.021167,15.388709
5471,1182.366667,16.290417,2,0,0.021250,16.311667
5472,1182.400000,15.454667,2,0,0.010500,15.465167
5473,1182.433333,15.416208,2,0,0.019084,15.435292
5474,1182.466667,15.386000,2,0,0.010709,15.396709
5475,1182.500000,14.066583,2,0,0.006000,14.072583
5476,1182.533333,14.188208,2,0,0.007917,14.196125
5477,1182.566667,14.084125,2,0,0.007667,14.091792
5478,1182.600000,13.745625,2,0,0.006542,13.752167
5479,1182.633333,14.284334,2,0,0.005708,14.290042
5480,1182.666667,13.908250,2,0,0.007166,13.915416
5481,1182.700000,14.174292,2,0,0.010417,14.184709
5482,1182.733333,14.845458,2,0,0.008625,14.854083
5483,1182.766667,13.905458,2,0,0.010417,13.915875
5484,1182.800000,13.726458,2,0,0.007792,13.734250
5485,1182.833333,14.414167,2,0,0.019917,14.434084
5486,1182.866667,15.030417,2,0,0.017375,15.047792
5487,1182.900000,15.051709,2,0,0.010750,15.062459
5488,1182.933333,15.114792,2,0,0.009875,15.124667
5489,1182.966667,15.130083,2,0,0.011250,15.141333
5490,1183.000000,15.275792,2,0,0.011375,15.287167
5491,1183.033333,13.515542,2,0,0.012791,13.528333
5492,1183.066667,14.355167,2,0,0.012791,14.367958
5493,1183.100000,15.497125,2,0,0.018458,15.515583
5494,1183.133333,14.917833,2,0,0.015667,14.933500
5495,1183.166667,14.603166,2,0,0.018667,14.621833
5496,1183.200000,15.012042,2,0,0.010125,15.022167
5497,1183.233333,15.280250,2,0,0.017125,15.297375
5498,1183.266667,15.551000,2,0,0.016125,15.567125
5499,1183.300000,14.106292,2,0,0.009458,14.115750
5500,1183.333333,14.369375,2,0,0.008208,14.377583
5501,1183.366667,13.937750,2,0,0.007416,13.945166
5502,1183.400000,14.057042,2,0,0.007208,14.064250
5503,1183.433333,14.915042,2,0,0.018958,14.934000
5504,1183.466667,15.062042,2,0,0.016375,15.078417
5505,1183.500000,13.305959,2,0,0.008000,13.313959
5506,1183.533333,12.798416,2,0,0.007917,12.806333
5507,1183.566667,12.856083,2,0,0.007375,12.863458
5508,1183.600000,12.930750,2,0,0.008042,12.938792
5509,1183.633333,13.470125,2,0,0.009750,13.479875
5510,1183.666667,12.899917,2,0,0.007541,12.907458
5511,1183.700000,12.821500,2,0,0.008000,12.829500
5512,1183.733333,12.786750,2,0,0.012500,12.799250
5513,1183.766667,13.278292,2,0,0.012833,13.291125
5514,1183.800000,13.619333,2,0,0.012250,13.631583
5515,1183.833333,13.329542,2,0,0.012458,13.342000
5516,1183.866667,13.894792,2,0,0.017708,13.912500
5517,1183.900000,14.526167,2,0,0.017708,14.543875
5518,1183.933333,13.537500,2,0,0.013292,13.550792
5519,1183.966667,13.705208,2,0,0.015334,13.720542
5520,1184.000000,13.676166,2,0,0.007167,13.683333
5521,1184.033333,13.950666,2,0,0.018292,13.968958
5522,1184.066667,14.187791,2,0,0.015292,14.203083
5523,1184.100000,15.154166,2,0,0.017667,15.171833
5524,1184.133333,16.761000,2,0,0.014291,16.775291
5525,1184.166667,15.979458,2,0,0.013542,15.993000
5526,1184.200000,15.777042,2,0,0.013042,15.790084
5527,1184.233333,16.947500,2,0,0.012833,16.960333
5528,1184.266667,15.808375,2,0,0.010375,15.818750
5529,1184.300000,16.270500,2,0,0.019250,16.289750
5530,1184.333333,15.754167,2,0,0.017875,15.772042
5531,1184.366667,15.850750,2,0,0.005375,15.856125
5532,1184.400000,16.190917,2,0,0.018042,16.208959
5533,1184.433333,15.970584,2,0,0.017291,15.987875
5534,1184.466667,15.607167,2,0,0.010333,15.617500
5535,1184.500000,14.270542,2,0,0.008166,14.278708
5536,1184.533333,13.991834,2,0,0.008250,14.000084
5537,1184.566667,14.686750,2,0,0.008208,14.694958
5538,1184.600000,13.916459,2,0,0.005666,13.922125
5539,1184.633333,14.184417,2,0,0.008416,14.192833
5540,1184.666667,13.818125,2,0,0.007958,13.826083
5541,1184.700000,13.644166,2,0,0.007459,13.651625
5542,1184.733333,13.942833,2,0,0.010708,13.953541
5543,1184.766667,13.562959,2,0,0.008875,13.571834
5544,1184.800000,13.710416,2,0,0.011709,13.722125
5545,1184.833333,13.660292,2,0,0.012125,13.672417
5546,1184.866667,15.201375,2,0,0.014000,15.215375
5547,1184.900000,14.145042,2,0,0.020166,14.165208
5548,1184.933333,14.660500,2,0,0.021667,14.682167
5549,1184.966667,15.419250,2,0,0.013334,15.432584
5550,1185.000000,14.865208,2,0,0.009792,14.875000
5551,1185.033333,15.264584,2,0,0.020083,15.284667
5552,1185.066667,15.487209,2,0,0.019500,15.506709
5553,1185.100000,15.180333,2,0,0.007875,15.188208
5554,1185.133333,14.891583,2,0,0.019709,14.911292
5555,1185.166667,14.370208,2,0,0.006959,14.377167
5556,1185.200000,15.147250,2,0,0.018625,15.165875
5557,1185.233333,15.244792,2,0,0.012041,15.256833
5558,1185.266667,15.068208,2,0,0.015625,15.083833
5559,1185.300000,14.482292,2,0,0.029875,14.512167
5560,1185.333333,14.682417,2,0,0.008000,14.690417
5561,1185.366667,14.553250,2,0,0.017750,14.571000
5562,1185.400000,15.169750,2,0,0.021958,15.191708
5563,1185.433333,14.719416,2,0,0.019250,14.738666
5564,1185.466667,14.358458,2,0,0.019459,14.377917
5565,1185.500000,12.942041,2,0,0.009500,12.951541
5566,1185.533333,12.226167,2,0,0.007208,12.233375
5567,1185.566667,14.052125,2,0,0.008042,14.060167
5568,1185.600000,13.133375,2,0,0.006083,13.139458
5569,1185.633333,12.540916,2,0,0.004750,12.545666
5570,1185.666667,11.697916,2,0,0.005417,11.703333
5571,1185.700000,12.947292,2,0,0.012458,12.959750
5572,1185.733333,12.542208,2,0,0.005750,12.547958
5573,1185.766667,12.102792,2,0,0.020958,12.123750
5574,1185.800000,13.224125,2,0,0.015625,13.239750
5575,1185.833333,17.060083,2,0,0.005750,17.065833
5576,1185.866667,17.046833,2,0,0.012792,17.059625
5577,1185.900000,17.161125,2,0,0.010208,17.171333
5578,1185.933333,16.807333,2,0,0.015583,16.822916
5579,1185.966667,16.750959,2,0,0.017958,16.768917
5580,1186.000000,17.288750,2,0,0.018041,17.306791
5581,1186.033333,17.250917,2,0,0.011666,17.262583
5582,1186.066667,16.028667,2,0,0.014125,16.042792
5583,1186.100000,15.764709,2,0,0.007875,15.772584
5584,1186.133333,17.220334,2,0,0.009125,17.229459
5585,1186.166667,16.484041,2,0,0.013792,16.497833
5586,1186.200000,17.081083,2,0,0.019625,17.100708
5587,1186.233333,16.897916,2,0,0.017167,16.915083
5588,1186.266667,16.423166,2,0,0.016125,16.439291
5589,1186.300000,16.783500,2,0,0.020292,16.803792
5590,1186.333333,16.020500,2,0,0.017916,16.038416
5591,1186.366667,16.992750,2,0,0.018000,17.010750
5592,1186.400000,16.323291,2,0,0.010334,16.333625
5593,1186.433333,16.618083,2,0,0.018792,16.636875
5594,1186.466667,15.948417,2,0,0.010458,15.958875
5595,1186.500000,15.973500,2,0,0.008667,15.982167
5596,1186.533333,15.645625,2,0,0.008292,15.653917
5597,1186.566667,14.871708,2,0,0.007834,14.879542
5598,1186.600000,14.861417,2,0,0.004875,14.866292
5599,1186.633333,14.851875,2,0,0.004917,14.856792
5600,1186.666667,14.722375,2,0,0.007958,14.730333
5601,1186.700000,14.517166,2,0,0.006959,14.524125
5602,1186.733333,14.645209,2,0,0.007416,14.652625
5603,1186.766667,13.447792,2,0,0.006167,13.453959
5604,1186.800000,13.749417,2,0,0.012292,13.761709
5605,1186.833333,13.707417,2,0,0.016666,13.724083
5606,1186.866667,14.346125,2,0,0.008708,14.354833
5607,1186.900000,14.509541,2,0,0.017625,14.527166
5608,1186.933333,14.691542,2,0,0.021083,14.712625
5609,1186.966667,14.233708,2,0,0.016333,14.250041
5610,1187.000000,15.646917,2,0,0.019041,15.665958
5611,1187.033333,15.045833,2,0,0.018542,15.064375
5612,1187.066667,14.956875,2,0,0.008083,14.964958
5613,1187.100000,14.811250,2,0,0.019459,14.830709
5614,1187.133333,14.805125,2,0,0.012167,14.817292
5615,1187.166667,15.849416,2,0,0.011334,15.860750
5616,1187.200000,17.403042,2,0,0.007833,17.410875
5617,1187.233333,16.145708,2,0,0.022375,16.168083
5618,1187.266667,16.318500,2,0,0.010083,16.328583
5619,1187.300000,14.664833,2,0,0.023917,14.688750
5620,1187.333333,15.581584,2,0,0.018583,15.600167
5621,1187.366667,16.686917,2,0,0.016875,16.703792
5622,1187.400000,16.248958,2,0,0.013459,16.262417
5623,1187.433333,16.229417,2,0,0.018500,16.247917
5624,1187.466667,16.944625,2,0,0.020583,16.965208
5625,1187.500000,15.898541,2,0,0.009750,15.908291
5626,1187.533333,15.231625,2,0,0.008000,15.239625
5627,1187.566667,16.292583,2,0,0.008084,16.300667
5628,1187.600000,14.723083,2,0,0.007500,14.730583
5629,1187.633333,15.699041,2,0,0.006125,15.705166
5630,1187.666667,14.644917,2,0,0.007666,14.652583
5631,1187.700000,14.956500,2,0,0.007417,14.963917
5632,1187.733333,14.428792,2,0,0.007917,14.436709
5633,1187.766667,14.095291,2,0,0.010750,14.106041
5634,1187.800000,15.360000,2,0,0.031583,15.391583
5635,1187.833333,14.511208,2,0,0.017458,14.528666
5636,1187.866667,14.655709,2,0,0.013416,14.669125
5637,1187.900000,13.952750,2,0,0.023375,13.976125
5638,1187.933333,13.720291,2,0,0.019959,13.740250
5639,1187.966667,14.703958,2,0,0.015042,14.719000
5640,1188.000000,15.060792,2,0,0.010792,15.071584
5641,1188.033333,14.346958,2,0,0.008250,14.355208
5642,1188.066667,14.698250,2,0,0.017208,14.715458
5643,1188.100000,14.743709,2,0,0.018291,14.762000
5644,1188.133333,14.981625,2,0,0.019917,15.001542
5645,1188.166667,14.396375,2,0,0.004584,14.400959
5646,1188.200000,15.039292,2,0,0.020541,15.059833
5647,1188.233333,14.883250,2,0,0.011834,14.895084
5648,1188.266667,17.023125,2,0,0.025459,17.048584
5649,1188.300000,16.234208,2,0,0.011333,16.245541
5650,1188.333333,16.835000,2,0,0.011292,16.846292
5651,1188.366667,16.101750,2,0,0.011542,16.113292
5652,1188.400000,17.136250,2,0,0.011709,17.147959
5653,1188.433333,16.071834,2,0,0.018375,16.090209
5654,1188.466667,15.485584,2,0,0.008791,15.494375
5655,1188.500000,15.862833,2,0,0.026250,15.889083
5656,1188.533333,14.939667,2,0,0.010667,14.950334
5657,1188.566667,14.030375,2,0,0.005750,14.036125
5658,1188.600000,13.712666,2,0,0.006667,13.719333
5659,1188.633333,13.373625,2,0,0.005416,13.379041
5660,1188.666667,13.406083,2,0,0.006333,13.412416
5661,1188.700000,13.802334,2,0,0.008166,13.810500
5662,1188.733333,13.088209,2,0,0.004541,13.092750
5663,1188.766667,13.213833,2,0,0.009292,13.223125
5664,1188.800000,12.782167,2,0,0.007958,12.790125
5665,1188.833333,12.770125,2,0,0.028208,12.798333
5666,1188.866667,12.550333,2,0,0.018084,12.568417
5667,1188.900000,13.812916,2,0,0.013792,13.826708
5668,1188.933333,16.664583,2,0,0.018958,16.683541
5669,1188.966667,15.949458,2,0,0.018792,15.968250
5670,1189.000000,15.804834,2,0,0.024875,15.829709
5671,1189.033333,15.647000,2,0,0.018084,15.665084
5672,1189.066667,15.908792,2,0,0.010708,15.919500
5673,1189.100000,15.389500,2,0,0.013209,15.402709
5674,1189.133333,16.736500,2,0,0.011625,16.748125
5675,1189.166667,15.592583,2,0,0.016000,15.608583
5676,1189.200000,14.923875,2,0,0.013667,14.937542
5677,1189.233333,15.152042,2,0,0.018833,15.170875
5678,1189.266667,15.233375,2,0,0.007917,15.241292
5679,1189.300000,14.525916,2,0,0.018292,14.544208
5680,1189.333333,15.504542,2,0,0.018167,15.522709
5681,1189.366667,15.423000,2,0,0.018000,15.441000
5682,1189.400000,14.857958,2,0,0.018459,14.876417
5683,1189.433333,15.842875,2,0,0.026875,15.869750
5684,1189.466667,14.375083,2,0,0.011917,14.387000
5685,1189.500000,15.250916,2,0,0.010875,15.261791
5686,1189.533333,14.677208,2,0,0.008083,14.685291
5687,1189.566667,12.514000,2,0,0.007834,12.521834
5688,1189.600000,13.841209,2,0,0.004625,13.845834
5689,1189.633333,15.280458,2,0,0.007250,15.287708
5690,1189.666667,15.253667,2,0,0.006708,15.260375
5691,1189.700000,15.029875,2,0,0.007875,15.037750
5692,1189.733333,14.889208,2,0,0.008917,14.898125
5693,1189.766667,14.753125,2,0,0.006084,14.759209
5694,1189.800000,14.497708,2,0,0.042917,14.540625
5695,1189.833333,14.956167,2,0,0.007791,14.963958
5696,1189.866667,14.553500,2,0,0.013750,14.567250
5697,1189.900000,14.618750,2,0,0.018042,14.636792
5698,1189.933333,15.043875,2,0,0.018083,15.061958
5699,1189.966667,15.154417,2,0,0.012958,15.167375
5700,1190.000000,15.040791,2,0,0.016750,15.057541
5701,1190.033333,15.898000,2,0,0.020083,15.918083
5702,1190.066667,15.320959,2,0,0.018208,15.339167
5703,1190.100000,15.278000,2,0,0.005583,15.283583
5704,1190.133333,15.657000,2,0,0.012916,15.669916
5705,1190.166667,15.054417,2,0,0.010250,15.064667
5706,1190.200000,13.609667,2,0,0.007125,13.616792
5707,1190.233333,14.449708,2,0,0.007167,14.456875
5708,1190.266667,14.848625,2,0,0.012000,14.860625
5709,1190.300000,14.436709,2,0,0.010291,14.447000
5710,1190.333333,14.278167,2,0,0.016042,14.294209
5711,1190.366667,14.752792,2,0,0.011917,14.764709
5712,1190.400000,14.203667,2,0,0.010583,14.214250
5713,1190.433333,14.348458,2,0,0.005708,14.354166
5714,1190.466667,14.849208,2,0,0.013334,14.862542
5715,1190.500000,14.496333,2,0,0.019917,14.516250
5716,1190.533333,14.986500,2,0,0.023375,15.009875
5717,1190.566667,13.259667,2,0,0.009750,13.269417
5718,1190.600000,13.028667,2,0,0.011291,13.039958
5719,1190.633333,13.549209,2,0,0.008708,13.557917
5720,1190.666667,12.736542,2,0,0.007375,12.743917
5721,1190.700000,13.048625,2,0,0.007667,13.056292
5722,1190.733333,14.147167,2,0,0.008583,14.155750
5723,1190.766667,15.878292,2,0,0.011333,15.889625
5724,1190.800000,15.289292,2,0,0.005166,15.294458
5725,1190.833333,14.806292,2,0,0.011916,14.818208
5726,1190.866667,15.534875,2,0,0.011500,15.546375
5727,1190.900000,15.762959,2,0,0.024541,15.787500
5728,1190.933333,15.808083,2,0,0.009292,15.817375
5729,1190.966667,16.155792,2,0,0.013958,16.169750
5730,1191.000000,14.944500,2,0,0.008792,14.953292
5731,1191.033333,16.434500,2,0,0.017791,16.452291
5732,1191.066667,15.530833,2,0,0.018167,15.549000
5733,1191.100000,15.797000,2,0,0.010625,15.807625
5734,1191.133333,15.527375,2,0,0.018125,15.545500
5735,1191.166667,15.732291,2,0,0.019167,15.751458
5736,1191.200000,15.379708,2,0,0.009084,15.388792
5737,1191.233333,15.634250,2,0,0.019583,15.653833
5738,1191.266667,15.073291,2,0,0.012084,15.085375
5739,1191.300000,14.641917,2,0,0.008917,14.650834
5740,1191.333333,14.554667,2,0,0.017250,14.571917
5741,1191.366667,15.474250,2,0,0.010958,15.485208
5742,1191.400000,14.640000,2,0,0.013792,14.653792
5743,1191.433333,15.406584,2,0,0.013875,15.420459
5744,1191.466667,15.009291,2,0,0.014625,15.023916
5745,1191.500000,14.826500,2,0,0.021125,14.847625
5746,1191.533333,15.273917,2,0,0.007417,15.281334
5747,1191.566667,13.389959,2,0,0.008666,13.398625
5748,1191.600000,12.332500,2,0,0.008625,12.341125
5749,1191.633333,12.841750,2,0,0.008750,12.850500
5750,1191.666667,12.475083,2,0,0.006833,12.481916
5751,1191.700000,12.269542,2,0,0.007250,12.276792
5752,1191.733333,12.862958,2,0,0.007500,12.870458
5753,1191.766667,13.890417,2,0,0.009291,13.899708
5754,1191.800000,16.226208,2,0,0.013625,16.239833
5755,1191.833333,16.354042,2,0,0.013417,16.367459
5756,1191.866667,16.228417,2,0,0.010875,16.239292
5757,1191.900000,15.166167,2,0,0.020541,15.186708
5758,1191.933333,15.944375,2,0,0.019041,15.963416
5759,1191.966667,16.094792,2,0,0.019458,16.114250
5760,1192.000000,16.166792,2,0,0.018875,16.185667
5761,1192.033333,15.911500,2,0,0.026875,15.938375
5762,1192.066667,15.360667,2,0,0.010041,15.370708
5763,1192.100000,16.060416,2,0,0.008084,16.068500
5764,1192.133333,15.715416,2,0,0.015709,15.731125
5765,1192.166667,14.828666,2,0,0.013459,14.842125
5766,1192.200000,16.248708,2,0,0.017459,16.266167
5767,1192.233333,15.001958,2,0,0.008000,15.009958
5768,1192.266667,14.746459,2,0,0.014875,14.761334
5769,1192.300000,14.683250,2,0,0.009167,14.692417
5770,1192.333333,15.175875,2,0,0.021167,15.197042
5771,1192.366667,14.884167,2,0,0.020583,14.904750
5772,1192.400000,14.385125,2,0,0.008417,14.393542
5773,1192.433333,15.116208,2,0,0.010334,15.126542
5774,1192.466667,14.654416,2,0,0.011792,14.666208
5775,1192.500000,15.377958,2,0,0.012250,15.390208
5776,1192.533333,15.291208,2,0,0.011709,15.302917
5777,1192.566667,13.757083,2,0,0.008208,13.765291
5778,1192.600000,14.130083,2,0,0.007958,14.138041
5779,1192.633333,13.444375,2,0,0.007916,13.452291
5780,1192.666667,13.059083,2,0,0.007167,13.066250
5781,1192.700000,13.499875,2,0,0.008625,13.508500
5782,1192.733333,15.584166,2,0,0.005875,15.590041
5783,1192.766667,14.999250,2,0,0.011541,15.010791
5784,1192.800000,15.188042,2,0,0.011792,15.199834
5785,1192.833333,14.826375,2,0,0.016167,14.842542
5786,1192.866667,14.845333,2,0,0.018708,14.864041
5787,1192.900000,15.090667,2,0,0.018833,15.109500
5788,1192.933333,15.416208,2,0,0.019417,15.435625
5789,1192.966667,15.668000,2,0,0.018083,15.686083
5790,1193.000000,16.004458,2,0,0.018625,16.023083
5791,1193.033333,16.599084,2,0,0.019458,16.618542
5792,1193.066667,15.443709,2,0,0.016916,15.460625
5793,1193.100000,15.830666,2,0,0.011209,15.841875
5794,1193.133333,15.631167,2,0,0.011291,15.642458
5795,1193.166667,15.703125,2,0,0.016916,15.720041
5796,1193.200000,16.263417,2,0,0.013417,16.276834
5797,1193.233333,15.565750,2,0,0.010709,15.576459
5798,1193.266667,15.493417,2,0,0.007708,15.501125
5799,1193.300000,15.285583,2,0,0.012833,15.298416
5800,1193.333333,15.434000,2,0,0.027542,15.461542
5801,1193.366667,14.896458,2,0,0.019084,14.915542
5802,1193.400000,15.738834,2,0,0.023791,15.762625
5803,1193.433333,15.877334,2,0,0.018041,15.895375
5804,1193.466667,15.364125,2,0,0.008875,15.373000
5805,1193.500000,15.357708,2,0,0.019875,15.377583
5806,1193.533333,15.631042,2,0,0.013417,15.644459
5807,1193.566667,13.653792,2,0,0.005875,13.659667
5808,1193.600000,13.549291,2,0,0.007875,13.557166
5809,1193.633333,13.771958,2,0,0.007417,13.779375
5810,1193.666667,12.895750,2,0,0.008083,12.903833
5811,1193.700000,13.328584,2,0,0.012125,13.340709
5812,1193.733333,13.498500,2,0,0.007459,13.505959
5813,1193.766667,13.878000,2,0,0.007708,13.885708
5814,1193.800000,15.258167,2,0,0.009875,15.268042
5815,1193.833333,14.545959,2,0,0.008375,14.554334
5816,1193.866667,14.220458,2,0,0.022917,14.243375
5817,1193.900000,14.822208,2,0,0.019959,14.842167
5818,1193.933333,15.670708,2,0,0.021667,15.692375
5819,1193.966667,15.560917,2,0,0.006333,15.567250
5820,1194.000000,15.218375,2,0,0.008250,15.226625
5821,1194.033333,15.518833,2,0,0.012834,15.531667
5822,1194.066667,16.385750,2,0,0.012875,16.398625
5823,1194.100000,16.249750,2,0,0.014917,16.264667
5824,1194.133333,16.048250,2,0,0.007500,16.055750
5825,1194.166667,15.873208,2,0,0.018500,15.891708
5826,1194.200000,15.569292,2,0,0.014375,15.583667
5827,1194.233333,15.558458,2,0,0.025209,15.583667
5828,1194.266667,15.276750,2,0,0.010958,15.287708
5829,1194.300000,15.402875,2,0,0.015125,15.418000
5830,1194.333333,15.392291,2,0,0.010917,15.403208
5831,1194.366667,14.611125,2,0,0.008000,14.619125
5832,1194.400000,15.214417,2,0,0.012292,15.226709
5833,1194.433333,14.961583,2,0,0.011084,14.972667
5834,1194.466667,15.115584,2,0,0.011791,15.127375
5835,1194.500000,14.866458,2,0,0.008292,14.874750
5836,1194.533333,15.155125,2,0,0.010834,15.165959
5837,1194.566667,13.992750,2,0,0.008417,14.001167
5838,1194.600000,13.230083,2,0,0.009709,13.239792
5839,1194.633333,13.532334,2,0,0.008541,13.540875
5840,1194.666667,13.699625,2,0,0.007459,13.707084
5841,1194.700000,14.758125,2,0,0.006917,14.765042
5842,1194.733333,15.470500,2,0,0.008083,15.478583
5843,1194.766667,15.080875,2,0,0.007791,15.088666
5844,1194.800000,15.322167,2,0,0.007791,15.329958
5845,1194.833333,15.159833,2,0,0.007667,15.167500
5846,1194.866667,14.748666,2,0,0.007667,14.756333
5847,1194.900000,14.264500,2,0,0.009333,14.273833
5848,1194.933333,14.660625,2,0,0.015667,14.676292
5849,1194.966667,14.511042,2,0,0.020875,14.531917
5850,1195.000000,14.580500,2,0,0.020292,14.600792
5851,1195.033333,15.261708,2,0,0.005958,15.267666
5852,1195.066667,15.632500,2,0,0.006292,15.638792
5853,1195.100000,15.629792,2,0,0.012917,15.642709
5854,1195.133333,15.346917,2,0,0.007375,15.354292
5855,1195.166667,15.469292,2,0,0.009917,15.479209
5856,1195.200000,15.339667,2,0,0.020583,15.360250
5857,1195.233333,15.519125,2,0,0.016708,15.535833
5858,1195.266667,15.396584,2,0,0.017666,15.414250
5859,1195.300000,15.449583,2,0,0.019458,15.469041
5860,1195.333333,15.578166,2,0,0.025417,15.603583
5861,1195.366667,15.180917,2,0,0.021583,15.202500
5862,1195.400000,15.340833,2,0,0.011875,15.352708
5863,1195.433333,14.788042,2,0,0.011333,14.799375
5864,1195.466667,15.578375,2,0,0.013958,15.592333
5865,1195.500000,15.088208,2,0,0.011917,15.100125
5866,1195.533333,13.741041,2,0,0.008417,13.749458
5867,1195.566667,13.920792,2,0,0.013208,13.934000
5868,1195.600000,12.795250,2,0,0.007417,12.802667
5869,1195.633333,12.195417,2,0,0.006750,12.202167
5870,1195.666667,12.264000,2,0,0.007708,12.271708
5871,1195.700000,12.024792,2,0,0.008416,12.033208
5872,1195.733333,13.357375,2,0,0.009041,13.366416
5873,1195.766667,14.229500,2,0,0.008333,14.237833
5874,1195.800000,15.418250,2,0,0.006250,15.424500
5875,1195.833333,14.296917,2,0,0.008708,14.305625
5876,1195.866667,14.905167,2,0,0.004666,14.909833
5877,1195.900000,14.334208,2,0,0.020500,14.354708
5878,1195.933333,14.419708,2,0,0.018333,14.438041
5879,1195.966667,14.924334,2,0,0.012708,14.937042
5880,1196.000000,15.753625,2,0,0.018667,15.772292
5881,1196.033333,15.495584,2,0,0.013208,15.508792
5882,1196.066667,15.491084,2,0,0.020250,15.511334
5883,1196.100000,15.838208,2,0,0.020000,15.858208
5884,1196.133333,15.428500,2,0,0.009084,15.437584
5885,1196.166667,15.251917,2,0,0.021250,15.273167
5886,1196.200000,15.268958,2,0,0.010000,15.278958
5887,1196.233333,15.748583,2,0,0.019583,15.768166
5888,1196.266667,15.290833,2,0,0.011584,15.302417
5889,1196.300000,15.271834,2,0,0.007166,15.279000
5890,1196.333333,15.159167,2,0,0.007958,15.167125
5891,1196.366667,15.586125,2,0,0.007084,15.593209
5892,1196.400000,17.054667,2,0,0.013833,17.068500
5893,1196.433333,15.238291,2,0,0.023875,15.262166
5894,1196.466667,15.291125,2,0,0.016708,15.307833
5895,1196.500000,14.890750,2,0,0.020292,14.911042
5896,1196.533333,14.723833,2,0,0.013417,14.737250
5897,1196.566667,15.267542,2,0,0.025417,15.292959
5898,1196.600000,13.556625,2,0,0.009416,13.566041
5899,1196.633333,13.193083,2,0,0.007167,13.200250
5900,1196.666667,13.707708,2,0,0.008417,13.716125
5901,1196.700000,12.688958,2,0,0.007417,12.696375
5902,1196.733333,13.554000,2,0,0.006916,13.560916
5903,1196.766667,13.492584,2,0,0.007916,13.500500
5904,1196.800000,13.874333,2,0,0.009250,13.883583
5905,1196.833333,13.204500,2,0,0.008500,13.213000
5906,1196.866667,13.758458,2,0,0.006167,13.764625
5907,1196.900000,13.167500,2,0,0.009375,13.176875
5908,1196.933333,13.034083,2,0,0.024917,13.059000
5909,1196.966667,13.098583,2,0,0.013417,13.112000
5910,1197.000000,13.446625,2,0,0.010417,13.457042
5911,1197.033333,14.395625,2,0,0.027000,14.422625
5912,1197.066667,14.274125,2,0,0.012541,14.286666
5913,1197.100000,14.263292,2,0,0.037833,14.301125
5914,1197.133333,14.761833,2,0,0.011292,14.773125
5915,1197.166667,14.274958,2,0,0.004417,14.279375
5916,1197.200000,14.574000,2,0,0.015542,14.589542
5917,1197.233333,13.505542,2,0,0.009667,13.515209
5918,1197.266667,13.067583,2,0,0.017958,13.085541
5919,1197.300000,13.403291,2,0,0.025125,13.428416
5920,1197.333333,13.624208,2,0,0.012167,13.636375
5921,1197.366667,13.541125,2,0,0.026167,13.567292
5922,1197.400000,13.799166,2,0,0.011084,13.810250
5923,1197.433333,13.794583,2,0,0.011750,13.806333
5924,1197.466667,13.892291,2,0,0.035292,13.927583
5925,1197.500000,13.661958,2,0,0.011542,13.673500
5926,1197.533333,14.302041,2,0,0.015917,14.317958
5927,1197.566667,14.210834,2,0,0.017875,14.228709
5928,1197.600000,12.317250,2,0,0.005750,12.323000
5929,1197.633333,11.712125,2,0,0.009208,11.721333
5930,1197.666667,11.536875,2,0,0.007791,11.544666
5931,1197.700000,11.843959,2,0,0.007541,11.851500
5932,1197.733333,12.704667,2,0,0.004750,12.709417
5933,1197.766667,14.783958,2,0,0.007875,14.791833
5934,1197.800000,14.181667,2,0,0.006875,14.188542
5935,1197.833333,14.850875,2,0,0.008625,14.859500
5936,1197.866667,14.831417,2,0,0.010791,14.842208
5937,1197.900000,14.362500,2,0,0.007416,14.369916
5938,1197.933333,14.415166,2,0,0.014834,14.430000
5939,1197.966667,15.032458,2,0,0.012500,15.044958
5940,1198.000000,14.796500,2,0,0.014042,14.810542
5941,1198.033333,15.263917,2,0,0.016333,15.280250
5942,1198.066667,15.675750,2,0,0.025666,15.701416
5943,1198.100000,15.525584,2,0,0.003958,15.529542
5944,1198.133333,15.642625,2,0,0.012542,15.655167
5945,1198.166667,15.383250,2,0,0.010375,15.393625
5946,1198.200000,15.485917,2,0,0.010208,15.496125
5947,1198.233333,15.038792,2,0,0.011291,15.050083
5948,1198.266667,15.559500,2,0,0.018333,15.577833
5949,1198.300000,15.483667,2,0,0.013083,15.496750
5950,1198.333333,16.378333,2,0,0.009792,16.388125
5951,1198.366667,15.386125,2,0,0.017042,15.403167
5952,1198.400000,15.709459,2,0,0.020208,15.729667
5953,1198.433333,15.666834,2,0,0.019291,15.686125
5954,1198.466667,15.481834,2,0,0.016333,15.498167
5955,1198.500000,15.842375,2,0,0.011208,15.853583
5956,1198.533333,15.232083,2,0,0.013375,15.245458
5957,1198.566667,15.285667,2,0,0.006625,15.292292
5958,1198.600000,14.779833,2,0,0.011250,14.791083
5959,1198.633333,13.824291,2,0,0.009125,13.833416
5960,1198.666667,13.712458,2,0,0.006834,13.719292
5961,1198.700000,14.156500,2,0,0.011542,14.168042
5962,1198.733333,13.689250,2,0,0.008584,13.697834
5963,1198.766667,13.517708,2,0,0.007583,13.525291
5964,1198.800000,13.480833,2,0,0.008125,13.488958
5965,1198.833333,13.750834,2,0,0.008750,13.759584
5966,1198.866667,14.128416,2,0,0.007875,14.136291
5967,1198.900000,13.397333,2,0,0.008750,13.406083
5968,1198.933333,13.458000,2,0,0.009000,13.467000
5969,1198.966667,13.613208,2,0,0.014458,13.627666
5970,1199.000000,13.575833,2,0,0.012042,13.587875
5971,1199.033333,13.935667,2,0,0.017583,13.953250
5972,1199.066667,14.506458,2,0,0.013833,14.520291
5973,1199.100000,14.116875,2,0,0.011916,14.128791
5974,1199.133333,14.477583,2,0,0.008958,14.486541
5975,1199.166667,14.526375,2,0,0.018833,14.545208
5976,1199.200000,15.079667,2,0,0.012250,15.091917
5977,1199.233333,15.138834,2,0,0.019083,15.157917
5978,1199.266667,14.702000,2,0,0.016750,14.718750
5979,1199.300000,14.096959,2,0,0.018500,14.115459
5980,1199.333333,14.718958,2,0,0.008708,14.727666
5981,1199.366667,15.088709,2,0,0.012833,15.101542
5982,1199.400000,15.141959,2,0,0.014541,15.156500
5983,1199.433333,14.714500,2,0,0.010042,14.724542
5984,1199.466667,14.428000,2,0,0.014708,14.442708
5985,1199.500000,14.066208,2,0,0.014625,14.080833
5986,1199.533333,14.015208,2,0,0.010750,14.025958
5987,1199.566667,15.234666,2,0,0.010292,15.244958
5988,1199.600000,14.029333,2,0,0.009709,14.039042
5989,1199.633333,12.971708,2,0,0.008125,12.979833
5990,1199.666667,12.128291,2,0,0.007667,12.135958
5991,1199.700000,12.275833,2,0,0.009125,12.284958
5992,1199.733333,12.565750,2,0,0.007166,12.572916
5993,1199.766667,12.139583,2,0,0.010250,12.149833
5994,1199.800000,12.155208,2,0,0.009209,12.164417
5995,1199.833333,12.117041,2,0,0.017125,12.134166
5996,1199.866667,12.431458,2,0,0.013958,12.445416
5997,1199.900000,13.233459,2,0,0.015666,13.249125
5998,1199.933333,13.469458,2,0,0.018750,13.488208
5999,1199.966667,13.646500,2,0,0.020125,13.666625
6000,1200.000000,13.759750,2,0,0.009583,13.769333
6001,1200.033333,14.550042,2,0,0.012083,14.562125
6002,1200.066667,13.756416,2,0,0.027084,13.783500
6003,1200.100000,13.236375,2,0,0.014583,13.250958
6004,1200.133333,12.880250,2,0,0.018875,12.899125
6005,1200.166667,14.055500,2,0,0.020333,14.075833
6006,1200.200000,14.129666,2,0,0.012584,14.142250
6007,1200.233333,13.653000,2,0,0.012167,13.665167
6008,1200.266667,13.864875,2,0,0.016667,13.881542
6009,1200.300000,13.451417,2,0,0.009958,13.461375
6010,1200.333333,13.814375,2,0,0.017542,13.831917
6011,1200.366667,13.950583,2,0,0.006584,13.957167
6012,1200.400000,13.381916,2,0,0.014584,13.396500
6013,1200.433333,13.651791,2,0,0.011167,13.662958
6014,1200.466667,12.203875,2,0,0.007834,12.211709
6015,1200.500000,11.756084,2,0,0.013000,11.769084
6016,1200.533333,11.333708,2,0,0.011958,11.345666
6017,1200.566667,13.239625,2,0,0.022541,13.262166
6018,1200.600000,12.648000,2,0,0.017666,12.665666
6019,1200.633333,14.919875,2,0,0.008291,14.928166
6020,1200.666667,15.424458,2,0,0.006292,15.430750
6021,1200.700000,14.071666,2,0,0.007375,14.079041
6022,1200.733333,15.432584,2,0,0.008375,15.440959
6023,1200.766667,14.348792,2,0,0.006625,14.355417
6024,1200.800000,15.226167,2,0,0.008542,15.234709
6025,1200.833333,14.707750,2,0,0.007458,14.715208
6026,1200.866667,14.811334,2,0,0.007875,14.819209
6027,1200.900000,14.762250,2,0,0.007708,14.769958
6028,1200.933333,14.765667,2,0,0.012000,14.777667
6029,1200.966667,14.249959,2,0,0.009083,14.259042
6030,1201.000000,14.290375,2,0,0.008750,14.299125
6031,1201.033333,14.607083,2,0,0.014875,14.621958
6032,1201.066667,14.662875,2,0,0.016417,14.679292
6033,1201.100000,14.767459,2,0,0.011125,14.778584
6034,1201.133333,15.585750,2,0,0.016792,15.602542
6035,1201.166667,15.692750,2,0,0.012125,15.704875
6036,1201.200000,13.958583,2,0,0.011250,13.969833
6037,1201.233333,14.175542,2,0,0.013292,14.188834
6038,1201.266667,13.972584,2,0,0.024250,13.996834
6039,1201.300000,14.124041,2,0,0.010959,14.135000
6040,1201.333333,13.493500,2,0,0.016042,13.509542
6041,1201.366667,14.958333,2,0,0.014459,14.972792
6042,1201.400000,15.366375,2,0,0.007459,15.373834
6043,1201.433333,15.297083,2,0,0.015417,15.312500
6044,1201.466667,15.290959,2,0,0.015875,15.306834
6045,1201.500000,15.592750,2,0,0.016166,15.608916
6046,1201.533333,15.642583,2,0,0.018000,15.660583
6047,1201.566667,15.149917,2,0,0.011291,15.161208
6048,1201.600000,15.093584,2,0,0.016875,15.110459
6049,1201.633333,13.385125,2,0,0.007834,13.392959
6050,1201.666667,13.190875,2,0,0.007667,13.198542
6051,1201.700000,12.994500,2,0,0.007167,13.001667
6052,1201.733333,13.458292,2,0,0.007958,13.466250
6053,1201.766667,12.976708,2,0,0.007375,12.984083
6054,1201.800000,13.222208,2,0,0.007667,13.229875
6055,1201.833333,13.150584,2,0,0.007208,13.157792
6056,1201.866667,12.913208,2,0,0.007750,12.920958
6057,1201.900000,13.062333,2,0,0.006667,13.069000
6058,1201.933333,13.402959,2,0,0.006833,13.409792
6059,1201.966667,12.949833,2,0,0.019042,12.968875
6060,1202.000000,13.313375,2,0,0.019041,13.332416
6061,1202.033333,13.328542,2,0,0.019917,13.348459
6062,1202.066667,14.086500,2,0,0.019792,14.106292
6063,1202.100000,14.167041,2,0,0.025875,14.192916
6064,1202.133333,14.323958,2,0,0.011792,14.335750
6065,1202.166667,14.273125,2,0,0.010584,14.283709
6066,1202.200000,12.914834,2,0,0.011750,12.926584
6067,1202.233333,13.241834,2,0,0.011750,13.253584
6068,1202.266667,13.512917,2,0,0.007625,13.520542
6069,1202.300000,12.947167,2,0,0.009625,12.956792
6070,1202.333333,13.578375,2,0,0.007500,13.585875
6071,1202.366667,13.764583,2,0,0.020542,13.785125
6072,1202.400000,14.403292,2,0,0.013333,14.416625
6073,1202.433333,14.375500,2,0,0.015291,14.390791
6074,1202.466667,14.315291,2,0,0.028000,14.343291
6075,1202.500000,14.619542,2,0,0.007625,14.627167
6076,1202.533333,14.907417,2,0,0.009208,14.916625
6077,1202.566667,14.516959,2,0,0.009250,14.526209
6078,1202.600000,14.499625,2,0,0.018791,14.518416
6079,1202.633333,13.172709,2,0,0.009125,13.181834
6080,1202.666667,12.023750,2,0,0.008625,12.032375
6081,1202.700000,12.708292,2,0,0.009708,12.718000
6082,1202.733333,12.647875,2,0,0.007291,12.655166
6083,1202.766667,12.086834,2,0,0.008375,12.095209
6084,1202.800000,12.057584,2,0,0.009291,12.066875
6085,1202.833333,12.113000,2,0,0.007875,12.120875
6086,1202.866667,12.079041,2,0,0.008542,12.087583
6087,1202.900000,11.936375,2,0,0.009958,11.946333
6088,1202.933333,12.133833,2,0,0.006375,12.140208
6089,1202.966667,12.225792,2,0,0.012250,12.238042
6090,1203.000000,12.600417,2,0,0.011583,12.612000
6091,1203.033333,12.457125,2,0,0.007041,12.464166
6092,1203.066667,12.709875,2,0,0.008375,12.718250
6093,1203.100000,12.284292,2,0,0.018667,12.302959
6094,1203.133333,12.124584,2,0,0.010083,12.134667
6095,1203.166667,13.589000,2,0,0.008625,13.597625
6096,1203.200000,16.499292,2,0,0.016542,16.515834
6097,1203.233333,17.292583,2,0,0.018875,17.311458
6098,1203.266667,16.744875,2,0,0.016792,16.761667
6099,1203.300000,16.030083,2,0,0.008667,16.038750
6100,1203.333333,16.011167,2,0,0.008541,16.019708
6101,1203.366667,15.893917,2,0,0.008833,15.902750
6102,1203.400000,16.667417,2,0,0.015583,16.683000
6103,1203.433333,16.183833,2,0,0.017042,16.200875
6104,1203.466667,16.879083,2,0,0.018417,16.897500
6105,1203.500000,17.223458,2,0,0.026250,17.249708
6106,1203.533333,15.714125,2,0,0.022166,15.736291
6107,1203.566667,16.999666,2,0,0.025459,17.025125
6108,1203.600000,15.604958,2,0,0.011250,15.616208
6109,1203.633333,15.954875,2,0,0.008459,15.963334
6110,1203.666667,15.940542,2,0,0.010333,15.950875
6111,1203.700000,16.519709,2,0,0.013875,16.533584
6112,1203.733333,15.673583,2,0,0.010792,15.684375
6113,1203.766667,14.626959,2,0,0.019708,14.646667
6114,1203.800000,14.455083,2,0,0.008000,14.463083
6115,1203.833333,14.655375,2,0,0.008583,14.663958
6116,1203.866667,14.925958,2,0,0.004459,14.930417
6117,1203.900000,14.346916,2,0,0.007375,14.354291
6118,1203.933333,15.110833,2,0,0.010125,15.120958
6119,1203.966667,14.240084,2,0,0.008416,14.248500
6120,1204.000000,13.877875,2,0,0.007292,13.885167
6121,1204.033333,14.507375,2,0,0.016208,14.523583
6122,1204.066667,14.340084,2,0,0.011000,14.351084
6123,1204.100000,14.851000,2,0,0.011833,14.862833
6124,1204.133333,15.180750,2,0,0.009666,15.190416
6125,1204.166667,15.175584,2,0,0.007583,15.183167
6126,1204.200000,15.645250,2,0,0.016167,15.661417
6127,1204.233333,16.016542,2,0,0.010708,16.027250
6128,1204.266667,13.796542,2,0,0.010417,13.806959
6129,1204.300000,14.020792,2,0,0.012875,14.033667
6130,1204.333333,13.469625,2,0,0.016333,13.485958
6131,1204.366667,13.707042,2,0,0.010083,13.717125
6132,1204.400000,14.698166,2,0,0.008500,14.706666
6133,1204.433333,14.036000,2,0,0.013000,14.049000
6134,1204.466667,15.246541,2,0,0.015542,15.262083
6135,1204.500000,15.185541,2,0,0.006375,15.191916
6136,1204.533333,14.997292,2,0,0.008166,15.005458
6137,1204.566667,14.957334,2,0,0.023750,14.981084
6138,1204.600000,14.522584,2,0,0.018583,14.541167
6139,1204.633333,15.299166,2,0,0.021375,15.320541
6140,1204.666667,13.174542,2,0,0.008083,13.182625
6141,1204.700000,12.394708,2,0,0.009459,12.404167
6142,1204.733333,12.897291,2,0,0.008584,12.905875
6143,1204.766667,13.068541,2,0,0.009500,13.078041
6144,1204.800000,12.889541,2,0,0.009375,12.898916
6145,1204.833333,13.138542,2,0,0.008083,13.146625
6146,1204.866667,13.436916,2,0,0.008834,13.445750
6147,1204.900000,13.525625,2,0,0.011750,13.537375
6148,1204.933333,13.098916,2,0,0.014709,13.113625
6149,1204.966667,13.405375,2,0,0.012333,13.417708
6150,1205.000000,13.477750,2,0,0.007375,13.485125
6151,1205.033333,13.277917,2,0,0.007042,13.284959
6152,1205.066667,13.187125,2,0,0.008166,13.195291
6153,1205.100000,12.164958,2,0,0.012542,12.177500
6154,1205.133333,12.528291,2,0,0.021709,12.550000
6155,1205.166667,13.318250,2,0,0.008000,13.326250
6156,1205.200000,13.627625,2,0,0.019917,13.647542
6157,1205.233333,13.890791,2,0,0.019834,13.910625
6158,1205.266667,14.038541,2,0,0.011417,14.049958
6159,1205.300000,13.616750,2,0,0.009833,13.626583
6160,1205.333333,13.770417,2,0,0.009708,13.780125
6161,1205.366667,13.710375,2,0,0.005875,13.716250
6162,1205.400000,14.028042,2,0,0.009375,14.037417
6163,1205.433333,14.052666,2,0,0.016250,14.068916
6164,1205.466667,13.873792,2,0,0.010458,13.884250
6165,1205.500000,13.464666,2,0,0.027917,13.492583
6166,1205.533333,13.353250,2,0,0.014167,13.367417
6167,1205.566667,13.254875,2,0,0.020917,13.275792
6168,1205.600000,13.289583,2,0,0.022000,13.311583
6169,1205.633333,14.067584,2,0,0.019916,14.087500
6170,1205.666667,15.070084,2,0,0.008041,15.078125
6171,1205.700000,15.161708,2,0,0.009042,15.170750
6172,1205.733333,15.111375,2,0,0.008542,15.119917
6173,1205.766667,14.247709,2,0,0.021000,14.268709
6174,1205.800000,15.144250,2,0,0.008875,15.153125
6175,1205.833333,14.547916,2,0,0.006292,14.554208
6176,1205.866667,15.270958,2,0,0.008375,15.279333
6177,1205.900000,13.878541,2,0,0.007542,13.886083
6178,1205.933333,14.173917,2,0,0.009250,14.183167
6179,1205.966667,14.189125,2,0,0.009709,14.198834
6180,1206.000000,13.662209,2,0,0.011083,13.673292
6181,1206.033333,13.660084,2,0,0.007666,13.667750
6182,1206.066667,14.687500,2,0,0.009250,14.696750
6183,1206.100000,14.803292,2,0,0.008417,14.811709
6184,1206.133333,14.619000,2,0,0.012791,14.631791
6185,1206.166667,14.433833,2,0,0.008417,14.442250
6186,1206.200000,14.232833,2,0,0.013834,14.246667
6187,1206.233333,14.455250,2,0,0.022791,14.478041
6188,1206.266667,14.873167,2,0,0.019666,14.892833
6189,1206.300000,14.981625,2,0,0.017250,14.998875
6190,1206.333333,15.503292,2,0,0.008916,15.512208
6191,1206.366667,15.311917,2,0,0.020500,15.332417
6192,1206.400000,15.153833,2,0,0.019333,15.173166
6193,1206.433333,14.840833,2,0,0.011417,14.852250
6194,1206.466667,14.417084,2,0,0.010666,14.427750
6195,1206.500000,15.516375,2,0,0.019292,15.535667
6196,1206.533333,15.298125,2,0,0.011875,15.310000
6197,1206.566667,14.539208,2,0,0.012167,14.551375
6198,1206.600000,15.402458,2,0,0.016125,15.418583
6199,1206.633333,15.038083,2,0,0.018584,15.056667
6200,1206.666667,13.364084,2,0,0.005083,13.369167
6201,1206.700000,13.825750,2,0,0.007375,13.833125
6202,1206.733333,12.937209,2,0,0.009166,12.946375
6203,1206.766667,12.660125,2,0,0.007917,12.668042
6204,1206.800000,13.114667,2,0,0.009416,13.124083
6205,1206.833333,13.093334,2,0,0.012750,13.106084
6206,1206.866667,13.080042,2,0,0.005417,13.085459
6207,1206.900000,12.787333,2,0,0.012458,12.799791
6208,1206.933333,13.099875,2,0,0.010458,13.110333
6209,1206.966667,12.808375,2,0,0.012000,12.820375
6210,1207.000000,12.930167,2,0,0.009708,12.939875
6211,1207.033333,13.215250,2,0,0.018958,13.234208
6212,1207.066667,14.226541,2,0,0.010417,14.236958
6213,1207.100000,13.832250,2,0,0.020167,13.852417
6214,1207.133333,14.815291,2,0,0.018917,14.834208
6215,1207.166667,14.260833,2,0,0.025584,14.286417
6216,1207.200000,13.948041,2,0,0.008167,13.956208
6217,1207.233333,13.475875,2,0,0.013792,13.489667
6218,1207.266667,16.112292,2,0,0.012041,16.124333
6219,1207.300000,15.691416,2,0,0.017500,15.708916
6220,1207.333333,17.969500,2,0,0.022250,17.991750
6221,1207.366667,15.375834,2,0,0.012291,15.388125
6222,1207.400000,15.745833,2,0,0.021208,15.767041
6223,1207.433333,15.626375,2,0,0.020625,15.647000
6224,1207.466667,15.847916,2,0,0.019209,15.867125
6225,1207.500000,15.377500,2,0,0.010375,15.387875
6226,1207.533333,15.941458,2,0,0.018834,15.960292
6227,1207.566667,16.040292,2,0,0.022458,16.062750
6228,1207.600000,16.185333,2,0,0.019917,16.205250
6229,1207.633333,16.015334,2,0,0.009125,16.024459
6230,1207.666667,14.186708,2,0,0.006917,14.193625
6231,1207.700000,15.094625,2,0,0.010542,15.105167
6232,1207.733333,14.651000,2,0,0.007375,14.658375
6233,1207.766667,14.075542,2,0,0.004417,14.079959
6234,1207.800000,14.689917,2,0,0.005208,14.695125
6235,1207.833333,14.388959,2,0,0.005083,14.394042
6236,1207.866667,14.169583,2,0,0.007250,14.176833
6237,1207.900000,14.381042,2,0,0.008792,14.389834
6238,1207.933333,14.071250,2,0,0.009458,14.080708
6239,1207.966667,14.536875,2,0,0.013083,14.549958
6240,1208.000000,15.019208,2,0,0.005000,15.024208
6241,1208.033333,14.224708,2,0,0.004375,14.229083
6242,1208.066667,13.947791,2,0,0.013542,13.961333
6243,1208.100000,13.848208,2,0,0.005875,13.854083
6244,1208.133333,14.929333,2,0,0.020834,14.950167
6245,1208.166667,14.948792,2,0,0.020708,14.969500
6246,1208.200000,14.890167,2,0,0.019166,14.909333
6247,1208.233333,14.621791,2,0,0.019209,14.641000
6248,1208.266667,15.349833,2,0,0.019959,15.369792
6249,1208.300000,14.757500,2,0,0.013458,14.770958
6250,1208.333333,15.013459,2,0,0.007583,15.021042
6251,1208.366667,15.888500,2,0,0.008792,15.897292
6252,1208.400000,13.258666,2,0,0.010584,13.269250
6253,1208.433333,13.721917,2,0,0.011583,13.733500
6254,1208.466667,13.590667,2,0,0.012375,13.603042
6255,1208.500000,14.384250,2,0,0.012875,14.397125
6256,1208.533333,13.903625,2,0,0.008667,13.912292
6257,1208.566667,12.944292,2,0,0.023625,12.967917
6258,1208.600000,13.662166,2,0,0.015500,13.677666
6259,1208.633333,14.892709,2,0,0.010916,14.903625
6260,1208.666667,14.049416,2,0,0.028625,14.078041
6261,1208.700000,12.934959,2,0,0.007458,12.942417
6262,1208.733333,13.120792,2,0,0.008000,13.128792
6263,1208.766667,13.439375,2,0,0.008041,13.447416
6264,1208.800000,13.546167,2,0,0.008500,13.554667
6265,1208.833333,13.427542,2,0,0.007167,13.434709
6266,1208.866667,13.474792,2,0,0.010708,13.485500
6267,1208.900000,13.702834,2,0,0.011541,13.714375
6268,1208.933333,13.567750,2,0,0.008209,13.575959
6269,1208.966667,13.597625,2,0,0.012833,13.610458
6270,1209.000000,12.943750,2,0,0.010209,12.953959
6271,1209.033333,13.128833,2,0,0.014458,13.143291
6272,1209.066667,13.930875,2,0,0.025917,13.956792
6273,1209.100000,14.608500,2,0,0.008709,14.617209
6274,1209.133333,14.085792,2,0,0.008917,14.094709
6275,1209.166667,14.630083,2,0,0.006083,14.636166
6276,1209.200000,15.193500,2,0,0.005834,15.199334
6277,1209.233333,14.569875,2,0,0.006791,14.576666
6278,1209.266667,14.798209,2,0,0.019875,14.818084
6279,1209.300000,15.207416,2,0,0.009084,15.216500
6280,1209.333333,14.964334,2,0,0.018458,14.982792
6281,1209.366667,14.561083,2,0,0.007208,14.568291
6282,1209.400000,12.903375,2,0,0.006875,12.910250
6283,1209.433333,13.404625,2,0,0.011792,13.416417
6284,1209.466667,13.322416,2,0,0.009417,13.331833
6285,1209.500000,13.299083,2,0,0.008750,13.307833
6286,1209.533333,13.210166,2,0,0.008167,13.218333
6287,1209.566667,13.128541,2,0,0.007584,13.136125
6288,1209.600000,14.362084,2,0,0.025500,14.387584
6289,1209.633333,14.438000,2,0,0.008334,14.446334
6290,1209.666667,14.760458,2,0,0.016417,14.776875
6291,1209.700000,13.236250,2,0,0.007416,13.243666
6292,1209.733333,12.627208,2,0,0.007334,12.634542
6293,1209.766667,12.749209,2,0,0.008291,12.757500
6294,1209.800000,12.508791,2,0,0.007375,12.516166
6295,1209.833333,13.127834,2,0,0.007708,13.135542
6296,1209.866667,15.984833,2,0,0.007208,15.992041
6297,1209.900000,16.166833,2,0,0.010333,16.177166
6298,1209.933333,16.009291,2,0,0.009125,16.018416
6299,1209.966667,15.989250,2,0,0.012250,16.001500
6300,1210.000000,15.627000,2,0,0.012541,15.639541
6301,1210.033333,15.345584,2,0,0.011041,15.356625
6302,1210.066667,15.577042,2,0,0.014917,15.591959
6303,1210.100000,15.437750,2,0,0.011000,15.448750
6304,1210.133333,15.924875,2,0,0.021042,15.945917
6305,1210.166667,15.320500,2,0,0.016625,15.337125
6306,1210.200000,15.870375,2,0,0.004667,15.875042
6307,1210.233333,15.830167,2,0,0.005708,15.835875
6308,1210.266667,16.456375,2,0,0.004125,16.460500
6309,1210.300000,15.052583,2,0,0.008667,15.061250
6310,1210.333333,15.317375,2,0,0.010625,15.328000
6311,1210.366667,16.159334,2,0,0.014458,16.173792
6312,1210.400000,15.385167,2,0,0.010542,15.395709
6313,1210.433333,15.143083,2,0,0.018542,15.161625
6314,1210.466667,15.700625,2,0,0.020875,15.721500
6315,1210.500000,14.853041,2,0,0.018042,14.871083
6316,1210.533333,16.036917,2,0,0.016333,16.053250
6317,1210.566667,15.589875,2,0,0.010959,15.600834
6318,1210.600000,17.186791,2,0,0.015167,17.201958
6319,1210.633333,15.357208,2,0,0.017333,15.374541
6320,1210.666667,15.988791,2,0,0.013125,16.001916
6321,1210.700000,14.434542,2,0,0.004833,14.439375
6322,1210.733333,14.971208,2,0,0.007667,14.978875
6323,1210.766667,14.812208,2,0,0.008167,14.820375
6324,1210.800000,14.133417,2,0,0.005750,14.139167
6325,1210.833333,14.158875,2,0,0.007541,14.166416
6326,1210.866667,14.049542,2,0,0.009292,14.058834
6327,1210.900000,14.574250,2,0,0.010084,14.584334
6328,1210.933333,14.254500,2,0,0.012000,14.266500
6329,1210.966667,14.335292,2,0,0.011666,14.346958
6330,1211.000000,13.684958,2,0,0.009417,13.694375
6331,1211.033333,14.597959,2,0,0.012791,14.610750
6332,1211.066667,14.005833,2,0,0.007542,14.013375
6333,1211.100000,13.758500,2,0,0.004750,13.763250
6334,1211.133333,13.266542,2,0,0.006333,13.272875
6335,1211.166667,13.639500,2,0,0.009416,13.648916
6336,1211.200000,13.997542,2,0,0.008125,14.005667
6337,1211.233333,14.684417,2,0,0.024375,14.708792
6338,1211.266667,14.470292,2,0,0.011375,14.481667
6339,1211.300000,15.148375,2,0,0.018875,15.167250
6340,1211.333333,15.020208,2,0,0.027208,15.047416
6341,1211.366667,14.949375,2,0,0.008667,14.958042
6342,1211.400000,14.341042,2,0,0.009542,14.350584
6343,1211.433333,13.252875,2,0,0.011000,13.263875
6344,1211.466667,13.878375,2,0,0.007083,13.885458
6345,1211.500000,17.521250,2,0,0.010958,17.532208
6346,1211.533333,15.358917,2,0,0.007125,15.366042
6347,1211.566667,16.818958,2,0,0.009209,16.828167
6348,1211.600000,17.481209,2,0,0.008791,17.490000
6349,1211.633333,16.955500,2,0,0.025583,16.981083
6350,1211.666667,17.263625,2,0,0.015375,17.279000
6351,1211.700000,16.357792,2,0,0.009625,16.367417
6352,1211.733333,16.145458,2,0,0.007542,16.153000
6353,1211.766667,16.754917,2,0,0.007375,16.762292
6354,1211.800000,16.474584,2,0,0.003625,16.478209
6355,1211.833333,16.461709,2,0,0.008416,16.470125
6356,1211.866667,15.874333,2,0,0.008709,15.883042
6357,1211.900000,16.123500,2,0,0.008042,16.131542
6358,1211.933333,16.929084,2,0,0.010916,16.940000
6359,1211.966667,16.546958,2,0,0.011667,16.558625
6360,1212.000000,15.759750,2,0,0.006416,15.766166
6361,1212.033333,15.038583,2,0,0.005125,15.043708
6362,1212.066667,15.282250,2,0,0.008875,15.291125
6363,1212.100000,15.838583,2,0,0.005834,15.844417
6364,1212.133333,15.516583,2,0,0.016375,15.532958
6365,1212.166667,15.580125,2,0,0.009583,15.589708
6366,1212.200000,16.454000,2,0,0.008958,16.462958
6367,1212.233333,14.417500,2,0,0.015583,14.433083
6368,1212.266667,15.968416,2,0,0.022042,15.990458
6369,1212.300000,15.674166,2,0,0.016667,15.690833
6370,1212.333333,15.888750,2,0,0.015583,15.904333
6371,1212.366667,15.360666,2,0,0.008875,15.369541
6372,1212.400000,15.281167,2,0,0.011667,15.292834
6373,1212.433333,14.950875,2,0,0.010792,14.961667
6374,1212.466667,16.008208,2,0,0.011625,16.019833
6375,1212.500000,14.875583,2,0,0.005667,14.881250
6376,1212.533333,15.015166,2,0,0.005709,15.020875
6377,1212.566667,14.323042,2,0,0.009417,14.332459
6378,1212.600000,16.116167,2,0,0.018958,16.135125
6379,1212.633333,15.009541,2,0,0.008292,15.017833
6380,1212.666667,15.356500,2,0,0.017000,15.373500
6381,1212.700000,15.738125,2,0,0.017458,15.755583
6382,1212.733333,14.659834,2,0,0.007875,14.667709
6383,1212.766667,15.016791,2,0,0.009209,15.026000
6384,1212.800000,14.924750,2,0,0.010333,14.935083
6385,1212.833333,15.137250,2,0,0.007875,15.145125
6386,1212.866667,14.831958,2,0,0.012500,14.844458
6387,1212.900000,14.407875,2,0,0.009709,14.417584
6388,1212.933333,13.986333,2,0,0.008375,13.994708
6389,1212.966667,14.071834,2,0,0.011041,14.082875
6390,1213.000000,13.832958,2,0,0.005167,13.838125
6391,1213.033333,13.484458,2,0,0.009875,13.494333
6392,1213.066667,13.614500,2,0,0.007834,13.622334
6393,1213.100000,13.532958,2,0,0.006250,13.539208
6394,1213.133333,13.553750,2,0,0.018000,13.571750
6395,1213.166667,13.960000,2,0,0.009291,13.969291
6396,1213.200000,14.766625,2,0,0.019208,14.785833
6397,1213.233333,15.583125,2,0,0.009333,15.592458
6398,1213.266667,17.863000,2,0,0.016417,17.879417
6399,1213.300000,17.644791,2,0,0.021917,17.666708
6400,1213.333333,17.913458,2,0,0.011500,17.924958
6401,1213.366667,17.265833,2,0,0.007667,17.273500
6402,1213.400000,17.125083,2,0,0.006167,17.131250
6403,1213.433333,15.948792,2,0,0.008458,15.957250
6404,1213.466667,16.471209,2,0,0.018166,16.489375
6405,1213.500000,15.442250,2,0,0.011541,15.453791
6406,1213.533333,15.224500,2,0,0.007833,15.232333
6407,1213.566667,15.281000,2,0,0.019458,15.300458
6408,1213.600000,15.176417,2,0,0.018500,15.194917
6409,1213.633333,14.678541,2,0,0.010459,14.689000
6410,1213.666667,15.778709,2,0,0.025000,15.803709
6411,1213.700000,16.025667,2,0,0.009292,16.034959
6412,1213.733333,14.782834,2,0,0.009208,14.792042
6413,1213.766667,14.164291,2,0,0.013584,14.177875
6414,1213.800000,15.537334,2,0,0.014250,15.551584
6415,1213.833333,15.110791,2,0,0.012500,15.123291
6416,1213.866667,14.600583,2,0,0.013167,14.613750
6417,1213.900000,14.078709,2,0,0.009500,14.088209
6418,1213.933333,13.947750,2,0,0.008584,13.956334
6419,1213.966667,13.628166,2,0,0.007625,13.635791
6420,1214.000000,13.372125,2,0,0.007167,13.379292
6421,1214.033333,13.567708,2,0,0.009875,13.577583
6422,1214.066667,14.153916,2,0,0.008625,14.162541
6423,1214.100000,14.461292,2,0,0.009541,14.470833
6424,1214.133333,13.717417,2,0,0.016708,13.734125
6425,1214.166667,14.039083,2,0,0.006042,14.045125
6426,1214.200000,14.213750,2,0,0.018666,14.232416
6427,1214.233333,13.667625,2,0,0.008333,13.675958
6428,1214.266667,13.356042,2,0,0.016083,13.372125
6429,1214.300000,14.032125,2,0,0.007542,14.039667
6430,1214.333333,14.309500,2,0,0.004916,14.314416
6431,1214.366667,14.371083,2,0,0.014292,14.385375
6432,1214.400000,13.916000,2,0,0.011541,13.927541
6433,1214.433333,13.659125,2,0,0.009333,13.668458
6434,1214.466667,13.603666,2,0,0.008292,13.611958
6435,1214.500000,13.920791,2,0,0.017417,13.938208
6436,1214.533333,13.597250,2,0,0.008833,13.606083
6437,1214.566667,14.853875,2,0,0.021792,14.875667
6438,1214.600000,13.568083,2,0,0.005833,13.573916
6439,1214.633333,17.252541,2,0,0.011292,17.263833
6440,1214.666667,17.114833,2,0,0.008750,17.123583
6441,1214.700000,16.244500,2,0,0.007583,16.252083
6442,1214.733333,15.813667,2,0,0.009125,15.822792
6443,1214.766667,15.077250,2,0,0.007709,15.084959
6444,1214.800000,15.239833,2,0,0.006709,15.246542
6445,1214.833333,15.306833,2,0,0.007459,15.314292
6446,1214.866667,15.160791,2,0,0.007375,15.168166
6447,1214.900000,15.484334,2,0,0.007958,15.492292
6448,1214.933333,15.005167,2,0,0.008625,15.013792
6449,1214.966667,15.855708,2,0,0.011667,15.867375
6450,1215.000000,16.193750,2,0,0.009167,16.202917
6451,1215.033333,15.333208,2,0,0.010625,15.343833
6452,1215.066667,14.823500,2,0,0.008916,14.832416
6453,1215.100000,15.305291,2,0,0.009584,15.314875
6454,1215.133333,15.073292,2,0,0.009708,15.083000
6455,1215.166667,14.263833,2,0,0.009542,14.273375
6456,1215.200000,15.307583,2,0,0.008667,15.316250
6457,1215.233333,15.006292,2,0,0.009416,15.015708
6458,1215.266667,14.554334,2,0,0.011541,14.565875
6459,1215.300000,14.292834,2,0,0.012333,14.305167
6460,1215.333333,14.191167,2,0,0.006583,14.197750
6461,1215.366667,14.914625,2,0,0.023125,14.937750
6462,1215.400000,15.068625,2,0,0.005250,15.073875
6463,1215.433333,14.596000,2,0,0.009291,14.605291
6464,1215.466667,14.790709,2,0,0.016625,14.807334
6465,1215.500000,15.242917,2,0,0.021750,15.264667
6466,1215.533333,15.158458,2,0,0.018000,15.176458
6467,1215.566667,14.806416,2,0,0.010375,14.816791
6468,1215.600000,14.647416,2,0,0.005459,14.652875
6469,1215.633333,15.464750,2,0,0.010334,15.475084
6470,1215.666667,17.759625,2,0,0.004875,17.764500
6471,1215.700000,17.748916,2,0,0.011125,17.760041
6472,1215.733333,15.191125,2,0,0.013250,15.204375
6473,1215.766667,16.205542,2,0,0.009375,16.214917
6474,1215.800000,15.208000,2,0,0.007000,15.215000
6475,1215.833333,14.330250,2,0,0.006750,14.337000
6476,1215.866667,14.283416,2,0,0.008667,14.292083
6477,1215.900000,14.975708,2,0,0.006833,14.982541
6478,1215.933333,14.428959,2,0,0.005541,14.434500
6479,1215.966667,14.246167,2,0,0.008000,14.254167
6480,1216.000000,14.693833,2,0,0.008042,14.701875
6481,1216.033333,13.712958,2,0,0.006750,13.719708
6482,1216.066667,13.308125,2,0,0.006291,13.314416
6483,1216.100000,13.798208,2,0,0.009000,13.807208
6484,1216.133333,13.424625,2,0,0.012125,13.436750
6485,1216.166667,13.437542,2,0,0.014292,13.451834
6486,1216.200000,13.877250,2,0,0.011208,13.888458
6487,1216.233333,13.634750,2,0,0.007250,13.642000
6488,1216.266667,13.781375,2,0,0.009000,13.790375
6489,1216.300000,13.877583,2,0,0.006625,13.884208
6490,1216.333333,13.539750,2,0,0.007250,13.547000
6491,1216.366667,13.822541,2,0,0.021667,13.844208
6492,1216.400000,13.272875,2,0,0.012667,13.285542
6493,1216.433333,13.206834,2,0,0.010958,13.217792
6494,1216.466667,13.262583,2,0,0.007375,13.269958
6495,1216.500000,13.174875,2,0,0.008000,13.182875
6496,1216.533333,13.376667,2,0,0.008083,13.384750
6497,1216.566667,14.816208,2,0,0.017459,14.833667
6498,1216.600000,13.871375,2,0,0.018333,13.889708
6499,1216.633333,13.842042,2,0,0.019125,13.861167
6500,1216.666667,14.152125,2,0,0.018917,14.171042
6501,1216.700000,13.721375,2,0,0.011417,13.732792
6502,1216.733333,13.485792,2,0,0.007542,13.493334
6503,1216.766667,15.094916,2,0,0.007959,15.102875
6504,1216.800000,14.846459,2,0,0.008583,14.855042
6505,1216.833333,15.037042,2,0,0.008958,15.046000
6506,1216.866667,15.055750,2,0,0.009333,15.065083
6507,1216.900000,15.218458,2,0,0.007667,15.226125
6508,1216.933333,15.273292,2,0,0.007625,15.280917
6509,1216.966667,15.112209,2,0,0.007708,15.119917
6510,1217.000000,14.591584,2,0,0.007125,14.598709
6511,1217.033333,14.973833,2,0,0.008167,14.982000
6512,1217.066667,14.300375,2,0,0.009750,14.310125
6513,1217.100000,14.556292,2,0,0.008958,14.565250
6514,1217.133333,14.163792,2,0,0.014625,14.178417
6515,1217.166667,14.544708,2,0,0.010209,14.554917
6516,1217.200000,14.300750,2,0,0.014542,14.315292
6517,1217.233333,13.806250,2,0,0.023625,13.829875
6518,1217.266667,13.949584,2,0,0.009458,13.959042
6519,1217.300000,13.501875,2,0,0.018333,13.520208
6520,1217.333333,13.494583,2,0,0.006792,13.501375
6521,1217.366667,14.220834,2,0,0.008500,14.229334
6522,1217.400000,14.094125,2,0,0.009917,14.104042
6523,1217.433333,15.346584,2,0,0.005083,15.351667
6524,1217.466667,14.692750,2,0,0.009583,14.702333
6525,1217.500000,14.342667,2,0,0.020291,14.362958
6526,1217.533333,14.867208,2,0,0.011084,14.878292
6527,1217.566667,14.608125,2,0,0.009625,14.617750
6528,1217.600000,14.392042,2,0,0.009916,14.401958
6529,1217.633333,14.469375,2,0,0.019000,14.488375
6530,1217.666667,15.894334,2,0,0.008583,15.902917
6531,1217.700000,12.781167,2,0,0.015500,12.796667
6532,1217.733333,13.312750,2,0,0.005583,13.318333
6533,1217.766667,12.746000,2,0,0.009166,12.755166
6534,1217.800000,13.381375,2,0,0.009791,13.391166
6535,1217.833333,15.263250,2,0,0.006500,15.269750
6536,1217.866667,15.154667,2,0,0.008333,15.163000
6537,1217.900000,14.377334,2,0,0.008375,14.385709
6538,1217.933333,14.400750,2,0,0.008417,14.409167
6539,1217.966667,14.635708,2,0,0.007542,14.643250
6540,1218.000000,14.195875,2,0,0.007708,14.203583
6541,1218.033333,14.323917,2,0,0.008500,14.332417
6542,1218.066667,14.260042,2,0,0.007583,14.267625
6543,1218.100000,14.836584,2,0,0.009000,14.845584
6544,1218.133333,14.024375,2,0,0.008875,14.033250
6545,1218.166667,13.367916,2,0,0.009334,13.377250
6546,1218.200000,13.763250,2,0,0.014375,13.777625
6547,1218.233333,14.227083,2,0,0.018125,14.245208
6548,1218.266667,13.860500,2,0,0.013041,13.873541
6549,1218.300000,13.926958,2,0,0.009375,13.936333
6550,1218.333333,13.431708,2,0,0.010584,13.442292
6551,1218.366667,13.258167,2,0,0.009416,13.267583
6552,1218.400000,13.121667,2,0,0.006250,13.127917
6553,1218.433333,13.585333,2,0,0.009042,13.594375
6554,1218.466667,14.077250,2,0,0.013167,14.090417
6555,1218.500000,14.176042,2,0,0.009833,14.185875
6556,1218.533333,14.517125,2,0,0.008500,14.525625
6557,1218.566667,14.724625,2,0,0.016833,14.741458
6558,1218.600000,14.746375,2,0,0.008417,14.754792
6559,1218.633333,14.264542,2,0,0.016667,14.281209
6560,1218.666667,14.775375,2,0,0.020875,14.796250
6561,1218.700000,14.330166,2,0,0.011834,14.342000
6562,1218.733333,14.057542,2,0,0.008875,14.066417
6563,1218.766667,12.343875,2,0,0.008167,12.352042
6564,1218.800000,11.930041,2,0,0.008167,11.938208
6565,1218.833333,11.565542,2,0,0.009917,11.575459
6566,1218.866667,11.568875,2,0,0.006000,11.574875
6567,1218.900000,11.396458,2,0,0.011417,11.407875
6568,1218.933333,12.286959,2,0,0.009041,12.296000
6569,1218.966667,11.378333,2,0,0.007084,11.385417
6570,1219.000000,11.720250,2,0,0.007250,11.727500
6571,1219.033333,11.552667,2,0,0.008791,11.561458
6572,1219.066667,11.152917,2,0,0.008542,11.161459
6573,1219.100000,11.100000,2,0,0.007000,11.107000
6574,1219.133333,10.755917,2,0,0.010583,10.766500
6575,1219.166667,11.073583,2,0,0.009042,11.082625
6576,1219.200000,11.670708,2,0,0.009375,11.680083
6577,1219.233333,12.083208,2,0,0.014417,12.097625
6578,1219.266667,12.796417,2,0,0.011917,12.808334
6579,1219.300000,12.873458,2,0,0.011042,12.884500
6580,1219.333333,13.762583,2,0,0.011750,13.774333
6581,1219.366667,16.449000,2,0,0.005584,16.454584
6582,1219.400000,15.833209,2,0,0.017666,15.850875
6583,1219.433333,15.429917,2,0,0.022583,15.452500
6584,1219.466667,15.565666,2,0,0.009459,15.575125
6585,1219.500000,15.311041,2,0,0.008500,15.319541
6586,1219.533333,15.153958,2,0,0.010250,15.164208
6587,1219.566667,15.441334,2,0,0.018625,15.459959
6588,1219.600000,15.465291,2,0,0.008167,15.473458
6589,1219.633333,15.195542,2,0,0.003542,15.199084
6590,1219.666667,15.829084,2,0,0.009416,15.838500
6591,1219.700000,15.653125,2,0,0.017208,15.670333
6592,1219.733333,15.267625,2,0,0.018625,15.286250
6593,1219.766667,13.700375,2,0,0.008375,13.708750
6594,1219.800000,13.650416,2,0,0.008959,13.659375
6595,1219.833333,13.259750,2,0,0.008333,13.268083
6596,1219.866667,13.159500,2,0,0.008500,13.168000
6597,1219.900000,13.560917,2,0,0.006125,13.567042
6598,1219.933333,13.717834,2,0,0.007625,13.725459
6599,1219.966667,13.809667,2,0,0.010166,13.819833
6600,1220.000000,14.321916,2,0,0.010917,14.332833
6601,1220.033333,14.188459,2,0,0.012708,14.201167
6602,1220.066667,13.998167,2,0,0.007250,14.005417
6603,1220.100000,14.296541,2,0,0.012167,14.308708
6604,1220.133333,13.613209,2,0,0.009916,13.623125
6605,1220.166667,13.446416,2,0,0.015459,13.461875
6606,1220.200000,13.128875,2,0,0.024958,13.153833
6607,1220.233333,13.484333,2,0,0.007667,13.492000
6608,1220.266667,14.519208,2,0,0.023042,14.542250
6609,1220.300000,13.685208,2,0,0.019834,13.705042
6610,1220.333333,14.515333,2,0,0.008875,14.524208
6611,1220.366667,14.726708,2,0,0.013875,14.740583
6612,1220.400000,14.048417,2,0,0.006750,14.055167
6613,1220.433333,14.457875,2,0,0.021041,14.478916
6614,1220.466667,15.093916,2,0,0.015000,15.108916
6615,1220.500000,14.628375,2,0,0.018541,14.646916
6616,1220.533333,14.651792,2,0,0.021208,14.673000
6617,1220.566667,14.503417,2,0,0.027541,14.530958
6618,1220.600000,14.391125,2,0,0.019375,14.410500
6619,1220.633333,14.280209,2,0,0.008666,14.288875
6620,1220.666667,14.824584,2,0,0.038166,14.862750
6621,1220.700000,14.225375,2,0,0.008917,14.234292
6622,1220.733333,14.060167,2,0,0.013000,14.073167
6623,1220.766667,14.680417,2,0,0.006958,14.687375
6624,1220.800000,13.932625,2,0,0.009333,13.941958
6625,1220.833333,12.809750,2,0,0.007458,12.817208
6626,1220.866667,12.872625,2,0,0.005375,12.878000
6627,1220.900000,12.700625,2,0,0.011292,12.711917
6628,1220.933333,12.691458,2,0,0.006500,12.697958
6629,1220.966667,12.902833,2,0,0.008500,12.911333
6630,1221.000000,13.174250,2,0,0.010041,13.184291
6631,1221.033333,12.674875,2,0,0.010334,12.685209
6632,1221.066667,12.858000,2,0,0.011333,12.869333
6633,1221.100000,12.716916,2,0,0.008875,12.725791
6634,1221.133333,13.193542,2,0,0.015375,13.208917
6635,1221.166667,13.204250,2,0,0.025250,13.229500
6636,1221.200000,13.391042,2,0,0.019708,13.410750
6637,1221.233333,14.131167,2,0,0.025125,14.156292
6638,1221.266667,14.251625,2,0,0.018916,14.270541
6639,1221.300000,14.266834,2,0,0.014041,14.280875
6640,1221.333333,14.924250,2,0,0.011209,14.935459
6641,1221.366667,13.611958,2,0,0.016667,13.628625
6642,1221.400000,14.305792,2,0,0.022958,14.328750
6643,1221.433333,14.081375,2,0,0.009959,14.091334
6644,1221.466667,14.204667,2,0,0.009208,14.213875
6645,1221.500000,14.348042,2,0,0.012167,14.360209
6646,1221.533333,12.700917,2,0,0.010416,12.711333
6647,1221.566667,13.415833,2,0,0.012625,13.428458
6648,1221.600000,13.281750,2,0,0.016500,13.298250
6649,1221.633333,13.455250,2,0,0.011041,13.466291
6650,1221.666667,13.956042,2,0,0.017833,13.973875
6651,1221.700000,14.242375,2,0,0.009458,14.251833
6652,1221.733333,14.192583,2,0,0.012917,14.205500
6653,1221.766667,14.007542,2,0,0.022917,14.030459
6654,1221.800000,12.436875,2,0,0.008209,12.445084
6655,1221.833333,12.692708,2,0,0.005042,12.697750
6656,1221.866667,12.217625,2,0,0.005667,12.223292
6657,1221.900000,12.508416,2,0,0.008959,12.517375
6658,1221.933333,12.599750,2,0,0.007583,12.607333
6659,1221.966667,12.680542,2,0,0.005875,12.686417
6660,1222.000000,12.429750,2,0,0.008167,12.437917
6661,1222.033333,12.181625,2,0,0.007417,12.189042
6662,1222.066667,12.109750,2,0,0.008417,12.118167
6663,1222.100000,11.921042,2,0,0.007750,11.928792
6664,1222.133333,11.796875,2,0,0.007833,11.804708
6665,1222.166667,12.213041,2,0,0.008250,12.221291
6666,1222.200000,11.922625,2,0,0.009458,11.932083
6667,1222.233333,12.466583,2,0,0.007667,12.474250
6668,1222.266667,12.382166,2,0,0.013042,12.395208
6669,1222.300000,12.250625,2,0,0.015375,12.266000
6670,1222.333333,12.743750,2,0,0.009209,12.752959
6671,1222.366667,13.578625,2,0,0.009041,13.587666
6672,1222.400000,13.645000,2,0,0.018666,13.663666
6673,1222.433333,13.869000,2,0,0.011459,13.880459
6674,1222.466667,14.121125,2,0,0.020833,14.141958
6675,1222.500000,14.612125,2,0,0.019209,14.631334
6676,1222.533333,16.850917,2,0,0.011125,16.862042
6677,1222.566667,15.265708,2,0,0.010208,15.275916
6678,1222.600000,15.874792,2,0,0.011208,15.886000
6679,1222.633333,16.984666,2,0,0.004709,16.989375
6680,1222.666667,16.695375,2,0,0.013750,16.709125
6681,1222.700000,16.263375,2,0,0.009625,16.273000
6682,1222.733333,16.341666,2,0,0.008917,16.350583
6683,1222.766667,16.647083,2,0,0.025375,16.672458
6684,1222.800000,15.023375,2,0,0.007208,15.030583
6685,1222.833333,14.652000,2,0,0.007083,14.659083
6686,1222.866667,14.865959,2,0,0.008125,14.874084
6687,1222.900000,14.698417,2,0,0.007458,14.705875
6688,1222.933333,15.243542,2,0,0.007708,15.251250
6689,1222.966667,14.577375,2,0,0.007916,14.585291
6690,1223.000000,14.793750,2,0,0.007875,14.801625
6691,1223.033333,15.048208,2,0,0.004167,15.052375
6692,1223.066667,14.569292,2,0,0.006708,14.576000
6693,1223.100000,15.068625,2,0,0.007417,15.076042
6694,1223.133333,14.773083,2,0,0.007542,14.780625
6695,1223.166667,15.179834,2,0,0.010500,15.190334
6696,1223.200000,15.116709,2,0,0.008416,15.125125
6697,1223.233333,14.661084,2,0,0.008166,14.669250
6698,1223.266667,14.423250,2,0,0.011084,14.434334
6699,1223.300000,13.996666,2,0,0.023917,14.020583
6700,1223.333333,14.479708,2,0,0.013042,14.492750
6701,1223.366667,14.695458,2,0,0.010292,14.705750
6702,1223.400000,15.300333,2,0,0.011709,15.312042
6703,1223.433333,15.532042,2,0,0.025833,15.557875
6704,1223.466667,15.839750,2,0,0.012792,15.852542
6705,1223.500000,15.680750,2,0,0.008042,15.688792
6706,1223.533333,15.611334,2,0,0.016291,15.627625
6707,1223.566667,16.283000,2,0,0.025500,16.308500
6708,1223.600000,15.983166,2,0,0.020667,16.003833
6709,1223.633333,15.934250,2,0,0.010416,15.944666
6710,1223.666667,15.090958,2,0,0.009083,15.100041
6711,1223.700000,16.528167,2,0,0.013500,16.541667
6712,1223.733333,15.496125,2,0,0.009959,15.506084
6713,1223.766667,14.984875,2,0,0.006125,14.991000
6714,1223.800000,14.541542,2,0,0.005083,14.546625
6715,1223.833333,14.409625,2,0,0.005792,14.415417
6716,1223.866667,14.713125,2,0,0.006000,14.719125
6717,1223.900000,14.020666,2,0,0.007375,14.028041
6718,1223.933333,14.572041,2,0,0.007750,14.579791
6719,1223.966667,13.356917,2,0,0.007208,13.364125
6720,1224.000000,13.985583,2,0,0.007959,13.993542
6721,1224.033333,14.168625,2,0,0.008958,14.177583
6722,1224.066667,13.992542,2,0,0.005250,13.997792
6723,1224.100000,13.780666,2,0,0.008917,13.789583
6724,1224.133333,14.086458,2,0,0.007500,14.093958
6725,1224.166667,13.983083,2,0,0.009542,13.992625
6726,1224.200000,13.094458,2,0,0.009250,13.103708
6727,1224.233333,13.699917,2,0,0.011042,13.710959
6728,1224.266667,13.750917,2,0,0.009958,13.760875
6729,1224.300000,14.632125,2,0,0.023166,14.655291
6730,1224.333333,14.832209,2,0,0.009875,14.842084
6731,1224.366667,14.893791,2,0,0.021625,14.915416
6732,1224.400000,13.722208,2,0,0.023375,13.745583
6733,1224.433333,14.617000,2,0,0.020458,14.637458
6734,1224.466667,15.173041,2,0,0.019625,15.192666
6735,1224.500000,14.565833,2,0,0.017667,14.583500
6736,1224.533333,15.261833,2,0,0.010542,15.272375
6737,1224.566667,14.777541,2,0,0.016542,14.794083
6738,1224.600000,15.079250,2,0,0.008625,15.087875
6739,1224.633333,14.778500,2,0,0.005625,14.784125
6740,1224.666667,14.904291,2,0,0.018625,14.922916
6741,1224.700000,14.617959,2,0,0.017791,14.635750
6742,1224.733333,14.981417,2,0,0.020083,15.001500
6743,1224.766667,14.517667,2,0,0.006042,14.523709
6744,1224.800000,15.251125,2,0,0.022417,15.273542
6745,1224.833333,13.612250,2,0,0.008125,13.620375
6746,1224.866667,12.891417,2,0,0.007083,12.898500
6747,1224.900000,13.683792,2,0,0.011833,13.695625
6748,1224.933333,12.513959,2,0,0.007250,12.521209
6749,1224.966667,16.111584,2,0,0.007083,16.118667
6750,1225.000000,13.383334,2,0,0.010083,13.393417
6751,1225.033333,13.292334,2,0,0.004250,13.296584
6752,1225.066667,12.849916,2,0,0.007959,12.857875
6753,1225.100000,12.342250,2,0,0.006208,12.348458
6754,1225.133333,12.975916,2,0,0.007667,12.983583
6755,1225.166667,12.901542,2,0,0.007583,12.909125
6756,1225.200000,12.295959,2,0,0.007750,12.303709
6757,1225.233333,12.507541,2,0,0.010709,12.518250
6758,1225.266667,12.230708,2,0,0.009000,12.239708
6759,1225.300000,12.448458,2,0,0.009750,12.458208
6760,1225.333333,12.916833,2,0,0.015042,12.931875
6761,1225.366667,12.568833,2,0,0.007750,12.576583
6762,1225.400000,13.618834,2,0,0.019375,13.638209
6763,1225.433333,13.693917,2,0,0.016791,13.710708
6764,1225.466667,13.870875,2,0,0.011792,13.882667
6765,1225.500000,14.526208,2,0,0.013334,14.539542
6766,1225.533333,14.221209,2,0,0.021458,14.242667
6767,1225.566667,14.074584,2,0,0.012458,14.087042
6768,1225.600000,11.836000,2,0,0.018541,11.854541
6769,1225.633333,12.878500,2,0,0.013250,12.891750
6770,1225.666667,14.544833,2,0,0.008750,14.553583
6771,1225.700000,14.289292,2,0,0.011917,14.301209
6772,1225.733333,14.582292,2,0,0.011625,14.593917
6773,1225.766667,13.989417,2,0,0.012708,14.002125
6774,1225.800000,14.276792,2,0,0.016125,14.292917
6775,1225.833333,12.339542,2,0,0.005500,12.345042
6776,1225.866667,13.691792,2,0,0.006750,13.698542
6777,1225.900000,16.067167,2,0,0.006792,16.073959
6778,1225.933333,15.200416,2,0,0.009834,15.210250
6779,1225.966667,15.885791,2,0,0.008084,15.893875
6780,1226.000000,15.229709,2,0,0.007458,15.237167
6781,1226.033333,15.401709,2,0,0.009125,15.410834
6782,1226.066667,14.882833,2,0,0.009333,14.892166
6783,1226.100000,15.454333,2,0,0.008000,15.462333
6784,1226.133333,14.526708,2,0,0.024042,14.550750
6785,1226.166667,15.442250,2,0,0.012750,15.455000
6786,1226.200000,14.958833,2,0,0.013667,14.972500
6787,1226.233333,15.956125,2,0,0.021208,15.977333
6788,1226.266667,15.700875,2,0,0.017417,15.718292
6789,1226.300000,15.426875,2,0,0.020375,15.447250
6790,1226.333333,15.745834,2,0,0.018916,15.764750
6791,1226.366667,16.301334,2,0,0.016041,16.317375
6792,1226.400000,15.685000,2,0,0.018708,15.703708
6793,1226.433333,16.114333,2,0,0.015000,16.129333
6794,1226.466667,15.150458,2,0,0.017125,15.167583
6795,1226.500000,15.701625,2,0,0.016917,15.718542
6796,1226.533333,15.970333,2,0,0.019917,15.990250
6797,1226.566667,15.407167,2,0,0.019292,15.426459
6798,1226.600000,15.920250,2,0,0.019500,15.939750
6799,1226.633333,15.262917,2,0,0.017916,15.280833
6800,1226.666667,15.356667,2,0,0.007250,15.363917
6801,1226.700000,15.338959,2,0,0.018791,15.357750
6802,1226.733333,15.301041,2,0,0.022292,15.323333
6803,1226.766667,15.311083,2,0,0.025334,15.336417
6804,1226.800000,13.579125,2,0,0.022458,13.601583
6805,1226.833333,14.229750,2,0,0.008709,14.238459
6806,1226.866667,14.201375,2,0,0.007791,14.209166
6807,1226.900000,14.142167,2,0,0.006792,14.148959
6808,1226.933333,13.985250,2,0,0.009459,13.994709
6809,1226.966667,13.854500,2,0,0.008833,13.863333
6810,1227.000000,14.055584,2,0,0.005708,14.061292
6811,1227.033333,13.929958,2,0,0.007958,13.937916
6812,1227.066667,12.713958,2,0,0.007625,12.721583
6813,1227.100000,13.316875,2,0,0.007375,13.324250
6814,1227.133333,13.178291,2,0,0.010000,13.188291
6815,1227.166667,13.705000,2,0,0.017542,13.722542
6816,1227.200000,12.404458,2,0,0.011292,12.415750
6817,1227.233333,12.817541,2,0,0.007042,12.824583
6818,1227.266667,12.708750,2,0,0.008250,12.717000
6819,1227.300000,13.185500,2,0,0.021250,13.206750
6820,1227.333333,13.742209,2,0,0.011833,13.754042
6821,1227.366667,13.973833,2,0,0.015542,13.989375
6822,1227.400000,14.222458,2,0,0.008583,14.231041
6823,1227.433333,12.683250,2,0,0.008375,12.691625
6824,1227.466667,13.703667,2,0,0.009583,13.713250
6825,1227.500000,14.733917,2,0,0.019250,14.753167
6826,1227.533333,13.829334,2,0,0.018291,13.847625
6827,1227.566667,14.422458,2,0,0.018750,14.441208
6828,1227.600000,14.455042,2,0,0.016125,14.471167
6829,1227.633333,13.217542,2,0,0.010083,13.227625
6830,1227.666667,14.106250,2,0,0.029750,14.136000
6831,1227.700000,14.451208,2,0,0.013708,14.464916
6832,1227.733333,14.370916,2,0,0.007917,14.378833
6833,1227.766667,14.426667,2,0,0.011500,14.438167
6834,1227.800000,14.013958,2,0,0.018875,14.032833
6835,1227.833333,12.227167,2,0,0.008208,12.235375
6836,1227.866667,11.683500,2,0,0.007792,11.691292
6837,1227.900000,11.705625,2,0,0.007625,11.713250
6838,1227.933333,12.629375,2,0,0.005083,12.634458
6839,1227.966667,15.147125,2,0,0.008791,15.155916
6840,1228.000000,15.443834,2,0,0.008500,15.452334
6841,1228.033333,14.865667,2,0,0.008875,14.874542
6842,1228.066667,14.790458,2,0,0.007833,14.798291
6843,1228.100000,14.759417,2,0,0.007583,14.767000
6844,1228.133333,15.043459,2,0,0.008541,15.052000
6845,1228.166667,15.195208,2,0,0.008833,15.204041
6846,1228.200000,14.473083,2,0,0.006917,14.480000
6847,1228.233333,14.603542,2,0,0.010250,14.613792
6848,1228.266667,14.286084,2,0,0.015416,14.301500
6849,1228.300000,14.466750,2,0,0.007917,14.474667
6850,1228.333333,14.744333,2,0,0.020959,14.765292
6851,1228.366667,14.736209,2,0,0.021458,14.757667
6852,1228.400000,14.382750,2,0,0.007083,14.389833
6853,1228.433333,15.128542,2,0,0.009958,15.138500
6854,1228.466667,15.109958,2,0,0.010417,15.120375
6855,1228.500000,14.889291,2,0,0.007917,14.897208
6856,1228.533333,14.627709,2,0,0.012125,14.639834
6857,1228.566667,15.162209,2,0,0.019125,15.181334
6858,1228.600000,14.040916,2,0,0.018834,14.059750
6859,1228.633333,12.906792,2,0,0.010792,12.917584
6860,1228.666667,13.135000,2,0,0.019875,13.154875
6861,1228.700000,14.293916,2,0,0.006042,14.299958
6862,1228.733333,14.366750,2,0,0.019250,14.386000
6863,1228.766667,14.937875,2,0,0.012167,14.950042
6864,1228.800000,13.556750,2,0,0.010625,13.567375
6865,1228.833333,12.721792,2,0,0.009333,12.731125
6866,1228.866667,12.813250,2,0,0.010458,12.823708
6867,1228.900000,12.229083,2,0,0.004209,12.233292
6868,1228.933333,12.096625,2,0,0.007875,12.104500
6869,1228.966667,12.486042,2,0,0.005458,12.491500
6870,1229.000000,11.798750,2,0,0.007375,11.806125
6871,1229.033333,11.451125,2,0,0.007917,11.459042
6872,1229.066667,11.418542,2,0,0.005917,11.424459
6873,1229.100000,11.541500,2,0,0.005500,11.547000
6874,1229.133333,11.624542,2,0,0.010542,11.635084
6875,1229.166667,11.217709,2,0,0.009500,11.227209
6876,1229.200000,11.440500,2,0,0.008416,11.448916
6877,1229.233333,11.124625,2,0,0.025542,11.150167
6878,1229.266667,11.751417,2,0,0.020583,11.772000
6879,1229.300000,15.698583,2,0,0.032125,15.730708
6880,1229.333333,16.426459,2,0,0.019541,16.446000
6881,1229.366667,15.221583,2,0,0.016292,15.237875
6882,1229.400000,16.368250,2,0,0.017375,16.385625
6883,1229.433333,16.186666,2,0,0.009084,16.195750
6884,1229.466667,15.754167,2,0,0.020125,15.774292
6885,1229.500000,15.740042,2,0,0.011583,15.751625
6886,1229.533333,15.392625,2,0,0.014292,15.406917
6887,1229.566667,15.260792,2,0,0.010625,15.271417
6888,1229.600000,14.464750,2,0,0.016209,14.480959
6889,1229.633333,16.144750,2,0,0.012042,16.156792
6890,1229.666667,15.265334,2,0,0.016875,15.282209
6891,1229.700000,15.810917,2,0,0.013083,15.824000
6892,1229.733333,15.677583,2,0,0.010792,15.688375
6893,1229.766667,14.679875,2,0,0.015041,14.694916
6894,1229.800000,13.950250,2,0,0.007041,13.957291
6895,1229.833333,14.056584,2,0,0.009416,14.066000
6896,1229.866667,13.824750,2,0,0.007750,13.832500
6897,1229.900000,13.805583,2,0,0.007167,13.812750
6898,1229.933333,13.596833,2,0,0.008917,13.605750
6899,1229.966667,13.178459,2,0,0.007416,13.185875
6900,1230.000000,13.053334,2,0,0.007125,13.060459
6901,1230.033333,13.290458,2,0,0.008042,13.298500
6902,1230.066667,12.791542,2,0,0.007666,12.799208
6903,1230.100000,13.017041,2,0,0.005250,13.022291
6904,1230.133333,13.155833,2,0,0.007834,13.163667
6905,1230.166667,12.874167,2,0,0.006916,12.881083
6906,1230.200000,13.008417,2,0,0.007416,13.015833
6907,1230.233333,12.326333,2,0,0.012292,12.338625
6908,1230.266667,12.464042,2,0,0.008042,12.472084
6909,1230.300000,12.876958,2,0,0.007875,12.884833
6910,1230.333333,12.784917,2,0,0.011791,12.796708
6911,1230.366667,13.218958,2,0,0.006583,13.225541
6912,1230.400000,14.121583,2,0,0.007084,14.128667
6913,1230.433333,13.810334,2,0,0.008208,13.818542
6914,1230.466667,14.257375,2,0,0.006250,14.263625
6915,1230.500000,17.541916,2,0,0.018375,17.560291
6916,1230.533333,16.597167,2,0,0.009000,16.606167
6917,1230.566667,16.530667,2,0,0.016083,16.546750
6918,1230.600000,16.550375,2,0,0.011542,16.561917
6919,1230.633333,16.645542,2,0,0.011666,16.657208
6920,1230.666667,15.811833,2,0,0.007584,15.819417
6921,1230.700000,15.661917,2,0,0.009833,15.671750
6922,1230.733333,15.767542,2,0,0.015916,15.783458
6923,1230.766667,15.932167,2,0,0.007958,15.940125
6924,1230.800000,15.293958,2,0,0.010333,15.304291
6925,1230.833333,16.322625,2,0,0.021709,16.344334
6926,1230.866667,14.430458,2,0,0.009834,14.440292
6927,1230.900000,14.125208,2,0,0.008959,14.134167
6928,1230.933333,14.405708,2,0,0.012834,14.418542
6929,1230.966667,14.917208,2,0,0.017167,14.934375
6930,1231.000000,15.365417,2,0,0.015166,15.380583
6931,1231.033333,14.422375,2,0,0.021416,14.443791
6932,1231.066667,14.554250,2,0,0.014041,14.568291
6933,1231.100000,15.836709,2,0,0.015500,15.852209
6934,1231.133333,15.446917,2,0,0.013125,15.460042
6935,1231.166667,15.109458,2,0,0.012917,15.122375
6936,1231.200000,15.423666,2,0,0.010625,15.434291
6937,1231.233333,14.995208,2,0,0.012042,15.007250
6938,1231.266667,14.912500,2,0,0.007375,14.919875
6939,1231.300000,15.087083,2,0,0.024500,15.111583
6940,1231.333333,14.850875,2,0,0.026125,14.877000
6941,1231.366667,15.092375,2,0,0.016000,15.108375
6942,1231.400000,15.087584,2,0,0.012416,15.100000
6943,1231.433333,14.392625,2,0,0.008209,14.400834
6944,1231.466667,14.639666,2,0,0.018584,14.658250
6945,1231.500000,15.021583,2,0,0.017834,15.039417
6946,1231.533333,14.243416,2,0,0.009750,14.253166
6947,1231.566667,14.005750,2,0,0.017916,14.023666
6948,1231.600000,15.004083,2,0,0.018167,15.022250
6949,1231.633333,17.632792,2,0,0.014083,17.646875
6950,1231.666667,16.312750,2,0,0.021291,16.334041
6951,1231.700000,15.565458,2,0,0.010000,15.575458
6952,1231.733333,15.401042,2,0,0.018417,15.419459
6953,1231.766667,15.656375,2,0,0.020958,15.677333
6954,1231.800000,15.824000,2,0,0.014125,15.838125
6955,1231.833333,15.846125,2,0,0.008041,15.854166
6956,1231.866667,13.768375,2,0,0.008417,13.776792
6957,1231.900000,13.597083,2,0,0.006209,13.603292
6958,1231.933333,14.719292,2,0,0.007333,14.726625
6959,1231.966667,15.363084,2,0,0.010916,15.374000
6960,1232.000000,13.743208,2,0,0.006292,13.749500
6961,1232.033333,13.883417,2,0,0.019583,13.903000
6962,1232.066667,13.339375,2,0,0.008667,13.348042
6963,1232.100000,13.877709,2,0,0.009291,13.887000
6964,1232.133333,14.880209,2,0,0.007958,14.888167
6965,1232.166667,15.660416,2,0,0.008084,15.668500
6966,1232.200000,14.916666,2,0,0.009584,14.926250
6967,1232.233333,15.762750,2,0,0.010792,15.773542
6968,1232.266667,14.326292,2,0,0.024958,14.351250
6969,1232.300000,14.548833,2,0,0.026042,14.574875
6970,1232.333333,14.930125,2,0,0.011375,14.941500
6971,1232.366667,15.386917,2,0,0.010292,15.397209
6972,1232.400000,15.721875,2,0,0.010417,15.732292
6973,1232.433333,15.906208,2,0,0.012875,15.919083
6974,1232.466667,15.909375,2,0,0.017334,15.926709
6975,1232.500000,15.701000,2,0,0.008042,15.709042
6976,1232.533333,15.634042,2,0,0.018041,15.652083
6977,1232.566667,15.462000,2,0,0.018000,15.480000
6978,1232.600000,15.471083,2,0,0.016083,15.487166
6979,1232.633333,15.199334,2,0,0.011708,15.211042
6980,1232.666667,14.415209,2,0,0.010458,14.425667
6981,1232.700000,15.703625,2,0,0.010209,15.713834
6982,1232.733333,15.356541,2,0,0.015834,15.372375
6983,1232.766667,15.341209,2,0,0.018291,15.359500
6984,1232.800000,15.237125,2,0,0.011459,15.248584
6985,1232.833333,15.723334,2,0,0.015375,15.738709
6986,1232.866667,14.085167,2,0,0.008791,14.093958
6987,1232.900000,13.756709,2,0,0.007708,13.764417
6988,1232.933333,14.165708,2,0,0.009167,14.174875
6989,1232.966667,14.116333,2,0,0.011125,14.127458
6990,1233.000000,13.592584,2,0,0.008916,13.601500
6991,1233.033333,13.432834,2,0,0.008666,13.441500
6992,1233.066667,13.195000,2,0,0.008125,13.203125
6993,1233.100000,12.660875,2,0,0.007625,12.668500
6994,1233.133333,12.890625,2,0,0.010084,12.900709
6995,1233.166667,12.941750,2,0,0.006208,12.947958
6996,1233.200000,12.942833,2,0,0.007750,12.950583
6997,1233.233333,12.415209,2,0,0.005041,12.420250
6998,1233.266667,11.625375,2,0,0.008417,11.633792
6999,1233.300000,11.996125,2,0,0.007125,12.003250
7000,1233.333333,11.469250,2,0,0.007333,11.476583
7001,1233.366667,12.087750,2,0,0.008542,12.096292
7002,1233.400000,11.460250,2,0,0.029833,11.490083
7003,1233.433333,11.703084,2,0,0.016750,11.719834
7004,1233.466667,15.529000,2,0,0.014834,15.543834
7005,1233.500000,16.373250,2,0,0.019625,16.392875
7006,1233.533333,15.898916,2,0,0.009959,15.908875
7007,1233.566667,15.874750,2,0,0.009542,15.884292
7008,1233.600000,16.211000,2,0,0.009041,16.220041
7009,1233.633333,16.042875,2,0,0.014833,16.057708
7010,1233.666667,15.755334,2,0,0.010791,15.766125
7011,1233.700000,16.590833,2,0,0.016167,16.607000
7012,1233.733333,16.410125,2,0,0.014209,16.424334
7013,1233.766667,15.602167,2,0,0.009500,15.611667
7014,1233.800000,15.850875,2,0,0.017917,15.868792
7015,1233.833333,16.069875,2,0,0.018833,16.088708
7016,1233.866667,14.973834,2,0,0.009208,14.983042
7017,1233.900000,14.487500,2,0,0.008208,14.495708
7018,1233.933333,13.985792,2,0,0.008666,13.994458
7019,1233.966667,14.232375,2,0,0.006750,14.239125
7020,1234.000000,13.789958,2,0,0.007542,13.797500
7021,1234.033333,13.664125,2,0,0.022667,13.686792
7022,1234.066667,13.894625,2,0,0.007042,13.901667
7023,1234.100000,13.878584,2,0,0.006291,13.884875
7024,1234.133333,14.290167,2,0,0.008333,14.298500
7025,1234.166667,13.935709,2,0,0.008291,13.944000
7026,1234.200000,13.491625,2,0,0.005791,13.497416
7027,1234.233333,13.925750,2,0,0.008041,13.933791
7028,1234.266667,13.761084,2,0,0.011708,13.772792
7029,1234.300000,13.632708,2,0,0.007500,13.640208
7030,1234.333333,13.641000,2,0,0.009042,13.650042
7031,1234.366667,13.686584,2,0,0.021166,13.707750
7032,1234.400000,13.763542,2,0,0.006833,13.770375
7033,1234.433333,13.678125,2,0,0.007625,13.685750
7034,1234.466667,13.144208,2,0,0.007542,13.151750
7035,1234.500000,13.465375,2,0,0.007666,13.473041
7036,1234.533333,13.287750,2,0,0.010709,13.298459
7037,1234.566667,13.381500,2,0,0.010333,13.391833
7038,1234.600000,13.182625,2,0,0.010083,13.192708
7039,1234.633333,13.013084,2,0,0.013125,13.026209
7040,1234.666667,13.381791,2,0,0.007584,13.389375
7041,1234.700000,14.066500,2,0,0.008334,14.074834
7042,1234.733333,14.521833,2,0,0.011792,14.533625
7043,1234.766667,13.891958,2,0,0.017834,13.909792
7044,1234.800000,14.641250,2,0,0.019583,14.660833
7045,1234.833333,14.298333,2,0,0.015750,14.314083
7046,1234.866667,14.593125,2,0,0.013000,14.606125
7047,1234.900000,12.707333,2,0,0.009458,12.716791
7048,1234.933333,12.011542,2,0,0.007583,12.019125
7049,1234.966667,11.832500,2,0,0.008000,11.840500
7050,1235.000000,11.801916,2,0,0.007042,11.808958
7051,1235.033333,11.919500,2,0,0.007667,11.927167
7052,1235.066667,11.288125,2,0,0.008458,11.296583
7053,1235.100000,11.298375,2,0,0.008667,11.307042
7054,1235.133333,11.277708,2,0,0.009708,11.287416
7055,1235.166667,11.644708,2,0,0.012833,11.657541
7056,1235.200000,12.095834,2,0,0.009750,12.105584
7057,1235.233333,13.646542,2,0,0.008042,13.654584
7058,1235.266667,17.417666,2,0,0.020625,17.438291
7059,1235.300000,16.834416,2,0,0.008417,16.842833
7060,1235.333333,16.828625,2,0,0.018125,16.846750
7061,1235.366667,16.633583,2,0,0.012625,16.646208
7062,1235.400000,16.428084,2,0,0.020541,16.448625
7063,1235.433333,15.812459,2,0,0.020166,15.832625
7064,1235.466667,16.351250,2,0,0.009833,16.361083
7065,1235.500000,16.301667,2,0,0.009958,16.311625
7066,1235.533333,16.134083,2,0,0.015959,16.150042
7067,1235.566667,15.472458,2,0,0.011750,15.484208
7068,1235.600000,15.652375,2,0,0.016291,15.668666
7069,1235.633333,16.589250,2,0,0.008375,16.597625
7070,1235.666667,16.052500,2,0,0.019250,16.071750
7071,1235.700000,15.907667,2,0,0.012875,15.920542
7072,1235.733333,16.347958,2,0,0.020542,16.368500
7073,1235.766667,16.526000,2,0,0.021291,16.547291
7074,1235.800000,15.421750,2,0,0.010541,15.432291
7075,1235.833333,15.783584,2,0,0.012958,15.796542
7076,1235.866667,15.525959,2,0,0.011166,15.537125
7077,1235.900000,14.079292,2,0,0.013083,14.092375
7078,1235.933333,14.355125,2,0,0.008708,14.363833
7079,1235.966667,15.283708,2,0,0.007167,15.290875
7080,1236.000000,15.172792,2,0,0.012666,15.185458
7081,1236.033333,14.730125,2,0,0.009958,14.740083
7082,1236.066667,14.947542,2,0,0.007083,14.954625
7083,1236.100000,14.218333,2,0,0.006625,14.224958
7084,1236.133333,14.279750,2,0,0.006666,14.286416
7085,1236.166667,13.962750,2,0,0.005167,13.967917
7086,1236.200000,14.359375,2,0,0.004500,14.363875
7087,1236.233333,14.196250,2,0,0.006000,14.202250
7088,1236.266667,14.246166,2,0,0.005959,14.252125
7089,1236.300000,14.363042,2,0,0.007833,14.370875
7090,1236.333333,14.581667,2,0,0.008500,14.590167
7091,1236.366667,14.605208,2,0,0.010958,14.616166
7092,1236.400000,13.993042,2,0,0.007583,14.000625
7093,1236.433333,14.384500,2,0,0.031125,14.415625
7094,1236.466667,14.602334,2,0,0.016666,14.619000
7095,1236.500000,14.877125,2,0,0.008333,14.885458
7096,1236.533333,14.347333,2,0,0.026125,14.373458
7097,1236.566667,14.682833,2,0,0.017000,14.699833
7098,1236.600000,15.314834,2,0,0.015208,15.330042
7099,1236.633333,15.358541,2,0,0.012125,15.370666
7100,1236.666667,14.587125,2,0,0.008291,14.595416
7101,1236.700000,15.283709,2,0,0.023750,15.307459
7102,1236.733333,15.848459,2,0,0.010791,15.859250
7103,1236.766667,15.516708,2,0,0.013625,15.530333
7104,1236.800000,15.935166,2,0,0.016959,15.952125
7105,1236.833333,15.929625,2,0,0.018416,15.948041
7106,1236.866667,15.533000,2,0,0.009084,15.542084
7107,1236.900000,14.455417,2,0,0.009042,14.464459
7108,1236.933333,14.149625,2,0,0.009333,14.158958
7109,1236.966667,14.210625,2,0,0.010625,14.221250
7110,1237.000000,13.951792,2,0,0.010166,13.961958
7111,1237.033333,14.632750,2,0,0.010916,14.643666
7112,1237.066667,15.250375,2,0,0.016417,15.266792
7113,1237.100000,15.449167,2,0,0.014375,15.463542
7114,1237.133333,15.602417,2,0,0.012792,15.615209
7115,1237.166667,16.017125,2,0,0.012583,16.029708
7116,1237.200000,15.739917,2,0,0.010500,15.750417
7117,1237.233333,14.834917,2,0,0.004666,14.839583
7118,1237.266667,14.748709,2,0,0.022125,14.770834
7119,1237.300000,14.678125,2,0,0.011458,14.689583
7120,1237.333333,15.434875,2,0,0.008708,15.443583
7121,1237.366667,15.132958,2,0,0.007000,15.139958
7122,1237.400000,16.206958,2,0,0.008209,16.215167
7123,1237.433333,15.858542,2,0,0.009208,15.867750
7124,1237.466667,16.151083,2,0,0.010792,16.161875
7125,1237.500000,16.042417,2,0,0.019833,16.062250
7126,1237.533333,15.750459,2,0,0.015916,15.766375
7127,1237.566667,15.856458,2,0,0.015167,15.871625
7128,1237.600000,15.728708,2,0,0.006584,15.735292
7129,1237.633333,15.701417,2,0,0.007083,15.708500
7130,1237.666667,15.254125,2,0,0.008583,15.262708
7131,1237.700000,16.108209,2,0,0.007583,16.115792
7132,1237.733333,16.284250,2,0,0.007542,16.291792
7133,1237.766667,15.794958,2,0,0.008917,15.803875
7134,1237.800000,14.878584,2,0,0.023625,14.902209
7135,1237.833333,15.248333,2,0,0.018750,15.267083
7136,1237.866667,15.016500,2,0,0.007625,15.024125
7137,1237.900000,15.177584,2,0,0.011041,15.188625
7138,1237.933333,15.104541,2,0,0.009542,15.114083
7139,1237.966667,14.648333,2,0,0.008875,14.657208
7140,1238.000000,14.263208,2,0,0.013417,14.276625
7141,1238.033333,14.788584,2,0,0.018458,14.807042
7142,1238.066667,14.983209,2,0,0.018416,15.001625
7143,1238.100000,15.555000,2,0,0.006750,15.561750
7144,1238.133333,15.513750,2,0,0.009792,15.523542
