1781254169.041763 0.000000000 0.000000000 0.000000000 -0.000000000 -0.000000000 -0.000000000 1.000000000
1781254169.075240 -0.000080156 -0.000592995 -0.000230726 -0.000156960 -0.000080681 0.000098895 1.000000000
1781254169.108723 -0.000527746 -0.000113825 -0.000468444 0.000026269 -0.000022841 -0.000003511 1.000000000
1781254169.141511 -0.000121357 -0.000299697 -0.000788437 -0.000027646 -0.000268878 0.000030696 1.000000000
1781254169.174269 0.000225057 0.000326824 -0.000515905 0.000175485 -0.000515311 0.000052863 0.999999881
1781254169.206999 0.000969158 0.000020885 -0.000369979 0.000076601 -0.000873694 0.000117055 0.999999642
1781254169.239699 0.000439887 0.000442970 -0.000915988 0.000191112 -0.000887901 0.000035013 0.999999583
1781254169.272370 0.000795258 0.000147196 -0.001018720 0.000004537 -0.001278670 -0.000064405 0.999999225
1781254169.305012 0.000611899 -0.000451459 -0.001938958 -0.000113584 -0.001536635 0.000164177 0.999998808
1781254169.337624 0.000695580 0.000265593 -0.001848745 0.000081971 -0.001841272 0.000132914 0.999998331
1781254169.370208 -0.000391119 0.000330371 -0.003233935 0.000132058 -0.001905967 0.000008680 0.999998212
1781254169.402762 0.000585890 -0.000152978 -0.003476250 -0.000029915 -0.002540681 0.000165826 0.999996781
1781254169.435287 0.001409500 -0.000347030 -0.003826266 -0.000043035 -0.003120898 0.000208537 0.999995112
1781254169.467783 0.000842037 -0.000227468 -0.004668449 0.000061599 -0.003446554 0.000257716 0.999994040
1781254169.500250 0.001353031 -0.000426262 -0.005110101 -0.000044537 -0.004032283 0.000257194 0.999991834
1781254169.532688 0.000750790 -0.000532583 -0.006026022 -0.000094780 -0.004238878 0.000173382 0.999991000
1781254169.565096 0.001432382 -0.000390369 -0.006128842 -0.000022479 -0.004697452 0.000275139 0.999988973
1781254169.597476 0.001295663 -0.000168273 -0.006522978 0.000044594 -0.004703152 0.000200033 0.999988914
1781254169.629826 0.000980222 -0.000535519 -0.006798055 -0.000090565 -0.004716885 0.000296615 0.999988854
1781254169.662147 0.001458683 -0.001032022 -0.007354749 -0.000236669 -0.005106719 0.000326268 0.999986887
1781254169.694440 0.001609424 -0.000329290 -0.007866737 0.000065529 -0.005507872 0.000180049 0.999984801
1781254169.726703 0.001572917 -0.000625318 -0.007652942 -0.000015496 -0.005838990 0.000384828 0.999982893
1781254169.758936 0.001592211 -0.000184697 -0.008780857 0.000175434 -0.006368987 0.000312967 0.999979675
1781254169.791141 0.001388971 -0.000968920 -0.009021748 -0.000092818 -0.006840158 0.000318815 0.999976575
1781254169.823316 0.001693843 -0.000885731 -0.009516986 -0.000063065 -0.007267991 0.000307946 0.999973536
1781254169.855462 0.001335746 -0.001215928 -0.010744671 -0.000019602 -0.007514421 0.000472233 0.999971688
1781254169.887579 0.001331299 -0.001120086 -0.010918059 0.000011905 -0.007797394 0.000635783 0.999969423
1781254169.919667 0.002191907 -0.000880075 -0.011042980 0.000040180 -0.008230465 0.000694963 0.999965906
1781254169.951725 0.002531722 -0.000729799 -0.011191894 0.000116663 -0.008305184 0.000704693 0.999965250
1781254169.983755 0.001729874 -0.000283423 -0.011639414 0.000255739 -0.007956613 0.000579193 0.999968171
1781254170.015756 0.001741273 0.000167723 -0.012138288 0.000377576 -0.007914570 0.000406310 0.999968529
1781254170.047727 0.002348480 -0.000345583 -0.012321671 0.000212571 -0.008154637 0.000468871 0.999966621
1781254170.079725 0.002194570 -0.000196210 -0.012120166 0.000244841 -0.008095904 0.000501558 0.999967098
1781254170.113099 0.002646646 -0.000912159 -0.012111175 -0.000008795 -0.008232464 0.000503108 0.999966025
1781254170.146472 0.001897213 -0.001134109 -0.012349543 -0.000081885 -0.008072129 0.000520505 0.999967277
1781254170.179846 0.002393539 -0.000852051 -0.012184713 0.000044025 -0.008238499 0.000537313 0.999965906
1781254170.213219 0.002099737 -0.000307163 -0.011726398 0.000142175 -0.008158956 0.000355232 0.999966681
1781254170.246593 0.002218484 -0.000276195 -0.011763200 0.000270081 -0.008170501 0.000486816 0.999966502
1781254170.279966 0.001788260 -0.000361707 -0.012151859 0.000264390 -0.007972847 0.000257141 0.999968171
1781254170.313338 0.002277650 -0.000663072 -0.012127932 0.000133395 -0.008087622 0.000454555 0.999967217
1781254170.346711 0.001462782 -0.000777750 -0.012409494 0.000086986 -0.007874929 0.000289638 0.999968946
1781254170.380084 0.002063046 -0.000629101 -0.012017598 0.000113853 -0.008041381 0.000430998 0.999967575
1781254170.413456 0.001914836 -0.000339131 -0.012358985 0.000187703 -0.008021285 0.000450640 0.999967754
1781254170.446828 0.002402241 0.000228443 -0.012107950 0.000464326 -0.008165517 0.000314159 0.999966502
1781254170.480200 0.001190741 -0.000618501 -0.012276054 0.000179029 -0.007770853 0.000290691 0.999969780
1781254170.513571 0.002620597 -0.000710527 -0.011697540 0.000098057 -0.008186300 0.000433677 0.999966443
1781254170.546942 0.002119258 -0.000892299 -0.012332186 0.000046038 -0.008000579 0.000362305 0.999967933
1781254170.580313 0.002128639 -0.001257749 -0.012494182 -0.000053381 -0.007960166 0.000466205 0.999968231
1781254170.680425 0.002594308 -0.000833888 -0.011860524 0.000039473 -0.008173340 0.000484296 0.999966502
1781254170.713795 0.002512197 -0.000213555 -0.011926766 0.000213825 -0.008164148 0.000411594 0.999966562
1781254170.747165 0.002043901 -0.000381993 -0.012289166 0.000205893 -0.007996296 0.000332710 0.999967933
1781254170.780535 0.001785670 -0.001068266 -0.012327783 0.000058448 -0.007914687 0.000391484 0.999968588
1781254170.813904 0.001504316 -0.000232132 -0.012473007 0.000295207 -0.007871404 0.000334723 0.999968946
1781254170.847273 0.002343230 -0.000351514 -0.012417383 0.000239268 -0.008120679 0.000365617 0.999966979
1781254170.880642 0.002677751 -0.001007261 -0.012172719 0.000028947 -0.008252553 0.000640358 0.999965727
1781254170.914011 0.002307147 -0.000867322 -0.012289640 0.000061198 -0.008172313 0.000601069 0.999966443
1781254170.947380 0.002199840 -0.000120153 -0.011892291 0.000333750 -0.008137465 0.000412908 0.999966741
1781254170.980748 0.002302275 -0.000700008 -0.012554204 0.000094704 -0.008168590 0.000599897 0.999966502
1781254171.014117 0.002360703 -0.001154271 -0.012428835 0.000021347 -0.008181070 0.000635905 0.999966323
1781254171.047484 0.002594894 -0.001084338 -0.012171568 -0.000067153 -0.008283312 0.000506178 0.999965608
1781254171.080854 0.002123178 -0.001163897 -0.012525255 -0.000109311 -0.008160290 0.000436544 0.999966621
1781254171.114212 0.002626396 -0.001159455 -0.012354915 -0.000047023 -0.008318945 0.000576140 0.999965250
1781254171.147569 0.001762258 -0.000911713 -0.012881208 -0.000027468 -0.008110147 0.000349986 0.999967039
1781254171.180926 0.001583584 -0.001038909 -0.013148868 -0.000061523 -0.008141044 0.000497309 0.999966741
1781254171.214283 0.001424403 -0.000434453 -0.012475003 0.000198363 -0.008132051 0.000329420 0.999966919
1781254171.247639 0.001614826 -0.000416688 -0.012250287 0.000130910 -0.008246371 0.000530794 0.999965847
1781254171.280995 0.001735359 -0.000398166 -0.012516942 0.000145032 -0.008429888 0.000417846 0.999964416
1781254171.314350 0.001542853 -0.000447889 -0.012691406 0.000127306 -0.008455200 0.000411892 0.999964178
1781254171.347705 0.002067674 -0.000843955 -0.012888053 0.000026400 -0.008729232 0.000433979 0.999961853
1781254171.381059 0.002749423 -0.001390109 -0.012957308 -0.000184740 -0.009050208 0.000464301 0.999958932
1781254171.414413 0.002486381 -0.001613314 -0.013156681 -0.000240508 -0.009024869 0.000649026 0.999959052
1781254171.447766 0.003337256 -0.001145712 -0.013302035 -0.000045829 -0.009301947 0.000485695 0.999956608
1781254171.481119 0.003234605 -0.001352155 -0.012932649 -0.000161310 -0.009271191 0.000712051 0.999956787
1781254171.514472 0.002474976 -0.000716412 -0.013804231 0.000050445 -0.009044820 0.000297919 0.999959052
1781254171.547824 0.002765441 -0.001051392 -0.014357762 -0.000091293 -0.009130981 0.000540825 0.999958158
1781254171.581176 0.002904378 -0.001751283 -0.014781712 -0.000272953 -0.008996526 0.000359976 0.999959469
1781254171.614527 0.002987508 -0.001899819 -0.015404942 -0.000266653 -0.008885914 0.000425919 0.999960423
1781254171.647877 0.002769536 -0.001130637 -0.016177023 0.000023780 -0.008574944 0.000515508 0.999963105
1781254171.681228 0.003277737 -0.001536105 -0.016649129 -0.000167617 -0.008170476 0.000435937 0.999966502
1781254171.714578 0.002651002 -0.001151068 -0.018158559 -0.000005060 -0.007350797 0.000440952 0.999972880
1781254171.747927 0.002570831 -0.001628626 -0.018805681 -0.000258868 -0.006467108 0.000453981 0.999978960
1781254171.781277 0.002967987 -0.001500061 -0.020184124 -0.000118155 -0.005216298 0.000358588 0.999986351
1781254171.814626 0.001527488 -0.000766383 -0.021903442 -0.000026142 -0.003465718 0.000184278 0.999993980
1781254171.847973 0.002940557 -0.001918231 -0.023317866 -0.000174250 -0.002295776 0.000130062 0.999997377
1781254171.881321 0.002743770 -0.002162565 -0.025966642 -0.000257702 -0.000657260 -0.000069330 0.999999762
1781254171.914668 0.001552865 -0.002144427 -0.028118549 -0.000200493 0.001533142 -0.000309456 0.999998808
1781254171.948015 0.001763164 -0.002329048 -0.030542037 -0.000232775 0.003463101 -0.000319849 0.999993920
1781254171.981361 0.002482063 -0.002711501 -0.032940269 -0.000371429 0.005400388 -0.000374682 0.999985278
1781254172.014707 0.002757719 -0.001829078 -0.035714958 -0.000017321 0.007745314 -0.000544314 0.999969900
1781254172.048052 0.002999962 -0.002742140 -0.038343012 -0.000293702 0.009501620 -0.000547757 0.999954700
1781254172.081398 0.001702233 -0.001807294 -0.041629333 -0.000078304 0.010983816 -0.000812228 0.999939382
1781254172.114768 0.002048877 -0.002400412 -0.045066513 -0.000212232 0.011687820 -0.000749189 0.999931395
1781254172.148137 0.003143190 -0.003476285 -0.049217343 -0.000342517 0.012668454 -0.000728066 0.999919415
1781254172.181506 0.001936918 -0.003223915 -0.053374764 -0.000230063 0.014216172 -0.000836891 0.999898553
1781254172.214875 0.002315151 -0.004564789 -0.058200818 -0.000611119 0.015852267 -0.001052853 0.999873638
1781254172.248244 0.002580333 -0.004964509 -0.062628806 -0.000546514 0.017722843 -0.001026721 0.999842286
1781254172.281613 0.001184868 -0.003994983 -0.068846837 -0.000055636 0.019784581 -0.001220399 0.999803543
1781254172.314981 0.001993746 -0.004719842 -0.073760949 -0.000266293 0.021437166 -0.001019522 0.999769628
1781254172.348350 0.000617663 -0.004203001 -0.078135990 0.000150801 0.023315279 -0.001635578 0.999726832
1781254172.381718 -0.000082109 -0.005184512 -0.083255194 0.000010633 0.025029428 -0.001792680 0.999685109
1781254172.415087 -0.000750688 -0.005565625 -0.088163428 -0.000100022 0.026610086 -0.001403334 0.999644935
1781254172.448455 -0.000610464 -0.005786654 -0.092283696 -0.000025575 0.027273973 -0.001313166 0.999627173
1781254172.481824 -0.001335307 -0.005845804 -0.097161479 0.000086624 0.027653482 -0.001431910 0.999616563
1781254172.515192 -0.002716291 -0.005048174 -0.101949863 0.000392346 0.027579840 -0.001395247 0.999618590
1781254172.548560 -0.003477719 -0.006295592 -0.106617883 0.000067730 0.027942019 -0.001292659 0.999608696
1781254172.581927 -0.004112791 -0.006465536 -0.110739432 0.000221463 0.028813085 -0.001487904 0.999583721
1781254172.615295 -0.003799147 -0.006232203 -0.115358420 0.000538651 0.029928263 -0.000984089 0.999551475
1781254172.648662 -0.004430006 -0.007307214 -0.120747797 0.000359762 0.030989934 -0.000926257 0.999519229
1781254172.682029 -0.005647656 -0.006267015 -0.124811336 0.000963204 0.032508902 -0.001030757 0.999470472
1781254172.715396 -0.003756958 -0.007922266 -0.128894776 0.000655275 0.033735752 -0.000991448 0.999430120
1781254172.748763 -0.003334862 -0.007863311 -0.134243503 0.000988535 0.035121407 -0.001059658 0.999382019
1781254172.782130 -0.004632003 -0.008519167 -0.138960674 0.001120173 0.036585059 -0.001373216 0.999328971
1781254172.815497 -0.004979209 -0.008717251 -0.144694388 0.001191283 0.037620220 -0.001241586 0.999290645
1781254172.848863 -0.002930959 -0.009777155 -0.148221835 0.000976414 0.037892271 -0.000878929 0.999280989
1781254172.882230 -0.005020824 -0.009201387 -0.153954729 0.001393319 0.039681867 -0.001049926 0.999210894
1781254172.915596 -0.004623048 -0.008375787 -0.159690335 0.001703985 0.040260676 -0.001219264 0.999186993
1781254172.948962 -0.003262868 -0.009312985 -0.165232897 0.001633994 0.040602479 -0.000967602 0.999173582
1781254172.982328 -0.001334632 -0.009020684 -0.169278547 0.001954358 0.040523216 -0.001128230 0.999176085
1781254173.015694 -0.002105312 -0.008799276 -0.174998984 0.002234509 0.041670259 -0.001142577 0.999128282
1781254173.049060 -0.000882343 -0.009358687 -0.180260032 0.001958686 0.041985702 -0.001064267 0.999115765
1781254173.082426 0.002058689 -0.010253674 -0.184756622 0.001964539 0.041889552 -0.000643387 0.999120116
1781254173.115796 0.003846768 -0.010786610 -0.189390957 0.001896404 0.042018469 -0.000635108 0.999114871
1781254173.149166 0.004171090 -0.011290339 -0.194249600 0.001802137 0.042552855 -0.000638307 0.999092400
1781254173.182537 0.005756610 -0.011609090 -0.199595004 0.001913736 0.042942457 -0.000660307 0.999075532
1781254173.215906 0.007145542 -0.012048436 -0.204380825 0.002065792 0.043545354 -0.000667445 0.999049127
1781254173.249276 0.008105251 -0.012889836 -0.210078657 0.001725571 0.044250306 -0.000457962 0.999018908
1781254173.282645 0.007847399 -0.011815766 -0.214237586 0.002144801 0.045297049 -0.000255988 0.998971224
1781254173.316015 0.008528186 -0.013966579 -0.219861954 0.001893559 0.046403810 -0.000981787 0.998920500
1781254173.349385 0.009010440 -0.015087623 -0.224707171 0.001462383 0.047315989 -0.000844910 0.998878539
1781254173.382754 0.007926995 -0.015639620 -0.230311140 0.001657947 0.048598520 -0.000838098 0.998816669
1781254173.416123 0.010327430 -0.014750249 -0.234627560 0.001898688 0.048470441 -0.000833851 0.998822510
1781254173.449492 0.009947306 -0.016037749 -0.240025386 0.001544638 0.049086750 -0.000931114 0.998792946
1781254173.482861 0.011036909 -0.015542714 -0.245525509 0.001951120 0.050102059 -0.000854619 0.998741865
1781254173.516230 0.011876170 -0.017252542 -0.250786960 0.001544608 0.050844181 -0.000732124 0.998705208
1781254173.549599 0.012871945 -0.017095855 -0.256228000 0.001659169 0.051322732 -0.000749624 0.998680472
1781254173.582968 0.015192983 -0.017051667 -0.260797769 0.001857875 0.051277395 -0.000794830 0.998682380
1781254173.616336 0.015958708 -0.016504096 -0.265546590 0.002009244 0.051694587 -0.000681796 0.998660684
1781254173.649705 0.016052742 -0.017323159 -0.272029608 0.001888029 0.052688647 -0.000672855 0.998609006
1781254173.683073 0.017857987 -0.018190196 -0.278017879 0.001771176 0.053322930 -0.000757717 0.998575509
1781254173.716441 0.019282296 -0.017444992 -0.283806980 0.002161251 0.054006312 -0.000689556 0.998538077
1781254173.749810 0.019250471 -0.017363824 -0.290315032 0.002219323 0.054977231 -0.000727590 0.998484850
1781254173.783178 0.020683605 -0.019284094 -0.297153980 0.001895681 0.055710867 -0.000684662 0.998444915
1781254173.816546 0.022282114 -0.019842012 -0.304399163 0.001797771 0.056148380 -0.000600765 0.998420656
1781254173.849914 0.022696743 -0.019548757 -0.310236573 0.001959495 0.057006590 -0.000828642 0.998371542
1781254173.883283 0.024358956 -0.019992869 -0.317407817 0.001915976 0.057591669 -0.000629746 0.998338223
1781254173.916651 0.025075534 -0.021951344 -0.324115455 0.001515733 0.058856007 -0.000594350 0.998265207
1781254173.950018 0.025755916 -0.020932434 -0.331223071 0.001740122 0.059566386 -0.000675480 0.998222649
1781254173.983386 0.027555158 -0.022356657 -0.338836223 0.001402007 0.059902314 -0.000598979 0.998203099
1781254174.016753 0.028562602 -0.022943892 -0.345413774 0.001395243 0.061054710 -0.000389737 0.998133421
1781254174.050121 0.029730942 -0.022870075 -0.352436781 0.001495404 0.061948724 -0.000571421 0.998078048
1781254174.083488 0.030597767 -0.023018489 -0.359179676 0.001531025 0.062549800 -0.000735138 0.998040438
1781254174.116860 0.031765666 -0.023355635 -0.366432488 0.001542944 0.063011907 -0.000693144 0.998011410
1781254174.150232 0.032104772 -0.024962805 -0.374020010 0.001199357 0.063713424 -0.000661064 0.997967362
1781254174.183705 0.033003945 -0.025642920 -0.381217062 0.000990021 0.064639241 -0.000878847 0.997907877
1781254174.217180 0.034475941 -0.026258361 -0.389006674 0.001229089 0.065981090 -0.000612740 0.997819901
1781254174.250656 0.035783794 -0.024828473 -0.395399034 0.001620762 0.065413781 -0.000752824 0.997856677
1781254174.284132 0.035946071 -0.027294496 -0.404087335 0.000973459 0.065858141 -0.000856458 0.997828186
1781254174.317610 0.037616674 -0.027680228 -0.411411732 0.001011788 0.066564776 -0.000898668 0.997781217
1781254174.351088 0.038740754 -0.027353864 -0.418575585 0.001111396 0.067186572 -0.000843973 0.997739434
1781254174.384568 0.039288655 -0.026737440 -0.425067246 0.001505855 0.067788780 -0.000974539 0.997698069
1781254174.418048 0.040861085 -0.027988436 -0.432506680 0.001388550 0.068115383 -0.001046921 0.997676015
1781254174.451530 0.042136732 -0.028583193 -0.438892961 0.001305994 0.068403907 -0.000924720 0.997656524
1781254174.485012 0.042974275 -0.029128237 -0.446045458 0.001370921 0.068300277 -0.001078430 0.997663319
1781254174.518496 0.043011963 -0.027969899 -0.450780451 0.001684583 0.068574056 -0.001097712 0.997644007
1781254174.551980 0.045287360 -0.029399920 -0.456891179 0.001290870 0.068125330 -0.001052488 0.997675419
1781254174.585466 0.047425557 -0.029844137 -0.462287575 0.001254788 0.067597762 -0.000750755 0.997711658
1781254174.618953 0.049478047 -0.029756336 -0.466867238 0.001304013 0.067011714 -0.000702153 0.997751176
1781254174.652440 0.048500091 -0.030600257 -0.472396851 0.001103523 0.067158140 -0.000993702 0.997741282
1781254174.685928 0.051360775 -0.030393414 -0.477686316 0.001298817 0.066038832 -0.000839481 0.997815847
1781254174.719417 0.052548937 -0.029666498 -0.481268078 0.001516088 0.065283567 -0.001103393 0.997865021
1781254174.752908 0.054617815 -0.030260919 -0.485383272 0.001406414 0.064395837 -0.000884851 0.997923076
1781254174.786399 0.056662504 -0.031197097 -0.489541382 0.001227272 0.063414700 -0.000937693 0.997986078
1781254174.819891 0.059137590 -0.031736188 -0.494164109 0.001225314 0.062348273 -0.000920142 0.998053312
1781254174.853384 0.061763648 -0.031619962 -0.498194098 0.001366891 0.061224122 -0.000822550 0.998122811
1781254174.886878 0.064919785 -0.031860694 -0.502014041 0.001144054 0.060384184 -0.000989325 0.998174131
1781254174.920373 0.068717308 -0.031420711 -0.505801976 0.001421599 0.059964746 -0.001066216 0.998198926
1781254174.953869 0.071316607 -0.032010313 -0.509345233 0.001296200 0.059852146 -0.001190561 0.998205721
1781254174.987366 0.075851351 -0.031847008 -0.514044762 0.001339374 0.059899688 -0.001147681 0.998202860
1781254175.020864 0.079125732 -0.032782998 -0.516983211 0.001140587 0.060876783 -0.001166541 0.998143971
1781254175.054363 0.082673393 -0.033410277 -0.520803988 0.000909059 0.061480984 -0.001527603 0.998106718
1781254175.087862 0.087729350 -0.033883855 -0.524688840 0.000827271 0.062720537 -0.001214136 0.998030066
1781254175.121363 0.090922080 -0.033002082 -0.527480602 0.001165940 0.064153738 -0.001710037 0.997937918
1781254175.154860 0.096475504 -0.033720739 -0.530942917 0.001002964 0.065797754 -0.001683190 0.997831106
1781254175.188232 0.101185881 -0.033920176 -0.533964813 0.000872465 0.067936525 -0.001843369 0.997687578
1781254175.221603 0.105183452 -0.033882692 -0.537472308 0.001001224 0.071172126 -0.002062524 0.997461438
1781254175.254975 0.111177541 -0.035117302 -0.541390896 0.000728446 0.073718272 -0.002365485 0.997276068
1781254175.288347 0.116551064 -0.035025187 -0.544174194 0.000807191 0.076660812 -0.002412415 0.997054040
1781254175.355090 0.125741094 -0.035381321 -0.549937010 0.000823441 0.081590638 -0.002741838 0.996661901
1781254175.388462 0.130705982 -0.035605781 -0.554204702 0.000931637 0.083392821 -0.003055681 0.996511698
1781254175.421833 0.134298697 -0.035406176 -0.556647837 0.001152963 0.085168712 -0.002850044 0.996361792
1781254175.455205 0.138901457 -0.036215644 -0.559066236 0.000836853 0.086691380 -0.002907732 0.996230662
1781254175.488577 0.145299315 -0.034474574 -0.561660707 0.001104544 0.087805875 -0.002997094 0.996132493
1781254175.521949 0.149774194 -0.035051625 -0.564062297 0.000966539 0.089733109 -0.003307478 0.995959938
1781254175.555320 0.153337568 -0.035016093 -0.567234397 0.000957821 0.091952413 -0.003464897 0.995756984
1781254175.588692 0.159505025 -0.035468593 -0.569442332 0.000713068 0.093844570 -0.003186891 0.995581508
1781254175.622064 0.164192989 -0.036209546 -0.571855485 0.000604269 0.096470237 -0.003318625 0.995330155
1781254175.655436 0.170273289 -0.034606788 -0.574241698 0.001355446 0.098450750 -0.003479963 0.995135009
1781254175.688808 0.175685287 -0.034569684 -0.576988697 0.001032622 0.099842958 -0.003658574 0.994995952
1781254175.722180 0.180695161 -0.035246599 -0.579376578 0.001082798 0.102389500 -0.003813277 0.994736493
1781254175.755552 0.187813282 -0.035121236 -0.581942141 0.001291921 0.104697488 -0.003962543 0.994495392
1781254175.788924 0.194212928 -0.035444155 -0.585061133 0.001127576 0.106966116 -0.004153199 0.994253397
1781254175.822297 0.198361546 -0.037091631 -0.586857498 0.000747491 0.109598696 -0.004136699 0.993967056
1781254175.855669 0.206656262 -0.036450513 -0.588963330 0.001016453 0.111436769 -0.004187475 0.993762195
1781254175.889041 0.212644786 -0.035518702 -0.590094030 0.001240994 0.112733558 -0.004418160 0.993614733
1781254175.922414 0.216927171 -0.036869105 -0.592314184 0.000857984 0.114749752 -0.004446620 0.993384123
1781254175.955786 0.221823767 -0.036798075 -0.593245685 0.001089022 0.116770104 -0.004674046 0.993147433
1781254175.989159 0.231663495 -0.035540700 -0.593634248 0.001369068 0.117890082 -0.004598558 0.993015110
1781254176.022532 0.234179422 -0.036949281 -0.594312668 0.001054443 0.119794168 -0.004888854 0.992786229
1781254176.055904 0.240918130 -0.035832006 -0.594526052 0.001496665 0.120689169 -0.004596910 0.992678583
1781254176.089277 0.245728895 -0.035500627 -0.595090985 0.001504179 0.122209124 -0.004609783 0.992492557
1781254176.122649 0.248484045 -0.035745382 -0.595107675 0.001374393 0.124126419 -0.004881226 0.992253482
1781254176.156023 0.252163500 -0.035991453 -0.595988750 0.001486628 0.125576392 -0.005001027 0.992070258
1781254176.189384 0.256956905 -0.035633419 -0.595101535 0.001525764 0.126139715 -0.005081945 0.991998315
1781254176.222744 0.259781271 -0.035689615 -0.595725536 0.001578744 0.126957074 -0.005279231 0.991892934
1781254176.256105 0.263215691 -0.035320051 -0.594690263 0.001576915 0.127212301 -0.005081724 0.991861284
1781254176.289465 0.267048120 -0.035855319 -0.594727159 0.001410287 0.126917943 -0.004889545 0.991900206
1781254176.322825 0.271015823 -0.035290223 -0.592561007 0.001565582 0.126513585 -0.004912632 0.991951466
1781254176.356185 0.272792399 -0.035713647 -0.591934443 0.001524031 0.125936195 -0.004952626 0.992024839
1781254176.389545 0.276923805 -0.035408206 -0.589878619 0.001626246 0.124175087 -0.004870187 0.992247105
1781254176.422904 0.280917376 -0.033788797 -0.587886333 0.001937090 0.121773995 -0.004777693 0.992544532
1781254176.456264 0.284023374 -0.035158690 -0.585822880 0.001445198 0.118862063 -0.004387542 0.992900074
1781254176.489622 0.286017269 -0.036616102 -0.583647549 0.000850212 0.115682803 -0.004228984 0.993276894
1781254176.522981 0.290751249 -0.035380263 -0.579261720 0.001011833 0.111590929 -0.003763791 0.993746638
1781254176.556340 0.294506311 -0.034845468 -0.576201975 0.001029367 0.107312322 -0.003570751 0.994218409
1781254176.589698 0.298342973 -0.034473412 -0.572945237 0.000899047 0.103024609 -0.003383446 0.994672656
1781254176.623056 0.302169800 -0.034529887 -0.569454551 0.000758688 0.098662220 -0.002936450 0.995116413
1781254176.656414 0.305484563 -0.034399621 -0.566779435 0.000621889 0.094773285 -0.002401862 0.995495856
1781254176.689773 0.308547944 -0.034817480 -0.563256979 0.000411942 0.091131285 -0.002137368 0.995836556
1781254176.723131 0.312964648 -0.033582162 -0.560164690 0.000573170 0.087256953 -0.002054821 0.996183634
1781254176.756488 0.318211406 -0.032659020 -0.555866361 0.000687428 0.083947852 -0.001901070 0.996468186
1781254176.789845 0.320889533 -0.033309154 -0.552258074 0.000371419 0.081815980 -0.001714286 0.996645987
1781254176.823202 0.324800014 -0.032326937 -0.547738016 0.000503342 0.079801232 -0.001516202 0.996809542
1781254176.856559 0.326477706 -0.033460762 -0.543794334 0.000187758 0.078310922 -0.001583053 0.996927798
1781254176.889915 0.332463443 -0.031873196 -0.538898170 0.000486986 0.076025210 -0.001208992 0.997105122
1781254176.923271 0.336263001 -0.031601831 -0.534211159 0.000285556 0.074096769 -0.001276019 0.997250199
1781254176.956628 0.339292914 -0.031479530 -0.529940426 0.000230039 0.072422691 -0.000694188 0.997373760
1781254176.989984 0.342305511 -0.030094208 -0.524280250 0.000457148 0.071218163 -0.000836991 0.997460365
1781254177.023339 0.345797986 -0.030749438 -0.519275367 0.000020651 0.069626175 -0.000894803 0.997572780
1781254177.056695 0.350735813 -0.030757334 -0.513736010 -0.000000238 0.068118133 -0.000645803 0.997677028
1781254177.090050 0.355520546 -0.028051745 -0.506961524 0.000582366 0.066262402 -0.000734767 0.997801840
1781254177.123405 0.358152509 -0.029893855 -0.502512932 -0.000325733 0.064574882 -0.000566301 0.997912705
1781254177.156761 0.360989958 -0.030429557 -0.498090476 -0.000467856 0.063321345 -0.000310730 0.997993052
1781254177.190125 0.363750279 -0.030669639 -0.493454725 -0.000632626 0.062978379 -0.000043218 0.998014688
1781254177.223490 0.368808240 -0.029730368 -0.488783062 -0.000130886 0.060643129 -0.000103923 0.998159528
1781254177.256855 0.371355444 -0.030780563 -0.483011752 -0.000778866 0.058794726 0.000269284 0.998269796
1781254177.290219 0.373780727 -0.031277213 -0.478230298 -0.000722459 0.058029294 0.000577292 0.998314500
1781254177.323583 0.377417892 -0.030669851 -0.473261565 -0.000656222 0.056175735 0.000702451 0.998420417
1781254177.356947 0.381027848 -0.029684274 -0.468479753 -0.000323427 0.053750496 0.000713656 0.998554170
1781254177.390312 0.382173628 -0.030922523 -0.464466095 -0.000799448 0.052725326 0.000837373 0.998608470
1781254177.423676 0.387548625 -0.029570822 -0.458864212 -0.000543544 0.050754376 0.000936822 0.998710573
1781254177.457039 0.390018731 -0.029807597 -0.455375403 -0.000440798 0.049425401 0.001140557 0.998777092
1781254177.490403 0.392599851 -0.029016169 -0.450809032 -0.000252082 0.047814414 0.001010916 0.998855710
1781254177.523766 0.396668494 -0.029400017 -0.445346594 -0.000401613 0.046325672 0.001186445 0.998925626
1781254177.557129 0.399027795 -0.028922729 -0.440904081 -0.000238961 0.045577195 0.001217259 0.998960078
1781254177.590492 0.403626531 -0.028188085 -0.435772717 0.000039958 0.044087190 0.001386417 0.999026716
1781254177.623855 0.405666709 -0.028860331 -0.431830466 -0.000218193 0.042979900 0.001501309 0.999074876
1781254177.657217 0.408961117 -0.028632993 -0.426109821 -0.000140782 0.042538919 0.001548538 0.999093592
1781254177.690580 0.411085069 -0.028664397 -0.420607716 -0.000035646 0.043327261 0.001437747 0.999059916
1781254177.723942 0.414361507 -0.026756529 -0.415465564 0.000363873 0.043530013 0.001502513 0.999050975
1781254177.757304 0.416648120 -0.027067762 -0.410020292 0.000132303 0.043879963 0.001240370 0.999036074
1781254177.790666 0.419679344 -0.026790770 -0.404239625 0.000220926 0.044891454 0.001264050 0.998991132
1781254177.824028 0.422933161 -0.024977077 -0.398458630 0.000638900 0.045802739 0.000984333 0.998949826
1781254177.857390 0.424421787 -0.026894724 -0.393790334 0.000096429 0.047103949 0.001229732 0.998889208
1781254177.890751 0.428958863 -0.025237123 -0.386209935 0.000441240 0.048188314 0.001031356 0.998837650
1781254177.924113 0.430212170 -0.024703283 -0.381495059 0.000607803 0.050007392 0.000946035 0.998748243
1781254177.957474 0.434085399 -0.025643634 -0.374500006 0.000288640 0.051300686 0.000934934 0.998682797
1781254177.990835 0.438097090 -0.024910826 -0.369169712 0.000607518 0.052152023 0.000754152 0.998638749
1781254178.024197 0.438599527 -0.025858004 -0.363289714 -0.000147291 0.053775877 0.000460605 0.998552978
1781254178.057557 0.441186011 -0.025898144 -0.357507765 0.000076242 0.056471493 0.000564905 0.998404086
1781254178.090919 0.445199341 -0.025337948 -0.350898832 0.000278232 0.058062170 0.000287138 0.998312891
1781254178.124279 0.447733968 -0.024709303 -0.345418572 0.000178474 0.059494756 0.000395082 0.998228550
1781254178.157641 0.451214164 -0.023233430 -0.339140415 0.000593228 0.061252464 0.000127919 0.998122156
1781254178.191010 0.455389887 -0.024003096 -0.333141297 0.000463777 0.062702514 0.000285693 0.998032153
1781254178.224379 0.457882404 -0.023493519 -0.327302337 0.000643614 0.064272359 -0.000022163 0.997932196
1781254178.257748 0.461612701 -0.023040419 -0.321426332 0.000648312 0.065306462 0.000001164 0.997865081
1781254178.291116 0.464753568 -0.022908069 -0.315973371 0.000938398 0.066821530 -0.000033635 0.997764587
1781254178.324485 0.468575627 -0.022476751 -0.310561180 0.001079795 0.068218343 -0.000194348 0.997669816
1781254178.457959 0.481884003 -0.022705661 -0.292251319 0.001063750 0.075233608 -0.000718599 0.997165143
1781254178.491328 0.485645920 -0.021930795 -0.288088083 0.001318658 0.076518789 -0.000853098 0.997066975
1781254178.524696 0.489506125 -0.021919124 -0.282879710 0.001291255 0.077052400 -0.000884043 0.997025847
1781254178.624800 0.503829479 -0.019456426 -0.270300567 0.002335327 0.075469606 -0.000800241 0.997145057
1781254178.658168 0.507766664 -0.019049276 -0.266919285 0.002467617 0.074521132 -0.000905390 0.997216046
1781254178.691536 0.512008965 -0.019315146 -0.263780147 0.002576396 0.073025629 -0.000826486 0.997326434
1781254178.724904 0.517267168 -0.019183343 -0.260236472 0.002625556 0.071735822 -0.000624017 0.997420073
1781254178.758271 0.521497071 -0.018437799 -0.257859260 0.002823030 0.070568293 -0.000714028 0.997502685
1781254178.791640 0.526777387 -0.018890876 -0.255022377 0.002694242 0.068685986 -0.000572196 0.997634590
1781254178.825007 0.531233013 -0.017650323 -0.252270430 0.003317006 0.066542111 -0.000682512 0.997777939
1781254178.858375 0.536529720 -0.018899810 -0.249371812 0.002914423 0.063940614 -0.000706547 0.997949243
1781254178.891742 0.540804446 -0.019639147 -0.247708946 0.002717823 0.061681338 -0.000113351 0.998092234
1781254178.925110 0.546411633 -0.019256853 -0.245123148 0.002937797 0.058911469 -0.000208122 0.998258948
1781254178.958477 0.550544858 -0.018263444 -0.242608562 0.002982604 0.056532051 -0.000420451 0.998396277
1781254178.991844 0.556307793 -0.019139748 -0.241285235 0.002653951 0.054442320 -0.000003938 0.998513401
1781254179.025211 0.562772989 -0.018686319 -0.237952188 0.002878239 0.052089490 0.000040977 0.998638332
1781254179.058578 0.568321168 -0.019125894 -0.236416534 0.002795916 0.050491232 0.000014632 0.998720646
1781254179.091945 0.574946702 -0.018476641 -0.235165760 0.003057938 0.048761290 -0.000039963 0.998805821
1781254179.125312 0.581368446 -0.019138774 -0.233786479 0.002816561 0.046879739 0.000196405 0.998896599
1781254179.158679 0.587332368 -0.019842394 -0.233117327 0.002769113 0.045356035 0.000392404 0.998966992
1781254179.192045 0.594233453 -0.019920146 -0.232433558 0.002795214 0.043420117 0.000375727 0.999053001
1781254179.225412 0.600656450 -0.020242928 -0.232240975 0.002752154 0.042165875 0.000496406 0.999106765
1781254179.258778 0.607072294 -0.020669118 -0.232358709 0.002769491 0.041360412 0.000662934 0.999140263
1781254179.292144 0.613984525 -0.020630794 -0.231538653 0.003112867 0.040666752 0.000505400 0.999167800
1781254179.325510 0.620779872 -0.019762784 -0.231696814 0.003355815 0.039984364 0.000295267 0.999194682
1781254179.358876 0.627128780 -0.020205909 -0.231857181 0.003229788 0.040367670 0.000311024 0.999179661
1781254179.392241 0.633793473 -0.019884093 -0.231906980 0.003418314 0.042014770 0.000191419 0.999111176
1781254179.425607 0.640781164 -0.020622522 -0.231662333 0.003342656 0.044018213 -0.000033659 0.999025166
1781254179.458972 0.647785902 -0.020064024 -0.233251676 0.003438951 0.046219040 -0.000254778 0.998925388
1781254179.492338 0.652811766 -0.020214757 -0.234753370 0.003505580 0.050403778 -0.000529888 0.998722732
1781254179.525704 0.659235895 -0.020495443 -0.235802323 0.003649771 0.055333484 -0.000862875 0.998460889
1781254179.559069 0.664576948 -0.021010440 -0.237536818 0.003521404 0.061650202 -0.001288093 0.998090863
1781254179.592433 0.668701410 -0.020826589 -0.239863411 0.003687710 0.069030769 -0.001880033 0.997605979
1781254179.625798 0.676590502 -0.020462113 -0.240611643 0.003760175 0.074453123 -0.001697259 0.997215986
1781254179.659163 0.681890488 -0.019918114 -0.243351534 0.004072315 0.081555709 -0.002490637 0.996657372
1781254179.692527 0.684636593 -0.020748302 -0.246182442 0.003640864 0.090089440 -0.003158094 0.995922089
1781254179.725892 0.689099073 -0.021142924 -0.248224854 0.003481733 0.097643897 -0.003548663 0.995209038
1781254179.759256 0.693674982 -0.021740485 -0.252265245 0.003351421 0.104151107 -0.003621587 0.994549274
1781254179.792620 0.697621047 -0.021969063 -0.256957799 0.003596888 0.109917253 -0.003728869 0.993927240
1781254179.825984 0.701384544 -0.021457104 -0.259338260 0.003609456 0.114946477 -0.004127078 0.993356645
1781254179.859348 0.705262840 -0.021045204 -0.262477815 0.003768040 0.119494125 -0.004570226 0.992817283
1781254179.892712 0.709773362 -0.020947576 -0.265718043 0.003939766 0.123245083 -0.004876089 0.992356539
1781254179.926076 0.712154090 -0.021928309 -0.268958569 0.003734571 0.125721142 -0.004781901 0.992047071
1781254179.959439 0.714313865 -0.022843864 -0.273962557 0.003611076 0.127314284 -0.004880663 0.991843879
1781254179.992802 0.717154145 -0.023165559 -0.278204829 0.003576600 0.127879798 -0.005065670 0.991770327
1781254180.026166 0.719883204 -0.022811627 -0.282971054 0.003663976 0.128578573 -0.004830773 0.991680801
1781254180.126255 0.725879729 -0.024349434 -0.298753798 0.003424424 0.132760689 -0.004427482 0.991132319
1781254180.159618 0.727837920 -0.025081484 -0.304662973 0.003116034 0.134035856 -0.004512753 0.990961313
1781254180.192988 0.729666054 -0.026103513 -0.311170459 0.002925737 0.135757834 -0.004579544 0.990727186
1781254180.226357 0.732261240 -0.026608022 -0.317884296 0.003043100 0.137037501 -0.004491922 0.990551054
1781254180.259725 0.733940184 -0.026339147 -0.323846638 0.003098014 0.138328567 -0.004771115 0.990370095
1781254180.293093 0.735262156 -0.027403245 -0.330799192 0.002765181 0.140222326 -0.004828641 0.990104437
1781254180.326462 0.738178968 -0.027666790 -0.338398099 0.002908205 0.141833082 -0.004904481 0.989874184
1781254180.359830 0.738734961 -0.028175602 -0.345230997 0.002836881 0.144313529 -0.005017749 0.989515245
1781254180.393198 0.741647840 -0.028581154 -0.352551490 0.002593961 0.145700037 -0.004828112 0.989313662
1781254180.426566 0.743188083 -0.030325480 -0.360776156 0.002095097 0.148932368 -0.005043471 0.988832355
1781254180.459934 0.745194793 -0.030334504 -0.368766576 0.002413418 0.151690170 -0.005238146 0.988411307
1781254180.493302 0.746277571 -0.031568144 -0.377889335 0.001905981 0.154373229 -0.005380341 0.987996161
1781254180.526670 0.747898281 -0.032162558 -0.386051774 0.001901572 0.156886294 -0.005412010 0.987600029
1781254180.560037 0.749774516 -0.031155515 -0.393817782 0.002348381 0.159664258 -0.005363098 0.987154007
1781254180.593405 0.751681805 -0.030804306 -0.402420521 0.002660126 0.162443027 -0.005240342 0.986700475
1781254180.626772 0.753046751 -0.033406541 -0.411284119 0.002041897 0.164591402 -0.005439148 0.986344755
1781254180.660140 0.754005671 -0.035405379 -0.419895589 0.001629564 0.167205393 -0.005505409 0.985905409
1781254180.693507 0.756430805 -0.034419961 -0.428620368 0.001916851 0.169032648 -0.005455273 0.985593498
1781254180.726874 0.756442547 -0.036705226 -0.437786192 0.001575333 0.172198787 -0.005490789 0.985045731
1781254180.760242 0.757042587 -0.035591021 -0.445667684 0.002107566 0.175010085 -0.006011186 0.984546065
1781254180.793608 0.759204507 -0.035639316 -0.452918738 0.002256071 0.176163867 -0.005928082 0.984340429
1781254180.826975 0.760140300 -0.037366740 -0.461639374 0.001661998 0.177998796 -0.006142893 0.984010160
1781254180.860342 0.760473371 -0.038151287 -0.469574779 0.001579114 0.180958822 -0.006481959 0.983468056
1781254180.893710 0.760646939 -0.039396569 -0.476701945 0.001301557 0.183366954 -0.006768753 0.983020425
1781254180.927077 0.762658536 -0.038769510 -0.484741181 0.001561284 0.185096577 -0.006527663 0.982697487
1781254180.960443 0.764115155 -0.040377855 -0.492666751 0.001094942 0.186800912 -0.006526357 0.982375503
1781254180.993810 0.764715135 -0.041060146 -0.500332177 0.001098999 0.189110115 -0.006619486 0.981932998
1781254181.027176 0.765872061 -0.040306512 -0.508653164 0.001343769 0.191164255 -0.006876235 0.981533110
1781254181.060543 0.767715275 -0.040574227 -0.516087949 0.001306735 0.192906871 -0.006845720 0.981192291
1781254181.093909 0.768523216 -0.041795466 -0.525322437 0.001090074 0.195256084 -0.007179136 0.980725408
1781254181.127275 0.769305706 -0.041938230 -0.532703042 0.001217101 0.197556406 -0.006878347 0.980266690
1781254181.160642 0.769740641 -0.042872995 -0.541358709 0.000887743 0.199662358 -0.007414630 0.979836285
1781254181.194022 0.771384001 -0.042301312 -0.550594687 0.001271796 0.201353818 -0.007429581 0.979489565
1781254181.227402 0.769798875 -0.044912167 -0.558604717 0.000823157 0.202578932 -0.007703143 0.979235351
1781254181.260783 0.770879924 -0.046548575 -0.568790495 0.000395202 0.204205140 -0.007268871 0.978901029
1781254181.294163 0.772544444 -0.044806391 -0.576418459 0.000964519 0.204501525 -0.007857589 0.978834271
1781254181.327544 0.772833169 -0.045446355 -0.583484769 0.001183690 0.205517039 -0.007600326 0.978623331
1781254181.360924 0.773789287 -0.045914587 -0.593360603 0.000845451 0.205977231 -0.007828017 0.978525102
1781254181.394305 0.773144484 -0.048699047 -0.602197528 0.000532405 0.208359629 -0.007589355 0.978022754
1781254181.427685 0.772785068 -0.047683321 -0.609669745 0.001203714 0.207809553 -0.007867095 0.978136957
1781254181.461066 0.774653554 -0.049575381 -0.618078947 0.000342455 0.205611005 -0.007811643 0.978602648
1781254181.494446 0.775234640 -0.048187453 -0.625337362 0.000785415 0.205856040 -0.007827581 0.978550732
1781254181.527827 0.776812792 -0.049989074 -0.635249555 0.000680500 0.206104159 -0.007682970 0.978499651
1781254181.561208 0.776775062 -0.052426785 -0.645842493 0.000003807 0.206576556 -0.007774182 0.978399634
1781254181.594589 0.776631176 -0.053457174 -0.652465105 -0.000378689 0.206889659 -0.007874153 0.978332579
1781254181.627970 0.777443409 -0.052698117 -0.660743535 -0.000065813 0.206989110 -0.007920411 0.978311241
1781254181.661350 0.777407169 -0.053724203 -0.669093549 -0.000273566 0.207043946 -0.007984995 0.978299022
1781254181.694731 0.778976679 -0.052191440 -0.679274082 0.000224797 0.206771478 -0.007824257 0.978357971
1781254181.728112 0.778207242 -0.053659096 -0.687482417 -0.000090570 0.206816375 -0.007775704 0.978348911
1781254181.761493 0.777853489 -0.054903522 -0.697505891 -0.000345717 0.206255928 -0.007968298 0.978465617
1781254181.794874 0.779597938 -0.054460801 -0.705771267 -0.000206172 0.205527171 -0.007794089 0.978620410
1781254181.828255 0.778464675 -0.055760730 -0.714011908 -0.000465884 0.205126777 -0.007884189 0.978703618
1781254181.861635 0.779644847 -0.057832126 -0.722047269 -0.000620364 0.204932868 -0.007938939 0.978743732
1781254181.895017 0.778200150 -0.057547458 -0.729583383 -0.000651250 0.204536632 -0.008178553 0.978824556
1781254181.928397 0.778979659 -0.057435729 -0.738097191 -0.000403966 0.203880921 -0.008158833 0.978961587
1781254181.961778 0.779063165 -0.059120186 -0.745852113 -0.000859284 0.202844352 -0.008395175 0.979174674
1781254181.995159 0.778555691 -0.060465284 -0.752907634 -0.001163046 0.203018531 -0.008035158 0.979141295
1781254182.028541 0.779311299 -0.060486913 -0.760469675 -0.000726045 0.203246012 -0.008319145 0.979092121
1781254182.061921 0.778309464 -0.061255109 -0.767802477 -0.001027663 0.202928409 -0.008618027 0.979155183
1781254182.095303 0.778005898 -0.063365363 -0.775493443 -0.001742630 0.202157289 -0.008577159 0.979314029
1781254182.128684 0.779286265 -0.062056758 -0.784285188 -0.001210333 0.201951146 -0.008405691 0.979358852
1781254182.162065 0.777891994 -0.061279461 -0.790690124 -0.000960069 0.202468753 -0.008384688 0.979252398
1781254182.195442 0.778437257 -0.063240640 -0.800435305 -0.001417940 0.202092052 -0.008356447 0.979329884
1781254182.228820 0.779007316 -0.063238993 -0.808934927 -0.001245903 0.201825514 -0.008318090 0.979385376
1781254182.262197 0.777719796 -0.065535218 -0.817627311 -0.001718098 0.202257663 -0.008368224 0.979295135
1781254182.295576 0.777094781 -0.065400429 -0.824163198 -0.001644349 0.202064961 -0.008570909 0.979333222
1781254182.328954 0.778120399 -0.065540954 -0.833373725 -0.001573666 0.201059833 -0.008463389 0.979541183
1781254182.362332 0.778149009 -0.066059709 -0.842535496 -0.001627547 0.199528098 -0.008323240 0.979855478
1781254182.395710 0.776294529 -0.066678114 -0.848682463 -0.001535426 0.198817134 -0.008265262 0.980000556
1781254182.429088 0.776529074 -0.067008361 -0.857576251 -0.001414808 0.197010279 -0.008256954 0.980365694
1781254182.462466 0.776544571 -0.069792382 -0.866497755 -0.001921228 0.195022762 -0.007991659 0.980764329
1781254182.495843 0.775762022 -0.067216963 -0.872870386 -0.001272171 0.193278983 -0.008052832 0.981109977
1781254182.529222 0.775327861 -0.068687215 -0.880612969 -0.001418779 0.190957397 -0.007515911 0.981568515
1781254182.562600 0.772536516 -0.070249736 -0.887857080 -0.001651241 0.189685851 -0.007453397 0.981815159
1781254182.595978 0.770878434 -0.070637070 -0.895321846 -0.001343163 0.187327757 -0.007298495 0.982269526
1781254182.629356 0.771525681 -0.070501581 -0.902120113 -0.001374642 0.183860466 -0.007147871 0.982925475
1781254182.662734 0.769095480 -0.070655599 -0.909095407 -0.001160396 0.181780815 -0.007120505 0.983312666
1781254182.696112 0.768648088 -0.072171643 -0.917321026 -0.001081147 0.179736331 -0.006879593 0.983690202
1781254182.729490 0.767055035 -0.070317484 -0.923966706 -0.000796445 0.177294597 -0.006842166 0.984133720
1781254182.762869 0.766478658 -0.070583977 -0.930194676 -0.000764333 0.175008580 -0.006785004 0.984543264
1781254182.796247 0.764970899 -0.071969435 -0.938278198 -0.001031148 0.172414586 -0.006647970 0.985001564
1781254182.829625 0.763276458 -0.071277253 -0.944712996 -0.000800998 0.170297280 -0.006632728 0.985370100
1781254182.863004 0.762818158 -0.074077703 -0.953816950 -0.001241830 0.167971596 -0.006395700 0.985770345
1781254182.896382 0.762268305 -0.073667780 -0.962421536 -0.001005262 0.165076554 -0.006315726 0.986260056
1781254182.929760 0.761253655 -0.075059325 -0.970566154 -0.001232465 0.162243977 -0.005988523 0.986731768
1781254182.963139 0.761421084 -0.072470769 -0.982549489 -0.000333008 0.159003839 -0.005975776 0.987259865
1781254182.996519 0.760214031 -0.074034713 -0.988416970 -0.000492722 0.156520471 -0.005776830 0.987657785
1781254183.029897 0.760659814 -0.076383218 -0.997052670 -0.000961100 0.153651714 -0.005545765 0.988109112
1781254183.063276 0.758934081 -0.073366873 -1.003028750 -0.000243884 0.152065903 -0.005516871 0.988354981
1781254183.096654 0.759031594 -0.074083894 -1.009862661 -0.000193112 0.149630368 -0.005590846 0.988726258
1781254183.130033 0.759758472 -0.073957883 -1.015972137 -0.000074162 0.146957651 -0.005496979 0.989127576
1781254183.163412 0.759753525 -0.076721124 -1.023092628 -0.000620501 0.144186080 -0.005407094 0.989535689
1781254183.196790 0.759884715 -0.079104573 -1.029513836 -0.001157060 0.141727045 -0.005220388 0.989891350
1781254183.230168 0.760658801 -0.078082494 -1.035877705 -0.000506127 0.139234990 -0.005094974 0.990246177
1781254183.296925 0.762135684 -0.074965477 -1.046186686 0.000368378 0.133479849 -0.004966059 0.991039038
1781254183.330303 0.765567243 -0.074760824 -1.052343965 0.000643618 0.130208254 -0.004855778 0.991474569
1781254183.363681 0.768262148 -0.079288997 -1.058901906 -0.000392243 0.125926420 -0.004544700 0.992029130
1781254183.430438 0.775832415 -0.079914406 -1.069626927 -0.000220723 0.117589645 -0.004383872 0.993052602
1781254183.497194 0.783212245 -0.079242870 -1.078797221 -0.000080315 0.111824468 -0.004159341 0.993719339
1781254183.530572 0.789649963 -0.078968093 -1.083779573 0.000318568 0.108872615 -0.003861356 0.994048178
1781254183.563951 0.793812394 -0.077964179 -1.088307977 0.000407076 0.106448233 -0.004226471 0.994309247
1781254183.597329 0.798433423 -0.079833657 -1.092716098 0.000073784 0.104975052 -0.004083127 0.994466484
1781254183.630707 0.804549277 -0.079643711 -1.097152591 0.000089974 0.104189530 -0.004457489 0.994547486
1781254183.664085 0.811575532 -0.079835817 -1.100693345 0.000000530 0.104217604 -0.004436750 0.994544625
1781254183.697464 0.817892492 -0.078628093 -1.103634238 0.000495724 0.105060220 -0.004760851 0.994454384
1781254183.730842 0.823517859 -0.081686243 -1.108138680 -0.000143534 0.105716072 -0.004788846 0.994384885
1781254183.764220 0.830416799 -0.081571534 -1.111399412 -0.000269029 0.106746919 -0.005005976 0.994273663
1781254183.797598 0.837926209 -0.080606565 -1.115487099 0.000098378 0.108636677 -0.005149794 0.994068265
1781254183.830976 0.843097031 -0.081185251 -1.117141604 -0.000126730 0.111235604 -0.005514340 0.993778825
1781254183.864354 0.852579057 -0.081596017 -1.120247960 -0.000103782 0.113457955 -0.005432110 0.993527949
1781254183.897732 0.859640241 -0.079881407 -1.122499943 0.000442590 0.115939900 -0.005762476 0.993239462
1781254183.931110 0.867700994 -0.080999188 -1.126684666 0.000182744 0.118308440 -0.005779049 0.992960095
1781254183.964488 0.874492407 -0.080739193 -1.129115105 0.000259873 0.120827653 -0.005738599 0.992656946
1781254183.997866 0.880165815 -0.080805458 -1.130433440 0.000569210 0.123579033 -0.005997835 0.992316484
1781254184.031244 0.886952400 -0.082567886 -1.131902814 0.000079055 0.125412151 -0.006227598 0.992085218
1781254184.064622 0.895276606 -0.081451893 -1.132023096 0.000149245 0.126601696 -0.006254202 0.991933882
1781254184.098000 0.902451754 -0.082962319 -1.132402539 0.000043240 0.127779678 -0.006120854 0.991783738
1781254184.131377 0.909176528 -0.081887558 -1.132115364 0.000330741 0.128963798 -0.006235708 0.991629660
1781254184.164755 0.915781617 -0.079681091 -1.132348180 0.000716484 0.129840851 -0.006537650 0.991513073
1781254184.198131 0.922813296 -0.080541603 -1.131780386 0.000509847 0.131391361 -0.006721494 0.991307676
1781254184.231506 0.928901672 -0.082234137 -1.131766438 0.000307312 0.132822499 -0.006601482 0.991117775
1781254184.264882 0.939846158 -0.085672468 -1.136463165 -0.000442158 0.133198410 -0.006436379 0.991068423
1781254184.298257 0.945610166 -0.084901564 -1.135577679 -0.000439484 0.133810624 -0.006642175 0.990984559
1781254184.331633 0.950922906 -0.085387066 -1.134333014 -0.000520127 0.134541363 -0.006871543 0.990884066
1781254184.365008 0.956511915 -0.088543922 -1.133537531 -0.001102994 0.134624735 -0.006751244 0.990873039
1781254184.398384 0.962180555 -0.086292982 -1.130301833 -0.000566580 0.134932116 -0.006618671 0.990832627
1781254184.431759 0.966646910 -0.085388646 -1.127269983 -0.000582381 0.134783015 -0.006701663 0.990852356
1781254184.465135 0.971215069 -0.089485489 -1.124936342 -0.001479428 0.134328708 -0.006712749 0.990913033
1781254184.498509 0.976140201 -0.086330779 -1.120112658 -0.000861337 0.133740932 -0.006718579 0.990993261
1781254184.531885 0.982011974 -0.086545676 -1.116746426 -0.001046557 0.132446885 -0.006486563 0.991168320
1781254184.565260 0.986756384 -0.085823640 -1.112381101 -0.000919273 0.131333247 -0.006321364 0.991317689
1781254184.598634 0.992330611 -0.084898949 -1.107872367 -0.000748301 0.130007654 -0.006122948 0.991493821
1781254184.632010 0.997591138 -0.084868573 -1.102880359 -0.000835749 0.128156736 -0.005830075 0.991736472
1781254184.665384 1.000316381 -0.084806658 -1.098443270 -0.000884743 0.126969829 -0.005743920 0.991889536
1781254184.698759 1.006223321 -0.084259994 -1.092908740 -0.000949662 0.125300378 -0.005577482 0.992102802
1781254184.732134 1.009436131 -0.082146265 -1.086963415 -0.000537701 0.124150611 -0.005699814 0.992246926
1781254184.765508 1.015290856 -0.083817765 -1.082226515 -0.000927767 0.122377351 -0.005342396 0.992468894
1781254184.798883 1.018590927 -0.082947239 -1.075443983 -0.000888819 0.121342584 -0.005514042 0.992595017
1781254184.832258 1.023469210 -0.081151150 -1.067748785 -0.000807000 0.120768934 -0.005326136 0.992666066
1781254184.865632 1.026834607 -0.082845666 -1.061066747 -0.001260489 0.120842636 -0.005174436 0.992657363
1781254184.899007 1.033203006 -0.081540175 -1.054171920 -0.001071204 0.120136529 -0.005201688 0.992743254
1781254184.965755 1.043078780 -0.080564663 -1.036393404 -0.001279616 0.120198540 -0.005339243 0.992734730
1781254184.999129 1.048797965 -0.079417810 -1.027350187 -0.001272222 0.120724589 -0.005416191 0.992670476
1781254185.032504 1.053501844 -0.082765095 -1.020061135 -0.002161144 0.121561855 -0.005322615 0.992567241
1781254185.065878 1.058063745 -0.079723902 -1.009698391 -0.001792575 0.122812584 -0.005821380 0.992411256
1781254185.099253 1.063314438 -0.078686818 -1.001381278 -0.001651838 0.124004409 -0.005946024 0.992262542
1781254185.132627 1.070125461 -0.078095838 -0.991944611 -0.001683653 0.124762416 -0.005931361 0.992167532
1781254185.166001 1.075487971 -0.078132696 -0.982554913 -0.001890739 0.125393346 -0.005966450 0.992087424
1781254185.232740 1.086589098 -0.078523837 -0.967485607 -0.001901771 0.126462132 -0.005962953 0.991951704
1781254185.266109 1.093977094 -0.074880935 -0.955367267 -0.001540901 0.126634032 -0.005999492 0.991930187
1781254185.332848 1.102954030 -0.073394537 -0.937907636 -0.001272840 0.127701163 -0.006489876 0.991790712
1781254185.366217 1.107925057 -0.073020913 -0.929005086 -0.001410188 0.128513187 -0.006471736 0.991685748
1781254185.399586 1.112466574 -0.071997471 -0.920264184 -0.001220720 0.129373536 -0.006537477 0.991573691
1781254185.432955 1.117218375 -0.072292812 -0.911209524 -0.001384138 0.129136160 -0.006718041 0.991603196
1781254185.466324 1.122852445 -0.072088920 -0.903408051 -0.001563951 0.128908724 -0.007083045 0.991629958
1781254185.499693 1.127429008 -0.070438825 -0.893348932 -0.001312815 0.129374057 -0.007329112 0.991567969
1781254185.533062 1.132894397 -0.070667550 -0.885140955 -0.001408538 0.129724979 -0.007395801 0.991521478
1781254185.566430 1.138235688 -0.070209622 -0.877546608 -0.001158131 0.130048290 -0.007521498 0.991478443
1781254185.599799 1.142942071 -0.068969548 -0.868026376 -0.001045328 0.130172774 -0.007519175 0.991462290
1781254185.633168 1.147041917 -0.068926409 -0.859510899 -0.001374138 0.130620971 -0.007575954 0.991402507
1781254185.666536 1.152497292 -0.065196633 -0.849028707 -0.000532452 0.130230933 -0.007865758 0.991452336
1781254185.699904 1.155407429 -0.066161595 -0.839590251 -0.000637941 0.130891904 -0.007678503 0.991366744
1781254185.733273 1.162480116 -0.066854440 -0.832147896 -0.001011767 0.129917368 -0.007439316 0.991496384
1781254185.766641 1.167348623 -0.066968560 -0.822293282 -0.001081355 0.130387038 -0.007169887 0.991436720
1781254185.800010 1.171819568 -0.066597313 -0.813259542 -0.000860212 0.130667076 -0.007363938 0.991398633
1781254185.833378 1.180331945 -0.064552985 -0.803853631 -0.000879325 0.128629565 -0.007702828 0.991662443
1781254185.866746 1.185221791 -0.063869365 -0.793293357 -0.000923881 0.129648507 -0.007429304 0.991531789
1781254185.900115 1.190705299 -0.063047670 -0.783995926 -0.000617578 0.129589736 -0.007400702 0.991539896
1781254185.933482 1.195640445 -0.064218499 -0.774976909 -0.001390703 0.129037678 -0.007990076 0.991606534
1781254185.966850 1.200520515 -0.062346600 -0.764256835 -0.000971788 0.128830016 -0.007960952 0.991634309
1781254186.000218 1.205175042 -0.063050389 -0.755548120 -0.001203740 0.129102051 -0.008123365 0.991597354
1781254186.033586 1.210749865 -0.062075239 -0.746987462 -0.001243708 0.128234029 -0.008068049 0.991710365
1781254186.066953 1.215511441 -0.061790261 -0.736958444 -0.001283519 0.128130034 -0.008118017 0.991723359
1781254186.100321 1.220065594 -0.060868181 -0.728543460 -0.001139576 0.127780780 -0.008025411 0.991769373
1781254186.133688 1.223934650 -0.058622293 -0.717627168 -0.000756023 0.127884924 -0.008148667 0.991755307
1781254186.167056 1.229266047 -0.059838954 -0.710227072 -0.001098158 0.126914486 -0.007942204 0.991881251
1781254186.200435 1.234570146 -0.059465773 -0.700445771 -0.001154846 0.126301095 -0.007736334 0.991961181
1781254186.233814 1.239966512 -0.058805294 -0.692022026 -0.001021340 0.125322655 -0.007672439 0.992085874
1781254186.267192 1.244864702 -0.057651207 -0.682911873 -0.000939731 0.123890847 -0.007884572 0.992264152
1781254186.300571 1.250971317 -0.056997534 -0.675141633 -0.000916575 0.122801170 -0.006833239 0.992407382
1781254186.333950 1.256065845 -0.057716593 -0.667101681 -0.001083698 0.121398136 -0.006975997 0.992578804
1781254186.367328 1.260362864 -0.057692632 -0.657939792 -0.001397790 0.119810775 -0.007028852 0.992770851
1781254186.434085 1.268392682 -0.056375600 -0.639695942 -0.001301607 0.117428549 -0.006928570 0.993056357
1781254186.467464 1.272933722 -0.055388000 -0.630950511 -0.000857758 0.116088569 -0.006997189 0.993213832
1781254186.500844 1.276938677 -0.053379271 -0.620103896 -0.000412516 0.114553176 -0.007235060 0.993390739
1781254186.534222 1.282186031 -0.053776126 -0.611677110 -0.000556402 0.112533584 -0.006839457 0.993624270
1781254186.567601 1.286578774 -0.053442098 -0.602862835 -0.000545207 0.111070774 -0.006702069 0.993789792
1781254186.600980 1.291100025 -0.053362373 -0.593664467 -0.000751527 0.109753422 -0.006834870 0.993935108
1781254186.634358 1.296100259 -0.052021898 -0.583441854 -0.000325568 0.107456975 -0.006637127 0.994187534
1781254186.667737 1.300602078 -0.050516419 -0.573894799 0.000173759 0.105373159 -0.006136334 0.994413853
1781254186.701116 1.306658149 -0.050122116 -0.565188825 -0.000077612 0.102496654 -0.005999937 0.994715273
1781254186.734494 1.310533166 -0.049990304 -0.554044843 -0.000051760 0.100713223 -0.006221327 0.994896114
1781254186.767873 1.316136479 -0.051055476 -0.546062112 -0.000324257 0.097814746 -0.005939724 0.995186925
1781254186.801251 1.319106579 -0.048952982 -0.535079181 0.000035657 0.094660796 -0.006086306 0.995490968
1781254186.834630 1.325538039 -0.049001422 -0.526477754 -0.000337164 0.091149814 -0.005820501 0.995820165
1781254186.868009 1.331393600 -0.049041893 -0.519372642 -0.000202078 0.088990107 -0.005222004 0.996018827
1781254186.901387 1.336952567 -0.049689412 -0.511678874 -0.000477256 0.085488975 -0.005266209 0.996325135
1781254186.934766 1.339234710 -0.048389625 -0.502325773 -0.000393412 0.083357148 -0.005330851 0.996505439
1781254186.968144 1.345403671 -0.046714239 -0.494968206 0.000276272 0.079959638 -0.005051828 0.996785283
1781254187.001523 1.350238085 -0.046647485 -0.487773776 0.000005006 0.076612167 -0.004629152 0.997050285
1781254187.034902 1.354690790 -0.047204129 -0.480818689 -0.000187682 0.072984740 -0.004997719 0.997320533
1781254187.068280 1.358739614 -0.047844548 -0.474335939 -0.000665768 0.069627568 -0.004842821 0.997561097
1781254187.101659 1.362722158 -0.046443563 -0.467310607 -0.000310743 0.066262111 -0.005059918 0.997789383
1781254187.135038 1.366776109 -0.046841897 -0.461328626 -0.000524852 0.062448513 -0.004655102 0.998037219
1781254187.168416 1.372226596 -0.047665745 -0.456415594 -0.000667357 0.058427837 -0.004682669 0.998280466
1781254187.201789 1.376783013 -0.047854658 -0.451001346 -0.000789438 0.054884240 -0.004439569 0.998482525
1781254187.235161 1.379987597 -0.045214392 -0.443932772 -0.000305081 0.052327089 -0.004491478 0.998619914
1781254187.268533 1.384403229 -0.045222200 -0.438426197 -0.000547574 0.049170703 -0.004554044 0.998779893
1781254187.301905 1.389662623 -0.045875695 -0.434483558 -0.000617808 0.046577297 -0.004404665 0.998904884
1781254187.335277 1.393812656 -0.045707624 -0.429514974 -0.000725241 0.044569448 -0.004577707 0.998995602
1781254187.368649 1.401570797 -0.043346312 -0.425258696 0.000045605 0.041450609 -0.003726440 0.999133587
1781254187.402021 1.405670762 -0.042548809 -0.420404583 0.000410457 0.041079450 -0.003940210 0.999148071
1781254187.435393 1.411120534 -0.043274727 -0.416711450 0.000253367 0.039979603 -0.003804443 0.999193251
1781254187.468764 1.416038036 -0.042888753 -0.412266970 0.000124611 0.038751896 -0.004049353 0.999240637
1781254187.502136 1.421903372 -0.043506686 -0.409767359 -0.000069948 0.037687328 -0.004027740 0.999281466
1781254187.535508 1.427448869 -0.043732315 -0.405777007 -0.000122560 0.036403615 -0.003913602 0.999329507
1781254187.568879 1.433671355 -0.044223763 -0.402611285 -0.000142460 0.034419306 -0.003552258 0.999401152
1781254187.602251 1.438291430 -0.042583067 -0.398391455 0.000336212 0.032864477 -0.003602494 0.999453306
1781254187.635622 1.444379091 -0.042165883 -0.394692272 0.000528577 0.030596970 -0.003632754 0.999525070
1781254187.668993 1.450604558 -0.042473529 -0.391428232 0.000273748 0.027996540 -0.003336504 0.999602437
1781254187.702364 1.458254576 -0.041678451 -0.387739986 0.000421791 0.025308371 -0.003034719 0.999675035
1781254187.735736 1.464238167 -0.040624380 -0.383622319 0.000760816 0.023603374 -0.003027259 0.999716580
1781254187.769107 1.471156001 -0.040266108 -0.379487872 0.000763704 0.021530924 -0.003218148 0.999762774
1781254187.802478 1.478267550 -0.040952861 -0.375060827 0.000344265 0.019496562 -0.003264199 0.999804556
1781254187.835849 1.485229492 -0.040664192 -0.371100813 0.000323163 0.017695440 -0.003139801 0.999838531
1781254187.869220 1.493361115 -0.039736539 -0.366643339 0.000612029 0.016283674 -0.003006316 0.999862790
1781254187.902592 1.500511408 -0.039292552 -0.361945391 0.000735130 0.015586110 -0.003052830 0.999873638
1781254187.935963 1.508493543 -0.039466597 -0.358335823 0.000299820 0.014725801 -0.002707235 0.999887884
1781254187.969334 1.515008807 -0.039357655 -0.353730798 0.000574165 0.014017727 -0.002993761 0.999897122
1781254188.002705 1.524149656 -0.040135842 -0.351055115 0.000164633 0.012434050 -0.002770992 0.999918878
1781254188.036076 1.532258630 -0.039502457 -0.347209841 0.000454884 0.012627510 -0.002949373 0.999915838
1781254188.069446 1.539971828 -0.037771497 -0.343440264 0.001169252 0.013649527 -0.002807326 0.999902248
1781254188.102817 1.549135089 -0.039057016 -0.340888232 0.000745806 0.013718433 -0.002801069 0.999901712
1781254188.136188 1.555974007 -0.037871655 -0.337825775 0.001217275 0.014783380 -0.002970028 0.999885559
1781254188.169558 1.566131353 -0.037504643 -0.335032344 0.001400018 0.016503271 -0.003330495 0.999857306
1781254188.236303 1.582760215 -0.037154905 -0.332946062 0.002033708 0.021633331 -0.003212566 0.999758780
1781254188.269675 1.590638041 -0.037195377 -0.332137436 0.002054407 0.024976540 -0.003330487 0.999680400
1781254188.303048 1.598413825 -0.037927005 -0.332236797 0.001817694 0.029762795 -0.003362606 0.999549687
1781254188.336420 1.605290771 -0.038338516 -0.332628638 0.001635470 0.034847036 -0.003845206 0.999383986
1781254188.369792 1.613349915 -0.037933309 -0.333703458 0.002052712 0.040424351 -0.003569001 0.999174178
1781254188.403164 1.620048046 -0.037411813 -0.335784316 0.002228410 0.047484774 -0.003919805 0.998861790
1781254188.436536 1.626899481 -0.038289934 -0.338279456 0.001962188 0.055042759 -0.004248108 0.998473048
1781254188.469908 1.633358359 -0.038507018 -0.340965569 0.002149141 0.062718369 -0.004668977 0.998018026
1781254188.503280 1.638648868 -0.038794290 -0.342957556 0.001963518 0.070534579 -0.004823818 0.997495770
1781254188.536652 1.644166112 -0.039269410 -0.346903563 0.002095315 0.078783259 -0.005404104 0.996874928
1781254188.570024 1.649058938 -0.040207930 -0.350938171 0.001683517 0.086581498 -0.005399111 0.996228695
1781254188.603397 1.653519750 -0.040016372 -0.354680032 0.002057272 0.094811864 -0.006192521 0.995473862
1781254188.636769 1.659485102 -0.041145153 -0.360544533 0.001791133 0.101971798 -0.006119906 0.994766891
1781254188.670140 1.663644075 -0.040537529 -0.365069509 0.002013326 0.108188845 -0.006524020 0.994106948
1781254188.703512 1.668009162 -0.042276856 -0.370952666 0.001840006 0.114586577 -0.006885822 0.993387759
1781254188.736883 1.675338864 -0.044124968 -0.377504498 0.001279794 0.119308017 -0.006830215 0.992832959
1781254188.770255 1.679131985 -0.044926863 -0.383525878 0.001194185 0.124373786 -0.007056221 0.992209673
1781254188.803626 1.683685064 -0.046503585 -0.390471458 0.000705141 0.127531260 -0.006921009 0.991810203
1781254188.836998 1.687742233 -0.045942303 -0.396733284 0.001056086 0.130362555 -0.007241229 0.991439402
1781254188.870369 1.692400813 -0.046590757 -0.404298484 0.000969740 0.132613063 -0.006816679 0.991144001
1781254188.903740 1.696147680 -0.047476780 -0.412535191 0.001111964 0.135538071 -0.006941992 0.990747213
1781254188.937112 1.699755073 -0.049300689 -0.419934124 0.000724377 0.137561679 -0.006942926 0.990468681
1781254188.970483 1.702663183 -0.049772333 -0.427932709 0.000983318 0.138934657 -0.006531098 0.990279555
1781254189.003854 1.707083225 -0.048773877 -0.435628653 0.001546227 0.138472855 -0.006787228 0.990341842
1781254189.037225 1.710650921 -0.049603514 -0.443479121 0.001429097 0.137755498 -0.006544616 0.990443647
1781254189.070596 1.712470770 -0.050874017 -0.451452106 0.001147774 0.137972146 -0.006641963 0.990413189
1781254189.103966 1.716292024 -0.050342996 -0.459414542 0.001626789 0.138347581 -0.006637314 0.990360200
1781254189.137337 1.719386697 -0.051274363 -0.467041790 0.001352662 0.139069259 -0.006502045 0.990260422
1781254189.170708 1.723158717 -0.050903559 -0.474966735 0.001671794 0.140091285 -0.006470462 0.990116060
1781254189.237441 1.727433205 -0.052250810 -0.490796834 0.001499281 0.144211516 -0.006816846 0.989522278
1781254189.270807 1.730234146 -0.052922238 -0.499689668 0.001463814 0.145961225 -0.006917740 0.989265084
1781254189.304174 1.733480692 -0.054507278 -0.508222818 0.001276562 0.147773400 -0.006902358 0.988996387
1781254189.337540 1.734961510 -0.053929426 -0.514658511 0.001618898 0.149642944 -0.007123760 0.988713145
1781254189.370906 1.738515854 -0.055058356 -0.523003638 0.001371349 0.151023045 -0.006900107 0.988505244
1781254189.437637 1.739429355 -0.056928616 -0.538401842 0.001104530 0.156802699 -0.007063982 0.987604141
1781254189.471002 1.742428541 -0.057817563 -0.547178388 0.001025115 0.158757135 -0.007183136 0.987291038
1781254189.504368 1.745866537 -0.057265732 -0.555877149 0.001421665 0.160468385 -0.007098807 0.987014472
1781254189.537733 1.747186661 -0.058661357 -0.564808905 0.001222557 0.163348734 -0.006919221 0.986543417
1781254189.571098 1.748276472 -0.059045687 -0.574029624 0.001395579 0.166242301 -0.007156387 0.986057997
1781254189.604464 1.749132872 -0.058870789 -0.582433283 0.001725630 0.166972175 -0.007279330 0.985933304
1781254189.637829 1.753321171 -0.059558537 -0.592549443 0.001418535 0.167577326 -0.007116656 0.985832274
1781254189.671193 1.752534389 -0.060879156 -0.602125764 0.001734070 0.170302525 -0.007242465 0.985363722
1781254189.704558 1.754081249 -0.059777282 -0.610566437 0.002202456 0.171255991 -0.007185865 0.985197902
1781254189.737923 1.753667474 -0.061326262 -0.619771421 0.001716755 0.170894235 -0.007090714 0.985262454
1781254189.771288 1.755144954 -0.062757432 -0.629683793 0.001475865 0.171318680 -0.007330636 0.985187292
1781254189.804652 1.756243467 -0.064424157 -0.638891518 0.001416748 0.171912953 -0.007221068 0.985084653
1781254189.838016 1.756347299 -0.065127142 -0.649313688 0.001192783 0.171762839 -0.007120037 0.985111952
1781254189.871381 1.756607652 -0.063983090 -0.658781826 0.001785881 0.170686811 -0.006772743 0.985300481
1781254189.904745 1.756930470 -0.065380208 -0.668319643 0.001482527 0.169779390 -0.006567256 0.985459149
1781254189.938109 1.755637407 -0.064160630 -0.677644432 0.002068776 0.168704525 -0.006703737 0.985641778
1781254189.971473 1.753877044 -0.066893764 -0.687885761 0.001363099 0.167704329 -0.006612878 0.985814214
1781254190.004838 1.753684282 -0.067906618 -0.697770238 0.001329380 0.166636169 -0.006429300 0.985996664
1781254190.038202 1.752052307 -0.068595335 -0.708051026 0.001323256 0.165152878 -0.006300624 0.986247003
1781254190.071565 1.751976848 -0.068480067 -0.717208445 0.001548012 0.163195625 -0.006047716 0.986573994
1781254190.104929 1.750342965 -0.069690838 -0.727433920 0.001307463 0.161246195 -0.005890180 0.986895859
1781254190.138292 1.748916984 -0.070430100 -0.738306224 0.001406149 0.158945858 -0.005990286 0.987268150
1781254190.171656 1.748759627 -0.070489347 -0.748042226 0.001147946 0.156397566 -0.005745493 0.987676859
1781254190.205060 1.745741129 -0.070632435 -0.756098688 0.001572593 0.157605916 -0.005674364 0.987484515
1781254190.238465 1.745668888 -0.070979297 -0.767738640 0.001793130 0.156827793 -0.005826967 0.987607181
1781254190.271870 1.743496299 -0.072879508 -0.778707445 0.001128520 0.156232655 -0.005823690 0.987702489
1781254190.305276 1.743571520 -0.072965175 -0.788762569 0.001261562 0.155223891 -0.005761763 0.987861753
1781254190.338682 1.739664435 -0.075239316 -0.799217045 0.000676536 0.155503437 -0.006041764 0.987816691
1781254190.372088 1.739509940 -0.074007228 -0.810156226 0.001347785 0.155877471 -0.006104864 0.987756670
1781254190.405495 1.737054825 -0.074889921 -0.821394980 0.001374550 0.155822650 -0.005910408 0.987766445
1781254190.438902 1.736195445 -0.076378897 -0.832596719 0.001029561 0.156314060 -0.005671228 0.987690628
1781254190.472309 1.732429147 -0.076590896 -0.842048943 0.001353442 0.157238990 -0.006028506 0.987541318
1781254190.505717 1.732102633 -0.076859742 -0.853092551 0.001305078 0.157119304 -0.006122084 0.987559855
1781254190.539125 1.731591344 -0.078182235 -0.863364458 0.001217069 0.157313019 -0.006036934 0.987529635
1781254190.572534 1.729827881 -0.078953527 -0.872945607 0.001123893 0.157745555 -0.006027882 0.987460792
1781254190.605943 1.726822495 -0.078706622 -0.880445123 0.001371502 0.158958301 -0.006104463 0.987265468
1781254190.639352 1.722691536 -0.080536962 -0.891683280 0.001321855 0.160127804 -0.006261771 0.987075627
1781254190.672762 1.726761937 -0.082375154 -0.901628017 0.001046109 0.157553867 -0.006120584 0.987490952
1781254190.706173 1.722555637 -0.080914721 -0.909983993 0.001259261 0.157992423 -0.006275948 0.987419665
1781254190.739584 1.721417665 -0.080516398 -0.919506669 0.001713369 0.159134209 -0.006545783 0.987233818
1781254190.772995 1.719922185 -0.084374882 -0.929788649 0.000975849 0.160574704 -0.006469158 0.987002015
1781254190.806406 1.716617703 -0.082451724 -0.938142538 0.001502617 0.160822794 -0.006646671 0.986959815
1781254190.839818 1.718756676 -0.083142221 -0.947294652 0.001315470 0.159344867 -0.006595170 0.987200081
1781254190.873230 1.716232538 -0.082117707 -0.957906723 0.001935377 0.158686250 -0.006848965 0.987303436
1781254190.906642 1.714710355 -0.084885575 -0.967010021 0.001354215 0.158062682 -0.006716049 0.987405360
1781254190.940055 1.714297771 -0.082843117 -0.974201798 0.001912343 0.156585276 -0.006954329 0.987638175
1781254190.973469 1.714962006 -0.084537745 -0.980874717 0.001890127 0.155700624 -0.006839278 0.987778842
1781254191.006882 1.714405656 -0.086299539 -0.990091562 0.001588624 0.154677868 -0.006858568 0.987939894
1781254191.040296 1.715804577 -0.086628050 -0.998667896 0.001614126 0.152821720 -0.006722023 0.988229632
1781254191.073711 1.718061805 -0.086768284 -1.006599307 0.001713109 0.151247054 -0.006852753 0.988470793
1781254191.107126 1.718422055 -0.088073716 -1.013778329 0.001618994 0.150565505 -0.006770380 0.988575578
1781254191.140541 1.723207355 -0.088152193 -1.020687461 0.001802779 0.148975953 -0.006809306 0.988815784
1781254191.173955 1.726948023 -0.089824900 -1.028360009 0.001689868 0.148580089 -0.006771822 0.988875806
1781254191.207329 1.729923368 -0.089323580 -1.035187364 0.002022666 0.147904128 -0.007274032 0.988972902
1781254191.240703 1.734570384 -0.089273199 -1.041446567 0.001757479 0.147951201 -0.007286451 0.988966346
1781254191.274078 1.739741206 -0.090519384 -1.046830177 0.001943999 0.148821935 -0.007166929 0.988836169
1781254191.307452 1.746031165 -0.090873100 -1.053645849 0.001971392 0.149301633 -0.007667931 0.988760054
1781254191.340826 1.753424168 -0.092115849 -1.059848666 0.001666064 0.150072306 -0.007873038 0.988642335
1781254191.374200 1.761132002 -0.091524467 -1.063987732 0.002071827 0.152383566 -0.008207667 0.988285184
1781254191.407575 1.766626000 -0.092006981 -1.067727327 0.002017741 0.156436354 -0.008651658 0.987648129
1781254191.440949 1.774095416 -0.094084062 -1.071340203 0.001750125 0.161041439 -0.009246661 0.986902833
1781254191.474323 1.782688498 -0.094120786 -1.075336337 0.001643861 0.165939391 -0.009507902 0.986088753
1781254191.507697 1.790137649 -0.095306396 -1.078753114 0.001710908 0.172444209 -0.009784727 0.984969258
1781254191.541071 1.798520446 -0.093169481 -1.078236461 0.002299352 0.178377390 -0.010192423 0.983906686
1781254191.574445 1.808317542 -0.094470166 -1.083809614 0.002015307 0.183157042 -0.010391241 0.983026683
1781254191.607819 1.818747282 -0.092859127 -1.085417747 0.002576850 0.188314244 -0.010876497 0.982045233
1781254191.641193 1.827133894 -0.094348818 -1.087093472 0.002570146 0.193412662 -0.010997404 0.981052577
1781254191.674567 1.837292790 -0.094345257 -1.087476492 0.002652801 0.197437197 -0.010916821 0.980251193
1781254191.707940 1.847150922 -0.092645697 -1.087433934 0.003036133 0.200808987 -0.011419632 0.979559124
1781254191.741314 1.855150342 -0.094605602 -1.087342501 0.002589090 0.204151258 -0.011670873 0.978866398
1781254191.774688 1.864208341 -0.094472803 -1.085613251 0.002400171 0.206854820 -0.011750497 0.978298187
1781254191.808062 1.873986840 -0.094199620 -1.086989284 0.002735352 0.208266258 -0.012141974 0.977993011
1781254191.841435 1.883356333 -0.095365331 -1.084842205 0.002268037 0.209032431 -0.012026408 0.977832198
1781254191.874809 1.892515302 -0.091088682 -1.080874920 0.003368236 0.210222587 -0.012237752 0.977571189
1781254191.908183 1.899662137 -0.088295631 -1.077839971 0.003985269 0.210786462 -0.012653522 0.977442145
1781254191.941556 1.906262994 -0.089169830 -1.074859023 0.003609760 0.210567445 -0.012497573 0.977492809
1781254191.974930 1.910851240 -0.094547339 -1.073515654 0.002118977 0.210090548 -0.012310741 0.977602124
1781254192.008303 1.921361923 -0.092093267 -1.068199277 0.002555697 0.208501086 -0.012401393 0.977940202
1781254192.041677 1.925763249 -0.093194440 -1.064742208 0.002123461 0.208136439 -0.012134328 0.978022277
1781254192.075051 1.936280251 -0.090091504 -1.058306336 0.002982396 0.206168562 -0.011959447 0.978438914
1781254192.108425 1.938516736 -0.091285557 -1.054238796 0.002347423 0.204516947 -0.012092786 0.978785574
1781254192.141798 1.943563223 -0.091813169 -1.047599673 0.002018701 0.203483656 -0.011926916 0.979003608
1781254192.175172 1.950362921 -0.090151049 -1.041376710 0.002481286 0.202429920 -0.011651446 0.979224324
1781254192.208545 1.959073305 -0.093255967 -1.037061214 0.001548442 0.200459480 -0.011474865 0.979633629
1781254192.241917 1.965267062 -0.085676938 -1.026476145 0.002963765 0.198905662 -0.011863781 0.979942322
1781254192.275290 1.969753861 -0.087994337 -1.021234155 0.002439052 0.198697105 -0.011395299 0.979991734
1781254192.308663 1.975959539 -0.091304012 -1.015591741 0.001616215 0.197832704 -0.011222556 0.980170250
1781254192.342035 1.983341813 -0.085797839 -1.005779505 0.002576071 0.197222188 -0.011137678 0.980292201
1781254192.375408 1.987008452 -0.090391070 -0.998146296 0.001205925 0.198215604 -0.011116324 0.980094731
1781254192.408781 1.991964698 -0.085173048 -0.989111304 0.002273612 0.199741885 -0.011613983 0.979777098
1781254192.508898 2.011925697 -0.086444996 -0.963789523 0.001089851 0.204875067 -0.011901272 0.978715181
1781254192.542270 2.017997742 -0.085450657 -0.954841614 0.000980330 0.207051203 -0.011907063 0.978257179
1781254192.575642 2.025665045 -0.083536409 -0.947436690 0.001650580 0.208355308 -0.012519370 0.977971733
1781254192.609015 2.031040907 -0.084011771 -0.938513100 0.001091404 0.210751131 -0.012599908 0.977458000
1781254192.642387 2.035919189 -0.083898373 -0.930590332 0.001018331 0.213399604 -0.012870208 0.976879776
1781254192.675759 2.042432070 -0.082922012 -0.922318220 0.001460618 0.216156274 -0.012912505 0.976272285
1781254192.709131 2.046378613 -0.082423285 -0.912525296 0.001551108 0.218692392 -0.013268152 0.975702465
1781254192.742503 2.053952217 -0.081927292 -0.905082941 0.001514488 0.220072165 -0.013191991 0.975393295
1781254192.775876 2.060990572 -0.081628822 -0.896689177 0.001673309 0.222142115 -0.013367518 0.974921286
1781254192.809248 2.067406416 -0.081966221 -0.888745546 0.001575758 0.224579453 -0.013216325 0.974364936
1781254192.842620 2.074565649 -0.081097379 -0.880111635 0.001655734 0.225983277 -0.013498543 0.974036276
1781254192.875992 2.080245018 -0.081368856 -0.871867716 0.001491763 0.228302270 -0.013548044 0.973494947
1781254192.909364 2.088229895 -0.078994043 -0.863588214 0.002213389 0.230211437 -0.013866269 0.973039329
1781254192.942736 2.094655991 -0.078288309 -0.854280591 0.002080257 0.231934786 -0.013909660 0.972629666
1781254192.976108 2.101763725 -0.078177080 -0.846104801 0.002071213 0.233389467 -0.013920036 0.972281516
1781254193.042851 2.115944386 -0.077084266 -0.828488767 0.002254873 0.235642776 -0.014469542 0.971729457
1781254193.076223 2.120382309 -0.078781925 -0.821805477 0.001854504 0.239338711 -0.013594583 0.970839262
1781254193.109595 2.126030445 -0.074935317 -0.808726907 0.003242309 0.240484565 -0.014538785 0.970538676
1781254193.142966 2.135169744 -0.078356124 -0.802373052 0.001811363 0.237940684 -0.014053601 0.971176326
1781254193.176338 2.141649008 -0.078743041 -0.794175148 0.001667322 0.238083065 -0.014016445 0.971142232
1781254193.209712 2.147735119 -0.077382483 -0.785292625 0.002396870 0.239722073 -0.013802880 0.970740497
1781254193.243086 2.153432369 -0.078052886 -0.775515735 0.002006496 0.240277886 -0.013868907 0.970602989
1781254193.276460 2.160045624 -0.078561388 -0.767208934 0.001665930 0.240165502 -0.013917858 0.970630765
1781254193.309834 2.165585279 -0.077348165 -0.758460343 0.002162560 0.241126567 -0.013681391 0.970394850
1781254193.343209 2.170132875 -0.076740332 -0.747917235 0.001993790 0.241155192 -0.013995479 0.970383584
1781254193.376583 2.176309109 -0.076856464 -0.739879966 0.001949019 0.240721658 -0.013979853 0.970491529
1781254193.409956 2.181607485 -0.075748213 -0.728988886 0.002075935 0.240855321 -0.013956942 0.970458508
1781254193.443331 2.187463045 -0.074817583 -0.719496489 0.002279244 0.240995556 -0.013869697 0.970424473
1781254193.476704 2.192053080 -0.073929720 -0.710231066 0.002401620 0.241514519 -0.013943211 0.970294118
1781254193.510079 2.199026346 -0.072298959 -0.702060342 0.002690520 0.240846425 -0.013791895 0.970461607
1781254193.543453 2.202312469 -0.072687253 -0.692011058 0.002525083 0.242750719 -0.013926467 0.969985485
1781254193.576827 2.207690001 -0.071206205 -0.684362888 0.002888165 0.242230386 -0.014252880 0.970109820
1781254193.610201 2.212444782 -0.070114054 -0.676219046 0.003098847 0.242068902 -0.014089013 0.970151842
1781254193.643574 2.216089010 -0.070523784 -0.668621361 0.002920960 0.242484361 -0.014142205 0.970047832
1781254193.676948 2.223275900 -0.069602862 -0.661593020 0.003436871 0.242115110 -0.013851595 0.970142603
1781254193.710322 2.228310108 -0.068285525 -0.653963387 0.003636163 0.241873696 -0.013832014 0.970202386
1781254193.743695 2.231323004 -0.067993551 -0.644389868 0.003636922 0.242762238 -0.014112812 0.969976366
1781254193.777069 2.236665726 -0.068040371 -0.636344016 0.003349244 0.242782295 -0.013913049 0.969975293
1781254193.810443 2.241871834 -0.068594836 -0.629088938 0.003144767 0.242893815 -0.014002932 0.969946802
1781254193.843817 2.246111631 -0.067150198 -0.620474398 0.003505256 0.243442327 -0.014130563 0.969806135
1781254193.877190 2.251838207 -0.066895574 -0.612676382 0.003594263 0.243470997 -0.013884796 0.969802201
1781254193.910563 2.256687880 -0.066466838 -0.605277419 0.003495245 0.243759841 -0.013753963 0.969731867
1781254193.943937 2.260472775 -0.065786339 -0.596060932 0.003691578 0.244208425 -0.013808938 0.969617486
1781254193.977311 2.266228676 -0.063985474 -0.586619735 0.004068238 0.244490087 -0.013923888 0.969543338
1781254194.010684 2.271409512 -0.064316586 -0.579311788 0.004094240 0.245390728 -0.013940346 0.969315410
1781254194.044057 2.274775982 -0.064972214 -0.570071816 0.003444809 0.246251076 -0.014028018 0.969098449
1781254194.077431 2.279531002 -0.063152589 -0.560833216 0.004374187 0.247544706 -0.014146325 0.968763351
1781254194.110804 2.286200523 -0.063429743 -0.553673089 0.004072327 0.246951282 -0.014236974 0.968914747
1781254194.144177 2.291039228 -0.062847562 -0.543479204 0.004084819 0.247282758 -0.014026309 0.968833268
1781254194.177551 2.296668530 -0.062640406 -0.535177410 0.004222402 0.247210220 -0.014026585 0.968851149
1781254194.210926 2.301673889 -0.061457999 -0.526887000 0.004748415 0.247703120 -0.013950040 0.968723953
1781254194.244300 2.307271004 -0.060846660 -0.517898321 0.004633928 0.247770265 -0.014124901 0.968704760
1781254194.277673 2.312458992 -0.060584079 -0.508623540 0.004462708 0.247380063 -0.014162012 0.968804777
1781254194.311048 2.317150354 -0.060486220 -0.499216974 0.004369684 0.247790024 -0.013892548 0.968704343
1781254194.344421 2.322145700 -0.060802456 -0.490660399 0.004198510 0.247675329 -0.013766251 0.968736231
1781254194.377795 2.326279879 -0.060008544 -0.481148124 0.004422607 0.247850195 -0.013825921 0.968689620
1781254194.411169 2.331463337 -0.060069609 -0.471768051 0.004094213 0.246679246 -0.014171136 0.968984962
1781254194.444543 2.337259293 -0.058915112 -0.464052230 0.004329730 0.244670048 -0.013854125 0.969497800
1781254194.477917 2.342448950 -0.059020232 -0.455615640 0.004245188 0.242912918 -0.013505061 0.969944835
1781254194.511290 2.348058939 -0.058413807 -0.447301090 0.004455308 0.241037726 -0.013451600 0.970412374
1781254194.544664 2.352334738 -0.057600703 -0.438280344 0.004304647 0.239344478 -0.013226726 0.970835090
1781254194.578038 2.356785297 -0.057542432 -0.430378675 0.004383709 0.237617955 -0.013442975 0.971255839
1781254194.611411 2.361814022 -0.055869117 -0.421554416 0.004638221 0.234945208 -0.012987649 0.971910775
1781254194.644785 2.366655588 -0.055404909 -0.414458990 0.004635108 0.232498541 -0.012822958 0.972501218
1781254194.678159 2.369750261 -0.054814037 -0.405876696 0.004739349 0.231632039 -0.012935343 0.972705960
1781254194.711532 2.374178886 -0.056104489 -0.399263829 0.003979214 0.229558676 -0.012791556 0.973202705
1781254194.744906 2.377253056 -0.054950740 -0.390984893 0.004112285 0.227851033 -0.012836840 0.973602712
1781254194.778279 2.382745266 -0.053687792 -0.385124177 0.004802151 0.225438207 -0.012356496 0.974167287
1781254194.811653 2.385873556 -0.052982096 -0.378257155 0.004789099 0.223095223 -0.012367144 0.974706471
1781254194.845026 2.390171051 -0.053333752 -0.371000707 0.004306861 0.220546603 -0.012260785 0.975289941
1781254194.878399 2.393999577 -0.053193498 -0.364901245 0.004201989 0.218564048 -0.011950474 0.975740433
1781254194.911774 2.397708178 -0.052359454 -0.357536256 0.004243386 0.216736615 -0.011933870 0.976148009
1781254194.945147 2.401515245 -0.052240375 -0.350814849 0.004018253 0.214404836 -0.011884276 0.976664364
1781254194.978520 2.406083584 -0.052957505 -0.345594853 0.003669303 0.211429954 -0.011645660 0.977316916
1781254195.011894 2.409255743 -0.051019888 -0.337548405 0.004215295 0.209656432 -0.011672394 0.977696419
1781254195.045267 2.413433552 -0.050671495 -0.331371099 0.004227231 0.207260504 -0.011475139 0.978209376
1781254195.078640 2.415885448 -0.049977913 -0.324200779 0.004221189 0.204977378 -0.011312682 0.978692234
1781254195.112013 2.420728207 -0.049392063 -0.317550182 0.004191051 0.201746151 -0.010762414 0.979369819
1781254195.145386 2.424271822 -0.049450852 -0.310745001 0.003929811 0.199121669 -0.010760116 0.979907811
1781254195.178760 2.428408384 -0.048189014 -0.303315014 0.004126444 0.196121335 -0.010818307 0.980511308
1781254195.212134 2.432425737 -0.047794785 -0.296154708 0.004206029 0.193677098 -0.010469789 0.981000483
1781254195.245509 2.436389923 -0.048290912 -0.288854927 0.003801191 0.189978823 -0.010528454 0.981724381
1781254195.278884 2.440455437 -0.047736205 -0.282358557 0.003447311 0.186794579 -0.010514941 0.982336700
1781254195.312259 2.445303440 -0.048117835 -0.276711613 0.003305103 0.184466526 -0.010153298 0.982780874
1781254195.379008 2.454409838 -0.046821527 -0.265680850 0.003213003 0.177897707 -0.010095540 0.983991981
1781254195.412383 2.458442211 -0.046052635 -0.260354519 0.003451899 0.174515560 -0.009964446 0.984597981
1781254195.445758 2.464564085 -0.045869038 -0.256720871 0.003488523 0.170320094 -0.009617507 0.985335708
1781254195.479132 2.468934059 -0.045383032 -0.251598209 0.003596019 0.167289555 -0.009553076 0.985854983
1781254195.512507 2.473733902 -0.046046007 -0.248614073 0.003053212 0.163821772 -0.009661379 0.986437976
1781254195.545881 2.479027033 -0.046519712 -0.245536745 0.002702355 0.159887567 -0.009300982 0.987087786
1781254195.579256 2.485130787 -0.046495371 -0.243367419 0.002513442 0.155625254 -0.009151736 0.987770617
1781254195.612631 2.491019726 -0.046186678 -0.240548104 0.002571818 0.151836008 -0.008957828 0.988361835
1781254195.646006 2.493855953 -0.046275698 -0.238393933 0.002413172 0.149138212 -0.009403651 0.988768756
1781254195.679380 2.498827457 -0.046394736 -0.237374708 0.002351308 0.145793706 -0.009167671 0.989269733
1781254195.712755 2.504182100 -0.046502426 -0.236196041 0.002373107 0.142204046 -0.008956063 0.989794016
1781254195.746129 2.509494543 -0.046569306 -0.234939814 0.002201571 0.138246074 -0.008975044 0.990354776
1781254195.779503 2.513996601 -0.046355739 -0.233972490 0.002370202 0.135430679 -0.008988048 0.990743279
1781254195.812878 2.519440651 -0.046584595 -0.232629627 0.002027520 0.132711411 -0.008903635 0.991112649
1781254195.846252 2.524185181 -0.046051815 -0.232255563 0.002358900 0.131252930 -0.008789375 0.991307199
1781254195.879626 2.529155493 -0.046325069 -0.232556298 0.002304620 0.129640743 -0.008615040 0.991520941
1781254195.913001 2.533724070 -0.046520706 -0.232728526 0.002261697 0.129114613 -0.008873789 0.991587460
1781254195.946375 2.539233923 -0.046846624 -0.234146342 0.002218847 0.129149899 -0.009006838 0.991581738
1781254195.979749 2.543456316 -0.047431927 -0.235489428 0.002041121 0.130471185 -0.009312415 0.991406322
1781254196.013123 2.549742222 -0.047887985 -0.237650320 0.002105046 0.131302610 -0.009258945 0.991296947
1781254196.046497 2.555387020 -0.048209503 -0.239874601 0.002069238 0.132251740 -0.009322211 0.991170228
1781254196.079871 2.561580658 -0.047926109 -0.242297381 0.002418818 0.133389875 -0.009371959 0.991016448
1781254196.113245 2.566560030 -0.048293509 -0.245425403 0.002238901 0.134930372 -0.009453904 0.990807533
1781254196.146619 2.573885918 -0.048600830 -0.247733489 0.002130817 0.135528266 -0.009681268 0.990723908
1781254196.179993 2.581097126 -0.049906287 -0.251169801 0.001573856 0.137096956 -0.009871843 0.990507245
1781254196.213367 2.587610245 -0.049285512 -0.254283458 0.002072401 0.140017167 -0.009980204 0.990096688
1781254196.246742 2.595112562 -0.049626675 -0.258320302 0.002029771 0.142387658 -0.010052275 0.989757895
1781254196.280115 2.602288723 -0.050110728 -0.262491196 0.002186377 0.145315170 -0.009925527 0.989333272
1781254196.313490 2.609636545 -0.050394882 -0.267192543 0.002054740 0.148695126 -0.010020364 0.988830209
1781254196.346864 2.616140366 -0.051431887 -0.272644639 0.002040730 0.152518257 -0.009961917 0.988248348
1781254196.380238 2.623314381 -0.052534617 -0.277704298 0.001560066 0.155087471 -0.010116182 0.987847686
1781254196.413611 2.630307674 -0.053366520 -0.282715142 0.001468036 0.158195570 -0.010610072 0.987349749
1781254196.446985 2.637962341 -0.054394048 -0.288266212 0.001344262 0.160743982 -0.010576444 0.986938596
1781254196.480359 2.644509315 -0.054702919 -0.293050885 0.001395177 0.163303614 -0.010744100 0.986516416
1781254196.513732 2.652408123 -0.054770667 -0.297587752 0.001545130 0.164674401 -0.010572392 0.986290157
1781254196.547106 2.659274101 -0.054744717 -0.303181112 0.002060766 0.166623816 -0.010770649 0.985959589
1781254196.580480 2.666108847 -0.056143582 -0.308358371 0.001447988 0.167803884 -0.010897240 0.985759139
1781254196.613853 2.672579288 -0.055404950 -0.312194258 0.001725858 0.169323280 -0.011257290 0.985494792
1781254196.647227 2.678437710 -0.056409471 -0.317836046 0.001642465 0.171143427 -0.011277735 0.985180199
1781254196.680600 2.684571266 -0.057429276 -0.323601753 0.001454546 0.172238693 -0.011563295 0.984986305
1781254196.713974 2.690297365 -0.057714269 -0.329193950 0.001362721 0.173396111 -0.011810656 0.984780431
1781254196.747347 2.695370674 -0.057420433 -0.333538353 0.001864641 0.174749449 -0.011805685 0.984540403
1781254196.780720 2.700340271 -0.058239784 -0.339370728 0.001507315 0.175739646 -0.012043797 0.984361887
1781254196.814094 2.706046581 -0.060087524 -0.346050024 0.001109584 0.176102743 -0.011613719 0.984302700
1781254196.847467 2.710624933 -0.061406452 -0.352325678 0.000611486 0.176549435 -0.011882628 0.984219849
1781254196.880840 2.715965509 -0.060760401 -0.357893169 0.001144626 0.176799059 -0.011812417 0.984175444
1781254196.914213 2.720666409 -0.058650382 -0.361965060 0.002143543 0.176851943 -0.011101866 0.984172523
1781254196.947587 2.724837065 -0.059100337 -0.368403435 0.002129506 0.176759914 -0.011362866 0.984186172
1781254196.980960 2.728369474 -0.060046539 -0.374660045 0.001857561 0.177112520 -0.011164008 0.984125555
1781254197.014334 2.730459213 -0.061308362 -0.381346643 0.001657630 0.176858217 -0.010978092 0.984173775
1781254197.047707 2.731614828 -0.060999442 -0.386161596 0.001642669 0.177245006 -0.011213413 0.984101534
1781254197.081080 2.735324383 -0.062691316 -0.394209146 0.001397959 0.175877362 -0.011198074 0.984347463
1781254197.114453 2.738443375 -0.062748849 -0.400544405 0.001494043 0.174498782 -0.010852333 0.984596491
1781254197.147826 2.740411997 -0.063822329 -0.407761812 0.001330494 0.173306555 -0.010553971 0.984810531
1781254197.181199 2.743012190 -0.064277694 -0.414513648 0.001404763 0.171932936 -0.010559307 0.985051095
1781254197.214578 2.744454622 -0.064591758 -0.421141654 0.001642807 0.170161068 -0.010345398 0.985360563
1781254197.247957 2.745985746 -0.063114353 -0.426459461 0.002208652 0.167331174 -0.010524412 0.985842109
1781254197.281336 2.747697830 -0.065853804 -0.433907956 0.001406709 0.164293304 -0.009893435 0.986360967
1781254197.314716 2.749991417 -0.064524107 -0.439473808 0.002117086 0.161318585 -0.009877979 0.986850739
1781254197.348095 2.751049519 -0.065960966 -0.446214736 0.001871497 0.158320159 -0.009813036 0.987337351
1781254197.381474 2.754524469 -0.065609120 -0.452955991 0.002217021 0.153026506 -0.009418364 0.988174796
1781254197.414853 2.755623102 -0.065801583 -0.458882034 0.002136061 0.149430960 -0.009065461 0.988728285
1781254197.448232 2.759261608 -0.066480540 -0.466744125 0.002830641 0.144407675 -0.008441451 0.989478230
1781254197.481611 2.760959625 -0.067791820 -0.473307699 0.002047696 0.139022604 -0.008207165 0.990253150
1781254197.514991 2.761456013 -0.068086214 -0.479240358 0.001835409 0.135173738 -0.008051663 0.990787506
1781254197.548370 2.762592793 -0.068039909 -0.484245986 0.002157610 0.131514460 -0.007872173 0.991280675
1781254197.581749 2.763494492 -0.069167107 -0.490590483 0.001661113 0.127898261 -0.007887684 0.991754591
1781254197.615129 2.766960144 -0.069127239 -0.496740818 0.001687784 0.122998148 -0.007339059 0.992378354
1781254197.648508 2.767938375 -0.070530109 -0.503948748 0.001240625 0.119403094 -0.007186891 0.992819130
1781254197.681887 2.769816637 -0.071174093 -0.510511518 0.001318466 0.116569094 -0.006901166 0.993157744
1781254197.715268 2.771737576 -0.071294911 -0.516819596 0.001145324 0.112469964 -0.006674125 0.993632078
1781254197.748647 2.772448540 -0.071598142 -0.524013758 0.001295408 0.108833663 -0.006694522 0.994036615
1781254197.782027 2.774663448 -0.070770994 -0.529628515 0.001812216 0.104877397 -0.006503643 0.994462311
1781254197.815406 2.776401520 -0.071339712 -0.536820948 0.001687351 0.101204932 -0.006039864 0.994845867
1781254197.848786 2.777479649 -0.072888352 -0.544531167 0.001253517 0.098220892 -0.005729389 0.995147407
1781254197.882165 2.779509068 -0.073974378 -0.550366580 0.000851550 0.094695307 -0.005854907 0.995488763
1781254197.915545 2.782345772 -0.072736979 -0.556876719 0.001205671 0.090949535 -0.005615925 0.995839000
1781254197.948925 2.783460617 -0.073510103 -0.564593196 0.000994491 0.088247746 -0.005707749 0.996081769
1781254197.982304 2.785253286 -0.073883042 -0.572894335 0.001222909 0.085558206 -0.005353686 0.996318042
1781254198.015684 2.785839558 -0.075288869 -0.581360817 0.000498441 0.082471624 -0.005022093 0.996580660
1781254198.049063 2.787294388 -0.076010779 -0.590257764 0.000293417 0.080085255 -0.005078250 0.996775091
1781254198.082443 2.788656473 -0.076743670 -0.598977029 0.000407952 0.079263307 -0.004735369 0.996842444
1781254198.115823 2.790212870 -0.076451004 -0.607060790 0.000480700 0.077436134 -0.004800941 0.996985674
1781254198.149203 2.793296337 -0.074158885 -0.617673337 0.001444006 0.074355491 -0.004120493 0.997222245
1781254198.182583 2.794648886 -0.074362434 -0.626304686 0.001310053 0.072889239 -0.004003961 0.997331202
1781254198.215966 2.795857668 -0.075546347 -0.635940135 0.001330087 0.072137378 -0.004225006 0.997384906
1781254198.249351 2.796704054 -0.077081904 -0.645746112 0.000769497 0.070929676 -0.003965013 0.997473180
1781254198.282735 2.797377110 -0.077089995 -0.655882716 0.000938113 0.070111915 -0.003854452 0.997531295
1781254198.316119 2.798452854 -0.079492286 -0.665353477 0.000322480 0.069257431 -0.003891496 0.997591257
1781254198.349504 2.799653292 -0.080742814 -0.674938798 0.000352011 0.069207728 -0.003868117 0.997594714
1781254198.382888 2.800252199 -0.082561217 -0.685550630 -0.000322542 0.069208816 -0.003912468 0.997594535
1781254198.416274 2.800706625 -0.081774168 -0.695048690 -0.000180684 0.068618059 -0.004193047 0.997634172
1781254198.449658 2.802758694 -0.082832254 -0.705546439 -0.000448053 0.068382144 -0.003731568 0.997652173
1781254198.483043 2.803888559 -0.082816616 -0.716267109 -0.000281594 0.067943633 -0.003962785 0.997681260
1781254198.516427 2.802523613 -0.084815502 -0.727816343 -0.000749985 0.069247596 -0.003792111 0.997592092
1781254198.549812 2.802874327 -0.085550152 -0.739134252 -0.000665788 0.070021711 -0.003993900 0.997537255
1781254198.583196 2.803874016 -0.085440017 -0.750055194 -0.000275055 0.070146568 -0.003938169 0.997528911
1781254198.616581 2.804446936 -0.086470574 -0.759745479 -0.000742629 0.069169089 -0.004377852 0.997595131
1781254198.649966 2.804857254 -0.086767070 -0.769994676 -0.000509938 0.069885336 -0.004207460 0.997546077
1781254198.716735 2.806530476 -0.086872138 -0.789437294 0.000029333 0.071193159 -0.004216465 0.997453630
1781254198.750120 2.806560755 -0.089931615 -0.801171601 -0.000732111 0.071536444 -0.004145585 0.997429132
1781254198.783505 2.808842897 -0.088753924 -0.812463760 -0.000287069 0.071407571 -0.003890032 0.997439623
1781254198.816890 2.810201883 -0.089243837 -0.822360158 -0.000175111 0.071926296 -0.003824554 0.997402668
1781254198.850274 2.810812473 -0.089998245 -0.832733214 -0.000237944 0.072507426 -0.003943997 0.997360110
1781254198.883659 2.811086178 -0.090985745 -0.842235923 -0.000112147 0.073447011 -0.004157301 0.997290492
1781254198.917044 2.812765121 -0.090331919 -0.851666629 0.000119623 0.072840385 -0.004338299 0.997334182
1781254198.950429 2.811524391 -0.091833413 -0.861690462 -0.000092966 0.073245332 -0.004333351 0.997304559
1781254198.983814 2.812666655 -0.093609199 -0.870392025 -0.000536023 0.072733797 -0.003986219 0.997343361
1781254199.017200 2.814005613 -0.092467979 -0.879861355 -0.000416782 0.072376817 -0.004067327 0.997368991
1781254199.050585 2.813890934 -0.094311140 -0.888459623 -0.000526087 0.073373221 -0.004293497 0.997295260
1781254199.083970 2.814823151 -0.093784347 -0.896883786 -0.000096498 0.072937317 -0.004235658 0.997327566
1781254199.117356 2.815875292 -0.093507402 -0.903575540 0.000074252 0.071439624 -0.004407306 0.997435212
1781254199.150741 2.817700148 -0.094603136 -0.912237763 -0.000251935 0.069794357 -0.004358463 0.997551858
1781254199.184126 2.817715406 -0.095416367 -0.921058476 -0.000081082 0.069388464 -0.004505394 0.997579575
1781254199.217505 2.819930792 -0.095662430 -0.927586615 -0.000059769 0.067241058 -0.004306615 0.997727454
1781254199.250884 2.822214365 -0.097477868 -0.934754431 -0.000434926 0.065043807 -0.004375464 0.997872770
1781254199.284262 2.824386835 -0.097026564 -0.940987706 0.000032394 0.062496379 -0.004404432 0.998035550
1781254199.317641 2.828292370 -0.097653233 -0.947770894 0.000061176 0.058941092 -0.004329334 0.998252153
1781254199.351020 2.830294609 -0.097712606 -0.954025388 0.000119050 0.055353057 -0.004063352 0.998458564
1781254199.384399 2.833801746 -0.098340049 -0.960497975 0.000134064 0.051616825 -0.003934143 0.998659253
1781254199.417778 2.837999582 -0.097816527 -0.965618491 0.000446154 0.048031915 -0.003892432 0.998838186
1781254199.451157 2.843955994 -0.098916799 -0.971684694 0.000303941 0.044296805 -0.003479383 0.999012351
1781254199.484536 2.849394798 -0.099057414 -0.976389766 0.000503942 0.041857790 -0.003170468 0.999118507
1781254199.517915 2.853199482 -0.098999783 -0.981593609 0.000589507 0.039817750 -0.003608145 0.999200344
1781254199.551294 2.860091209 -0.099787667 -0.986030877 0.000245252 0.037445270 -0.003807500 0.999291420
1781254199.584674 2.865964651 -0.099491291 -0.990733027 0.000549980 0.036442958 -0.003870239 0.999328077
1781254199.618053 2.872519016 -0.101516388 -0.995697975 -0.000153749 0.036431171 -0.003706285 0.999329329
1781254199.651432 2.880234957 -0.101802871 -0.999857962 -0.000148306 0.037519928 -0.003943449 0.999288082
1781254199.684811 2.888534069 -0.101259805 -1.004187226 0.000218281 0.038613334 -0.004114695 0.999245703
1781254199.718190 2.895682335 -0.102781147 -1.009029269 -0.000109352 0.041060124 -0.004478977 0.999146640
1781254199.751570 2.902699232 -0.103235520 -1.012386680 -0.000137827 0.044889290 -0.004805844 0.998980403
1781254199.784949 2.912577629 -0.103802994 -1.016008019 -0.000077455 0.049128640 -0.005049327 0.998779774
1781254199.818329 2.919122219 -0.103456356 -1.018397331 0.000245224 0.053792447 -0.005403111 0.998537481
1781254199.851709 2.928318501 -0.104901500 -1.021458745 -0.000050962 0.057825424 -0.006079459 0.998308241
1781254199.885088 2.938115835 -0.106289700 -1.024168372 -0.000414377 0.063259706 -0.006148510 0.997978091
1781254199.918468 2.945784807 -0.106011905 -1.027307630 -0.000074994 0.069010794 -0.006206981 0.997596622
1781254199.951847 2.954253435 -0.108140126 -1.030059457 -0.000475494 0.073689297 -0.006200213 0.997261941
1781254199.985226 2.963685989 -0.106098965 -1.030780435 0.000256789 0.078314319 -0.006739605 0.996905923
1781254200.018606 2.973152399 -0.107630029 -1.031615138 0.000060759 0.083626918 -0.007009372 0.996472478
1781254200.051985 2.983222008 -0.108154021 -1.031579852 0.000053302 0.089316837 -0.007163561 0.995977581
1781254200.085365 2.988094330 -0.107414484 -1.030283213 0.000421872 0.094895519 -0.008148639 0.995453894
1781254200.118744 2.995496988 -0.106323808 -1.030802250 0.000804135 0.099407680 -0.008417720 0.995010912
1781254200.152124 3.004508734 -0.109268412 -1.030687213 -0.000125559 0.102919839 -0.008464758 0.994653642
1781254200.252262 3.027446270 -0.108012013 -1.029121637 0.000297834 0.114709571 -0.009047881 0.993357837
1781254200.285641 3.032383680 -0.106951997 -1.026558638 0.000487535 0.117379993 -0.009596988 0.993040621
1781254200.319021 3.041223049 -0.108292729 -1.025334954 -0.000017275 0.117952049 -0.009351758 0.992975295
1781254200.352400 3.047906876 -0.107395642 -1.022080183 0.000286323 0.119639508 -0.009507906 0.992771804
1781254200.385780 3.051425695 -0.108518802 -1.017642856 -0.000143489 0.121608146 -0.009661781 0.992531180
1781254200.419159 3.057681799 -0.108898789 -1.014446735 -0.000261632 0.121874109 -0.009355805 0.992501438
1781254200.452539 3.062713146 -0.108442076 -1.011485696 -0.000034971 0.121136807 -0.009390357 0.992591441
1781254200.485919 3.067682981 -0.109054208 -1.007303119 -0.000311279 0.119549148 -0.009080603 0.992786705
1781254200.519299 3.073092699 -0.107395947 -1.002211452 -0.000133920 0.117235795 -0.009052162 0.993062913
1781254200.552679 3.077777863 -0.106859140 -0.997878313 0.000104692 0.114907235 -0.009116123 0.993334413
1781254200.586058 3.082749605 -0.107489906 -0.992850780 -0.000199630 0.112253249 -0.008617972 0.993642330
1781254200.619438 3.086169958 -0.106696136 -0.987325728 -0.000211439 0.109359533 -0.008358206 0.993967175
1781254200.652818 3.087889671 -0.107472844 -0.982237339 -0.000549689 0.106485769 -0.008125853 0.994280934
1781254200.686198 3.093067169 -0.107059263 -0.977182686 -0.000735414 0.102396771 -0.007989791 0.994711280
1781254200.719577 3.094746113 -0.106756888 -0.972069204 -0.000442313 0.100257345 -0.007820969 0.994930685
1781254200.752957 3.099281788 -0.106258117 -0.965675175 -0.000571078 0.097586401 -0.007473021 0.995198905
1781254200.786337 3.101756096 -0.104777426 -0.960306346 -0.000230933 0.095719308 -0.007647282 0.995378971
1781254200.819717 3.106652737 -0.105295241 -0.954876006 -0.000611930 0.094360039 -0.007417675 0.995510340
1781254200.853097 3.109628201 -0.104662530 -0.948600054 -0.000517884 0.093694575 -0.007048368 0.995575905
1781254200.886477 3.113129616 -0.104002550 -0.941879749 -0.000563988 0.093112610 -0.007057021 0.995630443
1781254200.919857 3.116532087 -0.103230350 -0.935069382 -0.000636285 0.092987478 -0.007159370 0.995641410
1781254200.953237 3.119092226 -0.104007468 -0.928812981 -0.001061993 0.093358800 -0.006797533 0.995608747
1781254200.986617 3.123768806 -0.102357604 -0.921701670 -0.000703268 0.093355782 -0.007104756 0.995607257
1781254201.019997 3.125458241 -0.101774871 -0.914233565 -0.000772303 0.094150789 -0.007048036 0.995532751
1781254201.053377 3.129673004 -0.101300769 -0.907231927 -0.000617917 0.094454646 -0.007027270 0.995504200
1781254201.086758 3.133223295 -0.101351924 -0.899276435 -0.000774810 0.095097005 -0.006861316 0.995444059
1781254201.120138 3.136251688 -0.101413392 -0.890043914 -0.001221217 0.095212728 -0.006741010 0.995433390
1781254201.153518 3.138631821 -0.100186050 -0.881010056 -0.001085073 0.095697567 -0.007193109 0.995383918
1781254201.186898 3.143372774 -0.100434311 -0.871389329 -0.001377246 0.096647516 -0.007224634 0.995291471
1781254201.220276 3.147462845 -0.099246360 -0.862270415 -0.000830513 0.096998423 -0.007163818 0.995258451
1781254201.253652 3.151087523 -0.098858073 -0.852981627 -0.001277842 0.096886575 -0.007428682 0.995266914
1781254201.287028 3.155456543 -0.097436287 -0.843753636 -0.000657509 0.097517326 -0.007354092 0.995206475
1781254201.320404 3.158634186 -0.097889267 -0.835525751 -0.000927144 0.098137692 -0.007341868 0.995145380
1781254201.353780 3.162680626 -0.095967472 -0.827319741 -0.000257074 0.098316744 -0.007842944 0.995124280
1781254201.387156 3.165669441 -0.098421745 -0.819436133 -0.001391976 0.098919049 -0.007412784 0.995066941
1781254201.420532 3.169337749 -0.098244652 -0.810875833 -0.001531569 0.099557161 -0.007543986 0.995002091
1781254201.453909 3.174094200 -0.096183911 -0.803122401 -0.000865076 0.099645652 -0.007761069 0.994992375
1781254201.487285 3.176651478 -0.096408486 -0.795207143 -0.001112226 0.100259922 -0.007820618 0.994930029
1781254201.520661 3.180956602 -0.094808243 -0.787013948 -0.000870783 0.100295097 -0.007809765 0.994926691
1781254201.554037 3.185596228 -0.094159923 -0.779077947 -0.000620850 0.100488245 -0.007586257 0.994909167
1781254201.587413 3.189219236 -0.092288718 -0.770202518 -0.000167082 0.100255869 -0.007797650 0.994931161
1781254201.620789 3.193222523 -0.092937738 -0.761841714 -0.000494445 0.099967770 -0.007540071 0.994961977
1781254201.654165 3.195299625 -0.091760457 -0.753760397 -0.000360021 0.100906990 -0.008055807 0.994863212
1781254201.687541 3.201226234 -0.089957938 -0.745046377 0.000517094 0.101117022 -0.007545252 0.994845808
1781254201.720917 3.204528809 -0.090430997 -0.736835003 0.000370551 0.101248756 -0.007557644 0.994832397
1781254201.754293 3.208056688 -0.090338178 -0.728176117 -0.000231300 0.101085126 -0.007640086 0.994848430
1781254201.787669 3.212815523 -0.088984489 -0.719191372 0.000298104 0.101390071 -0.007620096 0.994817555
1781254201.821045 3.215924740 -0.087518819 -0.710221946 0.000941078 0.101770520 -0.008005262 0.994775236
1781254201.854420 3.220542192 -0.087182663 -0.701562285 0.000875122 0.101230189 -0.008014393 0.994830430
1781254201.887796 3.223327637 -0.087172113 -0.693447053 0.000852672 0.101795904 -0.007858554 0.994773984
1781254201.921173 3.227644682 -0.086742818 -0.685082436 0.000886239 0.101466976 -0.008045567 0.994805992
1781254201.954549 3.231413603 -0.086426914 -0.677473605 0.000861078 0.101238854 -0.007975016 0.994829893
1781254201.987925 3.235187531 -0.087150633 -0.670105457 0.000450834 0.100451127 -0.007931633 0.994910359
1781254202.021301 3.240082502 -0.084936112 -0.661872864 0.001042209 0.099203289 -0.008059427 0.995034039
1781254202.054677 3.246706486 -0.085473150 -0.653217912 0.000650993 0.097011916 -0.007579172 0.995254159
1781254202.088053 3.251342773 -0.084592365 -0.644744158 0.000755049 0.095575765 -0.007421862 0.995394230
1781254202.121428 3.255707741 -0.082548611 -0.637062788 0.001615476 0.094070084 -0.007319421 0.995537400
1781254202.154804 3.260215998 -0.083787642 -0.629168391 0.000904612 0.091334768 -0.007170930 0.995794058
1781254202.188180 3.264984846 -0.084396444 -0.620837986 0.000332284 0.087696336 -0.006803326 0.996123970
1781254202.221562 3.268964291 -0.083213955 -0.613781691 0.000560641 0.084031932 -0.007095692 0.996437669
1781254202.254945 3.273625135 -0.082638964 -0.606485903 0.000421552 0.080117077 -0.007008299 0.996760726
1781254202.288327 3.278555632 -0.081917539 -0.600052059 0.000894409 0.076288573 -0.006743776 0.997062624
1781254202.321709 3.283666611 -0.081031159 -0.594003677 0.001255612 0.071457133 -0.006541925 0.997421443
1781254202.355092 3.289054155 -0.080381744 -0.587670922 0.001165420 0.066644222 -0.006592278 0.997754395
1781254202.388475 3.294196129 -0.081316739 -0.582340777 0.000507450 0.062791593 -0.006605428 0.998004735
1781254202.421857 3.299874544 -0.080485530 -0.577600121 0.000683330 0.058899913 -0.006425101 0.998243034
1781254202.455240 3.305832624 -0.080398105 -0.573126912 0.000676315 0.054761134 -0.006046430 0.998480976
1781254202.522006 3.318848372 -0.081304014 -0.565108478 0.000091157 0.048361022 -0.005579307 0.998814344
1781254202.555389 3.324136734 -0.081331640 -0.561136901 0.000109617 0.046469793 -0.005493993 0.998904645
1781254202.588772 3.331103086 -0.081995651 -0.557603717 -0.000329576 0.044106621 -0.005146515 0.999013543
1781254202.622155 3.337041140 -0.078979112 -0.553901196 0.000993822 0.042596035 -0.005110873 0.999078810
1781254202.655539 3.343767166 -0.078736484 -0.550759971 0.001118788 0.041707922 -0.004884221 0.999117315
1781254202.688922 3.349586725 -0.078669816 -0.548426032 0.001015116 0.041474886 -0.004901515 0.999127030
1781254202.722305 3.354963303 -0.078573853 -0.545632243 0.001135557 0.042186007 -0.004932062 0.999096930
1781254202.755688 3.360125780 -0.078703888 -0.543621063 0.000731167 0.042986475 -0.005600680 0.999059737
1781254202.789071 3.364627600 -0.077802114 -0.540945113 0.001149670 0.044469003 -0.005796742 0.998993337
1781254202.822455 3.370882511 -0.077844158 -0.539485693 0.001170413 0.045356493 -0.006009531 0.998952150
1781254202.855838 3.375725031 -0.078537248 -0.537408948 0.000854601 0.046999749 -0.005820976 0.998877585
1781254202.889221 3.381604910 -0.078543968 -0.535681605 0.000980236 0.048007291 -0.005338777 0.998832285
1781254202.922605 3.387631893 -0.078438453 -0.534235835 0.001203862 0.049583331 -0.005517372 0.998754084
1781254202.955988 3.393882036 -0.079137355 -0.532363236 0.000974516 0.051660959 -0.005519960 0.998649001
1781254202.989372 3.399337530 -0.079649612 -0.530975163 0.000687326 0.053541563 -0.005633182 0.998549521
1781254203.022756 3.404526234 -0.080077127 -0.529731035 0.000460174 0.055517085 -0.005801404 0.998440802
1781254203.056139 3.411779165 -0.078720212 -0.527609408 0.000975633 0.057099883 -0.006095237 0.998349428
1781254203.089523 3.418440580 -0.079581037 -0.526602864 0.000758197 0.059633855 -0.006257165 0.998200417
1781254203.122907 3.426063776 -0.078664497 -0.525600791 0.001248867 0.062149789 -0.006448321 0.998045206
1781254203.156291 3.432114363 -0.078815758 -0.525070250 0.001441078 0.066039540 -0.006565489 0.997794390
1781254203.189674 3.439882517 -0.079471029 -0.524909139 0.001230693 0.068986848 -0.006779680 0.997593760
1781254203.223055 3.446756840 -0.080096848 -0.524093568 0.001024227 0.073160835 -0.007245451 0.997293353
1781254203.256437 3.455113411 -0.080566369 -0.523643970 0.001151127 0.076648600 -0.007239976 0.997031271
1781254203.289818 3.463181734 -0.079091191 -0.523450077 0.001858045 0.079816818 -0.007604755 0.996778846
1781254203.323200 3.470214844 -0.079181150 -0.522372186 0.002022110 0.084092416 -0.007849524 0.996425033
1781254203.356581 3.478663921 -0.079434283 -0.521943271 0.002071765 0.087579392 -0.007744216 0.996125340
1781254203.389962 3.485854149 -0.078453369 -0.521733463 0.002641026 0.092252702 -0.008766543 0.995693564
1781254203.423343 3.494136810 -0.078735463 -0.521606028 0.002489609 0.096612029 -0.008944485 0.995278835
1781254203.456724 3.503810167 -0.078288190 -0.521890044 0.003065769 0.101595968 -0.008834626 0.994781852
1781254203.490106 3.508916140 -0.078215137 -0.523076475 0.003199857 0.108018585 -0.010028571 0.994093180
1781254203.523487 3.516578436 -0.078645945 -0.525532782 0.003168372 0.113592722 -0.010358395 0.993468344
1781254203.556868 3.523921490 -0.079758041 -0.526943326 0.002693088 0.119498029 -0.010459766 0.992775738
1781254203.590250 3.530405283 -0.079511017 -0.529649913 0.003125703 0.125421017 -0.010913661 0.992038667
1781254203.623631 3.537242413 -0.080447644 -0.532519281 0.002959369 0.131575033 -0.011360918 0.991236746
1781254203.657012 3.542418480 -0.080278561 -0.535991967 0.003447524 0.138681471 -0.011905435 0.990259469
1781254203.690394 3.549504042 -0.080116600 -0.538876891 0.003511389 0.144373745 -0.012233319 0.989441395
1781254203.723775 3.553561211 -0.080032036 -0.543298244 0.003714937 0.150366619 -0.012501385 0.988544285
1781254203.757157 3.559348822 -0.081989452 -0.549236000 0.003265500 0.155870512 -0.012180871 0.987697005
1781254203.790538 3.563398361 -0.083321169 -0.554203510 0.002561288 0.161162972 -0.012179554 0.986849368
1781254203.823920 3.568076849 -0.082904860 -0.558783233 0.003065061 0.166356117 -0.012341556 0.985983789
1781254203.857301 3.571364641 -0.083726674 -0.563288569 0.002863836 0.170637786 -0.012515108 0.985250235
1781254203.890683 3.575445890 -0.084633484 -0.568453670 0.002700321 0.173838630 -0.012874213 0.984686375
1781254203.924064 3.580015421 -0.084348388 -0.573598504 0.003022268 0.175545514 -0.012874185 0.984382570
1781254203.957446 3.583478451 -0.084855273 -0.578714967 0.003015309 0.177424908 -0.013014426 0.984043658
1781254203.990828 3.587757826 -0.085291579 -0.584316790 0.003025810 0.178404853 -0.012796312 0.983869374
1781254204.024210 3.589768171 -0.085846357 -0.589400053 0.002657128 0.179492831 -0.012742762 0.983673155
1781254204.057592 3.592376947 -0.086333074 -0.595073342 0.002733456 0.180100873 -0.012629480 0.983563304
1781254204.090974 3.595752954 -0.086677000 -0.600467205 0.002744749 0.180227846 -0.012519307 0.983541369
1781254204.124356 3.598286390 -0.088275604 -0.607285261 0.002181901 0.180217415 -0.012357953 0.983546734
1781254204.157737 3.601428986 -0.089472711 -0.614200830 0.001949238 0.179790124 -0.012214686 0.983627260
1781254204.191119 3.604191065 -0.088387966 -0.620711088 0.002554397 0.179813653 -0.012444329 0.983618677
1781254204.224499 3.606251955 -0.089929730 -0.628218830 0.002130296 0.180460542 -0.012118827 0.983505309
1781254204.257879 3.608627796 -0.090307117 -0.635611534 0.002312672 0.181130096 -0.011987000 0.983383417
1781254204.291259 3.610972643 -0.090202913 -0.642902672 0.002420464 0.180949792 -0.012139453 0.983414471
1781254204.324639 3.613857031 -0.091017522 -0.651759386 0.002255787 0.181589603 -0.011897950 0.983299911
1781254204.358019 3.616663694 -0.091895580 -0.660654485 0.002143522 0.182786420 -0.011763884 0.983080029
1781254204.391399 3.617745638 -0.092947669 -0.669846714 0.002033130 0.185167298 -0.011763482 0.982634544
1781254204.424779 3.618959904 -0.094780952 -0.679913402 0.001393126 0.187385932 -0.012017758 0.982211888
1781254204.458159 3.619114399 -0.094139040 -0.689481735 0.001940493 0.190261334 -0.012103472 0.981656969
1781254204.491539 3.620785713 -0.094009042 -0.699583292 0.002352463 0.192556217 -0.011981850 0.981209993
1781254204.524920 3.621735811 -0.093439169 -0.709917665 0.002878387 0.194809482 -0.012145779 0.980761766
1781254204.558300 3.622870922 -0.094557650 -0.720238090 0.002563113 0.196987092 -0.011836309 0.980331302
1781254204.591680 3.623214960 -0.096082829 -0.730597556 0.002631765 0.198769599 -0.011961296 0.979969800
1781254204.625060 3.624059200 -0.097587101 -0.741098106 0.002222735 0.200184882 -0.011649190 0.979686439
1781254204.658440 3.625380039 -0.098409258 -0.751932919 0.002352423 0.201961279 -0.011779135 0.979319870
1781254204.691820 3.625802279 -0.098954894 -0.761584938 0.002426628 0.203779951 -0.011894088 0.978941500
1781254204.725202 3.626471519 -0.099728972 -0.772082210 0.002239466 0.205025956 -0.011770692 0.978683233
1781254204.758582 3.626569033 -0.100089908 -0.781967700 0.002652697 0.206495225 -0.012163503 0.978368461
1781254204.791962 3.627665758 -0.101346642 -0.791006029 0.002205576 0.207483888 -0.012053614 0.978161752
1781254204.825343 3.627461672 -0.100773737 -0.802995741 0.002913031 0.209115624 -0.012407441 0.977807879
1781254204.858723 3.628338099 -0.102913633 -0.813365221 0.002429956 0.210558489 -0.012330295 0.977500498
1781254204.892103 3.628657818 -0.102574281 -0.823250711 0.002909093 0.212349772 -0.012443727 0.977110207
1781254204.925484 3.629211426 -0.103492253 -0.831402957 0.002689964 0.213491037 -0.012371833 0.976863027
1781254204.958864 3.629815340 -0.103695698 -0.840914011 0.002888430 0.214715913 -0.012490941 0.976592422
1781254204.992245 3.630675316 -0.105375774 -0.851100028 0.002530981 0.216186956 -0.012342386 0.976270735
1781254205.025625 3.632085085 -0.105022669 -0.860028148 0.002946611 0.217586800 -0.012375930 0.975958109
1781254205.059006 3.631863117 -0.106195241 -0.869025826 0.002510882 0.219168514 -0.012363268 0.975605488
1781254205.092386 3.632708073 -0.105242297 -0.877177536 0.003246614 0.220104054 -0.012115492 0.975395799
1781254205.125767 3.632736206 -0.106956802 -0.885474622 0.002718813 0.220992714 -0.012068152 0.975197017
1781254205.159148 3.635029793 -0.107935362 -0.894844353 0.002527372 0.221329853 -0.012012008 0.975121737
1781254205.192528 3.634939671 -0.108226731 -0.904593706 0.002731801 0.222711056 -0.011883982 0.974808276
1781254205.225905 3.635233641 -0.108358830 -0.913771868 0.002919636 0.224328846 -0.011935210 0.974436045
1781254205.259282 3.636074543 -0.108496919 -0.922639728 0.003027259 0.225142211 -0.012096811 0.974246144
1781254205.292659 3.637194157 -0.109066539 -0.931737244 0.002909214 0.225589260 -0.012145337 0.974142492
1781254205.326036 3.637490034 -0.109549902 -0.941041708 0.002971435 0.226487994 -0.011969772 0.973935962
1781254205.359413 3.637991667 -0.110630751 -0.951541305 0.002743691 0.227023676 -0.012119460 0.973810017
1781254205.392790 3.637874126 -0.111468464 -0.960124731 0.003147047 0.228965282 -0.012453744 0.973349869
1781254205.426167 3.639938831 -0.111911409 -0.968778610 0.003082188 0.228319213 -0.012238925 0.973504543
1781254205.459544 3.639695406 -0.111145347 -0.976902902 0.003277614 0.227930084 -0.012167166 0.973595977
1781254205.492921 3.640642881 -0.114144303 -0.985555112 0.002437936 0.227854922 -0.012152204 0.973616242
1781254205.526298 3.637803078 -0.114070304 -0.996062338 0.002594695 0.229669735 -0.012771294 0.973181367
1781254205.559675 3.638712883 -0.114821613 -1.005017281 0.002415304 0.229960114 -0.012491119 0.973116934
1781254205.593052 3.639546394 -0.116925187 -1.014734745 0.001892655 0.229956731 -0.012501834 0.973118722
1781254205.626428 3.639303446 -0.115725093 -1.021786690 0.002496048 0.230883434 -0.012954419 0.972891986
1781254205.659805 3.639359236 -0.115973875 -1.030798793 0.002579549 0.231304482 -0.012983752 0.972791374
1781254205.693182 3.640028715 -0.117773496 -1.041408658 0.002324929 0.231178939 -0.012668106 0.972826004
1781254205.726559 3.641237736 -0.120153122 -1.052520633 0.001798356 0.230897948 -0.012603723 0.972894728
1781254205.759936 3.641682863 -0.119778089 -1.061808228 0.002011714 0.231331274 -0.012622893 0.972791076
1781254205.793312 3.641510725 -0.120591104 -1.072610974 0.002122986 0.231658414 -0.012619565 0.972713053
1781254205.826689 3.642208099 -0.121391878 -1.083222747 0.001875723 0.230808273 -0.012751938 0.972913921
1781254205.860066 3.641913414 -0.121750496 -1.093637705 0.001811960 0.231258318 -0.012728777 0.972807467
1781254205.893442 3.642827272 -0.122615747 -1.104997158 0.002055222 0.230900005 -0.012675005 0.972892761
1781254205.926819 3.644096613 -0.123689055 -1.115943432 0.001683664 0.229213238 -0.012976495 0.973288298
1781254205.960196 3.642385006 -0.123366043 -1.126388192 0.001816318 0.229005218 -0.013147070 0.973334730
1781254205.993572 3.643797636 -0.125469178 -1.138830900 0.001784393 0.229913071 -0.013048640 0.973122120
1781254206.026949 3.643173933 -0.125229150 -1.149755955 0.001866844 0.230196074 -0.013086131 0.973054528
1781254206.060325 3.643516302 -0.127211958 -1.160472512 0.001391656 0.229718268 -0.012916001 0.973170519
1781254206.093702 3.643999100 -0.125671268 -1.170781493 0.002136331 0.229122236 -0.012992259 0.973308623
1781254206.127080 3.644464493 -0.127059653 -1.182031870 0.001508227 0.228911594 -0.013020983 0.973358929
1781254206.160456 3.644855022 -0.126773909 -1.193406701 0.001985178 0.229435831 -0.012959555 0.973235548
1781254206.193833 3.644688606 -0.127738714 -1.202677250 0.001823402 0.230172232 -0.012966421 0.973061860
1781254206.227211 3.645427227 -0.129191190 -1.214379072 0.001512874 0.230451152 -0.012964816 0.972996414
1781254206.260589 3.644909620 -0.128782392 -1.224242210 0.001967586 0.231511548 -0.012792886 0.972746074
1781254206.293967 3.644686222 -0.131500870 -1.235408783 0.001274252 0.231880397 -0.013051986 0.972655952
1781254206.327345 3.644345284 -0.132938147 -1.245730281 0.000892578 0.233370021 -0.012991845 0.972300828
1781254206.360723 3.642683744 -0.132956460 -1.256292820 0.001378856 0.234981984 -0.013112590 0.971910357
1781254206.394101 3.643584967 -0.134916097 -1.266571999 0.000978677 0.234265909 -0.013293410 0.972081244
1781254206.427479 3.644152164 -0.136484414 -1.277555108 0.000462967 0.234671369 -0.013405631 0.971982300
1781254206.460857 3.644386053 -0.134574994 -1.285412550 0.001707021 0.236859962 -0.013755997 0.971444905
1781254206.494235 3.646151781 -0.138938725 -1.295436263 0.000530622 0.237590089 -0.013563942 0.971270680
1781254206.527613 3.644937754 -0.141815946 -1.309183955 0.000030737 0.238425523 -0.013353618 0.971068978
1781254206.560991 3.645245075 -0.140141979 -1.315290093 0.000557957 0.239074305 -0.013706944 0.970904410
1781254206.594369 3.646150827 -0.140503660 -1.320814133 0.000631114 0.240575075 -0.013756964 0.970532835
1781254206.627747 3.649625778 -0.138064951 -1.326450109 0.001331904 0.241467640 -0.013986103 0.970307231
1781254206.661125 3.653029680 -0.140641749 -1.332845449 0.000857818 0.242498413 -0.014257956 0.970046699
1781254206.694503 3.655668020 -0.141837120 -1.338129997 0.000898938 0.244259909 -0.014559381 0.969600081
1781254206.727881 3.660843611 -0.143075332 -1.343724370 0.000481708 0.245472103 -0.014850481 0.969289780
1781254206.761259 3.665302277 -0.143870175 -1.348491430 0.000634826 0.247865543 -0.014861751 0.968680263
1781254206.794637 3.669926882 -0.144033358 -1.351625562 0.000574964 0.250243962 -0.015220211 0.968063056
1781254206.828016 3.676209450 -0.144061834 -1.354909182 0.000682183 0.252872050 -0.015474242 0.967375755
1781254206.861394 3.682972908 -0.144436151 -1.357888818 0.000793571 0.255797803 -0.015848972 0.966600060
1781254206.894772 3.689362526 -0.144919723 -1.360604048 0.000736057 0.258451462 -0.016064949 0.965890408
1781254206.928150 3.697272301 -0.146751747 -1.363750100 0.000366203 0.261105865 -0.016262095 0.965173125
1781254206.961528 3.705972195 -0.145223781 -1.364854574 0.000734141 0.264222503 -0.016599681 0.964318693
1781254206.994906 3.713899136 -0.146380335 -1.364894748 0.000751647 0.267292261 -0.016741013 0.963469863
1781254207.028284 3.723492622 -0.144781902 -1.365261555 0.001206926 0.268801063 -0.017006738 0.963044822
1781254207.061662 3.731412411 -0.146117389 -1.364734173 0.000798942 0.270443499 -0.017189654 0.962582111
1781254207.095040 3.741342545 -0.144746855 -1.362482071 0.000993825 0.270771831 -0.017139159 0.962490439
1781254207.128418 3.751987219 -0.145359576 -1.362953067 0.000910659 0.269261718 -0.017073553 0.962915301
1781254207.161796 3.762966633 -0.146678388 -1.361583352 0.000262429 0.267730564 -0.016883073 0.963345885
1781254207.195174 3.774334908 -0.145831272 -1.361077547 0.000739685 0.265334755 -0.016596556 0.964013278
1781254207.228552 3.786828041 -0.146764725 -1.359943151 0.000348410 0.261435598 -0.016025690 0.965087831
1781254207.261929 3.799424171 -0.145192236 -1.356685281 0.000875853 0.257197618 -0.015565978 0.966233075
1781254207.295306 3.809339762 -0.144321278 -1.352824926 0.000902793 0.253657103 -0.015524655 0.967169225
1781254207.328683 3.820473194 -0.145015955 -1.349351287 0.000743897 0.250321001 -0.014660735 0.968051672
1781254207.362061 3.829702854 -0.144362539 -1.343810678 0.000611129 0.247894689 -0.014574680 0.968677163
1781254207.395438 3.839699507 -0.142701030 -1.338344336 0.000962917 0.245225221 -0.014380600 0.969358981
1781254207.428815 3.847726107 -0.142789111 -1.332513213 0.000732289 0.243268669 -0.014403937 0.969851732
1781254207.462192 3.856700897 -0.140847981 -1.327347517 0.001208975 0.241146311 -0.014203658 0.970384121
1781254207.495569 3.863620043 -0.140623316 -1.319635034 0.001016466 0.240867406 -0.013855336 0.970458627
1781254207.528948 3.872443676 -0.139871940 -1.313439012 0.000987708 0.240177855 -0.013631829 0.970632732
1781254207.562325 3.879096270 -0.140374795 -1.305827379 0.000561386 0.240555346 -0.013590747 0.970540166
1781254207.595702 3.886527061 -0.141440809 -1.299316406 -0.000163026 0.240475595 -0.013981994 0.970554531
1781254207.629079 3.892079353 -0.136007413 -1.288708925 0.001451987 0.241926849 -0.014002777 0.970192432
1781254207.662456 3.901031017 -0.142142206 -1.283264399 -0.000892607 0.240826294 -0.013718644 0.970470905
1781254207.695833 3.904508352 -0.136216626 -1.271572232 0.000684248 0.243167728 -0.013752118 0.969886601
1781254207.729210 3.910884380 -0.138546780 -1.263559341 -0.000184282 0.243406624 -0.013903818 0.969824731
1781254207.762587 3.916224003 -0.135701686 -1.254744649 0.000455889 0.243726343 -0.013902478 0.969744325
1781254207.795965 3.923219204 -0.138510287 -1.247527122 -0.000432366 0.242980599 -0.013475875 0.969937503
1781254207.829342 3.926142931 -0.135210648 -1.236239791 0.000316590 0.243881628 -0.014042096 0.969703376
1781254207.862719 3.931854010 -0.132631257 -1.226712108 0.000987443 0.244117260 -0.013976992 0.969644547
1781254207.896096 3.940331697 -0.136592790 -1.221848965 -0.000346642 0.242555112 -0.013252341 0.970047057
1781254207.929473 3.943299055 -0.133077368 -1.210103869 0.000726770 0.243479475 -0.013534921 0.969811380
1781254207.962850 3.950268745 -0.133727238 -1.203214645 0.000496102 0.242214829 -0.013485130 0.970128834
1781254207.996227 3.954662561 -0.133652702 -1.191272259 -0.000064038 0.243052751 -0.013983434 0.969912350
1781254208.029604 3.960608244 -0.132730126 -1.181280732 0.000359417 0.242975876 -0.013740997 0.969934940
1781254208.062981 3.964437962 -0.132624388 -1.171597719 0.000065798 0.243545577 -0.014068066 0.969787478
1781254208.096358 3.972816467 -0.130862504 -1.164993167 0.000829835 0.242905304 -0.013701995 0.969952941
1781254208.129735 3.978026152 -0.131254986 -1.154014111 0.000688810 0.244128779 -0.013580948 0.969647527
1781254208.163112 3.982378483 -0.127091169 -1.141937733 0.002007171 0.245893270 -0.013742689 0.969197452
1781254208.196489 3.988355637 -0.127675936 -1.132941723 0.001694373 0.245939344 -0.013578962 0.969188631
1781254208.229866 3.996037483 -0.127544180 -1.123313069 0.001799599 0.246412471 -0.013541418 0.969068825
1781254208.263242 3.999894381 -0.127017051 -1.112707853 0.002087220 0.248213559 -0.013508595 0.968608916
1781254208.296618 4.003947258 -0.126417398 -1.099488139 0.001731369 0.250053644 -0.014179210 0.968126655
1781254208.329994 4.011054993 -0.124968067 -1.089329600 0.002296505 0.251026362 -0.014110602 0.967874706
1781254208.363370 4.018243790 -0.123231530 -1.078904033 0.003066173 0.252220243 -0.013772994 0.967567027
1781254208.396746 4.022091866 -0.126627326 -1.064424038 0.001473496 0.254696876 -0.013379138 0.966927290
1781254208.430123 4.027863979 -0.126618341 -1.054709315 0.001143775 0.254921645 -0.013749827 0.966863275
1781254208.463499 4.032993793 -0.125970736 -1.041930437 0.001417748 0.257439613 -0.013517419 0.966198862
1781254208.496875 4.037856102 -0.124393642 -1.030602217 0.002048220 0.259139478 -0.013827831 0.965738773
1781254208.530251 4.044184208 -0.123711124 -1.019787312 0.001787640 0.259524167 -0.013849167 0.965635717
1781254208.563626 4.050178528 -0.123799384 -1.009166360 0.001826293 0.261382699 -0.013611945 0.965137601
1781254208.597002 4.056476593 -0.122736320 -0.999167204 0.002243870 0.261838675 -0.014045667 0.965006888
1781254208.630378 4.062024593 -0.123712420 -0.988299131 0.001362940 0.262693912 -0.013838082 0.964779079
1781254208.663754 4.068090916 -0.122394592 -0.977048814 0.001911605 0.264769614 -0.014014433 0.964208007
1781254208.697130 4.073732853 -0.121765964 -0.965974748 0.002149046 0.266195625 -0.014120162 0.963813305
1781254208.730506 4.079653263 -0.120721862 -0.955904424 0.002192649 0.266660064 -0.014041337 0.963685930
1781254208.763881 4.086280823 -0.119998544 -0.946311951 0.002473030 0.267560363 -0.014086940 0.963434994
1781254208.797257 4.093981743 -0.120140381 -0.937273145 0.002436670 0.268736213 -0.014009183 0.963108897
1781254208.830633 4.097692013 -0.118256524 -0.924486637 0.002577546 0.270060509 -0.014618371 0.962728918
1781254208.864009 4.104108810 -0.118699163 -0.914860070 0.002084492 0.270414889 -0.014483591 0.962632716
1781254208.897384 4.109357834 -0.116955012 -0.903181970 0.002427888 0.271920443 -0.014605367 0.962205827
1781254208.930761 4.116382599 -0.116112396 -0.893199623 0.002623955 0.272438169 -0.014839577 0.962055326
1781254208.964137 4.120559692 -0.116566628 -0.882770300 0.002433061 0.274137437 -0.014660302 0.961575747
1781254208.997512 4.127151012 -0.114103436 -0.872172952 0.002878633 0.273759514 -0.015273252 0.961672664
1781254209.030888 4.131281376 -0.114540070 -0.860446692 0.002470195 0.275193840 -0.015069022 0.961267531
1781254209.064264 4.135730267 -0.109811701 -0.848348141 0.004260345 0.276845664 -0.015519829 0.960779607
1781254209.097639 4.142328262 -0.114201635 -0.840132535 0.001963540 0.275825739 -0.015223210 0.961085081
1781254209.131015 4.147817612 -0.114288449 -0.830707848 0.001747195 0.276457667 -0.015084643 0.960906148
1781254209.164390 4.152859688 -0.113414831 -0.821172833 0.002084730 0.277326852 -0.015181056 0.960653484
1781254209.197766 4.158267021 -0.112326428 -0.812186599 0.002154520 0.277747929 -0.015303984 0.960529685
1781254209.231143 4.163713932 -0.112251878 -0.803195953 0.001893864 0.278545946 -0.015684722 0.960292995
1781254209.264519 4.168517590 -0.111796878 -0.795080662 0.001663014 0.278981537 -0.015722433 0.960166335
1781254209.297896 4.173653603 -0.111004598 -0.786629260 0.001958282 0.279566735 -0.015531332 0.959998667
1781254209.331272 4.177570820 -0.109489620 -0.778061867 0.002377616 0.280533165 -0.015697911 0.959713042
1781254209.364649 4.182391644 -0.108756676 -0.769847274 0.002287175 0.281178385 -0.015859066 0.959521830
1781254209.398025 4.186926365 -0.108920053 -0.761623740 0.002026702 0.283000171 -0.016123824 0.958982170
1781254209.431402 4.190622330 -0.109446354 -0.754295647 0.001773818 0.284509718 -0.016264036 0.958533525
1781254209.464778 4.194919109 -0.108801313 -0.748047352 0.001511899 0.284963608 -0.016432123 0.958396316
1781254209.498155 4.198773861 -0.107036412 -0.740254402 0.002176038 0.286882013 -0.016534699 0.957820833
1781254209.531531 4.202701092 -0.107163571 -0.735293388 0.002126843 0.288438916 -0.016576508 0.957352459
1781254209.564908 4.205973625 -0.107334465 -0.728056312 0.001939297 0.290468156 -0.016487982 0.956740677
1781254209.598284 4.208824635 -0.108342029 -0.722917616 0.001321926 0.292615891 -0.016541256 0.956086099
1781254209.631661 4.212425709 -0.108651981 -0.718124628 0.001245121 0.294932455 -0.016516138 0.955374539
1781254209.665037 4.215221882 -0.106691919 -0.712927461 0.001897908 0.298254728 -0.016786447 0.954336882
1781254209.698414 4.218202114 -0.106930457 -0.709802032 0.001625499 0.301696479 -0.017090812 0.953249454
1781254209.731790 4.219908237 -0.107641108 -0.703544855 0.001138772 0.306947619 -0.017148342 0.951571286
1781254209.765167 4.222952843 -0.106077179 -0.697856069 0.001965306 0.312398672 -0.017654529 0.949784994
1781254209.798543 4.223967552 -0.107548237 -0.694561243 0.000905119 0.318116397 -0.018131331 0.947877884
1781254209.831919 4.228033066 -0.107287958 -0.692186832 0.000939187 0.323509783 -0.018238151 0.946048617
1781254209.865295 4.230945587 -0.106414557 -0.685582399 0.001100694 0.331377864 -0.018718850 0.943311751
1781254209.898672 4.232696533 -0.107461877 -0.682866514 0.000844187 0.339238793 -0.019078838 0.940506458
1781254209.932048 4.234368324 -0.108712912 -0.677273512 0.000169698 0.348541796 -0.019535521 0.937089682
1781254209.965424 4.237309933 -0.104514666 -0.672898054 0.001892908 0.357762039 -0.020494783 0.933586001
1781254209.998800 4.234798908 -0.109175347 -0.664832473 -0.000538193 0.369112432 -0.020926271 0.929148972
1781254210.032176 4.235883713 -0.110178828 -0.660757840 -0.001212362 0.378436089 -0.021518962 0.925376475
1781254210.065552 4.238654613 -0.106490284 -0.657945633 0.000423087 0.387354195 -0.022068508 0.921666741
1781254210.098929 4.239465714 -0.107362203 -0.655499041 0.000196333 0.397491485 -0.022987712 0.917317867
1781254210.132305 4.241048336 -0.107667349 -0.653093338 0.000300426 0.407155365 -0.023189139 0.913064480
1781254210.165681 4.240917683 -0.106775992 -0.650565386 0.000566609 0.416462272 -0.023810823 0.908841014
1781254210.199057 4.241209984 -0.107743412 -0.650936127 0.000353487 0.424817979 -0.024255455 0.904953718
1781254210.232434 4.241553783 -0.109026209 -0.651547134 -0.000172537 0.432207227 -0.024709372 0.901435792
1781254210.265810 4.242367268 -0.105842762 -0.651332200 0.001220122 0.439029694 -0.025151964 0.898119688
1781254210.299187 4.241950035 -0.107229024 -0.650841355 0.000850282 0.445633501 -0.025569014 0.894849896
1781254210.332565 4.241881371 -0.106199831 -0.652674735 0.001341128 0.449831247 -0.025865877 0.892737985
1781254210.365942 4.240949154 -0.108391374 -0.653207123 0.000685020 0.453023642 -0.025762761 0.891125917
1781254210.399318 4.239298820 -0.108227544 -0.655541956 0.000642457 0.454986781 -0.026118279 0.890114903
1781254210.432695 4.239415169 -0.106001958 -0.658322990 0.001586406 0.455790132 -0.026496334 0.889691472
1781254210.466071 4.238848686 -0.105949059 -0.660136640 0.001570448 0.456513613 -0.026611956 0.889317036
1781254210.499448 4.237174511 -0.107677802 -0.661068916 0.001168487 0.458044112 -0.026386609 0.888536990
1781254210.532825 4.237686634 -0.108138725 -0.665238738 0.001061165 0.458895117 -0.026715726 0.888088107
1781254210.566201 4.235646248 -0.108125478 -0.666814983 0.001111500 0.461268991 -0.026983010 0.886849284
1781254210.599577 4.235224247 -0.107359231 -0.670262814 0.001632165 0.462802559 -0.027351663 0.886037886
1781254210.632954 4.235194206 -0.107172094 -0.672114015 0.001639147 0.465319872 -0.027998526 0.884698212
1781254210.666331 4.232903481 -0.109499231 -0.677332282 0.001222497 0.468417585 -0.027777001 0.883069634
1781254210.699707 4.231832981 -0.109255180 -0.681497276 0.001433093 0.472084582 -0.028178461 0.881101608
1781254210.733083 4.231291771 -0.109518528 -0.685938299 0.001606016 0.476646721 -0.028580224 0.878628790
1781254210.766460 4.229835987 -0.110457808 -0.690204322 0.001685990 0.482246220 -0.028922450 0.875556588
1781254210.799836 4.228501797 -0.110886782 -0.696698368 0.001867552 0.487932473 -0.029034661 0.872396350
1781254210.833213 4.227931976 -0.109553114 -0.702132761 0.002487799 0.494919419 -0.029864850 0.868422031
1781254210.866589 4.226740360 -0.112430885 -0.712948501 0.001861376 0.501508951 -0.030009594 0.864629865
1781254210.899966 4.224512577 -0.113143340 -0.717144370 0.001639559 0.510479748 -0.030979382 0.859330058
1781254210.933342 4.225656986 -0.112213306 -0.725762725 0.002546005 0.517679095 -0.031025236 0.855008423
1781254211.200353 4.218269825 -0.113926962 -0.798278928 0.005603650 0.571728706 -0.034982067 0.819677532
1781254211.267107 4.212388992 -0.118582636 -0.821307540 0.004791002 0.582221091 -0.036491182 0.812197030
1781254211.300483 4.213366508 -0.118325204 -0.834881544 0.005448082 0.585967243 -0.035658967 0.809531510
1781254211.333860 4.213535309 -0.117317230 -0.845065832 0.006236924 0.590669930 -0.035700414 0.806099057
1781254211.367237 4.213161945 -0.115156926 -0.851837516 0.007512715 0.596884966 -0.036368176 0.801467001
1781254211.400613 4.210403919 -0.120607436 -0.866104841 0.006099591 0.602243066 -0.037214577 0.797421634
1781254211.433990 4.205798149 -0.119495966 -0.870049477 0.006929329 0.610341430 -0.036954395 0.791245699
1781254211.467366 4.201247692 -0.119733281 -0.876010180 0.007134113 0.616741300 -0.036977373 0.786264539
1781254211.500743 4.201002121 -0.120180994 -0.888663530 0.007102939 0.620628655 -0.037934490 0.783154309
1781254211.534119 4.200726986 -0.121703774 -0.902048588 0.007284874 0.625328004 -0.038079794 0.779398441
1781254211.567496 4.199296951 -0.121829413 -0.911616564 0.007383590 0.630464435 -0.038288698 0.775238156
1781254211.600873 4.196392059 -0.120076843 -0.922005415 0.008259365 0.635388315 -0.038746797 0.771175802
1781254211.634249 4.197330952 -0.121079676 -0.934851885 0.008497672 0.639429688 -0.039266314 0.767799199
1781254211.667625 4.193355083 -0.123883143 -0.945075035 0.008040331 0.644686878 -0.038885076 0.763414860
1781254211.701002 4.192121983 -0.123878062 -0.956982613 0.008517909 0.649421215 -0.039051581 0.759377778
1781254211.734380 4.190396786 -0.124621846 -0.967199087 0.008470669 0.654363215 -0.039685808 0.755090833
1781254211.767756 4.187537193 -0.125329852 -0.978155851 0.008383256 0.658669233 -0.040041611 0.751319647
1781254211.801133 4.182164192 -0.125164002 -0.983724117 0.008544363 0.664980531 -0.039470281 0.745768130
1781254211.834509 4.183510780 -0.127449334 -1.000086546 0.008319767 0.668721735 -0.040252186 0.742375851
1781254211.867886 4.181008339 -0.126689687 -1.011088848 0.008627046 0.673455179 -0.040849667 0.738048196
1781254211.901262 4.175041199 -0.128305167 -1.015679836 0.008215128 0.680807590 -0.040580109 0.731291234
1781254211.934638 4.173494339 -0.127843410 -1.029821157 0.008576076 0.684868038 -0.040919200 0.727466762
1781254211.968015 4.167451859 -0.122504085 -1.032109022 0.009898909 0.690767825 -0.042048648 0.721785188
1781254212.001391 4.163444519 -0.123150781 -1.041844606 0.010131150 0.696397126 -0.042125307 0.716347635
1781254212.034767 4.159774780 -0.122214735 -1.052253485 0.010579905 0.702144861 -0.042520277 0.710684717
1781254212.068144 4.155542374 -0.123118140 -1.061688423 0.010663031 0.708234370 -0.042228904 0.704632640
1781254212.101520 4.153438091 -0.123818398 -1.078318596 0.010807670 0.711802661 -0.043161705 0.700968862
1781254212.134897 4.149982452 -0.122687459 -1.091208935 0.011097520 0.716242015 -0.044136472 0.696366489
1781254212.168273 4.146053791 -0.124697551 -1.102445126 0.010728575 0.721233249 -0.043750755 0.691226006
1781254212.201649 4.140507698 -0.126199409 -1.114536285 0.010286096 0.726562619 -0.043846276 0.685622752
1781254212.235025 4.137437344 -0.126249120 -1.126302481 0.010709489 0.731783390 -0.044645377 0.679989159
1781254212.268402 4.133053780 -0.129880980 -1.138428450 0.009857977 0.736455798 -0.044137627 0.674972355
1781254212.301778 4.123960495 -0.134811103 -1.143443584 0.008413834 0.743549883 -0.042722471 0.667261243
1781254212.335154 4.119790077 -0.136727124 -1.153266907 0.008745706 0.750353277 -0.042331900 0.659622312
1781254212.368530 4.116925240 -0.138444379 -1.167631149 0.008442949 0.755233586 -0.042701587 0.654008865
1781254212.401906 4.114723206 -0.135022938 -1.178933382 0.009481890 0.760071695 -0.043912489 0.648284495
1781254212.435283 4.110085487 -0.139881283 -1.190525770 0.008020838 0.765697837 -0.043585148 0.641671956
1781254212.468659 4.107869625 -0.137208462 -1.204717398 0.009267391 0.771060884 -0.045021392 0.635100305
1781254212.502035 4.107205391 -0.134171277 -1.216936111 0.010029249 0.776270628 -0.046715818 0.628586590
1781254212.535411 4.100955009 -0.141634256 -1.234270573 0.007953142 0.779537261 -0.045686573 0.624636889
1781254212.568787 4.099930286 -0.139320493 -1.246206760 0.008717163 0.783892512 -0.046904784 0.619060993
1781254212.602163 4.101654530 -0.133718342 -1.256124973 0.010682778 0.789897144 -0.049132481 0.611174703
1781254212.635539 4.096460342 -0.138158336 -1.275983810 0.009216006 0.793443084 -0.049059425 0.606594086
1781254212.668915 4.092942715 -0.141031682 -1.283728600 0.009109111 0.798821449 -0.048261061 0.599560082
1781254212.702291 4.089949608 -0.143531114 -1.301608086 0.008258777 0.801781952 -0.048770256 0.595566094
1781254212.735667 4.099727631 -0.129103959 -1.276420593 0.014402969 0.814725339 -0.050772168 0.577440381
1781254212.769043 4.098165512 -0.128861025 -1.286389351 0.015041512 0.819546938 -0.051291309 0.570513666
1781254212.802418 4.095126152 -0.130408451 -1.296317101 0.014682270 0.823519409 -0.051442467 0.564760089
1781254212.902546 4.084635258 -0.138323560 -1.325370789 0.013313520 0.837233186 -0.050058402 0.544387341
1781254212.935922 4.082650185 -0.133841038 -1.342054844 0.014402655 0.840792596 -0.052269466 0.538635671
1781254212.969298 4.078918457 -0.137499109 -1.350152016 0.013373471 0.845071912 -0.051196687 0.532027841
1781254213.002673 4.075578213 -0.139983192 -1.359341621 0.013161168 0.849743485 -0.051289823 0.524530470
1781254213.036049 4.072556496 -0.138546675 -1.371726513 0.013724115 0.853880346 -0.052125096 0.517670810
1781254213.069425 4.069578171 -0.138388127 -1.381011486 0.013745824 0.857899308 -0.052472282 0.510946810
1781254213.102801 4.064468384 -0.140439957 -1.391896248 0.012610773 0.861402512 -0.052603144 0.505034328
1781254213.136177 4.060824871 -0.140426069 -1.403097630 0.013207786 0.865276694 -0.052743651 0.498337179
1781254213.169553 4.058076382 -0.137659878 -1.414760590 0.013884961 0.869029701 -0.054251887 0.491580456
1781254213.202929 4.054454803 -0.142288417 -1.421703339 0.012848064 0.873236299 -0.053087857 0.484226227
1781254213.236305 4.050921917 -0.142292559 -1.431293488 0.012667789 0.876347542 -0.053418465 0.478540689
1781254213.269682 4.049524307 -0.149329513 -1.431375980 0.011311987 0.881888628 -0.051743109 0.468473315
1781254213.303059 4.045479298 -0.147657663 -1.442896366 0.011441076 0.884833992 -0.052602191 0.462786138
1781254213.336436 4.053746223 -0.144874066 -1.433505535 0.012667025 0.892405748 -0.053537335 0.447867483
1781254213.369813 4.050936699 -0.145884395 -1.439324379 0.012545261 0.895927906 -0.053605001 0.440774679
1781254213.403190 4.048688412 -0.146176696 -1.446529865 0.012060180 0.899271488 -0.053840436 0.433896869
1781254213.436567 4.045995235 -0.146457434 -1.453639984 0.012315040 0.902774930 -0.054225679 0.426503748
1781254213.469944 4.043084145 -0.146690458 -1.460180283 0.012184302 0.906065464 -0.054508146 0.419435203
1781254213.503321 4.040610790 -0.146484584 -1.466856956 0.012233158 0.909329414 -0.055080716 0.412233502
1781254213.536698 4.037785053 -0.147787601 -1.472887993 0.011996307 0.912285566 -0.054589029 0.405723006
1781254213.570075 4.034720898 -0.147704899 -1.478806496 0.012205876 0.915441990 -0.055041678 0.398481458
1781254213.603451 4.031221867 -0.148232371 -1.484219551 0.012154805 0.918578029 -0.055083830 0.391193718
1781254213.636828 4.028873920 -0.147934228 -1.489458084 0.012086385 0.921850085 -0.055377498 0.383379281
1781254213.670205 4.025327682 -0.148051143 -1.494671822 0.012259202 0.925210536 -0.055658504 0.375149757
1781254213.703582 4.021549702 -0.147965014 -1.500981331 0.012157390 0.928325891 -0.055838019 0.367349088
1781254213.736959 4.017995358 -0.148593813 -1.505074024 0.012174541 0.931960821 -0.055683438 0.358050704
1781254213.770335 4.013524055 -0.149001449 -1.510464668 0.011861410 0.935324609 -0.055692237 0.349178553
1781254213.803712 4.009807110 -0.149551868 -1.514503479 0.011824936 0.939077735 -0.055796489 0.338939637
1781254213.837090 4.006307602 -0.149410993 -1.518774033 0.011772529 0.942646801 -0.056095559 0.328833967
1781254213.870467 4.000497341 -0.150217742 -1.522984028 0.011881704 0.946075141 -0.055832073 0.318878382
1781254213.903844 3.996775627 -0.150668740 -1.526166439 0.011433597 0.949691653 -0.056017127 0.307924002
1781254213.937221 3.991955042 -0.151437938 -1.528025627 0.011603770 0.953363776 -0.055602144 0.296430975
1781254213.970597 3.985786676 -0.151800781 -1.529795647 0.011181677 0.957119942 -0.055843718 0.284038663
1781254214.003974 3.979981899 -0.153364509 -1.530414581 0.010775961 0.960873485 -0.055484414 0.271159619
1781254214.037351 3.977073669 -0.149198323 -1.537145615 0.012714871 0.964413166 -0.056786802 0.257916421
1781254214.070727 3.971277475 -0.149855942 -1.538633347 0.012577887 0.967803359 -0.056532484 0.244954392
1781254214.104104 3.966118097 -0.149586380 -1.540576458 0.012626940 0.971025229 -0.056654114 0.231820911
1781254214.137481 3.960655928 -0.149570674 -1.541673183 0.012773721 0.974239767 -0.056725543 0.217889786
1781254214.170857 3.956219673 -0.149724156 -1.543561459 0.012601380 0.977373481 -0.056609552 0.203415215
1781254214.204234 3.950300217 -0.149624497 -1.544507027 0.012715006 0.980328679 -0.056747016 0.188610390
1781254214.237616 3.944211960 -0.148639977 -1.543871641 0.013180410 0.983260930 -0.057314921 0.172451094
1781254214.270997 3.940191746 -0.149443775 -1.543922424 0.013378086 0.986067414 -0.057127140 0.155655414
1781254214.304378 3.935297012 -0.149350300 -1.544264793 0.013288870 0.988489211 -0.057338238 0.139373258
1781254214.337760 3.930065632 -0.148715898 -1.541962624 0.012998693 0.990650117 -0.057640590 0.122967102
1781254214.371141 3.926416397 -0.148493841 -1.541739702 0.013797402 0.992689312 -0.057736613 0.105090626
1781254214.404523 3.919748306 -0.148943618 -1.537693024 0.013778080 0.994261622 -0.057790704 0.088962607
1781254214.437904 3.917573452 -0.147505924 -1.535859823 0.013216178 0.995597541 -0.058258504 0.072227903
1781254214.471286 3.913572311 -0.148016959 -1.527298927 0.012763990 0.996521354 -0.058501653 0.057964902
1781254214.504668 3.910335541 -0.146286368 -1.526276827 0.013122224 0.997318029 -0.058778908 0.041587923
1781254214.538050 3.905837297 -0.147760004 -1.518161654 0.012774439 0.997869968 -0.058390941 0.026133856
1781254214.571432 3.903445244 -0.146642119 -1.513432980 0.013109425 0.998123586 -0.058863781 0.010611534
1781254214.604814 3.898360968 -0.145148784 -1.508758307 0.013797311 0.998154104 -0.059054125 -0.003277895
1781254214.638196 3.897514820 -0.147300348 -1.500409365 0.012638087 0.998065293 -0.058316201 -0.017470438
1781254214.671578 3.891834736 -0.147455916 -1.491329551 0.012687430 0.997784555 -0.058178850 -0.029670194
1781254214.704960 3.893267632 -0.146720871 -1.488236785 0.013232780 0.997309148 -0.058387648 -0.042312570
1781254214.738342 3.890835762 -0.146622583 -1.478550911 0.012757274 0.996841252 -0.058492169 -0.052187543
1781254214.771724 3.890552521 -0.147349119 -1.470854044 0.012272793 0.996332705 -0.058094364 -0.061608333
1781254214.805106 3.889989853 -0.144756272 -1.463791251 0.012993368 0.995767593 -0.058769189 -0.069457211
1781254214.838488 3.888381958 -0.146675646 -1.453595161 -0.012065299 -0.995324552 0.058432225 0.075955689
1781254214.871871 3.889472008 -0.145826787 -1.444770932 -0.012290152 -0.994865298 0.058418460 0.081726886
1781254214.905253 3.878650188 -0.146353573 -1.440423846 -0.014087363 -0.994700909 0.057686657 0.083928399
1781254214.938635 3.880172729 -0.146677867 -1.432369351 -0.014055965 -0.994154692 0.057762269 0.090124242
1781254214.972018 3.878608227 -0.147183999 -1.421999812 -0.014326156 -0.993730843 0.057486959 0.094811246
1781254215.005400 3.878087521 -0.145664006 -1.415297985 -0.014251516 -0.993298590 0.057661112 0.099146806
1781254215.038782 3.879333019 -0.145356089 -1.405425787 -0.014332616 -0.992752850 0.057735294 0.104417987
1781254215.072165 3.879091263 -0.144189715 -1.397239447 -0.014547771 -0.992274284 0.058085591 0.108656853
1781254215.105548 3.877893448 -0.143423691 -1.387648702 -0.014478954 -0.991855145 0.058135431 0.112401001
1781254215.138930 3.876191616 -0.141258955 -1.377027273 -0.014865304 -0.991366327 0.058768112 0.116267711
1781254215.172313 3.873953342 -0.143528968 -1.364373922 -0.014719603 -0.991019428 0.058405347 0.119384810
1781254215.205696 3.873498440 -0.140240565 -1.356778622 -0.014725127 -0.990756452 0.058784608 0.121364087
1781254215.239074 3.874571800 -0.140437812 -1.345664978 -0.014645148 -0.990351379 0.058682572 0.124683909
1781254215.272451 3.874248981 -0.139017224 -1.337392449 -0.014728512 -0.989969909 0.059030216 0.127507478
1781254215.305828 3.872889042 -0.138745144 -1.325676918 -0.014725109 -0.989685595 0.058888458 0.129760996
1781254215.339205 3.871732712 -0.136721805 -1.315121651 -0.014993448 -0.989393651 0.059202198 0.131797448
1781254215.372582 3.873976231 -0.136972100 -1.305094361 -0.014379137 -0.989014328 0.058712024 0.134895846
1781254215.405959 3.873374939 -0.135210305 -1.295565248 -0.014343769 -0.988620341 0.058910854 0.137672409
1781254215.439337 3.870972157 -0.132101521 -1.282654524 -0.014467007 -0.988107920 0.059734602 0.140944064
1781254215.472714 3.870469093 -0.134658054 -1.270969510 -0.014359133 -0.987781286 0.058864117 0.143586233
1781254215.506091 3.879660606 -0.133491695 -1.261389971 -0.014098641 -0.987127244 0.058901675 0.148026064
1781254215.539468 3.874513149 -0.129730225 -1.251807928 -0.014431467 -0.986937463 0.059533991 0.149003103
1781254215.572845 3.870841026 -0.128353015 -1.239249349 -0.014949920 -0.986641526 0.059519310 0.150905505
1781254215.606222 3.871901989 -0.128093258 -1.227861285 -0.014653896 -0.986248434 0.059402030 0.153527945
1781254215.639599 3.871659756 -0.128834963 -1.216103554 -0.014800948 -0.985918641 0.059493758 0.155582651
1781254215.672976 3.877219677 -0.127430812 -1.207809687 -0.013934972 -0.985661030 0.059236523 0.157382369
1781254215.706353 3.878796577 -0.126372889 -1.197987199 -0.013952920 -0.985185146 0.059312940 0.160305008
1781254215.739730 3.878530979 -0.126490399 -1.183403373 -0.014725751 -0.984602332 0.059182066 0.163825884
1781254215.773108 3.878125906 -0.125366047 -1.172866106 -0.015008039 -0.984233558 0.058971591 0.166076779
1781254215.806485 3.878401041 -0.125864670 -1.161601067 -0.015124500 -0.983836293 0.058736872 0.168485597
1781254215.839862 3.878489256 -0.125661820 -1.151268601 -0.015224405 -0.983485937 0.058746047 0.170507133
1781254215.873239 3.879324436 -0.125609845 -1.139607191 -0.015090014 -0.983205497 0.058262099 0.172292665
1781254215.906616 3.879959822 -0.124531165 -1.129441142 -0.015010726 -0.982823014 0.058418617 0.174416244
1781254215.939994 3.878938675 -0.124271572 -1.120798349 -0.015252779 -0.982459426 0.058380086 0.176444665
1781254215.973371 3.878668785 -0.121997379 -1.110424876 -0.014969076 -0.982223690 0.058532011 0.177726373
1781254216.006748 3.880106449 -0.120666832 -1.103009105 -0.015062585 -0.981896341 0.058780301 0.179436728
1781254216.040125 3.880235434 -0.120527804 -1.094673395 -0.014792365 -0.981701195 0.058534320 0.180603907
1781254216.073502 3.880249739 -0.119283102 -1.086616755 -0.014726848 -0.981486678 0.058697615 0.181718633
1781254216.106879 3.878361225 -0.121024728 -1.076500893 -0.014905497 -0.981393218 0.058251508 0.182351559
1781254216.140256 3.878383636 -0.120049164 -1.066474199 -0.014884322 -0.981223106 0.058100227 0.183314309
1781254216.173633 3.878306389 -0.118503258 -1.058401704 -0.014984029 -0.980932534 0.058525153 0.184720576
1781254216.207010 3.878040314 -0.117904961 -1.046639919 -0.014815380 -0.981008768 0.058601163 0.184304968
1781254216.240387 3.878333569 -0.120939136 -1.036512017 -0.014870821 -0.980991900 0.057687033 0.184678227
1781254216.273763 3.878625393 -0.115635514 -1.028393984 -0.014752619 -0.980718493 0.058758870 0.185798526
1781254216.307140 3.875960827 -0.118876256 -1.014809847 -0.014840900 -0.980695426 0.058026090 0.186143175
1781254216.340517 3.876301765 -0.116747364 -1.005886555 -0.014604836 -0.980649233 0.058335878 0.186308518
1781254216.373894 3.874439001 -0.116265818 -0.996175647 -0.015077061 -0.980637014 0.058160659 0.186389744
1781254216.407271 3.872488499 -0.113390788 -0.983092308 -0.015129556 -0.980458200 0.058694329 0.187157094
1781254216.440648 3.871411085 -0.113808058 -0.973551631 -0.014869472 -0.980326116 0.058351941 0.187975451
1781254216.474025 3.872955561 -0.114496447 -0.962575197 -0.014659791 -0.980172336 0.057964981 0.188910916
1781254216.507402 3.873025417 -0.110713616 -0.954624414 -0.014877604 -0.980064213 0.058702707 0.189226925
1781254216.540778 3.870788336 -0.110885516 -0.943761945 -0.014833166 -0.979929984 0.058432858 0.190007389
1781254216.574155 3.868772268 -0.112377971 -0.932840586 -0.014700227 -0.979746878 0.058250770 0.191015303
1781254216.607532 3.870791674 -0.110920429 -0.924788594 -0.014546912 -0.979303241 0.058275688 0.193281114
1781254216.640910 3.867024660 -0.109782636 -0.915327668 -0.014178684 -0.979088724 0.058143623 0.194431543
1781254216.674287 3.869386911 -0.107255533 -0.908461690 -0.014569977 -0.978484869 0.058692593 0.197257057
1781254216.707663 3.861680984 -0.109084368 -0.900753140 -0.014698922 -0.978287399 0.057978880 0.198434487
1781254216.741040 3.861265182 -0.109549060 -0.890347958 -0.014282510 -0.977566063 0.058031406 0.201972574
1781254216.774417 3.850541592 -0.107159935 -0.882971287 -0.014583483 -0.977232754 0.058325008 0.203474268
1781254216.807793 3.842010736 -0.108993672 -0.880254745 -0.014867839 -0.976834118 0.058272358 0.205373853
1781254216.841170 3.838821411 -0.106758721 -0.877425075 -0.014409251 -0.976151764 0.058682457 0.208510324
1781254216.874547 3.834728956 -0.107213244 -0.874503613 -0.014214746 -0.975615144 0.058341812 0.211114466
1781254216.907924 3.830065966 -0.107300356 -0.871063113 -0.014228689 -0.974903345 0.058292992 0.214389682
1781254216.941300 3.822885752 -0.104982510 -0.868032217 -0.014092205 -0.974061489 0.058877409 0.218034893
1781254216.974677 3.821144342 -0.106064066 -0.865997195 -0.013676249 -0.973158181 0.058790836 0.222080797
1781254217.008054 3.811134100 -0.108684532 -0.861403584 -0.014075317 -0.972466886 0.058198676 0.225217879
1781254217.041430 3.807128668 -0.107411429 -0.860448718 -0.013905668 -0.971425533 0.058150239 0.229690462
1781254217.074807 3.799176931 -0.107505918 -0.857526422 -0.013965265 -0.970443249 0.058213398 0.233786508
1781254217.108184 3.789925575 -0.105183005 -0.857925773 -0.013711522 -0.969508648 0.058394756 0.237602964
1781254217.141560 3.784951925 -0.105239727 -0.859068990 -0.013796805 -0.968384743 0.058297791 0.242161259
1781254217.174937 3.774070501 -0.105208173 -0.855662584 -0.013702619 -0.967662573 0.058034528 0.245098844
1781254217.208313 3.764615536 -0.104847491 -0.856337070 -0.014006904 -0.966991365 0.057955652 0.247735187
1781254217.241690 3.758434534 -0.104802690 -0.856231451 -0.013898000 -0.966456294 0.057902716 0.249832764
1781254217.275066 3.752331495 -0.107049003 -0.856087923 -0.014401623 -0.965963006 0.057482619 0.251801431
1781254217.308443 3.744628429 -0.108551003 -0.857216120 -0.014233365 -0.965769112 0.056908429 0.252683461
1781254217.341820 3.731222391 -0.107911788 -0.857794762 -0.014480243 -0.965885222 0.056912977 0.252224028
1781254217.375197 3.721831322 -0.107244514 -0.859271526 -0.014679360 -0.966110885 0.056932550 0.251342535
1781254217.408573 3.713445663 -0.105991960 -0.862066150 -0.014775120 -0.966442406 0.057061311 0.250029564
1781254217.441949 3.704377890 -0.105655029 -0.865502119 -0.014988322 -0.966801822 0.056923468 0.248655125
1781254217.475326 3.696882725 -0.107527666 -0.868642092 -0.015085157 -0.967217565 0.056647789 0.247090638
1781254217.508702 3.687536240 -0.106681414 -0.871442318 -0.015238457 -0.967838049 0.056759819 0.244613349
1781254217.542078 3.679362297 -0.107646853 -0.876057506 -0.015586545 -0.968499243 0.056593601 0.241999045
1781254217.575455 3.672661543 -0.106289290 -0.881493330 -0.015595902 -0.969285071 0.056934994 0.238750085
1781254217.608831 3.664208174 -0.107303910 -0.886560798 -0.015958263 -0.970430195 0.056727648 0.234077975
1781254217.642208 3.654897451 -0.106612779 -0.893430710 -0.016060185 -0.971516073 0.056807064 0.229502946
1781254217.675584 3.649333239 -0.107581779 -0.901813388 -0.015681924 -0.972309470 0.056736574 0.226162553
1781254217.708961 3.640340090 -0.108366981 -0.904710054 -0.016248949 -0.973349571 0.056656241 0.221622795
1781254217.742337 3.633693457 -0.106483400 -0.913578629 -0.015658088 -0.974406004 0.056936741 0.216901094
1781254217.775713 3.625162840 -0.105185151 -0.922550559 -0.016208153 -0.975392044 0.057136264 0.212328255
1781254217.809089 3.618006945 -0.104002155 -0.932288408 -0.016228752 -0.976166964 0.057502557 0.208634302
1781254217.842466 3.609247923 -0.106870428 -0.937829971 -0.016417479 -0.977048576 0.057185456 0.204539552
1781254217.875842 3.605344772 -0.106758274 -0.943689346 -0.016421914 -0.977703393 0.057135317 0.201400191
1781254217.909218 3.598284006 -0.107767820 -0.950356722 -0.016316982 -0.978379190 0.057381719 0.198028401
1781254217.942594 3.587388992 -0.106836028 -0.958457112 -0.016447522 -0.979167759 0.057687443 0.193990186
1781254217.975971 3.584532261 -0.110946350 -0.965263844 -0.016018094 -0.979737103 0.057143833 0.191293597
1781254218.009347 3.579216719 -0.109312445 -0.970112503 -0.015964366 -0.980247140 0.057626568 0.188520327
1781254218.042724 3.570948601 -0.109856084 -0.978021920 -0.016760411 -0.980806589 0.057874475 0.185440391
1781254218.076100 3.564693213 -0.109748498 -0.984657884 -0.016489418 -0.981481612 0.057799906 0.181882396
1781254218.109476 3.560520649 -0.110637188 -0.991922438 -0.016430531 -0.981923640 0.057824753 0.179478168
1781254218.142853 3.553117514 -0.109945975 -0.999697566 -0.016648497 -0.982208073 0.058105011 0.177803367
1781254218.176229 3.548918724 -0.110939696 -1.007491112 -0.016558535 -0.982340038 0.058263134 0.177029580
1781254218.209605 3.543441534 -0.112087853 -1.015923023 -0.016560113 -0.982572198 0.058223765 0.175749063
1781254218.242983 3.537249088 -0.111355424 -1.022432685 -0.016532997 -0.982790887 0.058259245 0.174512550
1781254218.276361 3.533453703 -0.111182794 -1.030599117 -0.016562611 -0.982657135 0.058409911 0.175211295
1781254218.309739 3.526969910 -0.112783156 -1.037560940 -0.016761616 -0.982580423 0.058220256 0.175685152
1781254218.343117 3.521794796 -0.111751154 -1.043997765 -0.016697586 -0.982439280 0.058479276 0.176392809
1781254218.376495 3.516738415 -0.111527495 -1.051916838 -0.016458133 -0.982288957 0.058415007 0.177271575
1781254218.409873 3.512323141 -0.113511600 -1.058675528 -0.016620103 -0.982070088 0.058225445 0.178527236
1781254218.443251 3.507789850 -0.113174736 -1.065224171 -0.016771052 -0.981860280 0.058438804 0.179594412
1781254218.476629 3.504432201 -0.114197895 -1.072988033 -0.016744239 -0.981637120 0.058248751 0.180874139
1781254218.510007 3.497529745 -0.114900082 -1.080280185 -0.016864602 -0.981501520 0.057966962 0.181687459
1781254218.543385 3.494684935 -0.114241019 -1.087767839 -0.016870936 -0.980992973 0.058602914 0.184211597
1781254218.576763 3.488449574 -0.117935658 -1.093917608 -0.017175591 -0.980766594 0.057886444 0.185609981
1781254218.610141 3.485715389 -0.119378343 -1.099737167 -0.017205555 -0.980386257 0.057412215 0.187751785
1781254218.643519 3.478788853 -0.119094633 -1.109899640 -0.017526500 -0.979957700 0.057749845 0.189844087
1781254218.676898 3.473953009 -0.118203364 -1.117610335 -0.017456690 -0.979540825 0.058273990 0.191831455
1781254218.710275 3.470657110 -0.120974146 -1.126908064 -0.017664988 -0.979380846 0.057577800 0.192836761
1781254218.743654 3.464888573 -0.120403871 -1.136943698 -0.017702760 -0.978997231 0.057903685 0.194674820
1781254218.777033 3.459635735 -0.118936904 -1.145701051 -0.017367210 -0.978571534 0.058409818 0.196683764
1781254218.810411 3.454080105 -0.121848978 -1.154473066 -0.017621502 -0.978378654 0.057465367 0.197895005
1781254218.843789 3.448894501 -0.120658904 -1.163812399 -0.017512534 -0.977791071 0.057924327 0.200655863
1781254218.877167 3.442624092 -0.122165680 -1.173227429 -0.017607279 -0.977312088 0.057823326 0.202996641
1781254218.910545 3.436291456 -0.121472389 -1.181728840 -0.017497340 -0.976852357 0.057763606 0.205223739
1781254218.943923 3.429405212 -0.122432247 -1.192577839 -0.017619692 -0.976293743 0.057904452 0.207815260
1781254218.977301 3.424334526 -0.123270333 -1.201365471 -0.017552912 -0.975897610 0.057687830 0.209733054
1781254219.010679 3.419432402 -0.123620868 -1.211703181 -0.017543001 -0.975366771 0.057654019 0.212197870
1781254219.044058 3.413418531 -0.124223545 -1.219741106 -0.017528234 -0.974834859 0.057815287 0.214586154
1781254219.077436 3.406387568 -0.124035269 -1.230300188 -0.017355239 -0.974491000 0.057843428 0.216148540
1781254219.110814 3.399788618 -0.124451458 -1.239180088 -0.017791774 -0.974023461 0.057927817 0.218188301
1781254219.144192 3.392342091 -0.124703757 -1.249199629 -0.017851250 -0.973562479 0.058124036 0.220179573
1781254219.177570 3.386922359 -0.124992304 -1.259556293 -0.017966328 -0.973275483 0.058030944 0.221460149
1781254219.210948 3.379328489 -0.125597686 -1.269364238 -0.017789399 -0.973078132 0.057916746 0.222369403
1781254219.244326 3.373629332 -0.126019329 -1.280354261 -0.017938511 -0.972448945 0.058157213 0.225031167
1781254219.277703 3.366220713 -0.127747834 -1.290625572 -0.017885512 -0.972344875 0.057896685 0.225551933
1781254219.311081 3.360318422 -0.126828015 -1.300634623 -0.017889533 -0.972129107 0.057934228 0.226470038
1781254219.344458 3.352818489 -0.126493499 -1.310803413 -0.018161666 -0.971958399 0.058288321 0.227089301
1781254219.377836 3.348566532 -0.127942160 -1.321234941 -0.017927920 -0.972003043 0.057879902 0.227021307
1781254219.411213 3.338060379 -0.127461135 -1.330618382 -0.017896388 -0.972028315 0.057876334 0.226916298
1781254219.444592 3.331773281 -0.127825141 -1.341104031 -0.017958213 -0.972074091 0.058129702 0.226650327
1781254219.511347 3.318298817 -0.128401667 -1.361742735 -0.017905219 -0.972384393 0.058203105 0.225300983
1781254219.544724 3.310315132 -0.129150450 -1.371842980 -0.018095152 -0.972819865 0.058126025 0.223417625
1781254219.578102 3.303855896 -0.129149511 -1.380316019 -0.017625451 -0.973327100 0.058215465 0.221212015
1781254219.611479 3.297976971 -0.129597202 -1.388032913 -0.017723318 -0.973352432 0.058265008 0.221079573
1781254219.644857 3.291382074 -0.129720077 -1.396082759 -0.017542046 -0.973778963 0.058362514 0.219181880
1781254219.678234 3.283826113 -0.130642131 -1.402477145 -0.017670965 -0.974377930 0.058085337 0.216567665
1781254219.711612 3.278422594 -0.130328894 -1.411610961 -0.017476484 -0.974696219 0.058286909 0.215091810
1781254219.744989 3.271782398 -0.131628647 -1.417832375 -0.017532203 -0.975154102 0.058074575 0.213060066
1781254219.778367 3.266252279 -0.130776837 -1.425130010 -0.017300252 -0.975720048 0.058241114 0.210425943
1781254219.811745 3.257963657 -0.131473407 -1.430579782 -0.017391201 -0.976454437 0.058246855 0.206982404
1781254219.845122 3.252809763 -0.130683020 -1.436933160 -0.017520925 -0.976985455 0.058358856 0.204418197
1781254219.878500 3.246256590 -0.131592989 -1.441579342 -0.017971311 -0.977673531 0.058191158 0.201110512
1781254219.911877 3.240175486 -0.130391121 -1.447472334 -0.017686807 -0.978393674 0.058421511 0.197534606
1781254219.945255 3.233934879 -0.131668299 -1.451923728 -0.017356304 -0.979090631 0.058518562 0.194051355
1781254219.978632 3.227270842 -0.131566629 -1.455320954 -0.017486980 -0.979846060 0.058393486 0.190226495
1781254220.012010 3.221516848 -0.131601810 -1.458848953 -0.017569855 -0.980373204 0.058342218 0.187499017
1781254220.045388 3.215368271 -0.130088553 -1.461784124 -0.017245967 -0.980779707 0.059037164 0.185171351
1781254220.078765 3.209724903 -0.132689402 -1.463613868 -0.017459068 -0.981430888 0.058384001 0.181878969
1781254220.112143 3.203130960 -0.131431773 -1.465343237 -0.017450994 -0.981889904 0.058574945 0.179322660
1781254220.145521 3.197246552 -0.130711496 -1.467424631 -0.017421585 -0.982154608 0.058910292 0.177759334
1781254220.178899 3.191815138 -0.131579712 -1.468952179 -0.017366081 -0.982489347 0.058724366 0.175967410
1781254220.212277 3.185839891 -0.131118044 -1.470343828 -0.017073387 -0.982797861 0.058851998 0.174221992
1781254220.245654 3.179264545 -0.130635723 -1.469498873 -0.017360769 -0.983117402 0.059216201 0.172256216
1781254220.279031 3.173162222 -0.129395306 -1.470265865 -0.017288608 -0.983389437 0.059589028 0.170574307
1781254220.312408 3.168564796 -0.129104868 -1.470464706 -0.017188346 -0.983598888 0.059809752 0.169294581
1781254220.345785 3.162601471 -0.130184203 -1.469962120 -0.017047541 -0.983881295 0.059543233 0.167754412
1781254220.379162 3.156929731 -0.130682901 -1.471233964 -0.017225504 -0.984192133 0.059308369 0.165987507
1781254220.412539 3.150837421 -0.129354343 -1.470946074 -0.017406600 -0.984364688 0.059768517 0.164775372
1781254220.445916 3.145073414 -0.130307585 -1.470764279 -0.017310064 -0.984589279 0.059565973 0.163512483
1781254220.479293 3.136387110 -0.129827142 -1.469536543 -0.017200742 -0.984850287 0.059547629 0.161951065
1781254220.512670 3.130386591 -0.129705891 -1.468663931 -0.017117094 -0.984992385 0.059462097 0.161124900
1781254220.546047 3.123240232 -0.128535599 -1.467108369 -0.017400570 -0.984993279 0.059897423 0.160927922
1781254220.579424 3.114645481 -0.128596559 -1.464422584 -0.017306140 -0.985092282 0.059737384 0.160390928
1781254220.612801 3.105859518 -0.128714040 -1.461300373 -0.017410085 -0.985116303 0.059616126 0.160277084
1781254220.646178 3.098797321 -0.128455982 -1.458690166 -0.017500278 -0.984966159 0.059765909 0.161131978
1781254220.679555 3.089738369 -0.127141416 -1.455322146 -0.017261600 -0.984932363 0.059985392 0.161282539
1781254220.712932 3.080701351 -0.128823504 -1.451406360 -0.017909443 -0.984762669 0.059409101 0.162457317
1781254220.746309 3.071871996 -0.128063470 -1.447237015 -0.017707909 -0.984698534 0.059484854 0.162839875
1781254220.779686 3.065025330 -0.127587184 -1.443539858 -0.017851302 -0.984516859 0.059584420 0.163882956
1781254220.813063 3.057458401 -0.126405135 -1.439223647 -0.017954396 -0.984348953 0.059475701 0.164916500
1781254220.846441 3.049953699 -0.127132908 -1.433202744 -0.018021528 -0.984086454 0.059239049 0.166552767
1781254220.879818 3.045782328 -0.126801968 -1.428407073 -0.017811112 -0.983673334 0.059125777 0.169037849
1781254220.913195 3.035275698 -0.126552373 -1.424326062 -0.018020710 -0.983289540 0.059100214 0.171242878
1781254220.946572 3.031376123 -0.125833109 -1.419453740 -0.018027524 -0.982644856 0.059121445 0.174896404
1781254220.979949 3.027413607 -0.127979413 -1.412384272 -0.018015340 -0.982118487 0.058403119 0.178066850
1781254221.013325 3.023403645 -0.126131594 -1.408098459 -0.018030819 -0.981505692 0.058550064 0.181365237
1781254221.046702 3.019225836 -0.125358492 -1.403317571 -0.018331496 -0.980946064 0.058466814 0.184365168
1781254221.080079 3.016919613 -0.124768183 -1.398214340 -0.018575970 -0.980370820 0.058459111 0.187378272
1781254221.113456 3.013186455 -0.123655804 -1.392555356 -0.018752625 -0.979850650 0.058475874 0.190057248
1781254221.146833 3.010231018 -0.124190547 -1.386912107 -0.018997308 -0.979552448 0.058130775 0.191668764
1781254221.180210 3.008826256 -0.123535655 -1.380814910 -0.018918816 -0.979470253 0.058047928 0.192121655
1781254221.213588 3.006740570 -0.123127654 -1.375458479 -0.019051367 -0.979607403 0.058097892 0.191392213
1781254221.246967 3.005721569 -0.121379226 -1.370226741 -0.019238319 -0.979896486 0.058484841 0.189769030
1781254221.280345 3.005886078 -0.121858343 -1.362693667 -0.019276306 -0.980315208 0.058435302 0.187605783
1781254221.313723 3.002152205 -0.121414088 -1.355407834 -0.019387094 -0.980898798 0.058667708 0.184444815
1781254221.347101 3.000904083 -0.121460974 -1.348708153 -0.019561034 -0.981514752 0.058533311 0.181163117
1781254221.380480 3.002273560 -0.120927706 -1.342118621 -0.019498415 -0.982003152 0.058544025 0.178500444
1781254221.413858 2.999030113 -0.119528621 -1.333480358 -0.019840233 -0.982318103 0.058796685 0.176636830
1781254221.447236 3.000288010 -0.118443675 -1.324704170 -0.019511616 -0.982881188 0.059251029 0.173358783
1781254221.480614 2.997167349 -0.117437035 -1.316416502 -0.019749368 -0.983645737 0.059072066 0.169001788
1781254221.513993 2.997294426 -0.117685869 -1.305967331 -0.019691246 -0.984071314 0.058843259 0.166593552
1781254221.547372 2.996949196 -0.117618062 -1.296114802 -0.019846315 -0.984191418 0.058938786 0.165830418
1781254221.580750 2.998759985 -0.116579741 -1.285810947 -0.019769235 -0.984310210 0.059051421 0.165092468
1781254221.614128 2.997981548 -0.116263174 -1.275817990 -0.019757051 -0.984504402 0.058895670 0.163988173
1781254221.647507 2.997072458 -0.116174981 -1.266066670 -0.019756513 -0.984599292 0.058908947 0.163412988
1781254221.680885 2.996718884 -0.116465047 -1.254062414 -0.019777194 -0.984733582 0.058711935 0.162670493
1781254221.714263 3.001506567 -0.115696147 -1.245341063 -0.019358428 -0.984702528 0.058744594 0.162896693
1781254221.747642 3.002127886 -0.115172312 -1.233716488 -0.019371327 -0.984776199 0.058550127 0.162519187
1781254221.781020 3.003012896 -0.115369663 -1.223104000 -0.019153588 -0.984726846 0.058448669 0.162879974
1781254221.814398 3.002926350 -0.114423528 -1.211687565 -0.019209214 -0.984638751 0.058426771 0.163413495
1781254221.847777 3.002782106 -0.113681622 -1.201048613 -0.019254994 -0.984626591 0.058310110 0.163523152
1781254221.881155 3.002465487 -0.113562249 -1.189498186 -0.019253694 -0.984481454 0.058756169 0.164235726
1781254221.914533 3.003361940 -0.112671033 -1.179146051 -0.018863121 -0.984988928 0.058596697 0.161268711
1781254221.947911 3.002763987 -0.110939197 -1.167530537 -0.019005718 -0.985040307 0.058528941 0.160962373
1781254221.981290 3.001287699 -0.112353981 -1.155147314 -0.019264970 -0.984908342 0.058547996 0.161730066
1781254222.014668 3.002364397 -0.111567155 -1.144534707 -0.018909767 -0.984857321 0.058446299 0.162119120
1781254222.048046 3.001569748 -0.111214928 -1.134094715 -0.019010205 -0.984954774 0.058412571 0.161526278
1781254222.081424 3.000970840 -0.110825591 -1.123872876 -0.019085970 -0.985061288 0.058744419 0.160745695
1781254222.114803 3.001021624 -0.111726597 -1.112896323 -0.019387497 -0.985215425 0.058373284 0.159897804
1781254222.148181 3.003371000 -0.108462423 -1.106596351 -0.018815212 -0.985312581 0.059039507 0.159121275
1781254222.181560 3.001571655 -0.109258145 -1.095442891 -0.018675689 -0.985497355 0.058914870 0.158035636
1781254222.214937 2.999772549 -0.109290965 -1.088193059 -0.018820511 -0.985602200 0.058981601 0.157338247
1781254222.248396 3.001620531 -0.107608750 -1.079506516 -0.018715372 -0.985642314 0.059052404 0.157072380
1781254222.281855 3.000191927 -0.107420258 -1.071099162 -0.018739203 -0.985916078 0.058968864 0.155373827
1781254222.315315 3.000638962 -0.106395900 -1.062361717 -0.018635491 -0.986192107 0.059191409 0.153539270
1781254222.348775 2.999671221 -0.105883338 -1.053213358 -0.018429628 -0.986467004 0.059244584 0.151767537
1781254222.382235 3.000410795 -0.104985356 -1.043663025 -0.018257948 -0.986675203 0.059481107 0.150335476
1781254222.415696 2.996681452 -0.105315685 -1.034904122 -0.018339118 -0.986974180 0.058994204 0.148543969
1781254222.449157 2.995460987 -0.104546830 -1.025594592 -0.018710352 -0.986898601 0.059401602 0.148837090
1781254222.482619 2.997493029 -0.103444964 -1.017231822 -0.018322699 -0.986978412 0.059613291 0.148270831
1781254222.516082 2.995201588 -0.102941804 -1.008620143 -0.018243480 -0.987354696 0.059537604 0.145784691
1781254222.549545 2.994546652 -0.101204224 -1.000011683 -0.018220119 -0.987663329 0.059500102 0.143697754
1781254222.583008 2.994957924 -0.101546735 -0.990836620 -0.018328210 -0.987722278 0.059574619 0.143247187
1781254222.616472 2.992538691 -0.101566024 -0.981132448 -0.018495703 -0.987817645 0.059692506 0.142516941
1781254222.649937 2.991271019 -0.100121036 -0.973957956 -0.018421274 -0.988005519 0.059827898 0.141161054
1781254222.683402 2.990903616 -0.101279974 -0.964374006 -0.018707970 -0.988224626 0.059486188 0.139726713
1781254222.716867 2.989345789 -0.101102218 -0.955872893 -0.018502602 -0.988355935 0.059620142 0.138764948
1781254222.750334 2.988757372 -0.098731421 -0.949488223 -0.018530859 -0.988440454 0.059951618 0.138014197
1781254222.783800 2.988900900 -0.098718487 -0.940403819 -0.018467201 -0.988608241 0.059765425 0.136897132
1781254222.817267 2.987673283 -0.097393259 -0.935157597 -0.018339500 -0.988790393 0.059802409 0.135576248
1781254222.850735 2.987357140 -0.097679511 -0.922836661 -0.018580193 -0.988873482 0.059700809 0.134981319
1781254222.884203 2.984865427 -0.097163990 -0.914303362 -0.018463884 -0.988991737 0.059572916 0.134184882
1781254222.917672 2.984574795 -0.097177662 -0.908467770 -0.018492278 -0.989037514 0.059457697 0.133894384
1781254222.951142 2.981929541 -0.097908199 -0.895892680 -0.018323725 -0.989173591 0.059409607 0.132930040
1781254222.984612 2.982969999 -0.097772427 -0.888734639 -0.018090125 -0.989436269 0.059025172 0.131166592
1781254223.018082 2.981772423 -0.098637000 -0.877591014 -0.018728126 -0.989378989 0.058736820 0.131637886
1781254223.051553 2.981386423 -0.097383030 -0.869001329 -0.018617751 -0.989277005 0.059015099 0.132293820
1781254223.085024 2.979478598 -0.096151784 -0.860009670 -0.018487785 -0.989448428 0.058996115 0.131032497
1781254223.118496 2.978751659 -0.095797397 -0.849634111 -0.018389314 -0.989722848 0.058597170 0.129139349
1781254223.252282 2.971035957 -0.094071396 -0.807854414 -0.018873207 -0.989654779 0.058710761 0.129539102
1781254223.285653 2.970458508 -0.092132159 -0.797959149 -0.018588796 -0.989692211 0.058928348 0.129195169
1781254223.319024 2.968418837 -0.093491450 -0.788762927 -0.018389503 -0.989837289 0.058348179 0.128372997
1781254223.352395 2.967370987 -0.091633201 -0.778472066 -0.018072570 -0.989872336 0.058441523 0.128105000
1781254223.385766 2.966911077 -0.090194605 -0.771817327 -0.018224925 -0.989670515 0.058746945 0.129495144
1781254223.419136 2.964634895 -0.087276250 -0.762348294 -0.017933516 -0.989515305 0.059053630 0.130578145
1781254223.452507 2.961922646 -0.089561515 -0.754855037 -0.018205104 -0.989418447 0.058190968 0.131656900
1781254223.485878 2.958704472 -0.087068588 -0.746295512 -0.017860500 -0.989108920 0.059008718 0.133650586
1781254223.519248 2.956735849 -0.088225372 -0.739363432 -0.017806752 -0.989127696 0.058598753 0.133699194
1781254223.552619 2.951397419 -0.087125599 -0.731323361 -0.017761851 -0.989105582 0.058367059 0.133970514
1781254223.585989 2.947016716 -0.087347068 -0.726810277 -0.017643008 -0.988857508 0.058361940 0.135806918
1781254223.619359 2.940306187 -0.086072393 -0.721877396 -0.017779049 -0.988602638 0.058628161 0.137519389
1781254223.652730 2.933295012 -0.084829152 -0.716597140 -0.017591210 -0.988383710 0.058731154 0.139064297
1781254223.686100 2.930174589 -0.084440686 -0.714046180 -0.017270757 -0.988017619 0.058686029 0.141700223
1781254223.719471 2.927246094 -0.084562317 -0.711884141 -0.016938554 -0.987558544 0.058778673 0.144866243
1781254223.752841 2.915915728 -0.084863760 -0.706377268 -0.016943237 -0.987268925 0.058678217 0.146867394
1781254223.786211 2.907635927 -0.085602313 -0.702571869 -0.016865952 -0.986838162 0.058415458 0.149845645
1781254223.819581 2.899737120 -0.084281676 -0.701532960 -0.016983209 -0.986152232 0.058609437 0.154208928
1781254223.852951 2.891784668 -0.082983091 -0.701481104 -0.016388087 -0.985528171 0.058994446 0.158067659
1781254223.886321 2.883574963 -0.085273787 -0.698040962 -0.016311588 -0.985180497 0.058062419 0.160567865
1781254223.919690 2.874691486 -0.082968712 -0.695561886 -0.016466128 -0.984438777 0.058550231 0.164866850
1781254223.953060 2.865081787 -0.083021149 -0.693997443 -0.016370496 -0.983747065 0.058358576 0.169020876
1781254223.986430 2.855936289 -0.079424053 -0.692112088 -0.016208138 -0.982928276 0.059008043 0.173514828
1781254224.019799 2.844480991 -0.080307201 -0.688271344 -0.016474294 -0.982487679 0.058543414 0.176122874
1781254224.053169 2.840756416 -0.080926433 -0.689266324 -0.016499175 -0.981977642 0.058424737 0.178981602
1781254224.086539 2.829365969 -0.081378713 -0.687436223 -0.016217226 -0.981981218 0.057880595 0.179164529
1781254224.119908 2.817419767 -0.083087601 -0.685920298 -0.016650816 -0.981714129 0.057821386 0.180601627
1781254224.153277 2.806613445 -0.083599135 -0.684431791 -0.016698673 -0.981646597 0.057736110 0.180991054
1781254224.186646 2.799283266 -0.083851524 -0.684055448 -0.016779572 -0.981628180 0.057432473 0.181179881
1781254224.220016 2.790644407 -0.082908124 -0.686177731 -0.016606709 -0.981731772 0.057204153 0.180705994
1781254224.253386 2.780895948 -0.080085188 -0.684170187 -0.016388066 -0.981620669 0.058366053 0.180958077
1781254224.286756 2.771538258 -0.079099208 -0.684973657 -0.016143745 -0.982033372 0.058349680 0.178732350
1781254224.320126 2.760715485 -0.081323460 -0.685266197 -0.016708888 -0.982496977 0.057667155 0.176337644
1781254224.353497 2.753437042 -0.080482334 -0.686613739 -0.016654793 -0.982659817 0.058197454 0.175258175
1781254224.386867 2.746861458 -0.080410913 -0.688342094 -0.016621374 -0.983206272 0.058235697 0.172156438
1781254224.420236 2.739229441 -0.078310877 -0.688420892 -0.016727205 -0.983853817 0.058406305 0.168346941
1781254224.453605 2.728495598 -0.077848792 -0.690057099 -0.016531885 -0.984212220 0.058390863 0.166263506
1781254224.486975 2.722991705 -0.077214763 -0.692497849 -0.016805092 -0.984342933 0.058900286 0.165279716
1781254224.520344 2.717286110 -0.080322623 -0.692659378 -0.016664771 -0.984750390 0.058427531 0.163018897
1781254224.553714 2.708349228 -0.078308053 -0.694084704 -0.016692461 -0.985263228 0.058500521 0.159860954
1781254224.587083 2.698769808 -0.077705093 -0.695297003 -0.016396079 -0.985642791 0.058882207 0.157392561
1781254224.620452 2.692815065 -0.077133693 -0.698505044 -0.016485449 -0.985865176 0.058885202 0.155983210
1781254224.653821 2.687935114 -0.076724075 -0.701163530 -0.016652189 -0.985902250 0.059115820 0.155643344
1781254224.687191 2.677809000 -0.077736050 -0.703900933 -0.016813062 -0.986076176 0.059026189 0.154554069
1781254224.720559 2.671591759 -0.077413656 -0.706145763 -0.016789086 -0.986334622 0.059174404 0.152841538
1781254224.753928 2.664741993 -0.076177314 -0.711700439 -0.016750785 -0.986633062 0.059157036 0.150914490
1781254224.787297 2.656954050 -0.078898653 -0.714909375 -0.016870856 -0.986931086 0.058773022 0.149091676
1781254224.820666 2.651942730 -0.080486797 -0.719577909 -0.017121525 -0.987066507 0.058643732 0.148214459
1781254224.854035 2.641377449 -0.076897457 -0.725569904 -0.016852343 -0.987264812 0.059473559 0.146585271
1781254224.887403 2.636298180 -0.077904724 -0.731497169 -0.016993422 -0.987597585 0.059398439 0.144339994
1781254224.920772 2.630152941 -0.077812232 -0.737486482 -0.017140474 -0.988107145 0.059261072 0.140849754
1781254224.954140 2.625718117 -0.078452766 -0.744915187 -0.017072335 -0.988468051 0.059291415 0.138290122
1781254224.987509 2.620527267 -0.078284055 -0.750455678 -0.017345022 -0.988788545 0.059450418 0.135874972
1781254225.020877 2.613743305 -0.077558465 -0.758247912 -0.017226748 -0.989080727 0.059619475 0.133671552
1781254225.054246 2.606739521 -0.078593448 -0.763516545 -0.017394932 -0.989291251 0.059469987 0.132149771
1781254225.087615 2.601959705 -0.077863604 -0.770772278 -0.017432982 -0.989376128 0.059598915 0.131449401
1781254225.120983 2.599795341 -0.077003285 -0.778144300 -0.017238593 -0.989369512 0.059653435 0.131500393
1781254225.154351 2.594002247 -0.078111239 -0.785033107 -0.017463505 -0.989276648 0.059413791 0.132275283
1781254225.187719 2.589733601 -0.078794934 -0.790019155 -0.017415848 -0.989050686 0.059325583 0.133999914
1781254225.221087 2.586826563 -0.079253897 -0.797880769 -0.017630188 -0.988833964 0.059312601 0.135567546
1781254225.254458 2.582111120 -0.080237776 -0.803931415 -0.017607830 -0.988827825 0.058934078 0.135780692
1781254225.287828 2.579251289 -0.080224536 -0.811351895 -0.017607056 -0.988718450 0.058980078 0.136554986
1781254225.321198 2.575049639 -0.078768879 -0.817255199 -0.017799225 -0.988554299 0.059520494 0.137480691
1781254225.354569 2.572128534 -0.081114650 -0.822844326 -0.017808886 -0.988576889 0.059069019 0.137511864
1781254225.387939 2.565383434 -0.082453609 -0.830757976 -0.017531158 -0.988680005 0.058573425 0.137017429
1781254225.421309 2.562155247 -0.081807919 -0.836320162 -0.017785527 -0.988507807 0.059006300 0.138037205
1781254225.454679 2.558873892 -0.081410438 -0.844486952 -0.017707249 -0.988430738 0.059158962 0.138532817
1781254225.621528 2.536364079 -0.084506080 -0.876703382 -0.017635344 -0.988060653 0.058672890 0.141359970
1781254225.654897 2.532080889 -0.083699435 -0.884543777 -0.017770007 -0.987960637 0.059023824 0.141894966
1781254225.688267 2.528508902 -0.083734460 -0.890301943 -0.017821891 -0.987949669 0.059163310 0.141907007
1781254225.721637 2.524186850 -0.085485183 -0.897469223 -0.017923111 -0.987944126 0.059011482 0.141995773
1781254225.755007 2.520925045 -0.085815966 -0.903192341 -0.017928889 -0.987935305 0.058859456 0.142119706
1781254225.788376 2.515909195 -0.085564747 -0.910627961 -0.017903799 -0.987959266 0.058748983 0.142001882
1781254225.821745 2.511826992 -0.086971536 -0.915827751 -0.017802458 -0.987860620 0.058456108 0.142819524
1781254225.855114 2.507993460 -0.087314397 -0.923351586 -0.017825598 -0.987816572 0.058491640 0.143106446
1781254225.888484 2.503856897 -0.087622605 -0.929589987 -0.017762549 -0.987849414 0.058099955 0.143047124
1781254225.921853 2.500499487 -0.087978959 -0.937636316 -0.017517105 -0.987724662 0.058413193 0.143809080
1781254225.955222 2.496027708 -0.088029385 -0.942996144 -0.017586796 -0.987758338 0.058367852 0.143587872
1781254226.021960 2.489131689 -0.088816315 -0.955319643 -0.017479401 -0.987916112 0.058020368 0.142653093
1781254226.055328 2.485547781 -0.088674247 -0.960255086 -0.017460559 -0.988120973 0.058289766 0.141118288
1781254226.088697 2.481993437 -0.088904202 -0.965189517 -0.017352695 -0.988521218 0.058150541 0.138358951
1781254226.122066 2.477321386 -0.089454114 -0.969030917 -0.017319927 -0.988951921 0.058356602 0.135161445
1781254226.155434 2.473669291 -0.089052930 -0.973738313 -0.016919646 -0.989414096 0.058633741 0.131664991
1781254226.188803 2.469679594 -0.089281805 -0.977301002 -0.016983083 -0.990022957 0.058618516 0.127004057
1781254226.222172 2.465258121 -0.089841321 -0.980455279 -0.016862985 -0.990666389 0.058580697 0.121918388
1781254226.255543 2.461832523 -0.089654014 -0.980655789 -0.016661568 -0.991335750 0.058820032 0.116258755
1781254226.288913 2.457455397 -0.089615971 -0.982980013 -0.016329065 -0.992039919 0.058897100 0.110096999
1781254226.322284 2.452376127 -0.090475559 -0.984464049 -0.016319022 -0.992708623 0.058775969 0.103965484
1781254226.355654 2.448355675 -0.089597002 -0.988535643 -0.016391201 -0.993331909 0.059063897 0.097645462
1781254226.389025 2.442835093 -0.088738963 -0.992489934 -0.015933782 -0.993984640 0.059351034 0.090654202
1781254226.422395 2.436559200 -0.090264276 -0.991668701 -0.016312059 -0.994654357 0.058806118 0.083298184
1781254226.455767 2.431252241 -0.090482049 -0.991737485 -0.016208738 -0.995100021 0.058811609 0.077810504
1781254226.489137 2.425754786 -0.090667889 -0.992395639 -0.016113829 -0.995397449 0.058855876 0.073894516
1781254226.522508 2.420038939 -0.089898840 -0.993446231 0.015959045 0.995556056 -0.059326213 -0.071372010
1781254226.555878 2.414407253 -0.089722119 -0.993092060 0.016197935 0.995746791 -0.059392422 -0.068546616
1781254226.589248 2.407644033 -0.089316562 -0.993225813 0.015635850 0.995930254 -0.059443768 -0.065915905
1781254226.622618 2.401009083 -0.088961281 -0.993175268 0.015673555 0.995946169 -0.059653834 -0.065475561
1781254226.655988 2.393536329 -0.089760214 -0.991911054 0.015648240 0.995972693 -0.059280530 -0.065416828
1781254226.689358 2.386253595 -0.089756586 -0.990707099 0.015785657 0.995917916 -0.059331525 -0.066167414
1781254226.722728 2.379352808 -0.089502379 -0.988904834 0.015264208 0.995891869 -0.059452187 -0.066572361
1781254226.756097 2.372588634 -0.088390179 -0.989678085 0.015512379 0.995808303 -0.059316460 -0.067873217
1781254226.789467 2.364616871 -0.088313729 -0.988791704 0.015711349 0.995615244 -0.059517112 -0.070436105
1781254226.822837 2.356408119 -0.087965593 -0.986357808 0.015209989 0.995443344 -0.059594937 -0.072867595
1781254226.856207 2.348956823 -0.088508509 -0.984014332 -0.015572958 -0.995291531 0.058810797 0.075455591
1781254226.889576 2.341011763 -0.087829068 -0.980599344 -0.015556994 -0.994982481 0.058935378 0.079338193
1781254226.922945 2.334395885 -0.087047502 -0.979066670 -0.015430046 -0.994561851 0.059204984 0.084281802
1781254226.956315 2.325898170 -0.087229319 -0.974979043 -0.015794950 -0.994193494 0.058879595 0.088674538
1781254226.989685 2.319721937 -0.086535372 -0.971456110 -0.015794668 -0.993666053 0.058566954 0.094594926
1781254227.023054 2.312904358 -0.085297868 -0.969368041 -0.015944023 -0.993104279 0.058806539 0.100157604
1781254227.056423 2.305860519 -0.085089982 -0.964586675 -0.015771795 -0.992689729 0.058326945 0.104481332
1781254227.089792 2.298912048 -0.085209817 -0.959093928 -0.015611591 -0.992087066 0.058104109 0.110197954
1781254227.123161 2.293803453 -0.084897794 -0.953042626 -0.015501308 -0.991477907 0.058173586 0.115530245
1781254227.156532 2.288620949 -0.084374711 -0.949163556 -0.015845397 -0.990970612 0.057767257 0.119955070
1781254227.189900 2.281820297 -0.084148072 -0.941889167 -0.015835471 -0.990543187 0.057935823 0.123357058
1781254227.223270 2.273918867 -0.084080741 -0.934316397 -0.015544949 -0.990144908 0.057542052 0.126729488
1781254227.256644 2.268881559 -0.083140947 -0.928585231 -0.015608838 -0.989721239 0.057797272 0.129875883
1781254227.290018 2.263434172 -0.083702177 -0.920673907 -0.015475689 -0.989480257 0.057525579 0.131833836
1781254227.323393 2.258455992 -0.081898600 -0.915473938 -0.015561816 -0.989256799 0.057880066 0.133336961
1781254227.356767 2.252398968 -0.081773631 -0.907465577 -0.015563186 -0.989171624 0.057918269 0.133950606
1781254227.390141 2.246995449 -0.081855819 -0.899735272 -0.015823847 -0.989059746 0.057748314 0.134816721
1781254227.423515 2.242490053 -0.080425598 -0.892650664 -0.015465316 -0.988928318 0.058046140 0.135691732
1781254227.456889 2.236109734 -0.080872253 -0.884281278 -0.015566771 -0.988906503 0.057982568 0.135866642
1781254227.490263 2.230644226 -0.079178184 -0.877382994 -0.015451554 -0.988828421 0.058046516 0.136419073
1781254227.623758 2.206744194 -0.078225374 -0.843974352 -0.015610782 -0.988214731 0.057724547 0.140911222
1781254227.657132 2.200529337 -0.077396728 -0.835456550 -0.015653860 -0.987902343 0.058138855 0.142912239
1781254227.690506 2.195044994 -0.076771833 -0.827553689 -0.015549713 -0.987660229 0.058211681 0.144557625
1781254227.723880 2.190487623 -0.075312480 -0.819895744 -0.015806222 -0.987508595 0.058291931 0.145530477
1781254227.757253 2.183926582 -0.074449621 -0.812357545 -0.015847340 -0.987317085 0.058431488 0.146764338
1781254227.790627 2.179128647 -0.073811308 -0.805420101 -0.015896065 -0.987100005 0.058510944 0.148180306
1781254227.824000 2.173240662 -0.072666034 -0.797659814 -0.015825575 -0.986960173 0.058571070 0.149092898
1781254227.857375 2.168216228 -0.072089463 -0.789127886 -0.015615174 -0.986744046 0.058611419 0.150522813
1781254227.890748 2.161368370 -0.072691716 -0.780287445 -0.016048951 -0.986687899 0.058315892 0.150959402
1781254227.924122 2.156918526 -0.072693050 -0.770675898 -0.015888035 -0.986450136 0.058190785 0.152569756
1781254227.957495 2.152172089 -0.071971864 -0.762745678 -0.015686773 -0.986309111 0.058176167 0.153505236
1781254227.990868 2.146083832 -0.071785584 -0.754766107 -0.015662754 -0.986158431 0.057914067 0.154571056
1781254228.024242 2.142413616 -0.071708009 -0.747965515 -0.015613037 -0.985973179 0.057744157 0.155816868
1781254228.057615 2.136861086 -0.071430765 -0.739703476 -0.015794188 -0.985712707 0.057697609 0.157454789
1781254228.090988 2.131388664 -0.069613039 -0.731707275 -0.015903980 -0.985392988 0.058122464 0.159278437
1781254228.124362 2.127035379 -0.070730619 -0.723559558 -0.015761696 -0.985285223 0.058066085 0.159978136
1781254228.157735 2.118753910 -0.070120126 -0.713947475 -0.015627805 -0.985500097 0.057614859 0.158826947
1781254228.191108 2.115122557 -0.069141135 -0.705607295 -0.015632823 -0.985150874 0.057763286 0.160925090
1781254228.224481 2.109208584 -0.069613300 -0.696340621 -0.015623859 -0.984896362 0.057808634 0.162460163
1781254228.257850 2.100643396 -0.069340847 -0.688944459 -0.015654348 -0.984750330 0.057792146 0.163345695
1781254228.291218 2.097408533 -0.067050837 -0.680480838 -0.015781028 -0.984569788 0.057859030 0.164394662
1781254228.324586 2.088895082 -0.063895270 -0.670714378 -0.015794849 -0.984296679 0.058479171 0.165803447
1781254228.357954 2.084182501 -0.064949036 -0.660645247 -0.015693473 -0.984184027 0.058343761 0.166527927
1781254228.391323 2.079700470 -0.062622808 -0.653128743 -0.015664360 -0.984093666 0.058415741 0.167038709
1781254228.424691 2.074527025 -0.062571682 -0.645856380 -0.015901415 -0.983929098 0.058258668 0.168037549
1781254228.458059 2.067756653 -0.062208906 -0.636375308 -0.015718048 -0.983731270 0.058156952 0.169244200
1781254228.491426 2.063545465 -0.061441191 -0.630008936 -0.015690524 -0.983451307 0.058142070 0.170870975
1781254228.524794 2.061250210 -0.059466619 -0.621759415 -0.015377004 -0.983256698 0.058411457 0.171924472
1781254228.558163 2.056389332 -0.058250763 -0.612964272 -0.015437203 -0.983294189 0.058268789 0.171752959
1781254228.591531 2.054495096 -0.059337772 -0.603055596 -0.015356690 -0.983251035 0.057895985 0.172132954
1781254228.624898 2.050000668 -0.057990707 -0.596004188 -0.015190809 -0.983122647 0.058014750 0.172839165
1781254228.658266 2.047699213 -0.058271956 -0.587971270 -0.015405668 -0.982993722 0.057797506 0.173624784
1781254228.691633 2.046825647 -0.058161069 -0.579117239 -0.015535651 -0.982849300 0.057954751 0.174376637
1781254228.725000 2.042858124 -0.058120977 -0.571722567 -0.015267906 -0.983218908 0.058003914 0.172287911
1781254228.758368 2.041052341 -0.058288306 -0.564040482 -0.015185161 -0.983527184 0.057385910 0.170735464
1781254228.791735 2.038828373 -0.057678655 -0.554949760 -0.015116090 -0.983480811 0.057671316 0.170912474
1781254228.825102 2.037621498 -0.055483010 -0.548275411 -0.015030039 -0.983339846 0.058304686 0.171514973
1781254228.858469 2.033969879 -0.056105524 -0.540673852 -0.015207438 -0.983597577 0.057778914 0.170194432
1781254228.891836 2.031554222 -0.055020086 -0.532343626 -0.015020019 -0.983772457 0.057885639 0.169161335
1781254228.925203 2.028294086 -0.056440040 -0.523351669 -0.015244107 -0.983816803 0.057629023 0.168970406
1781254228.958570 2.027446270 -0.055391595 -0.517284989 -0.015079243 -0.983845353 0.057702649 0.168794155
1781254228.991936 2.024550200 -0.052311987 -0.510341763 -0.015051204 -0.983884037 0.058426376 0.168321565
1781254229.025303 2.022465706 -0.052788593 -0.502341688 -0.014777224 -0.984020233 0.058327772 0.167582273
1781254229.058669 2.018730164 -0.050359886 -0.493986040 -0.014780661 -0.984254062 0.058587041 0.166111752
1781254229.092036 2.015557051 -0.051143657 -0.487835050 -0.014795818 -0.984385908 0.058414675 0.165388182
1781254229.125402 2.011804581 -0.049317624 -0.482550651 -0.014363440 -0.984489679 0.058743123 0.164690956
1781254229.158769 2.007231712 -0.048849713 -0.474970698 -0.014440508 -0.984716177 0.058660470 0.163353890
1781254229.192135 2.005467892 -0.049058042 -0.470405310 -0.014100528 -0.984805942 0.058681648 0.162834421
1781254229.225502 1.998734355 -0.049079999 -0.464491218 -0.014304921 -0.984888077 0.058653373 0.162328869
1781254229.258872 1.995521903 -0.047968909 -0.461016148 -0.013861484 -0.984949470 0.058686022 0.161982864
1781254229.292241 1.991657019 -0.047324721 -0.457642108 -0.013744873 -0.984913111 0.058754582 0.162188724
1781254229.325610 1.986920118 -0.046719067 -0.453752935 -0.013259543 -0.985010326 0.059100013 0.161511704
1781254229.358979 1.985353589 -0.046823487 -0.452176511 -0.013346011 -0.985082328 0.058864880 0.161150962
1781254229.392349 1.977690458 -0.045586601 -0.451085806 -0.013028326 -0.985110641 0.058964953 0.160967246
1781254229.425718 1.972531796 -0.047172192 -0.450614363 -0.012850849 -0.984916747 0.058819033 0.162216455
1781254229.459087 1.964899898 -0.046452954 -0.451941878 -0.012848637 -0.984751642 0.058803082 0.163221657
1781254229.492455 1.960980654 -0.046137922 -0.453257680 -0.012593831 -0.984639049 0.058646422 0.163975209
1781254229.525825 1.951776743 -0.044233847 -0.454269171 -0.012575869 -0.984512746 0.059023127 0.164598852
1781254229.559193 1.943631411 -0.046382811 -0.457060844 -0.012820504 -0.984516084 0.058721844 0.164667815
1781254229.592562 1.938281894 -0.046129540 -0.460395515 -0.012668604 -0.984542608 0.058348026 0.164653942
1781254229.625930 1.928215384 -0.046726085 -0.464833707 -0.012824187 -0.984770238 0.058232021 0.163316414
1781254229.659299 1.916978478 -0.045797087 -0.469684154 -0.012801865 -0.985091805 0.058244351 0.161362410
1781254229.692667 1.907568574 -0.045528408 -0.475199640 -0.012958569 -0.985420704 0.058359876 0.159286797
1781254229.726036 1.896792173 -0.046701729 -0.478703409 -0.013176359 -0.986045122 0.058315251 0.155372888
1781254229.759404 1.889345288 -0.046389315 -0.485020220 -0.013213698 -0.986801147 0.058270056 0.150511131
1781254229.792772 1.878259659 -0.046819851 -0.490508080 -0.013238030 -0.987634242 0.058143944 0.144992128
1781254229.826140 1.868340373 -0.049548641 -0.492697537 -0.013479450 -0.988349080 0.057767648 0.140169069
1781254229.859509 1.860077381 -0.049020108 -0.500073195 -0.013664548 -0.989044487 0.057854198 0.135119319
1781254229.892876 1.853737235 -0.048355266 -0.507929862 -0.013325801 -0.989764988 0.058213275 0.129611075
1781254229.926244 1.850247622 -0.049878880 -0.514874637 -0.013044763 -0.990376532 0.057821389 0.125063777
1781254229.959613 1.839836836 -0.050588477 -0.520882964 -0.013387967 -0.990952373 0.057809528 0.120383956
1781254229.992981 1.833609462 -0.050475784 -0.527778924 -0.013296693 -0.991309404 0.057974935 0.117336765
1781254230.026349 1.827018976 -0.048577324 -0.535479128 -0.013189099 -0.991570175 0.058300693 0.114959404
1781254230.059716 1.825081348 -0.050587688 -0.543784857 -0.013064866 -0.991661191 0.057941251 0.114369228
1781254230.093084 1.817994237 -0.050879374 -0.551282048 -0.013587350 -0.991785944 0.057997659 0.113192022
1781254230.126451 1.813202381 -0.048209187 -0.558991790 -0.013399741 -0.991761684 0.058592424 0.113120385
1781254230.159819 1.808964252 -0.049776260 -0.566584349 -0.013613486 -0.991752207 0.058142703 0.113409221
1781254230.193186 1.804212093 -0.052957252 -0.573432207 -0.013845024 -0.991696954 0.057688046 0.114094719
1781254230.226554 1.801631808 -0.051872890 -0.580492258 -0.013774845 -0.991473436 0.057982326 0.115883097
1781254230.259924 1.796991944 -0.055312615 -0.588138819 -0.014001027 -0.991338670 0.057412472 0.117283255
1781254230.293294 1.793752432 -0.054025009 -0.597000241 -0.013874977 -0.991094947 0.057864055 0.119122669
1781254230.326664 1.791416764 -0.054053716 -0.607648611 -0.014358008 -0.990845859 0.058006905 0.121051982
1781254230.360034 1.788165927 -0.056546263 -0.615206718 -0.014236634 -0.990672588 0.057583034 0.122676045
1781254230.393404 1.781358719 -0.056950055 -0.623979568 -0.014318714 -0.990455687 0.057632830 0.124382742
1781254230.426774 1.776408672 -0.055812269 -0.635187924 -0.014347828 -0.990089595 0.058169805 0.127015695
1781254230.460144 1.771687627 -0.055919871 -0.645772576 -0.014436503 -0.989802957 0.057970505 0.129310638
1781254230.493513 1.771212339 -0.057872005 -0.658376813 -0.014306142 -0.989300907 0.057779439 0.133194506
1781254230.526883 1.768560767 -0.056534015 -0.668155491 -0.014177056 -0.988761246 0.058013976 0.137057543
1781254230.560252 1.762670875 -0.058716267 -0.678695917 -0.014395370 -0.988186955 0.057683542 0.141251534
1781254230.593622 1.756934404 -0.057637494 -0.692328811 -0.014865791 -0.987534881 0.058350109 0.145427868
1781254230.626991 1.752944112 -0.058975466 -0.703844547 -0.014748658 -0.987033010 0.058101729 0.148904696
1781254230.660362 1.744971871 -0.057916243 -0.715495408 -0.014584342 -0.986680090 0.058202084 0.151202679
1781254230.693731 1.741314411 -0.058575846 -0.727483749 -0.014677154 -0.985956788 0.058401585 0.155766487
1781254230.727100 1.736108661 -0.060272489 -0.738794208 -0.014864018 -0.985360980 0.058399517 0.159475252
1781254230.760469 1.732301712 -0.057374761 -0.751794577 -0.014852107 -0.984691024 0.059101693 0.163309395
1781254230.793838 1.729195595 -0.059360370 -0.762413859 -0.014894510 -0.984186172 0.058719806 0.166456521
1781254230.827207 1.722246408 -0.059411827 -0.775281429 -0.014839994 -0.983587980 0.058965936 0.169875011
1781254230.860576 1.718302011 -0.059402511 -0.789117455 -0.014585285 -0.982821405 0.059031241 0.174254909
1781254230.893945 1.714611530 -0.060792916 -0.801983118 -0.014867200 -0.982023180 0.059005532 0.178683653
1781254230.927314 1.709489465 -0.060958385 -0.814328551 -0.015111162 -0.981509209 0.059106261 0.181432709
1781254230.960682 1.705309749 -0.060280953 -0.829018295 -0.014705437 -0.981128812 0.059425816 0.183408365
1781254230.994051 1.702296257 -0.063305572 -0.843164444 -0.014643968 -0.980549812 0.058807801 0.186679989
1781254231.027420 1.697204351 -0.066743821 -0.857035279 -0.015316159 -0.979933560 0.058632020 0.189889237
1781254231.060788 1.692131519 -0.068513788 -0.870824218 -0.015278379 -0.979713202 0.058404829 0.191095725
1781254231.094157 1.688947320 -0.068172470 -0.885953307 -0.015171488 -0.979504704 0.058417562 0.192166433
1781254231.127525 1.684667110 -0.066651709 -0.901779473 -0.015421818 -0.979110420 0.059075609 0.193946213
1781254231.160893 1.678995371 -0.067272574 -0.915577769 -0.015186288 -0.979219198 0.059094448 0.193409055
1781254231.194262 1.673486590 -0.066912517 -0.933595061 -0.015242086 -0.979076743 0.059143562 0.194109693
1781254231.227630 1.665321112 -0.069687083 -0.942669272 -0.015650626 -0.978625596 0.059230238 0.196313158
1781254231.260999 1.664069653 -0.071282677 -0.963849902 -0.015463012 -0.978068411 0.058754273 0.199225992
1781254231.294367 1.657617331 -0.071805246 -0.977941871 -0.015534990 -0.978082836 0.058785751 0.199140415
1781254231.327736 1.652909994 -0.071826711 -0.994401455 -0.015372362 -0.978166938 0.058781326 0.198740944
1781254231.361105 1.644983292 -0.072992027 -1.010234952 -0.015008001 -0.978248954 0.058423191 0.198470443
1781254231.394474 1.640318155 -0.073082000 -1.027343631 -0.014856004 -0.977966249 0.058402352 0.199876383
1781254231.427842 1.634591579 -0.075268082 -1.039614797 -0.015114171 -0.977765858 0.058263164 0.200875387
1781254231.461210 1.629562616 -0.072574243 -1.054879665 -0.014968268 -0.977915943 0.058703769 0.200025797
1781254231.494579 1.624443293 -0.074043840 -1.069533825 -0.014682272 -0.978000998 0.058491267 0.199693158
1781254231.527947 1.618694544 -0.074629001 -1.082252741 -0.015042022 -0.978244901 0.058584280 0.198440522
1781254231.561315 1.614152193 -0.072915539 -1.096167803 -0.014870230 -0.978557408 0.059091795 0.196755067
1781254231.594683 1.610553503 -0.075120024 -1.108233333 -0.015123654 -0.978782356 0.058489315 0.195794359
1781254231.628051 1.605710745 -0.076003134 -1.120144606 -0.015403261 -0.978647649 0.058870681 0.196330994
1781254231.661418 1.601203203 -0.076117471 -1.132125020 -0.015117353 -0.979101837 0.059031002 0.194027126
1781254231.694786 1.595881224 -0.075818866 -1.143476248 -0.015223010 -0.979405344 0.059322033 0.192391247
1781254231.728154 1.591386795 -0.076965027 -1.153785944 -0.015477382 -0.979502678 0.059583571 0.191793874
1781254231.761522 1.588788033 -0.077308424 -1.166701794 -0.015642012 -0.979927063 0.059297103 0.189689562
1781254231.794889 1.583824158 -0.081276767 -1.180299282 -0.015105633 -0.980506659 0.058379248 0.187003821
1781254231.828257 1.578962088 -0.081088826 -1.191944122 -0.015475126 -0.980558872 0.058833629 0.186557174
1781254231.861624 1.575749159 -0.082664073 -1.203047633 -0.015192019 -0.980795503 0.058550321 0.185421690
1781254231.894991 1.570990562 -0.084405541 -1.214264393 -0.015191576 -0.981087446 0.058291752 0.183952972
1781254231.928358 1.567577600 -0.085321896 -1.225677133 -0.015108593 -0.981306612 0.058382008 0.182758346
1781254231.961725 1.563488483 -0.085124299 -1.237411737 -0.014958986 -0.981684089 0.058380604 0.180732995
1781254231.995093 1.559036970 -0.087238930 -1.249291182 -0.014911749 -0.981960893 0.058221675 0.179278314
1781254232.028460 1.554354429 -0.086784273 -1.261249065 -0.014774507 -0.982330203 0.058552425 0.177146018
1781254232.061827 1.549689531 -0.086081326 -1.272332191 -0.014915374 -0.982595682 0.058943029 0.175524905
1781254232.095194 1.546094656 -0.088285819 -1.282958508 -0.014970071 -0.982957184 0.058548171 0.173617974
1781254232.128561 1.543898582 -0.088470057 -1.298133254 -0.014695905 -0.983196735 0.058787446 0.172198176
1781254232.161927 1.539129972 -0.089650795 -1.307652473 -0.014941061 -0.983400345 0.058830846 0.170995712
1781254232.195294 1.535037756 -0.090011217 -1.317302108 -0.014814420 -0.983722210 0.058831129 0.169145077
1781254232.228661 1.533804893 -0.091752529 -1.329086661 -0.014433999 -0.983862936 0.058578640 0.168445513
1781254232.262028 1.529583216 -0.092123494 -1.338037848 -0.014329630 -0.984065056 0.058697242 0.167228401
1781254232.295396 1.525696993 -0.092480704 -1.348967791 -0.014241228 -0.984322011 0.058811415 0.165676296
1781254232.328763 1.523169994 -0.092945263 -1.359734058 -0.014360040 -0.984428048 0.058910605 0.164999500
1781254232.362130 1.519578695 -0.095060170 -1.369248509 -0.014277583 -0.984577239 0.058625180 0.164216325
1781254232.395497 1.515813828 -0.095733523 -1.378894329 -0.014155191 -0.984867632 0.058674637 0.162458599
1781254232.428864 1.511914730 -0.094839729 -1.390360832 -0.014208154 -0.985014737 0.059094042 0.161406487
1781254232.462231 1.508556366 -0.095024064 -1.399379253 -0.014259485 -0.985138118 0.059334304 0.160558537
1781254232.495598 1.503561258 -0.095652685 -1.409191132 -0.014196033 -0.985431135 0.059258629 0.158783928
1781254232.528965 1.501681805 -0.096710853 -1.421255350 -0.014379881 -0.985579014 0.059518188 0.157749355
1781254232.562331 1.498151541 -0.097241059 -1.432250023 -0.014065793 -0.985869288 0.059492610 0.155963257
1781254232.595698 1.495145559 -0.098752417 -1.441855669 -0.014118605 -0.986118436 0.059385579 0.154416427
1781254232.629065 1.489116192 -0.098256074 -1.454134703 -0.014461616 -0.986370027 0.059786789 0.152612522
1781254232.662431 1.485624313 -0.098748259 -1.464123964 -0.014294906 -0.986616910 0.059928745 0.150968328
1781254232.829263 1.466171026 -0.101727106 -1.518391848 -0.013968976 -0.988465905 0.059928913 0.138378829
1781254232.862629 1.462457895 -0.102169409 -1.529225111 -0.013978159 -0.988801003 0.060382821 0.135761708
1781254232.895995 1.457191467 -0.101746842 -1.539823651 -0.013562253 -0.989254713 0.060347278 0.132474259
1781254232.929361 1.453109503 -0.101702295 -1.549126148 -0.013732010 -0.989639580 0.060501236 0.129478097
1781254232.962727 1.448210239 -0.101879671 -1.558496237 -0.013838277 -0.990012705 0.061022602 0.126331389
1781254232.996092 1.443522692 -0.103187889 -1.567471027 -0.013907145 -0.990438104 0.060737349 0.123085476
1781254233.029458 1.438658953 -0.103514858 -1.575866938 -0.013651576 -0.990804493 0.060886346 0.120054074
1781254233.062823 1.433050156 -0.103511974 -1.584741235 -0.013448315 -0.991216004 0.061073121 0.116533533
1781254233.096189 1.427771330 -0.105557777 -1.593433857 -0.013587411 -0.991632462 0.060561012 0.113193937
1781254233.129554 1.421792269 -0.104552716 -1.600317478 -0.013417501 -0.991918623 0.061337158 0.110250600
1781254233.162919 1.416239142 -0.105280802 -1.607350111 -0.013350427 -0.992205679 0.061231818 0.107705563
1781254233.196284 1.408471584 -0.105281115 -1.614593983 -0.013252819 -0.992616713 0.061253563 0.103848055
1781254233.229650 1.401980042 -0.107021853 -1.622187614 -0.013038591 -0.992850900 0.061162293 0.101667657
1781254233.263035 1.395299077 -0.107434839 -1.629275084 -0.012977297 -0.993100941 0.061080791 0.099253580
1781254233.296420 1.389180422 -0.107856855 -1.636949658 -0.012671138 -0.993331671 0.060992077 0.097013399
1781254233.396577 1.368097425 -0.108859450 -1.657603264 -0.012535872 -0.993612349 0.060883150 0.094184153
1781254233.429963 1.360692024 -0.109836668 -1.663711429 -0.012333464 -0.993746042 0.060560107 0.093000785
1781254233.463349 1.354554296 -0.109326005 -1.670389891 -0.012324004 -0.993786931 0.060756654 0.092435643
1781254233.496735 1.347661257 -0.110326350 -1.677023292 -0.012315686 -0.993855238 0.060601760 0.091801889
1781254233.530120 1.340210319 -0.109951280 -1.684460998 -0.012199569 -0.993996441 0.060551669 0.090309277
1781254233.563506 1.333422542 -0.108740047 -1.690682292 -0.012431992 -0.994052231 0.060986292 0.089365967
1781254233.596892 1.326953888 -0.109215274 -1.697231412 -0.012326639 -0.994153917 0.060883395 0.088313937
1781254233.630278 1.319732428 -0.109506465 -1.703159571 -0.012409149 -0.994292140 0.060872220 0.086739726
1781254233.663663 1.313225508 -0.109757766 -1.708850861 -0.012275730 -0.994436324 0.060922857 0.085054144
1781254233.697049 1.308546066 -0.111012720 -1.714539886 -0.011939644 -0.994608462 0.060576536 0.083318390
1781254233.730435 1.300484061 -0.110617541 -1.719250321 -0.012002855 -0.994808257 0.060845550 0.080686979
1781254233.763821 1.293779612 -0.112734661 -1.723690510 -0.011912094 -0.995071292 0.060164209 0.077919990
1781254233.797207 1.287591934 -0.111787163 -1.728688836 -0.011717924 -0.995217621 0.060624007 0.075692728
1781254233.830593 1.279839516 -0.112176664 -1.733187079 0.011764602 0.995471478 -0.060869001 -0.072063312
1781254233.863979 1.272773027 -0.112192504 -1.736232877 0.011552515 0.995755970 -0.060725518 -0.068183683
1781254233.897365 1.264245272 -0.112325676 -1.740151763 -0.011500720 -0.995980322 0.060815703 0.064749449
1781254233.930750 1.256918430 -0.113436587 -1.743667960 -0.011399157 -0.996172309 0.060592249 0.061962921
1781254233.964136 1.249464273 -0.113188721 -1.746974707 -0.011123140 -0.996324062 0.060655732 0.059460070
1781254233.997523 1.241888046 -0.113499962 -1.750653744 -0.010837548 -0.996445417 0.060654212 0.057446864
1781254234.030909 1.234524727 -0.112466410 -1.755959153 -0.010756969 -0.996456981 0.060821254 0.057083242
1781254234.064295 1.227661371 -0.113431878 -1.759471655 -0.010791205 -0.996458709 0.060567696 0.057316650
1781254234.097681 1.218448758 -0.113406315 -1.761318207 -0.010716847 -0.996474922 0.060622163 0.056991577
1781254234.131067 1.210683346 -0.112538524 -1.764708757 -0.010438343 -0.996477544 0.060610261 0.057008956
1781254234.164454 1.201840639 -0.114199579 -1.767757773 -0.010504976 -0.996441722 0.060292330 0.057952322
1781254234.197841 1.191406131 -0.112883158 -1.770796776 -0.010774828 -0.996371448 0.060729522 0.058650140
1781254234.264598 1.172917604 -0.112719700 -1.775216937 -0.010621886 -0.996215105 0.060716603 0.061288208
1781254234.297969 1.164670706 -0.113492735 -1.777538180 -0.010726268 -0.996118844 0.060545810 0.062979698
1781254234.331340 1.155427217 -0.113470100 -1.779670596 -0.010676753 -0.996092975 0.060571309 0.063371912
1781254234.364711 1.145570159 -0.112773202 -1.782290936 -0.011026925 -0.996047020 0.060690869 0.063916743
1781254234.398082 1.136083603 -0.113445386 -1.783408523 -0.010790000 -0.996013105 0.060776476 0.064403057
1781254234.431453 1.126998663 -0.113232844 -1.784987450 -0.010820420 -0.996032298 0.060822554 0.064056143
1781254234.464823 1.118966818 -0.113875195 -1.786518335 -0.010238392 -0.996089518 0.060364746 0.063694328
1781254234.498194 1.107655883 -0.113485053 -1.786608458 -0.010581236 -0.996110082 0.060448419 0.063236743
1781254234.531565 1.097458601 -0.112660989 -1.786310196 -0.011309971 -0.996033132 0.061004702 0.063784838
1781254234.564935 1.088336825 -0.112739161 -1.785804749 -0.011561434 -0.995908320 0.060843356 0.065811016
1781254234.598306 1.078625679 -0.112326220 -1.785390496 -0.011546756 -0.995741725 0.060940918 0.068200834
1781254234.631676 1.069826841 -0.112349145 -1.785698414 -0.011457168 -0.995502055 0.060861602 0.071695894
1781254234.665047 1.063072681 -0.112693183 -1.785888672 0.010628625 0.995271742 -0.060590446 -0.075167365
1781254234.698417 1.054648161 -0.113301285 -1.783784509 0.011066305 0.994967461 -0.060185902 -0.079341374
1781254234.731788 1.046210170 -0.113331400 -1.781572580 0.011287784 0.994591415 -0.060167409 -0.083907567
1781254234.765158 1.040183544 -0.111768663 -1.780778289 0.011393331 0.994168937 -0.060859233 -0.088287279
1781254234.798528 1.035069466 -0.112392850 -1.778195262 0.011143686 0.993823349 -0.060407449 -0.092423104
1781254234.831898 1.029069304 -0.112204850 -1.776358008 0.011238957 0.993442118 -0.060465641 -0.096386597
1781254234.865269 1.023476839 -0.111770876 -1.774569273 0.010931981 0.993059278 -0.060545858 -0.100239836
1781254234.898639 1.019408107 -0.113019615 -1.770261049 -0.011461393 -0.992713273 0.060231097 0.103736579
1781254234.932009 1.015009522 -0.112007432 -1.768288732 -0.011668758 -0.992341399 0.060411930 0.107111663
1781254234.965379 1.012424588 -0.112005122 -1.765065312 -0.011609986 -0.991944909 0.060371056 0.110751092
1781254234.998749 1.008746743 -0.111678958 -1.761541247 -0.011681637 -0.991664827 0.060263991 0.113281615
1781254235.032118 1.009081006 -0.112714611 -1.759063721 -0.011492894 -0.991320431 0.059865680 0.116481788
1781254235.065488 1.006832480 -0.111795299 -1.755723238 -0.011817880 -0.991023242 0.060029417 0.118869267
1781254235.098857 1.005312324 -0.111963794 -1.751567483 -0.011658572 -0.990772784 0.059727959 0.121103324
1781254235.132227 1.003589034 -0.111408725 -1.746722460 -0.011675347 -0.990621686 0.059621267 0.122383356
1781254235.165596 1.003464341 -0.111026809 -1.741202831 -0.011844006 -0.990423620 0.059810977 0.123869188
1781254235.198966 1.001467943 -0.111431435 -1.735529780 -0.012014642 -0.990282238 0.059381977 0.125182211
1781254235.232336 1.001206160 -0.110082798 -1.729288340 -0.012070578 -0.990081608 0.059931297 0.126495525
1781254235.265705 0.999778032 -0.109366551 -1.722102523 -0.012541510 -0.990068674 0.059852671 0.126587749
1781254235.299073 0.999929309 -0.109233230 -1.716372013 -0.012188465 -0.989863932 0.059682366 0.128292561
1781254235.332442 0.997434974 -0.109867424 -1.709638953 -0.012567184 -0.989680290 0.059831329 0.129596055
1781254235.365811 0.996487856 -0.109068021 -1.701273561 -0.012631823 -0.989591062 0.060012076 0.130186960
1781254235.399180 0.994027853 -0.108505525 -1.695289135 -0.012511116 -0.989607096 0.059812848 0.130168423
1781254235.432549 0.993782997 -0.108448252 -1.689402699 -0.012331322 -0.989449263 0.059749935 0.131408229
1781254235.465917 0.991285801 -0.108120397 -1.682511568 -0.012506559 -0.989303827 0.059859864 0.132433027
1781254235.499286 0.989462852 -0.107039154 -1.676032305 -0.012420979 -0.989239395 0.059849240 0.132925659
1781254235.532654 0.987519264 -0.106530868 -1.668958306 -0.012698470 -0.989174426 0.060004488 0.133312553
1781254235.566023 0.986932516 -0.106206268 -1.663088083 -0.012336588 -0.989023566 0.059928529 0.134494826
1781254235.599392 0.986727834 -0.106278278 -1.655834436 -0.012305734 -0.988885224 0.059795611 0.135569617
1781254235.632760 0.984346032 -0.106183447 -1.647720814 -0.012619094 -0.988817751 0.059618533 0.136109993
1781254235.666128 0.984098196 -0.104259975 -1.641349435 -0.012724049 -0.988702476 0.060071155 0.136736989
1781254235.699496 0.980910182 -0.104690298 -1.633571863 -0.012782934 -0.988703907 0.059734274 0.136868641
1781254235.732864 0.980514407 -0.103293635 -1.626497507 -0.012705460 -0.988575995 0.060138159 0.137621179
1781254235.766232 0.979089022 -0.103362456 -1.618270397 -0.012521904 -0.988603294 0.060028940 0.137489438
1781254235.799599 0.978897691 -0.102023572 -1.612526774 -0.012453370 -0.988548577 0.060095917 0.137858957
1781254235.832967 0.976327777 -0.103316911 -1.601010799 -0.012583742 -0.988593042 0.059687536 0.137705937
1781254235.866335 0.974803209 -0.101085037 -1.594395876 -0.012667051 -0.988393188 0.060117748 0.138940513
1781254235.899702 0.973879457 -0.102276057 -1.585076332 -0.012693879 -0.988310218 0.059679359 0.139714316
1781254235.933069 0.972451091 -0.102439635 -1.577381492 -0.012902233 -0.988224149 0.059293490 0.140466854
1781254235.966437 0.972669840 -0.101548463 -1.570077181 -0.012973471 -0.988026202 0.059785519 0.141639650
1781254235.999804 0.972669959 -0.102047026 -1.559833050 -0.012896366 -0.988183379 0.059269130 0.140764400
1781254236.033171 0.971410513 -0.101013191 -1.551355124 -0.013141211 -0.988275766 0.059496537 0.139994800
1781254236.066538 0.971799493 -0.099984735 -1.543213129 -0.012981916 -0.988213897 0.059639357 0.140384674
1781254236.099905 0.970782161 -0.099314943 -1.535300970 -0.013126003 -0.988268733 0.059893698 0.139876828
1781254236.133272 0.971765280 -0.099940024 -1.526722193 -0.013196541 -0.988435149 0.059267081 0.138958007
1781254236.166639 0.971231937 -0.098455556 -1.519144773 -0.013488661 -0.988526165 0.059782021 0.138059184
1781254236.200006 0.972468734 -0.097438917 -1.512181878 -0.013442556 -0.988506854 0.059894819 0.138152793
1781254236.233373 0.971722126 -0.097513087 -1.503768921 -0.013164340 -0.988730490 0.059460856 0.136759371
1781254236.266743 0.970878482 -0.097687498 -1.495743513 -0.013470500 -0.988848805 0.059530597 0.135841087
1781254236.300113 0.972481370 -0.097546063 -1.487371802 -0.013486613 -0.988902628 0.059371382 0.135516480
1781254236.333483 0.974218011 -0.097433627 -1.477889776 -0.013353031 -0.988959074 0.059121642 0.135227308
1781254236.366852 0.975026727 -0.096917503 -1.469016552 -0.013353155 -0.989025235 0.059107490 0.134748608
1781254236.400222 0.975803971 -0.096156828 -1.460163713 -0.013519044 -0.989012718 0.059490696 0.134654924
1781254236.433591 0.978400588 -0.097443253 -1.452076197 -0.013551600 -0.988911450 0.058862463 0.135667667
1781254236.466960 0.980369806 -0.096510179 -1.443851948 -0.013380004 -0.988789976 0.058810823 0.136589482
1781254236.500329 0.982421875 -0.095448628 -1.434258938 -0.013900205 -0.988528550 0.059064850 0.138309509
1781254236.533699 0.984366417 -0.095052317 -1.425666809 -0.013555015 -0.988343954 0.058777787 0.139777586
1781254236.567068 0.986786127 -0.094852149 -1.413708925 -0.013862104 -0.988020003 0.058662731 0.142066777
1781254236.600436 0.988047838 -0.090619072 -1.403689384 -0.013604828 -0.987827897 0.059546273 0.143056750
1781254236.633806 0.991108537 -0.089841701 -1.392480135 -0.013648992 -0.987599611 0.059563704 0.144613132
1781254236.667174 0.993422270 -0.089172192 -1.381491899 -0.013482937 -0.987450778 0.059505798 0.145665035
1781254236.700543 0.996134520 -0.087961927 -1.369905472 -0.013533281 -0.987181902 0.059429873 0.147502109
1781254236.733912 0.999799371 -0.089404158 -1.358939648 -0.013702900 -0.986895978 0.058889464 0.149601445
1781254236.767280 1.001987219 -0.089128077 -1.346295714 -0.013915757 -0.986594558 0.058787070 0.151597157
1781254236.800649 1.005184054 -0.089300424 -1.333247900 -0.013988099 -0.986251593 0.058609720 0.153873786
1781254236.834017 1.007708788 -0.086734936 -1.322033644 -0.013864426 -0.986047328 0.059048597 0.155022204
1781254236.867385 1.011999488 -0.087159209 -1.309030771 -0.014057621 -0.985772014 0.058671024 0.156887427
1781254236.900754 1.013712764 -0.084862381 -1.296761274 -0.014055875 -0.985502601 0.059028760 0.158438519
1781254236.934122 1.016606927 -0.083729178 -1.285037518 -0.013999898 -0.985156596 0.059099536 0.160555020
1781254236.967491 1.019089341 -0.082917109 -1.271987081 -0.014081133 -0.984841466 0.059506666 0.162320718
1781254237.000859 1.022175670 -0.082942359 -1.260774255 -0.014723161 -0.984537780 0.059062883 0.164256394
1781254237.034227 1.028255105 -0.081717171 -1.249996901 -0.013981352 -0.984082818 0.058965076 0.167058960
1781254237.067595 1.031835318 -0.082120404 -1.239416838 -0.014190960 -0.983793616 0.059012093 0.168720007
1781254237.100962 1.032817960 -0.080434106 -1.228397131 -0.013919488 -0.983833611 0.059080876 0.168485031
1781254237.134330 1.035011172 -0.079466559 -1.217572808 -0.013867383 -0.983657360 0.059053659 0.169524640
1781254237.167697 1.038989782 -0.079391226 -1.206410646 -0.013885700 -0.983422399 0.059046332 0.170883358
1781254237.201065 1.042170525 -0.079851225 -1.195819497 -0.013715063 -0.983202636 0.058813650 0.172236443
1781254237.234433 1.044218421 -0.080059573 -1.186213017 -0.013696012 -0.983169436 0.058574226 0.172509581
1781254237.267809 1.046190143 -0.079466745 -1.177803516 -0.013530155 -0.983054340 0.058594342 0.173170075
1781254237.301184 1.049090743 -0.078568868 -1.168682575 -0.013779617 -0.982960224 0.058821015 0.173607349
1781254237.334560 1.050253510 -0.077948742 -1.160133243 -0.013855382 -0.982915401 0.058819149 0.173855469
1781254237.367936 1.053595543 -0.079149865 -1.151338458 -0.013461661 -0.982992649 0.058401983 0.173589781
1781254237.401311 1.056077600 -0.077771798 -1.142296791 -0.013543786 -0.983004928 0.058690805 0.173416719
1781254237.434687 1.057621837 -0.076835424 -1.132709384 -0.013567265 -0.983002424 0.058861464 0.173371360
1781254237.468062 1.059905529 -0.075274929 -1.122605801 -0.013740082 -0.983146906 0.059231911 0.172409460
1781254237.501438 1.060881257 -0.074498042 -1.113112569 -0.013680057 -0.983449459 0.059097134 0.170726866
1781254237.534813 1.063847423 -0.073547363 -1.103686452 -0.013642098 -0.983357608 0.059312608 0.171183690
1781254237.568188 1.064795971 -0.072717227 -1.095613718 -0.013538747 -0.983426809 0.059662148 0.170672104
1781254237.601564 1.068139195 -0.071995229 -1.086475015 -0.013638597 -0.983509481 0.059789449 0.170142576
1781254237.634939 1.069431186 -0.071598403 -1.077573419 -0.013464292 -0.983771980 0.059517730 0.168727979
1781254237.668316 1.070380926 -0.069828637 -1.069977522 -0.013430418 -0.983874500 0.059819963 0.168024376
1781254237.701691 1.071529746 -0.070413828 -1.061527133 -0.013380677 -0.984005153 0.059427291 0.167401552
1781254237.735066 1.074450850 -0.069140837 -1.051958203 -0.013379863 -0.984041214 0.059696391 0.167093650
1781254237.768441 1.075535774 -0.069437385 -1.042164564 -0.013503670 -0.984208584 0.059580937 0.166136503
1781254237.801816 1.078443170 -0.068662062 -1.031714559 -0.013170613 -0.984330714 0.059714366 0.165390357
1781254237.835192 1.080671310 -0.068777516 -1.020552516 -0.013145952 -0.984556496 0.059475597 0.164129436
1781254237.868567 1.082090616 -0.067818388 -1.010608554 -0.013502706 -0.984644949 0.059693515 0.163489208
1781254237.901942 1.081792474 -0.065938763 -1.001126409 -0.013347017 -0.984833241 0.060035728 0.162237883
1781254237.935317 1.087330818 -0.066896066 -0.990651965 -0.013472491 -0.984870672 0.059653822 0.162141204
1781254237.968692 1.088681102 -0.065767124 -0.979952574 -0.013475185 -0.985024869 0.059702121 0.161183819
1781254238.002067 1.092418313 -0.065494373 -0.970137119 -0.013419116 -0.985014200 0.059933562 0.161167532
1781254238.035441 1.093053222 -0.064077184 -0.960519075 -0.013098830 -0.985177100 0.059886668 0.160212561
1781254238.068816 1.095141888 -0.063915446 -0.950791419 -0.012995316 -0.985264659 0.059747197 0.159734443
1781254238.102191 1.096811175 -0.063520372 -0.939641714 -0.013125260 -0.985186875 0.060070425 0.160081789
1781254238.135566 1.099072099 -0.063660264 -0.929243207 -0.013345805 -0.985330701 0.059648145 0.159334317
1781254238.168941 1.100996256 -0.062745169 -0.918548882 -0.013286740 -0.985305429 0.059577245 0.159521997
1781254238.202315 1.105089784 -0.061621767 -0.906416416 -0.013174575 -0.985159039 0.059694439 0.160389334
1781254238.235690 1.106423855 -0.061053660 -0.895145178 -0.013372836 -0.985073686 0.059889648 0.160823867
1781254238.269107 1.107946873 -0.059946574 -0.882910907 -0.013470461 -0.984981418 0.059983429 0.161344901
1781254238.302525 1.110713243 -0.059693169 -0.871514142 -0.013737567 -0.984966934 0.059644211 0.161536604
1781254238.335943 1.113060236 -0.059971392 -0.859977603 -0.013787777 -0.984858453 0.059593361 0.162211254
1781254238.369363 1.115758181 -0.058618665 -0.848007977 -0.013917970 -0.984749675 0.059808556 0.162780046
1781254238.402782 1.119077325 -0.058383785 -0.836759746 -0.013786672 -0.984556615 0.059545599 0.164050773
1781254238.436201 1.120884180 -0.057230629 -0.826142669 -0.013954837 -0.984331310 0.059644587 0.165347382
1781254238.469622 1.123454332 -0.058589716 -0.815136790 -0.014364233 -0.984063864 0.059501383 0.166947931
1781254238.503042 1.126675129 -0.057444058 -0.804536700 -0.014194778 -0.983936787 0.059568688 0.167685658
1781254238.536464 1.126679301 -0.056072503 -0.796694160 -0.014165539 -0.983949125 0.059457500 0.167655334
1781254238.569886 1.128360629 -0.054763626 -0.786159515 -0.014173730 -0.983627021 0.059533227 0.169507816
1781254238.603308 1.130851269 -0.055544056 -0.776548862 -0.014162452 -0.983235061 0.059216566 0.171877161
1781254238.636731 1.129911065 -0.055191979 -0.766697705 -0.014865357 -0.982915401 0.059100308 0.173676506
1781254238.670155 1.130353808 -0.054109432 -0.756320834 -0.014776602 -0.982649028 0.059171531 0.175160751
1781254238.703578 1.131973147 -0.051074266 -0.745656967 -0.013743726 -0.982281029 0.059595738 0.177153915
1781254238.737003 1.132830143 -0.052758262 -0.736007452 -0.013714726 -0.982095420 0.058776494 0.178454176
1781254238.770428 1.134752512 -0.052589148 -0.728022754 -0.013596321 -0.981693089 0.058650382 0.180703938
1781254238.803854 1.136733174 -0.051534280 -0.717925310 -0.013725995 -0.981457531 0.058906663 0.181886688
1781254238.837280 1.134363174 -0.051568549 -0.709078193 -0.014099680 -0.981520474 0.058746528 0.181569815
1781254238.870706 1.133732677 -0.048635151 -0.700528979 -0.014161160 -0.981524706 0.059367944 0.181340054
1781254238.904133 1.134914517 -0.049890466 -0.691265285 -0.014233812 -0.981475830 0.058996912 0.181719780
1781254238.937561 1.137780905 -0.049646564 -0.683066726 -0.014128583 -0.981364667 0.058982451 0.182332054
1781254238.970989 1.136010408 -0.049469341 -0.673816144 -0.014387942 -0.981446147 0.058913887 0.181894884
1781254239.004418 1.135019064 -0.049332030 -0.665093005 -0.014408989 -0.981510818 0.059164420 0.181462005
1781254239.037847 1.135528684 -0.048631534 -0.655194998 -0.014639662 -0.981802583 0.059094612 0.179881200
1781254239.071278 1.133928299 -0.048754487 -0.644802988 -0.014782459 -0.982058406 0.058882814 0.178537667
1781254239.104708 1.134822488 -0.047820013 -0.635729909 -0.014582272 -0.982020378 0.059154190 0.178673536
1781254239.138139 1.132225633 -0.045260593 -0.627135217 -0.014653580 -0.982165813 0.059744317 0.177669257
1781254239.171570 1.131470442 -0.045615271 -0.616679668 -0.014612724 -0.982495189 0.059257366 0.176006228
1781254239.205002 1.129975319 -0.043988779 -0.608598471 -0.014646402 -0.982652903 0.059586026 0.175009698
1781254239.238433 1.127912879 -0.044547211 -0.600643873 -0.014397647 -0.982876539 0.059405994 0.173831433
1781254239.271809 1.124400616 -0.043628778 -0.590680659 -0.014584124 -0.983118236 0.059400707 0.172445729
1781254239.305185 1.122466445 -0.044838022 -0.579864442 -0.014595143 -0.983324766 0.059008893 0.171398461
1781254239.338562 1.120630741 -0.043769337 -0.572662413 -0.014578781 -0.983319521 0.059236392 0.171351433
1781254239.371938 1.118853927 -0.043546736 -0.563408136 -0.014511026 -0.983363092 0.059067056 0.171165437
1781254239.405314 1.112845182 -0.041250549 -0.557982385 -0.014612162 -0.983373165 0.059389230 0.170987368
1781254239.438690 1.112302661 -0.043556388 -0.550275564 -0.014333154 -0.983162344 0.058715548 0.172449827
1781254239.472066 1.106817365 -0.041265246 -0.545214057 -0.014451162 -0.982948184 0.059006430 0.173557952
1781254239.505443 1.102305174 -0.042883866 -0.536315382 -0.014533993 -0.982519627 0.058395684 0.176164582
1781254239.538819 1.095216870 -0.041421130 -0.530300558 -0.014370183 -0.982093751 0.058569662 0.178479910
1781254239.572195 1.090630531 -0.041266207 -0.525675774 -0.014567093 -0.981419802 0.058369938 0.182197660
1781254239.605571 1.085560918 -0.042437591 -0.520673990 -0.014440542 -0.980701506 0.058159716 0.186100975
1781254239.638947 1.080058932 -0.042274300 -0.515686750 -0.014578412 -0.979909658 0.058169089 0.190212965
1781254239.672323 1.072307467 -0.039216354 -0.511681437 -0.014053334 -0.979177356 0.058590539 0.193859428
1781254239.705699 1.067351222 -0.039600592 -0.508248448 -0.013911094 -0.978243172 0.058403227 0.198584929
1781254239.739075 1.061081290 -0.040165998 -0.503949642 -0.013853048 -0.977392912 0.058349743 0.202747449
1781254239.772452 1.052251220 -0.039959949 -0.500263631 -0.013893107 -0.976626039 0.058159776 0.206460774
1781254239.805828 1.045598865 -0.040110979 -0.497344106 -0.013888347 -0.975779891 0.057980660 0.210473269
1781254239.839205 1.039611101 -0.040164940 -0.496036738 -0.014121568 -0.974959433 0.058008477 0.214219168
1781254239.872581 1.032439232 -0.038592525 -0.492244899 -0.013891628 -0.974399686 0.058150686 0.216727585
1781254239.905957 1.023211598 -0.038110919 -0.487090468 -0.013736836 -0.973997891 0.057923984 0.218596458
1781254239.939332 1.013589740 -0.037552066 -0.484721631 -0.013468096 -0.973353207 0.058173504 0.221400127
1781254239.972708 1.006675363 -0.035927247 -0.480817288 -0.013426007 -0.972759724 0.058283880 0.223967120
1781254240.006084 1.000123858 -0.037777942 -0.476783872 -0.013614466 -0.972319603 0.057905532 0.225956261
1781254240.039460 0.990594983 -0.037087575 -0.473757952 -0.013655782 -0.972123563 0.057826526 0.226815715
1781254240.072836 0.981908917 -0.036443621 -0.471017241 -0.013628410 -0.972018123 0.057985082 0.227228522
1781254240.106212 0.972824454 -0.036650628 -0.469077677 -0.013539012 -0.972036779 0.057666939 0.227235198
1781254240.139588 0.964771152 -0.036600426 -0.467207789 -0.013476225 -0.971935630 0.057637416 0.227678478
1781254240.172964 0.956057310 -0.037025653 -0.464645058 -0.013513176 -0.972045481 0.057529308 0.227234155
1781254240.206340 0.947044849 -0.036764830 -0.464869708 -0.013645893 -0.972120941 0.057864141 0.226817921
1781254240.239716 0.937377095 -0.035864681 -0.464075089 -0.013122258 -0.972586095 0.057853956 0.224849164
1781254240.273090 0.926572084 -0.034290250 -0.463261098 -0.013181536 -0.973174870 0.057970230 0.222253025
1781254240.306465 0.917989016 -0.034886524 -0.464019537 -0.012945507 -0.973676026 0.057823312 0.220099628
1781254240.339839 0.908342123 -0.035248924 -0.463429481 -0.012764617 -0.974366724 0.058046978 0.216972619
1781254240.373214 0.897938848 -0.035253830 -0.464802980 -0.012511794 -0.975330174 0.057841301 0.212670699
1781254240.406588 0.888202310 -0.035773858 -0.466084838 -0.012436680 -0.976296365 0.057526663 0.208282262
1781254240.439963 0.876484632 -0.036379423 -0.466219246 -0.012531769 -0.977210641 0.057707410 0.203892708
1781254240.473338 0.866615653 -0.035684619 -0.469145834 -0.012091317 -0.978001058 0.057590652 0.200127900
1781254240.506712 0.855601192 -0.037034348 -0.469427824 -0.012257916 -0.978735566 0.057244498 0.196594894
1781254240.540087 0.845098734 -0.035662189 -0.471889675 -0.011918427 -0.979283869 0.057831276 0.193691939
1781254240.573461 0.835354745 -0.036915772 -0.473109186 -0.012135919 -0.979812264 0.057614885 0.191052988
1781254240.606835 0.823848426 -0.035130296 -0.477223217 -0.012007670 -0.980368674 0.058095634 0.188037217
1781254240.640209 0.814383268 -0.033411279 -0.482966363 -0.011677225 -0.980768442 0.058588319 0.185807228
1781254240.673584 0.806110144 -0.034787331 -0.485564560 -0.011552549 -0.981236577 0.058579370 0.183329985
1781254240.807080 0.778245747 -0.037547100 -0.509339929 -0.011926758 -0.982915938 0.058370505 0.174146339
1781254240.840454 0.770315707 -0.037676789 -0.516450226 -0.012064490 -0.983357310 0.058382269 0.171622857
1781254240.873828 0.765639842 -0.038152650 -0.522880435 -0.012126992 -0.983538568 0.058258105 0.170619160
1781254240.907202 0.759615123 -0.038396329 -0.529196382 -0.012018669 -0.983617783 0.058338314 0.170142174
1781254240.940576 0.753772557 -0.037543640 -0.538100302 -0.012112322 -0.983547390 0.058736574 0.170404851
1781254240.973950 0.748728096 -0.037660167 -0.545294583 -0.011918329 -0.983517170 0.058655929 0.170620888
1781254241.007324 0.747929573 -0.040854558 -0.553110182 -0.012044664 -0.983185470 0.058263034 0.172646344
1781254241.040698 0.743411899 -0.040448897 -0.562210977 -0.011920763 -0.982949913 0.058491722 0.173914269
1781254241.074072 0.738939583 -0.041935362 -0.570017934 -0.012255860 -0.982783020 0.058236610 0.174916700
1781254241.107445 0.733703077 -0.039663650 -0.580035985 -0.012060077 -0.982538462 0.058931693 0.176067576
1781254241.140819 0.729130805 -0.040679239 -0.588992238 -0.012303180 -0.982540548 0.058947511 0.176033854
1781254241.174194 0.724708200 -0.039466489 -0.597942948 -0.012147391 -0.982525826 0.059324976 0.175999925
1781254241.207568 0.721323013 -0.042062756 -0.607055008 -0.012653198 -0.982449353 0.059113920 0.176461607
1781254241.240942 0.713281155 -0.040816508 -0.617754042 -0.012596943 -0.982443333 0.059895549 0.176235661
1781254241.274315 0.711434484 -0.042289935 -0.627411902 -0.012393216 -0.982571900 0.059493870 0.175668493
1781254241.307689 0.707047343 -0.044234995 -0.635430038 -0.012775847 -0.982680857 0.059368830 0.175072968
1781254241.341063 0.703089237 -0.045316041 -0.644939542 -0.013280493 -0.982831657 0.059632592 0.174096435
1781254241.374437 0.698939085 -0.044661064 -0.657900691 -0.012713460 -0.983219087 0.059994370 0.171812266
1781254241.407810 0.694817901 -0.044043541 -0.670081615 -0.012892701 -0.983429074 0.060432918 0.170437858
1781254241.441184 0.690980554 -0.044218846 -0.681757390 -0.012642131 -0.983686566 0.060665645 0.168880701
1781254241.474558 0.684974551 -0.046900734 -0.691147268 -0.013034198 -0.984060466 0.060239654 0.166812092
1781254241.507932 0.682153225 -0.047316164 -0.703344703 -0.013136646 -0.984298944 0.060195819 0.165407136
1781254241.541305 0.677962065 -0.048760973 -0.715565503 -0.013317066 -0.984445035 0.060140900 0.164540991
1781254241.574679 0.672892451 -0.049406484 -0.728160679 -0.013509572 -0.984735250 0.060363241 0.162697285
1781254241.608052 0.669067860 -0.049986344 -0.740990281 -0.012995670 -0.985135913 0.060240980 0.160341203
1781254241.641426 0.665746570 -0.051242970 -0.752595901 -0.013460026 -0.985257745 0.060478084 0.159462959
1781254241.674799 0.659600019 -0.051479582 -0.765931249 -0.013681796 -0.985431969 0.060638532 0.158302769
1781254241.708173 0.657293320 -0.053849291 -0.777044892 -0.013746918 -0.985612512 0.060437724 0.157246351
1781254241.741546 0.653882623 -0.052783702 -0.791081727 -0.013236543 -0.985858500 0.060976241 0.155530691
1781254241.774920 0.649772644 -0.052683484 -0.805032849 -0.013249851 -0.986042023 0.061045058 0.154334053
1781254241.808293 0.645642400 -0.053553656 -0.817517161 -0.013246981 -0.986390531 0.060904164 0.152148098
1781254241.841666 0.643052816 -0.054452423 -0.830783844 -0.012895783 -0.986546874 0.061020378 0.151114494
1781254241.875040 0.641516685 -0.055041377 -0.843351126 -0.013169362 -0.986586988 0.061045252 0.150818482
1781254241.908414 0.635892153 -0.055714857 -0.857111335 -0.012953638 -0.986812413 0.060726658 0.149484813
1781254241.941787 0.631363750 -0.055534087 -0.868252993 -0.013182780 -0.987012744 0.060871344 0.148076609
1781254241.975160 0.627713799 -0.055627547 -0.881713390 -0.012857912 -0.987338066 0.061094575 0.145827740
1781254242.008533 0.624998927 -0.057290986 -0.894270182 -0.012798958 -0.987646878 0.060599096 0.143936485
1781254242.041906 0.622165084 -0.057915069 -0.907390356 -0.013072587 -0.987631559 0.060567141 0.144029856
1781254242.075279 0.618138433 -0.060285073 -0.920214772 -0.012773928 -0.987891555 0.060433868 0.142319754
1781254242.108652 0.616842747 -0.060781378 -0.933095217 -0.012763895 -0.988098025 0.060426094 0.140883029
1781254242.142025 0.611869216 -0.061743718 -0.944389284 -0.013117796 -0.988136649 0.060636040 0.140489355
1781254242.175398 0.608984709 -0.061873090 -0.957933962 -0.013248825 -0.988384008 0.060745388 0.138677895
1781254242.208771 0.605833173 -0.062595636 -0.972859263 -0.012529528 -0.988869429 0.060391113 0.135400131
1781254242.242144 0.601615787 -0.061773926 -0.985711634 -0.012310399 -0.988996923 0.060804553 0.134299740
1781254242.275521 0.597803473 -0.062193204 -0.997138977 -0.012434305 -0.989134610 0.060866613 0.133242011
1781254242.308897 0.595188498 -0.063177548 -1.007233143 -0.012183241 -0.989431918 0.060620535 0.131153554
1781254242.342273 0.590913892 -0.063221745 -1.018465996 -0.012249851 -0.989719748 0.060704548 0.128917664
1781254242.375650 0.588795424 -0.063373670 -1.028159857 -0.012188802 -0.989880919 0.060865432 0.127603307
1781254242.409026 0.584886551 -0.063660532 -1.038592339 -0.012208068 -0.990071595 0.060897477 0.126098618
1781254242.442402 0.582337976 -0.065910414 -1.047222376 -0.012543127 -0.990314245 0.060487092 0.124345221
1781254242.475779 0.580861092 -0.065709770 -1.054290056 -0.012063938 -0.990497112 0.060481984 0.122930512
1781254242.509155 0.578466773 -0.065703467 -1.060192108 -0.012264179 -0.990755498 0.060509048 0.120796829
1781254242.542531 0.576346278 -0.066174924 -1.066125512 -0.011980047 -0.991027176 0.060545836 0.118557811
1781254242.575908 0.573413253 -0.067052238 -1.071378708 -0.012109822 -0.991325378 0.060627520 0.115981795
1781254242.609285 0.570810199 -0.067234740 -1.076347232 -0.012547349 -0.991583884 0.060839746 0.113589786
1781254242.642661 0.568283260 -0.067548513 -1.079505205 -0.012479912 -0.991890430 0.060963891 0.110820390
1781254242.676037 0.565939665 -0.068173565 -1.081914663 -0.012604347 -0.992231369 0.060798913 0.107803605
1781254242.709413 0.564040601 -0.068343468 -1.083221912 -0.012523408 -0.992570519 0.060768571 0.104662664
1781254242.742790 0.561952710 -0.068944052 -1.083919525 -0.012387176 -0.992933333 0.060902245 0.101098284
1781254242.776166 0.558323503 -0.067781180 -1.084726572 -0.012116171 -0.993313372 0.061167203 0.097161107
1781254242.809542 0.555830777 -0.068002388 -1.085478783 -0.012011276 -0.993612647 0.061230339 0.094024852
1781254242.842918 0.552955329 -0.068687551 -1.085166454 -0.011710793 -0.993893147 0.060989857 0.091212049
1781254242.876294 0.549529076 -0.068227999 -1.084321856 -0.011651698 -0.994070530 0.061151914 0.089154847
1781254242.909670 0.547457695 -0.068406045 -1.082908392 -0.011457888 -0.994208455 0.061141126 0.087636724
1781254242.943046 0.544720411 -0.068361558 -1.080264807 -0.011576561 -0.994336247 0.061168958 0.086138822
1781254242.976422 0.543335974 -0.068214826 -1.078852773 -0.011181862 -0.994391859 0.061221033 0.085509591
1781254243.009798 0.539895833 -0.067863926 -1.077578306 -0.011194251 -0.994466007 0.061198976 0.084657133
1781254243.043175 0.537022948 -0.067887366 -1.075681925 -0.011381301 -0.994505107 0.061154481 0.084203258
1781254243.076550 0.535740912 -0.066279173 -1.072235584 -0.010563027 -0.994505763 0.061360046 0.084152661
1781254243.109926 0.532985330 -0.066201575 -1.070353627 -0.010722923 -0.994480073 0.061361771 0.084434561
1781254243.143302 0.530301690 -0.065610401 -1.068233967 -0.010435339 -0.994426608 0.061569106 0.084948309
1781254243.176678 0.525918722 -0.065948129 -1.066201687 -0.010671970 -0.994374335 0.061312746 0.085712768
1781254243.210054 0.522249699 -0.065907881 -1.064547181 -0.010788637 -0.994211674 0.061464198 0.087458760
1781254243.243430 0.518959522 -0.065897711 -1.060937643 -0.010989049 -0.994032979 0.061321512 0.089540131
1781254243.276808 0.513529360 -0.065641686 -1.058938861 -0.010755463 -0.993849814 0.061217438 0.091647580
1781254243.310184 0.507820070 -0.066383556 -1.057183266 -0.011173399 -0.993637621 0.061017551 0.094001696
1781254243.343560 0.501401186 -0.066381998 -1.053597689 -0.010878530 -0.993366957 0.060882628 0.096938454
1781254243.376936 0.495475769 -0.065863721 -1.050662160 -0.011239543 -0.993108153 0.060831141 0.099546388
1781254243.410313 0.489388883 -0.066467896 -1.047989964 -0.011172787 -0.992791951 0.060516994 0.102844752
1781254243.443689 0.481809020 -0.064949125 -1.043675542 -0.011343150 -0.992504776 0.060818907 0.105388157
1781254243.477065 0.473698854 -0.066019237 -1.039810419 -0.011173666 -0.992236495 0.060440034 0.108115405
1781254243.510441 0.469601870 -0.062954560 -1.036148667 -0.011174586 -0.991926670 0.060930777 0.110652849
1781254243.543818 0.462791204 -0.062576532 -1.032551527 -0.011257502 -0.991640031 0.060723282 0.113296352
1781254243.577194 0.455264032 -0.062358521 -1.026628852 -0.010946353 -0.991279364 0.060645215 0.116480462
1781254243.643946 0.441963613 -0.062225394 -1.015376449 -0.011253238 -0.990587831 0.060341623 0.122344181
1781254243.677323 0.436307549 -0.060933430 -1.009981632 -0.011305180 -0.990245759 0.060438044 0.125031590
1781254243.710699 0.426939070 -0.061260764 -1.005108833 -0.011616085 -0.990010738 0.060391232 0.126873031
1781254243.744075 0.418706894 -0.061636485 -0.997355938 -0.011668411 -0.989863753 0.060161721 0.128118291
1781254243.777451 0.411986351 -0.061089881 -0.990836978 -0.011791675 -0.989701509 0.060195211 0.129338562
1781254243.810827 0.402149558 -0.060046099 -0.984004557 -0.012046658 -0.989626884 0.060278121 0.129846275
1781254243.844204 0.394510210 -0.057850149 -0.976843536 -0.012079883 -0.989363194 0.060945671 0.131530121
1781254243.877580 0.388454735 -0.058373332 -0.969238579 -0.012472023 -0.989185214 0.060609825 0.132979602
1781254243.910956 0.377852499 -0.058475081 -0.964862466 -0.012585914 -0.989136219 0.060377154 0.133438423
1781254243.944332 0.370059073 -0.057127420 -0.958820164 -0.012297570 -0.988860309 0.060881685 0.135268494
1781254243.977709 0.360974848 -0.056912631 -0.952356577 -0.012698742 -0.988727868 0.060860828 0.136205211
1781254244.011086 0.353784025 -0.057724223 -0.946046114 -0.012419387 -0.988589406 0.060280681 0.137488216
1781254244.044462 0.346138656 -0.058378849 -0.942238986 -0.012607574 -0.988489509 0.059995696 0.138311490
1781254244.077838 0.338600814 -0.056038868 -0.936819434 -0.012747990 -0.988302469 0.060511343 0.139406353
1781254244.111214 0.330133677 -0.055756956 -0.931310773 -0.012807344 -0.988232315 0.060506810 0.139899403
1781254244.144590 0.321317971 -0.055268057 -0.928126991 -0.013055457 -0.988247573 0.060611371 0.139723673
1781254244.177966 0.313314378 -0.054854579 -0.923838913 -0.012646914 -0.988324225 0.060568593 0.139236882
1781254244.211343 0.304270566 -0.054794367 -0.920121014 -0.012825223 -0.988365829 0.060650144 0.138889059
1781254244.244719 0.295265198 -0.055061493 -0.914101899 -0.012926820 -0.988404691 0.060292974 0.138758406
1781254244.278094 0.284728229 -0.054468878 -0.910212159 -0.013209542 -0.988418519 0.060201071 0.138673082
1781254244.311468 0.277274311 -0.053414058 -0.903231919 -0.013530804 -0.988493383 0.060557671 0.137951314
1781254244.344843 0.265556931 -0.052620839 -0.900708020 -0.013500710 -0.988687813 0.060366731 0.136638150
1781254244.378217 0.256997049 -0.052562714 -0.897898436 -0.013942939 -0.988612831 0.060415026 0.137114376
1781254244.411592 0.247703016 -0.052494407 -0.894647002 -0.013866986 -0.988508880 0.060392991 0.137879431
1781254244.444967 0.239972830 -0.052403308 -0.889097750 -0.014031542 -0.988541901 0.060013190 0.137791410
1781254244.478341 0.231784880 -0.051623903 -0.883574963 -0.014045626 -0.988509536 0.060016360 0.138020813
1781254244.511716 0.224355161 -0.052092172 -0.878156185 -0.014841247 -0.988400280 0.060049433 0.138703838
1781254244.545090 0.215601742 -0.052336343 -0.875270009 -0.014672165 -0.988464892 0.059796918 0.138370082
1781254244.578465 0.207022786 -0.051438160 -0.870670974 -0.014637440 -0.988493204 0.059914727 0.138120487
1781254244.611839 0.199370503 -0.050588354 -0.864518523 -0.014825957 -0.988632321 0.059982549 0.137071088
1781254244.645213 0.192921817 -0.050196350 -0.858334005 -0.014975561 -0.988630056 0.059899271 0.137107745
1781254244.678589 0.184287131 -0.049554940 -0.853881299 -0.015228936 -0.988706529 0.059909869 0.136522576
1781254244.711963 0.178349376 -0.049229935 -0.848338425 -0.015426804 -0.988684595 0.060025074 0.136608273
1781254244.745337 0.174084425 -0.049075324 -0.842688620 -0.015145855 -0.988624692 0.059718538 0.137206450
1781254244.778712 0.167621076 -0.048131235 -0.837423623 -0.015078356 -0.988523424 0.059991170 0.137823090
1781254244.812086 0.163345277 -0.048348449 -0.829930007 -0.015649883 -0.988417566 0.059945729 0.138536423
1781254244.845460 0.158611357 -0.047894366 -0.822638392 -0.016052853 -0.988325059 0.060209505 0.139035150
1781254244.878834 0.154248953 -0.047487687 -0.816774130 -0.015854152 -0.988456786 0.060157828 0.138140798
1781254244.912208 0.149744093 -0.046710022 -0.810539126 -0.016185714 -0.988708556 0.059954081 0.136378571
1781254244.945582 0.147029519 -0.046114996 -0.802998602 -0.016292581 -0.988686621 0.060049474 0.136482239
1781254244.978956 0.143288851 -0.045469396 -0.796576798 -0.016114706 -0.988751709 0.060256056 0.135939881
1781254245.012331 0.140579820 -0.045004722 -0.788610876 -0.016272584 -0.988895297 0.060088687 0.134947136
1781254245.045704 0.138279796 -0.044963468 -0.779828787 -0.016643154 -0.989048362 0.059870224 0.133873135
1781254245.079078 0.135535836 -0.045192912 -0.772166133 -0.016601594 -0.989228487 0.059673641 0.132628769
1781254245.112453 0.133515120 -0.043757502 -0.764208317 -0.016264107 -0.989416063 0.059382949 0.131396547
1781254245.145826 0.131792665 -0.042924065 -0.755003750 -0.016090242 -0.989568353 0.059390131 0.130262852
1781254245.179200 0.130091935 -0.042677820 -0.745612383 -0.016456692 -0.989666998 0.059282269 0.129515007
1781254245.212574 0.129644662 -0.042710900 -0.736328423 -0.016245365 -0.989727378 0.058993500 0.129211888
1781254245.245948 0.128788382 -0.041696031 -0.727309346 -0.016479678 -0.989788592 0.059020739 0.128699541
1781254245.279320 0.128037661 -0.041377626 -0.716692150 -0.016321698 -0.989843726 0.058790009 0.128401205
1781254245.312691 0.129294991 -0.040283982 -0.707096398 -0.016017422 -0.989763379 0.059080776 0.128924191
1781254245.346063 0.128550291 -0.040293545 -0.695712447 -0.015887544 -0.989850104 0.058619894 0.128484130
1781254245.379436 0.129074693 -0.038929325 -0.685830474 -0.015823068 -0.989911735 0.058608904 0.128021434
1781254245.412807 0.129151255 -0.037945684 -0.675653398 -0.015857488 -0.989869535 0.058772292 0.128268331
1781254245.446179 0.129205525 -0.037511591 -0.663748682 -0.016275585 -0.989853859 0.058935188 0.128262103
1781254245.479550 0.130427331 -0.039306261 -0.650721848 -0.016228106 -0.990095317 0.058025528 0.126810789
1781254245.546293 0.130150288 -0.037943330 -0.628705144 -0.016473915 -0.990142465 0.058100078 0.126375899
1781254245.579664 0.130134434 -0.037662055 -0.617620349 -0.016326165 -0.990205705 0.057970315 0.125958636
1781254245.613036 0.129440129 -0.036905039 -0.605588794 -0.016461505 -0.990282893 0.057692543 0.125460804
1781254245.646407 0.129120559 -0.035664212 -0.594790339 -0.016017700 -0.990364790 0.057995357 0.124729939
1781254245.679778 0.128791511 -0.035343278 -0.584421575 -0.016172424 -0.990427196 0.057860672 0.124276169
1781254245.746520 0.127487093 -0.034026515 -0.563513339 -0.015932033 -0.990515172 0.057688437 0.123685211
1781254245.779891 0.127154261 -0.032582674 -0.553600073 -0.015716750 -0.990501761 0.057998125 0.123675354
1781254245.813262 0.126415223 -0.032474421 -0.543446958 -0.015716607 -0.990577221 0.057763088 0.123179726
1781254245.846633 0.126055658 -0.031847693 -0.533321917 -0.015840136 -0.990702569 0.057888076 0.122092098
1781254245.880004 0.125496149 -0.032586731 -0.523313165 -0.015684422 -0.990843236 0.057128284 0.121326178
1781254245.913375 0.124431401 -0.032069936 -0.515354872 -0.015712699 -0.990735948 0.057433490 0.122052379
1781254245.946746 0.122749060 -0.030895352 -0.507153749 -0.015708463 -0.990788698 0.057737324 0.121480145
1781254245.980116 0.121495068 -0.030456992 -0.499562532 -0.015420340 -0.991025507 0.057337914 0.119762510
1781254246.013487 0.120137841 -0.030810522 -0.491814554 -0.015806928 -0.991118371 0.057179715 0.119017057
1781254246.046858 0.118110329 -0.029905073 -0.484581053 -0.015655931 -0.991095364 0.057264447 0.119187772
1781254246.113600 0.115621299 -0.029338704 -0.469986647 -0.015795698 -0.991135180 0.056990493 0.118969306
1781254246.146971 0.113554209 -0.029063689 -0.462634027 -0.015570560 -0.991162837 0.056990899 0.118768483
1781254246.180341 0.111648619 -0.028296920 -0.455304772 -0.015681742 -0.991218030 0.056734271 0.118415028
1781254246.213711 0.109094501 -0.027168311 -0.447362840 -0.015496580 -0.991156340 0.057018578 0.118818946
1781254246.247082 0.107134044 -0.027774686 -0.437931597 -0.015526602 -0.991142273 0.056456581 0.119199976
1781254246.280455 0.105184376 -0.026968796 -0.429622054 -0.015436874 -0.991057098 0.056716979 0.119794756
1781254246.313828 0.102715313 -0.026064031 -0.421584725 -0.015347074 -0.991007268 0.056778587 0.120188609
1781254246.347200 0.100695133 -0.024990335 -0.412620753 -0.015006622 -0.991015911 0.056868125 0.120118417
1781254246.380573 0.097872317 -0.025772667 -0.403386056 -0.015147575 -0.991112173 0.056429926 0.119511575
1781254246.413946 0.093921840 -0.025057759 -0.394720256 -0.014972872 -0.991133690 0.056581542 0.119282842
1781254246.447319 0.091774523 -0.024721224 -0.385918021 -0.014799117 -0.991140187 0.056511369 0.119284041
1781254246.480691 0.089019179 -0.024924474 -0.376732081 -0.015079090 -0.991098821 0.056175031 0.119750649
1781254246.514064 0.086632878 -0.024020651 -0.368501484 -0.014958695 -0.990970314 0.056619216 0.120616920
1781254246.547436 0.083312094 -0.023364561 -0.359608978 -0.015053612 -0.990989506 0.056306664 0.120593384
1781254246.580809 0.081191495 -0.022348115 -0.350293845 -0.014622794 -0.990875900 0.056370474 0.121546134
1781254246.614182 0.078083813 -0.021580482 -0.341430277 -0.014773682 -0.990744352 0.056718368 0.122435778
1781254246.647554 0.074671462 -0.021476116 -0.331539840 -0.014868930 -0.990719378 0.056537077 0.122709565
1781254246.680927 0.072578892 -0.021160759 -0.322245419 -0.014772202 -0.990585268 0.056212105 0.123947009
1781254246.714299 0.068572447 -0.019693553 -0.312702119 -0.014554515 -0.990353644 0.056735869 0.125574559
1781254246.747671 0.065175533 -0.019875443 -0.304073632 -0.014506191 -0.990158617 0.056471292 0.127226651
1781254246.781045 0.060971856 -0.019637968 -0.295591593 -0.014604299 -0.989973187 0.056181904 0.128776997
1781254246.814417 0.057683066 -0.018277429 -0.286954701 -0.014503225 -0.989648104 0.056248050 0.131234750
1781254246.847789 0.056016564 -0.017959248 -0.277001828 -0.014133911 -0.989264071 0.056140590 0.134183526
1781254246.881162 0.050941899 -0.018130377 -0.267550647 -0.014033628 -0.988980651 0.055963498 0.136339650
1781254246.914534 0.047396511 -0.017664229 -0.258470774 -0.014030350 -0.988618851 0.056027532 0.138913229
1781254246.947906 0.042467624 -0.017159525 -0.250638366 -0.013913476 -0.988255620 0.056109477 0.141453385
1781254246.981278 0.038445398 -0.016849820 -0.243433073 -0.013695660 -0.987816453 0.055968352 0.144564167
1781254247.014650 0.035045087 -0.016963217 -0.236301124 -0.013906057 -0.987333298 0.055937339 0.147819832
1781254247.048022 0.030017585 -0.016628992 -0.230089366 -0.013771255 -0.986863017 0.055940501 0.150938570
1781254247.081394 0.024839193 -0.015774645 -0.225373894 -0.013888857 -0.986237228 0.056046762 0.154926047
1781254247.114766 0.018943936 -0.014835229 -0.221249118 -0.013524531 -0.985494316 0.056507103 0.159452528
1781254247.148138 0.013521984 -0.014214457 -0.216483697 -0.013566730 -0.984830141 0.056749251 0.163416713
1781254247.181510 0.010145798 -0.016054828 -0.213474274 -0.013619599 -0.984225869 0.055990297 0.167269722
1781254247.214882 0.002898067 -0.014462811 -0.211693749 -0.013765994 -0.983580649 0.056516562 0.170838013
1781254247.248254 -0.002835542 -0.014100582 -0.210780889 -0.013134473 -0.982817590 0.056533489 0.175217569
1781254247.281627 -0.008877829 -0.013035187 -0.211366475 -0.013249583 -0.982038975 0.056791406 0.179440022
1781254247.315000 -0.014704540 -0.012655741 -0.211712986 -0.012846357 -0.981220007 0.056911159 0.183856949
1781254247.348373 -0.020798102 -0.012555575 -0.212237969 -0.012759811 -0.980393887 0.057020545 0.188185230
1781254247.381746 -0.026887342 -0.014169935 -0.212487295 -0.012736561 -0.979652762 0.056514539 0.192157432
1781254247.415119 -0.033059843 -0.012874216 -0.215788022 -0.012761162 -0.979020596 0.056903236 0.195237994
1781254247.448492 -0.040410817 -0.013384197 -0.218162969 -0.013187361 -0.978653550 0.056861848 0.197053686
1781254247.481866 -0.045540765 -0.013470127 -0.222628921 -0.013098992 -0.978572071 0.056717355 0.197505251
1781254247.515239 -0.051297903 -0.013787931 -0.225973442 -0.013366693 -0.978741467 0.056540359 0.196696907
1781254247.548612 -0.058187351 -0.014885170 -0.229842782 -0.013070052 -0.979067624 0.056361325 0.195139289
1781254247.581984 -0.063122690 -0.014951899 -0.235859990 -0.013371627 -0.979633152 0.056325771 0.192269593
1781254247.615357 -0.070071504 -0.014578790 -0.241518512 -0.013062089 -0.980497897 0.056298524 0.187839895
1781254247.648730 -0.076554567 -0.015210417 -0.248729944 -0.013275098 -0.981459200 0.056566224 0.182652548
1781254247.682102 -0.084260583 -0.013819272 -0.256250262 -0.013167192 -0.982528627 0.056918062 0.176704779
1781254247.715475 -0.088848338 -0.014937170 -0.262173116 -0.013019790 -0.983491480 0.056526203 0.171405613
1781254247.748848 -0.095405847 -0.013916023 -0.269645125 -0.013089920 -0.984499991 0.056933183 0.165369779
1781254247.782220 -0.100962356 -0.013990803 -0.276277065 -0.013705716 -0.985347509 0.057156324 0.160111323
1781254247.815593 -0.107161969 -0.014506102 -0.284490138 -0.013495109 -0.986191928 0.057037752 0.154887110
1781254247.848965 -0.112924129 -0.015376883 -0.291929662 -0.013871879 -0.986962676 0.056672905 0.150001988
1781254247.882338 -0.117854282 -0.015162023 -0.300582409 -0.013601096 -0.987449110 0.057027616 0.146653384
1781254247.915710 -0.123044103 -0.015908774 -0.308191866 -0.013801821 -0.987845242 0.056836661 0.144016966
1781254247.949082 -0.128222555 -0.016359031 -0.316025704 -0.014176155 -0.988002181 0.056755535 0.142932385
1781254247.982455 -0.133429348 -0.017289363 -0.324447721 -0.014268707 -0.987973690 0.056668695 0.143154129
1781254248.015827 -0.137864754 -0.017302580 -0.332861871 -0.013138925 -0.988251448 0.055942640 0.141622514
1781254248.049199 -0.141398549 -0.018143917 -0.338739365 -0.014192672 -0.987150729 0.056619518 0.148749247
1781254248.115943 -0.148391426 -0.018869832 -0.355447561 -0.013896400 -0.986836910 0.055841383 0.151134640
1781254248.149315 -0.151198521 -0.019016530 -0.363021255 -0.014201497 -0.985889316 0.056120593 0.157070667
1781254248.182688 -0.154180378 -0.019972643 -0.371087700 -0.014416471 -0.985484660 0.055486802 0.159792021
1781254248.216061 -0.156878024 -0.020453079 -0.378213495 -0.014386400 -0.984592319 0.055282239 0.165271968
1781254248.249433 -0.159742445 -0.020061653 -0.387055665 -0.014452971 -0.983679056 0.055692848 0.170484841
1781254248.282806 -0.162791848 -0.019485012 -0.394548208 -0.014547214 -0.982942045 0.055816349 0.174636558
1781254248.316180 -0.165499941 -0.021017056 -0.401304334 -0.014859730 -0.981959820 0.055434160 0.180170074
1781254248.349553 -0.168633491 -0.021397583 -0.407980621 -0.014983513 -0.980985522 0.055357855 0.185414419
1781254248.382926 -0.170728251 -0.020917010 -0.415583581 -0.014823339 -0.979817629 0.055618577 0.191426933
1781254248.416300 -0.173478067 -0.021784613 -0.421666026 -0.015105406 -0.978695631 0.055494905 0.197096407
1781254248.449673 -0.175957292 -0.022259902 -0.428367972 -0.014942799 -0.977403641 0.055240192 0.203488454
1781254248.483046 -0.178221434 -0.021660442 -0.436046094 -0.014981397 -0.975725055 0.055468895 0.211327910
1781254248.516419 -0.179333687 -0.021627171 -0.442432433 -0.014484858 -0.973877847 0.055357024 0.219744980
1781254248.549793 -0.181373075 -0.022811949 -0.446647853 -0.014748381 -0.972020090 0.054797191 0.227940336
1781254248.583166 -0.182274133 -0.022212958 -0.454434454 -0.014236179 -0.969556272 0.054787047 0.238236040
1781254248.616539 -0.183833852 -0.023635481 -0.457645118 -0.014801098 -0.967044115 0.054330017 0.248304248
1781254248.649912 -0.184505299 -0.023612978 -0.463299721 -0.014410713 -0.964397013 0.054240230 0.258435220
1781254248.683285 -0.185393423 -0.023503777 -0.468247682 -0.014564467 -0.961519837 0.054140963 0.268954039
1781254248.716658 -0.186824054 -0.024104923 -0.472214580 -0.014566126 -0.958613217 0.053764574 0.279209554
1781254248.750031 -0.188074991 -0.024144134 -0.477084637 -0.014631988 -0.955476224 0.053925574 0.289729446
1781254248.783403 -0.189376339 -0.024944644 -0.480836451 -0.014724918 -0.952641010 0.053536233 0.298985273
1781254248.816776 -0.190060899 -0.025085498 -0.487423509 -0.014352174 -0.949666262 0.053411949 0.308342725
1781254248.850149 -0.191433191 -0.024549928 -0.492328286 -0.014549029 -0.947003841 0.053716760 0.316364706
1781254248.883523 -0.193687171 -0.024243660 -0.496861368 -0.014328188 -0.944494724 0.053832773 0.323769212
1781254248.916895 -0.196357220 -0.025284337 -0.499854982 -0.014981274 -0.942250371 0.053593665 0.330253899
1781254248.950268 -0.197463423 -0.025478141 -0.503130794 -0.014498864 -0.939760923 0.053318087 0.337337285
1781254248.983640 -0.199257076 -0.025434496 -0.507705450 -0.014270851 -0.937432885 0.053234398 0.343776315
1781254249.017013 -0.200217336 -0.025324650 -0.511251986 -0.014176560 -0.934929490 0.053326391 0.350517184
1781254249.050385 -0.201505899 -0.025940573 -0.514060736 -0.014393626 -0.932493687 0.052891105 0.357002616
1781254249.083758 -0.203275025 -0.024766482 -0.518818974 -0.013930677 -0.929662824 0.053300675 0.364269286
1781254249.117130 -0.204210967 -0.026293581 -0.522034407 -0.014247548 -0.927012742 0.052645862 0.371042967
1781254249.150503 -0.207328111 -0.026299423 -0.523103356 -0.014485145 -0.924555838 0.052738961 0.377101362
1781254249.183875 -0.209130466 -0.026544403 -0.527874947 -0.014202847 -0.921347022 0.052545745 0.384911656
1781254249.217247 -0.209288716 -0.027195761 -0.530704558 -0.014020226 -0.918071449 0.051990151 0.392740786
1781254249.250620 -0.210145235 -0.027472960 -0.534912705 -0.014320924 -0.914542913 0.051977079 0.400879860
1781254249.284003 -0.211766690 -0.027387232 -0.535134315 -0.014070723 -0.911552191 0.051449519 0.407710224
1781254249.317385 -0.211375117 -0.027773110 -0.536658049 -0.014405049 -0.907725334 0.051297534 0.416168004
1781254249.350769 -0.212202400 -0.026435569 -0.539772272 -0.013701235 -0.903882802 0.051742986 0.424418271
1781254249.384152 -0.212638557 -0.025621273 -0.541489720 -0.013121656 -0.900140285 0.051731635 0.432318300
1781254249.417535 -0.207450598 -0.025165083 -0.542846084 -0.012142888 -0.895658493 0.051452495 0.441589296
1781254249.450918 -0.207764566 -0.025418673 -0.542096138 -0.012048012 -0.892250836 0.051082581 0.448479623
1781254249.484301 -0.206475139 -0.027075162 -0.540134966 -0.012196179 -0.888218522 0.050105318 0.456517994
1781254249.517685 -0.204979956 -0.025239360 -0.542166054 -0.011568274 -0.884311855 0.050504029 0.464013070
1781254249.551068 -0.205019712 -0.026051246 -0.538057804 -0.011662020 -0.881728411 0.050021544 0.468953073
1781254249.584453 -0.202850401 -0.025736865 -0.537738085 -0.011411577 -0.877972603 0.049897324 0.475966632
1781254249.617837 -0.201013923 -0.026244404 -0.534091175 -0.011663097 -0.874522686 0.049503703 0.482310563
1781254249.651221 -0.200306416 -0.026265597 -0.531655431 -0.011780975 -0.871003747 0.049304161 0.488654166
1781254249.684604 -0.198712707 -0.026824329 -0.528195143 -0.011822359 -0.867318809 0.048785284 0.495215595
1781254249.717988 -0.197768569 -0.025669768 -0.524903893 -0.011818493 -0.863224804 0.049080614 0.502289236
1781254249.751372 -0.195113599 -0.026180921 -0.520469964 -0.012069712 -0.859028101 0.048427206 0.509489894
1781254249.784756 -0.193259180 -0.025795177 -0.515338421 -0.012026448 -0.854734898 0.048362840 0.516666889
1781254249.818140 -0.191764057 -0.025979642 -0.511206508 -0.012098030 -0.851004541 0.048011638 0.522819102
1781254249.851525 -0.189430177 -0.024433725 -0.507005155 -0.011809948 -0.846576571 0.048371691 0.529932797
1781254249.884909 -0.186638534 -0.024543667 -0.502519786 -0.011357516 -0.842222154 0.048115857 0.536859155
1781254249.918293 -0.185285807 -0.024605079 -0.494276911 -0.011626429 -0.838649094 0.047798645 0.542446196
1781254249.951678 -0.183472514 -0.025137402 -0.486805558 -0.011660489 -0.834470034 0.047575556 0.548871934
1781254249.985063 -0.178459108 -0.024604738 -0.480340749 -0.011519559 -0.829594254 0.047342863 0.556236744
1781254250.018447 -0.177286148 -0.024877289 -0.472077072 -0.011399884 -0.825280070 0.046826981 0.562663496
1781254250.051832 -0.173430741 -0.024848778 -0.466187298 -0.010889893 -0.820142746 0.046519142 0.570160806
1781254250.085217 -0.170466721 -0.023496950 -0.460315973 -0.010733112 -0.814761996 0.046442594 0.577832758
1781254250.118602 -0.168997645 -0.024134915 -0.449523121 -0.011118702 -0.810160816 0.045985293 0.584295511
1781254250.151987 -0.165467680 -0.025416719 -0.442951828 -0.010804093 -0.804574788 0.045287330 0.592023551
1781254250.185372 -0.162940204 -0.023340793 -0.437083602 -0.010258869 -0.798911810 0.045231540 0.599657297
1781254250.218757 -0.159026682 -0.025783047 -0.428449154 -0.010828827 -0.793539941 0.043999478 0.606828868
1781254250.252142 -0.156226754 -0.024840396 -0.419712543 -0.010282009 -0.788318336 0.043735120 0.613625169
1781254250.285521 -0.152221382 -0.025838140 -0.411930978 -0.010717613 -0.782734871 0.043067541 0.620770872
1781254250.318899 -0.148877561 -0.024984203 -0.403069675 -0.010564860 -0.777259171 0.042856146 0.627630413
1781254250.352278 -0.138578504 -0.022263009 -0.410270303 -0.008253159 -0.767493010 0.043218415 0.639545560
1781254250.385656 -0.135469288 -0.022658382 -0.400514007 -0.008283224 -0.762519121 0.042437721 0.645519257
1781254250.452412 -0.129549146 -0.021785660 -0.382438898 -0.007899980 -0.751681924 0.042192422 0.658127427
1781254250.485791 -0.126868695 -0.022214007 -0.372622430 -0.007977051 -0.746411979 0.041462127 0.664143503
1781254250.519169 -0.124769866 -0.020581048 -0.364112407 -0.007628879 -0.740381002 0.041556545 0.670858264
1781254250.552547 -0.120979160 -0.020737555 -0.353363663 -0.007882765 -0.735066056 0.041359868 0.676686943
1781254250.585926 -0.118022442 -0.021279309 -0.343337119 -0.007559517 -0.730104446 0.040381379 0.682099521
1781254250.619304 -0.115144640 -0.021039870 -0.332216740 -0.007528522 -0.724299073 0.040097419 0.688277900
1781254250.652682 -0.111975342 -0.019985219 -0.322392881 -0.007549077 -0.718486667 0.040075976 0.694344163
1781254250.686060 -0.109659195 -0.018630572 -0.315279037 -0.007262670 -0.711801410 0.040177755 0.701193094
1781254250.719439 -0.107214481 -0.016398741 -0.305122882 -0.007041374 -0.705703080 0.040143322 0.707334578
1781254250.752817 -0.104900330 -0.016136866 -0.294359237 -0.007114712 -0.699399233 0.039775614 0.713588178
1781254250.786195 -0.101835698 -0.015513242 -0.286904752 -0.007021671 -0.692242920 0.039574079 0.720544457
1781254250.819574 -0.098621756 -0.015179241 -0.277257800 -0.006550308 -0.685114145 0.038845971 0.727369726
1781254250.852952 -0.094825923 -0.014411157 -0.269492775 -0.006944426 -0.676879644 0.039036587 0.735025167
1781254250.886331 -0.089436784 -0.013031987 -0.256960690 -0.006640199 -0.671033025 0.038746063 0.740384638
1781254250.919709 -0.085340261 -0.013955335 -0.249356568 -0.007080656 -0.663810134 0.038210705 0.746890903
1781254250.953087 -0.087705836 -0.006665964 -0.271599978 -0.005587277 -0.648073912 0.039759498 0.760518372
1781254250.986467 -0.083477169 -0.005544442 -0.262437016 -0.005532008 -0.639025509 0.039551210 0.768148065
1781254251.019845 -0.077974379 -0.005565228 -0.255793810 -0.005265933 -0.630175829 0.038696188 0.775469661
1781254251.053223 -0.071630612 -0.005850790 -0.244896963 -0.005211221 -0.620878279 0.038101766 0.782963157
1781254251.086602 -0.067110673 -0.004321416 -0.236181527 -0.005046047 -0.611437142 0.037914153 0.790368080
1781254251.119980 -0.059751272 -0.003857327 -0.227370396 -0.004961460 -0.601976931 0.037239294 0.797629297
1781254251.153359 -0.052716956 -0.003568492 -0.220014453 -0.004822822 -0.591105521 0.036949188 0.805733144
1781254251.186737 -0.046808854 -0.002883503 -0.210518777 -0.004610064 -0.581332207 0.036399342 0.812838733
1781254251.220115 -0.040958688 -0.001954721 -0.201316535 -0.004408704 -0.572515965 0.035996947 0.819091141
1781254251.253494 -0.033242308 -0.003635549 -0.191110611 -0.005001333 -0.562729239 0.035289805 0.825872540
1781254251.286872 -0.027385667 -0.002874438 -0.180629507 -0.004356060 -0.552574575 0.034841031 0.832723558
1781254251.320251 -0.021297485 -0.001660246 -0.173366368 -0.004341580 -0.541059852 0.034423172 0.840268135
1781254251.353629 -0.014212534 -0.003889068 -0.166357756 -0.004713340 -0.529318333 0.033326972 0.847755432
1781254251.387008 -0.009772383 -0.005218503 -0.174598172 -0.004513133 -0.514866948 0.031596746 0.856675744
1781254251.420387 -0.003423728 -0.003701254 -0.167141095 -0.004078056 -0.502969027 0.031547043 0.863718867
1781254251.453765 0.001826890 -0.004286480 -0.161129922 -0.003831475 -0.489664048 0.030552501 0.871367335
1781254251.487144 0.008787412 -0.003689854 -0.151811808 -0.003921153 -0.477725923 0.029983487 0.877988338
1781254251.520522 0.013023701 -0.002996725 -0.145578206 -0.003586331 -0.465103120 0.029042469 0.884772718
1781254251.553901 0.017998055 -0.002881779 -0.140469417 -0.003404886 -0.451737940 0.028627668 0.891684771
1781254251.587279 0.024682241 -0.002741821 -0.134429574 -0.003070502 -0.439860940 0.027962931 0.897625268
1781254251.620658 0.030120343 -0.001117001 -0.128265798 -0.002801884 -0.428379297 0.027741047 0.903168797
1781254251.654036 0.035930172 -0.001942701 -0.122811481 -0.002646153 -0.416821182 0.026784325 0.908589959
1781254251.687416 0.042933777 -0.003369854 -0.119311333 -0.002762225 -0.405604005 0.025759753 0.913681686
1781254251.720794 0.051262088 -0.003116986 -0.113608666 -0.002942560 -0.394832700 0.025880653 0.918383777
1781254251.754173 0.052659005 -0.003940971 -0.110627890 -0.002942179 -0.384441763 0.024451347 0.922820687
1781254251.787551 0.050595641 -0.003032427 -0.111832015 -0.002388266 -0.372043967 0.023906438 0.927904129
1781254251.820930 0.054228447 -0.003043325 -0.110007465 -0.002438097 -0.361922473 0.023048352 0.931920111
1781254251.854309 0.060108714 -0.002825572 -0.107861117 -0.002537486 -0.352171659 0.022721956 0.935656190
1781254251.887687 0.063424595 -0.003285588 -0.106969222 -0.002500192 -0.342161387 0.021770755 0.939385712
1781254251.921066 0.067212723 -0.003642983 -0.106021434 -0.002531421 -0.332897484 0.021131840 0.942722857
1781254251.954445 0.071197979 -0.004076074 -0.105889052 -0.002834174 -0.323293954 0.020669833 0.946068585
1781254251.987823 0.074837051 -0.003927697 -0.106041461 -0.002724577 -0.313326925 0.020056006 0.949429631
1781254252.021202 0.078209080 -0.003513262 -0.107719734 -0.002565798 -0.303283840 0.019665610 0.952693880
1781254252.054580 0.081529938 -0.004134938 -0.108940527 -0.002620663 -0.293803483 0.018453896 0.955684125
1781254252.087959 0.086503789 -0.004408498 -0.112512708 -0.002701751 -0.284039676 0.018032661 0.958639205
1781254252.121338 0.089393526 -0.004735954 -0.114540920 -0.002905076 -0.272661775 0.017452925 0.961947262
1781254252.154716 0.094001122 -0.005634286 -0.117869280 -0.002724413 -0.260899186 0.016615791 0.965219259
1781254252.188095 0.099669628 -0.004908355 -0.123028889 -0.002327925 -0.249765471 0.016223067 0.968167663
1781254252.221474 0.102865443 -0.003772785 -0.128104553 -0.002092126 -0.239155948 0.016116137 0.970845163
1781254252.254852 0.108765706 -0.006193398 -0.134267062 -0.002275870 -0.229577050 0.014993619 0.973172367
1781254252.288231 0.112541802 -0.007382839 -0.140065312 -0.002475138 -0.219640374 0.014605198 0.975468516
1781254252.321610 0.115421109 -0.006869776 -0.145640865 -0.002318158 -0.210515514 0.014376040 0.977482080
1781254252.354989 0.119329602 -0.005564903 -0.150020629 -0.001420095 -0.202798977 0.013750049 0.979122818
1781254252.388369 0.123466186 -0.008433482 -0.154338062 -0.002075110 -0.195971146 0.013065390 0.980520427
1781254252.421748 0.129984140 -0.009572949 -0.161783829 -0.001875391 -0.187778726 0.012474139 0.982130408
1781254252.455127 0.130523682 -0.007282624 -0.166702256 -0.000983338 -0.178441003 0.011727068 0.983880222
1781254252.488506 0.140535608 -0.009051128 -0.173371211 -0.001691570 -0.170573607 0.011782335 0.985273063
1781254252.521885 0.145638287 -0.011161018 -0.178709462 -0.001571902 -0.161118150 0.010379781 0.986879349
1781254252.555264 0.154050857 -0.013857551 -0.184415102 -0.002187012 -0.151923671 0.010127744 0.988337934
1781254252.622022 0.166863069 -0.010915081 -0.193238765 -0.000673998 -0.134129405 0.008918853 0.990923524
1781254252.655401 0.172347471 -0.010475091 -0.193224236 -0.000847868 -0.126916796 0.009312444 0.991869330
1781254252.688780 0.183312580 -0.010848729 -0.195316255 -0.001008953 -0.119619265 0.009198589 0.992776811
1781254252.722159 0.190120637 -0.013524376 -0.199970424 -0.000912793 -0.112004869 0.007843706 0.993676305
1781254252.755538 0.198637471 -0.013917721 -0.203522250 -0.000859152 -0.104577668 0.007678611 0.994486690
1781254252.788917 0.208480015 -0.014347152 -0.205947176 -0.000876191 -0.098371156 0.007112025 0.995124042
1781254252.822296 0.219047487 -0.013288794 -0.208633453 -0.000309742 -0.090815954 0.007522404 0.995839298
1781254252.889055 0.244263485 -0.013687192 -0.214778841 -0.000252310 -0.076579839 0.007317492 0.997036636
1781254252.922434 0.254972845 -0.012758037 -0.218035236 0.000557785 -0.069590032 0.007299618 0.997548878
1781254252.955813 0.267787933 -0.013266705 -0.222286075 0.000659694 -0.061844233 0.007820287 0.998055041
1781254252.989192 0.277909100 -0.010999406 -0.222603977 0.001143717 -0.055568393 0.006839580 0.998430848
1781254253.022571 0.286660045 -0.011529599 -0.229670346 0.001198513 -0.046557900 0.006887200 0.998891175
1781254253.055950 0.313390106 -0.010978635 -0.228109777 0.000918930 -0.047095366 0.007104114 0.998864770
1781254253.089331 0.327913851 -0.008012206 -0.228740647 0.001881715 -0.040357202 0.006809261 0.999160349
1781254253.122710 0.342450887 -0.004868701 -0.231442794 0.002709085 -0.034031611 0.005700706 0.999400854
1781254253.156089 0.356165916 -0.006630864 -0.234418601 0.003082772 -0.027624752 0.007480475 0.999585629
1781254253.189468 0.369203806 -0.006675514 -0.236504301 0.001782353 -0.026500324 0.008851186 0.999608099
1781254253.222848 0.381838948 -0.005882811 -0.241157576 0.002008691 -0.015051927 0.008144902 0.999851584
1781254253.256227 0.394335806 -0.005138717 -0.243463874 0.003362022 -0.010261182 0.005007607 0.999929190
1781254253.289606 0.407286078 -0.007088314 -0.245555297 0.002584704 -0.004166405 0.006337349 0.999967933
1781254253.322985 0.416462511 -0.005681144 -0.247330293 0.003050351 0.002148868 0.005443748 0.999978244
1781254253.356364 0.433766901 -0.006568489 -0.247487068 0.003078582 0.004945761 0.005730533 0.999966621
1781254253.389744 0.445265621 -0.005749880 -0.249218568 0.003293070 0.008720363 0.005185890 0.999943137
1781254253.423123 0.435848504 -0.018670540 -0.264067590 0.002133597 0.017578837 0.001044580 0.999842703
1781254253.456503 0.447856843 -0.018086905 -0.265800536 0.002327852 0.020897189 0.000912945 0.999778569
1781254253.489882 0.459290057 -0.018598745 -0.267684788 0.002086472 0.025431087 0.000742113 0.999674141
1781254253.523262 0.444154412 -0.006142818 -0.259346098 0.007198445 0.038005710 -0.002809922 0.999247670
1781254253.556641 0.456892461 -0.004821052 -0.256380111 0.007375094 0.038167588 -0.003417775 0.999238372
1781254253.590021 0.464952171 -0.004964437 -0.260435760 0.007523546 0.043583911 -0.003114082 0.999016643
1781254253.623401 0.476216167 -0.005644437 -0.263144225 0.007918867 0.047298159 -0.003142784 0.998844504
1781254253.656780 0.486118764 -0.005654197 -0.264925003 0.007862180 0.050196756 -0.003114789 0.998703599
1781254253.690160 0.496960938 -0.005519917 -0.267462462 0.008243772 0.053736258 -0.003289632 0.998515785
1781254253.723540 0.534049809 -0.020132888 -0.280571550 0.003317506 0.048818305 0.000289265 0.998802125
1781254253.756919 0.542927027 -0.020543559 -0.281125396 0.003129729 0.050713036 0.000112516 0.998708367
1781254253.790300 0.550810993 -0.020274760 -0.284274608 0.003136766 0.053782176 -0.000225014 0.998547792
1781254253.823680 0.559866369 -0.020210197 -0.286155254 0.003358462 0.057300922 -0.000563138 0.998351216
1781254253.857060 0.569316506 -0.020289704 -0.286301762 0.003502558 0.059082307 -0.000449115 0.998246908
1781254253.890440 0.578574538 -0.021005815 -0.287088484 0.003143994 0.060093425 -0.000664520 0.998187661
1781254253.923820 0.588531435 -0.019994248 -0.287174404 0.003638028 0.061043371 -0.001023160 0.998127937
1781254253.957200 0.595701337 -0.022047948 -0.289529860 0.002885061 0.062323526 -0.001250347 0.998051047
1781254253.990580 0.605328321 -0.022505933 -0.288990647 0.002937024 0.062843822 -0.001146301 0.998018444
1781254254.023959 0.613910079 -0.020974761 -0.289509952 0.003536017 0.063202068 -0.001598296 0.997993171
1781254254.057340 0.623527288 -0.021672724 -0.289802670 0.003259068 0.063583553 -0.001503262 0.997970104
1781254254.090720 0.632239699 -0.022106890 -0.290063918 0.003179799 0.064240456 -0.001656196 0.997928083
1781254254.124100 0.642391026 -0.021945307 -0.289496899 0.003390879 0.064208448 -0.001751390 0.997929275
1781254254.157480 0.651567280 -0.021381313 -0.289720923 0.003501540 0.064677954 -0.001728684 0.997898579
1781254254.224241 0.671389043 -0.022537433 -0.290400475 0.003101893 0.063840665 -0.001801997 0.997953713
1781254254.257621 0.681730807 -0.022364222 -0.290527552 0.003365689 0.064733125 -0.002037600 0.997894943
1781254254.291002 0.692073405 -0.022260567 -0.289632171 0.003424685 0.065344051 -0.002138881 0.997854710
1781254254.324383 0.701620877 -0.022252763 -0.289992869 0.003439294 0.065711662 -0.002269251 0.997830153
1781254254.357764 0.711018205 -0.022641188 -0.290557116 0.003227881 0.065719351 -0.002489298 0.997829854
1781254254.391145 0.720647216 -0.022060927 -0.290894806 0.003472189 0.067458801 -0.002695624 0.997712433
1781254254.424526 0.729983389 -0.023615850 -0.292550415 0.002921706 0.069739603 -0.002811400 0.997557044
1781254254.457907 0.739146829 -0.023827538 -0.293408334 0.003161661 0.072510719 -0.002887252 0.997358441
1781254254.491289 0.747419059 -0.023046553 -0.293817163 0.003284160 0.074626617 -0.003262778 0.997200847
1781254254.524671 0.754394293 -0.023032146 -0.295611560 0.003465709 0.078276008 -0.003469236 0.996919692
1781254254.558052 0.759845734 -0.023697384 -0.298397839 0.003499500 0.081689171 -0.003768115 0.996644616
1781254254.591433 0.766641974 -0.024523262 -0.299256951 0.003336922 0.085604399 -0.003911891 0.996316016
1781254254.624815 0.771753013 -0.024417643 -0.301593423 0.003664342 0.090644099 -0.004382006 0.995867014
1781254254.658196 0.775836766 -0.024988489 -0.304516077 0.003565753 0.095716342 -0.004548081 0.995391905
1781254254.691578 0.780885339 -0.025611404 -0.305973917 0.003551669 0.100263841 -0.004621435 0.994943798
1781254254.724959 0.785127044 -0.025580090 -0.307002962 0.003559954 0.104603410 -0.004760592 0.994496286
1781254254.758341 0.787746489 -0.026270114 -0.308755487 0.003457712 0.109005995 -0.005133533 0.994021833
1781254254.791722 0.790559590 -0.025898542 -0.309871167 0.003801072 0.113001212 -0.005214295 0.993573964
1781254254.825104 0.792667568 -0.026557589 -0.311236262 0.003487036 0.116314225 -0.005320062 0.993192136
1781254254.858486 0.793620467 -0.027638400 -0.312860698 0.003209286 0.119183049 -0.005384028 0.992852509
1781254254.891867 0.794635653 -0.025905058 -0.313326985 0.003909244 0.121713273 -0.005744104 0.992541015
1781254254.925249 0.795807302 -0.026308227 -0.313576758 0.003816672 0.123366594 -0.005781230 0.992336988
1781254254.958631 0.796429098 -0.026628880 -0.313919574 0.003547834 0.124564253 -0.006121623 0.992186308
1781254254.992013 0.795414090 -0.026863167 -0.314569414 0.003552410 0.125549600 -0.005896577 0.992063522
1781254255.025395 0.796228409 -0.027051225 -0.313954502 0.003570247 0.125743315 -0.005706282 0.992039979
1781254255.058777 0.796427190 -0.026402324 -0.314340353 0.003683887 0.125555128 -0.005632082 0.992063820
1781254255.092159 0.795447350 -0.026268894 -0.312851280 0.003720369 0.125614658 -0.006074496 0.992053568
1781254255.125540 0.795501351 -0.026481222 -0.313650846 0.003554820 0.124945424 -0.005697598 0.992140949
1781254255.158923 0.795001924 -0.026221929 -0.313557595 0.003758910 0.124760300 -0.006132403 0.992160857
1781254255.192306 0.794983566 -0.025855402 -0.312415183 0.003867122 0.124468930 -0.005804599 0.992199004
1781254255.225688 0.795296073 -0.025946269 -0.312456459 0.003920883 0.125240266 -0.005441530 0.992103755
1781254255.259070 0.794411302 -0.026534656 -0.313135982 0.003563946 0.127479449 -0.005897714 0.991817296
1781254255.292447 0.793394506 -0.025787542 -0.311592430 0.003890284 0.130402938 -0.006119207 0.991434574
1781254255.325824 0.792219341 -0.026799399 -0.311292082 0.003448400 0.132825136 -0.006032492 0.991115212
1781254255.359201 0.790853858 -0.027019423 -0.310187370 0.003265790 0.134175077 -0.006149618 0.990933239
1781254255.392578 0.790417671 -0.027057661 -0.310227931 0.003410928 0.134423360 -0.006104018 0.990899384
1781254255.425955 0.790706515 -0.027228804 -0.310137749 0.003335834 0.134234324 -0.005991162 0.990925968
1781254255.459332 0.790386260 -0.026232189 -0.309363782 0.003759178 0.133961067 -0.006046984 0.990961015
1781254255.492710 0.790421903 -0.025868954 -0.308958709 0.003864394 0.133214161 -0.006132174 0.991060793
1781254255.526087 0.791184068 -0.026690664 -0.309596121 0.003626692 0.132491231 -0.006075436 0.991158962
1781254255.559464 0.791462421 -0.027031153 -0.309740126 0.003520379 0.132228985 -0.005997494 0.991194844
1781254255.592841 0.791965783 -0.026385453 -0.309782565 0.003720628 0.132296309 -0.005932890 0.991185486
1781254255.626218 0.792876899 -0.025907315 -0.309878230 0.004002424 0.132467017 -0.006003843 0.991161168
1781254255.659595 0.793130696 -0.027084291 -0.309670568 0.003595153 0.132951900 -0.006172297 0.991096735
1781254255.692972 0.792199612 -0.026832892 -0.310127139 0.003650854 0.133318931 -0.005991636 0.991048396
1781254255.726350 0.792286813 -0.026068430 -0.310115725 0.003847103 0.133477718 -0.006160012 0.991025209
1781254255.759727 0.791793466 -0.026769711 -0.310649216 0.003684331 0.133549690 -0.006053978 0.991016865
1781254255.793104 0.792115867 -0.027229426 -0.310629010 0.003406564 0.133285210 -0.006125556 0.991052985
1781254255.826481 0.792583346 -0.026563553 -0.310469031 0.003772279 0.132999435 -0.006166297 0.991089761
1781254255.859858 0.792523146 -0.026639808 -0.310946256 0.003809758 0.133012041 -0.006069477 0.991088569
1781254255.893236 0.792366147 -0.026434267 -0.310235023 0.003820170 0.133119315 -0.006223296 0.991073132
1781254255.926613 0.792359412 -0.026033483 -0.310010999 0.003849612 0.133207574 -0.006035320 0.991062403
1781254255.959991 0.792298019 -0.026040912 -0.310232192 0.003985061 0.133193985 -0.006081982 0.991063356
1781254255.993368 0.792608023 -0.026332976 -0.310632497 0.003829618 0.132955134 -0.006058481 0.991096199
1781254256.026745 0.792407870 -0.026916670 -0.310875058 0.003636927 0.132976696 -0.005889042 0.991095006
1781254256.060122 0.792380333 -0.027194342 -0.310979545 0.003623229 0.132925257 -0.005937480 0.991101682
