t_ns,state,ok,map_id,track_ms,prep_ms,map_changed,n_tracked_mp,vo_only,tx,ty,tz,qx,qy,qz,qw
1788248635258400256,OK,1,0,6.59571,0.473791,0,3576,0,0.000000,0.000000,0.000000,-0.0000000,-0.0000000,-0.0000000,1.0000000
1788248635291731712,OK,1,0,19.2844,0.366875,0,2915,0,0.000147,-0.000035,0.000187,0.0000005,-0.0000068,0.0000036,1.0000000
1788248635325063424,OK,1,0,16.769,0.274125,0,2924,0,-0.000263,-0.000190,-0.000104,-0.0000458,0.0000625,-0.0000024,1.0000000
1788248635358394880,OK,1,0,16.6587,0.279625,0,2864,0,0.000614,-0.000012,0.000202,-0.0000397,-0.0000300,0.0000747,1.0000000
1788248635391726336,OK,1,0,16.4073,0.288041,0,2833,0,0.000126,-0.000467,0.000064,-0.0000579,0.0000196,0.0000840,1.0000000
1788248635425057536,OK,1,0,16.2669,0.290958,0,2921,0,0.000052,-0.000108,-0.000244,-0.0000217,0.0000277,-0.0000660,1.0000000
1788248635458388992,OK,1,0,16.7976,0.29125,0,2891,0,-0.000076,0.000126,-0.000162,0.0000049,0.0000152,-0.0000385,1.0000000
1788248635491720192,OK,1,0,16.4812,0.282584,0,2868,0,-0.000205,0.000075,-0.000132,-0.0000066,0.0000317,-0.0000354,1.0000000
1788248635525051392,OK,1,0,16.2857,0.296375,0,2892,0,0.000073,-0.000122,-0.000114,-0.0000402,0.0000065,-0.0000450,1.0000000
1788248635558382592,OK,1,0,15.9776,0.294583,0,2919,0,-0.000052,-0.000060,-0.000057,-0.0000093,0.0000176,-0.0000505,1.0000000
1788248635591713536,OK,1,0,16.6983,0.290041,0,2911,0,0.000337,-0.000159,0.000113,-0.0000451,-0.0000185,-0.0000014,1.0000000
1788248635625061632,OK,1,0,17.1893,0.280542,0,2941,0,0.000130,0.000144,0.000080,0.0000175,-0.0000001,-0.0000092,1.0000000
1788248635658410752,OK,1,0,15.9667,0.270542,0,2907,0,0.000297,0.000001,0.000199,-0.0000171,-0.0000137,0.0000547,1.0000000
1788248635691759872,OK,1,0,17.3238,0.280709,0,2891,0,0.000253,0.000105,0.000024,0.0000042,-0.0000035,-0.0000241,1.0000000
1788248635725109248,OK,1,0,16.5419,0.289875,0,2863,0,-0.000012,0.000091,-0.000178,-0.0000238,0.0000185,-0.0000365,1.0000000
1788248635758458368,OK,1,0,16.2828,0.271416,0,2932,0,-0.000026,-0.000195,-0.000102,-0.0000353,0.0000163,-0.0000833,1.0000000
1788248635791807744,OK,1,0,16.3465,0.289209,0,2879,0,0.000007,0.000353,0.000029,0.0000451,0.0000311,-0.0000529,1.0000000
1788248635825156864,OK,1,0,17.0898,0.289208,0,2898,0,-0.000039,0.000114,0.000092,0.0000047,0.0000270,-0.0000442,1.0000000
1788248635858506496,OK,1,0,16.8027,0.27525,0,2889,0,-0.000278,0.000352,-0.000142,0.0000382,0.0000613,-0.0000799,1.0000000
1788248635891855872,OK,1,0,16.3584,0.280458,0,2910,0,0.000107,0.000080,-0.000283,0.0000085,0.0000063,-0.0000491,1.0000000
1788248635925205504,OK,1,0,16.6147,0.292292,0,2909,0,0.000104,-0.000060,-0.000076,-0.0000240,0.0000011,-0.0000077,1.0000000
1788248635958555136,OK,1,0,16.7937,0.277834,0,2915,0,0.000157,-0.000158,-0.000184,-0.0000352,-0.0000052,-0.0000116,1.0000000
1788248635991904768,OK,1,0,15.9255,0.291834,0,2911,0,-0.000152,0.000062,-0.000199,-0.0000034,0.0000333,-0.0000283,1.0000000
1788248636025254656,OK,1,0,16.5218,0.386458,0,2931,0,-0.000307,-0.000114,-0.000460,-0.0000244,0.0000622,-0.0000245,1.0000000
1788248636058604288,OK,1,0,15.9266,0.286209,0,2912,0,-0.000069,-0.000142,-0.000129,-0.0000438,0.0000355,-0.0000335,1.0000000
1788248636091953152,OK,1,0,16.2086,0.2785,0,2931,0,0.000108,-0.000087,0.000162,-0.0000441,-0.0000063,0.0000045,1.0000000
1788248636125303040,OK,1,0,16.457,0.291583,0,2884,0,-0.000124,0.000041,0.000021,-0.0000011,0.0000092,-0.0000328,1.0000000
1788248636158653184,OK,1,0,16.3842,0.291583,0,2907,0,-0.000066,-0.000039,0.000060,-0.0000064,0.0000142,-0.0000569,1.0000000
1788248636192003072,OK,1,0,15.8708,0.294125,0,2885,0,-0.000084,0.000041,-0.000080,-0.0000153,0.0000176,-0.0000438,1.0000000
1788248636225352960,OK,1,0,16.1078,0.285875,0,2863,0,0.000128,0.000141,0.000048,-0.0000142,-0.0000041,-0.0000042,1.0000000
1788248636258703360,OK,1,0,16.3478,0.279458,0,2893,0,-0.000219,-0.000183,-0.000023,-0.0000401,0.0000295,-0.0000787,1.0000000
1788248636292053504,OK,1,0,15.8805,0.281083,0,2882,0,0.000086,-0.000214,0.000092,-0.0000298,0.0000139,-0.0000455,1.0000000
1788248636325403904,OK,1,0,16.4816,0.28025,0,2913,0,-0.000104,0.000196,-0.000212,0.0000197,0.0000236,-0.0000246,1.0000000
1788248636358754048,OK,1,0,16.3989,0.290542,0,2921,0,0.000223,0.000095,-0.000074,-0.0000300,-0.0000125,0.0000036,1.0000000
1788248636392104448,OK,1,0,16.3289,0.294375,0,2916,0,0.000047,0.000077,-0.000325,0.0000277,0.0000343,-0.0000172,1.0000000
1788248636425454848,OK,1,0,33.9963,0.293292,0,2894,0,-0.000191,0.000040,-0.000536,0.0000206,0.0000216,-0.0000391,1.0000000
1788248636458805504,OK,1,0,17.6748,0.348958,0,2919,0,-0.000008,-0.000111,-0.000020,-0.0000367,-0.0000034,-0.0000760,1.0000000
1788248636492155648,OK,1,0,17.4654,0.293334,0,2892,0,-0.000056,-0.000064,0.000146,-0.0000088,0.0000374,-0.0000367,1.0000000
1788248636525505280,OK,1,0,17.4046,0.296917,0,2910,0,0.000264,-0.000049,-0.000146,-0.0000046,-0.0000174,0.0000224,1.0000000
1788248636558856192,OK,1,0,16.6062,0.300667,0,2883,0,0.000463,0.000154,0.000283,0.0000070,-0.0000250,-0.0000052,1.0000000
1788248636592206848,OK,1,0,16.7766,0.2905,0,2879,0,-0.000113,0.000087,-0.000050,0.0000169,0.0000363,-0.0000260,1.0000000
1788248636625550080,OK,1,0,16.4547,0.285167,0,2920,0,0.000110,-0.000084,-0.000067,-0.0000098,0.0000095,-0.0000170,1.0000000
1788248636658893312,OK,1,0,16.1955,0.287791,0,2926,0,0.000079,-0.000471,-0.000245,-0.0000839,0.0000129,0.0000410,1.0000000
1788248636692236800,OK,1,0,16.178,0.281416,0,2912,0,0.000150,-0.000022,-0.000091,-0.0000295,0.0000124,-0.0000578,1.0000000
1788248636725580032,OK,1,0,16.801,0.300875,0,2902,0,-0.000134,0.000059,-0.000316,-0.0000043,0.0000255,-0.0000129,1.0000000
1788248636758923520,OK,1,0,15.9834,0.298417,0,2877,0,0.000045,-0.000123,0.000052,-0.0000084,0.0000235,0.0000067,1.0000000
1788248636792266752,OK,1,0,16.1971,0.280167,0,2891,0,0.000243,-0.000119,0.000019,-0.0000302,0.0000032,0.0000066,1.0000000
1788248636825610240,OK,1,0,15.8497,0.289209,0,2922,0,0.000220,-0.000003,0.000107,-0.0000220,-0.0000038,-0.0000325,1.0000000
1788248636858953984,OK,1,0,16.7771,0.289083,0,2880,0,0.000091,0.000042,0.000174,-0.0000248,0.0000151,-0.0000284,1.0000000
1788248636892297472,OK,1,0,16.4217,0.285959,0,2894,0,0.000043,0.000092,0.000029,0.0000174,0.0000016,-0.0000111,1.0000000
1788248636925640960,OK,1,0,16.5293,0.324875,0,2865,0,-0.000114,0.000078,0.000183,-0.0000020,0.0000067,-0.0000547,1.0000000
1788248636958984448,OK,1,0,16.3665,0.277834,0,2873,0,0.000344,0.000256,0.000609,0.0000111,-0.0000132,0.0000059,1.0000000
1788248636992326912,OK,1,0,16.4624,0.277875,0,2882,0,0.000234,0.000005,0.000238,0.0000094,0.0000075,-0.0000210,1.0000000
1788248637025670656,OK,1,0,17.499,0.284209,0,2859,0,0.000199,0.000327,0.000298,0.0000252,0.0000061,-0.0000309,1.0000000
1788248637059014144,OK,1,0,16.3591,0.310208,0,2908,0,-0.000100,-0.000101,-0.000226,-0.0000028,0.0000167,-0.0000323,1.0000000
1788248637092357632,OK,1,0,16.4629,0.289333,0,2887,0,0.000121,-0.000032,-0.000162,-0.0000008,0.0000099,-0.0000283,1.0000000
1788248637125701376,OK,1,0,16.1159,0.300792,0,2856,0,-0.000063,0.000003,0.000093,-0.0000273,0.0000112,0.0000103,1.0000000
1788248637159045120,OK,1,0,16.2725,0.292,0,2893,0,-0.000094,0.000014,-0.000072,-0.0000087,0.0000150,-0.0000140,1.0000000
1788248637192388864,OK,1,0,17.0482,0.289583,0,2859,0,-0.000165,-0.000046,-0.000337,0.0000295,0.0000386,0.0000165,1.0000000
1788248637225732608,OK,1,0,15.9686,0.299875,0,2690,0,-0.000083,0.000531,-0.000212,0.0003167,0.0000391,-0.0000660,0.9999999
1788248637259076352,OK,1,0,15.7795,0.282459,0,2648,0,-0.000531,0.000002,0.000232,0.0002913,0.0000594,-0.0000971,0.9999999
1788248637292420096,OK,1,0,16.9797,0.268292,0,2617,0,-0.000210,0.000120,0.002041,0.0002842,0.0000221,-0.0000677,1.0000000
1788248637325763840,OK,1,0,16.732,0.277458,0,2618,0,-0.000119,-0.000496,0.004521,0.0001948,-0.0000152,-0.0000623,1.0000000
1788248637359107584,OK,1,0,15.8169,0.29875,0,2665,0,-0.000688,0.000286,0.006975,0.0001907,-0.0000263,-0.0001690,1.0000000
1788248637392451584,OK,1,0,16.1364,0.280958,0,2624,0,-0.000556,-0.000389,0.009845,0.0000055,-0.0001072,-0.0001118,1.0000000
1788248637425794560,OK,1,0,15.8463,0.272292,0,2548,0,-0.000369,0.000594,0.013068,-0.0001888,-0.0001091,-0.0000576,1.0000000
1788248637459138304,OK,1,0,15.9752,0.287125,0,2537,0,0.000556,0.000536,0.016676,-0.0002505,-0.0001233,0.0000825,1.0000000
1788248637492482304,OK,1,0,15.4974,0.277,0,2566,0,0.000259,0.001258,0.018577,-0.0000037,-0.0001019,-0.0000044,1.0000000
1788248637525826048,OK,1,0,15.6546,0.269125,0,2543,0,-0.000214,0.000692,0.020867,0.0000244,-0.0000310,0.0001014,1.0000000
1788248637559170048,OK,1,0,15.5727,0.273958,0,2505,0,0.000946,0.000096,0.024619,0.0000823,-0.0000838,0.0003364,0.9999999
1788248637592514048,OK,1,0,15.6708,0.270375,0,2459,0,0.001562,-0.000019,0.027877,0.0002721,-0.0001245,0.0004129,0.9999999
1788248637625859328,OK,1,0,15.6059,0.287792,0,2435,0,0.001000,0.000153,0.031263,0.0002876,-0.0000609,0.0003206,0.9999999
1788248637659204864,OK,1,0,15.6195,0.277209,0,2469,0,0.001057,0.001017,0.034976,0.0001577,0.0000063,0.0003002,0.9999999
1788248637692550144,OK,1,0,15.69,0.284291,0,2466,0,0.001370,0.001701,0.039608,-0.0000093,-0.0000511,0.0003749,0.9999999
1788248637725895424,OK,1,0,15.6286,0.283334,0,2408,0,0.001222,0.001475,0.043046,-0.0001509,-0.0001190,0.0004352,0.9999999
1788248637759240704,OK,1,0,14.9176,0.455167,0,2372,0,0.001270,0.001699,0.046636,-0.0001723,-0.0000917,0.0004441,0.9999999
1788248637792586240,OK,1,0,15.1366,0.299,0,2387,0,0.001278,0.001570,0.049881,-0.0000908,-0.0000905,0.0005424,0.9999999
1788248637825931520,OK,1,0,15.2678,0.274625,0,2374,0,0.001786,0.001702,0.052961,0.0001917,-0.0001025,0.0007149,0.9999998
1788248637859276032,OK,1,0,15.5352,0.273583,0,2385,0,0.001684,0.001742,0.055535,0.0003155,-0.0000821,0.0007451,0.9999997
1788248637892621568,OK,1,0,15.2287,0.279833,0,2372,0,0.003115,0.002043,0.059908,0.0003900,-0.0001974,0.0008457,0.9999995
1788248637925967104,OK,1,0,15.301,0.273375,0,2350,0,0.002638,0.001786,0.063325,0.0003169,-0.0001947,0.0008766,0.9999995
1788248637959312640,OK,1,0,14.9969,0.2705,0,2334,0,0.002181,0.002438,0.067843,0.0002226,-0.0003066,0.0007972,0.9999996
1788248637992658176,OK,1,0,15.509,0.262583,0,2331,0,0.002314,0.002564,0.071194,-0.0000125,-0.0003511,0.0006985,0.9999997
1788248638026003712,OK,1,0,14.7831,0.271583,0,2301,0,0.001972,0.002314,0.074909,-0.0001733,-0.0003511,0.0006199,0.9999998
1788248638059349248,OK,1,0,15.2234,0.359791,0,2304,0,0.001702,0.002582,0.077977,-0.0002633,-0.0003835,0.0006702,0.9999997
1788248638092695040,OK,1,0,15.0764,0.289167,0,2268,0,0.002299,0.002638,0.081704,-0.0003386,-0.0003753,0.0007372,0.9999996
1788248638126040832,OK,1,0,14.7473,0.304625,0,2263,0,0.002261,0.003615,0.085090,-0.0002364,-0.0003278,0.0007844,0.9999996
1788248638159386368,OK,1,0,15.4519,0.274,0,2277,0,0.002801,0.004225,0.088938,-0.0001320,-0.0004142,0.0008455,0.9999996
1788248638192732160,OK,1,0,15.1297,0.296959,0,2250,0,0.003023,0.004503,0.092415,-0.0000196,-0.0003552,0.0009767,0.9999995
1788248638226077952,OK,1,0,14.7683,0.302125,0,2214,0,0.003728,0.004494,0.096798,-0.0000233,-0.0003520,0.0010212,0.9999994
1788248638259423488,OK,1,0,14.6774,0.302875,0,2225,0,0.004251,0.003665,0.100108,-0.0000422,-0.0003357,0.0011454,0.9999993
1788248638292769536,OK,1,0,14.967,0.357959,0,2212,0,0.004615,0.003623,0.104126,-0.0000962,-0.0003567,0.0012040,0.9999992
1788248638326114304,OK,1,0,15.145,0.292459,0,2227,0,0.003774,0.003526,0.106663,-0.0001792,-0.0002642,0.0011380,0.9999993
1788248638359460096,OK,1,0,14.0221,0.287417,0,2208,0,0.003054,0.004179,0.110070,-0.0001824,-0.0002280,0.0010690,0.9999994
1788248638392805888,OK,1,0,14.684,0.293458,0,2184,0,0.003765,0.004806,0.114464,-0.0002374,-0.0002770,0.0010193,0.9999995
1788248638426151936,OK,1,0,14.4962,0.271333,0,2165,0,0.003724,0.004851,0.118235,-0.0003809,-0.0002925,0.0010942,0.9999993
1788248638459497728,OK,1,0,14.3887,0.288083,0,2162,0,0.003794,0.005444,0.121825,-0.0004227,-0.0003037,0.0011175,0.9999992
1788248638492843776,OK,1,0,14.6465,0.286792,0,2141,0,0.003548,0.005047,0.125239,-0.0004591,-0.0001457,0.0012875,0.9999991
1788248638526189824,OK,1,0,14.2694,0.292667,0,2193,0,0.005664,0.005557,0.129510,-0.0003287,-0.0002877,0.0014700,0.9999989
1788248638559535872,OK,1,0,14.4492,0.296,0,2196,0,0.004758,0.005820,0.131636,-0.0002971,-0.0003116,0.0015044,0.9999988
1788248638592881920,OK,1,0,13.7834,0.280458,0,2167,0,0.004065,0.005478,0.134916,-0.0003767,-0.0002468,0.0014742,0.9999988
1788248638626246400,OK,1,0,14.3726,0.314667,0,2160,0,0.004252,0.005964,0.138346,-0.0003441,-0.0002420,0.0013105,0.9999990
1788248638659641600,OK,1,0,13.9899,0.272583,0,2140,0,0.003735,0.006739,0.143260,-0.0005132,-0.0003401,0.0012633,0.9999990
1788248638693037312,OK,1,0,14.0256,0.291167,0,2085,0,0.004324,0.006017,0.147208,-0.0007331,-0.0004282,0.0013020,0.9999988
1788248638726433536,OK,1,0,14.3547,0.286458,0,2091,0,0.004065,0.006541,0.150068,-0.0008905,-0.0003378,0.0013077,0.9999987
1788248638759828736,OK,1,0,14.7372,0.294458,0,2126,0,0.005810,0.006051,0.156300,-0.0011833,-0.0005139,0.0015132,0.9999980
1788248638793225472,OK,1,0,13.8728,0.280583,0,2083,0,0.005089,0.006559,0.158997,-0.0012431,-0.0004430,0.0016339,0.9999978
1788248638826622720,OK,1,0,13.8226,0.273709,0,2093,0,0.005232,0.007606,0.162290,-0.0011084,-0.0003448,0.0016350,0.9999980
1788248638860020224,OK,1,0,14.4929,0.295208,0,2087,0,0.005118,0.007584,0.165518,-0.0009525,-0.0002926,0.0015722,0.9999983
1788248638893417984,OK,1,0,13.6554,0.291792,0,2062,0,0.005145,0.007191,0.168587,-0.0008188,-0.0001906,0.0016097,0.9999983
1788248638926816256,OK,1,0,14.4512,0.316042,0,2035,0,0.006942,0.006791,0.173327,-0.0008354,-0.0002644,0.0018029,0.9999980
1788248638960214528,OK,1,0,14.017,0.283458,0,2023,0,0.006347,0.006201,0.175063,-0.0007866,-0.0002032,0.0017742,0.9999981
1788248638993613568,OK,1,0,13.9642,0.373958,0,2013,0,0.005789,0.007233,0.178362,-0.0006694,-0.0002104,0.0017177,0.9999983
1788248639027012608,OK,1,0,13.89,0.278709,0,2007,0,0.005097,0.008312,0.181525,-0.0006077,-0.0000630,0.0014911,0.9999987
1788248639060412416,OK,1,0,13.7595,0.2705,0,1991,0,0.006527,0.008673,0.188172,-0.0008856,-0.0001686,0.0013612,0.9999987
1788248639093812224,OK,1,0,13.9651,0.279292,0,1976,0,0.006280,0.008916,0.192602,-0.0012873,-0.0001824,0.0013866,0.9999982
1788248639127212288,OK,1,0,14.096,0.278291,0,2013,0,0.005799,0.010099,0.196748,-0.0013574,-0.0001186,0.0013545,0.9999982
1788248639160613120,OK,1,0,13.8929,0.277041,0,2022,0,0.004983,0.009678,0.199618,-0.0014021,-0.0000344,0.0013104,0.9999982
1788248639194012928,OK,1,0,13.5504,0.269,0,1999,0,0.004889,0.009573,0.202709,-0.0011823,-0.0000703,0.0012942,0.9999985
1788248639227414272,OK,1,0,13.9947,0.293208,0,2038,0,0.003443,0.008834,0.205775,-0.0007059,-0.0000380,0.0011762,0.9999990
1788248639260815872,OK,1,0,13.7705,0.309375,0,1985,0,0.003760,0.010000,0.210237,-0.0003897,-0.0001062,0.0009676,0.9999995
1788248639294217984,OK,1,0,13.6145,0.285,0,1998,0,0.004626,0.011650,0.217682,-0.0008109,-0.0002863,0.0009135,0.9999992
1788248639327620352,OK,1,0,13.78,0.267792,0,1990,0,0.002778,0.011304,0.222392,-0.0013291,-0.0002682,0.0008712,0.9999987
1788248639361022976,OK,1,0,13.8149,0.2845,0,1970,0,0.004937,0.011870,0.230587,-0.0015805,-0.0005404,0.0010226,0.9999981
1788248639394426112,OK,1,0,13.6857,0.324209,0,1999,0,0.003823,0.011443,0.234032,-0.0016297,-0.0006234,0.0010645,0.9999979
1788248639427829248,OK,1,0,13.7371,0.290083,0,1960,0,0.003886,0.011437,0.238528,-0.0012550,-0.0006974,0.0012987,0.9999982
1788248639461233152,OK,1,0,13.4277,0.276584,0,1962,0,0.005104,0.011246,0.242513,-0.0007725,-0.0006158,0.0014573,0.9999985
1788248639494637312,OK,1,0,13.3177,0.342333,0,1973,0,0.005039,0.010831,0.247426,-0.0006796,-0.0004146,0.0016545,0.9999983
1788248639528041728,OK,1,0,13.249,0.2845,0,1929,0,0.005514,0.012411,0.250734,-0.0004486,-0.0003087,0.0016349,0.9999985
1788248639561446656,OK,1,0,13.4023,0.2735,0,1931,0,0.007485,0.012431,0.256340,-0.0000692,-0.0003518,0.0015927,0.9999987
1788248639594851584,OK,1,0,13.9367,0.276709,0,1947,0,0.005721,0.012686,0.259117,0.0001880,-0.0003313,0.0015449,0.9999987
1788248639628224000,OK,1,0,13.9668,0.265292,0,1942,0,0.005021,0.012562,0.264095,-0.0000544,-0.0002484,0.0017211,0.9999985
1788248639661553920,OK,1,0,13.7776,0.280792,0,1941,0,0.006466,0.013847,0.269751,-0.0001806,-0.0001428,0.0018767,0.9999982
1788248639694884096,OK,1,0,14.0811,0.274958,0,1911,0,0.007757,0.014434,0.276280,-0.0001416,-0.0002915,0.0020835,0.9999978
1788248639728213760,OK,1,0,14.0744,0.267958,0,1944,0,0.006413,0.013455,0.279218,-0.0001248,-0.0002906,0.0021648,0.9999976
1788248639761543680,OK,1,0,13.6359,0.278084,0,1908,0,0.007102,0.013184,0.284056,-0.0001619,-0.0003939,0.0020492,0.9999978
1788248639794873344,OK,1,0,13.5409,0.288959,0,1856,0,0.007173,0.013731,0.290354,-0.0002713,-0.0002209,0.0019372,0.9999981
1788248639828203008,OK,1,0,14.4315,0.280708,0,1866,0,0.004632,0.015048,0.292301,-0.0001071,0.0000242,0.0017514,0.9999985
1788248639861532416,OK,1,0,14.0742,0.284459,0,1857,0,0.005213,0.014844,0.298332,-0.0002296,-0.0001888,0.0015595,0.9999987
1788248639894861824,OK,1,0,13.7301,0.291542,0,1879,0,0.005719,0.015886,0.303867,-0.0002738,-0.0001327,0.0015236,0.9999988
1788248639928191232,OK,1,0,13.9777,0.295583,0,1871,0,0.006672,0.015122,0.309080,-0.0003584,-0.0000296,0.0017728,0.9999984
1788248639961520384,OK,1,0,13.627,0.300958,0,1848,0,0.007628,0.015220,0.314737,-0.0002919,-0.0000129,0.0019692,0.9999980
1788248639994849536,OK,1,0,13.3859,0.294375,0,1888,0,0.007331,0.014148,0.318799,-0.0004041,-0.0000346,0.0020003,0.9999979
1788248640028178432,OK,1,0,13.9721,0.289,0,1846,0,0.006112,0.015181,0.322620,-0.0002887,0.0000817,0.0018683,0.9999982
1788248640061507584,OK,1,0,13.1694,0.2765,0,1863,0,0.005485,0.016114,0.327744,-0.0001584,0.0002065,0.0015435,0.9999988
1788248640094835456,OK,1,0,12.8718,0.359959,0,1866,0,0.005233,0.016722,0.332598,-0.0003775,0.0001694,0.0014403,0.9999989
1788248640128164096,OK,1,0,13.6643,0.270125,0,1843,0,0.004924,0.017317,0.338300,-0.0005881,0.0002323,0.0015141,0.9999987
1788248640161492992,OK,1,0,13.1606,0.290417,0,1850,0,0.005313,0.017828,0.344267,-0.0006406,0.0002522,0.0016204,0.9999985
1788248640194821632,OK,1,0,12.8325,0.284584,0,1835,0,0.005637,0.016686,0.350586,-0.0007512,0.0001999,0.0016769,0.9999983
1788248640228150016,OK,1,0,13.2908,0.268125,0,1803,0,0.005442,0.017422,0.353138,-0.0006931,0.0001269,0.0015490,0.9999986
1788248640261478144,OK,1,0,13.1365,0.283,0,1810,0,0.002927,0.016957,0.357337,-0.0007324,0.0002760,0.0012388,0.9999989
1788248640294806528,OK,1,0,13.6556,0.280209,0,1821,0,0.002790,0.017300,0.363437,-0.0007153,0.0002520,0.0009367,0.9999993
1788248640328134912,OK,1,0,13.0983,0.275542,0,1818,0,0.000024,0.017928,0.366794,-0.0006533,0.0004303,0.0005325,0.9999996
1788248640361463040,OK,1,0,13.076,0.273541,0,1772,0,0.001165,0.020186,0.372047,-0.0005533,0.0003004,0.0004968,0.9999997
1788248640394790912,OK,1,0,12.7846,0.266875,0,1754,0,0.002491,0.019659,0.377959,-0.0004926,0.0002099,0.0007599,0.9999996
1788248640428118784,OK,1,0,12.594,0.347292,0,1765,0,0.003740,0.019563,0.382372,-0.0001364,0.0002876,0.0009697,0.9999995
1788248640461446656,OK,1,0,12.5725,0.269958,0,1767,0,0.003807,0.020343,0.386442,0.0002352,0.0003659,0.0010689,0.9999993
1788248640494774784,OK,1,0,12.7675,0.290125,0,1792,0,0.003708,0.019679,0.391418,0.0004377,0.0004074,0.0009929,0.9999993
1788248640528101376,OK,1,0,12.9193,0.266292,0,1756,0,0.003141,0.019376,0.392494,0.0005945,0.0004522,0.0009770,0.9999993
1788248640561428992,OK,1,0,12.7755,0.3705,0,1766,0,0.002713,0.019728,0.397603,0.0007022,0.0004291,0.0007270,0.9999994
1788248640594756352,OK,1,0,12.8072,0.277416,0,1741,0,0.002072,0.020688,0.401935,0.0007200,0.0005881,0.0007447,0.9999993
1788248640628087040,OK,1,0,12.3525,0.277125,0,1736,0,0.003201,0.020677,0.408923,0.0007645,0.0005864,0.0008181,0.9999992
1788248640661421056,OK,1,0,12.54,0.280375,0,1734,0,0.005104,0.020951,0.414317,0.0009823,0.0004508,0.0009307,0.9999990
1788248640694755328,OK,1,0,12.871,0.288917,0,1754,0,0.003688,0.020917,0.419768,0.0011259,0.0004373,0.0008699,0.9999989
1788248640728089600,OK,1,0,12.919,0.365125,0,1758,0,0.002595,0.022046,0.423756,0.0012390,0.0004707,0.0006719,0.9999989
1788248640761423616,OK,1,0,12.774,0.269792,0,1739,0,0.002659,0.020999,0.427764,0.0011979,0.0004230,0.0004692,0.9999991
1788248640794757632,OK,1,0,12.8332,0.272875,0,1731,0,0.002125,0.021787,0.432649,0.0012007,0.0004100,0.0001636,0.9999992
1788248640828091648,OK,1,0,13.0043,0.266958,0,1710,0,0.000172,0.022148,0.436868,0.0009831,0.0004597,-0.0000873,0.9999994
1788248640861425408,OK,1,0,12.2993,0.36,0,1710,0,0.000396,0.021150,0.442703,0.0006425,0.0004036,-0.0000617,0.9999997
1788248640894758912,OK,1,0,12.5474,0.269291,0,1677,0,-0.000790,0.021420,0.446343,0.0007321,0.0006053,-0.0000552,0.9999996
1788248640928092672,OK,1,0,12.7015,0.280125,0,1680,0,-0.000805,0.021361,0.452050,0.0007778,0.0006650,0.0000903,0.9999995
1788248640961426176,OK,1,0,12.4177,0.277958,0,1666,0,0.000254,0.021809,0.458864,0.0008272,0.0006548,0.0001546,0.9999995
1788248640994758912,OK,1,0,12.8064,0.272375,0,1668,0,0.000382,0.021543,0.463413,0.0008309,0.0006951,0.0002423,0.9999994
1788248641028092160,OK,1,0,12.6875,0.28475,0,1660,0,0.000810,0.022367,0.468075,0.0008785,0.0006311,0.0001505,0.9999994
1788248641061425664,OK,1,0,12.7013,0.285584,0,1681,0,-0.000372,0.023079,0.472525,0.0007506,0.0007445,0.0000358,0.9999995
1788248641094758912,OK,1,0,12.3466,0.304625,0,1666,0,-0.001647,0.022907,0.478476,0.0007184,0.0008473,0.0000139,0.9999994
1788248641128092160,OK,1,0,13.1184,0.291042,0,1680,0,-0.001279,0.024740,0.484102,0.0008211,0.0007053,0.0000586,0.9999995
1788248641161425408,OK,1,0,12.9871,0.271125,0,1664,0,0.000300,0.022546,0.489627,0.0007045,0.0005520,0.0001509,0.9999996
1788248641194758656,OK,1,0,12.8106,0.283875,0,1648,0,0.000275,0.024215,0.494247,0.0008036,0.0006087,0.0001650,0.9999995
1788248641228091392,OK,1,0,12.9838,0.284209,0,1667,0,0.000170,0.024848,0.499464,0.0008383,0.0006191,0.0001828,0.9999995
1788248641261424384,OK,1,0,12.7767,0.304042,0,1664,0,-0.002249,0.025361,0.504720,0.0008762,0.0006391,-0.0000900,0.9999994
1788248641294757120,OK,1,0,12.5114,0.311875,0,1638,0,-0.002456,0.024883,0.509913,0.0005897,0.0005436,-0.0002028,0.9999996
1788248641328089856,OK,1,0,12.4262,0.293959,0,1652,0,-0.000218,0.025904,0.517353,0.0003809,0.0004921,0.0000007,0.9999998
1788248641361422592,OK,1,0,12.492,0.280875,0,1650,0,0.000921,0.026325,0.523359,0.0002928,0.0004998,0.0001746,0.9999998
1788248641394755072,OK,1,0,12.8573,0.295583,0,1622,0,-0.001064,0.024162,0.525929,0.0003596,0.0008041,0.0004878,0.9999995
1788248641428086784,OK,1,0,12.371,0.288208,0,1629,0,-0.000492,0.024979,0.530367,0.0007803,0.0008449,0.0006418,0.9999992
1788248641461419264,OK,1,0,12.7834,0.308708,0,1617,0,0.000651,0.024917,0.535698,0.0009767,0.0008121,0.0006818,0.9999990
1788248641494751488,OK,1,0,12.8126,0.3395,0,1665,0,-0.000382,0.024763,0.541371,0.0010153,0.0008862,0.0005200,0.9999990
1788248641528083712,OK,1,0,12.3495,0.307625,0,1618,0,0.000464,0.024365,0.546591,0.0008516,0.0008312,0.0005190,0.9999992
1788248641561415936,OK,1,0,12.6214,0.282708,0,1625,0,0.001095,0.026340,0.553304,0.0010863,0.0007755,0.0004308,0.9999990
1788248641594748160,OK,1,0,12.0657,0.267542,0,1635,0,0.001408,0.026416,0.559719,0.0011127,0.0006885,0.0006276,0.9999990
1788248641628083200,OK,1,0,12.8165,0.277625,0,2150,0,0.000997,0.026657,0.563400,0.0011657,0.0007626,0.0006973,0.9999988
1788248641661422080,OK,1,0,14.351,0.28675,0,2106,0,0.001015,0.026995,0.568035,0.0012082,0.0008601,0.0008050,0.9999986
1788248641694760960,OK,1,0,14.0715,0.303917,0,1919,0,0.000880,0.027835,0.574223,0.0012665,0.0006601,0.0004944,0.9999989
1788248641728100096,OK,1,0,13.1744,0.283875,0,2157,0,0.008831,0.030854,0.587330,0.0012768,-0.0001329,0.0004171,0.9999991
1788248641761438976,OK,1,0,13.5115,0.280792,0,2096,0,0.009020,0.031575,0.592932,0.0011196,-0.0000328,0.0003707,0.9999993
1788248641794777856,OK,1,0,13.7065,0.272833,0,2102,0,0.010709,0.031231,0.599063,0.0009755,-0.0000133,0.0006712,0.9999993
1788248641828116736,OK,1,0,13.5065,0.287542,0,2089,0,0.010224,0.032537,0.603496,0.0012927,0.0001081,0.0007906,0.9999989
1788248641861454592,OK,1,0,13.2025,0.291083,0,2081,0,0.011120,0.032092,0.608841,0.0013391,0.0001793,0.0010776,0.9999985
1788248641894793472,OK,1,0,13.3455,0.277667,0,2077,0,0.012152,0.033239,0.615031,0.0015284,0.0001469,0.0010852,0.9999983
1788248641928132096,OK,1,0,14.0846,0.280791,0,2044,0,0.010170,0.031928,0.618849,0.0014672,0.0002303,0.0009127,0.9999985
1788248641961470976,OK,1,0,13.7088,0.275958,0,2044,0,0.010902,0.032845,0.625997,0.0015048,0.0002162,0.0007854,0.9999986
1788248641994809600,OK,1,0,13.476,0.278875,0,2023,0,0.009817,0.032300,0.629921,0.0015299,0.0003890,0.0006628,0.9999985
1788248642028148480,OK,1,0,12.7336,0.366666,0,2018,0,0.009901,0.032866,0.635676,0.0016497,0.0003225,0.0006754,0.9999984
1788248642061487104,OK,1,0,13.7589,0.346292,0,2019,0,0.009411,0.032178,0.640323,0.0016035,0.0003337,0.0008162,0.9999983
1788248642094825728,OK,1,0,13.3411,0.270167,0,1978,0,0.010486,0.032893,0.646386,0.0015808,0.0002437,0.0008711,0.9999983
1788248642128164352,OK,1,0,13.3272,0.272333,0,1967,0,0.010048,0.032862,0.651712,0.0015797,0.0002618,0.0007684,0.9999985
1788248642161502976,OK,1,0,13.9509,0.279041,0,1992,0,0.008429,0.031967,0.656608,0.0013112,0.0002313,0.0004742,0.9999990
1788248642194841600,OK,1,0,13.5015,0.29775,0,1959,0,0.007681,0.033391,0.662526,0.0013484,0.0002824,0.0001731,0.9999990
1788248642228180224,OK,1,0,13.6245,0.301666,0,1927,0,0.008533,0.033807,0.668476,0.0015627,0.0002808,0.0001136,0.9999987
1788248642261518848,OK,1,0,12.9741,0.315333,0,1920,0,0.007875,0.033518,0.673877,0.0017321,0.0004621,0.0002006,0.9999984
1788248642294857216,OK,1,0,13.0435,0.283584,0,1931,0,0.010260,0.035271,0.680095,0.0018760,0.0003366,0.0003845,0.9999981
1788248642328194816,OK,1,0,12.8342,0.283458,0,1919,0,0.010550,0.035194,0.686212,0.0017905,0.0002247,0.0003002,0.9999983
1788248642361533184,OK,1,0,13.2139,0.365042,0,1899,0,0.009541,0.035216,0.690739,0.0018223,0.0002814,0.0000775,0.9999983
1788248642394871552,OK,1,0,12.8705,0.281542,0,1866,0,0.009504,0.035194,0.697394,0.0019369,0.0003225,0.0000102,0.9999981
1788248642428209920,OK,1,0,12.88,0.275084,0,1867,0,0.008730,0.035565,0.702529,0.0020880,0.0003635,-0.0000655,0.9999978
1788248642461548544,OK,1,0,12.8372,0.346291,0,2121,0,0.009688,0.035707,0.708279,0.0022519,0.0001408,-0.0000162,0.9999975
1788248642494886912,OK,1,0,15.0452,0.29375,0,2184,0,0.007944,0.035934,0.712567,0.0023305,0.0002973,-0.0000088,0.9999973
1788248642528225024,OK,1,0,14.0187,0.276625,0,2226,0,0.006158,0.035229,0.719843,0.0021036,0.0004285,0.0001818,0.9999977
1788248642561563392,OK,1,0,13.7505,0.271916,0,2151,0,0.005322,0.035174,0.725430,0.0019602,0.0004087,-0.0000334,0.9999980
1788248642594901760,OK,1,0,14.0714,0.287167,0,2112,0,0.004879,0.036433,0.732662,0.0017677,0.0003179,-0.0003735,0.9999983
1788248642628239872,OK,1,0,13.7265,0.26525,0,2088,0,0.004808,0.036996,0.738526,0.0015987,0.0003888,-0.0003454,0.9999986
1788248642661578240,OK,1,0,13.4536,0.363542,0,2065,0,0.005558,0.037565,0.744532,0.0017380,0.0005044,-0.0003466,0.9999983
1788248642694916352,OK,1,0,13.3284,0.2775,0,2047,0,0.005693,0.037942,0.750023,0.0019572,0.0005066,-0.0001555,0.9999980
1788248642728254464,OK,1,0,13.4708,0.349917,0,2043,0,0.005960,0.037458,0.755358,0.0019338,0.0004151,0.0001093,0.9999980
1788248642761591296,OK,1,0,13.649,0.286375,0,2046,0,0.006798,0.038492,0.761012,0.0020796,0.0003688,0.0002312,0.9999978
1788248642794929408,OK,1,0,13.7743,0.266417,0,2044,0,0.006306,0.037641,0.766707,0.0020522,0.0005396,0.0002996,0.9999977
1788248642828267264,OK,1,0,13.6902,0.278,0,2012,0,0.007801,0.038927,0.773189,0.0019731,0.0004318,0.0004449,0.9999979
1788248642861605120,OK,1,0,13.7681,0.311542,0,2042,0,0.007902,0.039334,0.779563,0.0019569,0.0003413,0.0006219,0.9999979
1788248642894943232,OK,1,0,13.4107,0.281458,0,2009,0,0.007521,0.039476,0.784473,0.0019808,0.0004351,0.0006372,0.9999977
1788248642928281088,OK,1,0,13.3097,0.282042,0,2018,0,0.007598,0.039758,0.789914,0.0019266,0.0004153,0.0005984,0.9999979
1788248642961618944,OK,1,0,13.3585,0.299625,0,1983,0,0.007378,0.040238,0.796488,0.0017515,0.0003419,0.0003655,0.9999983
1788248642994956800,OK,1,0,13.1735,0.268792,0,1932,0,0.006486,0.041611,0.802723,0.0016976,0.0003871,0.0001148,0.9999985
1788248643028294400,OK,1,0,13.4497,0.267542,0,1928,0,0.005451,0.041072,0.808112,0.0013453,0.0006015,0.0001361,0.9999989
1788248643061632000,OK,1,0,13.1975,0.350667,0,1880,0,0.006512,0.040996,0.814829,0.0010147,0.0006199,0.0002603,0.9999993
1788248643094969600,OK,1,0,12.9965,0.325917,0,1902,0,0.006400,0.041509,0.820712,0.0010158,0.0006650,0.0004051,0.9999992
1788248643128307456,OK,1,0,13.5054,0.30375,0,1907,0,0.007994,0.041470,0.827346,0.0009075,0.0005741,0.0005570,0.9999993
1788248643161645056,OK,1,0,13.1234,0.292916,0,1916,0,0.005728,0.042858,0.831263,0.0009043,0.0007234,0.0004085,0.9999992
1788248643194981632,OK,1,0,13.6201,0.31575,0,1870,0,0.005539,0.042407,0.837451,0.0007794,0.0006834,0.0003548,0.9999994
1788248643228318976,OK,1,0,13.4764,0.285625,0,1896,0,0.007521,0.043673,0.844115,0.0007693,0.0005070,0.0005191,0.9999995
1788248643261656832,OK,1,0,13.71,0.305125,0,1854,0,0.006330,0.044319,0.848764,0.0008775,0.0007289,0.0005291,0.9999992
1788248643294994176,OK,1,0,12.8949,0.280166,0,1837,0,0.008086,0.045078,0.855318,0.0010869,0.0006081,0.0006583,0.9999990
1788248643328331520,OK,1,0,13.0182,0.286958,0,1836,0,0.007924,0.044568,0.859642,0.0011038,0.0006091,0.0007164,0.9999990
1788248643361668864,OK,1,0,12.923,0.281167,0,1804,0,0.006929,0.044239,0.866076,0.0009850,0.0007071,0.0006704,0.9999990
1788248643395006464,OK,1,0,13.0083,0.280958,0,1808,0,0.005722,0.045012,0.871578,0.0009441,0.0007007,0.0002422,0.9999993
1788248643428343808,OK,1,0,12.608,0.278333,0,1771,0,0.006176,0.045921,0.878821,0.0008318,0.0006615,0.0000380,0.9999995
1788248643461681152,OK,1,0,12.9728,0.282083,0,1754,0,0.006526,0.046398,0.885144,0.0006448,0.0007285,0.0001826,0.9999995
1788248643495018240,OK,1,0,12.6943,0.279708,0,1772,0,0.007087,0.047119,0.889928,0.0007244,0.0009068,0.0002639,0.9999993
1788248643528355584,OK,1,0,12.4059,0.27475,0,1747,0,0.006807,0.047666,0.895380,0.0008683,0.0010205,0.0003967,0.9999990
1788248643561692672,OK,1,0,12.9932,0.269875,0,2097,0,0.009117,0.047643,0.902321,0.0007577,0.0007285,0.0007290,0.9999992
1788248643595029760,OK,1,0,14.48,0.303542,0,2046,0,0.009264,0.048618,0.908489,0.0008405,0.0007006,0.0005168,0.9999993
1788248643628365824,OK,1,0,14.2762,0.301083,0,2070,0,0.003666,0.046823,0.908535,0.0006020,0.0012680,0.0004912,0.9999989
1788248643661698816,OK,1,0,13.9691,0.273875,0,2043,0,0.003570,0.046772,0.914557,0.0005449,0.0013181,0.0005120,0.9999989
1788248643695032576,OK,1,0,13.2818,0.291792,0,2014,0,0.004023,0.046857,0.919512,0.0005555,0.0012846,0.0006014,0.9999989
1788248643728366336,OK,1,0,13.4641,0.27675,0,1997,0,0.005467,0.046877,0.926815,0.0004501,0.0010284,0.0007793,0.9999990
1788248643761699840,OK,1,0,13.5569,0.266916,0,1960,0,0.004284,0.047655,0.932161,0.0003842,0.0011833,0.0005775,0.9999991
1788248643795033344,OK,1,0,12.9418,0.269541,0,1955,0,0.003300,0.048093,0.938052,0.0002476,0.0012191,0.0001587,0.9999992
1788248643828366848,OK,1,0,13.6768,0.28425,0,1937,0,0.002837,0.049071,0.944429,0.0000378,0.0010947,-0.0001312,0.9999994
1788248643861700352,OK,1,0,13.2042,0.292875,0,1935,0,0.001234,0.049657,0.950594,-0.0003175,0.0012492,-0.0003294,0.9999991
1788248643895033856,OK,1,0,13.1809,0.291042,0,1890,0,0.002609,0.050282,0.957089,-0.0006173,0.0012741,-0.0003343,0.9999990
1788248643928367360,OK,1,0,12.94,0.337834,0,1898,0,0.002750,0.051368,0.963411,-0.0005843,0.0013935,-0.0003995,0.9999988
1788248643961700608,OK,1,0,13.3497,0.2675,0,1883,0,0.002443,0.050833,0.969126,-0.0007754,0.0013828,-0.0003069,0.9999987
1788248643995033856,OK,1,0,13.4472,0.274709,0,1876,0,0.002230,0.051772,0.974157,-0.0007388,0.0013462,-0.0005214,0.9999987
1788248644028367104,OK,1,0,12.7382,0.276375,0,1852,0,0.001553,0.051563,0.979162,-0.0008781,0.0013981,-0.0006207,0.9999985
1788248644061700096,OK,1,0,13.0808,0.361291,0,1827,0,0.001360,0.051687,0.985685,-0.0010167,0.0013019,-0.0006984,0.9999984
1788248644095032576,OK,1,0,12.9907,0.279542,0,1792,0,0.001601,0.051956,0.992226,-0.0010965,0.0010777,-0.0008470,0.9999985
1788248644128365568,OK,1,0,13.2605,0.297333,0,1789,0,0.001634,0.051968,0.997689,-0.0011726,0.0010828,-0.0008268,0.9999984
1788248644161698304,OK,1,0,13.3388,0.328708,0,1754,0,0.001060,0.052549,1.003451,-0.0012780,0.0011773,-0.0007726,0.9999982
1788248644195031296,OK,1,0,13.3207,0.3025,0,1747,0,0.001817,0.053450,1.010253,-0.0013650,0.0009790,-0.0008422,0.9999983
1788248644228364032,OK,1,0,13.1226,0.291625,0,1757,0,0.001790,0.053975,1.016392,-0.0016136,0.0009359,-0.0008187,0.9999979
1788248644261696768,OK,1,0,13.0131,0.306416,0,1753,0,0.002515,0.053558,1.022924,-0.0018029,0.0008706,-0.0008084,0.9999977
1788248644295029504,OK,1,0,12.8455,0.296667,0,1753,0,0.001713,0.054343,1.028688,-0.0016143,0.0010166,-0.0006396,0.9999980
1788248644328362240,OK,1,0,12.9087,0.281166,0,1700,0,0.000240,0.054581,1.033112,-0.0013775,0.0012095,-0.0004789,0.9999982
1788248644361694720,OK,1,0,12.9847,0.294916,0,1706,0,0.001307,0.054677,1.038793,-0.0012754,0.0012786,-0.0002535,0.9999984
1788248644395027456,OK,1,0,13.0422,0.282167,0,1719,0,0.001180,0.054863,1.044031,-0.0012405,0.0012811,-0.0002816,0.9999984
1788248644428359936,OK,1,0,12.8063,0.287292,0,2038,0,0.001829,0.054964,1.050300,-0.0013188,0.0011405,-0.0003419,0.9999985
1788248644461692416,OK,1,0,14.0128,0.318542,0,1950,0,0.001458,0.054759,1.055769,-0.0015809,0.0011730,-0.0003732,0.9999980
1788248644495024640,OK,1,0,13.5441,0.290041,0,1992,0,0.001721,0.054148,1.057861,-0.0016979,0.0010607,-0.0002393,0.9999980
1788248644528355840,OK,1,0,13.4163,0.282458,0,1948,0,0.001349,0.054398,1.063118,-0.0016928,0.0010833,-0.0003104,0.9999979
1788248644561688320,OK,1,0,13.6045,0.308375,0,1938,0,0.001763,0.054137,1.069292,-0.0018715,0.0009892,-0.0001763,0.9999978
1788248644595020288,OK,1,0,13.7333,0.268417,0,1935,0,0.001166,0.054329,1.075311,-0.0019454,0.0009868,-0.0002869,0.9999976
1788248644628352000,OK,1,0,13.4401,0.291167,0,1915,0,0.000647,0.054473,1.080458,-0.0021471,0.0010279,-0.0003402,0.9999971
1788248644661682944,OK,1,0,13.1313,0.281375,0,1875,0,0.001158,0.054986,1.087296,-0.0022328,0.0009976,-0.0003296,0.9999970
1788248644695013632,OK,1,0,13.3756,0.274125,0,1873,0,0.001623,0.055836,1.092730,-0.0021087,0.0009912,-0.0002504,0.9999973
1788248644728344320,OK,1,0,12.9783,0.26875,0,1842,0,0.001834,0.056652,1.097969,-0.0018438,0.0011745,-0.0001070,0.9999976
1788248644761674752,OK,1,0,12.7933,0.268334,0,1829,0,0.002122,0.056137,1.103214,-0.0019209,0.0012628,0.0001456,0.9999974
1788248644795005440,OK,1,0,12.8395,0.282375,0,1805,0,0.001389,0.056966,1.109318,-0.0019049,0.0012696,0.0000249,0.9999974
1788248644828335616,OK,1,0,12.9781,0.269333,0,1799,0,0.000648,0.056943,1.115577,-0.0020933,0.0012624,-0.0000922,0.9999970
1788248644861666048,OK,1,0,13.1478,0.283625,0,1800,0,0.000306,0.058013,1.121719,-0.0022971,0.0013580,-0.0000697,0.9999964
1788248644894996224,OK,1,0,13.2436,0.283208,0,1782,0,0.001233,0.057612,1.128608,-0.0026731,0.0013283,0.0001125,0.9999955
1788248644928326656,OK,1,0,13.0333,0.309625,0,1782,0,0.002860,0.058169,1.135322,-0.0027091,0.0011449,0.0002790,0.9999956
1788248644961656832,OK,1,0,12.6516,0.282083,0,1772,0,0.002708,0.058356,1.141204,-0.0028412,0.0011435,0.0002287,0.9999953
1788248644994985472,OK,1,0,12.675,0.390292,0,1741,0,0.003536,0.058787,1.146666,-0.0029498,0.0010909,0.0002404,0.9999951
1788248645028315648,OK,1,0,12.439,0.275542,0,1706,0,0.001508,0.059971,1.151650,-0.0029245,0.0012628,-0.0000962,0.9999949
1788248645061645568,OK,1,0,12.8641,0.299416,0,1730,0,0.001278,0.059284,1.158705,-0.0031310,0.0012397,-0.0000696,0.9999943
1788248645094974976,OK,1,0,12.9604,0.320125,0,1688,0,0.001954,0.059359,1.163803,-0.0031611,0.0012634,0.0001406,0.9999942
1788248645128304896,OK,1,0,12.4846,0.291875,0,1673,0,0.002350,0.059308,1.168997,-0.0029813,0.0014858,0.0003733,0.9999944
1788248645161634560,OK,1,0,12.8613,0.370875,0,1645,0,0.003317,0.059705,1.174343,-0.0029044,0.0015392,0.0003912,0.9999945
1788248645194963968,OK,1,0,12.3398,0.297292,0,1633,0,0.001924,0.059724,1.180317,-0.0030828,0.0015362,0.0004147,0.9999940
1788248645228293376,OK,1,0,12.7249,0.350417,0,1640,0,0.000896,0.060817,1.187183,-0.0030749,0.0015824,0.0000403,0.9999940
1788248645261622784,OK,1,0,12.558,0.334917,0,1640,0,-0.000208,0.062017,1.192673,-0.0032032,0.0017578,-0.0003276,0.9999933
1788248645294952192,OK,1,0,12.3847,0.392625,0,1638,0,0.000276,0.062099,1.199223,-0.0034295,0.0016332,-0.0004675,0.9999927
1788248645328281344,OK,1,0,12.6834,0.27575,0,1880,0,0.001181,0.062991,1.207206,-0.0035845,0.0012784,-0.0002940,0.9999927
1788248645361610240,OK,1,0,12.9845,0.320292,0,1882,0,0.002032,0.063922,1.213499,-0.0035267,0.0012247,-0.0003701,0.9999930
1788248645394939392,OK,1,0,13.5775,0.317375,0,1933,0,0.005539,0.064305,1.223783,-0.0035416,0.0007584,-0.0003577,0.9999934
1788248645428267264,OK,1,0,13.3251,0.293,0,1907,0,0.005552,0.064620,1.228690,-0.0035442,0.0005821,-0.0003971,0.9999935
1788248645461596160,OK,1,0,13.1734,0.35675,0,1878,0,0.003756,0.065444,1.233624,-0.0035285,0.0005005,-0.0007227,0.9999934
1788248645494925056,OK,1,0,13.3442,0.273041,0,1892,0,0.003894,0.065391,1.240054,-0.0035840,0.0006460,-0.0006418,0.9999932
1788248645528253696,OK,1,0,13.2967,0.325291,0,1863,0,0.004631,0.065275,1.246197,-0.0033714,0.0006948,-0.0004472,0.9999940
1788248645561582336,OK,1,0,13.4503,0.303875,0,1829,0,0.004714,0.065411,1.250623,-0.0031506,0.0007917,-0.0001580,0.9999947
1788248645594910976,OK,1,0,12.8061,0.304417,0,1808,0,0.005396,0.065968,1.256248,-0.0030633,0.0007340,0.0000132,0.9999951
1788248645628240384,OK,1,0,13.3536,0.290417,0,1816,0,0.006018,0.065837,1.262963,-0.0031400,0.0006745,0.0001359,0.9999948
1788248645661571328,OK,1,0,12.8392,0.280042,0,1804,0,0.006118,0.066079,1.268102,-0.0031964,0.0007218,0.0001612,0.9999946
1788248645694902016,OK,1,0,12.882,0.284542,0,1795,0,0.006123,0.066321,1.274236,-0.0033306,0.0008037,0.0003737,0.9999941
1788248645728232960,OK,1,0,12.6001,0.310833,0,1781,0,0.007125,0.067212,1.280150,-0.0032013,0.0007117,0.0005590,0.9999945
1788248645761563648,OK,1,0,12.7777,0.27725,0,1772,0,0.007733,0.067067,1.285259,-0.0031473,0.0006496,0.0007742,0.9999946
1788248645794894336,OK,1,0,12.549,0.283792,0,1773,0,0.008126,0.067368,1.291999,-0.0031089,0.0006467,0.0008465,0.9999946
1788248645828224512,OK,1,0,12.6403,0.275708,0,1732,0,0.008000,0.067779,1.297485,-0.0031888,0.0007252,0.0006430,0.9999945
1788248645861554176,OK,1,0,12.7562,0.307875,0,1697,0,0.007434,0.068442,1.302832,-0.0033750,0.0008263,0.0005137,0.9999939
1788248645894884608,OK,1,0,12.9663,0.278708,0,1686,0,0.006298,0.068597,1.308944,-0.0035156,0.0009147,0.0005150,0.9999933
1788248645928214528,OK,1,0,12.6282,0.340917,0,1725,0,0.006564,0.068844,1.315392,-0.0034172,0.0010556,0.0005181,0.9999935
1788248645961544960,OK,1,0,12.6463,0.356291,0,1730,0,0.008451,0.069408,1.321693,-0.0034403,0.0009987,0.0006839,0.9999934
1788248645994874880,OK,1,0,12.6212,0.277333,0,1700,0,0.008264,0.070585,1.327567,-0.0034565,0.0010140,0.0008332,0.9999932
1788248646028204800,OK,1,0,11.5469,0.3705,0,1687,0,0.008954,0.071827,1.333398,-0.0033389,0.0009550,0.0007972,0.9999937
1788248646061534976,OK,1,0,13.1007,0.30775,0,1645,0,0.006491,0.070347,1.338421,-0.0035649,0.0012460,0.0006811,0.9999927
1788248646094864640,OK,1,0,13.059,0.316709,0,1665,0,0.007941,0.071426,1.345490,-0.0036648,0.0011654,0.0007684,0.9999923
1788248646128194304,OK,1,0,12.2084,0.2975,0,1644,0,0.007879,0.071043,1.351399,-0.0037506,0.0011752,0.0008550,0.9999920
1788248646161524224,OK,1,0,12.3052,0.290875,0,1645,0,0.007610,0.070520,1.358197,-0.0036589,0.0011720,0.0008152,0.9999923
1788248646194853632,OK,1,0,12.4505,0.36475,0,1623,0,0.007371,0.071819,1.363414,-0.0036400,0.0010191,0.0006655,0.9999927
1788248646228183040,OK,1,0,12.5603,0.276292,0,1608,0,0.007401,0.073523,1.368727,-0.0035596,0.0007455,0.0005273,0.9999933
1788248646261512704,OK,1,0,11.662,0.357125,0,1588,0,0.006726,0.073904,1.374224,-0.0033922,0.0007749,0.0002683,0.9999939
1788248646294842112,OK,1,0,12.1835,0.266333,0,1832,0,0.007676,0.073143,1.378854,-0.0034061,0.0008136,0.0002776,0.9999939
1788248646328170240,OK,1,0,13.1732,0.294542,0,1865,0,0.008751,0.073450,1.383654,-0.0031734,0.0009387,0.0005529,0.9999944
1788248646361499392,OK,1,0,14.6316,0.316833,0,1850,0,0.010520,0.070942,1.385907,-0.0028080,0.0010142,0.0009185,0.9999952
1788248646394828544,OK,1,0,13.1895,0.329334,0,1837,0,0.012089,0.071637,1.390339,-0.0022444,0.0009608,0.0011991,0.9999963
1788248646428157440,OK,1,0,13.5111,0.266708,0,1835,0,0.011792,0.071980,1.395749,-0.0019664,0.0010582,0.0011947,0.9999968
1788248646461486592,OK,1,0,12.9258,0.27525,0,1838,0,0.011267,0.071733,1.400520,-0.0019948,0.0010504,0.0011333,0.9999968
1788248646494815488,OK,1,0,12.7031,0.31125,0,1807,0,0.011119,0.071712,1.405476,-0.0019745,0.0010236,0.0009193,0.9999971
1788248646528144128,OK,1,0,13.4369,0.276291,0,1791,0,0.010157,0.073475,1.410771,-0.0016848,0.0012380,0.0007631,0.9999976
1788248646561472768,OK,1,0,13.2383,0.272041,0,1825,0,0.010289,0.073372,1.415681,-0.0014446,0.0012380,0.0008670,0.9999978
1788248646594801152,OK,1,0,13.1987,0.274834,0,1758,0,0.010606,0.073500,1.421001,-0.0011846,0.0011714,0.0009010,0.9999982
1788248646628133120,OK,1,0,12.6321,0.276709,0,1769,0,0.010316,0.072994,1.425435,-0.0010965,0.0012530,0.0008090,0.9999983
1788248646661469184,OK,1,0,12.5547,0.275375,0,1760,0,0.010354,0.074446,1.431447,-0.0009104,0.0011221,0.0005657,0.9999988
1788248646694805248,OK,1,0,12.4987,0.276,0,1735,0,0.009593,0.074754,1.437117,-0.0009809,0.0010132,0.0003427,0.9999990
1788248646728140800,OK,1,0,12.227,0.272625,0,1711,0,0.008619,0.074124,1.442568,-0.0013610,0.0009959,0.0000907,0.9999986
1788248646761475840,OK,1,0,12.159,0.342583,0,1715,0,0.009084,0.073463,1.448185,-0.0014323,0.0009803,-0.0000046,0.9999985
1788248646794811648,OK,1,0,12.5532,0.2755,0,1713,0,0.009886,0.075253,1.453208,-0.0011093,0.0010654,0.0001231,0.9999988
1788248646828147200,OK,1,0,11.9905,0.270875,0,1689,0,0.011423,0.075393,1.458662,-0.0009704,0.0010347,0.0002868,0.9999990
1788248646861483008,OK,1,0,12.0675,0.282125,0,1673,0,0.010309,0.074821,1.462468,-0.0009201,0.0012035,0.0005981,0.9999987
1788248646894818560,OK,1,0,12.671,0.290417,0,1692,0,0.010638,0.076065,1.468275,-0.0006653,0.0011344,0.0004809,0.9999990
1788248646928154368,OK,1,0,12.3367,0.284792,0,1668,0,0.010133,0.075659,1.473627,-0.0007741,0.0012232,0.0003640,0.9999989
1788248646961489664,OK,1,0,11.6965,0.319292,0,1675,0,0.010245,0.076383,1.479147,-0.0007858,0.0011811,0.0001734,0.9999990
1788248646994825472,OK,1,0,12.9782,0.431792,0,1624,0,0.009767,0.076667,1.484779,-0.0006984,0.0010951,0.0001825,0.9999992
1788248647028160768,OK,1,0,12.46,0.285875,0,1600,0,0.009468,0.076844,1.490655,-0.0006757,0.0011262,0.0003111,0.9999991
1788248647061496320,OK,1,0,12.4479,0.284875,0,1579,0,0.010185,0.076312,1.496559,-0.0006743,0.0010503,0.0003804,0.9999992
1788248647094831616,OK,1,0,12.3488,0.290333,0,1583,0,0.011042,0.077435,1.501796,-0.0005312,0.0010356,0.0003543,0.9999993
1788248647128166912,OK,1,0,12.4898,0.322375,0,1587,0,0.009996,0.077017,1.506514,-0.0005707,0.0010663,0.0001985,0.9999993
1788248647161502208,OK,1,0,12.3293,0.324917,0,1572,0,0.009045,0.077887,1.511403,-0.0006034,0.0010158,-0.0000883,0.9999993
1788248647194836480,OK,1,0,12.3757,0.302875,0,1619,0,0.009362,0.077506,1.516392,-0.0006613,0.0011007,-0.0001779,0.9999992
1788248647228171520,OK,1,0,12.3584,0.288583,0,1577,0,0.009733,0.077794,1.522067,-0.0004008,0.0011614,-0.0000540,0.9999992
1788248647261506816,OK,1,0,12.0073,0.291458,0,1584,0,0.011193,0.078796,1.527498,-0.0001635,0.0011820,0.0002549,0.9999993
1788248647294842112,OK,1,0,12.1826,0.285375,0,1570,0,0.011138,0.078096,1.532191,-0.0001527,0.0011838,0.0003951,0.9999992
1788248647328176896,OK,1,0,12.1387,0.270334,0,1710,0,0.010998,0.078685,1.537246,0.0000833,0.0012032,0.0003013,0.9999992
1788248647361511936,OK,1,0,12.7411,0.290417,0,1744,0,0.009551,0.078172,1.542516,0.0002692,0.0013292,0.0001376,0.9999990
1788248647394846976,OK,1,0,13.561,0.351833,0,1712,0,0.009107,0.077680,1.547630,0.0003745,0.0013128,-0.0000514,0.9999991
1788248647428181760,OK,1,0,13.145,0.301334,0,1730,0,0.010920,0.078450,1.557438,0.0005298,0.0010661,0.0000020,0.9999993
1788248647461516800,OK,1,0,12.3047,0.380416,0,1685,0,0.012342,0.079610,1.562714,0.0008141,0.0009917,0.0001103,0.9999992
1788248647494851584,OK,1,0,12.3462,0.283375,0,1690,0,0.011182,0.079400,1.567073,0.0008294,0.0011306,0.0001329,0.9999990
1788248647528186624,OK,1,0,12.4401,0.302334,0,1696,0,0.011239,0.080273,1.572869,0.0008552,0.0010517,-0.0000332,0.9999991
1788248647561521152,OK,1,0,12.316,0.348291,0,1696,0,0.011091,0.080626,1.577972,0.0007307,0.0009836,-0.0001702,0.9999993
1788248647594855936,OK,1,0,12.3693,0.272291,0,1676,0,0.009040,0.080748,1.584509,0.0005233,0.0010700,-0.0005792,0.9999992
1788248647628189440,OK,1,0,12.4409,0.286458,0,1679,0,0.009511,0.081287,1.589742,0.0004640,0.0011943,-0.0005738,0.9999990
1788248647661520384,OK,1,0,12.1449,0.280708,0,1654,0,0.010102,0.081845,1.594764,0.0005571,0.0012692,-0.0004447,0.9999989
1788248647694852608,OK,1,0,12.26,0.27775,0,1613,0,0.011432,0.082371,1.601232,0.0008329,0.0012021,-0.0002665,0.9999989
1788248647728184320,OK,1,0,12.2267,0.269334,0,1625,0,0.012117,0.081975,1.605524,0.0009014,0.0012558,-0.0001153,0.9999988
1788248647761516032,OK,1,0,12.427,0.304958,0,1633,0,0.010300,0.083148,1.610789,0.0011744,0.0013572,-0.0002406,0.9999984
1788248647794848000,OK,1,0,11.9413,0.277625,0,1609,0,0.009984,0.082379,1.616035,0.0011145,0.0014346,-0.0003536,0.9999983
1788248647828179456,OK,1,0,12.0282,0.271125,0,1609,0,0.010267,0.082954,1.620587,0.0012995,0.0014787,-0.0005202,0.9999979
1788248647861510912,OK,1,0,12.3092,0.298083,0,1588,0,0.009744,0.082665,1.626180,0.0014224,0.0014823,-0.0004791,0.9999978
1788248647894842368,OK,1,0,12.1252,0.282666,0,1575,0,0.011680,0.083612,1.632322,0.0015790,0.0012874,-0.0003146,0.9999979
1788248647928173568,OK,1,0,12.1598,0.274666,0,1583,0,0.011656,0.082650,1.636966,0.0016109,0.0013299,-0.0003168,0.9999978
1788248647961504768,OK,1,0,11.7543,0.274417,0,1579,0,0.011689,0.083674,1.643765,0.0017896,0.0013711,-0.0004868,0.9999973
1788248647994835968,OK,1,0,12.3401,0.289917,0,1564,0,0.010762,0.083957,1.648817,0.0017799,0.0015395,-0.0007754,0.9999970
1788248648028166912,OK,1,0,12.8283,0.313791,0,1526,0,0.009854,0.084804,1.654057,0.0016311,0.0017261,-0.0010938,0.9999966
1788248648061498112,OK,1,0,12.2753,0.327667,0,1542,0,0.010332,0.085024,1.660141,0.0016208,0.0018405,-0.0012334,0.9999962
1788248648094827776,OK,1,0,12.0769,0.286917,0,1550,0,0.008272,0.084306,1.664150,0.0018215,0.0022338,-0.0012150,0.9999951
1788248648128158720,OK,1,0,12.0225,0.283083,0,1555,0,0.009650,0.085538,1.670584,0.0021071,0.0022299,-0.0009566,0.9999949
1788248648161489152,OK,1,0,11.846,0.278458,0,1527,0,0.010900,0.084681,1.675100,0.0020952,0.0023388,-0.0009239,0.9999946
1788248648194819840,OK,1,0,11.9872,0.308375,0,1551,0,0.009548,0.084343,1.679311,0.0021074,0.0025775,-0.0009589,0.9999940
1788248648228150272,OK,1,0,11.6654,0.303833,0,1519,0,0.009087,0.084494,1.685317,0.0022943,0.0028733,-0.0010443,0.9999927
1788248648261480960,OK,1,0,11.5246,0.276542,0,1526,0,0.010252,0.086556,1.690777,0.0026639,0.0028998,-0.0012040,0.9999915
1788248648294811392,OK,1,0,11.7122,0.291417,0,1502,0,0.010724,0.086366,1.697079,0.0026656,0.0032943,-0.0011301,0.9999904
1788248648328141312,OK,1,0,11.4088,0.278541,0,1487,0,0.011485,0.086671,1.702565,0.0027541,0.0040108,-0.0012325,0.9999874
1788248648361471488,OK,1,0,11.837,0.370459,0,1728,0,0.011075,0.086924,1.706973,0.0028427,0.0045387,-0.0012857,0.9999849
1788248648394801408,OK,1,0,12.9996,0.308042,0,1731,0,0.011338,0.087365,1.712124,0.0029173,0.0049933,-0.0015455,0.9999821
1788248648428131584,OK,1,0,13.9927,0.319792,0,1697,0,0.010861,0.088182,1.717753,0.0027423,0.0052969,-0.0017690,0.9999806
1788248648461461504,OK,1,0,12.9927,0.285834,0,1716,0,0.008065,0.088813,1.723688,0.0025793,0.0058049,-0.0020383,0.9999778
1788248648494791168,OK,1,0,12.6308,0.33475,0,1712,0,0.008135,0.089606,1.729011,0.0026042,0.0063279,-0.0020876,0.9999744
1788248648528119808,OK,1,0,13.2364,0.277,0,1700,0,0.008409,0.089300,1.734517,0.0026685,0.0069021,-0.0019255,0.9999708
1788248648561449472,OK,1,0,12.3182,0.356166,0,1677,0,0.008258,0.088271,1.737806,0.0027104,0.0076510,-0.0018722,0.9999653
1788248648594779136,OK,1,0,12.3945,0.279541,0,1643,0,0.010623,0.088444,1.744833,0.0027992,0.0081005,-0.0017263,0.9999618
1788248648628112384,OK,1,0,12.2699,0.287208,0,1618,0,0.010805,0.090515,1.750397,0.0031339,0.0085082,-0.0018608,0.9999572
1788248648661450496,OK,1,0,12.0973,0.27825,0,1584,0,0.011603,0.089544,1.754954,0.0030885,0.0088521,-0.0016670,0.9999546
1788248648694788864,OK,1,0,12.0257,0.3855,0,1608,0,0.013324,0.090625,1.760793,0.0031792,0.0092745,-0.0015681,0.9999507
1788248648728126976,OK,1,0,12.0704,0.382958,0,1589,0,0.014962,0.091250,1.766806,0.0032973,0.0096655,-0.0013110,0.9999470
1788248648761465088,OK,1,0,12.5373,0.277334,0,1595,0,0.014485,0.091224,1.771009,0.0035446,0.0103954,-0.0013255,0.9999388
1788248648794803200,OK,1,0,12.3979,0.2975,0,1575,0,0.014152,0.090928,1.776217,0.0036857,0.0109869,-0.0015420,0.9999317
1788248648828141568,OK,1,0,13.1012,0.315791,0,1559,0,0.014838,0.091752,1.780613,0.0037869,0.0114901,-0.0018414,0.9999251
1788248648861479680,OK,1,0,12.669,0.28375,0,1540,0,0.015081,0.091937,1.786951,0.0036881,0.0121361,-0.0022141,0.9999171
1788248648894817792,OK,1,0,12.2,0.364292,0,1557,0,0.015544,0.093070,1.792858,0.0035983,0.0126776,-0.0024981,0.9999101
1788248648928155904,OK,1,0,11.7816,0.27725,0,1507,0,0.015361,0.093720,1.798911,0.0035277,0.0133848,-0.0025242,0.9999010
1788248648961494016,OK,1,0,11.8571,0.282167,0,1500,0,0.016682,0.094301,1.805107,0.0032466,0.0141197,-0.0024267,0.9998921
1788248648994831104,OK,1,0,12.1431,0.358541,0,1490,0,0.016456,0.094833,1.810627,0.0031251,0.0148998,-0.0023540,0.9998813
1788248649028169216,OK,1,0,12.1931,0.276458,0,1494,0,0.019659,0.095357,1.816566,0.0029981,0.0151515,-0.0019412,0.9998788
1788248649061507072,OK,1,0,11.9811,0.281917,0,1497,0,0.020097,0.094074,1.821028,0.0029916,0.0158060,-0.0016568,0.9998693
1788248649094845184,OK,1,0,11.9458,0.285833,0,1458,0,0.020335,0.094189,1.825973,0.0031740,0.0164958,-0.0017718,0.9998574
1788248649128183040,OK,1,0,11.632,0.278125,0,1451,0,0.021526,0.094160,1.831938,0.0033203,0.0170001,-0.0017454,0.9998485
1788248649161521152,OK,1,0,11.1701,0.339,0,1425,0,0.021482,0.095438,1.837426,0.0035590,0.0176464,-0.0017550,0.9998364
1788248649194859008,OK,1,0,11.2355,0.295958,0,1467,0,0.022263,0.096393,1.842385,0.0036192,0.0184133,-0.0018153,0.9998223
1788248649228197120,OK,1,0,11.5659,0.345416,0,1426,0,0.021907,0.095286,1.845600,0.0035620,0.0191566,-0.0020584,0.9998080
1788248649261534976,OK,1,0,11.6354,0.491333,0,1702,0,0.022780,0.095983,1.851778,0.0037015,0.0197518,-0.0021038,0.9997959
1788248649294873088,OK,1,0,12.378,0.30525,0,1673,0,0.022576,0.096213,1.856313,0.0038226,0.0205920,-0.0022994,0.9997780
1788248649328210944,OK,1,0,13.2695,0.3155,0,1658,0,0.023702,0.097997,1.861510,0.0040094,0.0212206,-0.0025558,0.9997635
1788248649361548544,OK,1,0,12.7389,0.29475,0,1659,0,0.025140,0.098424,1.867962,0.0039400,0.0217980,-0.0026730,0.9997511
1788248649394886400,OK,1,0,12.8667,0.298292,0,1612,0,0.024158,0.099219,1.872538,0.0039431,0.0225365,-0.0028333,0.9997342
1788248649428223488,OK,1,0,12.6032,0.322708,0,1626,0,0.026655,0.100284,1.879440,0.0039363,0.0230214,-0.0028986,0.9997230
1788248649461561344,OK,1,0,12.2725,0.312375,0,1600,0,0.026980,0.099423,1.885052,0.0037768,0.0237096,-0.0025769,0.9997085
1788248649494898944,OK,1,0,12.2499,0.346292,0,1602,0,0.028943,0.100092,1.891095,0.0038132,0.0242955,-0.0023309,0.9996948
1788248649528236800,OK,1,0,12.3126,0.2765,0,1609,0,0.030331,0.101092,1.895660,0.0039846,0.0249995,-0.0022586,0.9996770
1788248649561574400,OK,1,0,12.1821,0.265542,0,1587,0,0.030459,0.100211,1.901043,0.0040029,0.0258362,-0.0023904,0.9996553
1788248649594912256,OK,1,0,12.5466,0.426,0,1537,0,0.030603,0.100946,1.905856,0.0040549,0.0264215,-0.0027852,0.9996388
1788248649628252672,OK,1,0,11.5267,0.307166,0,1556,0,0.031714,0.102040,1.911422,0.0041004,0.0268050,-0.0031528,0.9996273
1788248649661596416,OK,1,0,11.476,0.277584,0,1529,0,0.030917,0.102248,1.917573,0.0040468,0.0275069,-0.0035459,0.9996071
1788248649694940416,OK,1,0,12.413,0.297125,0,1494,0,0.031109,0.102543,1.922800,0.0038102,0.0282759,-0.0037391,0.9995859
1788248649728284416,OK,1,0,11.7879,0.286709,0,1508,0,0.032547,0.102347,1.928867,0.0033524,0.0288557,-0.0036048,0.9995714
1788248649761628160,OK,1,0,11.7397,0.381167,0,1512,0,0.033610,0.103526,1.935223,0.0031718,0.0294829,-0.0035671,0.9995539
1788248649794972160,OK,1,0,11.9199,0.274875,0,1497,0,0.034324,0.103073,1.940445,0.0028692,0.0299116,-0.0037108,0.9995415
1788248649828316160,OK,1,0,11.528,0.369709,0,1496,0,0.035851,0.105480,1.947064,0.0029528,0.0302713,-0.0036622,0.9995307
1788248649861659136,OK,1,0,11.7208,0.294084,0,1473,0,0.037070,0.104834,1.952433,0.0027975,0.0308390,-0.0036127,0.9995139
1788248649895003136,OK,1,0,11.5913,0.293208,0,1440,0,0.038457,0.105177,1.957961,0.0027432,0.0314646,-0.0035076,0.9994950
1788248649928347392,OK,1,0,11.9213,0.282833,0,1434,0,0.039852,0.105864,1.963714,0.0026752,0.0320381,-0.0033364,0.9994775
1788248649961691392,OK,1,0,11.2127,0.279709,0,1448,0,0.040745,0.106195,1.969052,0.0024089,0.0328157,-0.0031155,0.9994537
1788248649995035392,OK,1,0,11.2801,0.373792,0,1789,0,0.041037,0.106655,1.974931,0.0022418,0.0336718,-0.0029820,0.9994260
1788248650028379648,OK,1,0,12.9298,0.305458,0,1606,0,0.042529,0.107433,1.980499,0.0022114,0.0343097,-0.0029750,0.9994044
1788248650061723648,OK,1,0,13.2098,0.334208,0,1523,0,0.043186,0.107792,1.986287,0.0020762,0.0350057,-0.0030310,0.9993804
1788248650095067904,OK,1,0,13.1441,0.360417,0,1598,0,0.041673,0.106184,1.987548,0.0019177,0.0357522,-0.0030896,0.9993541
1788248650128411904,OK,1,0,12.5746,0.318084,0,1536,0,0.043240,0.107533,1.992725,0.0019423,0.0363680,-0.0032745,0.9993312
1788248650161756160,OK,1,0,12.0507,0.371333,0,1557,0,0.044647,0.107535,1.998689,0.0017555,0.0370279,-0.0033347,0.9993072
1788248650195100416,OK,1,0,11.9249,0.489791,0,1497,0,0.045556,0.108103,2.005114,0.0016065,0.0375472,-0.0033953,0.9992878
1788248650228444672,OK,1,0,11.9949,0.298667,0,1488,0,0.045471,0.108302,2.010385,0.0014862,0.0381570,-0.0034388,0.9992648
1788248650261788928,OK,1,0,11.6787,0.304833,0,1466,0,0.046087,0.108405,2.015197,0.0012752,0.0388927,-0.0034042,0.9992368
1788248650295133184,OK,1,0,11.1351,0.29075,0,1457,0,0.047804,0.108758,2.020346,0.0011777,0.0394423,-0.0034238,0.9992153
1788248650328476416,OK,1,0,11.901,0.270791,0,1435,0,0.049294,0.109199,2.026313,0.0010317,0.0399740,-0.0033794,0.9991945
1788248650361820672,OK,1,0,12.3566,0.284916,0,1415,0,0.049318,0.110013,2.031903,0.0008732,0.0406564,-0.0035523,0.9991665
1788248650395164928,OK,1,0,11.532,0.311,0,1368,0,0.051038,0.110296,2.038852,0.0007140,0.0411578,-0.0035820,0.9991460
1788248650428509184,OK,1,0,10.7937,0.407166,0,1382,0,0.052257,0.109964,2.044213,0.0006158,0.0418831,-0.0035542,0.9991161
1788248650461853440,OK,1,0,11.2495,0.401625,0,1387,0,0.054502,0.110472,2.050200,0.0006219,0.0423651,-0.0035178,0.9990958
1788248650495197952,OK,1,0,11.525,0.28125,0,1368,0,0.056034,0.110861,2.054089,0.0008531,0.0431035,-0.0032856,0.9990649
1788248650528542208,OK,1,0,11.0015,0.278792,0,1363,0,0.056470,0.110935,2.058934,0.0010618,0.0442176,-0.0033630,0.9990157
1788248650561886720,OK,1,0,11.2332,0.287959,0,1341,0,0.056690,0.111261,2.064643,0.0012058,0.0450216,-0.0035713,0.9989790
1788248650595231232,OK,1,0,11.3987,0.302333,0,1342,0,0.057195,0.111514,2.069345,0.0011749,0.0450504,-0.0038501,0.9989766
1788248650628569856,OK,1,0,11.9308,0.342958,0,1349,0,0.058174,0.112213,2.076170,0.0011818,0.0452851,-0.0038901,0.9989659
1788248650661900288,OK,1,0,11.6125,0.340041,0,1679,0,0.059100,0.111009,2.082084,0.0010265,0.0459543,-0.0037017,0.9989362
1788248650695230976,OK,1,0,12.3231,0.300708,0,1543,0,0.060400,0.111188,2.087515,0.0010830,0.0464704,-0.0035912,0.9989126
1788248650728561152,OK,1,0,11.9972,0.343417,0,1478,0,0.060902,0.111522,2.092905,0.0009849,0.0466966,-0.0036793,0.9989019
1788248650761890560,OK,1,0,12.451,0.324875,0,1511,0,0.063087,0.112374,2.098606,0.0007886,0.0465348,-0.0038725,0.9989089
1788248650795220736,OK,1,0,11.4707,0.2875,0,1498,0,0.063116,0.113475,2.105775,0.0004511,0.0468821,-0.0038510,0.9988929
1788248650828550656,OK,1,0,11.8427,0.293125,0,1469,0,0.062921,0.112749,2.112565,0.0000110,0.0472362,-0.0039462,0.9988760
1788248650861880832,OK,1,0,11.7439,0.289583,0,1445,0,0.064466,0.113946,2.118639,0.0000015,0.0474551,-0.0036909,0.9988666
1788248650895210752,OK,1,0,11.8939,0.378833,0,1411,0,0.066397,0.114207,2.123669,0.0001501,0.0474188,-0.0034643,0.9988691
1788248650928540416,OK,1,0,11.0496,0.278375,0,1424,0,0.067386,0.115122,2.129711,0.0004409,0.0474597,-0.0034577,0.9988671
1788248650961870080,OK,1,0,11.3629,0.273959,0,1425,0,0.067685,0.115452,2.136218,0.0006333,0.0475838,-0.0035952,0.9988606
1788248650995199744,OK,1,0,11.2027,0.281958,0,1393,0,0.067073,0.115564,2.141395,0.0004340,0.0477331,-0.0038492,0.9988526
1788248651028529408,OK,1,0,10.9661,0.285083,0,1407,0,0.066633,0.114939,2.148438,0.0001657,0.0477089,-0.0040765,0.9988530
1788248651061858560,OK,1,0,11.5048,0.275959,0,1378,0,0.067574,0.117130,2.155820,0.0000036,0.0477691,-0.0040728,0.9988501
1788248651095187712,OK,1,0,11.2385,0.291542,0,1320,0,0.069047,0.116978,2.163661,-0.0007541,0.0478616,-0.0039063,0.9988461
1788248651128517120,OK,1,0,11.3796,0.306916,0,1318,0,0.069735,0.118308,2.171017,-0.0013727,0.0478230,-0.0036697,0.9988481
1788248651161846016,OK,1,0,11.318,0.31925,0,1313,0,0.070092,0.118783,2.178795,-0.0018384,0.0476980,-0.0036628,0.9988534
1788248651195174144,OK,1,0,11.376,0.332541,0,1311,0,0.072050,0.119006,2.186029,-0.0022349,0.0477100,-0.0037327,0.9988518
1788248651228503040,OK,1,0,10.9704,0.293709,0,1282,0,0.073554,0.118215,2.193995,-0.0025438,0.0477635,-0.0036450,0.9988488
1788248651261831424,OK,1,0,11.2886,0.366584,0,1674,0,0.073111,0.119822,2.200088,-0.0024455,0.0479845,-0.0035695,0.9988387
1788248651295160320,OK,1,0,12.3341,0.288917,0,1507,0,0.074292,0.120408,2.205822,-0.0022743,0.0481478,-0.0036627,0.9988309
1788248651328488704,OK,1,0,12.8275,0.332292,0,1433,0,0.074124,0.120833,2.211243,-0.0022719,0.0482881,-0.0037591,0.9988238
1788248651361817344,OK,1,0,12.2834,0.342666,0,1478,0,0.074087,0.122744,2.217890,-0.0023423,0.0481842,-0.0038073,0.9988285
1788248651395145728,OK,1,0,11.6514,0.399542,0,1448,0,0.075226,0.123154,2.224838,-0.0025791,0.0481785,-0.0038293,0.9988281
1788248651428473856,OK,1,0,11.6819,0.2805,0,1430,0,0.075122,0.124464,2.232311,-0.0026319,0.0484503,-0.0040066,0.9988141
1788248651461801984,OK,1,0,11.7407,0.275417,0,1419,0,0.076849,0.124800,2.239064,-0.0029646,0.0483015,-0.0039585,0.9988206
1788248651495130112,OK,1,0,11.2491,0.293333,0,1398,0,0.076949,0.124526,2.245573,-0.0033478,0.0482580,-0.0038600,0.9988219
1788248651528457984,OK,1,0,11.2622,0.303292,0,1382,0,0.078439,0.124949,2.252865,-0.0034069,0.0482206,-0.0038260,0.9988236
1788248651561785856,OK,1,0,11.064,0.288125,0,1385,0,0.077533,0.125470,2.258218,-0.0034065,0.0485138,-0.0037347,0.9988097
1788248651595113472,OK,1,0,11.1782,0.29975,0,1363,0,0.078355,0.124697,2.265056,-0.0035361,0.0485476,-0.0035569,0.9988083
1788248651628447488,OK,1,0,11.4945,0.347875,0,1344,0,0.080905,0.125811,2.271265,-0.0034032,0.0484003,-0.0035153,0.9988160
1788248651661788928,OK,1,0,10.8172,0.358917,0,1297,0,0.081054,0.126118,2.277259,-0.0032614,0.0486529,-0.0034324,0.9988046
1788248651695131136,OK,1,0,10.5454,0.289667,0,1324,0,0.081422,0.126956,2.283694,-0.0029635,0.0487680,-0.0035021,0.9987996
1788248651728473600,OK,1,0,11.4392,0.30175,0,1311,0,0.081836,0.127233,2.289590,-0.0028809,0.0486821,-0.0035842,0.9988037
1788248651761815808,OK,1,0,11.5538,0.32325,0,1299,0,0.082567,0.126626,2.296064,-0.0028254,0.0486513,-0.0035467,0.9988055
1788248651795158528,OK,1,0,11.6916,0.375709,0,1303,0,0.082524,0.127124,2.301594,-0.0028531,0.0487964,-0.0033301,0.9987991
1788248651828500736,OK,1,0,11.5823,0.383084,0,1282,0,0.085398,0.128371,2.308740,-0.0028056,0.0486092,-0.0032577,0.9988086
1788248651861843200,OK,1,0,11.335,0.596209,0,1279,0,0.085284,0.128221,2.314907,-0.0029872,0.0487120,-0.0033064,0.9988030
1788248651895185664,OK,1,0,11.376,0.43125,0,1629,0,0.085873,0.128282,2.321212,-0.0029276,0.0487412,-0.0033593,0.9988015
1788248651928528128,OK,1,0,12.2172,0.294167,0,1468,0,0.084914,0.128265,2.326839,-0.0028614,0.0489624,-0.0035889,0.9987901
1788248651961870592,OK,1,0,12.5364,0.338958,0,1395,0,0.086501,0.128650,2.333083,-0.0028779,0.0489484,-0.0035591,0.9987909
1788248651995213056,OK,1,0,12.598,0.323542,0,1398,0,0.086676,0.129269,2.339405,-0.0028605,0.0490851,-0.0035197,0.9987843
1788248652028555776,OK,1,0,11.6442,0.299834,0,1413,0,0.088270,0.129549,2.342729,-0.0026819,0.0490984,-0.0034421,0.9987844
1788248652061898240,OK,1,0,11.8095,0.288458,0,1404,0,0.087560,0.129370,2.347850,-0.0023497,0.0492453,-0.0035356,0.9987777
1788248652095239680,OK,1,0,11.0141,0.285458,0,1375,0,0.088928,0.129188,2.354101,-0.0022690,0.0492991,-0.0035879,0.9987751
1788248652128582400,OK,1,0,10.9597,0.279,0,1337,0,0.089609,0.128974,2.360248,-0.0022729,0.0493090,-0.0035986,0.9987745
1788248652161925120,OK,1,0,11.1167,0.296708,0,1345,0,0.090389,0.130272,2.365937,-0.0021790,0.0494741,-0.0037342,0.9987661
1788248652195267584,OK,1,0,10.9959,0.280459,0,1323,0,0.089605,0.129666,2.372175,-0.0022323,0.0497174,-0.0037722,0.9987537
1788248652228610304,OK,1,0,11.3148,0.286375,0,1313,0,0.090569,0.129914,2.378624,-0.0022341,0.0495959,-0.0038878,0.9987593
1788248652261952768,OK,1,0,12.0233,0.305166,0,1317,0,0.089992,0.130227,2.384776,-0.0024390,0.0493914,-0.0043321,0.9987671
1788248652295295744,OK,1,0,11.9523,0.345291,0,1279,0,0.090357,0.131593,2.391726,-0.0024963,0.0495016,-0.0044364,0.9987611
1788248652328638208,OK,1,0,11.337,0.292667,0,1284,0,0.091672,0.131749,2.398695,-0.0027542,0.0496059,-0.0043577,0.9987556
1788248652361980928,OK,1,0,10.702,0.287083,0,1280,0,0.092775,0.132231,2.405306,-0.0029155,0.0495022,-0.0043391,0.9987603
1788248652395323648,OK,1,0,10.9711,0.2965,0,1252,0,0.092393,0.133056,2.411114,-0.0029097,0.0495343,-0.0041636,0.9987595
1788248652428666624,OK,1,0,11.3439,0.296917,0,1525,0,0.093422,0.133169,2.418729,-0.0030144,0.0496403,-0.0038911,0.9987550
1788248652462009344,OK,1,0,12.2278,0.280792,0,1528,0,0.093855,0.133222,2.424437,-0.0031542,0.0496836,-0.0038996,0.9987524
1788248652495352064,OK,1,0,12.9122,0.344791,0,1456,0,0.095315,0.133832,2.431790,-0.0033329,0.0495551,-0.0038439,0.9987584
1788248652528693760,OK,1,0,12.7211,0.340708,0,1403,0,0.095722,0.134792,2.437691,-0.0032037,0.0496864,-0.0038848,0.9987522
1788248652562036736,OK,1,0,11.8905,0.317875,0,1436,0,0.095789,0.135288,2.443013,-0.0030538,0.0500394,-0.0040464,0.9987344
1788248652595379456,OK,1,0,11.3823,0.303041,0,1360,0,0.094860,0.136265,2.448659,-0.0029438,0.0501155,-0.0041273,0.9987306
1788248652628717824,OK,1,0,11.1764,0.293583,0,1371,0,0.096149,0.136254,2.454997,-0.0031519,0.0500007,-0.0042568,0.9987351
1788248652662050048,OK,1,0,11.3655,0.2905,0,1379,0,0.096550,0.135712,2.461373,-0.0033782,0.0501932,-0.0043484,0.9987243
1788248652695382016,OK,1,0,11.3061,0.321375,0,1348,0,0.099231,0.138419,2.469707,-0.0032198,0.0501147,-0.0042432,0.9987293
1788248652728713984,OK,1,0,11.4418,0.288167,0,1313,0,0.099307,0.138336,2.476339,-0.0034149,0.0501290,-0.0041486,0.9987283
1788248652762045952,OK,1,0,12.2419,0.32225,0,1316,0,0.099877,0.138229,2.482486,-0.0036517,0.0501486,-0.0039095,0.9987274
1788248652795377920,OK,1,0,12.0507,0.3605,0,1305,0,0.100877,0.139236,2.488096,-0.0036492,0.0502794,-0.0037893,0.9987214
1788248652828709632,OK,1,0,11.5217,0.315875,0,1289,0,0.102006,0.139923,2.494483,-0.0037703,0.0501989,-0.0036716,0.9987254
1788248652862041600,OK,1,0,10.7381,0.287209,0,1249,0,0.102712,0.140854,2.500639,-0.0037518,0.0499708,-0.0035519,0.9987373
1788248652895373056,OK,1,0,11.0006,0.3555,0,1242,0,0.102521,0.139532,2.506920,-0.0038095,0.0501369,-0.0036392,0.9987285
1788248652928704512,OK,1,0,11.049,0.285,0,1474,0,0.102824,0.139439,2.512829,-0.0036043,0.0503289,-0.0037775,0.9987190
1788248652962036224,OK,1,0,11.2581,0.303875,0,1455,0,0.102156,0.140981,2.517496,-0.0031838,0.0504830,-0.0039182,0.9987122
1788248652995366656,OK,1,0,12.7615,0.3215,0,1401,0,0.103723,0.140394,2.524456,-0.0030323,0.0502279,-0.0040879,0.9987248
1788248653028698112,OK,1,0,12.7125,0.343958,0,1357,0,0.104455,0.140129,2.529026,-0.0030165,0.0503424,-0.0039884,0.9987195
1788248653062029312,OK,1,0,11.4863,0.394583,0,1380,0,0.103036,0.138403,2.534226,-0.0031960,0.0508406,-0.0038144,0.9986944
1788248653095360512,OK,1,0,11.6149,0.319625,0,1391,0,0.103736,0.139305,2.540495,-0.0032498,0.0510233,-0.0038070,0.9986849
1788248653128691968,OK,1,0,10.8945,0.290792,0,1334,0,0.104321,0.139478,2.547280,-0.0032576,0.0508196,-0.0036371,0.9986959
1788248653162022912,OK,1,0,11.1577,0.281917,0,1344,0,0.105568,0.140011,2.553129,-0.0031388,0.0507713,-0.0036566,0.9986987
1788248653195354112,OK,1,0,10.8094,0.364709,0,1314,0,0.105449,0.141022,2.559563,-0.0030823,0.0507871,-0.0036662,0.9986981
1788248653228685056,OK,1,0,10.9853,0.280083,0,1298,0,0.106472,0.141033,2.566896,-0.0030874,0.0506503,-0.0036132,0.9987051
1788248653262015744,OK,1,0,10.9102,0.294959,0,1309,0,0.106451,0.141790,2.572461,-0.0030290,0.0506874,-0.0036545,0.9987033
1788248653295346688,OK,1,0,10.9697,0.375708,0,1286,0,0.108389,0.141801,2.578849,-0.0030964,0.0506834,-0.0035191,0.9987038
1788248653328677376,OK,1,0,11.254,0.327125,0,1260,0,0.107952,0.142086,2.583840,-0.0028545,0.0509540,-0.0036815,0.9986901
1788248653362008064,OK,1,0,10.9189,0.3095,0,1244,0,0.107979,0.141957,2.589326,-0.0027444,0.0509206,-0.0037129,0.9986920
1788248653395338752,OK,1,0,12.0877,0.316958,0,1238,0,0.108323,0.142608,2.595707,-0.0025248,0.0510726,-0.0039402,0.9986840
1788248653428668416,OK,1,0,11.9258,0.346791,0,1215,0,0.108648,0.142728,2.601749,-0.0024522,0.0515390,-0.0040029,0.9986600
1788248653461998848,OK,1,0,11.3804,0.333833,0,1212,0,0.110144,0.143356,2.608147,-0.0024537,0.0515863,-0.0039652,0.9986576
1788248653495329280,OK,1,0,10.8773,0.278958,0,1201,0,0.110126,0.144039,2.612862,-0.0026155,0.0516763,-0.0037596,0.9986534
1788248653528659712,OK,1,0,10.6921,0.35575,0,1191,0,0.111373,0.144105,2.620124,-0.0027346,0.0517153,-0.0034802,0.9986521
1788248653561989888,OK,1,0,10.9,0.287083,0,1400,0,0.112976,0.143396,2.627609,-0.0027800,0.0516556,-0.0033501,0.9986555
1788248653595320064,OK,1,0,11.4246,0.300875,0,1375,0,0.113074,0.144939,2.634032,-0.0027173,0.0514942,-0.0032680,0.9986643
1788248653628653824,OK,1,0,12.2525,0.355958,0,1327,0,0.114450,0.145117,2.640113,-0.0028058,0.0513075,-0.0032850,0.9986736
1788248653661992704,OK,1,0,11.7769,0.445625,0,1296,0,0.114355,0.144617,2.646036,-0.0029073,0.0515723,-0.0032396,0.9986598
1788248653695331584,OK,1,0,11.24,0.354042,0,1322,0,0.116266,0.148104,2.652215,-0.0023986,0.0515472,-0.0035918,0.9986612
1788248653728670208,OK,1,0,11.2987,0.287084,0,1292,0,0.116371,0.147926,2.657918,-0.0022445,0.0514308,-0.0037218,0.9986671
1788248653762008832,OK,1,0,10.8163,0.280916,0,1298,0,0.115929,0.147131,2.664271,-0.0022757,0.0514642,-0.0040971,0.9986638
1788248653795347712,OK,1,0,10.7078,0.33925,0,1276,0,0.117820,0.148953,2.670576,-0.0022229,0.0516981,-0.0041587,0.9986516
1788248653828686336,OK,1,0,10.6101,0.277167,0,1271,0,0.118686,0.149268,2.678609,-0.0023664,0.0519040,-0.0040664,0.9986410
1788248653862023936,OK,1,0,10.7053,0.345292,0,1229,0,0.118957,0.148725,2.684628,-0.0025680,0.0517726,-0.0040936,0.9986472
1788248653895362560,OK,1,0,10.3958,0.27775,0,1206,0,0.121047,0.148946,2.691584,-0.0025461,0.0517941,-0.0039483,0.9986467
1788248653928701184,OK,1,0,10.7292,0.305958,0,1202,0,0.120902,0.148763,2.697396,-0.0026076,0.0520214,-0.0039730,0.9986347
1788248653962040064,OK,1,0,11.307,0.304334,0,1183,0,0.121912,0.149101,2.705104,-0.0026882,0.0519080,-0.0039581,0.9986404
1788248653995378688,OK,1,0,11.6235,0.359333,0,1345,0,0.122087,0.150463,2.711863,-0.0026166,0.0519046,-0.0040555,0.9986404
1788248654028717056,OK,1,0,11.0928,0.349875,0,1327,0,0.122440,0.150539,2.717892,-0.0025253,0.0519534,-0.0041721,0.9986376
1788248654062055680,OK,1,0,11.4547,0.326958,0,1314,0,0.121660,0.150831,2.722938,-0.0023291,0.0520447,-0.0044891,0.9986320
1788248654095394304,OK,1,0,11.8371,0.336542,0,1272,0,0.121701,0.151077,2.729465,-0.0023009,0.0517876,-0.0048586,0.9986436
1788248654128732928,OK,1,0,11.1472,0.345917,0,1290,0,0.121649,0.151430,2.736254,-0.0024311,0.0518350,-0.0051721,0.9986393
1788248654162071552,OK,1,0,11.3432,0.390583,0,1315,0,0.121749,0.151812,2.742264,-0.0025660,0.0520189,-0.0052157,0.9986292
1788248654195409920,OK,1,0,10.9457,0.300958,0,1261,0,0.122821,0.152378,2.749576,-0.0027823,0.0520813,-0.0051585,0.9986256
1788248654228748544,OK,1,0,10.3387,0.284458,0,1241,0,0.126959,0.153692,2.760020,-0.0029605,0.0516721,-0.0048272,0.9986480
1788248654262086912,OK,1,0,10.5843,0.353792,0,1225,0,0.127196,0.153326,2.766032,-0.0030897,0.0517184,-0.0046495,0.9986461
1788248654295425536,OK,1,0,10.2354,0.280209,0,1232,0,0.126400,0.154227,2.770292,-0.0028684,0.0519228,-0.0045427,0.9986367
1788248654328762880,OK,1,0,10.1975,0.349791,0,1213,0,0.129289,0.154019,2.779136,-0.0027311,0.0515844,-0.0044066,0.9986552
1788248654362101248,OK,1,0,11.0354,0.49825,0,1195,0,0.128837,0.153135,2.782486,-0.0028385,0.0518050,-0.0044093,0.9986435
1788248654395439872,OK,1,0,10.5506,0.397833,0,1204,0,0.129498,0.153853,2.789212,-0.0027138,0.0520271,-0.0043328,0.9986326
1788248654428778240,OK,1,0,10.1529,0.277833,0,1169,0,0.130334,0.154001,2.795911,-0.0023906,0.0518504,-0.0045221,0.9986418
1788248654462116608,OK,1,0,10.907,0.301833,0,1163,0,0.129334,0.154243,2.801301,-0.0023654,0.0517329,-0.0047740,0.9986467
1788248654495454976,OK,1,0,11.0445,0.352125,0,1180,0,0.131011,0.155075,2.808820,-0.0024612,0.0517401,-0.0047813,0.9986461
1788248654528793344,OK,1,0,11.5423,0.337209,0,1358,0,0.131744,0.155367,2.815912,-0.0025858,0.0519777,-0.0046456,0.9986341
1788248654562131712,OK,1,0,11.8468,0.343875,0,1393,0,0.132984,0.155920,2.822290,-0.0027087,0.0519793,-0.0045080,0.9986343
1788248654595470336,OK,1,0,11.6188,0.407458,0,1318,0,0.135010,0.156439,2.829539,-0.0027468,0.0519166,-0.0043398,0.9986382
1788248654628822016,OK,1,0,11.843,0.338041,0,1304,0,0.134388,0.157053,2.834423,-0.0025058,0.0522546,-0.0042908,0.9986215
1788248654662192896,OK,1,0,11.8688,0.326125,0,1272,0,0.134921,0.155747,2.840115,-0.0023599,0.0522948,-0.0043697,0.9986194
1788248654695564032,OK,1,0,11.0361,0.291,0,1285,0,0.135063,0.157264,2.849770,-0.0019016,0.0520326,-0.0045273,0.9986333
1788248654728935424,OK,1,0,10.3981,0.27325,0,1261,0,0.136550,0.158223,2.856879,-0.0016440,0.0519264,-0.0047835,0.9986382
1788248654762306560,OK,1,0,11.0103,0.282833,0,1252,0,0.137226,0.157716,2.863013,-0.0014210,0.0518404,-0.0051430,0.9986411
1788248654795678976,OK,1,0,10.6817,0.289709,0,1280,0,0.137357,0.158455,2.870928,-0.0014600,0.0517357,-0.0054196,0.9986451
1788248654829051648,OK,1,0,10.5153,0.345333,0,1256,0,0.135216,0.158555,2.875262,-0.0016582,0.0518762,-0.0058899,0.9986348
1788248654862424832,OK,1,0,10.7328,0.281583,0,1242,0,0.134536,0.159627,2.882357,-0.0018454,0.0520239,-0.0062109,0.9986249
1788248654895798272,OK,1,0,10.6645,0.289958,0,1236,0,0.136862,0.160338,2.890490,-0.0020876,0.0519573,-0.0060619,0.9986287
1788248654929172224,OK,1,0,10.5238,0.284208,0,1198,0,0.137547,0.160671,2.897849,-0.0021624,0.0519397,-0.0059010,0.9986305
1788248654962546432,OK,1,0,10.5033,0.36175,0,1213,0,0.140366,0.161464,2.905016,-0.0022405,0.0517187,-0.0055284,0.9986439
1788248654995920896,OK,1,0,10.3347,0.274084,0,1178,0,0.140841,0.162834,2.910789,-0.0018590,0.0518051,-0.0052797,0.9986416
1788248655029295872,OK,1,0,10.7891,0.3085,0,1179,0,0.139771,0.162250,2.913962,-0.0014836,0.0520403,-0.0053692,0.9986295
1788248655062671360,OK,1,0,10.7348,0.291625,0,1197,0,0.141680,0.161982,2.921872,-0.0013126,0.0519097,-0.0054301,0.9986362
1788248655096047104,OK,1,0,11.6591,0.454291,0,1176,0,0.142999,0.161588,2.928461,-0.0015321,0.0517517,-0.0052496,0.9986450
1788248655129423360,OK,1,0,11.1549,0.368542,0,1160,0,0.143921,0.163301,2.935785,-0.0014472,0.0517452,-0.0053100,0.9986452
1788248655162799872,OK,1,0,10.9899,0.347209,0,1130,0,0.144788,0.163373,2.942594,-0.0018235,0.0516923,-0.0053697,0.9986470
1788248655196175872,OK,1,0,10.8471,0.363834,0,1357,0,0.143987,0.163555,2.948753,-0.0022200,0.0518257,-0.0052787,0.9986398
1788248655229552896,OK,1,0,10.4086,0.292167,0,1323,0,0.146093,0.163812,2.956165,-0.0024302,0.0518083,-0.0049347,0.9986419
1788248655262930688,OK,1,0,11.7543,0.306125,0,1270,0,0.147769,0.164915,2.963387,-0.0025014,0.0517430,-0.0046825,0.9986463
1788248655296308736,OK,1,0,12.0413,0.343958,0,1287,0,0.150321,0.165258,2.971877,-0.0026550,0.0515683,-0.0043543,0.9986565
1788248655329687296,OK,1,0,12.1573,0.331833,0,1258,0,0.151488,0.165570,2.977389,-0.0024787,0.0517679,-0.0042916,0.9986469
1788248655363065856,OK,1,0,10.995,0.56825,0,1286,0,0.154796,0.166959,2.987620,-0.0020079,0.0515405,-0.0042931,0.9986597
1788248655396445440,OK,1,0,11.9472,0.360542,0,1268,0,0.153459,0.166785,2.992333,-0.0018624,0.0516560,-0.0042829,0.9986541
1788248655429824768,OK,1,0,10.906,0.296125,0,1246,0,0.154022,0.167651,2.998938,-0.0017429,0.0516162,-0.0043734,0.9986559
1788248655463204864,OK,1,0,10.4165,0.290166,0,1223,0,0.154364,0.167286,3.005632,-0.0019677,0.0517697,-0.0043481,0.9986476
1788248655496584960,OK,1,0,10.2425,0.350333,0,1224,0,0.155396,0.167912,3.013401,-0.0020615,0.0516084,-0.0047012,0.9986542
1788248655529965824,OK,1,0,10.7272,0.286542,0,1201,0,0.155296,0.168303,3.019803,-0.0024080,0.0515806,-0.0048328,0.9986542
1788248655563346944,OK,1,0,10.3694,0.29475,0,1178,0,0.156034,0.168372,3.026726,-0.0025084,0.0516181,-0.0048336,0.9986520
1788248655596728320,OK,1,0,10.2536,0.304041,0,1163,0,0.157081,0.168900,3.034018,-0.0024031,0.0518036,-0.0048870,0.9986424
1788248655630092032,OK,1,0,10.0886,0.302667,0,1169,0,0.156671,0.169573,3.039241,-0.0022105,0.0519667,-0.0049338,0.9986342
1788248655663430144,OK,1,0,10.5351,0.274042,0,1137,0,0.157217,0.169960,3.045334,-0.0020594,0.0518953,-0.0048562,0.9986386
1788248655696769536,OK,1,0,11.002,0.305583,0,1122,0,0.156757,0.169073,3.049926,-0.0017401,0.0520664,-0.0050096,0.9986296
1788248655730108672,OK,1,0,11.0562,0.332083,0,1135,0,0.158169,0.169300,3.057435,-0.0015741,0.0519662,-0.0048707,0.9986357
1788248655763448064,OK,1,0,11.0585,0.311375,0,1147,0,0.159951,0.169704,3.064563,-0.0014761,0.0517634,-0.0048900,0.9986463
1788248655796787200,OK,1,0,10.931,0.324292,0,1140,0,0.160616,0.169799,3.071115,-0.0015446,0.0518498,-0.0048979,0.9986417
1788248655830126336,OK,1,0,10.5775,0.299458,0,1109,0,0.160514,0.171004,3.077029,-0.0014844,0.0520031,-0.0048625,0.9986340
1788248655863465216,OK,1,0,10.5423,0.295167,0,1367,0,0.162254,0.170535,3.083736,-0.0013803,0.0518075,-0.0049579,0.9986439
1788248655896804096,OK,1,0,10.846,0.316584,0,1315,0,0.162238,0.170661,3.089409,-0.0012243,0.0518272,-0.0048150,0.9986437
1788248655930143232,OK,1,0,11.205,0.303375,0,1293,0,0.163661,0.171065,3.096092,-0.0011074,0.0519179,-0.0047086,0.9986396
1788248655963482368,OK,1,0,11.4348,0.289125,0,1248,0,0.165651,0.171236,3.102753,-0.0010368,0.0518855,-0.0045795,0.9986420
1788248655996821248,OK,1,0,11.7997,0.338458,0,1248,0,0.166157,0.172085,3.108896,-0.0009093,0.0519517,-0.0045608,0.9986388
1788248656030160128,OK,1,0,10.533,0.299,0,1271,0,0.167140,0.172538,3.115807,-0.0008507,0.0518274,-0.0042835,0.9986465
1788248656063499264,OK,1,0,10.5559,0.360042,0,1258,0,0.168086,0.173458,3.122447,-0.0008372,0.0517164,-0.0042976,0.9986522
1788248656096837120,OK,1,0,10.9244,0.375292,0,1273,0,0.167904,0.174261,3.128712,-0.0008520,0.0517407,-0.0043830,0.9986506
1788248656130175744,OK,1,0,10.5996,0.293416,0,1242,0,0.170190,0.174336,3.136537,-0.0008625,0.0515555,-0.0042424,0.9986608
1788248656163514624,OK,1,0,10.4894,0.349833,0,1216,0,0.171256,0.174701,3.143434,-0.0009696,0.0516332,-0.0039331,0.9986579
1788248656196853504,OK,1,0,10.5456,0.275833,0,1217,0,0.172470,0.174339,3.150014,-0.0010778,0.0516259,-0.0038217,0.9986586
1788248656230192384,OK,1,0,10.3168,0.281166,0,1207,0,0.173113,0.174286,3.155917,-0.0010054,0.0515311,-0.0036376,0.9986643
1788248656263531008,OK,1,0,10.5405,0.298458,0,1225,0,0.174627,0.174638,3.163002,-0.0008799,0.0516524,-0.0035778,0.9986584
1788248656296869632,OK,1,0,10.5194,0.27925,0,1219,0,0.174631,0.175212,3.168542,-0.0011218,0.0518906,-0.0033621,0.9986465
1788248656330208256,OK,1,0,10.5427,0.284833,0,1194,0,0.176887,0.176205,3.176903,-0.0010781,0.0517275,-0.0032671,0.9986553
1788248656363547136,OK,1,0,10.5999,0.305708,0,1198,0,0.177294,0.175916,3.183089,-0.0011095,0.0519668,-0.0030932,0.9986434
1788248656396885504,OK,1,0,11.0975,0.329291,0,1155,0,0.178168,0.176557,3.189200,-0.0009694,0.0520164,-0.0032145,0.9986406
1788248656430224128,OK,1,0,10.8435,0.313583,0,1143,0,0.178507,0.176010,3.195985,-0.0009873,0.0518598,-0.0028789,0.9986498
1788248656463562752,OK,1,0,10.9736,0.354834,0,1150,0,0.178777,0.176511,3.201524,-0.0007746,0.0519753,-0.0031419,0.9986432
1788248656496901120,OK,1,0,10.2081,0.310541,0,1158,0,0.178763,0.176510,3.207541,-0.0007531,0.0522407,-0.0029795,0.9986298
1788248656530238720,OK,1,0,10.6687,0.297208,0,1166,0,0.180638,0.177196,3.215022,-0.0007211,0.0520787,-0.0028677,0.9986386
1788248656563577088,OK,1,0,10.7095,0.284,0,1142,0,0.181207,0.177887,3.221832,-0.0005932,0.0519996,-0.0030097,0.9986424
1788248656596915456,OK,1,0,10.796,0.367291,0,1328,0,0.181852,0.177488,3.228424,-0.0006893,0.0521465,-0.0029245,0.9986349
1788248656630255360,OK,1,0,11.3655,0.29425,0,1402,0,0.182782,0.177806,3.235071,-0.0006851,0.0522134,-0.0027714,0.9986319
1788248656663597824,OK,1,0,11.508,0.317166,0,1300,0,0.183396,0.177568,3.241379,-0.0007381,0.0521291,-0.0025989,0.9986367
1788248656696940800,OK,1,0,11.8163,0.348667,0,1286,0,0.184470,0.178268,3.249103,-0.0004911,0.0520246,-0.0026549,0.9986421
1788248656730283264,OK,1,0,11.9195,0.334417,0,1272,0,0.184208,0.178695,3.254910,-0.0001654,0.0520806,-0.0028415,0.9986389
1788248656763625984,OK,1,0,11.095,0.363542,0,1276,0,0.184530,0.181102,3.260616,0.0003067,0.0518042,-0.0028798,0.9986531
1788248656796968704,OK,1,0,10.769,0.321458,0,1238,0,0.185652,0.181809,3.267332,0.0003512,0.0516694,-0.0026662,0.9986606
1788248656830311168,OK,1,0,10.5684,0.30575,0,1226,0,0.187198,0.182119,3.274502,0.0005721,0.0516541,-0.0028900,0.9986607
1788248656863654144,OK,1,0,10.8358,0.328875,0,1194,0,0.187174,0.182266,3.279954,0.0005838,0.0518606,-0.0028051,0.9986502
1788248656896996864,OK,1,0,10.3935,0.313917,0,1191,0,0.187555,0.182469,3.285582,0.0007267,0.0519355,-0.0027642,0.9986464
1788248656930339584,OK,1,0,11.0612,0.341709,0,1194,0,0.189430,0.183172,3.292290,0.0010033,0.0520188,-0.0027066,0.9986420
1788248656963682048,OK,1,0,11.6809,0.341584,0,1175,0,0.190821,0.182845,3.297452,0.0013361,0.0522403,-0.0027003,0.9986300
1788248656997024000,OK,1,0,10.9885,0.356708,0,1171,0,0.191246,0.182097,3.304144,0.0013507,0.0523584,-0.0026250,0.9986240
1788248657030366720,OK,1,0,10.6504,0.311666,0,1143,0,0.192124,0.181932,3.310282,0.0014431,0.0523100,-0.0027696,0.9986260
1788248657063709440,OK,1,0,10.2074,0.285,0,1126,0,0.190876,0.180207,3.316444,0.0013940,0.0525397,-0.0030072,0.9986134
1788248657097052160,OK,1,0,10.18,0.343583,0,1140,0,0.191793,0.180095,3.324346,0.0014133,0.0526053,-0.0034123,0.9986086
1788248657130395136,OK,1,0,10.7029,0.458042,0,1135,0,0.192397,0.180069,3.331017,0.0012292,0.0524943,-0.0033565,0.9986148
1788248657163738112,OK,1,0,10.1171,0.29525,0,1150,0,0.192745,0.179699,3.337016,0.0010605,0.0524735,-0.0033697,0.9986161
1788248657197080832,OK,1,0,9.68229,0.295417,0,1132,0,0.192493,0.179775,3.344263,0.0011946,0.0527248,-0.0034503,0.9986024
1788248657230423552,OK,1,0,9.65125,0.363917,0,1108,0,0.192139,0.182085,3.350635,0.0015151,0.0527749,-0.0036517,0.9985986
1788248657263766272,OK,1,0,9.842,0.271042,0,1124,0,0.193044,0.183076,3.357470,0.0015676,0.0524570,-0.0037654,0.9986148
1788248657297109248,OK,1,0,10.1287,0.346,0,1121,0,0.192533,0.182494,3.362460,0.0015699,0.0526239,-0.0040659,0.9986049
1788248657330452224,OK,1,0,9.68954,0.363833,0,1117,0,0.193033,0.182645,3.369517,0.0014620,0.0527246,-0.0040105,0.9985999
1788248657363795200,OK,1,0,9.63304,0.287083,0,1102,0,0.193901,0.183328,3.375675,0.0013764,0.0528456,-0.0041849,0.9985930
1788248657397137920,OK,1,0,9.71471,0.302667,0,1097,0,0.192751,0.184580,3.382750,0.0013440,0.0529906,-0.0039922,0.9985861
1788248657430479872,OK,1,0,10.013,0.369291,0,1328,0,0.193259,0.183787,3.390155,0.0011241,0.0531795,-0.0038890,0.9985768
1788248657463822848,OK,1,0,10.8658,0.310709,0,1225,0,0.195366,0.184309,3.397509,0.0009840,0.0530166,-0.0038095,0.9985859
1788248657497165824,OK,1,0,11.0591,0.336125,0,1202,0,0.192376,0.184180,3.404663,0.0009543,0.0533927,-0.0040312,0.9985650
1788248657530508800,OK,1,0,11.011,0.339625,0,1158,0,0.192353,0.183493,3.409188,0.0008237,0.0536104,-0.0039487,0.9985538
1788248657563851776,OK,1,0,11.11,0.330459,0,1134,0,0.195022,0.185623,3.417756,0.0010579,0.0534195,-0.0040006,0.9985636
1788248657597194496,OK,1,0,10.4021,0.333292,0,1159,0,0.199546,0.184837,3.421596,0.0008779,0.0525946,-0.0037989,0.9986084
1788248657630537472,OK,1,0,10.2267,0.3655,0,1172,0,0.198543,0.185369,3.429177,0.0007539,0.0526647,-0.0039167,0.9986043
1788248657663881984,OK,1,0,10.4873,0.297959,0,1169,0,0.197765,0.184173,3.435409,0.0004834,0.0529401,-0.0040303,0.9985895
1788248657697226496,OK,1,0,10.3672,0.322042,0,1174,0,0.198801,0.185683,3.441968,0.0004385,0.0530291,-0.0040422,0.9985847
1788248657730571008,OK,1,0,10.4056,0.330834,0,1165,0,0.200557,0.186892,3.449343,0.0003983,0.0528986,-0.0039580,0.9985920
1788248657763915520,OK,1,0,10.6052,0.3515,0,1134,0,0.202907,0.187972,3.458077,0.0004564,0.0528281,-0.0037984,0.9985963
1788248657797260032,OK,1,0,11.1637,0.36075,0,1152,0,0.202811,0.188336,3.464000,0.0004363,0.0530831,-0.0036551,0.9985833
1788248657830604544,OK,1,0,10.1198,0.332834,0,1128,0,0.202700,0.187344,3.469713,0.0004658,0.0532239,-0.0036462,0.9985759
1788248657863948032,OK,1,0,9.88642,0.304583,0,1099,0,0.202913,0.187532,3.477364,0.0005086,0.0532041,-0.0036466,0.9985769
1788248657897292800,OK,1,0,9.5895,0.384333,0,1104,0,0.204652,0.189449,3.483270,0.0008950,0.0531791,-0.0037816,0.9985775
1788248657930637312,OK,1,0,10.0058,0.2805,0,1100,0,0.203127,0.188427,3.487630,0.0010706,0.0533149,-0.0037811,0.9985700
1788248657963981824,OK,1,0,9.84092,0.345,0,1073,0,0.203509,0.186603,3.493993,0.0009529,0.0532781,-0.0037995,0.9985721
1788248657997326592,OK,1,0,9.46687,0.366875,0,1075,0,0.204625,0.187490,3.501567,0.0010994,0.0532623,-0.0036702,0.9985732
1788248658030671360,OK,1,0,9.25212,0.269417,0,1072,0,0.208546,0.188675,3.508697,0.0013814,0.0530525,-0.0035341,0.9985845
1788248658064016128,OK,1,0,9.59838,0.355459,0,1088,0,0.208840,0.190435,3.514739,0.0016421,0.0531761,-0.0035984,0.9985774
1788248658097360896,OK,1,0,9.53063,0.28,0,1302,0,0.209788,0.190600,3.521506,0.0014543,0.0532845,-0.0035483,0.9985721
1788248658130705920,OK,1,0,10.3249,0.270208,0,1231,0,0.211069,0.190021,3.527474,0.0012100,0.0533677,-0.0031782,0.9985692
1788248658164050432,OK,1,0,10.8289,0.304125,0,1187,0,0.210893,0.190175,3.535049,0.0014402,0.0535447,-0.0033774,0.9985587
1788248658197395456,OK,1,0,11.0884,0.33275,0,1165,0,0.210110,0.190198,3.540945,0.0016385,0.0536960,-0.0035199,0.9985498
1788248658230740480,OK,1,0,10.7701,0.331,0,1143,0,0.209750,0.190565,3.545304,0.0019441,0.0538631,-0.0037593,0.9985394
1788248658264085504,OK,1,0,9.89363,0.328291,0,1152,0,0.211948,0.192056,3.552258,0.0025447,0.0536897,-0.0040376,0.9985463
1788248658297430528,OK,1,0,9.82658,0.30125,0,1168,0,0.210402,0.191736,3.558552,0.0027482,0.0538112,-0.0041700,0.9985387
1788248658330774528,OK,1,0,10.0277,0.305125,0,1131,0,0.210287,0.191868,3.564322,0.0026810,0.0538250,-0.0041580,0.9985381
1788248658364119296,OK,1,0,10.2638,0.302917,0,1125,0,0.213470,0.193435,3.571923,0.0027383,0.0536065,-0.0040843,0.9985501
1788248658397464320,OK,1,0,10.1873,0.324459,0,1106,0,0.213499,0.192590,3.578311,0.0023361,0.0539256,-0.0037382,0.9985352
1788248658430809600,OK,1,0,10.177,0.349041,0,1098,0,0.213987,0.194188,3.586334,0.0019541,0.0540849,-0.0034389,0.9985285
1788248658464154624,OK,1,0,11.1994,0.339209,0,1096,0,0.216056,0.195147,3.594263,0.0018539,0.0541492,-0.0033499,0.9985256
1788248658497499648,OK,1,0,10.2494,0.316709,0,1100,0,0.217675,0.196213,3.600755,0.0018232,0.0540829,-0.0030264,0.9985302
1788248658530844928,OK,1,0,9.74088,0.302083,0,1077,0,0.219030,0.195693,3.608281,0.0019448,0.0539085,-0.0030779,0.9985393
1788248658564190208,OK,1,0,9.12288,0.361625,0,1081,0,0.218963,0.196040,3.613727,0.0018969,0.0541130,-0.0030952,0.9985282
1788248658597535488,OK,1,0,9.28979,0.281291,0,1083,0,0.220053,0.196020,3.620643,0.0019632,0.0543607,-0.0030595,0.9985148
1788248658630880512,OK,1,0,10.1143,0.281625,0,1066,0,0.218589,0.195402,3.625693,0.0020706,0.0546680,-0.0031776,0.9984974
1788248658664219136,OK,1,0,9.3285,0.3425,0,1057,0,0.219123,0.194511,3.632870,0.0018373,0.0543825,-0.0030790,0.9985138
1788248658697557760,OK,1,0,9.18863,0.3165,0,1034,0,0.219007,0.196554,3.639987,0.0018310,0.0544978,-0.0032011,0.9985071
1788248658730896384,OK,1,0,9.44025,0.344833,0,1335,0,0.221801,0.197224,3.647093,0.0014150,0.0545691,-0.0030521,0.9985043
1788248658764234240,OK,1,0,10.4506,0.288708,0,1253,0,0.222554,0.199076,3.655777,0.0011393,0.0545736,-0.0029479,0.9985048
1788248658797572864,OK,1,0,10.9705,0.314625,0,1161,0,0.224702,0.198164,3.661474,0.0004885,0.0545420,-0.0027609,0.9985076
1788248658830911488,OK,1,0,11.1558,0.300958,0,1131,0,0.225095,0.199160,3.670105,0.0004604,0.0547474,-0.0027572,0.9984964
1788248658864250112,OK,1,0,10.7932,0.345375,0,1125,0,0.225589,0.199959,3.677141,0.0005157,0.0546604,-0.0029127,0.9985006
1788248658897588736,OK,1,0,11.2912,0.3485,0,1120,0,0.226856,0.198995,3.683042,0.0004135,0.0545253,-0.0028289,0.9985083
1788248658930927360,OK,1,0,9.88629,0.325542,0,1106,0,0.230640,0.199323,3.691220,0.0005669,0.0540585,-0.0027084,0.9985340
1788248658964265984,OK,1,0,10.1476,0.293208,0,1106,0,0.229589,0.197457,3.697197,0.0004474,0.0541735,-0.0028611,0.9985273
1788248658997604352,OK,1,0,10.0737,0.3135,0,1100,0,0.230497,0.198763,3.703642,0.0004094,0.0539410,-0.0029156,0.9985398
1788248659030942976,OK,1,0,9.90987,0.302959,0,1081,0,0.229788,0.197734,3.710698,-0.0000407,0.0540949,-0.0030313,0.9985312
1788248659064281600,OK,1,0,9.57321,0.377084,0,1082,0,0.232331,0.198744,3.718843,-0.0003709,0.0539115,-0.0029553,0.9985413
1788248659097620224,OK,1,0,9.48179,0.284333,0,1048,0,0.232000,0.200343,3.726608,-0.0005245,0.0540361,-0.0029492,0.9985345
1788248659130958592,OK,1,0,9.42396,0.268,0,1062,0,0.233227,0.200083,3.733239,-0.0007626,0.0540814,-0.0028629,0.9985322
1788248659164297216,OK,1,0,9.59446,0.294833,0,1044,0,0.234698,0.202075,3.740140,-0.0006983,0.0540023,-0.0028343,0.9985366
1788248659197634816,OK,1,0,9.73638,0.291834,0,1050,0,0.235613,0.201583,3.746808,-0.0006726,0.0540191,-0.0028294,0.9985357
1788248659230973184,OK,1,0,9.17558,0.317125,0,1033,0,0.235552,0.203306,3.753771,-0.0003115,0.0540536,-0.0028252,0.9985340
1788248659264311808,OK,1,0,9.33654,0.275958,0,1026,0,0.237312,0.202533,3.759071,-0.0001582,0.0539991,-0.0026017,0.9985376
1788248659297650432,OK,1,0,9.96813,0.309041,0,1423,0,0.238483,0.203392,3.765749,0.0001361,0.0540142,-0.0026754,0.9985366
1788248659330988800,OK,1,0,9.97338,0.300875,0,1234,0,0.239884,0.203402,3.772132,0.0000643,0.0538976,-0.0027553,0.9985427
1788248659364327424,OK,1,0,10.4483,0.312208,0,1205,0,0.240775,0.201966,3.778706,-0.0001212,0.0537062,-0.0029385,0.9985525
1788248659397665792,OK,1,0,11.0007,0.346667,0,1176,0,0.240037,0.204922,3.786044,0.0001720,0.0538100,-0.0031329,0.9985463
1788248659431004416,OK,1,0,11.1559,0.329333,0,1189,0,0.238991,0.205701,3.792199,0.0000957,0.0542297,-0.0031384,0.9985236
1788248659464342784,OK,1,0,10.9128,0.364917,0,1156,0,0.240309,0.204818,3.798755,-0.0001932,0.0543223,-0.0028815,0.9985193
1788248659497681408,OK,1,0,10.5485,0.335542,0,1150,0,0.242258,0.205899,3.808320,-0.0002851,0.0540174,-0.0024366,0.9985370
1788248659531019776,OK,1,0,10.111,0.358667,0,1127,0,0.246490,0.207598,3.815655,-0.0001354,0.0538904,-0.0022190,0.9985444
1788248659564358144,OK,1,0,10.4783,0.302167,0,1116,0,0.246348,0.206858,3.821966,-0.0001432,0.0540146,-0.0021745,0.9985378
1788248659597696768,OK,1,0,10.6226,0.322459,0,1103,0,0.244497,0.207095,3.827604,-0.0001056,0.0542181,-0.0023571,0.9985264
1788248659631035136,OK,1,0,10.3352,0.283375,0,1089,0,0.245867,0.207438,3.834552,-0.0000973,0.0541755,-0.0024520,0.9985284
1788248659664370944,OK,1,0,10.1407,0.378833,0,1082,0,0.246540,0.208921,3.841954,0.0000303,0.0542641,-0.0024968,0.9985235
1788248659697707520,OK,1,0,9.49338,0.301333,0,1082,0,0.247373,0.208213,3.848509,-0.0000722,0.0541490,-0.0025232,0.9985297
1788248659731044096,OK,1,0,9.70021,0.3025,0,1081,0,0.248328,0.207977,3.855034,-0.0002562,0.0539504,-0.0026956,0.9985399
1788248659764380928,OK,1,0,9.67025,0.303166,0,1076,0,0.248275,0.207677,3.861618,-0.0006009,0.0540019,-0.0029168,0.9985364
1788248659797717248,OK,1,0,9.90287,0.301875,0,1057,0,0.248629,0.208743,3.868881,-0.0009422,0.0540399,-0.0028325,0.9985343
1788248659831054080,OK,1,0,9.67408,0.298333,0,1059,0,0.249856,0.210043,3.875575,-0.0009789,0.0541501,-0.0026957,0.9985287
1788248659864390400,OK,1,0,9.70613,0.380708,0,1043,0,0.251147,0.209236,3.882620,-0.0012303,0.0542076,-0.0024347,0.9985260
1788248659897726720,OK,1,0,9.75525,0.318458,0,1480,0,0.250643,0.210770,3.889384,-0.0011160,0.0543733,-0.0022004,0.9985176
1788248659931063296,OK,1,0,10.5638,0.319334,0,1195,0,0.252110,0.212549,3.895421,-0.0007884,0.0542602,-0.0021886,0.9985241
1788248659964399616,OK,1,0,11.4057,0.328625,0,1178,0,0.251780,0.212424,3.902156,-0.0006176,0.0543268,-0.0020818,0.9985209
1788248659997735936,OK,1,0,11.3721,0.362916,0,1127,0,0.253272,0.213596,3.908012,-0.0005389,0.0543543,-0.0020816,0.9985194
1788248660031072256,OK,1,0,10.9319,0.360125,0,1143,0,0.255436,0.212598,3.914871,-0.0007130,0.0541141,-0.0018504,0.9985328
1788248660064408320,OK,1,0,11.0943,0.343209,0,1123,0,0.256876,0.214178,3.922429,-0.0007454,0.0540111,-0.0016823,0.9985387
1788248660097743616,OK,1,0,11.0207,0.370208,0,1134,0,0.256868,0.213493,3.927407,-0.0009073,0.0541350,-0.0015816,0.9985320
1788248660131080192,OK,1,0,10.1477,0.354042,0,1101,0,0.256875,0.214356,3.933747,-0.0010128,0.0544154,-0.0013584,0.9985170
1788248660164416000,OK,1,0,9.43421,0.380167,0,1099,0,0.258658,0.215722,3.941803,-0.0011492,0.0543756,-0.0010876,0.9985193
1788248660197752320,OK,1,0,9.69654,0.293875,0,1076,0,0.260536,0.215363,3.949721,-0.0016106,0.0544184,-0.0007392,0.9985166
1788248660231088384,OK,1,0,9.53504,0.364083,0,1070,0,0.262909,0.215553,3.956262,-0.0018841,0.0544719,-0.0006033,0.9985133
1788248660264424448,OK,1,0,9.38983,0.2805,0,1039,0,0.262714,0.216467,3.963368,-0.0019216,0.0546634,-0.0004538,0.9985029
1788248660297760512,OK,1,0,9.978,0.276208,0,1030,0,0.262656,0.216845,3.969763,-0.0019710,0.0546517,-0.0004712,0.9985034
1788248660331096320,OK,1,0,9.925,0.312875,0,1040,0,0.264229,0.216764,3.976380,-0.0020538,0.0545725,-0.0006019,0.9985076
1788248660364432384,OK,1,0,10.7596,0.338917,0,1514,0,0.264857,0.216965,3.982948,-0.0020231,0.0547057,-0.0007510,0.9985002
1788248660397768192,OK,1,0,10.7578,0.349875,0,1160,0,0.267397,0.217988,3.990797,-0.0019085,0.0543767,-0.0006235,0.9985185
1788248660431104256,OK,1,0,11.3114,0.2975,0,1143,0,0.267012,0.217701,3.996962,-0.0022789,0.0545192,-0.0004070,0.9985101
1788248660464440064,OK,1,0,11.2014,0.3615,0,1096,0,0.267627,0.218912,4.004680,-0.0024846,0.0545608,-0.0002343,0.9985074
1788248660497776128,OK,1,0,10.4972,0.367333,0,1121,0,0.268423,0.218444,4.010765,-0.0028553,0.0547625,-0.0001224,0.9984953
1788248660531110912,OK,1,0,10.0595,0.353583,0,1083,0,0.269489,0.218701,4.017832,-0.0030212,0.0548543,-0.0002640,0.9984898
1788248660564446464,OK,1,0,10.0601,0.35975,0,1063,0,0.270216,0.219161,4.025527,-0.0029664,0.0548130,-0.0002413,0.9984922
1788248660597782272,OK,1,0,9.47354,0.341583,0,1046,0,0.271021,0.219444,4.031829,-0.0029676,0.0548455,-0.0002596,0.9984905
1788248660631118080,OK,1,0,9.41392,0.316417,0,1050,0,0.271792,0.219283,4.038382,-0.0029269,0.0548318,-0.0003144,0.9984913
1788248660664461824,OK,1,0,9.1975,0.293208,0,1041,0,0.270383,0.217725,4.044364,-0.0030306,0.0550418,-0.0001665,0.9984794
1788248660697805568,OK,1,0,9.21017,0.360083,0,1051,0,0.271921,0.220377,4.050504,-0.0025399,0.0551006,-0.0002429,0.9984776
1788248660731149312,OK,1,0,9.87708,0.294083,0,1035,0,0.273973,0.219798,4.057900,-0.0025851,0.0548624,-0.0002748,0.9984906
1788248660764493056,OK,1,0,9.75067,0.298875,0,1020,0,0.275867,0.220031,4.064696,-0.0029719,0.0545493,-0.0000548,0.9985067
1788248660797836800,OK,1,0,10.1541,0.326875,0,1409,0,0.275588,0.221985,4.072453,-0.0030392,0.0546591,-0.0001012,0.9985005
1788248660831180544,OK,1,0,11.009,0.335625,0,1155,0,0.277373,0.223587,4.080897,-0.0030044,0.0546389,-0.0000054,0.9985017
1788248660864524288,OK,1,0,10.509,0.331584,0,1104,0,0.278562,0.223417,4.086958,-0.0032479,0.0546871,-0.0000083,0.9984983
1788248660897868288,OK,1,0,10.9916,0.338167,0,1062,0,0.280372,0.224203,4.094461,-0.0031732,0.0544061,0.0001308,0.9985139
1788248660931212032,OK,1,0,10.658,0.328917,0,1066,0,0.279602,0.223815,4.099674,-0.0031405,0.0548092,0.0001128,0.9984919
1788248660964556032,OK,1,0,9.79175,0.337542,0,1036,0,0.279604,0.225186,4.106834,-0.0029879,0.0550721,-0.0003051,0.9984779
1788248660997898752,OK,1,0,10.0401,0.340709,0,1069,0,0.283505,0.227783,4.116367,-0.0029596,0.0543261,-0.0004773,0.9985188
1788248661031242496,OK,1,0,9.5745,0.520875,0,1032,0,0.282752,0.228275,4.122783,-0.0030568,0.0543731,-0.0007534,0.9985157
1788248661064586240,OK,1,0,9.30738,0.3045,0,1010,0,0.281524,0.228160,4.128694,-0.0031270,0.0547505,-0.0006638,0.9984950
1788248661097930240,OK,1,0,9.64821,0.298084,0,999,0,0.285657,0.229311,4.136260,-0.0034264,0.0543980,-0.0004557,0.9985134
1788248661131273984,OK,1,0,9.84246,0.521791,0,998,0,0.283588,0.229854,4.141727,-0.0037440,0.0546877,-0.0003153,0.9984965
1788248661164617728,OK,1,0,10.1361,0.382542,0,992,0,0.284113,0.231421,4.150416,-0.0038842,0.0547165,-0.0001652,0.9984944
1788248661197961472,OK,1,0,9.46042,0.518791,0,1408,0,0.287132,0.231675,4.158977,-0.0040552,0.0545443,-0.0001225,0.9985031
1788248661231305216,OK,1,0,9.87208,0.3595,0,1118,0,0.288500,0.231973,4.165620,-0.0045399,0.0546352,0.0002000,0.9984961
1788248661264649216,OK,1,0,10.278,0.334,0,1106,0,0.289691,0.232027,4.172164,-0.0046378,0.0547368,0.0000113,0.9984901
1788248661297992960,OK,1,0,10.087,0.335792,0,1051,0,0.289904,0.232589,4.178382,-0.0046101,0.0548407,-0.0002537,0.9984844
1788248661331336704,OK,1,0,9.96171,0.352417,0,1041,0,0.289904,0.233395,4.186015,-0.0047288,0.0546560,-0.0003055,0.9984940
1788248661364680448,OK,1,0,10.0243,0.353959,0,1026,0,0.290343,0.233668,4.192281,-0.0046258,0.0547399,-0.0005366,0.9984898
1788248661398024192,OK,1,0,9.21833,0.323208,0,1015,0,0.289083,0.233295,4.199296,-0.0048458,0.0552305,-0.0005422,0.9984617
1788248661431367168,OK,1,0,9.01417,0.367459,0,1016,0,0.288591,0.233638,4.206987,-0.0048355,0.0553476,-0.0004740,0.9984553
1788248661464710912,OK,1,0,8.7685,0.281333,0,990,0,0.290107,0.234835,4.213615,-0.0048747,0.0551195,-0.0004244,0.9984678
1788248661498054656,OK,1,0,9.14333,0.4595,0,1007,0,0.289797,0.235217,4.219914,-0.0048072,0.0553114,-0.0004888,0.9984575
1788248661531398400,OK,1,0,9.09504,0.37725,0,1007,0,0.289471,0.234801,4.226645,-0.0048444,0.0555975,-0.0004831,0.9984414
1788248661564742144,OK,1,0,8.97658,0.304208,0,994,0,0.292728,0.235839,4.233990,-0.0048059,0.0552352,-0.0004425,0.9984617
1788248661598086144,OK,1,0,9.11562,0.283459,0,984,0,0.293166,0.236219,4.240153,-0.0045918,0.0552382,-0.0004701,0.9984626
1788248661631429888,OK,1,0,9.85171,0.4595,0,946,0,0.293336,0.235336,4.245990,-0.0046087,0.0552915,-0.0005256,0.9984595
1788248661664772352,OK,1,0,9.27471,0.36325,0,960,0,0.293325,0.235349,4.252556,-0.0044592,0.0553295,-0.0006366,0.9984580
1788248661698115328,OK,1,0,10.1382,0.333334,0,1411,0,0.294719,0.235764,4.259671,-0.0044136,0.0551465,-0.0007928,0.9984682
1788248661731457792,OK,1,0,10.5113,0.353,0,1108,0,0.296127,0.236461,4.264767,-0.0043830,0.0550440,-0.0007402,0.9984741
1788248661764800512,OK,1,0,9.90992,0.34975,0,1049,0,0.296398,0.235736,4.272334,-0.0043994,0.0551480,-0.0007482,0.9984682
1788248661798142976,OK,1,0,9.71721,0.34325,0,1048,0,0.296175,0.237026,4.278098,-0.0042790,0.0554893,-0.0008976,0.9984497
1788248661831485952,OK,1,0,9.37404,0.347042,0,999,0,0.295882,0.236265,4.283880,-0.0041431,0.0557033,-0.0010149,0.9984383
1788248661864827392,OK,1,0,9.51908,0.369167,0,982,0,0.295639,0.236147,4.289587,-0.0038232,0.0560286,-0.0010948,0.9984213
1788248661898169856,OK,1,0,9.32604,0.334917,0,1025,0,0.296525,0.235947,4.296906,-0.0035836,0.0559762,-0.0010383,0.9984251
1788248661931512576,OK,1,0,9.03521,0.329459,0,1015,0,0.296391,0.237788,4.303679,-0.0032412,0.0561125,-0.0013285,0.9984183
1788248661964855296,OK,1,0,8.84662,0.363667,0,971,0,0.297164,0.238005,4.310471,-0.0031283,0.0561236,-0.0014681,0.9984179
1788248661998197760,OK,1,0,8.72871,0.277792,0,969,0,0.297663,0.237151,4.317231,-0.0030219,0.0561344,-0.0016368,0.9984173
1788248662031540224,OK,1,0,8.68375,0.2795,0,963,0,0.297740,0.237539,4.323833,-0.0029587,0.0561160,-0.0017816,0.9984183
1788248662064882688,OK,1,0,8.70329,0.360959,0,991,0,0.299820,0.239015,4.330017,-0.0028957,0.0558633,-0.0017328,0.9984328
1788248662098225408,OK,1,0,9.19458,0.280875,0,936,0,0.299100,0.239162,4.335323,-0.0028458,0.0561543,-0.0016919,0.9984166
1788248662131567872,OK,1,0,9.29929,0.2975,0,965,0,0.299577,0.239016,4.343264,-0.0028494,0.0562036,-0.0016365,0.9984139
1788248662164910592,OK,1,0,9.645,0.337125,0,944,0,0.301704,0.240363,4.348474,-0.0026202,0.0560017,-0.0016519,0.9984258
1788248662198253056,OK,1,0,9.54446,0.335875,0,977,0,0.302595,0.239939,4.355145,-0.0025209,0.0558636,-0.0018213,0.9984336
1788248662231595520,OK,1,0,9.91767,0.327292,0,942,0,0.303435,0.240954,4.362657,-0.0022933,0.0559437,-0.0016698,0.9984299
1788248662264937984,OK,1,0,9.40775,0.304625,0,933,0,0.304320,0.240002,4.368127,-0.0026588,0.0561038,-0.0014969,0.9984203
1788248662298280448,OK,1,0,9.33758,0.323667,0,1469,0,0.304107,0.240187,4.374563,-0.0029013,0.0561839,-0.0013669,0.9984153
1788248662331622144,OK,1,0,9.29787,0.282834,0,1048,0,0.306760,0.242099,4.382685,-0.0026458,0.0560393,-0.0012595,0.9984243
1788248662364964608,OK,1,0,9.51133,0.311541,0,977,0,0.306111,0.242165,4.389710,-0.0026066,0.0561887,-0.0011696,0.9984161
1788248662398307072,OK,1,0,9.76538,0.338875,0,956,0,0.308349,0.242380,4.395684,-0.0026687,0.0558996,-0.0008805,0.9984325
1788248662431649536,OK,1,0,9.56333,0.346584,0,927,0,0.309104,0.243007,4.403037,-0.0026920,0.0559749,-0.0007293,0.9984283
1788248662464992000,OK,1,0,9.60183,0.346709,0,959,0,0.310716,0.243535,4.408362,-0.0026146,0.0561647,-0.0007614,0.9984179
1788248662498334464,OK,1,0,9.30258,0.347,0,941,0,0.313887,0.243660,4.415717,-0.0026429,0.0554502,-0.0005627,0.9984578
1788248662531676928,OK,1,0,9.74621,0.351667,0,943,0,0.315238,0.243428,4.422621,-0.0027918,0.0551217,-0.0005303,0.9984756
1788248662565019392,OK,1,0,9.68958,0.344083,0,955,0,0.315686,0.243197,4.429423,-0.0028469,0.0552318,-0.0008405,0.9984692
1788248662598361856,OK,1,0,9.02171,0.363,0,943,0,0.316489,0.243172,4.437243,-0.0030972,0.0554361,-0.0008255,0.9984571
1788248662631704064,OK,1,0,8.99258,0.391,0,902,0,0.317055,0.243610,4.442410,-0.0033104,0.0556338,-0.0007025,0.9984455
1788248662665040896,OK,1,0,8.82687,0.373542,0,927,0,0.317437,0.245477,4.450480,-0.0032950,0.0556079,-0.0004049,0.9984472
1788248662698377216,OK,1,0,8.97283,0.284916,0,1434,0,0.319893,0.246045,4.458421,-0.0033269,0.0555335,-0.0002839,0.9984512
1788248662731713792,OK,1,0,9.67433,0.310666,0,1038,0,0.320880,0.245223,4.464895,-0.0032855,0.0556357,-0.0000541,0.9984457
1788248662765049344,OK,1,0,10.2328,0.326459,0,1021,0,0.322574,0.246375,4.470659,-0.0030569,0.0554242,0.0002261,0.9984582
1788248662798385664,OK,1,0,9.304,0.324625,0,1000,0,0.322540,0.246464,4.476417,-0.0030296,0.0556510,0.0003397,0.9984456
1788248662831722240,OK,1,0,11.5885,0.370167,0,1003,0,0.322332,0.246944,4.483108,-0.0030243,0.0559149,0.0002953,0.9984309
1788248662865058560,OK,1,0,9.95483,0.36525,0,988,0,0.323828,0.248236,4.490886,-0.0026378,0.0557159,0.0001557,0.9984432
1788248662898394880,OK,1,0,10.4818,0.35175,0,930,0,0.324473,0.247479,4.496231,-0.0026660,0.0555704,0.0001920,0.9984512
1788248662931731200,OK,1,0,9.44013,0.338167,0,966,0,0.325519,0.246292,4.503119,-0.0028155,0.0555558,0.0002704,0.9984516
1788248662965067264,OK,1,0,9.29888,0.391125,0,956,0,0.326787,0.246421,4.509201,-0.0027168,0.0557005,0.0002556,0.9984438
1788248662998403840,OK,1,0,8.67725,0.284209,0,945,0,0.327792,0.247548,4.516501,-0.0025732,0.0557181,0.0004306,0.9984431
1788248663031739904,OK,1,0,8.75979,0.366666,0,946,0,0.328421,0.246870,4.522315,-0.0026535,0.0557617,0.0005915,0.9984404
1788248663065076224,OK,1,0,8.54196,0.3735,0,926,0,0.329445,0.247421,4.529395,-0.0024092,0.0558012,0.0005762,0.9984388
1788248663098412288,OK,1,0,9.46592,0.35675,0,1811,0,0.330368,0.248084,4.536461,-0.0023174,0.0556415,0.0007987,0.9984478
1788248663131748608,OK,1,0,10.908,0.288916,0,1183,0,0.331492,0.247427,4.541479,-0.0023179,0.0555465,0.0006880,0.9984532
1788248663165084416,OK,1,0,10.173,0.32975,0,1109,0,0.332716,0.248969,4.549529,-0.0020559,0.0554823,0.0006331,0.9984574
1788248663198419712,OK,1,0,9.93108,0.313042,0,1048,0,0.331976,0.249965,4.553568,-0.0017826,0.0557843,0.0005044,0.9984411
1788248663231755520,OK,1,0,10.2096,0.334834,0,1030,0,0.330849,0.250018,4.559438,-0.0014829,0.0557776,0.0001073,0.9984421
1788248663265091584,OK,1,0,10.484,0.347083,0,1051,0,0.332320,0.249748,4.564741,-0.0013902,0.0554802,-0.0001854,0.9984588
1788248663298427392,OK,1,0,11.8007,0.35225,0,1007,0,0.331812,0.250612,4.572501,-0.0008126,0.0555701,-0.0003707,0.9984544
1788248663331763456,OK,1,0,9.86242,0.317416,0,1002,0,0.332563,0.249507,4.577736,-0.0007137,0.0557277,-0.0003024,0.9984457
1788248663365099264,OK,1,0,9.45746,0.343334,0,996,0,0.334645,0.251308,4.583704,-0.0009233,0.0556033,-0.0000162,0.9984525
1788248663398435328,OK,1,0,9.43479,0.357708,0,987,0,0.335464,0.249846,4.589843,-0.0015456,0.0556822,0.0002636,0.9984474
1788248663431770880,OK,1,0,9.04367,0.367375,0,965,0,0.337012,0.249957,4.595747,-0.0013655,0.0557931,0.0002940,0.9984414
1788248663465106944,OK,1,0,9.18704,0.284583,0,947,0,0.336798,0.249861,4.600676,-0.0010412,0.0559461,0.0001743,0.9984332
1788248663498442752,OK,1,0,8.80742,0.345875,0,956,0,0.337242,0.250363,4.607076,-0.0008899,0.0557834,0.0000661,0.9984425
1788248663531778304,OK,1,0,8.73833,0.292917,0,952,0,0.338629,0.252703,4.612989,-0.0005778,0.0555091,0.0000930,0.9984580
1788248663565114112,OK,1,0,8.43933,0.309833,0,941,0,0.339057,0.253013,4.617916,-0.0005534,0.0552148,0.0001920,0.9984744
1788248663598449664,OK,1,0,9.57083,0.613709,0,2013,0,0.338654,0.252595,4.622952,-0.0003689,0.0552124,-0.0000888,0.9984746
1788248663631785472,OK,1,0,10.6014,0.326875,0,1156,0,0.338441,0.253899,4.628441,-0.0002632,0.0552690,-0.0003065,0.9984714
1788248663665120768,OK,1,0,10.4834,0.314291,0,1109,0,0.337263,0.252465,4.634103,-0.0005606,0.0553041,-0.0006796,0.9984692
1788248663698457344,OK,1,0,10.3956,0.357041,0,1066,0,0.337660,0.253811,4.641119,-0.0006302,0.0550570,-0.0008556,0.9984826
1788248663731793408,OK,1,0,10.113,0.345,0,1039,0,0.337946,0.254479,4.647706,-0.0009518,0.0548290,-0.0007747,0.9984950
1788248663765129984,OK,1,0,9.32275,0.345333,0,993,0,0.340291,0.254778,4.653295,-0.0010137,0.0545892,-0.0007814,0.9985081
1788248663798466048,OK,1,0,11.3048,0.351292,0,1004,0,0.340041,0.255186,4.659590,-0.0008742,0.0542610,-0.0005028,0.9985263
1788248663831802368,OK,1,0,9.72458,0.351916,0,990,0,0.340619,0.255851,4.663991,-0.0006607,0.0540774,-0.0005110,0.9985364
1788248663865138432,OK,1,0,9.76313,0.35025,0,998,0,0.340306,0.254918,4.669327,-0.0004879,0.0538278,-0.0007212,0.9985499
1788248663898474496,OK,1,0,9.39208,0.343917,0,962,0,0.340920,0.255498,4.675119,-0.0003824,0.0535244,-0.0006815,0.9985663
1788248663931810816,OK,1,0,8.93546,0.364,0,938,0,0.340695,0.255123,4.680796,-0.0004976,0.0534200,-0.0008592,0.9985716
1788248663965146880,OK,1,0,8.97042,0.275666,0,959,0,0.342301,0.255212,4.687293,-0.0006791,0.0530703,-0.0006992,0.9985904
1788248663998482944,OK,1,0,9.29575,0.356417,0,934,0,0.340403,0.254657,4.692648,-0.0006776,0.0530244,-0.0008889,0.9985926
1788248664031818752,OK,1,0,9.40558,0.278917,0,1868,0,0.341067,0.257489,4.698174,-0.0003920,0.0524931,-0.0011247,0.9986206
1788248664065154816,OK,1,0,11.3795,0.32375,0,1151,0,0.339138,0.257144,4.704146,-0.0005265,0.0523668,-0.0017255,0.9986263
1788248664098489856,OK,1,0,10.3937,0.360333,0,1032,0,0.338891,0.258464,4.709690,-0.0005117,0.0519342,-0.0018508,0.9986486
1788248664131825664,OK,1,0,10.2084,0.351375,0,1009,0,0.340124,0.258848,4.716235,-0.0006879,0.0512561,-0.0017562,0.9986838
1788248664165161728,OK,1,0,9.91462,0.365041,0,1001,0,0.340278,0.260103,4.720877,-0.0006337,0.0511073,-0.0015116,0.9986919
1788248664198497280,OK,1,0,10.7044,0.352417,0,1012,0,0.340780,0.260724,4.726693,-0.0005648,0.0509054,-0.0012955,0.9987025
1788248664231833088,OK,1,0,10.0542,0.350167,0,955,0,0.337649,0.261398,4.731585,-0.0002000,0.0511164,-0.0014473,0.9986916
1788248664265168896,OK,1,0,9.35512,0.338042,0,922,0,0.342931,0.259147,4.738664,-0.0005989,0.0496785,-0.0012566,0.9987643
1788248664298504704,OK,1,0,8.99771,0.315958,0,930,0,0.341235,0.258768,4.743577,-0.0009039,0.0494535,-0.0012579,0.9987752
1788248664331840256,OK,1,0,8.99512,0.372083,0,913,0,0.342559,0.258809,4.750089,-0.0010885,0.0489601,-0.0009850,0.9987997
1788248664365175808,OK,1,0,8.62208,0.279875,0,914,0,0.342320,0.258817,4.754969,-0.0011590,0.0488335,-0.0008005,0.9988059
1788248664398511360,OK,1,0,8.5965,0.299416,0,871,0,0.343532,0.258327,4.761790,-0.0009801,0.0483317,-0.0008909,0.9988305
1788248664431846912,OK,1,0,8.56212,0.347667,0,910,0,0.343536,0.258742,4.766194,-0.0008670,0.0481163,-0.0008573,0.9988410
1788248664465182464,OK,1,0,9.06954,0.331583,0,1733,0,0.344735,0.259405,4.772171,-0.0009451,0.0474791,-0.0011210,0.9988712
1788248664498518016,OK,1,0,10.0946,0.317416,0,1082,0,0.344538,0.260855,4.778440,-0.0009382,0.0469804,-0.0013246,0.9988945
1788248664531852288,OK,1,0,10.0183,0.325958,0,993,0,0.343417,0.259671,4.783689,-0.0013589,0.0467593,-0.0015635,0.9989040
1788248664565187840,OK,1,0,10.1364,0.35425,0,987,0,0.342052,0.258845,4.789247,-0.0017420,0.0466682,-0.0013075,0.9989081
1788248664598523136,OK,1,0,9.18254,0.327833,0,948,0,0.344621,0.260291,4.795891,-0.0014596,0.0461387,-0.0012610,0.9989332
1788248664631858432,OK,1,0,11.0577,0.380708,0,921,0,0.346261,0.260878,4.800508,-0.0010785,0.0457757,-0.0010943,0.9989506
1788248664665196288,OK,1,0,9.32192,0.414416,0,903,0,0.344407,0.260932,4.805183,-0.0011126,0.0455311,-0.0010154,0.9989618
1788248664698533888,OK,1,0,9.59467,0.351083,0,917,0,0.346691,0.261109,4.812344,-0.0013794,0.0446516,-0.0010314,0.9990011
1788248664731871232,OK,1,0,9.38867,0.332,0,915,0,0.346302,0.261449,4.816096,-0.0015097,0.0443855,-0.0011850,0.9990126
1788248664765209088,OK,1,0,9.14213,0.321875,0,947,0,0.345865,0.263015,4.823174,-0.0012827,0.0439884,-0.0012250,0.9990305
1788248664798546688,OK,1,0,8.971,0.390458,0,900,0,0.343880,0.262751,4.826078,-0.0010861,0.0438588,-0.0012620,0.9990364
1788248664831884032,OK,1,0,8.80129,0.349667,0,882,0,0.345161,0.263401,4.831635,-0.0007395,0.0427670,-0.0011223,0.9990842
1788248664865221632,OK,1,0,8.34042,0.358375,0,871,0,0.345815,0.262556,4.835393,-0.0006913,0.0420454,-0.0011487,0.9991148
1788248664898558976,OK,1,0,8.29242,0.349875,0,850,0,0.345419,0.262378,4.840100,-0.0006938,0.0413266,-0.0010408,0.9991449
1788248664931896832,OK,1,0,9.08979,0.452958,0,840,0,0.344378,0.262563,4.845128,-0.0007062,0.0407509,-0.0011816,0.9991684
1788248664965234176,OK,1,0,8.43008,0.288833,0,841,0,0.343625,0.262984,4.851857,-0.0008330,0.0398691,-0.0015255,0.9992034
1788248664998570496,OK,1,0,8.55008,0.307333,0,837,0,0.340599,0.264341,4.856017,-0.0007787,0.0394423,-0.0018357,0.9992199
1788248665031907840,OK,1,0,8.20396,0.350791,0,836,0,0.340809,0.263888,4.859743,-0.0009376,0.0386103,-0.0019989,0.9992519
1788248665065245440,OK,1,0,8.12967,0.297542,0,818,0,0.340817,0.264374,4.864769,-0.0010340,0.0376564,-0.0019491,0.9992883
1788248665098582784,OK,1,0,9.46862,0.318208,0,836,0,0.339010,0.266111,4.867757,-0.0008940,0.0365406,-0.0017549,0.9993302
1788248665131920128,OK,1,0,9.20196,0.346833,0,1707,0,0.338307,0.265913,4.870430,-0.0008921,0.0348251,-0.0017519,0.9993915
1788248665165257216,OK,1,0,9.97342,0.304166,0,1109,0,0.336492,0.266649,4.871704,-0.0008686,0.0335296,-0.0016767,0.9994360
1788248665198594816,OK,1,0,10.0565,0.321125,0,1056,0,0.335570,0.266514,4.873221,-0.0008814,0.0322185,-0.0016419,0.9994791
1788248665231931904,OK,1,0,10.0668,0.339166,0,998,0,0.334927,0.266079,4.872558,-0.0009118,0.0306354,-0.0015315,0.9995291
1788248665265269248,OK,1,0,10.2438,0.295833,0,971,0,0.334601,0.265990,4.873227,-0.0006333,0.0287230,-0.0013738,0.9995863
1788248665298606336,OK,1,0,9.85658,0.317458,0,989,0,0.331823,0.265587,4.873256,-0.0003023,0.0271861,-0.0011665,0.9996297
1788248665331943680,OK,1,0,9.10079,0.313833,0,965,0,0.331833,0.266131,4.872784,-0.0002102,0.0251180,-0.0008510,0.9996841
1788248665365280768,OK,1,0,9.30267,0.373875,0,988,0,0.329595,0.263727,4.870708,-0.0006425,0.0233141,-0.0006198,0.9997278
1788248665398617856,OK,1,0,9.07779,0.302833,0,982,0,0.327787,0.265444,4.870293,-0.0002793,0.0214592,-0.0003824,0.9997696
1788248665431954176,OK,1,0,9.05275,0.406084,0,993,0,0.325853,0.264364,4.870524,-0.0004209,0.0196150,-0.0002604,0.9998075
1788248665465291264,OK,1,0,9.5355,0.456166,0,974,0,0.323955,0.264122,4.871876,-0.0004070,0.0177571,-0.0002298,0.9998422
1788248665498628352,OK,1,0,9.42167,0.298917,0,978,0,0.322884,0.264539,4.870867,-0.0003364,0.0159939,0.0000552,0.9998720
1788248665531965440,OK,1,0,9.011,0.354417,0,975,0,0.320361,0.264734,4.871303,-0.0002996,0.0143344,0.0001887,0.9998972
1788248665565302528,OK,1,0,8.87196,0.290708,0,976,0,0.319274,0.264437,4.870949,-0.0003403,0.0124913,0.0003566,0.9999219
1788248665598639360,OK,1,0,9.06933,0.310167,0,975,0,0.315982,0.265502,4.870699,-0.0000374,0.0109666,0.0003636,0.9999398
1788248665631976448,OK,1,0,9.1065,0.320959,0,970,0,0.315221,0.266632,4.870423,0.0000741,0.0086824,0.0007423,0.9999620
1788248665665317376,OK,1,0,9.09967,0.378125,0,993,0,0.313632,0.265563,4.870478,-0.0000709,0.0063047,0.0008179,0.9999798
1788248665698658304,OK,1,0,8.98492,0.335917,0,979,0,0.310512,0.265388,4.871063,-0.0001449,0.0043162,0.0010008,0.9999902
1788248665731999232,OK,1,0,9.46133,0.284625,0,1004,0,0.309814,0.266039,4.870511,-0.0001073,0.0020048,0.0012522,0.9999973
1788248665765340160,OK,1,0,9.71721,0.297375,0,1017,0,0.307306,0.265997,4.869869,-0.0001756,-0.0001033,0.0011057,0.9999994
1788248665798681088,OK,1,0,10.0502,0.334375,0,998,0,0.303544,0.266168,4.869553,-0.0001520,-0.0020290,0.0011346,0.9999973
1788248665832022016,OK,1,0,9.46646,0.296875,0,1044,0,0.302531,0.266669,4.872189,-0.0001522,-0.0045138,0.0011709,0.9999892
1788248665865362176,OK,1,0,9.82512,0.380291,0,1027,0,0.299897,0.266146,4.871502,-0.0002735,-0.0064731,0.0011664,0.9999784
1788248665898703104,OK,1,0,9.57675,0.311541,0,1028,0,0.297750,0.268001,4.871415,-0.0000993,-0.0085478,0.0013064,0.9999626
1788248665932044032,OK,1,0,9.72975,0.365083,0,1026,0,0.295569,0.267459,4.872643,-0.0001193,-0.0107410,0.0012880,0.9999415
1788248665965384960,OK,1,0,10.3775,0.302333,0,1065,0,0.294243,0.266571,4.871443,-0.0002929,-0.0128935,0.0014303,0.9999158
1788248665998726144,OK,1,0,10.414,0.279583,0,1060,0,0.292325,0.267884,4.873169,-0.0000183,-0.0151665,0.0015195,0.9998838
1788248666032067072,OK,1,0,10.7255,0.28975,0,1086,0,0.289442,0.268139,4.870642,0.0000300,-0.0170891,0.0017592,0.9998524
1788248666065408512,OK,1,0,11.3712,0.297416,0,1081,0,0.287215,0.267259,4.870771,-0.0000841,-0.0192440,0.0018228,0.9998131
1788248666098749440,OK,1,0,10.974,0.34,0,1134,0,0.286392,0.268237,4.870271,0.0000077,-0.0216179,0.0020978,0.9997641
1788248666132090624,OK,1,0,11.1587,0.334166,0,1087,0,0.282935,0.267099,4.870864,-0.0000391,-0.0237284,0.0020973,0.9997163
1788248666165431808,OK,1,0,11.2325,0.325042,0,1097,0,0.280703,0.266808,4.870117,-0.0001783,-0.0258849,0.0020538,0.9996628
1788248666198772992,OK,1,0,12.0108,0.341833,0,1122,0,0.279274,0.265211,4.869405,-0.0003611,-0.0281609,0.0020670,0.9996012
1788248666232114176,OK,1,0,11.5137,0.341917,0,1110,0,0.277722,0.266211,4.870200,-0.0003259,-0.0305135,0.0023144,0.9995316
1788248666265455360,OK,1,0,11.1523,0.3135,0,1125,0,0.274346,0.264394,4.869660,-0.0005489,-0.0325503,0.0021999,0.9994676
1788248666298796544,OK,1,0,11.0535,0.38075,0,1106,0,0.273245,0.264778,4.870304,-0.0005426,-0.0349935,0.0021172,0.9993852
1788248666332136704,OK,1,0,11.0053,0.289,0,1120,0,0.272375,0.264417,4.871005,-0.0005663,-0.0374242,0.0021746,0.9992970
1788248666365478144,OK,1,0,10.7582,0.308792,0,1126,0,0.269646,0.265904,4.870633,-0.0003411,-0.0395806,0.0025352,0.9992131
1788248666398819328,OK,1,0,10.8235,0.309583,0,1135,0,0.266859,0.265585,4.869379,-0.0003584,-0.0414916,0.0026789,0.9991352
1788248666432160768,OK,1,0,10.6667,0.341917,0,1103,0,0.265213,0.266530,4.869665,-0.0000681,-0.0437255,0.0027477,0.9990398
1788248666465501952,OK,1,0,11.0511,0.28375,0,1131,0,0.262801,0.266044,4.869925,-0.0000459,-0.0459354,0.0027273,0.9989407
1788248666498843136,OK,1,0,11.0143,0.284416,0,1113,0,0.262992,0.267173,4.872629,0.0000674,-0.0488422,0.0029538,0.9988022
1788248666532184832,OK,1,0,10.8977,0.2755,0,1146,0,0.259501,0.267188,4.870172,-0.0000219,-0.0511650,0.0030982,0.9986854
1788248666565526016,OK,1,0,11.0249,0.292541,0,1143,0,0.258701,0.265998,4.870878,-0.0002753,-0.0538926,0.0032721,0.9985414
1788248666598867456,OK,1,0,11.5046,0.378584,0,1163,0,0.255526,0.264845,4.868702,-0.0006160,-0.0560382,0.0035656,0.9984221
1788248666632208896,OK,1,0,11.7485,0.383,0,1141,0,0.252816,0.264553,4.868487,-0.0005082,-0.0584455,0.0036772,0.9982837
1788248666665555968,OK,1,0,11.2907,0.299917,0,1141,0,0.249848,0.264061,4.868489,-0.0005226,-0.0608275,0.0037910,0.9981410
1788248666698902784,OK,1,0,11.3223,0.291208,0,1138,0,0.246928,0.264940,4.868988,-0.0003857,-0.0632285,0.0038306,0.9979917
1788248666732250112,OK,1,0,11.3848,0.353917,0,1106,0,0.245656,0.264921,4.868891,-0.0004975,-0.0659763,0.0040547,0.9978129
1788248666765595904,OK,1,0,11.2628,0.305959,0,1110,0,0.242218,0.265005,4.868443,-0.0005548,-0.0682811,0.0041756,0.9976572
1788248666798943232,OK,1,0,11.3972,0.382417,0,1091,0,0.238828,0.265647,4.867694,-0.0003530,-0.0707093,0.0041088,0.9974884
1788248666832290048,OK,1,0,11.6851,0.288125,0,1094,0,0.237480,0.264320,4.866960,-0.0005355,-0.0733000,0.0042056,0.9973009
1788248666865637120,OK,1,0,11.4876,0.367084,0,1128,0,0.236487,0.265697,4.868088,-0.0004786,-0.0761955,0.0044119,0.9970831
1788248666898984448,OK,1,0,11.3317,0.284792,0,1074,0,0.233536,0.264679,4.867795,-0.0004910,-0.0786593,0.0043815,0.9968918
1788248666932331520,OK,1,0,11.8035,0.360791,0,1110,0,0.231082,0.265752,4.867635,-0.0000230,-0.0811330,0.0042774,0.9966941
1788248666965678848,OK,1,0,11.8987,0.347458,0,1115,0,0.227837,0.264462,4.865652,-0.0001519,-0.0834697,0.0046138,0.9964996
1788248666999026176,OK,1,0,11.6731,0.289375,0,1093,0,0.226675,0.264942,4.865587,0.0000132,-0.0863204,0.0047355,0.9962562
1788248667032373248,OK,1,0,11.5965,0.334625,0,1102,0,0.224157,0.265011,4.867119,0.0001523,-0.0889765,0.0049366,0.9960215
1788248667065720576,OK,1,0,11.1489,0.285834,0,1089,0,0.222934,0.264763,4.865092,0.0001211,-0.0916561,0.0052524,0.9957769
1788248667099068160,OK,1,0,11.5412,0.380208,0,1103,0,0.220387,0.264771,4.864134,0.0001218,-0.0940279,0.0054485,0.9955547
1788248667132415232,OK,1,0,11.755,0.296666,0,1060,0,0.216936,0.263683,4.863691,0.0000926,-0.0964601,0.0053567,0.9953225
1788248667165762816,OK,1,0,11.7685,0.303333,0,1113,0,0.214605,0.264498,4.864497,0.0002722,-0.0991202,0.0054384,0.9950606
1788248667199109120,OK,1,0,11.1248,0.304833,0,1089,0,0.211965,0.265293,4.863282,0.0003130,-0.1015873,0.0056935,0.9948103
1788248667232456448,OK,1,0,11.2831,0.309458,0,1069,0,0.209968,0.265979,4.863700,0.0005565,-0.1042661,0.0058154,0.9945323
1788248667265804288,OK,1,0,12.064,0.286875,0,1421,0,0.207790,0.265456,4.863916,0.0005046,-0.1067406,0.0060278,0.9942685
1788248667299151616,OK,1,0,13.1621,0.281125,0,1359,0,0.206626,0.264443,4.861616,0.0003902,-0.1091103,0.0063450,0.9940093
1788248667332499200,OK,1,0,12.8093,0.306083,0,1261,0,0.205878,0.264780,4.864284,0.0004562,-0.1120163,0.0067393,0.9936835
1788248667365846784,OK,1,0,13.7372,0.351084,0,1238,0,0.203558,0.265253,4.863738,0.0006299,-0.1147626,0.0070263,0.9933679
1788248667399194368,OK,1,0,13.598,0.32775,0,1213,0,0.200788,0.265344,4.862844,0.0006971,-0.1175474,0.0072830,0.9930403
1788248667432541952,OK,1,0,13.0427,0.344333,0,1217,0,0.198382,0.263849,4.861917,0.0005449,-0.1202111,0.0074207,0.9927205
1788248667465889536,OK,1,0,13.4573,0.358834,0,1199,0,0.195175,0.264964,4.861838,0.0007380,-0.1227348,0.0075404,0.9924106
1788248667499237376,OK,1,0,12.9612,0.330625,0,1165,0,0.191114,0.262610,4.857804,0.0004153,-0.1249558,0.0079006,0.9921308
1788248667532584960,OK,1,0,12.4229,0.373166,0,1232,0,0.190409,0.265465,4.862490,0.0010623,-0.1286446,0.0082852,0.9916556
1788248667565932800,OK,1,0,12.4037,0.290459,0,1258,0,0.189346,0.266693,4.863024,0.0012188,-0.1316118,0.0085254,0.9912640
1788248667599280640,OK,1,0,12.8156,0.28875,0,1252,0,0.185952,0.267123,4.862272,0.0014151,-0.1341751,0.0085036,0.9909202
1788248667632627456,OK,1,0,12.7084,0.267917,0,1227,0,0.182876,0.266899,4.860926,0.0013226,-0.1368703,0.0085943,0.9905508
1788248667665978368,OK,1,0,12.8927,0.303708,0,1260,0,0.180893,0.268657,4.860435,0.0014594,-0.1398239,0.0088899,0.9901354
1788248667699329024,OK,1,0,12.6996,0.274209,0,1194,0,0.179042,0.265885,4.860334,0.0011540,-0.1427286,0.0088796,0.9897214
1788248667732680192,OK,1,0,12.5775,0.288417,0,1223,0,0.176695,0.266758,4.859755,0.0013178,-0.1455109,0.0088014,0.9893166
1788248667766031360,OK,1,0,12.7543,0.372,0,1223,0,0.173790,0.266568,4.856932,0.0012810,-0.1480890,0.0089428,0.9889328
1788248667799382528,OK,1,0,13.1205,0.285208,0,1201,0,0.171121,0.266695,4.858777,0.0016411,-0.1510244,0.0089634,0.9884881
1788248667832733696,OK,1,0,13.3413,0.278708,0,1227,0,0.169128,0.267399,4.856698,0.0017897,-0.1537398,0.0091769,0.9880672
1788248667866084864,OK,1,0,12.9717,0.290041,0,1206,0,0.166957,0.265979,4.856472,0.0016739,-0.1566306,0.0094104,0.9876110
1788248667899436544,OK,1,0,12.9965,0.312292,0,1196,0,0.164665,0.267628,4.857335,0.0018945,-0.1597143,0.0099140,0.9871117
1788248667932787968,OK,1,0,13.1475,0.287458,0,1202,0,0.163161,0.267167,4.855374,0.0018955,-0.1625364,0.0103067,0.9866470
1788248667966139392,OK,1,0,13.0645,0.28775,0,1192,0,0.161549,0.264998,4.852911,0.0016294,-0.1654556,0.0102906,0.9861622
1788248667999491328,OK,1,0,12.6341,0.333833,0,1194,0,0.158357,0.264192,4.853661,0.0015828,-0.1683472,0.0104540,0.9856710
1788248668032842752,OK,1,0,13.4911,0.315625,0,1184,0,0.156508,0.264726,4.852330,0.0014988,-0.1711711,0.0104466,0.9851848
1788248668066194688,OK,1,0,13.3976,0.323916,0,1163,0,0.153548,0.264556,4.850476,0.0014164,-0.1739084,0.0104118,0.9847058
1788248668099545344,OK,1,0,13.4872,0.342875,0,1157,0,0.150160,0.265337,4.852290,0.0014800,-0.1768842,0.0106713,0.9841727
1788248668132897280,OK,1,0,13.2602,0.346167,0,1146,0,0.148109,0.264816,4.851017,0.0014762,-0.1795970,0.0107950,0.9836800
1788248668166249216,OK,1,0,13.2843,0.345334,0,1181,0,0.146107,0.264159,4.849863,0.0012822,-0.1821951,0.0110544,0.9831994
1788248668199601408,OK,1,0,13.6583,0.365958,0,1146,0,0.144614,0.264589,4.849625,0.0012983,-0.1850564,0.0115408,0.9826593
1788248668232953600,OK,1,0,14.22,0.332792,0,1130,0,0.142702,0.262754,4.847526,0.0010362,-0.1877887,0.0116464,0.9821399
1788248668266305792,OK,1,0,14.0569,0.334709,0,1126,0,0.139343,0.263658,4.847383,0.0011058,-0.1904540,0.0119179,0.9816232
1788248668299657984,OK,1,0,13.2509,0.307708,0,1167,0,0.136764,0.264337,4.850602,0.0011016,-0.1933263,0.0122520,0.9810574
1788248668333010432,OK,1,0,14.2978,0.289125,0,1134,0,0.134884,0.266375,4.850145,0.0013013,-0.1961827,0.0126948,0.9804843
1788248668366362880,OK,1,0,13.0254,0.399625,0,1135,0,0.134527,0.266403,4.852438,0.0014243,-0.1992782,0.0126663,0.9798601
1788248668399715328,OK,1,0,13.0143,0.301792,0,1124,0,0.131890,0.267271,4.849617,0.0014740,-0.2018397,0.0129343,0.9793321
1788248668433067776,OK,1,0,12.9258,0.300208,0,1128,0,0.128633,0.270212,4.849915,0.0018799,-0.2045414,0.0133749,0.9787648
1788248668466420736,OK,1,0,12.8428,0.28925,0,1110,0,0.126011,0.268038,4.847551,0.0015540,-0.2076519,0.0134038,0.9781097
1788248668499773440,OK,1,0,12.8948,0.2875,0,1107,0,0.122838,0.266496,4.844070,0.0010855,-0.2106140,0.0134180,0.9774767
1788248668533125120,OK,1,0,13.0395,0.295583,0,1115,0,0.120466,0.266358,4.842753,0.0010046,-0.2139924,0.0133332,0.9767438
1788248668566478080,OK,1,0,12.8784,0.273459,0,1104,0,0.114965,0.265332,4.841781,0.0011318,-0.2172182,0.0136880,0.9760265
1788248668599831040,OK,1,0,12.9624,0.297416,0,1091,0,0.113209,0.266005,4.837674,0.0014769,-0.2209908,0.0137854,0.9751773
1788248668633183744,OK,1,0,12.833,0.318791,0,1093,0,0.106274,0.267153,4.841043,0.0020850,-0.2251403,0.0142598,0.9742198
1788248668666521088,OK,1,0,12.7973,0.310917,0,1354,0,0.101829,0.266748,4.837549,0.0022651,-0.2294841,0.0146502,0.9731995
1788248668699857920,OK,1,0,13.6495,0.331167,0,1347,0,0.096627,0.267551,4.837803,0.0021238,-0.2341256,0.0148147,0.9720912
1788248668733194752,OK,1,0,14.527,0.310167,0,1339,0,0.092480,0.267148,4.837332,0.0017229,-0.2387418,0.0146421,0.9709712
1788248668766531584,OK,1,0,15.0793,0.323792,0,1288,0,0.088312,0.267158,4.836277,0.0014121,-0.2432861,0.0146728,0.9698426
1788248668799868416,OK,1,0,14.4004,0.378708,0,1282,0,0.083124,0.267478,4.836991,0.0014482,-0.2477069,0.0145658,0.9687244
1788248668833204992,OK,1,0,14.7559,0.349417,0,1251,0,0.077336,0.266008,4.835574,0.0013394,-0.2519766,0.0147394,0.9676201
1788248668866541824,OK,1,0,14.6839,0.365541,0,1252,0,0.073425,0.266515,4.833761,0.0014742,-0.2561610,0.0150175,0.9665164
1788248668899878400,OK,1,0,15.9463,0.323709,0,1250,0,0.069461,0.266447,4.833714,0.0016069,-0.2604336,0.0152598,0.9653698
1788248668933214976,OK,1,0,15.4218,0.31225,0,1249,0,0.068875,0.265718,4.832774,0.0015283,-0.2650307,0.0155659,0.9641132
1788248668966551808,OK,1,0,14.1352,0.381125,0,1308,0,0.068571,0.267651,4.835506,0.0021650,-0.2702652,0.0159668,0.9626511
1788248668999887104,OK,1,0,14.7575,0.329167,0,1290,0,0.061638,0.268543,4.834054,0.0024735,-0.2742629,0.0164563,0.9615108
1788248669033223680,OK,1,0,14.2862,0.3335,0,1300,0,0.059816,0.267702,4.831619,0.0024680,-0.2785070,0.0166646,0.9602865
1788248669066560000,OK,1,0,14.5238,0.34725,0,1320,0,0.056521,0.268638,4.831938,0.0026271,-0.2828346,0.0172007,0.9590108
1788248669099896576,OK,1,0,14.1242,0.353958,0,1260,0,0.053651,0.267523,4.831048,0.0024786,-0.2871437,0.0175942,0.9577227
1788248669133232896,OK,1,0,13.7121,0.416709,0,1284,0,0.048853,0.268174,4.829917,0.0025951,-0.2912467,0.0180319,0.9564745
1788248669166569216,OK,1,0,13.8516,0.292208,0,1271,0,0.045714,0.268222,4.829676,0.0026220,-0.2954840,0.0180209,0.9551741
1788248669199905536,OK,1,0,13.4847,0.309417,0,1259,0,0.041286,0.268128,4.827664,0.0026046,-0.2995438,0.0182564,0.9539043
1788248669233241600,OK,1,0,13.4098,0.3625,0,1233,0,0.038378,0.268971,4.825366,0.0029525,-0.3037888,0.0183949,0.9525573
1788248669266577920,OK,1,0,12.9113,0.288083,0,1198,0,0.034219,0.269237,4.824197,0.0032508,-0.3079519,0.0186031,0.9512145
1788248669299913984,OK,1,0,13.3729,0.297917,0,1254,0,0.032759,0.268874,4.822612,0.0035023,-0.3123634,0.0188262,0.9497697
1788248669333250048,OK,1,0,13.4482,0.28025,0,1213,0,0.029900,0.268161,4.821656,0.0035200,-0.3167026,0.0190047,0.9483280
1788248669366586112,OK,1,0,13.136,0.296625,0,1207,0,0.025449,0.268020,4.819437,0.0034670,-0.3209394,0.0191999,0.9468988
1788248669399922176,OK,1,0,13.363,0.279875,0,1188,0,0.019985,0.267575,4.817054,0.0035873,-0.3252046,0.0192199,0.9454416
1788248669433256960,OK,1,0,14.2493,0.310666,0,1657,0,0.018264,0.267795,4.815275,0.0036991,-0.3298582,0.0194100,0.9438237
1788248669466593024,OK,1,0,16.1686,0.314584,0,1659,0,0.015747,0.267552,4.813334,0.0036578,-0.3344605,0.0194953,0.9422010
1788248669499928832,OK,1,0,17,0.327625,0,1575,0,0.011868,0.267375,4.811783,0.0035187,-0.3389790,0.0196996,0.9405811
1788248669533264640,OK,1,0,16.2132,0.339292,0,1535,0,0.006616,0.266902,4.809921,0.0036463,-0.3432003,0.0197018,0.9390485
1788248669566600704,OK,1,0,16.9629,0.3705,0,1516,0,0.003973,0.267390,4.808072,0.0036784,-0.3475734,0.0202081,0.9374278
1788248669599936256,OK,1,0,16.5755,0.368458,0,1456,0,0.000649,0.267192,4.806744,0.0035376,-0.3518952,0.0206038,0.9358059
1788248669633272064,OK,1,0,16.534,0.357875,0,1452,0,-0.002099,0.266127,4.805140,0.0034749,-0.3563496,0.0206518,0.9341180
1788248669666616320,OK,1,0,16.7315,0.3615,0,1422,0,-0.005307,0.265953,4.802995,0.0034748,-0.3607877,0.0210193,0.9324046
1788248669699960576,OK,1,0,16.8215,0.354666,0,1376,0,-0.008385,0.264714,4.801671,0.0031337,-0.3652075,0.0212552,0.9306782
1788248669733304832,OK,1,0,15.4143,0.345292,0,1362,0,-0.010520,0.265657,4.800310,0.0031514,-0.3696219,0.0215165,0.9289277
1788248669766649088,OK,1,0,14.4416,0.34575,0,1404,0,-0.010965,0.262050,4.792183,0.0026349,-0.3745353,0.0216338,0.9269565
1788248669799993344,OK,1,0,14.6833,0.28375,0,1401,0,-0.012248,0.261915,4.790100,0.0025973,-0.3790285,0.0220216,0.9251193
1788248669833337856,OK,1,0,14.007,0.284458,0,1402,0,-0.014878,0.262298,4.787784,0.0027325,-0.3833366,0.0220604,0.9233412
1788248669866681088,OK,1,0,13.8283,0.273125,0,1395,0,-0.018534,0.262432,4.785736,0.0028397,-0.3876308,0.0220881,0.9215457
1788248669900025600,OK,1,0,14.1137,0.307375,0,1348,0,-0.021179,0.262319,4.784214,0.0027982,-0.3920936,0.0222896,0.9196510
1788248669933370112,OK,1,0,14.2545,0.292833,0,1316,0,-0.024146,0.262272,4.780981,0.0028356,-0.3963980,0.0226555,0.9177949
1788248669966714624,OK,1,0,14.4923,0.297709,0,1327,0,-0.028231,0.262647,4.779236,0.0029817,-0.4005495,0.0227958,0.9159867
1788248670000059136,OK,1,0,14.0765,0.28375,0,1326,0,-0.030402,0.262014,4.776324,0.0029108,-0.4048516,0.0229166,0.9140906
1788248670033403648,OK,1,0,14.3576,0.294125,0,1297,0,-0.033537,0.261193,4.774034,0.0028725,-0.4092873,0.0230841,0.9121090
1788248670066748160,OK,1,0,14.181,0.28875,0,1289,0,-0.034340,0.260054,4.771116,0.0028857,-0.4138670,0.0229721,0.9100429
1788248670100092416,OK,1,0,14.3985,0.388833,0,1285,0,-0.037369,0.260039,4.768028,0.0027908,-0.4181274,0.0233958,0.9080828
1788248670133436928,OK,1,0,13.9975,0.287625,0,1284,0,-0.039051,0.257682,4.763979,0.0024675,-0.4223918,0.0233579,0.9061090
1788248670166781440,OK,1,0,14.5484,0.286833,0,2008,0,-0.044288,0.259286,4.761246,0.0027142,-0.4265810,0.0233678,0.9041434
1788248670200126208,OK,1,0,15.9135,0.294334,0,1764,0,-0.048275,0.259020,4.758739,0.0027111,-0.4307205,0.0232628,0.9021814
1788248670233470720,OK,1,0,15.8465,0.318834,0,1748,0,-0.049758,0.258151,4.756276,0.0028002,-0.4349050,0.0234044,0.9001678
1788248670266815488,OK,1,0,16.8504,0.306541,0,1705,0,-0.053196,0.258754,4.754066,0.0030596,-0.4390345,0.0237901,0.8981500
1788248670300160000,OK,1,0,17.4839,0.336167,0,1602,0,-0.054593,0.257996,4.752098,0.0028670,-0.4432248,0.0242980,0.8960766
1788248670333503744,OK,1,0,16.5429,0.338292,0,1620,0,-0.057160,0.257215,4.749900,0.0026026,-0.4472560,0.0245811,0.8940644
1788248670366848512,OK,1,0,17.7653,0.328458,0,1585,0,-0.059859,0.257529,4.748569,0.0025783,-0.4513974,0.0250190,0.8919685
1788248670400192768,OK,1,0,17.3826,0.340042,0,1533,0,-0.062206,0.257080,4.745952,0.0023794,-0.4554226,0.0252458,0.8899142
1788248670433537536,OK,1,0,16.3385,0.348,0,1543,0,-0.064614,0.256553,4.744128,0.0024208,-0.4596180,0.0252628,0.8877540
1788248670466882304,OK,1,0,16.179,0.33075,0,1488,0,-0.066833,0.255473,4.740838,0.0023893,-0.4637162,0.0252832,0.8856198
1788248670500227328,OK,1,0,16.8607,0.360917,0,1477,0,-0.073757,0.258561,4.732813,0.0027845,-0.4670504,0.0254868,0.8838589
1788248670533572096,OK,1,0,15.7961,0.347208,0,1483,0,-0.075886,0.258396,4.730499,0.0028220,-0.4711291,0.0259199,0.8816788
1788248670566916864,OK,1,0,15.2783,0.350375,0,1442,0,-0.076791,0.258362,4.728401,0.0028865,-0.4752389,0.0263568,0.8794572
1788248670600261376,OK,1,0,15.8245,0.359208,0,1442,0,-0.079271,0.258175,4.725521,0.0030431,-0.4791758,0.0267440,0.8773062
1788248670633606144,OK,1,0,14.6209,0.323292,0,1389,0,-0.083496,0.258447,4.722465,0.0032321,-0.4829998,0.0271918,0.8751922
1788248670666960384,OK,1,0,14.3788,0.331292,0,1346,0,-0.085912,0.257232,4.719662,0.0032654,-0.4870294,0.0271442,0.8729575
1788248670700314368,OK,1,0,14.4361,0.296375,0,1363,0,-0.089358,0.257301,4.716978,0.0031938,-0.4910881,0.0275257,0.8706691
1788248670733668608,OK,1,0,13.4811,0.291584,0,1308,0,-0.091849,0.257457,4.713446,0.0031160,-0.4950085,0.0277691,0.8684387
1788248670767022080,OK,1,0,13.4746,0.362667,0,1251,0,-0.093010,0.256980,4.711049,0.0029771,-0.4992082,0.0281170,0.8660206
1788248670800376576,OK,1,0,14.1642,0.285208,0,2104,0,-0.096270,0.257102,4.707862,0.0030161,-0.5030190,0.0281710,0.8638108
1788248670833731072,OK,1,0,15.3146,0.307084,0,1728,0,-0.099557,0.257518,4.704659,0.0032520,-0.5068556,0.0284145,0.8615564
1788248670867085568,OK,1,0,15.4345,0.329667,0,1644,0,-0.101955,0.257263,4.701443,0.0035575,-0.5108643,0.0283696,0.8591859
1788248670900440320,OK,1,0,16.2048,0.325375,0,1638,0,-0.104893,0.256584,4.697878,0.0037021,-0.5147276,0.0284934,0.8568722
1788248670933795072,OK,1,0,16.5,0.348459,0,1591,0,-0.106299,0.255978,4.695160,0.0035383,-0.5186647,0.0289216,0.8544811
1788248670967150080,OK,1,0,16.78,0.348459,0,1536,0,-0.109744,0.256052,4.692806,0.0032949,-0.5224547,0.0294368,0.8521524
1788248671000505088,OK,1,0,15.9647,0.339625,0,1478,0,-0.111941,0.255774,4.690285,0.0029407,-0.5263770,0.0297176,0.8497267
1788248671033860096,OK,1,0,16.6115,0.350916,0,1454,0,-0.114338,0.255692,4.687362,0.0028266,-0.5301856,0.0299150,0.8473490
1788248671067215360,OK,1,0,16.2292,0.355625,0,1412,0,-0.119487,0.255768,4.684572,0.0026684,-0.5338351,0.0299983,0.8450522
1788248671100570624,OK,1,0,15.1948,0.362291,0,1353,0,-0.121586,0.255133,4.681786,0.0024266,-0.5377157,0.0299547,0.8425905
1788248671133926144,OK,1,0,16.6281,0.350583,0,1355,0,-0.126358,0.261946,4.681137,0.0032832,-0.5411242,0.0293148,0.8404253
1788248671167281408,OK,1,0,15.3274,0.49375,0,1378,0,-0.130206,0.262338,4.678234,0.0031050,-0.5448397,0.0296829,0.8380089
1788248671200636160,OK,1,0,14.3238,0.349834,0,1320,0,-0.133510,0.262379,4.675157,0.0030235,-0.5485792,0.0299696,0.8355559
1788248671233991936,OK,1,0,14.1023,0.30125,0,1324,0,-0.135977,0.261255,4.671496,0.0032808,-0.5523224,0.0299276,0.8330868
1788248671267347712,OK,1,0,13.6875,0.369,0,1246,0,-0.138735,0.260568,4.667680,0.0035737,-0.5563161,0.0300943,0.8304179
1788248671300703488,OK,1,0,13.6998,0.292667,0,1221,0,-0.143403,0.260750,4.663305,0.0036116,-0.5600533,0.0302630,0.8278958
1788248671334059520,OK,1,0,14.3317,0.302583,0,1848,0,-0.146495,0.260342,4.659944,0.0033687,-0.5640862,0.0303361,0.8251516
1788248671367415552,OK,1,0,14.752,0.351667,0,1549,0,-0.149979,0.260630,4.656738,0.0036237,-0.5680974,0.0309270,0.8223720
1788248671400771840,OK,1,0,15.162,0.340583,0,1456,0,-0.154321,0.259859,4.653573,0.0037718,-0.5718995,0.0311881,0.8197219
1788248671434127872,OK,1,0,14.3532,0.347584,0,1385,0,-0.160233,0.260096,4.649917,0.0037676,-0.5758935,0.0313987,0.8169129
1788248671467484416,OK,1,0,15.6686,0.342792,0,1362,0,-0.166613,0.260373,4.646413,0.0034918,-0.5800204,0.0311330,0.8139993
1788248671500840704,OK,1,0,14.5345,0.385833,0,1270,0,-0.172897,0.259566,4.642849,0.0035544,-0.5835909,0.0306562,0.8114612
1788248671534197248,OK,1,0,15.4082,0.330166,0,1234,0,-0.178915,0.259735,4.639531,0.0039064,-0.5874141,0.0307527,0.8086926
1788248671567554048,OK,1,0,13.3983,0.382042,0,1195,0,-0.182864,0.259207,4.636841,0.0037131,-0.5913291,0.0310111,0.8058253
1788248671600910592,OK,1,0,14.4784,0.353875,0,1159,0,-0.188478,0.259088,4.634766,0.0033455,-0.5951629,0.0313897,0.8029848
1788248671634267392,OK,1,0,12.5303,0.366625,0,1777,0,-0.190971,0.254617,4.631875,0.0027246,-0.5991949,0.0320204,0.7999580
1788248671667612160,OK,1,0,14.0852,0.325459,0,1505,0,-0.196027,0.254759,4.628854,0.0028469,-0.6030976,0.0323425,0.7970064
1788248671700957440,OK,1,0,14.5144,0.361917,0,1462,0,-0.200935,0.254590,4.625562,0.0027690,-0.6070500,0.0327002,0.7939857
1788248671734303232,OK,1,0,15.6747,0.360458,0,1328,0,-0.205915,0.254551,4.622769,0.0024923,-0.6111474,0.0329833,0.7908254
1788248671767648768,OK,1,0,14.0795,0.3735,0,1305,0,-0.211485,0.254220,4.618860,0.0025786,-0.6147666,0.0330396,0.7880126
1788248671800994304,OK,1,0,12.9759,0.349167,0,1227,0,-0.215886,0.253798,4.614902,0.0028249,-0.6187406,0.0330886,0.7848932
1788248671834340096,OK,1,0,13.4238,0.33725,0,1167,0,-0.220116,0.253437,4.611127,0.0026987,-0.6228431,0.0330628,0.7816432
1788248671867685888,OK,1,0,13.4454,0.3725,0,1141,0,-0.223983,0.253720,4.607742,0.0024414,-0.6268135,0.0335356,0.7784435
1788248671901031424,OK,1,0,12.747,0.354791,0,1680,0,-0.230443,0.255164,4.604873,0.0026129,-0.6307367,0.0337792,0.7752569
1788248671934377216,OK,1,0,13.7657,0.325375,0,1594,0,-0.233798,0.254848,4.600960,0.0025629,-0.6348565,0.0340528,0.7718751
1788248671967723264,OK,1,0,14.7305,0.39975,0,1451,0,-0.237122,0.254656,4.596544,0.0026693,-0.6389732,0.0342755,0.7684603
1788248672001068800,OK,1,0,14.3256,0.349709,0,1362,0,-0.240898,0.254926,4.591986,0.0025154,-0.6432493,0.0345563,0.7648726
1788248672034414592,OK,1,0,14.0693,0.339708,0,1294,0,-0.244476,0.255266,4.586819,0.0025992,-0.6475568,0.0346483,0.7612246
1788248672067760384,OK,1,0,14.597,0.337834,0,1217,0,-0.247383,0.254225,4.581918,0.0028697,-0.6518521,0.0348286,0.7575406
1788248672101105408,OK,1,0,12.7852,0.358166,0,1183,0,-0.248799,0.253882,4.576817,0.0032856,-0.6561785,0.0351970,0.7537772
1788248672134451200,OK,1,0,12.4763,0.363041,0,1152,0,-0.253171,0.253791,4.573365,0.0030985,-0.6604688,0.0357225,0.7499970
1788248672167796992,OK,1,0,12.6059,0.334458,0,1831,0,-0.255362,0.253252,4.568788,0.0028070,-0.6649371,0.0360678,0.7460228
1788248672201143040,OK,1,0,14.4139,0.354,0,1549,0,-0.256922,0.253081,4.564332,0.0027821,-0.6693614,0.0364369,0.7420377
1788248672234489344,OK,1,0,14.1265,0.334209,0,1447,0,-0.259162,0.252806,4.559106,0.0028035,-0.6734570,0.0366136,0.7383138
1788248672267835136,OK,1,0,14.2924,0.363625,0,1355,0,-0.261786,0.252729,4.554284,0.0027139,-0.6777852,0.0368474,0.7343311
1788248672301181184,OK,1,0,12.3415,0.350958,0,1288,0,-0.264204,0.252787,4.549506,0.0027385,-0.6819789,0.0371398,0.7304231
1788248672334527232,OK,1,0,15.2886,0.355584,0,1199,0,-0.266473,0.252252,4.544590,0.0026900,-0.6860706,0.0374198,0.7265670
1788248672367873280,OK,1,0,12.8628,0.377083,0,1124,0,-0.267676,0.251508,4.539270,0.0028117,-0.6901960,0.0377959,0.7226293
1788248672401219584,OK,1,0,11.7625,0.350625,0,1107,0,-0.271089,0.250689,4.533205,0.0029652,-0.6942127,0.0385075,0.7187330
1788248672434565632,OK,1,0,11.6962,0.379916,0,1882,0,-0.272488,0.250168,4.527712,0.0029012,-0.6984270,0.0388059,0.7146226
1788248672467911680,OK,1,0,13.0611,0.343334,0,1540,0,-0.273969,0.250169,4.523078,0.0025833,-0.7026970,0.0392318,0.7104021
1788248672501257728,OK,1,0,13.2385,0.332334,0,1439,0,-0.276906,0.249836,4.517948,0.0023546,-0.7069698,0.0391954,0.7061530
1788248672534603008,OK,1,0,13.063,0.383709,0,1357,0,-0.278969,0.249781,4.511642,0.0025864,-0.7109890,0.0391648,0.7021069
1788248672567949568,OK,1,0,14.396,0.328584,0,1318,0,-0.281342,0.249744,4.506279,0.0025230,-0.7151447,0.0394448,0.6978580
1788248672601295616,OK,1,0,12.8187,0.415375,0,1289,0,-0.283664,0.249830,4.500980,0.0025341,-0.7192314,0.0394822,0.6936433
1788248672634641920,OK,1,0,12.4179,0.36825,0,1222,0,-0.285594,0.249448,4.495353,0.0029776,-0.7232635,0.0392910,0.6894472
1788248672667978496,OK,1,0,11.1727,0.335,0,1145,0,-0.285923,0.248888,4.488724,0.0034839,-0.7271372,0.0391291,0.6853673
1788248672701314816,OK,1,0,10.7197,0.397875,0,1130,0,-0.287470,0.248505,4.483178,0.0035694,-0.7311142,0.0395431,0.6810988
1788248672734651392,OK,1,0,10.6165,0.313834,0,1074,0,-0.289826,0.248442,4.479105,0.0032286,-0.7351872,0.0399381,0.6766790
1788248672767987712,OK,1,0,11.0977,0.317292,0,1739,0,-0.291419,0.248427,4.474348,0.0031196,-0.7391733,0.0403224,0.6723000
1788248672801324288,OK,1,0,12.3905,0.354834,0,1382,0,-0.293310,0.248087,4.470011,0.0031136,-0.7431836,0.0406682,0.6678433
1788248672834660352,OK,1,0,12.1303,0.332125,0,1277,0,-0.294744,0.247405,4.465139,0.0030642,-0.7472050,0.0408897,0.6633275
1788248672867996928,OK,1,0,11.0056,0.36125,0,1199,0,-0.296075,0.247130,4.460036,0.0027542,-0.7510248,0.0411080,0.6589873
1788248672901332992,OK,1,0,11.3086,0.368292,0,1153,0,-0.297653,0.247148,4.456208,0.0025976,-0.7548341,0.0413799,0.6546040
1788248672934669312,OK,1,0,10.747,0.351709,0,1098,0,-0.298337,0.246624,4.450766,0.0027953,-0.7585557,0.0415386,0.6502768
1788248672968004352,OK,1,0,10.3772,0.322,0,1059,0,-0.298500,0.246232,4.446022,0.0032549,-0.7621930,0.0419839,0.6459788
1788248673001340672,OK,1,0,9.84296,0.369625,0,1063,0,-0.300211,0.246702,4.439741,0.0035353,-0.7658142,0.0423795,0.6416542
1788248673034676736,OK,1,0,9.62779,0.309,0,1621,0,-0.299572,0.245726,4.435274,0.0033903,-0.7696558,0.0427268,0.6370188
1788248673068013056,OK,1,0,10.9641,0.316708,0,1341,0,-0.299538,0.245672,4.430395,0.0032841,-0.7734941,0.0428880,0.6323423
1788248673101349120,OK,1,0,11.4876,0.362041,0,1289,0,-0.299702,0.245615,4.424586,0.0034047,-0.7773061,0.0430266,0.6276402
1788248673134685184,OK,1,0,11.6672,0.385208,0,1174,0,-0.299472,0.244815,4.418669,0.0037643,-0.7810323,0.0430798,0.6229917
1788248673168021248,OK,1,0,10.7348,0.373,0,1117,0,-0.299381,0.244654,4.413322,0.0039519,-0.7847929,0.0432753,0.6182327
1788248673201357056,OK,1,0,10.155,0.328334,0,1135,0,-0.299892,0.245443,4.406776,0.0040856,-0.7881743,0.0434641,0.6139019
1788248673234693120,OK,1,0,9.50925,0.374375,0,1103,0,-0.299428,0.245423,4.402208,0.0037855,-0.7917457,0.0437770,0.6092684
1788248673268028928,OK,1,0,9.30525,0.29475,0,1023,0,-0.299594,0.244727,4.396320,0.0034879,-0.7953344,0.0439755,0.6045637
1788248673301364992,OK,1,0,8.88225,0.307916,0,985,0,-0.299387,0.244179,4.390219,0.0034926,-0.7989868,0.0439964,0.5997268
1788248673334700800,OK,1,0,9.41088,0.329208,0,1660,0,-0.299266,0.243547,4.384712,0.0033321,-0.8027819,0.0439277,0.5946432
1788248673368036608,OK,1,0,10.5204,0.316375,0,1413,0,-0.299344,0.243866,4.380043,0.0029181,-0.8064826,0.0440717,0.5896058
1788248673401372416,OK,1,0,11.4202,0.3555,0,1329,0,-0.299076,0.243081,4.374707,0.0026304,-0.8100279,0.0440863,0.5847259
1788248673434707200,OK,1,0,10.5468,0.343042,0,1298,0,-0.299700,0.243131,4.368657,0.0030986,-0.8134177,0.0441808,0.5799915
1788248673468043008,OK,1,0,10.7704,0.358084,0,1280,0,-0.297578,0.242129,4.363415,0.0032588,-0.8168534,0.0446453,0.5751058
1788248673501378560,OK,1,0,10.2901,0.334625,0,1231,0,-0.296374,0.242062,4.358510,0.0033039,-0.8203412,0.0450510,0.5700876
1788248673534714368,OK,1,0,10.0164,0.29925,0,1174,0,-0.295383,0.241861,4.353498,0.0031887,-0.8238012,0.0451577,0.5650684
1788248673568050176,OK,1,0,9.55121,0.374542,0,1162,0,-0.295168,0.241372,4.347053,0.0032218,-0.8272657,0.0450053,0.5599961
1788248673601385472,OK,1,0,9.01654,0.547709,0,1103,0,-0.294317,0.241184,4.339882,0.0034913,-0.8307381,0.0447853,0.5548480
1788248673634721280,OK,1,0,9.21363,0.37525,0,1040,0,-0.292386,0.240727,4.333742,0.0038740,-0.8341268,0.0447907,0.5497374
1788248673668070400,OK,1,0,8.73525,0.598333,0,981,0,-0.292328,0.240417,4.327287,0.0038829,-0.8375110,0.0448414,0.5445636
1788248673701419520,OK,1,0,8.32783,0.300417,0,975,0,-0.291399,0.240386,4.322581,0.0040259,-0.8407524,0.0451058,0.5395227
1788248673734768896,OK,1,0,8.53433,0.356,0,1595,0,-0.290604,0.239555,4.317714,0.0042086,-0.8439381,0.0453591,0.5345027
1788248673768118272,OK,1,0,11.3938,0.456625,0,1336,0,-0.288900,0.239455,4.313030,0.0042463,-0.8471650,0.0457512,0.5293394
1788248673801467392,OK,1,0,10.1825,0.3555,0,1320,0,-0.288132,0.239014,4.308157,0.0039198,-0.8502592,0.0462796,0.5243109
1788248673834816768,OK,1,0,9.87933,0.350916,0,1289,0,-0.283250,0.236841,4.303461,0.0037843,-0.8533528,0.0466344,0.5192300
1788248673868165376,OK,1,0,9.774,0.31625,0,1297,0,-0.282865,0.236960,4.298977,0.0038019,-0.8563728,0.0474261,0.5141614
1788248673901514752,OK,1,0,8.90904,0.383709,0,1257,0,-0.281445,0.236720,4.293155,0.0038784,-0.8593730,0.0479140,0.5090847
1788248673934864384,OK,1,0,9.32383,0.353417,0,1261,0,-0.280311,0.235982,4.286736,0.0040534,-0.8624355,0.0480019,0.5038697
1788248673968213760,OK,1,0,9.65771,0.377167,0,1245,0,-0.279700,0.236042,4.279823,0.0044108,-0.8654147,0.0483595,0.4986975
1788248674001563392,OK,1,0,9.11617,0.33875,0,1193,0,-0.280479,0.235307,4.273304,0.0044609,-0.8683018,0.0487598,0.4936137
1788248674034913280,OK,1,0,8.55229,0.413666,0,1168,0,-0.281014,0.234777,4.263278,0.0045682,-0.8712726,0.0486041,0.4883655
1788248674068263168,OK,1,0,9.17542,0.309833,0,1137,0,-0.282121,0.234177,4.255158,0.0045010,-0.8744860,0.0482224,0.4826268
1788248674101612800,OK,1,0,9.65008,0.335458,0,1137,0,-0.283601,0.234164,4.245893,0.0045755,-0.8773323,0.0479459,0.4774602
1788248674134962944,OK,1,0,9.44867,0.355042,0,1125,0,-0.284286,0.232607,4.238613,0.0047326,-0.8800303,0.0479395,0.4724680
1788248674168312832,OK,1,0,9.31113,0.317209,0,1102,0,-0.287230,0.232923,4.231338,0.0047775,-0.8829110,0.0481679,0.4670387
1788248674201662720,OK,1,0,8.83392,0.376875,0,1098,0,-0.288999,0.232775,4.224679,0.0046287,-0.8856762,0.0483107,0.4617600
1788248674235012608,OK,1,0,8.56258,0.366041,0,1052,0,-0.290575,0.231475,4.218847,0.0042222,-0.8883717,0.0487093,0.4565143
1788248674268362752,OK,1,0,8.75196,0.352625,0,1043,0,-0.291629,0.231681,4.211775,0.0041917,-0.8910044,0.0492497,0.4512960
1788248674301712896,OK,1,0,9.09817,0.289208,0,1019,0,-0.292650,0.230921,4.205380,0.0042969,-0.8936306,0.0493843,0.4460573
1788248674335062272,OK,1,0,8.67638,0.299292,0,1000,0,-0.295228,0.230343,4.196930,0.0047914,-0.8962480,0.0495009,0.4407565
1788248674368412672,OK,1,0,9.14033,0.31675,0,962,0,-0.295322,0.230093,4.190015,0.0050085,-0.8989455,0.0494763,0.4352288
1788248674401762816,OK,1,0,8.91392,0.346,0,930,0,-0.297342,0.229220,4.180962,0.0047153,-0.9014077,0.0492806,0.4301319
1788248674435113216,OK,1,0,9.05625,0.304917,0,1310,0,-0.299981,0.229094,4.174871,0.0047728,-0.9040723,0.0495003,0.4244764
1788248674468463616,OK,1,0,9.52096,0.309083,0,1249,0,-0.301010,0.228839,4.168193,0.0048135,-0.9065923,0.0498460,0.4190257
1788248674501814016,OK,1,0,10.726,0.489791,0,1187,0,-0.300457,0.228196,4.162272,0.0046216,-0.9087706,0.0503973,0.4142159
1788248674535164672,OK,1,0,10.022,0.37225,0,1265,0,-0.293453,0.225581,4.155706,0.0052789,-0.9105369,0.0505773,0.4102884
1788248674568515072,OK,1,0,9.85733,0.32675,0,1196,0,-0.295428,0.225425,4.147897,0.0054746,-0.9127237,0.0507939,0.4053709
1788248674601865984,OK,1,0,9.39179,0.329333,0,1154,0,-0.296385,0.224918,4.140018,0.0051229,-0.9147571,0.0507417,0.4007726
1788248674635216640,OK,1,0,9.24408,0.303167,0,1112,0,-0.299242,0.224056,4.131038,0.0052204,-0.9167266,0.0507888,0.3962393
1788248674668558592,OK,1,0,9.02258,0.289583,0,1385,0,-0.299722,0.223274,4.124605,0.0052058,-0.9187268,0.0511225,0.3915361
1788248674701898752,OK,1,0,9.17125,0.317625,0,1191,0,-0.301794,0.221713,4.116963,0.0053131,-0.9205450,0.0512894,0.3872185
1788248674735238656,OK,1,0,9.34304,0.354875,0,1128,0,-0.304101,0.220896,4.109582,0.0054088,-0.9224917,0.0517917,0.3824884
1788248674768577792,OK,1,0,9.13083,0.320667,0,1124,0,-0.306998,0.222087,4.102002,0.0056534,-0.9244303,0.0518928,0.3777616
1788248674801917696,OK,1,0,9.0455,0.333917,0,1101,0,-0.306938,0.221498,4.094062,0.0055421,-0.9262357,0.0518219,0.3733247
1788248674835257856,OK,1,0,8.7955,0.323209,0,1070,0,-0.309554,0.221558,4.085743,0.0056604,-0.9281428,0.0518542,0.3685512
1788248674868597760,OK,1,0,8.9925,0.318833,0,1024,0,-0.309061,0.219615,4.079031,0.0055940,-0.9299718,0.0518904,0.3639075
1788248674901937408,OK,1,0,8.79838,0.303875,0,1245,0,-0.312419,0.219512,4.069230,0.0059558,-0.9316463,0.0521388,0.3595571
1788248674935277568,OK,1,0,9.50533,0.293833,0,1255,0,-0.312497,0.218033,4.061350,0.0061432,-0.9335253,0.0523043,0.3546226
1788248674968617472,OK,1,0,10.0922,0.343792,0,1240,0,-0.312523,0.217381,4.053238,0.0060964,-0.9353377,0.0522369,0.3498250
1788248675001957120,OK,1,0,9.52725,0.302125,0,1234,0,-0.315684,0.217178,4.044642,0.0062142,-0.9371575,0.0523550,0.3449004
1788248675035296768,OK,1,0,9.17671,0.287,0,1171,0,-0.315935,0.216668,4.036712,0.0062617,-0.9389696,0.0525665,0.3399024
1788248675068636672,OK,1,0,8.93379,0.31775,0,1171,0,-0.316395,0.215831,4.029833,0.0062916,-0.9406565,0.0525265,0.3352114
1788248675101976320,OK,1,0,9.06488,0.322334,0,1100,0,-0.317013,0.215358,4.021533,0.0066461,-0.9422938,0.0526861,0.3305485
1788248675135316224,OK,1,0,9.12112,0.338209,0,1307,0,-0.316665,0.214792,4.011717,0.0069122,-0.9440115,0.0525875,0.3256212
1788248675168655872,OK,1,0,9.84767,0.319375,0,1308,0,-0.315507,0.213653,4.004597,0.0065129,-0.9456632,0.0524975,0.3208158
1788248675201994496,OK,1,0,10.7051,0.329792,0,1277,0,-0.316430,0.212625,3.998807,0.0063477,-0.9473179,0.0527046,0.3158651
1788248675235333888,OK,1,0,9.68558,0.312667,0,1255,0,-0.319649,0.213501,3.988316,0.0061611,-0.9488621,0.0532406,0.3111081
1788248675268673536,OK,1,0,9.3465,0.363375,0,1264,0,-0.319588,0.212120,3.981941,0.0060214,-0.9503198,0.0535336,0.3065784
1788248675302013184,OK,1,0,9.04729,0.365333,0,1225,0,-0.321940,0.211785,3.972741,0.0062816,-0.9517928,0.0538430,0.3019137
1788248675335352832,OK,1,0,9.04404,0.286125,0,1178,0,-0.320625,0.211172,3.963413,0.0062993,-0.9532693,0.0538219,0.2972226
1788248675368692224,OK,1,0,8.62396,0.323542,0,1172,0,-0.320282,0.210716,3.955599,0.0060271,-0.9547238,0.0537087,0.2925434
1788248675402031616,OK,1,0,9.3225,0.334333,0,1147,0,-0.318268,0.210172,3.948960,0.0061445,-0.9561586,0.0537287,0.2878127
1788248675435371008,OK,1,0,9.13454,0.295125,0,1108,0,-0.318730,0.209590,3.940785,0.0058088,-0.9575932,0.0540480,0.2829494
1788248675468710400,OK,1,0,8.72592,0.334958,0,1105,0,-0.316831,0.208966,3.933651,0.0058744,-0.9590898,0.0539822,0.2778457
1788248675502049792,OK,1,0,8.79829,0.295167,0,1321,0,-0.314155,0.207344,3.928074,0.0063154,-0.9605282,0.0542175,0.2727750
1788248675535389184,OK,1,0,10.6617,0.306417,0,1453,0,-0.311939,0.206851,3.921003,0.0063863,-0.9619024,0.0544833,0.2678331
1788248675568728576,OK,1,0,10.6218,0.35575,0,1400,0,-0.311272,0.206543,3.914161,0.0060722,-0.9632275,0.0545979,0.2630115
1788248675602067968,OK,1,0,10.6253,0.317208,0,1384,0,-0.314981,0.208144,3.900820,0.0061191,-0.9645944,0.0550469,0.2578567
1788248675635406336,OK,1,0,10.2445,0.298958,0,1352,0,-0.312973,0.207120,3.895127,0.0061911,-0.9658565,0.0552589,0.2530402
1788248675668742912,OK,1,0,9.85613,0.393041,0,1336,0,-0.312047,0.207313,3.887195,0.0059354,-0.9670567,0.0553952,0.2483899
1788248675702075904,OK,1,0,9.84771,0.283083,0,1249,0,-0.309952,0.206540,3.879847,0.0063480,-0.9681826,0.0553381,0.2439671
1788248675735408896,OK,1,0,10.4925,0.314958,0,1269,0,-0.306080,0.206402,3.874418,0.0067428,-0.9692681,0.0553582,0.2396025
1788248675768741888,OK,1,0,10.0463,0.336042,0,1252,0,-0.305835,0.206503,3.864767,0.0067093,-0.9704006,0.0549969,0.2350596
1788248675802074624,OK,1,0,10.1259,0.311792,0,1217,0,-0.303837,0.207385,3.859440,0.0065491,-0.9713744,0.0548017,0.2310534
1788248675835407360,OK,1,0,9.97933,0.276708,0,1519,0,-0.303891,0.206435,3.852329,0.0065992,-0.9722994,0.0548494,0.2271165
1788248675868740352,OK,1,0,10.3235,0.301917,0,1373,0,-0.302174,0.205419,3.845620,0.0065916,-0.9731941,0.0547558,0.2232748
1788248675902072832,OK,1,0,10.5532,0.333667,0,1329,0,-0.303038,0.205614,3.839065,0.0066617,-0.9740614,0.0545835,0.2195007
1788248675935405312,OK,1,0,10.2093,0.306334,0,1294,0,-0.300860,0.205499,3.829750,0.0071319,-0.9748998,0.0545275,0.2157460
1788248675968737792,OK,1,0,9.98504,0.281375,0,1283,0,-0.298422,0.204134,3.823195,0.0073680,-0.9757875,0.0542447,0.2117595
1788248676002070272,OK,1,0,9.56367,0.288667,0,1244,0,-0.296682,0.203954,3.816774,0.0073189,-0.9766810,0.0539907,0.2076675
1788248676035402496,OK,1,0,9.52096,0.38625,0,1236,0,-0.296287,0.203947,3.809052,0.0073244,-0.9774650,0.0541192,0.2039109
1788248676068734976,OK,1,0,9.31387,0.359,0,1200,0,-0.293257,0.203043,3.804634,0.0071889,-0.9782271,0.0544963,0.2001255
1788248676102065920,OK,1,0,9.72033,0.364125,0,1164,0,-0.292524,0.202302,3.799263,0.0068599,-0.9790359,0.0545872,0.1961172
1788248676135398144,OK,1,0,9.67279,0.319834,0,1161,0,-0.291261,0.202867,3.791395,0.0067676,-0.9797608,0.0547175,0.1924294
1788248676168730112,OK,1,0,9.92442,0.35375,0,1104,0,-0.288952,0.201835,3.785857,0.0073051,-0.9804865,0.0546298,0.1887021
1788248676202062080,OK,1,0,9.75338,0.302666,0,1437,0,-0.285857,0.201853,3.781354,0.0076329,-0.9812447,0.0544876,0.1847475
1788248676235394048,OK,1,0,9.7685,0.312291,0,1317,0,-0.285535,0.202292,3.774650,0.0074604,-0.9820267,0.0543178,0.1806031
1788248676268725760,OK,1,0,10.8786,0.330708,0,1300,0,-0.284909,0.202320,3.768878,0.0074476,-0.9827026,0.0543074,0.1768927
1788248676302057472,OK,1,0,10.2387,0.335791,0,1276,0,-0.284737,0.202627,3.760383,0.0073778,-0.9833665,0.0545559,0.1730882
1788248676335389184,OK,1,0,10.2375,0.302083,0,1258,0,-0.282851,0.201259,3.757519,0.0069156,-0.9840512,0.0548794,0.1690669
1788248676368720640,OK,1,0,9.90533,0.362041,0,1224,0,-0.282532,0.201479,3.752943,0.0065682,-0.9847307,0.0551123,0.1650001
1788248676402052352,OK,1,0,9.68317,0.345584,0,1206,0,-0.278856,0.201603,3.746933,0.0066743,-0.9853313,0.0549641,0.1614209
1788248676435383552,OK,1,0,9.69433,0.280958,0,1165,0,-0.276602,0.201915,3.740777,0.0072170,-0.9859732,0.0546648,0.1575323
1788248676468715008,OK,1,0,9.59362,0.298584,0,1138,0,-0.274809,0.201598,3.733686,0.0075181,-0.9866468,0.0543350,0.1533601
1788248676502046464,OK,1,0,9.79625,0.310042,0,1107,0,-0.272094,0.201698,3.728665,0.0071837,-0.9872722,0.0540884,0.1493869
1788248676535376384,OK,1,0,9.42458,0.3385,0,1111,0,-0.270437,0.200192,3.723862,0.0070292,-0.9878654,0.0539561,0.1454689
1788248676568707584,OK,1,0,9.81188,0.32225,0,1064,0,-0.268286,0.201127,3.717401,0.0071722,-0.9883958,0.0542366,0.1417067
1788248676602038528,OK,1,0,9.18942,0.380042,0,1065,0,-0.267263,0.201442,3.711736,0.0071435,-0.9889893,0.0542862,0.1374854
1788248676635369728,OK,1,0,9.44108,0.512875,0,1465,0,-0.261085,0.200337,3.709823,0.0069435,-0.9895183,0.0540283,0.1337396
1788248676668703488,OK,1,0,11.014,0.351833,0,1346,0,-0.259306,0.200272,3.703096,0.0072033,-0.9900410,0.0537885,0.1298993
1788248676702041344,OK,1,0,11.0431,0.337334,0,1312,0,-0.257145,0.200397,3.698212,0.0073585,-0.9904709,0.0538264,0.1265546
1788248676735378944,OK,1,0,10.8305,0.3095,0,1309,0,-0.261268,0.202324,3.690187,0.0074033,-0.9908102,0.0538637,0.1238512
1788248676768716544,OK,1,0,10.6165,0.524458,0,1278,0,-0.261782,0.202606,3.684414,0.0072166,-0.9910380,0.0538574,0.1220288
1788248676802054144,OK,1,0,10.2814,0.379209,0,1256,0,-0.260676,0.202195,3.680135,0.0072072,-0.9912236,0.0539500,0.1204712
1788248676835391488,OK,1,0,9.70237,0.32875,0,1221,0,-0.261682,0.201335,3.675385,0.0070722,-0.9914252,0.0542209,0.1186854
1788248676868729344,OK,1,0,9.77729,0.288084,0,1191,0,-0.260890,0.200529,3.671270,0.0068083,-0.9916037,0.0544573,0.1170903
1788248676902066944,OK,1,0,9.618,0.287,0,1205,0,-0.262807,0.200680,3.666328,0.0065161,-0.9917892,0.0546523,0.1154333
1788248676935404288,OK,1,0,9.89617,0.279917,0,1167,0,-0.262023,0.202035,3.660816,0.0065343,-0.9918800,0.0549319,0.1145157
1788248676968741888,OK,1,0,9.47071,0.363125,0,1182,0,-0.262831,0.200357,3.656208,0.0063302,-0.9920129,0.0547041,0.1134802
1788248677002078464,OK,1,0,9.30158,0.36675,0,1134,0,-0.263894,0.200307,3.650621,0.0063475,-0.9921712,0.0545087,0.1121822
1788248677035416064,OK,1,0,9.60758,0.276209,0,1111,0,-0.263036,0.200445,3.645805,0.0063665,-0.9922884,0.0545584,0.1111151
1788248677068753408,OK,1,0,9.63071,0.286541,0,1088,0,-0.264446,0.200205,3.641129,0.0061619,-0.9923640,0.0548208,0.1103198
1788248677102090752,OK,1,0,9.542,0.35825,0,1084,0,-0.265454,0.199429,3.636922,0.0059073,-0.9924031,0.0548920,0.1099458
1788248677135428352,OK,1,0,9.49221,0.289667,0,1061,0,-0.267492,0.199981,3.632119,0.0058879,-0.9924804,0.0549427,0.1092211
1788248677168765952,OK,1,0,9.74433,0.324375,0,1075,0,-0.267430,0.199341,3.626523,0.0059152,-0.9925691,0.0548032,0.1084814
1788248677202103296,OK,1,0,10.3872,0.343125,0,1574,0,-0.268900,0.199650,3.620355,0.0060745,-0.9926319,0.0544392,0.1080811
1788248677235440640,OK,1,0,12.2125,0.329334,0,1779,0,-0.268297,0.199738,3.615271,0.0061603,-0.9926467,0.0543290,0.1079956
1788248677268777984,OK,1,0,12.5053,0.357,0,1763,0,-0.268410,0.200018,3.610854,0.0063494,-0.9926673,0.0545476,0.1076849
1788248677302115584,OK,1,0,12.593,0.361209,0,1728,0,-0.269126,0.200473,3.603832,0.0061146,-0.9927225,0.0544235,0.1072509
1788248677335452928,OK,1,0,12.3093,0.311583,0,1721,0,-0.270617,0.200318,3.598586,0.0058792,-0.9927416,0.0542138,0.1071934
1788248677368790016,OK,1,0,12.6337,0.310167,0,1685,0,-0.272598,0.200667,3.593758,0.0055939,-0.9927428,0.0542715,0.1071689
1788248677402127360,OK,1,0,12.0555,0.378125,0,1707,0,-0.274379,0.199477,3.588393,0.0053993,-0.9927767,0.0540529,0.1069748
1788248677435463936,OK,1,0,12.7671,0.310083,0,1676,0,-0.275564,0.200324,3.583867,0.0053211,-0.9927922,0.0539278,0.1068974
1788248677468801024,OK,1,0,11.8815,0.322792,0,1628,0,-0.276378,0.199450,3.577964,0.0053529,-0.9928135,0.0536786,0.1068247
1788248677502138368,OK,1,0,11.6687,0.276833,0,1634,0,-0.276253,0.200131,3.573330,0.0055969,-0.9928285,0.0536289,0.1066965
1788248677535475712,OK,1,0,11.9127,0.283458,0,1595,0,-0.277889,0.200021,3.567567,0.0056736,-0.9928759,0.0534457,0.1063435
1788248677568813056,OK,1,0,11.8291,0.319292,0,1592,0,-0.278715,0.199228,3.560989,0.0058599,-0.9929100,0.0531067,0.1061845
1788248677602150144,OK,1,0,11.8277,0.294458,0,1559,0,-0.279253,0.199086,3.555889,0.0059216,-0.9929276,0.0528840,0.1061275
1788248677635487232,OK,1,0,11.3677,0.306625,0,1542,0,-0.280391,0.199034,3.551678,0.0057738,-0.9929544,0.0527918,0.1059300
1788248677668827392,OK,1,0,11.7707,0.286584,0,1544,0,-0.282038,0.198445,3.546279,0.0056666,-0.9929873,0.0527037,0.1056720
1788248677702171392,OK,1,0,11.8435,0.302209,0,1535,0,-0.281564,0.197970,3.541731,0.0057008,-0.9929945,0.0528830,0.1055122
1788248677735515392,OK,1,0,11.137,0.309292,0,1555,0,-0.281657,0.198547,3.537605,0.0057442,-0.9930235,0.0532058,0.1050737
1788248677768859392,OK,1,0,11.6727,0.359417,0,1502,0,-0.282887,0.197705,3.532955,0.0057432,-0.9930978,0.0530276,0.1044601
1788248677802203392,OK,1,0,11.4023,0.300459,0,1510,0,-0.284147,0.198596,3.527182,0.0055835,-0.9931424,0.0531229,0.1039948
1788248677835547392,OK,1,0,11.683,0.302959,0,1477,0,-0.285262,0.198201,3.523518,0.0053748,-0.9932082,0.0531115,0.1033813
1788248677868890368,OK,1,0,11.3745,0.280541,0,1501,0,-0.286194,0.197289,3.517714,0.0052351,-0.9932795,0.0531062,0.1027043
1788248677902234624,OK,1,0,11.4923,0.279041,0,1464,0,-0.286299,0.196489,3.512692,0.0053077,-0.9933460,0.0531623,0.1020259
1788248677935578624,OK,1,0,11.3516,0.271375,0,1447,0,-0.285450,0.196665,3.509013,0.0053777,-0.9933870,0.0534082,0.1014937
1788248677968922880,OK,1,0,11.4243,0.300625,0,1467,0,-0.285680,0.196597,3.504073,0.0054484,-0.9934607,0.0534444,0.1007474
1788248678002267136,OK,1,0,11.2161,0.309708,0,1447,0,-0.287120,0.195921,3.498856,0.0054648,-0.9935468,0.0533483,0.0999439
1788248678035611392,OK,1,0,11.3745,0.318166,0,1419,0,-0.286882,0.195453,3.493740,0.0054445,-0.9936185,0.0531635,0.0993288
1788248678068955648,OK,1,0,11.3187,0.281167,0,1403,0,-0.287488,0.195128,3.489229,0.0055117,-0.9937020,0.0529880,0.0985810
1788248678102299904,OK,1,0,11.3694,0.298125,0,1370,0,-0.287988,0.196202,3.483419,0.0057086,-0.9937807,0.0530201,0.0977555
1788248678135644160,OK,1,0,11.0726,0.316333,0,1356,0,-0.287166,0.195353,3.478007,0.0057218,-0.9938613,0.0528615,0.0970190
1788248678168988160,OK,1,0,10.6675,0.343541,0,1379,0,-0.288721,0.195948,3.472854,0.0055492,-0.9939356,0.0529270,0.0962284
1788248678202332672,OK,1,0,12.6705,0.367667,0,1372,0,-0.289917,0.195271,3.467610,0.0053752,-0.9940231,0.0527848,0.0954092
1788248678235676928,OK,1,0,11.6685,0.300875,0,1849,0,-0.289749,0.194386,3.463146,0.0053433,-0.9940934,0.0528617,0.0946336
1788248678269021440,OK,1,0,13.4785,0.282208,0,1765,0,-0.288702,0.195072,3.458675,0.0056784,-0.9941690,0.0529861,0.0937459
1788248678302365952,OK,1,0,13.4433,0.363042,0,1738,0,-0.289011,0.195192,3.452981,0.0058338,-0.9942749,0.0530272,0.0925820
1788248678335709440,OK,1,0,12.7739,0.353417,0,1725,0,-0.293363,0.195660,3.447283,0.0061532,-0.9944246,0.0528881,0.0910202
1788248678369053952,OK,1,0,13.1028,0.316833,0,1712,0,-0.292598,0.195357,3.442212,0.0060373,-0.9945199,0.0528327,0.0900137
1788248678402398464,OK,1,0,12.2954,0.3015,0,1703,0,-0.292642,0.194999,3.436964,0.0057553,-0.9946158,0.0528135,0.0889781
1788248678435742976,OK,1,0,12.5177,0.291834,0,1686,0,-0.294452,0.195057,3.432360,0.0053362,-0.9947109,0.0527670,0.0879634
1788248678469087488,OK,1,0,12.3699,0.297625,0,1659,0,-0.295334,0.195207,3.426474,0.0052383,-0.9947836,0.0528147,0.0871137
1788248678502432256,OK,1,0,12.6958,0.284958,0,1636,0,-0.295900,0.194445,3.420866,0.0052585,-0.9948729,0.0527099,0.0861505
1788248678535776512,OK,1,0,11.9871,0.286667,0,1593,0,-0.296261,0.193380,3.415473,0.0050595,-0.9949655,0.0525242,0.0852017
1788248678569121280,OK,1,0,12.0873,0.322084,0,1545,0,-0.297194,0.193217,3.410114,0.0049706,-0.9950585,0.0523431,0.0842268
1788248678602466048,OK,1,0,12.1698,0.324167,0,1557,0,-0.298485,0.193845,3.404630,0.0046911,-0.9951555,0.0521580,0.0832046
1788248678635810816,OK,1,0,11.5943,0.282333,0,1518,0,-0.297868,0.193109,3.399715,0.0047085,-0.9952444,0.0519595,0.0822591
1788248678669155840,OK,1,0,11.7929,0.297375,0,1479,0,-0.296522,0.192748,3.394957,0.0047969,-0.9953265,0.0519692,0.0812492
1788248678702501376,OK,1,0,11.569,0.288708,0,1486,0,-0.297459,0.191284,3.390459,0.0051150,-0.9954357,0.0518125,0.0799813
1788248678735847424,OK,1,0,11.7799,0.295333,0,1458,0,-0.295554,0.192234,3.385189,0.0051922,-0.9955103,0.0518923,0.0789900
1788248678769192192,OK,1,0,11.5552,0.391083,0,1448,0,-0.295211,0.191811,3.379536,0.0052937,-0.9956042,0.0518071,0.0778487
1788248678802537728,OK,1,0,11.4033,0.288583,0,1452,0,-0.295974,0.192513,3.374710,0.0051455,-0.9957057,0.0517889,0.0765618
1788248678835883520,OK,1,0,11.6852,0.302208,0,1415,0,-0.295525,0.193177,3.369435,0.0049424,-0.9957923,0.0516924,0.0755069
1788248678869229312,OK,1,0,11.3297,0.284541,0,1413,0,-0.295042,0.192890,3.363630,0.0047273,-0.9958966,0.0513397,0.0743761
1788248678902575104,OK,1,0,10.8809,0.310667,0,1434,0,-0.295125,0.192589,3.358245,0.0047953,-0.9960008,0.0510816,0.0731446
1788248678935920896,OK,1,0,11.97,0.491584,0,1419,0,-0.295739,0.190956,3.353193,0.0046908,-0.9961108,0.0507544,0.0718704
1788248678969266688,OK,1,0,11.7387,0.359375,0,1925,0,-0.294554,0.192164,3.346630,0.0044220,-0.9961953,0.0507109,0.0707373
1788248679002612480,OK,1,0,12.4679,0.2975,0,1790,0,-0.294187,0.191164,3.341164,0.0042933,-0.9962795,0.0504613,0.0697304
1788248679035958272,OK,1,0,13.5146,0.325584,0,1768,0,-0.294896,0.191072,3.337260,0.0043371,-0.9963404,0.0506545,0.0687102
1788248679069304320,OK,1,0,12.9543,0.35675,0,1784,0,-0.298727,0.191865,3.333441,0.0045243,-0.9964356,0.0509616,0.0670718
1788248679102649856,OK,1,0,13.9719,0.361292,0,1767,0,-0.298172,0.191138,3.327983,0.0045889,-0.9965080,0.0510731,0.0658957
1788248679135995904,OK,1,0,12.67,0.339959,0,1761,0,-0.295828,0.190892,3.323591,0.0046858,-0.9965649,0.0511186,0.0649871
1788248679169341440,OK,1,0,12.5262,0.314625,0,1736,0,-0.296902,0.190790,3.318547,0.0046047,-0.9966511,0.0511229,0.0636542
1788248679202686464,OK,1,0,12.771,0.301209,0,1713,0,-0.296466,0.190777,3.313398,0.0045292,-0.9967248,0.0510630,0.0625444
1788248679236032256,OK,1,0,12.2329,0.291291,0,1656,0,-0.295418,0.190584,3.306946,0.0043638,-0.9968022,0.0508556,0.0614825
1788248679269378048,OK,1,0,12.0566,0.380916,0,1667,0,-0.296531,0.190028,3.303182,0.0043044,-0.9968910,0.0506753,0.0601826
1788248679302724096,OK,1,0,11.6377,0.297958,0,1639,0,-0.297094,0.189236,3.297470,0.0043241,-0.9969582,0.0506518,0.0590773
1788248679336070144,OK,1,0,11.9817,0.279583,0,1616,0,-0.296500,0.188730,3.292207,0.0043313,-0.9970113,0.0506482,0.0581764
1788248679369415680,OK,1,0,11.4861,0.397084,0,1628,0,-0.295734,0.188841,3.286477,0.0041674,-0.9970567,0.0505855,0.0574618
1788248679402761728,OK,1,0,11.6146,0.300209,0,1598,0,-0.296927,0.188187,3.282439,0.0041524,-0.9971122,0.0505651,0.0565095
1788248679436107776,OK,1,0,11.601,0.287166,0,1625,0,-0.297085,0.188082,3.276766,0.0044105,-0.9971600,0.0507634,0.0554590
1788248679469453568,OK,1,0,11.7267,0.3645,0,1601,0,-0.294829,0.187635,3.272076,0.0046824,-0.9972098,0.0508478,0.0544534
1788248679502799616,OK,1,0,11.4624,0.284916,0,1585,0,-0.294002,0.188117,3.266659,0.0048207,-0.9972641,0.0508438,0.0534419
1788248679536145408,OK,1,0,11.4038,0.289666,0,1536,0,-0.293442,0.187805,3.261425,0.0048542,-0.9973299,0.0506757,0.0523591
1788248679569491456,OK,1,0,11.252,0.282125,0,1555,0,-0.294048,0.187798,3.255460,0.0045638,-0.9973899,0.0506380,0.0512690
1788248679602837504,OK,1,0,11.3342,0.356292,0,1562,0,-0.293935,0.187552,3.251648,0.0043038,-0.9974447,0.0506016,0.0502484
1788248679636182272,OK,1,0,11.3634,0.358208,0,1539,0,-0.294020,0.187332,3.245851,0.0040866,-0.9974922,0.0504959,0.0494243
1788248679669527040,OK,1,0,10.8138,0.302959,0,1507,0,-0.294612,0.187477,3.240078,0.0039059,-0.9975336,0.0505523,0.0485372
1788248679702870016,OK,1,0,11.0984,0.286417,0,1510,0,-0.295866,0.187564,3.235704,0.0037971,-0.9975814,0.0505889,0.0475149
1788248679736212992,OK,1,0,10.7039,0.285417,0,1512,0,-0.295090,0.185563,3.229810,0.0035831,-0.9976362,0.0503897,0.0465837
1788248679769555968,OK,1,0,10.945,0.34875,0,1476,0,-0.295420,0.185815,3.224678,0.0033380,-0.9976739,0.0504172,0.0457587
1788248679802898944,OK,1,0,10.9845,0.368333,0,1488,0,-0.294675,0.186489,3.219197,0.0035010,-0.9977072,0.0506318,0.0447707
1788248679836241920,OK,1,0,10.8005,0.369209,0,1456,0,-0.292893,0.186795,3.213547,0.0035492,-0.9977488,0.0507600,0.0436828
1788248679869584896,OK,1,0,10.6448,0.288834,0,1467,0,-0.292449,0.186508,3.209312,0.0036029,-0.9977893,0.0508487,0.0426363
1788248679902927616,OK,1,0,10.7775,0.364166,0,1436,0,-0.291163,0.186082,3.202875,0.0037298,-0.9978350,0.0507975,0.0416063
1788248679936270848,OK,1,0,10.7773,0.276417,0,1429,0,-0.290213,0.185735,3.197394,0.0037266,-0.9978766,0.0508136,0.0405756
1788248679969613824,OK,1,0,11.1814,0.295375,0,1771,0,-0.291272,0.185676,3.192750,0.0034283,-0.9979234,0.0508528,0.0393858
1788248680002956544,OK,1,0,11.9424,0.299958,0,1710,0,-0.290841,0.185362,3.187024,0.0033754,-0.9979740,0.0506702,0.0383279
1788248680036299520,OK,1,0,12.8586,0.352459,0,1679,0,-0.290764,0.185170,3.182258,0.0033652,-0.9980175,0.0507017,0.0371356
1788248680069642240,OK,1,0,12.8419,0.364834,0,1694,0,-0.293235,0.186753,3.169384,0.0033181,-0.9980785,0.0508193,0.0352948
1788248680102984448,OK,1,0,12.3511,0.33275,0,1712,0,-0.291624,0.186010,3.163951,0.0031385,-0.9981235,0.0506427,0.0342771
1788248680136327168,OK,1,0,12.2042,0.323,0,1673,0,-0.292351,0.186132,3.158182,0.0029710,-0.9981635,0.0506441,0.0331058
1788248680169669888,OK,1,0,12.0622,0.30625,0,1660,0,-0.292072,0.185835,3.154115,0.0029870,-0.9981971,0.0506669,0.0320389
1788248680203012864,OK,1,0,11.8614,0.311709,0,1658,0,-0.291183,0.184865,3.148192,0.0030584,-0.9982242,0.0507592,0.0310270
1788248680236355840,OK,1,0,11.4892,0.292958,0,1644,0,-0.290776,0.184392,3.143307,0.0031328,-0.9982517,0.0508265,0.0300086
1788248680269698560,OK,1,0,11.7191,0.279167,0,1659,0,-0.290305,0.184814,3.138147,0.0030828,-0.9982712,0.0509429,0.0291553
1788248680303041280,OK,1,0,12.0426,0.29275,0,1623,0,-0.288661,0.184495,3.132196,0.0028215,-0.9983008,0.0508187,0.0283754
1788248680336384256,OK,1,0,11.6393,0.349625,0,1564,0,-0.290011,0.184741,3.126653,0.0025087,-0.9983349,0.0507657,0.0272738
1788248680369726976,OK,1,0,11.8205,0.493041,0,1561,0,-0.289704,0.184272,3.120720,0.0023734,-0.9983561,0.0507972,0.0264408
1788248680403069952,OK,1,0,11.4521,0.303208,0,1550,0,-0.290594,0.182844,3.116094,0.0023460,-0.9983690,0.0509027,0.0257444
1788248680436412672,OK,1,0,11.2846,0.351708,0,1539,0,-0.289976,0.183042,3.109986,0.0023452,-0.9983746,0.0511736,0.0249779
1788248680469755392,OK,1,0,11.2442,0.278791,0,1544,0,-0.290272,0.181967,3.104233,0.0021198,-0.9984032,0.0510571,0.0240771
1788248680503098112,OK,1,0,11.729,0.348333,0,1542,0,-0.289359,0.181853,3.099019,0.0022923,-0.9984086,0.0512339,0.0234542
1788248680536439808,OK,1,0,11.1262,0.266708,0,1508,0,-0.288555,0.182269,3.094709,0.0022260,-0.9983997,0.0516537,0.0229118
1788248680569782528,OK,1,0,11.024,0.320584,0,1525,0,-0.288245,0.180623,3.090009,0.0025974,-0.9984075,0.0517711,0.0222604
1788248680603125248,OK,1,0,11.1996,0.290375,0,1519,0,-0.286951,0.180964,3.084810,0.0026855,-0.9984183,0.0518402,0.0215954
1788248680636467968,OK,1,0,11.301,0.293625,0,1497,0,-0.286195,0.180632,3.078116,0.0028419,-0.9984429,0.0516108,0.0209740
1788248680669810944,OK,1,0,11.3369,0.290583,0,1494,0,-0.287406,0.180845,3.072649,0.0030224,-0.9984720,0.0513729,0.0201348
1788248680703154176,OK,1,0,11.2383,0.353042,0,1508,0,-0.286619,0.181301,3.066257,0.0027588,-0.9984882,0.0512268,0.0197366
1788248680736497920,OK,1,0,11.3845,0.346084,0,1466,0,-0.287482,0.180762,3.059134,0.0024024,-0.9985147,0.0509619,0.0191225
1788248680769841152,OK,1,0,10.5483,0.516875,0,1476,0,-0.287762,0.180125,3.052393,0.0022344,-0.9985440,0.0506178,0.0185119
1788248680803184384,OK,1,0,10.996,0.297833,0,1440,0,-0.287455,0.180083,3.046062,0.0023367,-0.9985653,0.0504001,0.0179391
1788248680836527872,OK,1,0,10.7791,0.292667,0,1424,0,-0.286848,0.179348,3.038434,0.0023387,-0.9985839,0.0502245,0.0173853
1788248680869871104,OK,1,0,11.2993,0.344208,0,1437,0,-0.288416,0.178413,3.033157,0.0020081,-0.9985996,0.0501541,0.0167157
1788248680903214336,OK,1,0,11.1832,0.3175,0,1425,0,-0.287511,0.178331,3.026883,0.0021794,-0.9985963,0.0503237,0.0163797
1788248680936557568,OK,1,0,11.1872,0.294958,0,1431,0,-0.287492,0.177524,3.021816,0.0025289,-0.9985974,0.0505054,0.0156851
1788248680969900800,OK,1,0,11.4388,0.2915,0,1413,0,-0.285139,0.177585,3.015224,0.0026755,-0.9985994,0.0506354,0.0151040
1788248681003243264,OK,1,0,11.6532,0.338125,0,1404,0,-0.284193,0.176189,3.009296,0.0030626,-0.9986145,0.0505015,0.0144634
1788248681036586496,OK,1,0,11.539,0.34125,0,1383,0,-0.284612,0.175936,3.003715,0.0032728,-0.9986265,0.0504975,0.0135797
1788248681069929728,OK,1,0,11.1851,0.330584,0,1398,0,-0.283251,0.176265,2.996652,0.0033802,-0.9986464,0.0502868,0.0128523
1788248681103272960,OK,1,0,11.1603,0.31175,0,1376,0,-0.282998,0.177128,2.989455,0.0034007,-0.9986606,0.0501798,0.0121397
1788248681136616192,OK,1,0,11.3487,0.289167,0,1740,0,-0.281188,0.176800,2.982164,0.0034586,-0.9986809,0.0499101,0.0115488
1788248681169959424,OK,1,0,13.0001,0.287,0,1673,0,-0.280148,0.178250,2.975765,0.0033534,-0.9986813,0.0500179,0.0110722
1788248681203302656,OK,1,0,12.722,0.35825,0,1643,0,-0.279939,0.177108,2.968784,0.0032101,-0.9986926,0.0499304,0.0104743
1788248681236645888,OK,1,0,11.9441,0.351417,0,1655,0,-0.281491,0.176334,2.960832,0.0030935,-0.9987125,0.0497660,0.0093337
1788248681269989120,OK,1,0,12.4413,0.302292,0,1635,0,-0.281127,0.174952,2.955447,0.0031164,-0.9987127,0.0498751,0.0087037
1788248681303332352,OK,1,0,12.3367,0.29825,0,1655,0,-0.280745,0.174152,2.949605,0.0031730,-0.9987007,0.0502172,0.0080751
1788248681336675584,OK,1,0,12.4245,0.310291,0,1631,0,-0.279887,0.174540,2.943252,0.0031880,-0.9986997,0.0503456,0.0073641
1788248681370018816,OK,1,0,11.5008,0.365875,0,1623,0,-0.280202,0.174918,2.938496,0.0031926,-0.9987054,0.0503442,0.0065327
1788248681403361792,OK,1,0,11.6855,0.387667,0,1597,0,-0.278432,0.174853,2.931711,0.0031681,-0.9987039,0.0504295,0.0061199
1788248681436704000,OK,1,0,11.3099,0.301458,0,1573,0,-0.278694,0.173865,2.926398,0.0034176,-0.9987070,0.0504287,0.0054451
1788248681470047232,OK,1,0,11.8925,0.31,0,1542,0,-0.276905,0.173811,2.919011,0.0036276,-0.9987128,0.0503829,0.0045958
1788248681503390464,OK,1,0,11.7493,0.303875,0,1550,0,-0.277007,0.173437,2.913238,0.0037812,-0.9987192,0.0503166,0.0037352
1788248681536733440,OK,1,0,11.4145,0.277708,0,1523,0,-0.275975,0.173640,2.906684,0.0034789,-0.9987209,0.0503405,0.0032209
1788248681570076416,OK,1,0,11.1813,0.39225,0,1501,0,-0.277220,0.173001,2.899938,0.0032159,-0.9987199,0.0504210,0.0024454
1788248681603419648,OK,1,0,11.4129,0.29825,0,1533,0,-0.276641,0.173620,2.894525,0.0029022,-0.9987276,0.0503087,0.0019545
1788248681636762624,OK,1,0,11.3422,0.312625,0,1457,0,-0.276400,0.172457,2.888368,0.0030090,-0.9987367,0.0501380,0.0014664
1788248681670100736,OK,1,0,11.4223,0.361333,0,1493,0,-0.273148,0.171502,2.879908,0.0030954,-0.9987445,0.0499857,0.0011378
1788248681703431936,OK,1,0,11.2007,0.34975,0,1460,0,-0.273438,0.172497,2.873466,0.0030801,-0.9987385,0.0501183,0.0002527
1788248681736762624,OK,1,0,11.4462,0.289625,0,1447,0,-0.274531,0.171850,2.869069,-0.0030152,0.9987505,-0.0498813,0.0004153
1788248681770093568,OK,1,0,11.2129,0.285708,0,1458,0,-0.273584,0.171764,2.862081,-0.0029524,0.9987476,-0.0499366,0.0009434
1788248681803424256,OK,1,0,11.1611,0.373042,0,1464,0,-0.273895,0.170366,2.857342,-0.0031860,0.9987409,-0.0500377,0.0016413
1788248681836754944,OK,1,0,11.3242,0.311333,0,1450,0,-0.272372,0.171124,2.850310,-0.0033620,0.9987281,-0.0502630,0.0021383
1788248681870084352,OK,1,0,11.3786,0.349584,0,1456,0,-0.271383,0.170264,2.845575,-0.0035793,0.9987323,-0.0501511,0.0024312
1788248681903414784,OK,1,0,12.1859,0.379,0,1425,0,-0.270630,0.169675,2.841039,-0.0039992,0.9987200,-0.0503526,0.0026640
1788248681936745216,OK,1,0,12.1795,0.401,0,1414,0,-0.265981,0.170934,2.831124,-0.0040478,0.9987159,-0.0504250,0.0027339
1788248681970075392,OK,1,0,11.3156,0.335917,0,1389,0,-0.267861,0.170623,2.826188,-0.0041143,0.9987268,-0.0501630,0.0034035
1788248682003405824,OK,1,0,11.0949,0.397083,0,1370,0,-0.268789,0.169360,2.821432,-0.0042156,0.9987270,-0.0500996,0.0040818
1788248682036735744,OK,1,0,11.4036,0.306541,0,1687,0,-0.267817,0.169108,2.813355,-0.0042508,0.9987260,-0.0500710,0.0046070
1788248682070065664,OK,1,0,12.0684,0.304542,0,1682,0,-0.266499,0.169318,2.805906,-0.0041815,0.9987375,-0.0498250,0.0048361
1788248682103395584,OK,1,0,12.705,0.33625,0,1626,0,-0.266645,0.168070,2.801098,-0.0042535,0.9987399,-0.0497516,0.0050329
1788248682136725248,OK,1,0,12.416,0.342291,0,1588,0,-0.265699,0.167224,2.796298,-0.0043391,0.9987217,-0.0500817,0.0053049
1788248682170055168,OK,1,0,11.9648,0.312125,0,1610,0,-0.265051,0.166001,2.784525,-0.0041642,0.9987054,-0.0503580,0.0058550
1788248682203384832,OK,1,0,12.1215,0.30425,0,1622,0,-0.266349,0.166416,2.779607,-0.0040509,0.9986793,-0.0508286,0.0062951
1788248682236713984,OK,1,0,12.0334,0.2815,0,1630,0,-0.265323,0.165912,2.774051,-0.0039999,0.9986629,-0.0511350,0.0064589
1788248682270043648,OK,1,0,11.7171,0.354791,0,1613,0,-0.264341,0.165881,2.766923,-0.0037704,0.9986457,-0.0514503,0.0067456
1788248682303372800,OK,1,0,11.7317,0.290959,0,1588,0,-0.264744,0.164746,2.762034,-0.0034387,0.9986300,-0.0517377,0.0070403
1788248682336701184,OK,1,0,11.6256,0.296208,0,1555,0,-0.265951,0.164223,2.756754,-0.0032776,0.9986176,-0.0519755,0.0071187
1788248682370030336,OK,1,0,11.0675,0.369292,0,1530,0,-0.264903,0.162850,2.750087,-0.0030936,0.9986139,-0.0520749,0.0069942
1788248682403359488,OK,1,0,10.9942,0.372875,0,1524,0,-0.265020,0.162834,2.743730,-0.0029204,0.9985996,-0.0523560,0.0070073
1788248682436688128,OK,1,0,11.2849,0.384042,0,1536,0,-0.266577,0.163232,2.738289,-0.0027038,0.9985887,-0.0525519,0.0071791
1788248682470017024,OK,1,0,11.6988,0.302,0,1533,0,-0.265593,0.163344,2.730673,-0.0027268,0.9985951,-0.0524240,0.0072249
1788248682503345920,OK,1,0,11.1245,0.301292,0,1492,0,-0.263922,0.163850,2.724160,-0.0028145,0.9985887,-0.0525396,0.0072309
1788248682536674560,OK,1,0,11.5697,0.359333,0,1500,0,-0.265626,0.162663,2.719769,-0.0028629,0.9985844,-0.0525828,0.0074797
1788248682570003200,OK,1,0,11.5659,0.303542,0,1445,0,-0.265990,0.161586,2.713722,-0.0027949,0.9985735,-0.0527703,0.0076403
1788248682603331584,OK,1,0,11.3999,0.35775,0,1428,0,-0.265185,0.161133,2.707578,-0.0026649,0.9985653,-0.0529289,0.0076719
1788248682636659968,OK,1,0,11.5045,0.306166,0,1430,0,-0.263986,0.161078,2.700050,-0.0027099,0.9985511,-0.0531941,0.0076682
1788248682669996800,OK,1,0,11.3148,0.284375,0,1421,0,-0.264205,0.160426,2.695090,-0.0028180,0.9985459,-0.0532790,0.0077152
1788248682703344896,OK,1,0,11.3625,0.31825,0,1425,0,-0.264072,0.160775,2.688933,-0.0027862,0.9985376,-0.0534227,0.0078100
1788248682736693248,OK,1,0,11.7968,0.36975,0,1405,0,-0.263367,0.159502,2.681641,-0.0027681,0.9985491,-0.0532265,0.0076805
1788248682770040832,OK,1,0,11.6894,0.34625,0,1710,0,-0.266015,0.158714,2.676332,-0.0025667,0.9985619,-0.0529851,0.0077519
1788248682803389440,OK,1,0,12.2922,0.325583,0,1674,0,-0.266541,0.158630,2.669596,-0.0025127,0.9985645,-0.0529144,0.0079222
1788248682836738048,OK,1,0,12.8638,0.337458,0,1639,0,-0.265955,0.159032,2.662272,-0.0025063,0.9985685,-0.0528339,0.0079574
1788248682870086400,OK,1,0,12.9738,0.32875,0,1604,0,-0.265593,0.158764,2.655441,-0.0025789,0.9985666,-0.0528589,0.0080100
1788248682903435008,OK,1,0,12.0115,0.328,0,1595,0,-0.270900,0.156917,2.650862,-0.0026526,0.9985604,-0.0528555,0.0087419
1788248682936783872,OK,1,0,11.969,0.305417,0,1620,0,-0.270057,0.157689,2.644805,-0.0026956,0.9985384,-0.0532530,0.0088225
1788248682970132480,OK,1,0,11.6508,0.315917,0,1605,0,-0.269599,0.156545,2.638844,-0.0025785,0.9985251,-0.0535036,0.0088557
1788248683003481344,OK,1,0,11.8048,0.30075,0,1585,0,-0.270623,0.156426,2.632435,-0.0022572,0.9985063,-0.0538093,0.0091999
1788248683036830208,OK,1,0,11.9477,0.350917,0,1540,0,-0.270618,0.156337,2.626534,-0.0020956,0.9985023,-0.0538585,0.0093803
1788248683070179072,OK,1,0,11.6827,0.364,0,1517,0,-0.270725,0.155655,2.619802,-0.0020365,0.9985079,-0.0537364,0.0095070
1788248683103528448,OK,1,0,11.2928,0.290875,0,1531,0,-0.269799,0.154695,2.613515,-0.0020504,0.9985012,-0.0539147,0.0091896
1788248683136877568,OK,1,0,12.125,0.365334,0,1517,0,-0.269629,0.154282,2.605177,-0.0022552,0.9984947,-0.0540793,0.0088680
1788248683170226688,OK,1,0,11.3675,0.369375,0,1511,0,-0.270306,0.154275,2.598570,-0.0022737,0.9985111,-0.0537765,0.0088570
1788248683203574784,OK,1,0,11.0168,0.356834,0,1461,0,-0.268044,0.154100,2.590143,-0.0024540,0.9985320,-0.0533846,0.0088259
1788248683236923904,OK,1,0,11.0047,0.52675,0,1446,0,-0.267168,0.153843,2.582666,-0.0026978,0.9985442,-0.0531527,0.0087837
1788248683270273280,OK,1,0,11.4398,0.369416,0,1452,0,-0.268516,0.154971,2.576170,-0.0026800,0.9985445,-0.0531334,0.0088689
1788248683303622400,OK,1,0,11.1927,0.369875,0,1437,0,-0.268247,0.154440,2.568527,-0.0024841,0.9985512,-0.0530214,0.0088308
1788248683336971776,OK,1,0,11.3238,0.366042,0,1439,0,-0.267638,0.153613,2.562540,-0.0027059,0.9985424,-0.0531313,0.0091023
1788248683370321408,OK,1,0,11.0504,0.285458,0,1427,0,-0.267489,0.153279,2.556028,-0.0025582,0.9985375,-0.0531550,0.0095289
1788248683403670528,OK,1,0,11.7086,0.320583,0,1411,0,-0.265046,0.152516,2.548016,-0.0025921,0.9985465,-0.0529787,0.0095633
1788248683437020160,OK,1,0,12.7087,0.487709,0,1756,0,-0.265151,0.151988,2.540870,-0.0025351,0.9985339,-0.0532056,0.0096323
1788248683470369792,OK,1,0,12.3157,0.388542,0,1604,0,-0.268412,0.151489,2.536414,-0.0023259,0.9985109,-0.0536159,0.0097952
1788248683503719424,OK,1,0,12.7655,0.339375,0,1596,0,-0.266983,0.151288,2.528697,-0.0021487,0.9985116,-0.0536691,0.0094760
1788248683537069056,OK,1,0,11.9096,0.326459,0,1588,0,-0.266757,0.150641,2.520754,-0.0022015,0.9985197,-0.0535215,0.0094435
1788248683570418944,OK,1,0,13.1703,0.356,0,1639,0,-0.268580,0.149715,2.514773,-0.0023547,0.9985279,-0.0532796,0.0098832
1788248683603768832,OK,1,0,12.3669,0.315167,0,1584,0,-0.269192,0.149513,2.507562,-0.0023564,0.9985261,-0.0533125,0.0098920
1788248683637117696,OK,1,0,12.2804,0.363167,0,1564,0,-0.268346,0.149438,2.500327,-0.0024118,0.9985183,-0.0534883,0.0097125
1788248683670463488,OK,1,0,11.9371,0.544542,0,1545,0,-0.267229,0.149223,2.492960,-0.0025294,0.9985182,-0.0534647,0.0098262
1788248683703802880,OK,1,0,11.7104,0.301875,0,1499,0,-0.267777,0.148135,2.488544,-0.0024672,0.9985176,-0.0533924,0.0102891
1788248683737142784,OK,1,0,11.5563,0.282334,0,1485,0,-0.267949,0.148175,2.481381,-0.0024752,0.9984940,-0.0538175,0.0103644
1788248683770482688,OK,1,0,11.6748,0.3495,0,1518,0,-0.266587,0.147661,2.475054,-0.0024483,0.9984733,-0.0542937,0.0098615
1788248683803822592,OK,1,0,11.6653,0.32725,0,1496,0,-0.268174,0.146609,2.468684,-0.0022594,0.9984667,-0.0544201,0.0098864
1788248683837162240,OK,1,0,11.5932,0.35275,0,1487,0,-0.266251,0.147089,2.459944,-0.0025561,0.9984734,-0.0542632,0.0099932
1788248683870502144,OK,1,0,11.2129,0.283833,0,1449,0,-0.266199,0.146852,2.451655,-0.0029631,0.9984847,-0.0540188,0.0100745
1788248683903842048,OK,1,0,11.7847,0.301459,0,1455,0,-0.264839,0.145594,2.442712,-0.0031985,0.9985039,-0.0537103,0.0097490
1788248683937181952,OK,1,0,11.4638,0.291959,0,1437,0,-0.266093,0.145925,2.435580,-0.0032332,0.9985159,-0.0535122,0.0095893
1788248683970521856,OK,1,0,11.7693,0.28975,0,1409,0,-0.265201,0.145168,2.428075,-0.0032694,0.9985272,-0.0533128,0.0095120
1788248684003861504,OK,1,0,11.4224,0.370833,0,1375,0,-0.264387,0.145006,2.419711,-0.0033467,0.9985301,-0.0532087,0.0097568
1788248684037201408,OK,1,0,10.9539,0.299458,0,1381,0,-0.263996,0.144982,2.411842,-0.0034070,0.9985120,-0.0535103,0.0099404
1788248684070541312,OK,1,0,11.5041,0.304625,0,1362,0,-0.264109,0.144524,2.405989,-0.0033669,0.9984949,-0.0538708,0.0097213
1788248684103880192,OK,1,0,11.5884,0.3055,0,1730,0,-0.263771,0.144324,2.398992,-0.0032909,0.9984662,-0.0544448,0.0095023
1788248684137220096,OK,1,0,13.6714,0.374084,0,1642,0,-0.263669,0.144630,2.393590,-0.0034272,0.9984356,-0.0549729,0.0096302
1788248684170559744,OK,1,0,13.3707,0.360834,0,1563,0,-0.264839,0.143132,2.387300,-0.0035055,0.9984328,-0.0549828,0.0098328
1788248684203899648,OK,1,0,13.3527,0.35325,0,1544,0,-0.263074,0.142276,2.378414,-0.0036271,0.9984359,-0.0549678,0.0095478
1788248684237239552,OK,1,0,12.2988,0.347916,0,1588,0,-0.264048,0.141987,2.371825,-0.0036479,0.9984298,-0.0550462,0.0097278
1788248684270579712,OK,1,0,12.238,0.300208,0,1567,0,-0.264000,0.141403,2.363906,-0.0036462,0.9984199,-0.0552422,0.0096296
1788248684303919360,OK,1,0,12.3157,0.29525,0,1542,0,-0.262934,0.140299,2.357075,-0.0038098,0.9984263,-0.0551473,0.0094492
1788248684337259264,OK,1,0,12.6506,0.327125,0,1539,0,-0.263253,0.139917,2.348996,-0.0040740,0.9984279,-0.0550223,0.0098907
1788248684370599168,OK,1,0,12.2043,0.34425,0,1522,0,-0.264199,0.140592,2.343080,-0.0040473,0.9984223,-0.0550504,0.0102992
1788248684403939072,OK,1,0,11.827,0.293834,0,1507,0,-0.261342,0.140279,2.334688,-0.0043990,0.9984070,-0.0553475,0.0100387
1788248684437278976,OK,1,0,11.6612,0.394666,0,1493,0,-0.260517,0.139587,2.327158,-0.0044862,0.9983923,-0.0556322,0.0098868
1788248684470618880,OK,1,0,12.1358,0.314375,0,1496,0,-0.261381,0.137999,2.320896,-0.0046403,0.9984018,-0.0554236,0.0100350
1788248684503958784,OK,1,0,11.5054,0.375834,0,1485,0,-0.261011,0.139122,2.313166,-0.0043712,0.9984065,-0.0553275,0.0102033
1788248684537297664,OK,1,0,11.1803,0.303541,0,1480,0,-0.261036,0.139420,2.304624,-0.0044355,0.9984160,-0.0551442,0.0102427
1788248684570637568,OK,1,0,11.6623,0.301542,0,1469,0,-0.260788,0.138367,2.296243,-0.0042031,0.9984448,-0.0546633,0.0101113
1788248684603977472,OK,1,0,11.3345,0.320875,0,1462,0,-0.260555,0.138083,2.288141,-0.0041300,0.9984577,-0.0544579,0.0099739
1788248684637317376,OK,1,0,11.5316,0.293625,0,1458,0,-0.261510,0.138348,2.281373,-0.0040733,0.9984585,-0.0544286,0.0100767
1788248684670657024,OK,1,0,11.4663,0.361875,0,1440,0,-0.261330,0.138150,2.273847,-0.0039880,0.9984580,-0.0543956,0.0103347
1788248684703995904,OK,1,0,11.2466,0.254708,0,1408,0,-0.258510,0.138899,2.263974,-0.0042323,0.9984589,-0.0544071,0.0100877
1788248684737334784,OK,1,0,11.4238,0.302625,0,1394,0,-0.261402,0.138242,2.259253,-0.0042394,0.9984492,-0.0545597,0.0102220
1788248684770673664,OK,1,0,11.4937,0.310709,0,1393,0,-0.259076,0.137778,2.250722,-0.0042148,0.9984453,-0.0546671,0.0100400
1788248684804012544,OK,1,0,11.9347,0.323292,0,1812,0,-0.259996,0.137070,2.243521,-0.0041538,0.9984552,-0.0544816,0.0100893
1788248684837351424,OK,1,0,13.8138,0.348459,0,1591,0,-0.259436,0.136896,2.236134,-0.0041026,0.9984693,-0.0542475,0.0099746
1788248684870690304,OK,1,0,13.4822,0.366792,0,1540,0,-0.260818,0.135978,2.227849,-0.0039118,0.9984891,-0.0538769,0.0100798
1788248684904028928,OK,1,0,12.9142,0.346125,0,1477,0,-0.262923,0.137069,2.220713,-0.0036556,0.9984985,-0.0537051,0.0101592
1788248684937367552,OK,1,0,12.4121,0.360417,0,1516,0,-0.261584,0.137531,2.212371,-0.0033310,0.9985047,-0.0536581,0.0099016
1788248684970705152,OK,1,0,12.0102,0.319209,0,1538,0,-0.261596,0.135225,2.202548,-0.0034058,0.9985211,-0.0533217,0.0100327
1788248685004043776,OK,1,0,11.9102,0.297375,0,1514,0,-0.260754,0.135068,2.196185,-0.0034768,0.9985293,-0.0531701,0.0100086
1788248685037382400,OK,1,0,11.906,0.3395,0,1492,0,-0.260353,0.134400,2.189279,-0.0038430,0.9985201,-0.0533385,0.0098928
1788248685070721024,OK,1,0,11.2536,0.29275,0,1478,0,-0.261884,0.133398,2.182966,-0.0038171,0.9985053,-0.0535741,0.0101246
1788248685104059392,OK,1,0,11.429,0.365417,0,1445,0,-0.261288,0.131972,2.176431,-0.0037646,0.9984968,-0.0537511,0.0100422
1788248685137398016,OK,1,0,11.6504,0.324916,0,1399,0,-0.261127,0.132126,2.168688,-0.0036448,0.9984882,-0.0539380,0.0099384
1788248685170736384,OK,1,0,11.4007,0.287541,0,1392,0,-0.261471,0.131504,2.161428,-0.0034606,0.9984861,-0.0540174,0.0097854
1788248685204074752,OK,1,0,11.9137,0.296458,0,1403,0,-0.261838,0.131648,2.153668,-0.0031458,0.9984846,-0.0540625,0.0097878
1788248685237413120,OK,1,0,11.7453,0.360875,0,1390,0,-0.262249,0.131213,2.146914,-0.0031204,0.9984825,-0.0541127,0.0097318
1788248685270751488,OK,1,0,11.0392,0.301875,0,1376,0,-0.262628,0.131322,2.138757,-0.0031812,0.9984796,-0.0541536,0.0097865
1788248685304089856,OK,1,0,11.2489,0.308792,0,1371,0,-0.261087,0.130952,2.130684,-0.0032573,0.9984822,-0.0540761,0.0099244
1788248685337427968,OK,1,0,11.1836,0.287667,0,1355,0,-0.258994,0.131955,2.122213,-0.0033843,0.9984667,-0.0543699,0.0098313
1788248685370766336,OK,1,0,11.306,0.308125,0,1361,0,-0.259593,0.131379,2.116199,-0.0034071,0.9984528,-0.0546262,0.0098159
1788248685404104448,OK,1,0,11.2625,0.403125,0,1346,0,-0.258471,0.130154,2.107427,-0.0034537,0.9984462,-0.0547589,0.0097396
1788248685437441536,OK,1,0,11.2541,0.285209,0,1312,0,-0.258435,0.129330,2.101265,-0.0035528,0.9984502,-0.0546972,0.0096330
1788248685470779904,OK,1,0,11.9839,0.310167,0,1732,0,-0.261098,0.129790,2.094847,-0.0033115,0.9984514,-0.0546396,0.0099176
1788248685504118016,OK,1,0,13.4161,0.503,0,1525,0,-0.260128,0.129615,2.084500,-0.0032385,0.9984576,-0.0545305,0.0099182
1788248685537456128,OK,1,0,12.3048,0.349125,0,1475,0,-0.260021,0.129653,2.075296,-0.0028805,0.9984744,-0.0542892,0.0096584
1788248685570793984,OK,1,0,13.7252,0.3785,0,1453,0,-0.261010,0.129240,2.067097,-0.0026727,0.9984715,-0.0543679,0.0095736
1788248685604132096,OK,1,0,13.0096,0.368459,0,1445,0,-0.261911,0.126876,2.060114,-0.0027501,0.9984730,-0.0543180,0.0096798
1788248685637469952,OK,1,0,12.8904,0.320333,0,1436,0,-0.261228,0.127624,2.051713,-0.0028232,0.9984686,-0.0543597,0.0098810
1788248685670810112,OK,1,0,11.7057,0.303833,0,1442,0,-0.259996,0.127200,2.044244,-0.0034076,0.9984611,-0.0544671,0.0098576
1788248685704152832,OK,1,0,11.6884,0.290125,0,1426,0,-0.257622,0.126240,2.036514,-0.0037048,0.9984318,-0.0550174,0.0096634
1788248685737495552,OK,1,0,11.3882,0.376583,0,1423,0,-0.257160,0.125197,2.028183,-0.0037858,0.9984292,-0.0550572,0.0096700
1788248685770838528,OK,1,0,11.5532,0.302417,0,1388,0,-0.258175,0.124465,2.020361,-0.0037728,0.9984482,-0.0546942,0.0097762
1788248685804181504,OK,1,0,11.2205,0.302125,0,1361,0,-0.258149,0.125085,2.009745,-0.0034377,0.9984568,-0.0545514,0.0098212
1788248685837524224,OK,1,0,11.1091,0.275542,0,1335,0,-0.259107,0.124410,2.002974,-0.0031574,0.9984470,-0.0547726,0.0096748
1788248685870866176,OK,1,0,10.8735,0.28325,0,1346,0,-0.258189,0.123492,1.993513,-0.0030975,0.9984406,-0.0549360,0.0094238
1788248685904208896,OK,1,0,12.2758,0.312917,0,1711,0,-0.258256,0.121618,1.984666,-0.0033667,0.9984484,-0.0547518,0.0095840
1788248685937552128,OK,1,0,13.35,0.3025,0,1618,0,-0.255528,0.121864,1.976236,-0.0038385,0.9984537,-0.0546360,0.0095015
1788248685970894848,OK,1,0,13.4386,0.352291,0,1578,0,-0.255470,0.121017,1.969575,-0.0043154,0.9984445,-0.0547245,0.0097595
1788248686004237824,OK,1,0,14.0112,0.364542,0,1549,0,-0.255163,0.120738,1.961776,-0.0044810,0.9984239,-0.0550941,0.0097091
1788248686037580800,OK,1,0,13.8808,0.341458,0,1524,0,-0.254497,0.120162,1.953112,-0.0045196,0.9984211,-0.0551532,0.0096404
1788248686070923520,OK,1,0,12.8475,0.326833,0,1518,0,-0.256882,0.118370,1.944181,-0.0045455,0.9984551,-0.0544943,0.0098546
1788248686104266496,OK,1,0,12.3989,0.3095,0,1497,0,-0.256218,0.118457,1.934697,-0.0041746,0.9984633,-0.0543682,0.0098831
1788248686137609728,OK,1,0,11.7357,0.304042,0,1462,0,-0.256856,0.118752,1.925979,-0.0038978,0.9984517,-0.0546521,0.0096103
1788248686170952704,OK,1,0,13.038,0.357875,0,1476,0,-0.256775,0.118018,1.918001,-0.0039010,0.9984516,-0.0546755,0.0094794
1788248686204295424,OK,1,0,11.9844,0.304458,0,1431,0,-0.256233,0.117723,1.909195,-0.0040734,0.9984583,-0.0545261,0.0095534
1788248686237638400,OK,1,0,11.8698,0.37875,0,1415,0,-0.254707,0.116067,1.901183,-0.0045144,0.9984609,-0.0544056,0.0097722
1788248686270981376,OK,1,0,11.8097,0.280792,0,1435,0,-0.255263,0.116693,1.894606,-0.0046672,0.9984258,-0.0549926,0.0099989
1788248686304324352,OK,1,0,11.6406,0.307542,0,1374,0,-0.254220,0.115144,1.885145,-0.0045437,0.9984269,-0.0550438,0.0096651
1788248686337666560,OK,1,0,11.9205,0.298792,0,1382,0,-0.255052,0.114483,1.876298,-0.0044137,0.9984583,-0.0544829,0.0096499
1788248686371009536,OK,1,0,12.2646,0.33675,0,1340,0,-0.255550,0.114395,1.865827,-0.0041532,0.9984739,-0.0541751,0.0098784
1788248686404352512,OK,1,0,12.3323,0.362,0,1690,0,-0.254950,0.113205,1.856421,-0.0041753,0.9984704,-0.0542954,0.0095671
1788248686437695488,OK,1,0,12.5407,0.360917,0,1570,0,-0.254974,0.113722,1.847900,-0.0043874,0.9984519,-0.0546715,0.0092515
1788248686471038464,OK,1,0,12.8035,0.363041,0,1525,0,-0.253068,0.113397,1.838858,-0.0048511,0.9984487,-0.0547237,0.0090613
1788248686504381696,OK,1,0,12.9678,0.367625,0,1484,0,-0.251849,0.113515,1.831204,-0.0055636,0.9984424,-0.0547062,0.0094328
1788248686537724928,OK,1,0,13.1312,0.335792,0,1413,0,-0.250752,0.112545,1.822773,-0.0060632,0.9984489,-0.0544819,0.0097342
1788248686571067904,OK,1,0,12.2647,0.331541,0,1462,0,-0.250991,0.112474,1.815086,-0.0059726,0.9984526,-0.0543993,0.0098744
1788248686604410880,OK,1,0,12.1965,0.309333,0,1481,0,-0.250991,0.111112,1.806557,-0.0055864,0.9984633,-0.0542465,0.0098614
1788248686637753856,OK,1,0,12.3034,0.35825,0,1437,0,-0.251233,0.109819,1.798113,-0.0050414,0.9984418,-0.0546890,0.0098812
1788248686671096832,OK,1,0,11.916,0.281792,0,1390,0,-0.253594,0.108397,1.791222,-0.0048750,0.9984161,-0.0550786,0.0103829
1788248686704439808,OK,1,0,11.9256,0.381916,0,1378,0,-0.253216,0.108752,1.782742,-0.0045623,0.9984034,-0.0553486,0.0103173
1788248686737782528,OK,1,0,12.0803,0.30175,0,1349,0,-0.255145,0.108411,1.775127,-0.0043423,0.9984002,-0.0553961,0.0104624
1788248686771124224,OK,1,0,12.0067,0.349584,0,1352,0,-0.255230,0.107402,1.767516,-0.0041743,0.9984059,-0.0552993,0.0104954
1788248686804467200,OK,1,0,11.8902,0.328292,0,1331,0,-0.254195,0.106760,1.758428,-0.0040634,0.9983991,-0.0554573,0.0103558
1788248686837810176,OK,1,0,12.1286,0.323708,0,1688,0,-0.254200,0.105957,1.751254,-0.0038208,0.9983871,-0.0557220,0.0101814
1788248686871153152,OK,1,0,12.6669,0.331875,0,1548,0,-0.253649,0.107186,1.740247,-0.0036785,0.9983895,-0.0557037,0.0100932
1788248686904496128,OK,1,0,13.1448,0.329708,0,1500,0,-0.254656,0.107253,1.731258,-0.0034950,0.9984025,-0.0554434,0.0103127
1788248686937839104,OK,1,0,13.2536,0.339791,0,1433,0,-0.253127,0.106151,1.722241,-0.0035684,0.9984035,-0.0554419,0.0101977
1788248686971182080,OK,1,0,12.8087,0.344375,0,1408,0,-0.254995,0.105035,1.714599,-0.0033195,0.9983993,-0.0555179,0.0102747
1788248687004525056,OK,1,0,11.7378,0.328917,0,1404,0,-0.253719,0.103512,1.704980,-0.0036025,0.9984094,-0.0553431,0.0101449
1788248687037868288,OK,1,0,12.201,0.283417,0,1380,0,-0.255943,0.102360,1.697461,-0.0036063,0.9984147,-0.0551645,0.0105831
1788248687071211520,OK,1,0,11.5495,0.301291,0,1380,0,-0.254408,0.101986,1.689366,-0.0036903,0.9983943,-0.0555474,0.0104781
1788248687104554752,OK,1,0,11.7043,0.316708,0,1384,0,-0.253890,0.101290,1.681048,-0.0034836,0.9983854,-0.0557583,0.0102752
1788248687137897728,OK,1,0,12.1145,0.3185,0,1372,0,-0.254480,0.101516,1.671474,-0.0033398,0.9983894,-0.0556894,0.0103068
1788248687171240960,OK,1,0,12.2336,0.308,0,1329,0,-0.254351,0.102304,1.661726,-0.0032462,0.9984008,-0.0554673,0.0104267
1788248687204583424,OK,1,0,13.2856,0.312167,0,1660,0,-0.253915,0.100793,1.652165,-0.0031851,0.9984095,-0.0553176,0.0104059
1788248687237926656,OK,1,0,14.204,0.50225,0,1536,0,-0.255550,0.100996,1.644527,-0.0028911,0.9983957,-0.0555781,0.0104232
1788248687271270144,OK,1,0,13.3454,0.393,0,1491,0,-0.254521,0.100050,1.635623,-0.0027208,0.9983981,-0.0555582,0.0103466
1788248687304613632,OK,1,0,13.5888,0.32625,0,1481,0,-0.253940,0.100399,1.626284,-0.0027394,0.9984013,-0.0554860,0.0104239
1788248687337957120,OK,1,0,13.6242,0.302083,0,1434,0,-0.254729,0.099047,1.618893,-0.0026326,0.9983951,-0.0556034,0.0104177
1788248687371300352,OK,1,0,13.2129,0.338,0,1416,0,-0.254731,0.098340,1.611707,-0.0024452,0.9983624,-0.0562218,0.0102846
1788248687404643840,OK,1,0,11.7882,0.3535,0,1416,0,-0.254846,0.096468,1.603657,-0.0024283,0.9983784,-0.0559572,0.0101726
1788248687437987584,OK,1,0,12.3533,0.307958,0,1404,0,-0.256674,0.096223,1.595613,-0.0024842,0.9984045,-0.0554395,0.0104310
1788248687471331072,OK,1,0,11.6639,0.321625,0,1382,0,-0.256676,0.094950,1.585246,-0.0025410,0.9984332,-0.0549058,0.0104892
1788248687504674560,OK,1,0,11.8446,0.311542,0,1358,0,-0.254552,0.096452,1.574653,-0.0025894,0.9984412,-0.0548082,0.0102265
1788248687538018304,OK,1,0,11.9997,0.375166,0,1336,0,-0.254219,0.096820,1.564799,-0.0024290,0.9984446,-0.0547169,0.0104202
1788248687571362048,OK,1,0,11.3028,0.301834,0,1291,0,-0.254249,0.094756,1.555838,-0.0027001,0.9984630,-0.0543433,0.0105391
1788248687604705792,OK,1,0,11.9697,0.297084,0,1311,0,-0.253765,0.094216,1.547163,-0.0024948,0.9984773,-0.0540835,0.0105791
1788248687638049536,OK,1,0,12.17,0.316333,0,1279,0,-0.255548,0.094648,1.539442,-0.0022154,0.9984580,-0.0544349,0.0106544
1788248687671389440,OK,1,0,12.694,0.310083,0,1643,0,-0.256254,0.092693,1.532437,-0.0019711,0.9984555,-0.0545390,0.0104069
1788248687704726528,OK,1,0,13.5472,0.35525,0,1538,0,-0.256937,0.093685,1.523768,-0.0015620,0.9984493,-0.0546735,0.0103628
1788248687738063360,OK,1,0,12.3805,0.358041,0,1449,0,-0.257849,0.093120,1.514530,-0.0014451,0.9984626,-0.0543918,0.0105744
1788248687771400448,OK,1,0,12.9223,0.355,0,1403,0,-0.256350,0.093358,1.504221,-0.0014683,0.9984744,-0.0542089,0.0104000
1788248687804737280,OK,1,0,12.9705,0.363625,0,1376,0,-0.255813,0.092427,1.494423,-0.0014198,0.9985048,-0.0536885,0.0101912
1788248687838074368,OK,1,0,12.4469,0.357084,0,1358,0,-0.254774,0.093173,1.484975,-0.0015031,0.9985232,-0.0533480,0.0101525
1788248687871411456,OK,1,0,12.3718,0.333584,0,1375,0,-0.255775,0.090215,1.477128,-0.0016620,0.9985590,-0.0526684,0.0101564
1788248687904748288,OK,1,0,12.3495,0.321333,0,1386,0,-0.256618,0.089657,1.469435,-0.0014676,0.9985495,-0.0528619,0.0101188
1788248687938085120,OK,1,0,11.5779,0.398208,0,1339,0,-0.255523,0.088827,1.459449,-0.0013203,0.9985479,-0.0529113,0.0100415
1788248687971422208,OK,1,0,11.334,0.295167,0,1305,0,-0.256679,0.088779,1.450994,-0.0013513,0.9985631,-0.0526127,0.0100929
1788248688004758784,OK,1,0,11.412,0.289083,0,1334,0,-0.257580,0.087983,1.442404,-0.0012692,0.9985850,-0.0522003,0.0100771
1788248688038095616,OK,1,0,11.7995,0.304292,0,1253,0,-0.257240,0.088552,1.432738,-0.0013077,0.9985828,-0.0522586,0.0099856
1788248688071432704,OK,1,0,11.4996,0.321,0,1244,0,-0.255962,0.087824,1.422916,-0.0016685,0.9985893,-0.0521131,0.0100459
1788248688104768256,OK,1,0,11.6508,0.325292,0,1232,0,-0.256740,0.088024,1.413973,-0.0014625,0.9985986,-0.0518667,0.0104248
1788248688138105344,OK,1,0,12.0133,0.334,0,1257,0,-0.256729,0.088069,1.405987,-0.0013996,0.9986065,-0.0517169,0.0104142
1788248688171441920,OK,1,0,12.7834,0.347292,0,1627,0,-0.257411,0.087705,1.398565,-0.0012896,0.9985917,-0.0520531,0.0101747
1788248688204778496,OK,1,0,13.6394,0.349083,0,1446,0,-0.256966,0.085803,1.389788,-0.0015646,0.9985744,-0.0524053,0.0100210
1788248688238115584,OK,1,0,12.8822,0.306709,0,1392,0,-0.256613,0.085101,1.383389,-0.0014945,0.9985603,-0.0527061,0.0098605
1788248688271452160,OK,1,0,12.5836,0.376084,0,1387,0,-0.254586,0.084132,1.375232,-0.0017432,0.9985598,-0.0527325,0.0097190
1788248688304788736,OK,1,0,12.9882,0.413875,0,1380,0,-0.254810,0.084474,1.365477,-0.0019540,0.9985472,-0.0529699,0.0096934
1788248688338125568,OK,1,0,13.1752,0.367042,0,1329,0,-0.255055,0.085289,1.356359,-0.0020196,0.9985430,-0.0530692,0.0095584
1788248688371462144,OK,1,0,12.355,0.307125,0,1346,0,-0.255092,0.082718,1.347488,-0.0024866,0.9985795,-0.0523365,0.0096816
1788248688404798720,OK,1,0,11.9629,0.325375,0,1327,0,-0.255319,0.082026,1.340265,-0.0027821,0.9985786,-0.0522613,0.0100893
1788248688438135552,OK,1,0,11.3575,0.306125,0,1334,0,-0.256457,0.082361,1.332721,-0.0028895,0.9985734,-0.0522972,0.0103877
1788248688471471872,OK,1,0,11.641,0.336875,0,1272,0,-0.254919,0.082010,1.322477,-0.0027027,0.9985833,-0.0521721,0.0101067
1788248688504808704,OK,1,0,12.193,0.316083,0,1227,0,-0.254807,0.082361,1.312190,-0.0026255,0.9985933,-0.0519798,0.0101338
1788248688538144256,OK,1,0,12.1066,0.334125,0,1254,0,-0.256117,0.081511,1.304161,-0.0024500,0.9986117,-0.0515968,0.0103112
1788248688571480832,OK,1,0,12.1825,0.300875,0,1224,0,-0.256484,0.081307,1.294633,-0.0023224,0.9986219,-0.0513897,0.0103889
1788248688604817408,OK,1,0,13.0002,0.349125,0,1642,0,-0.255848,0.080923,1.284936,-0.0022483,0.9986244,-0.0513504,0.0103612
1788248688638153728,OK,1,0,13.3805,0.331791,0,1488,0,-0.256132,0.079937,1.276497,-0.0021869,0.9986207,-0.0514084,0.0104479
1788248688671492352,OK,1,0,12.8209,0.336542,0,1404,0,-0.256186,0.079231,1.267841,-0.0022315,0.9986354,-0.0511256,0.0104223
1788248688704833792,OK,1,0,12.6968,0.3185,0,1374,0,-0.253709,0.079064,1.257851,-0.0023872,0.9986438,-0.0509981,0.0102040
1788248688738175232,OK,1,0,13.4974,0.370709,0,1323,0,-0.254590,0.078882,1.251050,-0.0022429,0.9986389,-0.0511079,0.0101631
1788248688771516672,OK,1,0,12.3283,0.354209,0,1318,0,-0.255860,0.079490,1.243098,-0.0020636,0.9986246,-0.0514061,0.0101080
1788248688804858112,OK,1,0,12.0519,0.339125,0,1351,0,-0.256849,0.077298,1.234144,-0.0018818,0.9986413,-0.0510499,0.0102929
1788248688838199552,OK,1,0,12.281,0.289417,0,1307,0,-0.255840,0.077186,1.224761,-0.0017634,0.9986513,-0.0508666,0.0102542
1788248688871540736,OK,1,0,12.0388,0.29075,0,1312,0,-0.255137,0.077743,1.216114,-0.0015220,0.9986473,-0.0510029,0.0099981
1788248688904882176,OK,1,0,11.6755,0.30175,0,1285,0,-0.256641,0.077455,1.207217,-0.0013904,0.9986449,-0.0510213,0.0101568
1788248688938223360,OK,1,0,12.111,0.295834,0,1262,0,-0.255794,0.076436,1.197487,-0.0015380,0.9986528,-0.0508338,0.0103034
1788248688971563520,OK,1,0,12.3059,0.313583,0,1649,0,-0.255248,0.075985,1.188582,-0.0018469,0.9986547,-0.0507929,0.0102725
1788248689004904704,OK,1,0,13.6617,0.3625,0,1447,0,-0.256649,0.075090,1.182442,-0.0016340,0.9986410,-0.0510911,0.0101629
1788248689038246144,OK,1,0,13.3596,0.347916,0,1402,0,-0.256095,0.075558,1.173496,-0.0016664,0.9986255,-0.0514115,0.0100605
1788248689071587072,OK,1,0,13.7694,0.3555,0,1385,0,-0.256150,0.075587,1.165247,-0.0016477,0.9986258,-0.0513923,0.0101356
1788248689104928512,OK,1,0,13.7012,0.385,0,1344,0,-0.253994,0.075521,1.155224,-0.0015279,0.9986320,-0.0513420,0.0097870
1788248689138269440,OK,1,0,13.5402,0.305166,0,1342,0,-0.255562,0.075457,1.146770,-0.0013165,0.9986257,-0.0514816,0.0097280
1788248689171610880,OK,1,0,12.4663,0.359667,0,1308,0,-0.254817,0.075294,1.137437,-0.0012086,0.9986219,-0.0515548,0.0097437
1788248689204951808,OK,1,0,12.223,0.323584,0,1327,0,-0.256360,0.072732,1.129284,-0.0012627,0.9986391,-0.0511051,0.0103269
1788248689238292992,OK,1,0,11.7755,0.328333,0,1312,0,-0.257204,0.071428,1.121426,-0.0012885,0.9986463,-0.0509823,0.0102327
1788248689271633920,OK,1,0,11.8767,0.307875,0,1280,0,-0.257190,0.071812,1.112850,-0.0012866,0.9986282,-0.0513922,0.0099473
1788248689304975104,OK,1,0,11.7031,0.292,0,1250,0,-0.256513,0.070957,1.104610,-0.0012639,0.9986198,-0.0515542,0.0099554
1788248689338316288,OK,1,0,11.754,0.353125,0,1253,0,-0.257333,0.070637,1.097343,-0.0013228,0.9986302,-0.0513206,0.0101162
1788248689371656960,OK,1,0,11.7067,0.280916,0,1231,0,-0.257132,0.070634,1.086659,-0.0009158,0.9986504,-0.0509596,0.0099798
1788248689404998144,OK,1,0,12.3069,0.312583,0,1692,0,-0.258680,0.069681,1.077834,-0.0006957,0.9986628,-0.0507508,0.0098274
1788248689438338048,OK,1,0,12.9093,0.317792,0,1472,0,-0.258225,0.069218,1.069345,-0.0006940,0.9986611,-0.0507945,0.0097704
1788248689471678976,OK,1,0,13.149,0.337792,0,1419,0,-0.256510,0.069523,1.059542,-0.0009720,0.9986601,-0.0507924,0.0098535
1788248689505019904,OK,1,0,12.806,0.351292,0,1336,0,-0.257402,0.068296,1.052140,-0.0013137,0.9986681,-0.0505977,0.0100079
1788248689538360832,OK,1,0,13.6861,0.354333,0,1293,0,-0.255755,0.067704,1.043462,-0.0016385,0.9986687,-0.0506400,0.0096819
1788248689571701760,OK,1,0,13.3298,0.362084,0,1262,0,-0.254837,0.067490,1.034810,-0.0017957,0.9986576,-0.0508591,0.0096564
1788248689605042432,OK,1,0,12.8111,0.361041,0,1269,0,-0.255679,0.067931,1.025754,-0.0017331,0.9986536,-0.0508919,0.0099058
1788248689638383360,OK,1,0,11.7742,0.338125,0,1284,0,-0.257397,0.065633,1.013827,-0.0013571,0.9986781,-0.0503757,0.0101180
1788248689671723264,OK,1,0,11.3656,0.312458,0,1254,0,-0.257697,0.064556,1.006687,-0.0011251,0.9986702,-0.0505604,0.0100062
1788248689705062400,OK,1,0,11.0773,0.29875,0,1219,0,-0.257840,0.064171,0.997912,-0.0009491,0.9986495,-0.0509604,0.0100607
1788248689738401792,OK,1,0,11.1941,0.299291,0,1208,0,-0.257015,0.063961,0.988863,-0.0009360,0.9986404,-0.0511069,0.0102326
1788248689771740928,OK,1,0,11.8198,0.291542,0,1688,0,-0.256421,0.063410,0.980426,-0.0013403,0.9986445,-0.0510014,0.0103022
1788248689805080064,OK,1,0,12.4537,0.318416,0,1462,0,-0.255578,0.062804,0.973018,-0.0017511,0.9986475,-0.0509912,0.0100009
1788248689838419200,OK,1,0,13.4047,0.335167,0,1403,0,-0.255435,0.062869,0.964839,-0.0016267,0.9986240,-0.0514562,0.0099862
1788248689871757312,OK,1,0,13.4189,0.332625,0,1333,0,-0.255746,0.061750,0.956607,-0.0019916,0.9986266,-0.0513483,0.0102134
1788248689905096448,OK,1,0,13.2865,0.355416,0,1291,0,-0.255724,0.061079,0.947127,-0.0017899,0.9986366,-0.0511447,0.0102985
1788248689938435840,OK,1,0,12.8183,0.409708,0,1261,0,-0.256981,0.060313,0.938873,-0.0013401,0.9986287,-0.0513216,0.0102509
1788248689971774976,OK,1,0,12.9762,0.308292,0,1239,0,-0.256241,0.060251,0.929411,-0.0012803,0.9986228,-0.0514592,0.0101406
1788248690005114112,OK,1,0,12.2039,0.346083,0,1234,0,-0.254449,0.060345,0.920484,-0.0014419,0.9986174,-0.0515527,0.0101770
1788248690038453248,OK,1,0,11.817,0.325208,0,1237,0,-0.254115,0.060609,0.912439,-0.0014342,0.9986101,-0.0517206,0.0100378
1788248690071792384,OK,1,0,11.9079,0.317958,0,1646,0,-0.253670,0.060372,0.903431,-0.0016580,0.9986055,-0.0518317,0.0098912
1788248690105131520,OK,1,0,12.692,0.35175,0,1456,0,-0.252165,0.060052,0.894127,-0.0016359,0.9986004,-0.0519416,0.0098266
1788248690138470656,OK,1,0,13.258,0.35175,0,1394,0,-0.253555,0.058850,0.885751,-0.0015256,0.9986176,-0.0515949,0.0099271
1788248690171810048,OK,1,0,11.9128,0.305,0,1342,0,-0.254872,0.059408,0.875915,-0.0013754,0.9986199,-0.0515375,0.0100121
1788248690205149184,OK,1,0,14.6051,0.354708,0,1259,0,-0.254804,0.057222,0.866837,-0.0012598,0.9986168,-0.0516350,0.0098369
1788248690238488576,OK,1,0,12.868,0.367042,0,1238,0,-0.254135,0.056584,0.857649,-0.0012766,0.9986025,-0.0519452,0.0096507
1788248690271827712,OK,1,0,11.9123,0.3255,0,1226,0,-0.252811,0.056788,0.848739,-0.0016630,0.9985904,-0.0521499,0.0097369
1788248690305167104,OK,1,0,11.1543,0.3515,0,1224,0,-0.257629,0.054281,0.841879,-0.0021949,0.9986087,-0.0516082,0.0106063
1788248690338505216,OK,1,0,11.4224,0.303167,0,1206,0,-0.255156,0.055681,0.832052,-0.0025551,0.9985977,-0.0518265,0.0104989
1788248690371844352,OK,1,0,11.7559,0.301833,0,1620,0,-0.254168,0.055398,0.823813,-0.0027986,0.9985821,-0.0520977,0.0105713
1788248690405183488,OK,1,0,12.0139,0.346958,0,1393,0,-0.256179,0.055167,0.815931,-0.0025672,0.9985695,-0.0522861,0.0108890
1788248690438522880,OK,1,0,13.1944,0.336875,0,1304,0,-0.255137,0.054426,0.806896,-0.0025238,0.9985528,-0.0526243,0.0108004
1788248690471862016,OK,1,0,11.6485,0.30975,0,1235,0,-0.255358,0.053364,0.798387,-0.0020233,0.9985432,-0.0528005,0.0109293
1788248690505201408,OK,1,0,13.646,0.335959,0,1193,0,-0.254847,0.052755,0.789564,-0.0018649,0.9985244,-0.0531755,0.0108620
1788248690538540544,OK,1,0,12.6879,0.369084,0,1199,0,-0.255455,0.053089,0.781004,-0.0016271,0.9984993,-0.0536161,0.0110354
1788248690571879936,OK,1,0,11.9855,0.387667,0,1162,0,-0.256492,0.052666,0.773960,-0.0013848,0.9984953,-0.0536877,0.0110866
1788248690605219328,OK,1,0,11.9945,0.300208,0,1125,0,-0.255680,0.052321,0.764998,-0.0013534,0.9984832,-0.0539654,0.0108318
1788248690638558464,OK,1,0,11.8675,0.349208,0,1585,0,-0.260026,0.051083,0.756564,-0.0012057,0.9984710,-0.0540751,0.0114126
1788248690671896576,OK,1,0,12.2875,0.345709,0,1283,0,-0.258388,0.051062,0.747293,-0.0013099,0.9984707,-0.0541087,0.0112590
1788248690705233152,OK,1,0,11.1005,0.341083,0,1233,0,-0.259075,0.050984,0.738175,-0.0012960,0.9984595,-0.0542857,0.0114079
1788248690738569472,OK,1,0,13.3673,0.367708,0,1208,0,-0.259312,0.049135,0.728893,-0.0011636,0.9984620,-0.0542438,0.0114026
1788248690771905280,OK,1,0,12.4521,0.349084,0,1145,0,-0.258150,0.049462,0.718566,-0.0010805,0.9984705,-0.0541159,0.0112709
1788248690805241600,OK,1,0,12.1313,0.343917,0,1138,0,-0.257886,0.047793,0.709992,-0.0013105,0.9984723,-0.0540432,0.0114327
1788248690838578176,OK,1,0,12.0419,0.3235,0,1117,0,-0.258519,0.048923,0.700322,-0.0015361,0.9984487,-0.0544436,0.0115620
1788248690871914496,OK,1,0,11.343,0.357375,0,1076,0,-0.258596,0.049086,0.692213,-0.0016031,0.9984241,-0.0548717,0.0116538
1788248690905251072,OK,1,0,11.5134,0.346042,0,1571,0,-0.254838,0.050199,0.682521,-0.0014713,0.9984168,-0.0551090,0.0111638
1788248690938587136,OK,1,0,12.5804,0.356666,0,1266,0,-0.253792,0.049406,0.672699,-0.0015586,0.9984180,-0.0551029,0.0110825
1788248690971923456,OK,1,0,11.8807,0.256833,0,1216,0,-0.254893,0.049367,0.663386,-0.0014672,0.9983967,-0.0554205,0.0114242
1788248691005259776,OK,1,0,11.8116,0.352459,0,1137,0,-0.255566,0.048068,0.654142,-0.0010823,0.9984039,-0.0553205,0.0113207
1788248691038596096,OK,1,0,11.5178,0.292625,0,1134,0,-0.254977,0.047619,0.644346,-0.0011684,0.9984124,-0.0551761,0.0112679
1788248691071932416,OK,1,0,11.3435,0.374208,0,1074,0,-0.254811,0.047694,0.634766,-0.0010430,0.9984022,-0.0553434,0.0113586
1788248691105268480,OK,1,0,11.7229,0.355709,0,1086,0,-0.254523,0.046701,0.624473,-0.0010615,0.9983910,-0.0555672,0.0112527
1788248691138604800,OK,1,0,10.9304,0.345834,0,1031,0,-0.256110,0.046110,0.615508,-0.0011900,0.9983728,-0.0558603,0.0114046
1788248691171940864,OK,1,0,11.154,0.342459,0,1569,0,-0.254457,0.043792,0.607677,-0.0015533,0.9983949,-0.0554696,0.0113306
1788248691205275904,OK,1,0,12.3321,0.337875,0,1283,0,-0.252201,0.044771,0.598389,-0.0016974,0.9984032,-0.0553642,0.0110885
1788248691238611968,OK,1,0,11.4473,0.355458,0,1204,0,-0.252303,0.044295,0.588028,-0.0017479,0.9984164,-0.0551198,0.0111118
1788248691271948032,OK,1,0,12.7952,0.358209,0,1195,0,-0.254002,0.044196,0.577841,-0.0015800,0.9984214,-0.0549808,0.0113793
1788248691305284096,OK,1,0,12.5868,0.364125,0,1130,0,-0.251467,0.042887,0.566989,-0.0017114,0.9984452,-0.0545640,0.0112735
1788248691338620160,OK,1,0,11.1378,0.399916,0,1123,0,-0.251259,0.042896,0.557023,-0.0018570,0.9984484,-0.0544829,0.0113583
1788248691371955968,OK,1,0,12.3915,0.364208,0,1096,0,-0.252415,0.041970,0.547997,-0.0017859,0.9984431,-0.0545920,0.0113086
1788248691405292032,OK,1,0,11.6139,0.358875,0,1050,0,-0.253153,0.041452,0.538927,-0.0014555,0.9984372,-0.0547065,0.0113257
1788248691438627840,OK,1,0,11.3326,0.330125,0,1541,0,-0.252605,0.042959,0.528467,-0.0015687,0.9984180,-0.0550409,0.0113826
1788248691471963904,OK,1,0,11.9052,0.328916,0,1259,0,-0.254545,0.041956,0.518656,-0.0012427,0.9984298,-0.0547847,0.0116276
1788248691505299456,OK,1,0,11.4945,0.340125,0,1189,0,-0.254392,0.041575,0.508392,-0.0008413,0.9984403,-0.0546560,0.0113629
1788248691538635520,OK,1,0,12.2927,0.338291,0,1153,0,-0.255194,0.042169,0.497800,-0.0007507,0.9984409,-0.0545942,0.0116079
1788248691571971072,OK,1,0,12.6728,0.3605,0,1071,0,-0.254275,0.041903,0.488295,-0.0008027,0.9984438,-0.0545424,0.0115971
1788248691605307136,OK,1,0,12.2501,0.36775,0,1068,0,-0.252971,0.039611,0.478584,-0.0012313,0.9984677,-0.0541739,0.0112198
1788248691638642944,OK,1,0,11.8773,0.358584,0,1008,0,-0.251924,0.040549,0.468511,-0.0013299,0.9984547,-0.0544305,0.0111301
1788248691671978496,OK,1,0,11.5218,0.376625,0,998,0,-0.252699,0.040008,0.457784,-0.0014260,0.9984622,-0.0542593,0.0112726
1788248691705316608,OK,1,0,11.994,0.351709,0,996,0,-0.251434,0.040241,0.447269,-0.0011523,0.9984738,-0.0541049,0.0110173
1788248691738654720,OK,1,0,10.7748,0.301125,0,1407,0,-0.251727,0.039581,0.437214,-0.0009648,0.9984925,-0.0537963,0.0108458
1788248691771992832,OK,1,0,10.9294,0.32625,0,1193,0,-0.250968,0.038589,0.427054,-0.0009493,0.9984968,-0.0537016,0.0109231
1788248691805330944,OK,1,0,11.5991,0.51225,0,1160,0,-0.250590,0.037390,0.417783,-0.0011239,0.9985053,-0.0534835,0.0112016
1788248691838669056,OK,1,0,11.8334,0.383625,0,1116,0,-0.249441,0.037872,0.408340,-0.0014877,0.9984937,-0.0537606,0.0108628
1788248691872006912,OK,1,0,11.7525,0.353667,0,1049,0,-0.249490,0.036397,0.400062,-0.0014856,0.9984775,-0.0541074,0.0106300
1788248691905344768,OK,1,0,11.5017,0.3615,0,1031,0,-0.250015,0.035230,0.390682,-0.0015175,0.9984623,-0.0543630,0.0107402
1788248691938682624,OK,1,0,11.472,0.35625,0,1008,0,-0.250141,0.035501,0.382252,-0.0014249,0.9984469,-0.0546462,0.0107544
1788248691972020480,OK,1,0,11.2694,0.359625,0,963,0,-0.249682,0.034341,0.372676,-0.0013836,0.9984379,-0.0548317,0.0106432
1788248692005358080,OK,1,0,11.2664,0.354958,0,1001,0,-0.248920,0.032908,0.363879,-0.0015213,0.9984668,-0.0543386,0.0104451
1788248692038695936,OK,1,0,10.8647,0.341,0,1424,0,-0.248721,0.032218,0.353290,-0.0017854,0.9984763,-0.0541332,0.0105655
1788248692072033792,OK,1,0,10.965,0.321458,0,1136,0,-0.247398,0.031886,0.343551,-0.0021345,0.9984856,-0.0539296,0.0106631
1788248692105370368,OK,1,0,10.9042,0.354334,0,1105,0,-0.247077,0.031128,0.333189,-0.0024864,0.9984864,-0.0539518,0.0103900
1788248692138707968,OK,1,0,11.9241,0.341,0,1061,0,-0.246745,0.030915,0.322667,-0.0024392,0.9984914,-0.0539613,0.0098606
1788248692172045568,OK,1,0,12.0804,0.359417,0,1025,0,-0.247628,0.029985,0.310986,-0.0022269,0.9985227,-0.0534508,0.0095113
1788248692205383168,OK,1,0,11.04,0.359583,0,956,0,-0.249060,0.030265,0.299807,-0.0018166,0.9985508,-0.0530358,0.0089567
1788248692238720768,OK,1,0,11.3557,0.35425,0,980,0,-0.249485,0.029727,0.289190,-0.0014621,0.9985818,-0.0526538,0.0077426
1788248692272058112,OK,1,0,11.3537,0.346417,0,913,0,-0.250103,0.030775,0.278824,-0.0016078,0.9985842,-0.0527393,0.0067525
1788248692305395456,OK,1,0,13.4589,0.340583,0,949,0,-0.249234,0.028661,0.268950,-0.0017252,0.9986036,-0.0524676,0.0059183
1788248692338732800,OK,1,0,10.8182,0.302875,0,1344,0,-0.248854,0.027798,0.258810,-0.0018450,0.9986120,-0.0523935,0.0050558
1788248692372070144,OK,1,0,11.1496,0.338959,0,1134,0,-0.250578,0.028012,0.249831,-0.0020091,0.9986111,-0.0524884,0.0041138
1788248692405407488,OK,1,0,10.7257,0.342042,0,1039,0,-0.251220,0.028256,0.240597,-0.0020684,0.9986097,-0.0525919,0.0029258
1788248692438744576,OK,1,0,10.7058,0.33675,0,997,0,-0.252665,0.028482,0.231172,-0.0016229,0.9986024,-0.0527963,0.0017392
1788248692472081920,OK,1,0,10.8024,0.36925,0,963,0,-0.255027,0.027374,0.222131,0.0014537,-0.9985960,0.0529527,0.0000200
1788248692505419264,OK,1,0,9.97117,0.356208,0,923,0,-0.257739,0.027012,0.212007,0.0015975,-0.9985995,0.0528455,0.0019820
1788248692538755072,OK,1,0,12.6983,0.354041,0,894,0,-0.260710,0.026160,0.202905,0.0016059,-0.9986091,0.0525860,0.0034723
1788248692572092160,OK,1,0,11.0238,0.346292,0,868,0,-0.262261,0.025676,0.191685,0.0013891,-0.9986141,0.0522927,0.0057889
1788248692605429504,OK,1,0,12.6833,0.344166,0,861,0,-0.261940,0.024381,0.183087,0.0014397,-0.9985953,0.0522104,0.0089142
1788248692638766336,OK,1,0,10.6769,0.353958,0,1248,0,-0.263114,0.023049,0.173779,0.0015503,-0.9985688,0.0522246,0.0114241
1788248692672102912,OK,1,0,10.3963,0.32425,0,1022,0,-0.266282,0.024269,0.163214,0.0016367,-0.9985226,0.0524943,0.0139423
1788248692705438976,OK,1,0,10.5559,0.359875,0,950,0,-0.268454,0.022998,0.154437,0.0018398,-0.9984956,0.0521228,0.0169227
1788248692738774784,OK,1,0,9.66121,0.361833,0,930,0,-0.272877,0.023190,0.143903,0.0018121,-0.9984436,0.0522447,0.0194305
1788248692772110592,OK,1,0,12.6264,0.351083,0,881,0,-0.274144,0.023625,0.134326,0.0017899,-0.9983587,0.0524853,0.0228504
1788248692805446400,OK,1,0,10.9916,0.3705,0,833,0,-0.277988,0.022314,0.126030,0.0019431,-0.9982867,0.0525450,0.0256691
1788248692838782208,OK,1,0,10.464,0.337,0,832,0,-0.280883,0.021278,0.115835,0.0017586,-0.9982090,0.0526783,0.0282962
1788248692872117760,OK,1,0,9.2125,0.355834,0,810,0,-0.284220,0.020481,0.106276,0.0017844,-0.9981240,0.0523966,0.0316221
1788248692905453312,OK,1,0,9.806,0.351209,0,792,0,-0.288943,0.021002,0.095587,0.0018417,-0.9980351,0.0522773,0.0344902
1788248692938788864,OK,1,0,9.76233,0.324792,0,1138,0,-0.293235,0.017589,0.086305,0.0019251,-0.9979624,0.0517585,0.0372610
1788248692972124416,OK,1,0,10.1682,0.327708,0,940,0,-0.295446,0.017745,0.076911,0.0022744,-0.9978353,0.0516191,0.0406825
1788248693005458688,OK,1,0,9.69363,0.330583,0,884,0,-0.299047,0.017584,0.067060,0.0023132,-0.9976925,0.0516068,0.0440568
1788248693038794240,OK,1,0,8.56508,0.342917,0,820,0,-0.303962,0.018227,0.057471,0.0021177,-0.9975288,0.0514775,0.0477692
1788248693072129536,OK,1,0,12.2725,0.367125,0,833,0,-0.309250,0.016853,0.047337,0.0019832,-0.9973596,0.0508848,0.0517739
1788248693105464832,OK,1,0,9.43954,0.377875,0,790,0,-0.312137,0.015536,0.038001,0.0021893,-0.9971886,0.0504087,0.0553999
1788248693138800128,OK,1,0,10.058,0.359209,0,754,0,-0.315768,0.015049,0.029853,0.0022509,-0.9969642,0.0503346,0.0593619
1788248693172135168,OK,1,0,9.75812,0.353958,0,758,0,-0.320214,0.014357,0.022402,0.0022535,-0.9967389,0.0502899,0.0630665
1788248693205470208,OK,1,0,9.6235,0.342708,0,723,0,-0.325524,0.013300,0.013424,0.0017962,-0.9965175,0.0505236,0.0663111
1788248693238805504,OK,1,0,9.23113,0.356958,0,1016,0,-0.325609,0.012287,0.006355,0.0019839,-0.9961783,0.0510265,0.0708598
1788248693272140288,OK,1,0,9.12983,0.329541,0,866,0,-0.331043,0.013430,-0.002601,0.0022878,-0.9958854,0.0513830,0.0746116
1788248693305475328,OK,1,0,9.89683,0.3565,0,801,0,-0.336448,0.013855,-0.011114,0.0022943,-0.9955986,0.0516832,0.0781470
1788248693338810112,OK,1,0,9.69383,0.335166,0,764,0,-0.339969,0.012623,-0.018722,0.0023833,-0.9952761,0.0514818,0.0822773
1788248693372144896,OK,1,0,9.02063,0.351416,0,724,0,-0.346177,0.011367,-0.027078,0.0023296,-0.9949820,0.0513816,0.0858215
1788248693405479680,OK,1,0,9.61196,0.337375,0,709,0,-0.352363,0.010402,-0.033937,0.0018236,-0.9946622,0.0513626,0.0894749
1788248693438813440,OK,1,0,9.36042,0.354292,0,680,0,-0.356609,0.011196,-0.043894,0.0019691,-0.9942573,0.0513170,0.0938891
1788248693472147968,OK,1,0,8.44275,0.34725,0,675,0,-0.361108,0.010120,-0.050906,0.0026402,-0.9939030,0.0510119,0.0977114
1788248693505482752,OK,1,0,7.62317,0.332166,0,629,0,-0.365693,0.010229,-0.060098,0.0032512,-0.9935235,0.0509181,0.1015273
1788248693538817024,OK,1,0,8.89267,0.340834,0,653,0,-0.370254,0.009729,-0.064908,0.0032305,-0.9931232,0.0507015,0.1054760
1788248693572151552,OK,1,0,8.54308,0.319792,0,913,0,-0.377712,0.010094,-0.074788,0.0028843,-0.9927638,0.0506512,0.1088406
1788248693605486080,OK,1,0,8.53467,0.306834,0,760,0,-0.382743,0.009683,-0.080875,0.0023280,-0.9923275,0.0506950,0.1127426
1788248693638820608,OK,1,0,8.88504,0.339208,0,744,0,-0.388760,0.008395,-0.090617,0.0022143,-0.9918712,0.0504090,0.1168138
1788248693672158976,OK,1,0,8.77775,0.50325,0,726,0,-0.395688,0.007780,-0.097824,0.0019718,-0.9914261,0.0504037,0.1205400
1788248693705503232,OK,1,0,10.8225,0.362208,0,702,0,-0.402369,0.007526,-0.104425,0.0019651,-0.9909207,0.0507564,0.1244836
1788248693738847488,OK,1,0,8.73204,0.399,0,692,0,-0.406433,0.006475,-0.112241,0.0020094,-0.9904186,0.0507232,0.1284299
1788248693772191744,OK,1,0,8.88921,0.3525,0,679,0,-0.412201,0.003462,-0.116741,0.0017400,-0.9899770,0.0507945,0.1317669
1788248693805536000,OK,1,0,9.02742,0.342041,0,615,0,-0.417922,0.003574,-0.125558,0.0015840,-0.9894021,0.0508946,0.1359812
1788248693838880000,OK,1,0,8.85187,0.368541,0,628,0,-0.425685,0.003164,-0.133318,0.0014239,-0.9888966,0.0509007,0.1396088
1788248693872223488,OK,1,0,8.73521,0.366375,0,813,0,-0.430715,0.005465,-0.142834,0.0017447,-0.9882618,0.0515269,0.1438078
1788248693905567744,OK,1,0,8.26183,0.343167,0,752,0,-0.438528,0.005109,-0.150078,0.0015463,-0.9876913,0.0514060,0.1477188
1788248693938912000,OK,1,0,8.46183,0.370875,0,755,0,-0.443697,0.004921,-0.156734,0.0013331,-0.9871256,0.0515618,0.1514023
1788248693972256512,OK,1,0,8.83354,0.334084,0,681,0,-0.449180,0.003255,-0.164694,0.0013041,-0.9865263,0.0515435,0.1552657
1788248694005600768,OK,1,0,9.32154,0.343042,0,664,0,-0.454993,0.003750,-0.171937,0.0015942,-0.9858788,0.0515425,0.1593228
1788248694038945280,OK,1,0,9.02529,0.337917,0,664,0,-0.460796,0.004023,-0.179566,0.0016044,-0.9852176,0.0515942,0.1633459
1788248694072289792,OK,1,0,8.28012,0.364291,0,636,0,-0.467726,0.003549,-0.187663,0.0015715,-0.9845270,0.0515858,0.1674606
1788248694105634304,OK,1,0,8.12729,0.350916,0,624,0,-0.474189,0.002705,-0.194971,0.0017001,-0.9837838,0.0510948,0.1719185
1788248694138978560,OK,1,0,8.36812,0.364208,0,587,0,-0.482624,0.003746,-0.203073,0.0015656,-0.9830468,0.0510403,0.1761007
1788248694172323072,OK,1,0,8.188,0.387875,0,556,0,-0.487544,0.002320,-0.209314,0.0014864,-0.9820771,0.0509202,0.1814650
1788248694205667584,OK,1,0,8.31329,0.334458,0,881,0,-0.497186,0.003136,-0.217194,0.0013757,-0.9811543,0.0510062,0.1863673
1788248694239012096,OK,1,0,8.46971,0.337292,0,700,0,-0.503778,0.002465,-0.222680,0.0013578,-0.9801521,0.0509368,0.1915867
1788248694272356608,OK,1,0,8.42671,0.333084,0,637,0,-0.512478,0.002509,-0.230508,0.0013441,-0.9791962,0.0506695,0.1964833
1788248694305700096,OK,1,0,8.172,0.339459,0,604,0,-0.519050,0.002169,-0.237213,0.0010789,-0.9782012,0.0505537,0.2014093
1788248694339044608,OK,1,0,8.82812,0.301458,0,590,0,-0.527534,0.002130,-0.243978,0.0010935,-0.9771101,0.0505023,0.2066500
1788248694372389376,OK,1,0,8.61504,0.369167,0,566,0,-0.537278,0.002162,-0.250826,0.0007681,-0.9760085,0.0505162,0.2117897
1788248694405733888,OK,1,0,8.38625,0.36775,0,530,0,-0.544921,0.003001,-0.255743,0.0008394,-0.9748641,0.0505299,0.2169933
1788248694439078656,OK,1,0,7.72442,0.3355,0,512,0,-0.554406,0.002179,-0.263016,0.0006933,-0.9736490,0.0500895,0.2224817
1788248694472423168,OK,1,0,7.74625,0.324,0,495,0,-0.562597,0.002855,-0.270367,0.0005619,-0.9723645,0.0499929,0.2280518
1788248694505767936,OK,1,0,7.45308,0.365625,0,472,0,-0.567567,-0.002305,-0.271993,0.0005035,-0.9709617,0.0494187,0.2340746
1788248694539112448,OK,1,0,7.58546,0.33925,0,768,0,-0.576070,-0.001582,-0.278076,0.0005754,-0.9695891,0.0498061,0.2396164
1788248694572457216,OK,1,0,7.23538,0.326125,0,592,0,-0.584435,-0.001261,-0.283373,0.0005745,-0.9681034,0.0503493,0.2454392
1788248694605801984,OK,1,0,8.07925,0.347625,0,574,0,-0.593969,-0.001273,-0.287486,0.0005401,-0.9665896,0.0506811,0.2512684
1788248694639146752,OK,1,0,8.25404,0.352125,0,537,0,-0.599176,-0.002342,-0.290850,0.0006267,-0.9650137,0.0506897,0.2572521
1788248694672488960,OK,1,0,8.00163,0.36225,0,528,0,-0.610238,-0.001908,-0.296247,0.0006408,-0.9634051,0.0505678,0.2632358
1788248694705827840,OK,1,0,8.04154,0.343667,0,486,0,-0.617679,-0.002306,-0.300967,0.0006646,-0.9616618,0.0503418,0.2695774
1788248694739166720,OK,1,0,7.38775,0.354542,0,452,0,-0.627890,-0.002468,-0.305919,0.0008154,-0.9598780,0.0500557,0.2759131
1788248694772504576,OK,1,0,7.94592,0.364208,0,467,0,-0.640094,-0.000585,-0.313010,0.0006388,-0.9580396,0.0496384,0.2823043
1788248694805843712,OK,1,0,8.39275,0.339,0,430,0,-0.649052,-0.001813,-0.316940,0.0004551,-0.9561835,0.0492915,0.2885885
1788248694839182592,OK,1,0,7.15596,0.341208,0,446,0,-0.658478,-0.000692,-0.322839,0.0003491,-0.9541712,0.0494225,0.2951520
1788248694872521472,OK,1,0,7.77158,0.330375,0,706,0,-0.668550,-0.000538,-0.324358,0.0004664,-0.9523448,0.0492475,0.3010213
1788248694905860352,OK,1,0,8.17621,0.316917,0,627,0,-0.676147,-0.000720,-0.328633,0.0004231,-0.9502724,0.0492900,0.3074941
1788248694939199488,OK,1,0,8.24771,0.336334,0,591,0,-0.687051,-0.000740,-0.330737,0.0003705,-0.9483440,0.0492981,0.3133899
1788248694972538368,OK,1,0,8.50696,0.351709,0,581,0,-0.698045,-0.000290,-0.334512,0.0002164,-0.9461951,0.0493800,0.3198068
1788248695005877248,OK,1,0,8.25492,0.367833,0,558,0,-0.708285,0.000510,-0.335746,0.0003164,-0.9441605,0.0491741,0.3257956
1788248695039216384,OK,1,0,8.38896,0.345083,0,521,0,-0.718458,0.000001,-0.339186,0.0002055,-0.9419461,0.0492002,0.3321398
1788248695072555264,OK,1,0,7.83462,0.354167,0,479,0,-0.729315,-0.000113,-0.345566,0.0000699,-0.9396476,0.0491082,0.3386011
1788248695105894144,OK,1,0,8.44475,0.365458,0,467,0,-0.741399,0.000306,-0.346968,-0.0000088,-0.9373857,0.0495219,0.3447545
1788248695139233280,OK,1,0,7.93458,0.345542,0,425,0,-0.750416,0.000925,-0.349289,0.0002589,-0.9348695,0.0495538,0.3515158
1788248695172571904,OK,1,0,8.71862,0.342417,0,433,0,-0.761071,-0.003341,-0.350535,0.0003818,-0.9322451,0.0490167,0.3584917
1788248695205910272,OK,1,0,7.57425,0.34175,0,652,0,-0.770402,-0.001928,-0.349282,0.0002701,-0.9295166,0.0491097,0.3654956
1788248695239248896,OK,1,0,7.92883,0.343083,0,643,0,-0.781891,-0.001976,-0.350996,-0.0000773,-0.9266249,0.0491884,0.3727556
1788248695272588032,OK,1,0,8.29367,0.339209,0,612,0,-0.793864,-0.000711,-0.352352,-0.0000317,-0.9237287,0.0492429,0.3798691
1788248695305926912,OK,1,0,8.50104,0.329125,0,600,0,-0.802951,-0.001808,-0.355839,0.0002907,-0.9207155,0.0485985,0.3871964
1788248695339266048,OK,1,0,8.23137,0.355208,0,571,0,-0.817842,-0.001561,-0.356113,0.0005623,-0.9179211,0.0484463,0.3937938
1788248695372604928,OK,1,0,8.18788,0.511125,0,565,0,-0.828390,-0.001890,-0.357051,0.0001221,-0.9150339,0.0485634,0.4004428
1788248695405944064,OK,1,0,9.69862,0.369208,0,536,0,-0.844900,-0.000814,-0.360216,-0.0001036,-0.9120485,0.0486046,0.4071918
1788248695439282944,OK,1,0,8.18533,0.348458,0,656,0,-0.851565,-0.002479,-0.358772,0.0001742,-0.9090561,0.0476541,0.4139397
1788248695472622080,OK,1,0,8.25308,0.370042,0,585,0,-0.861104,-0.002518,-0.357877,0.0008965,-0.9060058,0.0470098,0.4206458
1788248695505960960,OK,1,0,8.16954,0.34575,0,732,0,-0.876498,-0.002737,-0.358469,0.0007319,-0.9031034,0.0470143,0.4268413
1788248695539300096,OK,1,0,9.031,0.333917,0,804,0,-0.888559,-0.004089,-0.359134,0.0005013,-0.9001284,0.0472029,0.4330595
1788248695572639232,OK,1,0,9.08863,0.333333,0,731,0,-0.900015,-0.005166,-0.362645,0.0008722,-0.8969239,0.0467577,0.4397050
1788248695605978112,OK,1,0,8.74592,0.338959,0,711,0,-0.908178,-0.003788,-0.364988,0.0011795,-0.8936746,0.0467171,0.4462756
1788248695639317248,OK,1,0,7.99317,0.338459,0,758,0,-0.921578,-0.003296,-0.365992,0.0014041,-0.8904597,0.0466036,0.4526674
1788248695672656640,OK,1,0,9.22046,0.327833,0,764,0,-0.933194,-0.002809,-0.369157,0.0014320,-0.8870064,0.0466566,0.4593918
1788248695705999616,OK,1,0,9.21029,0.314416,0,837,0,-0.943408,-0.001121,-0.367329,0.0018277,-0.8834595,0.0462329,0.4662172
1788248695739342592,OK,1,0,9.88342,0.339,0,886,0,-0.958316,-0.001860,-0.369795,0.0021412,-0.8799917,0.0454687,0.4728030
1788248695772685568,OK,1,0,9.59725,0.335708,0,884,0,-0.967718,-0.002088,-0.366230,0.0019375,-0.8766667,0.0451282,0.4789732
1788248695806028288,OK,1,0,9.585,0.3445,0,925,0,-0.979669,-0.001249,-0.366750,0.0016306,-0.8731182,0.0452161,0.4854046
1788248695839371264,OK,1,0,10.0817,0.339875,0,882,0,-0.991920,-0.002064,-0.369057,0.0014537,-0.8692170,0.0448025,0.4923946
1788248695872714240,OK,1,0,9.6455,0.347792,0,855,0,-1.005863,0.000542,-0.373897,0.0015601,-0.8647255,0.0443510,0.5002803
1788248695906057472,OK,1,0,10.0926,0.32625,0,878,0,-1.017943,0.002782,-0.370949,0.0011960,-0.8603424,0.0442327,0.5077924
1788248695939400448,OK,1,0,9.75283,0.313542,0,915,0,-1.032447,0.002634,-0.366784,0.0006372,-0.8559428,0.0442799,0.5151707
1788248695972743680,OK,1,0,9.80596,0.358291,0,914,0,-1.048620,0.003030,-0.363239,0.0005396,-0.8513770,0.0443509,0.5226758
1788248696006086656,OK,1,0,9.85108,0.327417,0,887,0,-1.062916,0.005768,-0.361666,0.0011256,-0.8466074,0.0441354,0.5303835
1788248696039429888,OK,1,0,10.2755,0.340791,0,874,0,-1.080559,0.007070,-0.360060,0.0010457,-0.8416839,0.0440414,0.5381706
1788248696072772864,OK,1,0,10.3705,0.319667,0,872,0,-1.088492,0.008156,-0.356004,0.0008836,-0.8367012,0.0442269,0.5458702
1788248696106115328,OK,1,0,12.1591,0.360125,0,901,0,-1.101366,0.013247,-0.353800,0.0009886,-0.8314551,0.0445426,0.5538027
1788248696139458560,OK,1,0,10.681,0.319416,0,796,0,-1.115603,0.015016,-0.353160,0.0012426,-0.8260933,0.0444527,0.5617760
1788248696172801792,OK,1,0,9.92904,0.360292,0,857,0,-1.117997,0.014041,-0.354720,0.0017212,-0.8202103,0.0433931,0.5704113
1788248696206145024,OK,1,0,11.4486,0.335708,0,1080,0,-1.135014,0.018229,-0.354554,0.0017266,-0.8145689,0.0434929,0.5784314
1788248696239488256,OK,1,0,11.8032,0.335209,0,1282,0,-1.147728,0.019240,-0.354008,0.0016730,-0.8087236,0.0432854,0.5865917
1788248696272831744,OK,1,0,12.0716,0.357083,0,1173,0,-1.162555,0.023242,-0.351176,0.0019272,-0.8030297,0.0428728,0.5943918
1788248696306174976,OK,1,0,12.737,0.352916,0,1082,0,-1.178889,0.026177,-0.346982,0.0017621,-0.7972412,0.0426482,0.6021499
1788248696339518464,OK,1,0,11.7039,0.349708,0,1027,0,-1.189872,0.029946,-0.343165,0.0014296,-0.7911975,0.0428703,0.6100547
1788248696372861696,OK,1,0,11.9733,0.354792,0,1041,0,-1.206568,0.031745,-0.335968,0.0014929,-0.7853391,0.0425920,0.6175972
1788248696406205440,OK,1,0,11.6931,0.36725,0,983,0,-1.220287,0.031567,-0.331886,0.0015846,-0.7792602,0.0420755,0.6252846
1788248696439548928,OK,1,0,11.9866,0.346292,0,991,0,-1.233657,0.032496,-0.324840,0.0017263,-0.7733535,0.0415128,0.6326122
1788248696472892416,OK,1,0,10.973,0.31775,0,968,0,-1.241072,0.034135,-0.320201,0.0020323,-0.7672061,0.0412726,0.6400681
1788248696506235904,OK,1,0,11.1041,0.392208,0,964,0,-1.256869,0.035803,-0.315597,0.0023331,-0.7611021,0.0413930,0.6473057
1788248696539578368,OK,1,0,15.503,0.375458,0,992,0,-1.253883,0.022387,-0.281518,0.0026440,-0.7563536,0.0408613,0.6528803
1788248696572922112,OK,1,0,11.145,0.348916,0,1029,0,-1.263501,0.022769,-0.274797,0.0029511,-0.7501905,0.0406933,0.6599619
1788248696606265600,OK,1,0,12.1525,0.351958,0,1167,0,-1.274737,0.024170,-0.270071,0.0032781,-0.7436575,0.0404251,0.6673295
1788248696639609344,OK,1,0,11.6242,0.335584,0,1163,0,-1.285426,0.024307,-0.263546,0.0036702,-0.7372894,0.0397570,0.6743963
1788248696672955392,OK,1,0,11.8316,0.323709,0,1104,0,-1.299156,0.025976,-0.255263,0.0034565,-0.7308373,0.0394421,0.6814024
1788248696706304768,OK,1,0,12.3072,0.334958,0,1083,0,-1.306672,0.027514,-0.248868,0.0032032,-0.7240597,0.0390896,0.6886213
1788248696739654400,OK,1,0,11.9386,0.385083,0,1066,0,-1.319648,0.030201,-0.240869,0.0031175,-0.7173841,0.0386789,0.6955963
1788248696773004032,OK,1,0,11.3344,0.37025,0,1062,0,-1.330698,0.034245,-0.234038,0.0032980,-0.7106957,0.0384432,0.7024406
1788248696806353408,OK,1,0,12.595,0.338334,0,1056,0,-1.335605,0.035327,-0.227525,0.0033352,-0.7038832,0.0384426,0.7092668
1788248696839703040,OK,1,0,11.9418,0.391917,0,982,0,-1.349542,0.036162,-0.221760,0.0036835,-0.6969022,0.0383328,0.7161316
1788248696873052928,OK,1,0,17.278,0.350875,0,1078,0,-1.342279,0.017200,-0.175014,0.0029361,-0.6924245,0.0364948,0.7205608
1788248696906402816,OK,1,0,12.2311,0.365,0,1102,0,-1.350595,0.020581,-0.167111,0.0034734,-0.6855415,0.0359387,0.7271377
1788248696939752704,OK,1,0,12.6798,0.355791,0,1289,0,-1.359925,0.022190,-0.159142,0.0035946,-0.6787903,0.0358889,0.7334459
1788248696973102848,OK,1,0,13.1627,0.371875,0,1273,0,-1.371219,0.023494,-0.155238,0.0037973,-0.6728009,0.0361197,0.7389316
1788248697006451968,OK,1,0,13.1574,0.349333,0,1239,0,-1.379794,0.024242,-0.149694,0.0037789,-0.6667289,0.0357414,0.7444332
1788248697039802112,OK,1,0,12.8228,0.329292,0,1237,0,-1.391251,0.025983,-0.142457,0.0042080,-0.6609014,0.0356425,0.7496141
1788248697073152000,OK,1,0,14.671,0.346583,0,1170,0,-1.401862,0.028379,-0.134822,0.0047666,-0.6555703,0.0358802,0.7542662
1788248697106502400,OK,1,0,12.8129,0.379625,0,1159,0,-1.410204,0.027570,-0.126356,0.0048574,-0.6507632,0.0357096,0.7584250
1788248697139853056,OK,1,0,13.1151,0.364042,0,1134,0,-1.418818,0.026527,-0.119055,0.0046281,-0.6463473,0.0350232,0.7622252
1788248697173203456,OK,1,0,13.1376,0.336458,0,1084,0,-1.431334,0.027041,-0.111587,0.0042312,-0.6426390,0.0346488,0.7653736
1788248697206553856,OK,1,0,13.5301,0.331916,0,1195,0,-1.441274,0.033577,-0.077873,0.0048055,-0.6413432,0.0344633,0.7664647
1788248697239904512,OK,1,0,13.9891,0.3585,0,1426,0,-1.456739,0.033935,-0.073630,0.0047936,-0.6377975,0.0341070,0.7694337
1788248697273255168,OK,1,0,14.5873,0.353417,0,1409,0,-1.466558,0.033828,-0.067480,0.0049195,-0.6349494,0.0336645,0.7718042
1788248697306606080,OK,1,0,13.2926,0.341208,0,1348,0,-1.479822,0.032676,-0.062947,0.0053642,-0.6331841,0.0333838,0.7732624
1788248697339956736,OK,1,0,13.9749,0.323583,0,1343,0,-1.488359,0.033878,-0.061692,0.0058584,-0.6318741,0.0335850,0.7743209
1788248697373307648,OK,1,0,12.9303,0.3555,0,1350,0,-1.499952,0.033959,-0.057274,0.0064102,-0.6304936,0.0337940,0.7754320
1788248697406658816,OK,1,0,13.02,0.330542,0,1332,0,-1.512054,0.036158,-0.053065,0.0068159,-0.6289226,0.0344165,0.7766758
1788248697440008704,OK,1,0,15.9505,0.34625,0,1274,0,-1.517579,0.038297,-0.044309,0.0073590,-0.6287787,0.0347912,0.7767707
1788248697473359872,OK,1,0,14.0147,0.3315,0,1295,0,-1.533377,0.036768,-0.045155,0.0075272,-0.6287767,0.0345203,0.7767829
1788248697506711040,OK,1,0,13.6048,0.328125,0,1355,0,-1.538209,0.029954,-0.023866,0.0069265,-0.6300443,0.0341740,0.7757759
1788248697540062208,OK,1,0,12.9063,0.327417,0,1348,0,-1.551315,0.033153,-0.019876,0.0073910,-0.6298504,0.0344930,0.7759150
1788248697573413632,OK,1,0,12.922,0.321125,0,1364,0,-1.561361,0.033740,-0.017854,0.0074530,-0.6300059,0.0343449,0.7757947
1788248697606765056,OK,1,0,13.9804,0.348791,0,1410,0,-1.577768,0.034494,-0.016204,0.0075800,-0.6302655,0.0336193,0.7756144
1788248697640116736,OK,1,0,15.7802,0.330833,0,1631,0,-1.587422,0.034890,-0.014675,0.0076646,-0.6303185,0.0331189,0.7755921
1788248697673463552,OK,1,0,15.6533,0.3615,0,1626,0,-1.601439,0.037391,-0.014824,0.0079879,-0.6304279,0.0326958,0.7755178
1788248697706806528,OK,1,0,15.9608,0.397167,0,1610,0,-1.614394,0.039995,-0.010991,0.0079110,-0.6308379,0.0327725,0.7751819
1788248697740149760,OK,1,0,15.6739,0.356875,0,1580,0,-1.626604,0.042005,-0.009640,0.0079036,-0.6309751,0.0332805,0.7750486
1788248697773492736,OK,1,0,15.833,0.341583,0,1596,0,-1.636638,0.041180,-0.007088,0.0075347,-0.6312351,0.0337807,0.7748190
1788248697806835456,OK,1,0,14.4665,0.346042,0,1575,0,-1.649013,0.041964,-0.005772,0.0071808,-0.6318354,0.0336759,0.7743374
1788248697840178432,OK,1,0,17.0119,0.347666,0,1552,0,-1.658905,0.043818,-0.004063,0.0071803,-0.6327997,0.0336343,0.7735514
1788248697873520384,OK,1,0,14.6097,0.349833,0,1579,0,-1.669987,0.042700,-0.004216,0.0075514,-0.6337780,0.0337466,0.7727416
1788248697906863360,OK,1,0,14.5702,0.330167,0,1642,0,-1.677315,0.039037,-0.002057,0.0079117,-0.6350047,0.0338943,0.7717238
1788248697940206080,OK,1,0,14.525,0.304041,0,1647,0,-1.686424,0.038816,-0.002668,0.0080467,-0.6363413,0.0342206,0.7706063
1788248697973549056,OK,1,0,14.1249,0.32225,0,1678,0,-1.699142,0.041009,-0.002745,0.0074983,-0.6380296,0.0343711,0.7692078
1788248698006891776,OK,1,0,14.8127,0.3105,0,1642,0,-1.709239,0.043479,-0.003429,0.0071312,-0.6396967,0.0342271,0.7678319
1788248698040234752,OK,1,0,16.0203,0.319041,0,1613,0,-1.719554,0.045149,-0.006492,0.0077323,-0.6408141,0.0341796,0.7668959
1788248698073577728,OK,1,0,13.946,0.312041,0,1609,0,-1.728816,0.045130,-0.009247,0.0082531,-0.6419896,0.0342626,0.7659029
1788248698106920704,OK,1,0,14.1157,0.288417,0,1595,0,-1.738840,0.048999,-0.008735,0.0080709,-0.6436821,0.0348281,0.7644575
1788248698140263424,OK,1,0,13.7099,0.312583,0,1596,0,-1.747840,0.048618,-0.009537,0.0078924,-0.6452288,0.0351845,0.7631381
1788248698173606144,OK,1,0,13.5562,0.291125,0,1621,0,-1.757316,0.049129,-0.008669,0.0081275,-0.6469571,0.0357208,0.7616459
1788248698206949120,OK,1,0,13.9028,0.372542,0,1596,0,-1.764979,0.048702,-0.008928,0.0082497,-0.6487157,0.0360178,0.7601333
1788248698240292096,OK,1,0,13.8681,0.292792,0,1612,0,-1.774285,0.048560,-0.011459,0.0084622,-0.6500487,0.0361173,0.7589866
1788248698273634816,OK,1,0,14.6494,0.276208,0,1588,0,-1.783179,0.050604,-0.012796,0.0087317,-0.6516294,0.0363024,0.7576180
1788248698306976512,OK,1,0,13.7312,0.295375,0,1603,0,-1.792483,0.049976,-0.015459,0.0084767,-0.6533325,0.0364786,0.7561442
1788248698340319488,OK,1,0,13.7972,0.28325,0,1569,0,-1.800953,0.052545,-0.016002,0.0087530,-0.6549693,0.0368151,0.7547075
1788248698373662464,OK,1,0,13.847,0.306833,0,1567,0,-1.813025,0.052655,-0.017108,0.0089090,-0.6564967,0.0370767,0.7533645
1788248698407005184,OK,1,0,14.5186,0.331542,0,1559,0,-1.820959,0.053232,-0.020011,0.0089533,-0.6580552,0.0371805,0.7519978
1788248698440347904,OK,1,0,14.2067,0.523625,0,1553,0,-1.828759,0.053282,-0.021860,0.0090086,-0.6593595,0.0375982,0.7508331
1788248698473690624,OK,1,0,14.9277,0.353209,0,1537,0,-1.839461,0.052646,-0.021942,0.0091745,-0.6610261,0.0377832,0.7493550
1788248698507033344,OK,1,0,15.2761,0.344916,0,1542,0,-1.848418,0.053652,-0.025135,0.0093214,-0.6622254,0.0378772,0.7482887
1788248698540376320,OK,1,0,15.126,0.3525,0,1578,0,-1.858608,0.054093,-0.026849,0.0094439,-0.6627638,0.0380895,0.7477996
1788248698573719040,OK,1,0,15.158,0.342334,0,1728,0,-1.865868,0.052508,-0.027022,0.0094931,-0.6637056,0.0379503,0.7469702
1788248698607061760,OK,1,0,15.7791,0.341375,0,1678,0,-1.875427,0.053574,-0.029292,0.0093569,-0.6647213,0.0378082,0.7460755
1788248698640404480,OK,1,0,14.6556,0.322916,0,1646,0,-1.887913,0.054557,-0.030132,0.0095694,-0.6656166,0.0375868,0.7452853
1788248698673747200,OK,1,0,14.7992,0.342916,0,1637,0,-1.897768,0.056235,-0.032101,0.0101824,-0.6665146,0.0374793,0.7444797
1788248698707092992,OK,1,0,15.1542,0.338042,0,1614,0,-1.907938,0.058256,-0.030995,0.0102367,-0.6675285,0.0373899,0.7435744
1788248698740438784,OK,1,0,16.9297,0.333792,0,1603,0,-1.917184,0.058893,-0.032464,0.0096202,-0.6683869,0.0374669,0.7428074
1788248698773783552,OK,1,0,15.3153,0.368584,0,1578,0,-1.925750,0.059395,-0.028369,0.0095745,-0.6688330,0.0378961,0.7423844
1788248698807129344,OK,1,0,15.0641,0.342542,0,1561,0,-1.934942,0.061004,-0.027751,0.0098420,-0.6685230,0.0385385,0.7426270
1788248698840475136,OK,1,0,15.5245,0.330375,0,1606,0,-1.943933,0.039990,-0.022139,0.0078856,-0.6689062,0.0372842,0.7423694
1788248698873820928,OK,1,0,14.5635,0.331417,0,1614,0,-1.953967,0.042478,-0.022090,0.0083338,-0.6690187,0.0373412,0.7422602
1788248698907167232,OK,1,0,14.4135,0.30275,0,1601,0,-1.964986,0.042306,-0.024275,0.0090517,-0.6687975,0.0375857,0.7424388
1788248698940513280,OK,1,0,14.378,0.320542,0,1603,0,-1.974307,0.043937,-0.026099,0.0096503,-0.6688366,0.0377189,0.7423892
1788248698973859328,OK,1,0,13.9772,0.285459,0,1562,0,-1.984684,0.045983,-0.024125,0.0098850,-0.6690955,0.0375425,0.7421618
1788248699007205376,OK,1,0,14.3781,0.379083,0,1575,0,-1.996015,0.047515,-0.020802,0.0093092,-0.6692033,0.0374559,0.7420764
1788248699040551680,OK,1,0,14.1953,0.31175,0,1542,0,-2.009640,0.048457,-0.019421,0.0088957,-0.6691853,0.0372213,0.7421095
1788248699073897984,OK,1,0,14.1212,0.310125,0,1532,0,-2.020684,0.048730,-0.017314,0.0089345,-0.6692011,0.0372660,0.7420925
1788248699107244032,OK,1,0,13.8631,0.305125,0,1502,0,-2.033717,0.048239,-0.017733,0.0091953,-0.6689018,0.0372560,0.7423597
1788248699140590592,OK,1,0,13.9765,0.294208,0,1549,0,-2.042984,0.049297,-0.018516,0.0094640,-0.6688931,0.0369708,0.7423784
1788248699173936896,OK,1,0,13.8824,0.316,0,1535,0,-2.051347,0.049295,-0.017995,0.0098253,-0.6690025,0.0371266,0.7422673
1788248699207282432,OK,1,0,15.0798,0.301541,0,1525,0,-2.059578,0.049999,-0.015563,0.0101428,-0.6689330,0.0377806,0.7422926
1788248699240628992,OK,1,0,14.1918,0.327417,0,1495,0,-2.070091,0.050764,-0.011848,0.0103409,-0.6689045,0.0382726,0.7422904
1788248699273975552,OK,1,0,14.4842,0.348209,0,1528,0,-2.079742,0.049891,-0.010971,0.0101336,-0.6691025,0.0385425,0.7421008
1788248699307322368,OK,1,0,16.2883,0.354,0,1514,0,-2.090570,0.050447,-0.010771,0.0101018,-0.6693701,0.0387757,0.7418479
1788248699340668928,OK,1,0,14.217,0.357708,0,1536,0,-2.100654,0.051894,-0.009145,0.0103252,-0.6692274,0.0390102,0.7419612
1788248699374015744,OK,1,0,14.9676,0.354458,0,1527,0,-2.113488,0.052937,-0.007751,0.0103690,-0.6689451,0.0389834,0.7422164
1788248699407362560,OK,1,0,15.1859,0.320959,0,1499,0,-2.123291,0.054797,-0.006438,0.0101450,-0.6691363,0.0385966,0.7420674
1788248699440709376,OK,1,0,14.3267,0.346166,0,1494,0,-2.135789,0.055650,-0.005277,0.0091716,-0.6694243,0.0381944,0.7418411
1788248699474056192,OK,1,0,14.6905,0.327625,0,1539,0,-2.148523,0.055766,-0.001328,0.0076408,-0.6694958,0.0380950,0.7417991
1788248699507403264,OK,1,0,14.685,0.339083,0,1668,0,-2.160173,0.056731,0.001530,0.0061622,-0.6692126,0.0382898,0.7420583
1788248699540750336,OK,1,0,14.6531,0.313125,0,1611,0,-2.171480,0.059895,0.005638,0.0052549,-0.6693227,0.0384977,0.7419552
1788248699574097408,OK,1,0,15.0479,0.347125,0,1580,0,-2.184853,0.059675,0.008487,0.0050021,-0.6697545,0.0382133,0.7415819
1788248699607444224,OK,1,0,15.9879,0.34625,0,1594,0,-2.195620,0.060531,0.009829,0.0052637,-0.6698493,0.0378572,0.7415127
1788248699640791808,OK,1,0,15.7428,0.346792,0,1605,0,-2.206908,0.060761,0.008986,0.0056724,-0.6697375,0.0374864,0.7416295
1788248699674137600,OK,1,0,15.3545,0.3645,0,1580,0,-2.217919,0.061023,0.008478,0.0059713,-0.6696779,0.0376129,0.7416746
1788248699707473664,OK,1,0,14.9917,0.352542,0,1564,0,-2.226825,0.062509,0.008857,0.0063516,-0.6694534,0.0382223,0.7418430
1788248699740809216,OK,1,0,15.3875,0.363875,0,1569,0,-2.239246,0.063456,0.012085,0.0064906,-0.6694710,0.0385876,0.7418069
1788248699774145280,OK,1,0,18.6032,0.334958,0,1598,0,-2.249896,0.061899,0.007611,0.0064574,-0.6693055,0.0391779,0.7419257
1788248699807480832,OK,1,0,15.11,0.319708,0,1587,0,-2.261164,0.062022,0.009858,0.0069314,-0.6693833,0.0394942,0.7418343
1788248699840816640,OK,1,0,14.7922,0.342375,0,1586,0,-2.273380,0.061745,0.008664,0.0068501,-0.6693668,0.0392410,0.7418634
1788248699874152192,OK,1,0,14.0469,0.305417,0,1583,0,-2.286321,0.062664,0.010123,0.0065530,-0.6695337,0.0388796,0.7417345
1788248699907487744,OK,1,0,14.8277,0.310458,0,1594,0,-2.296661,0.063002,0.012049,0.0063950,-0.6692981,0.0389490,0.7419448
1788248699940823296,OK,1,0,14.6144,0.33825,0,1544,0,-2.311954,0.061748,0.014090,0.0061078,-0.6690104,0.0386546,0.7422221
1788248699974158592,OK,1,0,15.0202,0.321667,0,1565,0,-2.323492,0.061729,0.013834,0.0060444,-0.6692218,0.0385982,0.7420349
1788248700007494144,OK,1,0,14.1471,0.316875,0,1544,0,-2.334785,0.063366,0.018310,0.0061801,-0.6697468,0.0389278,0.7415428
1788248700040829696,OK,1,0,15.5893,0.3435,0,1520,0,-2.348776,0.062532,0.019702,0.0060999,-0.6697049,0.0387365,0.7415914
1788248700074164992,OK,1,0,14.5437,0.356833,0,1533,0,-2.360491,0.062934,0.021550,0.0059420,-0.6696908,0.0387570,0.7416043
1788248700107499264,OK,1,0,15.3382,0.351583,0,1508,0,-2.373755,0.062604,0.022440,0.0059809,-0.6692718,0.0390114,0.7419688
1788248700140834560,OK,1,0,15.1355,0.359709,0,1485,0,-2.386442,0.064061,0.021674,0.0060911,-0.6691425,0.0390078,0.7420846
1788248700174169600,OK,1,0,14.5983,0.374083,0,1488,0,-2.398516,0.065377,0.021982,0.0064180,-0.6693673,0.0390958,0.7418745
1788248700207504896,OK,1,0,14.7102,0.33425,0,1516,0,-2.412415,0.064318,0.022496,0.0066891,-0.6695067,0.0391677,0.7417425
1788248700240840192,OK,1,0,15.8195,0.340459,0,1862,0,-2.422730,0.065625,0.023051,0.0072131,-0.6696892,0.0392319,0.7415695
1788248700274174976,OK,1,0,17.135,0.344375,0,1693,0,-2.436054,0.067863,0.025573,0.0074483,-0.6698384,0.0397349,0.7414055
1788248700307510272,OK,1,0,15.9549,0.312375,0,1657,0,-2.448417,0.066613,0.028555,0.0075771,-0.6696475,0.0400026,0.7415623
1788248700340845312,OK,1,0,15.6896,0.319167,0,1646,0,-2.459273,0.066124,0.031373,0.0072477,-0.6695842,0.0399548,0.7416253
1788248700374180096,OK,1,0,17.2184,0.372542,0,1618,0,-2.471843,0.065674,0.034282,0.0070295,-0.6695767,0.0400402,0.7416295
1788248700407515136,OK,1,0,15.7795,0.35725,0,1621,0,-2.483009,0.066877,0.036151,0.0075271,-0.6696967,0.0401924,0.7415081
1788248700440849920,OK,1,0,16.0363,0.34875,0,1567,0,-2.496667,0.068465,0.035657,0.0081447,-0.6698062,0.0399755,0.7414144
1788248700474184704,OK,1,0,15.5043,0.369458,0,1570,0,-2.508787,0.069280,0.034673,0.0080480,-0.6695431,0.0395166,0.7416776
1788248700507519488,OK,1,0,15.6189,0.362959,0,1529,0,-2.522737,0.068873,0.038320,0.0078253,-0.6693144,0.0389324,0.7419173
1788248700540853248,OK,1,0,14.9198,0.347083,0,1573,0,-2.532576,0.059776,0.030558,0.0066343,-0.6689391,0.0377009,0.7423310
1788248700574188032,OK,1,0,15.7177,0.368083,0,1536,0,-2.546856,0.063089,0.031106,0.0068142,-0.6693815,0.0379045,0.7419200
1788248700607522816,OK,1,0,15.7887,0.331916,0,1589,0,-2.558835,0.063199,0.031325,0.0069597,-0.6694747,0.0381229,0.7418233
1788248700640857344,OK,1,0,15.5412,0.369875,0,1822,0,-2.572546,0.063878,0.033767,0.0070993,-0.6695202,0.0386290,0.7417548
1788248700674191872,OK,1,0,15.4929,0.335125,0,1732,0,-2.583566,0.063530,0.036081,0.0066709,-0.6693556,0.0392207,0.7418762
1788248700707541248,OK,1,0,15.138,0.353083,0,1681,0,-2.594603,0.063114,0.036490,0.0066491,-0.6687534,0.0393556,0.7424121
1788248700740890624,OK,1,0,17.8129,0.352583,0,1695,0,-2.605602,0.061521,0.036800,0.0069444,-0.6686062,0.0393809,0.7425407
1788248700774239744,OK,1,0,16.2905,0.368875,0,1720,0,-2.616963,0.063507,0.038436,0.0076752,-0.6690812,0.0394386,0.7421024
1788248700807589376,OK,1,0,16.3597,0.37175,0,1665,0,-2.630139,0.063607,0.036540,0.0083882,-0.6693751,0.0391716,0.7418438
1788248700840938752,OK,1,0,17.742,0.298875,0,1761,0,-2.641223,0.064538,0.036229,0.0086296,-0.6696758,0.0393368,0.7415609
1788248700874288384,OK,1,0,17.9678,0.3525,0,1955,0,-2.653013,0.065490,0.037779,0.0084064,-0.6696785,0.0400894,0.7415206
1788248700907637760,OK,1,0,17.3431,0.336416,0,1898,0,-2.664423,0.065729,0.041502,0.0082214,-0.6693230,0.0411464,0.7417858
1788248700940987648,OK,1,0,16.6016,0.341791,0,1833,0,-2.673879,0.067044,0.045835,0.0080172,-0.6686907,0.0422652,0.7422952
1788248700974337280,OK,1,0,16.7402,0.339,0,2027,0,-2.683922,0.066386,0.050031,0.0079396,-0.6680044,0.0428171,0.7428822
1788248701007685888,OK,1,0,16.7655,0.355375,0,1933,0,-2.694114,0.067688,0.052208,0.0084155,-0.6670530,0.0430984,0.7437150
1788248701041035520,OK,1,0,16.8538,0.34725,0,1858,0,-2.704751,0.067326,0.054981,0.0085182,-0.6662244,0.0430415,0.7444596
1788248701074385408,OK,1,0,17.9828,0.323042,0,2081,0,-2.713466,0.067214,0.055826,0.0087339,-0.6649219,0.0428484,0.7456317
1788248701107735296,OK,1,0,16.3938,0.314042,0,1954,0,-2.723654,0.067575,0.057959,0.0090958,-0.6630456,0.0427472,0.7473022
1788248701141085440,OK,1,0,16.8821,0.382125,0,1869,0,-2.733062,0.068636,0.061900,0.0091258,-0.6607820,0.0432164,0.7492772
1788248701174435584,OK,1,0,15.8848,0.362666,0,1835,0,-2.741953,0.068730,0.068539,0.0086564,-0.6577371,0.0431782,0.7519591
1788248701207785472,OK,1,0,16.8893,0.342958,0,1838,0,-2.752587,0.071303,0.075521,0.0082739,-0.6539721,0.0429237,0.7552547
1788248701241135616,OK,1,0,16.69,0.323833,0,1746,0,-2.760043,0.071121,0.083624,0.0080383,-0.6498591,0.0428472,0.7588035
1788248701274485760,OK,1,0,16.8425,0.344375,0,1805,0,-2.768909,0.071608,0.089790,0.0083132,-0.6454599,0.0426175,0.7625590
1788248701307836160,OK,1,0,16.6386,0.320833,0,1761,0,-2.776071,0.074271,0.096452,0.0089582,-0.6417218,0.0428687,0.7656861
1788248701341186560,OK,1,0,16.45,0.337375,0,1761,0,-2.782372,0.073457,0.103627,0.0091498,-0.6376781,0.0429418,0.7690507
1788248701374536960,OK,1,0,16.2075,0.334542,0,1708,0,-2.789686,0.074655,0.110649,0.0094227,-0.6335414,0.0428237,0.7724653
1788248701407887104,OK,1,0,16.751,0.328417,0,1673,0,-2.796601,0.075092,0.117532,0.0094951,-0.6293479,0.0428045,0.7758858
1788248701441236480,OK,1,0,17.0306,0.306542,0,1717,0,-2.804579,0.075299,0.125375,0.0092779,-0.6249408,0.0422708,0.7794717
1788248701474587136,OK,1,0,15.9218,0.361959,0,1622,0,-2.813541,0.076199,0.134763,0.0088819,-0.6210283,0.0420084,0.7826113
1788248701507937792,OK,1,0,16.2127,0.321834,0,1694,0,-2.821311,0.075935,0.142931,0.0085860,-0.6165844,0.0418456,0.7861291
1788248701541288448,OK,1,0,16.5656,0.331833,0,1693,0,-2.827994,0.077296,0.149405,0.0087141,-0.6120400,0.0416019,0.7896838
1788248701574639104,OK,1,0,16.1943,0.358666,0,1603,0,-2.836356,0.078742,0.158313,0.0087858,-0.6078977,0.0416276,0.7928748
1788248701607990016,OK,1,0,15.2715,0.341709,0,1560,0,-2.844259,0.079688,0.167406,0.0087218,-0.6034490,0.0411802,0.7962897
1788248701641340928,OK,1,0,16.4469,0.336833,0,1543,0,-2.852889,0.079537,0.174994,0.0083178,-0.5987462,0.0408888,0.7998513
1788248701674691584,OK,1,0,16.8068,0.371792,0,1675,0,-2.858760,0.081884,0.186827,0.0080061,-0.5940790,0.0408046,0.8033313
1788248701708035584,OK,1,0,16.4358,0.355583,0,1557,0,-2.864597,0.083066,0.196491,0.0080067,-0.5894328,0.0405479,0.8067594
1788248701741379840,OK,1,0,16.2203,0.32725,0,1617,0,-2.872136,0.084112,0.206210,0.0079818,-0.5846863,0.0403294,0.8102171
1788248701774723840,OK,1,0,15.2614,0.373,0,1536,0,-2.878324,0.085667,0.215011,0.0079830,-0.5799021,0.0399588,0.8136666
1788248701808068096,OK,1,0,16.7271,0.329667,0,1504,0,-2.885964,0.086158,0.224456,0.0078440,-0.5752445,0.0396713,0.8169814
1788248701841412352,OK,1,0,15.0136,0.387583,0,1431,0,-2.891176,0.087133,0.233542,0.0078787,-0.5703725,0.0392198,0.8204114
1788248701874755584,OK,1,0,14.9236,0.355209,0,1398,0,-2.898054,0.086964,0.241715,0.0080730,-0.5654691,0.0391710,0.8237992
1788248701908099840,OK,1,0,15.8009,0.375958,0,1387,0,-2.903207,0.087912,0.251629,0.0085310,-0.5606610,0.0391928,0.8270735
1788248701941444352,OK,1,0,14.3838,0.360625,0,1370,0,-2.908684,0.088703,0.260197,0.0087044,-0.5559176,0.0391554,0.8302691
1788248701974788608,OK,1,0,14.2932,0.342125,0,1330,0,-2.914053,0.089064,0.269482,0.0086328,-0.5511101,0.0390742,0.8334724
1788248702008133120,OK,1,0,13.9966,0.362792,0,1265,0,-2.921042,0.090375,0.278282,0.0087130,-0.5459079,0.0387246,0.8369045
1788248702041477632,OK,1,0,15.0779,0.345167,0,1267,0,-2.924744,0.093621,0.285349,0.0091823,-0.5408881,0.0388621,0.8401461
1788248702074821888,OK,1,0,13.9598,0.364708,0,1231,0,-2.931875,0.095075,0.295289,0.0094839,-0.5355964,0.0384866,0.8435433
1788248702108166144,OK,1,0,14.1144,0.34725,0,1319,0,-2.928807,0.125680,0.305660,0.0113236,-0.5309474,0.0414375,0.8463153
1788248702141510656,OK,1,0,14.8831,0.3525,0,1613,0,-2.933709,0.126324,0.314423,0.0108149,-0.5258481,0.0412525,0.8495086
1788248702174855424,OK,1,0,15.5815,0.330375,0,1686,0,-2.940480,0.127584,0.321466,0.0107435,-0.5205446,0.0406542,0.8527983
1788248702208199936,OK,1,0,14.947,0.341958,0,1535,0,-2.946517,0.127818,0.328189,0.0108515,-0.5156156,0.0402305,0.8558063
1788248702241544704,OK,1,0,14.2007,0.343166,0,1490,0,-2.952677,0.126926,0.336531,0.0106696,-0.5105961,0.0399687,0.8588250
1788248702274889216,OK,1,0,13.5891,0.329334,0,1424,0,-2.957677,0.127514,0.344682,0.0106593,-0.5055895,0.0396752,0.8617955
1788248702308232960,OK,1,0,13.8883,0.33775,0,1358,0,-2.962368,0.127729,0.353888,0.0103520,-0.5004601,0.0395559,0.8647935
1788248702341577728,OK,1,0,13.8259,0.363042,0,1328,0,-2.967015,0.129032,0.364953,0.0103556,-0.4955306,0.0390996,0.8676482
1788248702374922240,OK,1,0,12.9696,0.347708,0,1304,0,-2.971326,0.131134,0.372492,0.0106701,-0.4905481,0.0389979,0.8704756
1788248702408267008,OK,1,0,13.3254,0.368959,0,1244,0,-2.975875,0.132475,0.383166,0.0107607,-0.4854414,0.0386730,0.8733472
1788248702441611776,OK,1,0,12.2573,0.351208,0,1212,0,-2.979776,0.133952,0.391779,0.0107044,-0.4807239,0.0388825,0.8759442
1788248702474956800,OK,1,0,11.5182,0.355125,0,1167,0,-2.984700,0.133982,0.401611,0.0104908,-0.4761395,0.0386760,0.8784562
1788248702508301568,OK,1,0,12.3313,0.363708,0,1124,0,-2.989444,0.135614,0.409725,0.0105031,-0.4715558,0.0382514,0.8809437
1788248702541646592,OK,1,0,13.6217,0.347292,0,1617,0,-2.994061,0.107794,0.416430,0.0085239,-0.4669300,0.0347330,0.8835708
1788248702574991360,OK,1,0,16.0469,0.335791,0,1590,0,-2.998360,0.108360,0.425409,0.0085440,-0.4622180,0.0344070,0.8860574
1788248702608336128,OK,1,0,14.2967,0.379834,0,1495,0,-3.003039,0.108540,0.434103,0.0083177,-0.4580688,0.0344120,0.8882114
1788248702641681408,OK,1,0,17.0962,0.339666,0,1415,0,-3.008522,0.109015,0.442780,0.0082084,-0.4537747,0.0341269,0.8904249
1788248702675026432,OK,1,0,14.3191,0.357917,0,1361,0,-3.012361,0.110924,0.450624,0.0085093,-0.4495735,0.0337861,0.8925636
1788248702708362752,OK,1,0,13.8186,0.324208,0,1311,0,-3.018929,0.112101,0.459234,0.0090690,-0.4463454,0.0338162,0.8941756
1788248702741699328,OK,1,0,12.9287,0.377709,0,1263,0,-3.024895,0.111925,0.466157,0.0092999,-0.4431813,0.0335312,0.8957564
1788248702775034624,OK,1,0,14.2518,0.323833,0,1211,0,-3.032194,0.113624,0.471772,0.0093166,-0.4408365,0.0336077,0.8969097
1788248702808371200,OK,1,0,12.5182,0.340125,0,1151,0,-3.040173,0.114495,0.479947,0.0091491,-0.4390806,0.0334202,0.8977793
1788248702841707520,OK,1,0,12.2639,0.342709,0,1150,0,-3.049334,0.114756,0.491779,0.0083860,-0.4372930,0.0330816,0.8986713
1788248702875043584,OK,1,0,13.4893,0.315458,0,1132,0,-3.055798,0.115676,0.499727,0.0082337,-0.4356201,0.0328729,0.8994924
1788248702908380160,OK,1,0,12.1514,0.362083,0,1085,0,-3.066452,0.115229,0.507898,0.0082028,-0.4340311,0.0328221,0.9002624
1788248702941716224,OK,1,0,12.577,0.350584,0,1131,0,-3.070262,0.109009,0.513237,0.0082255,-0.4336021,0.0316287,0.9005116
1788248702975052544,OK,1,0,13.5116,0.325875,0,1529,0,-3.076532,0.108056,0.518769,0.0081694,-0.4333157,0.0319882,0.9006373
1788248703008388608,OK,1,0,14.888,0.352625,0,1490,0,-3.086584,0.109302,0.526546,0.0081260,-0.4319972,0.0321698,0.9012644
1788248703041724928,OK,1,0,15.6752,0.303917,0,1430,0,-3.094775,0.109131,0.535408,0.0081330,-0.4310074,0.0319166,0.9017471
1788248703075060992,OK,1,0,13.9099,0.35575,0,1402,0,-3.102576,0.108473,0.541833,0.0080840,-0.4307603,0.0317129,0.9018728
1788248703108397312,OK,1,0,15.5907,0.347042,0,1387,0,-3.111113,0.108294,0.548301,0.0080851,-0.4301601,0.0314570,0.9021682
1788248703141733120,OK,1,0,13.694,0.361667,0,1337,0,-3.122155,0.109992,0.556484,0.0080927,-0.4290578,0.0315062,0.9026912
1788248703175069184,OK,1,0,14.4837,0.356458,0,1337,0,-3.129672,0.109894,0.563140,0.0081138,-0.4287887,0.0317078,0.9028118
1788248703208404224,OK,1,0,13.5823,0.338834,0,1316,0,-3.136801,0.109490,0.571860,0.0078982,-0.4287042,0.0316065,0.9028574
1788248703241740288,OK,1,0,13.4154,0.326084,0,1296,0,-3.145249,0.110476,0.580360,0.0080410,-0.4280705,0.0312328,0.9031697
1788248703275075840,OK,1,0,13.0798,0.34775,0,1274,0,-3.154083,0.109243,0.586676,0.0080652,-0.4273650,0.0307044,0.9035217
1788248703308411904,OK,1,0,16.3382,0.374625,0,1248,0,-3.165203,0.108719,0.592459,0.0080553,-0.4266030,0.0300441,0.9039040
1788248703341747712,OK,1,0,13.4043,0.343083,0,1235,0,-3.173310,0.110230,0.599602,0.0081088,-0.4259477,0.0298396,0.9042192
1788248703375083520,OK,1,0,12.9486,0.343667,0,1198,0,-3.179997,0.108285,0.607996,0.0079749,-0.4250000,0.0300178,0.9046603
1788248703408419328,OK,1,0,13.7635,0.327458,0,1177,0,-3.185785,0.108001,0.617182,0.0078437,-0.4240958,0.0301841,0.9050801
1788248703441755136,OK,1,0,13.24,0.336916,0,1212,0,-3.186256,0.104682,0.598761,0.0078342,-0.4191467,0.0294221,0.9074079
1788248703475090944,OK,1,0,13.3892,0.345125,0,1489,0,-3.194759,0.106618,0.606767,0.0079431,-0.4172424,0.0297361,0.9082739
1788248703508426496,OK,1,0,15.5862,0.344041,0,1767,0,-3.201770,0.106802,0.615495,0.0076981,-0.4145505,0.0292835,0.9095224
1788248703541762304,OK,1,0,15.207,0.341875,0,1543,0,-3.206494,0.107731,0.624708,0.0074006,-0.4123622,0.0288719,0.9105323
1788248703575097600,OK,1,0,14.7816,0.355166,0,1468,0,-3.215176,0.108737,0.634203,0.0071132,-0.4097791,0.0288543,0.9117006
1788248703608433408,OK,1,0,14.7359,0.3305,0,1415,0,-3.219941,0.107824,0.644037,0.0065632,-0.4066214,0.0287515,0.9131206
1788248703641768704,OK,1,0,15.7068,0.34275,0,1389,0,-3.223738,0.108364,0.653143,0.0063719,-0.4033867,0.0285762,0.9145612
1788248703675103232,OK,1,0,15.2233,0.362292,0,1327,0,-3.228761,0.110496,0.661816,0.0067609,-0.3997523,0.0286471,0.9161505
1788248703708438528,OK,1,0,14.8136,0.374334,0,1309,0,-3.231135,0.109761,0.671538,0.0068377,-0.3961494,0.0280677,0.9177316
1788248703741773312,OK,1,0,15.0757,0.352,0,1249,0,-3.238393,0.110960,0.679676,0.0070388,-0.3925189,0.0279473,0.9192923
1788248703775108352,OK,1,0,14.3588,0.384125,0,1225,0,-3.242113,0.112084,0.689026,0.0071755,-0.3883721,0.0279426,0.9210510
1788248703808443136,OK,1,0,13.4912,0.3395,0,1184,0,-3.243200,0.112885,0.698751,0.0070286,-0.3836131,0.0277219,0.9230509
1788248703841778176,OK,1,0,15.7145,0.32575,0,1145,0,-3.242559,0.111931,0.707834,0.0070767,-0.3793072,0.0277232,0.9248284
1788248703875112704,OK,1,0,12.9617,0.368417,0,1118,0,-3.247628,0.116077,0.716597,0.0074435,-0.3744570,0.0275418,0.9268053
1788248703908447488,OK,1,0,15.5522,0.355834,0,1065,0,-3.248498,0.115014,0.726072,0.0070971,-0.3701321,0.0268430,0.9285641
1788248703941782016,OK,1,0,12.9354,0.335917,0,1084,0,-3.250176,0.115993,0.708972,0.0073962,-0.3611333,0.0260408,0.9321212
1788248703975116800,OK,1,0,12.9814,0.367875,0,1531,0,-3.252598,0.117770,0.719510,0.0072507,-0.3562508,0.0255773,0.9340121
1788248704008451072,OK,1,0,14.0915,0.333833,0,1317,0,-3.255052,0.116024,0.728348,0.0070516,-0.3515334,0.0250224,0.9358143
1788248704041785600,OK,1,0,15.1575,0.339291,0,1255,0,-3.258996,0.116704,0.739033,0.0069751,-0.3466765,0.0245738,0.9376369
1788248704075120128,OK,1,0,13.9099,0.350042,0,1162,0,-3.261145,0.120313,0.750099,0.0067982,-0.3419707,0.0244174,0.9393687
1788248704108453632,OK,1,0,13.1679,0.347833,0,1100,0,-3.262332,0.121452,0.761989,0.0065341,-0.3374045,0.0245740,0.9410163
1788248704141787904,OK,1,0,13.943,0.373166,0,1079,0,-3.263968,0.121968,0.771122,0.0063583,-0.3322185,0.0242132,0.9428702
1788248704175122176,OK,1,0,13.8978,0.3525,0,1045,0,-3.266766,0.122106,0.781257,0.0065188,-0.3275138,0.0240026,0.9445190
1788248704208456192,OK,1,0,12.29,0.391667,0,1001,0,-3.270215,0.123458,0.792562,0.0065680,-0.3224427,0.0237549,0.9462681
1788248704241790464,OK,1,0,11.6078,0.355875,0,994,0,-3.274083,0.124695,0.802518,0.0063317,-0.3174012,0.0233922,0.9479817
1788248704275124480,OK,1,0,15.3145,0.374,0,992,0,-3.271591,0.123967,0.813179,0.0061532,-0.3127869,0.0233198,0.9495171
1788248704308458496,OK,1,0,12.7635,0.348042,0,1134,0,-3.275075,0.124522,0.821616,0.0061881,-0.3079159,0.0229320,0.9511170
1788248704341792512,OK,1,0,13.4201,0.344083,0,1123,0,-3.257665,0.115770,0.803921,0.0067628,-0.3005600,0.0216559,0.9534931
1788248704375126528,OK,1,0,13.7403,0.330292,0,1238,0,-3.271785,0.115380,0.807870,0.0074561,-0.2946663,0.0205786,0.9553495
1788248704408460288,OK,1,0,13.4597,0.379958,0,1196,0,-3.275786,0.113103,0.816346,0.0075267,-0.2899011,0.0199188,0.9568197
1788248704441794304,OK,1,0,13.7688,0.347125,0,1158,0,-3.277961,0.111188,0.823841,0.0075472,-0.2852450,0.0195798,0.9582250
1788248704475127808,OK,1,0,13.9539,0.348791,0,1167,0,-3.279924,0.111696,0.833756,0.0075610,-0.2801523,0.0190656,0.9597364
1788248704508461568,OK,1,0,14.3367,0.361583,0,1163,0,-3.282989,0.110812,0.839715,0.0077003,-0.2749701,0.0185690,0.9612426
1788248704541794304,OK,1,0,15.2253,0.337875,0,1115,0,-3.285547,0.111356,0.851093,0.0078102,-0.2702408,0.0184265,0.9625847
1788248704575127808,OK,1,0,15.5845,0.342208,0,1092,0,-3.285963,0.114234,0.857667,0.0077989,-0.2651831,0.0180802,0.9639970
1788248704608461312,OK,1,0,15.1099,0.354417,0,1110,0,-3.287333,0.113464,0.867046,0.0075035,-0.2610473,0.0177008,0.9651346
1788248704641794560,OK,1,0,14.2105,0.343167,0,1069,0,-3.288140,0.114021,0.873501,0.0071084,-0.2563664,0.0170346,0.9664034
1788248704675128064,OK,1,0,16.8955,0.319,0,1052,0,-3.290790,0.113330,0.885442,0.0068817,-0.2521808,0.0163997,0.9675167
1788248704708467968,OK,1,0,15.5771,0.364833,0,1062,0,-3.292738,0.112692,0.896212,0.0069199,-0.2480947,0.0158760,0.9685810
1788248704741807616,OK,1,0,14.0323,0.387458,0,1061,0,-3.293880,0.109186,0.903405,0.0066914,-0.2436025,0.0152433,0.9697323
1788248704775147520,OK,1,0,16.7722,0.356875,0,1041,0,-3.294492,0.109108,0.910779,0.0065527,-0.2396991,0.0151234,0.9707073
1788248704808487168,OK,1,0,13.5145,0.34975,0,1045,0,-3.294199,0.109784,0.921894,0.0064391,-0.2355844,0.0153195,0.9717118
1788248704841826816,OK,1,0,13.7317,0.351125,0,1130,0,-3.317858,0.089240,0.930878,0.0050141,-0.2283268,0.0116022,0.9735025
1788248704875166720,OK,1,0,14.6009,0.404334,0,1184,0,-3.299506,0.092053,0.939263,0.0052058,-0.2259066,0.0122074,0.9740586
1788248704908506368,OK,1,0,14.5279,0.361625,0,1329,0,-3.295516,0.092320,0.949169,0.0054752,-0.2221936,0.0119987,0.9749134
1788248704941846272,OK,1,0,15.8503,0.338334,0,1428,0,-3.296349,0.093902,0.959648,0.0054828,-0.2181981,0.0119444,0.9758160
1788248704975185664,OK,1,0,14.8328,0.345791,0,1341,0,-3.297531,0.095534,0.969174,0.0057410,-0.2142658,0.0120710,0.9766839
1788248705008524544,OK,1,0,15.6685,0.318667,0,1380,0,-3.298044,0.095471,0.978930,0.0054268,-0.2099271,0.0118562,0.9776301
1788248705041864448,OK,1,0,15.0853,0.321458,0,1358,0,-3.301156,0.096712,0.990649,0.0054262,-0.2056870,0.0115142,0.9785351
1788248705075204096,OK,1,0,15.4457,0.327959,0,1338,0,-3.301922,0.096530,0.998590,0.0055351,-0.2014220,0.0114704,0.9794218
1788248705108544000,OK,1,0,16.2496,0.348083,0,1429,0,-3.300421,0.097703,1.006996,0.0055035,-0.1972678,0.0111933,0.9802703
1788248705141883904,OK,1,0,16.4494,0.319333,0,1381,0,-3.300926,0.097788,1.017970,0.0054843,-0.1933593,0.0112199,0.9810485
1788248705175223296,OK,1,0,15.461,0.348916,0,1380,0,-3.301923,0.097145,1.026401,0.0053048,-0.1889701,0.0107493,0.9819097
1788248705208563200,OK,1,0,15.7899,0.367666,0,1300,0,-3.301336,0.097669,1.035592,0.0052202,-0.1850308,0.0100977,0.9826670
1788248705241903104,OK,1,0,15.6371,0.370333,0,1362,0,-3.300129,0.094410,1.047018,0.0052118,-0.1820875,0.0095210,0.9832224
1788248705275243008,OK,1,0,15.3924,0.361958,0,1336,0,-3.306762,0.096473,1.056246,0.0052166,-0.1787134,0.0091438,0.9838449
1788248705308582656,OK,1,0,16.8328,0.326667,0,1321,0,-3.308534,0.096255,1.068050,0.0047546,-0.1764342,0.0093627,0.9842564
1788248705341922560,OK,1,0,16.4495,0.354833,0,1294,0,-3.308138,0.096674,1.077515,0.0043975,-0.1743234,0.0097786,0.9846301
1788248705375262208,OK,1,0,15.469,0.350542,0,1282,0,-3.308529,0.097784,1.088554,0.0043552,-0.1727047,0.0094896,0.9849184
1788248705408602112,OK,1,0,15.9019,0.37975,0,1275,0,-3.313581,0.097914,1.097600,0.0043344,-0.1717787,0.0090458,0.9850845
1788248705441940992,OK,1,0,17.9899,0.402625,0,1270,0,-3.315975,0.097006,1.105895,0.0044178,-0.1705810,0.0085947,0.9852963
1788248705475280640,OK,1,0,15.184,0.35075,0,1240,0,-3.319921,0.096019,1.116563,0.0046041,-0.1696729,0.0079812,0.9854574
1788248705508620544,OK,1,0,15.6067,0.384541,0,1241,0,-3.322676,0.095676,1.125275,0.0045402,-0.1695300,0.0078228,0.9854835
1788248705541960448,OK,1,0,15.3283,0.348334,0,1241,0,-3.326148,0.095697,1.139038,0.0044334,-0.1688998,0.0084103,0.9855874
1788248705575300352,OK,1,0,17.7436,0.35175,0,1236,0,-3.326188,0.095359,1.147513,0.0043770,-0.1676815,0.0086543,0.9857935
1788248705608640256,OK,1,0,16.9846,0.351875,0,1217,0,-3.327670,0.096408,1.156484,0.0045611,-0.1670137,0.0089282,0.9859036
1788248705641979904,OK,1,0,16.7837,0.325208,0,1210,0,-3.333380,0.096296,1.168553,0.0050256,-0.1663077,0.0090158,0.9860199
1788248705675319808,OK,1,0,15.0855,0.360125,0,1215,0,-3.337848,0.097649,1.176080,0.0056699,-0.1650559,0.0089058,0.9862278
1788248705708656128,OK,1,0,15.2325,0.33875,0,1191,0,-3.336376,0.096581,1.184289,0.0062810,-0.1636893,0.0089448,0.9864514
1788248705741992448,OK,1,0,16.3622,0.359584,0,1186,0,-3.339123,0.094927,1.195218,0.0063061,-0.1622410,0.0086254,0.9866933
1788248705775328512,OK,1,0,15.8751,0.354042,0,1267,0,-3.339967,0.097659,1.207375,0.0057458,-0.1602719,0.0084074,0.9870204
1788248705808664832,OK,1,0,15.4158,0.342834,0,1243,0,-3.344744,0.098127,1.217239,0.0048696,-0.1569991,0.0081554,0.9875531
1788248705842000896,OK,1,0,16.3967,0.384167,0,1370,0,-3.326564,0.084839,1.227211,0.0032315,-0.1545799,0.0065937,0.9879530
1788248705875335936,OK,1,0,15.4818,0.29475,0,1374,0,-3.323675,0.085807,1.235627,0.0033318,-0.1518820,0.0061368,0.9883740
1788248705908672000,OK,1,0,16.208,0.365042,0,1582,0,-3.330265,0.089112,1.248287,0.0039137,-0.1487844,0.0063952,0.9888412
1788248705942008064,OK,1,0,15.0475,0.307875,0,1563,0,-3.332829,0.093327,1.259183,0.0046224,-0.1451274,0.0067149,0.9893794
1788248705975343872,OK,1,0,16.7463,0.324666,0,1632,0,-3.330776,0.093201,1.267234,0.0047992,-0.1414999,0.0066967,0.9899040
1788248706008679936,OK,1,0,18.2513,0.340875,0,1560,0,-3.332381,0.093302,1.277282,0.0047403,-0.1376940,0.0065593,0.9904417
1788248706042015744,OK,1,0,16.8997,0.312125,0,1749,0,-3.333571,0.093790,1.288807,0.0045682,-0.1335333,0.0065130,0.9910124
1788248706075351552,OK,1,0,17.5426,0.336083,0,1670,0,-3.332411,0.094759,1.298695,0.0042247,-0.1295705,0.0064226,0.9915404
1788248706108687360,OK,1,0,17.8706,0.33125,0,1639,0,-3.329494,0.096851,1.308796,0.0041810,-0.1260204,0.0063327,0.9919987
1788248706142022912,OK,1,0,16.9051,0.331333,0,1718,0,-3.330985,0.098279,1.319784,0.0042082,-0.1217170,0.0061491,0.9925369
1788248706175358720,OK,1,0,17.109,0.349458,0,1650,0,-3.329619,0.098199,1.328337,0.0041355,-0.1175577,0.0059210,0.9930398
1788248706208694272,OK,1,0,16.5181,0.335958,0,1657,0,-3.329579,0.098332,1.338506,0.0040933,-0.1133500,0.0056284,0.9935308
1788248706242029824,OK,1,0,16.5541,0.348666,0,1653,0,-3.328281,0.098852,1.349759,0.0039021,-0.1091861,0.0055598,0.9939982
1788248706275365376,OK,1,0,17.4345,0.343834,0,1589,0,-3.323344,0.099399,1.358499,0.0036312,-0.1055490,0.0057070,0.9943911
1788248706308700928,OK,1,0,18.6018,0.333541,0,1605,0,-3.324054,0.100206,1.369516,0.0035632,-0.1014060,0.0060129,0.9948206
1788248706342035456,OK,1,0,16.6777,0.319375,0,1552,0,-3.324808,0.101160,1.379318,0.0037302,-0.0970448,0.0059652,0.9952552
1788248706375370752,OK,1,0,17.3271,0.307583,0,1569,0,-3.322321,0.100598,1.388344,0.0036981,-0.0926662,0.0057198,0.9956740
1788248706408706048,OK,1,0,17.2646,0.339208,0,1525,0,-3.321141,0.099893,1.395796,0.0037065,-0.0879618,0.0052945,0.9961029
1788248706442041600,OK,1,0,16.4836,0.335083,0,1511,0,-3.318809,0.099983,1.407173,0.0035281,-0.0828980,0.0047856,0.9965403
1788248706475376640,OK,1,0,16.4293,0.361166,0,1512,0,-3.316334,0.100299,1.416247,0.0030869,-0.0779431,0.0043395,0.9969436
1788248706508711936,OK,1,0,16.763,0.346834,0,1529,0,-3.312190,0.101382,1.428180,0.0029754,-0.0732014,0.0043247,0.9973034
1788248706542047232,OK,1,0,27.9636,0.364208,0,1505,0,-3.311242,0.099795,1.436444,0.0025658,-0.0680241,0.0043944,0.9976707
1788248706575382272,OK,1,0,16.722,0.371208,0,1454,0,-3.307940,0.100869,1.448056,0.0024390,-0.0631124,0.0042157,0.9979945
1788248706608717312,OK,1,0,17.5082,0.333417,0,1586,0,-3.301641,0.101604,1.458153,0.0023730,-0.0583758,0.0042087,0.9982830
1788248706642052608,OK,1,0,18.1651,0.322542,0,1540,0,-3.296366,0.101122,1.466539,0.0020785,-0.0536029,0.0041134,0.9985517
1788248706675387392,OK,1,0,17.1412,0.326875,0,1609,0,-3.292394,0.101710,1.476362,0.0021860,-0.0486895,0.0039973,0.9988036
1788248706708723456,OK,1,0,17.7897,0.329791,0,1568,0,-3.288087,0.104511,1.486891,0.0022479,-0.0436551,0.0033324,0.9990386
1788248706742059264,OK,1,0,16.6671,0.32725,0,1584,0,-3.283319,0.105388,1.495221,0.0021967,-0.0387137,0.0029013,0.9992437
1788248706775394048,OK,1,0,17.0407,0.346042,0,1577,0,-3.282008,0.106806,1.504688,0.0019704,-0.0334561,0.0025882,0.9994349
1788248706808729856,OK,1,0,17.4601,0.324125,0,1558,0,-3.277380,0.107431,1.514532,0.0013713,-0.0283284,0.0021685,0.9995954
1788248706842065408,OK,1,0,17.7125,0.323167,0,1557,0,-3.269218,0.110699,1.527262,0.0010906,-0.0239058,0.0020901,0.9997115
1788248706875401216,OK,1,0,17.5825,0.321791,0,1535,0,-3.267820,0.110813,1.534079,0.0010057,-0.0189152,0.0019705,0.9998186
1788248706908736512,OK,1,0,17.1329,0.34425,0,1537,0,-3.263452,0.110520,1.542754,0.0010907,-0.0142111,0.0017572,0.9998969
1788248706942072320,OK,1,0,15.9351,0.33475,0,1516,0,-3.253331,0.113822,1.553836,0.0017654,-0.0100815,0.0014850,0.9999465
1788248706975407616,OK,1,0,18.9404,0.373167,0,1770,0,-3.254986,0.111796,1.559270,0.0018631,-0.0050341,0.0010809,0.9999850
1788248707008743168,OK,1,0,17.4731,0.355625,0,1561,0,-3.247730,0.113728,1.568325,0.0022031,-0.0004917,0.0007791,0.9999971
1788248707042078720,OK,1,0,17.3248,0.344042,0,1507,0,-3.244577,0.114525,1.576684,0.0025917,0.0044736,0.0005349,0.9999865
1788248707075413760,OK,1,0,17.0057,0.344375,0,1576,0,-3.237214,0.115601,1.587890,0.0027512,0.0094230,0.0005030,0.9999517
1788248707108749312,OK,1,0,17.1308,0.373,0,1499,0,-3.231021,0.116996,1.596593,0.0027198,0.0142168,0.0003918,0.9998952
1788248707142084352,OK,1,0,17.32,0.326708,0,1711,0,-3.227978,0.118353,1.606658,0.0025654,0.0188593,0.0000383,0.9998189
1788248707175419648,OK,1,0,17.3523,0.323833,0,1523,0,-3.219463,0.122239,1.618238,0.0023842,0.0228757,0.0000035,0.9997355
1788248707208753920,OK,1,0,17.4888,0.343084,0,1525,0,-3.214355,0.123216,1.626193,0.0023171,0.0261645,0.0001127,0.9996550
1788248707242088960,OK,1,0,17.6738,0.380666,0,1582,0,-3.212416,0.122831,1.633550,0.0024541,0.0289555,0.0001555,0.9995777
1788248707275423744,OK,1,0,19.1998,0.372,0,1480,0,-3.209974,0.124369,1.642769,0.0028993,0.0313319,-0.0001835,0.9995048
1788248707308759040,OK,1,0,18.7361,0.36125,0,1772,0,-3.211173,0.123437,1.650835,0.0038170,0.0332334,-0.0006771,0.9994401
1788248707342094080,OK,1,0,17.5065,0.355042,0,1566,0,-3.209113,0.122974,1.659465,0.0036917,0.0345953,-0.0012325,0.9993938
1788248707375428608,OK,1,0,17.1311,0.344792,0,1511,0,-3.201931,0.125883,1.677317,0.0028126,0.0349039,-0.0003593,0.9993867
1788248707408763648,OK,1,0,17.3036,0.322375,0,1498,0,-3.199012,0.127580,1.690238,0.0024073,0.0345476,0.0004872,0.9994001
1788248707442098432,OK,1,0,17.2801,0.333166,0,1446,0,-3.194883,0.129058,1.705468,0.0020226,0.0345886,0.0007426,0.9993993
1788248707475433216,OK,1,0,18.0065,0.341375,0,1474,0,-3.195726,0.130170,1.717238,0.0013691,0.0349813,0.0007246,0.9993868
1788248707508767744,OK,1,0,17.3341,0.37775,0,1465,0,-3.196488,0.131866,1.728428,0.0015190,0.0351197,0.0003315,0.9993819
1788248707542102528,OK,1,0,18.39,0.339834,0,1441,0,-3.196782,0.129384,1.739952,0.0015724,0.0350854,-0.0002739,0.9993831
1788248707575437312,OK,1,0,19.781,0.330958,0,1508,0,-3.194062,0.132593,1.752284,0.0022279,0.0349293,-0.0005224,0.9993872
1788248707608771840,OK,1,0,17.6173,0.32725,0,1438,0,-3.191892,0.130995,1.761779,0.0024870,0.0350236,-0.0003362,0.9993833
1788248707642106112,OK,1,0,23.0215,0.338209,0,1658,0,-3.201172,0.100042,1.756501,-0.0003994,0.0361765,-0.0012552,0.9993446
1788248707675439616,OK,1,0,17.9968,0.348834,0,1653,0,-3.194643,0.105260,1.772666,-0.0003721,0.0358481,-0.0012329,0.9993564
1788248707708777984,OK,1,0,17.822,0.357125,0,1767,0,-3.190657,0.105080,1.786055,-0.0003628,0.0358878,-0.0011316,0.9993551
1788248707742116608,OK,1,0,17.5913,0.326875,0,1693,0,-3.186519,0.107379,1.799890,-0.0005366,0.0354483,-0.0010827,0.9993708
1788248707775454976,OK,1,0,18.3322,0.329709,0,1666,0,-3.185944,0.109764,1.812415,-0.0004890,0.0354962,-0.0010892,0.9993691
1788248707808793344,OK,1,0,18.2699,0.356792,0,1599,0,-3.187339,0.106965,1.825405,-0.0005886,0.0360888,-0.0012916,0.9993476
1788248707842131712,OK,1,0,18.1432,0.340583,0,1621,0,-3.185489,0.107715,1.835912,-0.0005842,0.0359605,-0.0015890,0.9993518
1788248707875470336,OK,1,0,19.6538,0.390042,0,1662,0,-3.186725,0.107911,1.845804,-0.0004534,0.0359361,-0.0019362,0.9993522
1788248707908808704,OK,1,0,17.6852,0.36875,0,1641,0,-3.184734,0.108250,1.858187,-0.0001887,0.0357780,-0.0020777,0.9993576
1788248707942147072,OK,1,0,21.8577,0.349709,0,1655,0,-3.188172,0.103993,1.869911,-0.0008677,0.0360616,-0.0019606,0.9993473
1788248707975485440,OK,1,0,18.6486,0.337541,0,1655,0,-3.184643,0.107881,1.881425,-0.0003392,0.0361029,-0.0013950,0.9993470
1788248708008823552,OK,1,0,18.5542,0.352584,0,1963,0,-3.182737,0.109213,1.894810,-0.0000457,0.0360811,-0.0010493,0.9993483
1788248708042161920,OK,1,0,18.4938,0.350708,0,1747,0,-3.179421,0.111957,1.908374,-0.0001566,0.0358384,-0.0009670,0.9993571
1788248708075500288,OK,1,0,18.3288,0.336084,0,1675,0,-3.176287,0.113465,1.922380,-0.0002775,0.0358850,-0.0012031,0.9993551
1788248708108837376,OK,1,0,17.9039,0.329875,0,1744,0,-3.175195,0.114403,1.935312,0.0000393,0.0359999,-0.0014509,0.9993508
1788248708142175744,OK,1,0,19.023,0.335709,0,1671,0,-3.175540,0.115796,1.948498,0.0002267,0.0359571,-0.0015611,0.9993521
1788248708175513856,OK,1,0,17.9606,0.340375,0,1649,0,-3.175348,0.114787,1.958000,0.0002972,0.0359294,-0.0013527,0.9993534
1788248708208852224,OK,1,0,18.1817,0.396792,0,1622,0,-3.170411,0.117190,1.972878,0.0005195,0.0358771,-0.0011022,0.9993555
1788248708242190336,OK,1,0,17.882,0.36625,0,1627,0,-3.170058,0.116362,1.984626,0.0001571,0.0359537,-0.0005954,0.9993533
1788248708275528448,OK,1,0,17.7426,0.375292,0,1683,0,-3.169902,0.116292,1.995062,0.0002217,0.0363291,-0.0007325,0.9993396
1788248708308866816,OK,1,0,18.0317,0.361125,0,1647,0,-3.166655,0.118172,2.009184,0.0009924,0.0360248,-0.0007247,0.9993502
1788248708342204928,OK,1,0,18.1025,0.332959,0,1776,0,-3.167591,0.117251,2.020540,0.0013994,0.0359754,-0.0008318,0.9993514
1788248708375543040,OK,1,0,18.3672,0.332958,0,1710,0,-3.165968,0.116793,2.031037,0.0017376,0.0360764,-0.0009289,0.9993471
1788248708408881152,OK,1,0,17.7805,0.336709,0,1721,0,-3.166518,0.116855,2.043786,0.0018218,0.0364367,-0.0013487,0.9993334
1788248708442219264,OK,1,0,17.5869,0.336625,0,1644,0,-3.166738,0.117027,2.055804,0.0015494,0.0367242,-0.0015144,0.9993231
1788248708475557376,OK,1,0,19.1876,0.34075,0,1972,0,-3.164118,0.118075,2.066041,0.0015681,0.0369906,-0.0016993,0.9993129
1788248708508895488,OK,1,0,19.0828,0.324166,0,1736,0,-3.160820,0.116901,2.079529,0.0014510,0.0367303,-0.0015419,0.9993230
1788248708542232576,OK,1,0,17.9015,0.3235,0,1717,0,-3.160841,0.119663,2.092675,0.0016332,0.0366433,-0.0011792,0.9993264
1788248708575570432,OK,1,0,17.6504,0.3495,0,1626,0,-3.157881,0.122035,2.103853,0.0019287,0.0368169,-0.0007615,0.9993199
1788248708608908800,OK,1,0,18.682,0.353333,0,1664,0,-3.154206,0.122094,2.119646,0.0016195,0.0368098,-0.0005769,0.9993208
1788248708642246656,OK,1,0,17.5948,0.311375,0,1602,0,-3.154076,0.123309,2.133147,0.0013939,0.0370123,-0.0007159,0.9993136
1788248708675584768,OK,1,0,18.0366,0.330459,0,1613,0,-3.153925,0.122352,2.144441,0.0014270,0.0370118,-0.0011223,0.9993132
1788248708708922624,OK,1,0,17.3863,0.315292,0,1634,0,-3.153090,0.121255,2.154712,0.0013730,0.0365760,-0.0011199,0.9993293
1788248708742260224,OK,1,0,16.929,0.326125,0,1576,0,-3.150005,0.122027,2.167027,0.0016970,0.0363725,-0.0011236,0.9993362
1788248708775598080,OK,1,0,17.855,0.286583,0,1613,0,-3.151250,0.123783,2.180494,0.0022431,0.0367163,-0.0011082,0.9993226
1788248708808935936,OK,1,0,17.684,0.339708,0,1593,0,-3.151991,0.122945,2.191968,0.0020499,0.0369162,-0.0007601,0.9993160
1788248708842273792,OK,1,0,17.441,0.326458,0,1573,0,-3.149538,0.122631,2.204942,0.0017636,0.0372373,-0.0006892,0.9993047
1788248708875611392,OK,1,0,17.9145,0.3165,0,1626,0,-3.147007,0.125113,2.216048,0.0020195,0.0372066,-0.0007637,0.9993053
1788248708908948992,OK,1,0,18.5205,0.349042,0,1570,0,-3.146645,0.125152,2.229544,0.0019791,0.0367684,-0.0004315,0.9993218
1788248708942286848,OK,1,0,17.341,0.311833,0,1573,0,-3.144331,0.127164,2.241665,0.0022519,0.0367364,-0.0005576,0.9993223
1788248708975624192,OK,1,0,16.8997,0.361833,0,1599,0,-3.142403,0.126901,2.255052,0.0022159,0.0367297,-0.0005522,0.9993227
1788248709008961024,OK,1,0,16.9313,0.325625,0,1542,0,-3.142528,0.127188,2.268900,0.0019196,0.0367128,-0.0005143,0.9993239
1788248709042298624,OK,1,0,16.9375,0.338917,0,1516,0,-3.140380,0.128133,2.278564,0.0016395,0.0367644,-0.0002286,0.9993226
1788248709075636224,OK,1,0,17.8617,0.31275,0,1583,0,-3.141507,0.126944,2.288269,0.0013861,0.0371717,0.0000018,0.9993079
1788248709108973568,OK,1,0,17.4069,0.317125,0,1499,0,-3.139658,0.130188,2.302733,0.0010204,0.0371308,-0.0001430,0.9993099
1788248709142311168,OK,1,0,17.9259,0.296958,0,1520,0,-3.139673,0.131523,2.311131,0.0008627,0.0370275,-0.0002297,0.9993139
1788248709175648768,OK,1,0,17.561,0.341083,0,1576,0,-3.139730,0.130506,2.321562,0.0011043,0.0368939,-0.0006706,0.9993184
1788248709208986112,OK,1,0,17.3725,0.352667,0,1579,0,-3.139172,0.131363,2.329725,0.0011508,0.0367144,-0.0007885,0.9993248
1788248709242323712,OK,1,0,18.9339,0.332709,0,1540,0,-3.139836,0.131855,2.339414,0.0007765,0.0369027,-0.0007696,0.9993183
1788248709275661056,OK,1,0,17.969,0.370042,0,1515,0,-3.135025,0.133049,2.349907,0.0012449,0.0374278,-0.0005615,0.9992985
1788248709308998656,OK,1,0,18.7905,0.323292,0,1862,0,-3.132883,0.132252,2.360453,0.0018120,0.0373668,-0.0003546,0.9992999
1788248709342335744,OK,1,0,18.7499,0.331334,0,1563,0,-3.129474,0.133165,2.372200,0.0018065,0.0365764,-0.0002747,0.9993292
1788248709375673088,OK,1,0,16.7597,0.356125,0,1466,0,-3.133497,0.133006,2.383240,0.0014361,0.0371375,-0.0004810,0.9993091
1788248709409010432,OK,1,0,17.7554,0.354916,0,1458,0,-3.132572,0.133909,2.394036,0.0015614,0.0373340,-0.0004914,0.9993015
1788248709442346752,OK,1,0,17.2625,0.340833,0,1570,0,-3.132104,0.134704,2.406030,0.0017157,0.0369529,-0.0004151,0.9993154
1788248709475684096,OK,1,0,17.1985,0.345834,0,1511,0,-3.128392,0.135237,2.415433,0.0018051,0.0364972,-0.0000374,0.9993321
1788248709509021184,OK,1,0,18.2551,0.355875,0,1483,0,-3.128524,0.135028,2.424558,0.0017719,0.0370090,0.0002113,0.9993134
1788248709542358272,OK,1,0,19.0554,0.3355,0,1438,0,-3.126330,0.135899,2.434799,0.0017712,0.0372521,0.0001735,0.9993044
1788248709575695616,OK,1,0,17.1709,0.353375,0,1409,0,-3.125083,0.134758,2.444021,0.0015809,0.0375190,0.0003844,0.9992946
1788248709609032704,OK,1,0,17.54,0.333458,0,1593,0,-3.124791,0.137103,2.456118,0.0019205,0.0377065,-0.0001160,0.9992870
1788248709642369792,OK,1,0,17.4882,0.319458,0,1416,0,-3.125136,0.137206,2.464722,0.0021753,0.0374147,-0.0005528,0.9992973
1788248709675707136,OK,1,0,16.9405,0.358333,0,1408,0,-3.125145,0.138844,2.476347,0.0022370,0.0373378,-0.0005632,0.9993001
1788248709709048320,OK,1,0,17.5255,0.341292,0,1530,0,-3.124811,0.138558,2.488659,0.0022108,0.0378262,-0.0007135,0.9992816
1788248709742389504,OK,1,0,17.8816,0.351208,0,1464,0,-3.122841,0.137664,2.499120,0.0023708,0.0378548,-0.0005229,0.9992803
1788248709775730688,OK,1,0,17.5365,0.333167,0,1430,0,-3.120605,0.138889,2.508874,0.0026042,0.0374620,-0.0002100,0.9992946
1788248709809072128,OK,1,0,16.5718,0.319125,0,1415,0,-3.119499,0.139905,2.518384,0.0028204,0.0375432,-0.0001121,0.9992911
1788248709842413056,OK,1,0,16.3274,0.340541,0,1396,0,-3.118940,0.140154,2.528801,0.0029679,0.0379556,-0.0002086,0.9992750
1788248709875753472,OK,1,0,18.1817,0.358959,0,1386,0,-3.119906,0.142421,2.539982,0.0031152,0.0377973,-0.0006018,0.9992804
1788248709909094656,OK,1,0,16.8389,0.352875,0,1362,0,-3.118547,0.144628,2.550039,0.0030072,0.0376766,-0.0007601,0.9992852
1788248709942436096,OK,1,0,18.139,0.356791,0,1348,0,-3.119346,0.143557,2.560817,0.0028810,0.0380938,-0.0007442,0.9992697
1788248709975777280,OK,1,0,16.3359,0.337833,0,1332,0,-3.114179,0.143486,2.572586,0.0025099,0.0376408,-0.0005709,0.9992880
1788248710009118720,OK,1,0,16.6393,0.334875,0,1478,0,-3.113937,0.146387,2.587635,0.0020483,0.0373445,-0.0003147,0.9993003
1788248710042460160,OK,1,0,18.2187,0.333667,0,1398,0,-3.112309,0.147161,2.598029,0.0016549,0.0376191,-0.0002885,0.9992908
1788248710075801600,OK,1,0,18.1945,0.388833,0,1486,0,-3.117272,0.140302,2.603417,0.0007146,0.0383456,-0.0001726,0.9992643
1788248710109142784,OK,1,0,17.6597,0.363334,0,1485,0,-3.117957,0.140708,2.614320,0.0001679,0.0382067,-0.0002639,0.9992698
1788248710142484480,OK,1,0,17.3139,0.354083,0,1620,0,-3.116800,0.142359,2.624697,-0.0000632,0.0381422,-0.0001925,0.9992723
1788248710175825664,OK,1,0,19.1435,0.317166,0,1518,0,-3.112726,0.142558,2.634147,0.0002006,0.0381313,-0.0002637,0.9992727
1788248710209167360,OK,1,0,17.7444,0.35625,0,1484,0,-3.112384,0.142487,2.644368,0.0002552,0.0381046,0.0000148,0.9992737
1788248710242508544,OK,1,0,17.1444,0.3355,0,1496,0,-3.111951,0.144240,2.655583,0.0001691,0.0380230,0.0002103,0.9992768
1788248710275849984,OK,1,0,18.8046,0.361208,0,1467,0,-3.111642,0.143986,2.668236,0.0001056,0.0384175,0.0003315,0.9992617
1788248710309190656,OK,1,0,17.1925,0.33825,0,1462,0,-3.111464,0.143651,2.677775,0.0001929,0.0385999,0.0002185,0.9992548
1788248710342532352,OK,1,0,16.9734,0.344417,0,1439,0,-3.109980,0.145179,2.688869,-0.0000790,0.0382248,-0.0000839,0.9992692
1788248710375873536,OK,1,0,20.0315,0.380208,0,1417,0,-3.109389,0.146727,2.698049,-0.0001620,0.0384147,-0.0003403,0.9992619
1788248710409214976,OK,1,0,17.2592,0.371833,0,1419,0,-3.109873,0.145863,2.708830,-0.0001392,0.0386227,-0.0005161,0.9992537
1788248710442556672,OK,1,0,17.1478,0.361916,0,1398,0,-3.103968,0.147507,2.720346,-0.0001579,0.0379766,-0.0003163,0.9992786
1788248710475898368,OK,1,0,18.1408,0.360041,0,1370,0,-3.104690,0.149241,2.731544,-0.0003687,0.0380829,-0.0000960,0.9992746
1788248710509240064,OK,1,0,19.7085,0.337084,0,1369,0,-3.104008,0.148720,2.742562,-0.0002254,0.0383653,0.0002745,0.9992638
1788248710542581504,OK,1,0,17.3454,0.322,0,1365,0,-3.102633,0.147644,2.752033,-0.0001866,0.0382928,0.0003485,0.9992665
1788248710575923200,OK,1,0,17.0892,0.347542,0,1547,0,-3.103686,0.149187,2.761169,-0.0001396,0.0384887,0.0001545,0.9992591
1788248710609264896,OK,1,0,17.2868,0.358208,0,1483,0,-3.100970,0.150454,2.772030,-0.0000320,0.0385379,-0.0001695,0.9992571
1788248710642606336,OK,1,0,17.9206,0.338333,0,1551,0,-3.090660,0.159029,2.797394,0.0012931,0.0380852,-0.0007394,0.9992734
1788248710675948032,OK,1,0,16.5469,0.333792,0,1533,0,-3.087077,0.159907,2.807997,0.0014440,0.0376057,-0.0005416,0.9992915
1788248710709285376,OK,1,0,18.4527,0.376625,0,1632,0,-3.087682,0.160566,2.820138,0.0012957,0.0377151,-0.0004493,0.9992876
1788248710742622464,OK,1,0,17.2763,0.325666,0,1558,0,-3.088852,0.160416,2.830325,0.0012755,0.0382624,-0.0004561,0.9992668
1788248710775958784,OK,1,0,17.2625,0.350042,0,1570,0,-3.087584,0.160785,2.842092,0.0012372,0.0381190,-0.0008115,0.9992721
1788248710809295872,OK,1,0,17.5325,0.358209,0,1526,0,-3.088128,0.161801,2.849891,0.0009340,0.0379715,-0.0012317,0.9992777
1788248710842632960,OK,1,0,20.5641,0.354792,0,1540,0,-3.085563,0.162998,2.860178,0.0013053,0.0378136,-0.0017007,0.9992825
1788248710875970048,OK,1,0,19.362,0.33925,0,1474,0,-3.084476,0.163054,2.869193,0.0013653,0.0377149,-0.0015107,0.9992865
1788248710909307136,OK,1,0,17.155,0.359958,0,1456,0,-3.082422,0.163401,2.877619,0.0010990,0.0374490,-0.0010695,0.9992974
1788248710942643968,OK,1,0,17.3658,0.33925,0,1487,0,-3.080706,0.162556,2.886044,0.0008655,0.0375259,-0.0005167,0.9992952
1788248710975981056,OK,1,0,17.0464,0.344708,0,1483,0,-3.076753,0.163550,2.898204,0.0011332,0.0375551,-0.0003732,0.9992939
1788248711009317888,OK,1,0,17.789,0.380792,0,1470,0,-3.076839,0.168024,2.911455,0.0014988,0.0374519,-0.0004528,0.9992973
1788248711042654720,OK,1,0,18.3764,0.319417,0,1452,0,-3.076106,0.168713,2.921754,0.0010401,0.0372166,-0.0009122,0.9993063
1788248711075991808,OK,1,0,16.7849,0.361333,0,1430,0,-3.080265,0.169834,2.931928,0.0010247,0.0380339,-0.0014111,0.9992749
1788248711109328640,OK,1,0,20.7428,0.321791,0,1461,0,-3.080847,0.169256,2.940236,0.0010891,0.0380827,-0.0014724,0.9992729
1788248711142665216,OK,1,0,20.3514,0.333209,0,1600,0,-3.079966,0.170066,2.950203,0.0006503,0.0376688,-0.0012514,0.9992893
1788248711176002048,OK,1,0,18.3335,0.334666,0,1505,0,-3.076972,0.171483,2.961310,0.0004109,0.0377830,-0.0009716,0.9992854
1788248711209337600,OK,1,0,20.4021,0.352834,0,1534,0,-3.074130,0.180416,2.977918,0.0017237,0.0382231,-0.0009426,0.9992673
1788248711242674432,OK,1,0,18.818,0.354708,0,1536,0,-3.074185,0.177306,2.985605,0.0014591,0.0382594,-0.0009589,0.9992663
1788248711276011008,OK,1,0,19.2392,0.344083,0,1894,0,-3.075759,0.175844,2.992805,0.0010404,0.0380333,-0.0011435,0.9992753
1788248711309347584,OK,1,0,18.2548,0.342041,0,1709,0,-3.076508,0.177527,3.005691,0.0014556,0.0383014,-0.0014472,0.9992641
1788248711342684160,OK,1,0,18.1186,0.359542,0,1644,0,-3.076415,0.175431,3.012617,0.0015956,0.0384947,-0.0015009,0.9992564
1788248711376020736,OK,1,0,20.4733,0.340875,0,1630,0,-3.071430,0.176701,3.025357,0.0018143,0.0379083,-0.0011816,0.9992789
1788248711409357056,OK,1,0,18.3585,0.3435,0,1616,0,-3.071311,0.176696,3.033628,0.0017167,0.0380864,-0.0010175,0.9992725
1788248711442693632,OK,1,0,18.6559,0.361166,0,1598,0,-3.071042,0.175298,3.042262,0.0016978,0.0384563,-0.0008639,0.9992585
1788248711476029952,OK,1,0,19.542,0.3965,0,1575,0,-3.070113,0.177052,3.050105,0.0021082,0.0384558,-0.0009866,0.9992576
1788248711509366272,OK,1,0,18.7422,0.344042,0,1558,0,-3.073088,0.176189,3.061849,0.0017364,0.0385282,-0.0013927,0.9992551
1788248711542702592,OK,1,0,20.4594,0.317084,0,1523,0,-3.072722,0.178035,3.072658,0.0015743,0.0384290,-0.0017086,0.9992586
1788248711576038912,OK,1,0,17.8602,0.344959,0,1522,0,-3.070199,0.177597,3.081857,0.0016033,0.0382696,-0.0017690,0.9992646
1788248711609375232,OK,1,0,19.217,0.35375,0,1497,0,-3.066984,0.180964,3.093485,0.0017516,0.0378773,-0.0014918,0.9992797
1788248711642710528,OK,1,0,19.3755,0.3355,0,1507,0,-3.068040,0.182500,3.102648,0.0014352,0.0379860,-0.0010275,0.9992768
1788248711676046592,OK,1,0,17.943,0.313208,0,1499,0,-3.064596,0.183819,3.113445,0.0014499,0.0381967,-0.0005396,0.9992691
1788248711709385984,OK,1,0,17.808,0.352333,0,1503,0,-3.063455,0.183012,3.122347,0.0013894,0.0383589,-0.0003058,0.9992630
1788248711742725376,OK,1,0,19.2598,0.352959,0,1479,0,-3.063231,0.182230,3.132089,0.0009519,0.0383201,-0.0005036,0.9992650
1788248711776064512,OK,1,0,17.2544,0.337583,0,1410,0,-3.061731,0.183087,3.141755,0.0008645,0.0380292,-0.0008136,0.9992759
1788248711809403904,OK,1,0,18.9674,0.36025,0,1596,0,-3.059938,0.183767,3.153304,0.0014009,0.0380267,-0.0010600,0.9992752
1788248711842743040,OK,1,0,17.7898,0.346333,0,1506,0,-3.060702,0.184235,3.162602,0.0014616,0.0380528,-0.0011967,0.9992740
1788248711876082176,OK,1,0,19.9566,0.375125,0,1549,0,-3.065453,0.186617,3.173460,0.0014276,0.0387354,-0.0010023,0.9992480
1788248711909421568,OK,1,0,17.6238,0.35575,0,1522,0,-3.061913,0.185958,3.182457,0.0016460,0.0385961,-0.0007417,0.9992533
1788248711942760960,OK,1,0,17.7965,0.356792,0,1759,0,-3.060295,0.185852,3.190202,0.0021190,0.0386393,-0.0007354,0.9992508
1788248711976100096,OK,1,0,19.061,0.396375,0,1659,0,-3.060576,0.185744,3.200324,0.0023171,0.0385603,-0.0007825,0.9992533
1788248712009439488,OK,1,0,17.27,0.3545,0,1596,0,-3.059387,0.186608,3.209347,0.0024650,0.0385147,-0.0008472,0.9992546
1788248712042778624,OK,1,0,17.7801,0.346083,0,1583,0,-3.057969,0.188682,3.218085,0.0032652,0.0386669,-0.0010125,0.9992463
1788248712076117760,OK,1,0,18.7452,0.340917,0,1573,0,-3.056718,0.188798,3.229558,0.0034804,0.0384638,-0.0008999,0.9992536
1788248712109456128,OK,1,0,20.0108,0.311667,0,1546,0,-3.055959,0.188330,3.237934,0.0030934,0.0383521,-0.0007936,0.9992592
1788248712142795264,OK,1,0,17.8596,0.327458,0,1560,0,-3.054929,0.190086,3.249047,0.0032526,0.0385764,-0.0006514,0.9992502
1788248712176134400,OK,1,0,19.584,0.367,0,1526,0,-3.053595,0.190633,3.260406,0.0037322,0.0386454,-0.0007853,0.9992457
1788248712209473536,OK,1,0,20.0029,0.353542,0,1488,0,-3.054036,0.190689,3.268416,0.0037922,0.0385521,-0.0007040,0.9992492
1788248712242812672,OK,1,0,19.1081,0.362791,0,1525,0,-3.052652,0.192268,3.277904,0.0037731,0.0385566,-0.0007363,0.9992490
1788248712276151808,OK,1,0,17.4688,0.33875,0,1515,0,-3.050049,0.191666,3.288162,0.0039465,0.0387580,-0.0007169,0.9992406
1788248712309490944,OK,1,0,17.8179,0.379084,0,1507,0,-3.047101,0.192457,3.298345,0.0040715,0.0384698,-0.0006224,0.9992513
1788248712342830080,OK,1,0,20.3572,0.335584,0,1473,0,-3.044901,0.193310,3.308633,0.0036008,0.0379881,-0.0006097,0.9992715
1788248712376169216,OK,1,0,17.4205,0.339584,0,1486,0,-3.045038,0.195176,3.319974,0.0033578,0.0382562,-0.0007341,0.9992621
1788248712409508352,OK,1,0,16.6008,0.315666,0,1475,0,-3.048147,0.195839,3.328336,0.0035809,0.0387673,-0.0010466,0.9992413
1788248712442847488,OK,1,0,17.9973,0.3435,0,1486,0,-3.047737,0.195268,3.337917,0.0034755,0.0384866,-0.0011544,0.9992524
1788248712476186624,OK,1,0,18.9268,0.342917,0,1443,0,-3.048694,0.196142,3.349070,0.0032699,0.0384604,-0.0012278,0.9992540
1788248712509525760,OK,1,0,17.3098,0.315542,0,1405,0,-3.045867,0.197419,3.358389,0.0035585,0.0387551,-0.0013186,0.9992415
1788248712542863872,OK,1,0,17.129,0.357709,0,1407,0,-3.044939,0.196997,3.365207,0.0040155,0.0389287,-0.0011914,0.9992332
1788248712576203008,OK,1,0,19.6887,0.348333,0,1409,0,-3.043687,0.195311,3.376316,0.0037327,0.0385372,-0.0010542,0.9992497
1788248712609541632,OK,1,0,17.3953,0.347667,0,1407,0,-3.043781,0.196800,3.386041,0.0038968,0.0385967,-0.0009105,0.9992468
1788248712642880768,OK,1,0,18.0791,0.327042,0,1453,0,-3.049760,0.195076,3.395649,0.0040951,0.0395780,-0.0012821,0.9992073
1788248712676219904,OK,1,0,17.9237,0.337917,0,1463,0,-3.047092,0.196389,3.406724,0.0044695,0.0389841,-0.0012429,0.9992291
1788248712709562880,OK,1,0,18.1938,0.322916,0,1435,0,-3.046497,0.194307,3.415361,0.0043929,0.0389092,-0.0011525,0.9992325
1788248712742906368,OK,1,0,17.1585,0.354042,0,1438,0,-3.045118,0.193305,3.424521,0.0043844,0.0393819,-0.0009131,0.9992142
1788248712776249344,OK,1,0,17.3782,0.331459,0,1711,0,-3.041998,0.192390,3.433894,0.0046882,0.0395242,-0.0008342,0.9992073
1788248712809592576,OK,1,0,18.4455,0.352667,0,1547,0,-3.041280,0.191536,3.442528,0.0046833,0.0393490,-0.0006990,0.9992144
1788248712842935808,OK,1,0,18.0512,0.335958,0,1614,0,-3.042200,0.193649,3.452449,0.0047920,0.0396819,-0.0008169,0.9992006
1788248712876278784,OK,1,0,17.5076,0.342541,0,1568,0,-3.041097,0.194010,3.461631,0.0046904,0.0398731,-0.0012457,0.9991930
1788248712909622272,OK,1,0,18.4714,0.355167,0,1557,0,-3.042518,0.194886,3.471244,0.0048126,0.0397288,-0.0018633,0.9991972
1788248712942965504,OK,1,0,20.2913,0.343083,0,1558,0,-3.041734,0.194729,3.482481,0.0048866,0.0393535,-0.0021313,0.9992111
1788248712976308736,OK,1,0,18.4233,0.348667,0,1564,0,-3.041720,0.193595,3.492170,0.0046628,0.0396194,-0.0022396,0.9992015
1788248713009651456,OK,1,0,19.0027,0.347792,0,1551,0,-3.040025,0.194371,3.500120,0.0049054,0.0398586,-0.0021192,0.9991910
1788248713042994688,OK,1,0,19.5017,0.349833,0,1545,0,-3.038184,0.194944,3.509477,0.0054459,0.0396571,-0.0019281,0.9991966
1788248713076338176,OK,1,0,17.2743,0.322209,0,1527,0,-3.038790,0.194005,3.516998,0.0057421,0.0395588,-0.0018766,0.9991990
1788248713109681664,OK,1,0,18.3831,0.366542,0,1506,0,-3.037547,0.194932,3.525675,0.0058496,0.0396960,-0.0019519,0.9991928
1788248713143025152,OK,1,0,20.6584,0.342542,0,1522,0,-3.037597,0.194760,3.533154,0.0060239,0.0399745,-0.0022121,0.9991801
1788248713176368640,OK,1,0,17.9254,0.338708,0,1492,0,-3.036309,0.195478,3.542897,0.0064077,0.0395964,-0.0025271,0.9991920
1788248713209712384,OK,1,0,17.2556,0.346792,0,1509,0,-3.036207,0.195238,3.552328,0.0058520,0.0394730,-0.0024256,0.9992006
1788248713243055872,OK,1,0,19.7328,0.353292,0,1460,0,-3.033771,0.197216,3.563561,0.0054548,0.0397022,-0.0022872,0.9991941
1788248713276399616,OK,1,0,17.6767,0.332666,0,1449,0,-3.032763,0.198141,3.572348,0.0054627,0.0397070,-0.0021005,0.9991942
1788248713309743360,OK,1,0,17.1314,0.332834,0,1434,0,-3.032558,0.198173,3.580788,0.0056058,0.0395476,-0.0019520,0.9992000
1788248713343086848,OK,1,0,17.5166,0.339417,0,1409,0,-3.030453,0.198765,3.589619,0.0058099,0.0397364,-0.0019941,0.9991913
1788248713376430848,OK,1,0,18.9716,0.326167,0,1431,0,-3.029090,0.199054,3.597856,0.0053906,0.0405511,-0.0020020,0.9991609
1788248713409774592,OK,1,0,17.0938,0.340167,0,1391,0,-3.028283,0.200623,3.607738,0.0049647,0.0416272,-0.0021818,0.9991185
1788248713443117312,OK,1,0,16.8504,0.337625,0,1428,0,-3.026484,0.199698,3.617415,0.0045988,0.0429860,-0.0022445,0.9990626
1788248713476461056,OK,1,0,18.9166,0.312875,0,1438,0,-3.024173,0.199883,3.625321,0.0047919,0.0443085,-0.0020113,0.9990044
1788248713509805056,OK,1,0,18.1246,0.3725,0,1423,0,-3.024401,0.208294,3.632538,0.0058734,0.0462925,-0.0021117,0.9989084
1788248713543149056,OK,1,0,16.7027,0.304708,0,1447,0,-3.020681,0.209713,3.640372,0.0060943,0.0480929,-0.0020717,0.9988222
1788248713576493056,OK,1,0,16.6742,0.305708,0,1450,0,-3.017989,0.208012,3.648511,0.0062373,0.0500673,-0.0018026,0.9987248
1788248713609837056,OK,1,0,16.8502,0.328625,0,1417,0,-3.014408,0.208633,3.654046,0.0062581,0.0524464,-0.0017769,0.9986026
1788248713643181056,OK,1,0,18.1548,0.311875,0,1428,0,-3.011224,0.209486,3.660909,0.0061327,0.0549310,-0.0018508,0.9984697
1788248713676525056,OK,1,0,17.3406,0.319,0,1436,0,-3.008273,0.211065,3.670229,0.0061598,0.0569653,-0.0020803,0.9983550
1788248713709868544,OK,1,0,17.6121,0.348333,0,1419,0,-3.005908,0.210855,3.677465,0.0060965,0.0592901,-0.0021456,0.9982199
1788248713743212288,OK,1,0,17.1778,0.331209,0,1435,0,-3.004267,0.210859,3.685424,0.0060547,0.0621016,-0.0022471,0.9980490
1788248713776556032,OK,1,0,18.2529,0.332333,0,1412,0,-3.000226,0.210894,3.693198,0.0060152,0.0640562,-0.0025235,0.9979250
1788248713809899776,OK,1,0,17.644,0.344958,0,1414,0,-2.996429,0.210451,3.701509,0.0059541,0.0657298,-0.0025530,0.9978164
1788248713843243520,OK,1,0,17.3695,0.325542,0,1416,0,-2.993058,0.211907,3.708847,0.0060003,0.0681418,-0.0024121,0.9976547
1788248713876586240,OK,1,0,18.3735,0.364542,0,1573,0,-2.989463,0.211093,3.715687,0.0056761,0.0705011,-0.0023322,0.9974928
1788248713909930240,OK,1,0,19.5848,0.330417,0,1484,0,-2.985887,0.211727,3.723692,0.0057227,0.0723350,-0.0023045,0.9973613
1788248713943273984,OK,1,0,17.3194,0.335375,0,1545,0,-2.983671,0.212046,3.730070,0.0059418,0.0746270,-0.0026001,0.9971904
1788248713976617984,OK,1,0,17.1182,0.331,0,1516,0,-2.981573,0.211701,3.736824,0.0061933,0.0769509,-0.0029013,0.9970114
1788248714009961728,OK,1,0,18.1285,0.347666,0,1531,0,-2.978342,0.212791,3.745647,0.0063788,0.0786287,-0.0035152,0.9968774
1788248714043305728,OK,1,0,17.3725,0.338667,0,1540,0,-2.973935,0.213887,3.753574,0.0064721,0.0802826,-0.0034552,0.9967452
1788248714076649728,OK,1,0,17.5117,0.350833,0,1475,0,-2.969370,0.214272,3.761822,0.0060253,0.0826915,-0.0031680,0.9965520
1788248714109993728,OK,1,0,20.0918,0.282,0,1459,0,-2.965661,0.215429,3.771082,0.0054923,0.0847456,-0.0028403,0.9963835
1788248714143337984,OK,1,0,20.0514,0.332625,0,1434,0,-2.962834,0.215987,3.778464,0.0052187,0.0857129,-0.0027427,0.9963025
1788248714176681984,OK,1,0,17.628,0.329958,0,1413,0,-2.961230,0.215969,3.787783,0.0049272,0.0869296,-0.0028577,0.9961982
1788248714210026240,OK,1,0,18.6375,0.388834,0,1430,0,-2.961487,0.215906,3.795486,0.0048490,0.0887539,-0.0032289,0.9960366
1788248714243370240,OK,1,0,20.239,0.346958,0,1440,0,-2.957934,0.218085,3.803601,0.0051439,0.0895601,-0.0037613,0.9959611
1788248714276714496,OK,1,0,17.6177,0.349875,0,1416,0,-2.956722,0.216908,3.811485,0.0051008,0.0901176,-0.0038138,0.9959108
1788248714310058752,OK,1,0,18.9375,0.373166,0,1421,0,-2.955053,0.217744,3.819313,0.0052876,0.0913567,-0.0037358,0.9957972
1788248714343401984,OK,1,0,20.0794,0.336083,0,1412,0,-2.948829,0.217099,3.828046,0.0049657,0.0918175,-0.0036129,0.9957569
1788248714376746240,OK,1,0,17.2059,0.329084,0,1381,0,-2.948239,0.218617,3.835949,0.0046426,0.0921816,-0.0037312,0.9957244
1788248714410090752,OK,1,0,18.1748,0.336458,0,1393,0,-2.946393,0.219525,3.846029,0.0043850,0.0922158,-0.0039699,0.9957215
1788248714443435264,OK,1,0,19.4199,0.303334,0,1390,0,-2.945694,0.217592,3.855398,0.0039053,0.0931439,-0.0041928,0.9956362
1788248714476779776,OK,1,0,17.3758,0.319875,0,1352,0,-2.944231,0.219252,3.864255,0.0040047,0.0936166,-0.0046374,0.9955895
1788248714510124288,OK,1,0,17.2102,0.355667,0,1330,0,-2.942190,0.219802,3.873125,0.0037700,0.0932888,-0.0046706,0.9956210
1788248714543468800,OK,1,0,18.9063,0.317166,0,1333,0,-2.938190,0.219666,3.881210,0.0037555,0.0932400,-0.0046258,0.9956259
1788248714576813312,OK,1,0,16.8294,0.3545,0,1340,0,-2.937906,0.219329,3.887909,0.0040303,0.0941337,-0.0043339,0.9955420
1788248714610158080,OK,1,0,16.9712,0.378708,0,1306,0,-2.935184,0.220315,3.894883,0.0042178,0.0943078,-0.0044361,0.9955243
1788248714643502336,OK,1,0,17.1865,0.347292,0,1315,0,-2.934691,0.221150,3.905380,0.0040927,0.0943452,-0.0047423,0.9955199
1788248714676847104,OK,1,0,18.1278,0.340875,0,1365,0,-2.938242,0.223159,3.913250,0.0042426,0.0952621,-0.0049683,0.9954308
1788248714710189568,OK,1,0,17.6552,0.356459,0,1718,0,-2.935597,0.223450,3.923283,0.0041253,0.0958722,-0.0048614,0.9953732
1788248714743531776,OK,1,0,18.8835,0.316292,0,1512,0,-2.933041,0.223755,3.931319,0.0040062,0.0962993,-0.0046709,0.9953334
1788248714776872704,OK,1,0,17.2962,0.353583,0,1564,0,-2.930498,0.223363,3.939564,0.0037283,0.0964573,-0.0044788,0.9953201
1788248714810215168,OK,1,0,18.359,0.362209,0,1520,0,-2.930523,0.224087,3.947481,0.0038223,0.0969306,-0.0042326,0.9952748
1788248714843557376,OK,1,0,18.0354,0.330709,0,1499,0,-2.927342,0.224471,3.957091,0.0039772,0.0972791,-0.0044583,0.9952392
1788248714876899840,OK,1,0,17.726,0.337625,0,1462,0,-2.924240,0.225219,3.965742,0.0040522,0.0973539,-0.0047506,0.9952303
1788248714910242304,OK,1,0,18.0154,0.362917,0,1448,0,-2.923322,0.224547,3.974100,0.0037908,0.0974898,-0.0051998,0.9952157
1788248714943584512,OK,1,0,19.4342,0.325625,0,1443,0,-2.921483,0.225413,3.983067,0.0032451,0.0976210,-0.0056356,0.9952024
1788248714976926720,OK,1,0,17.7041,0.349959,0,1438,0,-2.919616,0.226717,3.992207,0.0026574,0.0981390,-0.0056025,0.9951534
1788248715010269184,OK,1,0,20.4378,0.400583,0,1390,0,-2.915422,0.227662,4.003912,0.0022699,0.0984617,-0.0051714,0.9951248
1788248715043611648,OK,1,0,17.0567,0.353708,0,1420,0,-2.913856,0.229614,4.012647,0.0019742,0.0988877,-0.0049819,0.9950842
1788248715076954112,OK,1,0,19.1933,0.362125,0,1425,0,-2.912842,0.230076,4.020741,0.0016544,0.0991486,-0.0048418,0.9950595
1788248715110296320,OK,1,0,19.3777,0.33725,0,1399,0,-2.909846,0.229736,4.029016,0.0016887,0.0993834,-0.0048468,0.9950360
1788248715143639040,OK,1,0,17.3639,0.354042,0,1363,0,-2.909060,0.230519,4.037606,0.0019376,0.0999201,-0.0050773,0.9949806
1788248715176981504,OK,1,0,16.9823,0.362167,0,1326,0,-2.906469,0.231557,4.046047,0.0020837,0.0999498,-0.0052675,0.9949764
1788248715210322944,OK,1,0,17.6133,0.365792,0,1350,0,-2.905216,0.230968,4.053552,0.0020760,0.1002245,-0.0051198,0.9949495
1788248715243665408,OK,1,0,17.566,0.363125,0,1327,0,-2.900451,0.231129,4.063064,0.0018858,0.1004716,-0.0051008,0.9949251
1788248715277008128,OK,1,0,17.5196,0.341583,0,1333,0,-2.898144,0.232546,4.071700,0.0016241,0.1009802,-0.0049534,0.9948748
1788248715310350592,OK,1,0,17.6137,0.336625,0,1300,0,-2.896689,0.233093,4.079305,0.0013173,0.1013478,-0.0047227,0.9948390
1788248715343693056,OK,1,0,17.5778,0.351416,0,1309,0,-2.895492,0.234375,4.088607,0.0014794,0.1018023,-0.0046424,0.9947928
1788248715377035776,OK,1,0,17.2473,0.365708,0,1294,0,-2.893886,0.235097,4.096935,0.0016387,0.1020771,-0.0047993,0.9947636
1788248715410378496,OK,1,0,16.9958,0.342333,0,1278,0,-2.891761,0.234500,4.106977,0.0016767,0.1022336,-0.0050026,0.9947464
1788248715443720960,OK,1,0,17.0088,0.353792,0,1287,0,-2.887750,0.233723,4.109270,0.0015940,0.1022073,-0.0047224,0.9947507
1788248715477063680,OK,1,0,16.9759,0.350708,0,1695,0,-2.886643,0.234918,4.117668,0.0019575,0.1026599,-0.0047017,0.9947035
1788248715510406144,OK,1,0,17.6365,0.339625,0,1471,0,-2.885249,0.233918,4.125180,0.0015399,0.1028289,-0.0047294,0.9946866
1788248715543749120,OK,1,0,18.1762,0.366709,0,1571,0,-2.882884,0.235932,4.135010,0.0011574,0.1030448,-0.0046457,0.9946652
1788248715577091840,OK,1,0,17.1895,0.324834,0,1509,0,-2.881051,0.237592,4.144506,0.0006850,0.1033033,-0.0044539,0.9946397
1788248715610434560,OK,1,0,17.8842,0.350375,0,1506,0,-2.879019,0.237695,4.154354,0.0004112,0.1033970,-0.0043852,0.9946305
1788248715643776256,OK,1,0,20.1761,0.322,0,1478,0,-2.877127,0.237727,4.161688,0.0005704,0.1033122,-0.0045300,0.9946385
1788248715677118976,OK,1,0,17.4763,0.341,0,1461,0,-2.876022,0.237669,4.170527,0.0008088,0.1033170,-0.0047701,0.9946367
1788248715710458624,OK,1,0,18.7184,0.334542,0,1459,0,-2.873951,0.240076,4.179307,0.0015180,0.1033822,-0.0049661,0.9946282
1788248715743798272,OK,1,0,20.2365,0.354166,0,1470,0,-2.871924,0.238215,4.184948,0.0019425,0.1035025,-0.0048809,0.9946153
1788248715777137920,OK,1,0,17.6231,0.324291,0,1433,0,-2.870515,0.239543,4.193123,0.0022945,0.1037912,-0.0047128,0.9945853
1788248715810477568,OK,1,0,17.218,0.347375,0,1443,0,-2.868348,0.240673,4.202158,0.0020328,0.1037937,-0.0046838,0.9945858
1788248715843817216,OK,1,0,20.0103,0.346916,0,1430,0,-2.866660,0.241936,4.213262,0.0016632,0.1038102,-0.0047780,0.9945843
1788248715877156864,OK,1,0,17.1858,0.342833,0,1401,0,-2.863734,0.240891,4.221785,0.0013219,0.1035792,-0.0047825,0.9946088
1788248715910496000,OK,1,0,17.1971,0.360125,0,1367,0,-2.861886,0.242550,4.231344,0.0014364,0.1035595,-0.0049221,0.9946101
1788248715943835648,OK,1,0,19.4989,0.348292,0,1374,0,-2.860971,0.242355,4.239866,0.0013672,0.1035577,-0.0049960,0.9946100
1788248715977175296,OK,1,0,18.1649,0.356875,0,1394,0,-2.858352,0.241544,4.247656,0.0016293,0.1035576,-0.0049575,0.9946098
1788248716010514688,OK,1,0,17.5152,0.339417,0,1350,0,-2.855256,0.241776,4.255069,0.0022563,0.1038085,-0.0048753,0.9945828
1788248716043854336,OK,1,0,17.034,0.35625,0,1337,0,-2.852427,0.241561,4.263072,0.0021480,0.1040045,-0.0045968,0.9945639
1788248716077193728,OK,1,0,17.697,0.333542,0,1335,0,-2.849786,0.241281,4.271463,0.0015987,0.1041395,-0.0044374,0.9945515
1788248716110532352,OK,1,0,16.898,0.350791,0,1330,0,-2.848017,0.242682,4.282013,0.0013868,0.1042636,-0.0042782,0.9945396
1788248716143871488,OK,1,0,17.4564,0.351333,0,1331,0,-2.844921,0.243157,4.290386,0.0015433,0.1039798,-0.0043715,0.9945686
1788248716177210880,OK,1,0,17.9885,0.34575,0,1345,0,-2.843636,0.243047,4.299880,0.0014421,0.1033296,-0.0044461,0.9946362
1788248716210550528,OK,1,0,18.6969,0.337042,0,1362,0,-2.841523,0.245167,4.309525,0.0011669,0.1032133,-0.0046504,0.9946477
1788248716243889920,OK,1,0,16.7694,0.335792,0,1656,0,-2.838368,0.246806,4.318930,0.0010099,0.1036401,-0.0045087,0.9946042
1788248716277229312,OK,1,0,16.8153,0.35125,0,1439,0,-2.834641,0.247106,4.327525,0.0009507,0.1037408,-0.0040649,0.9945956
1788248716310568704,OK,1,0,18.5655,0.40125,0,1520,0,-2.834544,0.247702,4.335466,0.0010994,0.1041441,-0.0039437,0.9945538
1788248716343907840,OK,1,0,16.8945,0.341375,0,1500,0,-2.830621,0.247846,4.344338,0.0008042,0.1040013,-0.0037665,0.9945697
1788248716377247232,OK,1,0,18.4893,0.349459,0,1495,0,-2.826480,0.248719,4.355780,0.0003722,0.1042039,-0.0036620,0.9945492
1788248716410586624,OK,1,0,18.5876,0.353917,0,1484,0,-2.825214,0.249994,4.364687,0.0002211,0.1043329,-0.0039900,0.9945344
1788248716443925760,OK,1,0,17.19,0.35375,0,1438,0,-2.824555,0.250927,4.374605,0.0004397,0.1036691,-0.0044921,0.9946016
1788248716477265152,OK,1,0,17.4541,0.365292,0,1453,0,-2.825432,0.253317,4.384822,0.0005027,0.1035180,-0.0047288,0.9946163
1788248716510604544,OK,1,0,17.6135,0.338625,0,1395,0,-2.822904,0.252460,4.394127,0.0001299,0.1040463,-0.0045445,0.9945621
1788248716543942656,OK,1,0,18.8061,0.34075,0,1409,0,-2.819195,0.253065,4.401451,0.0003536,0.1042732,-0.0041298,0.9945401
1788248716577282048,OK,1,0,18.2931,0.376042,0,1431,0,-2.817769,0.253352,4.409385,0.0009170,0.1041539,-0.0038288,0.9945534
1788248716610621184,OK,1,0,17.0817,0.344792,0,1391,0,-2.814406,0.253379,4.417852,0.0013041,0.1035541,-0.0036754,0.9946162
1788248716643960576,OK,1,0,18.5987,0.339292,0,1360,0,-2.812111,0.253327,4.423878,0.0015817,0.1034943,-0.0035914,0.9946223
1788248716677299456,OK,1,0,16.8931,0.323375,0,1385,0,-2.811903,0.254836,4.431441,0.0022206,0.1036887,-0.0038816,0.9945998
1788248716710654208,OK,1,0,18.4403,0.344875,0,1405,0,-2.813013,0.254387,4.438769,0.0020992,0.1025869,-0.0039139,0.9947141
1788248716744009216,OK,1,0,19.1174,0.333042,0,1395,0,-2.812444,0.254693,4.446878,0.0022351,0.1006968,-0.0042276,0.9949057
1788248716777364224,OK,1,0,17.127,0.359375,0,1350,0,-2.811823,0.253873,4.452612,0.0019763,0.0994769,-0.0040270,0.9950297
1788248716810719488,OK,1,0,18.2428,0.355166,0,1370,0,-2.811782,0.253739,4.458579,0.0017803,0.0988579,-0.0038674,0.9950925
1788248716844074752,OK,1,0,18.0922,0.364959,0,1354,0,-2.810241,0.254000,4.463779,0.0019986,0.0970452,-0.0035900,0.9952715
1788248716877430272,OK,1,0,17.1228,0.344417,0,1351,0,-2.811188,0.255321,4.469847,0.0024909,0.0943120,-0.0034681,0.9955335
1788248716910785536,OK,1,0,16.9765,0.341417,0,1396,0,-2.812824,0.254727,4.475227,0.0023718,0.0916752,-0.0032609,0.9957808
1788248716944141312,OK,1,0,25.4749,0.340417,0,1425,0,-2.813472,0.256219,4.477719,0.0025709,0.0886388,-0.0030823,0.9960558
1788248716977497088,OK,1,0,17.2555,0.361042,0,1452,0,-2.815185,0.255908,4.483588,0.0024527,0.0853216,-0.0032281,0.9963452
1788248717010852096,OK,1,0,17.5486,0.319,0,1459,0,-2.818556,0.256038,4.488845,0.0023269,0.0817570,-0.0030195,0.9966450
1788248717044208128,OK,1,0,16.6347,0.310375,0,1453,0,-2.820843,0.257056,4.494871,0.0022359,0.0778995,-0.0030144,0.9969541
1788248717077564160,OK,1,0,17.0987,0.360875,0,1482,0,-2.823465,0.257553,4.500419,0.0025592,0.0741615,-0.0027822,0.9972391
1788248717110920704,OK,1,0,17.4078,0.333958,0,1464,0,-2.825428,0.259122,4.505773,0.0028058,0.0700496,-0.0026296,0.9975361
1788248717144276736,OK,1,0,17.6045,0.322958,0,1473,0,-2.829731,0.257840,4.510314,0.0024165,0.0659002,-0.0023500,0.9978206
1788248717177633536,OK,1,0,16.9514,0.342042,0,1441,0,-2.832591,0.257518,4.515131,0.0023793,0.0618668,-0.0023226,0.9980789
1788248717210990080,OK,1,0,17.1275,0.341375,0,1450,0,-2.834994,0.257588,4.520033,0.0029334,0.0587316,-0.0022147,0.9982671
1788248717244346880,OK,1,0,21.0383,0.303583,0,1430,0,-2.837981,0.257571,4.522738,0.0027878,0.0555281,-0.0018998,0.9984515
1788248717277703936,OK,1,0,16.4931,0.365916,0,1465,0,-2.842185,0.258010,4.527795,0.0022413,0.0509980,-0.0016946,0.9986948
1788248717311060736,OK,1,0,17.2094,0.373167,0,1469,0,-2.846142,0.258552,4.533337,0.0020221,0.0467107,-0.0016141,0.9989051
1788248717344418048,OK,1,0,17.3629,0.350917,0,1518,0,-2.850298,0.258242,4.536177,0.0020512,0.0430038,-0.0016076,0.9990715
1788248717377775104,OK,1,0,16.9857,0.318708,0,1480,0,-2.853454,0.257893,4.539118,0.0023689,0.0389818,-0.0013147,0.9992363
1788248717411132672,OK,1,0,19.3438,0.314666,0,1473,0,-2.856237,0.258417,4.542752,0.0026525,0.0347517,-0.0011113,0.9993919
1788248717444488960,OK,1,0,17.8439,0.308167,0,1831,0,-2.860821,0.257651,4.545303,0.0026675,0.0306676,-0.0008882,0.9995257
1788248717477846784,OK,1,0,19.5387,0.369042,0,1628,0,-2.864500,0.257856,4.548527,0.0026605,0.0265380,-0.0009235,0.9996439
1788248717511204352,OK,1,0,18.8155,0.34275,0,1710,0,-2.868575,0.257878,4.551495,0.0025512,0.0222763,-0.0010492,0.9997481
1788248717544562176,OK,1,0,17.5408,0.342,0,1651,0,-2.874563,0.258079,4.554811,0.0025104,0.0182057,-0.0008913,0.9998307
1788248717577920256,OK,1,0,19.114,0.397125,0,1700,0,-2.877564,0.259211,4.559948,0.0025421,0.0136616,-0.0005148,0.9999033
1788248717611278336,OK,1,0,17.7432,0.355375,0,1651,0,-2.882709,0.258564,4.561835,0.0023949,0.0096003,-0.0003528,0.9999510
1788248717644636672,OK,1,0,18.2243,0.350833,0,1660,0,-2.885826,0.259075,4.565853,0.0025697,0.0050863,-0.0002850,0.9999837
1788248717677994752,OK,1,0,18.7033,0.354083,0,1627,0,-2.891027,0.258226,4.568403,0.0024547,0.0005782,-0.0001775,0.9999968
1788248717711337984,OK,1,0,18.4526,0.341083,0,1660,0,-2.895650,0.257806,4.571898,0.0024352,-0.0039966,-0.0000517,0.9999890
1788248717744681216,OK,1,0,19.7035,0.358542,0,1660,0,-2.900332,0.257521,4.574234,0.0024910,-0.0083116,0.0002447,0.9999623
1788248717778024192,OK,1,0,17.6347,0.354333,0,1609,0,-2.904968,0.257664,4.577035,0.0027139,-0.0127309,0.0005037,0.9999152
1788248717811367424,OK,1,0,19.1074,0.369167,0,1572,0,-2.910793,0.256139,4.579793,0.0027274,-0.0170487,0.0004004,0.9998509
1788248717844710400,OK,1,0,17.3394,0.331958,0,1571,0,-2.916416,0.256096,4.582462,0.0027340,-0.0217706,0.0008444,0.9997589
1788248717878052608,OK,1,0,17.2623,0.3635,0,1588,0,-2.920952,0.256279,4.585930,0.0026629,-0.0266723,0.0008514,0.9996403
1788248717911396096,OK,1,0,17.3373,0.305584,0,1591,0,-2.927456,0.255775,4.589725,0.0026787,-0.0312783,0.0009097,0.9995067
1788248717944739328,OK,1,0,17.359,0.34025,0,1580,0,-2.933361,0.256106,4.591921,0.0028861,-0.0362405,0.0007275,0.9993387
1788248717978082816,OK,1,0,19.4226,0.347125,0,1597,0,-2.938519,0.255933,4.592636,0.0028835,-0.0412051,0.0007244,0.9991463
1788248718011426048,OK,1,0,17.357,0.34675,0,1557,0,-2.943739,0.256022,4.596603,0.0028323,-0.0462143,0.0012418,0.9989268
1788248718044769280,OK,1,0,17.739,0.327375,0,1551,0,-2.947421,0.256227,4.598176,0.0028316,-0.0512456,0.0017626,0.9986805
1788248718078112768,OK,1,0,17.9219,0.348583,0,1499,0,-2.953532,0.257569,4.602112,0.0030868,-0.0563987,0.0019610,0.9984016
1788248718111456256,OK,1,0,18.3933,0.319208,0,1535,0,-2.960612,0.256780,4.603527,0.0029768,-0.0615506,0.0022694,0.9980969
1788248718144799488,OK,1,0,17.5361,0.31675,0,1495,0,-2.964397,0.257236,4.606223,0.0028547,-0.0671398,0.0028186,0.9977355
1788248718178142976,OK,1,0,17.4088,0.37725,0,1507,0,-2.970125,0.256710,4.608685,0.0026852,-0.0722501,0.0033140,0.9973775
1788248718211486464,OK,1,0,17.1655,0.364125,0,1472,0,-2.977702,0.256009,4.610916,0.0023952,-0.0774027,0.0034346,0.9969912
1788248718244829952,OK,1,0,18.4026,0.339916,0,2302,0,-2.983706,0.255883,4.616095,0.0024843,-0.0831451,0.0035167,0.9965281
1788248718278173952,OK,1,0,19.9078,0.338125,0,1834,0,-2.989456,0.255121,4.617251,0.0022089,-0.0886822,0.0037031,0.9960507
1788248718311517440,OK,1,0,18.5288,0.360583,0,1803,0,-2.994579,0.254571,4.619720,0.0020387,-0.0944248,0.0042539,0.9955208
1788248718344859904,OK,1,0,17.8973,0.352708,0,1779,0,-2.999486,0.253869,4.621317,0.0022597,-0.1001666,0.0043471,0.9949586
1788248718378203648,OK,1,0,18.6653,0.367167,0,1749,0,-3.007219,0.252505,4.622405,0.0021446,-0.1057893,0.0047062,0.9943751
1788248718411547136,OK,1,0,20.0094,0.355834,0,1658,0,-3.013103,0.252617,4.624069,0.0018899,-0.1118491,0.0051699,0.9937100
1788248718444890880,OK,1,0,18.0283,0.33575,0,1631,0,-3.019937,0.252255,4.625952,0.0016762,-0.1177597,0.0052903,0.9930266
1788248718478234624,OK,1,0,18.0933,0.384791,0,1617,0,-3.027731,0.253855,4.628872,0.0020348,-0.1239881,0.0049311,0.9922694
1788248718511578368,OK,1,0,18.5578,0.343208,0,1583,0,-3.034007,0.253545,4.628549,0.0018450,-0.1303807,0.0050979,0.9914492
1788248718544922112,OK,1,0,16.7446,0.338375,0,1542,0,-3.040745,0.252272,4.629987,0.0015002,-0.1366415,0.0059399,0.9906016
1788248718578266112,OK,1,0,19.8759,0.362042,0,1485,0,-3.048236,0.253155,4.631274,0.0016982,-0.1429826,0.0066706,0.9897013
1788248718611609856,OK,1,0,16.1115,0.330416,0,1475,0,-3.053871,0.253590,4.632674,0.0021027,-0.1497930,0.0070016,0.9886904
1788248718644953600,OK,1,0,17.8652,0.4,0,1424,0,-3.057855,0.251813,4.632442,0.0016401,-0.1567914,0.0074344,0.9876024
1788248718678297600,OK,1,0,18.1892,0.336875,0,1367,0,-3.064036,0.252906,4.636281,0.0014034,-0.1634035,0.0081678,0.9865245
1788248718711639808,OK,1,0,16.2047,0.346625,0,1342,0,-3.072456,0.252824,4.636962,0.0014046,-0.1698590,0.0082813,0.9854326
1788248718744991744,OK,1,0,16.3781,0.345041,0,1317,0,-3.078655,0.250295,4.635746,0.0010716,-0.1769252,0.0083851,0.9841880
1788248718778355968,OK,1,0,15.8134,0.355208,0,1274,0,-3.086015,0.252057,4.637514,0.0009893,-0.1838793,0.0085892,0.9829108
1788248718811721216,OK,1,0,16.1058,0.317167,0,1244,0,-3.093034,0.251908,4.637117,0.0008178,-0.1906859,0.0088647,0.9816108
1788248718845086720,OK,1,0,15.3271,0.360458,0,1236,0,-3.097062,0.250941,4.637536,0.0009623,-0.1979615,0.0090313,0.9801677
1788248718878452480,OK,1,0,14.3065,0.34,0,1201,0,-3.103814,0.251263,4.639923,0.0009889,-0.2049696,0.0098936,0.9787179
1788248718911818240,OK,1,0,15.07,0.354125,0,1190,0,-3.109347,0.253390,4.640217,0.0009068,-0.2119803,0.0107520,0.9772144
1788248718945184256,OK,1,0,16.6747,0.352291,0,1159,0,-3.114843,0.251841,4.640342,0.0009094,-0.2187559,0.0112538,0.9757143
1788248718978550272,OK,1,0,14.8819,0.350084,0,1131,0,-3.119062,0.250882,4.641230,0.0009493,-0.2260066,0.0114181,0.9740584
1788248719011916544,OK,1,0,21.7554,0.346417,0,1131,0,-3.123963,0.254180,4.641144,0.0013289,-0.2330407,0.0122546,0.9723889
1788248719045283072,OK,1,0,14.5602,0.358708,0,1144,0,-3.128273,0.253723,4.642501,0.0014131,-0.2401028,0.0125818,0.9706649
1788248719078649600,OK,1,0,15.6668,0.338833,0,2034,0,-3.133706,0.252119,4.640095,0.0015546,-0.2470550,0.0132255,0.9689100
1788248719112016384,OK,1,0,18.7007,0.341291,0,1697,0,-3.141261,0.251074,4.640106,0.0014107,-0.2540250,0.0136929,0.9670997
1788248719145383168,OK,1,0,16.0546,0.323083,0,1533,0,-3.146981,0.251244,4.639493,0.0011452,-0.2610241,0.0139896,0.9652302
1788248719178750208,OK,1,0,15.913,0.338,0,1465,0,-3.153884,0.249618,4.637825,0.0008588,-0.2677584,0.0141344,0.9633821
1788248719212116224,OK,1,0,16.3155,0.348542,0,1397,0,-3.160743,0.250168,4.640211,0.0012719,-0.2748606,0.0144274,0.9613751
1788248719245483520,OK,1,0,17.2907,0.336625,0,1390,0,-3.164713,0.249416,4.637868,0.0010129,-0.2820204,0.0148414,0.9592931
1788248719278851072,OK,1,0,15.5513,0.350042,0,1361,0,-3.170117,0.249594,4.637841,0.0011423,-0.2890197,0.0153224,0.9571999
1788248719312218624,OK,1,0,15.0436,0.353833,0,1289,0,-3.178472,0.249457,4.636293,0.0013794,-0.2957434,0.0158351,0.9551352
1788248719345586432,OK,1,0,14.922,0.334167,0,1240,0,-3.184500,0.250126,4.633976,0.0013915,-0.3027864,0.0163668,0.9529169
1788248719378954240,OK,1,0,14.9302,0.37125,0,1217,0,-3.190744,0.249648,4.633087,0.0011192,-0.3097155,0.0164260,0.9506867
1788248719412322560,OK,1,0,16.0169,0.331459,0,1152,0,-3.199486,0.247646,4.632567,0.0010486,-0.3166207,0.0159311,0.9484179
1788248719445690624,OK,1,0,13.548,0.366542,0,1112,0,-3.204630,0.247613,4.630431,0.0012307,-0.3236834,0.0161526,0.9460267
1788248719479059200,OK,1,0,13.8536,0.386333,0,1100,0,-3.208243,0.244770,4.627065,0.0010976,-0.3305892,0.0166235,0.9436277
1788248719512427520,OK,1,0,16.1734,0.348042,0,1055,0,-3.211471,0.242162,4.626189,0.0009514,-0.3376940,0.0173148,0.9410962
1788248719545796096,OK,1,0,14.7629,0.334875,0,1037,0,-3.216125,0.240026,4.626342,0.0008099,-0.3446739,0.0182944,0.9385439
1788248719579164928,OK,1,0,12.67,0.35475,0,1001,0,-3.220739,0.238063,4.624267,0.0004705,-0.3514360,0.0189380,0.9360203
1788248719612534016,OK,1,0,13.058,0.346291,0,947,0,-3.224054,0.236314,4.621663,0.0003201,-0.3581396,0.0190379,0.9334739
1788248719645903104,OK,1,0,11.7818,0.301375,0,891,0,-3.232384,0.235737,4.620881,0.0004680,-0.3648251,0.0195026,0.9308717
1788248719679271168,OK,1,0,14.3866,0.341875,0,870,0,-3.236041,0.234946,4.619616,0.0001651,-0.3717420,0.0197662,0.9281257
1788248719712640512,OK,1,0,12.012,0.351334,0,814,0,-3.242481,0.235139,4.618189,0.0002712,-0.3781894,0.0202915,0.9255058
1788248719746000384,OK,1,0,21.1025,0.344625,0,792,0,-3.252014,0.234971,4.612503,0.0007689,-0.3841568,0.0204650,0.9230407
1788248719779347456,OK,1,0,12.2302,0.355292,0,761,0,-3.256752,0.234219,4.611984,0.0006481,-0.3907571,0.0210663,0.9202526
1788248719812694272,OK,1,0,12.018,0.379583,0,1647,0,-3.261538,0.232868,4.609530,0.0004468,-0.3971376,0.0219229,0.9174971
1788248719846041344,OK,1,0,14.5891,0.337375,0,1144,0,-3.266910,0.230782,4.607204,0.0001129,-0.4035662,0.0219471,0.9146872
1788248719879388160,OK,1,0,12.2061,0.353625,0,1040,0,-3.272957,0.230591,4.605367,0.0000702,-0.4103736,0.0218559,0.9116555
1788248719912735232,OK,1,0,12.0005,0.339916,0,965,0,-3.278186,0.228181,4.603385,-0.0006430,-0.4173384,0.0219749,0.9084852
1788248719946082304,OK,1,0,11.7761,0.354208,0,905,0,-3.284691,0.227352,4.600568,-0.0005655,-0.4238718,0.0221191,0.9054519
1788248719979429376,OK,1,0,11.9767,0.34775,0,878,0,-3.289769,0.227177,4.598475,-0.0002898,-0.4306194,0.0224007,0.9022555
1788248720012776704,OK,1,0,12.2623,0.347291,0,821,0,-3.297466,0.225305,4.593457,-0.0006132,-0.4366679,0.0225059,0.8993410
1788248720046123776,OK,1,0,12.0833,0.348083,0,794,0,-3.306298,0.226301,4.590206,-0.0002978,-0.4426754,0.0226099,0.8963968
1788248720079470592,OK,1,0,10.7183,0.370125,0,712,0,-3.310561,0.224007,4.586382,0.0001760,-0.4496420,0.0225975,0.8929230
1788248720112816896,OK,1,0,10.7003,0.358334,0,641,0,-3.317655,0.221847,4.581716,0.0002161,-0.4564517,0.0230201,0.8894504
1788248720146164224,OK,1,0,10.0157,0.350125,0,566,0,-3.321511,0.219489,4.579346,0.0001556,-0.4635413,0.0237155,0.8857579
1788248720179511552,OK,1,0,9.41371,0.3665,0,511,0,-3.327949,0.217297,4.575655,0.0001921,-0.4707018,0.0245032,0.8819520
1788248720212858624,OK,1,0,8.34604,0.35025,0,450,0,-3.335930,0.217710,4.572378,0.0003205,-0.4772974,0.0253410,0.8783763
1788248720246205952,OK,1,0,8.369,0.370166,0,397,0,-3.344298,0.217010,4.567699,0.0004141,-0.4838571,0.0258165,0.8747661
1788248720279553280,OK,1,0,7.83417,0.357667,0,351,0,-3.348608,0.217469,4.565129,0.0006644,-0.4911114,0.0261006,0.8707054
1788248720312900608,OK,1,0,8.09108,0.361916,0,330,0,-3.355269,0.218493,4.564572,0.0009711,-0.4977616,0.0269290,0.8668952
1788248720346247936,OK,1,0,8.07912,0.341208,0,679,0,-3.364439,0.218726,4.559871,0.0012837,-0.5044897,0.0273874,0.8629823
1788248720379595264,OK,1,0,8.43163,0.349917,0,413,0,-3.375028,0.222228,4.557728,0.0016391,-0.5109538,0.0276311,0.8591624
1788248720412942592,OK,1,0,7.30542,0.348208,0,397,0,-3.383217,0.223572,4.552446,0.0021715,-0.5173470,0.0278517,0.8553196
1788248720446290176,OK,1,0,6.95929,0.371458,0,310,0,-3.392067,0.225346,4.548341,0.0028127,-0.5242600,0.0281740,0.8510874
1788248720479637760,OK,1,0,6.17092,0.375125,0,306,0,-3.401511,0.225394,4.544870,0.0027766,-0.5313093,0.0283686,0.8466983
1788248720512985088,OK,1,0,6.05929,0.3325,0,294,0,-3.408878,0.225675,4.542662,0.0029732,-0.5380013,0.0288442,0.8424451
1788248720546331648,OK,1,0,6.53167,0.342875,0,256,0,-3.419035,0.225351,4.539175,0.0029407,-0.5448501,0.0292357,0.8380185
1788248720579679232,OK,1,0,6.6235,0.347709,0,265,0,-3.429986,0.225872,4.536985,0.0034436,-0.5515254,0.0294711,0.8336303
1788248720613026560,OK,1,0,6.52912,0.362458,0,257,0,-3.433362,0.224506,4.534452,0.0035461,-0.5582611,0.0299880,0.8291156
1788248720646374144,OK,1,0,6.39533,0.334834,0,224,0,-3.443022,0.225131,4.530766,0.0031626,-0.5647784,0.0307419,0.8246638
1788248720679721984,OK,1,0,5.91925,0.382708,0,225,0,-3.445702,0.224562,4.526673,0.0030968,-0.5715421,0.0312757,0.8199706
1788248720713069568,OK,1,0,6.275,0.380334,0,799,0,-3.458307,0.226008,4.521090,0.0029577,-0.5779113,0.0319925,0.8154669
1788248720746416128,OK,1,0,7.96208,0.349084,0,531,0,-3.463708,0.225865,4.517400,0.0031658,-0.5843443,0.0324024,0.8108525
1788248720779760384,OK,1,0,7.71325,0.333958,0,488,0,-3.472549,0.226095,4.512764,0.0034151,-0.5911087,0.0329729,0.8059105
1788248720813105152,OK,1,0,7.59808,0.346333,0,458,0,-3.481067,0.224605,4.508265,0.0032448,-0.5974938,0.0334586,0.8011687
1788248720846449920,OK,1,0,7.68433,0.335416,0,466,0,-3.489852,0.225667,4.503703,0.0034572,-0.6037824,0.0340690,0.7964134
1788248720879794432,OK,1,0,8.36942,0.360125,0,435,0,-3.500134,0.225557,4.496660,0.0034863,-0.6101925,0.0343768,0.7914994
1788248720913139200,OK,1,0,8.47183,0.358833,0,408,0,-3.510940,0.226649,4.492023,0.0038916,-0.6164832,0.0346119,0.7865974
1788248720946483968,OK,1,0,8.54075,0.33225,0,399,0,-3.518869,0.225626,4.484869,0.0035118,-0.6228781,0.0350264,0.7815266
1788248720979828736,OK,1,0,9.02029,0.33775,0,370,0,-3.528029,0.227024,4.478068,0.0035351,-0.6287527,0.0356707,0.7767787
1788248721013172480,OK,1,0,8.32367,0.37975,0,372,0,-3.538040,0.226549,4.471666,0.0035437,-0.6348518,0.0359465,0.7717892
1788248721046516992,OK,1,0,7.22663,0.534959,0,362,0,-3.551141,0.224847,4.465718,0.0037174,-0.6411632,0.0360769,0.7665470
1788248721079861760,OK,1,0,10.1226,0.35425,0,340,0,-3.558210,0.224356,4.459477,0.0038494,-0.6475282,0.0362794,0.7611678
1788248721113206528,OK,1,0,7.72129,0.35275,0,322,0,-3.566580,0.225971,4.452826,0.0038810,-0.6533711,0.0367739,0.7561342
1788248721146551296,OK,1,0,7.95379,0.368541,0,306,0,-3.576723,0.225146,4.444564,0.0038405,-0.6591579,0.0371993,0.7510741
1788248721179896064,OK,1,0,7.66467,0.512875,0,290,0,-3.586489,0.224756,4.436669,0.0042993,-0.6651333,0.0373624,0.7457770
1788248721213240832,OK,1,0,7.12521,0.340917,0,319,0,-3.607685,0.229780,4.409863,0.0052223,-0.6679550,0.0361220,0.7433062
1788248721246585344,OK,1,0,7.39492,0.311792,0,1319,0,-3.621712,0.229681,4.398333,0.0047108,-0.6734974,0.0368379,0.7382560
1788248721279930368,OK,1,0,10.478,0.311709,0,911,0,-3.626828,0.227144,4.393300,0.0045066,-0.6792622,0.0370815,0.7329444
1788248721313275136,OK,1,0,10.0044,0.325542,0,819,0,-3.636468,0.225958,4.385246,0.0044296,-0.6849749,0.0374645,0.7275893
1788248721346619904,OK,1,0,9.45279,0.315833,0,800,0,-3.643402,0.226167,4.376450,0.0047185,-0.6904412,0.0378517,0.7223821
1788248721379964928,OK,1,0,10.02,0.340875,0,812,0,-3.651388,0.224795,4.370035,0.0043957,-0.6965103,0.0378584,0.7165340
1788248721413309696,OK,1,0,10.048,0.375541,0,796,0,-3.659484,0.224358,4.362720,0.0039306,-0.7019557,0.0382429,0.7111823
1788248721446653440,OK,1,0,10.2383,0.337375,0,788,0,-3.663780,0.223210,4.356760,0.0037396,-0.7075044,0.0383625,0.7056571
1788248721479998208,OK,1,0,10.5877,0.36075,0,756,0,-3.673218,0.221341,4.348881,0.0038428,-0.7132453,0.0385466,0.6998432
1788248721513343232,OK,1,0,9.96058,0.351625,0,770,0,-3.681223,0.220428,4.341028,0.0039181,-0.7189111,0.0387165,0.6940119
1788248721546688000,OK,1,0,9.89842,0.33225,0,752,0,-3.688846,0.219888,4.333028,0.0035602,-0.7242755,0.0391676,0.6883882
1788248721580033024,OK,1,0,10.2498,0.335334,0,742,0,-3.697097,0.217565,4.325596,0.0034566,-0.7297267,0.0396468,0.6825797
1788248721613378048,OK,1,0,10.3601,0.533416,0,740,0,-3.709682,0.216225,4.316185,0.0034134,-0.7352356,0.0398090,0.6766331
1788248721646722560,OK,1,0,9.79967,0.318583,0,766,0,-3.707957,0.216052,4.314507,0.0035459,-0.7404249,0.0385912,0.6710209
1788248721680067584,OK,1,0,9.43783,0.419791,0,755,0,-3.717915,0.214518,4.304172,0.0034694,-0.7460030,0.0383384,0.6648291
1788248721713412608,OK,1,0,10.0158,0.434417,0,754,0,-3.725136,0.214703,4.297756,0.0032481,-0.7513629,0.0384957,0.6587575
1788248721746754048,OK,1,0,9.61475,0.370833,0,757,0,-3.733198,0.214367,4.290056,0.0035965,-0.7567763,0.0384667,0.6525313
1788248721780090880,OK,1,0,9.73108,0.378375,0,753,0,-3.736502,0.213196,4.281682,0.0038672,-0.7620008,0.0382516,0.6464339
1788248721813427456,OK,1,0,9.49342,0.32,0,734,0,-3.747076,0.213147,4.270737,0.0040109,-0.7674637,0.0383334,0.6399327
1788248721846764032,OK,1,0,9.42775,0.388959,0,715,0,-3.752191,0.213370,4.264050,0.0041277,-0.7729072,0.0387800,0.6333195
1788248721880099584,OK,1,0,9.56092,0.320167,0,720,0,-3.759913,0.213617,4.255268,0.0042179,-0.7781502,0.0393941,0.6268273
1788248721913436160,OK,1,0,9.60254,0.382125,0,733,0,-3.767781,0.212237,4.245651,0.0042736,-0.7831818,0.0396633,0.6205117
1788248721946772480,OK,1,0,9.65425,0.304042,0,696,0,-3.768792,0.212147,4.237293,0.0046463,-0.7879716,0.0398500,0.6144031
1788248721980108800,OK,1,0,9.63554,0.386833,0,673,0,-3.781092,0.212924,4.226260,0.0045240,-0.7930432,0.0403721,0.6078092
1788248722013445376,OK,1,0,9.54942,0.371625,0,690,0,-3.786288,0.212914,4.219567,0.0046731,-0.7980025,0.0409683,0.6012419
1788248722046781696,OK,1,0,9.69817,0.379041,0,699,0,-3.794141,0.212776,4.210730,0.0044956,-0.8030121,0.0416757,0.5944868
1788248722080118016,OK,1,0,9.75433,0.31625,0,699,0,-3.798472,0.213406,4.202365,0.0043698,-0.8078983,0.0420025,0.5878070
1788248722113454336,OK,1,0,9.83408,0.401125,0,655,0,-3.806317,0.213867,4.192136,0.0042525,-0.8129886,0.0423596,0.5807211
1788248722146790400,OK,1,0,9.76258,0.369292,0,664,0,-3.810035,0.213575,4.182552,0.0042853,-0.8179624,0.0425393,0.5736808
1788248722180126720,OK,1,0,9.88771,0.369917,0,662,0,-3.814252,0.213951,4.172673,0.0045213,-0.8224412,0.0427733,0.5672217
1788248722213462784,OK,1,0,9.95758,0.376,0,644,0,-3.817936,0.215193,4.162651,0.0045384,-0.8269442,0.0430084,0.5606183
1788248722246798848,OK,1,0,10.126,0.302083,0,654,0,-3.822555,0.215268,4.154230,0.0046852,-0.8317093,0.0435987,0.5534770
1788248722280134912,OK,1,0,10.1116,0.287208,0,643,0,-3.826553,0.215233,4.143897,0.0050083,-0.8362015,0.0440319,0.5466288
1788248722313470976,OK,1,0,9.97087,0.297458,0,655,0,-3.827883,0.215488,4.135773,0.0051625,-0.8407080,0.0448356,0.5396048
1788248722346806016,OK,1,0,10.3617,0.355583,0,650,0,-3.829331,0.215679,4.128562,0.0049061,-0.8451996,0.0458733,0.5324559
1788248722380141824,OK,1,0,10.462,0.313167,0,637,0,-3.832070,0.215273,4.119659,0.0050480,-0.8492678,0.0465122,0.5258852
1788248722413477888,OK,1,0,10.299,0.325167,0,628,0,-3.836367,0.213164,4.112028,0.0054443,-0.8536500,0.0467026,0.5187204
1788248722446813440,OK,1,0,10.7405,0.293292,0,630,0,-3.838914,0.214603,4.101439,0.0057607,-0.8577928,0.0472534,0.5117865
1788248722480149504,OK,1,0,11.0223,0.298375,0,605,0,-3.841774,0.215270,4.090139,0.0058894,-0.8618414,0.0476558,0.5048997
1788248722513485056,OK,1,0,10.7158,0.381042,0,632,0,-3.842527,0.214427,4.079918,0.0058084,-0.8658810,0.0474710,0.4979587
1788248722546820864,OK,1,0,10.8972,0.378125,0,646,0,-3.843353,0.213140,4.070283,0.0062315,-0.8699397,0.0474169,0.4908338
1788248722580156416,OK,1,0,10.8165,0.3085,0,622,0,-3.844919,0.213111,4.059424,0.0064489,-0.8739201,0.0474406,0.4837060
1788248722613491968,OK,1,0,10.9584,0.369667,0,614,0,-3.844685,0.214066,4.049533,0.0065678,-0.8775743,0.0477370,0.4770130
1788248722646827520,OK,1,0,11.5056,0.462,0,602,0,-3.844404,0.214214,4.039299,0.0060851,-0.8813152,0.0483228,0.4700121
1788248722680163072,OK,1,0,10.8047,0.32825,0,599,0,-3.843213,0.212570,4.029959,0.0063548,-0.8849320,0.0484950,0.4631449
1788248722713498880,OK,1,0,10.8654,0.381125,0,615,0,-3.840648,0.212673,4.021361,0.0067280,-0.8883900,0.0490798,0.4564090
1788248722746836480,OK,1,0,11.1007,0.301958,0,599,0,-3.845006,0.211237,4.009477,0.0063767,-0.8919709,0.0491293,0.4493702
1788248722780176128,OK,1,0,11.0663,0.327875,0,558,0,-3.845153,0.209511,3.998443,0.0058236,-0.8959922,0.0484841,0.4413766
1788248722813516544,OK,1,0,11.0737,0.347167,0,566,0,-3.843760,0.208657,3.986900,0.0057672,-0.8997386,0.0485331,0.4336840
1788248722846856960,OK,1,0,11.129,0.312167,0,548,0,-3.846972,0.207041,3.975616,0.0059043,-0.9034013,0.0485080,0.4260026
1788248722880197632,OK,1,0,10.7713,0.354708,0,495,0,-3.848197,0.206723,3.965847,0.0055309,-0.9071506,0.0487126,0.4179406
1788248722913538048,OK,1,0,10.4474,0.344917,0,510,0,-3.848672,0.206975,3.956905,0.0053636,-0.9106280,0.0490708,0.4102682
1788248722946878464,OK,1,0,13.1723,0.35175,0,507,0,-3.846720,0.206566,3.947593,0.0053187,-0.9140088,0.0493986,0.4026406
1788248722980218880,OK,1,0,11.9594,0.315416,0,471,0,-3.846447,0.206359,3.936239,0.0055164,-0.9172699,0.0497988,0.3951019
1788248723013559296,OK,1,0,10.4182,0.303375,0,439,0,-3.846779,0.206219,3.924581,0.0053464,-0.9207221,0.0498165,0.3869891
1788248723046899968,OK,1,0,12.333,0.322792,0,1360,0,-3.846561,0.206166,3.914016,0.0051968,-0.9239814,0.0496777,0.3791616
1788248723080240128,OK,1,0,13.423,0.338,0,1011,0,-3.846094,0.205860,3.902133,0.0053047,-0.9270495,0.0496386,0.3716008
1788248723113580800,OK,1,0,12.0808,0.358792,0,847,0,-3.845095,0.202997,3.890793,0.0053862,-0.9301212,0.0497486,0.3638277
1788248723146921216,OK,1,0,12.8844,0.344542,0,789,0,-3.843285,0.202493,3.881291,0.0053331,-0.9333858,0.0496118,0.3553889
1788248723180261376,OK,1,0,12.1224,0.347875,0,755,0,-3.843612,0.200765,3.871348,0.0050495,-0.9363481,0.0498407,0.3474805
1788248723213600768,OK,1,0,12.258,0.34975,0,694,0,-3.842499,0.200334,3.862148,0.0052007,-0.9393223,0.0500190,0.3393299
1788248723246941184,OK,1,0,11.4877,0.36425,0,632,0,-3.839739,0.199033,3.851468,0.0055576,-0.9422167,0.0500523,0.3311973
1788248723280281600,OK,1,0,12.145,0.370166,0,622,0,-3.834997,0.197636,3.842801,0.0050338,-0.9451921,0.0499040,0.3226395
1788248723313621504,OK,1,0,11.632,0.357166,0,614,0,-3.836711,0.198309,3.832700,0.0048768,-0.9480040,0.0500854,0.3142549
1788248723346961920,OK,1,0,12.5369,0.301333,0,604,0,-3.835593,0.197965,3.823594,0.0048076,-0.9504103,0.0506683,0.3068059
1788248723380302336,OK,1,0,12.4631,0.378083,0,598,0,-3.837106,0.197987,3.811858,0.0049408,-0.9523352,0.0515726,0.3006217
1788248723413642496,OK,1,0,13.1796,0.355417,0,590,0,-3.837920,0.197461,3.804080,0.0044336,-0.9544458,0.0518462,0.2938123
1788248723446982656,OK,1,0,12.5085,0.337125,0,550,0,-3.836601,0.196722,3.791336,0.0043192,-0.9562340,0.0515158,0.2880002
1788248723480323072,OK,1,0,11.7248,0.316292,0,547,0,-3.836680,0.195474,3.779207,0.0045678,-0.9578978,0.0510379,0.2824997
1788248723513662976,OK,1,0,11.3991,0.380833,0,540,0,-3.838355,0.194033,3.768063,0.0048084,-0.9594212,0.0507402,0.2773323
1788248723547003136,OK,1,0,12.6844,0.347,0,519,0,-3.839031,0.193794,3.755568,0.0047163,-0.9609320,0.0504015,0.2721162
1788248723580343552,OK,1,0,12.6443,0.341167,0,474,0,-3.845837,0.194346,3.740733,0.0045348,-0.9622310,0.0505110,0.2674687
1788248723613683712,OK,1,0,10.7476,0.374875,0,463,0,-3.845732,0.193202,3.732758,0.0044203,-0.9635649,0.0509481,0.2625402
1788248723647023616,OK,1,0,14.5247,0.352584,0,444,0,-3.849495,0.192056,3.722076,0.0045284,-0.9648859,0.0513367,0.2575642
1788248723680362752,OK,1,0,12.0533,0.356833,0,465,0,-3.856341,0.195791,3.714640,0.0048962,-0.9663574,0.0526243,0.2517144
1788248723713702912,OK,1,0,11.4023,0.334458,0,928,0,-3.857337,0.195182,3.698576,0.0047006,-0.9676568,0.0519152,0.2468261
1788248723747044864,OK,1,0,14.5575,0.318792,0,921,0,-3.855455,0.194542,3.685492,0.0047304,-0.9688168,0.0515585,0.2423088
1788248723780389888,OK,1,0,13.8903,0.345666,0,890,0,-3.857914,0.194606,3.671823,0.0055020,-0.9699925,0.0514531,0.2375646
1788248723813734912,OK,1,0,14.5228,0.350709,0,826,0,-3.858742,0.194086,3.660855,0.0059988,-0.9712717,0.0512552,0.2323107
1788248723847079680,OK,1,0,13.735,0.335333,0,762,0,-3.860681,0.193547,3.646439,0.0058591,-0.9724717,0.0513407,0.2272195
1788248723880424448,OK,1,0,12.7744,0.340625,0,750,0,-3.861014,0.192797,3.635270,0.0056736,-0.9735886,0.0516836,0.2223105
1788248723913769472,OK,1,0,12.9355,0.36325,0,688,0,-3.862080,0.193094,3.625913,0.0056176,-0.9747402,0.0521417,0.2170974
1788248723947114496,OK,1,0,14.0009,0.359584,0,681,0,-3.863840,0.193315,3.615415,0.0058888,-0.9758418,0.0525621,0.2119795
1788248723980459520,OK,1,0,13.7612,0.348959,0,658,0,-3.863451,0.192381,3.601866,0.0061008,-0.9768718,0.0525628,0.2071751
1788248724013804544,OK,1,0,12.1872,0.356666,0,620,0,-3.863586,0.191472,3.589820,0.0062935,-0.9780177,0.0526472,0.2016680
1788248724047149312,OK,1,0,13.1005,0.343292,0,644,0,-3.864889,0.191107,3.577351,0.0057274,-0.9791057,0.0525014,0.1963745
1788248724080494336,OK,1,0,13.5693,0.342792,0,606,0,-3.867317,0.192662,3.563574,0.0048751,-0.9801376,0.0523284,0.1912281
1788248724113838336,OK,1,0,12.068,0.330708,0,606,0,-3.866517,0.191919,3.551933,0.0050612,-0.9811172,0.0522610,0.1861511
1788248724147183360,OK,1,0,13.1258,0.341333,0,597,0,-3.868684,0.190286,3.540111,0.0052396,-0.9821064,0.0520461,0.1809167
1788248724180528384,OK,1,0,13.1956,0.345667,0,584,0,-3.872599,0.190387,3.527565,0.0050354,-0.9830114,0.0519261,0.1759741
1788248724213873408,OK,1,0,11.6879,0.333375,0,573,0,-3.875031,0.189798,3.511364,0.0049218,-0.9837727,0.0513719,0.1718372
1788248724247218432,OK,1,0,14.253,0.339166,0,542,0,-3.872531,0.187933,3.501444,0.0054437,-0.9844053,0.0510648,0.1682524
1788248724280563456,OK,1,0,12.8184,0.368625,0,546,0,-3.873806,0.188382,3.488535,0.0059299,-0.9849621,0.0510585,0.1649471
1788248724313908736,OK,1,0,13.7626,0.34575,0,528,0,-3.877469,0.188246,3.474828,0.0058054,-0.9855614,0.0513603,0.1612362
1788248724347253760,OK,1,0,12.0544,0.339333,0,521,0,-3.880762,0.185155,3.461531,0.0049129,-0.9860728,0.0517800,0.1579718
1788248724380598528,OK,1,0,12.3298,0.329333,0,507,0,-3.878036,0.185334,3.454320,0.0045892,-0.9865325,0.0523151,0.1549056
1788248724413943808,OK,1,0,12.6485,0.343667,0,474,0,-3.880195,0.183054,3.442887,0.0046016,-0.9869807,0.0529597,0.1518000
1788248724447288832,OK,1,0,12.9863,0.330375,0,522,0,-3.884801,0.183293,3.423624,0.0056546,-0.9873188,0.0530859,0.1495046
1788248724480634112,OK,1,0,12.1817,0.390208,0,922,0,-3.884263,0.180296,3.411135,0.0053558,-0.9878814,0.0526875,0.1458962
1788248724513979136,OK,1,0,15.9802,0.342,0,1020,0,-3.882242,0.178464,3.399574,0.0053509,-0.9884472,0.0518287,0.1423283
1788248724547323136,OK,1,0,13.9181,0.358709,0,957,0,-3.883302,0.178106,3.383935,0.0062501,-0.9889609,0.0513589,0.1388507
1788248724580668416,OK,1,0,15.1251,0.395375,0,896,0,-3.881819,0.177282,3.370676,0.0066436,-0.9894521,0.0509223,0.1354526
1788248724614013440,OK,1,0,14.3541,0.366125,0,883,0,-3.885256,0.174332,3.357270,0.0060761,-0.9899348,0.0503505,0.1321248
1788248724647358720,OK,1,0,14.1357,0.351958,0,858,0,-3.883904,0.173956,3.345154,0.0056268,-0.9903457,0.0503581,0.1290268
1788248724680703744,OK,1,0,14.1683,0.390958,0,849,0,-3.886361,0.174211,3.334410,0.0060477,-0.9907718,0.0509623,0.1254493
1788248724714049024,OK,1,0,16.411,0.358209,0,804,0,-3.885928,0.172490,3.322918,0.0060712,-0.9912079,0.0508914,0.1219840
1788248724747390720,OK,1,0,13.8596,0.350917,0,794,0,-3.885954,0.171460,3.311208,0.0053175,-0.9916524,0.0505127,0.1185146
1788248724780727296,OK,1,0,14.2154,0.351083,0,771,0,-3.887076,0.172210,3.296103,0.0054211,-0.9920460,0.0503385,0.1152449
1788248724814063872,OK,1,0,13.4515,0.352083,0,735,0,-3.887426,0.172193,3.280783,0.0064027,-0.9924235,0.0502734,0.1119246
1788248724847400448,OK,1,0,13.4312,0.357708,0,732,0,-3.887148,0.170022,3.266430,0.0065968,-0.9928192,0.0499400,0.1085013
1788248724880736768,OK,1,0,13.2199,0.339417,0,721,0,-3.890416,0.170111,3.252857,0.0060071,-0.9932424,0.0496546,0.1047271
1788248724914073600,OK,1,0,15.2411,0.380583,0,713,0,-3.892169,0.171501,3.239829,0.0056088,-0.9936246,0.0502178,0.1007818
1788248724947409920,OK,1,0,14.4344,0.369958,0,823,0,-3.890986,0.171170,3.231344,0.0057364,-0.9939888,0.0507356,0.0968470
1788248724980745984,OK,1,0,15.1208,0.355625,0,746,0,-3.887045,0.168402,3.220166,0.0055374,-0.9943475,0.0507833,0.0930777
1788248725014081536,OK,1,0,14.3603,0.358584,0,806,0,-3.889149,0.170641,3.196130,0.0050854,-0.9946621,0.0506608,0.0897493
1788248725047417600,OK,1,0,14.2915,0.333459,0,790,0,-3.887776,0.170638,3.183879,0.0051001,-0.9949998,0.0505095,0.0860134
1788248725080754176,OK,1,0,14.0715,0.336333,0,1018,0,-3.887896,0.170367,3.173408,0.0057492,-0.9953535,0.0504076,0.0818380
1788248725114090240,OK,1,0,15.8663,0.356208,0,1024,0,-3.882853,0.168177,3.163784,0.0058465,-0.9956838,0.0501604,0.0778683
1788248725147426560,OK,1,0,15.2201,0.362458,0,968,0,-3.883301,0.167357,3.148826,0.0056555,-0.9959651,0.0498384,0.0744157
1788248725180762368,OK,1,0,14.6308,0.354667,0,943,0,-3.883614,0.165567,3.137438,0.0054195,-0.9961773,0.0498231,0.0715479
1788248725214098688,OK,1,0,16.3256,0.323209,0,1084,0,-3.886582,0.164049,3.124422,0.0052057,-0.9963573,0.0498142,0.0690188
1788248725247434496,OK,1,0,15.6696,0.32225,0,991,0,-3.887969,0.163694,3.111958,0.0054680,-0.9964645,0.0499810,0.0673094
1788248725280770560,OK,1,0,19.0024,0.344083,0,971,0,-3.888117,0.165000,3.098893,0.0056541,-0.9966072,0.0498972,0.0652101
1788248725314106368,OK,1,0,17.0516,0.337125,0,936,0,-3.883010,0.165090,3.088722,0.0055770,-0.9966397,0.0499526,0.0646763
1788248725347442432,OK,1,0,14.9154,0.370708,0,915,0,-3.885946,0.163260,3.077264,0.0053463,-0.9966295,0.0502037,0.0646580
1788248725380777984,OK,1,0,17.4442,0.322917,0,1144,0,-3.890678,0.162068,3.064407,0.0050238,-0.9965994,0.0503859,0.0650062
1788248725414114048,OK,1,0,15.433,0.341792,0,1140,0,-3.892035,0.162193,3.050643,0.0051113,-0.9965981,0.0506339,0.0648254
1788248725447448832,OK,1,0,15.5853,0.331333,0,1146,0,-3.891838,0.162531,3.037451,0.0049801,-0.9966231,0.0506434,0.0644427
1788248725480784384,OK,1,0,16.1726,0.343917,0,1124,0,-3.894951,0.160460,3.024749,0.0046653,-0.9966457,0.0501967,0.0644649
1788248725514120192,OK,1,0,16.305,0.341125,0,1078,0,-3.899356,0.161847,3.010319,0.0046288,-0.9966606,0.0500954,0.0643173
1788248725547455488,OK,1,0,15.7831,0.325958,0,1056,0,-3.901718,0.160495,2.998793,0.0045519,-0.9966908,0.0497891,0.0640921
1788248725580791296,OK,1,0,14.9545,0.349,0,1068,0,-3.901891,0.161431,2.983921,0.0049277,-0.9966759,0.0498030,0.0642844
1788248725614126592,OK,1,0,15.8435,0.347833,0,1235,0,-3.902309,0.159086,2.972003,0.0050884,-0.9966702,0.0499158,0.0642729
1788248725647462144,OK,1,0,15.6399,0.351583,0,1135,0,-3.903216,0.158941,2.959702,0.0048275,-0.9966618,0.0501337,0.0642529
1788248725680797696,OK,1,0,16.377,0.368875,0,1166,0,-3.909612,0.159684,2.945374,0.0047098,-0.9966546,0.0504239,0.0641480
1788248725714132992,OK,1,0,16.7278,0.353541,0,1343,0,-3.909569,0.158622,2.934218,0.0048454,-0.9966370,0.0506668,0.0642190
1788248725747471616,OK,1,0,16.2301,0.347208,0,1305,0,-3.912641,0.157476,2.920951,0.0050813,-0.9966422,0.0507079,0.0640884
1788248725780814592,OK,1,0,17.462,0.337625,0,1293,0,-3.915495,0.157736,2.908283,0.0056283,-0.9966475,0.0507410,0.0639325
1788248725814158080,OK,1,0,16.7755,0.344791,0,1253,0,-3.913814,0.157124,2.896683,0.0058865,-0.9966588,0.0505509,0.0638845
1788248725847501056,OK,1,0,15.7931,0.332833,0,1263,0,-3.915843,0.157193,2.882043,0.0057718,-0.9966682,0.0503339,0.0639192
1788248725880843008,OK,1,0,17.6495,0.355541,0,1244,0,-3.918829,0.156481,2.870420,0.0055594,-0.9966778,0.0501903,0.0639018
1788248725914185984,OK,1,0,16.1978,0.357208,0,1212,0,-3.922440,0.156057,2.855421,0.0055406,-0.9966720,0.0503488,0.0638695
1788248725947528960,OK,1,0,18.5745,0.336167,0,1188,0,-3.925673,0.154993,2.843468,0.0057629,-0.9966652,0.0504626,0.0638652
1788248725980872192,OK,1,0,16.2671,0.372292,0,1151,0,-3.927871,0.154390,2.830599,0.0060617,-0.9966598,0.0508779,0.0635931
1788248726014215168,OK,1,0,16.6608,0.358459,0,1151,0,-3.928426,0.153908,2.818380,0.0063854,-0.9966533,0.0511155,0.0634718
1788248726047558400,OK,1,0,17.8166,0.324542,0,1138,0,-3.928693,0.152856,2.805250,0.0067818,-0.9966359,0.0513343,0.0635278
1788248726080901376,OK,1,0,15.8527,0.337,0,1124,0,-3.928339,0.152049,2.796090,0.0068227,-0.9966266,0.0514348,0.0635881
1788248726114244352,OK,1,0,16.4876,0.342708,0,1089,0,-3.930995,0.152878,2.782464,0.0070759,-0.9966139,0.0515918,0.0636316
1788248726147587328,OK,1,0,16.3951,0.369666,0,1086,0,-3.933412,0.153154,2.770835,0.0071582,-0.9966093,0.0518969,0.0634461
1788248726180930304,OK,1,0,15.657,0.338875,0,1082,0,-3.935769,0.151250,2.757568,0.0068336,-0.9966624,0.0515375,0.0629378
1788248726214273536,OK,1,0,15.055,0.344334,0,1065,0,-3.938150,0.151052,2.743312,0.0064554,-0.9967101,0.0513268,0.0623930
1788248726247616512,OK,1,0,17.1255,0.366958,0,1033,0,-3.938497,0.151058,2.732398,0.0060580,-0.9967012,0.0515581,0.0623843
1788248726280959488,OK,1,0,15.4006,0.373625,0,1013,0,-3.942705,0.148379,2.718631,0.0055417,-0.9966803,0.0517649,0.0625955
1788248726314302208,OK,1,0,18.0138,0.355958,0,995,0,-3.947496,0.150681,2.704612,0.0055656,-0.9966640,0.0520181,0.0626414
1788248726347644160,OK,1,0,16.4025,0.342708,0,1206,0,-3.950744,0.148646,2.691459,0.0053263,-0.9967237,0.0515970,0.0620587
1788248726380987392,OK,1,0,25.5551,0.360542,0,1207,0,-3.957129,0.149800,2.671594,0.0052037,-0.9967757,0.0513341,0.0614495
1788248726414330368,OK,1,0,16.821,0.374625,0,1319,0,-3.960616,0.151030,2.657865,0.0051911,-0.9967611,0.0514330,0.0616033
1788248726447673344,OK,1,0,17.1464,0.362584,0,1349,0,-3.961675,0.150000,2.647916,0.0050354,-0.9967431,0.0515111,0.0618425
1788248726481016320,OK,1,0,17.4693,0.370584,0,1354,0,-3.964075,0.148738,2.634330,0.0048971,-0.9967410,0.0513201,0.0620460
1788248726514359040,OK,1,0,15.9832,0.354208,0,1257,0,-3.968727,0.148964,2.619975,0.0048964,-0.9967563,0.0514273,0.0617102
1788248726547702272,OK,1,0,16.1716,0.374542,0,1235,0,-3.969924,0.149249,2.607802,0.0048267,-0.9967666,0.0517003,0.0613201
1788248726581045248,OK,1,0,16.6565,0.349583,0,1246,0,-3.970465,0.147003,2.596401,0.0046757,-0.9967677,0.0519215,0.0611275
1788248726614388224,OK,1,0,18.0703,0.339542,0,1200,0,-3.973994,0.148024,2.583630,0.0046667,-0.9967284,0.0528537,0.0609687
1788248726647730944,OK,1,0,15.7432,0.355708,0,1188,0,-3.973707,0.144583,2.573918,0.0043039,-0.9967052,0.0531934,0.0610791
1788248726681073920,OK,1,0,15.5535,0.350208,0,1143,0,-3.977770,0.144206,2.560143,0.0039367,-0.9966791,0.0534817,0.0612783
1788248726714416896,OK,1,0,15.2363,0.335125,0,1158,0,-3.981210,0.145522,2.547011,0.0039782,-0.9966597,0.0537821,0.0613283
1788248726747756544,OK,1,0,16.6604,0.35725,0,1111,0,-3.980474,0.145684,2.536382,0.0040599,-0.9966752,0.0538260,0.0610318
1788248726781090304,OK,1,0,16.4317,0.345708,0,1102,0,-3.982195,0.145374,2.523692,0.0042933,-0.9966971,0.0536127,0.0608454
1788248726814425344,OK,1,0,16.8969,0.299958,0,1078,0,-3.986808,0.145485,2.508379,0.0041102,-0.9967158,0.0533155,0.0608123
1788248726847760128,OK,1,0,15.7596,0.336875,0,1076,0,-3.986449,0.145112,2.494328,0.0040531,-0.9967138,0.0530561,0.0610751
1788248726881094656,OK,1,0,15.1531,0.374834,0,1037,0,-3.991076,0.142143,2.482802,0.0038790,-0.9967303,0.0528898,0.0609614
1788248726914429440,OK,1,0,17.2415,0.382333,0,1020,0,-3.992971,0.141548,2.468221,0.0036728,-0.9967478,0.0527473,0.0608125
1788248726947764224,OK,1,0,15.0344,0.334375,0,1024,0,-3.992833,0.140885,2.458724,0.0033441,-0.9967654,0.0525546,0.0607079
1788248726981098752,OK,1,0,14.6133,0.370625,0,1008,0,-3.995574,0.140371,2.445695,0.0032559,-0.9967517,0.0526554,0.0608510
1788248727014433024,OK,1,0,15.2855,0.396834,0,1015,0,-3.995938,0.140198,2.432416,0.0032050,-0.9967415,0.0526142,0.0610560
1788248727047767552,OK,1,0,14.3235,0.324875,0,988,0,-3.996917,0.138425,2.418458,0.0033329,-0.9967423,0.0523161,0.0612921
1788248727081102080,OK,1,0,14.5499,0.354125,0,951,0,-3.998242,0.138475,2.405422,0.0034814,-0.9967471,0.0522519,0.0612594
1788248727114436352,OK,1,0,14.9203,0.333709,0,939,0,-4.002911,0.140114,2.391930,0.0040159,-0.9967782,0.0520038,0.0609320
1788248727147770624,OK,1,0,16.504,0.390541,0,935,0,-4.000942,0.138246,2.377823,0.0041093,-0.9967768,0.0515743,0.0613135
1788248727181104640,OK,1,0,14.8906,0.342583,0,1008,0,-4.010317,0.130206,2.357589,0.0039619,-0.9968414,0.0508270,0.0608960
1788248727214437888,OK,1,0,15.3516,0.329708,0,1204,0,-4.011075,0.130188,2.344337,0.0038696,-0.9968087,0.0513361,0.0610084
1788248727247771904,OK,1,0,17.1711,0.345958,0,1347,0,-4.015024,0.128939,2.333697,0.0037892,-0.9967658,0.0521173,0.0610534
1788248727281105920,OK,1,0,16.3168,0.35375,0,1216,0,-4.015667,0.128462,2.321542,0.0038902,-0.9967459,0.0524920,0.0610498
1788248727314439936,OK,1,0,15.5991,0.371208,0,1190,0,-4.014794,0.128398,2.309671,0.0039467,-0.9967357,0.0526289,0.0610952
1788248727347773952,OK,1,0,15.49,0.3525,0,1139,0,-4.016099,0.128554,2.298873,0.0041856,-0.9967106,0.0531851,0.0610071
1788248727381107968,OK,1,0,16.3933,0.34625,0,1132,0,-4.016340,0.127585,2.286854,0.0044040,-0.9966734,0.0535474,0.0612818
1788248727414441728,OK,1,0,16.2499,0.342125,0,1110,0,-4.018226,0.126386,2.272574,0.0045112,-0.9966579,0.0535265,0.0615439
1788248727447775488,OK,1,0,15.6108,0.349833,0,1095,0,-4.016234,0.122929,2.262006,0.0044811,-0.9966726,0.0531297,0.0616513
1788248727481109248,OK,1,0,15.9495,0.352208,0,1101,0,-4.020565,0.123624,2.249039,0.0043607,-0.9967226,0.0529181,0.0610314
1788248727514442752,OK,1,0,15.5368,0.374375,0,1050,0,-4.025167,0.123221,2.233213,0.0040899,-0.9967521,0.0523799,0.0610323
1788248727547776000,OK,1,0,17.169,0.381667,0,1056,0,-4.026721,0.121921,2.221533,0.0035510,-0.9967529,0.0520245,0.0613554
1788248727581109504,OK,1,0,14.3639,0.332125,0,1023,0,-4.028639,0.122189,2.208618,0.0032590,-0.9967501,0.0520013,0.0614369
1788248727614443008,OK,1,0,15.7537,0.342958,0,1000,0,-4.032657,0.121092,2.193979,0.0035471,-0.9967523,0.0520310,0.0613611
1788248727647776512,OK,1,0,15.6903,0.345209,0,946,0,-4.034143,0.118528,2.181902,0.0035746,-0.9967508,0.0522239,0.0612194
1788248727681108992,OK,1,0,14.3371,0.32375,0,935,0,-4.035238,0.117855,2.169947,0.0035820,-0.9967419,0.0523973,0.0612156
1788248727714442240,OK,1,0,13.8681,0.353584,0,919,0,-4.036175,0.118674,2.157889,0.0037325,-0.9967185,0.0526925,0.0613330
1788248727747779072,OK,1,0,14.7731,0.378333,0,927,0,-4.037776,0.118017,2.146841,0.0038549,-0.9967182,0.0526382,0.0613773
1788248727781121024,OK,1,0,14.9647,0.346792,0,905,0,-4.040084,0.117063,2.133454,0.0038894,-0.9967198,0.0526338,0.0613525
1788248727814463232,OK,1,0,13.6874,0.352209,0,897,0,-4.043184,0.117181,2.120049,0.0039698,-0.9967265,0.0526849,0.0611958
1788248727847804928,OK,1,0,14.3114,0.351542,0,890,0,-4.041512,0.115539,2.108324,0.0038930,-0.9967502,0.0523551,0.0610983
1788248727881146880,OK,1,0,15.8924,0.330125,0,861,0,-4.041883,0.115417,2.097308,0.0035980,-0.9967574,0.0521508,0.0611722
1788248727914488832,OK,1,0,14.2488,0.311167,0,850,0,-4.045696,0.114946,2.085430,0.0030322,-0.9967397,0.0525971,0.0611095
1788248727947830784,OK,1,0,24.5415,0.391167,0,893,0,-4.046704,0.114277,2.075165,0.0031244,-0.9967482,0.0524759,0.0610710
1788248727981172480,OK,1,0,13.6688,0.338208,0,887,0,-4.049508,0.111832,2.063134,0.0030893,-0.9967272,0.0527528,0.0611767
1788248728014514688,OK,1,0,14.2148,0.324291,0,1153,0,-4.050676,0.111260,2.050858,0.0030737,-0.9967073,0.0532342,0.0610843
1788248728047856384,OK,1,0,15.5417,0.342958,0,1054,0,-4.051307,0.109973,2.039324,0.0029980,-0.9967142,0.0530713,0.0611160
1788248728081198336,OK,1,0,16.3928,0.345875,0,1101,0,-4.052849,0.110399,2.025630,0.0028654,-0.9967258,0.0527220,0.0612360
1788248728114539008,OK,1,0,14.3203,0.346833,0,1089,0,-4.054421,0.110866,2.011709,0.0027574,-0.9967268,0.0525160,0.0614013
1788248728147880960,OK,1,0,14.7955,0.366041,0,1049,0,-4.057175,0.110944,1.998734,0.0026684,-0.9967337,0.0523749,0.0614133
1788248728181222912,OK,1,0,15.5872,0.362833,0,1006,0,-4.057750,0.110028,1.985601,0.0030218,-0.9967373,0.0521995,0.0614890
1788248728214564608,OK,1,0,14.5386,0.352667,0,970,0,-4.057484,0.109464,1.974748,0.0031669,-0.9967206,0.0527298,0.0612998
1788248728247906560,OK,1,0,17.0895,0.373584,0,957,0,-4.062653,0.109595,1.959485,0.0032933,-0.9967271,0.0529807,0.0609690
1788248728281248256,OK,1,0,14.4989,0.350542,0,961,0,-4.064073,0.106891,1.947633,0.0030791,-0.9967185,0.0527562,0.0613156
1788248728314589952,OK,1,0,15.8029,0.334958,0,932,0,-4.064895,0.106307,1.935905,0.0032508,-0.9967208,0.0525945,0.0614085
1788248728347931648,OK,1,0,14.1771,0.366625,0,920,0,-4.068013,0.105490,1.924161,0.0034716,-0.9967118,0.0528556,0.0613178
1788248728381273344,OK,1,0,16.8181,0.338583,0,877,0,-4.068159,0.106334,1.911955,0.0038330,-0.9966934,0.0531573,0.0613343
1788248728414615296,OK,1,0,14.3225,0.36025,0,848,0,-4.068341,0.105632,1.898602,0.0038072,-0.9967275,0.0526589,0.0612110
1788248728447956736,OK,1,0,14.0053,0.369917,0,855,0,-4.069884,0.103338,1.886106,0.0033594,-0.9967467,0.0520662,0.0614322
1788248728481298688,OK,1,0,16.5572,0.348083,0,826,0,-4.072756,0.102766,1.873369,0.0033348,-0.9967348,0.0520736,0.0616196
1788248728514640384,OK,1,0,13.0863,0.317375,0,822,0,-4.075746,0.103021,1.858416,0.0034474,-0.9967599,0.0519206,0.0613360
1788248728547981056,OK,1,0,13.0533,0.346791,0,794,0,-4.076758,0.101462,1.848401,0.0037912,-0.9967738,0.0518045,0.0611874
1788248728581322496,OK,1,0,14.7017,0.317458,0,807,0,-4.078074,0.099293,1.836349,0.0040263,-0.9967651,0.0518602,0.0612678
1788248728614664192,OK,1,0,13.1187,0.341875,0,763,0,-4.078650,0.098448,1.822119,0.0042474,-0.9967453,0.0520179,0.0614408
1788248728648005888,OK,1,0,13.2187,0.336375,0,755,0,-4.079979,0.097644,1.809657,0.0044458,-0.9967297,0.0522429,0.0614888
1788248728681347328,OK,1,0,13.1043,0.353333,0,730,0,-4.079725,0.098877,1.798237,0.0047278,-0.9967284,0.0523395,0.0614066
1788248728714689280,OK,1,0,14.6897,0.355833,0,746,0,-4.080624,0.097714,1.781277,0.0050566,-0.9967167,0.0521737,0.0617112
1788248728748029952,OK,1,0,14.0657,0.339834,0,777,0,-4.075252,0.098440,1.767694,0.0057756,-0.9967234,0.0517094,0.0619297
1788248728781369600,OK,1,0,13.3515,0.352834,0,1106,0,-4.077013,0.097762,1.756891,0.0057911,-0.9967757,0.0512836,0.0614393
1788248728814709248,OK,1,0,14.8653,0.352125,0,1132,0,-4.076919,0.097564,1.745434,0.0053257,-0.9967617,0.0512488,0.0617350
1788248728848048896,OK,1,0,15.0548,0.330042,0,1063,0,-4.079084,0.096688,1.732941,0.0049673,-0.9967580,0.0511772,0.0618842
1788248728881388544,OK,1,0,14.5245,0.345709,0,1018,0,-4.082552,0.096407,1.719671,0.0045223,-0.9967909,0.0510023,0.0615323
1788248728914727680,OK,1,0,14.8416,0.33525,0,1028,0,-4.084411,0.096933,1.707085,0.0045853,-0.9967888,0.0509705,0.0615884
1788248728948067328,OK,1,0,14.3118,0.379125,0,1019,0,-4.087415,0.096649,1.694896,0.0044982,-0.9968063,0.0509915,0.0612944
1788248728981406720,OK,1,0,15.1071,0.335958,0,977,0,-4.089770,0.095339,1.680534,0.0042114,-0.9968261,0.0506703,0.0612582
1788248729014745344,OK,1,0,14.3571,0.366333,0,957,0,-4.090978,0.095025,1.668155,0.0043507,-0.9968204,0.0504967,0.0614834
1788248729048084736,OK,1,0,14.4717,0.33225,0,923,0,-4.091467,0.094270,1.656349,0.0044564,-0.9968286,0.0505330,0.0613131
1788248729081424128,OK,1,0,15.1416,0.339833,0,911,0,-4.093315,0.092328,1.643009,0.0043166,-0.9968182,0.0504474,0.0615613
1788248729114763520,OK,1,0,14.0939,0.360792,0,904,0,-4.096848,0.091927,1.629391,0.0044973,-0.9968126,0.0506378,0.0614841
1788248729148102656,OK,1,0,15.1188,0.331959,0,880,0,-4.097627,0.090397,1.619190,0.0041795,-0.9968209,0.0509383,0.0611217
1788248729181442048,OK,1,0,14.3902,0.318458,0,892,0,-4.100352,0.089684,1.606487,0.0039723,-0.9968113,0.0513269,0.0609682
1788248729214781184,OK,1,0,14.2457,0.3865,0,854,0,-4.101885,0.088958,1.595967,0.0037264,-0.9967740,0.0520775,0.0609559
1788248729248120576,OK,1,0,14.3785,0.346041,0,840,0,-4.101494,0.087274,1.584929,0.0033366,-0.9967553,0.0524134,0.0609965
1788248729281459712,OK,1,0,13.4068,0.34725,0,846,0,-4.103294,0.088023,1.573593,0.0032060,-0.9967195,0.0525166,0.0614981
1788248729314799104,OK,1,0,13.0635,0.3555,0,818,0,-4.106615,0.087130,1.560264,0.0032783,-0.9967178,0.0525874,0.0614613
1788248729348138240,OK,1,0,13.8886,0.3645,0,812,0,-4.109013,0.086409,1.546864,0.0032406,-0.9967551,0.0524495,0.0609752
1788248729381477376,OK,1,0,13.1393,0.3525,0,788,0,-4.107386,0.084329,1.534714,0.0034409,-0.9967676,0.0519535,0.0611832
1788248729414816512,OK,1,0,14.0213,0.384667,0,784,0,-4.109810,0.084356,1.521541,0.0034754,-0.9967679,0.0519641,0.0611668
1788248729448154624,OK,1,0,13.0397,0.376042,0,735,0,-4.111987,0.084512,1.508530,0.0034229,-0.9967614,0.0519524,0.0612859
1788248729481493504,OK,1,0,13.7685,0.36275,0,726,0,-4.114351,0.083478,1.492207,0.0035933,-0.9967636,0.0517391,0.0614208
1788248729514832640,OK,1,0,13.912,0.322167,0,787,0,-4.115033,0.083145,1.475020,0.0032129,-0.9967473,0.0520039,0.0614821
1788248729548171264,OK,1,0,12.8062,0.37025,0,1197,0,-4.115027,0.081343,1.463405,0.0032953,-0.9967460,0.0517509,0.0617127
1788248729581510400,OK,1,0,15.7307,0.711125,0,1262,0,-4.117328,0.080933,1.450476,0.0033523,-0.9967412,0.0516526,0.0618689
1788248729614849280,OK,1,0,15.4705,0.390166,0,1152,0,-4.119625,0.079035,1.437210,0.0032259,-0.9967686,0.0512799,0.0617442
1788248729648188160,OK,1,0,14.1292,0.334292,0,1090,0,-4.119045,0.079533,1.423700,0.0034108,-0.9967446,0.0511781,0.0622048
1788248729681527040,OK,1,0,13.5407,0.354917,0,1079,0,-4.120795,0.077626,1.411239,0.0034759,-0.9967688,0.0508066,0.0621184
1788248729714865920,OK,1,0,15.6975,0.338542,0,1040,0,-4.121986,0.077891,1.396523,0.0033063,-0.9967917,0.0503787,0.0621078
1788248729748205056,OK,1,0,14.0353,0.346541,0,1034,0,-4.124305,0.078861,1.382848,0.0035746,-0.9968016,0.0501470,0.0621225
1788248729781544960,OK,1,0,13.7711,0.357208,0,1001,0,-4.125943,0.077290,1.368995,0.0035704,-0.9968143,0.0500973,0.0619580
1788248729814884864,OK,1,0,15.0059,0.3085,0,980,0,-4.128497,0.077577,1.358420,0.0033954,-0.9968113,0.0505081,0.0616826
1788248729848224256,OK,1,0,13.5969,0.340709,0,950,0,-4.131699,0.076679,1.345009,0.0035713,-0.9967692,0.0511411,0.0618304
1788248729881562880,OK,1,0,13.8186,0.33175,0,926,0,-4.134823,0.075292,1.334746,0.0032036,-0.9967752,0.0514059,0.0615351
1788248729914902528,OK,1,0,14.8214,0.369667,0,920,0,-4.134262,0.075739,1.322808,0.0032266,-0.9967676,0.0514871,0.0615869
1788248729948242176,OK,1,0,14.0757,0.358709,0,871,0,-4.136700,0.074590,1.310158,0.0033952,-0.9967724,0.0515704,0.0614315
1788248729981581824,OK,1,0,12.9593,0.347083,0,865,0,-4.136646,0.073331,1.296535,0.0033063,-0.9967478,0.0515622,0.0618413
1788248730014921472,OK,1,0,13.1554,0.368417,0,841,0,-4.137763,0.073886,1.286384,0.0035522,-0.9966927,0.0519041,0.0624263
1788248730048260864,OK,1,0,15.1804,0.354416,0,820,0,-4.139703,0.072240,1.274267,0.0036060,-0.9966894,0.0522519,0.0621847
1788248730081600256,OK,1,0,12.2365,0.342958,0,825,0,-4.141339,0.072033,1.262045,0.0035322,-0.9967247,0.0520833,0.0617631
1788248730114939648,OK,1,0,14.8106,0.365375,0,802,0,-4.145000,0.072404,1.248039,0.0033295,-0.9967526,0.0514864,0.0618248
1788248730148279296,OK,1,0,14.1221,0.339167,0,793,0,-4.145857,0.072260,1.235706,0.0031032,-0.9967580,0.0509597,0.0621847
1788248730181618688,OK,1,0,13.4724,0.352291,0,775,0,-4.149440,0.071024,1.221701,0.0030028,-0.9967852,0.0505087,0.0621217
1788248730214958080,OK,1,0,12.7002,0.368708,0,768,0,-4.152433,0.070629,1.206177,0.0030448,-0.9967899,0.0505750,0.0619899
1788248730248297472,OK,1,0,12.5171,0.335,0,744,0,-4.153305,0.067379,1.193942,0.0028766,-0.9968158,0.0503182,0.0617913
1788248730281636352,OK,1,0,12.4858,0.395291,0,782,0,-4.155432,0.060718,1.180475,0.0026457,-0.9968826,0.0494197,0.0614474
1788248730314975744,OK,1,0,13.4168,0.356666,0,1278,0,-4.157515,0.061171,1.169267,0.0028477,-0.9968582,0.0496255,0.0616672
1788248730348313856,OK,1,0,14.3232,0.34025,0,1116,0,-4.160108,0.061026,1.155531,0.0029052,-0.9968495,0.0495608,0.0618581
1788248730381653248,OK,1,0,13.5319,0.3465,0,1081,0,-4.161526,0.060061,1.144678,0.0031037,-0.9968531,0.0497520,0.0616362
1788248730414992384,OK,1,0,14.3818,0.352,0,1041,0,-4.162993,0.060416,1.129840,0.0031400,-0.9968551,0.0498026,0.0615609
1788248730448331520,OK,1,0,13.3628,0.348709,0,1030,0,-4.165112,0.060029,1.117322,0.0029471,-0.9968962,0.0491849,0.0614018
1788248730481670656,OK,1,0,14.0091,0.372458,0,1000,0,-4.167190,0.059173,1.102958,0.0025399,-0.9968997,0.0490418,0.0614777
1788248730515009792,OK,1,0,14.3838,0.384834,0,977,0,-4.170127,0.058163,1.090721,0.0020900,-0.9969024,0.0491266,0.0613830
1788248730548348928,OK,1,0,12.4335,0.333292,0,951,0,-4.171926,0.058093,1.078215,0.0019131,-0.9968964,0.0491587,0.0614606
1788248730581688064,OK,1,0,15.1382,0.309166,0,922,0,-4.172796,0.057562,1.066255,0.0017501,-0.9968908,0.0491046,0.0615982
1788248730615026944,OK,1,0,13.3857,0.338708,0,875,0,-4.175689,0.058843,1.054046,0.0016807,-0.9969050,0.0490880,0.0613847
1788248730648365824,OK,1,0,12.7415,0.309917,0,864,0,-4.177607,0.057411,1.040593,0.0016178,-0.9968981,0.0489822,0.0615816
1788248730681704960,OK,1,0,13.7063,0.395417,0,836,0,-4.178470,0.056553,1.029318,0.0016175,-0.9968728,0.0492112,0.0618084
1788248730715043584,OK,1,0,12.4068,0.361167,0,828,0,-4.180127,0.055041,1.015818,0.0016756,-0.9968871,0.0487918,0.0619074
1788248730748379904,OK,1,0,13.0734,0.298792,0,775,0,-4.181898,0.055972,1.000761,0.0019091,-0.9968743,0.0488005,0.0621013
1788248730781711616,OK,1,0,12.428,0.400875,0,779,0,-4.182952,0.055413,0.989048,0.0018048,-0.9968801,0.0488637,0.0619624
1788248730815044096,OK,1,0,11.7755,0.350375,0,772,0,-4.184793,0.054826,0.975935,0.0016879,-0.9968891,0.0486853,0.0619615
1788248730848376832,OK,1,0,13.7698,0.37575,0,745,0,-4.184669,0.054940,0.964611,0.0015887,-0.9968653,0.0487982,0.0622557
1788248730881709056,OK,1,0,11.5148,0.346708,0,707,0,-4.188866,0.055106,0.949566,0.0016626,-0.9968629,0.0489671,0.0621590
1788248730915041280,OK,1,0,12.4811,0.339709,0,696,0,-4.190115,0.054239,0.936225,0.0019454,-0.9968771,0.0485934,0.0622176
1788248730948373504,OK,1,0,11.9768,0.342208,0,671,0,-4.192999,0.053099,0.925608,0.0022332,-0.9968842,0.0485962,0.0620913
1788248730981705728,OK,1,0,11.4957,0.353792,0,650,0,-4.193829,0.052491,0.913378,0.0022182,-0.9969024,0.0485935,0.0618011
1788248731015037952,OK,1,0,11.8237,0.352666,0,621,0,-4.194924,0.053496,0.898941,0.0022243,-0.9968969,0.0484558,0.0619979
1788248731048369920,OK,1,0,12.5968,0.299708,0,645,0,-4.193243,0.058096,0.883000,0.0023929,-0.9968244,0.0490854,0.0626580
1788248731081701888,OK,1,0,12.1127,0.354666,0,1114,0,-4.195122,0.057943,0.869231,0.0025788,-0.9968213,0.0487784,0.0629387
1788248731115033600,OK,1,0,12.2989,0.335875,0,958,0,-4.196404,0.057294,0.856657,0.0029026,-0.9968268,0.0488140,0.0628108
1788248731148365568,OK,1,0,12.5974,0.354375,0,918,0,-4.197511,0.056237,0.845169,0.0032320,-0.9968267,0.0489849,0.0626625
1788248731181697024,OK,1,0,13.8227,0.365917,0,870,0,-4.200612,0.054426,0.833028,0.0032137,-0.9968363,0.0491740,0.0623619
1788248731215027712,OK,1,0,11.932,0.349958,0,872,0,-4.200439,0.052794,0.821198,0.0034258,-0.9968084,0.0494417,0.0625850
1788248731248359424,OK,1,0,12.2173,0.348125,0,845,0,-4.201116,0.053610,0.809753,0.0036370,-0.9967853,0.0498343,0.0626303
1788248731281690624,OK,1,0,12.7272,0.324542,0,814,0,-4.201461,0.053581,0.795567,0.0038241,-0.9967863,0.0495611,0.0628188
1788248731315022336,OK,1,0,11.5162,0.343917,0,785,0,-4.203831,0.053588,0.783287,0.0040828,-0.9967985,0.0495239,0.0626373
1788248731348353536,OK,1,0,12.158,0.359125,0,765,0,-4.205448,0.053285,0.771000,0.0039720,-0.9968111,0.0496506,0.0623437
1788248731381684480,OK,1,0,12.6436,0.314,0,739,0,-4.208613,0.053205,0.756493,0.0034234,-0.9968159,0.0496639,0.0622878
1788248731415015936,OK,1,0,12.2779,0.354625,0,701,0,-4.210784,0.052156,0.743465,0.0030909,-0.9968051,0.0495457,0.0625724
1788248731448346880,OK,1,0,11.057,0.353375,0,658,0,-4.213488,0.050749,0.731463,0.0027175,-0.9968442,0.0490721,0.0623394
1788248731481677824,OK,1,0,12.1652,0.350792,0,663,0,-4.215250,0.049704,0.716930,0.0026322,-0.9968584,0.0487452,0.0623727
1788248731515008768,OK,1,0,11.7907,0.337208,0,618,0,-4.216192,0.049056,0.704769,0.0026877,-0.9968370,0.0489158,0.0625790
1788248731548339712,OK,1,0,10.4592,0.332917,0,602,0,-4.218915,0.049820,0.692023,0.0022929,-0.9968670,0.0487611,0.0622358
1788248731581670400,OK,1,0,10.2492,0.334167,0,576,0,-4.220912,0.049356,0.680136,0.0021955,-0.9968772,0.0485193,0.0622649
1788248731615001088,OK,1,0,9.83283,0.353542,0,554,0,-4.224621,0.048329,0.666617,0.0020442,-0.9968787,0.0485155,0.0622483
1788248731648330496,OK,1,0,11.916,0.360083,0,553,0,-4.225086,0.045754,0.653994,0.0020262,-0.9968993,0.0481136,0.0622320
1788248731681661184,OK,1,0,9.81746,0.365583,0,510,0,-4.225309,0.044922,0.639794,0.0021663,-0.9968611,0.0483987,0.0626170
1788248731714991360,OK,1,0,10.1005,0.34775,0,501,0,-4.227797,0.045009,0.627406,0.0021984,-0.9968679,0.0485901,0.0623588
1788248731748326400,OK,1,0,11.3117,0.349584,0,503,0,-4.229358,0.043135,0.615490,0.0019934,-0.9968801,0.0486031,0.0621599
1788248731781667584,OK,1,0,10.088,0.395,0,793,0,-4.227023,0.049061,0.603569,0.0021547,-0.9967526,0.0500470,0.0630480
1788248731815008512,OK,1,0,10.4755,0.339167,0,707,0,-4.229139,0.047748,0.593835,0.0017691,-0.9967433,0.0506333,0.0627380
1788248731848349696,OK,1,0,10.95,0.353458,0,724,0,-4.232310,0.049138,0.580579,0.0016298,-0.9967078,0.0512161,0.0628321
1788248731881690624,OK,1,0,11.9366,0.35325,0,688,0,-4.234568,0.049016,0.568283,0.0014901,-0.9966750,0.0513749,0.0632254
1788248731915031552,OK,1,0,10.4563,0.350834,0,649,0,-4.236345,0.048198,0.556149,0.0014233,-0.9966763,0.0515977,0.0630248
1788248731948372480,OK,1,0,10.9159,0.354916,0,644,0,-4.237134,0.047150,0.544815,0.0015582,-0.9966940,0.0513593,0.0629362
1788248731981713408,OK,1,0,10.193,0.336708,0,611,0,-4.239117,0.047648,0.531957,0.0019067,-0.9966908,0.0513491,0.0629849
1788248732015054336,OK,1,0,10.4475,0.357625,0,608,0,-4.240673,0.046805,0.518307,0.0019095,-0.9967018,0.0511016,0.0630116
1788248732048395264,OK,1,0,10.5229,0.363292,0,590,0,-4.241954,0.044693,0.506039,0.0020140,-0.9967072,0.0507107,0.0632388
1788248732081736192,OK,1,0,10.7486,0.344125,0,559,0,-4.244585,0.042807,0.490683,0.0018728,-0.9967372,0.0504674,0.0629636
1788248732115075840,OK,1,0,9.94908,0.353416,0,554,0,-4.246700,0.042041,0.479684,0.0014415,-0.9967888,0.0500607,0.0624820
1788248732148416768,OK,1,0,9.68233,0.337833,0,528,0,-4.249235,0.042947,0.467445,0.0011487,-0.9967867,0.0502284,0.0623873
1788248732181757440,OK,1,0,10.5291,0.344458,0,670,0,-4.251763,0.042382,0.455544,0.0010767,-0.9967957,0.0505785,0.0619605
1788248732215098112,OK,1,0,10.0884,0.36425,0,574,0,-4.251543,0.043399,0.442361,0.0012660,-0.9967947,0.0506812,0.0618883
1788248732248439040,OK,1,0,9.80438,0.35075,0,593,0,-4.254547,0.045484,0.427509,0.0020136,-0.9968098,0.0512628,0.0611421
1788248732281779456,OK,1,0,12.622,0.323834,0,674,0,-4.254353,0.044547,0.415000,0.0019294,-0.9968743,0.0506814,0.0605750
1788248732315120384,OK,1,0,9.34062,0.3545,0,711,0,-4.256634,0.043962,0.400858,0.0019380,-0.9969853,0.0499322,0.0593594
1788248732348461056,OK,1,0,10.4166,0.3595,0,686,0,-4.255713,0.043846,0.386287,0.0020474,-0.9970481,0.0497617,0.0584358
1788248732381801472,OK,1,0,10.3494,0.349833,0,764,0,-4.257852,0.041828,0.373595,0.0018439,-0.9971038,0.0498257,0.0574280
1788248732415142144,OK,1,0,10.8309,0.364375,0,683,0,-4.261015,0.041284,0.364720,0.0017896,-0.9971006,0.0508406,0.0565908
1788248732448482560,OK,1,0,14.184,0.339292,0,643,0,-4.260015,0.040550,0.354656,0.0015836,-0.9971027,0.0518388,0.0556463
1788248732481823232,OK,1,0,10.6338,0.363458,0,863,0,-4.262505,0.038687,0.342548,0.0015517,-0.9971998,0.0522947,0.0534362
1788248732515163904,OK,1,0,11.1523,0.342375,0,799,0,-4.261498,0.037137,0.332022,0.0015604,-0.9972733,0.0524042,0.0519348
1788248732548503296,OK,1,0,10.9894,0.360334,0,876,0,-4.259692,0.037642,0.319279,0.0019191,-0.9973318,0.0526863,0.0504951
1788248732581843712,OK,1,0,11.0078,0.347291,0,785,0,-4.257442,0.035729,0.307033,0.0024850,-0.9974306,0.0526830,0.0484816
1788248732615184128,OK,1,0,11.196,0.349709,0,799,0,-4.255636,0.034722,0.294644,0.0025426,-0.9975690,0.0524151,0.0458509
1788248732648524544,OK,1,0,10.8091,0.351833,0,765,0,-4.254824,0.034241,0.282514,0.0024022,-0.9976845,0.0521947,0.0435391
1788248732681864960,OK,1,0,11.4732,0.327167,0,748,0,-4.254696,0.034727,0.271840,0.0025062,-0.9977789,0.0524418,0.0409987
1788248732715205376,OK,1,0,10.2496,0.331333,0,703,0,-4.254346,0.032453,0.255808,0.0021534,-0.9979091,0.0520354,0.0382770
1788248732748544512,OK,1,0,10.4235,0.338666,0,690,0,-4.253059,0.031531,0.244044,0.0022529,-0.9980211,0.0517960,0.0355820
1788248732781881600,OK,1,0,10.3904,0.390916,0,796,0,-4.252603,0.031883,0.230241,0.0025559,-0.9981165,0.0519345,0.0325533
1788248732815218432,OK,1,0,10.5419,0.360667,0,735,0,-4.248742,0.032342,0.216848,0.0027999,-0.9981818,0.0521387,0.0301159
1788248732848555776,OK,1,0,11.2983,0.364416,0,691,0,-4.249030,0.031325,0.204380,0.0027069,-0.9982847,0.0518063,0.0271379
1788248732881892864,OK,1,0,10.2974,0.342917,0,698,0,-4.248350,0.027750,0.194236,0.0031059,-0.9983631,0.0517872,0.0240759
1788248732915229696,OK,1,0,10.3244,0.332041,0,804,0,-4.246416,0.025812,0.181909,0.0031937,-0.9984321,0.0518592,0.0208272
1788248732948566528,OK,1,0,10.5515,0.357375,0,805,0,-4.244411,0.025573,0.169350,0.0029563,-0.9984908,0.0519236,0.0176498
1788248732981903872,OK,1,0,9.57775,0.355791,0,699,0,-4.242420,0.025291,0.156870,0.0026705,-0.9985204,0.0523954,0.0143049
1788248733015239680,OK,1,0,10.8603,0.34025,0,712,0,-4.239200,0.025241,0.144546,0.0026681,-0.9985427,0.0527502,0.0110806
1788248733048576768,OK,1,0,10.3987,0.352292,0,743,0,-4.236673,0.022139,0.132277,0.0028755,-0.9985734,0.0527434,0.0078077
1788248733081913600,OK,1,0,9.74096,0.345167,0,662,0,-4.233799,0.022131,0.120427,0.0028743,-0.9986144,0.0523629,0.0043652
1788248733115250432,OK,1,0,9.8195,0.326875,0,709,0,-4.232433,0.020664,0.108052,0.0027173,-0.9986196,0.0524419,0.0011664
1788248733148587520,OK,1,0,9.77383,0.351166,0,695,0,-4.229959,0.020436,0.093887,-0.0027891,0.9985999,-0.0527830,0.0021134
1788248733181924352,OK,1,0,9.79537,0.342042,0,661,0,-4.224956,0.018622,0.079791,-0.0029020,0.9985834,-0.0528827,0.0051226
1788248733215261184,OK,1,0,9.67621,0.336542,0,716,0,-4.224374,0.017373,0.070632,-0.0026542,0.9985483,-0.0531167,0.0085454
1788248733248598272,OK,1,0,9.86508,0.360416,0,653,0,-4.220211,0.016347,0.058846,-0.0026337,0.9984942,-0.0535309,0.0116949
1788248733281935104,OK,1,0,9.66604,0.373459,0,640,0,-4.217275,0.015199,0.047725,-0.0025771,0.9984183,-0.0541013,0.0150822
1788248733315271680,OK,1,0,9.42062,0.339209,0,623,0,-4.215383,0.013784,0.035482,-0.0026236,0.9983556,-0.0542124,0.0184470
1788248733348608768,OK,1,0,9.70554,0.340208,0,699,0,-4.209812,0.012995,0.022943,-0.0028593,0.9982981,-0.0541732,0.0214010
1788248733381945344,OK,1,0,9.92425,0.3715,0,666,0,-4.206823,0.013994,0.012080,-0.0030716,0.9982165,-0.0539680,0.0253372
1788248733415282176,OK,1,0,9.66254,0.331875,0,626,0,-4.203443,0.012772,0.000121,-0.0028861,0.9981211,-0.0539376,0.0289246
1788248733448617984,OK,1,0,9.75121,0.3555,0,606,0,-4.198821,0.011024,-0.012973,-0.0028873,0.9980271,-0.0537853,0.0322593
1788248733481954560,OK,1,0,9.93746,0.324334,0,588,0,-4.196481,0.010946,-0.027906,-0.0028585,0.9978946,-0.0539340,0.0359059
1788248733515291136,OK,1,0,9.72679,0.375583,0,557,0,-4.191499,0.009647,-0.036235,-0.0031829,0.9977604,-0.0539010,0.0394808
1788248733548628224,OK,1,0,10.1808,0.354875,0,542,0,-4.185650,0.008290,-0.050206,-0.0035050,0.9975787,-0.0543906,0.0431991
1788248733581964800,OK,1,0,9.57996,0.369208,0,530,0,-4.182176,0.007813,-0.061165,-0.0033452,0.9973868,-0.0545356,0.0472697
1788248733615301632,OK,1,0,9.83542,0.413458,0,526,0,-4.178197,0.003648,-0.073297,-0.0033174,0.9972253,-0.0541281,0.0509977
1788248733648637952,OK,1,0,10.2482,0.325333,0,522,0,-4.172110,0.004738,-0.084346,-0.0033578,0.9970217,-0.0543909,0.0545723
1788248733681974528,OK,1,0,9.48779,0.326042,0,477,0,-4.167893,0.002774,-0.096592,-0.0035056,0.9967789,-0.0547191,0.0585269
1788248733715311360,OK,1,0,8.881,0.338375,0,466,0,-4.166060,0.003222,-0.108035,-0.0029236,0.9965201,-0.0550174,0.0625479
1788248733748646144,OK,1,0,10.7821,0.363833,0,429,0,-4.161510,0.003005,-0.122859,-0.0019581,0.9962893,-0.0545270,0.0665632
1788248733781978880,OK,1,0,8.93817,0.357542,0,432,0,-4.157103,0.002447,-0.129511,-0.0023313,0.9959992,-0.0545911,0.0707111
1788248733815311616,OK,1,0,9.21475,0.359334,0,427,0,-4.150799,0.001834,-0.145558,-0.0027510,0.9956923,-0.0545867,0.0748980
1788248733848644096,OK,1,0,10.2634,0.372667,0,423,0,-4.144460,0.001830,-0.158578,-0.0029575,0.9953930,-0.0545250,0.0788102
1788248733881975296,OK,1,0,8.89996,0.375166,0,422,0,-4.139064,0.002121,-0.169928,-0.0032948,0.9950619,-0.0543121,0.0830133
1788248733915307520,OK,1,0,9.89792,0.363625,0,402,0,-4.132562,0.003954,-0.183608,-0.0036340,0.9946799,-0.0543834,0.0874137
1788248733948640000,OK,1,0,9.32767,0.359125,0,388,0,-4.125669,0.003135,-0.190266,-0.0039794,0.9942847,-0.0546191,0.0916458
1788248733981972224,OK,1,0,8.69054,0.342708,0,369,0,-4.122990,0.003521,-0.199984,-0.0036468,0.9938439,-0.0550016,0.0961040
1788248734015304192,OK,1,0,9.18217,0.359542,0,366,0,-4.118351,0.002801,-0.207923,-0.0028076,0.9933835,-0.0557000,0.1003940
1788248734048636160,OK,1,0,16.8045,0.348875,0,428,0,-4.121682,0.003070,-0.216730,-0.0027970,0.9927977,-0.0555219,0.1061240
1788248734081968384,OK,1,0,9.31612,0.332458,0,424,0,-4.116383,0.002997,-0.226803,-0.0024565,0.9923549,-0.0557850,0.1100627
1788248734115300096,OK,1,0,8.99921,0.360541,0,671,0,-4.108221,0.001661,-0.242908,-0.0029277,0.9918495,-0.0558238,0.1144978
1788248734148631808,OK,1,0,9.53637,0.352958,0,597,0,-4.101052,0.002756,-0.251207,-0.0030529,0.9913742,-0.0556416,0.1186251
1788248734181963520,OK,1,0,10.5555,0.340709,0,579,0,-4.095583,0.000518,-0.256198,-0.0035782,0.9908682,-0.0553026,0.1229191
1788248734215295232,OK,1,0,9.32704,0.35275,0,560,0,-4.089149,-0.001133,-0.265117,-0.0037735,0.9903544,-0.0548959,0.1271626
1788248734248626688,OK,1,0,9.68654,0.36125,0,546,0,-4.083468,-0.001830,-0.272024,-0.0040046,0.9897741,-0.0550588,0.1315284
1788248734281958144,OK,1,0,9.69192,0.372042,0,532,0,-4.076425,-0.003392,-0.279917,-0.0044101,0.9891558,-0.0550693,0.1360840
1788248734315289600,OK,1,0,9.3735,0.328917,0,500,0,-4.072237,-0.003704,-0.285630,-0.0040446,0.9885269,-0.0550437,0.1406006
1788248734348619776,OK,1,0,9.61946,0.349875,0,494,0,-4.065138,-0.002685,-0.294833,-0.0035955,0.9879286,-0.0551184,0.1447281
1788248734381951232,OK,1,0,10.5778,0.326291,0,482,0,-4.060034,-0.003538,-0.299457,-0.0034306,0.9872976,-0.0550510,0.1490004
1788248734415282176,OK,1,0,9.02017,0.319,0,481,0,-4.052584,-0.004038,-0.306506,-0.0037974,0.9866326,-0.0554316,0.1531957
1788248734448613632,OK,1,0,9.35217,0.318583,0,455,0,-4.045555,-0.005354,-0.313695,-0.0038346,0.9859670,-0.0553010,0.1574683
1788248734481944320,OK,1,0,9.62312,0.366667,0,450,0,-4.038870,-0.005759,-0.318446,-0.0040343,0.9853324,-0.0548854,0.1615286
1788248734515275264,OK,1,0,9.50062,0.368042,0,421,0,-4.033705,-0.008018,-0.327008,-0.0042023,0.9846302,-0.0545882,0.1658492
1788248734548606208,OK,1,0,9.72933,0.313417,0,421,0,-4.025555,-0.007889,-0.332103,-0.0041179,0.9839533,-0.0542778,0.1699203
1788248734581936896,OK,1,0,9.13279,0.328667,0,412,0,-4.019867,-0.009698,-0.338271,-0.0040321,0.9832264,-0.0541738,0.1741116
1788248734615267584,OK,1,0,9.07275,0.33475,0,396,0,-4.012397,-0.009464,-0.345778,-0.0040873,0.9824683,-0.0544674,0.1782489
1788248734648598272,OK,1,0,9.96692,0.359792,0,391,0,-4.006007,-0.009782,-0.348974,-0.0039612,0.9816685,-0.0545654,0.1825760
1788248734681928704,OK,1,0,10.3773,0.442542,0,396,0,-3.999101,-0.008136,-0.356114,-0.0037286,0.9809077,-0.0545269,0.1866359
1788248734715259392,OK,1,0,8.93958,0.353084,0,386,0,-3.992846,-0.009177,-0.360957,-0.0035140,0.9800904,-0.0546581,0.1908484
1788248734748596480,OK,1,0,9.22808,0.338959,0,401,0,-3.980782,-0.016187,-0.372175,-0.0039053,0.9795086,-0.0537955,0.1940458
1788248734781941760,OK,1,0,9.32512,0.347375,0,942,0,-3.974250,-0.019719,-0.378764,-0.0042026,0.9786790,-0.0534457,0.1982760
1788248734815288064,OK,1,0,11.9932,0.382459,0,803,0,-3.968494,-0.019011,-0.384897,-0.0047103,0.9776703,-0.0535260,0.2031589
1788248734848634624,OK,1,0,10.455,0.343458,0,745,0,-3.962101,-0.018978,-0.389322,-0.0047254,0.9767466,-0.0532159,0.2076337
1788248734881980928,OK,1,0,10.8964,0.346084,0,734,0,-3.956570,-0.017250,-0.393355,-0.0044205,0.9758598,-0.0533470,0.2117362
1788248734915327744,OK,1,0,10.5043,0.362125,0,690,0,-3.950109,-0.018237,-0.398719,-0.0041400,0.9749279,-0.0532427,0.2160178
1788248734948674560,OK,1,0,11.1533,0.340417,0,697,0,-3.942953,-0.017672,-0.402271,-0.0043229,0.9740410,-0.0534000,0.2199406
1788248734982021120,OK,1,0,11.0612,0.338708,0,651,0,-3.935849,-0.018858,-0.408473,-0.0047358,0.9730071,-0.0534329,0.2244540
1788248735015368448,OK,1,0,11.4999,0.380084,0,634,0,-3.929999,-0.019798,-0.410148,-0.0049497,0.9719644,-0.0533450,0.2289431
1788248735048715264,OK,1,0,10.6494,0.354542,0,616,0,-3.923018,-0.019277,-0.414986,-0.0047962,0.9709049,-0.0529952,0.2334783
1788248735082062592,OK,1,0,10.6022,0.334125,0,620,0,-3.914719,-0.020107,-0.420143,-0.0051216,0.9698580,-0.0527294,0.2378421
1788248735115409920,OK,1,0,10.1172,0.360542,0,604,0,-3.908754,-0.019701,-0.423944,-0.0049400,0.9687547,-0.0528975,0.2422641
1788248735148756992,OK,1,0,10.0556,0.346666,0,569,0,-3.903794,-0.021180,-0.429124,-0.0048538,0.9676469,-0.0529330,0.2466455
1788248735182104832,OK,1,0,9.87025,0.357334,0,543,0,-3.894484,-0.021474,-0.431880,-0.0053764,0.9665095,-0.0531643,0.2510059
1788248735215451136,OK,1,0,10.0906,0.352042,0,524,0,-3.888472,-0.022452,-0.436186,-0.0055871,0.9652771,-0.0529379,0.2557471
1788248735248798720,OK,1,0,9.48125,0.341292,0,544,0,-3.880601,-0.021783,-0.440469,-0.0051784,0.9641787,-0.0525294,0.2599485
1788248735282146816,OK,1,0,9.71687,0.361541,0,535,0,-3.874914,-0.020038,-0.448286,-0.0047549,0.9628608,-0.0525867,0.2647853
1788248735315494656,OK,1,0,10.2122,0.353417,0,509,0,-3.868615,-0.021175,-0.451939,-0.0047550,0.9615723,-0.0527313,0.2693985
1788248735348842496,OK,1,0,10.8424,0.344458,0,491,0,-3.863134,-0.021374,-0.454256,-0.0045525,0.9604213,-0.0525073,0.2735199
1788248735382190592,OK,1,0,10.6178,0.375625,0,499,0,-3.855956,-0.022911,-0.458763,-0.0046600,0.9591730,-0.0524333,0.2778779
1788248735415538944,OK,1,0,10.0563,0.358667,0,517,0,-3.839897,-0.020536,-0.470589,-0.0048391,0.9581554,-0.0529069,0.2812752
1788248735448887296,OK,1,0,9.76962,0.327667,0,1010,0,-3.833604,-0.020961,-0.472593,-0.0049610,0.9568797,-0.0524975,0.2856584
1788248735482235648,OK,1,0,12.0656,0.346834,0,883,0,-3.826851,-0.020769,-0.474998,-0.0047097,0.9556847,-0.0523973,0.2896536
1788248735515584000,OK,1,0,11.5397,0.324125,0,855,0,-3.818324,-0.022257,-0.478570,-0.0047281,0.9543833,-0.0522024,0.2939473
1788248735548932608,OK,1,0,10.8992,0.33575,0,855,0,-3.812695,-0.021288,-0.483215,-0.0045236,0.9530109,-0.0523237,0.2983487
1788248735582281216,OK,1,0,11.2163,0.348417,0,805,0,-3.804664,-0.022966,-0.485053,-0.0045949,0.9517254,-0.0525781,0.3023791
1788248735615630080,OK,1,0,11.3604,0.344917,0,789,0,-3.797877,-0.022477,-0.488217,-0.0047759,0.9502503,-0.0525874,0.3069791
1788248735648978944,OK,1,0,10.6894,0.563791,0,744,0,-3.789244,-0.021717,-0.492026,-0.0047052,0.9488670,-0.0525968,0.3112281
1788248735682327040,OK,1,0,11.2036,0.332542,0,721,0,-3.784198,-0.023530,-0.494916,-0.0048272,0.9473844,-0.0522933,0.3157608
1788248735715676160,OK,1,0,10.3048,0.295709,0,712,0,-3.776374,-0.022743,-0.497519,-0.0048151,0.9459103,-0.0526503,0.3200914
1788248735749025024,OK,1,0,10.4208,0.327542,0,699,0,-3.769771,-0.022179,-0.501192,-0.0042672,0.9444445,-0.0526726,0.3243947
1788248735782373632,OK,1,0,10.8635,0.3345,0,693,0,-3.763442,-0.023466,-0.504521,-0.0042610,0.9429278,-0.0527112,0.3287713
1788248735815722240,OK,1,0,11.0226,0.326333,0,664,0,-3.756025,-0.025409,-0.506757,-0.0046074,0.9413451,-0.0525127,0.3333026
1788248735849070848,OK,1,0,9.66375,0.327,0,654,0,-3.745723,-0.022226,-0.510660,-0.0048242,0.9397838,-0.0523080,0.3377086
1788248735882419712,OK,1,0,10.2924,0.344291,0,660,0,-3.739210,-0.022695,-0.512958,-0.0047969,0.9382694,-0.0518194,0.3419682
1788248735915768320,OK,1,0,9.92379,0.342625,0,644,0,-3.730111,-0.022057,-0.514661,-0.0047428,0.9367890,-0.0518300,0.3460021
1788248735949117184,OK,1,0,10.1896,0.349542,0,628,0,-3.724151,-0.023959,-0.520031,-0.0047878,0.9351521,-0.0515391,0.3504445
1788248735982466048,OK,1,0,9.984,0.353375,0,591,0,-3.712399,-0.025004,-0.524948,-0.0052231,0.9335381,-0.0517507,0.3546847
1788248736015815168,OK,1,0,17.9128,0.350792,0,624,0,-3.702639,-0.021342,-0.524957,-0.0057409,0.9319726,-0.0522032,0.3587046
1788248736049164032,OK,1,0,10.623,0.364334,0,620,0,-3.697088,-0.020649,-0.528001,-0.0055051,0.9302680,-0.0519774,0.3631385
1788248736082513152,OK,1,0,10.7636,0.315917,0,627,0,-3.688313,-0.021354,-0.532173,-0.0056239,0.9285079,-0.0519028,0.3676243
1788248736115861248,OK,1,0,10.6898,0.309667,0,830,0,-3.679471,-0.020244,-0.533865,-0.0053923,0.9267113,-0.0520274,0.3721160
1788248736149210624,OK,1,0,11.1467,0.318709,0,840,0,-3.672436,-0.020512,-0.536067,-0.0052087,0.9250800,-0.0519884,0.3761609
1788248736182559744,OK,1,0,10.7319,0.32775,0,801,0,-3.664256,-0.020592,-0.536584,-0.0052787,0.9234427,-0.0522808,0.3801218
1788248736215909120,OK,1,0,10.2968,0.347834,0,777,0,-3.655334,-0.021508,-0.539445,-0.0055442,0.9216120,-0.0521344,0.3845550
1788248736249258752,OK,1,0,10.4136,0.339333,0,788,0,-3.646062,-0.019693,-0.542716,-0.0055463,0.9198418,-0.0519633,0.3887932
1788248736282608128,OK,1,0,10.7315,0.350167,0,767,0,-3.639359,-0.020252,-0.544035,-0.0054811,0.9180596,-0.0518728,0.3929957
1788248736315957760,OK,1,0,10.502,0.367083,0,760,0,-3.632443,-0.020125,-0.545671,-0.0052115,0.9161476,-0.0518482,0.3974395
1788248736349307392,OK,1,0,10.4229,0.355583,0,740,0,-3.627314,-0.020566,-0.548447,-0.0047201,0.9143974,-0.0513585,0.4015190
1788248736382657024,OK,1,0,10.542,0.344709,0,728,0,-3.618971,-0.021328,-0.550019,-0.0048751,0.9126384,-0.0512615,0.4055118
1788248736416006656,OK,1,0,11.0064,0.357,0,713,0,-3.609283,-0.021935,-0.550080,-0.0052084,0.9107960,-0.0510798,0.4096516
1788248736449356544,OK,1,0,10.1552,0.323333,0,687,0,-3.600341,-0.022496,-0.553133,-0.0055736,0.9088591,-0.0506976,0.4139732
1788248736482706176,OK,1,0,10.9966,0.321541,0,667,0,-3.592046,-0.022908,-0.553890,-0.0056816,0.9070001,-0.0506924,0.4180298
1788248736516056064,OK,1,0,11.2058,0.339708,0,644,0,-3.585014,-0.024354,-0.556054,-0.0056655,0.9050214,-0.0504676,0.4223236
1788248736549404928,OK,1,0,10.931,0.343916,0,629,0,-3.576241,-0.024353,-0.558569,-0.0056508,0.9031323,-0.0503278,0.4263651
1788248736582755072,OK,1,0,10.8479,0.354292,0,651,0,-3.572165,-0.026749,-0.556957,-0.0056461,0.9012085,-0.0500725,0.4304463
1788248736616105216,OK,1,0,10.3424,0.355625,0,632,0,-3.562377,-0.025814,-0.559335,-0.0057600,0.8990262,-0.0501699,0.4349733
1788248736649455360,OK,1,0,11.0922,0.361167,0,622,0,-3.545134,-0.027036,-0.570948,-0.0053967,0.8974639,-0.0507186,0.4381290
1788248736682805760,OK,1,0,10.1312,0.354292,0,832,0,-3.532204,-0.023587,-0.571867,-0.0052411,0.8953843,-0.0513328,0.4422945
1788248736716155648,OK,1,0,10.5813,0.355584,0,852,0,-3.526370,-0.022518,-0.571918,-0.0048195,0.8932086,-0.0516498,0.4466404
1788248736749504512,OK,1,0,10.6335,0.330917,0,838,0,-3.521476,-0.024654,-0.570900,-0.0042614,0.8912217,-0.0514672,0.4506184
1788248736782851584,OK,1,0,10.9962,0.318125,0,820,0,-3.513566,-0.023805,-0.570535,-0.0041030,0.8891980,-0.0516235,0.4545824
1788248736816198400,OK,1,0,10.7845,0.3345,0,809,0,-3.504882,-0.024318,-0.570422,-0.0041672,0.8870814,-0.0515067,0.4587117
1788248736849545472,OK,1,0,10.1445,0.35375,0,808,0,-3.493690,-0.021689,-0.573055,-0.0043678,0.8848744,-0.0513088,0.4629747
1788248736882892288,OK,1,0,12.2164,0.3605,0,776,0,-3.487029,-0.022273,-0.573077,-0.0043716,0.8827640,-0.0509755,0.4670227
1788248736916239616,OK,1,0,10.4789,0.327791,0,762,0,-3.477302,-0.023688,-0.573266,-0.0044596,0.8806139,-0.0507151,0.4710917
1788248736949586432,OK,1,0,10.562,0.343333,0,749,0,-3.471470,-0.023335,-0.574691,-0.0042001,0.8784443,-0.0502682,0.4751748
1788248736982932736,OK,1,0,11.2694,0.329417,0,740,0,-3.461653,-0.023339,-0.574120,-0.0042152,0.8763294,-0.0504823,0.4790413
1788248737016279808,OK,1,0,11.2535,0.344667,0,710,0,-3.450920,-0.021650,-0.576114,-0.0044146,0.8739634,-0.0505965,0.4833307
1788248737049626880,OK,1,0,9.99508,0.344583,0,719,0,-3.443262,-0.022472,-0.575237,-0.0046954,0.8716094,-0.0501591,0.4876055
1788248737082974464,OK,1,0,11.068,0.364333,0,698,0,-3.434093,-0.022194,-0.577207,-0.0047075,0.8693401,-0.0499821,0.4916578
1788248737116321792,OK,1,0,11.1788,0.379958,0,702,0,-3.426883,-0.020032,-0.579762,-0.0044333,0.8669444,-0.0500775,0.4958630
1788248737149668864,OK,1,0,10.6525,0.355166,0,687,0,-3.414673,-0.019320,-0.581229,-0.0042647,0.8646783,-0.0498536,0.4998278
1788248737183016448,OK,1,0,9.97608,0.339042,0,659,0,-3.406087,-0.018667,-0.582467,-0.0043915,0.8622800,-0.0501518,0.5039234
1788248737216364032,OK,1,0,10.2207,0.335917,0,673,0,-3.396025,-0.024333,-0.580193,-0.0040313,0.8605083,-0.0498900,0.5069718
1788248737249711360,OK,1,0,10.729,0.370333,0,911,0,-3.389336,-0.025270,-0.578616,-0.0043325,0.8581956,-0.0492182,0.5109395
1788248737283059200,OK,1,0,11.8348,0.340959,0,1005,0,-3.380910,-0.024317,-0.577839,-0.0042842,0.8559262,-0.0489672,0.5147564
1788248737316406528,OK,1,0,11.4794,0.346458,0,1002,0,-3.372419,-0.024441,-0.579530,-0.0043372,0.8534381,-0.0487757,0.5188888
1788248737349754112,OK,1,0,12.864,0.334917,0,990,0,-3.364205,-0.024713,-0.580950,-0.0041394,0.8511404,-0.0484588,0.5226802
1788248737383101952,OK,1,0,12.2123,0.368291,0,976,0,-3.358167,-0.026461,-0.578347,-0.0040569,0.8488315,-0.0485537,0.5264134
1788248737416449792,OK,1,0,11.9417,0.354708,0,916,0,-3.348185,-0.025654,-0.579072,-0.0040795,0.8462478,-0.0486120,0.5305515
1788248737449796352,OK,1,0,12.046,0.341792,0,898,0,-3.341565,-0.025264,-0.578764,-0.0039799,0.8437996,-0.0482380,0.5344713
1788248737483144192,OK,1,0,11.0642,0.359583,0,886,0,-3.332821,-0.024426,-0.576087,-0.0039218,0.8415267,-0.0482183,0.5380450
1788248737516492288,OK,1,0,11.573,0.342792,0,872,0,-3.322801,-0.023795,-0.580179,-0.0038658,0.8387900,-0.0481119,0.5423114
1788248737549840128,OK,1,0,11.3507,0.345792,0,853,0,-3.316686,-0.024369,-0.577442,-0.0035497,0.8367836,-0.0482502,0.5453922
1788248737583188224,OK,1,0,11.9128,0.344042,0,859,0,-3.308138,-0.023505,-0.578547,-0.0033192,0.8347563,-0.0487712,0.5484454
1788248737616536064,OK,1,0,11.6534,0.371208,0,831,0,-3.299129,-0.022929,-0.577290,-0.0035006,0.8325646,-0.0486596,0.5517755
1788248737649884160,OK,1,0,11.818,0.356417,0,798,0,-3.288315,-0.021996,-0.576256,-0.0036471,0.8306545,-0.0482597,0.5546808
1788248737683232512,OK,1,0,11.3453,0.370291,0,800,0,-3.277449,-0.022237,-0.575079,-0.0035123,0.8291262,-0.0479193,0.5569931
1788248737716580608,OK,1,0,10.9027,0.374291,0,813,0,-3.265894,-0.024704,-0.569705,-0.0031567,0.8279094,-0.0473766,0.5588485
1788248737749924352,OK,1,0,11.8464,0.346209,0,995,0,-3.258011,-0.026600,-0.573330,-0.0032835,0.8263301,-0.0471739,0.5611973
1788248737783262464,OK,1,0,12.7437,0.34825,0,1261,0,-3.248084,-0.025664,-0.576002,-0.0034371,0.8248090,-0.0471749,0.5634295
1788248737816600576,OK,1,0,15.2563,0.341209,0,1228,0,-3.237544,-0.026474,-0.575630,-0.0036990,0.8233002,-0.0466727,0.5656719
1788248737849938432,OK,1,0,13.4067,0.357042,0,1209,0,-3.225483,-0.026690,-0.576070,-0.0041354,0.8218229,-0.0463039,0.5678433
1788248737883275520,OK,1,0,12.9217,0.34375,0,1171,0,-3.216150,-0.025551,-0.577556,-0.0042009,0.8202450,-0.0465573,0.5700991
1788248737916613632,OK,1,0,13.0599,0.349916,0,1203,0,-3.206293,-0.025665,-0.580020,-0.0042538,0.8186227,-0.0463919,0.5724391
1788248737949951488,OK,1,0,13.7273,0.369958,0,1194,0,-3.196856,-0.024831,-0.580071,-0.0042843,0.8171240,-0.0466545,0.5745549
1788248737983289344,OK,1,0,13.2743,0.364333,0,1157,0,-3.187605,-0.023586,-0.580014,-0.0041738,0.8154250,-0.0466817,0.5769622
1788248738016626944,OK,1,0,13.043,0.348833,0,1137,0,-3.177088,-0.025447,-0.581928,-0.0043644,0.8145896,-0.0461569,0.5781820
1788248738049964800,OK,1,0,13.6679,0.327625,0,1152,0,-3.167285,-0.026219,-0.584034,-0.0042130,0.8142310,-0.0458517,0.5787123
1788248738083302400,OK,1,0,12.9548,0.363375,0,1137,0,-3.157718,-0.026190,-0.588635,-0.0037688,0.8133404,-0.0457562,0.5799737
1788248738116640256,OK,1,0,13.0624,0.3625,0,1138,0,-3.148541,-0.027348,-0.591485,-0.0037144,0.8125601,-0.0453078,0.5811020
1788248738149978112,OK,1,0,12.9506,0.344584,0,1115,0,-3.138874,-0.026650,-0.594796,-0.0035411,0.8121985,-0.0449339,0.5816374
1788248738183315712,OK,1,0,12.5917,0.344291,0,1096,0,-3.129015,-0.025893,-0.600233,-0.0033752,0.8116120,-0.0450370,0.5824485
1788248738216653312,OK,1,0,12.8057,0.324208,0,1129,0,-3.119836,-0.024814,-0.596891,-0.0041615,0.8115123,-0.0453505,0.5825580
1788248738249990656,OK,1,0,13.0212,0.362625,0,1137,0,-3.110108,-0.022469,-0.599400,-0.0044087,0.8108556,-0.0451924,0.5834821
1788248738283328256,OK,1,0,14.2336,0.351167,0,1406,0,-3.098473,-0.022309,-0.603039,-0.0043238,0.8105274,-0.0446373,0.5839813
1788248738316665856,OK,1,0,14.4467,0.334833,0,1474,0,-3.089301,-0.021850,-0.606380,-0.0040541,0.8100377,-0.0446413,0.5846620
1788248738350002176,OK,1,0,14.5362,0.34125,0,1444,0,-3.079951,-0.021865,-0.609224,-0.0036906,0.8095001,-0.0443916,0.5854275
1788248738383339520,OK,1,0,14.9814,0.351667,0,1403,0,-3.071828,-0.021569,-0.611168,-0.0035987,0.8091153,-0.0442031,0.5859740
1788248738416677120,OK,1,0,13.8823,0.337458,0,1390,0,-3.062206,-0.022043,-0.614465,-0.0036666,0.8087130,-0.0444978,0.5865065
1788248738450014464,OK,1,0,14.1883,0.354875,0,1360,0,-3.053793,-0.023976,-0.614754,-0.0040473,0.8082794,-0.0443807,0.5871103
1788248738483351808,OK,1,0,14.2085,0.340542,0,1384,0,-3.042264,-0.022558,-0.617132,-0.0042449,0.8077456,-0.0444015,0.5878416
1788248738516688896,OK,1,0,14.6527,0.332375,0,1365,0,-3.033023,-0.023231,-0.618999,-0.0041429,0.8073386,-0.0444011,0.5884010
1788248738550026240,OK,1,0,14.1209,0.326166,0,1349,0,-3.024197,-0.024113,-0.623888,-0.0037002,0.8067739,-0.0443919,0.5891787
1788248738583363584,OK,1,0,14.4443,0.329,0,1323,0,-3.014613,-0.023229,-0.627336,-0.0031396,0.8063554,-0.0444765,0.5897484
1788248738616700672,OK,1,0,14.0422,0.306875,0,1295,0,-3.006479,-0.023966,-0.627660,-0.0029210,0.8061673,-0.0447809,0.5899834
1788248738650037504,OK,1,0,13.6212,0.350167,0,1302,0,-2.997386,-0.024466,-0.628580,-0.0027583,0.8057395,-0.0451337,0.5905415
1788248738683374848,OK,1,0,14.3065,0.348084,0,1286,0,-2.988730,-0.026614,-0.631628,-0.0029454,0.8052313,-0.0444692,0.5912836
1788248738716711936,OK,1,0,13.8755,0.332417,0,1311,0,-2.968110,-0.023035,-0.638060,-0.0033616,0.8046438,-0.0447780,0.5920575
1788248738750048768,OK,1,0,13.7155,0.358083,0,1290,0,-2.958864,-0.024192,-0.638944,-0.0037041,0.8042771,-0.0450007,0.5925365
1788248738783384576,OK,1,0,13.7483,0.330125,0,1277,0,-2.947920,-0.024576,-0.641145,-0.0038985,0.8036878,-0.0449205,0.5933405
1788248738816721408,OK,1,0,13.1946,0.36525,0,1261,0,-2.937902,-0.026038,-0.643407,-0.0042531,0.8033689,-0.0444368,0.5938061
1788248738850057984,OK,1,0,13.9755,0.346458,0,1406,0,-2.928187,-0.025692,-0.645973,-0.0042206,0.8030066,-0.0447277,0.5942743
1788248738883394816,OK,1,0,13.4591,0.360667,0,1459,0,-2.919259,-0.025285,-0.649294,-0.0038906,0.8023795,-0.0449001,0.5951100
1788248738916731392,OK,1,0,14.5345,0.361333,0,1425,0,-2.909440,-0.024439,-0.651765,-0.0038568,0.8018237,-0.0446947,0.5958745
1788248738950068224,OK,1,0,14.2452,0.340917,0,1397,0,-2.898899,-0.023476,-0.652678,-0.0039222,0.8014966,-0.0445232,0.5963266
1788248738983404800,OK,1,0,13.536,0.330833,0,1360,0,-2.889031,-0.025078,-0.658015,-0.0038231,0.8007895,-0.0443036,0.5972928
1788248739016741376,OK,1,0,13.6392,0.338583,0,1363,0,-2.879218,-0.023313,-0.658298,-0.0037740,0.8004776,-0.0444186,0.5977026
1788248739050077952,OK,1,0,13.6431,0.327125,0,1333,0,-2.869603,-0.024354,-0.661493,-0.0038477,0.8001432,-0.0441907,0.5981665
1788248739083414528,OK,1,0,13.8367,0.34025,0,1318,0,-2.859407,-0.025855,-0.662513,-0.0038397,0.7998667,-0.0442898,0.5985291
1788248739116751104,OK,1,0,13.263,0.33925,0,1299,0,-2.849712,-0.026259,-0.664203,-0.0036957,0.7995307,-0.0443543,0.5989737
1788248739150087424,OK,1,0,14.3895,0.333292,0,1293,0,-2.839913,-0.026596,-0.667904,-0.0037424,0.7990907,-0.0444257,0.5995551
1788248739183423744,OK,1,0,13.7235,0.356334,0,1306,0,-2.831578,-0.027888,-0.670408,-0.0036507,0.7986754,-0.0443143,0.6001171
1788248739216759296,OK,1,0,13.307,0.346667,0,1346,0,-2.823817,-0.026022,-0.678947,-0.0030444,0.7976202,-0.0444541,0.6015120
1788248739250095616,OK,1,0,13.5899,0.338458,0,1344,0,-2.813941,-0.024498,-0.682731,-0.0029865,0.7972623,-0.0442618,0.6020008
1788248739283431936,OK,1,0,13.2963,0.338666,0,1310,0,-2.803634,-0.024555,-0.684627,-0.0031673,0.7969681,-0.0443101,0.6023856
1788248739316768256,OK,1,0,14.4793,0.309084,0,1291,0,-2.793213,-0.025166,-0.684772,-0.0033494,0.7966314,-0.0442774,0.6028323
1788248739350104576,OK,1,0,13.7153,0.336166,0,1454,0,-2.781416,-0.026437,-0.686831,-0.0038586,0.7962890,-0.0439771,0.6033034
1788248739383440640,OK,1,0,14.0275,0.354708,0,1467,0,-2.774184,-0.026509,-0.686797,-0.0041247,0.7961801,-0.0441900,0.6034297
1788248739416777216,OK,1,0,13.4272,0.358167,0,1415,0,-2.764260,-0.025982,-0.689594,-0.0039018,0.7957865,-0.0441580,0.6039525
1788248739450113280,OK,1,0,13.418,0.353917,0,1414,0,-2.753450,-0.026037,-0.695801,-0.0036656,0.7951296,-0.0439387,0.6048346
1788248739483449344,OK,1,0,13.9072,0.337292,0,1356,0,-2.744244,-0.025686,-0.696924,-0.0035471,0.7949203,-0.0443015,0.6050839
1788248739516785408,OK,1,0,14.0854,0.332083,0,1342,0,-2.734906,-0.025521,-0.697501,-0.0035036,0.7945873,-0.0447749,0.6054866
1788248739550121472,OK,1,0,13.3138,0.344333,0,1306,0,-2.727741,-0.026445,-0.697414,-0.0037219,0.7940635,-0.0451065,0.6061475
1788248739583457536,OK,1,0,15.093,0.326,0,1269,0,-2.715184,-0.027581,-0.699071,-0.0039100,0.7936998,-0.0451820,0.6066168
1788248739616793600,OK,1,0,13.2241,0.353833,0,1295,0,-2.706194,-0.028309,-0.701055,-0.0036919,0.7934095,-0.0456715,0.6069613
1788248739650128640,OK,1,0,13.7458,0.365916,0,1264,0,-2.698475,-0.028389,-0.702712,-0.0030760,0.7929398,-0.0459670,0.6075559
1788248739683464704,OK,1,0,16.4085,0.357625,0,1270,0,-2.689533,-0.027736,-0.704179,-0.0024816,0.7924603,-0.0458554,0.6081922
1788248739716800512,OK,1,0,13.4894,0.404291,0,1253,0,-2.680362,-0.029891,-0.706548,-0.0021727,0.7921888,-0.0457083,0.6085581
1788248739750138112,OK,1,0,13.2127,0.388833,0,1297,0,-2.667732,-0.028274,-0.709735,-0.0012839,0.7917385,-0.0459200,0.6091304
1788248739783478272,OK,1,0,13.4535,0.330208,0,1289,0,-2.658153,-0.029576,-0.710833,-0.0017191,0.7911173,-0.0459074,0.6099370
1788248739816818176,OK,1,0,14.2909,0.3345,0,1466,0,-2.646312,-0.028897,-0.713070,-0.0021836,0.7905204,-0.0458734,0.6107115
1788248739850158080,OK,1,0,14.4429,0.350917,0,1463,0,-2.635317,-0.029447,-0.713942,-0.0024258,0.7902674,-0.0457833,0.6110445
1788248739883497984,OK,1,0,14.3801,0.371333,0,1430,0,-2.624500,-0.028496,-0.713463,-0.0024436,0.7900352,-0.0457971,0.6113437
1788248739916838144,OK,1,0,14.0763,0.357583,0,1366,0,-2.614234,-0.027655,-0.716086,-0.0024941,0.7895392,-0.0457173,0.6119899
1788248739950178048,OK,1,0,14.7677,0.33075,0,1368,0,-2.605036,-0.028999,-0.718560,-0.0024249,0.7891137,-0.0455512,0.6125510
1788248739983517952,OK,1,0,13.8032,0.352709,0,1365,0,-2.594566,-0.028524,-0.720503,-0.0021919,0.7886737,-0.0455004,0.6131221
1788248740016857856,OK,1,0,13.9378,0.356708,0,1337,0,-2.583823,-0.028045,-0.723568,-0.0023170,0.7880045,-0.0454694,0.6139838
1788248740050198016,OK,1,0,13.783,0.341417,0,1316,0,-2.573846,-0.028479,-0.725229,-0.0026277,0.7874860,-0.0454798,0.6146467
1788248740083537920,OK,1,0,13.5775,0.34425,0,1301,0,-2.562742,-0.028658,-0.726254,-0.0028858,0.7869940,-0.0451863,0.6152970
1788248740116877056,OK,1,0,13.9052,0.348334,0,1310,0,-2.553084,-0.028583,-0.728285,-0.0030432,0.7865896,-0.0449353,0.6158314
1788248740150216960,OK,1,0,13.39,0.363791,0,1306,0,-2.542320,-0.027889,-0.730381,-0.0031685,0.7861927,-0.0450384,0.6163300
1788248740183556864,OK,1,0,13.0765,0.36425,0,1248,0,-2.533014,-0.029223,-0.732079,-0.0032334,0.7855914,-0.0449664,0.6171011
1788248740216897024,OK,1,0,13.1419,0.344958,0,1282,0,-2.520041,-0.028202,-0.737436,-0.0034716,0.7849315,-0.0445533,0.6179688
1788248740250237184,OK,1,0,12.1292,0.31475,0,1278,0,-2.510990,-0.029297,-0.737745,-0.0037763,0.7847745,-0.0444373,0.6181748
1788248740283576832,OK,1,0,14.8139,0.365208,0,1550,0,-2.499930,-0.029499,-0.739502,-0.0038081,0.7842689,-0.0446039,0.6188039
1788248740316916992,OK,1,0,14.1414,0.332417,0,1418,0,-2.489388,-0.027745,-0.741812,-0.0035347,0.7835563,-0.0445439,0.6197120
1788248740350257152,OK,1,0,13.2928,0.334625,0,1382,0,-2.477528,-0.028793,-0.743530,-0.0038387,0.7831945,-0.0440261,0.6202044
1788248740383597056,OK,1,0,13.0395,0.371167,0,1355,0,-2.467666,-0.029729,-0.745735,-0.0037520,0.7829247,-0.0441721,0.6205351
1788248740416937216,OK,1,0,14.0971,0.333458,0,1312,0,-2.458407,-0.029005,-0.746547,-0.0034125,0.7823629,-0.0443861,0.6212298
1788248740450277376,OK,1,0,13.0495,0.353042,0,1287,0,-2.448020,-0.028259,-0.749858,-0.0031094,0.7816986,-0.0439924,0.6220950
1788248740483617536,OK,1,0,13.6177,0.391041,0,1301,0,-2.439589,-0.028763,-0.751406,-0.0030004,0.7814214,-0.0438678,0.6224527
1788248740516957184,OK,1,0,13.2825,0.333875,0,1263,0,-2.431014,-0.029643,-0.753586,-0.0028217,0.7809279,-0.0439635,0.6230658
1788248740550296320,OK,1,0,12.2044,0.315833,0,1249,0,-2.419105,-0.029707,-0.752257,-0.0030710,0.7805431,-0.0440541,0.6235402
1788248740583636480,OK,1,0,12.5859,0.338417,0,1240,0,-2.408536,-0.029396,-0.754016,-0.0036551,0.7799859,-0.0440412,0.6242347
1788248740616976640,OK,1,0,13.8583,0.299167,0,1236,0,-2.399171,-0.027929,-0.752888,-0.0038864,0.7796598,-0.0443193,0.6246210
1788248740650316544,OK,1,0,15.2865,0.34975,0,1245,0,-2.389031,-0.026886,-0.755466,-0.0039999,0.7789612,-0.0441802,0.6255010
1788248740683656704,OK,1,0,12.6768,0.319458,0,1275,0,-2.378932,-0.027315,-0.758595,-0.0040350,0.7783667,-0.0438024,0.6262670
1788248740716996864,OK,1,0,13.0023,0.324084,0,1226,0,-2.369390,-0.028216,-0.761747,-0.0037821,0.7777595,-0.0432145,0.6270632
1788248740750336512,OK,1,0,13.0015,0.352292,0,1675,0,-2.358985,-0.027337,-0.764143,-0.0032530,0.7773892,-0.0429401,0.6275441
1788248740783675648,OK,1,0,14.4703,0.357917,0,1529,0,-2.349384,-0.026765,-0.766159,-0.0033245,0.7769464,-0.0429167,0.6280935
1788248740817014528,OK,1,0,14.2537,0.376625,0,1446,0,-2.338591,-0.028097,-0.766240,-0.0037619,0.7764828,-0.0428225,0.6286705
1788248740850353152,OK,1,0,14.2049,0.340042,0,1426,0,-2.328412,-0.028470,-0.768085,-0.0040308,0.7757640,-0.0427678,0.6295594
1788248740883691776,OK,1,0,13.5401,0.365959,0,1400,0,-2.317898,-0.027722,-0.767083,-0.0040336,0.7755794,-0.0425243,0.6298032
1788248740917030656,OK,1,0,14.7142,0.342334,0,1344,0,-2.308187,-0.027535,-0.770607,-0.0039047,0.7750980,-0.0423733,0.6304066
1788248740950369536,OK,1,0,13.1391,0.346542,0,1343,0,-2.297506,-0.027773,-0.773260,-0.0037806,0.7744148,-0.0423101,0.6312506
1788248740983708160,OK,1,0,14.1579,0.35125,0,1314,0,-2.287114,-0.028982,-0.772664,-0.0039854,0.7741226,-0.0417219,0.6316468
1788248741017046016,OK,1,0,13.0637,0.346792,0,1296,0,-2.275894,-0.028572,-0.775293,-0.0041807,0.7737280,-0.0416545,0.6321331
1788248741050384640,OK,1,0,12.9265,0.3775,0,1290,0,-2.265740,-0.028607,-0.774429,-0.0044247,0.7732302,-0.0420066,0.6327171
1788248741083723264,OK,1,0,13.5644,0.347792,0,1273,0,-2.254840,-0.028862,-0.775286,-0.0049118,0.7725502,-0.0414820,0.6335782
1788248741117061888,OK,1,0,18.4702,0.368875,0,1307,0,-2.240125,-0.031110,-0.782652,-0.0051854,0.7716298,-0.0405240,0.6347586
1788248741150400512,OK,1,0,12.806,0.327875,0,1260,0,-2.230847,-0.029087,-0.783979,-0.0046881,0.7714393,-0.0407012,0.6349826
1788248741183739136,OK,1,0,13.1015,0.307959,0,1253,0,-2.221607,-0.029143,-0.788112,-0.0041281,0.7707879,-0.0403974,0.6357963
1788248741217077760,OK,1,0,12.4232,0.328167,0,1249,0,-2.209925,-0.030439,-0.790811,-0.0042672,0.7702468,-0.0397264,0.6364932
1788248741250416384,OK,1,0,13.63,0.346166,0,1796,0,-2.200366,-0.029144,-0.791615,-0.0042140,0.7698423,-0.0399805,0.6369667
1788248741283755008,OK,1,0,15.0782,0.334667,0,1460,0,-2.191147,-0.029416,-0.793791,-0.0041969,0.7691567,-0.0401339,0.6377850
1788248741317093632,OK,1,0,13.8988,0.344417,0,1415,0,-2.180804,-0.028785,-0.795020,-0.0042902,0.7686078,-0.0398715,0.6384621
1788248741350432000,OK,1,0,13.5746,0.3395,0,1357,0,-2.170632,-0.027709,-0.796124,-0.0045041,0.7682516,-0.0394717,0.6389141
1788248741383770368,OK,1,0,14.1862,0.373583,0,1318,0,-2.160488,-0.027913,-0.796907,-0.0042443,0.7680079,-0.0393617,0.6392155
1788248741417108736,OK,1,0,13.6135,0.356042,0,1327,0,-2.148551,-0.028421,-0.800225,-0.0039542,0.7676237,-0.0390832,0.6396959
1788248741450446080,OK,1,0,13.3168,0.35175,0,1296,0,-2.139310,-0.028595,-0.801042,-0.0040876,0.7673118,-0.0386945,0.6400927
1788248741483784448,OK,1,0,13.1065,0.326875,0,1282,0,-2.127803,-0.028001,-0.802459,-0.0043773,0.7666520,-0.0386003,0.6408865
1788248741517122816,OK,1,0,12.2802,0.366791,0,1245,0,-2.117794,-0.028613,-0.804919,-0.0043159,0.7661036,-0.0385770,0.6415439
1788248741550461184,OK,1,0,13.8291,0.31025,0,1232,0,-2.108937,-0.029529,-0.805281,-0.0044457,0.7660742,-0.0382237,0.6415992
1788248741583799552,OK,1,0,12.6991,0.360583,0,1227,0,-2.099027,-0.028435,-0.806687,-0.0043017,0.7657322,-0.0381192,0.6420145
1788248741617137664,OK,1,0,12.7353,0.346292,0,1208,0,-2.088255,-0.027777,-0.809796,-0.0038866,0.7652887,-0.0378913,0.6425591
1788248741650476032,OK,1,0,13.6979,0.483792,0,1269,0,-2.079354,-0.029533,-0.813935,-0.0033371,0.7650967,-0.0374794,0.6428152
1788248741683814144,OK,1,0,13.1628,0.339333,0,1275,0,-2.067580,-0.029520,-0.815183,-0.0034085,0.7650046,-0.0375239,0.6429217
1788248741717152256,OK,1,0,13.1128,0.325291,0,1811,0,-2.057315,-0.028539,-0.816697,-0.0035234,0.7646222,-0.0370455,0.6434035
1788248741750491392,OK,1,0,15.3316,0.338166,0,1502,0,-2.045171,-0.028840,-0.819527,-0.0038089,0.7641618,-0.0365645,0.6439761
1788248741783831552,OK,1,0,14.4738,0.374458,0,1454,0,-2.034232,-0.027369,-0.821320,-0.0038534,0.7639462,-0.0364630,0.6442373
1788248741817171968,OK,1,0,15.25,0.37,0,1389,0,-2.024127,-0.027287,-0.824845,-0.0038435,0.7635983,-0.0361639,0.6446666
1788248741850511872,OK,1,0,14.0018,0.376333,0,1381,0,-2.014255,-0.028239,-0.824815,-0.0040861,0.7635071,-0.0356996,0.6447989
1788248741883851264,OK,1,0,15.2631,0.360583,0,1318,0,-2.002465,-0.028683,-0.825866,-0.0042743,0.7633678,-0.0355354,0.6449718
1788248741917191424,OK,1,0,13.211,0.294792,0,1266,0,-1.992419,-0.027869,-0.827090,-0.0042944,0.7632355,-0.0356098,0.6451241
1788248741950531840,OK,1,0,14.7084,0.357375,0,1292,0,-1.981601,-0.029000,-0.828569,-0.0045887,0.7628761,-0.0354016,0.6455585
1788248741983871744,OK,1,0,13.2519,0.356125,0,1235,0,-1.970739,-0.027639,-0.829331,-0.0045904,0.7625222,-0.0353927,0.6459769
1788248742017212160,OK,1,0,13.4284,0.334208,0,1229,0,-1.961629,-0.027753,-0.830743,-0.0045824,0.7621217,-0.0356325,0.6464362
1788248742050552320,OK,1,0,13.0838,0.363916,0,1213,0,-1.952286,-0.027642,-0.830287,-0.0043450,0.7619364,-0.0358420,0.6466448
1788248742083892480,OK,1,0,13.4145,0.333584,0,1270,0,-1.941343,-0.027389,-0.834606,-0.0040685,0.7614248,-0.0360208,0.6472389
1788248742117232896,OK,1,0,13.023,0.310875,0,1274,0,-1.933665,-0.026718,-0.836132,-0.0033081,0.7612703,-0.0365519,0.6473953
1788248742150573312,OK,1,0,13.3353,0.285417,0,1240,0,-1.925144,-0.027319,-0.838024,-0.0026882,0.7610599,-0.0369046,0.6476254
1788248742183913216,OK,1,0,13.3589,0.322958,0,1891,0,-1.916712,-0.027507,-0.840887,-0.0027008,0.7605708,-0.0367835,0.6482066
1788248742217253632,OK,1,0,14.4805,0.343333,0,1529,0,-1.906534,-0.028341,-0.842885,-0.0029579,0.7600876,-0.0367123,0.6487760
1788248742250594048,OK,1,0,14.6442,0.353041,0,1437,0,-1.895820,-0.028064,-0.843404,-0.0029407,0.7598648,-0.0370536,0.6490176
1788248742283934208,OK,1,0,13.4026,0.330208,0,1384,0,-1.885381,-0.026856,-0.843705,-0.0027714,0.7599863,-0.0372191,0.6488666
1788248742317273600,OK,1,0,13.8912,0.338959,0,1346,0,-1.875674,-0.026723,-0.846218,-0.0029556,0.7600576,-0.0369179,0.6487994
1788248742350614016,OK,1,0,14.3469,0.347209,0,1320,0,-1.865360,-0.027406,-0.847290,-0.0031847,0.7599538,-0.0368653,0.6489230
1788248742383954432,OK,1,0,14.2015,0.345958,0,1298,0,-1.855077,-0.027913,-0.847911,-0.0028605,0.7599756,-0.0368357,0.6489007
1788248742417294592,OK,1,0,14.53,0.355,0,1259,0,-1.845365,-0.026053,-0.850800,-0.0026957,0.7600274,-0.0367664,0.6488446
1788248742450635008,OK,1,0,12.8605,0.350167,0,1229,0,-1.832619,-0.026444,-0.853117,-0.0032946,0.7599508,-0.0362071,0.6489631
1788248742483975424,OK,1,0,14.043,0.336125,0,1193,0,-1.822749,-0.026136,-0.855314,-0.0032338,0.7598343,-0.0357743,0.6491237
1788248742517315584,OK,1,0,13.7568,0.35775,0,1220,0,-1.812435,-0.026877,-0.857345,-0.0033682,0.7599226,-0.0355023,0.6490346
1788248742550656000,OK,1,0,14.1179,0.344417,0,1212,0,-1.801335,-0.029252,-0.855612,-0.0040839,0.7602919,-0.0346685,0.6486430
1788248742583996416,OK,1,0,12.9548,0.357125,0,1202,0,-1.791582,-0.028562,-0.857623,-0.0041294,0.7599811,-0.0346076,0.6490101
1788248742617336576,OK,1,0,13.1361,0.365416,0,1197,0,-1.783085,-0.029510,-0.860936,-0.0038213,0.7597795,-0.0346373,0.6492465
1788248742650676992,OK,1,0,14.0293,0.329125,0,1921,0,-1.771482,-0.028262,-0.861273,-0.0035600,0.7600889,-0.0348325,0.6488752
1788248742684017408,OK,1,0,14.3493,0.337458,0,1484,0,-1.762127,-0.028284,-0.863266,-0.0035499,0.7599021,-0.0348217,0.6490945
1788248742717357824,OK,1,0,14.3022,0.339375,0,1331,0,-1.753384,-0.028301,-0.864850,-0.0028983,0.7596507,-0.0352640,0.6493680
1788248742750696704,OK,1,0,13.8145,0.337,0,1344,0,-1.744055,-0.030132,-0.865707,-0.0024510,0.7597107,-0.0353998,0.6492923
1788248742784032768,OK,1,0,14.518,0.31775,0,1282,0,-1.734708,-0.029562,-0.866400,-0.0022807,0.7599993,-0.0354212,0.6489539
1788248742817369600,OK,1,0,13.9722,0.308083,0,1271,0,-1.724795,-0.030678,-0.869461,-0.0023326,0.7598525,-0.0353101,0.6491317
1788248742850706432,OK,1,0,14.2315,0.320208,0,1268,0,-1.716027,-0.030668,-0.870741,-0.0020672,0.7596259,-0.0355841,0.6493828
1788248742884043520,OK,1,0,13.1155,0.3855,0,1255,0,-1.705310,-0.031075,-0.872273,-0.0018646,0.7596434,-0.0354596,0.6493698
1788248742917380352,OK,1,0,15.282,0.32975,0,1216,0,-1.696240,-0.030907,-0.874188,-0.0017585,0.7595743,-0.0355294,0.6494471
1788248742950716928,OK,1,0,13.2967,0.336542,0,1179,0,-1.685824,-0.031245,-0.874710,-0.0015950,0.7596070,-0.0358118,0.6493937
1788248742984053760,OK,1,0,13.9438,0.338917,0,1136,0,-1.677900,-0.031735,-0.874150,-0.0015028,0.7599721,-0.0362067,0.6489447
1788248743017390336,OK,1,0,12.5737,0.350375,0,1147,0,-1.666075,-0.031994,-0.874331,-0.0017185,0.7602489,-0.0360414,0.6486291
1788248743050727168,OK,1,0,13.147,0.359375,0,1192,0,-1.659080,-0.031409,-0.877635,-0.0019295,0.7596546,-0.0358119,0.6493370
1788248743084063744,OK,1,0,13.4294,0.371,0,1965,0,-1.648819,-0.032301,-0.879959,-0.0017989,0.7592619,-0.0358619,0.6497939
1788248743117400320,OK,1,0,15.2558,0.338917,0,1514,0,-1.638669,-0.032133,-0.881868,-0.0015827,0.7593728,-0.0358003,0.6496682
1788248743150736896,OK,1,0,13.9808,0.354584,0,1400,0,-1.629232,-0.032746,-0.883381,-0.0014934,0.7594304,-0.0357465,0.6496040
1788248743184073216,OK,1,0,14.5568,0.340875,0,1345,0,-1.618708,-0.032209,-0.884425,-0.0010517,0.7594485,-0.0361154,0.6495634
1788248743217409024,OK,1,0,14.0992,0.344375,0,1345,0,-1.609713,-0.032469,-0.885962,-0.0010218,0.7596044,-0.0362638,0.6493728
1788248743250745088,OK,1,0,13.6334,0.371166,0,1278,0,-1.599215,-0.032094,-0.887169,-0.0013177,0.7596105,-0.0363354,0.6493610
1788248743284081664,OK,1,0,14.0314,0.337833,0,1243,0,-1.588206,-0.032055,-0.888819,-0.0015961,0.7593194,-0.0360170,0.6497186
1788248743317417984,OK,1,0,13.7636,0.359125,0,1216,0,-1.578738,-0.033240,-0.888721,-0.0019631,0.7593688,-0.0362986,0.6496443
1788248743350754048,OK,1,0,13.9118,0.337208,0,1212,0,-1.568029,-0.031782,-0.889605,-0.0020082,0.7596101,-0.0363287,0.6493602
1788248743384090624,OK,1,0,13.1258,0.34325,0,1200,0,-1.557386,-0.032353,-0.891659,-0.0019402,0.7596108,-0.0361829,0.6493679
1788248743417426688,OK,1,0,13.2049,0.332625,0,1149,0,-1.547763,-0.032415,-0.893745,-0.0015395,0.7595580,-0.0362322,0.6494279
1788248743450763008,OK,1,0,13.8987,0.340583,0,1113,0,-1.539063,-0.032503,-0.894879,-0.0014668,0.7596949,-0.0362591,0.6492664
1788248743484099072,OK,1,0,12.5451,0.367875,0,1145,0,-1.525057,-0.033731,-0.896840,-0.0020540,0.7595975,-0.0359336,0.6493968
1788248743517435136,OK,1,0,13.859,0.309041,0,1940,0,-1.515082,-0.033529,-0.897049,-0.0022729,0.7593613,-0.0361011,0.6496631
1788248743550771200,OK,1,0,14.0488,0.363125,0,1481,0,-1.505661,-0.034686,-0.897025,-0.0024310,0.7595280,-0.0362911,0.6494568
1788248743584107264,OK,1,0,13.7847,0.339709,0,1374,0,-1.496474,-0.035914,-0.899039,-0.0025685,0.7595470,-0.0361555,0.6494417
1788248743617443072,OK,1,0,13.5097,0.34925,0,1280,0,-1.485118,-0.036324,-0.901354,-0.0022063,0.7590972,-0.0361856,0.6499671
1788248743650779136,OK,1,0,13.8593,0.354208,0,1233,0,-1.476066,-0.035180,-0.903128,-0.0015106,0.7589139,-0.0365624,0.6501619
1788248743684113920,OK,1,0,13.2782,0.374875,0,1221,0,-1.465786,-0.034778,-0.903505,-0.0012960,0.7591606,-0.0366342,0.6498704
1788248743717449984,OK,1,0,12.3755,0.341791,0,1169,0,-1.455607,-0.035012,-0.904741,-0.0017292,0.7587596,-0.0365423,0.6503426
1788248743750789632,OK,1,0,13.2889,0.329625,0,1164,0,-1.445075,-0.035490,-0.903686,-0.0021542,0.7581746,-0.0365920,0.6510205
1788248743784134144,OK,1,0,12.7752,0.35,0,1141,0,-1.434895,-0.034794,-0.904113,-0.0020688,0.7576860,-0.0369596,0.6515685
1788248743817478656,OK,1,0,13.173,0.343875,0,1082,0,-1.426006,-0.035258,-0.905412,-0.0018369,0.7575192,-0.0368153,0.6517714
1788248743850823424,OK,1,0,13.3435,0.341334,0,1074,0,-1.415428,-0.035713,-0.907904,-0.0013069,0.7569926,-0.0366990,0.6523907
1788248743884168192,OK,1,0,14.9215,0.337541,0,1104,0,-1.408565,-0.036816,-0.914167,-0.0010253,0.7558547,-0.0365086,0.6537199
1788248743917513216,OK,1,0,14.0563,0.338791,0,1950,0,-1.398988,-0.035719,-0.914923,-0.0008983,0.7554837,-0.0367913,0.6541330
1788248743950857984,OK,1,0,14.8986,0.312042,0,1316,0,-1.389484,-0.034954,-0.914268,-0.0012920,0.7551301,-0.0375745,0.6544960
1788248743984203008,OK,1,0,13.9101,0.350791,0,1316,0,-1.378397,-0.034187,-0.912646,-0.0017786,0.7545285,-0.0380178,0.6551628
1788248744017547776,OK,1,0,13.4168,0.363833,0,1269,0,-1.367475,-0.034694,-0.913112,-0.0024181,0.7539741,-0.0377416,0.6558147
1788248744050892800,OK,1,0,13.3971,0.352833,0,1234,0,-1.356168,-0.034380,-0.913301,-0.0025861,0.7536209,-0.0376248,0.6562266
1788248744084237824,OK,1,0,13.3781,0.354417,0,1179,0,-1.346834,-0.034565,-0.914583,-0.0022631,0.7529829,-0.0376307,0.6569594
1788248744117581824,OK,1,0,12.9984,0.348583,0,1175,0,-1.337022,-0.035375,-0.916266,-0.0018533,0.7523007,-0.0372159,0.6577654
1788248744150926848,OK,1,0,12.2567,0.325125,0,1122,0,-1.327935,-0.035740,-0.915667,-0.0015297,0.7522053,-0.0370743,0.6578833
1788248744184271872,OK,1,0,14.2767,0.376542,0,1099,0,-1.317706,-0.034619,-0.916112,-0.0013587,0.7515524,-0.0377381,0.6585917
1788248744217616896,OK,1,0,12.4782,0.355333,0,1065,0,-1.307763,-0.034387,-0.916178,-0.0017632,0.7507057,-0.0380766,0.6595362
1788248744250962176,OK,1,0,12.7754,0.353,0,1038,0,-1.297814,-0.035207,-0.917264,-0.0020784,0.7502337,-0.0374367,0.6601088
1788248744284307456,OK,1,0,12.0599,0.353,0,1079,0,-1.287438,-0.037111,-0.918966,-0.0022856,0.7498242,-0.0367103,0.6606140
1788248744317652736,OK,1,0,12.6799,0.357875,0,1882,0,-1.278853,-0.036935,-0.921196,-0.0016169,0.7489191,-0.0365844,0.6616488
1788248744350998016,OK,1,0,14.5103,0.338834,0,1424,0,-1.268598,-0.037406,-0.923041,-0.0010702,0.7481347,-0.0360775,0.6625645
1788248744384343296,OK,1,0,13.9095,0.357917,0,1341,0,-1.259754,-0.037731,-0.924088,-0.0005737,0.7478130,-0.0360364,0.6629304
1788248744417688832,OK,1,0,12.7882,0.320458,0,1277,0,-1.251426,-0.037498,-0.924907,-0.0001759,0.7471349,-0.0363755,0.6636763
1788248744451034112,OK,1,0,13.0093,0.354625,0,1197,0,-1.241926,-0.037051,-0.924206,-0.0001816,0.7465026,-0.0364893,0.6643811
1788248744484379648,OK,1,0,13.6346,0.339,0,1176,0,-1.231744,-0.037335,-0.924406,-0.0007242,0.7459090,-0.0362079,0.6650626
1788248744517725184,OK,1,0,12.555,0.353917,0,1123,0,-1.221800,-0.036932,-0.924405,-0.0008394,0.7455856,-0.0359616,0.6654384
1788248744551069696,OK,1,0,13.5738,0.326833,0,1124,0,-1.211222,-0.036927,-0.925303,-0.0007648,0.7450674,-0.0355977,0.6660382
1788248744584414976,OK,1,0,12.8255,0.353959,0,1112,0,-1.201409,-0.037467,-0.927273,-0.0007620,0.7442600,-0.0352625,0.6669581
1788248744617760768,OK,1,0,12.5727,0.333583,0,1069,0,-1.192535,-0.037721,-0.928151,-0.0004047,0.7436169,-0.0355309,0.6676611
1788248744651106560,OK,1,0,13.4594,0.373708,0,1076,0,-1.183409,-0.038096,-0.928285,0.0000370,0.7430360,-0.0357066,0.6682984
1788248744684452096,OK,1,0,14.5566,0.331292,0,1101,0,-1.176113,-0.037588,-0.928805,0.0005135,0.7422235,-0.0355855,0.6692068
1788248744717797888,OK,1,0,13.5615,0.340375,0,1885,0,-1.168266,-0.037275,-0.929658,0.0004589,0.7413679,-0.0359430,0.6701354
1788248744751143680,OK,1,0,14.893,0.319667,0,1393,0,-1.158941,-0.036838,-0.929037,0.0005652,0.7403993,-0.0362088,0.6711911
1788248744784489728,OK,1,0,14.2834,0.363333,0,1303,0,-1.150648,-0.036667,-0.929046,0.0005974,0.7397169,-0.0362521,0.6719407
1788248744817835776,OK,1,0,13.003,0.359375,0,1238,0,-1.139643,-0.036992,-0.928473,0.0003257,0.7392768,-0.0356515,0.6724572
1788248744851181824,OK,1,0,13.1731,0.335459,0,1182,0,-1.129714,-0.037186,-0.927207,0.0000762,0.7386981,-0.0356330,0.6730939
1788248744884528128,OK,1,0,13.2014,0.3115,0,1185,0,-1.120132,-0.036264,-0.928164,0.0001944,0.7377560,-0.0358452,0.6741151
1788248744917874176,OK,1,0,12.6476,0.36475,0,1132,0,-1.110849,-0.035364,-0.928161,0.0001552,0.7371464,-0.0356370,0.6747928
1788248744951220480,OK,1,0,13.2359,0.348291,0,1127,0,-1.101432,-0.034998,-0.928666,0.0000973,0.7365108,-0.0355531,0.6754908
1788248744984566784,OK,1,0,12.5344,0.324375,0,1083,0,-1.090901,-0.035492,-0.928439,0.0000007,0.7356533,-0.0356151,0.6764214
1788248745017912064,OK,1,0,12.6315,0.306417,0,1072,0,-1.082336,-0.035129,-0.927428,-0.0004412,0.7348024,-0.0357981,0.6773357
1788248745051258624,OK,1,0,12.1755,0.303375,0,1037,0,-1.071772,-0.035650,-0.925571,-0.0009610,0.7342881,-0.0357035,0.6778978
1788248745084604928,OK,1,0,12.4888,0.333583,0,1065,0,-1.060367,-0.035137,-0.924392,-0.0010888,0.7338317,-0.0357162,0.6783909
1788248745117951488,OK,1,0,12.6473,0.341917,0,1837,0,-1.051333,-0.034699,-0.924648,-0.0011455,0.7330154,-0.0357389,0.6792717
1788248745151297792,OK,1,0,14.2501,0.333042,0,1305,0,-1.042701,-0.033757,-0.924941,-0.0009793,0.7321866,-0.0360403,0.6801493
1788248745184644608,OK,1,0,12.4671,0.359584,0,1212,0,-1.034244,-0.034627,-0.925348,-0.0006221,0.7313267,-0.0360358,0.6810744
1788248745217990912,OK,1,0,12.2585,0.360875,0,1194,0,-1.024759,-0.033896,-0.924859,-0.0004360,0.7305196,-0.0359545,0.6819444
1788248745251337728,OK,1,0,12.4691,0.357583,0,1141,0,-1.015386,-0.033668,-0.924987,-0.0003746,0.7297634,-0.0358348,0.6827599
1788248745284684288,OK,1,0,12.6555,0.337584,0,1125,0,-1.005528,-0.034518,-0.923356,-0.0007037,0.7292222,-0.0358411,0.6833373
1788248745318031104,OK,1,0,13.5625,0.35125,0,1104,0,-0.996488,-0.033750,-0.922438,-0.0009178,0.7283766,-0.0359546,0.6842324
1788248745351377664,OK,1,0,12.7518,0.356125,0,1052,0,-0.985327,-0.033018,-0.920823,-0.0013284,0.7277391,-0.0355906,0.6849287
1788248745384724480,OK,1,0,12.106,0.342959,0,1023,0,-0.975250,-0.032647,-0.920564,-0.0014601,0.7272737,-0.0354148,0.6854317
1788248745418071296,OK,1,0,12.9278,0.356042,0,1008,0,-0.966528,-0.032850,-0.922456,-0.0013241,0.7263910,-0.0354912,0.6863635
1788248745451417088,OK,1,0,17.2195,0.33025,0,1021,0,-0.958527,-0.033835,-0.922611,-0.0013325,0.7252221,-0.0348996,0.6876286
1788248745484763904,OK,1,0,12.0539,0.355791,0,1812,0,-0.949646,-0.033307,-0.922055,-0.0013088,0.7246327,-0.0345728,0.6882663
1788248745518110720,OK,1,0,13.8413,0.337041,0,1356,0,-0.940914,-0.032837,-0.921740,-0.0014766,0.7241678,-0.0345611,0.6887557
1788248745551457792,OK,1,0,12.4292,0.3325,0,1262,0,-0.931847,-0.032591,-0.921635,-0.0015046,0.7232436,-0.0346710,0.6897205
1788248745584804608,OK,1,0,13.0324,0.356291,0,1215,0,-0.922526,-0.031759,-0.919722,-0.0018058,0.7223843,-0.0348136,0.6906126
1788248745618151936,OK,1,0,12.5879,0.341417,0,1162,0,-0.914078,-0.031816,-0.918789,-0.0021048,0.7215750,-0.0346495,0.6914656
1788248745651498752,OK,1,0,12.0094,0.351375,0,1129,0,-0.904934,-0.032060,-0.917499,-0.0018212,0.7208656,-0.0346054,0.6922080
1788248745684845824,OK,1,0,12.6285,0.347042,0,1099,0,-0.897090,-0.031894,-0.916637,-0.0015455,0.7201423,-0.0347100,0.6929559
1788248745718193152,OK,1,0,12.236,0.360708,0,1095,0,-0.887760,-0.031831,-0.915731,-0.0014053,0.7194574,-0.0347592,0.6936648
1788248745751538944,OK,1,0,13.1628,0.351541,0,1064,0,-0.880765,-0.032405,-0.914668,-0.0014569,0.7184525,-0.0348211,0.6947024
1788248745784883968,OK,1,0,12.1657,0.352667,0,1064,0,-0.872640,-0.031885,-0.913506,-0.0013507,0.7172234,-0.0351382,0.6959555
1788248745818228992,OK,1,0,12.2094,0.331875,0,1015,0,-0.865529,-0.031186,-0.912170,-0.0011584,0.7161832,-0.0351623,0.6970251
1788248745851574016,OK,1,0,11.7093,0.345041,0,1035,0,-0.855833,-0.028675,-0.913157,-0.0009656,0.7146686,-0.0354319,0.6985645
1788248745884918016,OK,1,0,12.1645,0.335708,0,1039,0,-0.848413,-0.029620,-0.911603,-0.0007095,0.7133360,-0.0356859,0.6999127
1788248745918263040,OK,1,0,11.7854,0.348959,0,1764,0,-0.841689,-0.029718,-0.910224,-0.0003140,0.7119837,-0.0354366,0.7013012
1788248745951607808,OK,1,0,12.7378,0.327417,0,1328,0,-0.834572,-0.029261,-0.908785,-0.0002798,0.7104719,-0.0356457,0.7028221
1788248745984952832,OK,1,0,12.7282,0.349166,0,1223,0,-0.829325,-0.028867,-0.907918,0.0001981,0.7088614,-0.0358073,0.7044384
1788248746018298112,OK,1,0,12.4684,0.32825,0,1210,0,-0.822893,-0.028801,-0.905158,0.0003783,0.7076855,-0.0359248,0.7056136
1788248746051643392,OK,1,0,12.2498,0.368125,0,1161,0,-0.817132,-0.028864,-0.903285,0.0003049,0.7062239,-0.0358553,0.7070800
1788248746084988416,OK,1,0,12.0583,0.363333,0,1136,0,-0.810484,-0.028688,-0.901295,0.0001984,0.7046026,-0.0357075,0.7087031
1788248746118333696,OK,1,0,12.1101,0.354166,0,1088,0,-0.805149,-0.028315,-0.898194,0.0002920,0.7032389,-0.0358322,0.7100501
1788248746151678976,OK,1,0,12.0192,0.342041,0,1049,0,-0.798908,-0.028222,-0.896040,0.0006732,0.7016609,-0.0359005,0.7116057
1788248746185024256,OK,1,0,12.0433,0.353042,0,1013,0,-0.792920,-0.028372,-0.894307,0.0007066,0.6999279,-0.0355821,0.7133263
1788248746218369536,OK,1,0,12.565,0.328417,0,1016,0,-0.786345,-0.027596,-0.891428,0.0005284,0.6982822,-0.0353706,0.7149479
1788248746251714816,OK,1,0,11.231,0.350416,0,1021,0,-0.782116,-0.028957,-0.886774,-0.0000109,0.6965973,-0.0354256,0.7165872
1788248746285060352,OK,1,0,10.8715,0.345542,0,1735,0,-0.776547,-0.028542,-0.883668,0.0000857,0.6948479,-0.0355576,0.7182771
1788248746318404864,OK,1,0,11.0851,0.3305,0,1272,0,-0.771586,-0.029381,-0.880658,0.0000308,0.6931333,-0.0353276,0.7199433
1788248746351750144,OK,1,0,11.6043,0.3115,0,1153,0,-0.766545,-0.029399,-0.878189,-0.0000558,0.6913301,-0.0351599,0.7216831
1788248746385095680,OK,1,0,11.3876,0.343084,0,1149,0,-0.761341,-0.029179,-0.876345,0.0002144,0.6894509,-0.0349747,0.7234876
1788248746418441216,OK,1,0,11.8841,0.35675,0,1074,0,-0.755715,-0.028845,-0.873966,0.0003613,0.6876802,-0.0350585,0.7251667
1788248746451786496,OK,1,0,11.2351,0.362042,0,1085,0,-0.749752,-0.028664,-0.871265,0.0003111,0.6857492,-0.0348727,0.7270020
1788248746485132288,OK,1,0,11.3846,0.354667,0,1076,0,-0.743949,-0.029310,-0.867877,0.0000288,0.6837774,-0.0343974,0.7288796
1788248746518478080,OK,1,0,11.4908,0.355917,0,1064,0,-0.738938,-0.028592,-0.865271,-0.0002253,0.6817952,-0.0344896,0.7307296
1788248746551823616,OK,1,0,11.7934,0.348125,0,1065,0,-0.729967,-0.027601,-0.860832,0.0000765,0.6800816,-0.0347783,0.7323111
1788248746585169408,OK,1,0,11.2065,0.351917,0,1026,0,-0.724578,-0.028070,-0.857887,-0.0001812,0.6777481,-0.0348995,0.7344655
1788248746618515200,OK,1,0,11.6959,0.355541,0,1032,0,-0.720657,-0.027888,-0.854340,-0.0002600,0.6757032,-0.0348560,0.7363493
1788248746651860736,OK,1,0,10.411,0.332875,0,1011,0,-0.715746,-0.027678,-0.850393,-0.0003543,0.6736681,-0.0348757,0.7382106
1788248746685206784,OK,1,0,10.3326,0.311834,0,987,0,-0.711684,-0.028068,-0.847465,-0.0005368,0.6716301,-0.0346027,0.7400780
1788248746718552576,OK,1,0,10.2534,0.296292,0,980,0,-0.705860,-0.027775,-0.842970,-0.0005512,0.6695573,-0.0343614,0.7419649
1788248746751894784,OK,1,0,10.136,0.290792,0,982,0,-0.701000,-0.027758,-0.839583,-0.0007434,0.6673210,-0.0340876,0.7439894
1788248746785230848,OK,1,0,9.69479,0.364667,0,962,0,-0.695087,-0.027866,-0.836215,-0.0007918,0.6652310,-0.0336704,0.7458776
1788248746818568192,OK,1,0,10.744,0.278167,0,1814,0,-0.688570,-0.027742,-0.833196,-0.0008527,0.6630434,-0.0335384,0.7478288
1788248746851905536,OK,1,0,11.7784,0.290958,0,1339,0,-0.684162,-0.027820,-0.829841,-0.0007064,0.6609880,-0.0334981,0.7496481
1788248746885242368,OK,1,0,11.7279,0.317625,0,1285,0,-0.679180,-0.028310,-0.826478,-0.0006405,0.6588348,-0.0331220,0.7515579
1788248746918579712,OK,1,0,12.332,0.335333,0,1224,0,-0.674673,-0.028243,-0.823422,-0.0004946,0.6567395,-0.0329121,0.7533988
1788248746951916800,OK,1,0,11.991,0.3525,0,1236,0,-0.670476,-0.028288,-0.820809,-0.0003784,0.6545719,-0.0326796,0.7552930
1788248746985253632,OK,1,0,12.2537,0.351458,0,1154,0,-0.665474,-0.027296,-0.817479,-0.0001671,0.6523269,-0.0329029,0.7572232
1788248747018590720,OK,1,0,11.8892,0.33425,0,1161,0,-0.658015,-0.025796,-0.813985,0.0000894,0.6498560,-0.0333281,0.7593263
1788248747051927808,OK,1,0,11.0586,0.322958,0,1142,0,-0.652961,-0.026324,-0.810478,-0.0000124,0.6476090,-0.0328670,0.7612637
1788248747085264640,OK,1,0,13.1182,0.36175,0,1118,0,-0.648497,-0.026331,-0.807327,-0.0002207,0.6455181,-0.0326504,0.7630467
1788248747118601472,OK,1,0,11.411,0.3465,0,1088,0,-0.643573,-0.026635,-0.803265,-0.0003236,0.6435198,-0.0327340,0.7647291
1788248747151938304,OK,1,0,11.1943,0.330791,0,1085,0,-0.639464,-0.026246,-0.799849,0.0000516,0.6413058,-0.0328521,0.7665818
1788248747185275136,OK,1,0,10.9902,0.308333,0,1037,0,-0.634120,-0.026257,-0.796527,0.0001687,0.6389672,-0.0325532,0.7685450
1788248747218610944,OK,1,0,10.8636,0.32125,0,1020,0,-0.629911,-0.026451,-0.793120,0.0000373,0.6368654,-0.0323094,0.7702977
1788248747251947520,OK,1,0,10.4736,0.307209,0,1030,0,-0.624099,-0.026373,-0.790052,0.0000075,0.6345263,-0.0320817,0.7722352
1788248747285284096,OK,1,0,10.2064,0.312166,0,976,0,-0.619706,-0.025932,-0.785942,-0.0000212,0.6324873,-0.0319950,0.7739097
1788248747318620928,OK,1,0,10.2174,0.394584,0,973,0,-0.615873,-0.025834,-0.781904,-0.0000546,0.6304071,-0.0316752,0.7756182
1788248747351957504,OK,1,0,9.91529,0.300167,0,986,0,-0.609887,-0.025091,-0.778272,-0.0002367,0.6281246,-0.0316178,0.7774701
1788248747385294080,OK,1,0,9.95538,0.302417,0,943,0,-0.605254,-0.024676,-0.774365,-0.0001902,0.6260722,-0.0315530,0.7791265
1788248747418630656,OK,1,0,10.5825,0.362292,0,1978,0,-0.601184,-0.025000,-0.770042,-0.0004780,0.6238275,-0.0317829,0.7809154
1788248747451966976,OK,1,0,12.2889,0.294292,0,1412,0,-0.596633,-0.024415,-0.766128,-0.0003985,0.6213764,-0.0317009,0.7828705
1788248747485303808,OK,1,0,12.071,0.325416,0,1346,0,-0.591673,-0.024622,-0.762620,-0.0005030,0.6190826,-0.0315456,0.7846919
1788248747518640128,OK,1,0,12.1838,0.330708,0,1281,0,-0.586771,-0.024443,-0.758447,-0.0005845,0.6167724,-0.0315497,0.7865087
1788248747551976192,OK,1,0,12.134,0.336,0,1276,0,-0.582818,-0.023798,-0.754638,-0.0004169,0.6145422,-0.0316061,0.7882504
1788248747585312768,OK,1,0,11.7739,0.302083,0,1299,0,-0.579777,-0.024375,-0.750122,-0.0006539,0.6120093,-0.0314090,0.7902263
1788248747618649088,OK,1,0,12.2797,0.315542,0,1285,0,-0.576114,-0.023521,-0.746123,-0.0006025,0.6097595,-0.0314102,0.7919636
1788248747651985408,OK,1,0,11.5556,0.373416,0,1241,0,-0.570007,-0.023680,-0.741842,-0.0009093,0.6073985,-0.0312737,0.7937809
1788248747685320448,OK,1,0,11.21,0.303833,0,1214,0,-0.566154,-0.023654,-0.737165,-0.0010022,0.6051315,-0.0313087,0.7955090
1788248747718656768,OK,1,0,11.5709,0.29175,0,1188,0,-0.563161,-0.023428,-0.732938,-0.0010657,0.6028343,-0.0312153,0.7972549
1788248747751995136,OK,1,0,11.8332,0.306042,0,1183,0,-0.557326,-0.022647,-0.729278,-0.0008973,0.6004124,-0.0309643,0.7990904
1788248747785336832,OK,1,0,11.6488,0.31475,0,1145,0,-0.554804,-0.022604,-0.725482,-0.0008796,0.5983832,-0.0306826,0.8006219
1788248747818678528,OK,1,0,11.587,0.368042,0,1109,0,-0.550175,-0.022179,-0.722094,-0.0006006,0.5959989,-0.0306075,0.8024014
1788248747852019968,OK,1,0,11.4045,0.343333,0,1074,0,-0.546541,-0.022129,-0.717631,-0.0003112,0.5939012,-0.0304866,0.8039602
1788248747885361920,OK,1,0,10.905,0.318875,0,1114,0,-0.542991,-0.021417,-0.714423,-0.0000908,0.5915108,-0.0302501,0.8057295
1788248747918703360,OK,1,0,10.6707,0.316417,0,1074,0,-0.538234,-0.021136,-0.710544,-0.0000332,0.5893525,-0.0299777,0.8073197
1788248747952045056,OK,1,0,10.3679,0.284,0,1058,0,-0.534553,-0.020910,-0.706621,0.0000289,0.5871032,-0.0300033,0.8089558
1788248747985386752,OK,1,0,10.462,0.366209,0,1018,0,-0.530591,-0.020804,-0.702283,-0.0000843,0.5847746,-0.0304336,0.8106248
1788248748018728448,OK,1,0,10.054,0.295041,0,1029,0,-0.527239,-0.020773,-0.698417,0.0000921,0.5824801,-0.0301499,0.8122856
1788248748052070400,OK,1,0,9.82896,0.286,0,1007,0,-0.523484,-0.020572,-0.694528,0.0002205,0.5803828,-0.0299754,0.8137919
1788248748085412096,OK,1,0,9.76875,0.354583,0,960,0,-0.519284,-0.019805,-0.690741,0.0003403,0.5780998,-0.0297556,0.8154233
1788248748118753024,OK,1,0,10.2563,0.369416,0,1893,0,-0.515133,-0.019563,-0.686658,0.0005113,0.5758278,-0.0297688,0.8170287
1788248748152094720,OK,1,0,11.7566,0.319166,0,1473,0,-0.511147,-0.018858,-0.683556,0.0007977,0.5733748,-0.0297097,0.8187540
1788248748185436416,OK,1,0,11.4523,0.323833,0,1410,0,-0.506901,-0.018541,-0.679347,0.0009567,0.5710717,-0.0293919,0.8203733
1788248748218778624,OK,1,0,12.678,0.36775,0,1352,0,-0.503494,-0.018034,-0.675207,0.0009806,0.5689164,-0.0293876,0.8218696
1788248748252120320,OK,1,0,11.9714,0.342833,0,1314,0,-0.499275,-0.018125,-0.670924,0.0009805,0.5666012,-0.0294832,0.8234639
1788248748285462528,OK,1,0,11.18,0.307292,0,1287,0,-0.495070,-0.017633,-0.664649,0.0009115,0.5643728,-0.0295494,0.8249905
1788248748318804224,OK,1,0,11.0198,0.312375,0,1302,0,-0.491228,-0.017003,-0.660627,0.0010710,0.5620857,-0.0295358,0.8265508
1788248748352146176,OK,1,0,11.578,0.292875,0,1261,0,-0.487717,-0.015944,-0.656619,0.0013024,0.5598022,-0.0295551,0.8280980
1788248748385488384,OK,1,0,11.0263,0.303375,0,1254,0,-0.483662,-0.016367,-0.652257,0.0012296,0.5574633,-0.0293795,0.8296807
1788248748418830336,OK,1,0,10.7287,0.34375,0,1196,0,-0.480891,-0.016263,-0.648572,0.0013188,0.5550345,-0.0294973,0.8313032
1788248748452172288,OK,1,0,10.902,0.346583,0,1175,0,-0.477538,-0.016402,-0.643827,0.0013903,0.5526959,-0.0291448,0.8328722
1788248748485514496,OK,1,0,10.5877,0.345166,0,1174,0,-0.473413,-0.015925,-0.639447,0.0012959,0.5502114,-0.0292691,0.8345113
1788248748518856448,OK,1,0,10.5002,0.315625,0,1123,0,-0.470266,-0.015658,-0.634656,0.0010632,0.5479218,-0.0292427,0.8360176
1788248748552197632,OK,1,0,10.5279,0.303958,0,1161,0,-0.467228,-0.015169,-0.629623,0.0010294,0.5457404,-0.0294307,0.8374367
1788248748585539584,OK,1,0,10.0809,0.386417,0,1103,0,-0.464230,-0.015319,-0.624159,0.0007946,0.5433761,-0.0294237,0.8389732
1788248748618881792,OK,1,0,9.61721,0.338125,0,1103,0,-0.460081,-0.014103,-0.620010,0.0008011,0.5409487,-0.0291419,0.8405502
1788248748652224000,OK,1,0,9.67179,0.344875,0,1074,0,-0.455579,-0.013677,-0.615947,0.0006864,0.5383718,-0.0289153,0.8422110
1788248748685566208,OK,1,0,9.60117,0.2805,0,1042,0,-0.452123,-0.013768,-0.610739,0.0005331,0.5361480,-0.0288030,0.8436322
1788248748718908416,OK,1,0,9.18579,0.287916,0,986,0,-0.448345,-0.013725,-0.606732,0.0006822,0.5335386,-0.0284770,0.8452960
1788248748752249088,OK,1,0,9.33767,0.3495,0,978,0,-0.446169,-0.013689,-0.602708,0.0007429,0.5310676,-0.0281839,0.8468603
1788248748785587456,OK,1,0,9.97379,0.288667,0,1975,0,-0.441839,-0.012979,-0.597633,0.0005519,0.5285604,-0.0282682,0.8484247
1788248748818926080,OK,1,0,13.026,0.299166,0,1534,0,-0.437829,-0.013039,-0.592630,0.0003704,0.5261250,-0.0282334,0.8499384
1788248748852264448,OK,1,0,13.0772,0.307709,0,1485,0,-0.435778,-0.012665,-0.587281,0.0002569,0.5235945,-0.0285043,0.8514906
1788248748885602816,OK,1,0,12.3369,0.342041,0,1476,0,-0.431896,-0.012145,-0.582371,0.0000917,0.5208552,-0.0284493,0.8531708
1788248748918941184,OK,1,0,12.1488,0.318833,0,1436,0,-0.428723,-0.011647,-0.577820,0.0001918,0.5182658,-0.0282450,0.8547530
1788248748952279552,OK,1,0,11.7683,0.306417,0,1463,0,-0.427322,-0.013772,-0.573047,-0.0002626,0.5153997,-0.0280611,0.8564903
1788248748985617920,OK,1,0,12.0124,0.338625,0,1409,0,-0.424504,-0.013385,-0.568659,0.0000864,0.5126098,-0.0282310,0.8581574
1788248749018955008,OK,1,0,11.1163,0.339333,0,1386,0,-0.421950,-0.013420,-0.564477,0.0002687,0.5100136,-0.0279130,0.8597133
1788248749052293376,OK,1,0,11.5904,0.346375,0,1340,0,-0.419035,-0.013357,-0.560210,0.0004627,0.5076392,-0.0275770,0.8611282
1788248749085631488,OK,1,0,11.4551,0.350709,0,1338,0,-0.415757,-0.013408,-0.556276,0.0005176,0.5051124,-0.0273524,0.8626199
1788248749118969856,OK,1,0,11.1845,0.328583,0,1282,0,-0.412282,-0.013142,-0.551491,0.0005903,0.5025526,-0.0274836,0.8641095
1788248749152308224,OK,1,0,11.124,0.322792,0,1264,0,-0.409191,-0.013173,-0.546639,0.0003906,0.4998159,-0.0273153,0.8657008
1788248749185646336,OK,1,0,11.1179,0.312042,0,1231,0,-0.405894,-0.013034,-0.541693,0.0001326,0.4970812,-0.0269948,0.8672840
1788248749218984448,OK,1,0,10.7758,0.369416,0,1213,0,-0.402876,-0.013113,-0.536381,-0.0000029,0.4944610,-0.0268034,0.8687865
1788248749252322560,OK,1,0,10.0237,0.374042,0,1145,0,-0.401455,-0.012583,-0.532437,0.0003866,0.4918741,-0.0268813,0.8702512
1788248749285660672,OK,1,0,10.0551,0.305667,0,1120,0,-0.398038,-0.011946,-0.527504,0.0007421,0.4890508,-0.0267080,0.8718460
1788248749318998528,OK,1,0,9.91325,0.369084,0,1124,0,-0.395152,-0.011748,-0.523205,0.0008032,0.4862089,-0.0263067,0.8734462
1788248749352336640,OK,1,0,9.75625,0.302917,0,1100,0,-0.392151,-0.011361,-0.517554,0.0006066,0.4833457,-0.0260049,0.8750430
1788248749385674496,OK,1,0,9.37187,0.289709,0,1084,0,-0.389096,-0.010435,-0.511024,0.0002689,0.4806317,-0.0259520,0.8765384
1788248749419012352,OK,1,0,9.68242,0.385375,0,1045,0,-0.385380,-0.010527,-0.505475,0.0000779,0.4773584,-0.0258384,0.8783287
1788248749452349696,OK,1,0,9.70246,0.291875,0,1013,0,-0.383418,-0.009337,-0.500698,0.0000684,0.4740680,-0.0256539,0.8801144
1788248749485687552,OK,1,0,9.53613,0.3615,0,1678,0,-0.379561,-0.008905,-0.495029,-0.0000220,0.4707166,-0.0252042,0.8819244
1788248749519025408,OK,1,0,11.2615,0.306292,0,1435,0,-0.376885,-0.008294,-0.490177,0.0000790,0.4672120,-0.0253099,0.8837830
1788248749552363264,OK,1,0,11.5222,0.316167,0,1389,0,-0.374940,-0.008674,-0.484646,0.0001077,0.4638909,-0.0250535,0.8855380
1788248749585700864,OK,1,0,12.037,0.354875,0,1332,0,-0.371172,-0.007556,-0.479306,0.0000478,0.4601330,-0.0246118,0.8875088
1788248749619038720,OK,1,0,11.1937,0.317875,0,1280,0,-0.370360,-0.007435,-0.473440,-0.0001337,0.4569688,-0.0244050,0.8891479
1788248749652376576,OK,1,0,11.043,0.323333,0,1267,0,-0.370018,-0.006202,-0.466587,0.0000217,0.4534238,-0.0245151,0.8909579
1788248749685714432,OK,1,0,10.7815,0.3025,0,1273,0,-0.367030,-0.006242,-0.461196,-0.0000391,0.4499103,-0.0243009,0.8927431
1788248749719052032,OK,1,0,10.9738,0.304292,0,1292,0,-0.364704,-0.006059,-0.455841,-0.0000578,0.4463570,-0.0240442,0.8945319
1788248749752390144,OK,1,0,10.784,0.312167,0,1240,0,-0.363087,-0.006031,-0.450647,0.0001410,0.4429640,-0.0237458,0.8962249
1788248749785728512,OK,1,0,10.8782,0.306542,0,1223,0,-0.361602,-0.006211,-0.445840,0.0003904,0.4393274,-0.0236594,0.8980153
1788248749819066880,OK,1,0,10.9556,0.371459,0,1202,0,-0.360528,-0.005314,-0.440665,0.0007006,0.4354970,-0.0236246,0.8998799
1788248749852405248,OK,1,0,10.3348,0.33975,0,1182,0,-0.359526,-0.004807,-0.436026,0.0009839,0.4318945,-0.0231363,0.9016268
1788248749885742592,OK,1,0,12.0358,0.355416,0,1150,0,-0.357878,-0.004838,-0.431365,0.0012415,0.4285681,-0.0228505,0.9032196
1788248749919080704,OK,1,0,10.3264,0.308625,0,1142,0,-0.357289,-0.004354,-0.426588,0.0014044,0.4259560,-0.0225545,0.9044616
1788248749952419072,OK,1,0,10.3733,0.337291,0,1161,0,-0.355671,-0.005061,-0.421483,0.0012011,0.4232067,-0.0223940,0.9057556
1788248749985757696,OK,1,0,9.96708,0.31625,0,1101,0,-0.353826,-0.004943,-0.415769,0.0010966,0.4200999,-0.0221205,0.9072076
1788248750019095808,OK,1,0,11.3431,0.304833,0,1090,0,-0.351936,-0.003537,-0.410519,0.0009222,0.4164817,-0.0218711,0.9088805
1788248750052433920,OK,1,0,9.36838,0.275834,0,1058,0,-0.349711,-0.002768,-0.406005,0.0008254,0.4123314,-0.0215455,0.9107788
1788248750085772032,OK,1,0,9.97504,0.37475,0,1064,0,-0.349918,-0.002411,-0.400038,0.0010157,0.4086628,-0.0216191,0.9124288
1788248750119110144,OK,1,0,9.47225,0.302167,0,1035,0,-0.350223,-0.002767,-0.395597,0.0012078,0.4049397,-0.0211666,0.9140975
1788248750152448256,OK,1,0,10.3918,0.308417,0,1574,0,-0.349194,-0.001891,-0.391987,0.0014580,0.4008839,-0.0208992,0.9158893
1788248750185786368,OK,1,0,11.4519,0.359834,0,1445,0,-0.349218,-0.000643,-0.387179,0.0015655,0.3971233,-0.0207918,0.9175284
1788248750219124480,OK,1,0,12.5162,0.353459,0,1388,0,-0.350867,-0.000269,-0.381400,0.0015327,0.3935019,-0.0208899,0.9190851
1788248750252462336,OK,1,0,12.0112,0.381875,0,1322,0,-0.350827,-0.001497,-0.376809,0.0014024,0.3894068,-0.0208854,0.9208280
1788248750285800192,OK,1,0,11.8355,0.350334,0,1283,0,-0.351130,-0.000378,-0.369960,0.0013424,0.3854268,-0.0206664,0.9225060
1788248750319138304,OK,1,0,11.3268,0.410917,0,1251,0,-0.349871,0.000023,-0.365948,0.0012412,0.3810874,-0.0202092,0.9243173
1788248750352475392,OK,1,0,11.1903,0.359,0,1262,0,-0.352385,0.001249,-0.354159,0.0009417,0.3777323,-0.0205502,0.9256863
1788248750385813248,OK,1,0,10.6455,0.305958,0,1202,0,-0.353140,0.001967,-0.349740,0.0011857,0.3735928,-0.0202802,0.9273703
1788248750419151104,OK,1,0,10.324,0.39,0,1183,0,-0.353912,0.002040,-0.344857,0.0013390,0.3693304,-0.0197961,0.9290864
1788248750452488960,OK,1,0,10.2822,0.3175,0,1163,0,-0.354806,0.001827,-0.340620,0.0013115,0.3652167,-0.0195374,0.9307166
1788248750485826560,OK,1,0,11.0559,0.338667,0,1499,0,-0.355373,0.002721,-0.334933,0.0012101,0.3609655,-0.0195324,0.9323739
1788248750519164672,OK,1,0,10.9428,0.340334,0,1257,0,-0.357317,0.002725,-0.329015,0.0011440,0.3568379,-0.0197464,0.9339569
1788248750552502272,OK,1,0,10.9355,0.349292,0,1227,0,-0.358401,0.002565,-0.324179,0.0011409,0.3524549,-0.0195300,0.9356243
1788248750585840128,OK,1,0,10.8744,0.348125,0,1199,0,-0.360598,0.002770,-0.320484,0.0010651,0.3482161,-0.0193075,0.9372149
1788248750619177728,OK,1,0,10.6927,0.385792,0,1163,0,-0.360143,0.003504,-0.314799,0.0010669,0.3438522,-0.0190562,0.9388298
1788248750652515328,OK,1,0,10.4877,0.33825,0,1148,0,-0.361630,0.003260,-0.312024,0.0010988,0.3394143,-0.0186510,0.9404514
1788248750685852928,OK,1,0,10.2048,0.3875,0,1156,0,-0.363938,0.003977,-0.303619,0.0010206,0.3357457,-0.0188950,0.9417626
1788248750719190784,OK,1,0,10.2761,0.324292,0,1107,0,-0.366882,0.003463,-0.299976,0.0010084,0.3314011,-0.0184645,0.9433088
1788248750752528384,OK,1,0,10.1581,0.335292,0,1092,0,-0.368286,0.003470,-0.295374,0.0007914,0.3270800,-0.0183012,0.9448192
1788248750785865216,OK,1,0,10.0455,0.339,0,1079,0,-0.370098,0.003550,-0.289623,0.0006964,0.3228343,-0.0182485,0.9462793
1788248750819202816,OK,1,0,9.9405,0.327416,0,1448,0,-0.371237,0.003319,-0.284241,0.0006567,0.3182234,-0.0182018,0.9478408
1788248750852540672,OK,1,0,10.5413,0.323125,0,1302,0,-0.373386,0.003880,-0.280076,0.0007496,0.3136205,-0.0180352,0.9493768
1788248750885878528,OK,1,0,11.4218,0.333292,0,1270,0,-0.375164,0.004191,-0.274396,0.0008495,0.3092860,-0.0177584,0.9508029
1788248750919216128,OK,1,0,10.9555,0.353584,0,1245,0,-0.377038,0.004557,-0.270593,0.0009971,0.3047375,-0.0174241,0.9522765
1788248750952553728,OK,1,0,11.2583,0.333833,0,1219,0,-0.380535,0.003130,-0.267668,0.0009116,0.3003037,-0.0171129,0.9536897
1788248750985891328,OK,1,0,10.8936,0.354708,0,1162,0,-0.381950,0.004041,-0.262148,0.0010294,0.2959134,-0.0169286,0.9550642
1788248751019228928,OK,1,0,10.3621,0.340625,0,1156,0,-0.385588,0.002947,-0.257545,0.0008581,0.2917721,-0.0165886,0.9563437
1788248751052566528,OK,1,0,10.8239,0.308208,0,1169,0,-0.387441,0.004117,-0.252077,0.0008761,0.2873320,-0.0164149,0.9576901
1788248751085904128,OK,1,0,10.3323,0.317084,0,1135,0,-0.388627,0.003970,-0.247061,0.0007479,0.2827545,-0.0162003,0.9590552
1788248751119241728,OK,1,0,10.3892,0.314583,0,1511,0,-0.392690,0.003291,-0.242483,0.0006561,0.2783942,-0.0163675,0.9603272
1788248751152579072,OK,1,0,11.5261,0.335958,0,1341,0,-0.393612,0.003639,-0.238336,0.0006884,0.2735958,-0.0161939,0.9617082
1788248751185916416,OK,1,0,11.8458,0.352125,0,1308,0,-0.397352,0.003815,-0.234277,0.0007973,0.2691486,-0.0157374,0.9629697
1788248751219252992,OK,1,0,11.6822,0.364417,0,1252,0,-0.399125,0.005067,-0.230136,0.0009837,0.2643723,-0.0154468,0.9642965
1788248751252590336,OK,1,0,11.0358,0.346125,0,1239,0,-0.402011,0.007056,-0.222882,0.0012200,0.2598337,-0.0153635,0.9655304
1788248751285927680,OK,1,0,11.1191,0.3055,0,1207,0,-0.404752,0.005940,-0.219927,0.0010668,0.2548346,-0.0148724,0.9668697
1788248751319265024,OK,1,0,10.8557,0.338125,0,1226,0,-0.407040,0.007131,-0.213679,0.0009946,0.2501395,-0.0145052,0.9681006
1788248751352602368,OK,1,0,10.6417,0.305292,0,1144,0,-0.409167,0.007244,-0.208703,0.0007367,0.2454225,-0.0143312,0.9693100
1788248751385939712,OK,1,0,10.9079,0.3205,0,1471,0,-0.412724,0.006937,-0.202863,0.0005922,0.2407567,-0.0145042,0.9704770
1788248751419276800,OK,1,0,10.9182,0.32275,0,1261,0,-0.417450,0.005487,-0.200140,0.0004703,0.2357622,-0.0142256,0.9717065
1788248751452613888,OK,1,0,11.6687,0.354167,0,1237,0,-0.420451,0.004302,-0.195984,0.0003310,0.2307637,-0.0135861,0.9729149
1788248751485951232,OK,1,0,10.3724,0.355041,0,1210,0,-0.421230,0.005670,-0.189935,0.0005101,0.2258048,-0.0131293,0.9740840
1788248751519288320,OK,1,0,11.6364,0.352291,0,1190,0,-0.424268,0.006046,-0.184075,0.0004849,0.2211249,-0.0130870,0.9751576
1788248751552625408,OK,1,0,11.271,0.338916,0,1166,0,-0.428169,0.005426,-0.179905,0.0006105,0.2163480,-0.0127219,0.9762332
1788248751585962752,OK,1,0,11.4499,0.327833,0,1120,0,-0.431165,0.005914,-0.174706,0.0005334,0.2115451,-0.0124001,0.9772894
1788248751619299584,OK,1,0,10.4021,0.33975,0,1416,0,-0.433150,0.007294,-0.170200,0.0004603,0.2066758,-0.0122105,0.9783332
1788248751652636672,OK,1,0,11.0442,0.348292,0,1311,0,-0.437697,0.006553,-0.165867,0.0003710,0.2020259,-0.0122360,0.9793037
1788248751685972736,OK,1,0,12.6417,0.413583,0,1232,0,-0.439845,0.007776,-0.159334,0.0004466,0.1969060,-0.0123779,0.9803441
1788248751719309568,OK,1,0,11.3229,0.343042,0,1175,0,-0.442741,0.008418,-0.153990,0.0003918,0.1918460,-0.0119658,0.9813520
1788248751752648960,OK,1,0,10.7697,0.379709,0,1182,0,-0.445711,0.009572,-0.147759,0.0001896,0.1871686,-0.0119772,0.9822548
1788248751785991680,OK,1,0,9.80179,0.361417,0,1165,0,-0.447117,0.010264,-0.142525,0.0003947,0.1822837,-0.0115636,0.9831779
1788248751819334400,OK,1,0,27.9708,0.356708,0,1211,0,-0.269396,0.044399,-0.161165,0.0035969,0.1547644,-0.0120329,0.9878716
1788248751852677120,OK,1,0,18.179,0.413583,0,1186,0,-0.272307,0.044265,-0.157614,0.0035455,0.1496664,-0.0113816,0.9886647
1788248751886020096,OK,1,0,20.3726,0.345459,0,1148,0,-0.274556,0.044076,-0.151370,0.0033852,0.1450839,-0.0107364,0.9893553
1788248751919362816,OK,1,0,15.7462,0.370167,0,1094,0,-0.278692,0.044669,-0.147151,0.0032878,0.1405110,-0.0103144,0.9900200
1788248751952705792,OK,1,0,18.035,0.296583,0,1096,0,-0.281326,0.043884,-0.142537,0.0032745,0.1357042,-0.0099992,0.9906936
1788248751986048512,OK,1,0,17.1938,0.309875,0,1044,0,-0.285474,0.045043,-0.137651,0.0032097,0.1309551,-0.0099760,0.9913329
1788248752019391488,OK,1,0,17.7967,0.356,0,1021,0,-0.288776,0.043848,-0.132834,0.0029938,0.1263099,-0.0092685,0.9919430
1788248752052734720,OK,1,0,15.7984,0.334791,0,1022,0,-0.295143,0.043350,-0.132720,0.0028133,0.1217695,-0.0087181,0.9925162
1788248752086077696,OK,1,0,16.3128,0.356375,0,977,0,-0.295659,0.044453,-0.126071,0.0029130,0.1167439,-0.0082819,0.9931233
1788248752119419648,OK,1,0,19.6711,0.352167,0,992,0,-0.301368,0.042209,-0.125311,0.0028788,0.1120563,-0.0076608,0.9936681
1788248752152762624,OK,1,0,16.4383,0.313333,0,961,0,-0.306794,0.039588,-0.123795,0.0026194,0.1072922,-0.0069513,0.9941998
1788248752186105600,OK,1,0,18.1638,0.373875,0,966,0,-0.307526,0.040421,-0.117955,0.0024450,0.1025550,-0.0066936,0.9947018
1788248752219449088,OK,1,0,16.2447,0.368583,0,921,0,-0.311890,0.041600,-0.108809,0.0024735,0.0982440,-0.0063720,0.9951389
1788248752252792320,OK,1,0,16.1694,0.343416,0,945,0,-0.312461,0.042410,-0.100109,0.0024743,0.0935699,-0.0062751,0.9955899
1788248752286135296,OK,1,0,17.9925,0.341083,0,944,0,-0.316244,0.041558,-0.096731,0.0025236,0.0885893,-0.0059030,0.9960476
1788248752319478528,OK,1,0,16.4805,0.341875,0,927,0,-0.322482,0.039848,-0.096556,0.0021706,0.0841118,-0.0056571,0.9964379
1788248752352821760,OK,1,0,18.9024,0.34875,0,914,0,-0.328937,0.040219,-0.080501,0.0021373,0.0806383,-0.0052176,0.9967275
1788248752386164992,OK,1,0,18.3682,0.378125,0,964,0,-0.342311,0.039441,-0.073565,0.0023666,0.0768889,-0.0048848,0.9970250
1788248752419508480,OK,1,0,19.4393,0.348,0,946,0,-0.360140,0.037666,-0.070046,0.0025861,0.0729187,-0.0046783,0.9973236
1788248752452851712,OK,1,0,18.0674,0.366834,0,976,0,-0.366781,0.037272,-0.061161,0.0024143,0.0682903,-0.0042859,0.9976534
1788248752486195200,OK,1,0,19.8244,0.357792,0,962,0,-0.379320,0.035064,-0.062478,0.0021254,0.0639404,-0.0037999,0.9979442
1788248752519538688,OK,1,0,18.9951,0.342417,0,928,0,-0.393198,0.029166,-0.062288,0.0015681,0.0595684,-0.0034988,0.9982169
1788248752552881152,OK,1,0,18.9969,0.344542,0,942,0,-0.410436,0.022152,-0.064991,0.0011226,0.0552227,-0.0033590,0.9984678
1788248752586224640,OK,1,0,17.3888,0.351292,0,932,0,-0.421942,0.016466,-0.065003,0.0004477,0.0503280,-0.0029400,0.9987283
1788248752619568128,OK,1,0,25.8564,0.357875,1,1171,0,-0.392111,0.025911,-0.135474,0.0004720,0.0451063,-0.0024973,0.9989790
1788248752652911616,OK,1,0,19.5544,0.316708,0,1020,0,-0.396730,0.026194,-0.133013,0.0005337,0.0400246,-0.0022415,0.9991961
1788248752686255104,OK,1,0,18.3468,0.343458,0,1214,0,-0.401282,0.025911,-0.130760,0.0006404,0.0347311,-0.0020092,0.9993945
1788248752719598848,OK,1,0,18.8508,0.37825,0,1116,0,-0.407004,0.027063,-0.125990,0.0007507,0.0294892,-0.0014887,0.9995637
1788248752752942080,OK,1,0,17.9232,0.337791,0,1073,0,-0.411987,0.024993,-0.123759,0.0004318,0.0242427,-0.0013143,0.9997052
1788248752786285056,OK,1,0,18.1487,0.35925,0,1074,0,-0.417125,0.025986,-0.119399,0.0003591,0.0189112,-0.0013485,0.9998202
1788248752819628544,OK,1,0,18.0778,0.354375,0,1017,0,-0.422891,0.027071,-0.117154,0.0004160,0.0134818,-0.0014770,0.9999080
1788248752852971520,OK,1,0,19.1294,0.347,0,982,0,-0.428375,0.026184,-0.111856,0.0002023,0.0079487,-0.0013283,0.9999675
1788248752886314752,OK,1,0,17.9782,0.329667,0,944,0,-0.432498,0.026204,-0.111307,0.0001040,0.0024851,-0.0010172,0.9999964
1788248752919657728,OK,1,0,17.8372,0.350333,0,949,0,-0.437752,0.025536,-0.109069,0.0003061,-0.0030302,-0.0008690,0.9999950
1788248752953000960,OK,1,0,17.1062,0.32025,0,893,0,-0.440898,0.025740,-0.107674,0.0006372,-0.0086462,-0.0004741,0.9999623
1788248752986344192,OK,1,0,17.5817,0.340916,0,887,0,-0.447089,0.024980,-0.104635,0.0006238,-0.0140041,-0.0000905,0.9999018
1788248753019686400,OK,1,0,15.2316,0.323458,0,876,0,-0.450978,0.024490,-0.100307,0.0006744,-0.0193654,0.0003334,0.9998122
1788248753053029888,OK,1,0,15.928,0.319375,0,826,0,-0.454601,0.025526,-0.096465,0.0009830,-0.0248193,0.0004880,0.9996914
1788248753086373376,OK,1,0,15.429,0.323208,0,801,0,-0.460355,0.024039,-0.093446,0.0010916,-0.0300708,0.0007422,0.9995469
1788248753119716608,OK,1,0,18.1382,0.3595,0,779,0,-0.465328,0.025156,-0.089928,0.0011981,-0.0355134,0.0008918,0.9993681
1788248753153060096,OK,1,0,18.0074,0.366042,0,749,0,-0.473400,0.025017,-0.085733,0.0010713,-0.0407723,0.0008819,0.9991675
1788248753186403584,OK,1,0,15.8338,0.322625,0,732,0,-0.477983,0.024944,-0.083786,0.0011513,-0.0461752,0.0010319,0.9989322
1788248753219747072,OK,1,0,15.7796,0.325708,0,1213,0,-0.487213,0.029712,-0.072882,0.0016122,-0.0516756,0.0016880,0.9986612
1788248753253090560,OK,1,0,19.4524,0.322542,0,1004,0,-0.491762,0.029457,-0.070779,0.0014732,-0.0570213,0.0022511,0.9983693
1788248753286434048,OK,1,0,18.1868,0.316292,0,1051,0,-0.550597,0.039119,-0.010481,0.0029824,-0.0613994,0.0027607,0.9981050
1788248753319777536,OK,1,0,18.1915,0.394375,0,1144,0,-0.571616,0.038294,0.006499,0.0028798,-0.0661101,0.0030814,0.9978034
1788248753353121024,OK,1,0,17.6057,0.334667,0,1158,0,-0.582762,0.038614,0.014583,0.0027683,-0.0711789,0.0030637,0.9974550
1788248753386464768,OK,1,0,18.3144,0.358708,0,1181,0,-0.587340,0.039206,0.016712,0.0025270,-0.0766379,0.0030512,0.9970511
1788248753419808512,OK,1,0,19.4782,0.355375,0,1111,0,-0.590530,0.037788,0.019308,0.0021060,-0.0822175,0.0034477,0.9966062
1788248753453151232,OK,1,0,16.5887,0.328958,0,1090,0,-0.599817,0.041655,0.026029,0.0021949,-0.0872134,0.0038457,0.9961798
1788248753486494976,OK,1,0,18.8399,0.342709,0,1065,0,-0.601818,0.042028,0.026697,0.0026802,-0.0926526,0.0038579,0.9956874
1788248753519838720,OK,1,0,18.5206,0.355791,0,1069,0,-0.608553,0.041371,0.030916,0.0028245,-0.0980002,0.0040442,0.9951742
1788248753553182720,OK,1,0,16.6176,0.355125,0,1026,0,-0.617232,0.042973,0.035715,0.0029630,-0.1030330,0.0043249,0.9946641
1788248753586526464,OK,1,0,16.097,0.362708,0,1000,0,-0.618098,0.040418,0.032569,0.0026643,-0.1085515,0.0041489,0.9940786
1788248753619870208,OK,1,0,18.1109,0.34475,0,1010,0,-0.627829,0.042159,0.040997,0.0026651,-0.1141594,0.0038911,0.9934512
1788248753653214208,OK,1,0,16.286,0.393917,0,984,0,-0.633970,0.040727,0.043677,0.0024649,-0.1197061,0.0037672,0.9927992
1788248753686558208,OK,1,0,16.5259,0.336542,0,987,0,-0.640723,0.042180,0.049768,0.0025565,-0.1251355,0.0043764,0.9921267
1788248753719902208,OK,1,0,18.608,0.323,0,971,0,-0.646852,0.042571,0.051734,0.0029373,-0.1307378,0.0049461,0.9914003
1788248753753244928,OK,1,0,17.6297,0.368917,0,957,0,-0.653026,0.043391,0.057810,0.0034780,-0.1362099,0.0055116,0.9906586
1788248753786585856,OK,1,0,18.811,0.320292,0,970,0,-0.654082,0.043946,0.057556,0.0037458,-0.1416388,0.0062872,0.9898914
1788248753819927040,OK,1,0,15.817,0.359833,0,925,0,-0.661449,0.044494,0.064430,0.0039381,-0.1469300,0.0068042,0.9891157
1788248753853268224,OK,1,0,20.725,0.347375,0,944,0,-0.665342,0.043312,0.065937,0.0041140,-0.1522935,0.0068563,0.9883030
1788248753886608384,OK,1,0,17.2543,0.333,0,904,0,-0.668668,0.043982,0.064418,0.0041226,-0.1577481,0.0069634,0.9874462
1788248753919949568,OK,1,0,18.719,0.316958,0,919,0,-0.671508,0.044810,0.066377,0.0040021,-0.1632090,0.0074100,0.9865556
1788248753953290752,OK,1,0,16.4999,0.335833,0,906,0,-0.678334,0.044273,0.066552,0.0041449,-0.1682669,0.0077404,0.9857024
1788248753986631936,OK,1,0,19.1374,0.325333,0,923,0,-0.680908,0.046926,0.071553,0.0044889,-0.1740126,0.0081620,0.9846994
1788248754019973120,OK,1,0,17.4721,0.381625,0,953,0,-0.687441,0.046591,0.072955,0.0043830,-0.1793388,0.0086656,0.9837394
1788248754053314304,OK,1,0,18.0535,0.331792,0,901,0,-0.692069,0.046232,0.074568,0.0042006,-0.1846972,0.0088744,0.9827465
1788248754086655488,OK,1,0,16.9564,0.401083,0,901,0,-0.698345,0.045971,0.078324,0.0044258,-0.1900376,0.0087907,0.9817275
1788248754119996672,OK,1,0,16.5055,0.34875,0,914,0,-0.701712,0.045978,0.077833,0.0042888,-0.1959030,0.0090862,0.9805718
1788248754153337856,OK,1,0,17.1731,0.362334,0,913,0,-0.710121,0.043134,0.078839,0.0038736,-0.2016047,0.0093019,0.9794152
1788248754186679040,OK,1,0,21.0832,0.321542,0,935,0,-0.715688,0.047389,0.081318,0.0042374,-0.2071329,0.0097954,0.9782546
1788248754220020224,OK,1,0,20.0163,0.338041,0,1628,0,-0.720025,0.048458,0.083682,0.0045025,-0.2128885,0.0104421,0.9770104
1788248754253361408,OK,1,0,19.7593,0.377292,0,1384,0,-0.725140,0.048547,0.084135,0.0044551,-0.2184427,0.0108196,0.9757797
1788248754286702592,OK,1,0,36.2328,0.349875,0,1363,0,-0.734726,0.049260,0.087500,0.0046968,-0.2239541,0.0112708,0.9745232
1788248754320044032,OK,1,0,21.606,0.343916,0,1376,0,-0.743222,0.049372,0.089901,0.0050197,-0.2296218,0.0113049,0.9732013
1788248754353383936,OK,1,0,19.9318,0.316333,0,1315,0,-0.750506,0.049209,0.091009,0.0048258,-0.2353825,0.0113005,0.9718252
1788248754386725376,OK,1,0,21.4829,0.352834,0,1464,0,-0.755853,0.048874,0.090415,0.0046283,-0.2412151,0.0114505,0.9703931
1788248754420066560,OK,1,0,20.6358,0.329333,0,1425,0,-0.763371,0.048166,0.091718,0.0047277,-0.2470261,0.0116605,0.9689271
1788248754453407744,OK,1,0,21.8208,0.343666,0,1397,0,-0.769581,0.048815,0.092280,0.0048519,-0.2529917,0.0122607,0.9673786
1788248754486748928,OK,1,0,19.3323,0.3545,0,1374,0,-0.776462,0.048678,0.093942,0.0046842,-0.2589762,0.0128937,0.9657863
1788248754520090368,OK,1,0,22.7624,0.343833,0,1335,0,-0.782354,0.047942,0.092558,0.0048942,-0.2650588,0.0127714,0.9641353
1788248754553431296,OK,1,0,20.7935,0.3565,0,1372,0,-0.791293,0.048130,0.094373,0.0051642,-0.2714571,0.0129331,0.9623498
1788248754586772736,OK,1,0,20.2129,0.361875,0,1355,0,-0.799391,0.048964,0.094940,0.0050786,-0.2776785,0.0134279,0.9605668
1788248754620113920,OK,1,0,21.0304,0.362625,0,1322,0,-0.806433,0.048361,0.095854,0.0050540,-0.2837512,0.0139699,0.9587829
1788248754653455360,OK,1,0,22.5178,0.354833,0,1319,0,-0.814506,0.048702,0.095779,0.0054379,-0.2897813,0.0142629,0.9569712
1788248754686796288,OK,1,0,21.2499,0.34925,0,1284,0,-0.821997,0.048865,0.095292,0.0054741,-0.2960677,0.0147264,0.9550378
1788248754720137728,OK,1,0,18.6747,9.87446,0,1260,0,-0.831227,0.048418,0.095506,0.0057167,-0.3021843,0.0149576,0.9531150
1788248754753478400,OK,1,0,18.5355,0.372292,0,1259,0,-0.840029,0.048137,0.094983,0.0062319,-0.3085735,0.0150219,0.9510615
1788248754786817280,OK,1,0,18.8922,0.349375,0,1237,0,-0.845564,0.046926,0.093184,0.0058750,-0.3151893,0.0153110,0.9488871
1788248754820157184,OK,1,0,18.7971,0.341167,0,1203,0,-0.853446,0.047317,0.093063,0.0055256,-0.3214972,0.0157307,0.9467638
1788248754853497344,OK,1,0,18.091,0.339333,0,1201,0,-0.863763,0.041452,0.090796,0.0051834,-0.3275097,0.0159520,0.9446990
1788248754886837248,OK,1,0,18.1588,0.345875,0,1199,0,-0.871590,0.042058,0.090756,0.0052392,-0.3337891,0.0166712,0.9424858
1788248754920176896,OK,1,0,18.3317,0.31025,1,1176,0,-0.890125,0.032332,0.110202,0.0043457,-0.3394570,0.0169252,0.9404593
1788248754953516800,OK,1,0,17.7168,0.329083,0,1143,0,-0.896682,0.031314,0.108874,0.0044672,-0.3457459,0.0171127,0.9381615
1788248754986856704,OK,1,0,18.4657,0.309917,0,1161,0,-0.903438,0.030768,0.107054,0.0042773,-0.3521858,0.0172882,0.9357607
1788248755020196608,OK,1,0,20.2935,0.368584,0,1123,0,-0.911358,0.030596,0.106858,0.0040917,-0.3582853,0.0176103,0.9334371
1788248755053536256,OK,1,0,19.9794,0.320875,0,1125,0,-0.917167,0.029339,0.104470,0.0040945,-0.3642099,0.0178802,0.9311363
1788248755086876160,OK,1,0,17.4494,0.312375,0,1112,0,-0.921979,0.029091,0.102056,0.0038965,-0.3703314,0.0183682,0.9287099
1788248755120215808,OK,1,0,17.7296,0.301792,0,1126,0,-0.929864,0.028232,0.101759,0.0039469,-0.3762861,0.0186138,0.9263082
1788248755153555712,OK,1,0,17.6553,0.3355,0,1131,0,-0.936920,0.027031,0.099186,0.0041681,-0.3824427,0.0186882,0.9237809
1788248755186895616,OK,1,0,17.3676,0.331709,0,1136,0,-0.943221,0.026337,0.097856,0.0037201,-0.3888055,0.0189695,0.9211171
1788248755220234240,OK,1,0,19.4671,0.339209,0,1102,0,-0.949800,0.025899,0.095147,0.0035132,-0.3946956,0.0192988,0.9186025
1788248755253573888,OK,1,0,17.0913,0.33075,0,1097,0,-0.958194,0.026048,0.094373,0.0037544,-0.4005929,0.0197905,0.9160348
1788248755286913536,OK,1,0,19.6406,0.312833,0,1108,0,-0.964797,0.026022,0.091766,0.0035732,-0.4066347,0.0204282,0.9133555
1788248755320253440,OK,1,0,17.2989,0.352084,0,1142,0,-0.969758,0.024504,0.089677,0.0034739,-0.4124686,0.0208489,0.9107267
1788248755353593088,OK,1,0,16.6945,0.332042,0,1066,0,-0.975171,0.023304,0.086561,0.0037646,-0.4183935,0.0209058,0.9080175
1788248755386932736,OK,1,0,16.9892,0.321125,0,1092,0,-0.982951,0.022536,0.084758,0.0036472,-0.4244483,0.0211174,0.9051986
1788248755420272384,OK,1,0,16.7945,0.3395,0,1077,0,-0.990650,0.023368,0.081863,0.0033032,-0.4301407,0.0215094,0.9024996
1788248755453612032,OK,1,0,19.6041,0.312959,0,1057,0,-0.996960,0.022847,0.078594,0.0033317,-0.4359773,0.0219923,0.8996827
1788248755486951680,OK,1,0,16.8171,0.348584,0,1075,0,-1.003004,0.022440,0.076098,0.0032553,-0.4420306,0.0223788,0.8967149
1788248755520291584,OK,1,0,18.6465,0.324584,0,1504,0,-1.007926,0.019755,0.073701,0.0029792,-0.4478568,0.0226531,0.8938134
1788248755553630976,OK,1,0,17.9022,0.332917,0,1350,0,-1.014331,0.019196,0.070298,0.0032535,-0.4536001,0.0227210,0.8909097
1788248755586970624,OK,1,0,17.7334,0.342334,0,1379,0,-1.021051,0.018403,0.067998,0.0032826,-0.4595114,0.0230534,0.8878666
1788248755620310272,OK,1,0,18.731,0.348917,0,1318,0,-1.026664,0.018604,0.064203,0.0032218,-0.4652588,0.0235544,0.8848554
1788248755653648640,OK,1,0,19.2539,0.329208,0,1275,0,-1.032648,0.017438,0.059697,0.0033272,-0.4708959,0.0241542,0.8818518
1788248755686988288,OK,1,0,17.7371,0.360041,0,1216,0,-1.038205,0.016800,0.054269,0.0033991,-0.4766735,0.0245206,0.8787318
1788248755720327936,OK,1,0,17.606,0.318458,0,1233,0,-1.045216,0.017025,0.051098,0.0034193,-0.4825862,0.0247080,0.8754933
1788248755753668096,OK,1,0,17.8375,0.339458,0,1170,0,-1.051841,0.017472,0.047192,0.0036924,-0.4883297,0.0247887,0.8722993
1788248755787011072,OK,1,0,17.7171,0.361208,0,1179,0,-1.058967,0.016549,0.042542,0.0037221,-0.4942364,0.0248577,0.8689641
1788248755820354048,OK,1,0,18.6136,0.349083,0,1180,0,-1.066535,0.017281,0.040010,0.0033638,-0.5001803,0.0251517,0.8655493
1788248755853697024,OK,1,0,17.98,0.33775,0,1143,0,-1.074134,0.017331,0.037599,0.0033337,-0.5059566,0.0253724,0.8621792
1788248755887040000,OK,1,0,17.1246,0.335375,0,1172,0,-1.080611,0.016979,0.034066,0.0034022,-0.5116506,0.0256111,0.8588051
1788248755920382976,OK,1,0,19.0424,0.35325,0,1144,0,-1.090240,0.017505,0.034237,0.0033261,-0.5176235,0.0258973,0.8552100
1788248755953725952,OK,1,0,19.0392,0.349958,0,1164,0,-1.098491,0.017742,0.035538,0.0034289,-0.5236309,0.0259549,0.8515429
1788248755987069184,OK,1,0,16.8698,0.361,0,1138,0,-1.106341,0.018258,0.031353,0.0034255,-0.5293354,0.0261766,0.8480018
1788248756020412416,OK,1,0,19.7024,0.306292,0,1116,0,-1.117188,0.019737,0.031678,0.0032746,-0.5352407,0.0264799,0.8442781
1788248756053755392,OK,1,0,17.5755,0.308833,0,1517,0,-1.122964,0.020198,0.029124,0.0034549,-0.5407798,0.0270855,0.8407209
1788248756087098368,OK,1,0,20.844,0.351334,0,1373,0,-1.130009,0.020229,0.029322,0.0033459,-0.5466409,0.0277864,0.8368993
1788248756120440320,OK,1,0,27.3533,0.3225,0,1354,0,-1.136735,0.020252,0.028381,0.0032044,-0.5522181,0.0283137,0.8332126
1788248756153783552,OK,1,0,19.5704,0.332083,0,1298,0,-1.144304,0.020709,0.027711,0.0034486,-0.5576959,0.0286879,0.8295423
1788248756187126528,OK,1,0,17.2802,0.326958,0,1289,0,-1.152015,0.020164,0.026687,0.0035301,-0.5633255,0.0289406,0.8257205
1788248756220469760,OK,1,0,17.4035,0.314,0,1371,0,-1.159653,0.021612,0.023827,0.0033258,-0.5687180,0.0292686,0.8220049
1788248756253812736,OK,1,0,18.3145,0.351959,0,1372,0,-1.165146,0.020668,0.020251,0.0033200,-0.5740169,0.0295359,0.8183039
1788248756287155712,OK,1,0,18.4362,0.346125,0,1540,0,-1.172034,0.021754,0.018736,0.0034282,-0.5794996,0.0300987,0.8144093
1788248756320498944,OK,1,0,18.7928,0.336334,0,1490,0,-1.179676,0.022101,0.018462,0.0030354,-0.5849956,0.0307424,0.8104480
1788248756353841920,OK,1,0,19.4975,0.365792,0,1516,0,-1.186134,0.021571,0.014746,0.0026733,-0.5901077,0.0311063,0.8067206
1788248756387185152,OK,1,0,18.2987,0.318792,0,1523,0,-1.194249,0.022513,0.012850,0.0029145,-0.5955328,0.0311462,0.8027217
1788248756420528384,OK,1,0,19.0063,0.335208,0,1518,0,-1.201876,0.023022,0.009892,0.0028057,-0.6009394,0.0311494,0.7986825
1788248756453871360,OK,1,0,18.6914,0.349125,0,1469,0,-1.209195,0.021994,0.006831,0.0025047,-0.6060946,0.0312657,0.7947739
1788248756487214336,OK,1,0,18.0821,0.332792,0,1461,0,-1.215736,0.020198,0.000799,0.0025838,-0.6111649,0.0315359,0.7908705
1788248756520557568,OK,1,0,17.4459,0.355917,0,1411,0,-1.231575,0.016182,-0.011579,0.0024364,-0.6157030,0.0313326,0.7873514
1788248756553899776,OK,1,0,20.3337,0.324209,0,1435,0,-1.246083,0.009013,-0.034228,0.0020855,-0.6194685,0.0308730,0.7844114
1788248756587243008,OK,1,0,18.0851,0.346709,0,1448,0,-1.256630,0.001390,-0.053844,0.0020775,-0.6234549,0.0302929,0.7812695
1788248756620585984,OK,1,0,18.397,0.359125,0,1452,0,-1.262612,-0.000726,-0.066505,0.0022797,-0.6279961,0.0302906,0.7776234
1788248756653929216,OK,1,0,20.4013,0.342791,0,1455,0,-1.266686,-0.004193,-0.073542,0.0023874,-0.6329310,0.0305356,0.7736021
1788248756687272192,OK,1,0,18.3851,0.335583,0,1476,0,-1.274049,-0.004766,-0.082037,0.0024264,-0.6378073,0.0313170,0.7695553
1788248756720615424,OK,1,0,20.2047,0.328084,0,1491,0,-1.279909,-0.006258,-0.091063,0.0020922,-0.6424953,0.0320665,0.7656156
1788248756753958400,OK,1,0,19.6595,0.370167,0,1490,0,-1.282431,-0.006501,-0.099206,0.0021108,-0.6472471,0.0325508,0.7615820
1788248756787299328,OK,1,0,17.9677,0.344917,0,1468,0,-1.286149,-0.004584,-0.105483,0.0024341,-0.6520460,0.0330093,0.7574565
1788248756820640000,OK,1,0,18.6183,0.357584,0,1470,0,-1.291307,-0.006213,-0.112726,0.0025963,-0.6568285,0.0330434,0.7533112
1788248756853980672,OK,1,0,18.362,0.328958,0,1490,0,-1.294159,-0.007377,-0.119641,0.0024255,-0.6616963,0.0330484,0.7490394
1788248756887321600,OK,1,0,18.0934,0.35625,0,1516,0,-1.298769,-0.006654,-0.125549,0.0026117,-0.6665345,0.0334985,0.7447167
1788248756920662016,OK,1,0,22.0656,0.326042,0,1478,0,-1.303458,-0.006758,-0.134950,0.0026625,-0.6712667,0.0338643,0.7404372
1788248756954002944,OK,1,0,18.6903,0.339542,0,1493,0,-1.309225,-0.011373,-0.146125,0.0021024,-0.6759139,0.0339126,0.7361970
1788248756987343616,OK,1,0,18.3841,0.335792,0,1488,0,-1.313643,-0.010250,-0.153421,0.0023505,-0.6806952,0.0340250,0.7317724
1788248757020683264,OK,1,0,18.1524,0.330583,0,1461,0,-1.316730,-0.012971,-0.162113,0.0027346,-0.6854990,0.0337443,0.7272860
1788248757054023936,OK,1,0,22.4155,0.344917,0,1469,0,-1.318923,-0.013384,-0.168782,0.0025498,-0.6904285,0.0338679,0.7226029
1788248757087364864,OK,1,0,19.0078,0.359167,0,1451,0,-1.320081,-0.017486,-0.179617,0.0023147,-0.6949258,0.0339958,0.7182737
1788248757120705280,OK,1,0,18.7792,0.364083,0,1417,0,-1.324722,-0.017220,-0.186601,0.0026876,-0.6997087,0.0344732,0.7135910
1788248757154046208,OK,1,0,18.0182,0.338584,0,1424,0,-1.325629,-0.017006,-0.192468,0.0025737,-0.7047295,0.0348212,0.7086164
1788248757187386880,OK,1,0,18.1775,0.310334,0,1406,0,-1.331321,-0.017306,-0.199841,0.0029058,-0.7094502,0.0349745,0.7038812
1788248757220727552,OK,1,0,20.7733,0.337084,0,1410,0,-1.333707,-0.015405,-0.206117,0.0034451,-0.7142435,0.0350594,0.6990102
1788248757254068480,OK,1,0,17.7066,0.335459,0,1481,0,-1.336108,-0.018198,-0.217991,0.0030606,-0.7188078,0.0348588,0.6943276
1788248757287408896,OK,1,0,17.8425,0.353667,0,1438,0,-1.339902,-0.018917,-0.225580,0.0028847,-0.7232476,0.0349289,0.6896989
1788248757320749824,OK,1,0,19.8558,0.346916,0,1496,0,-1.344244,-0.031499,-0.237372,0.0021442,-0.7273639,0.0341472,0.6853985
1788248757354090240,OK,1,0,18.5166,0.356791,0,1458,0,-1.345015,-0.028982,-0.238387,0.0019095,-0.7322972,0.0348296,0.6800913
1788248757387431168,OK,1,0,19.6606,0.342833,0,1637,0,-1.348721,-0.027434,-0.243580,0.0018992,-0.7367197,0.0354614,0.6752651
1788248757420771840,OK,1,0,18.4555,0.358208,0,1570,0,-1.351743,-0.025724,-0.249866,0.0022469,-0.7411907,0.0360269,0.6703234
1788248757454111488,OK,1,0,17.42,0.353,0,1556,0,-1.353179,-0.026008,-0.255105,0.0020971,-0.7458426,0.0363494,0.6651264
1788248757487452160,OK,1,0,17.7718,0.351125,0,1538,0,-1.355956,-0.026308,-0.261646,0.0019001,-0.7502919,0.0368029,0.6600788
1788248757520793088,OK,1,0,17.8091,0.306458,0,1521,0,-1.359970,-0.025217,-0.267421,0.0019522,-0.7547534,0.0373313,0.6549426
1788248757554133504,OK,1,0,18.3638,0.353,0,1459,0,-1.361409,-0.027694,-0.274008,0.0017006,-0.7592207,0.0374572,0.6497523
1788248757587474432,OK,1,0,18.4736,0.3235,0,1525,0,-1.362875,-0.028373,-0.276821,0.0015848,-0.7637478,0.0376086,0.6444163
1788248757620814848,OK,1,0,17.5378,0.335,0,1459,0,-1.365180,-0.028793,-0.283655,0.0019142,-0.7679955,0.0379339,0.6393279
1788248757654155776,OK,1,0,19.5266,0.337041,0,1497,0,-1.367603,-0.027734,-0.289506,0.0021265,-0.7724524,0.0380717,0.6339269
1788248757687496448,OK,1,0,19.6688,0.324959,0,1480,0,-1.369078,-0.030949,-0.299264,0.0016735,-0.7765691,0.0381567,0.6288734
1788248757720837120,OK,1,0,17.5855,0.345709,0,1461,0,-1.370207,-0.030864,-0.303343,0.0016757,-0.7808919,0.0384631,0.6234786
1788248757754177792,OK,1,0,17.6313,0.319042,0,1451,0,-1.372207,-0.031804,-0.306053,0.0014164,-0.7855018,0.0385622,0.6176552
1788248757787524096,OK,1,0,18.0865,0.346708,0,1423,0,-1.373066,-0.034563,-0.313483,0.0010788,-0.7896808,0.0385911,0.6123022
1788248757820870656,OK,1,0,17.6372,0.352959,0,1393,0,-1.375635,-0.032692,-0.320799,0.0016343,-0.7939370,0.0390348,0.6067435
1788248757854216960,OK,1,0,16.6947,0.328541,0,1410,0,-1.373111,-0.034945,-0.328485,0.0015968,-0.7983115,0.0391321,0.6009699
1788248757887562496,OK,1,0,18.5125,0.311959,0,1340,0,-1.375255,-0.036240,-0.332771,0.0014689,-0.8026564,0.0394250,0.5951356
1788248757920909056,OK,1,0,16.9252,0.324917,0,1367,0,-1.378689,-0.037264,-0.336987,0.0015221,-0.8070332,0.0397789,0.5891628
1788248757954255616,OK,1,0,15.9593,0.317584,0,1301,0,-1.379485,-0.037236,-0.343043,0.0013860,-0.8114108,0.0399694,0.5831064
1788248757987602176,OK,1,0,17.128,0.310209,0,1456,0,-1.379815,-0.037177,-0.352930,0.0016423,-0.8155313,0.0400091,0.5773259
1788248758020948736,OK,1,0,17.4022,0.34875,0,1302,0,-1.382110,-0.038097,-0.358879,0.0018245,-0.8199574,0.0402977,0.5710015
1788248758054295296,OK,1,0,15.8245,0.325875,0,1273,0,-1.385116,-0.037256,-0.361684,0.0014892,-0.8244596,0.0406514,0.5644569
1788248758087642112,OK,1,0,16.2395,0.321375,0,1220,0,-1.387050,-0.035438,-0.363552,0.0015377,-0.8289682,0.0411156,0.5577804
1788248758120988672,OK,1,0,16.4626,0.326875,0,1318,0,-1.390107,-0.034990,-0.368414,0.0015355,-0.8333811,0.0416598,0.5511242
1788248758154335488,OK,1,0,16.2515,0.361334,0,1268,0,-1.391448,-0.035850,-0.373502,0.0011528,-0.8376181,0.0418549,0.5446493
1788248758187682304,OK,1,0,16.2033,0.322875,0,1236,0,-1.393567,-0.033916,-0.378839,0.0013367,-0.8417454,0.0423160,0.5382121
1788248758221029120,OK,1,0,16.1656,0.308458,0,1176,0,-1.394676,-0.034084,-0.382857,0.0013402,-0.8460083,0.0425448,0.5314679
1788248758254375680,OK,1,0,15.4193,0.344417,0,1174,0,-1.397890,-0.032031,-0.387718,0.0012139,-0.8501217,0.0427111,0.5248500
1788248758287722752,OK,1,0,15.3562,0.336625,0,1110,0,-1.397973,-0.032451,-0.395221,0.0013028,-0.8538718,0.0429297,0.5187084
1788248758321069568,OK,1,0,14.9956,0.338,0,1120,0,-1.402018,-0.031159,-0.400333,0.0013224,-0.8579028,0.0432857,0.5119839
1788248758354415360,OK,1,0,14.7312,0.312625,0,1044,0,-1.403017,-0.033467,-0.408486,0.0013348,-0.8616001,0.0432123,0.5057431
1788248758387762176,OK,1,0,15.4798,0.332042,0,965,0,-1.402671,-0.035124,-0.413520,0.0016953,-0.8654273,0.0433802,0.4991502
1788248758421109248,OK,1,0,13.6802,0.356875,0,983,0,-1.403907,-0.035724,-0.416587,0.0016300,-0.8693058,0.0436514,0.4923407
1788248758454456320,OK,1,0,13.5629,0.362875,0,919,0,-1.405935,-0.035092,-0.423926,0.0017240,-0.8726823,0.0442714,0.4862743
1788248758487803136,OK,1,0,13.2319,0.353833,0,891,0,-1.407072,-0.035058,-0.430940,0.0015864,-0.8761493,0.0447336,0.4799571
1788248758521150208,OK,1,0,13.508,0.337708,0,934,0,-1.410764,-0.035802,-0.437893,0.0014319,-0.8795606,0.0450367,0.4736483
1788248758554497280,OK,1,0,12.4976,0.340666,0,866,0,-1.410638,-0.037090,-0.443884,0.0015975,-0.8829848,0.0450876,0.4672287
1788248758587844352,OK,1,0,12.521,0.346166,0,896,0,-1.409513,-0.037313,-0.452796,0.0015819,-0.8863797,0.0448855,0.4607752
1788248758621191424,OK,1,0,13.1613,0.333125,0,826,0,-1.410941,-0.036852,-0.462906,0.0015415,-0.8894857,0.0447775,0.4547614
1788248758654538496,OK,1,0,12.8378,0.349666,0,902,0,-1.412279,-0.036588,-0.471427,0.0016356,-0.8925630,0.0448021,0.4486886
1788248758687885824,OK,1,0,12.5932,0.35425,0,829,0,-1.412860,-0.037347,-0.479359,0.0014181,-0.8956713,0.0448007,0.4424521
1788248758721232896,OK,1,0,12.7175,0.330417,0,763,0,-1.412682,-0.038328,-0.483674,0.0014818,-0.8988447,0.0448799,0.4359609
1788248758754579968,OK,1,0,12.5485,0.381041,0,706,0,-1.411608,-0.040439,-0.492452,0.0016729,-0.9019721,0.0448226,0.4294585
1788248758787918336,OK,1,0,11.3238,0.353666,0,680,0,-1.414478,-0.041246,-0.502418,0.0017164,-0.9049612,0.0448415,0.4231211
1788248758821257216,OK,1,0,13.4101,0.329791,0,624,0,-1.412957,-0.041291,-0.510076,0.0018376,-0.9079539,0.0452567,0.4166151
1788248758854596096,OK,1,0,10.3965,0.328959,0,699,0,-1.413284,-0.039900,-0.519403,0.0016571,-0.9108318,0.0453610,0.4102744
1788248758887935232,OK,1,0,10.7835,0.330084,0,620,0,-1.410167,-0.041433,-0.526925,0.0019031,-0.9135598,0.0454089,0.4041570
1788248758921274112,OK,1,0,11.9283,0.340666,0,691,0,-1.411110,-0.042769,-0.535655,0.0019577,-0.9164585,0.0456199,0.3975158
1788248758954613248,OK,1,0,10.9375,0.354,0,735,0,-1.409182,-0.043262,-0.544034,0.0018110,-0.9192225,0.0457443,0.3910680
1788248758987952128,OK,1,0,10.6564,0.347583,0,699,0,-1.410123,-0.045583,-0.552759,0.0018539,-0.9219568,0.0460347,0.3845425
1788248759021291008,OK,1,0,10.8619,0.346,0,625,0,-1.409568,-0.043346,-0.561298,0.0015783,-0.9246746,0.0466577,0.3778856
1788248759054630144,OK,1,0,11.3208,0.3385,0,559,0,-1.407571,-0.044478,-0.569345,0.0013764,-0.9272692,0.0466819,0.3714711
1788248759087969024,OK,1,0,11.467,0.3215,0,605,0,-1.410081,-0.043722,-0.580556,0.0018529,-0.9300135,0.0468452,0.3645229
1788248759121307904,OK,1,0,10.1785,0.356666,0,559,0,-1.408415,-0.043499,-0.593709,0.0020450,-0.9324943,0.0469273,0.3581173
1788248759154646784,OK,1,0,10.185,0.298208,0,574,0,-1.406463,-0.044675,-0.604839,0.0020837,-0.9348295,0.0467966,0.3519938
1788248759187985664,OK,1,0,9.62688,0.358583,0,612,0,-1.408203,-0.043797,-0.612786,0.0022296,-0.9372529,0.0465249,0.3455249
1788248759221323264,OK,1,0,9.43571,0.327916,0,488,0,-1.407836,-0.044148,-0.620920,0.0026494,-0.9394920,0.0464536,0.3393963
1788248759254662144,OK,1,0,9.99437,0.34725,0,541,0,-1.407562,-0.043983,-0.632213,0.0029453,-0.9416010,0.0466333,0.3334728
1788248759288001024,OK,1,0,9.68383,0.346833,0,477,0,-1.407781,-0.043738,-0.642602,0.0028893,-0.9436221,0.0470418,0.3276525
1788248759321339648,OK,1,0,9.36358,0.364292,0,573,0,-1.406220,-0.044708,-0.648716,0.0027660,-0.9456593,0.0477180,0.3216269
1788248759354678272,OK,1,0,9.7495,0.351916,0,553,0,-1.406980,-0.045902,-0.659025,0.0024472,-0.9476258,0.0481290,0.3157261
1788248759388017152,OK,1,0,9.89425,0.328917,0,628,0,-1.407321,-0.046757,-0.664740,0.0024570,-0.9495362,0.0485914,0.3098610
1788248759421355776,OK,1,0,9.72004,0.336792,0,566,0,-1.407722,-0.047909,-0.674564,0.0024309,-0.9512037,0.0491177,0.3046195
1788248759454694400,OK,1,0,9.49921,0.336792,0,498,0,-1.408861,-0.049476,-0.682539,0.0022492,-0.9528118,0.0493215,0.2995197
1788248759488033024,OK,1,0,9.42167,0.342291,0,560,0,-1.409005,-0.049883,-0.694867,0.0021777,-0.9543080,0.0492074,0.2947373
1788248759521371648,OK,1,0,9.90721,0.354417,0,465,0,-1.409754,-0.049923,-0.705662,0.0022480,-0.9558017,0.0489316,0.2899030
1788248759554710272,OK,1,0,10.1393,0.345291,0,433,0,-1.413970,-0.050069,-0.714883,0.0026607,-0.9570047,0.0487457,0.2859352
1788248759588048896,OK,1,0,9.33867,0.323958,0,439,0,-1.416355,-0.050150,-0.726239,0.0027818,-0.9578807,0.0485064,0.2830265
1788248759621387520,OK,1,0,9.99537,0.316125,0,544,0,-1.419822,-0.049717,-0.735866,0.0025813,-0.9587097,0.0481791,0.2802639
1788248759654724864,OK,1,0,9.66587,0.379833,0,486,0,-1.424081,-0.051654,-0.743984,0.0023826,-0.9594749,0.0483070,0.2776126
1788248759688063488,OK,1,0,9.35967,0.333125,0,465,0,-1.429022,-0.053263,-0.754037,0.0025827,-0.9599229,0.0481655,0.2760823
1788248759721401856,OK,1,0,9.4105,0.341792,0,449,0,-1.432358,-0.054976,-0.762963,0.0030318,-0.9602364,0.0485000,0.2749267
1788248759754740480,OK,1,0,10.2642,0.508542,0,584,0,-1.435905,-0.055831,-0.771469,0.0031562,-0.9605284,0.0487618,0.2738569
1788248759788081664,OK,1,0,10.2559,0.359375,0,486,0,-1.441831,-0.056186,-0.780275,0.0032761,-0.9603557,0.0488280,0.2744487
1788248759821422848,OK,1,0,9.9955,0.3475,0,457,0,-1.446468,-0.057246,-0.786861,0.0035809,-0.9602151,0.0493460,0.2748438
1788248759854764032,OK,1,0,9.99346,0.316166,0,447,0,-1.450672,-0.054899,-0.797970,0.0037349,-0.9603451,0.0498470,0.2742966
1788248759888105216,OK,1,0,9.40796,0.335333,0,544,0,-1.456732,-0.056456,-0.806269,0.0033399,-0.9604419,0.0493661,0.2740496
1788248759921446656,OK,1,0,9.54925,0.356458,0,588,0,-1.463350,-0.058194,-0.815548,0.0031558,-0.9603390,0.0492381,0.2744353
1788248759954787584,OK,1,0,9.81979,0.328958,0,491,0,-1.467884,-0.057689,-0.823492,0.0037236,-0.9602865,0.0498642,0.2744989
1788248759988129024,OK,1,0,9.41079,0.40425,0,480,0,-1.472581,-0.057873,-0.831533,0.0039404,-0.9602993,0.0498208,0.2744589
1788248760021470208,OK,1,0,8.96167,0.337542,0,459,0,-1.478579,-0.057542,-0.840032,0.0038570,-0.9601281,0.0494472,0.2751257
1788248760054811392,OK,1,0,9.08175,0.341541,0,569,0,-1.485117,-0.057167,-0.848021,0.0037173,-0.9600587,0.0492046,0.2754130
1788248760088152576,OK,1,0,9.59913,0.330875,0,590,0,-1.489843,-0.057313,-0.856187,0.0037415,-0.9599288,0.0497253,0.2757720
1788248760121492992,OK,1,0,9.81554,0.332083,0,515,0,-1.496659,-0.057436,-0.863824,0.0032684,-0.9597028,0.0503932,0.2764423
1788248760154834176,OK,1,0,9.56267,0.343083,0,574,0,-1.503176,-0.058051,-0.873495,0.0029365,-0.9592491,0.0493531,0.2782029
1788248760188175616,OK,1,0,9.74312,0.349584,0,506,0,-1.510962,-0.056684,-0.883965,0.0028996,-0.9587572,0.0483298,0.2800724
1788248760221516544,OK,1,0,9.59021,0.344209,0,538,0,-1.517883,-0.055495,-0.891161,0.0029350,-0.9582017,0.0485305,0.2819322
1788248760254857984,OK,1,0,9.38908,0.34775,0,497,0,-1.522347,-0.056269,-0.896641,0.0034793,-0.9573669,0.0488003,0.2847018
1788248760288199168,OK,1,0,9.17967,0.330583,0,547,0,-1.531595,-0.055625,-0.906681,0.0038145,-0.9564252,0.0485297,0.2878908
1788248760321540608,OK,1,0,9.31504,0.315333,0,561,0,-1.539416,-0.055667,-0.916175,0.0033421,-0.9554607,0.0480684,0.2911584
1788248760354881792,OK,1,0,9.51525,0.320333,0,555,0,-1.546851,-0.056523,-0.923618,0.0025622,-0.9541956,0.0476489,0.2953537
1788248760388223232,OK,1,0,9.88992,0.323166,0,666,0,-1.558593,-0.057359,-0.928162,0.0023504,-0.9529976,0.0470630,0.2992910
1788248760421564416,OK,1,0,10.543,0.328167,0,643,0,-1.566124,-0.057820,-0.931813,0.0025943,-0.9517857,0.0471315,0.3031106
1788248760454905856,OK,1,0,10.5547,0.33325,0,646,0,-1.572103,-0.057598,-0.937471,0.0029082,-0.9503659,0.0474310,0.3074842
1788248760488247296,OK,1,0,10.2558,0.322708,0,604,0,-1.581465,-0.055986,-0.943863,0.0031455,-0.9490939,0.0478755,0.3113181
1788248760521588736,OK,1,0,11.2608,0.328625,0,606,0,-1.587602,-0.057424,-0.946194,0.0031807,-0.9477950,0.0478795,0.3152492
1788248760554928896,OK,1,0,9.7645,0.307666,0,602,0,-1.596255,-0.056223,-0.954643,0.0031418,-0.9460816,0.0479157,0.3203496
1788248760588270336,OK,1,0,10.4362,0.300625,0,570,0,-1.605139,-0.058252,-0.958361,0.0032238,-0.9445444,0.0477817,0.3248730
1788248760621611520,OK,1,0,10.0246,0.318167,0,547,0,-1.614289,-0.058078,-0.963538,0.0031974,-0.9429417,0.0479276,0.3294749
1788248760654952960,OK,1,0,11.1664,0.335875,0,565,0,-1.622494,-0.057913,-0.966015,0.0029576,-0.9414178,0.0477950,0.3338256
1788248760688294400,OK,1,0,10.5638,0.329166,0,548,0,-1.631712,-0.058181,-0.970543,0.0026963,-0.9397821,0.0476338,0.3384278
1788248760721635840,OK,1,0,10.3447,0.328417,0,556,0,-1.640157,-0.056982,-0.974471,0.0027050,-0.9379390,0.0471027,0.3435760
1788248760754977024,OK,1,0,9.99342,0.331417,0,573,0,-1.649287,-0.056402,-0.980123,0.0027153,-0.9361062,0.0469346,0.3485612
1788248760788319744,OK,1,0,10.3172,0.328667,0,555,0,-1.659367,-0.056705,-0.984895,0.0029724,-0.9342631,0.0466373,0.3535091
1788248760821662720,OK,1,0,10.2323,0.3105,0,576,0,-1.670343,-0.056961,-0.989265,0.0028283,-0.9325191,0.0468208,0.3580614
1788248760855005440,OK,1,0,10.8715,0.299084,0,590,0,-1.678854,-0.058117,-0.988681,0.0025057,-0.9308783,0.0468144,0.3623089
1788248760888348160,OK,1,0,10.8384,0.324125,0,615,0,-1.686977,-0.057035,-0.992444,0.0026373,-0.9288799,0.0465358,0.3674366
1788248760921690880,OK,1,0,11.0744,0.344916,0,621,0,-1.696088,-0.056441,-0.996105,0.0029355,-0.9270115,0.0462109,0.3721634
1788248760955033856,OK,1,0,12.0862,0.348917,0,576,0,-1.702434,-0.056810,-0.999721,0.0032026,-0.9250815,0.0459080,0.3769701
1788248760988376832,OK,1,0,11.2765,0.339041,0,642,0,-1.713217,-0.058215,-1.001376,0.0028809,-0.9233299,0.0459532,0.3812373
1788248761021718528,OK,1,0,11.6465,0.316375,0,645,0,-1.718647,-0.058174,-1.006436,0.0028189,-0.9212515,0.0457662,0.3862553
1788248761055061504,OK,1,0,11.5014,0.321792,0,641,0,-1.732408,-0.058645,-1.008541,0.0031581,-0.9191934,0.0454664,0.3911602
1788248761088404480,OK,1,0,12.1689,0.316125,0,652,0,-1.738646,-0.059824,-1.010772,0.0034129,-0.9171496,0.0452906,0.3959467
1788248761121747456,OK,1,0,12.8869,0.346,0,599,0,-1.745829,-0.060048,-1.014083,0.0036457,-0.9147624,0.0452665,0.4014319
1788248761155090688,OK,1,0,12.041,0.344583,0,752,0,-1.757494,-0.060318,-1.019398,0.0035284,-0.9123229,0.0452663,0.4069464
1788248761188433664,OK,1,0,11.9573,0.329125,0,693,0,-1.769319,-0.059916,-1.022543,0.0036158,-0.9097636,0.0449958,0.4126652
1788248761221776640,OK,1,0,11.6049,0.330625,0,665,0,-1.779034,-0.059215,-1.022329,0.0040148,-0.9073334,0.0443731,0.4180444
1788248761255119616,OK,1,0,12.0195,0.335417,0,742,0,-1.787689,-0.059348,-1.022592,0.0043127,-0.9049226,0.0440046,0.4232732
1788248761288462592,OK,1,0,11.8191,0.345209,0,695,0,-1.797971,-0.058130,-1.026068,0.0042244,-0.9022093,0.0440395,0.4290233
1788248761321805824,OK,1,0,12.3578,0.361125,0,862,0,-1.812104,-0.057661,-1.024644,0.0041152,-0.8999043,0.0439360,0.4338492
1788248761355148800,OK,1,0,12.6773,0.338125,0,757,0,-1.817376,-0.056421,-1.028905,0.0041689,-0.8969833,0.0438446,0.4398650
1788248761388492288,OK,1,0,13.8492,0.354083,0,701,0,-1.829404,-0.056264,-1.031835,0.0041488,-0.8941854,0.0438413,0.4455258
1788248761421835520,OK,1,0,12.6232,0.3555,0,911,0,-1.841770,-0.056372,-1.033542,0.0045229,-0.8914912,0.0433893,0.4509329
1788248761455177472,OK,1,0,13.2345,0.330959,0,815,0,-1.851701,-0.055620,-1.036586,0.0042109,-0.8885209,0.0432468,0.4567741
1788248761488520704,OK,1,0,13.1034,0.338708,0,750,0,-1.860696,-0.054573,-1.039184,0.0039879,-0.8855301,0.0431734,0.4625545
1788248761521863936,OK,1,0,12.7742,0.323917,0,794,0,-1.871436,-0.054090,-1.038743,0.0039584,-0.8825165,0.0428353,0.4683098
1788248761555207168,OK,1,0,13.0291,0.3135,0,761,0,-1.878543,-0.055595,-1.041371,0.0042756,-0.8794491,0.0423967,0.4740819
1788248761588550656,OK,1,0,12.6179,0.331125,0,793,0,-1.893178,-0.055061,-1.041555,0.0045790,-0.8763662,0.0421263,0.4797779
1788248761621894144,OK,1,0,13.1124,0.341458,0,793,0,-1.904777,-0.055303,-1.044479,0.0047325,-0.8732875,0.0416966,0.4853947
1788248761655237376,OK,1,0,13.3521,0.334375,0,831,0,-1.915812,-0.053742,-1.046181,0.0047103,-0.8701289,0.0416808,0.4910360
1788248761721924352,OK,1,0,13.8921,0.31625,0,944,0,-1.944583,-0.054111,-1.041872,0.0050741,-0.8639963,0.0416786,0.5017444
1788248761755267584,OK,1,0,14.5377,0.32025,0,872,0,-1.956729,-0.052041,-1.042308,0.0054589,-0.8606725,0.0412859,0.5074531
1788248761788610304,OK,1,0,14.4513,0.345625,0,846,0,-1.968668,-0.051782,-1.043898,0.0053731,-0.8574140,0.0407033,0.5129869
1788248761821952768,OK,1,0,14.0688,0.343083,0,838,0,-1.982073,-0.051579,-1.045053,0.0051728,-0.8538190,0.0404131,0.5189732
1788248761855295744,OK,1,0,15.3316,0.317625,0,1058,0,-1.989844,-0.051200,-1.044555,0.0051207,-0.8502560,0.0404346,0.5247890
1788248761888637184,OK,1,0,15.9504,0.336042,0,1109,0,-2.005125,-0.050731,-1.044517,0.0051981,-0.8467808,0.0403669,0.5303827
1788248761921979904,OK,1,0,15.9156,0.335125,0,1060,0,-2.021551,-0.050296,-1.044601,0.0051038,-0.8432950,0.0400236,0.5359344
1788248761955322624,OK,1,0,15.5973,0.336916,0,1044,0,-2.032452,-0.050126,-1.043051,0.0048367,-0.8397632,0.0397366,0.5414753
1788248761988665344,OK,1,0,16.0826,0.3375,0,1054,0,-2.044724,-0.049067,-1.041080,0.0046871,-0.8360862,0.0394495,0.5471579
1788248762022008064,OK,1,0,15.9584,0.335167,0,1063,0,-2.057494,-0.048426,-1.039837,0.0046737,-0.8325324,0.0395474,0.5525432
1788248762055350784,OK,1,0,16.21,0.337208,0,1030,0,-2.070463,-0.048065,-1.038734,0.0047282,-0.8288481,0.0393614,0.5580674
1788248762088693504,OK,1,0,15.7926,0.323167,0,1059,0,-2.085143,-0.045754,-1.037144,0.0049541,-0.8253016,0.0391749,0.5633100
1788248762122036480,OK,1,0,15.8502,0.340916,0,1034,0,-2.096487,-0.045219,-1.037003,0.0050014,-0.8215309,0.0391068,0.5687993
1788248762155379200,OK,1,0,16.3948,0.346167,0,1018,0,-2.105609,-0.043303,-1.035904,0.0054983,-0.8177856,0.0393645,0.5741488
1788248762188722176,OK,1,0,15.459,0.332125,0,991,0,-2.114679,-0.045057,-1.035091,0.0058879,-0.8140596,0.0396254,0.5793982
1788248762222064896,OK,1,0,16.4058,0.34325,0,1055,0,-2.122689,-0.045071,-1.035188,0.0062634,-0.8101235,0.0396206,0.5848854
1788248762255407616,OK,1,0,16.5541,0.3405,0,1037,0,-2.130331,-0.044846,-1.032641,0.0063663,-0.8064708,0.0397915,0.5898991
1788248762288750848,OK,1,0,18.4162,0.319125,0,1038,0,-2.144342,-0.041609,-1.030825,0.0066895,-0.8025810,0.0399468,0.5951666
1788248762322092800,OK,1,0,17.1392,0.342084,0,1068,0,-2.153329,-0.040317,-1.028509,0.0069591,-0.7987614,0.0401655,0.6002654
1788248762355435520,OK,1,0,16.082,0.342917,0,1014,0,-2.165308,-0.038973,-1.030871,0.0071531,-0.7943636,0.0401903,0.6060694
1788248762388778496,OK,1,0,16.5633,0.335,0,1040,0,-2.175756,-0.035983,-1.026126,0.0072140,-0.7904241,0.0401023,0.6112034
1788248762422121472,OK,1,0,18.2861,0.343708,0,1057,0,-2.187330,-0.034157,-1.024507,0.0071907,-0.7862442,0.0399550,0.6165809
1788248762455464704,OK,1,0,16.9755,0.302833,0,1022,0,-2.198873,-0.032045,-1.020186,0.0072786,-0.7821163,0.0398126,0.6218169
1788248762488807680,OK,1,0,17.019,0.327791,0,1073,0,-2.208026,-0.032688,-1.020145,0.0074959,-0.7778884,0.0396911,0.6271029
1788248762522150656,OK,1,0,17.3402,0.324125,0,1047,0,-2.216536,-0.031986,-1.020510,0.0080376,-0.7734069,0.0396691,0.6326165
1788248762555493632,OK,1,0,17.3124,0.337334,0,1081,0,-2.225355,-0.031722,-1.015249,0.0082931,-0.7694320,0.0397663,0.6374357
1788248762588836864,OK,1,0,18.2489,0.335,0,1056,0,-2.234700,-0.030113,-1.014472,0.0085737,-0.7648619,0.0398155,0.6429055
1788248762622179840,OK,1,0,17.5808,0.331292,0,1108,0,-2.246118,-0.027622,-1.008464,0.0087653,-0.7607591,0.0397935,0.6477540
1788248762655523072,OK,1,0,17.7293,0.333042,0,1065,0,-2.256424,-0.025961,-1.003435,0.0090313,-0.7566879,0.0399138,0.6524943
1788248762688866304,OK,1,0,18.1035,0.331583,0,1089,0,-2.261406,-0.027525,-1.001530,0.0089811,-0.7521648,0.0398117,0.6577100
1788248762722209536,OK,1,0,17.8693,0.319416,0,1135,0,-2.270243,-0.027557,-0.996959,0.0090055,-0.7479009,0.0398854,0.6625499
1788248762755552512,OK,1,0,17.447,0.342208,0,1092,0,-2.279986,-0.026343,-0.994306,0.0092655,-0.7433351,0.0398885,0.6676646
1788248762788891904,OK,1,0,20.1348,0.326,0,1125,0,-2.288184,-0.026921,-0.990857,0.0095628,-0.7389371,0.0396164,0.6725408
1788248762822232320,OK,1,0,17.6256,0.34325,0,1080,0,-2.296491,-0.024974,-0.989233,0.0099012,-0.7343020,0.0397966,0.6775830
1788248762855572736,OK,1,0,17.244,0.330291,0,1079,0,-2.304063,-0.025385,-0.986290,0.0099087,-0.7296588,0.0398485,0.6825774
1788248762888913152,OK,1,0,17.5194,0.320833,0,1071,0,-2.312950,-0.025208,-0.983403,0.0099273,-0.7249259,0.0398037,0.6876042
1788248762922253312,OK,1,0,17.5652,0.322583,0,1094,0,-2.323704,-0.023222,-0.982204,0.0101933,-0.7199370,0.0395236,0.6928382
1788248762955593728,OK,1,0,18.08,0.338,0,1103,0,-2.333380,-0.023879,-0.978693,0.0102894,-0.7152598,0.0390398,0.6976915
1788248762988934144,OK,1,0,18.2429,0.345375,0,1109,0,-2.342448,-0.022024,-0.975513,0.0105607,-0.7103090,0.0389666,0.7027312
1788248763022274560,OK,1,0,17.9106,0.326042,0,1101,0,-2.349497,-0.022587,-0.973745,0.0105165,-0.7054589,0.0388364,0.7076079
1788248763055614976,OK,1,0,20.3893,0.33225,0,1082,0,-2.358417,-0.022517,-0.966716,0.0107724,-0.7008889,0.0387687,0.7121347
1788248763088955392,OK,1,0,18.6123,0.331042,0,1089,0,-2.367963,-0.020622,-0.964887,0.0112937,-0.6961980,0.0384045,0.7167329
1788248763122295552,OK,1,0,18.5841,0.319792,0,1092,0,-2.375809,-0.020603,-0.960264,0.0121067,-0.6919253,0.0382390,0.7208541
1788248763155635712,OK,1,0,18.2749,0.365917,0,1094,0,-2.382607,-0.021314,-0.957473,0.0126775,-0.6880119,0.0383757,0.7245731
1788248763188976128,OK,1,0,18.8522,0.336125,0,1084,0,-2.393672,-0.022922,-0.955739,0.0130441,-0.6841444,0.0384876,0.7282136
1788248763222315520,OK,1,0,18.3717,0.331041,0,1075,0,-2.402426,-0.024337,-0.953851,0.0129683,-0.6806288,0.0380620,0.7315241
1788248763255655680,OK,1,0,18.5437,0.328958,0,1126,0,-2.415456,-0.024582,-0.948203,0.0125488,-0.6782276,0.0381357,0.7337544
1788248763288996096,OK,1,0,18.6604,0.321709,0,1085,0,-2.430745,-0.025390,-0.946272,0.0120842,-0.6764082,0.0380111,0.7354462
1788248763322336256,OK,1,0,18.5471,0.361667,0,1052,0,-2.445151,-0.025499,-0.944034,0.0115253,-0.6753607,0.0379815,0.7364187
1788248763355676416,OK,1,0,21.0395,0.347542,0,1067,0,-2.456769,-0.026739,-0.945681,0.0114076,-0.6740490,0.0375039,0.7376458
1788248763389016832,OK,1,0,18.8334,0.31275,0,1057,0,-2.466830,-0.025662,-0.944038,0.0118885,-0.6727841,0.0374942,0.7387926
1788248763422356992,OK,1,0,20.0073,0.334959,0,1060,0,-2.482092,-0.025346,-0.943613,0.0124217,-0.6721995,0.0373600,0.7393224
1788248763455697152,OK,1,0,18.5449,0.318042,0,1042,0,-2.494798,-0.026406,-0.944186,0.0128046,-0.6722900,0.0372540,0.7392390
1788248763489037568,OK,1,0,19.5477,0.344583,0,1057,0,-2.503957,-0.026892,-0.939459,0.0130294,-0.6727286,0.0374469,0.7388263
1788248763522377728,OK,1,0,20.5095,0.29525,0,1058,0,-2.518677,-0.027560,-0.940184,0.0125286,-0.6721362,0.0378271,0.7393545
1788248763555718144,OK,1,0,19.1147,0.326125,0,1052,0,-2.532658,-0.028050,-0.939399,0.0114777,-0.6719382,0.0379357,0.7395459
1788248763589058048,OK,1,0,18.1994,0.344708,0,1064,0,-2.547778,-0.025621,-0.937208,0.0108278,-0.6717209,0.0380074,0.7397495
1788248763622398208,OK,1,0,18.689,0.333792,0,1051,0,-2.562027,-0.025563,-0.936106,0.0102703,-0.6714334,0.0378652,0.7400256
1788248763655737600,OK,1,0,18.6795,0.329417,0,1088,0,-2.576781,-0.026364,-0.936012,0.0101289,-0.6714727,0.0375199,0.7400095
1788248763689077760,OK,1,0,18.6873,0.340625,0,1019,0,-2.590747,-0.026775,-0.937672,0.0103864,-0.6714563,0.0373994,0.7400270
1788248763722417664,OK,1,0,18.7525,0.331208,0,1064,0,-2.604114,-0.027599,-0.939057,0.0105139,-0.6712114,0.0373561,0.7402495
1788248763755758080,OK,1,0,18.313,0.318458,0,1032,0,-2.613718,-0.029258,-0.935688,0.0106296,-0.6712750,0.0374151,0.7401872
1788248763789098496,OK,1,0,18.4331,0.334375,0,1038,0,-2.625302,-0.028867,-0.934692,0.0109392,-0.6708585,0.0380479,0.7405280
1788248763822438912,OK,1,0,20.6999,0.333333,0,1031,0,-2.638932,-0.028368,-0.932334,0.0108355,-0.6707001,0.0383642,0.7406566
1788248763855779328,OK,1,0,18.7073,0.329458,0,1044,0,-2.652318,-0.029329,-0.931394,0.0105380,-0.6706849,0.0383977,0.7406729
1788248763889119744,OK,1,0,18.2889,0.324875,0,1019,0,-2.665010,-0.029585,-0.929531,0.0105967,-0.6707851,0.0386903,0.7405662
1788248763922460160,OK,1,0,18.368,0.333166,0,1041,0,-2.679848,-0.027991,-0.929893,0.0104855,-0.6708638,0.0388069,0.7404903
1788248763955800576,OK,1,0,18.3941,0.340083,0,1013,0,-2.691900,-0.027160,-0.927503,0.0102408,-0.6708014,0.0393220,0.7405231
1788248763989140992,OK,1,0,18.4874,0.335875,0,996,0,-2.705211,-0.029160,-0.925317,0.0096051,-0.6703703,0.0391993,0.7409285
1788248764022481408,OK,1,0,18.458,0.335417,0,1045,0,-2.720808,-0.028724,-0.922875,0.0091303,-0.6704057,0.0389951,0.7409132
1788248764055821824,OK,1,0,18.3265,0.324916,0,1013,0,-2.733405,-0.027578,-0.922700,0.0094178,-0.6705937,0.0389199,0.7407434
1788248764089161984,OK,1,0,18.6537,0.335792,0,1012,0,-2.746983,-0.028502,-0.921092,0.0091962,-0.6706793,0.0387620,0.7406769
1788248764122501376,OK,1,0,19.4586,0.308708,0,1012,0,-2.758995,-0.028171,-0.920758,0.0087607,-0.6702326,0.0386254,0.7410935
1788248764155841792,OK,1,0,19.5042,0.327333,0,1045,0,-2.772138,-0.027900,-0.918772,0.0084363,-0.6696715,0.0386772,0.7416017
1788248764189182208,OK,1,0,19.1552,0.320708,0,1011,0,-2.787253,-0.027858,-0.917213,0.0081566,-0.6694564,0.0384148,0.7418126
1788248764222522368,OK,1,0,18.4222,0.281041,0,1008,0,-2.800206,-0.026756,-0.916739,0.0082936,-0.6695992,0.0386575,0.7416696
1788248764255862784,OK,1,0,19.437,0.336208,0,1043,0,-2.814366,-0.028088,-0.915348,0.0085542,-0.6698892,0.0387314,0.7414008
1788248764289203200,OK,1,0,18.3855,0.329459,0,1030,0,-2.827877,-0.029608,-0.913813,0.0082209,-0.6699677,0.0383739,0.7413523
1788248764322543360,OK,1,0,18.942,0.331375,0,1059,0,-2.839304,-0.030242,-0.910561,0.0079350,-0.6698725,0.0383809,0.7414410
1788248764355883776,OK,1,0,19.1917,0.340542,0,1006,0,-2.850785,-0.030808,-0.907633,0.0076952,-0.6698499,0.0385347,0.7414561
1788248764389223936,OK,1,0,18.9528,0.334292,0,982,0,-2.863937,-0.030355,-0.906735,0.0074509,-0.6699148,0.0386913,0.7413918
1788248764422564096,OK,1,0,19.1024,0.3445,0,1021,0,-2.877967,-0.030516,-0.907204,0.0077436,-0.6698449,0.0388788,0.7414421
1788248764455904512,OK,1,0,18.237,0.32875,0,992,0,-2.891707,-0.030324,-0.906915,0.0079415,-0.6698840,0.0385655,0.7414211
1788248764489244928,OK,1,0,19.036,0.367625,0,1031,0,-2.903800,-0.031085,-0.906274,0.0078190,-0.6695424,0.0381854,0.7417504
1788248764522585088,OK,1,0,19.4721,0.3495,0,1019,0,-2.915763,-0.031033,-0.903211,0.0081314,-0.6691157,0.0386347,0.7421088
1788248764555924224,OK,1,0,18.2346,0.329292,0,967,0,-2.927979,-0.031512,-0.901838,0.0081942,-0.6688517,0.0386939,0.7423429
1788248764589264384,OK,1,0,18.9694,0.343084,0,1010,0,-2.939485,-0.032359,-0.900696,0.0083521,-0.6690175,0.0386846,0.7421923
1788248764622604800,OK,1,0,18.3564,0.326125,0,976,0,-2.952760,-0.032958,-0.899979,0.0086391,-0.6690779,0.0387567,0.7421308
1788248764655944704,OK,1,0,18.2774,0.317916,0,948,0,-2.964275,-0.032488,-0.900101,0.0084009,-0.6688854,0.0383532,0.7423280
1788248764689285120,OK,1,0,18.4638,0.329792,0,1020,0,-2.978518,-0.033215,-0.896595,0.0079382,-0.6689617,0.0380853,0.7422781
1788248764722625280,OK,1,0,18.665,0.328958,0,1002,0,-2.990337,-0.034866,-0.892331,0.0073722,-0.6689520,0.0379134,0.7423015
1788248764755965696,OK,1,0,18.4542,0.344583,0,1000,0,-3.004528,-0.034347,-0.889681,0.0069102,-0.6690428,0.0376986,0.7422351
1788248764789306368,OK,1,0,20.1792,0.325125,0,992,0,-3.018169,-0.034347,-0.887988,0.0068041,-0.6690294,0.0374650,0.7422599
1788248764822647296,OK,1,0,18.2094,0.309375,0,1027,0,-3.032654,-0.035184,-0.887712,0.0063376,-0.6688220,0.0370840,0.7424701
1788248764855987968,OK,1,0,17.7941,0.337417,0,1000,0,-3.048421,-0.036204,-0.886640,0.0053883,-0.6677932,0.0363290,0.7434403
1788248764889328896,OK,1,0,18.2652,0.323084,0,1020,0,-3.062597,-0.035019,-0.881740,0.0050900,-0.6665620,0.0365326,0.7445365
1788248764922669568,OK,1,0,19.7248,0.311375,0,1170,0,-3.074800,-0.034795,-0.879143,0.0048207,-0.6654565,0.0366003,0.7455232
1788248764956010752,OK,1,0,19.114,0.316,0,1138,0,-3.086660,-0.035421,-0.877381,0.0046944,-0.6644265,0.0367601,0.7464343
1788248764989351680,OK,1,0,19.1668,0.339792,0,1110,0,-3.099034,-0.036990,-0.875033,0.0047095,-0.6625106,0.0371304,0.7481169
1788248765022691328,OK,1,0,19.7576,0.345417,0,1114,0,-3.109185,-0.036498,-0.871792,0.0051382,-0.6603368,0.0367581,0.7500519
1788248765056032256,OK,1,0,19.5605,0.349625,0,1118,0,-3.121572,-0.036509,-0.867462,0.0053498,-0.6581752,0.0364846,0.7519612
1788248765089372928,OK,1,0,19.1469,0.322583,0,1093,0,-3.133965,-0.036549,-0.860072,0.0050091,-0.6562638,0.0363726,0.7536377
1788248765122713856,OK,1,0,20.5099,0.318166,0,1462,0,-3.149379,-0.035747,-0.856130,0.0046109,-0.6535780,0.0364602,0.7559664
1788248765156054784,OK,1,0,20.0783,0.342458,0,1159,0,-3.161712,-0.035767,-0.852621,0.0041368,-0.6503906,0.0363946,0.7587162
1788248765189395456,OK,1,0,18.293,0.34325,0,1007,0,-3.174802,-0.035252,-0.845548,0.0038858,-0.6475379,0.0362110,0.7611625
1788248765222736128,OK,1,0,18.1735,0.34275,0,1001,0,-3.187231,-0.036253,-0.841969,0.0037059,-0.6441754,0.0363092,0.7640066
1788248765256076800,OK,1,0,17.655,0.340959,0,976,0,-3.199406,-0.036094,-0.837199,0.0040558,-0.6408728,0.0359591,0.7667936
1788248765289417728,OK,1,0,20.597,0.337792,0,971,0,-3.209906,-0.035637,-0.833609,0.0042673,-0.6372451,0.0356785,0.7698231
1788248765322758656,OK,1,0,17.3758,0.351625,0,956,0,-3.221164,-0.035211,-0.823662,0.0041472,-0.6340108,0.0351364,0.7725145
1788248765356099328,OK,1,0,17.6776,0.34875,0,956,0,-3.234215,-0.034976,-0.817230,0.0036248,-0.6302733,0.0346095,0.7755930
1788248765389440256,OK,1,0,17.5575,0.348834,0,953,0,-3.246976,-0.035510,-0.810700,0.0027672,-0.6264887,0.0348839,0.7786447
1788248765422780928,OK,1,0,17.9722,0.332333,0,933,0,-3.257740,-0.034987,-0.801782,0.0024222,-0.6228050,0.0350792,0.7815865
1788248765456120576,OK,1,0,17.4855,0.325458,0,930,0,-3.269598,-0.036386,-0.793375,0.0020886,-0.6189171,0.0342609,0.7847061
1788248765489461504,OK,1,0,18.1115,0.415459,0,923,0,-3.279828,-0.035216,-0.787421,0.0020146,-0.6150925,0.0337715,0.7877288
1788248765522802176,OK,1,0,19.4522,0.334959,0,940,0,-3.288693,-0.035070,-0.778543,0.0018164,-0.6113657,0.0337541,0.7906259
1788248765556142848,OK,1,0,18.1574,0.326041,0,927,0,-3.299121,-0.033423,-0.772589,0.0021008,-0.6073158,0.0341474,0.7937235
1788248765589483520,OK,1,0,21.0201,0.330583,0,933,0,-3.310216,-0.033073,-0.765128,0.0025059,-0.6032333,0.0334244,0.7968601
1788248765622824448,OK,1,0,18.1728,0.336334,0,947,0,-3.320302,-0.032088,-0.757775,0.0026649,-0.5992189,0.0329686,0.7999017
1788248765656165120,OK,1,0,17.5711,0.335541,0,922,0,-3.331865,-0.032590,-0.747792,0.0019652,-0.5953293,0.0327650,0.8028111
1788248765689505792,OK,1,0,18.6208,0.394334,0,960,0,-3.342164,-0.030727,-0.736946,0.0015170,-0.5914395,0.0329454,0.8056747
1788248765722846720,OK,1,0,18.1241,0.338083,0,946,0,-3.353774,-0.027639,-0.728721,0.0015194,-0.5870575,0.0324877,0.8088917
1788248765756187136,OK,1,0,19.485,0.321083,0,941,0,-3.362443,-0.026354,-0.718488,0.0017715,-0.5832255,0.0316160,0.8116929
1788248765789528064,OK,1,0,18.6289,0.356458,0,932,0,-3.374084,-0.025205,-0.711974,0.0016526,-0.5791744,0.0315688,0.8145905
1788248765822868736,OK,1,0,18.0046,0.326917,0,933,0,-3.384622,-0.023581,-0.703769,0.0017388,-0.5752508,0.0315813,0.8173653
1788248765856209408,OK,1,0,19.7167,0.358958,0,928,0,-3.392554,-0.022367,-0.693911,0.0019247,-0.5711924,0.0314288,0.8202121
1788248765889549056,OK,1,0,20.9418,0.34,0,954,0,-3.402325,-0.021020,-0.685509,0.0020970,-0.5670794,0.0312939,0.8230658
1788248765922889984,OK,1,0,19.5392,0.33325,0,1781,0,-3.412709,-0.018520,-0.678858,0.0023968,-0.5627614,0.0308091,0.8260415
1788248765956230400,OK,1,0,20.6517,0.354375,0,1491,0,-3.422449,-0.016378,-0.668277,0.0022007,-0.5588148,0.0305894,0.8287252
1788248765989571328,OK,1,0,20.7512,0.306917,0,1486,0,-3.432149,-0.014982,-0.657712,0.0015946,-0.5549437,0.0308541,0.8313140
1788248766022911744,OK,1,0,20.2684,0.324084,0,1438,0,-3.441734,-0.013772,-0.647195,0.0013433,-0.5513698,0.0307438,0.8336931
1788248766056252672,OK,1,0,19.7675,0.302041,0,1429,0,-3.450326,-0.012404,-0.637395,0.0013300,-0.5479234,0.0308697,0.8359577
1788248766089593344,OK,1,0,22.7235,0.369125,0,1402,0,-3.460021,-0.012226,-0.630272,0.0014492,-0.5443023,0.0311266,0.8383102
1788248766122933760,OK,1,0,38.493,0.328417,0,1498,0,-3.461731,-0.001717,-0.606209,0.0026039,-0.5423547,0.0330532,0.8394951
1788248766156274688,OK,1,0,19.5924,0.418458,0,1498,0,-3.469420,-0.000480,-0.597445,0.0029078,-0.5389447,0.0331588,0.8416832
1788248766189615360,OK,1,0,21.0399,0.368834,0,1490,0,-3.476440,-0.001928,-0.585318,0.0028983,-0.5357717,0.0329737,0.8437138
1788248766222955776,OK,1,0,19.9516,0.361375,0,1484,0,-3.485994,-0.001425,-0.574896,0.0028235,-0.5325995,0.0326275,0.8457336
1788248766256296704,OK,1,0,19.12,0.343458,0,1477,0,-3.496576,-0.000145,-0.566784,0.0028234,-0.5296191,0.0323713,0.8476130
1788248766289637120,OK,1,0,19.7843,0.339875,0,1598,0,-3.505243,0.000735,-0.556360,0.0023634,-0.5265663,0.0320273,0.8495273
1788248766322977792,OK,1,0,19.46,0.3315,0,1490,0,-3.516901,0.000945,-0.546523,0.0017064,-0.5233446,0.0320430,0.8515168
1788248766356317440,OK,1,0,19.5271,0.335084,0,1376,0,-3.525924,0.001574,-0.534754,0.0013897,-0.5206279,0.0320051,0.8531825
1788248766389657856,OK,1,0,19.8513,0.34975,0,1339,0,-3.536597,-0.000099,-0.527035,0.0010019,-0.5182394,0.0317032,0.8546473
1788248766422998528,OK,1,0,17.9798,0.357625,0,1325,0,-3.547528,0.000506,-0.519546,0.0009803,-0.5166094,0.0318994,0.8556262
1788248766456339456,OK,1,0,19.2658,0.336917,0,1301,0,-3.558449,0.002815,-0.511627,0.0012906,-0.5156285,0.0321907,0.8562064
1788248766489679872,OK,1,0,20.2852,0.357916,0,1271,0,-3.568799,0.002884,-0.504884,0.0017034,-0.5150847,0.0319770,0.8565409
1788248766523020544,OK,1,0,19.3135,0.339875,0,1259,0,-3.580100,0.003223,-0.499274,0.0016943,-0.5139492,0.0315190,0.8572397
1788248766556360960,OK,1,0,18.5035,0.341917,0,1251,0,-3.588675,0.003296,-0.491646,0.0014062,-0.5140250,0.0319188,0.8571800
1788248766589701632,OK,1,0,20.433,0.321167,0,1244,0,-3.601957,0.003869,-0.485592,0.0017079,-0.5140825,0.0319368,0.8571444
1788248766623042304,OK,1,0,19.1375,0.364708,0,1210,0,-3.613582,0.004923,-0.479968,0.0017727,-0.5138365,0.0322018,0.8572817
1788248766656382720,OK,1,0,18.438,0.375333,0,1225,0,-3.624819,0.004580,-0.473478,0.0021640,-0.5134570,0.0323981,0.8575008
1788248766689723392,OK,1,0,20.7502,0.345709,0,1199,0,-3.637209,0.005302,-0.468299,0.0026211,-0.5132774,0.0323909,0.8576074
1788248766723063808,OK,1,0,18.7195,0.335792,0,1214,0,-3.646888,0.006157,-0.463516,0.0027700,-0.5134164,0.0326465,0.8575139
1788248766756404224,OK,1,0,18.6348,0.337,0,1207,0,-3.659080,0.005934,-0.456473,0.0030356,-0.5131307,0.0329377,0.8576729
1788248766789743872,OK,1,0,18.7515,0.363042,0,1194,0,-3.670825,0.005769,-0.452676,0.0031060,-0.5127640,0.0325595,0.8579063
1788248766823084544,OK,1,0,18.0881,0.349541,0,1179,0,-3.682686,0.008380,-0.445713,0.0031437,-0.5128755,0.0323637,0.8578470
1788248766856424960,OK,1,0,17.4064,0.323292,0,1193,0,-3.695015,0.007726,-0.439196,0.0032910,-0.5128958,0.0320492,0.8578461
1788248766889765632,OK,1,0,17.6461,0.323375,0,1153,0,-3.706191,0.008582,-0.432422,0.0032283,-0.5131692,0.0321856,0.8576778
1788248766923106304,OK,1,0,19.5147,0.358416,0,2556,0,-3.717789,0.009277,-0.426326,0.0032441,-0.5131548,0.0321992,0.8576857
1788248766956446720,OK,1,0,22.4029,0.346292,0,2007,0,-3.729288,0.010253,-0.419517,0.0035056,-0.5128658,0.0323241,0.8578529
1788248766989787392,OK,1,0,23.0597,0.346625,0,1909,0,-3.738803,0.010517,-0.412302,0.0034803,-0.5130542,0.0324292,0.8577364
1788248767023127808,OK,1,0,23.8347,0.326917,0,1887,0,-3.750305,0.010127,-0.406963,0.0037508,-0.5128230,0.0324713,0.8578719
1788248767056468224,OK,1,0,29.3218,0.333375,0,1892,0,-3.754423,0.010628,-0.394603,0.0042224,-0.5136066,0.0326434,0.8573942
1788248767089808896,OK,1,0,22.9476,0.301875,0,1888,0,-3.767871,0.009032,-0.391006,0.0039904,-0.5126632,0.0324959,0.8579653
1788248767123149056,OK,1,0,20.517,0.335625,0,1859,0,-3.778036,0.007915,-0.384771,0.0039980,-0.5114477,0.0324824,0.8586910
1788248767156489728,OK,1,0,20.7852,0.322416,0,1857,0,-3.787768,0.006835,-0.376994,0.0037619,-0.5102199,0.0322767,0.8594298
1788248767189830400,OK,1,0,20.725,0.346708,0,1668,0,-3.798986,0.008242,-0.368694,0.0034918,-0.5089310,0.0322430,0.8601962
1788248767223169792,OK,1,0,19.4469,0.358125,0,1564,0,-3.809952,0.009372,-0.361501,0.0034145,-0.5067544,0.0320305,0.8614885
1788248767256510208,OK,1,0,19.023,0.331875,0,1545,0,-3.819291,0.007948,-0.353467,0.0032118,-0.5044955,0.0317590,0.8628241
1788248767289850624,OK,1,0,19.4812,0.372709,0,1521,0,-3.830002,0.007823,-0.344113,0.0031753,-0.5022803,0.0316194,0.8641207
1788248767323191040,OK,1,0,20.278,0.344209,0,1454,0,-3.839583,0.009223,-0.334666,0.0028020,-0.4996574,0.0318019,0.8656346
1788248767356531456,OK,1,0,18.5693,0.334375,0,1432,0,-3.848942,0.009613,-0.325491,0.0025995,-0.4969591,0.0318283,0.8671862
1788248767389871872,OK,1,0,18.2738,0.358333,0,1431,0,-3.859037,0.010537,-0.316667,0.0027914,-0.4943858,0.0317603,0.8686576
1788248767423212288,OK,1,0,19.7992,0.351541,0,1397,0,-3.867482,0.010634,-0.307849,0.0027832,-0.4920355,0.0319809,0.8699831
1788248767456552704,OK,1,0,20.8072,0.345625,0,1383,0,-3.876390,0.009780,-0.298980,0.0028018,-0.4890089,0.0319786,0.8716879
1788248767489893120,OK,1,0,18.9483,0.352167,0,1353,0,-3.885943,0.011945,-0.289537,0.0030728,-0.4856139,0.0314576,0.8736018
1788248767523233280,OK,1,0,18.4417,0.33675,0,1300,0,-3.894536,0.012933,-0.278959,0.0031297,-0.4824840,0.0310564,0.8753484
1788248767556573952,OK,1,0,19.1014,0.346625,0,1271,0,-3.903634,0.014243,-0.269279,0.0028258,-0.4794472,0.0313590,0.8770058
1788248767589914368,OK,1,0,17.2578,0.310958,0,1241,0,-3.912229,0.013702,-0.258603,0.0026926,-0.4762382,0.0316860,0.8787411
1788248767623254528,OK,1,0,17.2107,0.3735,0,1227,0,-3.920472,0.015040,-0.246862,0.0026606,-0.4724740,0.0312604,0.8807861
1788248767656594944,OK,1,0,20.971,0.343459,0,1184,0,-3.929277,0.016444,-0.238621,0.0028860,-0.4689297,0.0306817,0.8826977
1788248767689934336,OK,1,0,17.6574,0.324209,0,1140,0,-3.938071,0.015769,-0.230056,0.0029566,-0.4658088,0.0307398,0.8843464
1788248767723274752,OK,1,0,18.8419,0.332834,0,1131,0,-3.945596,0.016645,-0.218913,0.0032443,-0.4623732,0.0311293,0.8861329
1788248767756614912,OK,1,0,18.9091,0.35225,0,1118,0,-3.954604,0.017520,-0.208663,0.0033654,-0.4584884,0.0307631,0.8881615
1788248767789955584,OK,1,0,16.7066,0.3545,0,1128,0,-3.963125,0.018422,-0.198498,0.0035659,-0.4554347,0.0303265,0.8897454
1788248767823296256,OK,1,0,16.259,0.347625,0,1079,0,-3.970513,0.020424,-0.187795,0.0034412,-0.4520764,0.0302902,0.8914582
1788248767856636928,OK,1,0,18.1182,0.397833,0,1049,0,-3.978407,0.022188,-0.176019,0.0032674,-0.4487073,0.0306952,0.8931456
1788248767889977600,OK,1,0,15.9605,0.339208,0,1026,0,-3.987185,0.023595,-0.165354,0.0032048,-0.4449851,0.0301183,0.8950256
1788248767923318016,OK,1,0,16.8994,0.327792,0,2310,0,-3.997035,0.026122,-0.155249,0.0034029,-0.4412910,0.0292665,0.8968803
1788248767956658688,OK,1,0,20.5407,0.34475,0,1805,0,-4.005706,0.027201,-0.145880,0.0034292,-0.4380382,0.0291030,0.8984786
1788248767989999360,OK,1,0,27.1185,0.360583,0,1754,0,-4.013505,0.026100,-0.133571,0.0030594,-0.4349023,0.0290507,0.9000037
1788248768023339776,OK,1,0,21.1703,0.322042,0,1724,0,-4.020701,0.026508,-0.122641,0.0029921,-0.4309058,0.0285360,0.9019406
1788248768056680448,OK,1,0,19.1275,0.358834,0,1708,0,-4.029757,0.027341,-0.112255,0.0026592,-0.4267967,0.0279689,0.9039111
1788248768090021120,OK,1,0,18.912,0.321542,0,1606,0,-4.036370,0.029025,-0.099979,0.0023488,-0.4233190,0.0279159,0.9055475
1788248768123360512,OK,1,0,21.3012,0.33675,0,1501,0,-4.043734,0.028225,-0.088259,0.0016769,-0.4197769,0.0278539,0.9071983
1788248768156701184,OK,1,0,17.7641,0.333125,0,1423,0,-4.049696,0.027719,-0.074977,0.0013013,-0.4160444,0.0278161,0.9089178
1788248768190041856,OK,1,0,16.7078,0.347375,0,1396,0,-4.056930,0.028497,-0.063436,0.0011912,-0.4121353,0.0274837,0.9107072
1788248768223382272,OK,1,0,17.1618,0.328459,0,1331,0,-4.065793,0.029868,-0.053874,0.0014739,-0.4082257,0.0271977,0.9124746
1788248768256722944,OK,1,0,17.0387,0.344458,0,1306,0,-4.071337,0.029128,-0.044064,0.0013110,-0.4045505,0.0271651,0.9141112
1788248768290063360,OK,1,0,16.4281,0.330959,0,1277,0,-4.077828,0.029337,-0.031352,0.0014913,-0.4008871,0.0272544,0.9157208
1788248768323403776,OK,1,0,19.4312,0.3595,0,1242,0,-4.084799,0.030352,-0.019962,0.0017268,-0.3968315,0.0268798,0.9174962
1788248768356744448,OK,1,0,16.6426,0.33725,0,1198,0,-4.092099,0.030961,-0.010364,0.0019750,-0.3928067,0.0263267,0.9192421
1788248768390084864,OK,1,0,18.2134,0.345625,0,1172,0,-4.099384,0.033841,0.002189,0.0018750,-0.3890268,0.0260527,0.9208561
1788248768423425536,OK,1,0,15.7825,0.341458,0,1134,0,-4.106493,0.034592,0.014595,0.0012676,-0.3850048,0.0260607,0.9225457
1788248768456765952,OK,1,0,20.2647,0.360708,0,1079,0,-4.112571,0.034822,0.027043,0.0008167,-0.3807729,0.0259012,0.9243054
1788248768490106368,OK,1,0,15.4756,0.3545,0,1033,0,-4.120585,0.034867,0.039504,0.0006368,-0.3768073,0.0253261,0.9259452
1788248768523447040,OK,1,0,17.7749,0.3675,0,1018,0,-4.127016,0.034135,0.050325,0.0003196,-0.3730470,0.0249513,0.9274768
1788248768556786432,OK,1,0,16.7526,0.3485,0,950,0,-4.132212,0.034219,0.060989,0.0002565,-0.3690020,0.0250770,0.9290902
1788248768590126848,OK,1,0,17.9789,0.32975,0,933,0,-4.139822,0.035033,0.072937,0.0002624,-0.3644150,0.0248414,0.9309052
1788248768623467264,OK,1,0,15.5054,0.350417,0,912,0,-4.146038,0.035402,0.083250,0.0002252,-0.3600318,0.0242396,0.9326251
1788248768656807936,OK,1,0,18.5041,0.341791,0,874,0,-4.153902,0.036719,0.094059,0.0001278,-0.3555407,0.0235673,0.9343636
1788248768690148096,OK,1,0,15.1292,0.325833,0,837,0,-4.162233,0.037637,0.105865,-0.0001460,-0.3510948,0.0234706,0.9360458
1788248768723488768,OK,1,0,15.0588,0.345625,0,826,0,-4.170528,0.039635,0.117755,-0.0000483,-0.3465671,0.0233569,0.9377344
1788248768756829184,OK,1,0,16.8538,0.344125,0,843,0,-4.178671,0.039205,0.127609,0.0003998,-0.3422460,0.0227457,0.9393349
1788248768790169600,OK,1,0,15.1038,0.329208,0,862,0,-4.188419,0.038915,0.136846,0.0010055,-0.3377884,0.0225977,0.9409502
1788248768823510016,OK,1,0,18.174,0.343,0,830,0,-4.194210,0.040775,0.145258,0.0018588,-0.3337396,0.0226710,0.9423908
1788248768856850688,OK,1,0,14.6265,0.343792,0,840,0,-4.202523,0.039219,0.155412,0.0024625,-0.3293204,0.0220677,0.9439571
1788248768890190848,OK,1,0,16.4278,0.340042,0,841,0,-4.204576,0.037178,0.166221,0.0026832,-0.3251061,0.0212519,0.9454349
1788248768923531520,OK,1,0,15.7338,0.355375,0,1691,0,-4.212162,0.038287,0.179667,0.0025967,-0.3207746,0.0205786,0.9469284
1788248768956872192,OK,1,0,19.2419,0.319375,0,1368,0,-4.218849,0.040833,0.194214,0.0020358,-0.3164538,0.0202470,0.9483896
1788248768990211328,OK,1,0,31.2545,0.349292,0,1352,0,-4.223421,0.041066,0.209289,0.0010170,-0.3122268,0.0202422,0.9497914
1788248769023551744,OK,1,0,17.4159,0.344291,0,1344,0,-4.226991,0.042262,0.223644,0.0003877,-0.3080437,0.0199483,0.9511630
1788248769056892416,OK,1,0,18.909,0.3495,0,1331,0,-4.232443,0.043629,0.235658,0.0004914,-0.3041497,0.0194500,0.9524255
1788248769090232576,OK,1,0,19.1017,0.34475,0,1576,0,-4.237640,0.043697,0.246847,0.0007431,-0.3004022,0.0193631,0.9536158
1788248769123572992,OK,1,0,18.4702,0.349458,0,1401,0,-4.242957,0.043809,0.258449,0.0012676,-0.2961863,0.0193789,0.9549327
1788248769156913664,OK,1,0,19.212,0.342042,0,1383,0,-4.246952,0.043649,0.269790,0.0016983,-0.2918758,0.0188361,0.9562693
1788248769190253824,OK,1,0,17.3237,0.341375,0,1292,0,-4.249989,0.044355,0.281644,0.0021463,-0.2874525,0.0181753,0.9576201
1788248769223594240,OK,1,0,17.6679,0.306458,0,1244,0,-4.254211,0.046154,0.295917,0.0021985,-0.2824702,0.0177129,0.9591100
1788248769256934656,OK,1,0,17.7877,0.364625,0,1236,0,-4.255895,0.046577,0.309570,0.0017699,-0.2771103,0.0178753,0.9606702
1788248769290274816,OK,1,0,17.5844,0.32775,0,1239,0,-4.259837,0.047691,0.324524,0.0013850,-0.2708725,0.0176800,0.9624519
1788248769323615232,OK,1,0,19.8854,0.3605,0,1204,0,-4.260643,0.046869,0.337619,0.0011162,-0.2652159,0.0170246,0.9640381
1788248769356955648,OK,1,0,18.1021,0.344375,0,1211,0,-4.262033,0.047650,0.350984,0.0013594,-0.2601116,0.0166006,0.9654349
1788248769390295808,OK,1,0,17.1121,0.338458,0,1215,0,-4.263078,0.046786,0.363820,0.0014859,-0.2545618,0.0161873,0.9669199
1788248769423636224,OK,1,0,19.4106,0.35825,0,1137,0,-4.265782,0.046985,0.376566,0.0015315,-0.2487048,0.0152684,0.9684578
1788248769456975616,OK,1,0,16.6319,0.348167,0,1104,0,-4.270733,0.048680,0.390116,0.0017342,-0.2430325,0.0146961,0.9699053
1788248769490316032,OK,1,0,18.6466,0.343042,0,1125,0,-4.271288,0.048286,0.403181,0.0016892,-0.2375447,0.0141840,0.9712716
1788248769523656192,OK,1,0,16.5484,0.352875,0,1068,0,-4.269589,0.049235,0.416648,0.0014022,-0.2319743,0.0137949,0.9726231
1788248769556996608,OK,1,0,17.9165,0.339458,0,1041,0,-4.273725,0.050241,0.433577,0.0010808,-0.2260600,0.0128115,0.9740285
1788248769590337024,OK,1,0,19.4512,0.31175,0,1035,0,-4.276752,0.051841,0.446359,0.0008722,-0.2204449,0.0122461,0.9753222
1788248769623676928,OK,1,0,16.7523,0.3465,0,1006,0,-4.277405,0.050417,0.460078,0.0005325,-0.2148277,0.0120637,0.9765773
1788248769657017344,OK,1,0,16.1343,0.328583,0,1020,0,-4.278937,0.052135,0.476070,0.0006280,-0.2088255,0.0119168,0.9778801
1788248769690357760,OK,1,0,19.3269,0.36675,0,1044,0,-4.279033,0.053762,0.489305,0.0010999,-0.2034668,0.0114229,0.9790146
1788248769723697664,OK,1,0,16.2252,0.338,0,1025,0,-4.281406,0.053822,0.503095,0.0013004,-0.1979527,0.0109795,0.9801492
1788248769757038080,OK,1,0,19.1376,0.338291,0,1050,0,-4.282598,0.054142,0.514975,0.0014165,-0.1922391,0.0107443,0.9812883
1788248769790378496,OK,1,0,17.1116,0.370375,0,1018,0,-4.281862,0.053506,0.527921,0.0010400,-0.1863914,0.0100053,0.9824241
1788248769823718656,OK,1,0,18.285,0.348,0,1042,0,-4.280825,0.054977,0.540585,0.0010810,-0.1809911,0.0092918,0.9834402
1788248769857059072,OK,1,0,17.2256,0.348375,0,1057,0,-4.280035,0.051930,0.553713,0.0008202,-0.1754436,0.0086694,0.9844510
1788248769890398464,OK,1,0,18.3056,0.358375,0,1065,0,-4.278413,0.051705,0.566337,0.0006076,-0.1697265,0.0082330,0.9854566
1788248769923738624,OK,1,0,17.2985,0.333042,0,1465,0,-4.279595,0.052019,0.582546,0.0005189,-0.1636522,0.0080177,0.9864854
1788248769957078784,OK,1,0,18.1967,0.329958,0,1317,0,-4.279307,0.052131,0.597049,0.0005301,-0.1579130,0.0077906,0.9874222
1788248769990419200,OK,1,0,18.9415,0.340208,0,1298,0,-4.276913,0.053508,0.611312,0.0001540,-0.1521144,0.0077038,0.9883329
1788248770023759616,OK,1,0,24.3084,0.340167,0,1322,0,-4.270496,0.054849,0.625060,-0.0001114,-0.1467924,0.0079354,0.9891355
1788248770057099520,OK,1,0,19.1328,0.324417,0,1345,0,-4.271584,0.054949,0.640843,-0.0002077,-0.1409128,0.0077154,0.9899920
1788248770090439936,OK,1,0,18.5595,0.32225,0,1324,0,-4.269835,0.054594,0.651801,0.0000395,-0.1352576,0.0070302,0.9907855
1788248770123780352,OK,1,0,21.2544,0.294,0,1540,0,-4.268846,0.053883,0.664771,0.0002758,-0.1298275,0.0068072,0.9915132
1788248770157120256,OK,1,0,20.752,0.352791,0,1365,0,-4.265964,0.052445,0.676675,0.0005271,-0.1242077,0.0064249,0.9922353
1788248770190460672,OK,1,0,19.0658,0.333167,0,1314,0,-4.262252,0.052426,0.688913,0.0009746,-0.1183655,0.0062310,0.9929501
1788248770223800832,OK,1,0,17.9848,0.332542,0,1303,0,-4.259774,0.051486,0.701916,0.0010007,-0.1126371,0.0053549,0.9936212
1788248770257140992,OK,1,0,18.7972,0.348917,0,1271,0,-4.255924,0.051295,0.714144,0.0006124,-0.1070818,0.0045667,0.9942396
1788248770290481152,OK,1,0,19.255,0.326125,0,1263,0,-4.255825,0.051421,0.729892,0.0001006,-0.1009382,0.0045105,0.9948825
1788248770323820288,OK,1,0,19.2783,0.322792,0,1362,0,-4.250804,0.051323,0.743286,0.0000112,-0.0951034,0.0045769,0.9954569
1788248770357160704,OK,1,0,20.1412,0.371042,0,1291,0,-4.248096,0.052837,0.757112,0.0000217,-0.0891327,0.0041361,0.9960112
1788248770390500608,OK,1,0,19.535,0.360667,0,1286,0,-4.247796,0.051990,0.773013,-0.0000518,-0.0833055,0.0037420,0.9965170
1788248770423840768,OK,1,0,19.2013,0.366167,0,1260,0,-4.242954,0.050420,0.784151,-0.0002488,-0.0773255,0.0033756,0.9970002
1788248770457181184,OK,1,0,20.4539,0.34575,0,1315,0,-4.238958,0.050412,0.797860,-0.0001619,-0.0714591,0.0030145,0.9974390
1788248770490521344,OK,1,0,26.7538,0.357666,0,1272,0,-4.239654,0.051932,0.814812,-0.0001786,-0.0653743,0.0026717,0.9978573
1788248770523861248,OK,1,0,21.5884,0.335583,0,1268,0,-4.232787,0.053251,0.826713,-0.0001333,-0.0599084,0.0025194,0.9982007
1788248770557201408,OK,1,0,18.8746,0.327959,0,1236,0,-4.228897,0.051727,0.839526,-0.0000876,-0.0541492,0.0018783,0.9985311
1788248770590541568,OK,1,0,20.148,0.344209,0,1503,0,-4.227459,0.051579,0.853512,0.0004820,-0.0485413,0.0014317,0.9988201
1788248770623881472,OK,1,0,19.2949,0.344209,0,1405,0,-4.227267,0.053394,0.866609,0.0011315,-0.0428189,0.0011670,0.9990816
1788248770657221632,OK,1,0,20.126,0.345417,0,1341,0,-4.223287,0.054840,0.879155,0.0015817,-0.0380922,0.0008557,0.9992726
1788248770690561792,OK,1,0,18.5376,0.34725,0,1319,0,-4.223161,0.053674,0.892248,0.0016458,-0.0333296,0.0004705,0.9994430
1788248770723901952,OK,1,0,21.0425,0.362125,0,1307,0,-4.219788,0.053873,0.904420,0.0018487,-0.0287165,0.0001128,0.9995859
1788248770757241856,OK,1,0,19.7707,0.316791,0,1450,0,-4.217772,0.054577,0.919073,0.0017738,-0.0251374,-0.0002217,0.9996824
1788248770790581760,OK,1,0,19.7965,0.321417,0,1317,0,-4.217221,0.055583,0.933739,0.0012931,-0.0229988,-0.0002407,0.9997346
1788248770823922432,OK,1,0,19.1917,0.378,0,1327,0,-4.215688,0.056500,0.947294,0.0012495,-0.0219414,0.0000112,0.9997585
1788248770857263104,OK,1,0,20.3451,0.326875,0,1297,0,-4.217305,0.056958,0.959830,0.0012378,-0.0210561,-0.0004868,0.9997774
1788248770890603776,OK,1,0,19.4413,0.325209,0,1404,0,-4.217975,0.058887,0.971302,0.0014086,-0.0207629,-0.0007839,0.9997831
1788248770923944704,OK,1,0,18.8007,0.34475,0,1340,0,-4.218989,0.058736,0.984888,0.0016863,-0.0201336,-0.0007642,0.9997956
1788248770957285120,OK,1,0,19.5411,0.341167,0,1455,0,-4.220459,0.057589,0.995971,0.0021394,-0.0195913,-0.0008632,0.9998055
1788248770990626048,OK,1,0,21.1862,0.360792,0,1377,0,-4.220381,0.059250,1.007926,0.0025247,-0.0198354,-0.0006852,0.9997998
1788248771023966464,OK,1,0,19.6977,0.322625,0,1337,0,-4.223915,0.059748,1.021955,0.0027516,-0.0196241,-0.0007356,0.9998034
1788248771057307136,OK,1,0,19.7345,0.342959,0,1355,0,-4.222522,0.059078,1.033483,0.0028505,-0.0194573,-0.0009156,0.9998062
1788248771090648064,OK,1,0,20.1152,0.347375,0,1371,0,-4.224130,0.061068,1.047809,0.0027175,-0.0192714,-0.0011012,0.9998100
1788248771123988480,OK,1,0,18.981,0.3375,0,1346,0,-4.222938,0.060459,1.060678,0.0027792,-0.0193471,-0.0009020,0.9998085
1788248771157329152,OK,1,0,19.9438,0.333958,0,1675,0,-4.220748,0.061713,1.071388,0.0029725,-0.0194279,-0.0007870,0.9998065
1788248771190669824,OK,1,0,21.5398,0.340708,0,1609,0,-4.220600,0.062654,1.085347,0.0027553,-0.0193564,-0.0006177,0.9998087
1788248771224009472,OK,1,0,19.2269,0.312667,0,1482,0,-4.220041,0.062458,1.097418,0.0029281,-0.0194074,-0.0007737,0.9998071
1788248771257350144,OK,1,0,19.8768,0.336583,0,1485,0,-4.221738,0.064089,1.109437,0.0031165,-0.0192607,-0.0006932,0.9998094
1788248771290690560,OK,1,0,19.832,0.327084,0,1450,0,-4.220408,0.065195,1.121572,0.0030077,-0.0190815,-0.0006593,0.9998132
1788248771324031232,OK,1,0,19.7831,0.35,0,1567,0,-4.222314,0.064674,1.138135,0.0030964,-0.0185640,-0.0003684,0.9998228
1788248771357371904,OK,1,0,19.879,0.323083,0,1510,0,-4.222480,0.065568,1.149077,0.0029609,-0.0186903,-0.0005394,0.9998208
1788248771390712320,OK,1,0,20.606,0.357625,0,1741,0,-4.224252,0.067257,1.162314,0.0028785,-0.0187697,-0.0009107,0.9998193
1788248771424053248,OK,1,0,20.2831,0.364458,0,1645,0,-4.228197,0.066193,1.178111,0.0025206,-0.0185814,-0.0012088,0.9998235
1788248771457393920,OK,1,0,21.4735,0.336375,0,1537,0,-4.227240,0.066135,1.190884,0.0025109,-0.0186373,-0.0010310,0.9998226
1788248771490734336,OK,1,0,20.945,0.315709,0,1516,0,-4.229113,0.067852,1.203530,0.0030700,-0.0184254,-0.0008650,0.9998252
1788248771524075008,OK,1,0,20.0384,0.324209,0,1490,0,-4.227436,0.067779,1.214028,0.0037005,-0.0185288,-0.0004644,0.9998214
1788248771557415168,OK,1,0,19.2894,0.345542,0,1570,0,-4.225912,0.068334,1.226236,0.0039565,-0.0185957,-0.0003273,0.9998192
1788248771590755840,OK,1,0,19.8872,0.320667,0,1521,0,-4.228324,0.067876,1.238390,0.0040152,-0.0182167,-0.0004848,0.9998259
1788248771624096512,OK,1,0,21.1137,0.34525,0,1493,0,-4.226215,0.067617,1.249799,0.0039303,-0.0179748,-0.0006788,0.9998305
1788248771657436928,OK,1,0,19.8597,0.305,0,1549,0,-4.226811,0.069174,1.262036,0.0037954,-0.0177233,-0.0008994,0.9998354
1788248771690776576,OK,1,0,19.8189,0.326791,0,1486,0,-4.228207,0.069196,1.275266,0.0040676,-0.0177286,-0.0007783,0.9998343
1788248771724117248,OK,1,0,21.1943,0.339625,0,1479,0,-4.227892,0.068920,1.287506,0.0042012,-0.0181531,-0.0006831,0.9998261
1788248771757457408,OK,1,0,20.2269,0.334375,0,1544,0,-4.229903,0.072070,1.300470,0.0041598,-0.0179888,-0.0006848,0.9998294
1788248771790799872,OK,1,0,21.802,0.329666,0,1465,0,-4.228615,0.071901,1.313072,0.0040773,-0.0177196,-0.0008233,0.9998344
1788248771824142336,OK,1,0,20.884,0.33575,0,1443,0,-4.233297,0.071862,1.328562,0.0040057,-0.0171004,-0.0009687,0.9998453
1788248771857484544,OK,1,0,20.0101,0.362292,0,1486,0,-4.230711,0.074261,1.340093,0.0045726,-0.0173497,-0.0007053,0.9998388
1788248771890827008,OK,1,0,19.9931,0.354792,0,1449,0,-4.229738,0.074973,1.350438,0.0050782,-0.0171813,-0.0006789,0.9998393
1788248771924169472,OK,1,0,20.0008,0.358583,0,1459,0,-4.227347,0.074423,1.362028,0.0047371,-0.0172859,-0.0008464,0.9998390
1788248771957511680,OK,1,0,21.0251,0.365417,0,1484,0,-4.227120,0.072935,1.372894,0.0044507,-0.0170748,-0.0012226,0.9998436
1788248771990854144,OK,1,0,20.2125,0.330875,0,1431,0,-4.231580,0.074114,1.387274,0.0044900,-0.0164914,-0.0017421,0.9998524
1788248772024196608,OK,1,0,20.0815,0.331833,0,1475,0,-4.233418,0.074498,1.401865,0.0041326,-0.0163513,-0.0020207,0.9998558
1788248772057539072,OK,1,0,19.5453,0.324917,0,1399,0,-4.232187,0.074873,1.414735,0.0040730,-0.0165061,-0.0015987,0.9998542
1788248772090881536,OK,1,0,20.1217,0.331417,0,1461,0,-4.230048,0.075376,1.428488,0.0040506,-0.0168135,-0.0012447,0.9998497
1788248772124223232,OK,1,0,19.8664,0.323667,0,1403,0,-4.229437,0.077665,1.440939,0.0036198,-0.0166342,-0.0007029,0.9998549
1788248772157565440,OK,1,0,19.7764,0.319417,0,1429,0,-4.228149,0.075869,1.453620,0.0033647,-0.0164729,-0.0003702,0.9998586
1788248772190907904,OK,1,0,19.8217,0.324791,0,1455,0,-4.232605,0.079702,1.468969,0.0037495,-0.0160518,-0.0004074,0.9998640
1788248772224250368,OK,1,0,20.8666,0.318042,0,1396,0,-4.233889,0.080486,1.481859,0.0037834,-0.0159214,-0.0002544,0.9998661
1788248772257593088,OK,1,0,20.6519,0.345958,0,1415,0,-4.233721,0.080136,1.494727,0.0040411,-0.0156260,-0.0001732,0.9998698
1788248772290935552,OK,1,0,20.0256,0.327208,0,1371,0,-4.235268,0.080129,1.507740,0.0039921,-0.0152806,-0.0001862,0.9998753
1788248772324278272,OK,1,0,20.4609,0.332542,0,1389,0,-4.230938,0.081934,1.517063,0.0041816,-0.0152891,0.0000914,0.9998744
1788248772357620736,OK,1,0,20.2919,0.337125,0,1382,0,-4.229711,0.081467,1.530455,0.0043299,-0.0147217,0.0001071,0.9998823
1788248772390963456,OK,1,0,19.9823,0.349167,0,1366,0,-4.230316,0.082508,1.544310,0.0040058,-0.0143335,0.0001526,0.9998893
1788248772424305920,OK,1,0,20.7273,0.344833,0,1373,0,-4.229691,0.083523,1.557097,0.0037113,-0.0140706,0.0003731,0.9998941
1788248772457648640,OK,1,0,20.1673,0.3275,0,1358,0,-4.229190,0.083368,1.568818,0.0037537,-0.0131375,0.0002810,0.9999066
1788248772490991104,OK,1,0,21.9519,0.341541,0,1568,0,-4.228190,0.084921,1.583439,0.0038237,-0.0123542,0.0004603,0.9999163
1788248772524334080,OK,1,0,21.1627,0.324625,0,1588,0,-4.228535,0.085237,1.596047,0.0041524,-0.0114274,0.0005007,0.9999260
1788248772557675520,OK,1,0,23.1766,0.327333,0,1607,0,-4.232165,0.084952,1.609345,0.0044299,-0.0102687,-0.0000298,0.9999375
1788248772591018240,OK,1,0,21.4824,0.319583,0,1570,0,-4.232855,0.085673,1.621881,0.0042650,-0.0096754,-0.0003192,0.9999440
1788248772624360960,OK,1,0,22.1161,0.313834,0,1549,0,-4.230633,0.086348,1.633391,0.0043178,-0.0091195,-0.0002549,0.9999491
1788248772657703936,OK,1,0,21.409,0.3195,0,1551,0,-4.230074,0.086133,1.645652,0.0041734,-0.0082736,-0.0005025,0.9999570
1788248772691046656,OK,1,0,22.19,0.344041,0,1740,0,-4.231935,0.088260,1.661702,0.0039910,-0.0072448,-0.0005236,0.9999657
1788248772724389120,OK,1,0,21.3151,0.313417,0,1461,0,-4.230588,0.089220,1.675338,0.0040396,-0.0064130,-0.0004936,0.9999712
1788248772757731840,OK,1,0,20.4626,0.339875,0,1353,0,-4.226912,0.089685,1.686808,0.0038940,-0.0060699,-0.0004480,0.9999739
1788248772791073024,OK,1,0,19.3559,0.359,0,1307,0,-4.226075,0.087815,1.698250,0.0035439,-0.0055462,-0.0000489,0.9999784
1788248772824413696,OK,1,0,19.7577,0.356708,0,1535,0,-4.226866,0.089562,1.712879,0.0037500,-0.0042104,0.0000707,0.9999841
1788248772857754880,OK,1,0,20.2501,0.322167,0,1320,0,-4.228791,0.090934,1.727489,0.0039357,-0.0029479,0.0000425,0.9999879
1788248772891095808,OK,1,0,20.3358,0.351,0,1377,0,-4.230764,0.089826,1.740603,0.0036323,-0.0020999,0.0000669,0.9999912
1788248772924436736,OK,1,0,19.9707,0.3115,0,1306,0,-4.231541,0.091466,1.754933,0.0034122,-0.0009400,-0.0001054,0.9999937
1788248772957777664,OK,1,0,20.3676,0.344125,0,1256,0,-4.231634,0.089920,1.768908,0.0029581,-0.0001453,-0.0003231,0.9999956
1788248772991117568,OK,1,0,21.1821,0.323083,0,1260,0,-4.231012,0.090835,1.782588,0.0024958,0.0006878,-0.0004349,0.9999965
1788248773024458496,OK,1,0,21.2257,0.343333,0,1548,0,-4.233960,0.090955,1.798232,0.0021951,0.0020174,-0.0004345,0.9999955
1788248773057799424,OK,1,0,21.2792,0.314875,0,1319,0,-4.231336,0.091521,1.810364,0.0026049,0.0027309,-0.0005396,0.9999927
1788248773091140352,OK,1,0,20.144,0.325125,0,1283,0,-4.228077,0.092904,1.821334,0.0027631,0.0031330,-0.0005387,0.9999911
1788248773124481280,OK,1,0,20.6525,0.358,0,1298,0,-4.224718,0.092982,1.831875,0.0032130,0.0035907,-0.0004395,0.9999883
1788248773157821952,OK,1,0,19.1243,0.329792,0,1239,0,-4.223928,0.092900,1.843866,0.0036457,0.0044306,-0.0005586,0.9999834
1788248773191163136,OK,1,0,19.7222,0.35175,0,1261,0,-4.224706,0.096794,1.857363,0.0036438,0.0055437,-0.0006185,0.9999778
1788248773224503808,OK,1,0,23.3605,0.331958,0,1259,0,-4.223880,0.096688,1.870594,0.0036242,0.0063420,-0.0005687,0.9999732
1788248773257844736,OK,1,0,20.5033,0.357834,0,1274,0,-4.223243,0.097816,1.881900,0.0035637,0.0067970,-0.0007039,0.9999703
1788248773291185664,OK,1,0,20.078,0.361583,0,1271,0,-4.221261,0.100254,1.895252,0.0030235,0.0068303,-0.0008815,0.9999717
1788248773324526592,OK,1,0,21.8029,0.333125,0,1226,0,-4.217144,0.100971,1.907776,0.0026860,0.0070795,-0.0008732,0.9999710
1788248773357867520,OK,1,0,20.9811,0.303333,0,1226,0,-4.217915,0.100196,1.923976,0.0021634,0.0079446,-0.0006734,0.9999659
1788248773391208192,OK,1,0,22.5158,0.29425,0,1183,0,-4.214329,0.102785,1.940368,0.0018193,0.0083379,-0.0005885,0.9999635
1788248773424549120,OK,1,0,19.6494,0.383459,0,1292,0,-4.219239,0.106034,1.955419,0.0020021,0.0094152,-0.0005056,0.9999536
1788248773457889024,OK,1,0,21.2598,0.322875,0,1253,0,-4.215839,0.106810,1.967017,0.0020917,0.0098266,-0.0005676,0.9999494
1788248773491229696,OK,1,0,19.0474,0.337083,0,1235,0,-4.215831,0.105985,1.978839,0.0019754,0.0101090,-0.0004046,0.9999469
1788248773524570624,OK,1,0,20.9038,0.328875,0,1308,0,-4.212677,0.105594,1.992102,0.0020858,0.0104205,-0.0003896,0.9999434
1788248773557911296,OK,1,0,22.0461,0.321333,0,1256,0,-4.214943,0.106740,2.006028,0.0020154,0.0111197,-0.0007093,0.9999359
1788248773591252224,OK,1,0,21.216,0.342917,0,1275,0,-4.212375,0.108899,2.017760,0.0021353,0.0114506,-0.0007872,0.9999319
1788248773624592896,OK,1,0,32.7062,0.33075,0,1347,0,-4.207437,0.108147,2.021957,0.0023342,0.0117850,-0.0008819,0.9999275
1788248773657933824,OK,1,0,21.3614,0.323167,0,1339,0,-4.203484,0.109162,2.034661,0.0025659,0.0119281,-0.0004614,0.9999255
1788248773691274752,OK,1,0,20.2549,0.360458,0,1396,0,-4.201684,0.109028,2.047894,0.0026518,0.0125732,-0.0002738,0.9999174
1788248773724615424,OK,1,0,19.9691,0.325541,0,1354,0,-4.197379,0.107405,2.057760,0.0026267,0.0132876,-0.0001284,0.9999083
1788248773757956352,OK,1,0,21.4877,0.35575,0,1618,0,-4.198554,0.108320,2.072950,0.0025353,0.0147715,-0.0005154,0.9998876
1788248773791300864,OK,1,0,21.0946,0.297042,0,1623,0,-4.200242,0.110303,2.087435,0.0025499,0.0170084,-0.0008371,0.9998518
1788248773824645632,OK,1,0,21.1425,0.30975,0,1617,0,-4.198140,0.112068,2.098637,0.0027890,0.0192166,-0.0007728,0.9998112
1788248773857989888,OK,1,0,22.8813,0.308209,0,1627,0,-4.195068,0.112891,2.111620,0.0027168,0.0212080,-0.0007805,0.9997711
1788248773891333632,OK,1,0,20.8083,0.316125,0,1569,0,-4.192613,0.113840,2.123770,0.0021966,0.0234410,-0.0010197,0.9997223
1788248773924678400,OK,1,0,22.963,0.321,0,1572,0,-4.188345,0.114365,2.137340,0.0017195,0.0253188,-0.0009862,0.9996775
1788248773958023168,OK,1,0,21.0001,0.311125,0,1605,0,-4.186931,0.114208,2.153012,0.0013339,0.0276316,-0.0013701,0.9996164
1788248773991367936,OK,1,0,21.112,0.343417,0,1671,0,-4.183095,0.113656,2.167686,0.0008463,0.0300098,-0.0014126,0.9995483
1788248774024712704,OK,1,0,21.3011,0.312875,0,1578,0,-4.181746,0.113178,2.181204,0.0005377,0.0328576,-0.0010799,0.9994593
1788248774058057728,OK,1,0,21.5695,0.331375,0,1554,0,-4.179169,0.117107,2.195250,0.0003738,0.0358184,-0.0015200,0.9993571
1788248774091402496,OK,1,0,22.0074,0.339375,0,1543,0,-4.175148,0.118056,2.207610,0.0000562,0.0384330,-0.0021444,0.9992589
1788248774124747264,OK,1,0,21.9739,0.318042,0,1653,0,-4.171502,0.118095,2.219503,-0.0001050,0.0409152,-0.0023698,0.9991598
1788248774158092544,OK,1,0,23.8427,0.338167,0,1673,0,-4.170403,0.117393,2.234246,-0.0001582,0.0436027,-0.0022619,0.9990464
1788248774191437568,OK,1,0,24.5388,0.318667,0,1703,0,-4.167114,0.119948,2.245238,0.0001486,0.0464446,-0.0028214,0.9989169
1788248774224782592,OK,1,0,22.0484,0.337958,0,1716,0,-4.161835,0.120141,2.257758,0.0001655,0.0489495,-0.0032496,0.9987960
1788248774258127616,OK,1,0,22.1256,0.307292,0,1673,0,-4.154281,0.120149,2.269562,0.0004407,0.0512197,-0.0032005,0.9986822
1788248774291472896,OK,1,0,23.9725,0.322292,0,1660,0,-4.151540,0.119506,2.280849,0.0007515,0.0540170,-0.0029985,0.9985353
1788248774324816896,OK,1,0,21.6012,0.2965,0,1673,0,-4.146102,0.121142,2.293156,0.0012897,0.0560685,-0.0032622,0.9984208
1788248774358162176,OK,1,0,21.7146,0.34175,0,1631,0,-4.144727,0.124183,2.305728,0.0016772,0.0577438,-0.0035466,0.9983237
1788248774391507456,OK,1,0,24.0012,0.321667,0,1624,0,-4.143105,0.124517,2.316670,0.0017887,0.0583986,-0.0039881,0.9982838
1788248774424852736,OK,1,0,21.0686,0.337083,0,1621,0,-4.142025,0.123631,2.328867,0.0016899,0.0586422,-0.0043986,0.9982679
1788248774458198272,OK,1,0,22.4158,0.319916,0,1605,0,-4.140175,0.125085,2.341673,0.0015972,0.0586370,-0.0044256,0.9982683
1788248774491543808,OK,1,0,21.7066,0.343584,0,1844,0,-4.137980,0.124494,2.355169,0.0015741,0.0586489,-0.0040920,0.9982691
1788248774524889088,OK,1,0,22.4995,0.325584,0,1685,0,-4.134908,0.124117,2.367647,0.0012648,0.0586592,-0.0039827,0.9982693
1788248774558234624,OK,1,0,21.3905,0.337833,0,1511,0,-4.133924,0.124333,2.378550,0.0008097,0.0586956,-0.0037753,0.9982685
1788248774591580160,OK,1,0,20.9766,0.331458,0,1446,0,-4.132937,0.124486,2.393713,0.0008346,0.0588944,-0.0038570,0.9982564
1788248774624925440,OK,1,0,20.1238,0.305917,0,1447,0,-4.130251,0.125767,2.405348,0.0009774,0.0586333,-0.0039642,0.9982712
1788248774658271232,OK,1,0,21.4755,0.335625,0,1623,0,-4.127835,0.124033,2.417440,0.0007841,0.0585694,-0.0036394,0.9982764
1788248774691617024,OK,1,0,22.6125,0.326542,0,1611,0,-4.126035,0.123678,2.430784,0.0009078,0.0588163,-0.0035709,0.9982620
1788248774724962560,OK,1,0,22.2685,0.324625,0,1618,0,-4.122199,0.125670,2.442528,0.0010683,0.0585114,-0.0033404,0.9982806
1788248774758308352,OK,1,0,21.9273,0.332917,0,1705,0,-4.120434,0.125944,2.455428,0.0011024,0.0587204,-0.0029854,0.9982694
1788248774791648768,OK,1,0,22.1949,0.306125,0,1743,0,-4.116823,0.124770,2.468106,0.0009993,0.0587840,-0.0032427,0.9982650
1788248774824989952,OK,1,0,23.9529,0.326083,0,1745,0,-4.116173,0.127632,2.481517,0.0010229,0.0584704,-0.0031464,0.9982837
1788248774858331136,OK,1,0,23.5508,0.312833,0,1841,0,-4.116193,0.127711,2.494735,0.0008654,0.0586764,-0.0030031,0.9982722
1788248774891672320,OK,1,0,23.805,0.340125,0,1799,0,-4.114298,0.127396,2.508569,0.0006966,0.0589366,-0.0028992,0.9982573
1788248774925013760,OK,1,0,23.3141,0.350833,0,1757,0,-4.109760,0.127203,2.520952,0.0005278,0.0586675,-0.0024533,0.9982744
1788248774958354944,OK,1,0,23.1783,0.333625,0,1775,0,-4.108735,0.128277,2.534904,0.0006797,0.0589398,-0.0025479,0.9982581
1788248774991696384,OK,1,0,22.845,0.318583,0,1798,0,-4.105323,0.130710,2.546252,0.0011997,0.0587331,-0.0026926,0.9982694
1788248775025037312,OK,1,0,22.8224,0.323,0,1781,0,-4.105694,0.130073,2.557843,0.0010360,0.0586568,-0.0022518,0.9982752
1788248775058378752,OK,1,0,23.0342,0.319959,0,1780,0,-4.105550,0.129535,2.571145,0.0008650,0.0590308,-0.0024202,0.9982529
1788248775091719936,OK,1,0,21.828,0.319209,0,1806,0,-4.102665,0.133104,2.585022,0.0010830,0.0590716,-0.0025555,0.9982499
1788248775125061376,OK,1,0,22.6314,0.331042,0,1749,0,-4.100565,0.132228,2.597182,0.0011140,0.0592974,-0.0022551,0.9982372
1788248775158402560,OK,1,0,23.596,0.347916,0,1807,0,-4.097414,0.132359,2.607972,0.0012111,0.0593428,-0.0026281,0.9982335
1788248775191743744,OK,1,0,22.892,0.315542,0,1851,0,-4.096196,0.134112,2.620755,0.0012234,0.0590516,-0.0023374,0.9982514
1788248775225083904,OK,1,0,23.9443,0.302834,0,1782,0,-4.092386,0.134299,2.634717,0.0010834,0.0590205,-0.0023291,0.9982535
1788248775258425344,OK,1,0,23.4675,0.316,0,1794,0,-4.090185,0.136342,2.647470,0.0010631,0.0594481,-0.0023566,0.9982281
1788248775291766528,OK,1,0,23.7646,0.31475,0,1779,0,-4.090691,0.135444,2.661538,0.0006574,0.0597224,-0.0022609,0.9982123
1788248775325107712,OK,1,0,23.7081,0.351458,0,1774,0,-4.090259,0.137254,2.674371,0.0007422,0.0600425,-0.0026682,0.9981920
1788248775358448896,OK,1,0,22.8612,0.308375,0,1757,0,-4.087476,0.136983,2.688292,0.0007133,0.0598236,-0.0029989,0.9982042
1788248775391790336,OK,1,0,23.7167,0.343459,0,1754,0,-4.089905,0.135967,2.700210,0.0004036,0.0601179,-0.0030198,0.9981866
1788248775425131520,OK,1,0,23.5328,0.3325,0,1724,0,-4.085966,0.136609,2.713074,0.0004501,0.0602483,-0.0033388,0.9981778
1788248775458472704,OK,1,0,23.5133,0.3245,0,1780,0,-4.086168,0.136071,2.725749,0.0005193,0.0601850,-0.0034741,0.9981810
1788248775491813888,OK,1,0,24.0224,0.317334,0,1769,0,-4.084071,0.138183,2.738617,0.0012571,0.0601739,-0.0035871,0.9981807
1788248775525155328,OK,1,0,23.1862,0.335958,0,1724,0,-4.083409,0.138252,2.751181,0.0019792,0.0603680,-0.0038740,0.9981667
1788248775558496512,OK,1,0,23.3495,0.293834,0,1726,0,-4.079685,0.139056,2.762564,0.0024692,0.0598427,-0.0037029,0.9981979
1788248775591837696,OK,1,0,23.9739,0.325958,0,1779,0,-4.078565,0.140903,2.773661,0.0027803,0.0600669,-0.0035403,0.9981842
1788248775625178880,OK,1,0,24.6,0.331208,0,1788,0,-4.078385,0.141324,2.785570,0.0029546,0.0607777,-0.0036600,0.9981403
1788248775658519296,OK,1,0,24.1627,0.330416,0,1753,0,-4.077641,0.139669,2.799378,0.0028862,0.0609589,-0.0035503,0.9981298
1788248775691860480,OK,1,0,23.2905,0.331792,0,1722,0,-4.076994,0.139318,2.810605,0.0028511,0.0610332,-0.0037775,0.9981245
1788248775725201664,OK,1,0,23.2693,0.351833,0,1755,0,-4.073757,0.140443,2.822996,0.0028938,0.0607808,-0.0040473,0.9981388
1788248775758542848,OK,1,0,24.146,0.336667,0,1732,0,-4.072026,0.141448,2.837609,0.0025725,0.0607026,-0.0036674,0.9981458
1788248775791884544,OK,1,0,25.1315,0.341583,0,1898,0,-4.069868,0.142157,2.850624,0.0022232,0.0610847,-0.0034117,0.9981243
1788248775825226240,OK,1,0,23.3099,0.326333,0,1741,0,-4.071346,0.143071,2.864506,0.0019340,0.0615582,-0.0032671,0.9980963
1788248775858567936,OK,1,0,24.2412,0.33675,0,1557,0,-4.067277,0.146568,2.879726,0.0019366,0.0612498,-0.0032048,0.9981155
1788248775891909376,OK,1,0,21.7315,0.342667,0,1385,0,-4.065792,0.149457,2.893194,0.0025081,0.0613401,-0.0035577,0.9981074
1788248775925251072,OK,1,0,21.1198,0.336875,0,1405,0,-4.063081,0.149428,2.904775,0.0025383,0.0610120,-0.0036548,0.9981271
1788248775958592768,OK,1,0,21.1682,0.305041,0,1373,0,-4.058686,0.151404,2.917679,0.0025162,0.0607732,-0.0035040,0.9981423
1788248775991934208,OK,1,0,21.2292,0.328375,0,1390,0,-4.055491,0.154088,2.930003,0.0027568,0.0613105,-0.0032249,0.9981098
1788248776025275904,OK,1,0,21.7471,0.329708,0,1376,0,-4.055042,0.154092,2.944552,0.0025482,0.0615777,-0.0033393,0.9980935
1788248776058617344,OK,1,0,22.8783,0.330334,0,1357,0,-4.053960,0.155569,2.955518,0.0026223,0.0613505,-0.0034243,0.9981070
1788248776091959296,OK,1,0,22.6219,0.306167,0,1329,0,-4.051715,0.157337,2.969435,0.0025638,0.0611621,-0.0037431,0.9981176
1788248776125299712,OK,1,0,20.9012,0.336,0,1604,0,-4.052341,0.154495,2.982808,0.0016967,0.0615701,-0.0036192,0.9980948
1788248776158641408,OK,1,0,23.9935,0.349333,0,1599,0,-4.051312,0.155309,2.996413,0.0013657,0.0618710,-0.0033090,0.9980778
1788248776191982848,OK,1,0,23.8135,0.333792,0,1610,0,-4.047015,0.156500,3.010410,0.0013512,0.0617936,-0.0030637,0.9980834
1788248776225324800,OK,1,0,22.5577,0.323333,0,1585,0,-4.045192,0.156537,3.023028,0.0009690,0.0617099,-0.0030454,0.9980891
1788248776258666240,OK,1,0,22.1218,0.327084,0,1597,0,-4.044781,0.156324,3.036000,0.0011085,0.0619286,-0.0033340,0.9980744
1788248776292007936,OK,1,0,23.6925,0.33325,0,1636,0,-4.041146,0.156521,3.048668,0.0014153,0.0616876,-0.0035214,0.9980883
1788248776325349376,OK,1,0,23.2789,0.306875,0,1721,0,-4.037794,0.160201,3.059496,0.0019940,0.0614359,-0.0033102,0.9981036
1788248776358691072,OK,1,0,23.2543,0.316708,0,1783,0,-4.038604,0.161610,3.072515,0.0023880,0.0618258,-0.0032228,0.9980789
1788248776392032768,OK,1,0,25.6655,0.296916,0,1778,0,-4.036532,0.161600,3.084072,0.0022940,0.0619803,-0.0030399,0.9980701
1788248776425374208,OK,1,0,24.1031,0.298667,0,1739,0,-4.035840,0.161213,3.096421,0.0020398,0.0621034,-0.0030784,0.9980629
1788248776458715904,OK,1,0,21.9571,0.320625,0,1806,0,-4.032530,0.162369,3.111922,0.0022577,0.0618371,-0.0030748,0.9980790
1788248776492057600,OK,1,0,23.8091,0.2895,0,1766,0,-4.032073,0.160468,3.123795,0.0017815,0.0617615,-0.0026783,0.9980858
1788248776525399296,OK,1,0,23.8891,0.312709,0,1752,0,-4.026765,0.163267,3.136578,0.0018307,0.0619253,-0.0026650,0.9980756
1788248776558739712,OK,1,0,24.3911,0.316583,0,1774,0,-4.025702,0.163872,3.149233,0.0016574,0.0621086,-0.0025644,0.9980648
1788248776592081408,OK,1,0,23.5989,0.321791,0,1808,0,-4.025397,0.164318,3.162587,0.0010033,0.0620300,-0.0028377,0.9980698
1788248776625423104,OK,1,0,24.5873,0.321667,0,1776,0,-4.025522,0.164761,3.174822,0.0008709,0.0621524,-0.0030215,0.9980617
1788248776658764544,OK,1,0,23.6956,0.312958,0,1795,0,-4.023092,0.165045,3.189499,0.0004995,0.0619874,-0.0031225,0.9980720
1788248776692106240,OK,1,0,23.775,0.340958,0,1904,0,-4.023164,0.165859,3.203865,0.0002067,0.0622074,-0.0028191,0.9980593
1788248776725447936,OK,1,0,23.5631,0.314625,0,1640,0,-4.020205,0.166971,3.216620,0.0004758,0.0624298,-0.0027827,0.9980454
1788248776758789632,OK,1,0,22.3788,0.321,0,1484,0,-4.019044,0.166670,3.229308,0.0000769,0.0625876,-0.0026773,0.9980359
1788248776792131072,OK,1,0,21.9784,0.3225,0,1532,0,-4.017188,0.166372,3.240871,-0.0000152,0.0629028,-0.0027720,0.9980158
1788248776825472768,OK,1,0,21.9287,0.311917,0,1485,0,-4.015397,0.167296,3.254256,0.0003476,0.0634594,-0.0028892,0.9979802
1788248776858813952,OK,1,0,21.8557,0.313459,0,1493,0,-4.012914,0.167517,3.266129,0.0006873,0.0631620,-0.0030294,0.9979985
1788248776892155392,OK,1,0,22.5655,0.332125,0,1533,0,-4.012556,0.169307,3.277847,0.0015969,0.0626594,-0.0032301,0.9980285
1788248776925497088,OK,1,0,23.1753,0.31275,0,1534,0,-4.011538,0.169692,3.290171,0.0015843,0.0631165,-0.0033247,0.9979994
1788248776958838528,OK,1,0,21.7751,0.29975,0,1517,0,-4.010355,0.170578,3.303777,0.0011135,0.0641740,-0.0033111,0.9979326
1788248776992179200,OK,1,0,20.3068,0.303834,0,1493,0,-4.008417,0.171630,3.316126,0.0012486,0.0645910,-0.0034079,0.9979052
1788248777025520640,OK,1,0,22.7262,0.316542,0,1712,0,-4.006170,0.172595,3.330440,0.0014220,0.0645102,-0.0033326,0.9979105
1788248777058862336,OK,1,0,21.5275,0.3185,0,1485,0,-4.003867,0.172979,3.342739,0.0011096,0.0648343,-0.0030446,0.9978908
1788248777092203520,OK,1,0,21.6516,0.335416,0,1446,0,-4.001400,0.176831,3.355941,0.0012619,0.0656678,-0.0029010,0.9978365
1788248777125545216,OK,1,0,22.2397,0.340083,0,1448,0,-3.997533,0.177662,3.370167,0.0011636,0.0661558,-0.0027854,0.9978048
1788248777158886656,OK,1,0,22.1581,0.32525,0,1410,0,-3.995713,0.178698,3.382667,0.0010423,0.0666787,-0.0027380,0.9977702
1788248777192228352,OK,1,0,20.545,0.317,0,1396,0,-3.990587,0.179005,3.396275,0.0007595,0.0673002,-0.0029977,0.9977280
1788248777225569792,OK,1,0,22.4394,0.34525,0,1476,0,-3.989440,0.182234,3.409466,0.0009107,0.0678438,-0.0028905,0.9976914
1788248777258911488,OK,1,0,21.5412,0.327459,0,1368,0,-3.987369,0.183787,3.420413,0.0009520,0.0685630,-0.0023902,0.9976435
1788248777292252928,OK,1,0,21.7905,0.327625,0,1363,0,-3.983451,0.183653,3.435037,0.0011587,0.0693854,-0.0024188,0.9975863
1788248777325594112,OK,1,0,22.1257,0.305292,0,1368,0,-3.979658,0.184110,3.445029,0.0014791,0.0702502,-0.0024112,0.9975254
1788248777358935808,OK,1,0,22.6759,0.356042,0,1381,0,-3.977414,0.185152,3.458163,0.0017285,0.0710902,-0.0023490,0.9974656
1788248777392277248,OK,1,0,23.1043,0.3375,0,1347,0,-3.974534,0.184749,3.469323,0.0019402,0.0720166,-0.0025800,0.9973982
1788248777425618944,OK,1,0,21.4482,0.341959,0,1353,0,-3.974184,0.186183,3.479789,0.0022106,0.0733706,-0.0026496,0.9972988
1788248777458959360,OK,1,0,23.3225,0.354958,0,1340,0,-3.970037,0.186769,3.492890,0.0020891,0.0747119,-0.0027053,0.9971993
1788248777492301056,OK,1,0,21.8745,0.339666,0,1350,0,-3.965300,0.186467,3.504810,0.0022731,0.0759871,-0.0026791,0.9971026
1788248777525642240,OK,1,0,23.1726,0.331416,0,1355,0,-3.962669,0.186785,3.516299,0.0024526,0.0777775,-0.0027380,0.9969640
1788248777558983936,OK,1,0,23.0673,0.329292,0,1353,0,-3.959451,0.188363,3.531191,0.0022513,0.0790756,-0.0029424,0.9968618
1788248777592325376,OK,1,0,25.8015,0.357,0,1344,0,-3.956766,0.188573,3.543201,0.0022931,0.0803041,-0.0025830,0.9967644
1788248777625667072,OK,1,0,23.5522,0.344958,0,1352,0,-3.954014,0.191121,3.556551,0.0026061,0.0824014,-0.0028218,0.9965918
1788248777659008512,OK,1,0,22.0176,0.332667,0,1313,0,-3.949505,0.190639,3.565570,0.0025705,0.0843579,-0.0032058,0.9964271
1788248777692350208,OK,1,0,21.3593,0.319291,0,1351,0,-3.944352,0.190884,3.579395,0.0029049,0.0861388,-0.0031618,0.9962739
1788248777725691392,OK,1,0,26.8079,0.347875,0,1337,0,-3.938577,0.189897,3.590482,0.0028207,0.0881043,-0.0026977,0.9961036
1788248777759032832,OK,1,0,22.6719,0.335125,0,1332,0,-3.932106,0.193566,3.605341,0.0030652,0.0903873,-0.0025072,0.9958988
1788248777792374528,OK,1,0,21.9547,0.332917,0,1333,0,-3.926607,0.194841,3.615148,0.0028734,0.0930296,-0.0025495,0.9956560
1788248777825715968,OK,1,0,22.0398,0.341041,0,1366,0,-3.921009,0.195100,3.626047,0.0029088,0.0954993,-0.0027655,0.9954214
1788248777859057664,OK,1,0,26.2015,0.336084,0,1313,0,-3.919001,0.196675,3.640176,0.0027450,0.0981990,-0.0033634,0.9951574
1788248777892398080,OK,1,0,24.3433,0.344375,0,1324,0,-3.914902,0.195485,3.652335,0.0022231,0.1006875,-0.0033550,0.9949099
1788248777925739520,OK,1,0,23.935,0.337084,0,1342,0,-3.908145,0.196955,3.665822,0.0023566,0.1028029,-0.0030080,0.9946944
1788248777959080960,OK,1,0,24.3962,0.336791,0,1348,0,-3.901270,0.197515,3.675890,0.0026377,0.1050261,-0.0029622,0.9944615
1788248777992422656,OK,1,0,22.8941,0.352708,0,1350,0,-3.896333,0.198113,3.686639,0.0034252,0.1076525,-0.0031940,0.9941776
1788248778025764096,OK,1,0,24.258,0.329375,0,1496,0,-3.890468,0.196650,3.694284,0.0039329,0.1104046,-0.0035142,0.9938728
1788248778059105792,OK,1,0,44.2539,0.347,0,1534,0,-3.884181,0.195247,3.699386,0.0045396,0.1132652,-0.0035016,0.9935483
1788248778092447232,OK,1,0,22.9274,0.343542,0,1538,0,-3.878078,0.195102,3.709772,0.0047400,0.1166374,-0.0041791,0.9931545
1788248778125788672,OK,1,0,22.9529,0.340125,0,1524,0,-3.871809,0.197893,3.721483,0.0047113,0.1203182,-0.0045205,0.9927139
1788248778159130112,OK,1,0,22.1582,0.311083,0,1548,0,-3.864272,0.197490,3.732309,0.0044230,0.1241198,-0.0043101,0.9922481
1788248778192471552,OK,1,0,20.5233,0.318167,0,1530,0,-3.854343,0.198900,3.745145,0.0042982,0.1278729,-0.0041583,0.9917725
1788248778225813248,OK,1,0,20.4024,0.308375,0,1712,0,-3.847912,0.197733,3.756080,0.0039016,0.1319408,-0.0041303,0.9912413
1788248778259154688,OK,1,0,22.8663,0.344958,0,1836,0,-3.841330,0.196066,3.768001,0.0033208,0.1359135,-0.0046297,0.9907043
1788248778292496128,OK,1,0,22.8071,0.321459,0,1700,0,-3.834391,0.198011,3.779017,0.0037072,0.1396317,-0.0048356,0.9901848
1788248778325836544,OK,1,0,22.0752,0.345166,0,1590,0,-3.827174,0.198369,3.789738,0.0042478,0.1434441,-0.0052599,0.9896353
1788248778359178240,OK,1,0,21.5521,0.337667,0,1539,0,-3.821087,0.195743,3.799569,0.0042557,0.1475097,-0.0057007,0.9890351
1788248778392519680,OK,1,0,21.2215,0.315292,0,1507,0,-3.814837,0.198937,3.811897,0.0044024,0.1516124,-0.0060876,0.9884115
1788248778425861120,OK,1,0,21.5038,0.330667,0,1505,0,-3.802247,0.201129,3.822538,0.0043356,0.1549974,-0.0061393,0.9878863
1788248778459202560,OK,1,0,22.8682,0.343708,0,1465,0,-3.794720,0.203557,3.833943,0.0045827,0.1591990,-0.0058107,0.9872188
1788248778492544256,OK,1,0,20.5068,0.340083,0,1432,0,-3.785218,0.204742,3.843941,0.0048936,0.1628168,-0.0054891,0.9866289
1788248778525885696,OK,1,0,23.9851,0.339208,0,1450,0,-3.777013,0.203986,3.853904,0.0048517,0.1666632,-0.0057204,0.9859854
1788248778559227392,OK,1,0,21.7198,0.327458,0,1433,0,-3.772110,0.204968,3.864729,0.0050000,0.1707384,-0.0060011,0.9852855
1788248778592568576,OK,1,0,21.9426,0.33875,0,1402,0,-3.766119,0.203891,3.874469,0.0052863,0.1748450,-0.0062955,0.9845616
1788248778625910272,OK,1,0,21.8105,0.317708,0,1393,0,-3.758632,0.203286,3.883905,0.0054684,0.1788469,-0.0064748,0.9838405
1788248778659251712,OK,1,0,24.801,0.333792,0,1399,0,-3.749808,0.204561,3.895533,0.0052187,0.1829368,-0.0067089,0.9830880
1788248778692593152,OK,1,0,22.1307,0.335292,0,1337,0,-3.741602,0.206264,3.908004,0.0046039,0.1873017,-0.0067363,0.9822686
1788248778725934592,OK,1,0,21.3036,0.325417,0,1312,0,-3.730632,0.207664,3.918683,0.0041534,0.1913744,-0.0067565,0.9814851
1788248778759276032,OK,1,0,22.6163,0.347125,0,1324,0,-3.724778,0.209119,3.929085,0.0039293,0.1955028,-0.0067207,0.9806723
1788248778792616448,OK,1,0,22.9868,0.354667,0,1314,0,-3.717471,0.208213,3.937565,0.0035652,0.1992688,-0.0069542,0.9799137
1788248778825957888,OK,1,0,21.426,0.337333,0,1287,0,-3.709786,0.208795,3.949538,0.0033328,0.2032988,-0.0076373,0.9790813
1788248778859299072,OK,1,0,20.9862,0.324583,0,1282,0,-3.702658,0.208297,3.959214,0.0031706,0.2071529,-0.0081100,0.9782698
1788248778892640256,OK,1,0,24.8322,0.354917,0,1300,0,-3.694057,0.208324,3.970539,0.0030386,0.2111406,-0.0084504,0.9774145
1788248778925981696,OK,1,0,21.1322,0.349167,0,1246,0,-3.686156,0.209088,3.977998,0.0030913,0.2156205,-0.0086436,0.9764341
1788248778959323136,OK,1,0,20.5067,0.355209,0,1229,0,-3.677274,0.211364,3.987518,0.0030461,0.2205191,-0.0088968,0.9753373
1788248778992664576,OK,1,0,19.5243,0.36425,0,1209,0,-3.668156,0.212846,3.997915,0.0031266,0.2247968,-0.0092374,0.9743569
1788248779026005760,OK,1,0,21.1536,0.325208,0,1543,0,-3.658494,0.213354,4.009943,0.0034714,0.2291257,-0.0091518,0.9733477
1788248779059347200,OK,1,0,37.0924,0.334459,0,1434,0,-3.648695,0.213956,4.019840,0.0035865,0.2334504,-0.0095639,0.9723151
1788248779092688384,OK,1,0,19.98,0.325583,0,1398,0,-3.641423,0.215296,4.029503,0.0031653,0.2383084,-0.0104640,0.9711280
1788248779126029824,OK,1,0,20.5385,0.312667,0,1374,0,-3.632487,0.216064,4.038549,0.0029003,0.2426239,-0.0108931,0.9700549
1788248779159371008,OK,1,0,19.8671,0.342458,0,1387,0,-3.622179,0.216865,4.048844,0.0026811,0.2469502,-0.0110371,0.9689617
1788248779192712448,OK,1,0,18.3372,0.300375,0,1345,0,-3.612658,0.219270,4.058512,0.0024342,0.2513590,-0.0108176,0.9678304
1788248779226052608,OK,1,0,19.8424,0.333334,0,1580,0,-3.604095,0.220262,4.068794,0.0018982,0.2562737,-0.0109906,0.9665400
1788248779259394048,OK,1,0,19.5777,0.325208,0,1464,0,-3.595387,0.219789,4.079144,0.0015603,0.2609348,-0.0107514,0.9652953
1788248779292735232,OK,1,0,19.675,0.337458,0,1404,0,-3.585773,0.219778,4.087928,0.0011836,0.2655258,-0.0107027,0.9640436
1788248779326076672,OK,1,0,19.3687,0.331458,0,1337,0,-3.574337,0.221292,4.097952,0.0011778,0.2693262,-0.0106196,0.9629898
1788248779359417856,OK,1,0,19.5086,0.342208,0,1282,0,-3.566035,0.220972,4.107295,0.0008625,0.2726527,-0.0108589,0.9620509
1788248779392759296,OK,1,0,18.7218,0.332541,0,1263,0,-3.560800,0.222072,4.116733,0.0009726,0.2756191,-0.0111638,0.9612016
1788248779426100480,OK,1,0,18.6491,0.3395,0,1259,0,-3.549551,0.222962,4.126729,0.0007178,0.2772886,-0.0115629,0.9607168
1788248779459441920,OK,1,0,20.1441,0.319792,0,1222,0,-3.540981,0.223629,4.137029,0.0003885,0.2781430,-0.0120171,0.9604645
1788248779492783104,OK,1,0,19.6386,0.319458,0,1171,0,-3.532233,0.224715,4.146908,0.0004456,0.2786067,-0.0119250,0.9603312
1788248779526124544,OK,1,0,20.3645,0.33275,0,1219,0,-3.525433,0.224418,4.156541,0.0002923,0.2800893,-0.0119665,0.9598993
1788248779559465984,OK,1,0,19.1718,0.337583,0,1188,0,-3.516998,0.225327,4.167578,0.0007003,0.2803921,-0.0118535,0.9598121
1788248779592807424,OK,1,0,19.4995,0.370083,0,1220,0,-3.513507,0.226509,4.178729,0.0009633,0.2799818,-0.0119674,0.9599303
1788248779626148608,OK,1,0,17.6753,0.345041,0,1179,0,-3.506730,0.226807,4.187171,0.0007032,0.2795326,-0.0123912,0.9600560
1788248779659490048,OK,1,0,20.3323,0.313875,0,1170,0,-3.499503,0.225947,4.197908,0.0003597,0.2800993,-0.0122399,0.9598929
1788248779692830208,OK,1,0,18.9519,0.356875,0,1144,0,-3.490632,0.228361,4.210069,0.0003087,0.2802959,-0.0123254,0.9598345
1788248779726171648,OK,1,0,19.0742,0.358333,0,1134,0,-3.483626,0.228029,4.222131,-0.0000948,0.2801915,-0.0122356,0.9598661
1788248779759512832,OK,1,0,18.3801,0.368458,0,1140,0,-3.475617,0.226985,4.232593,-0.0004116,0.2799017,-0.0120474,0.9599530
1788248779792865792,OK,1,0,17.9262,0.326666,0,1123,0,-3.469113,0.229315,4.243606,-0.0004513,0.2799636,-0.0115368,0.9599412
1788248779826218496,OK,1,0,18.8098,0.357667,0,1114,0,-3.460717,0.231093,4.253915,-0.0005447,0.2800936,-0.0111637,0.9599077
1788248779859571456,OK,1,0,20.1519,0.346959,0,1136,0,-3.455054,0.230645,4.265539,-0.0009359,0.2803797,-0.0111261,0.9598243
1788248779892924672,OK,1,0,18.8753,0.303083,0,1112,0,-3.447958,0.231635,4.275510,-0.0012232,0.2806045,-0.0110390,0.9597592
1788248779926277888,OK,1,0,17.8305,0.330375,0,1084,0,-3.438120,0.231274,4.288302,-0.0015862,0.2805670,-0.0112006,0.9597678
1788248779959630848,OK,1,0,21.0186,0.34625,0,1084,0,-3.432310,0.233553,4.298855,-0.0017199,0.2803309,-0.0114714,0.9598333
1788248779992984064,OK,1,0,17.9682,0.334333,0,1073,0,-3.426527,0.232869,4.309480,-0.0021041,0.2803779,-0.0114176,0.9598196
1788248780026337536,OK,1,0,19.3168,0.333208,0,1973,0,-3.419453,0.231718,4.320790,-0.0024635,0.2804823,-0.0116204,0.9597857
1788248780059691008,OK,1,0,21.4301,0.321333,0,1535,0,-3.412276,0.232420,4.331102,-0.0023774,0.2804787,-0.0115773,0.9597875
1788248780093044480,OK,1,0,22.4662,0.315917,0,1509,0,-3.404867,0.233485,4.340724,-0.0014912,0.2804322,-0.0117080,0.9598013
1788248780126396928,OK,1,0,25.1423,0.3335,0,1498,0,-3.399332,0.234899,4.350532,-0.0003129,0.2806429,-0.0118329,0.9597393
1788248780159750400,OK,1,0,21.4682,0.328833,0,1518,0,-3.393210,0.233789,4.358673,0.0004449,0.2804269,-0.0118373,0.9598023
1788248780193104128,OK,1,0,20.1754,0.32475,0,1471,0,-3.386740,0.233140,4.366491,0.0010873,0.2804855,-0.0119265,0.9597836
1788248780226458112,OK,1,0,19.4998,0.320292,0,1455,0,-3.381324,0.233775,4.376864,0.0011264,0.2810121,-0.0122603,0.9596252
1788248780259812096,OK,1,0,19.6893,0.32525,0,1641,0,-3.375132,0.234963,4.388278,0.0005217,0.2816499,-0.0121919,0.9594396
1788248780293165824,OK,1,0,19.5758,0.327166,0,1476,0,-3.368488,0.235520,4.400329,0.0004331,0.2823327,-0.0124412,0.9592358
1788248780326519808,OK,1,0,19.6233,0.313667,0,1415,0,-3.361062,0.234426,4.411357,0.0001447,0.2819439,-0.0127580,0.9593461
1788248780359873792,OK,1,0,19.3247,0.344292,0,1379,0,-3.355067,0.236759,4.424186,-0.0001091,0.2815298,-0.0127479,0.9594678
1788248780393228032,OK,1,0,19.5554,0.325208,0,1365,0,-3.347318,0.237417,4.435024,-0.0003403,0.2812981,-0.0128299,0.9595346
1788248780426582272,OK,1,0,20.0378,0.338833,0,1336,0,-3.338605,0.239129,4.446509,-0.0005998,0.2812776,-0.0125037,0.9595448
1788248780459936512,OK,1,0,19.3757,0.336375,0,1295,0,-3.331533,0.238704,4.457709,-0.0009867,0.2813823,-0.0120228,0.9595200
1788248780493290752,OK,1,0,19.9734,0.356333,0,1312,0,-3.322384,0.238185,4.468222,-0.0009958,0.2812929,-0.0120013,0.9595464
1788248780526645248,OK,1,0,18.6457,0.360625,0,1283,0,-3.315353,0.239167,4.478796,-0.0008400,0.2811241,-0.0119327,0.9595969
1788248780559998720,OK,1,0,18.1457,0.347667,0,1270,0,-3.307750,0.239910,4.488487,-0.0006046,0.2811916,-0.0119664,0.9595768
1788248780593353216,OK,1,0,21.5053,0.334041,0,1212,0,-3.302311,0.240544,4.500285,-0.0005581,0.2815409,-0.0120842,0.9594730
1788248780626707968,OK,1,0,18.0862,0.332583,0,1208,0,-3.295287,0.242247,4.510740,-0.0008458,0.2817087,-0.0121727,0.9594224
1788248780660062720,OK,1,0,19.9255,0.342375,0,1207,0,-3.290058,0.242998,4.522034,-0.0008357,0.2824112,-0.0122172,0.9592153
1788248780693417472,OK,1,0,19.6021,0.36775,0,1199,0,-3.281776,0.243238,4.531711,-0.0007536,0.2822792,-0.0123718,0.9592522
1788248780726772224,OK,1,0,19.2005,0.354791,0,1222,0,-3.276552,0.242062,4.543625,-0.0012857,0.2822866,-0.0121163,0.9592527
1788248780760127232,OK,1,0,18.3987,0.341417,0,1182,0,-3.269949,0.243022,4.554905,-0.0009539,0.2822618,-0.0120900,0.9592608
1788248780793478656,OK,1,0,18.0853,0.304458,0,1162,0,-3.262707,0.244998,4.566226,-0.0005099,0.2820339,-0.0124341,0.9593238
1788248780826830336,OK,1,0,19.0358,0.317917,0,1150,0,-3.255062,0.246187,4.576739,-0.0005899,0.2818984,-0.0124484,0.9593633
1788248780860182016,OK,1,0,20.0042,0.334417,0,1161,0,-3.249861,0.245067,4.585864,-0.0005941,0.2825814,-0.0125494,0.9591611
1788248780893533952,OK,1,0,17.7628,0.313292,0,1140,0,-3.241303,0.245163,4.597184,-0.0005803,0.2827832,-0.0126110,0.9591008
1788248780926885632,OK,1,0,17.4453,0.33125,0,1141,0,-3.235542,0.245652,4.608125,-0.0003781,0.2829703,-0.0125353,0.9590467
1788248780960237568,OK,1,0,20.8848,0.371458,0,1140,0,-3.229579,0.245513,4.617581,-0.0000212,0.2829850,-0.0126637,0.9590408
1788248780993589504,OK,1,0,19.954,0.348959,0,1127,0,-3.221622,0.246302,4.628815,-0.0002265,0.2833301,-0.0128875,0.9589359
1788248781026940672,OK,1,0,18.25,0.3645,0,2048,0,-3.214228,0.248436,4.640053,-0.0011598,0.2852992,-0.0123705,0.9583580
1788248781060292608,OK,1,0,19.9452,0.3195,0,1578,0,-3.205460,0.251305,4.651387,-0.0019786,0.2878729,-0.0122001,0.9575889
1788248781093645056,OK,1,0,19.9085,0.31625,0,1522,0,-3.195190,0.252131,4.660469,-0.0020630,0.2889987,-0.0118646,0.9572538
1788248781126997248,OK,1,0,35.8707,0.34775,0,1514,0,-3.190310,0.251241,4.668749,-0.0017322,0.2914542,-0.0117908,0.9565106
1788248781160349696,OK,1,0,19.9612,0.335333,0,1445,0,-3.180830,0.251669,4.674502,-0.0011830,0.2939996,-0.0121361,0.9557278
1788248781193701888,OK,1,0,17.7815,0.322166,0,1423,0,-3.174453,0.252432,4.682313,-0.0012859,0.2970296,-0.0130986,0.9547776
1788248781227054080,OK,1,0,19.317,0.319333,0,1431,0,-3.167743,0.253230,4.688934,-0.0014375,0.3000508,-0.0135259,0.9538262
1788248781260406784,OK,1,0,18.6272,0.333084,0,1587,0,-3.159265,0.253220,4.695498,-0.0015771,0.3028895,-0.0134112,0.9529300
1788248781293759232,OK,1,0,20.4574,0.325541,0,1393,0,-3.151248,0.253986,4.701091,-0.0016761,0.3058462,-0.0128451,0.9519928
1788248781327111936,OK,1,0,18.2869,0.332209,0,1336,0,-3.142111,0.255091,4.708119,-0.0015828,0.3088748,-0.0124143,0.9510204
1788248781360464640,OK,1,0,18.3487,0.353041,0,1310,0,-3.135213,0.254966,4.713093,-0.0018427,0.3116741,-0.0126523,0.9501030
1788248781393817344,OK,1,0,18.7865,0.362792,0,1261,0,-3.129268,0.254941,4.717371,-0.0019508,0.3140605,-0.0129516,0.9493126
1788248781427170048,OK,1,0,17.715,0.354209,0,1205,0,-3.123550,0.255431,4.720917,-0.0016639,0.3164907,-0.0132004,0.9485023
1788248781460521984,OK,1,0,16.8675,0.354167,0,1196,0,-3.118860,0.255705,4.724738,-0.0014142,0.3193439,-0.0135677,0.9475407
1788248781493874944,OK,1,0,18.0752,0.341083,0,1179,0,-3.115033,0.255863,4.727927,-0.0012239,0.3222813,-0.0138080,0.9465424
1788248781527227904,OK,1,0,17.0515,0.352625,0,1182,0,-3.109545,0.254892,4.731612,-0.0008339,0.3251933,-0.0143487,0.9455383
1788248781560581120,OK,1,0,17.8173,0.349375,0,1170,0,-3.104814,0.254258,4.733838,-0.0008721,0.3283041,-0.0146276,0.9444584
1788248781593934080,OK,1,0,20.5907,0.337292,0,1162,0,-3.100016,0.255075,4.736363,-0.0011507,0.3310864,-0.0144776,0.9434887
1788248781627287296,OK,1,0,16.7697,0.323667,0,1123,0,-3.093162,0.255282,4.737586,-0.0014381,0.3338569,-0.0143786,0.9425130
1788248781660640512,OK,1,0,17.158,0.342583,0,1094,0,-3.089958,0.255530,4.739587,-0.0016275,0.3360946,-0.0145214,0.9417149
1788248781693993984,OK,1,0,16.5845,0.334792,0,1080,0,-3.088147,0.256296,4.742054,-0.0013590,0.3371502,-0.0149063,0.9413319
1788248781727347200,OK,1,0,15.9062,0.337167,0,1078,0,-3.086214,0.256409,4.744092,-0.0010767,0.3387296,-0.0155146,0.9407552
1788248781760700672,OK,1,0,16.7112,0.338041,0,1091,0,-3.082301,0.256775,4.746714,-0.0007301,0.3408107,-0.0160160,0.9399952
1788248781794053888,OK,1,0,21.7829,0.349709,0,1126,0,-3.077736,0.256200,4.747063,-0.0009871,0.3426116,-0.0159872,0.9393406
1788248781827407104,OK,1,0,16.9607,0.342959,0,1062,0,-3.072110,0.256770,4.750526,-0.0013417,0.3443847,-0.0156880,0.9386966
1788248781860760576,OK,1,0,16.5384,0.341833,0,1062,0,-3.070787,0.256000,4.751538,-0.0017641,0.3462679,-0.0150450,0.9380134
1788248781894113024,OK,1,0,19.544,0.346917,0,1054,0,-3.065212,0.256574,4.753617,-0.0021018,0.3487871,-0.0149278,0.9370807
1788248781927466496,OK,1,0,17.1288,0.326958,0,1069,0,-3.059856,0.257285,4.753591,-0.0020428,0.3515928,-0.0149462,0.9360315
1788248781960820224,OK,1,0,18.9043,0.351584,0,1037,0,-3.058059,0.256639,4.752889,-0.0017921,0.3542511,-0.0152135,0.9350249
1788248781994173952,OK,1,0,16.5952,0.348708,0,1008,0,-3.056313,0.256566,4.752797,-0.0013335,0.3569388,-0.0160628,0.9339887
1788248782027527680,OK,1,0,16.695,0.322,0,2260,0,-3.052902,0.256583,4.753068,-0.0009924,0.3593994,-0.0163585,0.9330399
1788248782060881408,OK,1,0,22.9187,0.316542,0,1713,0,-3.049194,0.256882,4.751751,-0.0008412,0.3620329,-0.0165590,0.9320179
1788248782094235392,OK,1,0,22.9266,0.352625,0,1679,0,-3.045471,0.257152,4.752293,-0.0009884,0.3650304,-0.0164024,0.9308506
1788248782127589376,OK,1,0,20.8247,0.343,0,1665,0,-3.038654,0.257764,4.751582,-0.0012012,0.3675493,-0.0161093,0.9298638
1788248782160943360,OK,1,0,19.9355,0.338208,0,1628,0,-3.034955,0.258158,4.750657,-0.0013694,0.3701575,-0.0158135,0.9288334
1788248782194297344,OK,1,0,19.3038,0.361959,0,1668,0,-3.032179,0.257838,4.750531,-0.0015387,0.3728146,-0.0159703,0.9277672
1788248782227651584,OK,1,0,20.2941,0.332625,0,1488,0,-3.030988,0.259129,4.749569,-0.0013148,0.3757762,-0.0162834,0.9265665
1788248782261005824,OK,1,0,17.6125,0.349792,0,1435,0,-3.027396,0.258878,4.749214,-0.0012284,0.3782586,-0.0164411,0.9255531
1788248782294360064,OK,1,0,17.5798,0.344542,0,1380,0,-3.026527,0.258407,4.747911,-0.0014080,0.3811474,-0.0168576,0.9243595
1788248782327714560,OK,1,0,18.4922,0.352666,0,1329,0,-3.022453,0.258608,4.746530,-0.0014503,0.3840077,-0.0169244,0.9231736
1788248782361068032,OK,1,0,17.7021,0.345041,0,1320,0,-3.018856,0.258957,4.745386,-0.0014856,0.3873034,-0.0166366,0.9218010
1788248782394422528,OK,1,0,18.1689,0.341666,0,1286,0,-3.015827,0.259112,4.742728,-0.0013495,0.3906775,-0.0167352,0.9203745
1788248782427777024,OK,1,0,17.1597,0.311083,0,1252,0,-3.013126,0.258369,4.740570,-0.0014619,0.3944465,-0.0171436,0.9187578
1788248782461131776,OK,1,0,17.8553,0.329833,0,1196,0,-3.010039,0.259330,4.738042,-0.0011790,0.3988024,-0.0175739,0.9168677
1788248782494486528,OK,1,0,18.713,0.317458,0,1176,0,-3.007211,0.258520,4.734857,-0.0011919,0.4036376,-0.0177929,0.9147452
1788248782527841280,OK,1,0,17.6958,0.366458,0,1125,0,-3.003930,0.258722,4.731901,-0.0011099,0.4083602,-0.0177986,0.9126467
1788248782561196288,OK,1,0,16.1929,0.325291,0,1075,0,-2.998169,0.258120,4.728336,-0.0013922,0.4121440,-0.0178838,0.9109421
1788248782594551296,OK,1,0,16.1882,0.348625,0,1036,0,-2.993619,0.258713,4.725514,-0.0015673,0.4166000,-0.0178398,0.9089134
1788248782627906304,OK,1,0,15.8871,0.353583,0,1020,0,-2.988626,0.259695,4.722659,-0.0014652,0.4209760,-0.0179001,0.9068940
1788248782661261312,OK,1,0,15.5965,0.352,0,999,0,-2.988769,0.259108,4.718534,-0.0016236,0.4260322,-0.0178177,0.9045311
1788248782694616576,OK,1,0,14.9965,0.328167,0,960,0,-2.986888,0.258984,4.714623,-0.0014876,0.4310170,-0.0181617,0.9021599
1788248782727971584,OK,1,0,20.3099,0.358708,0,932,0,-2.983227,0.259229,4.711389,-0.0010289,0.4357854,-0.0188668,0.8998522
1788248782761326848,OK,1,0,15.9627,0.345875,0,908,0,-2.979637,0.258544,4.706684,-0.0008017,0.4403038,-0.0191401,0.8976445
1788248782794676224,OK,1,0,15.0867,0.327875,0,890,0,-2.976734,0.257958,4.701333,-0.0007255,0.4446919,-0.0194101,0.8954730
1788248782828026624,OK,1,0,14.7115,0.349791,0,847,0,-2.973180,0.257880,4.697634,-0.0007172,0.4494002,-0.0195021,0.8931174
1788248782861377280,OK,1,0,18.3441,0.353125,0,791,0,-2.970241,0.257594,4.692989,-0.0007689,0.4541102,-0.0196490,0.8907285
1788248782894727424,OK,1,0,13.967,0.354542,0,765,0,-2.967958,0.257459,4.688540,-0.0007169,0.4588566,-0.0199333,0.8882864
1788248782928078080,OK,1,0,13.9874,0.330333,0,743,0,-2.965528,0.257181,4.683835,-0.0007155,0.4633909,-0.0202437,0.8859224
1788248782961428736,OK,1,0,14.0998,0.325083,0,705,0,-2.962404,0.257472,4.679951,-0.0004767,0.4681497,-0.0208011,0.8834042
1788248782994779392,OK,1,0,15.2575,0.326875,0,653,0,-2.961463,0.257850,4.674651,-0.0004027,0.4729113,-0.0211876,0.8808552
1788248783028130048,OK,1,0,14.6535,0.335292,0,1611,0,-2.956559,0.258227,4.672072,-0.0004706,0.4773944,-0.0215921,0.8784237
1788248783061480704,OK,1,0,16.68,0.33575,0,1230,0,-2.952214,0.258557,4.667877,-0.0005043,0.4819650,-0.0215576,0.8759251
1788248783094831616,OK,1,0,15.2159,0.341708,0,1165,0,-2.949484,0.258321,4.664218,-0.0005782,0.4867722,-0.0215214,0.8732637
1788248783128182272,OK,1,0,18.489,0.333583,0,1120,0,-2.947188,0.257837,4.660101,-0.0006728,0.4914608,-0.0217251,0.8706284
1788248783161533184,OK,1,0,16.6018,0.361542,0,1084,0,-2.946202,0.257541,4.655776,-0.0004592,0.4960138,-0.0223226,0.8680275
1788248783194884352,OK,1,0,15.4422,0.360625,0,1014,0,-2.944397,0.257628,4.651818,0.0000113,0.5005228,-0.0229562,0.8654190
1788248783228234240,OK,1,0,14.8795,0.345583,0,976,0,-2.943733,0.256703,4.647331,-0.0000586,0.5051896,-0.0231468,0.8626979
1788248783261585152,OK,1,0,14.1378,0.349625,0,967,0,-2.940971,0.256193,4.643141,-0.0001001,0.5096841,-0.0234279,0.8600426
1788248783294936320,OK,1,0,13.9576,0.33875,0,874,0,-2.936680,0.256631,4.639581,-0.0002734,0.5143879,-0.0234600,0.8572366
1788248783328287232,OK,1,0,14.2434,0.344,0,807,0,-2.933230,0.256925,4.634933,-0.0004581,0.5189098,-0.0234603,0.8545070
1788248783361638400,OK,1,0,13.3372,0.342542,0,779,0,-2.930705,0.257250,4.631284,-0.0004965,0.5234658,-0.0238209,0.8517136
1788248783394989824,OK,1,0,12.9969,0.340625,0,737,0,-2.929076,0.257112,4.625748,-0.0005770,0.5277995,-0.0240211,0.8490291
1788248783428340992,OK,1,0,12.7265,0.332958,0,716,0,-2.926916,0.257391,4.622788,-0.0004770,0.5323777,-0.0244375,0.8461540
1788248783461692416,OK,1,0,12.6464,0.333792,0,686,0,-2.924844,0.257785,4.619546,-0.0004764,0.5368112,-0.0246924,0.8433409
1788248783495043584,OK,1,0,12.0183,0.358916,0,656,0,-2.921771,0.257156,4.614848,-0.0006504,0.5412513,-0.0249225,0.8404912
1788248783528395008,OK,1,0,13.3789,0.353709,0,636,0,-2.921166,0.256071,4.610405,-0.0009161,0.5458533,-0.0249145,0.8375098
1788248783561746688,OK,1,0,11.9098,0.341334,0,584,0,-2.918590,0.255290,4.606306,-0.0010449,0.5504009,-0.0250929,0.8345227
1788248783595097856,OK,1,0,12.9308,0.341375,0,557,0,-2.916124,0.255767,4.602952,-0.0010892,0.5549905,-0.0253929,0.8314683
1788248783628449536,OK,1,0,11.37,0.338375,0,544,0,-2.914517,0.255316,4.597795,-0.0010379,0.5593033,-0.0254987,0.8285702
1788248783661799936,OK,1,0,11.0831,0.327583,0,534,0,-2.912350,0.255809,4.593048,-0.0009744,0.5636088,-0.0257085,0.8256412
1788248783695151872,OK,1,0,12.4637,0.312709,0,521,0,-2.910760,0.255376,4.589598,-0.0011758,0.5679351,-0.0261024,0.8226585
1788248783728503296,OK,1,0,11.5349,0.3405,0,509,0,-2.908387,0.254786,4.585587,-0.0014507,0.5722831,-0.0263632,0.8196310
1788248783761855232,OK,1,0,10.4284,0.347333,0,472,0,-2.906698,0.254719,4.580521,-0.0014664,0.5767372,-0.0264462,0.8165003
1788248783795197440,OK,1,0,9.95475,0.322708,0,429,0,-2.906205,0.254310,4.577217,-0.0017041,0.5812330,-0.0267101,0.8132969
1788248783828540160,OK,1,0,11.5448,0.348292,0,411,0,-2.903207,0.254748,4.573051,-0.0016959,0.5857175,-0.0272160,0.8100565
1788248783861882368,OK,1,0,9.70058,0.310709,0,409,0,-2.899779,0.254143,4.568166,-0.0017966,0.5900380,-0.0272862,0.8069122
1788248783895224832,OK,1,0,9.17792,0.338042,0,391,0,-2.900335,0.253460,4.562635,-0.0017206,0.5943328,-0.0274187,0.8037499
1788248783928567040,OK,1,0,11.611,0.357667,0,380,0,-2.897984,0.252534,4.556964,-0.0020330,0.5985149,-0.0276750,0.8006310
1788248783961909760,OK,1,0,10.3306,0.364084,0,368,0,-2.895969,0.252484,4.552649,-0.0020123,0.6029531,-0.0280577,0.7972805
1788248783995251968,OK,1,0,9.37588,0.3405,0,363,0,-2.894118,0.252434,4.548521,-0.0020011,0.6072562,-0.0280998,0.7940066
1788248784028594432,OK,1,0,9.20142,0.29775,0,790,0,-2.892826,0.252477,4.543416,-0.0018311,0.6116524,-0.0282882,0.7906186
1788248784061936640,OK,1,0,10.0974,0.35875,0,628,0,-2.892136,0.252434,4.537621,-0.0018875,0.6157805,-0.0284684,0.7874011
1788248784095279360,OK,1,0,10.9209,0.334417,0,608,0,-2.891103,0.252697,4.533180,-0.0017764,0.6200404,-0.0286057,0.7840463
1788248784128620544,OK,1,0,10.4235,0.350041,0,591,0,-2.889903,0.253891,4.528773,-0.0014048,0.6241268,-0.0287597,0.7807924
1788248784161963008,OK,1,0,9.82896,0.347709,0,561,0,-2.887679,0.254390,4.524466,-0.0014834,0.6282378,-0.0292077,0.7774715
1788248784195305216,OK,1,0,10.3438,0.330459,0,551,0,-2.888480,0.253807,4.520136,-0.0017309,0.6325133,-0.0295648,0.7739831
1788248784228647680,OK,1,0,9.645,0.346375,0,538,0,-2.887455,0.253041,4.516657,-0.0020254,0.6368123,-0.0298522,0.7704381
1788248784261989888,OK,1,0,10.0123,0.349416,0,495,0,-2.886280,0.252457,4.511102,-0.0019941,0.6407722,-0.0299052,0.7671459
1788248784295332352,OK,1,0,9.39354,0.32575,0,470,0,-2.885045,0.252900,4.506421,-0.0016975,0.6449721,-0.0299897,0.7636156
1788248784328674560,OK,1,0,9.13375,0.358458,0,444,0,-2.884013,0.252514,4.501009,-0.0012277,0.6489756,-0.0300905,0.7602130
1788248784362017024,OK,1,0,9.91792,0.337125,0,421,0,-2.884521,0.252601,4.495347,-0.0012546,0.6530424,-0.0304658,0.7567073
1788248784395359488,OK,1,0,9.19846,0.351959,0,404,0,-2.883619,0.252371,4.490535,-0.0013587,0.6570656,-0.0307810,0.7532035
1788248784428701696,OK,1,0,9.96071,0.351167,0,400,0,-2.885496,0.252147,4.486210,-0.0012776,0.6610271,-0.0312016,0.7497119
1788248784462043904,OK,1,0,8.58079,0.331042,0,415,0,-2.885179,0.252201,4.480948,-0.0010967,0.6648704,-0.0316182,0.7462885
1788248784495386112,OK,1,0,9.66563,0.339583,0,380,0,-2.883846,0.252181,4.477147,-0.0008508,0.6690055,-0.0319686,0.7425693
1788248784528728576,OK,1,0,8.19408,0.324334,0,369,0,-2.884519,0.251926,4.473148,-0.0004605,0.6730670,-0.0322895,0.7388762
1788248784562069760,OK,1,0,9.12996,0.40175,0,352,0,-2.885731,0.251672,4.467764,-0.0004714,0.6770508,-0.0327111,0.7352088
1788248784595412224,OK,1,0,7.88821,0.318875,0,340,0,-2.887254,0.251404,4.462791,-0.0007322,0.6811710,-0.0330372,0.7313782
1788248784628754432,OK,1,0,9.01846,0.354167,0,345,0,-2.888710,0.251467,4.457244,-0.0008829,0.6850091,-0.0332729,0.7277738
1788248784662096640,OK,1,0,8.00238,0.3315,0,342,0,-2.886415,0.250778,4.452515,-0.0008663,0.6889149,-0.0333009,0.7240763
1788248784695438848,OK,1,0,8.26892,0.358333,0,342,0,-2.884192,0.250934,4.448827,-0.0007162,0.6927955,-0.0335824,0.7203513
1788248784728781312,OK,1,0,7.83713,0.325416,0,313,0,-2.884965,0.250147,4.443711,-0.0004337,0.6965820,-0.0337920,0.7166808
1788248784762123520,OK,1,0,7.89121,0.354875,0,301,0,-2.884579,0.249876,4.438743,-0.0000926,0.6999690,-0.0339102,0.7133678
1788248784795459840,OK,1,0,7.58229,0.34725,0,306,0,-2.879841,0.250108,4.434681,-0.0000714,0.7034102,-0.0338302,0.7099786
1788248784828796672,OK,1,0,9.20104,0.346083,0,314,0,-2.878443,0.250079,4.429022,-0.0004053,0.7067063,-0.0334180,0.7067173
1788248784862132992,OK,1,0,8.16342,0.342167,0,291,0,-2.876543,0.250265,4.421760,-0.0007218,0.7095871,-0.0329248,0.7038478
1788248784895469568,OK,1,0,8.06242,0.348209,0,294,0,-2.870913,0.249817,4.417876,-0.0006907,0.7125253,-0.0325196,0.7008921
1788248784928805632,OK,1,0,7.65792,0.3305,0,285,0,-2.870547,0.250159,4.414825,-0.0006749,0.7156056,-0.0325706,0.6977444
1788248784962142208,OK,1,0,7.791,0.343917,0,301,0,-2.865943,0.251060,4.412512,-0.0005996,0.7183163,-0.0330631,0.6949304
1788248784995478272,OK,1,0,7.64529,0.325917,0,280,0,-2.869607,0.249589,4.407189,-0.0009032,0.7212229,-0.0334625,0.6918938
1788248785028813568,OK,1,0,11.4285,0.327792,0,823,0,-2.881153,0.245769,4.402769,-0.0011778,0.7250353,-0.0339875,0.6878716
1788248785062149632,OK,1,0,10.4519,0.342291,0,644,0,-2.879127,0.245520,4.398003,-0.0012549,0.7277365,-0.0341190,0.6850065
1788248785095485952,OK,1,0,11.1755,0.340541,0,803,0,-2.876519,0.246095,4.395591,-0.0010022,0.7308482,-0.0345223,0.6816657
1788248785128822016,OK,1,0,10.6173,0.363209,0,767,0,-2.874492,0.246287,4.391597,-0.0009871,0.7337497,-0.0346048,0.6785374
1788248785162158080,OK,1,0,10.6409,0.3605,0,701,0,-2.871265,0.246303,4.388292,-0.0011513,0.7365177,-0.0347794,0.6755227
1788248785195494144,OK,1,0,10.3914,0.345667,0,678,0,-2.869760,0.245865,4.384529,-0.0012036,0.7392278,-0.0346341,0.6725633
1788248785228829952,OK,1,0,10.0364,0.341209,0,655,0,-2.868228,0.245833,4.380758,-0.0011240,0.7420591,-0.0347541,0.6694320
1788248785262166016,OK,1,0,9.46371,0.344542,0,621,0,-2.863765,0.245349,4.377321,-0.0011180,0.7448944,-0.0349691,0.6662644
1788248785295501824,OK,1,0,10.2884,0.371459,0,603,0,-2.862021,0.246167,4.372875,-0.0010047,0.7475294,-0.0351128,0.6632991
1788248785328837632,OK,1,0,8.98446,0.350667,0,583,0,-2.859856,0.246667,4.370027,-0.0008330,0.7502314,-0.0354636,0.6602231
1788248785362173440,OK,1,0,8.58662,0.343667,0,568,0,-2.859759,0.245735,4.366679,-0.0010211,0.7524553,-0.0359494,0.6576607
1788248785395508992,OK,1,0,9.49167,0.303125,0,562,0,-2.856697,0.245417,4.364814,-0.0009239,0.7541617,-0.0366320,0.6556656
1788248785428844800,OK,1,0,10.1508,0.4255,0,553,0,-2.854739,0.245357,4.363501,-0.0008047,0.7557354,-0.0370788,0.6538261
1788248785462179328,OK,1,0,10.129,0.37175,0,556,0,-2.848931,0.245521,4.360751,-0.0008877,0.7575189,-0.0368518,0.6517717
1788248785495515136,OK,1,0,10.4363,0.348,0,533,0,-2.844130,0.245333,4.356749,-0.0012284,0.7591345,-0.0363793,0.6499154
1788248785528850688,OK,1,0,9.969,0.3395,0,506,0,-2.838204,0.246282,4.353127,-0.0012778,0.7604429,-0.0360328,0.6484031
1788248785562185984,OK,1,0,10.193,0.329,0,493,0,-2.834863,0.246715,4.351313,-0.0012715,0.7617070,-0.0360381,0.6469175
1788248785595521536,OK,1,0,9.83033,0.330875,0,486,0,-2.830773,0.246844,4.348479,-0.0010168,0.7629150,-0.0361411,0.6454871
1788248785628856832,OK,1,0,9.27962,0.346958,0,529,0,-2.836518,0.243281,4.352198,-0.0024373,0.7656938,-0.0389469,0.6420204
1788248785662192384,OK,1,0,9.47304,0.350041,0,949,0,-2.831792,0.241897,4.349864,-0.0028182,0.7671732,-0.0392781,0.6402301
1788248785695527680,OK,1,0,10.1497,0.34475,0,980,0,-2.828652,0.241731,4.347259,-0.0031263,0.7690014,-0.0394503,0.6380211
1788248785728862976,OK,1,0,11.9982,0.357541,0,902,0,-2.826712,0.242115,4.342573,-0.0033045,0.7715746,-0.0394735,0.6349044
1788248785762198272,OK,1,0,11.5475,0.35375,0,867,0,-2.823020,0.241332,4.338725,-0.0032574,0.7741519,-0.0394773,0.6317593
1788248785795534592,OK,1,0,11.1566,0.368458,0,854,0,-2.820294,0.241619,4.335620,-0.0030957,0.7766619,-0.0398330,0.6286495
1788248785828871168,OK,1,0,10.9624,0.355959,0,803,0,-2.818798,0.241383,4.332702,-0.0031443,0.7795310,-0.0404664,0.6250472
1788248785862207232,OK,1,0,11.4641,0.340291,0,766,0,-2.816265,0.240519,4.327984,-0.0032737,0.7825078,-0.0407961,0.6212942
1788248785895542784,OK,1,0,10.0298,0.3645,0,703,0,-2.814761,0.240396,4.321321,-0.0030539,0.7859632,-0.0406725,0.6169265
1788248785928878848,OK,1,0,13.4554,0.36375,0,701,0,-2.812786,0.240361,4.315582,-0.0027480,0.7897412,-0.0403584,0.6121051
1788248785962215168,OK,1,0,11.1109,0.341583,0,633,0,-2.813882,0.240945,4.308121,-0.0029205,0.7933366,-0.0404779,0.6074291
1788248785995551232,OK,1,0,10.7628,0.348125,0,615,0,-2.809515,0.240359,4.304776,-0.0033622,0.7972315,-0.0411817,0.6022580
1788248786028887296,OK,1,0,10.5503,0.348792,0,595,0,-2.807360,0.239480,4.301328,-0.0037211,0.8012878,-0.0420912,0.5967849
1788248786062223360,OK,1,0,10.2177,0.353833,0,575,0,-2.807364,0.238631,4.297223,-0.0037520,0.8054571,-0.0428511,0.5910910
1788248786095559424,OK,1,0,10.431,0.357792,0,723,0,-2.808673,0.238337,4.292699,-0.0039647,0.8096893,-0.0435331,0.5852284
1788248786128895232,OK,1,0,23.1947,0.3475,0,656,0,-2.808732,0.238705,4.285434,-0.0040503,0.8132765,-0.0445348,0.5801566
1788248786162231296,OK,1,0,10.0831,0.343417,0,597,0,-2.806846,0.237995,4.278737,-0.0038630,0.8174359,-0.0443040,0.5743003
1788248786195566848,OK,1,0,10.0482,0.342625,0,653,0,-2.803968,0.238836,4.270541,-0.0039524,0.8214940,-0.0440584,0.5684986
1788248786228902912,OK,1,0,9.49046,0.331459,0,622,0,-2.803799,0.238810,4.264887,-0.0043948,0.8257015,-0.0438349,0.5623844
1788248786262238464,OK,1,0,9.35375,0.335,0,598,0,-2.801147,0.239339,4.260177,-0.0048255,0.8296404,-0.0443405,0.5565138
1788248786295574272,OK,1,0,9.41904,0.350417,0,582,0,-2.800528,0.238808,4.253681,-0.0049963,0.8333175,-0.0451059,0.5509288
1788248786328909824,OK,1,0,9.25142,0.343208,0,566,0,-2.796215,0.239609,4.245605,-0.0051458,0.8371559,-0.0457207,0.5450259
1788248786362244608,OK,1,0,9.37242,0.331041,0,559,0,-2.792727,0.242878,4.237966,-0.0052944,0.8408310,-0.0459868,0.5393148
1788248786395580160,OK,1,0,9.52846,0.332042,0,538,0,-2.794966,0.240046,4.228326,-0.0056394,0.8443947,-0.0453517,0.5337688
1788248786428915712,OK,1,0,10.1286,0.35225,0,623,0,-2.796556,0.239299,4.223043,-0.0053692,0.8483690,-0.0448048,0.5274787
1788248786462251264,OK,1,0,9.96175,0.358417,0,558,0,-2.796042,0.239091,4.213592,-0.0057277,0.8520012,-0.0446955,0.5215971
1788248786495586560,OK,1,0,9.81179,0.342792,0,580,0,-2.795996,0.238713,4.210428,-0.0058319,0.8557778,-0.0449794,0.5153516
1788248786528921856,OK,1,0,10.0332,0.336375,0,634,0,-2.796579,0.239563,4.205001,-0.0054665,0.8592390,-0.0457335,0.5094967
1788248786562257408,OK,1,0,10.0587,0.345042,0,611,0,-2.797887,0.238535,4.199260,-0.0054076,0.8627722,-0.0467438,0.5033984
1788248786595592448,OK,1,0,9.90117,0.353375,0,677,0,-2.799295,0.239727,4.190061,-0.0053142,0.8662241,-0.0474628,0.4973679
1788248786628928000,OK,1,0,10.7165,0.352208,0,593,0,-2.798355,0.240467,4.181333,-0.0051792,0.8696244,-0.0477218,0.4913748
1788248786662263296,OK,1,0,10.6969,0.342167,0,633,0,-2.803422,0.239928,4.176558,-0.0050594,0.8730933,-0.0476705,0.4851908
1788248786695598336,OK,1,0,10.1273,0.311709,0,616,0,-2.802499,0.241550,4.168159,-0.0052861,0.8766458,-0.0478758,0.4787193
1788248786728933376,OK,1,0,9.84679,0.313708,0,629,0,-2.800766,0.241292,4.162127,-0.0058025,0.8800719,-0.0481653,0.4723557
1788248786762268672,OK,1,0,10.5546,0.355625,0,646,0,-2.803152,0.241153,4.158240,-0.0061496,0.8833545,-0.0486076,0.4661376
1788248786795603968,OK,1,0,10.2781,0.332292,0,680,0,-2.803355,0.240426,4.150886,-0.0059384,0.8866128,-0.0489341,0.4598783
1788248786828940800,OK,1,0,10.3876,0.337166,0,629,0,-2.805128,0.238990,4.146429,-0.0060583,0.8899501,-0.0491381,0.4533625
1788248786862277120,OK,1,0,10.7305,0.33725,0,603,0,-2.806715,0.240716,4.139831,-0.0061994,0.8930199,-0.0491833,0.4472784
1788248786895613440,OK,1,0,11.077,0.330917,0,720,0,-2.805029,0.241307,4.130414,-0.0062512,0.8961011,-0.0489695,0.4410962
1788248786928949760,OK,1,0,11.7816,0.377625,0,623,0,-2.806179,0.240620,4.122998,-0.0060181,0.8993061,-0.0487456,0.4345528
1788248786962286080,OK,1,0,11.5783,0.339458,0,619,0,-2.807942,0.241389,4.117595,-0.0064499,0.9023907,-0.0491110,0.4280625
1788248786995622400,OK,1,0,12.0207,0.341334,0,608,0,-2.809988,0.240482,4.111814,-0.0064701,0.9053203,-0.0494759,0.4217885
1788248787028958464,OK,1,0,11.1623,0.339125,0,616,0,-2.812414,0.239138,4.106030,-0.0063714,0.9083022,-0.0501132,0.4152532
1788248787062294784,OK,1,0,13.0987,0.330583,0,594,0,-2.813140,0.240383,4.104692,-0.0067085,0.9113960,-0.0512192,0.4082755
1788248787095630848,OK,1,0,12.8766,0.333209,0,579,0,-2.816911,0.238758,4.097703,-0.0065816,0.9142005,-0.0515609,0.4019149
1788248787128967168,OK,1,0,12.2006,0.334708,0,592,0,-2.818317,0.238298,4.093176,-0.0063915,0.9170358,-0.0516458,0.3953951
1788248787162302976,OK,1,0,13.6075,0.349333,0,553,0,-2.818888,0.238978,4.084720,-0.0060340,0.9198732,-0.0517021,0.3887464
1788248787195639040,OK,1,0,14.2197,0.334875,0,557,0,-2.821062,0.237597,4.081121,-0.0062646,0.9225945,-0.0516575,0.3822455
1788248787228973824,OK,1,0,12.9004,0.35775,0,540,0,-2.824691,0.238211,4.075493,-0.0065936,0.9250060,-0.0518544,0.3763396
1788248787262309888,OK,1,0,13.6613,0.350375,0,536,0,-2.823019,0.240286,4.065623,-0.0064536,0.9274428,-0.0526358,0.3701861
1788248787295645696,OK,1,0,14.5514,0.328875,0,543,0,-2.823459,0.240039,4.057253,-0.0062328,0.9299036,-0.0529317,0.3639211
1788248787328981504,OK,1,0,12.5504,0.341042,0,539,0,-2.826196,0.238915,4.049252,-0.0063044,0.9322933,-0.0530310,0.3577392
1788248787362317056,OK,1,0,13.9167,0.361667,0,522,0,-2.828111,0.239286,4.041725,-0.0063667,0.9345372,-0.0531055,0.3518232
1788248787395652864,OK,1,0,15.3137,0.362083,0,861,0,-2.831148,0.238822,4.039954,-0.0060398,0.9368284,-0.0528207,0.3457254
1788248787428988416,OK,1,0,14.2283,0.351541,0,769,0,-2.832980,0.237555,4.037488,-0.0060094,0.9391759,-0.0525995,0.3393314
1788248787462324224,OK,1,0,14.0539,0.351792,0,730,0,-2.834446,0.237297,4.031218,-0.0062576,0.9413503,-0.0529691,0.3331888
1788248787495659776,OK,1,0,15.641,0.33075,0,766,0,-2.841254,0.233799,4.024593,-0.0060358,0.9431651,-0.0528477,0.3280400
1788248787528995328,OK,1,0,14.2927,0.344792,0,777,0,-2.843728,0.234005,4.021431,-0.0059946,0.9453409,-0.0537645,0.3215651
1788248787562330880,OK,1,0,15.9678,0.333709,0,832,0,-2.847395,0.233808,4.017493,-0.0062035,0.9474518,-0.0542522,0.3152035
1788248787595666176,OK,1,0,14.9235,0.382875,0,841,0,-2.848363,0.232848,4.011483,-0.0064177,0.9496165,-0.0541837,0.3086284
1788248787629001728,OK,1,0,15.2762,0.338792,0,803,0,-2.850723,0.233514,4.004530,-0.0062487,0.9516596,-0.0538939,0.3023253
1788248787662337024,OK,1,0,14.7253,0.345042,0,793,0,-2.853351,0.232103,3.995390,-0.0058003,0.9537172,-0.0534227,0.2958648
1788248787695671296,OK,1,0,15.09,0.335,0,768,0,-2.858074,0.231636,3.990814,-0.0058497,0.9556054,-0.0535035,0.2896923
1788248787729006592,OK,1,0,15.5201,0.34575,0,755,0,-2.859823,0.232429,3.985754,-0.0060583,0.9574192,-0.0542159,0.2835003
1788248787762341888,OK,1,0,15.2506,0.327833,0,730,0,-2.861123,0.231832,3.981053,-0.0061576,0.9593036,-0.0547766,0.2769445
1788248787795678720,OK,1,0,15.839,0.378209,0,715,0,-2.863060,0.231299,3.975518,-0.0063124,0.9611065,-0.0552168,0.2705284
1788248787829015552,OK,1,0,15.6644,0.348041,0,697,0,-2.866239,0.231432,3.965388,-0.0063192,0.9624874,-0.0551232,0.2655928
1788248787862352384,OK,1,0,15.7283,0.361667,0,695,0,-2.867556,0.230710,3.958577,-0.0062420,0.9639567,-0.0545348,0.2603354
1788248787895689216,OK,1,0,15.5067,0.349792,0,680,0,-2.872690,0.230448,3.954587,-0.0056543,0.9653943,-0.0540590,0.2550676
1788248787929025792,OK,1,0,15.1626,0.349791,0,688,0,-2.875288,0.229872,3.949835,-0.0055702,0.9667664,-0.0539035,0.2498523
1788248787962362624,OK,1,0,17.2748,0.365167,0,670,0,-2.876878,0.228928,3.947788,-0.0059190,0.9680864,-0.0542463,0.2446039
1788248787995699200,OK,1,0,16.049,0.337334,0,667,0,-2.878665,0.228783,3.943943,-0.0060381,0.9692864,-0.0548978,0.2396531
1788248788029035520,OK,1,0,16.1785,0.35825,0,694,0,-2.878941,0.229823,3.933369,-0.0061301,0.9704986,-0.0554149,0.2345724
1788248788062372352,OK,1,0,15.3211,0.3655,0,633,0,-2.882170,0.226956,3.930501,-0.0061529,0.9717860,-0.0551086,0.2292536
1788248788095708672,OK,1,0,16.1565,0.350625,0,625,0,-2.883772,0.227192,3.925022,-0.0062523,0.9730161,-0.0546282,0.2240898
1788248788129044224,OK,1,0,15.7398,0.344083,0,613,0,-2.886916,0.227869,3.916100,-0.0056724,0.9741883,-0.0540911,0.2190872
1788248788162380544,OK,1,0,16.8169,0.373792,0,615,0,-2.886626,0.227756,3.905227,-0.0055954,0.9753078,-0.0539649,0.2140825
1788248788195717120,OK,1,0,16.3135,0.352333,0,606,0,-2.890509,0.226764,3.899067,-0.0055875,0.9763380,-0.0541084,0.2092967
1788248788229053184,OK,1,0,17.0976,0.359834,0,598,0,-2.896443,0.227248,3.896099,-0.0058208,0.9772162,-0.0547323,0.2049851
1788248788262389760,OK,1,0,16.2828,0.350667,0,602,0,-2.895985,0.224738,3.892781,-0.0060874,0.9782546,-0.0554068,0.1997776
1788248788295725824,OK,1,0,17.9391,0.345833,0,589,0,-2.896758,0.224980,3.887872,-0.0060090,0.9792602,-0.0560875,0.1945957
1788248788329061888,OK,1,0,16.246,0.369583,0,570,0,-2.902338,0.223613,3.882845,-0.0059829,0.9802079,-0.0559380,0.1898096
1788248788362398208,OK,1,0,18.2982,0.334208,0,572,0,-2.904228,0.223482,3.873046,-0.0054696,0.9811987,-0.0554850,0.1847716
1788248788395734272,OK,1,0,16.7025,0.355167,0,823,0,-2.907605,0.223172,3.866498,-0.0052576,0.9821527,-0.0551056,0.1797549
1788248788429070336,OK,1,0,17.8993,0.3335,0,745,0,-2.910123,0.224025,3.859825,-0.0052780,0.9829658,-0.0554668,0.1751393
1788248788462406400,OK,1,0,28.3469,0.32975,0,766,0,-2.918148,0.215925,3.863230,-0.0058731,0.9835208,-0.0558210,0.1718615
1788248788495742464,OK,1,0,18.3395,0.31275,0,776,0,-2.917375,0.216111,3.861006,-0.0065983,0.9840971,-0.0575470,0.1679219
1788248788529078272,OK,1,0,18.7647,0.325875,0,738,0,-2.919702,0.215853,3.852663,-0.0067185,0.9846677,-0.0582551,0.1642890
1788248788562413312,OK,1,0,16.9654,0.299125,0,780,0,-2.925832,0.213251,3.849277,-0.0060066,0.9852595,-0.0577307,0.1609191
1788248788595749376,OK,1,0,17.4651,0.341959,0,771,0,-2.925364,0.213880,3.837696,-0.0055858,0.9856227,-0.0566348,0.1590888
1788248788629084928,OK,1,0,17.7025,0.334917,0,746,0,-2.925950,0.215321,3.829747,-0.0048970,0.9857647,-0.0559512,0.1584724
1788248788662420992,OK,1,0,17.3882,0.365167,0,742,0,-2.924275,0.214760,3.820572,-0.0047417,0.9860083,-0.0553129,0.1571805
1788248788695756544,OK,1,0,17.2455,0.357666,0,728,0,-2.924047,0.214008,3.815910,-0.0052031,0.9862875,-0.0557093,0.1552619
1788248788729092352,OK,1,0,16.9112,0.354667,0,703,0,-2.920737,0.213718,3.811275,-0.0058568,0.9864692,-0.0566700,0.1537295
1788248788762427904,OK,1,0,16.3969,0.340292,0,723,0,-2.918489,0.210859,3.808544,-0.0065424,0.9866375,-0.0570108,0.1524909
1788248788795764224,OK,1,0,17.2742,0.332125,0,709,0,-2.916037,0.211997,3.799017,-0.0064354,0.9868262,-0.0572881,0.1511646
1788248788829100544,OK,1,0,19.1042,0.359,0,707,0,-2.917470,0.210741,3.792044,-0.0062765,0.9870971,-0.0571498,0.1494454
1788248788862436864,OK,1,0,17.2327,0.327458,0,695,0,-2.919989,0.210570,3.783103,-0.0055983,0.9873704,-0.0563045,0.1479803
1788248788895772928,OK,1,0,18.4926,0.34675,0,708,0,-2.919405,0.211705,3.774811,-0.0052360,0.9876114,-0.0554130,0.1467170
1788248788929109248,OK,1,0,18.1234,0.359792,0,698,0,-2.918306,0.211802,3.766006,-0.0049309,0.9878184,-0.0548339,0.1455462
1788248788962445056,OK,1,0,16.6949,0.3405,0,684,0,-2.918964,0.210936,3.758392,-0.0050153,0.9880078,-0.0550182,0.1441815
1788248788995781376,OK,1,0,16.6533,0.318833,0,665,0,-2.913694,0.210088,3.749898,-0.0053990,0.9881783,-0.0555325,0.1427962
1788248789029116160,OK,1,0,17.9804,0.33325,0,650,0,-2.913565,0.207446,3.751072,-0.0058162,0.9883203,-0.0562619,0.1415055
1788248789062452224,OK,1,0,18.9877,0.365792,0,673,0,-2.913645,0.207497,3.745728,-0.0061805,0.9884331,-0.0569126,0.1404375
1788248789095788032,OK,1,0,18.2838,0.341875,0,682,0,-2.913983,0.208189,3.739858,-0.0061131,0.9886742,-0.0572203,0.1386068
1788248789129123840,OK,1,0,16.2553,0.33125,0,659,0,-2.915208,0.206872,3.731059,-0.0059499,0.9891045,-0.0567060,0.1357252
1788248789162459648,OK,1,0,20.093,0.338375,0,622,0,-2.915054,0.208607,3.715577,-0.0054886,0.9895589,-0.0560072,0.1326883
1788248789195795456,OK,1,0,18.2178,0.339541,0,641,0,-2.916825,0.207720,3.706714,-0.0052506,0.9899920,-0.0550836,0.1298238
1788248789229131008,OK,1,0,17.5915,0.355459,0,616,0,-2.920559,0.206677,3.704221,-0.0049688,0.9903254,-0.0547636,0.1274043
1788248789262466816,OK,1,0,16.3293,0.372792,0,604,0,-2.918696,0.206364,3.693491,-0.0053326,0.9907171,-0.0549400,0.1242295
1788248789295802368,OK,1,0,16.205,0.335875,0,599,0,-2.919098,0.206572,3.687643,-0.0055472,0.9911009,-0.0553846,0.1209162
1788248789329137920,OK,1,0,17.5723,0.358166,0,592,0,-2.920690,0.206025,3.679181,-0.0057014,0.9914522,-0.0559310,0.1177366
1788248789362473728,OK,1,0,19.2338,0.341708,0,606,0,-2.921852,0.204118,3.675529,-0.0058259,0.9919059,-0.0562319,0.1136954
1788248789395809024,OK,1,0,17.7275,0.375458,0,876,0,-2.925319,0.204172,3.667206,-0.0057482,0.9924061,-0.0561699,0.1092799
1788248789429144576,OK,1,0,17.4717,0.348791,0,764,0,-2.930570,0.203739,3.659114,-0.0052997,0.9928849,-0.0555545,0.1051918
1788248789462478848,OK,1,0,17.3175,0.329584,0,747,0,-2.935466,0.203209,3.650703,-0.0045345,0.9932898,-0.0551501,0.1015539
1788248789495814144,OK,1,0,18.8482,0.34625,0,736,0,-2.937556,0.204426,3.639006,-0.0043289,0.9936560,-0.0552105,0.0978815
1788248789529149440,OK,1,0,18.2306,0.360541,0,738,0,-2.940563,0.204702,3.632308,-0.0043823,0.9940284,-0.0554414,0.0938866
1788248789562484736,OK,1,0,24.088,0.319041,0,740,0,-2.942903,0.200509,3.630883,-0.0053021,0.9944236,-0.0554087,0.0895739
1788248789595820032,OK,1,0,18.1647,0.318667,0,729,0,-2.945778,0.200312,3.625001,-0.0054918,0.9947493,-0.0557791,0.0856295
1788248789629155072,OK,1,0,18.6809,0.346916,0,766,0,-2.948772,0.198759,3.618725,-0.0057473,0.9950860,-0.0558260,0.0815744
1788248789662490112,OK,1,0,17.3998,0.336709,0,901,0,-2.949286,0.199305,3.608960,-0.0052356,0.9954259,-0.0556456,0.0774814
1788248789695825152,OK,1,0,16.8763,0.32875,0,868,0,-2.951304,0.200388,3.598086,-0.0047231,0.9957401,-0.0555614,0.0734332
1788248789729160448,OK,1,0,18.3295,0.350083,0,842,0,-2.957732,0.199578,3.596173,-0.0050455,0.9960384,-0.0553800,0.0693918
1788248789762495488,OK,1,0,18.1601,0.345541,0,834,0,-2.957023,0.199985,3.586058,-0.0054679,0.9963139,-0.0554133,0.0652543
1788248789795831808,OK,1,0,18.1797,0.336625,0,833,0,-2.960009,0.199439,3.577955,-0.0057748,0.9965562,-0.0552665,0.0615464
1788248789829167872,OK,1,0,18.883,0.351584,0,825,0,-2.963429,0.198554,3.570673,-0.0059241,0.9967924,-0.0550999,0.0577394
1788248789862504192,OK,1,0,18.167,0.344958,0,805,0,-2.965467,0.198380,3.563887,-0.0057023,0.9970215,-0.0550142,0.0537502
1788248789895839232,OK,1,0,17.8846,0.352,0,804,0,-2.971161,0.198012,3.560100,-0.0051003,0.9972119,-0.0551570,0.0500008
1788248789929175552,OK,1,0,19.1833,0.357708,0,806,0,-2.975865,0.196682,3.554811,-0.0053072,0.9974046,-0.0551330,0.0460031
1788248789962511616,OK,1,0,18.9168,0.354584,0,803,0,-2.979548,0.194827,3.549104,-0.0056664,0.9975781,-0.0551392,0.0420191
1788248789995847680,OK,1,0,19.7197,0.331208,0,783,0,-2.980982,0.195670,3.542828,-0.0056815,0.9977219,-0.0553378,0.0381632
1788248790029183744,OK,1,0,18.8213,0.350541,0,798,0,-2.986483,0.195750,3.537828,-0.0057489,0.9978334,-0.0554958,0.0348652
1788248790062519808,OK,1,0,18.7903,0.362167,0,788,0,-2.988349,0.195669,3.531016,-0.0058118,0.9979510,-0.0553073,0.0316411
1788248790095855616,OK,1,0,18.1628,0.345458,0,782,0,-2.992774,0.194166,3.523547,-0.0053768,0.9980491,-0.0549288,0.0291868
1788248790129191680,OK,1,0,20.6462,0.324666,0,742,0,-2.994981,0.193831,3.519197,-0.0049736,0.9981031,-0.0550632,0.0270850
1788248790162527232,OK,1,0,20.0124,0.341334,0,753,0,-2.995481,0.194050,3.509360,-0.0052555,0.9981486,-0.0552058,0.0249827
1788248790195863040,OK,1,0,20.9736,0.316209,0,735,0,-2.997284,0.194020,3.502682,-0.0054986,0.9981665,-0.0557138,0.0230099
1788248790229198848,OK,1,0,19.6286,0.349917,0,736,0,-2.999321,0.191959,3.500438,-0.0057723,0.9981410,-0.0563756,0.0224288
1788248790262534656,OK,1,0,17.9393,0.358417,0,730,0,-2.996781,0.191734,3.493552,-0.0060499,0.9981083,-0.0568777,0.0225448
1788248790295870208,OK,1,0,19.1957,0.356917,0,712,0,-2.997720,0.191203,3.484369,-0.0061310,0.9981294,-0.0565387,0.0224401
1788248790329205760,OK,1,0,19.5346,0.334291,0,706,0,-2.999857,0.191376,3.474544,-0.0056239,0.9981716,-0.0560051,0.0220290
1788248790362540288,OK,1,0,19.9766,0.338333,0,714,0,-3.000926,0.190701,3.462493,-0.0047644,0.9982076,-0.0556719,0.0214381
1788248790395875840,OK,1,0,20.0673,0.357791,0,1276,0,-3.004149,0.190109,3.456159,-0.0043674,0.9982182,-0.0555511,0.0213411
1788248790429211136,OK,1,0,19.6492,0.320458,0,1052,0,-3.003160,0.190338,3.446862,-0.0044169,0.9982319,-0.0553862,0.0211148
1788248790462546688,OK,1,0,25.9064,0.376542,0,1055,0,-3.000326,0.189005,3.439059,-0.0047619,0.9982491,-0.0553281,0.0203707
1788248790495881984,OK,1,0,20.8583,0.337917,0,1034,0,-3.001970,0.188706,3.434218,-0.0047112,0.9982457,-0.0555384,0.0199707
1788248790529217280,OK,1,0,22.1795,0.344458,0,996,0,-3.002980,0.187189,3.424984,-0.0048916,0.9982358,-0.0557598,0.0198079
1788248790562552832,OK,1,0,21.5957,0.324542,0,1214,0,-3.000371,0.188591,3.414058,-0.0048778,0.9982374,-0.0558726,0.0194070
1788248790595887872,OK,1,0,19.6973,0.316875,0,1136,0,-3.000773,0.186538,3.406135,-0.0047764,0.9982699,-0.0553414,0.0192843
1788248790629223168,OK,1,0,20.5831,0.305042,0,1082,0,-3.002412,0.185893,3.398819,-0.0044846,0.9982767,-0.0553533,0.0189613
1788248790662558208,OK,1,0,20.4715,0.336666,0,1092,0,-3.001818,0.185789,3.388865,-0.0042307,0.9982908,-0.0553115,0.0183939
1788248790695893248,OK,1,0,19.6867,0.329833,0,1064,0,-3.002160,0.185580,3.380694,-0.0043714,0.9982947,-0.0552550,0.0183205
1788248790729228288,OK,1,0,21.2767,0.336459,0,1052,0,-3.001736,0.184954,3.372314,-0.0044889,0.9983079,-0.0550263,0.0182584
1788248790762563328,OK,1,0,19.2541,0.337875,0,1044,0,-3.001949,0.184849,3.363511,-0.0045039,0.9983165,-0.0550545,0.0176892
1788248790795898368,OK,1,0,20.8558,0.332125,0,1039,0,-3.001947,0.183737,3.355010,-0.0042654,0.9983259,-0.0550998,0.0170624
1788248790829234688,OK,1,0,20.0743,0.362375,0,1066,0,-3.002581,0.183882,3.345556,-0.0040504,0.9983271,-0.0551546,0.0168667
1788248790862570496,OK,1,0,22.0623,0.346375,0,1019,0,-3.003638,0.182777,3.338324,-0.0040473,0.9983430,-0.0549783,0.0165028
1788248790895906816,OK,1,0,19.7177,0.33275,0,1042,0,-3.004922,0.182544,3.330743,-0.0037677,0.9983559,-0.0549141,0.0159920
1788248790929242624,OK,1,0,20.543,0.334667,0,985,0,-3.003593,0.181412,3.320093,-0.0038109,0.9983711,-0.0549811,0.0147583
1788248790962578688,OK,1,0,19.0797,0.3425,0,989,0,-3.005874,0.181214,3.313615,-0.0037272,0.9983757,-0.0552358,0.0134590
1788248790995914240,OK,1,0,21.284,0.337875,0,1008,0,-3.006960,0.181644,3.306127,-0.0038432,0.9983814,-0.0555422,0.0116179
1788248791029250304,OK,1,0,19.7618,0.353375,0,965,0,-3.008971,0.180515,3.298592,-0.0040546,0.9983855,-0.0558847,0.0093216
1788248791062585856,OK,1,0,19.1275,0.364959,0,958,0,-3.008849,0.179963,3.289383,-0.0042937,0.9984021,-0.0559650,0.0065324
1788248791095921664,OK,1,0,20.0385,0.346833,0,957,0,-3.012372,0.180195,3.280542,-0.0043413,0.9984398,-0.0555114,0.0042007
1788248791129257216,OK,1,0,19.9109,0.337542,0,979,0,-3.015768,0.179524,3.269992,-0.0040340,0.9984977,-0.0546137,0.0018554
1788248791162593024,OK,1,0,20.631,0.338792,0,946,0,-3.018261,0.179769,3.259685,0.0036427,-0.9985276,0.0541154,0.0009154
1788248791195928832,OK,1,0,20.4927,0.347541,0,960,0,-3.020434,0.179731,3.250711,0.0034074,-0.9985207,0.0541484,0.0035863
1788248791229263104,OK,1,0,20.6747,0.342792,0,933,0,-3.022418,0.179232,3.242835,0.0035618,-0.9984980,0.0543490,0.0059467
1788248791262598656,OK,1,0,21.3195,0.327583,0,891,0,-3.024406,0.178741,3.234632,0.0037220,-0.9984621,0.0546787,0.0083592
1788248791295934208,OK,1,0,20.3214,0.346042,0,884,0,-3.025200,0.177928,3.226341,0.0038958,-0.9984323,0.0546891,0.0112665
1788248791329269504,OK,1,0,19.2787,0.334042,0,888,0,-3.029063,0.177853,3.217292,0.0038217,-0.9984189,0.0543580,0.0138003
1788248791362604800,OK,1,0,22.1462,0.40525,0,887,0,-3.029766,0.177533,3.205598,0.0032034,-0.9983942,0.0540281,0.0167293
1788248791395939840,OK,1,0,19.7608,0.3565,0,1401,0,-3.034163,0.176838,3.197764,0.0029758,-0.9983591,0.0537791,0.0194439
1788248791429275392,OK,1,0,21.3601,0.3615,0,1120,0,-3.037030,0.176827,3.189682,0.0032404,-0.9983110,0.0535967,0.0221813
1788248791462610688,OK,1,0,22.4226,0.333459,0,1091,0,-3.036980,0.177583,3.179118,0.0032254,-0.9982508,0.0536472,0.0246381
1788248791495945472,OK,1,0,22.7943,0.357958,0,1059,0,-3.040142,0.176899,3.171545,0.0031991,-0.9982029,0.0535358,0.0267329
1788248791529280768,OK,1,0,23.3704,0.344,0,1027,0,-3.041330,0.177496,3.161762,0.0035420,-0.9981324,0.0534475,0.0293683
1788248791562615808,OK,1,0,37.9913,0.350166,0,1043,0,-3.043485,0.177239,3.152198,0.0034100,-0.9980829,0.0531141,0.0315867
1788248791595950592,OK,1,0,22.2892,0.331375,0,1038,0,-3.045774,0.176714,3.143794,0.0031752,-0.9980233,0.0529972,0.0336262
1788248791629285632,OK,1,0,22.0072,0.333209,0,1002,0,-3.047827,0.176450,3.135139,0.0032461,-0.9979464,0.0529287,0.0359291
1788248791662620672,OK,1,0,23.0297,0.315041,0,984,0,-3.050950,0.175474,3.127991,0.0034421,-0.9978526,0.0532274,0.0380173
1788248791695954688,OK,1,0,19.8612,0.327541,0,1091,0,-3.053152,0.174810,3.120600,0.0034930,-0.9977415,0.0537143,0.0401802
1788248791729289216,OK,1,0,19.9367,0.350417,0,1102,0,-3.057510,0.173712,3.116152,0.0036555,-0.9976360,0.0540677,0.0422594
1788248791762624000,OK,1,0,19.4452,0.313083,0,1050,0,-3.058976,0.173587,3.108456,0.0037780,-0.9975314,0.0544360,0.0442004
1788248791795960576,OK,1,0,21.5395,0.332208,0,1031,0,-3.061632,0.172716,3.102903,0.0039345,-0.9974501,0.0545520,0.0458466
1788248791829296896,OK,1,0,20.6671,0.322458,0,1001,0,-3.064432,0.172380,3.095024,0.0042118,-0.9973539,0.0545732,0.0478462
1788248791862632960,OK,1,0,20.1545,0.344458,0,979,0,-3.065772,0.171140,3.084169,0.0043079,-0.9972757,0.0542202,0.0498282
1788248791895969280,OK,1,0,19.9872,0.346708,0,980,0,-3.068550,0.171172,3.076042,0.0040298,-0.9972229,0.0539740,0.0511578
1788248791929305344,OK,1,0,19.2817,0.344625,0,977,0,-3.070566,0.170508,3.066570,0.0038605,-0.9971774,0.0537234,0.0523077
1788248791962641664,OK,1,0,20.6815,0.342958,0,946,0,-3.071661,0.170319,3.057260,0.0039121,-0.9971450,0.0534025,0.0532426
1788248791995977472,OK,1,0,20.3964,0.353416,0,1187,0,-3.072478,0.170367,3.046854,0.0041814,-0.9971138,0.0531925,0.0540108
1788248792029313792,OK,1,0,22.0035,0.345791,0,1068,0,-3.072544,0.170483,3.037858,0.0041085,-0.9970752,0.0531333,0.0547814
1788248792062649600,OK,1,0,34.5652,0.341417,0,1065,0,-3.073916,0.169955,3.028599,0.0040336,-0.9970362,0.0531279,0.0554979
1788248792095985664,OK,1,0,20.9964,0.347583,0,1027,0,-3.076490,0.169425,3.022259,0.0041546,-0.9969971,0.0532934,0.0560314
1788248792129320192,OK,1,0,22.499,0.312167,0,1045,0,-3.076156,0.168149,3.014735,0.0046541,-0.9969811,0.0530839,0.0564712
1788248792162656256,OK,1,0,19.539,0.361625,0,1011,0,-3.077488,0.167877,3.005938,0.0046743,-0.9969724,0.0530473,0.0566577
1788248792195992064,OK,1,0,18.8952,0.320208,0,1088,0,-3.079995,0.167318,2.999604,0.0046787,-0.9969775,0.0528342,0.0567677
1788248792229327872,OK,1,0,19.5414,0.323458,0,1058,0,-3.081082,0.168087,2.989810,0.0045527,-0.9969642,0.0527817,0.0570604
1788248792262663680,OK,1,0,19.5827,0.333916,0,1038,0,-3.082770,0.167306,2.980053,0.0044550,-0.9969946,0.0524642,0.0568280
1788248792295999232,OK,1,0,19.9548,0.3485,0,1012,0,-3.083227,0.166536,2.971775,0.0043071,-0.9970046,0.0522870,0.0568274
1788248792329334784,OK,1,0,19.3861,0.34975,0,1014,0,-3.083545,0.165840,2.963234,0.0043993,-0.9969915,0.0522687,0.0570666
1788248792362670336,OK,1,0,20.2515,0.333625,0,1173,0,-3.085620,0.165106,2.954630,0.0042728,-0.9969901,0.0523118,0.0570603
1788248792396005888,OK,1,0,20.3229,0.332875,0,1107,0,-3.085746,0.165109,2.947112,0.0044598,-0.9969871,0.0524033,0.0570149
1788248792429341184,OK,1,0,20.87,0.3435,0,1082,0,-3.084677,0.164696,2.938504,0.0046857,-0.9969838,0.0523683,0.0570859
1788248792462676736,OK,1,0,21.1621,0.351208,0,1081,0,-3.084934,0.164895,2.929732,0.0049679,-0.9969705,0.0523958,0.0572691
1788248792496012288,OK,1,0,19.538,0.337167,0,1055,0,-3.086614,0.164188,2.920974,0.0047179,-0.9969768,0.0521912,0.0573685
1788248792529347328,OK,1,0,18.8151,0.346041,0,1096,0,-3.091467,0.163890,2.913651,0.0042754,-0.9970065,0.0519819,0.0570755
1788248792562681600,OK,1,0,19.2268,0.342209,0,1050,0,-3.092655,0.162871,2.904896,0.0039648,-0.9970105,0.0519397,0.0570677
1788248792596017152,OK,1,0,19.4322,0.331542,0,1065,0,-3.093351,0.163052,2.895941,0.0038137,-0.9970019,0.0520337,0.0571408
1788248792629352192,OK,1,0,19.4047,0.336875,0,1185,0,-3.093690,0.162683,2.887135,0.0036928,-0.9969860,0.0521319,0.0573377
1788248792662687232,OK,1,0,19.8959,0.34325,0,1109,0,-3.095063,0.161751,2.880183,0.0038278,-0.9969868,0.0521303,0.0573165
1788248792696022528,OK,1,0,19.9506,0.320791,0,1106,0,-3.094929,0.162149,2.871518,0.0039262,-0.9969749,0.0524964,0.0571812
1788248792729357312,OK,1,0,19.65,0.346875,0,1084,0,-3.096867,0.161022,2.864725,0.0040961,-0.9969759,0.0525563,0.0570981
1788248792762692608,OK,1,0,19.7618,0.336,0,1060,0,-3.098209,0.159927,2.856086,0.0039363,-0.9969707,0.0524062,0.0573364
1788248792796028928,OK,1,0,20.4042,0.343167,0,1046,0,-3.100364,0.160072,2.848999,0.0035278,-0.9969747,0.0522411,0.0574445
1788248792829365248,OK,1,0,20.1416,0.320459,0,1090,0,-3.102284,0.159363,2.839383,0.0030099,-0.9969848,0.0520075,0.0575098
1788248792862701568,OK,1,0,19.3245,0.331375,0,1137,0,-3.103812,0.159332,2.830340,0.0028108,-0.9969816,0.0521423,0.0574534
1788248792896037888,OK,1,0,20.681,0.330042,0,1305,0,-3.104487,0.158490,2.821887,0.0026770,-0.9969808,0.0521471,0.0574697
1788248792929373952,OK,1,0,19.8314,0.345667,0,1187,0,-3.103737,0.158172,2.813797,0.0028941,-0.9969718,0.0520994,0.0576591
1788248792962710272,OK,1,0,20.2698,0.321958,0,1168,0,-3.104564,0.157214,2.805633,0.0032627,-0.9969704,0.0521272,0.0576378
1788248792996046336,OK,1,0,20.1167,0.327958,0,1147,0,-3.104141,0.157662,2.799020,0.0034563,-0.9969631,0.0523128,0.0575854
1788248793029381376,OK,1,0,19.1684,0.333083,0,1135,0,-3.105533,0.156593,2.791088,0.0034030,-0.9969659,0.0521870,0.0576534
1788248793062717440,OK,1,0,20.5981,0.332583,0,1099,0,-3.107270,0.157167,2.782290,0.0031992,-0.9969491,0.0521643,0.0579752
1788248793096053504,OK,1,0,20.6635,0.342209,0,1220,0,-3.108037,0.157863,2.772899,0.0028608,-0.9969400,0.0521549,0.0581579
1788248793129389312,OK,1,0,19.4617,0.362625,0,1080,0,-3.110111,0.156730,2.765869,0.0027320,-0.9969465,0.0522279,0.0579881
1788248793162725376,OK,1,0,19.2933,0.343041,0,994,0,-3.112515,0.156676,2.756716,0.0026639,-0.9969499,0.0523966,0.0577792
1788248793196060928,OK,1,0,18.9524,0.507958,0,987,0,-3.110498,0.156154,2.749322,0.0027604,-0.9969498,0.0523037,0.0578601
1788248793229396992,OK,1,0,18.9175,0.344042,0,1003,0,-3.110494,0.155321,2.740661,0.0031041,-0.9969516,0.0520364,0.0580526
1788248793262732544,OK,1,0,18.8885,0.3565,0,967,0,-3.110411,0.154846,2.732674,0.0033263,-0.9969570,0.0517457,0.0582077
1788248793296068352,OK,1,0,19.4333,0.333833,0,920,0,-3.112767,0.154720,2.723585,0.0036783,-0.9969747,0.0515102,0.0580916
1788248793329404160,OK,1,0,18.7232,0.3245,0,936,0,-3.112239,0.155312,2.715947,0.0039454,-0.9969645,0.0514409,0.0583103
1788248793362739712,OK,1,0,18.5081,0.356292,0,937,0,-3.113845,0.155630,2.706984,0.0039075,-0.9969701,0.0513495,0.0582987
1788248793396075264,OK,1,0,20.1688,0.346583,0,914,0,-3.112739,0.154150,2.697643,0.0036848,-0.9969795,0.0511404,0.0583340
1788248793429410560,OK,1,0,18.9019,0.331541,0,932,0,-3.114467,0.151306,2.688748,0.0034835,-0.9969846,0.0511015,0.0582947
1788248793462745088,OK,1,0,18.7572,0.350459,0,896,0,-3.118985,0.151402,2.681938,0.0035379,-0.9969851,0.0513156,0.0580949
1788248793496080640,OK,1,0,18.2566,0.364333,0,909,0,-3.114560,0.152724,2.673972,0.0038082,-0.9969490,0.0515782,0.0584634
1788248793529415936,OK,1,0,20.32,0.347625,0,906,0,-3.118267,0.150682,2.664364,0.0040531,-0.9969477,0.0516421,0.0584127
1788248793562751488,OK,1,0,20.45,0.340666,0,906,0,-3.119370,0.152430,2.659498,0.0044494,-0.9969357,0.0518653,0.0583900
1788248793596086784,OK,1,0,20.4231,0.343083,0,891,0,-3.121271,0.151234,2.651565,0.0045907,-0.9969178,0.0521038,0.0584736
1788248793629421824,OK,1,0,19.6954,0.366334,0,898,0,-3.120599,0.151609,2.641698,0.0046128,-0.9968811,0.0523819,0.0588466
1788248793662757120,OK,1,0,22.0421,0.36775,0,889,0,-3.119079,0.150452,2.636020,0.0042225,-0.9968748,0.0525051,0.0588731
1788248793696092160,OK,1,0,17.9625,0.3495,0,880,0,-3.122173,0.149172,2.628210,0.0040487,-0.9968600,0.0529208,0.0587650
1788248793729427200,OK,1,0,19.7577,0.356333,0,881,0,-3.125761,0.148550,2.620568,0.0040674,-0.9968632,0.0531387,0.0585104
1788248793762762496,OK,1,0,18.8505,0.329584,0,875,0,-3.127662,0.150137,2.610458,0.0043311,-0.9968581,0.0533424,0.0583928
1788248793796105472,OK,1,0,19.3597,0.3505,0,858,0,-3.125308,0.148477,2.601058,0.0048296,-0.9968378,0.0532362,0.0587969
1788248793829448704,OK,1,0,19.0113,0.344042,0,847,0,-3.124812,0.147037,2.594212,0.0050377,-0.9968274,0.0533104,0.0588885
1788248793862791680,OK,1,0,19.2237,0.33875,0,855,0,-3.123225,0.146779,2.587795,0.0054463,-0.9968258,0.0532058,0.0589738
1788248793896134144,OK,1,0,21.1152,0.312417,0,855,0,-3.123309,0.147075,2.578171,0.0056449,-0.9968111,0.0531350,0.0592656
1788248793929477120,OK,1,0,19.902,0.342166,0,820,0,-3.124465,0.146757,2.571712,0.0055357,-0.9967968,0.0532174,0.0594423
1788248793962820096,OK,1,0,20.2581,0.330042,0,826,0,-3.127405,0.146629,2.564439,0.0052202,-0.9968050,0.0533994,0.0591697
1788248793996163328,OK,1,0,21.417,0.336208,0,822,0,-3.125335,0.146208,2.556155,0.0048174,-0.9968009,0.0534155,0.0592587
1788248794029506304,OK,1,0,17.7152,0.347667,0,813,0,-3.128561,0.145545,2.543932,0.0048952,-0.9967954,0.0535058,0.0592632
1788248794062849280,OK,1,0,18.1566,0.337916,0,852,0,-3.123525,0.144041,2.538460,0.0048986,-0.9967821,0.0532706,0.0596966
1788248794096192512,OK,1,0,17.7679,0.343208,0,855,0,-3.125242,0.145389,2.529464,0.0051077,-0.9967868,0.0531762,0.0596848
1788248794129535744,OK,1,0,18.7826,0.343667,0,877,0,-3.129821,0.143517,2.520003,0.0052378,-0.9968121,0.0530805,0.0593348
1788248794162878720,OK,1,0,20.2323,0.344333,0,833,0,-3.126689,0.144670,2.514194,0.0051122,-0.9967968,0.0531920,0.0595033
1788248794196221952,OK,1,0,20.5531,0.339875,0,850,0,-3.130699,0.143231,2.502637,0.0047596,-0.9968033,0.0528778,0.0597037
1788248794229564928,OK,1,0,19.4208,0.351375,0,839,0,-3.132931,0.139665,2.496770,0.0044350,-0.9968324,0.0524244,0.0596427
1788248794262907904,OK,1,0,18.1889,0.336625,0,828,0,-3.131473,0.139070,2.487925,0.0044983,-0.9968296,0.0523576,0.0597433
1788248794296251136,OK,1,0,26.197,0.347333,0,921,0,-3.136848,0.136578,2.481483,0.0046562,-0.9968597,0.0524159,0.0591741
1788248794329594112,OK,1,0,19.3474,0.340292,0,950,0,-3.137567,0.136689,2.474179,0.0048142,-0.9968531,0.0526439,0.0590722
1788248794362936320,OK,1,0,18.508,0.341333,0,966,0,-3.141019,0.136038,2.464375,0.0048812,-0.9968353,0.0529107,0.0591276
1788248794396279296,OK,1,0,20.9874,0.332208,0,931,0,-3.140188,0.136792,2.456919,0.0050367,-0.9968173,0.0531554,0.0591980
1788248794429622272,OK,1,0,19.1253,0.353625,0,1150,0,-3.140950,0.132380,2.452180,0.0049105,-0.9968304,0.0530798,0.0590554
1788248794462965504,OK,1,0,19.2233,0.328625,0,1078,0,-3.146088,0.133425,2.441470,0.0046673,-0.9968306,0.0532847,0.0588875
1788248794496308480,OK,1,0,19.076,0.346375,0,1071,0,-3.145005,0.135344,2.433015,0.0048578,-0.9967948,0.0536979,0.0591040
1788248794529651712,OK,1,0,18.6005,0.355416,0,1036,0,-3.145548,0.136208,2.425940,0.0047615,-0.9967829,0.0540858,0.0589569
1788248794562994688,OK,1,0,20.9419,0.344791,0,1039,0,-3.146740,0.134143,2.416927,0.0047674,-0.9967754,0.0545552,0.0586503
1788248794596337664,OK,1,0,19.1579,0.313375,0,999,0,-3.145937,0.132301,2.410088,0.0047579,-0.9967642,0.0547861,0.0586260
1788248794629680640,OK,1,0,19.6015,0.337667,0,1028,0,-3.149379,0.134131,2.401183,0.0046214,-0.9967340,0.0552507,0.0587142
1788248794663023872,OK,1,0,20.2516,0.336,0,1011,0,-3.150370,0.132236,2.395066,0.0042949,-0.9967191,0.0552942,0.0589506
1788248794696366848,OK,1,0,21.0478,0.352833,0,986,0,-3.151086,0.131369,2.387163,0.0040895,-0.9966791,0.0556480,0.0593071
1788248794729710080,OK,1,0,21.3425,0.34125,0,998,0,-3.154857,0.129988,2.379600,0.0038670,-0.9966732,0.0559524,0.0591357
1788248794763053056,OK,1,0,19.3636,0.3565,0,970,0,-3.157413,0.130294,2.371579,0.0040596,-0.9966919,0.0558852,0.0588705
1788248794796387328,OK,1,0,19.7642,0.3235,0,989,0,-3.160153,0.129091,2.362117,0.0041599,-0.9967070,0.0555701,0.0589063
1788248794829722624,OK,1,0,18.3918,0.3595,0,984,0,-3.158633,0.128718,2.353672,0.0041848,-0.9966980,0.0555067,0.0591152
1788248794863058176,OK,1,0,19.4515,0.323417,0,990,0,-3.157736,0.127962,2.345733,0.0042766,-0.9967110,0.0554318,0.0589594
1788248794896393216,OK,1,0,19.0834,0.353917,0,971,0,-3.159380,0.127771,2.336076,0.0041613,-0.9967319,0.0553700,0.0586717
1788248794929728512,OK,1,0,21.0058,0.369542,0,959,0,-3.161065,0.127047,2.328872,0.0041204,-0.9967402,0.0552215,0.0586733
1788248794963063808,OK,1,0,21.8528,0.380083,0,969,0,-3.162968,0.123997,2.320771,0.0039775,-0.9967322,0.0550417,0.0589885
1788248794996398592,OK,1,0,19.3382,0.315834,0,952,0,-3.163707,0.124882,2.314666,0.0038240,-0.9967223,0.0552899,0.0589326
1788248795029733888,OK,1,0,20.1092,0.330208,0,948,0,-3.162812,0.123922,2.304399,0.0038851,-0.9967085,0.0554240,0.0590373
1788248795063068928,OK,1,0,20.1224,0.350792,0,929,0,-3.162170,0.122477,2.296302,0.0038000,-0.9967074,0.0552243,0.0592471
1788248795096403712,OK,1,0,18.8878,0.346833,0,906,0,-3.164336,0.122970,2.286615,0.0036163,-0.9967086,0.0550360,0.0594139
1788248795129738496,OK,1,0,21.9304,0.347333,0,969,0,-3.166575,0.123860,2.277242,0.0035778,-0.9967129,0.0551167,0.0592696
1788248795163073536,OK,1,0,18.9571,0.347292,0,945,0,-3.164243,0.124701,2.269397,0.0034334,-0.9966966,0.0554198,0.0592683
1788248795196408320,OK,1,0,18.8635,0.335667,0,935,0,-3.166288,0.121911,2.259361,0.0032508,-0.9967101,0.0553469,0.0591199
1788248795229741824,OK,1,0,18.0372,0.352209,0,930,0,-3.168414,0.121899,2.251643,0.0030773,-0.9967081,0.0551456,0.0593508
1788248795263076608,OK,1,0,18.3127,0.360416,0,911,0,-3.171450,0.119847,2.243968,0.0033324,-0.9967180,0.0548782,0.0594186
1788248795296411136,OK,1,0,19.371,0.351708,0,907,0,-3.169127,0.120824,2.235105,0.0034923,-0.9966908,0.0552077,0.0595600
1788248795329745920,OK,1,0,20.5988,0.352625,0,919,0,-3.169795,0.121134,2.227020,0.0038131,-0.9966902,0.0552014,0.0595575
1788248795363080448,OK,1,0,19.9238,0.360792,0,917,0,-3.172010,0.120213,2.216692,0.0035823,-0.9967048,0.0547736,0.0597210
1788248795396414720,OK,1,0,19.7235,0.380583,0,933,0,-3.169602,0.117094,2.209587,0.0033824,-0.9967053,0.0542241,0.0602243
1788248795429748992,OK,1,0,24.3412,0.358,0,911,0,-3.175744,0.112231,2.196455,0.0034751,-0.9967837,0.0536023,0.0594728
1788248795463083520,OK,1,0,19.5339,0.330542,0,910,0,-3.174522,0.114415,2.189999,0.0036739,-0.9967797,0.0539114,0.0592476
1788248795496417792,OK,1,0,18.3422,0.340125,0,887,0,-3.173193,0.115377,2.178770,0.0038918,-0.9967697,0.0539172,0.0593973
1788248795529752064,OK,1,0,20.081,0.34075,0,881,0,-3.172829,0.115240,2.172849,0.0039998,-0.9967465,0.0539737,0.0597267
1788248795563086080,OK,1,0,18.9945,0.341375,0,1077,0,-3.173711,0.113574,2.166579,0.0039924,-0.9967223,0.0543099,0.0598268
1788248795596420096,OK,1,0,17.9921,0.347708,0,1031,0,-3.177423,0.113416,2.159319,0.0038957,-0.9967036,0.0547856,0.0597104
1788248795629754368,OK,1,0,18.2857,0.313,0,1015,0,-3.178444,0.113392,2.152855,0.0038280,-0.9966747,0.0551520,0.0598601
1788248795663088384,OK,1,0,17.9066,0.347458,0,1005,0,-3.181634,0.111858,2.145436,0.0036600,-0.9966637,0.0552851,0.0599308
1788248795696421376,OK,1,0,18.7246,0.335459,0,984,0,-3.182631,0.111888,2.137282,0.0036255,-0.9966477,0.0556519,0.0598601
1788248795729755136,OK,1,0,19.4498,0.342209,0,959,0,-3.179932,0.111412,2.126851,0.0038329,-0.9966330,0.0556633,0.0600803
1788248795763089152,OK,1,0,20.2618,0.335458,0,981,0,-3.183779,0.113596,2.118560,0.0039271,-0.9966497,0.0555830,0.0598711
1788248795796431104,OK,1,0,20.5929,0.361417,0,961,0,-3.185460,0.111252,2.112631,0.0039789,-0.9966669,0.0554466,0.0597071
1788248795829773312,OK,1,0,19.3389,0.34975,0,948,0,-3.185633,0.110444,2.102978,0.0041297,-0.9966568,0.0556061,0.0597174
1788248795863115520,OK,1,0,18.16,0.3395,0,950,0,-3.187180,0.108692,2.094857,0.0041265,-0.9966677,0.0554783,0.0596548
1788248795896457728,OK,1,0,19.6848,0.310083,0,934,0,-3.190385,0.108283,2.084865,0.0040850,-0.9966799,0.0553369,0.0595849
1788248795929799936,OK,1,0,18.7882,0.3495,0,908,0,-3.193893,0.107368,2.077660,0.0038171,-0.9966912,0.0552490,0.0594944
1788248795963142400,OK,1,0,19.5412,0.312167,0,911,0,-3.197640,0.109263,2.068562,0.0036935,-0.9967170,0.0551282,0.0591810
1788248795996484608,OK,1,0,19.2295,0.357125,0,911,0,-3.194777,0.108122,2.059655,0.0037309,-0.9966986,0.0549987,0.0596089
1788248796029826816,OK,1,0,20.5647,0.3625,0,886,0,-3.192682,0.107363,2.051485,0.0038419,-0.9966837,0.0548759,0.0599628
1788248796063169536,OK,1,0,19.2557,0.322375,0,887,0,-3.189403,0.105137,2.042565,0.0038887,-0.9966717,0.0547311,0.0602892
1788248796096511744,OK,1,0,18.9248,0.32675,0,899,0,-3.192941,0.106974,2.033302,0.0040763,-0.9966721,0.0550352,0.0599941
1788248796129853184,OK,1,0,18.4777,0.330292,0,917,0,-3.190874,0.107134,2.025136,0.0043249,-0.9966440,0.0553514,0.0601521
1788248796163195648,OK,1,0,19.7713,0.355459,0,893,0,-3.193311,0.104329,2.018387,0.0043486,-0.9966510,0.0551428,0.0602265
1788248796196538112,OK,1,0,19.7575,0.315958,0,882,0,-3.196958,0.103449,2.009897,0.0041877,-0.9966683,0.0549492,0.0601279
1788248796229880576,OK,1,0,19.5352,0.345,0,870,0,-3.200717,0.103653,2.000271,0.0039099,-0.9966772,0.0550400,0.0599163
1788248796263223040,OK,1,0,19.1227,0.354333,0,841,0,-3.200122,0.102644,1.993178,0.0036731,-0.9966648,0.0550846,0.0600956
1788248796296565760,OK,1,0,24.6761,0.347209,0,858,0,-3.202697,0.102978,1.982049,0.0036355,-0.9966745,0.0550338,0.0599834
1788248796329908480,OK,1,0,18.0867,0.34625,0,856,0,-3.202381,0.101740,1.974380,0.0040055,-0.9966787,0.0548688,0.0600429
1788248796363250944,OK,1,0,18.8033,0.346,0,841,0,-3.203520,0.099715,1.966485,0.0042978,-0.9966705,0.0549064,0.0601222
1788248796396593664,OK,1,0,17.9704,0.34025,0,818,0,-3.203978,0.099271,1.960005,0.0046074,-0.9966816,0.0549693,0.0598574
1788248796429936640,OK,1,0,17.7357,0.353917,0,929,0,-3.204984,0.101806,1.949850,0.0047259,-0.9966612,0.0553270,0.0598593
1788248796463279360,OK,1,0,17.8492,0.340084,0,906,0,-3.206300,0.101369,1.943303,0.0044643,-0.9966692,0.0551214,0.0599361
1788248796496622080,OK,1,0,17.5765,0.338792,0,896,0,-3.207265,0.101106,1.932848,0.0040033,-0.9966834,0.0548028,0.0600238
1788248796529964800,OK,1,0,17.7346,0.313875,0,867,0,-3.210541,0.101127,1.923454,0.0038091,-0.9966969,0.0545607,0.0600316
1788248796563306752,OK,1,0,17.586,0.323542,0,914,0,-3.209598,0.098861,1.915550,0.0035459,-0.9966950,0.0544440,0.0601855
1788248796596649472,OK,1,0,17.7525,0.35675,0,865,0,-3.213232,0.099995,1.907422,0.0038144,-0.9967095,0.0544250,0.0599453
1788248796629992448,OK,1,0,18.2109,0.357083,0,878,0,-3.210904,0.097482,1.898270,0.0039393,-0.9967070,0.0542913,0.0601009
1788248796663335168,OK,1,0,18.8524,0.35475,0,892,0,-3.210963,0.099003,1.892359,0.0042873,-0.9966943,0.0545020,0.0600975
1788248796696678144,OK,1,0,17.9976,0.34275,0,887,0,-3.211305,0.097787,1.883838,0.0042537,-0.9966830,0.0546287,0.0601716
1788248796730021120,OK,1,0,18.9031,0.362708,0,885,0,-3.213165,0.096098,1.876100,0.0040956,-0.9966841,0.0546616,0.0601353
1788248796763364352,OK,1,0,17.6501,0.3145,0,973,0,-3.216490,0.095301,1.866752,0.0036749,-0.9967100,0.0542014,0.0601489
1788248796796708352,OK,1,0,17.0985,0.336334,0,932,0,-3.217727,0.097407,1.856932,0.0031700,-0.9967213,0.0539259,0.0602383
1788248796830052608,OK,1,0,16.8158,0.340167,0,888,0,-3.217405,0.098313,1.847070,0.0030554,-0.9967077,0.0538044,0.0605761
1788248796863396608,OK,1,0,17.7167,0.330375,0,929,0,-3.218542,0.096139,1.837701,0.0029734,-0.9967159,0.0536597,0.0605740
1788248796896740864,OK,1,0,18.1823,0.341833,0,921,0,-3.218176,0.095758,1.829764,0.0032044,-0.9967269,0.0535630,0.0604677
1788248796930085120,OK,1,0,16.991,0.35125,0,900,0,-3.218255,0.095822,1.820959,0.0033978,-0.9967294,0.0534635,0.0605038
1788248796963429376,OK,1,0,17.8809,0.343459,0,889,0,-3.221553,0.094741,1.812182,0.0034323,-0.9967486,0.0533485,0.0602856
1788248796996772864,OK,1,0,17.7302,0.348042,0,886,0,-3.223698,0.095813,1.804432,0.0034439,-0.9967417,0.0534895,0.0602750
1788248797030117376,OK,1,0,18.7285,0.357,0,890,0,-3.224766,0.093888,1.797020,0.0032657,-0.9967335,0.0534068,0.0604935
1788248797063461888,OK,1,0,17.4257,0.339375,0,909,0,-3.225439,0.092269,1.787306,0.0029819,-0.9967415,0.0530876,0.0606571
1788248797096806400,OK,1,0,18.5713,0.340834,0,912,0,-3.225984,0.093134,1.780050,0.0028495,-0.9967492,0.0529508,0.0606562
1788248797130150912,OK,1,0,17.5044,0.325958,0,951,0,-3.226615,0.092379,1.770397,0.0028545,-0.9967442,0.0528550,0.0608221
1788248797163495680,OK,1,0,17.8113,0.339125,0,916,0,-3.228410,0.092008,1.762221,0.0029376,-0.9967538,0.0527904,0.0607159
1788248797196840192,OK,1,0,17.6818,0.344459,0,875,0,-3.229897,0.092109,1.753473,0.0031488,-0.9967646,0.0527787,0.0605381
1788248797230184704,OK,1,0,17.842,0.310875,0,901,0,-3.230440,0.092361,1.744967,0.0034200,-0.9967554,0.0527644,0.0606868
1788248797263529472,OK,1,0,17.6685,0.341708,0,861,0,-3.228916,0.092842,1.736867,0.0034914,-0.9967343,0.0528235,0.0609782
1788248797296874496,OK,1,0,18.4109,0.348709,0,875,0,-3.230227,0.092649,1.727791,0.0036068,-0.9967480,0.0526983,0.0608547
1788248797330219264,OK,1,0,17.2308,0.343541,0,839,0,-3.233143,0.093227,1.718023,0.0036579,-0.9967699,0.0523252,0.0608155
1788248797363564288,OK,1,0,17.2182,0.360208,0,885,0,-3.233987,0.090504,1.710186,0.0033294,-0.9968020,0.0517265,0.0608195
1788248797396909056,OK,1,0,17.4994,0.343,0,856,0,-3.235620,0.093319,1.702741,0.0034356,-0.9968030,0.0517476,0.0607797
1788248797430254080,OK,1,0,16.494,0.329833,0,848,0,-3.236043,0.090848,1.693650,0.0034425,-0.9968011,0.0517741,0.0607880
1788248797463598080,OK,1,0,17.3996,0.343916,0,842,0,-3.236979,0.091211,1.684100,0.0036066,-0.9967920,0.0519477,0.0607805
1788248797496943104,OK,1,0,17.0603,0.336,0,829,0,-3.237064,0.091767,1.675151,0.0039998,-0.9967759,0.0520698,0.0609150
1788248797530288384,OK,1,0,19.5018,0.324958,0,829,0,-3.238845,0.091037,1.666300,0.0040483,-0.9967718,0.0523152,0.0607681
1788248797563633664,OK,1,0,17.375,0.323625,0,800,0,-3.238908,0.088987,1.660351,0.0039506,-0.9967591,0.0525495,0.0607806
1788248797596978688,OK,1,0,17.0955,0.331792,0,821,0,-3.242820,0.090949,1.650710,0.0037757,-0.9967657,0.0526144,0.0606276
1788248797630323968,OK,1,0,17.0217,0.350917,0,816,0,-3.244260,0.090087,1.643564,0.0035807,-0.9967782,0.0522864,0.0607158
1788248797663669248,OK,1,0,17.5165,0.304667,0,819,0,-3.242666,0.088802,1.635608,0.0033924,-0.9967647,0.0521875,0.0610348
1788248797697014528,OK,1,0,17.0748,0.310167,0,774,0,-3.244561,0.089236,1.625356,0.0035709,-0.9967442,0.0525864,0.0610157
1788248797730360064,OK,1,0,17.1367,0.321917,0,786,0,-3.247110,0.085786,1.619508,0.0036529,-0.9967564,0.0526448,0.0607601
1788248797763705344,OK,1,0,17.1803,0.343833,0,789,0,-3.245917,0.086120,1.610482,0.0042314,-0.9967391,0.0526385,0.0610114
1788248797797050368,OK,1,0,16.7532,0.335208,0,809,0,-3.248182,0.086479,1.600731,0.0045810,-0.9967545,0.0525944,0.0607718
1788248797830395392,OK,1,0,16.7875,0.336125,0,778,0,-3.247293,0.087966,1.591426,0.0047952,-0.9967497,0.0526116,0.0608205
1788248797863740416,OK,1,0,16.8138,0.342041,0,761,0,-3.247007,0.086647,1.586280,0.0048382,-0.9967526,0.0527638,0.0606374
1788248797897084672,OK,1,0,16.5602,0.346958,0,742,0,-3.246435,0.086656,1.576967,0.0047955,-0.9967192,0.0529634,0.0610147
1788248797930429952,OK,1,0,16.9563,0.3445,0,762,0,-3.249665,0.085407,1.570240,0.0043900,-0.9967266,0.0530067,0.0608856
1788248797963775232,OK,1,0,16.6115,0.307292,0,766,0,-3.252775,0.086067,1.558857,0.0043401,-0.9967511,0.0527942,0.0606732
1788248797997120512,OK,1,0,16.6637,0.34225,0,731,0,-3.252794,0.084348,1.553371,0.0043753,-0.9967662,0.0526431,0.0605540
1788248798030466048,OK,1,0,16.928,0.324791,0,745,0,-3.255228,0.083439,1.543078,0.0042570,-0.9967812,0.0524326,0.0604964
1788248798063811584,OK,1,0,17.8994,0.317542,0,744,0,-3.254276,0.083024,1.535678,0.0042842,-0.9967892,0.0521736,0.0605887
1788248798097156864,OK,1,0,18.1444,0.331875,0,744,0,-3.257424,0.080502,1.525555,0.0042567,-0.9968160,0.0518948,0.0603877
1788248798130502656,OK,1,0,18.5781,0.326709,0,721,0,-3.257568,0.081735,1.520040,0.0038982,-0.9968113,0.0519118,0.0604740
1788248798163848448,OK,1,0,15.8969,0.320708,0,714,0,-3.261460,0.078469,1.511078,0.0034215,-0.9968292,0.0516249,0.0604542
1788248798197193984,OK,1,0,16.2205,0.322583,0,731,0,-3.262452,0.080136,1.502446,0.0032920,-0.9968244,0.0515622,0.0605930
1788248798230539776,OK,1,0,19.0544,0.328208,0,717,0,-3.264190,0.080713,1.492574,0.0033057,-0.9968272,0.0515852,0.0605265
1788248798263885824,OK,1,0,16.2661,0.311125,0,714,0,-3.263785,0.077871,1.484177,0.0034972,-0.9968376,0.0513580,0.0605393
1788248798297231616,OK,1,0,15.7961,0.3465,0,670,0,-3.266148,0.078278,1.475439,0.0037916,-0.9968455,0.0514292,0.0603310
1788248798330576640,OK,1,0,16.6143,0.359292,0,683,0,-3.268892,0.078173,1.465742,0.0039564,-0.9968469,0.0514929,0.0602414
1788248798363922944,OK,1,0,16.4435,0.326291,0,685,0,-3.268970,0.078342,1.458418,0.0038411,-0.9968349,0.0516631,0.0603034
1788248798397268736,OK,1,0,16.7187,0.361625,0,722,0,-3.268046,0.077068,1.452433,0.0035200,-0.9968267,0.0518064,0.0603350
1788248798430615040,OK,1,0,16.2762,0.333083,0,694,0,-3.271754,0.075304,1.444565,0.0031557,-0.9968318,0.0517889,0.0602860
1788248798463961344,OK,1,0,18.0099,0.331208,0,722,0,-3.273307,0.073769,1.435671,0.0032010,-0.9968419,0.0516514,0.0602343
1788248798497307648,OK,1,0,15.9545,0.348417,0,668,0,-3.275403,0.072930,1.427721,0.0032683,-0.9968420,0.0518446,0.0600632
1788248798530653952,OK,1,0,15.9727,0.349666,0,693,0,-3.276998,0.071772,1.419984,0.0033433,-0.9968343,0.0521822,0.0598940
1788248798564000512,OK,1,0,16.2305,0.335292,0,660,0,-3.276189,0.069843,1.413526,0.0033831,-0.9968240,0.0523683,0.0599012
1788248798597346816,OK,1,0,16.098,0.341583,0,657,0,-3.276075,0.068847,1.406224,0.0031677,-0.9968055,0.0526581,0.0599668
1788248798630693632,OK,1,0,15.646,0.330125,0,643,0,-3.279264,0.068589,1.398229,0.0028725,-0.9967977,0.0528888,0.0599075
1788248798664040192,OK,1,0,15.8239,0.328584,0,640,0,-3.280081,0.068845,1.390887,0.0026584,-0.9967418,0.0534710,0.0603285
1788248798697387008,OK,1,0,16.4443,0.334458,0,679,0,-3.281295,0.066993,1.383799,0.0026584,-0.9967337,0.0537036,0.0602569
1788248798730733568,OK,1,0,15.5493,0.352959,0,637,0,-3.284019,0.065619,1.376191,0.0029800,-0.9967557,0.0535853,0.0599826
1788248798764080640,OK,1,0,15.7049,0.337875,0,638,0,-3.284588,0.064051,1.368842,0.0029820,-0.9967591,0.0532275,0.0602439
1788248798797425152,OK,1,0,16.2017,0.359667,0,626,0,-3.285482,0.064046,1.358109,0.0030739,-0.9967642,0.0530866,0.0602788
1788248798830770432,OK,1,0,15.8568,0.339125,0,643,0,-3.282079,0.063411,1.348898,0.0033636,-0.9967557,0.0530428,0.0604417
1788248798864116224,OK,1,0,15.7339,0.339,0,630,0,-3.283754,0.062078,1.342281,0.0033675,-0.9967808,0.0528888,0.0601626
1788248798897461760,OK,1,0,16.0938,0.325,0,634,0,-3.283726,0.062899,1.332990,0.0031548,-0.9967732,0.0529909,0.0602089
1788248798930807296,OK,1,0,16.227,0.346834,0,792,0,-3.286532,0.063456,1.325787,0.0031954,-0.9967711,0.0529035,0.0603198
1788248798964153344,OK,1,0,15.8922,0.326458,0,662,0,-3.287646,0.060048,1.317526,0.0029396,-0.9967703,0.0529529,0.0603026
1788248798997499136,OK,1,0,16.8803,0.324042,0,638,0,-3.290059,0.058164,1.309002,0.0029517,-0.9967842,0.0529528,0.0600713
1788248799030844928,OK,1,0,16.3615,0.346209,0,625,0,-3.291424,0.059361,1.299541,0.0030194,-0.9967841,0.0529224,0.0600965
1788248799064190976,OK,1,0,15.808,0.337208,0,723,0,-3.291297,0.059653,1.293451,0.0027521,-0.9967646,0.0528996,0.0604513
1788248799097537024,OK,1,0,18.1082,0.29925,0,743,0,-3.293063,0.059860,1.283641,0.0026241,-0.9967627,0.0530752,0.0603345
1788248799130883328,OK,1,0,16.6988,0.331458,0,742,0,-3.293711,0.058567,1.276786,0.0023963,-0.9967749,0.0530724,0.0601456
1788248799164229376,OK,1,0,16.0255,0.329083,0,735,0,-3.295520,0.057128,1.268165,0.0022680,-0.9967805,0.0530609,0.0600667
1788248799197575680,OK,1,0,15.8038,0.329208,0,703,0,-3.296334,0.058059,1.259921,0.0023501,-0.9967508,0.0532145,0.0604203
1788248799230920960,OK,1,0,15.4599,0.3325,0,678,0,-3.297904,0.056146,1.251149,0.0022096,-0.9967359,0.0533726,0.0605319
1788248799264267264,OK,1,0,15.8101,0.353625,0,677,0,-3.299029,0.056368,1.244087,0.0024972,-0.9967244,0.0538142,0.0603177
1788248799297613824,OK,1,0,15.8535,0.336375,0,704,0,-3.298448,0.055961,1.235029,0.0024926,-0.9967096,0.0536839,0.0606777
1788248799330960128,OK,1,0,15.6499,0.337666,0,683,0,-3.301340,0.055045,1.226364,0.0022127,-0.9967326,0.0532650,0.0606806
1788248799364306944,OK,1,0,16.2563,0.361416,0,678,0,-3.302237,0.054674,1.216892,0.0022694,-0.9967297,0.0531244,0.0608492
1788248799397653504,OK,1,0,16.0809,0.33375,0,816,0,-3.303365,0.055679,1.207427,0.0021669,-0.9967267,0.0532692,0.0607753
1788248799431000320,OK,1,0,15.2873,0.336708,0,677,0,-3.304842,0.053035,1.196856,0.0022440,-0.9967501,0.0532689,0.0603874
1788248799464346880,OK,1,0,15.3384,0.331541,0,636,0,-3.304164,0.052076,1.189142,0.0024351,-0.9967505,0.0532355,0.0604036
1788248799497693952,OK,1,0,15.718,0.316042,0,605,0,-3.305043,0.051242,1.180512,0.0025260,-0.9967248,0.0535968,0.0605035
1788248799531040512,OK,1,0,15.0578,0.317333,0,601,0,-3.307997,0.049967,1.175274,0.0023320,-0.9967055,0.0540976,0.0603825
1788248799564387584,OK,1,0,14.6466,0.356875,0,587,0,-3.306914,0.049382,1.169003,0.0022294,-0.9966690,0.0545988,0.0605387
1788248799597734656,OK,1,0,17.0098,0.336875,0,583,0,-3.308048,0.048974,1.160328,0.0019797,-0.9966258,0.0548218,0.0610546
1788248799631081728,OK,1,0,14.9987,0.341042,0,583,0,-3.311412,0.047374,1.154091,0.0018289,-0.9966041,0.0552876,0.0609932
1788248799664429056,OK,1,0,13.9433,0.317542,0,585,0,-3.313066,0.047484,1.146669,0.0016301,-0.9965945,0.0557005,0.0607788
1788248799697775104,OK,1,0,14.6047,0.347584,0,675,0,-3.312961,0.045104,1.137813,0.0017052,-0.9965770,0.0557263,0.0610406
1788248799731122432,OK,1,0,14.9563,0.348125,0,590,0,-3.314541,0.044200,1.131626,0.0019558,-0.9966017,0.0554073,0.0609197
1788248799764469760,OK,1,0,14.3575,0.335333,0,561,0,-3.316998,0.045640,1.120633,0.0022279,-0.9965938,0.0557014,0.0607719
1788248799797812480,OK,1,0,14.8536,0.340917,0,847,0,-3.313332,0.046294,1.114375,0.0026796,-0.9965570,0.0560553,0.0610315
1788248799831155200,OK,1,0,15.496,0.338333,0,651,0,-3.315169,0.045857,1.108475,0.0027533,-0.9965593,0.0561777,0.0608770
1788248799864497920,OK,1,0,14.7635,0.3145,0,640,0,-3.316052,0.044433,1.100184,0.0027099,-0.9965608,0.0560273,0.0609936
1788248799897840896,OK,1,0,16.1458,0.334708,0,606,0,-3.319143,0.045359,1.089743,0.0024525,-0.9965699,0.0559529,0.0609231
1788248799931183616,OK,1,0,14.879,0.337292,0,586,0,-3.321323,0.044669,1.080952,0.0022215,-0.9965893,0.0556201,0.0609198
1788248799964526336,OK,1,0,14.5038,0.331042,0,581,0,-3.321301,0.044507,1.071131,0.0021716,-0.9965989,0.0552183,0.0611302
1788248799997869312,OK,1,0,14.83,0.32375,0,737,0,-3.319896,0.043618,1.062220,0.0021446,-0.9966074,0.0548931,0.0612853
1788248800031212032,OK,1,0,14.541,0.339,0,667,0,-3.320405,0.043152,1.053026,0.0023638,-0.9966265,0.0545966,0.0612314
1788248800064555264,OK,1,0,14.5895,0.337042,0,612,0,-3.322105,0.041507,1.046704,0.0026799,-0.9966332,0.0544830,0.0612104
1788248800097898240,OK,1,0,14.6175,0.327959,0,605,0,-3.323587,0.040912,1.038837,0.0026710,-0.9966367,0.0546606,0.0609953
1788248800131240192,OK,1,0,14.767,0.316708,0,574,0,-3.322675,0.041379,1.031185,0.0027523,-0.9966151,0.0547665,0.0612490
1788248800164583168,OK,1,0,14.7731,0.314292,0,581,0,-3.324558,0.039752,1.022549,0.0025803,-0.9966010,0.0547319,0.0615158
1788248800197926144,OK,1,0,15.256,0.328584,0,782,0,-3.325505,0.039466,1.016157,0.0023659,-0.9966052,0.0545693,0.0616018
1788248800231269376,OK,1,0,14.455,0.332792,0,646,0,-3.326227,0.041310,1.008932,0.0023282,-0.9966101,0.0545092,0.0615766
1788248800264612352,OK,1,0,14.746,0.330459,0,561,0,-3.329149,0.039990,1.000727,0.0022601,-0.9966191,0.0543467,0.0615770
1788248800297955584,OK,1,0,15.6325,0.327167,0,566,0,-3.327665,0.039635,0.991444,0.0023756,-0.9966341,0.0540639,0.0615786
1788248800331298560,OK,1,0,15.2526,0.318834,0,804,0,-3.329745,0.036486,0.982467,0.0025074,-0.9966387,0.0540098,0.0615467
1788248800364641792,OK,1,0,15.3598,0.352375,0,614,0,-3.330098,0.035239,0.974997,0.0028731,-0.9966421,0.0541302,0.0613703
1788248800397984768,OK,1,0,14.988,0.342709,0,584,0,-3.329052,0.036687,0.965599,0.0029275,-0.9966123,0.0544301,0.0615862
1788248800431328000,OK,1,0,15.3832,0.33125,0,548,0,-3.327536,0.036770,0.959325,0.0027976,-0.9965893,0.0544857,0.0619136
1788248800464671488,OK,1,0,14.4305,0.3265,0,639,0,-3.330508,0.036009,0.947562,0.0026636,-0.9966034,0.0542449,0.0619044
1788248800498014720,OK,1,0,14.7862,0.326958,0,570,0,-3.334122,0.035789,0.939884,0.0023785,-0.9966335,0.0538377,0.0617867
1788248800531357952,OK,1,0,15.7916,0.336416,0,556,0,-3.334734,0.036481,0.930804,0.0021721,-0.9966421,0.0536323,0.0618334
1788248800564700160,OK,1,0,14.9579,0.358833,0,787,0,-3.337102,0.035627,0.922720,0.0018636,-0.9966173,0.0541444,0.0617969
1788248800598043392,OK,1,0,14.4637,0.3385,0,573,0,-3.337988,0.034866,0.917585,0.0017652,-0.9966111,0.0542781,0.0617823
1788248800631386880,OK,1,0,14.5264,0.324166,0,563,0,-3.337936,0.034721,0.908490,0.0020274,-0.9966059,0.0542000,0.0619269
1788248800664730112,OK,1,0,14.2007,0.302791,0,543,0,-3.339491,0.034667,0.901232,0.0020488,-0.9966311,0.0540480,0.0616525
1788248800698073856,OK,1,0,14.2932,0.317208,0,587,0,-3.342506,0.032698,0.896063,0.0018727,-0.9966809,0.0537546,0.0611072
1788248800731417344,OK,1,0,14.7741,0.332875,0,557,0,-3.342461,0.032219,0.888356,0.0016706,-0.9966765,0.0536278,0.0612961
1788248800764760576,OK,1,0,13.792,0.325042,0,530,0,-3.343448,0.033789,0.882975,0.0012478,-0.9966797,0.0533765,0.0614747
1788248800798102528,OK,1,0,14.3763,0.330291,0,705,0,-3.344509,0.032289,0.875565,0.0007849,-0.9966872,0.0530708,0.0616243
1788248800831444224,OK,1,0,15.0287,0.351667,0,557,0,-3.345198,0.031503,0.871060,0.0008617,-0.9966952,0.0528319,0.0616999
1788248800864786176,OK,1,0,14.8477,0.338541,0,555,0,-3.345321,0.030721,0.866220,0.0009367,-0.9966891,0.0530554,0.0616039
1788248800898127872,OK,1,0,13.8972,0.315041,0,529,0,-3.346796,0.031248,0.860014,0.0010190,-0.9966798,0.0537989,0.0611070
1788248800931470080,OK,1,0,13.9272,0.343667,0,576,0,-3.348609,0.030406,0.856018,0.0010632,-0.9966646,0.0540143,0.0611636
1788248800964811776,OK,1,0,14.5694,0.310625,0,543,0,-3.350583,0.029457,0.851563,0.0009800,-0.9966884,0.0537365,0.0610219
1788248800998152704,OK,1,0,14.0176,0.335875,0,537,0,-3.351360,0.029154,0.846476,0.0009236,-0.9967137,0.0536505,0.0606849
1788248801031494400,OK,1,0,14.3566,0.346916,0,539,0,-3.353263,0.027798,0.839930,0.0009128,-0.9967542,0.0534765,0.0601708
1788248801064836352,OK,1,0,14.2217,0.333625,0,518,0,-3.351055,0.029390,0.831500,0.0006690,-0.9967765,0.0533575,0.0599105
1788248801098178304,OK,1,0,14.2957,0.326375,0,588,0,-3.351201,0.029949,0.827003,0.0007204,-0.9968044,0.0534812,0.0593326
1788248801131520000,OK,1,0,14.0004,0.302583,0,550,0,-3.352765,0.027124,0.819663,0.0005350,-0.9968646,0.0531604,0.0586070
1788248801164861696,OK,1,0,13.9739,0.340666,0,501,0,-3.354544,0.027794,0.813861,0.0003538,-0.9969295,0.0528623,0.0577670
1788248801198203904,OK,1,0,13.7376,0.311708,0,517,0,-3.354043,0.028028,0.810594,0.0004434,-0.9969569,0.0526335,0.0575010
1788248801231545600,OK,1,0,14.2402,0.330292,0,510,0,-3.351703,0.026927,0.806038,0.0004937,-0.9969448,0.0528506,0.0575113
1788248801264887552,OK,1,0,15.0036,0.32875,0,493,0,-3.354628,0.026547,0.798532,0.0004765,-0.9969783,0.0531561,0.0566425
1788248801298229248,OK,1,0,14.4728,0.338458,0,708,0,-3.354613,0.026679,0.794699,0.0004183,-0.9970229,0.0531459,0.0558635
1788248801331571200,OK,1,0,13.8286,0.34075,0,582,0,-3.355295,0.027635,0.788813,0.0005456,-0.9970717,0.0530127,0.0551125
1788248801364913152,OK,1,0,13.907,0.344167,0,543,0,-3.354706,0.027091,0.784781,0.0004569,-0.9971133,0.0528222,0.0545395
1788248801398254848,OK,1,0,13.7236,0.350042,0,561,0,-3.353357,0.025842,0.781890,0.0007022,-0.9971520,0.0531274,0.0535250
1788248801431596800,OK,1,0,13.7734,0.342208,0,518,0,-3.352898,0.026459,0.774691,0.0007834,-0.9972199,0.0535992,0.0517596
1788248801464937728,OK,1,0,14.908,0.343792,0,507,0,-3.350903,0.025288,0.770057,0.0006894,-0.9973312,0.0534677,0.0497116
1788248801498279424,OK,1,0,13.8412,0.3285,0,491,0,-3.351745,0.027835,0.760631,0.0007169,-0.9974735,0.0532122,0.0470604
1788248801531621376,OK,1,0,13.502,0.330042,0,471,0,-3.349325,0.026478,0.756728,0.0010418,-0.9976032,0.0529431,0.0445396
1788248801564963072,OK,1,0,13.1567,0.323541,0,592,0,-3.345679,0.025048,0.749375,0.0010095,-0.9977366,0.0525084,0.0419952
1788248801598305280,OK,1,0,13.3801,0.355833,0,510,0,-3.345025,0.024638,0.736831,0.0010305,-0.9978713,0.0521181,0.0391856
1788248801631646976,OK,1,0,13.1506,0.333584,0,447,0,-3.343351,0.024200,0.731306,0.0010810,-0.9980059,0.0516837,0.0362201
1788248801664988672,OK,1,0,13.4132,0.33025,0,447,0,-3.340529,0.023675,0.724552,0.0012773,-0.9981331,0.0512156,0.0332523
1788248801698330624,OK,1,0,13.1162,0.361917,0,442,0,-3.336597,0.022979,0.719426,0.0018019,-0.9982493,0.0511483,0.0296484
1788248801731672576,OK,1,0,12.9864,0.338833,0,427,0,-3.335037,0.020264,0.714434,0.0018748,-0.9983840,0.0508191,0.0253632
1788248801765014528,OK,1,0,12.973,0.345625,0,532,0,-3.329523,0.021523,0.705418,0.0015721,-0.9984797,0.0507899,0.0213581
1788248801798366976,OK,1,0,13.1711,0.341709,0,437,0,-3.327046,0.019837,0.699688,0.0018156,-0.9985502,0.0509070,0.0173995
1788248801831719424,OK,1,0,14.6156,0.378875,0,399,0,-3.322185,0.020945,0.692854,0.0017414,-0.9986102,0.0509768,0.0132702
1788248801865072384,OK,1,0,12.8255,0.3515,0,508,0,-3.319082,0.020135,0.687079,0.0015048,-0.9986612,0.0508804,0.0092052
1788248801898423808,OK,1,0,13.399,0.377917,0,423,0,-3.315845,0.020634,0.681228,0.0013412,-0.9986863,0.0509397,0.0053965
1788248801931776512,OK,1,0,13.0264,0.397792,0,432,0,-3.313010,0.020438,0.680041,0.0017480,-0.9986856,0.0511972,0.0016943
1788248801965129728,OK,1,0,12.9184,0.353583,0,454,0,-3.310185,0.019622,0.673821,-0.0019989,0.9986854,-0.0511670,0.0023578
1788248801998482432,OK,1,0,13.0225,0.334375,0,423,0,-3.305710,0.021290,0.667650,-0.0017387,0.9986717,-0.0511087,0.0063155
1788248802031835392,OK,1,0,12.6285,0.303792,0,413,0,-3.302797,0.018651,0.663752,-0.0019238,0.9986388,-0.0511272,0.0101416
1788248802065188352,OK,1,0,13.1429,0.328958,0,505,0,-3.299001,0.019227,0.657828,-0.0019242,0.9985759,-0.0514250,0.0140690
1788248802098541824,OK,1,0,12.6705,0.341875,0,428,0,-3.295916,0.019433,0.652371,-0.0018817,0.9985154,-0.0512587,0.0183299
1788248802131895040,OK,1,0,14.0971,0.342708,0,420,0,-3.295272,0.016194,0.649013,-0.0016144,0.9984685,-0.0506468,0.0222060
1788248802165248256,OK,1,0,14.765,0.356208,0,479,0,-3.291378,0.016511,0.641265,-0.0016447,0.9983915,-0.0504737,0.0257703
1788248802198601472,OK,1,0,13.157,0.329791,0,406,0,-3.287523,0.015222,0.637766,-0.0020534,0.9982755,-0.0503491,0.0301131
1788248802231955200,OK,1,0,12.7415,0.315833,0,422,0,-3.284768,0.013749,0.631184,-0.0020826,0.9981309,-0.0500443,0.0350153
1788248802265308672,OK,1,0,13.1014,0.338,0,479,0,-3.277426,0.014989,0.624054,-0.0017088,0.9979941,-0.0499238,0.0388899
1788248802298662144,OK,1,0,13.5544,0.330208,0,397,0,-3.274040,0.014310,0.619124,-0.0021108,0.9978113,-0.0500331,0.0431850
1788248802332015616,OK,1,0,12.9841,0.326208,0,368,0,-3.270486,0.013179,0.615775,-0.0021701,0.9976093,-0.0501737,0.0474723
1788248802365368320,OK,1,0,12.7829,0.319959,0,478,0,-3.266176,0.012221,0.610783,-0.0017371,0.9974385,-0.0496910,0.0514225
1788248802398722048,OK,1,0,14.6729,0.326542,0,427,0,-3.261939,0.013776,0.602965,-0.0020262,0.9972298,-0.0496911,0.0553130
1788248802432076032,OK,1,0,13.0355,0.32625,0,422,0,-3.256085,0.012148,0.597170,-0.0024648,0.9970052,-0.0496271,0.0592592
1788248802465430016,OK,1,0,13.0022,0.321667,0,472,0,-3.246813,0.013278,0.582969,-0.0026572,0.9967138,-0.0498351,0.0638047
1788248802498784000,OK,1,0,13.8167,0.33225,0,433,0,-3.242590,0.012354,0.580725,-0.0024611,0.9964401,-0.0501590,0.0677132
1788248802532137984,OK,1,0,13.4298,0.321375,0,481,0,-3.237544,0.012508,0.575762,-0.0022748,0.9961174,-0.0506992,0.0719354
1788248802565491968,OK,1,0,13.5756,0.336542,0,454,0,-3.234713,0.013559,0.568915,-0.0016604,0.9957359,-0.0512199,0.0767064
1788248802598846208,OK,1,0,13.0813,0.32975,0,468,0,-3.231652,0.012032,0.562290,-0.0014703,0.9953818,-0.0514020,0.0810601
1788248802632200448,OK,1,0,14.1782,0.361542,0,443,0,-3.228644,0.010992,0.554832,-0.0014997,0.9950156,-0.0515221,0.0853652
1788248802665554688,OK,1,0,13.5658,0.357708,0,448,0,-3.222957,0.011206,0.548731,-0.0017456,0.9946294,-0.0518187,0.0895774
1788248802698909184,OK,1,0,13.8815,0.340166,0,452,0,-3.218587,0.012302,0.544463,-0.0015778,0.9942561,-0.0518862,0.0935955
1788248802732263424,OK,1,0,13.2917,0.316583,0,429,0,-3.213099,0.012880,0.534652,-0.0018627,0.9938654,-0.0520212,0.0975809
1788248802765617920,OK,1,0,13.2934,0.354125,0,458,0,-3.208313,0.010095,0.528763,-0.0017110,0.9934489,-0.0520771,0.1017070
1788248802798957312,OK,1,0,13.573,0.347666,0,451,0,-3.202445,0.010889,0.521583,-0.0013355,0.9930554,-0.0517630,0.1056398
1788248802832297728,OK,1,0,13.6622,0.336083,0,434,0,-3.198705,0.009690,0.513539,-0.0015131,0.9926277,-0.0517146,0.1096069
1788248802865637888,OK,1,0,13.2433,0.307792,0,422,0,-3.193186,0.008468,0.506674,-0.0018830,0.9921585,-0.0517816,0.1137394
1788248802898978304,OK,1,0,13.8985,0.32575,0,558,0,-3.188192,0.003940,0.499155,-0.0021123,0.9917133,-0.0512784,0.1177741
1788248802932318464,OK,1,0,13.8615,0.3255,0,413,0,-3.183404,0.004866,0.493147,-0.0019187,0.9912463,-0.0512348,0.1216642
1788248802965658624,OK,1,0,13.7858,0.338083,0,467,0,-3.178280,0.004784,0.485734,-0.0014613,0.9907441,-0.0514530,0.1256055
1788248802998999040,OK,1,0,13.3301,0.337458,0,438,0,-3.172585,0.005576,0.478061,-0.0010440,0.9903165,-0.0514630,0.1289328
1788248803032339456,OK,1,0,13.2576,0.328792,0,446,0,-3.169202,0.002279,0.472754,-0.0011326,0.9900069,-0.0515262,0.1312642
1788248803065679360,OK,1,0,13.1622,0.341083,0,493,0,-3.166309,-0.000664,0.466147,-0.0013087,0.9896436,-0.0516304,0.1339332
1788248803099019776,OK,1,0,13.0524,0.33675,0,443,0,-3.164929,-0.001975,0.460030,-0.0013645,0.9892503,-0.0514093,0.1368907
1788248803132359936,OK,1,0,13.2789,0.339541,0,464,0,-3.159871,-0.001647,0.452219,-0.0013252,0.9888989,-0.0512818,0.1394541
1788248803165700096,OK,1,0,13.6307,0.365459,0,463,0,-3.156430,-0.002418,0.443975,-0.0018069,0.9884813,-0.0514611,0.1423136
1788248803199040256,OK,1,0,13.226,0.320792,0,437,0,-3.150451,-0.003014,0.438727,-0.0016070,0.9881141,-0.0514019,0.1448646
1788248803232379392,OK,1,0,12.7988,0.325625,0,437,0,-3.146212,-0.001949,0.428856,-0.0014860,0.9877392,-0.0512269,0.1474613
1788248803265719808,OK,1,0,12.6413,0.3345,0,386,0,-3.139497,-0.001383,0.424792,-0.0020137,0.9873523,-0.0515431,0.1499158
1788248803299059712,OK,1,0,13.2395,0.340416,0,507,0,-3.132768,-0.003352,0.415920,-0.0025137,0.9869109,-0.0516189,0.1527618
1788248803332399872,OK,1,0,16.1265,0.355708,0,445,0,-3.126549,-0.001327,0.412586,-0.0022512,0.9865296,-0.0514608,0.1552615
1788248803365740032,OK,1,0,13.2292,0.355125,0,431,0,-3.120964,0.000386,0.403224,-0.0017934,0.9861138,-0.0515950,0.1578428
1788248803399080448,OK,1,0,13.1492,0.321625,0,422,0,-3.118894,-0.000728,0.398604,-0.0016041,0.9856401,-0.0517595,0.1607233
1788248803432420352,OK,1,0,15.8905,0.337458,0,426,0,-3.114193,0.000314,0.389644,-0.0013683,0.9851694,-0.0517970,0.1635744
1788248803465760512,OK,1,0,13.3946,0.355041,0,484,0,-3.112569,-0.002211,0.389207,-0.0012039,0.9847726,-0.0513818,0.1660767
1788248803499100672,OK,1,0,13.368,0.322834,0,439,0,-3.108724,-0.005037,0.382526,-0.0018629,0.9842941,-0.0514682,0.1688569
1788248803532440576,OK,1,0,13.0236,0.352208,0,483,0,-3.104666,-0.007132,0.376363,-0.0020661,0.9837732,-0.0510947,0.1719749
1788248803565780480,OK,1,0,13.0955,0.343459,0,445,0,-3.096761,-0.005747,0.368864,-0.0019554,0.9833245,-0.0508590,0.1745927
1788248803599120640,OK,1,0,13.37,0.326709,0,442,0,-3.093631,-0.007552,0.363096,-0.0017054,0.9828942,-0.0506786,0.1770534
1788248803632460800,OK,1,0,13.6442,0.322542,0,454,0,-3.089007,-0.007692,0.355961,-0.0013914,0.9824095,-0.0507990,0.1796916
1788248803665800704,OK,1,0,13.5145,0.331875,0,452,0,-3.079558,-0.007469,0.345706,-0.0012239,0.9819299,-0.0507196,0.1823176
1788248803699139584,OK,1,0,14.2889,0.318209,0,477,0,-3.074023,-0.008924,0.338722,-0.0016662,0.9814597,-0.0509116,0.1847761
1788248803732479744,OK,1,0,13.6918,0.33075,0,459,0,-3.069340,-0.007083,0.332714,-0.0021177,0.9809088,-0.0513669,0.1875498
1788248803765819904,OK,1,0,14.0403,0.351333,0,440,0,-3.062868,-0.006422,0.326907,-0.0025296,0.9803644,-0.0512260,0.1904077
1788248803799163136,OK,1,0,13.5274,0.339833,0,402,0,-3.056221,-0.008435,0.322040,-0.0022892,0.9798970,-0.0507256,0.1929340
1788248803832507648,OK,1,0,13.8568,0.355208,0,467,0,-3.053640,-0.005933,0.317370,-0.0018963,0.9793640,-0.0509967,0.1955554
1788248803865851904,OK,1,0,12.5852,0.322458,0,434,0,-3.048794,-0.008732,0.309721,-0.0018207,0.9788047,-0.0508309,0.1983790
1788248803899196416,OK,1,0,13.5373,0.332084,0,429,0,-3.042485,-0.007741,0.303774,-0.0017752,0.9782906,-0.0509664,0.2008654
1788248803932540672,OK,1,0,14.0994,0.328125,0,421,0,-3.035952,-0.008355,0.300690,-0.0022583,0.9777955,-0.0509518,0.2032605
1788248803965885184,OK,1,0,13.596,0.351333,0,548,0,-3.026425,-0.007681,0.286463,-0.0026507,0.9771099,-0.0510506,0.2065021
1788248803999229696,OK,1,0,13.5999,0.345208,0,485,0,-3.022938,-0.008790,0.282881,-0.0025045,0.9764844,-0.0505911,0.2095531
1788248804032574208,OK,1,0,13.3801,0.321167,0,502,0,-3.017615,-0.007445,0.276773,-0.0021446,0.9759729,-0.0506875,0.2119036
1788248804065918720,OK,1,0,13.2427,0.333291,0,522,0,-3.013732,-0.005461,0.264760,-0.0017245,0.9753115,-0.0511602,0.2148188
1788248804099263232,OK,1,0,13.5919,0.322875,0,497,0,-3.011164,-0.004521,0.259194,-0.0014295,0.9746519,-0.0512446,0.2177743
1788248804132606720,OK,1,0,15.5255,0.31125,0,476,0,-3.005693,-0.007776,0.255117,-0.0012900,0.9741411,-0.0509274,0.2201224
1788248804165951232,OK,1,0,13.9444,0.357709,0,544,0,-2.998614,-0.006974,0.248848,-0.0017383,0.9736194,-0.0510104,0.2223964
1788248804199295744,OK,1,0,13.3002,0.313125,0,555,0,-2.993883,-0.007792,0.238431,-0.0022660,0.9728312,-0.0510817,0.2257987
1788248804232640256,OK,1,0,13.2636,0.334291,0,516,0,-2.988050,-0.005858,0.234632,-0.0022674,0.9722344,-0.0508112,0.2284150
1788248804265984768,OK,1,0,13.7073,0.344042,0,480,0,-2.982903,-0.006531,0.229566,-0.0019428,0.9716444,-0.0504988,0.2309833
1788248804299329280,OK,1,0,14.9133,0.346916,0,442,0,-2.979927,-0.007177,0.223618,-0.0013636,0.9709995,-0.0505705,0.2336679
1788248804332674048,OK,1,0,13.5587,0.341791,0,537,0,-2.971533,-0.004422,0.216406,-0.0007918,0.9703751,-0.0507670,0.2362083
1788248804366018816,OK,1,0,13.356,0.354041,0,491,0,-2.968156,-0.005436,0.209716,-0.0009354,0.9697023,-0.0506102,0.2389878
1788248804399363328,OK,1,0,13.354,0.338416,0,509,0,-2.962328,-0.003918,0.201743,-0.0012048,0.9690143,-0.0510473,0.2416694
1788248804432708096,OK,1,0,13.1837,0.341541,0,489,0,-2.955682,-0.005969,0.196348,-0.0017172,0.9683919,-0.0509003,0.2441790
1788248804466052608,OK,1,0,13.4987,0.319875,0,404,0,-2.945685,-0.006340,0.187554,-0.0015085,0.9678483,-0.0508867,0.2463291
1788248804499397120,OK,1,0,12.9563,0.324375,0,544,0,-2.939595,-0.006464,0.186068,-0.0013026,0.9673383,-0.0509009,0.2483224
1788248804532741888,OK,1,0,13.7669,0.319334,0,507,0,-2.933766,-0.006666,0.183070,-0.0009456,0.9667637,-0.0509405,0.2505435
1788248804566085632,OK,1,0,13.8666,0.609875,0,478,0,-2.930523,-0.009587,0.177218,-0.0009564,0.9660580,-0.0506560,0.2533083
1788248804599430400,OK,1,0,12.753,0.310709,0,409,0,-2.923401,-0.010833,0.174043,-0.0010061,0.9655614,-0.0504347,0.2552380
1788248804632775168,OK,1,0,13.2402,0.32625,0,553,0,-2.916317,-0.010902,0.168248,-0.0015192,0.9649667,-0.0504775,0.2574666
1788248804666119936,OK,1,0,13.4969,0.354875,0,507,0,-2.910165,-0.011327,0.160892,-0.0020630,0.9642141,-0.0503725,0.2602875
1788248804699464704,OK,1,0,14.9902,0.3435,0,496,0,-2.903750,-0.011492,0.157299,-0.0022075,0.9635751,-0.0500689,0.2627002
1788248804732809216,OK,1,0,13.2108,0.338084,0,446,0,-2.897449,-0.011079,0.150074,-0.0017823,0.9629300,-0.0498621,0.2650971
1788248804766154240,OK,1,0,13.2428,0.338958,0,424,0,-2.893329,-0.012046,0.145163,-0.0013714,0.9622234,-0.0497645,0.2676711
1788248804799501056,OK,1,0,12.6905,0.34325,0,426,0,-2.883647,-0.010468,0.136865,-0.0014746,0.9615084,-0.0498277,0.2702159
1788248804832850688,OK,1,0,13.5533,0.313709,0,586,0,-2.877005,-0.008342,0.134053,-0.0016499,0.9608653,-0.0497812,0.2725013
1788248804866200320,OK,1,0,14.4379,0.359541,0,511,0,-2.871771,-0.007983,0.130907,-0.0019638,0.9602105,-0.0498206,0.2747905
1788248804899549952,OK,1,0,14.2466,0.348792,0,512,0,-2.865778,-0.008616,0.125308,-0.0023822,0.9593185,-0.0500237,0.2778490
1788248804932899584,OK,1,0,15.2943,0.338542,0,514,0,-2.859289,-0.009695,0.122754,-0.0024228,0.9584968,-0.0496862,0.2807299
1788248804966249472,OK,1,0,14.0871,0.335375,0,518,0,-2.852855,-0.010104,0.118016,-0.0024584,0.9576929,-0.0497164,0.2834547
1788248804999599360,OK,1,0,15.0077,0.351417,0,492,0,-2.846694,-0.008425,0.111475,-0.0022739,0.9566680,-0.0502466,0.2868038
1788248805032948224,OK,1,0,15.024,0.338709,0,480,0,-2.843560,-0.008336,0.110875,-0.0018974,0.9558550,-0.0501449,0.2895224
1788248805066298112,OK,1,0,13.1932,0.349541,0,459,0,-2.837515,-0.008256,0.101607,-0.0019073,0.9548817,-0.0498290,0.2927701
1788248805099648000,OK,1,0,13.5083,0.340292,0,480,0,-2.832014,-0.009042,0.097267,-0.0023206,0.9537453,-0.0501729,0.2963904
1788248805132998144,OK,1,0,12.6169,0.332375,0,419,0,-2.824614,-0.007014,0.093516,-0.0024258,0.9526086,-0.0504716,0.2999725
1788248805166348032,OK,1,0,13.2688,0.325542,0,425,0,-2.818264,-0.007807,0.090064,-0.0024432,0.9515424,-0.0502360,0.3033768
1788248805199698176,OK,1,0,12.955,0.332708,0,408,0,-2.811288,-0.007366,0.089360,-0.0022962,0.9504828,-0.0505236,0.3066342
1788248805233048320,OK,1,0,13.0455,0.341042,0,432,0,-2.806839,-0.010376,0.086650,-0.0025898,0.9492921,-0.0505776,0.3102899
1788248805266398464,OK,1,0,13.0332,0.364458,0,584,0,-2.798673,-0.009056,0.081056,-0.0022874,0.9481802,-0.0504683,0.3136910
1788248805299748864,OK,1,0,13.3103,0.331,0,582,0,-2.790429,-0.009283,0.078699,-0.0027439,0.9470170,-0.0502454,0.3172172
1788248805333099008,OK,1,0,13.5187,0.32625,0,531,0,-2.783280,-0.009206,0.075878,-0.0028264,0.9456817,-0.0500681,0.3212030
1788248805366449408,OK,1,0,13.3221,0.333083,0,575,0,-2.778767,-0.012014,0.076230,-0.0030193,0.9443821,-0.0495293,0.3250849
1788248805399799808,OK,1,0,13.7447,0.30025,0,528,0,-2.770460,-0.011713,0.071641,-0.0030670,0.9430987,-0.0492810,0.3288265
1788248805433150208,OK,1,0,13.038,0.351459,0,454,0,-2.767648,-0.012839,0.067881,-0.0030748,0.9417250,-0.0493336,0.3327324
1788248805466499584,OK,1,0,13.3676,0.354959,0,464,0,-2.758385,-0.011871,0.063540,-0.0027668,0.9403963,-0.0491360,0.3365008
1788248805499849984,OK,1,0,12.8198,0.331959,0,463,0,-2.749512,-0.012649,0.062066,-0.0030818,0.9391248,-0.0487889,0.3400805
1788248805533200640,OK,1,0,13.0556,0.36075,0,456,0,-2.743111,-0.013825,0.062129,-0.0032935,0.9378283,-0.0487586,0.3436420
1788248805566551296,OK,1,0,13.2122,0.34875,0,444,0,-2.735146,-0.013983,0.060315,-0.0038825,0.9364223,-0.0488715,0.3474331
1788248805599901952,OK,1,0,13.7407,0.341875,0,461,0,-2.728391,-0.014351,0.055433,-0.0037848,0.9349558,-0.0485818,0.3514015
1788248805633252608,OK,1,0,13.7364,0.353167,0,469,0,-2.720799,-0.013622,0.053390,-0.0038326,0.9334723,-0.0489117,0.3552780
1788248805666603264,OK,1,0,13.2382,0.353583,0,461,0,-2.712778,-0.012672,0.051430,-0.0034755,0.9319628,-0.0493643,0.3591606
1788248805699954176,OK,1,0,13.2974,0.33775,0,469,0,-2.706214,-0.012663,0.047985,-0.0031794,0.9303732,-0.0496283,0.3632255
1788248805733304832,OK,1,0,14.6916,0.340958,0,480,0,-2.701956,-0.011834,0.045283,-0.0026426,0.9288310,-0.0494690,0.3671770
1788248805766655744,OK,1,0,15.9968,0.39425,0,471,0,-2.692840,-0.010444,0.044017,-0.0025894,0.9274560,-0.0495841,0.3706213
1788248805800001280,OK,1,0,13.2185,0.320875,0,501,0,-2.686916,-0.012495,0.042416,-0.0027683,0.9258527,-0.0496516,0.3745984
1788248805833339136,OK,1,0,15.8172,0.315208,0,475,0,-2.679729,-0.011962,0.040419,-0.0026926,0.9242712,-0.0492957,0.3785308
1788248805866676736,OK,1,0,13.1521,0.351458,0,460,0,-2.668899,-0.012067,0.036318,-0.0024881,0.9227729,-0.0491344,0.3821910
1788248805900013312,OK,1,0,13.2183,0.334833,0,470,0,-2.664869,-0.012280,0.033945,-0.0025297,0.9210658,-0.0492357,0.3862737
1788248805933351168,OK,1,0,14.0526,0.308708,0,479,0,-2.657546,-0.011774,0.028377,-0.0026359,0.9193200,-0.0490182,0.3904369
1788248805966688768,OK,1,0,15.4468,0.363,0,483,0,-2.643835,-0.010586,0.022026,-0.0026652,0.9177010,-0.0487826,0.3942563
1788248806000026368,OK,1,0,14.7413,0.323125,0,448,0,-2.640134,-0.010626,0.022465,-0.0030730,0.9161438,-0.0488379,0.3978516
1788248806033363968,OK,1,0,14.8018,0.365875,0,462,0,-2.633255,-0.013674,0.022498,-0.0037667,0.9144364,-0.0486500,0.4017774
1788248806066701568,OK,1,0,15.7083,0.364542,0,467,0,-2.626203,-0.014660,0.024419,-0.0038421,0.9127198,-0.0483856,0.4056928
1788248806100039168,OK,1,0,14.3072,0.342583,0,463,0,-2.617169,-0.013974,0.018669,-0.0037729,0.9109960,-0.0483838,0.4095498
1788248806133376768,OK,1,0,12.8889,0.331792,0,494,0,-2.610978,-0.014301,0.013135,-0.0033141,0.9090996,-0.0480877,0.4137808
1788248806166714112,OK,1,0,15.0762,0.343916,0,495,0,-2.601084,-0.013900,0.011019,-0.0031736,0.9073433,-0.0478695,0.4176441
1788248806200051456,OK,1,0,13.843,0.345167,0,486,0,-2.596761,-0.013526,0.013757,-0.0035064,0.9056370,-0.0480076,0.4213129
1788248806233388800,OK,1,0,13.2841,0.350292,0,463,0,-2.587245,-0.012405,0.014297,-0.0038365,0.9039239,-0.0485054,0.4249167
1788248806266726400,OK,1,0,16.6328,0.358833,0,474,0,-2.578588,-0.010790,0.009041,-0.0038561,0.9019675,-0.0484362,0.4290614
1788248806300063744,OK,1,0,14.8451,0.335458,0,796,0,-2.571033,-0.010804,0.007539,-0.0039192,0.9000387,-0.0481748,0.4331215
1788248806333400832,OK,1,0,16.7449,0.339375,0,732,0,-2.562557,-0.009023,0.005090,-0.0037927,0.8981424,-0.0482990,0.4370276
1788248806366737408,OK,1,0,15.6197,0.33475,0,736,0,-2.557076,-0.009510,0.004672,-0.0033706,0.8962430,-0.0479491,0.4409512
1788248806400074496,OK,1,0,14.9066,0.364833,0,716,0,-2.550525,-0.010581,0.002769,-0.0032245,0.8942964,-0.0474466,0.4449410
1788248806433411584,OK,1,0,17.5052,0.348375,0,734,0,-2.543268,-0.010133,0.001791,-0.0032147,0.8924631,-0.0475077,0.4486005
1788248806466748672,OK,1,0,15.7596,0.32375,0,732,0,-2.536462,-0.009502,0.002172,-0.0031770,0.8904851,-0.0477993,0.4524836
1788248806500086016,OK,1,0,17.5989,0.329292,0,750,0,-2.528779,-0.009863,-0.000564,-0.0031427,0.8884199,-0.0474677,0.4565601
1788248806533423104,OK,1,0,41.6359,0.361917,0,820,0,-2.523035,-0.004493,0.003344,-0.0025636,0.8867568,-0.0482373,0.4597054
1788248806566759936,OK,1,0,15.5597,0.341292,0,814,0,-2.517970,-0.005140,0.002339,-0.0022264,0.8851600,-0.0481731,0.4627809
1788248806600097280,OK,1,0,17.4247,0.358833,0,828,0,-2.510278,-0.005971,0.001929,-0.0020270,0.8838525,-0.0481933,0.4652720
1788248806633434112,OK,1,0,17.0307,0.374583,0,846,0,-2.502292,-0.005868,-0.000273,-0.0019706,0.8826046,-0.0478670,0.4676687
1788248806666771200,OK,1,0,15.6073,0.344334,0,821,0,-2.493528,-0.006122,-0.002292,-0.0025804,0.8812255,-0.0477723,0.4702689
1788248806700108032,OK,1,0,14.6839,0.318333,0,783,0,-2.487772,-0.005703,-0.004860,-0.0030139,0.8798996,-0.0477994,0.4727398
1788248806733445120,OK,1,0,16.2683,0.304791,0,793,0,-2.480795,-0.004063,-0.010163,-0.0028500,0.8787048,-0.0476589,0.4749719
1788248806766781952,OK,1,0,16.2899,0.332417,0,781,0,-2.474102,-0.001612,-0.012394,-0.0024182,0.8776027,-0.0477512,0.4769985
1788248806800122368,OK,1,0,14.9335,0.343958,0,769,0,-2.467266,-0.002516,-0.014380,-0.0022359,0.8764431,-0.0474527,0.4791562
1788248806833470208,OK,1,0,15.652,0.365417,0,788,0,-2.458428,-0.002898,-0.016249,-0.0021769,0.8752633,-0.0474766,0.4813060
1788248806866818048,OK,1,0,16.5465,0.353125,0,764,0,-2.452760,-0.002379,-0.016211,-0.0023648,0.8741753,-0.0474766,0.4832784
1788248806900165888,OK,1,0,14.8978,0.343125,0,760,0,-2.445930,-0.004237,-0.017927,-0.0028914,0.8730719,-0.0473911,0.4852743
1788248806933514240,OK,1,0,15.2997,0.344583,0,729,0,-2.437559,-0.004305,-0.020051,-0.0033452,0.8717800,-0.0476940,0.4875590
1788248806966862080,OK,1,0,15.9531,0.342584,0,738,0,-2.429570,-0.002212,-0.023426,-0.0033379,0.8703130,-0.0478093,0.4901616
1788248807000210176,OK,1,0,15.8148,0.329167,0,717,0,-2.423811,-0.002018,-0.024259,-0.0029725,0.8690979,-0.0477404,0.4923219
1788248807033558016,OK,1,0,15.187,0.354166,0,773,0,-2.418495,-0.001927,-0.027565,-0.0025531,0.8679480,-0.0479270,0.4943306
1788248807066906368,OK,1,0,14.6972,0.335,0,729,0,-2.411241,-0.004229,-0.027813,-0.0024197,0.8667448,-0.0478986,0.4964407
1788248807100254464,OK,1,0,15.1617,0.343333,0,706,0,-2.403777,-0.003912,-0.028390,-0.0023073,0.8654605,-0.0478763,0.4986790
1788248807133602560,OK,1,0,15.6291,0.355167,0,690,0,-2.395411,-0.002485,-0.030922,-0.0020487,0.8642328,-0.0481259,0.5007809
1788248807166950656,OK,1,0,14.6197,0.361708,0,700,0,-2.387084,-0.001707,-0.031594,-0.0022625,0.8630143,-0.0485363,0.5028375
1788248807200298752,OK,1,0,14.3065,0.335958,0,676,0,-2.377135,-0.000579,-0.033780,-0.0024750,0.8615549,-0.0483328,0.5053522
1788248807233646336,OK,1,0,14.8505,0.37075,0,708,0,-2.370650,0.000227,-0.040796,-0.0023102,0.8600489,-0.0476122,0.5079799
1788248807266994432,OK,1,0,15.7869,0.374875,0,702,0,-2.363981,-0.001294,-0.041761,-0.0020589,0.8590043,-0.0474353,0.5097620
1788248807300342784,OK,1,0,14.9958,0.367083,0,981,0,-2.356776,-0.001343,-0.041634,-0.0018199,0.8581319,-0.0475467,0.5112198
1788248807333691136,OK,1,0,16.0662,0.323583,0,891,0,-2.348969,-0.000420,-0.046057,-0.0017022,0.8569047,-0.0475611,0.5132731
1788248807367039488,OK,1,0,17.2229,0.353083,0,872,0,-2.344013,-0.000147,-0.047939,-0.0020183,0.8558165,-0.0477537,0.5150664
1788248807400387840,OK,1,0,29.1363,0.354125,0,927,0,-2.333433,-0.006762,-0.052317,-0.0024988,0.8545162,-0.0468500,0.5173017
1788248807433736448,OK,1,0,15.1885,0.291417,0,944,0,-2.325540,-0.006982,-0.053699,-0.0026064,0.8533188,-0.0467614,0.5192819
1788248807467084800,OK,1,0,17.9033,0.357333,0,919,0,-2.318255,-0.006616,-0.056822,-0.0024747,0.8521307,-0.0461442,0.5212848
1788248807500433408,OK,1,0,16.6651,0.336958,0,994,0,-2.312351,-0.005609,-0.058270,-0.0022568,0.8510309,-0.0463038,0.5230653
1788248807533781760,OK,1,0,14.7735,0.363125,0,922,0,-2.305218,-0.007110,-0.060497,-0.0019384,0.8497866,-0.0461334,0.5251006
1788248807567130368,OK,1,0,17.6212,0.346792,0,929,0,-2.298711,-0.007665,-0.062197,-0.0020512,0.8485545,-0.0459283,0.5271070
1788248807600478976,OK,1,0,15.6333,0.363417,0,886,0,-2.289022,-0.007441,-0.062727,-0.0023292,0.8474978,-0.0458041,0.5288138
1788248807633827584,OK,1,0,14.8923,0.372916,0,899,0,-2.281313,-0.007284,-0.064354,-0.0026964,0.8463835,-0.0458778,0.5305873
1788248807667176192,OK,1,0,16.2509,0.396875,0,922,0,-2.273585,-0.006715,-0.066747,-0.0027222,0.8450208,-0.0457899,0.5327624
1788248807700524032,OK,1,0,15.3962,0.34375,0,910,0,-2.265834,-0.007000,-0.069556,-0.0026391,0.8437214,-0.0455757,0.5348365
1788248807733872640,OK,1,0,15.0442,0.362083,0,925,0,-2.260529,-0.007410,-0.069290,-0.0024819,0.8427625,-0.0455052,0.5363529
1788248807767221504,OK,1,0,16.6624,0.429708,0,872,0,-2.252536,-0.007036,-0.071916,-0.0024258,0.8415154,-0.0455430,0.5383046
1788248807800564992,OK,1,0,15.8251,0.342875,0,879,0,-2.243244,-0.008602,-0.073239,-0.0026261,0.8401861,-0.0453485,0.5403925
1788248807833901824,OK,1,0,17.2689,0.347375,0,878,0,-2.236916,-0.009006,-0.073580,-0.0031684,0.8388681,-0.0452128,0.5424445
1788248807867238400,OK,1,0,15.1634,0.361,0,878,0,-2.229487,-0.009844,-0.075167,-0.0036788,0.8377463,-0.0450721,0.5441839
1788248807900575232,OK,1,0,17.2011,0.387959,0,871,0,-2.222214,-0.009390,-0.076863,-0.0038615,0.8364398,-0.0450663,0.5461891
1788248807933911552,OK,1,0,16.0265,0.362583,0,863,0,-2.213555,-0.010137,-0.077234,-0.0038380,0.8352217,-0.0446804,0.5480818
1788248807967248384,OK,1,0,14.7412,0.354875,0,883,0,-2.205775,-0.009576,-0.079253,-0.0037546,0.8340403,-0.0445253,0.5498911
1788248808000584704,OK,1,0,15.0282,0.341584,0,878,0,-2.197951,-0.008869,-0.080698,-0.0034727,0.8329743,-0.0444638,0.5515113
1788248808033921280,OK,1,0,15.0503,0.352667,0,887,0,-2.189616,-0.008373,-0.082789,-0.0033182,0.8316780,-0.0444772,0.5534641
1788248808067257856,OK,1,0,15.2151,0.405625,0,856,0,-2.183656,-0.009265,-0.082630,-0.0037590,0.8302868,-0.0443311,0.5555579
1788248808100593920,OK,1,0,15.1304,0.3795,0,881,0,-2.173892,-0.008383,-0.083431,-0.0038948,0.8292215,-0.0439673,0.5571744
1788248808133929472,OK,1,0,14.2118,0.362459,0,905,0,-2.164750,-0.007791,-0.084505,-0.0041237,0.8279889,-0.0442193,0.5589831
1788248808167265792,OK,1,0,16.6044,0.324625,0,845,0,-2.159208,-0.010123,-0.085171,-0.0042791,0.8267176,-0.0439943,0.5608782
1788248808200602112,OK,1,0,14.2333,0.380375,0,849,0,-2.150534,-0.011059,-0.087093,-0.0043710,0.8252580,-0.0435948,0.5630539
1788248808233938176,OK,1,0,14.2433,0.378375,0,836,0,-2.143321,-0.011607,-0.087498,-0.0043904,0.8240634,-0.0435466,0.5648043
1788248808267274496,OK,1,0,15.2974,0.308,0,827,0,-2.136125,-0.011826,-0.089379,-0.0043850,0.8226714,-0.0437915,0.5668113
1788248808300610560,OK,1,0,14.6582,0.324208,0,1222,0,-2.129112,-0.011321,-0.089262,-0.0044552,0.8212743,-0.0439772,0.5688188
1788248808333946880,OK,1,0,17.2471,0.361334,0,1078,0,-2.120774,-0.011556,-0.088730,-0.0047858,0.8201449,-0.0438140,0.5704559
1788248808367282688,OK,1,0,32.4856,0.341375,0,1100,0,-2.113519,-0.012891,-0.092752,-0.0047863,0.8186949,-0.0436905,0.5725442
1788248808400618752,OK,1,0,16.6012,0.377,0,1114,0,-2.104543,-0.012971,-0.090990,-0.0048374,0.8175589,-0.0437420,0.5741607
1788248808433954816,OK,1,0,16.8502,0.33425,0,1102,0,-2.097585,-0.013448,-0.090277,-0.0050343,0.8163130,-0.0435693,0.5759422
1788248808467290880,OK,1,0,15.3704,0.334,0,1164,0,-2.089199,-0.012694,-0.090914,-0.0049689,0.8151212,-0.0434478,0.5776375
1788248808500626432,OK,1,0,16.0398,0.360375,0,1086,0,-2.083843,-0.013354,-0.092684,-0.0047104,0.8137482,-0.0435976,0.5795610
1788248808533962496,OK,1,0,16.084,0.365833,0,1077,0,-2.074917,-0.013831,-0.092831,-0.0046848,0.8124704,-0.0434861,0.5813594
1788248808567297024,OK,1,0,16.2824,0.343333,0,1059,0,-2.066204,-0.012534,-0.092457,-0.0047381,0.8112045,-0.0429869,0.5831613
1788248808600633088,OK,1,0,14.9001,0.339584,0,1032,0,-2.058620,-0.011407,-0.091677,-0.0048179,0.8101563,-0.0428588,0.5846252
1788248808633968640,OK,1,0,15.2623,0.348,0,1063,0,-2.049036,-0.011787,-0.092797,-0.0050476,0.8088870,-0.0428169,0.5863813
1788248808667304448,OK,1,0,16.758,0.3465,0,1051,0,-2.041339,-0.011886,-0.092787,-0.0051500,0.8075442,-0.0424861,0.5882522
1788248808700640000,OK,1,0,15.2333,0.356875,0,1021,0,-2.033513,-0.012963,-0.093125,-0.0054492,0.8063154,-0.0420371,0.5899650
1788248808733975552,OK,1,0,16.3087,0.342583,0,1009,0,-2.025734,-0.013643,-0.094381,-0.0058002,0.8049728,-0.0422629,0.5917760
1788248808767311104,OK,1,0,14.947,0.349958,0,1049,0,-2.016164,-0.014066,-0.093928,-0.0058696,0.8036036,-0.0423608,0.5936264
1788248808800652288,OK,1,0,15.4389,0.3475,0,1039,0,-2.009926,-0.013543,-0.094602,-0.0060438,0.8021293,-0.0421466,0.5956305
1788248808834000896,OK,1,0,16.7508,0.34325,0,1016,0,-2.002191,-0.013764,-0.095041,-0.0062066,0.8009380,-0.0418980,0.5972474
1788248808867349760,OK,1,0,14.6692,0.353875,0,993,0,-1.992824,-0.014715,-0.094676,-0.0063384,0.7997252,-0.0420143,0.5988609
1788248808900698624,OK,1,0,14.8748,0.363083,0,974,0,-1.986302,-0.013593,-0.094770,-0.0062055,0.7983341,-0.0422926,0.6006958
1788248808934047488,OK,1,0,15.3938,0.357166,0,946,0,-1.980111,-0.012378,-0.095430,-0.0057143,0.7969447,-0.0421146,0.6025552
1788248808967396608,OK,1,0,14.9466,0.344375,0,993,0,-1.973283,-0.011619,-0.093058,-0.0053851,0.7957823,-0.0424613,0.6040683
1788248809000745472,OK,1,0,14.9264,0.354833,0,973,0,-1.964471,-0.011099,-0.093051,-0.0050844,0.7943041,-0.0427393,0.6059939
1788248809034093312,OK,1,0,15.6455,0.354125,0,989,0,-1.956925,-0.011649,-0.094224,-0.0048429,0.7928541,-0.0426761,0.6078960
1788248809067442432,OK,1,0,15.1352,0.327291,0,964,0,-1.950052,-0.011749,-0.095936,-0.0046885,0.7915021,-0.0424512,0.6096723
1788248809100791296,OK,1,0,14.7255,0.346042,0,957,0,-1.943272,-0.010781,-0.093971,-0.0044832,0.7903590,-0.0428484,0.6111274
1788248809134140416,OK,1,0,14.538,0.346458,0,978,0,-1.934754,-0.011227,-0.092869,-0.0045107,0.7890628,-0.0430814,0.6127834
1788248809167489536,OK,1,0,15.9179,0.353167,0,1005,0,-1.927162,-0.006478,-0.095918,-0.0041270,0.7874700,-0.0433483,0.6148130
1788248809200838912,OK,1,0,16.2244,0.321834,0,996,0,-1.920677,-0.008014,-0.094315,-0.0045061,0.7863367,-0.0433885,0.6162563
1788248809234188032,OK,1,0,15.6295,0.326958,0,1511,0,-1.914798,-0.008042,-0.092306,-0.0046875,0.7850689,-0.0437538,0.6178434
1788248809267537152,OK,1,0,16.6447,0.311958,0,1302,0,-1.905445,-0.009565,-0.090813,-0.0049784,0.7837067,-0.0434818,0.6195872
1788248809300886528,OK,1,0,16.2557,0.354,0,1262,0,-1.897960,-0.010995,-0.092878,-0.0049194,0.7822278,-0.0427064,0.6215076
1788248809334235904,OK,1,0,17.6257,0.383667,0,1218,0,-1.890174,-0.011047,-0.091490,-0.0050201,0.7810382,-0.0426683,0.6230037
1788248809367585280,OK,1,0,16.1912,0.337125,0,1193,0,-1.882854,-0.013363,-0.090393,-0.0051149,0.7797880,-0.0427683,0.6245602
1788248809400934656,OK,1,0,16.0492,0.351125,0,1182,0,-1.875710,-0.013111,-0.091124,-0.0049089,0.7781911,-0.0425456,0.6265655
1788248809434284032,OK,1,0,16.7267,0.35325,0,1157,0,-1.869918,-0.012702,-0.090601,-0.0047805,0.7768123,-0.0424691,0.6282803
1788248809467632384,OK,1,0,16.1552,0.373625,0,1150,0,-1.862772,-0.013100,-0.090058,-0.0046543,0.7754759,-0.0426023,0.6299211
1788248809500981760,OK,1,0,19.2635,0.347708,0,1138,0,-1.854931,-0.013522,-0.091340,-0.0039692,0.7739999,-0.0422429,0.6317626
1788248809534331392,OK,1,0,16.6259,0.31825,0,1149,0,-1.849690,-0.014394,-0.093008,-0.0034437,0.7724672,-0.0420166,0.6336539
1788248809567681024,OK,1,0,16.4322,0.345291,0,1142,0,-1.844289,-0.014028,-0.089682,-0.0033682,0.7713140,-0.0422637,0.6350411
1788248809601030400,OK,1,0,17.6732,0.322125,0,1115,0,-1.834408,-0.014574,-0.087717,-0.0033782,0.7699107,-0.0427291,0.6367106
1788248809634380032,OK,1,0,15.9275,0.366834,0,1120,0,-1.827859,-0.013798,-0.088080,-0.0031926,0.7681898,-0.0430916,0.6387623
1788248809667729664,OK,1,0,16.1945,0.354334,0,1113,0,-1.820940,-0.013216,-0.085083,-0.0028833,0.7669121,-0.0430330,0.6403012
1788248809701079552,OK,1,0,16.9947,0.331125,0,1074,0,-1.814132,-0.014782,-0.084870,-0.0030325,0.7653705,-0.0429662,0.6421469
1788248809734429184,OK,1,0,15.9418,0.343625,0,1080,0,-1.806878,-0.015462,-0.084337,-0.0030186,0.7637156,-0.0429143,0.6441178
1788248809767779072,OK,1,0,16.1303,0.345542,0,1091,0,-1.798712,-0.015191,-0.082092,-0.0029801,0.7623516,-0.0424672,0.6457613
1788248809801124608,OK,1,0,17.6974,0.331875,0,1081,0,-1.791312,-0.015063,-0.082141,-0.0030558,0.7609599,-0.0420175,0.6474297
1788248809834463744,OK,1,0,15.8445,0.3725,0,1074,0,-1.785118,-0.015670,-0.081042,-0.0032510,0.7595150,-0.0422333,0.6491091
1788248809867803136,OK,1,0,16.2769,0.36875,0,1063,0,-1.776327,-0.015776,-0.080072,-0.0033876,0.7580605,-0.0423785,0.6507971
1788248809901141760,OK,1,0,17.3651,0.375625,0,1039,0,-1.767142,-0.015164,-0.079702,-0.0029154,0.7567034,-0.0418480,0.6524111
1788248809934481152,OK,1,0,17.1672,0.350417,0,1033,0,-1.760574,-0.015305,-0.080855,-0.0023320,0.7553642,-0.0417799,0.6539679
1788248809967820544,OK,1,0,32.1198,0.364542,0,1083,0,-1.758526,-0.017752,-0.082508,-0.0018935,0.7538198,-0.0415250,0.6557651
1788248810001160192,OK,1,0,16.796,0.350209,0,1120,0,-1.750954,-0.019032,-0.081848,-0.0016769,0.7524173,-0.0412993,0.6573886
1788248810034499584,OK,1,0,17.7258,0.365084,0,1702,0,-1.743854,-0.017758,-0.080230,-0.0015694,0.7512493,-0.0410976,0.6587360
1788248810067839232,OK,1,0,18.5205,0.335834,0,1410,0,-1.736696,-0.016970,-0.078751,-0.0018101,0.7501168,-0.0413540,0.6600087
1788248810101178368,OK,1,0,16.9602,0.325542,0,1335,0,-1.727869,-0.017819,-0.079128,-0.0020910,0.7482404,-0.0415587,0.6621214
1788248810134517760,OK,1,0,16.9832,0.36025,0,1288,0,-1.721770,-0.017301,-0.076996,-0.0021873,0.7464731,-0.0414034,0.6641227
1788248810167857408,OK,1,0,18.1745,0.392041,0,1282,0,-1.713111,-0.017536,-0.074739,-0.0023952,0.7450271,-0.0409996,0.6657687
1788248810201196800,OK,1,0,17.4073,0.339333,0,1272,0,-1.705371,-0.017396,-0.075676,-0.0024725,0.7434685,-0.0408515,0.6675175
1788248810234536448,OK,1,0,16.2448,0.343292,0,1246,0,-1.697825,-0.017851,-0.073414,-0.0025906,0.7420763,-0.0404907,0.6690864
1788248810267875840,OK,1,0,16.4145,0.357166,0,1214,0,-1.690254,-0.017018,-0.073557,-0.0025257,0.7405020,-0.0400346,0.6708559
1788248810301214976,OK,1,0,17.4717,0.361292,0,1221,0,-1.682191,-0.018140,-0.071454,-0.0028435,0.7392008,-0.0397038,0.6723078
1788248810334554624,OK,1,0,18.1485,0.346166,0,1224,0,-1.674812,-0.017156,-0.071687,-0.0028467,0.7376111,-0.0397997,0.6740459
1788248810367892992,OK,1,0,16.3995,0.336708,0,1196,0,-1.666510,-0.015731,-0.069715,-0.0027135,0.7360024,-0.0397460,0.6758057
1788248810401232640,OK,1,0,15.9675,0.349834,0,1180,0,-1.658226,-0.014879,-0.069813,-0.0026891,0.7344449,-0.0397393,0.6774986
1788248810434572032,OK,1,0,16.7794,0.3575,0,1162,0,-1.650731,-0.015462,-0.069231,-0.0026424,0.7336458,-0.0401084,0.6783422
1788248810467911424,OK,1,0,17.1813,0.351416,0,1167,0,-1.644593,-0.016819,-0.068393,-0.0026620,0.7328312,-0.0403938,0.6792051
1788248810501251072,OK,1,0,17.3185,0.342,0,1134,0,-1.635367,-0.015618,-0.067478,-0.0025376,0.7317907,-0.0403051,0.6803319
1788248810534590208,OK,1,0,16.8198,0.346458,0,1135,0,-1.627072,-0.015753,-0.066308,-0.0028937,0.7308180,-0.0405279,0.6813620
1788248810567929600,OK,1,0,18.294,0.332458,0,1152,0,-1.620345,-0.016309,-0.063139,-0.0032640,0.7302064,-0.0408454,0.6819968
1788248810601269248,OK,1,0,17.4178,0.345292,0,1109,0,-1.613433,-0.016624,-0.062747,-0.0034092,0.7293752,-0.0406427,0.6828970
1788248810634608640,OK,1,0,16.2834,0.312583,0,1087,0,-1.604318,-0.016972,-0.062263,-0.0036064,0.7288300,-0.0406359,0.6834783
1788248810667948288,OK,1,0,16.3977,0.31175,0,1100,0,-1.596267,-0.016807,-0.063698,-0.0033502,0.7282252,-0.0404542,0.6841348
1788248810701287680,OK,1,0,17.1752,0.402708,0,1069,0,-1.588798,-0.016884,-0.065951,-0.0028495,0.7274864,-0.0401448,0.6849408
1788248810734627072,OK,1,0,16.8436,0.372125,0,1124,0,-1.582328,-0.018030,-0.062297,-0.0029661,0.7272694,-0.0395311,0.6852065
1788248810767966464,OK,1,0,16.2865,0.369292,0,1127,0,-1.572493,-0.017760,-0.063074,-0.0029349,0.7265527,-0.0395635,0.6859645
1788248810801303808,OK,1,0,16.3758,0.336708,0,1810,0,-1.565574,-0.016266,-0.063357,-0.0024476,0.7262272,-0.0394096,0.6863199
1788248810834640128,OK,1,0,17.7951,0.324791,0,1577,0,-1.557997,-0.016347,-0.063087,-0.0025540,0.7259572,-0.0394717,0.6866016
1788248810867976192,OK,1,0,17.3994,0.338167,0,1464,0,-1.550078,-0.017015,-0.062244,-0.0028118,0.7253729,-0.0395657,0.6872125
1788248810901312768,OK,1,0,18.4529,0.357417,0,1402,0,-1.542207,-0.016819,-0.061436,-0.0028958,0.7247928,-0.0395058,0.6878273
1788248810934648832,OK,1,0,18.1256,0.356584,0,1347,0,-1.532747,-0.017288,-0.060322,-0.0029164,0.7245464,-0.0388625,0.6881235
1788248810967985152,OK,1,0,16.6032,0.340166,0,1312,0,-1.526145,-0.017252,-0.061688,-0.0025841,0.7242998,-0.0386471,0.6883964
1788248811001321216,OK,1,0,16.8312,0.3385,0,1326,0,-1.516969,-0.016984,-0.063498,-0.0022712,0.7238507,-0.0386004,0.6888723
1788248811034657280,OK,1,0,17.7449,0.358041,0,1325,0,-1.509027,-0.017272,-0.064134,-0.0023008,0.7237415,-0.0382988,0.6890038
1788248811067993344,OK,1,0,16.4666,0.370667,0,1276,0,-1.499356,-0.015832,-0.065668,-0.0024126,0.7234889,-0.0382211,0.6892729
1788248811101329408,OK,1,0,17.6977,0.344041,0,1255,0,-1.491532,-0.016561,-0.065287,-0.0027672,0.7232094,-0.0384322,0.6895531
1788248811134665216,OK,1,0,16.9206,0.342333,0,1249,0,-1.483334,-0.016385,-0.063398,-0.0030043,0.7230383,-0.0389434,0.6897029
1788248811168001280,OK,1,0,16.1664,0.337875,0,1222,0,-1.476170,-0.016152,-0.062014,-0.0029631,0.7229257,-0.0390881,0.6898128
1788248811201336832,OK,1,0,16.1699,0.357625,0,1230,0,-1.467483,-0.016524,-0.063309,-0.0031588,0.7225936,-0.0391120,0.6901585
1788248811234671872,OK,1,0,17.4901,0.310541,0,1164,0,-1.460331,-0.015394,-0.063289,-0.0026614,0.7226189,-0.0387751,0.6901532
1788248811268007680,OK,1,0,16.8442,0.360417,0,1207,0,-1.451880,-0.016555,-0.064164,-0.0022916,0.7225351,-0.0386992,0.6902465
1788248811301343232,OK,1,0,15.9739,0.34225,0,1192,0,-1.443292,-0.017234,-0.067176,-0.0021075,0.7223321,-0.0386300,0.6904635
1788248811334679040,OK,1,0,17.0762,0.34375,0,1189,0,-1.434453,-0.016523,-0.068125,-0.0021242,0.7221373,-0.0384307,0.6906781
1788248811368014592,OK,1,0,16.7867,0.357583,0,1156,0,-1.426729,-0.016337,-0.066635,-0.0022446,0.7219614,-0.0383931,0.6908637
1788248811401350144,OK,1,0,15.3473,0.3465,0,1148,0,-1.418070,-0.016044,-0.064985,-0.0025139,0.7214863,-0.0389104,0.6913300
1788248811434685696,OK,1,0,16.3826,0.359042,0,1128,0,-1.410540,-0.015267,-0.063441,-0.0024177,0.7211939,-0.0389299,0.6916344
1788248811468021248,OK,1,0,16.2051,0.364958,0,1117,0,-1.401884,-0.014421,-0.064346,-0.0022152,0.7207159,-0.0387979,0.6921405
1788248811501356800,OK,1,0,17.8406,0.326791,0,1170,0,-1.390510,-0.014325,-0.067835,-0.0023007,0.7198567,-0.0385973,0.6930449
1788248811534691840,OK,1,0,17.1753,0.33,0,1153,0,-1.382464,-0.014095,-0.066405,-0.0022340,0.7197728,-0.0386000,0.6931322
1788248811568027392,OK,1,0,16.4666,0.346667,0,1809,0,-1.375126,-0.014356,-0.066896,-0.0019031,0.7197130,-0.0383022,0.6932119
1788248811601362432,OK,1,0,17.7715,0.359542,0,1384,0,-1.368294,-0.014559,-0.067155,-0.0019789,0.7196786,-0.0379261,0.6932679
1788248811634697984,OK,1,0,17.1744,0.339959,0,1340,0,-1.358858,-0.015203,-0.067001,-0.0024434,0.7195954,-0.0374550,0.6933784
1788248811668033280,OK,1,0,18.2989,0.348875,0,1328,0,-1.350880,-0.014290,-0.065885,-0.0027860,0.7192551,-0.0377306,0.6937152
1788248811701367296,OK,1,0,16.6906,0.336625,0,1319,0,-1.341992,-0.013459,-0.065199,-0.0029855,0.7185956,-0.0380573,0.6943798
1788248811734702336,OK,1,0,16.569,0.35125,0,1295,0,-1.335876,-0.012236,-0.062525,-0.0032285,0.7181970,-0.0382660,0.6947794
1788248811768037376,OK,1,0,16.6388,0.337709,0,1292,0,-1.328218,-0.013717,-0.062416,-0.0036670,0.7173308,-0.0379274,0.6956902
1788248811801373184,OK,1,0,16.773,0.361667,0,1247,0,-1.321423,-0.013639,-0.062171,-0.0035516,0.7165387,-0.0382195,0.6964905
1788248811834709760,OK,1,0,17.0278,0.354167,0,1241,0,-1.314530,-0.014545,-0.061364,-0.0033668,0.7159066,-0.0382130,0.6971415
1788248811868046080,OK,1,0,17.2279,0.305958,0,1236,0,-1.308993,-0.014446,-0.060600,-0.0031103,0.7153950,-0.0380566,0.6976761
1788248811901382656,OK,1,0,17.2092,0.356792,0,1220,0,-1.301743,-0.013044,-0.060184,-0.0027687,0.7146626,-0.0378738,0.6984378
1788248811934718976,OK,1,0,17.5722,0.359666,0,1218,0,-1.293438,-0.013561,-0.060554,-0.0026364,0.7138984,-0.0375897,0.6992347
1788248811968055296,OK,1,0,16.5195,0.3455,0,1201,0,-1.286778,-0.011905,-0.060150,-0.0022335,0.7131666,-0.0376190,0.6999809
1788248812001391872,OK,1,0,19.1875,0.341917,0,1192,0,-1.279995,-0.013026,-0.058060,-0.0024807,0.7120564,-0.0373363,0.7011245
1788248812034727936,OK,1,0,15.851,0.342042,0,1168,0,-1.273056,-0.013272,-0.055877,-0.0026487,0.7107838,-0.0369954,0.7024320
1788248812068064256,OK,1,0,16.5002,0.344125,0,1142,0,-1.265450,-0.013412,-0.054485,-0.0025404,0.7093312,-0.0366773,0.7039160
1788248812101400320,OK,1,0,16.6241,0.364667,0,1156,0,-1.257685,-0.012709,-0.051805,-0.0024922,0.7078235,-0.0365885,0.7054368
1788248812134735616,OK,1,0,17.6347,0.351042,0,1115,0,-1.251783,-0.012790,-0.050127,-0.0024659,0.7060888,-0.0362231,0.7071919
1788248812168071680,OK,1,0,17.0869,0.327584,0,1134,0,-1.244886,-0.011829,-0.048963,-0.0021555,0.7044212,-0.0358291,0.7088741
1788248812201407744,OK,1,0,27.5922,0.335834,0,1211,0,-1.239851,-0.010638,-0.044683,-0.0019660,0.7032094,-0.0355785,0.7100893
1788248812234743808,OK,1,0,16.7263,0.351583,0,1198,0,-1.231791,-0.010872,-0.042544,-0.0022677,0.7016846,-0.0351093,0.7116185
1788248812268079872,OK,1,0,16.3005,0.36875,0,1861,0,-1.225052,-0.010039,-0.040395,-0.0024896,0.6997133,-0.0347265,0.7135749
1788248812301415680,OK,1,0,18.1698,0.351625,0,1408,0,-1.217191,-0.008814,-0.036413,-0.0025812,0.6978786,-0.0342425,0.7153924
1788248812334751744,OK,1,0,16.4989,0.339291,0,1362,0,-1.209831,-0.009241,-0.034237,-0.0027084,0.6961528,-0.0334221,0.7171101
1788248812368087296,OK,1,0,16.1663,0.348,0,1325,0,-1.203637,-0.007981,-0.032260,-0.0026857,0.6944454,-0.0332558,0.7187715
1788248812401423360,OK,1,0,16.3601,0.343958,0,1278,0,-1.196401,-0.007681,-0.029724,-0.0025612,0.6927446,-0.0332391,0.7204122
1788248812434758912,OK,1,0,18.5628,0.376458,0,1303,0,-1.189014,-0.008474,-0.027089,-0.0027608,0.6910099,-0.0328765,0.7220920
1788248812468094720,OK,1,0,18.2745,0.348042,0,1258,0,-1.182363,-0.008298,-0.024130,-0.0029564,0.6894221,-0.0325429,0.7236224
1788248812501430528,OK,1,0,16.233,0.338875,0,1224,0,-1.175005,-0.008045,-0.020684,-0.0032288,0.6877550,-0.0324456,0.7252103
1788248812534766080,OK,1,0,16.6114,0.3315,0,1224,0,-1.167977,-0.007479,-0.018816,-0.0031902,0.6857677,-0.0326158,0.7270824
1788248812568100608,OK,1,0,17.0254,0.344084,0,1216,0,-1.161062,-0.006995,-0.016135,-0.0030591,0.6840637,-0.0325556,0.7286890
1788248812601436160,OK,1,0,17.3157,0.335833,0,1186,0,-1.156399,-0.008056,-0.013172,-0.0029849,0.6822852,-0.0325956,0.7303531
1788248812634771712,OK,1,0,16.0329,0.339042,0,1164,0,-1.150109,-0.007456,-0.010214,-0.0026136,0.6803586,-0.0330493,0.7321292
1788248812668107264,OK,1,0,16.6917,0.36575,0,1154,0,-1.145411,-0.008062,-0.006382,-0.0023760,0.6784531,-0.0330583,0.7338957
1788248812701442560,OK,1,0,16.9005,0.335167,0,1098,0,-1.137789,-0.007591,-0.004611,-0.0023107,0.6764152,-0.0331156,0.7357721
1788248812734777856,OK,1,0,15.8635,0.329833,0,1104,0,-1.132537,-0.007011,-0.002052,-0.0021342,0.6746495,-0.0332224,0.7373872
1788248812768113408,OK,1,0,16.4336,0.343666,0,1082,0,-1.126278,-0.006294,0.001591,-0.0021284,0.6728696,-0.0333591,0.7390055
1788248812801453312,OK,1,0,16.2631,0.370292,0,1059,0,-1.119557,-0.005823,0.004048,-0.0020752,0.6709303,-0.0335504,0.7407582
1788248812834800384,OK,1,0,15.851,0.344458,0,1068,0,-1.114342,-0.005610,0.007068,-0.0018848,0.6690537,-0.0334880,0.7424569
1788248812868147200,OK,1,0,15.4894,0.338417,0,1012,0,-1.106529,-0.005754,0.008787,-0.0019229,0.6669294,-0.0333715,0.7443708
1788248812901494016,OK,1,0,15.4822,0.354417,0,1027,0,-1.099794,-0.005052,0.012192,-0.0019680,0.6649535,-0.0335214,0.7461296
1788248812934840832,OK,1,0,16.6483,0.352333,0,1013,0,-1.094810,-0.005011,0.015836,-0.0018847,0.6630004,-0.0332870,0.7478763
1788248812968187648,OK,1,0,16.0482,0.382084,0,1088,0,-1.084479,-0.006277,0.015930,-0.0019631,0.6608170,-0.0327687,0.7498289
1788248813001533696,OK,1,0,16.2703,0.345625,0,1055,0,-1.077504,-0.005039,0.018926,-0.0018146,0.6589274,-0.0325925,0.7514979
1788248813034880512,OK,1,0,17.1956,0.333084,0,1836,0,-1.071428,-0.005316,0.023188,-0.0016272,0.6571370,-0.0326822,0.7530605
1788248813068227840,OK,1,0,18.0389,0.333416,0,1415,0,-1.064483,-0.005623,0.025256,-0.0015798,0.6550226,-0.0327078,0.7548994
1788248813101574656,OK,1,0,17.164,0.49775,0,1385,0,-1.059299,-0.004544,0.028258,-0.0012446,0.6530635,-0.0324633,0.7566060
1788248813134921984,OK,1,0,16.0893,0.348666,0,1317,0,-1.053329,-0.004544,0.031572,-0.0010527,0.6512966,-0.0324904,0.7581266
1788248813168268800,OK,1,0,16.8968,0.362583,0,1279,0,-1.048056,-0.004441,0.035128,-0.0008975,0.6493672,-0.0326596,0.7597728
1788248813201615872,OK,1,0,18.8095,0.33575,0,1276,0,-1.040445,-0.004951,0.038050,-0.0009195,0.6473449,-0.0320977,0.7615204
1788248813234963200,OK,1,0,17.0604,0.352125,0,1218,0,-1.035396,-0.004151,0.041012,-0.0008909,0.6455829,-0.0319344,0.7630218
1788248813268310272,OK,1,0,16.7586,0.345834,0,1189,0,-1.028612,-0.003491,0.043114,-0.0007180,0.6435817,-0.0320666,0.7647050
1788248813301657344,OK,1,0,17.1417,0.352791,0,1219,0,-1.022852,-0.004028,0.047706,-0.0008598,0.6417026,-0.0322604,0.7662743
1788248813335004928,OK,1,0,15.9793,0.351958,0,1177,0,-1.016253,-0.003823,0.050898,-0.0009054,0.6396989,-0.0319712,0.7679600
1788248813368352000,OK,1,0,18.5015,0.33275,0,1184,0,-1.010084,-0.003527,0.053923,-0.0011659,0.6377982,-0.0318540,0.7695436
1788248813401699328,OK,1,0,16.8121,0.340083,0,1161,0,-1.002778,-0.003690,0.057405,-0.0014903,0.6357071,-0.0320090,0.7712650
1788248813435046656,OK,1,0,16.202,0.344333,0,1120,0,-0.997891,-0.003946,0.062571,-0.0013523,0.6335325,-0.0317725,0.7730623
1788248813468392960,OK,1,0,16.2571,0.355709,0,1107,0,-0.991349,-0.003872,0.065535,-0.0015196,0.6309332,-0.0313150,0.7752035
1788248813501740544,OK,1,0,16.2846,0.358834,0,1082,0,-0.986130,-0.002934,0.069145,-0.0016225,0.6287341,-0.0314655,0.7769819
1788248813535087872,OK,1,0,17.4733,0.4555,0,1057,0,-0.978585,-0.002214,0.071524,-0.0015719,0.6262042,-0.0316650,0.7790142
1788248813568435200,OK,1,0,15.276,0.350417,0,1025,0,-0.973800,-0.002959,0.075670,-0.0016300,0.6238018,-0.0313915,0.7809502
1788248813601782784,OK,1,0,15.6749,0.3635,0,1022,0,-0.967976,-0.000805,0.079540,-0.0011771,0.6216116,-0.0313505,0.7826971
1788248813635130112,OK,1,0,15.5105,0.339708,0,992,0,-0.961240,-0.001548,0.083577,-0.0011706,0.6195058,-0.0310829,0.7843756
1788248813668477440,OK,1,0,16.4291,0.344792,0,971,0,-0.955682,-0.001277,0.085854,-0.0008032,0.6169766,-0.0308559,0.7863759
1788248813701825280,OK,1,0,15.067,0.350375,0,967,0,-0.950080,-0.000436,0.090910,-0.0007010,0.6147766,-0.0306717,0.7881044
1788248813735172864,OK,1,0,15.3972,0.367458,0,952,0,-0.944179,-0.000583,0.093720,-0.0007826,0.6122355,-0.0303986,0.7900905
1788248813768520192,OK,1,0,16.3035,0.354917,0,914,0,-0.938183,0.000100,0.099754,-0.0009265,0.6100828,-0.0307000,0.7917421
1788248813801866752,OK,1,0,16.9069,0.3365,0,970,0,-0.935433,-0.001030,0.107006,-0.0014394,0.6077374,-0.0306833,0.7935438
1788248813835211520,OK,1,0,15.854,0.363,0,974,0,-0.929816,0.000420,0.111877,-0.0014366,0.6050140,-0.0303717,0.7956341
1788248813868556032,OK,1,0,15.7994,0.342625,0,1595,0,-0.922406,0.000859,0.114112,-0.0014033,0.6021036,-0.0302324,0.7978442
1788248813901900032,OK,1,0,18.028,0.347083,0,1261,0,-0.917130,0.001388,0.117823,-0.0010836,0.5996762,-0.0300880,0.7996762
1788248813935244800,OK,1,0,16.9823,0.379792,0,1246,0,-0.911395,0.002441,0.121585,-0.0008540,0.5970421,-0.0299925,0.8016486
1788248813968589568,OK,1,0,17.6183,0.360709,0,1218,0,-0.905508,0.003042,0.125872,-0.0008547,0.5944677,-0.0297453,0.8035687
1788248814001934336,OK,1,0,18.1264,0.335,0,1167,0,-0.900626,0.002941,0.131625,-0.0010495,0.5920019,-0.0298954,0.8053813
1788248814035279360,OK,1,0,17.4844,0.334,0,1120,0,-0.894578,0.002848,0.136535,-0.0012681,0.5888985,-0.0301310,0.8076442
1788248814068624128,OK,1,0,16.5266,0.340583,0,1152,0,-0.889290,0.003226,0.142878,-0.0014739,0.5860784,-0.0298943,0.8097013
1788248814101968640,OK,1,0,16.1938,0.358458,0,1127,0,-0.883569,0.003759,0.148365,-0.0015380,0.5834522,-0.0297808,0.8115999
1788248814135313664,OK,1,0,16.7734,0.349709,0,1125,0,-0.878422,0.005011,0.152158,-0.0011651,0.5804957,-0.0299306,0.8137122
1788248814168658432,OK,1,0,17.0763,0.362666,0,1083,0,-0.873571,0.005240,0.156150,-0.0010572,0.5775079,-0.0296967,0.8158441
1788248814202003200,OK,1,0,17.1051,0.332708,0,1064,0,-0.868427,0.005725,0.161657,-0.0008514,0.5750663,-0.0293258,0.8175807
1788248814235348224,OK,1,0,16.0363,0.36675,0,1039,0,-0.863237,0.005671,0.169814,-0.0010031,0.5725945,-0.0296673,0.8193012
1788248814268692992,OK,1,0,16.3665,0.376375,0,1012,0,-0.858453,0.005914,0.175140,-0.0011978,0.5694866,-0.0297395,0.8214616
1788248814302037760,OK,1,0,16.3883,0.361791,0,1013,0,-0.853430,0.005639,0.180008,-0.0012906,0.5665722,-0.0290393,0.8234993
1788248814335381504,OK,1,0,15.5568,0.341292,0,985,0,-0.847356,0.005280,0.185785,-0.0013965,0.5638561,-0.0285925,0.8253768
1788248814368726528,OK,1,0,16.9615,0.362625,0,968,0,-0.842133,0.004957,0.189202,-0.0011087,0.5609079,-0.0284806,0.8273875
1788248814402071296,OK,1,0,15.5505,0.3395,0,952,0,-0.837509,0.005774,0.195805,-0.0008464,0.5584086,-0.0281703,0.8290872
1788248814435416320,OK,1,0,15.011,0.348917,0,928,0,-0.832801,0.004948,0.198789,-0.0009894,0.5552466,-0.0276403,0.8312258
1788248814468761088,OK,1,0,16.5306,0.359292,0,913,0,-0.827198,0.005751,0.206244,-0.0010611,0.5526738,-0.0278303,0.8329323
1788248814502105856,OK,1,0,16.6981,0.352666,0,888,0,-0.823472,0.005824,0.212667,-0.0009286,0.5497379,-0.0279454,0.8348691
1788248814535450624,OK,1,0,15.9521,0.356083,0,877,0,-0.816542,0.008014,0.216787,-0.0006446,0.5465977,-0.0274507,0.8369451
1788248814568795648,OK,1,0,15.2881,0.360083,0,877,0,-0.812341,0.008510,0.220849,-0.0006210,0.5437839,-0.0271749,0.8387849
1788248814602140672,OK,1,0,18.1427,0.352458,0,932,0,-0.812068,0.007763,0.227211,-0.0004499,0.5407968,-0.0268779,0.8407236
1788248814635485696,OK,1,0,14.8561,0.36075,0,933,0,-0.805037,0.006937,0.233011,-0.0004434,0.5376159,-0.0262687,0.8427805
1788248814668830208,OK,1,0,16.3562,0.384791,0,1477,0,-0.799524,0.007464,0.238447,-0.0006823,0.5345469,-0.0261243,0.8447347
1788248814702175232,OK,1,0,18.1234,0.348458,0,1221,0,-0.794609,0.006949,0.244224,-0.0011014,0.5315729,-0.0261750,0.8466073
1788248814735520256,OK,1,0,15.4503,0.338083,0,1134,0,-0.791174,0.006910,0.250219,-0.0012178,0.5284602,-0.0262843,0.8485502
1788248814768865280,OK,1,0,15.5951,0.354708,0,1163,0,-0.786232,0.007019,0.256667,-0.0012479,0.5254665,-0.0260933,0.8504131
1788248814802204928,OK,1,0,16.0354,0.33375,0,1137,0,-0.782397,0.006817,0.260731,-0.0010545,0.5224025,-0.0256557,0.8523123
1788248814835539968,OK,1,0,15.3057,0.37125,0,1113,0,-0.778404,0.006845,0.267313,-0.0009130,0.5195450,-0.0257996,0.8540531
1788248814868875008,OK,1,0,15.9945,0.317125,0,1082,0,-0.773827,0.007236,0.273213,-0.0008053,0.5164529,-0.0255427,0.8559343
1788248814902209792,OK,1,0,14.9135,0.334667,0,1039,0,-0.770723,0.007272,0.279228,-0.0009732,0.5134347,-0.0250982,0.8577611
1788248814935544576,OK,1,0,15.7048,0.331792,0,1043,0,-0.764712,0.008495,0.286667,-0.0011637,0.5103993,-0.0249583,0.8595745
1788248814968879360,OK,1,0,15.3925,0.347541,0,1008,0,-0.761348,0.009110,0.293693,-0.0013209,0.5074553,-0.0251636,0.8613096
1788248815002214144,OK,1,0,14.7238,0.333416,0,968,0,-0.754733,0.009818,0.300901,-0.0016607,0.5041666,-0.0247704,0.8632495
1788248815035548928,OK,1,0,15.4829,0.304375,0,976,0,-0.749775,0.011099,0.307047,-0.0015802,0.5012519,-0.0244186,0.8649554
1788248815068883456,OK,1,0,15.7296,0.354792,0,942,0,-0.747032,0.011204,0.313279,-0.0014975,0.4984280,-0.0245255,0.8665828
1788248815102217984,OK,1,0,15.1,0.384916,0,974,0,-0.742370,0.010596,0.318090,-0.0016475,0.4950410,-0.0242927,0.8685284
1788248815135552512,OK,1,0,15.5323,0.356583,0,942,0,-0.737368,0.011151,0.324956,-0.0019360,0.4920974,-0.0238499,0.8702112
1788248815168887040,OK,1,0,15.8558,0.34975,0,938,0,-0.737195,0.010241,0.329543,-0.0021635,0.4891815,-0.0240011,0.8718491
1788248815202221312,OK,1,0,16.1726,0.350292,0,941,0,-0.731671,0.011060,0.338063,-0.0023480,0.4861330,-0.0241212,0.8735487
1788248815235554560,OK,1,0,14.4816,0.387875,0,932,0,-0.726128,0.012771,0.344802,-0.0021869,0.4828548,-0.0239048,0.8753713
1788248815268889088,OK,1,0,15.3428,0.373458,0,936,0,-0.722514,0.012180,0.351176,-0.0020029,0.4800282,-0.0236484,0.8769320
1788248815302223104,OK,1,0,16.738,0.422875,0,908,0,-0.718026,0.012177,0.355507,-0.0014287,0.4766650,-0.0234859,0.8787701
1788248815335557376,OK,1,0,16.1335,0.341833,0,938,0,-0.714270,0.012457,0.361665,-0.0012406,0.4734488,-0.0231964,0.8805150
1788248815368891648,OK,1,0,15.3056,0.355625,0,917,0,-0.710024,0.011932,0.367163,-0.0012889,0.4705440,-0.0227329,0.8820827
1788248815402225664,OK,1,0,14.8275,0.349334,0,883,0,-0.708685,0.010747,0.372927,-0.0014349,0.4675912,-0.0229052,0.8836468
1788248815435559680,OK,1,0,19.6021,0.351042,0,940,0,-0.708690,0.006712,0.378946,-0.0021765,0.4643051,-0.0224354,0.8853885
1788248815468893440,OK,1,0,15.118,0.371708,0,945,0,-0.703946,0.009477,0.388275,-0.0020826,0.4613864,-0.0224301,0.8869132
1788248815502227200,OK,1,0,16.3877,0.362417,0,1394,0,-0.704015,0.009115,0.393149,-0.0020658,0.4584519,-0.0227268,0.8884262
1788248815535560960,OK,1,0,16.5667,0.333333,0,1227,0,-0.700783,0.009701,0.398184,-0.0016612,0.4551426,-0.0225073,0.8901326
1788248815568894720,OK,1,0,15.2778,0.346292,0,1197,0,-0.696873,0.009502,0.405406,-0.0017997,0.4517910,-0.0222091,0.8918455
1788248815602228480,OK,1,0,16.6662,0.337042,0,1160,0,-0.693291,0.010130,0.413074,-0.0019335,0.4488919,-0.0218015,0.8933180
1788248815635562240,OK,1,0,16.0685,0.367334,0,1135,0,-0.690689,0.010293,0.419482,-0.0020290,0.4457876,-0.0216737,0.8948740
1788248815668895744,OK,1,0,15.3674,0.353708,0,1106,0,-0.688050,0.009991,0.425550,-0.0022771,0.4424408,-0.0214305,0.8965387
1788248815702228224,OK,1,0,15.3917,0.34825,0,1131,0,-0.683625,0.011273,0.433974,-0.0023963,0.4393415,-0.0211850,0.8980671
1788248815735561728,OK,1,0,15.8336,0.352833,0,1091,0,-0.678502,0.012361,0.439515,-0.0021660,0.4362268,-0.0210666,0.8995876
1788248815768894976,OK,1,0,15.5971,0.348042,0,1046,0,-0.678535,0.010868,0.445366,-0.0021648,0.4334604,-0.0208946,0.9009278
1788248815802228992,OK,1,0,15.6342,0.379917,0,1031,0,-0.673582,0.012317,0.452872,-0.0021611,0.4301312,-0.0207134,0.9025261
1788248815835563520,OK,1,0,15.5218,0.352834,0,1038,0,-0.670746,0.012783,0.460115,-0.0023984,0.4271757,-0.0206007,0.9039308
1788248815868898048,OK,1,0,16.7788,0.331458,0,1026,0,-0.668510,0.011784,0.467339,-0.0026142,0.4240545,-0.0206173,0.9053982
1788248815902232320,OK,1,0,17.0033,0.34425,0,1020,0,-0.665106,0.012788,0.473185,-0.0025420,0.4206737,-0.0205064,0.9069767
1788248815935566592,OK,1,0,15.4899,0.358417,0,1005,0,-0.660890,0.012481,0.480782,-0.0025788,0.4174298,-0.0203415,0.9084778
1788248815968900864,OK,1,0,15.3731,0.366667,0,998,0,-0.658233,0.013841,0.487494,-0.0018613,0.4143579,-0.0203440,0.9098848
1788248816002235136,OK,1,0,17.2631,0.372458,0,995,0,-0.657353,0.012999,0.492247,-0.0011893,0.4111586,-0.0199628,0.9113445
1788248816035569408,OK,1,0,16.8398,0.323667,0,967,0,-0.653615,0.014251,0.497956,-0.0008289,0.4079270,-0.0196655,0.9128024
1788248816068903424,OK,1,0,15.135,0.344209,0,942,0,-0.651176,0.015814,0.504157,-0.0006990,0.4047551,-0.0194914,0.9142171
1788248816102237184,OK,1,0,16.2864,0.350375,0,935,0,-0.648940,0.015243,0.510603,-0.0007509,0.4018281,-0.0194117,0.9155090
1788248816135570432,OK,1,0,16.0782,0.359625,0,909,0,-0.645081,0.015196,0.518611,-0.0007647,0.3984242,-0.0194518,0.9169947
1788248816168904192,OK,1,0,16.7319,0.392584,0,934,0,-0.642446,0.016263,0.525249,-0.0008502,0.3948961,-0.0193146,0.9185224
1788248816202237952,OK,1,0,16.1243,0.361666,0,905,0,-0.639734,0.016156,0.532772,-0.0009720,0.3916350,-0.0192417,0.9199190
1788248816235571712,OK,1,0,22.0162,0.353334,0,935,0,-0.632942,0.015735,0.540380,-0.0010436,0.3878539,-0.0185939,0.9215328
1788248816268905472,OK,1,0,16.7325,0.33175,0,930,0,-0.631892,0.016279,0.546793,-0.0011361,0.3844911,-0.0182336,0.9229479
1788248816302238976,OK,1,0,16.9334,0.326083,0,1461,0,-0.630154,0.017191,0.554412,-0.0013203,0.3812768,-0.0182731,0.9242794
1788248816335572736,OK,1,0,16.8475,0.359625,0,1220,0,-0.627399,0.017578,0.561883,-0.0014187,0.3779161,-0.0185827,0.9256523
1788248816368906240,OK,1,0,14.9391,0.334708,0,1184,0,-0.624929,0.018010,0.569338,-0.0015556,0.3741486,-0.0186131,0.9271806
1788248816402239744,OK,1,0,15.8375,0.356791,0,1168,0,-0.621482,0.018427,0.576132,-0.0015119,0.3707790,-0.0179345,0.9285467
1788248816435572992,OK,1,0,15.7772,0.351333,0,1137,0,-0.619625,0.016709,0.582480,-0.0014284,0.3675273,-0.0174327,0.9298483
1788248816468906496,OK,1,0,15.9774,0.332584,0,1117,0,-0.617658,0.017357,0.588871,-0.0010412,0.3641590,-0.0168859,0.9311832
1788248816535572736,OK,1,0,15.7014,0.336041,0,1095,0,-0.612836,0.019269,0.604381,-0.0010777,0.3575011,-0.0165586,0.9337653
1788248816568904960,OK,1,0,16.4816,0.354208,0,1099,0,-0.610853,0.019329,0.611850,-0.0012621,0.3541205,-0.0168791,0.9350466
1788248816602237952,OK,1,0,16.3254,0.357,0,1062,0,-0.609782,0.020436,0.618687,-0.0015572,0.3504055,-0.0167894,0.9364463
1788248816635570944,OK,1,0,15.4379,0.343208,0,1031,0,-0.607358,0.019743,0.627237,-0.0018474,0.3472370,-0.0165808,0.9376290
1788248816668903936,OK,1,0,15.7866,0.362375,0,1009,0,-0.604466,0.020422,0.634571,-0.0016406,0.3437437,-0.0164599,0.9389178
1788248816702237184,OK,1,0,15.241,0.380833,0,973,0,-0.602455,0.020887,0.639645,-0.0014585,0.3401218,-0.0158121,0.9402474
1788248816735569920,OK,1,0,18.94,0.359875,0,961,0,-0.597535,0.021370,0.647886,-0.0014391,0.3365971,-0.0154356,0.9415212
1788248816768902656,OK,1,0,14.7738,0.340667,0,939,0,-0.599243,0.020791,0.654114,-0.0012616,0.3334234,-0.0150807,0.9426557
1788248816802236672,OK,1,0,15.5657,0.350125,0,924,0,-0.597747,0.020917,0.660727,-0.0014298,0.3297384,-0.0151197,0.9439502
1788248816835571712,OK,1,0,17.6005,0.320875,0,933,0,-0.594957,0.021360,0.668426,-0.0014493,0.3261981,-0.0148415,0.9451838
1788248816868907008,OK,1,0,14.9773,0.345958,0,887,0,-0.594533,0.021652,0.676359,-0.0012461,0.3229279,-0.0146798,0.9463089
1788248816902242304,OK,1,0,16.6316,0.356667,0,892,0,-0.593321,0.022839,0.682526,-0.0010426,0.3192863,-0.0146153,0.9475451
1788248816935577344,OK,1,0,17.2537,0.322,0,849,0,-0.589309,0.023438,0.690886,-0.0012005,0.3157575,-0.0144005,0.9487299
1788248816968912384,OK,1,0,15.4757,0.365792,0,867,0,-0.587577,0.024142,0.699102,-0.0011858,0.3125669,-0.0142945,0.9497875
1788248817002247424,OK,1,0,18.237,0.391708,0,857,0,-0.589226,0.022686,0.704335,-0.0012029,0.3090416,-0.0146167,0.9509354
1788248817035581184,OK,1,0,16.9634,0.363791,0,838,0,-0.587676,0.024158,0.713754,-0.0014610,0.3054129,-0.0146315,0.9521065
1788248817068916224,OK,1,0,17.2825,0.3515,0,851,0,-0.585948,0.024685,0.721747,-0.0016496,0.3017887,-0.0143175,0.9532659
1788248817102251264,OK,1,0,26.5043,0.371667,0,878,0,-0.583528,0.026072,0.731847,-0.0017075,0.2985207,-0.0144901,0.9542916
1788248817135586048,OK,1,0,16.6317,0.343167,0,858,0,-0.583991,0.025983,0.737588,-0.0017731,0.2948917,-0.0144293,0.9554201
1788248817168920576,OK,1,0,16.4624,0.34525,0,1306,0,-0.582230,0.027677,0.746729,-0.0019278,0.2913716,-0.0140697,0.9565045
1788248817202255360,OK,1,0,18.2093,0.331375,0,1247,0,-0.581545,0.027635,0.755404,-0.0021867,0.2880820,-0.0143830,0.9574952
1788248817235590144,OK,1,0,16.4648,0.35075,0,1149,0,-0.581106,0.028725,0.762725,-0.0020415,0.2842654,-0.0146147,0.9586321
1788248817268924928,OK,1,0,17.7273,0.351875,0,1154,0,-0.581183,0.029037,0.770368,-0.0023963,0.2805161,-0.0142270,0.9597409
1788248817302259200,OK,1,0,17.1623,0.366042,0,1061,0,-0.581776,0.029039,0.778250,-0.0026114,0.2772104,-0.0141270,0.9607018
1788248817335593728,OK,1,0,16.5686,0.34425,0,1052,0,-0.580234,0.029679,0.785899,-0.0023031,0.2736880,-0.0140561,0.9617130
1788248817368928256,OK,1,0,16.7684,0.336542,0,1027,0,-0.580216,0.030559,0.791736,-0.0023760,0.2699493,-0.0139150,0.9627711
1788248817402262784,OK,1,0,16.8118,0.358541,0,1034,0,-0.577059,0.029936,0.801037,-0.0027693,0.2663301,-0.0136971,0.9637806
1788248817435596800,OK,1,0,16.5661,0.364625,0,1013,0,-0.579251,0.029796,0.808869,-0.0027281,0.2630079,-0.0140159,0.9646880
1788248817468930048,OK,1,0,16.6595,0.348334,0,995,0,-0.578481,0.031352,0.817086,-0.0028530,0.2591645,-0.0138529,0.9657297
1788248817502264576,OK,1,0,17.5636,0.348334,0,1004,0,-0.578770,0.032357,0.825723,-0.0031116,0.2557077,-0.0133190,0.9666574
1788248817535598592,OK,1,0,16.8922,0.346375,0,989,0,-0.576491,0.032147,0.834071,-0.0031265,0.2522600,-0.0130963,0.9675658
1788248817568932864,OK,1,0,17.8089,0.373709,0,971,0,-0.575198,0.033267,0.841389,-0.0029136,0.2485512,-0.0129382,0.9685280
1788248817602266880,OK,1,0,16.8608,0.335917,0,958,0,-0.574870,0.034833,0.848712,-0.0027709,0.2450942,-0.0123161,0.9694171
1788248817635601152,OK,1,0,16.9022,0.337875,0,964,0,-0.573970,0.034578,0.856588,-0.0028722,0.2418023,-0.0124825,0.9702410
1788248817668935168,OK,1,0,18.4241,0.347708,0,968,0,-0.571630,0.036068,0.865939,-0.0029130,0.2379429,-0.0129098,0.9711890
1788248817702268672,OK,1,0,18.9059,0.361292,0,959,0,-0.573196,0.036355,0.874504,-0.0032244,0.2343749,-0.0127292,0.9720576
1788248817735602688,OK,1,0,17.2173,0.355208,0,936,0,-0.570778,0.036467,0.883668,-0.0033820,0.2308102,-0.0122077,0.9729164
1788248817768936448,OK,1,0,17.936,0.351834,0,912,0,-0.571835,0.035988,0.890648,-0.0033454,0.2273093,-0.0119872,0.9737431
1788248817802273792,OK,1,0,16.9453,0.343708,0,894,0,-0.569764,0.038312,0.898714,-0.0031560,0.2235085,-0.0116665,0.9746270
1788248817835614976,OK,1,0,20.9792,0.33625,0,910,0,-0.570501,0.038401,0.906472,-0.0031233,0.2201169,-0.0113495,0.9754025
1788248817868956416,OK,1,0,18.8382,0.349584,0,898,0,-0.567123,0.040767,0.917325,-0.0027777,0.2165463,-0.0115111,0.9762005
1788248817902296832,OK,1,0,19.0668,0.379416,0,913,0,-0.567061,0.041194,0.925214,-0.0027804,0.2132915,-0.0115959,0.9769158
1788248817935638528,OK,1,0,17.531,0.334583,0,896,0,-0.563943,0.041842,0.933750,-0.0030329,0.2105650,-0.0110788,0.9775124
1788248817968979712,OK,1,0,17.9908,0.327583,0,898,0,-0.564962,0.040965,0.940527,-0.0028926,0.2086891,-0.0111113,0.9779146
1788248818002321408,OK,1,0,18.9404,0.379333,0,860,0,-0.564917,0.042651,0.945495,-0.0023435,0.2069929,-0.0109920,0.9782779
1788248818035662848,OK,1,0,17.7655,0.360083,0,897,0,-0.562565,0.041635,0.954538,-0.0025822,0.2058938,-0.0104973,0.9785146
1788248818069004288,OK,1,0,19.0832,0.3595,0,908,0,-0.558626,0.043488,0.963587,-0.0025220,0.2051634,-0.0105105,0.9786680
1788248818102345984,OK,1,0,17.6118,0.329083,0,882,0,-0.555516,0.045173,0.969957,-0.0024647,0.2039417,-0.0108897,0.9789194
1788248818135687680,OK,1,0,20.2877,0.357875,0,902,0,-0.551113,0.046550,0.979559,-0.0025053,0.2023542,-0.0111486,0.9792457
1788248818169029376,OK,1,0,20.1753,0.362833,0,1287,0,-0.546818,0.048341,0.989792,-0.0031483,0.2010994,-0.0112063,0.9795017
1788248818202370816,OK,1,0,18.7357,0.357125,0,1126,0,-0.544343,0.050215,0.998743,-0.0034820,0.2001758,-0.0113859,0.9796877
1788248818235712768,OK,1,0,18.819,0.332125,0,1108,0,-0.541496,0.050106,1.006782,-0.0036467,0.1990938,-0.0113071,0.9799085
1788248818269054464,OK,1,0,21.9811,0.340208,0,1082,0,-0.539242,0.051217,1.014767,-0.0036239,0.1983479,-0.0111878,0.9800612
1788248818302396160,OK,1,0,33.1754,0.361792,0,1090,0,-0.533366,0.053112,1.022152,-0.0035542,0.1977436,-0.0111533,0.9801839
1788248818335738112,OK,1,0,19.3891,0.350666,0,1090,0,-0.530603,0.053622,1.029184,-0.0035587,0.1974261,-0.0111591,0.9802478
1788248818369078784,OK,1,0,20.4441,0.326541,0,1094,0,-0.527022,0.053832,1.036241,-0.0036396,0.1966324,-0.0112360,0.9804062
1788248818402420736,OK,1,0,20.458,0.376625,0,1057,0,-0.524743,0.055084,1.045119,-0.0035530,0.1960577,-0.0112673,0.9805212
1788248818435762432,OK,1,0,18.7788,0.326334,0,1186,0,-0.526118,0.054739,1.050090,-0.0036499,0.1957110,-0.0112591,0.9805902
1788248818469104384,OK,1,0,20.5912,0.335333,0,1128,0,-0.521213,0.056675,1.060623,-0.0035842,0.1948970,-0.0112795,0.9807523
1788248818502446336,OK,1,0,18.7498,0.34475,0,1106,0,-0.519525,0.056363,1.067774,-0.0035087,0.1940291,-0.0112984,0.9809244
1788248818535788288,OK,1,0,18.7491,0.347583,0,1099,0,-0.517540,0.054271,1.073425,-0.0034908,0.1933823,-0.0110533,0.9810550
1788248818569130496,OK,1,0,19.3215,0.350375,0,1095,0,-0.515709,0.055463,1.080482,-0.0034201,0.1929866,-0.0106562,0.9811376
1788248818602472192,OK,1,0,18.381,0.342084,0,1077,0,-0.510574,0.056917,1.089590,-0.0032097,0.1924086,-0.0105276,0.9812532
1788248818635814144,OK,1,0,20.0688,0.330459,0,1055,0,-0.507224,0.057701,1.096479,-0.0030762,0.1917169,-0.0105244,0.9813890
1788248818669156608,OK,1,0,19.6308,0.352542,0,1050,0,-0.502359,0.058670,1.105924,-0.0031019,0.1906940,-0.0106198,0.9815872
1788248818702498560,OK,1,0,18.5872,0.346334,0,1016,0,-0.501796,0.058993,1.113793,-0.0033069,0.1901913,-0.0106089,0.9816841
1788248818735840512,OK,1,0,19.15,0.352292,0,999,0,-0.499617,0.058826,1.120321,-0.0034799,0.1899717,-0.0103590,0.9817288
1788248818769182976,OK,1,0,18.2237,0.3375,0,968,0,-0.497492,0.057174,1.126541,-0.0035346,0.1894461,-0.0103401,0.9818304
1788248818802525696,OK,1,0,19.2943,0.368583,0,987,0,-0.494079,0.058724,1.136358,-0.0032892,0.1879299,-0.0102618,0.9821233
1788248818835872000,OK,1,0,19.5539,0.3655,0,982,0,-0.496331,0.057119,1.142893,-0.0034675,0.1861437,-0.0101472,0.9824640
1788248818869218816,OK,1,0,19.7681,0.451375,0,999,0,-0.493542,0.059806,1.152723,-0.0038108,0.1848389,-0.0100033,0.9827106
1788248818902565120,OK,1,0,20.122,0.322542,0,973,0,-0.488830,0.063684,1.164235,-0.0039864,0.1820532,-0.0098909,0.9832308
1788248818935911680,OK,1,0,20.7776,0.333292,0,949,0,-0.486553,0.063431,1.173008,-0.0042340,0.1784397,-0.0095456,0.9838955
1788248818969258240,OK,1,0,19.0056,0.337166,0,931,0,-0.482864,0.064370,1.183810,-0.0043152,0.1749138,-0.0091105,0.9845322
1788248819002605056,OK,1,0,19.4968,0.352708,0,905,0,-0.483554,0.065468,1.192835,-0.0041090,0.1719647,-0.0090392,0.9850531
1788248819035951360,OK,1,0,18.0825,0.329458,0,914,0,-0.482487,0.066047,1.201900,-0.0041553,0.1686362,-0.0090073,0.9856285
1788248819069298176,OK,1,0,20.3027,0.32625,0,907,0,-0.481737,0.066790,1.211339,-0.0044128,0.1652145,-0.0087281,0.9862092
1788248819102644736,OK,1,0,19.7156,0.358291,0,944,0,-0.481035,0.067682,1.222521,-0.0044054,0.1620036,-0.0088068,0.9867411
1788248819135991552,OK,1,0,19.2784,0.338458,0,956,0,-0.485615,0.066099,1.230241,-0.0044000,0.1590535,-0.0087322,0.9872215
1788248819169338112,OK,1,0,18.8817,0.339416,0,1305,0,-0.484641,0.068612,1.239298,-0.0040035,0.1555191,-0.0086697,0.9877867
1788248819202684928,OK,1,0,20.9372,0.346166,0,1138,0,-0.481093,0.069870,1.248049,-0.0034204,0.1517838,-0.0082222,0.9883736
1788248819236030720,OK,1,0,19.6265,0.355708,0,1139,0,-0.483753,0.068965,1.254907,-0.0029467,0.1485473,-0.0078585,0.9888697
1788248819269377536,OK,1,0,19.3702,0.331625,0,1154,0,-0.485888,0.068517,1.262529,-0.0028001,0.1454199,-0.0076684,0.9893364
1788248819302724096,OK,1,0,19.5252,0.351791,0,1145,0,-0.484427,0.068964,1.270677,-0.0025027,0.1421435,-0.0073760,0.9898154
1788248819336071168,OK,1,0,28.4543,0.332,0,1136,0,-0.484088,0.070839,1.278823,-0.0021367,0.1387461,-0.0071133,0.9903001
1788248819369417984,OK,1,0,21.5555,0.387917,0,1134,0,-0.485618,0.070352,1.287734,-0.0022499,0.1353606,-0.0067404,0.9907709
1788248819402764544,OK,1,0,20.4387,0.335625,0,1122,0,-0.487577,0.069401,1.294584,-0.0024391,0.1321169,-0.0065942,0.9912092
1788248819436111616,OK,1,0,18.7747,0.337458,0,1064,0,-0.488000,0.072217,1.304097,-0.0023916,0.1286727,-0.0065505,0.9916626
1788248819469458432,OK,1,0,21.1,0.332083,0,1223,0,-0.489177,0.072713,1.314102,-0.0028992,0.1252475,-0.0063774,0.9921008
1788248819502805504,OK,1,0,20.9242,0.359167,0,1138,0,-0.491363,0.072248,1.322395,-0.0030527,0.1220429,-0.0066964,0.9924976
1788248819536152320,OK,1,0,20.2688,0.324541,0,1115,0,-0.493284,0.073292,1.332082,-0.0030335,0.1187972,-0.0069492,0.9928896
1788248819569499392,OK,1,0,19.9858,0.385875,0,1103,0,-0.495620,0.073159,1.340901,-0.0032956,0.1154352,-0.0065202,0.9932882
1788248819602846464,OK,1,0,19.5229,0.351458,0,1062,0,-0.494918,0.073794,1.352154,-0.0031851,0.1122697,-0.0061925,0.9936534
1788248819636193280,OK,1,0,19.8893,0.340917,0,1063,0,-0.496310,0.072516,1.359152,-0.0031430,0.1090098,-0.0060087,0.9940176
1788248819669539584,OK,1,0,18.8672,0.349792,0,1078,0,-0.494179,0.074570,1.369821,-0.0030779,0.1053571,-0.0060023,0.9944116
1788248819702886400,OK,1,0,18.973,0.334,0,1043,0,-0.497015,0.075748,1.380462,-0.0028870,0.1021431,-0.0064313,0.9947448
1788248819736233728,OK,1,0,19.523,0.345208,0,1053,0,-0.497184,0.075919,1.389528,-0.0027740,0.0986280,-0.0064762,0.9950994
1788248819769580800,OK,1,0,19.3639,0.355542,0,1063,0,-0.500203,0.075908,1.396915,-0.0029051,0.0954146,-0.0060341,0.9954151
1788248819802923776,OK,1,0,20.9133,0.344416,0,1083,0,-0.500251,0.075150,1.407555,-0.0028381,0.0920024,-0.0055453,0.9957393
1788248819836261376,OK,1,0,19.3307,0.348375,0,1081,0,-0.499741,0.077287,1.416016,-0.0025162,0.0884089,-0.0049665,0.9960687
1788248819869599232,OK,1,0,20.5248,0.334,0,1078,0,-0.499899,0.078375,1.425901,-0.0023426,0.0851508,-0.0048578,0.9963535
1788248819902936832,OK,1,0,22.0897,0.354625,0,1076,0,-0.503784,0.078391,1.434205,-0.0020673,0.0819283,-0.0050088,0.9966235
1788248819936274432,OK,1,0,19.8981,0.349459,0,1071,0,-0.503528,0.076362,1.441269,-0.0022458,0.0782576,-0.0050608,0.9969178
1788248819969612032,OK,1,0,20.6528,0.3375,0,1065,0,-0.505408,0.077115,1.452883,-0.0022480,0.0752329,-0.0047448,0.9971522
1788248820002949632,OK,1,0,20.8001,0.350125,0,1053,0,-0.506594,0.079253,1.461608,-0.0018548,0.0731947,-0.0044033,0.9973062
1788248820036287232,OK,1,0,22.832,0.3285,0,1071,0,-0.505601,0.077919,1.468735,-0.0018387,0.0713837,-0.0040149,0.9974392
1788248820069624832,OK,1,0,22.2863,0.349458,0,1072,0,-0.506959,0.079016,1.479050,-0.0017687,0.0695918,-0.0040846,0.9975657
1788248820102962176,OK,1,0,20.5495,0.39125,0,1091,0,-0.504517,0.076798,1.486054,-0.0019595,0.0674607,-0.0042930,0.9977108
1788248820136298496,OK,1,0,20.7702,0.365208,0,1097,0,-0.507163,0.078154,1.494456,-0.0017119,0.0659309,-0.0044491,0.9978128
1788248820169636352,OK,1,0,19.375,0.333792,0,1304,0,-0.508000,0.082175,1.504014,-0.0016188,0.0642583,-0.0043300,0.9979226
1788248820202973696,OK,1,0,26.6451,0.336541,0,1248,0,-0.507813,0.083103,1.513090,-0.0017027,0.0623497,-0.0039510,0.9980451
1788248820236311040,OK,1,0,40.0168,0.349875,0,1232,0,-0.508335,0.082481,1.519218,-0.0014439,0.0607560,-0.0036246,0.9981450
1788248820269648384,OK,1,0,21.7348,0.353625,0,1257,0,-0.508816,0.082881,1.528315,-0.0013927,0.0590287,-0.0032058,0.9982502
1788248820302985728,OK,1,0,20.7748,0.356,0,1255,0,-0.509478,0.082502,1.537307,-0.0015461,0.0571671,-0.0030491,0.9983588
1788248820336323072,OK,1,0,20.9031,0.305458,0,1250,0,-0.509174,0.081941,1.545151,-0.0016018,0.0554262,-0.0032751,0.9984561
1788248820369660416,OK,1,0,22.0749,0.344209,0,1250,0,-0.510754,0.082346,1.553262,-0.0016237,0.0542778,-0.0034901,0.9985185
1788248820402997760,OK,1,0,21.7577,0.333208,0,1540,0,-0.511610,0.083100,1.562327,-0.0018127,0.0531444,-0.0036828,0.9985784
1788248820436334848,OK,1,0,21.4032,0.326375,0,1445,0,-0.511106,0.082917,1.571933,-0.0018982,0.0517162,-0.0038837,0.9986525
1788248820469672448,OK,1,0,21.4905,0.330458,0,1322,0,-0.511482,0.083840,1.580765,-0.0014892,0.0503110,-0.0038518,0.9987251
1788248820503009536,OK,1,0,21.2476,0.364167,0,1330,0,-0.513610,0.083454,1.588565,-0.0012994,0.0491827,-0.0036227,0.9987824
1788248820536346624,OK,1,0,22.3028,0.337333,0,1338,0,-0.512933,0.084659,1.597651,-0.0010200,0.0481898,-0.0033844,0.9988319
1788248820569682944,OK,1,0,22.2718,0.362334,0,1312,0,-0.515216,0.084065,1.605526,-0.0005572,0.0471608,-0.0036474,0.9988805
1788248820603020032,OK,1,0,22.183,0.36725,0,1315,0,-0.516585,0.084544,1.615012,-0.0002483,0.0460023,-0.0038641,0.9989339
1788248820636357120,OK,1,0,22.0947,0.331792,0,1308,0,-0.517885,0.084835,1.623329,-0.0003395,0.0449250,-0.0037939,0.9989831
1788248820669694208,OK,1,0,21.9701,0.327792,0,1302,0,-0.516109,0.083676,1.632172,-0.0004033,0.0435171,-0.0034705,0.9990466
1788248820703031552,OK,1,0,21.7382,0.340375,0,1283,0,-0.515157,0.085172,1.639434,0.0001159,0.0419789,-0.0035288,0.9991123
1788248820736368384,OK,1,0,21.4872,0.357083,0,1287,0,-0.517498,0.085494,1.649371,0.0001684,0.0408988,-0.0032321,0.9991581
1788248820769705472,OK,1,0,21.5264,0.334958,0,1299,0,-0.517093,0.085769,1.658634,0.0000772,0.0404967,-0.0033566,0.9991741
1788248820803044352,OK,1,0,22.7264,0.325375,0,1242,0,-0.516995,0.086458,1.667109,0.0004121,0.0401272,-0.0037062,0.9991876
1788248820836385792,OK,1,0,21.6611,0.326875,0,1263,0,-0.516236,0.086855,1.675534,0.0005784,0.0392789,-0.0037087,0.9992213
1788248820869727232,OK,1,0,23.4705,0.356708,0,1273,0,-0.516836,0.085828,1.683813,0.0002524,0.0390011,-0.0037323,0.9992322
1788248820903068672,OK,1,0,22.5807,0.330416,0,1282,0,-0.515832,0.087588,1.692620,0.0005205,0.0388342,-0.0035317,0.9992393
1788248820936410112,OK,1,0,21.1889,0.344667,0,1247,0,-0.515477,0.088406,1.702783,0.0007357,0.0385013,-0.0035096,0.9992521
1788248820969751552,OK,1,0,23.5253,0.333458,0,1249,0,-0.513362,0.087893,1.713662,0.0004726,0.0380582,-0.0030662,0.9992707
1788248821003091968,OK,1,0,22.2591,0.328166,0,1282,0,-0.512833,0.089652,1.723475,0.0002992,0.0378437,-0.0031064,0.9992788
1788248821036433664,OK,1,0,23.1259,0.327791,0,1256,0,-0.514342,0.088816,1.733974,-0.0000068,0.0377047,-0.0035464,0.9992827
1788248821069775104,OK,1,0,23.7854,0.34075,0,1209,0,-0.513829,0.087883,1.743406,-0.0001028,0.0373551,-0.0038921,0.9992945
1788248821103116800,OK,1,0,21.8366,0.354584,0,1232,0,-0.513113,0.090236,1.754309,0.0001181,0.0372920,-0.0040678,0.9992961
1788248821136458240,OK,1,0,22.8559,0.331166,0,1217,0,-0.512160,0.092748,1.765179,0.0005335,0.0371539,-0.0040148,0.9993014
1788248821169799680,OK,1,0,22.7725,0.365208,0,1470,0,-0.512353,0.090925,1.773951,0.0013403,0.0367028,-0.0037808,0.9993182
1788248821203141632,OK,1,0,23.5348,0.324667,0,1353,0,-0.511118,0.091804,1.782926,0.0019920,0.0363184,-0.0033220,0.9993328
1788248821236483072,OK,1,0,22.8308,0.340917,0,1325,0,-0.509665,0.092916,1.794493,0.0015743,0.0360588,-0.0032040,0.9993433
1788248821269825024,OK,1,0,31.2715,0.365083,0,1354,0,-0.510561,0.092276,1.806245,0.0011217,0.0358825,-0.0035249,0.9993492
1788248821303166464,OK,1,0,25.4983,0.362333,0,1326,0,-0.511267,0.093292,1.817475,0.0010476,0.0354219,-0.0037610,0.9993648
1788248821336508416,OK,1,0,22.2967,0.351292,0,1327,0,-0.510777,0.093483,1.829097,0.0004706,0.0353197,-0.0041559,0.9993674
1788248821369850112,OK,1,0,21.733,0.3465,0,1292,0,-0.509953,0.094288,1.841189,0.0003423,0.0350782,-0.0042381,0.9993755
1788248821403191808,OK,1,0,21.7761,0.344875,0,1332,0,-0.509521,0.094418,1.851673,0.0006328,0.0346696,-0.0038973,0.9993910
1788248821436533760,OK,1,0,22.7671,0.33575,0,1603,0,-0.508223,0.094657,1.861269,0.0007845,0.0344586,-0.0036933,0.9993990
1788248821469874432,OK,1,0,24.1943,0.367417,0,1455,0,-0.506393,0.094729,1.870623,0.0009020,0.0342721,-0.0035441,0.9994059
1788248821503216640,OK,1,0,22.849,0.340042,0,1379,0,-0.506868,0.095210,1.882551,0.0011667,0.0335811,-0.0038432,0.9994279
1788248821536558336,OK,1,0,25.0427,0.320958,0,1374,0,-0.508535,0.095455,1.894051,0.0011905,0.0334508,-0.0040259,0.9994316
1788248821569900288,OK,1,0,21.2759,0.307292,0,1331,0,-0.508199,0.094774,1.904939,0.0011961,0.0336841,-0.0042966,0.9994226
1788248821603242240,OK,1,0,21.8133,0.336459,0,1292,0,-0.506065,0.095650,1.915307,0.0013205,0.0333362,-0.0042146,0.9994345
1788248821636584192,OK,1,0,21.3427,0.338833,0,1266,0,-0.503746,0.095598,1.926275,0.0012662,0.0330146,-0.0037704,0.9994470
1788248821669926144,OK,1,0,21.7843,0.364334,0,1261,0,-0.503534,0.097650,1.939107,0.0014372,0.0330670,-0.0033718,0.9994465
1788248821703268352,OK,1,0,22.3987,0.324292,0,1268,0,-0.500648,0.097288,1.947864,0.0016151,0.0327458,-0.0033365,0.9994568
1788248821736610304,OK,1,0,22.796,0.34375,0,1283,0,-0.501974,0.098511,1.959001,0.0015686,0.0324266,-0.0036327,0.9994663
1788248821769952512,OK,1,0,22.1868,0.316959,0,1249,0,-0.500795,0.100439,1.970859,0.0014561,0.0321674,-0.0039507,0.9994736
1788248821803291904,OK,1,0,22.2345,0.351666,0,1251,0,-0.500107,0.098880,1.983184,0.0014252,0.0321545,-0.0040143,0.9994739
1788248821836628736,OK,1,0,23.6901,0.330916,0,1248,0,-0.499237,0.100001,1.992537,0.0013976,0.0319674,-0.0037569,0.9994809
1788248821869965056,OK,1,0,21.9727,0.347417,0,1239,0,-0.498037,0.099692,2.004585,0.0009004,0.0318478,-0.0031826,0.9994873
1788248821903300608,OK,1,0,22.7117,0.319125,0,1221,0,-0.498251,0.102236,2.016759,0.0010610,0.0318690,-0.0030199,0.9994870
1788248821936636672,OK,1,0,22.7845,0.344,0,1233,0,-0.497125,0.101907,2.025889,0.0008906,0.0315382,-0.0032086,0.9994970
1788248821969973248,OK,1,0,23.0939,0.344666,0,1230,0,-0.495815,0.102727,2.038758,0.0002941,0.0311703,-0.0035135,0.9995078
1788248822003309312,OK,1,0,21.899,0.352584,0,1178,0,-0.495501,0.104104,2.051720,0.0002286,0.0311352,-0.0037256,0.9995082
1788248822036645632,OK,1,0,23.1868,0.331542,0,1201,0,-0.494911,0.105013,2.063096,0.0001866,0.0310879,-0.0036358,0.9995100
1788248822069981696,OK,1,0,21.8096,0.35275,0,1200,0,-0.494045,0.104035,2.073415,-0.0002570,0.0307190,-0.0036032,0.9995216
1788248822103317760,OK,1,0,25.362,0.323459,0,1211,0,-0.492836,0.105714,2.084009,-0.0000166,0.0305706,-0.0035170,0.9995264
1788248822136654080,OK,1,0,24.9325,0.366666,0,1194,0,-0.492994,0.106562,2.096108,0.0003320,0.0304287,-0.0034440,0.9995310
1788248822169989888,OK,1,0,23.3971,0.334541,0,1448,0,-0.491274,0.106284,2.106035,0.0003298,0.0299804,-0.0033209,0.9995449
1788248822203325952,OK,1,0,24.0449,0.366167,0,1300,0,-0.490825,0.106468,2.116210,0.0007876,0.0297011,-0.0033831,0.9995528
1788248822236661760,OK,1,0,23.3375,0.327292,0,1276,0,-0.489816,0.107124,2.126245,0.0013542,0.0297331,-0.0033800,0.9995513
1788248822269997824,OK,1,0,26.2953,0.335458,0,1304,0,-0.489350,0.107950,2.136906,0.0014871,0.0295744,-0.0031924,0.9995564
1788248822303333632,OK,1,0,46.1372,0.340583,0,1315,0,-0.488596,0.107596,2.148311,0.0014244,0.0295590,-0.0029733,0.9995576
1788248822336669440,OK,1,0,22.6402,0.3545,0,1297,0,-0.487382,0.108854,2.160175,0.0016828,0.0293237,-0.0032224,0.9995634
1788248822370004480,OK,1,0,21.2775,0.35075,0,1319,0,-0.487108,0.109852,2.170910,0.0013309,0.0289736,-0.0034555,0.9995733
1788248822403340032,OK,1,0,22.4524,0.321333,0,1287,0,-0.488170,0.113019,2.183199,0.0009684,0.0284844,-0.0038517,0.9995863
1788248822436675840,OK,1,0,23.6049,0.325791,0,1322,0,-0.488423,0.112725,2.194394,0.0007111,0.0278948,-0.0041381,0.9996020
1788248822470011392,OK,1,0,25.0928,0.322375,0,1596,0,-0.488847,0.111748,2.205770,0.0002307,0.0269645,-0.0040895,0.9996281
1788248822503346944,OK,1,0,24.6517,0.356042,0,1450,0,-0.488856,0.113253,2.218807,-0.0003801,0.0260295,-0.0039857,0.9996532
1788248822536682496,OK,1,0,21.7158,0.323459,0,1375,0,-0.488499,0.114254,2.232407,-0.0005285,0.0249988,-0.0038758,0.9996798
1788248822570018048,OK,1,0,21.2323,0.339375,0,1320,0,-0.489375,0.114709,2.241656,-0.0004983,0.0239895,-0.0038291,0.9997048
1788248822603353600,OK,1,0,21.4612,0.325042,0,1284,0,-0.489447,0.116441,2.253983,-0.0005141,0.0226345,-0.0037207,0.9997368
1788248822636688896,OK,1,0,21.5314,0.343292,0,1287,0,-0.490187,0.117180,2.266006,-0.0007187,0.0215645,-0.0035312,0.9997610
1788248822670024192,OK,1,0,21.949,0.339959,0,1256,0,-0.490751,0.117179,2.277671,-0.0007661,0.0207160,-0.0033936,0.9997793
1788248822703359744,OK,1,0,21.748,0.332125,0,1270,0,-0.490599,0.115051,2.288866,-0.0009088,0.0194821,-0.0035405,0.9998035
1788248822736694784,OK,1,0,21.5167,0.332791,0,1266,0,-0.490000,0.116997,2.296972,-0.0009305,0.0176539,-0.0034153,0.9998379
1788248822770030080,OK,1,0,22.1617,0.3525,0,1288,0,-0.491713,0.118717,2.308946,-0.0012845,0.0163193,-0.0032441,0.9998608
1788248822803367168,OK,1,0,23.7081,0.343167,0,1252,0,-0.493830,0.118517,2.320903,-0.0012332,0.0152951,-0.0033834,0.9998766
1788248822836709120,OK,1,0,22.0577,0.334958,0,1231,0,-0.493140,0.118898,2.331823,-0.0011030,0.0137283,-0.0030687,0.9999005
1788248822870051328,OK,1,0,23.1518,0.351459,0,1258,0,-0.492931,0.120265,2.343729,-0.0011861,0.0122545,-0.0025127,0.9999211
1788248822903393536,OK,1,0,23.7256,0.340416,0,1266,0,-0.494150,0.120726,2.355066,-0.0008001,0.0110702,-0.0024608,0.9999354
1788248822936735488,OK,1,0,22.8922,0.34025,0,1279,0,-0.497657,0.121662,2.367871,-0.0004396,0.0094769,-0.0021708,0.9999527
1788248822970077696,OK,1,0,24.1445,0.366166,0,1254,0,-0.496960,0.122711,2.379596,-0.0004492,0.0081443,-0.0018626,0.9999650
1788248823003419904,OK,1,0,23.499,0.341375,0,1235,0,-0.499219,0.123388,2.391234,-0.0006879,0.0071035,-0.0016508,0.9999732
1788248823036762112,OK,1,0,24.0174,0.340875,0,1234,0,-0.498360,0.125171,2.403709,-0.0005943,0.0060496,-0.0017906,0.9999799
1788248823070104576,OK,1,0,23.263,0.366042,0,1240,0,-0.500809,0.124029,2.416726,-0.0008330,0.0056568,-0.0018541,0.9999819
1788248823103446784,OK,1,0,24.7468,0.378334,0,1234,0,-0.500954,0.125094,2.428105,-0.0007741,0.0050111,-0.0017295,0.9999857
1788248823136788992,OK,1,0,25.3503,0.349375,0,1239,0,-0.499225,0.126897,2.440392,-0.0009761,0.0045420,-0.0012824,0.9999884
1788248823170131456,OK,1,0,23.9642,0.345375,0,1431,0,-0.498432,0.127717,2.452188,-0.0009978,0.0046085,-0.0013340,0.9999880
1788248823203473664,OK,1,0,22.6317,0.330667,0,1302,0,-0.499453,0.127835,2.463495,-0.0010661,0.0047847,-0.0012073,0.9999872
1788248823236815104,OK,1,0,24.606,0.312833,0,1315,0,-0.500689,0.130501,2.477515,-0.0009091,0.0046104,-0.0014000,0.9999880
1788248823270157568,OK,1,0,26.3824,0.339417,0,1297,0,-0.501337,0.130529,2.489351,-0.0012545,0.0043703,-0.0019005,0.9999879
1788248823303500032,OK,1,0,25.1053,0.337708,0,1317,0,-0.501605,0.131008,2.501928,-0.0013863,0.0041870,-0.0018889,0.9999885
1788248823336842496,OK,1,0,22.3071,0.337667,0,1279,0,-0.500478,0.132442,2.513673,-0.0013931,0.0043715,-0.0016503,0.9999881
1788248823370184960,OK,1,0,30.4752,0.34875,0,1313,0,-0.497407,0.133164,2.526281,-0.0014741,0.0042611,-0.0012379,0.9999891
1788248823403527680,OK,1,0,25.5475,0.313833,0,1271,0,-0.496566,0.133199,2.538772,-0.0015830,0.0041761,-0.0007953,0.9999897
1788248823436870144,OK,1,0,22.2898,0.34975,0,1254,0,-0.496414,0.134227,2.552919,-0.0017743,0.0041983,-0.0008207,0.9999893
1788248823470212608,OK,1,0,22.341,0.339208,0,1279,0,-0.497901,0.133929,2.564566,-0.0019848,0.0041152,-0.0011164,0.9999890
1788248823503555328,OK,1,0,23.9079,0.372625,0,1272,0,-0.499421,0.134233,2.579511,-0.0020416,0.0040390,-0.0010224,0.9999893
1788248823536898048,OK,1,0,22.0183,0.337,0,1526,0,-0.498491,0.136028,2.593417,-0.0023307,0.0039519,-0.0010536,0.9999889
1788248823570240768,OK,1,0,22.943,0.319375,0,1368,0,-0.497057,0.136555,2.607539,-0.0027444,0.0038653,-0.0004770,0.9999887
1788248823603583488,OK,1,0,21.3181,0.334042,0,1323,0,-0.495791,0.135663,2.617897,-0.0027533,0.0040151,-0.0002159,0.9999881
1788248823636925952,OK,1,0,21.5831,0.308875,0,1287,0,-0.495172,0.137896,2.631369,-0.0027411,0.0042086,-0.0000686,0.9999874
1788248823670268672,OK,1,0,21.8387,0.308667,0,1304,0,-0.494921,0.139089,2.643318,-0.0027070,0.0040348,0.0000528,0.9999882
1788248823703610624,OK,1,0,22.3893,0.347125,0,1271,0,-0.495552,0.139285,2.654822,-0.0025215,0.0040367,-0.0002145,0.9999887
1788248823736953600,OK,1,0,20.8672,0.324375,0,1237,0,-0.495065,0.141219,2.667351,-0.0022263,0.0041049,-0.0001275,0.9999891
1788248823770296320,OK,1,0,23.0789,0.335458,0,1246,0,-0.495075,0.142697,2.679203,-0.0017934,0.0042116,0.0000242,0.9999895
1788248823803640832,OK,1,0,22.2554,0.330625,0,1194,0,-0.493731,0.143169,2.689164,-0.0014573,0.0041058,0.0001855,0.9999905
1788248823836987648,OK,1,0,21.6887,0.335292,0,1217,0,-0.495176,0.144588,2.703465,-0.0011515,0.0041890,-0.0000929,0.9999906
1788248823870334464,OK,1,0,21.6276,0.357375,0,1198,0,-0.496813,0.144616,2.716206,-0.0011549,0.0041190,-0.0004409,0.9999908
1788248823903681280,OK,1,0,21.957,0.346083,0,1181,0,-0.495375,0.145419,2.728497,-0.0014155,0.0038470,-0.0005563,0.9999915
1788248823937028096,OK,1,0,22.4058,0.342916,0,1180,0,-0.496580,0.146393,2.741355,-0.0015745,0.0038081,-0.0004676,0.9999914
1788248823970374656,OK,1,0,22.045,0.343458,0,1147,0,-0.495083,0.146096,2.752770,-0.0014882,0.0036641,-0.0001461,0.9999922
1788248824003721728,OK,1,0,21.5931,0.340792,0,1136,0,-0.493409,0.147308,2.764053,-0.0014840,0.0036085,0.0000256,0.9999924
1788248824037068544,OK,1,0,22.5932,0.344542,0,1132,0,-0.493100,0.148422,2.779167,-0.0016284,0.0034864,-0.0002671,0.9999925
1788248824070415616,OK,1,0,22.5317,0.356667,0,1091,0,-0.496399,0.148981,2.794494,-0.0019588,0.0033532,-0.0004441,0.9999924
1788248824103762432,OK,1,0,19.987,0.345584,0,1055,0,-0.495063,0.148478,2.804844,-0.0025144,0.0031793,-0.0005814,0.9999916
1788248824137108480,OK,1,0,22.1763,0.33475,0,1069,0,-0.494200,0.150427,2.818566,-0.0024445,0.0034659,-0.0005195,0.9999909
1788248824170455296,OK,1,0,21.1925,0.334459,0,1397,0,-0.494344,0.151142,2.833007,-0.0026109,0.0037041,-0.0001163,0.9999897
1788248824203802368,OK,1,0,24.6102,0.333083,0,1256,0,-0.492911,0.151802,2.844595,-0.0029827,0.0035020,-0.0000331,0.9999894
1788248824237149440,OK,1,0,50.0689,0.359,0,1271,0,-0.493844,0.153342,2.856928,-0.0028599,0.0032422,-0.0004253,0.9999906
1788248824270496256,OK,1,0,23.2505,0.349042,0,1265,0,-0.494061,0.152466,2.867516,-0.0028925,0.0032070,-0.0005726,0.9999905
1788248824303843584,OK,1,0,21.3818,0.355584,0,1227,0,-0.494323,0.153594,2.881796,-0.0028544,0.0034321,-0.0002279,0.9999900
1788248824337190656,OK,1,0,20.7715,0.32425,0,1219,0,-0.494582,0.155239,2.896055,-0.0023252,0.0036229,0.0000646,0.9999908
1788248824370537472,OK,1,0,22.2196,0.350458,0,1188,0,-0.494673,0.156034,2.909246,-0.0021757,0.0036679,0.0002357,0.9999909
1788248824403884800,OK,1,0,21.9971,0.364042,0,1463,0,-0.494370,0.157979,2.922159,-0.0021011,0.0035986,0.0002911,0.9999913
1788248824437231872,OK,1,0,22.8724,0.329709,0,1345,0,-0.493656,0.157701,2.934094,-0.0019144,0.0032885,0.0000005,0.9999928
1788248824470579200,OK,1,0,21.6472,0.356084,0,1265,0,-0.493811,0.157715,2.947179,-0.0017925,0.0032059,0.0000465,0.9999933
1788248824503926272,OK,1,0,21.064,0.336542,0,1236,0,-0.492564,0.157613,2.958086,-0.0014636,0.0034841,0.0001858,0.9999928
1788248824537273600,OK,1,0,21.1064,0.309709,0,1211,0,-0.491045,0.158868,2.970176,-0.0010670,0.0035066,0.0005724,0.9999931
1788248824570619904,OK,1,0,20.1104,0.346459,0,1165,0,-0.490394,0.159281,2.983974,-0.0013425,0.0034461,0.0008211,0.9999928
1788248824603966976,OK,1,0,21.4564,0.355209,0,1182,0,-0.490147,0.160664,2.997157,-0.0017462,0.0032388,0.0006538,0.9999930
1788248824637314560,OK,1,0,21.4359,0.335,0,1158,0,-0.492089,0.162481,3.012388,-0.0020481,0.0032406,0.0003448,0.9999926
1788248824670661888,OK,1,0,21.0747,0.342709,0,1154,0,-0.491557,0.164179,3.026493,-0.0026836,0.0033583,0.0002452,0.9999908
1788248824704008960,OK,1,0,22.098,0.318917,0,1137,0,-0.489001,0.164184,3.039628,-0.0030433,0.0033866,0.0003916,0.9999896
1788248824737356544,OK,1,0,21.4756,0.35075,0,1111,0,-0.490082,0.166024,3.054708,-0.0031599,0.0033991,0.0008258,0.9999889
1788248824770703872,OK,1,0,21.5041,0.331541,0,1110,0,-0.488792,0.166342,3.066627,-0.0031218,0.0032685,0.0005486,0.9999896
1788248824804050688,OK,1,0,20.816,0.367542,0,1080,0,-0.488514,0.167232,3.079521,-0.0032065,0.0029485,0.0004494,0.9999904
1788248824837397504,OK,1,0,22.4438,0.354583,0,1050,0,-0.490475,0.168261,3.092297,-0.0032466,0.0029308,0.0001619,0.9999905
1788248824870744320,OK,1,0,21.2864,0.3485,0,1057,0,-0.489127,0.168088,3.103157,-0.0026060,0.0029434,0.0001491,0.9999923
1788248824904091136,OK,1,0,21.0473,0.342208,0,1055,0,-0.488780,0.169452,3.114773,-0.0018022,0.0028851,0.0006408,0.9999940
1788248824937437952,OK,1,0,24.1776,0.344792,0,1050,0,-0.487058,0.168929,3.126697,-0.0014684,0.0026800,0.0010354,0.9999948
1788248824970785024,OK,1,0,22.0308,0.317,0,1043,0,-0.486792,0.169607,3.139061,-0.0014168,0.0025559,0.0010624,0.9999952
1788248825004130816,OK,1,0,23.608,0.372417,0,1033,0,-0.488139,0.169259,3.152230,-0.0014041,0.0017307,0.0010979,0.9999970
1788248825037477888,OK,1,0,21.9872,0.397959,0,1019,0,-0.488217,0.169306,3.162459,-0.0011496,0.0007915,0.0008757,0.9999986
1788248825070824960,OK,1,0,23.9324,0.363875,0,1013,0,-0.490651,0.171757,3.177420,-0.0006577,0.0002030,0.0006818,0.9999995
1788248825104172032,OK,1,0,21.2172,0.352292,0,1029,0,-0.492092,0.173043,3.192063,-0.0008732,-0.0005418,0.0006932,0.9999992
1788248825137519616,OK,1,0,22.3157,0.333916,0,1015,0,-0.493491,0.174675,3.203479,-0.0007810,-0.0016473,0.0001698,0.9999983
1788248825170866688,OK,1,0,21.7986,0.350542,0,1474,0,-0.493903,0.173823,3.216031,-0.0005559,-0.0030171,-0.0002902,0.9999952
1788248825204214016,OK,1,0,22.9257,0.335666,0,1318,0,-0.497428,0.174483,3.228955,-0.0003878,-0.0039533,-0.0009571,0.9999917
1788248825237561600,OK,1,0,24.595,0.34375,0,1305,0,-0.500249,0.175074,3.241223,-0.0003507,-0.0047836,-0.0010058,0.9999880
1788248825270909184,OK,1,0,45.5728,0.348458,0,1286,0,-0.501190,0.174988,3.252887,-0.0002136,-0.0061021,-0.0011055,0.9999807
1788248825304256768,OK,1,0,21.1115,0.363791,0,1266,0,-0.501796,0.174974,3.264373,0.0001086,-0.0072118,-0.0012047,0.9999732
1788248825337604608,OK,1,0,24.3738,0.326833,0,1240,0,-0.502607,0.176660,3.276442,0.0004255,-0.0083963,-0.0011092,0.9999641
1788248825370952192,OK,1,0,21.261,0.315833,0,1252,0,-0.503357,0.176786,3.288756,0.0002163,-0.0099444,-0.0014230,0.9999495
1788248825404299776,OK,1,0,21.683,0.33425,0,1237,0,-0.505612,0.176573,3.300564,0.0003813,-0.0110059,-0.0017088,0.9999380
1788248825437647616,OK,1,0,24.4898,0.316625,0,1398,0,-0.508020,0.177841,3.315112,0.0002922,-0.0121700,-0.0014389,0.9999249
1788248825470994688,OK,1,0,21.5777,0.338209,0,1267,0,-0.508571,0.180254,3.327027,0.0003281,-0.0133836,-0.0014277,0.9999094
1788248825504342528,OK,1,0,21.912,0.359709,0,1243,0,-0.511356,0.178417,3.339832,0.0005855,-0.0143116,-0.0018773,0.9998957
1788248825537690624,OK,1,0,22.8855,0.342709,0,1210,0,-0.510599,0.178759,3.350494,0.0006149,-0.0159002,-0.0013669,0.9998724
1788248825571038720,OK,1,0,20.4998,0.344875,0,1181,0,-0.511583,0.179915,3.362581,0.0007634,-0.0167709,-0.0011975,0.9998584
1788248825604387072,OK,1,0,21.3065,0.355084,0,1165,0,-0.512359,0.179936,3.375354,0.0012067,-0.0173643,-0.0010817,0.9998479
1788248825637735424,OK,1,0,19.8823,0.343708,0,1136,0,-0.513323,0.180560,3.388337,0.0012285,-0.0174630,-0.0006941,0.9998466
1788248825671083520,OK,1,0,21.3457,0.319208,0,1134,0,-0.513559,0.180346,3.400104,0.0014154,-0.0177824,-0.0010264,0.9998404
1788248825704431872,OK,1,0,21.7974,0.36,0,1134,0,-0.515168,0.182519,3.413567,0.0017574,-0.0182148,-0.0011263,0.9998320
1788248825737780224,OK,1,0,22.7599,0.344375,0,1130,0,-0.514660,0.182249,3.425726,0.0011866,-0.0184519,-0.0009804,0.9998286
1788248825771128832,OK,1,0,21.2952,0.335708,0,1065,0,-0.515298,0.183251,3.438578,0.0011796,-0.0185109,-0.0010325,0.9998274
1788248825804474624,OK,1,0,21.6964,0.32975,0,1078,0,-0.516073,0.184350,3.450787,0.0015197,-0.0186941,-0.0007000,0.9998239
1788248825837816832,OK,1,0,23.0349,0.332958,0,1057,0,-0.518185,0.184623,3.465248,0.0016048,-0.0184540,-0.0006004,0.9998283
1788248825871159040,OK,1,0,21.4928,0.337292,0,1055,0,-0.519532,0.186122,3.476435,0.0021064,-0.0185475,-0.0012083,0.9998251
1788248825904499968,OK,1,0,23.5025,0.35275,0,1028,0,-0.518904,0.186763,3.488278,0.0018820,-0.0193235,-0.0010655,0.9998109
1788248825937841920,OK,1,0,21.2653,0.349042,0,1064,0,-0.520022,0.189040,3.502599,0.0017014,-0.0194035,-0.0010892,0.9998097
1788248825971184128,OK,1,0,22.5292,0.335458,0,1059,0,-0.520847,0.187136,3.514998,0.0013612,-0.0196005,-0.0011889,0.9998063
1788248826004526080,OK,1,0,22.2933,0.345542,0,1074,0,-0.522818,0.188191,3.529067,0.0015236,-0.0196411,-0.0009582,0.9998055
1788248826037868288,OK,1,0,22.2232,0.342042,0,1040,0,-0.522925,0.189608,3.540853,0.0016971,-0.0196091,-0.0010472,0.9998057
1788248826071210240,OK,1,0,23.8344,0.341875,0,1065,0,-0.524513,0.190890,3.555745,0.0018541,-0.0199885,-0.0006491,0.9997983
1788248826104552192,OK,1,0,22.4537,0.336625,0,1056,0,-0.523248,0.191112,3.567494,0.0017405,-0.0200797,0.0001003,0.9997969
1788248826137894400,OK,1,0,21.5977,0.351333,0,1039,0,-0.524046,0.190014,3.579896,0.0016500,-0.0196924,0.0000496,0.9998047
1788248826171236352,OK,1,0,23.2785,0.320583,0,1421,0,-0.524484,0.192935,3.593872,0.0021530,-0.0197712,0.0003032,0.9998022
1788248826204578304,OK,1,0,25.4229,0.351,0,1268,0,-0.523751,0.192720,3.604642,0.0021883,-0.0198154,0.0004825,0.9998012
1788248826237920512,OK,1,0,23.5525,0.335875,0,1255,0,-0.523893,0.193740,3.616354,0.0022387,-0.0197747,0.0002694,0.9998019
1788248826271262208,OK,1,0,21.7867,0.346459,0,1210,0,-0.524489,0.194805,3.630499,0.0019511,-0.0199410,0.0007149,0.9997990
1788248826304604160,OK,1,0,31.1263,0.343375,0,1221,0,-0.525476,0.196788,3.644674,0.0017566,-0.0197324,0.0005691,0.9998036
1788248826337946368,OK,1,0,24.9549,0.332458,0,1211,0,-0.526643,0.197557,3.658605,0.0018906,-0.0199303,0.0004137,0.9997995
1788248826371287296,OK,1,0,23.1796,0.35225,0,1204,0,-0.525597,0.197079,3.669236,0.0022364,-0.0196703,0.0006992,0.9998038
1788248826404629504,OK,1,0,22.1842,0.33825,0,1186,0,-0.526381,0.197801,3.681608,0.0031961,-0.0187180,0.0003399,0.9998196
1788248826437971200,OK,1,0,21.5083,0.34175,0,1162,0,-0.526436,0.197872,3.692745,0.0040261,-0.0189060,0.0005801,0.9998130
1788248826471313152,OK,1,0,22.5195,0.311875,0,1313,0,-0.527275,0.197944,3.704092,0.0042400,-0.0192118,0.0005592,0.9998063
1788248826504655360,OK,1,0,21.7339,0.353625,0,1226,0,-0.529071,0.199027,3.717717,0.0041565,-0.0192666,0.0005652,0.9998056
1788248826537997056,OK,1,0,21.4608,0.334041,0,1191,0,-0.530680,0.199150,3.729489,0.0041783,-0.0199384,0.0004635,0.9997924
1788248826571339008,OK,1,0,22.903,0.347667,0,1196,0,-0.531895,0.200195,3.741870,0.0045145,-0.0197868,0.0000959,0.9997940
1788248826604680960,OK,1,0,21.1032,0.326125,0,1158,0,-0.534320,0.201343,3.756434,0.0045004,-0.0193313,-0.0002466,0.9998029
1788248826638022912,OK,1,0,20.5252,0.304334,0,1147,0,-0.533673,0.202566,3.769718,0.0036437,-0.0196934,-0.0002937,0.9997994
1788248826671364864,OK,1,0,21.0493,0.355416,0,1159,0,-0.533295,0.202143,3.784092,0.0028702,-0.0198461,-0.0005259,0.9997988
1788248826704706816,OK,1,0,20.9344,0.327792,0,1129,0,-0.534615,0.203841,3.798635,0.0023924,-0.0194452,-0.0005416,0.9998079
1788248826738048768,OK,1,0,20.6145,0.32925,0,1123,0,-0.535266,0.204468,3.811936,0.0020555,-0.0193156,-0.0009347,0.9998109
1788248826771390720,OK,1,0,21.3358,0.312875,0,1130,0,-0.537850,0.203979,3.825876,0.0023196,-0.0192830,-0.0014503,0.9998103
1788248826804731392,OK,1,0,20.9714,0.358459,0,1111,0,-0.539439,0.205227,3.837582,0.0026254,-0.0194275,-0.0015934,0.9998066
1788248826838073600,OK,1,0,22.4105,0.3415,0,1099,0,-0.538645,0.205453,3.851426,0.0028953,-0.0197377,-0.0016154,0.9997997
1788248826871415552,OK,1,0,21.0012,0.347167,0,1087,0,-0.539479,0.205742,3.862515,0.0034985,-0.0197968,-0.0011668,0.9997972
1788248826904757504,OK,1,0,20.8145,0.344833,0,1098,0,-0.540649,0.206802,3.872575,0.0040450,-0.0194769,-0.0008985,0.9998018
1788248826938099456,OK,1,0,20.9621,0.336875,0,1113,0,-0.541998,0.205478,3.885477,0.0043821,-0.0192127,-0.0011826,0.9998051
1788248826971441408,OK,1,0,22.3977,0.349125,0,1100,0,-0.541738,0.205734,3.897462,0.0042527,-0.0193855,-0.0014676,0.9998019
1788248827004783360,OK,1,0,21.2892,0.350791,0,1094,0,-0.541733,0.207050,3.913678,0.0038868,-0.0196702,-0.0017818,0.9997974
1788248827038125312,OK,1,0,21.4084,0.363042,0,1101,0,-0.541079,0.209399,3.926463,0.0040650,-0.0197409,-0.0017059,0.9997954
1788248827071467264,OK,1,0,20.5532,0.335125,0,1045,0,-0.540934,0.209953,3.939698,0.0042751,-0.0196184,-0.0015093,0.9997973
1788248827104808960,OK,1,0,21.742,0.336333,0,1073,0,-0.541903,0.209617,3.952466,0.0042599,-0.0192667,-0.0017183,0.9998038
1788248827138151168,OK,1,0,23.0625,0.350292,0,1067,0,-0.539499,0.209477,3.964795,0.0040864,-0.0197590,-0.0016359,0.9997951
1788248827171492864,OK,1,0,21.0622,0.321125,0,1448,0,-0.543092,0.209344,3.976819,0.0037866,-0.0196988,-0.0015799,0.9997976
1788248827204835072,OK,1,0,21.692,0.354625,0,1282,0,-0.544269,0.208925,3.988261,0.0040537,-0.0196369,-0.0016701,0.9997976
1788248827238175744,OK,1,0,22.0798,0.346,0,1240,0,-0.544087,0.210077,4.001567,0.0048047,-0.0194842,-0.0017465,0.9997971
1788248827271517696,OK,1,0,22.8857,0.388708,0,1203,0,-0.544744,0.210539,4.014274,0.0044222,-0.0190859,-0.0018136,0.9998065
1788248827304859648,OK,1,0,41.6537,0.353666,0,1230,0,-0.547050,0.211266,4.027462,0.0040732,-0.0192570,-0.0021402,0.9998040
1788248827338201344,OK,1,0,20.8761,0.366417,0,1225,0,-0.547312,0.212978,4.040077,0.0041506,-0.0195881,-0.0023069,0.9997969
1788248827371543552,OK,1,0,21.0149,0.334708,0,1213,0,-0.548597,0.212858,4.053771,0.0038538,-0.0195568,-0.0023953,0.9997985
1788248827404885248,OK,1,0,23.1579,0.361083,0,1192,0,-0.548685,0.213487,4.066941,0.0042720,-0.0194877,-0.0019933,0.9997990
1788248827438226944,OK,1,0,21.5635,0.321,0,1197,0,-0.548494,0.213966,4.079568,0.0048937,-0.0197894,-0.0016500,0.9997908
1788248827471568896,OK,1,0,21.8608,0.330667,0,1409,0,-0.549227,0.214436,4.092593,0.0050577,-0.0198151,-0.0014410,0.9997898
1788248827504910592,OK,1,0,20.6887,0.323083,0,1334,0,-0.549625,0.215336,4.104606,0.0046907,-0.0197213,-0.0016240,0.9997932
1788248827538252544,OK,1,0,19.4807,0.326375,0,1240,0,-0.550425,0.216841,4.117172,0.0044322,-0.0196347,-0.0019357,0.9997956
1788248827571594496,OK,1,0,19.4514,0.334083,0,1201,0,-0.550748,0.217525,4.129415,0.0047992,-0.0195201,-0.0018858,0.9997962
1788248827604936192,OK,1,0,20.3188,0.329833,0,1201,0,-0.549743,0.219108,4.141295,0.0051160,-0.0197214,-0.0013567,0.9997915
1788248827638278144,OK,1,0,19.1657,0.313542,0,1154,0,-0.548130,0.220942,4.155774,0.0047207,-0.0199871,-0.0010672,0.9997885
1788248827671618560,OK,1,0,19.8938,0.340041,0,1184,0,-0.548579,0.219435,4.167062,0.0038273,-0.0197953,-0.0009037,0.9997963
1788248827704960512,OK,1,0,19.1926,0.348791,0,1170,0,-0.550384,0.220702,4.183340,0.0040510,-0.0198233,-0.0009947,0.9997948
1788248827738302208,OK,1,0,19.3345,0.350459,0,1151,0,-0.549947,0.223456,4.197190,0.0039647,-0.0200979,-0.0010706,0.9997896
1788248827771644160,OK,1,0,20.8517,0.350791,0,1167,0,-0.550510,0.223996,4.210886,0.0034679,-0.0199535,-0.0006044,0.9997947
1788248827804984320,OK,1,0,19.6077,0.339625,0,1157,0,-0.550926,0.226599,4.227194,0.0036252,-0.0197271,-0.0004595,0.9997987
1788248827838322176,OK,1,0,19.747,0.339042,0,1148,0,-0.550387,0.225406,4.238200,0.0027778,-0.0195506,-0.0005958,0.9998049
1788248827871660288,OK,1,0,20.3386,0.356292,0,1150,0,-0.551732,0.224868,4.250453,0.0021745,-0.0197958,-0.0012021,0.9998010
1788248827904998400,OK,1,0,19.4876,0.347583,0,1133,0,-0.555663,0.227879,4.262953,0.0020996,-0.0198111,-0.0016177,0.9998002
1788248827938336512,OK,1,0,19.5098,0.324208,0,1123,0,-0.553762,0.229665,4.276948,0.0017250,-0.0200946,-0.0015134,0.9997954
1788248827971674368,OK,1,0,20.4825,0.354834,0,1118,0,-0.554036,0.229879,4.292534,0.0012331,-0.0199387,-0.0012309,0.9997997
1788248828005012224,OK,1,0,20.8323,0.29975,0,1105,0,-0.553549,0.231681,4.305595,0.0008076,-0.0199332,-0.0009695,0.9998005
1788248828038350080,OK,1,0,18.6327,0.344833,0,1106,0,-0.554392,0.231686,4.318576,0.0000526,-0.0199966,-0.0006548,0.9997998
1788248828071687680,OK,1,0,20.392,0.339542,0,1091,0,-0.554251,0.233426,4.334504,0.0003324,-0.0201546,-0.0010156,0.9997963
1788248828105025536,OK,1,0,19.3154,0.333125,0,1103,0,-0.554442,0.234433,4.347085,0.0002209,-0.0203647,-0.0010621,0.9997920
1788248828138362368,OK,1,0,22.2467,0.3255,0,1130,0,-0.556676,0.237004,4.358680,0.0000870,-0.0201409,-0.0008011,0.9997968
1788248828171700224,OK,1,0,20.2071,0.343416,0,1454,0,-0.556320,0.238421,4.375616,0.0001471,-0.0202568,-0.0008372,0.9997945
1788248828205037824,OK,1,0,20.6246,0.347583,0,1260,0,-0.555107,0.239606,4.386127,-0.0001616,-0.0204124,-0.0006734,0.9997914
1788248828238375424,OK,1,0,19.1217,0.341416,0,1227,0,-0.556001,0.239011,4.400555,-0.0005563,-0.0203763,-0.0008308,0.9997919
1788248828271713024,OK,1,0,18.8852,0.343667,0,1209,0,-0.557197,0.241083,4.413632,-0.0005809,-0.0203774,-0.0009034,0.9997918
1788248828305050880,OK,1,0,20.6234,0.416,0,1238,0,-0.556540,0.242822,4.429902,-0.0009449,-0.0206711,-0.0009606,0.9997854
1788248828338388224,OK,1,0,27.5507,0.337375,0,1223,0,-0.554840,0.243622,4.443024,-0.0012117,-0.0204001,-0.0007456,0.9997909
1788248828371725824,OK,1,0,19.9176,0.324,0,1226,0,-0.554435,0.244075,4.456944,-0.0013535,-0.0201082,-0.0006673,0.9997967
1788248828405063168,OK,1,0,18.5802,0.344667,0,1211,0,-0.554475,0.244404,4.469749,-0.0014825,-0.0189662,-0.0008198,0.9998187
1788248828438400512,OK,1,0,21.3738,0.316,0,1199,0,-0.552982,0.246075,4.483814,-0.0015343,-0.0171163,-0.0012044,0.9998516
1788248828471738112,OK,1,0,20.5779,0.3555,0,1545,0,-0.554007,0.246237,4.495736,-0.0023560,-0.0153401,-0.0014867,0.9998785
1788248828505075456,OK,1,0,20.6218,0.376375,0,1436,0,-0.552945,0.244959,4.508204,-0.0032790,-0.0148524,-0.0015621,0.9998831
1788248828538412800,OK,1,0,18.9843,0.343042,0,1313,0,-0.553062,0.247509,4.525007,-0.0032159,-0.0136650,-0.0013679,0.9999005
1788248828571749376,OK,1,0,18.9131,0.313417,0,1260,0,-0.551056,0.248654,4.537170,-0.0029299,-0.0118272,-0.0013573,0.9999248
1788248828605086464,OK,1,0,17.4239,0.355625,0,1242,0,-0.549050,0.250185,4.549127,-0.0028950,-0.0095427,-0.0013938,0.9999493
1788248828638423808,OK,1,0,17.9275,0.312083,0,1207,0,-0.545548,0.250164,4.563137,-0.0033350,-0.0077965,-0.0017564,0.9999625
1788248828671760896,OK,1,0,18.17,0.355625,0,1181,0,-0.545617,0.251460,4.577782,-0.0038105,-0.0058196,-0.0018906,0.9999740
1788248828705098240,OK,1,0,17.8404,0.364292,0,1175,0,-0.541842,0.252089,4.592023,-0.0045576,-0.0033194,-0.0017516,0.9999826
1788248828738435328,OK,1,0,17.6423,0.3455,0,1176,0,-0.539375,0.253295,4.605827,-0.0048623,-0.0007872,-0.0014560,0.9999868
1788248828771772416,OK,1,0,18.3657,0.348875,0,1120,0,-0.536333,0.256022,4.619300,-0.0050967,0.0018837,-0.0015500,0.9999840
1788248828805111552,OK,1,0,17.9275,0.337625,0,1104,0,-0.533543,0.256523,4.634933,-0.0056461,0.0045022,-0.0017950,0.9999723
1788248828838453248,OK,1,0,17.1075,0.338791,0,1081,0,-0.530879,0.257385,4.648271,-0.0057219,0.0070832,-0.0018046,0.9999569
1788248828871795200,OK,1,0,19.5423,0.361,0,1063,0,-0.528104,0.258035,4.660432,-0.0055733,0.0098279,-0.0023127,0.9999335
1788248828905136896,OK,1,0,17.3012,0.340958,0,1064,0,-0.528184,0.258107,4.670372,-0.0049839,0.0128006,-0.0026794,0.9999021
1788248828938479104,OK,1,0,18.6943,0.363208,0,1035,0,-0.524685,0.258659,4.683281,-0.0044770,0.0152823,-0.0030282,0.9998686
1788248828971820800,OK,1,0,16.548,0.371584,0,1033,0,-0.521193,0.258863,4.694300,-0.0044041,0.0180718,-0.0029207,0.9998227
1788248829005161728,OK,1,0,17.3422,0.31475,0,954,0,-0.518565,0.260444,4.706589,-0.0042182,0.0216383,-0.0026742,0.9997534
1788248829038503680,OK,1,0,16.431,0.373041,0,972,0,-0.514586,0.261993,4.720475,-0.0042553,0.0251230,-0.0028849,0.9996712
1788248829071845376,OK,1,0,15.8998,0.345917,0,921,0,-0.510292,0.263502,4.732935,-0.0043421,0.0287531,-0.0033831,0.9995714
1788248829105187584,OK,1,0,18.4,0.320917,0,899,0,-0.506765,0.262094,4.743521,-0.0049417,0.0327188,-0.0035787,0.9994460
1788248829138529536,OK,1,0,15.6124,0.341167,0,853,0,-0.502599,0.263805,4.755678,-0.0048057,0.0366246,-0.0040899,0.9993092
1788248829171871488,OK,1,0,16.7392,0.348542,0,2473,0,-0.496942,0.266435,4.771940,-0.0048006,0.0404790,-0.0046905,0.9991578
1788248829205213696,OK,1,0,20.058,0.333167,0,1797,0,-0.493604,0.268001,4.784315,-0.0044793,0.0443652,-0.0050587,0.9989926
1788248829238555648,OK,1,0,19.8498,0.320208,0,1756,0,-0.489274,0.267319,4.795509,-0.0044468,0.0482463,-0.0056047,0.9988099
1788248829271897600,OK,1,0,20.9944,0.361833,0,1679,0,-0.485909,0.267206,4.807609,-0.0045699,0.0522260,-0.0055005,0.9986097
1788248829305240064,OK,1,0,30.6127,0.372167,0,1641,0,-0.479217,0.268307,4.820235,-0.0045269,0.0560325,-0.0057643,0.9984021
1788248829338582016,OK,1,0,20.23,0.316333,0,1632,0,-0.475358,0.268766,4.831298,-0.0042775,0.0597936,-0.0060036,0.9981835
1788248829371923968,OK,1,0,17.3359,0.385125,0,1566,0,-0.472629,0.268648,4.841741,-0.0039036,0.0638640,-0.0064779,0.9979299
1788248829405266432,OK,1,0,17.7783,0.306708,0,1512,0,-0.469401,0.266594,4.849597,-0.0040370,0.0678885,-0.0071475,0.9976591
1788248829438608640,OK,1,0,15.8715,0.333125,0,1178,0,-0.463648,0.267083,4.860763,-0.0041356,0.0718447,-0.0073320,0.9973803
1788248829471949824,OK,1,0,16.2988,0.328917,0,1000,0,-0.459299,0.269070,4.874161,-0.0040320,0.0761033,-0.0073723,0.9970645
1788248829505292288,OK,1,0,13.0705,0.35075,0,885,0,-0.451849,0.270058,4.886171,-0.0039806,0.0797153,-0.0072923,0.9967831
1788248829538634496,OK,1,0,12.9849,0.326833,0,806,0,-0.444744,0.271984,4.897130,-0.0040435,0.0835680,-0.0072846,0.9964673
1788248829571976704,OK,1,0,12.4944,0.33,0,736,0,-0.437277,0.272047,4.907460,-0.0040233,0.0873630,-0.0068142,0.9961451
1788248829605319168,OK,1,0,12.2443,0.339,0,713,0,-0.430704,0.273545,4.917612,-0.0039710,0.0913812,-0.0066971,0.9957855
1788248829638661376,OK,1,0,12.1429,0.340125,0,693,0,-0.424972,0.274540,4.928845,-0.0038338,0.0951482,-0.0072910,0.9954290
1788248829672003840,OK,1,0,12.0027,0.353291,0,672,0,-0.420240,0.274850,4.936994,-0.0038447,0.0988164,-0.0075536,0.9950696
1788248829705346304,OK,1,0,11.8215,0.351208,0,648,0,-0.414764,0.275968,4.945974,-0.0040933,0.1024848,-0.0074310,0.9946984
1788248829738688768,OK,1,0,11.2779,0.336333,0,608,0,-0.407975,0.276702,4.954570,-0.0039494,0.1060208,-0.0070232,0.9943313
1788248829772031232,OK,1,0,11.0723,0.347084,0,543,0,-0.404256,0.276655,4.957850,-0.0036895,0.1108290,-0.0072569,0.9938061
1788248829805374464,OK,1,0,11.1434,0.35875,0,511,0,-0.401110,0.277751,4.965932,-0.0032036,0.1153206,-0.0079788,0.9932911
1788248829838719232,OK,1,0,10.8245,0.341875,0,512,0,-0.396306,0.276650,4.971553,-0.0029494,0.1194132,-0.0088929,0.9928004
1788248829872064256,OK,1,0,11.0306,0.360125,0,479,0,-0.390558,0.275389,4.976749,-0.0032880,0.1236477,-0.0093310,0.9922768
1788248829905408000,OK,1,0,10.2579,0.345292,0,466,0,-0.383726,0.275009,4.982965,-0.0037486,0.1277846,-0.0092346,0.9917519
1788248829938753024,OK,1,0,10.3951,0.351291,0,1249,0,-0.377170,0.275908,4.990518,-0.0036446,0.1319021,-0.0086050,0.9912187
1788248829972097792,OK,1,0,12.727,0.314125,0,848,0,-0.371213,0.276395,4.996433,-0.0038038,0.1361379,-0.0085066,0.9906461
1788248830005442816,OK,1,0,12.7371,0.343458,0,823,0,-0.367130,0.275732,5.002364,-0.0040775,0.1402766,-0.0086721,0.9900660
1788248830038787840,OK,1,0,11.5194,0.331,0,775,0,-0.362135,0.275777,5.006066,-0.0039322,0.1443256,-0.0091651,0.9894800
1788248830072132864,OK,1,0,10.7254,0.344083,0,742,0,-0.357034,0.276061,5.010685,-0.0038240,0.1483336,-0.0093615,0.9888857
1788248830105478144,OK,1,0,10.0503,0.309167,0,556,0,-0.350019,0.275983,5.013448,-0.0038164,0.1523465,-0.0097582,0.9882716
1788248830138823168,OK,1,0,9.56442,0.326542,0,495,0,-0.344476,0.276839,5.019094,-0.0035712,0.1563740,-0.0098691,0.9876422
1788248830172168448,OK,1,0,9.72508,0.367458,0,477,0,-0.338103,0.276270,5.021070,-0.0032941,0.1605272,-0.0100565,0.9869747
1788248830205513728,OK,1,0,8.82729,0.339291,0,409,0,-0.333697,0.275467,5.023444,-0.0034729,0.1652836,-0.0105301,0.9861838
1788248830238859008,OK,1,0,10.0525,0.335875,0,372,0,-0.328358,0.276693,5.029274,-0.0035799,0.1700594,-0.0108382,0.9853677
1788248830272204288,OK,1,0,8.45846,0.337875,0,320,0,-0.321846,0.277219,5.031559,-0.0040056,0.1747549,-0.0109053,0.9845434
1788248830305549824,OK,1,0,8.38125,0.353208,0,320,0,-0.312616,0.276686,5.034100,-0.0043578,0.1787512,-0.0109992,0.9838232
1788248830338895360,OK,1,0,8.78808,0.407709,0,293,0,-0.306381,0.277198,5.039251,-0.0046050,0.1827173,-0.0113000,0.9830898
1788248830372239872,OK,1,0,8.15267,0.343625,0,271,0,-0.301715,0.277638,5.044647,-0.0044243,0.1868474,-0.0113544,0.9823134
1788248830405585152,OK,1,0,8.55854,0.339833,0,250,0,-0.295836,0.276215,5.046218,-0.0043181,0.1911304,-0.0115563,0.9814872
1788248830438930688,OK,1,0,8.5805,0.332875,0,233,0,-0.289923,0.275753,5.047649,-0.0042868,0.1955491,-0.0120088,0.9806110
1788248830472276480,OK,1,0,7.88283,0.324959,0,672,0,-0.282672,0.276103,5.051202,-0.0042971,0.2000223,-0.0123675,0.9797039
1788248830505622016,OK,1,0,10.0497,0.357584,0,433,0,-0.276647,0.277119,5.056497,-0.0040338,0.2040197,-0.0126001,0.9788774
1788248830538967808,OK,1,0,8.69421,0.325084,0,382,0,-0.273252,0.276708,5.058479,-0.0038023,0.2079927,-0.0128185,0.9780390
1788248830572313600,OK,1,0,19.9647,0.340042,0,337,0,-0.265883,0.277284,5.060986,-0.0038617,0.2118596,-0.0131172,0.9772044
1788248830605659136,OK,1,0,7.03879,0.34125,0,315,0,-0.261155,0.277424,5.064888,-0.0045776,0.2168915,-0.0127262,0.9761021
1788248830639005184,OK,1,0,6.89146,0.325625,0,299,0,-0.251846,0.279772,5.069082,-0.0044003,0.2215589,-0.0127137,0.9750542
1788248830672350976,OK,1,0,6.32542,0.333083,0,245,0,-0.246483,0.278971,5.070463,-0.0040473,0.2258981,-0.0132912,0.9740518
1788248830705697024,OK,1,0,7.04,0.353833,0,225,0,-0.241147,0.280212,5.070166,-0.0034912,0.2302308,-0.0141485,0.9730269
1788248830739043072,OK,1,0,6.92279,0.384625,0,195,0,-0.234910,0.280551,5.070548,-0.0032720,0.2346845,-0.0149722,0.9719508
1788248830772388864,OK,1,0,5.91704,0.346833,0,189,0,-0.229191,0.281309,5.073913,-0.0032302,0.2401536,-0.0153420,0.9706083
1788248830805731072,OK,1,0,5.91246,0.324167,0,205,0,-0.222441,0.281138,5.076411,-0.0035940,0.2457270,-0.0154443,0.9692094
1788248830839069696,OK,1,0,5.86233,0.32625,0,177,0,-0.220111,0.280797,5.073571,-0.0039063,0.2509566,-0.0153416,0.9678689
1788248830872408320,OK,1,0,6.15013,0.340542,0,181,0,-0.206642,0.284698,5.078916,-0.0037649,0.2556604,-0.0153505,0.9666375
1788248830905746688,OK,1,0,6.28763,0.365333,0,195,0,-0.200698,0.283428,5.079985,-0.0032506,0.2605715,-0.0155504,0.9653238
1788248830939085312,OK,1,0,6.55254,0.382208,0,182,0,-0.194607,0.284156,5.080912,-0.0029420,0.2655854,-0.0160824,0.9639487
1788248830972423680,OK,1,0,6.12108,0.356875,0,161,0,-0.190625,0.285924,5.082774,-0.0026617,0.2706473,-0.0168781,0.9625269
1788248831005762304,OK,1,0,5.49542,0.341292,0,170,0,-0.185097,0.285305,5.081087,-0.0023836,0.2760698,-0.0172743,0.9609794
1788248831039100672,OK,1,0,7.26912,0.331792,0,160,0,-0.177686,0.286634,5.082149,-0.0025497,0.2818148,-0.0173537,0.9593085
1788248831072439040,OK,1,0,5.93146,0.354542,0,173,0,-0.170011,0.286503,5.081498,-0.0030189,0.2872767,-0.0176096,0.9576810
1788248831105777408,OK,1,0,6.275,0.362125,0,171,0,-0.160912,0.287549,5.082329,-0.0032493,0.2923883,-0.0177486,0.9561295
1788248831139115776,OK,1,0,5.892,0.380333,0,178,0,-0.157467,0.287142,5.080608,-0.0029751,0.2973472,-0.0181245,0.9545927
1788248831172454144,OK,1,0,5.98112,0.314292,0,171,0,-0.149817,0.288905,5.084841,-0.0026087,0.3027714,-0.0186780,0.9528766
1788248831205792512,OK,1,0,6.26425,0.334375,0,178,0,-0.145865,0.288497,5.082914,-0.0023939,0.3082563,-0.0193414,0.9511037
1788248831239129856,OK,1,0,6.15383,0.3975,0,175,0,-0.138461,0.287200,5.080729,-0.0021738,0.3137438,-0.0196727,0.9493014
1788248831272467968,OK,1,0,6.06904,0.3565,0,177,0,-0.132862,0.298798,5.081434,0.0005206,0.3200779,-0.0195269,0.9471898
1788248831305806336,OK,1,0,5.96517,0.312959,0,563,0,-0.121433,0.300811,5.082987,-0.0000365,0.3259782,-0.0194938,0.9451762
1788248831339144448,OK,1,0,6.78508,0.339833,0,360,0,-0.115864,0.301111,5.081376,-0.0001158,0.3318868,-0.0193148,0.9431215
1788248831372482560,OK,1,0,6.449,0.330375,0,322,0,-0.106705,0.302023,5.082914,-0.0000386,0.3376428,-0.0196685,0.9410688
1788248831405820928,OK,1,0,7.06421,0.344917,0,306,0,-0.099557,0.302386,5.080430,0.0000676,0.3434054,-0.0201776,0.9389706
1788248831439159040,OK,1,0,7.08758,0.338833,0,298,0,-0.093137,0.302231,5.080821,0.0001349,0.3491744,-0.0207949,0.9368270
1788248831472497152,OK,1,0,6.68254,0.364875,0,286,0,-0.088495,0.301062,5.079052,0.0000795,0.3552494,-0.0211047,0.9345333
1788248831505835264,OK,1,0,7.14821,0.351042,0,290,0,-0.080229,0.301456,5.079198,-0.0002518,0.3617527,-0.0212412,0.9320320
1788248831539173376,OK,1,0,7.0385,0.335875,0,287,0,-0.071876,0.302303,5.079494,-0.0007785,0.3676235,-0.0213263,0.9297299
1788248831572511232,OK,1,0,6.85729,0.373708,0,287,0,-0.061196,0.304128,5.080690,-0.0008412,0.3732948,-0.0213346,0.9274671
1788248831605849344,OK,1,0,7.077,0.367625,0,276,0,-0.059540,0.302623,5.076718,-0.0008484,0.3788205,-0.0214599,0.9252209
1788248831639187200,OK,1,0,6.80021,0.351417,0,282,0,-0.051651,0.303531,5.078671,-0.0007778,0.3842684,-0.0220808,0.9229571
1788248831672525056,OK,1,0,6.73096,0.349042,0,275,0,-0.045991,0.303507,5.077518,-0.0005937,0.3895696,-0.0227726,0.9207153
1788248831705862144,OK,1,0,6.37383,0.350208,0,270,0,-0.041123,0.303505,5.075788,-0.0001746,0.3947884,-0.0233913,0.9184743
1788248831739200000,OK,1,0,7.39175,0.336625,0,294,0,-0.042853,0.292725,5.082842,-0.0026104,0.4026701,-0.0252370,0.9149935
1788248831772537856,OK,1,0,6.08237,0.307708,0,282,0,-0.039667,0.292676,5.079451,-0.0026932,0.4080195,-0.0255150,0.9126126
1788248831805876992,OK,1,0,6.21967,0.312875,0,289,0,-0.028636,0.294916,5.081471,-0.0023913,0.4133883,-0.0257320,0.9101880
1788248831839217920,OK,1,0,5.91083,0.291667,0,268,0,-0.022543,0.294773,5.080362,-0.0021739,0.4188529,-0.0260360,0.9076782
1788248831872558848,OK,1,0,6.05458,0.434834,0,286,0,-0.019371,0.295816,5.077037,-0.0020557,0.4243826,-0.0268345,0.9050829
1788248831905899776,OK,1,0,6.12179,0.411083,0,276,0,-0.013240,0.295936,5.076765,-0.0020469,0.4299976,-0.0272417,0.9024166
1788248831939240448,OK,1,0,5.79379,0.363875,0,264,0,-0.005827,0.296430,5.077508,-0.0019778,0.4359271,-0.0273442,0.8995643
1788248831972581376,OK,1,0,6.18942,0.345833,0,272,0,0.001450,0.297624,5.077590,-0.0020696,0.4417527,-0.0274379,0.8967148
1788248832005921792,OK,1,0,6.25417,0.341083,0,281,0,0.011249,0.299638,5.076556,-0.0021931,0.4473421,-0.0276044,0.8939342
1788248832039262720,OK,1,0,6.20379,0.348625,0,268,0,0.015015,0.299488,5.073483,-0.0020295,0.4527348,-0.0276752,0.8912134
1788248832072603392,OK,1,0,6.20475,0.324209,0,274,0,0.019028,0.297946,5.072137,-0.0021914,0.4580866,-0.0282322,0.8884564
1788248832105944320,OK,1,0,6.07617,0.347,0,256,0,0.026950,0.299240,5.070226,-0.0024047,0.4635381,-0.0286221,0.8856114
1788248832139283968,OK,1,0,6.85088,0.424083,0,241,0,0.036595,0.300635,5.069810,-0.0024200,0.4685690,-0.0292029,0.8829408
1788248832205965312,OK,1,0,5.99067,0.309,0,225,0,0.048636,0.300187,5.067285,-0.0025907,0.4796456,-0.0297765,0.8769531
1788248832239306240,OK,1,0,6.39487,0.360084,0,580,0,0.056846,0.301038,5.065066,-0.0025485,0.4849371,-0.0298850,0.8740346
1788248832272646656,OK,1,0,6.481,0.349,0,326,0,0.061097,0.301075,5.060946,-0.0023164,0.4901727,-0.0300888,0.8711028
1788248832305987584,OK,1,0,6.72579,0.403875,0,334,0,0.067332,0.300721,5.060121,-0.0022113,0.4957568,-0.0305116,0.8679225
1788248832339328000,OK,1,0,6.399,0.342541,0,328,0,0.072759,0.300707,5.056845,-0.0022535,0.5007575,-0.0311891,0.8650227
1788248832372668672,OK,1,0,6.17729,0.3325,0,334,0,0.081441,0.301757,5.054035,-0.0019405,0.5059428,-0.0319084,0.8619745
1788248832406009600,OK,1,0,6.24392,0.3435,0,320,0,0.082678,0.300559,5.050026,-0.0017887,0.5111158,-0.0324592,0.8588969
1788248832439350016,OK,1,0,5.98467,0.345667,0,306,0,0.094130,0.302939,5.050743,-0.0015689,0.5166636,-0.0326589,0.8555640
1788248832472690688,OK,1,0,6.54804,0.377583,0,295,0,0.097810,0.302463,5.043352,-0.0014464,0.5215971,-0.0327441,0.8525621
1788248832506031360,OK,1,0,6.77867,0.349709,0,286,0,0.107960,0.303745,5.040740,-0.0008949,0.5266250,-0.0328738,0.8494614
1788248832539371776,OK,1,0,6.65521,0.379209,0,283,0,0.114228,0.304840,5.039948,-0.0007657,0.5320474,-0.0332004,0.8460631
1788248832572711424,OK,1,0,6.35383,0.341833,0,278,0,0.116456,0.304131,5.035213,-0.0006533,0.5372161,-0.0337313,0.8427697
1788248832606052096,OK,1,0,6.52021,0.335958,0,275,0,0.118882,0.302675,5.029387,-0.0004642,0.5421840,-0.0343442,0.8395575
1788248832639392512,OK,1,0,6.24667,0.353792,0,267,0,0.123996,0.301095,5.024677,-0.0003117,0.5472986,-0.0347535,0.8362156
1788248832672733184,OK,1,0,7.41829,0.346333,0,290,0,0.138598,0.295943,5.010880,-0.0007449,0.5511041,-0.0332330,0.8337741
1788248832706073600,OK,1,0,6.06937,0.371792,0,282,0,0.141552,0.294599,5.005473,-0.0005727,0.5561671,-0.0330017,0.8304148
1788248832739414016,OK,1,0,6.69771,0.344,0,857,0,0.151473,0.295221,5.001864,-0.0004482,0.5611407,-0.0329788,0.8270631
1788248832772754688,OK,1,0,8.37092,0.336458,0,446,0,0.158653,0.295708,4.995799,-0.0006017,0.5657946,-0.0332232,0.8238764
1788248832806095360,OK,1,0,7.40062,0.400041,0,415,0,0.161875,0.295164,4.993103,-0.0007892,0.5707439,-0.0336107,0.8204396
1788248832839436544,OK,1,0,7.19704,0.373541,0,448,0,0.169139,0.295491,4.990762,-0.0009101,0.5759348,-0.0342028,0.8167793
1788248832872777728,OK,1,0,7.274,0.352125,0,445,0,0.174860,0.296530,4.987434,-0.0010244,0.5808247,-0.0347087,0.8132877
1788248832906118912,OK,1,0,6.92758,0.347417,0,420,0,0.182923,0.296906,4.982802,-0.0010717,0.5855716,-0.0347770,0.8098736
1788248832939460096,OK,1,0,6.93663,0.367667,0,400,0,0.188457,0.297151,4.981274,-0.0005656,0.5906956,-0.0345166,0.8061557
1788248832972801280,OK,1,0,7.5515,0.421875,0,408,0,0.192869,0.296937,4.976126,-0.0005080,0.5953344,-0.0348531,0.8027217
1788248833006141440,OK,1,0,6.74821,0.375042,0,393,0,0.198344,0.298050,4.972369,-0.0005853,0.6001306,-0.0354195,0.7991173
1788248833039482368,OK,1,0,6.91025,0.346,0,392,0,0.206379,0.299116,4.971231,-0.0006895,0.6051193,-0.0361150,0.7953149
1788248833072823808,OK,1,0,6.65867,0.324334,0,382,0,0.208805,0.297391,4.965843,-0.0009570,0.6097441,-0.0368406,0.7917411
1788248833106164736,OK,1,0,6.315,0.342625,0,389,0,0.213408,0.298205,4.961906,-0.0009040,0.6143879,-0.0371024,0.7881308
1788248833139505920,OK,1,0,6.11529,0.33625,0,376,0,0.218083,0.297643,4.957557,-0.0010340,0.6189815,-0.0372674,0.7845202
1788248833172846848,OK,1,0,6.53558,0.334875,0,334,0,0.225584,0.298399,4.953735,-0.0006864,0.6234882,-0.0374024,0.7809373
1788248833206188032,OK,1,0,6.41158,0.359417,0,352,0,0.212101,0.290248,4.939418,-0.0011780,0.6292452,-0.0371686,0.7763167
1788248833239528960,OK,1,0,6.10196,0.333083,0,329,0,0.218766,0.290451,4.938370,-0.0010998,0.6343608,-0.0376898,0.7721170
1788248833272870144,OK,1,0,6.42237,0.365792,0,353,0,0.221489,0.290281,4.934762,-0.0011633,0.6391079,-0.0381634,0.7681687
1788248833306211072,OK,1,0,6.38946,0.349166,0,312,0,0.229005,0.290526,4.930758,-0.0013243,0.6438115,-0.0388218,0.7641976
1788248833339552256,OK,1,0,6.18296,0.354208,0,316,0,0.235046,0.290151,4.925486,-0.0015039,0.6482923,-0.0389077,0.7603952
1788248833372893184,OK,1,0,7.24783,0.347667,0,726,0,0.240069,0.289437,4.921395,-0.0016866,0.6528352,-0.0387878,0.7565044
1788248833406234112,OK,1,0,7.17879,0.324917,0,444,0,0.243490,0.289164,4.916329,-0.0015356,0.6572228,-0.0387642,0.7526973
1788248833439575296,OK,1,0,7.911,0.352375,0,442,0,0.247966,0.288858,4.912445,-0.0014333,0.6618961,-0.0390713,0.7485753
1788248833472914944,OK,1,0,7.19279,0.341917,0,415,0,0.252894,0.289796,4.908861,-0.0016249,0.6665037,-0.0398299,0.7444352
1788248833506256128,OK,1,0,6.81446,0.385459,0,416,0,0.256980,0.289615,4.905253,-0.0019924,0.6711420,-0.0404453,0.7402220
1788248833539597056,OK,1,0,6.51821,0.364292,0,400,0,0.261068,0.289480,4.900904,-0.0021122,0.6756544,-0.0406771,0.7360924
1788248833572937984,OK,1,0,6.65838,0.363958,0,387,0,0.266356,0.289627,4.896066,-0.0021541,0.6799695,-0.0408611,0.7320977
1788248833606279168,OK,1,0,6.88596,0.353167,0,391,0,0.271124,0.289414,4.890594,-0.0023304,0.6843904,-0.0408179,0.7279686
1788248833639619840,OK,1,0,7.03617,0.356583,0,369,0,0.276861,0.288221,4.882888,-0.0021020,0.6883168,-0.0407207,0.7242633
1788248833672960768,OK,1,0,6.49604,0.349667,0,343,0,0.282573,0.288339,4.877410,-0.0019925,0.6925685,-0.0410447,0.7201808
1788248833706301696,OK,1,0,6.32979,0.377333,0,344,0,0.285703,0.288220,4.870949,-0.0018598,0.6968043,-0.0413391,0.7160667
1788248833739642624,OK,1,0,6.09396,0.39725,0,318,0,0.291950,0.288847,4.865740,-0.0018996,0.7010354,-0.0418832,0.7118929
1788248833772983296,OK,1,0,6.43692,0.371167,0,314,0,0.294228,0.289138,4.861870,-0.0014009,0.7055154,-0.0421881,0.7074363
1788248833806326016,OK,1,0,6.22317,0.345,0,292,0,0.300255,0.278741,4.850704,-0.0030278,0.7093765,-0.0410410,0.7036273
1788248833839670528,OK,1,0,6.71579,0.327375,0,717,0,0.303255,0.279213,4.845407,-0.0029730,0.7136718,-0.0412890,0.6992560
1788248833873014784,OK,1,0,8.91137,0.485541,0,391,0,0.304666,0.278264,4.839444,-0.0028215,0.7177745,-0.0412420,0.6950474
1788248833906358272,OK,1,0,6.39762,0.385625,0,372,0,0.310363,0.278450,4.833240,-0.0025003,0.7220240,-0.0413910,0.6906243
1788248833939702784,OK,1,0,6.19592,0.337167,0,368,0,0.313445,0.278028,4.826985,-0.0025370,0.7259543,-0.0416499,0.6864759
1788248833973047296,OK,1,0,6.38958,0.317041,0,359,0,0.316223,0.278797,4.822753,-0.0023745,0.7301126,-0.0419504,0.6820338
1788248834006391808,OK,1,0,5.81883,0.353917,0,338,0,0.321842,0.279332,4.817685,-0.0023797,0.7343839,-0.0424485,0.6774014
1788248834039736320,OK,1,0,5.76379,0.346084,0,335,0,0.326630,0.279638,4.812839,-0.0025602,0.7385604,-0.0425548,0.6728381
1788248834073080832,OK,1,0,5.99496,0.367,0,322,0,0.330764,0.279241,4.807587,-0.0028420,0.7426378,-0.0425699,0.6683329
1788248834106425600,OK,1,0,5.84896,0.43975,0,307,0,0.336511,0.280267,4.800714,-0.0024539,0.7465045,-0.0426161,0.6640096
1788248834139770112,OK,1,0,6.15792,0.364084,0,301,0,0.339272,0.280151,4.796106,-0.0020446,0.7504478,-0.0430993,0.6595199
1788248834173114624,OK,1,0,5.57358,0.35975,0,286,0,0.342975,0.279918,4.790689,-0.0022040,0.7542533,-0.0436710,0.6551260
1788248834206459136,OK,1,0,5.66421,0.330875,0,288,0,0.345560,0.279733,4.784451,-0.0020002,0.7581160,-0.0441270,0.6506220
1788248834239803648,OK,1,0,11.7682,0.429625,0,285,0,0.341293,0.276093,4.776425,-0.0022980,0.7615486,-0.0442806,0.6465892
1788248834273148416,OK,1,0,5.32942,0.347834,0,289,0,0.345364,0.276143,4.769892,-0.0026308,0.7653628,-0.0442818,0.6420686
1788248834306492928,OK,1,0,5.60133,0.36625,0,846,0,0.346997,0.276070,4.761167,-0.0028974,0.7688989,-0.0439587,0.6378508
1788248834339837696,OK,1,0,7.65629,0.34975,0,516,0,0.350245,0.275843,4.754018,-0.0027164,0.7726583,-0.0438008,0.6333035
1788248834373181184,OK,1,0,6.50063,0.330166,0,456,0,0.352896,0.275413,4.748623,-0.0025284,0.7764220,-0.0438223,0.6286829
1788248834406525952,OK,1,0,6.51354,0.330041,0,425,0,0.355838,0.275290,4.743663,-0.0026627,0.7801878,-0.0442737,0.6239709
1788248834439870720,OK,1,0,6.70371,0.338375,0,422,0,0.358412,0.275459,4.738802,-0.0024736,0.7840132,-0.0447288,0.6191257
1788248834473215232,OK,1,0,6.81333,0.357792,0,386,0,0.361657,0.275899,4.732893,-0.0023086,0.7878672,-0.0449242,0.6142002
1788248834506559744,OK,1,0,6.46708,0.371167,0,367,0,0.365068,0.275540,4.725073,-0.0026295,0.7913936,-0.0448403,0.6096545
1788248834539904512,OK,1,0,6.09462,0.344084,0,349,0,0.371016,0.276054,4.716048,-0.0025405,0.7950215,-0.0447558,0.6049226
1788248834573249280,OK,1,0,6.46263,0.361417,0,368,0,0.372641,0.275796,4.709958,-0.0023318,0.7987607,-0.0445569,0.5999922
1788248834606594048,OK,1,0,6.29825,0.349667,0,371,0,0.371033,0.272527,4.708881,-0.0031862,0.8037864,-0.0446412,0.5932322
1788248834639938816,OK,1,0,6.28846,0.321542,0,374,0,0.373897,0.271686,4.703382,-0.0034601,0.8074464,-0.0447222,0.5882332
1788248834673283328,OK,1,0,6.39317,0.297375,0,363,0,0.378364,0.272216,4.695665,-0.0032995,0.8110144,-0.0450662,0.5832785
1788248834706628096,OK,1,0,6.21633,0.385875,0,333,0,0.381394,0.272174,4.689484,-0.0034513,0.8145057,-0.0455061,0.5783578
1788248834739972864,OK,1,0,6.0655,0.306,0,319,0,0.384563,0.272459,4.683189,-0.0036133,0.8181307,-0.0457966,0.5731944
1788248834773317632,OK,1,0,5.52633,0.3655,0,320,0,0.385942,0.272192,4.677005,-0.0036722,0.8214985,-0.0458460,0.5683529
1788248834806661120,OK,1,0,5.22867,0.300958,0,313,0,0.389515,0.272558,4.669829,-0.0033669,0.8248668,-0.0461032,0.5634339
1788248834840005632,OK,1,0,5.89033,0.379667,0,1216,0,0.390938,0.271841,4.664381,-0.0036938,0.8282492,-0.0465967,0.5584069
1788248834873350144,OK,1,0,7.47983,0.323458,0,653,0,0.392243,0.270932,4.658676,-0.0035177,0.8315607,-0.0470046,0.5534303
1788248834906694912,OK,1,0,7.64438,0.349292,0,615,0,0.393212,0.270218,4.653543,-0.0034725,0.8349048,-0.0475559,0.5483249
1788248834940039424,OK,1,0,7.36779,0.328,0,620,0,0.386789,0.268799,4.645557,-0.0032125,0.8382547,-0.0474668,0.5431994
1788248834973383936,OK,1,0,7.99871,0.298042,0,589,0,0.387859,0.267896,4.639878,-0.0031748,0.8414708,-0.0475703,0.5381952
1788248835006728448,OK,1,0,6.79083,0.314,0,583,0,0.388865,0.267391,4.633211,-0.0030120,0.8445635,-0.0476422,0.5333231
1788248835040073216,OK,1,0,6.56446,0.363958,0,492,0,0.389033,0.267561,4.627987,-0.0029642,0.8479862,-0.0483171,0.5278030
1788248835073418240,OK,1,0,6.93154,0.311375,0,487,0,0.389651,0.267760,4.621469,-0.0029969,0.8510089,-0.0490187,0.5228500
1788248835106763008,OK,1,0,6.28812,0.376542,0,451,0,0.390032,0.266904,4.615480,-0.0030458,0.8540723,-0.0492926,0.5178044
1788248835140107776,OK,1,0,6.176,0.293584,0,452,0,0.390506,0.266381,4.608782,-0.0030305,0.8572263,-0.0494863,0.5125475
1788248835173452544,OK,1,0,6.50063,0.319083,0,420,0,0.391407,0.266157,4.601728,-0.0031312,0.8604743,-0.0497225,0.5070522
1788248835206797568,OK,1,0,7.35429,0.350334,0,405,0,0.391419,0.266975,4.595734,-0.0031689,0.8635673,-0.0498833,0.5017501
1788248835240141568,OK,1,0,7.11512,0.351791,0,391,0,0.392181,0.266328,4.588277,-0.0029632,0.8666618,-0.0493776,0.4964378
1788248835273486592,OK,1,0,6.39171,0.318,0,386,0,0.392889,0.266135,4.580735,-0.0028417,0.8695396,-0.0494813,0.4913699
1788248835306831872,OK,1,0,6.0675,0.311792,0,366,0,0.394104,0.266170,4.574886,-0.0033200,0.8724999,-0.0496279,0.4860761
1788248835340176640,OK,1,0,5.76146,0.396292,0,370,0,0.394686,0.266057,4.569332,-0.0035350,0.8753213,-0.0500377,0.4809327
1788248835373521920,OK,1,0,6.85888,0.3735,0,346,0,0.394578,0.265527,4.563638,-0.0035413,0.8780271,-0.0505011,0.4759260
1788248835406867200,OK,1,0,7.21271,0.38025,0,336,0,0.395338,0.265345,4.556591,-0.0035841,0.8807276,-0.0508775,0.4708688
1788248835440212480,OK,1,0,6.38658,0.360334,0,313,0,0.396234,0.265482,4.550149,-0.0039438,0.8834544,-0.0511937,0.4656952
1788248835473557504,OK,1,0,7.95354,0.362083,0,1525,0,0.395983,0.264532,4.541979,-0.0038901,0.8859450,-0.0508677,0.4609759
1788248835506903040,OK,1,0,11.5636,0.342666,0,967,0,0.396959,0.264189,4.533922,-0.0037623,0.8887374,-0.0506296,0.4555967
1788248835540248320,OK,1,0,10.8624,0.323792,0,905,0,0.396945,0.263605,4.527978,-0.0039018,0.8914106,-0.0508119,0.4503223
1788248835573593856,OK,1,0,10.7987,0.335834,0,876,0,0.397079,0.262642,4.522008,-0.0040886,0.8938884,-0.0511031,0.4453484
1788248835606939136,OK,1,0,11.1808,0.335792,0,853,0,0.396413,0.262321,4.516419,-0.0040206,0.8964387,-0.0515997,0.4401351
1788248835640284672,OK,1,0,11.0792,0.386667,0,813,0,0.396671,0.261722,4.510422,-0.0042323,0.8990527,-0.0519706,0.4347244
1788248835673630464,OK,1,0,11.3586,0.346,0,801,0,0.394628,0.261918,4.504612,-0.0041023,0.9014217,-0.0521797,0.4297667
1788248835706974976,OK,1,0,10.3086,0.368208,0,748,0,0.394831,0.261593,4.496409,-0.0036678,0.9039411,-0.0520241,0.4244651
1788248835740320512,OK,1,0,10.3079,0.343625,0,765,0,0.394331,0.253997,4.494065,-0.0039404,0.9070777,-0.0509159,0.4178541
1788248835773666304,OK,1,0,10.7769,0.315584,0,753,0,0.394699,0.253575,4.485506,-0.0040863,0.9094284,-0.0508967,0.4127139
1788248835807012608,OK,1,0,10.4495,0.321166,0,690,0,0.394237,0.252997,4.479434,-0.0040508,0.9118297,-0.0511065,0.4073554
1788248835840359936,OK,1,0,10.1081,0.319042,0,671,0,0.392710,0.253062,4.473886,-0.0038348,0.9141909,-0.0515935,0.4019681
1788248835873707264,OK,1,0,10.2422,0.373125,0,672,0,0.391750,0.252120,4.467224,-0.0040988,0.9164961,-0.0517468,0.3966615
1788248835907054592,OK,1,0,10.5977,0.303958,0,665,0,0.390495,0.251892,4.459989,-0.0041684,0.9187356,-0.0517517,0.3914452
1788248835940402176,OK,1,0,10.3089,0.296583,0,627,0,0.386630,0.252192,4.453464,-0.0036589,0.9208263,-0.0519020,0.3864864
1788248835973749504,OK,1,0,10.1775,0.289875,0,611,0,0.385108,0.251679,4.446748,-0.0035159,0.9231371,-0.0520119,0.3809204
1788248836007096832,OK,1,0,10.2403,0.393292,0,585,0,0.385540,0.250479,4.440517,-0.0038235,0.9253142,-0.0520055,0.3755986
1788248836040444672,OK,1,0,10.3676,0.3095,0,585,0,0.386278,0.249542,4.433957,-0.0040437,0.9271917,-0.0519390,0.3709468
1788248836073792000,OK,1,0,11.118,0.298541,0,565,0,0.385432,0.250376,4.429964,-0.0040589,0.9287351,-0.0524790,0.3669886
1788248836107139584,OK,1,0,11.412,0.331709,0,560,0,0.385270,0.249966,4.424789,-0.0041139,0.9298823,-0.0528423,0.3640186
1788248836140486144,OK,1,0,11.2946,0.346,0,555,0,0.384853,0.249800,4.420105,-0.0040988,0.9309599,-0.0531135,0.3612146
1788248836173833728,OK,1,0,10.5824,0.326708,0,529,0,0.386820,0.248799,4.410850,-0.0041790,0.9323348,-0.0522075,0.3577831
1788248836207181312,OK,1,0,10.7339,0.344292,0,509,0,0.387370,0.249188,4.402620,-0.0036516,0.9340633,-0.0514200,0.3533673
1788248836240529152,OK,1,0,10.7294,0.351166,0,495,0,0.385944,0.248786,4.395429,-0.0033871,0.9354793,-0.0511622,0.3496420
1788248836273876736,OK,1,0,11.2104,0.341416,0,490,0,0.384727,0.248985,4.391699,-0.0036227,0.9367104,-0.0518267,0.3462291
1788248836307224320,OK,1,0,11.6565,0.356584,0,478,0,0.383903,0.248989,4.388650,-0.0038444,0.9379614,-0.0527684,0.3426793
1788248836340572160,OK,1,0,11.567,0.352167,0,496,0,0.383638,0.248158,4.384270,-0.0043064,0.9393741,-0.0532517,0.3387064
1788248836373920000,OK,1,0,11.704,0.369291,0,460,0,0.384289,0.247936,4.379063,-0.0045671,0.9410763,-0.0530169,0.3339818
1788248836407267840,OK,1,0,11.633,0.360833,0,469,0,0.383755,0.248060,4.372890,-0.0043761,0.9425197,-0.0527375,0.3299336
1788248836440615680,OK,1,0,12.0146,0.351417,0,477,0,0.384543,0.247873,4.365890,-0.0041167,0.9440686,-0.0522398,0.3255588
1788248836473963264,OK,1,0,12.5103,0.3075,0,457,0,0.382770,0.247500,4.359626,-0.0035831,0.9453441,-0.0520638,0.3218714
1788248836507311360,OK,1,0,12.1135,0.3115,0,446,0,0.381260,0.247567,4.355140,-0.0032864,0.9467068,-0.0523952,0.3177896
1788248836540659456,OK,1,0,12.8395,0.318375,0,434,0,0.379773,0.247757,4.350856,-0.0032909,0.9480640,-0.0529057,0.3136320
1788248836574006272,OK,1,0,11.3865,0.335541,0,432,0,0.379587,0.246954,4.346310,-0.0034173,0.9494369,-0.0532523,0.3093899
1788248836607354368,OK,1,0,12.0082,0.328291,0,433,0,0.379781,0.246081,4.340558,-0.0038455,0.9508606,-0.0532024,0.3049900
1788248836640702208,OK,1,0,11.4503,0.352792,0,418,0,0.376008,0.246460,4.336156,-0.0039346,0.9520932,-0.0532868,0.3011038
1788248836674050304,OK,1,0,11.0405,0.31775,0,422,0,0.376565,0.245198,4.328846,-0.0037247,0.9534279,-0.0530049,0.2969039
1788248836707398144,OK,1,0,11.1402,0.322,0,423,0,0.374637,0.245358,4.322829,-0.0036008,0.9546766,-0.0528476,0.2928937
1788248836740746240,OK,1,0,11.1115,0.325292,0,425,0,0.373945,0.244750,4.317267,-0.0034909,0.9559296,-0.0528055,0.2887870
1788248836774094592,OK,1,0,11.0698,0.313083,0,426,0,0.374031,0.244239,4.311852,-0.0034866,0.9571980,-0.0528468,0.2845472
1788248836807437824,OK,1,0,11.4159,0.319417,0,402,0,0.372971,0.243494,4.307620,-0.0035392,0.9583926,-0.0528999,0.2804868
1788248836840774400,OK,1,0,11.6117,0.284542,0,414,0,0.371391,0.243089,4.304536,-0.0041368,0.9595945,-0.0530085,0.2763174
1788248836874110720,OK,1,0,11.5981,0.3115,0,416,0,0.370093,0.243410,4.300896,-0.0041392,0.9607868,-0.0532663,0.2720927
1788248836907447296,OK,1,0,11.7857,0.30575,0,413,0,0.367327,0.243810,4.297548,-0.0041133,0.9619426,-0.0533648,0.2679584
1788248836940783616,OK,1,0,11.6135,0.396833,0,389,0,0.363983,0.244412,4.295152,-0.0040772,0.9630404,-0.0535640,0.2639462
1788248836974120192,OK,1,0,11.7102,0.305167,0,399,0,0.362711,0.244285,4.291011,-0.0039509,0.9641022,-0.0536667,0.2600216
1788248837007456512,OK,1,0,11.5826,0.320792,0,379,0,0.360466,0.244253,4.287783,-0.0039976,0.9651740,-0.0537794,0.2559901
1788248837040791808,OK,1,0,11.7689,0.321916,0,367,0,0.358058,0.243370,4.284540,-0.0041510,0.9662432,-0.0536520,0.2519491
1788248837074127872,OK,1,0,11.6015,0.320542,0,376,0,0.355241,0.243202,4.281186,-0.0038242,0.9672917,-0.0534968,0.2479321
1788248837107464192,OK,1,0,12.5805,0.280625,0,362,0,0.352331,0.243428,4.279935,-0.0036932,0.9682840,-0.0536871,0.2439882
1788248837140800256,OK,1,0,12.1441,0.313459,0,1324,0,0.349386,0.243067,4.276286,-0.0032469,0.9694353,-0.0539004,0.2393312
1788248837174136576,OK,1,0,16.3853,0.341375,0,1068,0,0.345418,0.243136,4.272671,-0.0032215,0.9706734,-0.0540292,0.2342298
1788248837207472384,OK,1,0,16.4464,0.331917,0,1013,0,0.342093,0.242488,4.268806,-0.0031364,0.9719450,-0.0539968,0.2289047
1788248837240808704,OK,1,0,16.1069,0.326458,0,968,0,0.337482,0.242706,4.265940,-0.0031081,0.9731542,-0.0541429,0.2236735
1788248837274144512,OK,1,0,15.6021,0.352375,0,950,0,0.334200,0.242465,4.261831,-0.0034933,0.9744211,-0.0540681,0.2181009
1788248837307480576,OK,1,0,15.713,0.322875,0,941,0,0.329920,0.242331,4.258293,-0.0035604,0.9756083,-0.0540046,0.2127424
1788248837340816384,OK,1,0,15.6821,0.344208,0,894,0,0.325681,0.242371,4.254521,-0.0033888,0.9767995,-0.0540369,0.2071983
1788248837374152192,OK,1,0,17.6865,0.301166,0,880,0,0.321293,0.242741,4.250995,-0.0037316,0.9778872,-0.0540069,0.2020047
1788248837407488000,OK,1,0,15.5609,0.35825,0,844,0,0.318634,0.243633,4.248158,-0.0034977,0.9790412,-0.0542121,0.1962831
1788248837440823808,OK,1,0,15.5495,0.363708,0,860,0,0.315683,0.243657,4.242517,-0.0033837,0.9801486,-0.0541889,0.1906853
1788248837474158336,OK,1,0,17.1746,0.333083,0,841,0,0.310797,0.243564,4.239648,-0.0031414,0.9811756,-0.0543927,0.1852728
1788248837507494144,OK,1,0,15.8903,0.321875,0,819,0,0.304774,0.243540,4.235779,-0.0032314,0.9821514,-0.0545015,0.1799936
1788248837540829696,OK,1,0,15.6559,0.340084,0,835,0,0.298322,0.242328,4.233927,-0.0032017,0.9831380,-0.0543933,0.1745591
1788248837574165248,OK,1,0,17.6948,0.3295,0,812,0,0.296611,0.243830,4.227935,-0.0032434,0.9842055,-0.0545401,0.1683879
1788248837607500800,OK,1,0,15.6568,0.3535,0,803,0,0.290625,0.242869,4.224190,-0.0032240,0.9851615,-0.0543975,0.1627489
1788248837640836096,OK,1,0,15.5465,0.329417,0,770,0,0.285619,0.242137,4.221972,-0.0031102,0.9861223,-0.0543728,0.1568335
1788248837674171648,OK,1,0,18.19,0.323792,0,773,0,0.281554,0.241722,4.221272,-0.0033502,0.9870599,-0.0544973,0.1507701
1788248837707507200,OK,1,0,16.793,0.296958,0,772,0,0.277439,0.242999,4.215744,-0.0033475,0.9878859,-0.0547527,0.1451634
1788248837740842496,OK,1,0,15.8995,0.343208,0,709,0,0.272367,0.241864,4.213988,-0.0031231,0.9887056,-0.0547312,0.1394851
1788248837774177792,OK,1,0,18.2074,0.320458,0,715,0,0.266188,0.240444,4.212102,-0.0028147,0.9894922,-0.0547895,0.1337737
1788248837807513344,OK,1,0,17.1314,0.36825,0,724,0,0.261699,0.240807,4.210462,-0.0024184,0.9902628,-0.0549611,0.1278791
1788248837840849920,OK,1,0,16.6977,0.3315,0,695,0,0.258793,0.241353,4.207873,-0.0026100,0.9909818,-0.0554366,0.1219636
1788248837874185984,OK,1,0,18.1116,0.347917,0,686,0,0.254025,0.241096,4.204776,-0.0030220,0.9916227,-0.0558288,0.1164407
1788248837907521280,OK,1,0,17.6026,0.343167,0,693,0,0.250385,0.240453,4.204102,-0.0030699,0.9923130,-0.0561726,0.1102277
1788248837940857088,OK,1,0,16.8304,0.371958,0,674,0,0.248648,0.240756,4.198783,-0.0029908,0.9929779,-0.0560555,0.1041336
1788248837974193408,OK,1,0,16.7907,0.322,0,647,0,0.242136,0.239388,4.199748,-0.0032022,0.9936140,-0.0559335,0.0979415
1788248838007529216,OK,1,0,16.8779,0.354458,0,649,0,0.240980,0.240865,4.191755,-0.0032104,0.9942036,-0.0555679,0.0919846
1788248838040865280,OK,1,0,16.2947,0.349166,0,633,0,0.232780,0.239147,4.190238,-0.0030472,0.9947168,-0.0550571,0.0865906
1788248838074201088,OK,1,0,18.9963,0.348667,0,613,0,0.228455,0.238389,4.190407,-0.0027807,0.9952264,-0.0548816,0.0806518
1788248838107537152,OK,1,0,18.1532,0.357833,0,598,0,0.225573,0.239741,4.183735,-0.0026967,0.9956531,-0.0551580,0.0750021
1788248838140872704,OK,1,0,17.2585,0.354625,0,1158,0,0.223840,0.239818,4.180912,-0.0031977,0.9960180,-0.0557105,0.0695294
1788248838174208768,OK,1,0,21.0884,0.327584,0,945,0,0.220011,0.238234,4.178230,-0.0035387,0.9963198,-0.0559930,0.0648009
1788248838207544320,OK,1,0,18.8881,0.35525,0,961,0,0.215836,0.237578,4.175228,-0.0036817,0.9965618,-0.0564701,0.0605162
1788248838240880128,OK,1,0,23.336,0.37825,0,919,0,0.218879,0.237388,4.166816,-0.0044836,0.9968381,-0.0565542,0.0556356
1788248838274215936,OK,1,0,19.1353,0.356375,0,909,0,0.213386,0.237139,4.159620,-0.0037797,0.9970912,-0.0556070,0.0519889
1788248838307551232,OK,1,0,18.3807,0.33525,0,886,0,0.209056,0.237732,4.152532,-0.0028277,0.9973150,-0.0548768,0.0484085
1788248838340887040,OK,1,0,19.776,0.357375,0,1018,0,0.206561,0.237272,4.144844,-0.0024705,0.9975165,-0.0544952,0.0445555
1788248838374221312,OK,1,0,18.5031,0.34775,0,993,0,0.204337,0.237140,4.140217,-0.0028930,0.9976453,-0.0546873,0.0412903
1788248838407556864,OK,1,0,18.0137,0.357,0,940,0,0.202143,0.236888,4.134319,-0.0032112,0.9977382,-0.0551245,0.0383340
1788248838440892416,OK,1,0,18.3143,0.355791,0,964,0,0.200547,0.237073,4.131430,-0.0033323,0.9978449,-0.0557068,0.0345144
1788248838474227456,OK,1,0,18.1668,0.33925,0,897,0,0.197530,0.237032,4.125361,-0.0033554,0.9979586,-0.0559621,0.0305888
1788248838507563008,OK,1,0,20.2332,0.354958,0,906,0,0.195006,0.237062,4.118899,-0.0034350,0.9980799,-0.0556661,0.0269454
1788248838540898304,OK,1,0,17.9126,0.362,0,859,0,0.191909,0.236137,4.111520,-0.0034843,0.9982052,-0.0549096,0.0236449
1788248838574233344,OK,1,0,18.0815,0.350041,0,862,0,0.188652,0.235334,4.103834,-0.0031143,0.9983231,-0.0541442,0.0202422
1788248838607568640,OK,1,0,17.9234,0.352083,0,822,0,0.184262,0.233158,4.099457,-0.0032707,0.9984014,-0.0538584,0.0168293
1788248838640903936,OK,1,0,18.5765,0.3405,0,801,0,0.182721,0.233063,4.093247,-0.0036893,0.9984435,-0.0539881,0.0134962
1788248838674238720,OK,1,0,18.8568,0.344292,0,816,0,0.180927,0.233492,4.089360,-0.0039795,0.9984468,-0.0546296,0.0101877
1788248838707574016,OK,1,0,17.4015,0.349792,0,774,0,0.178862,0.231595,4.085308,-0.0042569,0.9984480,-0.0550775,0.0070740
1788248838740909056,OK,1,0,18.217,0.354542,0,778,0,0.176650,0.232466,4.078765,-0.0041714,0.9984401,-0.0555719,0.0034180
1788248838774243840,OK,1,0,19.6996,0.348,0,793,0,0.173474,0.232393,4.072733,0.0041738,-0.9984512,0.0554781,0.0001753
1788248838807580928,OK,1,0,19.0113,0.61275,0,793,0,0.169836,0.231829,4.065550,0.0038336,-0.9984491,0.0554531,0.0031187
1788248838840923136,OK,1,0,19.8709,0.340625,0,754,0,0.169746,0.231051,4.056573,0.0038433,-0.9984155,0.0559226,0.0049441
1788248838874265088,OK,1,0,18.0604,0.325042,0,758,0,0.168233,0.231598,4.051283,0.0041907,-0.9983773,0.0564050,0.0066125
1788248838907607296,OK,1,0,18.6996,0.355917,0,752,0,0.164956,0.230461,4.044768,0.0047443,-0.9983722,0.0562174,0.0083769
1788248838940949248,OK,1,0,17.7609,0.334375,0,747,0,0.166509,0.230384,4.033412,0.0049836,-0.9983747,0.0558093,0.0104195
1788248838974291456,OK,1,0,17.7495,0.392417,0,749,0,0.167312,0.230870,4.024543,0.0048938,-0.9983774,0.0557182,0.0106795
1788248839007633664,OK,1,0,17.0899,0.368,0,734,0,0.169917,0.230848,4.013113,0.0051915,-0.9983892,0.0554995,0.0105732
1788248839040975616,OK,1,0,19.4206,0.355708,0,740,0,0.170058,0.229455,4.005008,0.0057686,-0.9984043,0.0551587,0.0106302
1788248839074317568,OK,1,0,17.714,0.338417,0,714,0,0.169558,0.229338,3.996576,0.0056531,-0.9984050,0.0551455,0.0107045
1788248839107659776,OK,1,0,20.6906,0.348459,0,697,0,0.168770,0.227972,3.989856,0.0057288,-0.9984053,0.0551783,0.0104613
1788248839141001728,OK,1,0,18.3242,0.353166,0,1157,0,0.168330,0.226991,3.981644,0.0054689,-0.9983944,0.0553884,0.0105344
1788248839174343680,OK,1,0,21.3633,0.336625,0,1010,0,0.166375,0.226517,3.974671,0.0055526,-0.9983948,0.0553932,0.0104180
1788248839207685888,OK,1,0,37.1238,0.346125,0,976,0,0.167999,0.225332,3.965632,0.0061406,-0.9983993,0.0552233,0.0105596
1788248839241026560,OK,1,0,18.8911,0.343625,0,960,0,0.168696,0.224448,3.957292,0.0062924,-0.9984076,0.0550470,0.0106084
1788248839274368768,OK,1,0,19.2269,0.35825,0,979,0,0.168884,0.224263,3.949391,0.0063203,-0.9984021,0.0550777,0.0109417
1788248839307710720,OK,1,0,18.8772,0.348083,0,956,0,0.168518,0.223317,3.941726,0.0064939,-0.9983959,0.0551480,0.0110587
1788248839341052672,OK,1,0,20.1169,0.356708,0,1173,0,0.168522,0.222827,3.933624,0.0064820,-0.9983847,0.0554279,0.0106618
1788248839374394624,OK,1,0,20.1058,0.3645,0,1149,0,0.168477,0.223474,3.925193,0.0061453,-0.9983610,0.0558819,0.0107158
1788248839407736576,OK,1,0,20.6135,0.340416,0,1154,0,0.166069,0.222501,3.917536,0.0057358,-0.9983559,0.0559960,0.0108238
1788248839441078528,OK,1,0,21.4817,0.351083,0,1146,0,0.165585,0.221895,3.909723,0.0056266,-0.9983457,0.0561964,0.0107832
1788248839474420480,OK,1,0,19.4094,0.402625,0,1136,0,0.167195,0.222266,3.900496,0.0057560,-0.9983385,0.0563081,0.0107999
1788248839507762432,OK,1,0,19.658,0.332708,0,1157,0,0.167856,0.222706,3.892108,0.0061609,-0.9983313,0.0563738,0.0108916
1788248839541104128,OK,1,0,19.8163,0.343625,0,1130,0,0.167199,0.221750,3.884451,0.0062326,-0.9983361,0.0562571,0.0110166
1788248839574446336,OK,1,0,19.8198,0.346917,0,1129,0,0.166622,0.221248,3.875572,0.0061991,-0.9983364,0.0561916,0.0113403
1788248839607788032,OK,1,0,23.1421,0.356625,0,1115,0,0.166166,0.220615,3.867630,0.0061619,-0.9983345,0.0562440,0.0112643
1788248839641130240,OK,1,0,20.0072,0.371708,0,1107,0,0.164992,0.218804,3.861470,0.0059333,-0.9983298,0.0564140,0.0109518
1788248839674471936,OK,1,0,23.5778,0.351917,0,1066,0,0.165864,0.218898,3.850973,0.0055192,-0.9983091,0.0567821,0.0111501
1788248839707812864,OK,1,0,20.2943,0.349416,0,1084,0,0.163499,0.217741,3.844072,0.0052714,-0.9983060,0.0568460,0.0112232
1788248839741154816,OK,1,0,23.0161,0.367916,0,1054,0,0.163120,0.216401,3.837670,0.0052989,-0.9983073,0.0568080,0.0112862
1788248839774496512,OK,1,0,19.2551,0.351916,0,1059,0,0.162157,0.216043,3.828515,0.0056329,-0.9983075,0.0568251,0.0110137
1788248839807838208,OK,1,0,20.0428,0.345375,0,1062,0,0.164891,0.215629,3.820613,0.0059920,-0.9982921,0.0570469,0.0110792
1788248839841186304,OK,1,0,22.323,0.3475,0,1034,0,0.164667,0.216062,3.810210,0.0060402,-0.9982854,0.0571015,0.0113696
1788248839874534656,OK,1,0,20.4202,0.358625,0,1030,0,0.162263,0.215795,3.803656,0.0057770,-0.9982908,0.0569993,0.0115442
1788248839907883008,OK,1,0,21.3788,0.350791,0,1039,0,0.161261,0.215013,3.795028,0.0053346,-0.9982908,0.0570367,0.0115695
1788248839941231360,OK,1,0,19.3247,0.323292,0,992,0,0.162971,0.215280,3.785465,0.0048023,-0.9982729,0.0574079,0.0115146
1788248839974579968,OK,1,0,20.4508,0.315459,0,983,0,0.160763,0.215105,3.778005,0.0045597,-0.9982668,0.0575709,0.0113288
1788248840007928832,OK,1,0,21.4502,0.33525,0,994,0,0.160165,0.215516,3.769345,0.0044782,-0.9982687,0.0574818,0.0116397
1788248840041277440,OK,1,0,21.445,0.353167,0,1015,0,0.160537,0.215616,3.761413,0.0047238,-0.9982775,0.0572655,0.0118511
1788248840074626048,OK,1,0,20.5498,0.355584,0,1001,0,0.163152,0.214980,3.749951,0.0053660,-0.9982883,0.0569900,0.0119894
1788248840107974912,OK,1,0,21.4646,0.336708,0,986,0,0.162170,0.213429,3.744318,0.0057331,-0.9983010,0.0567484,0.0119152
1788248840141322752,OK,1,0,21.9335,0.317792,0,1320,0,0.161947,0.213080,3.732838,0.0055200,-0.9983114,0.0565011,0.0123088
1788248840174671616,OK,1,0,21.3912,0.356167,0,1160,0,0.161034,0.211800,3.723455,0.0052684,-0.9983257,0.0562608,0.0123591
1788248840208020480,OK,1,0,21.9137,0.342334,0,1168,0,0.157691,0.210941,3.716371,0.0047432,-0.9983408,0.0561507,0.0118464
1788248840241369600,OK,1,0,34.9933,0.357,0,1132,0,0.159613,0.210537,3.707484,0.0047275,-0.9983370,0.0561816,0.0120203
1788248840274718720,OK,1,0,19.8829,0.33625,0,1123,0,0.157819,0.209524,3.701349,0.0046763,-0.9983322,0.0562449,0.0121441
1788248840308067840,OK,1,0,19.7568,0.362917,0,1113,0,0.156707,0.208802,3.692084,0.0046589,-0.9983385,0.0561479,0.0120788
1788248840341416960,OK,1,0,20.5508,0.314875,0,1142,0,0.158747,0.208017,3.683458,0.0048699,-0.9983408,0.0560672,0.0121802
1788248840374766336,OK,1,0,20.4842,0.308792,0,1243,0,0.159251,0.206854,3.674534,0.0052521,-0.9983460,0.0559414,0.0121807
1788248840408115712,OK,1,0,19.8726,0.379792,0,1205,0,0.157897,0.205550,3.665974,0.0051969,-0.9983473,0.0558465,0.0125239
1788248840441465088,OK,1,0,20.6439,0.34425,0,1217,0,0.158305,0.206221,3.659982,0.0050913,-0.9983292,0.0560692,0.0130063
1788248840474814720,OK,1,0,19.7498,0.339708,0,1216,0,0.157830,0.206523,3.649711,0.0049862,-0.9983280,0.0561746,0.0126808
1788248840508164352,OK,1,0,19.7471,0.341875,0,1174,0,0.157547,0.205593,3.640927,0.0049470,-0.9983243,0.0563101,0.0123781
1788248840541513984,OK,1,0,20.8356,0.357,0,1173,0,0.156015,0.205159,3.636083,0.0047947,-0.9983157,0.0564682,0.0124160
1788248840574862592,OK,1,0,20.2821,0.359375,0,1143,0,0.156639,0.205385,3.624655,0.0048012,-0.9982988,0.0566861,0.0127714
1788248840608212224,OK,1,0,22.1195,0.345125,0,1151,0,0.153969,0.203819,3.619691,0.0044445,-0.9982960,0.0568178,0.0125332
1788248840641562112,OK,1,0,21.2408,0.360042,0,1160,0,0.154740,0.203204,3.611238,0.0047549,-0.9982959,0.0568378,0.0123358
1788248840674911744,OK,1,0,20.6946,0.340541,0,1150,0,0.154980,0.202944,3.601334,0.0048853,-0.9982957,0.0567789,0.0125653
1788248840708261888,OK,1,0,20.347,0.345625,0,1121,0,0.154036,0.202635,3.592838,0.0048150,-0.9982845,0.0569141,0.0128709
1788248840741611776,OK,1,0,20.4353,0.348333,0,1124,0,0.154357,0.202218,3.585129,0.0048466,-0.9982718,0.0571152,0.0129589
1788248840774961920,OK,1,0,19.6776,0.340125,0,1106,0,0.155066,0.201394,3.575508,0.0048981,-0.9982774,0.0570010,0.0130010
1788248840808312064,OK,1,0,19.9258,0.350333,0,1066,0,0.153654,0.201452,3.567747,0.0049200,-0.9982845,0.0568839,0.0129665
1788248840841650432,OK,1,0,23.6135,0.359875,0,1090,0,0.154319,0.200325,3.558257,0.0049832,-0.9982759,0.0569683,0.0132284
1788248840874988544,OK,1,0,22.4627,0.335167,0,1094,0,0.155436,0.200116,3.548587,0.0052314,-0.9982630,0.0571688,0.0132421
1788248840908326912,OK,1,0,22.513,0.343834,0,1085,0,0.156937,0.199007,3.540270,0.0055013,-0.9982775,0.0569558,0.0129573
1788248840941665024,OK,1,0,22.1093,0.3585,0,1071,0,0.156883,0.200390,3.533018,0.0057580,-0.9982831,0.0568225,0.0129972
1788248840975003136,OK,1,0,20.7381,0.345625,0,1044,0,0.156016,0.199500,3.524019,0.0059221,-0.9982978,0.0564805,0.0132843
1788248841008340480,OK,1,0,21.3674,0.320167,0,1068,0,0.156398,0.199992,3.515048,0.0059687,-0.9982934,0.0565297,0.0133817
1788248841041678592,OK,1,0,19.9103,0.349167,0,1070,0,0.156268,0.199426,3.505213,0.0060328,-0.9983005,0.0563962,0.0133889
1788248841075016960,OK,1,0,20.4175,0.38175,0,1071,0,0.156468,0.199099,3.497169,0.0060782,-0.9983332,0.0558220,0.0133323
1788248841108355072,OK,1,0,20.0203,0.349084,0,1062,0,0.154650,0.199447,3.490338,0.0061159,-0.9983411,0.0557322,0.0130983
1788248841141693184,OK,1,0,21.0501,0.339417,0,1367,0,0.155928,0.197735,3.481147,0.0062187,-0.9983262,0.0559397,0.0133023
1788248841175031296,OK,1,0,22.283,0.3455,0,1232,0,0.155540,0.197038,3.473799,0.0063541,-0.9983179,0.0561356,0.0130304
1788248841208369408,OK,1,0,23.4502,0.355042,0,1217,0,0.156127,0.197334,3.465192,0.0063852,-0.9983220,0.0560888,0.0129097
1788248841241707264,OK,1,0,36.4856,0.351834,0,1217,0,0.156025,0.195815,3.458470,0.0063919,-0.9983315,0.0558910,0.0130225
1788248841275045376,OK,1,0,20.4412,0.342834,0,1189,0,0.156595,0.195192,3.448903,0.0062490,-0.9983168,0.0560973,0.0133324
1788248841308383232,OK,1,0,22.16,0.361125,0,1211,0,0.154096,0.193756,3.440936,0.0061546,-0.9983184,0.0561426,0.0130628
1788248841341721344,OK,1,0,20.6175,0.358,0,1169,0,0.153712,0.194241,3.432199,0.0059172,-0.9983218,0.0560899,0.0131340
1788248841375059200,OK,1,0,20.8249,0.355667,0,1250,0,0.154791,0.194566,3.422353,0.0059505,-0.9983281,0.0559682,0.0131610
1788248841408397568,OK,1,0,21.7787,0.343875,0,1205,0,0.153977,0.193557,3.415223,0.0059229,-0.9983301,0.0559248,0.0132090
1788248841441735424,OK,1,0,21.3395,0.371333,0,1231,0,0.155434,0.194827,3.405958,0.0059800,-0.9983026,0.0563821,0.0133097
1788248841475072256,OK,1,0,20.5023,0.344,0,1215,0,0.156927,0.194437,3.395921,0.0060757,-0.9982992,0.0564293,0.0133223
1788248841508410112,OK,1,0,21.3707,0.358,0,1162,0,0.155128,0.194043,3.389806,0.0059850,-0.9983114,0.0562772,0.0130919
1788248841541747968,OK,1,0,19.9404,0.370833,0,1166,0,0.152756,0.193402,3.379251,0.0056449,-0.9983119,0.0562368,0.0133758
1788248841575085824,OK,1,0,22.2934,0.344917,0,1138,0,0.154643,0.192239,3.369799,0.0057308,-0.9983110,0.0561514,0.0137569
1788248841608423680,OK,1,0,20.1512,0.330708,0,1126,0,0.152329,0.191202,3.364047,0.0057179,-0.9983255,0.0559510,0.0135261
1788248841641761536,OK,1,0,21.0763,0.359083,0,1146,0,0.152939,0.190037,3.353656,0.0059115,-0.9983494,0.0555016,0.0135319
1788248841675099392,OK,1,0,20.431,0.34,0,1128,0,0.154562,0.190004,3.343933,0.0060720,-0.9983574,0.0553162,0.0136318
1788248841708436992,OK,1,0,24.0771,0.361583,0,1127,0,0.154062,0.188463,3.336849,0.0059366,-0.9983438,0.0555677,0.0136604
1788248841741774848,OK,1,0,22.6341,0.346292,0,1115,0,0.155259,0.189237,3.326297,0.0059109,-0.9983243,0.0559572,0.0135095
1788248841775112448,OK,1,0,21.7868,0.342334,0,1107,0,0.152694,0.187227,3.319488,0.0057834,-0.9983432,0.0557098,0.0131837
1788248841808450560,OK,1,0,20.4327,0.323292,0,1112,0,0.153396,0.186516,3.311260,0.0054692,-0.9983299,0.0558642,0.0136638
1788248841841794304,OK,1,0,21.4661,0.349,0,1089,0,0.154105,0.187030,3.301458,0.0052637,-0.9983233,0.0559424,0.0139040
1788248841875138304,OK,1,0,21.131,0.347625,0,1068,0,0.152709,0.186482,3.292747,0.0048816,-0.9983355,0.0557946,0.0137656
1788248841908481280,OK,1,0,22.1157,0.3435,0,1074,0,0.153267,0.185216,3.284401,0.0051687,-0.9983460,0.0555221,0.0139925
1788248841941825280,OK,1,0,19.499,0.348125,0,1082,0,0.152058,0.186816,3.274234,0.0054493,-0.9983595,0.0552963,0.0138179
1788248841975169280,OK,1,0,21.1757,0.3415,0,1042,0,0.150718,0.184557,3.266500,0.0056270,-0.9983925,0.0547496,0.0135381
1788248842008513280,OK,1,0,21.4054,0.338375,0,1040,0,0.150159,0.183523,3.259729,0.0057271,-0.9983937,0.0547297,0.0134851
1788248842041857280,OK,1,0,22.2778,0.369375,0,1058,0,0.151365,0.182195,3.251699,0.0060566,-0.9983948,0.0546918,0.0134113
1788248842075201280,OK,1,0,21.8197,0.34975,0,1020,0,0.153043,0.182649,3.240463,0.0058779,-0.9984044,0.0545261,0.0134516
1788248842108545536,OK,1,0,22.0723,0.366,0,995,0,0.148464,0.182746,3.233618,0.0054054,-0.9984095,0.0544942,0.0134052
1788248842141889280,OK,1,0,21.7418,0.339167,0,1281,0,0.148539,0.182446,3.222296,0.0050555,-0.9984159,0.0543384,0.0136945
1788248842175233536,OK,1,0,22.9389,0.3765,0,1154,0,0.148349,0.182400,3.212636,0.0048555,-0.9984291,0.0540886,0.0137945
1788248842208577536,OK,1,0,31.0447,0.347334,0,1172,0,0.148155,0.180319,3.204834,0.0048496,-0.9984604,0.0535303,0.0137092
1788248842241921792,OK,1,0,21.0984,0.332708,0,1138,0,0.149376,0.180833,3.194556,0.0049720,-0.9984642,0.0534280,0.0137875
1788248842275266048,OK,1,0,24.248,0.341375,0,1139,0,0.148927,0.179779,3.187032,0.0051154,-0.9984615,0.0534480,0.0138474
1788248842308610048,OK,1,0,21.0748,0.350166,0,1129,0,0.149252,0.178934,3.180251,0.0050169,-0.9984556,0.0535579,0.0138820
1788248842341954304,OK,1,0,22.5885,0.357167,0,1183,0,0.147223,0.178336,3.172304,0.0046343,-0.9984602,0.0535678,0.0136508
1788248842375297536,OK,1,0,21.888,0.351416,0,1194,0,0.148190,0.178767,3.161792,0.0041660,-0.9984519,0.0536579,0.0140424
1788248842408641792,OK,1,0,20.6975,0.347625,0,1178,0,0.147607,0.178324,3.152932,0.0038325,-0.9984464,0.0537392,0.0142209
1788248842441986048,OK,1,0,21.798,0.370916,0,1167,0,0.146624,0.177963,3.144038,0.0034973,-0.9984623,0.0534480,0.0142903
1788248842475330560,OK,1,0,20.4207,0.347458,0,1158,0,0.145780,0.177946,3.133747,0.0035869,-0.9984737,0.0532189,0.0143255
1788248842508674816,OK,1,0,20.932,0.338291,0,1128,0,0.147307,0.177586,3.124504,0.0037081,-0.9984881,0.0529598,0.0142491
1788248842542019072,OK,1,0,22.1045,0.346334,0,1114,0,0.146876,0.177012,3.117585,0.0036969,-0.9984934,0.0529332,0.0139801
1788248842575363584,OK,1,0,22.5691,0.3605,0,1098,0,0.145310,0.176394,3.109402,0.0038209,-0.9984916,0.0529922,0.0138443
1788248842608707840,OK,1,0,22.6333,0.34875,0,1102,0,0.145939,0.176174,3.099070,0.0038340,-0.9984846,0.0531390,0.0137911
1788248842642052352,OK,1,0,23.1425,0.364334,0,1110,0,0.145443,0.174549,3.092486,0.0036985,-0.9984781,0.0532177,0.0139859
1788248842675396608,OK,1,0,21.931,0.374375,0,1085,0,0.144187,0.175371,3.082645,0.0033678,-0.9984524,0.0536358,0.0143087
1788248842708740864,OK,1,0,21.7595,0.363292,0,1091,0,0.142862,0.174402,3.075918,0.0031413,-0.9984460,0.0537336,0.0144323
1788248842742085376,OK,1,0,20.466,0.362042,0,1051,0,0.141908,0.172502,3.068691,0.0029810,-0.9984386,0.0538763,0.0144516
1788248842775429888,OK,1,0,20.7131,0.336584,0,1049,0,0.142014,0.171983,3.061682,0.0031166,-0.9984269,0.0540729,0.0144949
1788248842808773376,OK,1,0,22.1236,0.358667,0,1045,0,0.142132,0.172092,3.052669,0.0032400,-0.9984312,0.0539774,0.0145276
1788248842842112256,OK,1,0,22.5125,0.36775,0,1032,0,0.142786,0.172314,3.043403,0.0034078,-0.9984299,0.0539695,0.0146118
1788248842875451136,OK,1,0,22.4573,0.350375,0,988,0,0.141502,0.172078,3.034507,0.0035419,-0.9984263,0.0541195,0.0142643
1788248842908789760,OK,1,0,21.578,0.363583,0,988,0,0.142297,0.169983,3.026430,0.0036808,-0.9984407,0.0538571,0.0142103
1788248842942128640,OK,1,0,22.0136,0.31525,0,978,0,0.144014,0.169242,3.017797,0.0038782,-0.9984497,0.0535734,0.0145938
1788248842975467520,OK,1,0,21.8649,0.333834,0,980,0,0.141762,0.168776,3.008747,0.0037326,-0.9984563,0.0534722,0.0145563
1788248843008806144,OK,1,0,22.6962,0.330083,0,977,0,0.141670,0.169383,3.000122,0.0033626,-0.9984602,0.0534015,0.0146350
1788248843042145024,OK,1,0,22.8358,0.317083,0,951,0,0.141735,0.168555,2.991760,0.0032343,-0.9984789,0.0530159,0.0147882
1788248843075483904,OK,1,0,22.1627,0.373875,0,956,0,0.140884,0.167990,2.983674,0.0033643,-0.9985002,0.0526309,0.0146995
1788248843108822528,OK,1,0,20.8599,0.325542,0,934,0,0.141630,0.168529,2.972792,0.0034594,-0.9985036,0.0525342,0.0147916
1788248843142161408,OK,1,0,22.7145,0.358375,0,1366,0,0.140303,0.167519,2.965662,0.0035251,-0.9985004,0.0526310,0.0146457
1788248843175500032,OK,1,0,21.9075,0.337084,0,1244,0,0.139095,0.165956,2.958833,0.0036588,-0.9985266,0.0522416,0.0142137
1788248843208838656,OK,1,0,21.8015,0.363167,0,1221,0,0.139911,0.164688,2.949580,0.0038511,-0.9985503,0.0517833,0.0141801
1788248843242176512,OK,1,0,22.2292,0.333167,0,1155,0,0.138760,0.166275,2.940025,0.0035378,-0.9985328,0.0520500,0.0145109
1788248843275515136,OK,1,0,22.8341,0.35625,0,1176,0,0.137661,0.166140,2.931260,0.0029545,-0.9985307,0.0520769,0.0146879
1788248843308853760,OK,1,0,23.1144,0.342708,0,1176,0,0.135975,0.166009,2.923535,0.0024663,-0.9985389,0.0519570,0.0146467
1788248843342192640,OK,1,0,23.305,0.350167,0,1213,0,0.135371,0.166166,2.913353,0.0022517,-0.9985445,0.0518444,0.0147000
1788248843375531264,OK,1,0,24.326,0.312417,0,1135,0,0.135257,0.165255,2.904606,0.0022025,-0.9985424,0.0518614,0.0147839
1788248843408869888,OK,1,0,23.6741,0.383667,0,1161,0,0.135055,0.162961,2.897319,0.0024560,-0.9985433,0.0518569,0.0147025
1788248843442208512,OK,1,0,22.264,0.36675,0,1139,0,0.136606,0.162202,2.887705,0.0028418,-0.9985405,0.0519263,0.0145782
1788248843475547136,OK,1,0,34.7968,0.350833,0,1150,0,0.136185,0.160822,2.881964,0.0030139,-0.9985400,0.0519245,0.0145793
1788248843508885760,OK,1,0,21.8709,0.335042,0,1133,0,0.135807,0.162017,2.872797,0.0027947,-0.9985335,0.0520191,0.0147357
1788248843542224384,OK,1,0,21.8687,0.35925,0,1150,0,0.134908,0.161824,2.862995,0.0024579,-0.9985406,0.0518452,0.0149198
1788248843575563008,OK,1,0,23.4665,0.351583,0,1128,0,0.132914,0.161358,2.854470,0.0019966,-0.9985514,0.0516092,0.0150857
1788248843608901632,OK,1,0,21.4209,0.349917,0,1169,0,0.131567,0.160456,2.846231,0.0018098,-0.9985660,0.0513256,0.0151136
1788248843642240000,OK,1,0,21.288,0.34275,0,1107,0,0.131115,0.159860,2.837429,0.0016131,-0.9985690,0.0513170,0.0149651
1788248843675578624,OK,1,0,20.5113,0.324125,0,1072,0,0.131937,0.158708,2.829575,0.0016431,-0.9985586,0.0515076,0.0150005
1788248843708916224,OK,1,0,20.0912,0.341083,0,1071,0,0.130595,0.157662,2.824047,0.0018794,-0.9985404,0.0519378,0.0146994
1788248843742254592,OK,1,0,18.5527,0.350667,0,1050,0,0.129714,0.156817,2.817120,0.0020087,-0.9985294,0.0522154,0.0144426
1788248843775593216,OK,1,0,23.9297,0.342125,0,1051,0,0.128955,0.156567,2.809923,0.0016867,-0.9985240,0.0522626,0.0146813
1788248843808931840,OK,1,0,21.1994,0.379792,0,1037,0,0.128913,0.158098,2.800581,0.0011574,-0.9985043,0.0525058,0.0151967
1788248843842278400,OK,1,0,20.6584,0.345,0,996,0,0.129058,0.157113,2.791223,0.0007805,-0.9984992,0.0525228,0.0154987
1788248843875624704,OK,1,0,21.4068,0.34625,0,972,0,0.128770,0.156884,2.781544,0.0007989,-0.9985036,0.0524369,0.0155025
1788248843908971264,OK,1,0,20.0336,0.328583,0,983,0,0.126426,0.155522,2.774558,0.0007548,-0.9985205,0.0521365,0.0154280
1788248843942317568,OK,1,0,20.3706,0.348292,0,971,0,0.127906,0.155153,2.764092,0.0009158,-0.9985179,0.0521519,0.0155349
1788248843975664384,OK,1,0,21.0602,0.365125,0,984,0,0.128908,0.155291,2.756552,0.0011705,-0.9984952,0.0525564,0.0156142
1788248844009010688,OK,1,0,20.6011,0.328416,0,985,0,0.127974,0.154740,2.749254,0.0014980,-0.9984771,0.0530018,0.0152324
1788248844042357504,OK,1,0,19.5773,0.336083,0,978,0,0.127602,0.154727,2.741130,0.0016357,-0.9984748,0.0530471,0.0152144
1788248844075703808,OK,1,0,22.7142,0.361709,0,939,0,0.127590,0.153984,2.733456,0.0016848,-0.9984833,0.0527812,0.0155715
1788248844109050624,OK,1,0,20.2948,0.348292,0,947,0,0.128045,0.153159,2.724866,0.0015629,-0.9984916,0.0525402,0.0158622
1788248844142396160,OK,1,0,22.0562,0.356667,0,1272,0,0.126261,0.150783,2.716733,0.0017264,-0.9985116,0.0522057,0.0156898
1788248844175742976,OK,1,0,21.9331,0.340125,0,1175,0,0.126627,0.152730,2.706959,0.0014377,-0.9985110,0.0521308,0.0160059
1788248844209089536,OK,1,0,21.6535,0.34425,0,1128,0,0.125741,0.152017,2.697972,0.0014203,-0.9985260,0.0518114,0.0161042
1788248844242436608,OK,1,0,21.0716,0.360166,0,1101,0,0.127017,0.151417,2.689723,0.0017321,-0.9985098,0.0520973,0.0161564
1788248844275783168,OK,1,0,24.1269,0.362375,0,1100,0,0.128444,0.150735,2.681237,0.0021798,-0.9984902,0.0525216,0.0159423
1788248844309129984,OK,1,0,22.0581,0.342459,0,1053,0,0.127780,0.149573,2.674709,0.0023446,-0.9984795,0.0527754,0.0157453
1788248844342476800,OK,1,0,21.6035,0.365709,0,1080,0,0.127627,0.149458,2.666478,0.0023170,-0.9984836,0.0526941,0.0157619
1788248844375823616,OK,1,0,23.3517,0.410667,0,1097,0,0.126919,0.149058,2.658000,0.0022664,-0.9984959,0.0524558,0.0157830
1788248844409170688,OK,1,0,23.7764,0.354291,0,1049,0,0.125881,0.149357,2.648040,0.0020178,-0.9984971,0.0524397,0.0158001
1788248844442517248,OK,1,0,50.1048,0.365,0,1051,0,0.125822,0.148388,2.639245,0.0021067,-0.9985085,0.0521891,0.0158933
1788248844475864576,OK,1,0,22.1987,0.349291,0,1059,0,0.126005,0.148367,2.630040,0.0021171,-0.9985098,0.0521854,0.0158237
1788248844509211392,OK,1,0,22.2053,0.335042,0,1044,0,0.125586,0.147609,2.622346,0.0022829,-0.9985055,0.0522518,0.0158558
1788248844542558464,OK,1,0,22.1644,0.357583,0,1025,0,0.126306,0.146852,2.613800,0.0022745,-0.9984863,0.0525894,0.0159499
1788248844575904256,OK,1,0,22.3137,0.346375,0,1199,0,0.125074,0.145872,2.607206,0.0024792,-0.9984705,0.0529600,0.0156799
1788248844609251584,OK,1,0,20.8326,0.330291,0,1111,0,0.124562,0.145107,2.600891,0.0027578,-0.9984708,0.0529883,0.0155150
1788248844642598400,OK,1,0,20.7697,0.346,0,1052,0,0.124872,0.145024,2.590817,0.0028896,-0.9984721,0.0529411,0.0155699
1788248844675945472,OK,1,0,22.9417,0.386333,0,1039,0,0.124654,0.144305,2.581874,0.0028259,-0.9984637,0.0530465,0.0157540
1788248844709292800,OK,1,0,21.9588,0.383459,0,1066,0,0.126069,0.145039,2.569000,0.0026340,-0.9984626,0.0529757,0.0160991
1788248844742639872,OK,1,0,22.3493,0.372833,0,1029,0,0.123863,0.144523,2.562972,0.0022907,-0.9984831,0.0525925,0.0161354
1788248844775986944,OK,1,0,20.9252,0.409834,0,1037,0,0.124455,0.143255,2.553085,0.0024738,-0.9984979,0.0523034,0.0161312
1788248844809334272,OK,1,0,21.7175,0.430333,0,999,0,0.125042,0.143301,2.544467,0.0026503,-0.9984866,0.0524613,0.0162916
1788248844842670080,OK,1,0,20.4864,0.340584,0,995,0,0.124633,0.141880,2.536599,0.0029024,-0.9984784,0.0525540,0.0164470
1788248844876006144,OK,1,0,20.0051,0.353416,0,1001,0,0.125123,0.141277,2.528937,0.0033967,-0.9984695,0.0526546,0.0165714
1788248844909341696,OK,1,0,21.2559,0.34525,0,948,0,0.125260,0.141052,2.520167,0.0036005,-0.9984683,0.0525340,0.0169777
1788248844942677760,OK,1,0,21.4961,0.335666,0,1001,0,0.126275,0.141804,2.507313,0.0036495,-0.9984727,0.0522255,0.0176489
1788248844976013312,OK,1,0,22.3478,0.355125,0,959,0,0.123544,0.142246,2.498739,0.0031784,-0.9984720,0.0520540,0.0182751
1788248845009349120,OK,1,0,21.9823,0.34475,0,946,0,0.121100,0.142251,2.490933,0.0029292,-0.9984659,0.0519567,0.0189176
1788248845042683904,OK,1,0,22.566,0.333875,0,931,0,0.119602,0.140791,2.483307,0.0028060,-0.9984635,0.0518557,0.0193315
1788248845076019200,OK,1,0,20.7735,0.362458,0,930,0,0.119081,0.140493,2.476788,0.0026774,-0.9984282,0.0523236,0.0199070
1788248845109355008,OK,1,0,18.861,0.355834,0,923,0,0.119539,0.139197,2.468760,0.0028440,-0.9983896,0.0526680,0.0208846
1788248845142690304,OK,1,0,23.2033,0.340375,0,1302,0,0.120428,0.138115,2.458973,0.0030976,-0.9983566,0.0529468,0.0217079
1788248845176025856,OK,1,0,21.8539,0.352167,0,1161,0,0.119620,0.137674,2.450292,0.0031675,-0.9983364,0.0531018,0.0222425
1788248845209361408,OK,1,0,20.933,0.332125,0,1144,0,0.117523,0.137359,2.442692,0.0030911,-0.9983180,0.0531720,0.0229001
1788248845242696704,OK,1,0,20.5686,0.328583,0,1108,0,0.115274,0.136827,2.435110,0.0028320,-0.9983132,0.0528991,0.0237599
1788248845276032000,OK,1,0,21.863,0.322334,0,1136,0,0.115116,0.135756,2.421820,0.0025395,-0.9983184,0.0524356,0.0245858
1788248845309367296,OK,1,0,23.2233,0.350292,0,1072,0,0.112553,0.135514,2.415827,0.0020370,-0.9982739,0.0528941,0.0254405
1788248845342702336,OK,1,0,21.4395,0.329792,0,1058,0,0.109301,0.134127,2.410573,0.0018902,-0.9982092,0.0536822,0.0263256
1788248845376037632,OK,1,0,24.459,0.339,0,1064,0,0.107594,0.133609,2.405663,0.0019882,-0.9981489,0.0543713,0.0271800
1788248845409372928,OK,1,0,21.9263,0.348792,0,1046,0,0.107951,0.133066,2.398406,0.0019004,-0.9980833,0.0550961,0.0281169
1788248845442707712,OK,1,0,20.2138,0.358458,0,1019,0,0.105751,0.133336,2.392536,0.0015372,-0.9980101,0.0558081,0.0293078
1788248845476041728,OK,1,0,32.5903,0.343833,0,1037,0,0.105658,0.133534,2.381796,0.0010454,-0.9979521,0.0559806,0.0309318
1788248845509376768,OK,1,0,21.0291,0.358959,0,1013,0,0.100568,0.132518,2.376093,0.0012145,-0.9979643,0.0554597,0.0314661
1788248845542711552,OK,1,0,21.7729,0.356083,0,1015,0,0.100545,0.131806,2.365386,0.0010287,-0.9979711,0.0550095,0.0320414
1788248845576046592,OK,1,0,19.8822,0.365625,0,1022,0,0.096579,0.130663,2.358636,0.0006990,-0.9979619,0.0546166,0.0329956
1788248845609381376,OK,1,0,20.3473,0.341333,0,1006,0,0.096374,0.130117,2.349468,0.0007806,-0.9979081,0.0548531,0.0342060
1788248845642716416,OK,1,0,20.8077,0.372459,0,1021,0,0.097284,0.129204,2.340128,0.0009529,-0.9979004,0.0550597,0.0340939
1788248845676050944,OK,1,0,20.1415,0.31775,0,969,0,0.097178,0.127941,2.333939,0.0012908,-0.9978948,0.0553603,0.0337576
1788248845709385472,OK,1,0,20.2304,0.348083,0,991,0,0.095917,0.127776,2.326060,0.0011651,-0.9978681,0.0557688,0.0338790
1788248845742720256,OK,1,0,20.5513,0.335042,0,958,0,0.094242,0.126983,2.317490,0.0010608,-0.9978500,0.0558833,0.0342241
1788248845776054784,OK,1,0,20.5566,0.348292,0,946,0,0.095425,0.127394,2.307147,0.0011767,-0.9978564,0.0556975,0.0343350
1788248845809389312,OK,1,0,21.7085,0.342708,0,949,0,0.095947,0.126559,2.297783,0.0011134,-0.9978920,0.0552407,0.0340421
1788248845842726656,OK,1,0,21.8574,0.354958,0,942,0,0.093513,0.125958,2.289910,0.0010772,-0.9979137,0.0548715,0.0340024
1788248845876064000,OK,1,0,21.5396,0.342,0,937,0,0.092257,0.125931,2.280967,0.0010202,-0.9979241,0.0544767,0.0343341
1788248845909400064,OK,1,0,21.4491,0.384625,0,943,0,0.092074,0.125429,2.271851,0.0013016,-0.9979368,0.0543178,0.0342050
1788248845942737408,OK,1,0,19.442,0.328417,0,903,0,0.091176,0.124405,2.265950,0.0015541,-0.9979359,0.0545127,0.0339105
1788248845976074496,OK,1,0,22.9969,0.334666,0,905,0,0.090849,0.124240,2.256564,0.0016302,-0.9979146,0.0548570,0.0339798
1788248846009411584,OK,1,0,20.3418,0.737292,0,893,0,0.089007,0.124577,2.248933,0.0011815,-0.9978822,0.0553128,0.0342081
1788248846042748672,OK,1,0,19.1735,0.326833,0,877,0,0.088605,0.124904,2.238883,0.0008121,-0.9978790,0.0553328,0.0342812
1788248846076086016,OK,1,0,21.6133,0.35575,0,883,0,0.085020,0.122903,2.233455,0.0006467,-0.9979083,0.0550499,0.0338854
1788248846109423104,OK,1,0,20.5443,0.327625,0,898,0,0.083546,0.122076,2.225202,0.0006173,-0.9979207,0.0548042,0.0339173
1788248846142759936,OK,1,0,20.7377,0.345167,0,1219,0,0.083671,0.122416,2.213649,0.0006762,-0.9979229,0.0547554,0.0339316
1788248846176097024,OK,1,0,21.6592,0.345792,0,1103,0,0.083092,0.121535,2.205307,0.0008374,-0.9979471,0.0542666,0.0340009
1788248846209434112,OK,1,0,20.3659,0.349625,0,1097,0,0.082271,0.121308,2.196491,0.0008891,-0.9979593,0.0538969,0.0342278
1788248846242770944,OK,1,0,23.3803,0.344833,0,1095,0,0.081902,0.120386,2.188461,0.0010706,-0.9979583,0.0540433,0.0340202
1788248846276108032,OK,1,0,22.1879,0.343208,0,1051,0,0.080383,0.119875,2.182101,0.0006748,-0.9979460,0.0543181,0.0339549
1788248846309444608,OK,1,0,22.5569,0.326041,0,1010,0,0.079248,0.120047,2.172334,0.0003864,-0.9979281,0.0545410,0.0341258
1788248846342780416,OK,1,0,23.5608,0.332417,0,1049,0,0.078407,0.119420,2.164326,0.0000981,-0.9979265,0.0544609,0.0343048
1788248846376117504,OK,1,0,23.3921,0.341583,0,1034,0,0.077002,0.119370,2.153811,-0.0002159,-0.9979230,0.0544714,0.0343891
1788248846409454080,OK,1,0,22.4697,0.3365,0,1055,0,0.076061,0.119074,2.145552,-0.0001761,-0.9979227,0.0546459,0.0341185
1788248846442790656,OK,1,0,21.5366,0.365208,0,1024,0,0.073978,0.117191,2.139144,0.0000870,-0.9979444,0.0544996,0.0337162
1788248846476127744,OK,1,0,33.3068,0.375166,0,1019,0,0.074857,0.118197,2.129459,0.0004723,-0.9979411,0.0543963,0.0339765
1788248846509464320,OK,1,0,22.7001,0.375333,0,1037,0,0.075377,0.117620,2.121285,0.0008566,-0.9979298,0.0544491,0.0342142
1788248846542801152,OK,1,0,21.2851,0.354458,0,1004,0,0.074736,0.115418,2.114429,0.0008684,-0.9979175,0.0547910,0.0340263
1788248846576137728,OK,1,0,20.2652,0.344791,0,983,0,0.074639,0.115682,2.106018,0.0006529,-0.9978785,0.0553434,0.0342804
1788248846609474048,OK,1,0,20.6069,0.327333,0,1001,0,0.074388,0.115575,2.097802,0.0003951,-0.9978494,0.0556563,0.0346234
1788248846642810880,OK,1,0,18.993,0.359542,0,959,0,0.073018,0.113481,2.091952,0.0003229,-0.9978303,0.0559414,0.0347141
1788248846676147200,OK,1,0,20.1958,0.319417,0,940,0,0.074317,0.111792,2.083310,0.0006077,-0.9978068,0.0562562,0.0348769
1788248846709483776,OK,1,0,20.8848,0.352208,0,933,0,0.073452,0.111766,2.074713,0.0009038,-0.9978091,0.0562528,0.0348121
1788248846742820352,OK,1,0,21.5317,0.348375,0,906,0,0.072650,0.111707,2.067332,0.0012137,-0.9978108,0.0562061,0.0348280
1788248846776156672,OK,1,0,21.6472,0.348959,0,920,0,0.070191,0.111382,2.058634,0.0012792,-0.9978215,0.0561472,0.0346150
1788248846809492224,OK,1,0,20.81,0.34125,0,898,0,0.072997,0.112226,2.046170,0.0012678,-0.9978128,0.0562024,0.0347752
1788248846842834688,OK,1,0,20.5062,0.359042,0,941,0,0.071304,0.112508,2.041937,0.0011300,-0.9978102,0.0562548,0.0347697
1788248846876177408,OK,1,0,21.0948,0.315625,0,914,0,0.071608,0.112751,2.031890,0.0010035,-0.9977947,0.0562614,0.0352055
1788248846909520128,OK,1,0,21.1718,0.380542,0,896,0,0.071184,0.111295,2.023539,0.0013056,-0.9977894,0.0562045,0.0354368
1788248846942862592,OK,1,0,20.1968,0.340791,0,859,0,0.069828,0.108955,2.015937,0.0013444,-0.9978082,0.0560223,0.0351914
1788248846976205312,OK,1,0,20.4237,0.355458,0,863,0,0.069086,0.110163,2.007175,0.0012590,-0.9977945,0.0562538,0.0352148
1788248847009547776,OK,1,0,20.2447,0.364625,0,873,0,0.068662,0.108654,1.999430,0.0014037,-0.9977982,0.0559983,0.0355106
1788248847042890496,OK,1,0,19.4246,0.326166,0,853,0,0.067867,0.108919,1.991099,0.0015683,-0.9978013,0.0558716,0.0356155
1788248847076232960,OK,1,0,21.1323,0.331125,0,843,0,0.068821,0.110497,1.981577,0.0016643,-0.9977893,0.0560182,0.0357177
1788248847109575680,OK,1,0,20.668,0.334458,0,840,0,0.068001,0.110513,1.973533,0.0018888,-0.9977922,0.0560331,0.0356017
1788248847142918144,OK,1,0,20.0136,0.339834,0,1095,0,0.065894,0.108623,1.965763,0.0019423,-0.9977921,0.0560084,0.0356410
1788248847176260864,OK,1,0,20.3604,0.415333,0,1028,0,0.065210,0.107692,1.957687,0.0019706,-0.9977754,0.0561940,0.0358135
1788248847209603328,OK,1,0,20.2191,0.337,0,973,0,0.064602,0.107192,1.951089,0.0018276,-0.9977703,0.0564019,0.0356369
1788248847242944768,OK,1,0,21.1776,0.35625,0,977,0,0.064200,0.107153,1.942740,0.0015782,-0.9977660,0.0565492,0.0355368
1788248847276287488,OK,1,0,22.1646,0.3405,0,969,0,0.062981,0.105352,1.934266,0.0015147,-0.9977742,0.0563117,0.0356837
1788248847309630208,OK,1,0,21.7599,0.378666,0,940,0,0.061240,0.105009,1.924390,0.0015827,-0.9977885,0.0561177,0.0355866
1788248847342972672,OK,1,0,22.6417,0.331209,0,943,0,0.061426,0.103944,1.915272,0.0017504,-0.9977846,0.0561666,0.0356113
1788248847376315136,OK,1,0,21.9105,0.364375,0,923,0,0.062204,0.103954,1.907720,0.0019197,-0.9977658,0.0563963,0.0357671
1788248847409657600,OK,1,0,20.8852,0.327792,0,887,0,0.060688,0.103731,1.900099,0.0016888,-0.9977577,0.0564949,0.0358486
1788248847443000320,OK,1,0,46.8233,0.394334,0,936,0,0.058583,0.103713,1.891980,0.0017117,-0.9977490,0.0567248,0.0357262
1788248847476342784,OK,1,0,20.0038,0.344583,0,936,0,0.057832,0.101675,1.884269,0.0015071,-0.9977552,0.0566524,0.0356766
1788248847509685248,OK,1,0,21.6659,0.355625,0,932,0,0.058046,0.101366,1.873870,0.0012981,-0.9977525,0.0567862,0.0355468
1788248847543027712,OK,1,0,19.3483,0.370584,0,925,0,0.057789,0.101755,1.866432,0.0012942,-0.9977347,0.0569473,0.0357885
1788248847576370432,OK,1,0,20.0215,0.314875,0,1007,0,0.056956,0.101929,1.857535,0.0011718,-0.9977404,0.0567967,0.0358727
1788248847609712896,OK,1,0,20.4478,0.363917,0,954,0,0.056105,0.101845,1.849731,0.0011194,-0.9977454,0.0566835,0.0359145
1788248847643055360,OK,1,0,20.7336,0.338292,0,930,0,0.056423,0.100620,1.840280,0.0013017,-0.9977378,0.0567118,0.0360744
1788248847676397824,OK,1,0,21.0563,0.3495,0,887,0,0.054458,0.100089,1.833087,0.0014284,-0.9977393,0.0567500,0.0359672
1788248847709739520,OK,1,0,20.8468,0.361375,0,876,0,0.053446,0.100606,1.824595,0.0011614,-0.9977310,0.0569045,0.0359643
1788248847743081984,OK,1,0,20.456,0.3485,0,857,0,0.051922,0.099464,1.817587,0.0010516,-0.9977176,0.0570271,0.0361464
1788248847776424192,OK,1,0,19.5104,0.349708,0,841,0,0.051883,0.099978,1.810125,0.0008556,-0.9977043,0.0572878,0.0361045
1788248847809766912,OK,1,0,18.7497,0.376458,0,834,0,0.052725,0.098891,1.798704,0.0008342,-0.9976925,0.0574039,0.0362453
1788248847843104000,OK,1,0,18.5718,0.363833,0,829,0,0.050597,0.097266,1.791713,0.0008395,-0.9977022,0.0572891,0.0361593
1788248847876441088,OK,1,0,20.2587,0.311416,0,824,0,0.049088,0.095128,1.784426,0.0009676,-0.9977119,0.0571115,0.0361710
1788248847909778432,OK,1,0,19.8103,0.349208,0,823,0,0.050610,0.096004,1.776154,0.0011112,-0.9976842,0.0574589,0.0363813
1788248847943115520,OK,1,0,20.7004,0.344667,0,808,0,0.050896,0.096311,1.767801,0.0013034,-0.9976645,0.0577223,0.0364955
1788248847976452608,OK,1,0,21.2906,0.352334,0,789,0,0.049727,0.094008,1.762382,0.0016555,-0.9976773,0.0574649,0.0365385
1788248848009789440,OK,1,0,20.6141,0.378,0,781,0,0.049120,0.094571,1.753192,0.0015624,-0.9976754,0.0574295,0.0366490
1788248848043126528,OK,1,0,19.2598,0.345292,0,799,0,0.046778,0.093329,1.746487,0.0012565,-0.9976906,0.0573006,0.0364499
1788248848076463616,OK,1,0,21.2635,0.335125,0,756,0,0.045339,0.093324,1.737126,0.0010114,-0.9976951,0.0574080,0.0361631
1788248848109800448,OK,1,0,19.5987,0.374791,0,752,0,0.046540,0.093989,1.725439,0.0009283,-0.9976927,0.0573146,0.0363806
1788248848143136512,OK,1,0,19.5415,0.341208,0,1031,0,0.045173,0.094991,1.717877,0.0008880,-0.9976869,0.0573342,0.0365085
1788248848176473344,OK,1,0,21.0949,0.344333,0,943,0,0.045135,0.093275,1.709849,0.0008722,-0.9977006,0.0569698,0.0367046
1788248848209810176,OK,1,0,19.3565,0.369458,0,930,0,0.043462,0.093094,1.701401,0.0011101,-0.9977126,0.0567880,0.0366555
1788248848243147008,OK,1,0,21.4164,0.348916,0,921,0,0.043510,0.093110,1.692659,0.0012686,-0.9977158,0.0566027,0.0368460
1788248848276483840,OK,1,0,20.6347,0.372292,0,928,0,0.045087,0.092691,1.681556,0.0014017,-0.9977249,0.0563464,0.0369885
1788248848309820672,OK,1,0,21.6482,0.365125,0,900,0,0.044139,0.093054,1.674470,0.0017594,-0.9977263,0.0562255,0.0371202
1788248848343157248,OK,1,0,20.2404,0.370417,0,895,0,0.045218,0.092128,1.663216,0.0017664,-0.9977331,0.0561125,0.0371086
1788248848376493824,OK,1,0,23.5221,0.348667,0,907,0,0.044033,0.091076,1.655805,0.0016597,-0.9977496,0.0560070,0.0368284
1788248848409830656,OK,1,0,21.3607,0.336667,0,872,0,0.042382,0.091342,1.649214,0.0014963,-0.9977424,0.0561341,0.0368352
1788248848443167232,OK,1,0,21.7611,0.347292,0,887,0,0.042214,0.090173,1.641508,0.0015909,-0.9977294,0.0562911,0.0369453
1788248848476503808,OK,1,0,44.3127,0.339083,0,879,0,0.041612,0.089845,1.633527,0.0013714,-0.9977168,0.0564580,0.0370379
1788248848509840640,OK,1,0,19.6427,0.384917,0,853,0,0.042243,0.089851,1.625645,0.0015236,-0.9977031,0.0566221,0.0371490
1788248848543176960,OK,1,0,21.2245,0.367417,0,826,0,0.040503,0.087487,1.618585,0.0017867,-0.9977238,0.0563893,0.0369371
1788248848576512768,OK,1,0,20.9922,0.357583,0,834,0,0.040499,0.087556,1.608915,0.0018458,-0.9977090,0.0565369,0.0371077
1788248848609849088,OK,1,0,19.44,0.359708,0,842,0,0.042115,0.086810,1.598678,0.0019313,-0.9977046,0.0564588,0.0373392
1788248848643185664,OK,1,0,20.2965,0.363333,0,893,0,0.042474,0.085230,1.589798,0.0019929,-0.9977155,0.0563112,0.0372668
1788248848676521984,OK,1,0,18.9383,0.351833,0,883,0,0.040634,0.085378,1.581654,0.0019940,-0.9977275,0.0562896,0.0369786
1788248848709858304,OK,1,0,18.388,0.345125,0,853,0,0.040098,0.084429,1.575127,0.0018715,-0.9977245,0.0562281,0.0371591
1788248848743194880,OK,1,0,19.163,0.362,0,837,0,0.039221,0.084804,1.568259,0.0019836,-0.9977203,0.0562201,0.0372773
1788248848776530944,OK,1,0,19.7467,0.342792,0,843,0,0.039184,0.083605,1.559900,0.0021714,-0.9977233,0.0562285,0.0371742
1788248848809867520,OK,1,0,20.517,0.349708,0,854,0,0.039796,0.083953,1.550537,0.0023973,-0.9977454,0.0561034,0.0367537
1788248848843205376,OK,1,0,21.0418,0.34825,0,816,0,0.042115,0.083598,1.539057,0.0026744,-0.9977837,0.0556395,0.0364000
1788248848876543232,OK,1,0,20.0305,0.346583,0,832,0,0.042826,0.082801,1.528394,0.0027391,-0.9978108,0.0551981,0.0363219
1788248848909881088,OK,1,0,19.931,0.34525,0,836,0,0.041181,0.083255,1.519940,0.0026089,-0.9978119,0.0552505,0.0362230
1788248848943218688,OK,1,0,20.129,0.368375,0,799,0,0.040861,0.081852,1.509801,0.0023145,-0.9978579,0.0546788,0.0358397
1788248848976556544,OK,1,0,18.562,0.34975,0,801,0,0.041385,0.082199,1.502054,0.0020946,-0.9979098,0.0542236,0.0350929
1788248849009894400,OK,1,0,19.5413,0.354167,0,795,0,0.040496,0.082059,1.492471,0.0018629,-0.9979445,0.0539865,0.0344772
1788248849043230976,OK,1,0,18.2918,0.348208,0,806,0,0.041696,0.080850,1.486446,0.0021530,-0.9979445,0.0539994,0.0344411
1788248849076568832,OK,1,0,18.7091,0.3325,0,783,0,0.044278,0.080500,1.474829,0.0024088,-0.9979774,0.0535822,0.0341227
1788248849109906432,OK,1,0,19.4962,0.352791,0,773,0,0.045180,0.079183,1.466923,0.0026394,-0.9980356,0.0529133,0.0334380
1788248849143244032,OK,1,0,19.1954,0.364584,0,1016,0,0.044342,0.078723,1.459832,0.0026771,-0.9980585,0.0531357,0.0323844
1788248849176581888,OK,1,0,21.1719,0.358875,0,931,0,0.045346,0.077478,1.452139,0.0024979,-0.9980654,0.0533652,0.0318015
1788248849209919488,OK,1,0,18.894,0.361542,0,927,0,0.044901,0.078939,1.442479,0.0023362,-0.9980863,0.0535501,0.0308319
1788248849243256832,OK,1,0,19.0984,0.342292,0,925,0,0.045504,0.076543,1.433880,0.0025787,-0.9981593,0.0528895,0.0295643
1788248849276594432,OK,1,0,20.4164,0.33125,0,903,0,0.046347,0.077054,1.426857,0.0026356,-0.9981770,0.0532912,0.0282105
1788248849309932032,OK,1,0,21.0993,0.356292,0,894,0,0.046207,0.076848,1.418578,0.0025795,-0.9981858,0.0540246,0.0264552
1788248849343269632,OK,1,0,21.1817,0.333917,0,879,0,0.048816,0.076129,1.408524,0.0024810,-0.9982268,0.0539127,0.0251088
1788248849376607232,OK,1,0,21.9231,0.349875,0,898,0,0.049160,0.076303,1.399541,0.0024936,-0.9983055,0.0532870,0.0232489
1788248849409944576,OK,1,0,20.2497,0.331708,0,899,0,0.051638,0.075758,1.391396,0.0026697,-0.9983571,0.0531783,0.0211689
1788248849443281920,OK,1,0,22.5305,0.372541,0,867,0,0.052904,0.075164,1.382373,0.0025827,-0.9984054,0.0531429,0.0188629
1788248849476618496,OK,1,0,20.6366,0.361458,0,899,0,0.054398,0.075488,1.373603,0.0022765,-0.9984446,0.0530128,0.0171122
1788248849509955840,OK,1,0,31.9054,0.318708,0,896,0,0.056382,0.073950,1.364787,0.0025275,-0.9984850,0.0527570,0.0154282
1788248849543293184,OK,1,0,19.5493,0.346084,0,879,0,0.056248,0.073387,1.358685,0.0025895,-0.9984956,0.0529297,0.0140830
1788248849576630528,OK,1,0,20.1806,0.353125,0,884,0,0.056547,0.073329,1.348311,0.0022476,-0.9985106,0.0528365,0.0134118
1788248849609967872,OK,1,0,18.9415,0.36875,0,847,0,0.056080,0.073093,1.338545,0.0021545,-0.9985141,0.0527817,0.0133787
1788248849643305216,OK,1,0,19.8532,0.354416,0,894,0,0.056147,0.072464,1.328209,0.0025601,-0.9985078,0.0528553,0.0134918
1788248849676642560,OK,1,0,20.3263,0.345125,0,886,0,0.056820,0.071418,1.320161,0.0028398,-0.9985428,0.0522430,0.0132263
1788248849709979648,OK,1,0,20.3529,0.33825,0,862,0,0.057968,0.071796,1.307700,0.0028710,-0.9985721,0.0517105,0.0130965
1788248849743316992,OK,1,0,20.9217,0.361,0,841,0,0.057571,0.071330,1.297479,0.0025916,-0.9985790,0.0515310,0.0133331
1788248849776654080,OK,1,0,18.9802,0.350708,0,801,0,0.055664,0.069695,1.287791,0.0026319,-0.9985681,0.0517873,0.0131557
1788248849809991424,OK,1,0,20.5626,0.368916,0,827,0,0.055691,0.069395,1.278024,0.0024876,-0.9985878,0.0514811,0.0128809
1788248849843332096,OK,1,0,18.7954,0.351334,0,784,0,0.056155,0.068977,1.267600,0.0026513,-0.9986025,0.0511807,0.0129044
1788248849876672512,OK,1,0,18.4329,0.340334,0,792,0,0.054940,0.067907,1.259576,0.0025826,-0.9985934,0.0513906,0.0127896
1788248849910012416,OK,1,0,19.7235,0.362042,0,817,0,0.054723,0.069142,1.249749,0.0028774,-0.9985986,0.0513306,0.0125593
1788248849943353088,OK,1,0,20.3677,0.350625,0,777,0,0.054684,0.068772,1.239401,0.0030611,-0.9986290,0.0507742,0.0123558
1788248849976693504,OK,1,0,20.2282,0.341416,0,768,0,0.054636,0.069369,1.227856,0.0031052,-0.9986505,0.0503483,0.0123560
1788248850010034432,OK,1,0,20.7253,0.335333,0,755,0,0.053205,0.068260,1.217224,0.0027525,-0.9986564,0.0502666,0.0122948
1788248850043375104,OK,1,0,19.6879,0.3625,0,766,0,0.052408,0.067305,1.207267,0.0024893,-0.9986619,0.0501507,0.0123708
1788248850076715776,OK,1,0,18.2956,0.34525,0,765,0,0.052194,0.066652,1.193385,0.0019250,-0.9986894,0.0496644,0.0122229
1788248850110056704,OK,1,0,19.061,0.30975,0,756,0,0.049925,0.066768,1.184122,0.0018212,-0.9986982,0.0495409,0.0120186
1788248850143397120,OK,1,0,20.2859,0.352833,0,1061,0,0.049454,0.065643,1.174987,0.0017862,-0.9986994,0.0495710,0.0117937
1788248850176738048,OK,1,0,20.1878,0.338625,0,946,0,0.050573,0.064449,1.165356,0.0020607,-0.9987048,0.0494160,0.0119393
1788248850210078976,OK,1,0,20.3063,0.380291,0,909,0,0.050856,0.064062,1.154978,0.0021260,-0.9987162,0.0491323,0.0121449
1788248850243419392,OK,1,0,19.689,0.367458,0,890,0,0.048980,0.065226,1.145646,0.0018523,-0.9987153,0.0492608,0.0117298
1788248850276760320,OK,1,0,19.2781,0.358667,0,904,0,0.050895,0.064766,1.135149,0.0018454,-0.9987097,0.0494233,0.0115255
1788248850310100992,OK,1,0,20.914,0.356542,0,839,0,0.047609,0.064366,1.124052,0.0015343,-0.9987264,0.0491619,0.0112408
1788248850343441920,OK,1,0,20.9521,0.361084,0,833,0,0.046928,0.062800,1.113608,0.0014931,-0.9987386,0.0488240,0.0116281
1788248850376781824,OK,1,0,21.2658,0.3425,0,831,0,0.046697,0.062365,1.102821,0.0016867,-0.9987410,0.0487903,0.0115325
1788248850410122496,OK,1,0,21.0727,0.374375,0,814,0,0.048733,0.063381,1.091825,0.0019083,-0.9987378,0.0488552,0.0115108
1788248850443463424,OK,1,0,21.4277,0.355167,0,783,0,0.048008,0.062026,1.083400,0.0020615,-0.9987400,0.0487120,0.0118856
1788248850476804096,OK,1,0,19.7402,0.33875,0,759,0,0.045262,0.060638,1.073254,0.0020255,-0.9987366,0.0487105,0.0121828
1788248850510145024,OK,1,0,42.359,0.34025,0,788,0,0.041917,0.060982,1.065865,0.0015656,-0.9987066,0.0494498,0.0117276
1788248850543485952,OK,1,0,18.6703,0.353709,0,760,0,0.042197,0.059858,1.055550,0.0012309,-0.9986918,0.0498101,0.0114991
1788248850576826624,OK,1,0,20.6465,0.361041,0,770,0,0.041918,0.059217,1.046502,0.0011765,-0.9986726,0.0501193,0.0118204
1788248850610167552,OK,1,0,20.3319,0.350458,0,753,0,0.043868,0.057846,1.036414,0.0016208,-0.9986665,0.0501170,0.0122878
1788248850643508480,OK,1,0,20.1363,0.369417,0,785,0,0.043957,0.058143,1.025742,0.0019874,-0.9986750,0.0501098,0.0115463
1788248850676849408,OK,1,0,18.889,0.3585,0,777,0,0.043472,0.056911,1.015414,0.0023051,-0.9986857,0.0500021,0.0110139
1788248850710190080,OK,1,0,18.7153,0.327875,0,747,0,0.043708,0.056554,1.006617,0.0020406,-0.9986668,0.0503217,0.0113261
1788248850743531008,OK,1,0,17.8985,0.369042,0,716,0,0.041981,0.055848,0.997383,0.0018985,-0.9986521,0.0506171,0.0113293
1788248850776872192,OK,1,0,18.4901,0.3535,0,721,0,0.040758,0.055582,0.987036,0.0017674,-0.9986495,0.0507503,0.0109766
1788248850810211840,OK,1,0,19.9301,0.341,0,714,0,0.041427,0.054092,0.976453,0.0017100,-0.9986596,0.0505497,0.0109994
1788248850843549952,OK,1,0,20.3764,0.350625,0,697,0,0.041356,0.053345,0.965973,0.0020655,-0.9986659,0.0504142,0.0109830
1788248850876888064,OK,1,0,20.3057,0.329292,0,692,0,0.041792,0.052141,0.956347,0.0023191,-0.9986798,0.0501443,0.0108997
1788248850910226432,OK,1,0,19.8347,0.311167,0,687,0,0.040670,0.053335,0.948127,0.0024521,-0.9986803,0.0501664,0.0107235
1788248850943564544,OK,1,0,18.1158,0.3465,0,675,0,0.040987,0.052094,0.935758,0.0024280,-0.9986682,0.0503446,0.0110150
1788248850976902656,OK,1,0,18.9553,0.342542,0,647,0,0.039343,0.052113,0.926700,0.0021261,-0.9986491,0.0507235,0.0110737
1788248851010240512,OK,1,0,19.5143,0.351583,0,659,0,0.037989,0.050854,0.916238,0.0018958,-0.9986348,0.0510329,0.0109849
1788248851043578624,OK,1,0,18.7575,0.580875,0,665,0,0.036991,0.050297,0.908956,0.0015461,-0.9986289,0.0511689,0.0109428
1788248851076916480,OK,1,0,17.4748,0.355708,0,646,0,0.038234,0.049750,0.898172,0.0015124,-0.9986139,0.0514476,0.0110092
1788248851110254336,OK,1,0,17.2387,0.338542,0,605,0,0.040544,0.050630,0.886019,0.0019297,-0.9986085,0.0515472,0.0109736
1788248851143592448,OK,1,0,18.4352,0.352167,0,1072,0,0.040585,0.050966,0.876157,0.0022393,-0.9986123,0.0514760,0.0108996
1788248851176930304,OK,1,0,20.2437,0.351917,0,894,0,0.039914,0.050263,0.866967,0.0022797,-0.9986156,0.0513474,0.0111895
1788248851210268416,OK,1,0,19.8889,0.349083,0,902,0,0.040008,0.050010,0.856784,0.0021392,-0.9985955,0.0516862,0.0114524
1788248851243604992,OK,1,0,18.9551,0.341334,0,863,0,0.039728,0.049457,0.846915,0.0019259,-0.9985830,0.0519447,0.0114072
1788248851276942848,OK,1,0,18.9658,0.358209,0,857,0,0.038036,0.048878,0.838406,0.0018992,-0.9985696,0.0522159,0.0113448
1788248851310280704,OK,1,0,19.9554,0.33675,0,828,0,0.038270,0.047118,0.829024,0.0020555,-0.9985574,0.0523857,0.0116070
1788248851343618560,OK,1,0,20.3249,0.350042,0,833,0,0.039369,0.046813,0.819653,0.0022332,-0.9985425,0.0526949,0.0114471
1788248851376956416,OK,1,0,20.6782,0.325833,0,842,0,0.039786,0.045800,0.810912,0.0024857,-0.9985487,0.0526439,0.0110828
1788248851410294016,OK,1,0,19.5847,0.363292,0,808,0,0.039320,0.045428,0.800922,0.0025920,-0.9985337,0.0528844,0.0112686
1788248851443631872,OK,1,0,21.0302,0.374417,0,820,0,0.038372,0.044917,0.793151,0.0025163,-0.9984953,0.0535439,0.0115678
1788248851476969472,OK,1,0,20.5875,0.354875,0,802,0,0.036620,0.044887,0.783532,0.0023391,-0.9984816,0.0538552,0.0113462
1788248851510307072,OK,1,0,36.1928,0.345666,0,764,0,0.035752,0.043903,0.774873,0.0021290,-0.9984817,0.0538803,0.0112577
1788248851543644672,OK,1,0,19.4167,0.341041,0,797,0,0.035240,0.043172,0.765045,0.0021001,-0.9984736,0.0540172,0.0113268
1788248851576982528,OK,1,0,19.3643,0.358459,0,765,0,0.035673,0.042391,0.754580,0.0020736,-0.9984726,0.0540308,0.0113540
1788248851610320128,OK,1,0,18.1942,0.358125,0,781,0,0.035884,0.042019,0.744540,0.0025755,-0.9984928,0.0536753,0.0111544
1788248851643657472,OK,1,0,18.8034,0.349041,0,773,0,0.037175,0.041736,0.732336,0.0029391,-0.9985098,0.0533012,0.0113366
1788248851676995072,OK,1,0,17.9695,0.334708,0,751,0,0.036954,0.041702,0.723112,0.0029660,-0.9984964,0.0534649,0.0117339
1788248851710331648,OK,1,0,17.308,0.33525,0,723,0,0.035409,0.040679,0.713048,0.0029682,-0.9984972,0.0534788,0.0115968
1788248851743669248,OK,1,0,19.6717,0.348917,0,749,0,0.035280,0.039683,0.702861,0.0027368,-0.9985093,0.0532679,0.0115898
1788248851777006592,OK,1,0,20.8272,0.362375,0,720,0,0.035601,0.038432,0.693320,0.0026851,-0.9984970,0.0535120,0.0115306
1788248851810343936,OK,1,0,17.9307,0.355084,0,698,0,0.034305,0.038637,0.684751,0.0026604,-0.9984636,0.0541712,0.0113466
1788248851843692032,OK,1,0,18.6579,0.338208,0,708,0,0.034901,0.038328,0.674129,0.0031441,-0.9984672,0.0541153,0.0111769
1788248851877040128,OK,1,0,19.1005,0.356917,0,666,0,0.036238,0.037971,0.663586,0.0035213,-0.9984697,0.0540103,0.0113518
1788248851910388224,OK,1,0,17.8968,0.345834,0,687,0,0.034986,0.037553,0.656427,0.0036120,-0.9984494,0.0543730,0.0113750
1788248851943736576,OK,1,0,17.6698,0.354584,0,694,0,0.035006,0.036801,0.644270,0.0035153,-0.9984412,0.0544806,0.0116094
1788248851977084672,OK,1,0,17.6966,0.358333,0,673,0,0.034093,0.036640,0.635088,0.0032385,-0.9984423,0.0545148,0.0114300
1788248852010433024,OK,1,0,18.8101,0.390417,0,667,0,0.034690,0.035475,0.625402,0.0029646,-0.9984201,0.0549256,0.0114826
1788248852043781376,OK,1,0,18.556,0.344958,0,653,0,0.033943,0.033943,0.615378,0.0027996,-0.9984033,0.0552291,0.0115280
1788248852077129984,OK,1,0,17.682,0.349625,0,644,0,0.032948,0.033021,0.606003,0.0028210,-0.9984104,0.0551702,0.0111815
1788248852110478592,OK,1,0,18.2157,0.359542,0,630,0,0.034553,0.032673,0.595925,0.0032395,-0.9984099,0.0551236,0.0113420
1788248852143826176,OK,1,0,17.9349,0.368125,0,1177,0,0.033547,0.031785,0.587578,0.0032247,-0.9983804,0.0556372,0.0114320
1788248852177174784,OK,1,0,19.9969,0.336,0,987,0,0.032297,0.031777,0.578318,0.0031419,-0.9983705,0.0557908,0.0115708
1788248852210523648,OK,1,0,19.5689,0.347,0,981,0,0.032221,0.030906,0.568034,0.0029570,-0.9983819,0.0556017,0.0115449
1788248852243872256,OK,1,0,19.2296,0.352,0,938,0,0.031156,0.030075,0.558266,0.0025599,-0.9983826,0.0556360,0.0114120
1788248852277221120,OK,1,0,21.0877,0.349,0,942,0,0.029906,0.029585,0.548933,0.0026126,-0.9983768,0.0557479,0.0113655
1788248852310570240,OK,1,0,20.631,0.351958,0,940,0,0.031281,0.029527,0.537580,0.0026219,-0.9983808,0.0556703,0.0113852
1788248852343919360,OK,1,0,21.7418,0.516125,0,923,0,0.031094,0.029385,0.527567,0.0031177,-0.9984088,0.0551682,0.0112538
1788248852377268480,OK,1,0,21.3432,0.364375,0,900,0,0.031269,0.029174,0.517308,0.0033702,-0.9984105,0.0550729,0.0114985
1788248852410617600,OK,1,0,21.4124,0.362542,0,903,0,0.031509,0.028392,0.506490,0.0033807,-0.9984025,0.0551951,0.0116003
1788248852443966720,OK,1,0,21.5455,0.33425,0,868,0,0.030509,0.028266,0.495640,0.0034408,-0.9984376,0.0546037,0.0113595
1788248852477316096,OK,1,0,36.4442,0.321375,0,847,0,0.029491,0.028115,0.485437,0.0031719,-0.9984517,0.0544346,0.0110033
1788248852510665472,OK,1,0,20.1744,0.367375,0,813,0,0.028592,0.027428,0.475814,0.0030024,-0.9984356,0.0547369,0.0110118
1788248852544015104,OK,1,0,20.4593,0.371041,0,797,0,0.029016,0.026658,0.465598,0.0032243,-0.9984392,0.0546374,0.0111131
1788248852577363456,OK,1,0,19.4288,0.372042,0,785,0,0.029244,0.026205,0.454500,0.0033392,-0.9984609,0.0542605,0.0109797
1788248852610713088,OK,1,0,20.4528,0.348375,0,802,0,0.028831,0.025688,0.445880,0.0032529,-0.9984398,0.0546608,0.0109357
1788248852644062720,OK,1,0,18.4164,0.353708,0,746,0,0.027864,0.024773,0.436895,0.0031314,-0.9984161,0.0550941,0.0109608
1788248852677412608,OK,1,0,17.1123,0.350542,0,710,0,0.027753,0.024004,0.426837,0.0030526,-0.9984151,0.0551320,0.0108911
1788248852710762496,OK,1,0,17.3703,0.342166,0,665,0,0.025611,0.023571,0.416716,0.0027977,-0.9984248,0.0550421,0.0105147
1788248852744112384,OK,1,0,17.7315,0.370708,0,684,0,0.024154,0.022981,0.408838,0.0025765,-0.9984137,0.0552475,0.0105426
1788248852777462272,OK,1,0,18.0015,0.342083,0,695,0,0.023482,0.023095,0.398015,0.0027814,-0.9984022,0.0554427,0.0105556
1788248852810812160,OK,1,0,20.3759,0.356542,0,629,0,0.025125,0.021990,0.387981,0.0029761,-0.9984237,0.0550540,0.0105023
1788248852844150016,OK,1,0,19.1535,0.34825,0,635,0,0.025007,0.020827,0.376937,0.0030893,-0.9984354,0.0547591,0.0108968
1788248852877487872,OK,1,0,19.3532,0.342375,0,607,0,0.024641,0.021898,0.365619,0.0031278,-0.9984312,0.0548344,0.0108917
1788248852910825472,OK,1,0,17.2707,0.350542,0,607,0,0.025173,0.021248,0.356668,0.0034196,-0.9984421,0.0546468,0.0107425
1788248852944163328,OK,1,0,18.0904,0.298875,0,596,0,0.024394,0.019741,0.345981,0.0032684,-0.9984616,0.0543211,0.0106272
1788248852977500928,OK,1,0,18.0865,0.365833,0,584,0,0.024282,0.019290,0.336005,0.0031430,-0.9984631,0.0542634,0.0108227
1788248853010837760,OK,1,0,17.2848,0.371916,0,564,0,0.020511,0.017994,0.327770,0.0031660,-0.9984649,0.0543026,0.0104369
1788248853044175360,OK,1,0,18.0603,0.347791,0,584,0,0.020956,0.018873,0.317225,0.0032552,-0.9984742,0.0541706,0.0102071
1788248853077512704,OK,1,0,17.2313,0.35425,0,555,0,0.020465,0.016828,0.305629,0.0031660,-0.9984844,0.0539591,0.0103585
1788248853110850304,OK,1,0,18.8892,0.374334,0,539,0,0.021031,0.016227,0.295870,0.0032029,-0.9984729,0.0540866,0.0107814
1788248853144187648,OK,1,0,17.6423,0.356375,0,1034,0,0.019459,0.013942,0.286732,0.0033625,-0.9984980,0.0536909,0.0103832
1788248853177525504,OK,1,0,18.2565,0.349792,0,871,0,0.018018,0.013724,0.277181,0.0031139,-0.9985145,0.0534535,0.0100898
1788248853210862848,OK,1,0,18.1064,0.354333,0,853,0,0.017112,0.013092,0.266703,0.0030561,-0.9985165,0.0534175,0.0101024
1788248853244200192,OK,1,0,18.7893,0.353,0,855,0,0.017322,0.012545,0.256738,0.0033594,-0.9985237,0.0532822,0.0100116
1788248853277537536,OK,1,0,18.6517,0.36,0,810,0,0.017406,0.013092,0.245876,0.0033224,-0.9985359,0.0530854,0.0098500
1788248853310874880,OK,1,0,19.1194,0.377958,0,812,0,0.016498,0.012517,0.235648,0.0032757,-0.9985489,0.0528370,0.0098788
1788248853344212224,OK,1,0,19.6843,0.336333,0,805,0,0.015840,0.011922,0.224433,0.0031430,-0.9985579,0.0526143,0.0102018
1788248853377549568,OK,1,0,19.8238,0.344958,0,790,0,0.014124,0.011691,0.214678,0.0031516,-0.9985607,0.0526272,0.0098432
1788248853410886656,OK,1,0,19.395,0.340917,0,759,0,0.013433,0.011162,0.203812,0.0026851,-0.9985769,0.0523861,0.0096304
1788248853444224000,OK,1,0,39.1353,0.345416,0,730,0,0.010549,0.010381,0.194907,0.0023493,-0.9985853,0.0522845,0.0093935
1788248853477560064,OK,1,0,17.0946,0.360583,0,701,0,0.012358,0.010150,0.183292,0.0026113,-0.9985750,0.0524002,0.0097644
1788248853510897152,OK,1,0,18.8705,0.348041,0,717,0,0.012243,0.009968,0.173926,0.0026643,-0.9985771,0.0523867,0.0096082
1788248853544234496,OK,1,0,15.6738,0.3475,0,682,0,0.012976,0.009406,0.162806,0.0027220,-0.9985855,0.0521695,0.0099016
1788248853577571584,OK,1,0,16.2148,0.336,0,681,0,0.014057,0.009201,0.151754,0.0029548,-0.9985779,0.0521963,0.0104430
1788248853610908416,OK,1,0,15.7506,0.349917,0,639,0,0.012593,0.009324,0.141902,0.0027852,-0.9985833,0.0521690,0.0101066
1788248853644245504,OK,1,0,17.0203,0.368417,0,609,0,0.011551,0.008621,0.131091,0.0026244,-0.9986097,0.0517079,0.0099067
1788248853677582592,OK,1,0,16.8637,0.361208,0,610,0,0.010968,0.007654,0.120465,0.0027649,-0.9986163,0.0515091,0.0102365
1788248853710919424,OK,1,0,17.2749,0.3565,0,588,0,0.010854,0.007796,0.110372,0.0030711,-0.9986191,0.0514314,0.0102621
1788248853744256256,OK,1,0,15.3958,0.364208,0,563,0,0.012059,0.006969,0.099821,0.0033466,-0.9986293,0.0512686,0.0099937
1788248853777593344,OK,1,0,15.8275,0.363208,0,532,0,0.013206,0.005329,0.090743,0.0031460,-0.9986421,0.0509648,0.0103270
1788248853810930176,OK,1,0,16.3206,0.346375,0,534,0,0.013538,0.004541,0.081050,0.0030631,-0.9986289,0.0510857,0.0110046
1788248853844270848,OK,1,0,15.1174,0.345541,0,529,0,0.013986,0.003696,0.071296,0.0029820,-0.9986027,0.0516013,0.0110038
1788248853877623808,OK,1,0,14.8346,0.345583,0,524,0,0.013772,0.001820,0.060544,0.0028057,-0.9986012,0.0516953,0.0107390
1788248853910993408,OK,1,0,15.3155,0.33825,0,534,0,0.012239,0.001218,0.050994,0.0027320,-0.9985892,0.0518876,0.0109509
1788248853944364032,OK,1,0,15.6598,0.343834,0,507,0,0.012089,0.000706,0.042848,0.0029678,-0.9985863,0.0519290,0.0109525
1788248853977734912,OK,1,0,14.9436,0.342291,0,495,0,0.015402,-0.000130,0.031215,0.0033032,-0.9985850,0.0519295,0.0109754
1788248854011106048,OK,1,0,14.4247,0.34325,0,486,0,0.015025,-0.001806,0.020808,0.0036635,-0.9986091,0.0514578,0.0108864
1788248854044476928,OK,1,0,14.9938,0.371375,0,497,0,0.017025,-0.001544,0.008361,0.0037250,-0.9986050,0.0513692,0.0116365
1788248854077848320,OK,1,0,14.4479,0.359167,0,483,0,0.014992,-0.002062,-0.002391,0.0036951,-0.9986162,0.0512226,0.0113344
1788248854111219968,OK,1,0,15.4493,0.360417,0,481,0,0.014824,-0.002104,-0.011345,0.0035678,-0.9986359,0.0509096,0.0110312
1788248854144591872,OK,1,0,14.0823,0.351667,0,810,0,0.015719,-0.002120,-0.023437,0.0035179,-0.9986226,0.0511207,0.0112819
1788248854177963520,OK,1,0,16.7237,0.334833,0,640,0,0.016257,-0.002672,-0.032620,0.0035983,-0.9986131,0.0512481,0.0115194
1788248854211335680,OK,1,0,15.4845,0.344417,0,631,0,0.015594,-0.002379,-0.043117,0.0039210,-0.9986070,0.0514157,0.0111852
1788248854244708096,OK,1,0,16.5534,0.362167,0,592,0,0.016884,-0.003057,-0.052328,0.0038530,-0.9986178,0.0512124,0.0111753
1788248854278080256,OK,1,0,16.4348,0.349959,0,596,0,0.013343,-0.003161,-0.062299,0.0037154,-0.9986032,0.0515134,0.0111466
1788248854311453184,OK,1,0,16.8478,0.360875,0,602,0,0.012426,-0.003689,-0.071950,0.0035003,-0.9985952,0.0516937,0.0110944
1788248854344825856,OK,1,0,15.9898,0.309292,0,596,0,0.012318,-0.002795,-0.082335,0.0032222,-0.9985789,0.0520459,0.0109996
1788248854378197760,OK,1,0,16.1933,0.392833,0,579,0,0.011669,-0.004087,-0.092109,0.0030344,-0.9985702,0.0521859,0.0111792
1788248854411570944,OK,1,0,28.248,0.360333,0,589,0,0.009312,-0.004471,-0.100872,0.0030592,-0.9985693,0.0522547,0.0109347
1788248854444944384,OK,1,0,16.0451,0.3595,0,585,0,0.010267,-0.004889,-0.111143,0.0030850,-0.9985716,0.0522166,0.0108927
1788248854478317568,OK,1,0,16.1013,0.357542,0,562,0,0.011454,-0.006052,-0.122558,0.0032015,-0.9985954,0.0517362,0.0109795
1788248854511691520,OK,1,0,15.3756,0.358417,0,543,0,0.010882,-0.006742,-0.132755,0.0031349,-0.9986129,0.0513466,0.0112236
1788248854545065216,OK,1,0,13.8489,0.361542,0,537,0,0.011537,-0.007344,-0.141203,0.0033173,-0.9986016,0.0514583,0.0116637
1788248854578439168,OK,1,0,13.336,0.346667,0,515,0,0.010954,-0.008637,-0.150344,0.0032765,-0.9986157,0.0512503,0.0113744
1788248854611813376,OK,1,0,13.7009,0.349291,0,517,0,0.011316,-0.011782,-0.161076,0.0030089,-0.9986204,0.0511427,0.0115201
1788248854645187840,OK,1,0,14.662,0.350708,0,503,0,0.009374,-0.012599,-0.168484,0.0030435,-0.9985937,0.0516469,0.0115707
1788248854678562560,OK,1,0,15.0021,0.341584,0,509,0,0.010491,-0.012349,-0.180432,0.0031366,-0.9985703,0.0520737,0.0116602
1788248854711937024,OK,1,0,15.4623,0.344542,0,469,0,0.010959,-0.012954,-0.191466,0.0033198,-0.9985666,0.0521956,0.0113721
1788248854745312000,OK,1,0,13.5921,0.332084,0,484,0,0.008258,-0.012394,-0.200393,0.0035236,-0.9985676,0.0521806,0.0112948
1788248854778686976,OK,1,0,13.4226,0.366791,0,458,0,0.008302,-0.012613,-0.209138,0.0031751,-0.9985351,0.0527286,0.0117197
1788248854812061184,OK,1,0,13.468,0.364125,0,460,0,0.006151,-0.015531,-0.218215,0.0029049,-0.9985505,0.0525319,0.0113522
1788248854845436672,OK,1,0,13.2523,0.351583,0,464,0,0.004616,-0.014313,-0.230916,0.0025435,-0.9985465,0.0526913,0.0110545
1788248854878796288,OK,1,0,14.1367,0.337125,0,436,0,0.005154,-0.015116,-0.241579,0.0023062,-0.9985420,0.0527251,0.0113460
1788248854912134400,OK,1,0,13.3934,0.3595,0,427,0,0.005617,-0.015388,-0.250016,0.0023543,-0.9985371,0.0527802,0.0115091
1788248854945472256,OK,1,0,13.194,0.343084,0,407,0,0.008459,-0.015573,-0.261032,0.0025826,-0.9985530,0.0524233,0.0117108
1788248854978810368,OK,1,0,13.6671,0.351667,0,411,0,0.007820,-0.016062,-0.270366,0.0030000,-0.9985839,0.0517725,0.0118667
1788248855012148224,OK,1,0,13.3237,0.362125,0,421,0,0.007602,-0.017072,-0.282086,0.0029430,-0.9986014,0.0513794,0.0121181
1788248855045486080,OK,1,0,13.9085,0.349292,0,401,0,0.006762,-0.017771,-0.292325,0.0030533,-0.9986114,0.0511534,0.0122210
1788248855078823936,OK,1,0,12.9147,0.311375,0,388,0,0.007848,-0.018625,-0.304903,0.0029768,-0.9986261,0.0508793,0.0121846
1788248855112161792,OK,1,0,13.1094,0.343834,0,381,0,0.003927,-0.019748,-0.309496,0.0029788,-0.9986262,0.0509758,0.0117645
1788248855145499648,OK,1,0,14.0548,0.358875,0,674,0,0.004856,-0.019452,-0.322087,0.0028004,-0.9985961,0.0516114,0.0115879
1788248855178837760,OK,1,0,15.4122,0.355083,0,566,0,0.005352,-0.019283,-0.332502,0.0030675,-0.9985923,0.0517050,0.0114329
1788248855212175360,OK,1,0,15.0751,0.368833,0,575,0,0.006465,-0.019359,-0.341654,0.0034681,-0.9985887,0.0516947,0.0116739
1788248855245512192,OK,1,0,15.2477,0.364042,0,524,0,0.005643,-0.018819,-0.350009,0.0036187,-0.9985753,0.0518988,0.0118668
1788248855278850048,OK,1,0,15.4619,0.36125,0,509,0,0.005514,-0.020079,-0.359640,0.0037988,-0.9985740,0.0519020,0.0119027
1788248855312187648,OK,1,0,31.2542,0.353416,0,521,0,0.002460,-0.019403,-0.371315,0.0033909,-0.9985964,0.0516140,0.0113889
1788248855345525760,OK,1,0,13.292,0.367083,0,498,0,0.004864,-0.020400,-0.380645,0.0036484,-0.9985878,0.0516591,0.0118531
1788248855378863360,OK,1,0,14.0548,0.349834,0,498,0,0.002985,-0.021850,-0.388228,0.0037400,-0.9985786,0.0519214,0.0114451
1788248855412200960,OK,1,0,12.4611,0.370542,0,491,0,0.004462,-0.022866,-0.397575,0.0038098,-0.9985576,0.0522964,0.0115426
1788248855445538816,OK,1,0,13.9886,0.328417,0,495,0,0.005266,-0.024058,-0.405242,0.0039864,-0.9985689,0.0520653,0.0115570
1788248855478876416,OK,1,0,14.1376,0.327917,0,472,0,0.006373,-0.023671,-0.414876,0.0039804,-0.9985465,0.0524421,0.0117824
1788248855512214016,OK,1,0,13.1955,0.359083,0,463,0,0.005685,-0.025636,-0.422578,0.0040506,-0.9985282,0.0527471,0.0119471
1788248855545551872,OK,1,0,12.6903,0.328666,0,451,0,0.005100,-0.025591,-0.432875,0.0039415,-0.9985355,0.0526248,0.0119198
1788248855578889472,OK,1,0,12.4818,0.323875,0,447,0,0.003099,-0.025558,-0.442988,0.0038615,-0.9985572,0.0522114,0.0119420
1788248855612227072,OK,1,0,13.2428,0.312584,0,415,0,0.000911,-0.025325,-0.452706,0.0037357,-0.9985437,0.0523631,0.0124329
1788248855645564672,OK,1,0,14.1244,0.321292,0,425,0,0.001360,-0.025601,-0.460327,0.0038428,-0.9985132,0.0527849,0.0130530
1788248855678902016,OK,1,0,12.3435,0.342625,0,403,0,0.001906,-0.026757,-0.470721,0.0041594,-0.9985172,0.0523880,0.0142031
1788248855712238848,OK,1,0,13.8254,0.340875,0,388,0,0.001335,-0.028295,-0.480127,0.0044791,-0.9985492,0.0511434,0.0162425
1788248855745576448,OK,1,0,13.0652,0.35325,0,361,0,-0.001367,-0.027395,-0.489094,0.0045963,-0.9985175,0.0510468,0.0183301
1788248855778913792,OK,1,0,12.4132,0.364,0,348,0,-0.002860,-0.027576,-0.498174,0.0045847,-0.9984595,0.0514035,0.0203774
1788248855812251392,OK,1,0,11.5725,0.3525,0,334,0,-0.006699,-0.029575,-0.506641,0.0047855,-0.9984234,0.0514738,0.0218694
1788248855845588992,OK,1,0,12.958,0.335583,0,310,0,-0.008915,-0.030118,-0.513736,0.0046674,-0.9983734,0.0514566,0.0241060
1788248855878927360,OK,1,0,11.9794,0.353791,0,713,0,-0.013386,-0.030973,-0.519665,0.0042217,-0.9982854,0.0516011,0.0273098
1788248855912267008,OK,1,0,13.3941,0.3835,0,552,0,-0.018167,-0.031176,-0.526293,0.0043895,-0.9981658,0.0517794,0.0310582
1788248855945606656,OK,1,0,12.956,0.489333,0,500,0,-0.021077,-0.032393,-0.533965,0.0045580,-0.9980562,0.0515836,0.0346746
1788248855978946304,OK,1,0,11.5005,0.380375,0,490,0,-0.025758,-0.033966,-0.541925,0.0043353,-0.9979470,0.0512673,0.0381393
1788248856012286208,OK,1,0,14.98,0.32625,0,480,0,-0.029635,-0.033810,-0.550967,0.0042452,-0.9978130,0.0510523,0.0417710
1788248856045625856,OK,1,0,13.2277,0.337917,0,454,0,-0.035598,-0.033620,-0.560305,0.0039517,-0.9976790,0.0509339,0.0450195
1788248856078965248,OK,1,0,13.2793,0.336125,0,431,0,-0.038880,-0.033768,-0.567871,0.0037064,-0.9974884,0.0510480,0.0489628
1788248856112304896,OK,1,0,13.1792,0.362708,0,439,0,-0.042849,-0.034732,-0.574713,0.0038874,-0.9972845,0.0508937,0.0530873
1788248856145643776,OK,1,0,13.7115,0.309417,0,402,0,-0.046927,-0.035346,-0.582624,0.0040313,-0.9970487,0.0507928,0.0574254
1788248856178983424,OK,1,0,20.428,0.357667,0,394,0,-0.055136,-0.034498,-0.588424,0.0042196,-0.9967822,0.0508489,0.0618207
1788248856212323072,OK,1,0,12.1704,0.368125,0,381,0,-0.060577,-0.034865,-0.594993,0.0040521,-0.9964406,0.0505760,0.0673188
1788248856245662720,OK,1,0,12.1795,0.345625,0,380,0,-0.066125,-0.035883,-0.602539,0.0037205,-0.9960419,0.0505469,0.0730184
1788248856279002368,OK,1,0,10.7492,0.3455,0,315,0,-0.073278,-0.037000,-0.605701,0.0034100,-0.9955988,0.0507236,0.0787307
1788248856312342016,OK,1,0,11.0336,0.340708,0,302,0,-0.079740,-0.036648,-0.609726,0.0036877,-0.9951252,0.0510381,0.0843045
1788248856345681920,OK,1,0,11.6463,0.345,0,280,0,-0.086203,-0.036417,-0.612899,0.0036418,-0.9945688,0.0512201,0.0905325
1788248856379021568,OK,1,0,12.297,0.325167,0,299,0,-0.089684,-0.035022,-0.620339,0.0035050,-0.9939106,0.0515819,0.0973080
1788248856412361216,OK,1,0,10.794,0.3475,0,268,0,-0.096817,-0.035979,-0.623634,0.0033722,-0.9932445,0.0511686,0.1040956
1788248856445700864,OK,1,0,10.7406,0.362958,0,248,0,-0.104407,-0.036232,-0.626241,0.0032407,-0.9925205,0.0508076,0.1109555
1788248856479040512,OK,1,0,10.5336,0.33475,0,244,0,-0.112542,-0.036842,-0.631790,0.0031249,-0.9917378,0.0506247,0.1178282
1788248856512380416,OK,1,0,10.9494,0.356375,0,602,0,-0.118608,-0.038290,-0.638742,0.0029948,-0.9909058,0.0506925,0.1246073
1788248856545720064,OK,1,0,11.3483,0.348666,0,395,0,-0.121821,-0.038061,-0.640601,0.0029327,-0.9899745,0.0506330,0.1318265
1788248856579058688,OK,1,0,11.5187,0.35325,0,358,0,-0.133041,-0.039499,-0.646360,0.0030261,-0.9891105,0.0503491,0.1382614
1788248856612398336,OK,1,0,18.3502,0.351,0,354,0,-0.136553,-0.038864,-0.647777,0.0024731,-0.9880120,0.0501712,0.1459764
1788248856645737984,OK,1,0,12.419,0.365166,0,325,0,-0.146466,-0.039225,-0.652324,0.0019581,-0.9869422,0.0501049,0.1530710
1788248856679077888,OK,1,0,11.1065,0.317708,0,302,0,-0.155955,-0.038694,-0.655433,0.0016909,-0.9858170,0.0497797,0.1602623
1788248856712417536,OK,1,0,10.3134,0.316041,0,294,0,-0.167146,-0.037945,-0.660028,0.0016721,-0.9846884,0.0498423,0.1670380
1788248856745757184,OK,1,0,10.3583,0.334167,0,268,0,-0.176247,-0.037784,-0.661135,0.0015058,-0.9834888,0.0499623,0.1739291
1788248856779096832,OK,1,0,10.8335,0.323875,0,252,0,-0.183172,-0.035964,-0.664829,0.0014637,-0.9821815,0.0499166,0.1811784
1788248856812436480,OK,1,0,10.6892,0.333041,0,230,0,-0.187480,-0.037591,-0.666085,0.0014882,-0.9807637,0.0499514,0.1886935
1788248856845776384,OK,1,0,10.4759,0.378708,0,240,0,-0.194898,-0.037549,-0.671288,0.0013181,-0.9792491,0.0498846,0.1964207
1788248856879118848,OK,1,0,10.7919,0.348541,0,216,0,-0.202548,-0.037697,-0.672794,0.0016451,-0.9777157,0.0499948,0.2038867
1788248856912465408,OK,1,0,11.0441,0.337334,0,238,0,-0.208874,-0.037844,-0.675924,0.0015784,-0.9761807,0.0504252,0.2110120
1788248856945811712,OK,1,0,11.0543,0.342166,0,434,0,-0.214171,-0.038819,-0.670987,0.0019082,-0.9746445,0.0504660,0.2179855
1788248856979158528,OK,1,0,11.633,0.340375,0,342,0,-0.221899,-0.038499,-0.672096,0.0022134,-0.9730449,0.0504201,0.2250257
1788248857012504832,OK,1,0,12.7898,0.360416,0,296,0,-0.224458,-0.039068,-0.672548,0.0020103,-0.9712052,0.0503469,0.2328554
1788248857045850624,OK,1,0,28.092,0.352833,0,298,0,-0.232300,-0.040788,-0.675407,0.0017639,-0.9693045,0.0503406,0.2406481
1788248857079197184,OK,1,0,12.3668,0.329292,0,279,0,-0.238119,-0.039947,-0.673808,0.0020559,-0.9674948,0.0501115,0.2478678
1788248857112543744,OK,1,0,11.8435,0.318375,0,412,0,-0.248259,-0.040492,-0.673612,0.0024021,-0.9656467,0.0497952,0.2550316
1788248857145890304,OK,1,0,11.345,0.316292,0,334,0,-0.256581,-0.039606,-0.676511,0.0024979,-0.9635932,0.0494244,0.2627530
1788248857179237120,OK,1,0,11.3312,0.348167,0,313,0,-0.259602,-0.039576,-0.676987,0.0024935,-0.9614915,0.0489125,0.2704359
1788248857212583680,OK,1,0,12.3658,0.362084,0,290,0,-0.269965,-0.040390,-0.678442,0.0023017,-0.9594666,0.0486006,0.2775904
1788248857245930496,OK,1,0,10.9412,0.343375,0,270,0,-0.282774,-0.038802,-0.680460,0.0022884,-0.9574016,0.0488119,0.2845954
1788248857279277056,OK,1,0,11.7833,0.335375,0,292,0,-0.291474,-0.039289,-0.679742,0.0024934,-0.9552875,0.0486011,0.2916465
1788248857312624128,OK,1,0,11.8098,0.345875,0,423,0,-0.296447,-0.039526,-0.679650,0.0027939,-0.9530076,0.0487517,0.2989850
1788248857345970688,OK,1,0,12.9972,0.337875,0,400,0,-0.302345,-0.039311,-0.681350,0.0027027,-0.9506171,0.0488067,0.3064925
1788248857379317504,OK,1,0,12.6961,0.347375,0,376,0,-0.305795,-0.039376,-0.680391,0.0026593,-0.9481500,0.0489349,0.3140222
1788248857412664320,OK,1,0,14.4003,0.377459,0,373,0,-0.315797,-0.039765,-0.678826,0.0024016,-0.9457341,0.0488933,0.3212329
1788248857446010880,OK,1,0,13.098,0.3395,0,391,0,-0.324662,-0.041016,-0.675776,0.0019217,-0.9433059,0.0484763,0.3283602
1788248857479356928,OK,1,0,13.8039,0.35725,0,397,0,-0.332687,-0.041691,-0.675336,0.0019464,-0.9408611,0.0482442,0.3353342
1788248857512703744,OK,1,0,14.3665,0.353667,0,399,0,-0.340233,-0.040699,-0.678540,0.0020982,-0.9382192,0.0483430,0.3426417
1788248857546050560,OK,1,0,13.6012,0.356875,0,400,0,-0.346072,-0.040313,-0.676400,0.0026514,-0.9356611,0.0481467,0.3495901
1788248857579397376,OK,1,0,15.1923,0.320958,0,569,0,-0.353066,-0.042568,-0.673491,0.0026140,-0.9331465,0.0479449,0.3562752
1788248857612744448,OK,1,0,13.883,0.335333,0,495,0,-0.360764,-0.042352,-0.669638,0.0026354,-0.9305162,0.0480038,0.3630818
1788248857646091264,OK,1,0,14.3402,0.329416,0,499,0,-0.366232,-0.040942,-0.668247,0.0027239,-0.9278141,0.0480289,0.3699280
1788248857679438592,OK,1,0,14.5275,0.330791,0,566,0,-0.373653,-0.041853,-0.669303,0.0026757,-0.9250673,0.0478704,0.3767648
1788248857712785408,OK,1,0,14.475,0.337375,0,531,0,-0.380270,-0.040452,-0.668914,0.0030244,-0.9221399,0.0479145,0.3838658
1788248857746132224,OK,1,0,15.1862,0.323667,0,529,0,-0.387268,-0.040350,-0.667288,0.0030987,-0.9192669,0.0478835,0.3906994
1788248857779479296,OK,1,0,15.0207,0.315625,0,633,0,-0.397286,-0.038219,-0.666175,0.0027979,-0.9163583,0.0481838,0.3974394
1788248857812826368,OK,1,0,15.468,0.340917,0,537,0,-0.405303,-0.037856,-0.664045,0.0024188,-0.9132190,0.0480711,0.4046165
1788248857846173440,OK,1,0,15.1672,0.351917,0,569,0,-0.412743,-0.037239,-0.663181,0.0025594,-0.9100985,0.0475923,0.4116421
1788248857879520000,OK,1,0,14.9805,0.330083,0,528,0,-0.420273,-0.035716,-0.659068,0.0025060,-0.9069987,0.0473796,0.4184523
1788248857912865280,OK,1,0,14.8217,0.337375,0,533,0,-0.427617,-0.034239,-0.658295,0.0025222,-0.9037050,0.0470798,0.4255519
1788248857946211328,OK,1,0,15.0882,0.327167,0,676,0,-0.435619,-0.034568,-0.654188,0.0023755,-0.9005095,0.0466487,0.4323205
1788248857979557632,OK,1,0,16.4293,0.34425,0,640,0,-0.442420,-0.034973,-0.647333,0.0022293,-0.8971685,0.0466808,0.4392091
1788248858012903936,OK,1,0,16.1781,0.351292,0,656,0,-0.447755,-0.035137,-0.643140,0.0024485,-0.8935578,0.0466399,0.4465122
1788248858046250240,OK,1,0,16.1226,0.30225,0,592,0,-0.456160,-0.034038,-0.639732,0.0031403,-0.8898774,0.0462383,0.4538395
1788248858079596800,OK,1,0,17.7042,0.337916,0,613,0,-0.462660,-0.034095,-0.639325,0.0033288,-0.8858088,0.0460044,0.4617524
1788248858112943104,OK,1,0,15.848,0.335,0,685,0,-0.465633,-0.034959,-0.633253,0.0033660,-0.8819185,0.0456677,0.4691724
1788248858146289664,OK,1,0,16.5015,0.355417,0,699,0,-0.470254,-0.038124,-0.626668,0.0030065,-0.8782479,0.0451714,0.4760580
1788248858179635968,OK,1,0,18.716,0.303125,0,719,0,-0.475184,-0.040714,-0.614538,0.0025318,-0.8746795,0.0448861,0.4826123
1788248858212982528,OK,1,0,17.383,0.332792,0,685,0,-0.483213,-0.041456,-0.614698,0.0026842,-0.8704609,0.0442211,0.4902399
1788248858246328832,OK,1,0,17.3358,0.327125,0,728,0,-0.488138,-0.041272,-0.609487,0.0027358,-0.8662884,0.0437042,0.4976213
1788248858279675648,OK,1,0,17.5841,0.332583,0,679,0,-0.491820,-0.041385,-0.603175,0.0027492,-0.8618966,0.0436748,0.5051922
1788248858313021952,OK,1,0,16.1545,0.346042,0,714,0,-0.497160,-0.042114,-0.600381,0.0027185,-0.8570171,0.0435416,0.5134377
1788248858346368768,OK,1,0,18.956,0.3485,0,732,0,-0.501961,-0.042238,-0.593623,0.0026425,-0.8523834,0.0428775,0.5211497
1788248858379714304,OK,1,0,17.7325,0.320333,0,717,0,-0.506832,-0.043012,-0.585427,0.0022737,-0.8475853,0.0423952,0.5289581
1788248858413061120,OK,1,0,18.5099,0.3185,0,781,0,-0.518983,-0.039553,-0.582527,0.0021696,-0.8422251,0.0417435,0.5375032
1788248858446407680,OK,1,0,17.4724,0.34925,0,762,0,-0.527045,-0.041298,-0.577160,0.0019185,-0.8366757,0.0405735,0.5461903
1788248858479754496,OK,1,0,18.0257,0.342667,0,778,0,-0.528878,-0.038621,-0.566329,0.0016087,-0.8311635,0.0405206,0.5545474
1788248858513101056,OK,1,0,17.9963,0.329417,0,858,0,-0.532572,-0.038615,-0.563381,0.0014648,-0.8253114,0.0408890,0.5631937
1788248858546447872,OK,1,0,18.7408,0.31375,0,826,0,-0.536531,-0.035939,-0.558417,0.0023066,-0.8195080,0.0412942,0.5715735
1788248858579794944,OK,1,0,19.2832,0.326958,0,905,0,-0.540362,-0.037289,-0.552871,0.0031014,-0.8136958,0.0410385,0.5798322
1788248858613141504,OK,1,0,19.959,0.349958,0,843,0,-0.543141,-0.036127,-0.545405,0.0035729,-0.8076158,0.0410156,0.5882701
1788248858646488576,OK,1,0,18.8977,0.346375,0,855,0,-0.553297,-0.033780,-0.540280,0.0031688,-0.8013938,0.0407769,0.5967372
1788248858679835392,OK,1,0,18.3575,0.31325,0,864,0,-0.563213,-0.030570,-0.535748,0.0025648,-0.7948520,0.0399004,0.6054847
1788248858713182720,OK,1,0,18.945,0.303291,0,878,0,-0.571643,-0.028985,-0.531363,0.0015780,-0.7884290,0.0393625,0.6138631
1788248858746529536,OK,1,0,18.0516,0.344875,0,886,0,-0.577102,-0.029150,-0.525951,0.0009890,-0.7820880,0.0392941,0.6219272
1788248858779876608,OK,1,0,18.9612,0.333333,0,909,0,-0.579667,-0.029264,-0.519167,0.0011769,-0.7757575,0.0394863,0.6297934
1788248858813222656,OK,1,0,18.9976,0.344416,0,911,0,-0.581160,-0.026071,-0.514870,0.0021650,-0.7692080,0.0398982,0.6377480
1788248858846569728,OK,1,0,17.9758,0.332541,0,935,0,-0.587400,-0.023693,-0.511530,0.0035420,-0.7627051,0.0396794,0.6455183
1788248858879915008,OK,1,0,18.07,0.34725,0,934,0,-0.591909,-0.019575,-0.504866,0.0043551,-0.7559022,0.0394696,0.6534792
1788248858913257728,OK,1,0,19.4327,0.341375,0,961,0,-0.600488,-0.019229,-0.501308,0.0039209,-0.7489965,0.0388351,0.6614233
1788248858946600448,OK,1,0,19.5551,0.333959,0,953,0,-0.606744,-0.015463,-0.494428,0.0029768,-0.7422150,0.0383676,0.6690559
1788248858979943168,OK,1,0,19.6975,0.31775,0,1067,0,-0.608994,-0.012346,-0.483448,0.0019620,-0.7353962,0.0383061,0.6765510
1788248859013285888,OK,1,0,19.0637,0.329,0,1064,0,-0.613771,-0.012607,-0.476610,0.0015990,-0.7284704,0.0378701,0.6840279
1788248859046628352,OK,1,0,18.8078,0.327958,0,1050,0,-0.611154,-0.012238,-0.469471,0.0019061,-0.7216243,0.0379550,0.6912410
1788248859079971072,OK,1,0,19.9359,0.341209,0,1040,0,-0.609911,-0.011526,-0.465770,0.0027277,-0.7143430,0.0376729,0.6987756
1788248859113313792,OK,1,0,20.3009,0.36825,0,1070,0,-0.613713,-0.011530,-0.462480,0.0035033,-0.7073833,0.0368641,0.7058595
1788248859146656512,OK,1,0,19.1648,0.34425,0,1028,0,-0.614795,-0.011814,-0.454928,0.0038216,-0.7002422,0.0362265,0.7129754
1788248859179998976,OK,1,0,20.4752,0.353209,0,1056,0,-0.619224,-0.009394,-0.447152,0.0035572,-0.6926484,0.0360116,0.7203671
1788248859213341440,OK,1,0,22.0517,0.342667,0,1059,0,-0.617774,-0.010753,-0.437708,0.0027299,-0.6853664,0.0354378,0.7273305
1788248859246683136,OK,1,0,20.9382,0.339417,0,1029,0,-0.623446,-0.011095,-0.422958,0.0019758,-0.6784437,0.0348184,0.7338241
1788248859280025856,OK,1,0,22.2866,0.356916,0,1027,0,-0.627481,-0.009433,-0.404836,0.0015579,-0.6713915,0.0341465,0.7403142
1788248859313368320,OK,1,0,20.4183,0.338417,0,1118,0,-0.629520,-0.010754,-0.396526,0.0011342,-0.6639747,0.0339209,0.7469844
1788248859346711040,OK,1,0,20.6864,0.330083,0,1043,0,-0.629094,-0.012541,-0.384721,0.0012127,-0.6567151,0.0339880,0.7533715
1788248859380053504,OK,1,0,22.1514,0.33975,0,1188,0,-0.628521,-0.014121,-0.377179,0.0017766,-0.6490944,0.0334909,0.7599682
1788248859413395968,OK,1,0,21.0532,0.321958,0,1191,0,-0.627651,-0.014512,-0.371008,0.0025932,-0.6415321,0.0325826,0.7663995
1788248859446738688,OK,1,0,20.9454,0.326834,0,1097,0,-0.628328,-0.013399,-0.361137,0.0029561,-0.6336898,0.0319922,0.7729198
1788248859480081408,OK,1,0,20.4129,0.323375,0,1078,0,-0.630865,-0.011658,-0.350820,0.0024966,-0.6255784,0.0315746,0.7795181
1788248859513423872,OK,1,0,20.8648,0.361958,0,1163,0,-0.633187,-0.010394,-0.337563,0.0015267,-0.6179067,0.0308884,0.7856430
1788248859546766080,OK,1,0,21.2033,0.330209,0,1132,0,-0.631850,-0.013132,-0.331356,0.0004547,-0.6096576,0.0303192,0.7920846
1788248859580108544,OK,1,0,19.4241,0.329125,0,1121,0,-0.633855,-0.012678,-0.321601,0.0001067,-0.6017490,0.0299693,0.7981228
1788248859613451264,OK,1,0,20.5308,0.345291,0,1101,0,-0.632742,-0.012356,-0.313835,0.0007751,-0.5941356,0.0299363,0.8038073
1788248859646793728,OK,1,0,19.4064,0.313417,0,1119,0,-0.630667,-0.012628,-0.306220,0.0018628,-0.5862035,0.0299303,0.8096086
1788248859680135168,OK,1,0,20.8678,0.332709,0,1398,0,-0.628994,-0.012550,-0.300163,0.0027800,-0.5782690,0.0295461,0.8153062
1788248859713477888,OK,1,0,19.5451,0.30275,0,1243,0,-0.624039,-0.014776,-0.296436,0.0033210,-0.5700594,0.0289460,0.8210868
1788248859746820096,OK,1,0,19.6017,0.336375,0,1123,0,-0.622469,-0.013616,-0.288648,0.0035309,-0.5615165,0.0285862,0.8269642
1788248859780162560,OK,1,0,19.0503,0.343375,0,1075,0,-0.623150,-0.013325,-0.276078,0.0029928,-0.5533794,0.0280421,0.8324517
1788248859813505024,OK,1,0,19.2544,0.332042,0,1036,0,-0.620550,-0.014461,-0.269237,0.0020421,-0.5447094,0.0273678,0.8381757
1788248859846847488,OK,1,0,19.2935,0.332042,0,1347,0,-0.619133,-0.015452,-0.258617,0.0012215,-0.5360361,0.0266934,0.8437721
1788248859880192256,OK,1,0,20.8102,0.342583,0,1191,0,-0.617271,-0.015009,-0.252173,0.0005082,-0.5273132,0.0263961,0.8492607
1788248859913541120,OK,1,0,20.6439,0.340583,0,1216,0,-0.612150,-0.016596,-0.247365,0.0005649,-0.5188176,0.0263530,0.8544785
1788248859946889728,OK,1,0,21.5286,0.333667,0,1238,0,-0.608905,-0.016744,-0.241973,0.0012445,-0.5102185,0.0259720,0.8596517
1788248859980238336,OK,1,0,21.7007,0.3365,0,1209,0,-0.605595,-0.016837,-0.236574,0.0022058,-0.5017721,0.0246986,0.8646443
1788248860013587200,OK,1,0,22.7117,0.354125,0,1178,0,-0.600739,-0.017523,-0.231242,0.0027984,-0.4930252,0.0240396,0.8696783
1788248860046935808,OK,1,0,21.6861,0.3465,0,1146,0,-0.600065,-0.017436,-0.220699,0.0027515,-0.4841366,0.0236550,0.8746683
1788248860080284672,OK,1,0,20.5653,0.340333,0,1168,0,-0.599551,-0.016635,-0.209674,0.0019103,-0.4755571,0.0229324,0.8793839
1788248860113633536,OK,1,0,23.6413,0.358584,0,1145,0,-0.596059,-0.014614,-0.198603,0.0010398,-0.4667591,0.0227920,0.8840902
1788248860146981632,OK,1,0,20.8544,0.343958,0,1132,0,-0.591471,-0.015013,-0.188242,0.0003686,-0.4577781,0.0225810,0.8887796
1788248860180330496,OK,1,0,20.973,0.335708,0,1145,0,-0.591926,-0.012591,-0.180058,0.0007050,-0.4489297,0.0221580,0.8932920
1788248860213679616,OK,1,0,22.6605,0.632666,0,1275,0,-0.587200,-0.013672,-0.173239,0.0014570,-0.4403336,0.0217755,0.8975689
1788248860247028736,OK,1,0,21.42,0.339041,0,1188,0,-0.581999,-0.013576,-0.166678,0.0023822,-0.4316102,0.0209667,0.9018134
1788248860280378112,OK,1,0,21.0325,0.314625,0,1165,0,-0.579539,-0.012976,-0.160956,0.0030161,-0.4226487,0.0201983,0.9060635
1788248860313727232,OK,1,0,20.8227,0.353208,0,1129,0,-0.574394,-0.013082,-0.150800,0.0030147,-0.4137166,0.0198842,0.9101835
1788248860347076608,OK,1,0,19.6181,0.322375,0,1087,0,-0.570464,-0.011220,-0.142511,0.0025033,-0.4046239,0.0195568,0.9142706
1788248860380425984,OK,1,0,21.9662,0.331417,0,1055,0,-0.569638,-0.010090,-0.131258,0.0016645,-0.3955513,0.0188453,0.9182490
1788248860413775616,OK,1,0,21.1689,0.328083,0,1090,0,-0.565210,-0.009256,-0.122029,0.0010083,-0.3866751,0.0186108,0.9220276
1788248860447124992,OK,1,0,24.5446,0.362625,0,1066,0,-0.560229,-0.008469,-0.112611,0.0007036,-0.3775211,0.0181471,0.9258229
1788248860480474624,OK,1,0,23.206,0.377708,0,1072,0,-0.558883,-0.006145,-0.105557,0.0012451,-0.3684041,0.0181037,0.9294887
1788248860513824256,OK,1,0,20.9358,0.346084,0,1040,0,-0.554017,-0.007128,-0.098413,0.0019592,-0.3594582,0.0175549,0.9329940
1788248860547173888,OK,1,0,21.609,0.319208,0,1031,0,-0.550608,-0.007174,-0.092934,0.0026764,-0.3500775,0.0161540,0.9365776
1788248860580522752,OK,1,0,20.1487,0.413666,0,995,0,-0.546100,-0.006506,-0.086900,0.0031525,-0.3406823,0.0151985,0.9400504
1788248860613872640,OK,1,0,21.3031,0.329792,0,1024,0,-0.542167,-0.003950,-0.076478,0.0031087,-0.3312036,0.0146102,0.9434411
1788248860647222528,OK,1,0,21.2722,0.3455,0,990,0,-0.537375,-0.005488,-0.069742,0.0020746,-0.3216064,0.0137510,0.9467713
1788248860680572160,OK,1,0,25.0667,0.348292,0,991,0,-0.529782,-0.004813,-0.058362,0.0010014,-0.3124442,0.0137864,0.9498356
1788248860713922304,OK,1,0,23.8893,0.324042,0,996,0,-0.525131,-0.003796,-0.050485,0.0004406,-0.3026647,0.0138099,0.9529970
1788248860747272192,OK,1,0,22.329,0.341375,0,984,0,-0.519149,-0.004999,-0.041766,0.0002853,-0.2929551,0.0132992,0.9560336
1788248860780622336,OK,1,0,21.0488,0.373917,0,991,0,-0.512412,-0.004184,-0.040801,0.0009397,-0.2836217,0.0126772,0.9588521
1788248860813972736,OK,1,0,20.5108,0.325167,0,983,0,-0.507984,-0.002523,-0.033235,0.0019281,-0.2743261,0.0117950,0.9615625
1788248860847322880,OK,1,0,20.1408,0.315791,0,986,0,-0.503268,-0.001949,-0.029169,0.0024133,-0.2647806,0.0105124,0.9642484
1788248860880666112,OK,1,0,21.4662,0.349333,0,922,0,-0.495406,-0.003734,-0.024082,0.0023260,-0.2551782,0.0101059,0.9668384
1788248860913999360,OK,1,0,22.2871,0.312125,0,906,0,-0.486538,-0.003173,-0.016903,0.0019579,-0.2452995,0.0100496,0.9693933
1788248860947332864,OK,1,0,21.5963,0.391708,0,907,0,-0.483036,-0.002674,-0.005661,0.0010403,-0.2355299,0.0093764,0.9718214
1788248860980666112,OK,1,0,21.6785,0.349875,0,884,0,-0.476366,-0.002025,0.000107,0.0006114,-0.2258761,0.0089878,0.9741144
1788248861013999360,OK,1,0,19.8299,0.358,0,898,0,-0.469869,-0.001459,0.006028,0.0006002,-0.2160263,0.0087718,0.9763480
1788248861047331328,OK,1,0,18.9438,0.357375,0,880,0,-0.463165,-0.000753,0.009135,0.0007626,-0.2063016,0.0087873,0.9784487
1788248861080664320,OK,1,0,20.1412,0.345917,0,867,0,-0.455166,-0.000960,0.013909,0.0014551,-0.1966564,0.0087279,0.9804325
1788248861113997312,OK,1,0,18.21,0.335875,0,824,0,-0.449714,-0.000949,0.020715,0.0020708,-0.1867377,0.0075370,0.9823788
1788248861147330304,OK,1,0,22.839,0.326166,0,1361,0,-0.444235,-0.003556,0.023414,0.0022152,-0.1765431,0.0061049,0.9842715
1788248861180663040,OK,1,0,22.5646,0.325375,0,1121,0,-0.435834,-0.003083,0.027690,0.0022967,-0.1665749,0.0055428,0.9860106
1788248861213995776,OK,1,0,22.1453,0.320208,0,1077,0,-0.427932,-0.002002,0.034478,0.0016758,-0.1563473,0.0052642,0.9876867
1788248861247328512,OK,1,0,23.0313,0.3255,0,1045,0,-0.416046,-0.001131,0.038995,0.0005085,-0.1465504,0.0053442,0.9891886
1788248861280661504,OK,1,0,18.7774,0.336667,0,998,0,-0.409175,-0.000073,0.046959,-0.0000152,-0.1365657,0.0056869,0.9906147
1788248861313993984,OK,1,0,36.1677,0.3615,0,998,0,-0.400189,0.000956,0.048447,-0.0000269,-0.1262615,0.0056623,0.9919809
1788248861347326464,OK,1,0,19.6915,0.330875,0,966,0,-0.395755,0.003975,0.052815,0.0005215,-0.1161067,0.0049912,0.9932241
1788248861380658944,OK,1,0,21.5175,0.348083,0,999,0,-0.388368,0.000931,0.050658,0.0009627,-0.1061125,0.0037338,0.9943467
1788248861413991168,OK,1,0,19.905,0.330333,0,1014,0,-0.380761,0.000593,0.053307,0.0009576,-0.0959543,0.0027291,0.9953815
1788248861447323392,OK,1,0,20.1555,0.349458,0,1042,0,-0.370607,0.002192,0.059504,0.0006419,-0.0862361,0.0025541,0.9962713
1788248861480654848,OK,1,0,20.0178,0.34725,0,1048,0,-0.364108,0.004310,0.064365,0.0001696,-0.0760715,0.0024421,0.9970993
1788248861513986816,OK,1,0,21.0679,0.345459,0,1305,0,-0.354411,0.004044,0.068324,-0.0006662,-0.0667022,0.0021506,0.9977704
1788248861547318784,OK,1,0,21.8191,0.344542,0,1313,0,-0.345325,0.005916,0.074251,-0.0011664,-0.0585620,0.0019420,0.9982812
1788248861580650752,OK,1,0,25.111,0.330459,0,1344,0,-0.339954,0.004742,0.080935,-0.0013208,-0.0504726,0.0018061,0.9987230
1788248861613982976,OK,1,0,23.2253,0.324125,0,1355,0,-0.335254,0.006042,0.085250,-0.0009406,-0.0431873,0.0011897,0.9990658
1788248861647314944,OK,1,0,24.2869,0.336875,0,1412,0,-0.328633,0.003772,0.089388,-0.0007829,-0.0368061,0.0005692,0.9993219
1788248861680646656,OK,1,0,24.4077,0.334791,0,1371,0,-0.323828,0.002099,0.092016,-0.0006886,-0.0300177,0.0005449,0.9995490
1788248861713978368,OK,1,0,25.4185,0.32375,0,1432,0,-0.316145,0.003529,0.097985,-0.0005280,-0.0236081,0.0003143,0.9997211
1788248861747310080,OK,1,0,24.8987,0.329917,0,1424,0,-0.310483,0.005168,0.102753,-0.0006480,-0.0181419,0.0001470,0.9998353
1788248861780641536,OK,1,0,25.2877,0.362792,0,1451,0,-0.305738,0.005507,0.109539,-0.0007441,-0.0140078,0.0002501,0.9999016
1788248861813973248,OK,1,0,25.7051,0.369417,0,1465,0,-0.300626,0.006252,0.115773,-0.0008040,-0.0100567,0.0002721,0.9999491
1788248861847304704,OK,1,0,25.816,0.360042,0,1449,0,-0.295939,0.004797,0.119405,-0.0011516,-0.0060806,0.0000101,0.9999809
1788248861880640768,OK,1,0,26.1144,0.365042,0,1469,0,-0.291245,0.006737,0.128365,-0.0010262,-0.0030455,-0.0004836,0.9999947
1788248861913982208,OK,1,0,27.7122,0.379209,0,1441,0,-0.285723,0.005417,0.134337,-0.0011851,-0.0010845,-0.0004075,0.9999986
1788248861947324416,OK,1,0,24.6624,0.378833,0,1396,0,-0.283236,0.005562,0.139374,-0.0011219,0.0005665,-0.0003609,0.9999992
1788248861980666624,OK,1,0,23.6904,0.345667,0,1416,0,-0.280946,0.006407,0.144612,-0.0011380,0.0017479,-0.0004447,0.9999977
1788248862014009088,OK,1,0,24.9892,0.349375,0,1450,0,-0.281396,0.004782,0.147563,-0.0013559,0.0033588,-0.0002220,0.9999934
1788248862047351296,OK,1,0,25.7659,0.320041,0,1449,0,-0.281034,0.006876,0.152794,-0.0011916,0.0054083,-0.0004779,0.9999846
1788248862080693248,OK,1,0,27.8643,0.335334,0,1437,0,-0.277375,0.008232,0.158694,-0.0010183,0.0069959,-0.0004905,0.9999749
1788248862114035712,OK,1,0,27.9108,0.361042,0,1367,0,-0.277919,0.007089,0.161756,-0.0008915,0.0086417,-0.0004488,0.9999622
1788248862147377920,OK,1,0,25.5147,0.354791,0,1394,0,-0.273499,0.007656,0.169461,-0.0006957,0.0095361,-0.0006547,0.9999541
1788248862180720128,OK,1,0,25.181,0.32825,0,1422,0,-0.273507,0.007083,0.172300,-0.0006592,0.0101935,-0.0006437,0.9999477
1788248862214062336,OK,1,0,24.1426,0.319709,0,1422,0,-0.270697,0.008811,0.180033,-0.0005608,0.0103264,-0.0005685,0.9999464
1788248862247404544,OK,1,0,25.2602,0.319625,0,1430,0,-0.270913,0.008834,0.183269,-0.0005561,0.0106858,-0.0004881,0.9999427
1788248862280746496,OK,1,0,27.3819,0.355208,0,1402,0,-0.268317,0.010241,0.190117,-0.0007669,0.0104752,-0.0003507,0.9999448
1788248862314088960,OK,1,0,28.3658,0.392375,0,1410,0,-0.267154,0.009740,0.193568,-0.0008107,0.0103199,-0.0002260,0.9999464
1788248862347430912,OK,1,0,25.9221,0.352833,0,1405,0,-0.268071,0.009025,0.197114,-0.0008499,0.0106648,-0.0000785,0.9999428
1788248862380772096,OK,1,0,25.351,0.343417,0,1416,0,-0.267595,0.010751,0.200791,-0.0012411,0.0108463,0.0000496,0.9999404
1788248862414114048,OK,1,0,25.6139,0.349375,0,1401,0,-0.268462,0.009846,0.201701,-0.0009101,0.0108466,-0.0000374,0.9999408
1788248862447456256,OK,1,0,24.787,0.331541,0,1450,0,-0.267191,0.009903,0.204587,-0.0001901,0.0106888,-0.0001279,0.9999428
1788248862480798464,OK,1,0,28.2872,0.315417,0,1441,0,-0.265570,0.010462,0.205811,0.0002129,0.0107402,-0.0000888,0.9999423
1788248862514140416,OK,1,0,29.0271,0.38125,0,1465,0,-0.264946,0.011540,0.210201,0.0002214,0.0107965,0.0000333,0.9999417
1788248862547482368,OK,1,0,26.8197,0.367708,0,1428,0,-0.266840,0.010372,0.210695,0.0000410,0.0108824,0.0001344,0.9999408
1788248862580824576,OK,1,0,24.7811,0.354792,0,1430,0,-0.265796,0.010247,0.216221,-0.0004346,0.0108424,0.0000600,0.9999412
1788248862614166528,OK,1,0,25.6412,0.332334,0,1432,0,-0.266984,0.011835,0.219220,-0.0007791,0.0110395,0.0000648,0.9999388
1788248862647508224,OK,1,0,27.1365,0.319542,0,1450,0,-0.265349,0.010961,0.225918,-0.0010276,0.0109512,0.0001098,0.9999395
1788248862680850432,OK,1,0,28.2845,0.320167,0,1449,0,-0.266472,0.011828,0.226427,-0.0009230,0.0111042,0.0000271,0.9999380
1788248862714192384,OK,1,0,28.0058,0.350917,0,1451,0,-0.263434,0.011658,0.231049,-0.0008740,0.0108655,0.0002421,0.9999406
1788248862747534080,OK,1,0,27.5347,0.357792,0,1453,0,-0.262783,0.011835,0.232840,-0.0006255,0.0109752,0.0003287,0.9999396
1788248862780876288,OK,1,0,25.9661,0.339375,0,1469,0,-0.262299,0.012140,0.234231,-0.0006767,0.0109670,0.0003840,0.9999396
1788248862814216960,OK,1,0,24.3926,0.312125,0,1436,0,-0.263021,0.012968,0.238626,-0.0010894,0.0111558,0.0003755,0.9999371
1788248862847559168,OK,1,0,26.0727,0.32725,0,1438,0,-0.262964,0.013652,0.239871,-0.0013988,0.0110927,0.0001866,0.9999375
1788248862880902912,OK,1,0,27.8011,0.359583,0,1419,0,-0.264953,0.012684,0.239952,-0.0015635,0.0105547,0.0002395,0.9999431
1788248862914248704,OK,1,0,26.9265,0.341916,0,1442,0,-0.263915,0.012945,0.238746,-0.0010718,0.0099767,0.0003374,0.9999496
1788248862947595008,OK,1,0,28.6037,0.338583,0,1446,0,-0.262247,0.013176,0.240060,-0.0006779,0.0099536,0.0003809,0.9999502
1788248862980941056,OK,1,0,26.6782,0.359459,0,1425,0,-0.264585,0.011903,0.236855,-0.0006059,0.0101944,0.0003057,0.9999478
1788248863014287360,OK,1,0,26.4251,0.347958,0,1452,0,-0.263326,0.012532,0.238021,-0.0006282,0.0100711,0.0003487,0.9999490
1788248863047633664,OK,1,0,26.8789,0.348875,0,1423,0,-0.265081,0.011968,0.236392,-0.0007406,0.0100626,0.0004188,0.9999490
1788248863080979968,OK,1,0,27.9902,0.357542,0,1420,0,-0.266661,0.010979,0.235790,-0.0008285,0.0100108,0.0003235,0.9999495
1788248863114326528,OK,1,0,25.7111,0.337792,0,1428,0,-0.265715,0.010692,0.236743,-0.0009582,0.0098302,0.0004241,0.9999512
1788248863147672576,OK,1,0,27.7777,0.323917,0,1427,0,-0.266508,0.010602,0.235916,-0.0009607,0.0099436,0.0003332,0.9999501
1788248863181019136,OK,1,0,28.4439,0.340708,0,1413,0,-0.265499,0.011663,0.237757,-0.0008679,0.0097984,0.0003301,0.9999516
1788248863214365440,OK,1,0,26.0163,0.334792,0,1432,0,-0.268222,0.011542,0.235347,-0.0008330,0.0099293,0.0002417,0.9999503
1788248863247710976,OK,1,0,25.4148,0.322833,0,1444,0,-0.265851,0.012348,0.236820,-0.0007546,0.0097435,0.0002732,0.9999522
1788248863281057280,OK,1,0,27.5098,0.3425,0,1422,0,-0.264076,0.012737,0.238405,-0.0008133,0.0096583,0.0003007,0.9999530
1788248863314403840,OK,1,0,24.3034,0.357333,0,1451,0,-0.264648,0.010903,0.237530,-0.0009080,0.0097052,0.0004203,0.9999524
1788248863347750400,OK,1,0,25.6955,0.326875,0,1433,0,-0.265008,0.011878,0.236978,-0.0007751,0.0097086,0.0003127,0.9999526
1788248863381096960,OK,1,0,25.1672,0.306667,0,1441,0,-0.263755,0.012278,0.237616,-0.0007942,0.0095519,0.0004584,0.9999540
1788248863414443520,OK,1,0,27.9137,0.349333,0,1426,0,-0.266492,0.010853,0.236379,-0.0008992,0.0098002,0.0004103,0.9999515
1788248863447790336,OK,1,0,28.4172,0.356417,0,1459,0,-0.266742,0.010931,0.236406,-0.0009026,0.0097692,0.0003858,0.9999518
1788248863481136896,OK,1,0,24.3469,0.338708,0,1448,0,-0.265323,0.011895,0.237762,-0.0008472,0.0096451,0.0004559,0.9999530
1788248863514483712,OK,1,0,25.4288,0.322375,0,1463,0,-0.263861,0.012197,0.239028,-0.0008172,0.0095582,0.0005016,0.9999539
1788248863547830272,OK,1,0,25.5455,0.323167,0,1442,0,-0.266527,0.011857,0.236647,-0.0008357,0.0097378,0.0003676,0.9999522
1788248863581177344,OK,1,0,27.8633,0.357292,0,1431,0,-0.264230,0.012787,0.238452,-0.0007226,0.0095701,0.0003298,0.9999539
1788248863614523904,OK,1,0,26.716,0.3425,0,1426,0,-0.267243,0.011715,0.237008,-0.0008089,0.0097581,0.0003490,0.9999520
1788248863647870976,OK,1,0,26.0476,0.332792,0,1454,0,-0.264890,0.012008,0.237602,-0.0008154,0.0095810,0.0004432,0.9999537
1788248863681216512,OK,1,0,23.4252,0.3225,0,1443,0,-0.265379,0.012513,0.237149,-0.0007237,0.0095757,0.0003313,0.9999539
1788248863714563584,OK,1,0,24.3012,0.3305,0,1459,0,-0.265661,0.011977,0.237031,-0.0007930,0.0095963,0.0004605,0.9999536
1788248863747910400,OK,1,0,23.7987,0.347792,0,1446,0,-0.264539,0.012025,0.238007,-0.0008372,0.0095313,0.0005836,0.9999541
1788248863781257216,OK,1,0,24.4067,0.318791,0,1446,0,-0.263958,0.013099,0.237882,-0.0007309,0.0094287,0.0005213,0.9999552
1788248863814604544,OK,1,0,24.8322,0.325667,0,1438,0,-0.264604,0.012823,0.238169,-0.0007732,0.0095330,0.0005429,0.9999541
1788248863847951360,OK,1,0,26.9394,0.346,0,1450,0,-0.262309,0.011876,0.239883,-0.0008408,0.0093258,0.0005941,0.9999560
1788248863881292544,OK,1,0,25.0935,0.333375,0,1477,0,-0.262940,0.012236,0.238790,-0.0008130,0.0093534,0.0005738,0.9999558
1788248863914625024,OK,1,0,24.4025,0.317042,0,1455,0,-0.263763,0.011455,0.237930,-0.0008630,0.0094093,0.0005753,0.9999552
1788248863947957248,OK,1,0,25.7951,0.319917,0,1471,0,-0.263887,0.011993,0.238935,-0.0008316,0.0094242,0.0004844,0.9999551
1788248863981289728,OK,1,0,24.8442,0.298834,0,1464,0,-0.265151,0.012399,0.237497,-0.0008177,0.0095015,0.0003415,0.9999545
1788248864014621952,OK,1,0,25.8604,0.340083,0,1471,0,-0.263752,0.012144,0.238459,-0.0008317,0.0094035,0.0004300,0.9999554
1788248864047954176,OK,1,0,26.9835,0.302833,0,1459,0,-0.262913,0.012223,0.239236,-0.0008149,0.0093278,0.0004268,0.9999561
1788248864081286400,OK,1,0,43.9278,0.319125,0,1492,0,-0.264457,0.012549,0.237151,-0.0007513,0.0093706,0.0003627,0.9999558
1788248864114618368,OK,1,0,24.6434,0.333208,0,1498,0,-0.265728,0.012001,0.236534,-0.0007722,0.0095232,0.0003062,0.9999543
1788248864147949312,OK,1,0,24.7261,0.345792,0,1473,0,-0.266820,0.012005,0.234746,-0.0007715,0.0095763,0.0002780,0.9999538
1788248864181281280,OK,1,0,24.6941,0.297,0,1484,0,-0.267196,0.011742,0.235521,-0.0008022,0.0096221,0.0003026,0.9999534
1788248864214612992,OK,1,0,23.3193,0.310709,0,1496,0,-0.266030,0.012443,0.236156,-0.0007212,0.0095547,0.0004016,0.9999540
1788248864247944704,OK,1,0,23.1727,0.306416,0,1458,0,-0.268345,0.011726,0.234082,-0.0008212,0.0096870,0.0004064,0.9999527
1788248864281276416,OK,1,0,22.8844,0.298833,0,1499,0,-0.265722,0.012015,0.236518,-0.0007883,0.0094848,0.0003669,0.9999546
1788248864314607872,OK,1,0,22.9515,0.300709,0,1490,0,-0.267970,0.011888,0.234393,-0.0006831,0.0096161,0.0002838,0.9999535
1788248864347939328,OK,1,0,23.2642,0.296291,0,1494,0,-0.265480,0.011869,0.236154,-0.0007322,0.0094337,0.0003159,0.9999552
1788248864381270784,OK,1,0,22.8062,0.302584,0,1512,0,-0.267283,0.012087,0.235002,-0.0007592,0.0095383,0.0002594,0.9999542
1788248864414601984,OK,1,0,23.6997,0.3075,0,1490,0,-0.267846,0.011809,0.234533,-0.0007499,0.0096061,0.0002577,0.9999536
1788248864447933184,OK,1,0,23.0735,0.325708,0,1514,0,-0.268424,0.011739,0.234232,-0.0007668,0.0096398,0.0002584,0.9999532
1788248864481264384,OK,1,0,23.2782,0.290667,0,1483,0,-0.265218,0.013062,0.236470,-0.0006624,0.0093973,0.0002394,0.9999556
1788248864514595584,OK,1,0,23.4861,0.3045,0,1487,0,-0.265189,0.013591,0.236861,-0.0005787,0.0094175,0.0002410,0.9999555
1788248864547926528,OK,1,0,23.0475,0.290958,0,1478,0,-0.265251,0.012991,0.236202,-0.0006371,0.0093397,0.0002560,0.9999562
1788248864581256448,OK,1,0,23.0949,0.296084,0,1516,0,-0.268969,0.011129,0.233012,-0.0007933,0.0096305,0.0002149,0.9999533
1788248864614587136,OK,1,0,22.7089,0.314792,0,1493,0,-0.266580,0.013261,0.236121,-0.0005906,0.0095148,0.0001374,0.9999546
1788248864647918080,OK,1,0,22.8993,0.297875,0,1503,0,-0.266969,0.012277,0.234980,-0.0006728,0.0094867,0.0001530,0.9999548
1788248864681248512,OK,1,0,23.2898,0.304375,0,1500,0,-0.264393,0.012291,0.236867,-0.0006985,0.0093025,0.0002827,0.9999564
1788248864714579200,OK,1,0,23.5522,0.288333,0,1504,0,-0.267383,0.012512,0.235910,-0.0006634,0.0095202,0.0001597,0.9999545
1788248864747909632,OK,1,0,24.1764,0.296208,0,1505,0,-0.267904,0.013266,0.234672,-0.0005772,0.0095619,0.0000629,0.9999541
1788248864781240064,OK,1,0,23.9065,0.309625,0,1504,0,-0.265607,0.013412,0.236041,-0.0005996,0.0093635,0.0001541,0.9999560
1788248864814570240,OK,1,0,23.0693,0.288875,0,1517,0,-0.266065,0.013835,0.236329,-0.0005329,0.0094130,0.0001256,0.9999555
1788248864847900672,OK,1,0,23.3538,0.291458,0,1513,0,-0.266845,0.013897,0.235456,-0.0005993,0.0094700,0.0001263,0.9999550
1788248864881233408,OK,1,0,23.5271,0.283458,0,1502,0,-0.267767,0.012199,0.234606,-0.0006935,0.0095341,0.0001466,0.9999543
1788248864914569216,OK,1,0,23.0442,0.309584,0,1498,0,-0.265208,0.012622,0.236316,-0.0007255,0.0093560,0.0002853,0.9999560
1788248864947904768,OK,1,0,23.5991,0.310708,0,1496,0,-0.266227,0.013325,0.235186,-0.0006043,0.0094002,0.0001491,0.9999557
1788248864981240576,OK,1,0,23.281,0.482625,0,1464,0,-0.266558,0.013200,0.234769,-0.0005947,0.0094085,0.0002539,0.9999555
1788248865014576128,OK,1,0,21.9599,0.417916,0,1486,0,-0.265436,0.013052,0.236327,-0.0006478,0.0093478,0.0002028,0.9999561
1788248865047910912,OK,1,0,21.6905,0.414833,0,1494,0,-0.265095,0.014000,0.236156,-0.0005323,0.0093159,0.0002383,0.9999564
1788248865081246464,OK,1,0,21.6552,0.399,0,1463,0,-0.265041,0.013471,0.237074,-0.0005834,0.0093252,0.0002842,0.9999563
1788248865114581760,OK,1,0,21.8401,0.397583,0,1497,0,-0.266305,0.013120,0.235686,-0.0006290,0.0093935,0.0001494,0.9999557
1788248865147917312,OK,1,0,21.7623,0.387208,0,1487,0,-0.265212,0.013577,0.236346,-0.0005678,0.0093816,0.0001465,0.9999558
