1788249578.220965385 0.000000 0.000000 0.000000 -0.000000 -0.000000 -0.000000 1.000000
1788249578.254307270 -0.000276 0.000100 0.000005 0.000000 0.000023 -0.000013 1.000000
1788249578.287649393 0.000203 0.000066 0.000219 0.000012 -0.000025 -0.000011 1.000000
1788249578.320991278 -0.000264 0.000098 -0.000148 0.000014 0.000025 -0.000037 1.000000
1788249578.354332924 0.000003 0.000212 0.000038 0.000004 0.000011 0.000000 1.000000
1788249578.387675285 0.000222 0.000381 0.000296 0.000023 -0.000015 -0.000012 1.000000
1788249578.421016932 0.000165 0.000063 0.000299 -0.000026 -0.000010 -0.000005 1.000000
1788249578.454358816 -0.000046 0.000010 0.000060 -0.000016 -0.000018 0.000007 1.000000
1788249578.487700939 0.000134 0.000295 0.000176 0.000029 -0.000000 -0.000022 1.000000
1788249578.521042347 0.000257 0.000041 0.000078 -0.000028 -0.000040 0.000012 1.000000
1788249578.554384708 0.000176 -0.000270 0.000200 -0.000061 0.000013 0.000044 1.000000
1788249578.587727308 -0.000223 0.000286 -0.000261 0.000033 0.000010 -0.000027 1.000000
1788249578.621069670 -0.000186 -0.000060 -0.000327 -0.000024 0.000003 -0.000004 1.000000
1788249578.654411793 0.000431 -0.000080 0.000668 -0.000038 -0.000038 0.000034 1.000000
1788249578.687754631 0.000195 0.000277 0.000170 -0.000003 0.000001 0.000000 1.000000
1788249578.721096754 -0.000331 0.000134 -0.000037 0.000002 0.000028 -0.000040 1.000000
1788249578.754439354 0.000295 0.000154 -0.000006 -0.000015 -0.000034 -0.000028 1.000000
1788249578.787781477 0.000058 0.000332 0.000480 -0.000004 0.000002 -0.000027 1.000000
1788249578.821123838 0.000133 -0.000117 0.000499 -0.000057 -0.000007 0.000014 1.000000
1788249578.854466438 -0.000407 0.000343 -0.000233 0.000002 0.000053 -0.000029 1.000000
1788249578.887808561 0.000260 -0.000296 0.000235 -0.000069 -0.000035 0.000042 1.000000
1788249578.921151161 -0.000164 -0.000012 -0.000225 0.000002 0.000006 -0.000019 1.000000
1788249578.954493284 -0.000065 -0.000243 -0.000274 -0.000062 -0.000004 0.000014 1.000000
1788249578.987834454 -0.000065 0.000220 0.000144 0.000008 0.000013 0.000013 1.000000
1788249579.021177053 -0.000310 0.000144 -0.000158 0.000020 0.000018 -0.000046 1.000000
1788249579.054519176 -0.000001 0.000107 0.000084 0.000030 0.000001 -0.000015 1.000000
1788249579.087861300 -0.000519 -0.000012 -0.000395 -0.000008 0.000049 -0.000019 1.000000
1788249579.121203899 0.000696 0.000345 0.000774 0.000014 -0.000041 -0.000001 1.000000
1788249579.154546022 0.000103 -0.000245 0.000111 -0.000067 -0.000004 0.000005 1.000000
1788249579.187888145 0.000222 0.000447 0.000263 0.000019 -0.000026 -0.000079 1.000000
1788249579.221230745 -0.000165 0.000157 -0.000175 0.000012 0.000029 0.000000 1.000000
1788249579.254572868 0.000218 0.000147 0.000111 -0.000013 -0.000029 -0.000021 1.000000
1788249579.287914753 0.000249 0.000236 0.000251 0.000009 0.000002 0.000024 1.000000
1788249579.321257114 0.000334 0.000062 0.000339 -0.000012 -0.000022 -0.000021 1.000000
1788249579.354599476 0.000294 0.000237 0.000424 -0.000018 -0.000021 -0.000038 1.000000
1788249579.387941599 0.000476 0.000127 0.000557 -0.000021 -0.000041 0.000018 1.000000
1788249579.421283007 -0.000087 0.000153 0.000124 0.000005 0.000043 -0.000033 1.000000
1788249579.454624891 0.000333 -0.000117 0.000148 -0.000046 -0.000023 0.000016 1.000000
1788249579.487967014 0.000319 0.000229 0.000488 -0.000007 0.000007 0.000003 1.000000
1788249579.521301031 0.000009 0.000132 0.000188 -0.000028 0.000007 -0.000057 1.000000
1788249579.554635048 0.000098 0.000098 0.000217 -0.000008 -0.000021 0.000048 1.000000
1788249579.587969065 0.000132 0.000194 0.000195 -0.000018 -0.000029 -0.000051 1.000000
1788249579.621302843 0.000035 0.000223 0.000187 0.000019 0.000008 -0.000016 1.000000
1788249579.654636860 -0.000234 0.000455 0.000065 0.000035 0.000010 -0.000043 1.000000
1788249579.687970400 0.000046 -0.000178 -0.000051 -0.000019 -0.000002 0.000037 1.000000
1788249579.721304178 0.000584 0.000498 0.000848 0.000035 -0.000044 0.000017 1.000000
1788249579.754637718 0.000517 -0.000035 0.000324 -0.000033 -0.000053 0.000049 1.000000
1788249579.787971258 -0.000118 0.000422 -0.000322 0.000054 -0.000001 -0.000044 1.000000
1788249579.821304321 -0.000042 0.000165 -0.000091 0.000014 0.000029 0.000024 1.000000
1788249579.854637861 0.000348 0.000048 0.000342 -0.000025 -0.000020 0.000031 1.000000
1788249579.887970448 0.000163 0.000025 0.000215 -0.000018 -0.000010 0.000036 1.000000
1788249579.921303749 -0.000106 -0.000031 -0.000153 -0.000016 0.000021 -0.000014 1.000000
1788249579.954636812 0.000102 0.000229 0.000223 -0.000023 -0.000015 -0.000019 1.000000
1788249579.987969875 -0.000013 0.000017 0.000005 -0.000029 0.000013 0.000020 1.000000
1788249580.021303177 0.000030 0.000311 0.000031 0.000017 0.000020 -0.000044 1.000000
1788249580.054636240 -0.000069 -0.000141 -0.000043 -0.000044 0.000003 0.000022 1.000000
1788249580.087968826 0.000226 0.000322 0.000310 0.000019 -0.000024 -0.000035 1.000000
1788249580.121301889 0.000148 -0.000032 -0.000033 -0.000027 -0.000011 0.000007 1.000000
1788249580.154634714 0.000265 0.000148 0.000441 -0.000006 -0.000032 0.000026 1.000000
1788249580.187967300 0.000575 0.000188 0.000595 -0.000037 -0.000075 -0.000016 1.000000
1788249580.221299887 0.000193 0.000204 0.000194 0.000001 -0.000011 -0.000034 1.000000
1788249580.254632473 -0.000276 0.000226 -0.000209 -0.000004 0.000021 -0.000075 1.000000
1788249580.287965298 0.000119 0.000215 -0.000150 0.000006 -0.000013 -0.000028 1.000000
1788249580.321296453 -0.000367 0.000210 -0.000383 -0.000007 0.000006 -0.000078 1.000000
1788249580.354629040 0.000302 0.000289 0.000569 0.000003 -0.000013 -0.000019 1.000000
1788249580.387961149 0.000237 0.000389 0.000321 0.000005 -0.000013 -0.000010 1.000000
1788249580.421293736 0.000035 0.000381 -0.000127 0.000014 0.000005 0.000009 1.000000
1788249580.454625845 -0.000530 0.000153 -0.000713 0.000086 -0.000108 -0.000004 1.000000
1788249580.487958193 -0.000996 0.000076 -0.000672 0.000163 -0.000208 -0.000046 1.000000
1788249580.521292448 0.000261 -0.000208 0.001600 0.000236 -0.000589 0.000004 1.000000
1788249580.554626703 -0.000109 0.000503 0.002721 0.000216 -0.000500 0.000002 1.000000
1788249580.587960720 0.000091 0.000345 0.004331 -0.000073 -0.000241 0.000166 1.000000
1788249580.621294975 0.001134 0.000908 0.007270 -0.000171 -0.000107 0.000252 1.000000
1788249580.654628992 0.000706 0.001128 0.008054 -0.000355 -0.000090 0.000390 1.000000
1788249580.687963247 0.000776 0.001216 0.009444 -0.000247 -0.000245 0.000349 1.000000
1788249580.721297264 0.000336 0.000846 0.010070 0.000085 -0.000114 0.000324 1.000000
1788249580.754630089 0.001005 0.000968 0.011644 0.000182 -0.000150 0.000357 1.000000
1788249580.787964106 0.000644 0.001246 0.012966 0.000088 -0.000307 0.000400 1.000000
1788249580.821297884 0.000957 0.000846 0.014758 -0.000103 -0.000449 0.000526 1.000000
1788249580.854631424 0.002000 0.001353 0.017766 -0.000085 -0.000292 0.000511 1.000000
1788249580.887965202 0.001271 0.001345 0.018691 -0.000192 0.000017 0.000524 1.000000
1788249580.921298742 0.000177 0.002192 0.020177 -0.000220 0.000007 0.000365 1.000000
1788249580.954632282 0.001521 0.001644 0.022956 -0.000364 -0.000281 0.000551 1.000000
1788249580.987965822 0.002532 0.001520 0.025475 -0.000305 -0.000310 0.000618 1.000000
1788249581.021299362 0.001345 0.001678 0.025723 -0.000200 -0.000157 0.000576 1.000000
1788249581.054632664 0.001231 0.001937 0.028479 -0.000139 -0.000550 0.000536 1.000000
1788249581.087965727 -0.000356 0.001926 0.029864 -0.000053 -0.000730 0.000448 1.000000
1788249581.121299028 0.000662 0.001848 0.034082 -0.000247 -0.000532 0.000473 1.000000
1788249581.154632330 0.000524 0.002820 0.037972 -0.000083 -0.000456 0.000315 1.000000
1788249581.187965393 0.001219 0.002863 0.042712 -0.000148 -0.000515 0.000370 1.000000
1788249581.221297503 0.002599 0.003359 0.048138 -0.000531 -0.000242 0.000355 1.000000
1788249581.254630327 0.001873 0.002717 0.052009 -0.001043 0.000041 0.000394 0.999999
1788249581.287963152 0.002623 0.002503 0.057261 -0.001290 -0.000392 0.000397 0.999999
1788249581.321296215 0.001985 0.002797 0.060486 -0.001282 -0.000423 0.000276 0.999999
1788249581.354629040 0.000629 0.002572 0.062127 -0.001149 -0.000178 0.000105 0.999999
1788249581.387961626 0.000528 0.003659 0.064441 -0.000788 -0.000365 -0.000057 1.000000
1788249581.421294212 0.000183 0.003708 0.068234 -0.000760 -0.000705 -0.000026 0.999999
1788249581.454627275 0.000475 0.003677 0.071607 -0.000824 -0.000908 0.000123 0.999999
1788249581.487959623 0.001336 0.003044 0.075118 -0.000823 -0.000928 0.000285 0.999999
1788249581.521293879 0.001664 0.003654 0.078523 -0.000389 -0.000663 0.000349 1.000000
1788249581.554627895 0.001231 0.003883 0.081471 -0.000238 -0.000303 0.000407 1.000000
1788249581.587962151 0.002487 0.003776 0.086385 -0.000327 -0.000300 0.000463 1.000000
1788249581.621296167 0.001740 0.003818 0.088561 -0.000334 -0.000214 0.000518 1.000000
1788249581.654629230 0.002189 0.004867 0.093276 -0.000270 -0.000295 0.000534 1.000000
1788249581.687963247 0.002064 0.003806 0.096193 -0.000382 -0.000161 0.000574 1.000000
1788249581.721297026 0.002046 0.003690 0.099739 -0.000130 -0.000173 0.000468 1.000000
1788249581.754631042 0.001956 0.003485 0.103454 0.000070 -0.000326 0.000368 1.000000
1788249581.787964821 0.001353 0.004019 0.105775 0.000250 -0.000462 0.000119 1.000000
1788249581.821298599 0.001613 0.003903 0.109363 0.000398 -0.000483 -0.000014 1.000000
1788249581.854632139 0.001882 0.004192 0.112594 0.000532 -0.000494 0.000085 1.000000
1788249581.887965441 0.001732 0.004065 0.115756 0.000646 -0.000331 0.000184 1.000000
1788249581.921298981 0.001852 0.004628 0.119321 0.000626 -0.000276 0.000229 1.000000
1788249581.954632521 0.000805 0.005452 0.122648 0.000561 -0.000248 0.000071 1.000000
1788249581.987965822 0.001728 0.005189 0.127152 0.000382 -0.000432 0.000025 1.000000
1788249582.021299362 0.001003 0.005687 0.130595 0.000358 -0.000423 -0.000055 1.000000
1788249582.054632664 0.001386 0.006396 0.134484 0.000327 -0.000500 -0.000131 1.000000
1788249582.087964773 0.000993 0.006682 0.137426 0.000442 -0.000542 -0.000109 1.000000
1788249582.121297836 0.000257 0.006371 0.139626 0.000486 -0.000572 -0.000154 1.000000
1788249582.154630661 0.000719 0.006793 0.143262 0.000573 -0.000830 -0.000147 0.999999
1788249582.187963724 0.001817 0.006853 0.147923 0.000666 -0.001072 -0.000067 0.999999
1788249582.221296787 0.001138 0.006124 0.149547 0.000736 -0.001015 0.000078 0.999999
1788249582.254629850 0.001200 0.006540 0.153993 0.001046 -0.001026 0.000147 0.999999
1788249582.287962437 0.002600 0.006526 0.157618 0.000961 -0.001021 0.000342 0.999999
1788249582.321295261 0.003155 0.007198 0.161812 0.001030 -0.001009 0.000512 0.999999
1788249582.354627848 0.002255 0.006987 0.165931 0.000985 -0.000960 0.000418 0.999999
1788249582.387960672 0.001724 0.007001 0.170926 0.000808 -0.000794 0.000335 0.999999
1788249582.421293259 0.000797 0.007119 0.174111 0.000666 -0.000535 0.000103 1.000000
1788249582.454625607 0.001487 0.008194 0.179924 0.000704 -0.000684 0.000012 1.000000
1788249582.487958193 0.000087 0.008543 0.184038 0.000738 -0.000782 -0.000042 0.999999
1788249582.521297455 0.000559 0.009466 0.188297 0.000866 -0.000908 -0.000036 0.999999
1788249582.554635525 0.002002 0.009000 0.193365 0.000705 -0.001132 0.000384 0.999999
1788249582.587974787 0.000360 0.008997 0.197056 0.000759 -0.001240 0.000271 0.999999
1788249582.621314049 0.000238 0.008966 0.202378 0.000526 -0.001350 0.000185 0.999999
1788249582.654653311 0.000505 0.009196 0.209287 0.000241 -0.001317 0.000141 0.999999
1788249582.687992334 -0.000648 0.011149 0.213279 0.000342 -0.001158 -0.000056 0.999999
1788249582.721331596 0.000392 0.012303 0.218444 0.000415 -0.001189 -0.000103 0.999999
1788249582.754670858 -0.000044 0.011682 0.223256 0.000335 -0.000966 0.000054 0.999999
1788249582.788010120 -0.001447 0.011397 0.227502 0.000351 -0.000705 0.000145 1.000000
1788249582.821349382 0.000275 0.012108 0.232328 0.000448 -0.000950 0.000351 0.999999
1788249582.854688883 0.000529 0.010691 0.236607 0.000336 -0.001181 0.000331 0.999999
1788249582.888027906 -0.000472 0.011369 0.241800 0.000577 -0.001075 0.000074 0.999999
1788249582.921367407 -0.000301 0.012677 0.245846 0.000719 -0.001034 -0.000019 0.999999
1788249582.954706192 -0.001677 0.012169 0.250622 0.000778 -0.001018 -0.000246 0.999999
1788249582.988044977 -0.001333 0.010996 0.255517 0.000654 -0.001080 -0.000026 0.999999
1788249583.021384001 -0.001335 0.012176 0.260984 0.000801 -0.001083 0.000067 0.999999
1788249583.054723263 -0.000761 0.011771 0.264896 0.000779 -0.001019 0.000270 0.999999
1788249583.088062525 -0.000331 0.012085 0.271253 0.000800 -0.001117 0.000305 0.999999
1788249583.121401787 -0.000893 0.011838 0.275037 0.000691 -0.001105 0.000149 0.999999
1788249583.154741049 -0.002011 0.012585 0.280255 0.000787 -0.001096 -0.000116 0.999999
1788249583.188080549 -0.001251 0.014092 0.286360 0.001075 -0.001221 -0.000402 0.999999
1788249583.221419573 -0.000602 0.014550 0.292950 0.001171 -0.001314 -0.000289 0.999998
1788249583.254759073 -0.001716 0.014599 0.295538 0.001424 -0.001051 -0.000314 0.999998
1788249583.288098097 -0.000987 0.014741 0.300730 0.001521 -0.000942 -0.000025 0.999998
1788249583.321437597 0.000604 0.015839 0.306779 0.001633 -0.001117 0.000103 0.999998
1788249583.354776621 0.000358 0.014180 0.310154 0.001359 -0.001079 0.000105 0.999999
1788249583.388116121 -0.002007 0.014881 0.314901 0.001205 -0.000892 -0.000275 0.999999
1788249583.421454430 -0.002713 0.015221 0.320924 0.001195 -0.000876 -0.000535 0.999999
1788249583.454793930 -0.002782 0.016545 0.326017 0.001320 -0.000897 -0.000609 0.999999
1788249583.488132954 -0.002953 0.015918 0.328705 0.001450 -0.000826 -0.000498 0.999999
1788249583.521472931 -0.001381 0.015342 0.334299 0.001357 -0.000897 -0.000259 0.999999
1788249583.554812193 -0.002472 0.014223 0.337955 0.001203 -0.000851 -0.000092 0.999999
1788249583.588152170 -0.002108 0.015396 0.343228 0.001202 -0.000878 -0.000068 0.999999
1788249583.621492147 -0.001762 0.015888 0.349233 0.001043 -0.000952 -0.000291 0.999999
1788249583.654831648 -0.003039 0.016543 0.353872 0.000960 -0.000953 -0.000415 0.999999
1788249583.688171387 -0.004488 0.016474 0.357256 0.000977 -0.000861 -0.000511 0.999999
1788249583.721511126 -0.002474 0.016963 0.363049 0.001171 -0.000957 -0.000372 0.999999
1788249583.754850864 -0.001463 0.018811 0.369543 0.001458 -0.000900 -0.000332 0.999998
1788249583.788190842 -0.000987 0.016607 0.373057 0.001362 -0.000864 -0.000140 0.999999
1788249583.821530581 -0.002274 0.015985 0.377362 0.001072 -0.000683 -0.000162 0.999999
1788249583.854869366 -0.001744 0.019081 0.385193 0.001217 -0.000768 -0.000445 0.999999
1788249583.888209105 -0.000355 0.019994 0.390691 0.001286 -0.000938 -0.000593 0.999999
1788249583.921548605 -0.003841 0.018479 0.392527 0.001074 -0.000635 -0.000659 0.999999
1788249583.954888582 -0.000892 0.018137 0.400294 0.001152 -0.000868 -0.000533 0.999999
1788249583.988228559 -0.002340 0.018156 0.402098 0.001300 -0.000683 -0.000441 0.999999
1788249584.021568060 -0.000205 0.017952 0.406657 0.001316 -0.000886 -0.000193 0.999999
1788249584.054907799 -0.001102 0.018958 0.411865 0.001489 -0.000870 -0.000239 0.999999
1788249584.088247776 -0.000309 0.019275 0.417789 0.001307 -0.000991 -0.000326 0.999999
1788249584.121587515 -0.002484 0.020675 0.421138 0.001321 -0.000872 -0.000533 0.999999
1788249584.154927492 -0.003231 0.021844 0.427728 0.001491 -0.000878 -0.000862 0.999998
1788249584.188267231 -0.004619 0.021047 0.430622 0.001491 -0.000763 -0.000894 0.999998
1788249584.221606731 -0.003612 0.021151 0.436213 0.001496 -0.000776 -0.000721 0.999998
1788249584.254946709 -0.001874 0.020428 0.442019 0.001396 -0.000867 -0.000643 0.999998
1788249584.288286686 -0.003178 0.020178 0.446062 0.001437 -0.000695 -0.000411 0.999999
1788249584.321625471 -0.003432 0.019664 0.449414 0.001442 -0.000619 -0.000482 0.999999
1788249584.354965210 -0.002581 0.020952 0.452926 0.001324 -0.000716 -0.000560 0.999999
1788249584.388304949 -0.003242 0.022621 0.458352 0.001275 -0.000666 -0.000686 0.999999
1788249584.421644926 -0.003387 0.022094 0.462958 0.001426 -0.000615 -0.000728 0.999999
1788249584.454984665 -0.003623 0.021860 0.464844 0.001646 -0.000639 -0.000691 0.999998
1788249584.488324165 -0.001601 0.021827 0.470834 0.001554 -0.000809 -0.000607 0.999998
1788249584.521662951 -0.001330 0.022268 0.473150 0.001553 -0.000824 -0.000483 0.999998
1788249584.555001259 -0.003254 0.022002 0.475466 0.001621 -0.000747 -0.000410 0.999998
1788249584.588339567 -0.003498 0.021974 0.477300 0.001790 -0.000662 -0.000333 0.999998
1788249584.621677637 -0.001409 0.021881 0.481475 0.001640 -0.000897 -0.000258 0.999998
1788249584.655015945 -0.004764 0.021806 0.484246 0.001499 -0.000559 -0.000401 0.999999
1788249584.688354254 -0.004958 0.023538 0.486317 0.001619 -0.000538 -0.000713 0.999998
1788249584.721692562 -0.004360 0.023154 0.490674 0.001420 -0.000672 -0.000631 0.999999
1788249584.755029678 -0.002778 0.023174 0.494939 0.001428 -0.000878 -0.000633 0.999998
1788249584.788367748 -0.001587 0.024246 0.499205 0.001578 -0.000973 -0.000569 0.999998
1788249584.821706057 -0.003851 0.024123 0.499691 0.001731 -0.000803 -0.000763 0.999998
1788249584.855044127 -0.004284 0.023885 0.503008 0.001897 -0.000842 -0.000890 0.999997
1788249584.888382435 -0.004188 0.024553 0.507617 0.001853 -0.000894 -0.000805 0.999998
1788249584.921720743 -0.003287 0.022906 0.511028 0.001614 -0.000879 -0.000732 0.999998
1788249584.955058813 -0.001354 0.025737 0.515748 0.001784 -0.001058 -0.000803 0.999998
1788249584.988396883 -0.002418 0.025047 0.516598 0.001556 -0.000936 -0.000621 0.999998
1788249585.021734953 -0.001011 0.025205 0.520594 0.001386 -0.001064 -0.000609 0.999998
1788249585.055072784 -0.002330 0.027055 0.523842 0.001443 -0.000904 -0.000741 0.999998
1788249585.088411093 -0.002062 0.026727 0.525876 0.001462 -0.000907 -0.000884 0.999998
1788249585.121749163 -0.004992 0.027499 0.529118 0.001540 -0.000670 -0.000947 0.999998
1788249585.155086994 -0.003522 0.026827 0.532939 0.001529 -0.000799 -0.000708 0.999998
1788249585.188424110 -0.003954 0.025212 0.536569 0.001456 -0.000820 -0.000525 0.999999
1788249585.221762180 -0.003418 0.024876 0.538840 0.001528 -0.000830 -0.000346 0.999998
1788249585.255100012 -0.002262 0.027259 0.541179 0.001788 -0.000844 -0.000449 0.999998
1788249585.288437843 -0.004090 0.026979 0.543077 0.001627 -0.000718 -0.000326 0.999998
1788249585.321775913 -0.005161 0.028238 0.545911 0.001719 -0.000661 -0.000569 0.999998
1788249585.355113745 -0.005155 0.026688 0.548888 0.001423 -0.000682 -0.000504 0.999999
1788249585.388451576 -0.003183 0.027570 0.555536 0.001361 -0.000858 -0.000647 0.999999
1788249585.421789646 -0.002361 0.027603 0.559314 0.001321 -0.000952 -0.000523 0.999999
1788249585.455127716 -0.005853 0.026419 0.560059 0.001205 -0.000681 -0.000507 0.999999
1788249585.488465548 -0.004332 0.026930 0.564497 0.001278 -0.000824 -0.000608 0.999999
1788249585.521804094 -0.004573 0.027699 0.566902 0.001388 -0.000835 -0.000601 0.999999
1788249585.555143118 -0.003529 0.028455 0.570396 0.001541 -0.000915 -0.000767 0.999998
1788249585.588481903 -0.006261 0.027305 0.572255 0.001591 -0.000677 -0.000855 0.999998
1788249585.621820688 -0.004906 0.026049 0.576028 0.001461 -0.000784 -0.000798 0.999998
1788249585.655158758 -0.003410 0.027000 0.580707 0.001510 -0.000952 -0.000852 0.999998
1788249585.688497305 -0.003517 0.027377 0.583400 0.001365 -0.000949 -0.000640 0.999998
1788249585.721836090 -0.003448 0.026743 0.588540 0.001163 -0.000934 -0.000372 0.999999
1788249585.755174875 -0.003433 0.026568 0.590854 0.001041 -0.000833 -0.000492 0.999999
1788249585.788513660 -0.003092 0.029448 0.596801 0.001250 -0.000961 -0.000618 0.999999
1788249585.821852446 -0.004681 0.029700 0.600596 0.001357 -0.000806 -0.000670 0.999999
1788249585.855191231 -0.005750 0.029010 0.601947 0.001357 -0.000708 -0.000825 0.999999
1788249585.888529778 -0.007202 0.032184 0.603538 0.001699 -0.000478 -0.000949 0.999998
1788249585.921868324 -0.004717 0.029508 0.607668 0.001450 -0.000667 -0.000614 0.999999
1788249585.955207109 -0.005446 0.031360 0.610214 0.001537 -0.000627 -0.000619 0.999998
1788249585.988545895 -0.004609 0.030276 0.614837 0.001224 -0.000755 -0.000408 0.999999
1788249586.021884441 -0.004070 0.029253 0.618490 0.001157 -0.000848 -0.000421 0.999999
1788249586.055223227 -0.004658 0.029861 0.619815 0.001286 -0.000759 -0.000500 0.999999
1788249586.088561058 -0.001874 0.030281 0.624840 0.001305 -0.001016 -0.000460 0.999999
1788249586.121899605 -0.002496 0.031021 0.624267 0.001380 -0.000959 -0.000640 0.999998
1788249586.155238152 -0.002400 0.030043 0.627917 0.001208 -0.001004 -0.000609 0.999999
1788249586.188576937 -0.003611 0.032621 0.631558 0.001410 -0.000908 -0.000633 0.999998
1788249586.221915483 -0.004050 0.033966 0.638262 0.001540 -0.000960 -0.000878 0.999998
1788249586.255254030 -0.004762 0.033783 0.639515 0.001540 -0.000957 -0.000958 0.999998
1788249586.288592815 0.008210 0.041327 0.652324 0.002263 -0.002403 -0.001004 0.999994
1788249586.321931362 0.008177 0.040839 0.655484 0.002292 -0.002445 -0.001054 0.999994
1788249586.355269909 0.008708 0.041277 0.658830 0.002425 -0.002628 -0.001134 0.999993
1788249586.388608694 0.009447 0.041475 0.661701 0.002535 -0.002747 -0.001145 0.999992
1788249586.421947241 0.008460 0.041413 0.663969 0.002591 -0.002615 -0.001234 0.999992
1788249586.455285549 0.008759 0.042098 0.666714 0.002665 -0.002604 -0.001169 0.999992
1788249586.488624334 0.008661 0.041370 0.669375 0.002464 -0.002601 -0.001005 0.999993
1788249586.521964312 0.009868 0.042447 0.673733 0.002403 -0.002683 -0.000970 0.999993
1788249586.555303812 0.009335 0.041605 0.675603 0.002272 -0.002655 -0.000847 0.999994
1788249586.588644266 0.009482 0.042754 0.678835 0.002401 -0.002671 -0.000897 0.999993
1788249586.621984482 0.008809 0.042999 0.680757 0.002540 -0.002593 -0.001078 0.999993
1788249586.655324697 0.008685 0.043025 0.683857 0.002569 -0.002567 -0.001015 0.999993
1788249586.688665152 0.009591 0.043357 0.686377 0.002711 -0.002618 -0.000808 0.999993
1788249586.722005367 0.007874 0.042829 0.688335 0.002692 -0.002452 -0.000772 0.999993
1788249586.755345821 0.009762 0.043831 0.691636 0.002838 -0.002609 -0.000705 0.999992
1788249586.788686275 0.009270 0.043581 0.694710 0.002802 -0.002519 -0.000710 0.999993
1788249586.822026253 0.009865 0.043912 0.697644 0.002861 -0.002592 -0.000561 0.999992
1788249586.855366707 0.010761 0.043910 0.701233 0.002826 -0.002703 -0.000466 0.999992
1788249586.888707161 0.010530 0.043530 0.703654 0.002735 -0.002661 -0.000318 0.999993
1788249586.922047615 0.011526 0.044059 0.707609 0.002657 -0.002730 -0.000343 0.999993
1788249586.955387831 0.010731 0.043943 0.710909 0.002533 -0.002742 -0.000376 0.999993
1788249586.988727331 0.009040 0.044129 0.711777 0.002472 -0.002554 -0.000470 0.999994
1788249587.022067785 0.010405 0.044354 0.716158 0.002319 -0.002674 -0.000418 0.999994
1788249587.055408001 0.010145 0.043740 0.718937 0.002178 -0.002680 -0.000370 0.999994
1788249587.088748455 0.010025 0.045190 0.721974 0.002332 -0.002737 -0.000543 0.999993
1788249587.122088909 0.009856 0.044525 0.724539 0.002272 -0.002713 -0.000604 0.999994
1788249587.155428886 0.010235 0.045406 0.727223 0.002424 -0.002767 -0.000723 0.999993
1788249587.188769579 0.009346 0.046454 0.729444 0.002546 -0.002668 -0.000932 0.999993
1788249587.222110033 0.008537 0.045917 0.732191 0.002466 -0.002540 -0.000823 0.999993
1788249587.255450249 0.008966 0.046794 0.735627 0.002505 -0.002552 -0.000835 0.999993
1788249587.288790703 0.009983 0.045625 0.739017 0.002154 -0.002630 -0.000487 0.999994
1788249587.322131395 0.009540 0.046034 0.741780 0.002142 -0.002624 -0.000538 0.999994
1788249587.355471373 0.009607 0.046227 0.744490 0.002084 -0.002615 -0.000545 0.999994
1788249587.388811827 0.008827 0.046738 0.746950 0.002095 -0.002551 -0.000636 0.999994
1788249587.422151327 0.008397 0.047466 0.749889 0.002134 -0.002530 -0.000821 0.999994
1788249587.455491781 0.009533 0.047879 0.754130 0.002048 -0.002601 -0.000794 0.999994
1788249587.488831997 0.008837 0.047582 0.756099 0.001943 -0.002546 -0.000781 0.999995
1788249587.522174120 0.008551 0.047548 0.759446 0.001910 -0.002538 -0.000848 0.999995
1788249587.555516243 0.008777 0.047012 0.762213 0.001818 -0.002598 -0.000698 0.999995
1788249587.588858128 0.008439 0.048492 0.765125 0.001993 -0.002625 -0.000917 0.999994
1788249587.622200489 0.007979 0.047279 0.767404 0.001757 -0.002623 -0.000737 0.999995
1788249587.655542612 0.009195 0.047429 0.771729 0.001674 -0.002732 -0.000747 0.999995
1788249587.688884497 0.008593 0.048162 0.774004 0.001702 -0.002744 -0.000862 0.999994
1788249587.722226858 0.003144 0.047716 0.776352 0.001377 -0.002183 -0.000694 0.999996
1788249587.755568981 0.005119 0.048927 0.780361 0.001379 -0.002324 -0.000772 0.999996
1788249587.788911104 0.004425 0.049170 0.783314 0.001345 -0.002246 -0.000929 0.999996
1788249587.822253466 0.004274 0.050256 0.786220 0.001426 -0.002274 -0.001035 0.999996
1788249587.855594873 0.003157 0.049814 0.788072 0.001369 -0.002209 -0.001130 0.999996
1788249587.888936996 0.003744 0.050044 0.791448 0.001382 -0.002253 -0.001070 0.999996
1788249587.922279596 0.003873 0.050261 0.794343 0.001357 -0.002267 -0.001076 0.999996
1788249587.955621719 0.002723 0.048953 0.796269 0.001159 -0.002187 -0.001013 0.999996
1788249587.988964319 0.002613 0.050860 0.799572 0.001382 -0.002128 -0.001140 0.999996
1788249588.022306442 0.002456 0.050536 0.802629 0.001285 -0.002076 -0.001156 0.999996
1788249588.055649042 0.002846 0.050524 0.805480 0.001230 -0.002138 -0.001035 0.999996
1788249588.088991404 0.003495 0.050437 0.809069 0.001088 -0.002202 -0.000880 0.999997
1788249588.122333765 0.003713 0.051346 0.812108 0.001056 -0.002226 -0.000834 0.999997
1788249588.155676365 0.003312 0.051227 0.814296 0.001004 -0.002196 -0.000829 0.999997
1788249588.189018965 0.003991 0.051513 0.818403 0.000849 -0.002230 -0.000731 0.999997
1788249588.222361565 0.003156 0.050589 0.820778 0.000687 -0.002149 -0.000729 0.999997
1788249588.255703926 0.002495 0.051132 0.823576 0.000753 -0.002067 -0.000723 0.999997
1788249588.289046526 0.004018 0.051606 0.827439 0.000773 -0.002165 -0.000723 0.999997
1788249588.322388411 0.003422 0.050930 0.830005 0.000757 -0.002082 -0.000689 0.999997
1788249588.355730772 0.003765 0.051706 0.832397 0.000908 -0.002154 -0.000812 0.999997
1788249588.389073610 0.003798 0.052510 0.835540 0.001112 -0.002193 -0.000887 0.999997
1788249588.422416449 0.003233 0.052538 0.838168 0.001187 -0.002157 -0.001125 0.999996
1788249588.455759048 0.003465 0.051332 0.840613 0.000860 -0.002152 -0.000836 0.999997
1788249588.489101648 0.003276 0.052539 0.844580 0.000930 -0.002163 -0.001030 0.999997
1788249588.522441149 0.003024 0.052206 0.847039 0.000700 -0.002148 -0.001027 0.999997
1788249588.555780411 0.004102 0.053202 0.850975 0.000683 -0.002252 -0.001005 0.999997
1788249588.589119911 0.002861 0.053748 0.853631 0.000661 -0.002189 -0.001105 0.999997
1788249588.622458696 0.002190 0.053279 0.854905 0.000531 -0.002171 -0.001072 0.999997
1788249588.655798197 0.002363 0.053675 0.859156 0.000503 -0.002191 -0.001082 0.999997
1788249588.689137459 0.002339 0.053131 0.861545 0.000408 -0.002175 -0.001148 0.999997
1788249588.722476721 0.002881 0.053308 0.865285 0.000371 -0.002263 -0.001034 0.999997
1788249588.755815029 0.002419 0.054765 0.867817 0.000487 -0.002262 -0.001126 0.999997
1788249588.789154053 0.002241 0.053689 0.870590 0.000323 -0.002177 -0.001004 0.999997
1788249588.822493553 0.003295 0.054262 0.873728 0.000407 -0.002305 -0.000869 0.999997
1788249588.855832577 0.003080 0.053611 0.876482 0.000407 -0.002275 -0.000773 0.999997
1788249588.889171839 0.001964 0.053220 0.877529 0.000398 -0.002097 -0.000760 0.999997
1788249588.922510862 0.003007 0.053306 0.881236 0.000297 -0.002104 -0.000616 0.999998
1788249588.955850124 0.002656 0.053184 0.883306 0.000329 -0.002079 -0.000503 0.999998
1788249588.989189148 0.003903 0.053369 0.886720 0.000176 -0.002151 -0.000377 0.999998
1788249589.022528410 0.003464 0.053616 0.889973 0.000076 -0.002024 -0.000280 0.999998
1788249589.055867434 0.002377 0.054749 0.892790 0.000165 -0.001886 -0.000499 0.999998
1788249589.089206696 0.004938 0.053801 0.898492 -0.000068 -0.002181 -0.000310 0.999998
1788249589.122545719 0.003387 0.054344 0.899654 0.000039 -0.002032 -0.000430 0.999998
1788249589.155884981 0.002973 0.055261 0.902155 0.000268 -0.001975 -0.000749 0.999998
1788249589.189223766 0.003626 0.055280 0.905221 0.000265 -0.002076 -0.000669 0.999998
1788249589.222561836 0.000323 0.053798 0.906911 0.000070 -0.001913 -0.000626 0.999998
1788249589.255901098 -0.000571 0.054439 0.909191 0.000121 -0.001831 -0.000832 0.999998
1788249589.289239883 -0.001052 0.054558 0.912291 -0.000006 -0.001860 -0.000829 0.999998
1788249589.322579145 -0.000116 0.054986 0.915980 -0.000057 -0.002004 -0.000895 0.999998
1788249589.355918169 -0.000038 0.055164 0.919040 -0.000117 -0.002009 -0.000819 0.999998
1788249589.389256954 0.000096 0.055177 0.921909 -0.000280 -0.002085 -0.000656 0.999998
1788249589.422595739 0.000360 0.055879 0.925166 -0.000274 -0.002073 -0.000735 0.999998
1788249589.455934763 0.000194 0.056371 0.928328 -0.000240 -0.002110 -0.000876 0.999997
1788249589.489273787 -0.001035 0.056524 0.929976 -0.000299 -0.001995 -0.000991 0.999997
1788249589.522614241 -0.001707 0.056251 0.932565 -0.000405 -0.002002 -0.000971 0.999997
1788249589.555954695 -0.001517 0.055982 0.935819 -0.000476 -0.002004 -0.001003 0.999997
1788249589.589294910 -0.001993 0.056766 0.937917 -0.000312 -0.001988 -0.001026 0.999997
1788249589.622635365 -0.000869 0.056971 0.941614 -0.000252 -0.002069 -0.000969 0.999997
1788249589.655974865 -0.001221 0.057290 0.944476 -0.000244 -0.001981 -0.000844 0.999998
1788249589.689314842 -0.000543 0.058250 0.947703 -0.000095 -0.001975 -0.000984 0.999998
1788249589.722655296 -0.001147 0.057192 0.949741 -0.000221 -0.001854 -0.000772 0.999998
1788249589.755995989 -0.000670 0.057368 0.953434 -0.000244 -0.001882 -0.000526 0.999998
1788249589.789336205 -0.000797 0.057582 0.955854 -0.000272 -0.001840 -0.000564 0.999998
1788249589.822676659 -0.000184 0.057420 0.959187 -0.000417 -0.001841 -0.000428 0.999998
1788249589.856017113 -0.000840 0.057818 0.962284 -0.000401 -0.001779 -0.000524 0.999998
1788249589.889357090 -0.000315 0.058135 0.965247 -0.000400 -0.001792 -0.000477 0.999998
1788249589.922697544 -0.000365 0.057980 0.968280 -0.000511 -0.001732 -0.000428 0.999998
1788249589.956037998 -0.000803 0.058858 0.970219 -0.000392 -0.001675 -0.000488 0.999998
1788249589.989378452 -0.000674 0.058961 0.973038 -0.000367 -0.001697 -0.000576 0.999998
1788249590.022718906 -0.001021 0.060258 0.976663 -0.000130 -0.001710 -0.000622 0.999998
1788249590.056059361 -0.001250 0.059279 0.979245 -0.000264 -0.001705 -0.000709 0.999998
1788249590.089398623 0.000755 0.059945 0.982922 -0.000245 -0.001911 -0.000671 0.999998
1788249590.122738838 -0.000869 0.060716 0.984353 -0.000165 -0.001797 -0.000785 0.999998
1788249590.156079292 -0.000364 0.059614 0.989083 -0.000434 -0.001860 -0.000706 0.999998
1788249590.189419746 -0.001207 0.060542 0.991407 -0.000500 -0.001872 -0.000761 0.999998
1788249590.222759724 -0.001624 0.060063 0.994486 -0.000703 -0.001820 -0.000751 0.999998
1788249590.256100178 -0.001067 0.061448 0.997726 -0.000662 -0.001944 -0.000814 0.999998
1788249590.289440632 -0.001889 0.060804 1.000347 -0.000858 -0.001966 -0.000791 0.999997
1788249590.322780848 -0.001876 0.061244 1.003736 -0.000975 -0.001985 -0.000798 0.999997
1788249590.356121540 -0.000450 0.060714 1.007186 -0.001161 -0.002051 -0.000782 0.999997
1788249590.389461756 -0.001423 0.061029 1.010211 -0.001129 -0.001829 -0.000970 0.999997
1788249590.422801971 -0.001048 0.061947 1.012635 -0.001062 -0.001775 -0.000872 0.999997
1788249590.456142426 -0.001434 0.060896 1.015224 -0.001111 -0.001830 -0.000793 0.999997
1788249590.489482880 -0.001648 0.061660 1.017629 -0.001077 -0.001779 -0.000922 0.999997
1788249590.522833824 -0.002731 0.062004 1.019995 -0.001121 -0.001507 -0.000837 0.999998
1788249590.556184292 -0.000277 0.063043 1.025001 -0.001114 -0.001667 -0.000795 0.999998
1788249590.589535952 0.000118 0.062244 1.027341 -0.001409 -0.001786 -0.000649 0.999997
1788249590.622887373 -0.001228 0.061927 1.029334 -0.001458 -0.001620 -0.000736 0.999997
1788249590.656239033 -0.003298 0.062861 1.031453 -0.001294 -0.001442 -0.000972 0.999998
1788249590.689590454 -0.002659 0.063495 1.034882 -0.001201 -0.001493 -0.000985 0.999998
1788249590.722942352 -0.002869 0.062568 1.037426 -0.001170 -0.001450 -0.000903 0.999998
1788249590.756294012 -0.002686 0.064194 1.042019 -0.001081 -0.001354 -0.001075 0.999998
1788249590.789645910 -0.002232 0.064502 1.045491 -0.001329 -0.001393 -0.001052 0.999998
1788249590.822997570 -0.002050 0.064833 1.049883 -0.001542 -0.001503 -0.001105 0.999997
1788249590.856349707 -0.003387 0.064465 1.052539 -0.001610 -0.001367 -0.001256 0.999997
1788249590.889702082 -0.003044 0.065311 1.056435 -0.001510 -0.001449 -0.001371 0.999997
1788249590.923054218 -0.003753 0.065562 1.058935 -0.001436 -0.001375 -0.001489 0.999997
1788249590.956406355 -0.005097 0.064890 1.061614 -0.001655 -0.001266 -0.001452 0.999997
1788249590.989757776 -0.002823 0.065467 1.067334 -0.001830 -0.001484 -0.001413 0.999996
1788249591.023110151 -0.003887 0.066159 1.070571 -0.001885 -0.001359 -0.001500 0.999996
1788249591.056462526 -0.004899 0.066508 1.074808 -0.001928 -0.001354 -0.001602 0.999996
1788249591.089815378 -0.004568 0.065024 1.077996 -0.002263 -0.001474 -0.001547 0.999995
1788249591.123167753 -0.003766 0.066114 1.082536 -0.002101 -0.001462 -0.001743 0.999995
1788249591.156520605 -0.004006 0.067253 1.085419 -0.001897 -0.001392 -0.001763 0.999996
1788249591.189873457 -0.002108 0.066935 1.089446 -0.001873 -0.001551 -0.001597 0.999996
1788249591.223226309 -0.003925 0.066656 1.091440 -0.001724 -0.001339 -0.001533 0.999996
1788249591.256579161 -0.001611 0.067594 1.096471 -0.001628 -0.001485 -0.001499 0.999996
1788249591.289932251 -0.002124 0.065482 1.099073 -0.001942 -0.001446 -0.001152 0.999996
1788249591.323285341 -0.003323 0.066461 1.102617 -0.001857 -0.001274 -0.001315 0.999997
1788249591.356638670 -0.003484 0.066758 1.106691 -0.001848 -0.001194 -0.001398 0.999997
1788249591.389991760 -0.004040 0.067691 1.109672 -0.001647 -0.001113 -0.001540 0.999997
1788249591.423343897 -0.004732 0.067910 1.111561 -0.001458 -0.001031 -0.001533 0.999997
1788249591.456697702 -0.004705 0.067908 1.115202 -0.001172 -0.001153 -0.001668 0.999997
1788249591.490051031 -0.004933 0.067481 1.117979 -0.001058 -0.001157 -0.001675 0.999997
1788249591.523399830 -0.004982 0.067472 1.120727 -0.000925 -0.001161 -0.001638 0.999998
1788249591.556748629 -0.003942 0.067502 1.125456 -0.000857 -0.001217 -0.001633 0.999998
1788249591.590097427 -0.004041 0.068909 1.129106 -0.000715 -0.001245 -0.001597 0.999998
1788249591.623446465 -0.003770 0.069495 1.132593 -0.000773 -0.001272 -0.001413 0.999998
1788249591.656795263 -0.005137 0.069030 1.135126 -0.000941 -0.001190 -0.001550 0.999998
1788249591.690144300 -0.004538 0.068291 1.139367 -0.001097 -0.001280 -0.001388 0.999998
1788249591.723493338 -0.005313 0.068951 1.143284 -0.001054 -0.001360 -0.001521 0.999997
1788249591.756842375 -0.004441 0.069195 1.146087 -0.001016 -0.001473 -0.001511 0.999997
1788249591.790191650 -0.003942 0.069375 1.150203 -0.000935 -0.001519 -0.001498 0.999997
1788249591.823540926 -0.003025 0.069488 1.153209 -0.000872 -0.001575 -0.001396 0.999997
1788249591.856889963 -0.003384 0.071582 1.156840 -0.000344 -0.001542 -0.001697 0.999997
1788249591.890238285 -0.003939 0.069124 1.159788 -0.000455 -0.001481 -0.001302 0.999998
1788249591.923587799 -0.003556 0.070110 1.163015 -0.000250 -0.001373 -0.001274 0.999998
1788249591.956937075 -0.002046 0.070205 1.166459 -0.000296 -0.001369 -0.001019 0.999999
1788249591.990286350 -0.002032 0.071784 1.170727 -0.000223 -0.001359 -0.001024 0.999999
1788249592.023636103 -0.001768 0.070502 1.173392 -0.000483 -0.001363 -0.000804 0.999999
1788249592.056985378 0.003632 0.073019 1.177633 -0.000233 -0.001704 -0.000915 0.999998
1788249592.090335131 0.003918 0.073770 1.181538 -0.000032 -0.001734 -0.001052 0.999998
1788249592.123684645 0.003151 0.074591 1.184959 0.000101 -0.001742 -0.001192 0.999998
1788249592.157034397 0.003939 0.074698 1.188607 0.000201 -0.001811 -0.001182 0.999998
1788249592.190383911 0.002710 0.073840 1.191059 0.000194 -0.001674 -0.001101 0.999998
1788249592.223733902 0.003409 0.074658 1.195398 0.000177 -0.001783 -0.001089 0.999998
1788249592.257083416 0.003970 0.074984 1.199476 0.000148 -0.001832 -0.000966 0.999998
1788249592.290433407 0.003522 0.074053 1.202532 -0.000138 -0.001798 -0.000778 0.999998
1788249592.323782206 0.003709 0.074156 1.206280 -0.000272 -0.001878 -0.000831 0.999998
1788249592.357132196 0.004079 0.075019 1.210840 -0.000299 -0.001928 -0.000931 0.999998
1788249592.390481949 0.003897 0.076760 1.214064 -0.000150 -0.001930 -0.001101 0.999997
1788249592.423832178 0.003054 0.075096 1.216454 -0.000483 -0.001884 -0.000862 0.999998
1788249592.457182407 0.003830 0.076360 1.222007 -0.000376 -0.001936 -0.000785 0.999998
1788249592.490532160 0.003833 0.075948 1.225151 -0.000410 -0.001866 -0.000777 0.999998
1788249592.523881674 0.004729 0.076292 1.228415 -0.000227 -0.001946 -0.000728 0.999998
1788249592.557231188 0.005104 0.076256 1.231964 -0.000081 -0.001992 -0.000692 0.999998
1788249592.590580940 0.006222 0.077404 1.236470 0.000059 -0.001970 -0.000651 0.999998
1788249592.623930693 0.003871 0.077757 1.237557 0.000195 -0.001560 -0.000746 0.999999
1788249592.657280684 0.004408 0.076952 1.241432 0.000020 -0.001577 -0.000519 0.999999
1788249592.690630436 0.003939 0.076468 1.245023 -0.000056 -0.001587 -0.000447 0.999999
1788249592.723980427 0.004846 0.076881 1.248999 -0.000094 -0.001537 -0.000421 0.999999
1788249592.757329464 0.003817 0.076625 1.251919 -0.000015 -0.001395 -0.000464 0.999999
1788249592.790679693 0.004712 0.077453 1.255514 0.000192 -0.001528 -0.000611 0.999999
1788249592.824029446 0.003599 0.078339 1.258299 0.000397 -0.001454 -0.000726 0.999999
1788249592.857379913 0.005207 0.077759 1.263225 0.000397 -0.001644 -0.000559 0.999998
1788249592.890730381 0.004623 0.077239 1.265726 0.000521 -0.001515 -0.000548 0.999999
1788249592.924080849 0.004489 0.076782 1.267488 0.000549 -0.001548 -0.000396 0.999999
1788249592.957430840 0.005082 0.076746 1.271204 0.000512 -0.001532 -0.000306 0.999999
1788249592.990781546 0.005390 0.078740 1.275466 0.000701 -0.001511 -0.000381 0.999999
1788249593.024132252 0.005165 0.077839 1.278005 0.000564 -0.001479 -0.000413 0.999999
1788249593.057482958 0.005792 0.077867 1.283789 0.000440 -0.001640 -0.000279 0.999999
1788249593.090833426 0.005377 0.078175 1.286061 0.000444 -0.001643 -0.000452 0.999998
1788249593.124184370 0.004725 0.078084 1.290368 0.000553 -0.001665 -0.000510 0.999998
1788249593.157535315 0.004729 0.077439 1.292828 0.000625 -0.001571 -0.000484 0.999999
1788249593.190885305 0.004720 0.078477 1.292766 0.001006 -0.001676 -0.000605 0.999998
1788249593.224236250 0.004064 0.078597 1.296893 0.001176 -0.001611 -0.000647 0.999998
1788249593.257587194 0.005011 0.078954 1.300232 0.001201 -0.001642 -0.000653 0.999998
1788249593.290938139 0.003836 0.079003 1.303261 0.001253 -0.001408 -0.000612 0.999998
1788249593.324289560 0.004045 0.080001 1.306633 0.001344 -0.001384 -0.000594 0.999998
1788249593.357640982 0.004883 0.079809 1.310944 0.001240 -0.001402 -0.000483 0.999998
1788249593.390992165 0.005526 0.078479 1.314498 0.001059 -0.001462 -0.000461 0.999998
1788249593.424343586 0.004292 0.080001 1.317786 0.001260 -0.001340 -0.000644 0.999998
1788249593.457695007 0.005238 0.080210 1.320952 0.001339 -0.001376 -0.000766 0.999998
1788249593.491046667 0.004471 0.080285 1.323499 0.001353 -0.001345 -0.000786 0.999998
1788249593.524397135 0.004681 0.080540 1.327352 0.001538 -0.001383 -0.000850 0.999997
1788249593.557747364 0.002928 0.079334 1.329578 0.001526 -0.001168 -0.000806 0.999998
1788249593.591097593 0.005386 0.080068 1.335558 0.001568 -0.001362 -0.000710 0.999998
1788249593.624448299 0.005176 0.081520 1.339072 0.001691 -0.001439 -0.000726 0.999997
1788249593.657798052 0.005189 0.081706 1.342812 0.001599 -0.001467 -0.000767 0.999997
1788249593.691148758 0.004053 0.080726 1.345727 0.001317 -0.001374 -0.000807 0.999998
1788249593.724499226 0.005425 0.082329 1.350374 0.001318 -0.001546 -0.000852 0.999998
1788249593.757849932 0.004450 0.083511 1.353018 0.001497 -0.001495 -0.001028 0.999997
1788249593.791201115 0.004742 0.081657 1.357586 0.001301 -0.001538 -0.000919 0.999998
1788249593.824551821 0.003089 0.081457 1.359087 0.001547 -0.001333 -0.001123 0.999997
1788249593.857903004 0.003672 0.081188 1.362245 0.001625 -0.001446 -0.001019 0.999997
1788249593.891254187 0.005352 0.079914 1.365605 0.001693 -0.001598 -0.000854 0.999997
1788249593.924605131 0.003224 0.081237 1.369264 0.002070 -0.001339 -0.001081 0.999996
1788249593.957956553 0.004144 0.081112 1.374118 0.001833 -0.001322 -0.000844 0.999997
1788249593.991307735 0.003484 0.081923 1.377865 0.001628 -0.001211 -0.001028 0.999997
1788249594.024659157 0.004957 0.081846 1.383255 0.001477 -0.001377 -0.000867 0.999998
1788249594.058010578 0.004158 0.081934 1.386111 0.001496 -0.001157 -0.001039 0.999998
1788249594.091360807 0.004207 0.083881 1.390648 0.001868 -0.001190 -0.001218 0.999997
1788249594.124712467 0.004365 0.082744 1.392961 0.001972 -0.001216 -0.001394 0.999996
1788249594.158064127 0.003845 0.082430 1.395745 0.002286 -0.001178 -0.001347 0.999996
1788249594.191416025 0.001464 0.080768 1.397699 0.002306 -0.001002 -0.001304 0.999996
1788249594.224767685 0.003424 0.081314 1.402568 0.002423 -0.001187 -0.001168 0.999996
1788249594.258119583 0.003827 0.081573 1.406869 0.002401 -0.001244 -0.001116 0.999996
1788249594.291471481 0.004638 0.082602 1.412066 0.002443 -0.001344 -0.001089 0.999996
1788249594.324823618 0.004425 0.082253 1.414944 0.002298 -0.001271 -0.000977 0.999996
1788249594.358175516 0.004140 0.083701 1.420138 0.002455 -0.001357 -0.001217 0.999995
1788249594.391527891 0.003716 0.083773 1.424200 0.002528 -0.001442 -0.001487 0.999995
1788249594.424880028 0.003403 0.082712 1.427158 0.002663 -0.001443 -0.001535 0.999994
1788249594.458232164 0.003900 0.082047 1.429170 0.002801 -0.001454 -0.001537 0.999994
1788249594.491584539 0.003002 0.082101 1.433214 0.003024 -0.001371 -0.001663 0.999993
1788249594.524935484 0.002353 0.081612 1.435625 0.003146 -0.001319 -0.001577 0.999993
1788249594.558285713 0.002206 0.081968 1.440391 0.003076 -0.001276 -0.001470 0.999993
1788249594.591637135 0.003671 0.083153 1.444511 0.003059 -0.001287 -0.001453 0.999993
1788249594.624988317 0.002803 0.083750 1.449201 0.003074 -0.001236 -0.001502 0.999993
1788249594.658339739 0.001886 0.083944 1.451456 0.003117 -0.001119 -0.001699 0.999993
1788249594.691691160 0.003298 0.085510 1.457143 0.003288 -0.001216 -0.001691 0.999992
1788249594.725042582 0.002508 0.084871 1.458579 0.003449 -0.001055 -0.001733 0.999992
1788249594.758394241 0.001712 0.085007 1.463636 0.003672 -0.001182 -0.001751 0.999991
1788249594.791745901 0.002372 0.086920 1.467491 0.004227 -0.001164 -0.001998 0.999988
1788249594.825097799 0.002607 0.085155 1.470868 0.004363 -0.001159 -0.001899 0.999988
1788249594.858449459 0.001809 0.084724 1.472238 0.004220 -0.001092 -0.001664 0.999989
1788249594.891801357 0.001753 0.085190 1.477114 0.003864 -0.001082 -0.001580 0.999991
1788249594.925153494 0.003030 0.085488 1.481835 0.003651 -0.001146 -0.001531 0.999992
1788249594.958505630 0.000976 0.087545 1.488504 0.003787 -0.001211 -0.001613 0.999991
1788249594.991856813 0.000537 0.089092 1.493323 0.004149 -0.001282 -0.001951 0.999989
1788249595.025208950 0.000293 0.087540 1.496431 0.004048 -0.001393 -0.001978 0.999989
1788249595.058561325 0.000816 0.088326 1.499853 0.004285 -0.001410 -0.002099 0.999988
1788249595.091913700 0.000715 0.088673 1.503017 0.004610 -0.001249 -0.002214 0.999986
1788249595.125266314 -0.000514 0.087914 1.507360 0.004937 -0.001153 -0.002235 0.999985
1788249595.158618689 0.001045 0.088895 1.512065 0.004971 -0.001429 -0.002175 0.999984
1788249595.191971302 0.000075 0.089361 1.517459 0.004449 -0.001275 -0.002318 0.999987
1788249595.225324154 -0.000384 0.089698 1.522887 0.004021 -0.001099 -0.002161 0.999989
1788249595.258676767 0.000450 0.089970 1.528215 0.003744 -0.001203 -0.002164 0.999990
1788249595.292029858 -0.000235 0.090795 1.532752 0.003822 -0.001145 -0.002319 0.999989
1788249595.325382710 -0.000541 0.090084 1.537203 0.003758 -0.001205 -0.002231 0.999990
1788249595.358735800 -0.000559 0.090591 1.541712 0.004032 -0.001288 -0.002287 0.999988
1788249595.392088890 -0.000559 0.091058 1.544602 0.004482 -0.001192 -0.002295 0.999987
1788249595.425441027 0.000356 0.091078 1.549587 0.004682 -0.001277 -0.002202 0.999986
1788249595.458794355 -0.000343 0.091146 1.552503 0.004496 -0.001195 -0.002143 0.999987
1788249595.492147684 0.000499 0.091379 1.558549 0.004081 -0.001295 -0.002005 0.999989
1788249595.525495768 0.000461 0.093001 1.564273 0.004081 -0.001273 -0.002132 0.999989
1788249595.558843851 0.001115 0.090928 1.569648 0.003791 -0.001489 -0.001981 0.999990
1788249595.592192173 -0.000753 0.090730 1.571168 0.003918 -0.001308 -0.002057 0.999989
1788249595.625540257 0.000332 0.091524 1.575804 0.004096 -0.001337 -0.002137 0.999988
1788249595.658888340 0.000233 0.091023 1.580330 0.004343 -0.001203 -0.002137 0.999988
1788249595.692236423 0.001122 0.092723 1.584148 0.004901 -0.001304 -0.002233 0.999985
1788249595.725584745 0.001613 0.092302 1.589210 0.004768 -0.001354 -0.002045 0.999986
1788249595.758932829 -0.000042 0.092507 1.592995 0.004468 -0.001109 -0.002183 0.999987
1788249595.792281389 -0.000399 0.093318 1.598544 0.004364 -0.001073 -0.002228 0.999987
1788249595.825629711 0.000168 0.092645 1.603406 0.004261 -0.001238 -0.002187 0.999988
1788249595.858978271 0.000189 0.092528 1.607852 0.004390 -0.001167 -0.002139 0.999987
1788249595.892325401 0.000210 0.094373 1.612255 0.004907 -0.001126 -0.002219 0.999985
1788249595.925673723 -0.000372 0.093545 1.614740 0.004977 -0.001081 -0.002053 0.999985
1788249595.959022522 -0.000333 0.092563 1.618005 0.005068 -0.001147 -0.001954 0.999985
1788249595.992371082 -0.001214 0.093935 1.623723 0.005267 -0.001111 -0.002220 0.999983
1788249596.025719643 -0.000953 0.094341 1.629112 0.005104 -0.001174 -0.002218 0.999984
1788249596.059067965 -0.000170 0.094227 1.634159 0.005083 -0.001380 -0.002268 0.999984
1788249596.092416525 -0.000403 0.093919 1.637947 0.005092 -0.001453 -0.002243 0.999983
1788249596.125765324 -0.001031 0.094250 1.641479 0.005414 -0.001583 -0.002430 0.999981
1788249596.159113884 -0.002058 0.093794 1.645013 0.005408 -0.001434 -0.002374 0.999982
1788249596.192462683 -0.001693 0.093530 1.648989 0.005292 -0.001217 -0.002147 0.999983
1788249596.225811243 -0.000884 0.094940 1.652740 0.005614 -0.001231 -0.002089 0.999981
1788249596.259160280 -0.000390 0.095986 1.658065 0.005913 -0.001425 -0.002120 0.999979
1788249596.292508841 0.000229 0.095215 1.662758 0.005641 -0.001406 -0.001936 0.999981
1788249596.325856924 0.000188 0.094685 1.667231 0.005330 -0.001332 -0.001749 0.999983
1788249596.359205723 -0.000688 0.094953 1.671543 0.005402 -0.001299 -0.001908 0.999983
1788249596.392554522 -0.001167 0.096722 1.675125 0.005760 -0.001370 -0.002013 0.999980
1788249596.425903559 -0.000379 0.095731 1.679330 0.005841 -0.001324 -0.001986 0.999980
1788249596.459252596 0.001150 0.096465 1.684691 0.005959 -0.001440 -0.001791 0.999980
1788249596.492601395 0.001721 0.097727 1.687734 0.006191 -0.001518 -0.001724 0.999978
1788249596.525947809 -0.000484 0.097058 1.693316 0.005910 -0.001440 -0.001763 0.999980
1788249596.559296131 0.001165 0.098061 1.698674 0.005674 -0.001542 -0.001876 0.999981
1788249596.592643976 0.001179 0.098011 1.704268 0.005449 -0.001586 -0.001889 0.999982
1788249596.625992298 0.000852 0.097197 1.708080 0.005338 -0.001563 -0.002193 0.999982
1788249596.659340382 -0.002093 0.096656 1.711642 0.005199 -0.001352 -0.002144 0.999983
1788249596.692688465 -0.003054 0.095576 1.715003 0.005158 -0.001171 -0.002046 0.999984
1788249596.726036787 -0.000208 0.097014 1.720419 0.005341 -0.001406 -0.001823 0.999983
1788249596.759384155 -0.000557 0.097115 1.724002 0.005261 -0.001380 -0.001717 0.999984
1788249596.792732239 -0.001731 0.096781 1.729068 0.004950 -0.001277 -0.001522 0.999986
1788249596.826080561 -0.001601 0.097427 1.734062 0.004877 -0.001286 -0.001675 0.999986
1788249596.859428883 -0.000015 0.098664 1.739587 0.004778 -0.001456 -0.001700 0.999986
1788249596.892777443 0.000800 0.097795 1.744161 0.004639 -0.001483 -0.001765 0.999987
1788249596.926126003 -0.000613 0.099234 1.748008 0.004846 -0.001516 -0.001859 0.999985
1788249596.959474325 -0.000402 0.097842 1.753471 0.004829 -0.001632 -0.001841 0.999985
1788249596.992822886 0.001144 0.100339 1.757798 0.005057 -0.001695 -0.001840 0.999984
1788249597.026171207 0.000846 0.098807 1.761533 0.004773 -0.001663 -0.001727 0.999986
1788249597.059519768 -0.003101 0.097457 1.764788 0.004510 -0.001381 -0.001889 0.999987
1788249597.092868090 -0.001540 0.099789 1.771867 0.004537 -0.001532 -0.001820 0.999987
1788249597.126216888 -0.002393 0.098410 1.774999 0.004312 -0.001363 -0.001873 0.999988
1788249597.159565449 -0.003044 0.098695 1.779401 0.004253 -0.001243 -0.001861 0.999988
1788249597.192914248 -0.002563 0.099262 1.782968 0.004295 -0.001356 -0.001862 0.999988
1788249597.226261854 -0.004469 0.098639 1.785681 0.004218 -0.001170 -0.001685 0.999989
1788249597.259610653 0.002056 0.102465 1.797762 0.004688 -0.002010 -0.001747 0.999985
1788249597.292959452 0.003957 0.102603 1.803854 0.004528 -0.002059 -0.001429 0.999987
1788249597.326308250 0.004637 0.104190 1.809596 0.004448 -0.002032 -0.001361 0.999987
1788249597.359656811 0.003899 0.104121 1.813175 0.004261 -0.001933 -0.001306 0.999988
1788249597.393005610 0.002479 0.103967 1.818722 0.004178 -0.001850 -0.001448 0.999989
1788249597.426354647 0.003936 0.106012 1.823915 0.004467 -0.001985 -0.001628 0.999987
1788249597.459703445 0.003493 0.106412 1.828226 0.004580 -0.002101 -0.001734 0.999986
1788249597.493052244 0.002627 0.106485 1.830958 0.004698 -0.001977 -0.001804 0.999985
1788249597.526400328 0.004819 0.106429 1.837777 0.004510 -0.002254 -0.001695 0.999986
1788249597.559746981 0.002851 0.106828 1.840694 0.004385 -0.002036 -0.001697 0.999987
1788249597.593093634 0.004998 0.106175 1.847788 0.004004 -0.002350 -0.001706 0.999988
1788249597.626440287 0.002619 0.106309 1.851508 0.003786 -0.002013 -0.001639 0.999989
1788249597.659785986 0.005587 0.108050 1.857803 0.003773 -0.002299 -0.001750 0.999989
1788249597.693132639 0.003807 0.106681 1.861081 0.003661 -0.002164 -0.001813 0.999989
1788249597.726479530 0.002851 0.106457 1.864251 0.003808 -0.001984 -0.001801 0.999989
1788249597.759825945 0.006351 0.108431 1.870514 0.004195 -0.002315 -0.001551 0.999987
1788249597.793172836 0.005466 0.108520 1.875185 0.004162 -0.002130 -0.001490 0.999988
1788249597.826519728 0.004134 0.107791 1.878288 0.003901 -0.001855 -0.001233 0.999990
1788249597.859866381 0.004316 0.106953 1.882669 0.003660 -0.001833 -0.001100 0.999991
1788249597.893213272 0.005383 0.106985 1.888998 0.003292 -0.001983 -0.001079 0.999992
1788249597.926560163 0.005129 0.107804 1.893423 0.003287 -0.001964 -0.001278 0.999992
1788249597.959906816 0.003290 0.105875 1.896182 0.003069 -0.001859 -0.001314 0.999993
1788249597.993253708 0.004842 0.109260 1.900927 0.003510 -0.002276 -0.001505 0.999990
1788249598.026600838 0.004703 0.109312 1.905879 0.003427 -0.002334 -0.001612 0.999990
1788249598.059947729 0.004300 0.109736 1.910569 0.003487 -0.002347 -0.001735 0.999990
1788249598.093293667 0.004082 0.109844 1.915382 0.003119 -0.002392 -0.001701 0.999991
1788249598.126640558 0.004268 0.111275 1.920992 0.002980 -0.002385 -0.001822 0.999991
1788249598.159987211 0.007630 0.112223 1.928480 0.002803 -0.002803 -0.001598 0.999991
1788249598.193334341 0.006607 0.111385 1.932243 0.002518 -0.002669 -0.001405 0.999992
1788249598.226681232 0.004900 0.112149 1.935901 0.002523 -0.002442 -0.001439 0.999993
1788249598.260028601 0.003520 0.113319 1.939680 0.002789 -0.002202 -0.001596 0.999992
1788249598.293375254 0.005891 0.112924 1.944234 0.002888 -0.002393 -0.001389 0.999992
1788249598.326722383 0.007016 0.111761 1.949885 0.002590 -0.002418 -0.001042 0.999993
1788249598.360069513 0.005692 0.113318 1.953771 0.002611 -0.002235 -0.001050 0.999994
1788249598.393416643 0.007491 0.111989 1.960067 0.002195 -0.002410 -0.000861 0.999994
1788249598.426763535 0.008958 0.115184 1.966136 0.002277 -0.002559 -0.001089 0.999994
1788249598.460110664 0.006496 0.114086 1.969488 0.002023 -0.002210 -0.001174 0.999995
1788249598.493457794 0.006305 0.114618 1.974819 0.001874 -0.002302 -0.001331 0.999995
1788249598.526803493 0.005654 0.115462 1.978747 0.001804 -0.002342 -0.001461 0.999995
1788249598.560146809 0.006758 0.116767 1.984404 0.001817 -0.002575 -0.001614 0.999994
1788249598.593490839 0.006574 0.115835 1.988797 0.001492 -0.002509 -0.001530 0.999995
1788249598.626834869 0.003545 0.115067 1.992602 0.001172 -0.002160 -0.001709 0.999996
1788249598.660179138 0.004979 0.116775 1.998749 0.001025 -0.002339 -0.001578 0.999996
1788249598.693523169 0.005938 0.118023 2.004633 0.000879 -0.002503 -0.001669 0.999995
1788249598.726866961 0.006951 0.119314 2.010580 0.000819 -0.002469 -0.001773 0.999995
1788249598.760210991 0.006755 0.118908 2.014120 0.000606 -0.002200 -0.001790 0.999996
1788249598.793555260 0.006569 0.119337 2.018481 0.000536 -0.002210 -0.001581 0.999996
1788249598.826899290 0.004537 0.118442 2.021979 0.000489 -0.002021 -0.001590 0.999997
1788249598.860243320 0.006848 0.120366 2.028316 0.000518 -0.002138 -0.001516 0.999996
1788249598.893587351 0.006769 0.118839 2.031931 0.000146 -0.002001 -0.001425 0.999997
1788249598.926931381 0.006634 0.121261 2.038683 0.000238 -0.002078 -0.001406 0.999997
1788249598.960275650 0.007831 0.122272 2.043942 0.000123 -0.002114 -0.001626 0.999996
1788249598.993618488 0.007774 0.122246 2.047564 -0.000084 -0.002087 -0.001597 0.999997
1788249599.026962519 0.005481 0.119992 2.051347 -0.000398 -0.001985 -0.001638 0.999997
1788249599.060306549 0.005754 0.120455 2.056757 -0.000505 -0.002086 -0.001859 0.999996
1788249599.093650579 0.005392 0.121174 2.061795 -0.000596 -0.002058 -0.002079 0.999996
1788249599.126994610 0.005444 0.122193 2.065897 -0.000553 -0.002049 -0.002199 0.999995
1788249599.160338640 0.006305 0.121827 2.071664 -0.000823 -0.002225 -0.002043 0.999995
1788249599.193682432 0.008057 0.123784 2.077992 -0.000824 -0.002451 -0.002032 0.999995
1788249599.227026701 0.006239 0.125078 2.081302 -0.000635 -0.002091 -0.002353 0.999995
1788249599.260370731 0.005562 0.125149 2.085297 -0.000600 -0.002018 -0.002273 0.999995
1788249599.293714762 0.004662 0.124073 2.088125 -0.000590 -0.001857 -0.002277 0.999996
1788249599.327058792 0.006211 0.122565 2.092350 -0.000558 -0.002121 -0.002061 0.999995
1788249599.360402822 0.007156 0.123325 2.098387 -0.000535 -0.002183 -0.001808 0.999996
1788249599.393746853 0.008095 0.125344 2.103294 -0.000239 -0.002261 -0.001850 0.999996
1788249599.427089691 0.008698 0.125008 2.107650 -0.000266 -0.002170 -0.001778 0.999996
1788249599.460433722 0.006487 0.124876 2.111630 -0.000286 -0.001932 -0.001856 0.999996
1788249599.493777752 0.007961 0.124637 2.117537 -0.000201 -0.002194 -0.002001 0.999996
1788249599.527121305 0.007345 0.127178 2.121677 0.000361 -0.002313 -0.002341 0.999995
1788249599.560463667 0.004566 0.123225 2.122504 -0.000023 -0.001959 -0.002358 0.999995
1788249599.593806505 0.006449 0.124170 2.129911 0.000038 -0.002208 -0.002375 0.999995
1788249599.627148867 0.005565 0.125864 2.133729 0.000161 -0.002156 -0.002504 0.999995
1788249599.660491943 0.006284 0.125941 2.138421 -0.000079 -0.002321 -0.002511 0.999994
1788249599.693834305 0.006991 0.126378 2.144451 -0.000323 -0.002456 -0.002380 0.999994
1788249599.727176905 0.007197 0.126836 2.149591 -0.000354 -0.002533 -0.002334 0.999994
1788249599.760519266 0.007180 0.127862 2.154761 -0.000158 -0.002609 -0.002459 0.999994
1788249599.793862104 0.006939 0.128063 2.158856 -0.000172 -0.002563 -0.002569 0.999993
1788249599.827204466 0.005535 0.127973 2.161465 -0.000248 -0.002236 -0.002434 0.999995
1788249599.860546827 0.006586 0.129458 2.163786 0.000194 -0.002215 -0.002333 0.999995
1788249599.893888712 0.008789 0.130133 2.170798 0.000576 -0.002466 -0.002124 0.999995
1788249599.927231073 0.008399 0.130936 2.174407 0.000533 -0.002356 -0.001941 0.999995
1788249599.960573435 0.009239 0.130923 2.179972 0.000248 -0.002288 -0.001964 0.999995
1788249599.993916035 0.009763 0.130793 2.183775 0.000050 -0.002317 -0.001968 0.999995
1788249600.027258396 0.007316 0.129082 2.187973 -0.000315 -0.002138 -0.002268 0.999995
1788249600.060600996 0.007430 0.131560 2.193261 -0.000182 -0.002173 -0.002375 0.999995
1788249600.093943357 0.008476 0.132661 2.197661 -0.000158 -0.002295 -0.002593 0.999994
1788249600.127285957 0.007405 0.131826 2.202427 -0.000324 -0.002418 -0.002510 0.999994
1788249600.160628319 0.007566 0.132735 2.207479 -0.000289 -0.002383 -0.002591 0.999994
1788249600.193970442 0.007898 0.132020 2.212817 -0.000686 -0.002320 -0.002475 0.999994
1788249600.227312803 0.007803 0.132870 2.217512 -0.000876 -0.002311 -0.002293 0.999994
1788249600.260655403 0.008532 0.133118 2.222363 -0.001106 -0.002556 -0.002243 0.999994
1788249600.293997765 0.006654 0.132460 2.226641 -0.001326 -0.002433 -0.002245 0.999994
1788249600.327338934 0.007718 0.133425 2.231591 -0.001469 -0.002402 -0.002151 0.999994
1788249600.360681295 0.006524 0.132377 2.233824 -0.001670 -0.001921 -0.002123 0.999995
1788249600.394023418 0.007442 0.132925 2.238411 -0.001501 -0.001916 -0.001868 0.999995
1788249600.427365780 0.005802 0.131682 2.240710 -0.001414 -0.001714 -0.001702 0.999996
1788249600.460708141 0.007025 0.132294 2.246009 -0.001330 -0.001739 -0.001629 0.999996
1788249600.494050503 0.007688 0.133518 2.250834 -0.001367 -0.001659 -0.001654 0.999996
1788249600.527392387 0.007634 0.133785 2.256740 -0.001395 -0.001698 -0.001685 0.999996
1788249600.560733795 0.007175 0.133775 2.259970 -0.001540 -0.001649 -0.001827 0.999996
1788249600.594075203 0.007374 0.134637 2.266146 -0.001572 -0.001695 -0.001899 0.999996
1788249600.627416611 0.005747 0.134608 2.267509 -0.001540 -0.001495 -0.001951 0.999996
1788249600.660757780 0.005085 0.134346 2.271587 -0.001457 -0.001444 -0.001986 0.999996
1788249600.694099426 0.004704 0.134824 2.275687 -0.001458 -0.001434 -0.001984 0.999996
1788249600.760780811 0.006954 0.134594 2.286261 -0.001818 -0.001723 -0.001736 0.999995
1788249600.794121981 0.007947 0.135836 2.292140 -0.001807 -0.001938 -0.001782 0.999995
1788249600.827463627 0.007224 0.135936 2.296599 -0.001862 -0.001889 -0.001713 0.999995
1788249600.860804796 0.007677 0.135563 2.301088 -0.001903 -0.001821 -0.001632 0.999995
1788249600.894145966 0.007356 0.136227 2.304914 -0.001826 -0.001556 -0.001544 0.999996
1788249600.927487135 0.007556 0.135693 2.308245 -0.001639 -0.001468 -0.001482 0.999996
1788249600.960828304 0.008309 0.136668 2.312454 -0.001163 -0.001503 -0.001477 0.999997
1788249600.994169474 0.007851 0.134817 2.316417 -0.001367 -0.001409 -0.001340 0.999997
1788249601.027510643 0.007996 0.136923 2.321336 -0.001268 -0.001329 -0.001344 0.999997
1788249601.060851574 0.008014 0.136996 2.326326 -0.001416 -0.001249 -0.001431 0.999997
1788249601.094192743 0.006983 0.136536 2.330102 -0.001644 -0.001166 -0.001600 0.999997
1788249601.127533674 0.007064 0.137981 2.334595 -0.001658 -0.001193 -0.001607 0.999997
1788249601.160874844 0.004200 0.137043 2.338454 -0.001732 -0.000967 -0.001724 0.999997
1788249601.194214821 0.005358 0.137997 2.343736 -0.001626 -0.001131 -0.001737 0.999997
1788249601.227555752 0.005270 0.137645 2.348076 -0.001779 -0.001143 -0.001753 0.999996
1788249601.260896921 0.003551 0.138534 2.351234 -0.001644 -0.000997 -0.001856 0.999996
1788249601.294237614 0.005464 0.138429 2.357805 -0.001778 -0.001239 -0.001922 0.999996
1788249601.327578545 0.003779 0.138620 2.361103 -0.001771 -0.001068 -0.001956 0.999996
1788249601.360919714 0.002959 0.138878 2.363829 -0.001666 -0.000982 -0.002137 0.999996
1788249601.394260406 0.003127 0.138866 2.368206 -0.001427 -0.001006 -0.002350 0.999996
1788249601.427601337 0.003596 0.137175 2.372927 -0.001620 -0.001105 -0.002059 0.999996
1788249601.460942030 0.004315 0.139558 2.377724 -0.001062 -0.001098 -0.002219 0.999996
1788249601.494282722 0.004953 0.140425 2.383771 -0.000905 -0.001006 -0.002151 0.999997
1788249601.527619600 0.004601 0.139290 2.386991 -0.001353 -0.000865 -0.001914 0.999997
1788249601.560951233 0.005466 0.138816 2.393220 -0.001610 -0.000986 -0.001822 0.999997
1788249601.594282389 0.004896 0.138297 2.396547 -0.001862 -0.000886 -0.001972 0.999996
1788249601.627613544 0.004610 0.140764 2.401307 -0.001724 -0.000810 -0.002089 0.999996
1788249601.660943985 0.004785 0.140401 2.405840 -0.001801 -0.000912 -0.002018 0.999996
1788249601.694274902 0.005747 0.142854 2.410596 -0.001400 -0.001241 -0.002079 0.999996
1788249601.727606058 0.006289 0.143372 2.414244 -0.001191 -0.001315 -0.002207 0.999996
1788249601.760936737 0.005798 0.143302 2.419113 -0.001152 -0.001218 -0.002186 0.999996
1788249601.794267654 0.005939 0.143520 2.424343 -0.001233 -0.001300 -0.002045 0.999996
1788249601.827598333 0.005844 0.143708 2.428446 -0.001335 -0.001313 -0.002185 0.999996
1788249601.860929251 0.005003 0.142885 2.432497 -0.001331 -0.001261 -0.002261 0.999996
1788249601.894259453 0.005138 0.144046 2.437872 -0.001038 -0.001501 -0.002363 0.999996
1788249601.927589893 0.005936 0.144774 2.442004 -0.000788 -0.001647 -0.002474 0.999995
1788249601.960920334 0.004560 0.142172 2.443889 -0.001068 -0.001153 -0.002454 0.999996
1788249601.994250536 0.006260 0.144047 2.450554 -0.000657 -0.001163 -0.002359 0.999996
1788249602.027580976 0.006391 0.144174 2.452924 -0.000543 -0.001226 -0.002239 0.999997
1788249602.060910940 0.007297 0.145215 2.458108 -0.000547 -0.001308 -0.002149 0.999997
1788249602.094240189 0.007703 0.144379 2.463500 -0.000925 -0.001238 -0.001900 0.999997
1788249602.127569914 0.007392 0.144945 2.470939 -0.001008 -0.001303 -0.001975 0.999997
1788249602.160899639 0.006142 0.145072 2.474470 -0.000937 -0.001257 -0.002206 0.999996
1788249602.194229364 0.006253 0.144553 2.478284 -0.000920 -0.001304 -0.002058 0.999997
1788249602.227559328 0.006861 0.144075 2.482708 -0.000921 -0.001387 -0.001927 0.999997
1788249602.260888338 0.006383 0.144555 2.486834 -0.000671 -0.001262 -0.001983 0.999997
1788249602.294218063 0.008269 0.145641 2.493413 -0.000613 -0.001544 -0.001856 0.999997
1788249602.327547550 0.007306 0.145336 2.496475 -0.000839 -0.001315 -0.001770 0.999997
1788249602.360876799 0.007832 0.146735 2.501686 -0.000826 -0.001396 -0.001924 0.999997
1788249602.394205809 0.007639 0.146371 2.506621 -0.000761 -0.001525 -0.002147 0.999996
1788249602.427535057 0.006117 0.146220 2.509308 -0.000529 -0.001484 -0.002279 0.999996
1788249602.460864067 0.005407 0.145534 2.512628 -0.000483 -0.001453 -0.002354 0.999996
1788249602.494193077 0.004100 0.145556 2.515517 -0.000456 -0.001109 -0.002643 0.999996
1788249602.527523279 0.004265 0.145567 2.519041 -0.000444 -0.000995 -0.002585 0.999996
1788249602.560857534 0.005948 0.147841 2.527853 -0.000099 -0.001449 -0.002419 0.999996
1788249602.594191790 0.006431 0.147480 2.533417 -0.000459 -0.001368 -0.002309 0.999996
1788249602.627526045 0.006021 0.148737 2.537847 -0.000825 -0.001158 -0.002426 0.999996
1788249602.660860062 0.006003 0.149492 2.543301 -0.000938 -0.001261 -0.002572 0.999995
1788249602.694194078 0.006137 0.148735 2.548611 -0.001270 -0.001396 -0.002422 0.999995
1788249602.727528095 0.006210 0.148400 2.552751 -0.001238 -0.001492 -0.002438 0.999995
1788249602.760861874 0.005310 0.148995 2.556410 -0.001046 -0.001333 -0.002392 0.999996
1788249602.794195414 0.006136 0.149577 2.560776 -0.000901 -0.001405 -0.002293 0.999996
1788249602.827528954 0.006255 0.149756 2.565059 -0.000934 -0.001386 -0.002346 0.999996
1788249602.860862732 0.006151 0.149596 2.569196 -0.001173 -0.001361 -0.002413 0.999995
1788249602.894196272 0.006911 0.150528 2.574657 -0.001245 -0.001427 -0.002295 0.999996
1788249602.927529812 0.006561 0.149948 2.578818 -0.001314 -0.001445 -0.002305 0.999995
1788249602.960863352 0.006351 0.152114 2.583875 -0.000798 -0.001510 -0.002508 0.999995
1788249602.994195461 0.006645 0.153418 2.587900 -0.000652 -0.001465 -0.002653 0.999995
1788249603.027528763 0.006102 0.153049 2.592275 -0.000505 -0.001440 -0.002710 0.999995
1788249603.060862064 0.008475 0.154120 2.596977 -0.000324 -0.001811 -0.002421 0.999995
1788249603.094195127 0.007610 0.151811 2.600306 -0.000759 -0.001527 -0.002154 0.999996
1788249603.127528667 0.008415 0.152554 2.605486 -0.000879 -0.001542 -0.002238 0.999996
1788249603.160861254 0.010005 0.153328 2.613270 -0.001055 -0.001861 -0.002180 0.999995
1788249603.194194317 0.007435 0.153561 2.614968 -0.001140 -0.001489 -0.002144 0.999996
1788249603.227527142 0.007195 0.153520 2.618775 -0.001082 -0.001362 -0.002186 0.999996
1788249603.260859728 0.007877 0.153519 2.624213 -0.000937 -0.001557 -0.002165 0.999996
1788249603.294192553 0.007094 0.153799 2.627812 -0.000730 -0.001504 -0.002201 0.999996
1788249603.327524900 0.007923 0.154355 2.633090 -0.000563 -0.001601 -0.002307 0.999996
1788249603.360857487 0.007281 0.154358 2.636123 -0.000583 -0.001574 -0.002351 0.999996
1788249603.394189835 0.006651 0.153559 2.640839 -0.000557 -0.001625 -0.002438 0.999996
1788249603.427521706 0.007041 0.153819 2.645432 -0.000434 -0.001803 -0.002574 0.999995
1788249603.460853815 0.007295 0.153259 2.649522 -0.000257 -0.002084 -0.002637 0.999994
1788249603.494186163 0.007021 0.154009 2.653468 0.000129 -0.002154 -0.002885 0.999994
1788249603.527518749 0.007446 0.153667 2.658234 0.000211 -0.002226 -0.002933 0.999993
1788249603.560852528 0.008721 0.155591 2.662703 0.000378 -0.002243 -0.002761 0.999994
1788249603.594186068 0.009157 0.155793 2.666710 0.000626 -0.002043 -0.002583 0.999994
1788249603.627519608 0.007428 0.155661 2.668311 0.000977 -0.001887 -0.002522 0.999995
1788249603.660852909 0.009148 0.155889 2.674136 0.000900 -0.002111 -0.002426 0.999994
1788249603.694186211 0.008269 0.155901 2.678543 0.000729 -0.001920 -0.002533 0.999995
1788249603.727519274 0.007685 0.156780 2.682472 0.000777 -0.001832 -0.002619 0.999995
1788249603.760852575 0.007262 0.156803 2.686014 0.000885 -0.001898 -0.002611 0.999994
1788249603.794185638 0.008308 0.157318 2.691377 0.000897 -0.002063 -0.002654 0.999994
1788249603.827518463 0.007725 0.157078 2.694395 0.000994 -0.001872 -0.002572 0.999994
1788249603.860850573 0.010060 0.156992 2.700850 0.001089 -0.002229 -0.002378 0.999994
1788249603.894183397 0.011599 0.157872 2.707592 0.001119 -0.002480 -0.002368 0.999994
1788249603.927515984 0.007562 0.158044 2.707971 0.001034 -0.001824 -0.002791 0.999994
1788249603.960848808 0.009471 0.158906 2.714761 0.000938 -0.002186 -0.002686 0.999994
1788249603.994181156 0.009168 0.158303 2.719647 0.000962 -0.002298 -0.002868 0.999993
1788249604.027513742 0.005997 0.157838 2.720572 0.001073 -0.001904 -0.003126 0.999993
1788249604.060846090 0.007547 0.158013 2.726971 0.001113 -0.002160 -0.002992 0.999993
1788249604.094178677 0.005771 0.158250 2.728363 0.001261 -0.001834 -0.002842 0.999994
1788249604.127511263 0.008937 0.156947 2.735474 0.001191 -0.002183 -0.002611 0.999994
1788249604.160843134 0.007742 0.159075 2.738349 0.001266 -0.002001 -0.002372 0.999994
1788249604.194175243 0.008212 0.158869 2.743596 0.001128 -0.001977 -0.002546 0.999994
1788249604.227507353 0.010882 0.157437 2.750897 0.000656 -0.002461 -0.002382 0.999994
1788249604.260839462 0.008866 0.158809 2.753295 0.000744 -0.002179 -0.002522 0.999994
1788249604.294171333 0.006726 0.158684 2.756521 0.000792 -0.001918 -0.002774 0.999994
1788249604.327502251 0.008637 0.158630 2.761895 0.000776 -0.002271 -0.002649 0.999994
1788249604.360833883 0.008578 0.159628 2.766947 0.000919 -0.002257 -0.002618 0.999994
1788249604.394165516 0.007358 0.159057 2.769665 0.000812 -0.002075 -0.002512 0.999994
1788249604.427497149 0.007594 0.160616 2.777496 0.000905 -0.002170 -0.002600 0.999994
1788249604.460828781 0.008998 0.161162 2.783849 0.000859 -0.002441 -0.002619 0.999993
1788249604.494159937 0.009967 0.161737 2.789675 0.000776 -0.002589 -0.002440 0.999993
1788249604.527494669 0.008527 0.161851 2.791975 0.000961 -0.002331 -0.002743 0.999993
1788249604.560833931 0.007100 0.161320 2.794524 0.001011 -0.002136 -0.002596 0.999994
1788249604.594172716 0.009230 0.160799 2.800227 0.001158 -0.002487 -0.002587 0.999993
1788249604.627511740 0.008032 0.162263 2.804082 0.001534 -0.002228 -0.002599 0.999993
1788249604.660850525 0.008188 0.162330 2.807766 0.001545 -0.002178 -0.002414 0.999994
1788249604.694189072 0.008960 0.162582 2.811875 0.001363 -0.002203 -0.002049 0.999995
1788249604.727528095 0.010476 0.163850 2.818366 0.001344 -0.002316 -0.002077 0.999994
1788249604.760865688 0.010533 0.162691 2.823426 0.001043 -0.002368 -0.002096 0.999994
1788249604.794204235 0.007908 0.164116 2.825377 0.001320 -0.002042 -0.002414 0.999994
1788249604.827542782 0.008898 0.163568 2.830485 0.001371 -0.002285 -0.002381 0.999994
1788249604.860881567 0.011157 0.163301 2.837391 0.001422 -0.002570 -0.002306 0.999993
1788249604.894219875 0.009034 0.164745 2.839591 0.001517 -0.002241 -0.002208 0.999994
1788249604.927558184 0.011148 0.162738 2.845754 0.001170 -0.002542 -0.002260 0.999994
1788249604.960896969 0.011160 0.164662 2.851091 0.001138 -0.002563 -0.002304 0.999993
1788249604.994235277 0.011322 0.164136 2.855391 0.000959 -0.002535 -0.002350 0.999994
1788249605.027573347 0.011875 0.164695 2.860495 0.000848 -0.002637 -0.002345 0.999993
1788249605.060911655 0.012220 0.164114 2.865337 0.000749 -0.002720 -0.002430 0.999993
1788249605.094249725 0.008345 0.165286 2.866122 0.001230 -0.002195 -0.002891 0.999993
1788249605.127588272 0.010143 0.164646 2.871389 0.001404 -0.002522 -0.002795 0.999992
1788249605.160926342 0.009713 0.164590 2.875182 0.001412 -0.002388 -0.002756 0.999992
1788249605.194264412 0.009077 0.164255 2.878631 0.001307 -0.002265 -0.002512 0.999993
1788249605.227601528 0.008619 0.165155 2.883169 0.001260 -0.002090 -0.002506 0.999994
1788249605.260939598 0.008595 0.165049 2.888304 0.000960 -0.002098 -0.002213 0.999995
1788249605.294277430 0.009923 0.164650 2.894163 0.000696 -0.002347 -0.002028 0.999995
1788249605.327615261 0.011140 0.165858 2.899688 0.000911 -0.002484 -0.002299 0.999994
1788249605.360953093 0.010528 0.165274 2.902924 0.000872 -0.002566 -0.002293 0.999994
1788249605.394291162 0.011047 0.166951 2.907490 0.001314 -0.002739 -0.002534 0.999992
1788249605.427628756 0.010847 0.165709 2.911520 0.001116 -0.002664 -0.002304 0.999993
1788249605.460966825 0.011361 0.166278 2.916018 0.001024 -0.002734 -0.002124 0.999994
1788249605.494304419 0.010307 0.166936 2.919957 0.001063 -0.002566 -0.002324 0.999993
1788249605.527641773 0.011439 0.166932 2.927102 0.000735 -0.002801 -0.001979 0.999994
1788249605.560978651 0.009263 0.167390 2.928869 0.000783 -0.002562 -0.002145 0.999994
1788249605.594315529 0.011856 0.167315 2.935451 0.000867 -0.002891 -0.002184 0.999993
1788249605.627652407 0.011904 0.167277 2.939608 0.001089 -0.002758 -0.002109 0.999993
1788249605.660988331 0.012475 0.166618 2.943094 0.001318 -0.002817 -0.001938 0.999993
1788249605.694325209 0.013212 0.167668 2.947935 0.001767 -0.002836 -0.001907 0.999993
1788249605.727661371 0.012163 0.167678 2.950070 0.001629 -0.002566 -0.001651 0.999994
1788249605.760998249 0.013614 0.167715 2.956232 0.001348 -0.002649 -0.001309 0.999995
1788249605.794334888 0.012320 0.169536 2.960017 0.001453 -0.002408 -0.001617 0.999995
1788249605.827671051 0.011557 0.170305 2.964905 0.001464 -0.002256 -0.001571 0.999995
1788249605.861007690 0.011659 0.169431 2.968302 0.001283 -0.002342 -0.001400 0.999995
1788249605.894344091 0.012337 0.168752 2.972503 0.001409 -0.002425 -0.001182 0.999995
1788249605.927680254 0.011089 0.169138 2.975097 0.001720 -0.002212 -0.001345 0.999995
1788249605.961016417 0.010920 0.169213 2.978479 0.001846 -0.002111 -0.001044 0.999996
1788249605.994352818 0.011675 0.168587 2.983610 0.001626 -0.002221 -0.001028 0.999996
1788249606.027688742 0.013908 0.170064 2.990604 0.001530 -0.002513 -0.001151 0.999995
1788249606.061025143 0.013476 0.170037 2.996033 0.001246 -0.002462 -0.000994 0.999996
1788249606.094359875 0.014559 0.170411 3.001900 0.001279 -0.002701 -0.001077 0.999995
1788249606.127696037 0.015006 0.171361 3.005688 0.001353 -0.002698 -0.000876 0.999995
1788249606.161031723 0.012808 0.171307 3.008662 0.001633 -0.002160 -0.001072 0.999996
1788249606.194367647 0.014081 0.171656 3.012946 0.001921 -0.002161 -0.000879 0.999995
1788249606.227703333 0.013831 0.171169 3.017535 0.002080 -0.002213 -0.000787 0.999995
1788249606.261039257 0.015478 0.171548 3.022746 0.002022 -0.002254 -0.000623 0.999995
1788249606.294374704 0.014615 0.171398 3.026414 0.001752 -0.002091 -0.000591 0.999996
1788249606.327710390 0.014103 0.172109 3.031178 0.001585 -0.001872 -0.000536 0.999997
1788249606.361046076 0.013324 0.172025 3.035498 0.001364 -0.001720 -0.000515 0.999997
1788249606.394381523 0.014807 0.171451 3.040875 0.001212 -0.001959 -0.000416 0.999997
1788249606.427716970 0.014123 0.172542 3.044673 0.001675 -0.001850 -0.000595 0.999997
1788249606.461051941 0.015655 0.172086 3.051013 0.001934 -0.002161 -0.000541 0.999996
1788249606.494387627 0.014852 0.171447 3.053547 0.001913 -0.002238 -0.000444 0.999996
1788249606.527724743 0.015707 0.172299 3.059873 0.001993 -0.002579 -0.000539 0.999995
1788249606.561063528 0.015427 0.172122 3.064040 0.001834 -0.002606 -0.000586 0.999995
1788249606.594403505 0.017527 0.172433 3.071709 0.001637 -0.003022 -0.000438 0.999994
1788249606.627743244 0.012409 0.173764 3.071502 0.002026 -0.002313 -0.000920 0.999995
1788249606.661082983 0.013934 0.172451 3.077100 0.001964 -0.002661 -0.000811 0.999994
1788249606.694422960 0.015889 0.173282 3.083466 0.002311 -0.003191 -0.000663 0.999992
1788249606.727762699 0.014777 0.171936 3.086844 0.002382 -0.003204 -0.000644 0.999992
1788249606.761102676 0.015387 0.174019 3.092027 0.002607 -0.003217 -0.000556 0.999991
1788249606.794442654 0.013909 0.173688 3.096328 0.002363 -0.003305 -0.000428 0.999992
1788249606.827782154 0.013177 0.172816 3.102166 0.002316 -0.003986 -0.000513 0.999989
1788249606.861122131 0.015605 0.171888 3.106755 0.002277 -0.004972 -0.000512 0.999985
1788249606.894462109 0.008278 0.173443 3.106647 0.002759 -0.004477 -0.000904 0.999986
1788249606.927802086 0.007303 0.174222 3.111786 0.003058 -0.004790 -0.000885 0.999983
1788249606.961141348 0.008842 0.171636 3.117375 0.002920 -0.005565 -0.000744 0.999980
1788249606.994480133 0.008668 0.170956 3.121006 0.002781 -0.006001 -0.000614 0.999978
1788249607.027820110 0.008177 0.172269 3.124516 0.002835 -0.006208 -0.000731 0.999976
1788249607.061160088 0.004430 0.176994 3.130547 0.003437 -0.006490 -0.000840 0.999973
1788249607.094499588 0.003983 0.172645 3.132283 0.003039 -0.007333 -0.001054 0.999968
1788249607.127839327 0.005819 0.173298 3.138466 0.003164 -0.008591 -0.000958 0.999958
1788249607.161179304 0.006536 0.174459 3.143769 0.003335 -0.009523 -0.000753 0.999949
1788249607.194518805 0.001265 0.175327 3.147484 0.003658 -0.009736 -0.000963 0.999945
1788249607.227858782 0.003478 0.175524 3.153626 0.003464 -0.011007 -0.000737 0.999933
1788249607.261198521 0.001497 0.177419 3.155934 0.003485 -0.011728 -0.000661 0.999925
1788249607.294538021 0.000044 0.176102 3.160656 0.003396 -0.012791 -0.000841 0.999912
1788249607.327877760 -0.002399 0.174703 3.165454 0.003122 -0.013742 -0.000950 0.999900
1788249607.361217737 -0.002919 0.172887 3.170751 0.002749 -0.015143 -0.000601 0.999881
1788249607.394557238 -0.005500 0.175881 3.175287 0.003071 -0.016491 -0.000521 0.999859
1788249607.427896261 -0.004793 0.172549 3.177529 0.002572 -0.017943 -0.000220 0.999836
1788249607.461235762 -0.008234 0.179639 3.185490 0.003411 -0.018967 -0.000233 0.999814
1788249607.494575500 -0.011282 0.174206 3.186688 0.002553 -0.020034 0.000041 0.999796
1788249607.527916193 -0.011920 0.174665 3.192219 0.002557 -0.021629 -0.000170 0.999763
1788249607.561258316 -0.014595 0.173804 3.198434 0.002288 -0.022944 -0.000043 0.999734
1788249607.594600916 -0.015630 0.175541 3.203357 0.002310 -0.024247 0.000198 0.999703
1788249607.627942801 -0.014399 0.176040 3.206709 0.002185 -0.025816 0.000256 0.999664
1788249607.661284924 -0.016650 0.178158 3.212476 0.002318 -0.027112 0.000235 0.999630
1788249607.694627285 -0.019837 0.177937 3.217797 0.002264 -0.028416 0.000089 0.999594
1788249607.727969646 -0.023566 0.173987 3.220993 0.001835 -0.029648 -0.000111 0.999559
1788249607.761311769 -0.023883 0.176282 3.224915 0.002023 -0.031188 0.000119 0.999511
1788249607.794654131 -0.021924 0.180065 3.231362 0.002444 -0.033037 0.000315 0.999451
1788249607.827996492 -0.023311 0.175302 3.236236 0.001879 -0.034518 0.000800 0.999402
1788249607.861338854 -0.026110 0.180318 3.240506 0.002566 -0.035755 0.000853 0.999357
1788249607.894680023 -0.027754 0.177341 3.245066 0.002391 -0.037233 0.000459 0.999304
1788249607.928022385 -0.026859 0.175245 3.251534 0.001962 -0.039163 0.000703 0.999231
1788249607.961364508 -0.030872 0.177107 3.255453 0.002111 -0.040420 0.000711 0.999180
1788249607.994707108 -0.034901 0.179048 3.260916 0.002232 -0.041586 0.000907 0.999132
1788249608.028049469 -0.035690 0.178577 3.263993 0.002137 -0.042940 0.001097 0.999075
1788249608.061391830 -0.038217 0.178518 3.267694 0.002135 -0.044063 0.001067 0.999026
1788249608.094733953 -0.036552 0.178583 3.273728 0.002138 -0.045882 0.001236 0.998944
1788249608.128076553 -0.035776 0.182093 3.279842 0.002572 -0.047907 0.001414 0.998847
1788249608.161418915 -0.041406 0.177034 3.282228 0.001888 -0.048744 0.001337 0.998809
1788249608.194761276 -0.045161 0.180943 3.287536 0.002433 -0.049901 0.001336 0.998750
1788249608.228103638 -0.041473 0.178114 3.293393 0.002126 -0.051873 0.001679 0.998650
1788249608.261446238 -0.044766 0.181388 3.297845 0.002585 -0.053082 0.001602 0.998586
1788249608.294788837 -0.049135 0.179784 3.300711 0.002258 -0.054281 0.001578 0.998522
1788249608.328130007 -0.050860 0.179490 3.304178 0.002078 -0.055681 0.001552 0.998445
1788249608.361472607 -0.053725 0.177760 3.309180 0.001736 -0.056885 0.001306 0.998378
1788249608.394815207 -0.053538 0.182194 3.315740 0.002171 -0.058385 0.001156 0.998291
1788249608.428157330 -0.057349 0.182778 3.320974 0.002331 -0.059703 0.001094 0.998213
1788249608.461499691 -0.059401 0.183704 3.327843 0.002653 -0.061288 0.001064 0.998116
1788249608.494842529 -0.063586 0.179305 3.330091 0.002165 -0.062252 0.000866 0.998058
1788249608.528183937 -0.065363 0.182637 3.333827 0.002699 -0.063544 0.000956 0.997975
1788249608.561524153 -0.065318 0.181365 3.339100 0.002611 -0.065106 0.001132 0.997874
1788249608.594864130 -0.068353 0.180431 3.343615 0.002576 -0.066397 0.001176 0.997789
1788249608.628204107 -0.070513 0.186089 3.348371 0.003086 -0.067754 0.001523 0.997696
1788249608.661544323 -0.072312 0.179294 3.352376 0.002238 -0.069368 0.001620 0.997587
1788249608.694884539 -0.073480 0.181390 3.358866 0.002314 -0.071016 0.001928 0.997471
1788249608.728224277 -0.074450 0.184441 3.365488 0.002530 -0.072510 0.002294 0.997362
1788249608.761563540 -0.077422 0.185100 3.368614 0.002535 -0.073484 0.002600 0.997290
1788249608.794903755 -0.077924 0.183625 3.373125 0.002635 -0.074824 0.002511 0.997190
1788249608.828243732 -0.081169 0.185389 3.377270 0.003081 -0.076016 0.002493 0.997099
1788249608.861583710 -0.082568 0.184738 3.385001 0.002955 -0.077716 0.002651 0.996968
1788249608.894923925 -0.085158 0.184167 3.387954 0.002845 -0.078959 0.002760 0.996870
1788249608.928264141 -0.086690 0.186284 3.394504 0.003141 -0.080417 0.002937 0.996752
1788249608.961603880 -0.090186 0.187375 3.398066 0.003321 -0.081626 0.003102 0.996653
1788249608.994943857 -0.093516 0.182232 3.400757 0.002746 -0.082857 0.003215 0.996552
1788249609.028284073 -0.093354 0.184504 3.408006 0.003140 -0.084554 0.003408 0.996408
1788249609.061623812 -0.094560 0.183706 3.413200 0.003223 -0.085960 0.003627 0.996287
1788249609.094964027 -0.096272 0.184585 3.417186 0.003337 -0.087189 0.003801 0.996179
1788249609.128303766 -0.100154 0.184817 3.420521 0.003413 -0.088132 0.003732 0.996096
1788249609.161643982 -0.100720 0.184323 3.426255 0.003372 -0.089745 0.003718 0.995952
1788249609.194983721 -0.104806 0.187217 3.430738 0.003791 -0.091108 0.003450 0.995828
1788249609.228322983 -0.105251 0.186582 3.437952 0.003489 -0.093048 0.003795 0.995648
1788249609.261662722 -0.108413 0.185422 3.443206 0.003364 -0.094519 0.003850 0.995510
1788249609.295002460 -0.109071 0.185824 3.448205 0.003414 -0.096161 0.004074 0.995352
1788249609.328342676 -0.111915 0.182044 3.451847 0.002868 -0.097510 0.004349 0.995221
1788249609.361682653 -0.115430 0.189129 3.459788 0.003683 -0.098847 0.004249 0.995087
1788249609.395022392 -0.115225 0.184645 3.463800 0.003019 -0.100424 0.004485 0.994930
1788249609.428362131 -0.118516 0.186874 3.469349 0.003302 -0.101591 0.004605 0.994810
1788249609.461702108 -0.120761 0.187281 3.473850 0.003221 -0.102686 0.004805 0.994697
1788249609.495041847 -0.122583 0.185769 3.478554 0.002967 -0.104043 0.004700 0.994557
1788249609.528381109 -0.125136 0.187728 3.484658 0.003415 -0.105631 0.004476 0.994390
1788249609.561718702 -0.129201 0.188461 3.487663 0.003398 -0.106781 0.004446 0.994267
1788249609.595056295 -0.132292 0.189666 3.492397 0.003565 -0.108226 0.004437 0.994110
1788249609.628393888 -0.133970 0.191337 3.498744 0.004010 -0.109787 0.004574 0.993937
1788249609.661730528 -0.136008 0.191561 3.504719 0.004419 -0.111319 0.004808 0.993763
1788249609.695068121 -0.137605 0.189586 3.508706 0.004321 -0.113028 0.005020 0.993570
1788249609.728405714 -0.140855 0.193579 3.513296 0.004915 -0.114467 0.005310 0.993401
1788249609.761743069 -0.142616 0.191651 3.519875 0.004859 -0.116078 0.005330 0.993214
1788249609.795080662 -0.142076 0.190901 3.526549 0.004546 -0.118006 0.005805 0.992986
1788249609.828418255 -0.149948 0.194552 3.528409 0.005112 -0.118646 0.005812 0.992906
1788249609.861755610 -0.151644 0.192695 3.533150 0.004798 -0.120243 0.005971 0.992715
1788249609.895092964 -0.155481 0.190387 3.535143 0.004503 -0.121494 0.005881 0.992564
1788249609.928430557 -0.157300 0.192707 3.540161 0.004615 -0.123072 0.006036 0.992369
1788249609.961768150 -0.157356 0.194315 3.550168 0.004440 -0.125133 0.006574 0.992108
1788249609.995105505 -0.159486 0.193187 3.552728 0.004470 -0.126297 0.006532 0.991961
1788249610.028442383 -0.166359 0.197596 3.555027 0.005052 -0.126967 0.006549 0.991873
1788249610.061779737 -0.162832 0.195041 3.562902 0.004733 -0.129237 0.006945 0.991578
1788249610.095116377 -0.166829 0.198541 3.568236 0.005195 -0.130674 0.006915 0.991388
1788249610.128453493 -0.173957 0.193811 3.570555 0.004555 -0.131462 0.006775 0.991288
1788249610.161790848 -0.177121 0.196120 3.577576 0.004644 -0.133013 0.006828 0.991080
1788249610.195127964 -0.177482 0.197079 3.582954 0.004624 -0.134668 0.006723 0.990857
1788249610.228465557 -0.181702 0.193126 3.586646 0.004053 -0.135731 0.006864 0.990714
1788249610.261802673 -0.185068 0.194990 3.590827 0.004464 -0.137043 0.007004 0.990530
1788249610.295139790 -0.183521 0.196457 3.600327 0.004477 -0.139200 0.007340 0.990227
1788249610.328477144 -0.186897 0.195436 3.606900 0.004261 -0.140667 0.007736 0.990018
1788249610.361814022 -0.189846 0.195908 3.609333 0.004256 -0.141963 0.007656 0.989833
1788249610.395151138 -0.195289 0.198835 3.615776 0.004417 -0.143357 0.008014 0.989629
1788249610.428488255 -0.197783 0.197641 3.618931 0.004187 -0.144715 0.007726 0.989434
1788249610.461825609 -0.200401 0.196903 3.623338 0.003896 -0.146212 0.007755 0.989215
1788249610.495162487 -0.202968 0.198158 3.630620 0.003573 -0.147934 0.008141 0.988957
1788249610.528499842 -0.207235 0.204883 3.634226 0.004110 -0.149262 0.007963 0.988757
1788249610.561836720 -0.209130 0.201271 3.638900 0.003358 -0.150776 0.008039 0.988530
1788249610.595174551 -0.214473 0.206410 3.645739 0.004114 -0.152093 0.008013 0.988325
1788249610.628512383 -0.215481 0.206157 3.649597 0.003951 -0.153725 0.008111 0.988072
1788249610.661849976 -0.216747 0.206507 3.655043 0.003869 -0.155259 0.008386 0.987831
1788249610.695187569 -0.219194 0.206907 3.660160 0.003935 -0.156687 0.008537 0.987604
1788249610.728525400 -0.222466 0.207135 3.663451 0.003874 -0.157941 0.008578 0.987404
1788249610.761862993 -0.226063 0.209338 3.669009 0.004003 -0.159249 0.008391 0.987195
1788249610.795200825 -0.228834 0.209790 3.673421 0.003866 -0.160767 0.008647 0.986947
1788249610.828538418 -0.234311 0.209303 3.678151 0.003730 -0.161884 0.008884 0.986763
1788249610.861876011 -0.233987 0.209971 3.683636 0.003522 -0.163486 0.009141 0.986497
1788249610.895213604 -0.235940 0.210205 3.689676 0.003522 -0.164785 0.009390 0.986279
1788249610.928551197 -0.239430 0.210251 3.692358 0.003783 -0.166061 0.009339 0.986064
1788249610.961888790 -0.243469 0.210639 3.700170 0.003990 -0.167661 0.009390 0.985792
1788249610.995225430 -0.246942 0.209948 3.703799 0.003956 -0.168956 0.009346 0.985571
1788249611.028563023 -0.249505 0.210192 3.707359 0.004126 -0.170384 0.009414 0.985324
1788249611.061900377 -0.250753 0.208532 3.710523 0.003973 -0.171892 0.009603 0.985061
1788249611.095238209 -0.256455 0.211716 3.714714 0.004438 -0.173007 0.009712 0.984863
1788249611.128575563 -0.256851 0.212473 3.721035 0.004385 -0.174872 0.009913 0.984532
1788249611.161913157 -0.258086 0.210246 3.726506 0.004201 -0.176399 0.010134 0.984258
1788249611.195250511 -0.264421 0.211400 3.730959 0.004201 -0.177316 0.010291 0.984091
1788249611.228587866 -0.265463 0.212873 3.737031 0.004213 -0.178800 0.010403 0.983821
1788249611.261925459 -0.266683 0.211296 3.740609 0.003992 -0.180354 0.010875 0.983534
1788249611.295262814 -0.270981 0.209391 3.744019 0.004144 -0.181578 0.010333 0.983314
1788249611.328600168 -0.274678 0.210757 3.749980 0.004292 -0.183047 0.010548 0.983038
1788249611.361937523 -0.279141 0.214855 3.754300 0.004632 -0.184334 0.010941 0.982792
1788249611.395275116 -0.279835 0.210624 3.760308 0.004158 -0.185958 0.011140 0.982486
1788249611.428611517 -0.283050 0.212344 3.763450 0.004270 -0.187236 0.011420 0.982239
1788249611.461948872 -0.286291 0.213471 3.768352 0.004393 -0.188556 0.011517 0.981985
1788249611.495286226 -0.289410 0.211153 3.773259 0.004097 -0.189900 0.011632 0.981726
1788249611.528625250 -0.291053 0.213212 3.777804 0.004333 -0.191362 0.011784 0.981439
1788249611.561967134 -0.294742 0.212253 3.781448 0.003965 -0.192469 0.012022 0.981221
1788249611.595309019 -0.299199 0.214428 3.786035 0.004397 -0.193590 0.011665 0.981003
1788249611.628650904 -0.302038 0.214546 3.790751 0.004695 -0.195164 0.011288 0.980694
1788249611.661992550 -0.308140 0.216173 3.795629 0.005016 -0.196636 0.011158 0.980400
1788249611.695334196 -0.310847 0.215528 3.798929 0.004858 -0.198159 0.011138 0.980095
1788249611.728676558 -0.315353 0.215000 3.802850 0.004739 -0.199600 0.011307 0.979801
1788249611.762018204 -0.317850 0.219461 3.812668 0.005168 -0.201557 0.011852 0.979391
1788249611.795360088 -0.322093 0.220449 3.816647 0.004970 -0.202899 0.012116 0.979112
1788249611.828701973 -0.325106 0.218282 3.822889 0.004708 -0.204442 0.012041 0.978793
1788249611.862042665 -0.328776 0.220459 3.827974 0.004857 -0.205822 0.012141 0.978502
1788249611.895385027 -0.330990 0.221165 3.832330 0.004725 -0.207215 0.012296 0.978207
1788249611.928726912 -0.333923 0.220453 3.836972 0.004586 -0.208399 0.012377 0.977955
1788249611.962068558 -0.336805 0.219475 3.840831 0.004604 -0.209907 0.012249 0.977634
1788249611.995410681 -0.341209 0.219558 3.844095 0.004733 -0.211320 0.012136 0.977330
1788249612.028752804 -0.345037 0.221740 3.848919 0.005009 -0.212805 0.012068 0.977007
1788249612.062094927 -0.350576 0.219033 3.851653 0.004684 -0.213917 0.012113 0.976766
1788249612.095436811 -0.353199 0.220935 3.856256 0.004881 -0.215515 0.012387 0.976410
1788249612.128778934 -0.355558 0.221318 3.860767 0.004837 -0.216917 0.013020 0.976091
1788249612.162121058 -0.358121 0.220309 3.866022 0.004732 -0.218371 0.013171 0.975766
1788249612.195462942 -0.363147 0.222012 3.869625 0.004928 -0.219627 0.013239 0.975482
1788249612.228805304 -0.367146 0.219767 3.874060 0.004611 -0.221017 0.013053 0.975172
1788249612.262147427 -0.368963 0.219738 3.878487 0.004478 -0.222547 0.013321 0.974821
1788249612.295489311 -0.373770 0.220678 3.882803 0.004436 -0.223750 0.013224 0.974547
1788249612.328830242 -0.377656 0.220969 3.887105 0.004476 -0.225301 0.013249 0.974189
1788249612.362172842 -0.380185 0.221408 3.891360 0.004399 -0.226837 0.013289 0.973832
1788249612.395514965 -0.383956 0.221295 3.895834 0.004221 -0.228185 0.013387 0.973517
1788249612.428856850 -0.387514 0.219968 3.899269 0.003814 -0.229616 0.013693 0.973178
1788249612.462199450 -0.391549 0.223031 3.904077 0.004087 -0.230854 0.014054 0.972878
1788249612.495541334 -0.391732 0.218303 3.910295 0.003473 -0.232618 0.014371 0.972456
1788249612.528881550 -0.395057 0.218744 3.915318 0.003432 -0.234051 0.014356 0.972112
1788249612.562218666 -0.399164 0.219983 3.919649 0.003266 -0.235415 0.014822 0.971776
1788249612.595555782 -0.403616 0.221132 3.924858 0.003228 -0.236611 0.014959 0.971484
1788249612.628893137 -0.406894 0.220953 3.929048 0.003180 -0.237804 0.014828 0.971195
1788249612.662230015 -0.411881 0.222658 3.932811 0.003550 -0.239002 0.014527 0.970904
1788249612.695567131 -0.413897 0.221818 3.938784 0.003415 -0.240876 0.014695 0.970439
1788249612.728904247 -0.417460 0.221769 3.941483 0.003422 -0.242154 0.014641 0.970121
1788249612.762240410 -0.421715 0.220601 3.944623 0.003313 -0.243328 0.014698 0.969827
1788249612.795577526 -0.424160 0.222737 3.948288 0.003600 -0.244788 0.015026 0.969453
1788249612.828914642 -0.426631 0.222996 3.954444 0.003917 -0.246287 0.015140 0.969071
1788249612.862251997 -0.431424 0.224034 3.957200 0.004141 -0.247529 0.015361 0.968750
1788249612.895588636 -0.434981 0.224102 3.960246 0.004034 -0.248928 0.015539 0.968389
1788249612.928925753 -0.437897 0.222609 3.966391 0.003609 -0.250570 0.015725 0.967964
1788249612.962262869 -0.444157 0.225675 3.970705 0.003777 -0.251765 0.015766 0.967653
1788249612.995599985 -0.446550 0.224039 3.973867 0.003338 -0.253108 0.015829 0.967303
1788249613.028936863 -0.450654 0.224788 3.979141 0.003497 -0.254640 0.015689 0.966902
1788249613.062274218 -0.456519 0.224350 3.982232 0.003317 -0.256049 0.015491 0.966534
1788249613.095611095 -0.460257 0.224968 3.985971 0.003238 -0.257600 0.015571 0.966121
1788249613.128947735 -0.462922 0.227607 3.992433 0.003440 -0.259372 0.015874 0.965641
1788249613.162284851 -0.467339 0.229009 3.993768 0.003663 -0.260539 0.015923 0.965325
1788249613.195621967 -0.470021 0.226779 3.999051 0.003398 -0.262197 0.016132 0.964874
1788249613.228957891 -0.472176 0.225370 4.001866 0.003177 -0.263920 0.016180 0.964404
1788249613.262295008 -0.478228 0.227769 4.007194 0.003395 -0.265354 0.016325 0.964007
1788249613.295631647 -0.483370 0.228780 4.010038 0.003384 -0.266634 0.016102 0.963657
1788249613.328968525 -0.488645 0.227413 4.015363 0.003077 -0.268067 0.016205 0.963259
1788249613.362305641 -0.493150 0.227582 4.019108 0.003301 -0.269507 0.016205 0.962856
1788249613.395642757 -0.496952 0.228849 4.020710 0.003624 -0.271002 0.016198 0.962436
1788249613.428979635 -0.500693 0.228204 4.023194 0.003532 -0.272522 0.016283 0.962005
1788249613.462316513 -0.504847 0.230219 4.028131 0.003881 -0.274123 0.016399 0.961547
1788249613.495653152 -0.507568 0.227627 4.031012 0.003727 -0.275850 0.016554 0.961051
1788249613.528991461 -0.511113 0.228040 4.035252 0.003784 -0.277654 0.016920 0.960525
1788249613.562352419 -0.517108 0.229735 4.038525 0.004007 -0.279130 0.016938 0.960095
1788249613.595743656 -0.517986 0.232656 4.048605 0.004225 -0.281739 0.017423 0.959324
1788249613.629135132 -0.523166 0.233131 4.050918 0.004202 -0.283115 0.017711 0.958913
1788249613.662526131 -0.524935 0.233280 4.056102 0.004084 -0.284863 0.017964 0.958391
1788249613.695918083 -0.529959 0.233645 4.059048 0.004286 -0.286026 0.018153 0.958040
1788249613.729310513 -0.531576 0.233089 4.062069 0.004573 -0.287623 0.018414 0.957556
1788249613.762703419 -0.536741 0.232961 4.065372 0.004734 -0.289044 0.018246 0.957130
1788249613.796096563 -0.540076 0.233221 4.067762 0.004736 -0.290501 0.018590 0.956682
1788249613.829489946 -0.543314 0.235118 4.073011 0.005178 -0.292196 0.018810 0.956159
1788249613.862884283 -0.549022 0.232217 4.074740 0.005026 -0.293440 0.018739 0.955781
1788249613.896278143 -0.552976 0.234460 4.080094 0.005218 -0.295207 0.018766 0.955235
1788249613.929672718 -0.557633 0.232312 4.082916 0.004940 -0.296705 0.018689 0.954774
1788249613.963067770 -0.560007 0.234159 4.085701 0.004997 -0.298392 0.019073 0.954240
1788249613.996463060 -0.563120 0.234060 4.090734 0.004912 -0.300006 0.019222 0.953731
1788249614.029858351 -0.567602 0.233825 4.092799 0.004750 -0.301184 0.019359 0.953358
1788249614.063254356 -0.572994 0.236531 4.096341 0.005095 -0.302299 0.019208 0.953006
1788249614.096649647 -0.576364 0.236437 4.101187 0.005070 -0.304040 0.019046 0.952455
1788249614.130046368 -0.582997 0.235867 4.104779 0.004937 -0.305501 0.019132 0.951987
1788249614.163443327 -0.586980 0.235152 4.106830 0.004674 -0.307114 0.019171 0.951468
1788249614.196840525 -0.591344 0.235169 4.109692 0.004687 -0.308583 0.018895 0.950998
1788249614.230237722 -0.595962 0.237094 4.113084 0.004908 -0.310166 0.019014 0.950480
1788249614.263635874 -0.598977 0.234756 4.117015 0.004323 -0.312085 0.019021 0.949854
1788249614.297034264 -0.604831 0.235478 4.120654 0.004270 -0.313609 0.018980 0.949353
1788249614.330432892 -0.609653 0.236616 4.121663 0.004262 -0.314957 0.019023 0.948906
1788249614.363831997 -0.613505 0.237477 4.127248 0.004173 -0.316647 0.019039 0.948343
1788249614.397230864 -0.616499 0.238133 4.130000 0.004189 -0.318153 0.019271 0.947834
1788249614.430630684 -0.623103 0.235918 4.133788 0.003919 -0.319456 0.019254 0.947397
1788249614.464030743 -0.626182 0.236861 4.138854 0.004158 -0.321278 0.019353 0.946778
1788249614.497430801 -0.631099 0.235324 4.138924 0.004026 -0.322546 0.019197 0.946351
1788249614.530831814 -0.637283 0.237986 4.143364 0.004408 -0.323980 0.019307 0.945857
1788249614.564203024 -0.640986 0.239145 4.146304 0.004566 -0.325550 0.019428 0.945314
1788249614.597536564 -0.645332 0.239573 4.149707 0.004832 -0.327236 0.019416 0.944731
1788249614.630870342 -0.650507 0.239989 4.152635 0.004897 -0.328852 0.019707 0.944163
1788249614.664203882 -0.654328 0.239895 4.156673 0.004975 -0.330548 0.019696 0.943571
1788249614.697537422 -0.659014 0.242057 4.159534 0.005277 -0.331940 0.020516 0.943063
1788249614.730870962 -0.661992 0.240382 4.161505 0.005211 -0.333391 0.020806 0.942545
1788249614.764204502 -0.665158 0.240872 4.165191 0.005287 -0.334941 0.021247 0.941985
1788249614.797537804 -0.669101 0.238465 4.168208 0.005093 -0.336429 0.021264 0.941455
1788249614.830871344 -0.673680 0.241171 4.170877 0.005569 -0.337900 0.021372 0.940923
1788249614.864204645 -0.678185 0.240174 4.172285 0.005486 -0.339444 0.021108 0.940373
1788249614.897537947 -0.684530 0.241672 4.175413 0.005469 -0.340789 0.021181 0.939885
1788249614.930871248 -0.686903 0.241006 4.179565 0.005145 -0.342638 0.021356 0.939211
1788249614.964204311 -0.693095 0.242500 4.182108 0.005318 -0.344173 0.021258 0.938651
1788249614.997536421 -0.696835 0.242066 4.184595 0.005197 -0.346202 0.021298 0.937904
1788249615.030869722 -0.700886 0.241687 4.188800 0.004865 -0.348061 0.021623 0.937210
1788249615.064202785 -0.708576 0.242971 4.192330 0.004972 -0.349375 0.021537 0.936722
1788249615.097535849 -0.711891 0.243308 4.195353 0.004810 -0.351111 0.021791 0.936068
1788249615.130868912 -0.717390 0.242625 4.197878 0.004606 -0.352625 0.021898 0.935497
1788249615.164201736 -0.721743 0.242219 4.199083 0.004604 -0.354222 0.021755 0.934897
1788249615.197534561 -0.727344 0.241984 4.203168 0.004549 -0.356073 0.021789 0.934193
1788249615.230867624 -0.731026 0.240466 4.205401 0.004167 -0.357788 0.021558 0.933545
1788249615.264200211 -0.738186 0.241286 4.209956 0.004039 -0.359404 0.021644 0.932922
1788249615.297533035 -0.741141 0.241201 4.211392 0.004003 -0.361113 0.021471 0.932266
1788249615.330865860 -0.744851 0.240267 4.214889 0.003860 -0.362867 0.021965 0.931574
1788249615.364198208 -0.750679 0.241430 4.216343 0.003937 -0.364360 0.022112 0.930987
1788249615.397531033 -0.755436 0.243502 4.219270 0.004124 -0.365986 0.022384 0.930342
1788249615.430862665 -0.761988 0.242444 4.222569 0.003889 -0.367422 0.022446 0.929775
1788249615.464195251 -0.762284 0.241477 4.222861 0.003643 -0.369203 0.022169 0.929077
1788249615.497527599 -0.768849 0.242844 4.226658 0.003975 -0.370813 0.022023 0.928438
1788249615.530859947 -0.773502 0.244678 4.227693 0.004311 -0.372548 0.021963 0.927743
1788249615.564197540 -0.781394 0.245299 4.230478 0.004329 -0.374046 0.021748 0.927145
1788249615.597541571 -0.785855 0.244858 4.232688 0.004085 -0.375773 0.021571 0.926452
1788249615.630885124 -0.790429 0.246084 4.235493 0.004086 -0.377612 0.021478 0.925706
1788249615.664229155 -0.793826 0.241422 4.237926 0.003408 -0.379490 0.021799 0.924933
1788249615.697572947 -0.798860 0.243861 4.241488 0.003655 -0.381180 0.022115 0.924229
1788249615.730916977 -0.802317 0.241368 4.242829 0.003147 -0.382813 0.022370 0.923550
1788249615.764261007 -0.807467 0.243699 4.247073 0.003390 -0.384434 0.022369 0.922875
1788249615.797605038 -0.813387 0.245254 4.248841 0.003605 -0.385812 0.022511 0.922296
1788249615.830948830 -0.816441 0.243454 4.251083 0.003482 -0.387398 0.022412 0.921634
1788249615.864291906 -0.823013 0.241990 4.252193 0.003501 -0.388915 0.022475 0.920993
1788249615.897636175 -0.826281 0.242275 4.255792 0.003562 -0.390736 0.022725 0.920215
1788249615.930980206 -0.830909 0.242371 4.258741 0.003607 -0.392385 0.023057 0.919505
1788249615.964324236 -0.836228 0.242702 4.259308 0.003738 -0.393796 0.023090 0.918900
1788249615.997668266 -0.839683 0.243098 4.262303 0.003787 -0.395618 0.023440 0.918108
1788249616.031012535 -0.844296 0.242776 4.264297 0.003724 -0.397310 0.023570 0.917374
1788249616.064356804 -0.849457 0.242602 4.266949 0.003553 -0.398928 0.023812 0.916666
1788249616.097700834 -0.855197 0.242031 4.269367 0.003433 -0.400354 0.023840 0.916044
1788249616.131044865 -0.858815 0.242812 4.270902 0.003453 -0.401929 0.023720 0.915357
1788249616.164389133 -0.864629 0.244125 4.275068 0.003853 -0.403513 0.023556 0.914663
1788249616.197733402 -0.871336 0.246277 4.277287 0.004318 -0.405180 0.023353 0.913929
1788249616.231077909 -0.874593 0.243906 4.277391 0.003918 -0.406888 0.023280 0.913173
1788249616.264422178 -0.879440 0.243479 4.281053 0.003812 -0.408603 0.023250 0.912408
1788249616.297766447 -0.883878 0.244376 4.282166 0.003903 -0.410176 0.023106 0.911705
1788249616.331110001 -0.890739 0.243970 4.284215 0.003554 -0.411781 0.023613 0.910970
1788249616.364454269 -0.895921 0.242817 4.286298 0.003235 -0.413351 0.023663 0.910258
1788249616.397798777 -0.901252 0.243335 4.289533 0.003163 -0.415021 0.023721 0.909497
1788249616.431143284 -0.905625 0.244593 4.290788 0.003037 -0.416572 0.023757 0.908787
1788249616.464487553 -0.911934 0.245293 4.294257 0.002925 -0.417972 0.023483 0.908152
1788249616.497831821 -0.916574 0.244175 4.295975 0.002889 -0.419480 0.023400 0.907458
1788249616.531176329 -0.921771 0.245779 4.298340 0.003280 -0.421265 0.023307 0.906632
1788249616.564519167 -0.926516 0.245546 4.297553 0.003157 -0.422803 0.023116 0.905921
1788249616.597859859 -0.932376 0.246451 4.300958 0.003231 -0.424399 0.022934 0.905179
1788249616.631200552 -0.936281 0.245607 4.302150 0.003043 -0.426063 0.023156 0.904392
1788249616.664541006 -0.941258 0.244389 4.303713 0.002909 -0.427722 0.023066 0.903611
1788249616.697881699 -0.946521 0.245300 4.305739 0.002871 -0.429330 0.023266 0.902843
1788249616.731222391 -0.951769 0.244049 4.308973 0.002599 -0.431105 0.023281 0.901998
1788249616.764561892 -0.957877 0.246630 4.311049 0.002615 -0.432627 0.023169 0.901272
1788249616.797902346 -0.963613 0.246033 4.313222 0.002288 -0.434149 0.022830 0.900549
1788249616.831243038 -0.969797 0.249311 4.314384 0.002740 -0.435760 0.023034 0.899764
1788249616.864583492 -0.975929 0.251079 4.316620 0.003013 -0.437439 0.022892 0.898952
1788249616.897924185 -0.980491 0.249906 4.319779 0.002686 -0.439216 0.022638 0.898092
1788249616.931264877 -0.985645 0.250048 4.321203 0.002682 -0.440788 0.022706 0.897320
1788249616.964605331 -0.991985 0.250398 4.321695 0.002629 -0.442229 0.022825 0.896608
1788249616.997946024 -0.996562 0.251767 4.324255 0.002623 -0.443975 0.022873 0.895743
1788249617.031286478 -0.999581 0.251073 4.326610 0.002299 -0.445775 0.023186 0.894842
1788249617.064627171 -1.007238 0.251922 4.326870 0.002213 -0.447130 0.023139 0.894167
1788249617.097967625 -1.011402 0.252666 4.330021 0.001877 -0.448902 0.023275 0.893276
1788249617.131308079 -1.017617 0.253423 4.332255 0.001807 -0.450179 0.023360 0.892631
1788249617.164649010 -1.023265 0.253243 4.333904 0.001647 -0.451513 0.023469 0.891954
1788249617.197989464 -1.026657 0.251968 4.335504 0.001561 -0.453224 0.023423 0.891088
1788249617.231329203 -1.032511 0.252503 4.337129 0.001665 -0.454771 0.023525 0.890296
1788249617.264669895 -1.037060 0.251965 4.338744 0.001402 -0.456286 0.023448 0.889523
1788249617.298010588 -1.041391 0.252529 4.340782 0.001413 -0.457848 0.023722 0.888713
1788249617.331350803 -1.044551 0.250947 4.340417 0.001038 -0.459780 0.024026 0.887707
1788249617.364691496 -1.049626 0.251853 4.340742 0.001202 -0.461213 0.024185 0.886959
1788249617.398031950 -1.054011 0.250951 4.343104 0.000831 -0.462942 0.024109 0.886060
1788249617.431372643 -1.060617 0.253369 4.345779 0.000986 -0.464489 0.024143 0.885249
1788249617.464713335 -1.066154 0.250292 4.346908 0.000289 -0.465914 0.024082 0.884502
1788249617.498053789 -1.071145 0.250931 4.349018 0.000420 -0.467372 0.023854 0.883739
1788249617.531394720 -1.077143 0.251568 4.350752 0.000591 -0.469011 0.024036 0.882865
1788249617.564730644 -1.082948 0.251289 4.350198 0.000649 -0.470473 0.023969 0.882089
1788249617.598060846 -1.087078 0.252588 4.352648 0.000861 -0.472178 0.023865 0.881180
1788249617.631391048 -1.091643 0.251843 4.352545 0.000695 -0.473654 0.023766 0.880390
1788249617.664720058 -1.097579 0.251807 4.354664 0.000389 -0.475258 0.024156 0.879515
1788249617.698050022 -1.103660 0.253842 4.357312 0.000624 -0.476753 0.024227 0.878703
1788249617.731379747 -1.108057 0.252413 4.357975 0.000304 -0.478453 0.024386 0.877775
1788249617.764709234 -1.113501 0.254384 4.360613 0.000277 -0.480094 0.024419 0.876877
1788249617.798038960 -1.119510 0.253304 4.361885 -0.000101 -0.481533 0.024450 0.876087
1788249617.831368446 -1.123982 0.253216 4.362803 -0.000234 -0.482964 0.024312 0.875303
1788249617.864697933 -1.129555 0.254163 4.363616 0.000094 -0.484365 0.024228 0.874531
1788249617.898027182 -1.134670 0.254607 4.365253 0.000225 -0.486028 0.024205 0.873608
1788249617.931356192 -1.139528 0.254651 4.366619 0.000130 -0.487578 0.024343 0.872740
1788249617.964685440 -1.145529 0.255677 4.368828 0.000214 -0.489016 0.024577 0.871928
1788249617.998014212 -1.149543 0.254697 4.368364 -0.000165 -0.490394 0.024654 0.871152
1788249618.031343222 -1.155503 0.253396 4.371000 -0.000375 -0.492030 0.024743 0.870227
1788249618.064671993 -1.164603 0.253917 4.373897 -0.000535 -0.493428 0.025107 0.869424
1788249618.097999811 -1.169177 0.253929 4.373821 -0.000865 -0.494983 0.025032 0.868541
1788249618.131328106 -1.175936 0.254465 4.376309 -0.001030 -0.496371 0.024876 0.867753
1788249618.164656639 -1.181191 0.254484 4.376878 -0.001185 -0.497676 0.024812 0.867007
1788249618.197985172 -1.186835 0.255540 4.380164 -0.000887 -0.499385 0.024781 0.866026
1788249618.231313229 -1.192209 0.255314 4.379322 -0.000884 -0.500896 0.024867 0.865150
1788249618.264641762 -1.197257 0.254649 4.381507 -0.000945 -0.502496 0.024949 0.864219
1788249618.297969580 -1.201876 0.255557 4.382511 -0.000840 -0.504047 0.025096 0.863311
1788249618.331297636 -1.207317 0.255957 4.384353 -0.000561 -0.505736 0.025101 0.862323
1788249618.364625454 -1.212791 0.255960 4.383231 -0.000582 -0.507221 0.025389 0.861442
1788249618.397953033 -1.218140 0.253636 4.384919 -0.001002 -0.508716 0.025516 0.860556
1788249618.431281090 -1.222197 0.254093 4.385273 -0.000969 -0.510156 0.025579 0.859701
1788249618.464608669 -1.227663 0.254218 4.386881 -0.001099 -0.511647 0.025730 0.858810
1788249618.497936249 -1.233279 0.254633 4.388401 -0.001062 -0.513064 0.025844 0.857961
1788249618.531263590 -1.237968 0.254596 4.388920 -0.000951 -0.514561 0.025881 0.857062
1788249618.564593315 -1.243764 0.254458 4.390126 -0.000879 -0.516104 0.025910 0.856133
1788249618.597928524 -1.248751 0.255001 4.391231 -0.000821 -0.517559 0.025928 0.855254
1788249618.631264210 -1.253517 0.254452 4.391911 -0.000657 -0.519000 0.026080 0.854376
1788249618.664599180 -1.258086 0.254175 4.393375 -0.000527 -0.520621 0.026509 0.853376
1788249618.697934389 -1.262081 0.254487 4.393471 -0.000438 -0.522167 0.026675 0.852426
1788249618.731269836 -1.267785 0.257201 4.398048 -0.000316 -0.523696 0.027177 0.851472
1788249618.764604568 -1.273320 0.257354 4.399555 -0.000466 -0.525150 0.027016 0.850580
1788249618.797939539 -1.279847 0.258601 4.400651 -0.000525 -0.526492 0.026770 0.849758
1788249618.831274509 -1.285161 0.259165 4.402879 -0.000720 -0.528048 0.026687 0.848795
1788249618.864609480 -1.291830 0.259409 4.404038 -0.000783 -0.529449 0.026731 0.847920
1788249618.897944450 -1.296249 0.259207 4.403803 -0.000852 -0.530986 0.026759 0.846957
1788249618.931279182 -1.301865 0.260278 4.404528 -0.000844 -0.532534 0.026850 0.845982
1788249618.964613914 -1.307834 0.259318 4.405954 -0.000806 -0.533983 0.026925 0.845066
1788249618.997947454 -1.313285 0.260745 4.407138 -0.000385 -0.535614 0.026778 0.844038
1788249619.031282187 -1.318629 0.260367 4.408453 -0.000428 -0.537391 0.026724 0.842909
1788249619.064616919 -1.324260 0.260093 4.408899 -0.000602 -0.538800 0.026740 0.842009
1788249619.097951412 -1.330004 0.260405 4.408453 -0.000518 -0.540144 0.026625 0.841151
1788249619.131285906 -1.335473 0.260356 4.409844 -0.000580 -0.541637 0.026824 0.840184
1788249619.164620161 -1.340333 0.259401 4.410271 -0.000733 -0.543029 0.026718 0.839289
1788249619.197954655 -1.346279 0.259930 4.411748 -0.000534 -0.544524 0.026791 0.838317
1788249619.231288910 -1.351723 0.260856 4.413161 -0.000306 -0.546010 0.027023 0.837342
1788249619.264623165 -1.355232 0.258667 4.418272 -0.000464 -0.548061 0.027267 0.835993
1788249619.297957420 -1.359165 0.257813 4.417364 -0.000148 -0.549486 0.027361 0.835055
1788249619.331291437 -1.364291 0.257876 4.418597 0.000390 -0.551100 0.027653 0.833981
1788249619.364625454 -1.368588 0.257515 4.419062 0.000489 -0.552626 0.028198 0.832952
1788249619.397959471 -1.373900 0.257520 4.421078 0.000533 -0.554080 0.028720 0.831967
1788249619.431292534 -1.377798 0.257780 4.420151 0.000677 -0.555445 0.028897 0.831051
1788249619.464626551 -1.383398 0.257934 4.420609 0.000730 -0.556887 0.028858 0.830086
1788249619.497960329 -1.388293 0.257783 4.421748 0.000784 -0.558319 0.028824 0.829125
1788249619.531294346 -1.393087 0.258705 4.420627 0.001236 -0.559516 0.028845 0.828316
1788249619.564630985 -1.398649 0.257544 4.421588 0.001277 -0.561068 0.029040 0.827259
1788249619.597971916 -1.403668 0.257937 4.422399 0.001491 -0.562458 0.029086 0.826313
1788249619.631312609 -1.407741 0.258187 4.421456 0.001778 -0.563815 0.029005 0.825390
1788249619.664653063 -1.413705 0.257766 4.423325 0.002121 -0.565418 0.028926 0.824294
1788249619.697993994 -1.418869 0.257508 4.422609 0.002303 -0.566969 0.028935 0.823228
1788249619.731334448 -1.423796 0.257962 4.422439 0.002312 -0.568437 0.028983 0.822213
1788249619.764675379 -1.428897 0.254729 4.422627 0.001822 -0.569956 0.029310 0.821150
1788249619.798015833 -1.434134 0.255401 4.422622 0.001759 -0.571348 0.029503 0.820176
1788249619.831356525 -1.439933 0.255608 4.423266 0.001873 -0.572623 0.029401 0.819289
1788249619.864697456 -1.445921 0.255566 4.424577 0.002184 -0.574144 0.029468 0.818221
1788249619.898036957 -1.450219 0.255242 4.423709 0.002250 -0.575625 0.029543 0.817177
1788249619.931377172 -1.456462 0.255703 4.425522 0.002489 -0.577023 0.029624 0.816187
1788249619.964717865 -1.460904 0.256159 4.424086 0.002662 -0.578317 0.029680 0.815268
1788249619.998058319 -1.465273 0.257131 4.425747 0.002927 -0.579867 0.030111 0.814149
1788249620.031399012 -1.470054 0.257503 4.426255 0.003074 -0.581345 0.030473 0.813080
1788249620.064739466 -1.473769 0.257215 4.425904 0.002973 -0.582833 0.030886 0.812000
1788249620.098079920 -1.479714 0.257035 4.427372 0.003106 -0.584207 0.030804 0.811014
1788249620.131420374 -1.485171 0.258498 4.428179 0.003169 -0.585624 0.031000 0.809984
1788249620.164760590 -1.490980 0.257538 4.427855 0.003211 -0.586966 0.030831 0.809018
1788249620.198101044 -1.494737 0.256658 4.426907 0.003497 -0.588406 0.030681 0.807976
1788249620.231441498 -1.500525 0.256627 4.426638 0.003718 -0.589862 0.030604 0.806915
1788249620.264781952 -1.506027 0.256900 4.426418 0.003802 -0.591194 0.030672 0.805937
1788249620.298122168 -1.512295 0.255140 4.422771 0.003887 -0.592310 0.030608 0.805120
1788249620.331461430 -1.517506 0.254824 4.423484 0.004136 -0.593814 0.030739 0.804004
1788249620.364801645 -1.522614 0.256149 4.423908 0.004544 -0.595251 0.031055 0.802927
1788249620.398142099 -1.527730 0.255565 4.424013 0.004430 -0.596753 0.031311 0.801801
1788249620.431482077 -1.532852 0.256911 4.423317 0.004431 -0.598116 0.031341 0.800784
1788249620.464822292 -1.538649 0.256477 4.425068 0.004262 -0.599599 0.031711 0.799661
1788249620.498162508 -1.543674 0.256243 4.425627 0.004212 -0.600928 0.031766 0.798660
1788249620.531502724 -1.549033 0.255232 4.422804 0.004373 -0.602048 0.031707 0.797818
1788249620.564841747 -1.554152 0.254347 4.423903 0.004450 -0.603559 0.031988 0.796664
1788249620.598180056 -1.558273 0.255942 4.425486 0.004673 -0.605083 0.032372 0.795490
1788249620.631518126 -1.563394 0.255675 4.424537 0.004743 -0.606276 0.032553 0.794574
1788249620.664856434 -1.568431 0.254019 4.425443 0.004692 -0.607849 0.032785 0.793362
1788249620.698194504 -1.573088 0.253659 4.426603 0.004685 -0.609351 0.033244 0.792189
1788249620.731532335 -1.578414 0.255940 4.427696 0.004975 -0.610883 0.033434 0.790999
1788249620.764869452 -1.584944 0.254634 4.427844 0.004739 -0.612275 0.033798 0.789908
1788249620.798207283 -1.589131 0.255666 4.427537 0.004776 -0.613606 0.033770 0.788876
1788249620.831545353 -1.593404 0.253500 4.427462 0.004449 -0.614964 0.033608 0.787826
1788249620.864883423 -1.599048 0.255780 4.426829 0.004987 -0.616204 0.033633 0.786852
1788249620.898221493 -1.603327 0.252870 4.425426 0.004928 -0.617633 0.033546 0.785735
1788249620.931559563 -1.609271 0.253773 4.426224 0.005060 -0.619185 0.033660 0.784507
1788249620.964897394 -1.613867 0.254851 4.425677 0.005274 -0.620476 0.033697 0.783483
1788249620.998235226 -1.620200 0.254760 4.423579 0.005357 -0.621728 0.033854 0.782483
1788249621.031573057 -1.624692 0.253530 4.423228 0.005374 -0.623211 0.033731 0.781308
1788249621.064910650 -1.630805 0.252391 4.421852 0.005233 -0.624569 0.033706 0.780224
1788249621.098248482 -1.634626 0.255178 4.423452 0.005392 -0.626153 0.033946 0.778942
1788249621.131586313 -1.641287 0.255532 4.423613 0.005210 -0.627539 0.033949 0.777827
1788249621.164924383 -1.646854 0.257418 4.421449 0.005348 -0.628688 0.034028 0.776894
1788249621.198262215 -1.652242 0.252449 4.420868 0.004871 -0.629981 0.033913 0.775854
1788249621.231598616 -1.656207 0.252472 4.420224 0.005108 -0.631418 0.033863 0.774686
1788249621.264936447 -1.661075 0.253844 4.418371 0.005280 -0.632764 0.033989 0.773580
1788249621.298274040 -1.666626 0.251982 4.418700 0.005144 -0.634139 0.034207 0.772445
1788249621.331612110 -1.670284 0.254412 4.419063 0.005460 -0.635553 0.034702 0.771258
1788249621.364949703 -1.675884 0.252593 4.417890 0.005459 -0.636866 0.034729 0.770173
1788249621.398287296 -1.681182 0.253519 4.417222 0.005515 -0.638306 0.034998 0.768967
1788249621.431624889 -1.685038 0.252434 4.417102 0.005321 -0.639735 0.034812 0.767788
1788249621.464962482 -1.691604 0.253133 4.416715 0.005324 -0.640995 0.034659 0.766744
1788249621.498300314 -1.697378 0.255215 4.415180 0.005639 -0.642330 0.034610 0.765625
1788249621.531637907 -1.702613 0.250919 4.412827 0.005418 -0.643684 0.034253 0.764505
1788249621.564975023 -1.708935 0.252894 4.410714 0.005727 -0.645078 0.034468 0.763318
1788249621.598311424 -1.713676 0.252077 4.410758 0.005616 -0.646493 0.034617 0.762114
1788249621.631648064 -1.718242 0.255462 4.412884 0.006083 -0.648055 0.034876 0.760770
1788249621.664983749 -1.723912 0.250950 4.408111 0.005771 -0.649112 0.034771 0.759876
1788249621.698320150 -1.728368 0.252751 4.408891 0.006022 -0.650622 0.035006 0.758571
1788249621.731656790 -1.733295 0.254928 4.409330 0.006075 -0.652164 0.035160 0.757238
1788249621.764993429 -1.740252 0.255539 4.408314 0.005903 -0.653480 0.035317 0.756097
1788249621.798329830 -1.745865 0.253879 4.404863 0.005481 -0.654577 0.035117 0.755159
1788249621.831665993 -1.751881 0.254483 4.403863 0.005526 -0.655733 0.035148 0.754154
1788249621.865002394 -1.755509 0.254428 4.404088 0.005550 -0.657039 0.035124 0.753018
1788249621.898338556 -1.761343 0.254369 4.403955 0.005601 -0.658493 0.035350 0.751735
1788249621.931675196 -1.766779 0.252491 4.401162 0.005256 -0.659704 0.035290 0.750678
1788249621.965011358 -1.771902 0.253456 4.402753 0.005394 -0.661104 0.035400 0.749439
1788249621.998347521 -1.777494 0.255532 4.400108 0.005559 -0.662276 0.035611 0.748392
1788249622.031683683 -1.782844 0.254435 4.401368 0.005387 -0.663666 0.035660 0.747159
1788249622.065019846 -1.786811 0.255024 4.399788 0.005361 -0.664952 0.035766 0.746010
1788249622.098355055 -1.792393 0.253046 4.398623 0.005044 -0.666319 0.035634 0.744798
1788249622.131691456 -1.797368 0.253159 4.397814 0.005017 -0.667575 0.035532 0.743677
1788249622.165027380 -1.803141 0.255531 4.398467 0.005254 -0.668836 0.035589 0.742539
1788249622.198363543 -1.807728 0.251450 4.396394 0.005130 -0.670017 0.035158 0.741495
1788249622.231699228 -1.812970 0.250192 4.397038 0.005187 -0.671518 0.035086 0.740139
1788249622.265035629 -1.818039 0.252592 4.394054 0.005572 -0.672613 0.035342 0.739129
1788249622.298371553 -1.822865 0.251756 4.391277 0.005591 -0.673774 0.035407 0.738067
1788249622.331707478 -1.827738 0.252711 4.392207 0.005731 -0.675264 0.035520 0.736698
1788249622.365043402 -1.833095 0.251671 4.388518 0.005680 -0.676480 0.035384 0.735589
1788249622.398379087 -1.837911 0.253321 4.388363 0.005742 -0.677901 0.035600 0.734268
1788249622.431715012 -1.843893 0.252690 4.384746 0.005616 -0.679090 0.035608 0.733169
1788249622.465050697 -1.849332 0.253030 4.384238 0.005561 -0.680317 0.035596 0.732032
1788249622.498386621 -1.854719 0.252235 4.384856 0.005316 -0.681607 0.035549 0.730835
1788249622.531721354 -1.858962 0.251805 4.382595 0.005601 -0.682725 0.035314 0.729800
1788249622.565057993 -1.865433 0.251265 4.379944 0.005594 -0.684000 0.035415 0.728600
1788249622.598396301 -1.870171 0.251763 4.379822 0.005665 -0.685397 0.035315 0.727291
1788249622.631734371 -1.876558 0.250575 4.376977 0.005502 -0.686533 0.035229 0.726224
1788249622.665072680 -1.880536 0.251365 4.374164 0.005624 -0.687608 0.035086 0.725212
1788249622.698411226 -1.886410 0.250638 4.373190 0.005621 -0.688949 0.035000 0.723942
1788249622.731749296 -1.891114 0.250823 4.371741 0.005708 -0.690260 0.035115 0.722687
1788249622.765087366 -1.896361 0.251543 4.373399 0.005456 -0.691746 0.035321 0.721256
1788249622.798425436 -1.902276 0.252699 4.368965 0.005706 -0.692626 0.035259 0.720412
1788249622.831763268 -1.906985 0.250508 4.368614 0.005451 -0.693929 0.035005 0.719171
1788249622.865101337 -1.912692 0.249847 4.365766 0.005872 -0.695102 0.034743 0.718047
1788249622.898439169 -1.913689 0.249368 4.366101 0.006003 -0.696688 0.034659 0.716511
1788249622.931777477 -1.918099 0.248610 4.364954 0.006011 -0.698013 0.034577 0.715225
1788249622.965115309 -1.923449 0.249447 4.362424 0.006045 -0.699228 0.034865 0.714023
1788249622.998452425 -1.926731 0.250194 4.362059 0.006210 -0.700511 0.035140 0.712749
1788249623.031790257 -1.932707 0.248652 4.359116 0.006384 -0.701733 0.035217 0.711540
1788249623.065128088 -1.937505 0.249036 4.357558 0.006379 -0.702947 0.035606 0.710322
1788249623.098465919 -1.943691 0.250238 4.356394 0.006318 -0.704210 0.035972 0.709051
1788249623.131803751 -1.955608 0.251562 4.351914 0.006507 -0.705411 0.036237 0.707842
1788249623.165141344 -1.960592 0.250401 4.348612 0.006435 -0.706478 0.036197 0.706780
1788249623.198479414 -1.966740 0.250807 4.344520 0.006657 -0.707494 0.036386 0.705751
1788249623.231817007 -1.971043 0.249526 4.345503 0.006745 -0.708905 0.036206 0.704342
1788249623.265154600 -1.974910 0.248304 4.344623 0.006409 -0.709583 0.036186 0.703663
1788249623.298492432 -1.979187 0.249306 4.343326 0.006618 -0.710190 0.036382 0.703039
1788249623.331830025 -1.985349 0.248634 4.340857 0.006729 -0.710997 0.036543 0.702213
1788249623.365167618 -1.990032 0.247575 4.339231 0.006865 -0.711829 0.036467 0.701372
1788249623.398505211 -1.994440 0.248868 4.341508 0.006797 -0.712893 0.036698 0.700279
1788249623.431841850 -1.999721 0.249663 4.338509 0.006837 -0.713497 0.036886 0.699653
1788249623.465179443 -2.004541 0.248943 4.337648 0.006953 -0.714293 0.036654 0.698851
1788249623.498516798 -2.008684 0.248410 4.337527 0.006769 -0.715179 0.036520 0.697954
1788249623.531854391 -2.015706 0.248847 4.334740 0.006833 -0.715825 0.036375 0.697298
1788249623.565190554 -2.020545 0.249057 4.334476 0.007018 -0.716578 0.036302 0.696527
1788249623.598524570 -2.025684 0.248859 4.331267 0.007108 -0.717138 0.036369 0.695945
1788249623.631858826 -2.030657 0.248913 4.332031 0.007035 -0.717896 0.036520 0.695156
1788249623.665192842 -2.034631 0.248349 4.329995 0.006894 -0.718386 0.036753 0.694639
1788249623.698526621 -2.040580 0.246734 4.328780 0.006764 -0.719075 0.036925 0.693917
1788249623.731860399 -2.046038 0.248123 4.328401 0.006887 -0.719782 0.037296 0.693163
1788249623.765194178 -2.050321 0.247193 4.327230 0.006819 -0.720465 0.037252 0.692456
1788249623.798528194 -2.056078 0.246896 4.326218 0.006908 -0.721192 0.037167 0.691703
1788249623.831861973 -2.061332 0.246937 4.323596 0.007162 -0.721789 0.036934 0.691090
1788249623.865195513 -2.066466 0.247414 4.322243 0.007006 -0.722504 0.036918 0.690345
1788249623.898528099 -2.070643 0.246361 4.322031 0.006782 -0.723244 0.036872 0.689574
1788249623.931861877 -2.076239 0.246538 4.319461 0.006741 -0.723742 0.036943 0.689048
1788249623.965195417 -2.079940 0.246609 4.319776 0.006779 -0.724445 0.037217 0.688294
1788249623.998528957 -2.084991 0.245499 4.318122 0.006803 -0.725021 0.037372 0.687678
1788249624.031862497 -2.089803 0.245263 4.316837 0.006926 -0.725711 0.037369 0.686949
1788249624.065195799 -2.094916 0.243488 4.315868 0.007008 -0.726446 0.037161 0.686182
1788249624.098529339 -2.099799 0.245254 4.313615 0.007417 -0.727090 0.037246 0.685491
1788249624.131862640 -2.105071 0.244568 4.312057 0.007510 -0.727843 0.037411 0.684681
1788249624.165195942 -2.108981 0.245000 4.311569 0.007644 -0.728623 0.037723 0.683832
1788249624.198529243 -2.113644 0.247360 4.307811 0.008000 -0.729032 0.038276 0.683362
1788249624.231862307 -2.117943 0.244987 4.310624 0.007513 -0.729922 0.038491 0.682405
1788249624.265195608 -2.123659 0.244126 4.308280 0.007393 -0.730534 0.038632 0.681743
1788249624.298528671 -2.128097 0.245090 4.307014 0.007442 -0.731113 0.038895 0.681106
1788249624.331860542 -2.133526 0.245471 4.305570 0.007339 -0.731617 0.038975 0.680561
1788249624.365193844 -2.137165 0.244079 4.305309 0.007312 -0.732215 0.038937 0.679920
1788249624.398526907 -2.142403 0.243070 4.304943 0.007559 -0.733002 0.038996 0.679065
1788249624.431859732 -2.145639 0.243820 4.303217 0.007592 -0.733590 0.039305 0.678412
1788249624.465192556 -2.151665 0.241776 4.300096 0.007592 -0.734101 0.039119 0.677870
1788249624.498525620 -2.156331 0.243429 4.300334 0.007498 -0.734864 0.039409 0.677027
1788249624.531858206 -2.162016 0.242705 4.298115 0.007535 -0.735575 0.039140 0.676270
1788249624.565191507 -2.167445 0.243198 4.294601 0.007656 -0.736197 0.039179 0.675589
1788249624.598525763 -2.172262 0.243113 4.293863 0.007615 -0.736937 0.038951 0.674796
1788249624.631859779 -2.176877 0.242871 4.293118 0.007626 -0.737717 0.038723 0.673955
1788249624.665193796 -2.183022 0.243844 4.289696 0.007751 -0.738289 0.038630 0.673333
1788249624.698527575 -2.187806 0.242097 4.287961 0.007587 -0.738835 0.038341 0.672752
1788249624.731861591 -2.191771 0.243261 4.289323 0.007845 -0.739450 0.038617 0.672058
1788249624.765194416 -2.196243 0.240633 4.287793 0.007954 -0.740089 0.038679 0.671348
1788249624.798528433 -2.199957 0.241658 4.284494 0.007991 -0.740577 0.039112 0.670784
1788249624.831862211 -2.203899 0.241673 4.283368 0.008228 -0.741132 0.039143 0.670167
1788249624.865195990 -2.210351 0.242095 4.283072 0.008204 -0.741833 0.039333 0.669380
1788249624.898529530 -2.214155 0.242380 4.280127 0.008257 -0.742344 0.039450 0.668805
1788249624.931863070 -2.220208 0.242370 4.277362 0.008342 -0.742843 0.039703 0.668235
1788249624.965196609 -2.222885 0.240611 4.278465 0.008495 -0.743417 0.039743 0.667592
1788249624.998530388 -2.228525 0.241228 4.276581 0.008698 -0.743630 0.039847 0.667347
1788249625.031863689 -2.233198 0.240912 4.277194 0.008636 -0.743729 0.040002 0.667227
1788249625.065197229 -2.239096 0.240696 4.276161 0.008719 -0.743624 0.040139 0.667335
1788249625.098530769 -2.244955 0.240901 4.274822 0.008711 -0.743539 0.040120 0.667431
1788249625.131863832 -2.250762 0.240058 4.274146 0.008731 -0.743627 0.040056 0.667337
1788249625.165197134 -2.255663 0.239580 4.274216 0.008957 -0.743783 0.039878 0.667171
1788249625.198530436 -2.260703 0.242555 4.270143 0.009475 -0.743720 0.039798 0.667238
1788249625.231862545 -2.265917 0.242213 4.269713 0.009694 -0.743830 0.039691 0.667119
1788249625.265195608 -2.272066 0.241578 4.267428 0.009793 -0.743769 0.039492 0.667198
1788249625.298528910 -2.277733 0.242383 4.267367 0.009579 -0.743700 0.039599 0.667271
1788249625.331861973 -2.283908 0.242745 4.266673 0.009320 -0.743704 0.039812 0.667257
1788249625.365194798 -2.290102 0.241307 4.267626 0.008993 -0.743876 0.039772 0.667073
1788249625.398527861 -2.296215 0.243353 4.265952 0.009153 -0.743877 0.039841 0.667066
1788249625.431860685 -2.301713 0.242843 4.262927 0.009183 -0.743735 0.039591 0.667238
1788249625.465193748 -2.307327 0.243619 4.263124 0.009209 -0.743832 0.039604 0.667128
1788249625.498526573 -2.313707 0.241611 4.263203 0.008970 -0.743894 0.039407 0.667075
1788249625.531859398 -2.319713 0.243231 4.262589 0.008860 -0.743806 0.039910 0.667144
1788249625.565195322 -2.324889 0.242734 4.262734 0.008838 -0.743910 0.039883 0.667030
1788249625.598536015 -2.330459 0.242087 4.260799 0.008970 -0.743912 0.039615 0.667042
1788249625.631876469 -2.335918 0.242918 4.257498 0.009383 -0.743820 0.039392 0.667152
1788249625.665216446 -2.341841 0.243020 4.254657 0.009480 -0.743624 0.039204 0.667380
1788249625.698557138 -2.347932 0.243231 4.254014 0.009340 -0.743572 0.039248 0.667438
1788249625.731897354 -2.353479 0.241959 4.255477 0.009038 -0.743700 0.039212 0.667301
1788249625.765238047 -2.358626 0.243163 4.256844 0.008809 -0.743709 0.039617 0.667270
1788249625.798578739 -2.366021 0.243229 4.255636 0.008936 -0.743701 0.039594 0.667279
1788249625.831919193 -2.370833 0.241648 4.257174 0.008697 -0.743941 0.039474 0.667021
1788249625.865259647 -2.376251 0.242311 4.254672 0.008926 -0.743792 0.039525 0.667181
1788249625.898600340 -2.381791 0.242563 4.254117 0.008743 -0.743706 0.039657 0.667272
1788249625.931940794 -2.387748 0.242792 4.254564 0.008791 -0.743782 0.039733 0.667182
1788249625.965281248 -2.393796 0.242087 4.253030 0.008744 -0.743787 0.039774 0.667175
1788249625.998621702 -2.399214 0.241934 4.250362 0.008883 -0.743717 0.039447 0.667271
1788249626.031961918 -2.405869 0.243444 4.248208 0.009060 -0.743699 0.039408 0.667291
1788249626.065302610 -2.411276 0.242102 4.247570 0.009253 -0.743818 0.038851 0.667188
1788249626.098642111 -2.416808 0.243814 4.246468 0.009158 -0.743759 0.038976 0.667248
1788249626.131982088 -2.422371 0.242966 4.248234 0.008755 -0.743939 0.039073 0.667047
1788249626.165322542 -2.428526 0.240590 4.247808 0.008486 -0.743880 0.038991 0.667120
1788249626.198662996 -2.436004 0.242741 4.245105 0.008541 -0.743616 0.039271 0.667398
1788249626.232003212 -2.442288 0.242042 4.245210 0.008274 -0.743716 0.039114 0.667300
1788249626.265343666 -2.447358 0.241810 4.244382 0.008370 -0.743670 0.038920 0.667361
1788249626.298684120 -2.454069 0.241993 4.242791 0.008380 -0.743492 0.038888 0.667561
1788249626.332024097 -2.460742 0.241819 4.243036 0.008409 -0.743437 0.039003 0.667615
1788249626.365364313 -2.466183 0.242208 4.242881 0.008657 -0.743579 0.038969 0.667455
1788249626.398704767 -2.471683 0.240629 4.239870 0.008695 -0.743732 0.038707 0.667299
1788249626.432044983 -2.476847 0.240855 4.238917 0.008937 -0.744058 0.038716 0.666932
1788249626.465384960 -2.484494 0.241120 4.236721 0.009021 -0.744215 0.038825 0.666750
1788249626.498725176 -2.491369 0.241009 4.235318 0.009462 -0.743916 0.038908 0.667072
1788249626.532064676 -2.499338 0.240624 4.234272 0.009241 -0.743688 0.038777 0.667337
1788249626.565403938 -2.507223 0.241459 4.233102 0.008941 -0.743737 0.038590 0.667298
1788249626.598742723 -2.515071 0.240837 4.231588 0.008500 -0.743799 0.038138 0.667261
1788249626.632081032 -2.523821 0.241162 4.231918 0.008331 -0.743760 0.038218 0.667302
1788249626.665419579 -2.529790 0.240174 4.233603 0.008471 -0.743668 0.038464 0.667388
1788249626.698757887 -2.536721 0.241143 4.230624 0.008692 -0.743378 0.038627 0.667699
1788249626.732096434 -2.543736 0.240697 4.229657 0.008608 -0.743702 0.038318 0.667357
1788249626.765434980 -2.549887 0.240066 4.228152 0.008408 -0.744008 0.037872 0.667043
1788249626.798773289 -2.556596 0.242761 4.226767 0.008498 -0.744248 0.037976 0.666768
1788249626.832111359 -2.563053 0.239287 4.227371 0.008530 -0.744225 0.037800 0.666804
1788249626.865449905 -2.571609 0.239161 4.225677 0.008560 -0.744009 0.037992 0.667033
1788249626.898788214 -2.578304 0.239770 4.225973 0.008261 -0.744065 0.038093 0.666969
1788249626.932126284 -2.586321 0.240140 4.222729 0.008386 -0.743951 0.037916 0.667104
1788249626.965464354 -2.593781 0.239959 4.222819 0.008154 -0.743891 0.037824 0.667180
1788249626.998801470 -2.602117 0.238263 4.223971 0.007812 -0.744016 0.037704 0.667051
1788249627.032139778 -2.609144 0.237839 4.223087 0.007923 -0.743897 0.037674 0.667184
1788249627.065478086 -2.616281 0.237823 4.220979 0.008036 -0.743942 0.037340 0.667152
1788249627.098816156 -2.624503 0.239542 4.219192 0.007843 -0.744023 0.037149 0.667075
1788249627.132154226 -2.632272 0.239161 4.217436 0.007733 -0.744126 0.036809 0.666979
1788249627.165492058 -2.637921 0.238648 4.217127 0.008005 -0.744044 0.036861 0.667066
1788249627.198830128 -2.645901 0.239904 4.215208 0.008185 -0.743811 0.037072 0.667311
1788249627.232167959 -2.653187 0.238539 4.215648 0.007944 -0.743931 0.036650 0.667204
1788249627.265505791 -2.661378 0.239809 4.213758 0.007894 -0.743941 0.036545 0.667198
1788249627.298843861 -2.669438 0.238554 4.213763 0.007865 -0.743967 0.036557 0.667169
1788249627.332181931 -2.677419 0.238699 4.212905 0.007902 -0.743891 0.036634 0.667249
1788249627.365519762 -2.686529 0.237198 4.213548 0.007660 -0.744132 0.036307 0.667001
1788249627.398857355 -2.693628 0.239546 4.212596 0.007740 -0.744313 0.036530 0.666786
1788249627.432193995 -2.701509 0.238731 4.210939 0.007827 -0.744302 0.036218 0.666815
1788249627.465531826 -2.707791 0.236931 4.209900 0.008010 -0.744126 0.036349 0.667002
1788249627.498869658 -2.714566 0.237415 4.208696 0.008457 -0.743947 0.036770 0.667173
1788249627.532207251 -2.722425 0.237832 4.208290 0.008397 -0.743963 0.036952 0.667146
1788249627.565546751 -2.730132 0.237770 4.207770 0.008219 -0.744046 0.036787 0.667064
1788249627.598889351 -2.737974 0.236790 4.207064 0.008131 -0.743993 0.036721 0.667128
1788249627.632231712 -2.742984 0.237701 4.203518 0.008330 -0.743749 0.036562 0.667406
1788249627.665574074 -2.751920 0.238628 4.203368 0.008387 -0.743964 0.036416 0.667173
1788249627.698916674 -2.760363 0.239151 4.200953 0.008288 -0.744006 0.036020 0.667150
1788249627.732259274 -2.767752 0.238949 4.200051 0.008327 -0.744028 0.035618 0.667146
1788249627.765601397 -2.775496 0.238078 4.197646 0.008274 -0.743865 0.035292 0.667346
1788249627.798943758 -2.783713 0.237598 4.197659 0.008284 -0.743831 0.035245 0.667387
1788249627.832286358 -2.790011 0.240296 4.194853 0.008182 -0.743585 0.035563 0.667645
1788249627.865627766 -2.797694 0.240257 4.195144 0.008060 -0.743668 0.035280 0.667569
1788249627.898969889 -2.807054 0.239777 4.192314 0.007981 -0.743663 0.035089 0.667586
1788249627.932312727 -2.814912 0.238077 4.193158 0.007888 -0.743911 0.034988 0.667316
1788249627.965655088 -2.821914 0.240397 4.191002 0.008252 -0.743887 0.035089 0.667332
1788249627.998997450 -2.829481 0.237835 4.189713 0.007939 -0.743902 0.034670 0.667341
1788249628.032340050 -2.837864 0.240091 4.189322 0.008110 -0.744004 0.034745 0.667222
1788249628.065682173 -2.844583 0.240859 4.189301 0.007883 -0.743966 0.034965 0.667255
1788249628.099024773 -2.852606 0.239536 4.187697 0.008005 -0.743821 0.035159 0.667406
1788249628.132366896 -2.860356 0.238814 4.186839 0.007786 -0.743699 0.035487 0.667527
1788249628.165709734 -2.867258 0.238641 4.187350 0.007684 -0.743728 0.035640 0.667488
1788249628.199051857 -2.875104 0.239514 4.185660 0.007974 -0.743757 0.035694 0.667449
1788249628.232394457 -2.881425 0.237365 4.184228 0.008013 -0.743707 0.035566 0.667511
1788249628.265736580 -2.888565 0.238240 4.182156 0.008178 -0.743658 0.035650 0.667559
1788249628.299079180 -2.897519 0.238169 4.183194 0.007970 -0.743939 0.035417 0.667261
1788249628.332420349 -2.905119 0.239967 4.181109 0.008021 -0.743902 0.035485 0.667298
1788249628.365762949 -2.912925 0.238174 4.180101 0.007686 -0.743756 0.035381 0.667470
1788249628.399105310 -2.920688 0.242245 4.181023 0.007848 -0.743753 0.036120 0.667432
1788249628.432447672 -2.928837 0.240550 4.179294 0.007796 -0.743543 0.036287 0.667658
1788249628.465790033 -2.934443 0.240062 4.178837 0.007657 -0.743618 0.036320 0.667574
1788249628.499132633 -2.942867 0.239029 4.178699 0.007583 -0.743788 0.036058 0.667399
1788249628.532474756 -2.949802 0.239858 4.177553 0.007755 -0.743650 0.036110 0.667548
1788249628.565811872 -2.958219 0.237661 4.177999 0.007608 -0.743789 0.035797 0.667411
1788249628.599142075 -2.966179 0.241210 4.177242 0.007737 -0.743903 0.035989 0.667273
1788249628.632471561 -2.978617 0.242449 4.173668 0.007386 -0.743931 0.036206 0.667234
1788249628.665801525 -2.985779 0.244216 4.171851 0.007327 -0.743678 0.036415 0.667506
1788249628.699131250 -2.994824 0.244708 4.173426 0.007440 -0.743717 0.036750 0.667442
1788249628.732460976 -3.002310 0.243606 4.172972 0.007338 -0.743664 0.036863 0.667496
1788249628.765789270 -3.009463 0.244802 4.170189 0.007625 -0.743638 0.036764 0.667527
1788249628.799118519 -3.017994 0.244468 4.169685 0.007684 -0.743737 0.036446 0.667434
1788249628.832447529 -3.025799 0.244332 4.167132 0.007660 -0.743617 0.036191 0.667582
1788249628.865776777 -3.033188 0.245529 4.167140 0.007790 -0.743804 0.036134 0.667375
1788249628.899105787 -3.040052 0.246722 4.166341 0.007623 -0.743855 0.036281 0.667312
1788249628.932434797 -3.048340 0.244298 4.166355 0.007480 -0.743948 0.035829 0.667235
1788249628.965763330 -3.060543 0.245444 4.161405 0.007477 -0.743640 0.036101 0.667563
1788249628.999092340 -3.068579 0.244443 4.163330 0.007507 -0.743691 0.036456 0.667486
1788249629.032420874 -3.075237 0.241111 4.163057 0.007425 -0.743706 0.036569 0.667464
1788249629.065749407 -3.082743 0.243336 4.162603 0.007796 -0.743775 0.036860 0.667368
1788249629.099077702 -3.089189 0.243045 4.160015 0.007751 -0.743625 0.036964 0.667529
1788249629.132406235 -3.097351 0.245164 4.159560 0.007769 -0.743638 0.037467 0.667487
1788249629.165734529 -3.106209 0.241175 4.158509 0.007428 -0.743541 0.036984 0.667626
1788249629.199062347 -3.112441 0.244464 4.158202 0.007530 -0.743442 0.037489 0.667706
1788249629.232389450 -3.120811 0.244559 4.157758 0.007538 -0.743497 0.037505 0.667644
1788249629.265717268 -3.127693 0.242527 4.155837 0.007470 -0.743286 0.037036 0.667906
1788249629.299045324 -3.137926 0.243595 4.156690 0.007335 -0.743374 0.036778 0.667823
1788249629.332372904 -3.146122 0.242642 4.154418 0.007353 -0.743404 0.036444 0.667809
1788249629.365700483 -3.155083 0.243922 4.154406 0.007465 -0.743563 0.036429 0.667631
1788249629.399027824 -3.163219 0.241223 4.152437 0.007157 -0.743615 0.035933 0.667604
1788249629.432355404 -3.170321 0.242500 4.149970 0.007197 -0.743341 0.035824 0.667914
1788249629.465682745 -3.179420 0.243951 4.148833 0.007118 -0.743090 0.036009 0.668184
1788249629.499009848 -3.187217 0.241983 4.149371 0.006946 -0.743323 0.035923 0.667931
1788249629.532336712 -3.195255 0.240023 4.143753 0.007343 -0.743103 0.035417 0.668199
1788249629.565677404 -3.202529 0.242361 4.143190 0.007591 -0.743011 0.035660 0.668286
1788249629.599036455 -3.212129 0.243819 4.141054 0.007746 -0.742724 0.035958 0.668587
1788249629.632395983 -3.217770 0.241291 4.142106 0.007706 -0.742787 0.036046 0.668512
1788249629.665754557 -3.225290 0.242173 4.142360 0.007793 -0.742979 0.036502 0.668273
1788249629.699114561 -3.232875 0.241676 4.143344 0.007854 -0.743054 0.036557 0.668186
1788249629.732474804 -3.241043 0.241507 4.139975 0.007894 -0.742689 0.036648 0.668587
1788249629.765835285 -3.249180 0.242853 4.139071 0.008445 -0.742803 0.036797 0.668445
1788249629.799196243 -3.257457 0.244300 4.137543 0.008613 -0.742932 0.036739 0.668303
1788249629.832557201 -3.265681 0.242714 4.136178 0.008547 -0.742929 0.036114 0.668341
1788249629.865918636 -3.273954 0.240208 4.133903 0.008676 -0.742846 0.035595 0.668459
1788249629.899280310 -3.280969 0.242785 4.133977 0.008867 -0.742845 0.036087 0.668431
1788249629.932642221 -3.290390 0.239766 4.131948 0.008360 -0.742651 0.036020 0.668657
1788249629.966004610 -3.296443 0.241440 4.135880 0.008103 -0.743056 0.036397 0.668190
1788249629.999366760 -3.305288 0.237934 4.133548 0.007915 -0.742960 0.035973 0.668322
1788249630.032729626 -3.312927 0.239323 4.132943 0.007723 -0.742969 0.036219 0.668301
1788249630.066092968 -3.320410 0.237833 4.132450 0.007845 -0.742957 0.036092 0.668319
1788249630.099455118 -3.331122 0.241063 4.129408 0.007978 -0.742958 0.036400 0.668300
1788249630.132818699 -3.337769 0.238081 4.130859 0.007977 -0.743197 0.035865 0.668063
1788249630.166182756 -3.346082 0.237931 4.127958 0.007954 -0.742920 0.035965 0.668366
1788249630.199547052 -3.352716 0.238425 4.127315 0.008172 -0.742690 0.036476 0.668591
1788249630.232911587 -3.360876 0.237980 4.126659 0.008247 -0.742753 0.036893 0.668498
1788249630.266276121 -3.368906 0.236832 4.127122 0.008264 -0.742860 0.037093 0.668368
1788249630.299641132 -3.375729 0.236571 4.125926 0.008192 -0.742758 0.037205 0.668475
1788249630.333006382 -3.383216 0.234751 4.124470 0.008095 -0.742570 0.037157 0.668688
1788249630.366372108 -3.391092 0.236937 4.124497 0.008452 -0.742654 0.037431 0.668575
1788249630.399738312 -3.399464 0.238854 4.121469 0.008501 -0.742671 0.037335 0.668561
1788249630.433104277 -3.407969 0.238541 4.121868 0.008498 -0.742794 0.036991 0.668444
1788249630.466470718 -3.415010 0.236915 4.118474 0.008641 -0.742434 0.036682 0.668859
1788249630.499837637 -3.424390 0.233125 4.119673 0.008287 -0.742554 0.036579 0.668735
1788249630.533204317 -3.430278 0.232175 4.118691 0.008500 -0.742375 0.036851 0.668916
1788249630.566560507 -3.438169 0.234876 4.118294 0.008852 -0.742445 0.037417 0.668803
1788249630.599904299 -3.445452 0.232454 4.115806 0.008761 -0.742236 0.037254 0.669045
1788249630.633248091 -3.451330 0.233835 4.115742 0.009047 -0.742087 0.037616 0.669186
1788249630.666591883 -3.460850 0.229372 4.115856 0.008801 -0.742369 0.037013 0.668910
1788249630.699935675 -3.469286 0.236090 4.111097 0.009366 -0.742225 0.037583 0.669030
1788249630.733279228 -3.478100 0.236200 4.111471 0.009577 -0.742447 0.037304 0.668797
1788249630.766623020 -3.484360 0.235942 4.110059 0.009819 -0.742295 0.037403 0.668957
1788249630.799966812 -3.491891 0.234278 4.109395 0.009934 -0.742123 0.037665 0.669131
1788249630.833310604 -3.500268 0.233740 4.109258 0.010006 -0.742128 0.037973 0.669107
1788249630.866654396 -3.508145 0.233311 4.106777 0.010130 -0.742020 0.037946 0.669227
1788249630.899997950 -3.514435 0.233124 4.108167 0.010248 -0.742162 0.038126 0.669056
1788249630.933341742 -3.523263 0.232778 4.106799 0.010314 -0.742169 0.038192 0.669044
1788249630.966685534 -3.530705 0.232538 4.106500 0.010370 -0.742287 0.037980 0.668925
1788249631.000028610 -3.539881 0.233973 4.103134 0.010350 -0.742251 0.037840 0.668972
1788249631.033372164 -3.547865 0.236681 4.101984 0.010795 -0.742277 0.038031 0.668926
1788249631.066715956 -3.554757 0.234568 4.100234 0.010844 -0.742087 0.037870 0.669145
1788249631.100059748 -3.562013 0.234331 4.100532 0.010673 -0.742069 0.038299 0.669144
1788249631.133403540 -3.569672 0.235570 4.101046 0.010765 -0.742000 0.038762 0.669191
1788249631.166747332 -3.578196 0.237019 4.100018 0.010972 -0.742003 0.039082 0.669167
1788249631.200090885 -3.585499 0.235497 4.100155 0.010778 -0.742017 0.039127 0.669151
1788249631.233434677 -3.594553 0.238138 4.101608 0.010982 -0.742190 0.039678 0.668924
1788249631.266778469 -3.600054 0.236644 4.098454 0.010866 -0.741954 0.039490 0.669199
1788249631.300122261 -3.607585 0.234381 4.094653 0.010585 -0.741868 0.038951 0.669330
1788249631.333466053 -3.614687 0.233931 4.093792 0.010512 -0.741850 0.038555 0.669375
1788249631.366809607 -3.626310 0.233794 4.094842 0.010317 -0.741964 0.038522 0.669253
1788249631.400153399 -3.633236 0.233599 4.096276 0.010729 -0.741991 0.038627 0.669210
1788249631.433495998 -3.641084 0.232494 4.093340 0.010543 -0.741785 0.038543 0.669446
1788249631.466839552 -3.650270 0.236396 4.093143 0.010647 -0.741860 0.038958 0.669338
1788249631.500183344 -3.656381 0.235976 4.093864 0.010909 -0.741911 0.038977 0.669276
1788249631.533527136 -3.663553 0.231764 4.090260 0.010920 -0.741659 0.038775 0.669566
1788249631.566871166 -3.669887 0.229006 4.089741 0.010741 -0.741751 0.038535 0.669482
1788249631.600215197 -3.677614 0.228058 4.088986 0.010813 -0.741890 0.038455 0.669330
1788249631.633559465 -3.687759 0.230675 4.089652 0.010847 -0.741985 0.038677 0.669212
1788249631.666903734 -3.694948 0.229894 4.089882 0.011119 -0.741896 0.038681 0.669306
1788249631.700248003 -3.701234 0.228550 4.086801 0.011192 -0.741606 0.039103 0.669602
1788249631.733592272 -3.709194 0.231536 4.087214 0.011364 -0.741638 0.039501 0.669540
1788249631.766936779 -3.717142 0.229243 4.084780 0.010942 -0.741436 0.038999 0.669800
1788249631.800281048 -3.726550 0.231527 4.083799 0.011013 -0.741433 0.039317 0.669784
1788249631.833625555 -3.733560 0.231797 4.083053 0.011239 -0.741407 0.039370 0.669805
1788249631.866969824 -3.745788 0.234320 4.083414 0.011429 -0.741840 0.039472 0.669317
1788249631.900313139 -3.754694 0.234364 4.080383 0.011215 -0.741759 0.039034 0.669436
1788249631.933657408 -3.762200 0.237317 4.079740 0.011688 -0.741749 0.039048 0.669438
1788249631.967001915 -3.769647 0.235657 4.078206 0.011599 -0.741652 0.038723 0.669565
1788249632.000346661 -3.776229 0.232598 4.077660 0.011548 -0.741511 0.038259 0.669750
1788249632.033691168 -3.786716 0.233579 4.077997 0.011273 -0.741690 0.038348 0.669551
1788249632.067035913 -3.796114 0.234971 4.075672 0.011150 -0.741602 0.038237 0.669657
1788249632.100380898 -3.803130 0.237375 4.074805 0.011187 -0.741604 0.038480 0.669640
1788249632.133725405 -3.811957 0.235863 4.075157 0.011251 -0.741823 0.038315 0.669406
1788249632.167070150 -3.819643 0.236113 4.072043 0.011330 -0.741717 0.038368 0.669519
1788249632.200414896 -3.827787 0.238446 4.073689 0.011590 -0.742160 0.038517 0.669015
1788249632.233759642 -3.835839 0.237748 4.073586 0.011397 -0.742135 0.038478 0.669048
1788249632.267104387 -3.841445 0.235134 4.074121 0.011293 -0.742068 0.038603 0.669117
1788249632.300449371 -3.848293 0.234071 4.073066 0.011403 -0.741954 0.038786 0.669231
1788249632.333793402 -3.856369 0.234109 4.072846 0.011282 -0.741940 0.038773 0.669249
1788249632.367138386 -3.865297 0.233886 4.073366 0.011163 -0.742123 0.038657 0.669055
1788249632.400483131 -3.873518 0.232386 4.073193 0.011155 -0.742234 0.038485 0.668942
1788249632.433828115 -3.883305 0.236346 4.070979 0.011327 -0.742188 0.039182 0.668949
1788249632.467173338 -3.890239 0.234489 4.071070 0.011222 -0.742325 0.038603 0.668832
1788249632.500518560 -3.898128 0.234034 4.068226 0.011174 -0.742158 0.038512 0.669024
1788249632.533863306 -3.905531 0.235037 4.066799 0.011254 -0.741960 0.038895 0.669221
1788249632.567207098 -3.913698 0.235723 4.067232 0.011592 -0.742016 0.039390 0.669123
1788249632.600549221 -3.920971 0.233613 4.065126 0.011444 -0.741816 0.039205 0.669358
1788249632.633890867 -3.927651 0.232042 4.063683 0.010976 -0.741769 0.038970 0.669432
1788249632.667232990 -3.936340 0.230489 4.059763 0.010531 -0.741537 0.038608 0.669718
1788249632.700574875 -3.946582 0.233892 4.061306 0.010626 -0.741742 0.038937 0.669470
1788249632.733916521 -3.955620 0.230265 4.061979 0.010215 -0.741977 0.038387 0.669248
1788249632.767257690 -3.964018 0.232061 4.062733 0.010410 -0.742217 0.038478 0.668973
1788249632.800599337 -3.970741 0.231281 4.060369 0.010156 -0.741936 0.038282 0.669300
1788249632.833941698 -3.979307 0.229478 4.060079 0.010051 -0.741880 0.038250 0.669366
1788249632.867283583 -3.987013 0.230218 4.059484 0.010423 -0.741781 0.038817 0.669437
1788249632.900625229 -3.993438 0.229459 4.056669 0.010441 -0.741533 0.038705 0.669718
1788249632.933967590 -4.003449 0.231973 4.057252 0.010362 -0.741815 0.038737 0.669405
1788249632.967309475 -4.011560 0.230231 4.057623 0.010399 -0.741821 0.038083 0.669435
1788249633.000651360 -4.020678 0.228241 4.056312 0.009990 -0.741993 0.037597 0.669278
1788249633.033993244 -4.029553 0.231822 4.052019 0.010171 -0.741814 0.038026 0.669450
1788249633.067335367 -4.036657 0.230993 4.053732 0.010234 -0.742142 0.037787 0.669099
1788249633.100677252 -4.043883 0.231878 4.052170 0.010473 -0.742041 0.038117 0.669188
1788249633.134019375 -4.051492 0.231056 4.051088 0.010785 -0.741930 0.038346 0.669293
1788249633.167361498 -4.058677 0.233485 4.051193 0.011169 -0.741774 0.039349 0.669401
1788249633.200703621 -4.064850 0.230877 4.052756 0.011017 -0.741897 0.039430 0.669263
1788249633.234044552 -4.072744 0.229862 4.052917 0.010805 -0.741984 0.039385 0.669173
1788249633.267386436 -4.082079 0.230976 4.052461 0.010486 -0.742024 0.039645 0.669117
1788249633.300729036 -4.090564 0.231500 4.050521 0.010336 -0.741743 0.039718 0.669427
1788249633.334070921 -4.098219 0.231953 4.048727 0.010226 -0.741714 0.039825 0.669455
1788249633.367412806 -4.107258 0.233255 4.047816 0.010385 -0.741955 0.039795 0.669188
1788249633.400755167 -4.116035 0.231306 4.047760 0.009949 -0.741969 0.039302 0.669207
1788249633.434097290 -4.122859 0.231938 4.048120 0.010084 -0.741665 0.039393 0.669537
1788249633.467439175 -4.130664 0.229148 4.046283 0.010104 -0.741498 0.039243 0.669731
1788249633.500781536 -4.139982 0.229416 4.048557 0.009924 -0.742144 0.039339 0.669011
1788249633.534123659 -4.147718 0.232417 4.046119 0.010055 -0.741874 0.039558 0.669295
1788249633.567464590 -4.156548 0.230308 4.045000 0.009529 -0.741676 0.039207 0.669544
1788249633.600803375 -4.165366 0.230475 4.045500 0.009499 -0.741852 0.039031 0.669360
1788249633.634142399 -4.174282 0.232268 4.045162 0.009610 -0.742267 0.039133 0.668892
1788249633.667480469 -4.182816 0.231172 4.042119 0.009784 -0.742271 0.038745 0.668907
1788249633.700819254 -4.188088 0.231426 4.039193 0.010226 -0.741818 0.038558 0.669413
1788249633.734158278 -4.196008 0.229833 4.040467 0.010062 -0.741732 0.038646 0.669506
1788249633.767496824 -4.204328 0.230214 4.040455 0.010273 -0.741717 0.039250 0.669485
1788249633.800835609 -4.212498 0.230776 4.041582 0.010534 -0.742017 0.040050 0.669101
1788249633.834174633 -4.218672 0.230273 4.040875 0.010788 -0.741938 0.040353 0.669166
1788249633.867513180 -4.224833 0.228167 4.040578 0.010817 -0.741649 0.040403 0.669483
1788249633.900851965 -4.234142 0.225458 4.036848 0.010504 -0.741461 0.040064 0.669716
1788249633.934190750 -4.243237 0.225740 4.036755 0.010718 -0.741812 0.039834 0.669338
1788249633.967529297 -4.251240 0.227347 4.034268 0.011015 -0.741668 0.039686 0.669502
1788249634.000868320 -4.258159 0.225619 4.033051 0.010992 -0.741553 0.039072 0.669666
1788249634.034206867 -4.267952 0.223684 4.033930 0.010666 -0.741793 0.038983 0.669410
1788249634.067545414 -4.275335 0.226674 4.031423 0.011188 -0.741444 0.039660 0.669748
1788249634.100882769 -4.282040 0.225017 4.030702 0.010630 -0.741376 0.039541 0.669840
1788249634.134221315 -4.290809 0.227159 4.031100 0.011011 -0.741502 0.039863 0.669675
1788249634.167560101 -4.299199 0.225511 4.029735 0.010998 -0.741473 0.039751 0.669713
1788249634.200898647 -4.307003 0.224429 4.029782 0.010825 -0.741685 0.039787 0.669479
1788249634.234236956 -4.314466 0.222556 4.031534 0.010508 -0.742238 0.039371 0.668896
1788249634.267575502 -4.321384 0.223598 4.030093 0.010379 -0.742184 0.039370 0.668958
1788249634.300913811 -4.330692 0.223750 4.028854 0.010443 -0.741990 0.039134 0.669186
1788249634.334252119 -4.337961 0.224597 4.028440 0.010610 -0.741845 0.039583 0.669318
1788249634.367590427 -4.345911 0.222620 4.029106 0.010682 -0.741978 0.039717 0.669162
1788249634.400928974 -4.353209 0.220432 4.029080 0.010388 -0.742101 0.039327 0.669052
1788249634.434267044 -4.361712 0.221894 4.027965 0.010589 -0.741996 0.039667 0.669146
1788249634.467605352 -4.369749 0.221214 4.027770 0.010480 -0.742052 0.039890 0.669073
1788249634.500943422 -4.377207 0.221407 4.025807 0.010898 -0.741931 0.039886 0.669200
1788249634.534281492 -4.385338 0.223202 4.026871 0.010755 -0.742348 0.040222 0.668720
1788249634.567618370 -4.394568 0.222268 4.026565 0.010558 -0.742493 0.039828 0.668585
1788249634.600955486 -4.403389 0.222552 4.028677 0.010526 -0.742763 0.039720 0.668293
1788249634.634292364 -4.411634 0.222596 4.025156 0.010572 -0.742341 0.039956 0.668747
1788249634.667629480 -4.418161 0.221309 4.026467 0.010360 -0.742431 0.039745 0.668663
1788249634.700966597 -4.426566 0.221371 4.023991 0.010216 -0.742205 0.039735 0.668916
1788249634.734303236 -4.434911 0.223905 4.021906 0.010426 -0.741967 0.040368 0.669139
1788249634.767640114 -4.441772 0.219028 4.022883 0.010357 -0.742142 0.039789 0.668981
1788249634.800976992 -4.450035 0.220567 4.023139 0.010463 -0.742386 0.040269 0.668680
1788249634.834313869 -4.458095 0.220475 4.022047 0.010545 -0.742506 0.040220 0.668548
1788249634.867650509 -4.466226 0.222917 4.020439 0.010611 -0.742521 0.040601 0.668507
1788249634.900987387 -4.474592 0.222533 4.021123 0.010901 -0.742654 0.040563 0.668357
1788249634.934324026 -4.481681 0.222942 4.019891 0.011192 -0.742417 0.040935 0.668593
1788249634.967660666 -4.490089 0.223923 4.019782 0.011274 -0.742386 0.041263 0.668606
1788249635.000996351 -4.497992 0.223314 4.017849 0.010917 -0.742215 0.040915 0.668822
1788249635.034332991 -4.505391 0.221169 4.017906 0.010636 -0.742315 0.040678 0.668731
1788249635.067669630 -4.514606 0.221332 4.016015 0.010797 -0.742331 0.041030 0.668688
1788249635.101006269 -4.522042 0.221352 4.016569 0.010960 -0.742546 0.041014 0.668448
1788249635.134342670 -4.528911 0.220873 4.014856 0.010845 -0.742612 0.040874 0.668386
1788249635.167679310 -4.536739 0.220963 4.012323 0.010727 -0.742540 0.040649 0.668481
1788249635.201015711 -4.549346 0.223048 4.018186 0.011016 -0.743602 0.041034 0.667271
1788249635.234352350 -4.554351 0.219698 4.018539 0.010715 -0.743463 0.040672 0.667453
1788249635.267688513 -4.560679 0.221974 4.016919 0.011617 -0.743270 0.041588 0.667596
1788249635.301025152 -4.567207 0.223994 4.016483 0.011555 -0.743755 0.042203 0.667019
1788249635.334361315 -4.575021 0.226470 4.011803 0.011308 -0.744103 0.042600 0.666609
1788249635.367697477 -4.579385 0.222600 4.014575 0.010951 -0.745036 0.041526 0.665640
1788249635.401033878 -4.586587 0.221657 4.013042 0.011242 -0.745588 0.041751 0.665003
1788249635.434369087 -4.592267 0.223557 4.010899 0.011359 -0.746139 0.042405 0.664342
1788249635.467705488 -4.597000 0.222750 4.009377 0.011135 -0.746606 0.042329 0.663826
1788249635.501041412 -4.601967 0.220505 4.010109 0.010824 -0.747260 0.041969 0.663117
1788249635.534377813 -4.608016 0.222709 4.006149 0.011150 -0.747582 0.042602 0.662708
1788249635.567715883 -4.614096 0.220726 4.004589 0.011349 -0.748709 0.042252 0.661454
1788249635.601061344 -4.618745 0.221726 4.003775 0.011278 -0.750007 0.042469 0.659968
1788249635.634406567 -4.624128 0.221212 4.000841 0.010904 -0.751174 0.042339 0.658655
1788249635.667751789 -4.628874 0.222059 3.996474 0.011237 -0.752109 0.042554 0.657567
1788249635.701097250 -4.633797 0.219164 3.995033 0.011187 -0.753681 0.042008 0.655802
1788249635.734442949 -4.638820 0.220178 3.992208 0.011191 -0.755069 0.042270 0.654185
1788249635.767788410 -4.644498 0.221353 3.988401 0.011295 -0.756254 0.042671 0.652787
1788249635.801133871 -4.650182 0.215388 3.993374 0.010281 -0.758714 0.041599 0.650013
1788249635.834479809 -4.655122 0.216280 3.986998 0.010251 -0.759643 0.042161 0.648892
1788249635.867824316 -4.660225 0.215779 3.982511 0.010476 -0.760953 0.042290 0.647343
1788249635.901170015 -4.665301 0.216622 3.981625 0.010461 -0.762837 0.042498 0.645108
1788249635.934515715 -4.669757 0.217126 3.976916 0.010462 -0.764044 0.042705 0.643665
1788249635.967861414 -4.674409 0.215918 3.971720 0.010515 -0.765308 0.042269 0.642189
1788249636.001207352 -4.679165 0.216305 3.968524 0.010424 -0.767291 0.042305 0.639817
1788249636.034553289 -4.682479 0.215105 3.963631 0.010638 -0.769187 0.042192 0.637541
1788249636.067898989 -4.686455 0.216570 3.960778 0.010954 -0.771120 0.042693 0.635162
1788249636.101244926 -4.688025 0.216229 3.955411 0.011096 -0.772607 0.042666 0.633353
1788249636.134591103 -4.692097 0.218512 3.950094 0.011299 -0.774510 0.043334 0.630975
1788249636.167937040 -4.693098 0.215814 3.945017 0.011336 -0.776196 0.042688 0.628943
1788249636.201283455 -4.701371 0.217941 3.940456 0.011347 -0.778640 0.043453 0.625861
1788249636.234629154 -4.701264 0.217714 3.935645 0.011382 -0.780290 0.043407 0.623806
1788249636.267975569 -4.703795 0.215164 3.932498 0.010934 -0.782252 0.042890 0.621387
1788249636.301321745 -4.710511 0.219439 3.927267 0.011727 -0.784250 0.043800 0.618786
1788249636.334667206 -4.714389 0.216848 3.924526 0.011516 -0.786646 0.043304 0.615776
1788249636.368013144 -4.718422 0.217651 3.919268 0.011783 -0.788784 0.043444 0.613020
1788249636.401359797 -4.720634 0.218177 3.912482 0.011735 -0.790501 0.043736 0.610785
1788249636.434706211 -4.724601 0.217806 3.910317 0.011819 -0.792821 0.043855 0.607760
1788249636.468052626 -4.726670 0.217626 3.907269 0.011939 -0.794928 0.044111 0.604980
1788249636.501399040 -4.729702 0.213919 3.902783 0.011566 -0.797090 0.043820 0.602158
1788249636.534745693 -4.734173 0.217727 3.899143 0.011978 -0.799337 0.044855 0.599087
1788249636.568092346 -4.738377 0.216416 3.892914 0.011896 -0.801239 0.044816 0.596546
1788249636.601441383 -4.740219 0.214164 3.890811 0.011832 -0.803384 0.044557 0.593675
1788249636.634790421 -4.746656 0.214501 3.887152 0.012148 -0.805737 0.045007 0.590436
1788249636.668139935 -4.746132 0.214194 3.880254 0.012501 -0.807361 0.045079 0.588200
1788249636.701488972 -4.750190 0.216137 3.877336 0.012754 -0.809561 0.045559 0.585126
1788249636.734838009 -4.753074 0.214524 3.870911 0.012560 -0.811362 0.045477 0.582637
1788249636.768186808 -4.755378 0.215277 3.868444 0.012768 -0.813463 0.045733 0.579675
1788249636.801536322 -4.757639 0.212623 3.863446 0.012703 -0.815390 0.045422 0.576988
1788249636.834885597 -4.759542 0.214448 3.858204 0.012619 -0.817230 0.046168 0.574320
1788249636.868235111 -4.762926 0.214392 3.855314 0.012871 -0.819332 0.046302 0.571302
1788249636.901584864 -4.765638 0.215183 3.851171 0.012814 -0.820900 0.047066 0.568985
1788249636.934934378 -4.768478 0.213797 3.847571 0.012932 -0.822056 0.047120 0.567307
1788249636.968284369 -4.769705 0.213780 3.843177 0.013245 -0.823300 0.046906 0.565510
1788249637.001633883 -4.775721 0.212031 3.837060 0.013216 -0.824964 0.046389 0.563123
1788249637.034983873 -4.781113 0.215397 3.833304 0.013488 -0.826606 0.047033 0.560650
1788249637.068333626 -4.784162 0.212992 3.828812 0.012837 -0.827969 0.046867 0.558664
1788249637.101683617 -4.788420 0.211803 3.824826 0.012969 -0.829440 0.046686 0.556491
1788249637.135033369 -4.790942 0.211735 3.820795 0.012860 -0.830893 0.046992 0.554295
1788249637.168383360 -4.796483 0.211256 3.817366 0.012772 -0.832689 0.047040 0.551591
1788249637.201733589 -4.800600 0.210383 3.812123 0.012784 -0.834135 0.046800 0.549423
1788249637.235082626 -4.804421 0.210521 3.807447 0.013069 -0.835493 0.046627 0.547363
1788249637.268433094 -4.807292 0.211365 3.801946 0.013476 -0.837052 0.046783 0.544953
1788249637.301783085 -4.810848 0.211323 3.795461 0.013546 -0.838668 0.047114 0.542432
1788249637.335133314 -4.813759 0.211118 3.790673 0.013431 -0.840201 0.047324 0.540039
1788249637.368483782 -4.816669 0.209619 3.787980 0.013251 -0.841858 0.047234 0.537466
1788249637.401834011 -4.820142 0.209481 3.784064 0.013490 -0.843432 0.047662 0.534948
1788249637.435184479 -4.824243 0.208945 3.778454 0.013767 -0.845027 0.048082 0.532379
1788249637.468535185 -4.826984 0.210580 3.774614 0.013831 -0.846554 0.048800 0.529881
1788249637.501885653 -4.829527 0.208325 3.769882 0.013420 -0.847879 0.048651 0.527782
1788249637.535236120 -4.833719 0.208712 3.766081 0.013541 -0.849395 0.049068 0.525297
1788249637.568586826 -4.836272 0.207588 3.762479 0.013344 -0.851100 0.048904 0.522550
1788249637.601932049 -4.841088 0.209771 3.755670 0.013753 -0.853296 0.049273 0.518912
1788249637.635277748 -4.842070 0.209885 3.750484 0.014193 -0.855477 0.049254 0.515298
1788249637.668622255 -4.841125 0.208229 3.745620 0.013434 -0.857456 0.049575 0.511988
1788249637.701967716 -4.844691 0.208870 3.740560 0.013895 -0.859522 0.050091 0.508448
1788249637.735313177 -4.846318 0.208442 3.735644 0.013931 -0.861769 0.050354 0.504604
1788249637.768658876 -4.848823 0.210136 3.728563 0.014276 -0.864028 0.050836 0.500666
1788249637.802004337 -4.850144 0.207423 3.723576 0.013725 -0.866320 0.050193 0.496772
1788249637.835349798 -4.849113 0.205772 3.716907 0.013647 -0.868201 0.049712 0.493527
1788249637.868695736 -4.850406 0.205518 3.712211 0.013828 -0.870357 0.049688 0.489713
1788249637.902041435 -4.851078 0.204547 3.705445 0.014059 -0.872311 0.049739 0.486212
1788249637.935386658 -4.850736 0.204512 3.699278 0.013571 -0.874254 0.050052 0.482692
1788249637.968732595 -4.853862 0.206160 3.694478 0.014170 -0.876474 0.050512 0.478583
1788249638.002078295 -4.854246 0.204812 3.688071 0.013870 -0.878474 0.050545 0.474906
1788249638.035423994 -4.854556 0.204759 3.682145 0.014182 -0.880461 0.050440 0.471216
1788249638.068769932 -4.854212 0.203452 3.678828 0.013700 -0.882645 0.050384 0.467132
1788249638.102114677 -4.854274 0.203174 3.673311 0.013675 -0.884477 0.050342 0.463658
1788249638.135460138 -4.855288 0.202878 3.668336 0.013917 -0.886505 0.050426 0.459752
1788249638.168806314 -4.855049 0.202557 3.662202 0.014346 -0.888430 0.050496 0.456000
1788249638.202152252 -4.854808 0.202752 3.656402 0.014364 -0.890341 0.050641 0.452241
1788249638.235497952 -4.854415 0.203084 3.650436 0.014376 -0.892162 0.050729 0.448627
1788249638.268843889 -4.855641 0.202807 3.645689 0.014502 -0.894240 0.050732 0.444468
1788249638.302189827 -4.855241 0.202788 3.639824 0.014604 -0.896088 0.050878 0.440710
1788249638.335535765 -4.855372 0.202067 3.634168 0.014312 -0.898056 0.050947 0.436686
1788249638.368881702 -4.855256 0.206752 3.620268 0.015757 -0.899205 0.051491 0.434202
1788249638.402227640 -4.854829 0.205301 3.614979 0.015535 -0.901031 0.051344 0.430424
1788249638.435573578 -4.855358 0.205531 3.608949 0.015762 -0.902895 0.051557 0.426466
1788249638.468919754 -4.855668 0.204647 3.603693 0.015920 -0.904841 0.051490 0.422325
1788249638.502265692 -4.854744 0.204445 3.598799 0.015839 -0.906710 0.051464 0.418303
1788249638.535611868 -4.855683 0.203797 3.593120 0.015669 -0.908431 0.051811 0.414515
1788249638.568956852 -4.855754 0.204040 3.587604 0.015808 -0.909836 0.052511 0.411328
1788249638.602303028 -4.855700 0.203842 3.581963 0.015949 -0.911462 0.052402 0.407721
1788249638.635649681 -4.857465 0.204861 3.575010 0.015735 -0.913723 0.052328 0.402646
1788249638.668995857 -4.858236 0.203388 3.567924 0.015670 -0.915632 0.051942 0.398340
1788249638.702342510 -4.857257 0.203128 3.562088 0.015921 -0.917213 0.052178 0.394643
1788249638.735688925 -4.858195 0.202862 3.555885 0.015934 -0.919062 0.052457 0.390282
1788249638.769035578 -4.858539 0.203532 3.549093 0.015827 -0.920806 0.052654 0.386127
1788249638.802381992 -4.859073 0.203340 3.543020 0.015659 -0.922676 0.052606 0.381650
1788249638.835728645 -4.858210 0.202347 3.535466 0.015688 -0.924251 0.052433 0.377843
1788249638.869075298 -4.860046 0.201306 3.529765 0.015312 -0.926143 0.052437 0.373196
1788249638.902421951 -4.861934 0.201664 3.523206 0.015182 -0.927909 0.052588 0.368768
1788249638.935768604 -4.860741 0.200434 3.516558 0.015450 -0.929509 0.052469 0.364721
1788249638.969115257 -4.861986 0.201122 3.508989 0.015770 -0.931383 0.052772 0.359850
1788249639.002460957 -4.861555 0.200739 3.502383 0.015535 -0.933047 0.052584 0.355553
1788249639.035807848 -4.862471 0.201718 3.494858 0.015634 -0.934718 0.052899 0.351084
1788249639.069154739 -4.863812 0.200927 3.488169 0.015877 -0.936420 0.052841 0.346516
1788249639.102501392 -4.865406 0.199695 3.480869 0.015617 -0.938125 0.052734 0.341900
1788249639.135848284 -4.865105 0.199934 3.473644 0.015525 -0.939594 0.052594 0.337870
1788249639.169195175 -4.865091 0.199091 3.467189 0.015583 -0.941245 0.052820 0.333203
1788249639.202542543 -4.864465 0.198582 3.458313 0.015812 -0.942810 0.052451 0.328799
1788249639.235889196 -4.867675 0.199803 3.452607 0.015224 -0.944533 0.052844 0.323779
1788249639.269236088 -4.867245 0.199066 3.445459 0.015084 -0.945983 0.052533 0.319577
1788249639.302583456 -4.868225 0.198122 3.439556 0.015188 -0.947466 0.052767 0.315107
1788249639.335930109 -4.869085 0.198218 3.433612 0.014765 -0.948738 0.053021 0.311235
1788249639.369277477 -4.870345 0.198188 3.427708 0.014693 -0.949808 0.053085 0.307947
1788249639.402624607 -4.869717 0.197012 3.420514 0.014930 -0.950795 0.053022 0.304885
1788249639.435971022 -4.871675 0.197595 3.412488 0.015170 -0.951996 0.053081 0.301091
1788249639.469317913 -4.873595 0.197786 3.405878 0.014982 -0.953145 0.052766 0.297498
1788249639.502665281 -4.875741 0.196903 3.398514 0.014762 -0.954132 0.052698 0.294341
1788249639.536012650 -4.868131 0.192571 3.395351 0.013409 -0.955246 0.052143 0.290871
1788249639.569360018 -4.868330 0.192384 3.387932 0.013148 -0.956124 0.052074 0.287996
1788249639.602694035 -4.871360 0.192376 3.381376 0.013173 -0.957055 0.051909 0.284917
1788249639.636028290 -4.874018 0.192008 3.373797 0.013538 -0.957881 0.051981 0.282097
1788249639.669362307 -4.873350 0.190998 3.365568 0.013583 -0.958677 0.051592 0.279450
1788249639.702696085 -4.874947 0.190750 3.358020 0.013189 -0.959471 0.051337 0.276780
1788249639.736029863 -4.876383 0.191567 3.351126 0.013268 -0.960225 0.051222 0.274170
1788249639.769363880 -4.878154 0.190966 3.344064 0.013240 -0.960969 0.051306 0.271535
1788249639.802697659 -4.880094 0.189969 3.337846 0.013025 -0.961689 0.051426 0.268961
1788249639.836031199 -4.881069 0.190334 3.331416 0.012877 -0.962343 0.051381 0.266626
1788249639.869364738 -4.882930 0.189593 3.324384 0.013058 -0.963002 0.051066 0.264289
1788249639.902697325 -4.883235 0.188508 3.317019 0.013299 -0.963594 0.050998 0.262126
1788249639.936030865 -4.885407 0.188111 3.309503 0.013189 -0.964257 0.050703 0.259738
1788249639.969364405 -4.885982 0.187565 3.305813 0.012522 -0.965088 0.050400 0.256726
1788249640.002697468 -4.885671 0.185550 3.299819 0.012234 -0.965651 0.049794 0.254735
1788249640.036030769 -4.888424 0.186443 3.292062 0.012534 -0.966179 0.050098 0.252650
1788249640.069364071 -4.889818 0.185877 3.284899 0.012281 -0.966738 0.050056 0.250524
1788249640.102697372 -4.891513 0.184689 3.278712 0.011912 -0.967333 0.049581 0.248328
1788249640.136030436 -4.892961 0.185708 3.270985 0.012682 -0.967845 0.049629 0.246275
1788249640.169363260 -4.892530 0.184992 3.263971 0.012840 -0.968423 0.049391 0.244034
1788249640.202696323 -4.893316 0.185488 3.256552 0.012701 -0.969071 0.049211 0.241492
1788249640.236029387 -4.894519 0.184491 3.249524 0.012614 -0.969731 0.048715 0.238934
1788249640.269362211 -4.895446 0.184670 3.242920 0.012529 -0.970331 0.048746 0.236484
1788249640.302695036 -4.897362 0.183852 3.236886 0.012304 -0.970916 0.048904 0.234049
1788249640.336026430 -4.898380 0.184539 3.230291 0.012145 -0.971430 0.049262 0.231838
1788249640.369359255 -4.900562 0.183123 3.224389 0.011731 -0.971967 0.049206 0.229610
1788249640.402691603 -4.901033 0.182790 3.217640 0.011987 -0.972451 0.049219 0.227536
1788249640.436024189 -4.901495 0.185312 3.206079 0.013228 -0.972993 0.049329 0.225115
1788249640.469357014 -4.901122 0.184713 3.198757 0.013200 -0.973562 0.049082 0.222698
1788249640.502689123 -4.901728 0.185819 3.192019 0.013253 -0.974095 0.048919 0.220388
1788249640.536021471 -4.902194 0.185105 3.185438 0.013121 -0.974612 0.048875 0.218108
1788249640.569353580 -4.903350 0.184513 3.179190 0.012952 -0.975153 0.049161 0.215621
1788249640.602687597 -4.905447 0.184187 3.172716 0.012667 -0.975708 0.049122 0.213122
1788249640.636021614 -4.905690 0.184895 3.166296 0.012392 -0.976147 0.049196 0.211102
1788249640.669355631 -4.907652 0.184220 3.158710 0.012510 -0.976638 0.048954 0.208867
1788249640.702689409 -4.907927 0.184031 3.151962 0.012789 -0.977166 0.048775 0.206409
1788249640.736023188 -4.908070 0.184141 3.145123 0.012755 -0.977725 0.048484 0.203814
1788249640.769355774 -4.908531 0.183411 3.138200 0.012315 -0.978264 0.047995 0.201356
1788249640.802689314 -4.911394 0.183239 3.130668 0.012190 -0.978800 0.047909 0.198765
1788249640.836022854 -4.911811 0.183829 3.124135 0.012294 -0.979275 0.048081 0.196358
1788249640.869356394 -4.911606 0.183414 3.118250 0.011943 -0.979745 0.047955 0.194056
1788249640.902689934 -4.913911 0.182301 3.110930 0.011767 -0.980219 0.047663 0.191732
1788249640.936023235 -4.912405 0.182482 3.104252 0.012236 -0.980616 0.047672 0.189658
1788249640.969356298 -4.912039 0.182157 3.097443 0.012529 -0.981057 0.047798 0.187313
1788249641.002689600 -4.912808 0.181606 3.091222 0.012363 -0.981550 0.047719 0.184742
1788249641.036022663 -4.913489 0.181036 3.084328 0.012376 -0.981969 0.047808 0.182476
1788249641.069355965 -4.911875 0.181839 3.078268 0.012600 -0.982362 0.048422 0.180171
1788249641.102688789 -4.913562 0.181209 3.072484 0.012421 -0.982860 0.048587 0.177402
1788249641.136021614 -4.914821 0.180570 3.066590 0.012130 -0.983310 0.048747 0.174867
1788249641.169354677 -4.913869 0.179748 3.060477 0.011845 -0.983674 0.048860 0.172796
1788249641.202686310 -4.916675 0.183787 3.051434 0.012332 -0.984098 0.049967 0.170006
1788249641.236019135 -4.916407 0.182423 3.045180 0.012331 -0.984496 0.050075 0.167658
1788249641.269351721 -4.915906 0.182822 3.038102 0.012516 -0.984891 0.050052 0.165310
1788249641.302684546 -4.916395 0.181449 3.031855 0.012446 -0.985329 0.049799 0.162766
1788249641.336016893 -4.915402 0.181078 3.025449 0.012511 -0.985714 0.049856 0.160395
1788249641.369349480 -4.915095 0.180228 3.019174 0.012160 -0.986131 0.049908 0.157821
1788249641.402681828 -4.917013 0.181015 3.011954 0.012100 -0.986526 0.049897 0.155339
1788249641.436014175 -4.915514 0.181308 3.005603 0.011803 -0.986864 0.049916 0.153193
1788249641.469346762 -4.916003 0.180104 2.998387 0.011844 -0.987230 0.049644 0.150905
1788249641.502678871 -4.916148 0.181051 2.991551 0.012115 -0.987585 0.049833 0.148480
1788249641.536010981 -4.916111 0.179692 2.984294 0.011996 -0.987965 0.049518 0.146048
1788249641.569343090 -4.914322 0.180192 2.978222 0.012312 -0.988295 0.049310 0.143840
1788249641.602680922 -4.915514 0.179800 2.971179 0.012233 -0.988640 0.049402 0.141423
1788249641.636018991 -4.915380 0.180008 2.964536 0.012390 -0.988994 0.049410 0.138913
1788249641.669356108 -4.915859 0.179297 2.958149 0.012062 -0.989372 0.049199 0.136295
1788249641.702693939 -4.913868 0.177878 2.951684 0.011919 -0.989689 0.048715 0.134167
1788249641.736032009 -4.912923 0.177766 2.945364 0.012118 -0.989980 0.048685 0.131992
1788249641.769370079 -4.912637 0.178291 2.938831 0.012572 -0.990314 0.048764 0.129394
1788249641.802707911 -4.912119 0.177130 2.931706 0.012627 -0.990652 0.048388 0.126914
1788249641.836045742 -4.912305 0.177687 2.924337 0.012833 -0.990967 0.048235 0.124468
1788249641.869383574 -4.911257 0.176391 2.917749 0.012656 -0.991259 0.048058 0.122210
1788249641.902721643 -4.909409 0.176956 2.911421 0.012659 -0.991558 0.048128 0.119730
1788249641.936059713 -4.909923 0.175657 2.904602 0.012242 -0.991889 0.047927 0.117088
1788249641.969397306 -4.909941 0.175746 2.897565 0.011875 -0.992178 0.047789 0.114706
1788249642.002735138 -4.909840 0.175961 2.891345 0.011758 -0.992451 0.047917 0.112279
1788249642.036072969 -4.906178 0.175984 2.885291 0.011936 -0.992692 0.047947 0.110094
1788249642.069411039 -4.904740 0.177563 2.878671 0.011955 -0.992958 0.048015 0.107637
1788249642.102747917 -4.905272 0.177428 2.872040 0.011873 -0.993231 0.047961 0.105125
1788249642.136085510 -4.904393 0.176302 2.865695 0.011679 -0.993470 0.047883 0.102896
1788249642.169423580 -4.904502 0.176859 2.858670 0.011697 -0.993729 0.048019 0.100301
1788249642.202761412 -4.902020 0.175423 2.852384 0.011226 -0.993990 0.047749 0.097867
1788249642.236099005 -4.901839 0.175171 2.845466 0.011162 -0.994228 0.047545 0.095526
1788249642.269436836 -4.900412 0.175016 2.838801 0.011185 -0.994425 0.047580 0.093429
1788249642.302774668 -4.899246 0.175130 2.832540 0.011444 -0.994638 0.047788 0.091001
1788249642.336112499 -4.898472 0.175612 2.825535 0.011446 -0.994876 0.047634 0.088440
1788249642.369450092 -4.896410 0.173390 2.814031 0.011224 -0.995082 0.047373 0.086263
1788249642.402787685 -4.895282 0.173663 2.807565 0.011418 -0.995280 0.047326 0.083946
1788249642.436125517 -4.894921 0.173844 2.800895 0.011479 -0.995496 0.047349 0.081329
1788249642.469463110 -4.893785 0.174026 2.794868 0.011342 -0.995707 0.047178 0.078820
1788249642.502800941 -4.892328 0.173513 2.786953 0.011185 -0.995904 0.046899 0.076486
1788249642.536137581 -4.889572 0.173470 2.780720 0.011382 -0.996051 0.047064 0.074410
1788249642.569475174 -4.890197 0.172023 2.774598 0.011322 -0.996249 0.047070 0.071720
1788249642.602813482 -4.888216 0.171914 2.767662 0.011005 -0.996426 0.047004 0.069315
1788249642.636152029 -4.886978 0.172056 2.761667 0.011010 -0.996582 0.046991 0.067039
1788249642.669490337 -4.886286 0.173303 2.754709 0.011171 -0.996737 0.047225 0.064496
1788249642.702828407 -4.884733 0.172777 2.748511 0.011081 -0.996904 0.047038 0.062027
1788249642.736166716 -4.884062 0.171577 2.741338 0.011073 -0.997080 0.046598 0.059480
1788249642.769504786 -4.882714 0.171784 2.733827 0.011105 -0.997223 0.046429 0.057168
1788249642.802843332 -4.881224 0.171278 2.727237 0.011354 -0.997357 0.046422 0.054721
1788249642.836181641 -4.878612 0.170978 2.720834 0.011361 -0.997490 0.046315 0.052338
1788249642.869519949 -4.877604 0.170353 2.713734 0.011172 -0.997626 0.046100 0.049916
1788249642.902858019 -4.878184 0.170490 2.708542 0.011007 -0.997742 0.046275 0.047420
1788249642.936196089 -4.877079 0.170707 2.701529 0.010935 -0.997842 0.046560 0.044978
1788249642.969534397 -4.874268 0.170471 2.694729 0.010819 -0.997946 0.046609 0.042593
1788249643.002871752 -4.872952 0.171065 2.688557 0.010925 -0.998048 0.046629 0.040076
1788249643.036209822 -4.871442 0.170885 2.682249 0.010954 -0.998138 0.046584 0.037833
1788249643.069547892 -4.870535 0.169969 2.675612 0.010843 -0.998221 0.046638 0.035536
1788249643.102885962 -4.868837 0.170880 2.669868 0.010825 -0.998298 0.046835 0.033011
1788249643.136224031 -4.867701 0.169448 2.663469 0.010431 -0.998379 0.046758 0.030716
1788249643.169562578 -4.863057 0.168887 2.656810 0.010094 -0.998441 0.046699 0.028859
1788249643.202900410 -4.861722 0.169255 2.650622 0.010126 -0.998490 0.047012 0.026548
1788249643.236238480 -4.859833 0.169029 2.645155 0.009982 -0.998552 0.047028 0.024129
1788249643.269576550 -4.859406 0.168562 2.638927 0.009980 -0.998618 0.046874 0.021567
1788249643.302914619 -4.855743 0.169370 2.631093 0.010291 -0.998647 0.047066 0.019571
1788249643.336252451 -4.854159 0.167881 2.625349 0.010496 -0.998688 0.047075 0.017210
1788249643.369590521 -4.852958 0.168307 2.619128 0.010259 -0.998704 0.047314 0.015727
1788249643.402928591 -4.853416 0.167295 2.612564 0.010073 -0.998716 0.047339 0.014980
1788249643.436265945 -4.853133 0.167256 2.606511 0.010145 -0.998720 0.047501 0.014118
1788249643.469603777 -4.851766 0.167292 2.600907 0.010184 -0.998718 0.047900 0.012819
1788249643.502941608 -4.850112 0.167839 2.592056 0.010484 -0.998721 0.048104 0.011543
1788249643.536279678 -4.848520 0.168534 2.584751 0.010712 -0.998731 0.048061 0.010537
1788249643.569617510 -4.847479 0.167471 2.578580 0.010875 -0.998756 0.047717 0.009604
1788249643.602964640 -4.846928 0.165732 2.571791 0.010942 -0.998780 0.047409 0.008445
1788249643.636311769 -4.845561 0.165863 2.565007 0.010978 -0.998783 0.047513 0.007392
1788249643.669658661 -4.844977 0.165979 2.558897 0.010846 -0.998786 0.047639 0.006314
1788249643.703006029 -4.844802 0.165804 2.552653 0.010728 -0.998796 0.047551 0.005512
1788249643.736353159 -4.844048 0.166871 2.545675 0.010883 -0.998805 0.047402 0.004911
1788249643.769700289 -4.844462 0.164920 2.538680 0.010951 -0.998833 0.046868 0.003907
1788249643.803047895 -4.843095 0.166091 2.531423 0.011091 -0.998833 0.046905 0.002987
1788249643.836395025 -4.842482 0.164788 2.524260 0.011002 -0.998852 0.046566 0.002283
1788249643.869742393 -4.841641 0.165052 2.517708 0.011162 -0.998866 0.046255 0.001756
1788249643.903089046 -4.839747 0.165124 2.511278 0.011500 -0.998859 0.046347 0.001076
1788249643.936436653 -4.839127 0.163747 2.504492 0.011773 -0.998861 0.046230 0.000108
1788249643.969784260 -4.839142 0.163951 2.498637 -0.011670 0.998873 -0.045987 0.000960
1788249644.003132105 -4.837129 0.164484 2.491404 -0.011593 0.998870 -0.046060 0.001606
1788249644.036479712 -4.837868 0.162807 2.484863 -0.011523 0.998870 -0.046036 0.002374
1788249644.069827080 -4.836649 0.163101 2.478271 -0.011576 0.998853 -0.046365 0.002990
1788249644.103175163 -4.837320 0.162829 2.472203 -0.011408 0.998844 -0.046518 0.004024
1788249644.136523008 -4.836621 0.162170 2.466062 -0.011233 0.998835 -0.046699 0.004734
1788249644.169870853 -4.835890 0.162684 2.459699 -0.011152 0.998823 -0.046903 0.005268
1788249644.203218699 -4.835687 0.163388 2.448462 -0.011079 0.998822 -0.046841 0.006195
1788249644.236566782 -4.835089 0.164257 2.441128 -0.011107 0.998810 -0.047000 0.006851
1788249644.269915342 -4.834303 0.163069 2.434947 -0.011222 0.998806 -0.046931 0.007570
1788249644.303263426 -4.832840 0.163046 2.428260 -0.011344 0.998794 -0.047054 0.008197
1788249644.336610317 -4.834093 0.161558 2.422000 -0.011411 0.998795 -0.046879 0.009021
1788249644.369958401 -4.832191 0.162035 2.415110 -0.011310 0.998786 -0.046994 0.009533
1788249644.403307199 -4.831667 0.161856 2.408938 -0.011446 0.998762 -0.047302 0.010246
1788249644.436655521 -4.831709 0.161101 2.402347 -0.011124 0.998745 -0.047605 0.010887
1788249644.470003843 -4.832133 0.160025 2.397110 -0.010862 0.998737 -0.047694 0.011490
1788249644.503352165 -4.831924 0.160948 2.390543 -0.010791 0.998728 -0.047756 0.012048
1788249644.536700726 -4.830451 0.161880 2.382625 -0.010711 0.998734 -0.047539 0.012488
1788249644.570049047 -4.830678 0.161396 2.375561 -0.010664 0.998745 -0.047158 0.013036
1788249644.603384733 -4.830144 0.160357 2.368221 -0.010851 0.998739 -0.047043 0.013806
1788249644.636719942 -4.829655 0.160894 2.361120 -0.010734 0.998732 -0.046964 0.014582
1788249644.670055628 -4.829904 0.160093 2.355173 -0.010587 0.998731 -0.046829 0.015216
1788249644.703390837 -4.828960 0.159714 2.348254 -0.010674 0.998708 -0.047114 0.015744
1788249644.736726046 -4.827208 0.159342 2.343566 -0.011032 0.998671 -0.047583 0.016474
1788249644.770060062 -4.826087 0.159467 2.336676 -0.011035 0.998647 -0.047803 0.017231
1788249644.803395510 -4.825515 0.158729 2.330729 -0.011031 0.998639 -0.047857 0.017545
1788249644.836730480 -4.824737 0.159336 2.324478 -0.010985 0.998632 -0.047900 0.017873
1788249644.870065451 -4.823451 0.159052 2.316798 -0.011046 0.998615 -0.048031 0.018405
1788249644.903400660 -4.821917 0.158634 2.310496 -0.011105 0.998610 -0.047883 0.019018
1788249644.936735392 -4.822860 0.158154 2.302363 -0.010991 0.998608 -0.047623 0.019839
1788249644.970070362 -4.821783 0.157887 2.295986 -0.010876 0.998598 -0.047607 0.020451
1788249645.003405094 -4.821663 0.156904 2.289963 -0.010762 0.998577 -0.047781 0.021113
1788249645.036740303 -4.821692 0.156993 2.283814 -0.010790 0.998535 -0.048258 0.021977
1788249645.070074797 -4.821270 0.156076 2.278274 -0.010765 0.998497 -0.048656 0.022810
1788249645.103409529 -4.820096 0.156229 2.273483 -0.010618 0.998460 -0.049105 0.023541
1788249645.136744022 -4.818892 0.156005 2.267191 -0.010801 0.998431 -0.049330 0.024185
1788249645.170078754 -4.818089 0.155760 2.260861 -0.010770 0.998410 -0.049456 0.024827
1788249645.203412294 -4.817666 0.154965 2.254320 -0.010707 0.998405 -0.049258 0.025413
1788249645.236746550 -4.816162 0.155204 2.247416 -0.010653 0.998385 -0.049455 0.025836
1788249645.270080805 -4.816059 0.154694 2.240251 -0.010349 0.998373 -0.049412 0.026509
1788249645.303415298 -4.816522 0.154940 2.233759 -0.010376 0.998356 -0.049322 0.027304
1788249645.336749792 -4.816513 0.154344 2.227706 -0.010137 0.998344 -0.049279 0.027884
1788249645.370084047 -4.814899 0.153659 2.220819 -0.010048 0.998318 -0.049561 0.028338
1788249645.403418064 -4.815117 0.152913 2.214753 -0.009943 0.998291 -0.049627 0.029203
1788249645.436752319 -4.813566 0.153221 2.207860 -0.010345 0.998271 -0.049595 0.029821
1788249645.470086336 -4.811387 0.153362 2.201543 -0.010410 0.998257 -0.049616 0.030231
1788249645.503420591 -4.809090 0.153564 2.194528 -0.010758 0.998247 -0.049471 0.030658
1788249645.536754608 -4.807741 0.152703 2.187355 -0.011007 0.998220 -0.049492 0.031394
1788249645.570088625 -4.807822 0.152516 2.181283 -0.011233 0.998198 -0.049264 0.032358
1788249645.603423834 -4.806964 0.152500 2.174265 -0.011107 0.998186 -0.049147 0.032968
1788249645.636759758 -4.805952 0.152235 2.166986 -0.011010 0.998171 -0.049184 0.033381
1788249645.670094252 -4.804513 0.152404 2.160581 -0.010975 0.998146 -0.049297 0.033963
1788249645.703429461 -4.804582 0.151619 2.155082 -0.010743 0.998118 -0.049274 0.034882
1788249645.736765146 -4.803434 0.151313 2.148024 -0.010776 0.998096 -0.049309 0.035458
1788249645.770100355 -4.802517 0.151393 2.141488 -0.010578 0.998078 -0.049417 0.035880
1788249645.803435564 -4.802369 0.151541 2.135278 -0.010452 0.998057 -0.049269 0.036685
1788249645.836771250 -4.801908 0.151382 2.129015 -0.010661 0.998027 -0.049341 0.037328
1788249645.870106220 -4.800582 0.151064 2.122639 -0.010605 0.997992 -0.049581 0.037959
1788249645.903441191 -4.798657 0.150429 2.116470 -0.010989 0.997960 -0.049608 0.038653
1788249645.936776638 -4.797485 0.150893 2.110165 -0.010898 0.997932 -0.049662 0.039314
1788249645.970111609 -4.796956 0.149829 2.104077 -0.010860 0.997919 -0.049552 0.039792
1788249646.003446579 -4.796727 0.149497 2.098149 -0.010698 0.997881 -0.049879 0.040397
1788249646.036781788 -4.794832 0.149177 2.092027 -0.010690 0.997857 -0.049904 0.040937
1788249646.070116520 -4.794566 0.148899 2.084544 -0.010597 0.997832 -0.049795 0.041710
1788249646.103450298 -4.794096 0.149078 2.078046 -0.010317 0.997826 -0.049592 0.042150
1788249646.136785030 -4.793354 0.148021 2.071254 -0.010459 0.997816 -0.049259 0.042747
1788249646.170120001 -4.792444 0.147515 2.064278 -0.010563 0.997773 -0.049460 0.043480
1788249646.203454494 -4.791720 0.148200 2.058157 -0.010787 0.997724 -0.049797 0.044174
1788249646.236788988 -4.790915 0.147886 2.051460 -0.010583 0.997692 -0.049862 0.044862
1788249646.270123959 -4.789775 0.148284 2.045463 -0.010679 0.997646 -0.050196 0.045480
1788249646.303458452 -4.786985 0.148114 2.039405 -0.010753 0.997612 -0.050339 0.046047
1788249646.336792946 -4.786489 0.147466 2.033295 -0.010965 0.997576 -0.050205 0.046923
1788249646.370127201 -4.784773 0.146827 2.026233 -0.010794 0.997555 -0.050140 0.047481
1788249646.403461695 -4.783718 0.146091 2.019253 -0.010813 0.997535 -0.050003 0.048025
1788249646.436795950 -4.784440 0.145773 2.012785 -0.010574 0.997510 -0.049810 0.048804
1788249646.470130444 -4.782800 0.146051 2.006076 -0.010642 0.997478 -0.049861 0.049370
1788249646.503464699 -4.781515 0.145895 1.999273 -0.010701 0.997439 -0.049885 0.050118
1788249646.536798716 -4.780069 0.144250 1.991513 -0.010601 0.997405 -0.049756 0.050940
1788249646.570131779 -4.779825 0.143092 1.985656 -0.010603 0.997374 -0.049685 0.051622
1788249646.603472471 -4.778153 0.144234 1.978393 -0.010681 0.997339 -0.049807 0.052157
1788249646.636813164 -4.778029 0.143775 1.972102 -0.010521 0.997303 -0.049640 0.053024
1788249646.670153379 -4.775953 0.143513 1.965712 -0.010654 0.997267 -0.049743 0.053578
1788249646.703494072 -4.775935 0.143090 1.958555 -0.010598 0.997231 -0.049629 0.054368
1788249646.736834764 -4.774060 0.142494 1.952425 -0.010413 0.997214 -0.049464 0.054853
1788249646.770174742 -4.773912 0.142907 1.945791 -0.010280 0.997199 -0.049319 0.055287
1788249646.803515434 -4.774610 0.142142 1.939688 -0.010047 0.997194 -0.049361 0.055373
1788249646.836856127 -4.773333 0.142056 1.931870 -0.010068 0.997194 -0.049453 0.055300
1788249646.870196581 -4.771474 0.141347 1.924661 -0.010138 0.997207 -0.049086 0.055372
1788249646.903537273 -4.771907 0.141219 1.918577 -0.010012 0.997193 -0.049095 0.055640
1788249646.936877728 -4.770862 0.140500 1.911431 -0.010008 0.997197 -0.049071 0.055584
1788249646.970218420 -4.769386 0.140269 1.904732 -0.010249 0.997200 -0.048981 0.055564
1788249647.003557920 -4.768996 0.139696 1.898673 -0.010265 0.997187 -0.049017 0.055763
1788249647.036898613 -4.769133 0.140249 1.892068 -0.010262 0.997158 -0.049393 0.055957
1788249647.070239305 -4.766386 0.139864 1.886188 -0.010612 0.997162 -0.049287 0.055909
1788249647.103579998 -4.766890 0.139285 1.879668 -0.010434 0.997161 -0.049200 0.056035
1788249647.136920452 -4.765875 0.139074 1.872554 -0.010300 0.997160 -0.049419 0.055881
1788249647.170261383 -4.765181 0.138445 1.865872 -0.010358 0.997163 -0.049368 0.055864
1788249647.203602076 -4.765355 0.138302 1.858809 -0.010103 0.997167 -0.049076 0.056101
1788249647.236942530 -4.764922 0.138715 1.851919 -0.010008 0.997171 -0.048934 0.056169
1788249647.270283461 -4.763888 0.138397 1.844563 -0.009914 0.997171 -0.048935 0.056187
1788249647.303623676 -4.764096 0.137807 1.838237 -0.009819 0.997163 -0.048868 0.056401
1788249647.336964607 -4.764212 0.137292 1.833773 -0.009735 0.997139 -0.049110 0.056628
1788249647.370305538 -4.764039 0.136597 1.827943 -0.009787 0.997119 -0.049328 0.056791
1788249647.403645992 -4.762781 0.136199 1.822727 -0.009741 0.997106 -0.049625 0.056771
1788249647.436985970 -4.761723 0.136122 1.816408 -0.009606 0.997104 -0.049747 0.056723
1788249647.470326900 -4.761940 0.134900 1.810095 -0.009396 0.997092 -0.049909 0.056821
1788249647.503667355 -4.761363 0.134746 1.803384 -0.009501 0.997089 -0.050076 0.056707
1788249647.537008286 -4.760339 0.134203 1.796650 -0.009611 0.997109 -0.049880 0.056516
1788249647.570348978 -4.760391 0.134458 1.789022 -0.009607 0.997113 -0.049668 0.056625
1788249647.603697777 -4.757926 0.134816 1.781384 -0.009831 0.997129 -0.049250 0.056663
1788249647.637046814 -4.757754 0.134566 1.774528 -0.009740 0.997135 -0.049028 0.056780
1788249647.670396090 -4.757943 0.134110 1.768032 -0.009577 0.997136 -0.049088 0.056733
1788249647.703745127 -4.756919 0.134014 1.761676 -0.009489 0.997127 -0.049262 0.056748
1788249647.737094164 -4.756714 0.134236 1.755943 -0.009537 0.997097 -0.049538 0.057038
1788249647.770443678 -4.755869 0.133833 1.749647 -0.009551 0.997093 -0.049435 0.057190
1788249647.803792953 -4.754128 0.133401 1.743178 -0.009481 0.997079 -0.049355 0.057517
1788249647.837142467 -4.754959 0.133449 1.737102 -0.009265 0.997059 -0.049484 0.057788
1788249647.870491743 -4.755011 0.132185 1.730115 -0.009161 0.997070 -0.049592 0.057514
1788249647.903840065 -4.753533 0.132616 1.723065 -0.009157 0.997087 -0.049770 0.057071
1788249647.937189817 -4.753076 0.131314 1.716246 -0.009188 0.997095 -0.049468 0.057187
1788249647.970539331 -4.751930 0.131938 1.709230 -0.009082 0.997099 -0.049276 0.057292
1788249648.003889084 -4.752404 0.131389 1.702206 -0.008961 0.997099 -0.049079 0.057478
1788249648.037238598 -4.752848 0.129152 1.698367 -0.008805 0.997111 -0.048915 0.057438
1788249648.070588350 -4.751839 0.129616 1.692055 -0.008945 0.997095 -0.049298 0.057376
1788249648.103938103 -4.750840 0.128866 1.686237 -0.008962 0.997082 -0.049270 0.057618
1788249648.137288094 -4.750031 0.128124 1.679546 -0.009092 0.997060 -0.049145 0.058079
1788249648.170637608 -4.749957 0.128766 1.673377 -0.008805 0.997048 -0.049376 0.058141
1788249648.203987837 -4.748971 0.128265 1.666916 -0.008674 0.997079 -0.049410 0.057597
1788249648.237337828 -4.749853 0.128328 1.659188 -0.008372 0.997079 -0.049295 0.057741
1788249648.270687819 -4.748882 0.127266 1.651921 -0.008499 0.997098 -0.048676 0.057912
1788249648.304038048 -4.748012 0.127675 1.644127 -0.008566 0.997111 -0.048248 0.058047
1788249648.337387085 -4.746941 0.127468 1.636706 -0.008854 0.997131 -0.048040 0.057822
1788249648.370737314 -4.746989 0.127363 1.630891 -0.008675 0.997139 -0.048006 0.057736
1788249648.404087305 -4.745109 0.127026 1.622671 -0.009094 0.997148 -0.048002 0.057524
1788249648.437437773 -4.744749 0.127070 1.616197 -0.009124 0.997134 -0.047963 0.057798
1788249648.470788240 -4.743155 0.126921 1.609378 -0.009193 0.997125 -0.047842 0.058031
1788249648.504138708 -4.741608 0.126291 1.603604 -0.009201 0.997125 -0.047931 0.057960
1788249648.537488937 -4.742469 0.126752 1.597389 -0.008920 0.997125 -0.048221 0.057763
1788249648.570839405 -4.740650 0.126354 1.590781 -0.008936 0.997135 -0.048391 0.057443
1788249648.604183674 -4.741726 0.126131 1.585251 -0.008726 0.997112 -0.048497 0.057789
1788249648.637527704 -4.740304 0.125905 1.578298 -0.008829 0.997107 -0.048495 0.057863
1788249648.670871973 -4.740792 0.125302 1.571948 -0.008873 0.997105 -0.048499 0.057879
1788249648.704216003 -4.738936 0.124346 1.564901 -0.008845 0.997114 -0.048572 0.057681
1788249648.737560272 -4.736463 0.124970 1.560097 -0.009266 0.997103 -0.048860 0.057561
1788249648.770903349 -4.735530 0.124160 1.553144 -0.009337 0.997091 -0.049125 0.057530
1788249648.804247618 -4.734542 0.123598 1.547430 -0.009414 0.997085 -0.049256 0.057498
1788249648.837591648 -4.735188 0.123050 1.541347 -0.009310 0.997073 -0.049210 0.057772
1788249648.870935917 -4.733740 0.123135 1.535439 -0.009382 0.997066 -0.049176 0.057914
1788249648.904280186 -4.733218 0.122333 1.529601 -0.009434 0.997043 -0.049597 0.057927
1788249648.937624693 -4.732977 0.122045 1.523305 -0.009341 0.997047 -0.049848 0.057669
1788249648.970968962 -4.731670 0.121947 1.515569 -0.009448 0.997047 -0.049717 0.057768
1788249649.004313231 -4.730052 0.121981 1.508634 -0.009600 0.997056 -0.049385 0.057871
1788249649.037657499 -4.730045 0.121741 1.501628 -0.009513 0.997074 -0.048925 0.057968
1788249649.071001768 -4.730290 0.120748 1.494402 -0.009376 0.997078 -0.048833 0.057991
1788249649.104346037 -4.727871 0.121601 1.487684 -0.009362 0.997077 -0.049216 0.057680
1788249649.137690544 -4.728385 0.120182 1.481828 -0.009295 0.997057 -0.049332 0.057940
1788249649.171034813 -4.727523 0.120543 1.475317 -0.009368 0.997046 -0.049326 0.058133
1788249649.204378128 -4.726508 0.120370 1.468674 -0.009461 0.997063 -0.048925 0.058153
1788249649.237722397 -4.725870 0.120720 1.462092 -0.009241 0.997065 -0.049216 0.057909
1788249649.271066904 -4.726531 0.119383 1.456629 -0.009085 0.997058 -0.049499 0.057820
1788249649.304411411 -4.724628 0.120817 1.448097 -0.008957 0.997052 -0.049697 0.057769
1788249649.337755919 -4.723491 0.120564 1.440935 -0.008853 0.997059 -0.049471 0.057864
1788249649.371100426 -4.722623 0.120261 1.433666 -0.008850 0.997069 -0.049330 0.057809
1788249649.404444933 -4.722093 0.120138 1.426578 -0.008683 0.997077 -0.049274 0.057738
1788249649.437789202 -4.722569 0.120216 1.420362 -0.008525 0.997064 -0.049429 0.057856
1788249649.471133709 -4.722132 0.119492 1.413310 -0.008488 0.997047 -0.049696 0.057918
1788249649.504478693 -4.720641 0.119113 1.407547 -0.008642 0.997043 -0.049848 0.057849
1788249649.537823200 -4.718920 0.118660 1.402109 -0.008757 0.997038 -0.049964 0.057815
1788249649.571167707 -4.718743 0.119315 1.395610 -0.008855 0.997023 -0.050289 0.057769
1788249649.604505539 -4.719181 0.117200 1.389518 -0.008655 0.997027 -0.050197 0.057810
1788249649.637843370 -4.717508 0.117388 1.382552 -0.008547 0.997033 -0.050279 0.057653
1788249649.671180248 -4.718275 0.117186 1.375420 -0.008495 0.997029 -0.050113 0.057881
1788249649.704518080 -4.717514 0.117781 1.368950 -0.008492 0.997031 -0.050110 0.057844
1788249649.737855911 -4.717569 0.118365 1.362134 -0.008430 0.997018 -0.050233 0.057974
1788249649.771193504 -4.716757 0.116318 1.355583 -0.008279 0.997008 -0.050395 0.058018
1788249649.804531097 -4.716194 0.117558 1.349500 -0.008392 0.996958 -0.051028 0.058308
1788249649.837868690 -4.714380 0.117212 1.344033 -0.008380 0.996936 -0.051397 0.058364
1788249649.871206760 -4.714611 0.116342 1.337920 -0.008335 0.996923 -0.051400 0.058590
1788249649.904544353 -4.714160 0.115953 1.331437 -0.008260 0.996937 -0.051263 0.058491
1788249649.937881947 -4.714492 0.115665 1.325742 -0.007992 0.996944 -0.051530 0.058167
1788249649.971219301 -4.713396 0.118322 1.319314 -0.008016 0.996915 -0.052289 0.057982
1788249650.004556894 -4.714280 0.115458 1.311639 -0.007609 0.996924 -0.051983 0.058161
1788249650.037894726 -4.713248 0.116718 1.305788 -0.007708 0.996922 -0.052045 0.058128
1788249650.071232080 -4.713130 0.116548 1.298136 -0.007776 0.996922 -0.051996 0.058167
1788249650.104568720 -4.712018 0.116819 1.292040 -0.007932 0.996922 -0.052010 0.058130
1788249650.137906075 -4.711328 0.116548 1.286383 -0.007884 0.996912 -0.052030 0.058278
1788249650.171243668 -4.711704 0.114959 1.278519 -0.007880 0.996910 -0.051991 0.058354
1788249650.204581261 -4.709112 0.114666 1.272642 -0.008057 0.996925 -0.051978 0.058081
1788249650.237918615 -4.707126 0.114806 1.266944 -0.008262 0.996918 -0.052098 0.058076
1788249650.271255970 -4.706604 0.115931 1.260362 -0.008295 0.996915 -0.052135 0.058082
1788249650.304593325 -4.705331 0.115223 1.254399 -0.008427 0.996921 -0.052123 0.057976
1788249650.337930679 -4.705557 0.114121 1.247000 -0.008325 0.996930 -0.051861 0.058060
1788249650.371268034 -4.704097 0.113453 1.240937 -0.008272 0.996937 -0.051697 0.058108
1788249650.404605389 -4.703161 0.113083 1.233600 -0.008202 0.996942 -0.051578 0.058129
1788249650.437942266 -4.702143 0.113669 1.227412 -0.008335 0.996954 -0.051496 0.057971
1788249650.471280098 -4.701288 0.110249 1.219691 -0.008099 0.996960 -0.051397 0.057995
1788249650.504616976 -4.700949 0.110700 1.213121 -0.008118 0.996933 -0.051798 0.058094
1788249650.537953138 -4.700169 0.110019 1.206814 -0.008069 0.996930 -0.051891 0.058073
1788249650.571290493 -4.698355 0.109215 1.201411 -0.008255 0.996941 -0.051744 0.057986
1788249650.604633093 -4.697530 0.110950 1.195364 -0.008557 0.996920 -0.052043 0.058043
1788249650.637975693 -4.697053 0.110658 1.187590 -0.008645 0.996924 -0.051991 0.058009
1788249650.671318054 -4.698386 0.108707 1.180088 -0.008525 0.996921 -0.051750 0.058287
1788249650.704660892 -4.695583 0.108785 1.173679 -0.008866 0.996938 -0.051653 0.058039
1788249650.738003254 -4.693528 0.110897 1.167973 -0.009165 0.996936 -0.051737 0.057953
1788249650.771346092 -4.692696 0.108916 1.161558 -0.008969 0.996948 -0.051405 0.058074
1788249650.804688454 -4.692399 0.107866 1.153555 -0.008887 0.996957 -0.051249 0.058069
1788249650.838031292 -4.692513 0.109393 1.145747 -0.008840 0.996941 -0.051569 0.058058
1788249650.871373653 -4.693265 0.111032 1.137889 -0.008986 0.996912 -0.051951 0.058195
1788249650.904716253 -4.691435 0.109829 1.133910 -0.008920 0.996912 -0.052004 0.058154
1788249650.938058615 -4.690432 0.109802 1.127211 -0.009072 0.996906 -0.052035 0.058208
1788249650.971401215 -4.690296 0.109336 1.120795 -0.009022 0.996906 -0.052002 0.058253
1788249651.004742861 -4.690134 0.108529 1.114370 -0.008825 0.996898 -0.052241 0.058194
1788249651.038085222 -4.687997 0.107607 1.109433 -0.008752 0.996901 -0.052359 0.058052
1788249651.071428061 -4.688331 0.108112 1.101617 -0.008601 0.996892 -0.052477 0.058127
1788249651.104770422 -4.688979 0.106331 1.092215 -0.008405 0.996884 -0.052294 0.058456
1788249651.138112783 -4.690283 0.107253 1.084821 -0.008153 0.996871 -0.052454 0.058565
1788249651.171455383 -4.686821 0.106594 1.079506 -0.008284 0.996891 -0.052433 0.058236
1788249651.204797983 -4.685948 0.106222 1.073107 -0.008304 0.996881 -0.052576 0.058261
1788249651.238140345 -4.685202 0.107524 1.067786 -0.008581 0.996855 -0.052902 0.058375
1788249651.271482706 -4.686426 0.105561 1.059935 -0.008465 0.996848 -0.052828 0.058587
1788249651.304825306 -4.683042 0.105663 1.053820 -0.008637 0.996874 -0.052674 0.058248
1788249651.338167906 -4.680903 0.106369 1.048402 -0.008929 0.996877 -0.052713 0.058121
1788249651.371510267 -4.681134 0.105660 1.040648 -0.008816 0.996865 -0.052812 0.058250
1788249651.404852629 -4.681548 0.105334 1.032760 -0.008775 0.996870 -0.052674 0.058303
1788249651.438194275 -4.678464 0.106261 1.028139 -0.008939 0.996875 -0.052657 0.058202
1788249651.471536636 -4.678981 0.103641 1.020802 -0.008746 0.996886 -0.052161 0.058483
1788249651.504878998 -4.678465 0.104513 1.013992 -0.008720 0.996895 -0.052046 0.058450
1788249651.538221359 -4.679165 0.102821 1.005868 -0.008575 0.996905 -0.051643 0.058649
1788249651.571563959 -4.674656 0.104173 1.000476 -0.008664 0.996921 -0.051854 0.058169
1788249651.604912758 -4.676044 0.102464 0.994607 -0.008686 0.996906 -0.051822 0.058466
1788249651.638261795 -4.676392 0.103711 0.987009 -0.008620 0.996900 -0.051837 0.058553
1788249651.671610832 -4.677399 0.102750 0.980461 -0.008582 0.996899 -0.051721 0.058688
1788249651.704959869 -4.675481 0.102134 0.973737 -0.008583 0.996907 -0.051779 0.058489
1788249651.738308907 -4.673606 0.102169 0.967560 -0.008670 0.996911 -0.051761 0.058434
1788249651.771658182 -4.674421 0.102997 0.958347 -0.008380 0.996899 -0.051682 0.058744
1788249651.805007219 -4.675299 0.102674 0.950544 -0.008244 0.996905 -0.051392 0.058924
1788249651.838356256 -4.675177 0.103124 0.943764 -0.008188 0.996912 -0.051135 0.059023
1788249651.871705770 -4.672858 0.102089 0.937047 -0.008142 0.996936 -0.050897 0.058839
1788249651.905054092 -4.672141 0.102049 0.930373 -0.008191 0.996931 -0.051028 0.058805
1788249651.938403368 -4.671319 0.102529 0.923879 -0.008244 0.996923 -0.051309 0.058688
1788249651.971752882 -4.671016 0.100052 0.918234 -0.008195 0.996926 -0.051028 0.058882
1788249652.005102396 -4.669302 0.100837 0.911368 -0.008538 0.996923 -0.051072 0.058852
1788249652.038452148 -4.669207 0.101441 0.903802 -0.008373 0.996918 -0.051089 0.058938
1788249652.071801424 -4.669346 0.099814 0.896731 -0.008319 0.996923 -0.050871 0.059058
1788249652.105151415 -4.667494 0.100907 0.890697 -0.008334 0.996932 -0.050822 0.058949
1788249652.138500690 -4.668130 0.101471 0.882482 -0.008449 0.996931 -0.050556 0.059168
1788249652.171850443 -4.665888 0.100070 0.875680 -0.008526 0.996955 -0.050092 0.059154
1788249652.205200195 -4.665662 0.100940 0.867811 -0.008592 0.996946 -0.050220 0.059192
1788249652.238550186 -4.663177 0.099776 0.861611 -0.008436 0.996952 -0.050245 0.059080
1788249652.271899939 -4.663645 0.100362 0.854849 -0.008267 0.996926 -0.050679 0.059175
1788249652.305250168 -4.662764 0.099843 0.849564 -0.008257 0.996909 -0.050956 0.059226
1788249652.338598967 -4.664483 0.100748 0.841658 -0.008318 0.996882 -0.051222 0.059438
1788249652.371949196 -4.662607 0.101021 0.835824 -0.008492 0.996881 -0.051401 0.059284
1788249652.405299425 -4.659357 0.098273 0.831491 -0.008300 0.996902 -0.051328 0.059010
1788249652.438649178 -4.660308 0.097765 0.822588 -0.008201 0.996899 -0.051400 0.059012
1788249652.471999407 -4.660191 0.099624 0.816321 -0.008297 0.996900 -0.051309 0.059068
1788249652.505349636 -4.658745 0.098565 0.809548 -0.008158 0.996909 -0.051050 0.059154
1788249652.538700104 -4.659065 0.097207 0.801912 -0.008244 0.996917 -0.050708 0.059303
1788249652.572050333 -4.657389 0.097698 0.795022 -0.008308 0.996934 -0.050521 0.059170
1788249652.605396032 -4.657070 0.098079 0.789350 -0.008246 0.996938 -0.050477 0.059143
1788249652.638748646 -4.655791 0.096000 0.782972 -0.008163 0.996949 -0.050414 0.059035
1788249652.672100544 -4.653801 0.097843 0.776096 -0.008243 0.996927 -0.050701 0.059138
1788249652.705452681 -4.651968 0.097926 0.768407 -0.008532 0.996926 -0.050687 0.059135
1788249652.738805294 -4.651533 0.098121 0.762127 -0.008611 0.996928 -0.050816 0.058978
1788249652.772156715 -4.651620 0.095743 0.755687 -0.008339 0.996943 -0.050640 0.058904
1788249652.805509567 -4.650979 0.097696 0.749154 -0.008261 0.996921 -0.050981 0.058995
1788249652.838862181 -4.651453 0.096034 0.742178 -0.008239 0.996925 -0.050704 0.059173
1788249652.872214794 -4.649636 0.095910 0.735569 -0.008262 0.996938 -0.050647 0.058995
1788249652.905567884 -4.649417 0.094762 0.728364 -0.008055 0.996948 -0.050503 0.058977
1788249652.938920736 -4.648729 0.093229 0.721274 -0.008039 0.996972 -0.050154 0.058881
1788249652.972273827 -4.647934 0.093424 0.715080 -0.007971 0.996970 -0.050228 0.058857
1788249653.005626917 -4.647940 0.093271 0.707901 -0.008254 0.996961 -0.050207 0.058997
1788249653.038980484 -4.646181 0.094719 0.701232 -0.008481 0.996949 -0.050446 0.058953
1788249653.072333574 -4.645752 0.094102 0.693958 -0.008740 0.996953 -0.050295 0.058983
1788249653.105687141 -4.643523 0.090048 0.688427 -0.008445 0.997003 -0.049679 0.058701
1788249653.139040709 -4.645661 0.095429 0.678680 -0.008564 0.996964 -0.050189 0.058912
1788249653.172394037 -4.645536 0.094275 0.671900 -0.008459 0.996963 -0.049972 0.059124
1788249653.205747843 -4.644923 0.094882 0.664824 -0.008669 0.996966 -0.049841 0.059159
1788249653.239100695 -4.641416 0.094575 0.658749 -0.008831 0.997000 -0.049603 0.058755
1788249653.272454739 -4.642136 0.094351 0.650616 -0.009026 0.997014 -0.049262 0.058783
1788249653.305808783 -4.638926 0.091856 0.644415 -0.008951 0.997049 -0.048877 0.058517
1788249653.339162827 -4.640008 0.093612 0.636851 -0.009197 0.997012 -0.049189 0.058842
1788249653.372516870 -4.637923 0.092373 0.630225 -0.009338 0.997015 -0.049152 0.058797
1788249653.405871153 -4.636973 0.090872 0.623754 -0.009490 0.997016 -0.049093 0.058813
1788249653.439225674 -4.636624 0.093047 0.617527 -0.009552 0.996997 -0.049548 0.058744
1788249653.472580194 -4.637538 0.090440 0.610726 -0.009195 0.997004 -0.049457 0.058750
1788249653.505934715 -4.635989 0.089519 0.604732 -0.009038 0.997007 -0.049582 0.058618
1788249653.539289474 -4.637073 0.091958 0.598959 -0.008998 0.996976 -0.050014 0.058790
1788249653.572644234 -4.636918 0.090506 0.592163 -0.009059 0.996967 -0.050022 0.058923
1788249653.605997324 -4.634779 0.092036 0.586374 -0.009225 0.996958 -0.050420 0.058715
1788249653.639348745 -4.635423 0.091031 0.579442 -0.009158 0.996944 -0.050528 0.058867
1788249653.672699213 -4.635396 0.089950 0.573393 -0.009087 0.996920 -0.050776 0.059073
1788249653.706050873 -4.633838 0.089832 0.568319 -0.009322 0.996907 -0.050966 0.059098
1788249653.739402533 -4.632887 0.089040 0.561652 -0.009400 0.996898 -0.051143 0.059085
1788249653.772754431 -4.630338 0.089748 0.555857 -0.009702 0.996883 -0.051533 0.058948
1788249653.806106329 -4.630713 0.088240 0.549472 -0.009751 0.996887 -0.051392 0.058995
1788249653.839458227 -4.630509 0.089028 0.542425 -0.009661 0.996880 -0.051600 0.058939
1788249653.872810125 -4.630189 0.088549 0.534931 -0.009551 0.996884 -0.051398 0.059072
1788249653.906162262 -4.628378 0.089360 0.529207 -0.009770 0.996870 -0.051476 0.059199
1788249653.939514399 -4.626951 0.085214 0.520836 -0.009741 0.996912 -0.050709 0.059168
1788249653.972867012 -4.626732 0.085899 0.514184 -0.009532 0.996917 -0.050697 0.059123
1788249654.006219149 -4.625921 0.085677 0.507435 -0.009464 0.996915 -0.050856 0.059033
1788249654.039571285 -4.626336 0.082672 0.500441 -0.009412 0.996903 -0.050747 0.059338
1788249654.072923899 -4.624859 0.085178 0.494109 -0.009688 0.996887 -0.051013 0.059336
1788249654.106275558 -4.622108 0.084829 0.489522 -0.010011 0.996891 -0.051046 0.059176
1788249654.139628410 -4.622168 0.084694 0.481639 -0.010009 0.996886 -0.051073 0.059237
1788249654.172981024 -4.621473 0.085165 0.474513 -0.009810 0.996907 -0.050902 0.059067
1788249654.206333876 -4.624183 0.083004 0.466620 -0.009224 0.996915 -0.050513 0.059357
1788249654.239686489 -4.623069 0.083451 0.460374 -0.009098 0.996916 -0.050524 0.059357
1788249654.273039818 -4.621021 0.084075 0.454111 -0.009072 0.996922 -0.050589 0.059198
1788249654.306392670 -4.621223 0.083129 0.447695 -0.009201 0.996916 -0.050459 0.059403
1788249654.339745998 -4.619772 0.082515 0.440731 -0.009148 0.996950 -0.050204 0.059053
1788249654.373099089 -4.620124 0.081264 0.434641 -0.008922 0.996951 -0.050225 0.059048
1788249654.406452656 -4.616570 0.084862 0.429084 -0.009380 0.996903 -0.051030 0.059093
1788249654.439805746 -4.617461 0.083751 0.421656 -0.009656 0.996889 -0.050820 0.059473
1788249654.473159313 -4.617390 0.084345 0.413747 -0.009747 0.996889 -0.050912 0.059378
1788249654.506512642 -4.616325 0.084419 0.406470 -0.009712 0.996901 -0.050907 0.059177
1788249654.539866447 -4.617262 0.084359 0.400068 -0.009338 0.996898 -0.050875 0.059313
1788249654.573219299 -4.618091 0.084289 0.393213 -0.009229 0.996891 -0.050888 0.059436
1788249654.606566906 -4.615233 0.085091 0.387584 -0.009370 0.996890 -0.051120 0.059236
1788249654.639906645 -4.615539 0.083013 0.380897 -0.009184 0.996888 -0.051078 0.059333
1788249654.673246384 -4.612850 0.082621 0.374973 -0.009326 0.996892 -0.051173 0.059168
1788249654.706585646 -4.614245 0.081548 0.366975 -0.009098 0.996870 -0.051337 0.059432
1788249654.739925146 -4.613734 0.080308 0.361268 -0.009007 0.996849 -0.051576 0.059586
1788249654.773264647 -4.611117 0.080063 0.355726 -0.009149 0.996841 -0.051814 0.059502
1788249654.806604385 -4.610440 0.080354 0.349235 -0.009393 0.996826 -0.051995 0.059556
1788249654.839944124 -4.609445 0.079665 0.342975 -0.009257 0.996824 -0.052135 0.059485
1788249654.873283386 -4.609906 0.079366 0.336601 -0.009156 0.996820 -0.052331 0.059394
1788249654.906623363 -4.609771 0.079183 0.329945 -0.008865 0.996822 -0.052441 0.059303
1788249654.939963102 -4.609516 0.078065 0.323460 -0.008707 0.996821 -0.052347 0.059431
1788249654.973302603 -4.608265 0.078458 0.316292 -0.008800 0.996815 -0.052530 0.059350
1788249655.006641150 -4.608145 0.079645 0.310249 -0.009040 0.996809 -0.052586 0.059378
1788249655.039980888 -4.608920 0.078876 0.302372 -0.008926 0.996806 -0.052470 0.059546
1788249655.073320389 -4.605141 0.078836 0.296672 -0.009220 0.996813 -0.052617 0.059246
1788249655.106659889 -4.605669 0.078504 0.290487 -0.009175 0.996797 -0.052762 0.059394
1788249655.139999628 -4.602791 0.079934 0.283821 -0.009632 0.996801 -0.052818 0.059206
1788249655.173339128 -4.599946 0.079691 0.278716 -0.009941 0.996812 -0.052688 0.059090
1788249655.206679106 -4.599377 0.078895 0.270677 -0.010180 0.996818 -0.052582 0.059032
1788249655.240018606 -4.599795 0.079771 0.264126 -0.010062 0.996817 -0.052559 0.059094
1788249655.273358107 -4.598304 0.078784 0.257138 -0.010167 0.996833 -0.052222 0.059102
1788249655.306697845 -4.595720 0.078681 0.249777 -0.010347 0.996839 -0.052184 0.058999
1788249655.340037584 -4.596675 0.078920 0.242846 -0.010219 0.996826 -0.052196 0.059238
1788249655.373377323 -4.596997 0.079362 0.234925 -0.010312 0.996830 -0.052028 0.059306
1788249655.406716824 -4.596237 0.080948 0.228691 -0.010241 0.996815 -0.052474 0.059172
1788249655.440055370 -4.598083 0.079940 0.221201 -0.010133 0.996787 -0.052619 0.059535
1788249655.473395109 -4.596200 0.078423 0.216163 -0.010024 0.996792 -0.052502 0.059566
1788249655.506734848 -4.596909 0.077974 0.208245 -0.010293 0.996772 -0.052527 0.059830
1788249655.540074587 -4.594292 0.077883 0.202641 -0.010552 0.996792 -0.052492 0.059497
1788249655.573414326 -4.592191 0.077170 0.195630 -0.010821 0.996808 -0.052326 0.059327
1788249655.606752396 -4.591429 0.076350 0.187820 -0.010815 0.996812 -0.052166 0.059401
1788249655.640087366 -4.590154 0.075642 0.183376 -0.011101 0.996819 -0.051910 0.059451
1788249655.673422813 -4.588509 0.074101 0.175629 -0.011225 0.996842 -0.051522 0.059377
1788249655.706758022 -4.589321 0.074560 0.170227 -0.011205 0.996827 -0.051425 0.059706
1788249655.740092993 -4.588064 0.073335 0.162593 -0.011192 0.996845 -0.051292 0.059532
1788249655.773428440 -4.587538 0.072921 0.157008 -0.011067 0.996836 -0.051594 0.059449
1788249655.806763411 -4.586431 0.073640 0.150427 -0.010981 0.996829 -0.051784 0.059413
1788249655.840098381 -4.584297 0.074907 0.143410 -0.011273 0.996812 -0.052075 0.059394
1788249655.873433352 -4.585594 0.072167 0.137344 -0.011111 0.996811 -0.051790 0.059690
1788249655.906767130 -4.583824 0.073222 0.131272 -0.011397 0.996814 -0.051908 0.059478
1788249655.940102339 -4.583594 0.071702 0.123420 -0.011250 0.996808 -0.052048 0.059485
1788249655.973436832 -4.582397 0.071066 0.117667 -0.011045 0.996816 -0.052052 0.059387
1788249656.006771564 -4.582098 0.072992 0.109976 -0.010969 0.996794 -0.052286 0.059565
1788249656.040106297 -4.580343 0.072444 0.103588 -0.011024 0.996797 -0.052320 0.059473
1788249656.073441029 -4.578411 0.071617 0.097725 -0.011007 0.996816 -0.052211 0.059245
1788249656.106775522 -4.580200 0.069972 0.091356 -0.010951 0.996810 -0.052015 0.059531
1788249656.140110016 -4.580539 0.071271 0.084296 -0.010865 0.996781 -0.052416 0.059679
1788249656.173444510 -4.576004 0.071782 0.078758 -0.011405 0.996795 -0.052575 0.059200
1788249656.206779003 -4.575004 0.071786 0.071644 -0.011418 0.996797 -0.052428 0.059303
1788249656.240113497 -4.573364 0.070293 0.064939 -0.011580 0.996811 -0.052167 0.059270
1788249656.273447514 -4.573313 0.069275 0.057979 -0.011632 0.996810 -0.052148 0.059295
1788249656.306781769 -4.574158 0.069285 0.051334 -0.011571 0.996799 -0.052173 0.059471
1788249656.340115070 -4.571451 0.069414 0.046208 -0.011853 0.996808 -0.052017 0.059397
1788249656.373449326 -4.570488 0.069739 0.037646 -0.011908 0.996813 -0.051828 0.059470
1788249656.406783342 -4.570300 0.070956 0.030299 -0.011968 0.996808 -0.051777 0.059575
1788249656.440117359 -4.571374 0.068483 0.023247 -0.011838 0.996828 -0.051191 0.059778
1788249656.473451376 -4.570505 0.067776 0.016675 -0.011634 0.996834 -0.051098 0.059793
1788249656.506785393 -4.571209 0.067605 0.009420 -0.011830 0.996816 -0.051246 0.059937
1788249656.540119171 -4.569026 0.067680 0.003654 -0.012046 0.996820 -0.051264 0.059813
1788249656.573452950 -4.566246 0.068134 -0.003894 -0.012216 0.996829 -0.051280 0.059608
1788249656.606787443 -4.566707 0.065008 -0.009352 -0.012088 0.996847 -0.050901 0.059664
1788249656.640122890 -4.564885 0.066658 -0.015930 -0.012167 0.996832 -0.051361 0.059498
1788249656.673458338 -4.564669 0.065293 -0.022326 -0.012079 0.996847 -0.051009 0.059560
1788249656.706793785 -4.563789 0.065798 -0.029249 -0.012075 0.996843 -0.051130 0.059525
1788249656.740129232 -4.564478 0.066891 -0.035948 -0.012291 0.996828 -0.051126 0.059740
1788249656.773463249 -4.563467 0.067072 -0.044715 -0.012156 0.996846 -0.050893 0.059665
1788249656.806798458 -4.564071 0.066717 -0.051065 -0.012177 0.996829 -0.050868 0.059974
1788249656.840133667 -4.561074 0.065486 -0.056311 -0.012297 0.996847 -0.050886 0.059634
1788249656.873468637 -4.559800 0.064976 -0.061108 -0.012289 0.996834 -0.050995 0.059750
1788249656.906803846 -4.557158 0.066018 -0.069149 -0.012385 0.996827 -0.051132 0.059740
1788249656.940138817 -4.557152 0.066305 -0.075923 -0.012561 0.996810 -0.051376 0.059765
1788249656.973473549 -4.557696 0.063829 -0.082649 -0.012545 0.996807 -0.051425 0.059781
1788249657.006808519 -4.555492 0.064164 -0.087819 -0.012435 0.996812 -0.051513 0.059646
1788249657.040143490 -4.557724 0.065496 -0.096170 -0.012413 0.996784 -0.051571 0.060070
1788249657.073478222 -4.554984 0.063533 -0.101917 -0.012419 0.996808 -0.051273 0.059931
1788249657.106812716 -4.558425 0.063786 -0.107493 -0.012451 0.996800 -0.051098 0.060205
1788249657.140147686 -4.559060 0.061069 -0.115229 -0.012050 0.996820 -0.050460 0.060478
1788249657.173482180 -4.558273 0.061047 -0.122066 -0.011907 0.996824 -0.050603 0.060332
1788249657.206816673 -4.557875 0.060148 -0.126541 -0.011811 0.996809 -0.050860 0.060385
1788249657.240150213 -4.555965 0.063059 -0.132679 -0.011961 0.996789 -0.051276 0.060323
1788249657.273484468 -4.556077 0.058902 -0.137250 -0.011884 0.996812 -0.050854 0.060318
1788249657.306818962 -4.554331 0.060355 -0.146109 -0.011734 0.996817 -0.051122 0.060036
1788249657.340153217 -4.555833 0.060789 -0.151661 -0.011552 0.996790 -0.051482 0.060209
1788249657.373487473 -4.553426 0.062476 -0.159034 -0.011335 0.996794 -0.051712 0.059987
1788249657.406821728 -4.554427 0.059689 -0.166167 -0.011225 0.996803 -0.051230 0.060283
1788249657.440155745 -4.554365 0.058721 -0.173591 -0.011332 0.996817 -0.050904 0.060295
1788249657.473490000 -4.548348 0.060617 -0.179974 -0.011680 0.996861 -0.050782 0.059614
1788249657.506824017 -4.547995 0.062241 -0.188340 -0.011858 0.996854 -0.050740 0.059723
1788249657.540158033 -4.546510 0.058657 -0.194685 -0.011685 0.996885 -0.050411 0.059514
1788249657.573492050 -4.545660 0.060180 -0.201827 -0.011809 0.996861 -0.050736 0.059617
1788249657.606826544 -4.545470 0.059366 -0.207485 -0.011732 0.996853 -0.050658 0.059827
1788249657.640161276 -4.546031 0.057004 -0.213004 -0.011573 0.996863 -0.050499 0.059834
1788249657.673495770 -4.546191 0.056664 -0.219322 -0.011491 0.996839 -0.050753 0.060042
1788249657.706830740 -4.545078 0.056304 -0.225357 -0.011366 0.996797 -0.051063 0.060483
1788249657.740165472 -4.547071 0.054061 -0.232003 -0.011251 0.996770 -0.050934 0.061069
1788249657.773500204 -4.544724 0.056504 -0.238940 -0.011464 0.996756 -0.051182 0.061052
1788249657.806835175 -4.543462 0.054757 -0.246233 -0.011725 0.996755 -0.050892 0.061248
1788249657.840169907 -4.541642 0.056936 -0.254401 -0.011669 0.996717 -0.050699 0.062043
1788249657.873504639 -4.539589 0.054958 -0.261211 -0.011583 0.996684 -0.050614 0.062647
1788249657.906839132 -4.537942 0.051689 -0.265696 -0.012075 0.996638 -0.050885 0.063062
1788249657.940173626 -4.535224 0.051112 -0.270012 -0.012129 0.996571 -0.051467 0.063637
1788249657.973508358 -4.535127 0.050268 -0.274023 -0.012239 0.996474 -0.052012 0.064693
1788249658.006843090 -4.532022 0.050611 -0.280157 -0.012554 0.996373 -0.052729 0.065598
1788249658.040177107 -4.528992 0.047710 -0.285803 -0.012960 0.996241 -0.053057 0.067231
1788249658.073511600 -4.524195 0.048072 -0.291565 -0.013372 0.996104 -0.052968 0.069229
1788249658.106844902 -4.521230 0.049704 -0.297486 -0.013726 0.995983 -0.052836 0.070979
1788249658.140179157 -4.521091 0.048642 -0.303604 -0.013647 0.995861 -0.052438 0.072975
1788249658.173513412 -4.517076 0.048523 -0.311834 -0.013545 0.995744 -0.052149 0.074769
1788249658.206847429 -4.513184 0.049329 -0.318107 -0.013599 0.995634 -0.051812 0.076445
1788249658.240181684 -4.512865 0.047711 -0.324231 -0.013589 0.995496 -0.051530 0.078406
1788249658.273515463 -4.509986 0.046897 -0.328152 -0.014036 0.995318 -0.052208 0.080117
1788249658.306849480 -4.508018 0.044973 -0.334607 -0.014306 0.995129 -0.052415 0.082263
1788249658.340183258 -4.504331 0.044003 -0.341287 -0.014817 0.994981 -0.052455 0.083916
1788249658.373517275 -4.500068 0.042792 -0.347364 -0.015278 0.994838 -0.052199 0.085663
1788249658.406850815 -4.499320 0.042285 -0.351934 -0.015335 0.994652 -0.052102 0.087854
1788249658.440184593 -4.496507 0.043735 -0.356872 -0.015274 0.994466 -0.052486 0.089714
1788249658.473518372 -4.496023 0.041628 -0.359894 -0.014960 0.994286 -0.052289 0.091856
1788249658.506851912 -4.493152 0.043317 -0.365376 -0.014473 0.994088 -0.052682 0.093831
1788249658.540184498 -4.490150 0.041333 -0.369825 -0.014482 0.993867 -0.052720 0.096125
1788249658.573518038 -4.489853 0.042222 -0.373134 -0.014257 0.993618 -0.053110 0.098486
1788249658.606857061 -4.486717 0.042767 -0.377149 -0.014147 0.993413 -0.053212 0.100495
1788249658.640203714 -4.483576 0.042410 -0.383004 -0.014200 0.993210 -0.053321 0.102414
1788249658.673550129 -4.479777 0.039794 -0.383201 -0.014131 0.993000 -0.053395 0.104409
1788249658.706896782 -4.475482 0.042837 -0.388853 -0.014151 0.992724 -0.053712 0.106837
1788249658.740243673 -4.473280 0.042123 -0.393897 -0.013937 0.992447 -0.053564 0.109479
1788249658.773590088 -4.472867 0.042331 -0.397080 -0.013763 0.992142 -0.053592 0.112216
1788249658.806936979 -4.468315 0.042684 -0.400846 -0.013440 0.991873 -0.053411 0.114695
1788249658.840283394 -4.466531 0.040566 -0.401450 -0.013615 0.991563 -0.053030 0.117499
1788249658.873630285 -4.463119 0.043236 -0.406426 -0.013072 0.991209 -0.053355 0.120363
1788249658.906976938 -4.461496 0.040690 -0.409889 -0.013014 0.990848 -0.052932 0.123491
1788249658.940323591 -4.459986 0.039895 -0.412138 -0.012593 0.990482 -0.052579 0.126581
1788249658.973670244 -4.454249 0.041101 -0.416101 -0.012402 0.990176 -0.052607 0.128962
1788249659.007015944 -4.453172 0.041539 -0.419342 -0.011857 0.989889 -0.052773 0.131128
1788249659.040362835 -4.450089 0.040824 -0.423319 -0.011802 0.989607 -0.052563 0.133326
1788249659.073709726 -4.448202 0.041060 -0.428461 -0.011623 0.989257 -0.052226 0.136046
1788249659.107056379 -4.442842 0.039826 -0.433372 -0.011663 0.988998 -0.051640 0.138129
1788249659.140403271 -4.441700 0.038203 -0.436034 -0.011675 0.988753 -0.050735 0.140204
1788249659.173750162 -4.438352 0.035656 -0.439477 -0.011775 0.988585 -0.050173 0.141575
1788249659.207097054 -4.437127 0.036307 -0.446233 -0.011330 0.988337 -0.049976 0.143404
1788249659.240443945 -4.436182 0.034648 -0.450432 -0.011294 0.988072 -0.049560 0.145365
1788249659.273790836 -4.430969 0.036847 -0.456921 -0.011252 0.987828 -0.049644 0.146985
1788249659.307137728 -4.427936 0.035212 -0.458197 -0.011519 0.987566 -0.049558 0.148745
1788249659.340484381 -4.420844 0.039514 -0.464975 -0.011425 0.987268 -0.050393 0.150437
1788249659.373831511 -4.420636 0.037714 -0.469204 -0.011379 0.986926 -0.050223 0.152724
1788249659.407178640 -4.417251 0.036557 -0.471049 -0.011496 0.986638 -0.050491 0.154477
1788249659.440524340 -4.414613 0.036527 -0.474654 -0.011539 0.986252 -0.050826 0.156815
1788249659.473871469 -4.409845 0.038213 -0.477484 -0.011678 0.985882 -0.051406 0.158928
1788249659.507218361 -4.407776 0.035895 -0.481620 -0.011390 0.985514 -0.051184 0.161283
1788249659.540565729 -4.404433 0.035942 -0.485185 -0.011331 0.985163 -0.051262 0.163392
1788249659.573912382 -4.402211 0.037869 -0.488518 -0.010831 0.984793 -0.051581 0.165547
1788249659.607255697 -4.397643 0.034910 -0.489781 -0.011237 0.984473 -0.051538 0.167425
1788249659.640593529 -4.397171 0.034188 -0.494003 -0.010930 0.984061 -0.051411 0.169888
1788249659.673931360 -4.392396 0.033290 -0.496045 -0.011153 0.983717 -0.051513 0.171820
1788249659.707269192 -4.389019 0.034138 -0.500302 -0.011030 0.983170 -0.051394 0.174967
1788249659.740606785 -4.385653 0.032218 -0.500743 -0.011342 0.982450 -0.050974 0.179068
1788249659.773944616 -4.381213 0.036525 -0.508119 -0.010596 0.981687 -0.051276 0.183165
1788249659.807282209 -4.377192 0.032584 -0.509537 -0.010783 0.981042 -0.051281 0.186575
1788249659.840619802 -4.372622 0.036880 -0.510328 -0.010722 0.980314 -0.052112 0.190139
1788249659.873958111 -4.367994 0.036505 -0.512957 -0.010548 0.979574 -0.052001 0.193958
1788249659.907294512 -4.363789 0.035157 -0.512375 -0.010667 0.978847 -0.051651 0.197679
1788249659.940632105 -4.360337 0.034661 -0.514395 -0.010737 0.978102 -0.051307 0.201417
1788249659.973969698 -4.354517 0.032851 -0.514726 -0.010792 0.977391 -0.051020 0.204909
1788249660.007307291 -4.350821 0.033334 -0.515194 -0.010943 0.976601 -0.051170 0.208597
1788249660.040645123 -4.347284 0.033382 -0.518103 -0.010575 0.975757 -0.051145 0.212535
1788249660.073982716 -4.343112 0.032059 -0.519840 -0.010670 0.974954 -0.050855 0.216252
1788249660.107320547 -4.338158 0.032492 -0.517835 -0.010745 0.974203 -0.050983 0.219578
1788249660.140658140 -4.334761 0.034775 -0.522130 -0.010504 0.973283 -0.051192 0.223585
1788249660.173995256 -4.326893 0.034195 -0.526056 -0.010500 0.972459 -0.051088 0.227161
1788249660.207333326 -4.323581 0.034386 -0.527234 -0.010220 0.971562 -0.051041 0.230993
1788249660.240670919 -4.320454 0.033813 -0.525992 -0.009981 0.970748 -0.050784 0.234458
1788249660.274008274 -4.315346 0.033546 -0.527106 -0.010148 0.969912 -0.050626 0.237919
1788249660.307345867 -4.309259 0.034102 -0.527426 -0.010130 0.969099 -0.050663 0.241200
1788249660.340682268 -4.306627 0.034139 -0.528069 -0.010283 0.968159 -0.050735 0.244925
1788249660.374019623 -4.303346 0.034089 -0.529542 -0.010194 0.967192 -0.050509 0.248768
1788249660.407357216 -4.297970 0.033197 -0.530526 -0.010090 0.966334 -0.050371 0.252111
1788249660.440694571 -4.292565 0.032854 -0.531579 -0.010167 0.965436 -0.050143 0.255568
1788249660.474031925 -4.290612 0.034347 -0.534994 -0.009948 0.964391 -0.050200 0.259484
1788249660.507369518 -4.283111 0.034597 -0.532218 -0.010193 0.963587 -0.050318 0.262422
1788249660.540706873 -4.280971 0.034832 -0.534378 -0.010056 0.962534 -0.050193 0.266284
1788249660.574044228 -4.276694 0.032206 -0.540001 -0.009979 0.961800 -0.050235 0.268920
1788249660.607380867 -4.273156 0.036120 -0.543217 -0.009634 0.961223 -0.050695 0.270903
1788249660.640715837 -4.265419 0.033881 -0.543824 -0.010342 0.960676 -0.050463 0.272853
1788249660.674051046 -4.260445 0.032566 -0.544266 -0.011127 0.959980 -0.050399 0.275272
1788249660.707386017 -4.254945 0.031922 -0.546529 -0.011007 0.959329 -0.050283 0.277558
1788249660.740720749 -4.253628 0.032740 -0.549139 -0.010465 0.958578 -0.049993 0.280215
1788249660.774054527 -4.246159 0.030378 -0.549838 -0.010935 0.957735 -0.049355 0.283175
1788249660.807389259 -4.244451 0.030143 -0.556072 -0.010790 0.956725 -0.049197 0.286600
1788249660.840723991 -4.238486 0.033292 -0.555930 -0.010689 0.956083 -0.049706 0.288654
1788249660.874058723 -4.237882 0.032534 -0.557853 -0.010706 0.955339 -0.049625 0.291117
1788249660.907393217 -4.233442 0.033642 -0.561669 -0.010553 0.954727 -0.049715 0.293109
1788249660.940727711 -4.227472 0.033332 -0.560961 -0.011124 0.954255 -0.049485 0.294662
1788249660.974062204 -4.222921 0.034293 -0.563331 -0.011192 0.953599 -0.049610 0.296755
1788249661.007396698 -4.218992 0.032704 -0.564409 -0.011615 0.952915 -0.049621 0.298925
1788249661.040730715 -4.215692 0.031475 -0.564755 -0.011614 0.952304 -0.049369 0.300906
1788249661.074064970 -4.210711 0.033404 -0.565988 -0.011457 0.951701 -0.049642 0.302769
1788249661.107399225 -4.207924 0.032794 -0.570148 -0.011537 0.951015 -0.049332 0.304965
1788249661.140733480 -4.204160 0.035540 -0.572957 -0.011682 0.950308 -0.049197 0.307177
1788249661.174067736 -4.200459 0.034150 -0.574678 -0.011934 0.949677 -0.048560 0.309212
1788249661.207401752 -4.195845 0.033553 -0.576551 -0.012087 0.948996 -0.048255 0.311340
1788249661.240734816 -4.190539 0.032450 -0.578440 -0.012446 0.948324 -0.047997 0.313406
1788249661.274068594 -4.185794 0.036109 -0.581877 -0.011986 0.947643 -0.048033 0.315472
1788249661.307402372 -4.180712 0.037010 -0.588961 -0.011541 0.946880 -0.047849 0.317797
1788249661.340736389 -4.177440 0.037465 -0.590664 -0.011724 0.946189 -0.048078 0.319810
1788249661.374070168 -4.172012 0.034177 -0.590067 -0.011983 0.945651 -0.047710 0.321441
1788249661.407403946 -4.166549 0.034414 -0.591000 -0.012161 0.945023 -0.047694 0.323280
1788249661.440737486 -4.164017 0.033524 -0.595233 -0.012159 0.944280 -0.047665 0.325447
1788249661.474071264 -4.158489 0.034936 -0.594549 -0.012268 0.943932 -0.047767 0.326436
1788249661.507404566 -4.155876 0.034181 -0.600450 -0.012106 0.943361 -0.047559 0.328118
1788249661.540738106 -4.151752 0.035465 -0.602650 -0.012000 0.942987 -0.047697 0.329176
1788249661.574071407 -4.149069 0.035363 -0.604155 -0.012097 0.942607 -0.047723 0.330254
1788249661.607405663 -4.143762 0.035632 -0.608432 -0.012223 0.942232 -0.047762 0.331313
1788249661.640740395 -4.141120 0.036343 -0.613655 -0.012025 0.941750 -0.047628 0.332708
1788249661.674074173 -4.137199 0.035933 -0.615843 -0.012117 0.941345 -0.047618 0.333848
1788249661.707408905 -4.131774 0.035076 -0.616625 -0.012322 0.940983 -0.047716 0.334847
1788249661.740744114 -4.124938 0.036481 -0.618340 -0.012507 0.940602 -0.048149 0.335847
1788249661.774078608 -4.122655 0.036611 -0.621520 -0.012341 0.940106 -0.048330 0.337213
1788249661.807413101 -4.119291 0.034198 -0.624343 -0.012531 0.939599 -0.048300 0.338622
1788249661.840747833 -4.114555 0.036278 -0.625570 -0.012445 0.939197 -0.048464 0.339714
1788249661.874082327 -4.112212 0.034835 -0.628716 -0.012492 0.938648 -0.048341 0.341244
1788249661.907417059 -4.107154 0.036918 -0.630153 -0.012471 0.938230 -0.048471 0.342374
1788249661.940751314 -4.103596 0.036515 -0.635168 -0.012004 0.937845 -0.048315 0.343465
1788249661.974085569 -4.101676 0.034150 -0.640197 -0.011654 0.937446 -0.048037 0.344602
1788249662.007419825 -4.097957 0.038109 -0.643443 -0.011279 0.937244 -0.048546 0.345093
1788249662.040754080 -4.093748 0.036235 -0.648723 -0.010808 0.936998 -0.048080 0.345842
1788249662.074088335 -4.089816 0.035560 -0.652785 -0.011041 0.936661 -0.048079 0.346745
1788249662.107421398 -4.087723 0.036306 -0.654643 -0.010854 0.936421 -0.048523 0.347339
1788249662.140755415 -4.085299 0.034640 -0.653950 -0.010762 0.936325 -0.048571 0.347592
1788249662.174089432 -4.081955 0.034746 -0.658147 -0.010599 0.935969 -0.048871 0.348513
1788249662.207422972 -4.078424 0.033861 -0.660972 -0.010480 0.935715 -0.048968 0.349185
1788249662.240756989 -4.073945 0.033343 -0.665413 -0.010211 0.935434 -0.049318 0.349896
1788249662.274090767 -4.072363 0.032017 -0.667736 -0.009974 0.935171 -0.049289 0.350609
1788249662.307424545 -4.066685 0.034507 -0.671951 -0.009610 0.934935 -0.049965 0.351152
1788249662.340758324 -4.064981 0.033161 -0.675102 -0.009047 0.934733 -0.049604 0.351755
1788249662.374091864 -4.061318 0.033079 -0.678442 -0.008917 0.934544 -0.049696 0.352246
1788249662.407425642 -4.057674 0.034103 -0.681800 -0.008825 0.934289 -0.049978 0.352886
1788249662.440759182 -4.053565 0.033136 -0.687308 -0.008683 0.933977 -0.049922 0.353722
1788249662.474092722 -4.049914 0.032146 -0.688315 -0.008692 0.933861 -0.049968 0.354021
1788249662.507425785 -4.047434 0.032552 -0.692278 -0.008464 0.933612 -0.050007 0.354677
1788249662.540759325 -4.045168 0.030352 -0.695433 -0.008163 0.933420 -0.049780 0.355221
1788249662.574091673 -4.038999 0.033310 -0.702036 -0.007896 0.933223 -0.050245 0.355680
1788249662.607427597 -4.036371 0.032390 -0.702913 -0.007760 0.933048 -0.050210 0.356146
1788249662.640767097 -4.033166 0.029882 -0.707676 -0.007930 0.932725 -0.050104 0.357002
1788249662.674107075 -4.028755 0.033029 -0.708915 -0.008027 0.932586 -0.050635 0.357288
1788249662.707446575 -4.025207 0.030809 -0.712872 -0.008051 0.932347 -0.050403 0.357943
1788249662.740786314 -4.022321 0.031960 -0.716914 -0.007749 0.932074 -0.050535 0.358641
1788249662.774126053 -4.018614 0.032799 -0.719905 -0.007505 0.931881 -0.050780 0.359113
1788249662.807465315 -4.014121 0.032468 -0.722784 -0.007367 0.931733 -0.050818 0.359495
1788249662.840805054 -4.011948 0.030103 -0.729854 -0.007454 0.931388 -0.050722 0.360399
1788249662.874144554 -4.007205 0.027937 -0.731559 -0.007728 0.931155 -0.050868 0.360975
1788249662.907484055 -4.003358 0.031160 -0.735749 -0.007617 0.930822 -0.051353 0.361766
1788249662.940823555 -3.998158 0.029557 -0.735428 -0.007801 0.930846 -0.051059 0.361744
1788249662.974163055 -3.994797 0.028297 -0.741579 -0.007923 0.930564 -0.050957 0.362480
1788249663.007501364 -3.990147 0.029927 -0.743963 -0.007637 0.930426 -0.051202 0.362805
1788249663.040840864 -3.987015 0.028095 -0.750398 -0.007719 0.930125 -0.051029 0.363598
1788249663.074179888 -3.983224 0.027288 -0.753201 -0.007813 0.929945 -0.050948 0.364068
1788249663.107519388 -3.979313 0.027370 -0.757405 -0.007802 0.929741 -0.050902 0.364595
1788249663.140858650 -3.974741 0.027041 -0.759440 -0.007829 0.929643 -0.050609 0.364885
1788249663.174198151 -3.971117 0.027461 -0.762152 -0.007773 0.929451 -0.050465 0.365395
1788249663.207537174 -3.965896 0.029285 -0.768848 -0.007700 0.929139 -0.050621 0.366168
1788249663.240876675 -3.961937 0.028626 -0.773433 -0.007770 0.928880 -0.050632 0.366821
1788249663.274215698 -3.959959 0.027245 -0.775270 -0.007773 0.928655 -0.050536 0.367403
1788249663.307554722 -3.954744 0.027027 -0.780906 -0.007572 0.928465 -0.050281 0.367924
1788249663.340893745 -3.949867 0.029321 -0.784022 -0.007938 0.928291 -0.050692 0.368299
1788249663.374233007 -3.945950 0.026418 -0.787268 -0.008215 0.928030 -0.050504 0.368975
1788249663.407572031 -3.940545 0.028246 -0.790560 -0.008368 0.927774 -0.050718 0.369586
1788249663.440910101 -3.934455 0.026384 -0.792617 -0.008793 0.927599 -0.050472 0.370047
1788249663.474249363 -3.932777 0.025269 -0.795560 -0.008786 0.927317 -0.050071 0.370808
1788249663.507588148 -3.927571 0.025167 -0.797972 -0.008591 0.927202 -0.049957 0.371115
1788249663.540927410 -3.923299 0.026051 -0.803560 -0.008529 0.926921 -0.050060 0.371805
1788249663.574266195 -3.920011 0.025628 -0.808528 -0.008244 0.926671 -0.049944 0.372448
1788249663.607608080 -3.915315 0.025510 -0.811532 -0.008273 0.926398 -0.049935 0.373129
1788249663.640954494 -3.911381 0.025610 -0.814765 -0.008274 0.926141 -0.049953 0.373764
1788249663.674300671 -3.907145 0.024375 -0.817411 -0.008116 0.925963 -0.049787 0.374231
1788249663.707647085 -3.903028 0.025781 -0.822850 -0.008012 0.925684 -0.050311 0.374853
1788249663.740993738 -3.899371 0.026146 -0.828948 -0.007688 0.925417 -0.050339 0.375513
1788249663.774340153 -3.897750 0.024047 -0.832083 -0.007589 0.925108 -0.050465 0.376258
1788249663.807686567 -3.892186 0.025401 -0.838506 -0.007573 0.924754 -0.050552 0.377116
1788249663.841033220 -3.888245 0.026805 -0.839863 -0.007944 0.924514 -0.050843 0.377658
1788249663.874379635 -3.882682 0.025282 -0.842736 -0.008020 0.924336 -0.050535 0.378133
1788249663.907725334 -3.877640 0.025780 -0.845398 -0.008356 0.924092 -0.050514 0.378726
1788249663.941072464 -3.873934 0.024818 -0.847665 -0.008416 0.923908 -0.050296 0.379200
1788249663.974419117 -3.868646 0.025052 -0.852415 -0.008383 0.923662 -0.050335 0.379795
1788249664.007765770 -3.864407 0.026791 -0.857230 -0.008011 0.923378 -0.050628 0.380456
1788249664.041112661 -3.861697 0.025696 -0.859909 -0.007885 0.923141 -0.050508 0.381047
1788249664.074459791 -3.857848 0.024585 -0.863915 -0.007657 0.922817 -0.050192 0.381879
1788249664.107806921 -3.855335 0.023264 -0.865137 -0.007608 0.922632 -0.049955 0.382358
1788249664.141153574 -3.847832 0.023774 -0.869151 -0.007728 0.922518 -0.049815 0.382647
1788249664.174500704 -3.844072 0.022378 -0.871222 -0.007885 0.922324 -0.049727 0.383122
1788249664.207848072 -3.840439 0.023391 -0.874609 -0.008008 0.922032 -0.050100 0.383775
1788249664.241195202 -3.837319 0.025254 -0.879780 -0.007756 0.921696 -0.050233 0.384569
1788249664.274542332 -3.833212 0.021971 -0.885053 -0.007701 0.921491 -0.049587 0.385144
1788249664.307889700 -3.829593 0.022052 -0.884829 -0.007843 0.921335 -0.049743 0.385495
1788249664.341236115 -3.823593 0.022262 -0.891053 -0.007787 0.921025 -0.049791 0.386229
1788249664.374583721 -3.818208 0.025231 -0.893074 -0.007933 0.920807 -0.050404 0.386668
1788249664.407931089 -3.815237 0.023521 -0.895732 -0.007961 0.920521 -0.050137 0.387380
1788249664.441278219 -3.812876 0.023892 -0.898868 -0.007738 0.920270 -0.050253 0.387966
1788249664.474626064 -3.807432 0.022616 -0.902549 -0.007873 0.920119 -0.050166 0.388334
1788249664.507973671 -3.802975 0.021942 -0.907268 -0.007666 0.919921 -0.049983 0.388830
1788249664.541321278 -3.798226 0.021570 -0.911554 -0.007564 0.919702 -0.049867 0.389363
1788249664.574669123 -3.795043 0.021364 -0.913710 -0.007809 0.919437 -0.050042 0.389961
1788249664.608013630 -3.790817 0.021577 -0.916740 -0.007844 0.919185 -0.050018 0.390557
1788249664.641354322 -3.786384 0.023684 -0.926071 -0.007972 0.918774 -0.050373 0.391476
1788249664.674695015 -3.783076 0.024535 -0.931486 -0.007464 0.918437 -0.050372 0.392275
1788249664.708035469 -3.779093 0.020714 -0.931148 -0.007507 0.918355 -0.050041 0.392509
1788249664.741376162 -3.776251 0.021237 -0.936118 -0.007427 0.917956 -0.050465 0.393389
1788249664.774715662 -3.772980 0.021457 -0.940237 -0.007323 0.917554 -0.050829 0.394280
1788249664.808056116 -3.766843 0.020331 -0.942100 -0.007478 0.917360 -0.050777 0.394737
1788249664.841396809 -3.763543 0.022783 -0.946470 -0.007385 0.916999 -0.051314 0.395507
1788249664.874737501 -3.760444 0.023705 -0.948132 -0.007238 0.916737 -0.051603 0.396079
1788249664.908077955 -3.755309 0.021402 -0.947886 -0.007335 0.916655 -0.051381 0.396296
1788249664.941418648 -3.750488 0.021739 -0.953696 -0.007204 0.916333 -0.051452 0.397033
1788249664.974759102 -3.747056 0.021900 -0.955871 -0.007198 0.916037 -0.051479 0.397711
1788249665.008099794 -3.741648 0.021607 -0.959629 -0.007156 0.915615 -0.051472 0.398684
1788249665.041440248 -3.738170 0.020515 -0.963228 -0.007301 0.915193 -0.051289 0.399673
1788249665.074780703 -3.732039 0.020695 -0.965080 -0.007198 0.914958 -0.051272 0.400213
1788249665.108121395 -3.728613 0.022251 -0.969830 -0.007146 0.914471 -0.051398 0.401311
1788249665.141462088 -3.723639 0.019734 -0.973541 -0.007216 0.914031 -0.051075 0.402351
1788249665.174802542 -3.719327 0.018645 -0.974335 -0.007239 0.913653 -0.050958 0.403223
1788249665.208143234 -3.714422 0.020574 -0.976346 -0.007055 0.913324 -0.051231 0.403938
1788249665.241482973 -3.709230 0.023281 -0.982740 -0.006697 0.912822 -0.051322 0.405064
1788249665.274823189 -3.703680 0.018688 -0.984948 -0.007004 0.912517 -0.050620 0.405833
1788249665.308163881 -3.697918 0.020178 -0.987705 -0.007195 0.912157 -0.050791 0.406617
1788249665.341504574 -3.694059 0.023335 -0.992917 -0.007127 0.911622 -0.051294 0.407755
1788249665.374845028 -3.690218 0.020044 -0.991468 -0.007406 0.911301 -0.051038 0.408499
1788249665.408185720 -3.684024 0.020939 -0.995788 -0.007381 0.910846 -0.051054 0.409510
1788249665.441526175 -3.678473 0.021916 -0.999410 -0.007540 0.910435 -0.051133 0.410411
1788249665.474866867 -3.673916 0.022952 -1.003170 -0.007458 0.909987 -0.051165 0.411401
1788249665.508207560 -3.672104 0.020656 -1.007072 -0.007110 0.909542 -0.050697 0.412446
1788249665.541547775 -3.666031 0.021032 -1.010184 -0.006921 0.909229 -0.050729 0.413137
1788249665.574888468 -3.663477 0.020748 -1.012928 -0.006836 0.908780 -0.050857 0.414108
1788249665.608228445 -3.658446 0.021650 -1.016036 -0.006587 0.908363 -0.050689 0.415047
1788249665.641566515 -3.653339 0.021159 -1.018071 -0.006815 0.908042 -0.050704 0.415743
1788249665.674903870 -3.647050 0.020194 -1.018533 -0.006957 0.907879 -0.050344 0.416141
1788249665.708241940 -3.645418 0.017857 -1.023176 -0.006972 0.907308 -0.050371 0.417380
1788249665.741580248 -3.641785 0.019382 -1.027287 -0.006725 0.906779 -0.050657 0.418499
1788249665.774918318 -3.637890 0.017000 -1.028829 -0.006663 0.906467 -0.050187 0.419232
1788249665.808256388 -3.632671 0.018320 -1.033204 -0.006721 0.906052 -0.050415 0.420098
1788249665.841594458 -3.626144 0.019514 -1.035194 -0.007001 0.905694 -0.050749 0.420825
1788249665.874932766 -3.621447 0.018076 -1.036177 -0.006996 0.905410 -0.050459 0.421472
1788249665.908270597 -3.614944 0.016732 -1.039201 -0.007323 0.904981 -0.050176 0.422419
1788249665.941608906 -3.611215 0.016733 -1.043225 -0.007248 0.904421 -0.050103 0.423626
1788249665.974946737 -3.607990 0.016452 -1.043642 -0.007244 0.904106 -0.049922 0.424320
1788249666.008284569 -3.602021 0.018140 -1.047961 -0.006888 0.903771 -0.049911 0.425040
1788249666.041622400 -3.597940 0.016929 -1.051813 -0.006786 0.903328 -0.049938 0.425981
1788249666.074960232 -3.593232 0.018634 -1.052721 -0.006829 0.902972 -0.050322 0.426689
1788249666.108297110 -3.586041 0.019442 -1.057270 -0.006677 0.902308 -0.050408 0.428083
1788249666.141634941 -3.581912 0.021808 -1.058416 -0.006577 0.901894 -0.050791 0.428911
1788249666.174972534 -3.580778 0.017066 -1.060048 -0.006868 0.901502 -0.050454 0.429769
1788249666.208310127 -3.574209 0.019287 -1.064122 -0.006539 0.901027 -0.050542 0.430758
1788249666.241647959 -3.567668 0.017994 -1.066518 -0.006612 0.900676 -0.050395 0.431508
1788249666.274985552 -3.563558 0.017662 -1.069230 -0.006299 0.900284 -0.050282 0.432343
1788249666.308323145 -3.560808 0.018107 -1.071691 -0.005828 0.899844 -0.050243 0.433270
1788249666.341660738 -3.555003 0.017773 -1.076588 -0.005814 0.899347 -0.050149 0.434312
1788249666.374998093 -3.549536 0.017744 -1.079201 -0.005855 0.898957 -0.050182 0.435114
1788249666.408335686 -3.545687 0.015625 -1.080579 -0.006036 0.898489 -0.050010 0.436096
1788249666.441673279 -3.543002 0.015325 -1.082179 -0.006314 0.897782 -0.050187 0.437526
1788249666.475010633 -3.535976 0.019073 -1.081420 -0.006296 0.897249 -0.050940 0.438531
1788249666.508347988 -3.531971 0.017182 -1.087478 -0.006182 0.896326 -0.050497 0.440467
1788249666.541684389 -3.526477 0.017045 -1.088580 -0.006394 0.895585 -0.050356 0.441986
1788249666.575021744 -3.520987 0.018369 -1.090312 -0.006081 0.894683 -0.050289 0.443820
1788249666.608361483 -3.514994 0.018759 -1.093769 -0.005894 0.893864 -0.049953 0.445509
1788249666.641705275 -3.509674 0.019462 -1.093205 -0.005997 0.893189 -0.050142 0.446836
1788249666.675049305 -3.507231 0.015894 -1.095345 -0.006012 0.892248 -0.049450 0.448789
1788249666.708393097 -3.499580 0.016948 -1.098982 -0.006081 0.891424 -0.049449 0.450423
1788249666.741737127 -3.494132 0.019132 -1.097847 -0.006232 0.890765 -0.049896 0.451674
1788249666.775080919 -3.487630 0.015454 -1.097172 -0.006632 0.889807 -0.049737 0.453570
1788249666.808424711 -3.483395 0.016428 -1.100202 -0.006663 0.888561 -0.049815 0.455997
1788249666.841768742 -3.478254 0.016870 -1.101055 -0.006798 0.887520 -0.049816 0.458018
1788249666.875112772 -3.470377 0.017406 -1.099075 -0.006884 0.886746 -0.049647 0.459532
1788249666.908456802 -3.465793 0.016227 -1.101650 -0.007153 0.885628 -0.049700 0.461673
1788249666.941800833 -3.462371 0.012829 -1.103337 -0.007209 0.884556 -0.049264 0.463769
1788249666.975144863 -3.454290 0.016254 -1.104929 -0.006903 0.883540 -0.049490 0.465683
1788249667.008487701 -3.449524 0.015365 -1.107746 -0.007021 0.882439 -0.049089 0.467806
1788249667.041831732 -3.445242 0.013808 -1.112215 -0.007286 0.881230 -0.049101 0.470075
1788249667.075176001 -3.438968 0.016347 -1.109886 -0.007603 0.880164 -0.049624 0.472007
1788249667.108520031 -3.430275 0.017032 -1.111963 -0.007683 0.878966 -0.049604 0.474236
1788249667.141864300 -3.425488 0.018887 -1.113829 -0.007520 0.877802 -0.049530 0.476398
1788249667.175208569 -3.419524 0.017550 -1.116292 -0.007558 0.876620 -0.049105 0.478612
1788249667.208552837 -3.414880 0.016016 -1.115668 -0.007604 0.875601 -0.048728 0.480512
1788249667.241897106 -3.408907 0.017017 -1.115306 -0.007551 0.874547 -0.048777 0.482422
1788249667.275241375 -3.402973 0.018204 -1.118915 -0.007071 0.873313 -0.048736 0.484663
1788249667.308585644 -3.396874 0.018254 -1.117363 -0.006893 0.872472 -0.048373 0.486216
1788249667.341929913 -3.389614 0.019928 -1.123074 -0.006665 0.871241 -0.048249 0.488433
1788249667.375274181 -3.383612 0.019900 -1.124565 -0.006903 0.870113 -0.048372 0.490424
1788249667.408618689 -3.377798 0.019575 -1.126987 -0.006704 0.868932 -0.048182 0.492535
1788249667.441961765 -3.372380 0.020017 -1.125530 -0.007010 0.867882 -0.048238 0.494372
1788249667.475306273 -3.367813 0.019696 -1.127512 -0.007242 0.866739 -0.048075 0.496388
1788249667.508650541 -3.361078 0.017512 -1.126977 -0.007459 0.865722 -0.047679 0.498193
1788249667.541994810 -3.353114 0.018657 -1.129866 -0.007329 0.864581 -0.047550 0.500185
1788249667.575339317 -3.348477 0.014816 -1.130719 -0.007482 0.863464 -0.047163 0.502145
1788249667.608686209 -3.343117 0.016236 -1.129340 -0.007262 0.862395 -0.047095 0.503988
1788249667.642036438 -3.337493 0.016061 -1.133029 -0.007085 0.861271 -0.046641 0.505952
1788249667.675386190 -3.328530 0.014767 -1.133216 -0.007489 0.860266 -0.046732 0.507644
1788249667.708736420 -3.324470 0.015987 -1.134259 -0.007590 0.859006 -0.047143 0.509734
1788249667.742086649 -3.320312 0.017600 -1.136340 -0.007258 0.857703 -0.047055 0.511936
1788249667.775436878 -3.313997 0.016774 -1.134721 -0.007612 0.856691 -0.046990 0.513629
1788249667.808787584 -3.307933 0.013798 -1.133199 -0.007806 0.855677 -0.046830 0.515328
1788249667.842137814 -3.300867 0.018846 -1.134504 -0.007598 0.854446 -0.047251 0.517332
1788249667.875488281 -3.296274 0.016289 -1.133273 -0.007688 0.853366 -0.047011 0.519131
1788249667.908838034 -3.291391 0.016590 -1.135076 -0.007582 0.852020 -0.046752 0.521363
1788249667.942188740 -3.286175 0.015755 -1.135151 -0.007658 0.850851 -0.046302 0.523307
1788249667.975539207 -3.277397 0.017429 -1.137514 -0.007638 0.849668 -0.046225 0.525233
1788249668.008890152 -3.269500 0.017618 -1.138709 -0.007785 0.848461 -0.046352 0.527168
1788249668.042241335 -3.264450 0.016835 -1.139474 -0.007912 0.847160 -0.046137 0.529272
1788249668.075592279 -3.257218 0.017471 -1.138013 -0.007943 0.846048 -0.046062 0.531054
1788249668.108943462 -3.251169 0.016684 -1.139878 -0.007970 0.844797 -0.045421 0.533096
1788249668.142294645 -3.246214 0.016159 -1.139775 -0.008067 0.843669 -0.045359 0.534883
1788249668.175645828 -3.240425 0.014032 -1.136688 -0.008429 0.842612 -0.045095 0.536564
1788249668.208997250 -3.232383 0.017058 -1.140972 -0.008095 0.841132 -0.044939 0.538898
1788249668.242348671 -3.225306 0.019901 -1.143893 -0.008182 0.839816 -0.045021 0.540939
1788249668.275700092 -3.219818 0.017518 -1.146239 -0.008346 0.838527 -0.044398 0.542984
1788249668.309051514 -3.215708 0.018919 -1.141970 -0.008694 0.837589 -0.044863 0.544386
1788249668.342402458 -3.208972 0.015998 -1.142467 -0.008746 0.836378 -0.044139 0.546304
1788249668.375754118 -3.202837 0.018568 -1.139937 -0.008919 0.835259 -0.044436 0.547986
1788249668.409106016 -3.196464 0.019637 -1.137973 -0.008919 0.834206 -0.044571 0.549577
1788249668.442457914 -3.193092 0.017220 -1.139504 -0.008774 0.833066 -0.044323 0.551325
1788249668.475809813 -3.186524 0.020246 -1.142172 -0.008437 0.831894 -0.044722 0.553065
1788249668.509162188 -3.181050 0.019734 -1.144570 -0.008214 0.830693 -0.044552 0.554884
1788249668.542514086 -3.175986 0.018962 -1.143803 -0.008322 0.829854 -0.044576 0.556135
1788249668.575866222 -3.169664 0.020711 -1.144160 -0.008441 0.829038 -0.044886 0.557324
1788249668.609216690 -3.164842 0.018856 -1.141804 -0.008701 0.828272 -0.044559 0.558484
1788249668.642565012 -3.158527 0.020240 -1.145289 -0.008543 0.827092 -0.044733 0.560218
1788249668.675913095 -3.154131 0.020656 -1.146892 -0.008634 0.826209 -0.044941 0.561501
1788249668.709261656 -3.148751 0.020684 -1.147657 -0.008371 0.825418 -0.044521 0.562701
1788249668.742610216 -3.143623 0.019950 -1.150563 -0.008273 0.824391 -0.044473 0.564210
1788249668.775957584 -3.139674 0.019063 -1.148139 -0.008361 0.823602 -0.044643 0.565347
1788249668.809306145 -3.134502 0.018134 -1.151726 -0.007882 0.822577 -0.044406 0.566862
1788249668.842654943 -3.129133 0.019573 -1.152267 -0.007627 0.821597 -0.044662 0.568265
1788249668.876003742 -3.123549 0.020820 -1.151581 -0.007526 0.820742 -0.044849 0.569486
1788249668.909352303 -3.117690 0.020772 -1.154909 -0.007535 0.819736 -0.044562 0.570955
1788249668.942701340 -3.111278 0.021537 -1.150673 -0.007814 0.819159 -0.044666 0.571771
1788249668.976050377 -3.105104 0.021060 -1.153809 -0.007785 0.818111 -0.044466 0.573286
1788249669.009399414 -3.102173 0.016860 -1.154261 -0.008088 0.817115 -0.044045 0.574733
1788249669.042748451 -3.097026 0.018639 -1.152998 -0.008107 0.816328 -0.044222 0.575836
1788249669.076097727 -3.087982 0.020814 -1.157230 -0.007775 0.815298 -0.043880 0.577324
1788249669.109446764 -3.082291 0.022126 -1.157447 -0.007806 0.814405 -0.044194 0.578559
1788249669.142796040 -3.077815 0.020440 -1.157787 -0.008086 0.813403 -0.044233 0.579960
1788249669.176145554 -3.071626 0.018717 -1.157118 -0.008216 0.812455 -0.043943 0.581307
1788249669.209494829 -3.066766 0.019449 -1.155238 -0.008169 0.811691 -0.043975 0.582372
1788249669.242843390 -3.059704 0.021548 -1.159224 -0.008199 0.810481 -0.044100 0.584045
1788249669.276193142 -3.055111 0.021538 -1.155848 -0.008546 0.809726 -0.044167 0.585081
1788249669.309542656 -3.048705 0.020798 -1.157781 -0.008597 0.808614 -0.044099 0.586622
1788249669.342892408 -3.042959 0.023566 -1.157259 -0.008301 0.807746 -0.044184 0.587815
1788249669.376242399 -3.038211 0.023320 -1.156465 -0.008316 0.806866 -0.044035 0.589033
1788249669.409592152 -3.034551 0.022350 -1.154835 -0.008415 0.806034 -0.044000 0.590171
1788249669.442942381 -3.028984 0.022638 -1.156851 -0.008216 0.804925 -0.044326 0.591662
1788249669.476292133 -3.022397 0.023809 -1.158155 -0.007835 0.803859 -0.044302 0.593116
1788249669.509642124 -3.018193 0.021624 -1.155871 -0.007891 0.802986 -0.044073 0.594314
1788249669.542992592 -3.013506 0.022234 -1.158022 -0.007613 0.801906 -0.044081 0.595774
1788249669.576342583 -3.006861 0.022977 -1.157457 -0.007263 0.801053 -0.043928 0.596935
1788249669.609690666 -3.001459 0.023417 -1.160898 -0.006962 0.799850 -0.043640 0.598570
1788249669.643036127 -2.996838 0.023794 -1.158792 -0.006993 0.799130 -0.044183 0.599491
1788249669.676380634 -2.992072 0.023006 -1.157650 -0.007027 0.798265 -0.044155 0.600645
1788249669.709726095 -2.985975 0.022819 -1.158049 -0.007072 0.797252 -0.043971 0.602002
1788249669.743071318 -2.979758 0.025537 -1.157074 -0.007193 0.796325 -0.044311 0.603200
1788249669.776416779 -2.973459 0.026256 -1.158969 -0.007143 0.795187 -0.044236 0.604706
1788249669.809762716 -2.967228 0.026436 -1.157240 -0.007203 0.794252 -0.044457 0.605917
1788249669.843107939 -2.960789 0.026401 -1.160362 -0.007166 0.792990 -0.044338 0.607577
1788249669.876453638 -2.956212 0.022281 -1.158987 -0.007353 0.792171 -0.043512 0.608702
1788249669.909799576 -2.949344 0.026108 -1.159119 -0.006972 0.791196 -0.043705 0.609959
1788249669.943145275 -2.945253 0.023764 -1.156489 -0.007142 0.790551 -0.043330 0.610820
1788249669.976491213 -2.939655 0.024505 -1.158615 -0.006950 0.789446 -0.043386 0.612245
1788249670.009836912 -2.934386 0.025557 -1.158588 -0.006888 0.788462 -0.043617 0.613497
1788249670.043182850 -2.929035 0.027090 -1.158398 -0.007077 0.787484 -0.043936 0.614727
1788249670.076529264 -2.922274 0.024893 -1.157309 -0.007149 0.786586 -0.043374 0.615913
1788249670.109874010 -2.918108 0.025002 -1.156354 -0.007160 0.785652 -0.043412 0.617103
1788249670.143220425 -2.912318 0.025986 -1.158679 -0.007135 0.784338 -0.043767 0.618746
1788249670.176566601 -2.907825 0.025359 -1.156685 -0.006983 0.783474 -0.043659 0.619849
1788249670.209912777 -2.902956 0.025726 -1.158207 -0.006681 0.782407 -0.043457 0.621214
1788249670.243258953 -2.895987 0.027395 -1.158799 -0.006508 0.781425 -0.043501 0.622447
1788249670.276605368 -2.890191 0.028974 -1.159188 -0.006395 0.780454 -0.043610 0.623657
1788249670.309951782 -2.885308 0.027128 -1.159733 -0.006728 0.779350 -0.043635 0.625031
1788249670.343298197 -2.878801 0.027810 -1.156928 -0.006882 0.778438 -0.043760 0.626157
1788249670.376644611 -2.873822 0.026438 -1.156875 -0.007139 0.777437 -0.043508 0.627414
1788249670.409991264 -2.868679 0.024783 -1.154867 -0.007197 0.776590 -0.043233 0.628480
1788249670.443337917 -2.861843 0.029647 -1.155014 -0.007069 0.775475 -0.043830 0.629815
1788249670.476684332 -2.855507 0.027392 -1.153172 -0.007319 0.774553 -0.043463 0.630971
1788249670.510031462 -2.849524 0.028685 -1.153216 -0.007057 0.773461 -0.043313 0.632323
1788249670.543378115 -2.844588 0.027691 -1.153450 -0.007225 0.772393 -0.043028 0.633645
1788249670.576724052 -2.839505 0.029936 -1.154658 -0.006953 0.771390 -0.043005 0.634870
1788249670.610066652 -2.833343 0.027899 -1.153905 -0.006916 0.770546 -0.042575 0.635924
1788249670.643402815 -2.827553 0.029402 -1.154514 -0.006822 0.769445 -0.042839 0.637238
1788249670.676739693 -2.822846 0.030663 -1.153878 -0.006729 0.768347 -0.043156 0.638542
1788249670.710076094 -2.818284 0.026817 -1.153489 -0.006960 0.767323 -0.042672 0.639801
1788249670.743412495 -2.812229 0.031109 -1.155615 -0.006332 0.766174 -0.042767 0.641178
1788249670.776749134 -2.805542 0.031013 -1.155473 -0.006351 0.765111 -0.042697 0.642450
1788249670.810085535 -2.799652 0.030054 -1.154997 -0.006071 0.764076 -0.042416 0.643701
1788249670.843421698 -2.792908 0.030911 -1.158324 -0.005790 0.762789 -0.042436 0.645227
1788249670.876758099 -2.789033 0.030825 -1.155335 -0.005554 0.762003 -0.042110 0.646179
1788249670.910094500 -2.782296 0.031766 -1.154604 -0.005540 0.761026 -0.042072 0.647332
1788249670.943430424 -2.777241 0.031137 -1.153929 -0.005619 0.760145 -0.041863 0.648379
1788249670.976766825 -2.771112 0.032900 -1.154321 -0.005681 0.759018 -0.042404 0.649662
1788249671.010101795 -2.765940 0.033761 -1.152610 -0.005610 0.757894 -0.042573 0.650962
1788249671.043438196 -2.760399 0.033895 -1.154168 -0.005541 0.756627 -0.042519 0.652439
1788249671.076773882 -2.755408 0.033360 -1.152618 -0.005709 0.755681 -0.042426 0.653540
1788249671.110110044 -2.750833 0.033411 -1.150476 -0.005530 0.754729 -0.042010 0.654667
1788249671.143446207 -2.745390 0.033297 -1.149636 -0.005606 0.753673 -0.041925 0.655887
1788249671.176781893 -2.739518 0.033026 -1.151499 -0.005579 0.752470 -0.041716 0.657281
1788249671.210117817 -2.733990 0.033384 -1.151793 -0.005451 0.751480 -0.041624 0.658419
1788249671.243453741 -2.726996 0.034832 -1.151237 -0.005266 0.750625 -0.041506 0.659403
1788249671.276789427 -2.723443 0.035341 -1.153604 -0.005137 0.749417 -0.041513 0.660775
1788249671.310125113 -2.716472 0.036168 -1.154359 -0.005083 0.748172 -0.041757 0.662170
1788249671.343460798 -2.711232 0.034736 -1.153410 -0.005176 0.747048 -0.041582 0.663449
1788249671.376796484 -2.707341 0.033883 -1.150278 -0.005378 0.746134 -0.041480 0.664480
1788249671.410132170 -2.702557 0.034936 -1.150641 -0.005200 0.745007 -0.041594 0.665738
1788249671.443466663 -2.697140 0.034473 -1.151141 -0.005207 0.743909 -0.041491 0.666972
1788249671.476802349 -2.692486 0.033973 -1.151573 -0.004909 0.742746 -0.041375 0.668275
1788249671.510137796 -2.683082 0.032405 -1.149373 -0.005125 0.741807 -0.041195 0.669328
1788249671.543473244 -2.677315 0.034209 -1.148829 -0.005063 0.740771 -0.041234 0.670471
1788249671.576808929 -2.671094 0.035688 -1.149085 -0.005084 0.739700 -0.041312 0.671648
1788249671.610148191 -2.665578 0.033282 -1.146930 -0.005666 0.738623 -0.041400 0.672822
1788249671.643493652 -2.658670 0.034362 -1.145278 -0.005821 0.737324 -0.041704 0.674226
1788249671.676839352 -2.655322 0.034165 -1.143127 -0.006030 0.736198 -0.041680 0.675454
1788249671.710184574 -2.649368 0.033588 -1.141280 -0.006063 0.735141 -0.041458 0.676618
1788249671.743530035 -2.642892 0.033149 -1.139678 -0.006120 0.734080 -0.041128 0.677789
1788249671.776875973 -2.638528 0.033555 -1.139580 -0.006015 0.732803 -0.040930 0.679182
1788249671.810221434 -2.633132 0.034119 -1.138050 -0.005919 0.731963 -0.040894 0.680090
1788249671.843566656 -2.626663 0.035371 -1.139828 -0.005705 0.731048 -0.040923 0.681074
1788249671.876912594 -2.621230 0.034999 -1.140029 -0.005629 0.730212 -0.040592 0.681991
1788249671.910257101 -2.615746 0.036220 -1.140388 -0.005562 0.729215 -0.040697 0.683051
1788249671.943602324 -2.610240 0.035973 -1.138227 -0.005535 0.728539 -0.040490 0.683784
1788249671.976948023 -2.606074 0.036398 -1.135366 -0.005520 0.727872 -0.040716 0.684481
1788249672.010293961 -2.599408 0.034737 -1.137132 -0.005695 0.726759 -0.040531 0.685672
1788249672.043639183 -2.594836 0.035691 -1.134515 -0.005436 0.726339 -0.040440 0.686125
1788249672.076984882 -2.590125 0.037344 -1.135463 -0.005263 0.725784 -0.040444 0.686712
1788249672.110330820 -2.584919 0.037357 -1.134062 -0.005240 0.725622 -0.040446 0.686884
1788249672.143676281 -2.579035 0.037232 -1.133018 -0.005258 0.725593 -0.040367 0.686919
1788249672.177021742 -2.572321 0.037098 -1.134878 -0.005332 0.725174 -0.040301 0.687365
1788249672.210367680 -2.562732 0.034261 -1.136903 -0.005835 0.724733 -0.039937 0.687847
1788249672.243713140 -2.556397 0.033337 -1.137110 -0.006052 0.724444 -0.039709 0.688162
1788249672.277058840 -2.551070 0.035389 -1.137585 -0.006016 0.724446 -0.039769 0.688158
1788249672.310404778 -2.546086 0.033671 -1.136687 -0.006271 0.724627 -0.039608 0.687973
1788249672.343749523 -2.539475 0.033798 -1.136968 -0.006178 0.724619 -0.039593 0.687984
1788249672.377095222 -2.535784 0.034560 -1.137478 -0.006186 0.724513 -0.039802 0.688083
1788249672.410441160 -2.530844 0.035800 -1.136598 -0.006263 0.724566 -0.039873 0.688023
1788249672.443786621 -2.525030 0.036251 -1.138899 -0.006013 0.724312 -0.039937 0.688288
1788249672.477132559 -2.520009 0.037135 -1.137568 -0.005741 0.724388 -0.040274 0.688191
1788249672.510478497 -2.513957 0.035923 -1.138660 -0.005671 0.724315 -0.039926 0.688289
1788249672.543823957 -2.506660 0.034012 -1.140210 -0.005928 0.724252 -0.039453 0.688381
1788249672.577170134 -2.499610 0.036035 -1.141023 -0.005710 0.724204 -0.039489 0.688430
1788249672.610512495 -2.493699 0.034502 -1.139429 -0.006003 0.724309 -0.039445 0.688320
1788249672.643850088 -2.487826 0.037493 -1.140253 -0.005832 0.724100 -0.039870 0.688517
1788249672.677187920 -2.482277 0.036338 -1.139326 -0.005993 0.724109 -0.039842 0.688508
1788249672.710525513 -2.475880 0.035814 -1.141091 -0.005954 0.723971 -0.039915 0.688649
1788249672.743863106 -2.471635 0.037354 -1.140743 -0.005614 0.724126 -0.039996 0.688484
1788249672.777199745 -2.465079 0.036451 -1.143543 -0.005601 0.723979 -0.039732 0.688654
1788249672.810537577 -2.459079 0.038258 -1.142271 -0.005628 0.724073 -0.039885 0.688546
1788249672.843874931 -2.451971 0.037360 -1.143162 -0.005867 0.724013 -0.039669 0.688620
1788249672.877212286 -2.448522 0.036808 -1.142148 -0.006054 0.724130 -0.039484 0.688506
1788249672.910549879 -2.442297 0.036154 -1.142938 -0.006185 0.724028 -0.039220 0.688627
1788249672.943887234 -2.436165 0.038483 -1.144145 -0.005905 0.723995 -0.039346 0.688656
1788249672.977224588 -2.429317 0.038785 -1.143257 -0.005962 0.724109 -0.039334 0.688537
1788249673.010561943 -2.423230 0.037184 -1.144903 -0.006126 0.723896 -0.039197 0.688768
1788249673.043899298 -2.417217 0.036264 -1.145265 -0.006305 0.723830 -0.039182 0.688836
1788249673.077236414 -2.411377 0.038734 -1.146357 -0.006287 0.723760 -0.039519 0.688890
1788249673.110573769 -2.404611 0.039160 -1.145915 -0.006587 0.723795 -0.039393 0.688859
1788249673.143910885 -2.398269 0.039303 -1.144510 -0.006866 0.723818 -0.039102 0.688848
1788249673.177247763 -2.391177 0.040019 -1.145597 -0.006972 0.723717 -0.039038 0.688957
1788249673.210584164 -2.382774 0.038057 -1.147436 -0.007124 0.723825 -0.038691 0.688861
1788249673.243921041 -2.377858 0.040442 -1.143878 -0.007245 0.724218 -0.038888 0.688436
1788249673.277258158 -2.371134 0.038423 -1.144078 -0.007655 0.723990 -0.038435 0.688696
1788249673.310595274 -2.365856 0.036502 -1.147273 -0.007955 0.723488 -0.038231 0.689232
1788249673.343931913 -2.359159 0.038236 -1.147365 -0.007627 0.723507 -0.038279 0.689213
1788249673.377268791 -2.353558 0.038488 -1.145517 -0.007611 0.723608 -0.038446 0.689097
1788249673.410605907 -2.348902 0.037860 -1.146236 -0.007325 0.723191 -0.038413 0.689540
1788249673.443942785 -2.343180 0.040066 -1.147114 -0.006965 0.722793 -0.038730 0.689944
1788249673.477279425 -2.338007 0.038319 -1.147554 -0.007231 0.722597 -0.038710 0.690147
1788249673.510616064 -2.332160 0.039985 -1.145677 -0.007031 0.722538 -0.038630 0.690216
1788249673.543952942 -2.325286 0.038255 -1.147341 -0.007147 0.722047 -0.038227 0.690750
1788249673.577289581 -2.320279 0.038664 -1.148971 -0.006951 0.721728 -0.038110 0.691092
1788249673.610627174 -2.314989 0.038712 -1.148880 -0.007051 0.721569 -0.038063 0.691259
1788249673.643965721 -2.308967 0.040062 -1.149166 -0.006930 0.721174 -0.038085 0.691672
1788249673.677303076 -2.303710 0.038436 -1.149451 -0.007133 0.720749 -0.037940 0.692120
1788249673.710641861 -2.297308 0.038389 -1.149739 -0.007153 0.720474 -0.037752 0.692417
1788249673.743980169 -2.292969 0.038779 -1.147810 -0.007043 0.720422 -0.037685 0.692476
1788249673.777318716 -2.287350 0.036591 -1.147784 -0.007097 0.720031 -0.037387 0.692897
1788249673.810657024 -2.280630 0.041507 -1.148236 -0.006518 0.719599 -0.037907 0.693323
1788249673.843995571 -2.275056 0.039831 -1.150931 -0.006571 0.719062 -0.037766 0.693887
1788249673.877333879 -2.270869 0.038657 -1.149339 -0.006445 0.718929 -0.037667 0.694033
1788249673.910671949 -2.264500 0.039014 -1.148684 -0.006445 0.718723 -0.037434 0.694258
1788249673.944010258 -2.258841 0.040226 -1.147489 -0.006607 0.718529 -0.037434 0.694458
1788249673.977348804 -2.253532 0.039853 -1.148178 -0.006759 0.718215 -0.037074 0.694800
1788249674.010686874 -2.248236 0.040091 -1.147795 -0.006838 0.717912 -0.036903 0.695121
1788249674.044024944 -2.240585 0.039150 -1.149668 -0.006836 0.717443 -0.036440 0.695629
1788249674.077363014 -2.234482 0.040696 -1.147875 -0.006894 0.717380 -0.036462 0.695693
1788249674.110700369 -2.229299 0.039794 -1.149388 -0.006982 0.716900 -0.036108 0.696205
1788249674.144038439 -2.223035 0.039919 -1.148365 -0.006862 0.716558 -0.035939 0.696568
1788249674.177376270 -2.217186 0.039871 -1.148923 -0.006774 0.716021 -0.035967 0.697118
1788249674.210714579 -2.211097 0.040998 -1.148817 -0.006614 0.715581 -0.036136 0.697563
1788249674.244052410 -2.205048 0.039835 -1.149807 -0.006664 0.714993 -0.036096 0.698168
1788249674.277390242 -2.200183 0.043594 -1.148821 -0.006346 0.714555 -0.036329 0.698606
1788249674.310728312 -2.195446 0.041587 -1.145642 -0.006654 0.714374 -0.036115 0.698800
1788249674.344065905 -2.189426 0.041296 -1.147171 -0.006649 0.713715 -0.036322 0.699462
1788249674.377403975 -2.184369 0.041889 -1.145817 -0.006776 0.713132 -0.036431 0.700049
1788249674.410741806 -2.177611 0.040030 -1.144433 -0.007102 0.712522 -0.036016 0.700689
1788249674.444079399 -2.172617 0.043528 -1.144088 -0.006753 0.711894 -0.036180 0.701322
1788249674.477417231 -2.165429 0.043530 -1.145970 -0.006508 0.711269 -0.035849 0.701975
1788249674.510754824 -2.159633 0.042871 -1.145748 -0.006342 0.710761 -0.035674 0.702500
1788249674.544092417 -2.154308 0.041188 -1.143487 -0.006532 0.710246 -0.035549 0.703025
1788249674.577429295 -2.148167 0.042580 -1.144468 -0.006274 0.709490 -0.035798 0.703778
1788249674.610768557 -2.142958 0.044747 -1.144465 -0.005850 0.708938 -0.035936 0.704331
1788249674.644109488 -2.136693 0.042239 -1.145539 -0.005833 0.708330 -0.035500 0.704964
1788249674.677450657 -2.132396 0.043820 -1.143228 -0.005857 0.707870 -0.035652 0.705418
1788249674.710791588 -2.126812 0.045724 -1.140568 -0.005782 0.707467 -0.035924 0.705809
1788249674.744132757 -2.120318 0.044258 -1.140921 -0.006014 0.706884 -0.035664 0.706405
1788249674.777473688 -2.116416 0.043264 -1.138804 -0.006060 0.706520 -0.035516 0.706775
1788249674.810815096 -2.111264 0.043873 -1.138649 -0.006101 0.705931 -0.035464 0.707365
1788249674.844156027 -2.104904 0.043465 -1.139397 -0.006126 0.705285 -0.035285 0.708018
1788249674.877497196 -2.099210 0.046200 -1.138742 -0.005787 0.704789 -0.035273 0.708516
1788249674.910838366 -2.092557 0.045640 -1.138374 -0.006066 0.704035 -0.035187 0.709267
1788249674.944179773 -2.087705 0.045552 -1.136562 -0.006255 0.703486 -0.035238 0.709807
1788249674.977520704 -2.082775 0.045744 -1.136199 -0.006249 0.703013 -0.034943 0.710291
1788249675.010861158 -2.076573 0.046445 -1.135876 -0.006360 0.702542 -0.034707 0.710767
1788249675.044202566 -2.069408 0.045157 -1.135140 -0.006532 0.702050 -0.034184 0.711277
1788249675.077543736 -2.064029 0.047729 -1.135354 -0.006236 0.701539 -0.034355 0.711775
1788249675.110885143 -2.058878 0.046409 -1.134339 -0.006419 0.701080 -0.034144 0.712236
1788249675.144226313 -2.051018 0.046122 -1.132365 -0.006602 0.700464 -0.033849 0.712854
1788249675.177567959 -2.045557 0.049063 -1.132195 -0.006456 0.699713 -0.034027 0.713584
1788249675.210909367 -2.040743 0.050301 -1.130885 -0.006467 0.699342 -0.034085 0.713945
1788249675.244250774 -2.034642 0.051362 -1.132355 -0.006457 0.698539 -0.034025 0.714734
1788249675.277592182 -2.028008 0.050218 -1.132327 -0.006443 0.697886 -0.033820 0.715381
1788249675.310933590 -2.022810 0.050444 -1.131036 -0.006459 0.697350 -0.033970 0.715896
1788249675.344275236 -2.016578 0.049957 -1.128355 -0.006557 0.696950 -0.033729 0.716296
1788249675.377616644 -2.010540 0.048373 -1.128750 -0.006604 0.696377 -0.032968 0.716889
1788249675.410958529 -2.005850 0.047434 -1.128115 -0.006839 0.695870 -0.032682 0.717391
1788249675.444298506 -1.998418 0.053765 -1.125184 -0.006351 0.695528 -0.033026 0.717711
1788249675.477640629 -1.993289 0.048994 -1.126170 -0.006838 0.694783 -0.032486 0.718453
1788249675.510982037 -1.988773 0.052806 -1.123419 -0.006576 0.694396 -0.032973 0.718807
1788249675.544323683 -1.983797 0.051418 -1.124974 -0.006582 0.693627 -0.032628 0.719565
1788249675.577665329 -1.976844 0.049820 -1.122722 -0.006899 0.693257 -0.032373 0.719930
1788249675.611004591 -1.971121 0.049669 -1.122785 -0.007027 0.692843 -0.032146 0.720337
1788249675.644340277 -1.964867 0.053102 -1.121628 -0.006763 0.692501 -0.032506 0.720652
1788249675.677676439 -1.958830 0.056435 -1.120039 -0.006478 0.692061 -0.032605 0.721073
1788249675.711012125 -1.952994 0.053824 -1.121113 -0.006848 0.691423 -0.032217 0.721699
1788249675.744348288 -1.945674 0.052683 -1.121025 -0.007145 0.690888 -0.032009 0.722217
1788249675.777683735 -1.941477 0.053487 -1.118697 -0.006943 0.690735 -0.032091 0.722362
1788249675.811019659 -1.936517 0.053225 -1.118575 -0.006821 0.690218 -0.032053 0.722859
1788249675.844355345 -1.930701 0.054829 -1.119180 -0.006439 0.689518 -0.032133 0.723526
1788249675.877691031 -1.924970 0.054625 -1.117462 -0.006581 0.688988 -0.032310 0.724022
1788249675.911025763 -1.920922 0.054068 -1.116045 -0.006558 0.688521 -0.032380 0.724463
1788249675.944360971 -1.915985 0.052992 -1.115277 -0.006359 0.688196 -0.032045 0.724789
1788249675.977696657 -1.908305 0.052967 -1.115524 -0.005987 0.687784 -0.031815 0.725194
1788249676.011032104 -1.904724 0.057776 -1.116032 -0.005212 0.687295 -0.032554 0.725630
1788249676.044367552 -1.898954 0.054755 -1.112177 -0.005293 0.687197 -0.032407 0.725729
1788249676.077702999 -1.893552 0.056521 -1.112040 -0.005125 0.687071 -0.032665 0.725838
1788249676.111038208 -1.888397 0.054614 -1.114187 -0.005104 0.686730 -0.032308 0.726176
1788249676.144373417 -1.881940 0.053061 -1.113505 -0.005185 0.686647 -0.032017 0.726267
1788249676.177708626 -1.876802 0.053526 -1.110215 -0.005188 0.687029 -0.032449 0.725886
1788249676.211043596 -1.873076 0.051130 -1.111684 -0.005246 0.686809 -0.032361 0.726098
1788249676.244379044 -1.866910 0.056262 -1.110889 -0.004678 0.686668 -0.032996 0.726207
1788249676.277714014 -1.860335 0.055400 -1.113454 -0.004857 0.686248 -0.032870 0.726609
1788249676.311048746 -1.855712 0.052247 -1.112835 -0.005380 0.686168 -0.032588 0.726693
1788249676.344382763 -1.847937 0.054982 -1.112118 -0.005078 0.686180 -0.032439 0.726690
1788249676.377717972 -1.841062 0.053527 -1.112460 -0.005425 0.686113 -0.031875 0.726776
1788249676.411052942 -1.835436 0.053826 -1.111479 -0.005391 0.686153 -0.031881 0.726738
1788249676.444387436 -1.829016 0.054283 -1.109257 -0.005599 0.686152 -0.032078 0.726729
1788249676.477722168 -1.822372 0.057276 -1.109092 -0.005257 0.686212 -0.032190 0.726670
1788249676.511056900 -1.815632 0.059326 -1.112386 -0.004905 0.685830 -0.031972 0.727043
1788249676.544391870 -1.811464 0.055417 -1.107408 -0.005532 0.686218 -0.031832 0.726678
1788249676.577726364 -1.806508 0.055338 -1.107788 -0.005274 0.686173 -0.031863 0.726721
1788249676.611061573 -1.799777 0.056481 -1.110080 -0.005043 0.685896 -0.032218 0.726969
1788249676.644397974 -1.792639 0.056560 -1.108321 -0.005128 0.685933 -0.031835 0.726950
1788249676.677733898 -1.786631 0.055422 -1.108086 -0.005463 0.685807 -0.031562 0.727078
1788249676.711070061 -1.780436 0.055529 -1.108526 -0.005540 0.685757 -0.031335 0.727134
1788249676.744406462 -1.774016 0.057612 -1.106754 -0.005432 0.685963 -0.031509 0.726934
1788249676.777741432 -1.766734 0.056175 -1.107837 -0.005706 0.685755 -0.031198 0.727141
1788249676.811077118 -1.760882 0.058367 -1.107055 -0.005356 0.685811 -0.031633 0.727072
1788249676.844413280 -1.755462 0.058431 -1.109486 -0.005176 0.685658 -0.031500 0.727224
1788249676.877748966 -1.750285 0.056180 -1.108854 -0.005486 0.685773 -0.031221 0.727125
1788249676.911084890 -1.743237 0.058438 -1.107364 -0.005332 0.685846 -0.031630 0.727040
1788249676.944420576 -1.737855 0.055862 -1.105812 -0.005775 0.685890 -0.031667 0.726993
1788249676.977756262 -1.731621 0.056302 -1.107451 -0.005646 0.685566 -0.031869 0.727291
1788249677.011091709 -1.725899 0.054511 -1.105323 -0.005814 0.685740 -0.031640 0.727135
1788249677.044427633 -1.718690 0.053851 -1.105928 -0.005902 0.685532 -0.031214 0.727349
1788249677.077763081 -1.712419 0.054990 -1.105381 -0.005859 0.685457 -0.031331 0.727415
1788249677.111098766 -1.706939 0.055521 -1.105439 -0.005705 0.685382 -0.031020 0.727501
1788249677.144434214 -1.700242 0.056184 -1.105037 -0.005741 0.685347 -0.030689 0.727547
1788249677.177769661 -1.693381 0.056806 -1.106372 -0.005662 0.685046 -0.030650 0.727833
1788249677.211104155 -1.688013 0.056806 -1.104084 -0.005556 0.685388 -0.030814 0.727505
1788249677.244439363 -1.680774 0.053868 -1.106837 -0.005608 0.685458 -0.030119 0.727468
1788249677.277774811 -1.675914 0.053131 -1.105027 -0.005727 0.685704 -0.030130 0.727234
1788249677.311110020 -1.669667 0.055320 -1.105178 -0.005455 0.685568 -0.030289 0.727358
1788249677.344445229 -1.665935 0.056003 -1.103875 -0.005125 0.685655 -0.030614 0.727265
1788249677.377780437 -1.658856 0.055076 -1.103698 -0.004974 0.685704 -0.030575 0.727221
1788249677.411115408 -1.651532 0.056568 -1.105271 -0.004831 0.685436 -0.030810 0.727465
1788249677.444450617 -1.646762 0.056257 -1.104941 -0.004736 0.685307 -0.030697 0.727592
1788249677.477785349 -1.640936 0.057892 -1.105239 -0.004422 0.685091 -0.030637 0.727800
1788249677.511120558 -1.633957 0.057912 -1.106827 -0.004175 0.684847 -0.029864 0.728062
1788249677.544455528 -1.628159 0.056686 -1.106759 -0.004484 0.684712 -0.029751 0.728192
1788249677.577790022 -1.621444 0.053920 -1.105502 -0.004762 0.684700 -0.029328 0.728219
1788249677.611125946 -1.615530 0.055440 -1.106736 -0.004422 0.684599 -0.029506 0.728309
1788249677.644461870 -1.610782 0.056306 -1.104634 -0.004332 0.685181 -0.029769 0.727751
1788249677.677797556 -1.603867 0.060913 -1.103812 -0.003759 0.685396 -0.030344 0.727528
1788249677.711133480 -1.597533 0.058092 -1.104295 -0.004174 0.685058 -0.029831 0.727865
1788249677.744469881 -1.591798 0.057954 -1.104616 -0.004132 0.684983 -0.029871 0.727935
1788249677.777806044 -1.586330 0.058721 -1.103536 -0.003812 0.685229 -0.030253 0.727689
1788249677.811142206 -1.580832 0.063026 -1.103299 -0.003223 0.685379 -0.030986 0.727520
1788249677.844478130 -1.575287 0.059224 -1.102367 -0.003693 0.685332 -0.030700 0.727574
1788249677.877814293 -1.567829 0.058467 -1.104194 -0.003726 0.684793 -0.030015 0.728110
1788249677.911150217 -1.561371 0.060743 -1.103643 -0.003686 0.684650 -0.030139 0.728239
1788249677.944486141 -1.554917 0.057561 -1.105926 -0.003915 0.684298 -0.029545 0.728593
1788249677.977822065 -1.549363 0.060900 -1.102434 -0.003363 0.684731 -0.030280 0.728159
1788249678.011158228 -1.544819 0.059516 -1.104341 -0.003347 0.684584 -0.030122 0.728303
1788249678.044493675 -1.538246 0.061080 -1.104106 -0.003245 0.684602 -0.030421 0.728275
1788249678.077829599 -1.532573 0.059121 -1.103230 -0.003288 0.684662 -0.030082 0.728232
1788249678.111164331 -1.526973 0.058978 -1.103437 -0.003123 0.684648 -0.030251 0.728239
1788249678.144499779 -1.521181 0.058910 -1.102402 -0.002958 0.684853 -0.030388 0.728041
1788249678.177835703 -1.514948 0.059400 -1.102339 -0.002737 0.684761 -0.030349 0.728130
1788249678.211170912 -1.509013 0.057951 -1.102754 -0.003080 0.684572 -0.030232 0.728312
1788249678.244506836 -1.502314 0.058230 -1.101269 -0.003314 0.684528 -0.030405 0.728345
1788249678.277842045 -1.496388 0.058251 -1.102137 -0.003514 0.684381 -0.030237 0.728489
1788249678.311177492 -1.489171 0.061361 -1.102316 -0.003172 0.684482 -0.030226 0.728396
1788249678.344513178 -1.482805 0.063447 -1.101039 -0.003206 0.684596 -0.030401 0.728282
1788249678.377848148 -1.476350 0.063524 -1.100087 -0.003627 0.684619 -0.030491 0.728254
1788249678.411183834 -1.469621 0.061855 -1.099666 -0.003898 0.684722 -0.030298 0.728164
1788249678.444519043 -1.463343 0.061740 -1.099487 -0.003872 0.684784 -0.030377 0.728103
1788249678.477854013 -1.458097 0.059235 -1.098681 -0.004191 0.684743 -0.029926 0.728158
1788249678.511189461 -1.452154 0.059422 -1.096286 -0.004109 0.684829 -0.030246 0.728064
1788249678.544523478 -1.446507 0.058305 -1.096671 -0.004095 0.684750 -0.030557 0.728126
1788249678.577858448 -1.440190 0.056908 -1.096650 -0.004328 0.684715 -0.030256 0.728170
1788249678.611195326 -1.434550 0.058675 -1.096451 -0.004156 0.684510 -0.030467 0.728355
1788249678.644533873 -1.428706 0.059072 -1.097638 -0.003961 0.684298 -0.030400 0.728558
1788249678.677872419 -1.421924 0.057590 -1.096851 -0.004237 0.684490 -0.029894 0.728397
1788249678.711211205 -1.416435 0.058208 -1.095292 -0.004446 0.684530 -0.030237 0.728343
1788249678.744549751 -1.410776 0.059271 -1.095215 -0.004283 0.684415 -0.030494 0.728442
1788249678.777888298 -1.405166 0.058896 -1.094811 -0.004182 0.684453 -0.030688 0.728399
1788249678.811227083 -1.398651 0.058951 -1.094729 -0.004124 0.684522 -0.031076 0.728318
1788249678.844565392 -1.394084 0.058653 -1.092530 -0.003912 0.684650 -0.031322 0.728188
1788249678.877903938 -1.388055 0.057437 -1.093524 -0.003553 0.684558 -0.031056 0.728288
1788249678.911242723 -1.382032 0.059602 -1.096906 -0.002920 0.684182 -0.031538 0.728623
1788249678.944581032 -1.376257 0.059378 -1.097598 -0.002968 0.684048 -0.031474 0.728752
1788249678.977919579 -1.369843 0.060598 -1.094790 -0.002947 0.684211 -0.031696 0.728589
1788249679.011257172 -1.364534 0.060805 -1.095381 -0.002974 0.684005 -0.031880 0.728774
1788249679.044595480 -1.357691 0.059420 -1.093399 -0.003376 0.684084 -0.031583 0.728711
1788249679.077934027 -1.350679 0.058056 -1.093129 -0.004005 0.684066 -0.031348 0.728735
1788249679.111272573 -1.344859 0.058157 -1.092514 -0.004215 0.683923 -0.031232 0.728873
1788249679.144610882 -1.338859 0.059044 -1.090359 -0.004110 0.684137 -0.031349 0.728668
1788249679.177949190 -1.332609 0.057831 -1.090793 -0.004208 0.684128 -0.031160 0.728684
1788249679.211287975 -1.326768 0.057549 -1.091800 -0.004187 0.683951 -0.031323 0.728844
1788249679.244626284 -1.321453 0.058952 -1.091314 -0.003976 0.683786 -0.031571 0.728988
1788249679.277964592 -1.315440 0.057045 -1.091009 -0.004128 0.683835 -0.031175 0.728959
1788249679.311303139 -1.308623 0.056265 -1.090252 -0.004187 0.684028 -0.030863 0.728791
1788249679.344641447 -1.303254 0.058055 -1.090690 -0.003716 0.683898 -0.030950 0.728912
1788249679.377979755 -1.297228 0.056646 -1.090268 -0.003847 0.683852 -0.030859 0.728957
1788249679.411318064 -1.290695 0.057978 -1.089286 -0.003872 0.683873 -0.030849 0.728939
1788249679.444655657 -1.283977 0.058533 -1.089303 -0.004189 0.683842 -0.030969 0.728960
1788249679.477993727 -1.277639 0.058716 -1.089093 -0.004185 0.683747 -0.030787 0.729058
1788249679.511332273 -1.271885 0.058519 -1.090388 -0.004216 0.683551 -0.030861 0.729238
1788249679.544670582 -1.265217 0.059468 -1.089445 -0.003881 0.683807 -0.031005 0.728994
1788249679.578008652 -1.259754 0.059506 -1.088385 -0.003905 0.683874 -0.031021 0.728930
1788249679.611348152 -1.255219 0.058709 -1.085517 -0.004141 0.684027 -0.031371 0.728770
1788249679.644688606 -1.248988 0.057949 -1.087551 -0.004085 0.683686 -0.031189 0.729098
1788249679.678028822 -1.243792 0.056037 -1.085557 -0.004351 0.684012 -0.031158 0.728792
1788249679.711369514 -1.236744 0.056260 -1.086617 -0.004137 0.683887 -0.030979 0.728918
1788249679.744709969 -1.230239 0.057295 -1.087305 -0.003583 0.683812 -0.030883 0.728996
1788249679.778050661 -1.225464 0.056967 -1.087995 -0.003684 0.683716 -0.030955 0.729082
1788249679.811391115 -1.219003 0.057696 -1.087026 -0.003762 0.683690 -0.031132 0.729099
1788249679.844731569 -1.212998 0.056937 -1.087052 -0.003904 0.683493 -0.031130 0.729283
1788249679.878072262 -1.207211 0.059195 -1.085608 -0.003450 0.683661 -0.031375 0.729117
1788249679.911411762 -1.200015 0.057965 -1.085175 -0.003401 0.683693 -0.031310 0.729090
1788249679.944752216 -1.195586 0.056260 -1.086720 -0.003114 0.683594 -0.031133 0.729192
1788249679.978092909 -1.189889 0.057053 -1.085588 -0.002783 0.683649 -0.031301 0.729134
1788249680.011433601 -1.184206 0.057396 -1.084455 -0.002453 0.683687 -0.031549 0.729089
1788249680.044774055 -1.179003 0.056083 -1.084987 -0.002278 0.683606 -0.031564 0.729165
1788249680.078114510 -1.173161 0.055566 -1.084370 -0.002087 0.683676 -0.031522 0.729102
1788249680.111454725 -1.167441 0.055415 -1.085623 -0.001946 0.683611 -0.031430 0.729167
1788249680.144795418 -1.162666 0.055740 -1.087710 -0.001492 0.683452 -0.031248 0.729325
1788249680.178136110 -1.154968 0.054392 -1.088760 -0.001509 0.683212 -0.031058 0.729558
1788249680.211476564 -1.147792 0.056650 -1.085805 -0.001577 0.683387 -0.031575 0.729371
1788249680.244817257 -1.143863 0.056441 -1.086212 -0.001624 0.683337 -0.031805 0.729408
1788249680.278157949 -1.137188 0.056045 -1.084874 -0.001591 0.683531 -0.031549 0.729238
1788249680.311498642 -1.131543 0.055668 -1.086293 -0.001402 0.683475 -0.031410 0.729297
1788249680.344838142 -1.125419 0.055520 -1.086220 -0.001254 0.683441 -0.031358 0.729331
1788249680.378178835 -1.119853 0.054984 -1.085805 -0.001447 0.683435 -0.031260 0.729341
1788249680.411519289 -1.112940 0.055621 -1.084640 -0.001507 0.683463 -0.031603 0.729300
1788249680.444859982 -1.106979 0.057668 -1.083050 -0.001362 0.683490 -0.031917 0.729261
1788249680.478200436 -1.100320 0.058166 -1.083197 -0.001349 0.683402 -0.031820 0.729347
1788249680.511541128 -1.094471 0.057281 -1.083532 -0.001460 0.683397 -0.031609 0.729361
1788249680.544881821 -1.089125 0.057685 -1.083553 -0.001352 0.683266 -0.031751 0.729478
1788249680.578222513 -1.083053 0.056874 -1.082785 -0.001623 0.683237 -0.031459 0.729517
1788249680.611562014 -1.076035 0.058079 -1.082197 -0.001716 0.683210 -0.031752 0.729529
1788249680.644900799 -1.072462 0.055411 -1.082760 -0.002106 0.683091 -0.031382 0.729656
1788249680.678239107 -1.066056 0.057254 -1.082378 -0.001734 0.683253 -0.031530 0.729499
1788249680.711577654 -1.060414 0.056863 -1.081959 -0.001634 0.683373 -0.031350 0.729394
1788249680.744915962 -1.053737 0.056400 -1.082848 -0.001529 0.683156 -0.031106 0.729608
1788249680.778253317 -1.047903 0.056143 -1.083017 -0.001417 0.683036 -0.031130 0.729720
1788249680.811591864 -1.041560 0.056874 -1.081986 -0.001334 0.683099 -0.031293 0.729654
1788249680.844930172 -1.037319 0.058271 -1.081474 -0.001045 0.683170 -0.031273 0.729589
1788249680.878268719 -1.030785 0.055976 -1.082344 -0.001389 0.683083 -0.030947 0.729683
1788249680.911607265 -1.023825 0.058473 -1.082579 -0.000826 0.683054 -0.031253 0.729698
1788249680.944945574 -1.018800 0.057678 -1.081855 -0.001114 0.683069 -0.031052 0.729693
1788249680.978283882 -1.011933 0.056566 -1.081686 -0.001782 0.682960 -0.031121 0.729790
1788249681.011621952 -1.004603 0.056581 -1.080236 -0.002019 0.683055 -0.031030 0.729705
1788249681.044960260 -0.996607 0.055802 -1.080812 -0.002234 0.683052 -0.030472 0.729731
1788249681.078298807 -0.990244 0.059326 -1.080031 -0.001906 0.683236 -0.030791 0.729546
1788249681.111636877 -0.983732 0.058157 -1.080743 -0.001908 0.683031 -0.030379 0.729755
1788249681.144974947 -0.978126 0.057710 -1.079327 -0.002004 0.683073 -0.030669 0.729704
1788249681.178313255 -0.971766 0.057305 -1.079791 -0.001964 0.682924 -0.030556 0.729848
1788249681.211651325 -0.966450 0.058889 -1.078800 -0.001797 0.683074 -0.030864 0.729695
1788249681.244988441 -0.960332 0.057979 -1.078761 -0.001938 0.683069 -0.030631 0.729709
1788249681.278326988 -0.954869 0.057548 -1.079186 -0.001842 0.683032 -0.030540 0.729748
1788249681.311665058 -0.948571 0.059228 -1.076969 -0.001760 0.683230 -0.031023 0.729542
1788249681.345003128 -0.942136 0.058847 -1.077346 -0.002110 0.683025 -0.031213 0.729724
1788249681.378340960 -0.936602 0.059008 -1.076076 -0.002255 0.682992 -0.031342 0.729750
1788249681.411679029 -0.929293 0.059703 -1.075011 -0.002227 0.683077 -0.031596 0.729659
1788249681.445017099 -0.925118 0.057906 -1.075034 -0.002291 0.683211 -0.031384 0.729543
1788249681.478355169 -0.919286 0.056445 -1.076462 -0.002056 0.683090 -0.031201 0.729665
1788249681.511693239 -0.913310 0.057232 -1.074893 -0.001714 0.683140 -0.031663 0.729599
1788249681.545031071 -0.907553 0.057196 -1.075803 -0.001392 0.683064 -0.031754 0.729667
1788249681.578369141 -0.901734 0.057391 -1.073810 -0.001243 0.683280 -0.031949 0.729456
1788249681.611708879 -0.896322 0.057974 -1.073039 -0.000993 0.683244 -0.032394 0.729470
1788249681.645051003 -0.891815 0.057507 -1.074069 -0.000825 0.683089 -0.032508 0.729611
1788249681.678392172 -0.886270 0.057758 -1.073525 -0.000778 0.683050 -0.032886 0.729630
1788249681.711734056 -0.878463 0.058919 -1.071250 -0.000650 0.683163 -0.033110 0.729515
1788249681.745076656 -0.872988 0.058715 -1.070477 -0.000977 0.683155 -0.033129 0.729521
1788249681.778418779 -0.865916 0.060570 -1.069622 -0.001203 0.683046 -0.033439 0.729608
1788249681.811760664 -0.859464 0.061030 -1.069928 -0.001220 0.683016 -0.033127 0.729651
1788249681.845103264 -0.853286 0.059325 -1.069036 -0.001614 0.683237 -0.032933 0.729452
1788249681.878445387 -0.847834 0.059466 -1.070428 -0.001357 0.683199 -0.032767 0.729495
1788249681.911787271 -0.840740 0.060370 -1.068332 -0.001262 0.683315 -0.032802 0.729386
1788249681.945129871 -0.835488 0.060776 -1.068908 -0.001283 0.682970 -0.033136 0.729694
1788249681.978471994 -0.829914 0.059456 -1.068147 -0.001686 0.682896 -0.033231 0.729758
1788249682.011814356 -0.823053 0.060966 -1.066782 -0.001438 0.683099 -0.033470 0.729557
1788249682.045156479 -0.817463 0.060828 -1.067846 -0.001370 0.682914 -0.033313 0.729738
1788249682.078498602 -0.811285 0.060737 -1.066800 -0.001531 0.682961 -0.033455 0.729687
1788249682.111839771 -0.805032 0.059387 -1.066441 -0.001764 0.682941 -0.033121 0.729720
1788249682.145182371 -0.798241 0.060892 -1.064879 -0.002049 0.683025 -0.033491 0.729624
1788249682.178524494 -0.791822 0.061634 -1.064418 -0.002083 0.683066 -0.033349 0.729591
1788249682.211866617 -0.785541 0.061818 -1.064871 -0.001914 0.683038 -0.033104 0.729630
1788249682.245209217 -0.779313 0.061453 -1.064196 -0.002143 0.683191 -0.033320 0.729476
1788249682.278551340 -0.773105 0.059946 -1.064374 -0.002368 0.683190 -0.033004 0.729490
1788249682.311893702 -0.765797 0.061308 -1.062564 -0.002401 0.683176 -0.033269 0.729491
1788249682.345235825 -0.759501 0.062079 -1.060184 -0.002559 0.683297 -0.033407 0.729371
1788249682.378578186 -0.753717 0.062367 -1.059444 -0.002504 0.683391 -0.033502 0.729279
1788249682.411920547 -0.747713 0.061881 -1.060282 -0.002615 0.683198 -0.033487 0.729460
1788249682.445262671 -0.741784 0.062296 -1.060303 -0.002417 0.683080 -0.033471 0.729572
1788249682.478605270 -0.735319 0.061672 -1.060506 -0.002453 0.683007 -0.033207 0.729653
1788249682.511947393 -0.730075 0.061003 -1.060424 -0.002689 0.682897 -0.033230 0.729754
1788249682.545289755 -0.724064 0.062633 -1.059070 -0.002744 0.682910 -0.033613 0.729724
1788249682.578631163 -0.715536 0.061068 -1.058300 -0.003196 0.682977 -0.032962 0.729689
1788249682.611972570 -0.707923 0.062394 -1.057949 -0.002994 0.683119 -0.032600 0.729573
1788249682.645312786 -0.701709 0.062371 -1.058480 -0.002818 0.683128 -0.032657 0.729563
1788249682.678653240 -0.696410 0.061703 -1.058539 -0.002690 0.683199 -0.032605 0.729499
1788249682.711993456 -0.690772 0.062241 -1.057706 -0.002615 0.683246 -0.032777 0.729447
1788249682.745333910 -0.685985 0.061754 -1.058595 -0.002402 0.683103 -0.032643 0.729589
1788249682.778674364 -0.680397 0.062161 -1.058002 -0.002199 0.683283 -0.032814 0.729413
1788249682.812014103 -0.674490 0.060881 -1.057735 -0.002220 0.683311 -0.032704 0.729391
1788249682.845354557 -0.668435 0.060863 -1.058262 -0.002029 0.683081 -0.032576 0.729613
1788249682.878695011 -0.661509 0.063094 -1.056753 -0.001864 0.683061 -0.032828 0.729620
1788249682.912035227 -0.656217 0.064213 -1.053742 -0.002020 0.683177 -0.033244 0.729493
1788249682.945375681 -0.650405 0.064374 -1.052934 -0.002080 0.683079 -0.033253 0.729584
1788249682.978715897 -0.644505 0.065546 -1.052369 -0.002057 0.683056 -0.033294 0.729603
1788249683.012055159 -0.638174 0.064929 -1.052224 -0.002121 0.682938 -0.033076 0.729724
1788249683.045395374 -0.632617 0.064297 -1.053663 -0.001840 0.682680 -0.033106 0.729965
1788249683.078735828 -0.626366 0.064863 -1.053112 -0.001738 0.682949 -0.033298 0.729705
1788249683.112076044 -0.621343 0.063836 -1.053442 -0.001565 0.682941 -0.032848 0.729733
1788249683.145416260 -0.615674 0.064745 -1.053233 -0.001582 0.682671 -0.033184 0.729970
1788249683.178756714 -0.609824 0.064755 -1.052621 -0.001476 0.682693 -0.033132 0.729952
1788249683.212097168 -0.604880 0.063236 -1.052247 -0.001177 0.682849 -0.033004 0.729812
1788249683.245437145 -0.599136 0.062493 -1.052149 -0.001146 0.682797 -0.033210 0.729852
1788249683.278777361 -0.592590 0.063907 -1.052736 -0.000846 0.682466 -0.033011 0.730171
1788249683.312117815 -0.587244 0.063942 -1.050508 -0.001371 0.682404 -0.033128 0.730223
1788249683.345458031 -0.579933 0.065350 -1.048093 -0.001434 0.682501 -0.033302 0.730125
1788249683.378798485 -0.572463 0.064894 -1.048884 -0.001620 0.682083 -0.032798 0.730537
1788249683.412138939 -0.567430 0.064648 -1.048891 -0.001803 0.681701 -0.032732 0.730897
1788249683.445478201 -0.561763 0.065006 -1.047668 -0.001557 0.681451 -0.033038 0.731116
1788249683.478818417 -0.556341 0.065205 -1.048769 -0.001106 0.680717 -0.032827 0.731810
1788249683.512158871 -0.550854 0.065094 -1.045387 -0.001417 0.680495 -0.033068 0.732005
1788249683.545499086 -0.546081 0.063026 -1.046179 -0.001835 0.679757 -0.033014 0.732691
1788249683.578839064 -0.540616 0.060799 -1.045312 -0.002031 0.679308 -0.032557 0.733128
1788249683.612181902 -0.534648 0.060362 -1.044265 -0.002318 0.678699 -0.032796 0.733680
1788249683.645527124 -0.527769 0.060833 -1.043915 -0.002244 0.678154 -0.032534 0.734196
1788249683.678872585 -0.523106 0.061205 -1.044207 -0.002308 0.677601 -0.032569 0.734705
1788249683.712218285 -0.516753 0.060782 -1.043008 -0.002465 0.677188 -0.032185 0.735102
1788249683.745563745 -0.511231 0.062616 -1.040805 -0.002465 0.676814 -0.032664 0.735425
1788249683.778909445 -0.504999 0.062782 -1.037722 -0.002710 0.676419 -0.033028 0.735771
1788249683.812255383 -0.498683 0.063402 -1.036758 -0.002765 0.675803 -0.032957 0.736340
1788249683.845600843 -0.493026 0.063844 -1.034964 -0.002966 0.675334 -0.032779 0.736778
1788249683.878945589 -0.486096 0.062962 -1.034593 -0.003194 0.674761 -0.031912 0.737339
1788249683.912291765 -0.479709 0.063137 -1.032759 -0.003357 0.674397 -0.031946 0.737670
1788249683.945637226 -0.474711 0.063308 -1.032422 -0.003423 0.673770 -0.032004 0.738240
1788249683.978983164 -0.468209 0.062606 -1.031842 -0.003666 0.672887 -0.031844 0.739050
1788249684.012329578 -0.462856 0.062667 -1.030042 -0.003553 0.672415 -0.031787 0.739483
1788249684.045675278 -0.457086 0.064059 -1.028116 -0.003306 0.672100 -0.032006 0.739761
1788249684.079021692 -0.451674 0.061963 -1.027158 -0.003634 0.671476 -0.031844 0.740333
1788249684.112367630 -0.447258 0.060920 -1.025964 -0.003504 0.670899 -0.031994 0.740850
1788249684.145714045 -0.441358 0.061295 -1.023624 -0.003434 0.670464 -0.032335 0.741229
1788249684.179059982 -0.434735 0.061757 -1.023155 -0.003131 0.669766 -0.032082 0.741872
1788249684.212406397 -0.429350 0.062494 -1.021220 -0.003290 0.669249 -0.032430 0.742323
1788249684.245752573 -0.423070 0.063193 -1.018984 -0.003327 0.668761 -0.032630 0.742754
1788249684.279099226 -0.418650 0.062041 -1.018514 -0.003633 0.668001 -0.032376 0.743447
1788249684.312445641 -0.411990 0.062557 -1.016261 -0.003647 0.667457 -0.032470 0.743931
1788249684.345791101 -0.406470 0.062317 -1.015096 -0.003544 0.666935 -0.032301 0.744407
1788249684.379137993 -0.400780 0.062709 -1.014254 -0.003287 0.666441 -0.032020 0.744863
1788249684.412484407 -0.395422 0.062228 -1.012665 -0.003382 0.665921 -0.031986 0.745329
1788249684.445831299 -0.390760 0.062252 -1.013002 -0.003049 0.665034 -0.031926 0.746124
1788249684.479177952 -0.384346 0.063185 -1.010623 -0.002872 0.664658 -0.032224 0.746447
1788249684.512524366 -0.378641 0.062552 -1.008228 -0.002929 0.664297 -0.032121 0.746772
1788249684.545871496 -0.373716 0.062956 -1.007773 -0.002628 0.663722 -0.031888 0.747295
1788249684.579218388 -0.367009 0.062360 -1.006561 -0.002968 0.663139 -0.031634 0.747822
1788249684.612563372 -0.360062 0.063139 -1.004607 -0.003067 0.662706 -0.031836 0.748196
1788249684.645905495 -0.354111 0.062802 -1.003395 -0.003396 0.661945 -0.031914 0.748865
1788249684.679248333 -0.349190 0.063170 -1.000620 -0.003896 0.661334 -0.032173 0.749391
1788249684.712590694 -0.342444 0.063640 -0.999388 -0.003864 0.660627 -0.031845 0.750029
1788249684.745933056 -0.336205 0.065045 -0.997499 -0.003852 0.660169 -0.031704 0.750438
1788249684.779274940 -0.330016 0.065581 -0.996149 -0.003959 0.659524 -0.031571 0.751009
1788249684.812617302 -0.325965 0.064972 -0.995950 -0.004004 0.658864 -0.031561 0.751589
1788249684.845960140 -0.320001 0.064899 -0.993511 -0.003935 0.658383 -0.031705 0.752005
1788249684.879302502 -0.314671 0.066108 -0.991720 -0.003576 0.657774 -0.031805 0.752535
1788249684.912645578 -0.307627 0.065863 -0.990167 -0.004085 0.656870 -0.031838 0.753321
1788249684.945987940 -0.303061 0.065796 -0.987942 -0.004207 0.656193 -0.031719 0.753915
1788249684.979330778 -0.297094 0.065756 -0.986170 -0.004216 0.655451 -0.031789 0.754556
1788249685.012673378 -0.290375 0.065939 -0.984333 -0.004180 0.654657 -0.031690 0.755250
1788249685.046016216 -0.284928 0.066024 -0.982489 -0.004266 0.653953 -0.031874 0.755851
1788249685.079359055 -0.279658 0.064868 -0.981602 -0.004310 0.653211 -0.031407 0.756512
1788249685.112701893 -0.275245 0.066716 -0.979110 -0.003723 0.652259 -0.031843 0.757318
1788249685.146044493 -0.269956 0.066092 -0.978115 -0.003512 0.650560 -0.031937 0.758775
1788249685.179387331 -0.263801 0.067949 -0.973946 -0.003319 0.649205 -0.032494 0.759912
1788249685.212730169 -0.258487 0.068757 -0.970248 -0.002907 0.648051 -0.032144 0.760913
1788249685.246072292 -0.251784 0.066318 -0.968908 -0.003272 0.646161 -0.031575 0.762541
1788249685.279415131 -0.247218 0.066771 -0.966589 -0.002991 0.644360 -0.031546 0.764065
1788249685.312757969 -0.244224 0.066881 -0.964515 -0.002538 0.642865 -0.031618 0.765323
1788249685.346100807 -0.238807 0.065872 -0.961716 -0.002697 0.641495 -0.031347 0.766482
1788249685.379444122 -0.234712 0.066453 -0.958430 -0.002734 0.639959 -0.031682 0.767751
1788249685.412786961 -0.230278 0.066349 -0.955408 -0.002920 0.638148 -0.031290 0.769272
1788249685.446130037 -0.223681 0.066867 -0.952318 -0.003121 0.636374 -0.031085 0.770748
1788249685.479473352 -0.220576 0.066501 -0.949476 -0.002977 0.634684 -0.031055 0.772142
1788249685.512816191 -0.216600 0.066136 -0.947332 -0.002787 0.632876 -0.030925 0.773631
1788249685.546159267 -0.212715 0.066710 -0.943262 -0.002759 0.631342 -0.030991 0.774880
1788249685.579502344 -0.208113 0.066981 -0.940417 -0.002778 0.629676 -0.030817 0.776241
1788249685.612844944 -0.204491 0.066435 -0.937312 -0.003039 0.628198 -0.030820 0.777437
1788249685.646185637 -0.200017 0.066523 -0.934151 -0.002994 0.626356 -0.030901 0.778918
1788249685.679525852 -0.195312 0.067034 -0.931003 -0.003075 0.624494 -0.030818 0.780415
1788249685.712866783 -0.190317 0.067310 -0.927966 -0.003259 0.622853 -0.030621 0.781733
1788249685.746207714 -0.186789 0.067844 -0.924854 -0.003304 0.621234 -0.030632 0.783019
1788249685.779548645 -0.182715 0.068393 -0.922074 -0.003245 0.619383 -0.030441 0.784492
1788249685.812889338 -0.179128 0.068512 -0.918838 -0.003319 0.617360 -0.030502 0.786082
1788249685.846230268 -0.176491 0.067746 -0.915729 -0.003528 0.615439 -0.030328 0.787593
1788249685.879571199 -0.172623 0.068894 -0.913669 -0.003157 0.613028 -0.030053 0.789483
1788249685.912912130 -0.168689 0.068775 -0.909177 -0.003387 0.610976 -0.029962 0.791074
1788249685.946253061 -0.166461 0.069321 -0.906313 -0.003085 0.608759 -0.030092 0.792778
1788249685.979594469 -0.165126 0.068675 -0.903291 -0.002852 0.606390 -0.029965 0.794598
1788249686.012935162 -0.162820 0.068260 -0.899430 -0.003312 0.604103 -0.030198 0.796327
1788249686.046276093 -0.160901 0.069127 -0.895424 -0.003299 0.601854 -0.030386 0.798021
1788249686.079617500 -0.157441 0.069163 -0.891275 -0.003452 0.599428 -0.029853 0.799865
1788249686.112957001 -0.156196 0.069992 -0.887814 -0.003391 0.597497 -0.030237 0.801294
1788249686.146298170 -0.154044 0.070169 -0.885639 -0.002951 0.595544 -0.030107 0.802753
1788249686.179639101 -0.150678 0.069434 -0.880878 -0.003224 0.593589 -0.029856 0.804208
1788249686.212980032 -0.147359 0.070626 -0.877108 -0.003375 0.590390 -0.029138 0.806585
1788249686.246321201 -0.145635 0.070938 -0.872721 -0.003592 0.587743 -0.029202 0.808513
1788249686.279662132 -0.144053 0.070646 -0.869088 -0.003539 0.585255 -0.028885 0.810327
1788249686.313003063 -0.143938 0.070552 -0.866707 -0.003016 0.582610 -0.028670 0.812241
1788249686.346343994 -0.141167 0.070664 -0.862155 -0.002889 0.579679 -0.028772 0.814332
1788249686.379685163 -0.141089 0.071008 -0.857803 -0.002930 0.576832 -0.028708 0.816353
1788249686.413026094 -0.138171 0.071870 -0.853315 -0.003047 0.573673 -0.028512 0.818582
1788249686.446367025 -0.137521 0.071066 -0.849117 -0.003316 0.570748 -0.028258 0.820632
1788249686.479707956 -0.135697 0.071601 -0.845676 -0.003186 0.567748 -0.028098 0.822717
1788249686.513049126 -0.134811 0.071575 -0.841616 -0.003007 0.564840 -0.027802 0.824726
1788249686.546390057 -0.133442 0.072445 -0.837514 -0.002823 0.561863 -0.028026 0.826751
1788249686.579730272 -0.131460 0.072808 -0.833246 -0.002785 0.558806 -0.027817 0.828827
1788249686.613070726 -0.129310 0.073665 -0.828997 -0.002766 0.555648 -0.027656 0.830953
1788249686.646410942 -0.128724 0.073112 -0.824472 -0.003096 0.552950 -0.027587 0.832752
1788249686.679750443 -0.126955 0.073473 -0.820090 -0.002918 0.549613 -0.027595 0.834958
1788249686.713090420 -0.126218 0.074196 -0.815072 -0.002891 0.546363 -0.027803 0.837082
1788249686.746430397 -0.125499 0.073911 -0.811495 -0.002856 0.543195 -0.027342 0.839156
1788249686.779770136 -0.124715 0.074710 -0.806681 -0.002847 0.540101 -0.027373 0.841150
1788249686.813109875 -0.123508 0.074489 -0.802192 -0.002871 0.536981 -0.026749 0.843166
1788249686.846449852 -0.122971 0.075017 -0.797481 -0.002804 0.533952 -0.026683 0.845089
1788249686.879789591 -0.120454 0.076134 -0.793503 -0.002640 0.530557 -0.026454 0.847232
1788249686.913129568 -0.119432 0.076694 -0.788097 -0.002532 0.527480 -0.026342 0.849155
1788249686.946469307 -0.118662 0.077027 -0.784500 -0.002435 0.524351 -0.025831 0.851107
1788249686.979808807 -0.117815 0.077969 -0.779506 -0.002556 0.521298 -0.026092 0.852972
1788249687.013147593 -0.117482 0.077748 -0.774549 -0.002449 0.518142 -0.026269 0.854888
1788249687.046487331 -0.116166 0.078056 -0.770299 -0.002501 0.514552 -0.026157 0.857056
1788249687.079827070 -0.114059 0.078518 -0.766200 -0.002451 0.511116 -0.025840 0.859120
1788249687.113167048 -0.114265 0.078665 -0.761676 -0.002437 0.508056 -0.025736 0.860936
1788249687.146506310 -0.112805 0.078705 -0.756698 -0.002445 0.504780 -0.025347 0.862872
1788249687.179846048 -0.115587 0.079641 -0.752633 -0.002103 0.501893 -0.025685 0.864546
1788249687.213185787 -0.111996 0.079066 -0.747978 -0.002339 0.498065 -0.025189 0.866771
1788249687.246525526 -0.113043 0.079567 -0.743364 -0.002337 0.494987 -0.025261 0.868530
1788249687.279865265 -0.111914 0.079981 -0.737578 -0.002559 0.491900 -0.024989 0.870289
1788249687.313204527 -0.111586 0.080156 -0.733003 -0.002579 0.488889 -0.024907 0.871986
1788249687.346544266 -0.111139 0.079801 -0.728241 -0.002805 0.485672 -0.025008 0.873779
1788249687.379884005 -0.109627 0.080615 -0.723729 -0.002718 0.482166 -0.024623 0.875730
1788249687.413223505 -0.107094 0.082999 -0.718091 -0.002528 0.478734 -0.024640 0.877611
1788249687.446561813 -0.107157 0.083155 -0.713353 -0.002646 0.475711 -0.024480 0.879257
1788249687.479901552 -0.105008 0.083513 -0.709259 -0.002582 0.472370 -0.024237 0.881063
1788249687.513241291 -0.103850 0.084427 -0.705774 -0.002251 0.469114 -0.023798 0.882814
1788249687.546580315 -0.103721 0.083936 -0.701872 -0.002178 0.466016 -0.023343 0.884466
1788249687.579920053 -0.102507 0.084555 -0.698391 -0.001987 0.462601 -0.022959 0.886267
1788249687.613261700 -0.100960 0.085482 -0.694475 -0.001931 0.459240 -0.022791 0.888018
1788249687.646605730 -0.098590 0.084553 -0.690022 -0.002295 0.456025 -0.022231 0.889687
1788249687.679949999 -0.097835 0.084991 -0.685550 -0.002283 0.452866 -0.022062 0.891303
1788249687.713294268 -0.098603 0.085090 -0.680395 -0.002250 0.449785 -0.022019 0.892862
1788249687.746638536 -0.097082 0.086539 -0.675342 -0.002201 0.446456 -0.021707 0.894540
1788249687.779982805 -0.097103 0.087823 -0.670379 -0.001830 0.443747 -0.021747 0.895886
1788249687.813327312 -0.094364 0.087206 -0.667320 -0.001462 0.441454 -0.021337 0.897029
1788249687.846671820 -0.092637 0.087473 -0.662904 -0.001533 0.439000 -0.021293 0.898234
1788249687.880016327 -0.090543 0.088412 -0.656315 -0.001763 0.436322 -0.021026 0.899543
1788249687.913359880 -0.088434 0.088560 -0.651079 -0.002169 0.433721 -0.020910 0.900802
1788249687.946704388 -0.085251 0.089250 -0.645146 -0.002417 0.431431 -0.020485 0.901910
1788249687.980049372 -0.084632 0.086977 -0.639199 -0.002829 0.429632 -0.020273 0.902772
1788249688.013394117 -0.081879 0.087674 -0.634750 -0.002678 0.427100 -0.020366 0.903971
1788249688.046738625 -0.080170 0.087420 -0.630454 -0.002557 0.424744 -0.019985 0.905089
1788249688.080083370 -0.077712 0.088041 -0.625498 -0.002558 0.422309 -0.020030 0.906227
1788249688.113428116 -0.076324 0.088056 -0.621172 -0.002547 0.419714 -0.019944 0.907434
1788249688.146773100 -0.074219 0.088351 -0.615905 -0.002644 0.417098 -0.019804 0.908642
1788249688.180118084 -0.078843 0.086408 -0.617249 -0.002385 0.413877 -0.019116 0.910129
1788249688.213462830 -0.076560 0.086845 -0.612417 -0.002394 0.411080 -0.018878 0.911400
1788249688.246807814 -0.075892 0.087526 -0.606210 -0.002488 0.408718 -0.018633 0.912467
1788249688.280153275 -0.074433 0.086889 -0.601859 -0.002781 0.406119 -0.018461 0.913629
1788249688.313498259 -0.071391 0.086486 -0.597015 -0.002923 0.403340 -0.018169 0.914865
1788249688.346842527 -0.070220 0.087582 -0.592379 -0.002800 0.400780 -0.018169 0.915990
1788249688.380187511 -0.067702 0.088610 -0.585252 -0.002990 0.398307 -0.017944 0.917072
1788249688.413532734 -0.065393 0.090023 -0.579228 -0.003103 0.395678 -0.017876 0.918210
1788249688.446878433 -0.063508 0.090362 -0.574221 -0.003131 0.393238 -0.017689 0.919261
1788249688.480223656 -0.062153 0.090682 -0.567842 -0.003131 0.390897 -0.017969 0.920254
1788249688.513568878 -0.058753 0.091057 -0.562282 -0.003093 0.388365 -0.017134 0.921341
1788249688.546914339 -0.057709 0.092221 -0.556863 -0.003180 0.386210 -0.017438 0.922240
1788249688.580260038 -0.056248 0.092583 -0.550747 -0.003276 0.383803 -0.017437 0.923245
1788249688.613603592 -0.055646 0.092865 -0.544268 -0.003335 0.381444 -0.017868 0.924213
1788249688.646945238 -0.053822 0.093178 -0.538479 -0.003438 0.378937 -0.017768 0.925246
1788249688.680287123 -0.050589 0.093560 -0.533624 -0.003474 0.376349 -0.017294 0.926310
1788249688.713628531 -0.048288 0.096024 -0.528920 -0.003056 0.373743 -0.017342 0.927365
1788249688.746969938 -0.048122 0.094121 -0.523570 -0.003197 0.371586 -0.017115 0.928235
1788249688.780310631 -0.045148 0.096886 -0.520172 -0.002468 0.368728 -0.017297 0.929373
1788249688.813652277 -0.042781 0.097135 -0.514634 -0.002328 0.366415 -0.016584 0.930301
1788249688.846993685 -0.040339 0.096830 -0.507094 -0.002507 0.364167 -0.016540 0.931183
1788249688.880335331 -0.040004 0.097721 -0.503599 -0.002282 0.361875 -0.016830 0.932072
1788249688.913677216 -0.037844 0.097068 -0.498153 -0.002321 0.359449 -0.016529 0.933015
1788249688.947018623 -0.038099 0.098455 -0.492488 -0.002228 0.357247 -0.016729 0.933857
1788249688.980360270 -0.034403 0.097966 -0.487549 -0.002489 0.354389 -0.016654 0.934947
1788249689.013701677 -0.033148 0.097272 -0.481896 -0.002695 0.352044 -0.016539 0.935834
1788249689.047043800 -0.033773 0.098225 -0.475915 -0.002415 0.349837 -0.016803 0.936657
1788249689.080385208 -0.031729 0.099579 -0.470799 -0.001912 0.347194 -0.016362 0.937648
1788249689.113726616 -0.031387 0.098298 -0.467817 -0.002004 0.344538 -0.016194 0.938631
1788249689.147068501 -0.028572 0.098837 -0.462222 -0.001868 0.341696 -0.015732 0.939677
1788249689.180409908 -0.029269 0.099481 -0.454474 -0.002066 0.339318 -0.015775 0.940537
1788249689.213752031 -0.026722 0.099893 -0.449780 -0.002192 0.336280 -0.015661 0.941629
1788249689.247092247 -0.025151 0.100543 -0.443179 -0.002173 0.333450 -0.015964 0.942630
1788249689.280434370 -0.025145 0.100290 -0.437438 -0.002226 0.331043 -0.015612 0.943484
1788249689.313775778 -0.022633 0.101472 -0.431959 -0.002114 0.328278 -0.015142 0.944457
1788249689.347117424 -0.022549 0.100052 -0.428123 -0.002287 0.325717 -0.014950 0.945346
1788249689.380459070 -0.021392 0.100376 -0.423217 -0.002133 0.323123 -0.014762 0.946239
1788249689.413800716 -0.020113 0.103317 -0.414317 -0.001817 0.320652 -0.014954 0.947077
1788249689.447142601 -0.017595 0.100393 -0.409893 -0.002299 0.317984 -0.014359 0.947984
1788249689.480484247 -0.017412 0.103501 -0.402045 -0.002144 0.315792 -0.014881 0.948709
1788249689.513826132 -0.017901 0.102365 -0.398464 -0.002301 0.313287 -0.015080 0.949536
1788249689.547167540 -0.017535 0.102866 -0.391930 -0.002058 0.310834 -0.015014 0.950344
1788249689.580509186 -0.016867 0.101868 -0.388401 -0.002100 0.308348 -0.014629 0.951159
1788249689.613851547 -0.015178 0.103486 -0.382516 -0.001828 0.305725 -0.014721 0.952004
1788249689.647193670 -0.015810 0.104052 -0.380672 -0.001489 0.303098 -0.014707 0.952845
1788249689.680535078 -0.015105 0.102555 -0.373939 -0.001401 0.300602 -0.014267 0.953642
1788249689.713877439 -0.013317 0.104370 -0.367104 -0.001002 0.298013 -0.014151 0.954456
1788249689.747219563 -0.013992 0.102655 -0.358078 -0.001737 0.296753 -0.014395 0.954844
1788249689.780561924 -0.012199 0.103557 -0.353429 -0.001471 0.294168 -0.013914 0.955651
1788249689.813904524 -0.010971 0.104531 -0.345978 -0.001298 0.291806 -0.013759 0.956378
1788249689.847246885 -0.011053 0.104934 -0.342436 -0.000992 0.289309 -0.014105 0.957131
1788249689.880589247 -0.010460 0.105200 -0.335815 -0.000894 0.287026 -0.014146 0.957818
1788249689.913931608 -0.010036 0.104636 -0.332190 -0.000954 0.284471 -0.013720 0.958586
1788249689.947274208 -0.009756 0.105313 -0.326024 -0.000797 0.282264 -0.013461 0.959242
1788249689.980616570 -0.009754 0.104145 -0.322002 -0.001116 0.279740 -0.013282 0.959983
1788249690.013958931 -0.009131 0.104610 -0.317583 -0.001092 0.277157 -0.013209 0.960733
1788249690.047301769 -0.007947 0.105990 -0.310970 -0.001160 0.274589 -0.013339 0.961468
1788249690.080644131 -0.008435 0.105840 -0.305417 -0.001845 0.271787 -0.012976 0.962268
1788249690.113985538 -0.008865 0.106222 -0.301710 -0.001789 0.269329 -0.012911 0.962960
1788249690.147328138 -0.009443 0.104818 -0.299830 -0.001497 0.267097 -0.012327 0.963590
1788249690.180670738 -0.007842 0.106098 -0.295472 -0.000878 0.264144 -0.012406 0.964403
1788249690.214013338 -0.010640 0.105745 -0.291957 -0.000714 0.261501 -0.012452 0.965123
1788249690.247355700 -0.011996 0.106107 -0.288617 -0.000816 0.258790 -0.012504 0.965852
1788249690.280698538 -0.013998 0.105800 -0.283705 -0.000979 0.256287 -0.012474 0.966520
1788249690.314041138 -0.013344 0.108068 -0.278842 -0.000752 0.253679 -0.012476 0.967208
1788249690.347383976 -0.013504 0.107075 -0.274690 -0.000875 0.251391 -0.012277 0.967807
1788249690.380726337 -0.014546 0.107576 -0.272275 -0.000689 0.248971 -0.011985 0.968437
1788249690.414069176 -0.013580 0.106244 -0.265536 -0.001095 0.247342 -0.011917 0.968854
1788249690.447411776 -0.014243 0.106291 -0.262951 -0.000960 0.244951 -0.011563 0.969466
1788249690.480754614 -0.013789 0.106038 -0.259325 -0.001062 0.242489 -0.011332 0.970087
1788249690.514097214 0.047661 -0.000252 -0.167767 0.001102 0.234587 -0.014105 0.971992
1788249690.547440052 0.047921 -0.000993 -0.162781 0.000923 0.232203 -0.013907 0.972568
1788249690.580781937 0.046026 -0.000483 -0.159755 0.001219 0.229917 -0.013997 0.973109
1788249690.614124298 0.046042 -0.000438 -0.156462 0.001237 0.227450 -0.013647 0.973693
1788249690.647466421 0.044954 -0.000055 -0.151423 0.001167 0.225154 -0.013918 0.974223
1788249690.680808783 0.043637 -0.000141 -0.150501 0.001153 0.222703 -0.013669 0.974790
1788249690.714150906 0.044239 -0.000394 -0.143756 0.000549 0.222286 -0.013553 0.974887
1788249690.747493029 0.045345 -0.000466 -0.141784 0.000418 0.222401 -0.013576 0.974861
1788249690.780835390 0.048455 -0.001138 -0.140389 0.000645 0.221216 -0.013027 0.975138
1788249690.814177752 0.048162 -0.001362 -0.139150 0.000922 0.221107 -0.012932 0.975163
1788249690.847519636 0.041670 0.013302 -0.145101 0.003150 0.223071 -0.013644 0.974702
1788249690.880861759 0.042884 0.012803 -0.144500 0.003118 0.222865 -0.013692 0.974748
1788249690.914204359 0.044962 0.013679 -0.142089 0.003119 0.222183 -0.013660 0.974904
1788249690.947546244 0.046826 0.014300 -0.137173 0.002877 0.222157 -0.013859 0.974908
1788249690.980888367 0.049495 0.013908 -0.132888 0.002494 0.222246 -0.013521 0.974894
1788249691.014229774 0.049964 0.013056 -0.133202 0.002406 0.222152 -0.013161 0.974920
1788249691.047572136 0.051222 0.014813 -0.129539 0.002635 0.222191 -0.013463 0.974907
1788249691.080914259 0.054225 0.012552 -0.127137 0.002514 0.222228 -0.012822 0.974907
1788249691.114256382 0.055449 0.014593 -0.125008 0.002955 0.222219 -0.013045 0.974905
1788249691.147598743 0.055498 0.015385 -0.120794 0.003112 0.222346 -0.013150 0.974874
1788249691.180940866 0.058277 0.015466 -0.118025 0.003007 0.221946 -0.013358 0.974963
1788249691.214283228 0.058370 0.016293 -0.115469 0.003145 0.222125 -0.013663 0.974917
1788249691.247625351 0.059418 0.015298 -0.113142 0.003032 0.222070 -0.013367 0.974934
1788249691.280967474 0.063111 0.014317 -0.109273 0.002741 0.221637 -0.013324 0.975034
1788249691.314310074 0.061335 0.014744 -0.106821 0.002792 0.222223 -0.013657 0.974896
1788249691.347652197 0.092729 0.037479 -0.131877 0.003310 0.217279 -0.010089 0.976052
1788249691.380994081 0.094684 0.038192 -0.127841 0.003368 0.217305 -0.010021 0.976047
1788249691.414336681 0.095124 0.038305 -0.125614 0.003296 0.217517 -0.009944 0.976000
1788249691.447677851 0.098344 0.038429 -0.122301 0.003320 0.217288 -0.009792 0.976053
1788249691.481019974 0.100155 0.039487 -0.119489 0.003381 0.217253 -0.009833 0.976060
1788249691.514362574 0.101550 0.039199 -0.117474 0.003562 0.217236 -0.009716 0.976064
1788249691.547704697 0.103441 0.040002 -0.113659 0.003666 0.217275 -0.009720 0.976055
1788249691.581046581 0.104156 0.038992 -0.111004 0.003488 0.217280 -0.009714 0.976055
1788249691.614388704 0.105178 0.039189 -0.107953 0.003726 0.217199 -0.009915 0.976070
1788249691.647729635 0.106663 0.039461 -0.104744 0.003813 0.217068 -0.009996 0.976098
1788249691.681070805 0.108732 0.041094 -0.099447 0.003740 0.217258 -0.009887 0.976057
1788249691.714411259 0.111697 0.041056 -0.095945 0.003608 0.217169 -0.009569 0.976081
1788249691.747752666 0.113831 0.040700 -0.091165 0.003679 0.217243 -0.009475 0.976065
1788249691.781093836 0.116145 0.041424 -0.087056 0.003650 0.217313 -0.009397 0.976050
1788249691.814434528 0.118429 0.041644 -0.082340 0.003351 0.217388 -0.009559 0.976033
1788249691.847775698 0.119849 0.040971 -0.078405 0.003003 0.217227 -0.009750 0.976068
1788249691.881116629 0.081082 0.008481 -0.125507 0.001043 0.220800 -0.011672 0.975249
1788249691.914456367 0.083525 0.008916 -0.120557 0.000952 0.220570 -0.011960 0.975297
1788249691.947797298 0.084925 0.009287 -0.117090 0.001009 0.220542 -0.012015 0.975303
1788249691.981138229 0.087243 0.008458 -0.113819 0.001029 0.220614 -0.011763 0.975290
1788249692.014479399 0.089587 0.008586 -0.110534 0.001303 0.220441 -0.011625 0.975330
1788249692.047820091 0.091564 0.009294 -0.105727 0.001549 0.219715 -0.011385 0.975497
1788249692.081161261 0.092793 0.009645 -0.100586 0.001660 0.218828 -0.011081 0.975699
1788249692.114501953 0.094478 0.008912 -0.095949 0.001514 0.217943 -0.011121 0.975897
1788249692.147842884 0.095181 0.009914 -0.090566 0.001558 0.217033 -0.011493 0.976095
1788249692.181183815 0.097127 0.008804 -0.085914 0.001196 0.215681 -0.011188 0.976399
1788249692.214524746 0.097033 0.008868 -0.081692 0.001371 0.214744 -0.011368 0.976603
1788249692.247865677 0.098290 0.008515 -0.077016 0.001592 0.213148 -0.011380 0.976952
1788249692.281206608 0.096619 0.009584 -0.073363 0.001900 0.211357 -0.011601 0.977338
1788249692.314547539 0.094407 0.009786 -0.070436 0.002066 0.209460 -0.011507 0.977747
1788249692.347887278 0.095915 0.010153 -0.065853 0.001932 0.207038 -0.011414 0.978264
1788249692.381228209 0.095763 0.011473 -0.059159 0.001918 0.204979 -0.011322 0.978699
1788249692.414569378 0.096448 0.011643 -0.053047 0.001798 0.202774 -0.011655 0.979155
1788249692.447910070 0.095824 0.011037 -0.050107 0.001904 0.200472 -0.011416 0.979631
1788249692.481251001 0.095378 0.010548 -0.045595 0.001744 0.198314 -0.011146 0.980074
1788249692.514591694 0.095468 0.011136 -0.038943 0.001547 0.196081 -0.011365 0.980521
1788249692.547932625 0.094507 0.011764 -0.034223 0.001568 0.193628 -0.011826 0.981002
1788249692.581273556 0.094555 0.010973 -0.027755 0.001469 0.190982 -0.011807 0.981521
1788249692.614615202 0.092798 0.012056 -0.023810 0.001573 0.188665 -0.011803 0.981969
1788249692.647957802 0.092748 0.012174 -0.018608 0.001494 0.186272 -0.011633 0.982428
1788249692.681300640 0.093630 0.014412 -0.011166 0.001577 0.183763 -0.011544 0.982902
1788249692.714643478 0.092630 0.013294 -0.007870 0.001423 0.181423 -0.011302 0.983339
1788249692.747986555 0.099655 0.011068 -0.001485 0.001164 0.178255 -0.010604 0.983927
1788249692.781328201 0.098457 0.011958 0.003011 0.001298 0.176088 -0.010268 0.984320
1788249692.814671040 0.099261 0.010597 0.008503 0.000924 0.173792 -0.009727 0.984734
1788249692.848013878 0.099346 0.010471 0.013324 0.000855 0.171662 -0.009563 0.985109
1788249692.881356955 0.098214 0.011636 0.018649 0.001180 0.169455 -0.009781 0.985489
1788249692.914699554 0.098579 0.011623 0.025391 0.001033 0.167041 -0.009749 0.985901
1788249692.948042631 0.097726 0.011684 0.030218 0.000885 0.164743 -0.009494 0.986291
1788249692.981385231 0.097100 0.012490 0.035781 0.000870 0.162544 -0.009765 0.986653
1788249693.014728308 0.098031 0.013227 0.041882 0.000874 0.160258 -0.009335 0.987031
1788249693.048071384 0.098862 0.014846 0.047928 0.000918 0.157825 -0.009112 0.987425
1788249693.081414223 0.097840 0.014265 0.052739 0.000696 0.155533 -0.008971 0.987790
1788249693.114757061 0.097398 0.013622 0.057191 0.000575 0.153245 -0.008430 0.988152
1788249693.148099899 0.097033 0.014521 0.063047 0.000466 0.151105 -0.008366 0.988482
1788249693.181442738 0.096242 0.014465 0.068543 0.000354 0.148920 -0.008300 0.988814
1788249693.214784861 0.093674 0.015874 0.073534 0.000508 0.146620 -0.008647 0.989155
1788249693.248127699 0.094239 0.016331 0.081653 0.000447 0.144052 -0.008493 0.989534
1788249693.281470537 0.094450 0.017637 0.087332 0.000481 0.141761 -0.008335 0.989866
1788249693.314813614 0.095738 0.017112 0.091936 0.000493 0.139294 -0.007908 0.990219
1788249693.348156452 0.092266 0.016923 0.095832 0.000658 0.137199 -0.007892 0.990512
1788249693.381499529 0.090980 0.015727 0.098870 0.000647 0.134777 -0.007818 0.990845
1788249693.414842367 0.090620 0.016031 0.105356 0.000671 0.132190 -0.007575 0.991195
1788249693.448185444 0.092804 0.017402 0.113786 0.000781 0.129691 -0.007369 0.991527
1788249693.481528521 0.090331 0.016841 0.117832 0.000715 0.127547 -0.007251 0.991806
1788249693.514871359 0.088530 0.016620 0.121711 0.000704 0.125330 -0.007354 0.992088
1788249693.548214436 0.088867 0.018459 0.129645 0.000924 0.122673 -0.007565 0.992418
1788249693.581557274 0.089276 0.019472 0.138503 0.000806 0.119963 -0.007276 0.992751
1788249693.614900351 0.089827 0.020519 0.146310 0.000604 0.117397 -0.007228 0.993059
1788249693.648243427 0.088096 0.020671 0.150473 0.000385 0.115014 -0.006975 0.993339
1788249693.681585312 0.087024 0.020820 0.155713 0.000205 0.112735 -0.007075 0.993600
1788249693.714928150 0.086429 0.021357 0.162869 0.000153 0.110225 -0.006825 0.993883
1788249693.748271465 0.085031 0.022191 0.167241 0.000324 0.107864 -0.006675 0.994143
1788249693.781614542 0.085871 0.022690 0.173923 0.000218 0.105642 -0.006381 0.994384
1788249693.814957380 0.085501 0.022678 0.179745 0.000141 0.103443 -0.006184 0.994616
1788249693.848300457 0.083021 0.022562 0.183358 0.000267 0.101192 -0.006618 0.994845
1788249693.881643295 0.081997 0.023061 0.189505 0.000341 0.098873 -0.006581 0.995078
1788249693.914986610 0.082092 0.022768 0.194902 0.000063 0.097391 -0.006293 0.995226
1788249693.948329687 0.082657 0.023462 0.200254 -0.000225 0.096634 -0.006284 0.995300
1788249693.981672764 0.085273 0.024230 0.205080 -0.000579 0.096243 -0.006043 0.995339
1788249694.015015841 0.085363 0.020475 0.208676 -0.001134 0.096497 -0.005677 0.995316
1788249694.048358679 0.085719 0.021004 0.209816 -0.000809 0.096569 -0.005582 0.995310
1788249694.081701994 0.084515 0.019386 0.209299 -0.000334 0.096469 -0.005547 0.995321
1788249694.115043879 0.084564 0.019706 0.210255 0.000299 0.096384 -0.006010 0.995326
1788249694.148387194 0.084255 0.019703 0.213315 0.000515 0.096450 -0.005989 0.995320
1788249694.181730509 0.083843 0.020422 0.215368 0.000498 0.096372 -0.006310 0.995325
1788249694.215073347 0.084188 0.018538 0.217278 0.000141 0.096412 -0.005832 0.995324
1788249694.248416662 0.084966 0.019740 0.219879 0.000099 0.096422 -0.005800 0.995324
1788249694.281759501 0.087257 0.020170 0.223833 0.000088 0.096303 -0.005658 0.995336
1788249694.315102816 0.087191 0.020344 0.225650 0.000322 0.096245 -0.005699 0.995341
1788249694.348445892 0.087154 0.020579 0.227665 0.000706 0.096266 -0.005864 0.995338
1788249694.381789207 0.088641 0.021182 0.230812 0.000976 0.096181 -0.005942 0.995346
1788249694.415132523 0.088326 0.019963 0.231273 0.000923 0.096111 -0.005737 0.995354
1788249694.448475599 0.088749 0.020371 0.233801 0.000920 0.096100 -0.005767 0.995355
1788249694.481818676 0.089341 0.019351 0.236967 0.000651 0.096056 -0.005572 0.995360
1788249694.515161991 0.090350 0.020601 0.241319 0.000605 0.096085 -0.005666 0.995357
1788249694.548504114 0.089283 0.020976 0.242918 0.000554 0.096178 -0.005867 0.995347
1788249694.581847191 0.091607 0.020524 0.246522 0.000527 0.095953 -0.005777 0.995369
1788249694.615189314 0.091505 0.020751 0.248216 0.000716 0.095988 -0.005946 0.995364
1788249694.648529530 0.093057 0.021040 0.250622 0.000933 0.095906 -0.005740 0.995373
1788249694.681869745 0.093209 0.020447 0.252322 0.000925 0.096007 -0.005635 0.995364
1788249694.715209723 0.094327 0.021169 0.256061 0.001077 0.095915 -0.005711 0.995373
1788249694.748549938 0.094267 0.021185 0.257677 0.001048 0.095974 -0.005705 0.995367
1788249694.781889915 0.094832 0.021338 0.260784 0.000862 0.095969 -0.005576 0.995368
1788249694.815230131 0.095250 0.022098 0.263989 0.000846 0.096017 -0.005504 0.995364
1788249694.848570108 0.095189 0.022444 0.265833 0.000906 0.096000 -0.005756 0.995364
1788249694.881910324 0.096198 0.022753 0.269455 0.000827 0.095938 -0.005604 0.995371
1788249694.915250301 0.099045 0.022605 0.273797 0.000752 0.095734 -0.005350 0.995392
1788249694.948590517 0.097635 0.022134 0.274104 0.000758 0.095827 -0.005458 0.995383
1788249694.981930494 0.097627 0.022975 0.276772 0.000935 0.095805 -0.005643 0.995384
1788249695.015269756 0.098806 0.023048 0.280207 0.001156 0.095732 -0.005595 0.995391
1788249695.048609734 0.099744 0.022678 0.282313 0.001378 0.095711 -0.005470 0.995393
1788249695.081949711 0.101897 0.021948 0.285397 0.001406 0.095434 -0.005345 0.995420
1788249695.115289688 0.102463 0.022765 0.289003 0.001773 0.095350 -0.005284 0.995428
1788249695.148629904 0.103092 0.022643 0.293005 0.001898 0.095412 -0.005170 0.995423
1788249695.181969404 0.103848 0.022821 0.297045 0.001646 0.095510 -0.005201 0.995414
1788249695.215309620 0.104474 0.023081 0.300118 0.001340 0.095448 -0.005094 0.995421
1788249695.248649836 0.103496 0.023972 0.303646 0.001396 0.095456 -0.005291 0.995419
1788249695.281989574 0.105672 0.024186 0.309473 0.001495 0.095357 -0.005223 0.995428
1788249695.315329552 0.106266 0.024371 0.313350 0.001456 0.095446 -0.005210 0.995420
1788249695.348669529 0.106122 0.024733 0.315935 0.001590 0.095452 -0.005272 0.995419
1788249695.382009506 0.107422 0.024803 0.320650 0.001605 0.095367 -0.005145 0.995428
1788249695.415349245 0.110067 0.024393 0.325617 0.001537 0.095292 -0.004930 0.995436
1788249695.448688269 0.112171 0.025018 0.330396 0.001511 0.095232 -0.004826 0.995442
1788249695.482028246 0.112452 0.025314 0.334010 0.001444 0.095253 -0.004778 0.995441
1788249695.515367985 0.114313 0.026380 0.338832 0.001287 0.095177 -0.004589 0.995449
1788249695.548707962 0.114655 0.025553 0.343194 0.001019 0.095295 -0.004694 0.995438
1788249695.582047701 0.114821 0.025649 0.348220 0.001088 0.095017 -0.004572 0.995465
1788249695.615387917 0.117152 0.026567 0.354434 0.001325 0.094852 -0.004531 0.995480
1788249695.648728848 0.117170 0.026534 0.357879 0.001485 0.095351 -0.004619 0.995432
1788249695.682069778 0.119933 0.025428 0.363339 0.001482 0.095124 -0.004244 0.995455
1788249695.715410709 0.119615 0.026532 0.368259 0.001598 0.095066 -0.004588 0.995459
1788249695.748751402 0.119316 0.026678 0.373735 0.001381 0.094880 -0.004468 0.995478
1788249695.782092333 0.118461 0.027397 0.380243 0.001436 0.093660 -0.005005 0.995591
1788249695.815433264 0.119275 0.027499 0.389356 0.000920 0.091426 -0.005057 0.995799
1788249695.848773956 0.118346 0.027519 0.396847 0.000337 0.089443 -0.004770 0.995981
1788249695.882113934 0.119866 0.028779 0.404529 0.000370 0.087362 -0.004531 0.996166
1788249695.915454626 0.118094 0.028602 0.409717 0.000457 0.085465 -0.004455 0.996331
1788249695.948795557 0.117954 0.029863 0.417037 0.001006 0.083268 -0.004381 0.996517
1788249695.982136488 0.118166 0.029705 0.422751 0.001421 0.080894 -0.004121 0.996713
1788249696.015477180 0.117995 0.029909 0.427617 0.001500 0.078798 -0.003752 0.996882
1788249696.048818111 0.117732 0.031317 0.435220 0.001918 0.076765 -0.003776 0.997040
1788249696.082158804 0.117501 0.029871 0.440013 0.001964 0.074687 -0.003436 0.997199
1788249696.115499735 0.114266 0.029800 0.444144 0.002122 0.072855 -0.003572 0.997334
1788249696.148840666 0.113609 0.030103 0.449867 0.002323 0.070858 -0.003419 0.997478
1788249696.182181120 0.113943 0.030203 0.455658 0.002504 0.068804 -0.003206 0.997622
1788249696.215522051 0.112784 0.030653 0.460887 0.002580 0.066863 -0.003026 0.997754
1788249696.248862743 0.111527 0.030894 0.466706 0.002633 0.064820 -0.002838 0.997889
1788249696.282203436 0.109754 0.031065 0.472661 0.002742 0.062785 -0.003017 0.998019
1788249696.315544128 0.108718 0.031011 0.478704 0.002559 0.060558 -0.002775 0.998158
1788249696.348884106 0.107091 0.032145 0.485259 0.002482 0.058674 -0.002985 0.998270
1788249696.382225037 0.106139 0.032094 0.491654 0.002364 0.056619 -0.002968 0.998389
1788249696.415565491 0.104312 0.032558 0.498270 0.002566 0.054508 -0.003451 0.998504
1788249696.448906422 0.102176 0.032883 0.503582 0.002730 0.052312 -0.003662 0.998620
1788249696.482247353 0.100606 0.033024 0.509895 0.002570 0.050297 -0.003366 0.998725
1788249696.515587807 0.099419 0.034605 0.515945 0.002710 0.048808 -0.003263 0.998799
1788249696.548928738 0.096610 0.033881 0.520507 0.002794 0.048563 -0.003621 0.998810
1788249696.582268953 0.098608 0.034910 0.528464 0.002727 0.047609 -0.003290 0.998857
1788249696.615609646 0.097102 0.034618 0.535481 0.002631 0.046429 -0.003068 0.998913
1788249696.648950100 0.095524 0.034938 0.539590 0.002785 0.045579 -0.003251 0.998952
1788249696.682290316 0.095974 0.034783 0.544974 0.002759 0.045066 -0.003034 0.998976
1788249696.715630770 0.096796 0.036553 0.551644 0.003032 0.044441 -0.002966 0.999003
1788249696.748971224 0.096225 0.037382 0.556714 0.003490 0.043419 -0.003188 0.999046
1788249696.782310486 0.095562 0.037493 0.561851 0.003825 0.042555 -0.003186 0.999082
1788249696.815650463 0.095261 0.036952 0.566997 0.003671 0.041923 -0.003224 0.999109
1788249696.848990917 0.095586 0.038313 0.574799 0.003701 0.041009 -0.003444 0.999146
1788249696.882331133 0.093054 0.038048 0.580742 0.003449 0.040200 -0.003817 0.999178
1788249696.915671349 0.093168 0.038962 0.586959 0.003480 0.039354 -0.003923 0.999212
1788249696.949011564 0.091891 0.039533 0.592629 0.003440 0.038671 -0.003832 0.999239
1788249696.982352018 0.091675 0.039908 0.599333 0.003288 0.037816 -0.003560 0.999273
1788249697.015691996 0.092521 0.039972 0.606248 0.003056 0.036972 -0.003228 0.999306
1788249697.049032211 0.092365 0.040205 0.612168 0.003035 0.036261 -0.002968 0.999333
1788249697.082372427 0.091774 0.040558 0.617435 0.003058 0.035675 -0.002816 0.999355
1788249697.115712881 0.093583 0.039524 0.623386 0.003157 0.034952 -0.002600 0.999381
1788249697.149052858 0.092749 0.040466 0.628029 0.003542 0.034641 -0.002798 0.999390
1788249697.182393312 0.094426 0.040441 0.635338 0.003496 0.034028 -0.002431 0.999412
1788249697.215732336 0.095004 0.041619 0.641532 0.003673 0.033823 -0.002465 0.999418
1788249697.249072552 0.095021 0.040677 0.647816 0.003478 0.033823 -0.002421 0.999419
1788249697.282412291 0.094581 0.041864 0.654112 0.003330 0.033603 -0.002545 0.999426
1788249697.315752506 0.094889 0.043909 0.660571 0.003415 0.033371 -0.002751 0.999433
1788249697.349092960 0.093903 0.043609 0.666373 0.003311 0.033458 -0.003037 0.999430
1788249697.382432938 0.094944 0.044924 0.673653 0.003104 0.033332 -0.003052 0.999435
1788249697.415773153 0.093747 0.045938 0.680270 0.002899 0.033298 -0.003139 0.999436
1788249697.449113131 0.094212 0.046915 0.685960 0.002980 0.033392 -0.003215 0.999433
1788249697.482453346 0.094556 0.045783 0.691205 0.002839 0.033539 -0.003158 0.999428
1788249697.515793324 0.095502 0.047249 0.698709 0.002948 0.033298 -0.003304 0.999436
1788249697.549133539 0.095994 0.047806 0.705075 0.002964 0.032995 -0.003506 0.999445
1788249697.582473516 0.095512 0.047844 0.711179 0.002821 0.033080 -0.003395 0.999443
1788249697.615814209 0.097357 0.046829 0.717293 0.002629 0.033051 -0.003138 0.999445
1788249697.649156570 0.097599 0.048272 0.724026 0.002579 0.032930 -0.003152 0.999449
1788249697.682497501 0.098335 0.048709 0.730497 0.002374 0.032860 -0.003003 0.999453
1788249697.715839386 0.099502 0.049079 0.737847 0.002287 0.032781 -0.002951 0.999456
1788249697.749181509 0.098056 0.048791 0.742780 0.002156 0.032909 -0.003209 0.999451
1788249697.782523394 0.099221 0.050112 0.749846 0.002083 0.032709 -0.003272 0.999457
1788249697.815865755 0.099782 0.049281 0.755896 0.001866 0.032802 -0.003078 0.999455
1788249697.849207640 0.100683 0.049562 0.761920 0.001851 0.033004 -0.003057 0.999449
1788249697.882549524 0.100802 0.051944 0.768207 0.002109 0.032880 -0.003239 0.999452
1788249697.915891886 0.100799 0.050795 0.774609 0.001831 0.032728 -0.003140 0.999458
1788249697.949234009 0.099834 0.051529 0.779660 0.001970 0.032854 -0.003367 0.999453
1788249697.982575893 0.102204 0.050723 0.787088 0.001681 0.032680 -0.003189 0.999459
1788249698.015918255 0.101978 0.052188 0.793133 0.001742 0.032686 -0.003164 0.999459
1788249698.049260378 0.103518 0.053339 0.799729 0.001839 0.032544 -0.003079 0.999464
1788249698.082602262 0.103736 0.051491 0.805423 0.001589 0.032605 -0.002916 0.999463
1788249698.115943909 0.104227 0.051947 0.811631 0.001511 0.032498 -0.003034 0.999466
1788249698.149285793 0.103727 0.053049 0.818029 0.001478 0.032308 -0.003183 0.999472
1788249698.182627916 0.104295 0.054324 0.824891 0.001417 0.032137 -0.003183 0.999477
1788249698.215970516 0.105918 0.052941 0.831047 0.001290 0.032083 -0.002970 0.999480
1788249698.249312401 0.107490 0.053096 0.837706 0.001372 0.032204 -0.002809 0.999476
1788249698.282654524 0.106208 0.054275 0.842944 0.001367 0.032432 -0.002955 0.999469
1788249698.315997124 0.105932 0.054843 0.850221 0.001068 0.032261 -0.003262 0.999474
1788249698.349339247 0.108018 0.056316 0.858765 0.000771 0.031857 -0.002942 0.999488
1788249698.382681370 0.108143 0.055972 0.863234 0.000612 0.032114 -0.002750 0.999480
1788249698.416023970 0.108921 0.056739 0.869766 0.000753 0.032264 -0.002649 0.999476
1788249698.449366093 0.110656 0.057194 0.875730 0.000846 0.032026 -0.002415 0.999484
1788249698.482708454 0.111031 0.057322 0.882610 0.001129 0.031776 -0.002365 0.999492
1788249698.516050577 0.109883 0.058181 0.886453 0.001441 0.031513 -0.002504 0.999499
1788249698.549392939 0.110350 0.057645 0.892344 0.001423 0.031271 -0.002483 0.999507
1788249698.582734108 0.112542 0.057682 0.898774 0.001360 0.031143 -0.002135 0.999512
1788249698.616075993 0.113707 0.057287 0.906215 0.001233 0.030844 -0.001951 0.999522
1788249698.649416208 0.112441 0.059309 0.912232 0.001162 0.030588 -0.002121 0.999529
1788249698.682756901 0.114676 0.059983 0.920599 0.000805 0.029701 -0.002051 0.999556
1788249698.716097593 0.112894 0.060774 0.926374 0.000600 0.029208 -0.002252 0.999571
1788249698.749438047 0.111787 0.062687 0.932695 0.000524 0.028743 -0.002524 0.999584
1788249698.782778740 0.112148 0.062429 0.939726 0.000219 0.027973 -0.002234 0.999606
1788249698.816118956 0.113673 0.061730 0.946164 0.000377 0.027056 -0.002062 0.999632
1788249698.849459648 0.112432 0.062734 0.950838 0.000710 0.026413 -0.002109 0.999649
1788249698.882800341 0.111956 0.063816 0.956216 0.000834 0.025453 -0.001911 0.999674
1788249698.916140318 0.111288 0.062956 0.962714 0.000543 0.024558 -0.001812 0.999697
1788249698.949481010 0.110701 0.062634 0.968900 0.000390 0.023698 -0.002115 0.999717
1788249698.982821703 0.110119 0.063677 0.975966 0.000423 0.022762 -0.002291 0.999738
1788249699.016160965 0.107743 0.063890 0.980732 0.000264 0.021819 -0.002299 0.999759
1788249699.049501657 0.108939 0.064634 0.987919 0.000059 0.020574 -0.001993 0.999786
1788249699.082841873 0.107181 0.065985 0.993846 0.000255 0.019714 -0.002123 0.999803
1788249699.116182327 0.108823 0.065117 1.000698 0.000119 0.018589 -0.001540 0.999826
1788249699.149522781 0.107415 0.064866 1.005593 0.000129 0.017503 -0.001567 0.999846
1788249699.182863474 0.106344 0.064843 1.011680 0.000125 0.016207 -0.001564 0.999867
1788249699.216203690 0.106350 0.066482 1.018062 0.000195 0.014929 -0.001399 0.999888
1788249699.249544144 0.103157 0.066834 1.023088 -0.000037 0.014136 -0.001335 0.999899
1788249699.282884836 0.103428 0.066721 1.029335 -0.000240 0.013093 -0.001431 0.999913
1788249699.316224813 0.102255 0.067713 1.035716 -0.000188 0.011979 -0.001697 0.999927
1788249699.349565268 0.100404 0.068522 1.042247 -0.000321 0.010852 -0.001916 0.999939
1788249699.382905960 0.100622 0.068599 1.049638 -0.000719 0.009602 -0.001932 0.999952
1788249699.416246176 0.099031 0.070246 1.055817 -0.000947 0.008583 -0.002188 0.999960
1788249699.449585438 0.098356 0.068776 1.062202 -0.001639 0.007354 -0.001828 0.999970
1788249699.482925892 0.096864 0.070516 1.069195 -0.001589 0.006401 -0.001785 0.999977
1788249699.516266346 0.097221 0.070542 1.075643 -0.001550 0.005180 -0.001542 0.999984
1788249699.549606562 0.095591 0.070367 1.080251 -0.001750 0.004177 -0.001326 0.999989
1788249699.582947016 0.095016 0.070975 1.086483 -0.001895 0.003223 -0.001251 0.999992
1788249699.616288900 0.092569 0.071878 1.092962 -0.001938 0.002304 -0.001558 0.999994
1788249699.649633169 0.092484 0.071956 1.100586 -0.002340 0.000931 -0.001585 0.999996
1788249699.682977438 0.090280 0.073555 1.107589 -0.002376 -0.000247 -0.001754 0.999996
1788249699.716321945 0.089069 0.073552 1.114018 -0.002533 -0.001364 -0.001738 0.999994
1788249699.749666214 0.088362 0.072353 1.119669 -0.002588 -0.002426 -0.001518 0.999993
1788249699.783010721 0.087294 0.073411 1.125834 -0.002338 -0.003513 -0.001430 0.999990
1788249699.816355228 0.088711 0.074126 1.134311 -0.001897 -0.004985 -0.001231 0.999985
1788249699.849699736 0.086899 0.074450 1.138971 -0.001700 -0.006102 -0.001031 0.999979
1788249699.883042812 0.085091 0.075609 1.145142 -0.001473 -0.006814 -0.000849 0.999975
1788249699.916387558 0.087010 0.074455 1.152833 -0.001494 -0.007426 -0.000627 0.999971
1788249699.949732065 0.085124 0.074524 1.158311 -0.001168 -0.007640 -0.000507 0.999970
1788249699.983076572 0.083784 0.076013 1.163780 -0.000700 -0.007798 -0.000681 0.999969
1788249700.016421080 0.085290 0.075267 1.170560 -0.000773 -0.007674 -0.000376 0.999970
1788249700.049765825 0.086525 0.076597 1.177578 -0.000464 -0.007810 -0.000210 0.999969
1788249700.083110332 0.084453 0.075970 1.182405 -0.000286 -0.007990 -0.000508 0.999968
1788249700.116455078 0.085234 0.076646 1.190891 0.000011 -0.008196 -0.000622 0.999966
1788249700.149799824 0.086338 0.077052 1.196810 0.000266 -0.008192 -0.000463 0.999966
1788249700.183144093 0.084045 0.077408 1.203106 0.000637 -0.008065 -0.000675 0.999967
1788249700.216488838 0.084274 0.076483 1.208264 0.000556 -0.008273 -0.000509 0.999965
1788249700.249833822 0.084305 0.078169 1.215519 0.000668 -0.008303 -0.000573 0.999965
1788249700.283178568 0.083978 0.079048 1.221393 0.000708 -0.008199 -0.000598 0.999966
1788249700.316523314 0.083979 0.079330 1.228286 0.000739 -0.008170 -0.000519 0.999966
1788249700.349867105 0.084566 0.079709 1.236222 0.000547 -0.008311 -0.000401 0.999965
1788249700.383212090 0.085000 0.079887 1.243469 0.000301 -0.008401 -0.000145 0.999965
1788249700.416556597 0.083964 0.081059 1.250193 0.000211 -0.008312 -0.000239 0.999965
1788249700.449901581 0.085063 0.080748 1.257277 0.000000 -0.008534 -0.000246 0.999964
1788249700.483246803 0.084866 0.080722 1.264029 0.000165 -0.008559 -0.000333 0.999963
1788249700.516591787 0.083759 0.080560 1.270792 0.000188 -0.008465 -0.000563 0.999964
1788249700.549936771 0.084046 0.080852 1.277747 0.000276 -0.008652 -0.000617 0.999962
1788249700.583281517 0.083157 0.082844 1.284416 0.000414 -0.008713 -0.000819 0.999962
1788249700.616624594 0.081831 0.082169 1.289847 0.000277 -0.008676 -0.000659 0.999962
1788249700.649965525 0.083847 0.080889 1.297288 0.000241 -0.008796 -0.000373 0.999961
1788249700.683305979 0.084923 0.081896 1.304762 0.000538 -0.008641 -0.000298 0.999963
1788249700.716646433 0.084220 0.082753 1.311628 0.000562 -0.008606 -0.000439 0.999963
1788249700.749987125 0.084530 0.084403 1.318730 0.000701 -0.008885 -0.000433 0.999960
1788249700.783326864 0.082879 0.083589 1.323461 0.000778 -0.008874 -0.000477 0.999960
1788249700.816667318 0.082268 0.084247 1.330962 0.001385 -0.008788 -0.000484 0.999960
1788249700.850008011 0.083038 0.084844 1.336099 0.001863 -0.008765 -0.000313 0.999960
1788249700.883348703 0.083438 0.083977 1.342211 0.002064 -0.008915 -0.000021 0.999958
1788249700.916688919 0.085036 0.085462 1.348463 0.002442 -0.009292 0.000135 0.999954
1788249700.950029612 0.083622 0.083795 1.353859 0.002426 -0.009406 0.000110 0.999953
1788249700.983370304 0.082729 0.084750 1.358899 0.002803 -0.009467 0.000073 0.999951
1788249701.016710758 0.084019 0.084406 1.365415 0.003188 -0.009398 0.000156 0.999951
1788249701.050051212 0.084201 0.084782 1.372197 0.003264 -0.009227 0.000401 0.999952
1788249701.083391666 0.083062 0.085547 1.378782 0.003365 -0.009184 0.000312 0.999952
1788249701.116732359 0.083632 0.085321 1.386325 0.003113 -0.009503 0.000278 0.999950
1788249701.150073051 0.083539 0.084754 1.392137 0.003196 -0.009512 0.000382 0.999950
1788249701.183413029 0.083933 0.085922 1.398727 0.003780 -0.009184 0.000223 0.999951
1788249701.216752768 0.083525 0.085593 1.404286 0.004004 -0.008968 0.000207 0.999952
1788249701.250093222 0.083208 0.086413 1.411198 0.003999 -0.009162 0.000071 0.999950
1788249701.283433676 0.081822 0.085248 1.417473 0.003650 -0.009554 -0.000046 0.999948
1788249701.316774368 0.081695 0.088930 1.424421 0.004000 -0.009793 -0.000138 0.999944
1788249701.350114584 0.081378 0.087894 1.431029 0.004198 -0.009697 -0.000148 0.999944
1788249701.383455038 0.081579 0.086737 1.437505 0.004309 -0.009669 -0.000168 0.999944
1788249701.416795492 0.080714 0.085122 1.443282 0.004102 -0.009726 -0.000031 0.999944
1788249701.450136185 0.082594 0.087459 1.450738 0.004186 -0.010061 -0.000161 0.999941
1788249701.483476400 0.081367 0.087980 1.457347 0.004129 -0.009977 -0.000168 0.999942
1788249701.516816854 0.081628 0.086471 1.463497 0.003973 -0.009783 0.000051 0.999944
1788249701.550157309 0.083373 0.087823 1.472807 0.004287 -0.009709 0.000054 0.999944
1788249701.583497524 0.083669 0.086202 1.479395 0.004133 -0.009584 0.000334 0.999945
1788249701.616839170 0.082353 0.089893 1.484477 0.004508 -0.009592 0.000149 0.999944
1788249701.650182009 0.081451 0.090182 1.491419 0.004504 -0.009859 -0.000214 0.999941
1788249701.683523893 0.080509 0.088263 1.497216 0.004539 -0.010073 -0.000449 0.999939
1788249701.716866970 0.079515 0.089164 1.502104 0.004952 -0.009977 -0.000871 0.999938
1788249701.750209808 0.079322 0.086727 1.509026 0.004826 -0.009884 -0.000763 0.999939
1788249701.783552885 0.081716 0.088384 1.517336 0.004771 -0.010213 -0.000613 0.999936
1788249701.816895962 0.080715 0.090796 1.524483 0.004608 -0.010147 -0.000670 0.999938
1788249701.850238800 0.078189 0.090961 1.530844 0.004391 -0.009884 -0.000573 0.999941
1788249701.883581638 0.079379 0.091622 1.538708 0.004380 -0.009755 -0.000502 0.999943
1788249701.916924715 0.080385 0.088630 1.545114 0.004200 -0.009577 -0.000089 0.999945
1788249701.950267792 0.081469 0.089385 1.552706 0.004475 -0.009758 -0.000110 0.999942
1788249701.983610630 0.079737 0.090066 1.558776 0.004615 -0.009813 -0.000392 0.999941
1788249702.016953707 0.078513 0.093697 1.563835 0.004962 -0.009980 -0.000705 0.999938
1788249702.050296783 0.078181 0.091188 1.570478 0.005040 -0.010219 -0.000964 0.999935
1788249702.083639622 0.077414 0.091774 1.577448 0.005442 -0.010065 -0.001008 0.999934
1788249702.116981983 0.077980 0.093699 1.584011 0.005674 -0.009992 -0.001179 0.999933
1788249702.150324821 0.078496 0.093488 1.590617 0.005266 -0.010164 -0.000985 0.999934
1788249702.183668137 0.079277 0.092975 1.598683 0.004966 -0.010418 -0.000844 0.999933
1788249702.217010975 0.078950 0.093519 1.605679 0.004888 -0.010105 -0.000640 0.999937
1788249702.250354052 0.079591 0.092394 1.612022 0.004735 -0.010027 -0.000233 0.999938
1788249702.283696890 0.080362 0.093720 1.618891 0.005253 -0.010059 -0.000173 0.999936
1788249702.317040443 0.079282 0.094076 1.623960 0.005475 -0.010130 -0.000196 0.999934
1788249702.350383520 0.080064 0.093044 1.631410 0.005555 -0.010406 -0.000212 0.999930
1788249702.383726358 0.078288 0.092730 1.635410 0.005734 -0.010155 -0.000540 0.999932
1788249702.417069674 0.077009 0.092664 1.641787 0.005893 -0.010080 -0.000652 0.999932
1788249702.450412750 0.074829 0.091749 1.647657 0.005670 -0.010017 -0.000591 0.999934
1788249702.483755827 0.076213 0.093475 1.655546 0.005628 -0.010067 -0.000595 0.999933
1788249702.517098904 0.076516 0.093158 1.663438 0.005317 -0.010096 -0.000509 0.999935
1788249702.550442457 0.076481 0.093962 1.670105 0.005141 -0.010003 -0.000296 0.999937
1788249702.583784342 0.079283 0.096057 1.678989 0.005236 -0.010163 -0.000210 0.999935
1788249702.617128134 0.079252 0.096847 1.686717 0.005365 -0.010012 -0.000030 0.999936
1788249702.650472641 0.078349 0.096530 1.692060 0.005490 -0.010009 -0.000117 0.999935
1788249702.683817148 0.079478 0.096462 1.697852 0.005284 -0.010263 -0.000358 0.999933
1788249702.717161655 0.077777 0.096206 1.704160 0.005316 -0.010138 -0.000616 0.999934
1788249702.750506163 0.077061 0.096975 1.711854 0.005467 -0.010186 -0.001150 0.999933
1788249702.783850670 0.076241 0.096488 1.718125 0.005274 -0.010210 -0.001313 0.999933
1788249702.817195177 0.074988 0.096597 1.725078 0.005122 -0.010160 -0.001610 0.999934
1788249702.850539923 0.075099 0.096987 1.733117 0.004794 -0.010176 -0.001381 0.999936
1788249702.883884430 0.076117 0.097339 1.740885 0.004527 -0.010360 -0.001337 0.999935
1788249702.917229176 0.075623 0.099548 1.747528 0.004536 -0.010320 -0.001133 0.999936
1788249702.950573921 0.077709 0.099616 1.754765 0.004354 -0.010367 -0.000999 0.999936
1788249702.983918428 0.074765 0.097456 1.759406 0.004246 -0.010157 -0.001000 0.999939
1788249703.017262220 0.075054 0.099322 1.766946 0.004432 -0.010395 -0.001152 0.999936
1788249703.050606728 0.073095 0.098183 1.772748 0.004274 -0.010229 -0.001421 0.999938
1788249703.083951473 0.074249 0.101003 1.780398 0.004728 -0.010473 -0.001836 0.999932
1788249703.117296219 0.072796 0.100325 1.785801 0.004710 -0.010513 -0.001993 0.999932
1788249703.150640965 0.073562 0.101066 1.793824 0.004584 -0.010556 -0.001939 0.999932
1788249703.183985710 0.073459 0.099951 1.800642 0.004220 -0.010596 -0.001762 0.999933
1788249703.217330456 0.073002 0.100121 1.807225 0.003970 -0.010605 -0.001545 0.999935
1788249703.250675201 0.075075 0.101611 1.816157 0.003636 -0.010814 -0.001418 0.999934
1788249703.284020185 0.075360 0.102051 1.823617 0.003443 -0.010731 -0.001219 0.999936
1788249703.317364931 0.076529 0.104012 1.832330 0.003711 -0.010880 -0.001027 0.999933
1788249703.350709915 0.076269 0.106696 1.839359 0.004049 -0.011034 -0.001015 0.999930
1788249703.384054899 0.075468 0.105264 1.844353 0.003782 -0.011063 -0.000954 0.999931
1788249703.417399406 0.075688 0.106095 1.852283 0.003791 -0.011014 -0.000997 0.999932
1788249703.450743437 0.076425 0.104966 1.858989 0.003609 -0.010949 -0.000875 0.999933
1788249703.484088421 0.074950 0.105742 1.864946 0.003537 -0.010901 -0.000860 0.999934
1788249703.517433167 0.077528 0.108980 1.873443 0.003577 -0.011151 -0.000784 0.999931
1788249703.550778151 0.076582 0.107999 1.880952 0.003210 -0.010972 -0.000715 0.999934
1788249703.584123135 0.076986 0.108137 1.888890 0.002787 -0.010995 -0.000722 0.999935
1788249703.617467165 0.077070 0.109156 1.895826 0.002553 -0.011027 -0.000607 0.999936
1788249703.650810003 0.075036 0.109367 1.900744 0.002473 -0.010699 -0.000412 0.999940
1788249703.684152603 0.076846 0.109448 1.908572 0.002509 -0.010846 -0.000283 0.999938
1788249703.717495203 0.076052 0.110377 1.913878 0.002529 -0.010860 -0.000339 0.999938
1788249703.750838041 0.074248 0.109717 1.921747 0.002341 -0.010714 -0.000410 0.999940
1788249703.784180880 0.074753 0.109999 1.928093 0.002230 -0.010684 -0.000288 0.999940
1788249703.817523479 0.076057 0.111601 1.936498 0.002503 -0.010796 -0.000338 0.999939
1788249703.850866079 0.076943 0.111625 1.944147 0.002514 -0.010833 -0.000065 0.999938
1788249703.884208679 0.077748 0.113223 1.950191 0.002528 -0.010850 -0.000090 0.999938
1788249703.917550802 0.074336 0.113476 1.954869 0.002363 -0.010441 -0.000292 0.999943
1788249703.950893402 0.075832 0.112486 1.964287 0.001904 -0.010674 -0.000302 0.999941
1788249703.984236240 0.074492 0.113728 1.971506 0.001709 -0.010584 -0.000479 0.999942
1788249704.017578602 0.075661 0.114924 1.979221 0.001661 -0.010707 -0.000584 0.999941
1788249704.050921679 0.075641 0.115495 1.985397 0.001773 -0.010807 -0.000514 0.999940
1788249704.084264278 0.072583 0.115681 1.991492 0.001701 -0.010548 -0.000638 0.999943
1788249704.117607117 0.075489 0.116039 1.999244 0.001417 -0.010873 -0.000688 0.999940
1788249704.150949717 0.073685 0.116356 2.006207 0.001259 -0.010638 -0.000568 0.999942
1788249704.184292793 0.073422 0.118215 2.013954 0.001360 -0.010668 -0.000828 0.999942
1788249704.217635393 0.074858 0.118869 2.022625 0.000961 -0.010828 -0.000841 0.999941
1788249704.250978231 0.072521 0.117801 2.028976 0.000340 -0.010611 -0.000953 0.999943
1788249704.284320831 0.071623 0.118855 2.035952 -0.000079 -0.010460 -0.001040 0.999945
1788249704.317663670 0.074136 0.119995 2.044149 -0.000511 -0.010648 -0.000783 0.999943
1788249704.351005554 0.075992 0.123171 2.053166 -0.000345 -0.010855 -0.000754 0.999941
1788249704.384348154 0.075516 0.122312 2.057810 -0.000215 -0.010753 -0.000731 0.999942
1788249704.417690992 0.071835 0.121928 2.062249 -0.000291 -0.010398 -0.000869 0.999946
1788249704.451033592 0.073390 0.122140 2.069893 -0.000468 -0.010544 -0.000888 0.999944
1788249704.484376669 0.073331 0.122421 2.076894 -0.000648 -0.010508 -0.001203 0.999944
1788249704.517719507 0.074469 0.124263 2.086689 -0.000732 -0.010685 -0.001253 0.999942
1788249704.551062107 0.075813 0.126571 2.095824 -0.000947 -0.010880 -0.001173 0.999940
1788249704.584405184 0.075000 0.124422 2.102773 -0.001648 -0.010793 -0.000898 0.999940
1788249704.617747784 0.074438 0.125656 2.109141 -0.001812 -0.010721 -0.000915 0.999941
1788249704.651091099 0.074309 0.126287 2.116862 -0.001943 -0.010731 -0.000862 0.999940
1788249704.684434175 0.073580 0.127223 2.122725 -0.001956 -0.010601 -0.000884 0.999942
1788249704.717777491 0.073566 0.128093 2.128579 -0.001514 -0.010556 -0.001037 0.999943
1788249704.751120567 0.075026 0.128722 2.136751 -0.001228 -0.010805 -0.000933 0.999940
1788249704.784462690 0.074362 0.128445 2.142551 -0.001116 -0.010796 -0.001138 0.999940
1788249704.817805767 0.072787 0.127462 2.146790 -0.001113 -0.010571 -0.000979 0.999943
1788249704.851148844 0.073731 0.127636 2.153966 -0.000904 -0.010529 -0.000911 0.999944
1788249704.884492159 0.074461 0.129197 2.162153 -0.000769 -0.010648 -0.000943 0.999943
1788249704.917835474 0.073139 0.128873 2.168444 -0.000945 -0.010489 -0.000874 0.999944
1788249704.951178551 0.075414 0.130672 2.176913 -0.000846 -0.010723 -0.000858 0.999942
1788249704.984521627 0.073596 0.130422 2.182779 -0.000956 -0.010638 -0.000876 0.999943
1788249705.017864704 0.074580 0.130399 2.189784 -0.001062 -0.010666 -0.000900 0.999942
1788249705.051208019 0.074682 0.131545 2.196642 -0.000688 -0.010593 -0.000810 0.999943
1788249705.084551334 0.073924 0.131066 2.201425 -0.000384 -0.010479 -0.000875 0.999945
1788249705.117894411 0.074662 0.132276 2.207905 -0.000090 -0.010706 -0.000900 0.999942
1788249705.151237726 0.073771 0.129740 2.214828 -0.000556 -0.010947 -0.000761 0.999940
1788249705.184581041 0.073538 0.131025 2.223110 -0.000719 -0.011081 -0.000951 0.999938
1788249705.217923164 0.072273 0.131460 2.229287 -0.000942 -0.011042 -0.001170 0.999938
1788249705.251266479 0.071953 0.132490 2.236492 -0.001141 -0.011110 -0.001205 0.999937
1788249705.284609556 0.072488 0.133962 2.245332 -0.001348 -0.011208 -0.001264 0.999936
1788249705.317952871 0.072566 0.133880 2.252138 -0.001773 -0.011275 -0.000992 0.999934
1788249705.351296425 0.073241 0.134405 2.261668 -0.002074 -0.011527 -0.000826 0.999931
1788249705.384639502 0.071932 0.135135 2.269064 -0.002322 -0.011736 -0.000932 0.999928
1788249705.417982817 0.072031 0.135719 2.277059 -0.002418 -0.012304 -0.000877 0.999921
1788249705.451326132 0.068677 0.135212 2.282126 -0.002228 -0.012394 -0.001377 0.999920
1788249705.484669209 0.068457 0.136791 2.288844 -0.001931 -0.012796 -0.001695 0.999915
1788249705.518012524 0.067503 0.136821 2.295652 -0.001835 -0.013225 -0.001755 0.999909
1788249705.551355839 0.067485 0.135894 2.302040 -0.001977 -0.013849 -0.001754 0.999901
1788249705.584698915 0.067163 0.136905 2.308975 -0.001905 -0.014147 -0.001795 0.999897
1788249705.618042231 0.066428 0.137533 2.315171 -0.001853 -0.014377 -0.001683 0.999894
1788249705.651385784 0.064566 0.138286 2.320838 -0.001655 -0.014681 -0.001742 0.999889
1788249705.684727907 0.065260 0.138201 2.328520 -0.001531 -0.015358 -0.001626 0.999880
1788249705.718070984 0.064414 0.139329 2.335144 -0.001120 -0.015679 -0.001716 0.999875
1788249705.751414061 0.065567 0.137849 2.340590 -0.000845 -0.016101 -0.001524 0.999869
1788249705.784757376 0.065471 0.139168 2.347436 -0.000289 -0.016414 -0.001402 0.999864
1788249705.818100691 0.065278 0.139687 2.353483 -0.000252 -0.016719 -0.001136 0.999860
1788249705.851444006 0.065584 0.140937 2.362091 -0.000139 -0.017041 -0.001164 0.999854
1788249705.884787321 0.064207 0.140099 2.368390 -0.000163 -0.017303 -0.001252 0.999849
1788249705.918130636 0.061725 0.140926 2.374292 0.000041 -0.017641 -0.001543 0.999843
1788249705.951473713 0.061602 0.141174 2.381580 -0.000081 -0.018085 -0.001562 0.999835
1788249705.984817028 0.060265 0.141922 2.388974 -0.000080 -0.018295 -0.001453 0.999832
1788249706.018160343 0.060301 0.143026 2.395348 0.000216 -0.018741 -0.001392 0.999823
1788249706.051503420 0.060113 0.142099 2.404065 0.000051 -0.019448 -0.001184 0.999810
1788249706.084846735 0.059262 0.143168 2.410497 0.000046 -0.019762 -0.001044 0.999804
1788249706.118189335 0.059349 0.143300 2.417388 0.000106 -0.020181 -0.000932 0.999796
1788249706.151532650 0.058441 0.143076 2.425426 -0.000024 -0.020630 -0.000876 0.999787
1788249706.184875965 0.057030 0.141922 2.432164 -0.000009 -0.021113 -0.000918 0.999777
1788249706.218219042 0.056875 0.143205 2.440585 0.000295 -0.021771 -0.001193 0.999762
1788249706.251562357 0.055953 0.143562 2.448650 0.000194 -0.022286 -0.001379 0.999751
1788249706.284905910 0.055276 0.143599 2.455965 0.000120 -0.022439 -0.001385 0.999747
1788249706.318248987 0.054517 0.144018 2.463054 0.000396 -0.022473 -0.001294 0.999747
1788249706.351592302 0.054199 0.144221 2.469824 0.000425 -0.022826 -0.000871 0.999739
1788249706.384935856 0.054170 0.144262 2.476588 0.000463 -0.023194 -0.000615 0.999731
1788249706.418279171 0.053977 0.144666 2.484133 0.000453 -0.023283 -0.000320 0.999729
1788249706.451622725 0.055419 0.145876 2.493857 0.000727 -0.023741 -0.000193 0.999718
1788249706.484966040 0.054401 0.144970 2.501365 0.000799 -0.024301 -0.000482 0.999704
1788249706.518309116 0.051413 0.147104 2.507637 0.000929 -0.024470 -0.001040 0.999700
1788249706.551652670 0.049779 0.146340 2.515637 0.000524 -0.024765 -0.001173 0.999692
1788249706.584995031 0.048214 0.147285 2.522633 0.000578 -0.024952 -0.001616 0.999687
1788249706.618337870 0.048522 0.147400 2.531887 0.000628 -0.025454 -0.001521 0.999675
1788249706.651683092 0.047679 0.147019 2.538772 0.000638 -0.025613 -0.001403 0.999671
1788249706.685028553 0.048659 0.148700 2.548168 0.000780 -0.025958 -0.001319 0.999662
1788249706.718373775 0.046871 0.148232 2.553218 0.000539 -0.025966 -0.000927 0.999662
1788249706.751718760 0.047832 0.149369 2.562301 0.000763 -0.025947 -0.000926 0.999663
1788249706.785063982 0.047592 0.149546 2.569391 0.000880 -0.026073 -0.000805 0.999659
1788249706.818409443 0.046079 0.150448 2.575857 0.000934 -0.026262 -0.000971 0.999654
1788249706.851754904 0.046613 0.149477 2.584858 0.000740 -0.026518 -0.001099 0.999647
1788249706.885099888 0.044893 0.150918 2.592607 0.000819 -0.026405 -0.001345 0.999650
1788249706.918445349 0.043812 0.151098 2.599215 0.000908 -0.026470 -0.001453 0.999648
1788249706.951791048 0.043919 0.151650 2.606971 0.001142 -0.026472 -0.001375 0.999648
1788249706.985136032 0.044105 0.152708 2.614558 0.001197 -0.026527 -0.001341 0.999646
1788249707.018480539 0.043468 0.151756 2.621973 0.001132 -0.026567 -0.001127 0.999646
1788249707.051826000 0.043773 0.151937 2.629994 0.001180 -0.026568 -0.000881 0.999646
1788249707.085171461 0.045118 0.152362 2.639343 0.001329 -0.026680 -0.000870 0.999643
1788249707.118516922 0.043861 0.151957 2.645105 0.001328 -0.026747 -0.000875 0.999641
1788249707.151862621 0.043131 0.152047 2.653395 0.001312 -0.026933 -0.001351 0.999635
1788249707.185208082 0.040845 0.153180 2.659983 0.001272 -0.026766 -0.001671 0.999640
1788249707.218553543 0.041164 0.152847 2.668529 0.001333 -0.026906 -0.001521 0.999636
1788249707.251899242 0.041314 0.153009 2.675281 0.001665 -0.026777 -0.001288 0.999639
1788249707.285244703 0.042083 0.151681 2.682342 0.001671 -0.026842 -0.000996 0.999638
1788249707.318590403 0.042591 0.152951 2.690433 0.001870 -0.027097 -0.000933 0.999631
1788249707.351936102 0.043865 0.153378 2.699666 0.001977 -0.027341 -0.000757 0.999624
1788249707.385281801 0.041502 0.152882 2.703785 0.002135 -0.026833 -0.000662 0.999637
1788249707.418627501 0.041063 0.154899 2.712789 0.002451 -0.026800 -0.000873 0.999637
1788249707.451972246 0.038773 0.154586 2.719896 0.002059 -0.026767 -0.001332 0.999639
1788249707.485317945 0.038555 0.155301 2.729868 0.001770 -0.027063 -0.001661 0.999631
1788249707.518663883 0.037582 0.156584 2.737535 0.001762 -0.027014 -0.002064 0.999631
1788249707.552009583 0.038003 0.155052 2.746503 0.001776 -0.027006 -0.002085 0.999632
1788249707.585355282 0.038320 0.155472 2.754085 0.001802 -0.027164 -0.002004 0.999627
1788249707.618700981 0.037212 0.155866 2.761144 0.001838 -0.027396 -0.001947 0.999621
1788249707.652052879 0.036773 0.157471 2.768047 0.002001 -0.027634 -0.001904 0.999614
1788249707.685404539 0.037884 0.155873 2.777375 0.001917 -0.027912 -0.001612 0.999607
1788249707.718756676 0.037089 0.156248 2.784229 0.001981 -0.027871 -0.001721 0.999608
1788249707.752108335 0.036752 0.157304 2.792842 0.001870 -0.028089 -0.001876 0.999602
1788249707.785460711 0.034339 0.158885 2.799520 0.001776 -0.028067 -0.002305 0.999602
1788249707.818812609 0.037057 0.158414 2.810358 0.001325 -0.028533 -0.002084 0.999590
1788249707.852164745 0.034977 0.159187 2.816190 0.001471 -0.028010 -0.002052 0.999604
1788249707.885516882 0.035900 0.159242 2.825250 0.001489 -0.028120 -0.001870 0.999602
1788249707.918868303 0.036498 0.160581 2.833569 0.001481 -0.028464 -0.001681 0.999592
1788249707.952220440 0.035917 0.160380 2.840949 0.001318 -0.028504 -0.001731 0.999591
1788249707.985573053 0.033992 0.161137 2.846113 0.001369 -0.028233 -0.001586 0.999599
1788249708.018925190 0.034234 0.160450 2.854940 0.001325 -0.028353 -0.001479 0.999596
1788249708.052277565 0.033349 0.161674 2.862309 0.001275 -0.028239 -0.001678 0.999599
1788249708.085630417 0.033838 0.161562 2.872318 0.000855 -0.028570 -0.001655 0.999590
1788249708.118983030 0.034711 0.161541 2.881255 0.000517 -0.028888 -0.001705 0.999581
1788249708.152335405 0.033402 0.161575 2.887258 0.000531 -0.028731 -0.001519 0.999586
1788249708.185688496 0.033310 0.162256 2.894907 0.000769 -0.028618 -0.001414 0.999589
1788249708.219041109 0.033728 0.163179 2.902334 0.000791 -0.028759 -0.001167 0.999585
1788249708.252393723 0.034199 0.163572 2.910445 0.000766 -0.029049 -0.001014 0.999577
1788249708.285747051 0.033394 0.163475 2.917572 0.000753 -0.028924 -0.000899 0.999581
1788249708.319099903 0.033682 0.163583 2.925014 0.000977 -0.028864 -0.000747 0.999583
1788249708.352452040 0.033133 0.164304 2.932654 0.001195 -0.028772 -0.000676 0.999585
1788249708.385805130 0.033282 0.164760 2.940300 0.001130 -0.028990 -0.000671 0.999579
1788249708.419158459 0.032138 0.165108 2.946798 0.001222 -0.029006 -0.000667 0.999578
1788249708.452511311 0.032384 0.164655 2.954178 0.001628 -0.028927 -0.000607 0.999580
1788249708.485864639 0.033054 0.164489 2.962055 0.002092 -0.028842 -0.000411 0.999582
1788249708.519217968 0.031729 0.165868 2.967875 0.002453 -0.028590 -0.000305 0.999588
1788249708.552571535 0.029438 0.165460 2.974291 0.002257 -0.028467 -0.000206 0.999592
1788249708.585924864 0.031537 0.165209 2.984380 0.002035 -0.028723 0.000020 0.999585
1788249708.619278431 0.030769 0.166148 2.992110 0.002104 -0.028633 -0.000003 0.999588
1788249708.652617216 0.030712 0.166946 3.001039 0.001796 -0.028787 -0.000002 0.999584
1788249708.685956240 0.031075 0.166661 3.010399 0.001296 -0.029007 -0.000039 0.999578
1788249708.719294786 0.031259 0.167349 3.018581 0.001222 -0.029023 -0.000054 0.999578
1788249708.752633810 0.029615 0.166927 3.025082 0.001350 -0.028675 -0.000125 0.999588
1788249708.785971642 0.031154 0.166756 3.033756 0.001541 -0.028747 0.000092 0.999586
1788249708.819310188 0.031967 0.165533 3.043090 0.001254 -0.028828 0.000374 0.999584
1788249708.852648973 0.032071 0.167238 3.051651 0.001266 -0.028856 0.000353 0.999583
1788249708.885987997 0.028801 0.169024 3.059103 0.001348 -0.028510 0.000204 0.999593
1788249708.919326544 0.031136 0.168802 3.069720 0.001056 -0.028997 0.000533 0.999579
1788249708.952665091 0.029636 0.169689 3.076373 0.000971 -0.028877 0.000424 0.999582
1788249708.986003876 0.027650 0.169719 3.084820 0.000863 -0.028903 0.000459 0.999582
1788249709.019342661 0.027917 0.171306 3.093428 0.001208 -0.028948 0.000327 0.999580
1788249709.052681446 0.025841 0.168607 3.100764 0.001259 -0.028705 0.000485 0.999587
1788249709.086019993 0.027252 0.168998 3.108653 0.001893 -0.028629 0.000477 0.999588
1788249709.119358540 0.024717 0.169914 3.114961 0.002197 -0.028243 0.000501 0.999599
1788249709.152697086 0.026177 0.168507 3.123693 0.001816 -0.028388 0.000725 0.999595
1788249709.186035633 0.026598 0.170311 3.133786 0.001544 -0.028545 0.000625 0.999591
1788249709.219374180 0.024785 0.170761 3.141982 0.001346 -0.028543 0.000291 0.999592
1788249709.252711773 0.021503 0.174819 3.150292 0.001471 -0.028474 -0.000106 0.999593
1788249709.286050081 0.022223 0.170130 3.158924 0.000792 -0.028844 -0.000216 0.999584
1788249709.319388866 0.020169 0.168446 3.166435 0.000749 -0.028709 -0.000106 0.999588
1788249709.352727175 0.020838 0.173386 3.173365 0.001912 -0.028513 -0.000045 0.999592
1788249709.386065722 0.022220 0.171442 3.180496 0.002140 -0.028327 0.000166 0.999596
1788249709.419404030 0.020687 0.171582 3.186272 0.002527 -0.028069 0.000285 0.999603
1788249709.452742577 0.022530 0.174789 3.196600 0.002834 -0.028391 0.000327 0.999593
1788249709.486080885 0.019300 0.175047 3.204557 0.002434 -0.028034 0.000341 0.999604
1788249709.519419193 0.020380 0.175952 3.213816 0.002165 -0.028391 0.000239 0.999595
1788249709.552757502 0.020457 0.174046 3.223174 0.001642 -0.028646 0.000142 0.999588
1788249709.586096048 0.020843 0.170985 3.232079 0.001167 -0.028971 0.000113 0.999580
1788249709.619434357 0.019583 0.174613 3.240854 0.001559 -0.028903 0.000098 0.999581
1788249709.652775288 0.021330 0.173490 3.247569 0.001325 -0.028821 0.000265 0.999584
1788249709.686115026 0.018502 0.173085 3.253806 0.001553 -0.028223 0.000172 0.999600
1788249709.719455481 0.019692 0.175549 3.262923 0.001828 -0.028358 0.000146 0.999596
1788249709.752796412 0.017589 0.177990 3.271329 0.001971 -0.028155 0.000116 0.999602
1788249709.786137104 0.019484 0.177613 3.281125 0.001467 -0.028504 0.000163 0.999593
1788249709.819477797 0.016587 0.178661 3.288639 0.001175 -0.028382 0.000068 0.999596
1788249709.852818489 0.017168 0.175892 3.299150 0.000451 -0.028908 0.000407 0.999582
1788249709.886159182 0.016350 0.177733 3.308161 0.000908 -0.029242 0.000274 0.999572
1788249709.919499874 0.014443 0.177034 3.313741 0.001180 -0.029181 0.000341 0.999573
1788249709.952840805 0.015915 0.178240 3.319979 0.001940 -0.029148 0.000467 0.999573
1788249709.986181259 0.020119 0.179196 3.328283 0.002367 -0.029308 0.000666 0.999567
1788249710.019522190 0.019211 0.179685 3.338085 0.002441 -0.029279 0.000786 0.999568
1788249710.052862644 0.021277 0.176302 3.343980 0.002034 -0.029749 0.000962 0.999555
1788249710.086203575 0.013543 0.178738 3.349693 0.003057 -0.029658 0.000746 0.999555
1788249710.119543076 0.012813 0.177674 3.355157 0.003427 -0.029986 0.000905 0.999544
1788249710.152883530 0.015109 0.182024 3.365847 0.003802 -0.030278 0.000980 0.999534
1788249710.186224461 0.014883 0.177997 3.373624 0.002949 -0.030600 0.001037 0.999527
1788249710.219565153 0.012796 0.179518 3.381006 0.003156 -0.030891 0.000819 0.999517
1788249710.252905607 0.015717 0.179060 3.390575 0.003176 -0.031072 0.000785 0.999512
1788249710.286246538 0.014971 0.178881 3.399803 0.003025 -0.030490 0.000851 0.999530
1788249710.319586992 0.012749 0.184302 3.408878 0.003436 -0.030870 0.000785 0.999517
1788249710.352927685 0.009181 0.183403 3.415843 0.003150 -0.031596 0.000631 0.999496
1788249710.386268377 0.008786 0.180995 3.422307 0.002898 -0.032078 0.000777 0.999481
1788249710.419608593 0.010784 0.182818 3.431399 0.003165 -0.032893 0.000968 0.999453
1788249710.452949524 0.009056 0.184506 3.440745 0.003250 -0.033932 0.001312 0.999418
1788249710.486289978 0.005618 0.186534 3.447914 0.003887 -0.034810 0.001158 0.999386
1788249710.519630671 0.003814 0.184887 3.453201 0.003887 -0.035553 0.001378 0.999359
1788249710.552971363 0.005639 0.185310 3.462318 0.003669 -0.036569 0.001486 0.999323
1788249710.586311102 0.004485 0.180296 3.468749 0.002901 -0.037258 0.001592 0.999300
1788249710.619651556 0.002840 0.182558 3.475209 0.003520 -0.038163 0.001487 0.999264
1788249710.653000832 0.002304 0.184437 3.485435 0.003682 -0.039482 0.001716 0.999212
1788249710.686350346 -0.000062 0.181711 3.491736 0.002855 -0.040476 0.001906 0.999175
1788249710.719699860 -0.002848 0.183384 3.499985 0.002625 -0.041432 0.001912 0.999136
1788249710.753049374 -0.004703 0.182430 3.507287 0.002510 -0.042470 0.002166 0.999092
1788249710.786399126 -0.006701 0.183277 3.515121 0.002803 -0.043689 0.002296 0.999039
1788249710.819748640 -0.004671 0.188145 3.525760 0.002918 -0.045270 0.002552 0.998967
1788249710.853098392 -0.010880 0.186063 3.532051 0.002451 -0.046026 0.002135 0.998935
1788249710.886447906 -0.012658 0.184594 3.540331 0.002112 -0.048114 0.002471 0.998837
1788249710.919797659 -0.015562 0.186471 3.548593 0.002258 -0.050101 0.002330 0.998739
1788249710.953147411 -0.017666 0.184429 3.554727 0.001814 -0.051557 0.002609 0.998665
1788249710.986497164 -0.018503 0.185654 3.563995 0.002007 -0.053167 0.002865 0.998580
1788249711.019845963 -0.018207 0.184985 3.571880 0.002169 -0.055064 0.003009 0.998476
1788249711.053196192 -0.022742 0.185786 3.578645 0.002204 -0.056447 0.003409 0.998397
1788249711.086545944 -0.020405 0.187802 3.595132 0.001856 -0.058883 0.004119 0.998255
1788249711.119895935 -0.025672 0.190194 3.598854 0.002294 -0.059652 0.003664 0.998210
1788249711.153246164 -0.027288 0.187361 3.605819 0.001944 -0.061866 0.003814 0.998075
1788249711.186595917 -0.030556 0.191630 3.617003 0.002282 -0.064359 0.003890 0.997917
1788249711.219946146 -0.035400 0.191653 3.623055 0.002141 -0.066257 0.003785 0.997793
1788249711.253296137 -0.034866 0.191736 3.632947 0.001979 -0.068987 0.004068 0.997607
1788249711.286646605 -0.039188 0.191871 3.639082 0.001723 -0.071133 0.004228 0.997456
1788249711.319996834 -0.042784 0.191665 3.648685 0.000941 -0.073386 0.004450 0.997293
1788249711.353346825 -0.046600 0.190499 3.655960 0.000888 -0.075304 0.003948 0.997152
1788249711.386697292 -0.051340 0.190679 3.663809 0.001032 -0.077423 0.003955 0.996990
1788249711.420047760 -0.056849 0.193003 3.671394 0.001172 -0.079459 0.004098 0.996829
1788249711.453397036 -0.057915 0.198123 3.682362 0.001403 -0.081998 0.004646 0.996621
1788249711.486747742 -0.059235 0.198874 3.691766 0.001387 -0.084535 0.005034 0.996407
1788249711.520097971 -0.061085 0.193130 3.697561 0.000741 -0.086567 0.004996 0.996233
1788249711.553448677 -0.064568 0.196544 3.706918 0.000792 -0.088712 0.005309 0.996043
1788249711.586799145 -0.070800 0.197472 3.713814 0.000963 -0.090637 0.005083 0.995871
1788249711.620149851 -0.074608 0.198156 3.723243 0.001120 -0.093271 0.004967 0.995628
1788249711.653494835 -0.076308 0.198449 3.732943 0.000775 -0.095968 0.005653 0.995368
1788249711.686840057 -0.078694 0.200306 3.741433 0.000925 -0.098377 0.006060 0.995130
1788249711.720185518 -0.080480 0.195999 3.745771 0.000626 -0.100659 0.006461 0.994900
1788249711.753530741 -0.083514 0.198486 3.754004 0.001047 -0.102731 0.007121 0.994683
1788249711.786875725 -0.084988 0.196478 3.762834 0.000473 -0.105085 0.007689 0.994433
1788249711.820220947 -0.088275 0.197648 3.769342 0.000533 -0.107274 0.007578 0.994201
1788249711.853566408 -0.093688 0.199753 3.777710 0.000661 -0.109931 0.007767 0.993909
1788249711.886910677 -0.098861 0.200394 3.785458 0.000384 -0.112123 0.008213 0.993660
1788249711.920255661 -0.102035 0.199510 3.791606 0.000183 -0.114050 0.008334 0.993440
1788249711.953601122 -0.103689 0.201680 3.801347 0.000428 -0.116752 0.009057 0.993120
1788249711.986946344 -0.108551 0.203191 3.807646 0.000745 -0.118892 0.009057 0.992866
1788249712.020292044 -0.114414 0.205715 3.815851 0.001050 -0.120788 0.008866 0.992638
1788249712.053637028 -0.118321 0.203945 3.824227 0.000734 -0.123629 0.008492 0.992292
1788249712.086982489 -0.121778 0.206178 3.832298 0.000641 -0.126614 0.008815 0.991913
1788249712.120327711 -0.125878 0.205333 3.839674 0.000315 -0.129160 0.009108 0.991582
1788249712.153673410 -0.131458 0.206773 3.846767 0.000464 -0.131559 0.009178 0.991266
1788249712.187018633 -0.136311 0.205557 3.851453 0.000408 -0.133992 0.009411 0.990938
1788249712.220363855 -0.137379 0.202902 3.860398 -0.000106 -0.136713 0.010059 0.990560
1788249712.253709316 -0.142984 0.206040 3.867839 0.000423 -0.138592 0.009972 0.990299
1788249712.287054777 -0.144604 0.201417 3.877522 -0.000320 -0.141589 0.009770 0.989877
1788249712.320400238 -0.151187 0.206167 3.880398 -0.000008 -0.143606 0.009849 0.989586
1788249712.353744745 -0.157170 0.207005 3.890533 -0.000190 -0.146103 0.009843 0.989220
1788249712.387090206 -0.159697 0.206207 3.897838 -0.000382 -0.149191 0.010124 0.988757
1788249712.420435667 -0.167448 0.209336 3.906341 0.000092 -0.151872 0.010205 0.988347
1788249712.453781128 -0.172070 0.205086 3.910751 -0.000522 -0.154467 0.010007 0.987947
1788249712.487126589 -0.178054 0.207183 3.919792 -0.000272 -0.157860 0.009838 0.987412
1788249712.520471811 -0.184737 0.209575 3.925684 -0.000334 -0.161306 0.010327 0.986850
1788249712.553817511 -0.188995 0.208797 3.933068 -0.000379 -0.164825 0.010754 0.986264
1788249712.587163210 -0.193534 0.208597 3.940240 -0.000275 -0.168561 0.011157 0.985628
1788249712.620508671 -0.200393 0.209524 3.945714 -0.000134 -0.172044 0.011554 0.985022
1788249712.653852463 -0.205101 0.209138 3.952311 -0.000251 -0.175262 0.011988 0.984449
1788249712.687196970 -0.209949 0.209012 3.958651 0.000007 -0.178247 0.012111 0.983911
1788249712.720542431 -0.214346 0.206997 3.967046 -0.000382 -0.182144 0.012327 0.983194
1788249712.753887415 -0.220391 0.208447 3.974399 -0.000339 -0.185456 0.012700 0.982570
1788249712.787231684 -0.227553 0.212865 3.980672 0.000382 -0.188521 0.012900 0.981984
1788249712.820576906 -0.232603 0.210068 3.987175 0.000066 -0.192071 0.013332 0.981290
1788249712.853921890 -0.238012 0.209702 3.992794 -0.000215 -0.194996 0.013644 0.980709
1788249712.887267113 -0.242979 0.212360 4.000457 -0.000167 -0.198156 0.013745 0.980074
1788249712.920612574 -0.250004 0.212060 4.006784 -0.000264 -0.201549 0.013440 0.979386
1788249712.953957796 -0.257428 0.212982 4.013569 -0.000126 -0.205059 0.013552 0.978656
1788249712.987302780 -0.263966 0.212064 4.019820 -0.000330 -0.208486 0.014174 0.977922
1788249713.020648003 -0.268521 0.211695 4.026632 -0.000409 -0.212138 0.014325 0.977135
1788249713.053993225 -0.274043 0.213173 4.032835 -0.000450 -0.215370 0.014664 0.976422
1788249713.087338686 -0.280200 0.212943 4.039174 -0.000543 -0.218481 0.014644 0.975731
1788249713.120683670 -0.287771 0.212122 4.046547 -0.000599 -0.222224 0.014528 0.974887
1788249713.154028893 -0.294890 0.215510 4.050554 0.000017 -0.225595 0.014830 0.974108
1788249713.187374353 -0.301002 0.212881 4.056540 0.000168 -0.228968 0.015099 0.973317
1788249713.220718622 -0.306082 0.214041 4.062898 0.000572 -0.232539 0.015970 0.972456
1788249713.254063845 -0.308172 0.212130 4.067842 0.000466 -0.236045 0.016810 0.971597
1788249713.287409306 -0.316462 0.211632 4.073368 0.000696 -0.238732 0.017525 0.970927
1788249713.320754528 -0.321878 0.214181 4.078513 0.001145 -0.241942 0.017736 0.970128
1788249713.354099751 -0.330179 0.212159 4.082931 0.000985 -0.245111 0.017818 0.969331
1788249713.387445211 -0.335734 0.214461 4.088064 0.001712 -0.248221 0.017402 0.968546
1788249713.420790672 -0.341309 0.212692 4.094594 0.001460 -0.251919 0.017818 0.967583
1788249713.454135895 -0.349127 0.214286 4.100803 0.001621 -0.255352 0.018224 0.966675
1788249713.487481117 -0.354740 0.217543 4.106661 0.002005 -0.258335 0.018423 0.965878
1788249713.520826578 -0.361730 0.214209 4.112637 0.001887 -0.261568 0.018411 0.965008
1788249713.554172039 -0.368369 0.213681 4.114915 0.001973 -0.264968 0.018335 0.964081
1788249713.587517500 -0.376252 0.214283 4.122080 0.001962 -0.268430 0.018552 0.963118
1788249713.620862722 -0.383264 0.214928 4.128992 0.002057 -0.271994 0.018887 0.962111
1788249713.654208422 -0.389487 0.217469 4.135280 0.002385 -0.275484 0.019269 0.961110
1788249713.687552452 -0.396750 0.211504 4.137467 0.001583 -0.278177 0.019759 0.960325
1788249713.720896959 -0.401536 0.214564 4.145364 0.002315 -0.281599 0.019820 0.959325
1788249713.754241705 -0.409726 0.215314 4.148489 0.002505 -0.284820 0.019770 0.958374
1788249713.787586212 -0.417803 0.216390 4.153372 0.002531 -0.287990 0.020018 0.957421
1788249713.820930481 -0.424920 0.216566 4.159180 0.002826 -0.291252 0.019786 0.956437
1788249713.854275227 -0.431985 0.217142 4.165820 0.002767 -0.294929 0.020039 0.955305
1788249713.887619734 -0.438257 0.217514 4.171104 0.002375 -0.297936 0.020393 0.954365
1788249713.920964479 -0.447580 0.214732 4.176311 0.002059 -0.300772 0.020215 0.953480
1788249713.954308987 -0.454999 0.218099 4.181407 0.002597 -0.303909 0.020213 0.952483
1788249713.987653732 -0.462617 0.217925 4.186714 0.002416 -0.306812 0.020263 0.951551
1788249714.020998240 -0.471022 0.217450 4.191592 0.002486 -0.309636 0.020435 0.950632
1788249714.054342747 -0.476237 0.216288 4.197003 0.002513 -0.313080 0.020914 0.949493
1788249714.087687254 -0.481872 0.216569 4.203160 0.002423 -0.316151 0.021254 0.948468
1788249714.121030807 -0.489969 0.219639 4.207018 0.003070 -0.318422 0.021358 0.947703
1788249714.154375553 -0.496786 0.219606 4.213179 0.003128 -0.321451 0.021668 0.946673
1788249714.187720299 -0.504261 0.221147 4.219897 0.003009 -0.324645 0.021800 0.945580
1788249714.221064806 -0.513431 0.220365 4.223097 0.002554 -0.327067 0.021861 0.944745
1788249714.254409552 -0.522526 0.220966 4.229328 0.002582 -0.329899 0.022132 0.943753
1788249714.287754059 -0.526656 0.218609 4.236386 0.001797 -0.333053 0.022360 0.942641
1788249714.321098804 -0.536075 0.220853 4.241023 0.001982 -0.335671 0.022132 0.941717
1788249714.354443073 -0.544230 0.219332 4.246694 0.001825 -0.338794 0.022237 0.940596
1788249714.387787819 -0.552087 0.222131 4.251032 0.001949 -0.341537 0.022194 0.939604
1788249714.421132565 -0.560428 0.221170 4.257647 0.001936 -0.344306 0.022461 0.938587
1788249714.454477072 -0.567976 0.220037 4.260358 0.001741 -0.347288 0.022528 0.937486
1788249714.487821817 -0.576692 0.220184 4.265306 0.001452 -0.350039 0.022618 0.936461
1788249714.521166801 -0.583754 0.221091 4.270972 0.001505 -0.353081 0.022569 0.935319
1788249714.554510117 -0.590648 0.222108 4.275438 0.001509 -0.356278 0.022709 0.934103
1788249714.587854862 -0.599682 0.222798 4.279052 0.001263 -0.358975 0.023004 0.933063
1788249714.621199369 -0.606305 0.223876 4.284628 0.001420 -0.361835 0.023542 0.931944
1788249714.654543877 -0.614772 0.224279 4.289407 0.001430 -0.364417 0.023913 0.930928
1788249714.687884331 -0.622160 0.224017 4.295054 0.000920 -0.367101 0.024168 0.929867
1788249714.721218586 -0.630270 0.221837 4.299636 0.000620 -0.369373 0.023818 0.928976
1788249714.754552841 -0.639059 0.224652 4.305017 0.000929 -0.372079 0.023652 0.927899
1788249714.787886620 -0.646334 0.224228 4.309238 0.000376 -0.374650 0.023638 0.926865
1788249714.821220636 -0.655381 0.224440 4.314561 0.000205 -0.376940 0.023772 0.925933
1788249714.854554653 -0.663663 0.223530 4.318242 0.000062 -0.379321 0.023834 0.924958
1788249714.887888432 -0.672416 0.225768 4.323236 0.000259 -0.381888 0.023943 0.923898
1788249714.921222210 -0.679189 0.225925 4.327654 0.000689 -0.384235 0.024072 0.922921
1788249714.954555988 -0.687020 0.226476 4.330874 0.001093 -0.386537 0.024377 0.921951
1788249714.987889767 -0.694343 0.225121 4.336199 0.000974 -0.389109 0.024708 0.920860
1788249715.021222353 -0.702806 0.225177 4.339591 0.001150 -0.391371 0.024884 0.919896
1788249715.054555655 -0.710459 0.227031 4.343171 0.001726 -0.393844 0.025025 0.918835
1788249715.087889194 -0.717446 0.226902 4.349245 0.001624 -0.396485 0.025113 0.917696
1788249715.121222734 -0.728318 0.228170 4.352712 0.001677 -0.398708 0.024987 0.916736
1788249715.154556036 -0.737315 0.228602 4.356780 0.001703 -0.401319 0.024664 0.915605
1788249715.187889338 -0.747187 0.229463 4.361130 0.001347 -0.403732 0.024370 0.914552
1788249715.221222401 -0.754984 0.231349 4.366940 0.001406 -0.406252 0.024343 0.913435
1788249715.254555702 -0.764428 0.228386 4.369503 0.000665 -0.408664 0.024335 0.912360
1788249715.287888765 -0.773585 0.230578 4.374195 0.000343 -0.411286 0.024401 0.911180
1788249715.321221828 -0.783249 0.230331 4.380395 0.000138 -0.413788 0.024336 0.910048
1788249715.354554653 -0.791798 0.228713 4.383035 -0.000055 -0.416155 0.024117 0.908974
1788249715.387887478 -0.799210 0.232084 4.388535 0.000038 -0.418949 0.024299 0.907685
1788249715.421220541 -0.808514 0.232079 4.392879 -0.000029 -0.421270 0.024434 0.906606
1788249715.454552174 -0.817757 0.229595 4.397381 -0.000405 -0.423810 0.024766 0.905412
1788249715.487884998 -0.824713 0.232366 4.400706 -0.000331 -0.426285 0.024998 0.904243
1788249715.521217585 -0.833528 0.232935 4.405713 -0.000137 -0.428553 0.025083 0.903168
1788249715.554550171 -0.841355 0.230534 4.408859 -0.000378 -0.431205 0.024916 0.901910
1788249715.587882519 -0.850017 0.232012 4.412838 -0.000461 -0.434117 0.024486 0.900524
1788249715.621215105 -0.860576 0.233797 4.415141 -0.000371 -0.436263 0.024301 0.899491
1788249715.654547453 -0.869868 0.235413 4.421738 -0.000650 -0.439055 0.024412 0.898128
1788249715.687881231 -0.878531 0.234671 4.424133 -0.001408 -0.441583 0.024417 0.896887
1788249715.721216679 -0.887867 0.235479 4.427139 -0.001494 -0.443621 0.024444 0.895880
1788249715.754551888 -0.897206 0.236341 4.430631 -0.001315 -0.445896 0.024315 0.894754
1788249715.787886858 -0.905420 0.237174 4.435503 -0.001577 -0.448624 0.024463 0.893385
1788249715.821222305 -0.913055 0.237352 4.440945 -0.001853 -0.451060 0.024807 0.892147
1788249715.854557514 -0.922319 0.238134 4.443841 -0.001934 -0.453332 0.024967 0.890990
1788249715.887892485 -0.931552 0.235430 4.446504 -0.002616 -0.455782 0.024736 0.889744
1788249715.921226501 -0.940626 0.238481 4.449328 -0.002157 -0.457984 0.024615 0.888617
1788249715.954561949 -0.950806 0.239871 4.453218 -0.001688 -0.460300 0.024344 0.887428
1788249715.987896919 -0.959273 0.240356 4.455877 -0.001551 -0.462984 0.024283 0.886033
1788249716.021231651 -0.966143 0.237881 4.458363 -0.001728 -0.465539 0.024651 0.884682
1788249716.054566622 -0.975608 0.238843 4.460034 -0.001428 -0.467631 0.025150 0.883565
1788249716.087901592 -0.983235 0.237949 4.464051 -0.001656 -0.470167 0.025768 0.882199
1788249716.121236086 -0.989869 0.238078 4.467271 -0.001367 -0.472399 0.025894 0.881004
1788249716.154570818 -0.997757 0.237188 4.469288 -0.001118 -0.474667 0.026291 0.879772
1788249716.187905550 -1.005911 0.237829 4.472793 -0.001294 -0.477341 0.026131 0.878329
1788249716.221240520 -1.014894 0.239895 4.475842 -0.001287 -0.479816 0.026406 0.876971
1788249716.254574776 -1.025649 0.238718 4.477610 -0.001514 -0.482092 0.026059 0.875732
1788249716.287909269 -1.035221 0.238200 4.480158 -0.002000 -0.484529 0.025798 0.874393
1788249716.321243763 -1.045525 0.240527 4.481701 -0.001713 -0.486557 0.025273 0.873282
1788249716.354577303 -1.054906 0.241151 4.482886 -0.001354 -0.488973 0.024847 0.871944
1788249716.387911797 -1.065374 0.241302 4.486310 -0.001681 -0.491554 0.025056 0.870485
1788249716.421246052 -1.073053 0.243015 4.490532 -0.001620 -0.493841 0.025334 0.869182
1788249716.454580307 -1.080503 0.240135 4.492507 -0.001924 -0.496150 0.025723 0.867853
1788249716.487914562 -1.090060 0.241319 4.495635 -0.001844 -0.498399 0.026025 0.866555
1788249716.521248817 -1.098222 0.240991 4.497062 -0.001597 -0.500556 0.026014 0.865312
1788249716.554582834 -1.107326 0.240770 4.498159 -0.001667 -0.502863 0.025722 0.863982
1788249716.587917089 -1.117904 0.242749 4.500616 -0.001961 -0.505352 0.025730 0.862528
1788249716.621251106 -1.128126 0.244275 4.504838 -0.001812 -0.507596 0.025782 0.861207
1788249716.654585123 -1.136802 0.242954 4.506577 -0.002163 -0.509928 0.025888 0.859825
1788249716.687922955 -1.146929 0.243361 4.508682 -0.002352 -0.512308 0.025931 0.858407
1788249716.721266270 -1.155961 0.244280 4.511334 -0.001994 -0.514618 0.025785 0.857029
1788249716.754609346 -1.164328 0.242731 4.512807 -0.002004 -0.517079 0.025625 0.855552
1788249716.787951469 -1.172953 0.244344 4.514224 -0.002085 -0.519516 0.025886 0.854066
1788249716.821294546 -1.182099 0.244838 4.518230 -0.001869 -0.521859 0.026341 0.852623
1788249716.854637623 -1.190324 0.244248 4.518396 -0.001796 -0.523950 0.026624 0.851331
1788249716.887980938 -1.198564 0.243560 4.521302 -0.001842 -0.526348 0.027001 0.849839
1788249716.921323776 -1.207271 0.242915 4.522171 -0.001693 -0.528457 0.027247 0.848521
1788249716.954667091 -1.216555 0.241623 4.525058 -0.001813 -0.530882 0.027372 0.847002
1788249716.988010168 -1.225523 0.243735 4.527295 -0.001798 -0.533333 0.027532 0.845455
1788249717.021353006 -1.234185 0.244840 4.529088 -0.001668 -0.535574 0.027502 0.844039
1788249717.054696321 -1.245031 0.245234 4.530494 -0.001683 -0.537799 0.027359 0.842628
1788249717.088039637 -1.254328 0.245272 4.531175 -0.001759 -0.540072 0.027075 0.841182
1788249717.121382475 -1.263062 0.245888 4.532425 -0.001358 -0.542370 0.026663 0.839715
1788249717.154725552 -1.273460 0.244200 4.533499 -0.001528 -0.544729 0.026707 0.838185
1788249717.188068390 -1.282058 0.244501 4.534567 -0.001706 -0.547045 0.026859 0.836670
1788249717.221411467 -1.291474 0.245616 4.537473 -0.001162 -0.549283 0.027134 0.835195
1788249717.254753590 -1.300028 0.246414 4.537947 -0.000916 -0.551573 0.027348 0.833678
1788249717.288096666 -1.308630 0.245008 4.539887 -0.001091 -0.553974 0.027701 0.832072
1788249717.321439505 -1.317431 0.245398 4.540552 -0.000769 -0.556216 0.027668 0.830577
1788249717.354782581 -1.328482 0.245486 4.541944 -0.000784 -0.558552 0.027659 0.829008
1788249717.388125658 -1.336954 0.246348 4.543178 -0.000574 -0.560777 0.027547 0.827508
1788249717.421468496 -1.344957 0.244598 4.544639 -0.000613 -0.563143 0.027953 0.825886
1788249717.454811811 -1.353550 0.244728 4.545149 -0.000397 -0.565442 0.028438 0.824298
1788249717.488154650 -1.361097 0.244802 4.546160 -0.000053 -0.567547 0.028918 0.822833
1788249717.521497726 -1.369607 0.244479 4.547439 0.000394 -0.569541 0.029080 0.821449
1788249717.554840803 -1.378743 0.243844 4.548240 0.000200 -0.571903 0.029537 0.819789
1788249717.588183403 -1.386658 0.244970 4.547971 0.000350 -0.574104 0.029714 0.818243
1788249717.621526480 -1.395144 0.243930 4.549847 0.000708 -0.576239 0.030006 0.816730
1788249717.654869556 -1.403503 0.243042 4.551322 0.000761 -0.578533 0.030233 0.815098
1788249717.688212395 -1.412168 0.243860 4.551367 0.000809 -0.580609 0.030461 0.813612
1788249717.721557140 -1.420195 0.244950 4.552345 0.001211 -0.582672 0.030711 0.812126
1788249717.754901886 -1.428587 0.244095 4.549874 0.001356 -0.584747 0.030599 0.810638
1788249717.788246632 -1.436711 0.244324 4.550443 0.001540 -0.587095 0.030474 0.808943
1788249717.821591616 -1.447015 0.244219 4.551500 0.001924 -0.589273 0.030558 0.807354
1788249717.854936600 -1.454605 0.244070 4.550798 0.002243 -0.591569 0.030508 0.805674
1788249717.888281345 -1.464715 0.244163 4.551629 0.002059 -0.593686 0.030809 0.804104
1788249717.921626329 -1.473476 0.245105 4.552722 0.002264 -0.595855 0.030968 0.802492
1788249717.954971313 -1.481640 0.243200 4.553133 0.002204 -0.598128 0.030799 0.800806
1788249717.988316298 -1.491521 0.244083 4.554170 0.002246 -0.600382 0.030808 0.799116
1788249718.021661282 -1.499895 0.245057 4.555368 0.002487 -0.602563 0.030843 0.797472
1788249718.055006266 -1.509043 0.243893 4.553081 0.002269 -0.604538 0.030954 0.795971
1788249718.088351011 -1.517615 0.243909 4.555496 0.002048 -0.606816 0.031071 0.794232
1788249718.121695042 -1.527048 0.242071 4.555121 0.002142 -0.608802 0.030943 0.792716
1788249718.155040026 -1.536456 0.243690 4.555334 0.002553 -0.611154 0.030890 0.790905
1788249718.188385248 -1.545197 0.243848 4.556125 0.002654 -0.613525 0.031111 0.789058
1788249718.221730232 -1.553911 0.243901 4.556472 0.002834 -0.615656 0.031598 0.787376
1788249718.255075216 -1.562340 0.243404 4.556031 0.002699 -0.617671 0.032339 0.785767
1788249718.288419962 -1.570538 0.244144 4.555764 0.002693 -0.619557 0.033041 0.784252
1788249718.321765184 -1.578806 0.243271 4.557018 0.003105 -0.621625 0.033294 0.782601
1788249718.355110168 -1.588418 0.242071 4.556752 0.003234 -0.623886 0.033146 0.780806
1788249718.388455391 -1.596848 0.241657 4.556470 0.003073 -0.626163 0.033119 0.778982
1788249718.421800375 -1.605351 0.240420 4.557728 0.003143 -0.628289 0.033097 0.777269
1788249718.455145359 -1.615200 0.245325 4.559182 0.003525 -0.630558 0.033634 0.775405
1788249718.488490582 -1.624363 0.242606 4.557274 0.002790 -0.632464 0.033502 0.773860
1788249718.521835566 -1.634542 0.242597 4.554458 0.003108 -0.634203 0.033438 0.772437
1788249718.555180550 -1.643748 0.243755 4.556287 0.003330 -0.636612 0.033501 0.770449
1788249718.588524580 -1.653158 0.244073 4.554865 0.003199 -0.638799 0.033515 0.768636
1788249718.621870041 -1.662201 0.244682 4.555485 0.003360 -0.640807 0.033690 0.766955
1788249718.655215263 -1.670628 0.242096 4.554049 0.003076 -0.642768 0.033795 0.765309
1788249718.688560009 -1.679606 0.243025 4.554072 0.003162 -0.644825 0.033911 0.763571
1788249718.721904278 -1.688156 0.243835 4.553474 0.003540 -0.646853 0.034109 0.761844
1788249718.755248547 -1.698616 0.242425 4.552195 0.003604 -0.648906 0.034234 0.760090
1788249718.788592815 -1.706838 0.240452 4.550022 0.003543 -0.650968 0.034391 0.758317
1788249718.821936846 -1.715223 0.241066 4.549735 0.003889 -0.653178 0.035012 0.756385
1788249718.855281115 -1.722943 0.242127 4.547027 0.004043 -0.655097 0.035548 0.754697
1788249718.888625145 -1.732432 0.242745 4.547600 0.004079 -0.657068 0.036009 0.752960
1788249718.921969891 -1.741300 0.239440 4.545218 0.003997 -0.658957 0.035892 0.751313
1788249718.955313921 -1.748783 0.242324 4.545377 0.004635 -0.661046 0.036269 0.749454
1788249718.988658190 -1.758494 0.242621 4.543873 0.004534 -0.662948 0.036532 0.747760
1788249719.022001743 -1.767405 0.242510 4.544073 0.004574 -0.665156 0.036550 0.745795
1788249719.055346012 -1.776417 0.240501 4.541980 0.004231 -0.667108 0.036320 0.744063
1788249719.088690519 -1.788047 0.242123 4.539447 0.004187 -0.668945 0.036162 0.742420
1788249719.122034788 -1.797254 0.242579 4.539115 0.004362 -0.671022 0.035856 0.740557
1788249719.155379295 -1.807020 0.241507 4.535117 0.004123 -0.673030 0.035599 0.738746
1788249719.188723803 -1.817248 0.243692 4.532585 0.004192 -0.674947 0.035640 0.736993
1788249719.222068071 -1.825052 0.243660 4.532104 0.004295 -0.676844 0.035755 0.735245
1788249719.255412579 -1.835446 0.244814 4.532650 0.004210 -0.678957 0.035803 0.733293
1788249719.288756847 -1.843611 0.242026 4.531935 0.004025 -0.680959 0.035539 0.731447
1788249719.322101355 -1.852886 0.241878 4.527294 0.004385 -0.682857 0.035614 0.729671
1788249719.355445862 -1.861892 0.242033 4.527722 0.004195 -0.685075 0.035864 0.727577
1788249719.388790131 -1.870408 0.240389 4.523459 0.004081 -0.686787 0.035893 0.725961
1788249719.422134638 -1.879413 0.239191 4.523193 0.004129 -0.688829 0.036044 0.724016
1788249719.455478191 -1.889119 0.240398 4.521613 0.003911 -0.690801 0.036284 0.722123
1788249719.488822699 -1.897105 0.237932 4.516129 0.003669 -0.692529 0.035712 0.720496
1788249719.522167444 -1.907192 0.237280 4.514149 0.003788 -0.694726 0.035613 0.718382
1788249719.555511951 -1.915718 0.238807 4.512033 0.003922 -0.696722 0.035792 0.716437
1788249719.588856459 -1.925491 0.239050 4.511081 0.003956 -0.698546 0.036148 0.714641
1788249719.622200727 -1.933641 0.236654 4.507768 0.004046 -0.700410 0.036292 0.712806
1788249719.655545235 -1.941707 0.236781 4.506675 0.004205 -0.702497 0.036586 0.710734
1788249719.688889027 -1.950841 0.237984 4.502617 0.004348 -0.704182 0.036778 0.709053
1788249719.722231627 -1.959525 0.236003 4.498618 0.004605 -0.705974 0.036652 0.707274
1788249719.755574226 -1.967586 0.236960 4.495348 0.004703 -0.708029 0.036717 0.705212
1788249719.788916349 -1.977538 0.236250 4.492246 0.004558 -0.709918 0.036801 0.703307
1788249719.822258711 -1.985013 0.236774 4.489258 0.004679 -0.711777 0.037049 0.701412
1788249719.855601311 -1.994898 0.233976 4.486814 0.004300 -0.713786 0.037023 0.699372
1788249719.888942719 -2.004357 0.234284 4.483419 0.004576 -0.715409 0.037068 0.697707
1788249719.922285080 -2.013666 0.234554 4.478803 0.005018 -0.717149 0.036950 0.695922
1788249719.955627680 -2.022114 0.233081 4.475055 0.005182 -0.719174 0.036603 0.693846
1788249719.988970041 -2.029824 0.232665 4.471282 0.005559 -0.720882 0.036554 0.692071
1788249720.022312403 -2.039551 0.233253 4.467621 0.005958 -0.722596 0.036878 0.690260
1788249720.055655003 -2.047647 0.232225 4.464234 0.005790 -0.724318 0.037030 0.688447
1788249720.088997126 -2.057137 0.232985 4.460455 0.006083 -0.726028 0.037505 0.686614
1788249720.122339487 -2.064857 0.232113 4.456452 0.006397 -0.727806 0.037819 0.684710
1788249720.155681849 -2.073238 0.232501 4.454665 0.006408 -0.729620 0.038026 0.682765
1788249720.189024448 -2.082514 0.232975 4.449756 0.006608 -0.731341 0.038513 0.680891
1788249720.222366571 -2.091548 0.232104 4.447191 0.006753 -0.733117 0.038856 0.678958
1788249720.255708933 -2.099831 0.231658 4.442809 0.006271 -0.734719 0.039134 0.677213
1788249720.289051533 -2.109357 0.231358 4.440239 0.006656 -0.736414 0.039141 0.675366
1788249720.322393656 -2.118038 0.231665 4.436277 0.007010 -0.738126 0.039170 0.673488
1788249720.355734825 -2.128629 0.231789 4.433136 0.006896 -0.740011 0.039129 0.671420
1788249720.389077425 -2.136237 0.231836 4.429680 0.006908 -0.741594 0.039401 0.669656
1788249720.422419786 -2.145129 0.230117 4.426252 0.006707 -0.743218 0.039613 0.667842
1788249720.455762148 -2.153718 0.229123 4.423943 0.006169 -0.745116 0.039769 0.665720
1788249720.489104271 -2.162710 0.229737 4.417500 0.006601 -0.746478 0.040048 0.664171
1788249720.522446632 -2.170865 0.228288 4.414491 0.006713 -0.748238 0.040257 0.662174
1788249720.555788994 -2.180268 0.229107 4.410308 0.006355 -0.749992 0.040606 0.660169
1788249720.589131117 -2.189003 0.229103 4.407842 0.006251 -0.751708 0.040897 0.658197
1788249720.622473478 -2.198426 0.228625 4.404488 0.006413 -0.753265 0.041031 0.656404
1788249720.655815840 -2.207707 0.229096 4.401600 0.006378 -0.754944 0.040956 0.654478
1788249720.689158201 -2.217525 0.228811 4.395842 0.006602 -0.756334 0.040461 0.652900
1788249720.722501516 -2.227606 0.230436 4.389073 0.006723 -0.757825 0.040386 0.651172
1788249720.755844831 -2.237327 0.229281 4.385029 0.006083 -0.759469 0.040167 0.649273
1788249720.789186954 -2.247153 0.227988 4.383885 0.005564 -0.761007 0.040349 0.647464
1788249720.822530270 -2.256465 0.230604 4.378433 0.006053 -0.762276 0.040783 0.645938
1788249720.855873108 -2.267548 0.228391 4.375115 0.005507 -0.763926 0.040552 0.644005
1788249720.889216423 -2.276265 0.228906 4.370558 0.005535 -0.765313 0.040633 0.642351
1788249720.922559261 -2.285958 0.228924 4.368685 0.005798 -0.766811 0.040929 0.640540
1788249720.955902576 -2.294997 0.228843 4.364446 0.005974 -0.767795 0.041324 0.639334
1788249720.989245892 -2.305512 0.228193 4.360628 0.006162 -0.769012 0.041275 0.637871
1788249721.022588968 -2.317525 0.230555 4.355569 0.005980 -0.769943 0.041487 0.636735
1788249721.055932045 -2.328743 0.228633 4.352199 0.006155 -0.770328 0.041329 0.636278
1788249721.089275360 -2.339446 0.226180 4.349769 0.006229 -0.770579 0.041083 0.635989
1788249721.122618198 -2.352142 0.228616 4.345667 0.006182 -0.770858 0.041376 0.635631
1788249721.155961514 -2.363916 0.226842 4.346089 0.005960 -0.771245 0.041485 0.635158
1788249721.189304352 -2.375438 0.228231 4.340879 0.006104 -0.771129 0.041538 0.635293
1788249721.222647905 -2.389205 0.227642 4.336314 0.005889 -0.771196 0.041234 0.635234
1788249721.255989790 -2.400759 0.227788 4.332256 0.005996 -0.771265 0.041139 0.635155
1788249721.289333105 -2.412284 0.228379 4.328897 0.006125 -0.771483 0.041028 0.634896
1788249721.322676182 -2.426111 0.227095 4.327889 0.005891 -0.771618 0.040746 0.634752
1788249721.356019258 -2.438900 0.228588 4.326756 0.005744 -0.771492 0.041093 0.634884
1788249721.389362574 -2.452352 0.228089 4.322775 0.005861 -0.771543 0.040754 0.634843
1788249721.422705889 -2.464405 0.227764 4.320040 0.006075 -0.771664 0.040233 0.634728
1788249721.456048727 -2.477696 0.227292 4.315334 0.006184 -0.771761 0.039947 0.634626
1788249721.489392042 -2.490515 0.227582 4.312487 0.006327 -0.771810 0.039933 0.634566
1788249721.522734880 -2.502125 0.225720 4.310827 0.006382 -0.771858 0.040138 0.634495
1788249721.556077957 -2.514103 0.226816 4.308224 0.006563 -0.771858 0.040797 0.634451
1788249721.589421272 -2.526572 0.226839 4.305475 0.006677 -0.771851 0.040826 0.634456
1788249721.622764349 -2.537851 0.226516 4.303160 0.006627 -0.771844 0.040719 0.634472
1788249721.656107664 -2.550627 0.227458 4.297907 0.006753 -0.771960 0.040576 0.634339
1788249721.689449072 -2.562596 0.224705 4.297165 0.006657 -0.772408 0.039902 0.633837
1788249721.722791195 -2.576382 0.225802 4.293303 0.006810 -0.772328 0.040220 0.633913
1788249721.756133556 -2.589168 0.226194 4.290561 0.006762 -0.772078 0.040186 0.634220
1788249721.789475441 -2.603365 0.226262 4.286525 0.006658 -0.772072 0.039905 0.634246
1788249721.822817564 -2.615601 0.225878 4.283590 0.006722 -0.772349 0.039598 0.633928
1788249721.856159925 -2.627879 0.225742 4.280910 0.006357 -0.772509 0.039333 0.633752
1788249721.889501810 -2.641303 0.226569 4.278275 0.006302 -0.772417 0.039629 0.633847
1788249721.922843695 -2.653199 0.226095 4.276399 0.006626 -0.772163 0.039917 0.634135
1788249721.956186056 -2.665515 0.226174 4.273716 0.006867 -0.772043 0.039638 0.634296
1788249721.989528179 -2.678120 0.225689 4.269977 0.006797 -0.772303 0.038907 0.634026
1788249722.022870064 -2.690717 0.225792 4.266721 0.006748 -0.772778 0.038306 0.633484
1788249722.056212425 -2.704231 0.225894 4.262879 0.006606 -0.772800 0.038056 0.633473
1788249722.089554310 -2.717692 0.226241 4.261683 0.006569 -0.772710 0.038443 0.633560
1788249722.122895241 -2.729381 0.226355 4.259332 0.006329 -0.772559 0.038541 0.633740
1788249722.156237125 -2.743330 0.227053 4.255922 0.006052 -0.772648 0.038572 0.633633
1788249722.189579010 -2.754627 0.225046 4.255325 0.005832 -0.772951 0.038472 0.633272
1788249722.222921371 -2.766489 0.225172 4.253794 0.005762 -0.772957 0.038640 0.633255
1788249722.256263256 -2.779051 0.225842 4.250794 0.005458 -0.772841 0.039020 0.633375
1788249722.289605141 -2.792505 0.225332 4.249229 0.005360 -0.772855 0.039379 0.633337
1788249722.322947502 -2.805478 0.226022 4.246630 0.005180 -0.772892 0.039568 0.633281
1788249722.356289148 -2.817519 0.224604 4.244304 0.005134 -0.772935 0.039411 0.633239
1788249722.389631033 -2.829271 0.223994 4.242844 0.005434 -0.772967 0.039342 0.633201
1788249722.422973394 -2.841368 0.223528 4.240895 0.004986 -0.772985 0.039088 0.633200
1788249722.456315041 -2.855439 0.224867 4.238027 0.004891 -0.772976 0.039205 0.633204
1788249722.489657164 -2.868324 0.225259 4.236442 0.004671 -0.772933 0.039241 0.633255
1788249722.522998810 -2.880624 0.223641 4.233689 0.004561 -0.772910 0.038926 0.633304
1788249722.556339979 -2.892959 0.224272 4.231089 0.004830 -0.772929 0.039358 0.633252
1788249722.589681864 -2.905788 0.224387 4.226534 0.005054 -0.772771 0.039126 0.633457
1788249722.623023748 -2.918487 0.224937 4.224898 0.005240 -0.772847 0.038955 0.633373
1788249722.656365633 -2.930313 0.224913 4.221797 0.005216 -0.772904 0.038884 0.633309
1788249722.689703941 -2.943267 0.225513 4.217961 0.005484 -0.772981 0.038231 0.633253
1788249722.723037243 -2.957009 0.224176 4.215523 0.005423 -0.773207 0.038042 0.632988
1788249722.756370544 -2.970609 0.225346 4.214888 0.005284 -0.773287 0.038148 0.632885
1788249722.789703608 -2.984075 0.223731 4.211503 0.004707 -0.773107 0.037806 0.633130
1788249722.823036432 -2.996846 0.224293 4.209367 0.004420 -0.773148 0.038198 0.633058
1788249722.856369734 -3.010294 0.224564 4.209218 0.004065 -0.773205 0.038229 0.632990
1788249722.889702559 -3.022865 0.226838 4.205710 0.003857 -0.773025 0.038356 0.633203
1788249722.923035622 -3.034944 0.227568 4.203281 0.004074 -0.772943 0.038463 0.633295
1788249722.956368208 -3.047893 0.224954 4.199765 0.004076 -0.772952 0.037910 0.633318
1788249722.989701033 -3.062276 0.224590 4.197371 0.003773 -0.772912 0.037480 0.633394
1788249723.023032904 -3.074392 0.224006 4.195140 0.003651 -0.772862 0.037309 0.633466
1788249723.056365490 -3.087899 0.225651 4.191368 0.003850 -0.772885 0.037141 0.633446
1788249723.089698076 -3.099608 0.222638 4.189902 0.003863 -0.772930 0.037215 0.633387
1788249723.123030663 -3.112248 0.224016 4.187378 0.004437 -0.772755 0.038002 0.633550
1788249723.156362772 -3.124400 0.225791 4.183897 0.004855 -0.772620 0.038431 0.633686
1788249723.189695358 -3.135364 0.224230 4.182074 0.004926 -0.772562 0.038596 0.633746
1788249723.223027706 -3.146807 0.220454 4.179853 0.004701 -0.772594 0.038183 0.633734
1788249723.256360054 -3.159922 0.223449 4.176865 0.005221 -0.772737 0.038170 0.633556
1788249723.289692163 -3.170517 0.220559 4.173177 0.005446 -0.772608 0.037935 0.633725
1788249723.323024511 -3.184139 0.224609 4.170185 0.005704 -0.772554 0.037927 0.633789
1788249723.356356382 -3.196878 0.221211 4.167082 0.005081 -0.772543 0.036657 0.633883
1788249723.389688730 -3.211428 0.225841 4.162649 0.004897 -0.772614 0.036995 0.633778
1788249723.423020601 -3.224309 0.228153 4.161088 0.005055 -0.772721 0.037036 0.633645
1788249723.456351280 -3.235645 0.225088 4.159809 0.004801 -0.772765 0.036642 0.633615
1788249723.489683628 -3.247544 0.226908 4.155036 0.005233 -0.772571 0.036674 0.633847
1788249723.523015261 -3.256893 0.223441 4.152629 0.004601 -0.772576 0.035865 0.633892
1788249723.556346893 -3.266699 0.224196 4.152115 0.004521 -0.772713 0.036088 0.633712
1788249723.589678764 -3.274379 0.224454 4.152439 0.004983 -0.772736 0.037210 0.633616
1788249723.623010397 -3.283406 0.226576 4.149926 0.005608 -0.772624 0.038447 0.633674
1788249723.656341791 -3.289834 0.224309 4.148827 0.005328 -0.772674 0.038366 0.633621
1788249723.689681053 -3.298395 0.221799 4.146329 0.005106 -0.772614 0.037716 0.633734
1788249723.723030567 -3.307928 0.222117 4.145982 0.005734 -0.772636 0.038583 0.633650
1788249723.756380558 -3.315667 0.223343 4.142891 0.006467 -0.772480 0.039185 0.633796
1788249723.789730072 -3.327112 0.221546 4.141238 0.006000 -0.772648 0.038355 0.633646
1788249723.823080063 -3.338141 0.224202 4.137870 0.005893 -0.772566 0.038560 0.633735
1788249723.856429577 -3.348004 0.222284 4.135964 0.005704 -0.772424 0.038813 0.633894
1788249723.889779806 -3.357034 0.221333 4.135768 0.005731 -0.772494 0.039162 0.633787
1788249723.923128843 -3.367465 0.222611 4.133904 0.005631 -0.772637 0.039236 0.633609
1788249723.956479073 -3.377831 0.224934 4.131124 0.005681 -0.772569 0.039188 0.633694
1788249723.989829540 -3.387850 0.223266 4.130750 0.005499 -0.772585 0.038916 0.633694
1788249724.023179531 -3.395127 0.221740 4.127347 0.005424 -0.772320 0.039138 0.634004
1788249724.056529999 -3.405391 0.221098 4.126584 0.005899 -0.772474 0.039715 0.633775
1788249724.089880466 -3.413325 0.219681 4.126268 0.006097 -0.772416 0.039872 0.633835
1788249724.123231173 -3.422971 0.221094 4.123241 0.006160 -0.772267 0.039953 0.634010
1788249724.156581640 -3.434102 0.219252 4.121154 0.006398 -0.772466 0.039409 0.633800
1788249724.189932108 -3.441997 0.220864 4.120120 0.006905 -0.772541 0.039500 0.633698
1788249724.223283052 -3.451289 0.220409 4.117567 0.006771 -0.772419 0.039243 0.633864
1788249724.256633997 -3.462716 0.216649 4.115583 0.006372 -0.772570 0.038716 0.633716
1788249724.289984703 -3.471704 0.218730 4.113462 0.006771 -0.772586 0.039334 0.633654
1788249724.323335886 -3.479733 0.213909 4.110688 0.006528 -0.772563 0.039847 0.633653
1788249724.356685638 -3.490621 0.214540 4.111338 0.006751 -0.772745 0.040674 0.633375
1788249724.390036821 -3.500271 0.215354 4.109877 0.006790 -0.772724 0.040665 0.633402
1788249724.423388004 -3.510540 0.216639 4.108543 0.006947 -0.772771 0.040447 0.633357
1788249724.456739426 -3.519476 0.216955 4.106479 0.007169 -0.772594 0.040498 0.633567
1788249724.490090609 -3.527306 0.214864 4.102719 0.007757 -0.772377 0.040383 0.633832
1788249724.523442030 -3.537272 0.214488 4.100557 0.007732 -0.772613 0.040601 0.633530
1788249724.556793451 -3.547416 0.213007 4.099195 0.007565 -0.772588 0.040512 0.633569
1788249724.590145111 -3.557836 0.215943 4.096778 0.007386 -0.772368 0.040880 0.633816
1788249724.623496771 -3.567688 0.210103 4.094782 0.007125 -0.772478 0.040013 0.633740
1788249724.656848431 -3.577473 0.213431 4.092394 0.007574 -0.772589 0.040297 0.633582
1788249724.690195084 -3.588320 0.212981 4.089837 0.007631 -0.772583 0.040356 0.633584
1788249724.723534822 -3.598406 0.212800 4.088093 0.007601 -0.772554 0.040272 0.633625
1788249724.756874561 -3.608144 0.212483 4.086825 0.007759 -0.772429 0.040535 0.633759
1788249724.790213346 -3.617497 0.212581 4.086986 0.007874 -0.772303 0.041306 0.633861
1788249724.823552847 -3.627220 0.212987 4.083997 0.007889 -0.772185 0.041565 0.633988
1788249724.856892586 -3.637539 0.213822 4.082610 0.008173 -0.772234 0.041436 0.633932
1788249724.890231848 -3.646417 0.212324 4.080864 0.008518 -0.772143 0.040937 0.634071
1788249724.923571348 -3.658014 0.208943 4.080544 0.008284 -0.772244 0.040258 0.633995
1788249724.956910849 -3.667506 0.208923 4.075964 0.008194 -0.771997 0.040053 0.634310
1788249724.990250349 -3.677973 0.211231 4.072101 0.008329 -0.771674 0.040202 0.634691
1788249725.023589849 -3.691771 0.213160 4.077044 0.007692 -0.771885 0.040709 0.634411
1788249725.056929111 -3.703122 0.213608 4.076517 0.007793 -0.771502 0.040625 0.634880
1788249725.090268612 -3.710769 0.208729 4.072233 0.007611 -0.771060 0.039909 0.635466
1788249725.123607635 -3.721291 0.211722 4.072873 0.007695 -0.771035 0.040786 0.635439
1788249725.156947136 -3.731253 0.206227 4.072370 0.007832 -0.770655 0.040340 0.635926
1788249725.190286160 -3.741935 0.209193 4.070063 0.007963 -0.770251 0.040544 0.636401
1788249725.223624229 -3.749901 0.209229 4.067174 0.007716 -0.770085 0.040378 0.636615
1788249725.256963491 -3.761754 0.209805 4.066464 0.007543 -0.769977 0.040738 0.636725
1788249725.290302515 -3.770109 0.208783 4.064949 0.007742 -0.769392 0.040702 0.637432
1788249725.323641777 -3.779689 0.209593 4.063039 0.007571 -0.768944 0.040902 0.637961
1788249725.356980801 -3.789899 0.206904 4.060981 0.007408 -0.768424 0.040528 0.638614
1788249725.390319824 -3.800491 0.206786 4.062044 0.007514 -0.768065 0.040531 0.639044
1788249725.423658848 -3.811640 0.206718 4.060544 0.007344 -0.767777 0.040292 0.639407
1788249725.456997633 -3.820861 0.207653 4.058064 0.007020 -0.767376 0.040241 0.639895
1788249725.490336657 -3.832219 0.209722 4.057423 0.007101 -0.766690 0.040712 0.640686
1788249725.523675442 -3.842732 0.208588 4.056028 0.006986 -0.765850 0.040861 0.641681
1788249725.557014227 -3.852623 0.208696 4.056902 0.007111 -0.765297 0.040919 0.642336
1788249725.590353012 -3.863191 0.204937 4.054854 0.006496 -0.764396 0.040398 0.643448
1788249725.623691559 -3.872633 0.207128 4.053319 0.007276 -0.763323 0.040548 0.644702
1788249725.657030582 -3.883855 0.207385 4.053928 0.006813 -0.762711 0.040267 0.645449
1788249725.690366507 -3.899462 0.209128 4.055898 0.006908 -0.762307 0.040033 0.645940
1788249725.723701954 -3.907743 0.208170 4.055194 0.006458 -0.760936 0.039721 0.647578
1788249725.757036686 -3.920139 0.207109 4.053768 0.006444 -0.759775 0.039634 0.648944
1788249725.790371656 -3.930525 0.207859 4.055298 0.006542 -0.759018 0.039606 0.649832
1788249725.823706627 -3.941201 0.209611 4.053759 0.006695 -0.758038 0.039620 0.650972
1788249725.857041359 -3.950627 0.207330 4.052910 0.006311 -0.756982 0.039207 0.652228
1788249725.890376329 -3.960972 0.204491 4.053182 0.006034 -0.755842 0.038878 0.653571
1788249725.923711061 -3.974481 0.208612 4.054855 0.006348 -0.754954 0.039218 0.654573
1788249725.957045794 -3.984751 0.210483 4.052464 0.006260 -0.753882 0.039360 0.655800
1788249725.990380049 -3.995352 0.208390 4.054487 0.005845 -0.752816 0.039139 0.657040
1788249726.023715019 -4.007149 0.210312 4.056176 0.005965 -0.751637 0.039114 0.658390
1788249726.057049513 -4.017885 0.206092 4.055134 0.005435 -0.750725 0.038319 0.659480
1788249726.090383768 -4.027173 0.208133 4.054223 0.005170 -0.749732 0.038729 0.660587
1788249726.123717308 -4.038924 0.207859 4.055690 0.005127 -0.748960 0.038873 0.661454
1788249726.157051563 -4.047351 0.209389 4.054373 0.005749 -0.747723 0.039348 0.662819
1788249726.190385580 -4.057143 0.209302 4.054924 0.006285 -0.746714 0.039628 0.663934
1788249726.223719835 -4.066483 0.206389 4.056462 0.006221 -0.745808 0.039193 0.664978
1788249726.257053852 -4.077164 0.209320 4.056794 0.006300 -0.744865 0.039731 0.666002
1788249726.290388107 -4.087044 0.205829 4.056848 0.005623 -0.743556 0.039491 0.667483
1788249726.323722124 -4.097475 0.207372 4.058846 0.005546 -0.742429 0.039663 0.668727
1788249726.357056141 -4.109290 0.206949 4.057557 0.005291 -0.741475 0.039540 0.669794
1788249726.390389919 -4.118351 0.205710 4.058017 0.005578 -0.740331 0.039180 0.671077
1788249726.423723459 -4.129372 0.208270 4.058958 0.005960 -0.739112 0.039601 0.672391
1788249726.457057238 -4.140024 0.206888 4.061005 0.005657 -0.738337 0.039246 0.673265
1788249726.490390778 -4.149293 0.207645 4.059081 0.005679 -0.736837 0.039247 0.674907
1788249726.523724556 -4.161675 0.208388 4.062391 0.005289 -0.736002 0.039181 0.675824
1788249726.557058096 -4.171718 0.207258 4.062086 0.005156 -0.734674 0.038845 0.677288
1788249726.590390682 -4.181847 0.208697 4.063720 0.005597 -0.733840 0.039187 0.678168
1788249726.623723984 -4.192726 0.206348 4.061148 0.005473 -0.733248 0.038753 0.678834
1788249726.657057285 -4.203007 0.205103 4.063892 0.005228 -0.733228 0.038706 0.678860
1788249726.690393925 -4.212961 0.206542 4.064948 0.005532 -0.732288 0.039265 0.679839
1788249726.723734140 -4.222219 0.204290 4.062120 0.005590 -0.731061 0.038736 0.681189
1788249726.757074833 -4.232390 0.206419 4.060731 0.005744 -0.730673 0.038760 0.681602
1788249726.790415525 -4.242122 0.204867 4.062996 0.005489 -0.730633 0.038352 0.681670
1788249726.823755741 -4.253059 0.205420 4.061581 0.005992 -0.730397 0.038242 0.681925
1788249726.857096195 -4.264555 0.206462 4.060298 0.005792 -0.730556 0.038466 0.681743
1788249726.890436888 -4.274770 0.204909 4.060506 0.005284 -0.730650 0.038249 0.681660
1788249726.923777342 -4.284154 0.204010 4.061153 0.005439 -0.730484 0.038346 0.681831
1788249726.957118034 -4.294226 0.202882 4.056857 0.005638 -0.730159 0.038478 0.682170
1788249726.990458727 -4.304773 0.203547 4.060246 0.005617 -0.730892 0.038363 0.681390
1788249727.023798227 -4.313541 0.205767 4.057428 0.006009 -0.730342 0.038887 0.681947
1788249727.057138681 -4.322881 0.200997 4.057445 0.006141 -0.730125 0.038526 0.682199
1788249727.090479374 -4.333161 0.203394 4.056649 0.006269 -0.730071 0.039294 0.682212
1788249727.123819828 -4.343130 0.202814 4.058002 0.006029 -0.730362 0.039517 0.681890
1788249727.157160521 -4.352479 0.202195 4.057892 0.006184 -0.730296 0.039589 0.681955
1788249727.190500975 -4.361741 0.202306 4.056541 0.006539 -0.730238 0.039540 0.682016
1788249727.223841667 -4.371605 0.203230 4.053173 0.006683 -0.730122 0.038968 0.682172
1788249727.257182360 -4.381086 0.204820 4.051083 0.006781 -0.729764 0.039027 0.682550
1788249727.290522814 -4.391390 0.201670 4.053514 0.006280 -0.730020 0.038764 0.682297
1788249727.323863745 -4.400326 0.201571 4.054609 0.005890 -0.730200 0.038789 0.682106
1788249727.357204437 -4.410995 0.201202 4.054430 0.005569 -0.730378 0.038877 0.681913
1788249727.390544653 -4.419251 0.202864 4.053128 0.005866 -0.730015 0.039448 0.682267
1788249727.423885584 -4.427536 0.202754 4.053429 0.006081 -0.730158 0.039527 0.682107
1788249727.457225323 -4.437268 0.202562 4.051416 0.006081 -0.730613 0.039140 0.681642
1788249727.490566015 -4.446404 0.204263 4.048268 0.005933 -0.730753 0.038816 0.681512
1788249727.523906708 -4.454756 0.203313 4.050392 0.005484 -0.731484 0.038742 0.680735
1788249727.557247400 -4.462191 0.202576 4.047091 0.006305 -0.731260 0.039251 0.680939
1788249727.590588093 -4.468707 0.201180 4.045640 0.006274 -0.731594 0.039030 0.680594
1788249727.623929024 -4.479688 0.199940 4.045345 0.005568 -0.732784 0.038035 0.679375
1788249727.657269716 -4.488388 0.200378 4.043819 0.005237 -0.733560 0.037660 0.678560
1788249727.690608740 -4.495559 0.203105 4.040822 0.006138 -0.734054 0.038879 0.677949
1788249727.723945379 -4.502739 0.200858 4.038492 0.006365 -0.734984 0.039094 0.676926
1788249727.757282495 -4.511084 0.201769 4.036669 0.006462 -0.736198 0.039293 0.675593
1788249727.790618896 -4.517766 0.200182 4.039339 0.006036 -0.738151 0.039026 0.673479
1788249727.823955774 -4.524440 0.201100 4.033978 0.006352 -0.739102 0.040116 0.672368
1788249727.857292652 -4.530973 0.199751 4.032225 0.006447 -0.740591 0.040708 0.670691
1788249727.890629292 -4.537878 0.198785 4.028641 0.006189 -0.742082 0.040993 0.669026
1788249727.923964977 -4.543485 0.198771 4.026124 0.006563 -0.743861 0.041259 0.667027
1788249727.957301617 -4.551640 0.199898 4.021398 0.006820 -0.745712 0.041856 0.664917
1788249727.990638018 -4.558990 0.199890 4.017931 0.006754 -0.747682 0.042053 0.662690
1788249728.023974657 -4.564919 0.196773 4.016363 0.006509 -0.749790 0.041525 0.660339
1788249728.057311296 -4.573348 0.198904 4.012160 0.006711 -0.751770 0.042205 0.658039
1788249728.090647936 -4.579677 0.198059 4.006982 0.006617 -0.753102 0.042074 0.656524
1788249728.123984337 -4.587644 0.195564 4.006791 0.006560 -0.755276 0.041575 0.654054
1788249728.157320738 -4.596983 0.197601 4.000069 0.007088 -0.757073 0.042183 0.651929
1788249728.190657377 -4.603840 0.194709 3.997340 0.006621 -0.759290 0.041622 0.649387
1788249728.223993778 -4.610793 0.194716 3.993752 0.006624 -0.761208 0.041656 0.647135
1788249728.257330179 -4.618228 0.193660 3.989878 0.006255 -0.763431 0.041780 0.644506
1788249728.290666580 -4.626468 0.198617 3.985864 0.006666 -0.765406 0.042986 0.642075
1788249728.324002743 -4.633819 0.194454 3.984245 0.006135 -0.767535 0.042384 0.639575
1788249728.357338190 -4.640057 0.194950 3.975721 0.006935 -0.768926 0.042579 0.637881
1788249728.390674591 -4.647052 0.194818 3.971443 0.007061 -0.770999 0.042514 0.635376
1788249728.424010754 -4.654579 0.192102 3.970135 0.006540 -0.773232 0.041986 0.632698
1788249728.457346916 -4.660048 0.192742 3.962222 0.006831 -0.774529 0.042149 0.631095
1788249728.490683317 -4.667996 0.194284 3.956933 0.006669 -0.776536 0.042738 0.628586
1788249728.524019241 -4.676146 0.192237 3.953364 0.006212 -0.778471 0.042507 0.626209
1788249728.557355642 -4.682075 0.192286 3.951443 0.006766 -0.780382 0.042610 0.623813
1788249728.590691805 -4.690344 0.192374 3.945571 0.006992 -0.782251 0.043032 0.621436
1788249728.624027967 -4.696654 0.192144 3.941414 0.007023 -0.783824 0.043060 0.619448
1788249728.657364130 -4.704387 0.191566 3.937469 0.006924 -0.785308 0.043214 0.617556
1788249728.690701962 -4.711194 0.192045 3.932538 0.007058 -0.786901 0.043743 0.615487
1788249728.724042177 -4.718959 0.191210 3.928511 0.006923 -0.788652 0.043756 0.613241
1788249728.757382393 -4.726423 0.191382 3.925828 0.006579 -0.790180 0.043926 0.611264
1788249728.790721893 -4.733132 0.189141 3.920847 0.006820 -0.791563 0.043703 0.609484
1788249728.824061871 -4.741239 0.190295 3.915090 0.007188 -0.793175 0.044228 0.607343
1788249728.857402325 -4.747419 0.188997 3.911828 0.006804 -0.794675 0.043939 0.605405
1788249728.890742540 -4.754451 0.190637 3.906024 0.006865 -0.795993 0.044503 0.603629
1788249728.924082756 -4.762336 0.189397 3.902164 0.006916 -0.797761 0.044476 0.601292
1788249728.957422972 -4.773614 0.189867 3.899647 0.006878 -0.799865 0.044767 0.598469
1788249728.990763426 -4.782057 0.189688 3.893725 0.007234 -0.801091 0.044891 0.596813
1788249729.024103642 -4.789710 0.188406 3.888080 0.007632 -0.802659 0.044870 0.594700
1788249729.057443857 -4.794262 0.189763 3.883994 0.007766 -0.804278 0.045091 0.592490
1788249729.090784311 -4.802816 0.188735 3.878873 0.007789 -0.805808 0.045052 0.590409
1788249729.124124289 -4.809450 0.188668 3.873692 0.007972 -0.807359 0.045239 0.588269
1788249729.157464743 -4.816236 0.188660 3.868050 0.007980 -0.808971 0.045385 0.586040
1788249729.190805197 -4.822711 0.188025 3.864041 0.007764 -0.810518 0.045253 0.583912
1788249729.224145174 -4.829611 0.186332 3.858329 0.007667 -0.811864 0.045168 0.582046
1788249729.257484674 -4.838956 0.186454 3.853009 0.008220 -0.813701 0.045364 0.579452
1788249729.290824890 -4.845091 0.186582 3.848148 0.008221 -0.815126 0.045316 0.577449
1788249729.324165344 -4.851231 0.186339 3.843525 0.008117 -0.816488 0.045432 0.575515
1788249729.357505322 -4.858817 0.186367 3.838946 0.008447 -0.818110 0.045941 0.573161
1788249729.390845776 -4.866895 0.186708 3.834089 0.008059 -0.819681 0.046429 0.570879
1788249729.424186230 -4.873146 0.185878 3.829598 0.007799 -0.820974 0.046439 0.569020
1788249729.457526445 -4.880346 0.183637 3.823184 0.008076 -0.822260 0.046210 0.567175
1788249729.490866899 -4.886106 0.184775 3.818202 0.008307 -0.823807 0.046554 0.564895
1788249729.524207115 -4.893332 0.184449 3.812716 0.008352 -0.825248 0.046321 0.562806
1788249729.557547331 -4.900365 0.182948 3.808504 0.007842 -0.826773 0.046262 0.560575
1788249729.590887785 -4.906886 0.184223 3.803937 0.008207 -0.828334 0.046842 0.558212
1788249729.624228239 -4.913459 0.184367 3.798425 0.007980 -0.829581 0.047341 0.556319
1788249729.657568455 -4.919930 0.182835 3.794158 0.007455 -0.830927 0.047326 0.554314
1788249729.690909624 -4.925774 0.182736 3.788459 0.007991 -0.832153 0.047414 0.552457
1788249729.724254847 -4.931715 0.181946 3.782564 0.007955 -0.833631 0.047396 0.550227
1788249729.757599592 -4.940091 0.181572 3.777461 0.008013 -0.835132 0.047380 0.547947
1788249729.790944576 -4.946710 0.181355 3.771983 0.008061 -0.836474 0.047413 0.545893
1788249729.824289799 -4.952861 0.181774 3.766640 0.008325 -0.837971 0.047644 0.543567
1788249729.857635260 -4.958685 0.180119 3.761422 0.007743 -0.839346 0.047474 0.541466
1788249729.890980244 -4.965737 0.179553 3.754891 0.007722 -0.840648 0.047576 0.539434
1788249729.924325228 -4.971131 0.179137 3.749011 0.008110 -0.842336 0.047355 0.536808
1788249729.957670450 -4.977687 0.181656 3.741266 0.008987 -0.844155 0.047482 0.533916
1788249729.991016150 -4.983484 0.180132 3.734187 0.008459 -0.846111 0.046857 0.530876
1788249730.024361134 -4.988036 0.178074 3.727266 0.008300 -0.848061 0.046284 0.527809
1788249730.057706594 -4.994787 0.179752 3.719824 0.008565 -0.850164 0.046796 0.524364
1788249730.091051817 -4.999908 0.178814 3.712791 0.008000 -0.852001 0.046878 0.521376
1788249730.124396324 -5.004865 0.176850 3.706332 0.007978 -0.853894 0.046811 0.518276
1788249730.157742023 -5.009676 0.177700 3.698159 0.008660 -0.855764 0.047080 0.515148
1788249730.191087246 -5.015341 0.178776 3.691017 0.008593 -0.857842 0.047260 0.511664
1788249730.224432707 -5.019393 0.176753 3.683985 0.008337 -0.859752 0.047125 0.508465
1788249730.257778645 -5.023546 0.176142 3.678173 0.008293 -0.861780 0.047421 0.504993
1788249730.291123867 -5.028008 0.175337 3.672534 0.007749 -0.863777 0.047595 0.501561
1788249730.324469566 -5.032148 0.175580 3.665831 0.007876 -0.865661 0.047835 0.498278
1788249730.357815266 -5.036876 0.176380 3.657378 0.008547 -0.867632 0.048139 0.494797
1788249730.391160727 -5.040614 0.175203 3.650851 0.008170 -0.869741 0.047713 0.491129
1788249730.424506426 -5.046242 0.176032 3.643310 0.008187 -0.871792 0.048006 0.487450
1788249730.457852602 -5.049812 0.174855 3.636636 0.007923 -0.873909 0.048230 0.483626
1788249730.491198063 -5.054048 0.174937 3.629314 0.007494 -0.876060 0.048538 0.479695
1788249730.524543762 -5.058492 0.175966 3.622664 0.007431 -0.878119 0.048755 0.475894
1788249730.557889700 -5.061432 0.176411 3.613175 0.007836 -0.880001 0.048765 0.472396
1788249730.591234684 -5.066607 0.174442 3.605441 0.007757 -0.882371 0.048204 0.468015
1788249730.624580622 -5.069067 0.174352 3.597395 0.007446 -0.884432 0.047896 0.464144
1788249730.657926559 -5.073104 0.173408 3.589327 0.007478 -0.886583 0.047740 0.460040
1788249730.691268682 -5.075339 0.174576 3.582067 0.007965 -0.888690 0.048058 0.455913
1788249730.724605799 -5.078048 0.173776 3.574049 0.007693 -0.890721 0.047991 0.451945
1788249730.757942677 -5.080300 0.171846 3.566221 0.007535 -0.892863 0.047663 0.447735
1788249730.791279793 -5.083307 0.171435 3.558291 0.007765 -0.895040 0.047499 0.443382
1788249730.824616671 -5.086152 0.172384 3.549711 0.008012 -0.897094 0.047841 0.439170
1788249730.857953310 -5.088584 0.172592 3.542867 0.008089 -0.899182 0.048347 0.434820
1788249730.891290188 -5.091216 0.171332 3.536424 0.007481 -0.901319 0.048763 0.430338
1788249730.924627066 -5.093431 0.170445 3.529921 0.007101 -0.903360 0.048916 0.426026
1788249730.957963705 -5.094454 0.169773 3.522710 0.007139 -0.905275 0.049181 0.421909
1788249730.991300106 -5.095778 0.169116 3.514672 0.007227 -0.907274 0.049242 0.417584
1788249731.024635792 -5.097062 0.169293 3.506107 0.007246 -0.909255 0.049036 0.413278
1788249731.057972431 -5.099005 0.169878 3.497851 0.007570 -0.911286 0.049048 0.408772
1788249731.091308832 -5.100849 0.170059 3.488534 0.007616 -0.913252 0.048906 0.404376
1788249731.124645472 -5.103082 0.169146 3.480346 0.007179 -0.915212 0.048590 0.399968
1788249731.157981634 -5.103213 0.168132 3.472162 0.007412 -0.916938 0.048301 0.396025
1788249731.191317797 -5.104903 0.167668 3.463578 0.007463 -0.918855 0.048139 0.391578
1788249731.224654198 -5.107087 0.168230 3.455893 0.007276 -0.920725 0.048069 0.387173
1788249731.257990599 -5.109159 0.167883 3.448287 0.007017 -0.922447 0.048309 0.383026
1788249731.291326761 -5.112552 0.166970 3.439567 0.006497 -0.924336 0.048121 0.378477
1788249731.324662685 -5.113914 0.166369 3.431375 0.006613 -0.926040 0.047879 0.374319
1788249731.357998848 -5.116411 0.165811 3.423517 0.006980 -0.927792 0.048000 0.369931
1788249731.391334772 -5.117241 0.166248 3.414897 0.007156 -0.929474 0.048064 0.365673
1788249731.424670935 -5.118962 0.165023 3.406818 0.006636 -0.931196 0.047633 0.361332
1788249731.458005667 -5.120633 0.163896 3.398850 0.006481 -0.932843 0.047648 0.357059
1788249731.491341591 -5.122414 0.163134 3.390341 0.006158 -0.934532 0.047652 0.352620
1788249731.524677277 -5.124127 0.163344 3.382349 0.006186 -0.936172 0.047667 0.348240
1788249731.558013201 -5.124787 0.162844 3.373700 0.006687 -0.937756 0.047765 0.343930
1788249731.591349125 -5.125176 0.162120 3.365745 0.006587 -0.939421 0.047591 0.339382
1788249731.624684572 -5.126219 0.161695 3.358142 0.006313 -0.940999 0.047573 0.334991
1788249731.658020258 -5.126298 0.161701 3.350328 0.006277 -0.942488 0.047860 0.330736
1788249731.691355467 -5.129152 0.161334 3.341846 0.006220 -0.944156 0.047847 0.325946
1788249731.724690199 -5.129544 0.161398 3.332985 0.006248 -0.945658 0.047823 0.321567
1788249731.758025408 -5.129501 0.160679 3.323831 0.006564 -0.947097 0.047978 0.317274
1788249731.791359901 -5.130576 0.160553 3.315217 0.006649 -0.948669 0.047856 0.312559
1788249731.824694633 -5.131285 0.160546 3.306632 0.006339 -0.950136 0.047717 0.308099
1788249731.858029127 -5.130599 0.160051 3.298659 0.006228 -0.951466 0.047795 0.303957
1788249731.891362667 -5.132671 0.159257 3.289652 0.006014 -0.952976 0.047750 0.299200
1788249731.924697161 -5.131918 0.158857 3.281469 0.006014 -0.954277 0.047727 0.295029
1788249731.958031654 -5.132818 0.158105 3.272489 0.006591 -0.955682 0.047872 0.290409
1788249731.991365910 -5.132744 0.159504 3.262271 0.006971 -0.956980 0.048075 0.286058
1788249732.024700165 -5.133737 0.158367 3.254418 0.006741 -0.958347 0.047924 0.281477
1788249732.058034658 -5.135832 0.157018 3.245848 0.006698 -0.959756 0.048150 0.276594
1788249732.091368675 -5.133688 0.155785 3.237271 0.006540 -0.960946 0.048012 0.272461
1788249732.124702930 -5.133125 0.155882 3.228859 0.007057 -0.962154 0.048199 0.268117
1788249732.158036947 -5.132318 0.155221 3.220043 0.007271 -0.963474 0.048081 0.263348
1788249732.191370726 -5.132482 0.155337 3.210954 0.007114 -0.964740 0.047870 0.258717
1788249732.224704266 -5.131760 0.154369 3.203054 0.006738 -0.965903 0.047762 0.254373
1788249732.258038044 -5.133122 0.154822 3.196693 0.006569 -0.967119 0.048233 0.249624
1788249732.291371822 -5.133403 0.156426 3.189057 0.006651 -0.968156 0.048707 0.245476
1788249732.324705601 -5.134099 0.153860 3.181487 0.006032 -0.969236 0.048669 0.241197
1788249732.358038187 -5.131678 0.153558 3.173120 0.006375 -0.970293 0.048819 0.236870
1788249732.391371965 -5.133377 0.153733 3.163307 0.006483 -0.971416 0.048584 0.232268
1788249732.424705505 -5.131658 0.152852 3.155884 0.006092 -0.972432 0.048232 0.228064
1788249732.458038568 -5.131142 0.152643 3.149295 0.006124 -0.973498 0.048234 0.223466
1788249732.491372108 -5.131629 0.152179 3.141273 0.006032 -0.974508 0.048351 0.218998
1788249732.524705410 -5.131756 0.152152 3.132751 0.006542 -0.975477 0.048710 0.214546
1788249732.558038712 -5.127205 0.151359 3.125548 0.006636 -0.976436 0.048928 0.210082
1788249732.591371536 -5.127354 0.152879 3.117676 0.007155 -0.977411 0.049075 0.205447
1788249732.624704599 -5.126247 0.150339 3.110084 0.006592 -0.978357 0.048849 0.200969
1788249732.658037663 -5.125398 0.150388 3.102444 0.006573 -0.979303 0.048983 0.196275
1788249732.691375494 -5.124434 0.149692 3.093985 0.006326 -0.980212 0.048860 0.191722
1788249732.724719524 -5.123758 0.149610 3.086319 0.006467 -0.981080 0.048958 0.187200
1788249732.758063555 -5.124727 0.150868 3.077698 0.007428 -0.981955 0.049007 0.182503
1788249732.791406631 -5.124373 0.150646 3.067811 0.007129 -0.982867 0.048628 0.177644
1788249732.824750900 -5.123149 0.149607 3.060524 0.006858 -0.983704 0.048136 0.173095
1788249732.858094931 -5.121874 0.150756 3.051377 0.007218 -0.984473 0.048377 0.168586
1788249732.891438961 -5.119232 0.148725 3.043797 0.006793 -0.985233 0.048092 0.164189
1788249732.924783230 -5.118257 0.148443 3.036080 0.007177 -0.985995 0.048083 0.159534
1788249732.958127499 -5.115032 0.148159 3.028845 0.007353 -0.986726 0.048084 0.154940
1788249732.991471767 -5.113596 0.149042 3.021241 0.007308 -0.987458 0.048075 0.150207
1788249733.024816036 -5.112623 0.148451 3.012095 0.007247 -0.988140 0.047963 0.145695
1788249733.058160305 -5.111679 0.147778 3.005439 0.006935 -0.988851 0.048271 0.140699
1788249733.091504574 -5.111987 0.148373 2.997699 0.006800 -0.989509 0.048364 0.135964
1788249733.124849081 -5.109504 0.146757 2.990420 0.006727 -0.990089 0.048373 0.131677
1788249733.158193350 -5.104562 0.147157 2.983909 0.006997 -0.990651 0.048621 0.127268
1788249733.191537857 -5.103559 0.146771 2.974403 0.006748 -0.991269 0.048440 0.122450
1788249733.224882126 -5.103067 0.144573 2.967439 0.006344 -0.991859 0.048065 0.117752
1788249733.258225441 -5.100298 0.143675 2.960976 0.006088 -0.992384 0.048248 0.113177
1788249733.291569948 -5.097566 0.143559 2.952841 0.005584 -0.992893 0.048202 0.108668
1788249733.324914455 -5.095120 0.144744 2.944757 0.005808 -0.993361 0.048200 0.104296
1788249733.358258724 -5.092946 0.142632 2.936753 0.005857 -0.993862 0.047915 0.099542
1788249733.391603231 -5.089604 0.143885 2.927064 0.006190 -0.994331 0.047686 0.094839
1788249733.424947739 -5.088704 0.142741 2.918088 0.006269 -0.994791 0.047260 0.090098
1788249733.458292484 -5.084047 0.142929 2.910570 0.006433 -0.995166 0.047424 0.085751
1788249733.491636992 -5.081996 0.142424 2.903890 0.006394 -0.995570 0.047400 0.080948
1788249733.524981976 -5.078328 0.142586 2.896386 0.006495 -0.995906 0.047545 0.076603
1788249733.558326483 -5.074585 0.141834 2.888861 0.006487 -0.996264 0.047422 0.071889
1788249733.591670990 -5.071043 0.141294 2.879257 0.006515 -0.996603 0.047155 0.067197
1788249733.625015736 -5.069845 0.141402 2.872645 0.006460 -0.996913 0.047424 0.062236
1788249733.658360481 -5.066152 0.142285 2.865215 0.005941 -0.997162 0.047996 0.057702
1788249733.691702127 -5.064199 0.141066 2.858783 0.005451 -0.997414 0.048071 0.053155
1788249733.725045204 -5.062843 0.140524 2.851771 0.005203 -0.997629 0.048446 0.048612
1788249733.758388042 -5.059469 0.140539 2.844674 0.005302 -0.997818 0.048824 0.044129
1788249733.791730881 -5.055219 0.140607 2.836579 0.005429 -0.998017 0.048617 0.039613
1788249733.825073719 -5.052042 0.139384 2.829687 0.005623 -0.998204 0.048336 0.034928
1788249733.858416796 -5.048190 0.139094 2.821196 0.005600 -0.998356 0.048350 0.030261
1788249733.891759872 -5.044508 0.138831 2.813861 0.005486 -0.998491 0.048192 0.025735
1788249733.925102949 -5.040639 0.138542 2.806474 0.005831 -0.998589 0.048293 0.021326
1788249733.958446026 -5.037130 0.137748 2.798267 0.006002 -0.998680 0.048213 0.016692
1788249733.991789103 -5.032552 0.137727 2.792093 0.005842 -0.998757 0.048003 0.012107
1788249734.025132179 -5.030649 0.136950 2.783904 0.005521 -0.998806 0.047957 0.007536
1788249734.058475018 -5.027752 0.137552 2.777627 0.005307 -0.998817 0.048237 0.003116
1788249734.091818333 -5.023470 0.137154 2.769590 -0.005217 0.998816 -0.048345 0.001302
1788249734.125160933 -5.020585 0.136313 2.762403 -0.005501 0.998790 -0.048521 0.005872
1788249734.158503771 -5.015384 0.135717 2.754356 -0.005756 0.998758 -0.048362 0.010520
1788249734.191847086 -5.009567 0.136601 2.746272 -0.005796 0.998719 -0.048033 0.014854
1788249734.225190163 -5.006891 0.135473 2.738117 -0.006036 0.998653 -0.047711 0.019479
1788249734.258533478 -5.002103 0.134122 2.731703 -0.006053 0.998587 -0.047499 0.023037
1788249734.291876793 -5.000331 0.134842 2.723667 -0.006109 0.998527 -0.047786 0.024971
1788249734.325220108 -4.997831 0.134704 2.716656 -0.006280 0.998465 -0.048474 0.026046
1788249734.358563662 -4.995933 0.133967 2.710138 -0.006186 0.998417 -0.048703 0.027462
1788249734.391906977 -4.996147 0.133015 2.701696 -0.006058 0.998381 -0.048594 0.028927
1788249734.425250530 -4.993462 0.134239 2.692730 -0.006170 0.998357 -0.048544 0.029810
1788249734.458593607 -4.992681 0.133270 2.683826 -0.006070 0.998360 -0.048460 0.029858
1788249734.491937160 -4.994491 0.131263 2.675606 -0.005724 0.998378 -0.048080 0.029953
1788249734.525280476 -4.993416 0.132500 2.666063 -0.005523 0.998376 -0.048114 0.029983
1788249734.558622837 -4.993103 0.131958 2.657631 -0.005481 0.998359 -0.048407 0.030117
1788249734.591966391 -4.991769 0.130854 2.651166 -0.005922 0.998344 -0.048678 0.030073
1788249734.625309706 -4.988828 0.130901 2.643216 -0.006379 0.998323 -0.049034 0.030089
1788249734.658653498 -4.989226 0.130709 2.637172 -0.006415 0.998317 -0.049090 0.030214
1788249734.691997051 -4.988235 0.130001 2.627754 -0.006257 0.998324 -0.049032 0.030114
1788249734.725333929 -4.988330 0.129748 2.617869 -0.005793 0.998321 -0.049077 0.030234
1788249734.758670807 -4.989547 0.128287 2.609272 -0.005062 0.998306 -0.049241 0.030586
1788249734.792007685 -4.990337 0.129030 2.601387 -0.004603 0.998298 -0.049512 0.030466
1788249734.825344563 -4.991294 0.126636 2.594726 -0.004438 0.998295 -0.049581 0.030476
1788249734.858681202 -4.989155 0.127038 2.586984 -0.004908 0.998258 -0.050333 0.030399
1788249734.892018318 -4.987302 0.125492 2.579456 -0.005268 0.998242 -0.050519 0.030533
1788249734.925354958 -4.985841 0.126850 2.571922 -0.005534 0.998224 -0.050772 0.030667
1788249734.958691597 -4.985589 0.125234 2.564058 -0.005672 0.998237 -0.050305 0.030999
1788249734.992028475 -4.984812 0.125474 2.554439 -0.005712 0.998224 -0.050332 0.031345
1788249735.025364161 -4.985113 0.124768 2.546751 -0.005477 0.998218 -0.050497 0.031322
1788249735.058700800 -4.985332 0.124578 2.538799 -0.005003 0.998219 -0.050868 0.030769
1788249735.092037439 -4.986102 0.124029 2.530805 -0.004766 0.998225 -0.051097 0.030223
1788249735.125374079 -4.985381 0.124023 2.521643 -0.004871 0.998209 -0.050990 0.030899
1788249735.158710957 -4.982168 0.122785 2.512959 -0.005393 0.998204 -0.050503 0.031767
1788249735.192047358 -4.980556 0.122066 2.504827 -0.005709 0.998199 -0.050173 0.032374
1788249735.225383997 -4.979684 0.123232 2.496191 -0.006004 0.998193 -0.049827 0.033059
1788249735.258720875 -4.976641 0.123502 2.486665 -0.006328 0.998180 -0.049424 0.033965
1788249735.292057514 -4.975435 0.122473 2.478594 -0.006357 0.998157 -0.049154 0.035025
1788249735.325393915 -4.973438 0.123558 2.471073 -0.006142 0.998108 -0.049115 0.036487
1788249735.358730555 -4.972438 0.124286 2.464795 -0.006001 0.998043 -0.049090 0.038258
1788249735.392066956 -4.970797 0.122855 2.457154 -0.005831 0.997974 -0.049128 0.040004
1788249735.425403833 -4.968434 0.122448 2.451021 -0.005923 0.997869 -0.049335 0.042280
1788249735.458739042 -4.966114 0.122710 2.443174 -0.005998 0.997746 -0.049370 0.045044
1788249735.492075682 -4.963666 0.122351 2.436341 -0.005838 0.997648 -0.049196 0.047380
1788249735.525411844 -4.959319 0.123121 2.429863 -0.005862 0.997532 -0.049340 0.049612
1788249735.558748484 -4.956321 0.121767 2.423102 -0.005867 0.997381 -0.049375 0.052516
1788249735.592084885 -4.952490 0.121559 2.415495 -0.005756 0.997222 -0.049329 0.055520
1788249735.625421286 -4.950208 0.121110 2.408547 -0.005964 0.997056 -0.049286 0.058434
1788249735.658757687 -4.946159 0.120352 2.403571 -0.006286 0.996887 -0.049286 0.061211
1788249735.692094088 -4.942091 0.120562 2.395890 -0.006427 0.996694 -0.049250 0.064302
1788249735.725431442 -4.938882 0.119635 2.390050 -0.006321 0.996513 -0.048954 0.067276
1788249735.758768797 -4.935222 0.119829 2.382438 -0.006326 0.996321 -0.049023 0.070006
1788249735.792106152 -4.932382 0.120286 2.375700 -0.006135 0.996098 -0.049344 0.072911
1788249735.825443268 -4.929464 0.118528 2.369918 -0.005625 0.995889 -0.049279 0.075791
1788249735.858780384 -4.927049 0.117864 2.363112 -0.005567 0.995678 -0.049127 0.078623
1788249735.892117500 -4.924040 0.118810 2.356869 -0.005859 0.995443 -0.049351 0.081381
1788249735.925453663 -4.919730 0.116994 2.349678 -0.006015 0.995222 -0.048983 0.084242
1788249735.958791018 -4.914771 0.117393 2.342061 -0.005955 0.994999 -0.048560 0.087078
1788249735.992128372 -4.912524 0.117008 2.335887 -0.006046 0.994770 -0.048284 0.089801
1788249736.025465250 -4.909238 0.116320 2.329139 -0.006149 0.994524 -0.048269 0.092486
1788249736.058802366 -4.905173 0.117091 2.320851 -0.006205 0.994264 -0.048239 0.095251
1788249736.092139721 -4.901760 0.116842 2.314454 -0.006295 0.994014 -0.047957 0.097966
1788249736.125476837 -4.895609 0.115837 2.307594 -0.006828 0.993735 -0.048037 0.100682
1788249736.158813715 -4.890503 0.116590 2.301050 -0.007125 0.993415 -0.048066 0.103761
1788249736.192150593 -4.885711 0.114347 2.293535 -0.007177 0.993129 -0.047573 0.106678
1788249736.225487947 -4.883280 0.114658 2.287095 -0.007014 0.992782 -0.047723 0.109802
1788249736.258824825 -4.879009 0.114932 2.281007 -0.006814 0.992439 -0.048100 0.112718
1788249736.292161942 -4.875835 0.114563 2.275029 -0.006367 0.992131 -0.048096 0.115419
1788249736.325499058 -4.872925 0.113431 2.269741 -0.006130 0.991819 -0.048206 0.118039
1788249736.358834743 -4.868997 0.112971 2.263933 -0.006612 0.991458 -0.048392 0.120933
1788249736.392171621 -4.864299 0.113023 2.257132 -0.006796 0.991093 -0.048195 0.123961
1788249736.425508976 -4.858333 0.113647 2.248884 -0.006860 0.990753 -0.047894 0.126755
1788249736.458845854 -4.852985 0.112882 2.243393 -0.006911 0.990400 -0.048002 0.129445
1788249736.492182732 -4.851070 0.112470 2.237520 -0.006511 0.989988 -0.048107 0.132538
1788249736.525519609 -4.848944 0.111935 2.231943 -0.005899 0.989611 -0.048057 0.135374
1788249736.558856487 -4.845334 0.110255 2.226912 -0.005869 0.989267 -0.047859 0.137935
1788249736.592193127 -4.840350 0.109611 2.221128 -0.006290 0.988873 -0.047941 0.140687
1788249736.625530243 -4.834391 0.109389 2.213828 -0.006619 0.988433 -0.047700 0.143808
1788249736.658867121 -4.829515 0.110120 2.207388 -0.006918 0.988006 -0.047538 0.146752
1788249736.692203999 -4.825486 0.109480 2.201596 -0.006995 0.987516 -0.047638 0.149981
1788249736.725542545 -4.820520 0.108414 2.195948 -0.006679 0.987086 -0.047443 0.152857
1788249736.758881092 -4.817780 0.108961 2.189979 -0.006231 0.986657 -0.047426 0.155630
1788249736.792218924 -4.811985 0.108622 2.183508 -0.006227 0.986255 -0.047595 0.158103
1788249736.825557709 -4.808559 0.106782 2.177733 -0.006310 0.985773 -0.047586 0.161081
1788249736.858896494 -4.803615 0.107365 2.171789 -0.006147 0.985299 -0.047579 0.163962
1788249736.892235041 -4.798749 0.106395 2.165967 -0.006311 0.984820 -0.047600 0.166805
1788249736.925574064 -4.793724 0.106066 2.159962 -0.006119 0.984297 -0.047895 0.169791
1788249736.958912611 -4.790321 0.105836 2.155525 -0.005719 0.983806 -0.047972 0.172605
1788249736.992251158 -4.786496 0.105269 2.148417 -0.005366 0.983333 -0.047959 0.175292
1788249737.025590181 -4.781999 0.104549 2.143733 -0.005208 0.982862 -0.048136 0.177872
1788249737.058928728 -4.777364 0.105325 2.136752 -0.005018 0.982300 -0.048481 0.180865
1788249737.092267513 -4.771918 0.103423 2.132820 -0.005325 0.981831 -0.048352 0.183419
1788249737.125606298 -4.767093 0.103915 2.126629 -0.005367 0.981311 -0.048353 0.186177
1788249737.158945084 -4.761608 0.102909 2.121281 -0.005710 0.980714 -0.048634 0.189212
1788249737.192283869 -4.756766 0.102530 2.115898 -0.005623 0.980128 -0.048563 0.192246
1788249737.225622416 -4.751343 0.102702 2.110212 -0.005485 0.979592 -0.048302 0.195031
1788249737.258960247 -4.745828 0.102146 2.104480 -0.005607 0.979021 -0.048243 0.197887
1788249737.292298794 -4.745326 0.099463 2.104058 -0.005478 0.978311 -0.048122 0.201399
1788249737.325637579 -4.739150 0.100096 2.096965 -0.005198 0.977744 -0.048096 0.204147
1788249737.358976364 -4.733899 0.100131 2.092879 -0.005047 0.977198 -0.048073 0.206757
1788249737.392314911 -4.729302 0.098927 2.086863 -0.004989 0.976589 -0.048107 0.209606
1788249737.425653934 -4.724098 0.098995 2.080050 -0.004804 0.975946 -0.048088 0.212589
1788249737.458992481 -4.719206 0.099450 2.075075 -0.004541 0.975394 -0.047787 0.215178
1788249737.492331028 -4.713914 0.098403 2.068592 -0.004641 0.974806 -0.047648 0.217858
1788249737.525670052 -4.708000 0.098522 2.062758 -0.004713 0.974137 -0.047660 0.220822
1788249737.559008598 -4.703078 0.098403 2.056673 -0.004354 0.973491 -0.047186 0.223763
1788249737.592347622 -4.697353 0.097125 2.052361 -0.004427 0.972929 -0.046841 0.226266
1788249737.625686169 -4.691531 0.097668 2.046530 -0.004326 0.972282 -0.047035 0.228993
1788249737.659024715 -4.685632 0.098498 2.041428 -0.004093 0.971607 -0.047000 0.231850
1788249737.692362547 -4.679723 0.098721 2.034515 -0.003862 0.970918 -0.046561 0.234810
1788249737.725702047 -4.674163 0.097602 2.029217 -0.003815 0.970222 -0.046139 0.237753
1788249737.759041548 -4.667870 0.098470 2.024693 -0.003629 0.969517 -0.046262 0.240589
1788249737.792381048 -4.662547 0.098066 2.018117 -0.003276 0.968804 -0.045958 0.243508
1788249737.825720787 -4.657025 0.097046 2.013344 -0.003127 0.968171 -0.046021 0.246001
1788249737.859059811 -4.651000 0.096900 2.007442 -0.002742 0.967489 -0.046277 0.248629
1788249737.892399549 -4.649122 0.095975 2.005372 -0.002773 0.966706 -0.045916 0.251720
1788249737.925738811 -4.642582 0.095690 1.999089 -0.002894 0.966045 -0.045750 0.254273
1788249737.959078550 -4.636723 0.094826 1.995567 -0.003429 0.965407 -0.045950 0.256643
1788249737.992417812 -4.629530 0.096376 1.989489 -0.003432 0.964657 -0.046286 0.259390
1788249738.025757551 -4.622987 0.094141 1.985388 -0.004007 0.963941 -0.045833 0.262108
1788249738.059097052 -4.618771 0.096081 1.981381 -0.003516 0.963173 -0.046292 0.264846
1788249738.092436314 -4.610544 0.096543 1.976241 -0.003603 0.962449 -0.047007 0.267338
1788249738.125774860 -4.604583 0.095904 1.971463 -0.003326 0.961713 -0.046873 0.270000
1788249738.159114599 -4.599749 0.096742 1.966148 -0.003183 0.960906 -0.046933 0.272849
1788249738.192454100 -4.593472 0.095305 1.962575 -0.003822 0.960122 -0.047116 0.275557
1788249738.225793600 -4.584771 0.095776 1.958139 -0.004192 0.959269 -0.047224 0.278488
1788249738.259133339 -4.577576 0.094622 1.954808 -0.004349 0.958528 -0.046869 0.281085
1788249738.292472363 -4.571470 0.094827 1.949615 -0.004127 0.957704 -0.046686 0.283911
1788249738.325812101 -4.565957 0.094646 1.945456 -0.003896 0.956824 -0.046741 0.286857
1788249738.359151840 -4.559700 0.094887 1.940625 -0.003682 0.956043 -0.046632 0.289470
1788249738.392491341 -4.552545 0.094557 1.935576 -0.004009 0.955294 -0.046783 0.291906
1788249738.425831079 -4.545689 0.094389 1.931358 -0.004233 0.954411 -0.046934 0.294753
1788249738.459170103 -4.540078 0.093928 1.925883 -0.004473 0.953399 -0.046718 0.298041
1788249738.492509842 -4.531796 0.093632 1.922547 -0.004638 0.952730 -0.046403 0.300217
1788249738.525849342 -4.526256 0.093168 1.918221 -0.004286 0.951833 -0.046366 0.303061
1788249738.559189081 -4.519271 0.093788 1.912953 -0.004118 0.950947 -0.046549 0.305803
1788249738.592527628 -4.513810 0.093179 1.907158 -0.003809 0.950042 -0.046080 0.308680
1788249738.625867367 -4.507938 0.092257 1.902499 -0.003710 0.949292 -0.045903 0.311006
1788249738.659207106 -4.501661 0.093481 1.897354 -0.003669 0.948365 -0.046325 0.313760
1788249738.692546368 -4.492475 0.094920 1.888960 -0.004134 0.947336 -0.046454 0.316826
1788249738.725881338 -4.487367 0.094581 1.883865 -0.003866 0.946401 -0.046088 0.319664
1788249738.759216547 -4.480248 0.094298 1.879976 -0.004153 0.945496 -0.046288 0.322301
1788249738.792551279 -4.475038 0.094557 1.875263 -0.003736 0.944516 -0.046184 0.325182
1788249738.825886250 -4.467640 0.095171 1.871794 -0.003651 0.943634 -0.046075 0.327747
1788249738.859221220 -4.461530 0.094176 1.867122 -0.003660 0.942731 -0.045893 0.330362
1788249738.892555952 -4.454456 0.093743 1.862689 -0.003885 0.941738 -0.046297 0.333123
1788249738.925890446 -4.448377 0.093381 1.859961 -0.003906 0.940810 -0.046226 0.335744
1788249738.959225178 -4.442419 0.092689 1.855797 -0.003615 0.939904 -0.046066 0.338299
1788249738.992559671 -4.435914 0.093135 1.852525 -0.003496 0.938970 -0.046255 0.340857
1788249739.025893211 -4.430178 0.093864 1.846727 -0.003203 0.937867 -0.046338 0.343871
1788249739.059227943 -4.422834 0.093821 1.844330 -0.003501 0.936984 -0.046133 0.346295
1788249739.092561960 -4.414535 0.093506 1.839375 -0.003915 0.936033 -0.045666 0.348915
1788249739.125896454 -4.405839 0.094210 1.835238 -0.004291 0.934988 -0.045879 0.351673
1788249739.159230947 -4.399085 0.093329 1.830481 -0.004528 0.933836 -0.045377 0.354782
1788249739.192565203 -4.393037 0.092591 1.828036 -0.004471 0.932865 -0.044867 0.357393
1788249739.225899458 -4.386279 0.093721 1.823538 -0.004495 0.931854 -0.045241 0.359974
1788249739.259233475 -4.379585 0.094285 1.821306 -0.004230 0.930747 -0.045511 0.362797
1788249739.292567492 -4.374027 0.092045 1.817793 -0.004335 0.929561 -0.044959 0.365891
1788249739.325901508 -4.366967 0.092551 1.814681 -0.004381 0.928478 -0.045036 0.368620
1788249739.359235525 -4.359357 0.091748 1.811394 -0.004457 0.927363 -0.045135 0.371403
1788249739.392569542 -4.352615 0.092336 1.808506 -0.004245 0.926230 -0.045308 0.374203
1788249739.425903559 -4.346253 0.090077 1.807441 -0.003429 0.925092 -0.045086 0.377041
1788249739.459236145 -4.341640 0.089031 1.805871 -0.003173 0.923938 -0.045515 0.379812
1788249739.492569923 -4.336137 0.089281 1.803105 -0.002531 0.922787 -0.045694 0.382582
1788249739.525903702 -4.330200 0.088616 1.798035 -0.002199 0.921613 -0.045495 0.385429
1788249739.559237242 -4.323547 0.088103 1.795858 -0.002202 0.920566 -0.045675 0.387902
1788249739.592571020 -4.316010 0.087879 1.794039 -0.002440 0.919398 -0.046001 0.390621
1788249739.625904560 -4.309187 0.088206 1.789881 -0.002414 0.918131 -0.045851 0.393608
1788249739.659237862 -4.302606 0.087700 1.788806 -0.002534 0.917101 -0.045912 0.395993
1788249739.692571163 -4.295778 0.086848 1.786143 -0.002131 0.915905 -0.045955 0.398751
1788249739.725913286 -4.289632 0.087622 1.782590 -0.001741 0.914634 -0.046038 0.401649
1788249739.759254932 -4.283548 0.086311 1.778542 -0.001497 0.913476 -0.045468 0.404340
1788249739.792597055 -4.275834 0.087056 1.777384 -0.001960 0.912455 -0.045689 0.406613
1788249739.825938940 -4.269238 0.087074 1.774515 -0.002260 0.911130 -0.045902 0.409548
1788249739.859281063 -4.261385 0.087970 1.770879 -0.002205 0.909818 -0.045768 0.412469
1788249739.892623186 -4.253778 0.086820 1.768998 -0.002263 0.908603 -0.045405 0.415179
1788249739.925964117 -4.246767 0.087224 1.766814 -0.002334 0.907324 -0.045715 0.417933
1788249739.959306717 -4.239581 0.087289 1.763397 -0.002239 0.906073 -0.045690 0.420641
1788249739.992648602 -4.233784 0.086813 1.760872 -0.002077 0.904946 -0.045348 0.423098
1788249740.025990725 -4.225792 0.085675 1.758692 -0.002268 0.903771 -0.045334 0.425603
1788249740.059333324 -4.218864 0.085851 1.756767 -0.002381 0.902447 -0.045578 0.428376
1788249740.092675209 -4.209814 0.086625 1.751678 -0.002375 0.901251 -0.045536 0.430892
1788249740.126017332 -4.204433 0.085732 1.749898 -0.002052 0.899895 -0.045705 0.433700
1788249740.159359932 -4.197866 0.086370 1.747881 -0.001552 0.898478 -0.046121 0.436587
1788249740.192702293 -4.191604 0.085446 1.744835 -0.001243 0.897106 -0.045896 0.439423
1788249740.226044416 -4.183952 0.086102 1.743329 -0.000986 0.895988 -0.045904 0.441699
1788249740.259387016 -4.175892 0.086480 1.739381 -0.001001 0.894569 -0.046058 0.444549
1788249740.292729378 -4.169181 0.085813 1.738039 -0.000785 0.893256 -0.046128 0.447174
1788249740.326071978 -4.163604 0.085340 1.738260 -0.000812 0.892026 -0.046195 0.449616
1788249740.359413385 -4.157382 0.084842 1.737827 -0.001030 0.890669 -0.046396 0.452278
1788249740.392755985 -4.148784 0.085043 1.735872 -0.001009 0.889221 -0.046639 0.455093
1788249740.426098585 -4.140603 0.085695 1.734243 -0.001191 0.887965 -0.046691 0.457533
1788249740.459440947 -4.132740 0.085435 1.730954 -0.001572 0.886743 -0.046514 0.459913
1788249740.492783785 -4.126122 0.084050 1.728958 -0.001717 0.885741 -0.046084 0.461883
1788249740.526126385 -4.120134 0.084131 1.726864 -0.001675 0.885369 -0.046456 0.462559
1788249740.559469223 -4.111733 0.085630 1.721864 -0.001533 0.885038 -0.046640 0.463174
1788249740.592811584 -4.106335 0.085117 1.717281 -0.001438 0.884504 -0.046384 0.464219
1788249740.626154423 -4.101979 0.083210 1.714651 -0.001719 0.884375 -0.046487 0.464452
1788249740.659497023 -4.094716 0.083399 1.709441 -0.001551 0.884373 -0.046484 0.464459
1788249740.692840099 -4.087893 0.084173 1.704382 -0.001309 0.884263 -0.046444 0.464673
1788249740.726189613 -4.082675 0.083724 1.701107 -0.001250 0.884113 -0.046362 0.464966
1788249740.759539127 -4.076576 0.084249 1.696628 -0.001017 0.884033 -0.046200 0.465135
1788249740.792887688 -4.071399 0.084082 1.692389 -0.001461 0.883956 -0.046318 0.465267
1788249740.826237202 -4.062954 0.082433 1.690524 -0.001981 0.883974 -0.046272 0.465236
1788249740.859586954 -4.055913 0.083540 1.685777 -0.002497 0.883892 -0.046676 0.465350
1788249740.892936468 -4.048083 0.083126 1.679696 -0.002337 0.883901 -0.046326 0.465368
1788249740.926286459 -4.043519 0.084341 1.675825 -0.002374 0.883963 -0.046416 0.465241
1788249740.959636688 -4.036942 0.084476 1.671821 -0.002491 0.883934 -0.046297 0.465308
1788249740.992986441 -4.030684 0.084483 1.666562 -0.002499 0.883798 -0.046326 0.465564
1788249741.026336670 -4.024785 0.083508 1.663877 -0.002462 0.883940 -0.046172 0.465308
1788249741.059686661 -4.019242 0.083223 1.659832 -0.002511 0.883884 -0.046312 0.465400
1788249741.093036890 -4.013010 0.083512 1.655072 -0.002322 0.883812 -0.046369 0.465533
1788249741.126387358 -4.007480 0.082980 1.651504 -0.002328 0.883732 -0.046552 0.465667
1788249741.159737825 -4.001255 0.082750 1.648500 -0.002582 0.883757 -0.046902 0.465583
1788249741.193088293 -3.995696 0.082180 1.644639 -0.002562 0.883741 -0.047047 0.465598
1788249741.226438522 -3.990110 0.082425 1.640267 -0.002368 0.883761 -0.047096 0.465557
1788249741.259788036 -3.984360 0.082693 1.635416 -0.002274 0.883648 -0.047099 0.465771
1788249741.293138742 -3.978806 0.081559 1.632221 -0.001994 0.883354 -0.046818 0.466357
1788249741.326489687 -3.971698 0.080747 1.628963 -0.001854 0.883009 -0.046836 0.467011
1788249741.359840393 -3.966355 0.081257 1.624534 -0.001512 0.882549 -0.046794 0.467883
1788249741.393191338 -3.960533 0.081804 1.621006 -0.001411 0.882163 -0.046954 0.468595
1788249741.426542282 -3.953116 0.081822 1.615992 -0.001349 0.881614 -0.046986 0.469625
1788249741.459892988 -3.946860 0.080850 1.614027 -0.001696 0.880998 -0.046985 0.470777
1788249741.493244171 -3.938716 0.081494 1.610995 -0.001873 0.880343 -0.046926 0.472008
1788249741.526595354 -3.932019 0.082447 1.609553 -0.002015 0.879334 -0.046898 0.473886
1788249741.559946537 -3.924303 0.081721 1.607759 -0.002194 0.878241 -0.046724 0.475925
1788249741.593297958 -3.918717 0.081515 1.607341 -0.001968 0.877328 -0.046668 0.477613
1788249741.626649141 -3.911224 0.081068 1.604192 -0.001582 0.875964 -0.046540 0.480123
1788249741.660000801 -3.903951 0.080203 1.600941 -0.001543 0.874894 -0.046269 0.482096
1788249741.693351269 -3.896750 0.079393 1.600579 -0.001649 0.873784 -0.046306 0.484102
1788249741.726690054 -3.889956 0.079871 1.598931 -0.001736 0.872306 -0.046489 0.486743
1788249741.760028839 -3.882715 0.079744 1.597447 -0.001759 0.870922 -0.046307 0.489231
1788249741.793367624 -3.876053 0.079509 1.595555 -0.001562 0.869687 -0.046089 0.491445
1788249741.826706171 -3.869068 0.079655 1.593448 -0.001371 0.868282 -0.046175 0.493916
1788249741.860044956 -3.860843 0.080631 1.590312 -0.001240 0.866842 -0.046027 0.496452
1788249741.893383503 -3.853756 0.080296 1.589711 -0.001489 0.865653 -0.045871 0.498536
1788249741.926722527 -3.846154 0.079729 1.590075 -0.002264 0.864226 -0.046222 0.500971
1788249741.960061073 -3.837564 0.081429 1.588602 -0.002385 0.862678 -0.046370 0.503617
1788249741.993399620 -3.830450 0.081839 1.588081 -0.002429 0.861337 -0.046024 0.505940
1788249742.026738405 -3.822655 0.082479 1.585559 -0.002521 0.859892 -0.046007 0.508392
1788249742.060077190 -3.815975 0.082181 1.585253 -0.002398 0.858561 -0.046019 0.510636
1788249742.093415737 -3.807767 0.082630 1.582583 -0.002077 0.857048 -0.045523 0.513217
1788249742.126753569 -3.800932 0.082614 1.582443 -0.002077 0.855857 -0.045296 0.515221
1788249742.160092115 -3.793145 0.082027 1.580764 -0.002241 0.854462 -0.045434 0.517518
1788249742.193430662 -3.784259 0.082617 1.577913 -0.002212 0.852827 -0.045392 0.520213
1788249742.226769209 -3.777620 0.082596 1.577775 -0.002303 0.851396 -0.044917 0.522592
1788249742.260107994 -3.772416 0.082207 1.578141 -0.002017 0.850092 -0.044430 0.524753
1788249742.293446541 -3.763263 0.083179 1.575242 -0.001838 0.848690 -0.044559 0.527007
1788249742.326784849 -3.756097 0.081732 1.576334 -0.001649 0.847342 -0.044086 0.529212
1788249742.360123396 -3.747894 0.081976 1.572365 -0.001584 0.845830 -0.043737 0.531654
1788249742.393462181 -3.739334 0.081769 1.572560 -0.001718 0.844676 -0.043878 0.533473
1788249742.426800489 -3.733359 0.081569 1.572365 -0.001842 0.843081 -0.044007 0.535981
1788249742.460138798 -3.725631 0.081926 1.571874 -0.001908 0.841628 -0.043817 0.538274
1788249742.493477583 -3.718626 0.081906 1.571141 -0.001872 0.840283 -0.043764 0.540375
1788249742.526815891 -3.711579 0.081825 1.570628 -0.001900 0.838829 -0.043893 0.542620
1788249742.560154200 -3.704412 0.082053 1.570617 -0.001793 0.837237 -0.043836 0.545077
1788249742.593491554 -3.696683 0.082225 1.569948 -0.002010 0.835745 -0.043509 0.547388
1788249742.626830101 -3.688612 0.081216 1.569349 -0.002314 0.834413 -0.043070 0.549449
1788249742.660168648 -3.680952 0.083421 1.569650 -0.002707 0.832861 -0.043842 0.551736
1788249742.693506956 -3.673492 0.082800 1.569420 -0.002471 0.831337 -0.043113 0.554089
1788249742.726845741 -3.664395 0.083558 1.565545 -0.002370 0.829724 -0.042622 0.556540
1788249742.760184765 -3.657778 0.082830 1.566118 -0.002384 0.828297 -0.042565 0.558666
1788249742.793523312 -3.650176 0.082786 1.565608 -0.002464 0.826812 -0.042304 0.560880
1788249742.826862097 -3.641068 0.083170 1.563328 -0.002366 0.825345 -0.041745 0.563078
1788249742.860201120 -3.633054 0.083088 1.561717 -0.003036 0.824037 -0.041723 0.564989
1788249742.893539906 -3.626907 0.082954 1.563306 -0.003340 0.823260 -0.041816 0.566112
1788249742.926878691 -3.620537 0.082148 1.560074 -0.003026 0.822739 -0.041499 0.566895
1788249742.960217476 -3.614369 0.083457 1.557718 -0.003095 0.822608 -0.041888 0.567056
1788249742.993556261 -3.609082 0.083650 1.556770 -0.003089 0.822330 -0.042213 0.567434
1788249743.026893854 -3.599167 0.082872 1.554648 -0.003213 0.821875 -0.042316 0.568084
1788249743.060232639 -3.593415 0.081987 1.553416 -0.003236 0.821795 -0.042090 0.568217
1788249743.093571424 -3.586702 0.082256 1.549842 -0.003229 0.821943 -0.041856 0.568021
1788249743.126909971 -3.580983 0.081688 1.547437 -0.003197 0.821926 -0.041554 0.568067
1788249743.160248995 -3.573428 0.082349 1.544088 -0.003324 0.821753 -0.041447 0.568325
1788249743.193587542 -3.567085 0.082384 1.541631 -0.003194 0.821784 -0.041212 0.568298
1788249743.226926088 -3.561273 0.081886 1.539898 -0.003430 0.821808 -0.041130 0.568268
1788249743.260264874 -3.554538 0.082363 1.536735 -0.003269 0.821637 -0.041428 0.568494
1788249743.293603420 -3.548026 0.082611 1.534428 -0.003497 0.821502 -0.041588 0.568676
1788249743.326941967 -3.542361 0.081906 1.533550 -0.003581 0.821521 -0.041507 0.568655
1788249743.360280752 -3.536165 0.081039 1.530342 -0.003354 0.821349 -0.041351 0.568915
1788249743.393619299 -3.529495 0.082047 1.528340 -0.003561 0.821335 -0.041751 0.568905
1788249743.426957846 -3.523552 0.082590 1.525956 -0.003402 0.821332 -0.041880 0.568901
1788249743.460295439 -3.518298 0.081483 1.524227 -0.003104 0.821450 -0.041595 0.568754
1788249743.493634224 -3.510445 0.082356 1.519924 -0.003076 0.821433 -0.041599 0.568778
1788249743.526972771 -3.503572 0.082095 1.515969 -0.003150 0.821378 -0.041201 0.568886
1788249743.560311079 -3.497382 0.082525 1.514856 -0.003347 0.821337 -0.041259 0.568940
1788249743.593649864 -3.492017 0.082073 1.513108 -0.003366 0.821292 -0.041124 0.569014
1788249743.626988411 -3.485140 0.082125 1.509974 -0.003339 0.821240 -0.041167 0.569086
1788249743.660326719 -3.478643 0.082425 1.507609 -0.003425 0.821169 -0.041222 0.569184
1788249743.693665504 -3.473438 0.081934 1.506245 -0.003447 0.821185 -0.041338 0.569153
1788249743.727003574 -3.466089 0.081628 1.500229 -0.003071 0.820838 -0.041364 0.569653
1788249743.760341644 -3.461010 0.082584 1.500430 -0.003578 0.820899 -0.041923 0.569522
1788249743.793679476 -3.456304 0.081961 1.498745 -0.003455 0.820838 -0.041913 0.569610
1788249743.827017546 -3.448566 0.082529 1.495461 -0.003305 0.820822 -0.041882 0.569637
1788249743.860355854 -3.441980 0.081228 1.491515 -0.003120 0.820822 -0.041343 0.569678
1788249743.893692732 -3.436245 0.081655 1.490600 -0.003200 0.821022 -0.041583 0.569371
1788249743.927030563 -3.429585 0.081835 1.488546 -0.003418 0.821040 -0.041578 0.569344
1788249743.960368395 -3.421818 0.082511 1.485245 -0.003670 0.820889 -0.041602 0.569559
1788249743.993706703 -3.415420 0.081641 1.482832 -0.003551 0.820821 -0.041541 0.569662
1788249744.027044535 -3.410957 0.080758 1.482240 -0.003403 0.820865 -0.041743 0.569585
1788249744.060382366 -3.404974 0.080634 1.479015 -0.003348 0.820572 -0.042142 0.569977
1788249744.093720198 -3.398845 0.080981 1.476169 -0.003071 0.820446 -0.042579 0.570128
1788249744.127058029 -3.393780 0.080270 1.473757 -0.002546 0.820365 -0.042551 0.570249
1788249744.160395622 -3.389014 0.080509 1.471876 -0.002224 0.820321 -0.042865 0.570291
1788249744.193733454 -3.383451 0.080948 1.468975 -0.001660 0.820259 -0.042861 0.570381
1788249744.227071047 -3.376537 0.080970 1.465928 -0.001699 0.820269 -0.042856 0.570368
1788249744.260408640 -3.370758 0.080908 1.463947 -0.001974 0.820344 -0.043027 0.570247
1788249744.293746710 -3.363651 0.079549 1.461126 -0.002008 0.820519 -0.042486 0.570035
1788249744.327084303 -3.356175 0.079820 1.457016 -0.001991 0.820457 -0.042354 0.570135
1788249744.360420704 -3.350821 0.079965 1.456303 -0.002261 0.820402 -0.042204 0.570222
1788249744.393758297 -3.344764 0.080103 1.454657 -0.002309 0.820315 -0.042243 0.570345
1788249744.427096128 -3.339227 0.080340 1.453926 -0.002425 0.820221 -0.042746 0.570443
1788249744.460433722 -3.333425 0.080195 1.451507 -0.002392 0.820084 -0.042949 0.570623
1788249744.493771076 -3.327820 0.080114 1.449841 -0.002444 0.819917 -0.043131 0.570850
1788249744.527108431 -3.322483 0.079806 1.448331 -0.002182 0.819784 -0.043118 0.571043
1788249744.560446024 -3.316254 0.079616 1.444623 -0.002010 0.819848 -0.043053 0.570956
1788249744.593783617 -3.309031 0.079298 1.440822 -0.001845 0.820059 -0.042645 0.570684
1788249744.627120972 -3.302666 0.079201 1.439551 -0.002133 0.819982 -0.042414 0.570812
1788249744.660458326 -3.295444 0.079322 1.436800 -0.002285 0.819872 -0.042179 0.570987
1788249744.693795681 -3.289211 0.079647 1.433959 -0.002512 0.819925 -0.042179 0.570910
1788249744.727135420 -3.282123 0.080217 1.431408 -0.002657 0.820020 -0.042419 0.570754
1788249744.760474682 -3.275812 0.079881 1.429344 -0.002537 0.819992 -0.042307 0.570804
1788249744.793813467 -3.270156 0.079010 1.428028 -0.002501 0.819930 -0.042218 0.570900
1788249744.827152729 -3.264657 0.078393 1.425973 -0.002378 0.819802 -0.042336 0.571075
1788249744.860492468 -3.258952 0.078135 1.423079 -0.001934 0.819575 -0.042299 0.571405
1788249744.893831491 -3.252964 0.078543 1.421405 -0.002002 0.819401 -0.042361 0.571650
1788249744.927171230 -3.245764 0.078043 1.418524 -0.002124 0.819300 -0.041887 0.571829
1788249744.960510492 -3.237408 0.078765 1.414914 -0.002107 0.819195 -0.042040 0.571968
1788249744.993850231 -3.229957 0.078661 1.412764 -0.002312 0.819097 -0.042017 0.572110
1788249745.027189732 -3.219412 0.079123 1.409492 -0.002812 0.818635 -0.041470 0.572809
1788249745.060529232 -3.211986 0.079126 1.407130 -0.002920 0.817851 -0.041158 0.573948
1788249745.093868494 -3.206450 0.078621 1.406066 -0.002681 0.817295 -0.041419 0.574723
1788249745.127207756 -3.201436 0.078625 1.405729 -0.002600 0.816671 -0.041806 0.575582
1788249745.160547495 -3.194692 0.079101 1.406078 -0.002524 0.815216 -0.041793 0.577642
1788249745.193886757 -3.187937 0.079555 1.406670 -0.002444 0.813621 -0.041580 0.579902
1788249745.227226257 -3.180850 0.078437 1.406653 -0.002393 0.812291 -0.041170 0.581793
1788249745.260564566 -3.174038 0.078999 1.406801 -0.002341 0.810853 -0.041698 0.583758
1788249745.293904066 -3.166978 0.079416 1.406722 -0.002067 0.809215 -0.041594 0.586035
1788249745.327243328 -3.160644 0.078984 1.407244 -0.001879 0.807566 -0.041313 0.588325
1788249745.360582829 -3.153704 0.079253 1.406418 -0.001507 0.805589 -0.041370 0.591027
1788249745.393922091 -3.146611 0.079317 1.407780 -0.001197 0.803440 -0.041350 0.593947
1788249745.427261591 -3.139234 0.080053 1.408642 -0.001142 0.801258 -0.041322 0.596889
1788249745.460600853 -3.131411 0.079657 1.408260 -0.001094 0.799245 -0.041176 0.599592
1788249745.493940353 -3.124596 0.079538 1.410234 -0.001242 0.797169 -0.041671 0.602315
1788249745.527279615 -3.117558 0.080430 1.412175 -0.001106 0.795020 -0.041642 0.605150
1788249745.560619116 -3.109807 0.079647 1.410933 -0.000734 0.792802 -0.040876 0.608107
1788249745.593957901 -3.102663 0.079376 1.413003 -0.000676 0.790772 -0.040871 0.610745
1788249745.627297401 -3.096160 0.080142 1.415270 -0.000780 0.788671 -0.040984 0.613447
1788249745.660636902 -3.088818 0.080482 1.417265 -0.000860 0.786691 -0.040645 0.616007
1788249745.693975210 -3.076632 0.080467 1.415175 -0.001080 0.784406 -0.040614 0.618915
1788249745.727323055 -3.068590 0.081196 1.416920 -0.001203 0.782090 -0.040698 0.621833
1788249745.760670662 -3.060302 0.080977 1.417766 -0.001358 0.779769 -0.040237 0.624771
1788249745.794018507 -3.052429 0.081809 1.419262 -0.001286 0.777647 -0.040276 0.627408
1788249745.827366352 -3.045280 0.082357 1.420010 -0.001106 0.775275 -0.040304 0.630336
1788249745.860714197 -3.037089 0.082472 1.421205 -0.001130 0.773024 -0.039676 0.633134
1788249745.894062519 -3.028442 0.083545 1.423229 -0.001444 0.770960 -0.039632 0.635648
1788249745.927410364 -3.020517 0.084565 1.424445 -0.001688 0.768567 -0.039823 0.638526
1788249745.960758448 -3.013106 0.083888 1.426972 -0.001548 0.766201 -0.039102 0.641409
1788249745.994106770 -3.005369 0.083821 1.429787 -0.001682 0.764044 -0.038678 0.644002
1788249746.027454853 -2.997076 0.085790 1.429229 -0.001454 0.761544 -0.039069 0.646932
1788249746.060803413 -2.991599 0.084862 1.430342 -0.001008 0.759354 -0.038528 0.649535
1788249746.094151735 -2.982804 0.086204 1.431198 -0.000965 0.757185 -0.038075 0.652090
1788249746.127499104 -2.974772 0.086692 1.432222 -0.001290 0.754991 -0.037837 0.654642
1788249746.160847425 -2.967187 0.087104 1.433300 -0.001366 0.752576 -0.037636 0.657428
1788249746.194195986 -2.959166 0.086890 1.437399 -0.001563 0.750271 -0.037162 0.660084
1788249746.227544785 -2.952787 0.087976 1.438278 -0.001356 0.748130 -0.036961 0.662521
1788249746.260893345 -2.946171 0.087937 1.440924 -0.001280 0.746235 -0.037166 0.664642
1788249746.294242144 -2.939917 0.087358 1.442273 -0.001150 0.744233 -0.036937 0.666897
1788249746.327590942 -2.931273 0.087700 1.443037 -0.000947 0.742418 -0.036746 0.668928
1788249746.360939980 -2.926204 0.087406 1.446572 -0.001277 0.740433 -0.037297 0.671093
1788249746.394288778 -2.915883 0.088305 1.446921 -0.001099 0.738268 -0.037501 0.673464
1788249746.427637577 -2.912991 0.086941 1.452103 -0.001173 0.736669 -0.037458 0.675214
1788249746.460986853 -2.904928 0.087565 1.452231 -0.001134 0.734950 -0.037705 0.677071
1788249746.494335890 -2.897074 0.087675 1.452488 -0.000434 0.733428 -0.037717 0.678720
1788249746.527684927 -2.890141 0.088842 1.454215 -0.000324 0.731911 -0.037877 0.680346
1788249746.561034441 -2.881825 0.087495 1.455688 -0.000389 0.730567 -0.037492 0.681811
1788249746.594382524 -2.876689 0.087621 1.459986 -0.000941 0.729634 -0.038018 0.682779
1788249746.627731800 -2.866092 0.089385 1.458838 -0.000976 0.728356 -0.038252 0.684130
1788249746.661081314 -2.855611 0.089922 1.456365 -0.001144 0.727487 -0.037955 0.685070
1788249746.694430590 -2.847575 0.088831 1.457572 -0.001208 0.727040 -0.037430 0.685573
1788249746.727771521 -2.841825 0.088107 1.458450 -0.001055 0.726265 -0.037445 0.686393
1788249746.761112452 -2.834691 0.087811 1.459343 -0.000846 0.725437 -0.037654 0.687258
1788249746.794453382 -2.824187 0.089511 1.457549 -0.001052 0.724694 -0.037881 0.688028
1788249746.827794552 -2.814850 0.092201 1.456914 -0.001179 0.724298 -0.038104 0.688433
1788249746.861135483 -2.809574 0.089053 1.460839 -0.001640 0.724117 -0.037798 0.688639
1788249746.894476414 -2.799902 0.090888 1.457823 -0.001286 0.723489 -0.038156 0.689279
1788249746.927817583 -2.793040 0.089994 1.459014 -0.001379 0.723333 -0.038067 0.689448
1788249746.961158514 -2.781670 0.092867 1.455831 -0.001099 0.722800 -0.038272 0.689996
1788249746.994499445 -2.776863 0.091399 1.457156 -0.000754 0.722494 -0.038158 0.690323
1788249747.027839422 -2.770076 0.090001 1.458418 -0.000411 0.722320 -0.038213 0.690502
1788249747.061180592 -2.762568 0.091033 1.457227 -0.000158 0.721855 -0.038326 0.690982
1788249747.094521761 -2.755199 0.091184 1.457417 -0.000091 0.721533 -0.038597 0.691304
1788249747.127862692 -2.747517 0.090880 1.456939 0.000043 0.721142 -0.038740 0.691703
1788249747.161203861 -2.742749 0.089364 1.460075 -0.000136 0.721036 -0.038894 0.691805
1788249747.194544792 -2.731173 0.091473 1.456894 0.000146 0.720385 -0.038862 0.692485
1788249747.227885962 -2.723927 0.091653 1.456891 0.000203 0.720179 -0.038697 0.692708
1788249747.261226892 -2.716054 0.090778 1.455590 0.000415 0.719791 -0.038368 0.693130
1788249747.294568062 -2.708771 0.090313 1.456173 0.000466 0.719409 -0.038391 0.693524
1788249747.327908993 -2.702119 0.090513 1.456716 0.000657 0.719186 -0.038541 0.693748
1788249747.361250162 -2.695237 0.090745 1.456218 0.001209 0.719012 -0.038437 0.693933
1788249747.394591093 -2.686812 0.091256 1.453674 0.001173 0.718506 -0.038419 0.694458
1788249747.427932262 -2.679090 0.090624 1.454720 0.001069 0.718322 -0.038288 0.694655
1788249747.461272717 -2.669142 0.092441 1.453954 0.001016 0.717837 -0.038523 0.695144
1788249747.494613647 -2.661167 0.093089 1.454030 0.000797 0.717378 -0.038247 0.695633
1788249747.527954817 -2.653792 0.091828 1.455364 0.000459 0.717265 -0.037673 0.695781
1788249747.561295748 -2.645536 0.093464 1.454679 0.000574 0.716979 -0.037850 0.696066
1788249747.594637156 -2.636801 0.093139 1.452678 0.000950 0.716590 -0.037482 0.696486
1788249747.627978086 -2.628834 0.092931 1.452547 0.001211 0.716240 -0.037371 0.696852
1788249747.661319256 -2.622133 0.093414 1.452532 0.001321 0.716058 -0.037629 0.697025
1788249747.694660425 -2.614892 0.092445 1.453093 0.001146 0.715802 -0.037722 0.697282
1788249747.728000641 -2.607447 0.093339 1.453541 0.001253 0.715290 -0.038162 0.697784
1788249747.761341095 -2.598149 0.093186 1.453273 0.001145 0.714756 -0.038228 0.698328
1788249747.794680834 -2.589973 0.093542 1.453457 0.000954 0.714386 -0.038348 0.698699
1788249747.828021288 -2.581887 0.092882 1.452599 0.001201 0.714008 -0.037918 0.699109
1788249747.861361742 -2.575508 0.092368 1.454095 0.001449 0.713688 -0.038186 0.699421
1788249747.894701004 -2.568976 0.091343 1.454557 0.001647 0.713354 -0.038007 0.699771
1788249747.928040981 -2.560466 0.093048 1.452308 0.002077 0.712827 -0.038369 0.700287
1788249747.961381197 -2.552661 0.092895 1.452216 0.002524 0.712560 -0.038320 0.700560
1788249747.994721651 -2.547342 0.092143 1.453026 0.002936 0.712408 -0.038377 0.700709
1788249748.028061628 -2.540416 0.092184 1.453665 0.003085 0.712107 -0.038767 0.700993
1788249748.061401606 -2.530995 0.092997 1.452086 0.003442 0.711511 -0.038662 0.701602
1788249748.094742060 -2.523862 0.092868 1.451713 0.003320 0.711066 -0.038702 0.702052
1788249748.128082037 -2.514773 0.093082 1.451363 0.003335 0.710705 -0.038751 0.702414
1788249748.161422491 -2.509298 0.091620 1.454019 0.003289 0.710552 -0.038739 0.702570
1788249748.194762707 -2.501633 0.092920 1.453395 0.003461 0.710157 -0.038985 0.702955
1788249748.228102684 -2.494327 0.094333 1.454200 0.003357 0.709860 -0.039247 0.703241
1788249748.261442900 -2.485737 0.093330 1.453006 0.003557 0.709433 -0.038993 0.703684
1788249748.294783115 -2.478080 0.092650 1.453744 0.003739 0.709309 -0.038811 0.703819
1788249748.328123569 -2.469818 0.091569 1.453239 0.003760 0.708882 -0.038598 0.704260
1788249748.361462593 -2.462504 0.091816 1.454024 0.003448 0.708528 -0.038756 0.704610
1788249748.394802570 -2.454616 0.092527 1.454922 0.003246 0.708234 -0.038938 0.704895
1788249748.428143024 -2.447397 0.090938 1.456591 0.002989 0.707915 -0.038754 0.705227
1788249748.461483002 -2.438869 0.092634 1.458113 0.002524 0.707523 -0.039202 0.705597
1788249748.494822979 -2.430596 0.092323 1.459185 0.001997 0.707192 -0.038799 0.705954
1788249748.528163433 -2.422035 0.092081 1.459229 0.001886 0.706921 -0.038463 0.706244
1788249748.561503649 -2.413926 0.092599 1.459745 0.001737 0.706638 -0.038800 0.706509
1788249748.594843388 -2.404908 0.092221 1.458921 0.001821 0.706015 -0.038712 0.707135
1788249748.628183842 -2.397820 0.092073 1.459965 0.001519 0.705673 -0.038763 0.707475
1788249748.661524057 -2.391456 0.091473 1.462315 0.001569 0.705724 -0.038609 0.707433
1788249748.694864273 -2.384151 0.092368 1.464086 0.001266 0.705366 -0.039049 0.707765
1788249748.728207111 -2.374114 0.092348 1.462669 0.001253 0.704778 -0.038824 0.708364
1788249748.761550426 -2.367157 0.092938 1.463052 0.000993 0.704340 -0.038796 0.708801
1788249748.794892311 -2.358151 0.093404 1.463607 0.000746 0.704079 -0.038576 0.709073
1788249748.828235626 -2.351101 0.091507 1.464786 0.000815 0.704034 -0.038092 0.709143
1788249748.894922256 -2.334959 0.092616 1.464205 0.000826 0.703093 -0.038553 0.710052
1788249748.928265572 -2.326619 0.092309 1.462852 0.001161 0.702603 -0.038222 0.710554
1788249748.961608887 -2.320355 0.091792 1.463737 0.001139 0.702361 -0.038388 0.710785
1788249748.994952202 -2.313775 0.090795 1.465771 0.001349 0.702141 -0.038206 0.711011
1788249749.028295517 -2.305284 0.091288 1.465289 0.001318 0.701539 -0.038520 0.711588
1788249749.061639071 -2.297174 0.091329 1.465814 0.001351 0.701252 -0.038288 0.711883
1788249749.094982624 -2.288005 0.092395 1.466467 0.001250 0.700908 -0.038027 0.712236
1788249749.128325939 -2.279211 0.093028 1.465818 0.001079 0.700112 -0.038057 0.713017
1788249749.161669493 -2.270760 0.093741 1.466315 0.001091 0.699331 -0.038378 0.713766
1788249749.195013046 -2.263488 0.093925 1.467057 0.001033 0.698604 -0.038227 0.714486
1788249749.228356838 -2.257863 0.091958 1.471291 0.000742 0.698341 -0.037972 0.714757
1788249749.261699438 -2.250338 0.093113 1.469991 0.001431 0.697291 -0.037881 0.715786
1788249749.295043230 -2.242851 0.091289 1.471498 0.001496 0.696520 -0.037469 0.716557
1788249749.328387022 -2.233741 0.092352 1.470316 0.001556 0.695453 -0.037753 0.717577
1788249749.361730337 -2.229282 0.092035 1.476656 0.001311 0.695378 -0.037702 0.717654
1788249749.395074368 -2.218017 0.094271 1.476292 0.001355 0.694535 -0.037944 0.718456
1788249749.428418159 -2.209246 0.093960 1.477271 0.001107 0.693489 -0.038041 0.719462
1788249749.461761951 -2.201777 0.093079 1.479276 0.000864 0.692636 -0.037784 0.720297
1788249749.495105982 -2.195516 0.091644 1.482753 0.000848 0.692282 -0.037375 0.720658
1788249749.528449535 -2.187684 0.093567 1.482730 0.001092 0.691426 -0.037629 0.721466
1788249749.561793566 -2.180197 0.092076 1.485104 0.001222 0.690552 -0.037584 0.722305
1788249749.595137596 -2.173215 0.092712 1.486174 0.001331 0.689597 -0.037600 0.723215
1788249749.628481627 -2.165837 0.093720 1.490826 0.001006 0.689148 -0.038017 0.723622
1788249749.661825657 -2.154978 0.094257 1.494151 0.000954 0.688375 -0.038099 0.724353
1788249749.695168972 -2.146993 0.096555 1.499067 0.000962 0.687654 -0.038351 0.725024
1788249749.728511572 -2.140208 0.089970 1.503780 -0.000029 0.687072 -0.037686 0.725611
1788249749.761854410 -2.132911 0.095390 1.504702 0.000295 0.686307 -0.038015 0.726318
1788249749.795197248 -2.124605 0.096434 1.509122 0.000514 0.685727 -0.037849 0.726874
1788249749.828540325 -2.119652 0.096109 1.505384 0.000850 0.684375 -0.037534 0.728163
1788249749.861883163 -2.110355 0.093007 1.505423 0.000684 0.683511 -0.037056 0.728999
1788249749.895226240 -2.104686 0.097382 1.513861 0.001377 0.683349 -0.037234 0.729141
1788249749.928569317 -2.095984 0.097931 1.510689 0.001257 0.682234 -0.037402 0.730175
1788249749.961912394 -2.089830 0.095506 1.515487 0.001011 0.681739 -0.037271 0.730645
1788249749.995255470 -2.082853 0.094870 1.517230 0.000956 0.680903 -0.037063 0.731435
1788249750.028598309 -2.075901 0.091215 1.514150 0.000740 0.679523 -0.036155 0.732762
1788249750.061941862 -2.064900 0.094939 1.514092 0.001097 0.678707 -0.036344 0.733508
1788249750.095284939 -2.060920 0.099252 1.519106 0.001168 0.678253 -0.037088 0.733891
1788249750.128627062 -2.052345 0.096667 1.521098 0.000781 0.677346 -0.036812 0.734743
1788249750.161970377 -2.045951 0.095252 1.517604 0.000444 0.675925 -0.036460 0.736068
1788249750.195313454 -2.041798 0.093369 1.524003 -0.000137 0.675567 -0.036376 0.736401
1788249750.228656769 -2.031247 0.100261 1.523174 0.000669 0.674713 -0.036552 0.737175
1788249750.262000322 -2.023996 0.094453 1.523998 0.000360 0.674040 -0.035901 0.737822
1788249750.295343399 -2.019273 0.093726 1.530863 0.000099 0.673692 -0.036265 0.738122
1788249750.328686714 -2.015903 0.094544 1.532888 0.000501 0.672895 -0.036076 0.738858
1788249750.362030268 -2.007589 0.093039 1.534779 0.000270 0.672136 -0.036114 0.739546
1788249750.395373344 -1.999322 0.096531 1.533775 0.001015 0.671039 -0.036011 0.740546
1788249750.428716898 -1.992847 0.096358 1.537524 0.000654 0.670336 -0.036013 0.741184
1788249750.462060452 -1.990608 0.097573 1.536640 0.000396 0.668565 -0.036079 0.742778
1788249750.495404005 -1.986062 0.096333 1.535680 -0.000295 0.667321 -0.035864 0.743906
1788249750.528747320 -1.981383 0.097858 1.540531 -0.000537 0.666898 -0.036067 0.744276
1788249750.562090874 -1.973364 0.096756 1.546738 -0.000926 0.666321 -0.036328 0.744779
1788249750.595433474 -1.968621 0.099843 1.548950 -0.000629 0.665493 -0.036662 0.745503
1788249750.628777266 -1.961903 0.098943 1.548740 -0.000688 0.664851 -0.036404 0.746088
1788249750.662120819 -1.954334 0.092863 1.552837 -0.001024 0.664690 -0.035692 0.746266
1788249750.695464611 -1.948289 0.094866 1.551525 -0.000555 0.663616 -0.036199 0.747197
1788249750.728804827 -1.941171 0.096350 1.554405 -0.000406 0.662800 -0.036313 0.747915
1788249750.762145042 -1.937099 0.097525 1.554565 -0.000360 0.662055 -0.036553 0.748563
1788249750.795485497 -1.928559 0.099857 1.560697 -0.000480 0.661957 -0.036822 0.748637
1788249750.828825712 -1.922850 0.098066 1.562555 -0.000801 0.661144 -0.036681 0.749361
1788249750.862166166 -1.914406 0.096857 1.562351 -0.000912 0.660082 -0.036746 0.750294
1788249750.895506620 -1.907480 0.096988 1.564933 -0.001117 0.659382 -0.036739 0.750909
1788249750.928846598 -1.902651 0.093633 1.567054 -0.001463 0.658728 -0.036512 0.751493
1788249750.962187052 -1.897092 0.096205 1.571526 -0.001305 0.658139 -0.037092 0.751981
1788249750.995527506 -1.888939 0.093249 1.568126 -0.001172 0.656802 -0.036567 0.753175
1788249751.028867006 -1.883316 0.096388 1.569555 -0.000630 0.656100 -0.036572 0.753787
1788249751.062206984 -1.876897 0.100125 1.575032 -0.000462 0.655809 -0.037154 0.754012
1788249751.095547438 -1.866323 0.097679 1.573587 -0.000729 0.654736 -0.036593 0.754971
1788249751.128887653 -1.859072 0.096343 1.574280 -0.000977 0.653837 -0.036512 0.755753
1788249751.162227869 -1.855532 0.094741 1.580689 -0.001401 0.653423 -0.036589 0.756107
1788249751.195568323 -1.849394 0.094195 1.579560 -0.001637 0.652413 -0.036174 0.756998
1788249751.228908300 -1.839733 0.096221 1.585496 -0.001316 0.651977 -0.036151 0.757375
1788249751.262248516 -1.831718 0.101977 1.581288 -0.000208 0.651093 -0.036401 0.758125
1788249751.295588732 -1.825471 0.100249 1.582989 -0.000539 0.650669 -0.036749 0.758471
1788249751.328929186 -1.819221 0.101889 1.586084 -0.000549 0.650542 -0.036909 0.758573
1788249751.362268925 -1.814757 0.102033 1.589142 -0.000662 0.650537 -0.036908 0.758577
1788249751.395609140 -1.806183 0.101907 1.587700 -0.000947 0.650155 -0.036560 0.758921
1788249751.428949594 -1.797435 0.103792 1.587196 -0.000690 0.650105 -0.036320 0.758976
1788249751.462288857 -1.789423 0.102485 1.590028 -0.000961 0.650307 -0.036181 0.758809
1788249751.495628595 -1.781693 0.100872 1.591447 -0.001450 0.650199 -0.035807 0.758918
1788249751.528968811 -1.775544 0.100617 1.591433 -0.001400 0.650079 -0.035659 0.759028
1788249751.562309027 -1.768208 0.101214 1.594181 -0.001264 0.650319 -0.035621 0.758824
1788249751.595649481 -1.761222 0.099826 1.592843 -0.001355 0.649992 -0.035669 0.759102
1788249751.628989220 -1.754672 0.101238 1.594879 -0.001389 0.649882 -0.036123 0.759175
1788249751.662329435 -1.748010 0.100672 1.595593 -0.001469 0.649734 -0.035905 0.759312
1788249751.695669651 -1.741553 0.099541 1.598796 -0.001876 0.649984 -0.035997 0.759093
1788249751.729014397 -1.734095 0.101447 1.598760 -0.001959 0.649954 -0.036276 0.759105
1788249751.762359142 -1.724657 0.104763 1.599563 -0.001676 0.649910 -0.036372 0.759139
1788249751.795704126 -1.719340 0.103961 1.601364 -0.001785 0.650100 -0.036166 0.758985
1788249751.829049110 -1.710200 0.104236 1.600953 -0.001772 0.649776 -0.036129 0.759264
1788249751.862394571 -1.705536 0.102976 1.604251 -0.001892 0.649995 -0.036216 0.759073
1788249751.895739317 -1.698048 0.103534 1.604759 -0.001663 0.649837 -0.036522 0.759194
1788249751.929083347 -1.693031 0.103824 1.607220 -0.001543 0.649861 -0.037014 0.759150
1788249751.962428331 -1.685111 0.107966 1.607724 -0.000577 0.649675 -0.037299 0.759296
1788249751.995773554 -1.679649 0.107045 1.608330 -0.000699 0.649451 -0.037648 0.759471
1788249752.029118538 -1.674322 0.105411 1.607401 -0.000575 0.649226 -0.037525 0.759669
1788249752.062463760 -1.669057 0.103640 1.611336 -0.000374 0.649650 -0.037286 0.759319
1788249752.095808983 -1.664599 0.105582 1.613143 0.000192 0.650080 -0.037488 0.758941
1788249752.129153967 -1.657343 0.104069 1.612902 0.000158 0.649896 -0.037256 0.759109
1788249752.162499189 -1.651124 0.105106 1.614303 0.000223 0.649835 -0.037497 0.759150
1788249752.195844412 -1.643080 0.103247 1.614465 -0.000202 0.649711 -0.037256 0.759268
1788249752.229189396 -1.636004 0.102113 1.617123 -0.000497 0.649849 -0.037186 0.759153
1788249752.262534857 -1.630188 0.105507 1.617811 -0.000085 0.649705 -0.037930 0.759239
1788249752.295880079 -1.623347 0.105537 1.621515 -0.000190 0.649793 -0.038138 0.759153
1788249752.329225302 -1.616346 0.103783 1.623299 -0.000566 0.649352 -0.038097 0.759533
1788249752.362569571 -1.608901 0.103664 1.625783 -0.000602 0.649002 -0.038201 0.759827
1788249752.395914793 -1.601716 0.102109 1.626568 -0.000773 0.649028 -0.037858 0.759822
1788249752.429260254 -1.593380 0.103388 1.627593 -0.000742 0.649266 -0.038169 0.759602
1788249752.462605715 -1.582901 0.107485 1.629095 -0.000671 0.649139 -0.038534 0.759692
1788249752.495950699 -1.575139 0.105206 1.632261 -0.001260 0.649234 -0.038012 0.759638
1788249752.529296160 -1.566154 0.104229 1.632420 -0.001601 0.649058 -0.037487 0.759813
1788249752.562641859 -1.560208 0.102976 1.633507 -0.001689 0.649049 -0.037523 0.759819
1788249752.595987082 -1.550919 0.103709 1.634108 -0.001210 0.648650 -0.037833 0.760145
1788249752.629332542 -1.544940 0.106704 1.636291 -0.000844 0.648493 -0.038577 0.760242
1788249752.662678242 -1.539430 0.106625 1.638252 -0.000798 0.648537 -0.038781 0.760194
1788249752.696023464 -1.532486 0.106851 1.640195 -0.000690 0.648549 -0.038901 0.760178
1788249752.729362965 -1.523563 0.107485 1.639661 -0.000652 0.648281 -0.038907 0.760406
1788249752.762702703 -1.515225 0.105498 1.641650 -0.001450 0.648103 -0.038661 0.760570
1788249752.796041250 -1.505380 0.104135 1.643369 -0.001884 0.647926 -0.038045 0.760751
1788249752.829380989 -1.496578 0.104616 1.641799 -0.001684 0.647523 -0.037744 0.761109
1788249752.862720728 -1.488835 0.107712 1.644726 -0.001148 0.647718 -0.038089 0.760927
1788249752.896060228 -1.483753 0.108634 1.647312 -0.000547 0.647878 -0.038384 0.760776
1788249752.929399729 -1.476450 0.106057 1.645562 -0.000597 0.647275 -0.038124 0.761303
1788249752.962738991 -1.467122 0.106106 1.647298 -0.000841 0.647234 -0.038182 0.761334
1788249752.996078730 -1.461563 0.102705 1.650728 -0.001042 0.647207 -0.038086 0.761361
1788249753.029418468 -1.453569 0.100540 1.651363 -0.001259 0.647023 -0.037978 0.761523
1788249753.062757730 -1.445014 0.101491 1.651877 -0.001156 0.646861 -0.037690 0.761675
1788249753.096097469 -1.436286 0.101417 1.651892 -0.001172 0.646551 -0.037498 0.761948
1788249753.129436493 -1.429778 0.102553 1.653676 -0.000633 0.646684 -0.037417 0.761839
1788249753.162775993 -1.421389 0.101456 1.653813 -0.000480 0.646450 -0.037366 0.762040
1788249753.196115494 -1.416268 0.100539 1.655210 -0.000036 0.646493 -0.037245 0.762010
1788249753.229454041 -1.407691 0.102351 1.654727 0.000112 0.646039 -0.037697 0.762373
1788249753.262793303 -1.401215 0.101926 1.657638 -0.000089 0.645973 -0.038058 0.762411
1788249753.296132803 -1.393620 0.102057 1.659476 -0.000178 0.645854 -0.038257 0.762502
1788249753.329472065 -1.386095 0.101612 1.659461 -0.000258 0.645548 -0.038187 0.762764
1788249753.362811565 -1.376037 0.100490 1.661676 -0.000668 0.645648 -0.037629 0.762708
1788249753.396150589 -1.367191 0.100676 1.662645 -0.000796 0.645629 -0.037319 0.762739
1788249753.429489851 -1.358201 0.101852 1.663499 -0.000635 0.645476 -0.036890 0.762889
1788249753.462829113 -1.349531 0.102087 1.664423 -0.000474 0.645341 -0.036851 0.763005
1788249753.496168613 -1.343160 0.102315 1.663923 -0.000155 0.645219 -0.036717 0.763115
1788249753.529507637 -1.333839 0.103600 1.666958 -0.000163 0.645242 -0.036929 0.763085
1788249753.562847137 -1.327067 0.103791 1.669877 -0.000252 0.645230 -0.037345 0.763075
1788249753.596186161 -1.319188 0.104626 1.671911 -0.000036 0.645263 -0.037852 0.763022
1788249753.629525661 -1.310505 0.100098 1.670558 -0.000418 0.645017 -0.036967 0.763274
1788249753.662864447 -1.302615 0.102120 1.670220 -0.000252 0.644926 -0.036975 0.763350
1788249753.696202755 -1.294159 0.104880 1.673285 -0.000116 0.645179 -0.037057 0.763132
1788249753.729542494 -1.284361 0.102338 1.676194 -0.000661 0.645307 -0.036469 0.763052
1788249753.762882471 -1.271864 0.103238 1.672294 -0.000214 0.644530 -0.036497 0.763708
1788249753.796222210 -1.265232 0.104290 1.674698 -0.000213 0.644627 -0.036784 0.763612
1788249753.829562187 -1.257763 0.102801 1.677889 -0.000510 0.644530 -0.036960 0.763685
1788249753.862901926 -1.250952 0.102979 1.680972 -0.000536 0.644534 -0.037482 0.763656
1788249753.896241426 -1.242248 0.103771 1.680272 -0.000249 0.644226 -0.037419 0.763919
1788249753.929581404 -1.235691 0.105457 1.682235 0.000154 0.644367 -0.037446 0.763799
1788249753.962921143 -1.225554 0.104165 1.682577 -0.000004 0.644141 -0.036745 0.764024
1788249753.996260881 -1.216337 0.104632 1.683019 0.000072 0.644007 -0.036377 0.764154
1788249754.029600382 -1.208031 0.104894 1.683327 0.000171 0.644053 -0.036447 0.764113
1788249754.062940359 -1.200505 0.105269 1.685127 0.000443 0.644512 -0.036747 0.763710
1788249754.096279860 -1.192482 0.106905 1.687075 0.000654 0.644732 -0.037197 0.763503
1788249754.129618645 -1.182991 0.106104 1.687196 0.000377 0.644180 -0.036969 0.763980
1788249754.162958145 -1.176397 0.105459 1.691120 0.000159 0.644141 -0.036892 0.764017
1788249754.196297884 -1.168832 0.105057 1.690382 0.000541 0.643843 -0.036649 0.764279
1788249754.229637384 -1.160771 0.107790 1.690683 0.001029 0.643862 -0.036739 0.764259
1788249754.262977123 -1.151964 0.105904 1.692516 0.000530 0.644207 -0.035917 0.764007
1788249754.296316624 -1.143001 0.107514 1.692382 0.000469 0.644031 -0.036133 0.764146
1788249754.329656124 -1.134886 0.109210 1.694742 0.000465 0.644147 -0.036192 0.764045
1788249754.362995863 -1.124510 0.105825 1.697767 -0.000700 0.644406 -0.035771 0.763846
1788249754.396335125 -1.116055 0.108205 1.698451 -0.000461 0.644331 -0.035920 0.763903
1788249754.429674864 -1.107532 0.107400 1.700512 -0.000847 0.644283 -0.035759 0.763950
1788249754.463014364 -1.099237 0.105465 1.700716 -0.001058 0.643871 -0.035271 0.764320
1788249754.496353865 -1.091134 0.105092 1.701762 -0.000647 0.643974 -0.034866 0.764252
1788249754.529693365 -1.083184 0.107753 1.700320 -0.000035 0.644117 -0.034850 0.764132
1788249754.563032866 -1.074388 0.107279 1.701023 -0.000005 0.644055 -0.034324 0.764209
1788249754.596371412 -1.065673 0.108999 1.702176 -0.000340 0.643821 -0.034721 0.764388
1788249754.629710436 -1.056260 0.109303 1.702745 -0.000610 0.643448 -0.034734 0.764701
1788249754.663050175 -1.048502 0.108696 1.707219 -0.001232 0.644018 -0.034749 0.764219
1788249754.696389437 -1.039447 0.107117 1.708736 -0.001516 0.643911 -0.034455 0.764323
1788249754.729734421 -1.032056 0.109015 1.708977 -0.001134 0.643615 -0.034732 0.764560
1788249754.763079643 -1.023991 0.109634 1.709054 -0.000995 0.643575 -0.034722 0.764594
1788249754.796424389 -1.014281 0.108461 1.708845 -0.001044 0.643748 -0.033673 0.764496
1788249754.829769611 -1.004693 0.110241 1.710449 -0.001366 0.643994 -0.033372 0.764301
1788249754.863114595 -0.995292 0.110964 1.711516 -0.001599 0.643892 -0.032996 0.764403
1788249754.896459818 -0.985249 0.112033 1.714800 -0.001992 0.644059 -0.033134 0.764255
1788249754.929804802 -0.977496 0.111238 1.717270 -0.002589 0.644046 -0.033113 0.764265
1788249754.963150024 -0.968993 0.112671 1.719939 -0.002635 0.644190 -0.033428 0.764130
1788249754.996495247 -0.961036 0.112986 1.721116 -0.002721 0.644040 -0.033635 0.764247
1788249755.029839277 -0.953258 0.113998 1.719608 -0.001756 0.643670 -0.033532 0.764566
1788249755.063184500 -0.946630 0.113183 1.719678 -0.001367 0.643818 -0.033684 0.764435
1788249755.096529722 -0.938474 0.113120 1.719187 -0.000876 0.643736 -0.033661 0.764507
1788249755.129874706 -0.930604 0.112542 1.723057 -0.000894 0.643897 -0.033797 0.764365
1788249755.163220167 -0.922681 0.114722 1.723718 -0.000724 0.643632 -0.034363 0.764563
1788249755.196565628 -0.913904 0.110538 1.726096 -0.001352 0.643991 -0.033838 0.764284
1788249755.229910612 -0.905253 0.109602 1.727858 -0.001508 0.644112 -0.033893 0.764179
1788249755.263255835 -0.897593 0.113500 1.728964 -0.000849 0.643878 -0.034449 0.764351
1788249755.296601295 -0.890352 0.111753 1.730502 -0.001038 0.643898 -0.034027 0.764354
1788249755.329946756 -0.881073 0.110923 1.731401 -0.000779 0.643978 -0.034028 0.764287
1788249755.363291740 -0.872905 0.113808 1.732704 -0.000323 0.644010 -0.034606 0.764234
1788249755.396637201 -0.863329 0.113018 1.732997 -0.000654 0.643746 -0.034212 0.764474
1788249755.429982901 -0.855324 0.113025 1.734260 -0.000550 0.643735 -0.034083 0.764489
1788249755.463327169 -0.848015 0.112350 1.736595 -0.000504 0.644000 -0.034125 0.764264
1788249755.496672392 -0.839675 0.112138 1.738028 -0.000321 0.644065 -0.033693 0.764229
1788249755.530017853 -0.830422 0.113903 1.737705 -0.000152 0.643559 -0.033835 0.764648
1788249755.563363552 -0.822829 0.114801 1.741335 -0.000098 0.643688 -0.033670 0.764547
1788249755.596709013 -0.814219 0.115309 1.741623 0.000084 0.643358 -0.033602 0.764828
1788249755.630054235 -0.804517 0.114618 1.741162 -0.000119 0.642980 -0.033330 0.765158
1788249755.663399696 -0.797244 0.114592 1.744445 -0.000404 0.643326 -0.033322 0.764867
1788249755.696745396 -0.788832 0.115515 1.745065 -0.000002 0.643196 -0.033364 0.764975
1788249755.730084419 -0.780233 0.114743 1.745861 0.000084 0.643324 -0.033416 0.764864
1788249755.763423681 -0.772684 0.116911 1.747002 0.000312 0.643253 -0.033800 0.764907
1788249755.796762705 -0.765272 0.117597 1.749553 0.000113 0.642930 -0.033827 0.765178
1788249755.830101967 -0.756207 0.115493 1.751216 -0.000107 0.642531 -0.033577 0.765523
1788249755.863440990 -0.748517 0.116595 1.753751 -0.000178 0.642485 -0.034246 0.765532
1788249755.896779776 -0.739964 0.117354 1.756795 -0.000208 0.642363 -0.034219 0.765636
1788249755.930118084 -0.730703 0.117086 1.757819 -0.000343 0.641894 -0.034223 0.766029
1788249755.963457108 -0.723679 0.115606 1.759730 -0.000460 0.641768 -0.034293 0.766131
1788249755.996796131 -0.708876 0.115144 1.759945 -0.000050 0.641181 -0.033757 0.766647
1788249756.030135155 -0.701989 0.113486 1.759112 -0.000093 0.640548 -0.033643 0.767181
1788249756.063473940 -0.694400 0.115210 1.760321 0.000699 0.640400 -0.034002 0.767288
1788249756.096812963 -0.687336 0.115154 1.761657 0.001144 0.640269 -0.034156 0.767390
1788249756.130151987 -0.680568 0.115286 1.764870 0.001251 0.640346 -0.034538 0.767308
1788249756.163491011 -0.673468 0.115678 1.764892 0.001368 0.639850 -0.034998 0.767701
1788249756.196829796 -0.665175 0.115353 1.766650 0.001516 0.639849 -0.034899 0.767706
1788249756.230168581 -0.657216 0.114710 1.768296 0.001561 0.639953 -0.034658 0.767631
1788249756.263507366 -0.650917 0.115595 1.770598 0.001737 0.639941 -0.035109 0.767619
1788249756.296846151 -0.641973 0.115278 1.771322 0.001862 0.639732 -0.035007 0.767798
1788249756.330184698 -0.634467 0.116111 1.771904 0.002389 0.639545 -0.034969 0.767955
1788249756.363523006 -0.627350 0.115369 1.773462 0.002329 0.639407 -0.035192 0.768059
1788249756.396861553 -0.620700 0.116527 1.776361 0.002450 0.639443 -0.035885 0.767997
1788249756.430200338 -0.612859 0.114754 1.778640 0.001999 0.639221 -0.035711 0.768191
1788249756.463539124 -0.605573 0.116880 1.782066 0.002080 0.639280 -0.036272 0.768115
1788249756.496877670 -0.596622 0.116458 1.782570 0.001785 0.639101 -0.036040 0.768276
1788249756.530216217 -0.587091 0.115749 1.783257 0.001718 0.638835 -0.035664 0.768515
1788249756.563555002 -0.579004 0.117286 1.784628 0.002068 0.638642 -0.035958 0.768660
1788249756.596893549 -0.571355 0.116207 1.785723 0.002498 0.638557 -0.035641 0.768745
1788249756.630232096 -0.562581 0.114511 1.783338 0.002576 0.637952 -0.035106 0.769271
1788249756.663570881 -0.556533 0.115234 1.785886 0.002947 0.638179 -0.035455 0.769065
1788249756.696909428 -0.548521 0.114998 1.792678 0.002839 0.638515 -0.035963 0.768764
1788249756.730264664 -0.541484 0.114588 1.797097 0.002290 0.638307 -0.036329 0.768921
1788249756.763619900 -0.533060 0.116316 1.799410 0.002111 0.637691 -0.036449 0.769427
1788249756.796974421 -0.524659 0.116320 1.802337 0.001646 0.637644 -0.036514 0.769464
1788249756.830329895 -0.516162 0.117057 1.803992 0.001758 0.637410 -0.036557 0.769655
1788249756.863685369 -0.507965 0.117172 1.805972 0.001814 0.636924 -0.036470 0.770061
1788249756.897041082 -0.499854 0.117675 1.805371 0.002336 0.635875 -0.036333 0.770933
1788249756.930397034 -0.493464 0.117707 1.807999 0.002640 0.635421 -0.036316 0.771307
1788249756.963752985 -0.486179 0.118571 1.809629 0.003132 0.634399 -0.036823 0.772122
1788249756.997109175 -0.479123 0.118596 1.812011 0.003672 0.633462 -0.036730 0.772893
1788249757.030465126 -0.471971 0.118670 1.815100 0.003418 0.632518 -0.037073 0.773651
1788249757.063821793 -0.465449 0.119567 1.819378 0.003271 0.632135 -0.037241 0.773956
1788249757.097177982 -0.457543 0.118842 1.821981 0.003140 0.631242 -0.037097 0.774692
1788249757.130534410 -0.448146 0.117522 1.822614 0.003316 0.630106 -0.036215 0.775657
1788249757.163891315 -0.440366 0.118668 1.824871 0.003540 0.629181 -0.036258 0.776404
1788249757.197247744 -0.433551 0.117779 1.828892 0.003457 0.628805 -0.036629 0.776692
1788249757.230604649 -0.427212 0.118669 1.830443 0.003945 0.627920 -0.037266 0.777376
1788249757.263960600 -0.419215 0.116425 1.832248 0.003566 0.626722 -0.036827 0.778364
1788249757.297317743 -0.411786 0.120265 1.835575 0.004093 0.625954 -0.037398 0.778952
1788249757.330674887 -0.403740 0.118976 1.837561 0.003976 0.625115 -0.037006 0.779645
1788249757.364032269 -0.395167 0.118765 1.842464 0.003494 0.624402 -0.037217 0.780208
1788249757.397389650 -0.389185 0.116540 1.844832 0.002937 0.623434 -0.037071 0.780991
1788249757.430747271 -0.381320 0.117434 1.848816 0.002634 0.622705 -0.037225 0.781566
1788249757.464104891 -0.375028 0.117750 1.852308 0.002377 0.622130 -0.037526 0.782011
1788249757.497462749 -0.366758 0.117964 1.855963 0.002384 0.621174 -0.037650 0.782764
1788249757.530820370 -0.358458 0.118404 1.857789 0.002468 0.619990 -0.037422 0.783713
1788249757.564178467 -0.350864 0.115893 1.860857 0.001958 0.619124 -0.037154 0.784412
1788249757.597536564 -0.343553 0.118694 1.863002 0.002815 0.618160 -0.037479 0.785153
1788249757.630894899 -0.337638 0.117553 1.866180 0.002829 0.617361 -0.037294 0.785791
1788249757.664253235 -0.330334 0.118467 1.869553 0.002896 0.616419 -0.037373 0.786526
1788249757.697610378 -0.321427 0.117998 1.871991 0.002239 0.615258 -0.037255 0.787442
1788249757.730960846 -0.314372 0.121007 1.876950 0.002567 0.614551 -0.038028 0.787956
1788249757.764311314 -0.306067 0.120522 1.880465 0.002118 0.613458 -0.037514 0.788833
1788249757.797661781 -0.297868 0.119227 1.881958 0.001718 0.612334 -0.036846 0.789738
1788249757.831012249 -0.289671 0.119219 1.885717 0.001714 0.611792 -0.036887 0.790156
1788249757.864362955 -0.282193 0.119731 1.887840 0.002377 0.611065 -0.036533 0.790734
1788249757.897713661 -0.275918 0.121125 1.890579 0.002953 0.610016 -0.036762 0.791530
1788249757.931064367 -0.269274 0.121289 1.892787 0.003150 0.608457 -0.036525 0.792739
1788249757.964415073 -0.260809 0.120261 1.898141 0.002798 0.607209 -0.036340 0.793706
1788249757.997766018 -0.252974 0.120482 1.900903 0.002653 0.605177 -0.036450 0.795252
1788249758.031116962 -0.245643 0.121071 1.907040 0.002291 0.603657 -0.036659 0.796398
1788249758.064467669 -0.236361 0.118969 1.908752 0.001856 0.601302 -0.035970 0.798210
1788249758.097818851 -0.231237 0.121363 1.913816 0.002484 0.599605 -0.036124 0.799476
1788249758.131168604 -0.222869 0.119864 1.916843 0.002532 0.597139 -0.035286 0.801357
1788249758.164519548 -0.217273 0.120836 1.920534 0.002944 0.594552 -0.035014 0.803289
1788249758.197870731 -0.209451 0.120778 1.925387 0.002867 0.592064 -0.034859 0.805131
1788249758.231222153 -0.204342 0.119932 1.931365 0.002454 0.589633 -0.035455 0.806889
1788249758.264573097 -0.197730 0.120784 1.936441 0.002279 0.586623 -0.035215 0.809091
1788249758.297924519 -0.191261 0.121146 1.942662 0.002098 0.583800 -0.035030 0.811139
1788249758.331275702 -0.185218 0.120193 1.948087 0.002004 0.580923 -0.034890 0.813208
1788249758.364627123 -0.180321 0.121110 1.953181 0.002216 0.577953 -0.034435 0.815340
1788249758.397978783 -0.173987 0.121464 1.957842 0.002317 0.574759 -0.034356 0.817598
1788249758.431329966 -0.166648 0.121800 1.964748 0.002398 0.571509 -0.034415 0.819870
1788249758.464681625 -0.159575 0.122361 1.971334 0.001779 0.567865 -0.034272 0.822406
1788249758.498033047 -0.153896 0.122750 1.977841 0.001444 0.564654 -0.033745 0.824636
1788249758.531384706 -0.147891 0.124807 1.985876 0.001438 0.561479 -0.034037 0.826789
1788249758.564735413 -0.140131 0.125845 1.991821 0.001434 0.557783 -0.033564 0.829307
1788249758.598087072 -0.137554 0.123642 1.999674 0.000787 0.554889 -0.033125 0.831264
1788249758.631438971 -0.130944 0.124018 2.004272 0.000672 0.550563 -0.033282 0.834130
1788249758.664790630 -0.128536 0.123895 2.012273 0.000280 0.547116 -0.033386 0.836391
1788249758.698142290 -0.119877 0.125187 2.019377 0.000461 0.543332 -0.033248 0.838859
1788249758.731488228 -0.114185 0.123912 2.024545 0.000517 0.539050 -0.032735 0.841637
1788249758.764834166 -0.109399 0.122019 2.027107 0.000326 0.535020 -0.031771 0.844242
1788249758.798179626 -0.100706 0.124134 2.036020 0.000535 0.531476 -0.031567 0.846484
1788249758.831525564 -0.098020 0.123462 2.041392 0.000242 0.527332 -0.031651 0.849070
1788249758.864871502 -0.090237 0.124570 2.049521 0.000140 0.522905 -0.031061 0.851825
1788249758.898216963 -0.085696 0.124885 2.057140 -0.000116 0.518809 -0.030839 0.854334
1788249758.931563139 -0.079867 0.124505 2.064725 -0.000184 0.513697 -0.030209 0.857440
1788249758.964908838 -0.078246 0.125343 2.072063 -0.000040 0.508928 -0.029659 0.860298
1788249758.998254776 -0.073928 0.126215 2.079783 0.000049 0.503875 -0.029187 0.863283
1788249759.031599760 -0.069582 0.126656 2.089211 -0.000251 0.498452 -0.029214 0.866425
1788249759.064945459 -0.066834 0.127745 2.098686 -0.000535 0.493173 -0.029289 0.869438
1788249759.098291397 -0.061462 0.127844 2.107438 -0.000897 0.487192 -0.028246 0.872837
1788249759.131637335 -0.060183 0.126705 2.115082 -0.001200 0.481501 -0.027747 0.876006
1788249759.164983034 -0.058031 0.127797 2.124912 -0.001401 0.476247 -0.028121 0.878861
1788249759.198329449 -0.050104 0.126765 2.133819 -0.001255 0.469943 -0.026817 0.882289
1788249759.231675386 -0.048953 0.127799 2.142569 -0.001076 0.464190 -0.026863 0.885328
1788249759.265021324 -0.047993 0.128513 2.150660 -0.000389 0.458762 -0.027064 0.888147
1788249759.298367262 -0.044509 0.128448 2.158976 -0.000107 0.453681 -0.026806 0.890761
1788249759.331713438 -0.041065 0.129854 2.168016 0.000133 0.448746 -0.026648 0.893262
1788249759.365059376 -0.033279 0.130124 2.177619 -0.000163 0.443140 -0.026233 0.896068
1788249759.398405790 -0.027297 0.129781 2.190526 -0.000776 0.437899 -0.025967 0.898649
1788249759.431751728 -0.022995 0.131288 2.197981 -0.000303 0.432463 -0.025249 0.901298
1788249759.465096712 -0.019602 0.132821 2.207841 -0.000454 0.427113 -0.025280 0.903845
1788249759.498442888 -0.016412 0.132699 2.217409 -0.000668 0.421876 -0.024561 0.906321
1788249759.531789064 -0.012308 0.133006 2.226663 -0.000705 0.416487 -0.024360 0.908815
1788249759.565135479 -0.010745 0.133100 2.236439 -0.000959 0.411434 -0.024136 0.911120
1788249759.598481417 -0.006648 0.134933 2.244933 -0.000738 0.405970 -0.024207 0.913566
1788249759.631827831 -0.003531 0.133589 2.254139 -0.000919 0.400874 -0.023293 0.915837
1788249759.665173769 -0.002629 0.135667 2.263126 -0.000536 0.395973 -0.023605 0.917959
1788249759.698520422 -0.001153 0.135112 2.270852 -0.000506 0.390567 -0.023418 0.920277
1788249759.731857538 0.002434 0.136932 2.281584 -0.000896 0.384807 -0.023787 0.922690
1788249759.765194654 0.003264 0.136502 2.292124 -0.001075 0.379534 -0.023156 0.924887
1788249759.798532009 0.006086 0.136484 2.301662 -0.001236 0.373997 -0.023015 0.927143
1788249759.831869125 0.008571 0.136201 2.310154 -0.001190 0.368348 -0.022284 0.929420
1788249759.865205765 0.011450 0.138153 2.321412 -0.000861 0.362626 -0.022402 0.931665
1788249759.898542881 0.014646 0.139170 2.331399 -0.000790 0.356862 -0.021838 0.933902
1788249759.931879044 0.013248 0.138575 2.339170 -0.000716 0.351270 -0.021451 0.936028
1788249759.965215921 0.017801 0.140217 2.349886 -0.000405 0.345275 -0.020952 0.938267
1788249759.998553038 0.018731 0.138919 2.359849 -0.000497 0.339700 -0.019807 0.940325
1788249760.031889677 0.021902 0.142205 2.371044 0.000087 0.333899 -0.020356 0.942389
1788249760.065226555 0.025577 0.140319 2.377533 -0.000214 0.327550 -0.019053 0.944642
1788249760.098563433 0.025028 0.141448 2.389568 0.000017 0.322118 -0.018661 0.946516
1788249760.131900311 0.026563 0.142790 2.402763 -0.000129 0.316540 -0.018469 0.948399
1788249760.165236950 0.025684 0.143915 2.410456 0.000091 0.311093 -0.018080 0.950208
1788249760.198573589 0.026443 0.142615 2.417212 0.000092 0.304869 -0.017529 0.952233
1788249760.231910229 0.026471 0.144241 2.428798 0.000268 0.299352 -0.017377 0.953984
1788249760.265246868 0.028182 0.145142 2.437462 0.000191 0.293006 -0.016857 0.955962
1788249760.298583508 0.027390 0.146190 2.447246 0.000461 0.287511 -0.016377 0.957637
1788249760.331919909 0.026267 0.146036 2.457054 0.000069 0.281968 -0.016374 0.959284
1788249760.365255594 0.026743 0.146606 2.466781 0.000142 0.276015 -0.016402 0.961013
1788249760.398591757 0.025754 0.145553 2.477885 -0.000380 0.270357 -0.015879 0.962629
1788249760.431928396 0.024475 0.145237 2.486873 -0.000666 0.265009 -0.015212 0.964126
1788249760.465264559 0.025277 0.144571 2.495663 -0.000838 0.259384 -0.014642 0.965663
1788249760.498600721 0.024087 0.143960 2.503305 -0.000698 0.253822 -0.013869 0.967151
1788249760.531937122 0.023174 0.144806 2.514452 -0.000355 0.248705 -0.014099 0.968477
1788249760.565273523 0.020880 0.142937 2.522225 -0.000772 0.243124 -0.013633 0.969899
1788249760.598609686 0.020851 0.145840 2.532807 -0.000839 0.237322 -0.013635 0.971335
1788249760.631945848 0.018679 0.148059 2.546363 -0.000873 0.232416 -0.013485 0.972522
1788249760.665282249 0.018521 0.145354 2.552058 -0.001239 0.226415 -0.012769 0.973946
1788249760.698618174 0.016196 0.146503 2.563221 -0.000959 0.221040 -0.012860 0.975180
1788249760.731955290 0.012723 0.147260 2.570225 -0.000626 0.215383 -0.012522 0.976449
1788249760.765292168 0.012073 0.147355 2.579734 -0.000896 0.209495 -0.012397 0.977731
1788249760.798627615 0.009297 0.148331 2.588552 -0.000693 0.204025 -0.012363 0.978887
1788249760.831964731 0.006744 0.147548 2.598918 -0.000994 0.198158 -0.011662 0.980100
1788249760.865301371 0.003413 0.149598 2.605364 -0.000861 0.192104 -0.011871 0.981302
1788249760.898638010 -0.000734 0.150034 2.613221 -0.001135 0.186072 -0.011778 0.982465
1788249760.931974649 -0.002681 0.150199 2.625242 -0.001880 0.179874 -0.011244 0.983624
1788249760.965311289 -0.006835 0.150164 2.633362 -0.002153 0.173948 -0.010660 0.984695
1788249760.998648167 -0.010317 0.151008 2.642604 -0.002285 0.167847 -0.010767 0.985752
1788249761.031984806 -0.013161 0.149736 2.650982 -0.002562 0.161766 -0.010352 0.986772
1788249761.065320969 -0.015607 0.151223 2.662429 -0.002213 0.155890 -0.010239 0.987719
1788249761.098657608 -0.022677 0.149966 2.666497 -0.002364 0.150255 -0.009714 0.988597
1788249761.131994009 -0.022586 0.150682 2.677995 -0.002311 0.143602 -0.009430 0.989588
1788249761.165330648 -0.028002 0.153813 2.685159 -0.001931 0.137780 -0.009218 0.990418
1788249761.198666811 -0.031552 0.151892 2.692946 -0.001654 0.132103 -0.008886 0.991195
1788249761.232002497 -0.034551 0.154801 2.698469 -0.000919 0.126254 -0.008676 0.991960
1788249761.265338421 -0.036827 0.152722 2.708812 -0.001072 0.120178 -0.007960 0.992720
1788249761.298674822 -0.040756 0.152925 2.715836 -0.000917 0.114323 -0.007897 0.993412
1788249761.332010746 -0.042510 0.153667 2.727604 -0.001146 0.108619 -0.007889 0.994052
1788249761.365346909 -0.042416 0.156683 2.740239 -0.001496 0.102316 -0.007210 0.994725
1788249761.398683310 -0.048230 0.155283 2.745667 -0.001898 0.097367 -0.007135 0.995221
1788249761.432018995 -0.049430 0.156139 2.754813 -0.001784 0.091967 -0.006866 0.995737
1788249761.465355396 -0.053492 0.156913 2.761335 -0.001812 0.087058 -0.006675 0.996179
1788249761.498691082 -0.055087 0.155550 2.769183 -0.001939 0.081885 -0.006205 0.996621
1788249761.532027245 -0.059520 0.155538 2.777691 -0.002130 0.076548 -0.005928 0.997046
1788249761.565363169 -0.063045 0.157415 2.785385 -0.002373 0.071357 -0.005815 0.997431
1788249761.598699093 -0.065930 0.155775 2.796045 -0.002821 0.066293 -0.005568 0.997781
1788249761.632034779 -0.069379 0.156212 2.802534 -0.002854 0.061258 -0.005446 0.998103
1788249761.665370703 -0.074335 0.158262 2.807962 -0.002506 0.057017 -0.005283 0.998356
1788249761.698705435 -0.074794 0.156277 2.815064 -0.002258 0.052866 -0.004567 0.998589
1788249761.732045412 -0.075058 0.157015 2.822796 -0.001767 0.048533 -0.003832 0.998813
1788249761.765385389 -0.078336 0.158145 2.827631 -0.001361 0.045373 -0.004030 0.998961
1788249761.798725605 -0.078986 0.156284 2.835024 -0.001604 0.043000 -0.003445 0.999068
1788249761.832065344 -0.081461 0.157879 2.840792 -0.001209 0.041258 -0.003675 0.999141
1788249761.865405321 -0.085073 0.159129 2.846698 -0.001094 0.038877 -0.003796 0.999236
1788249761.898745298 -0.085845 0.157338 2.851870 -0.001505 0.036299 -0.003612 0.999333
1788249761.932085276 -0.084974 0.157356 2.861744 -0.001314 0.034035 -0.003457 0.999414
1788249761.965425253 -0.086673 0.157272 2.867062 -0.000903 0.032686 -0.003267 0.999460
1788249761.998765230 -0.088427 0.157261 2.871494 -0.000951 0.031057 -0.002910 0.999513
1788249762.032104969 -0.089394 0.158349 2.878663 -0.000813 0.029421 -0.002655 0.999563
1788249762.065445185 -0.087772 0.159516 2.886401 -0.000642 0.028183 -0.002649 0.999599
1788249762.098785400 -0.091139 0.158772 2.891745 -0.000551 0.027186 -0.002866 0.999626
1788249762.132123947 -0.091664 0.159178 2.899410 -0.000393 0.025628 -0.002954 0.999667
1788249762.165463924 -0.092124 0.159923 2.906738 -0.000266 0.024398 -0.002849 0.999698
1788249762.198804140 -0.095245 0.160226 2.911812 -0.000127 0.023523 -0.002763 0.999720
1788249762.232144356 -0.093495 0.160115 2.919055 0.000059 0.021953 -0.002480 0.999756
1788249762.265483856 -0.095847 0.160212 2.925342 0.000224 0.020704 -0.002246 0.999783
1788249762.298824072 -0.094668 0.160345 2.933225 0.000177 0.019318 -0.002152 0.999811
1788249762.332164049 -0.096594 0.161386 2.939792 0.000197 0.018236 -0.002466 0.999831
1788249762.365504026 -0.099024 0.161175 2.947862 0.000308 0.017005 -0.002747 0.999852
1788249762.398843765 -0.102850 0.162377 2.952630 0.000466 0.015980 -0.002893 0.999868
1788249762.432183981 -0.105732 0.160431 2.962121 0.000267 0.014871 -0.002902 0.999885
1788249762.465523720 -0.104550 0.162363 2.968970 0.000433 0.013406 -0.002797 0.999906
1788249762.498863935 -0.106482 0.161501 2.974660 0.000583 0.012290 -0.002539 0.999921
1788249762.532203674 -0.110326 0.163531 2.983106 0.000986 0.011112 -0.002388 0.999935
1788249762.565543890 -0.107354 0.162312 2.989117 0.000664 0.009454 -0.001987 0.999953
1788249762.598882675 -0.108919 0.163509 2.996440 0.000697 0.008497 -0.001807 0.999962
1788249762.632222891 -0.113102 0.162410 3.003662 0.000682 0.007546 -0.001733 0.999970
1788249762.665562630 -0.115401 0.162240 3.009313 0.000932 0.006265 -0.001795 0.999978
1788249762.698902607 -0.114445 0.164455 3.018007 0.001219 0.004701 -0.001629 0.999987
1788249762.732246161 -0.117417 0.165001 3.024485 0.001335 0.003565 -0.001619 0.999991
1788249762.765589476 -0.115123 0.163928 3.031275 0.001472 0.002294 -0.001710 0.999995
1788249762.798932791 -0.118300 0.164107 3.037646 0.001756 0.001775 -0.001572 0.999996
1788249762.832276344 -0.118598 0.166740 3.044324 0.002202 0.000790 -0.001220 0.999997
1788249762.865619898 -0.120667 0.166585 3.050186 0.002476 0.000265 -0.001001 0.999996
1788249762.898963213 -0.117102 0.167291 3.060434 0.002693 -0.000726 -0.000746 0.999996
1788249762.932306528 -0.116843 0.167118 3.065990 0.002791 -0.001437 -0.000705 0.999995
1788249762.965650082 -0.120680 0.164536 3.071356 0.002650 -0.001804 -0.000685 0.999995
1788249762.998993635 -0.119967 0.165618 3.080600 0.002556 -0.002329 -0.000280 0.999994
1788249763.032335758 -0.118552 0.165258 3.085021 0.002362 -0.002643 -0.000041 0.999994
1788249763.065679312 -0.119335 0.166298 3.095530 0.002708 -0.003201 -0.000039 0.999991
1788249763.099022627 -0.117833 0.166904 3.104040 0.002944 -0.003808 -0.000082 0.999988
1788249763.132366419 -0.119563 0.166406 3.110489 0.002658 -0.003862 0.000136 0.999989
1788249763.165709734 -0.121688 0.167151 3.119136 0.002604 -0.003842 0.000084 0.999989
1788249763.199053049 -0.123136 0.165564 3.127104 0.002588 -0.004017 -0.000142 0.999989
1788249763.232396603 -0.123435 0.168861 3.135412 0.003122 -0.004202 -0.000251 0.999986
1788249763.265740156 -0.124222 0.169241 3.141269 0.002863 -0.004097 -0.000158 0.999987
1788249763.299083471 -0.123561 0.171259 3.152173 0.002801 -0.004502 -0.000085 0.999986
1788249763.332426786 -0.121469 0.165276 3.159650 0.002044 -0.004953 0.000062 0.999986
1788249763.365770340 -0.123092 0.168538 3.166705 0.002538 -0.004993 -0.000081 0.999984
1788249763.399113894 -0.121725 0.169965 3.174464 0.002910 -0.005378 -0.000487 0.999981
1788249763.432457209 -0.125121 0.169528 3.181210 0.002927 -0.005314 -0.000587 0.999981
1788249763.465799809 -0.126419 0.168899 3.188894 0.003072 -0.005332 -0.001069 0.999981
1788249763.499143362 -0.125831 0.168843 3.195651 0.003412 -0.005555 -0.001038 0.999978
1788249763.532486677 -0.125627 0.169868 3.205545 0.003621 -0.005742 -0.001065 0.999976
1788249763.565830231 -0.125159 0.168399 3.213372 0.002997 -0.006005 -0.000658 0.999977
1788249763.599173784 -0.124945 0.171749 3.222346 0.003038 -0.006265 -0.000358 0.999976
1788249763.632517338 -0.125313 0.169575 3.228903 0.002714 -0.006289 -0.000281 0.999977
1788249763.665860653 -0.124271 0.174185 3.238744 0.003318 -0.006617 -0.000026 0.999973
1788249763.699203968 -0.123611 0.172371 3.245789 0.003343 -0.006833 -0.000182 0.999971
1788249763.732551813 -0.125141 0.173114 3.253494 0.003717 -0.006828 -0.000546 0.999970
1788249763.765899658 -0.126687 0.173880 3.259894 0.004026 -0.006928 -0.000753 0.999968
1788249763.799247503 -0.130899 0.172018 3.266458 0.003845 -0.006796 -0.000645 0.999969
1788249763.832595110 -0.126100 0.176174 3.277761 0.004315 -0.007363 -0.000656 0.999963
1788249763.865942955 -0.128530 0.180260 3.283457 0.004383 -0.006956 -0.000325 0.999966
1788249763.899291039 -0.123739 0.174847 3.293309 0.003057 -0.007699 0.000100 0.999966
1788249763.932637691 -0.123165 0.171907 3.303103 0.002324 -0.007902 0.000486 0.999966
1788249763.965985537 -0.121762 0.172901 3.309319 0.002611 -0.008032 0.000353 0.999964
1788249763.999333382 -0.123649 0.175691 3.317419 0.003215 -0.008008 0.000024 0.999963
1788249764.032681465 -0.125605 0.177104 3.324045 0.003459 -0.008124 -0.000053 0.999961
1788249764.066029787 -0.126694 0.177112 3.332475 0.003776 -0.008400 -0.000574 0.999957
1788249764.099377632 -0.128922 0.175291 3.339555 0.003837 -0.008463 -0.000858 0.999956
1788249764.132725716 -0.126452 0.175902 3.348284 0.003927 -0.008767 -0.000679 0.999954
1788249764.166074038 -0.125936 0.178120 3.356722 0.003964 -0.008865 -0.000407 0.999953
1788249764.199422121 -0.124285 0.179157 3.366325 0.003528 -0.009284 0.000000 0.999951
1788249764.232770205 -0.127456 0.177751 3.373111 0.003248 -0.009048 0.000082 0.999954
1788249764.266118288 -0.126484 0.179423 3.380915 0.003697 -0.009228 0.000081 0.999951
1788249764.299466372 -0.125587 0.176922 3.387666 0.003628 -0.009510 -0.000051 0.999948
1788249764.332814693 -0.128906 0.178972 3.393497 0.004106 -0.009379 -0.000161 0.999948
1788249764.366162062 -0.128868 0.177408 3.400693 0.004061 -0.009642 -0.000497 0.999945
1788249764.399510384 -0.126562 0.180526 3.409863 0.004495 -0.010083 -0.000483 0.999939
1788249764.432858467 -0.128046 0.178680 3.418937 0.004197 -0.009964 -0.000296 0.999942
1788249764.466206789 -0.127249 0.179525 3.426409 0.004033 -0.009974 -0.000262 0.999942
1788249764.499555111 -0.126337 0.182405 3.435010 0.003522 -0.010229 0.000242 0.999941
1788249764.532903910 -0.128961 0.179396 3.445024 0.002733 -0.010178 0.000405 0.999944
1788249764.566252470 -0.127459 0.181081 3.452360 0.003117 -0.010290 0.000248 0.999942
1788249764.599600792 -0.129074 0.183164 3.460246 0.003294 -0.010191 -0.000065 0.999943
1788249764.632949352 -0.132399 0.183340 3.467965 0.003250 -0.010181 -0.000344 0.999943
1788249764.666297674 -0.132370 0.180568 3.475075 0.003092 -0.010619 -0.000850 0.999938
1788249764.699646235 -0.133727 0.185269 3.484122 0.003638 -0.010763 -0.001022 0.999935
1788249764.732989788 -0.132523 0.184083 3.491690 0.003275 -0.011044 -0.000970 0.999933
1788249764.766334057 -0.132054 0.186004 3.501517 0.003418 -0.011491 -0.000858 0.999928
1788249764.799677372 -0.128728 0.184429 3.510854 0.002819 -0.012228 -0.000611 0.999921
1788249764.833021879 -0.131969 0.184961 3.519410 0.002635 -0.012198 -0.000551 0.999922
1788249764.866366148 -0.132203 0.187215 3.527011 0.003140 -0.012873 -0.000628 0.999912
1788249764.899710417 -0.130481 0.186555 3.535205 0.003211 -0.013952 -0.000658 0.999897
1788249764.933054686 -0.134337 0.184887 3.543906 0.002857 -0.014823 -0.000513 0.999886
1788249764.966399193 -0.137355 0.188061 3.551533 0.003261 -0.015831 -0.000653 0.999869
1788249764.999743462 -0.138725 0.190473 3.562515 0.003224 -0.018365 -0.000160 0.999826
1788249765.033087492 -0.138956 0.189355 3.571490 0.002650 -0.021246 0.000313 0.999771
1788249765.066431761 -0.142036 0.187593 3.579393 0.002629 -0.023446 0.000527 0.999722
1788249765.099776030 -0.144621 0.190213 3.588382 0.003180 -0.026068 0.000934 0.999655
1788249765.133120298 -0.147135 0.188979 3.594280 0.002710 -0.028566 0.001250 0.999587
1788249765.166464806 -0.145558 0.187803 3.604124 0.001978 -0.031465 0.001669 0.999502
1788249765.199809074 -0.152577 0.189509 3.611248 0.002230 -0.033435 0.001434 0.999437
1788249765.233153343 -0.158398 0.192142 3.619386 0.002487 -0.035836 0.001515 0.999353
1788249765.266496897 -0.158330 0.191904 3.631463 0.002165 -0.038866 0.001812 0.999240
1788249765.299841166 -0.160914 0.192094 3.638456 0.002189 -0.041341 0.001875 0.999141
1788249765.333185673 -0.160664 0.187206 3.642050 0.001491 -0.043963 0.001967 0.999030
1788249765.366529942 -0.166302 0.195140 3.656414 0.001841 -0.046577 0.002741 0.998909
1788249765.399874449 -0.170938 0.193738 3.663032 0.001187 -0.048919 0.002826 0.998798
1788249765.433218718 -0.172901 0.191652 3.670494 0.001024 -0.051669 0.003064 0.998659
1788249765.466563225 -0.174898 0.199658 3.682923 0.002117 -0.054307 0.003336 0.998516
1788249765.499907494 -0.177286 0.192091 3.687355 0.001183 -0.056733 0.003878 0.998381
1788249765.533251762 -0.180618 0.195575 3.694482 0.002277 -0.059218 0.004095 0.998234
1788249765.566596031 -0.182045 0.193403 3.701311 0.002043 -0.061815 0.004775 0.998074
1788249765.599940538 -0.183304 0.194447 3.713823 0.001831 -0.064519 0.005519 0.997900
1788249765.633285046 -0.187521 0.191038 3.718980 0.001568 -0.066632 0.005276 0.997763
1788249765.666629314 -0.190592 0.193531 3.730804 0.001978 -0.069510 0.005662 0.997563
1788249765.699972630 -0.192693 0.197954 3.740594 0.002399 -0.072029 0.005831 0.997383
1788249765.733313084 -0.194748 0.195790 3.749346 0.002168 -0.074630 0.006043 0.997191
1788249765.766648293 -0.200192 0.198588 3.755321 0.002514 -0.077025 0.006338 0.997006
1788249765.799983025 -0.203350 0.197140 3.765422 0.001770 -0.079749 0.006864 0.996790
1788249765.833317995 -0.209370 0.200789 3.772215 0.002397 -0.081584 0.006546 0.996642
1788249765.866652727 -0.211949 0.198401 3.779768 0.002118 -0.084237 0.006803 0.996420
1788249765.899987221 -0.214426 0.201750 3.791341 0.002414 -0.087192 0.007224 0.996162
1788249765.933322191 -0.215908 0.199763 3.802179 0.001849 -0.090093 0.007761 0.995901
1788249765.966656685 -0.221062 0.199129 3.807474 0.001967 -0.092222 0.007711 0.995707
1788249765.999991417 -0.223309 0.203022 3.816006 0.001944 -0.094769 0.008361 0.995462
1788249766.033325672 -0.230746 0.204416 3.822526 0.002187 -0.096478 0.007898 0.995301
1788249766.066660166 -0.231306 0.201085 3.832718 0.001832 -0.099703 0.007558 0.994987
1788249766.099994421 -0.236205 0.201441 3.840374 0.001780 -0.102407 0.007661 0.994712
1788249766.133327961 -0.240715 0.205081 3.845266 0.001887 -0.104546 0.008048 0.994486
1788249766.166662216 -0.243500 0.206957 3.855564 0.002121 -0.107403 0.008425 0.994178
1788249766.199996471 -0.249623 0.205130 3.862401 0.001789 -0.110010 0.008952 0.993889
1788249766.233330727 -0.252204 0.206693 3.872473 0.001756 -0.112735 0.009366 0.993579
1788249766.266664505 -0.256533 0.206491 3.878749 0.001904 -0.114872 0.009155 0.993336
1788249766.299998522 -0.258791 0.206718 3.888226 0.002022 -0.118050 0.009454 0.992961
1788249766.333332539 -0.263895 0.206130 3.894053 0.001932 -0.120350 0.009717 0.992682
1788249766.366666555 -0.267490 0.205412 3.902089 0.001635 -0.122843 0.010316 0.992371
1788249766.400000572 -0.269147 0.205544 3.910018 0.001592 -0.125652 0.010596 0.992017
1788249766.433334351 -0.274348 0.206121 3.918750 0.001671 -0.128127 0.010799 0.991698
1788249766.466668129 -0.278350 0.205562 3.926887 0.001583 -0.130138 0.010800 0.991436
1788249766.500001907 -0.282529 0.205421 3.934843 0.001642 -0.132675 0.010799 0.991099
1788249766.533335686 -0.288724 0.207964 3.939860 0.001897 -0.135308 0.010877 0.990742
1788249766.566669226 -0.292984 0.209549 3.949525 0.001860 -0.138029 0.011097 0.990364
1788249766.600001574 -0.295401 0.208402 3.959186 0.001438 -0.140993 0.011405 0.989944
1788249766.633335114 -0.300754 0.208090 3.965084 0.001057 -0.143881 0.012003 0.989522
1788249766.666668653 -0.306163 0.210302 3.973841 0.000995 -0.146615 0.012169 0.989118
1788249766.700001955 -0.314124 0.209160 3.980582 0.000792 -0.148874 0.011893 0.988784
1788249766.733336210 -0.319002 0.210413 3.988919 0.000758 -0.152057 0.011949 0.988299
1788249766.766670942 -0.322479 0.212294 3.996390 0.000619 -0.155400 0.012246 0.987776
1788249766.800006151 -0.330284 0.211355 4.003785 0.000391 -0.158197 0.012619 0.987327
1788249766.833341360 -0.334719 0.212680 4.013558 0.000536 -0.161766 0.012474 0.986750
1788249766.866676092 -0.340855 0.216168 4.018991 0.000762 -0.164531 0.012509 0.986292
1788249766.900011063 -0.346600 0.214119 4.029253 0.000454 -0.167876 0.011992 0.985735
1788249766.933346272 -0.354183 0.214854 4.035982 0.000452 -0.171388 0.011688 0.985134
1788249766.966680765 -0.360346 0.215442 4.043019 0.000222 -0.174778 0.012089 0.984534
1788249767.000015497 -0.365510 0.214051 4.051742 0.000146 -0.178125 0.012592 0.983927
1788249767.033349276 -0.372274 0.216320 4.057182 0.000364 -0.181461 0.013349 0.983307
1788249767.066683769 -0.376856 0.217046 4.064699 0.000282 -0.184911 0.013960 0.982656
1788249767.100018501 -0.381504 0.214518 4.070663 0.000357 -0.188138 0.013567 0.982049
1788249767.133352757 -0.386692 0.215581 4.078319 0.000382 -0.191778 0.013897 0.981340
1788249767.166687250 -0.393846 0.216251 4.087340 0.000362 -0.195173 0.014370 0.980664
1788249767.200021982 -0.400019 0.214527 4.093567 0.000455 -0.198167 0.014672 0.980058
1788249767.233356237 -0.403331 0.214820 4.098402 0.000807 -0.201753 0.014975 0.979322
1788249767.266690493 -0.409417 0.216360 4.106049 0.001070 -0.204967 0.015659 0.978643
1788249767.300024509 -0.415398 0.218594 4.115741 0.001547 -0.208165 0.015826 0.977965
1788249767.333358765 -0.421831 0.216720 4.119732 0.001254 -0.211582 0.015709 0.977233
1788249767.366693020 -0.427635 0.214713 4.126767 0.001018 -0.214961 0.015861 0.976493
1788249767.400027037 -0.434957 0.216690 4.132045 0.001539 -0.217865 0.016003 0.975846
1788249767.433361053 -0.440565 0.218880 4.137764 0.002195 -0.221436 0.016063 0.975040
1788249767.466694117 -0.448749 0.216574 4.143700 0.002015 -0.224444 0.016505 0.974345
1788249767.500027657 -0.452665 0.217884 4.150010 0.002627 -0.227623 0.016434 0.973607
1788249767.533361673 -0.460682 0.218719 4.154181 0.002526 -0.230963 0.016644 0.972817
1788249767.566695452 -0.467196 0.218232 4.161531 0.002085 -0.234543 0.016408 0.971965
1788249767.600028992 -0.475347 0.218990 4.169339 0.002165 -0.237850 0.016186 0.971165
1788249767.633362770 -0.484205 0.220173 4.175528 0.002112 -0.241098 0.016527 0.970358
1788249767.666696310 -0.488420 0.218809 4.181860 0.001634 -0.244595 0.016943 0.969476
1788249767.700029850 -0.496141 0.219874 4.187110 0.001943 -0.247443 0.016775 0.968755
1788249767.733370066 -0.505809 0.220046 4.192298 0.001952 -0.250699 0.016701 0.967919
1788249767.766718864 -0.511268 0.221415 4.198218 0.002028 -0.254216 0.016900 0.966998
1788249767.800067425 -0.519509 0.221927 4.205997 0.002278 -0.257690 0.016930 0.966077
1788249767.833416462 -0.526504 0.222442 4.212065 0.002117 -0.261410 0.017365 0.965069
1788249767.866765499 -0.532030 0.222284 4.218437 0.001902 -0.264785 0.017855 0.964140
1788249767.900114536 -0.539757 0.220825 4.222563 0.001902 -0.267585 0.017863 0.963367
1788249767.933462620 -0.547097 0.223127 4.229949 0.002311 -0.271368 0.018167 0.962302
1788249767.966811657 -0.552704 0.221137 4.233260 0.001943 -0.274768 0.017877 0.961342
1788249768.000160933 -0.559733 0.223025 4.239501 0.002231 -0.278286 0.017723 0.960332
1788249768.033509970 -0.568663 0.222963 4.245365 0.002085 -0.281868 0.018340 0.959276
1788249768.066859007 -0.574237 0.224512 4.249374 0.001742 -0.285098 0.018696 0.958314
1788249768.100208521 -0.581904 0.225349 4.256800 0.001429 -0.288407 0.018912 0.957320
1788249768.133557796 -0.590142 0.222884 4.262863 0.001052 -0.291756 0.019235 0.956299
1788249768.166907310 -0.596741 0.224286 4.267158 0.001044 -0.295195 0.019038 0.955247
1788249768.200256824 -0.602725 0.223214 4.271889 0.000766 -0.298344 0.019261 0.954264
1788249768.233606339 -0.609886 0.224354 4.277019 0.000971 -0.301757 0.019326 0.953189
1788249768.266955853 -0.618652 0.223445 4.282551 0.000422 -0.304749 0.019705 0.952229
1788249768.300305605 -0.625636 0.224483 4.287776 0.000466 -0.307970 0.019641 0.951193
1788249768.333655357 -0.632347 0.224343 4.292244 0.000561 -0.311491 0.019756 0.950044
1788249768.367003918 -0.638775 0.225271 4.299000 0.000896 -0.315034 0.019960 0.948870
1788249768.400353670 -0.646594 0.224987 4.302948 0.001190 -0.318409 0.020341 0.947735
1788249768.433703423 -0.651604 0.224544 4.306953 0.001407 -0.322004 0.020861 0.946507
1788249768.467053413 -0.658923 0.226209 4.312019 0.001713 -0.325174 0.021659 0.945405
1788249768.500403404 -0.666992 0.227016 4.316442 0.002088 -0.328256 0.021746 0.944336
1788249768.533753157 -0.673667 0.226272 4.320343 0.002139 -0.331704 0.021696 0.943132
1788249768.567103386 -0.680872 0.226933 4.325018 0.001915 -0.335330 0.021673 0.941849
1788249768.600453138 -0.689947 0.227055 4.327904 0.001691 -0.338407 0.021697 0.940748
1788249768.633803368 -0.697266 0.226993 4.334018 0.001616 -0.341881 0.021996 0.939484
1788249768.667153835 -0.703988 0.227582 4.336898 0.001418 -0.345205 0.022262 0.938262
1788249768.700503588 -0.712472 0.228163 4.340716 0.001459 -0.348305 0.022385 0.937113
1788249768.733851910 -0.719845 0.224915 4.342854 0.001301 -0.351548 0.022296 0.935903
1788249768.767197132 -0.729366 0.230649 4.348999 0.002223 -0.354826 0.022050 0.934670
1788249768.800541401 -0.736019 0.228733 4.352728 0.001650 -0.357756 0.022399 0.933545
1788249768.833886623 -0.742687 0.227872 4.356605 0.001486 -0.360850 0.022999 0.932339
1788249768.867231846 -0.751505 0.228882 4.361291 0.001538 -0.364042 0.023131 0.931094
1788249768.900577068 -0.758193 0.228256 4.366748 0.001360 -0.367327 0.023026 0.929806
1788249768.933922052 -0.766500 0.229149 4.369979 0.001622 -0.370297 0.022884 0.928630
1788249768.967267752 -0.774874 0.230325 4.374330 0.001401 -0.373798 0.022602 0.927234
1788249769.000612974 -0.784648 0.230050 4.377653 0.001119 -0.376680 0.022331 0.926074
1788249769.033957958 -0.793151 0.230519 4.380836 0.000807 -0.379701 0.022280 0.924841
1788249769.067303181 -0.802316 0.231758 4.385353 0.000223 -0.383068 0.022619 0.923443
1788249769.100648880 -0.811501 0.233169 4.389001 0.000378 -0.385863 0.022669 0.922277
1788249769.133994102 -0.818767 0.231003 4.393754 0.000308 -0.388978 0.022791 0.920965
1788249769.167339325 -0.825294 0.232591 4.398848 0.000395 -0.392491 0.023195 0.919463
1788249769.200684547 -0.832731 0.232287 4.401108 0.000291 -0.395400 0.023358 0.918212
1788249769.234028816 -0.839918 0.233008 4.404210 0.000455 -0.398395 0.023881 0.916903
1788249769.267374516 -0.848880 0.234652 4.408269 0.000554 -0.401523 0.023966 0.915535
1788249769.300719500 -0.857428 0.234452 4.412823 0.000490 -0.404526 0.023921 0.914213
1788249769.334064960 -0.866020 0.234730 4.415365 0.000729 -0.407478 0.023792 0.912905
1788249769.367410660 -0.876237 0.234155 4.417340 0.000353 -0.410499 0.023495 0.911559
1788249769.400755882 -0.881728 0.232381 4.419806 -0.000330 -0.413721 0.023561 0.910099
1788249769.434101105 -0.892415 0.235662 4.424489 0.000011 -0.416567 0.023505 0.908801
1788249769.467446566 -0.902876 0.235071 4.426146 -0.000384 -0.419519 0.023441 0.907444
1788249769.500792027 -0.910852 0.235084 4.429141 -0.000558 -0.422623 0.023084 0.906012
1788249769.534137249 -0.921257 0.237332 4.433869 -0.000211 -0.425864 0.022900 0.904497
1788249769.567482710 -0.928054 0.234716 4.433804 -0.001037 -0.429013 0.022980 0.903005
1788249769.600828171 -0.936639 0.236513 4.438956 -0.000866 -0.431877 0.023143 0.901635
1788249769.634173632 -0.946220 0.237927 4.441620 -0.000626 -0.434682 0.023536 0.900276
1788249769.667518854 -0.953937 0.237672 4.444142 -0.000765 -0.437797 0.023381 0.898769
1788249769.700863361 -0.961276 0.236332 4.446273 -0.000918 -0.440821 0.023408 0.897289
1788249769.734207869 -0.971216 0.238925 4.448878 -0.000531 -0.443929 0.023685 0.895749
1788249769.767551184 -0.978112 0.236021 4.452169 -0.001417 -0.447247 0.023729 0.894095
1788249769.800894260 -0.986417 0.236883 4.453479 -0.001382 -0.449984 0.024174 0.892708
1788249769.834237576 -0.994442 0.237010 4.458291 -0.001560 -0.453191 0.024470 0.891076
1788249769.867581129 -1.002594 0.237993 4.460905 -0.001693 -0.456291 0.024561 0.889490
1788249769.900924206 -1.012966 0.238408 4.462296 -0.001602 -0.458879 0.024246 0.888166
1788249769.934267521 -1.021515 0.238090 4.463030 -0.001572 -0.461922 0.023684 0.886603
1788249769.967610836 -1.030914 0.240068 4.464696 -0.001859 -0.465114 0.023548 0.884935
1788249770.000953674 -1.039572 0.239367 4.467088 -0.002442 -0.467972 0.023822 0.883419
1788249770.034296989 -1.047945 0.240899 4.470761 -0.002377 -0.470991 0.023883 0.881812
1788249770.067640066 -1.056726 0.239905 4.473063 -0.002604 -0.473968 0.023807 0.880216
1788249770.100983381 -1.064685 0.239727 4.474901 -0.002565 -0.476722 0.024162 0.878718
1788249770.134325504 -1.072212 0.240042 4.474160 -0.002168 -0.479472 0.024199 0.877221
1788249770.167668819 -1.081772 0.240967 4.476793 -0.002148 -0.482562 0.024311 0.875522
1788249770.201011896 -1.088903 0.240398 4.479012 -0.002329 -0.485366 0.024605 0.873962
1788249770.234354973 -1.097338 0.240970 4.482069 -0.002276 -0.488339 0.024950 0.872294
1788249770.267698050 -1.105343 0.242714 4.483078 -0.002194 -0.491518 0.025010 0.870505
1788249770.301041365 -1.116827 0.242191 4.485331 -0.002299 -0.494232 0.024759 0.868974
1788249770.334384441 -1.124898 0.242288 4.485202 -0.002301 -0.497264 0.024188 0.867259
1788249770.367727757 -1.135616 0.242234 4.487347 -0.002655 -0.500346 0.023924 0.865491
1788249770.401070595 -1.145007 0.243077 4.488963 -0.002694 -0.502999 0.023799 0.863955
1788249770.434413910 -1.152879 0.242744 4.490242 -0.002873 -0.505941 0.024100 0.862227
1788249770.467756987 -1.161387 0.242773 4.493691 -0.003038 -0.509004 0.024511 0.860410
1788249770.501099825 -1.169313 0.242247 4.494801 -0.002982 -0.511618 0.024639 0.858854
1788249770.534443140 -1.177562 0.242503 4.492801 -0.002745 -0.514368 0.024741 0.857208
1788249770.567785263 -1.186597 0.243363 4.496518 -0.002632 -0.517705 0.024941 0.855191
1788249770.601128340 -1.194259 0.242621 4.497966 -0.002483 -0.520564 0.025326 0.853443
1788249770.634471178 -1.203291 0.241993 4.498609 -0.002591 -0.523234 0.025818 0.851794
1788249770.667814255 -1.210658 0.241552 4.499372 -0.002692 -0.526099 0.026152 0.850017
1788249770.701157331 -1.218881 0.242633 4.500883 -0.002272 -0.528900 0.026581 0.848265
1788249770.734502316 -1.227225 0.242499 4.500607 -0.001993 -0.531680 0.026497 0.846528
1788249770.767849684 -1.236288 0.244376 4.501850 -0.001799 -0.534589 0.026529 0.844694
1788249770.801196575 -1.245702 0.243757 4.503273 -0.001537 -0.537368 0.026358 0.842934
1788249770.834543705 -1.253449 0.244051 4.502365 -0.001536 -0.540359 0.026366 0.841020
1788249770.867891312 -1.262895 0.244599 4.504718 -0.001897 -0.543425 0.026507 0.839037
1788249770.901238441 -1.273091 0.243457 4.505410 -0.002361 -0.546079 0.026527 0.837310
1788249770.934585810 -1.282583 0.243622 4.506710 -0.002436 -0.548958 0.026512 0.835425
1788249770.967933178 -1.291075 0.245017 4.507993 -0.002502 -0.552122 0.026613 0.833335
1788249771.001280546 -1.299387 0.245721 4.507784 -0.002181 -0.554629 0.026813 0.831663
1788249771.034627199 -1.309031 0.244741 4.510486 -0.002165 -0.557563 0.026984 0.829693
1788249771.067974567 -1.317858 0.245677 4.510455 -0.002208 -0.560307 0.027177 0.827836
1788249771.101322174 -1.326112 0.246496 4.509959 -0.001918 -0.562853 0.027014 0.826113
1788249771.134669542 -1.334455 0.245368 4.510994 -0.001797 -0.565783 0.027231 0.824103
1788249771.168017149 -1.342929 0.244428 4.510793 -0.001618 -0.568628 0.027762 0.822125
1788249771.201364756 -1.349133 0.244070 4.510185 -0.001135 -0.571432 0.028371 0.820158
1788249771.234712362 -1.356720 0.243841 4.510595 -0.000660 -0.574227 0.028952 0.818184
1788249771.268060207 -1.363350 0.242715 4.510475 -0.000634 -0.576978 0.029495 0.816227
1788249771.301407814 -1.369957 0.243036 4.509462 0.000009 -0.579582 0.029688 0.814373
1788249771.334755659 -1.378733 0.242791 4.509549 0.000615 -0.582157 0.029911 0.812526
1788249771.368103266 -1.385537 0.242248 4.508694 0.000747 -0.585012 0.030111 0.810465
1788249771.401451349 -1.392686 0.242735 4.508312 0.000818 -0.587914 0.030511 0.808347
1788249771.434799194 -1.401457 0.242815 4.507521 0.000793 -0.590794 0.030748 0.806236
1788249771.468145847 -1.409597 0.242686 4.506261 0.000524 -0.593608 0.030886 0.804161
1788249771.501494169 -1.417782 0.242700 4.503909 0.000511 -0.596105 0.030599 0.802323
1788249771.534842014 -1.427554 0.242166 4.504864 0.000905 -0.598907 0.030578 0.800234
1788249771.568189859 -1.435883 0.242319 4.503836 0.001045 -0.601680 0.030758 0.798144
1788249771.601537943 -1.443090 0.241845 4.503179 0.001181 -0.604184 0.031122 0.796236
1788249771.634885788 -1.450280 0.241842 4.503257 0.001218 -0.606895 0.031803 0.794145
1788249771.668234110 -1.458402 0.242131 4.503100 0.001280 -0.609646 0.032013 0.792026
1788249771.701582193 -1.466478 0.241639 4.503551 0.001637 -0.612199 0.031951 0.790056
1788249771.734923601 -1.475327 0.240613 4.502076 0.001992 -0.614871 0.031656 0.787989
1788249771.768255711 -1.484761 0.241365 4.499622 0.002104 -0.617482 0.031560 0.785949
1788249771.801587820 -1.492729 0.243743 4.498817 0.002464 -0.619987 0.031907 0.783959
1788249771.834919691 -1.500861 0.241317 4.496013 0.002052 -0.622426 0.032310 0.782009
1788249771.868251562 -1.508635 0.241501 4.500020 0.001748 -0.625442 0.032907 0.779574
1788249771.901582479 -1.516960 0.240623 4.497349 0.002022 -0.627732 0.033181 0.777720
1788249771.934914112 -1.524388 0.239367 4.497265 0.002295 -0.630511 0.033294 0.775463
1788249771.968245506 -1.532606 0.239174 4.493716 0.002147 -0.633055 0.033533 0.773377
1788249772.001577377 -1.540137 0.238712 4.494792 0.002160 -0.635719 0.033731 0.771180
1788249772.034908772 -1.548863 0.237746 4.490576 0.002352 -0.637922 0.034168 0.769339
1788249772.068239927 -1.556601 0.237811 4.490351 0.002322 -0.640547 0.034721 0.767130
1788249772.101571321 -1.563462 0.237023 4.492611 0.002595 -0.643193 0.035032 0.764898
1788249772.134902477 -1.571461 0.235492 4.489247 0.002709 -0.645673 0.035151 0.762800
1788249772.168233871 -1.581030 0.238308 4.489439 0.002889 -0.648409 0.035201 0.760473
1788249772.201564789 -1.589156 0.236879 4.488437 0.002727 -0.650902 0.035114 0.758345
1788249772.234895706 -1.598291 0.237789 4.485775 0.002932 -0.653389 0.035404 0.756188
1788249772.268226385 -1.607259 0.237822 4.482415 0.002863 -0.655648 0.035528 0.754225
1788249772.301557302 -1.615153 0.236438 4.483602 0.002791 -0.658199 0.035801 0.751987
1788249772.334887981 -1.622946 0.239568 4.483293 0.003144 -0.660873 0.036194 0.749618
1788249772.368217707 -1.631814 0.236902 4.479439 0.002914 -0.663214 0.036243 0.747546
1788249772.401548147 -1.638170 0.234715 4.476225 0.002888 -0.665541 0.036301 0.745472
1788249772.434878826 -1.647630 0.236247 4.473516 0.003104 -0.667999 0.036381 0.743266
1788249772.468209028 -1.657659 0.236179 4.468800 0.003064 -0.670258 0.036136 0.741241
1788249772.501539469 -1.665962 0.234702 4.468143 0.003204 -0.672826 0.035934 0.738921
1788249772.534869671 -1.675344 0.236659 4.467586 0.003182 -0.675355 0.036223 0.736595
1788249772.568199635 -1.683898 0.236176 4.467303 0.002966 -0.676902 0.036328 0.735170
1788249772.601529598 -1.692531 0.237584 4.465825 0.003374 -0.678172 0.036767 0.733975
1788249772.634859562 -1.699911 0.235686 4.464475 0.003256 -0.680055 0.036895 0.732224
1788249772.668189526 -1.710400 0.236735 4.463500 0.002920 -0.681847 0.037093 0.730548
1788249772.701519489 -1.717643 0.234307 4.463330 0.002611 -0.683335 0.036784 0.729173
1788249772.734852791 -1.727629 0.235563 4.459182 0.002745 -0.684789 0.036957 0.727799
1788249772.768190861 -1.736284 0.235104 4.458520 0.002431 -0.686549 0.036922 0.726141
1788249772.801528215 -1.745166 0.235994 4.459285 0.002343 -0.688075 0.037222 0.724680
1788249772.834866285 -1.753225 0.236215 4.456148 0.002437 -0.688871 0.037382 0.723916
1788249772.868204355 -1.762316 0.236099 4.457055 0.002115 -0.689814 0.037357 0.723019
1788249772.901542425 -1.770987 0.235799 4.460784 0.001937 -0.690800 0.037232 0.722084
1788249772.934880733 -1.780153 0.234907 4.457587 0.002212 -0.691592 0.037047 0.721335
1788249772.968218803 -1.788298 0.236238 4.453994 0.002680 -0.692496 0.036882 0.720473
1788249773.001557112 -1.798045 0.235443 4.452959 0.002438 -0.693371 0.036881 0.719633
1788249773.034895420 -1.806474 0.235492 4.452175 0.002274 -0.694152 0.037018 0.718872
1788249773.068233490 -1.814395 0.235120 4.451097 0.002498 -0.694951 0.037252 0.718087
1788249773.101571798 -1.823969 0.234432 4.450384 0.002489 -0.696004 0.037177 0.717070
1788249773.134909868 -1.832876 0.235237 4.449667 0.002345 -0.696971 0.036872 0.716147
1788249773.168247938 -1.842218 0.233715 4.448493 0.002118 -0.698045 0.036302 0.715130
1788249773.201586008 -1.850798 0.234343 4.447350 0.002310 -0.699113 0.036222 0.714090
1788249773.234923124 -1.860091 0.234277 4.443989 0.002453 -0.699964 0.035992 0.713267
1788249773.268261194 -1.868636 0.234533 4.446042 0.002231 -0.701037 0.035879 0.712219
1788249773.301599503 -1.875003 0.232770 4.442750 0.002486 -0.701937 0.035821 0.711334
1788249773.334937811 -1.885118 0.233720 4.440836 0.002615 -0.703136 0.035787 0.710150
1788249773.368275881 -1.893914 0.232833 4.436435 0.002621 -0.703905 0.035496 0.709402
1788249773.401613951 -1.902676 0.232899 4.437101 0.003068 -0.704946 0.035537 0.708363
1788249773.434952021 -1.910700 0.231494 4.435006 0.003353 -0.705943 0.035583 0.707367
1788249773.468290329 -1.919110 0.233254 4.432326 0.003585 -0.706915 0.035939 0.706376
1788249773.501628637 -1.926520 0.233179 4.433871 0.003739 -0.708044 0.036212 0.705229
1788249773.534966707 -1.932815 0.231995 4.429783 0.003850 -0.708852 0.036597 0.704396
1788249773.568304777 -1.941548 0.232110 4.428090 0.003927 -0.710023 0.036922 0.703199
1788249773.601642847 -1.949982 0.231847 4.425754 0.004136 -0.711024 0.036822 0.702190
1788249773.634980917 -1.957871 0.231715 4.422266 0.004912 -0.712034 0.036519 0.701177
1788249773.668318987 -1.966997 0.232175 4.418369 0.005294 -0.713415 0.036457 0.699773
1788249773.701656103 -1.975225 0.230204 4.416726 0.004958 -0.714912 0.036215 0.698258
1788249773.734998226 -1.982738 0.230879 4.413843 0.005001 -0.716266 0.036643 0.696847
1788249773.768345118 -1.990499 0.231315 4.412815 0.005406 -0.717847 0.037293 0.695181
1788249773.801692247 -1.997637 0.231422 4.410925 0.005236 -0.719158 0.037747 0.693801
1788249773.835039139 -2.006773 0.232283 4.408991 0.004943 -0.720504 0.037907 0.692396
1788249773.868386507 -2.016707 0.231860 4.404974 0.004931 -0.722007 0.037715 0.690839
1788249773.901733637 -2.025868 0.231293 4.399990 0.004995 -0.723604 0.037570 0.689174
1788249773.935080767 -2.035107 0.231760 4.395826 0.005029 -0.725129 0.037416 0.687577
1788249773.968428373 -2.044115 0.231612 4.394706 0.005156 -0.726737 0.037463 0.685874
1788249774.001775742 -2.051452 0.231551 4.391781 0.005536 -0.728299 0.037522 0.684209
1788249774.035123110 -2.059322 0.230901 4.388674 0.005373 -0.729797 0.037490 0.682614
1788249774.068470955 -2.067914 0.230726 4.385039 0.005337 -0.731175 0.037613 0.681131
1788249774.101818323 -2.074939 0.229097 4.385320 0.005627 -0.732922 0.037662 0.679246
1788249774.135164738 -2.082476 0.228259 4.382048 0.005657 -0.734383 0.037966 0.677649
1788249774.168512583 -2.092648 0.229117 4.376212 0.005810 -0.735570 0.038399 0.676335
1788249774.201860428 -2.099410 0.225815 4.374428 0.005870 -0.736975 0.038788 0.674781
1788249774.235208035 -2.105894 0.226813 4.372574 0.006066 -0.737813 0.039453 0.673824
1788249774.268556118 -2.115574 0.227569 4.371479 0.005616 -0.738659 0.040059 0.672864
1788249774.301903963 -2.123762 0.226361 4.368143 0.005488 -0.739655 0.040104 0.671767
1788249774.335251808 -2.132885 0.226565 4.366632 0.006048 -0.740687 0.040155 0.670622
1788249774.368599892 -2.141649 0.227010 4.363173 0.006304 -0.741445 0.040234 0.669776
1788249774.401947975 -2.149262 0.226662 4.361112 0.006313 -0.742351 0.040239 0.668772
1788249774.435296297 -2.157727 0.225579 4.358769 0.006171 -0.743324 0.040223 0.667692
1788249774.468644381 -2.167194 0.225074 4.354384 0.006194 -0.744289 0.040297 0.666613
1788249774.501992702 -2.175149 0.225875 4.352994 0.006022 -0.745186 0.040555 0.665596
1788249774.535341024 -2.183910 0.224906 4.352030 0.006150 -0.745862 0.040510 0.664839
1788249774.568689346 -2.192460 0.225167 4.348911 0.006353 -0.746596 0.040725 0.664000
1788249774.602036953 -2.202041 0.226663 4.345377 0.006299 -0.747620 0.040925 0.662834
1788249774.635385513 -2.211124 0.225223 4.344603 0.006137 -0.748621 0.040891 0.661707
1788249774.668734074 -2.219716 0.223594 4.342744 0.006237 -0.749401 0.040832 0.660827
1788249774.702082396 -2.227012 0.226104 4.337598 0.006583 -0.750117 0.041056 0.659996
1788249774.735426664 -2.236576 0.224603 4.336457 0.006086 -0.750979 0.040905 0.659029
1788249774.768764496 -2.245265 0.224662 4.334165 0.006278 -0.751670 0.040750 0.658249
1788249774.802102327 -2.253501 0.224240 4.331915 0.006298 -0.752471 0.041027 0.657317
1788249774.835440159 -2.262188 0.224208 4.328619 0.006349 -0.753184 0.041172 0.656490
1788249774.868777990 -2.273975 0.224116 4.325559 0.005953 -0.753976 0.041367 0.655572
1788249774.902116060 -2.280417 0.224595 4.325799 0.005871 -0.754802 0.041594 0.654606
1788249774.935454130 -2.289931 0.225560 4.322862 0.006072 -0.755687 0.041606 0.653581
1788249774.968791962 -2.298374 0.225322 4.320247 0.005942 -0.756515 0.041242 0.652648
1788249775.002129555 -2.308514 0.224673 4.318387 0.006015 -0.757395 0.040845 0.651650
1788249775.035466433 -2.318038 0.226824 4.311225 0.006269 -0.758114 0.040878 0.650809
1788249775.068804264 -2.327406 0.225656 4.310687 0.006056 -0.759100 0.040624 0.649678
1788249775.102142096 -2.334676 0.225553 4.306202 0.005698 -0.759584 0.040911 0.649096
1788249775.135479927 -2.342218 0.226042 4.306139 0.005965 -0.760411 0.041474 0.648090
1788249775.168817520 -2.351066 0.224284 4.303045 0.005555 -0.761259 0.041793 0.647076
1788249775.202155352 -2.361627 0.224233 4.299701 0.005582 -0.761995 0.041731 0.646213
1788249775.235492945 -2.369091 0.226226 4.296588 0.006133 -0.762659 0.041808 0.645419
1788249775.268830538 -2.378086 0.224524 4.293681 0.006302 -0.763691 0.041332 0.644227
1788249775.302168608 -2.386875 0.225357 4.290040 0.006297 -0.764567 0.040900 0.643214
1788249775.335506201 -2.398025 0.225940 4.285935 0.006101 -0.765331 0.040568 0.642329
1788249775.368843794 -2.406346 0.225312 4.282818 0.005974 -0.766100 0.040492 0.641417
1788249775.402181387 -2.414957 0.224199 4.282153 0.005782 -0.767031 0.040379 0.640312
1788249775.435518980 -2.423387 0.226135 4.278332 0.005843 -0.767604 0.040521 0.639616
1788249775.468855858 -2.431457 0.223272 4.274772 0.006153 -0.768364 0.040280 0.638714
1788249775.502193451 -2.439794 0.223845 4.273219 0.006082 -0.769360 0.040530 0.637500
1788249775.535531044 -2.450253 0.223476 4.268447 0.005903 -0.770065 0.040543 0.636648
1788249775.568868637 -2.456500 0.223762 4.265816 0.006498 -0.770748 0.040511 0.635818
1788249775.602206230 -2.465556 0.223753 4.261683 0.006742 -0.771618 0.040492 0.634760
1788249775.635543823 -2.474294 0.224770 4.258273 0.006530 -0.772453 0.040171 0.633767
1788249775.668881416 -2.483605 0.222750 4.254484 0.006625 -0.773152 0.039743 0.632940
1788249775.702219009 -2.492723 0.222289 4.249999 0.006713 -0.773931 0.039731 0.631986
1788249775.735558510 -2.501538 0.222738 4.247864 0.006581 -0.774859 0.039834 0.630844
1788249775.768900633 -2.511392 0.222719 4.245289 0.006024 -0.775632 0.039919 0.629894
1788249775.802242994 -2.518113 0.222290 4.243055 0.006028 -0.776222 0.040204 0.629147
1788249775.835585117 -2.526745 0.223154 4.240960 0.006042 -0.777050 0.040836 0.628084
1788249775.868927240 -2.535017 0.222160 4.238887 0.005886 -0.777829 0.040589 0.627136
1788249775.902269363 -2.545232 0.222809 4.233130 0.006206 -0.778439 0.040103 0.626408
1788249775.935610771 -2.553602 0.222717 4.230280 0.006296 -0.779482 0.039635 0.625137
1788249775.968952656 -2.562648 0.223168 4.225465 0.006027 -0.780336 0.039421 0.624087
1788249776.002294779 -2.571742 0.223420 4.222136 0.005934 -0.781043 0.039286 0.623212
1788249776.035637140 -2.580250 0.222919 4.219364 0.005878 -0.781767 0.039364 0.622299
1788249776.068979025 -2.589566 0.223311 4.216795 0.005566 -0.782579 0.039639 0.621263
1788249776.102321148 -2.596798 0.222293 4.216290 0.005092 -0.783463 0.039572 0.620157
1788249776.135663271 -2.604845 0.222232 4.212316 0.005594 -0.784051 0.039601 0.619406
1788249776.169005156 -2.614313 0.221924 4.207925 0.005765 -0.784901 0.039542 0.618331
1788249776.202347279 -2.621635 0.221997 4.204079 0.005985 -0.785846 0.039281 0.617145
1788249776.235689402 -2.630375 0.221424 4.201172 0.005865 -0.786655 0.039112 0.616125
1788249776.269031286 -2.639760 0.221031 4.197943 0.005637 -0.787489 0.039304 0.615049
1788249776.302373409 -2.646998 0.221984 4.194489 0.005656 -0.788114 0.039896 0.614209
1788249776.335715532 -2.656039 0.220525 4.191867 0.005369 -0.788745 0.039818 0.613406
1788249776.369056463 -2.664269 0.220049 4.189341 0.005439 -0.789581 0.039514 0.612349
1788249776.402398348 -2.673384 0.221355 4.185611 0.005533 -0.790460 0.039377 0.611221
1788249776.435740232 -2.683160 0.221142 4.182695 0.005549 -0.791105 0.039234 0.610395
1788249776.469082117 -2.692688 0.220948 4.178412 0.005681 -0.791352 0.038970 0.610092
1788249776.502424240 -2.700073 0.220348 4.176753 0.005758 -0.791871 0.038872 0.609423
1788249776.535765886 -2.709830 0.220212 4.173049 0.005513 -0.792238 0.038921 0.608944
1788249776.569108009 -2.719220 0.219439 4.170714 0.005186 -0.792433 0.038729 0.608706
1788249776.602449894 -2.728068 0.219451 4.167975 0.005475 -0.792294 0.039094 0.608861
1788249776.635791779 -2.737187 0.219862 4.165878 0.005529 -0.792290 0.039358 0.608849
1788249776.669133663 -2.746879 0.218474 4.163083 0.005214 -0.792505 0.038653 0.608617
1788249776.702475309 -2.756487 0.218735 4.159552 0.005174 -0.792674 0.038285 0.608420
1788249776.735817671 -2.766785 0.219362 4.156874 0.005341 -0.792776 0.038796 0.608253
1788249776.769160032 -2.775642 0.218679 4.154539 0.005379 -0.792819 0.039253 0.608168
1788249776.802501202 -2.784405 0.218343 4.154033 0.005117 -0.792812 0.039674 0.608152
1788249776.835844040 -2.792135 0.217400 4.153754 0.005128 -0.792795 0.040180 0.608142
1788249776.869186401 -2.801608 0.218094 4.149306 0.005531 -0.792667 0.040503 0.608283
1788249776.902528524 -2.812128 0.219231 4.146176 0.005616 -0.792831 0.040441 0.608072
1788249776.935871124 -2.823604 0.218813 4.142747 0.005424 -0.792967 0.039677 0.607947
1788249776.969213486 -2.832861 0.217446 4.139885 0.005321 -0.793027 0.039251 0.607897
1788249777.002555847 -2.842556 0.218123 4.136345 0.005338 -0.793039 0.039309 0.607878
1788249777.035898209 -2.853587 0.218616 4.132624 0.004831 -0.793014 0.039405 0.607908
1788249777.069240570 -2.862490 0.217983 4.132110 0.004536 -0.792920 0.039622 0.608019
1788249777.102582932 -2.870867 0.218512 4.131292 0.004436 -0.792856 0.040245 0.608063
1788249777.135925055 -2.881956 0.217842 4.128381 0.004386 -0.793006 0.039899 0.607890
1788249777.169267654 -2.891727 0.219020 4.125421 0.003905 -0.793133 0.039606 0.607747
1788249777.202609777 -2.902835 0.219269 4.121251 0.003844 -0.793195 0.039192 0.607693
1788249777.235950947 -2.911830 0.218664 4.118835 0.004018 -0.793172 0.039135 0.607725
1788249777.269293308 -2.922234 0.218582 4.116769 0.003993 -0.793096 0.038914 0.607839
1788249777.302635670 -2.932537 0.218189 4.112753 0.003808 -0.792994 0.038790 0.607982
1788249777.335977793 -2.941686 0.217782 4.109986 0.003914 -0.793119 0.038875 0.607813
1788249777.369320154 -2.951195 0.217241 4.108576 0.003708 -0.793210 0.038856 0.607696
1788249777.402662277 -2.960463 0.217862 4.107233 0.003584 -0.793265 0.038927 0.607621
1788249777.436004400 -2.970298 0.218600 4.102604 0.003791 -0.793287 0.039225 0.607571
1788249777.469346762 -2.978587 0.217034 4.100636 0.004266 -0.793338 0.039159 0.607506
1788249777.502688885 -2.987919 0.217706 4.096796 0.004431 -0.793251 0.039501 0.607595
1788249777.536030769 -2.996959 0.216503 4.095090 0.004344 -0.793058 0.039740 0.607833
1788249777.569373131 -3.005885 0.216790 4.093361 0.004283 -0.792853 0.040443 0.608055
1788249777.602715254 -3.014997 0.216886 4.092812 0.004524 -0.793000 0.041075 0.607819
1788249777.636057138 -3.024308 0.216699 4.090121 0.004501 -0.793108 0.041262 0.607665
1788249777.669399500 -3.033017 0.217053 4.086638 0.004699 -0.793115 0.041070 0.607667
1788249777.702740669 -3.042597 0.215831 4.082653 0.004904 -0.793359 0.040753 0.607369
1788249777.736082554 -3.051867 0.215864 4.080010 0.005273 -0.793357 0.040462 0.607387
1788249777.769424677 -3.062465 0.216557 4.076650 0.005099 -0.793030 0.040348 0.607824
1788249777.802766562 -3.071871 0.216754 4.073424 0.004766 -0.792613 0.040251 0.608377
1788249777.836108446 -3.081598 0.215539 4.073485 0.004859 -0.792756 0.039986 0.608207
1788249777.869450569 -3.092689 0.217634 4.070330 0.004578 -0.792875 0.040176 0.608041
1788249777.902792215 -3.102374 0.216803 4.067315 0.004465 -0.792772 0.039906 0.608194
1788249777.936134577 -3.112868 0.216353 4.065495 0.004580 -0.792569 0.039476 0.608486
1788249777.969476223 -3.124000 0.216270 4.061609 0.004423 -0.792445 0.038994 0.608680
1788249778.002818108 -3.132906 0.218949 4.057570 0.004437 -0.792120 0.039072 0.609098
1788249778.036159992 -3.142206 0.216936 4.056770 0.004644 -0.791726 0.039056 0.609609
1788249778.069501877 -3.150023 0.218691 4.055496 0.005143 -0.791439 0.039550 0.609945
1788249778.102843523 -3.160749 0.216573 4.052788 0.004849 -0.791338 0.039302 0.610095
1788249778.136184454 -3.170574 0.218643 4.051278 0.004645 -0.791161 0.039195 0.610333
1788249778.169526100 -3.177972 0.218067 4.047071 0.004470 -0.790585 0.038936 0.611096
1788249778.202867985 -3.186509 0.218109 4.044914 0.004782 -0.790169 0.038990 0.611628
1788249778.236209631 -3.196334 0.216676 4.043067 0.004554 -0.789867 0.038842 0.612030
1788249778.269551516 -3.206420 0.217403 4.042500 0.004838 -0.789629 0.038776 0.612339
1788249778.302893162 -3.214508 0.215625 4.040747 0.004613 -0.789175 0.038634 0.612935
1788249778.336234570 -3.225268 0.216251 4.039034 0.004712 -0.788894 0.038810 0.613284
1788249778.369576454 -3.233040 0.213191 4.038921 0.004196 -0.788640 0.038825 0.613614
1788249778.402918100 -3.242699 0.215081 4.035329 0.004398 -0.788243 0.038995 0.614112
1788249778.436259747 -3.251571 0.214826 4.032237 0.004290 -0.787792 0.039038 0.614688
1788249778.469601154 -3.262684 0.214233 4.033762 0.004419 -0.787634 0.039285 0.614873
1788249778.502943039 -3.268152 0.213594 4.030313 0.004845 -0.786828 0.039486 0.615889
1788249778.536284447 -3.277525 0.215134 4.028991 0.005135 -0.786403 0.039710 0.616414
1788249778.569625854 -3.288416 0.218475 4.027262 0.005449 -0.786166 0.040201 0.616682
1788249778.602966309 -3.296947 0.215973 4.028332 0.005168 -0.785956 0.040153 0.616955
1788249778.636308193 -3.305925 0.214845 4.024877 0.005090 -0.785311 0.039823 0.617798
1788249778.669649601 -3.316408 0.214505 4.023841 0.004691 -0.785044 0.039470 0.618163
1788249778.702991009 -3.325705 0.215887 4.020856 0.004680 -0.784531 0.039319 0.618825
1788249778.736330748 -3.336531 0.214824 4.019978 0.004594 -0.784090 0.039282 0.619385
1788249778.769668818 -3.346741 0.217914 4.017380 0.005220 -0.783521 0.039751 0.620070
1788249778.803006887 -3.355480 0.214542 4.015801 0.004529 -0.783256 0.039529 0.620425
1788249778.836344957 -3.365460 0.215116 4.016795 0.004519 -0.783053 0.039950 0.620654
1788249778.869682789 -3.374573 0.215652 4.016377 0.004791 -0.782496 0.040348 0.621328
1788249778.903020620 -3.383573 0.212285 4.013644 0.004789 -0.781948 0.039713 0.622058
1788249778.936358452 -3.393537 0.211883 4.012581 0.005013 -0.781689 0.039251 0.622412
1788249778.969696283 -3.401402 0.212230 4.010179 0.005167 -0.781126 0.039030 0.623131
1788249779.003033876 -3.411619 0.213234 4.007099 0.005730 -0.780490 0.039025 0.623922
1788249779.036370993 -3.420865 0.210697 4.005627 0.005344 -0.780362 0.038434 0.624123
1788249779.069708586 -3.430246 0.212877 4.003540 0.005540 -0.780178 0.038998 0.624316
1788249779.103046417 -3.439733 0.210224 4.003798 0.005552 -0.779689 0.039288 0.624909
1788249779.136384010 -3.448954 0.210815 4.003977 0.005589 -0.779334 0.039706 0.625325
1788249779.169721603 -3.456872 0.211433 4.000651 0.006246 -0.779044 0.039543 0.625690
1788249779.203059196 -3.465095 0.210411 3.998614 0.006256 -0.778710 0.039484 0.626109
1788249779.236397266 -3.474373 0.211332 3.997266 0.006531 -0.778206 0.039624 0.626724
1788249779.269734859 -3.484999 0.212893 3.997023 0.006501 -0.777923 0.039979 0.627052
1788249779.303072453 -3.492833 0.212632 3.995034 0.006152 -0.777508 0.040375 0.627546
1788249779.336409807 -3.501938 0.209416 3.995028 0.005966 -0.777153 0.040382 0.627986
1788249779.369747400 -3.510649 0.209116 3.993708 0.006107 -0.776711 0.040531 0.628522
1788249779.403084993 -3.519179 0.206818 3.990909 0.006058 -0.776270 0.040234 0.629086
1788249779.436422586 -3.527036 0.210139 3.989724 0.006871 -0.775901 0.040369 0.629525
1788249779.469758749 -3.535876 0.208827 3.988574 0.007169 -0.775631 0.039929 0.629881
1788249779.503096104 -3.547101 0.212120 3.986349 0.007131 -0.775174 0.040185 0.630428
1788249779.536433697 -3.557439 0.210916 3.984142 0.006471 -0.774737 0.040122 0.630976
1788249779.569771051 -3.566083 0.208792 3.985045 0.005988 -0.774450 0.040138 0.631333
1788249779.603108406 -3.576347 0.209526 3.985082 0.006015 -0.774295 0.040597 0.631493
1788249779.636445522 -3.585516 0.206439 3.982913 0.005959 -0.773944 0.040222 0.631948
1788249779.669783115 -3.593724 0.206457 3.980753 0.006194 -0.773425 0.040525 0.632561
1788249779.703120232 -3.602287 0.204210 3.981057 0.006466 -0.773023 0.040572 0.633046
1788249779.736461878 -3.610804 0.205229 3.979025 0.006641 -0.772587 0.040597 0.633575
1788249779.769809723 -3.620759 0.207964 3.980178 0.006473 -0.772520 0.040915 0.633638
1788249779.803157330 -3.629967 0.204390 3.979225 0.005785 -0.772051 0.040621 0.634235
1788249779.836505175 -3.639059 0.203759 3.979770 0.005699 -0.771586 0.041005 0.634777
1788249779.869853020 -3.650439 0.205361 3.978281 0.005848 -0.771299 0.041143 0.635114
1788249779.903201103 -3.658960 0.206352 3.977085 0.005823 -0.770976 0.041087 0.635510
1788249779.936547995 -3.667891 0.203813 3.974216 0.006260 -0.770267 0.040931 0.636375
1788249779.969895840 -3.676655 0.202945 3.973685 0.006445 -0.769866 0.040714 0.636873
1788249780.003243923 -3.687599 0.203531 3.970493 0.006092 -0.769541 0.040586 0.637277
1788249780.036592245 -3.699495 0.204869 3.972893 0.005881 -0.769413 0.040569 0.637435
1788249780.069940329 -3.709461 0.202955 3.974368 0.005484 -0.768883 0.040579 0.638077
1788249780.103288651 -3.718977 0.204377 3.970225 0.005589 -0.767952 0.040728 0.639187
1788249780.136636734 -3.727796 0.205243 3.969329 0.005603 -0.766952 0.040834 0.640380
1788249780.169985056 -3.738734 0.203563 3.970316 0.005562 -0.765922 0.040632 0.641625
1788249780.203333855 -3.747904 0.201314 3.969951 0.005536 -0.764620 0.040038 0.643213
1788249780.236682415 -3.758722 0.202413 3.969625 0.005591 -0.763640 0.039844 0.644387
1788249780.270030975 -3.769773 0.206172 3.968491 0.005766 -0.762510 0.040079 0.645709
1788249780.303379297 -3.781273 0.206223 3.968535 0.005489 -0.761176 0.040093 0.647282
1788249780.336728096 -3.791850 0.206685 3.971159 0.005420 -0.759946 0.040172 0.648721
1788249780.370075703 -3.800985 0.205246 3.972557 0.005396 -0.758519 0.040314 0.650380
1788249780.403424263 -3.810437 0.207434 3.970703 0.005896 -0.756859 0.040340 0.652305
1788249780.436773300 -3.820938 0.205280 3.973360 0.005168 -0.755850 0.040100 0.653496
1788249780.470122099 -3.831400 0.208024 3.973776 0.005323 -0.754398 0.040607 0.655139
1788249780.503471136 -3.841899 0.202676 3.974201 0.004700 -0.752784 0.039707 0.657052
1788249780.536820173 -3.852005 0.205188 3.976698 0.004951 -0.751634 0.040049 0.658345
1788249780.570169210 -3.861492 0.204001 3.975906 0.004915 -0.750061 0.039602 0.660164
1788249780.603518248 -3.873439 0.208518 3.978831 0.005310 -0.748775 0.039560 0.661622
1788249780.636867523 -3.885895 0.207349 3.979636 0.004369 -0.747465 0.039300 0.663124
1788249780.670216799 -3.893556 0.204769 3.977298 0.003968 -0.745533 0.038895 0.665321
1788249780.703565836 -3.905790 0.208069 3.980307 0.004490 -0.744633 0.039255 0.666304
1788249780.736911297 -3.913351 0.202488 3.979455 0.004340 -0.744009 0.038789 0.667029
1788249780.770250559 -3.922182 0.203226 3.978219 0.004762 -0.743428 0.039290 0.667643
1788249780.803588629 -3.928948 0.205197 3.978720 0.005455 -0.742603 0.039620 0.668536
1788249780.836928129 -3.937541 0.206626 3.977472 0.005124 -0.742706 0.040044 0.668399
1788249780.870267391 -3.947664 0.202037 3.979611 0.004467 -0.743471 0.039185 0.667605
1788249780.903606653 -3.955611 0.201932 3.978374 0.004461 -0.743056 0.039022 0.668076
1788249780.936945915 -3.965111 0.201487 3.978019 0.004301 -0.742747 0.039148 0.668413
1788249780.970285177 -3.971330 0.201841 3.974962 0.004598 -0.742619 0.038914 0.668567
1788249781.003624201 -3.981210 0.202467 3.974595 0.004939 -0.742919 0.038963 0.668228
1788249781.036963701 -3.989709 0.203563 3.973159 0.005134 -0.742669 0.039138 0.668494
1788249781.070302725 -3.996873 0.200346 3.974255 0.004461 -0.742619 0.038702 0.668580
1788249781.103642225 -4.007286 0.203887 3.974315 0.004815 -0.742946 0.039061 0.668193
1788249781.136981249 -4.016084 0.202364 3.971871 0.004405 -0.742907 0.038842 0.668253
1788249781.170320749 -4.022940 0.203154 3.972337 0.004767 -0.742741 0.038801 0.668437
1788249781.203659773 -4.032892 0.203597 3.970343 0.004666 -0.742639 0.038798 0.668550
1788249781.236998796 -4.040733 0.199450 3.970462 0.004557 -0.742853 0.038214 0.668347
1788249781.270337343 -4.048326 0.201239 3.967834 0.004983 -0.742680 0.038611 0.668514
1788249781.303676367 -4.055505 0.200526 3.968608 0.005079 -0.742690 0.039034 0.668477
1788249781.337015390 -4.061505 0.202827 3.968869 0.005471 -0.742632 0.039984 0.668483
1788249781.370354891 -4.068758 0.203611 3.966562 0.005354 -0.742415 0.040129 0.668716
1788249781.403693914 -4.077915 0.203243 3.968195 0.004964 -0.742616 0.040176 0.668492
1788249781.437033176 -4.085608 0.201923 3.967451 0.004764 -0.742529 0.040111 0.668595
1788249781.470372200 -4.094376 0.201019 3.967123 0.004574 -0.742698 0.039787 0.668428
1788249781.503711462 -4.101887 0.202534 3.966300 0.004436 -0.742661 0.039695 0.668476
1788249781.537050486 -4.108788 0.201610 3.964404 0.004951 -0.742499 0.039418 0.668668
1788249781.570389509 -4.115541 0.203621 3.963248 0.005430 -0.742462 0.039683 0.668689
1788249781.603728771 -4.121727 0.203146 3.960887 0.005644 -0.742353 0.039622 0.668812
1788249781.637067556 -4.127632 0.202917 3.961528 0.005626 -0.742293 0.039785 0.668870
1788249781.670406818 -4.135353 0.200996 3.962159 0.005033 -0.742361 0.039626 0.668808
1788249781.703744888 -4.142297 0.200123 3.961294 0.004772 -0.742328 0.039336 0.668865
1788249781.737081766 -4.150588 0.198990 3.961557 0.004579 -0.742527 0.039200 0.668653
1788249781.770415068 -4.157677 0.200595 3.959311 0.004947 -0.742451 0.039460 0.668719
1788249781.803748131 -4.163404 0.201580 3.959700 0.005124 -0.742600 0.039540 0.668548
1788249781.837081194 -4.170283 0.199773 3.958044 0.005025 -0.742509 0.039168 0.668671
1788249781.870414257 -4.176475 0.201528 3.955114 0.005309 -0.742304 0.039532 0.668875
1788249781.903747082 -4.183306 0.199718 3.957468 0.004870 -0.742539 0.039527 0.668618
1788249781.937079906 -4.189642 0.200038 3.958899 0.005327 -0.742524 0.039718 0.668620
1788249781.970412731 -4.194664 0.199013 3.955296 0.005218 -0.741897 0.039915 0.669305
1788249782.003745317 -4.202376 0.200796 3.956256 0.005389 -0.741904 0.040342 0.669270
1788249782.037077904 -4.210252 0.199847 3.956100 0.005382 -0.741810 0.040257 0.669379
1788249782.070410490 -4.217032 0.198537 3.955865 0.005290 -0.741875 0.040140 0.669315
1788249782.103743076 -4.224580 0.196714 3.954478 0.005249 -0.741910 0.039898 0.669291
1788249782.137074471 -4.233109 0.200816 3.953878 0.005615 -0.742096 0.040597 0.669040
1788249782.170406818 -4.240777 0.199884 3.952724 0.005364 -0.742151 0.040143 0.669008
1788249782.203739166 -4.249513 0.199061 3.951058 0.005305 -0.742124 0.039680 0.669066
1788249782.237071276 -4.257939 0.199197 3.951233 0.005469 -0.742152 0.039570 0.669040
1788249782.270403147 -4.266603 0.200454 3.946704 0.005922 -0.741676 0.039896 0.669544
1788249782.303735256 -4.273829 0.200572 3.948254 0.005824 -0.741997 0.039995 0.669184
1788249782.337067366 -4.283230 0.199781 3.950865 0.005628 -0.742271 0.039933 0.668885
1788249782.370398998 -4.289308 0.198952 3.950422 0.005298 -0.742063 0.040047 0.669111
1788249782.403731108 -4.297528 0.200791 3.948595 0.005801 -0.742005 0.040849 0.669124
1788249782.437062502 -4.304971 0.199620 3.946975 0.006000 -0.742143 0.040853 0.668968
1788249782.470394373 -4.312590 0.198655 3.944937 0.006032 -0.742164 0.040515 0.668966
1788249782.503726006 -4.322148 0.198792 3.944559 0.005736 -0.742156 0.040280 0.668991
1788249782.537057400 -4.328924 0.198336 3.942932 0.005729 -0.741741 0.039883 0.669476
1788249782.570388794 -4.338033 0.198338 3.942515 0.006025 -0.741884 0.039950 0.669310
1788249782.603718996 -4.345454 0.198657 3.941906 0.006271 -0.742022 0.040071 0.669148
1788249782.637050390 -4.353205 0.197021 3.940554 0.005781 -0.741982 0.039942 0.669204
1788249782.670381784 -4.360594 0.195159 3.942230 0.005573 -0.742192 0.039735 0.668985
1788249782.703712940 -4.367575 0.195865 3.941857 0.005735 -0.742581 0.040234 0.668522
1788249782.737046242 -4.374349 0.193491 3.939632 0.006158 -0.742975 0.039991 0.668095
1788249782.770382643 -4.382777 0.195480 3.937640 0.006405 -0.743216 0.040318 0.667805
1788249782.803718805 -4.391235 0.197652 3.935702 0.006405 -0.743170 0.040670 0.667834
1788249782.837055206 -4.399512 0.195333 3.935962 0.006171 -0.743642 0.040311 0.667334
1788249782.870391130 -4.409620 0.198343 3.932761 0.006343 -0.744361 0.040741 0.666503
1788249782.903727531 -4.418168 0.198493 3.931574 0.006141 -0.745347 0.040788 0.665400
1788249782.937063456 -4.425575 0.196442 3.930364 0.006035 -0.746269 0.040768 0.664367
1788249782.970399618 -4.433772 0.195809 3.927519 0.006225 -0.747185 0.041083 0.663316
1788249783.003735304 -4.441485 0.196228 3.924654 0.006111 -0.748129 0.041329 0.662237
1788249783.037070513 -4.446994 0.194245 3.925135 0.006271 -0.749277 0.040921 0.660961
1788249783.070406199 -4.455070 0.194312 3.920442 0.006509 -0.750109 0.041253 0.659994
1788249783.103742123 -4.462294 0.194208 3.918091 0.006589 -0.751581 0.041405 0.658307
1788249783.137077808 -4.468606 0.193550 3.912919 0.006933 -0.752975 0.041100 0.656728
1788249783.170413733 -4.476856 0.194163 3.907922 0.007273 -0.754922 0.040925 0.654496
1788249783.203749180 -4.485684 0.195881 3.904087 0.007463 -0.757262 0.040974 0.651782
1788249783.237084866 -4.492021 0.193739 3.899565 0.006552 -0.759146 0.040609 0.649619
1788249783.270420313 -4.501274 0.194000 3.897525 0.006469 -0.761225 0.040968 0.647161
1788249783.303755522 -4.506686 0.190436 3.895742 0.006169 -0.763115 0.040640 0.644954
1788249783.337091208 -4.514417 0.190437 3.891337 0.005542 -0.764890 0.041091 0.642825
1788249783.370426655 -4.522770 0.191353 3.887225 0.005779 -0.766754 0.041443 0.640576
1788249783.403761864 -4.529598 0.189774 3.882877 0.006098 -0.768743 0.041179 0.638202
1788249783.437097073 -4.537621 0.188868 3.878088 0.005816 -0.770761 0.041031 0.635775
1788249783.470431328 -4.544125 0.189822 3.874232 0.005607 -0.772590 0.041230 0.633540
1788249783.503766298 -4.552117 0.190383 3.869211 0.005721 -0.774520 0.041794 0.631142
1788249783.537101507 -4.557856 0.189594 3.865523 0.005540 -0.776580 0.041992 0.628593
1788249783.570436716 -4.566041 0.189707 3.861159 0.005771 -0.778605 0.042341 0.626058
1788249783.603771448 -4.572966 0.188432 3.855367 0.005921 -0.780686 0.042314 0.623461
1788249783.637106180 -4.580421 0.188328 3.850914 0.006340 -0.783222 0.042222 0.620275
1788249783.670441389 -4.587858 0.188863 3.844065 0.006098 -0.785848 0.042462 0.616930
1788249783.703776121 -4.592711 0.189268 3.837999 0.006073 -0.788410 0.042903 0.613622
1788249783.737114668 -4.600945 0.187234 3.833290 0.005757 -0.791382 0.043175 0.609768
1788249783.770458937 -4.606972 0.186869 3.828289 0.005718 -0.793923 0.043385 0.606442
1788249783.803803444 -4.614737 0.186032 3.822363 0.005658 -0.796657 0.043573 0.602832
1788249783.837147713 -4.621526 0.185894 3.814445 0.006053 -0.799309 0.043517 0.599312
1788249783.870492220 -4.628442 0.185085 3.809134 0.005635 -0.802195 0.043310 0.595463
1788249783.903835773 -4.636517 0.184370 3.800241 0.005634 -0.804663 0.043428 0.592115
1788249783.937180281 -4.643984 0.184404 3.794466 0.005959 -0.807471 0.043625 0.588262
1788249783.970524788 -4.650656 0.184395 3.788025 0.006194 -0.809896 0.043739 0.584908
1788249784.003869295 -4.657762 0.185423 3.782250 0.006557 -0.812694 0.044061 0.580985
1788249784.037214041 -4.663661 0.185151 3.773224 0.006701 -0.815140 0.044180 0.577538
1788249784.070558786 -4.669539 0.182877 3.767594 0.006700 -0.817703 0.044024 0.573915
1788249784.103903055 -4.675090 0.182348 3.761402 0.006741 -0.820256 0.044419 0.570230
1788249784.137247801 -4.679983 0.181393 3.754664 0.006530 -0.822625 0.044785 0.566780
1788249784.170592546 -4.687330 0.182161 3.749180 0.007076 -0.825117 0.045495 0.563082
1788249784.203937531 -4.691231 0.179793 3.740650 0.007461 -0.827408 0.045209 0.559729
1788249784.237282515 -4.697425 0.181155 3.733397 0.007599 -0.829798 0.045507 0.556154
1788249784.270627260 -4.703768 0.179826 3.727334 0.007390 -0.832197 0.045538 0.552558
1788249784.303972006 -4.707500 0.179492 3.720487 0.007683 -0.834523 0.045923 0.549002
1788249784.337316990 -4.713128 0.179076 3.715280 0.007401 -0.837016 0.046304 0.545166
1788249784.370661020 -4.719392 0.180190 3.708827 0.007584 -0.839189 0.046720 0.541776
1788249784.404006004 -4.724119 0.177540 3.701190 0.007069 -0.841602 0.046359 0.538058
1788249784.437350988 -4.727787 0.178404 3.692851 0.007322 -0.843871 0.046240 0.534501
1788249784.470695972 -4.734799 0.178577 3.685097 0.007154 -0.846284 0.046369 0.530663
1788249784.504040956 -4.738597 0.178336 3.678444 0.007327 -0.848485 0.046441 0.527127
1788249784.537386417 -4.745268 0.178617 3.670544 0.007272 -0.850694 0.046788 0.523524
1788249784.570731640 -4.749265 0.176782 3.663686 0.007097 -0.852767 0.046536 0.520165
1788249784.604076624 -4.755609 0.176684 3.656632 0.007458 -0.855154 0.046896 0.516194
1788249784.637421846 -4.760046 0.177248 3.649269 0.007574 -0.857377 0.047322 0.512452
1788249784.670767546 -4.763854 0.175864 3.642670 0.007666 -0.859591 0.047499 0.508713
1788249784.704112768 -4.767144 0.175175 3.635440 0.007797 -0.861768 0.048012 0.504966
1788249784.737458467 -4.772123 0.175311 3.630347 0.007506 -0.864022 0.048778 0.501029
1788249784.770805597 -4.777216 0.173964 3.623677 0.007497 -0.866044 0.049049 0.497499
1788249784.804151058 -4.780403 0.173724 3.616129 0.007847 -0.868003 0.049406 0.494033
1788249784.837498188 -4.783442 0.173039 3.609726 0.007754 -0.870180 0.049455 0.490184
1788249784.870845079 -4.788010 0.172284 3.602059 0.007767 -0.872252 0.049423 0.486491
1788249784.904192448 -4.791491 0.171575 3.594338 0.007829 -0.874276 0.049545 0.482831
1788249784.937539101 -4.795072 0.171566 3.587382 0.007803 -0.876410 0.049615 0.478940
1788249784.970886230 -4.799314 0.172850 3.579399 0.007974 -0.878366 0.050025 0.475298
1788249785.004233599 -4.803292 0.172214 3.571182 0.008561 -0.880442 0.049918 0.471441
1788249785.037580729 -4.807532 0.171571 3.562839 0.008757 -0.882561 0.049758 0.467476
1788249785.070928097 -4.810563 0.171463 3.555262 0.008697 -0.884602 0.049739 0.463606
1788249785.104275227 -4.814489 0.172165 3.547688 0.008793 -0.886610 0.050168 0.459704
1788249785.137622595 -4.818206 0.171803 3.540436 0.008364 -0.888644 0.050442 0.455739
1788249785.170969963 -4.821548 0.170511 3.533734 0.008202 -0.890580 0.050447 0.451947
1788249785.204317570 -4.823651 0.169049 3.526013 0.008427 -0.892403 0.050463 0.448329
1788249785.237664223 -4.828184 0.168367 3.518472 0.008371 -0.894545 0.050295 0.444060
1788249785.271011591 -4.831328 0.166683 3.510070 0.007907 -0.896469 0.049886 0.440218
1788249785.304359198 -4.834934 0.168421 3.501947 0.008246 -0.898380 0.050349 0.436245
1788249785.337706804 -4.836894 0.167445 3.494014 0.007820 -0.900173 0.050264 0.432552
1788249785.371054649 -4.840368 0.167116 3.486728 0.007720 -0.902000 0.050319 0.428725
1788249785.404402494 -4.842884 0.166500 3.478792 0.008092 -0.903815 0.050506 0.424856
1788249785.437750340 -4.845953 0.167312 3.471495 0.008372 -0.905768 0.050727 0.420643
1788249785.471098185 -4.848999 0.165340 3.462916 0.007862 -0.907519 0.050437 0.416898
1788249785.504446030 -4.853104 0.166420 3.455463 0.008111 -0.909406 0.050772 0.412719
1788249785.537794113 -4.855109 0.166265 3.447827 0.007949 -0.911160 0.050784 0.408834
1788249785.571142197 -4.858840 0.165103 3.439801 0.007646 -0.912851 0.050648 0.405068
1788249785.604490042 -4.860328 0.163449 3.431939 0.007767 -0.914546 0.050545 0.401235
1788249785.637838125 -4.863333 0.163451 3.423358 0.008059 -0.916385 0.050260 0.397049
1788249785.671186209 -4.866014 0.162741 3.415091 0.007588 -0.918121 0.049931 0.393070
1788249785.704533815 -4.868403 0.162536 3.406627 0.007616 -0.919730 0.049858 0.389297
1788249785.737878799 -4.871504 0.162319 3.399003 0.007613 -0.921494 0.049685 0.385127
1788249785.771219015 -4.873902 0.162347 3.390037 0.007948 -0.923018 0.049731 0.381447
1788249785.804559708 -4.875740 0.162160 3.381664 0.008476 -0.924729 0.049764 0.377265
1788249785.837900162 -4.877668 0.161073 3.372472 0.008363 -0.926426 0.049433 0.373123
1788249785.871240854 -4.880051 0.160909 3.364436 0.008155 -0.928041 0.049299 0.369111
1788249785.904581547 -4.882309 0.160476 3.356319 0.008079 -0.929722 0.049279 0.364860
1788249785.937922001 -4.883852 0.160158 3.347487 0.007994 -0.931311 0.049143 0.360806
1788249785.971262693 -4.886088 0.159023 3.339291 0.008174 -0.932905 0.049079 0.356669
1788249786.004603148 -4.887070 0.158732 3.330498 0.008307 -0.934577 0.049087 0.352259
1788249786.037943602 -4.889042 0.158820 3.321406 0.007942 -0.936185 0.048866 0.348005
1788249786.071284294 -4.891956 0.157669 3.313220 0.007617 -0.937737 0.048609 0.343844
1788249786.104624748 -4.894030 0.158276 3.304879 0.007553 -0.939195 0.049113 0.339770
1788249786.137964725 -4.896922 0.157047 3.297622 0.007089 -0.940698 0.049037 0.335608
1788249786.171305418 -4.899035 0.156611 3.289640 0.006922 -0.942067 0.049191 0.331726
1788249786.204645634 -4.899312 0.157421 3.279968 0.007478 -0.943433 0.049334 0.327788
1788249786.237986326 -4.901396 0.156739 3.271531 0.007236 -0.944957 0.048915 0.323438
1788249786.271327257 -4.902693 0.157172 3.262563 0.007037 -0.946335 0.048695 0.319420
1788249786.304667711 -4.905474 0.156456 3.253169 0.006937 -0.947712 0.048595 0.315330
1788249786.338008642 -4.906339 0.157145 3.245400 0.007039 -0.949010 0.048855 0.311359
1788249786.371349335 -4.908223 0.155438 3.237154 0.006916 -0.950263 0.048879 0.307512
1788249786.404690027 -4.908940 0.154266 3.229379 0.007034 -0.951629 0.049070 0.303226
1788249786.438030958 -4.910802 0.155202 3.219646 0.007201 -0.952975 0.049157 0.298949
1788249786.471371412 -4.912141 0.154412 3.211563 0.007245 -0.954280 0.048840 0.294807
1788249786.504712343 -4.911443 0.154088 3.203281 0.007279 -0.955548 0.048893 0.290662
1788249786.538053036 -4.913325 0.153370 3.194672 0.007107 -0.956863 0.048803 0.286323
1788249786.571393728 -4.912792 0.152205 3.186108 0.006780 -0.958028 0.048551 0.282451
1788249786.604733467 -4.913145 0.151210 3.177133 0.006983 -0.959334 0.048275 0.278029
1788249786.638074160 -4.913255 0.152689 3.167532 0.007155 -0.960628 0.048054 0.273557
1788249786.671415091 -4.913860 0.152153 3.157915 0.006968 -0.961877 0.047596 0.269220
1788249786.704756021 -4.913818 0.152365 3.149445 0.007096 -0.963084 0.047570 0.264869
1788249786.738096476 -4.914992 0.153301 3.140535 0.007239 -0.964229 0.047588 0.260664
1788249786.771437407 -4.915028 0.152614 3.132290 0.007058 -0.965304 0.047543 0.256665
1788249786.804777861 -4.913832 0.152150 3.125046 0.007245 -0.966403 0.047631 0.252474
1788249786.838118553 -4.914288 0.153372 3.115882 0.007347 -0.967507 0.047699 0.248194
1788249786.871459484 -4.915249 0.151643 3.106971 0.006774 -0.968592 0.047571 0.243967
1788249786.904799938 -4.916302 0.151295 3.098769 0.006785 -0.969690 0.047661 0.239547
1788249786.938140869 -4.916473 0.149755 3.091219 0.006286 -0.970738 0.047435 0.235325
1788249786.971481085 -4.916228 0.151222 3.083525 0.006672 -0.971682 0.047697 0.231333
1788249787.004822016 -4.914826 0.151285 3.074660 0.006975 -0.972641 0.047914 0.227213
1788249787.038161993 -4.915153 0.150198 3.066380 0.006894 -0.973682 0.047490 0.222803
1788249787.071502686 -4.914845 0.151240 3.058578 0.007205 -0.974616 0.047656 0.218635
1788249787.104843616 -4.915123 0.149606 3.051076 0.006924 -0.975574 0.047729 0.214313
1788249787.138184547 -4.914314 0.150446 3.043410 0.006724 -0.976478 0.047938 0.210113
1788249787.171525240 -4.913902 0.148915 3.035461 0.006362 -0.977383 0.047738 0.205922
1788249787.204866171 -4.912235 0.149449 3.026808 0.006858 -0.978247 0.047786 0.201748
1788249787.238206863 -4.911449 0.149101 3.018504 0.006917 -0.979203 0.047386 0.197152
1788249787.271548033 -4.910292 0.149643 3.010155 0.007088 -0.980041 0.047385 0.192934
1788249787.304888725 -4.909400 0.149627 3.002282 0.007277 -0.980883 0.047432 0.188589
1788249787.338229656 -4.909014 0.149101 2.994439 0.006779 -0.981737 0.047408 0.184118
1788249787.371570587 -4.906799 0.148853 2.985903 0.006858 -0.982460 0.047466 0.180203
1788249787.404911518 -4.905496 0.146862 2.978223 0.006863 -0.983222 0.047425 0.176009
1788249787.438252687 -4.904364 0.147590 2.969955 0.007119 -0.983975 0.047691 0.171662
1788249787.471592665 -4.901884 0.145689 2.963677 0.006771 -0.984688 0.047892 0.167480
1788249787.504933834 -4.900652 0.144015 2.957588 0.006352 -0.985408 0.048307 0.163087
1788249787.538274527 -4.900587 0.144856 2.950109 0.006212 -0.986093 0.048673 0.158786
1788249787.571615696 -4.898113 0.145038 2.942215 0.006226 -0.986700 0.049081 0.154841
1788249787.604956627 -4.895892 0.144656 2.934899 0.006711 -0.987314 0.049285 0.150788
1788249787.638298035 -4.894114 0.144067 2.927287 0.006686 -0.987970 0.049273 0.146437
1788249787.671639204 -4.890710 0.144213 2.920149 0.006753 -0.988556 0.049374 0.142387
1788249787.704980135 -4.889867 0.144257 2.911530 0.007097 -0.989155 0.049504 0.138099
1788249787.738321781 -4.888825 0.143680 2.903419 0.006728 -0.989789 0.049489 0.133501
1788249787.771664143 -4.886918 0.142520 2.895888 0.006561 -0.990352 0.049302 0.129339
1788249787.805006742 -4.884416 0.141790 2.886597 0.006700 -0.990880 0.049427 0.125176
1788249787.838349104 -4.883102 0.140942 2.877774 0.006784 -0.991451 0.049063 0.120714
1788249787.871691704 -4.881107 0.141774 2.869908 0.006590 -0.991957 0.049020 0.116513
1788249787.905033112 -4.878864 0.141651 2.861962 0.006569 -0.992412 0.049158 0.112512
1788249787.938375473 -4.878322 0.141352 2.854105 0.006317 -0.992916 0.049056 0.108039
1788249787.971718073 -4.876016 0.141719 2.845789 0.006394 -0.993342 0.049118 0.104012
1788249788.005060434 -4.872608 0.140037 2.837627 0.006792 -0.993770 0.048961 0.099887
1788249788.038402557 -4.869282 0.140736 2.829437 0.007091 -0.994208 0.048866 0.095464
1788249788.071744919 -4.867631 0.140021 2.820700 0.007081 -0.994625 0.048574 0.091163
1788249788.105087519 -4.865386 0.139491 2.813918 0.006902 -0.995016 0.048512 0.086851
1788249788.138429880 -4.864230 0.139345 2.806394 0.006532 -0.995395 0.048422 0.082472
1788249788.171772003 -4.861638 0.139197 2.797934 0.006369 -0.995707 0.048654 0.078483
1788249788.205114841 -4.860550 0.138258 2.791221 0.006359 -0.996045 0.048907 0.073900
1788249788.238456964 -4.857635 0.138102 2.783587 0.006114 -0.996367 0.048812 0.069522
1788249788.271799088 -4.854392 0.138043 2.776331 0.006211 -0.996653 0.048713 0.065348
1788249788.305141449 -4.851251 0.137700 2.768788 0.006052 -0.996913 0.048922 0.061103
1788249788.338483810 -4.850155 0.138588 2.759599 0.005681 -0.997170 0.048916 0.056799
1788249788.371824980 -4.846726 0.136845 2.752865 0.005686 -0.997394 0.048754 0.052873
1788249788.405167580 -4.843721 0.135879 2.745055 0.005959 -0.997608 0.048939 0.048461
1788249788.438509703 -4.840143 0.135342 2.736401 0.005731 -0.997829 0.048595 0.044079
1788249788.471851826 -4.837547 0.136074 2.728758 0.005800 -0.998016 0.048461 0.039786
1788249788.505194187 -4.836301 0.135369 2.719623 0.005567 -0.998183 0.048377 0.035480
1788249788.538536310 -4.832907 0.134771 2.712214 0.005423 -0.998324 0.048119 0.031694
1788249788.571878433 -4.830533 0.134065 2.704107 0.005369 -0.998437 0.048078 0.027974
1788249788.605220795 -4.826796 0.134803 2.695640 0.005495 -0.998515 0.048456 0.024278
1788249788.638563156 -4.824257 0.134241 2.689133 0.005659 -0.998602 0.048187 0.020977
1788249788.671905041 -4.821390 0.133799 2.680977 0.005804 -0.998669 0.048019 0.017913
1788249788.705247402 -4.818881 0.132556 2.673706 0.006048 -0.998716 0.048031 0.014950
1788249788.738588572 -4.816403 0.133697 2.666041 0.005979 -0.998745 0.048083 0.012682
1788249788.771927834 -4.814386 0.133158 2.658142 0.005648 -0.998778 0.047901 0.010756
1788249788.805266380 -4.812612 0.132501 2.650874 0.005954 -0.998784 0.048121 0.008935
1788249788.838605404 -4.811726 0.131205 2.642964 0.005953 -0.998793 0.048124 0.007763
1788249788.871944904 -4.812012 0.131920 2.635667 0.005753 -0.998797 0.048117 0.007437
1788249788.905283928 -4.811593 0.132820 2.626016 0.005785 -0.998798 0.048126 0.007336
1788249788.938623190 -4.811362 0.130971 2.619045 0.005607 -0.998809 0.047946 0.007108
1788249788.971962214 -4.812421 0.131138 2.611541 0.005348 -0.998808 0.048005 0.006999
1788249789.005301714 -4.812500 0.131229 2.602049 0.005118 -0.998808 0.048020 0.007125
1788249789.038640738 -4.813491 0.131125 2.595747 0.005049 -0.998810 0.048015 0.006899
1788249789.071980000 -4.813148 0.130478 2.587982 0.005292 -0.998803 0.048142 0.006844
1788249789.105318785 -4.812563 0.129485 2.579653 0.005391 -0.998799 0.048214 0.006879
1788249789.138657808 -4.813099 0.129624 2.571873 0.005464 -0.998796 0.048258 0.006919
1788249789.171996832 -4.813082 0.129977 2.562534 0.005265 -0.998803 0.048135 0.006940
1788249789.205335855 -4.814029 0.130090 2.554296 0.005073 -0.998818 0.047860 0.006804
1788249789.238673687 -4.813936 0.129718 2.546935 0.005023 -0.998825 0.047711 0.006862
1788249789.272012711 -4.815342 0.128011 2.538214 0.004873 -0.998829 0.047655 0.006736
1788249789.305351496 -4.814048 0.128390 2.529930 0.005125 -0.998822 0.047791 0.006700
1788249789.338690519 -4.812899 0.128693 2.522786 0.005252 -0.998811 0.048008 0.006703
1788249789.372029066 -4.813217 0.127554 2.515727 0.005487 -0.998793 0.048345 0.006677
1788249789.405367613 -4.813410 0.127439 2.508381 0.005506 -0.998776 0.048710 0.006632
1788249789.438706398 -4.814082 0.126067 2.501338 0.005283 -0.998770 0.048843 0.006649
1788249789.472044945 -4.814855 0.125805 2.491817 0.005132 -0.998773 0.048796 0.006668
1788249789.505383730 -4.815341 0.125421 2.484155 0.004949 -0.998783 0.048627 0.006533
1788249789.538722515 -4.815242 0.125607 2.474565 0.004978 -0.998786 0.048561 0.006624
1788249789.572060823 -4.814813 0.124759 2.467522 0.005155 -0.998784 0.048560 0.006789
1788249789.605399370 -4.814548 0.124794 2.459362 0.005326 -0.998786 0.048513 0.006661
1788249789.638737917 -4.813893 0.125139 2.451000 0.005517 -0.998783 0.048571 0.006599
1788249789.672076702 -4.813573 0.124038 2.443419 0.005662 -0.998783 0.048546 0.006663
1788249789.705414057 -4.813094 0.123835 2.434772 0.005837 -0.998780 0.048577 0.006729
1788249789.738753557 -4.813357 0.124234 2.426789 0.005859 -0.998783 0.048528 0.006622
1788249789.772098780 -4.815464 0.123678 2.418478 0.005611 -0.998801 0.048231 0.006208
1788249789.805443764 -4.814796 0.123920 2.409326 0.005513 -0.998812 0.048018 0.006269
1788249789.838788986 -4.815300 0.122308 2.401877 0.005465 -0.998814 0.047947 0.006444
1788249789.872134209 -4.815557 0.122084 2.393718 0.005436 -0.998804 0.048120 0.006735
1788249789.905479193 -4.815372 0.122665 2.385418 0.005561 -0.998809 0.048013 0.006695
1788249789.938824654 -4.815484 0.121761 2.377314 0.005679 -0.998825 0.047702 0.006402
1788249789.972170115 -4.814691 0.121672 2.369206 0.005861 -0.998817 0.047859 0.006328
1788249790.005515337 -4.814273 0.122028 2.360818 0.005936 -0.998812 0.047968 0.006256
1788249790.038860559 -4.814749 0.121580 2.353498 0.005924 -0.998810 0.048006 0.006254
1788249790.072206259 -4.814459 0.120436 2.345693 0.005963 -0.998813 0.047933 0.006225
1788249790.105551720 -4.814144 0.121118 2.336846 0.006092 -0.998798 0.048242 0.006195
1788249790.138895988 -4.814733 0.119565 2.329472 0.006028 -0.998791 0.048382 0.006229
1788249790.172241449 -4.814970 0.119282 2.321596 0.006059 -0.998780 0.048583 0.006419
1788249790.205587149 -4.816019 0.119814 2.313554 0.005934 -0.998772 0.048787 0.006269
1788249790.238932848 -4.815251 0.119776 2.305696 0.005977 -0.998768 0.048875 0.006168
1788249790.272278070 -4.814433 0.118647 2.297558 0.006201 -0.998761 0.048990 0.006137
1788249790.305624008 -4.815492 0.117092 2.291465 0.006336 -0.998763 0.048965 0.005904
1788249790.338969707 -4.815439 0.117204 2.284049 0.006307 -0.998752 0.049213 0.005755
1788249790.372315168 -4.815977 0.117594 2.276082 0.006228 -0.998744 0.049399 0.005533
1788249790.405661106 -4.815836 0.115939 2.268607 0.006023 -0.998740 0.049517 0.005478
1788249790.439006567 -4.817203 0.116073 2.261120 0.005778 -0.998718 0.049969 0.005703
1788249790.472352266 -4.818254 0.114932 2.254030 0.005541 -0.998716 0.049998 0.006023
1788249790.505698442 -4.818735 0.115542 2.244819 0.005516 -0.998723 0.049878 0.005911
1788249790.539044142 -4.817447 0.115187 2.235423 0.005636 -0.998748 0.049353 0.005856
1788249790.572390079 -4.816863 0.115113 2.226812 0.006026 -0.998749 0.049289 0.005840
1788249790.605735064 -4.815795 0.115532 2.217709 0.006212 -0.998755 0.049126 0.005978
1788249790.639080763 -4.817248 0.115446 2.209919 0.006142 -0.998770 0.048852 0.005767
1788249790.672426939 -4.817370 0.114739 2.202428 0.005955 -0.998782 0.048668 0.005605
1788249790.705773115 -4.817995 0.114082 2.194084 0.005797 -0.998777 0.048799 0.005406
1788249790.739119053 -4.817964 0.114404 2.186852 0.005685 -0.998763 0.049087 0.005518
1788249790.772458792 -4.818590 0.113498 2.179281 0.005700 -0.998760 0.049143 0.005484
1788249790.805798769 -4.818009 0.113054 2.171233 0.005974 -0.998767 0.048999 0.005224
1788249790.839138746 -4.817964 0.112374 2.163610 0.006236 -0.998769 0.048951 0.004957
1788249790.872478485 -4.817460 0.112303 2.155463 0.006262 -0.998766 0.049019 0.004900
1788249790.905818224 -4.817725 0.110728 2.148070 0.006178 -0.998770 0.048951 0.004877
1788249790.939158201 -4.819300 0.111354 2.140093 0.005703 -0.998760 0.049240 0.004675
1788249790.972497940 -4.820499 0.110339 2.132121 0.005630 -0.998748 0.049497 0.004522
1788249791.005837440 -4.820382 0.110244 2.124457 0.005630 -0.998733 0.049807 0.004521
1788249791.039176226 -4.819782 0.109278 2.117263 0.005371 -0.998722 0.050040 0.004670
1788249791.072515965 -4.819874 0.109879 2.109293 0.005481 -0.998711 0.050240 0.004660
1788249791.105855703 -4.818882 0.109750 2.100760 0.005359 -0.998710 0.050296 0.004558
1788249791.139195204 -4.820086 0.108320 2.094449 0.005157 -0.998711 0.050294 0.004486
1788249791.172534943 -4.820902 0.108656 2.086248 0.005095 -0.998695 0.050625 0.004464
1788249791.205874205 -4.821313 0.107757 2.077949 0.004830 -0.998691 0.050712 0.004544
1788249791.239213705 -4.822293 0.106403 2.070736 0.004734 -0.998698 0.050584 0.004514
1788249791.272553444 -4.820848 0.106359 2.061728 0.004814 -0.998696 0.050609 0.004719
1788249791.305892706 -4.821841 0.106166 2.054607 0.005038 -0.998689 0.050736 0.004488
1788249791.339232206 -4.821293 0.106100 2.045346 0.005225 -0.998700 0.050504 0.004472
1788249791.372571707 -4.820998 0.104297 2.037589 0.005248 -0.998719 0.050139 0.004467
1788249791.405910969 -4.821923 0.104748 2.029733 0.005260 -0.998719 0.050143 0.004332
1788249791.439250231 -4.822323 0.103646 2.022110 0.005199 -0.998713 0.050257 0.004359
1788249791.472588301 -4.822057 0.102774 2.014060 0.005313 -0.998710 0.050303 0.004333
1788249791.505927801 -4.823164 0.102796 2.006471 0.005107 -0.998691 0.050707 0.004249
1788249791.539266825 -4.822861 0.102967 1.998806 0.005000 -0.998680 0.050936 0.004451
1788249791.572606325 -4.823433 0.101955 1.990770 0.004882 -0.998689 0.050772 0.004398
1788249791.605945349 -4.822993 0.102731 1.982738 0.005232 -0.998682 0.050876 0.004318
1788249791.639284611 -4.822211 0.102103 1.973937 0.005402 -0.998698 0.050533 0.004401
1788249791.672623634 -4.821318 0.101609 1.965121 0.005429 -0.998710 0.050306 0.004365
1788249791.705962896 -4.822733 0.101296 1.957676 0.005302 -0.998712 0.050276 0.004287
1788249791.739301682 -4.821331 0.099992 1.949586 0.005518 -0.998707 0.050344 0.004363
1788249791.772648096 -4.822811 0.100224 1.942497 0.005596 -0.998682 0.050851 0.004089
1788249791.805994272 -4.822756 0.100104 1.934744 0.005746 -0.998673 0.051013 0.004204
1788249791.839340448 -4.823179 0.098068 1.926582 0.005360 -0.998682 0.050857 0.004306
1788249791.872686863 -4.824703 0.098320 1.918917 0.005324 -0.998689 0.050754 0.004085
1788249791.906032085 -4.823980 0.098204 1.908354 0.005375 -0.998709 0.050340 0.004270
1788249791.939378500 -4.824571 0.097099 1.900568 0.005281 -0.998738 0.049777 0.004187
1788249791.972724915 -4.824683 0.097703 1.892122 0.005179 -0.998744 0.049663 0.004115
1788249792.006071329 -4.825735 0.097299 1.883594 0.005211 -0.998736 0.049831 0.003938
1788249792.039417744 -4.825488 0.097174 1.874403 0.005119 -0.998732 0.049929 0.003932
1788249792.072764158 -4.825570 0.095498 1.868186 0.005104 -0.998725 0.050075 0.003931
1788249792.106110811 -4.824446 0.096142 1.860779 0.005077 -0.998712 0.050299 0.004340
1788249792.139457464 -4.826325 0.094465 1.853739 0.004601 -0.998711 0.050360 0.004314
1788249792.172803879 -4.826926 0.095621 1.845062 0.004559 -0.998705 0.050488 0.004215
1788249792.206150770 -4.826057 0.095479 1.835990 0.004603 -0.998726 0.050059 0.004413
1788249792.239497423 -4.827550 0.094511 1.826099 0.004674 -0.998742 0.049738 0.004299
1788249792.272844076 -4.826268 0.094317 1.817879 0.004857 -0.998753 0.049516 0.004243
1788249792.306190729 -4.825283 0.094669 1.810904 0.005025 -0.998746 0.049648 0.004142
1788249792.339537859 -4.826508 0.093133 1.803143 0.004985 -0.998746 0.049656 0.004020
1788249792.372883320 -4.827523 0.093592 1.795908 0.004844 -0.998731 0.049973 0.004045
1788249792.406230450 -4.827781 0.093002 1.788004 0.004701 -0.998727 0.050054 0.004156
1788249792.439577103 -4.827809 0.093670 1.779825 0.004815 -0.998710 0.050349 0.004464
1788249792.472924232 -4.829635 0.092596 1.772297 0.004654 -0.998693 0.050713 0.004275
1788249792.506271362 -4.828571 0.093030 1.764936 0.004607 -0.998663 0.051298 0.004393
1788249792.539618254 -4.827755 0.090843 1.758918 0.004643 -0.998675 0.051048 0.004549
1788249792.572965384 -4.828163 0.088568 1.749994 0.004499 -0.998694 0.050688 0.004474
1788249792.606312275 -4.827035 0.089597 1.741323 0.005065 -0.998685 0.050814 0.004495
1788249792.639659643 -4.827094 0.089532 1.732993 0.005346 -0.998678 0.050941 0.004431
1788249792.673006773 -4.827250 0.089807 1.725441 0.005389 -0.998682 0.050847 0.004367
1788249792.706354141 -4.827774 0.088456 1.717343 0.005088 -0.998689 0.050731 0.004500
1788249792.739701271 -4.828806 0.086005 1.710146 0.005055 -0.998697 0.050594 0.004434
1788249792.773044586 -4.828130 0.087884 1.701395 0.005326 -0.998675 0.050996 0.004414
1788249792.806386709 -4.827438 0.086985 1.693884 0.005308 -0.998683 0.050828 0.004536
1788249792.839730263 -4.826909 0.086530 1.686152 0.005380 -0.998691 0.050664 0.004593
1788249792.873073578 -4.826511 0.087359 1.677899 0.005637 -0.998683 0.050778 0.004607
1788249792.906416893 -4.827131 0.086352 1.669110 0.005837 -0.998686 0.050714 0.004404
1788249792.939760447 -4.826760 0.087379 1.660444 0.006217 -0.998682 0.050767 0.004292
1788249792.973104239 -4.824593 0.086847 1.653855 0.006213 -0.998689 0.050608 0.004463
1788249793.006447792 -4.828131 0.084568 1.644462 0.005682 -0.998701 0.050447 0.004351
1788249793.039791107 -4.827151 0.083306 1.638753 0.005441 -0.998705 0.050390 0.004476
1788249793.073134661 -4.829058 0.084259 1.628992 0.005409 -0.998695 0.050613 0.004178
1788249793.106478214 -4.830854 0.083666 1.620761 0.005132 -0.998698 0.050583 0.004092
1788249793.139822006 -4.828269 0.085230 1.612890 0.005353 -0.998690 0.050694 0.004480
1788249793.173165321 -4.830002 0.082693 1.604400 0.004866 -0.998704 0.050476 0.004326
1788249793.206509113 -4.829730 0.083993 1.596533 0.005299 -0.998691 0.050685 0.004326
1788249793.239852667 -4.829933 0.083435 1.588215 0.005360 -0.998693 0.050654 0.004213
1788249793.273195267 -4.829591 0.083763 1.580080 0.005491 -0.998688 0.050736 0.004299
1788249793.306539059 -4.831075 0.083904 1.570285 0.005260 -0.998684 0.050824 0.004461
1788249793.339882851 -4.831770 0.084017 1.562320 0.005236 -0.998684 0.050814 0.004476
1788249793.373226643 -4.832320 0.082861 1.554409 0.005007 -0.998697 0.050602 0.004432
1788249793.406570435 -4.833251 0.081696 1.546104 0.004662 -0.998701 0.050558 0.004396
1788249793.439913988 -4.834841 0.082470 1.537604 0.004676 -0.998703 0.050528 0.004224
1788249793.473257780 -4.833067 0.081474 1.530528 0.004630 -0.998704 0.050488 0.004369
1788249793.506601810 -4.831912 0.081605 1.523582 0.005066 -0.998688 0.050766 0.004477
1788249793.539945602 -4.831394 0.081526 1.515521 0.005175 -0.998677 0.050968 0.004368
1788249793.573289633 -4.833285 0.079844 1.507896 0.004873 -0.998675 0.051054 0.004248
1788249793.606633663 -4.835261 0.080470 1.499960 0.004657 -0.998657 0.051417 0.004320
1788249793.639977694 -4.833954 0.080387 1.490251 0.004698 -0.998651 0.051508 0.004644
1788249793.673321247 -4.834274 0.078343 1.484287 0.004410 -0.998657 0.051427 0.004488
1788249793.706664324 -4.835405 0.078463 1.475752 0.004286 -0.998654 0.051489 0.004600
1788249793.740008354 -4.837593 0.077506 1.466311 0.003896 -0.998665 0.051329 0.004364
1788249793.773357391 -4.836497 0.077840 1.459175 0.004331 -0.998659 0.051400 0.004333
1788249793.806706429 -4.834849 0.077508 1.451923 0.004627 -0.998660 0.051349 0.004498
1788249793.840055704 -4.834674 0.076221 1.442569 0.004785 -0.998672 0.051091 0.004509
1788249793.873404980 -4.834708 0.075275 1.435216 0.004860 -0.998694 0.050662 0.004434
1788249793.906754255 -4.834274 0.076349 1.426028 0.005069 -0.998700 0.050515 0.004465
1788249793.940103531 -4.835599 0.076651 1.417260 0.004852 -0.998702 0.050502 0.004477
1788249793.973452806 -4.834706 0.075576 1.409371 0.004765 -0.998722 0.050095 0.004688
1788249794.006802559 -4.834809 0.075649 1.401517 0.004725 -0.998721 0.050113 0.004708
1788249794.040151834 -4.834788 0.075065 1.393352 0.004592 -0.998716 0.050218 0.004759
1788249794.073501587 -4.832651 0.075140 1.387821 0.004910 -0.998705 0.050393 0.004908
1788249794.106851339 -4.835983 0.074855 1.377300 0.005147 -0.998694 0.050643 0.004395
1788249794.140200138 -4.834620 0.074344 1.369562 0.005441 -0.998697 0.050546 0.004440
1788249794.173549891 -4.834844 0.072863 1.361111 0.005140 -0.998713 0.050248 0.004482
1788249794.206899881 -4.836275 0.073800 1.353255 0.005259 -0.998709 0.050322 0.004442
1788249794.240249634 -4.836140 0.073233 1.344980 0.005051 -0.998712 0.050285 0.004446
1788249794.273599625 -4.836628 0.071118 1.335423 0.004781 -0.998723 0.050096 0.004367
1788249794.306949377 -4.836693 0.072120 1.328586 0.004909 -0.998704 0.050467 0.004281
1788249794.340299606 -4.836646 0.071696 1.320925 0.004769 -0.998689 0.050771 0.004415
1788249794.373649836 -4.838278 0.071568 1.313078 0.004824 -0.998671 0.051128 0.004285
1788249794.407000065 -4.836602 0.070106 1.306127 0.005180 -0.998658 0.051349 0.004396
1788249794.440350294 -4.835218 0.070381 1.300385 0.005325 -0.998640 0.051680 0.004365
1788249794.473700523 -4.836453 0.068957 1.292415 0.004999 -0.998643 0.051654 0.004299
1788249794.507051229 -4.837460 0.067872 1.284389 0.004771 -0.998648 0.051579 0.004465
1788249794.540401459 -4.837258 0.069233 1.276247 0.004731 -0.998630 0.051934 0.004379
1788249794.573752165 -4.836958 0.068604 1.268988 0.004477 -0.998631 0.051928 0.004483
1788249794.607101440 -4.838819 0.065923 1.258861 0.004532 -0.998657 0.051416 0.004409
1788249794.640452147 -4.838486 0.066711 1.251960 0.004551 -0.998645 0.051654 0.004425
1788249794.673803091 -4.839699 0.065494 1.243561 0.004560 -0.998651 0.051542 0.004289
1788249794.707153797 -4.838887 0.066097 1.235840 0.004822 -0.998651 0.051538 0.004165
1788249794.740504503 -4.838317 0.066616 1.227752 0.005018 -0.998653 0.051482 0.004111
1788249794.773838758 -4.839217 0.066918 1.218385 0.004955 -0.998663 0.051277 0.004196
1788249794.807172775 -4.838339 0.067570 1.210454 0.004911 -0.998671 0.051116 0.004407
1788249794.840506792 -4.838183 0.067539 1.202972 0.004981 -0.998676 0.051005 0.004518
1788249794.873840570 -4.837588 0.066363 1.193640 0.004817 -0.998691 0.050701 0.004654
1788249794.907174587 -4.838284 0.066297 1.185107 0.005077 -0.998695 0.050626 0.004327
1788249794.940508366 -4.839627 0.065078 1.176869 0.005044 -0.998695 0.050661 0.004128
1788249794.973842144 -4.837703 0.065890 1.169961 0.005318 -0.998679 0.050932 0.004356
1788249795.007175446 -4.838798 0.063598 1.161679 0.005396 -0.998697 0.050595 0.003992
1788249795.040508509 -4.838007 0.063703 1.153043 0.005419 -0.998690 0.050727 0.004030
1788249795.073842049 -4.839094 0.065364 1.145667 0.005394 -0.998661 0.051300 0.004009
1788249795.107175350 -4.839855 0.063331 1.137667 0.005049 -0.998660 0.051351 0.004013
1788249795.140508890 -4.840228 0.062344 1.129597 0.005137 -0.998661 0.051335 0.003889
1788249795.173842192 -4.839631 0.062893 1.121527 0.005165 -0.998644 0.051655 0.003827
1788249795.207175493 -4.840510 0.062200 1.113400 0.005133 -0.998640 0.051740 0.003722
1788249795.240508795 -4.841267 0.063280 1.105656 0.005061 -0.998621 0.052114 0.003751
1788249795.273842096 -4.840084 0.061494 1.099159 0.004851 -0.998623 0.052077 0.003957
1788249795.307175398 -4.839483 0.060378 1.092213 0.004888 -0.998619 0.052154 0.004030
1788249795.340508461 -4.839085 0.059903 1.083973 0.004813 -0.998615 0.052239 0.004080
1788249795.373841524 -4.840932 0.058699 1.075670 0.004490 -0.998619 0.052188 0.004047
1788249795.407174587 -4.843288 0.058613 1.067212 0.004601 -0.998615 0.052283 0.003760
1788249795.440507412 -4.841615 0.059444 1.058704 0.004982 -0.998612 0.052302 0.003756
1788249795.473839521 -4.840939 0.060344 1.051383 0.005055 -0.998600 0.052512 0.003824
1788249795.507172108 -4.840821 0.057787 1.043251 0.004844 -0.998616 0.052237 0.003852
1788249795.540504932 -4.841592 0.058218 1.035464 0.004789 -0.998605 0.052444 0.003799
1788249795.573837757 -4.843710 0.058967 1.026110 0.004892 -0.998580 0.052926 0.003552
1788249795.607170105 -4.842699 0.058859 1.019839 0.004878 -0.998571 0.053107 0.003547
1788249795.640503168 -4.843190 0.057695 1.012217 0.004701 -0.998565 0.053221 0.003594
1788249795.673835516 -4.843567 0.056986 1.004221 0.004620 -0.998569 0.053159 0.003427
1788249795.707168102 -4.843871 0.057095 0.996440 0.004530 -0.998575 0.053095 0.002906
1788249795.740500689 -4.843071 0.056143 0.988225 0.004565 -0.998584 0.052915 0.002916
1788249795.773846149 -4.843224 0.056803 0.979387 0.004572 -0.998586 0.052854 0.003331
1788249795.807191849 -4.843260 0.053411 0.969540 0.004287 -0.998625 0.052130 0.003359
1788249795.840537786 -4.843134 0.055982 0.962914 0.004355 -0.998609 0.052471 0.002853
1788249795.873883486 -4.843796 0.055561 0.954087 0.004350 -0.998607 0.052527 0.002455
1788249795.907229185 -4.844212 0.054548 0.947517 0.004274 -0.998615 0.052391 0.002094
1788249795.940574408 -4.844963 0.053246 0.938644 0.004141 -0.998623 0.052256 0.001844
1788249795.973920345 -4.844464 0.052883 0.931453 0.004011 -0.998619 0.052349 0.001696
1788249796.007266045 -4.843364 0.052568 0.923780 0.003983 -0.998621 0.052312 0.001766
1788249796.040612221 -4.844876 0.052977 0.916286 0.003835 -0.998627 0.052227 0.001415
1788249796.073958158 -4.842866 0.051699 0.909077 0.003930 -0.998658 0.051635 0.001140
1788249796.107304335 -4.843063 0.051689 0.899102 0.003691 -0.998667 0.051479 0.000775
1788249796.140650511 -4.842852 0.050682 0.892446 0.003714 -0.998677 0.051283 0.000422
1788249796.173996687 -4.842745 0.050962 0.884640 0.003746 -0.998663 0.051561 0.000005
1788249796.207342863 -4.842390 0.050814 0.877028 -0.003813 0.998652 -0.051760 0.000472
1788249796.240689278 -4.843792 0.051950 0.869539 -0.003668 0.998639 -0.052007 0.001150
1788249796.274035454 -4.842362 0.050840 0.862999 -0.003657 0.998645 -0.051904 0.001320
1788249796.307381868 -4.843174 0.050080 0.854285 -0.003418 0.998640 -0.051993 0.001662
1788249796.340728521 -4.841366 0.050051 0.848106 -0.003424 0.998638 -0.052033 0.001919
1788249796.374073982 -4.842314 0.048364 0.838692 -0.003258 0.998666 -0.051467 0.002617
1788249796.407420158 -4.842771 0.050333 0.830201 -0.003449 0.998671 -0.051315 0.003365
1788249796.440766811 -4.840502 0.049327 0.822863 -0.003588 0.998681 -0.051094 0.003715
1788249796.474113703 -4.839255 0.050878 0.815189 -0.003764 0.998659 -0.051461 0.004152
1788249796.507459879 -4.840527 0.049423 0.807664 -0.003870 0.998649 -0.051572 0.005116
1788249796.540806770 -4.838388 0.050316 0.802125 -0.004363 0.998633 -0.051765 0.005705
1788249796.574153662 -4.838241 0.049564 0.794636 -0.004071 0.998631 -0.051778 0.006239
1788249796.607500315 -4.837737 0.049523 0.787338 -0.004150 0.998621 -0.051927 0.006597
1788249796.640847206 -4.838589 0.047151 0.780580 -0.003817 0.998605 -0.052169 0.007253
1788249796.674194098 -4.837354 0.048024 0.772728 -0.003787 0.998600 -0.052196 0.007727
1788249796.707540751 -4.836018 0.047262 0.765652 -0.003934 0.998602 -0.052078 0.008152
1788249796.740887880 -4.836553 0.046315 0.759137 -0.003834 0.998594 -0.052156 0.008679
1788249796.774222612 -4.834725 0.044577 0.752002 -0.004029 0.998591 -0.052099 0.009212
1788249796.807556629 -4.834366 0.044243 0.744683 -0.004053 0.998575 -0.052270 0.010000
1788249796.840891600 -4.832899 0.044547 0.737743 -0.004316 0.998566 -0.052337 0.010410
1788249796.874226332 -4.833782 0.044547 0.729789 -0.004332 0.998551 -0.052498 0.011042
1788249796.907560825 -4.833117 0.042694 0.723566 -0.004773 0.998537 -0.052514 0.011948
1788249796.940895557 -4.830153 0.043122 0.716329 -0.004706 0.998527 -0.052616 0.012366
1788249796.974230289 -4.829607 0.046256 0.707334 -0.004815 0.998510 -0.052840 0.012782
1788249797.007565022 -4.831344 0.045076 0.698389 -0.004783 0.998518 -0.052483 0.013557
1788249797.040899277 -4.828181 0.045634 0.691800 -0.005021 0.998498 -0.052734 0.013951
1788249797.074233770 -4.827814 0.044357 0.683872 -0.004930 0.998502 -0.052432 0.014831
1788249797.107568264 -4.826648 0.043033 0.676144 -0.004853 0.998525 -0.051802 0.015525
1788249797.140902519 -4.826243 0.044072 0.669077 -0.004850 0.998509 -0.051923 0.016127
1788249797.174236774 -4.825320 0.044022 0.661402 -0.004769 0.998501 -0.051928 0.016614
1788249797.207570791 -4.825384 0.041385 0.653194 -0.004767 0.998498 -0.051729 0.017432
1788249797.240905046 -4.824643 0.041400 0.646334 -0.004932 0.998472 -0.051901 0.018348
1788249797.274238348 -4.823450 0.041289 0.638956 -0.004780 0.998459 -0.051862 0.019144
1788249797.307572365 -4.821918 0.040645 0.633547 -0.004930 0.998449 -0.051832 0.019709
1788249797.340906382 -4.821274 0.041082 0.625771 -0.005046 0.998423 -0.052084 0.020309
1788249797.374240398 -4.819662 0.038810 0.619537 -0.004934 0.998408 -0.052067 0.021127
1788249797.407574415 -4.819279 0.040281 0.612671 -0.005087 0.998377 -0.052312 0.021938
1788249797.440908194 -4.818475 0.039128 0.604227 -0.004873 0.998378 -0.052023 0.022604
1788249797.474241972 -4.818455 0.038103 0.597799 -0.004642 0.998370 -0.051831 0.023453
1788249797.507575989 -4.816992 0.039240 0.591516 -0.004527 0.998333 -0.052218 0.024168
1788249797.540909052 -4.816969 0.039537 0.583534 -0.004621 0.998300 -0.052404 0.025082
1788249797.574242830 -4.814129 0.037683 0.577033 -0.004594 0.998297 -0.052088 0.025863
1788249797.607576370 -4.812526 0.038114 0.568888 -0.005142 0.998284 -0.052034 0.026382
1788249797.640910149 -4.811162 0.036901 0.562566 -0.005388 0.998263 -0.052024 0.027109
1788249797.674243450 -4.809183 0.037544 0.554738 -0.005627 0.998232 -0.052173 0.027929
1788249797.707576036 -4.809323 0.038444 0.547839 -0.005737 0.998191 -0.052440 0.028833
1788249797.740909338 -4.807159 0.036955 0.541628 -0.005632 0.998179 -0.052443 0.029269
1788249797.774242878 -4.808993 0.037088 0.534918 -0.005341 0.998119 -0.052961 0.030399
1788249797.807576656 -4.808471 0.037369 0.527035 -0.005282 0.998081 -0.053206 0.031235
1788249797.840910196 -4.805698 0.036492 0.521678 -0.005152 0.998056 -0.053325 0.031836
1788249797.874243498 -4.806726 0.035730 0.512689 -0.005043 0.998034 -0.053056 0.032988
1788249797.907577038 -4.805774 0.035219 0.506196 -0.004973 0.998012 -0.052995 0.033750
1788249797.940910101 -4.803119 0.036720 0.498964 -0.005300 0.997988 -0.053063 0.034289
1788249797.974243164 -4.802804 0.036125 0.490670 -0.005845 0.997948 -0.053119 0.035258
1788249798.007576466 -4.799551 0.035045 0.484532 -0.005867 0.997936 -0.052860 0.036001
1788249798.040909529 -4.798312 0.035327 0.476701 -0.005919 0.997917 -0.052709 0.036726
1788249798.074242353 -4.797645 0.034389 0.468654 -0.005969 0.997904 -0.052520 0.037340
1788249798.107575655 -4.795771 0.033131 0.463262 -0.005853 0.997868 -0.052670 0.038080
1788249798.140907288 -4.796539 0.032876 0.454634 -0.005576 0.997821 -0.052744 0.039242
1788249798.174240112 -4.793678 0.035118 0.447979 -0.005838 0.997790 -0.052893 0.039783
1788249798.207572937 -4.791451 0.032759 0.440631 -0.005653 0.997802 -0.052352 0.040230
1788249798.240905523 -4.792707 0.033549 0.432030 -0.005497 0.997759 -0.052452 0.041188
1788249798.274238110 -4.789798 0.032098 0.426761 -0.005653 0.997740 -0.052322 0.041767
1788249798.307570457 -4.790393 0.033888 0.418013 -0.005900 0.997696 -0.052517 0.042552
1788249798.340903282 -4.788135 0.033620 0.410890 -0.005948 0.997671 -0.052522 0.043104
1788249798.374235868 -4.784521 0.034014 0.405179 -0.006210 0.997644 -0.052578 0.043629
1788249798.407567978 -4.784428 0.033266 0.397662 -0.006289 0.997604 -0.052571 0.044531
1788249798.440900326 -4.781433 0.033976 0.391242 -0.006409 0.997584 -0.052616 0.044915
1788249798.474232197 -4.781389 0.032585 0.383344 -0.006126 0.997560 -0.052473 0.045638
1788249798.507564545 -4.782348 0.032474 0.375857 -0.005957 0.997529 -0.052382 0.046435
1788249798.540896654 -4.780700 0.031658 0.368590 -0.005858 0.997509 -0.052351 0.046916
1788249798.574228525 -4.778280 0.032679 0.362062 -0.006013 0.997464 -0.052661 0.047498
1788249798.607559443 -4.777704 0.030990 0.355652 -0.005790 0.997415 -0.052552 0.048653
1788249798.640891314 -4.776140 0.030270 0.348319 -0.005802 0.997375 -0.052392 0.049647
1788249798.674222946 -4.775423 0.029506 0.341333 -0.005785 0.997327 -0.052254 0.050741
1788249798.707554579 -4.772901 0.029032 0.334196 -0.006034 0.997276 -0.052379 0.051575
1788249798.740886688 -4.772582 0.029803 0.326316 -0.006406 0.997202 -0.052411 0.052911
1788249798.774221897 -4.767505 0.027884 0.320439 -0.006487 0.997185 -0.051933 0.053689
1788249798.807557344 -4.766294 0.030975 0.312168 -0.006797 0.997138 -0.051965 0.054484
1788249798.840892792 -4.764029 0.028099 0.305710 -0.006365 0.997131 -0.051337 0.055259
1788249798.874227762 -4.765311 0.028475 0.297125 -0.006294 0.997061 -0.051361 0.056495
1788249798.907563210 -4.762985 0.027781 0.289816 -0.006327 0.997008 -0.051309 0.057467
1788249798.940898418 -4.761992 0.027576 0.283718 -0.006040 0.996962 -0.051122 0.058456
1788249798.974233150 -4.761776 0.028292 0.274634 -0.005901 0.996919 -0.051014 0.059292
1788249799.007568598 -4.759000 0.027734 0.269866 -0.005918 0.996871 -0.051022 0.060088
1788249799.040902615 -4.757884 0.026932 0.261606 -0.005950 0.996799 -0.051021 0.061256
1788249799.074237347 -4.755488 0.027830 0.254502 -0.006273 0.996720 -0.050881 0.062619
1788249799.107572317 -4.754746 0.026683 0.246501 -0.006331 0.996612 -0.050607 0.064530
1788249799.140907288 -4.750868 0.026202 0.240333 -0.006438 0.996512 -0.050596 0.066056
1788249799.174242258 -4.747984 0.026791 0.234686 -0.006589 0.996396 -0.050773 0.067622
1788249799.207576990 -4.745472 0.025020 0.227705 -0.006239 0.996303 -0.050555 0.069173
1788249799.240911722 -4.743256 0.024240 0.222116 -0.005989 0.996168 -0.050699 0.071014
1788249799.274246454 -4.742647 0.025309 0.214325 -0.005813 0.995992 -0.051391 0.072969
1788249799.307580948 -4.739182 0.022506 0.210205 -0.005457 0.995864 -0.051313 0.074779
1788249799.340915680 -4.737490 0.022509 0.204255 -0.005265 0.995722 -0.051538 0.076508
1788249799.374250412 -4.733773 0.023042 0.197859 -0.005223 0.995595 -0.051582 0.078121
1788249799.407584906 -4.733543 0.021779 0.191384 -0.005077 0.995447 -0.051440 0.080088
1788249799.440919399 -4.730625 0.020728 0.185140 -0.005086 0.995311 -0.051589 0.081657
1788249799.474252939 -4.726875 0.022690 0.179091 -0.005062 0.995167 -0.051943 0.083180
1788249799.507587194 -4.727236 0.022136 0.171518 -0.005112 0.994997 -0.051795 0.085273
1788249799.540921450 -4.722813 0.022735 0.165729 -0.005566 0.994860 -0.051837 0.086809
1788249799.574255943 -4.717898 0.022392 0.159619 -0.005933 0.994714 -0.051814 0.088456
1788249799.607590199 -4.713612 0.022903 0.152010 -0.006231 0.994568 -0.051584 0.090197
1788249799.640924454 -4.711436 0.020835 0.144209 -0.006364 0.994442 -0.050832 0.091982
1788249799.674258471 -4.707769 0.024041 0.138941 -0.006543 0.994280 -0.051230 0.093493
1788249799.707592726 -4.704602 0.021633 0.133136 -0.006597 0.994123 -0.051125 0.095193
1788249799.740926743 -4.702658 0.021567 0.126280 -0.006562 0.993927 -0.051115 0.097229
1788249799.774264097 -4.698836 0.021060 0.119761 -0.006600 0.993773 -0.051044 0.098825
1788249799.807601452 -4.696413 0.021513 0.113360 -0.006666 0.993595 -0.050989 0.100617
1788249799.840938568 -4.694072 0.021582 0.105760 -0.006554 0.993384 -0.051016 0.102678
1788249799.874275923 -4.690200 0.020676 0.099439 -0.006624 0.993224 -0.050728 0.104348
1788249799.907613039 -4.687735 0.021238 0.092857 -0.006579 0.993052 -0.050726 0.105979
1788249799.940949440 -4.685487 0.018758 0.085913 -0.006775 0.992882 -0.050601 0.107605
1788249799.974286079 -4.681416 0.020214 0.080099 -0.007078 0.992661 -0.050950 0.109444
1788249800.007623196 -4.678246 0.016806 0.072700 -0.007250 0.992462 -0.050463 0.111446
1788249800.040960550 -4.674624 0.016267 0.068295 -0.007441 0.992284 -0.050280 0.113088
1788249800.074297667 -4.670449 0.018496 0.062326 -0.007977 0.992087 -0.050453 0.114690
1788249800.107634544 -4.667997 0.015013 0.056689 -0.007506 0.991889 -0.049976 0.116629
1788249800.140971899 -4.665725 0.014562 0.050401 -0.007134 0.991665 -0.050005 0.118530
1788249800.174308777 -4.664068 0.013973 0.045424 -0.006775 0.991482 -0.049813 0.120150
1788249800.207645655 -4.659863 0.014813 0.039464 -0.007199 0.991296 -0.050062 0.121550
1788249800.240982533 -4.657852 0.014556 0.032294 -0.007516 0.991020 -0.050281 0.123670
1788249800.274319410 -4.655955 0.010932 0.027540 -0.007602 0.990807 -0.049799 0.125554
1788249800.307656288 -4.650004 0.014850 0.020331 -0.007523 0.990597 -0.050187 0.127054
1788249800.340993404 -4.647729 0.014187 0.014951 -0.007304 0.990381 -0.050088 0.128779
1788249800.374329090 -4.646593 0.014065 0.008407 -0.007026 0.990106 -0.050386 0.130773
1788249800.407665730 -4.640558 0.014116 0.003083 -0.007173 0.989897 -0.050567 0.132270
1788249800.441002846 -4.638029 0.013848 -0.004668 -0.007175 0.989685 -0.050508 0.133873
1788249800.474339724 -4.636160 0.012193 -0.010420 -0.007540 0.989557 -0.050331 0.134861
1788249800.507676363 -4.631944 0.013714 -0.015635 -0.007612 0.989418 -0.050668 0.135744
1788249800.541013002 -4.628899 0.010417 -0.022048 -0.007677 0.989258 -0.050391 0.137003
1788249800.574349642 -4.629333 0.009292 -0.026627 -0.007349 0.989117 -0.050144 0.138124
1788249800.607686520 -4.623548 0.010698 -0.032437 -0.007489 0.989066 -0.050466 0.138365
1788249800.641023397 -4.624744 0.007813 -0.041037 -0.007242 0.988880 -0.050149 0.139816
1788249800.674359560 -4.621665 0.008535 -0.045101 -0.006985 0.988750 -0.050363 0.140669
1788249800.707696438 -4.618030 0.009950 -0.051584 -0.007162 0.988607 -0.050518 0.141608
1788249800.741033077 -4.616169 0.007930 -0.056939 -0.007200 0.988505 -0.050206 0.142425
1788249800.774371862 -4.611852 0.009605 -0.062952 -0.007448 0.988413 -0.050201 0.143053
1788249800.807709455 -4.608793 0.005921 -0.069256 -0.007893 0.988275 -0.050203 0.143981
1788249800.841048241 -4.607386 0.006527 -0.076863 -0.007574 0.988087 -0.050474 0.145189
1788249800.874387026 -4.604821 0.008017 -0.081880 -0.007737 0.987921 -0.050687 0.146233
1788249800.907725573 -4.601087 0.009344 -0.085711 -0.007893 0.987789 -0.050966 0.147012
1788249800.941064358 -4.598563 0.006361 -0.092326 -0.007779 0.987640 -0.050979 0.148016
1788249800.974403143 -4.594469 0.005349 -0.097539 -0.007804 0.987547 -0.051012 0.148617
1788249801.007741690 -4.594845 0.004834 -0.105252 -0.007426 0.987353 -0.050947 0.149942
1788249801.041080475 -4.591403 0.005388 -0.110814 -0.007056 0.987253 -0.050898 0.150637
1788249801.074419022 -4.590221 0.004955 -0.117741 -0.007316 0.987102 -0.050791 0.151649
1788249801.107758045 -4.584318 0.007227 -0.123938 -0.007594 0.986971 -0.051176 0.152356
1788249801.141096592 -4.582515 0.006105 -0.130766 -0.007957 0.986769 -0.050836 0.153748
1788249801.174435139 -4.579439 0.004613 -0.136956 -0.008042 0.986578 -0.050490 0.155083
1788249801.207773924 -4.578249 0.000395 -0.141069 -0.008208 0.986432 -0.049898 0.156189
1788249801.241112471 -4.573556 0.004053 -0.148252 -0.008022 0.986319 -0.050371 0.156756
1788249801.274450064 -4.573140 0.004204 -0.155258 -0.007694 0.986107 -0.050616 0.158022
1788249801.307788849 -4.569133 0.004535 -0.160522 -0.007618 0.985905 -0.051018 0.159158
1788249801.341127634 -4.566952 0.003736 -0.166169 -0.007191 0.985734 -0.050966 0.160250
1788249801.374466181 -4.564109 0.004093 -0.171768 -0.007086 0.985641 -0.051058 0.160793
1788249801.407804728 -4.563278 0.002731 -0.178362 -0.006747 0.985493 -0.050666 0.161834
1788249801.441143513 -4.559182 0.003133 -0.183690 -0.006808 0.985328 -0.050887 0.162764
1788249801.474482059 -4.557198 0.002998 -0.191363 -0.006581 0.985147 -0.050730 0.163913
1788249801.507820606 -4.554087 0.003509 -0.197231 -0.006557 0.985030 -0.050746 0.164616
1788249801.541159391 -4.552919 0.001700 -0.201837 -0.006491 0.984890 -0.050290 0.165592
1788249801.574497938 -4.549354 0.002168 -0.209174 -0.006584 0.984719 -0.050171 0.166639
1788249801.607836485 -4.546481 0.001664 -0.214649 -0.006681 0.984544 -0.050218 0.167652
1788249801.641175270 -4.542940 -0.000022 -0.219320 -0.006745 0.984406 -0.050249 0.168444
1788249801.674513817 -4.540897 0.000333 -0.226321 -0.006487 0.984224 -0.050230 0.169520
1788249801.707851410 -4.539106 0.000691 -0.232644 -0.006666 0.984023 -0.050257 0.170673
1788249801.741189957 -4.534074 -0.001588 -0.237312 -0.007025 0.983878 -0.050145 0.171525
1788249801.774526834 -4.531022 -0.001718 -0.243219 -0.007222 0.983640 -0.050470 0.172779
1788249801.807863474 -4.527279 -0.001040 -0.246705 -0.007098 0.983476 -0.050730 0.173640
1788249801.841199636 -4.524523 -0.000455 -0.252360 -0.006687 0.983288 -0.050887 0.174675
1788249801.874536514 -4.522562 -0.002943 -0.257562 -0.006509 0.983074 -0.050854 0.175891
1788249801.907872915 -4.518664 -0.002701 -0.261933 -0.006621 0.982888 -0.051422 0.176759
1788249801.941209555 -4.515520 -0.004008 -0.267234 -0.006871 0.982584 -0.051822 0.178316
1788249801.974545717 -4.511188 -0.002433 -0.271227 -0.006983 0.982334 -0.052160 0.179584
1788249802.007882118 -4.507987 -0.004394 -0.276751 -0.007413 0.982106 -0.051892 0.180887
1788249802.041218758 -4.504374 -0.006069 -0.281703 -0.007488 0.981913 -0.051828 0.181949
1788249802.074554682 -4.502098 -0.005723 -0.287082 -0.007751 0.981634 -0.052259 0.183314
1788249802.107891321 -4.496004 -0.007829 -0.291050 -0.008118 0.981432 -0.052115 0.184418
1788249802.141226292 -4.492115 -0.005453 -0.296656 -0.008173 0.981172 -0.052633 0.185644
1788249802.174562693 -4.488917 -0.007128 -0.302337 -0.008256 0.980954 -0.052420 0.186848
1788249802.207898617 -4.484885 -0.004715 -0.309010 -0.008364 0.980702 -0.052612 0.188109
1788249802.241235018 -4.480994 -0.006505 -0.313921 -0.008610 0.980498 -0.052337 0.189239
1788249802.274570942 -4.480968 -0.011330 -0.315828 -0.008952 0.980277 -0.051636 0.190553
1788249802.307907104 -4.476594 -0.012684 -0.322294 -0.008784 0.980081 -0.051395 0.191630
1788249802.341243029 -4.472840 -0.014247 -0.325793 -0.009018 0.979888 -0.051486 0.192578
1788249802.374578953 -4.470959 -0.014090 -0.331409 -0.008963 0.979595 -0.051967 0.193938
1788249802.407914877 -4.467439 -0.014538 -0.336299 -0.009236 0.979321 -0.052216 0.195240
1788249802.441251040 -4.462437 -0.015942 -0.342057 -0.009541 0.979062 -0.052310 0.196493
1788249802.474586725 -4.459357 -0.015838 -0.345452 -0.009498 0.978808 -0.052435 0.197727
1788249802.507922649 -4.456104 -0.014360 -0.352138 -0.009093 0.978484 -0.052597 0.199299
1788249802.541258335 -4.453522 -0.015153 -0.356843 -0.008875 0.978224 -0.052625 0.200574
1788249802.574594259 -4.449767 -0.015171 -0.360607 -0.008572 0.977969 -0.052861 0.201763
1788249802.607928991 -4.447884 -0.016744 -0.366770 -0.008195 0.977624 -0.052702 0.203487
1788249802.641264439 -4.444194 -0.016410 -0.372330 -0.008385 0.977320 -0.052741 0.204922
1788249802.674600363 -4.438815 -0.016752 -0.376561 -0.008690 0.977101 -0.052455 0.206025
1788249802.707935810 -4.435428 -0.016036 -0.384832 -0.009052 0.976779 -0.052701 0.207470
1788249802.741271496 -4.431093 -0.017166 -0.388470 -0.009198 0.976491 -0.052852 0.208774
1788249802.774610758 -4.428038 -0.018460 -0.391782 -0.008944 0.976213 -0.052659 0.210133
1788249802.807964563 -4.426176 -0.018150 -0.399559 -0.008264 0.975811 -0.052553 0.212044
1788249802.841338873 -4.422807 -0.019937 -0.403583 -0.007999 0.975345 -0.052334 0.214243
1788249802.874713421 -4.416189 -0.017852 -0.411069 -0.007578 0.974807 -0.052251 0.216713
1788249802.908088207 -4.415254 -0.017181 -0.417629 -0.007074 0.974277 -0.051797 0.219205
1788249802.941463232 -4.409933 -0.016269 -0.424222 -0.006666 0.973869 -0.050911 0.221232
1788249802.974838495 -4.404105 -0.016303 -0.430850 -0.006795 0.973419 -0.050197 0.223361
1788249803.008213520 -4.401769 -0.018227 -0.438581 -0.006921 0.972814 -0.049825 0.226058
1788249803.041588306 -4.396826 -0.018620 -0.444374 -0.007033 0.972232 -0.049622 0.228592
1788249803.074964046 -4.393660 -0.018392 -0.451005 -0.006738 0.971631 -0.049159 0.231238
1788249803.108340025 -4.388573 -0.017755 -0.455367 -0.006618 0.971187 -0.049099 0.233111
1788249803.141716003 -4.385876 -0.019837 -0.458384 -0.006548 0.970593 -0.049140 0.235568
1788249803.175092697 -4.381495 -0.019319 -0.462754 -0.006430 0.969865 -0.049321 0.238513
1788249803.208469152 -4.375894 -0.021771 -0.463900 -0.006726 0.969179 -0.049011 0.241340
1788249803.241845846 -4.369547 -0.021255 -0.467486 -0.007150 0.968395 -0.049369 0.244381
1788249803.275222778 -4.361383 -0.019818 -0.471488 -0.007281 0.967573 -0.049571 0.247571
1788249803.308599949 -4.357356 -0.022743 -0.476910 -0.007196 0.966610 -0.049273 0.251368
1788249803.341977358 -4.352014 -0.020608 -0.481597 -0.006820 0.965667 -0.049669 0.254901
1788249803.375354767 -4.345528 -0.020296 -0.484807 -0.006610 0.964756 -0.050044 0.258258
1788249803.408732414 -4.341951 -0.024051 -0.487736 -0.006433 0.963909 -0.049751 0.261465
1788249803.442110538 -4.336124 -0.021714 -0.490773 -0.005893 0.963099 -0.049957 0.264403
1788249803.475487709 -4.330132 -0.023394 -0.493326 -0.005735 0.962121 -0.049860 0.267962
1788249803.508866072 -4.326174 -0.022973 -0.496233 -0.005572 0.961093 -0.050124 0.271580
1788249803.542244434 -4.319082 -0.023219 -0.502698 -0.005349 0.960020 -0.050104 0.275358
1788249803.575623274 -4.312717 -0.023299 -0.503376 -0.005319 0.959021 -0.050272 0.278788
1788249803.609002352 -4.305589 -0.022800 -0.507572 -0.005209 0.957843 -0.050618 0.282751
1788249803.642381430 -4.300983 -0.023294 -0.510716 -0.005133 0.956630 -0.050469 0.286854
1788249803.675760508 -4.292626 -0.023824 -0.514070 -0.004993 0.955565 -0.050091 0.290452
1788249803.709140301 -4.288673 -0.025067 -0.518237 -0.005087 0.954361 -0.049848 0.294421
1788249803.742519855 -4.280799 -0.023684 -0.519746 -0.005410 0.953198 -0.050421 0.298063
1788249803.775900126 -4.273222 -0.023008 -0.525821 -0.005040 0.951998 -0.050247 0.301911
1788249803.809261084 -4.267671 -0.021822 -0.529199 -0.004975 0.950926 -0.050261 0.305268
1788249803.842597246 -4.261595 -0.023218 -0.529639 -0.004661 0.950225 -0.050280 0.307444
1788249803.875933409 -4.257367 -0.022492 -0.535964 -0.004468 0.949253 -0.050309 0.310431
1788249803.909268141 -4.250451 -0.024104 -0.538016 -0.004731 0.948429 -0.049946 0.312994
1788249803.942604065 -4.245759 -0.023697 -0.541969 -0.004737 0.947476 -0.049919 0.315871
1788249803.975939989 -4.237740 -0.026017 -0.543603 -0.005235 0.946629 -0.049921 0.318394
1788249804.009275913 -4.233021 -0.022763 -0.547933 -0.005302 0.945610 -0.050184 0.321366
1788249804.042611837 -4.226232 -0.022249 -0.552520 -0.005517 0.944752 -0.050074 0.323891
1788249804.075947523 -4.220005 -0.024070 -0.556218 -0.005525 0.943995 -0.049955 0.326109
1788249804.109283447 -4.215722 -0.023638 -0.559773 -0.005514 0.943159 -0.050170 0.328486
1788249804.142619133 -4.209612 -0.023095 -0.562313 -0.005533 0.942417 -0.049957 0.330642
1788249804.175955296 -4.204526 -0.025169 -0.565948 -0.005694 0.941685 -0.049506 0.332785
1788249804.209290981 -4.197631 -0.024462 -0.568372 -0.005916 0.940936 -0.049637 0.334875
1788249804.242626667 -4.191749 -0.024560 -0.572924 -0.006348 0.940189 -0.049751 0.336942
1788249804.275962114 -4.186007 -0.027635 -0.576281 -0.006521 0.939564 -0.049196 0.338757
1788249804.309297800 -4.179229 -0.027331 -0.581393 -0.006264 0.938912 -0.048966 0.340600
1788249804.342633247 -4.174281 -0.025748 -0.584780 -0.005960 0.938232 -0.049286 0.342427
1788249804.375967741 -4.170194 -0.025002 -0.588745 -0.005584 0.937497 -0.049446 0.344418
1788249804.409303665 -4.164326 -0.024444 -0.593284 -0.005624 0.936747 -0.049389 0.346459
1788249804.442638874 -4.155965 -0.025235 -0.596555 -0.005837 0.936124 -0.048961 0.348197
1788249804.475974560 -4.149201 -0.025654 -0.601319 -0.006386 0.935459 -0.048668 0.350010
1788249804.509309769 -4.143329 -0.026072 -0.602887 -0.006955 0.934759 -0.048703 0.351859
1788249804.542645454 -4.135821 -0.026292 -0.606086 -0.007416 0.934013 -0.048612 0.353839
1788249804.575980902 -4.130367 -0.026137 -0.607377 -0.007619 0.933275 -0.048181 0.355834
1788249804.609316111 -4.124614 -0.024881 -0.610430 -0.007596 0.932504 -0.048319 0.357833
1788249804.642651796 -4.119971 -0.024552 -0.614809 -0.007609 0.931659 -0.048581 0.359991
1788249804.675987005 -4.113245 -0.027143 -0.619719 -0.007553 0.930812 -0.048457 0.362193
1788249804.709322214 -4.108981 -0.026499 -0.620587 -0.007160 0.930037 -0.048579 0.364171
1788249804.742657661 -4.103137 -0.025685 -0.624326 -0.007115 0.929297 -0.048833 0.366022
1788249804.775992632 -4.097677 -0.025696 -0.627199 -0.007135 0.928560 -0.049119 0.367848
1788249804.809328794 -4.093125 -0.023688 -0.631658 -0.007099 0.927758 -0.049419 0.369827
1788249804.842667580 -4.087932 -0.026396 -0.635210 -0.006781 0.926987 -0.048974 0.371820
1788249804.876006842 -4.083550 -0.028194 -0.636745 -0.006588 0.926313 -0.048814 0.373522
1788249804.909345865 -4.078262 -0.027187 -0.640030 -0.006172 0.925661 -0.049158 0.375097
1788249804.942684889 -4.072860 -0.028047 -0.644087 -0.006080 0.925023 -0.049209 0.376663
1788249804.976023912 -4.068196 -0.026894 -0.649228 -0.005998 0.924267 -0.049263 0.378506
1788249805.009362459 -4.062615 -0.025881 -0.654507 -0.005815 0.923537 -0.049236 0.380290
1788249805.042701721 -4.055204 -0.026294 -0.656426 -0.005914 0.922938 -0.049458 0.381712
1788249805.076040506 -4.048847 -0.025546 -0.658678 -0.005809 0.922285 -0.049944 0.383226
1788249805.109379530 -4.045465 -0.027263 -0.663329 -0.005456 0.921492 -0.049961 0.385133
1788249805.142718315 -4.039989 -0.027277 -0.666712 -0.005229 0.920775 -0.050123 0.386825
1788249805.176057339 -4.034669 -0.027646 -0.668671 -0.004788 0.920181 -0.050396 0.388207
1788249805.209396362 -4.029591 -0.027047 -0.673883 -0.004688 0.919341 -0.050812 0.390138
1788249805.242735147 -4.023499 -0.027785 -0.674318 -0.004534 0.918636 -0.051051 0.391767
1788249805.276072741 -4.018467 -0.028546 -0.678897 -0.004267 0.917818 -0.050663 0.393733
1788249805.309411764 -4.012218 -0.031305 -0.682114 -0.004320 0.917155 -0.050185 0.395335
1788249805.342750549 -4.006281 -0.030877 -0.684197 -0.003963 0.916589 -0.050653 0.396589
1788249805.376089573 -4.004330 -0.030946 -0.688891 -0.003472 0.915822 -0.051044 0.398312
1788249805.409428120 -3.999840 -0.031956 -0.689684 -0.003041 0.915215 -0.051013 0.399712
1788249805.442766905 -3.993753 -0.034535 -0.693399 -0.002883 0.914588 -0.050498 0.401212
1788249805.476105928 -3.988168 -0.033191 -0.698853 -0.002917 0.913883 -0.050540 0.402809
1788249805.509444475 -3.981915 -0.031076 -0.701410 -0.003016 0.913350 -0.050782 0.403986
1788249805.542783022 -3.976151 -0.033536 -0.704646 -0.003126 0.912808 -0.050454 0.405249
1788249805.576122046 -3.969530 -0.031588 -0.709809 -0.002845 0.912254 -0.050450 0.406497
1788249805.609460592 -3.965166 -0.032580 -0.714510 -0.002726 0.911681 -0.050385 0.407789
1788249805.642799139 -3.959011 -0.032967 -0.715742 -0.002966 0.911201 -0.050787 0.408809
1788249805.676137924 -3.953295 -0.032446 -0.721141 -0.003052 0.910358 -0.050984 0.410659
1788249805.709475517 -3.946816 -0.031351 -0.723954 -0.003127 0.909804 -0.051096 0.411870
1788249805.742814064 -3.939168 -0.031058 -0.726181 -0.003171 0.909297 -0.051193 0.412974
1788249805.776152611 -3.936243 -0.031131 -0.728990 -0.003256 0.908638 -0.051270 0.414413
1788249805.809494972 -3.929601 -0.031384 -0.731624 -0.003127 0.908080 -0.051219 0.415642
1788249805.842842340 -3.923424 -0.030763 -0.734153 -0.003000 0.907534 -0.051532 0.416795
1788249805.876189232 -3.917859 -0.033200 -0.738386 -0.002911 0.906986 -0.050983 0.418053
1788249805.909536362 -3.912518 -0.033222 -0.741617 -0.002929 0.906440 -0.050772 0.419262
1788249805.942883968 -3.905287 -0.032674 -0.744848 -0.003408 0.905795 -0.050953 0.420629
1788249805.976231337 -3.900023 -0.033230 -0.748615 -0.003563 0.905113 -0.050874 0.422101
1788249806.009578705 -3.893696 -0.032520 -0.752989 -0.003467 0.904460 -0.050897 0.423496
1788249806.042925835 -3.888940 -0.030629 -0.758751 -0.003209 0.903772 -0.050910 0.424964
1788249806.076273441 -3.883056 -0.034420 -0.760005 -0.003306 0.903302 -0.050573 0.426000
1788249806.109620810 -3.876659 -0.032920 -0.762110 -0.003353 0.902728 -0.050985 0.427166
1788249806.142967701 -3.869667 -0.032293 -0.766346 -0.003410 0.902060 -0.051017 0.428571
1788249806.176315069 -3.864129 -0.033392 -0.768673 -0.003374 0.901493 -0.050508 0.429822
1788249806.209662914 -3.859396 -0.033103 -0.773307 -0.003558 0.900812 -0.050562 0.431240
1788249806.243010521 -3.853351 -0.034749 -0.774967 -0.003860 0.900107 -0.050550 0.432709
1788249806.276358366 -3.845405 -0.034627 -0.777114 -0.003871 0.899497 -0.050830 0.433943
1788249806.309705734 -3.839850 -0.034968 -0.782316 -0.003597 0.898753 -0.050652 0.435504
1788249806.343053818 -3.834631 -0.034634 -0.785378 -0.003440 0.898220 -0.050663 0.436604
1788249806.376401663 -3.829094 -0.035956 -0.787255 -0.003456 0.897851 -0.050768 0.437348
1788249806.409749508 -3.823483 -0.037549 -0.792015 -0.003132 0.897319 -0.050448 0.438479
1788249806.443097353 -3.818442 -0.034586 -0.797386 -0.002982 0.896833 -0.050771 0.439436
1788249806.476445436 -3.811982 -0.035209 -0.801707 -0.002856 0.896521 -0.050572 0.440096
1788249806.509793758 -3.805817 -0.034711 -0.802666 -0.002879 0.896220 -0.051076 0.440649
1788249806.543141842 -3.802266 -0.035217 -0.808479 -0.003098 0.895495 -0.051409 0.442081
1788249806.576488733 -3.795485 -0.036430 -0.810010 -0.003352 0.895076 -0.051442 0.442924
1788249806.609836817 -3.788875 -0.036866 -0.810497 -0.003671 0.894766 -0.051321 0.443561
1788249806.643185377 -3.782960 -0.038034 -0.817385 -0.003683 0.894160 -0.051061 0.444811
1788249806.676533699 -3.777663 -0.037798 -0.818646 -0.003786 0.893746 -0.051051 0.445643
1788249806.709882021 -3.771516 -0.036669 -0.822295 -0.003475 0.893315 -0.051233 0.446487
1788249806.743230343 -3.765338 -0.037671 -0.827139 -0.003195 0.892906 -0.051024 0.447331
1788249806.776578665 -3.761232 -0.037919 -0.829416 -0.002903 0.892548 -0.050869 0.448066
1788249806.809925795 -3.755400 -0.038777 -0.834741 -0.003106 0.892019 -0.050582 0.449148
1788249806.843270540 -3.748174 -0.037344 -0.835582 -0.003045 0.891703 -0.050590 0.449775
1788249806.876615524 -3.742159 -0.038718 -0.839910 -0.003359 0.891190 -0.050610 0.450785
1788249806.909960508 -3.736266 -0.037805 -0.842548 -0.003386 0.890790 -0.050655 0.451570
1788249806.943305492 -3.730522 -0.037160 -0.848475 -0.003446 0.890174 -0.050664 0.452781
1788249806.976650953 -3.723773 -0.038493 -0.850213 -0.003437 0.889844 -0.050554 0.453442
1788249807.009995937 -3.718323 -0.038569 -0.853915 -0.003379 0.889342 -0.050638 0.454417
1788249807.043339968 -3.711616 -0.039613 -0.853925 -0.003468 0.889039 -0.050496 0.455025
1788249807.076685190 -3.706303 -0.039281 -0.861824 -0.003268 0.888447 -0.050310 0.456202
1788249807.110030413 -3.699776 -0.038671 -0.863661 -0.003304 0.888184 -0.050466 0.456695
1788249807.143375635 -3.694401 -0.037186 -0.866107 -0.003216 0.887821 -0.050756 0.457369
1788249807.176720858 -3.688711 -0.040130 -0.869723 -0.003484 0.887291 -0.050613 0.458411
1788249807.210066080 -3.682678 -0.040960 -0.873575 -0.003463 0.886752 -0.050224 0.459495
1788249807.243411303 -3.675526 -0.039830 -0.876494 -0.003528 0.886357 -0.050383 0.460240
1788249807.276756525 -3.670104 -0.040530 -0.879114 -0.003519 0.885898 -0.050342 0.461128
1788249807.310101986 -3.664952 -0.038679 -0.881757 -0.002928 0.885337 -0.050712 0.462166
1788249807.343447447 -3.659170 -0.041376 -0.885761 -0.002828 0.884771 -0.050672 0.463255
1788249807.376792908 -3.652681 -0.040546 -0.888973 -0.002533 0.884386 -0.050968 0.463959
1788249807.410138130 -3.647747 -0.040819 -0.892019 -0.002311 0.883958 -0.051076 0.464763
1788249807.443483829 -3.643211 -0.042847 -0.893080 -0.002405 0.883528 -0.051034 0.465583
1788249807.476828337 -3.637677 -0.040906 -0.898421 -0.002195 0.883026 -0.051233 0.466515
1788249807.510173798 -3.631424 -0.042453 -0.899304 -0.002156 0.882713 -0.051165 0.467115
1788249807.543519020 -3.626909 -0.041379 -0.901808 -0.001966 0.882292 -0.051323 0.467892
1788249807.576864719 -3.619609 -0.042596 -0.905953 -0.002095 0.881860 -0.051014 0.468740
1788249807.610210419 -3.613626 -0.044589 -0.907481 -0.002310 0.881458 -0.050890 0.469506
1788249807.643555880 -3.607413 -0.042953 -0.912400 -0.002045 0.880967 -0.051087 0.470408
1788249807.676901579 -3.600171 -0.042541 -0.915713 -0.001993 0.880635 -0.051198 0.471016
1788249807.710247278 -3.595564 -0.044203 -0.916182 -0.001957 0.880371 -0.050691 0.471565
1788249807.743592739 -3.589778 -0.046776 -0.920766 -0.002307 0.879955 -0.050539 0.472355
1788249807.776938677 -3.582968 -0.045307 -0.927173 -0.002371 0.879491 -0.051031 0.473166
1788249807.810280800 -3.577120 -0.045100 -0.926759 -0.002506 0.879174 -0.051253 0.473730
1788249807.843618393 -3.569312 -0.044446 -0.929904 -0.002610 0.879007 -0.051322 0.474032
1788249807.876956224 -3.564875 -0.046940 -0.935171 -0.002484 0.879116 -0.051243 0.473838
1788249807.910292625 -3.560080 -0.044223 -0.939551 -0.002166 0.879118 -0.051597 0.473799
1788249807.943630219 -3.554153 -0.046978 -0.942649 -0.001886 0.879024 -0.051037 0.474034
1788249807.976967812 -3.548069 -0.045461 -0.948573 -0.001693 0.878917 -0.051018 0.474236
1788249808.010305405 -3.541023 -0.043849 -0.950196 -0.001736 0.879095 -0.051049 0.473902
1788249808.043642998 -3.536195 -0.045345 -0.955482 -0.001961 0.878935 -0.050790 0.474226
1788249808.076980352 -3.528757 -0.046051 -0.957713 -0.002334 0.878979 -0.051056 0.474114
1788249808.110317945 -3.522175 -0.047901 -0.963978 -0.002473 0.878810 -0.050864 0.474446
1788249808.143655300 -3.517356 -0.048776 -0.967914 -0.002708 0.878684 -0.050884 0.474677
1788249808.176992893 -3.511460 -0.046310 -0.969627 -0.002829 0.878668 -0.051498 0.474639
1788249808.210330248 -3.506690 -0.049199 -0.972920 -0.002598 0.878638 -0.050991 0.474751
1788249808.243667841 -3.499470 -0.048279 -0.980285 -0.002479 0.878571 -0.050843 0.474892
1788249808.277005196 -3.490320 -0.044112 -0.987109 -0.001930 0.878650 -0.050663 0.474766
1788249808.310342789 -3.485337 -0.048680 -0.988211 -0.002397 0.878883 -0.050353 0.474367
1788249808.343680143 -3.480126 -0.048281 -0.996319 -0.002201 0.878675 -0.049675 0.474824
1788249808.377016544 -3.473925 -0.048333 -1.000487 -0.002230 0.878648 -0.049325 0.474911
1788249808.410353661 -3.466304 -0.049183 -1.004327 -0.002293 0.878657 -0.049798 0.474845
1788249808.443691015 -3.461192 -0.050822 -1.005043 -0.002492 0.878754 -0.049929 0.474649
1788249808.477028370 -3.454264 -0.052005 -1.007274 -0.002791 0.878744 -0.050086 0.474650
1788249808.510365725 -3.448804 -0.050765 -1.012085 -0.002850 0.878452 -0.050226 0.475175
1788249808.543703079 -3.443210 -0.051277 -1.017160 -0.002682 0.878295 -0.050028 0.475487
1788249808.577040434 -3.437065 -0.050110 -1.022362 -0.002174 0.878340 -0.050108 0.475398
1788249808.610377789 -3.430243 -0.049415 -1.026712 -0.001874 0.878415 -0.050130 0.475259
1788249808.643714905 -3.423900 -0.050933 -1.029313 -0.002082 0.878545 -0.049968 0.475034
1788249808.677052259 -3.417169 -0.051768 -1.033964 -0.002042 0.878556 -0.049502 0.475063
1788249808.710389614 -3.410933 -0.054990 -1.037755 -0.002438 0.878593 -0.049221 0.475022
1788249808.743726969 -3.403101 -0.053107 -1.040807 -0.002483 0.878676 -0.049453 0.474843
1788249808.777064085 -3.397175 -0.053656 -1.045488 -0.002775 0.878641 -0.049519 0.474901
1788249808.810400009 -3.391022 -0.055203 -1.048038 -0.003220 0.878511 -0.049405 0.475150
1788249808.843736887 -3.385042 -0.054138 -1.052118 -0.003166 0.878381 -0.049573 0.475373
1788249808.877073526 -3.379984 -0.054959 -1.055969 -0.002770 0.878343 -0.049651 0.475437
1788249808.910410404 -3.372901 -0.055463 -1.059357 -0.002385 0.878272 -0.049530 0.475583
1788249808.943747044 -3.367023 -0.056663 -1.065348 -0.001959 0.878011 -0.049334 0.476088
1788249808.977083445 -3.361464 -0.055390 -1.068007 -0.002115 0.877739 -0.049696 0.476550
1788249809.010420322 -3.356445 -0.056107 -1.072256 -0.002123 0.877410 -0.049770 0.477149
1788249809.043756962 -3.349778 -0.059377 -1.074652 -0.002574 0.877167 -0.050041 0.477563
1788249809.077093840 -3.345109 -0.057723 -1.076621 -0.002645 0.876758 -0.050348 0.478281
1788249809.110430002 -3.336636 -0.058619 -1.080230 -0.002857 0.876435 -0.050270 0.478880
1788249809.143766642 -3.329882 -0.057868 -1.083732 -0.003055 0.876092 -0.050088 0.479526
1788249809.177103281 -3.322291 -0.058896 -1.086194 -0.003514 0.875502 -0.050070 0.480601
1788249809.210439444 -3.314543 -0.060836 -1.087249 -0.003631 0.874739 -0.049566 0.482039
1788249809.243776083 -3.307621 -0.059692 -1.090551 -0.003405 0.873850 -0.049711 0.483637
1788249809.277111292 -3.302817 -0.062452 -1.089904 -0.003555 0.873256 -0.049291 0.484749
1788249809.310447931 -3.294383 -0.061600 -1.094450 -0.003681 0.872332 -0.049705 0.486366
1788249809.343784332 -3.286874 -0.057712 -1.093386 -0.003743 0.871397 -0.050393 0.487968
1788249809.377120256 -3.279217 -0.060062 -1.098152 -0.004138 0.870153 -0.049824 0.490239
1788249809.410456896 -3.270146 -0.058426 -1.099848 -0.004089 0.869298 -0.049448 0.491793
1788249809.443793058 -3.262585 -0.057099 -1.104801 -0.004012 0.868215 -0.049195 0.493727
1788249809.477129698 -3.256251 -0.058927 -1.108219 -0.003859 0.867222 -0.048906 0.495499
1788249809.510465622 -3.250357 -0.057211 -1.112916 -0.003315 0.866069 -0.048895 0.497516
1788249809.543802023 -3.242196 -0.058344 -1.113587 -0.003349 0.865120 -0.048631 0.499191
1788249809.577137947 -3.234998 -0.057344 -1.114718 -0.003518 0.864233 -0.048822 0.500705
1788249809.610474348 -3.227501 -0.057732 -1.117351 -0.003862 0.863062 -0.048879 0.502713
1788249809.643810511 -3.222595 -0.058867 -1.118301 -0.004246 0.861939 -0.048477 0.504671
1788249809.677146435 -3.214746 -0.060396 -1.117766 -0.004625 0.861222 -0.047860 0.505949
1788249809.710481405 -3.205204 -0.058271 -1.121213 -0.004285 0.860211 -0.047809 0.507674
1788249809.743817568 -3.198428 -0.056152 -1.124625 -0.003868 0.859274 -0.048207 0.509225
1788249809.777153492 -3.192359 -0.057873 -1.127254 -0.003587 0.858321 -0.047870 0.510863
1788249809.810495615 -3.186691 -0.058287 -1.130695 -0.003389 0.857331 -0.047650 0.512544
1788249809.843846083 -3.179254 -0.058631 -1.132270 -0.003519 0.856456 -0.047544 0.514014
1788249809.877196550 -3.169734 -0.058899 -1.131757 -0.004150 0.855506 -0.047940 0.515552
1788249809.910547256 -3.162814 -0.058942 -1.132489 -0.004167 0.854517 -0.047745 0.517208
1788249809.943897963 -3.156491 -0.058917 -1.137340 -0.004096 0.853425 -0.047595 0.519023
1788249809.977248907 -3.151361 -0.060127 -1.137073 -0.004051 0.852603 -0.047483 0.520381
1788249810.010599852 -3.143292 -0.059171 -1.142390 -0.003595 0.851532 -0.047506 0.522134
1788249810.043950558 -3.135467 -0.059261 -1.143344 -0.003517 0.850760 -0.047534 0.523388
1788249810.077301502 -3.129664 -0.057684 -1.145717 -0.003685 0.849916 -0.047726 0.524739
1788249810.110652685 -3.122454 -0.058085 -1.148994 -0.003699 0.849059 -0.047281 0.526165
1788249810.144002914 -3.113385 -0.055826 -1.148467 -0.004127 0.848282 -0.047841 0.527364
1788249810.177354336 -3.105897 -0.057491 -1.150333 -0.004393 0.847474 -0.047500 0.528688
1788249810.210705757 -3.098753 -0.059208 -1.150715 -0.004719 0.847042 -0.046931 0.529428
1788249810.244056940 -3.091670 -0.059475 -1.155404 -0.004956 0.846309 -0.046786 0.530611
1788249810.277408600 -3.085068 -0.057755 -1.159441 -0.004733 0.845628 -0.046864 0.531690
1788249810.310760260 -3.078585 -0.058875 -1.161901 -0.004533 0.845143 -0.046693 0.532478
1788249810.344111919 -3.071588 -0.056787 -1.165346 -0.004388 0.844690 -0.046726 0.533195
1788249810.377463579 -3.064059 -0.055046 -1.166744 -0.004238 0.844332 -0.046928 0.533745
1788249810.410815716 -3.059177 -0.057946 -1.169297 -0.004545 0.843731 -0.046849 0.534699
1788249810.444167614 -3.050967 -0.056642 -1.171755 -0.004597 0.843051 -0.047167 0.535741
1788249810.477519751 -3.043283 -0.056986 -1.171686 -0.004902 0.842584 -0.047213 0.536469
1788249810.510871649 -3.036345 -0.059504 -1.172003 -0.005186 0.842120 -0.046986 0.537214
1788249810.544223785 -3.029297 -0.057566 -1.175932 -0.004967 0.841494 -0.047359 0.538163
1788249810.577576160 -3.023554 -0.058465 -1.179045 -0.004493 0.840971 -0.047265 0.538992
1788249810.610927582 -3.016456 -0.056122 -1.182727 -0.003827 0.840461 -0.047283 0.539791
1788249810.644279957 -3.010230 -0.057086 -1.186398 -0.003619 0.839912 -0.046975 0.540674
1788249810.677632332 -3.004421 -0.058819 -1.186578 -0.003848 0.839496 -0.047099 0.541308
1788249810.710985184 -2.997733 -0.058178 -1.186317 -0.003891 0.839103 -0.047527 0.541879
1788249810.744337797 -2.990616 -0.057516 -1.191701 -0.003602 0.838275 -0.047437 0.543168
1788249810.777690411 -2.983472 -0.059025 -1.193125 -0.003963 0.837907 -0.047212 0.543752
1788249810.811038017 -2.978887 -0.061649 -1.194655 -0.004396 0.837533 -0.046889 0.544353
1788249810.844377756 -2.969979 -0.057881 -1.200517 -0.003976 0.836663 -0.047384 0.545650
1788249810.877717972 -2.963867 -0.057493 -1.204199 -0.003857 0.835840 -0.047554 0.546896
1788249810.911057711 -2.956607 -0.058390 -1.200177 -0.004069 0.835750 -0.047496 0.547037
1788249810.944397926 -2.951883 -0.056977 -1.205408 -0.003611 0.835113 -0.047300 0.548028
1788249810.977737665 -2.942108 -0.057334 -1.206801 -0.003647 0.834815 -0.047102 0.548500
1788249811.011077404 -2.937176 -0.060628 -1.208147 -0.004008 0.834378 -0.046666 0.549199
1788249811.044416428 -2.930403 -0.058402 -1.211113 -0.003877 0.833713 -0.046770 0.550201
1788249811.077756166 -2.924508 -0.057985 -1.212493 -0.004122 0.833139 -0.046651 0.551077
1788249811.111096144 -2.916521 -0.057700 -1.217551 -0.003936 0.832567 -0.046347 0.551968
1788249811.144435883 -2.910115 -0.060556 -1.218085 -0.003870 0.832217 -0.046156 0.552511
1788249811.177775383 -2.904234 -0.060456 -1.218269 -0.003774 0.831755 -0.046392 0.553188
1788249811.211115360 -2.897324 -0.057522 -1.222319 -0.003504 0.831014 -0.046765 0.554271
1788249811.244455099 -2.890716 -0.056893 -1.222200 -0.003612 0.830671 -0.046868 0.554776
1788249811.277794600 -2.884100 -0.059094 -1.222711 -0.004230 0.830180 -0.046753 0.555515
1788249811.311134100 -2.876787 -0.055503 -1.224299 -0.004466 0.829347 -0.047413 0.556700
1788249811.344473600 -2.869220 -0.061470 -1.226335 -0.005063 0.828590 -0.046561 0.557894
1788249811.377813339 -2.863446 -0.061505 -1.227847 -0.004925 0.827766 -0.046220 0.559145
1788249811.411153078 -2.856704 -0.060366 -1.230032 -0.004793 0.826920 -0.046232 0.560395
1788249811.444492340 -2.851000 -0.060413 -1.231426 -0.004571 0.826054 -0.046610 0.561642
1788249811.477831125 -2.846359 -0.060344 -1.231378 -0.004222 0.824914 -0.046909 0.563293
1788249811.511170149 -2.840322 -0.061570 -1.232159 -0.004036 0.823593 -0.046732 0.565238
1788249811.544509649 -2.834430 -0.061803 -1.233262 -0.003662 0.822531 -0.046574 0.566798
1788249811.577848911 -2.828810 -0.059350 -1.231826 -0.003291 0.821682 -0.046880 0.568005
1788249811.611188412 -2.823177 -0.059779 -1.233406 -0.003104 0.820588 -0.046771 0.569595
1788249811.644527674 -2.816749 -0.056499 -1.235046 -0.002624 0.819449 -0.047411 0.571182
1788249811.677867174 -2.811059 -0.060395 -1.233201 -0.002851 0.818476 -0.047138 0.572597
1788249811.711206198 -2.805362 -0.059895 -1.234657 -0.002971 0.817322 -0.047108 0.574245
1788249811.744545698 -2.798245 -0.058753 -1.235510 -0.002962 0.816200 -0.047156 0.575835
1788249811.777884483 -2.791972 -0.059265 -1.233441 -0.003482 0.815136 -0.047492 0.577309
1788249811.811226368 -2.785628 -0.059084 -1.235430 -0.003228 0.813813 -0.047266 0.579192
1788249811.844571590 -2.778830 -0.056354 -1.233515 -0.003058 0.812838 -0.047427 0.580548
1788249811.877916336 -2.773316 -0.060055 -1.233608 -0.003340 0.811775 -0.046845 0.582079
1788249811.911261559 -2.766345 -0.059836 -1.233589 -0.003187 0.810692 -0.046666 0.583602
1788249811.944605589 -2.760660 -0.056611 -1.233909 -0.003026 0.809483 -0.047427 0.585217
1788249811.977950811 -2.754057 -0.058265 -1.234635 -0.003254 0.808275 -0.047060 0.586913
1788249812.011296034 -2.747086 -0.057395 -1.237087 -0.003078 0.806995 -0.046935 0.588682
1788249812.044640779 -2.740575 -0.058887 -1.235576 -0.003264 0.806059 -0.046858 0.589968
1788249812.077986240 -2.735135 -0.057570 -1.237449 -0.002812 0.804799 -0.046861 0.591689
1788249812.111331701 -2.728823 -0.058230 -1.237619 -0.002561 0.803678 -0.046569 0.593234
1788249812.144676924 -2.723098 -0.058154 -1.240699 -0.002277 0.802404 -0.046183 0.594988
1788249812.178021908 -2.716954 -0.056932 -1.239600 -0.002267 0.801544 -0.046335 0.596133
1788249812.211367607 -2.712012 -0.055455 -1.238505 -0.002183 0.800496 -0.046630 0.597518
1788249812.244712830 -2.703928 -0.056952 -1.240524 -0.002440 0.799133 -0.046636 0.599338
1788249812.278058052 -2.697312 -0.056259 -1.238318 -0.002870 0.798186 -0.046749 0.600588
1788249812.311403513 -2.691124 -0.057279 -1.238750 -0.002996 0.796959 -0.046576 0.602228
1788249812.344749212 -2.684323 -0.057683 -1.237177 -0.003477 0.795910 -0.046563 0.603612
1788249812.378093719 -2.677355 -0.056623 -1.237568 -0.003438 0.794590 -0.046720 0.605336
1788249812.411438942 -2.671275 -0.054919 -1.238544 -0.003048 0.793278 -0.046370 0.607084
1788249812.444784641 -2.665969 -0.054747 -1.237893 -0.003184 0.792140 -0.046343 0.608569
1788249812.478130341 -2.657456 -0.053728 -1.239472 -0.003160 0.790897 -0.046001 0.610210
1788249812.511475801 -2.649832 -0.052536 -1.240054 -0.003088 0.789614 -0.046126 0.611860
1788249812.544821501 -2.644147 -0.054122 -1.240570 -0.003240 0.788275 -0.045996 0.613593
1788249812.578167439 -2.637305 -0.055461 -1.238519 -0.003283 0.787273 -0.045703 0.614900
1788249812.611512899 -2.631436 -0.051865 -1.242020 -0.002772 0.785790 -0.045940 0.616779
1788249812.644858837 -2.624277 -0.052792 -1.241656 -0.002608 0.784640 -0.045843 0.618248
1788249812.678204536 -2.619043 -0.051231 -1.242829 -0.002206 0.783237 -0.045856 0.620026
1788249812.711549997 -2.613013 -0.048831 -1.242744 -0.001860 0.781996 -0.046000 0.621580
1788249812.744896173 -2.606177 -0.050530 -1.242365 -0.001816 0.781003 -0.045549 0.622861
1788249812.778241873 -2.600220 -0.052583 -1.241266 -0.002221 0.779939 -0.045564 0.624191
1788249812.811584711 -2.594684 -0.053070 -1.240207 -0.002343 0.778722 -0.045830 0.625688
1788249812.844924927 -2.588132 -0.053156 -1.241164 -0.002351 0.777207 -0.045870 0.627566
1788249812.878265142 -2.581442 -0.051886 -1.239999 -0.002373 0.776082 -0.045851 0.628959
1788249812.911605358 -2.575876 -0.053079 -1.238126 -0.002502 0.774972 -0.045673 0.630338
1788249812.944945812 -2.569448 -0.050626 -1.238004 -0.002446 0.773625 -0.046014 0.631966
1788249812.978286028 -2.561263 -0.050107 -1.238294 -0.002380 0.772225 -0.045695 0.633699
1788249813.011626005 -2.556323 -0.047688 -1.238895 -0.002156 0.770844 -0.045634 0.635383
1788249813.044966459 -2.549873 -0.048171 -1.237850 -0.002129 0.769817 -0.045306 0.636651
1788249813.078306437 -2.542148 -0.051171 -1.239142 -0.002299 0.768632 -0.044961 0.638106
1788249813.111646652 -2.536001 -0.050415 -1.239089 -0.002412 0.767248 -0.045335 0.639741
1788249813.144986629 -2.529322 -0.049959 -1.237763 -0.002440 0.766054 -0.045277 0.641176
1788249813.178326845 -2.523672 -0.050523 -1.238262 -0.002300 0.764768 -0.044972 0.642731
1788249813.211666822 -2.517636 -0.048642 -1.238427 -0.002207 0.763458 -0.045063 0.644280
1788249813.245007038 -2.510724 -0.049250 -1.236189 -0.002356 0.762269 -0.045083 0.645684
1788249813.278346062 -2.503441 -0.050405 -1.235997 -0.002308 0.760991 -0.044739 0.647214
1788249813.311686039 -2.498229 -0.050880 -1.233523 -0.002317 0.759969 -0.044433 0.648434
1788249813.345026016 -2.491804 -0.050618 -1.231398 -0.002283 0.758945 -0.044379 0.649636
1788249813.378365755 -2.484202 -0.051329 -1.232685 -0.002608 0.757487 -0.044607 0.651319
1788249813.411705732 -2.476244 -0.050459 -1.232008 -0.002633 0.756018 -0.044652 0.653021
1788249813.445045948 -2.470941 -0.051796 -1.229251 -0.002996 0.754817 -0.044424 0.654423
1788249813.478385448 -2.464917 -0.047322 -1.230623 -0.002689 0.753395 -0.044898 0.656028
1788249813.511725426 -2.457460 -0.049104 -1.229025 -0.002686 0.752135 -0.044360 0.657508
1788249813.545065165 -2.452334 -0.050779 -1.226987 -0.002810 0.750922 -0.044034 0.658915
1788249813.578404903 -2.445857 -0.049842 -1.228283 -0.002625 0.749443 -0.043838 0.660611
1788249813.611744642 -2.438832 -0.049399 -1.226735 -0.002429 0.748228 -0.043441 0.662013
1788249813.645084381 -2.433135 -0.048966 -1.226836 -0.002379 0.747037 -0.043118 0.663379
1788249813.678424120 -2.426804 -0.049205 -1.224645 -0.002521 0.745947 -0.043219 0.664597
1788249813.711762905 -2.419768 -0.051187 -1.222590 -0.002760 0.744746 -0.042938 0.665960
1788249813.745102406 -2.414655 -0.047835 -1.220878 -0.002454 0.743478 -0.043149 0.667362
1788249813.778442144 -2.408510 -0.047668 -1.222399 -0.002319 0.742043 -0.042883 0.668975
1788249813.811780691 -2.401614 -0.047203 -1.223720 -0.002141 0.740623 -0.042700 0.670559
1788249813.845117807 -2.395379 -0.048707 -1.221212 -0.002193 0.739537 -0.042402 0.671776
1788249813.878454685 -2.389796 -0.045566 -1.219615 -0.001912 0.738287 -0.042657 0.673134
1788249813.911791801 -2.383172 -0.047958 -1.220296 -0.002027 0.736894 -0.042032 0.674697
1788249813.945128441 -2.376147 -0.044557 -1.219941 -0.001618 0.735824 -0.042146 0.675859
1788249813.978465319 -2.371058 -0.046024 -1.221045 -0.001864 0.735185 -0.042404 0.676537
1788249814.011802197 -2.363637 -0.045656 -1.219312 -0.002031 0.734754 -0.042665 0.676988
1788249814.045138836 -2.356869 -0.043031 -1.217795 -0.001825 0.734031 -0.042776 0.677765
1788249814.078475475 -2.351723 -0.047413 -1.218871 -0.002074 0.733125 -0.041945 0.678796
1788249814.111812115 -2.346397 -0.048953 -1.219175 -0.001893 0.732440 -0.041525 0.679562
1788249814.145147800 -2.340511 -0.051258 -1.218852 -0.001899 0.732095 -0.040981 0.679966
1788249814.178484440 -2.333606 -0.045948 -1.217487 -0.001409 0.731458 -0.041638 0.680612
1788249814.211820841 -2.327838 -0.048040 -1.218755 -0.001537 0.730760 -0.041350 0.681379
1788249814.245157242 -2.321013 -0.048510 -1.219857 -0.001436 0.730288 -0.041064 0.681902
1788249814.278493881 -2.313942 -0.049316 -1.221336 -0.001781 0.729707 -0.040848 0.682537
1788249814.311829805 -2.307724 -0.046580 -1.218953 -0.001926 0.729256 -0.041152 0.682999
1788249814.345166445 -2.300936 -0.046909 -1.215178 -0.002174 0.728883 -0.041272 0.683389
1788249814.378502607 -2.295551 -0.048490 -1.216874 -0.002214 0.728158 -0.040874 0.684186
1788249814.411838770 -2.288397 -0.048939 -1.219759 -0.002205 0.727492 -0.040499 0.684917
1788249814.445174932 -2.281714 -0.045424 -1.215613 -0.002285 0.727216 -0.040976 0.685181
1788249814.478511333 -2.274993 -0.048297 -1.214511 -0.002642 0.726711 -0.040440 0.685747
1788249814.511847019 -2.268045 -0.046891 -1.217174 -0.002579 0.725878 -0.040376 0.686633
1788249814.545183182 -2.261356 -0.046777 -1.214268 -0.002699 0.725625 -0.040122 0.686914
1788249814.578518867 -2.254317 -0.048420 -1.217236 -0.002916 0.724884 -0.039502 0.687731
1788249814.611853838 -2.246645 -0.048458 -1.217481 -0.002981 0.724391 -0.039423 0.688254
1788249814.645189762 -2.240194 -0.046246 -1.217599 -0.002861 0.723855 -0.039791 0.688798
1788249814.678525448 -2.234834 -0.045804 -1.213462 -0.002794 0.723552 -0.039711 0.689121
1788249814.711861134 -2.227315 -0.045883 -1.216322 -0.002679 0.722665 -0.039380 0.690071
1788249814.745196819 -2.220657 -0.045934 -1.217798 -0.002783 0.721825 -0.039348 0.690950
1788249814.778532505 -2.215934 -0.045654 -1.215617 -0.002615 0.721589 -0.039298 0.691201
1788249814.811870337 -2.208063 -0.047012 -1.215397 -0.002550 0.720987 -0.039059 0.691842
1788249814.845210791 -2.201826 -0.047647 -1.214834 -0.002615 0.720411 -0.039167 0.692436
1788249814.878551245 -2.196831 -0.048908 -1.215781 -0.002524 0.719672 -0.038833 0.693223
1788249814.911891937 -2.189763 -0.048916 -1.215157 -0.002478 0.719155 -0.038416 0.693782
1788249814.945231915 -2.183531 -0.050236 -1.216047 -0.002649 0.718539 -0.038210 0.694431
1788249814.978572369 -2.177962 -0.046861 -1.213004 -0.002431 0.718224 -0.038436 0.694746
1788249815.011912823 -2.169436 -0.047492 -1.212421 -0.002639 0.717504 -0.038502 0.695485
1788249815.045251608 -2.163230 -0.047713 -1.210348 -0.002756 0.717109 -0.038333 0.695901
1788249815.078592062 -2.157115 -0.046198 -1.211924 -0.002538 0.716451 -0.038205 0.696586
1788249815.111932516 -2.149535 -0.045902 -1.213949 -0.002424 0.715700 -0.037975 0.697370
1788249815.145272732 -2.143572 -0.046282 -1.210988 -0.002497 0.715378 -0.037722 0.697714
1788249815.178612709 -2.139751 -0.047201 -1.209090 -0.002554 0.714943 -0.037771 0.698157
1788249815.211952925 -2.132325 -0.048255 -1.212154 -0.002319 0.714093 -0.037563 0.699038
1788249815.245293140 -2.125876 -0.045841 -1.211324 -0.002408 0.713520 -0.037721 0.699615
1788249815.278633118 -2.117613 -0.044296 -1.210864 -0.002422 0.712972 -0.037691 0.700174
1788249815.311972857 -2.112103 -0.047457 -1.209629 -0.002945 0.712525 -0.037475 0.700640
1788249815.345313072 -2.103952 -0.044952 -1.206770 -0.002912 0.712023 -0.037605 0.701142
1788249815.378653288 -2.098311 -0.046062 -1.207185 -0.003088 0.711292 -0.036985 0.701916
1788249815.411993027 -2.092903 -0.042977 -1.205106 -0.002852 0.710865 -0.037157 0.702340
1788249815.445333004 -2.084440 -0.045961 -1.206872 -0.003150 0.710318 -0.036581 0.702923
1788249815.478672028 -2.079926 -0.046214 -1.205783 -0.002896 0.709936 -0.036597 0.703309
1788249815.512012005 -2.073804 -0.045202 -1.204246 -0.002516 0.709581 -0.036737 0.703662
1788249815.545351744 -2.067364 -0.043300 -1.205506 -0.002262 0.709024 -0.037017 0.704209
1788249815.578691483 -2.060811 -0.041294 -1.207031 -0.001992 0.708648 -0.036940 0.704591
1788249815.612030983 -2.054050 -0.041692 -1.205526 -0.002562 0.708337 -0.037147 0.704891
1788249815.645370960 -2.045949 -0.045128 -1.206223 -0.002815 0.707616 -0.037049 0.705620
1788249815.678710699 -2.040326 -0.041765 -1.204563 -0.002326 0.707222 -0.037527 0.705991
1788249815.712050200 -2.032804 -0.042530 -1.202634 -0.002631 0.706861 -0.037450 0.706356
1788249815.745389938 -2.026915 -0.043707 -1.203436 -0.002587 0.706381 -0.037175 0.706850
1788249815.778729677 -2.019107 -0.043540 -1.202639 -0.002605 0.706012 -0.037144 0.707221
1788249815.812068462 -2.012486 -0.047570 -1.202600 -0.002860 0.705618 -0.036569 0.707642
1788249815.845406055 -2.005047 -0.042117 -1.204026 -0.002271 0.705016 -0.036991 0.708222
1788249815.878743410 -1.996550 -0.039597 -1.205142 -0.001827 0.704629 -0.036717 0.708623
1788249815.912080288 -1.989322 -0.045077 -1.204743 -0.002309 0.704553 -0.036025 0.708733
1788249815.945417643 -1.981883 -0.043217 -1.202872 -0.002033 0.704439 -0.036126 0.708842
1788249815.978754997 -1.975362 -0.042463 -1.203229 -0.001920 0.703959 -0.036133 0.709319
1788249816.012092352 -1.969304 -0.044413 -1.200936 -0.002068 0.703765 -0.036241 0.709504
1788249816.045429707 -1.961651 -0.044589 -1.200473 -0.002160 0.703484 -0.036107 0.709790
1788249816.078767061 -1.953966 -0.045865 -1.202234 -0.002399 0.702845 -0.035849 0.710435
1788249816.112103939 -1.946468 -0.045960 -1.198842 -0.002543 0.702895 -0.035648 0.710395
1788249816.145441294 -1.939621 -0.044235 -1.199121 -0.002397 0.702464 -0.035551 0.710827
1788249816.178778172 -1.930372 -0.044107 -1.199840 -0.002456 0.702075 -0.035079 0.711234
1788249816.212115288 -1.923495 -0.040993 -1.197950 -0.002251 0.701980 -0.035281 0.711318
1788249816.245452166 -1.915646 -0.042578 -1.201450 -0.002279 0.701433 -0.034814 0.711881
1788249816.278789520 -1.908058 -0.043803 -1.199405 -0.002397 0.701237 -0.034736 0.712077
1788249816.312126160 -1.901567 -0.042362 -1.198269 -0.002320 0.700838 -0.034967 0.712459
1788249816.345462799 -1.896120 -0.039160 -1.197339 -0.001909 0.700617 -0.035604 0.712647
1788249816.378798962 -1.887096 -0.040638 -1.195660 -0.001964 0.700430 -0.035386 0.712841
1788249816.412135601 -1.878635 -0.044248 -1.196454 -0.002497 0.699769 -0.035354 0.713490
1788249816.445472479 -1.873132 -0.042102 -1.194492 -0.002363 0.699535 -0.035619 0.713707
1788249816.478808880 -1.867206 -0.042158 -1.192736 -0.002257 0.699475 -0.035145 0.713789
1788249816.512145519 -1.859108 -0.042144 -1.195365 -0.002454 0.698902 -0.034862 0.714363
1788249816.545482159 -1.850318 -0.041090 -1.193944 -0.002437 0.698673 -0.034974 0.714582
1788249816.578818560 -1.843647 -0.040649 -1.195050 -0.002174 0.698252 -0.034955 0.714995
1788249816.612155199 -1.836370 -0.040909 -1.193065 -0.002556 0.698088 -0.035066 0.715149
1788249816.645491600 -1.829434 -0.040562 -1.193076 -0.002621 0.697743 -0.034958 0.715490
1788249816.678827524 -1.821403 -0.039905 -1.193610 -0.002572 0.697313 -0.034580 0.715928
1788249816.712164164 -1.813917 -0.040927 -1.191306 -0.002811 0.697158 -0.034738 0.716070
1788249816.745500326 -1.807704 -0.037891 -1.190808 -0.002209 0.696842 -0.035116 0.716361
1788249816.778836489 -1.800900 -0.041543 -1.188905 -0.002712 0.696583 -0.034780 0.716628
1788249816.812171459 -1.793572 -0.038955 -1.189531 -0.002235 0.696170 -0.034756 0.717032
1788249816.845505714 -1.785363 -0.039887 -1.191867 -0.002229 0.695772 -0.034414 0.717434
1788249816.878840208 -1.779455 -0.041015 -1.192998 -0.002193 0.695227 -0.034499 0.717959
1788249816.912174702 -1.771781 -0.042002 -1.190064 -0.002182 0.695143 -0.034520 0.718039
1788249816.945509195 -1.763382 -0.040318 -1.191124 -0.001934 0.694711 -0.034570 0.718455
1788249816.978843212 -1.756487 -0.038239 -1.189984 -0.001723 0.694544 -0.034462 0.718623
1788249817.012177706 -1.749771 -0.040402 -1.190754 -0.001889 0.694182 -0.034038 0.718992
1788249817.045511723 -1.741048 -0.042355 -1.191301 -0.002045 0.693669 -0.033847 0.719496
1788249817.078845978 -1.735565 -0.042609 -1.189344 -0.001935 0.693431 -0.034011 0.719718
1788249817.112179995 -1.727772 -0.038764 -1.187228 -0.001480 0.693389 -0.034407 0.719740
1788249817.145514011 -1.722134 -0.039178 -1.187478 -0.001387 0.693082 -0.034170 0.720047
1788249817.178848028 -1.714035 -0.044543 -1.189357 -0.002088 0.692419 -0.033548 0.720713
1788249817.212181807 -1.706342 -0.040429 -1.188344 -0.001633 0.692186 -0.033916 0.720920
1788249817.245514631 -1.699074 -0.039250 -1.188802 -0.001510 0.691804 -0.033886 0.721288
1788249817.278848410 -1.691278 -0.036709 -1.188248 -0.001181 0.691486 -0.033769 0.721600
1788249817.312181950 -1.683109 -0.038637 -1.186955 -0.001611 0.691370 -0.033287 0.721732
1788249817.345515490 -1.674879 -0.039011 -1.188604 -0.001525 0.690840 -0.032855 0.722259
1788249817.378848791 -1.667543 -0.038763 -1.188100 -0.001443 0.690517 -0.032783 0.722571
1788249817.412182093 -1.660808 -0.037942 -1.186895 -0.001246 0.690392 -0.033023 0.722680
1788249817.445515633 -1.654485 -0.038462 -1.186286 -0.001259 0.690248 -0.032899 0.722824
1788249817.478848934 -1.647354 -0.040294 -1.186507 -0.001470 0.689771 -0.032994 0.723274
1788249817.512181759 -1.640248 -0.040730 -1.186769 -0.001593 0.689274 -0.032967 0.723749
1788249817.545515299 -1.632885 -0.040407 -1.183801 -0.001910 0.689160 -0.032698 0.723868
1788249817.578848362 -1.625737 -0.040812 -1.182517 -0.002301 0.688926 -0.032504 0.724099
1788249817.612181425 -1.616198 -0.038945 -1.183801 -0.002050 0.688431 -0.032101 0.724588
1788249817.645514250 -1.608343 -0.040251 -1.181824 -0.002316 0.688265 -0.031991 0.724750
1788249817.678847075 -1.601314 -0.038959 -1.182119 -0.002312 0.687889 -0.031962 0.725108
1788249817.712178707 -1.595136 -0.038664 -1.179904 -0.002315 0.687729 -0.032018 0.725257
1788249817.745511532 -1.587050 -0.038736 -1.181159 -0.002359 0.687200 -0.031963 0.725760
1788249817.778844118 -1.579709 -0.037970 -1.177652 -0.002201 0.687145 -0.032379 0.725795
1788249817.812177181 -1.573524 -0.038629 -1.178650 -0.002248 0.686447 -0.032587 0.726446
1788249817.845510960 -1.567496 -0.039067 -1.177964 -0.002136 0.686046 -0.032604 0.726824
1788249817.878844738 -1.560619 -0.040276 -1.176086 -0.002227 0.685898 -0.032047 0.726988
1788249817.912178516 -1.552723 -0.038349 -1.177751 -0.001892 0.685412 -0.031830 0.727457
1788249817.945512295 -1.544020 -0.039918 -1.176577 -0.001840 0.685150 -0.031613 0.727713
1788249817.978845835 -1.537590 -0.039279 -1.175656 -0.001623 0.684872 -0.031643 0.727974
1788249818.012179375 -1.529696 -0.039830 -1.175899 -0.001769 0.684449 -0.031405 0.728382
1788249818.045512676 -1.523676 -0.038742 -1.177905 -0.001061 0.683992 -0.031338 0.728816
1788249818.078845739 -1.515767 -0.038108 -1.176164 -0.000845 0.683798 -0.031655 0.728984
1788249818.112179041 -1.509505 -0.036752 -1.174184 -0.000611 0.683487 -0.032286 0.729248
1788249818.145511389 -1.502307 -0.038647 -1.175028 -0.000679 0.683000 -0.032091 0.729713
1788249818.178844213 -1.496469 -0.036569 -1.172291 -0.000559 0.682947 -0.032566 0.729741
1788249818.212177277 -1.489040 -0.037645 -1.172350 -0.000687 0.682484 -0.031986 0.730200
1788249818.245510101 -1.481305 -0.036505 -1.171925 -0.000623 0.682120 -0.031794 0.730548
1788249818.278843164 -1.473790 -0.036326 -1.170907 -0.000801 0.681791 -0.031487 0.730868
1788249818.312175989 -1.466094 -0.037374 -1.168932 -0.000932 0.681597 -0.031241 0.731060
1788249818.345508814 -1.458616 -0.033918 -1.167303 -0.000458 0.681481 -0.031639 0.731152
1788249818.378841162 -1.451067 -0.036277 -1.169119 -0.000607 0.680966 -0.031164 0.731651
1788249818.412173748 -1.445905 -0.038445 -1.168610 -0.000611 0.680517 -0.031191 0.732067
1788249818.445506096 -1.438474 -0.039551 -1.168095 -0.000786 0.679913 -0.031497 0.732615
1788249818.478838444 -1.431651 -0.037875 -1.167710 -0.000340 0.679502 -0.031842 0.732982
1788249818.512170792 -1.424863 -0.036798 -1.165614 -0.000249 0.679445 -0.031900 0.733032
1788249818.545503139 -1.418204 -0.038445 -1.164236 -0.000371 0.679047 -0.031851 0.733404
1788249818.578835249 -1.411818 -0.037806 -1.164133 -0.000200 0.678577 -0.031780 0.733841
1788249818.612166166 -1.404589 -0.038437 -1.163485 -0.000360 0.678194 -0.031724 0.734197
1788249818.645498514 -1.396824 -0.037545 -1.162464 -0.000162 0.677911 -0.031703 0.734460
1788249818.678830147 -1.389629 -0.039120 -1.160966 -0.000309 0.677774 -0.031540 0.734593
1788249818.712162256 -1.382772 -0.039648 -1.160123 -0.000485 0.677436 -0.031535 0.734906
1788249818.745494127 -1.374465 -0.039448 -1.158167 -0.000600 0.677101 -0.031740 0.735205
1788249818.778825521 -1.369375 -0.039391 -1.154724 -0.000884 0.676903 -0.032181 0.735368
1788249818.812165976 -1.361381 -0.039002 -1.153672 -0.000777 0.676602 -0.032086 0.735649
1788249818.845519304 -1.354934 -0.038958 -1.153848 -0.000686 0.676227 -0.032033 0.735996
1788249818.878872395 -1.348854 -0.039653 -1.156031 -0.000669 0.675406 -0.032158 0.736744
1788249818.912225723 -1.339976 -0.038659 -1.154829 -0.000616 0.674857 -0.032424 0.737236
1788249818.945579052 -1.333534 -0.039754 -1.151386 -0.000853 0.674921 -0.032032 0.737194
1788249818.978932858 -1.325660 -0.038663 -1.149960 -0.001133 0.674623 -0.032129 0.737462
1788249819.012287140 -1.318096 -0.038154 -1.149419 -0.001123 0.674265 -0.032184 0.737787
1788249819.045639992 -1.310157 -0.040123 -1.149420 -0.001280 0.673890 -0.032049 0.738135
1788249819.078994513 -1.303080 -0.038965 -1.148379 -0.001343 0.673460 -0.032168 0.738522
1788249819.112349033 -1.295959 -0.038179 -1.147042 -0.000886 0.673123 -0.032050 0.738835
1788249819.145703554 -1.290199 -0.037197 -1.147963 -0.000462 0.672613 -0.032325 0.739288
1788249819.179058552 -1.284621 -0.037403 -1.144216 -0.000370 0.672585 -0.032790 0.739293
1788249819.212413549 -1.277891 -0.039634 -1.143479 -0.000437 0.672133 -0.032837 0.739702
1788249819.245768785 -1.270717 -0.040328 -1.142561 -0.000151 0.671728 -0.032833 0.740070
1788249819.279124022 -1.263816 -0.038790 -1.143067 0.000274 0.671131 -0.033036 0.740602
1788249819.312479973 -1.257301 -0.039633 -1.140371 0.000061 0.670970 -0.033243 0.740739
1788249819.345835924 -1.249979 -0.039112 -1.140113 0.000479 0.670590 -0.033409 0.741075
1788249819.379191637 -1.243504 -0.040118 -1.138477 0.000277 0.670408 -0.033448 0.741238
1788249819.412548065 -1.235214 -0.040177 -1.140243 0.000319 0.669624 -0.033095 0.741962
1788249819.445904493 -1.228858 -0.037770 -1.137630 0.000640 0.669508 -0.033437 0.742051
1788249819.479259729 -1.222263 -0.039856 -1.137450 0.000495 0.669032 -0.033226 0.742490
1788249819.512616634 -1.215499 -0.039626 -1.136311 0.000832 0.668605 -0.033259 0.742873
1788249819.545973539 -1.208816 -0.041093 -1.133460 0.000628 0.668393 -0.033161 0.743069
1788249819.579330683 -1.201563 -0.039878 -1.133821 0.000847 0.667861 -0.033226 0.743543
1788249819.612688065 -1.193249 -0.039938 -1.133761 0.000796 0.667265 -0.032952 0.744091
1788249819.646045446 -1.185750 -0.037689 -1.131405 0.000678 0.666984 -0.033099 0.744336
1788249819.679403305 -1.177972 -0.037853 -1.132179 0.000794 0.666505 -0.032799 0.744779
1788249819.712761402 -1.170887 -0.040180 -1.130980 0.000242 0.666274 -0.032323 0.745007
1788249819.746119261 -1.162927 -0.038100 -1.130020 0.000569 0.665895 -0.032210 0.745350
1788249819.779477596 -1.155980 -0.039924 -1.129567 0.000376 0.665662 -0.031912 0.745570
1788249819.812829494 -1.148253 -0.039544 -1.128500 0.000549 0.665284 -0.031962 0.745906
1788249819.846172810 -1.141129 -0.039637 -1.128009 0.000787 0.664705 -0.031946 0.746422
1788249819.879516125 -1.134721 -0.040028 -1.125281 0.000857 0.664652 -0.031957 0.746469
1788249819.912858248 -1.128483 -0.040821 -1.123835 0.000657 0.664321 -0.031941 0.746764
1788249819.946201563 -1.121407 -0.039596 -1.124408 0.000867 0.663738 -0.031794 0.747288
1788249819.979544401 -1.113889 -0.038925 -1.122093 0.000664 0.663504 -0.032015 0.747487
1788249820.012887955 -1.106950 -0.039127 -1.121158 0.000598 0.663136 -0.031887 0.747819
1788249820.046231270 -1.098558 -0.038723 -1.121605 0.000704 0.662587 -0.031935 0.748304
1788249820.079574108 -1.091360 -0.038595 -1.120728 0.001086 0.662294 -0.031820 0.748567
1788249820.112917423 -1.085795 -0.038387 -1.118311 0.001432 0.662157 -0.031938 0.748683
1788249820.146260500 -1.078352 -0.037968 -1.118551 0.002093 0.661336 -0.031837 0.749411
1788249820.179603577 -1.072329 -0.039950 -1.117543 0.002017 0.660597 -0.031688 0.750069
1788249820.212946892 -1.065894 -0.039248 -1.116987 0.002359 0.659905 -0.031670 0.750678
1788249820.246289968 -1.058944 -0.040649 -1.113637 0.002190 0.659617 -0.031427 0.750942
1788249820.279633284 -1.052509 -0.039701 -1.111842 0.002198 0.659173 -0.031606 0.751323
1788249820.312976122 -1.044513 -0.040787 -1.110617 0.001963 0.658543 -0.031609 0.751876
1788249820.346319199 -1.037522 -0.040976 -1.110123 0.002198 0.657707 -0.031661 0.752605
1788249820.379661322 -1.031910 -0.039756 -1.108341 0.002475 0.657206 -0.032007 0.753027
1788249820.413004398 -1.025451 -0.041437 -1.106847 0.002279 0.656763 -0.031765 0.753424
1788249820.446347713 -1.018201 -0.040569 -1.104655 0.002696 0.656228 -0.031892 0.753884
1788249820.479690790 -1.011336 -0.038502 -1.103045 0.003256 0.655606 -0.032260 0.754406
1788249820.513033867 -1.005672 -0.040347 -1.101666 0.003046 0.655032 -0.032204 0.754908
1788249820.546376705 -0.997945 -0.041079 -1.099150 0.002881 0.654687 -0.032153 0.755210
1788249820.579719782 -0.990425 -0.041342 -1.100119 0.003076 0.653781 -0.032278 0.755989
1788249820.613062859 -0.983945 -0.042737 -1.097445 0.002842 0.653205 -0.032283 0.756487
1788249820.646405935 -0.977486 -0.040950 -1.095524 0.003104 0.652538 -0.032512 0.757052
1788249820.679749012 -0.970148 -0.041174 -1.092836 0.002794 0.652093 -0.032765 0.757426
1788249820.713091850 -0.963789 -0.039222 -1.092138 0.003051 0.651229 -0.032871 0.758163
1788249820.746434927 -0.955635 -0.040188 -1.086895 0.002524 0.650777 -0.033070 0.758545
1788249820.779778004 -0.949874 -0.039688 -1.085931 0.002717 0.650235 -0.032752 0.759022
1788249820.813119411 -0.942721 -0.040014 -1.086411 0.002547 0.649599 -0.032514 0.759577
1788249820.846455574 -0.935028 -0.039461 -1.083228 0.002553 0.649443 -0.032583 0.759708
1788249820.879791975 -0.928327 -0.040332 -1.081944 0.002446 0.648780 -0.032827 0.760263
1788249820.913128138 -0.922581 -0.040209 -1.080308 0.002461 0.648214 -0.033033 0.760737
1788249820.946464062 -0.915191 -0.040111 -1.078034 0.002395 0.647803 -0.032985 0.761090
1788249820.979800463 -0.908335 -0.040997 -1.076748 0.002155 0.647319 -0.032765 0.761511
1788249821.013136148 -0.901503 -0.040619 -1.073548 0.001925 0.646970 -0.032774 0.761808
1788249821.046472549 -0.893823 -0.038341 -1.071861 0.002018 0.646290 -0.033154 0.762369
1788249821.079808474 -0.885882 -0.040141 -1.069924 0.001338 0.645662 -0.032750 0.762919
1788249821.113144398 -0.879149 -0.041043 -1.067524 0.000761 0.645225 -0.032656 0.763294
1788249821.146480322 -0.871568 -0.038509 -1.065166 0.000820 0.644904 -0.032810 0.763559
1788249821.179816246 -0.865365 -0.040029 -1.064414 0.000976 0.644517 -0.032585 0.763895
1788249821.213152170 -0.858216 -0.039824 -1.063403 0.001341 0.643914 -0.032728 0.764396
1788249821.246487856 -0.850103 -0.038821 -1.062348 0.001678 0.643330 -0.032824 0.764883
1788249821.279822588 -0.844549 -0.038531 -1.061105 0.002002 0.642783 -0.033013 0.765334
1788249821.313158274 -0.838467 -0.038719 -1.059656 0.002073 0.642266 -0.033042 0.765767
1788249821.346493959 -0.832028 -0.040238 -1.058010 0.001935 0.641765 -0.032913 0.766192
1788249821.379829645 -0.825583 -0.040284 -1.055337 0.001925 0.641222 -0.033077 0.766640
1788249821.413165331 -0.817066 -0.040071 -1.053386 0.001803 0.640393 -0.033013 0.767335
1788249821.446500778 -0.809594 -0.038678 -1.050453 0.001689 0.639936 -0.033048 0.767715
1788249821.479836464 -0.802556 -0.038474 -1.048055 0.001589 0.639498 -0.033145 0.768076
1788249821.513172150 -0.795602 -0.039586 -1.045880 0.001121 0.638781 -0.033215 0.768671
1788249821.546507359 -0.788554 -0.039181 -1.044523 0.001201 0.638129 -0.032928 0.769224
1788249821.579842567 -0.781465 -0.038574 -1.041966 0.001307 0.637757 -0.033063 0.769527
1788249821.613178015 -0.773835 -0.039040 -1.040729 0.001353 0.637120 -0.032934 0.770059
1788249821.646513462 -0.768609 -0.036155 -1.038833 0.002081 0.636615 -0.033250 0.770462
1788249821.679848909 -0.761263 -0.037247 -1.037273 0.002006 0.636011 -0.033130 0.770966
1788249821.713183165 -0.754609 -0.039748 -1.034331 0.001304 0.635645 -0.032639 0.771290
1788249821.746518135 -0.747116 -0.038377 -1.032510 0.001267 0.635027 -0.032786 0.771793
1788249821.779853344 -0.740130 -0.037007 -1.030017 0.001540 0.634418 -0.033209 0.772275
1788249821.813188553 -0.732492 -0.038727 -1.026989 0.000978 0.633610 -0.033207 0.772939
1788249821.846537590 -0.725607 -0.039050 -1.025338 0.000875 0.632918 -0.032986 0.773515
1788249821.879886627 -0.718558 -0.036555 -1.022716 0.001052 0.632596 -0.033127 0.773773
1788249821.913235903 -0.710825 -0.035914 -1.020738 0.001368 0.632065 -0.033060 0.774209
1788249821.946584940 -0.705404 -0.037504 -1.019719 0.001321 0.631501 -0.032724 0.774683
1788249821.979934216 -0.698687 -0.034456 -1.017126 0.001765 0.630822 -0.033183 0.775216
1788249822.013283491 -0.692977 -0.035378 -1.014233 0.001618 0.630477 -0.033230 0.775495
1788249822.046632767 -0.686694 -0.034208 -1.012287 0.002036 0.629934 -0.033733 0.775913
1788249822.079982281 -0.679973 -0.034472 -1.009785 0.002049 0.629262 -0.033657 0.776461
1788249822.113331795 -0.674725 -0.035398 -1.006044 0.001610 0.628799 -0.033793 0.776832
1788249822.146680117 -0.666886 -0.036156 -1.004825 0.001444 0.628072 -0.033576 0.777429
1788249822.180029869 -0.660614 -0.034817 -1.003865 0.001646 0.627304 -0.033494 0.778052
1788249822.213379622 -0.653406 -0.034736 -0.999922 0.001247 0.626753 -0.033769 0.778485
1788249822.246729612 -0.647241 -0.033453 -0.998042 0.001327 0.626043 -0.033751 0.779057
1788249822.280079365 -0.639520 -0.033034 -0.995112 0.001402 0.625476 -0.033323 0.779531
1788249822.313429356 -0.632681 -0.032113 -0.994222 0.001507 0.624811 -0.033403 0.780059
1788249822.346779346 -0.625650 -0.032650 -0.990917 0.001380 0.624533 -0.033346 0.780285
1788249822.380129099 -0.619726 -0.031743 -0.988648 0.001784 0.623828 -0.033687 0.780834
1788249822.413479328 -0.613503 -0.032505 -0.987418 0.001928 0.622934 -0.033562 0.781552
1788249822.446829319 -0.606987 -0.031815 -0.985604 0.002054 0.622343 -0.033364 0.782031
1788249822.480179787 -0.600526 -0.030555 -0.982835 0.001997 0.621040 -0.033135 0.783075
1788249822.513530254 -0.594234 -0.033471 -0.979494 0.001397 0.619239 -0.032506 0.784528
1788249822.546880484 -0.588923 -0.030810 -0.976330 0.002027 0.617788 -0.033039 0.785647
1788249822.580230713 -0.582265 -0.032089 -0.974705 0.001984 0.616221 -0.032583 0.786897
1788249822.613580465 -0.576757 -0.030480 -0.971286 0.002073 0.614614 -0.032714 0.788147
1788249822.646931171 -0.572392 -0.031926 -0.966824 0.001381 0.613079 -0.032688 0.789344
1788249822.680281639 -0.567112 -0.032028 -0.962924 0.001286 0.611399 -0.032939 0.790635
1788249822.713632107 -0.562228 -0.032705 -0.959044 0.001147 0.609669 -0.032611 0.791984
1788249822.746983051 -0.556616 -0.032087 -0.955285 0.001112 0.608015 -0.032461 0.793261
1788249822.780333996 -0.550753 -0.031889 -0.952616 0.001160 0.606311 -0.032328 0.794570
1788249822.813684702 -0.546180 -0.030266 -0.949645 0.001482 0.604683 -0.032450 0.795804
1788249822.847032070 -0.540432 -0.031077 -0.945480 0.001452 0.603095 -0.032223 0.797017
1788249822.880379677 -0.534855 -0.031386 -0.942340 0.001407 0.601380 -0.031839 0.798328
1788249822.913727522 -0.529032 -0.031516 -0.937290 0.001140 0.599939 -0.031841 0.799411
1788249822.947075129 -0.524796 -0.031471 -0.934164 0.001164 0.598473 -0.031901 0.800507
1788249822.980423212 -0.519039 -0.030165 -0.930225 0.001317 0.596776 -0.032289 0.801757
1788249823.013771057 -0.514319 -0.030677 -0.927118 0.001203 0.594945 -0.031961 0.803129
1788249823.047117949 -0.507908 -0.030139 -0.923814 0.001076 0.593238 -0.031827 0.804397
1788249823.080466032 -0.503620 -0.030737 -0.919374 0.000923 0.591911 -0.031611 0.805383
1788249823.113813877 -0.498577 -0.029812 -0.916061 0.000901 0.590152 -0.031911 0.806661
1788249823.147161961 -0.494155 -0.029755 -0.911457 0.000621 0.588528 -0.031870 0.807848
1788249823.180510044 -0.486825 -0.029745 -0.907293 0.000275 0.586778 -0.031570 0.809132
1788249823.213858128 -0.481312 -0.028566 -0.902561 0.000265 0.585238 -0.031809 0.810238
1788249823.247206450 -0.477596 -0.028987 -0.898869 0.000017 0.583427 -0.031893 0.811539
1788249823.280554771 -0.471278 -0.027720 -0.894529 0.000022 0.581584 -0.031864 0.812862
1788249823.313902855 -0.466512 -0.028254 -0.889610 -0.000149 0.580101 -0.031601 0.813932
1788249823.347251415 -0.460958 -0.028556 -0.886435 0.000019 0.578274 -0.031283 0.815243
1788249823.380599737 -0.457082 -0.027713 -0.880760 0.000170 0.577002 -0.031423 0.816138
1788249823.413948298 -0.453285 -0.026990 -0.877283 0.000457 0.575420 -0.031804 0.817240
1788249823.447296619 -0.447151 -0.027534 -0.874134 0.000590 0.573572 -0.031098 0.818564
1788249823.480644464 -0.441808 -0.027192 -0.870127 0.000626 0.572062 -0.031083 0.819621
1788249823.513993025 -0.437062 -0.027589 -0.866262 0.000733 0.570530 -0.031150 0.820685
1788249823.547341585 -0.433357 -0.027347 -0.862567 0.000699 0.568775 -0.031603 0.821886
1788249823.580690384 -0.428520 -0.028156 -0.858310 0.000657 0.567138 -0.031083 0.823036
1788249823.614039183 -0.423572 -0.027690 -0.854421 0.000737 0.565662 -0.031096 0.824051
1788249823.647387743 -0.418437 -0.028648 -0.851053 0.000759 0.563945 -0.030861 0.825235
1788249823.680736542 -0.412970 -0.026710 -0.848142 0.001250 0.561899 -0.031246 0.826614
1788249823.714085579 -0.408114 -0.026056 -0.843453 0.001176 0.560316 -0.031168 0.827691
1788249823.747434616 -0.403224 -0.026131 -0.839129 0.000971 0.558661 -0.030947 0.828818
1788249823.780783415 -0.399285 -0.025498 -0.835045 0.000640 0.556991 -0.031114 0.829935
1788249823.814132690 -0.394073 -0.025849 -0.828227 0.000144 0.555567 -0.031317 0.830882
1788249823.847477198 -0.387593 -0.024557 -0.824335 0.000235 0.553391 -0.030984 0.832345
1788249823.880821466 -0.382577 -0.025141 -0.820289 -0.000099 0.551593 -0.030368 0.833560
1788249823.914165974 -0.377737 -0.023811 -0.816940 0.000087 0.549838 -0.030553 0.834712
1788249823.947509289 -0.373478 -0.023479 -0.813402 0.000354 0.548213 -0.030531 0.835781
1788249823.980853558 -0.368205 -0.023899 -0.809347 0.000310 0.546363 -0.030317 0.836999
1788249824.014198065 -0.361246 -0.023786 -0.805171 0.000209 0.544364 -0.030099 0.838309
1788249824.047542334 -0.356934 -0.023346 -0.801094 0.000148 0.542730 -0.030097 0.839368
1788249824.080886841 -0.352363 -0.022157 -0.795061 0.000122 0.541087 -0.030469 0.840414
1788249824.114231348 -0.346165 -0.023349 -0.790978 -0.000178 0.539094 -0.030112 0.841707
1788249824.147575617 -0.340444 -0.023633 -0.787768 -0.000127 0.537075 -0.029760 0.843009
1788249824.180919886 -0.337934 -0.023104 -0.784254 0.000133 0.535619 -0.029753 0.843935
1788249824.214264154 -0.333971 -0.023807 -0.779873 0.000321 0.533823 -0.029868 0.845068
1788249824.247608662 -0.327510 -0.022347 -0.776145 0.001031 0.531336 -0.029650 0.846641
1788249824.280952930 -0.325301 -0.022597 -0.771933 0.001131 0.529486 -0.029792 0.847795
1788249824.314297438 -0.319790 -0.022687 -0.767784 0.001357 0.527528 -0.029528 0.849023
1788249824.347641945 -0.316549 -0.021725 -0.763743 0.001522 0.525657 -0.029676 0.850177
1788249824.380985260 -0.312483 -0.022172 -0.759671 0.001607 0.523765 -0.029542 0.851349
1788249824.414329529 -0.309348 -0.021888 -0.754756 0.001727 0.521978 -0.029583 0.852444
1788249824.447674036 -0.304848 -0.021256 -0.749630 0.001611 0.519959 -0.029452 0.853682
1788249824.481018305 -0.301680 -0.020962 -0.744790 0.001480 0.518159 -0.029433 0.854776
1788249824.514362812 -0.296811 -0.021605 -0.740723 0.001488 0.516173 -0.029192 0.855985
1788249824.547707081 -0.292561 -0.019953 -0.736128 0.001896 0.514177 -0.029131 0.857187
1788249824.581051588 -0.288350 -0.020307 -0.731619 0.001662 0.512150 -0.029096 0.858401
1788249824.614395618 -0.284081 -0.020459 -0.725822 0.001355 0.510271 -0.028671 0.859535
1788249824.647740126 -0.281059 -0.020300 -0.721391 0.001148 0.508449 -0.028710 0.860612
1788249824.681084156 -0.275830 -0.018957 -0.717508 0.001520 0.506253 -0.028836 0.861901
1788249824.714428425 -0.270511 -0.019468 -0.711834 0.001186 0.504280 -0.028679 0.863063
1788249824.747772932 -0.266877 -0.019682 -0.707346 0.001165 0.502314 -0.028346 0.864220
1788249824.781117201 -0.262098 -0.019943 -0.702588 0.001205 0.500410 -0.027801 0.865341
1788249824.814460516 -0.257613 -0.018988 -0.698905 0.001451 0.498454 -0.027904 0.866466
1788249824.847792149 -0.254522 -0.018657 -0.693251 0.001788 0.496463 -0.027593 0.867617
1788249824.881124020 -0.249876 -0.019394 -0.687923 0.001498 0.494504 -0.027359 0.868744
1788249824.914455414 -0.243269 -0.018736 -0.685104 0.001337 0.492158 -0.027170 0.870081
1788249824.947786808 -0.239645 -0.018062 -0.679857 0.001174 0.490337 -0.027411 0.871101
1788249824.981118202 -0.236295 -0.017674 -0.674236 0.001291 0.488411 -0.027498 0.872179
1788249825.014449596 -0.232161 -0.017895 -0.669767 0.001007 0.486108 -0.027434 0.873467
1788249825.047780991 -0.228491 -0.018351 -0.664774 0.000800 0.484300 -0.026810 0.874491
1788249825.081111908 -0.224462 -0.017585 -0.660724 0.001041 0.482322 -0.026525 0.875592
1788249825.114442825 -0.218780 -0.017895 -0.656440 0.001174 0.480036 -0.026182 0.876857
1788249825.147773743 -0.216804 -0.017020 -0.651369 0.001292 0.478329 -0.026105 0.877792
1788249825.181104660 -0.212091 -0.016263 -0.646745 0.001239 0.476285 -0.025850 0.878910
1788249825.214435339 -0.206877 -0.016602 -0.642260 0.000991 0.474216 -0.025628 0.880035
1788249825.247765303 -0.204704 -0.016508 -0.636536 0.001090 0.472612 -0.025831 0.880891
1788249825.281095743 -0.199016 -0.015883 -0.632392 0.001249 0.470212 -0.025634 0.882180
1788249825.314426422 -0.195036 -0.016182 -0.627620 0.001138 0.468237 -0.025430 0.883236
1788249825.347756624 -0.190874 -0.016506 -0.623788 0.001285 0.466263 -0.025153 0.884288
1788249825.381087065 -0.187451 -0.015746 -0.620082 0.001696 0.464265 -0.024867 0.885346
1788249825.414417267 -0.184109 -0.016198 -0.614437 0.001765 0.462406 -0.024720 0.886322
1788249825.447747469 -0.179672 -0.016017 -0.610069 0.001742 0.460239 -0.024404 0.887458
1788249825.481077671 -0.174715 -0.015560 -0.605276 0.001577 0.458227 -0.024346 0.888500
1788249825.514407635 -0.171380 -0.015034 -0.600756 0.001595 0.456389 -0.024401 0.889444
1788249825.547737360 -0.165320 -0.014353 -0.594995 0.001514 0.453744 -0.024711 0.890788
1788249825.581067324 -0.162765 -0.014899 -0.590222 0.001316 0.451699 -0.024453 0.891834
1788249825.614396811 -0.159503 -0.015171 -0.584497 0.001044 0.449858 -0.024093 0.892774
1788249825.647726536 -0.157261 -0.014104 -0.576307 0.001156 0.448232 -0.024081 0.893592
1788249825.681056023 -0.152954 -0.013283 -0.572549 0.001609 0.446088 -0.023687 0.894674
1788249825.714384794 -0.149137 -0.014298 -0.567487 0.001550 0.444104 -0.023318 0.895670
1788249825.747713804 -0.143690 -0.014351 -0.562435 0.001458 0.442121 -0.022528 0.896671
1788249825.781043291 -0.139880 -0.014864 -0.556723 0.001331 0.440379 -0.022271 0.897535
1788249825.814372540 -0.137405 -0.012875 -0.551744 0.001489 0.438311 -0.023067 0.898526
1788249825.847709656 -0.133791 -0.012941 -0.546172 0.001373 0.436160 -0.023075 0.899572
1788249825.881046295 -0.130887 -0.014477 -0.540309 0.000866 0.434446 -0.022772 0.900410
1788249825.914383411 -0.125700 -0.013808 -0.534355 0.000869 0.432460 -0.022629 0.901369
1788249825.947720528 -0.122184 -0.013452 -0.529718 0.000965 0.430565 -0.022692 0.902274
1788249825.981057405 -0.119349 -0.013092 -0.523405 0.000916 0.428785 -0.022676 0.903121
1788249826.014394522 -0.114582 -0.013807 -0.519207 0.000627 0.426712 -0.022287 0.904113
1788249826.047731400 -0.112991 -0.013788 -0.513722 0.000399 0.425272 -0.022510 0.904785
1788249826.081068039 -0.109874 -0.013621 -0.507414 0.000318 0.423252 -0.022978 0.905720
1788249826.114405155 -0.105922 -0.012756 -0.501062 0.000035 0.421064 -0.023167 0.906735
1788249826.147741079 -0.103052 -0.011823 -0.495749 0.000099 0.419290 -0.023043 0.907560
1788249826.181077957 -0.099125 -0.011452 -0.490188 -0.000040 0.417270 -0.022997 0.908491
1788249826.214415073 -0.096665 -0.011439 -0.484133 0.000037 0.415585 -0.022580 0.909274
1788249826.247751713 -0.093438 -0.012255 -0.479154 0.000063 0.413659 -0.022237 0.910160
1788249826.281088352 -0.088288 -0.011033 -0.475115 0.000369 0.411496 -0.021764 0.911152
1788249826.314425468 -0.084293 -0.010817 -0.470293 0.000344 0.409670 -0.021517 0.911980
1788249826.347762346 -0.081198 -0.011644 -0.464759 0.000182 0.407881 -0.021382 0.912785
1788249826.381098747 -0.078245 -0.010239 -0.459070 0.000390 0.406008 -0.021805 0.913610
1788249826.414435863 -0.074339 -0.009273 -0.452377 0.000409 0.404166 -0.021593 0.914431
1788249826.447772503 -0.069984 -0.009111 -0.447703 0.000344 0.402188 -0.021240 0.915311
1788249826.481109381 -0.067924 -0.009060 -0.442880 0.000288 0.400330 -0.021079 0.916128
1788249826.514446259 -0.063728 -0.008135 -0.437114 0.000405 0.398350 -0.020921 0.916995
1788249826.547783136 -0.060325 -0.008525 -0.431681 0.000335 0.396644 -0.020318 0.917748
1788249826.581119776 -0.057328 -0.009167 -0.427396 -0.000003 0.395602 -0.020234 0.918199
1788249826.614455462 -0.051238 -0.008591 -0.422564 -0.000220 0.394610 -0.020031 0.918630
1788249826.647792101 -0.048301 -0.007484 -0.416692 -0.000304 0.393827 -0.020212 0.918962
1788249826.681128740 -0.046850 -0.006710 -0.413451 -0.000553 0.394071 -0.020589 0.918849
1788249826.714465380 -0.043275 -0.007016 -0.411179 -0.000492 0.394526 -0.020452 0.918657
1788249826.747802258 -0.041004 -0.008064 -0.409214 0.000117 0.394225 -0.020872 0.918777
1788249826.781138897 -0.039094 -0.010066 -0.406448 0.000335 0.394120 -0.020784 0.918824
1788249826.814475536 -0.034868 -0.008384 -0.405147 0.000789 0.394114 -0.020616 0.918830
1788249826.847811460 -0.031291 -0.009362 -0.403654 0.000546 0.394069 -0.020398 0.918854
1788249826.881147146 -0.027804 -0.009147 -0.399351 0.000284 0.394156 -0.020151 0.918822
1788249826.914483070 -0.022746 -0.008078 -0.394815 -0.000071 0.394086 -0.019978 0.918857
1788249826.947818518 -0.020208 -0.007189 -0.391587 -0.000071 0.394244 -0.020328 0.918781
1788249826.981154442 -0.017380 -0.008081 -0.387833 -0.000211 0.394164 -0.020367 0.918815
1788249827.014490128 -0.015648 -0.006547 -0.384980 0.000182 0.394206 -0.020846 0.918785
1788249827.047824383 -0.012313 -0.007042 -0.382321 0.000241 0.394181 -0.020690 0.918800
1788249827.081160307 -0.008572 -0.006786 -0.379710 0.000370 0.394076 -0.020695 0.918845
1788249827.114495516 -0.005227 -0.007858 -0.376131 0.000150 0.394296 -0.020142 0.918763
1788249827.147831202 -0.001627 -0.006756 -0.373284 0.000004 0.394220 -0.020520 0.918787
1788249827.181166649 0.001470 -0.006868 -0.369286 -0.000094 0.394357 -0.020298 0.918733
1788249827.214502096 0.003236 -0.006191 -0.365248 -0.000021 0.394416 -0.020836 0.918696
1788249827.247837543 0.005920 -0.005436 -0.362409 0.000049 0.394284 -0.021417 0.918739
1788249827.281172752 0.008447 -0.005413 -0.358684 0.000074 0.394316 -0.021821 0.918716
1788249827.314508200 0.013565 -0.005619 -0.356434 0.000267 0.394077 -0.021395 0.918828
1788249827.347843409 0.016266 -0.006021 -0.354298 0.000295 0.394194 -0.021455 0.918777
1788249827.381178617 0.020131 -0.006368 -0.351172 0.000226 0.394385 -0.020950 0.918707
1788249827.414514065 0.023278 -0.006332 -0.348198 0.000214 0.394538 -0.020759 0.918645
1788249827.447849035 0.027298 -0.006139 -0.344985 0.000181 0.394332 -0.020998 0.918728
1788249827.481183290 0.029426 -0.005019 -0.342569 0.000640 0.394307 -0.021292 0.918732
1788249827.514518499 0.032458 -0.005668 -0.339189 0.000561 0.394262 -0.021502 0.918746
1788249827.547853470 0.034155 -0.005201 -0.335693 0.000745 0.394351 -0.021887 0.918699
1788249827.581188440 0.037999 -0.005245 -0.333367 0.000886 0.394154 -0.021872 0.918783
1788249827.614523172 0.040525 -0.005241 -0.329806 0.000918 0.394469 -0.021806 0.918650
1788249827.647858381 0.044707 -0.004758 -0.326979 0.000805 0.394355 -0.021797 0.918700
1788249827.681193352 0.048638 -0.003760 -0.323567 0.000850 0.394295 -0.021974 0.918721
1788249827.714528084 0.051039 -0.004242 -0.320488 0.000682 0.394330 -0.021930 0.918707
1788249827.747863054 0.054631 -0.004748 -0.317060 0.000530 0.394197 -0.022098 0.918760
1788249827.781198025 0.056539 -0.005713 -0.314736 0.000556 0.394179 -0.021846 0.918774
1788249827.814532518 0.058122 -0.004157 -0.310484 0.000733 0.394221 -0.022548 0.918739
1788249827.847869873 0.061840 -0.004204 -0.307342 0.000690 0.393975 -0.022644 0.918842
1788249827.881206989 0.064835 -0.004190 -0.305155 0.000789 0.394001 -0.022396 0.918837
1788249827.914543629 0.070176 -0.004484 -0.302208 0.000589 0.393957 -0.022105 0.918863
1788249827.947879791 0.074295 -0.002678 -0.296594 0.000792 0.394223 -0.022143 0.918748
1788249827.981216908 0.078297 -0.001852 -0.293503 0.000862 0.394123 -0.022260 0.918788
1788249828.014553785 0.081731 -0.002071 -0.290489 0.000895 0.393979 -0.022168 0.918851
1788249828.047890902 0.083612 -0.001934 -0.287853 0.001004 0.394049 -0.022413 0.918816
1788249828.081227541 0.087013 -0.001908 -0.284980 0.001092 0.394003 -0.022398 0.918836
1788249828.114564419 0.090290 -0.001528 -0.281573 0.001254 0.393891 -0.022268 0.918887
1788249828.147901535 0.093759 -0.001216 -0.278881 0.001333 0.393554 -0.022157 0.919033
1788249828.181238174 0.096396 -0.001372 -0.275887 0.001383 0.393609 -0.022132 0.919011
1788249828.214575052 0.101089 -0.001078 -0.272312 0.001418 0.393607 -0.021929 0.919016
1788249828.247911930 0.104842 -0.000971 -0.269570 0.001121 0.393060 -0.021777 0.919254
1788249828.281248569 0.106575 -0.000357 -0.265255 0.001010 0.392605 -0.022194 0.919439
1788249828.314585447 0.109941 0.000243 -0.261267 0.001061 0.392234 -0.022459 0.919591
1788249828.347922325 0.112313 0.000437 -0.257700 0.000974 0.391930 -0.022299 0.919724
1788249828.381257772 0.115811 0.000148 -0.254253 0.000753 0.390971 -0.022278 0.920133
1788249828.414594650 0.118571 0.001282 -0.250156 0.000846 0.389745 -0.022107 0.920657
1788249828.447931290 0.120243 0.000436 -0.247228 0.000829 0.388308 -0.021762 0.921272
1788249828.481267929 0.123045 0.001333 -0.243449 0.001348 0.386850 -0.021788 0.921884
1788249828.514604568 0.125113 0.001058 -0.239550 0.001541 0.385100 -0.021347 0.922627
1788249828.547941208 0.127840 0.001699 -0.234802 0.001474 0.383131 -0.021470 0.923443
1788249828.581278086 0.129744 0.001615 -0.230595 0.001192 0.381383 -0.020987 0.924178
1788249828.614614725 0.131337 0.002051 -0.226225 0.001017 0.379769 -0.020990 0.924843
1788249828.647950888 0.132725 0.001607 -0.222044 0.000906 0.378266 -0.020863 0.925461
1788249828.681287766 0.134119 0.001084 -0.216257 0.000720 0.376614 -0.020716 0.926138
1788249828.714624166 0.137417 0.001642 -0.211810 0.000828 0.374700 -0.020416 0.926921
1788249828.747960806 0.138363 0.003356 -0.208605 0.001056 0.373107 -0.020239 0.927567
1788249828.781297207 0.140175 0.002197 -0.203745 0.000624 0.371471 -0.020068 0.928228
1788249828.814632654 0.143683 0.002412 -0.199452 0.000474 0.369485 -0.020081 0.929020
1788249828.847970486 0.145986 0.002994 -0.194301 0.000649 0.367679 -0.019928 0.929739
1788249828.881307840 0.147355 0.002405 -0.190656 0.000613 0.365930 -0.019719 0.930433
1788249828.914645195 0.149529 0.002721 -0.185532 0.000540 0.364301 -0.019445 0.931078
1788249828.947982550 0.151813 0.001896 -0.182476 0.000412 0.362387 -0.019327 0.931827
1788249828.981320381 0.152735 0.003115 -0.176740 0.000554 0.360789 -0.019543 0.932443
1788249829.014657736 0.154144 0.002812 -0.173081 0.000436 0.358968 -0.019775 0.933140
1788249829.047995090 0.154360 0.003393 -0.168277 0.000422 0.357337 -0.019788 0.933766
1788249829.081331968 0.156246 0.003749 -0.163584 0.000465 0.355460 -0.019751 0.934483
1788249829.114669323 0.158354 0.004192 -0.159697 0.000473 0.353631 -0.019699 0.935177
1788249829.148006916 0.159943 0.003512 -0.155767 0.000509 0.351679 -0.019547 0.935916
1788249829.181344271 0.161308 0.004094 -0.152661 0.000908 0.349627 -0.019620 0.936683
1788249829.214681387 0.162410 0.004734 -0.147034 0.001128 0.347839 -0.019625 0.937348
1788249829.248018742 0.163770 0.004584 -0.142676 0.001230 0.345955 -0.019372 0.938050
1788249829.281355143 0.165292 0.005236 -0.138458 0.001348 0.344281 -0.019220 0.938669
1788249829.314692497 0.166948 0.005838 -0.134368 0.001566 0.342366 -0.019181 0.939369
1788249829.348029613 0.168641 0.005493 -0.130295 0.001536 0.340562 -0.018744 0.940034
1788249829.381366968 0.170114 0.005632 -0.126464 0.001679 0.338948 -0.018476 0.940622
1788249829.414704084 0.171753 0.004866 -0.121610 0.001571 0.337270 -0.018404 0.941227
1788249829.448040962 0.172769 0.005960 -0.119699 0.001935 0.335379 -0.018396 0.941902
1788249829.481378078 0.174635 0.006210 -0.112735 0.001703 0.333777 -0.018246 0.942474
1788249829.514715433 0.176596 0.005296 -0.110358 0.001553 0.331825 -0.018217 0.943164
1788249829.548052549 0.177169 0.005950 -0.104866 0.001593 0.330229 -0.018404 0.943720
1788249829.581389666 0.179397 0.006220 -0.098471 0.001633 0.328265 -0.018307 0.944407
1788249829.614726782 0.179475 0.006483 -0.096029 0.001743 0.326558 -0.018034 0.945003
1788249829.648063898 0.181546 0.006309 -0.091016 0.001648 0.324720 -0.017960 0.945638
1788249829.681401014 0.184230 0.006062 -0.085551 0.001488 0.322896 -0.017572 0.946270
1788249829.714736938 0.184231 0.007169 -0.080715 0.001419 0.321427 -0.017546 0.946771
1788249829.748073816 0.185958 0.006937 -0.077407 0.001359 0.319606 -0.017338 0.947391
1788249829.781410933 0.188678 0.007628 -0.070555 0.001445 0.317682 -0.017616 0.948033
1788249829.814748049 0.188526 0.008381 -0.066706 0.001549 0.316093 -0.017504 0.948566
1788249829.848085165 0.191126 0.007333 -0.061132 0.001172 0.314305 -0.017315 0.949163
1788249829.881422043 0.192578 0.008186 -0.056191 0.001244 0.312548 -0.017368 0.949742
1788249829.914758921 0.192888 0.008222 -0.053538 0.001303 0.310795 -0.017077 0.950323
1788249829.948096037 0.193617 0.009154 -0.051362 0.001537 0.308831 -0.017443 0.950956
1788249829.981432915 0.195138 0.008481 -0.045039 0.001526 0.306850 -0.017062 0.951604
1788249830.014769793 0.196656 0.009399 -0.040167 0.001624 0.304643 -0.016788 0.952317
1788249830.048106909 0.197547 0.009539 -0.036444 0.001583 0.302502 -0.016528 0.953004
1788249830.081443548 0.198744 0.009822 -0.031097 0.001544 0.299966 -0.016651 0.953803
1788249830.114780188 0.198386 0.010301 -0.024256 0.001638 0.297716 -0.016982 0.954502
1788249830.148116112 0.199109 0.010119 -0.021057 0.001594 0.295006 -0.016963 0.955344
1788249830.181452990 0.198780 0.010519 -0.015431 0.001518 0.292813 -0.016974 0.956018
1788249830.214789629 0.198877 0.011203 -0.011685 0.001604 0.290322 -0.016832 0.956780
1788249830.248126268 0.200045 0.009660 -0.007228 0.001172 0.287762 -0.016432 0.957560
1788249830.281462908 0.200149 0.010529 -0.001632 0.001158 0.285457 -0.016392 0.958251
1788249830.314799786 0.199966 0.010658 0.003543 0.001105 0.282991 -0.016338 0.958983
1788249830.348136187 0.202678 0.011026 0.009764 0.000941 0.280399 -0.015844 0.959752
1788249830.381472826 0.204117 0.012416 0.016245 0.000858 0.278179 -0.015814 0.960399
1788249830.414809465 0.203782 0.011627 0.020388 0.000811 0.276073 -0.015594 0.961010
1788249830.448145866 0.203338 0.011365 0.024929 0.000870 0.273685 -0.015848 0.961688
1788249830.481482506 0.203372 0.012753 0.030331 0.001153 0.271257 -0.015611 0.962380
1788249830.514818907 0.204255 0.012870 0.035526 0.001351 0.268622 -0.015290 0.963123
1788249830.548155546 0.205033 0.012534 0.040076 0.001454 0.265965 -0.015083 0.963864
1788249830.581491709 0.204821 0.012733 0.045154 0.001505 0.263633 -0.014993 0.964505
1788249830.614827394 0.204736 0.012426 0.049070 0.001367 0.260916 -0.014991 0.965244
1788249830.648163557 0.205604 0.013479 0.055352 0.001401 0.258078 -0.014787 0.966010
1788249830.681499720 0.205707 0.014440 0.058913 0.001475 0.255378 -0.014593 0.966730
1788249830.714836121 0.205821 0.012657 0.062171 0.001195 0.252837 -0.014156 0.967405
1788249830.748172283 0.205809 0.014171 0.070360 0.001439 0.250365 -0.013958 0.968050
1788249830.781508684 0.203974 0.014513 0.073583 0.001458 0.247606 -0.014532 0.968751
1788249830.814844847 0.203914 0.014607 0.078990 0.001309 0.244859 -0.014370 0.969451
1788249830.848184109 0.203554 0.015130 0.082967 0.001343 0.242103 -0.014174 0.970146
1788249830.881523371 0.204352 0.015243 0.088575 0.001295 0.239267 -0.013681 0.970857
1788249830.914862633 0.204214 0.016793 0.093766 0.001378 0.236470 -0.013795 0.971540
1788249830.948201895 0.202552 0.015318 0.099189 0.001141 0.234017 -0.013734 0.972135
1788249830.981541157 0.202917 0.016013 0.104576 0.001042 0.231070 -0.013258 0.972846
1788249831.014880419 0.204196 0.016402 0.109669 0.001132 0.228340 -0.012834 0.973496
1788249831.048218727 0.203616 0.016865 0.113825 0.001124 0.225771 -0.013073 0.974092
1788249831.081557989 0.203157 0.016810 0.118963 0.001310 0.222820 -0.013026 0.974772
1788249831.114897013 0.202490 0.016520 0.123529 0.001177 0.219978 -0.012873 0.975419
1788249831.148236513 0.201708 0.017086 0.128167 0.001206 0.217181 -0.012616 0.976049
1788249831.181575775 0.201103 0.017023 0.133381 0.001188 0.214348 -0.012511 0.976676
1788249831.214915037 0.200290 0.017425 0.137192 0.001382 0.211592 -0.012358 0.977279
1788249831.248254299 0.199103 0.016782 0.141133 0.001419 0.208796 -0.012087 0.977883
1788249831.281593800 0.198600 0.018909 0.146528 0.001723 0.205854 -0.012260 0.978504
1788249831.314932823 0.198167 0.018871 0.152272 0.001493 0.203134 -0.012098 0.979075
1788249831.348272085 0.196876 0.018244 0.157059 0.001333 0.200553 -0.011922 0.979609
1788249831.381611347 0.194610 0.017367 0.160840 0.001301 0.197844 -0.012270 0.980156
1788249831.414950848 0.193378 0.019305 0.167308 0.001416 0.194683 -0.012596 0.980784
1788249831.448289871 0.192015 0.019206 0.171858 0.001344 0.191800 -0.012249 0.981357
1788249831.481628180 0.192161 0.018810 0.177469 0.001261 0.188800 -0.012040 0.981941
1788249831.514967680 0.192404 0.019051 0.182596 0.001372 0.185788 -0.011299 0.982524
1788249831.548306942 0.190643 0.020222 0.185961 0.001566 0.182911 -0.011485 0.983061
1788249831.581646204 0.190250 0.020382 0.192433 0.001598 0.179933 -0.011252 0.983613
1788249831.614985466 0.188955 0.020453 0.196440 0.001649 0.177006 -0.010713 0.984150
1788249831.648324728 0.189520 0.020442 0.201981 0.001453 0.174082 -0.010339 0.984676
1788249831.681664228 0.189186 0.020503 0.207414 0.001418 0.171255 -0.010088 0.985174
1788249831.715003490 0.187659 0.021694 0.215050 0.001496 0.168453 -0.010428 0.985653
1788249831.748342752 0.186539 0.021283 0.219764 0.001256 0.165465 -0.010141 0.986163
1788249831.781682014 0.186507 0.020837 0.225520 0.001137 0.162652 -0.009533 0.986637
1788249831.815021515 0.185892 0.022084 0.229846 0.001308 0.159869 -0.009275 0.987094
1788249831.848360538 0.185297 0.021725 0.234893 0.001376 0.157215 -0.009141 0.987521
1788249831.881699800 0.183771 0.022379 0.238829 0.001543 0.154709 -0.008913 0.987919
1788249831.915038109 0.183654 0.022928 0.244496 0.001672 0.152166 -0.008767 0.988315
1788249831.948376894 0.184188 0.022657 0.250871 0.001621 0.149625 -0.008418 0.988706
1788249831.981716156 0.184558 0.024661 0.259103 0.001674 0.147169 -0.008498 0.989073
1788249832.015055180 0.182097 0.023229 0.261713 0.001686 0.144620 -0.008420 0.989450
1788249832.048394680 0.181739 0.023510 0.268147 0.001597 0.141615 -0.008322 0.989886
1788249832.081733704 0.181078 0.022807 0.273940 0.001449 0.139103 -0.007981 0.990245
1788249832.115072966 0.182521 0.024218 0.282687 0.001623 0.136402 -0.007518 0.990624
1788249832.148411989 0.181263 0.025037 0.285368 0.001980 0.133747 -0.007662 0.990984
1788249832.181751251 0.179653 0.024406 0.291448 0.001992 0.131160 -0.007142 0.991334
1788249832.215090275 0.178275 0.023064 0.294026 0.001999 0.128512 -0.006845 0.991682
1788249832.248429537 0.178541 0.024519 0.301494 0.002149 0.125800 -0.006522 0.992032
1788249832.281768322 0.178316 0.026468 0.307821 0.002369 0.123397 -0.006545 0.992333
1788249832.315107346 0.177569 0.025337 0.315444 0.002167 0.120658 -0.006500 0.992671
1788249832.348446608 0.176011 0.025548 0.321285 0.002137 0.117844 -0.006626 0.993008
1788249832.381784678 0.173634 0.026451 0.325713 0.002033 0.115289 -0.006476 0.993309
1788249832.415123940 0.171338 0.026953 0.330264 0.001953 0.112676 -0.006394 0.993609
1788249832.448462963 0.171453 0.028238 0.338788 0.001950 0.109910 -0.006272 0.993920
1788249832.481801987 0.169402 0.027997 0.343471 0.002125 0.107201 -0.006630 0.994213
1788249832.515141010 0.169259 0.029799 0.351765 0.002147 0.104555 -0.006457 0.994496
1788249832.548480034 0.168834 0.028841 0.356932 0.001671 0.102221 -0.005916 0.994743
1788249832.581819296 0.166695 0.030489 0.363533 0.001574 0.100002 -0.006386 0.994965
1788249832.615158319 0.164449 0.030569 0.371856 0.001266 0.097360 -0.006510 0.995227
1788249832.648497581 0.164563 0.030621 0.379089 0.000991 0.094528 -0.006273 0.995502
1788249832.681836367 0.162421 0.031867 0.384597 0.000902 0.092146 -0.006164 0.995726
1788249832.715175390 0.161618 0.031404 0.391380 0.000739 0.089745 -0.005877 0.995947
1788249832.748514414 0.162570 0.031980 0.397990 0.001017 0.087147 -0.005778 0.996178
1788249832.781853437 0.160669 0.030505 0.403779 0.000968 0.084767 -0.005350 0.996386
1788249832.815191507 0.161070 0.031468 0.410217 0.001178 0.082249 -0.005034 0.996598
1788249832.848530054 0.158597 0.031933 0.414163 0.001371 0.080189 -0.004926 0.996767
1788249832.881868601 0.158450 0.031618 0.420854 0.001401 0.077795 -0.004802 0.996957
1788249832.915207386 0.158312 0.032548 0.429151 0.001467 0.075096 -0.004936 0.997163
1788249832.948545933 0.154606 0.032662 0.433198 0.001553 0.072835 -0.004963 0.997330
1788249832.981884480 0.155374 0.032277 0.438354 0.001475 0.070545 -0.004625 0.997497
1788249833.015222788 0.154401 0.033809 0.445076 0.001788 0.069157 -0.004496 0.997594
1788249833.048561573 0.154652 0.032692 0.450971 0.001959 0.067887 -0.004334 0.997682
1788249833.081900120 0.154299 0.033219 0.456110 0.002219 0.066553 -0.004492 0.997770
1788249833.115238428 0.153865 0.034810 0.462785 0.002427 0.065190 -0.004298 0.997861
1788249833.148577213 0.154477 0.035570 0.469496 0.002352 0.063898 -0.003964 0.997946
1788249833.181915760 0.153137 0.035258 0.475263 0.002144 0.062837 -0.003995 0.998014
1788249833.215254068 0.151713 0.035605 0.482061 0.002059 0.061571 -0.004309 0.998091
1788249833.248592854 0.151430 0.036389 0.489128 0.002088 0.060035 -0.004357 0.998185
1788249833.281930208 0.151182 0.036225 0.494902 0.002050 0.058852 -0.004038 0.998256
1788249833.315268517 0.151389 0.035867 0.501097 0.001928 0.057718 -0.003657 0.998324
1788249833.348606825 0.150013 0.033653 0.504756 0.001830 0.056549 -0.003616 0.998392
1788249833.381945133 0.151131 0.035346 0.512547 0.002248 0.054778 -0.003699 0.998489
1788249833.415283680 0.150536 0.034881 0.519174 0.002316 0.053233 -0.003373 0.998574
1788249833.448621988 0.150647 0.036071 0.525275 0.002852 0.052026 -0.003333 0.998636
1788249833.481960058 0.149496 0.034702 0.531649 0.003140 0.050922 -0.003215 0.998693
1788249833.515298367 0.147354 0.035888 0.540122 0.003179 0.049343 -0.003758 0.998770
1788249833.548636675 0.146033 0.035198 0.548660 0.002662 0.047209 -0.003957 0.998874
1788249833.581974983 0.144000 0.039390 0.558733 0.003023 0.045219 -0.004505 0.998962
1788249833.615313292 0.142736 0.039531 0.565983 0.003202 0.043094 -0.004471 0.999056
1788249833.648651361 0.139924 0.038629 0.572442 0.003466 0.040686 -0.004239 0.999157
1788249833.681989431 0.139983 0.039078 0.581634 0.003452 0.038301 -0.003556 0.999254
1788249833.715327024 0.139305 0.039739 0.589247 0.003805 0.036373 -0.003320 0.999326
1788249833.748665094 0.137865 0.039612 0.596348 0.003902 0.034418 -0.003028 0.999395
1788249833.782003403 0.136867 0.039923 0.602990 0.004231 0.032322 -0.003114 0.999464
1788249833.815341473 0.135495 0.041787 0.613299 0.004339 0.030161 -0.003064 0.999531
1788249833.848680019 0.133899 0.042110 0.621419 0.004122 0.028011 -0.002824 0.999595
1788249833.882018566 0.132707 0.042165 0.629765 0.004247 0.025946 -0.002547 0.999651
1788249833.915357351 0.131460 0.043357 0.637738 0.004267 0.023748 -0.002408 0.999706
1788249833.948695660 0.128970 0.043645 0.645094 0.003889 0.021582 -0.002265 0.999757
1788249833.982034206 0.127216 0.044032 0.654809 0.003518 0.019551 -0.002335 0.999800
1788249834.015372753 0.124431 0.045150 0.663155 0.003573 0.017485 -0.002876 0.999837
1788249834.048711300 0.122439 0.046092 0.672761 0.003182 0.015186 -0.002888 0.999875
1788249834.082049608 0.122185 0.045688 0.682881 0.002599 0.012776 -0.002373 0.999912
1788249834.115388155 0.119906 0.045880 0.688839 0.002887 0.011132 -0.002053 0.999932
1788249834.148725510 0.119322 0.045636 0.696092 0.003006 0.009110 -0.001688 0.999953
1788249834.182064056 0.118416 0.046743 0.703974 0.002820 0.007644 -0.001448 0.999966
1788249834.215402365 0.118670 0.048274 0.713466 0.002880 0.006470 -0.001507 0.999974
1788249834.248740673 0.116592 0.047876 0.721990 0.002829 0.005071 -0.001620 0.999982
1788249834.282078981 0.115176 0.049135 0.730416 0.002644 0.003313 -0.001599 0.999990
1788249834.315417767 0.112841 0.049837 0.738337 0.002473 0.002115 -0.001756 0.999993
1788249834.348756075 0.112954 0.050320 0.747140 0.002561 0.000703 -0.001761 0.999995
1788249834.382094383 0.110421 0.050841 0.754552 0.002549 -0.000848 -0.001716 0.999995
1788249834.415432453 0.109132 0.050988 0.762223 0.002100 -0.002474 -0.001395 0.999994
1788249834.448771000 0.108461 0.052474 0.771953 0.001955 -0.003790 -0.001172 0.999990
1788249834.482109070 0.107242 0.052702 0.779260 0.002187 -0.005058 -0.001155 0.999984
1788249834.515447378 0.105297 0.053970 0.786478 0.002392 -0.006456 -0.001326 0.999975
1788249834.548785448 0.104338 0.052863 0.795330 0.002187 -0.008063 -0.000875 0.999965
1788249834.582123995 0.103568 0.053707 0.803096 0.002422 -0.009374 -0.000687 0.999953
1788249834.615460873 0.103613 0.052760 0.810758 0.002557 -0.010921 -0.000147 0.999937
1788249834.648799181 0.102173 0.055575 0.818828 0.002881 -0.012435 -0.000042 0.999919
1788249834.682137251 0.100551 0.056565 0.827165 0.002850 -0.013768 0.000026 0.999901
1788249834.715475559 0.098826 0.056241 0.835108 0.002877 -0.015087 -0.000319 0.999882
1788249834.748813629 0.096731 0.056223 0.843247 0.002781 -0.016745 -0.000390 0.999856
1788249834.782151699 0.095327 0.056662 0.852341 0.002408 -0.018183 0.000042 0.999832
1788249834.815490007 0.095648 0.056452 0.861108 0.002106 -0.019693 0.000392 0.999804
1788249834.848827839 0.092382 0.057851 0.867881 0.002454 -0.020753 0.000422 0.999782
1788249834.882165670 0.090863 0.058301 0.875497 0.002422 -0.022279 0.000509 0.999749
1788249834.915503263 0.090316 0.057814 0.884950 0.001958 -0.023884 0.000727 0.999713
1788249834.948841095 0.088447 0.058147 0.893150 0.001798 -0.025179 0.000641 0.999681
1788249834.982178926 0.086428 0.058684 0.902832 0.001787 -0.026758 0.000375 0.999640
1788249835.015516758 0.083599 0.060093 0.909327 0.001738 -0.028239 0.000077 0.999600
1788249835.048853397 0.082861 0.060710 0.918821 0.001466 -0.029841 0.000171 0.999554
1788249835.082190990 0.078874 0.060135 0.924913 0.001379 -0.031166 -0.000064 0.999513
1788249835.115528584 0.077457 0.059846 0.934085 0.001080 -0.032823 0.000330 0.999461
1788249835.148866415 0.076113 0.061934 0.943957 0.000921 -0.034145 0.000605 0.999416
1788249835.182204008 0.075196 0.061405 0.952714 0.000748 -0.035448 0.000464 0.999371
1788249835.215541601 0.072067 0.061597 0.959209 0.000852 -0.036859 0.000204 0.999320
1788249835.248879194 0.069630 0.063566 0.967982 0.000640 -0.038506 0.000176 0.999258
1788249835.282216549 0.067972 0.062264 0.976933 -0.000086 -0.040140 0.000371 0.999194
1788249835.315554380 0.065783 0.062630 0.984069 -0.000107 -0.041348 0.000462 0.999145
1788249835.348891735 0.065699 0.064291 0.993632 0.000223 -0.042874 0.000709 0.999080
1788249835.382229090 0.063462 0.064884 1.001024 0.000204 -0.044355 0.000980 0.999015
1788249835.415566444 0.061875 0.066853 1.009939 0.000109 -0.045698 0.000939 0.998955
1788249835.448904037 0.059060 0.065522 1.017603 -0.000297 -0.046948 0.000825 0.998897
1788249835.482240438 0.055506 0.067704 1.026773 -0.000329 -0.048296 0.000605 0.998833
1788249835.515577793 0.052538 0.065422 1.034208 -0.000968 -0.049839 0.000768 0.998756
1788249835.548914909 0.051402 0.066585 1.043507 -0.001195 -0.051190 0.000876 0.998688
1788249835.582252502 0.049716 0.067921 1.050977 -0.001282 -0.052364 0.001197 0.998627
1788249835.615589380 0.049809 0.068775 1.059591 -0.001492 -0.054122 0.001623 0.998532
1788249835.648926735 0.046675 0.069424 1.067998 -0.001717 -0.055482 0.001605 0.998457
1788249835.682263851 0.044904 0.069167 1.077039 -0.001680 -0.056697 0.001485 0.998389
1788249835.715601206 0.042861 0.069452 1.084740 -0.001540 -0.058274 0.001356 0.998298
1788249835.748938322 0.038613 0.070198 1.091308 -0.001478 -0.059714 0.001231 0.998214
1788249835.782275438 0.037572 0.072103 1.098826 -0.001369 -0.061296 0.001515 0.998118
1788249835.815612793 0.034996 0.071042 1.105423 -0.001223 -0.062503 0.001770 0.998042
1788249835.848955393 0.033077 0.072203 1.112244 -0.000479 -0.063805 0.001941 0.997960
1788249835.882298470 0.032637 0.070249 1.119713 -0.000589 -0.065215 0.002516 0.997868
1788249835.915640116 0.031281 0.070947 1.127045 -0.000409 -0.066515 0.002726 0.997782
1788249835.948983192 0.027624 0.070875 1.134148 -0.000138 -0.067725 0.002382 0.997701
1788249835.982326269 0.024579 0.071224 1.143113 -0.000063 -0.069284 0.002455 0.997594
1788249836.015669346 0.022644 0.071245 1.150599 -0.000319 -0.070773 0.002397 0.997490
1788249836.049012423 0.020279 0.072957 1.159338 -0.000146 -0.072119 0.002504 0.997393
1788249836.082355261 0.017564 0.072183 1.165815 0.000063 -0.073542 0.002442 0.997289
1788249836.115698576 0.014909 0.073053 1.174934 0.000087 -0.075105 0.002467 0.997173
1788249836.149041414 0.011847 0.074155 1.180205 -0.000125 -0.076351 0.002360 0.997078
1788249836.182384729 0.010274 0.074227 1.189601 -0.000013 -0.077737 0.002276 0.996971
1788249836.215728283 0.004981 0.074676 1.196518 0.000208 -0.079039 0.002191 0.996869
1788249836.249071360 0.004476 0.074033 1.203987 0.000119 -0.080562 0.002326 0.996747
1788249836.282414675 0.002287 0.073751 1.211182 0.000212 -0.082049 0.002496 0.996625
1788249836.315757990 -0.001540 0.074693 1.219750 0.000563 -0.083472 0.002645 0.996506
1788249836.349101067 -0.001570 0.074628 1.228348 0.000539 -0.085317 0.003089 0.996349
1788249836.382443666 -0.003871 0.073727 1.234410 0.000441 -0.087105 0.003318 0.996194
1788249836.415786982 -0.008551 0.074466 1.241817 0.000885 -0.089054 0.003063 0.996022
1788249836.449130535 -0.011762 0.074379 1.247976 0.001135 -0.091469 0.002944 0.995803
1788249836.482474089 -0.016259 0.075174 1.257061 0.001095 -0.093640 0.002779 0.995602
1788249836.515817642 -0.019038 0.075895 1.263399 0.001076 -0.095554 0.003023 0.995419
1788249836.549160957 -0.022425 0.075040 1.270088 0.001388 -0.097934 0.003158 0.995187
1788249836.582504749 -0.025569 0.075495 1.277714 0.001630 -0.100547 0.003615 0.994924
1788249836.615848303 -0.029218 0.075082 1.285792 0.001524 -0.102820 0.003954 0.994691
1788249836.649192095 -0.032396 0.074497 1.293674 0.001580 -0.105327 0.004039 0.994428
1788249836.682535648 -0.037826 0.076338 1.301372 0.001848 -0.108150 0.003779 0.994126
1788249836.715879202 -0.042163 0.076151 1.308003 0.001713 -0.110839 0.003657 0.993830
1788249836.749222994 -0.046301 0.077154 1.315452 0.001828 -0.113347 0.003772 0.993547
1788249836.782567024 -0.049947 0.077006 1.322781 0.001970 -0.116099 0.004064 0.993227
1788249836.815909863 -0.054880 0.076914 1.330244 0.002032 -0.118887 0.004152 0.992897
1788249836.849248648 -0.057250 0.076283 1.337633 0.002068 -0.121801 0.004260 0.992543
1788249836.882587671 -0.063921 0.077322 1.342694 0.002564 -0.124469 0.003787 0.992213
1788249836.915926695 -0.068483 0.078554 1.350058 0.002757 -0.127606 0.003791 0.991814
1788249836.949265480 -0.073420 0.077988 1.355811 0.002650 -0.130430 0.003781 0.991447
1788249836.982604742 -0.077314 0.078592 1.360319 0.003078 -0.133509 0.003987 0.991035
1788249837.015943527 -0.081632 0.077905 1.368715 0.003436 -0.136455 0.004475 0.990630
1788249837.049282312 -0.084797 0.078106 1.374200 0.003524 -0.139233 0.005270 0.990239
1788249837.082621336 -0.089589 0.077468 1.380807 0.003823 -0.141924 0.005419 0.989855
1788249837.115960121 -0.095655 0.077089 1.388070 0.004404 -0.144625 0.005146 0.989463
1788249837.149299145 -0.099115 0.075464 1.393178 0.004370 -0.147509 0.005172 0.989038
1788249837.182637691 -0.103436 0.077152 1.401234 0.004510 -0.150600 0.005574 0.988569
1788249837.215976477 -0.110990 0.078449 1.406151 0.004828 -0.153072 0.005612 0.988187
1788249837.249315262 -0.116112 0.079069 1.413862 0.004799 -0.156198 0.005823 0.987697
1788249837.282653332 -0.120348 0.076913 1.419377 0.004505 -0.159007 0.005793 0.987250
1788249837.315992117 -0.126945 0.079651 1.426674 0.004877 -0.161698 0.005581 0.986812
1788249837.349330902 -0.135531 0.077953 1.434706 0.004840 -0.164568 0.005036 0.986341
1788249837.382669449 -0.143469 0.081324 1.442010 0.004917 -0.167947 0.005377 0.985769
1788249837.416007996 -0.148953 0.080590 1.449542 0.004844 -0.171460 0.005447 0.985164
1788249837.449346781 -0.153536 0.080394 1.454001 0.005074 -0.175012 0.005799 0.984536
1788249837.482685566 -0.162811 0.080781 1.462588 0.005187 -0.178419 0.006051 0.983922
1788249837.516024113 -0.168465 0.081587 1.468540 0.005420 -0.181892 0.006347 0.983283
1788249837.549362898 -0.176177 0.082063 1.470079 0.005842 -0.185236 0.006331 0.982656
1788249837.582701445 -0.186254 0.083433 1.476978 0.005939 -0.188750 0.006153 0.981988
1788249837.616039991 -0.189420 0.083809 1.481794 0.005506 -0.192371 0.006614 0.981285
1788249837.649378777 -0.196197 0.083179 1.487525 0.005646 -0.195813 0.006563 0.980603
1788249837.682717323 -0.202735 0.084952 1.492570 0.005807 -0.199476 0.007093 0.979860
1788249837.716055155 -0.206821 0.084120 1.498407 0.005686 -0.203050 0.007460 0.979123
1788249837.749393702 -0.209979 0.083908 1.502698 0.005768 -0.206489 0.008127 0.978398
1788249837.782732248 -0.217989 0.084147 1.507227 0.005936 -0.209964 0.008208 0.977657
1788249837.816070795 -0.223224 0.084092 1.512781 0.005715 -0.213601 0.008373 0.976868
1788249837.849415302 -0.229583 0.087095 1.520082 0.005864 -0.217056 0.008905 0.976101
1788249837.882760048 -0.235603 0.086303 1.525210 0.005718 -0.220745 0.008823 0.975275
1788249837.916105032 -0.241372 0.086148 1.530218 0.005409 -0.224496 0.009020 0.974418
1788249837.949450016 -0.248225 0.086163 1.535059 0.005350 -0.227741 0.009139 0.973664
1788249837.982795238 -0.255538 0.089298 1.540493 0.005910 -0.231446 0.009258 0.972786
1788249838.016139984 -0.260472 0.087429 1.544320 0.005580 -0.235374 0.009073 0.971847
1788249838.049484968 -0.265810 0.085798 1.549449 0.005044 -0.239074 0.009131 0.970945
1788249838.082830191 -0.271455 0.088390 1.555332 0.005134 -0.242874 0.009466 0.969998
1788249838.116175413 -0.279931 0.089981 1.561664 0.004947 -0.246671 0.009978 0.969035
1788249838.149519682 -0.285542 0.087599 1.565011 0.004543 -0.250118 0.009843 0.968155
1788249838.182864666 -0.292879 0.090879 1.569837 0.005036 -0.253580 0.010066 0.967249
1788249838.216210365 -0.297305 0.087929 1.573478 0.004695 -0.257469 0.009665 0.966227
1788249838.249555588 -0.307218 0.090425 1.579582 0.004475 -0.260906 0.010104 0.965301
1788249838.282901049 -0.314096 0.090394 1.584125 0.004479 -0.264536 0.010057 0.964313
1788249838.316246748 -0.321127 0.090083 1.589695 0.004342 -0.268487 0.010471 0.963217
1788249838.349592209 -0.325360 0.090872 1.592680 0.004263 -0.272367 0.010562 0.962126
1788249838.382937908 -0.333372 0.092155 1.595858 0.004634 -0.275938 0.010279 0.961109
1788249838.416283131 -0.337268 0.093034 1.600744 0.004553 -0.280397 0.010797 0.959813
1788249838.449629068 -0.348561 0.093612 1.606016 0.004250 -0.283981 0.010940 0.958758
1788249838.482975006 -0.353016 0.092879 1.610401 0.004044 -0.287787 0.011177 0.957621
1788249838.516320705 -0.357722 0.092697 1.613127 0.004030 -0.291502 0.011502 0.956493
1788249838.549666643 -0.364418 0.094957 1.617574 0.003930 -0.295135 0.012063 0.955371
1788249838.583012581 -0.368427 0.092555 1.620758 0.003645 -0.298722 0.012089 0.954257
1788249838.616357565 -0.379607 0.094702 1.626358 0.004080 -0.302324 0.012199 0.953118
1788249838.649703503 -0.383496 0.096127 1.629821 0.003927 -0.306476 0.012142 0.951793
1788249838.683049679 -0.392661 0.094870 1.632798 0.003367 -0.309887 0.012013 0.950692
1788249838.716395855 -0.399001 0.095053 1.635497 0.003428 -0.313580 0.012008 0.949480
1788249838.749742031 -0.404370 0.093321 1.637835 0.003317 -0.317367 0.012085 0.948220
1788249838.783088207 -0.410382 0.093404 1.641856 0.003216 -0.321063 0.012362 0.946972
1788249838.816434622 -0.416905 0.092238 1.645080 0.003235 -0.324942 0.012320 0.945648
1788249838.849779606 -0.420639 0.091943 1.645584 0.003132 -0.329116 0.012556 0.944201
1788249838.883124828 -0.431706 0.092392 1.649311 0.002934 -0.332851 0.012355 0.942894
1788249838.916470051 -0.436596 0.091448 1.651913 0.002619 -0.336881 0.012532 0.941460
1788249838.949815750 -0.442382 0.092840 1.654318 0.002869 -0.340773 0.012878 0.940053
1788249838.983160734 -0.450022 0.094868 1.656711 0.002972 -0.344382 0.013428 0.938729
1788249839.016506195 -0.457104 0.091983 1.658989 0.002821 -0.348082 0.013347 0.937365
1788249839.049850702 -0.463281 0.088904 1.660317 0.002800 -0.352105 0.013004 0.935866
1788249839.083196640 -0.467928 0.092125 1.662165 0.002751 -0.356535 0.013591 0.934179
1788249839.116542101 -0.476473 0.092661 1.664095 0.002425 -0.360417 0.013575 0.932689
1788249839.149887562 -0.485937 0.093199 1.665626 0.002363 -0.364297 0.013621 0.931180
1788249839.183233500 -0.492474 0.092571 1.666785 0.002223 -0.368298 0.013749 0.929604
1788249839.216579199 -0.500641 0.094537 1.670394 0.002248 -0.372041 0.013836 0.928110
1788249839.249924898 -0.507429 0.093000 1.672500 0.002137 -0.376233 0.013662 0.926422
1788249839.283270836 -0.516040 0.091776 1.673001 0.002034 -0.380445 0.013611 0.924701
1788249839.316616774 -0.523538 0.091509 1.674095 0.001957 -0.384496 0.013862 0.923021
1788249839.349962950 -0.529721 0.091184 1.676404 0.002004 -0.388729 0.014161 0.921241
1788249839.383308887 -0.538628 0.092721 1.678016 0.002359 -0.392821 0.014522 0.919497
1788249839.416655302 -0.543901 0.091266 1.680117 0.002210 -0.396839 0.014791 0.917766
1788249839.450001240 -0.547505 0.088760 1.678040 0.002267 -0.400613 0.015013 0.916122
1788249839.483346462 -0.557159 0.089658 1.681334 0.002784 -0.404758 0.015232 0.914293
1788249839.516692877 -0.565063 0.092900 1.684067 0.002912 -0.408899 0.015958 0.912436
1788249839.550039053 -0.571494 0.092176 1.685603 0.002779 -0.412868 0.016251 0.910641
1788249839.583385706 -0.581097 0.090291 1.684370 0.002971 -0.416634 0.016572 0.908918
1788249839.616732121 -0.584470 0.091510 1.687465 0.002977 -0.420998 0.017091 0.906896
1788249839.650078535 -0.594730 0.092423 1.687481 0.002678 -0.424553 0.017523 0.905230
1788249839.683425188 -0.599065 0.090389 1.686804 0.002672 -0.428443 0.017380 0.903398
1788249839.716771603 -0.608871 0.092226 1.687936 0.002970 -0.432636 0.017280 0.901398
1788249839.750118256 -0.615126 0.091371 1.688835 0.002424 -0.436754 0.017649 0.899405
1788249839.783465147 -0.621045 0.091142 1.689973 0.002359 -0.440711 0.018077 0.897464
1788249839.816811800 -0.628773 0.091120 1.691508 0.002592 -0.444804 0.018341 0.895436
1788249839.850158691 -0.633457 0.091838 1.693001 0.002497 -0.448966 0.018661 0.893350
1788249839.883506060 -0.640184 0.090777 1.693040 0.002362 -0.452766 0.018547 0.891433
1788249839.916851997 -0.649729 0.091300 1.692689 0.002654 -0.456765 0.018440 0.889392
1788249839.950199604 -0.657875 0.093863 1.694330 0.002920 -0.460864 0.018832 0.887266
1788249839.983546972 -0.666280 0.092592 1.693396 0.002640 -0.464707 0.019045 0.885256
1788249840.016894341 -0.673779 0.093939 1.694474 0.002947 -0.468890 0.019788 0.883030
1788249840.050241947 -0.679779 0.093735 1.694251 0.003130 -0.472779 0.020568 0.880935
1788249840.083589554 -0.684828 0.092176 1.692092 0.002935 -0.476407 0.021250 0.878963
1788249840.116937160 -0.692491 0.093635 1.693456 0.003346 -0.480164 0.021678 0.876905
1788249840.150285006 -0.699259 0.091726 1.693009 0.003459 -0.484059 0.021825 0.874756
1788249840.183633089 -0.706818 0.092699 1.691905 0.003436 -0.487898 0.022111 0.872614
1788249840.216980934 -0.715103 0.095643 1.692648 0.003557 -0.491778 0.022311 0.870428
1788249840.250328779 -0.721527 0.093465 1.691735 0.003530 -0.495593 0.022570 0.868254
1788249840.283676863 -0.728629 0.092194 1.690527 0.003471 -0.499262 0.022759 0.866145
1788249840.317025185 -0.737403 0.091902 1.691888 0.003184 -0.502644 0.023141 0.864178
1788249840.350373268 -0.744816 0.092446 1.691203 0.003712 -0.506045 0.023058 0.862191
1788249840.383720636 -0.752281 0.090141 1.688118 0.003552 -0.509431 0.022680 0.860206
1788249840.417068958 -0.761653 0.091196 1.688038 0.003413 -0.513054 0.022707 0.858049
1788249840.450417280 -0.767747 0.090895 1.687483 0.003301 -0.516472 0.023091 0.855986
1788249840.483765841 -0.776887 0.091932 1.688436 0.003315 -0.519854 0.023612 0.853922
1788249840.517114639 -0.784207 0.093954 1.690767 0.003295 -0.523323 0.024336 0.851780
1788249840.550463438 -0.790583 0.090440 1.687947 0.003221 -0.526515 0.024239 0.849814
1788249840.583812237 -0.797604 0.088469 1.686496 0.003370 -0.530013 0.023965 0.847644
1788249840.617160797 -0.808800 0.092947 1.687784 0.003417 -0.533515 0.024035 0.845442
1788249840.650509834 -0.819010 0.092911 1.688492 0.003247 -0.536817 0.023835 0.843356
1788249840.683858871 -0.823693 0.092444 1.685834 0.003182 -0.540239 0.024189 0.841158
1788249840.717207909 -0.831615 0.092428 1.686998 0.003003 -0.543506 0.024491 0.839042
1788249840.750556946 -0.837930 0.090704 1.685455 0.003220 -0.546711 0.024568 0.836954
1788249840.783906460 -0.845712 0.083452 1.679860 0.003102 -0.549887 0.024004 0.834888
1788249840.817254543 -0.854749 0.085422 1.681086 0.003208 -0.553458 0.024191 0.832519
1788249840.850595951 -0.860931 0.083814 1.679668 0.002941 -0.557037 0.024246 0.830129
1788249840.883937597 -0.867986 0.082660 1.676658 0.002932 -0.560046 0.024443 0.828096
1788249840.917279005 -0.876164 0.082822 1.676002 0.002760 -0.563294 0.024856 0.825878
1788249840.950620413 -0.884413 0.084704 1.677236 0.003155 -0.566198 0.025287 0.823875
1788249840.983962059 -0.890076 0.083209 1.674892 0.003574 -0.568482 0.025402 0.822295
1788249841.017303705 -0.898889 0.083957 1.675560 0.003674 -0.570646 0.025288 0.820798
1788249841.050645113 -0.907850 0.084128 1.675747 0.003134 -0.572762 0.025138 0.819330
1788249841.083986759 -0.916466 0.083187 1.676088 0.002944 -0.574963 0.024994 0.817792
1788249841.117328167 -0.926725 0.088531 1.681062 0.003088 -0.577378 0.025456 0.816074
1788249841.150669575 -0.934800 0.085257 1.680145 0.002347 -0.579110 0.025406 0.814850
1788249841.184011221 -0.942617 0.083620 1.683490 0.002411 -0.581225 0.025587 0.813337
1788249841.217352629 -0.952494 0.085551 1.683103 0.002985 -0.583253 0.025592 0.811882
1788249841.250694275 -0.959594 0.085259 1.682140 0.002819 -0.585392 0.025464 0.810345
1788249841.284034729 -0.968671 0.083918 1.681895 0.002710 -0.587323 0.025171 0.808957
1788249841.317376375 -0.975500 0.084933 1.681731 0.002792 -0.589505 0.025315 0.807363
1788249841.350717783 -0.984459 0.085904 1.681043 0.002740 -0.591541 0.025571 0.805865
1788249841.384059191 -0.992483 0.083667 1.680711 0.002633 -0.593319 0.025891 0.804546
1788249841.417400599 -0.998283 0.083125 1.677979 0.002998 -0.595346 0.025576 0.803057
1788249841.450742483 -1.011925 0.088264 1.686702 0.003150 -0.598022 0.026117 0.801048
1788249841.484083891 -1.020202 0.087086 1.683885 0.002735 -0.599817 0.026015 0.799709
1788249841.517425537 -1.027348 0.086983 1.687848 0.002743 -0.602183 0.026123 0.797926
1788249841.550766945 -1.032918 0.086231 1.686270 0.002504 -0.604129 0.026488 0.796442
1788249841.584108353 -1.040716 0.085857 1.686630 0.002134 -0.605842 0.026768 0.795132
1788249841.617449999 -1.047892 0.084761 1.686664 0.002500 -0.607660 0.027006 0.793734
1788249841.650791645 -1.056977 0.087358 1.688736 0.003200 -0.609955 0.027115 0.791965
1788249841.684133053 -1.064856 0.087628 1.685821 0.003443 -0.611404 0.026933 0.790853
1788249841.717473507 -1.073089 0.085155 1.687942 0.003067 -0.613217 0.027072 0.789445
1788249841.750815153 -1.079560 0.085195 1.686068 0.003123 -0.614804 0.027340 0.788200
1788249841.784156561 -1.088651 0.084685 1.690581 0.002917 -0.616097 0.028065 0.787165
1788249841.817498207 -1.096444 0.084108 1.689679 0.003580 -0.616439 0.028259 0.786887
1788249841.850839615 -1.104261 0.086246 1.691446 0.004300 -0.617251 0.028467 0.786239
1788249841.884181261 -1.114586 0.085193 1.693832 0.003860 -0.618591 0.028457 0.785188
1788249841.917522907 -1.121928 0.085433 1.694452 0.003949 -0.619159 0.028131 0.784751
1788249841.950864553 -1.131456 0.085458 1.696338 0.004166 -0.619573 0.028258 0.784419
1788249841.984205723 -1.139508 0.084096 1.694071 0.004046 -0.619979 0.028679 0.784084
1788249842.017547131 -1.148120 0.083936 1.699247 0.003965 -0.621067 0.028961 0.783212
1788249842.050888777 -1.157310 0.084628 1.703589 0.003470 -0.621564 0.029630 0.782795
1788249842.084230185 -1.166311 0.085025 1.704180 0.003774 -0.621734 0.029730 0.782655
1788249842.117572069 -1.176190 0.087315 1.708219 0.004065 -0.622665 0.029886 0.781907
1788249842.150912285 -1.183582 0.085286 1.706045 0.003303 -0.623186 0.029347 0.781516
1788249842.184254169 -1.195679 0.086342 1.709754 0.002931 -0.623771 0.029002 0.781063
1788249842.217595339 -1.204281 0.086871 1.710682 0.003128 -0.624395 0.029054 0.780562
1788249842.250936985 -1.214684 0.085168 1.713412 0.002987 -0.625112 0.029059 0.779988
1788249842.284278393 -1.224059 0.084743 1.714504 0.002683 -0.625660 0.029023 0.779551
1788249842.317620039 -1.232837 0.082869 1.715340 0.002545 -0.626192 0.029185 0.779118
1788249842.350961447 -1.241881 0.087870 1.712646 0.003343 -0.626746 0.029739 0.778649
1788249842.384303331 -1.249196 0.086951 1.715468 0.003238 -0.627579 0.029939 0.777971
1788249842.417644739 -1.260381 0.088493 1.713438 0.003398 -0.628011 0.030212 0.777611
1788249842.450985909 -1.267926 0.088004 1.713133 0.003292 -0.628879 0.030369 0.776903
1788249842.484327555 -1.277800 0.087667 1.716416 0.003132 -0.629693 0.030649 0.776233
1788249842.517668962 -1.287099 0.089245 1.717953 0.003699 -0.630226 0.030774 0.775793
1788249842.551010609 -1.295213 0.088047 1.716825 0.003974 -0.630823 0.030816 0.775304
1788249842.584351063 -1.304256 0.088449 1.719158 0.003925 -0.632005 0.030772 0.774343
1788249842.617692709 -1.311421 0.088384 1.717917 0.003618 -0.632544 0.030596 0.773911
1788249842.651033878 -1.322863 0.086751 1.720455 0.003697 -0.633173 0.030894 0.773385
1788249842.684375763 -1.331811 0.088220 1.722951 0.003849 -0.634025 0.031461 0.772662
1788249842.717717171 -1.340341 0.087743 1.721464 0.003607 -0.634766 0.031330 0.772061
1788249842.751058817 -1.351272 0.089461 1.724200 0.003208 -0.636023 0.031255 0.771030
1788249842.784400225 -1.360016 0.089713 1.724201 0.003592 -0.637559 0.031167 0.769762
1788249842.817741871 -1.368869 0.089833 1.721770 0.003977 -0.639204 0.030921 0.768405
1788249842.851082802 -1.378230 0.088089 1.721458 0.003864 -0.640885 0.030707 0.767013
1788249842.884424210 -1.387634 0.086997 1.722102 0.003850 -0.642457 0.030984 0.765685
1788249842.917765141 -1.395777 0.088888 1.720478 0.004264 -0.644068 0.031420 0.764311
1788249842.951106787 -1.405405 0.089004 1.718092 0.004463 -0.645251 0.031976 0.763288
1788249842.984447956 -1.415739 0.088890 1.723534 0.004693 -0.647145 0.032197 0.761672
1788249843.017789125 -1.424576 0.089393 1.722904 0.005298 -0.648741 0.032324 0.760304
1788249843.051129103 -1.433454 0.090979 1.719579 0.005531 -0.650178 0.032666 0.759059
1788249843.084470272 -1.442590 0.092439 1.719061 0.005873 -0.652035 0.033071 0.757445
1788249843.117811680 -1.452528 0.091441 1.718214 0.006112 -0.653907 0.033328 0.755816
1788249843.151153088 -1.460366 0.092320 1.717650 0.006047 -0.655349 0.034056 0.754534
1788249843.184494019 -1.470680 0.092894 1.717944 0.006255 -0.656913 0.034459 0.753152
1788249843.217835426 -1.477917 0.093280 1.717138 0.006672 -0.658586 0.034852 0.751668
1788249843.251176357 -1.487716 0.092679 1.714772 0.006867 -0.660200 0.034859 0.750249
1788249843.284517765 -1.498262 0.092935 1.713163 0.006603 -0.661611 0.035248 0.748989
1788249843.317858696 -1.505548 0.091878 1.712568 0.006756 -0.663272 0.035344 0.747513
1788249843.351200104 -1.515628 0.093677 1.712186 0.006728 -0.664899 0.035593 0.746054
1788249843.384541035 -1.524653 0.092668 1.713152 0.006509 -0.666546 0.035130 0.744607
1788249843.417882442 -1.536903 0.092054 1.709662 0.006422 -0.668193 0.034678 0.743152
1788249843.451223373 -1.547789 0.091664 1.709157 0.006155 -0.670092 0.034478 0.741452
1788249843.484563828 -1.557518 0.092152 1.707236 0.006305 -0.671570 0.034069 0.740130
1788249843.517904997 -1.566118 0.091986 1.706717 0.006188 -0.673129 0.034139 0.738711
1788249843.551246166 -1.576666 0.093253 1.703727 0.006147 -0.674740 0.034142 0.737240
1788249843.584587336 -1.586391 0.093489 1.703817 0.005965 -0.676388 0.034195 0.735727
1788249843.617928505 -1.597169 0.090686 1.701329 0.006321 -0.677837 0.034057 0.734396
1788249843.651269674 -1.603535 0.092186 1.701608 0.006501 -0.679540 0.034499 0.732798
1788249843.684610844 -1.615055 0.091347 1.699685 0.006191 -0.680981 0.034540 0.731460
1788249843.717952013 -1.623525 0.090983 1.701736 0.005880 -0.682719 0.034832 0.729826
1788249843.751293182 -1.634139 0.091397 1.697789 0.005674 -0.684330 0.035058 0.728307
1788249843.784634590 -1.643975 0.092521 1.697302 0.005610 -0.685863 0.035277 0.726854
1788249843.817975760 -1.652533 0.091937 1.696554 0.005928 -0.687521 0.035215 0.725286
1788249843.851317167 -1.663088 0.092123 1.693449 0.005910 -0.689361 0.035361 0.723530
1788249843.884658575 -1.673104 0.092940 1.691859 0.005729 -0.690900 0.035743 0.722044
1788249843.918000221 -1.681945 0.091873 1.691590 0.005332 -0.692459 0.035913 0.720543
1788249843.951340437 -1.690868 0.092605 1.689462 0.005425 -0.693997 0.036328 0.719041
1788249843.984682083 -1.699651 0.092067 1.690081 0.005194 -0.695456 0.036604 0.717617
1788249844.018023491 -1.709495 0.091062 1.687830 0.005129 -0.696811 0.036654 0.716299
1788249844.051364899 -1.719108 0.093640 1.684334 0.005215 -0.698522 0.036727 0.714626
1788249844.084706306 -1.729409 0.092413 1.683537 0.004678 -0.700212 0.036591 0.712981
1788249844.118047953 -1.739829 0.091724 1.680169 0.004710 -0.701351 0.036586 0.711861
1788249844.151389360 -1.749754 0.091296 1.679337 0.004488 -0.702987 0.036843 0.710234
1788249844.184730768 -1.758513 0.091298 1.676107 0.004536 -0.704328 0.036845 0.708903
1788249844.218072176 -1.767658 0.091127 1.675664 0.004418 -0.705941 0.036927 0.707293
1788249844.251413584 -1.776586 0.092081 1.672749 0.004367 -0.707723 0.037035 0.705505
1788249844.284755230 -1.786847 0.091844 1.671280 0.004208 -0.709360 0.036972 0.703864
1788249844.318096399 -1.796053 0.092525 1.668348 0.004175 -0.710559 0.037289 0.702636
1788249844.351438284 -1.806286 0.092324 1.666686 0.003971 -0.712120 0.037314 0.701054
1788249844.384778261 -1.819028 0.093777 1.662322 0.003927 -0.713332 0.037316 0.699821
1788249844.418120146 -1.829556 0.093676 1.659336 0.004007 -0.714775 0.037086 0.698359
1788249844.451461315 -1.839499 0.094931 1.655775 0.004049 -0.716355 0.037008 0.696742
1788249844.484802961 -1.850794 0.094460 1.653073 0.003742 -0.717965 0.036958 0.695087
1788249844.518144369 -1.860856 0.095137 1.649030 0.003718 -0.719394 0.036954 0.693609
1788249844.551485777 -1.871860 0.095583 1.646062 0.003270 -0.721088 0.037284 0.691832
1788249844.584827185 -1.881841 0.096646 1.642417 0.003157 -0.722505 0.037229 0.690355
1788249844.618168592 -1.891729 0.094929 1.641444 0.002972 -0.724013 0.036821 0.688797
1788249844.651510239 -1.900156 0.094635 1.640170 0.002870 -0.725461 0.036611 0.687283
1788249844.684851408 -1.910566 0.095920 1.637514 0.002641 -0.726295 0.036532 0.686407
1788249844.718193054 -1.920259 0.095433 1.636504 0.002723 -0.726433 0.036536 0.686260
1788249844.751534224 -1.928857 0.093974 1.637787 0.002595 -0.726727 0.036849 0.685933
1788249844.784875870 -1.939446 0.096072 1.636313 0.002591 -0.726876 0.037507 0.685739
1788249844.818216324 -1.949925 0.095483 1.634727 0.002756 -0.726920 0.037089 0.685714
1788249844.851557732 -1.960920 0.095440 1.631450 0.002811 -0.727050 0.036628 0.685601
1788249844.884899139 -1.971164 0.096318 1.630091 0.002882 -0.727416 0.036249 0.685232
1788249844.918240786 -1.980715 0.095951 1.627881 0.002986 -0.727321 0.035984 0.685347
1788249844.951582432 -1.991014 0.095004 1.629067 0.002705 -0.727320 0.035952 0.685350
1788249844.984924078 -2.002239 0.098543 1.626826 0.002617 -0.727281 0.036519 0.685362
1788249845.018265247 -2.011002 0.095344 1.627582 0.002726 -0.727431 0.036746 0.685191
1788249845.051606894 -2.021374 0.096940 1.626747 0.003275 -0.727337 0.037006 0.685274
1788249845.084948301 -2.030604 0.096149 1.625768 0.003247 -0.727421 0.036890 0.685192
1788249845.118289948 -2.041068 0.096251 1.623913 0.003482 -0.727627 0.036800 0.684976
1788249845.151631355 -2.049846 0.094410 1.626192 0.003176 -0.727869 0.036619 0.684731
1788249845.184973001 -2.062080 0.096852 1.622852 0.002946 -0.727581 0.036734 0.685031
1788249845.218314409 -2.074426 0.096624 1.622909 0.002472 -0.727624 0.036754 0.684986
1788249845.251655817 -2.084924 0.096157 1.623703 0.002367 -0.727481 0.036848 0.685134
1788249845.284996510 -2.094734 0.096001 1.621553 0.002556 -0.727362 0.036353 0.685285
1788249845.318337917 -2.106247 0.096056 1.619505 0.002771 -0.727691 0.036111 0.684948
1788249845.351679564 -2.114833 0.097035 1.616482 0.003298 -0.727714 0.036073 0.684923
1788249845.385020971 -2.124910 0.096528 1.617896 0.003235 -0.727872 0.036164 0.684751
1788249845.418362379 -2.136403 0.096721 1.617361 0.003129 -0.727899 0.036318 0.684715
1788249845.451704025 -2.145981 0.097230 1.617601 0.002795 -0.728029 0.036866 0.684548
1788249845.485045671 -2.156639 0.096815 1.617154 0.002770 -0.727898 0.037292 0.684666
1788249845.518387079 -2.166529 0.096256 1.617447 0.002763 -0.727729 0.037345 0.684842
1788249845.551728725 -2.174990 0.097312 1.616143 0.003259 -0.727919 0.037312 0.684640
1788249845.585070133 -2.186831 0.098311 1.611486 0.003630 -0.727910 0.037439 0.684641
1788249845.618411541 -2.195340 0.096267 1.613889 0.003702 -0.728177 0.037412 0.684358
1788249845.651753187 -2.203950 0.095876 1.614244 0.003615 -0.728247 0.037819 0.684261
1788249845.685094595 -2.214146 0.096977 1.613878 0.003728 -0.728325 0.038358 0.684147
1788249845.718435287 -2.224807 0.096354 1.613317 0.003505 -0.728263 0.038440 0.684210
1788249845.751776695 -2.234468 0.096676 1.613169 0.003045 -0.728272 0.038446 0.684202
1788249845.785118341 -2.246627 0.097960 1.609164 0.003384 -0.728317 0.038241 0.684164
1788249845.818459511 -2.255517 0.096117 1.610125 0.003096 -0.728525 0.037964 0.683959
1788249845.851800919 -2.267589 0.096966 1.609296 0.002943 -0.728479 0.037960 0.684009
1788249845.885142088 -2.278090 0.096830 1.608463 0.003037 -0.728439 0.037997 0.684049
1788249845.918483496 -2.287456 0.097436 1.607864 0.003121 -0.728374 0.038328 0.684099
1788249845.951824665 -2.296970 0.096001 1.611057 0.002647 -0.728722 0.038306 0.683732
1788249845.985166073 -2.308505 0.096562 1.605939 0.003035 -0.728509 0.038069 0.683971
1788249846.018507481 -2.318334 0.097034 1.604414 0.003211 -0.728662 0.038269 0.683796
1788249846.051848888 -2.328000 0.096630 1.603694 0.003405 -0.728633 0.038398 0.683819
1788249846.085190058 -2.338377 0.097094 1.604029 0.003478 -0.728568 0.038859 0.683862
1788249846.118531466 -2.348205 0.096474 1.603335 0.003879 -0.728527 0.039224 0.683882
1788249846.151871443 -2.356572 0.096301 1.603375 0.003929 -0.728711 0.039691 0.683659
1788249846.185212851 -2.368068 0.096429 1.601958 0.003983 -0.728772 0.039691 0.683593
1788249846.218554020 -2.377798 0.096132 1.601214 0.003875 -0.728779 0.039429 0.683602
1788249846.251895428 -2.388800 0.097454 1.597872 0.004245 -0.728552 0.039842 0.683818
1788249846.285236597 -2.395612 0.096588 1.601749 0.004263 -0.728746 0.040212 0.683590
1788249846.318578005 -2.406677 0.097145 1.599262 0.004135 -0.728455 0.040190 0.683902
1788249846.351919174 -2.417743 0.098929 1.597759 0.004253 -0.728432 0.040600 0.683900
1788249846.385260344 -2.427564 0.098118 1.596856 0.004412 -0.728547 0.040601 0.683778
1788249846.418601513 -2.439049 0.096885 1.595728 0.004168 -0.728608 0.039962 0.683751
1788249846.451942921 -2.450629 0.098563 1.594259 0.004106 -0.728507 0.039617 0.683880
1788249846.485284090 -2.460225 0.098204 1.594467 0.004277 -0.728590 0.039325 0.683807
1788249846.518625736 -2.471447 0.097513 1.592767 0.004179 -0.728504 0.039108 0.683912
1788249846.551966906 -2.482027 0.098425 1.592162 0.003949 -0.728423 0.039166 0.683996
1788249846.585308075 -2.491306 0.097067 1.593415 0.003886 -0.728544 0.038946 0.683879
1788249846.618648529 -2.502965 0.097546 1.589104 0.004058 -0.728370 0.038940 0.684065
1788249846.651989698 -2.513734 0.099302 1.588434 0.004113 -0.728388 0.039140 0.684034
1788249846.685330868 -2.524698 0.099007 1.586381 0.004169 -0.728212 0.039011 0.684228
1788249846.718672276 -2.533737 0.096753 1.586915 0.004309 -0.728334 0.038768 0.684111
1788249846.752013206 -2.544796 0.099827 1.583078 0.004731 -0.728176 0.039102 0.684258
1788249846.785354614 -2.555509 0.099809 1.582170 0.005049 -0.728061 0.039145 0.684375
1788249846.818695784 -2.565784 0.098869 1.580962 0.005494 -0.727968 0.039316 0.684461
1788249846.852037191 -2.576268 0.098991 1.579523 0.005207 -0.727965 0.039895 0.684433
1788249846.885378599 -2.584120 0.097064 1.585455 0.004869 -0.728426 0.039942 0.683942
1788249846.918720007 -2.595167 0.099410 1.582430 0.005274 -0.728120 0.040191 0.684250
1788249846.952061176 -2.603171 0.098837 1.582773 0.005683 -0.728318 0.040129 0.684040
1788249846.985402822 -2.616552 0.100241 1.576793 0.006038 -0.728133 0.039945 0.684244
1788249847.018744230 -2.624641 0.099199 1.577732 0.005913 -0.728100 0.039546 0.684304
1788249847.052084684 -2.635404 0.100969 1.576212 0.006182 -0.728063 0.039901 0.684321
1788249847.085425854 -2.645588 0.099918 1.577562 0.005682 -0.728319 0.040118 0.684039
1788249847.118767262 -2.657826 0.101090 1.575642 0.005330 -0.728100 0.040096 0.684277
1788249847.152108431 -2.667255 0.102428 1.576014 0.005351 -0.728002 0.040107 0.684380
1788249847.185450077 -2.678673 0.099986 1.575211 0.005488 -0.728152 0.039566 0.684250
1788249847.218791246 -2.689739 0.103616 1.572011 0.005830 -0.728144 0.039506 0.684260
1788249847.252132654 -2.701780 0.105410 1.571847 0.005981 -0.728077 0.039215 0.684347
1788249847.285473824 -2.712365 0.102472 1.573899 0.005784 -0.728278 0.038945 0.684150
1788249847.318815231 -2.722178 0.103663 1.572217 0.005365 -0.728273 0.039344 0.684136
1788249847.352156878 -2.734338 0.110486 1.573831 0.005737 -0.728397 0.039839 0.683972
1788249847.385498285 -2.745094 0.111321 1.573278 0.005788 -0.728181 0.040135 0.684184
1788249847.418839455 -2.754194 0.110147 1.572276 0.005937 -0.728238 0.040026 0.684128
1788249847.452180862 -2.764226 0.108437 1.570893 0.006145 -0.728296 0.039257 0.684110
1788249847.485521078 -2.775811 0.112422 1.568603 0.006920 -0.728083 0.039308 0.684326
1788249847.518862486 -2.785957 0.111900 1.566370 0.007184 -0.727974 0.039272 0.684441
1788249847.552203894 -2.797491 0.112534 1.568896 0.007188 -0.728339 0.039315 0.684051
1788249847.585545301 -2.807383 0.109252 1.567829 0.006645 -0.728263 0.038954 0.684157
1788249847.618886471 -2.818310 0.109547 1.570114 0.006765 -0.728562 0.039026 0.683834
1788249847.652227879 -2.826490 0.111604 1.565601 0.007108 -0.728410 0.039176 0.683984
1788249847.685569048 -2.839494 0.109998 1.564777 0.007141 -0.728493 0.038732 0.683920
1788249847.718910694 -2.848998 0.108522 1.562118 0.007157 -0.728072 0.038467 0.684383
1788249847.752251863 -2.858475 0.109830 1.559449 0.007432 -0.727950 0.039091 0.684475
1788249847.785593271 -2.870072 0.115768 1.560053 0.007616 -0.728096 0.040014 0.684264
1788249847.818934441 -2.879700 0.112406 1.559105 0.006898 -0.727853 0.039841 0.684541
1788249847.852276087 -2.890124 0.113505 1.560290 0.007087 -0.727919 0.039927 0.684463
1788249847.885617495 -2.901443 0.112947 1.558661 0.007273 -0.728085 0.039630 0.684302
1788249847.918958902 -2.912688 0.115659 1.558998 0.007534 -0.728266 0.039469 0.684116
1788249847.952299118 -2.921110 0.114330 1.556111 0.007111 -0.727955 0.039057 0.684475
1788249847.985640764 -2.933495 0.114566 1.557358 0.007186 -0.728081 0.039230 0.684330
1788249848.018981934 -2.944479 0.110409 1.559276 0.006445 -0.728331 0.039117 0.684078
1788249848.052323580 -2.954143 0.115623 1.559814 0.006667 -0.728220 0.039715 0.684160
1788249848.085664988 -2.964167 0.115301 1.559542 0.006896 -0.728243 0.039786 0.684129
1788249848.119006634 -2.972748 0.108610 1.553739 0.006842 -0.728029 0.038909 0.684407
1788249848.152347803 -2.984149 0.109777 1.555171 0.007290 -0.728269 0.038567 0.684167
1788249848.185689211 -2.993659 0.114189 1.557868 0.007899 -0.728472 0.038797 0.683930
1788249848.219030619 -3.004002 0.111643 1.554812 0.007788 -0.728236 0.038767 0.684184
1788249848.252372026 -3.013878 0.118610 1.548813 0.008135 -0.727820 0.039899 0.684558
1788249848.285713434 -3.026362 0.113968 1.557370 0.007227 -0.728559 0.039613 0.683798
1788249848.319054842 -3.035370 0.116166 1.557558 0.007503 -0.728461 0.039944 0.683881
1788249848.352396488 -3.044214 0.113375 1.549407 0.007524 -0.728024 0.039209 0.684388
1788249848.385736704 -3.057823 0.119804 1.547818 0.008047 -0.728086 0.039501 0.684299
1788249848.419078350 -3.069941 0.118935 1.551968 0.008102 -0.728355 0.039046 0.684038
1788249848.452419758 -3.081441 0.124056 1.547009 0.008723 -0.727911 0.039612 0.684471
1788249848.485761166 -3.091886 0.125198 1.551510 0.008405 -0.728420 0.039862 0.683919
1788249848.519102573 -3.100217 0.116148 1.544487 0.007484 -0.727626 0.038571 0.684848
1788249848.552443981 -3.111850 0.110588 1.549551 0.007138 -0.728314 0.037808 0.684163
1788249848.585785151 -3.124325 0.126400 1.545119 0.008664 -0.728279 0.039085 0.684111
1788249848.619126797 -3.132447 0.120815 1.538740 0.008287 -0.727815 0.037869 0.684677
1788249848.652467966 -3.144438 0.123657 1.542947 0.008821 -0.728253 0.037961 0.684200
1788249848.685809851 -3.156684 0.126000 1.538390 0.008966 -0.727985 0.038421 0.684457
1788249848.719151020 -3.170723 0.122781 1.540847 0.008416 -0.728406 0.038142 0.684032
1788249848.752492666 -3.177492 0.115916 1.539371 0.007694 -0.728208 0.037182 0.684304
1788249848.785833836 -3.185112 0.114873 1.542077 0.007745 -0.728527 0.036876 0.683980
1788249848.819174290 -3.200381 0.135421 1.534919 0.009967 -0.728168 0.039182 0.684205
1788249848.852515697 -3.208870 0.125287 1.540056 0.009218 -0.728650 0.038038 0.683767
1788249848.885857344 -3.219215 0.125623 1.541758 0.009253 -0.728813 0.038152 0.683586
1788249848.919198751 -3.228719 0.117859 1.539635 0.008408 -0.728746 0.037319 0.683715
1788249848.952540159 -3.238567 0.125811 1.531708 0.008990 -0.728163 0.038192 0.684280
1788249848.985881805 -3.253469 0.140979 1.533518 0.010188 -0.728401 0.039987 0.683907
1788249849.019223213 -3.263246 0.138495 1.533490 0.009818 -0.728378 0.039795 0.683948
1788249849.052564859 -3.265907 0.149367 1.539410 0.011330 -0.729718 0.040816 0.682435
1788249849.085906267 -3.276072 0.144356 1.541207 0.010500 -0.729886 0.040233 0.682303
1788249849.119247913 -3.285253 0.138336 1.547151 0.010055 -0.730506 0.039737 0.681675
1788249849.152589083 -3.293480 0.133056 1.546937 0.009524 -0.730680 0.039613 0.681503
1788249849.185930967 -3.303494 0.132833 1.536623 0.009676 -0.729704 0.039495 0.682553
1788249849.219272375 -3.310410 0.120070 1.542002 0.008004 -0.730430 0.038455 0.681857
1788249849.252614021 -3.316795 0.117840 1.538233 0.008077 -0.730139 0.038402 0.682171
1788249849.285954475 -3.326951 0.116034 1.538337 0.007951 -0.730284 0.038287 0.682024
1788249849.319295883 -3.336666 0.115949 1.540273 0.007902 -0.730440 0.038785 0.681828
1788249849.352637291 -3.346328 0.111682 1.543239 0.007924 -0.730749 0.038528 0.681512
1788249849.385978937 -3.358368 0.121294 1.540994 0.009113 -0.730808 0.040012 0.681348
1788249849.419320345 -3.367140 0.118850 1.537085 0.008985 -0.730583 0.040119 0.681585
1788249849.452661753 -3.376492 0.113905 1.539857 0.008272 -0.730714 0.039584 0.681485
1788249849.486003399 -3.384920 0.112650 1.536735 0.008073 -0.730249 0.039695 0.681979
1788249849.519344807 -3.396313 0.117964 1.534742 0.008822 -0.730078 0.040594 0.682100
1788249849.552686453 -3.404847 0.114045 1.534290 0.008459 -0.730095 0.040278 0.682105
1788249849.586027861 -3.415997 0.120170 1.533703 0.009367 -0.730096 0.041043 0.682047
1788249849.619369507 -3.428276 0.115065 1.536471 0.008382 -0.730494 0.040488 0.681666
1788249849.652710676 -3.438527 0.114748 1.533863 0.008238 -0.730238 0.040240 0.681957
1788249849.686052561 -3.449540 0.118164 1.531487 0.008520 -0.729979 0.040584 0.682211
1788249849.719392776 -3.459104 0.114246 1.533907 0.008180 -0.730301 0.040046 0.681902
1788249849.752734661 -3.470455 0.112001 1.533656 0.007822 -0.730394 0.039685 0.681827
1788249849.786075830 -3.478511 0.104922 1.533898 0.006846 -0.730406 0.038922 0.681870
1788249849.819417477 -3.488584 0.111370 1.533241 0.007569 -0.730380 0.039699 0.681845
1788249849.852759123 -3.499389 0.106857 1.531496 0.006830 -0.730489 0.039317 0.681758
1788249849.886101007 -3.512715 0.116576 1.529814 0.007961 -0.730200 0.040407 0.681991
1788249849.919443130 -3.520387 0.111860 1.527119 0.007694 -0.729814 0.039744 0.682446
1788249849.952784777 -3.529726 0.117592 1.525662 0.008522 -0.729870 0.040691 0.682321
1788249849.986126661 -3.539855 0.118293 1.526909 0.008876 -0.730112 0.040992 0.682039
1788249850.019468307 -3.548523 0.115051 1.524963 0.008765 -0.729714 0.040816 0.682477
1788249850.052810431 -3.558760 0.113200 1.525939 0.008924 -0.729885 0.041035 0.682279
1788249850.086152315 -3.567213 0.112706 1.526762 0.008776 -0.729945 0.041386 0.682195
1788249850.119493961 -3.576662 0.111620 1.526204 0.008789 -0.729835 0.041309 0.682318
1788249850.152834892 -3.586880 0.112684 1.524990 0.009226 -0.729775 0.041535 0.682362
1788249850.186176538 -3.596051 0.110477 1.525105 0.009300 -0.730133 0.041336 0.681991
1788249850.219518661 -3.605766 0.112091 1.522702 0.009447 -0.729973 0.041497 0.682149
1788249850.252860546 -3.615933 0.110716 1.521912 0.009317 -0.729667 0.041384 0.682486
1788249850.286202192 -3.626263 0.114423 1.519584 0.009932 -0.729513 0.042015 0.682603
1788249850.319544077 -3.637102 0.113988 1.520367 0.009823 -0.729841 0.042117 0.682247
1788249850.352886200 -3.646766 0.110485 1.517692 0.009471 -0.729523 0.041462 0.682633
1788249850.386227846 -3.656699 0.112480 1.517474 0.009993 -0.729442 0.041782 0.682692
1788249850.419569731 -3.666440 0.112655 1.514748 0.010578 -0.729536 0.041649 0.682591
1788249850.452911615 -3.677081 0.109183 1.514881 0.010270 -0.729759 0.040989 0.682398
1788249850.486253500 -3.686746 0.112045 1.513083 0.010567 -0.729389 0.041320 0.682769
1788249850.519595385 -3.697269 0.110396 1.514725 0.010667 -0.729473 0.041344 0.682676
1788249850.552937269 -3.707525 0.112693 1.512481 0.010590 -0.729370 0.041936 0.682751
1788249850.586279392 -3.717556 0.111075 1.513981 0.010214 -0.729500 0.041822 0.682624
1788249850.619619846 -3.728927 0.112527 1.511583 0.010763 -0.729253 0.042086 0.682864
1788249850.652961969 -3.738139 0.116351 1.508129 0.011778 -0.729146 0.042442 0.682939
1788249850.686303854 -3.747509 0.112320 1.509945 0.011382 -0.729535 0.041699 0.682577
1788249850.719645739 -3.759324 0.118098 1.510464 0.012087 -0.729489 0.042639 0.682555
1788249850.752987862 -3.769400 0.114543 1.507606 0.011778 -0.729116 0.042321 0.682979
1788249850.786329508 -3.781310 0.114480 1.505812 0.011420 -0.729037 0.042127 0.683082
1788249850.819671392 -3.791777 0.113634 1.504395 0.011377 -0.728996 0.041963 0.683136
1788249850.853013039 -3.801969 0.115359 1.505708 0.011932 -0.729408 0.042316 0.682664
1788249850.886354685 -3.811491 0.111768 1.502999 0.011664 -0.729385 0.041741 0.682729
1788249850.919696569 -3.821581 0.113009 1.502554 0.011780 -0.729273 0.041767 0.682845
1788249850.953037977 -3.831476 0.112465 1.502373 0.011535 -0.729058 0.042332 0.683044
1788249850.986379623 -3.841930 0.114526 1.504248 0.011664 -0.729279 0.042816 0.682776
1788249851.019721270 -3.852450 0.112500 1.505295 0.010970 -0.729415 0.042723 0.682648
1788249851.053061962 -3.863334 0.113959 1.504375 0.011144 -0.729286 0.042780 0.682779
1788249851.086403608 -3.871985 0.111924 1.502430 0.011051 -0.729200 0.042352 0.682899
1788249851.119745255 -3.882055 0.113104 1.500961 0.011149 -0.729357 0.042192 0.682740
1788249851.153087139 -3.893018 0.114052 1.500402 0.011058 -0.729232 0.041972 0.682889
1788249851.186428547 -3.903217 0.109120 1.500592 0.009990 -0.729038 0.041238 0.683156
1788249851.219770193 -3.913445 0.107529 1.501788 0.009441 -0.729191 0.041294 0.682998
1788249851.253111839 -3.924133 0.110889 1.499306 0.009381 -0.729014 0.041920 0.683149
1788249851.286453247 -3.934608 0.112565 1.501171 0.009764 -0.729343 0.042283 0.682771
1788249851.319795132 -3.943855 0.109709 1.498503 0.010096 -0.729432 0.042001 0.682688
1788249851.353136778 -3.954438 0.111675 1.496055 0.010664 -0.729559 0.042234 0.682530
1788249851.386478424 -3.964427 0.109055 1.498272 0.010063 -0.730146 0.041636 0.681947
1788249851.419820070 -3.974488 0.110409 1.496116 0.009966 -0.730251 0.041960 0.681816
1788249851.453161955 -3.985442 0.113081 1.494346 0.010026 -0.730796 0.042370 0.681206
1788249851.486502171 -3.995436 0.112651 1.494788 0.009581 -0.731718 0.042334 0.680225
1788249851.519844294 -4.004831 0.112728 1.492495 0.009836 -0.732040 0.042534 0.679861
1788249851.553185701 -4.012372 0.109744 1.493020 0.010216 -0.732891 0.042518 0.678940
1788249851.586527109 -4.022157 0.112280 1.489139 0.010762 -0.733430 0.042758 0.678334
1788249851.619868994 -4.031338 0.110391 1.485659 0.010035 -0.733829 0.041993 0.677961
1788249851.653210402 -4.040862 0.112691 1.484078 0.010355 -0.734178 0.042423 0.677551
1788249851.686552286 -4.048867 0.107814 1.484204 0.009736 -0.734960 0.042353 0.676717
1788249851.719893932 -4.058495 0.110563 1.483642 0.010002 -0.735839 0.042574 0.675743
1788249851.753235579 -4.069557 0.110515 1.481362 0.009946 -0.736600 0.042369 0.674927
1788249851.786576986 -4.076837 0.109026 1.477163 0.010073 -0.737206 0.042149 0.674277
1788249851.819918633 -4.086751 0.109392 1.475027 0.010365 -0.738225 0.042223 0.673152
1788249851.853260517 -4.095033 0.107933 1.472876 0.010307 -0.739167 0.041766 0.672147
1788249851.886601925 -4.105504 0.108603 1.470827 0.010455 -0.740538 0.041817 0.670630
1788249851.919943810 -4.114421 0.106093 1.467471 0.009775 -0.741913 0.041436 0.669143
1788249851.953284264 -4.122715 0.106377 1.466419 0.009629 -0.743498 0.041466 0.667382
1788249851.986625910 -4.129651 0.103089 1.462213 0.009599 -0.744569 0.041258 0.666200
1788249852.019967556 -4.137440 0.103404 1.460429 0.009931 -0.746137 0.041482 0.664425
1788249852.053309202 -4.143910 0.099579 1.456730 0.009077 -0.747618 0.040890 0.662807
1788249852.086650848 -4.152057 0.099034 1.453103 0.009069 -0.749102 0.040772 0.661137
1788249852.119992495 -4.159822 0.100219 1.448416 0.009403 -0.750434 0.041278 0.659589
1788249852.153334141 -4.168501 0.099932 1.445257 0.009055 -0.751645 0.041530 0.658196
1788249852.186675549 -4.176314 0.098194 1.442012 0.008968 -0.752966 0.041146 0.656711
1788249852.220017433 -4.184360 0.098690 1.437735 0.009355 -0.754527 0.041206 0.654907
1788249852.253358841 -4.192356 0.099076 1.433069 0.009196 -0.756080 0.041004 0.653129
1788249852.286700726 -4.201157 0.099055 1.430236 0.009047 -0.757865 0.040778 0.651073
1788249852.320042372 -4.208436 0.094899 1.428107 0.008509 -0.759526 0.040487 0.649160
1788249852.353383780 -4.217506 0.096973 1.424594 0.008891 -0.760945 0.041089 0.647453
1788249852.386724472 -4.225037 0.097573 1.422704 0.008763 -0.762388 0.041370 0.645737
1788249852.420066118 -4.233059 0.096596 1.417688 0.008835 -0.763880 0.041173 0.643983
1788249852.453407764 -4.240376 0.095425 1.411872 0.008859 -0.765353 0.040981 0.642244
1788249852.486749649 -4.247416 0.097716 1.406006 0.009085 -0.766526 0.041593 0.640800
1788249852.520091295 -4.256176 0.094264 1.405533 0.009118 -0.768540 0.041289 0.638403
1788249852.553432703 -4.262098 0.093668 1.401808 0.009194 -0.770015 0.041804 0.636589
1788249852.586774588 -4.269894 0.090603 1.400948 0.008548 -0.771735 0.041926 0.634503
1788249852.620115995 -4.276772 0.093923 1.397378 0.009153 -0.773004 0.042841 0.632887
1788249852.653457403 -4.284522 0.092886 1.392000 0.009351 -0.774339 0.042933 0.631244
1788249852.686799526 -4.291520 0.091378 1.387947 0.009111 -0.775935 0.042569 0.629309
1788249852.720140934 -4.299935 0.090877 1.384005 0.008877 -0.777438 0.042430 0.627463
1788249852.753482819 -4.308380 0.091378 1.383491 0.009311 -0.779364 0.042645 0.625049
1788249852.786824226 -4.316302 0.090490 1.379477 0.009175 -0.780666 0.042642 0.623424
1788249852.820164919 -4.323424 0.091075 1.374981 0.008957 -0.780931 0.042783 0.623086
1788249852.853506327 -4.330702 0.091120 1.370992 0.009105 -0.780911 0.042987 0.623094
1788249852.886848211 -4.339186 0.089773 1.368042 0.009150 -0.781600 0.043003 0.622228
1788249852.920189381 -4.349811 0.089995 1.365514 0.009278 -0.782598 0.042780 0.620987
1788249852.953531027 -4.357350 0.091112 1.359453 0.009380 -0.782764 0.042730 0.620779
1788249852.986872196 -4.364942 0.090223 1.357160 0.009094 -0.783326 0.042682 0.620078
1788249853.020213604 -4.373657 0.091034 1.354096 0.008890 -0.783816 0.043244 0.619422
1788249853.053555012 -4.382286 0.089684 1.353468 0.008369 -0.784467 0.043216 0.618606
1788249853.086896420 -4.389752 0.089553 1.351031 0.008488 -0.784831 0.043307 0.618137
1788249853.120237827 -4.397483 0.088228 1.348648 0.008461 -0.785523 0.043185 0.617266
1788249853.153579473 -4.406192 0.089065 1.343682 0.008399 -0.786091 0.042845 0.616567
1788249853.186920881 -4.415967 0.088514 1.341630 0.008355 -0.786859 0.042116 0.615637
1788249853.220262289 -4.423861 0.089582 1.337713 0.008673 -0.787197 0.042195 0.615195
1788249853.253603697 -4.431259 0.087641 1.334241 0.008409 -0.787780 0.042098 0.614459
1788249853.286943913 -4.438598 0.088771 1.329290 0.008043 -0.788159 0.042366 0.613959
1788249853.320285559 -4.448238 0.088964 1.328668 0.007856 -0.789047 0.042481 0.612812
1788249853.353626728 -4.456208 0.088330 1.326749 0.007870 -0.790145 0.042888 0.611367
1788249853.386968374 -4.462661 0.088598 1.321989 0.008138 -0.791327 0.043047 0.609821
1788249853.420309544 -4.470039 0.088005 1.319147 0.007693 -0.792683 0.043058 0.608063
1788249853.453651428 -4.478335 0.085354 1.317591 0.007101 -0.794312 0.042671 0.605969
1788249853.486992598 -4.485019 0.087534 1.310879 0.007390 -0.795431 0.043291 0.604451
1788249853.520334244 -4.491769 0.087411 1.306622 0.007216 -0.796680 0.043511 0.602790
1788249853.553675413 -4.499314 0.086463 1.304669 0.006895 -0.798086 0.043594 0.600925
1788249853.587017059 -4.505739 0.086683 1.298796 0.007419 -0.799181 0.043844 0.599443
1788249853.620358229 -4.511495 0.085966 1.293513 0.007485 -0.800713 0.043683 0.597406
1788249853.653699636 -4.518587 0.087910 1.289564 0.007546 -0.802362 0.043796 0.595181
1788249853.687041044 -4.526437 0.087246 1.283913 0.007182 -0.803849 0.043449 0.593201
1788249853.720381498 -4.533213 0.087674 1.279819 0.007185 -0.806015 0.043429 0.590256
1788249853.753722906 -4.539320 0.087674 1.274343 0.006930 -0.807946 0.043662 0.587595
1788249853.787064314 -4.543815 0.087422 1.269225 0.006939 -0.809468 0.043963 0.585475
1788249853.820405722 -4.548766 0.084344 1.266624 0.007043 -0.811647 0.043714 0.582467
1788249853.853747129 -4.554183 0.085228 1.259448 0.007314 -0.813976 0.044153 0.579172
1788249853.887088776 -4.558583 0.085928 1.254845 0.007425 -0.816553 0.044316 0.575519
1788249853.920430183 -4.564490 0.086330 1.248446 0.007626 -0.818917 0.044554 0.572129
1788249853.953771830 -4.567087 0.084002 1.241474 0.007072 -0.821250 0.044143 0.568815
1788249853.987113237 -4.572787 0.085484 1.233213 0.007416 -0.823384 0.044258 0.565707
1788249854.020455122 -4.578406 0.085357 1.226761 0.007829 -0.825750 0.044000 0.562262
1788249854.053796530 -4.582244 0.083680 1.220228 0.007728 -0.828321 0.043663 0.558496
1788249854.087138176 -4.585414 0.081450 1.214538 0.006933 -0.830831 0.043278 0.554796
1788249854.120479584 -4.589796 0.081442 1.209171 0.006774 -0.833217 0.043477 0.551192
1788249854.153820276 -4.594955 0.081275 1.205463 0.006924 -0.835878 0.044047 0.547101
1788249854.187161684 -4.598488 0.080889 1.198996 0.006558 -0.838363 0.044419 0.543260
1788249854.220503330 -4.603473 0.077524 1.195689 0.005818 -0.841196 0.044072 0.538900
1788249854.253844738 -4.608421 0.077697 1.189161 0.006430 -0.843824 0.044145 0.534763
1788249854.287186384 -4.613410 0.076217 1.183480 0.006205 -0.846802 0.043772 0.530068
1788249854.320528030 -4.618049 0.074547 1.178562 0.005568 -0.849627 0.043419 0.525564
1788249854.353869438 -4.621957 0.074700 1.172791 0.005604 -0.852096 0.043710 0.521528
1788249854.387211084 -4.628021 0.072239 1.169303 0.005297 -0.855021 0.043725 0.516719
1788249854.420552492 -4.633804 0.070034 1.166220 0.004592 -0.858005 0.043577 0.511769
1788249854.453894138 -4.637792 0.068472 1.159283 0.004884 -0.860514 0.043329 0.507558
1788249854.487235785 -4.639449 0.067871 1.152394 0.005266 -0.863062 0.043423 0.503200
1788249854.520577192 -4.643306 0.067841 1.145734 0.005266 -0.865601 0.043488 0.498815
1788249854.553919077 -4.648984 0.065625 1.142456 0.004661 -0.868572 0.043341 0.493643
1788249854.587259769 -4.651476 0.064456 1.136936 0.004822 -0.871079 0.043555 0.489185
1788249854.620601177 -4.652501 0.063423 1.129979 0.004671 -0.873419 0.043697 0.484983
1788249854.653942585 -4.657278 0.062243 1.125019 0.004231 -0.876068 0.043640 0.480189
1788249854.687284231 -4.657277 0.063594 1.117305 0.004904 -0.878268 0.043949 0.476119
1788249854.720625877 -4.659435 0.061244 1.109954 0.004817 -0.880769 0.043429 0.471526
1788249854.753967524 -4.663649 0.061164 1.102528 0.004690 -0.883322 0.043087 0.466759
1788249854.787308931 -4.665680 0.060644 1.095476 0.004784 -0.885627 0.042960 0.462381
1788249854.820650578 -4.667664 0.059410 1.088678 0.004598 -0.887973 0.043088 0.457849
1788249854.853991985 -4.669817 0.057348 1.082263 0.004220 -0.890244 0.042752 0.453453
1788249854.887333393 -4.670165 0.057312 1.074918 0.004331 -0.892333 0.042921 0.449312
1788249854.920674562 -4.673667 0.056014 1.068079 0.004627 -0.894701 0.042882 0.444579
1788249854.954016209 -4.674061 0.057052 1.060110 0.004774 -0.896900 0.043029 0.440110
1788249854.987357616 -4.675150 0.054771 1.053965 0.004431 -0.899093 0.042773 0.435641
1788249855.020698786 -4.674753 0.055683 1.047337 0.004628 -0.901155 0.043472 0.431287
1788249855.054039240 -4.676282 0.054713 1.041351 0.004303 -0.903348 0.043795 0.426646
1788249855.087380648 -4.677459 0.054095 1.034931 0.004032 -0.905335 0.044243 0.422367
1788249855.120722055 -4.678340 0.054534 1.028102 0.004498 -0.907444 0.044803 0.417754
1788249855.154063463 -4.678498 0.053269 1.019852 0.004648 -0.909547 0.044518 0.413184
1788249855.187404633 -4.680103 0.053091 1.012797 0.004580 -0.911704 0.044230 0.408435
1788249855.220745802 -4.679843 0.053246 1.005413 0.004585 -0.913649 0.044484 0.404036
1788249855.254087448 -4.680289 0.053788 0.998151 0.004769 -0.915532 0.045007 0.399690
1788249855.287428617 -4.681756 0.052495 0.992469 0.004197 -0.917621 0.045118 0.394865
1788249855.320770264 -4.681957 0.052284 0.985100 0.003934 -0.919509 0.045258 0.390436
1788249855.354111433 -4.682690 0.051667 0.978029 0.004033 -0.921493 0.045232 0.385731
1788249855.387453079 -4.682331 0.052434 0.968584 0.004341 -0.923347 0.045325 0.381258
1788249855.420794249 -4.683229 0.052062 0.960834 0.004115 -0.925320 0.045022 0.376483
1788249855.454135656 -4.684151 0.051970 0.953314 0.004356 -0.927114 0.045352 0.371999
1788249855.487475872 -4.685620 0.050993 0.946985 0.004246 -0.929073 0.045391 0.367077
1788249855.520817518 -4.687178 0.050292 0.938015 0.003931 -0.930861 0.045486 0.362510
1788249855.554158688 -4.686264 0.050260 0.930535 0.004197 -0.932549 0.045673 0.358118
1788249855.587500095 -4.686188 0.050339 0.923215 0.004601 -0.934351 0.045794 0.353370
1788249855.620841265 -4.686912 0.048106 0.915578 0.004421 -0.936158 0.045478 0.348598
1788249855.654182911 -4.687305 0.048165 0.907599 0.004380 -0.937871 0.046012 0.343892
1788249855.687524319 -4.687479 0.048367 0.901567 0.004258 -0.939573 0.046763 0.339114
1788249855.720865726 -4.687869 0.046805 0.894758 0.003913 -0.941277 0.046891 0.334341
1788249855.754206896 -4.686951 0.047765 0.887438 0.004130 -0.942878 0.047202 0.329751
1788249855.787548304 -4.685607 0.047560 0.880806 0.004073 -0.944461 0.047537 0.325141
1788249855.820889711 -4.685913 0.046111 0.874586 0.004173 -0.946201 0.047389 0.320063
1788249855.854231119 -4.684914 0.045599 0.867314 0.004313 -0.947795 0.047141 0.315348
1788249855.887572527 -4.683026 0.045930 0.859519 0.004628 -0.949238 0.047343 0.310941
1788249855.920912981 -4.681586 0.046404 0.852275 0.004401 -0.950781 0.047721 0.306136
1788249855.954254150 -4.682181 0.047806 0.845658 0.004432 -0.952450 0.048014 0.300857
1788249855.987595797 -4.679966 0.050930 0.836876 0.004996 -0.953798 0.048533 0.296461
1788249856.020936966 -4.678812 0.048876 0.830037 0.005018 -0.955309 0.048362 0.291582
1788249856.054278851 -4.678473 0.049305 0.823133 0.005205 -0.956872 0.048230 0.286432
1788249856.087620020 -4.676634 0.048542 0.817284 0.004671 -0.958266 0.048280 0.281731
1788249856.120961666 -4.675892 0.047659 0.810768 0.004544 -0.959594 0.048609 0.277120
1788249856.154302835 -4.674038 0.047100 0.804036 0.004313 -0.960953 0.048592 0.272379
1788249856.187644243 -4.672516 0.048049 0.796763 0.004413 -0.962218 0.048723 0.267849
1788249856.220985651 -4.671209 0.044414 0.790108 0.004181 -0.963538 0.048700 0.263069
1788249856.254326820 -4.669899 0.046595 0.782523 0.004656 -0.964865 0.048961 0.258103
1788249856.287668705 -4.668291 0.045447 0.774296 0.004435 -0.966141 0.048537 0.253368
1788249856.321009874 -4.667829 0.044882 0.767997 0.004558 -0.967415 0.048663 0.248434
1788249856.354351521 -4.667179 0.044979 0.759962 0.004361 -0.968576 0.048879 0.243828
1788249856.387691975 -4.666927 0.044431 0.752959 0.003927 -0.969706 0.049122 0.239254
1788249856.421033382 -4.665458 0.042565 0.744926 0.004140 -0.970805 0.049129 0.234747
1788249856.454374552 -4.664014 0.041581 0.736599 0.004052 -0.971981 0.049019 0.229854
1788249856.487716198 -4.666069 0.042627 0.727167 0.004132 -0.973106 0.049143 0.225016
1788249856.521057367 -4.664825 0.042608 0.719732 0.004121 -0.974155 0.049358 0.220382
1788249856.554399014 -4.663858 0.043816 0.711883 0.004302 -0.975154 0.049585 0.215867
1788249856.587740183 -4.664648 0.042931 0.702498 0.004170 -0.976083 0.049904 0.211552
1788249856.621082067 -4.662832 0.040802 0.695906 0.004580 -0.977036 0.049967 0.207082
1788249856.654423237 -4.661429 0.042632 0.687635 0.005037 -0.977892 0.050229 0.202928
1788249856.687764883 -4.661393 0.041271 0.678475 0.004980 -0.978698 0.049981 0.199066
1788249856.721106052 -4.661898 0.039147 0.669780 0.004799 -0.979533 0.049830 0.194962
1788249856.754447699 -4.661564 0.039994 0.660381 0.004988 -0.980257 0.049734 0.191304
1788249856.787788868 -4.662900 0.040092 0.650650 0.005092 -0.980883 0.049904 0.188022
1788249856.821129322 -4.662066 0.040873 0.641916 0.005242 -0.981427 0.050262 0.185059
1788249856.854470730 -4.662589 0.040369 0.631508 0.005343 -0.982044 0.049947 0.181842
1788249856.887812376 -4.663371 0.041753 0.623024 0.005380 -0.982630 0.050238 0.178567
1788249856.921153545 -4.662738 0.037218 0.616510 0.005311 -0.983243 0.049734 0.175306
1788249856.954495430 -4.664850 0.040277 0.606554 0.005506 -0.983821 0.050235 0.171881
1788249856.987836838 -4.664139 0.036748 0.598310 0.005329 -0.984352 0.049742 0.168965
1788249857.021178007 -4.665250 0.036378 0.590934 0.005374 -0.984988 0.049983 0.165139
1788249857.054519653 -4.664124 0.034882 0.581831 0.005334 -0.985528 0.049510 0.162034
1788249857.087860823 -4.664640 0.033967 0.573536 0.005184 -0.986056 0.049244 0.158877
1788249857.121202469 -4.664900 0.034609 0.565504 0.005198 -0.986582 0.049712 0.155426
1788249857.154543877 -4.664121 0.035108 0.556932 0.005034 -0.987060 0.049883 0.152310
1788249857.187885523 -4.666866 0.034480 0.549016 0.004795 -0.987601 0.049879 0.148770
1788249857.221226931 -4.663360 0.033430 0.540104 0.005021 -0.987969 0.049926 0.146285
1788249857.254568338 -4.665145 0.033851 0.531204 0.004960 -0.988488 0.050065 0.142690
1788249857.287908792 -4.665551 0.032911 0.523697 0.004647 -0.988973 0.049795 0.139394
1788249857.321250200 -4.663568 0.033693 0.515573 0.004807 -0.989319 0.050108 0.136802
1788249857.354591608 -4.663304 0.033046 0.507457 0.004648 -0.989764 0.050211 0.133509
1788249857.387933254 -4.663887 0.031406 0.499017 0.004655 -0.990221 0.049994 0.130157
1788249857.421274424 -4.662681 0.030892 0.491196 0.004820 -0.990582 0.050305 0.127250
1788249857.454616070 -4.659973 0.031337 0.482674 0.004952 -0.990943 0.050526 0.124315
1788249857.487957478 -4.662771 0.029683 0.475587 0.004459 -0.991416 0.050500 0.120519
1788249857.521299124 -4.661633 0.031314 0.466680 0.004744 -0.991722 0.051111 0.117698
1788249857.554640293 -4.659559 0.029925 0.459355 0.004767 -0.992115 0.051082 0.114348
1788249857.587981701 -4.657427 0.030261 0.450303 0.004909 -0.992472 0.051009 0.111233
1788249857.621323109 -4.655078 0.029641 0.441785 0.005414 -0.992807 0.050881 0.108239
1788249857.654664516 -4.654367 0.027791 0.433574 0.005597 -0.993183 0.050794 0.104766
1788249857.688006163 -4.653189 0.030506 0.423764 0.005740 -0.993528 0.050816 0.101421
1788249857.721346617 -4.652917 0.030711 0.414620 0.005516 -0.993838 0.050960 0.098284
1788249857.754687786 -4.652436 0.029453 0.406393 0.005630 -0.994148 0.051147 0.094984
1788249857.788029194 -4.649783 0.028239 0.398509 0.005275 -0.994449 0.050924 0.091929
1788249857.821371078 -4.649885 0.027058 0.389091 0.005539 -0.994750 0.050843 0.088636
1788249857.854724407 -4.647640 0.028296 0.379658 0.005888 -0.995003 0.051176 0.085531
1788249857.888078213 -4.644475 0.028612 0.370641 0.006052 -0.995271 0.051114 0.082381
1788249857.921431780 -4.646989 0.026320 0.360424 0.005628 -0.995555 0.051134 0.078891
1788249857.954785585 -4.643669 0.026740 0.354159 0.005581 -0.995752 0.051689 0.075992
1788249857.988139629 -4.641869 0.026180 0.346962 0.005099 -0.995973 0.052065 0.072802
1788249858.021493673 -4.642308 0.025799 0.339190 0.005021 -0.996193 0.052282 0.069576
1788249858.054847956 -4.639375 0.026321 0.329980 0.005683 -0.996381 0.052577 0.066543
1788249858.088201761 -4.636663 0.025696 0.321447 0.006032 -0.996618 0.052257 0.063135
1788249858.121556044 -4.635475 0.023983 0.312361 0.006112 -0.996847 0.051846 0.059750
1788249858.154909372 -4.633319 0.024204 0.303196 0.005929 -0.997009 0.052085 0.056790
1788249858.188263893 -4.632720 0.024739 0.295790 0.005189 -0.997184 0.052291 0.053513
1788249858.221617937 -4.632701 0.024665 0.287363 0.004945 -0.997364 0.052134 0.050230
1788249858.254972696 -4.630142 0.023049 0.279743 0.004852 -0.997516 0.051991 0.047284
1788249858.288327217 -4.626650 0.022693 0.270554 0.005083 -0.997682 0.051588 0.044080
1788249858.321681976 -4.625787 0.023304 0.260846 0.005112 -0.997837 0.051376 0.040687
1788249858.355036736 -4.623020 0.021699 0.253472 0.005111 -0.997965 0.051234 0.037610
1788249858.388391495 -4.622150 0.023532 0.244150 0.005061 -0.998070 0.051459 0.034385
1788249858.421746492 -4.620807 0.021503 0.235297 0.004937 -0.998183 0.051162 0.031441
1788249858.455101490 -4.619844 0.022634 0.227111 0.004983 -0.998252 0.051711 0.028195
1788249858.488456488 -4.614367 0.022670 0.220779 0.005433 -0.998327 0.051759 0.025202
1788249858.521811485 -4.612933 0.021456 0.211116 0.005675 -0.998411 0.051719 0.021651
1788249858.555166721 -4.611558 0.021373 0.203450 0.005704 -0.998462 0.052094 0.018109
1788249858.588522434 -4.609970 0.020146 0.196085 0.005368 -0.998518 0.052113 0.014747
1788249858.621876478 -4.606471 0.020295 0.188094 0.004986 -0.998554 0.052209 0.011831
1788249858.655232191 -4.605116 0.019953 0.180678 0.004964 -0.998574 0.052445 0.008609
1788249858.688587666 -4.602514 0.019030 0.172296 0.004989 -0.998590 0.052550 0.005628
1788249858.721943140 -4.599314 0.020103 0.164204 0.005124 -0.998591 0.052740 0.002782
1788249858.755298853 -4.597636 0.019201 0.153846 -0.005015 0.998606 -0.052541 0.000421
1788249858.788655043 -4.592841 0.016240 0.146688 -0.005153 0.998626 -0.052040 0.003361
1788249858.822010756 -4.593420 0.017698 0.136811 -0.004953 0.998622 -0.051894 0.006134
1788249858.855350733 -4.589166 0.017025 0.128541 -0.005201 0.998606 -0.051858 0.008316
1788249858.888690948 -4.588128 0.017489 0.119771 -0.005449 0.998556 -0.052261 0.011174
1788249858.922031164 -4.585914 0.017417 0.111512 -0.005584 0.998529 -0.052227 0.013424
1788249858.955371380 -4.582572 0.017544 0.103719 -0.005723 0.998502 -0.052201 0.015377
1788249858.988711596 -4.580676 0.015287 0.094266 -0.005627 0.998478 -0.051946 0.017659
1788249859.022051811 -4.580810 0.015739 0.085147 -0.005508 0.998452 -0.051587 0.020052
1788249859.055391073 -4.577323 0.015313 0.075760 -0.005754 0.998414 -0.051712 0.021508
1788249859.088731050 -4.574067 0.014237 0.068281 -0.006142 0.998374 -0.051942 0.022651
1788249859.122071266 -4.573057 0.014346 0.059346 -0.006109 0.998356 -0.051837 0.023688
1788249859.155411243 -4.572515 0.013591 0.050976 -0.006170 0.998360 -0.051469 0.024304
1788249859.188751221 -4.572437 0.012297 0.042002 -0.006155 0.998359 -0.051574 0.024119
1788249859.222091436 -4.571364 0.012261 0.032856 -0.005965 0.998355 -0.051693 0.024076
1788249859.255431652 -4.570798 0.011813 0.022171 -0.006223 0.998367 -0.051273 0.024405
1788249859.288771629 -4.569509 0.011470 0.011976 -0.006395 0.998377 -0.050990 0.024541
1788249859.322111607 -4.569677 0.011719 0.002365 -0.006327 0.998355 -0.051380 0.024653
1788249859.355451822 -4.570411 0.011200 -0.006613 -0.006381 0.998345 -0.051534 0.024721
1788249859.388792038 -4.569582 0.011116 -0.016083 -0.006168 0.998351 -0.051414 0.024788
1788249859.422131777 -4.570722 0.010738 -0.024295 -0.005829 0.998341 -0.051507 0.025060
1788249859.455471754 -4.569864 0.010701 -0.033958 -0.005803 0.998323 -0.051937 0.024900
1788249859.488810778 -4.568495 0.009356 -0.043782 -0.005925 0.998337 -0.051727 0.024750
1788249859.522150755 -4.567581 0.009072 -0.051970 -0.006259 0.998339 -0.051509 0.025035
1788249859.555490971 -4.565729 0.009397 -0.062465 -0.006769 0.998332 -0.051568 0.025078
1788249859.588830471 -4.564380 0.009563 -0.070554 -0.007006 0.998323 -0.051741 0.024999
1788249859.622170687 -4.564937 0.009021 -0.080929 -0.007047 0.998336 -0.051426 0.025111
1788249859.655510664 -4.564828 0.008567 -0.092522 -0.006846 0.998363 -0.050855 0.025274
1788249859.688850880 -4.564333 0.009906 -0.101536 -0.006532 0.998360 -0.050907 0.025365
1788249859.722190380 -4.563071 0.007951 -0.110958 -0.006681 0.998379 -0.050688 0.024995
1788249859.755530357 -4.564622 0.009297 -0.121297 -0.006843 0.998361 -0.050790 0.025492
1788249859.788870335 -4.561170 0.005944 -0.130283 -0.007115 0.998384 -0.050366 0.025353
1788249859.822210312 -4.561671 0.005285 -0.139528 -0.007151 0.998354 -0.050813 0.025602
1788249859.855550528 -4.559446 0.005489 -0.148649 -0.007105 0.998355 -0.050927 0.025365
1788249859.888891220 -4.562350 0.006092 -0.158243 -0.006835 0.998339 -0.050945 0.026020
1788249859.922231913 -4.562982 0.004756 -0.168442 -0.006694 0.998330 -0.050785 0.026719
1788249859.955570936 -4.559967 0.005318 -0.177227 -0.006695 0.998326 -0.050904 0.026627
1788249859.988911629 -4.558856 0.005683 -0.186958 -0.006766 0.998329 -0.050755 0.026770
1788249860.022252321 -4.557778 0.004401 -0.196693 -0.007104 0.998332 -0.050352 0.027349
1788249860.055592537 -4.557379 0.003550 -0.206397 -0.007220 0.998303 -0.050476 0.028146
1788249860.088933229 -4.555367 0.001445 -0.213565 -0.007210 0.998295 -0.050500 0.028357
1788249860.122273684 -4.556302 0.001626 -0.223605 -0.006770 0.998282 -0.050533 0.028880
1788249860.155614138 -4.555292 0.002718 -0.232401 -0.006513 0.998260 -0.050628 0.029507
1788249860.188954592 -4.554996 0.000539 -0.239915 -0.006465 0.998234 -0.050657 0.030361
1788249860.222294807 -4.551980 0.000009 -0.248531 -0.006344 0.998210 -0.050657 0.031157
1788249860.255635262 -4.553300 -0.000861 -0.258363 -0.006040 0.998166 -0.050425 0.032960
1788249860.288975716 -4.549816 -0.001774 -0.267197 -0.006239 0.998114 -0.050431 0.034443
1788249860.322316170 -4.547943 -0.002486 -0.274664 -0.006657 0.998042 -0.050766 0.035923
1788249860.355656385 -4.547116 -0.003025 -0.282627 -0.006429 0.997979 -0.050810 0.037606
1788249860.388995647 -4.545483 -0.003649 -0.290505 -0.005904 0.997929 -0.050709 0.039123
1788249860.422336102 -4.542343 -0.003748 -0.297812 -0.005876 0.997825 -0.051099 0.041229
1788249860.455676317 -4.540888 -0.005431 -0.304816 -0.005744 0.997718 -0.051175 0.043668
1788249860.489016771 -4.537197 -0.002840 -0.314682 -0.005905 0.997609 -0.051703 0.045486
1788249860.522356987 -4.536339 -0.006692 -0.321563 -0.006366 0.997527 -0.051361 0.047547
1788249860.555697203 -4.531641 -0.007181 -0.330451 -0.006788 0.997407 -0.051390 0.049916
1788249860.589037657 -4.528316 -0.006994 -0.337604 -0.006959 0.997289 -0.051454 0.052147
1788249860.622378111 -4.525254 -0.008103 -0.346084 -0.007370 0.997168 -0.051843 0.053973
1788249860.655718327 -4.522801 -0.008694 -0.352228 -0.007324 0.996994 -0.052580 0.056441
1788249860.689058781 -4.520435 -0.009702 -0.358279 -0.007389 0.996816 -0.053125 0.059003
1788249860.722398758 -4.516369 -0.011123 -0.366321 -0.007627 0.996669 -0.053646 0.060944
1788249860.789079428 -4.508192 -0.011731 -0.380739 -0.008631 0.996358 -0.053901 0.065512
1788249860.822418451 -4.506484 -0.012732 -0.391042 -0.008679 0.996201 -0.053593 0.068082
1788249860.855759621 -4.502656 -0.013530 -0.399240 -0.008510 0.996085 -0.053263 0.070032
1788249860.889101028 -4.500996 -0.012033 -0.409104 -0.008041 0.995940 -0.052980 0.072331
1788249860.922442198 -4.500659 -0.015194 -0.419315 -0.007461 0.995824 -0.051675 0.074893
1788249860.955783129 -4.498020 -0.013329 -0.428482 -0.007553 0.995682 -0.051657 0.076764
1788249860.989124298 -4.493985 -0.016824 -0.436157 -0.008205 0.995511 -0.051859 0.078749
1788249861.022465467 -4.490557 -0.016077 -0.444529 -0.008443 0.995278 -0.051995 0.081525
1788249861.055806637 -4.487632 -0.015273 -0.452686 -0.008564 0.995089 -0.051914 0.083844
1788249861.089147568 -4.485645 -0.016563 -0.461027 -0.008060 0.994917 -0.051800 0.085976
1788249861.122488737 -4.483681 -0.018725 -0.465888 -0.007599 0.994722 -0.051801 0.088242
1788249861.155829668 -4.480120 -0.017785 -0.475086 -0.006764 0.994488 -0.051932 0.090838
1788249861.189170837 -4.478893 -0.018509 -0.482432 -0.007277 0.994244 -0.052487 0.093121
1788249861.222511768 -4.475766 -0.020713 -0.490800 -0.007644 0.994027 -0.052586 0.095326
1788249861.255851984 -4.472126 -0.021368 -0.499814 -0.007451 0.993818 -0.052023 0.097792
1788249861.289193153 -4.469471 -0.020182 -0.510022 -0.007261 0.993625 -0.051458 0.100041
1788249861.322534084 -4.465901 -0.023289 -0.520467 -0.006770 0.993470 -0.050499 0.102086
1788249861.355875254 -4.463494 -0.022803 -0.527605 -0.006646 0.993240 -0.050393 0.104361
1788249861.389216185 -4.463021 -0.022272 -0.537692 -0.006532 0.992997 -0.050060 0.106810
1788249861.422557354 -4.459281 -0.023034 -0.547056 -0.006467 0.992788 -0.049854 0.108834
1788249861.455898285 -4.456364 -0.024436 -0.554284 -0.006491 0.992540 -0.049801 0.111099
1788249861.489239454 -4.452202 -0.023021 -0.563121 -0.006229 0.992289 -0.049926 0.113278
1788249861.522580385 -4.454125 -0.028726 -0.567577 -0.006190 0.992030 -0.049647 0.115643
1788249861.555921316 -4.445730 -0.025266 -0.577194 -0.005710 0.991795 -0.050587 0.117268
1788249861.589262247 -4.443352 -0.025755 -0.582434 -0.006169 0.991507 -0.050949 0.119496
1788249861.622603416 -4.438091 -0.026807 -0.588036 -0.006269 0.991210 -0.051375 0.121754
1788249861.655944586 -4.432119 -0.029042 -0.592793 -0.006432 0.990913 -0.051418 0.124119
1788249861.689285517 -4.428821 -0.027408 -0.602099 -0.006556 0.990531 -0.051869 0.126944
1788249861.722625494 -4.421922 -0.025094 -0.608838 -0.006141 0.990223 -0.052605 0.129050
1788249861.755966425 -4.421887 -0.028363 -0.616449 -0.005647 0.989815 -0.052551 0.132184
1788249861.789307594 -4.415646 -0.028989 -0.623278 -0.005413 0.989494 -0.052717 0.134509
1788249861.822648525 -4.417759 -0.032827 -0.630008 -0.004878 0.989081 -0.052404 0.137657
1788249861.855988264 -4.410476 -0.030371 -0.638857 -0.005250 0.988614 -0.053090 0.140696
1788249861.889328480 -4.407321 -0.031875 -0.644569 -0.005235 0.988091 -0.052986 0.144365
1788249861.922668457 -4.402364 -0.030696 -0.650537 -0.005260 0.987574 -0.053221 0.147778
1788249861.956008196 -4.396242 -0.031953 -0.656628 -0.005078 0.987043 -0.053138 0.151316
1788249861.989348173 -4.387967 -0.032404 -0.662914 -0.005037 0.986546 -0.052938 0.154593
1788249862.022688389 -4.384535 -0.031479 -0.669942 -0.005078 0.985961 -0.053030 0.158251
1788249862.056028366 -4.380495 -0.032628 -0.675995 -0.005253 0.985305 -0.053048 0.162273
1788249862.089368105 -4.368829 -0.032359 -0.685310 -0.005012 0.984691 -0.052816 0.166041
1788249862.122708082 -4.365442 -0.034519 -0.692156 -0.004911 0.983956 -0.052358 0.170484
1788249862.156046867 -4.360578 -0.033469 -0.697479 -0.004847 0.983181 -0.052247 0.174937
1788249862.189386845 -4.357181 -0.036909 -0.703022 -0.004702 0.982371 -0.051723 0.179585
1788249862.222726822 -4.350259 -0.038162 -0.707608 -0.005306 0.981656 -0.051581 0.183476
1788249862.256066561 -4.338357 -0.035559 -0.715154 -0.005572 0.980825 -0.051984 0.187747
1788249862.289406538 -4.330921 -0.037930 -0.721724 -0.006072 0.979924 -0.051256 0.192576
1788249862.322746515 -4.326525 -0.038757 -0.726399 -0.006574 0.978897 -0.050836 0.197823
1788249862.356086493 -4.315959 -0.037254 -0.730977 -0.007008 0.977886 -0.050546 0.202817
1788249862.389425755 -4.311223 -0.038070 -0.737828 -0.007220 0.976690 -0.050371 0.208536
1788249862.422765732 -4.306164 -0.038128 -0.742732 -0.007377 0.975468 -0.050513 0.214140
1788249862.456105471 -4.294462 -0.036150 -0.748291 -0.007275 0.974301 -0.050674 0.219357
1788249862.489445448 -4.289281 -0.041911 -0.749820 -0.007357 0.973082 -0.050016 0.224844
1788249862.522785425 -4.281092 -0.037971 -0.756530 -0.006832 0.971635 -0.050615 0.230907
1788249862.556124687 -4.274329 -0.040692 -0.758076 -0.006766 0.970339 -0.050297 0.236362
1788249862.589464664 -4.262818 -0.038395 -0.766686 -0.006849 0.968961 -0.050745 0.241854
1788249862.622803211 -4.253015 -0.035747 -0.773751 -0.006598 0.967425 -0.051204 0.247839
1788249862.656143188 -4.244957 -0.038028 -0.774120 -0.006793 0.966080 -0.050787 0.253107
1788249862.689482927 -4.239872 -0.040401 -0.778244 -0.006642 0.964562 -0.050429 0.258906
1788249862.722822428 -4.228122 -0.039123 -0.784446 -0.006377 0.962999 -0.050255 0.264700
1788249862.756162167 -4.219334 -0.035620 -0.786327 -0.006469 0.961516 -0.051057 0.269885
1788249862.789501905 -4.211032 -0.038600 -0.791241 -0.006658 0.959822 -0.050819 0.275888
1788249862.822841644 -4.203016 -0.038178 -0.794775 -0.006336 0.958221 -0.050600 0.281447
1788249862.856181860 -4.193469 -0.036139 -0.798461 -0.006266 0.956585 -0.050966 0.286893
1788249862.889521837 -4.185622 -0.039284 -0.802427 -0.006282 0.954766 -0.050798 0.292921
1788249862.922862053 -4.176921 -0.037084 -0.803432 -0.005733 0.952984 -0.051235 0.298603
1788249862.956202269 -4.170219 -0.038824 -0.809883 -0.005253 0.950973 -0.051273 0.304948
1788249862.989542246 -4.158224 -0.040886 -0.809079 -0.005305 0.949205 -0.051215 0.310416
1788249863.022882462 -4.152798 -0.039976 -0.812644 -0.004833 0.947262 -0.051217 0.316305
1788249863.056221485 -4.144932 -0.039765 -0.819555 -0.004417 0.945284 -0.051288 0.322162
1788249863.089561701 -4.136885 -0.039688 -0.818952 -0.004143 0.943743 -0.050969 0.326703
1788249863.122901678 -4.128453 -0.038918 -0.823378 -0.004075 0.942379 -0.051166 0.330586
1788249863.156241894 -4.118937 -0.037212 -0.827423 -0.003956 0.940875 -0.051578 0.334780
1788249863.189581633 -4.110055 -0.040209 -0.829106 -0.004408 0.939408 -0.051217 0.338926
1788249863.222921848 -4.103762 -0.040495 -0.834237 -0.003927 0.938037 -0.051048 0.342733
1788249863.256261826 -4.095950 -0.039368 -0.839128 -0.003843 0.936712 -0.051301 0.346300
1788249863.289601803 -4.089054 -0.040634 -0.840927 -0.003804 0.935444 -0.050737 0.349794
1788249863.322941780 -4.082419 -0.041134 -0.846323 -0.004109 0.934050 -0.050916 0.353470
1788249863.356281996 -4.073266 -0.042774 -0.847571 -0.004187 0.932731 -0.050724 0.356963
1788249863.389621496 -4.068476 -0.044285 -0.850764 -0.003910 0.931331 -0.050335 0.360656
1788249863.422961712 -4.060045 -0.040675 -0.853566 -0.003720 0.930106 -0.051042 0.363710
1788249863.456301689 -4.052617 -0.042127 -0.856886 -0.003429 0.928731 -0.051017 0.367212
1788249863.489640474 -4.045816 -0.042160 -0.859316 -0.003314 0.927263 -0.051124 0.370890
1788249863.522980452 -4.039340 -0.042359 -0.861802 -0.003407 0.926011 -0.051038 0.374014
1788249863.556320429 -4.030873 -0.044451 -0.862917 -0.003789 0.924590 -0.050982 0.377518
1788249863.589660168 -4.021827 -0.041901 -0.867075 -0.003914 0.923008 -0.051029 0.381361
1788249863.623000383 -4.013162 -0.042963 -0.870131 -0.003877 0.921637 -0.050377 0.384750
1788249863.656340122 -4.005149 -0.042266 -0.873779 -0.003789 0.920061 -0.050390 0.388503
1788249863.689680099 -3.997729 -0.041322 -0.875014 -0.003830 0.918564 -0.050430 0.392022
1788249863.723019838 -3.989861 -0.041857 -0.879019 -0.003598 0.917237 -0.050246 0.395144
1788249863.756359816 -3.980981 -0.041110 -0.883567 -0.003555 0.915680 -0.050421 0.398718
1788249863.789699793 -3.973619 -0.041750 -0.883321 -0.003679 0.914197 -0.050240 0.402127
1788249863.823039293 -3.967335 -0.042380 -0.887281 -0.003459 0.912602 -0.050047 0.405759
1788249863.856379271 -3.959349 -0.041115 -0.891018 -0.003325 0.910948 -0.050356 0.409422
1788249863.889719486 -3.953169 -0.043187 -0.895481 -0.002889 0.909210 -0.049814 0.413337
1788249863.923059225 -3.946023 -0.044276 -0.895175 -0.002798 0.907833 -0.049735 0.416362
1788249863.956398249 -3.937411 -0.044651 -0.901693 -0.002961 0.906034 -0.050157 0.420211
1788249863.989737988 -3.931191 -0.043601 -0.901997 -0.002662 0.904325 -0.050150 0.423879
1788249864.023078203 -3.923007 -0.043926 -0.904160 -0.002569 0.902762 -0.050112 0.427203
1788249864.056418180 -3.916366 -0.044973 -0.903625 -0.002560 0.901131 -0.050330 0.430608
1788249864.089758158 -3.908467 -0.043782 -0.907706 -0.002036 0.899221 -0.050257 0.434593
1788249864.123097897 -3.902164 -0.041276 -0.909965 -0.001850 0.897647 -0.050467 0.437813
1788249864.156437874 -3.894395 -0.044893 -0.909283 -0.002309 0.896021 -0.050141 0.441165
1788249864.189777851 -3.884460 -0.043316 -0.912259 -0.002351 0.894119 -0.050075 0.445016
1788249864.223117352 -3.875850 -0.045585 -0.915367 -0.002653 0.892264 -0.049637 0.448770
1788249864.256457329 -3.866478 -0.046557 -0.916656 -0.002438 0.890531 -0.049221 0.452245
1788249864.289797306 -3.859817 -0.044652 -0.917067 -0.002490 0.888594 -0.049468 0.456012
1788249864.323137045 -3.851672 -0.047074 -0.919910 -0.002479 0.886932 -0.048769 0.459311
1788249864.356477022 -3.842974 -0.046152 -0.920682 -0.002682 0.885205 -0.048931 0.462612
1788249864.389815569 -3.833349 -0.042780 -0.922014 -0.002617 0.883233 -0.049463 0.466312
1788249864.423155546 -3.826726 -0.044439 -0.922057 -0.002686 0.881416 -0.049403 0.469742
1788249864.456495523 -3.819973 -0.048789 -0.919134 -0.002419 0.879718 -0.049163 0.472941
1788249864.489835024 -3.811161 -0.046567 -0.922443 -0.002096 0.877660 -0.049715 0.476694
1788249864.523175001 -3.804797 -0.046125 -0.924234 -0.001435 0.876071 -0.049725 0.479608
1788249864.556514502 -3.798193 -0.048289 -0.925411 -0.001312 0.874985 -0.049706 0.481589
1788249864.589854240 -3.790595 -0.046753 -0.928585 -0.001197 0.873581 -0.050185 0.484082
1788249864.623193979 -3.782831 -0.045871 -0.929443 -0.001133 0.872348 -0.050270 0.486293
1788249864.656533957 -3.776151 -0.047191 -0.931553 -0.001158 0.871070 -0.050166 0.488590
1788249864.689873457 -3.766699 -0.048560 -0.932618 -0.001342 0.869860 -0.050161 0.490741
1788249864.723213196 -3.757861 -0.049391 -0.934874 -0.001489 0.868636 -0.049971 0.492923
1788249864.756552696 -3.750713 -0.051105 -0.936000 -0.001804 0.867485 -0.049683 0.494973
1788249864.789892435 -3.741426 -0.049421 -0.937923 -0.002099 0.866138 -0.049875 0.497305
1788249864.823230982 -3.732618 -0.050243 -0.936527 -0.002689 0.864855 -0.049990 0.499519
1788249864.856571198 -3.724468 -0.049908 -0.939095 -0.002388 0.863549 -0.049523 0.501822
1788249864.889911175 -3.717206 -0.052141 -0.941006 -0.002570 0.862283 -0.049530 0.503992
1788249864.923251390 -3.710110 -0.049468 -0.945422 -0.001952 0.860887 -0.049825 0.506347
1788249864.956591368 -3.700783 -0.047647 -0.953540 -0.001416 0.859297 -0.049700 0.509055
1788249864.989931583 -3.694177 -0.049130 -0.951990 -0.001510 0.858308 -0.049484 0.510741
1788249865.023271561 -3.685881 -0.049292 -0.953369 -0.001811 0.856995 -0.049772 0.512913
1788249865.056611776 -3.677345 -0.052899 -0.954171 -0.002332 0.855669 -0.049504 0.515146
1788249865.089951754 -3.668430 -0.048502 -0.954555 -0.002207 0.854499 -0.049636 0.517072
1788249865.123291492 -3.661899 -0.049768 -0.955427 -0.002403 0.853284 -0.049656 0.519071
1788249865.156631708 -3.652317 -0.049388 -0.958713 -0.002269 0.851765 -0.049718 0.521554
1788249865.189971924 -3.645164 -0.052936 -0.958663 -0.002495 0.850581 -0.048990 0.523550
1788249865.223311663 -3.635740 -0.051771 -0.963500 -0.002711 0.849129 -0.049238 0.525879
1788249865.256651640 -3.627907 -0.054496 -0.959900 -0.003131 0.847863 -0.049178 0.527920
1788249865.289990425 -3.618683 -0.052372 -0.964393 -0.002915 0.846214 -0.049040 0.530573
1788249865.323330641 -3.612773 -0.054121 -0.965218 -0.002822 0.844975 -0.048761 0.532570
1788249865.356670618 -3.602955 -0.053459 -0.963210 -0.002749 0.843800 -0.048927 0.534415
1788249865.390010595 -3.596396 -0.053915 -0.966279 -0.002412 0.842305 -0.048927 0.536771
1788249865.423350096 -3.587134 -0.050318 -0.968245 -0.002082 0.841039 -0.049156 0.538732
1788249865.456690311 -3.580386 -0.051043 -0.969284 -0.002143 0.839938 -0.049312 0.540432
1788249865.490030289 -3.573228 -0.054721 -0.968597 -0.002235 0.838778 -0.048989 0.542261
1788249865.523370028 -3.565784 -0.051453 -0.971471 -0.002033 0.837388 -0.049205 0.544387
1788249865.556709766 -3.555516 -0.049169 -0.976326 -0.001912 0.836045 -0.049166 0.546450
1788249865.590049744 -3.546757 -0.053312 -0.972172 -0.002497 0.835088 -0.048889 0.547934
1788249865.623389482 -3.538032 -0.050477 -0.975810 -0.002403 0.833627 -0.049155 0.550131
1788249865.656729460 -3.530058 -0.052351 -0.976703 -0.002463 0.832513 -0.048536 0.551870
1788249865.690069199 -3.522162 -0.054696 -0.980886 -0.002463 0.831406 -0.048283 0.553559
1788249865.723407745 -3.513001 -0.048677 -0.985053 -0.001938 0.830209 -0.048994 0.555292
1788249865.756747723 -3.503324 -0.050910 -0.981693 -0.002241 0.829440 -0.048837 0.556452
1788249865.790087461 -3.496379 -0.051055 -0.987050 -0.001918 0.828080 -0.048666 0.558491
1788249865.823427200 -3.488231 -0.051150 -0.987285 -0.001740 0.827117 -0.048721 0.559911
1788249865.856767654 -3.479891 -0.052295 -0.990755 -0.001777 0.825981 -0.048502 0.561605
1788249865.890108109 -3.472644 -0.053010 -0.991006 -0.001937 0.825050 -0.048498 0.562972
1788249865.923448801 -3.463782 -0.053562 -0.991687 -0.002436 0.823876 -0.048895 0.564652
1788249865.956788778 -3.455925 -0.052925 -0.990044 -0.002839 0.822831 -0.048996 0.566163
1788249865.990129232 -3.448625 -0.053814 -0.990281 -0.003161 0.821850 -0.048507 0.567627
1788249866.023469925 -3.436232 -0.051302 -0.994968 -0.003005 0.820514 -0.048373 0.569568
1788249866.056810141 -3.429891 -0.049447 -0.998219 -0.002478 0.819155 -0.048276 0.571532
1788249866.090150595 -3.420800 -0.050754 -0.996776 -0.002414 0.818341 -0.047863 0.572731
1788249866.123490810 -3.413526 -0.050911 -0.997221 -0.002264 0.817488 -0.047818 0.573953
1788249866.156830072 -3.404817 -0.053727 -0.999897 -0.002603 0.816243 -0.047764 0.575725
1788249866.190170765 -3.397059 -0.052402 -0.999407 -0.002730 0.815027 -0.047797 0.577442
1788249866.223511219 -3.387544 -0.052589 -0.999116 -0.002803 0.814145 -0.047070 0.578744
1788249866.256851196 -3.377774 -0.052457 -1.002679 -0.002732 0.813179 -0.046891 0.580115
1788249866.290191650 -3.370213 -0.052726 -1.004861 -0.002516 0.812433 -0.047175 0.581138
1788249866.323532104 -3.360108 -0.052217 -1.005275 -0.002705 0.811783 -0.047029 0.582056
1788249866.356872320 -3.350055 -0.052262 -1.008089 -0.002699 0.811055 -0.046513 0.583111
1788249866.390212774 -3.343225 -0.050989 -1.012236 -0.002789 0.810089 -0.046880 0.584423
1788249866.423553228 -3.335656 -0.052553 -1.013029 -0.002846 0.809334 -0.046557 0.585493
1788249866.456893206 -3.327952 -0.049823 -1.016351 -0.002563 0.808544 -0.046695 0.586574
1788249866.490233660 -3.319340 -0.051172 -1.015453 -0.002504 0.808036 -0.046467 0.587292
1788249866.523573875 -3.308029 -0.046090 -1.022795 -0.002119 0.806896 -0.047028 0.588814
1788249866.556914330 -3.301959 -0.052891 -1.020319 -0.002147 0.806418 -0.046172 0.589536
1788249866.590254545 -3.293507 -0.049940 -1.025682 -0.001958 0.805712 -0.046394 0.590485
1788249866.623593807 -3.284146 -0.053588 -1.027294 -0.002610 0.805128 -0.046104 0.591301
1788249866.656934023 -3.275249 -0.054761 -1.023676 -0.003210 0.804701 -0.046331 0.591861
1788249866.690274239 -3.267181 -0.052841 -1.026945 -0.003488 0.803907 -0.046103 0.592955
1788249866.723614693 -3.257422 -0.054045 -1.029535 -0.003559 0.803473 -0.045134 0.593617
1788249866.756954670 -3.248384 -0.052741 -1.028701 -0.003617 0.803157 -0.045562 0.594012
1788249866.790295124 -3.241480 -0.052688 -1.035155 -0.003129 0.802280 -0.045415 0.595210
1788249866.823635101 -3.231278 -0.049571 -1.039194 -0.002846 0.801606 -0.045389 0.596121
1788249866.856975794 -3.222317 -0.050353 -1.041929 -0.003146 0.801146 -0.045129 0.596757
1788249866.890316248 -3.214690 -0.051339 -1.040438 -0.003432 0.800887 -0.045429 0.597080
1788249866.923656464 -3.205513 -0.051945 -1.041820 -0.003793 0.800274 -0.045468 0.597896
1788249866.956996918 -3.197138 -0.052883 -1.042322 -0.004250 0.799802 -0.045474 0.598524
1788249866.990337372 -3.190036 -0.052732 -1.043587 -0.004123 0.799344 -0.045429 0.599139
1788249867.023677826 -3.183867 -0.056539 -1.041745 -0.003931 0.799031 -0.045012 0.599589
1788249867.057017088 -3.174556 -0.054027 -1.048393 -0.003198 0.798364 -0.045187 0.600468
1788249867.090357542 -3.165979 -0.052782 -1.054950 -0.002676 0.797754 -0.045066 0.601290
1788249867.123697758 -3.156337 -0.052530 -1.053965 -0.002853 0.797493 -0.045325 0.601616
1788249867.157038212 -3.148932 -0.053507 -1.053683 -0.003369 0.796968 -0.045462 0.602299
1788249867.190378666 -3.138870 -0.054468 -1.056017 -0.003915 0.796321 -0.045030 0.603183
1788249867.223718882 -3.130333 -0.052310 -1.057033 -0.004304 0.795850 -0.045293 0.603782
1788249867.257059097 -3.121836 -0.051802 -1.057912 -0.004083 0.795418 -0.045277 0.604354
1788249867.290399551 -3.112710 -0.053366 -1.061240 -0.004098 0.794674 -0.045051 0.605349
1788249867.323739767 -3.105874 -0.051101 -1.064014 -0.003476 0.794127 -0.044858 0.606085
1788249867.357080221 -3.096002 -0.051462 -1.068552 -0.003281 0.793745 -0.044429 0.606618
1788249867.390420675 -3.089111 -0.053701 -1.067523 -0.003569 0.793557 -0.044355 0.606866
1788249867.423760653 -3.079494 -0.051487 -1.067852 -0.003642 0.793067 -0.044531 0.607494
1788249867.457100868 -3.069388 -0.054193 -1.070975 -0.004328 0.792421 -0.043668 0.608394
1788249867.490440369 -3.059561 -0.054230 -1.075036 -0.004598 0.791858 -0.043104 0.609165
1788249867.523780823 -3.050921 -0.051894 -1.075575 -0.004304 0.791545 -0.043504 0.609545
1788249867.557120562 -3.043012 -0.050861 -1.080356 -0.004041 0.790759 -0.043547 0.610563
1788249867.590461016 -3.033305 -0.050205 -1.080852 -0.004105 0.790397 -0.043407 0.611041
1788249867.623801231 -3.023565 -0.049995 -1.082661 -0.004069 0.789945 -0.043309 0.611633
1788249867.657141447 -3.014606 -0.049347 -1.085344 -0.004163 0.789298 -0.043702 0.612438
1788249867.690481424 -3.006891 -0.049997 -1.085178 -0.004070 0.788993 -0.043644 0.612837
1788249867.723821878 -2.997091 -0.051225 -1.085095 -0.004275 0.788650 -0.043100 0.613315
1788249867.757162094 -2.988099 -0.050906 -1.088837 -0.004214 0.787960 -0.043027 0.614207
1788249867.790502310 -2.979763 -0.050946 -1.088672 -0.004088 0.787466 -0.043148 0.614832
1788249867.823842525 -2.972864 -0.051171 -1.091441 -0.003771 0.786836 -0.043205 0.615636
1788249867.857182503 -2.964411 -0.049590 -1.092397 -0.003609 0.786443 -0.043456 0.616121
1788249867.890522718 -2.957652 -0.049685 -1.093986 -0.003464 0.785921 -0.043753 0.616767
1788249867.923861980 -2.950069 -0.052109 -1.094446 -0.003423 0.785403 -0.043957 0.617413
1788249867.957201958 -2.941664 -0.056141 -1.096739 -0.003344 0.784938 -0.043403 0.618044
1788249867.990542173 -2.932709 -0.055078 -1.096456 -0.003131 0.784747 -0.043593 0.618273
1788249868.023882389 -2.926600 -0.055380 -1.097766 -0.002960 0.784234 -0.043920 0.618902
1788249868.057222605 -2.917259 -0.054801 -1.101065 -0.002681 0.783493 -0.044136 0.619825
1788249868.090562582 -2.907843 -0.054375 -1.101746 -0.002613 0.783075 -0.044139 0.620354
1788249868.123902559 -2.899862 -0.055386 -1.104023 -0.002713 0.782689 -0.043924 0.620855
1788249868.157242775 -2.891251 -0.051728 -1.108502 -0.002571 0.781913 -0.044581 0.621786
1788249868.190582991 -2.883209 -0.052916 -1.105937 -0.002990 0.781450 -0.044931 0.622340
1788249868.223922968 -2.873860 -0.054488 -1.104688 -0.003285 0.781111 -0.044525 0.622794
1788249868.257262945 -2.864510 -0.056428 -1.107160 -0.003492 0.780615 -0.044214 0.623436
1788249868.290603161 -2.856565 -0.057926 -1.111120 -0.003256 0.780021 -0.044084 0.624190
1788249868.323943138 -2.847730 -0.055423 -1.108420 -0.002945 0.779780 -0.044362 0.624473
1788249868.357283115 -2.840284 -0.056748 -1.111115 -0.002745 0.779188 -0.043829 0.625250
1788249868.390622139 -2.831252 -0.055141 -1.113982 -0.002672 0.778644 -0.043971 0.625918
1788249868.423961878 -2.822118 -0.055739 -1.115993 -0.002869 0.778034 -0.044015 0.626672
1788249868.457302094 -2.813452 -0.058432 -1.114826 -0.003411 0.777619 -0.043716 0.627205
1788249868.490642309 -2.803820 -0.057847 -1.115587 -0.003900 0.777131 -0.043680 0.627808
1788249868.523982048 -2.794306 -0.056663 -1.117932 -0.003990 0.776488 -0.043791 0.628596
1788249868.557322025 -2.785776 -0.057793 -1.118159 -0.004056 0.775990 -0.043610 0.629223
1788249868.590662003 -2.777352 -0.055598 -1.118346 -0.003787 0.775631 -0.043587 0.629668
1788249868.624002218 -2.768274 -0.057100 -1.121559 -0.003592 0.775226 -0.043295 0.630188
1788249868.657341719 -2.761548 -0.055725 -1.122992 -0.003189 0.774704 -0.043590 0.630812
1788249868.690681696 -2.752816 -0.058383 -1.122303 -0.003375 0.774230 -0.043499 0.631399
1788249868.724021912 -2.743621 -0.055606 -1.124928 -0.003040 0.773598 -0.043562 0.632170
1788249868.757361889 -2.735037 -0.054538 -1.127390 -0.002926 0.773111 -0.043599 0.632764
1788249868.790701389 -2.726794 -0.053607 -1.129726 -0.002553 0.772430 -0.043756 0.633586
1788249868.824040413 -2.718505 -0.052558 -1.130964 -0.002496 0.771776 -0.044185 0.634352
1788249868.857380867 -2.710186 -0.053783 -1.130980 -0.002475 0.771361 -0.043661 0.634894
1788249868.890721560 -2.702703 -0.053812 -1.132335 -0.002558 0.771025 -0.043647 0.635302
1788249868.924062014 -2.692977 -0.054348 -1.133492 -0.002553 0.770604 -0.043837 0.635799
1788249868.957402468 -2.684675 -0.053224 -1.135437 -0.002217 0.769907 -0.043846 0.636644
1788249868.990743160 -2.676408 -0.055137 -1.134031 -0.002651 0.769639 -0.043445 0.636994
1788249869.024083614 -2.666539 -0.053656 -1.139379 -0.002527 0.768940 -0.043363 0.637843
1788249869.057424068 -2.658828 -0.052559 -1.141043 -0.002229 0.768427 -0.043582 0.638448
1788249869.090764284 -2.650194 -0.052297 -1.140826 -0.001921 0.767960 -0.043481 0.639017
1788249869.124104977 -2.641230 -0.053940 -1.142488 -0.002171 0.767459 -0.043165 0.639640
1788249869.157445431 -2.632943 -0.054347 -1.141458 -0.002536 0.767195 -0.043504 0.639932
1788249869.190785885 -2.624282 -0.052761 -1.143333 -0.002400 0.766493 -0.043921 0.640745
1788249869.224126339 -2.615868 -0.052586 -1.143532 -0.002487 0.765997 -0.043992 0.641332
1788249869.257465601 -2.607688 -0.053859 -1.145627 -0.002521 0.765526 -0.043741 0.641911
1788249869.290806293 -2.600280 -0.054831 -1.144107 -0.002511 0.765188 -0.043881 0.642305
1788249869.324146509 -2.588959 -0.053504 -1.144338 -0.002068 0.764771 -0.043821 0.642807
1788249869.357486963 -2.581532 -0.055595 -1.147224 -0.002345 0.764157 -0.043629 0.643549
1788249869.390827656 -2.572894 -0.054920 -1.150465 -0.002238 0.763562 -0.043852 0.644240
1788249869.424167871 -2.565534 -0.053891 -1.148976 -0.002527 0.762978 -0.044350 0.644897
1788249869.457508326 -2.555478 -0.055072 -1.147780 -0.002917 0.762396 -0.044372 0.645581
1788249869.490848541 -2.546779 -0.054215 -1.149021 -0.003278 0.761844 -0.044083 0.646250
1788249869.524188995 -2.538200 -0.051928 -1.150457 -0.003159 0.761338 -0.044230 0.646837
1788249869.557529449 -2.529632 -0.050925 -1.152007 -0.002639 0.760828 -0.044385 0.647428
1788249869.590869665 -2.520133 -0.052033 -1.153223 -0.002476 0.760270 -0.043987 0.648112
1788249869.624210119 -2.513342 -0.051239 -1.155908 -0.002025 0.759725 -0.043621 0.648777
1788249869.657550335 -2.503193 -0.053341 -1.157934 -0.001942 0.759337 -0.043418 0.649244
1788249869.690890789 -2.495753 -0.054215 -1.154869 -0.002081 0.758945 -0.043762 0.649679
1788249869.724230051 -2.486786 -0.053471 -1.156842 -0.002244 0.758166 -0.043792 0.650585
1788249869.757570267 -2.477475 -0.054900 -1.156305 -0.002805 0.757871 -0.043400 0.650953
1788249869.790910482 -2.468707 -0.050556 -1.158076 -0.002674 0.757250 -0.043547 0.651666
1788249869.824250698 -2.459577 -0.049311 -1.157929 -0.002638 0.756848 -0.043473 0.652139
1788249869.857591152 -2.451568 -0.052348 -1.159381 -0.002773 0.756314 -0.043075 0.652784
1788249869.890931368 -2.442082 -0.053708 -1.161263 -0.002902 0.755891 -0.042442 0.653313
1788249869.924271584 -2.432470 -0.051740 -1.161892 -0.002874 0.755411 -0.042754 0.653848
1788249869.957611561 -2.427063 -0.051369 -1.161233 -0.002748 0.754839 -0.043291 0.654474
1788249869.990951777 -2.416521 -0.050297 -1.162878 -0.002659 0.754194 -0.043354 0.655214
1788249870.024292231 -2.407078 -0.048991 -1.165554 -0.002502 0.753586 -0.043278 0.655919
1788249870.057632208 -2.400288 -0.051230 -1.163842 -0.002523 0.753304 -0.043183 0.656248
1788249870.090972185 -2.391295 -0.053743 -1.163956 -0.002712 0.752712 -0.042891 0.656946
1788249870.124312401 -2.383040 -0.050648 -1.166125 -0.002385 0.752096 -0.042894 0.657652
1788249870.157651901 -2.374697 -0.052352 -1.165289 -0.002396 0.751970 -0.042561 0.657818
1788249870.190991640 -2.364954 -0.053181 -1.167649 -0.002600 0.751354 -0.042539 0.658522
1788249870.224331856 -2.356477 -0.051686 -1.167612 -0.002786 0.750689 -0.042740 0.659265
1788249870.257672071 -2.348556 -0.051476 -1.166706 -0.002916 0.750375 -0.042368 0.659647
1788249870.291012049 -2.337999 -0.050954 -1.167156 -0.002867 0.750067 -0.042111 0.660013
1788249870.324352026 -2.330480 -0.051185 -1.169120 -0.002950 0.749405 -0.042282 0.660754
1788249870.357692003 -2.321505 -0.052055 -1.170365 -0.003205 0.748668 -0.042128 0.661597
1788249870.391032219 -2.310712 -0.051221 -1.170629 -0.003672 0.748229 -0.041856 0.662109
1788249870.424372196 -2.301891 -0.046553 -1.169749 -0.003660 0.747857 -0.042029 0.662518
1788249870.457712173 -2.292521 -0.050530 -1.168633 -0.004263 0.747319 -0.041758 0.663138
1788249870.491052151 -2.283091 -0.047654 -1.170601 -0.004013 0.746527 -0.041939 0.664020
1788249870.524392366 -2.274640 -0.048186 -1.172235 -0.004090 0.746029 -0.041336 0.664617
1788249870.557732105 -2.266290 -0.048896 -1.171960 -0.004096 0.745441 -0.041381 0.665273
1788249870.591072083 -2.259201 -0.049666 -1.171021 -0.003682 0.745048 -0.041473 0.665710
1788249870.624411106 -2.250195 -0.050115 -1.171534 -0.003363 0.744486 -0.041423 0.666343
1788249870.657751083 -2.241969 -0.047499 -1.176168 -0.003171 0.743607 -0.041516 0.667320
1788249870.691091061 -2.232351 -0.048747 -1.174910 -0.003457 0.743129 -0.041497 0.667851
1788249870.724431038 -2.224766 -0.050857 -1.174346 -0.003670 0.742519 -0.041186 0.668547
1788249870.757770777 -2.216023 -0.048110 -1.171820 -0.003684 0.742194 -0.041371 0.668897
1788249870.791110754 -2.207603 -0.048205 -1.174994 -0.003557 0.741586 -0.040936 0.669598
1788249870.824450731 -2.198598 -0.049133 -1.177192 -0.003437 0.740900 -0.040795 0.670367
1788249870.857790947 -2.190940 -0.047993 -1.177906 -0.002950 0.740232 -0.040640 0.671116
1788249870.891131163 -2.180737 -0.043409 -1.179994 -0.002207 0.739684 -0.040542 0.671729
1788249870.924471617 -2.172281 -0.047721 -1.180437 -0.002803 0.739393 -0.040191 0.672068
1788249870.957811832 -2.164633 -0.048221 -1.177537 -0.003106 0.739030 -0.040317 0.672458
1788249870.991152048 -2.154744 -0.046290 -1.180983 -0.003022 0.737979 -0.040221 0.673617
1788249871.024492502 -2.145947 -0.047241 -1.180454 -0.003426 0.737508 -0.039440 0.674177
1788249871.057831526 -2.136213 -0.050182 -1.179265 -0.003821 0.737366 -0.038901 0.674362
1788249871.091171741 -2.127171 -0.049204 -1.180624 -0.003392 0.736811 -0.039071 0.674961
1788249871.124511957 -2.119453 -0.046334 -1.181674 -0.003068 0.736230 -0.039015 0.675599
1788249871.157852173 -2.110389 -0.048467 -1.182016 -0.003531 0.735897 -0.038424 0.675993
1788249871.191192150 -2.100310 -0.046931 -1.182526 -0.003393 0.735312 -0.038690 0.676615
1788249871.224532604 -2.093079 -0.051421 -1.178690 -0.003827 0.734933 -0.038781 0.677019
1788249871.257872820 -2.084913 -0.046231 -1.177222 -0.003474 0.734424 -0.039462 0.677534
1788249871.291212559 -2.077386 -0.047666 -1.179041 -0.003614 0.733663 -0.039164 0.678374
1788249871.324552774 -2.069931 -0.046703 -1.179520 -0.003143 0.733036 -0.039136 0.679056
1788249871.357892990 -2.062644 -0.046619 -1.182090 -0.002409 0.732382 -0.039034 0.679770
1788249871.391233444 -2.054316 -0.046327 -1.181850 -0.002154 0.732123 -0.038821 0.680062
1788249871.424573183 -2.043613 -0.046641 -1.184709 -0.002162 0.731475 -0.038389 0.680783
1788249871.457913399 -2.037284 -0.047686 -1.182299 -0.002427 0.731258 -0.038258 0.681023
1788249871.491252422 -2.026339 -0.047379 -1.182786 -0.002527 0.730621 -0.038224 0.681708
1788249871.524592400 -2.016419 -0.047355 -1.181488 -0.002606 0.730053 -0.038201 0.682317
1788249871.557932377 -2.008378 -0.048983 -1.183311 -0.003029 0.729410 -0.038144 0.683006
1788249871.591272593 -1.997799 -0.044242 -1.183720 -0.002542 0.728770 -0.038380 0.683677
1788249871.624612808 -1.990049 -0.045271 -1.185173 -0.002509 0.728102 -0.037798 0.684422
1788249871.657952547 -1.981162 -0.046855 -1.184456 -0.002886 0.727790 -0.037194 0.684784
1788249871.691292524 -1.971663 -0.046768 -1.183772 -0.003026 0.727529 -0.037077 0.685068
1788249871.724632740 -1.962469 -0.044975 -1.184615 -0.002998 0.726941 -0.037185 0.685686
1788249871.757972479 -1.953088 -0.046271 -1.183600 -0.003280 0.726351 -0.036683 0.686337
1788249871.791312456 -1.942906 -0.046061 -1.186300 -0.003296 0.725617 -0.036101 0.687143
1788249871.824652433 -1.935317 -0.043512 -1.183483 -0.002892 0.725443 -0.036390 0.687314
1788249871.858002901 -1.926909 -0.044598 -1.184663 -0.002779 0.724747 -0.036440 0.688046
1788249871.891353369 -1.917863 -0.045888 -1.187175 -0.002858 0.723855 -0.035799 0.689017
1788249871.924703598 -1.909399 -0.044305 -1.183050 -0.003121 0.723838 -0.035869 0.689029
1788249871.958053350 -1.901022 -0.047252 -1.184508 -0.003327 0.723280 -0.035368 0.689640
1788249871.991403818 -1.891547 -0.045068 -1.183157 -0.003168 0.722721 -0.035813 0.690204
1788249872.024754524 -1.882898 -0.044356 -1.184827 -0.003354 0.722116 -0.035525 0.690851
1788249872.058105230 -1.872766 -0.042765 -1.186115 -0.003655 0.721441 -0.035338 0.691564
1788249872.091455936 -1.864715 -0.042295 -1.181150 -0.003761 0.721360 -0.035530 0.691638
1788249872.124806881 -1.856980 -0.042910 -1.183985 -0.003496 0.720472 -0.035381 0.692572
1788249872.158157587 -1.845338 -0.041222 -1.185012 -0.003251 0.719850 -0.035124 0.693233
1788249872.191508293 -1.838686 -0.043333 -1.182460 -0.003716 0.719714 -0.034976 0.693379
1788249872.224859238 -1.829548 -0.044061 -1.183318 -0.003605 0.718888 -0.034957 0.694237
1788249872.258210421 -1.822627 -0.041948 -1.183036 -0.003022 0.718171 -0.035347 0.694962
1788249872.291561365 -1.814380 -0.043339 -1.184512 -0.002596 0.717628 -0.034986 0.695542
1788249872.324912548 -1.806651 -0.041682 -1.183527 -0.002220 0.717368 -0.035409 0.695791
1788249872.358263731 -1.798446 -0.044455 -1.182476 -0.002082 0.716858 -0.035227 0.696325
1788249872.391613722 -1.792404 -0.045724 -1.185513 -0.002049 0.716016 -0.035119 0.697197
1788249872.424965143 -1.782108 -0.042698 -1.183518 -0.001831 0.715820 -0.035291 0.697390
1788249872.458316326 -1.774708 -0.043773 -1.183989 -0.002180 0.715224 -0.035615 0.697984
1788249872.491667747 -1.766227 -0.044264 -1.183550 -0.002091 0.714504 -0.035690 0.698717
1788249872.525019169 -1.756959 -0.042350 -1.183739 -0.002063 0.713703 -0.035596 0.699541
1788249872.558370590 -1.747046 -0.040614 -1.182765 -0.002114 0.713249 -0.035470 0.700009
1788249872.591722250 -1.740271 -0.043549 -1.186415 -0.001935 0.712639 -0.034899 0.700660
1788249872.625073671 -1.732092 -0.044299 -1.186294 -0.001770 0.712191 -0.034785 0.701121
1788249872.658425570 -1.723778 -0.041961 -1.184848 -0.001388 0.711908 -0.034739 0.701412
1788249872.691777229 -1.712155 -0.043958 -1.186202 -0.002012 0.711314 -0.033999 0.702049
1788249872.725129128 -1.704195 -0.041257 -1.183135 -0.001887 0.710986 -0.034480 0.702358
1788249872.758480787 -1.696833 -0.042595 -1.181622 -0.002303 0.710404 -0.034609 0.702939
1788249872.791832685 -1.685990 -0.043852 -1.182687 -0.002622 0.709547 -0.034065 0.703830
1788249872.825183392 -1.677786 -0.043915 -1.181043 -0.002752 0.709165 -0.033738 0.704230
1788249872.858522654 -1.666515 -0.043201 -1.185224 -0.002343 0.708158 -0.033348 0.705263
1788249872.891862392 -1.660128 -0.043166 -1.183941 -0.002073 0.707813 -0.033381 0.705608
1788249872.925201893 -1.652296 -0.044312 -1.182931 -0.002313 0.707650 -0.033235 0.705778
1788249872.958541155 -1.642260 -0.043305 -1.182874 -0.002530 0.707128 -0.033363 0.706294
1788249872.991880655 -1.632858 -0.042949 -1.181660 -0.002762 0.706410 -0.033416 0.707008
1788249873.025219917 -1.625038 -0.042569 -1.180316 -0.002800 0.705894 -0.033431 0.707523
1788249873.058559179 -1.615182 -0.043002 -1.176992 -0.002976 0.705679 -0.033154 0.707749
1788249873.091898441 -1.607985 -0.042096 -1.178174 -0.002572 0.705080 -0.033094 0.708350
1788249873.125237942 -1.599533 -0.041247 -1.178847 -0.002197 0.704622 -0.033002 0.708811
1788249873.158576965 -1.591051 -0.040972 -1.179709 -0.002031 0.704260 -0.032626 0.709189
1788249873.191916466 -1.582409 -0.040215 -1.179166 -0.001723 0.704103 -0.032432 0.709355
1788249873.225255489 -1.572569 -0.042643 -1.179558 -0.001877 0.703802 -0.032179 0.709664
1788249873.258594990 -1.565516 -0.043086 -1.177810 -0.002127 0.703643 -0.032157 0.709822
1788249873.291933060 -1.556344 -0.042734 -1.179098 -0.002159 0.703143 -0.031863 0.710331
1788249873.325272083 -1.546579 -0.041953 -1.176128 -0.002414 0.703008 -0.032290 0.710445
1788249873.358611345 -1.539050 -0.042025 -1.178208 -0.001871 0.702424 -0.032207 0.711027
1788249873.391950130 -1.531325 -0.040553 -1.177975 -0.001281 0.702070 -0.032374 0.711371
1788249873.425289392 -1.523969 -0.042521 -1.178424 -0.001253 0.701844 -0.031982 0.711612
1788249873.458628416 -1.516442 -0.044653 -1.180256 -0.001318 0.701595 -0.031610 0.711873
1788249873.491967678 -1.506689 -0.042520 -1.178680 -0.000945 0.701547 -0.032276 0.711891
1788249873.525306702 -1.498563 -0.045816 -1.179441 -0.000858 0.701340 -0.031905 0.712112
1788249873.558645964 -1.490088 -0.041182 -1.176526 -0.000531 0.701594 -0.032655 0.711828
1788249873.591984749 -1.481201 -0.041777 -1.181470 -0.000506 0.700895 -0.032097 0.712542
1788249873.625323772 -1.472344 -0.043409 -1.180062 -0.000415 0.700889 -0.031892 0.712557
1788249873.658662796 -1.464929 -0.043575 -1.178363 -0.000193 0.700972 -0.032252 0.712460
1788249873.692001820 -1.458437 -0.040158 -1.177023 0.000420 0.701084 -0.032885 0.712320
1788249873.725339651 -1.451337 -0.042374 -1.178507 0.000323 0.700743 -0.032547 0.712670
1788249873.758678675 -1.440920 -0.043555 -1.178629 -0.000143 0.700506 -0.032558 0.712903
1788249873.792017460 -1.434263 -0.041972 -1.176109 -0.000010 0.700580 -0.032912 0.712815
1788249873.825356483 -1.422978 -0.043531 -1.177914 -0.000312 0.700296 -0.032519 0.713112
1788249873.858702183 -1.414554 -0.042861 -1.177844 -0.000583 0.700193 -0.032310 0.713222
1788249873.892048120 -1.404692 -0.042393 -1.175521 -0.000717 0.700257 -0.032116 0.713168
1788249873.925394058 -1.397049 -0.042001 -1.177562 -0.000424 0.700005 -0.032334 0.713405
1788249873.958740234 -1.388841 -0.043588 -1.177719 -0.000390 0.699907 -0.032336 0.713502
1788249873.992086649 -1.381997 -0.042800 -1.176405 -0.000491 0.699860 -0.032547 0.713538
1788249874.025432587 -1.372496 -0.043005 -1.175510 -0.001015 0.699597 -0.032784 0.713784
1788249874.058779240 -1.363488 -0.041636 -1.177073 -0.001072 0.699063 -0.033078 0.714294
1788249874.092125177 -1.353701 -0.041802 -1.173113 -0.001424 0.699332 -0.033019 0.714033
1788249874.125471830 -1.344305 -0.042671 -1.173309 -0.001781 0.699050 -0.032560 0.714329
1788249874.158817291 -1.336311 -0.039803 -1.174948 -0.001480 0.698492 -0.033122 0.714849
1788249874.192163944 -1.328470 -0.041503 -1.173104 -0.001125 0.698441 -0.033170 0.714897
1788249874.225510597 -1.323350 -0.042528 -1.173135 -0.000745 0.698263 -0.033579 0.715053
1788249874.258857489 -1.315479 -0.044811 -1.173022 -0.000788 0.697957 -0.033725 0.715345
1788249874.292204142 -1.307399 -0.043605 -1.170997 -0.000452 0.697802 -0.034050 0.715481
1788249874.325551271 -1.300754 -0.046015 -1.169822 -0.000997 0.697600 -0.034302 0.715666
1788249874.358897924 -1.291001 -0.043953 -1.170322 -0.000496 0.697305 -0.034223 0.715957
1788249874.392245054 -1.282317 -0.045598 -1.170090 -0.000946 0.697078 -0.033906 0.716193
1788249874.425592184 -1.273495 -0.044108 -1.169788 -0.000648 0.696915 -0.033688 0.716362
1788249874.458939314 -1.264959 -0.044365 -1.170774 -0.000281 0.696608 -0.033553 0.716667
1788249874.492286682 -1.255413 -0.042036 -1.172038 0.000489 0.696201 -0.033810 0.717050
1788249874.525633574 -1.249967 -0.044620 -1.174064 0.000550 0.695825 -0.033743 0.717418
1788249874.558980942 -1.242592 -0.047048 -1.171318 0.000079 0.695821 -0.033759 0.717422
1788249874.592327595 -1.233869 -0.043967 -1.168007 0.000074 0.695759 -0.034476 0.717447
1788249874.625674963 -1.225749 -0.044642 -1.167257 -0.000292 0.695335 -0.034619 0.717851
1788249874.659022331 -1.216163 -0.043392 -1.165155 -0.000714 0.695238 -0.034378 0.717956
1788249874.692370176 -1.205713 -0.043662 -1.165201 -0.000969 0.695043 -0.033991 0.718164
1788249874.725717783 -1.197800 -0.044024 -1.167911 -0.000861 0.694623 -0.033591 0.718589
1788249874.759065628 -1.189062 -0.045589 -1.166963 -0.000798 0.694374 -0.033308 0.718842
1788249874.792413473 -1.182125 -0.046817 -1.167039 -0.000901 0.694084 -0.033309 0.719123
1788249874.825761318 -1.174953 -0.043281 -1.165943 -0.000367 0.693989 -0.034256 0.719170
1788249874.859101534 -1.165762 -0.044769 -1.164721 -0.000693 0.693681 -0.034200 0.719470
1788249874.892441988 -1.158634 -0.044155 -1.164372 -0.000662 0.693268 -0.034330 0.719861
1788249874.925782442 -1.148292 -0.043788 -1.163309 -0.000794 0.693050 -0.034095 0.720082
1788249874.959122658 -1.140836 -0.044661 -1.164794 -0.000464 0.692830 -0.033490 0.720323
1788249874.992462873 -1.132740 -0.046512 -1.164566 -0.000584 0.692635 -0.033406 0.720514
1788249875.025803328 -1.124851 -0.045935 -1.164880 0.000108 0.692239 -0.033448 0.720893
1788249875.059142590 -1.116633 -0.043560 -1.164551 0.000865 0.691903 -0.033705 0.721202
1788249875.092482567 -1.110043 -0.043279 -1.163347 0.001435 0.691969 -0.034023 0.721124
1788249875.125823021 -1.103310 -0.045651 -1.162833 0.001541 0.691791 -0.034111 0.721290
1788249875.159163475 -1.095587 -0.045411 -1.164278 0.001698 0.691224 -0.034270 0.721826
1788249875.192503452 -1.087328 -0.045222 -1.162564 0.001881 0.691100 -0.034397 0.721938
1788249875.225843906 -1.079166 -0.046689 -1.164477 0.001761 0.690678 -0.033940 0.722364
1788249875.259183884 -1.070443 -0.044168 -1.162260 0.001968 0.690679 -0.034350 0.722343
1788249875.292524338 -1.062972 -0.044987 -1.163330 0.002071 0.689950 -0.034042 0.723053
1788249875.325864315 -1.054193 -0.044993 -1.160783 0.002106 0.689323 -0.034186 0.723644
1788249875.359204769 -1.046252 -0.046861 -1.159646 0.002014 0.688629 -0.033970 0.724315
1788249875.392544985 -1.037359 -0.046032 -1.157639 0.002021 0.688117 -0.033876 0.724806
1788249875.425884962 -1.030458 -0.046432 -1.158261 0.002316 0.687358 -0.033761 0.725530
1788249875.459225178 -1.021235 -0.046010 -1.155200 0.002169 0.686597 -0.034179 0.726231
1788249875.492564440 -1.014622 -0.046469 -1.154290 0.001967 0.685538 -0.034398 0.727221
1788249875.525904417 -1.004413 -0.045947 -1.153987 0.001890 0.684577 -0.034192 0.728136
1788249875.559244633 -0.995732 -0.045692 -1.152622 0.002178 0.684061 -0.033907 0.728634
1788249875.592584848 -0.986782 -0.046094 -1.151482 0.002244 0.683157 -0.033729 0.729489
1788249875.625925064 -0.979736 -0.044764 -1.148899 0.002258 0.682447 -0.033913 0.730144
1788249875.659264803 -0.970243 -0.045397 -1.146249 0.002310 0.682029 -0.033888 0.730536
1788249875.692605019 -0.962099 -0.046221 -1.146408 0.002369 0.680937 -0.033689 0.731563
1788249875.725945234 -0.954877 -0.046550 -1.143947 0.002049 0.680058 -0.033768 0.732377
1788249875.759285450 -0.946287 -0.046556 -1.141997 0.001687 0.679155 -0.033809 0.733214
1788249875.792625189 -0.937332 -0.047421 -1.140955 0.001415 0.678187 -0.033859 0.734107
1788249875.825965405 -0.929559 -0.044161 -1.138324 0.001810 0.677296 -0.034133 0.734916
1788249875.859317303 -0.919967 -0.045529 -1.137896 0.001582 0.676401 -0.033311 0.735778
1788249875.892669201 -0.911390 -0.045366 -1.136980 0.001312 0.675674 -0.033031 0.736459
1788249875.926020384 -0.903161 -0.044152 -1.133871 0.001457 0.675103 -0.033608 0.736956
1788249875.959372759 -0.893688 -0.047104 -1.131987 0.001296 0.674129 -0.033311 0.737861
1788249875.992724895 -0.885705 -0.046589 -1.130015 0.001593 0.673260 -0.033303 0.738653
1788249876.026077032 -0.878548 -0.044443 -1.127290 0.002120 0.672683 -0.033507 0.739169
1788249876.059429169 -0.870463 -0.046360 -1.127585 0.002020 0.671534 -0.033286 0.740223
1788249876.092782021 -0.862029 -0.046905 -1.124707 0.001518 0.670588 -0.033334 0.741080
1788249876.126134396 -0.853997 -0.045269 -1.121416 0.001160 0.670182 -0.033446 0.741441
1788249876.159486771 -0.843685 -0.046103 -1.119750 0.000779 0.669671 -0.033402 0.741906
1788249876.192839622 -0.834972 -0.044828 -1.118771 0.000869 0.668770 -0.033593 0.742709
1788249876.226192236 -0.826543 -0.045944 -1.116107 0.000730 0.668115 -0.033074 0.743322
1788249876.259544611 -0.819132 -0.046958 -1.114773 0.000698 0.667544 -0.032967 0.743839
1788249876.292897701 -0.811532 -0.046212 -1.113492 0.000887 0.666862 -0.033089 0.744446
1788249876.326250553 -0.803058 -0.044528 -1.112319 0.001319 0.666057 -0.032982 0.745171
1788249876.359603405 -0.794780 -0.046060 -1.110199 0.000814 0.665372 -0.032666 0.745797
1788249876.392955542 -0.785909 -0.045832 -1.108935 0.000441 0.664629 -0.032587 0.746462
1788249876.426308393 -0.777422 -0.045410 -1.104873 -0.000038 0.664152 -0.033380 0.746852
1788249876.459661722 -0.770034 -0.045603 -1.101452 -0.000407 0.663348 -0.033667 0.747553
1788249876.493014574 -0.760238 -0.046698 -1.100699 -0.000342 0.662435 -0.033015 0.748392
1788249876.526368141 -0.752457 -0.045677 -1.099022 0.000093 0.662098 -0.033109 0.748686
1788249876.559721470 -0.745479 -0.045916 -1.098150 0.000452 0.661424 -0.033404 0.749268
1788249876.593074799 -0.737661 -0.046370 -1.096346 0.000625 0.660632 -0.033360 0.749968
1788249876.626428366 -0.729659 -0.045440 -1.094010 0.000736 0.659995 -0.033606 0.750518
1788249876.659781694 -0.722289 -0.045924 -1.091241 0.000526 0.659366 -0.034090 0.751048
1788249876.693135500 -0.713561 -0.046639 -1.088945 0.000233 0.658277 -0.034117 0.752002
1788249876.726489305 -0.704363 -0.044512 -1.085130 0.000244 0.657496 -0.034143 0.752684
1788249876.759842873 -0.695461 -0.043857 -1.084131 0.000202 0.656576 -0.033866 0.753499
1788249876.793196678 -0.687851 -0.043604 -1.081175 0.000059 0.655466 -0.033960 0.754461
1788249876.826549053 -0.679100 -0.044590 -1.080255 0.000317 0.653920 -0.033132 0.755838
1788249876.859889507 -0.671641 -0.043739 -1.076489 0.000548 0.652757 -0.033233 0.756837
1788249876.893229723 -0.664762 -0.043687 -1.074530 0.000889 0.651790 -0.033193 0.757673
1788249876.926569700 -0.657915 -0.043038 -1.071146 0.000836 0.650368 -0.033800 0.758867
1788249876.959909678 -0.649210 -0.043045 -1.068002 0.000650 0.648751 -0.033277 0.760273
1788249876.993249893 -0.640346 -0.042655 -1.065429 0.000397 0.647279 -0.033093 0.761534
1788249877.026590109 -0.634812 -0.040878 -1.063386 0.000817 0.645867 -0.033343 0.762721
1788249877.059930086 -0.626947 -0.043978 -1.060956 0.000603 0.644291 -0.032834 0.764075
1788249877.093270063 -0.619437 -0.042224 -1.057484 0.000958 0.642918 -0.032709 0.765236
1788249877.126610279 -0.610518 -0.041314 -1.054711 0.000905 0.641237 -0.032858 0.766639
1788249877.159950256 -0.603770 -0.043397 -1.050209 0.000362 0.639611 -0.032882 0.767995
1788249877.193290234 -0.597701 -0.043601 -1.046183 0.000110 0.637977 -0.032844 0.769354
1788249877.226630211 -0.588694 -0.042272 -1.043932 0.000234 0.636277 -0.032557 0.770773
1788249877.259969473 -0.581850 -0.041475 -1.040066 0.000492 0.634996 -0.032572 0.771828
1788249877.293309450 -0.576199 -0.042343 -1.037927 0.000804 0.633363 -0.032414 0.773175
1788249877.326649189 -0.568875 -0.041142 -1.035291 0.001339 0.631698 -0.032384 0.774537
1788249877.359989405 -0.560691 -0.041959 -1.032121 0.001155 0.630150 -0.032197 0.775805
1788249877.393329382 -0.554075 -0.042212 -1.027456 0.001095 0.628925 -0.032273 0.776795
1788249877.426669359 -0.546586 -0.041764 -1.024225 0.000884 0.627054 -0.032408 0.778301
1788249877.460009098 -0.539047 -0.041484 -1.020390 0.000758 0.625381 -0.032058 0.779661
1788249877.493349075 -0.531580 -0.040848 -1.016640 0.000553 0.623914 -0.031988 0.780838
1788249877.526689053 -0.524401 -0.039587 -1.013452 0.000762 0.622168 -0.032305 0.782217
1788249877.560029030 -0.517163 -0.040394 -1.008040 0.000256 0.620777 -0.032046 0.783332
1788249877.593368769 -0.509264 -0.039430 -1.004110 0.000052 0.619194 -0.031673 0.784599
1788249877.626708508 -0.501188 -0.038891 -1.000092 -0.000132 0.617496 -0.031605 0.785939
1788249877.660048485 -0.494598 -0.040060 -0.995768 -0.000503 0.615805 -0.031640 0.787263
1788249877.693388462 -0.487224 -0.041010 -0.991064 -0.000821 0.614123 -0.031362 0.788586
1788249877.726727247 -0.480515 -0.039531 -0.989131 -0.000341 0.612181 -0.031314 0.790097
1788249877.760066986 -0.474340 -0.039390 -0.984230 0.000030 0.610597 -0.031807 0.791303
1788249877.793406725 -0.469010 -0.037609 -0.980960 0.000529 0.608877 -0.031793 0.792627
1788249877.826746702 -0.462914 -0.038312 -0.976970 0.000711 0.607403 -0.031464 0.793770
1788249877.860086441 -0.455043 -0.038446 -0.973972 0.000695 0.605557 -0.031443 0.795180
1788249877.893425703 -0.449452 -0.037150 -0.968644 0.000790 0.603827 -0.031865 0.796478
1788249877.926765203 -0.442723 -0.037378 -0.964503 0.000546 0.602031 -0.031624 0.797846
1788249877.960104704 -0.437204 -0.037030 -0.959736 0.000374 0.600455 -0.031815 0.799025
1788249877.993444204 -0.429418 -0.037120 -0.955521 0.000422 0.598409 -0.032028 0.800550
1788249878.026783943 -0.423438 -0.036148 -0.952209 0.000734 0.596479 -0.031712 0.802002
1788249878.060123205 -0.416790 -0.036542 -0.948331 0.000544 0.594752 -0.031129 0.803306
1788249878.093462706 -0.410417 -0.035772 -0.943335 0.000514 0.593358 -0.031010 0.804341
1788249878.126801968 -0.402553 -0.033757 -0.938047 0.000749 0.591633 -0.031266 0.805601
1788249878.160140514 -0.394176 -0.033484 -0.934556 0.000624 0.589649 -0.031048 0.807062
1788249878.193479776 -0.387810 -0.033293 -0.931223 0.000642 0.587886 -0.030673 0.808361
1788249878.260158539 -0.374691 -0.034044 -0.922067 0.000909 0.584500 -0.030643 0.810814
1788249878.293497801 -0.368645 -0.035309 -0.920141 0.000819 0.582691 -0.030167 0.812133
1788249878.326837063 -0.360747 -0.032917 -0.915361 0.000939 0.581027 -0.030620 0.813307
1788249878.360176563 -0.355443 -0.033708 -0.909108 0.000623 0.579323 -0.030991 0.814508
1788249878.393515348 -0.349491 -0.032749 -0.905530 0.000760 0.577201 -0.030967 0.816014
1788249878.426854849 -0.343671 -0.033164 -0.899238 0.000460 0.575446 -0.031201 0.817244
1788249878.460193872 -0.336341 -0.032230 -0.893459 0.000826 0.573354 -0.031501 0.818702
1788249878.493533373 -0.331329 -0.033270 -0.889234 0.000950 0.571422 -0.031027 0.820069
1788249878.526872396 -0.324730 -0.034433 -0.885784 0.001050 0.569722 -0.030258 0.821280
1788249878.560211658 -0.318912 -0.032021 -0.882151 0.001784 0.567965 -0.030568 0.822483
1788249878.593550682 -0.312502 -0.033127 -0.878040 0.001954 0.566169 -0.030517 0.823722
1788249878.626888752 -0.307666 -0.031959 -0.873447 0.002264 0.564528 -0.030926 0.824832
1788249878.660228014 -0.301708 -0.031721 -0.868814 0.002229 0.562663 -0.030918 0.826105
1788249878.693567038 -0.295672 -0.032029 -0.863935 0.002260 0.560893 -0.030781 0.827313
1788249878.726906300 -0.290181 -0.032601 -0.860560 0.002475 0.558928 -0.030750 0.828642
1788249878.760245085 -0.282719 -0.032213 -0.856638 0.002578 0.556935 -0.030254 0.830001
1788249878.793584347 -0.275598 -0.033172 -0.851406 0.002232 0.555181 -0.029993 0.831186
1788249878.826923132 -0.271422 -0.031737 -0.846377 0.002123 0.553428 -0.030744 0.832326
1788249878.860262871 -0.264518 -0.031897 -0.838970 0.001592 0.551643 -0.030966 0.833504
1788249878.893602133 -0.258740 -0.029672 -0.834026 0.001625 0.549588 -0.030920 0.834862
1788249878.926941633 -0.251761 -0.029926 -0.827916 0.001225 0.547850 -0.030724 0.836011
1788249878.960280895 -0.245104 -0.030929 -0.823636 0.001035 0.545940 -0.030438 0.837270
1788249878.993620396 -0.239087 -0.029052 -0.818866 0.001418 0.543981 -0.030495 0.838542
1788249879.026959419 -0.232542 -0.028663 -0.814350 0.001378 0.542120 -0.030234 0.839756
1788249879.060297728 -0.227731 -0.028337 -0.809709 0.001370 0.540215 -0.030721 0.840965
1788249879.093636990 -0.222449 -0.029115 -0.803558 0.001301 0.538600 -0.030766 0.841998
1788249879.126976252 -0.214994 -0.028926 -0.798465 0.001121 0.536408 -0.030512 0.843406
1788249879.160315514 -0.209433 -0.029018 -0.793948 0.000953 0.534699 -0.030296 0.844499
1788249879.193654537 -0.204734 -0.029027 -0.788190 0.001151 0.532994 -0.030366 0.845573
1788249879.226994038 -0.198067 -0.028509 -0.784185 0.001323 0.530849 -0.029908 0.846938
1788249879.260333061 -0.189577 -0.027935 -0.779182 0.001221 0.528579 -0.029700 0.848364
1788249879.293672323 -0.185012 -0.026666 -0.772504 0.001060 0.527007 -0.030082 0.849328
1788249879.327011585 -0.180029 -0.027360 -0.768055 0.000957 0.524849 -0.030051 0.850664
1788249879.360350609 -0.171635 -0.025099 -0.762294 0.001052 0.522536 -0.029981 0.852089
1788249879.393689632 -0.165966 -0.025293 -0.757167 0.000987 0.520650 -0.029528 0.853259
1788249879.427028894 -0.161192 -0.024419 -0.752866 0.001527 0.518866 -0.029634 0.854340
1788249879.460367680 -0.153725 -0.024135 -0.749306 0.001921 0.516439 -0.029218 0.855823
1788249879.493705750 -0.148562 -0.024588 -0.743355 0.001910 0.514708 -0.028794 0.856880
1788249879.527045012 -0.144414 -0.025100 -0.737025 0.001804 0.513196 -0.028971 0.857780
1788249879.560383797 -0.139296 -0.024609 -0.732540 0.002165 0.511261 -0.029206 0.858926
1788249879.593723059 -0.132888 -0.023714 -0.727069 0.002079 0.509136 -0.028827 0.860200
1788249879.627061844 -0.127536 -0.024163 -0.722111 0.001849 0.507262 -0.028503 0.861319
1788249879.660401106 -0.120518 -0.023060 -0.716596 0.001808 0.505326 -0.028819 0.862445
1788249879.693739891 -0.113664 -0.023113 -0.711168 0.001782 0.503091 -0.028328 0.863767
1788249879.727078676 -0.108024 -0.022872 -0.704822 0.001402 0.501209 -0.028297 0.864862
1788249879.760417700 -0.103878 -0.021738 -0.698616 0.001293 0.499569 -0.028695 0.865797
1788249879.793756723 -0.098377 -0.021431 -0.692715 0.001057 0.497525 -0.028757 0.866972
1788249879.827095747 -0.092852 -0.021052 -0.686541 0.000705 0.495525 -0.028543 0.868124
1788249879.860434771 -0.085871 -0.020499 -0.681321 0.000494 0.493595 -0.028084 0.869238
1788249879.893774033 -0.079807 -0.020260 -0.676127 0.000719 0.491759 -0.028173 0.870275
1788249879.927113056 -0.076216 -0.020203 -0.671103 0.000861 0.490063 -0.028332 0.871226
1788249879.960451126 -0.070502 -0.019782 -0.665184 0.000733 0.488129 -0.027799 0.872328
1788249879.993790388 -0.063886 -0.020335 -0.659222 0.000448 0.486185 -0.027704 0.873417
1788249880.027129650 -0.059532 -0.019898 -0.653385 0.000518 0.484433 -0.027765 0.874387
1788249880.060468912 -0.054055 -0.020145 -0.647605 0.000201 0.482407 -0.027592 0.875513
1788249880.093807936 -0.048364 -0.018760 -0.641659 0.000066 0.480526 -0.027434 0.876552
1788249880.127146959 -0.044400 -0.018541 -0.635848 0.000133 0.478910 -0.027443 0.877435
1788249880.160485983 -0.038046 -0.018239 -0.630514 0.000288 0.476827 -0.027183 0.878577
1788249880.193825245 -0.032350 -0.017601 -0.626075 0.000383 0.474863 -0.026358 0.879665
1788249880.227164268 -0.024194 -0.016266 -0.620789 0.000294 0.472572 -0.026049 0.880907
1788249880.260503054 -0.018963 -0.017466 -0.614924 -0.000089 0.470838 -0.025772 0.881843
1788249880.293842077 -0.013925 -0.017838 -0.608218 -0.000150 0.469107 -0.025535 0.882772
1788249880.327180862 -0.008465 -0.016059 -0.602865 -0.000076 0.467213 -0.025491 0.883777
1788249880.360519886 -0.004633 -0.015968 -0.596922 -0.000423 0.465789 -0.025325 0.884533
1788249880.393857956 0.000017 -0.014756 -0.591207 -0.000144 0.464119 -0.025401 0.885409
1788249880.427196741 0.006138 -0.015002 -0.586660 -0.000116 0.461944 -0.024787 0.886563
1788249880.460535765 0.010988 -0.014594 -0.581321 -0.000230 0.460237 -0.024641 0.887454
1788249880.493874550 0.015747 -0.014271 -0.575130 -0.000208 0.458740 -0.024824 0.888224
1788249880.527213335 0.020508 -0.014293 -0.569099 -0.000202 0.456793 -0.025096 0.889219
1788249880.560552120 0.026038 -0.013115 -0.562157 -0.000231 0.454827 -0.025179 0.890224
1788249880.593890905 0.029573 -0.014247 -0.556763 -0.000603 0.453162 -0.024931 0.891079
1788249880.627229691 0.034457 -0.012730 -0.551085 -0.000270 0.451300 -0.024867 0.892026
1788249880.660568476 0.038801 -0.013484 -0.546584 -0.000189 0.449234 -0.024480 0.893079
1788249880.693907261 0.044077 -0.013573 -0.539863 -0.000249 0.447347 -0.024126 0.894035
1788249880.727246046 0.049732 -0.012226 -0.533049 -0.000274 0.445287 -0.024623 0.895049
1788249880.760584831 0.053383 -0.012997 -0.526298 -0.000527 0.443397 -0.024501 0.895990
1788249880.793923378 0.057992 -0.011563 -0.520954 -0.000531 0.440976 -0.024437 0.897186
1788249880.827260971 0.061886 -0.011049 -0.514522 -0.000602 0.438771 -0.024349 0.898269
1788249880.860600471 0.067423 -0.011367 -0.507769 -0.000999 0.436495 -0.023941 0.899388
1788249880.893939734 0.070128 -0.010806 -0.501795 -0.000796 0.434252 -0.024132 0.900468
1788249880.927279234 0.073631 -0.011413 -0.496829 -0.000849 0.432052 -0.023712 0.901537
1788249880.960618496 0.078823 -0.008846 -0.488802 -0.000661 0.429946 -0.023888 0.902538
1788249880.993957758 0.082165 -0.011844 -0.482227 -0.001323 0.427823 -0.023789 0.903549
1788249881.027296782 0.086325 -0.009959 -0.475756 -0.001082 0.424978 -0.024146 0.904881
1788249881.060636044 0.090959 -0.009072 -0.468532 -0.001213 0.422269 -0.024219 0.906146
1788249881.093975306 0.093039 -0.009668 -0.462789 -0.001258 0.419821 -0.024145 0.907285
1788249881.127314568 0.097317 -0.009415 -0.457127 -0.000921 0.417227 -0.024062 0.908483
1788249881.160653591 0.101007 -0.007741 -0.453012 -0.000193 0.414589 -0.023600 0.909703
1788249881.193992853 0.104863 -0.006975 -0.446695 0.000124 0.412317 -0.023172 0.910746
1788249881.227332115 0.108169 -0.008867 -0.440985 -0.000056 0.409824 -0.023162 0.911871
1788249881.260669947 0.111910 -0.007911 -0.433645 0.000217 0.406947 -0.023160 0.913158
1788249881.294009209 0.115463 -0.008493 -0.427323 0.000061 0.403992 -0.022612 0.914483
1788249881.327348232 0.117718 -0.007144 -0.420953 0.000073 0.400912 -0.022534 0.915839
1788249881.360687494 0.119659 -0.007432 -0.415292 0.000261 0.397359 -0.022502 0.917387
1788249881.394026279 0.121216 -0.006226 -0.407940 0.000653 0.393784 -0.022345 0.918931
1788249881.427365303 0.123940 -0.005882 -0.401282 0.000662 0.390239 -0.021784 0.920456
1788249881.460704327 0.126593 -0.005175 -0.394025 0.000591 0.386582 -0.021780 0.921998
1788249881.494043350 0.128472 -0.004861 -0.386408 0.000429 0.382803 -0.021924 0.923570
1788249881.527382374 0.130825 -0.004895 -0.379303 0.000213 0.378960 -0.021446 0.925164
1788249881.560721159 0.132704 -0.004812 -0.372991 0.000130 0.375373 -0.020957 0.926637
1788249881.594060183 0.134819 -0.004488 -0.364597 0.000098 0.371783 -0.020790 0.928087
1788249881.627398968 0.136870 -0.004245 -0.357714 0.000152 0.367977 -0.020734 0.929604
1788249881.660738230 0.139415 -0.002769 -0.350207 0.000255 0.364219 -0.020537 0.931087
1788249881.694077015 0.139418 -0.003170 -0.343675 -0.000007 0.360233 -0.020782 0.932631
1788249881.727414608 0.141562 -0.002068 -0.336549 0.000204 0.355825 -0.020544 0.934327
1788249881.760753632 0.143109 -0.001945 -0.328525 0.000107 0.351849 -0.020202 0.935839
1788249881.794092417 0.143478 -0.002806 -0.321230 0.000116 0.347712 -0.019980 0.937389
1788249881.827431202 0.145272 -0.002589 -0.314728 0.000703 0.343178 -0.019720 0.939063
1788249881.860770941 0.146478 -0.004308 -0.308467 0.000862 0.338958 -0.018870 0.940612
1788249881.894110203 0.146593 -0.002129 -0.300758 0.001341 0.335027 -0.018761 0.942021
1788249881.927449703 0.147449 -0.003904 -0.294756 0.001165 0.330653 -0.018768 0.943565
1788249881.960789442 0.147519 -0.003718 -0.285413 0.001133 0.326438 -0.018727 0.945032
1788249881.994128942 0.149004 -0.003462 -0.277853 0.001102 0.322102 -0.018236 0.946529
1788249882.027468443 0.146644 -0.003543 -0.272142 0.001226 0.318015 -0.018179 0.947911
1788249882.060807943 0.147219 -0.002781 -0.266153 0.001413 0.313485 -0.018033 0.949421
1788249882.094147444 0.148210 -0.002065 -0.256660 0.001240 0.308926 -0.017819 0.950918
1788249882.127486467 0.149425 -0.000098 -0.246719 0.001290 0.304618 -0.017300 0.952317
1788249882.160825014 0.147483 -0.002233 -0.241122 0.001104 0.300400 -0.017331 0.953655
1788249882.194164515 0.147052 -0.000513 -0.232405 0.001209 0.296197 -0.017026 0.954974
1788249882.227504015 0.148270 -0.001631 -0.226572 0.000953 0.291647 -0.016263 0.956387
1788249882.260843277 0.146995 -0.000378 -0.219478 0.001344 0.287465 -0.016342 0.957651
1788249882.294182777 0.145946 0.000559 -0.213856 0.001559 0.283346 -0.015914 0.958885
1788249882.327521801 0.147519 0.000493 -0.205381 0.001360 0.279136 -0.015339 0.960128
1788249882.360861301 0.147124 0.001033 -0.199446 0.001471 0.274941 -0.015672 0.961332
1788249882.394200325 0.145341 0.001752 -0.192203 0.001576 0.270880 -0.015685 0.962484
1788249882.427539825 0.144463 0.001457 -0.184463 0.001232 0.266835 -0.015008 0.963625
1788249882.460878849 0.144661 0.000659 -0.178031 0.001009 0.262510 -0.014915 0.964814
1788249882.494218349 0.144325 0.002605 -0.170862 0.001386 0.258275 -0.014787 0.965957
1788249882.527557373 0.143697 0.002704 -0.163071 0.001180 0.254372 -0.014448 0.966998
1788249882.560896635 0.144061 0.003086 -0.155847 0.001113 0.250358 -0.014191 0.968049
1788249882.594234943 0.142813 0.003593 -0.149526 0.001434 0.246478 -0.014225 0.969043
1788249882.627574205 0.142762 0.003621 -0.141921 0.001404 0.242963 -0.013897 0.969935
1788249882.660913229 0.142717 0.003193 -0.136963 0.001166 0.240130 -0.013534 0.970646
1788249882.694252491 0.143915 0.003828 -0.130500 0.001414 0.237384 -0.013269 0.971324
1788249882.727591515 0.144482 0.003922 -0.124044 0.001693 0.234662 -0.013112 0.971987
1788249882.760930300 0.145615 0.004218 -0.118020 0.001572 0.231713 -0.012613 0.972701
1788249882.794269562 0.145391 0.003191 -0.113662 0.001269 0.229415 -0.012327 0.973250
1788249882.827608585 0.145695 0.004491 -0.106794 0.001341 0.227225 -0.012665 0.973759
1788249882.860948324 0.145720 0.007111 -0.099650 0.001699 0.224681 -0.013055 0.974344
1788249882.894288063 0.145221 0.005694 -0.093875 0.001388 0.222103 -0.012783 0.974938
1788249882.927627325 0.146712 0.005908 -0.087470 0.001188 0.219434 -0.012671 0.975544
1788249882.960967064 0.146852 0.007117 -0.079807 0.001223 0.217025 -0.012504 0.976085
1788249882.994306326 0.145613 0.007272 -0.075058 0.001180 0.214564 -0.012271 0.976632
1788249883.027646065 0.146716 0.007500 -0.067639 0.001023 0.211959 -0.011836 0.977206
1788249883.060984373 0.146904 0.006749 -0.063072 0.000816 0.209637 -0.011350 0.977713
1788249883.094324112 0.147647 0.008372 -0.055824 0.000726 0.207521 -0.011604 0.978162
1788249883.127663374 0.147496 0.008480 -0.049976 0.001015 0.205251 -0.011601 0.978640
1788249883.161003113 0.149354 0.009312 -0.041607 0.000976 0.202662 -0.011451 0.979181
1788249883.194342613 0.147807 0.008450 -0.036261 0.000808 0.200639 -0.011063 0.979602
1788249883.227681637 0.146374 0.009451 -0.031995 0.000879 0.198464 -0.011280 0.980043
1788249883.261021137 0.147671 0.009566 -0.026227 0.000699 0.195999 -0.011196 0.980540
1788249883.294360638 0.148183 0.008932 -0.019555 0.000502 0.193664 -0.010817 0.981008
1788249883.327700138 0.149022 0.010964 -0.012215 0.000421 0.191560 -0.010879 0.981421
1788249883.361039400 0.149166 0.010547 -0.005368 0.000192 0.189613 -0.011029 0.981797
1788249883.394378662 0.148310 0.010813 0.001430 0.000130 0.187407 -0.011364 0.982217
1788249883.427717924 0.148348 0.011159 0.007592 -0.000153 0.184988 -0.011423 0.982674
1788249883.461057186 0.150184 0.011119 0.014903 -0.000331 0.182727 -0.010989 0.983102
1788249883.494395494 0.149839 0.012658 0.021163 -0.000213 0.180766 -0.010941 0.983465
1788249883.527734756 0.149777 0.012637 0.026073 -0.000050 0.178627 -0.010895 0.983857
1788249883.561074018 0.150638 0.013040 0.032867 0.000197 0.176269 -0.010684 0.984284
1788249883.594413280 0.148803 0.013099 0.035908 0.000289 0.174179 -0.010313 0.984660
1788249883.627752542 0.151183 0.013622 0.044300 0.000314 0.171962 -0.010124 0.985052
1788249883.661091805 0.149357 0.012914 0.048262 0.000288 0.170008 -0.010207 0.985390
1788249883.694430828 0.149713 0.012439 0.054828 0.000356 0.167716 -0.009975 0.985785
1788249883.727770329 0.149888 0.013627 0.059844 0.000583 0.165443 -0.009726 0.986171
1788249883.761109352 0.149852 0.013641 0.067284 0.000520 0.163518 -0.009536 0.986494
1788249883.794448137 0.151191 0.013791 0.073117 0.000574 0.161328 -0.009126 0.986858
1788249883.827787399 0.151265 0.013850 0.079122 0.000800 0.159262 -0.009252 0.987193
1788249883.861138344 0.151176 0.014234 0.085566 0.000947 0.157180 -0.008791 0.987530
1788249883.894489527 0.151314 0.015434 0.091273 0.000974 0.155066 -0.008586 0.987866
1788249883.927840471 0.151791 0.015216 0.097110 0.000948 0.153160 -0.008594 0.988164
1788249883.961190462 0.153117 0.015138 0.106831 0.000867 0.150888 -0.008655 0.988513
1788249883.994541645 0.151766 0.014717 0.112164 0.000870 0.148577 -0.008792 0.988861
1788249884.027892828 0.152372 0.015955 0.118586 0.001055 0.146427 -0.008597 0.989184
1788249884.061244249 0.153442 0.016186 0.126429 0.001137 0.144229 -0.008275 0.989509
1788249884.094595671 0.153232 0.015728 0.131378 0.001305 0.142074 -0.008133 0.989822
1788249884.127946854 0.152987 0.016611 0.138018 0.001605 0.139768 -0.008228 0.990149
1788249884.161298513 0.151437 0.017314 0.143870 0.001762 0.137490 -0.007977 0.990469
1788249884.194649696 0.150416 0.018289 0.149061 0.001789 0.135254 -0.008017 0.990777
1788249884.228001356 0.149882 0.018565 0.154825 0.001973 0.132884 -0.008148 0.991096
1788249884.261352777 0.149556 0.018857 0.161769 0.001885 0.130169 -0.008173 0.991456
1788249884.294704676 0.147035 0.019132 0.167788 0.001713 0.127472 -0.008129 0.991807
1788249884.328056097 0.146394 0.018186 0.174943 0.001146 0.124667 -0.007651 0.992168
1788249884.361407995 0.147011 0.018899 0.182845 0.001123 0.121791 -0.007790 0.992525
1788249884.394758940 0.144632 0.020744 0.189281 0.001274 0.118949 -0.007960 0.992868
1788249884.428110600 0.144550 0.021270 0.196592 0.001166 0.115426 -0.007400 0.993288
1788249884.461462736 0.145100 0.021128 0.205093 0.000912 0.112027 -0.006968 0.993680
1788249884.494814873 0.141565 0.020525 0.209190 0.000999 0.108932 -0.007122 0.994023
1788249884.528166771 0.138227 0.019982 0.215877 0.000953 0.105237 -0.007229 0.994420
1788249884.561518908 0.138345 0.021781 0.225397 0.000893 0.101264 -0.006759 0.994836
1788249884.594870806 0.135318 0.022627 0.231518 0.000942 0.097805 -0.006618 0.995183
1788249884.628223419 0.133123 0.021188 0.237260 0.000995 0.094042 -0.006457 0.995547
1788249884.661575556 0.131002 0.021349 0.242189 0.001205 0.090263 -0.006287 0.995897
1788249884.694927692 0.131041 0.021494 0.248735 0.001200 0.086676 -0.005605 0.996220
1788249884.728280067 0.129461 0.021759 0.256340 0.001245 0.083197 -0.005547 0.996517
1788249884.761632681 0.125443 0.022807 0.263072 0.001454 0.079542 -0.005656 0.996814
1788249884.794985056 0.121593 0.023794 0.266664 0.001428 0.075798 -0.005702 0.997106
1788249884.828336477 0.121601 0.022291 0.275428 0.000876 0.071789 -0.004992 0.997407
1788249884.861674786 0.118056 0.023998 0.279887 0.001371 0.068138 -0.005157 0.997662
1788249884.895013332 0.115553 0.024822 0.284940 0.001787 0.064315 -0.004842 0.997916
1788249884.928351641 0.115143 0.024320 0.291149 0.001740 0.060299 -0.004022 0.998171
1788249884.961689711 0.110567 0.026206 0.296252 0.001704 0.056980 -0.003664 0.998367
1788249884.995028019 0.107817 0.026708 0.303515 0.001789 0.053292 -0.004123 0.998569
1788249885.028366566 0.104662 0.027474 0.309424 0.001733 0.049336 -0.004360 0.998771
1788249885.061704874 0.100371 0.026295 0.314976 0.001259 0.045405 -0.003887 0.998960
1788249885.095042944 0.099376 0.025165 0.323013 0.000893 0.041408 -0.003266 0.999137
1788249885.128381014 0.095780 0.025775 0.327433 0.001335 0.037655 -0.003392 0.999284
1788249885.161719084 0.095442 0.025848 0.335807 0.001280 0.033477 -0.002922 0.999434
1788249885.195057154 0.091650 0.025964 0.341090 0.001021 0.029855 -0.002510 0.999551
1788249885.228395462 0.088055 0.025194 0.346586 0.000881 0.026129 -0.002484 0.999655
1788249885.261733532 0.083420 0.028520 0.352101 0.001261 0.022099 -0.003010 0.999750
1788249885.295070410 0.080600 0.029752 0.357335 0.001326 0.018169 -0.002704 0.999830
1788249885.328408480 0.076694 0.030361 0.364177 0.001381 0.014471 -0.002532 0.999891
1788249885.361746550 0.075418 0.027618 0.369434 0.001262 0.010354 -0.001834 0.999944
1788249885.395084620 0.073032 0.028763 0.375782 0.001944 0.006357 -0.001592 0.999977
1788249885.428422451 0.071282 0.027457 0.382233 0.001968 0.002450 -0.000456 0.999995
1788249885.461760283 0.067875 0.029856 0.385629 0.002513 -0.000951 -0.000508 0.999996
1788249885.495098114 0.063085 0.027155 0.390304 0.002654 -0.004288 -0.000319 0.999987
1788249885.528436184 0.061511 0.029750 0.395438 0.002995 -0.007320 -0.000312 0.999969
1788249885.561773777 0.058300 0.030093 0.400518 0.003055 -0.009796 -0.000211 0.999947
1788249885.595111847 0.054946 0.028654 0.403823 0.002859 -0.012441 -0.000105 0.999919
1788249885.628449440 0.054491 0.030136 0.412359 0.002970 -0.015382 0.000214 0.999877
1788249885.661787271 0.053092 0.032141 0.417309 0.003413 -0.018116 0.000184 0.999830
1788249885.695124865 0.050837 0.031836 0.421950 0.003366 -0.020482 0.000460 0.999784
1788249885.728461504 0.046852 0.030373 0.423925 0.003217 -0.021685 0.000559 0.999760
1788249885.761799335 0.045089 0.031749 0.430725 0.003290 -0.023210 0.000227 0.999725
1788249885.795136929 0.043142 0.029463 0.433893 0.003099 -0.025003 0.000172 0.999683
1788249885.828474522 0.040525 0.031125 0.439378 0.003353 -0.026566 0.000146 0.999641
1788249885.861820936 0.039549 0.030336 0.443879 0.003185 -0.027365 0.000214 0.999620
1788249885.895175219 0.040357 0.029988 0.449498 0.002940 -0.028336 0.000411 0.999594
1788249885.928529263 0.037084 0.031723 0.450839 0.003385 -0.029326 0.000281 0.999564
1788249885.961883307 0.039119 0.033469 0.457745 0.003572 -0.030542 0.000657 0.999527
1788249885.995237589 0.036720 0.032120 0.461532 0.003271 -0.031257 0.000551 0.999506
1788249886.028591633 0.036964 0.031700 0.465927 0.003271 -0.032404 0.000722 0.999469
1788249886.061945915 0.034251 0.033528 0.470347 0.003604 -0.033243 0.000352 0.999441
1788249886.095300436 0.035430 0.031923 0.473632 0.002966 -0.033792 0.000833 0.999424
1788249886.128654718 0.034827 0.032533 0.477332 0.002781 -0.033381 0.000543 0.999439
1788249886.162008286 0.033536 0.034067 0.478768 0.002957 -0.033262 0.000440 0.999442
1788249886.195363045 0.033827 0.032929 0.481275 0.002965 -0.033595 0.000792 0.999431
1788249886.228717327 0.032625 0.032787 0.481191 0.003438 -0.033369 0.000521 0.999437
1788249886.262072086 0.033822 0.031509 0.482755 0.003126 -0.033358 0.000717 0.999438
1788249886.295427084 0.033345 0.033795 0.484736 0.003124 -0.033453 0.000755 0.999435
1788249886.328781843 0.033339 0.033794 0.485054 0.003045 -0.033479 0.000753 0.999435
1788249886.362136841 0.033488 0.033893 0.486324 0.002836 -0.033259 0.000711 0.999443
1788249886.395491600 0.035302 0.033331 0.488069 0.002631 -0.032520 0.000857 0.999467
1788249886.428847075 0.034011 0.032530 0.484067 0.002964 -0.031766 0.000752 0.999491
1788249886.462202311 0.034118 0.032155 0.483760 0.003150 -0.031817 0.000686 0.999489
1788249886.495557547 0.032590 0.032683 0.482946 0.003350 -0.031616 0.000513 0.999494
1788249886.528912783 0.032769 0.031087 0.482653 0.003200 -0.031515 0.000630 0.999498
1788249886.562268257 0.033720 0.033141 0.483937 0.003351 -0.031481 0.000509 0.999499
1788249886.595623493 0.034207 0.032633 0.483859 0.003247 -0.031427 0.000605 0.999501
1788249886.628978014 0.034869 0.033104 0.484965 0.003261 -0.031430 0.000658 0.999500
1788249886.662333488 0.033899 0.032430 0.484306 0.003152 -0.031305 0.000613 0.999505
1788249886.695689440 0.034097 0.033024 0.483724 0.003254 -0.031279 0.000735 0.999505
1788249886.729045153 0.034178 0.031234 0.483460 0.003023 -0.031230 0.000770 0.999507
1788249886.762400866 0.034572 0.031571 0.483852 0.003050 -0.031290 0.000826 0.999505
1788249886.795756578 0.034087 0.031793 0.482168 0.003094 -0.031223 0.000788 0.999507
1788249886.829112768 0.034287 0.032967 0.483278 0.003274 -0.031235 0.000701 0.999506
1788249886.862461090 0.034436 0.033148 0.483402 0.003145 -0.031307 0.000797 0.999505
1788249886.895799160 0.034303 0.032520 0.484573 0.002677 -0.031448 0.000804 0.999502
1788249886.929136992 0.034489 0.033439 0.483283 0.002626 -0.031829 0.000614 0.999490
1788249886.962474823 0.034426 0.032922 0.480429 0.002669 -0.032163 0.000542 0.999479
1788249886.995812893 0.034572 0.032503 0.477278 0.002750 -0.032309 0.000541 0.999474
1788249887.029150724 0.034270 0.031791 0.473473 0.002959 -0.032050 0.000522 0.999482
1788249887.062487364 0.035535 0.031915 0.469251 0.003179 -0.031607 0.000543 0.999495
1788249887.095825195 0.034532 0.032184 0.464439 0.003377 -0.031005 0.000521 0.999513
1788249887.129162788 0.037095 0.032730 0.460529 0.003679 -0.031251 0.000752 0.999505
1788249887.162500620 0.036596 0.031962 0.457020 0.003517 -0.031357 0.000973 0.999502
1788249887.195838690 0.038282 0.031732 0.453942 0.003045 -0.031321 0.000837 0.999504
1788249887.229176283 0.038177 0.030662 0.451004 0.002675 -0.031304 0.000703 0.999506
1788249887.262513876 0.037413 0.030956 0.447625 0.002678 -0.031563 0.000499 0.999498
1788249887.295851231 0.037260 0.031238 0.443842 0.002826 -0.031786 0.000339 0.999491
1788249887.329188824 0.038510 0.033274 0.442059 0.003157 -0.031785 0.000182 0.999490
1788249887.362526417 0.038545 0.031588 0.435791 0.003088 -0.031201 0.000513 0.999508
1788249887.395864010 0.037172 0.030604 0.429372 0.003134 -0.030507 0.000751 0.999529
1788249887.429201365 0.039549 0.030160 0.425800 0.003473 -0.030896 0.001148 0.999516
1788249887.462538719 0.040763 0.028598 0.421072 0.003455 -0.031093 0.001270 0.999510
1788249887.495874882 0.040426 0.029901 0.418383 0.003209 -0.030968 0.001353 0.999514
1788249887.529212236 0.040055 0.029024 0.415286 0.002865 -0.031052 0.001074 0.999513
1788249887.562549591 0.040506 0.029419 0.412012 0.002800 -0.031368 0.000831 0.999504
1788249887.595886707 0.040215 0.027794 0.408724 0.002529 -0.031804 0.000851 0.999491
1788249887.629224062 0.039540 0.028694 0.404568 0.003046 -0.031890 0.000586 0.999487
1788249887.662561417 0.040386 0.029649 0.400469 0.003432 -0.031919 0.000715 0.999484
1788249887.695898533 0.040828 0.027545 0.394024 0.003267 -0.031699 0.000964 0.999492
1788249887.729235649 0.041090 0.028687 0.390669 0.003326 -0.031464 0.001031 0.999499
1788249887.762572765 0.043747 0.030720 0.389111 0.003454 -0.031385 0.001343 0.999501
1788249887.795909643 0.044758 0.031687 0.385476 0.003584 -0.031470 0.001152 0.999498
1788249887.829246521 0.043502 0.029285 0.381454 0.003281 -0.031536 0.001120 0.999497
1788249887.862585783 0.042687 0.028614 0.378129 0.003101 -0.031607 0.001275 0.999495
1788249887.895927906 0.044079 0.029036 0.376180 0.003142 -0.031791 0.001114 0.999489
1788249887.929270029 0.043130 0.027814 0.371718 0.003059 -0.031688 0.000928 0.999493
1788249887.962611198 0.043204 0.028226 0.366570 0.003311 -0.031528 0.001113 0.999497
1788249887.995953321 0.042055 0.026333 0.360661 0.003145 -0.031406 0.001110 0.999501
1788249888.029295444 0.043173 0.025387 0.356438 0.002896 -0.031327 0.001300 0.999504
1788249888.062637568 0.042176 0.026386 0.351104 0.002967 -0.031002 0.001148 0.999514
1788249888.095980167 0.043302 0.026812 0.347308 0.002922 -0.031122 0.001184 0.999511
1788249888.129322290 0.044320 0.026229 0.345138 0.002586 -0.031572 0.001221 0.999497
1788249888.162664652 0.041056 0.028155 0.337677 0.002849 -0.031715 0.000590 0.999493
1788249888.196007013 0.043947 0.026714 0.336414 0.002699 -0.032368 0.000572 0.999472
1788249888.229349136 0.040710 0.026202 0.330362 0.002853 -0.032266 0.000295 0.999475
1788249888.262691498 0.042176 0.026770 0.327411 0.002638 -0.032574 0.000405 0.999466
1788249888.296034098 0.045290 0.027092 0.325689 0.002282 -0.032643 0.000488 0.999464
1788249888.329376698 0.045062 0.027008 0.321170 0.001862 -0.032486 0.000546 0.999470
1788249888.362718821 0.046290 0.026479 0.317819 0.001263 -0.032742 0.000745 0.999463
1788249888.396060467 0.046257 0.025468 0.313924 0.000507 -0.032711 0.000918 0.999464
1788249888.429403067 0.042893 0.025866 0.306661 0.000674 -0.032207 0.000392 0.999481
1788249888.462745428 0.043566 0.023882 0.300670 0.000732 -0.032184 0.000549 0.999482
1788249888.496088266 0.045840 0.023882 0.295734 0.001083 -0.032325 0.000700 0.999477
1788249888.529430866 0.047749 0.024236 0.290597 0.001171 -0.032137 0.000910 0.999482
1788249888.562773466 0.048884 0.025249 0.286791 0.000842 -0.031681 0.000988 0.999497
1788249888.596116066 0.047831 0.027456 0.280445 0.000860 -0.031571 0.000652 0.999501
1788249888.629458904 0.047168 0.023671 0.274947 0.000396 -0.032202 0.000729 0.999481
1788249888.662801266 0.047734 0.024983 0.270156 0.000466 -0.032628 0.000442 0.999467
1788249888.696144342 0.046995 0.027597 0.266509 0.000895 -0.032375 0.000194 0.999475
1788249888.729486942 0.047306 0.025293 0.260947 0.000798 -0.032289 0.000410 0.999478
1788249888.762830019 0.048511 0.026027 0.256802 0.000540 -0.032942 0.000720 0.999457
1788249888.796172619 0.047556 0.025393 0.252021 0.000412 -0.032945 0.000724 0.999457
1788249888.829514503 0.048502 0.024436 0.246401 0.000078 -0.032635 0.001022 0.999467
1788249888.862854958 0.051406 0.025211 0.245184 -0.000003 -0.032787 0.001053 0.999462
1788249888.896192551 0.050177 0.024709 0.238534 0.000123 -0.032718 0.000981 0.999464
1788249888.929530144 0.051090 0.023894 0.233874 0.000472 -0.032979 0.001016 0.999455
1788249888.962867498 0.050135 0.021769 0.225752 0.000645 -0.032857 0.000981 0.999459
1788249888.996204615 0.052310 0.020878 0.220626 0.000758 -0.032789 0.001447 0.999461
1788249889.029541969 0.052994 0.021133 0.213874 0.001033 -0.032532 0.001372 0.999469
1788249889.062879562 0.053742 0.022355 0.209296 0.001237 -0.032310 0.000993 0.999477
1788249889.096216679 0.052729 0.020177 0.202610 0.001260 -0.032339 0.000768 0.999476
1788249889.129553795 0.050884 0.019842 0.195723 0.001631 -0.032647 0.000585 0.999465
1788249889.162890911 0.051048 0.019290 0.189783 0.002093 -0.032879 0.000525 0.999457
1788249889.196228266 0.052188 0.018467 0.185917 0.002131 -0.032814 0.000486 0.999459
1788249889.229565382 0.053896 0.018083 0.182931 0.001586 -0.032960 0.000911 0.999455
1788249889.262901306 0.055581 0.018727 0.179634 0.001046 -0.033212 0.001277 0.999447
1788249889.296238422 0.054286 0.019757 0.175222 0.000915 -0.033102 0.001004 0.999451
1788249889.329575300 0.053917 0.017394 0.169974 0.000394 -0.033051 0.001226 0.999453
1788249889.362912416 0.053950 0.019485 0.164459 0.000543 -0.033039 0.000788 0.999454
1788249889.396249533 0.054551 0.019109 0.158609 0.000836 -0.032900 0.000848 0.999458
1788249889.429586172 0.055085 0.017620 0.153362 0.001263 -0.032919 0.001129 0.999457
1788249889.462923050 0.054253 0.017333 0.145263 0.001873 -0.032667 0.000737 0.999464
1788249889.496259928 0.057124 0.015416 0.141573 0.001529 -0.032577 0.001072 0.999468
1788249889.529596806 0.057439 0.017261 0.135320 0.001345 -0.032344 0.000844 0.999476
1788249889.562933445 0.056301 0.015744 0.131549 0.001039 -0.032800 0.000961 0.999461
1788249889.596270084 0.055780 0.015116 0.125157 0.001462 -0.033313 0.000860 0.999444
1788249889.629606962 0.055647 0.017662 0.119313 0.002044 -0.033186 0.000446 0.999447
1788249889.662943602 0.056799 0.014948 0.115568 0.001621 -0.032934 0.000596 0.999456
1788249889.696280241 0.056715 0.014642 0.111716 0.001066 -0.032815 0.000702 0.999461
1788249889.729615688 0.057492 0.015324 0.107834 0.000684 -0.033233 0.000868 0.999447
1788249889.762952566 0.057340 0.018101 0.104744 0.000238 -0.033495 0.000744 0.999439
1788249889.796288967 0.060645 0.015674 0.102539 -0.000476 -0.033278 0.001262 0.999445
1788249889.829625368 0.058047 0.015086 0.093605 -0.000227 -0.032663 0.001184 0.999466
1788249889.862962484 0.060062 0.014691 0.088967 0.000371 -0.033131 0.001387 0.999450
1788249889.896299839 0.059668 0.013291 0.081373 0.000969 -0.033156 0.001473 0.999449
1788249889.929637432 0.060753 0.013335 0.075183 0.001254 -0.032683 0.001399 0.999464
1788249889.962975025 0.060060 0.012622 0.068651 0.000989 -0.032101 0.001326 0.999483
1788249889.996312380 0.059443 0.014081 0.063607 0.000912 -0.032372 0.001053 0.999475
1788249890.029649734 0.060818 0.013521 0.060266 0.000946 -0.033463 0.001263 0.999439
1788249890.062987089 0.060713 0.012124 0.053769 0.001159 -0.033541 0.001131 0.999436
1788249890.096324444 0.061628 0.014074 0.048815 0.001664 -0.032994 0.001042 0.999454
1788249890.129662037 0.062294 0.010912 0.043955 0.001316 -0.032790 0.001220 0.999461
1788249890.162998199 0.062861 0.012539 0.041982 0.000973 -0.033115 0.001374 0.999450
1788249890.196335554 0.061249 0.012998 0.035808 0.000681 -0.033288 0.001415 0.999445
1788249890.229672909 0.063049 0.011441 0.034101 -0.000024 -0.033533 0.001613 0.999436
1788249890.263009787 0.062737 0.012309 0.028937 -0.000172 -0.033230 0.001173 0.999447
1788249890.296346903 0.061909 0.012978 0.022143 0.000222 -0.033071 0.001156 0.999452
1788249890.329683781 0.062930 0.011712 0.015994 0.000801 -0.033291 0.001115 0.999445
1788249890.363021135 0.062847 0.011792 0.007230 0.001556 -0.033208 0.001059 0.999447
1788249890.396358252 0.064585 0.009317 0.002846 0.001563 -0.032944 0.001566 0.999455
1788249890.429695129 0.065705 0.009761 -0.002212 0.001310 -0.032595 0.001723 0.999466
1788249890.463032246 0.065737 0.010810 -0.007153 0.001383 -0.032944 0.001320 0.999455
1788249890.496369123 0.065783 0.009013 -0.011738 0.001468 -0.033702 0.001275 0.999430
1788249890.529705763 0.065755 0.008714 -0.017763 0.001895 -0.034006 0.001095 0.999419
1788249890.563042879 0.064949 0.008428 -0.025085 0.002168 -0.033470 0.001156 0.999437
1788249890.596378565 0.065271 0.009066 -0.028824 0.001980 -0.033077 0.001060 0.999450
1788249890.629715681 0.068380 0.008312 -0.029850 0.001366 -0.033413 0.001576 0.999439
1788249890.663052082 0.067721 0.008085 -0.036112 0.001217 -0.033505 0.001542 0.999437
1788249890.696388721 0.068514 0.007352 -0.039097 0.000850 -0.033813 0.001660 0.999426
1788249890.729725599 0.068273 0.008643 -0.042796 0.000629 -0.033675 0.001217 0.999432
1788249890.763062239 0.065762 0.008373 -0.050870 0.000699 -0.033395 0.000941 0.999442
1788249890.796398640 0.067755 0.005598 -0.056410 0.001176 -0.033627 0.000932 0.999433
1788249890.829735279 0.067439 0.006409 -0.064517 0.001876 -0.033354 0.000885 0.999442
1788249890.863072157 0.069555 0.005608 -0.069332 0.001755 -0.033106 0.001206 0.999450
1788249890.896409512 0.068731 0.005427 -0.074920 0.001439 -0.032768 0.001418 0.999461
1788249890.929746866 0.069257 0.006196 -0.079102 0.001186 -0.032904 0.001221 0.999457
1788249890.963083982 0.067711 0.006106 -0.086988 0.001681 -0.033435 0.001053 0.999439
1788249890.996420860 0.067822 0.006266 -0.092277 0.002265 -0.033640 0.000711 0.999431
1788249891.029757977 0.067385 0.004733 -0.098551 0.002426 -0.033393 0.000702 0.999439
1788249891.063094139 0.068792 0.004132 -0.101794 0.002196 -0.033291 0.000826 0.999443
1788249891.096431255 0.068191 0.004455 -0.106757 0.002304 -0.033328 0.001106 0.999441
1788249891.129768372 0.069921 0.003831 -0.107528 0.002325 -0.033511 0.001429 0.999435
1788249891.163105249 0.070245 0.004654 -0.110741 0.002092 -0.033406 0.001284 0.999439
1788249891.196442127 0.070236 0.006083 -0.110553 0.001992 -0.033424 0.000964 0.999439
1788249891.229778767 0.068394 0.005550 -0.114079 0.002129 -0.033403 0.000668 0.999440
1788249891.263115883 0.066184 0.004265 -0.118672 0.002193 -0.033342 0.000373 0.999442
1788249891.296452761 0.066364 0.004185 -0.118090 0.002168 -0.033366 0.000490 0.999441
1788249891.329789400 0.067291 0.003883 -0.117668 0.001985 -0.033339 0.000575 0.999442
1788249891.363126278 0.068999 0.004727 -0.116746 0.001978 -0.033517 0.000760 0.999436
1788249891.396462917 0.069016 0.005364 -0.116239 0.001505 -0.033494 0.000672 0.999438
1788249891.429799795 0.067951 0.004820 -0.120093 0.001569 -0.033376 0.000502 0.999442
1788249891.463136435 0.068347 0.004296 -0.120962 0.002219 -0.033457 0.000299 0.999438
1788249891.496471643 0.067089 0.004371 -0.123493 0.002651 -0.033303 0.000228 0.999442
1788249891.529808521 0.068296 0.003819 -0.124169 0.002342 -0.033475 0.000288 0.999437
1788249891.563144922 0.066908 0.004304 -0.126725 0.002134 -0.033255 0.000272 0.999445
1788249891.596481562 0.068606 0.006317 -0.125573 0.002574 -0.033223 0.000179 0.999445
1788249891.629817963 0.070601 0.005239 -0.122993 0.002732 -0.033431 0.000341 0.999437
1788249891.663154364 0.068365 0.003696 -0.125038 0.002408 -0.033318 0.000431 0.999442
1788249891.696490765 0.068038 0.003235 -0.125457 0.002172 -0.033270 0.000380 0.999444
1788249891.729827166 0.066066 0.002978 -0.127713 0.002143 -0.033080 0.000292 0.999450
1788249891.763163567 0.067591 0.002772 -0.125128 0.002185 -0.033287 0.000286 0.999443
1788249891.796499491 0.067740 0.002940 -0.124773 0.002182 -0.033321 0.000376 0.999442
1788249891.829836130 0.067807 0.004718 -0.122604 0.002215 -0.033279 0.000373 0.999444
1788249891.863175392 0.068551 0.005708 -0.120926 0.002168 -0.033393 0.000323 0.999440
1788249891.896519184 0.067551 0.005726 -0.121907 0.001982 -0.033303 0.000301 0.999443
1788249891.929862976 0.067914 0.006800 -0.121644 0.002179 -0.033314 0.000190 0.999443
1788249891.963205814 0.067820 0.006833 -0.121770 0.002398 -0.033362 0.000125 0.999440
1788249891.996549606 0.067920 0.005173 -0.122033 0.002362 -0.033300 0.000140 0.999443
1788249892.029893398 0.067866 0.004535 -0.122038 0.002293 -0.033310 0.000246 0.999442
1788249892.063237429 0.068109 0.004199 -0.122757 0.002198 -0.033333 0.000272 0.999442
1788249892.096581459 0.067878 0.004645 -0.123460 0.002254 -0.033314 0.000196 0.999442
1788249892.129925489 0.067465 0.005119 -0.123465 0.002339 -0.033303 0.000041 0.999443
1788249892.163269520 0.068377 0.004947 -0.122699 0.002285 -0.033408 0.000308 0.999439
1788249892.196613789 0.066854 0.005407 -0.123482 0.002305 -0.033239 0.000216 0.999445
1788249892.229958057 0.068852 0.005372 -0.120469 0.002214 -0.033423 0.000420 0.999439
1788249892.263302088 0.066808 0.006631 -0.123262 0.002367 -0.033256 0.000030 0.999444
1788249892.296646357 0.066645 0.005509 -0.123953 0.002252 -0.033243 0.000275 0.999445
1788249892.329990625 0.067448 0.006759 -0.123440 0.002489 -0.033319 0.000072 0.999442
1788249892.363335133 0.066459 0.005315 -0.124373 0.002356 -0.033264 0.000126 0.999444
1788249892.396678209 0.068254 0.006670 -0.122518 0.002452 -0.033351 0.000091 0.999441
1788249892.430022717 0.067729 0.004832 -0.123292 0.002280 -0.033280 0.000289 0.999443
1788249892.463367224 0.067813 0.004901 -0.123514 0.002311 -0.033355 0.000246 0.999441
1788249892.496711969 0.069008 0.005714 -0.121061 0.002228 -0.033535 0.000320 0.999435
1788249892.530056477 0.068749 0.005632 -0.121522 0.002217 -0.033435 0.000292 0.999438
1788249892.563401222 0.066973 0.007006 -0.122472 0.002492 -0.033256 0.000071 0.999444
1788249892.596745729 0.067434 0.005986 -0.121730 0.002380 -0.033324 0.000150 0.999442
1788249892.630090714 0.068288 0.007273 -0.120628 0.002485 -0.033344 0.000058 0.999441
1788249892.663435459 0.066723 0.005917 -0.123427 0.002399 -0.033214 0.000042 0.999445
1788249892.696780443 0.067451 0.004571 -0.123326 0.002256 -0.033294 0.000227 0.999443
1788249892.730125189 0.067727 0.005561 -0.122352 0.002296 -0.033379 0.000236 0.999440
1788249892.763470173 0.066269 0.005623 -0.123893 0.002324 -0.033198 0.000141 0.999446
1788249892.796814919 0.068302 0.004550 -0.121925 0.002192 -0.033398 0.000359 0.999440
1788249892.830158949 0.068630 0.004548 -0.121628 0.002196 -0.033437 0.000458 0.999438
1788249892.863501787 0.067497 0.004541 -0.123467 0.002220 -0.033326 0.000372 0.999442
1788249892.896840572 0.068704 0.005010 -0.122228 0.002287 -0.033434 0.000381 0.999438
1788249892.930179119 0.069001 0.004550 -0.121741 0.002243 -0.033461 0.000500 0.999437
1788249892.963518381 0.068655 0.004105 -0.121936 0.002104 -0.033488 0.000447 0.999437
1788249892.996857166 0.069751 0.004103 -0.120211 0.002060 -0.033516 0.000476 0.999436
1788249893.030195713 0.066993 0.003880 -0.123872 0.002170 -0.033300 0.000312 0.999443
1788249893.063534737 0.068888 0.005408 -0.120972 0.002325 -0.033447 0.000293 0.999438
1788249893.096873522 0.068922 0.005331 -0.121395 0.002329 -0.033424 0.000334 0.999439
1788249893.130212545 0.067976 0.005283 -0.122489 0.002324 -0.033364 0.000324 0.999441
1788249893.163551092 0.067793 0.004259 -0.123075 0.002216 -0.033372 0.000451 0.999440
1788249893.196889877 0.067336 0.004482 -0.123148 0.002228 -0.033306 0.000238 0.999443
1788249893.230228662 0.066588 0.006090 -0.123272 0.002423 -0.033267 0.000075 0.999444
