frame,stamp,track_ms,state,no_pose,queue_wait_ms,release_to_done_ms
0,1000.000000,8.251833,2,0,0.036459,8.288292
1,1000.033333,14.543583,2,0,0.017875,14.561458
2,1000.066667,10.034250,2,0,0.013791,10.048041
3,1000.100000,8.182833,2,0,0.012500,8.195333
4,1000.133333,8.164125,2,0,0.009875,8.174000
5,1000.166667,7.943417,2,0,0.007875,7.951292
6,1000.200000,10.344666,2,0,0.028584,10.373250
7,1000.233333,9.890542,2,0,0.014458,9.905000
8,1000.266667,10.128333,2,0,0.017708,10.146041
9,1000.300000,10.639334,2,0,0.011708,10.651042
10,1000.333333,11.262458,2,0,0.026875,11.289333
11,1000.366667,9.986041,2,0,0.013334,9.999375
12,1000.400000,8.697208,2,0,0.014209,8.711417
13,1000.433333,8.810792,2,0,0.011083,8.821875
14,1000.466667,8.457000,2,0,0.016250,8.473250
15,1000.500000,9.638875,2,0,0.032584,9.671459
16,1000.533333,9.756916,2,0,0.029584,9.786500
17,1000.566667,9.914583,2,0,0.034708,9.949291
18,1000.600000,10.153292,2,0,0.009958,10.163250
19,1000.633333,9.823500,2,0,0.014667,9.838167
20,1000.666667,10.489833,2,0,0.031459,10.521292
21,1000.700000,10.080417,2,0,0.015333,10.095750
22,1000.733333,9.925708,2,0,0.020542,9.946250
23,1000.766667,9.765792,2,0,0.026833,9.792625
24,1000.800000,9.783250,2,0,0.020791,9.804041
25,1000.833333,10.817334,2,0,0.032041,10.849375
26,1000.866667,10.230416,2,0,0.023667,10.254083
27,1000.900000,8.520500,2,0,0.009083,8.529583
28,1000.933333,8.244458,2,0,0.014042,8.258500
29,1000.966667,7.575417,2,0,0.011208,7.586625
30,1001.000000,8.161125,2,0,0.032000,8.193125
31,1001.033333,8.601334,2,0,0.017916,8.619250
32,1001.066667,9.255125,2,0,0.040458,9.295583
33,1001.100000,8.191583,2,0,0.009042,8.200625
34,1001.133333,7.857209,2,0,0.014583,7.871792
35,1001.166667,7.980166,2,0,0.012209,7.992375
36,1001.200000,7.918834,2,0,0.048916,7.967750
37,1001.233333,8.512000,2,0,0.030792,8.542792
38,1001.266667,8.846000,2,0,0.014917,8.860917
39,1001.300000,9.536542,2,0,0.030958,9.567500
40,1001.333333,9.674958,2,0,0.024750,9.699708
41,1001.366667,9.819750,2,0,0.027125,9.846875
42,1001.400000,10.645167,2,0,0.040042,10.685209
43,1001.433333,9.625084,2,0,0.016000,9.641084
44,1001.466667,9.685208,2,0,0.030167,9.715375
45,1001.500000,10.213583,2,0,0.025250,10.238833
46,1001.533333,10.406667,2,0,0.027833,10.434500
47,1001.566667,9.553667,2,0,0.017583,9.571250
48,1001.600000,10.106125,2,0,0.034375,10.140500
49,1001.633333,10.220625,2,0,0.012042,10.232667
50,1001.666667,10.218125,2,0,0.011916,10.230041
51,1001.700000,10.083083,2,0,0.010334,10.093417
52,1001.733333,10.328584,2,0,0.020333,10.348917
53,1001.766667,9.822167,2,0,0.026541,9.848708
54,1001.800000,9.892083,2,0,0.009542,9.901625
55,1001.833333,10.022875,2,0,0.021958,10.044833
56,1001.866667,10.003709,2,0,0.022375,10.026084
57,1001.900000,9.488208,2,0,0.024500,9.512708
58,1001.933333,9.719542,2,0,0.015333,9.734875
59,1001.966667,9.846250,2,0,0.032750,9.879000
60,1002.000000,10.381667,2,0,0.019125,10.400792
61,1002.033333,9.637375,2,0,0.017708,9.655083
62,1002.066667,9.547708,2,0,0.028625,9.576333
63,1002.100000,9.861958,2,0,0.013083,9.875041
64,1002.133333,10.036750,2,0,0.038042,10.074792
65,1002.166667,9.924208,2,0,0.020000,9.944208
66,1002.200000,9.846125,2,0,0.021458,9.867583
67,1002.233333,10.115833,2,0,0.035625,10.151458
68,1002.266667,9.875292,2,0,0.018708,9.894000
69,1002.300000,10.101500,2,0,0.019458,10.120958
70,1002.333333,9.644333,2,0,0.021917,9.666250
71,1002.366667,9.889958,2,0,0.013792,9.903750
72,1002.400000,9.062334,2,0,0.015458,9.077792
73,1002.433333,9.036541,2,0,0.026875,9.063416
74,1002.466667,9.022667,2,0,0.039708,9.062375
75,1002.500000,9.347750,2,0,0.035375,9.383125
76,1002.533333,9.097125,2,0,0.021667,9.118792
77,1002.566667,9.205875,2,0,0.021375,9.227250
78,1002.600000,9.447834,2,0,0.022333,9.470167
79,1002.633333,8.365917,2,0,0.013250,8.379167
80,1002.666667,9.219875,2,0,0.029917,9.249792
81,1002.700000,8.957125,2,0,0.026584,8.983709
82,1002.733333,8.595125,2,0,0.020750,8.615875
83,1002.766667,9.314584,2,0,0.015291,9.329875
84,1002.800000,8.749250,2,0,0.023292,8.772542
85,1002.833333,9.417125,2,0,0.014500,9.431625
86,1002.866667,8.532542,2,0,0.028958,8.561500
87,1002.900000,8.728667,2,0,0.007666,8.736333
88,1002.933333,8.559417,2,0,0.018208,8.577625
89,1002.966667,8.696958,2,0,0.014500,8.711458
90,1003.000000,8.507875,2,0,0.018542,8.526417
91,1003.033333,8.674167,2,0,0.008833,8.683000
92,1003.066667,8.731708,2,0,0.019125,8.750833
93,1003.100000,9.097083,2,0,0.014792,9.111875
94,1003.133333,8.126042,2,0,0.018333,8.144375
95,1003.166667,8.858208,2,0,0.027250,8.885458
96,1003.200000,8.441167,2,0,0.023291,8.464458
97,1003.233333,8.592208,2,0,0.019084,8.611292
98,1003.266667,9.579083,2,0,0.020333,9.599416
99,1003.300000,8.826291,2,0,0.026250,8.852541
100,1003.333333,8.588375,2,0,0.016750,8.605125
101,1003.366667,8.202167,2,0,0.011958,8.214125
102,1003.400000,8.494584,2,0,0.017958,8.512542
103,1003.433333,8.042833,2,0,0.021625,8.064458
104,1003.466667,9.115083,2,0,0.017334,9.132417
105,1003.500000,8.293500,2,0,0.012208,8.305708
106,1003.533333,9.288375,2,0,0.051459,9.339834
107,1003.566667,8.450250,2,0,0.016500,8.466750
108,1003.600000,9.055375,2,0,0.020125,9.075500
109,1003.633333,8.555417,2,0,0.035083,8.590500
110,1003.666667,8.838209,2,0,0.020291,8.858500
111,1003.700000,8.619500,2,0,0.013500,8.633000
112,1003.733333,8.286750,2,0,0.025500,8.312250
113,1003.766667,8.549333,2,0,0.022209,8.571542
114,1003.800000,8.942125,2,0,0.022791,8.964916
115,1003.833333,8.441917,2,0,0.022625,8.464542
116,1003.866667,9.045875,2,0,0.019166,9.065041
117,1003.900000,8.520417,2,0,0.014708,8.535125
118,1003.933333,8.605583,2,0,0.034959,8.640542
119,1003.966667,8.639375,2,0,0.015917,8.655292
120,1004.000000,8.821708,2,0,0.015792,8.837500
121,1004.033333,9.332083,2,0,0.033750,9.365833
122,1004.066667,9.138125,2,0,0.017542,9.155667
123,1004.100000,8.709250,2,0,0.026292,8.735542
124,1004.133333,8.017708,2,0,0.013959,8.031667
125,1004.166667,8.569125,2,0,0.015000,8.584125
126,1004.200000,8.627166,2,0,0.018000,8.645166
127,1004.233333,8.235042,2,0,0.025750,8.260792
128,1004.266667,8.183666,2,0,0.024292,8.207958
129,1004.300000,8.399375,2,0,0.011167,8.410542
130,1004.333333,8.974458,2,0,0.033750,9.008208
131,1004.366667,7.803250,2,0,0.013000,7.816250
132,1004.400000,7.948167,2,0,0.019708,7.967875
133,1004.433333,7.946667,2,0,0.013875,7.960542
134,1004.466667,8.563250,2,0,0.023916,8.587166
135,1004.500000,8.441750,2,0,0.013791,8.455541
136,1004.533333,8.360375,2,0,0.036916,8.397291
137,1004.566667,8.968583,2,0,0.023500,8.992083
138,1004.600000,8.699792,2,0,0.017416,8.717208
139,1004.633333,8.978709,2,0,0.016291,8.995000
140,1004.666667,7.866916,2,0,0.041292,7.908208
141,1004.700000,8.331209,2,0,0.019416,8.350625
142,1004.733333,8.265209,2,0,0.017958,8.283167
143,1004.766667,8.529916,2,0,0.032959,8.562875
144,1004.800000,9.054959,2,0,0.011583,9.066542
145,1004.833333,8.527709,2,0,0.018125,8.545834
146,1004.866667,8.364666,2,0,0.032375,8.397041
147,1004.900000,8.853500,2,0,0.018875,8.872375
148,1004.933333,8.566583,2,0,0.029500,8.596083
149,1004.966667,8.965417,2,0,0.028500,8.993917
150,1005.000000,8.304500,2,0,0.011042,8.315542
151,1005.033333,8.810250,2,0,0.013459,8.823709
152,1005.066667,8.802875,2,0,0.029917,8.832792
153,1005.100000,8.880125,2,0,0.027292,8.907417
154,1005.133333,8.741625,2,0,0.015250,8.756875
155,1005.166667,8.674916,2,0,0.033292,8.708208
156,1005.200000,9.565167,2,0,0.013042,9.578209
157,1005.233333,8.993167,2,0,0.023917,9.017084
158,1005.266667,8.893667,2,0,0.029416,8.923083
159,1005.300000,8.820584,2,0,0.027833,8.848417
160,1005.333333,9.014792,2,0,0.016541,9.031333
161,1005.366667,8.448958,2,0,0.018833,8.467791
162,1005.400000,7.672792,2,0,0.015708,7.688500
163,1005.433333,7.085250,2,0,0.035750,7.121000
164,1005.466667,7.847667,2,0,0.029166,7.876833
165,1005.500000,7.879875,2,0,0.012209,7.892084
166,1005.533333,8.242000,2,0,0.031667,8.273667
167,1005.566667,8.480292,2,0,0.032250,8.512542
168,1005.600000,8.341000,2,0,0.016458,8.357458
169,1005.633333,8.447041,2,0,0.025959,8.473000
170,1005.666667,7.649875,2,0,0.025084,7.674959
171,1005.700000,7.615125,2,0,0.014292,7.629417
172,1005.733333,8.389333,2,0,0.015458,8.404791
173,1005.766667,8.823417,2,0,0.034000,8.857417
174,1005.800000,8.670417,2,0,0.016833,8.687250
175,1005.833333,8.563250,2,0,0.014042,8.577292
176,1005.866667,8.770459,2,0,0.012000,8.782459
177,1005.900000,9.324917,2,0,0.025542,9.350459
178,1005.933333,9.188125,2,0,0.010750,9.198875
179,1005.966667,8.555500,2,0,0.010875,8.566375
180,1006.000000,8.387250,2,0,0.017500,8.404750
181,1006.033333,9.044875,2,0,0.012875,9.057750
182,1006.066667,8.667375,2,0,0.011042,8.678417
183,1006.100000,8.432917,2,0,0.014916,8.447833
184,1006.133333,9.328459,2,0,0.019875,9.348334
185,1006.166667,8.779208,2,0,0.014917,8.794125
186,1006.200000,8.627500,2,0,0.011709,8.639209
187,1006.233333,9.348334,2,0,0.028916,9.377250
188,1006.266667,7.902375,2,0,0.010291,7.912666
189,1006.300000,8.045917,2,0,0.035458,8.081375
190,1006.333333,8.102083,2,0,0.015542,8.117625
191,1006.366667,9.073708,2,0,0.010167,9.083875
192,1006.400000,8.584167,2,0,0.037083,8.621250
193,1006.433333,8.651584,2,0,0.018125,8.669709
194,1006.466667,9.034166,2,0,0.021375,9.055541
195,1006.500000,8.111958,2,0,0.016375,8.128333
196,1006.533333,8.645208,2,0,0.035459,8.680667
197,1006.566667,8.851667,2,0,0.017333,8.869000
198,1006.600000,9.332959,2,0,0.018041,9.351000
199,1006.633333,8.730042,2,0,0.022333,8.752375
200,1006.666667,8.769834,2,0,0.018291,8.788125
201,1006.700000,9.052500,2,0,0.035833,9.088333
202,1006.733333,8.615000,2,0,0.023375,8.638375
203,1006.766667,8.628916,2,0,0.018167,8.647083
204,1006.800000,8.573458,2,0,0.021750,8.595208
205,1006.833333,8.874875,2,0,0.035917,8.910792
206,1006.866667,9.477667,2,0,0.012792,9.490459
207,1006.900000,8.438833,2,0,0.012292,8.451125
208,1006.933333,8.903917,2,0,0.013667,8.917584
209,1006.966667,8.982333,2,0,0.027667,9.010000
210,1007.000000,9.096667,2,0,0.013125,9.109792
211,1007.033333,7.131542,2,0,0.010500,7.142042
212,1007.066667,7.346708,2,0,0.011334,7.358042
213,1007.100000,8.192834,2,0,0.038083,8.230917
214,1007.133333,8.281042,2,0,0.011167,8.292209
215,1007.166667,8.838708,2,0,0.020333,8.859041
216,1007.200000,8.721791,2,0,0.019750,8.741541
217,1007.233333,8.843750,2,0,0.023041,8.866791
218,1007.266667,8.829833,2,0,0.041375,8.871208
219,1007.300000,8.747167,2,0,0.011583,8.758750
220,1007.333333,8.802916,2,0,0.018959,8.821875
221,1007.366667,8.565875,2,0,0.015375,8.581250
222,1007.400000,8.811833,2,0,0.017750,8.829583
223,1007.433333,8.379209,2,0,0.024833,8.404042
224,1007.466667,8.489666,2,0,0.010292,8.499958
225,1007.500000,8.783333,2,0,0.012833,8.796166
226,1007.533333,8.703375,2,0,0.015125,8.718500
227,1007.566667,8.635125,2,0,0.034334,8.669459
228,1007.600000,8.223792,2,0,0.022042,8.245834
229,1007.633333,8.342667,2,0,0.021583,8.364250
230,1007.666667,8.852000,2,0,0.027084,8.879084
231,1007.700000,9.031083,2,0,0.021667,9.052750
232,1007.733333,7.777833,2,0,0.011500,7.789333
233,1007.766667,7.779875,2,0,0.025500,7.805375
234,1007.800000,8.804083,2,0,0.016292,8.820375
235,1007.833333,8.901583,2,0,0.023208,8.924791
236,1007.866667,8.747375,2,0,0.014709,8.762084
237,1007.900000,8.299417,2,0,0.025708,8.325125
238,1007.933333,9.056250,2,0,0.010625,9.066875
239,1007.966667,8.920875,2,0,0.032042,8.952917
240,1008.000000,8.653750,2,0,0.010291,8.664041
241,1008.033333,9.099208,2,0,0.017417,9.116625
242,1008.066667,9.055625,2,0,0.049875,9.105500
243,1008.100000,8.633083,2,0,0.017334,8.650417
244,1008.133333,8.882250,2,0,0.019458,8.901708
245,1008.166667,8.870917,2,0,0.021208,8.892125
246,1008.200000,8.606916,2,0,0.032292,8.639208
247,1008.233333,8.546375,2,0,0.022458,8.568833
248,1008.266667,8.899375,2,0,0.023292,8.922667
249,1008.300000,9.309583,2,0,0.027250,9.336833
250,1008.333333,9.092667,2,0,0.024041,9.116708
251,1008.366667,8.755625,2,0,0.018958,8.774583
252,1008.400000,8.784500,2,0,0.014209,8.798709
253,1008.433333,7.213250,2,0,0.025417,7.238667
254,1008.466667,7.650334,2,0,0.035291,7.685625
255,1008.500000,9.005500,2,0,0.029458,9.034958
256,1008.533333,8.762042,2,0,0.065208,8.827250
257,1008.566667,9.155500,2,0,0.027125,9.182625
258,1008.600000,9.481459,2,0,0.027208,9.508667
259,1008.633333,9.496208,2,0,0.025334,9.521542
260,1008.666667,9.457917,2,0,0.027708,9.485625
261,1008.700000,8.621250,2,0,0.015875,8.637125
262,1008.733333,9.220458,2,0,0.019709,9.240167
263,1008.766667,9.093500,2,0,0.015542,9.109042
264,1008.800000,8.877000,2,0,0.033000,8.910000
265,1008.833333,9.148333,2,0,0.020167,9.168500
266,1008.866667,8.860459,2,0,0.008541,8.869000
267,1008.900000,8.895084,2,0,0.020791,8.915875
268,1008.933333,8.331125,2,0,0.020625,8.351750
269,1008.966667,9.139667,2,0,0.029125,9.168792
270,1009.000000,8.579417,2,0,0.013542,8.592959
271,1009.033333,8.260625,2,0,0.010625,8.271250
272,1009.066667,8.910417,2,0,0.009166,8.919583
273,1009.100000,8.290708,2,0,0.015042,8.305750
274,1009.133333,9.135417,2,0,0.021542,9.156959
275,1009.166667,7.772666,2,0,0.021042,7.793708
276,1009.200000,8.319500,2,0,0.034833,8.354333
277,1009.233333,7.944542,2,0,0.022583,7.967125
278,1009.266667,9.176833,2,0,0.016417,9.193250
279,1009.300000,8.919583,2,0,0.028959,8.948542
280,1009.333333,8.831250,2,0,0.015667,8.846917
281,1009.366667,7.828958,2,0,0.010084,7.839042
282,1009.400000,6.913209,2,0,0.012375,6.925584
283,1009.433333,7.159416,2,0,0.015250,7.174666
284,1009.466667,7.184792,2,0,0.030208,7.215000
285,1009.500000,7.631291,2,0,0.026584,7.657875
286,1009.533333,7.676500,2,0,0.022167,7.698667
287,1009.566667,6.949625,2,0,0.013584,6.963209
288,1009.600000,6.856500,2,0,0.012083,6.868583
289,1009.633333,6.527041,2,0,0.024334,6.551375
290,1009.666667,6.594042,2,0,0.026333,6.620375
291,1009.700000,7.347833,2,0,0.035167,7.383000
292,1009.733333,8.594458,2,0,0.027792,8.622250
293,1009.766667,8.521250,2,0,0.013917,8.535167
294,1009.800000,7.214875,2,0,0.012125,7.227000
295,1009.833333,7.542542,2,0,0.020041,7.562583
296,1009.866667,8.139375,2,0,0.026542,8.165917
297,1009.900000,8.114833,2,0,0.011042,8.125875
298,1009.933333,9.230250,2,0,0.019416,9.249666
299,1009.966667,8.679167,2,0,0.016875,8.696042
300,1010.000000,8.876708,2,0,0.022459,8.899167
301,1010.033333,8.734000,2,0,0.012208,8.746208
302,1010.066667,9.307375,2,0,0.017334,9.324709
303,1010.100000,9.409875,2,0,0.030083,9.439958
304,1010.133333,8.916708,2,0,0.019292,8.936000
305,1010.166667,9.101083,2,0,0.019042,9.120125
306,1010.200000,9.274417,2,0,0.025000,9.299417
307,1010.233333,8.992000,2,0,0.031750,9.023750
308,1010.266667,9.195042,2,0,0.018250,9.213292
309,1010.300000,8.867834,2,0,0.024458,8.892292
310,1010.333333,9.051000,2,0,0.030334,9.081334
311,1010.366667,9.080875,2,0,0.009625,9.090500
312,1010.400000,7.648041,2,0,0.016292,7.664333
313,1010.433333,7.873625,2,0,0.012000,7.885625
314,1010.466667,8.082083,2,0,0.032875,8.114958
315,1010.500000,7.522125,2,0,0.015833,7.537958
316,1010.533333,8.419375,2,0,0.021708,8.441083
317,1010.566667,7.967166,2,0,0.010125,7.977291
318,1010.600000,8.821875,2,0,0.041750,8.863625
319,1010.633333,8.926250,2,0,0.042084,8.968334
320,1010.666667,7.951750,2,0,0.016709,7.968459
321,1010.700000,7.031125,2,0,0.016667,7.047792
322,1010.733333,7.914375,2,0,0.024375,7.938750
323,1010.766667,7.704542,2,0,0.019458,7.724000
324,1010.800000,8.649125,2,0,0.013125,8.662250
325,1010.833333,8.549708,2,0,0.015042,8.564750
326,1010.866667,8.865750,2,0,0.024750,8.890500
327,1010.900000,9.432083,2,0,0.011667,9.443750
328,1010.933333,9.264000,2,0,0.009417,9.273417
329,1010.966667,9.171000,2,0,0.014125,9.185125
330,1011.000000,8.709167,2,0,0.019375,8.728542
331,1011.033333,9.078292,2,0,0.027333,9.105625
332,1011.066667,9.277709,2,0,0.027791,9.305500
333,1011.100000,8.821709,2,0,0.025375,8.847084
334,1011.133333,8.404250,2,0,0.023792,8.428042
335,1011.166667,8.784500,2,0,0.014542,8.799042
336,1011.200000,9.004833,2,0,0.037417,9.042250
337,1011.233333,8.202917,2,0,0.010542,8.213459
338,1011.266667,8.919250,2,0,0.030958,8.950208
339,1011.300000,8.452333,2,0,0.027084,8.479417
340,1011.333333,8.699291,2,0,0.018500,8.717791
341,1011.366667,7.665334,2,0,0.013250,7.678584
342,1011.400000,7.027084,2,0,0.038958,7.066042
343,1011.433333,8.015875,2,0,0.014083,8.029958
344,1011.466667,7.798750,2,0,0.016500,7.815250
345,1011.500000,8.275542,2,0,0.030166,8.305708
346,1011.533333,8.471375,2,0,0.014458,8.485833
347,1011.566667,9.012291,2,0,0.035875,9.048166
348,1011.600000,8.660542,2,0,0.017208,8.677750
349,1011.633333,9.387250,2,0,0.011375,9.398625
350,1011.666667,8.639000,2,0,0.023417,8.662417
351,1011.700000,8.731750,2,0,0.007750,8.739500
352,1011.733333,8.685166,2,0,0.015459,8.700625
353,1011.766667,9.125458,2,0,0.010792,9.136250
354,1011.800000,8.810500,2,0,0.024084,8.834584
355,1011.833333,9.163333,2,0,0.017709,9.181042
356,1011.866667,8.938333,2,0,0.013750,8.952083
357,1011.900000,7.638417,2,0,0.010792,7.649209
358,1011.933333,7.424208,2,0,0.011250,7.435458
359,1011.966667,7.908083,2,0,0.023459,7.931542
360,1012.000000,7.701917,2,0,0.019583,7.721500
361,1012.033333,8.645417,2,0,0.025708,8.671125
362,1012.066667,8.612750,2,0,0.021000,8.633750
363,1012.100000,8.562041,2,0,0.009167,8.571208
364,1012.133333,8.814042,2,0,0.028000,8.842042
365,1012.166667,9.181000,2,0,0.010375,9.191375
366,1012.200000,8.836459,2,0,0.016208,8.852667
367,1012.233333,9.415417,2,0,0.014041,9.429458
368,1012.266667,9.319459,2,0,0.012458,9.331917
369,1012.300000,9.866333,2,0,0.016875,9.883208
370,1012.333333,9.461916,2,0,0.013209,9.475125
371,1012.366667,9.522750,2,0,0.020583,9.543333
372,1012.400000,9.276750,2,0,0.020292,9.297042
373,1012.433333,8.903250,2,0,0.011125,8.914375
374,1012.466667,9.254334,2,0,0.021291,9.275625
375,1012.500000,8.914334,2,0,0.017208,8.931542
376,1012.533333,8.647292,2,0,0.013792,8.661084
377,1012.566667,8.537916,2,0,0.011084,8.549000
378,1012.600000,9.253459,2,0,0.014208,9.267667
379,1012.633333,8.934958,2,0,0.014667,8.949625
380,1012.666667,9.133125,2,0,0.010875,9.144000
381,1012.700000,9.224458,2,0,0.024167,9.248625
382,1012.733333,8.436625,2,0,0.012542,8.449167
383,1012.766667,8.487875,2,0,0.015042,8.502917
384,1012.800000,8.995125,2,0,0.012916,9.008041
385,1012.833333,7.646625,2,0,0.010750,7.657375
386,1012.866667,7.042209,2,0,0.011125,7.053334
387,1012.900000,8.010958,2,0,0.023667,8.034625
388,1012.933333,8.606750,2,0,0.017375,8.624125
389,1012.966667,8.597375,2,0,0.014833,8.612208
390,1013.000000,8.641625,2,0,0.025958,8.667583
391,1013.033333,9.380750,2,0,0.010916,9.391666
392,1013.066667,9.463125,2,0,0.018500,9.481625
393,1013.100000,9.397959,2,0,0.015583,9.413542
394,1013.133333,8.849292,2,0,0.020583,8.869875
395,1013.166667,8.766667,2,0,0.026916,8.793583
396,1013.200000,9.233875,2,0,0.022791,9.256666
397,1013.233333,8.586334,2,0,0.023583,8.609917
398,1013.266667,8.611667,2,0,0.007458,8.619125
399,1013.300000,9.031292,2,0,0.017041,9.048333
400,1013.333333,8.824291,2,0,0.013917,8.838208
401,1013.366667,8.898500,2,0,0.013042,8.911542
402,1013.400000,8.669666,2,0,0.038542,8.708208
403,1013.433333,8.858416,2,0,0.013042,8.871458
404,1013.466667,8.775334,2,0,0.021333,8.796667
405,1013.500000,8.755916,2,0,0.021042,8.776958
406,1013.533333,8.383167,2,0,0.010417,8.393584
407,1013.566667,8.848750,2,0,0.010166,8.858916
408,1013.600000,9.172167,2,0,0.035458,9.207625
409,1013.633333,7.891250,2,0,0.012625,7.903875
410,1013.666667,7.410500,2,0,0.014042,7.424542
411,1013.700000,7.823208,2,0,0.010792,7.834000
412,1013.733333,7.946042,2,0,0.034500,7.980542
413,1013.766667,8.358333,2,0,0.014917,8.373250
414,1013.800000,9.814666,2,0,0.017167,9.831833
415,1013.833333,9.306292,2,0,0.008791,9.315083
416,1013.866667,9.272125,2,0,0.018000,9.290125
417,1013.900000,9.640375,2,0,0.018667,9.659042
418,1013.933333,9.457000,2,0,0.020292,9.477292
419,1013.966667,8.506958,2,0,0.013250,8.520208
420,1014.000000,9.183458,2,0,0.028792,9.212250
421,1014.033333,9.052041,2,0,0.016584,9.068625
422,1014.066667,8.912750,2,0,0.008375,8.921125
423,1014.100000,9.629833,2,0,0.012208,9.642041
424,1014.133333,9.137250,2,0,0.014917,9.152167
425,1014.166667,8.839750,2,0,0.022042,8.861792
426,1014.200000,9.355167,2,0,0.015000,9.370167
427,1014.233333,9.361667,2,0,0.019917,9.381584
428,1014.266667,8.776083,2,0,0.024875,8.800958
429,1014.300000,9.008584,2,0,0.022291,9.030875
430,1014.333333,8.868584,2,0,0.026250,8.894834
431,1014.366667,8.954000,2,0,0.016667,8.970667
432,1014.400000,9.885083,2,0,0.026750,9.911833
433,1014.433333,8.127291,2,0,0.011917,8.139208
434,1014.466667,7.315917,2,0,0.014500,7.330417
435,1014.500000,7.907667,2,0,0.018541,7.926208
436,1014.533333,8.224458,2,0,0.036000,8.260458
437,1014.566667,8.456041,2,0,0.031500,8.487541
438,1014.600000,9.036583,2,0,0.022917,9.059500
439,1014.633333,8.265667,2,0,0.015958,8.281625
440,1014.666667,8.656625,2,0,0.015875,8.672500
441,1014.700000,8.931959,2,0,0.013083,8.945042
442,1014.733333,9.383166,2,0,0.016584,9.399750
443,1014.766667,9.595708,2,0,0.012917,9.608625
444,1014.800000,8.691708,2,0,0.021583,8.713291
445,1014.833333,9.466792,2,0,0.020875,9.487667
446,1014.866667,9.430083,2,0,0.025625,9.455708
447,1014.900000,7.626709,2,0,0.024375,7.651084
448,1014.933333,8.719917,2,0,0.025750,8.745667
449,1014.966667,8.230583,2,0,0.018792,8.249375
450,1015.000000,7.913958,2,0,0.016084,7.930042
451,1015.033333,8.354375,2,0,0.017583,8.371958
452,1015.066667,8.877042,2,0,0.016750,8.893792
453,1015.100000,9.124708,2,0,0.011167,9.135875
454,1015.133333,9.003458,2,0,0.036000,9.039458
455,1015.166667,8.933375,2,0,0.015625,8.949000
456,1015.200000,8.771875,2,0,0.016167,8.788042
457,1015.233333,9.392666,2,0,0.010375,9.403041
458,1015.266667,9.735584,2,0,0.010416,9.746000
459,1015.300000,7.905708,2,0,0.010875,7.916583
460,1015.333333,7.622625,2,0,0.011959,7.634584
461,1015.366667,7.534334,2,0,0.031750,7.566084
462,1015.400000,7.514666,2,0,0.012334,7.527000
463,1015.433333,7.571375,2,0,0.020833,7.592208
464,1015.466667,7.739542,2,0,0.020292,7.759834
465,1015.500000,8.260500,2,0,0.021583,8.282083
466,1015.533333,9.187583,2,0,0.016125,9.203708
467,1015.566667,9.160917,2,0,0.019625,9.180542
468,1015.600000,8.011458,2,0,0.014750,8.026208
469,1015.633333,9.617458,2,0,0.022458,9.639916
470,1015.666667,9.629834,2,0,0.015541,9.645375
471,1015.700000,9.143125,2,0,0.017458,9.160583
472,1015.733333,9.493667,2,0,0.017833,9.511500
473,1015.766667,9.350125,2,0,0.017583,9.367708
474,1015.800000,9.106833,2,0,0.017042,9.123875
475,1015.833333,9.375709,2,0,0.021250,9.396959
476,1015.866667,8.977250,2,0,0.029458,9.006708
477,1015.900000,9.201416,2,0,0.027834,9.229250
478,1015.933333,8.545875,2,0,0.013667,8.559542
479,1015.966667,8.597500,2,0,0.008875,8.606375
480,1016.000000,9.326875,2,0,0.030750,9.357625
481,1016.033333,9.061000,2,0,0.019541,9.080541
482,1016.066667,8.937500,2,0,0.012500,8.950000
483,1016.100000,9.085958,2,0,0.011500,9.097458
484,1016.133333,9.134791,2,0,0.014500,9.149291
485,1016.166667,9.534708,2,0,0.013167,9.547875
486,1016.200000,7.786625,2,0,0.014125,7.800750
487,1016.233333,7.700792,2,0,0.011583,7.712375
488,1016.266667,7.875750,2,0,0.006834,7.882584
489,1016.300000,8.891333,2,0,0.029667,8.921000
490,1016.333333,8.631625,2,0,0.028625,8.660250
491,1016.366667,9.231666,2,0,0.015875,9.247541
492,1016.400000,8.642625,2,0,0.014667,8.657292
493,1016.433333,9.187042,2,0,0.016208,9.203250
494,1016.466667,9.699500,2,0,0.029834,9.729334
495,1016.500000,9.406167,2,0,0.034750,9.440917
496,1016.533333,9.311916,2,0,0.055000,9.366916
497,1016.566667,9.647666,2,0,0.037000,9.684666
498,1016.600000,9.341041,2,0,0.033209,9.374250
499,1016.633333,8.855666,2,0,0.015250,8.870916
500,1016.666667,9.966542,2,0,0.019208,9.985750
501,1016.700000,10.350666,2,0,0.021625,10.372291
502,1016.733333,9.817625,2,0,0.037500,9.855125
503,1016.766667,9.127583,2,0,0.026334,9.153917
504,1016.800000,8.875000,2,0,0.024583,8.899583
505,1016.833333,10.091041,2,0,0.018292,10.109333
506,1016.866667,9.408333,2,0,0.023167,9.431500
507,1016.900000,9.105750,2,0,0.026791,9.132541
508,1016.933333,9.017708,2,0,0.010667,9.028375
509,1016.966667,8.849166,2,0,0.014167,8.863333
510,1017.000000,9.026292,2,0,0.018708,9.045000
511,1017.033333,9.031917,2,0,0.012208,9.044125
512,1017.066667,9.555625,2,0,0.010125,9.565750
513,1017.100000,9.083542,2,0,0.014792,9.098334
514,1017.133333,9.033625,2,0,0.048250,9.081875
515,1017.166667,9.590292,2,0,0.029625,9.619917
516,1017.200000,9.546333,2,0,0.041959,9.588292
517,1017.233333,8.600041,2,0,0.012459,8.612500
518,1017.266667,7.825166,2,0,0.016500,7.841666
519,1017.300000,7.058167,2,0,0.035875,7.094042
520,1017.333333,8.178000,2,0,0.030959,8.208959
521,1017.366667,8.762042,2,0,0.034750,8.796792
522,1017.400000,9.074500,2,0,0.019250,9.093750
523,1017.433333,9.325834,2,0,0.021166,9.347000
524,1017.466667,8.986458,2,0,0.013833,9.000291
525,1017.500000,9.211917,2,0,0.014708,9.226625
526,1017.533333,9.215792,2,0,0.030375,9.246167
527,1017.566667,9.408250,2,0,0.015500,9.423750
528,1017.600000,9.922542,2,0,0.027458,9.950000
529,1017.633333,9.244583,2,0,0.019333,9.263916
530,1017.666667,9.072916,2,0,0.023542,9.096458
531,1017.700000,9.852791,2,0,0.015042,9.867833
532,1017.733333,9.636250,2,0,0.032417,9.668667
533,1017.766667,9.154500,2,0,0.021541,9.176041
534,1017.800000,9.313333,2,0,0.020334,9.333667
535,1017.833333,9.042542,2,0,0.025458,9.068000
536,1017.866667,9.123584,2,0,0.023958,9.147542
537,1017.900000,8.391208,2,0,0.013709,8.404917
538,1017.933333,7.247167,2,0,0.011792,7.258959
539,1017.966667,7.684583,2,0,0.010834,7.695417
540,1018.000000,7.982708,2,0,0.011542,7.994250
541,1018.033333,8.754583,2,0,0.028375,8.782958
542,1018.066667,8.395916,2,0,0.010584,8.406500
543,1018.100000,7.607625,2,0,0.012458,7.620083
544,1018.133333,7.543167,2,0,0.019333,7.562500
545,1018.166667,7.884750,2,0,0.039666,7.924416
546,1018.200000,8.277250,2,0,0.014417,8.291667
547,1018.233333,8.453666,2,0,0.013375,8.467041
548,1018.266667,9.111917,2,0,0.014042,9.125959
549,1018.300000,9.007458,2,0,0.029584,9.037042
550,1018.333333,8.969250,2,0,0.028375,8.997625
551,1018.366667,9.181042,2,0,0.012541,9.193583
552,1018.400000,9.393458,2,0,0.014417,9.407875
553,1018.433333,9.110917,2,0,0.014750,9.125667
554,1018.466667,9.678833,2,0,0.017833,9.696666
555,1018.500000,8.755375,2,0,0.021000,8.776375
556,1018.533333,8.678750,2,0,0.012292,8.691042
557,1018.566667,9.602625,2,0,0.021917,9.624542
558,1018.600000,9.224792,2,0,0.026208,9.251000
559,1018.633333,8.793333,2,0,0.016833,8.810166
560,1018.666667,9.377250,2,0,0.023750,9.401000
561,1018.700000,8.957875,2,0,0.022250,8.980125
562,1018.733333,9.538542,2,0,0.024916,9.563458
563,1018.766667,9.020542,2,0,0.015708,9.036250
564,1018.800000,10.116250,2,0,0.027917,10.144167
565,1018.833333,8.366375,2,0,0.011333,8.377708
566,1018.866667,7.856709,2,0,0.012500,7.869209
567,1018.900000,7.752042,2,0,0.035500,7.787542
568,1018.933333,8.619833,2,0,0.038667,8.658500
569,1018.966667,8.224041,2,0,0.027417,8.251458
570,1019.000000,8.143917,2,0,0.019208,8.163125
571,1019.033333,8.477708,2,0,0.013250,8.490958
572,1019.066667,9.353459,2,0,0.017791,9.371250
573,1019.100000,9.452125,2,0,0.021750,9.473875
574,1019.133333,8.705208,2,0,0.023917,8.729125
575,1019.166667,10.039375,2,0,0.040250,10.079625
576,1019.200000,9.741875,2,0,0.045084,9.786959
577,1019.233333,9.546125,2,0,0.033250,9.579375
578,1019.266667,9.118042,2,0,0.029167,9.147209
579,1019.300000,9.322834,2,0,0.026666,9.349500
580,1019.333333,9.064292,2,0,0.018666,9.082958
581,1019.366667,9.608667,2,0,0.021750,9.630417
582,1019.400000,9.232958,2,0,0.020917,9.253875
583,1019.433333,9.430167,2,0,0.009208,9.439375
584,1019.466667,9.119625,2,0,0.011792,9.131417
585,1019.500000,9.302291,2,0,0.019834,9.322125
586,1019.533333,9.528042,2,0,0.016500,9.544542
587,1019.566667,9.127416,2,0,0.021959,9.149375
588,1019.600000,9.312417,2,0,0.024666,9.337083
589,1019.633333,9.259917,2,0,0.012375,9.272292
590,1019.666667,8.060583,2,0,0.013584,8.074167
591,1019.700000,8.114417,2,0,0.039875,8.154292
592,1019.733333,8.130375,2,0,0.021458,8.151833
593,1019.766667,8.418750,2,0,0.015458,8.434208
594,1019.800000,8.663084,2,0,0.024041,8.687125
595,1019.833333,8.369459,2,0,0.020875,8.390334
596,1019.866667,9.332125,2,0,0.013625,9.345750
597,1019.900000,8.956417,2,0,0.033500,8.989917
598,1019.933333,9.129583,2,0,0.021250,9.150833
599,1019.966667,9.500875,2,0,0.014542,9.515417
600,1020.000000,9.229709,2,0,0.024416,9.254125
601,1020.033333,9.206000,2,0,0.013875,9.219875
602,1020.066667,9.280208,2,0,0.020083,9.300291
603,1020.100000,9.275959,2,0,0.013458,9.289417
604,1020.133333,9.433042,2,0,0.011333,9.444375
605,1020.166667,9.381958,2,0,0.012834,9.394792
606,1020.200000,9.104500,2,0,0.014792,9.119292
607,1020.233333,8.968375,2,0,0.013041,8.981416
608,1020.266667,9.634334,2,0,0.008208,9.642542
609,1020.300000,8.099250,2,0,0.012791,8.112041
610,1020.333333,8.058584,2,0,0.012166,8.070750
611,1020.366667,7.726833,2,0,0.043417,7.770250
612,1020.400000,7.492625,2,0,0.012208,7.504833
613,1020.433333,8.381542,2,0,0.039917,8.421459
614,1020.466667,7.919584,2,0,0.023291,7.942875
615,1020.500000,8.546750,2,0,0.011292,8.558042
616,1020.533333,8.581958,2,0,0.025792,8.607750
617,1020.566667,9.206875,2,0,0.024334,9.231209
618,1020.600000,8.904959,2,0,0.014000,8.918959
619,1020.633333,8.994333,2,0,0.013542,9.007875
620,1020.666667,9.202375,2,0,0.022584,9.224959
621,1020.700000,9.042292,2,0,0.020125,9.062417
622,1020.733333,9.517750,2,0,0.023667,9.541417
623,1020.766667,9.391291,2,0,0.016000,9.407291
624,1020.800000,9.136708,2,0,0.015542,9.152250
625,1020.833333,9.050333,2,0,0.008667,9.059000
626,1020.866667,9.551833,2,0,0.023584,9.575417
627,1020.900000,7.830875,2,0,0.012375,7.843250
628,1020.933333,8.001125,2,0,0.014125,8.015250
629,1020.966667,7.995459,2,0,0.016458,8.011917
630,1021.000000,8.045500,2,0,0.015958,8.061458
631,1021.033333,8.558542,2,0,0.027083,8.585625
632,1021.066667,9.069041,2,0,0.025500,9.094541
633,1021.100000,9.013958,2,0,0.037042,9.051000
634,1021.133333,9.635417,2,0,0.011292,9.646709
635,1021.166667,8.865542,2,0,0.014958,8.880500
636,1021.200000,9.756500,2,0,0.016000,9.772500
637,1021.233333,9.891917,2,0,0.032458,9.924375
638,1021.266667,9.060667,2,0,0.021833,9.082500
639,1021.300000,9.784791,2,0,0.019292,9.804083
640,1021.333333,9.876750,2,0,0.012625,9.889375
641,1021.366667,9.001417,2,0,0.012625,9.014042
642,1021.400000,9.455209,2,0,0.017583,9.472792
643,1021.433333,9.509625,2,0,0.022417,9.532042
644,1021.466667,9.992250,2,0,0.046458,10.038708
645,1021.500000,8.929500,2,0,0.011583,8.941083
646,1021.533333,8.116083,2,0,0.017167,8.133250
647,1021.566667,8.205583,2,0,0.021542,8.227125
648,1021.600000,7.844333,2,0,0.022875,7.867208
649,1021.633333,8.700167,2,0,0.014250,8.714417
650,1021.666667,9.641041,2,0,0.020709,9.661750
651,1021.700000,9.486709,2,0,0.013000,9.499709
652,1021.733333,9.447916,2,0,0.022834,9.470750
653,1021.766667,10.198292,2,0,0.017875,10.216167
654,1021.800000,9.107250,2,0,0.013875,9.121125
655,1021.833333,9.406042,2,0,0.009666,9.415708
656,1021.866667,10.369208,2,0,0.011375,10.380583
657,1021.900000,9.760583,2,0,0.015458,9.776041
658,1021.933333,9.696292,2,0,0.009833,9.706125
659,1021.966667,9.707708,2,0,0.025167,9.732875
660,1022.000000,9.079625,2,0,0.020041,9.099666
661,1022.033333,9.483750,2,0,0.008959,9.492709
662,1022.066667,10.011625,2,0,0.030334,10.041959
663,1022.100000,9.317583,2,0,0.017709,9.335292
664,1022.133333,9.379666,2,0,0.029959,9.409625
665,1022.166667,9.784125,2,0,0.034541,9.818666
666,1022.200000,9.453292,2,0,0.041916,9.495208
667,1022.233333,9.770875,2,0,0.022125,9.793000
668,1022.266667,9.231042,2,0,0.022958,9.254000
669,1022.300000,9.716917,2,0,0.018375,9.735292
670,1022.333333,8.974292,2,0,0.029750,9.004042
671,1022.366667,9.846042,2,0,0.027875,9.873917
672,1022.400000,9.482792,2,0,0.032542,9.515334
673,1022.433333,9.506708,2,0,0.014084,9.520792
674,1022.466667,9.657791,2,0,0.027084,9.684875
675,1022.500000,9.525625,2,0,0.024333,9.549958
676,1022.533333,9.637125,2,0,0.024250,9.661375
677,1022.566667,8.515084,2,0,0.011541,8.526625
678,1022.600000,8.170167,2,0,0.012416,8.182583
679,1022.633333,8.522417,2,0,0.014416,8.536833
680,1022.666667,8.424042,2,0,0.028375,8.452417
681,1022.700000,8.336666,2,0,0.009750,8.346416
682,1022.733333,8.470709,2,0,0.012375,8.483084
683,1022.766667,9.488417,2,0,0.033458,9.521875
684,1022.800000,9.753166,2,0,0.039375,9.792541
685,1022.833333,10.046541,2,0,0.022167,10.068708
686,1022.866667,9.586459,2,0,0.014916,9.601375
687,1022.900000,9.749625,2,0,0.021250,9.770875
688,1022.933333,9.358958,2,0,0.027167,9.386125
689,1022.966667,10.280500,2,0,0.032541,10.313041
690,1023.000000,10.231875,2,0,0.022250,10.254125
691,1023.033333,9.447083,2,0,0.025709,9.472792
692,1023.066667,9.841333,2,0,0.053625,9.894958
693,1023.100000,10.152250,2,0,0.033125,10.185375
694,1023.133333,9.553417,2,0,0.031958,9.585375
695,1023.166667,9.761583,2,0,0.013958,9.775541
696,1023.200000,9.563792,2,0,0.012416,9.576208
697,1023.233333,10.324375,2,0,0.032084,10.356459
698,1023.266667,9.818750,2,0,0.017541,9.836291
699,1023.300000,9.870167,2,0,0.025416,9.895583
700,1023.333333,9.730875,2,0,0.014833,9.745708
701,1023.366667,9.601125,2,0,0.015375,9.616500
702,1023.400000,9.615750,2,0,0.037792,9.653542
703,1023.433333,9.558083,2,0,0.020500,9.578583
704,1023.466667,9.494667,2,0,0.016583,9.511250
705,1023.500000,9.555709,2,0,0.022000,9.577709
706,1023.533333,9.279959,2,0,0.015125,9.295084
707,1023.566667,10.566541,2,0,0.035125,10.601666
708,1023.600000,10.090708,2,0,0.010333,10.101041
709,1023.633333,8.901500,2,0,0.014625,8.916125
710,1023.666667,8.917125,2,0,0.015292,8.932417
711,1023.700000,7.971333,2,0,0.012667,7.984000
712,1023.733333,8.214667,2,0,0.018792,8.233459
713,1023.766667,8.810958,2,0,0.013583,8.824541
714,1023.800000,9.319625,2,0,0.022792,9.342417
715,1023.833333,9.281917,2,0,0.018333,9.300250
716,1023.866667,9.345167,2,0,0.033625,9.378792
717,1023.900000,9.470667,2,0,0.035958,9.506625
718,1023.933333,8.814459,2,0,0.018708,8.833167
719,1023.966667,9.731083,2,0,0.013375,9.744458
720,1024.000000,8.769500,2,0,0.015333,8.784833
721,1024.033333,9.396500,2,0,0.020584,9.417084
722,1024.066667,9.522541,2,0,0.012625,9.535166
723,1024.100000,9.387458,2,0,0.023625,9.411083
724,1024.133333,9.193459,2,0,0.054541,9.248000
725,1024.166667,9.471833,2,0,0.012000,9.483833
726,1024.200000,10.051208,2,0,0.020375,10.071583
727,1024.233333,9.363167,2,0,0.039625,9.402792
728,1024.266667,9.516459,2,0,0.023416,9.539875
729,1024.300000,10.071416,2,0,0.010792,10.082208
730,1024.333333,10.051750,2,0,0.026959,10.078709
731,1024.366667,10.590625,2,0,0.015625,10.606250
732,1024.400000,9.095250,2,0,0.019708,9.114958
733,1024.433333,9.364250,2,0,0.027667,9.391917
734,1024.466667,8.340875,2,0,0.015959,8.356834
735,1024.500000,8.931958,2,0,0.044375,8.976333
736,1024.533333,8.801667,2,0,0.015125,8.816792
737,1024.566667,8.755875,2,0,0.015250,8.771125
738,1024.600000,8.838791,2,0,0.013917,8.852708
739,1024.633333,8.830625,2,0,0.019875,8.850500
740,1024.666667,8.709208,2,0,0.010292,8.719500
741,1024.700000,10.328375,2,0,0.015458,10.343833
742,1024.733333,8.887042,2,0,0.012750,8.899792
743,1024.766667,8.206334,2,0,0.014875,8.221209
744,1024.800000,8.108917,2,0,0.014208,8.123125
745,1024.833333,8.095500,2,0,0.015500,8.111000
746,1024.866667,8.046625,2,0,0.015958,8.062583
747,1024.900000,8.725917,2,0,0.030500,8.756417
748,1024.933333,9.071583,2,0,0.018000,9.089583
749,1024.966667,9.687792,2,0,0.020375,9.708167
750,1025.000000,9.362542,2,0,0.024416,9.386958
751,1025.033333,9.351542,2,0,0.026000,9.377542
752,1025.066667,9.281292,2,0,0.016583,9.297875
753,1025.100000,9.284167,2,0,0.031833,9.316000
754,1025.133333,10.217583,2,0,0.016084,10.233667
755,1025.166667,9.026459,2,0,0.027208,9.053667
756,1025.200000,9.213458,2,0,0.018792,9.232250
757,1025.233333,9.478417,2,0,0.009292,9.487709
758,1025.266667,9.311042,2,0,0.014000,9.325042
759,1025.300000,9.488000,2,0,0.023042,9.511042
760,1025.333333,9.816125,2,0,0.007625,9.823750
761,1025.366667,9.486042,2,0,0.012000,9.498042
762,1025.400000,8.368875,2,0,0.013542,8.382417
763,1025.433333,8.234333,2,0,0.039792,8.274125
764,1025.466667,8.318125,2,0,0.017542,8.335667
765,1025.500000,8.157417,2,0,0.016917,8.174334
766,1025.533333,8.995916,2,0,0.015334,9.011250
767,1025.566667,9.367416,2,0,0.030792,9.398208
768,1025.600000,9.162459,2,0,0.013500,9.175959
769,1025.633333,8.674542,2,0,0.021750,8.696292
770,1025.666667,9.259000,2,0,0.030542,9.289542
771,1025.700000,9.302958,2,0,0.020584,9.323542
772,1025.733333,9.166375,2,0,0.015583,9.181958
773,1025.766667,9.730917,2,0,0.029666,9.760583
774,1025.800000,9.171833,2,0,0.012542,9.184375
775,1025.833333,9.208875,2,0,0.014875,9.223750
776,1025.866667,8.445667,2,0,0.013792,8.459459
777,1025.900000,8.400292,2,0,0.041708,8.442000
778,1025.933333,8.454000,2,0,0.021625,8.475625
779,1025.966667,9.345250,2,0,0.014500,9.359750
780,1026.000000,9.101125,2,0,0.012292,9.113417
781,1026.033333,9.153750,2,0,0.029167,9.182917
782,1026.066667,9.249916,2,0,0.015667,9.265583
783,1026.100000,10.309917,2,0,0.057875,10.367792
784,1026.133333,10.032000,2,0,0.013125,10.045125
785,1026.166667,9.523500,2,0,0.021750,9.545250
786,1026.200000,9.948834,2,0,0.026458,9.975292
787,1026.233333,9.555458,2,0,0.011292,9.566750
788,1026.266667,10.185416,2,0,0.026000,10.211416
789,1026.300000,9.477250,2,0,0.022417,9.499667
790,1026.333333,9.491291,2,0,0.019750,9.511041
791,1026.366667,9.633292,2,0,0.035792,9.669084
792,1026.400000,9.696292,2,0,0.016458,9.712750
793,1026.433333,9.568458,2,0,0.025375,9.593833
794,1026.466667,9.965875,2,0,0.037875,10.003750
795,1026.500000,10.155459,2,0,0.032708,10.188167
796,1026.533333,9.043333,2,0,0.023750,9.067083
797,1026.566667,9.262125,2,0,0.023500,9.285625
798,1026.600000,9.132750,2,0,0.027584,9.160334
799,1026.633333,9.355542,2,0,0.049083,9.404625
800,1026.666667,9.234208,2,0,0.025625,9.259833
801,1026.700000,9.409791,2,0,0.026334,9.436125
802,1026.733333,9.063542,2,0,0.016875,9.080417
803,1026.766667,9.368125,2,0,0.016625,9.384750
804,1026.800000,9.589833,2,0,0.019417,9.609250
805,1026.833333,9.872791,2,0,0.041417,9.914208
806,1026.866667,8.812750,2,0,0.017708,8.830458
807,1026.900000,9.187958,2,0,0.032833,9.220791
808,1026.933333,9.365541,2,0,0.036209,9.401750
809,1026.966667,9.484459,2,0,0.018416,9.502875
810,1027.000000,9.628500,2,0,0.013458,9.641958
811,1027.033333,8.379542,2,0,0.013875,8.393417
812,1027.066667,8.206833,2,0,0.013542,8.220375
813,1027.100000,8.183834,2,0,0.020958,8.204792
814,1027.133333,8.066667,2,0,0.022958,8.089625
815,1027.166667,9.440209,2,0,0.032583,9.472792
816,1027.200000,9.130000,2,0,0.026041,9.156041
817,1027.233333,10.083208,2,0,0.012583,10.095791
818,1027.266667,10.013667,2,0,0.011250,10.024917
819,1027.300000,10.360208,2,0,0.021500,10.381708
820,1027.333333,10.324417,2,0,0.016292,10.340709
821,1027.366667,10.231917,2,0,0.013708,10.245625
822,1027.400000,10.232667,2,0,0.026666,10.259333
823,1027.433333,10.291792,2,0,0.020583,10.312375
824,1027.466667,10.047083,2,0,0.027875,10.074958
825,1027.500000,10.397542,2,0,0.023666,10.421208
826,1027.533333,10.126542,2,0,0.022958,10.149500
827,1027.566667,9.634542,2,0,0.020375,9.654917
828,1027.600000,10.854209,2,0,0.020208,10.874417
829,1027.633333,10.773334,2,0,0.016208,10.789542
830,1027.666667,10.020125,2,0,0.023750,10.043875
831,1027.700000,10.517292,2,0,0.018792,10.536084
832,1027.733333,9.424416,2,0,0.016917,9.441333
833,1027.766667,9.963792,2,0,0.026083,9.989875
834,1027.800000,10.457375,2,0,0.017500,10.474875
835,1027.833333,9.913000,2,0,0.023167,9.936167
836,1027.866667,9.833625,2,0,0.017459,9.851084
837,1027.900000,9.390750,2,0,0.037042,9.427792
838,1027.933333,9.136792,2,0,0.009625,9.146417
839,1027.966667,9.609167,2,0,0.015792,9.624959
840,1028.000000,9.764208,2,0,0.037625,9.801833
841,1028.033333,9.750500,2,0,0.016917,9.767417
842,1028.066667,9.491959,2,0,0.016500,9.508459
843,1028.100000,9.843041,2,0,0.017334,9.860375
844,1028.133333,9.934583,2,0,0.025500,9.960083
845,1028.166667,9.729875,2,0,0.015916,9.745791
846,1028.200000,9.184041,2,0,0.018209,9.202250
847,1028.233333,9.633834,2,0,0.034458,9.668292
848,1028.266667,9.755291,2,0,0.013625,9.768916
849,1028.300000,9.517584,2,0,0.020291,9.537875
850,1028.333333,9.463458,2,0,0.018000,9.481458
851,1028.366667,9.587625,2,0,0.017958,9.605583
852,1028.400000,9.435292,2,0,0.015167,9.450459
853,1028.433333,9.519125,2,0,0.014917,9.534042
854,1028.466667,9.311625,2,0,0.013041,9.324666
855,1028.500000,8.976875,2,0,0.012125,8.989000
856,1028.533333,9.826583,2,0,0.027375,9.853958
857,1028.566667,9.032791,2,0,0.016459,9.049250
858,1028.600000,9.114333,2,0,0.012208,9.126541
859,1028.633333,9.480542,2,0,0.014958,9.495500
860,1028.666667,9.291250,2,0,0.022125,9.313375
861,1028.700000,9.641667,2,0,0.036375,9.678042
862,1028.733333,9.658750,2,0,0.035375,9.694125
863,1028.766667,9.761500,2,0,0.024000,9.785500
864,1028.800000,10.005333,2,0,0.029500,10.034833
865,1028.833333,9.036041,2,0,0.012209,9.048250
866,1028.866667,8.619084,2,0,0.016166,8.635250
867,1028.900000,8.613833,2,0,0.017292,8.631125
868,1028.933333,8.104417,2,0,0.039958,8.144375
869,1028.966667,8.335875,2,0,0.016791,8.352666
870,1029.000000,9.114916,2,0,0.038334,9.153250
871,1029.033333,9.560041,2,0,0.014750,9.574791
872,1029.066667,9.808292,2,0,0.013417,9.821709
873,1029.100000,9.435334,2,0,0.009458,9.444792
874,1029.133333,9.726875,2,0,0.013708,9.740583
875,1029.166667,9.685500,2,0,0.019417,9.704917
876,1029.200000,10.059792,2,0,0.027125,10.086917
877,1029.233333,9.688500,2,0,0.032959,9.721459
878,1029.266667,9.741167,2,0,0.015125,9.756292
879,1029.300000,9.625500,2,0,0.019000,9.644500
880,1029.333333,9.709375,2,0,0.014834,9.724209
881,1029.366667,9.856291,2,0,0.024667,9.880958
882,1029.400000,10.116500,2,0,0.015417,10.131917
883,1029.433333,9.716167,2,0,0.013542,9.729709
884,1029.466667,9.778542,2,0,0.030666,9.809208
885,1029.500000,9.639083,2,0,0.015292,9.654375
886,1029.533333,9.167375,2,0,0.015125,9.182500
887,1029.566667,9.782375,2,0,0.043125,9.825500
888,1029.600000,9.239833,2,0,0.012042,9.251875
889,1029.633333,9.025167,2,0,0.013875,9.039042
890,1029.666667,9.130583,2,0,0.022500,9.153083
891,1029.700000,8.575917,2,0,0.016958,8.592875
892,1029.733333,8.771292,2,0,0.011916,8.783208
893,1029.766667,9.100959,2,0,0.021833,9.122792
894,1029.800000,8.865541,2,0,0.010292,8.875833
895,1029.833333,8.469541,2,0,0.013667,8.483208
896,1029.866667,9.553000,2,0,0.035042,9.588042
897,1029.900000,9.458209,2,0,0.015250,9.473459
898,1029.933333,9.156417,2,0,0.014958,9.171375
899,1029.966667,7.787667,2,0,0.035292,7.822959
900,1030.000000,8.252625,2,0,0.008375,8.261000
901,1030.033333,7.972416,2,0,0.017334,7.989750
902,1030.066667,8.858916,2,0,0.009459,8.868375
903,1030.100000,9.249250,2,0,0.031417,9.280667
904,1030.133333,8.849667,2,0,0.020000,8.869667
905,1030.166667,9.644250,2,0,0.014834,9.659084
906,1030.200000,9.035667,2,0,0.013333,9.049000
907,1030.233333,10.416583,2,0,0.023833,10.440416
908,1030.266667,9.802542,2,0,0.025166,9.827708
909,1030.300000,9.505416,2,0,0.029250,9.534666
910,1030.333333,9.505125,2,0,0.013500,9.518625
911,1030.366667,9.572666,2,0,0.053042,9.625708
912,1030.400000,7.886000,2,0,0.017208,7.903208
913,1030.433333,7.364375,2,0,0.015083,7.379458
914,1030.466667,8.366541,2,0,0.014459,8.381000
915,1030.500000,9.603500,2,0,0.032416,9.635916
916,1030.533333,8.185708,2,0,0.038750,8.224458
917,1030.566667,8.773459,2,0,0.014000,8.787459
918,1030.600000,8.678250,2,0,0.016000,8.694250
919,1030.633333,8.408625,2,0,0.033916,8.442541
920,1030.666667,8.293125,2,0,0.018083,8.311208
921,1030.700000,8.422708,2,0,0.014042,8.436750
922,1030.733333,8.748875,2,0,0.011750,8.760625
923,1030.766667,7.378458,2,0,0.013750,7.392208
924,1030.800000,8.538708,2,0,0.016334,8.555042
925,1030.833333,9.078834,2,0,0.032500,9.111334
926,1030.866667,8.100792,2,0,0.014000,8.114792
927,1030.900000,8.106833,2,0,0.014375,8.121208
928,1030.933333,8.019500,2,0,0.026625,8.046125
929,1030.966667,7.786292,2,0,0.027375,7.813667
930,1031.000000,8.359959,2,0,0.010541,8.370500
931,1031.033333,7.919875,2,0,0.022875,7.942750
932,1031.066667,8.724958,2,0,0.013750,8.738708
933,1031.100000,8.705083,2,0,0.013292,8.718375
934,1031.133333,8.036250,2,0,0.018250,8.054500
935,1031.166667,7.872458,2,0,0.026208,7.898666
936,1031.200000,8.264000,2,0,0.011417,8.275417
937,1031.233333,8.720208,2,0,0.035875,8.756083
938,1031.266667,9.548458,2,0,0.043084,9.591542
939,1031.300000,8.927625,2,0,0.014375,8.942000
940,1031.333333,8.922083,2,0,0.023167,8.945250
941,1031.366667,9.116292,2,0,0.020208,9.136500
942,1031.400000,8.728125,2,0,0.014625,8.742750
943,1031.433333,9.129000,2,0,0.016209,9.145209
944,1031.466667,8.749042,2,0,0.035541,8.784583
945,1031.500000,9.020292,2,0,0.023125,9.043417
946,1031.533333,8.602042,2,0,0.009292,8.611334
947,1031.566667,8.920292,2,0,0.037458,8.957750
948,1031.600000,8.352667,2,0,0.023125,8.375792
949,1031.633333,8.729250,2,0,0.012958,8.742208
950,1031.666667,8.874542,2,0,0.009667,8.884209
951,1031.700000,8.516875,2,0,0.031083,8.547958
952,1031.733333,8.296250,2,0,0.014375,8.310625
953,1031.766667,8.879125,2,0,0.018667,8.897792
954,1031.800000,8.687042,2,0,0.025041,8.712083
955,1031.833333,8.475000,2,0,0.019125,8.494125
956,1031.866667,8.316667,2,0,0.018625,8.335292
957,1031.900000,8.891166,2,0,0.013834,8.905000
958,1031.933333,8.448875,2,0,0.017167,8.466042
959,1031.966667,9.153541,2,0,0.027875,9.181416
960,1032.000000,8.957500,2,0,0.033417,8.990917
961,1032.033333,8.961000,2,0,0.020709,8.981709
962,1032.066667,8.162667,2,0,0.029250,8.191917
963,1032.100000,8.677667,2,0,0.012791,8.690458
964,1032.133333,8.259625,2,0,0.023167,8.282792
965,1032.166667,8.436250,2,0,0.030667,8.466917
966,1032.200000,7.931834,2,0,0.010875,7.942709
967,1032.233333,8.638958,2,0,0.025584,8.664542
968,1032.266667,7.966084,2,0,0.015583,7.981667
969,1032.300000,8.215875,2,0,0.021250,8.237125
970,1032.333333,8.100125,2,0,0.010458,8.110583
971,1032.366667,8.379625,2,0,0.027208,8.406833
972,1032.400000,8.175916,2,0,0.018292,8.194208
973,1032.433333,8.072041,2,0,0.027084,8.099125
974,1032.466667,8.428250,2,0,0.030166,8.458416
975,1032.500000,8.117541,2,0,0.015959,8.133500
976,1032.533333,7.958667,2,0,0.029667,7.988334
977,1032.566667,8.941875,2,0,0.020209,8.962084
978,1032.600000,8.547750,2,0,0.023792,8.571542
979,1032.633333,7.763208,2,0,0.039625,7.802833
980,1032.666667,8.638708,2,0,0.034167,8.672875
981,1032.700000,8.481917,2,0,0.012708,8.494625
982,1032.733333,7.257875,2,0,0.044958,7.302833
983,1032.766667,7.640958,2,0,0.012250,7.653208
984,1032.800000,8.316375,2,0,0.019583,8.335958
985,1032.833333,8.056375,2,0,0.012458,8.068833
986,1032.866667,8.563958,2,0,0.035042,8.599000
987,1032.900000,9.146750,2,0,0.011083,9.157833
988,1032.933333,9.617000,2,0,0.015708,9.632708
989,1032.966667,8.491166,2,0,0.012375,8.503541
990,1033.000000,8.838750,2,0,0.027375,8.866125
991,1033.033333,8.917792,2,0,0.018833,8.936625
992,1033.066667,7.588792,2,0,0.042041,7.630833
993,1033.100000,7.944917,2,0,0.009500,7.954417
994,1033.133333,7.806125,2,0,0.022750,7.828875
995,1033.166667,8.667708,2,0,0.029167,8.696875
996,1033.200000,8.567208,2,0,0.012500,8.579708
997,1033.233333,8.717250,2,0,0.023667,8.740917
998,1033.266667,8.939709,2,0,0.028541,8.968250
999,1033.300000,8.453500,2,0,0.027958,8.481458
1000,1033.333333,9.024875,2,0,0.020792,9.045667
1001,1033.366667,8.189125,2,0,0.025250,8.214375
1002,1033.400000,8.727292,2,0,0.012125,8.739417
1003,1033.433333,8.279209,2,0,0.021541,8.300750
1004,1033.466667,8.034417,2,0,0.016250,8.050667
1005,1033.500000,7.564667,2,0,0.022833,7.587500
1006,1033.533333,7.869334,2,0,0.021958,7.891292
1007,1033.566667,8.052458,2,0,0.034584,8.087042
1008,1033.600000,7.927833,2,0,0.069083,7.996916
1009,1033.633333,8.604542,2,0,0.019708,8.624250
1010,1033.666667,8.148625,2,0,0.025167,8.173792
1011,1033.700000,7.868208,2,0,0.016667,7.884875
1012,1033.733333,8.476625,2,0,0.021625,8.498250
1013,1033.766667,7.988458,2,0,0.016125,8.004583
1014,1033.800000,8.026334,2,0,0.013416,8.039750
1015,1033.833333,6.642416,2,0,0.011459,6.653875
1016,1033.866667,8.407500,2,0,0.043083,8.450583
1017,1033.900000,8.216042,2,0,0.011958,8.228000
1018,1033.933333,8.430167,2,0,0.011708,8.441875
1019,1033.966667,8.269375,2,0,0.011500,8.280875
1020,1034.000000,6.847125,2,0,0.012125,6.859250
1021,1034.033333,7.587625,2,0,0.030750,7.618375
1022,1034.066667,7.774250,2,0,0.030541,7.804791
1023,1034.100000,9.111667,2,0,0.011333,9.123000
1024,1034.133333,8.551625,2,0,0.015042,8.566667
1025,1034.166667,8.535583,2,0,0.025542,8.561125
1026,1034.200000,8.645667,2,0,0.024750,8.670417
1027,1034.233333,9.045084,2,0,0.012208,9.057292
1028,1034.266667,8.874500,2,0,0.030042,8.904542
1029,1034.300000,8.980083,2,0,0.016625,8.996708
1030,1034.333333,8.990292,2,0,0.013000,9.003292
1031,1034.366667,8.814500,2,0,0.014625,8.829125
1032,1034.400000,8.546709,2,0,0.014041,8.560750
1033,1034.433333,8.332792,2,0,0.028292,8.361084
1034,1034.466667,8.124542,2,0,0.024792,8.149334
1035,1034.500000,8.408416,2,0,0.016792,8.425208
1036,1034.533333,8.407500,2,0,0.033666,8.441166
1037,1034.566667,7.987417,2,0,0.020583,8.008000
1038,1034.600000,8.485750,2,0,0.014959,8.500709
1039,1034.633333,7.928708,2,0,0.013667,7.942375
1040,1034.666667,7.960083,2,0,0.021917,7.982000
1041,1034.700000,8.012416,2,0,0.014250,8.026666
1042,1034.733333,7.725625,2,0,0.032459,7.758084
1043,1034.766667,8.242208,2,0,0.010125,8.252333
1044,1034.800000,8.324458,2,0,0.032667,8.357125
1045,1034.833333,8.183000,2,0,0.017208,8.200208
1046,1034.866667,7.832750,2,0,0.020458,7.853208
1047,1034.900000,7.619666,2,0,0.028334,7.648000
1048,1034.933333,7.501292,2,0,0.021500,7.522792
1049,1034.966667,7.938416,2,0,0.023834,7.962250
1050,1035.000000,8.018583,2,0,0.037542,8.056125
1051,1035.033333,7.815292,2,0,0.039875,7.855167
1052,1035.066667,8.068000,2,0,0.033334,8.101334
1053,1035.100000,7.823584,2,0,0.024833,7.848417
1054,1035.133333,8.256333,2,0,0.011875,8.268208
1055,1035.166667,7.475042,2,0,0.030708,7.505750
1056,1035.200000,8.096667,2,0,0.021042,8.117709
1057,1035.233333,8.149667,2,0,0.016542,8.166209
1058,1035.266667,8.306666,2,0,0.012709,8.319375
1059,1035.300000,7.172125,2,0,0.011500,7.183625
1060,1035.333333,7.051375,2,0,0.024334,7.075709
1061,1035.366667,8.502125,2,0,0.022958,8.525083
1062,1035.400000,8.111541,2,0,0.011750,8.123291
1063,1035.433333,7.423292,2,0,0.040625,7.463917
1064,1035.466667,7.620792,2,0,0.014416,7.635208
1065,1035.500000,7.962000,2,0,0.014125,7.976125
1066,1035.533333,8.988916,2,0,0.022500,9.011416
1067,1035.566667,8.036292,2,0,0.017625,8.053917
1068,1035.600000,8.379208,2,0,0.009875,8.389083
1069,1035.633333,8.500708,2,0,0.023458,8.524166
1070,1035.666667,8.140208,2,0,0.021250,8.161458
1071,1035.700000,8.597083,2,0,0.015792,8.612875
1072,1035.733333,8.541583,2,0,0.028125,8.569708
1073,1035.766667,7.932875,2,0,0.012542,7.945417
1074,1035.800000,7.997250,2,0,0.029042,8.026292
1075,1035.833333,8.747667,2,0,0.030583,8.778250
1076,1035.866667,8.553792,2,0,0.023458,8.577250
1077,1035.900000,8.604750,2,0,0.016708,8.621458
1078,1035.933333,8.199542,2,0,0.031833,8.231375
1079,1035.966667,8.250375,2,0,0.015834,8.266209
1080,1036.000000,8.491791,2,0,0.022084,8.513875
1081,1036.033333,8.510417,2,0,0.032875,8.543292
1082,1036.066667,8.438042,2,0,0.013708,8.451750
1083,1036.100000,6.755875,2,0,0.019292,6.775167
1084,1036.133333,7.100750,2,0,0.029292,7.130042
1085,1036.166667,7.759625,2,0,0.016000,7.775625
1086,1036.200000,8.019208,2,0,0.020667,8.039875
1087,1036.233333,7.771500,2,0,0.027667,7.799167
1088,1036.266667,8.004834,2,0,0.021041,8.025875
1089,1036.300000,7.791000,2,0,0.037208,7.828208
1090,1036.333333,8.501500,2,0,0.014041,8.515541
1091,1036.366667,8.566709,2,0,0.012583,8.579292
1092,1036.400000,8.413667,2,0,0.020625,8.434292
1093,1036.433333,7.817875,2,0,0.019917,7.837792
1094,1036.466667,7.640625,2,0,0.011417,7.652042
1095,1036.500000,7.793041,2,0,0.019667,7.812708
1096,1036.533333,8.557792,2,0,0.021083,8.578875
1097,1036.566667,7.176542,2,0,0.012917,7.189459
1098,1036.600000,6.977250,2,0,0.023958,7.001208
1099,1036.633333,7.323209,2,0,0.010791,7.334000
1100,1036.666667,8.471125,2,0,0.025167,8.496292
1101,1036.700000,8.124709,2,0,0.024500,8.149209
1102,1036.733333,8.379417,2,0,0.036708,8.416125
1103,1036.766667,7.934542,2,0,0.011542,7.946084
1104,1036.800000,8.965458,2,0,0.018708,8.984166
1105,1036.833333,7.574208,2,0,0.014417,7.588625
1106,1036.866667,8.097500,2,0,0.035250,8.132750
1107,1036.900000,9.035417,2,0,0.021625,9.057042
1108,1036.933333,8.408333,2,0,0.037417,8.445750
1109,1036.966667,8.132542,2,0,0.026291,8.158833
1110,1037.000000,8.352250,2,0,0.021458,8.373708
1111,1037.033333,8.401792,2,0,0.017416,8.419208
1112,1037.066667,7.068583,2,0,0.012542,7.081125
1113,1037.100000,6.947791,2,0,0.029959,6.977750
1114,1037.133333,7.277791,2,0,0.022584,7.300375
1115,1037.166667,7.564416,2,0,0.022209,7.586625
1116,1037.200000,7.642958,2,0,0.024167,7.667125
1117,1037.233333,7.985000,2,0,0.012625,7.997625
1118,1037.266667,8.639084,2,0,0.015958,8.655042
1119,1037.300000,8.177458,2,0,0.046000,8.223458
1120,1037.333333,8.572625,2,0,0.014458,8.587083
1121,1037.366667,8.098625,2,0,0.028542,8.127167
1122,1037.400000,7.844041,2,0,0.015167,7.859208
1123,1037.433333,8.168042,2,0,0.012875,8.180917
1124,1037.466667,7.673834,2,0,0.013375,7.687209
1125,1037.500000,8.274333,2,0,0.015417,8.289750
1126,1037.533333,7.992500,2,0,0.021541,8.014041
1127,1037.566667,8.429833,2,0,0.023125,8.452958
1128,1037.600000,7.924125,2,0,0.024167,7.948292
1129,1037.633333,8.040166,2,0,0.026250,8.066416
1130,1037.666667,7.945792,2,0,0.028291,7.974083
1131,1037.700000,8.149625,2,0,0.023584,8.173209
1132,1037.733333,8.450834,2,0,0.011583,8.462417
1133,1037.766667,7.642625,2,0,0.009958,7.652583
1134,1037.800000,7.310042,2,0,0.032125,7.342167
1135,1037.833333,7.841416,2,0,0.021042,7.862458
1136,1037.866667,8.060125,2,0,0.018833,8.078958
1137,1037.900000,8.920000,2,0,0.014042,8.934042
1138,1037.933333,8.364083,2,0,0.022250,8.386333
1139,1037.966667,9.103125,2,0,0.009708,9.112833
1140,1038.000000,8.436917,2,0,0.010958,8.447875
1141,1038.033333,8.623500,2,0,0.018875,8.642375
1142,1038.066667,8.633334,2,0,0.034375,8.667709
1143,1038.100000,8.882625,2,0,0.011750,8.894375
1144,1038.133333,8.319459,2,0,0.017333,8.336792
1145,1038.166667,9.248083,2,0,0.021542,9.269625
1146,1038.200000,8.673083,2,0,0.013125,8.686208
1147,1038.233333,7.599167,2,0,0.013291,7.612458
1148,1038.266667,7.070000,2,0,0.017667,7.087667
1149,1038.300000,7.338458,2,0,0.009292,7.347750
1150,1038.333333,8.313417,2,0,0.010041,8.323458
1151,1038.366667,8.446833,2,0,0.027167,8.474000
1152,1038.400000,8.528500,2,0,0.018792,8.547292
1153,1038.433333,8.722291,2,0,0.009000,8.731291
1154,1038.466667,8.702084,2,0,0.021083,8.723167
1155,1038.500000,8.673083,2,0,0.017875,8.690958
1156,1038.533333,8.385708,2,0,0.009458,8.395166
1157,1038.566667,8.951375,2,0,0.024667,8.976042
1158,1038.600000,7.287417,2,0,0.013083,7.300500
1159,1038.633333,7.395083,2,0,0.010583,7.405666
1160,1038.666667,7.506625,2,0,0.018000,7.524625
1161,1038.700000,7.738833,2,0,0.026167,7.765000
1162,1038.733333,8.295584,2,0,0.022791,8.318375
1163,1038.766667,8.477583,2,0,0.019042,8.496625
1164,1038.800000,8.901916,2,0,0.016084,8.918000
1165,1038.833333,8.410292,2,0,0.014791,8.425083
1166,1038.866667,9.528041,2,0,0.015542,9.543583
1167,1038.900000,9.301375,2,0,0.016167,9.317542
1168,1038.933333,7.510458,2,0,0.016334,7.526792
1169,1038.966667,7.277125,2,0,0.012625,7.289750
1170,1039.000000,7.670209,2,0,0.038083,7.708292
1171,1039.033333,8.122041,2,0,0.019542,8.141583
1172,1039.066667,8.565334,2,0,0.039666,8.605000
1173,1039.100000,8.209875,2,0,0.012458,8.222333
1174,1039.133333,8.085042,2,0,0.015875,8.100917
1175,1039.166667,8.677125,2,0,0.023584,8.700709
1176,1039.200000,8.737708,2,0,0.016833,8.754541
1177,1039.233333,8.267458,2,0,0.027625,8.295083
1178,1039.266667,9.080250,2,0,0.026417,9.106667
1179,1039.300000,8.204542,2,0,0.012250,8.216792
1180,1039.333333,7.539542,2,0,0.010625,7.550167
1181,1039.366667,7.098167,2,0,0.018416,7.116583
1182,1039.400000,8.355083,2,0,0.025750,8.380833
1183,1039.433333,8.090417,2,0,0.032875,8.123292
1184,1039.466667,9.134417,2,0,0.033583,9.168000
1185,1039.500000,9.126125,2,0,0.015375,9.141500
1186,1039.533333,9.144292,2,0,0.033292,9.177584
1187,1039.566667,9.402541,2,0,0.018042,9.420583
1188,1039.600000,9.138750,2,0,0.023000,9.161750
1189,1039.633333,9.203458,2,0,0.012042,9.215500
1190,1039.666667,9.373417,2,0,0.016916,9.390333
1191,1039.700000,8.851667,2,0,0.012458,8.864125
1192,1039.733333,9.010625,2,0,0.013916,9.024541
1193,1039.766667,8.838666,2,0,0.029209,8.867875
1194,1039.800000,8.650750,2,0,0.022917,8.673667
1195,1039.833333,9.337833,2,0,0.017583,9.355416
1196,1039.866667,8.852292,2,0,0.010666,8.862958
1197,1039.900000,8.754334,2,0,0.016916,8.771250
1198,1039.933333,9.172042,2,0,0.013333,9.185375
1199,1039.966667,8.835458,2,0,0.010333,8.845791
1200,1040.000000,9.051375,2,0,0.015666,9.067041
1201,1040.033333,8.554625,2,0,0.030000,8.584625
1202,1040.066667,9.202458,2,0,0.018084,9.220542
1203,1040.100000,8.153459,2,0,0.013291,8.166750
1204,1040.133333,7.429500,2,0,0.012167,7.441667
1205,1040.166667,7.650042,2,0,0.020958,7.671000
1206,1040.200000,8.539667,2,0,0.026500,8.566167
1207,1040.233333,8.478125,2,0,0.010791,8.488916
1208,1040.266667,8.897250,2,0,0.009500,8.906750
1209,1040.300000,9.283083,2,0,0.026417,9.309500
1210,1040.333333,8.917792,2,0,0.036250,8.954042
1211,1040.366667,9.253708,2,0,0.014500,9.268208
1212,1040.400000,8.089833,2,0,0.012375,8.102208
1213,1040.433333,7.396958,2,0,0.016917,7.413875
1214,1040.466667,7.655208,2,0,0.026334,7.681542
1215,1040.500000,7.730500,2,0,0.034291,7.764791
1216,1040.533333,9.122875,2,0,0.026916,9.149791
1217,1040.566667,8.250541,2,0,0.009959,8.260500
1218,1040.600000,7.571125,2,0,0.013209,7.584334
1219,1040.633333,7.512333,2,0,0.009917,7.522250
1220,1040.666667,7.661292,2,0,0.030375,7.691667
1221,1040.700000,8.399875,2,0,0.017709,8.417584
1222,1040.733333,8.445792,2,0,0.020750,8.466542
1223,1040.766667,9.594542,2,0,0.016583,9.611125
1224,1040.800000,9.248000,2,0,0.013375,9.261375
1225,1040.833333,9.283500,2,0,0.024750,9.308250
1226,1040.866667,8.879292,2,0,0.060041,8.939333
1227,1040.900000,8.867875,2,0,0.022375,8.890250
1228,1040.933333,9.467834,2,0,0.031375,9.499209
1229,1040.966667,7.635083,2,0,0.011584,7.646667
1230,1041.000000,7.773625,2,0,0.010375,7.784000
1231,1041.033333,7.541250,2,0,0.019833,7.561083
1232,1041.066667,7.662417,2,0,0.035125,7.697542
1233,1041.100000,9.087417,2,0,0.027292,9.114709
1234,1041.133333,9.090666,2,0,0.019625,9.110291
1235,1041.166667,8.877708,2,0,0.044375,8.922083
1236,1041.200000,8.744208,2,0,0.012125,8.756333
1237,1041.233333,8.882167,2,0,0.013958,8.896125
1238,1041.266667,8.657667,2,0,0.013916,8.671583
1239,1041.300000,8.825750,2,0,0.012375,8.838125
1240,1041.333333,9.163041,2,0,0.016834,9.179875
1241,1041.366667,9.616875,2,0,0.011917,9.628792
1242,1041.400000,8.629083,2,0,0.025583,8.654666
1243,1041.433333,8.755542,2,0,0.022666,8.778208
1244,1041.466667,9.000208,2,0,0.014042,9.014250
1245,1041.500000,8.339958,2,0,0.019459,8.359417
1246,1041.533333,8.751791,2,0,0.016417,8.768208
1247,1041.566667,8.886875,2,0,0.014042,8.900917
1248,1041.600000,8.376458,2,0,0.011542,8.388000
1249,1041.633333,8.801292,2,0,0.011666,8.812958
1250,1041.666667,7.669083,2,0,0.007958,7.677041
1251,1041.700000,7.313542,2,0,0.010750,7.324292
1252,1041.733333,7.486458,2,0,0.009792,7.496250
1253,1041.766667,8.078708,2,0,0.041000,8.119708
1254,1041.800000,7.871250,2,0,0.016208,7.887458
1255,1041.833333,8.813792,2,0,0.018792,8.832584
1256,1041.866667,8.460333,2,0,0.013334,8.473667
1257,1041.900000,9.093375,2,0,0.036875,9.130250
1258,1041.933333,8.848500,2,0,0.040500,8.889000
1259,1041.966667,8.925333,2,0,0.014209,8.939542
1260,1042.000000,9.316042,2,0,0.013625,9.329667
1261,1042.033333,8.783834,2,0,0.022750,8.806584
1262,1042.066667,8.892833,2,0,0.028708,8.921541
1263,1042.100000,8.887375,2,0,0.035083,8.922458
1264,1042.133333,7.309084,2,0,0.019875,7.328959
1265,1042.166667,8.250333,2,0,0.025083,8.275416
1266,1042.200000,7.947959,2,0,0.020750,7.968709
1267,1042.233333,8.562417,2,0,0.013458,8.575875
1268,1042.266667,8.620875,2,0,0.027125,8.648000
1269,1042.300000,8.617958,2,0,0.034875,8.652833
1270,1042.333333,9.031708,2,0,0.016917,9.048625
1271,1042.366667,8.789958,2,0,0.028125,8.818083
1272,1042.400000,8.944625,2,0,0.024542,8.969167
1273,1042.433333,9.265375,2,0,0.030250,9.295625
1274,1042.466667,9.169542,2,0,0.014625,9.184167
1275,1042.500000,8.897291,2,0,0.014500,8.911791
1276,1042.533333,8.676500,2,0,0.021875,8.698375
1277,1042.566667,8.504375,2,0,0.014459,8.518834
1278,1042.600000,8.591500,2,0,0.015667,8.607167
1279,1042.633333,7.990667,2,0,0.011292,8.001959
1280,1042.666667,7.629208,2,0,0.013417,7.642625
1281,1042.700000,6.848959,2,0,0.011000,6.859959
1282,1042.733333,7.372208,2,0,0.029250,7.401458
1283,1042.766667,8.061167,2,0,0.034333,8.095500
1284,1042.800000,8.175458,2,0,0.037959,8.213417
1285,1042.833333,8.692625,2,0,0.034167,8.726792
1286,1042.866667,8.376584,2,0,0.023166,8.399750
1287,1042.900000,8.182708,2,0,0.013167,8.195875
1288,1042.933333,8.780833,2,0,0.036417,8.817250
1289,1042.966667,9.056000,2,0,0.013666,9.069666
1290,1043.000000,8.633084,2,0,0.018708,8.651792
1291,1043.033333,8.803708,2,0,0.017917,8.821625
1292,1043.066667,9.091709,2,0,0.013791,9.105500
1293,1043.100000,9.361000,2,0,0.013125,9.374125
1294,1043.133333,8.678958,2,0,0.013625,8.692583
1295,1043.166667,8.608666,2,0,0.030084,8.638750
1296,1043.200000,8.361209,2,0,0.013875,8.375084
1297,1043.233333,9.148458,2,0,0.037459,9.185917
1298,1043.266667,8.660167,2,0,0.026000,8.686167
1299,1043.300000,9.242750,2,0,0.013875,9.256625
1300,1043.333333,9.414916,2,0,0.025917,9.440833
1301,1043.366667,9.040125,2,0,0.017000,9.057125
1302,1043.400000,9.074125,2,0,0.012000,9.086125
1303,1043.433333,8.076125,2,0,0.012375,8.088500
1304,1043.466667,6.704917,2,0,0.011375,6.716292
1305,1043.500000,7.003750,2,0,0.030666,7.034416
1306,1043.533333,7.844916,2,0,0.020959,7.865875
1307,1043.566667,7.829125,2,0,0.024792,7.853917
1308,1043.600000,8.580334,2,0,0.022208,8.602542
1309,1043.633333,8.883917,2,0,0.024500,8.908417
1310,1043.666667,8.542375,2,0,0.042750,8.585125
1311,1043.700000,8.856041,2,0,0.034959,8.891000
1312,1043.733333,9.054000,2,0,0.019625,9.073625
1313,1043.766667,8.685375,2,0,0.026459,8.711834
1314,1043.800000,9.236542,2,0,0.026750,9.263292
1315,1043.833333,8.924041,2,0,0.021000,8.945041
1316,1043.866667,9.062583,2,0,0.018417,9.081000
1317,1043.900000,8.815167,2,0,0.023375,8.838542
1318,1043.933333,9.016791,2,0,0.010250,9.027041
1319,1043.966667,8.430667,2,0,0.037750,8.468417
1320,1044.000000,8.912375,2,0,0.023916,8.936291
1321,1044.033333,8.790791,2,0,0.028750,8.819541
1322,1044.066667,8.976625,2,0,0.025041,9.001666
1323,1044.100000,8.996542,2,0,0.033708,9.030250
1324,1044.133333,8.582166,2,0,0.020542,8.602708
1325,1044.166667,8.413666,2,0,0.012834,8.426500
1326,1044.200000,8.682958,2,0,0.009250,8.692208
1327,1044.233333,9.176959,2,0,0.021375,9.198334
1328,1044.266667,8.407750,2,0,0.010625,8.418375
1329,1044.300000,7.402375,2,0,0.012000,7.414375
1330,1044.333333,6.943083,2,0,0.024459,6.967542
1331,1044.366667,7.769500,2,0,0.039417,7.808917
1332,1044.400000,7.710833,2,0,0.031417,7.742250
1333,1044.433333,8.431667,2,0,0.011083,8.442750
1334,1044.466667,8.510625,2,0,0.025250,8.535875
1335,1044.500000,9.066917,2,0,0.026375,9.093292
1336,1044.533333,8.953292,2,0,0.013083,8.966375
1337,1044.566667,8.928666,2,0,0.018125,8.946791
1338,1044.600000,8.937292,2,0,0.034667,8.971959
1339,1044.633333,9.184625,2,0,0.025834,9.210459
1340,1044.666667,8.890875,2,0,0.021458,8.912333
1341,1044.700000,9.050042,2,0,0.016000,9.066042
1342,1044.733333,9.187750,2,0,0.025333,9.213083
1343,1044.766667,9.031958,2,0,0.012625,9.044583
1344,1044.800000,8.769625,2,0,0.022709,8.792334
1345,1044.833333,9.554459,2,0,0.011833,9.566292
1346,1044.866667,9.154625,2,0,0.024375,9.179000
1347,1044.900000,8.486334,2,0,0.012166,8.498500
1348,1044.933333,8.982792,2,0,0.032250,9.015042
1349,1044.966667,8.963125,2,0,0.028167,8.991292
1350,1045.000000,9.371125,2,0,0.016791,9.387916
1351,1045.033333,8.304291,2,0,0.019459,8.323750
1352,1045.066667,8.999000,2,0,0.025292,9.024292
1353,1045.100000,7.800000,2,0,0.012792,7.812792
1354,1045.133333,7.440791,2,0,0.016459,7.457250
1355,1045.166667,7.698459,2,0,0.013416,7.711875
1356,1045.200000,7.770542,2,0,0.015541,7.786083
1357,1045.233333,8.294542,2,0,0.027583,8.322125
1358,1045.266667,8.101292,2,0,0.016291,8.117583
1359,1045.300000,9.157583,2,0,0.022584,9.180167
1360,1045.333333,9.787500,2,0,0.035458,9.822958
1361,1045.366667,9.460417,2,0,0.011500,9.471917
1362,1045.400000,8.309291,2,0,0.012334,8.321625
1363,1045.433333,7.693708,2,0,0.041125,7.734833
1364,1045.466667,8.037959,2,0,0.025208,8.063167
1365,1045.500000,8.909292,2,0,0.026041,8.935333
1366,1045.533333,9.735708,2,0,0.020875,9.756583
1367,1045.566667,9.126500,2,0,0.018416,9.144916
1368,1045.600000,9.094417,2,0,0.025917,9.120334
1369,1045.633333,8.844750,2,0,0.023208,8.867958
1370,1045.666667,9.057125,2,0,0.016458,9.073583
1371,1045.700000,9.630125,2,0,0.033333,9.663458
1372,1045.733333,9.298375,2,0,0.031834,9.330209
1373,1045.766667,8.658209,2,0,0.014416,8.672625
1374,1045.800000,9.098333,2,0,0.012084,9.110417
1375,1045.833333,9.097875,2,0,0.022791,9.120666
1376,1045.866667,9.020500,2,0,0.022458,9.042958
1377,1045.900000,8.759959,2,0,0.014458,8.774417
1378,1045.933333,8.385834,2,0,0.015333,8.401167
1379,1045.966667,9.601750,2,0,0.015250,9.617000
1380,1046.000000,8.884833,2,0,0.023000,8.907833
1381,1046.033333,8.619666,2,0,0.016959,8.636625
1382,1046.066667,9.005334,2,0,0.016583,9.021917
1383,1046.100000,7.769042,2,0,0.012166,7.781208
1384,1046.133333,7.426375,2,0,0.015417,7.441792
1385,1046.166667,7.124458,2,0,0.012708,7.137166
1386,1046.200000,7.151625,2,0,0.014334,7.165959
1387,1046.233333,7.672125,2,0,0.015334,7.687459
1388,1046.266667,8.252500,2,0,0.023041,8.275541
1389,1046.300000,8.430542,2,0,0.021250,8.451792
1390,1046.333333,8.867417,2,0,0.019667,8.887084
1391,1046.366667,9.516542,2,0,0.032958,9.549500
1392,1046.400000,8.959167,2,0,0.011417,8.970584
1393,1046.433333,9.557000,2,0,0.030208,9.587208
1394,1046.466667,8.949958,2,0,0.041750,8.991708
1395,1046.500000,8.767583,2,0,0.021583,8.789166
1396,1046.533333,9.136541,2,0,0.013959,9.150500
1397,1046.566667,8.901625,2,0,0.013250,8.914875
1398,1046.600000,10.264041,2,0,0.033334,10.297375
1399,1046.633333,8.047459,2,0,0.017958,8.065417
1400,1046.666667,9.147500,2,0,0.017334,9.164834
1401,1046.700000,8.339625,2,0,0.010625,8.350250
1402,1046.733333,7.851166,2,0,0.017500,7.868666
1403,1046.766667,7.506209,2,0,0.009958,7.516167
1404,1046.800000,7.479666,2,0,0.011334,7.491000
1405,1046.833333,8.280417,2,0,0.014625,8.295042
1406,1046.866667,8.634834,2,0,0.018791,8.653625
1407,1046.900000,8.463875,2,0,0.028000,8.491875
1408,1046.933333,8.905667,2,0,0.020458,8.926125
1409,1046.966667,8.545625,2,0,0.018500,8.564125
1410,1047.000000,10.173459,2,0,0.017250,10.190709
1411,1047.033333,9.371667,2,0,0.026667,9.398334
1412,1047.066667,10.014833,2,0,0.032375,10.047208
1413,1047.100000,9.465584,2,0,0.014041,9.479625
1414,1047.133333,9.329708,2,0,0.021208,9.350916
1415,1047.166667,9.338250,2,0,0.037875,9.376125
1416,1047.200000,9.256875,2,0,0.033459,9.290334
1417,1047.233333,8.938209,2,0,0.021125,8.959334
1418,1047.266667,9.339875,2,0,0.018750,9.358625
1419,1047.300000,8.854917,2,0,0.035916,8.890833
1420,1047.333333,9.883792,2,0,0.027542,9.911334
1421,1047.366667,9.260208,2,0,0.033250,9.293458
1422,1047.400000,9.538083,2,0,0.043208,9.581291
1423,1047.433333,9.016667,2,0,0.023625,9.040292
1424,1047.466667,9.073667,2,0,0.038958,9.112625
1425,1047.500000,8.684166,2,0,0.026292,8.710458
1426,1047.533333,9.558667,2,0,0.019167,9.577834
1427,1047.566667,8.712000,2,0,0.025750,8.737750
1428,1047.600000,9.188542,2,0,0.018916,9.207458
1429,1047.633333,9.256500,2,0,0.022333,9.278833
1430,1047.666667,9.007375,2,0,0.031542,9.038917
1431,1047.700000,9.674209,2,0,0.023000,9.697209
1432,1047.733333,8.742791,2,0,0.014000,8.756791
1433,1047.766667,9.099625,2,0,0.028167,9.127792
1434,1047.800000,8.655625,2,0,0.018458,8.674083
1435,1047.833333,9.335458,2,0,0.030084,9.365542
1436,1047.866667,9.027000,2,0,0.009917,9.036917
1437,1047.900000,8.553250,2,0,0.026708,8.579958
1438,1047.933333,8.960250,2,0,0.058167,9.018417
1439,1047.966667,8.548708,2,0,0.013417,8.562125
1440,1048.000000,7.805916,2,0,0.012250,7.818166
1441,1048.033333,7.895875,2,0,0.010209,7.906084
1442,1048.066667,7.993459,2,0,0.043250,8.036709
1443,1048.100000,9.068542,2,0,0.038791,9.107333
1444,1048.133333,9.167625,2,0,0.037000,9.204625
1445,1048.166667,9.108791,2,0,0.013375,9.122166
1446,1048.200000,8.720791,2,0,0.015667,8.736458
1447,1048.233333,9.246500,2,0,0.034583,9.281083
1448,1048.266667,10.419000,2,0,0.013959,10.432959
1449,1048.300000,9.731875,2,0,0.015167,9.747042
1450,1048.333333,9.968750,2,0,0.007959,9.976709
1451,1048.366667,9.727416,2,0,0.013250,9.740666
1452,1048.400000,9.587334,2,0,0.031875,9.619209
1453,1048.433333,9.592917,2,0,0.030583,9.623500
1454,1048.466667,9.827584,2,0,0.013375,9.840959
1455,1048.500000,9.971916,2,0,0.009875,9.981791
1456,1048.533333,9.594541,2,0,0.020834,9.615375
1457,1048.566667,9.608125,2,0,0.014084,9.622209
1458,1048.600000,10.231167,2,0,0.021375,10.252542
1459,1048.633333,9.921541,2,0,0.007667,9.929208
1460,1048.666667,9.878542,2,0,0.016375,9.894917
1461,1048.700000,9.934750,2,0,0.024542,9.959292
1462,1048.733333,9.427416,2,0,0.020250,9.447666
1463,1048.766667,9.458041,2,0,0.017959,9.476000
1464,1048.800000,9.359458,2,0,0.021125,9.380583
1465,1048.833333,9.931042,2,0,0.022083,9.953125
1466,1048.866667,9.952875,2,0,0.010250,9.963125
1467,1048.900000,10.307625,2,0,0.025167,10.332792
1468,1048.933333,9.687333,2,0,0.035125,9.722458
1469,1048.966667,9.088917,2,0,0.014958,9.103875
1470,1049.000000,9.922417,2,0,0.025917,9.948334
1471,1049.033333,9.039333,2,0,0.013084,9.052417
1472,1049.066667,9.176125,2,0,0.039958,9.216083
1473,1049.100000,9.507250,2,0,0.026875,9.534125
1474,1049.133333,9.181542,2,0,0.020750,9.202292
1475,1049.166667,8.973292,2,0,0.013833,8.987125
1476,1049.200000,9.266667,2,0,0.022208,9.288875
1477,1049.233333,8.834084,2,0,0.016708,8.850792
1478,1049.266667,9.587833,2,0,0.026000,9.613833
1479,1049.300000,9.045000,2,0,0.023667,9.068667
1480,1049.333333,8.911250,2,0,0.015916,8.927166
1481,1049.366667,9.044583,2,0,0.021125,9.065708
1482,1049.400000,9.803667,2,0,0.012166,9.815833
1483,1049.433333,8.756209,2,0,0.014791,8.771000
1484,1049.466667,7.798875,2,0,0.011166,7.810041
1485,1049.500000,7.873292,2,0,0.011250,7.884542
1486,1049.533333,7.884291,2,0,0.026459,7.910750
1487,1049.566667,8.379958,2,0,0.030250,8.410208
1488,1049.600000,8.844417,2,0,0.020500,8.864917
1489,1049.633333,8.939625,2,0,0.024041,8.963666
1490,1049.666667,9.720084,2,0,0.020541,9.740625
1491,1049.700000,10.222334,2,0,0.023666,10.246000
1492,1049.733333,9.577250,2,0,0.018167,9.595417
1493,1049.766667,9.522250,2,0,0.012792,9.535042
1494,1049.800000,10.359417,2,0,0.023333,10.382750
1495,1049.833333,10.185625,2,0,0.012292,10.197917
1496,1049.866667,10.277583,2,0,0.019084,10.296667
1497,1049.900000,9.531750,2,0,0.010541,9.542291
1498,1049.933333,9.377167,2,0,0.039667,9.416834
1499,1049.966667,9.545375,2,0,0.026250,9.571625
1500,1050.000000,9.148875,2,0,0.028666,9.177541
1501,1050.033333,10.046833,2,0,0.022750,10.069583
1502,1050.066667,9.928041,2,0,0.013334,9.941375
1503,1050.100000,8.841542,2,0,0.021125,8.862667
1504,1050.133333,9.312000,2,0,0.041416,9.353416
1505,1050.166667,9.835042,2,0,0.019583,9.854625
1506,1050.200000,9.203709,2,0,0.013666,9.217375
1507,1050.233333,9.883375,2,0,0.010208,9.893583
1508,1050.266667,10.104166,2,0,0.014959,10.119125
1509,1050.300000,8.871709,2,0,0.015458,8.887167
1510,1050.333333,8.166083,2,0,0.006750,8.172833
1511,1050.366667,8.445417,2,0,0.011750,8.457167
1512,1050.400000,7.823542,2,0,0.013667,7.837209
1513,1050.433333,8.250916,2,0,0.022959,8.273875
1514,1050.466667,8.652208,2,0,0.012083,8.664291
1515,1050.500000,8.827917,2,0,0.018708,8.846625
1516,1050.533333,9.545375,2,0,0.019584,9.564959
1517,1050.566667,9.622875,2,0,0.029666,9.652541
1518,1050.600000,9.284459,2,0,0.038916,9.323375
1519,1050.633333,9.631916,2,0,0.012959,9.644875
1520,1050.666667,9.944125,2,0,0.015750,9.959875
1521,1050.700000,10.090750,2,0,0.029417,10.120167
1522,1050.733333,10.250375,2,0,0.028875,10.279250
1523,1050.766667,10.997125,2,0,0.011750,11.008875
1524,1050.800000,8.968375,2,0,0.023916,8.992291
1525,1050.833333,10.181292,2,0,0.014375,10.195667
1526,1050.866667,9.274500,2,0,0.013542,9.288042
1527,1050.900000,9.646292,2,0,0.010875,9.657167
1528,1050.933333,9.692750,2,0,0.014250,9.707000
1529,1050.966667,10.020083,2,0,0.019334,10.039417
1530,1051.000000,9.249708,2,0,0.019125,9.268833
1531,1051.033333,9.179542,2,0,0.013416,9.192958
1532,1051.066667,8.962042,2,0,0.020500,8.982542
1533,1051.100000,9.485042,2,0,0.015042,9.500084
1534,1051.133333,9.201167,2,0,0.015208,9.216375
1535,1051.166667,9.927083,2,0,0.016917,9.944000
1536,1051.200000,7.502291,2,0,0.013125,7.515416
1537,1051.233333,8.732083,2,0,0.013667,8.745750
1538,1051.266667,9.356834,2,0,0.012166,9.369000
1539,1051.300000,9.930625,2,0,0.008917,9.939542
1540,1051.333333,8.816833,2,0,0.012209,8.829042
1541,1051.366667,8.290041,2,0,0.013792,8.303833
1542,1051.400000,8.271833,2,0,0.015167,8.287000
1543,1051.433333,9.304833,2,0,0.035083,9.339916
1544,1051.466667,9.075458,2,0,0.013167,9.088625
1545,1051.500000,9.522291,2,0,0.013250,9.535541
1546,1051.533333,9.648375,2,0,0.039458,9.687833
1547,1051.566667,10.546625,2,0,0.016083,10.562708
1548,1051.600000,9.969500,2,0,0.020875,9.990375
1549,1051.633333,9.800375,2,0,0.022542,9.822917
1550,1051.666667,10.156917,2,0,0.018125,10.175042
1551,1051.700000,10.693125,2,0,0.013208,10.706333
1552,1051.733333,10.099167,2,0,0.028125,10.127292
1553,1051.766667,9.605209,2,0,0.034041,9.639250
1554,1051.800000,10.139708,2,0,0.026250,10.165958
1555,1051.833333,9.549542,2,0,0.023375,9.572917
1556,1051.866667,10.175417,2,0,0.047750,10.223167
1557,1051.900000,9.714958,2,0,0.042084,9.757042
1558,1051.933333,10.166583,2,0,0.030250,10.196833
1559,1051.966667,10.295666,2,0,0.013375,10.309041
1560,1052.000000,10.251917,2,0,0.038708,10.290625
1561,1052.033333,9.490167,2,0,0.012583,9.502750
1562,1052.066667,10.163834,2,0,0.013833,10.177667
1563,1052.100000,9.585084,2,0,0.026791,9.611875
1564,1052.133333,10.106084,2,0,0.085250,10.191334
1565,1052.166667,10.341166,2,0,0.015959,10.357125
1566,1052.200000,10.128958,2,0,0.014208,10.143166
1567,1052.233333,9.396916,2,0,0.019542,9.416458
1568,1052.266667,9.685459,2,0,0.021916,9.707375
1569,1052.300000,9.379666,2,0,0.020792,9.400458
1570,1052.333333,9.643458,2,0,0.021500,9.664958
1571,1052.366667,9.857417,2,0,0.026833,9.884250
1572,1052.400000,9.935584,2,0,0.017083,9.952667
1573,1052.433333,9.429750,2,0,0.026458,9.456208
1574,1052.466667,9.436250,2,0,0.012958,9.449208
1575,1052.500000,9.485584,2,0,0.028958,9.514542
1576,1052.533333,9.673250,2,0,0.021334,9.694584
1577,1052.566667,9.566208,2,0,0.014083,9.580291
1578,1052.600000,9.715750,2,0,0.010667,9.726417
1579,1052.633333,9.485292,2,0,0.011333,9.496625
1580,1052.666667,8.685000,2,0,0.015583,8.700583
1581,1052.700000,8.461542,2,0,0.017792,8.479334
1582,1052.733333,8.152083,2,0,0.028375,8.180458
1583,1052.766667,8.482833,2,0,0.022417,8.505250
1584,1052.800000,9.171166,2,0,0.024084,9.195250
1585,1052.833333,9.656958,2,0,0.009458,9.666416
1586,1052.866667,9.867333,2,0,0.014667,9.882000
1587,1052.900000,9.836500,2,0,0.039167,9.875667
1588,1052.933333,9.258750,2,0,0.049833,9.308583
1589,1052.966667,9.996625,2,0,0.028583,10.025208
1590,1053.000000,9.753666,2,0,0.020250,9.773916
1591,1053.033333,10.059208,2,0,0.018125,10.077333
1592,1053.066667,10.516667,2,0,0.026583,10.543250
1593,1053.100000,10.699125,2,0,0.021042,10.720167
1594,1053.133333,9.637042,2,0,0.021458,9.658500
1595,1053.166667,10.311916,2,0,0.040792,10.352708
1596,1053.200000,10.319625,2,0,0.015292,10.334917
1597,1053.233333,9.730417,2,0,0.026958,9.757375
1598,1053.266667,9.770834,2,0,0.010250,9.781084
1599,1053.300000,9.703875,2,0,0.031041,9.734916
1600,1053.333333,9.747125,2,0,0.022375,9.769500
1601,1053.366667,9.487959,2,0,0.017416,9.505375
1602,1053.400000,9.667167,2,0,0.022750,9.689917
1603,1053.433333,10.140500,2,0,0.045792,10.186292
1604,1053.466667,9.988375,2,0,0.019083,10.007458
1605,1053.500000,10.115125,2,0,0.019875,10.135000
1606,1053.533333,9.988250,2,0,0.021708,10.009958
1607,1053.566667,9.586458,2,0,0.012917,9.599375
1608,1053.600000,9.949500,2,0,0.023917,9.973417
1609,1053.633333,9.828584,2,0,0.026291,9.854875
1610,1053.666667,9.757875,2,0,0.019791,9.777666
1611,1053.700000,9.175417,2,0,0.014208,9.189625
1612,1053.733333,9.576500,2,0,0.012417,9.588917
1613,1053.766667,9.603500,2,0,0.012083,9.615583
1614,1053.800000,8.617083,2,0,0.014250,8.631333
1615,1053.833333,8.146917,2,0,0.014125,8.161042
1616,1053.866667,8.325042,2,0,0.020958,8.346000
1617,1053.900000,8.206209,2,0,0.025583,8.231792
1618,1053.933333,8.776583,2,0,0.044084,8.820667
1619,1053.966667,9.111542,2,0,0.018833,9.130375
1620,1054.000000,9.488000,2,0,0.014667,9.502667
1621,1054.033333,10.121625,2,0,0.017792,10.139417
1622,1054.066667,9.693042,2,0,0.027083,9.720125
1623,1054.100000,9.422292,2,0,0.017375,9.439667
1624,1054.133333,10.156250,2,0,0.020000,10.176250
1625,1054.166667,10.292625,2,0,0.014334,10.306959
1626,1054.200000,10.052459,2,0,0.014333,10.066792
1627,1054.233333,8.689875,2,0,0.038333,8.728208
1628,1054.266667,8.794250,2,0,0.017375,8.811625
1629,1054.300000,9.538292,2,0,0.020333,9.558625
1630,1054.333333,9.643666,2,0,0.018334,9.662000
1631,1054.366667,9.478625,2,0,0.012333,9.490958
1632,1054.400000,9.771333,2,0,0.021542,9.792875
1633,1054.433333,9.515750,2,0,0.013250,9.529000
1634,1054.466667,10.047333,2,0,0.011584,10.058917
1635,1054.500000,9.232250,2,0,0.038125,9.270375
1636,1054.533333,9.735708,2,0,0.014875,9.750583
1637,1054.566667,9.676167,2,0,0.017292,9.693459
1638,1054.600000,9.785083,2,0,0.019875,9.804958
1639,1054.633333,9.802292,2,0,0.016208,9.818500
1640,1054.666667,9.534833,2,0,0.018125,9.552958
1641,1054.700000,8.885333,2,0,0.012625,8.897958
1642,1054.733333,10.393334,2,0,0.034500,10.427834
1643,1054.766667,9.184917,2,0,0.012000,9.196917
1644,1054.800000,7.817958,2,0,0.011708,7.829666
1645,1054.833333,8.366042,2,0,0.015375,8.381417
1646,1054.866667,8.266167,2,0,0.020458,8.286625
1647,1054.900000,8.009291,2,0,0.013000,8.022291
1648,1054.933333,8.199958,2,0,0.039875,8.239833
1649,1054.966667,8.782208,2,0,0.030334,8.812542
1650,1055.000000,9.382000,2,0,0.025916,9.407916
1651,1055.033333,9.190375,2,0,0.016084,9.206459
1652,1055.066667,9.585000,2,0,0.014417,9.599417
1653,1055.100000,9.851709,2,0,0.025666,9.877375
1654,1055.133333,9.464500,2,0,0.009791,9.474291
1655,1055.166667,9.439750,2,0,0.041000,9.480750
1656,1055.200000,9.860792,2,0,0.036583,9.897375
1657,1055.233333,9.853625,2,0,0.023209,9.876834
1658,1055.266667,9.419250,2,0,0.019000,9.438250
1659,1055.300000,9.510416,2,0,0.015584,9.526000
1660,1055.333333,9.561916,2,0,0.012375,9.574291
1661,1055.366667,9.426791,2,0,0.018875,9.445666
1662,1055.400000,8.308541,2,0,0.011292,8.319833
1663,1055.433333,8.624625,2,0,0.026333,8.650958
1664,1055.466667,9.174750,2,0,0.030083,9.204833
1665,1055.500000,8.915583,2,0,0.022334,8.937917
1666,1055.533333,9.244041,2,0,0.015042,9.259083
1667,1055.566667,8.997167,2,0,0.014542,9.011709
1668,1055.600000,8.849958,2,0,0.025209,8.875167
1669,1055.633333,9.213125,2,0,0.022208,9.235333
1670,1055.666667,10.156333,2,0,0.024250,10.180583
1671,1055.700000,10.349542,2,0,0.011583,10.361125
1672,1055.733333,8.558125,2,0,0.014291,8.572416
1673,1055.766667,7.894000,2,0,0.013083,7.907083
1674,1055.800000,8.002667,2,0,0.029875,8.032542
1675,1055.833333,8.588458,2,0,0.028167,8.616625
1676,1055.866667,8.723875,2,0,0.012375,8.736250
1677,1055.900000,9.608583,2,0,0.022750,9.631333
1678,1055.933333,8.902750,2,0,0.022125,8.924875
1679,1055.966667,9.360583,2,0,0.015833,9.376416
1680,1056.000000,9.804292,2,0,0.016333,9.820625
1681,1056.033333,9.911250,2,0,0.026708,9.937958
1682,1056.066667,9.613417,2,0,0.015166,9.628583
1683,1056.100000,9.636791,2,0,0.013459,9.650250
1684,1056.133333,10.439958,2,0,0.028875,10.468833
1685,1056.166667,9.970708,2,0,0.026792,9.997500
1686,1056.200000,9.878541,2,0,0.027667,9.906208
1687,1056.233333,9.894917,2,0,0.026458,9.921375
1688,1056.266667,10.187166,2,0,0.024709,10.211875
1689,1056.300000,9.609209,2,0,0.022833,9.632042
1690,1056.333333,9.917791,2,0,0.026542,9.944333
1691,1056.366667,9.841375,2,0,0.033375,9.874750
1692,1056.400000,9.608459,2,0,0.025333,9.633792
1693,1056.433333,9.626125,2,0,0.024083,9.650208
1694,1056.466667,9.834916,2,0,0.028292,9.863208
1695,1056.500000,9.480791,2,0,0.033375,9.514166
1696,1056.533333,10.264583,2,0,0.018459,10.283042
1697,1056.566667,10.140583,2,0,0.029042,10.169625
1698,1056.600000,9.134209,2,0,0.028125,9.162334
1699,1056.633333,9.692709,2,0,0.016000,9.708709
1700,1056.666667,9.529916,2,0,0.026250,9.556166
1701,1056.700000,9.181250,2,0,0.029959,9.211209
1702,1056.733333,9.752875,2,0,0.017250,9.770125
1703,1056.766667,9.224417,2,0,0.015208,9.239625
1704,1056.800000,9.979167,2,0,0.027583,10.006750
1705,1056.833333,9.462750,2,0,0.007791,9.470541
1706,1056.866667,9.294625,2,0,0.014125,9.308750
1707,1056.900000,8.070542,2,0,0.012041,8.082583
1708,1056.933333,7.806875,2,0,0.011000,7.817875
1709,1056.966667,8.484334,2,0,0.030708,8.515042
1710,1057.000000,8.900833,2,0,0.012875,8.913708
1711,1057.033333,8.689958,2,0,0.024000,8.713958
1712,1057.066667,9.518958,2,0,0.025459,9.544417
1713,1057.100000,9.098542,2,0,0.009958,9.108500
1714,1057.133333,10.609875,2,0,0.021417,10.631292
1715,1057.166667,9.754042,2,0,0.023375,9.777417
1716,1057.200000,9.802375,2,0,0.012750,9.815125
1717,1057.233333,10.470542,2,0,0.019333,10.489875
1718,1057.266667,9.550792,2,0,0.048041,9.598833
1719,1057.300000,8.904333,2,0,0.025167,8.929500
1720,1057.333333,9.667375,2,0,0.028292,9.695667
1721,1057.366667,9.620958,2,0,0.031292,9.652250
1722,1057.400000,9.888459,2,0,0.039458,9.927917
1723,1057.433333,8.936042,2,0,0.026250,8.962292
1724,1057.466667,9.390750,2,0,0.015709,9.406459
1725,1057.500000,9.504292,2,0,0.019417,9.523709
1726,1057.533333,9.916125,2,0,0.014375,9.930500
1727,1057.566667,9.900917,2,0,0.017166,9.918083
1728,1057.600000,9.249833,2,0,0.024500,9.274333
1729,1057.633333,10.409667,2,0,0.017375,10.427042
1730,1057.666667,9.324250,2,0,0.012000,9.336250
1731,1057.700000,8.569708,2,0,0.016625,8.586333
1732,1057.733333,8.327000,2,0,0.012709,8.339709
1733,1057.766667,8.328292,2,0,0.023291,8.351583
1734,1057.800000,8.247708,2,0,0.014125,8.261833
1735,1057.833333,8.965750,2,0,0.060459,9.026209
1736,1057.866667,8.853167,2,0,0.010083,8.863250
1737,1057.900000,9.962750,2,0,0.019250,9.982000
1738,1057.933333,9.550333,2,0,0.032667,9.583000
1739,1057.966667,10.159541,2,0,0.011375,10.170916
1740,1058.000000,9.755250,2,0,0.018541,9.773791
1741,1058.033333,9.256583,2,0,0.020625,9.277208
1742,1058.066667,9.836875,2,0,0.014250,9.851125
1743,1058.100000,8.085750,2,0,0.009042,8.094792
1744,1058.133333,9.658292,2,0,0.024958,9.683250
1745,1058.166667,9.306667,2,0,0.009833,9.316500
1746,1058.200000,9.828875,2,0,0.012833,9.841708
1747,1058.233333,9.851584,2,0,0.022666,9.874250
1748,1058.266667,9.606417,2,0,0.017333,9.623750
1749,1058.300000,9.187958,2,0,0.019500,9.207458
1750,1058.333333,9.012167,2,0,0.015333,9.027500
1751,1058.366667,9.079000,2,0,0.036000,9.115000
1752,1058.400000,8.962000,2,0,0.021875,8.983875
1753,1058.433333,9.426084,2,0,0.031208,9.457292
1754,1058.466667,9.638292,2,0,0.011458,9.649750
1755,1058.500000,9.006917,2,0,0.011625,9.018542
1756,1058.533333,7.695458,2,0,0.014083,7.709541
1757,1058.566667,7.921583,2,0,0.013000,7.934583
1758,1058.600000,8.072667,2,0,0.010500,8.083167
1759,1058.633333,8.971000,2,0,0.007834,8.978834
1760,1058.666667,9.076500,2,0,0.024292,9.100792
1761,1058.700000,9.116041,2,0,0.025709,9.141750
1762,1058.733333,9.056541,2,0,0.015625,9.072166
1763,1058.766667,9.451458,2,0,0.014750,9.466208
1764,1058.800000,9.995583,2,0,0.015750,10.011333
1765,1058.833333,9.700541,2,0,0.024292,9.724833
1766,1058.866667,9.323209,2,0,0.021750,9.344959
1767,1058.900000,9.300167,2,0,0.017375,9.317542
1768,1058.933333,8.760292,2,0,0.031458,8.791750
1769,1058.966667,8.359500,2,0,0.020334,8.379834
1770,1059.000000,8.622542,2,0,0.011958,8.634500
1771,1059.033333,8.662667,2,0,0.027958,8.690625
1772,1059.066667,9.011500,2,0,0.029958,9.041458
1773,1059.100000,8.846083,2,0,0.020250,8.866333
1774,1059.133333,9.144833,2,0,0.023208,9.168041
1775,1059.166667,8.766125,2,0,0.028500,8.794625
1776,1059.200000,8.432416,2,0,0.019417,8.451833
1777,1059.233333,9.013875,2,0,0.015166,9.029041
1778,1059.266667,8.381875,2,0,0.030584,8.412459
1779,1059.300000,8.401750,2,0,0.010083,8.411833
1780,1059.333333,8.803875,2,0,0.019125,8.823000
1781,1059.366667,9.814541,2,0,0.012750,9.827291
1782,1059.400000,8.871167,2,0,0.016541,8.887708
1783,1059.433333,8.118167,2,0,0.010125,8.128292
1784,1059.466667,7.725625,2,0,0.012125,7.737750
1785,1059.500000,7.611500,2,0,0.018000,7.629500
1786,1059.533333,7.861583,2,0,0.013708,7.875291
1787,1059.566667,8.300375,2,0,0.012334,8.312709
1788,1059.600000,9.071917,2,0,0.016416,9.088333
1789,1059.633333,8.857292,2,0,0.012083,8.869375
1790,1059.666667,9.122250,2,0,0.016667,9.138917
1791,1059.700000,9.023750,2,0,0.010625,9.034375
1792,1059.733333,9.701334,2,0,0.011458,9.712792
1793,1059.766667,9.908042,2,0,0.021500,9.929542
1794,1059.800000,9.378709,2,0,0.008583,9.387292
1795,1059.833333,9.967292,2,0,0.027458,9.994750
1796,1059.866667,9.701500,2,0,0.014458,9.715958
1797,1059.900000,9.070958,2,0,0.030583,9.101541
1798,1059.933333,8.802209,2,0,0.011375,8.813584
1799,1059.966667,9.199416,2,0,0.013167,9.212583
1800,1060.000000,9.300209,2,0,0.026375,9.326584
1801,1060.033333,8.837917,2,0,0.011125,8.849042
1802,1060.066667,8.910834,2,0,0.014291,8.925125
1803,1060.100000,9.172334,2,0,0.015416,9.187750
1804,1060.133333,9.195292,2,0,0.016417,9.211709
1805,1060.166667,9.180417,2,0,0.026208,9.206625
1806,1060.200000,8.582083,2,0,0.011125,8.593208
1807,1060.233333,8.768750,2,0,0.018875,8.787625
1808,1060.266667,7.575917,2,0,0.014750,7.590667
1809,1060.300000,9.120666,2,0,0.032250,9.152916
1810,1060.333333,8.578667,2,0,0.011375,8.590042
1811,1060.366667,8.580708,2,0,0.035792,8.616500
1812,1060.400000,8.041666,2,0,0.013375,8.055041
1813,1060.433333,7.325958,2,0,0.033000,7.358958
1814,1060.466667,7.910750,2,0,0.016542,7.927292
1815,1060.500000,7.892875,2,0,0.014333,7.907208
1816,1060.533333,8.011000,2,0,0.020209,8.031209
1817,1060.566667,8.140500,2,0,0.010875,8.151375
1818,1060.600000,8.187375,2,0,0.032125,8.219500
1819,1060.633333,8.120542,2,0,0.024042,8.144584
1820,1060.666667,7.913458,2,0,0.015917,7.929375
1821,1060.700000,8.119750,2,0,0.016792,8.136542
1822,1060.733333,8.373459,2,0,0.013208,8.386667
1823,1060.766667,8.530000,2,0,0.015791,8.545791
1824,1060.800000,8.832083,2,0,0.014875,8.846958
1825,1060.833333,8.165542,2,0,0.015666,8.181208
1826,1060.866667,9.121333,2,0,0.028750,9.150083
1827,1060.900000,8.474458,2,0,0.011958,8.486416
1828,1060.933333,8.346000,2,0,0.021791,8.367791
1829,1060.966667,8.031958,2,0,0.014209,8.046167
1830,1061.000000,8.075959,2,0,0.017916,8.093875
1831,1061.033333,8.225833,2,0,0.020333,8.246166
1832,1061.066667,8.467333,2,0,0.013250,8.480583
1833,1061.100000,9.190917,2,0,0.013083,9.204000
1834,1061.133333,8.242666,2,0,0.011250,8.253916
1835,1061.166667,8.648541,2,0,0.012417,8.660958
1836,1061.200000,7.748542,2,0,0.049500,7.798042
1837,1061.233333,8.533250,2,0,0.032084,8.565334
1838,1061.266667,9.435833,2,0,0.012292,9.448125
1839,1061.300000,9.621959,2,0,0.013125,9.635084
1840,1061.333333,9.427458,2,0,0.016417,9.443875
1841,1061.366667,10.256709,2,0,0.022000,10.278709
1842,1061.400000,10.339542,2,0,0.023875,10.363417
1843,1061.433333,9.831250,2,0,0.024292,9.855542
1844,1061.466667,10.107125,2,0,0.025167,10.132292
1845,1061.500000,10.081042,2,0,0.019917,10.100959
1846,1061.533333,10.113333,2,0,0.017458,10.130791
1847,1061.566667,9.502167,2,0,0.011667,9.513834
1848,1061.600000,9.915833,2,0,0.015292,9.931125
1849,1061.633333,9.691625,2,0,0.030416,9.722041
1850,1061.666667,9.691959,2,0,0.020916,9.712875
1851,1061.700000,9.922708,2,0,0.019459,9.942167
1852,1061.733333,9.887250,2,0,0.023375,9.910625
1853,1061.766667,9.735834,2,0,0.016125,9.751959
1854,1061.800000,10.505791,2,0,0.027375,10.533166
1855,1061.833333,9.432416,2,0,0.013459,9.445875
1856,1061.866667,10.151000,2,0,0.033666,10.184666
1857,1061.900000,10.506667,2,0,0.019333,10.526000
1858,1061.933333,9.370917,2,0,0.034417,9.405334
1859,1061.966667,9.730209,2,0,0.037500,9.767709
1860,1062.000000,9.210708,2,0,0.015875,9.226583
1861,1062.033333,9.482625,2,0,0.022750,9.505375
1862,1062.066667,9.416125,2,0,0.014333,9.430458
1863,1062.100000,10.415625,2,0,0.018625,10.434250
1864,1062.133333,9.742542,2,0,0.015000,9.757542
1865,1062.166667,10.183292,2,0,0.017000,10.200292
1866,1062.200000,9.685708,2,0,0.018167,9.703875
1867,1062.233333,8.895041,2,0,0.015959,8.911000
1868,1062.266667,9.477084,2,0,0.014750,9.491834
1869,1062.300000,9.443792,2,0,0.016708,9.460500
1870,1062.333333,9.425541,2,0,0.015334,9.440875
1871,1062.366667,9.773375,2,0,0.020750,9.794125
1872,1062.400000,9.640917,2,0,0.014875,9.655792
1873,1062.433333,9.340916,2,0,0.011834,9.352750
1874,1062.466667,9.501959,2,0,0.015083,9.517042
1875,1062.500000,9.518375,2,0,0.013000,9.531375
1876,1062.533333,9.269250,2,0,0.016958,9.286208
1877,1062.566667,9.227459,2,0,0.020708,9.248167
1878,1062.600000,9.876000,2,0,0.011125,9.887125
1879,1062.633333,8.606584,2,0,0.010333,8.616917
1880,1062.666667,8.675042,2,0,0.013375,8.688417
1881,1062.700000,8.971833,2,0,0.011417,8.983250
1882,1062.733333,9.168834,2,0,0.029375,9.198209
1883,1062.766667,9.348292,2,0,0.028333,9.376625
1884,1062.800000,9.037833,2,0,0.012084,9.049917
1885,1062.833333,9.242333,2,0,0.028375,9.270708
1886,1062.866667,9.313750,2,0,0.021417,9.335167
1887,1062.900000,9.002916,2,0,0.016500,9.019416
1888,1062.933333,8.545875,2,0,0.017167,8.563042
1889,1062.966667,9.143208,2,0,0.026708,9.169916
1890,1063.000000,9.319708,2,0,0.045250,9.364958
1891,1063.033333,8.614541,2,0,0.016709,8.631250
1892,1063.066667,9.324208,2,0,0.012875,9.337083
1893,1063.100000,9.159625,2,0,0.016333,9.175958
1894,1063.133333,9.158375,2,0,0.028333,9.186708
1895,1063.166667,9.093084,2,0,0.011875,9.104959
1896,1063.200000,9.021542,2,0,0.026333,9.047875
1897,1063.233333,8.827333,2,0,0.010334,8.837667
1898,1063.266667,9.073625,2,0,0.009958,9.083583
1899,1063.300000,7.734541,2,0,0.014167,7.748708
1900,1063.333333,8.333666,2,0,0.020625,8.354291
1901,1063.366667,8.630042,2,0,0.030958,8.661000
1902,1063.400000,8.646334,2,0,0.020375,8.666709
1903,1063.433333,8.545291,2,0,0.027875,8.573166
1904,1063.466667,9.048500,2,0,0.007209,9.055709
1905,1063.500000,8.605875,2,0,0.014750,8.620625
1906,1063.533333,8.859250,2,0,0.026791,8.886041
1907,1063.566667,8.349792,2,0,0.012500,8.362292
1908,1063.600000,8.599792,2,0,0.013666,8.613458
1909,1063.633333,8.333042,2,0,0.011542,8.344584
1910,1063.666667,8.911792,2,0,0.014041,8.925833
1911,1063.700000,8.810000,2,0,0.027167,8.837167
1912,1063.733333,8.303667,2,0,0.019750,8.323417
1913,1063.766667,8.561042,2,0,0.015916,8.576958
1914,1063.800000,8.738000,2,0,0.036125,8.774125
1915,1063.833333,8.853167,2,0,0.028500,8.881667
1916,1063.866667,8.728583,2,0,0.024875,8.753458
1917,1063.900000,8.825917,2,0,0.015083,8.841000
1918,1063.933333,8.876792,2,0,0.030083,8.906875
1919,1063.966667,8.399625,2,0,0.025083,8.424708
1920,1064.000000,8.134542,2,0,0.020333,8.154875
1921,1064.033333,8.617542,2,0,0.022625,8.640167
1922,1064.066667,8.654041,2,0,0.014042,8.668083
1923,1064.100000,8.300125,2,0,0.040916,8.341041
1924,1064.133333,8.761583,2,0,0.026542,8.788125
1925,1064.166667,8.943959,2,0,0.015958,8.959917
1926,1064.200000,7.844917,2,0,0.013250,7.858167
1927,1064.233333,8.627417,2,0,0.062375,8.689792
1928,1064.266667,8.588584,2,0,0.012208,8.600792
1929,1064.300000,8.859250,2,0,0.018583,8.877833
1930,1064.333333,8.591166,2,0,0.012834,8.604000
1931,1064.366667,8.489042,2,0,0.021375,8.510417
1932,1064.400000,8.674708,2,0,0.034667,8.709375
1933,1064.433333,8.560208,2,0,0.037167,8.597375
1934,1064.466667,8.652167,2,0,0.015500,8.667667
1935,1064.500000,8.983208,2,0,0.038667,9.021875
1936,1064.533333,7.669542,2,0,0.013958,7.683500
1937,1064.566667,7.723667,2,0,0.016333,7.740000
1938,1064.600000,8.068875,2,0,0.015791,8.084666
1939,1064.633333,8.725375,2,0,0.013833,8.739208
1940,1064.666667,9.069292,2,0,0.014083,9.083375
1941,1064.700000,9.182916,2,0,0.012542,9.195458
1942,1064.733333,8.223542,2,0,0.027375,8.250917
1943,1064.766667,8.704750,2,0,0.027208,8.731958
1944,1064.800000,9.134125,2,0,0.021417,9.155542
1945,1064.833333,9.160292,2,0,0.021625,9.181917
1946,1064.866667,9.770458,2,0,0.016125,9.786583
1947,1064.900000,9.831542,2,0,0.016375,9.847917
1948,1064.933333,9.158417,2,0,0.046667,9.205084
1949,1064.966667,9.443084,2,0,0.034958,9.478042
1950,1065.000000,9.806459,2,0,0.014458,9.820917
1951,1065.033333,9.185042,2,0,0.038000,9.223042
1952,1065.066667,10.134208,2,0,0.015167,10.149375
1953,1065.100000,9.414542,2,0,0.038708,9.453250
1954,1065.133333,9.891667,2,0,0.020250,9.911917
1955,1065.166667,9.891625,2,0,0.014958,9.906583
1956,1065.200000,10.012875,2,0,0.037542,10.050417
1957,1065.233333,9.377833,2,0,0.012542,9.390375
1958,1065.266667,9.722083,2,0,0.015708,9.737791
1959,1065.300000,9.984625,2,0,0.014792,9.999417
1960,1065.333333,9.593042,2,0,0.012166,9.605208
1961,1065.366667,9.587750,2,0,0.014209,9.601959
1962,1065.400000,8.604084,2,0,0.013541,8.617625
1963,1065.433333,8.073917,2,0,0.039000,8.112917
1964,1065.466667,8.969833,2,0,0.012334,8.982167
1965,1065.500000,8.567625,2,0,0.016208,8.583833
1966,1065.533333,8.530958,2,0,0.012542,8.543500
1967,1065.566667,8.618375,2,0,0.014167,8.632542
1968,1065.600000,8.666166,2,0,0.006709,8.672875
1969,1065.633333,9.504959,2,0,0.014916,9.519875
1970,1065.666667,9.571458,2,0,0.018167,9.589625
1971,1065.700000,9.205000,2,0,0.019000,9.224000
1972,1065.733333,8.771000,2,0,0.012875,8.783875
1973,1065.766667,9.010083,2,0,0.013417,9.023500
1974,1065.800000,9.230125,2,0,0.023292,9.253417
1975,1065.833333,9.120750,2,0,0.015416,9.136166
1976,1065.866667,9.098792,2,0,0.009958,9.108750
1977,1065.900000,9.000625,2,0,0.014750,9.015375
1978,1065.933333,8.996417,2,0,0.016833,9.013250
1979,1065.966667,8.844583,2,0,0.018084,8.862667
1980,1066.000000,9.205291,2,0,0.020167,9.225458
1981,1066.033333,9.371583,2,0,0.012334,9.383917
1982,1066.066667,9.072042,2,0,0.010166,9.082208
1983,1066.100000,9.479625,2,0,0.028750,9.508375
1984,1066.133333,9.284208,2,0,0.023292,9.307500
1985,1066.166667,9.106041,2,0,0.025584,9.131625
1986,1066.200000,8.894250,2,0,0.034375,8.928625
1987,1066.233333,8.811125,2,0,0.011375,8.822500
1988,1066.266667,9.301500,2,0,0.029375,9.330875
1989,1066.300000,9.106583,2,0,0.016375,9.122958
1990,1066.333333,6.842875,2,0,0.017417,6.860292
1991,1066.366667,7.930167,2,0,0.014958,7.945125
1992,1066.400000,7.748333,2,0,0.014500,7.762833
1993,1066.433333,8.060709,2,0,0.016541,8.077250
1994,1066.466667,8.529916,2,0,0.007625,8.537541
1995,1066.500000,8.496500,2,0,0.021250,8.517750
1996,1066.533333,8.509875,2,0,0.010209,8.520084
1997,1066.566667,8.840125,2,0,0.020916,8.861041
1998,1066.600000,9.055667,2,0,0.021042,9.076709
1999,1066.633333,8.696958,2,0,0.027917,8.724875
2000,1066.666667,8.823292,2,0,0.027833,8.851125
2001,1066.700000,9.069625,2,0,0.015792,9.085417
2002,1066.733333,9.050500,2,0,0.021292,9.071792
2003,1066.766667,9.289042,2,0,0.030500,9.319542
2004,1066.800000,8.435166,2,0,0.021459,8.456625
2005,1066.833333,8.867542,2,0,0.016750,8.884292
2006,1066.866667,8.550333,2,0,0.015375,8.565708
2007,1066.900000,8.855917,2,0,0.020500,8.876417
2008,1066.933333,8.178125,2,0,0.041209,8.219334
2009,1066.966667,8.243500,2,0,0.037375,8.280875
2010,1067.000000,8.931083,2,0,0.047417,8.978500
2011,1067.033333,9.072750,2,0,0.029625,9.102375
2012,1067.066667,8.682583,2,0,0.017292,8.699875
2013,1067.100000,8.682458,2,0,0.025292,8.707750
2014,1067.133333,8.591250,2,0,0.023833,8.615083
2015,1067.166667,8.433375,2,0,0.022917,8.456292
2016,1067.200000,8.591417,2,0,0.011125,8.602542
2017,1067.233333,7.602958,2,0,0.014042,7.617000
2018,1067.266667,8.432792,2,0,0.021083,8.453875
2019,1067.300000,8.728416,2,0,0.034125,8.762541
2020,1067.333333,8.375709,2,0,0.010916,8.386625
2021,1067.366667,8.608875,2,0,0.018042,8.626917
2022,1067.400000,8.986042,2,0,0.024625,9.010667
2023,1067.433333,8.380667,2,0,0.013042,8.393709
2024,1067.466667,7.649959,2,0,0.011250,7.661209
2025,1067.500000,8.134666,2,0,0.015959,8.150625
2026,1067.533333,8.319375,2,0,0.009583,8.328958
2027,1067.566667,9.417916,2,0,0.033709,9.451625
2028,1067.600000,9.350500,2,0,0.019250,9.369750
2029,1067.633333,9.176292,2,0,0.062333,9.238625
2030,1067.666667,9.032500,2,0,0.015500,9.048000
2031,1067.700000,9.582166,2,0,0.019375,9.601541
2032,1067.733333,9.487292,2,0,0.010375,9.497667
2033,1067.766667,9.002750,2,0,0.009667,9.012417
2034,1067.800000,8.958625,2,0,0.016125,8.974750
2035,1067.833333,9.049917,2,0,0.016000,9.065917
2036,1067.866667,9.153084,2,0,0.024250,9.177334
2037,1067.900000,9.662167,2,0,0.016750,9.678917
2038,1067.933333,8.780084,2,0,0.041291,8.821375
2039,1067.966667,8.995709,2,0,0.024166,9.019875
2040,1068.000000,9.054583,2,0,0.048000,9.102583
2041,1068.033333,9.209709,2,0,0.015375,9.225084
2042,1068.066667,9.308458,2,0,0.017125,9.325583
2043,1068.100000,8.974958,2,0,0.024208,8.999166
2044,1068.133333,8.909959,2,0,0.020500,8.930459
2045,1068.166667,9.491541,2,0,0.011625,9.503166
2046,1068.200000,8.703208,2,0,0.021292,8.724500
2047,1068.233333,8.537916,2,0,0.018000,8.555916
2048,1068.266667,8.681834,2,0,0.019916,8.701750
2049,1068.300000,8.657792,2,0,0.017416,8.675208
2050,1068.333333,8.728250,2,0,0.014167,8.742417
2051,1068.366667,8.556917,2,0,0.017917,8.574834
2052,1068.400000,8.719292,2,0,0.009208,8.728500
2053,1068.433333,8.217125,2,0,0.014125,8.231250
2054,1068.466667,8.486500,2,0,0.024750,8.511250
2055,1068.500000,8.776500,2,0,0.017083,8.793583
2056,1068.533333,8.095542,2,0,0.021708,8.117250
2057,1068.566667,8.125625,2,0,0.013917,8.139542
2058,1068.600000,8.504917,2,0,0.033208,8.538125
2059,1068.633333,8.855333,2,0,0.012667,8.868000
2060,1068.666667,8.436833,2,0,0.033500,8.470333
2061,1068.700000,8.518125,2,0,0.019208,8.537333
2062,1068.733333,8.755042,2,0,0.015375,8.770417
2063,1068.766667,8.232000,2,0,0.011958,8.243958
2064,1068.800000,8.309708,2,0,0.015292,8.325000
2065,1068.833333,8.249167,2,0,0.017542,8.266709
2066,1068.866667,8.612792,2,0,0.013583,8.626375
2067,1068.900000,7.966916,2,0,0.016750,7.983666
2068,1068.933333,8.168959,2,0,0.012500,8.181459
2069,1068.966667,8.198709,2,0,0.022958,8.221667
2070,1069.000000,7.652666,2,0,0.016459,7.669125
2071,1069.033333,7.784375,2,0,0.027875,7.812250
2072,1069.066667,8.111333,2,0,0.032750,8.144083
2073,1069.100000,7.951584,2,0,0.011500,7.963084
2074,1069.133333,9.172292,2,0,0.030125,9.202417
2075,1069.166667,8.564417,2,0,0.012625,8.577042
2076,1069.200000,7.642542,2,0,0.011542,7.654084
2077,1069.233333,7.949834,2,0,0.019041,7.968875
2078,1069.266667,8.248750,2,0,0.018667,8.267417
2079,1069.300000,9.035791,2,0,0.019125,9.054916
2080,1069.333333,8.659750,2,0,0.011083,8.670833
2081,1069.366667,7.382958,2,0,0.040750,7.423708
2082,1069.400000,7.961333,2,0,0.024125,7.985458
2083,1069.433333,7.871042,2,0,0.017666,7.888708
2084,1069.466667,8.218375,2,0,0.014542,8.232917
2085,1069.500000,8.376375,2,0,0.034292,8.410667
2086,1069.533333,8.642208,2,0,0.013333,8.655541
2087,1069.566667,8.856375,2,0,0.012084,8.868459
2088,1069.600000,8.708334,2,0,0.018833,8.727167
2089,1069.633333,8.954042,2,0,0.027875,8.981917
2090,1069.666667,8.732042,2,0,0.014708,8.746750
2091,1069.700000,8.502958,2,0,0.020500,8.523458
2092,1069.733333,8.914541,2,0,0.012375,8.926916
2093,1069.766667,8.734416,2,0,0.022542,8.756958
2094,1069.800000,8.790709,2,0,0.020083,8.810792
2095,1069.833333,8.860208,2,0,0.016250,8.876458
2096,1069.866667,9.421458,2,0,0.020667,9.442125
2097,1069.900000,9.305125,2,0,0.029250,9.334375
2098,1069.933333,8.509500,2,0,0.023292,8.532792
2099,1069.966667,8.274209,2,0,0.026833,8.301042
2100,1070.000000,8.414666,2,0,0.024250,8.438916
2101,1070.033333,8.689875,2,0,0.016375,8.706250
2102,1070.066667,8.285583,2,0,0.033000,8.318583
2103,1070.100000,8.848458,2,0,0.022250,8.870708
2104,1070.133333,8.117833,2,0,0.022167,8.140000
2105,1070.166667,8.171709,2,0,0.011000,8.182709
2106,1070.200000,8.363709,2,0,0.009375,8.373084
2107,1070.233333,7.159125,2,0,0.010500,7.169625
2108,1070.266667,8.980583,2,0,0.035625,9.016208
2109,1070.300000,8.313875,2,0,0.017583,8.331458
2110,1070.333333,8.775458,2,0,0.015500,8.790958
2111,1070.366667,7.926875,2,0,0.016000,7.942875
2112,1070.400000,7.676167,2,0,0.016375,7.692542
2113,1070.433333,6.676708,2,0,0.017709,6.694417
2114,1070.466667,7.409667,2,0,0.040750,7.450417
2115,1070.500000,7.725458,2,0,0.020042,7.745500
2116,1070.533333,7.542958,2,0,0.020542,7.563500
2117,1070.566667,7.686542,2,0,0.017125,7.703667
2118,1070.600000,7.635333,2,0,0.009000,7.644333
2119,1070.633333,8.073750,2,0,0.009083,8.082833
2120,1070.666667,8.210792,2,0,0.022041,8.232833
2121,1070.700000,8.843083,2,0,0.025458,8.868541
2122,1070.733333,8.216625,2,0,0.009084,8.225709
2123,1070.766667,7.368875,2,0,0.033791,7.402666
2124,1070.800000,7.746375,2,0,0.022791,7.769166
2125,1070.833333,8.158834,2,0,0.020041,8.178875
2126,1070.866667,8.930292,2,0,0.022958,8.953250
2127,1070.900000,8.710500,2,0,0.023458,8.733958
2128,1070.933333,8.879209,2,0,0.036625,8.915834
2129,1070.966667,8.829250,2,0,0.020666,8.849916
2130,1071.000000,8.621292,2,0,0.028000,8.649292
2131,1071.033333,9.222459,2,0,0.016958,9.239417
2132,1071.066667,8.437958,2,0,0.009000,8.446958
2133,1071.100000,8.864250,2,0,0.020917,8.885167
2134,1071.133333,8.693792,2,0,0.008667,8.702459
2135,1071.166667,9.385458,2,0,0.028958,9.414416
2136,1071.200000,8.976416,2,0,0.023250,8.999666
2137,1071.233333,9.186417,2,0,0.006416,9.192833
2138,1071.266667,9.430916,2,0,0.031417,9.462333
2139,1071.300000,8.715792,2,0,0.013417,8.729209
2140,1071.333333,9.078333,2,0,0.023500,9.101833
2141,1071.366667,8.319000,2,0,0.015250,8.334250
2142,1071.400000,8.492208,2,0,0.023125,8.515333
2143,1071.433333,8.367750,2,0,0.008333,8.376083
2144,1071.466667,9.073250,2,0,0.028083,9.101333
2145,1071.500000,8.665625,2,0,0.014083,8.679708
2146,1071.533333,8.419792,2,0,0.007208,8.427000
2147,1071.566667,7.818958,2,0,0.019625,7.838583
2148,1071.600000,8.356334,2,0,0.021500,8.377834
2149,1071.633333,8.742041,2,0,0.010542,8.752583
2150,1071.666667,8.091875,2,0,0.014000,8.105875
2151,1071.700000,9.179458,2,0,0.048917,9.228375
2152,1071.733333,7.986417,2,0,0.016541,8.002958
2153,1071.766667,8.561667,2,0,0.024583,8.586250
2154,1071.800000,8.116667,2,0,0.019917,8.136584
2155,1071.833333,8.211500,2,0,0.025750,8.237250
2156,1071.866667,8.645250,2,0,0.033166,8.678416
2157,1071.900000,9.145542,2,0,0.020875,9.166417
2158,1071.933333,8.171917,2,0,0.020167,8.192084
2159,1071.966667,7.802541,2,0,0.024542,7.827083
2160,1072.000000,8.401709,2,0,0.026375,8.428084
2161,1072.033333,8.764625,2,0,0.034709,8.799334
2162,1072.066667,7.800250,2,0,0.023000,7.823250
2163,1072.100000,8.130500,2,0,0.012500,8.143000
2164,1072.133333,8.231750,2,0,0.023500,8.255250
2165,1072.166667,7.853291,2,0,0.034125,7.887416
2166,1072.200000,8.220083,2,0,0.010167,8.230250
2167,1072.233333,7.977875,2,0,0.014209,7.992084
2168,1072.266667,8.316125,2,0,0.031833,8.347958
2169,1072.300000,7.819583,2,0,0.014959,7.834542
2170,1072.333333,8.084250,2,0,0.019750,8.104000
2171,1072.366667,8.059709,2,0,0.017208,8.076917
2172,1072.400000,7.587167,2,0,0.037250,7.624417
2173,1072.433333,6.643083,2,0,0.020000,6.663083
2174,1072.466667,7.365750,2,0,0.019375,7.385125
2175,1072.500000,7.402709,2,0,0.016125,7.418834
2176,1072.533333,7.462541,2,0,0.035417,7.497958
2177,1072.566667,8.210791,2,0,0.027750,8.238541
2178,1072.600000,8.090334,2,0,0.013750,8.104084
2179,1072.633333,7.325167,2,0,0.010667,7.335834
2180,1072.666667,9.372875,2,0,0.012500,9.385375
2181,1072.700000,7.995250,2,0,0.011458,8.006708
2182,1072.733333,7.582750,2,0,0.013833,7.596583
2183,1072.766667,9.521958,2,0,0.012250,9.534208
2184,1072.800000,7.978084,2,0,0.012791,7.990875
2185,1072.833333,7.931750,2,0,0.013542,7.945292
2186,1072.866667,8.170959,2,0,0.040791,8.211750
2187,1072.900000,8.661917,2,0,0.013542,8.675459
2188,1072.933333,8.922708,2,0,0.018500,8.941208
2189,1072.966667,9.679917,2,0,0.013500,9.693417
2190,1073.000000,9.916834,2,0,0.011875,9.928709
2191,1073.033333,9.559167,2,0,0.011083,9.570250
2192,1073.066667,9.338333,2,0,0.040000,9.378333
2193,1073.100000,10.380542,2,0,0.017917,10.398459
2194,1073.133333,9.452916,2,0,0.025584,9.478500
2195,1073.166667,9.647333,2,0,0.015250,9.662583
2196,1073.200000,10.846958,2,0,0.028042,10.875000
2197,1073.233333,9.539833,2,0,0.021250,9.561083
2198,1073.266667,9.440209,2,0,0.025583,9.465792
2199,1073.300000,10.738250,2,0,0.018875,10.757125
2200,1073.333333,9.545625,2,0,0.048709,9.594334
2201,1073.366667,9.684667,2,0,0.040292,9.724959
2202,1073.400000,10.251292,2,0,0.063042,10.314334
2203,1073.433333,9.180208,2,0,0.027917,9.208125
2204,1073.466667,9.985792,2,0,0.027791,10.013583
2205,1073.500000,9.835666,2,0,0.033167,9.868833
2206,1073.533333,9.890459,2,0,0.021666,9.912125
2207,1073.566667,10.061333,2,0,0.039625,10.100958
2208,1073.600000,9.571084,2,0,0.017291,9.588375
2209,1073.633333,9.771167,2,0,0.021125,9.792292
2210,1073.666667,9.791500,2,0,0.010917,9.802417
2211,1073.700000,9.272959,2,0,0.049875,9.322834
2212,1073.733333,10.042458,2,0,0.012667,10.055125
2213,1073.766667,9.964667,2,0,0.016708,9.981375
2214,1073.800000,10.433209,2,0,0.021250,10.454459
2215,1073.833333,9.726542,2,0,0.028375,9.754917
2216,1073.866667,10.211459,2,0,0.016583,10.228042
2217,1073.900000,9.702708,2,0,0.021959,9.724667
2218,1073.933333,9.347458,2,0,0.014250,9.361708
2219,1073.966667,9.196875,2,0,0.022041,9.218916
2220,1074.000000,9.731542,2,0,0.019458,9.751000
2221,1074.033333,9.647542,2,0,0.007917,9.655459
2222,1074.066667,9.854958,2,0,0.026167,9.881125
2223,1074.100000,10.135250,2,0,0.027750,10.163000
2224,1074.133333,9.741459,2,0,0.010916,9.752375
2225,1074.166667,9.762042,2,0,0.021750,9.783792
2226,1074.200000,9.807417,2,0,0.021083,9.828500
2227,1074.233333,10.250792,2,0,0.011083,10.261875
2228,1074.266667,10.067417,2,0,0.024208,10.091625
2229,1074.300000,9.474750,2,0,0.018333,9.493083
2230,1074.333333,10.320834,2,0,0.029791,10.350625
2231,1074.366667,10.132542,2,0,0.026292,10.158834
2232,1074.400000,9.761583,2,0,0.030042,9.791625
2233,1074.433333,9.930750,2,0,0.022625,9.953375
2234,1074.466667,10.188000,2,0,0.016125,10.204125
2235,1074.500000,9.688708,2,0,0.014292,9.703000
2236,1074.533333,9.516250,2,0,0.017166,9.533416
2237,1074.566667,9.476583,2,0,0.009334,9.485917
2238,1074.600000,9.841334,2,0,0.026500,9.867834
2239,1074.633333,10.670666,2,0,0.016250,10.686916
2240,1074.666667,8.655583,2,0,0.014292,8.669875
2241,1074.700000,8.401375,2,0,0.012958,8.414333
2242,1074.733333,8.163125,2,0,0.011375,8.174500
2243,1074.766667,7.561625,2,0,0.013166,7.574791
2244,1074.800000,8.212084,2,0,0.011958,8.224042
2245,1074.833333,7.966792,2,0,0.036208,8.003000
2246,1074.866667,8.770291,2,0,0.010792,8.781083
2247,1074.900000,9.434083,2,0,0.015083,9.449166
2248,1074.933333,9.396084,2,0,0.013708,9.409792
2249,1074.966667,9.585500,2,0,0.038292,9.623792
2250,1075.000000,9.925625,2,0,0.010542,9.936167
2251,1075.033333,9.905000,2,0,0.033667,9.938667
2252,1075.066667,10.041250,2,0,0.011459,10.052709
2253,1075.100000,9.464166,2,0,0.016750,9.480916
2254,1075.133333,10.512583,2,0,0.022750,10.535333
2255,1075.166667,10.418583,2,0,0.034042,10.452625
2256,1075.200000,10.454041,2,0,0.018417,10.472458
2257,1075.233333,10.356083,2,0,0.025208,10.381291
2258,1075.266667,10.472000,2,0,0.014167,10.486167
2259,1075.300000,9.866833,2,0,0.016750,9.883583
2260,1075.333333,11.101333,2,0,0.016125,11.117458
2261,1075.366667,10.198334,2,0,0.011666,10.210000
2262,1075.400000,10.301583,2,0,0.015792,10.317375
2263,1075.433333,10.039791,2,0,0.036334,10.076125
2264,1075.466667,9.434625,2,0,0.023208,9.457833
2265,1075.500000,9.516083,2,0,0.011125,9.527208
2266,1075.533333,9.611542,2,0,0.020083,9.631625
2267,1075.566667,10.078916,2,0,0.014125,10.093041
2268,1075.600000,10.355667,2,0,0.015500,10.371167
2269,1075.633333,10.564083,2,0,0.020125,10.584208
2270,1075.666667,9.497208,2,0,0.023208,9.520416
2271,1075.700000,9.892833,2,0,0.018208,9.911041
2272,1075.733333,10.341125,2,0,0.034333,10.375458
2273,1075.766667,9.917375,2,0,0.023458,9.940833
2274,1075.800000,10.325250,2,0,0.013792,10.339042
2275,1075.833333,10.738625,2,0,0.029208,10.767833
2276,1075.866667,10.393625,2,0,0.027208,10.420833
2277,1075.900000,10.454666,2,0,0.021750,10.476416
2278,1075.933333,10.567958,2,0,0.036584,10.604542
2279,1075.966667,10.031292,2,0,0.036375,10.067667
2280,1076.000000,10.924958,2,0,0.030042,10.955000
2281,1076.033333,9.728375,2,0,0.010917,9.739292
2282,1076.066667,8.768500,2,0,0.013209,8.781709
2283,1076.100000,9.496709,2,0,0.013250,9.509959
2284,1076.133333,8.985541,2,0,0.013292,8.998833
2285,1076.166667,8.669250,2,0,0.035667,8.704917
2286,1076.200000,8.302833,2,0,0.022709,8.325542
2287,1076.233333,9.013792,2,0,0.018375,9.032167
2288,1076.266667,9.154000,2,0,0.026208,9.180208
2289,1076.300000,9.975875,2,0,0.021541,9.997416
2290,1076.333333,9.245917,2,0,0.010625,9.256542
2291,1076.366667,10.910459,2,0,0.035625,10.946084
2292,1076.400000,10.874708,2,0,0.031042,10.905750
2293,1076.433333,10.306500,2,0,0.023375,10.329875
2294,1076.466667,10.450667,2,0,0.027250,10.477917
2295,1076.500000,10.720000,2,0,0.023542,10.743542
2296,1076.533333,10.433542,2,0,0.031333,10.464875
2297,1076.566667,10.600167,2,0,0.013542,10.613709
2298,1076.600000,10.605875,2,0,0.020584,10.626459
2299,1076.633333,10.313333,2,0,0.035917,10.349250
2300,1076.666667,10.937916,2,0,0.016000,10.953916
2301,1076.700000,10.657458,2,0,0.010167,10.667625
2302,1076.733333,10.622416,2,0,0.009750,10.632166
2303,1076.766667,10.457291,2,0,0.017250,10.474541
2304,1076.800000,10.449459,2,0,0.012250,10.461709
2305,1076.833333,10.773875,2,0,0.015000,10.788875
2306,1076.866667,11.686916,2,0,0.018334,11.705250
2307,1076.900000,11.033041,2,0,0.015500,11.048541
2308,1076.933333,10.028375,2,0,0.012084,10.040459
2309,1076.966667,10.493834,2,0,0.031833,10.525667
2310,1077.000000,10.670042,2,0,0.017583,10.687625
2311,1077.033333,11.140875,2,0,0.026875,11.167750
2312,1077.066667,10.594916,2,0,0.021792,10.616708
2313,1077.100000,10.614584,2,0,0.016458,10.631042
2314,1077.133333,10.245458,2,0,0.015250,10.260708
2315,1077.166667,10.089958,2,0,0.017292,10.107250
2316,1077.200000,11.239625,2,0,0.019833,11.259458
2317,1077.233333,10.808083,2,0,0.026500,10.834583
2318,1077.266667,10.591291,2,0,0.032625,10.623916
2319,1077.300000,10.852250,2,0,0.025417,10.877667
2320,1077.333333,10.655333,2,0,0.011292,10.666625
2321,1077.366667,10.864917,2,0,0.030958,10.895875
2322,1077.400000,10.368833,2,0,0.022125,10.390958
2323,1077.433333,10.982625,2,0,0.005417,10.988042
2324,1077.466667,10.638250,2,0,0.016375,10.654625
2325,1077.500000,10.826042,2,0,0.024875,10.850917
2326,1077.533333,10.862125,2,0,0.037625,10.899750
2327,1077.566667,10.635167,2,0,0.022875,10.658042
2328,1077.600000,10.763250,2,0,0.012167,10.775417
2329,1077.633333,10.812417,2,0,0.021292,10.833709
2330,1077.666667,10.865792,2,0,0.035542,10.901334
2331,1077.700000,10.810042,2,0,0.013958,10.824000
2332,1077.733333,11.093042,2,0,0.012125,11.105167
2333,1077.766667,10.840750,2,0,0.032333,10.873083
2334,1077.800000,11.292416,2,0,0.028500,11.320916
2335,1077.833333,10.891333,2,0,0.013500,10.904833
2336,1077.866667,10.732791,2,0,0.016084,10.748875
2337,1077.900000,10.486916,2,0,0.025334,10.512250
2338,1077.933333,10.643750,2,0,0.011333,10.655083
2339,1077.966667,12.823916,2,0,0.033750,12.857666
2340,1078.000000,10.843708,2,0,0.027708,10.871416
2341,1078.033333,10.758583,2,0,0.020333,10.778916
2342,1078.066667,10.793709,2,0,0.023541,10.817250
2343,1078.100000,10.878333,2,0,0.021375,10.899708
2344,1078.133333,11.449208,2,0,0.020458,11.469666
2345,1078.166667,11.173959,2,0,0.022916,11.196875
2346,1078.200000,10.851292,2,0,0.028167,10.879459
2347,1078.233333,10.901208,2,0,0.040500,10.941708
2348,1078.266667,11.060208,2,0,0.016333,11.076541
2349,1078.300000,10.828125,2,0,0.010625,10.838750
2350,1078.333333,10.634208,2,0,0.012250,10.646458
2351,1078.366667,10.262250,2,0,0.015292,10.277542
2352,1078.400000,10.421833,2,0,0.025458,10.447291
2353,1078.433333,9.669167,2,0,0.010958,9.680125
2354,1078.466667,10.415833,2,0,0.035458,10.451291
2355,1078.500000,10.058375,2,0,0.019625,10.078000
2356,1078.533333,10.241333,2,0,0.022292,10.263625
2357,1078.566667,10.390916,2,0,0.028334,10.419250
2358,1078.600000,10.374666,2,0,0.016584,10.391250
2359,1078.633333,10.854500,2,0,0.015459,10.869959
2360,1078.666667,12.348916,2,0,0.014709,12.363625
2361,1078.700000,11.172416,2,0,0.016625,11.189041
2362,1078.733333,10.801458,2,0,0.033583,10.835041
2363,1078.766667,11.041375,2,0,0.009208,11.050583
2364,1078.800000,10.755917,2,0,0.034917,10.790834
2365,1078.833333,10.602792,2,0,0.014500,10.617292
2366,1078.866667,10.526125,2,0,0.015042,10.541167
2367,1078.900000,10.460833,2,0,0.030542,10.491375
2368,1078.933333,10.777417,2,0,0.020916,10.798333
2369,1078.966667,10.942750,2,0,0.027834,10.970584
2370,1079.000000,10.309125,2,0,0.027916,10.337041
2371,1079.033333,10.605166,2,0,0.011459,10.616625
2372,1079.066667,10.366166,2,0,0.024250,10.390416
2373,1079.100000,10.500625,2,0,0.011833,10.512458
2374,1079.133333,10.523209,2,0,0.013333,10.536542
2375,1079.166667,10.733792,2,0,0.027875,10.761667
2376,1079.200000,10.787458,2,0,0.051709,10.839167
2377,1079.233333,10.330750,2,0,0.009375,10.340125
2378,1079.266667,10.731250,2,0,0.007916,10.739166
2379,1079.300000,10.554250,2,0,0.014167,10.568417
2380,1079.333333,10.784667,2,0,0.009125,10.793792
2381,1079.366667,11.290416,2,0,0.014000,11.304416
2382,1079.400000,10.684416,2,0,0.032292,10.716708
2383,1079.433333,10.274833,2,0,0.018875,10.293708
2384,1079.466667,10.573334,2,0,0.012041,10.585375
2385,1079.500000,10.366084,2,0,0.017041,10.383125
2386,1079.533333,10.344541,2,0,0.012542,10.357083
2387,1079.566667,10.474458,2,0,0.015417,10.489875
2388,1079.600000,10.314042,2,0,0.030042,10.344084
2389,1079.633333,11.037250,2,0,0.052500,11.089750
2390,1079.666667,10.576750,2,0,0.016458,10.593208
2391,1079.700000,10.900458,2,0,0.030792,10.931250
2392,1079.733333,10.827125,2,0,0.026708,10.853833
2393,1079.766667,11.074416,2,0,0.014375,11.088791
2394,1079.800000,11.269625,2,0,0.034792,11.304417
2395,1079.833333,11.138000,2,0,0.031500,11.169500
2396,1079.866667,10.615041,2,0,0.042084,10.657125
2397,1079.900000,10.817834,2,0,0.022375,10.840209
2398,1079.933333,10.988417,2,0,0.024792,11.013209
2399,1079.966667,12.255792,2,0,0.025625,12.281417
2400,1080.000000,10.790875,2,0,0.022708,10.813583
2401,1080.033333,11.020375,2,0,0.022083,11.042458
2402,1080.066667,10.028875,2,0,0.017542,10.046417
2403,1080.100000,10.952625,2,0,0.017208,10.969833
2404,1080.133333,10.662583,2,0,0.023375,10.685958
2405,1080.166667,10.638459,2,0,0.021250,10.659709
2406,1080.200000,10.660667,2,0,0.013875,10.674542
2407,1080.233333,10.664334,2,0,0.013833,10.678167
2408,1080.266667,11.188792,2,0,0.010333,11.199125
2409,1080.300000,10.674542,2,0,0.019792,10.694334
2410,1080.333333,10.437750,2,0,0.021333,10.459083
2411,1080.366667,10.747209,2,0,0.011708,10.758917
2412,1080.400000,11.002917,2,0,0.016292,11.019209
2413,1080.433333,9.431083,2,0,0.031500,9.462583
2414,1080.466667,9.986000,2,0,0.038875,10.024875
2415,1080.500000,10.241417,2,0,0.037958,10.279375
2416,1080.533333,10.537125,2,0,0.023292,10.560417
2417,1080.566667,10.395375,2,0,0.015958,10.411333
2418,1080.600000,10.877042,2,0,0.019416,10.896458
2419,1080.633333,11.108041,2,0,0.008459,11.116500
2420,1080.666667,10.100166,2,0,0.025959,10.126125
2421,1080.700000,10.942458,2,0,0.017334,10.959792
2422,1080.733333,10.176959,2,0,0.021125,10.198084
2423,1080.766667,10.747209,2,0,0.012333,10.759542
2424,1080.800000,10.582375,2,0,0.012708,10.595083
2425,1080.833333,10.623750,2,0,0.026708,10.650458
2426,1080.866667,10.838167,2,0,0.022875,10.861042
2427,1080.900000,10.800667,2,0,0.024583,10.825250
2428,1080.933333,10.908833,2,0,0.010625,10.919458
2429,1080.966667,10.615959,2,0,0.024625,10.640584
2430,1081.000000,10.672416,2,0,0.018125,10.690541
2431,1081.033333,11.058875,2,0,0.023000,11.081875
2432,1081.066667,10.405708,2,0,0.014542,10.420250
2433,1081.100000,10.486167,2,0,0.034583,10.520750
2434,1081.133333,10.770000,2,0,0.019833,10.789833
2435,1081.166667,10.621916,2,0,0.012750,10.634666
2436,1081.200000,10.715416,2,0,0.028417,10.743833
2437,1081.233333,10.468709,2,0,0.014916,10.483625
2438,1081.266667,10.597417,2,0,0.009625,10.607042
2439,1081.300000,11.118541,2,0,0.023834,11.142375
2440,1081.333333,10.561208,2,0,0.012667,10.573875
2441,1081.366667,9.949083,2,0,0.022584,9.971667
2442,1081.400000,10.880500,2,0,0.016875,10.897375
2443,1081.433333,10.357584,2,0,0.019250,10.376834
2444,1081.466667,9.668583,2,0,0.015167,9.683750
2445,1081.500000,9.162208,2,0,0.032084,9.194292
2446,1081.533333,9.431042,2,0,0.014833,9.445875
2447,1081.566667,9.641791,2,0,0.027750,9.669541
2448,1081.600000,9.770416,2,0,0.022459,9.792875
2449,1081.633333,10.278708,2,0,0.025542,10.304250
2450,1081.666667,10.290542,2,0,0.016791,10.307333
2451,1081.700000,10.864208,2,0,0.023334,10.887542
2452,1081.733333,9.998875,2,0,0.020209,10.019084
2453,1081.766667,9.727166,2,0,0.016334,9.743500
2454,1081.800000,10.921792,2,0,0.027833,10.949625
2455,1081.833333,9.977750,2,0,0.030000,10.007750
2456,1081.866667,10.140333,2,0,0.020667,10.161000
2457,1081.900000,11.942917,2,0,0.023333,11.966250
2458,1081.933333,10.135750,2,0,0.014583,10.150333
2459,1081.966667,12.200250,2,0,0.030917,12.231167
2460,1082.000000,9.867542,2,0,0.008292,9.875834
2461,1082.033333,10.640833,2,0,0.019459,10.660292
2462,1082.066667,10.690792,2,0,0.024833,10.715625
2463,1082.100000,11.121917,2,0,0.013791,11.135708
2464,1082.133333,8.540333,2,0,0.011250,8.551583
2465,1082.166667,8.517792,2,0,0.014083,8.531875
2466,1082.200000,8.590708,2,0,0.013042,8.603750
2467,1082.233333,9.056708,2,0,0.013917,9.070625
2468,1082.266667,8.634417,2,0,0.011666,8.646083
2469,1082.300000,8.835334,2,0,0.026166,8.861500
2470,1082.333333,9.012083,2,0,0.031208,9.043291
2471,1082.366667,9.901833,2,0,0.011542,9.913375
2472,1082.400000,10.103167,2,0,0.023208,10.126375
2473,1082.433333,10.338125,2,0,0.011292,10.349417
2474,1082.466667,10.989709,2,0,0.044916,11.034625
2475,1082.500000,10.393333,2,0,0.032750,10.426083
2476,1082.533333,10.660666,2,0,0.018292,10.678958
2477,1082.566667,11.542625,2,0,0.026542,11.569167
2478,1082.600000,10.299500,2,0,0.038417,10.337917
2479,1082.633333,10.621042,2,0,0.011833,10.632875
2480,1082.666667,10.795500,2,0,0.047834,10.843334
2481,1082.700000,10.622500,2,0,0.019917,10.642417
2482,1082.733333,8.379167,2,0,0.012166,8.391333
2483,1082.766667,8.919917,2,0,0.014583,8.934500
2484,1082.800000,8.829167,2,0,0.011792,8.840959
2485,1082.833333,9.241292,2,0,0.017166,9.258458
2486,1082.866667,8.318209,2,0,0.042458,8.360667
2487,1082.900000,8.269584,2,0,0.036833,8.306417
2488,1082.933333,9.046250,2,0,0.024417,9.070667
2489,1082.966667,9.608792,2,0,0.020083,9.628875
2490,1083.000000,10.255042,2,0,0.025167,10.280209
2491,1083.033333,9.651959,2,0,0.018916,9.670875
2492,1083.066667,10.263375,2,0,0.028625,10.292000
2493,1083.100000,10.859375,2,0,0.027416,10.886791
2494,1083.133333,10.276750,2,0,0.021042,10.297792
2495,1083.166667,10.774417,2,0,0.019916,10.794333
2496,1083.200000,10.446375,2,0,0.016375,10.462750
2497,1083.233333,11.779500,2,0,0.029125,11.808625
2498,1083.266667,10.587917,2,0,0.024292,10.612209
2499,1083.300000,9.396209,2,0,0.014666,9.410875
2500,1083.333333,9.937917,2,0,0.012083,9.950000
2501,1083.366667,9.393542,2,0,0.013958,9.407500
2502,1083.400000,9.226541,2,0,0.019084,9.245625
2503,1083.433333,8.102083,2,0,0.015834,8.117917
2504,1083.466667,8.163458,2,0,0.037417,8.200875
2505,1083.500000,8.257959,2,0,0.037458,8.295417
2506,1083.533333,9.525875,2,0,0.028375,9.554250
2507,1083.566667,10.187875,2,0,0.028750,10.216625
2508,1083.600000,9.780000,2,0,0.023416,9.803416
2509,1083.633333,10.384917,2,0,0.022166,10.407083
2510,1083.666667,10.779667,2,0,0.021833,10.801500
2511,1083.700000,9.898542,2,0,0.019708,9.918250
2512,1083.733333,10.471541,2,0,0.022375,10.493916
2513,1083.766667,10.391083,2,0,0.012417,10.403500
2514,1083.800000,10.120167,2,0,0.020458,10.140625
2515,1083.833333,10.440250,2,0,0.021208,10.461458
2516,1083.866667,10.441208,2,0,0.012750,10.453958
2517,1083.900000,9.964667,2,0,0.017833,9.982500
2518,1083.933333,10.790000,2,0,0.024209,10.814209
2519,1083.966667,10.560167,2,0,0.024583,10.584750
2520,1084.000000,10.403750,2,0,0.026666,10.430416
2521,1084.033333,10.171667,2,0,0.026833,10.198500
2522,1084.066667,9.468375,2,0,0.013500,9.481875
2523,1084.100000,8.339334,2,0,0.011958,8.351292
2524,1084.133333,9.133542,2,0,0.012666,9.146208
2525,1084.166667,9.228416,2,0,0.015667,9.244083
2526,1084.200000,8.449792,2,0,0.023916,8.473708
2527,1084.233333,8.672791,2,0,0.037334,8.710125
2528,1084.266667,8.482167,2,0,0.016541,8.498708
2529,1084.300000,9.151791,2,0,0.021834,9.173625
2530,1084.333333,9.258542,2,0,0.019875,9.278417
2531,1084.366667,9.824833,2,0,0.038750,9.863583
2532,1084.400000,10.111209,2,0,0.024166,10.135375
2533,1084.433333,10.246167,2,0,0.021500,10.267667
2534,1084.466667,10.492042,2,0,0.025041,10.517083
2535,1084.500000,9.015458,2,0,0.020209,9.035667
2536,1084.533333,9.810625,2,0,0.017125,9.827750
2537,1084.566667,8.819375,2,0,0.011500,8.830875
2538,1084.600000,9.165000,2,0,0.013125,9.178125
2539,1084.633333,9.864750,2,0,0.013333,9.878083
2540,1084.666667,9.135959,2,0,0.023500,9.159459
2541,1084.700000,10.516541,2,0,0.017167,10.533708
2542,1084.733333,8.472500,2,0,0.010459,8.482959
2543,1084.766667,9.005792,2,0,0.019500,9.025292
2544,1084.800000,9.211875,2,0,0.020250,9.232125
2545,1084.833333,9.954875,2,0,0.032708,9.987583
2546,1084.866667,9.867583,2,0,0.035417,9.903000
2547,1084.900000,10.782292,2,0,0.012917,10.795209
2548,1084.933333,10.051500,2,0,0.014834,10.066334
2549,1084.966667,10.012542,2,0,0.024666,10.037208
2550,1085.000000,10.036167,2,0,0.014750,10.050917
2551,1085.033333,11.005667,2,0,0.015083,11.020750
2552,1085.066667,9.272333,2,0,0.011458,9.283791
2553,1085.100000,8.768959,2,0,0.011833,8.780792
2554,1085.133333,9.112375,2,0,0.018000,9.130375
2555,1085.166667,9.068375,2,0,0.015417,9.083792
2556,1085.200000,8.431167,2,0,0.014916,8.446083
2557,1085.233333,8.975000,2,0,0.011667,8.986667
2558,1085.266667,8.676166,2,0,0.030500,8.706666
2559,1085.300000,9.149917,2,0,0.032416,9.182333
2560,1085.333333,9.567958,2,0,0.033125,9.601083
2561,1085.366667,9.771917,2,0,0.023792,9.795709
2562,1085.400000,9.909500,2,0,0.014084,9.923584
2563,1085.433333,8.407459,2,0,0.011875,8.419334
2564,1085.466667,9.084125,2,0,0.039958,9.124083
2565,1085.500000,9.030042,2,0,0.015458,9.045500
2566,1085.533333,9.828917,2,0,0.023875,9.852792
2567,1085.566667,9.348666,2,0,0.040209,9.388875
2568,1085.600000,10.290792,2,0,0.037125,10.327917
2569,1085.633333,8.979084,2,0,0.012041,8.991125
2570,1085.666667,9.379292,2,0,0.014958,9.394250
2571,1085.700000,9.352250,2,0,0.014417,9.366667
2572,1085.733333,8.853708,2,0,0.017375,8.871083
2573,1085.766667,9.485792,2,0,0.015458,9.501250
2574,1085.800000,8.963000,2,0,0.042333,9.005333
2575,1085.833333,8.519459,2,0,0.021000,8.540459
2576,1085.866667,9.551375,2,0,0.021666,9.573041
2577,1085.900000,9.536209,2,0,0.021416,9.557625
2578,1085.933333,9.744875,2,0,0.014125,9.759000
2579,1085.966667,10.182541,2,0,0.022500,10.205041
2580,1086.000000,10.197833,2,0,0.030000,10.227833
2581,1086.033333,10.095875,2,0,0.013250,10.109125
2582,1086.066667,9.806792,2,0,0.025375,9.832167
2583,1086.100000,10.457792,2,0,0.026458,10.484250
2584,1086.133333,9.466500,2,0,0.014541,9.481041
2585,1086.166667,8.846833,2,0,0.014375,8.861208
2586,1086.200000,9.414042,2,0,0.015416,9.429458
2587,1086.233333,8.841334,2,0,0.016208,8.857542
2588,1086.266667,8.330667,2,0,0.012958,8.343625
2589,1086.300000,8.228583,2,0,0.011083,8.239666
2590,1086.333333,7.999292,2,0,0.011208,8.010500
2591,1086.366667,8.792167,2,0,0.052125,8.844292
2592,1086.400000,8.827375,2,0,0.032583,8.859958
2593,1086.433333,9.415750,2,0,0.026667,9.442417
2594,1086.466667,9.807250,2,0,0.018125,9.825375
2595,1086.500000,9.484333,2,0,0.038833,9.523166
2596,1086.533333,9.753958,2,0,0.025917,9.779875
2597,1086.566667,10.127333,2,0,0.017375,10.144708
2598,1086.600000,9.689459,2,0,0.029875,9.719334
2599,1086.633333,10.130292,2,0,0.024417,10.154709
2600,1086.666667,10.053125,2,0,0.041958,10.095083
2601,1086.700000,9.905541,2,0,0.013167,9.918708
2602,1086.733333,9.690541,2,0,0.013500,9.704041
2603,1086.766667,10.240584,2,0,0.023625,10.264209
2604,1086.800000,9.950166,2,0,0.024375,9.974541
2605,1086.833333,10.289125,2,0,0.021958,10.311083
2606,1086.866667,10.075500,2,0,0.022958,10.098458
2607,1086.900000,8.978792,2,0,0.012000,8.990792
2608,1086.933333,9.238666,2,0,0.015125,9.253791
2609,1086.966667,8.534459,2,0,0.014625,8.549084
2610,1087.000000,8.992375,2,0,0.013417,9.005792
2611,1087.033333,8.784417,2,0,0.030708,8.815125
2612,1087.066667,8.704041,2,0,0.033959,8.738000
2613,1087.100000,9.793917,2,0,0.025875,9.819792
2614,1087.133333,9.806375,2,0,0.030500,9.836875
2615,1087.166667,10.090708,2,0,0.038000,10.128708
2616,1087.200000,9.833667,2,0,0.026375,9.860042
2617,1087.233333,9.615250,2,0,0.022541,9.637791
2618,1087.266667,10.597291,2,0,0.027667,10.624958
2619,1087.300000,9.880500,2,0,0.005916,9.886416
2620,1087.333333,10.222625,2,0,0.007292,10.229917
2621,1087.366667,10.330833,2,0,0.033833,10.364666
2622,1087.400000,10.238584,2,0,0.012916,10.251500
2623,1087.433333,10.012833,2,0,0.020250,10.033083
2624,1087.466667,10.320958,2,0,0.031542,10.352500
2625,1087.500000,9.371583,2,0,0.013208,9.384791
2626,1087.533333,10.777792,2,0,0.040167,10.817959
2627,1087.566667,9.413167,2,0,0.025583,9.438750
2628,1087.600000,8.844834,2,0,0.011833,8.856667
2629,1087.633333,8.748750,2,0,0.013667,8.762417
2630,1087.666667,9.051458,2,0,0.014583,9.066041
2631,1087.700000,9.315584,2,0,0.014041,9.329625
2632,1087.733333,8.105542,2,0,0.040292,8.145834
2633,1087.766667,8.609292,2,0,0.029000,8.638292
2634,1087.800000,9.122416,2,0,0.011375,9.133791
2635,1087.833333,9.631666,2,0,0.020292,9.651958
2636,1087.866667,9.522000,2,0,0.018709,9.540709
2637,1087.900000,9.875542,2,0,0.012166,9.887708
2638,1087.933333,11.802000,2,0,0.025458,11.827458
2639,1087.966667,10.216250,2,0,0.015417,10.231667
2640,1088.000000,10.106792,2,0,0.019458,10.126250
2641,1088.033333,10.261916,2,0,0.030042,10.291958
2642,1088.066667,10.030959,2,0,0.026166,10.057125
2643,1088.100000,10.585916,2,0,0.011834,10.597750
2644,1088.133333,11.792709,2,0,0.009541,11.802250
2645,1088.166667,10.071792,2,0,0.031541,10.103333
2646,1088.200000,10.144291,2,0,0.018959,10.163250
2647,1088.233333,10.386500,2,0,0.013500,10.400000
2648,1088.266667,9.988416,2,0,0.028750,10.017166
2649,1088.300000,9.660917,2,0,0.009292,9.670209
2650,1088.333333,10.402709,2,0,0.028666,10.431375
2651,1088.366667,10.364208,2,0,0.037875,10.402083
2652,1088.400000,10.525666,2,0,0.017709,10.543375
2653,1088.433333,11.213125,2,0,0.014958,11.228083
2654,1088.466667,9.588833,2,0,0.008792,9.597625
2655,1088.500000,9.116750,2,0,0.014000,9.130750
2656,1088.533333,8.740750,2,0,0.013625,8.754375
2657,1088.566667,8.356250,2,0,0.011166,8.367416
2658,1088.600000,8.143125,2,0,0.010042,8.153167
2659,1088.633333,8.441125,2,0,0.020333,8.461458
2660,1088.666667,8.919042,2,0,0.038291,8.957333
2661,1088.700000,9.406458,2,0,0.019750,9.426208
2662,1088.733333,9.791750,2,0,0.017542,9.809292
2663,1088.766667,8.486167,2,0,0.011792,8.497959
2664,1088.800000,8.543208,2,0,0.011833,8.555041
2665,1088.833333,9.139042,2,0,0.016208,9.155250
2666,1088.866667,12.083042,2,0,0.013458,12.096500
2667,1088.900000,8.105875,2,0,0.057125,8.163000
2668,1088.933333,8.180000,2,0,0.021625,8.201625
2669,1088.966667,8.376167,2,0,0.037333,8.413500
2670,1089.000000,9.297209,2,0,0.011208,9.308417
2671,1089.033333,9.636875,2,0,0.017333,9.654208
2672,1089.066667,9.151167,2,0,0.027667,9.178834
2673,1089.100000,10.219958,2,0,0.011875,10.231833
2674,1089.133333,10.175542,2,0,0.031375,10.206917
2675,1089.166667,8.434958,2,0,0.011292,8.446250
2676,1089.200000,8.463000,2,0,0.008708,8.471708
2677,1089.233333,8.627416,2,0,0.014584,8.642000
2678,1089.266667,9.032167,2,0,0.015667,9.047834
2679,1089.300000,8.320958,2,0,0.012250,8.333208
2680,1089.333333,8.609083,2,0,0.025583,8.634666
2681,1089.366667,8.875959,2,0,0.037583,8.913542
2682,1089.400000,9.872583,2,0,0.014792,9.887375
2683,1089.433333,9.234834,2,0,0.037041,9.271875
2684,1089.466667,9.574292,2,0,0.012333,9.586625
2685,1089.500000,9.626833,2,0,0.015417,9.642250
2686,1089.533333,10.073833,2,0,0.028167,10.102000
2687,1089.566667,10.923833,2,0,0.022875,10.946708
2688,1089.600000,8.960083,2,0,0.011792,8.971875
2689,1089.633333,8.509541,2,0,0.013917,8.523458
2690,1089.666667,8.173584,2,0,0.014083,8.187667
2691,1089.700000,8.952917,2,0,0.014875,8.967792
2692,1089.733333,8.943458,2,0,0.012042,8.955500
2693,1089.766667,8.607458,2,0,0.041417,8.648875
2694,1089.800000,9.209792,2,0,0.022750,9.232542
2695,1089.833333,10.012458,2,0,0.021625,10.034083
2696,1089.866667,9.728375,2,0,0.029667,9.758042
2697,1089.900000,9.916458,2,0,0.033083,9.949541
2698,1089.933333,10.734083,2,0,0.014833,10.748916
2699,1089.966667,9.003417,2,0,0.014458,9.017875
2700,1090.000000,8.637042,2,0,0.013125,8.650167
2701,1090.033333,9.534708,2,0,0.014917,9.549625
2702,1090.066667,8.733208,2,0,0.014875,8.748083
2703,1090.100000,8.329875,2,0,0.012250,8.342125
2704,1090.133333,8.985458,2,0,0.017709,9.003167
2705,1090.166667,9.563667,2,0,0.026125,9.589792
2706,1090.200000,9.847417,2,0,0.023417,9.870834
2707,1090.233333,9.760292,2,0,0.024250,9.784542
2708,1090.266667,10.413208,2,0,0.013167,10.426375
2709,1090.300000,10.441958,2,0,0.021125,10.463083
2710,1090.333333,10.136125,2,0,0.019667,10.155792
2711,1090.366667,10.192250,2,0,0.010709,10.202959
2712,1090.400000,10.683916,2,0,0.027250,10.711166
2713,1090.433333,8.634958,2,0,0.011042,8.646000
2714,1090.466667,9.249625,2,0,0.012667,9.262292
2715,1090.500000,8.903250,2,0,0.014750,8.918000
2716,1090.533333,8.727666,2,0,0.016125,8.743791
2717,1090.566667,9.003334,2,0,0.011500,9.014834
2718,1090.600000,8.632875,2,0,0.027625,8.660500
2719,1090.633333,9.376750,2,0,0.019791,9.396541
2720,1090.666667,9.536792,2,0,0.027458,9.564250
2721,1090.700000,10.022167,2,0,0.018917,10.041084
2722,1090.733333,10.500500,2,0,0.026084,10.526584
2723,1090.766667,10.316833,2,0,0.023250,10.340083
2724,1090.800000,10.382334,2,0,0.017375,10.399709
2725,1090.833333,9.920458,2,0,0.025208,9.945666
2726,1090.866667,10.726375,2,0,0.024333,10.750708
2727,1090.900000,9.257000,2,0,0.011875,9.268875
2728,1090.933333,9.381459,2,0,0.011291,9.392750
2729,1090.966667,9.613041,2,0,0.017709,9.630750
2730,1091.000000,8.674709,2,0,0.011291,8.686000
2731,1091.033333,9.180708,2,0,0.012125,9.192833
2732,1091.066667,8.489625,2,0,0.036292,8.525917
2733,1091.100000,9.270166,2,0,0.027500,9.297666
2734,1091.133333,10.045625,2,0,0.012959,10.058584
2735,1091.166667,9.518833,2,0,0.033375,9.552208
2736,1091.200000,10.316250,2,0,0.010000,10.326250
2737,1091.233333,10.684459,2,0,0.018250,10.702709
2738,1091.266667,9.806416,2,0,0.021209,9.827625
2739,1091.300000,10.706500,2,0,0.011291,10.717791
2740,1091.333333,10.445667,2,0,0.015750,10.461417
2741,1091.366667,10.692250,2,0,0.012000,10.704250
2742,1091.400000,9.413833,2,0,0.015667,9.429500
2743,1091.433333,8.681083,2,0,0.008875,8.689958
2744,1091.466667,8.630875,2,0,0.018667,8.649542
2745,1091.500000,8.244334,2,0,0.019708,8.264042
2746,1091.533333,8.677416,2,0,0.021167,8.698583
2747,1091.566667,8.442208,2,0,0.027833,8.470041
2748,1091.600000,10.575625,2,0,0.023083,10.598708
2749,1091.633333,9.260791,2,0,0.034667,9.295458
2750,1091.666667,9.633583,2,0,0.036042,9.669625
2751,1091.700000,10.652041,2,0,0.023625,10.675666
2752,1091.733333,10.585583,2,0,0.024000,10.609583
2753,1091.766667,8.920250,2,0,0.008291,8.928541
2754,1091.800000,9.271833,2,0,0.013167,9.285000
2755,1091.833333,8.942542,2,0,0.012417,8.954959
2756,1091.866667,9.817708,2,0,0.016084,9.833792
2757,1091.900000,8.603209,2,0,0.040333,8.643542
2758,1091.933333,8.677834,2,0,0.011750,8.689584
2759,1091.966667,9.154625,2,0,0.030250,9.184875
2760,1092.000000,8.992375,2,0,0.044667,9.037042
2761,1092.033333,9.307709,2,0,0.026500,9.334209
2762,1092.066667,10.185542,2,0,0.014791,10.200333
2763,1092.100000,10.985375,2,0,0.014500,10.999875
2764,1092.133333,9.755167,2,0,0.012541,9.767708
2765,1092.166667,9.174625,2,0,0.011667,9.186292
2766,1092.200000,8.589375,2,0,0.013209,8.602584
2767,1092.233333,8.414917,2,0,0.013958,8.428875
2768,1092.266667,9.325083,2,0,0.011417,9.336500
2769,1092.300000,8.425292,2,0,0.012583,8.437875
2770,1092.333333,9.111084,2,0,0.029250,9.140334
2771,1092.366667,9.638209,2,0,0.016666,9.654875
2772,1092.400000,9.264125,2,0,0.022833,9.286958
2773,1092.433333,10.328875,2,0,0.026625,10.355500
2774,1092.466667,10.267542,2,0,0.021500,10.289042
2775,1092.500000,9.535084,2,0,0.011291,9.546375
2776,1092.533333,9.114250,2,0,0.012584,9.126834
2777,1092.566667,8.852167,2,0,0.012958,8.865125
2778,1092.600000,8.565334,2,0,0.014708,8.580042
2779,1092.633333,9.291334,2,0,0.011666,9.303000
2780,1092.666667,8.805541,2,0,0.026042,8.831583
2781,1092.700000,9.227458,2,0,0.024583,9.252041
2782,1092.733333,9.988625,2,0,0.018459,10.007084
2783,1092.766667,9.816209,2,0,0.017458,9.833667
2784,1092.800000,10.443833,2,0,0.015667,10.459500
2785,1092.833333,10.416375,2,0,0.014375,10.430750
2786,1092.866667,8.820084,2,0,0.011250,8.831334
2787,1092.900000,8.940334,2,0,0.014500,8.954834
2788,1092.933333,9.182458,2,0,0.014834,9.197292
2789,1092.966667,8.438875,2,0,0.014583,8.453458
2790,1093.000000,8.821958,2,0,0.014792,8.836750
2791,1093.033333,8.330167,2,0,0.018625,8.348792
2792,1093.066667,8.706833,2,0,0.011209,8.718042
2793,1093.100000,9.150167,2,0,0.011083,9.161250
2794,1093.133333,9.786042,2,0,0.018250,9.804292
2795,1093.166667,9.726834,2,0,0.041958,9.768792
2796,1093.200000,10.821417,2,0,0.033042,10.854459
2797,1093.233333,8.994666,2,0,0.011500,9.006166
2798,1093.266667,9.209417,2,0,0.013083,9.222500
2799,1093.300000,9.206041,2,0,0.013834,9.219875
2800,1093.333333,8.940334,2,0,0.015875,8.956209
2801,1093.366667,10.115583,2,0,0.018542,10.134125
2802,1093.400000,8.473375,2,0,0.009583,8.482958
2803,1093.433333,8.964583,2,0,0.017542,8.982125
2804,1093.466667,8.529958,2,0,0.011667,8.541625
2805,1093.500000,8.691208,2,0,0.013333,8.704541
2806,1093.533333,8.783208,2,0,0.015625,8.798833
2807,1093.566667,8.661291,2,0,0.012625,8.673916
2808,1093.600000,8.546209,2,0,0.013083,8.559292
2809,1093.633333,8.481333,2,0,0.010167,8.491500
2810,1093.666667,9.110750,2,0,0.011375,9.122125
2811,1093.700000,9.177542,2,0,0.010916,9.188458
2812,1093.733333,9.807625,2,0,0.021833,9.829458
2813,1093.766667,10.760833,2,0,0.019958,10.780791
2814,1093.800000,9.293875,2,0,0.011500,9.305375
2815,1093.833333,8.596625,2,0,0.015541,8.612166
2816,1093.866667,8.892625,2,0,0.021500,8.914125
2817,1093.900000,9.238792,2,0,0.012833,9.251625
2818,1093.933333,8.729834,2,0,0.012291,8.742125
2819,1093.966667,8.380042,2,0,0.028458,8.408500
2820,1094.000000,8.533125,2,0,0.012791,8.545916
2821,1094.033333,8.997833,2,0,0.020875,9.018708
2822,1094.066667,9.630125,2,0,0.015708,9.645833
2823,1094.100000,9.415583,2,0,0.013209,9.428792
2824,1094.133333,10.772833,2,0,0.028292,10.801125
2825,1094.166667,10.069958,2,0,0.017625,10.087583
2826,1094.200000,9.750792,2,0,0.029792,9.780584
2827,1094.233333,10.180625,2,0,0.023292,10.203917
2828,1094.266667,11.468875,2,0,0.018167,11.487042
2829,1094.300000,8.815958,2,0,0.012709,8.828667
2830,1094.333333,9.216750,2,0,0.010708,9.227458
2831,1094.366667,9.217083,2,0,0.013458,9.230541
2832,1094.400000,8.562167,2,0,0.013250,8.575417
2833,1094.433333,8.267000,2,0,0.013042,8.280042
2834,1094.466667,8.032417,2,0,0.029625,8.062042
2835,1094.500000,8.913667,2,0,0.016792,8.930459
2836,1094.533333,9.043000,2,0,0.018208,9.061208
2837,1094.566667,8.792500,2,0,0.040875,8.833375
2838,1094.600000,9.137375,2,0,0.032375,9.169750
2839,1094.633333,9.356041,2,0,0.010167,9.366208
2840,1094.666667,9.659417,2,0,0.026417,9.685834
2841,1094.700000,9.978292,2,0,0.027958,10.006250
2842,1094.733333,9.941458,2,0,0.021292,9.962750
2843,1094.766667,10.819125,2,0,0.019459,10.838584
2844,1094.800000,10.843042,2,0,0.012000,10.855042
2845,1094.833333,9.660417,2,0,0.013000,9.673417
2846,1094.866667,10.627208,2,0,0.014583,10.641791
2847,1094.900000,9.522167,2,0,0.015167,9.537334
2848,1094.933333,11.658416,2,0,0.017459,11.675875
2849,1094.966667,8.300958,2,0,0.035458,8.336416
2850,1095.000000,8.468125,2,0,0.030166,8.498291
2851,1095.033333,9.371459,2,0,0.023083,9.394542
2852,1095.066667,9.138791,2,0,0.029542,9.168333
2853,1095.100000,9.434833,2,0,0.010333,9.445166
2854,1095.133333,10.267542,2,0,0.022166,10.289708
2855,1095.166667,10.508208,2,0,0.017542,10.525750
2856,1095.200000,10.300333,2,0,0.014000,10.314333
2857,1095.233333,10.042333,2,0,0.016000,10.058333
2858,1095.266667,10.638125,2,0,0.011625,10.649750
2859,1095.300000,10.284333,2,0,0.034709,10.319042
2860,1095.333333,10.310833,2,0,0.013875,10.324708
2861,1095.366667,10.036167,2,0,0.015291,10.051458
2862,1095.400000,10.047000,2,0,0.010000,10.057000
2863,1095.433333,9.064000,2,0,0.017583,9.081583
2864,1095.466667,8.930500,2,0,0.012166,8.942666
2865,1095.500000,8.643167,2,0,0.010083,8.653250
2866,1095.533333,8.912917,2,0,0.014500,8.927417
2867,1095.566667,9.334667,2,0,0.011833,9.346500
2868,1095.600000,8.839083,2,0,0.013834,8.852917
2869,1095.633333,8.259833,2,0,0.029584,8.289417
2870,1095.666667,9.013625,2,0,0.034375,9.048000
2871,1095.700000,9.412625,2,0,0.028625,9.441250
2872,1095.733333,9.930500,2,0,0.023875,9.954375
2873,1095.766667,9.782459,2,0,0.019958,9.802417
2874,1095.800000,10.268250,2,0,0.031708,10.299958
2875,1095.833333,11.912584,2,0,0.022125,11.934709
2876,1095.866667,10.095000,2,0,0.022459,10.117459
2877,1095.900000,10.090125,2,0,0.009500,10.099625
2878,1095.933333,10.735000,2,0,0.024250,10.759250
2879,1095.966667,10.524792,2,0,0.018666,10.543458
2880,1096.000000,10.347500,2,0,0.012166,10.359666
2881,1096.033333,10.041500,2,0,0.017500,10.059000
2882,1096.066667,10.139833,2,0,0.030833,10.170666
2883,1096.100000,9.670667,2,0,0.017250,9.687917
2884,1096.133333,10.456417,2,0,0.016250,10.472667
2885,1096.166667,10.256458,2,0,0.012833,10.269291
2886,1096.200000,10.743875,2,0,0.016750,10.760625
2887,1096.233333,10.584792,2,0,0.020792,10.605584
2888,1096.266667,9.237542,2,0,0.012250,9.249792
2889,1096.300000,9.005458,2,0,0.012584,9.018042
2890,1096.333333,8.493500,2,0,0.012083,8.505583
2891,1096.366667,8.243459,2,0,0.014583,8.258042
2892,1096.400000,8.914291,2,0,0.009625,8.923916
2893,1096.433333,8.527416,2,0,0.011542,8.538958
2894,1096.466667,8.812083,2,0,0.035667,8.847750
2895,1096.500000,8.757291,2,0,0.009834,8.767125
2896,1096.533333,9.273000,2,0,0.034583,9.307583
2897,1096.566667,10.241500,2,0,0.030291,10.271791
2898,1096.600000,9.453667,2,0,0.026375,9.480042
2899,1096.633333,9.609167,2,0,0.017042,9.626209
2900,1096.666667,9.762084,2,0,0.013125,9.775209
2901,1096.700000,10.061209,2,0,0.011125,10.072334
2902,1096.733333,10.670292,2,0,0.034417,10.704709
2903,1096.766667,10.532416,2,0,0.015667,10.548083
2904,1096.800000,10.260417,2,0,0.011541,10.271958
2905,1096.833333,10.773167,2,0,0.020583,10.793750
2906,1096.866667,10.072000,2,0,0.023458,10.095458
2907,1096.900000,10.715416,2,0,0.025167,10.740583
2908,1096.933333,10.708375,2,0,0.022458,10.730833
2909,1096.966667,9.876083,2,0,0.022250,9.898333
2910,1097.000000,10.895458,2,0,0.020417,10.915875
2911,1097.033333,10.319583,2,0,0.023042,10.342625
2912,1097.066667,10.823042,2,0,0.014417,10.837459
2913,1097.100000,10.168125,2,0,0.014291,10.182416
2914,1097.133333,9.367666,2,0,0.010542,9.378208
2915,1097.166667,9.311875,2,0,0.011917,9.323792
2916,1097.200000,9.036791,2,0,0.012500,9.049291
2917,1097.233333,8.979208,2,0,0.011792,8.991000
2918,1097.266667,9.100959,2,0,0.010958,9.111917
2919,1097.300000,8.366917,2,0,0.011166,8.378083
2920,1097.333333,8.677833,2,0,0.011959,8.689792
2921,1097.366667,9.700792,2,0,0.043083,9.743875
2922,1097.400000,10.125084,2,0,0.016083,10.141167
2923,1097.433333,10.358125,2,0,0.035167,10.393292
2924,1097.466667,10.720167,2,0,0.047875,10.768042
2925,1097.500000,10.843042,2,0,0.007416,10.850458
2926,1097.533333,10.552125,2,0,0.013750,10.565875
2927,1097.566667,10.602416,2,0,0.019209,10.621625
2928,1097.600000,11.046917,2,0,0.011833,11.058750
2929,1097.633333,10.402958,2,0,0.008000,10.410958
2930,1097.666667,10.621541,2,0,0.041542,10.663083
2931,1097.700000,10.960000,2,0,0.017417,10.977417
2932,1097.733333,11.065666,2,0,0.018667,11.084333
2933,1097.766667,11.028500,2,0,0.019417,11.047917
2934,1097.800000,11.299375,2,0,0.036375,11.335750
2935,1097.833333,11.413959,2,0,0.010791,11.424750
2936,1097.866667,11.388750,2,0,0.012958,11.401708
2937,1097.900000,10.966709,2,0,0.024625,10.991334
2938,1097.933333,11.507542,2,0,0.019208,11.526750
2939,1097.966667,10.821500,2,0,0.065625,10.887125
2940,1098.000000,10.944041,2,0,0.011959,10.956000
2941,1098.033333,10.725958,2,0,0.013208,10.739166
2942,1098.066667,11.165083,2,0,0.013375,11.178458
2943,1098.100000,12.531584,2,0,0.011625,12.543209
2944,1098.133333,10.659583,2,0,0.021125,10.680708
2945,1098.166667,11.224500,2,0,0.015542,11.240042
2946,1098.200000,11.201041,2,0,0.013125,11.214166
2947,1098.233333,11.880417,2,0,0.016166,11.896583
2948,1098.266667,11.125583,2,0,0.015792,11.141375
2949,1098.300000,11.123916,2,0,0.034584,11.158500
2950,1098.333333,11.072458,2,0,0.032958,11.105416
2951,1098.366667,11.144500,2,0,0.021500,11.166000
2952,1098.400000,11.128666,2,0,0.018292,11.146958
2953,1098.433333,11.038791,2,0,0.010042,11.048833
2954,1098.466667,10.911500,2,0,0.020917,10.932417
2955,1098.500000,11.014500,2,0,0.020292,11.034792
2956,1098.533333,11.257333,2,0,0.010292,11.267625
2957,1098.566667,10.869792,2,0,0.018458,10.888250
2958,1098.600000,11.451875,2,0,0.022584,11.474459
2959,1098.633333,11.332291,2,0,0.012292,11.344583
2960,1098.666667,10.112666,2,0,0.012000,10.124666
2961,1098.700000,10.518541,2,0,0.008750,10.527291
2962,1098.733333,9.045708,2,0,0.015125,9.060833
2963,1098.766667,9.398292,2,0,0.012583,9.410875
2964,1098.800000,9.239500,2,0,0.014000,9.253500
2965,1098.833333,9.608125,2,0,0.014625,9.622750
2966,1098.866667,9.448833,2,0,0.011084,9.459917
2967,1098.900000,10.316625,2,0,0.019458,10.336083
2968,1098.933333,10.251750,2,0,0.029625,10.281375
2969,1098.966667,10.634583,2,0,0.021542,10.656125
2970,1099.000000,10.475667,2,0,0.027583,10.503250
2971,1099.033333,11.104417,2,0,0.016167,11.120584
2972,1099.066667,10.848875,2,0,0.012125,10.861000
2973,1099.100000,11.066458,2,0,0.013375,11.079833
2974,1099.133333,11.412625,2,0,0.011917,11.424542
2975,1099.166667,10.623375,2,0,0.011917,10.635292
2976,1099.200000,11.071167,2,0,0.024625,11.095792
2977,1099.233333,11.232000,2,0,0.014750,11.246750
2978,1099.266667,11.472917,2,0,0.023791,11.496708
2979,1099.300000,12.578750,2,0,0.019541,12.598291
2980,1099.333333,11.065792,2,0,0.026375,11.092167
2981,1099.366667,12.855833,2,0,0.015292,12.871125
2982,1099.400000,11.123458,2,0,0.014167,11.137625
2983,1099.433333,11.327916,2,0,0.013959,11.341875
2984,1099.466667,10.755208,2,0,0.017667,10.772875
2985,1099.500000,11.224166,2,0,0.019375,11.243541
2986,1099.533333,11.440208,2,0,0.019459,11.459667
2987,1099.566667,10.954084,2,0,0.016125,10.970209
2988,1099.600000,10.487292,2,0,0.010292,10.497584
2989,1099.633333,10.946166,2,0,0.022042,10.968208
2990,1099.666667,10.097417,2,0,0.010250,10.107667
2991,1099.700000,10.882250,2,0,0.021458,10.903708
2992,1099.733333,11.553500,2,0,0.022416,11.575916
2993,1099.766667,11.004625,2,0,0.011583,11.016208
2994,1099.800000,11.190167,2,0,0.018042,11.208209
2995,1099.833333,10.906209,2,0,0.022916,10.929125
2996,1099.866667,12.531875,2,0,0.040792,12.572667
2997,1099.900000,10.549583,2,0,0.011875,10.561458
2998,1099.933333,10.695209,2,0,0.020500,10.715709
2999,1099.966667,10.122292,2,0,0.031583,10.153875
3000,1100.000000,10.675917,2,0,0.007916,10.683833
3001,1100.033333,10.803833,2,0,0.044083,10.847916
3002,1100.066667,10.731458,2,0,0.018292,10.749750
3003,1100.100000,11.453875,2,0,0.018541,11.472416
3004,1100.133333,10.757167,2,0,0.022250,10.779417
3005,1100.166667,11.283292,2,0,0.021833,11.305125
3006,1100.200000,11.309834,2,0,0.012083,11.321917
3007,1100.233333,11.240125,2,0,0.012208,11.252333
3008,1100.266667,10.789709,2,0,0.018500,10.808209
3009,1100.300000,10.777625,2,0,0.026292,10.803917
3010,1100.333333,10.759959,2,0,0.035833,10.795792
3011,1100.366667,10.785167,2,0,0.014958,10.800125
3012,1100.400000,11.168167,2,0,0.013416,11.181583
3013,1100.433333,9.337583,2,0,0.033834,9.371417
3014,1100.466667,9.851125,2,0,0.022209,9.873334
3015,1100.500000,9.859791,2,0,0.030875,9.890666
3016,1100.533333,12.287292,2,0,0.031041,12.318333
3017,1100.566667,10.474709,2,0,0.017375,10.492084
3018,1100.600000,10.359083,2,0,0.015250,10.374333
3019,1100.633333,10.832167,2,0,0.016791,10.848958
3020,1100.666667,10.083083,2,0,0.009667,10.092750
3021,1100.700000,10.494750,2,0,0.019083,10.513833
3022,1100.733333,11.386459,2,0,0.013958,11.400417
3023,1100.766667,13.198291,2,0,0.011000,13.209291
3024,1100.800000,10.446375,2,0,0.039916,10.486291
3025,1100.833333,11.000833,2,0,0.022667,11.023500
3026,1100.866667,11.010583,2,0,0.015542,11.026125
3027,1100.900000,10.249917,2,0,0.023833,10.273750
3028,1100.933333,10.374459,2,0,0.015250,10.389709
3029,1100.966667,9.763250,2,0,0.026625,9.789875
3030,1101.000000,9.424584,2,0,0.009541,9.434125
3031,1101.033333,9.612792,2,0,0.024916,9.637708
3032,1101.066667,11.241250,2,0,0.016750,11.258000
3033,1101.100000,10.390875,2,0,0.017500,10.408375
3034,1101.133333,9.883250,2,0,0.014917,9.898167
3035,1101.166667,9.995334,2,0,0.011375,10.006709
3036,1101.200000,10.842792,2,0,0.012291,10.855083
3037,1101.233333,11.493875,2,0,0.018166,11.512041
3038,1101.266667,10.451750,2,0,0.026417,10.478167
3039,1101.300000,11.062625,2,0,0.023334,11.085959
3040,1101.333333,10.796500,2,0,0.037500,10.834000
3041,1101.366667,10.692000,2,0,0.036833,10.728833
3042,1101.400000,10.665875,2,0,0.011916,10.677791
3043,1101.433333,10.311792,2,0,0.012291,10.324083
3044,1101.466667,12.025334,2,0,0.025333,12.050667
3045,1101.500000,10.166250,2,0,0.022167,10.188417
3046,1101.533333,10.427666,2,0,0.029417,10.457083
3047,1101.566667,10.846958,2,0,0.010917,10.857875
3048,1101.600000,10.688166,2,0,0.021459,10.709625
3049,1101.633333,10.583541,2,0,0.016292,10.599833
3050,1101.666667,10.878750,2,0,0.009833,10.888583
3051,1101.700000,10.500583,2,0,0.020292,10.520875
3052,1101.733333,10.658875,2,0,0.018333,10.677208
3053,1101.766667,10.273000,2,0,0.016250,10.289250
3054,1101.800000,10.650000,2,0,0.015166,10.665166
3055,1101.833333,10.337125,2,0,0.013458,10.350583
3056,1101.866667,10.245875,2,0,0.018917,10.264792
3057,1101.900000,10.028583,2,0,0.020375,10.048958
3058,1101.933333,10.475125,2,0,0.018084,10.493209
3059,1101.966667,9.399417,2,0,0.039500,9.438917
3060,1102.000000,10.830333,2,0,0.013250,10.843583
3061,1102.033333,10.260583,2,0,0.011417,10.272000
3062,1102.066667,10.211250,2,0,0.019291,10.230541
3063,1102.100000,10.153417,2,0,0.017250,10.170667
3064,1102.133333,10.163625,2,0,0.016667,10.180292
3065,1102.166667,10.273292,2,0,0.015417,10.288709
3066,1102.200000,10.530834,2,0,0.014166,10.545000
3067,1102.233333,10.771166,2,0,0.011792,10.782958
3068,1102.266667,10.450417,2,0,0.010958,10.461375
3069,1102.300000,10.770000,2,0,0.013959,10.783959
3070,1102.333333,10.181375,2,0,0.030666,10.212041
3071,1102.366667,10.979583,2,0,0.024375,11.003958
3072,1102.400000,10.492292,2,0,0.016666,10.508958
3073,1102.433333,10.870500,2,0,0.015333,10.885833
3074,1102.466667,9.743625,2,0,0.008917,9.752542
3075,1102.500000,11.102958,2,0,0.010542,11.113500
3076,1102.533333,10.639833,2,0,0.012042,10.651875
3077,1102.566667,10.021459,2,0,0.012083,10.033542
3078,1102.600000,10.031083,2,0,0.026292,10.057375
3079,1102.633333,9.178417,2,0,0.007583,9.186000
3080,1102.666667,9.931667,2,0,0.030250,9.961917
3081,1102.700000,10.505791,2,0,0.017750,10.523541
3082,1102.733333,10.379333,2,0,0.023042,10.402375
3083,1102.766667,10.589084,2,0,0.013791,10.602875
3084,1102.800000,10.373375,2,0,0.023417,10.396792
3085,1102.833333,10.020042,2,0,0.016833,10.036875
3086,1102.866667,10.251417,2,0,0.034583,10.286000
3087,1102.900000,10.514166,2,0,0.027209,10.541375
3088,1102.933333,10.509708,2,0,0.007208,10.516916
3089,1102.966667,9.255375,2,0,0.018750,9.274125
3090,1103.000000,10.566875,2,0,0.011708,10.578583
3091,1103.033333,10.104291,2,0,0.010209,10.114500
3092,1103.066667,9.986875,2,0,0.023333,10.010208
3093,1103.100000,9.626333,2,0,0.017375,9.643708
3094,1103.133333,10.352208,2,0,0.033167,10.385375
3095,1103.166667,10.434125,2,0,0.020750,10.454875
3096,1103.200000,10.768208,2,0,0.030459,10.798667
3097,1103.233333,10.468916,2,0,0.014917,10.483833
3098,1103.266667,9.998708,2,0,0.015833,10.014541
3099,1103.300000,10.380833,2,0,0.032750,10.413583
3100,1103.333333,10.358208,2,0,0.015542,10.373750
3101,1103.366667,10.388708,2,0,0.029125,10.417833
3102,1103.400000,10.848584,2,0,0.016250,10.864834
3103,1103.433333,10.110375,2,0,0.020625,10.131000
3104,1103.466667,10.285250,2,0,0.014000,10.299250
3105,1103.500000,10.706875,2,0,0.013584,10.720459
3106,1103.533333,10.109167,2,0,0.007583,10.116750
3107,1103.566667,11.942625,2,0,0.011125,11.953750
3108,1103.600000,10.457042,2,0,0.010000,10.467042
3109,1103.633333,10.277708,2,0,0.016875,10.294583
3110,1103.666667,10.418042,2,0,0.013291,10.431333
3111,1103.700000,9.922416,2,0,0.015959,9.938375
3112,1103.733333,11.483000,2,0,0.020250,11.503250
3113,1103.766667,10.421916,2,0,0.012542,10.434458
3114,1103.800000,10.404750,2,0,0.016875,10.421625
3115,1103.833333,10.642083,2,0,0.023167,10.665250
3116,1103.866667,9.800208,2,0,0.027792,9.828000
3117,1103.900000,11.854750,2,0,0.019166,11.873916
3118,1103.933333,9.858583,2,0,0.015917,9.874500
3119,1103.966667,10.270625,2,0,0.018667,10.289292
3120,1104.000000,10.456250,2,0,0.014333,10.470583
3121,1104.033333,10.324042,2,0,0.019042,10.343084
3122,1104.066667,10.275667,2,0,0.034792,10.310459
3123,1104.100000,10.627292,2,0,0.009958,10.637250
3124,1104.133333,9.944792,2,0,0.006750,9.951542
3125,1104.166667,10.405333,2,0,0.014250,10.419583
3126,1104.200000,10.169292,2,0,0.025625,10.194917
3127,1104.233333,9.949333,2,0,0.013959,9.963292
3128,1104.266667,10.634792,2,0,0.016417,10.651209
3129,1104.300000,10.562000,2,0,0.012833,10.574833
3130,1104.333333,9.718542,2,0,0.019708,9.738250
3131,1104.366667,10.741792,2,0,0.025833,10.767625
3132,1104.400000,10.353042,2,0,0.021333,10.374375
3133,1104.433333,10.529250,2,0,0.010958,10.540208
3134,1104.466667,10.204833,2,0,0.037959,10.242792
3135,1104.500000,9.990416,2,0,0.053167,10.043583
3136,1104.533333,10.370334,2,0,0.015958,10.386292
3137,1104.566667,10.228917,2,0,0.015333,10.244250
3138,1104.600000,10.059667,2,0,0.026958,10.086625
3139,1104.633333,10.289792,2,0,0.018792,10.308584
3140,1104.666667,10.098416,2,0,0.024125,10.122541
3141,1104.700000,11.603375,2,0,0.031750,11.635125
3142,1104.733333,9.834709,2,0,0.015958,9.850667
3143,1104.766667,11.446041,2,0,0.015042,11.461083
3144,1104.800000,9.976666,2,0,0.014209,9.990875
3145,1104.833333,10.045125,2,0,0.016209,10.061334
3146,1104.866667,10.163875,2,0,0.028792,10.192667
3147,1104.900000,10.072583,2,0,0.012959,10.085542
3148,1104.933333,10.327292,2,0,0.022375,10.349667
3149,1104.966667,10.197500,2,0,0.032583,10.230083
3150,1105.000000,9.952000,2,0,0.013917,9.965917
3151,1105.033333,10.179167,2,0,0.024333,10.203500
3152,1105.066667,10.333208,2,0,0.014833,10.348041
3153,1105.100000,10.391375,2,0,0.013875,10.405250
3154,1105.133333,10.186500,2,0,0.029125,10.215625
3155,1105.166667,10.131458,2,0,0.017750,10.149208
3156,1105.200000,9.523166,2,0,0.040292,9.563458
3157,1105.233333,10.267250,2,0,0.018291,10.285541
3158,1105.266667,10.208042,2,0,0.015166,10.223208
3159,1105.300000,9.763875,2,0,0.025792,9.789667
3160,1105.333333,9.898750,2,0,0.010459,9.909209
3161,1105.366667,11.156000,2,0,0.025834,11.181834
3162,1105.400000,10.411542,2,0,0.029000,10.440542
3163,1105.433333,7.853875,2,0,0.034292,7.888167
3164,1105.466667,10.186542,2,0,0.016250,10.202792
3165,1105.500000,9.570667,2,0,0.041792,9.612459
3166,1105.533333,9.697334,2,0,0.016583,9.713917
3167,1105.566667,9.088500,2,0,0.017292,9.105792
3168,1105.600000,9.407166,2,0,0.014709,9.421875
3169,1105.633333,9.557292,2,0,0.014083,9.571375
3170,1105.666667,8.206292,2,0,0.014542,8.220834
3171,1105.700000,9.236792,2,0,0.024625,9.261417
3172,1105.733333,8.914791,2,0,0.018709,8.933500
3173,1105.766667,9.400333,2,0,0.010875,9.411208
3174,1105.800000,9.041000,2,0,0.017584,9.058584
3175,1105.833333,10.087500,2,0,0.022375,10.109875
3176,1105.866667,9.559459,2,0,0.027416,9.586875
3177,1105.900000,9.701000,2,0,0.017042,9.718042
3178,1105.933333,9.688666,2,0,0.015625,9.704291
3179,1105.966667,9.195167,2,0,0.015458,9.210625
3180,1106.000000,9.180458,2,0,0.018500,9.198958
3181,1106.033333,9.306917,2,0,0.012791,9.319708
3182,1106.066667,9.365000,2,0,0.023125,9.388125
3183,1106.100000,9.072625,2,0,0.019000,9.091625
3184,1106.133333,9.435667,2,0,0.027833,9.463500
3185,1106.166667,10.217834,2,0,0.009958,10.227792
3186,1106.200000,9.253042,2,0,0.024000,9.277042
3187,1106.233333,9.536583,2,0,0.010250,9.546833
3188,1106.266667,9.820167,2,0,0.027250,9.847417
3189,1106.300000,9.770167,2,0,0.012083,9.782250
3190,1106.333333,9.439375,2,0,0.014583,9.453958
3191,1106.366667,9.220791,2,0,0.019792,9.240583
3192,1106.400000,9.616750,2,0,0.041291,9.658041
3193,1106.433333,9.814750,2,0,0.016875,9.831625
3194,1106.466667,9.513291,2,0,0.029542,9.542833
3195,1106.500000,9.623542,2,0,0.018291,9.641833
3196,1106.533333,10.493250,2,0,0.035333,10.528583
3197,1106.566667,9.418167,2,0,0.021958,9.440125
3198,1106.600000,9.084792,2,0,0.018458,9.103250
3199,1106.633333,9.032542,2,0,0.018500,9.051042
3200,1106.666667,9.388833,2,0,0.017250,9.406083
3201,1106.700000,9.140708,2,0,0.016542,9.157250
3202,1106.733333,9.279042,2,0,0.021916,9.300958
3203,1106.766667,8.897708,2,0,0.020417,8.918125
3204,1106.800000,9.174459,2,0,0.021166,9.195625
3205,1106.833333,9.218459,2,0,0.021541,9.240000
3206,1106.866667,8.892292,2,0,0.019833,8.912125
3207,1106.900000,8.899041,2,0,0.011709,8.910750
3208,1106.933333,8.569375,2,0,0.014083,8.583458
3209,1106.966667,9.054166,2,0,0.020000,9.074166
3210,1107.000000,8.877292,2,0,0.013583,8.890875
3211,1107.033333,9.067000,2,0,0.011000,9.078000
3212,1107.066667,9.310792,2,0,0.012708,9.323500
3213,1107.100000,9.337084,2,0,0.026250,9.363334
3214,1107.133333,9.287125,2,0,0.010667,9.297792
3215,1107.166667,8.804083,2,0,0.016917,8.821000
3216,1107.200000,8.805667,2,0,0.040375,8.846042
3217,1107.233333,8.769792,2,0,0.035375,8.805167
3218,1107.266667,11.142292,2,0,0.026375,11.168667
3219,1107.300000,9.158375,2,0,0.019125,9.177500
3220,1107.333333,9.703208,2,0,0.011958,9.715166
3221,1107.366667,8.877750,2,0,0.017292,8.895042
3222,1107.400000,9.104625,2,0,0.023417,9.128042
3223,1107.433333,8.677417,2,0,0.015625,8.693042
3224,1107.466667,9.120667,2,0,0.025792,9.146459
3225,1107.500000,9.197209,2,0,0.016875,9.214084
3226,1107.533333,9.181334,2,0,0.015916,9.197250
3227,1107.566667,8.951750,2,0,0.021250,8.973000
3228,1107.600000,9.187750,2,0,0.030000,9.217750
3229,1107.633333,8.885542,2,0,0.014083,8.899625
3230,1107.666667,9.206625,2,0,0.009666,9.216291
3231,1107.700000,9.389125,2,0,0.016166,9.405291
3232,1107.733333,8.300500,2,0,0.019625,8.320125
3233,1107.766667,9.537959,2,0,0.031291,9.569250
3234,1107.800000,9.067500,2,0,0.027334,9.094834
3235,1107.833333,10.663417,2,0,0.022125,10.685542
3236,1107.866667,9.064084,2,0,0.021291,9.085375
3237,1107.900000,9.156625,2,0,0.014333,9.170958
3238,1107.933333,10.614541,2,0,0.018417,10.632958
3239,1107.966667,9.223833,2,0,0.038125,9.261958
3240,1108.000000,9.060250,2,0,0.029500,9.089750
3241,1108.033333,9.165167,2,0,0.017917,9.183084
3242,1108.066667,8.440917,2,0,0.006250,8.447167
3243,1108.100000,8.918584,2,0,0.014083,8.932667
3244,1108.133333,9.299875,2,0,0.018125,9.318000
3245,1108.166667,8.852875,2,0,0.010291,8.863166
3246,1108.200000,9.144875,2,0,0.013333,9.158208
3247,1108.233333,9.733666,2,0,0.019459,9.753125
3248,1108.266667,9.074041,2,0,0.024750,9.098791
3249,1108.300000,9.457417,2,0,0.011875,9.469292
3250,1108.333333,9.109833,2,0,0.013334,9.123167
3251,1108.366667,9.475583,2,0,0.029500,9.505083
3252,1108.400000,9.190708,2,0,0.013500,9.204208
3253,1108.433333,10.825125,2,0,0.028750,10.853875
3254,1108.466667,9.069292,2,0,0.014542,9.083834
3255,1108.500000,8.870084,2,0,0.017541,8.887625
3256,1108.533333,9.582875,2,0,0.019542,9.602417
3257,1108.566667,9.438750,2,0,0.023916,9.462666
3258,1108.600000,9.304041,2,0,0.017750,9.321791
3259,1108.633333,9.475375,2,0,0.024584,9.499959
3260,1108.666667,9.039209,2,0,0.011000,9.050209
3261,1108.700000,8.442166,2,0,0.021834,8.464000
3262,1108.733333,9.145750,2,0,0.032459,9.178209
3263,1108.766667,8.884792,2,0,0.027000,8.911792
3264,1108.800000,9.237166,2,0,0.026042,9.263208
3265,1108.833333,8.857250,2,0,0.023792,8.881042
3266,1108.866667,9.808709,2,0,0.016083,9.824792
3267,1108.900000,9.450459,2,0,0.031541,9.482000
3268,1108.933333,10.647834,2,0,0.020458,10.668292
3269,1108.966667,9.126458,2,0,0.028333,9.154791
3270,1109.000000,9.004667,2,0,0.010708,9.015375
3271,1109.033333,9.562542,2,0,0.018125,9.580667
3272,1109.066667,9.031041,2,0,0.013417,9.044458
3273,1109.100000,9.169042,2,0,0.018458,9.187500
3274,1109.133333,9.399667,2,0,0.015042,9.414709
3275,1109.166667,9.644375,2,0,0.029834,9.674209
3276,1109.200000,8.977208,2,0,0.014125,8.991333
3277,1109.233333,9.783625,2,0,0.012583,9.796208
3278,1109.266667,10.420167,2,0,0.013333,10.433500
3279,1109.300000,8.304625,2,0,0.012833,8.317458
3280,1109.333333,8.646792,2,0,0.010625,8.657417
3281,1109.366667,8.727333,2,0,0.011000,8.738333
3282,1109.400000,10.348666,2,0,0.009709,10.358375
3283,1109.433333,9.205208,2,0,0.011625,9.216833
3284,1109.466667,10.200250,2,0,0.019125,10.219375
3285,1109.500000,9.939750,2,0,0.015166,9.954916
3286,1109.533333,10.488167,2,0,0.014083,10.502250
3287,1109.566667,11.947625,2,0,0.011000,11.958625
3288,1109.600000,10.266042,2,0,0.010416,10.276458
3289,1109.633333,10.679584,2,0,0.020958,10.700542
3290,1109.666667,10.429542,2,0,0.013167,10.442709
3291,1109.700000,10.776042,2,0,0.017542,10.793584
3292,1109.733333,9.679542,2,0,0.010666,9.690208
3293,1109.766667,10.706709,2,0,0.026666,10.733375
3294,1109.800000,10.303833,2,0,0.016875,10.320708
3295,1109.833333,11.822166,2,0,0.015250,11.837416
3296,1109.866667,10.188083,2,0,0.010750,10.198833
3297,1109.900000,10.271708,2,0,0.011917,10.283625
3298,1109.933333,9.961084,2,0,0.011166,9.972250
3299,1109.966667,10.438125,2,0,0.035416,10.473541
3300,1110.000000,10.374000,2,0,0.024375,10.398375
3301,1110.033333,11.125167,2,0,0.017625,11.142792
3302,1110.066667,10.827541,2,0,0.023417,10.850958
3303,1110.100000,10.853583,2,0,0.018500,10.872083
3304,1110.133333,10.305333,2,0,0.029584,10.334917
3305,1110.166667,10.507208,2,0,0.015709,10.522917
3306,1110.200000,10.547042,2,0,0.008000,10.555042
3307,1110.233333,10.877875,2,0,0.017209,10.895084
3308,1110.266667,10.085083,2,0,0.033458,10.118541
3309,1110.300000,10.663458,2,0,0.028917,10.692375
3310,1110.333333,10.070750,2,0,0.010542,10.081292
3311,1110.366667,11.397166,2,0,0.017250,11.414416
3312,1110.400000,10.407208,2,0,0.012792,10.420000
3313,1110.433333,8.790625,2,0,0.013084,8.803709
3314,1110.466667,8.971416,2,0,0.021792,8.993208
3315,1110.500000,9.471250,2,0,0.012167,9.483417
3316,1110.533333,10.207250,2,0,0.023209,10.230459
3317,1110.566667,10.199208,2,0,0.016209,10.215417
3318,1110.600000,9.453375,2,0,0.017167,9.470542
3319,1110.633333,9.994666,2,0,0.019917,10.014583
3320,1110.666667,10.261250,2,0,0.041792,10.303042
3321,1110.700000,9.866542,2,0,0.010875,9.877417
3322,1110.733333,10.048834,2,0,0.017250,10.066084
3323,1110.766667,9.910291,2,0,0.026000,9.936291
3324,1110.800000,10.341291,2,0,0.019709,10.361000
3325,1110.833333,9.513666,2,0,0.038125,9.551791
3326,1110.866667,10.162292,2,0,0.019542,10.181834
3327,1110.900000,10.401666,2,0,0.012959,10.414625
3328,1110.933333,10.280875,2,0,0.014375,10.295250
3329,1110.966667,10.149166,2,0,0.014959,10.164125
3330,1111.000000,9.706417,2,0,0.019792,9.726209
3331,1111.033333,9.967375,2,0,0.024750,9.992125
3332,1111.066667,9.777750,2,0,0.028000,9.805750
3333,1111.100000,9.837917,2,0,0.011791,9.849708
3334,1111.133333,10.033459,2,0,0.012666,10.046125
3335,1111.166667,10.168250,2,0,0.013208,10.181458
3336,1111.200000,9.785708,2,0,0.009958,9.795666
3337,1111.233333,10.130667,2,0,0.025833,10.156500
3338,1111.266667,10.543333,2,0,0.010917,10.554250
3339,1111.300000,9.864459,2,0,0.031833,9.896292
3340,1111.333333,10.424459,2,0,0.019625,10.444084
3341,1111.366667,9.439541,2,0,0.017459,9.457000
3342,1111.400000,9.299708,2,0,0.016333,9.316041
3343,1111.433333,10.431208,2,0,0.018042,10.449250
3344,1111.466667,9.386083,2,0,0.020292,9.406375
3345,1111.500000,9.954083,2,0,0.018750,9.972833
3346,1111.533333,10.533833,2,0,0.029292,10.563125
3347,1111.566667,10.235541,2,0,0.040750,10.276291
3348,1111.600000,9.872834,2,0,0.017583,9.890417
3349,1111.633333,9.755084,2,0,0.013166,9.768250
3350,1111.666667,10.459583,2,0,0.020708,10.480291
3351,1111.700000,10.362375,2,0,0.015959,10.378334
3352,1111.733333,9.531333,2,0,0.035208,9.566541
3353,1111.766667,9.972708,2,0,0.016917,9.989625
3354,1111.800000,9.519250,2,0,0.024041,9.543291
3355,1111.833333,9.775875,2,0,0.027125,9.803000
3356,1111.866667,11.210416,2,0,0.013000,11.223416
3357,1111.900000,9.372500,2,0,0.010041,9.382541
3358,1111.933333,10.433292,2,0,0.019417,10.452709
3359,1111.966667,9.295917,2,0,0.021583,9.317500
3360,1112.000000,9.398292,2,0,0.013291,9.411583
3361,1112.033333,9.687917,2,0,0.018083,9.706000
3362,1112.066667,9.721000,2,0,0.024125,9.745125
3363,1112.100000,10.033083,2,0,0.012667,10.045750
3364,1112.133333,9.953084,2,0,0.016541,9.969625
3365,1112.166667,9.507167,2,0,0.032333,9.539500
3366,1112.200000,9.744958,2,0,0.012792,9.757750
3367,1112.233333,9.802292,2,0,0.014542,9.816834
3368,1112.266667,11.623417,2,0,0.031625,11.655042
3369,1112.300000,9.485500,2,0,0.014791,9.500291
3370,1112.333333,10.207209,2,0,0.020250,10.227459
3371,1112.366667,9.592042,2,0,0.010500,9.602542
3372,1112.400000,9.710417,2,0,0.025708,9.736125
3373,1112.433333,9.519792,2,0,0.025250,9.545042
3374,1112.466667,9.982500,2,0,0.014000,9.996500
3375,1112.500000,9.723292,2,0,0.011167,9.734459
3376,1112.533333,9.343000,2,0,0.034500,9.377500
3377,1112.566667,10.228375,2,0,0.014000,10.242375
3378,1112.600000,9.329666,2,0,0.039625,9.369291
3379,1112.633333,9.416417,2,0,0.018000,9.434417
3380,1112.666667,9.696709,2,0,0.013625,9.710334
3381,1112.700000,9.841750,2,0,0.020083,9.861833
3382,1112.733333,9.481750,2,0,0.013625,9.495375
3383,1112.766667,10.088875,2,0,0.013375,10.102250
3384,1112.800000,9.505083,2,0,0.016625,9.521708
3385,1112.833333,9.484708,2,0,0.020083,9.504791
3386,1112.866667,10.055041,2,0,0.025792,10.080833
3387,1112.900000,9.854875,2,0,0.014500,9.869375
3388,1112.933333,9.824833,2,0,0.017667,9.842500
3389,1112.966667,8.979709,2,0,0.018291,8.998000
3390,1113.000000,9.556875,2,0,0.012666,9.569541
3391,1113.033333,9.590708,2,0,0.032000,9.622708
3392,1113.066667,9.195375,2,0,0.030041,9.225416
3393,1113.100000,9.819541,2,0,0.013667,9.833208
3394,1113.133333,9.602583,2,0,0.025292,9.627875
3395,1113.166667,9.700333,2,0,0.012042,9.712375
3396,1113.200000,9.354416,2,0,0.013709,9.368125
3397,1113.233333,9.664416,2,0,0.026625,9.691041
3398,1113.266667,9.367541,2,0,0.027125,9.394666
3399,1113.300000,9.469875,2,0,0.015833,9.485708
3400,1113.333333,10.796125,2,0,0.016125,10.812250
3401,1113.366667,8.819833,2,0,0.012500,8.832333
3402,1113.400000,7.741666,2,0,0.012750,7.754416
3403,1113.433333,8.322041,2,0,0.018917,8.340958
3404,1113.466667,8.015959,2,0,0.023750,8.039709
3405,1113.500000,8.572291,2,0,0.018375,8.590666
3406,1113.533333,9.243166,2,0,0.014250,9.257416
3407,1113.566667,9.188041,2,0,0.043375,9.231416
3408,1113.600000,9.544125,2,0,0.010416,9.554541
3409,1113.633333,9.863167,2,0,0.016833,9.880000
3410,1113.666667,10.179208,2,0,0.012833,10.192041
3411,1113.700000,9.608167,2,0,0.032333,9.640500
3412,1113.733333,9.539500,2,0,0.014542,9.554042
3413,1113.766667,10.647459,2,0,0.010875,10.658334
3414,1113.800000,9.588916,2,0,0.019334,9.608250
3415,1113.833333,9.625334,2,0,0.022958,9.648292
3416,1113.866667,10.762167,2,0,0.016458,10.778625
3417,1113.900000,9.495166,2,0,0.019459,9.514625
3418,1113.933333,10.173333,2,0,0.031250,10.204583
3419,1113.966667,8.885416,2,0,0.035709,8.921125
3420,1114.000000,9.394834,2,0,0.016958,9.411792
3421,1114.033333,10.036375,2,0,0.016417,10.052792
3422,1114.066667,9.096750,2,0,0.015583,9.112333
3423,1114.100000,9.882000,2,0,0.032667,9.914667
3424,1114.133333,9.464709,2,0,0.032125,9.496834
3425,1114.166667,9.929917,2,0,0.015166,9.945083
3426,1114.200000,10.165792,2,0,0.014041,10.179833
3427,1114.233333,9.081375,2,0,0.013083,9.094458
3428,1114.266667,8.842042,2,0,0.015000,8.857042
3429,1114.300000,8.173708,2,0,0.011625,8.185333
3430,1114.333333,8.564959,2,0,0.035458,8.600417
3431,1114.366667,8.598292,2,0,0.018417,8.616709
3432,1114.400000,8.691708,2,0,0.036000,8.727708
3433,1114.433333,9.211333,2,0,0.024709,9.236042
3434,1114.466667,8.453458,2,0,0.013667,8.467125
3435,1114.500000,9.177708,2,0,0.014875,9.192583
3436,1114.533333,8.454166,2,0,0.051917,8.506083
3437,1114.566667,9.508500,2,0,0.026208,9.534708
3438,1114.600000,9.237542,2,0,0.012875,9.250417
3439,1114.633333,9.978084,2,0,0.016541,9.994625
3440,1114.666667,9.557166,2,0,0.023375,9.580541
3441,1114.700000,9.845500,2,0,0.018625,9.864125
3442,1114.733333,8.843000,2,0,0.013125,8.856125
3443,1114.766667,8.525125,2,0,0.011542,8.536667
3444,1114.800000,9.351625,2,0,0.032792,9.384417
3445,1114.833333,9.662667,2,0,0.019583,9.682250
3446,1114.866667,9.642750,2,0,0.013583,9.656333
3447,1114.900000,9.491542,2,0,0.029208,9.520750
3448,1114.933333,10.137917,2,0,0.015042,10.152959
3449,1114.966667,9.302917,2,0,0.037167,9.340084
3450,1115.000000,9.213667,2,0,0.025417,9.239084
3451,1115.033333,9.948125,2,0,0.031125,9.979250
3452,1115.066667,9.670834,2,0,0.025416,9.696250
3453,1115.100000,9.781834,2,0,0.016375,9.798209
3454,1115.133333,9.085041,2,0,0.021292,9.106333
3455,1115.166667,9.641459,2,0,0.010041,9.651500
3456,1115.200000,9.773625,2,0,0.019000,9.792625
3457,1115.233333,9.082959,2,0,0.033541,9.116500
3458,1115.266667,9.015167,2,0,0.017250,9.032417
3459,1115.300000,9.759875,2,0,0.011042,9.770917
3460,1115.333333,9.576041,2,0,0.010042,9.586083
3461,1115.366667,9.094917,2,0,0.020125,9.115042
3462,1115.400000,9.981458,2,0,0.012917,9.994375
3463,1115.433333,7.814834,2,0,0.013666,7.828500
3464,1115.466667,8.097958,2,0,0.022542,8.120500
3465,1115.500000,8.961166,2,0,0.017959,8.979125
3466,1115.533333,9.292667,2,0,0.012792,9.305459
3467,1115.566667,8.835083,2,0,0.024833,8.859916
3468,1115.600000,9.603083,2,0,0.017750,9.620833
3469,1115.633333,8.831750,2,0,0.025250,8.857000
3470,1115.666667,9.700375,2,0,0.034500,9.734875
3471,1115.700000,9.572417,2,0,0.014542,9.586959
3472,1115.733333,9.615000,2,0,0.018709,9.633709
3473,1115.766667,9.887250,2,0,0.012875,9.900125
3474,1115.800000,8.701125,2,0,0.012209,8.713334
3475,1115.833333,10.983000,2,0,0.017750,11.000750
3476,1115.866667,9.336458,2,0,0.017208,9.353666
3477,1115.900000,9.206750,2,0,0.014958,9.221708
3478,1115.933333,9.664292,2,0,0.031041,9.695333
3479,1115.966667,7.748917,2,0,0.012875,7.761792
3480,1116.000000,10.241916,2,0,0.043584,10.285500
3481,1116.033333,9.198209,2,0,0.011916,9.210125
3482,1116.066667,8.778958,2,0,0.082334,8.861292
3483,1116.100000,8.527291,2,0,0.029667,8.556958
3484,1116.133333,9.468417,2,0,0.013917,9.482334
3485,1116.166667,9.080291,2,0,0.021500,9.101791
3486,1116.200000,9.177125,2,0,0.017291,9.194416
3487,1116.233333,9.207709,2,0,0.011083,9.218792
3488,1116.266667,8.721791,2,0,0.029125,8.750916
3489,1116.300000,8.783542,2,0,0.022375,8.805917
3490,1116.333333,9.079667,2,0,0.027250,9.106917
3491,1116.366667,9.438709,2,0,0.020416,9.459125
3492,1116.400000,8.838500,2,0,0.023041,8.861541
3493,1116.433333,8.857667,2,0,0.015167,8.872834
3494,1116.466667,9.731000,2,0,0.033083,9.764083
3495,1116.500000,9.085083,2,0,0.013125,9.098208
3496,1116.533333,8.915167,2,0,0.032291,8.947458
3497,1116.566667,9.080375,2,0,0.009292,9.089667
3498,1116.600000,9.221125,2,0,0.027625,9.248750
3499,1116.633333,8.872750,2,0,0.026667,8.899417
3500,1116.666667,8.946417,2,0,0.018958,8.965375
3501,1116.700000,8.887500,2,0,0.018125,8.905625
3502,1116.733333,9.276916,2,0,0.013667,9.290583
3503,1116.766667,9.288209,2,0,0.026541,9.314750
3504,1116.800000,9.734292,2,0,0.019708,9.754000
3505,1116.833333,9.298833,2,0,0.039500,9.338333
3506,1116.866667,9.151875,2,0,0.010500,9.162375
3507,1116.900000,9.099167,2,0,0.025125,9.124292
3508,1116.933333,9.069792,2,0,0.012666,9.082458
3509,1116.966667,8.728125,2,0,0.015667,8.743792
3510,1117.000000,8.634459,2,0,0.018125,8.652584
3511,1117.033333,8.826250,2,0,0.032125,8.858375
3512,1117.066667,8.942958,2,0,0.018208,8.961166
3513,1117.100000,9.376875,2,0,0.017125,9.394000
3514,1117.133333,8.903500,2,0,0.007958,8.911458
3515,1117.166667,9.132000,2,0,0.016625,9.148625
3516,1117.200000,8.557208,2,0,0.019333,8.576541
3517,1117.233333,9.059000,2,0,0.014000,9.073000
3518,1117.266667,9.430792,2,0,0.012541,9.443333
3519,1117.300000,9.225916,2,0,0.011042,9.236958
3520,1117.333333,10.727042,2,0,0.019917,10.746959
3521,1117.366667,8.405209,2,0,0.011666,8.416875
3522,1117.400000,8.689166,2,0,0.025334,8.714500
3523,1117.433333,8.570958,2,0,0.012584,8.583542
3524,1117.466667,9.729792,2,0,0.023000,9.752792
3525,1117.500000,8.979750,2,0,0.017708,8.997458
3526,1117.533333,9.086750,2,0,0.017042,9.103792
3527,1117.566667,9.199875,2,0,0.015542,9.215417
3528,1117.600000,9.195458,2,0,0.014375,9.209833
3529,1117.633333,9.138542,2,0,0.018708,9.157250
3530,1117.666667,8.971291,2,0,0.015209,8.986500
3531,1117.700000,8.942916,2,0,0.018584,8.961500
3532,1117.733333,10.552291,2,0,0.033250,10.585541
3533,1117.766667,7.582375,2,0,0.013625,7.596000
3534,1117.800000,7.694375,2,0,0.013166,7.707541
3535,1117.833333,8.053625,2,0,0.016083,8.069708
3536,1117.866667,8.887333,2,0,0.019458,8.906791
3537,1117.900000,8.885167,2,0,0.023125,8.908292
3538,1117.933333,9.155000,2,0,0.034750,9.189750
3539,1117.966667,9.418083,2,0,0.013167,9.431250
3540,1118.000000,9.280792,2,0,0.022875,9.303667
3541,1118.033333,10.362750,2,0,0.030125,10.392875
3542,1118.066667,8.955125,2,0,0.011000,8.966125
3543,1118.100000,10.420083,2,0,0.019042,10.439125
3544,1118.133333,8.907208,2,0,0.033750,8.940958
3545,1118.166667,9.151250,2,0,0.016834,9.168084
3546,1118.200000,9.846208,2,0,0.013459,9.859667
3547,1118.233333,8.959166,2,0,0.011875,8.971041
3548,1118.266667,8.756542,2,0,0.015750,8.772292
3549,1118.300000,10.455542,2,0,0.019458,10.475000
3550,1118.333333,8.700250,2,0,0.021916,8.722166
3551,1118.366667,8.923292,2,0,0.018000,8.941292
3552,1118.400000,9.269000,2,0,0.012666,9.281666
3553,1118.433333,8.761750,2,0,0.016375,8.778125
3554,1118.466667,8.921500,2,0,0.021542,8.943042
3555,1118.500000,9.054041,2,0,0.017084,9.071125
3556,1118.533333,9.333083,2,0,0.034917,9.368000
3557,1118.566667,9.203334,2,0,0.038791,9.242125
3558,1118.600000,9.293166,2,0,0.012917,9.306083
3559,1118.633333,9.367208,2,0,0.011209,9.378417
3560,1118.666667,8.482041,2,0,0.012709,8.494750
3561,1118.700000,9.097291,2,0,0.013792,9.111083
3562,1118.733333,8.105666,2,0,0.016792,8.122458
3563,1118.766667,7.660292,2,0,0.008708,7.669000
3564,1118.800000,8.908125,2,0,0.010750,8.918875
3565,1118.833333,8.628542,2,0,0.013291,8.641833
3566,1118.866667,9.546250,2,0,0.030834,9.577084
3567,1118.900000,9.674500,2,0,0.015542,9.690042
3568,1118.933333,9.595167,2,0,0.019291,9.614458
3569,1118.966667,9.608541,2,0,0.013209,9.621750
3570,1119.000000,9.701750,2,0,0.029125,9.730875
3571,1119.033333,10.405125,2,0,0.011625,10.416750
3572,1119.066667,9.503917,2,0,0.014625,9.518542
3573,1119.100000,11.561833,2,0,0.016042,11.577875
3574,1119.133333,9.921959,2,0,0.011458,9.933417
3575,1119.166667,10.076083,2,0,0.011375,10.087458
3576,1119.200000,10.836916,2,0,0.024417,10.861333
3577,1119.233333,9.652125,2,0,0.012083,9.664208
3578,1119.266667,9.826291,2,0,0.017417,9.843708
3579,1119.300000,10.287583,2,0,0.025542,10.313125
3580,1119.333333,10.282958,2,0,0.026958,10.309916
3581,1119.366667,10.195167,2,0,0.030917,10.226084
3582,1119.400000,10.315333,2,0,0.008917,10.324250
3583,1119.433333,10.029959,2,0,0.017583,10.047542
3584,1119.466667,9.854792,2,0,0.052958,9.907750
3585,1119.500000,9.417500,2,0,0.017625,9.435125
3586,1119.533333,9.781666,2,0,0.015792,9.797458
3587,1119.566667,9.608625,2,0,0.014458,9.623083
3588,1119.600000,11.318667,2,0,0.037000,11.355667
3589,1119.633333,10.030375,2,0,0.017833,10.048208
3590,1119.666667,10.175500,2,0,0.023291,10.198791
3591,1119.700000,9.423375,2,0,0.013834,9.437209
3592,1119.733333,10.168125,2,0,0.017833,10.185958
3593,1119.766667,10.216625,2,0,0.023375,10.240000
3594,1119.800000,10.226875,2,0,0.019750,10.246625
3595,1119.833333,9.874500,2,0,0.013916,9.888416
3596,1119.866667,10.031875,2,0,0.032625,10.064500
3597,1119.900000,9.805208,2,0,0.009375,9.814583
3598,1119.933333,10.212500,2,0,0.027833,10.240333
3599,1119.966667,10.464500,2,0,0.012833,10.477333
3600,1120.000000,10.367042,2,0,0.022708,10.389750
3601,1120.033333,9.658167,2,0,0.021500,9.679667
3602,1120.066667,9.719750,2,0,0.012125,9.731875
3603,1120.100000,10.126292,2,0,0.025583,10.151875
3604,1120.133333,10.361750,2,0,0.036833,10.398583
3605,1120.166667,10.291083,2,0,0.029375,10.320458
3606,1120.200000,9.376833,2,0,0.011250,9.388083
3607,1120.233333,9.927083,2,0,0.016000,9.943083
3608,1120.266667,10.022333,2,0,0.022833,10.045166
3609,1120.300000,10.085875,2,0,0.027791,10.113666
3610,1120.333333,9.827583,2,0,0.011167,9.838750
3611,1120.366667,9.700791,2,0,0.022917,9.723708
3612,1120.400000,10.353000,2,0,0.017291,10.370291
3613,1120.433333,8.024875,2,0,0.015459,8.040334
3614,1120.466667,8.595958,2,0,0.045333,8.641291
3615,1120.500000,8.743916,2,0,0.025459,8.769375
3616,1120.533333,9.598083,2,0,0.051125,9.649208
3617,1120.566667,9.433542,2,0,0.015208,9.448750
3618,1120.600000,9.246083,2,0,0.027667,9.273750
3619,1120.633333,10.116625,2,0,0.033208,10.149833
3620,1120.666667,9.484958,2,0,0.026083,9.511041
3621,1120.700000,10.101584,2,0,0.034625,10.136209
3622,1120.733333,10.558583,2,0,0.013125,10.571708
3623,1120.766667,10.356125,2,0,0.015750,10.371875
3624,1120.800000,8.656792,2,0,0.028708,8.685500
3625,1120.833333,9.398667,2,0,0.025125,9.423792
3626,1120.866667,9.625625,2,0,0.011000,9.636625
3627,1120.900000,9.441541,2,0,0.022959,9.464500
3628,1120.933333,9.954791,2,0,0.039125,9.993916
3629,1120.966667,10.130416,2,0,0.042709,10.173125
3630,1121.000000,9.948333,2,0,0.024125,9.972458
3631,1121.033333,9.831792,2,0,0.019000,9.850792
3632,1121.066667,10.326042,2,0,0.021333,10.347375
3633,1121.100000,10.168250,2,0,0.016584,10.184834
3634,1121.133333,9.932875,2,0,0.024959,9.957834
3635,1121.166667,9.995041,2,0,0.031459,10.026500
3636,1121.200000,10.175166,2,0,0.017459,10.192625
3637,1121.233333,9.897292,2,0,0.013333,9.910625
3638,1121.266667,10.568917,2,0,0.012000,10.580917
3639,1121.300000,9.959792,2,0,0.020416,9.980208
3640,1121.333333,10.137500,2,0,0.014750,10.152250
3641,1121.366667,9.855334,2,0,0.035208,9.890542
3642,1121.400000,9.994959,2,0,0.038041,10.033000
3643,1121.433333,9.969375,2,0,0.024125,9.993500
3644,1121.466667,9.747791,2,0,0.014584,9.762375
3645,1121.500000,10.153875,2,0,0.025833,10.179708
3646,1121.533333,9.736833,2,0,0.015000,9.751833
3647,1121.566667,10.075500,2,0,0.019167,10.094667
3648,1121.600000,9.976583,2,0,0.023584,10.000167
3649,1121.633333,10.273292,2,0,0.015375,10.288667
3650,1121.666667,10.045916,2,0,0.035667,10.081583
3651,1121.700000,9.871708,2,0,0.022459,9.894167
3652,1121.733333,9.440875,2,0,0.025416,9.466291
3653,1121.766667,10.126041,2,0,0.042584,10.168625
3654,1121.800000,10.173917,2,0,0.013416,10.187333
3655,1121.833333,10.427708,2,0,0.020042,10.447750
3656,1121.866667,9.581125,2,0,0.010417,9.591542
3657,1121.900000,11.171583,2,0,0.016250,11.187833
3658,1121.933333,10.800625,2,0,0.016417,10.817042
3659,1121.966667,10.317292,2,0,0.024125,10.341417
3660,1122.000000,10.337416,2,0,0.032875,10.370291
3661,1122.033333,9.932291,2,0,0.012709,9.945000
3662,1122.066667,10.822541,2,0,0.016000,10.838541
3663,1122.100000,10.960125,2,0,0.035708,10.995833
3664,1122.133333,10.672500,2,0,0.036666,10.709166
3665,1122.166667,10.774333,2,0,0.028500,10.802833
3666,1122.200000,10.982875,2,0,0.014875,10.997750
3667,1122.233333,11.310000,2,0,0.022750,11.332750
3668,1122.266667,10.228292,2,0,0.021625,10.249917
3669,1122.300000,10.591250,2,0,0.018458,10.609708
3670,1122.333333,10.328583,2,0,0.013584,10.342167
3671,1122.366667,10.885416,2,0,0.010625,10.896041
3672,1122.400000,10.290917,2,0,0.012708,10.303625
3673,1122.433333,10.603666,2,0,0.014292,10.617958
3674,1122.466667,10.221750,2,0,0.019125,10.240875
3675,1122.500000,9.942208,2,0,0.030708,9.972916
3676,1122.533333,10.266958,2,0,0.013375,10.280333
3677,1122.566667,10.395875,2,0,0.017833,10.413708
3678,1122.600000,10.381375,2,0,0.019792,10.401167
3679,1122.633333,10.065375,2,0,0.017125,10.082500
3680,1122.666667,10.723084,2,0,0.012583,10.735667
3681,1122.700000,10.677083,2,0,0.029459,10.706542
3682,1122.733333,10.459250,2,0,0.012583,10.471833
3683,1122.766667,11.251042,2,0,0.021166,11.272208
3684,1122.800000,11.627000,2,0,0.018083,11.645083
3685,1122.833333,10.745958,2,0,0.035167,10.781125
3686,1122.866667,10.319708,2,0,0.020542,10.340250
3687,1122.900000,12.528417,2,0,0.017750,12.546167
3688,1122.933333,10.967000,2,0,0.020958,10.987958
3689,1122.966667,10.772917,2,0,0.013833,10.786750
3690,1123.000000,10.382084,2,0,0.017958,10.400042
3691,1123.033333,10.590042,2,0,0.022833,10.612875
3692,1123.066667,10.343125,2,0,0.022292,10.365417
3693,1123.100000,10.729541,2,0,0.022709,10.752250
3694,1123.133333,11.614834,2,0,0.018166,11.633000
3695,1123.166667,10.323208,2,0,0.018500,10.341708
3696,1123.200000,11.296833,2,0,0.025042,11.321875
3697,1123.233333,11.230292,2,0,0.035250,11.265542
3698,1123.266667,10.802667,2,0,0.026000,10.828667
3699,1123.300000,10.810708,2,0,0.028583,10.839291
3700,1123.333333,11.023292,2,0,0.015375,11.038667
3701,1123.366667,10.557708,2,0,0.013959,10.571667
3702,1123.400000,11.184084,2,0,0.034333,11.218417
3703,1123.433333,10.700000,2,0,0.019875,10.719875
3704,1123.466667,11.063042,2,0,0.031125,11.094167
3705,1123.500000,11.238417,2,0,0.018916,11.257333
3706,1123.533333,10.660250,2,0,0.034750,10.695000
3707,1123.566667,10.882709,2,0,0.023791,10.906500
3708,1123.600000,11.211375,2,0,0.014208,11.225583
3709,1123.633333,10.687500,2,0,0.023666,10.711166
3710,1123.666667,11.058000,2,0,0.016375,11.074375
3711,1123.700000,10.761833,2,0,0.013500,10.775333
3712,1123.733333,10.803583,2,0,0.010625,10.814208
3713,1123.766667,10.622667,2,0,0.025375,10.648042
3714,1123.800000,10.352250,2,0,0.012792,10.365042
3715,1123.833333,10.032250,2,0,0.048084,10.080334
3716,1123.866667,10.418625,2,0,0.019000,10.437625
3717,1123.900000,10.923792,2,0,0.011416,10.935208
3718,1123.933333,10.684250,2,0,0.026583,10.710833
3719,1123.966667,11.218584,2,0,0.037875,11.256459
3720,1124.000000,10.888917,2,0,0.032208,10.921125
3721,1124.033333,10.723542,2,0,0.025917,10.749459
3722,1124.066667,10.989750,2,0,0.034666,11.024416
3723,1124.100000,11.095791,2,0,0.025709,11.121500
3724,1124.133333,11.360833,2,0,0.028375,11.389208
3725,1124.166667,10.942625,2,0,0.029333,10.971958
3726,1124.200000,10.667500,2,0,0.021792,10.689292
3727,1124.233333,10.919708,2,0,0.025000,10.944708
3728,1124.266667,10.794042,2,0,0.043833,10.837875
3729,1124.300000,11.129083,2,0,0.012542,11.141625
3730,1124.333333,10.807208,2,0,0.022542,10.829750
3731,1124.366667,11.126291,2,0,0.020334,11.146625
3732,1124.400000,10.979208,2,0,0.026167,11.005375
3733,1124.433333,10.722125,2,0,0.028791,10.750916
3734,1124.466667,10.820708,2,0,0.018167,10.838875
3735,1124.500000,10.943333,2,0,0.019709,10.963042
3736,1124.533333,10.608708,2,0,0.025208,10.633916
3737,1124.566667,10.667792,2,0,0.025708,10.693500
3738,1124.600000,10.692209,2,0,0.017000,10.709209
3739,1124.633333,10.977750,2,0,0.027542,11.005292
3740,1124.666667,10.776666,2,0,0.015792,10.792458
3741,1124.700000,10.959958,2,0,0.026000,10.985958
3742,1124.733333,11.027042,2,0,0.021833,11.048875
3743,1124.766667,10.804333,2,0,0.023208,10.827541
3744,1124.800000,11.134292,2,0,0.024541,11.158833
3745,1124.833333,11.144333,2,0,0.011917,11.156250
3746,1124.866667,9.724500,2,0,0.008875,9.733375
3747,1124.900000,10.905833,2,0,0.011334,10.917167
3748,1124.933333,11.244167,2,0,0.013916,11.258083
3749,1124.966667,10.761750,2,0,0.021750,10.783500
3750,1125.000000,10.968333,2,0,0.015042,10.983375
3751,1125.033333,11.243000,2,0,0.023417,11.266417
3752,1125.066667,10.628667,2,0,0.033917,10.662584
3753,1125.100000,10.852708,2,0,0.026208,10.878916
3754,1125.133333,11.203416,2,0,0.024417,11.227833
3755,1125.166667,10.719167,2,0,0.022958,10.742125
3756,1125.200000,10.663958,2,0,0.019000,10.682958
3757,1125.233333,10.895041,2,0,0.034250,10.929291
3758,1125.266667,10.787541,2,0,0.018417,10.805958
3759,1125.300000,11.072834,2,0,0.018166,11.091000
3760,1125.333333,10.827125,2,0,0.016375,10.843500
3761,1125.366667,10.913625,2,0,0.018083,10.931708
3762,1125.400000,10.539667,2,0,0.025000,10.564667
3763,1125.433333,8.913375,2,0,0.014166,8.927541
3764,1125.466667,9.692917,2,0,0.027833,9.720750
3765,1125.500000,10.506417,2,0,0.028166,10.534583
3766,1125.533333,10.196458,2,0,0.029375,10.225833
3767,1125.566667,10.813625,2,0,0.021042,10.834667
3768,1125.600000,10.790750,2,0,0.013708,10.804458
3769,1125.633333,10.816500,2,0,0.011709,10.828209
3770,1125.666667,10.632583,2,0,0.029917,10.662500
3771,1125.700000,10.666667,2,0,0.022958,10.689625
3772,1125.733333,10.628125,2,0,0.022500,10.650625
3773,1125.766667,10.622583,2,0,0.012667,10.635250
3774,1125.800000,10.988666,2,0,0.031084,11.019750
3775,1125.833333,11.300625,2,0,0.025375,11.326000
3776,1125.866667,10.721500,2,0,0.009416,10.730916
3777,1125.900000,11.096708,2,0,0.017834,11.114542
3778,1125.933333,10.836458,2,0,0.023708,10.860166
3779,1125.966667,10.721292,2,0,0.012167,10.733459
3780,1126.000000,10.707667,2,0,0.034750,10.742417
3781,1126.033333,10.807125,2,0,0.018917,10.826042
3782,1126.066667,11.143000,2,0,0.019167,11.162167
3783,1126.100000,11.120875,2,0,0.016708,11.137583
3784,1126.133333,10.806250,2,0,0.022583,10.828833
3785,1126.166667,12.247333,2,0,0.039959,12.287292
3786,1126.200000,10.627292,2,0,0.036333,10.663625
3787,1126.233333,10.868333,2,0,0.018542,10.886875
3788,1126.266667,10.276208,2,0,0.014292,10.290500
3789,1126.300000,10.696375,2,0,0.014708,10.711083
3790,1126.333333,10.481541,2,0,0.021084,10.502625
3791,1126.366667,10.954500,2,0,0.033834,10.988334
3792,1126.400000,11.041583,2,0,0.024209,11.065792
3793,1126.433333,11.083750,2,0,0.054750,11.138500
3794,1126.466667,11.120917,2,0,0.031333,11.152250
3795,1126.500000,11.238042,2,0,0.012083,11.250125
3796,1126.533333,10.497166,2,0,0.008125,10.505291
3797,1126.566667,10.826875,2,0,0.012375,10.839250
3798,1126.600000,10.947500,2,0,0.015334,10.962834
3799,1126.633333,11.550209,2,0,0.038500,11.588709
3800,1126.666667,10.777291,2,0,0.025417,10.802708
3801,1126.700000,10.508792,2,0,0.023916,10.532708
3802,1126.733333,10.795125,2,0,0.017667,10.812792
3803,1126.766667,11.878542,2,0,0.015167,11.893709
3804,1126.800000,10.626500,2,0,0.018750,10.645250
3805,1126.833333,9.365500,2,0,0.011291,9.376791
3806,1126.866667,9.546375,2,0,0.018291,9.564666
3807,1126.900000,10.134959,2,0,0.017291,10.152250
3808,1126.933333,12.018583,2,0,0.025959,12.044542
3809,1126.966667,10.303750,2,0,0.021042,10.324792
3810,1127.000000,10.408459,2,0,0.023916,10.432375
3811,1127.033333,10.102917,2,0,0.011667,10.114584
3812,1127.066667,11.103875,2,0,0.024209,11.128084
3813,1127.100000,11.007625,2,0,0.019583,11.027208
3814,1127.133333,11.143292,2,0,0.018791,11.162083
3815,1127.166667,10.540583,2,0,0.018042,10.558625
3816,1127.200000,10.398666,2,0,0.019209,10.417875
3817,1127.233333,11.255042,2,0,0.018583,11.273625
3818,1127.266667,11.094459,2,0,0.023125,11.117584
3819,1127.300000,11.057250,2,0,0.016000,11.073250
3820,1127.333333,10.795083,2,0,0.011084,10.806167
3821,1127.366667,10.753000,2,0,0.022333,10.775333
3822,1127.400000,11.051750,2,0,0.015500,11.067250
3823,1127.433333,10.327208,2,0,0.029833,10.357041
3824,1127.466667,11.019291,2,0,0.019417,11.038708
3825,1127.500000,10.583375,2,0,0.013042,10.596417
3826,1127.533333,10.841916,2,0,0.019417,10.861333
3827,1127.566667,11.024000,2,0,0.039375,11.063375
3828,1127.600000,10.741667,2,0,0.028458,10.770125
3829,1127.633333,10.236041,2,0,0.027959,10.264000
3830,1127.666667,10.828166,2,0,0.016959,10.845125
3831,1127.700000,10.291958,2,0,0.012042,10.304000
3832,1127.733333,10.725000,2,0,0.009500,10.734500
3833,1127.766667,10.474750,2,0,0.018958,10.493708
3834,1127.800000,10.797708,2,0,0.015000,10.812708
3835,1127.833333,10.372917,2,0,0.018958,10.391875
3836,1127.866667,10.862458,2,0,0.016333,10.878791
3837,1127.900000,10.661458,2,0,0.015667,10.677125
3838,1127.933333,11.323042,2,0,0.017333,11.340375
3839,1127.966667,10.676542,2,0,0.015416,10.691958
3840,1128.000000,11.129542,2,0,0.021000,11.150542
3841,1128.033333,11.618125,2,0,0.016792,11.634917
3842,1128.066667,10.247500,2,0,0.016041,10.263541
3843,1128.100000,11.086292,2,0,0.019625,11.105917
3844,1128.133333,10.190917,2,0,0.010208,10.201125
3845,1128.166667,10.796875,2,0,0.020709,10.817584
3846,1128.200000,10.701000,2,0,0.024209,10.725209
3847,1128.233333,10.708042,2,0,0.015333,10.723375
3848,1128.266667,10.757083,2,0,0.028375,10.785458
3849,1128.300000,10.588500,2,0,0.034500,10.623000
3850,1128.333333,10.755208,2,0,0.024708,10.779916
3851,1128.366667,10.739834,2,0,0.024708,10.764542
3852,1128.400000,10.374875,2,0,0.010750,10.385625
3853,1128.433333,11.461083,2,0,0.020208,11.481291
3854,1128.466667,10.659292,2,0,0.036458,10.695750
3855,1128.500000,10.857541,2,0,0.010959,10.868500
3856,1128.533333,11.354750,2,0,0.018208,11.372958
3857,1128.566667,10.011458,2,0,0.013334,10.024792
3858,1128.600000,10.513709,2,0,0.012083,10.525792
3859,1128.633333,10.874708,2,0,0.015000,10.889708
3860,1128.666667,10.346292,2,0,0.019083,10.365375
3861,1128.700000,10.525875,2,0,0.018000,10.543875
3862,1128.733333,10.392833,2,0,0.021584,10.414417
3863,1128.766667,10.120083,2,0,0.013083,10.133166
3864,1128.800000,10.849417,2,0,0.015333,10.864750
3865,1128.833333,10.669167,2,0,0.019958,10.689125
3866,1128.866667,11.661875,2,0,0.020834,11.682709
3867,1128.900000,10.462500,2,0,0.014958,10.477458
3868,1128.933333,10.470542,2,0,0.014583,10.485125
3869,1128.966667,10.438291,2,0,0.032042,10.470333
3870,1129.000000,10.748416,2,0,0.017000,10.765416
3871,1129.033333,10.767166,2,0,0.012042,10.779208
3872,1129.066667,10.771917,2,0,0.012667,10.784584
3873,1129.100000,10.806208,2,0,0.032708,10.838916
3874,1129.133333,10.366625,2,0,0.034666,10.401291
3875,1129.166667,10.583542,2,0,0.012500,10.596042
3876,1129.200000,10.979667,2,0,0.029333,11.009000
3877,1129.233333,10.963667,2,0,0.027833,10.991500
3878,1129.266667,10.511500,2,0,0.016750,10.528250
3879,1129.300000,11.059625,2,0,0.015250,11.074875
3880,1129.333333,11.024166,2,0,0.014084,11.038250
3881,1129.366667,11.575125,2,0,0.042708,11.617833
3882,1129.400000,10.469250,2,0,0.008791,10.478041
3883,1129.433333,10.899084,2,0,0.016083,10.915167
3884,1129.466667,11.333709,2,0,0.020125,11.353834
3885,1129.500000,11.007250,2,0,0.018917,11.026167
3886,1129.533333,10.693000,2,0,0.015250,10.708250
3887,1129.566667,10.351583,2,0,0.021667,10.373250
3888,1129.600000,11.420917,2,0,0.010583,11.431500
3889,1129.633333,10.437875,2,0,0.016125,10.454000
3890,1129.666667,10.127625,2,0,0.018375,10.146000
3891,1129.700000,10.474542,2,0,0.021333,10.495875
3892,1129.733333,10.713000,2,0,0.034208,10.747208
3893,1129.766667,10.626000,2,0,0.009417,10.635417
3894,1129.800000,11.280500,2,0,0.011292,11.291792
3895,1129.833333,10.175875,2,0,0.023750,10.199625
3896,1129.866667,9.137375,2,0,0.012625,9.150000
3897,1129.900000,9.619084,2,0,0.021041,9.640125
3898,1129.933333,9.576042,2,0,0.019167,9.595209
3899,1129.966667,10.534208,2,0,0.013709,10.547917
3900,1130.000000,10.590417,2,0,0.017083,10.607500
3901,1130.033333,10.027292,2,0,0.016750,10.044042
3902,1130.066667,10.833417,2,0,0.026458,10.859875
3903,1130.100000,10.922791,2,0,0.022459,10.945250
3904,1130.133333,10.553417,2,0,0.013375,10.566792
3905,1130.166667,10.654292,2,0,0.023625,10.677917
3906,1130.200000,10.729917,2,0,0.019000,10.748917
3907,1130.233333,10.202792,2,0,0.021833,10.224625
3908,1130.266667,10.457750,2,0,0.013291,10.471041
3909,1130.300000,10.517667,2,0,0.018958,10.536625
3910,1130.333333,10.602250,2,0,0.020125,10.622375
3911,1130.366667,10.541125,2,0,0.019417,10.560542
3912,1130.400000,10.441334,2,0,0.015750,10.457084
3913,1130.433333,8.629292,2,0,0.011792,8.641084
3914,1130.466667,9.805458,2,0,0.018375,9.823833
3915,1130.500000,10.016959,2,0,0.020666,10.037625
3916,1130.533333,9.648292,2,0,0.031458,9.679750
3917,1130.566667,10.534125,2,0,0.027500,10.561625
3918,1130.600000,10.701500,2,0,0.018042,10.719542
3919,1130.633333,10.483125,2,0,0.042834,10.525959
3920,1130.666667,10.561333,2,0,0.013000,10.574333
3921,1130.700000,11.108833,2,0,0.013542,11.122375
3922,1130.733333,10.903125,2,0,0.012291,10.915416
3923,1130.766667,10.784583,2,0,0.016709,10.801292
3924,1130.800000,10.436875,2,0,0.022375,10.459250
3925,1130.833333,12.114500,2,0,0.018708,12.133208
3926,1130.866667,10.446041,2,0,0.024459,10.470500
3927,1130.900000,10.836458,2,0,0.029584,10.866042
3928,1130.933333,10.801250,2,0,0.014583,10.815833
3929,1130.966667,10.503708,2,0,0.020417,10.524125
3930,1131.000000,10.613917,2,0,0.016083,10.630000
3931,1131.033333,10.250375,2,0,0.018084,10.268459
3932,1131.066667,10.735375,2,0,0.015834,10.751209
3933,1131.100000,11.656083,2,0,0.020042,11.676125
3934,1131.133333,10.936750,2,0,0.027292,10.964042
3935,1131.166667,10.061833,2,0,0.012083,10.073916
3936,1131.200000,11.850750,2,0,0.018208,11.868958
3937,1131.233333,10.012292,2,0,0.019125,10.031417
3938,1131.266667,12.094750,2,0,0.028916,12.123666
3939,1131.300000,10.283250,2,0,0.037083,10.320333
3940,1131.333333,10.439667,2,0,0.018792,10.458459
3941,1131.366667,9.914416,2,0,0.019625,9.934041
3942,1131.400000,10.623334,2,0,0.032083,10.655417
3943,1131.433333,10.535084,2,0,0.015291,10.550375
3944,1131.466667,10.454916,2,0,0.031792,10.486708
3945,1131.500000,10.613708,2,0,0.011083,10.624791
3946,1131.533333,10.584042,2,0,0.010375,10.594417
3947,1131.566667,10.664375,2,0,0.019833,10.684208
3948,1131.600000,10.161458,2,0,0.038459,10.199917
3949,1131.633333,11.482125,2,0,0.020250,11.502375
3950,1131.666667,10.127042,2,0,0.015541,10.142583
3951,1131.700000,10.252333,2,0,0.016042,10.268375
3952,1131.733333,9.782916,2,0,0.009334,9.792250
3953,1131.766667,9.856708,2,0,0.018917,9.875625
3954,1131.800000,11.062458,2,0,0.009042,11.071500
3955,1131.833333,10.352667,2,0,0.016208,10.368875
3956,1131.866667,9.517083,2,0,0.011500,9.528583
3957,1131.900000,10.201083,2,0,0.011750,10.212833
3958,1131.933333,10.158000,2,0,0.013125,10.171125
3959,1131.966667,10.472250,2,0,0.019208,10.491458
3960,1132.000000,10.137250,2,0,0.018042,10.155292
3961,1132.033333,10.253458,2,0,0.012375,10.265833
3962,1132.066667,10.586416,2,0,0.018542,10.604958
3963,1132.100000,10.049625,2,0,0.019666,10.069291
3964,1132.133333,10.184209,2,0,0.009750,10.193959
3965,1132.166667,10.747667,2,0,0.014333,10.762000
3966,1132.200000,9.899125,2,0,0.014292,9.913417
3967,1132.233333,10.260791,2,0,0.011709,10.272500
3968,1132.266667,9.984334,2,0,0.033125,10.017459
3969,1132.300000,10.432875,2,0,0.012167,10.445042
3970,1132.333333,11.204333,2,0,0.018667,11.223000
3971,1132.366667,9.873750,2,0,0.019500,9.893250
3972,1132.400000,11.343875,2,0,0.038416,11.382291
3973,1132.433333,10.255583,2,0,0.021417,10.277000
3974,1132.466667,11.426417,2,0,0.020625,11.447042
3975,1132.500000,10.119083,2,0,0.019542,10.138625
3976,1132.533333,9.722208,2,0,0.012417,9.734625
3977,1132.566667,10.285750,2,0,0.011458,10.297208
3978,1132.600000,10.660875,2,0,0.023458,10.684333
3979,1132.633333,10.403750,2,0,0.014167,10.417917
3980,1132.666667,10.000959,2,0,0.029708,10.030667
3981,1132.700000,9.879958,2,0,0.028042,9.908000
3982,1132.733333,10.100416,2,0,0.029667,10.130083
3983,1132.766667,10.330333,2,0,0.034875,10.365208
3984,1132.800000,10.114917,2,0,0.013625,10.128542
3985,1132.833333,10.503709,2,0,0.017875,10.521584
3986,1132.866667,10.499875,2,0,0.011334,10.511209
3987,1132.900000,10.215959,2,0,0.019250,10.235209
3988,1132.933333,9.427791,2,0,0.019250,9.447041
3989,1132.966667,9.728166,2,0,0.018834,9.747000
3990,1133.000000,10.046833,2,0,0.030042,10.076875
3991,1133.033333,10.031291,2,0,0.018042,10.049333
3992,1133.066667,10.275625,2,0,0.026709,10.302334
3993,1133.100000,10.249875,2,0,0.012834,10.262709
3994,1133.133333,9.726917,2,0,0.014167,9.741084
3995,1133.166667,9.801041,2,0,0.013375,9.814416
3996,1133.200000,9.416667,2,0,0.013166,9.429833
3997,1133.233333,9.448583,2,0,0.013875,9.462458
3998,1133.266667,10.190625,2,0,0.013333,10.203958
3999,1133.300000,10.665667,2,0,0.026292,10.691959
4000,1133.333333,10.660125,2,0,0.015583,10.675708
4001,1133.366667,9.685125,2,0,0.009000,9.694125
4002,1133.400000,10.253500,2,0,0.018708,10.272208
4003,1133.433333,11.094167,2,0,0.043708,11.137875
4004,1133.466667,9.837750,2,0,0.030083,9.867833
4005,1133.500000,10.005125,2,0,0.014959,10.020084
4006,1133.533333,10.352834,2,0,0.021125,10.373959
4007,1133.566667,10.077541,2,0,0.034917,10.112458
4008,1133.600000,9.770292,2,0,0.025125,9.795417
4009,1133.633333,10.401666,2,0,0.022209,10.423875
4010,1133.666667,10.215125,2,0,0.014792,10.229917
4011,1133.700000,10.076375,2,0,0.020875,10.097250
4012,1133.733333,10.571958,2,0,0.013375,10.585333
4013,1133.766667,10.280584,2,0,0.038916,10.319500
4014,1133.800000,10.026750,2,0,0.016708,10.043458
4015,1133.833333,10.913791,2,0,0.021750,10.935541
4016,1133.866667,10.265916,2,0,0.037917,10.303833
4017,1133.900000,11.251000,2,0,0.034000,11.285000
4018,1133.933333,9.740833,2,0,0.015000,9.755833
4019,1133.966667,9.958667,2,0,0.026500,9.985167
4020,1134.000000,9.985125,2,0,0.020792,10.005917
4021,1134.033333,10.303958,2,0,0.016084,10.320042
4022,1134.066667,10.334792,2,0,0.019208,10.354000
4023,1134.100000,9.923583,2,0,0.026000,9.949583
4024,1134.133333,10.166500,2,0,0.027792,10.194292
4025,1134.166667,10.121875,2,0,0.033583,10.155458
4026,1134.200000,10.136209,2,0,0.023833,10.160042
4027,1134.233333,9.829042,2,0,0.020958,9.850000
4028,1134.266667,10.129792,2,0,0.016958,10.146750
4029,1134.300000,10.159833,2,0,0.020125,10.179958
4030,1134.333333,10.091459,2,0,0.014708,10.106167
4031,1134.366667,10.698250,2,0,0.028708,10.726958
4032,1134.400000,10.454458,2,0,0.012084,10.466542
4033,1134.433333,10.126959,2,0,0.012416,10.139375
4034,1134.466667,10.113417,2,0,0.016333,10.129750
4035,1134.500000,11.019875,2,0,0.014709,11.034584
4036,1134.533333,9.730042,2,0,0.013250,9.743292
4037,1134.566667,9.888625,2,0,0.019750,9.908375
4038,1134.600000,10.287584,2,0,0.007916,10.295500
4039,1134.633333,9.610792,2,0,0.012875,9.623667
4040,1134.666667,9.762916,2,0,0.024000,9.786916
4041,1134.700000,10.300333,2,0,0.018667,10.319000
4042,1134.733333,9.727416,2,0,0.036000,9.763416
4043,1134.766667,10.166500,2,0,0.019125,10.185625
4044,1134.800000,10.561583,2,0,0.021625,10.583208
4045,1134.833333,10.107250,2,0,0.032250,10.139500
4046,1134.866667,9.835917,2,0,0.010042,9.845959
4047,1134.900000,9.794125,2,0,0.034292,9.828417
4048,1134.933333,10.064875,2,0,0.013958,10.078833
4049,1134.966667,10.254333,2,0,0.019500,10.273833
4050,1135.000000,10.646750,2,0,0.037834,10.684584
4051,1135.033333,10.523625,2,0,0.020875,10.544500
4052,1135.066667,10.035000,2,0,0.012667,10.047667
4053,1135.100000,10.249917,2,0,0.012083,10.262000
4054,1135.133333,10.127500,2,0,0.016500,10.144000
4055,1135.166667,10.246000,2,0,0.021250,10.267250
4056,1135.200000,11.917417,2,0,0.029875,11.947292
4057,1135.233333,9.990250,2,0,0.027083,10.017333
4058,1135.266667,9.908875,2,0,0.017250,9.926125
4059,1135.300000,10.407792,2,0,0.014958,10.422750
4060,1135.333333,9.935292,2,0,0.011667,9.946959
4061,1135.366667,9.959250,2,0,0.025958,9.985208
4062,1135.400000,11.603791,2,0,0.028125,11.631916
4063,1135.433333,8.689625,2,0,0.016500,8.706125
4064,1135.466667,8.438875,2,0,0.015084,8.453959
4065,1135.500000,9.365000,2,0,0.020584,9.385584
4066,1135.533333,9.219959,2,0,0.029208,9.249167
4067,1135.566667,9.479875,2,0,0.019125,9.499000
4068,1135.600000,9.796750,2,0,0.010291,9.807041
4069,1135.633333,10.192917,2,0,0.011333,10.204250
4070,1135.666667,10.576208,2,0,0.037083,10.613291
4071,1135.700000,9.495375,2,0,0.015292,9.510667
4072,1135.733333,10.033958,2,0,0.008542,10.042500
4073,1135.766667,9.642542,2,0,0.018250,9.660792
4074,1135.800000,9.763042,2,0,0.012500,9.775542
4075,1135.833333,10.493292,2,0,0.021208,10.514500
4076,1135.866667,9.969958,2,0,0.040750,10.010708
4077,1135.900000,9.702708,2,0,0.014458,9.717166
4078,1135.933333,9.072416,2,0,0.020417,9.092833
4079,1135.966667,8.980541,2,0,0.022084,9.002625
4080,1136.000000,9.453375,2,0,0.030583,9.483958
4081,1136.033333,9.756958,2,0,0.012500,9.769458
4082,1136.066667,9.719292,2,0,0.021791,9.741083
4083,1136.100000,9.987167,2,0,0.016458,10.003625
4084,1136.133333,9.915750,2,0,0.012583,9.928333
4085,1136.166667,11.105625,2,0,0.017791,11.123416
4086,1136.200000,10.004375,2,0,0.014625,10.019000
4087,1136.233333,10.142209,2,0,0.017291,10.159500
4088,1136.266667,9.782625,2,0,0.012584,9.795209
4089,1136.300000,10.490542,2,0,0.014416,10.504958
4090,1136.333333,9.792833,2,0,0.014083,9.806916
4091,1136.366667,10.155000,2,0,0.018166,10.173166
4092,1136.400000,10.473250,2,0,0.020875,10.494125
4093,1136.433333,9.812833,2,0,0.017417,9.830250
4094,1136.466667,9.435666,2,0,0.024292,9.459958
4095,1136.500000,10.252208,2,0,0.017167,10.269375
4096,1136.533333,9.867458,2,0,0.012792,9.880250
4097,1136.566667,9.722125,2,0,0.013000,9.735125
4098,1136.600000,9.912166,2,0,0.014959,9.927125
4099,1136.633333,11.648875,2,0,0.017416,11.666291
4100,1136.666667,9.932958,2,0,0.023500,9.956458
4101,1136.700000,9.711291,2,0,0.032542,9.743833
4102,1136.733333,9.781500,2,0,0.027000,9.808500
4103,1136.766667,9.926000,2,0,0.012834,9.938834
4104,1136.800000,9.675458,2,0,0.014417,9.689875
4105,1136.833333,10.161042,2,0,0.008750,10.169792
4106,1136.866667,9.943875,2,0,0.018292,9.962167
4107,1136.900000,10.047584,2,0,0.035208,10.082792
4108,1136.933333,10.131750,2,0,0.021416,10.153166
4109,1136.966667,10.354750,2,0,0.018209,10.372959
4110,1137.000000,9.618250,2,0,0.046084,9.664334
4111,1137.033333,9.565333,2,0,0.014750,9.580083
4112,1137.066667,9.745834,2,0,0.013750,9.759584
4113,1137.100000,10.161875,2,0,0.021416,10.183291
4114,1137.133333,11.754958,2,0,0.017542,11.772500
4115,1137.166667,9.829708,2,0,0.013292,9.843000
4116,1137.200000,9.762709,2,0,0.011291,9.774000
4117,1137.233333,9.844583,2,0,0.012833,9.857416
4118,1137.266667,10.292583,2,0,0.013292,10.305875
4119,1137.300000,10.728417,2,0,0.034125,10.762542
4120,1137.333333,10.412333,2,0,0.026125,10.438458
4121,1137.366667,10.307625,2,0,0.011000,10.318625
4122,1137.400000,10.525792,2,0,0.028125,10.553917
4123,1137.433333,10.158959,2,0,0.023791,10.182750
4124,1137.466667,12.084833,2,0,0.031250,12.116083
4125,1137.500000,10.183000,2,0,0.015417,10.198417
4126,1137.533333,10.195708,2,0,0.022625,10.218333
4127,1137.566667,9.826584,2,0,0.016625,9.843209
4128,1137.600000,9.992417,2,0,0.011958,10.004375
4129,1137.633333,10.302375,2,0,0.013042,10.315417
4130,1137.666667,10.246000,2,0,0.022209,10.268209
4131,1137.700000,10.273417,2,0,0.016750,10.290167
4132,1137.733333,10.253208,2,0,0.020042,10.273250
4133,1137.766667,10.053000,2,0,0.022500,10.075500
4134,1137.800000,10.015709,2,0,0.021208,10.036917
4135,1137.833333,10.459667,2,0,0.021333,10.481000
4136,1137.866667,10.293458,2,0,0.008084,10.301542
4137,1137.900000,11.830542,2,0,0.013417,11.843959
4138,1137.933333,9.998583,2,0,0.022000,10.020583
4139,1137.966667,9.972416,2,0,0.018042,9.990458
4140,1138.000000,10.250875,2,0,0.038250,10.289125
4141,1138.033333,9.492541,2,0,0.030375,9.522916
4142,1138.066667,9.539625,2,0,0.022042,9.561667
4143,1138.100000,10.720958,2,0,0.016125,10.737083
4144,1138.133333,10.674375,2,0,0.040958,10.715333
4145,1138.166667,9.991208,2,0,0.015209,10.006417
4146,1138.200000,9.609666,2,0,0.021084,9.630750
4147,1138.233333,9.773958,2,0,0.013709,9.787667
4148,1138.266667,10.041334,2,0,0.022041,10.063375
4149,1138.300000,10.828166,2,0,0.025125,10.853291
4150,1138.333333,10.126750,2,0,0.033917,10.160667
4151,1138.366667,9.590458,2,0,0.011625,9.602083
4152,1138.400000,10.622959,2,0,0.014208,10.637167
4153,1138.433333,11.198625,2,0,0.019500,11.218125
4154,1138.466667,9.143917,2,0,0.022083,9.166000
4155,1138.500000,10.049875,2,0,0.014625,10.064500
4156,1138.533333,9.544375,2,0,0.024458,9.568833
4157,1138.566667,10.228625,2,0,0.020084,10.248709
4158,1138.600000,10.001958,2,0,0.016459,10.018417
4159,1138.633333,9.315708,2,0,0.015125,9.330833
4160,1138.666667,10.118500,2,0,0.041709,10.160209
4161,1138.700000,10.001542,2,0,0.018417,10.019959
4162,1138.733333,10.084709,2,0,0.023125,10.107834
4163,1138.766667,9.696833,2,0,0.016333,9.713166
4164,1138.800000,9.580625,2,0,0.013958,9.594583
4165,1138.833333,10.273042,2,0,0.021125,10.294167
4166,1138.866667,9.919333,2,0,0.010250,9.929583
4167,1138.900000,9.674667,2,0,0.018500,9.693167
4168,1138.933333,8.550541,2,0,0.010917,8.561458
4169,1138.966667,9.283292,2,0,0.030208,9.313500
4170,1139.000000,9.142375,2,0,0.022292,9.164667
4171,1139.033333,9.466500,2,0,0.018375,9.484875
4172,1139.066667,10.626291,2,0,0.031792,10.658083
4173,1139.100000,9.089000,2,0,0.016083,9.105083
4174,1139.133333,9.507459,2,0,0.015583,9.523042
4175,1139.166667,9.717166,2,0,0.013917,9.731083
4176,1139.200000,10.067834,2,0,0.018041,10.085875
4177,1139.233333,11.466625,2,0,0.015667,11.482292
4178,1139.266667,9.624875,2,0,0.032708,9.657583
4179,1139.300000,9.672291,2,0,0.015209,9.687500
4180,1139.333333,9.918625,2,0,0.010125,9.928750
4181,1139.366667,9.830916,2,0,0.019125,9.850041
4182,1139.400000,10.451541,2,0,0.012334,10.463875
4183,1139.433333,10.059167,2,0,0.014416,10.073583
4184,1139.466667,9.838833,2,0,0.014959,9.853792
4185,1139.500000,9.971584,2,0,0.009916,9.981500
4186,1139.533333,10.174458,2,0,0.012750,10.187208
4187,1139.566667,9.314750,2,0,0.013375,9.328125
4188,1139.600000,11.431333,2,0,0.029209,11.460542
4189,1139.633333,9.932958,2,0,0.038833,9.971791
4190,1139.666667,10.419750,2,0,0.015500,10.435250
4191,1139.700000,9.783875,2,0,0.026375,9.810250
4192,1139.733333,9.647167,2,0,0.020708,9.667875
4193,1139.766667,9.975458,2,0,0.015459,9.990917
4194,1139.800000,10.341750,2,0,0.017125,10.358875
4195,1139.833333,10.208625,2,0,0.032709,10.241334
4196,1139.866667,10.781791,2,0,0.014084,10.795875
4197,1139.900000,10.278459,2,0,0.016000,10.294459
4198,1139.933333,10.026125,2,0,0.015125,10.041250
4199,1139.966667,10.156958,2,0,0.012750,10.169708
4200,1140.000000,10.124917,2,0,0.039792,10.164709
4201,1140.033333,9.989375,2,0,0.022584,10.011959
4202,1140.066667,9.283875,2,0,0.023291,9.307166
4203,1140.100000,9.372500,2,0,0.041959,9.414459
4204,1140.133333,9.939959,2,0,0.015083,9.955042
4205,1140.166667,9.279333,2,0,0.013083,9.292416
4206,1140.200000,9.319042,2,0,0.019708,9.338750
4207,1140.233333,9.395750,2,0,0.012959,9.408709
4208,1140.266667,10.255333,2,0,0.014083,10.269416
4209,1140.300000,10.624834,2,0,0.037791,10.662625
4210,1140.333333,11.626500,2,0,0.016750,11.643250
4211,1140.366667,9.806292,2,0,0.021666,9.827958
4212,1140.400000,9.607083,2,0,0.019667,9.626750
4213,1140.433333,8.707667,2,0,0.014875,8.722542
4214,1140.466667,8.971542,2,0,0.023875,8.995417
4215,1140.500000,9.355334,2,0,0.013166,9.368500
4216,1140.533333,8.881791,2,0,0.013375,8.895166
4217,1140.566667,9.805708,2,0,0.015042,9.820750
4218,1140.600000,11.513042,2,0,0.014208,11.527250
4219,1140.633333,9.862875,2,0,0.019166,9.882041
4220,1140.666667,9.697000,2,0,0.013792,9.710792
4221,1140.700000,9.756750,2,0,0.018125,9.774875
4222,1140.733333,10.225500,2,0,0.020709,10.246209
4223,1140.766667,9.876042,2,0,0.023458,9.899500
4224,1140.800000,9.468334,2,0,0.030125,9.498459
4225,1140.833333,9.667375,2,0,0.016625,9.684000
4226,1140.866667,9.625833,2,0,0.012084,9.637917
4227,1140.900000,9.541959,2,0,0.014916,9.556875
4228,1140.933333,9.938458,2,0,0.015375,9.953833
4229,1140.966667,9.709208,2,0,0.021667,9.730875
4230,1141.000000,9.500041,2,0,0.013667,9.513708
4231,1141.033333,9.316750,2,0,0.014709,9.331459
4232,1141.066667,9.989250,2,0,0.030583,10.019833
4233,1141.100000,9.760750,2,0,0.021291,9.782041
4234,1141.133333,9.844375,2,0,0.025875,9.870250
4235,1141.166667,9.939708,2,0,0.022250,9.961958
4236,1141.200000,9.720500,2,0,0.015333,9.735833
4237,1141.233333,9.577292,2,0,0.012916,9.590208
4238,1141.266667,9.703875,2,0,0.015375,9.719250
4239,1141.300000,10.013917,2,0,0.017833,10.031750
4240,1141.333333,9.703875,2,0,0.012291,9.716166
4241,1141.366667,10.985792,2,0,0.020083,11.005875
4242,1141.400000,9.885834,2,0,0.017166,9.903000
4243,1141.433333,9.975458,2,0,0.016334,9.991792
4244,1141.466667,9.682083,2,0,0.012000,9.694083
4245,1141.500000,9.364750,2,0,0.011083,9.375833
4246,1141.533333,9.807125,2,0,0.016958,9.824083
4247,1141.566667,9.998333,2,0,0.018708,10.017041
4248,1141.600000,9.953083,2,0,0.015875,9.968958
4249,1141.633333,9.600708,2,0,0.016875,9.617583
4250,1141.666667,10.270459,2,0,0.023750,10.294209
4251,1141.700000,9.550917,2,0,0.013041,9.563958
4252,1141.733333,9.762750,2,0,0.011375,9.774125
4253,1141.766667,9.913209,2,0,0.008583,9.921792
4254,1141.800000,9.937250,2,0,0.014750,9.952000
4255,1141.833333,11.092375,2,0,0.029083,11.121458
4256,1141.866667,9.596667,2,0,0.024625,9.621292
4257,1141.900000,10.136209,2,0,0.017041,10.153250
4258,1141.933333,9.905250,2,0,0.019791,9.925041
4259,1141.966667,8.520542,2,0,0.023000,8.543542
4260,1142.000000,9.122833,2,0,0.014083,9.136916
4261,1142.033333,9.199000,2,0,0.011458,9.210458
4262,1142.066667,9.511708,2,0,0.038334,9.550042
4263,1142.100000,9.877875,2,0,0.015250,9.893125
4264,1142.133333,9.955625,2,0,0.018458,9.974083
4265,1142.166667,10.185417,2,0,0.016250,10.201667
4266,1142.200000,10.158250,2,0,0.010250,10.168500
4267,1142.233333,10.239625,2,0,0.021084,10.260709
4268,1142.266667,10.085792,2,0,0.020292,10.106084
4269,1142.300000,10.435375,2,0,0.013083,10.448458
4270,1142.333333,10.411625,2,0,0.017917,10.429542
4271,1142.366667,10.210542,2,0,0.024375,10.234917
4272,1142.400000,10.258417,2,0,0.017958,10.276375
4273,1142.433333,9.806083,2,0,0.014125,9.820208
4274,1142.466667,10.546542,2,0,0.018708,10.565250
4275,1142.500000,10.103208,2,0,0.034292,10.137500
4276,1142.533333,10.388375,2,0,0.019250,10.407625
4277,1142.566667,10.255125,2,0,0.018041,10.273166
4278,1142.600000,10.224667,2,0,0.017500,10.242167
4279,1142.633333,10.369000,2,0,0.035416,10.404416
4280,1142.666667,10.051125,2,0,0.015833,10.066958
4281,1142.700000,10.464208,2,0,0.019125,10.483333
4282,1142.733333,10.857208,2,0,0.024583,10.881791
4283,1142.766667,10.128125,2,0,0.029834,10.157959
4284,1142.800000,9.955875,2,0,0.012291,9.968166
4285,1142.833333,10.171833,2,0,0.023250,10.195083
4286,1142.866667,10.604791,2,0,0.013250,10.618041
4287,1142.900000,10.396583,2,0,0.026417,10.423000
4288,1142.933333,10.052834,2,0,0.016375,10.069209
4289,1142.966667,10.106291,2,0,0.014834,10.121125
4290,1143.000000,9.809084,2,0,0.034833,9.843917
4291,1143.033333,10.201959,2,0,0.033291,10.235250
4292,1143.066667,9.827542,2,0,0.020167,9.847709
4293,1143.100000,9.895208,2,0,0.025209,9.920417
4294,1143.133333,10.211333,2,0,0.027542,10.238875
4295,1143.166667,9.580750,2,0,0.012708,9.593458
4296,1143.200000,10.983125,2,0,0.019750,11.002875
4297,1143.233333,10.245625,2,0,0.014000,10.259625
4298,1143.266667,10.745917,2,0,0.030625,10.776542
4299,1143.300000,10.164334,2,0,0.013166,10.177500
4300,1143.333333,10.517041,2,0,0.014209,10.531250
4301,1143.366667,10.528334,2,0,0.012791,10.541125
4302,1143.400000,10.733209,2,0,0.016916,10.750125
4303,1143.433333,10.713125,2,0,0.029333,10.742458
4304,1143.466667,10.362542,2,0,0.023000,10.385542
4305,1143.500000,10.420375,2,0,0.020042,10.440417
4306,1143.533333,10.530584,2,0,0.017791,10.548375
4307,1143.566667,10.717375,2,0,0.028125,10.745500
4308,1143.600000,10.791875,2,0,0.022708,10.814583
4309,1143.633333,10.284666,2,0,0.026542,10.311208
4310,1143.666667,10.551292,2,0,0.019958,10.571250
4311,1143.700000,10.712250,2,0,0.009958,10.722208
4312,1143.733333,10.076666,2,0,0.023584,10.100250
4313,1143.766667,10.168125,2,0,0.017542,10.185667
4314,1143.800000,10.201042,2,0,0.011542,10.212584
4315,1143.833333,10.763834,2,0,0.028291,10.792125
4316,1143.866667,10.589375,2,0,0.015167,10.604542
4317,1143.900000,10.358459,2,0,0.015250,10.373709
4318,1143.933333,10.603709,2,0,0.013458,10.617167
4319,1143.966667,9.789584,2,0,0.013708,9.803292
4320,1144.000000,9.534250,2,0,0.015417,9.549667
4321,1144.033333,10.221542,2,0,0.013208,10.234750
4322,1144.066667,10.095250,2,0,0.011875,10.107125
4323,1144.100000,9.841250,2,0,0.014125,9.855375
4324,1144.133333,9.950459,2,0,0.013000,9.963459
4325,1144.166667,10.145250,2,0,0.019958,10.165208
4326,1144.200000,10.190583,2,0,0.023209,10.213792
4327,1144.233333,10.377167,2,0,0.020625,10.397792
4328,1144.266667,9.886167,2,0,0.032083,9.918250
4329,1144.300000,10.190167,2,0,0.027875,10.218042
4330,1144.333333,9.762416,2,0,0.013500,9.775916
4331,1144.366667,10.333542,2,0,0.037625,10.371167
4332,1144.400000,9.801791,2,0,0.013792,9.815583
4333,1144.433333,10.112542,2,0,0.036125,10.148667
4334,1144.466667,9.937458,2,0,0.017125,9.954583
4335,1144.500000,10.001875,2,0,0.034375,10.036250
4336,1144.533333,9.979667,2,0,0.023666,10.003333
4337,1144.566667,9.948875,2,0,0.014708,9.963583
4338,1144.600000,10.205917,2,0,0.015541,10.221458
4339,1144.633333,10.387750,2,0,0.030916,10.418666
4340,1144.666667,9.984125,2,0,0.028917,10.013042
4341,1144.700000,10.491625,2,0,0.017083,10.508708
4342,1144.733333,9.813666,2,0,0.015292,9.828958
4343,1144.766667,9.917916,2,0,0.014084,9.932000
4344,1144.800000,11.209750,2,0,0.026584,11.236334
4345,1144.833333,9.535708,2,0,0.027042,9.562750
4346,1144.866667,9.501916,2,0,0.034792,9.536708
4347,1144.900000,9.577666,2,0,0.033917,9.611583
4348,1144.933333,9.891209,2,0,0.015333,9.906542
4349,1144.966667,9.739125,2,0,0.012291,9.751416
4350,1145.000000,8.910625,2,0,0.018208,8.928833
4351,1145.033333,8.966333,2,0,0.011792,8.978125
4352,1145.066667,9.191625,2,0,0.022708,9.214333
4353,1145.100000,9.331250,2,0,0.012375,9.343625
4354,1145.133333,9.392458,2,0,0.012000,9.404458
4355,1145.166667,9.867000,2,0,0.014875,9.881875
4356,1145.200000,10.786833,2,0,0.012708,10.799541
4357,1145.233333,9.240167,2,0,0.014583,9.254750
4358,1145.266667,9.531334,2,0,0.016291,9.547625
4359,1145.300000,9.476500,2,0,0.016875,9.493375
4360,1145.333333,9.589791,2,0,0.036917,9.626708
4361,1145.366667,9.375167,2,0,0.014167,9.389334
4362,1145.400000,9.684375,2,0,0.009209,9.693584
4363,1145.433333,7.712542,2,0,0.014833,7.727375
4364,1145.466667,8.389334,2,0,0.013791,8.403125
4365,1145.500000,8.753292,2,0,0.011750,8.765042
4366,1145.533333,9.254667,2,0,0.012333,9.267000
4367,1145.566667,9.338500,2,0,0.013375,9.351875
4368,1145.600000,9.394458,2,0,0.019083,9.413541
4369,1145.633333,8.790917,2,0,0.022458,8.813375
4370,1145.666667,8.886833,2,0,0.045208,8.932041
4371,1145.700000,9.895750,2,0,0.033875,9.929625
4372,1145.733333,9.962750,2,0,0.015709,9.978459
4373,1145.766667,9.093292,2,0,0.022292,9.115584
4374,1145.800000,9.939666,2,0,0.024375,9.964041
4375,1145.833333,9.082917,2,0,0.016917,9.099834
4376,1145.866667,9.835708,2,0,0.014417,9.850125
4377,1145.900000,9.741208,2,0,0.013375,9.754583
4378,1145.933333,9.337792,2,0,0.013083,9.350875
4379,1145.966667,9.255875,2,0,0.019625,9.275500
4380,1146.000000,9.161416,2,0,0.019542,9.180958
4381,1146.033333,9.812333,2,0,0.014917,9.827250
4382,1146.066667,10.028458,2,0,0.013459,10.041917
4383,1146.100000,9.201583,2,0,0.011750,9.213333
4384,1146.133333,8.823916,2,0,0.014417,8.838333
4385,1146.166667,9.042708,2,0,0.015333,9.058041
4386,1146.200000,8.679541,2,0,0.010959,8.690500
4387,1146.233333,9.452000,2,0,0.011417,9.463417
4388,1146.266667,9.265833,2,0,0.021000,9.286833
4389,1146.300000,9.420458,2,0,0.008917,9.429375
4390,1146.333333,9.693833,2,0,0.020292,9.714125
4391,1146.366667,10.115458,2,0,0.013292,10.128750
4392,1146.400000,10.059042,2,0,0.019292,10.078334
4393,1146.433333,10.672542,2,0,0.014708,10.687250
4394,1146.466667,10.620334,2,0,0.015708,10.636042
4395,1146.500000,10.970542,2,0,0.025041,10.995583
4396,1146.533333,10.630791,2,0,0.015792,10.646583
4397,1146.566667,10.779459,2,0,0.015000,10.794459
4398,1146.600000,10.493791,2,0,0.017625,10.511416
4399,1146.633333,10.923958,2,0,0.014959,10.938917
4400,1146.666667,10.627084,2,0,0.017291,10.644375
4401,1146.700000,10.707209,2,0,0.016541,10.723750
4402,1146.733333,10.338709,2,0,0.044416,10.383125
4403,1146.766667,10.418750,2,0,0.020917,10.439667
4404,1146.800000,11.048958,2,0,0.012375,11.061333
4405,1146.833333,12.369292,2,0,0.017333,12.386625
4406,1146.866667,11.885625,2,0,0.026291,11.911916
4407,1146.900000,9.986166,2,0,0.024084,10.010250
4408,1146.933333,10.276334,2,0,0.023958,10.300292
4409,1146.966667,10.684750,2,0,0.016916,10.701666
4410,1147.000000,10.462375,2,0,0.020042,10.482417
4411,1147.033333,10.340833,2,0,0.014542,10.355375
4412,1147.066667,10.865500,2,0,0.037292,10.902792
4413,1147.100000,10.144417,2,0,0.021708,10.166125
4414,1147.133333,10.601709,2,0,0.013041,10.614750
4415,1147.166667,10.470917,2,0,0.024166,10.495083
4416,1147.200000,10.095125,2,0,0.021875,10.117000
4417,1147.233333,10.988708,2,0,0.017792,11.006500
4418,1147.266667,10.645208,2,0,0.021792,10.667000
4419,1147.300000,12.464917,2,0,0.013917,12.478834
4420,1147.333333,10.398333,2,0,0.014292,10.412625
4421,1147.366667,10.743500,2,0,0.025833,10.769333
4422,1147.400000,11.023334,2,0,0.020833,11.044167
4423,1147.433333,10.941458,2,0,0.010542,10.952000
4424,1147.466667,10.913875,2,0,0.014417,10.928292
4425,1147.500000,11.122833,2,0,0.016042,11.138875
4426,1147.533333,10.870375,2,0,0.018708,10.889083
4427,1147.566667,10.268333,2,0,0.016709,10.285042
4428,1147.600000,10.141833,2,0,0.019917,10.161750
4429,1147.633333,10.105417,2,0,0.031917,10.137334
4430,1147.666667,10.595917,2,0,0.019500,10.615417
4431,1147.700000,10.951292,2,0,0.015833,10.967125
4432,1147.733333,10.448375,2,0,0.011625,10.460000
4433,1147.766667,10.684291,2,0,0.029042,10.713333
4434,1147.800000,10.867167,2,0,0.020333,10.887500
4435,1147.833333,10.380166,2,0,0.013209,10.393375
4436,1147.866667,10.798833,2,0,0.040625,10.839458
4437,1147.900000,10.944292,2,0,0.033583,10.977875
4438,1147.933333,10.527083,2,0,0.015250,10.542333
4439,1147.966667,10.640375,2,0,0.042084,10.682459
4440,1148.000000,10.634625,2,0,0.020958,10.655583
4441,1148.033333,10.122334,2,0,0.037791,10.160125
4442,1148.066667,9.819083,2,0,0.021125,9.840208
4443,1148.100000,10.763708,2,0,0.015167,10.778875
4444,1148.133333,10.805708,2,0,0.016500,10.822208
4445,1148.166667,10.714875,2,0,0.028625,10.743500
4446,1148.200000,10.374125,2,0,0.018500,10.392625
4447,1148.233333,10.514666,2,0,0.017917,10.532583
4448,1148.266667,12.061917,2,0,0.024291,12.086208
4449,1148.300000,10.461917,2,0,0.013625,10.475542
4450,1148.333333,11.246125,2,0,0.021541,11.267666
4451,1148.366667,10.779375,2,0,0.032250,10.811625
4452,1148.400000,11.018500,2,0,0.023042,11.041542
4453,1148.433333,10.499333,2,0,0.026000,10.525333
4454,1148.466667,10.990542,2,0,0.041916,11.032458
4455,1148.500000,11.335500,2,0,0.025791,11.361291
4456,1148.533333,10.803250,2,0,0.014750,10.818000
4457,1148.566667,10.569750,2,0,0.021917,10.591667
4458,1148.600000,10.996375,2,0,0.013500,11.009875
4459,1148.633333,10.773750,2,0,0.018959,10.792709
4460,1148.666667,10.812416,2,0,0.013334,10.825750
4461,1148.700000,11.107917,2,0,0.014000,11.121917
4462,1148.733333,10.802208,2,0,0.013167,10.815375
4463,1148.766667,12.354000,2,0,0.026542,12.380542
4464,1148.800000,10.146416,2,0,0.026042,10.172458
4465,1148.833333,11.210584,2,0,0.023416,11.234000
4466,1148.866667,10.541833,2,0,0.027000,10.568833
4467,1148.900000,11.044375,2,0,0.034459,11.078834
4468,1148.933333,10.494417,2,0,0.018791,10.513208
4469,1148.966667,11.149459,2,0,0.019583,11.169042
4470,1149.000000,10.964125,2,0,0.022750,10.986875
4471,1149.033333,10.936125,2,0,0.018333,10.954458
4472,1149.066667,11.070542,2,0,0.008416,11.078958
4473,1149.100000,10.937417,2,0,0.033583,10.971000
4474,1149.133333,11.194917,2,0,0.025625,11.220542
4475,1149.166667,11.119125,2,0,0.044334,11.163459
4476,1149.200000,10.699875,2,0,0.027416,10.727291
4477,1149.233333,11.189500,2,0,0.020375,11.209875
4478,1149.266667,11.220084,2,0,0.019083,11.239167
4479,1149.300000,11.061708,2,0,0.017125,11.078833
4480,1149.333333,11.028083,2,0,0.018917,11.047000
4481,1149.366667,11.185042,2,0,0.022708,11.207750
4482,1149.400000,11.781958,2,0,0.020250,11.802208
4483,1149.433333,11.367667,2,0,0.017083,11.384750
4484,1149.466667,11.328458,2,0,0.015250,11.343708
4485,1149.500000,10.874250,2,0,0.025750,10.900000
4486,1149.533333,12.878083,2,0,0.019167,12.897250
4487,1149.566667,10.765667,2,0,0.017750,10.783417
4488,1149.600000,11.460167,2,0,0.039125,11.499292
4489,1149.633333,10.130875,2,0,0.011292,10.142167
4490,1149.666667,10.875708,2,0,0.031375,10.907083
4491,1149.700000,11.270208,2,0,0.027250,11.297458
4492,1149.733333,11.073250,2,0,0.017584,11.090834
4493,1149.766667,10.817417,2,0,0.035750,10.853167
4494,1149.800000,11.038958,2,0,0.025042,11.064000
4495,1149.833333,11.921666,2,0,0.035084,11.956750
4496,1149.866667,11.324583,2,0,0.012375,11.336958
4497,1149.900000,9.937250,2,0,0.012292,9.949542
4498,1149.933333,10.255875,2,0,0.014042,10.269917
4499,1149.966667,9.903959,2,0,0.016625,9.920584
4500,1150.000000,9.976584,2,0,0.018416,9.995000
4501,1150.033333,9.358459,2,0,0.011750,9.370209
4502,1150.066667,9.550542,2,0,0.015250,9.565792
4503,1150.100000,9.379417,2,0,0.011416,9.390833
4504,1150.133333,9.549500,2,0,0.010584,9.560084
4505,1150.166667,10.095583,2,0,0.011125,10.106708
4506,1150.200000,10.778209,2,0,0.022875,10.801084
4507,1150.233333,11.189042,2,0,0.014625,11.203667
4508,1150.266667,11.121916,2,0,0.013500,11.135416
4509,1150.300000,11.895375,2,0,0.023625,11.919000
4510,1150.333333,12.027708,2,0,0.021875,12.049583
4511,1150.366667,11.453584,2,0,0.012791,11.466375
4512,1150.400000,12.309166,2,0,0.014959,12.324125
4513,1150.433333,10.190333,2,0,0.014833,10.205166
4514,1150.466667,10.881208,2,0,0.009459,10.890667
4515,1150.500000,11.160958,2,0,0.015917,11.176875
4516,1150.533333,11.217042,2,0,0.020917,11.237959
4517,1150.566667,10.959833,2,0,0.017958,10.977791
4518,1150.600000,11.551416,2,0,0.017125,11.568541
4519,1150.633333,11.787583,2,0,0.030625,11.818208
4520,1150.666667,11.576666,2,0,0.010167,11.586833
4521,1150.700000,11.349041,2,0,0.038709,11.387750
4522,1150.733333,11.546458,2,0,0.019500,11.565958
4523,1150.766667,11.056041,2,0,0.012459,11.068500
4524,1150.800000,13.403875,2,0,0.013459,13.417334
4525,1150.833333,11.475458,2,0,0.021792,11.497250
4526,1150.866667,11.261583,2,0,0.038417,11.300000
4527,1150.900000,11.585917,2,0,0.022375,11.608292
4528,1150.933333,11.806208,2,0,0.020167,11.826375
4529,1150.966667,11.894791,2,0,0.022584,11.917375
4530,1151.000000,11.684917,2,0,0.031750,11.716667
4531,1151.033333,10.643541,2,0,0.009209,10.652750
4532,1151.066667,11.153542,2,0,0.016000,11.169542
4533,1151.100000,11.546833,2,0,0.025125,11.571958
4534,1151.133333,11.744125,2,0,0.012208,11.756333
4535,1151.166667,11.677791,2,0,0.032792,11.710583
4536,1151.200000,12.127917,2,0,0.017916,12.145833
4537,1151.233333,11.469917,2,0,0.014666,11.484583
4538,1151.266667,11.714375,2,0,0.015708,11.730083
4539,1151.300000,11.698625,2,0,0.020667,11.719292
4540,1151.333333,12.128708,2,0,0.025542,12.154250
4541,1151.366667,11.755125,2,0,0.015958,11.771083
4542,1151.400000,12.171750,2,0,0.014833,12.186583
4543,1151.433333,11.875209,2,0,0.019833,11.895042
4544,1151.466667,11.981792,2,0,0.031500,12.013292
4545,1151.500000,11.601375,2,0,0.022875,11.624250
4546,1151.533333,12.920542,2,0,0.016291,12.936833
4547,1151.566667,11.900875,2,0,0.014833,11.915708
4548,1151.600000,11.798917,2,0,0.016875,11.815792
4549,1151.633333,12.234250,2,0,0.013875,12.248125
4550,1151.666667,11.360042,2,0,0.010042,11.370084
4551,1151.700000,11.712167,2,0,0.030375,11.742542
4552,1151.733333,11.584167,2,0,0.011500,11.595667
4553,1151.766667,11.851458,2,0,0.016333,11.867791
4554,1151.800000,12.048375,2,0,0.014708,12.063083
4555,1151.833333,11.623917,2,0,0.014958,11.638875
4556,1151.866667,12.129125,2,0,0.030458,12.159583
4557,1151.900000,12.012083,2,0,0.029167,12.041250
4558,1151.933333,11.363792,2,0,0.015750,11.379542
4559,1151.966667,11.867958,2,0,0.011625,11.879583
4560,1152.000000,11.985000,2,0,0.018542,12.003542
4561,1152.033333,11.604000,2,0,0.020375,11.624375
4562,1152.066667,11.114958,2,0,0.013584,11.128542
4563,1152.100000,11.616292,2,0,0.011000,11.627292
4564,1152.133333,11.982166,2,0,0.016542,11.998708
4565,1152.166667,11.607667,2,0,0.010541,11.618208
4566,1152.200000,11.945917,2,0,0.009917,11.955834
4567,1152.233333,11.345458,2,0,0.015000,11.360458
4568,1152.266667,11.236083,2,0,0.014583,11.250666
4569,1152.300000,12.608792,2,0,0.019875,12.628667
4570,1152.333333,11.347084,2,0,0.012125,11.359209
4571,1152.366667,11.626459,2,0,0.026416,11.652875
4572,1152.400000,12.554375,2,0,0.020875,12.575250
4573,1152.433333,11.513583,2,0,0.017125,11.530708
4574,1152.466667,12.090125,2,0,0.041833,12.131958
4575,1152.500000,11.579375,2,0,0.025375,11.604750
4576,1152.533333,12.418959,2,0,0.019250,12.438209
4577,1152.566667,11.423834,2,0,0.015666,11.439500
4578,1152.600000,11.641667,2,0,0.015833,11.657500
4579,1152.633333,12.210334,2,0,0.014416,12.224750
4580,1152.666667,11.371959,2,0,0.024250,11.396209
4581,1152.700000,11.714833,2,0,0.019292,11.734125
4582,1152.733333,11.530125,2,0,0.022167,11.552292
4583,1152.766667,11.270334,2,0,0.015916,11.286250
4584,1152.800000,12.573833,2,0,0.019334,12.593167
4585,1152.833333,11.770875,2,0,0.012750,11.783625
4586,1152.866667,11.786125,2,0,0.018333,11.804458
4587,1152.900000,11.922166,2,0,0.014459,11.936625
4588,1152.933333,11.523250,2,0,0.031667,11.554917
4589,1152.966667,11.693125,2,0,0.017750,11.710875
4590,1153.000000,11.220917,2,0,0.022416,11.243333
4591,1153.033333,11.037666,2,0,0.015417,11.053083
4592,1153.066667,11.323167,2,0,0.012708,11.335875
4593,1153.100000,11.903209,2,0,0.025041,11.928250
4594,1153.133333,11.581166,2,0,0.025084,11.606250
4595,1153.166667,12.065291,2,0,0.019500,12.084791
4596,1153.200000,11.436667,2,0,0.014791,11.451458
4597,1153.233333,11.348708,2,0,0.007417,11.356125
4598,1153.266667,12.065833,2,0,0.024708,12.090541
4599,1153.300000,11.623041,2,0,0.029750,11.652791
4600,1153.333333,12.068750,2,0,0.020083,12.088833
4601,1153.366667,11.808375,2,0,0.013292,11.821667
4602,1153.400000,11.900833,2,0,0.023833,11.924666
4603,1153.433333,11.872250,2,0,0.016042,11.888292
4604,1153.466667,12.364625,2,0,0.017708,12.382333
4605,1153.500000,10.842000,2,0,0.021833,10.863833
4606,1153.533333,11.219000,2,0,0.017417,11.236417
4607,1153.566667,12.455709,2,0,0.020041,12.475750
4608,1153.600000,11.471250,2,0,0.012875,11.484125
4609,1153.633333,11.667542,2,0,0.012208,11.679750
4610,1153.666667,11.844041,2,0,0.019542,11.863583
4611,1153.700000,12.975583,2,0,0.016209,12.991792
4612,1153.733333,11.135958,2,0,0.013417,11.149375
4613,1153.766667,12.744208,2,0,0.021917,12.766125
4614,1153.800000,11.457250,2,0,0.019167,11.476417
4615,1153.833333,11.829708,2,0,0.015167,11.844875
4616,1153.866667,13.584917,2,0,0.012333,13.597250
4617,1153.900000,11.805458,2,0,0.020917,11.826375
4618,1153.933333,11.814333,2,0,0.020708,11.835041
4619,1153.966667,11.949000,2,0,0.035250,11.984250
4620,1154.000000,10.540250,2,0,0.028166,10.568416
4621,1154.033333,11.448875,2,0,0.026458,11.475333
4622,1154.066667,9.539667,2,0,0.034791,9.574458
4623,1154.100000,10.452083,2,0,0.019792,10.471875
4624,1154.133333,10.512333,2,0,0.026583,10.538916
4625,1154.166667,11.716625,2,0,0.024917,11.741542
4626,1154.200000,11.447292,2,0,0.017125,11.464417
4627,1154.233333,12.190917,2,0,0.019208,12.210125
4628,1154.266667,11.986708,2,0,0.035250,12.021958
4629,1154.300000,11.718500,2,0,0.026083,11.744583
4630,1154.333333,11.987167,2,0,0.009375,11.996542
4631,1154.366667,11.704084,2,0,0.029250,11.733334
4632,1154.400000,11.939792,2,0,0.037125,11.976917
4633,1154.433333,11.740333,2,0,0.018375,11.758708
4634,1154.466667,11.661583,2,0,0.012708,11.674291
4635,1154.500000,11.792708,2,0,0.012375,11.805083
4636,1154.533333,11.808125,2,0,0.007708,11.815833
4637,1154.566667,11.728541,2,0,0.017084,11.745625
4638,1154.600000,11.718125,2,0,0.018166,11.736291
4639,1154.633333,11.933042,2,0,0.012916,11.945958
4640,1154.666667,11.726458,2,0,0.008458,11.734916
4641,1154.700000,11.837000,2,0,0.017791,11.854791
4642,1154.733333,12.138292,2,0,0.029542,12.167834
4643,1154.766667,12.130416,2,0,0.018334,12.148750
4644,1154.800000,12.183417,2,0,0.023291,12.206708
4645,1154.833333,11.943000,2,0,0.013167,11.956167
4646,1154.866667,12.357292,2,0,0.016375,12.373667
4647,1154.900000,11.703208,2,0,0.010500,11.713708
4648,1154.933333,11.897541,2,0,0.015834,11.913375
4649,1154.966667,11.536459,2,0,0.015500,11.551959
4650,1155.000000,11.065125,2,0,0.016500,11.081625
4651,1155.033333,10.868667,2,0,0.012416,10.881083
4652,1155.066667,13.327291,2,0,0.014000,13.341291
4653,1155.100000,10.672291,2,0,0.031250,10.703541
4654,1155.133333,11.180209,2,0,0.014000,11.194209
4655,1155.166667,11.189375,2,0,0.010792,11.200167
4656,1155.200000,11.997833,2,0,0.014750,12.012583
4657,1155.233333,11.893042,2,0,0.021625,11.914667
4658,1155.266667,11.840500,2,0,0.019125,11.859625
4659,1155.300000,11.070042,2,0,0.014041,11.084083
4660,1155.333333,12.194750,2,0,0.018750,12.213500
4661,1155.366667,11.489625,2,0,0.015000,11.504625
4662,1155.400000,10.989042,2,0,0.013375,11.002417
4663,1155.433333,9.921083,2,0,0.014792,9.935875
4664,1155.466667,10.360917,2,0,0.041458,10.402375
4665,1155.500000,12.270917,2,0,0.021416,12.292333
4666,1155.533333,10.491333,2,0,0.017917,10.509250
4667,1155.566667,11.008625,2,0,0.032542,11.041167
4668,1155.600000,10.708000,2,0,0.018875,10.726875
4669,1155.633333,13.588792,2,0,0.017250,13.606042
4670,1155.666667,11.419375,2,0,0.012917,11.432292
4671,1155.700000,12.994333,2,0,0.035208,13.029541
4672,1155.733333,11.348625,2,0,0.017667,11.366292
4673,1155.766667,11.596083,2,0,0.017084,11.613167
4674,1155.800000,11.243167,2,0,0.017500,11.260667
4675,1155.833333,11.057333,2,0,0.054459,11.111792
4676,1155.866667,12.026917,2,0,0.022708,12.049625
4677,1155.900000,10.872833,2,0,0.025750,10.898583
4678,1155.933333,11.240625,2,0,0.014250,11.254875
4679,1155.966667,11.721750,2,0,0.015625,11.737375
4680,1156.000000,11.653458,2,0,0.042042,11.695500
4681,1156.033333,11.045750,2,0,0.033041,11.078791
4682,1156.066667,11.034000,2,0,0.010125,11.044125
4683,1156.100000,11.011625,2,0,0.007375,11.019000
4684,1156.133333,11.056625,2,0,0.018250,11.074875
4685,1156.166667,11.396333,2,0,0.036333,11.432666
4686,1156.200000,11.333458,2,0,0.010958,11.344416
4687,1156.233333,11.058041,2,0,0.016625,11.074666
4688,1156.266667,12.433500,2,0,0.017750,12.451250
4689,1156.300000,11.449041,2,0,0.015125,11.464166
4690,1156.333333,11.640042,2,0,0.028375,11.668417
4691,1156.366667,11.342250,2,0,0.020750,11.363000
4692,1156.400000,11.097791,2,0,0.017709,11.115500
4693,1156.433333,11.339416,2,0,0.028209,11.367625
4694,1156.466667,11.584959,2,0,0.025250,11.610209
4695,1156.500000,10.639333,2,0,0.021167,10.660500
4696,1156.533333,10.978167,2,0,0.017458,10.995625
4697,1156.566667,11.199125,2,0,0.024875,11.224000
4698,1156.600000,10.721583,2,0,0.017375,10.738958
4699,1156.633333,10.799291,2,0,0.013875,10.813166
4700,1156.666667,10.817333,2,0,0.012084,10.829417
4701,1156.700000,12.261916,2,0,0.033667,12.295583
4702,1156.733333,11.016875,2,0,0.021833,11.038708
4703,1156.766667,10.708166,2,0,0.011292,10.719458
4704,1156.800000,10.524459,2,0,0.017583,10.542042
4705,1156.833333,11.480250,2,0,0.038834,11.519084
4706,1156.866667,10.662750,2,0,0.019083,10.681833
4707,1156.900000,10.709209,2,0,0.012666,10.721875
4708,1156.933333,10.826208,2,0,0.019709,10.845917
4709,1156.966667,10.952625,2,0,0.019542,10.972167
4710,1157.000000,10.940708,2,0,0.039708,10.980416
4711,1157.033333,10.900167,2,0,0.021208,10.921375
4712,1157.066667,10.627375,2,0,0.015917,10.643292
4713,1157.100000,9.468125,2,0,0.040250,9.508375
4714,1157.133333,10.341334,2,0,0.011291,10.352625
4715,1157.166667,9.326084,2,0,0.018208,9.344292
4716,1157.200000,10.809667,2,0,0.011875,10.821542
4717,1157.233333,10.666667,2,0,0.022292,10.688959
4718,1157.266667,10.433500,2,0,0.026542,10.460042
4719,1157.300000,10.908709,2,0,0.024583,10.933292
4720,1157.333333,10.925000,2,0,0.030000,10.955000
4721,1157.366667,10.531917,2,0,0.019041,10.550958
4722,1157.400000,10.127750,2,0,0.015042,10.142792
4723,1157.433333,10.514042,2,0,0.014958,10.529000
4724,1157.466667,10.822292,2,0,0.013917,10.836209
4725,1157.500000,10.509958,2,0,0.015042,10.525000
4726,1157.533333,10.496333,2,0,0.021917,10.518250
4727,1157.566667,10.260583,2,0,0.031458,10.292041
4728,1157.600000,10.267667,2,0,0.033250,10.300917
4729,1157.633333,10.003000,2,0,0.008916,10.011916
4730,1157.666667,10.685292,2,0,0.016917,10.702209
4731,1157.700000,10.196625,2,0,0.018333,10.214958
4732,1157.733333,9.906667,2,0,0.025583,9.932250
4733,1157.766667,12.120750,2,0,0.031708,12.152458
4734,1157.800000,10.898625,2,0,0.031958,10.930583
4735,1157.833333,11.122334,2,0,0.020291,11.142625
4736,1157.866667,12.287750,2,0,0.023833,12.311583
4737,1157.900000,9.697333,2,0,0.010334,9.707667
4738,1157.933333,8.561792,2,0,0.011791,8.573583
4739,1157.966667,8.774000,2,0,0.013000,8.787000
4740,1158.000000,9.177083,2,0,0.011209,9.188292
4741,1158.033333,10.718042,2,0,0.015250,10.733292
4742,1158.066667,8.630084,2,0,0.012041,8.642125
4743,1158.100000,10.048709,2,0,0.015583,10.064292
4744,1158.133333,9.280584,2,0,0.014291,9.294875
4745,1158.166667,10.021500,2,0,0.018375,10.039875
4746,1158.200000,9.839500,2,0,0.010541,9.850041
4747,1158.233333,10.459625,2,0,0.017750,10.477375
4748,1158.266667,10.648792,2,0,0.016500,10.665292
4749,1158.300000,10.339375,2,0,0.018250,10.357625
4750,1158.333333,10.394959,2,0,0.014958,10.409917
4751,1158.366667,12.205791,2,0,0.032042,12.237833
4752,1158.400000,10.614583,2,0,0.016750,10.631333
4753,1158.433333,10.828750,2,0,0.040334,10.869084
4754,1158.466667,10.630666,2,0,0.008917,10.639583
4755,1158.500000,10.441417,2,0,0.009875,10.451292
4756,1158.533333,10.749875,2,0,0.023875,10.773750
4757,1158.566667,8.713667,2,0,0.012917,8.726584
4758,1158.600000,8.510542,2,0,0.009833,8.520375
4759,1158.633333,8.634458,2,0,0.014667,8.649125
4760,1158.666667,8.444667,2,0,0.009166,8.453833
4761,1158.700000,8.879833,2,0,0.014000,8.893833
4762,1158.733333,8.374125,2,0,0.012084,8.386209
4763,1158.766667,8.695042,2,0,0.019375,8.714417
4764,1158.800000,9.488292,2,0,0.022375,9.510667
4765,1158.833333,9.678083,2,0,0.010667,9.688750
4766,1158.866667,9.992667,2,0,0.018708,10.011375
4767,1158.900000,9.824375,2,0,0.016875,9.841250
4768,1158.933333,10.079458,2,0,0.016083,10.095541
4769,1158.966667,10.882709,2,0,0.011583,10.894292
4770,1159.000000,9.408709,2,0,0.011708,9.420417
4771,1159.033333,9.554500,2,0,0.014125,9.568625
4772,1159.066667,9.071125,2,0,0.012917,9.084042
4773,1159.100000,9.627417,2,0,0.012833,9.640250
4774,1159.133333,8.529625,2,0,0.013417,8.543042
4775,1159.166667,9.518750,2,0,0.041459,9.560209
4776,1159.200000,8.809708,2,0,0.014375,8.824083
4777,1159.233333,9.634042,2,0,0.019083,9.653125
4778,1159.266667,9.741917,2,0,0.036500,9.778417
4779,1159.300000,10.590750,2,0,0.027416,10.618166
4780,1159.333333,10.128458,2,0,0.020250,10.148708
4781,1159.366667,10.428750,2,0,0.037125,10.465875
4782,1159.400000,10.492333,2,0,0.022375,10.514708
4783,1159.433333,10.065292,2,0,0.030333,10.095625
4784,1159.466667,11.012291,2,0,0.019084,11.031375
4785,1159.500000,10.372208,2,0,0.026125,10.398333
4786,1159.533333,10.725208,2,0,0.024125,10.749333
4787,1159.566667,10.190875,2,0,0.018916,10.209791
4788,1159.600000,10.000667,2,0,0.026375,10.027042
4789,1159.633333,9.610834,2,0,0.015708,9.626542
4790,1159.666667,10.265792,2,0,0.060791,10.326583
4791,1159.700000,9.860667,2,0,0.013000,9.873667
4792,1159.733333,8.842833,2,0,0.014417,8.857250
4793,1159.766667,8.404709,2,0,0.010833,8.415542
4794,1159.800000,8.384709,2,0,0.019541,8.404250
4795,1159.833333,8.320917,2,0,0.013083,8.334000
4796,1159.866667,8.408750,2,0,0.017125,8.425875
4797,1159.900000,8.945250,2,0,0.019958,8.965208
4798,1159.933333,9.424500,2,0,0.017500,9.442000
4799,1159.966667,10.073375,2,0,0.036666,10.110041
4800,1160.000000,10.311125,2,0,0.009667,10.320792
4801,1160.033333,9.889333,2,0,0.030333,9.919666
4802,1160.066667,9.707167,2,0,0.021708,9.728875
4803,1160.100000,9.772334,2,0,0.014666,9.787000
4804,1160.133333,9.283459,2,0,0.016041,9.299500
4805,1160.166667,9.500625,2,0,0.020209,9.520834
4806,1160.200000,9.428792,2,0,0.037792,9.466584
4807,1160.233333,10.164375,2,0,0.013500,10.177875
4808,1160.266667,10.607750,2,0,0.014584,10.622334
4809,1160.300000,10.435125,2,0,0.018208,10.453333
4810,1160.333333,10.105041,2,0,0.016167,10.121208
4811,1160.366667,11.160750,2,0,0.017709,11.178459
4812,1160.400000,9.682458,2,0,0.013167,9.695625
4813,1160.433333,8.919042,2,0,0.013625,8.932667
4814,1160.466667,9.181917,2,0,0.012125,9.194042
4815,1160.500000,8.306250,2,0,0.012125,8.318375
4816,1160.533333,9.257625,2,0,0.014458,9.272083
4817,1160.566667,8.961917,2,0,0.014416,8.976333
4818,1160.600000,8.765125,2,0,0.020792,8.785917
4819,1160.633333,9.500500,2,0,0.038208,9.538708
4820,1160.666667,9.647334,2,0,0.020291,9.667625
4821,1160.700000,10.383000,2,0,0.015292,10.398292
4822,1160.733333,10.676042,2,0,0.030666,10.706708
4823,1160.766667,10.821292,2,0,0.023291,10.844583
4824,1160.800000,10.089334,2,0,0.009750,10.099084
4825,1160.833333,10.409750,2,0,0.028666,10.438416
4826,1160.866667,10.243375,2,0,0.019375,10.262750
4827,1160.900000,10.113625,2,0,0.014042,10.127667
4828,1160.933333,10.533458,2,0,0.036542,10.570000
4829,1160.966667,10.873000,2,0,0.024750,10.897750
4830,1161.000000,10.385625,2,0,0.033334,10.418959
4831,1161.033333,10.504791,2,0,0.015459,10.520250
4832,1161.066667,9.647042,2,0,0.012417,9.659459
4833,1161.100000,9.783167,2,0,0.014042,9.797209
4834,1161.133333,8.434500,2,0,0.015125,8.449625
4835,1161.166667,8.658042,2,0,0.012917,8.670959
4836,1161.200000,8.916791,2,0,0.011709,8.928500
4837,1161.233333,8.431542,2,0,0.009333,8.440875
4838,1161.266667,8.525459,2,0,0.011958,8.537417
4839,1161.300000,9.838416,2,0,0.013959,9.852375
4840,1161.333333,9.585459,2,0,0.010916,9.596375
4841,1161.366667,10.148000,2,0,0.009834,10.157834
4842,1161.400000,10.187959,2,0,0.014583,10.202542
4843,1161.433333,10.477000,2,0,0.013583,10.490583
4844,1161.466667,10.186417,2,0,0.012292,10.198709
4845,1161.500000,11.126375,2,0,0.016375,11.142750
4846,1161.533333,11.434417,2,0,0.011916,11.446333
4847,1161.566667,10.524791,2,0,0.012417,10.537208
4848,1161.600000,9.941500,2,0,0.014708,9.956208
4849,1161.633333,10.800000,2,0,0.015958,10.815958
4850,1161.666667,10.543333,2,0,0.044292,10.587625
4851,1161.700000,10.694208,2,0,0.016167,10.710375
4852,1161.733333,9.840000,2,0,0.025292,9.865292
4853,1161.766667,10.389292,2,0,0.012917,10.402209
4854,1161.800000,10.560666,2,0,0.010417,10.571083
4855,1161.833333,10.774500,2,0,0.012458,10.786958
4856,1161.866667,10.019208,2,0,0.033208,10.052416
4857,1161.900000,10.875792,2,0,0.016333,10.892125
4858,1161.933333,9.399708,2,0,0.013250,9.412958
4859,1161.966667,8.683000,2,0,0.012542,8.695542
4860,1162.000000,10.376875,2,0,0.017792,10.394667
4861,1162.033333,12.564291,2,0,0.013042,12.577333
4862,1162.066667,9.398000,2,0,0.009875,9.407875
4863,1162.100000,8.910292,2,0,0.020833,8.931125
4864,1162.133333,9.065708,2,0,0.015958,9.081666
4865,1162.166667,10.292458,2,0,0.011959,10.304417
4866,1162.200000,9.616500,2,0,0.021458,9.637958
4867,1162.233333,10.232833,2,0,0.012125,10.244958
4868,1162.266667,9.988459,2,0,0.009458,9.997917
4869,1162.300000,12.267584,2,0,0.041583,12.309167
4870,1162.333333,10.313167,2,0,0.037583,10.350750
4871,1162.366667,10.741916,2,0,0.028417,10.770333
4872,1162.400000,11.005041,2,0,0.014000,11.019041
4873,1162.433333,10.616459,2,0,0.024791,10.641250
4874,1162.466667,10.886417,2,0,0.014500,10.900917
4875,1162.500000,10.431583,2,0,0.014125,10.445708
4876,1162.533333,10.319666,2,0,0.028459,10.348125
4877,1162.566667,10.755667,2,0,0.020125,10.775792
4878,1162.600000,10.529458,2,0,0.028125,10.557583
4879,1162.633333,10.276833,2,0,0.014625,10.291458
4880,1162.666667,11.743417,2,0,0.021625,11.765042
4881,1162.700000,10.637375,2,0,0.028541,10.665916
4882,1162.733333,10.058083,2,0,0.014625,10.072708
4883,1162.766667,9.571042,2,0,0.012916,9.583958
4884,1162.800000,8.904333,2,0,0.015417,8.919750
4885,1162.833333,8.417583,2,0,0.013167,8.430750
4886,1162.866667,8.707334,2,0,0.025458,8.732792
4887,1162.900000,9.082584,2,0,0.010250,9.092834
4888,1162.933333,9.969709,2,0,0.016791,9.986500
4889,1162.966667,10.555250,2,0,0.029750,10.585000
4890,1163.000000,10.253208,2,0,0.013667,10.266875
4891,1163.033333,10.482708,2,0,0.027292,10.510000
4892,1163.066667,12.222584,2,0,0.009750,12.232334
4893,1163.100000,10.827541,2,0,0.010875,10.838416
4894,1163.133333,9.268834,2,0,0.016041,9.284875
4895,1163.166667,10.052709,2,0,0.013916,10.066625
4896,1163.200000,10.369500,2,0,0.017250,10.386750
4897,1163.233333,9.921958,2,0,0.010542,9.932500
4898,1163.266667,10.649333,2,0,0.023750,10.673083
4899,1163.300000,10.426042,2,0,0.034083,10.460125
4900,1163.333333,10.859000,2,0,0.008917,10.867917
4901,1163.366667,10.587583,2,0,0.017542,10.605125
4902,1163.400000,10.448708,2,0,0.022417,10.471125
4903,1163.433333,10.364708,2,0,0.021542,10.386250
4904,1163.466667,10.583667,2,0,0.024333,10.608000
4905,1163.500000,11.972916,2,0,0.033959,12.006875
4906,1163.533333,11.264292,2,0,0.025083,11.289375
4907,1163.566667,9.681375,2,0,0.015000,9.696375
4908,1163.600000,9.831791,2,0,0.013000,9.844791
4909,1163.633333,8.599625,2,0,0.015291,8.614916
4910,1163.666667,8.640250,2,0,0.011708,8.651958
4911,1163.700000,9.033750,2,0,0.019125,9.052875
4912,1163.733333,9.510500,2,0,0.020125,9.530625
4913,1163.766667,9.827334,2,0,0.011625,9.838959
4914,1163.800000,10.633334,2,0,0.014875,10.648209
4915,1163.833333,10.762000,2,0,0.008375,10.770375
4916,1163.866667,10.494459,2,0,0.010791,10.505250
4917,1163.900000,10.946542,2,0,0.012000,10.958542
4918,1163.933333,11.010209,2,0,0.018375,11.028584
4919,1163.966667,11.270667,2,0,0.015166,11.285833
4920,1164.000000,11.155417,2,0,0.034583,11.190000
4921,1164.033333,11.076041,2,0,0.019000,11.095041
4922,1164.066667,10.815750,2,0,0.019791,10.835541
4923,1164.100000,11.246333,2,0,0.011542,11.257875
4924,1164.133333,9.692666,2,0,0.013084,9.705750
4925,1164.166667,9.322375,2,0,0.014084,9.336459
4926,1164.200000,9.106083,2,0,0.013875,9.119958
4927,1164.233333,8.606417,2,0,0.014041,8.620458
4928,1164.266667,8.918750,2,0,0.011000,8.929750
4929,1164.300000,9.252416,2,0,0.020084,9.272500
4930,1164.333333,9.640584,2,0,0.037708,9.678292
4931,1164.366667,10.193041,2,0,0.033042,10.226083
4932,1164.400000,10.003417,2,0,0.053083,10.056500
4933,1164.433333,10.623000,2,0,0.011125,10.634125
4934,1164.466667,10.541625,2,0,0.011375,10.553000
4935,1164.500000,10.989792,2,0,0.028666,11.018458
4936,1164.533333,11.316667,2,0,0.010125,11.326792
4937,1164.566667,10.599417,2,0,0.019208,10.618625
4938,1164.600000,10.134875,2,0,0.011250,10.146125
4939,1164.633333,10.329083,2,0,0.036292,10.365375
4940,1164.666667,10.277291,2,0,0.035750,10.313041
4941,1164.700000,12.310542,2,0,0.015958,12.326500
4942,1164.733333,11.196958,2,0,0.030875,11.227833
4943,1164.766667,10.298958,2,0,0.010250,10.309208
4944,1164.800000,9.605709,2,0,0.012666,9.618375
4945,1164.833333,9.314709,2,0,0.020041,9.334750
4946,1164.866667,9.934250,2,0,0.012750,9.947000
4947,1164.900000,9.294083,2,0,0.011417,9.305500
4948,1164.933333,8.717000,2,0,0.013750,8.730750
4949,1164.966667,9.770917,2,0,0.013416,9.784333
4950,1165.000000,9.531334,2,0,0.020833,9.552167
4951,1165.033333,9.996000,2,0,0.033625,10.029625
4952,1165.066667,10.349958,2,0,0.026917,10.376875
4953,1165.100000,10.440833,2,0,0.013167,10.454000
4954,1165.133333,10.330958,2,0,0.020167,10.351125
4955,1165.166667,9.949167,2,0,0.020541,9.969708
4956,1165.200000,9.428167,2,0,0.029041,9.457208
4957,1165.233333,10.045917,2,0,0.023666,10.069583
4958,1165.266667,10.486250,2,0,0.021916,10.508166
4959,1165.300000,9.955250,2,0,0.015875,9.971125
4960,1165.333333,9.947500,2,0,0.017084,9.964584
4961,1165.366667,10.510208,2,0,0.018500,10.528708
4962,1165.400000,10.624375,2,0,0.027458,10.651833
4963,1165.433333,9.092291,2,0,0.011917,9.104208
4964,1165.466667,9.347250,2,0,0.035834,9.383084
4965,1165.500000,9.194083,2,0,0.024458,9.218541
4966,1165.533333,10.278750,2,0,0.029416,10.308166
4967,1165.566667,10.327208,2,0,0.031417,10.358625
4968,1165.600000,9.307666,2,0,0.010750,9.318416
4969,1165.633333,8.894750,2,0,0.011584,8.906334
4970,1165.666667,8.994834,2,0,0.016666,9.011500
4971,1165.700000,8.961542,2,0,0.013500,8.975042
4972,1165.733333,8.950083,2,0,0.031875,8.981958
4973,1165.766667,9.262625,2,0,0.023375,9.286000
4974,1165.800000,8.984208,2,0,0.019875,9.004083
4975,1165.833333,9.991000,2,0,0.017208,10.008208
4976,1165.866667,10.440458,2,0,0.030834,10.471292
4977,1165.900000,10.039459,2,0,0.013166,10.052625
4978,1165.933333,10.135708,2,0,0.014500,10.150208
4979,1165.966667,10.339708,2,0,0.029583,10.369291
4980,1166.000000,10.197459,2,0,0.036791,10.234250
4981,1166.033333,12.153542,2,0,0.018875,12.172417
4982,1166.066667,10.293292,2,0,0.014041,10.307333
4983,1166.100000,10.191958,2,0,0.014167,10.206125
4984,1166.133333,10.774458,2,0,0.008708,10.783166
4985,1166.166667,10.086542,2,0,0.012542,10.099084
4986,1166.200000,9.474167,2,0,0.020333,9.494500
4987,1166.233333,9.567292,2,0,0.014500,9.581792
4988,1166.266667,9.670250,2,0,0.031542,9.701792
4989,1166.300000,10.064333,2,0,0.031709,10.096042
4990,1166.333333,10.253125,2,0,0.018750,10.271875
4991,1166.366667,10.444041,2,0,0.035500,10.479541
4992,1166.400000,10.536791,2,0,0.028084,10.564875
4993,1166.433333,10.228500,2,0,0.011375,10.239875
4994,1166.466667,9.854833,2,0,0.026334,9.881167
4995,1166.500000,10.250917,2,0,0.019833,10.270750
4996,1166.533333,10.365291,2,0,0.012084,10.377375
4997,1166.566667,10.708834,2,0,0.042875,10.751709
4998,1166.600000,10.411333,2,0,0.025167,10.436500
4999,1166.633333,9.843875,2,0,0.013833,9.857708
5000,1166.666667,10.230792,2,0,0.038792,10.269584
5001,1166.700000,10.117791,2,0,0.034750,10.152541
5002,1166.733333,9.790583,2,0,0.016875,9.807458
5003,1166.766667,11.797083,2,0,0.016417,11.813500
5004,1166.800000,9.387208,2,0,0.013167,9.400375
5005,1166.833333,8.626916,2,0,0.012917,8.639833
5006,1166.866667,11.114583,2,0,0.021417,11.136000
5007,1166.900000,9.056041,2,0,0.013709,9.069750
5008,1166.933333,8.608833,2,0,0.014292,8.623125
5009,1166.966667,8.732209,2,0,0.014375,8.746584
5010,1167.000000,9.631250,2,0,0.017042,9.648292
5011,1167.033333,9.597667,2,0,0.016041,9.613708
5012,1167.066667,10.122083,2,0,0.020792,10.142875
5013,1167.100000,10.375500,2,0,0.012750,10.388250
5014,1167.133333,9.836167,2,0,0.024791,9.860958
5015,1167.166667,10.004709,2,0,0.015000,10.019709
5016,1167.200000,10.212916,2,0,0.021000,10.233916
5017,1167.233333,10.649750,2,0,0.032916,10.682666
5018,1167.266667,10.185458,2,0,0.011459,10.196917
5019,1167.300000,9.755042,2,0,0.021750,9.776792
5020,1167.333333,10.302667,2,0,0.011000,10.313667
5021,1167.366667,11.630750,2,0,0.029542,11.660292
5022,1167.400000,10.360916,2,0,0.021000,10.381916
5023,1167.433333,9.823833,2,0,0.016583,9.840416
5024,1167.466667,10.489792,2,0,0.016917,10.506709
5025,1167.500000,10.120750,2,0,0.020166,10.140916
5026,1167.533333,10.182666,2,0,0.030125,10.212791
5027,1167.566667,10.252000,2,0,0.031084,10.283084
5028,1167.600000,9.925875,2,0,0.016125,9.942000
5029,1167.633333,9.990458,2,0,0.035500,10.025958
5030,1167.666667,10.188917,2,0,0.027958,10.216875
5031,1167.700000,9.968375,2,0,0.022209,9.990584
5032,1167.733333,10.116458,2,0,0.028125,10.144583
5033,1167.766667,10.182375,2,0,0.014666,10.197041
5034,1167.800000,10.358292,2,0,0.015542,10.373834
5035,1167.833333,9.395333,2,0,0.012250,9.407583
5036,1167.866667,9.194625,2,0,0.013625,9.208250
5037,1167.900000,8.985500,2,0,0.015583,9.001083
5038,1167.933333,8.138625,2,0,0.015959,8.154584
5039,1167.966667,8.205292,2,0,0.013125,8.218417
5040,1168.000000,8.984000,2,0,0.010250,8.994250
5041,1168.033333,8.684333,2,0,0.010667,8.695000
5042,1168.066667,9.025250,2,0,0.023000,9.048250
5043,1168.100000,9.910417,2,0,0.010167,9.920584
5044,1168.133333,9.922833,2,0,0.014709,9.937542
5045,1168.166667,10.198583,2,0,0.019375,10.217958
5046,1168.200000,9.912250,2,0,0.036958,9.949208
5047,1168.233333,10.179166,2,0,0.018250,10.197416
5048,1168.266667,9.405250,2,0,0.018083,9.423333
5049,1168.300000,10.184209,2,0,0.016750,10.200959
5050,1168.333333,9.974292,2,0,0.008667,9.982959
5051,1168.366667,11.504667,2,0,0.028792,11.533459
5052,1168.400000,10.246000,2,0,0.014042,10.260042
5053,1168.433333,9.273625,2,0,0.011792,9.285417
5054,1168.466667,10.176416,2,0,0.017250,10.193666
5055,1168.500000,10.152625,2,0,0.012750,10.165375
5056,1168.533333,10.466209,2,0,0.014541,10.480750
5057,1168.566667,10.030625,2,0,0.035000,10.065625
5058,1168.600000,9.800541,2,0,0.016917,9.817458
5059,1168.633333,9.458041,2,0,0.019292,9.477333
5060,1168.666667,9.952667,2,0,0.025042,9.977709
5061,1168.700000,9.890583,2,0,0.012333,9.902916
5062,1168.733333,10.445500,2,0,0.021250,10.466750
5063,1168.766667,9.644125,2,0,0.016333,9.660458
5064,1168.800000,10.543625,2,0,0.020292,10.563917
5065,1168.833333,10.229167,2,0,0.014375,10.243542
5066,1168.866667,10.276333,2,0,0.013709,10.290042
5067,1168.900000,9.962875,2,0,0.034166,9.997041
5068,1168.933333,9.593500,2,0,0.017417,9.610917
5069,1168.966667,9.773958,2,0,0.016292,9.790250
5070,1169.000000,9.699375,2,0,0.016125,9.715500
5071,1169.033333,10.377750,2,0,0.019042,10.396792
5072,1169.066667,9.836500,2,0,0.013458,9.849958
5073,1169.100000,8.507542,2,0,0.013958,8.521500
5074,1169.133333,8.579292,2,0,0.016375,8.595667
5075,1169.166667,8.813875,2,0,0.017000,8.830875
5076,1169.200000,8.018167,2,0,0.034458,8.052625
5077,1169.233333,8.077583,2,0,0.012042,8.089625
5078,1169.266667,9.058958,2,0,0.024917,9.083875
5079,1169.300000,10.058833,2,0,0.029750,10.088583
5080,1169.333333,9.608084,2,0,0.017625,9.625709
5081,1169.366667,9.702083,2,0,0.017917,9.720000
5082,1169.400000,10.445500,2,0,0.012000,10.457500
5083,1169.433333,10.347958,2,0,0.017875,10.365833
5084,1169.466667,9.805666,2,0,0.017917,9.823583
5085,1169.500000,9.753333,2,0,0.027292,9.780625
5086,1169.533333,10.994667,2,0,0.018500,11.013167
5087,1169.566667,9.850625,2,0,0.010292,9.860917
5088,1169.600000,8.832166,2,0,0.011625,8.843791
5089,1169.633333,8.931500,2,0,0.015166,8.946666
5090,1169.666667,10.823125,2,0,0.013792,10.836917
5091,1169.700000,8.393958,2,0,0.011250,8.405208
5092,1169.733333,8.799416,2,0,0.018625,8.818041
5093,1169.766667,8.944250,2,0,0.015125,8.959375
5094,1169.800000,9.275167,2,0,0.027500,9.302667
5095,1169.833333,10.099542,2,0,0.031667,10.131209
5096,1169.866667,9.725209,2,0,0.011833,9.737042
5097,1169.900000,9.774917,2,0,0.019916,9.794833
5098,1169.933333,9.762292,2,0,0.027458,9.789750
5099,1169.966667,10.072750,2,0,0.024291,10.097041
5100,1170.000000,10.492167,2,0,0.033250,10.525417
5101,1170.033333,9.246083,2,0,0.029209,9.275292
5102,1170.066667,11.124916,2,0,0.022834,11.147750
5103,1170.100000,9.877834,2,0,0.008250,9.886084
5104,1170.133333,10.078125,2,0,0.028250,10.106375
5105,1170.166667,10.018833,2,0,0.010959,10.029792
5106,1170.200000,9.508292,2,0,0.013958,9.522250
5107,1170.233333,9.262458,2,0,0.012000,9.274458
5108,1170.266667,8.890500,2,0,0.013875,8.904375
5109,1170.300000,8.554625,2,0,0.012167,8.566792
5110,1170.333333,8.179541,2,0,0.022792,8.202333
5111,1170.366667,9.034333,2,0,0.013250,9.047583
5112,1170.400000,8.950542,2,0,0.032708,8.983250
5113,1170.433333,8.216708,2,0,0.014792,8.231500
5114,1170.466667,8.431042,2,0,0.018708,8.449750
5115,1170.500000,8.692291,2,0,0.023959,8.716250
5116,1170.533333,9.811333,2,0,0.018417,9.829750
5117,1170.566667,9.548416,2,0,0.017917,9.566333
5118,1170.600000,9.972458,2,0,0.019333,9.991791
5119,1170.633333,10.239958,2,0,0.012792,10.252750
5120,1170.666667,9.967833,2,0,0.013042,9.980875
5121,1170.700000,8.830667,2,0,0.014333,8.845000
5122,1170.733333,8.452917,2,0,0.012792,8.465709
5123,1170.766667,8.664208,2,0,0.013208,8.677416
5124,1170.800000,8.837250,2,0,0.013791,8.851041
5125,1170.833333,8.663625,2,0,0.011708,8.675333
5126,1170.866667,8.542166,2,0,0.018250,8.560416
5127,1170.900000,9.565375,2,0,0.009542,9.574917
5128,1170.933333,9.629875,2,0,0.012917,9.642792
5129,1170.966667,10.418709,2,0,0.018250,10.436959
5130,1171.000000,10.598209,2,0,0.030833,10.629042
5131,1171.033333,10.292417,2,0,0.022625,10.315042
5132,1171.066667,10.678833,2,0,0.014250,10.693083
5133,1171.100000,10.931875,2,0,0.011250,10.943125
5134,1171.133333,10.715917,2,0,0.012083,10.728000
5135,1171.166667,11.593792,2,0,0.017208,11.611000
5136,1171.200000,9.992958,2,0,0.026292,10.019250
5137,1171.233333,10.593083,2,0,0.013708,10.606791
5138,1171.266667,9.939584,2,0,0.013000,9.952584
5139,1171.300000,10.828875,2,0,0.030167,10.859042
5140,1171.333333,10.881666,2,0,0.029334,10.911000
5141,1171.366667,10.425167,2,0,0.012458,10.437625
5142,1171.400000,10.528625,2,0,0.018250,10.546875
5143,1171.433333,8.693708,2,0,0.014959,8.708667
5144,1171.466667,9.236375,2,0,0.016833,9.253208
5145,1171.500000,8.959875,2,0,0.014208,8.974083
5146,1171.533333,8.317042,2,0,0.020208,8.337250
5147,1171.566667,8.978166,2,0,0.014667,8.992833
5148,1171.600000,8.440042,2,0,0.013416,8.453458
5149,1171.633333,8.482875,2,0,0.010459,8.493334
5150,1171.666667,8.119333,2,0,0.019875,8.139208
5151,1171.700000,9.135000,2,0,0.014125,9.149125
5152,1171.733333,9.917500,2,0,0.027542,9.945042
5153,1171.766667,9.432334,2,0,0.012333,9.444667
5154,1171.800000,10.075375,2,0,0.038667,10.114042
5155,1171.833333,10.119500,2,0,0.013750,10.133250
5156,1171.866667,10.568208,2,0,0.038750,10.606958
5157,1171.900000,10.015917,2,0,0.024292,10.040209
5158,1171.933333,10.392583,2,0,0.043000,10.435583
5159,1171.966667,10.474084,2,0,0.020791,10.494875
5160,1172.000000,9.638292,2,0,0.012375,9.650667
5161,1172.033333,9.077625,2,0,0.013750,9.091375
5162,1172.066667,8.609375,2,0,0.017375,8.626750
5163,1172.100000,9.318541,2,0,0.010417,9.328958
5164,1172.133333,9.278708,2,0,0.016000,9.294708
5165,1172.166667,8.715417,2,0,0.015833,8.731250
5166,1172.200000,9.114042,2,0,0.013333,9.127375
5167,1172.233333,8.313041,2,0,0.022292,8.335333
5168,1172.266667,9.764667,2,0,0.036375,9.801042
5169,1172.300000,9.863459,2,0,0.035500,9.898959
5170,1172.333333,9.824167,2,0,0.016750,9.840917
5171,1172.366667,10.978542,2,0,0.021333,10.999875
5172,1172.400000,10.220459,2,0,0.012791,10.233250
5173,1172.433333,10.515709,2,0,0.036791,10.552500
5174,1172.466667,10.984208,2,0,0.015959,11.000167
5175,1172.500000,10.480625,2,0,0.031625,10.512250
5176,1172.533333,10.494750,2,0,0.013209,10.507959
5177,1172.566667,11.377458,2,0,0.012334,11.389792
5178,1172.600000,8.940958,2,0,0.013875,8.954833
5179,1172.633333,9.370333,2,0,0.015542,9.385875
5180,1172.666667,9.092667,2,0,0.015958,9.108625
5181,1172.700000,9.260375,2,0,0.014167,9.274542
5182,1172.733333,8.621333,2,0,0.012958,8.634291
5183,1172.766667,8.670250,2,0,0.034000,8.704250
5184,1172.800000,8.703959,2,0,0.019791,8.723750
5185,1172.833333,9.917959,2,0,0.030583,9.948542
5186,1172.866667,10.413084,2,0,0.020625,10.433709
5187,1172.900000,10.267167,2,0,0.013708,10.280875
5188,1172.933333,10.320958,2,0,0.013125,10.334083
5189,1172.966667,10.606250,2,0,0.022083,10.628333
5190,1173.000000,11.140333,2,0,0.022792,11.163125
5191,1173.033333,10.881708,2,0,0.042209,10.923917
5192,1173.066667,10.430500,2,0,0.025666,10.456166
5193,1173.100000,10.874125,2,0,0.014167,10.888292
5194,1173.133333,10.435792,2,0,0.010250,10.446042
5195,1173.166667,12.410750,2,0,0.041084,12.451834
5196,1173.200000,9.024500,2,0,0.008959,9.033459
5197,1173.233333,8.953833,2,0,0.017167,8.971000
5198,1173.266667,9.348792,2,0,0.011458,9.360250
5199,1173.300000,9.320500,2,0,0.017708,9.338208
5200,1173.333333,10.434750,2,0,0.015625,10.450375
5201,1173.366667,8.279542,2,0,0.013667,8.293209
5202,1173.400000,8.705625,2,0,0.028833,8.734458
5203,1173.433333,8.768833,2,0,0.022208,8.791041
5204,1173.466667,9.196959,2,0,0.034416,9.231375
5205,1173.500000,9.830291,2,0,0.022292,9.852583
5206,1173.533333,9.509750,2,0,0.015250,9.525000
5207,1173.566667,10.039750,2,0,0.015083,10.054833
5208,1173.600000,11.113625,2,0,0.030917,11.144542
5209,1173.633333,9.932584,2,0,0.010416,9.943000
5210,1173.666667,10.834916,2,0,0.021625,10.856541
5211,1173.700000,10.751291,2,0,0.018334,10.769625
5212,1173.733333,10.247833,2,0,0.019292,10.267125
5213,1173.766667,10.324209,2,0,0.017833,10.342042
5214,1173.800000,10.529792,2,0,0.016792,10.546584
5215,1173.833333,10.174042,2,0,0.029167,10.203209
5216,1173.866667,10.079292,2,0,0.015333,10.094625
5217,1173.900000,10.704209,2,0,0.016166,10.720375
5218,1173.933333,10.760041,2,0,0.011542,10.771583
5219,1173.966667,10.688667,2,0,0.033667,10.722334
5220,1174.000000,10.149042,2,0,0.007875,10.156917
5221,1174.033333,9.364834,2,0,0.012125,9.376959
5222,1174.066667,9.313333,2,0,0.015417,9.328750
5223,1174.100000,8.410583,2,0,0.014250,8.424833
5224,1174.133333,8.612750,2,0,0.013958,8.626708
5225,1174.166667,8.818458,2,0,0.014167,8.832625
5226,1174.200000,8.554125,2,0,0.012000,8.566125
5227,1174.233333,9.120250,2,0,0.031208,9.151458
5228,1174.266667,9.842083,2,0,0.017833,9.859916
5229,1174.300000,9.330208,2,0,0.019584,9.349792
5230,1174.333333,10.483750,2,0,0.042042,10.525792
5231,1174.366667,10.190459,2,0,0.030583,10.221042
5232,1174.400000,10.914584,2,0,0.035416,10.950000
5233,1174.433333,11.063916,2,0,0.016292,11.080208
5234,1174.466667,10.901292,2,0,0.025958,10.927250
5235,1174.500000,10.945792,2,0,0.014208,10.960000
5236,1174.533333,10.340916,2,0,0.016792,10.357708
5237,1174.566667,10.277250,2,0,0.019125,10.296375
5238,1174.600000,11.104375,2,0,0.013667,11.118042
5239,1174.633333,11.328916,2,0,0.026084,11.355000
5240,1174.666667,11.072584,2,0,0.015750,11.088334
5241,1174.700000,10.199458,2,0,0.030458,10.229916
5242,1174.733333,10.766833,2,0,0.019792,10.786625
5243,1174.766667,10.465000,2,0,0.016708,10.481708
5244,1174.800000,10.641042,2,0,0.025792,10.666834
5245,1174.833333,10.523958,2,0,0.023917,10.547875
5246,1174.866667,11.076583,2,0,0.022458,11.099041
5247,1174.900000,9.982500,2,0,0.028750,10.011250
5248,1174.933333,10.676875,2,0,0.029500,10.706375
5249,1174.966667,11.082583,2,0,0.010709,11.093292
5250,1175.000000,9.994000,2,0,0.014041,10.008041
5251,1175.033333,10.242583,2,0,0.048833,10.291416
5252,1175.066667,10.773542,2,0,0.028416,10.801958
5253,1175.100000,10.593791,2,0,0.015959,10.609750
5254,1175.133333,10.927292,2,0,0.018500,10.945792
5255,1175.166667,9.762292,2,0,0.023916,9.786208
5256,1175.200000,10.323250,2,0,0.021416,10.344666
5257,1175.233333,9.099125,2,0,0.013083,9.112208
5258,1175.266667,9.488583,2,0,0.018084,9.506667
5259,1175.300000,9.851959,2,0,0.015125,9.867084
5260,1175.333333,9.930417,2,0,0.024792,9.955209
5261,1175.366667,9.823875,2,0,0.016916,9.840791
5262,1175.400000,10.076500,2,0,0.050542,10.127042
5263,1175.433333,8.466083,2,0,0.014834,8.480917
5264,1175.466667,9.242875,2,0,0.016500,9.259375
5265,1175.500000,10.011500,2,0,0.023583,10.035083
5266,1175.533333,9.633291,2,0,0.034500,9.667791
5267,1175.566667,10.479542,2,0,0.012750,10.492292
5268,1175.600000,10.330500,2,0,0.032959,10.363459
5269,1175.633333,10.352625,2,0,0.030958,10.383583
5270,1175.666667,9.595083,2,0,0.016292,9.611375
5271,1175.700000,10.933541,2,0,0.032875,10.966416
5272,1175.733333,10.353500,2,0,0.023542,10.377042
5273,1175.766667,10.563791,2,0,0.025917,10.589708
5274,1175.800000,10.262041,2,0,0.012500,10.274541
5275,1175.833333,10.391000,2,0,0.014625,10.405625
5276,1175.866667,10.472500,2,0,0.015542,10.488042
5277,1175.900000,10.351208,2,0,0.023583,10.374791
5278,1175.933333,9.734541,2,0,0.015875,9.750416
5279,1175.966667,10.524666,2,0,0.025542,10.550208
5280,1176.000000,10.636750,2,0,0.019875,10.656625
5281,1176.033333,10.995666,2,0,0.039667,11.035333
5282,1176.066667,10.164250,2,0,0.029625,10.193875
5283,1176.100000,10.189792,2,0,0.039167,10.228959
5284,1176.133333,10.479000,2,0,0.023375,10.502375
5285,1176.166667,10.561917,2,0,0.025583,10.587500
5286,1176.200000,10.317541,2,0,0.022209,10.339750
5287,1176.233333,10.255583,2,0,0.016500,10.272083
5288,1176.266667,10.240042,2,0,0.011917,10.251959
5289,1176.300000,10.341667,2,0,0.019875,10.361542
5290,1176.333333,9.573000,2,0,0.011000,9.584000
5291,1176.366667,8.986084,2,0,0.014208,9.000292
5292,1176.400000,9.642792,2,0,0.012042,9.654834
5293,1176.433333,9.359833,2,0,0.015792,9.375625
5294,1176.466667,8.950916,2,0,0.014625,8.965541
5295,1176.500000,8.705750,2,0,0.014459,8.720209
5296,1176.533333,8.323167,2,0,0.011208,8.334375
5297,1176.566667,9.388417,2,0,0.009625,9.398042
5298,1176.600000,9.772542,2,0,0.018792,9.791334
5299,1176.633333,9.688334,2,0,0.032083,9.720417
5300,1176.666667,9.783125,2,0,0.020500,9.803625
5301,1176.700000,11.741209,2,0,0.011250,11.752459
5302,1176.733333,10.242541,2,0,0.022959,10.265500
5303,1176.766667,10.270333,2,0,0.034417,10.304750
5304,1176.800000,10.736500,2,0,0.017250,10.753750
5305,1176.833333,11.349958,2,0,0.017542,11.367500
5306,1176.866667,10.345542,2,0,0.020458,10.366000
5307,1176.900000,10.835416,2,0,0.029125,10.864541
5308,1176.933333,10.674333,2,0,0.022584,10.696917
5309,1176.966667,10.883625,2,0,0.029292,10.912917
5310,1177.000000,9.935834,2,0,0.018500,9.954334
5311,1177.033333,10.167000,2,0,0.029709,10.196709
5312,1177.066667,9.924208,2,0,0.018208,9.942416
5313,1177.100000,10.834750,2,0,0.025417,10.860167
5314,1177.133333,11.175000,2,0,0.017959,11.192959
5315,1177.166667,11.225583,2,0,0.058583,11.284166
5316,1177.200000,10.531458,2,0,0.031125,10.562583
5317,1177.233333,10.335541,2,0,0.013334,10.348875
5318,1177.266667,10.663916,2,0,0.019334,10.683250
5319,1177.300000,10.409959,2,0,0.015291,10.425250
5320,1177.333333,10.530083,2,0,0.039083,10.569166
5321,1177.366667,10.125875,2,0,0.037542,10.163417
5322,1177.400000,10.732875,2,0,0.022708,10.755583
5323,1177.433333,10.140208,2,0,0.035833,10.176041
5324,1177.466667,10.083583,2,0,0.013417,10.097000
5325,1177.500000,10.261458,2,0,0.010667,10.272125
5326,1177.533333,10.901667,2,0,0.023542,10.925209
5327,1177.566667,9.907041,2,0,0.010084,9.917125
5328,1177.600000,9.199583,2,0,0.017000,9.216583
5329,1177.633333,9.126000,2,0,0.012458,9.138458
5330,1177.666667,9.285500,2,0,0.015125,9.300625
5331,1177.700000,8.529292,2,0,0.013958,8.543250
5332,1177.733333,9.550291,2,0,0.010500,9.560791
5333,1177.766667,8.161333,2,0,0.013250,8.174583
5334,1177.800000,8.363959,2,0,0.009375,8.373334
5335,1177.833333,9.471833,2,0,0.025292,9.497125
5336,1177.866667,9.496125,2,0,0.013292,9.509417
5337,1177.900000,10.118583,2,0,0.022750,10.141333
5338,1177.933333,10.438375,2,0,0.018583,10.456958
5339,1177.966667,10.029416,2,0,0.017042,10.046458
5340,1178.000000,10.080792,2,0,0.027833,10.108625
5341,1178.033333,9.899375,2,0,0.026875,9.926250
5342,1178.066667,10.084791,2,0,0.029834,10.114625
5343,1178.100000,9.851833,2,0,0.018083,9.869916
5344,1178.133333,10.347000,2,0,0.011875,10.358875
5345,1178.166667,10.611666,2,0,0.023125,10.634791
5346,1178.200000,10.492958,2,0,0.008333,10.501291
5347,1178.233333,10.996208,2,0,0.042792,11.039000
5348,1178.266667,9.091500,2,0,0.012167,9.103667
5349,1178.300000,9.819917,2,0,0.024083,9.844000
5350,1178.333333,9.848292,2,0,0.031000,9.879292
5351,1178.366667,10.540875,2,0,0.016209,10.557084
5352,1178.400000,10.213250,2,0,0.010125,10.223375
5353,1178.433333,10.190167,2,0,0.030833,10.221000
5354,1178.466667,10.626125,2,0,0.018417,10.644542
5355,1178.500000,10.516916,2,0,0.036959,10.553875
5356,1178.533333,10.324792,2,0,0.020167,10.344959
5357,1178.566667,10.908208,2,0,0.023375,10.931583
5358,1178.600000,10.818875,2,0,0.021250,10.840125
5359,1178.633333,9.903625,2,0,0.022458,9.926083
5360,1178.666667,11.132750,2,0,0.018375,11.151125
5361,1178.700000,9.763916,2,0,0.008625,9.772541
5362,1178.733333,9.215958,2,0,0.013084,9.229042
5363,1178.766667,9.428666,2,0,0.013584,9.442250
5364,1178.800000,9.673458,2,0,0.013625,9.687083
5365,1178.833333,8.725042,2,0,0.021833,8.746875
5366,1178.866667,8.854458,2,0,0.012959,8.867417
5367,1178.900000,8.584833,2,0,0.044167,8.629000
5368,1178.933333,8.384584,2,0,0.013125,8.397709
5369,1178.966667,9.514000,2,0,0.012750,9.526750
5370,1179.000000,10.143209,2,0,0.013000,10.156209
5371,1179.033333,9.801750,2,0,0.036334,9.838084
5372,1179.066667,10.613208,2,0,0.010208,10.623416
5373,1179.100000,10.823541,2,0,0.023875,10.847416
5374,1179.133333,10.835167,2,0,0.042875,10.878042
5375,1179.166667,11.300792,2,0,0.019083,11.319875
5376,1179.200000,10.738458,2,0,0.024250,10.762708
5377,1179.233333,11.041083,2,0,0.010917,11.052000
5378,1179.266667,11.857042,2,0,0.019292,11.876334
5379,1179.300000,11.114041,2,0,0.031459,11.145500
5380,1179.333333,10.752000,2,0,0.028084,10.780084
5381,1179.366667,10.666875,2,0,0.021083,10.687958
5382,1179.400000,10.400167,2,0,0.023167,10.423334
5383,1179.433333,10.913709,2,0,0.019583,10.933292
5384,1179.466667,10.939709,2,0,0.016458,10.956167
5385,1179.500000,11.185958,2,0,0.035458,11.221416
5386,1179.533333,11.035250,2,0,0.010666,11.045916
5387,1179.566667,9.810667,2,0,0.013833,9.824500
5388,1179.600000,9.098083,2,0,0.012958,9.111041
5389,1179.633333,9.379500,2,0,0.013334,9.392834
5390,1179.666667,9.736875,2,0,0.016292,9.753167
5391,1179.700000,8.741250,2,0,0.018458,8.759708
5392,1179.733333,8.575834,2,0,0.014458,8.590292
5393,1179.766667,9.174334,2,0,0.042625,9.216959
5394,1179.800000,8.541250,2,0,0.018375,8.559625
5395,1179.833333,9.418083,2,0,0.024209,9.442292
5396,1179.866667,10.040125,2,0,0.016291,10.056416
5397,1179.900000,10.368417,2,0,0.024833,10.393250
5398,1179.933333,10.143792,2,0,0.014750,10.158542
5399,1179.966667,9.583125,2,0,0.013334,9.596459
5400,1180.000000,10.459958,2,0,0.043500,10.503458
5401,1180.033333,10.711625,2,0,0.058583,10.770208
5402,1180.066667,10.512125,2,0,0.013583,10.525708
5403,1180.100000,11.011667,2,0,0.015125,11.026792
5404,1180.133333,10.716167,2,0,0.039333,10.755500
5405,1180.166667,10.853167,2,0,0.017042,10.870209
5406,1180.200000,10.710792,2,0,0.019250,10.730042
5407,1180.233333,11.402542,2,0,0.014250,11.416792
5408,1180.266667,10.692750,2,0,0.012458,10.705208
5409,1180.300000,10.777417,2,0,0.016166,10.793583
5410,1180.333333,10.427167,2,0,0.023458,10.450625
5411,1180.366667,10.926292,2,0,0.024375,10.950667
5412,1180.400000,10.819084,2,0,0.017791,10.836875
5413,1180.433333,9.552417,2,0,0.008500,9.560917
5414,1180.466667,8.831708,2,0,0.021792,8.853500
5415,1180.500000,9.391875,2,0,0.028542,9.420417
5416,1180.533333,10.709792,2,0,0.021583,10.731375
5417,1180.566667,10.785250,2,0,0.019209,10.804459
5418,1180.600000,9.863083,2,0,0.039292,9.902375
5419,1180.633333,10.739250,2,0,0.027084,10.766334
5420,1180.666667,9.758083,2,0,0.009750,9.767833
5421,1180.700000,10.216834,2,0,0.032666,10.249500
5422,1180.733333,10.174750,2,0,0.018750,10.193500
5423,1180.766667,10.561708,2,0,0.040167,10.601875
5424,1180.800000,10.088625,2,0,0.012333,10.100958
5425,1180.833333,9.844250,2,0,0.020833,9.865083
5426,1180.866667,9.573917,2,0,0.013333,9.587250
5427,1180.900000,9.817833,2,0,0.019875,9.837708
5428,1180.933333,10.872875,2,0,0.018750,10.891625
5429,1180.966667,10.275875,2,0,0.014541,10.290416
5430,1181.000000,10.723000,2,0,0.041541,10.764541
5431,1181.033333,10.122250,2,0,0.033458,10.155708
5432,1181.066667,10.324250,2,0,0.011292,10.335542
5433,1181.100000,10.745042,2,0,0.021792,10.766834
5434,1181.133333,10.641208,2,0,0.025167,10.666375
5435,1181.166667,10.576583,2,0,0.013125,10.589708
5436,1181.200000,10.761500,2,0,0.015459,10.776959
5437,1181.233333,10.525917,2,0,0.015000,10.540917
5438,1181.266667,10.925667,2,0,0.026583,10.952250
5439,1181.300000,8.926125,2,0,0.024625,8.950750
5440,1181.333333,9.704917,2,0,0.022458,9.727375
5441,1181.366667,9.716083,2,0,0.020167,9.736250
5442,1181.400000,10.299833,2,0,0.030417,10.330250
5443,1181.433333,10.109291,2,0,0.017417,10.126708
5444,1181.466667,10.193416,2,0,0.023042,10.216458
5445,1181.500000,10.300042,2,0,0.032875,10.332917
5446,1181.533333,10.264708,2,0,0.028542,10.293250
5447,1181.566667,9.996375,2,0,0.040334,10.036709
5448,1181.600000,10.403250,2,0,0.013500,10.416750
5449,1181.633333,10.390584,2,0,0.021750,10.412334
5450,1181.666667,11.843167,2,0,0.013708,11.856875
5451,1181.700000,9.980958,2,0,0.015083,9.996041
5452,1181.733333,9.893541,2,0,0.019875,9.913416
5453,1181.766667,10.281416,2,0,0.027417,10.308833
5454,1181.800000,10.078834,2,0,0.019583,10.098417
5455,1181.833333,10.809250,2,0,0.029041,10.838291
5456,1181.866667,9.880292,2,0,0.018208,9.898500
5457,1181.900000,10.327250,2,0,0.012791,10.340041
5458,1181.933333,10.899042,2,0,0.024500,10.923542
5459,1181.966667,10.358375,2,0,0.028334,10.386709
5460,1182.000000,10.331292,2,0,0.016958,10.348250
5461,1182.033333,9.751583,2,0,0.031417,9.783000
5462,1182.066667,9.930416,2,0,0.021792,9.952208
5463,1182.100000,10.846375,2,0,0.023458,10.869833
5464,1182.133333,10.530416,2,0,0.015584,10.546000
5465,1182.166667,9.915208,2,0,0.011167,9.926375
5466,1182.200000,10.022042,2,0,0.021250,10.043292
5467,1182.233333,10.776083,2,0,0.028917,10.805000
5468,1182.266667,10.319459,2,0,0.020083,10.339542
5469,1182.300000,10.165125,2,0,0.020208,10.185333
5470,1182.333333,11.099916,2,0,0.027417,11.127333
5471,1182.366667,10.389584,2,0,0.008250,10.397834
5472,1182.400000,9.208041,2,0,0.013625,9.221666
5473,1182.433333,9.349667,2,0,0.012000,9.361667
5474,1182.466667,8.246250,2,0,0.014875,8.261125
5475,1182.500000,8.619292,2,0,0.019291,8.638583
5476,1182.533333,8.616000,2,0,0.011917,8.627917
5477,1182.566667,9.045875,2,0,0.011917,9.057792
5478,1182.600000,8.978458,2,0,0.038458,9.016916
5479,1182.633333,9.583458,2,0,0.021209,9.604667
5480,1182.666667,9.982708,2,0,0.020917,10.003625
5481,1182.700000,10.131417,2,0,0.024375,10.155792
5482,1182.733333,10.682250,2,0,0.020167,10.702417
5483,1182.766667,11.095917,2,0,0.021750,11.117667
5484,1182.800000,11.623041,2,0,0.049209,11.672250
5485,1182.833333,10.490500,2,0,0.023042,10.513542
5486,1182.866667,10.920000,2,0,0.026458,10.946458
5487,1182.900000,11.112000,2,0,0.020792,11.132792
5488,1182.933333,11.793167,2,0,0.040708,11.833875
5489,1182.966667,10.433667,2,0,0.023541,10.457208
5490,1183.000000,11.432042,2,0,0.013416,11.445458
5491,1183.033333,10.395625,2,0,0.033542,10.429167
5492,1183.066667,10.304292,2,0,0.012458,10.316750
5493,1183.100000,11.010125,2,0,0.012208,11.022333
5494,1183.133333,11.013375,2,0,0.018375,11.031750
5495,1183.166667,11.426209,2,0,0.036625,11.462834
5496,1183.200000,11.262792,2,0,0.020292,11.283084
5497,1183.233333,10.785250,2,0,0.027000,10.812250
5498,1183.266667,11.037541,2,0,0.017875,11.055416
5499,1183.300000,11.090458,2,0,0.027458,11.117916
5500,1183.333333,11.503666,2,0,0.032709,11.536375
5501,1183.366667,10.367959,2,0,0.022125,10.390084
5502,1183.400000,11.621292,2,0,0.044167,11.665459
5503,1183.433333,11.956292,2,0,0.018500,11.974792
5504,1183.466667,10.664083,2,0,0.019792,10.683875
5505,1183.500000,10.736833,2,0,0.013542,10.750375
5506,1183.533333,11.310875,2,0,0.018542,11.329417
5507,1183.566667,10.154875,2,0,0.015750,10.170625
5508,1183.600000,10.624667,2,0,0.022208,10.646875
5509,1183.633333,11.229375,2,0,0.018542,11.247917
5510,1183.666667,10.864125,2,0,0.035084,10.899209
5511,1183.700000,10.458083,2,0,0.022625,10.480708
5512,1183.733333,10.795041,2,0,0.015709,10.810750
5513,1183.766667,11.139333,2,0,0.019667,11.159000
5514,1183.800000,10.724583,2,0,0.015500,10.740083
5515,1183.833333,11.417083,2,0,0.021333,11.438416
5516,1183.866667,10.653708,2,0,0.013375,10.667083
5517,1183.900000,10.360625,2,0,0.023459,10.384084
5518,1183.933333,11.809458,2,0,0.021208,11.830666
5519,1183.966667,11.527416,2,0,0.015709,11.543125
5520,1184.000000,10.605833,2,0,0.018125,10.623958
5521,1184.033333,10.925583,2,0,0.010792,10.936375
5522,1184.066667,10.739875,2,0,0.021750,10.761625
5523,1184.100000,10.698166,2,0,0.022667,10.720833
5524,1184.133333,10.451542,2,0,0.033333,10.484875
5525,1184.166667,10.710083,2,0,0.012167,10.722250
5526,1184.200000,10.872625,2,0,0.017666,10.890291
5527,1184.233333,10.822333,2,0,0.029959,10.852292
5528,1184.266667,11.194875,2,0,0.030416,11.225291
5529,1184.300000,11.718667,2,0,0.010417,11.729084
5530,1184.333333,10.431000,2,0,0.018959,10.449959
5531,1184.366667,10.389834,2,0,0.013875,10.403709
5532,1184.400000,10.908292,2,0,0.021666,10.929958
5533,1184.433333,10.804458,2,0,0.015709,10.820167
5534,1184.466667,10.461375,2,0,0.030834,10.492209
5535,1184.500000,10.459250,2,0,0.019292,10.478542
5536,1184.533333,11.245334,2,0,0.035500,11.280834
5537,1184.566667,10.792375,2,0,0.050250,10.842625
5538,1184.600000,10.794667,2,0,0.016125,10.810792
5539,1184.633333,10.189500,2,0,0.055541,10.245041
5540,1184.666667,10.757250,2,0,0.022833,10.780083
5541,1184.700000,11.447625,2,0,0.012291,11.459916
5542,1184.733333,10.513750,2,0,0.016208,10.529958
5543,1184.766667,10.334834,2,0,0.025916,10.360750
5544,1184.800000,11.255000,2,0,0.012583,11.267583
5545,1184.833333,10.493666,2,0,0.014125,10.507791
5546,1184.866667,10.591375,2,0,0.024208,10.615583
5547,1184.900000,11.187709,2,0,0.019125,11.206834
5548,1184.933333,10.624041,2,0,0.028000,10.652041
5549,1184.966667,10.919833,2,0,0.029917,10.949750
5550,1185.000000,11.041833,2,0,0.010375,11.052208
5551,1185.033333,10.532542,2,0,0.015500,10.548042
5552,1185.066667,10.315125,2,0,0.032875,10.348000
5553,1185.100000,11.128666,2,0,0.023292,11.151958
5554,1185.133333,11.060083,2,0,0.018500,11.078583
5555,1185.166667,10.798041,2,0,0.026250,10.824291
5556,1185.200000,10.642375,2,0,0.018834,10.661209
5557,1185.233333,11.438333,2,0,0.016042,11.454375
5558,1185.266667,10.670583,2,0,0.021958,10.692541
5559,1185.300000,9.972500,2,0,0.016333,9.988833
5560,1185.333333,11.476959,2,0,0.023458,11.500417
5561,1185.366667,11.246167,2,0,0.010416,11.256583
5562,1185.400000,10.436333,2,0,0.010792,10.447125
5563,1185.433333,9.576709,2,0,0.014833,9.591542
5564,1185.466667,9.643708,2,0,0.021834,9.665542
5565,1185.500000,10.132042,2,0,0.033708,10.165750
5566,1185.533333,10.639917,2,0,0.025708,10.665625
5567,1185.566667,10.660875,2,0,0.013042,10.673917
5568,1185.600000,10.475292,2,0,0.024708,10.500000
5569,1185.633333,10.160833,2,0,0.024167,10.185000
5570,1185.666667,10.936250,2,0,0.022125,10.958375
5571,1185.700000,9.916666,2,0,0.012334,9.929000
5572,1185.733333,10.763916,2,0,0.030667,10.794583
5573,1185.766667,10.502500,2,0,0.010875,10.513375
5574,1185.800000,11.352084,2,0,0.036166,11.388250
5575,1185.833333,10.591375,2,0,0.020375,10.611750
5576,1185.866667,10.622959,2,0,0.019375,10.642334
5577,1185.900000,10.722333,2,0,0.015250,10.737583
5578,1185.933333,10.641000,2,0,0.027125,10.668125
5579,1185.966667,10.426417,2,0,0.015750,10.442167
5580,1186.000000,11.041666,2,0,0.029917,11.071583
5581,1186.033333,9.931083,2,0,0.012750,9.943833
5582,1186.066667,10.046291,2,0,0.013417,10.059708
5583,1186.100000,10.515375,2,0,0.022791,10.538166
5584,1186.133333,10.340166,2,0,0.022584,10.362750
5585,1186.166667,10.870875,2,0,0.014709,10.885584
5586,1186.200000,10.491000,2,0,0.012791,10.503791
5587,1186.233333,12.125250,2,0,0.012250,12.137500
5588,1186.266667,10.335333,2,0,0.014834,10.350167
5589,1186.300000,10.195584,2,0,0.036333,10.231917
5590,1186.333333,10.658167,2,0,0.043583,10.701750
5591,1186.366667,10.746334,2,0,0.022000,10.768334
5592,1186.400000,10.263958,2,0,0.025292,10.289250
5593,1186.433333,10.164667,2,0,0.034042,10.198709
5594,1186.466667,10.810458,2,0,0.041167,10.851625
5595,1186.500000,10.912000,2,0,0.021334,10.933334
5596,1186.533333,9.792833,2,0,0.014958,9.807791
5597,1186.566667,10.566625,2,0,0.040833,10.607458
5598,1186.600000,10.893583,2,0,0.012917,10.906500
5599,1186.633333,10.382291,2,0,0.036542,10.418833
5600,1186.666667,10.800708,2,0,0.025375,10.826083
5601,1186.700000,10.628166,2,0,0.021125,10.649291
5602,1186.733333,11.092708,2,0,0.018417,11.111125
5603,1186.766667,10.367333,2,0,0.018083,10.385416
5604,1186.800000,10.337291,2,0,0.013750,10.351041
5605,1186.833333,10.807041,2,0,0.032125,10.839166
5606,1186.866667,10.901084,2,0,0.013166,10.914250
5607,1186.900000,10.787542,2,0,0.027791,10.815333
5608,1186.933333,11.134042,2,0,0.033833,11.167875
5609,1186.966667,10.755709,2,0,0.021291,10.777000
5610,1187.000000,10.799708,2,0,0.021292,10.821000
5611,1187.033333,10.465416,2,0,0.020709,10.486125
5612,1187.066667,10.097417,2,0,0.022125,10.119542
5613,1187.100000,9.894334,2,0,0.022000,9.916334
5614,1187.133333,10.341666,2,0,0.028959,10.370625
5615,1187.166667,10.871875,2,0,0.007959,10.879834
5616,1187.200000,10.566959,2,0,0.026041,10.593000
5617,1187.233333,11.017417,2,0,0.020166,11.037583
5618,1187.266667,10.926792,2,0,0.027958,10.954750
5619,1187.300000,10.779959,2,0,0.010041,10.790000
5620,1187.333333,9.806333,2,0,0.013292,9.819625
5621,1187.366667,9.301542,2,0,0.037041,9.338583
5622,1187.400000,9.809333,2,0,0.034000,9.843333
5623,1187.433333,9.597791,2,0,0.030792,9.628583
5624,1187.466667,9.792083,2,0,0.020000,9.812083
5625,1187.500000,10.721542,2,0,0.024458,10.746000
5626,1187.533333,10.773208,2,0,0.018375,10.791583
5627,1187.566667,11.075667,2,0,0.022166,11.097833
5628,1187.600000,10.441417,2,0,0.021833,10.463250
5629,1187.633333,9.970209,2,0,0.021166,9.991375
5630,1187.666667,10.758416,2,0,0.029292,10.787708
5631,1187.700000,10.684917,2,0,0.013917,10.698834
5632,1187.733333,10.317958,2,0,0.020084,10.338042
5633,1187.766667,10.001834,2,0,0.031708,10.033542
5634,1187.800000,10.664958,2,0,0.026875,10.691833
5635,1187.833333,9.890500,2,0,0.022792,9.913292
5636,1187.866667,9.945167,2,0,0.023250,9.968417
5637,1187.900000,9.641000,2,0,0.019042,9.660042
5638,1187.933333,10.265625,2,0,0.025375,10.291000
5639,1187.966667,10.285000,2,0,0.039125,10.324125
5640,1188.000000,9.907833,2,0,0.018167,9.926000
5641,1188.033333,9.670541,2,0,0.025500,9.696041
5642,1188.066667,10.585125,2,0,0.026708,10.611833
5643,1188.100000,9.734792,2,0,0.021416,9.756208
5644,1188.133333,9.709500,2,0,0.014500,9.724000
5645,1188.166667,10.474250,2,0,0.026833,10.501083
5646,1188.200000,10.059000,2,0,0.036334,10.095334
5647,1188.233333,10.233125,2,0,0.021584,10.254709
5648,1188.266667,10.074125,2,0,0.023750,10.097875
5649,1188.300000,10.162416,2,0,0.035334,10.197750
5650,1188.333333,10.369166,2,0,0.029459,10.398625
5651,1188.366667,9.839125,2,0,0.012791,9.851916
5652,1188.400000,10.260167,2,0,0.025125,10.285292
5653,1188.433333,9.942959,2,0,0.015208,9.958167
5654,1188.466667,9.723958,2,0,0.028417,9.752375
5655,1188.500000,10.250250,2,0,0.024500,10.274750
5656,1188.533333,10.188833,2,0,0.030042,10.218875
5657,1188.566667,10.227333,2,0,0.021583,10.248916
5658,1188.600000,10.167417,2,0,0.035958,10.203375
5659,1188.633333,9.485708,2,0,0.021083,9.506791
5660,1188.666667,9.814500,2,0,0.018417,9.832917
5661,1188.700000,9.373959,2,0,0.017958,9.391917
5662,1188.733333,9.941042,2,0,0.036208,9.977250
5663,1188.766667,9.818375,2,0,0.026583,9.844958
5664,1188.800000,9.835125,2,0,0.020250,9.855375
5665,1188.833333,10.420833,2,0,0.016792,10.437625
5666,1188.866667,10.204916,2,0,0.013000,10.217916
5667,1188.900000,9.803750,2,0,0.015959,9.819709
5668,1188.933333,10.117125,2,0,0.019292,10.136417
5669,1188.966667,9.889208,2,0,0.041833,9.931041
5670,1189.000000,10.229000,2,0,0.022292,10.251292
5671,1189.033333,9.841750,2,0,0.016958,9.858708
5672,1189.066667,9.273209,2,0,0.044333,9.317542
5673,1189.100000,10.316542,2,0,0.030042,10.346584
5674,1189.133333,9.964166,2,0,0.031542,9.995708
5675,1189.166667,10.385875,2,0,0.015792,10.401667
5676,1189.200000,9.870667,2,0,0.018708,9.889375
5677,1189.233333,9.943500,2,0,0.013417,9.956917
5678,1189.266667,8.859083,2,0,0.013250,8.872333
5679,1189.300000,10.113708,2,0,0.021209,10.134917
5680,1189.333333,10.233083,2,0,0.017209,10.250292
5681,1189.366667,9.997458,2,0,0.022834,10.020292
5682,1189.400000,9.973584,2,0,0.025500,9.999084
5683,1189.433333,10.076958,2,0,0.032084,10.109042
5684,1189.466667,10.441584,2,0,0.019791,10.461375
5685,1189.500000,9.753791,2,0,0.026459,9.780250
5686,1189.533333,9.856959,2,0,0.033875,9.890834
5687,1189.566667,10.482500,2,0,0.027417,10.509917
5688,1189.600000,9.424166,2,0,0.025834,9.450000
5689,1189.633333,9.813958,2,0,0.045250,9.859208
5690,1189.666667,9.549333,2,0,0.014834,9.564167
5691,1189.700000,9.835250,2,0,0.031375,9.866625
5692,1189.733333,9.784166,2,0,0.032667,9.816833
5693,1189.766667,10.271583,2,0,0.019834,10.291417
5694,1189.800000,10.068792,2,0,0.023333,10.092125
5695,1189.833333,9.677041,2,0,0.035167,9.712208
5696,1189.866667,9.902208,2,0,0.021125,9.923333
5697,1189.900000,9.569375,2,0,0.029417,9.598792
5698,1189.933333,10.261542,2,0,0.012125,10.273667
5699,1189.966667,9.573959,2,0,0.021333,9.595292
5700,1190.000000,10.340917,2,0,0.013042,10.353959
5701,1190.033333,9.946166,2,0,0.022292,9.968458
5702,1190.066667,9.879125,2,0,0.017750,9.896875
5703,1190.100000,9.946792,2,0,0.023000,9.969792
5704,1190.133333,11.131625,2,0,0.029417,11.161042
5705,1190.166667,9.974500,2,0,0.023541,9.998041
5706,1190.200000,11.130625,2,0,0.026041,11.156666
5707,1190.233333,9.230000,2,0,0.018625,9.248625
5708,1190.266667,9.908875,2,0,0.018666,9.927541
5709,1190.300000,10.459500,2,0,0.014042,10.473542
5710,1190.333333,9.759959,2,0,0.032458,9.792417
5711,1190.366667,8.946416,2,0,0.014750,8.961166
5712,1190.400000,9.630750,2,0,0.025542,9.656292
5713,1190.433333,7.942250,2,0,0.012083,7.954333
5714,1190.466667,8.564375,2,0,0.027500,8.591875
5715,1190.500000,8.439667,2,0,0.023000,8.462667
5716,1190.533333,9.932625,2,0,0.050125,9.982750
5717,1190.566667,9.310416,2,0,0.024292,9.334708
5718,1190.600000,9.351125,2,0,0.015625,9.366750
5719,1190.633333,9.933167,2,0,0.030291,9.963458
5720,1190.666667,9.806292,2,0,0.017750,9.824042
5721,1190.700000,9.023500,2,0,0.008208,9.031708
5722,1190.733333,9.278791,2,0,0.010959,9.289750
5723,1190.766667,9.762708,2,0,0.031209,9.793917
5724,1190.800000,9.202042,2,0,0.015167,9.217209
5725,1190.833333,9.720209,2,0,0.021791,9.742000
5726,1190.866667,9.182625,2,0,0.010875,9.193500
5727,1190.900000,10.020000,2,0,0.034583,10.054583
5728,1190.933333,10.268917,2,0,0.013083,10.282000
5729,1190.966667,9.665792,2,0,0.014208,9.680000
5730,1191.000000,10.221583,2,0,0.016625,10.238208
5731,1191.033333,10.236000,2,0,0.024583,10.260583
5732,1191.066667,10.374584,2,0,0.018833,10.393417
5733,1191.100000,10.498458,2,0,0.022750,10.521208
5734,1191.133333,9.875083,2,0,0.013709,9.888792
5735,1191.166667,10.304917,2,0,0.020708,10.325625
5736,1191.200000,9.692750,2,0,0.023750,9.716500
5737,1191.233333,9.919583,2,0,0.020750,9.940333
5738,1191.266667,9.335167,2,0,0.021500,9.356667
5739,1191.300000,9.685250,2,0,0.013875,9.699125
5740,1191.333333,9.952334,2,0,0.010916,9.963250
5741,1191.366667,10.538666,2,0,0.030375,10.569041
5742,1191.400000,10.244583,2,0,0.021708,10.266291
5743,1191.433333,9.965167,2,0,0.031833,9.997000
5744,1191.466667,10.347958,2,0,0.018334,10.366292
5745,1191.500000,9.131542,2,0,0.018292,9.149834
5746,1191.533333,9.819834,2,0,0.018291,9.838125
5747,1191.566667,10.005417,2,0,0.041750,10.047167
5748,1191.600000,9.903958,2,0,0.028750,9.932708
5749,1191.633333,10.283542,2,0,0.035333,10.318875
5750,1191.666667,10.484125,2,0,0.011250,10.495375
5751,1191.700000,9.938292,2,0,0.020625,9.958917
5752,1191.733333,11.000417,2,0,0.019791,11.020208
5753,1191.766667,9.630459,2,0,0.012000,9.642459
5754,1191.800000,9.815625,2,0,0.012292,9.827917
5755,1191.833333,10.188333,2,0,0.020917,10.209250
5756,1191.866667,10.098542,2,0,0.020208,10.118750
5757,1191.900000,10.529791,2,0,0.032709,10.562500
5758,1191.933333,10.580917,2,0,0.029333,10.610250
5759,1191.966667,10.462459,2,0,0.024666,10.487125
5760,1192.000000,10.369875,2,0,0.009667,10.379542
5761,1192.033333,10.204583,2,0,0.013292,10.217875
5762,1192.066667,10.152917,2,0,0.013292,10.166209
5763,1192.100000,9.839375,2,0,0.024625,9.864000
5764,1192.133333,10.636500,2,0,0.039583,10.676083
5765,1192.166667,10.489666,2,0,0.032084,10.521750
5766,1192.200000,10.213542,2,0,0.013958,10.227500
5767,1192.233333,9.826542,2,0,0.021792,9.848334
5768,1192.266667,10.181375,2,0,0.030958,10.212333
5769,1192.300000,10.541250,2,0,0.011292,10.552542
5770,1192.333333,9.194291,2,0,0.012584,9.206875
5771,1192.366667,11.074292,2,0,0.027875,11.102167
5772,1192.400000,11.152542,2,0,0.013542,11.166084
5773,1192.433333,10.428959,2,0,0.027750,10.456709
5774,1192.466667,10.734042,2,0,0.025958,10.760000
5775,1192.500000,10.603416,2,0,0.032250,10.635666
5776,1192.533333,10.719000,2,0,0.017833,10.736833
5777,1192.566667,10.826959,2,0,0.035125,10.862084
5778,1192.600000,10.964583,2,0,0.023084,10.987667
5779,1192.633333,10.519500,2,0,0.035125,10.554625
5780,1192.666667,10.648208,2,0,0.036042,10.684250
5781,1192.700000,10.579250,2,0,0.014583,10.593833
5782,1192.733333,10.388333,2,0,0.027708,10.416041
5783,1192.766667,10.492292,2,0,0.029625,10.521917
5784,1192.800000,10.775333,2,0,0.014709,10.790042
5785,1192.833333,10.924167,2,0,0.025833,10.950000
5786,1192.866667,10.719917,2,0,0.023166,10.743083
5787,1192.900000,10.699375,2,0,0.035500,10.734875
5788,1192.933333,10.856375,2,0,0.016417,10.872792
5789,1192.966667,10.572292,2,0,0.024791,10.597083
5790,1193.000000,10.466000,2,0,0.020917,10.486917
5791,1193.033333,10.306000,2,0,0.027625,10.333625
5792,1193.066667,11.044458,2,0,0.016333,11.060791
5793,1193.100000,10.175958,2,0,0.021250,10.197208
5794,1193.133333,10.715333,2,0,0.014709,10.730042
5795,1193.166667,10.952584,2,0,0.012166,10.964750
5796,1193.200000,11.215625,2,0,0.044208,11.259833
5797,1193.233333,10.850667,2,0,0.014500,10.865167
5798,1193.266667,10.790875,2,0,0.032125,10.823000
5799,1193.300000,10.694792,2,0,0.021500,10.716292
5800,1193.333333,10.911375,2,0,0.017958,10.929333
5801,1193.366667,10.985000,2,0,0.021500,11.006500
5802,1193.400000,10.202208,2,0,0.006542,10.208750
5803,1193.433333,10.156916,2,0,0.031917,10.188833
5804,1193.466667,10.280667,2,0,0.011708,10.292375
5805,1193.500000,10.474291,2,0,0.033334,10.507625
5806,1193.533333,10.192833,2,0,0.016834,10.209667
5807,1193.566667,10.640250,2,0,0.013875,10.654125
5808,1193.600000,10.308000,2,0,0.011500,10.319500
5809,1193.633333,10.367792,2,0,0.025208,10.393000
5810,1193.666667,10.866542,2,0,0.028292,10.894834
5811,1193.700000,10.803292,2,0,0.021708,10.825000
5812,1193.733333,10.107959,2,0,0.016083,10.124042
5813,1193.766667,11.019708,2,0,0.024542,11.044250
5814,1193.800000,11.012167,2,0,0.012542,11.024709
5815,1193.833333,10.553250,2,0,0.014875,10.568125
5816,1193.866667,10.750667,2,0,0.011292,10.761959
5817,1193.900000,10.483667,2,0,0.016042,10.499709
5818,1193.933333,11.015416,2,0,0.017042,11.032458
5819,1193.966667,10.330625,2,0,0.029250,10.359875
5820,1194.000000,10.693625,2,0,0.016375,10.710000
5821,1194.033333,10.270875,2,0,0.020625,10.291500
5822,1194.066667,11.445625,2,0,0.023333,11.468958
5823,1194.100000,10.792000,2,0,0.034458,10.826458
5824,1194.133333,10.713750,2,0,0.017334,10.731084
5825,1194.166667,12.162000,2,0,0.026334,12.188334
5826,1194.200000,11.261875,2,0,0.012292,11.274167
5827,1194.233333,12.682167,2,0,0.027250,12.709417
5828,1194.266667,10.545209,2,0,0.017291,10.562500
5829,1194.300000,11.196708,2,0,0.032708,11.229416
5830,1194.333333,11.204958,2,0,0.023250,11.228208
5831,1194.366667,10.725958,2,0,0.010542,10.736500
5832,1194.400000,11.030416,2,0,0.010875,11.041291
5833,1194.433333,11.275667,2,0,0.017958,11.293625
5834,1194.466667,10.618291,2,0,0.013084,10.631375
5835,1194.500000,11.813292,2,0,0.032500,11.845792
5836,1194.533333,11.645625,2,0,0.019916,11.665541
5837,1194.566667,11.154208,2,0,0.032709,11.186917
5838,1194.600000,10.980166,2,0,0.013792,10.993958
5839,1194.633333,10.952166,2,0,0.017584,10.969750
5840,1194.666667,10.889333,2,0,0.016792,10.906125
5841,1194.700000,11.472750,2,0,0.013750,11.486500
5842,1194.733333,10.758916,2,0,0.014250,10.773166
5843,1194.766667,11.258291,2,0,0.042500,11.300791
5844,1194.800000,10.666167,2,0,0.009875,10.676042
5845,1194.833333,11.673041,2,0,0.010875,11.683916
5846,1194.866667,11.468709,2,0,0.034958,11.503667
5847,1194.900000,11.566833,2,0,0.026459,11.593292
5848,1194.933333,11.340083,2,0,0.013333,11.353416
5849,1194.966667,11.377292,2,0,0.018666,11.395958
5850,1195.000000,11.629375,2,0,0.025291,11.654666
5851,1195.033333,10.991625,2,0,0.023542,11.015167
5852,1195.066667,11.203250,2,0,0.022458,11.225708
5853,1195.100000,11.348584,2,0,0.010416,11.359000
5854,1195.133333,11.357042,2,0,0.014000,11.371042
5855,1195.166667,11.161833,2,0,0.024667,11.186500
5856,1195.200000,11.381250,2,0,0.024708,11.405958
5857,1195.233333,10.871875,2,0,0.014208,10.886083
5858,1195.266667,11.683542,2,0,0.013750,11.697292
5859,1195.300000,11.447875,2,0,0.028500,11.476375
5860,1195.333333,12.093042,2,0,0.014917,12.107959
5861,1195.366667,10.539541,2,0,0.043334,10.582875
5862,1195.400000,13.039292,2,0,0.011542,13.050834
5863,1195.433333,9.833542,2,0,0.009625,9.843167
5864,1195.466667,10.436375,2,0,0.021333,10.457708
5865,1195.500000,10.554292,2,0,0.017958,10.572250
5866,1195.533333,11.389792,2,0,0.021416,11.411208
5867,1195.566667,11.547958,2,0,0.022750,11.570708
5868,1195.600000,10.708334,2,0,0.013958,10.722292
5869,1195.633333,11.827167,2,0,0.043458,11.870625
5870,1195.666667,11.650958,2,0,0.025042,11.676000
5871,1195.700000,11.644708,2,0,0.036208,11.680916
5872,1195.733333,11.651083,2,0,0.031500,11.682583
5873,1195.766667,11.539417,2,0,0.011792,11.551209
5874,1195.800000,11.388834,2,0,0.024250,11.413084
5875,1195.833333,11.729958,2,0,0.027292,11.757250
5876,1195.866667,11.685458,2,0,0.010917,11.696375
5877,1195.900000,11.573833,2,0,0.025125,11.598958
5878,1195.933333,11.395750,2,0,0.015833,11.411583
5879,1195.966667,11.494833,2,0,0.025167,11.520000
5880,1196.000000,10.957208,2,0,0.025833,10.983041
5881,1196.033333,11.654875,2,0,0.010792,11.665667
5882,1196.066667,12.204416,2,0,0.014459,12.218875
5883,1196.100000,11.866083,2,0,0.021834,11.887917
5884,1196.133333,11.819458,2,0,0.030417,11.849875
5885,1196.166667,11.741209,2,0,0.018583,11.759792
5886,1196.200000,11.366625,2,0,0.017750,11.384375
5887,1196.233333,11.373625,2,0,0.025708,11.399333
5888,1196.266667,11.339375,2,0,0.021750,11.361125
5889,1196.300000,11.952958,2,0,0.014417,11.967375
5890,1196.333333,11.833042,2,0,0.017958,11.851000
5891,1196.366667,11.896292,2,0,0.015000,11.911292
5892,1196.400000,12.286208,2,0,0.022000,12.308208
5893,1196.433333,11.330667,2,0,0.013458,11.344125
5894,1196.466667,11.408625,2,0,0.028291,11.436916
5895,1196.500000,11.672916,2,0,0.022334,11.695250
5896,1196.533333,11.769375,2,0,0.013750,11.783125
5897,1196.566667,11.540333,2,0,0.020167,11.560500
5898,1196.600000,11.908208,2,0,0.011459,11.919667
5899,1196.633333,10.808000,2,0,0.014625,10.822625
5900,1196.666667,11.483041,2,0,0.013500,11.496541
5901,1196.700000,11.876500,2,0,0.021417,11.897917
5902,1196.733333,11.923750,2,0,0.020334,11.944084
5903,1196.766667,11.642000,2,0,0.033291,11.675291
5904,1196.800000,11.687375,2,0,0.024250,11.711625
5905,1196.833333,11.393959,2,0,0.024500,11.418459
5906,1196.866667,11.789709,2,0,0.025333,11.815042
5907,1196.900000,11.278625,2,0,0.025959,11.304584
5908,1196.933333,12.480750,2,0,0.027417,12.508167
5909,1196.966667,11.734417,2,0,0.027958,11.762375
5910,1197.000000,11.695583,2,0,0.024083,11.719666
5911,1197.033333,12.373875,2,0,0.048542,12.422417
5912,1197.066667,11.570833,2,0,0.025167,11.596000
5913,1197.100000,11.641292,2,0,0.025917,11.667209
5914,1197.133333,11.418459,2,0,0.016416,11.434875
5915,1197.166667,11.306209,2,0,0.035208,11.341417
5916,1197.200000,11.508541,2,0,0.017875,11.526416
5917,1197.233333,11.212500,2,0,0.018708,11.231208
5918,1197.266667,11.646916,2,0,0.014000,11.660916
5919,1197.300000,11.642625,2,0,0.022250,11.664875
5920,1197.333333,12.345666,2,0,0.024500,12.370166
5921,1197.366667,11.622584,2,0,0.024041,11.646625
5922,1197.400000,11.854250,2,0,0.006500,11.860750
5923,1197.433333,11.374667,2,0,0.027042,11.401709
5924,1197.466667,12.414167,2,0,0.036208,12.450375
5925,1197.500000,11.737917,2,0,0.020583,11.758500
5926,1197.533333,11.745792,2,0,0.060375,11.806167
5927,1197.566667,11.574459,2,0,0.025583,11.600042
5928,1197.600000,11.364375,2,0,0.017958,11.382333
5929,1197.633333,11.672459,2,0,0.018125,11.690584
5930,1197.666667,11.718584,2,0,0.022875,11.741459
5931,1197.700000,11.625875,2,0,0.024125,11.650000
5932,1197.733333,11.835083,2,0,0.015417,11.850500
5933,1197.766667,11.797500,2,0,0.015125,11.812625
5934,1197.800000,12.332708,2,0,0.017459,12.350167
5935,1197.833333,11.284583,2,0,0.030333,11.314916
5936,1197.866667,11.618584,2,0,0.019000,11.637584
5937,1197.900000,11.781334,2,0,0.034291,11.815625
5938,1197.933333,11.863625,2,0,0.010334,11.873959
5939,1197.966667,11.958250,2,0,0.013750,11.972000
5940,1198.000000,11.568625,2,0,0.012875,11.581500
5941,1198.033333,11.580625,2,0,0.024083,11.604708
5942,1198.066667,11.778584,2,0,0.013958,11.792542
5943,1198.100000,11.363500,2,0,0.013041,11.376541
5944,1198.133333,11.937125,2,0,0.013875,11.951000
5945,1198.166667,11.806417,2,0,0.014167,11.820584
5946,1198.200000,12.038458,2,0,0.027250,12.065708
5947,1198.233333,11.564125,2,0,0.018708,11.582833
5948,1198.266667,11.684334,2,0,0.019750,11.704084
5949,1198.300000,11.485834,2,0,0.016250,11.502084
5950,1198.333333,11.516541,2,0,0.011667,11.528208
5951,1198.366667,11.218833,2,0,0.009292,11.228125
5952,1198.400000,12.432792,2,0,0.015750,12.448542
5953,1198.433333,11.039708,2,0,0.008792,11.048500
5954,1198.466667,11.871500,2,0,0.007667,11.879167
5955,1198.500000,11.852875,2,0,0.017416,11.870291
5956,1198.533333,11.443375,2,0,0.019083,11.462458
5957,1198.566667,11.705458,2,0,0.018417,11.723875
5958,1198.600000,11.416041,2,0,0.019959,11.436000
5959,1198.633333,12.009792,2,0,0.031000,12.040792
5960,1198.666667,11.844000,2,0,0.031500,11.875500
5961,1198.700000,12.418084,2,0,0.011458,12.429542
5962,1198.733333,11.842625,2,0,0.020250,11.862875
5963,1198.766667,11.090625,2,0,0.025500,11.116125
5964,1198.800000,11.929958,2,0,0.019417,11.949375
5965,1198.833333,11.932917,2,0,0.019791,11.952708
5966,1198.866667,11.505292,2,0,0.035042,11.540334
5967,1198.900000,11.559625,2,0,0.029542,11.589167
5968,1198.933333,12.221458,2,0,0.026792,12.248250
5969,1198.966667,11.651125,2,0,0.021083,11.672208
5970,1199.000000,11.784458,2,0,0.021792,11.806250
5971,1199.033333,11.429167,2,0,0.021250,11.450417
5972,1199.066667,11.350709,2,0,0.043041,11.393750
5973,1199.100000,11.306542,2,0,0.022250,11.328792
5974,1199.133333,11.751875,2,0,0.024833,11.776708
5975,1199.166667,11.447417,2,0,0.015000,11.462417
5976,1199.200000,11.749209,2,0,0.026333,11.775542
5977,1199.233333,11.543250,2,0,0.028250,11.571500
5978,1199.266667,12.205125,2,0,0.020750,12.225875
5979,1199.300000,12.511042,2,0,0.022583,12.533625
5980,1199.333333,11.794375,2,0,0.009541,11.803916
5981,1199.366667,11.726917,2,0,0.035375,11.762292
5982,1199.400000,11.419334,2,0,0.016000,11.435334
5983,1199.433333,11.694959,2,0,0.020208,11.715167
5984,1199.466667,9.741500,2,0,0.013500,9.755000
5985,1199.500000,10.446417,2,0,0.021833,10.468250
5986,1199.533333,11.146916,2,0,0.020000,11.166916
5987,1199.566667,10.880084,2,0,0.014958,10.895042
5988,1199.600000,12.051375,2,0,0.031042,12.082417
5989,1199.633333,11.503791,2,0,0.028667,11.532458
5990,1199.666667,11.615084,2,0,0.028416,11.643500
5991,1199.700000,11.727250,2,0,0.022625,11.749875
5992,1199.733333,11.938292,2,0,0.018333,11.956625
5993,1199.766667,11.985750,2,0,0.024709,12.010459
5994,1199.800000,11.027666,2,0,0.025542,11.053208
5995,1199.833333,11.078833,2,0,0.033125,11.111958
5996,1199.866667,10.621208,2,0,0.026084,10.647292
5997,1199.900000,11.174792,2,0,0.023291,11.198083
5998,1199.933333,11.604375,2,0,0.033375,11.637750
5999,1199.966667,10.908042,2,0,0.013500,10.921542
6000,1200.000000,10.480125,2,0,0.014125,10.494250
6001,1200.033333,10.495583,2,0,0.015125,10.510708
6002,1200.066667,10.284041,2,0,0.014959,10.299000
6003,1200.100000,10.226500,2,0,0.017042,10.243542
6004,1200.133333,10.747125,2,0,0.016875,10.764000
6005,1200.166667,10.379125,2,0,0.013083,10.392208
6006,1200.200000,13.342791,2,0,0.010792,13.353583
6007,1200.233333,9.843667,2,0,0.011958,9.855625
6008,1200.266667,10.175709,2,0,0.025791,10.201500
6009,1200.300000,10.681292,2,0,0.023708,10.705000
6010,1200.333333,10.712709,2,0,0.015625,10.728334
6011,1200.366667,11.592500,2,0,0.034375,11.626875
6012,1200.400000,11.538292,2,0,0.009833,11.548125
6013,1200.433333,10.415916,2,0,0.014584,10.430500
6014,1200.466667,11.023417,2,0,0.022458,11.045875
6015,1200.500000,11.227209,2,0,0.025708,11.252917
6016,1200.533333,11.409167,2,0,0.018958,11.428125
6017,1200.566667,11.454417,2,0,0.020375,11.474792
6018,1200.600000,11.602000,2,0,0.029375,11.631375
6019,1200.633333,13.386166,2,0,0.023042,13.409208
6020,1200.666667,12.990875,2,0,0.011875,13.002750
6021,1200.700000,11.508250,2,0,0.017666,11.525916
6022,1200.733333,12.073042,2,0,0.012500,12.085542
6023,1200.766667,12.679708,2,0,0.039417,12.719125
6024,1200.800000,11.666667,2,0,0.035250,11.701917
6025,1200.833333,11.525000,2,0,0.017542,11.542542
6026,1200.866667,11.914000,2,0,0.025458,11.939458
6027,1200.900000,12.260041,2,0,0.010834,12.270875
6028,1200.933333,11.787750,2,0,0.011459,11.799209
6029,1200.966667,11.744000,2,0,0.018375,11.762375
6030,1201.000000,11.415583,2,0,0.006042,11.421625
6031,1201.033333,12.303875,2,0,0.038875,12.342750
6032,1201.066667,11.430250,2,0,0.039625,11.469875
6033,1201.100000,11.486958,2,0,0.019875,11.506833
6034,1201.133333,11.918542,2,0,0.021291,11.939833
6035,1201.166667,11.998708,2,0,0.023083,12.021791
6036,1201.200000,11.457916,2,0,0.019417,11.477333
6037,1201.233333,12.168333,2,0,0.023125,12.191458
6038,1201.266667,12.209041,2,0,0.022417,12.231458
6039,1201.300000,12.112959,2,0,0.031208,12.144167
6040,1201.333333,12.183542,2,0,0.014292,12.197834
6041,1201.366667,11.927917,2,0,0.034042,11.961959
6042,1201.400000,12.189667,2,0,0.063458,12.253125
6043,1201.433333,11.868834,2,0,0.015291,11.884125
6044,1201.466667,11.313875,2,0,0.024958,11.338833
6045,1201.500000,11.863292,2,0,0.034041,11.897333
6046,1201.533333,11.552750,2,0,0.014292,11.567042
6047,1201.566667,11.795625,2,0,0.011166,11.806791
6048,1201.600000,11.855166,2,0,0.015709,11.870875
6049,1201.633333,12.375083,2,0,0.038125,12.413208
6050,1201.666667,12.162792,2,0,0.012166,12.174958
6051,1201.700000,11.918250,2,0,0.038083,11.956333
6052,1201.733333,11.868000,2,0,0.023584,11.891584
6053,1201.766667,11.624750,2,0,0.012459,11.637209
6054,1201.800000,11.738208,2,0,0.020042,11.758250
6055,1201.833333,11.502000,2,0,0.020958,11.522958
6056,1201.866667,12.406667,2,0,0.026625,12.433292
6057,1201.900000,11.306875,2,0,0.027250,11.334125
6058,1201.933333,11.377541,2,0,0.015500,11.393041
6059,1201.966667,11.477125,2,0,0.017292,11.494417
6060,1202.000000,12.287792,2,0,0.030291,12.318083
6061,1202.033333,11.533625,2,0,0.014208,11.547833
6062,1202.066667,11.096000,2,0,0.038959,11.134959
6063,1202.100000,11.039667,2,0,0.010958,11.050625
6064,1202.133333,11.732792,2,0,0.017208,11.750000
6065,1202.166667,11.713875,2,0,0.015083,11.728958
6066,1202.200000,12.709208,2,0,0.013708,12.722916
6067,1202.233333,11.592208,2,0,0.024750,11.616958
6068,1202.266667,11.074541,2,0,0.009917,11.084458
6069,1202.300000,13.240333,2,0,0.027292,13.267625
6070,1202.333333,11.554625,2,0,0.018083,11.572708
6071,1202.366667,10.777084,2,0,0.019333,10.796417
6072,1202.400000,11.488167,2,0,0.027000,11.515167
6073,1202.433333,11.207834,2,0,0.010083,11.217917
6074,1202.466667,12.037125,2,0,0.025458,12.062583
6075,1202.500000,10.253458,2,0,0.015375,10.268833
6076,1202.533333,10.713709,2,0,0.023500,10.737209
6077,1202.566667,10.793291,2,0,0.013417,10.806708
6078,1202.600000,12.167667,2,0,0.030667,12.198334
6079,1202.633333,11.837417,2,0,0.027083,11.864500
6080,1202.666667,11.511333,2,0,0.019625,11.530958
6081,1202.700000,11.769667,2,0,0.027708,11.797375
6082,1202.733333,11.804084,2,0,0.010041,11.814125
6083,1202.766667,11.680958,2,0,0.038084,11.719042
6084,1202.800000,11.138292,2,0,0.009833,11.148125
6085,1202.833333,12.180542,2,0,0.049208,12.229750
6086,1202.866667,12.073709,2,0,0.026833,12.100542
6087,1202.900000,11.939250,2,0,0.019334,11.958584
6088,1202.933333,11.057875,2,0,0.012042,11.069917
6089,1202.966667,11.871875,2,0,0.023083,11.894958
6090,1203.000000,11.892167,2,0,0.024375,11.916542
6091,1203.033333,11.382542,2,0,0.022208,11.404750
6092,1203.066667,11.366916,2,0,0.039334,11.406250
6093,1203.100000,11.570375,2,0,0.020292,11.590667
6094,1203.133333,11.001208,2,0,0.022500,11.023708
6095,1203.166667,11.643917,2,0,0.017916,11.661833
6096,1203.200000,11.477333,2,0,0.015958,11.493291
6097,1203.233333,11.657917,2,0,0.011292,11.669209
6098,1203.266667,12.034458,2,0,0.028958,12.063416
6099,1203.300000,11.472250,2,0,0.028833,11.501083
6100,1203.333333,12.074000,2,0,0.024208,12.098208
6101,1203.366667,12.392500,2,0,0.011083,12.403583
6102,1203.400000,12.041750,2,0,0.020083,12.061833
6103,1203.433333,11.984000,2,0,0.020209,12.004209
6104,1203.466667,11.696417,2,0,0.025500,11.721917
6105,1203.500000,10.905375,2,0,0.027625,10.933000
6106,1203.533333,11.504542,2,0,0.022417,11.526959
6107,1203.566667,11.421917,2,0,0.029208,11.451125
6108,1203.600000,11.950500,2,0,0.036584,11.987084
6109,1203.633333,11.541417,2,0,0.013125,11.554542
6110,1203.666667,11.469125,2,0,0.022125,11.491250
6111,1203.700000,12.244167,2,0,0.009375,12.253542
6112,1203.733333,11.598417,2,0,0.011708,11.610125
6113,1203.766667,11.144375,2,0,0.016667,11.161042
6114,1203.800000,11.500208,2,0,0.025792,11.526000
6115,1203.833333,11.429000,2,0,0.022042,11.451042
6116,1203.866667,12.285250,2,0,0.031875,12.317125
6117,1203.900000,12.142167,2,0,0.049292,12.191459
6118,1203.933333,11.334791,2,0,0.037084,11.371875
6119,1203.966667,11.766416,2,0,0.026834,11.793250
6120,1204.000000,10.668500,2,0,0.014042,10.682542
6121,1204.033333,11.355084,2,0,0.035625,11.390709
6122,1204.066667,11.734083,2,0,0.014042,11.748125
6123,1204.100000,11.260000,2,0,0.022083,11.282083
6124,1204.133333,11.202375,2,0,0.035625,11.238000
6125,1204.166667,11.005625,2,0,0.022500,11.028125
6126,1204.200000,11.759042,2,0,0.019125,11.778167
6127,1204.233333,11.703542,2,0,0.025166,11.728708
6128,1204.266667,11.686750,2,0,0.010667,11.697417
6129,1204.300000,11.159750,2,0,0.020917,11.180667
6130,1204.333333,10.818833,2,0,0.024208,10.843041
6131,1204.366667,11.541125,2,0,0.012875,11.554000
6132,1204.400000,11.114333,2,0,0.019167,11.133500
6133,1204.433333,11.718250,2,0,0.032792,11.751042
6134,1204.466667,11.110417,2,0,0.014958,11.125375
6135,1204.500000,11.251417,2,0,0.012833,11.264250
6136,1204.533333,11.324459,2,0,0.038791,11.363250
6137,1204.566667,11.592958,2,0,0.022375,11.615333
6138,1204.600000,11.722584,2,0,0.020666,11.743250
6139,1204.633333,11.131750,2,0,0.031375,11.163125
6140,1204.666667,12.231250,2,0,0.011125,12.242375
6141,1204.700000,10.406041,2,0,0.017875,10.423916
6142,1204.733333,11.244542,2,0,0.020208,11.264750
6143,1204.766667,11.398709,2,0,0.010666,11.409375
6144,1204.800000,11.178083,2,0,0.027250,11.205333
6145,1204.833333,11.091166,2,0,0.040709,11.131875
6146,1204.866667,11.048459,2,0,0.010500,11.058959
6147,1204.900000,11.359042,2,0,0.018583,11.377625
6148,1204.933333,10.876667,2,0,0.019375,10.896042
6149,1204.966667,11.569875,2,0,0.023625,11.593500
6150,1205.000000,11.829041,2,0,0.025167,11.854208
6151,1205.033333,10.580042,2,0,0.009042,10.589084
6152,1205.066667,10.959334,2,0,0.021125,10.980459
6153,1205.100000,11.685209,2,0,0.039500,11.724709
6154,1205.133333,11.640541,2,0,0.011792,11.652333
6155,1205.166667,11.739334,2,0,0.026166,11.765500
6156,1205.200000,11.086958,2,0,0.013250,11.100208
6157,1205.233333,11.219000,2,0,0.021000,11.240000
6158,1205.266667,11.973000,2,0,0.014167,11.987167
6159,1205.300000,11.445708,2,0,0.028709,11.474417
6160,1205.333333,11.172250,2,0,0.016875,11.189125
6161,1205.366667,11.249208,2,0,0.034125,11.283333
6162,1205.400000,11.136875,2,0,0.026500,11.163375
6163,1205.433333,9.921459,2,0,0.014708,9.936167
6164,1205.466667,10.525708,2,0,0.023667,10.549375
6165,1205.500000,11.285334,2,0,0.011833,11.297167
6166,1205.533333,10.120000,2,0,0.021250,10.141250
6167,1205.566667,10.471125,2,0,0.026167,10.497292
6168,1205.600000,10.910916,2,0,0.006959,10.917875
6169,1205.633333,10.944209,2,0,0.032166,10.976375
6170,1205.666667,10.860542,2,0,0.015750,10.876292
6171,1205.700000,10.876000,2,0,0.010625,10.886625
6172,1205.733333,10.915458,2,0,0.015167,10.930625
6173,1205.766667,11.206791,2,0,0.021000,11.227791
6174,1205.800000,11.141625,2,0,0.019000,11.160625
6175,1205.833333,11.300042,2,0,0.017125,11.317167
6176,1205.866667,11.299875,2,0,0.044750,11.344625
6177,1205.900000,11.132042,2,0,0.019333,11.151375
6178,1205.933333,11.369750,2,0,0.014584,11.384334
6179,1205.966667,10.959375,2,0,0.012708,10.972083
6180,1206.000000,11.217416,2,0,0.025417,11.242833
6181,1206.033333,10.839125,2,0,0.023583,10.862708
6182,1206.066667,11.195292,2,0,0.014791,11.210083
6183,1206.100000,10.974041,2,0,0.020209,10.994250
6184,1206.133333,11.543458,2,0,0.028000,11.571458
6185,1206.166667,10.789167,2,0,0.013583,10.802750
6186,1206.200000,10.842583,2,0,0.023750,10.866333
6187,1206.233333,10.936958,2,0,0.012083,10.949041
6188,1206.266667,10.815125,2,0,0.032084,10.847209
6189,1206.300000,10.934875,2,0,0.024292,10.959167
6190,1206.333333,11.368625,2,0,0.014709,11.383334
6191,1206.366667,11.820750,2,0,0.022042,11.842792
6192,1206.400000,11.659917,2,0,0.011750,11.671667
6193,1206.433333,10.844375,2,0,0.012542,10.856917
6194,1206.466667,10.880083,2,0,0.014625,10.894708
6195,1206.500000,10.321791,2,0,0.013042,10.334833
6196,1206.533333,10.934958,2,0,0.039167,10.974125
6197,1206.566667,10.916375,2,0,0.015167,10.931542
6198,1206.600000,11.170875,2,0,0.020541,11.191416
6199,1206.633333,11.084083,2,0,0.029584,11.113667
6200,1206.666667,11.175291,2,0,0.019000,11.194291
6201,1206.700000,10.525916,2,0,0.016375,10.542291
6202,1206.733333,11.538459,2,0,0.034208,11.572667
6203,1206.766667,11.425834,2,0,0.020541,11.446375
6204,1206.800000,10.731542,2,0,0.018583,10.750125
6205,1206.833333,11.023417,2,0,0.035125,11.058542
6206,1206.866667,11.365375,2,0,0.009292,11.374667
6207,1206.900000,11.245750,2,0,0.022750,11.268500
6208,1206.933333,11.127666,2,0,0.026625,11.154291
6209,1206.966667,11.619292,2,0,0.010541,11.629833
6210,1207.000000,10.666542,2,0,0.012250,10.678792
6211,1207.033333,10.490708,2,0,0.010917,10.501625
6212,1207.066667,10.909375,2,0,0.013500,10.922875
6213,1207.100000,10.727000,2,0,0.039041,10.766041
6214,1207.133333,11.271542,2,0,0.021583,11.293125
6215,1207.166667,10.782125,2,0,0.012458,10.794583
6216,1207.200000,11.163458,2,0,0.014959,11.178417
6217,1207.233333,11.025208,2,0,0.034209,11.059417
6218,1207.266667,11.035666,2,0,0.028292,11.063958
6219,1207.300000,11.177500,2,0,0.014917,11.192417
6220,1207.333333,11.265375,2,0,0.016209,11.281584
6221,1207.366667,11.096125,2,0,0.023541,11.119666
6222,1207.400000,10.980291,2,0,0.015042,10.995333
6223,1207.433333,10.644750,2,0,0.024291,10.669041
6224,1207.466667,11.052833,2,0,0.015417,11.068250
6225,1207.500000,10.337125,2,0,0.016458,10.353583
6226,1207.533333,10.554583,2,0,0.039209,10.593792
6227,1207.566667,10.710875,2,0,0.018916,10.729791
6228,1207.600000,10.829208,2,0,0.030750,10.859958
6229,1207.633333,11.385833,2,0,0.041250,11.427083
6230,1207.666667,10.846334,2,0,0.025041,10.871375
6231,1207.700000,10.962708,2,0,0.023333,10.986041
6232,1207.733333,10.783333,2,0,0.017875,10.801208
6233,1207.766667,11.408333,2,0,0.011834,11.420167
6234,1207.800000,10.816334,2,0,0.019958,10.836292
6235,1207.833333,11.338083,2,0,0.016000,11.354083
6236,1207.866667,10.278041,2,0,0.013584,10.291625
6237,1207.900000,10.774750,2,0,0.014125,10.788875
6238,1207.933333,12.519042,2,0,0.032292,12.551334
6239,1207.966667,10.761584,2,0,0.030166,10.791750
6240,1208.000000,10.909458,2,0,0.034417,10.943875
6241,1208.033333,10.562959,2,0,0.012750,10.575709
6242,1208.066667,10.823625,2,0,0.016291,10.839916
6243,1208.100000,10.758416,2,0,0.028250,10.786666
6244,1208.133333,10.670958,2,0,0.013000,10.683958
6245,1208.166667,10.956833,2,0,0.016167,10.973000
6246,1208.200000,11.170792,2,0,0.026625,11.197417
6247,1208.233333,10.748334,2,0,0.020250,10.768584
6248,1208.266667,11.186375,2,0,0.016792,11.203167
6249,1208.300000,10.849500,2,0,0.019208,10.868708
6250,1208.333333,11.283000,2,0,0.029750,11.312750
6251,1208.366667,10.860416,2,0,0.018334,10.878750
6252,1208.400000,10.709542,2,0,0.020125,10.729667
6253,1208.433333,11.063084,2,0,0.022083,11.085167
6254,1208.466667,10.916083,2,0,0.024458,10.940541
6255,1208.500000,11.022292,2,0,0.022833,11.045125
6256,1208.533333,11.310625,2,0,0.016125,11.326750
6257,1208.566667,9.589083,2,0,0.077708,9.666791
6258,1208.600000,10.051500,2,0,0.033625,10.085125
6259,1208.633333,10.450917,2,0,0.029791,10.480708
6260,1208.666667,10.643959,2,0,0.019708,10.663667
6261,1208.700000,10.651666,2,0,0.018292,10.669958
6262,1208.733333,10.399916,2,0,0.018750,10.418666
6263,1208.766667,10.936917,2,0,0.021625,10.958542
6264,1208.800000,11.268042,2,0,0.021042,11.289084
6265,1208.833333,11.399458,2,0,0.020000,11.419458
6266,1208.866667,10.794458,2,0,0.019083,10.813541
6267,1208.900000,11.202334,2,0,0.014500,11.216834
6268,1208.933333,10.643583,2,0,0.026083,10.669666
6269,1208.966667,11.031750,2,0,0.022333,11.054083
6270,1209.000000,11.087458,2,0,0.009708,11.097166
6271,1209.033333,10.850416,2,0,0.012375,10.862791
6272,1209.066667,10.283000,2,0,0.033750,10.316750
6273,1209.100000,10.276917,2,0,0.014291,10.291208
6274,1209.133333,10.628083,2,0,0.041084,10.669167
6275,1209.166667,10.320625,2,0,0.015541,10.336166
6276,1209.200000,11.612959,2,0,0.025541,11.638500
6277,1209.233333,10.438834,2,0,0.020291,10.459125
6278,1209.266667,11.367916,2,0,0.022834,11.390750
6279,1209.300000,10.458875,2,0,0.019500,10.478375
6280,1209.333333,11.124417,2,0,0.024875,11.149292
6281,1209.366667,11.442250,2,0,0.031584,11.473834
6282,1209.400000,11.162542,2,0,0.013041,11.175583
6283,1209.433333,10.767667,2,0,0.045666,10.813333
6284,1209.466667,10.845625,2,0,0.010250,10.855875
6285,1209.500000,11.144542,2,0,0.007458,11.152000
6286,1209.533333,11.339167,2,0,0.020083,11.359250
6287,1209.566667,10.612459,2,0,0.024041,10.636500
6288,1209.600000,11.346917,2,0,0.027458,11.374375
6289,1209.633333,10.521958,2,0,0.039042,10.561000
6290,1209.666667,10.827375,2,0,0.030333,10.857708
6291,1209.700000,10.763542,2,0,0.012958,10.776500
6292,1209.733333,11.183417,2,0,0.025000,11.208417
6293,1209.766667,11.285000,2,0,0.024166,11.309166
6294,1209.800000,10.469000,2,0,0.029584,10.498584
6295,1209.833333,10.463583,2,0,0.010792,10.474375
6296,1209.866667,11.087292,2,0,0.029167,11.116459
6297,1209.900000,10.975166,2,0,0.013959,10.989125
6298,1209.933333,11.531833,2,0,0.029667,11.561500
6299,1209.966667,10.866000,2,0,0.017000,10.883000
6300,1210.000000,11.758542,2,0,0.030458,11.789000
6301,1210.033333,10.707916,2,0,0.015042,10.722958
6302,1210.066667,10.159542,2,0,0.015583,10.175125
6303,1210.100000,9.704792,2,0,0.027250,9.732042
6304,1210.133333,10.602958,2,0,0.020500,10.623458
6305,1210.166667,10.010541,2,0,0.011167,10.021708
6306,1210.200000,10.547791,2,0,0.032584,10.580375
6307,1210.233333,10.706416,2,0,0.018084,10.724500
6308,1210.266667,10.760708,2,0,0.014125,10.774833
6309,1210.300000,11.332458,2,0,0.011542,11.344000
6310,1210.333333,11.085083,2,0,0.014875,11.099958
6311,1210.366667,10.629833,2,0,0.031833,10.661666
6312,1210.400000,10.447167,2,0,0.015750,10.462917
6313,1210.433333,9.334917,2,0,0.014667,9.349584
6314,1210.466667,9.172625,2,0,0.040792,9.213417
6315,1210.500000,9.907833,2,0,0.020000,9.927833
6316,1210.533333,10.062958,2,0,0.026792,10.089750
6317,1210.566667,10.559209,2,0,0.019000,10.578209
6318,1210.600000,11.001292,2,0,0.017625,11.018917
6319,1210.633333,10.409208,2,0,0.033875,10.443083
6320,1210.666667,10.066833,2,0,0.025958,10.092791
6321,1210.700000,11.910167,2,0,0.011208,11.921375
6322,1210.733333,11.256959,2,0,0.011916,11.268875
6323,1210.766667,12.416708,2,0,0.011459,12.428167
6324,1210.800000,11.049333,2,0,0.025792,11.075125
6325,1210.833333,10.532875,2,0,0.020292,10.553167
6326,1210.866667,11.458541,2,0,0.016334,11.474875
6327,1210.900000,10.853542,2,0,0.036875,10.890417
6328,1210.933333,10.950291,2,0,0.024542,10.974833
6329,1210.966667,11.415333,2,0,0.018208,11.433541
6330,1211.000000,10.260125,2,0,0.026667,10.286792
6331,1211.033333,10.274750,2,0,0.011416,10.286166
6332,1211.066667,10.426042,2,0,0.013958,10.440000
6333,1211.100000,11.047083,2,0,0.025834,11.072917
6334,1211.133333,10.583541,2,0,0.016167,10.599708
6335,1211.166667,10.786584,2,0,0.032875,10.819459
6336,1211.200000,11.440833,2,0,0.011584,11.452417
6337,1211.233333,10.693375,2,0,0.009333,10.702708
6338,1211.266667,11.115667,2,0,0.039583,11.155250
6339,1211.300000,11.085500,2,0,0.014875,11.100375
6340,1211.333333,11.079500,2,0,0.020334,11.099834
6341,1211.366667,11.496250,2,0,0.012292,11.508542
6342,1211.400000,11.870417,2,0,0.014166,11.884583
6343,1211.433333,10.486958,2,0,0.007834,10.494792
6344,1211.466667,10.889750,2,0,0.021542,10.911292
6345,1211.500000,10.898750,2,0,0.021916,10.920666
6346,1211.533333,11.207500,2,0,0.024125,11.231625
6347,1211.566667,9.844542,2,0,0.010250,9.854792
6348,1211.600000,10.082041,2,0,0.027459,10.109500
6349,1211.633333,10.407333,2,0,0.014833,10.422166
6350,1211.666667,10.822208,2,0,0.025334,10.847542
6351,1211.700000,10.017208,2,0,0.035709,10.052917
6352,1211.733333,10.402750,2,0,0.021417,10.424167
6353,1211.766667,10.290792,2,0,0.012208,10.303000
6354,1211.800000,10.906333,2,0,0.035459,10.941792
6355,1211.833333,10.707291,2,0,0.018084,10.725375
6356,1211.866667,10.533625,2,0,0.024041,10.557666
6357,1211.900000,10.456542,2,0,0.011000,10.467542
6358,1211.933333,10.745125,2,0,0.020125,10.765250
6359,1211.966667,11.313458,2,0,0.028042,11.341500
6360,1212.000000,10.700500,2,0,0.019250,10.719750
6361,1212.033333,10.893792,2,0,0.031083,10.924875
6362,1212.066667,10.786083,2,0,0.018792,10.804875
6363,1212.100000,10.588000,2,0,0.027459,10.615459
6364,1212.133333,12.009708,2,0,0.021625,12.031333
6365,1212.166667,10.492792,2,0,0.030166,10.522958
6366,1212.200000,10.688959,2,0,0.023958,10.712917
6367,1212.233333,10.320583,2,0,0.018792,10.339375
6368,1212.266667,10.790458,2,0,0.025583,10.816041
6369,1212.300000,10.030125,2,0,0.029041,10.059166
6370,1212.333333,10.655292,2,0,0.052916,10.708208
6371,1212.366667,10.658292,2,0,0.033458,10.691750
6372,1212.400000,10.744208,2,0,0.014708,10.758916
6373,1212.433333,10.600375,2,0,0.020625,10.621000
6374,1212.466667,10.210792,2,0,0.040875,10.251667
6375,1212.500000,9.905666,2,0,0.015584,9.921250
6376,1212.533333,10.353500,2,0,0.012791,10.366291
6377,1212.566667,10.651625,2,0,0.016667,10.668292
6378,1212.600000,10.540291,2,0,0.013792,10.554083
6379,1212.633333,10.579041,2,0,0.015417,10.594458
6380,1212.666667,10.854250,2,0,0.024584,10.878834
6381,1212.700000,10.548792,2,0,0.015625,10.564417
6382,1212.733333,10.154250,2,0,0.025958,10.180208
6383,1212.766667,10.791042,2,0,0.018792,10.809834
6384,1212.800000,10.888166,2,0,0.033417,10.921583
6385,1212.833333,10.551041,2,0,0.018500,10.569541
6386,1212.866667,10.700125,2,0,0.029083,10.729208
6387,1212.900000,10.981750,2,0,0.022166,11.003916
6388,1212.933333,11.096959,2,0,0.013958,11.110917
6389,1212.966667,10.665625,2,0,0.018542,10.684167
6390,1213.000000,10.882416,2,0,0.032417,10.914833
6391,1213.033333,10.337375,2,0,0.012500,10.349875
6392,1213.066667,10.244750,2,0,0.014833,10.259583
6393,1213.100000,10.203958,2,0,0.021625,10.225583
6394,1213.133333,9.964334,2,0,0.031041,9.995375
6395,1213.166667,10.532167,2,0,0.026125,10.558292
6396,1213.200000,10.163125,2,0,0.023334,10.186459
6397,1213.233333,10.424542,2,0,0.025250,10.449792
6398,1213.266667,10.882333,2,0,0.020083,10.902416
6399,1213.300000,10.768375,2,0,0.021083,10.789458
6400,1213.333333,10.266166,2,0,0.020667,10.286833
6401,1213.366667,10.646417,2,0,0.021167,10.667584
6402,1213.400000,10.545958,2,0,0.023417,10.569375
6403,1213.433333,10.412791,2,0,0.020959,10.433750
6404,1213.466667,10.547416,2,0,0.012042,10.559458
6405,1213.500000,10.060750,2,0,0.018250,10.079000
6406,1213.533333,10.125708,2,0,0.018667,10.144375
6407,1213.566667,10.705833,2,0,0.023833,10.729666
6408,1213.600000,10.335875,2,0,0.028083,10.363958
6409,1213.633333,11.168250,2,0,0.027333,11.195583
6410,1213.666667,10.705125,2,0,0.027250,10.732375
6411,1213.700000,11.019250,2,0,0.021750,11.041000
6412,1213.733333,10.757083,2,0,0.014667,10.771750
6413,1213.766667,10.964333,2,0,0.043750,11.008083
6414,1213.800000,10.739375,2,0,0.010000,10.749375
6415,1213.833333,10.497750,2,0,0.017500,10.515250
6416,1213.866667,10.873167,2,0,0.021541,10.894708
6417,1213.900000,10.114625,2,0,0.029792,10.144417
6418,1213.933333,10.357042,2,0,0.024708,10.381750
6419,1213.966667,9.774167,2,0,0.016416,9.790583
6420,1214.000000,10.692208,2,0,0.014625,10.706833
6421,1214.033333,10.274833,2,0,0.042458,10.317291
6422,1214.066667,10.080708,2,0,0.012792,10.093500
6423,1214.100000,10.506208,2,0,0.050667,10.556875
6424,1214.133333,10.487166,2,0,0.010584,10.497750
6425,1214.166667,10.245083,2,0,0.038250,10.283333
6426,1214.200000,10.250667,2,0,0.019291,10.269958
6427,1214.233333,10.128000,2,0,0.024000,10.152000
6428,1214.266667,10.606250,2,0,0.019625,10.625875
6429,1214.300000,10.542208,2,0,0.028667,10.570875
6430,1214.333333,10.665125,2,0,0.017084,10.682209
6431,1214.366667,10.766833,2,0,0.022250,10.789083
6432,1214.400000,10.550750,2,0,0.016125,10.566875
6433,1214.433333,10.414375,2,0,0.018916,10.433291
6434,1214.466667,10.658916,2,0,0.033792,10.692708
6435,1214.500000,9.926667,2,0,0.019291,9.945958
6436,1214.533333,10.255834,2,0,0.013291,10.269125
6437,1214.566667,10.826709,2,0,0.011666,10.838375
6438,1214.600000,9.405167,2,0,0.010917,9.416084
6439,1214.633333,9.497750,2,0,0.025750,9.523500
6440,1214.666667,10.241084,2,0,0.026208,10.267292
6441,1214.700000,10.636917,2,0,0.033417,10.670334
6442,1214.733333,10.250292,2,0,0.019583,10.269875
6443,1214.766667,10.991917,2,0,0.029083,11.021000
6444,1214.800000,10.562292,2,0,0.025166,10.587458
6445,1214.833333,10.229292,2,0,0.029333,10.258625
6446,1214.866667,10.551791,2,0,0.029084,10.580875
6447,1214.900000,10.410959,2,0,0.021916,10.432875
6448,1214.933333,11.010500,2,0,0.017167,11.027667
6449,1214.966667,9.762458,2,0,0.027875,9.790333
6450,1215.000000,9.732542,2,0,0.015292,9.747834
6451,1215.033333,9.619166,2,0,0.020875,9.640041
6452,1215.066667,11.623291,2,0,0.015542,11.638833
6453,1215.100000,10.380500,2,0,0.019208,10.399708
6454,1215.133333,10.156250,2,0,0.033000,10.189250
6455,1215.166667,9.790417,2,0,0.017333,9.807750
6456,1215.200000,10.213875,2,0,0.021958,10.235833
6457,1215.233333,10.118708,2,0,0.039500,10.158208
6458,1215.266667,10.264375,2,0,0.010834,10.275209
6459,1215.300000,10.912500,2,0,0.024792,10.937292
6460,1215.333333,10.821125,2,0,0.012917,10.834042
6461,1215.366667,10.014791,2,0,0.019167,10.033958
6462,1215.400000,9.997833,2,0,0.017875,10.015708
6463,1215.433333,10.070292,2,0,0.048041,10.118333
6464,1215.466667,8.777208,2,0,0.035042,8.812250
6465,1215.500000,9.518458,2,0,0.036334,9.554792
6466,1215.533333,9.869125,2,0,0.019500,9.888625
6467,1215.566667,10.086583,2,0,0.033959,10.120542
6468,1215.600000,10.685041,2,0,0.010917,10.695958
6469,1215.633333,10.748625,2,0,0.024959,10.773584
6470,1215.666667,10.130709,2,0,0.023000,10.153709
6471,1215.700000,9.951000,2,0,0.016083,9.967083
6472,1215.733333,9.794458,2,0,0.024375,9.818833
6473,1215.766667,10.811500,2,0,0.013333,10.824833
6474,1215.800000,10.276875,2,0,0.022250,10.299125
6475,1215.833333,10.645208,2,0,0.009708,10.654916
6476,1215.866667,10.161209,2,0,0.022541,10.183750
6477,1215.900000,9.888916,2,0,0.019209,9.908125
6478,1215.933333,10.345792,2,0,0.019167,10.364959
6479,1215.966667,10.772834,2,0,0.023666,10.796500
6480,1216.000000,10.507750,2,0,0.021542,10.529292
6481,1216.033333,10.507042,2,0,0.040708,10.547750
6482,1216.066667,10.101167,2,0,0.013250,10.114417
6483,1216.100000,9.692334,2,0,0.019458,9.711792
6484,1216.133333,9.574958,2,0,0.012792,9.587750
6485,1216.166667,9.973916,2,0,0.011667,9.985583
6486,1216.200000,9.522000,2,0,0.013666,9.535666
6487,1216.233333,10.032084,2,0,0.013625,10.045709
6488,1216.266667,10.643584,2,0,0.010208,10.653792
6489,1216.300000,10.229750,2,0,0.029625,10.259375
6490,1216.333333,9.858834,2,0,0.014875,9.873709
6491,1216.366667,9.903000,2,0,0.011125,9.914125
6492,1216.400000,10.296625,2,0,0.027916,10.324541
6493,1216.433333,10.807417,2,0,0.029208,10.836625
6494,1216.466667,10.493750,2,0,0.016500,10.510250
6495,1216.500000,10.175542,2,0,0.031875,10.207417
6496,1216.533333,10.263208,2,0,0.015667,10.278875
6497,1216.566667,10.190042,2,0,0.035125,10.225167
6498,1216.600000,9.873500,2,0,0.021375,9.894875
6499,1216.633333,9.646000,2,0,0.015500,9.661500
6500,1216.666667,10.033083,2,0,0.024333,10.057416
6501,1216.700000,10.188625,2,0,0.025791,10.214416
6502,1216.733333,10.553959,2,0,0.020375,10.574334
6503,1216.766667,10.376166,2,0,0.015834,10.392000
6504,1216.800000,9.857958,2,0,0.013125,9.871083
6505,1216.833333,10.244708,2,0,0.028458,10.273166
6506,1216.866667,10.130667,2,0,0.034666,10.165333
6507,1216.900000,9.667125,2,0,0.019583,9.686708
6508,1216.933333,9.710042,2,0,0.042083,9.752125
6509,1216.966667,10.007375,2,0,0.034125,10.041500
6510,1217.000000,10.197667,2,0,0.015417,10.213084
6511,1217.033333,10.350084,2,0,0.015958,10.366042
6512,1217.066667,10.204166,2,0,0.027000,10.231166
6513,1217.100000,9.862917,2,0,0.015292,9.878209
6514,1217.133333,10.028708,2,0,0.023125,10.051833
6515,1217.166667,11.363875,2,0,0.015541,11.379416
6516,1217.200000,9.520875,2,0,0.026375,9.547250
6517,1217.233333,9.845208,2,0,0.036875,9.882083
6518,1217.266667,10.342333,2,0,0.022667,10.365000
6519,1217.300000,9.540834,2,0,0.013125,9.553959
6520,1217.333333,9.519000,2,0,0.020250,9.539250
6521,1217.366667,9.849666,2,0,0.024834,9.874500
6522,1217.400000,9.771208,2,0,0.021167,9.792375
6523,1217.433333,10.085166,2,0,0.012417,10.097583
6524,1217.466667,9.905417,2,0,0.015250,9.920667
6525,1217.500000,9.764083,2,0,0.057708,9.821791
6526,1217.533333,9.537833,2,0,0.039042,9.576875
6527,1217.566667,9.876542,2,0,0.011667,9.888209
6528,1217.600000,9.630333,2,0,0.012250,9.642583
6529,1217.633333,8.829334,2,0,0.009166,8.838500
6530,1217.666667,8.869292,2,0,0.040083,8.909375
6531,1217.700000,9.262917,2,0,0.016833,9.279750
6532,1217.733333,9.916417,2,0,0.035750,9.952167
6533,1217.766667,9.216792,2,0,0.020875,9.237667
6534,1217.800000,9.736167,2,0,0.052166,9.788333
6535,1217.833333,9.720959,2,0,0.018916,9.739875
6536,1217.866667,9.898666,2,0,0.054250,9.952916
6537,1217.900000,9.715125,2,0,0.032041,9.747166
6538,1217.933333,9.565083,2,0,0.013959,9.579042
6539,1217.966667,9.642709,2,0,0.016250,9.658959
6540,1218.000000,9.480375,2,0,0.015916,9.496291
6541,1218.033333,10.284958,2,0,0.030292,10.315250
6542,1218.066667,10.154500,2,0,0.022208,10.176708
6543,1218.100000,9.742458,2,0,0.017084,9.759542
6544,1218.133333,9.734375,2,0,0.011083,9.745458
6545,1218.166667,10.158458,2,0,0.016000,10.174458
6546,1218.200000,9.694541,2,0,0.021334,9.715875
6547,1218.233333,8.923167,2,0,0.017167,8.940334
6548,1218.266667,10.068042,2,0,0.040625,10.108667
6549,1218.300000,9.372542,2,0,0.011625,9.384167
6550,1218.333333,9.886542,2,0,0.012167,9.898709
6551,1218.366667,9.107833,2,0,0.012334,9.120167
6552,1218.400000,9.108417,2,0,0.009833,9.118250
6553,1218.433333,10.494166,2,0,0.021250,10.515416
6554,1218.466667,9.167250,2,0,0.014208,9.181458
6555,1218.500000,8.220209,2,0,0.012541,8.232750
6556,1218.533333,9.017084,2,0,0.012083,9.029167
6557,1218.566667,9.182291,2,0,0.023667,9.205958
6558,1218.600000,9.839500,2,0,0.015417,9.854917
6559,1218.633333,9.972708,2,0,0.012542,9.985250
6560,1218.666667,10.746042,2,0,0.037042,10.783084
6561,1218.700000,10.830584,2,0,0.021208,10.851792
6562,1218.733333,10.623542,2,0,0.028375,10.651917
6563,1218.766667,10.172708,2,0,0.019750,10.192458
6564,1218.800000,10.947500,2,0,0.052041,10.999541
6565,1218.833333,10.929292,2,0,0.038583,10.967875
6566,1218.866667,10.435167,2,0,0.020500,10.455667
6567,1218.900000,10.692458,2,0,0.023500,10.715958
6568,1218.933333,11.057000,2,0,0.022041,11.079041
6569,1218.966667,10.631584,2,0,0.026750,10.658334
6570,1219.000000,11.083375,2,0,0.023208,11.106583
6571,1219.033333,9.869417,2,0,0.010250,9.879667
6572,1219.066667,10.171333,2,0,0.024583,10.195916
6573,1219.100000,10.757750,2,0,0.025875,10.783625
6574,1219.133333,10.932959,2,0,0.022041,10.955000
6575,1219.166667,10.960417,2,0,0.026833,10.987250
6576,1219.200000,9.690292,2,0,0.011583,9.701875
6577,1219.233333,10.265000,2,0,0.028959,10.293959
6578,1219.266667,10.664917,2,0,0.024333,10.689250
6579,1219.300000,10.566791,2,0,0.010167,10.576958
6580,1219.333333,9.936792,2,0,0.013250,9.950042
6581,1219.366667,10.186125,2,0,0.022083,10.208208
6582,1219.400000,10.573500,2,0,0.023375,10.596875
6583,1219.433333,10.701875,2,0,0.021667,10.723542
6584,1219.466667,9.889000,2,0,0.009500,9.898500
6585,1219.500000,10.093625,2,0,0.011292,10.104917
6586,1219.533333,10.370041,2,0,0.011375,10.381416
6587,1219.566667,10.362750,2,0,0.025291,10.388041
6588,1219.600000,11.134834,2,0,0.012708,11.147542
6589,1219.633333,10.279500,2,0,0.018208,10.297708
6590,1219.666667,9.926375,2,0,0.011459,9.937834
6591,1219.700000,10.556541,2,0,0.011292,10.567833
6592,1219.733333,10.109208,2,0,0.030750,10.139958
6593,1219.766667,10.629000,2,0,0.007209,10.636209
6594,1219.800000,10.071917,2,0,0.016958,10.088875
6595,1219.833333,10.529583,2,0,0.030167,10.559750
6596,1219.866667,10.297125,2,0,0.020625,10.317750
6597,1219.900000,10.617917,2,0,0.040375,10.658292
6598,1219.933333,10.424083,2,0,0.032625,10.456708
6599,1219.966667,10.985125,2,0,0.039875,11.025000
6600,1220.000000,10.413500,2,0,0.010208,10.423708
6601,1220.033333,10.130292,2,0,0.015375,10.145667
6602,1220.066667,10.286500,2,0,0.060792,10.347292
6603,1220.100000,10.456417,2,0,0.027792,10.484209
6604,1220.133333,10.549542,2,0,0.013625,10.563167
6605,1220.166667,10.288708,2,0,0.010292,10.299000
6606,1220.200000,10.104042,2,0,0.027167,10.131209
6607,1220.233333,10.024959,2,0,0.032250,10.057209
6608,1220.266667,11.047958,2,0,0.021042,11.069000
6609,1220.300000,10.721000,2,0,0.021334,10.742334
6610,1220.333333,10.286209,2,0,0.014583,10.300792
6611,1220.366667,10.148458,2,0,0.015958,10.164416
6612,1220.400000,10.933625,2,0,0.018250,10.951875
6613,1220.433333,9.396417,2,0,0.013667,9.410084
6614,1220.466667,9.368083,2,0,0.039625,9.407708
6615,1220.500000,9.993250,2,0,0.021500,10.014750
6616,1220.533333,9.884667,2,0,0.020250,9.904917
6617,1220.566667,10.356709,2,0,0.030041,10.386750
6618,1220.600000,10.095333,2,0,0.010500,10.105833
6619,1220.633333,10.219375,2,0,0.023167,10.242542
6620,1220.666667,9.344375,2,0,0.013875,9.358250
6621,1220.700000,9.393208,2,0,0.024542,9.417750
6622,1220.733333,9.546208,2,0,0.018875,9.565083
6623,1220.766667,10.169083,2,0,0.029833,10.198916
6624,1220.800000,10.888167,2,0,0.017750,10.905917
6625,1220.833333,10.632333,2,0,0.039167,10.671500
6626,1220.866667,10.708167,2,0,0.030958,10.739125
6627,1220.900000,10.622250,2,0,0.024250,10.646500
6628,1220.933333,10.433916,2,0,0.027250,10.461166
6629,1220.966667,11.035083,2,0,0.022959,11.058042
6630,1221.000000,10.781291,2,0,0.020375,10.801666
6631,1221.033333,10.991875,2,0,0.018000,11.009875
6632,1221.066667,10.436709,2,0,0.036791,10.473500
6633,1221.100000,10.688417,2,0,0.015042,10.703459
6634,1221.133333,10.305042,2,0,0.020375,10.325417
6635,1221.166667,9.852917,2,0,0.018333,9.871250
6636,1221.200000,10.233208,2,0,0.037375,10.270583
6637,1221.233333,10.547708,2,0,0.023958,10.571666
6638,1221.266667,10.569583,2,0,0.035375,10.604958
6639,1221.300000,10.253375,2,0,0.013000,10.266375
6640,1221.333333,11.172708,2,0,0.031667,11.204375
6641,1221.366667,10.739375,2,0,0.009708,10.749083
6642,1221.400000,10.785750,2,0,0.026375,10.812125
6643,1221.433333,10.883750,2,0,0.035583,10.919333
6644,1221.466667,10.831666,2,0,0.021792,10.853458
6645,1221.500000,11.162875,2,0,0.027125,11.190000
6646,1221.533333,10.623875,2,0,0.018208,10.642083
6647,1221.566667,10.066333,2,0,0.020542,10.086875
6648,1221.600000,11.153667,2,0,0.011625,11.165292
6649,1221.633333,10.139292,2,0,0.020167,10.159459
6650,1221.666667,11.015833,2,0,0.034459,11.050292
6651,1221.700000,10.995458,2,0,0.028625,11.024083
6652,1221.733333,10.277625,2,0,0.021584,10.299209
6653,1221.766667,10.641084,2,0,0.021083,10.662167
6654,1221.800000,10.812208,2,0,0.022083,10.834291
6655,1221.833333,11.017625,2,0,0.012250,11.029875
6656,1221.866667,10.605125,2,0,0.017834,10.622959
6657,1221.900000,11.885417,2,0,0.025167,11.910584
6658,1221.933333,11.062959,2,0,0.014625,11.077584
6659,1221.966667,11.024833,2,0,0.023084,11.047917
6660,1222.000000,11.164542,2,0,0.010208,11.174750
6661,1222.033333,11.131958,2,0,0.024959,11.156917
6662,1222.066667,10.775583,2,0,0.021125,10.796708
6663,1222.100000,10.929125,2,0,0.013500,10.942625
6664,1222.133333,10.622208,2,0,0.031250,10.653458
6665,1222.166667,9.965625,2,0,0.013416,9.979041
6666,1222.200000,10.973209,2,0,0.026416,10.999625
6667,1222.233333,10.260459,2,0,0.023750,10.284209
6668,1222.266667,10.190875,2,0,0.014917,10.205792
6669,1222.300000,10.772458,2,0,0.046584,10.819042
6670,1222.333333,11.091458,2,0,0.017458,11.108916
6671,1222.366667,10.851417,2,0,0.018750,10.870167
6672,1222.400000,10.170833,2,0,0.016959,10.187792
6673,1222.433333,10.388250,2,0,0.014667,10.402917
6674,1222.466667,10.744916,2,0,0.032834,10.777750
6675,1222.500000,10.716583,2,0,0.013334,10.729917
6676,1222.533333,11.725042,2,0,0.040291,11.765333
6677,1222.566667,11.665084,2,0,0.024458,11.689542
6678,1222.600000,10.607292,2,0,0.030000,10.637292
6679,1222.633333,11.405250,2,0,0.012542,11.417792
6680,1222.666667,11.274750,2,0,0.034917,11.309667
6681,1222.700000,11.277750,2,0,0.017625,11.295375
6682,1222.733333,11.545417,2,0,0.026292,11.571709
6683,1222.766667,10.831042,2,0,0.032041,10.863083
6684,1222.800000,10.134625,2,0,0.014625,10.149250
6685,1222.833333,11.038417,2,0,0.020041,11.058458
6686,1222.866667,11.304667,2,0,0.010917,11.315584
6687,1222.900000,10.438959,2,0,0.015458,10.454417
6688,1222.933333,10.729750,2,0,0.039792,10.769542
6689,1222.966667,10.626834,2,0,0.021166,10.648000
6690,1223.000000,10.951500,2,0,0.035875,10.987375
6691,1223.033333,11.292959,2,0,0.009916,11.302875
6692,1223.066667,11.523333,2,0,0.024875,11.548208
6693,1223.100000,11.045500,2,0,0.032916,11.078416
6694,1223.133333,11.043708,2,0,0.018584,11.062292
6695,1223.166667,11.029167,2,0,0.020667,11.049834
6696,1223.200000,11.264708,2,0,0.031208,11.295916
6697,1223.233333,10.506583,2,0,0.019334,10.525917
6698,1223.266667,9.892125,2,0,0.013125,9.905250
6699,1223.300000,10.803375,2,0,0.023250,10.826625
6700,1223.333333,10.765958,2,0,0.025500,10.791458
6701,1223.366667,11.555125,2,0,0.025792,11.580917
6702,1223.400000,10.535666,2,0,0.038334,10.574000
6703,1223.433333,11.126208,2,0,0.033417,11.159625
6704,1223.466667,10.882708,2,0,0.012542,10.895250
6705,1223.500000,11.045125,2,0,0.029583,11.074708
6706,1223.533333,11.062750,2,0,0.015209,11.077959
6707,1223.566667,10.398750,2,0,0.018083,10.416833
6708,1223.600000,10.911875,2,0,0.019916,10.931791
6709,1223.633333,10.589625,2,0,0.018167,10.607792
6710,1223.666667,10.830125,2,0,0.010250,10.840375
6711,1223.700000,9.592167,2,0,0.012083,9.604250
6712,1223.733333,9.615000,2,0,0.011042,9.626042
6713,1223.766667,10.727125,2,0,0.015542,10.742667
6714,1223.800000,10.552875,2,0,0.045917,10.598792
6715,1223.833333,10.527833,2,0,0.023500,10.551333
6716,1223.866667,11.501584,2,0,0.008166,11.509750
6717,1223.900000,11.104292,2,0,0.019791,11.124083
6718,1223.933333,11.541250,2,0,0.027542,11.568792
6719,1223.966667,10.627542,2,0,0.014208,10.641750
6720,1224.000000,11.533458,2,0,0.031667,11.565125
6721,1224.033333,10.891667,2,0,0.022916,10.914583
6722,1224.066667,10.485167,2,0,0.031583,10.516750
6723,1224.100000,10.209875,2,0,0.026875,10.236750
6724,1224.133333,10.858334,2,0,0.018500,10.876834
6725,1224.166667,10.855042,2,0,0.020750,10.875792
6726,1224.200000,10.421042,2,0,0.014125,10.435167
6727,1224.233333,10.877000,2,0,0.015875,10.892875
6728,1224.266667,10.471125,2,0,0.026958,10.498083
6729,1224.300000,10.708541,2,0,0.033917,10.742458
6730,1224.333333,11.919250,2,0,0.020250,11.939500
6731,1224.366667,10.662125,2,0,0.038417,10.700542
6732,1224.400000,10.612166,2,0,0.011917,10.624083
6733,1224.433333,10.824416,2,0,0.021375,10.845791
6734,1224.466667,11.132209,2,0,0.011250,11.143459
6735,1224.500000,10.464459,2,0,0.011541,10.476000
6736,1224.533333,11.092708,2,0,0.013500,11.106208
6737,1224.566667,10.810625,2,0,0.020250,10.830875
6738,1224.600000,10.949375,2,0,0.024208,10.973583
6739,1224.633333,11.249250,2,0,0.022791,11.272041
6740,1224.666667,10.926000,2,0,0.023917,10.949917
6741,1224.700000,10.669375,2,0,0.023417,10.692792
6742,1224.733333,10.949250,2,0,0.032000,10.981250
6743,1224.766667,10.695875,2,0,0.027542,10.723417
6744,1224.800000,10.819417,2,0,0.015916,10.835333
6745,1224.833333,10.947292,2,0,0.015625,10.962917
6746,1224.866667,11.023500,2,0,0.009291,11.032791
6747,1224.900000,10.387458,2,0,0.032584,10.420042
6748,1224.933333,10.733750,2,0,0.024333,10.758083
6749,1224.966667,10.820167,2,0,0.031541,10.851708
6750,1225.000000,11.396542,2,0,0.013083,11.409625
6751,1225.033333,11.042709,2,0,0.024250,11.066959
6752,1225.066667,10.441416,2,0,0.011375,10.452791
6753,1225.100000,10.762000,2,0,0.047250,10.809250
6754,1225.133333,10.995500,2,0,0.032458,11.027958
6755,1225.166667,9.671250,2,0,0.014792,9.686042
6756,1225.200000,9.663375,2,0,0.013041,9.676416
6757,1225.233333,10.081791,2,0,0.016542,10.098333
6758,1225.266667,12.228625,2,0,0.013916,12.242541
6759,1225.300000,9.882250,2,0,0.011291,9.893541
6760,1225.333333,9.493916,2,0,0.010625,9.504541
6761,1225.366667,9.334542,2,0,0.018750,9.353292
6762,1225.400000,10.094125,2,0,0.010917,10.105042
6763,1225.433333,10.754750,2,0,0.006500,10.761250
6764,1225.466667,9.703125,2,0,0.034709,9.737834
6765,1225.500000,10.384416,2,0,0.026625,10.411041
6766,1225.533333,11.023458,2,0,0.035625,11.059083
6767,1225.566667,10.498167,2,0,0.018250,10.516417
6768,1225.600000,11.102500,2,0,0.025375,11.127875
6769,1225.633333,11.193542,2,0,0.019083,11.212625
6770,1225.666667,11.715541,2,0,0.036125,11.751666
6771,1225.700000,11.711416,2,0,0.018792,11.730208
6772,1225.733333,11.111167,2,0,0.035417,11.146584
6773,1225.766667,11.413458,2,0,0.018500,11.431958
6774,1225.800000,10.979875,2,0,0.023917,11.003792
6775,1225.833333,11.390542,2,0,0.036000,11.426542
6776,1225.866667,11.188625,2,0,0.014042,11.202667
6777,1225.900000,10.924584,2,0,0.029541,10.954125
6778,1225.933333,11.623958,2,0,0.032292,11.656250
6779,1225.966667,10.962208,2,0,0.020375,10.982583
6780,1226.000000,11.554417,2,0,0.016000,11.570417
6781,1226.033333,11.533167,2,0,0.017917,11.551084
6782,1226.066667,10.979000,2,0,0.035000,11.014000
6783,1226.100000,10.943750,2,0,0.043083,10.986833
6784,1226.133333,10.738750,2,0,0.023208,10.761958
6785,1226.166667,10.906500,2,0,0.012500,10.919000
6786,1226.200000,11.001667,2,0,0.014875,11.016542
6787,1226.233333,11.114375,2,0,0.016459,11.130834
6788,1226.266667,10.770375,2,0,0.012750,10.783125
6789,1226.300000,10.977250,2,0,0.023500,11.000750
6790,1226.333333,10.796250,2,0,0.018459,10.814709
6791,1226.366667,11.415167,2,0,0.016917,11.432084
6792,1226.400000,10.809667,2,0,0.029750,10.839417
6793,1226.433333,10.698292,2,0,0.010125,10.708417
6794,1226.466667,11.438250,2,0,0.019291,11.457541
6795,1226.500000,10.780542,2,0,0.023208,10.803750
6796,1226.533333,10.589208,2,0,0.009375,10.598583
6797,1226.566667,10.836958,2,0,0.035875,10.872833
6798,1226.600000,10.923541,2,0,0.040292,10.963833
6799,1226.633333,10.751959,2,0,0.018416,10.770375
6800,1226.666667,11.173458,2,0,0.038000,11.211458
6801,1226.700000,10.449000,2,0,0.011500,10.460500
6802,1226.733333,10.288917,2,0,0.014250,10.303167
6803,1226.766667,10.504042,2,0,0.032791,10.536833
6804,1226.800000,11.154125,2,0,0.009708,11.163833
6805,1226.833333,10.856875,2,0,0.013708,10.870583
6806,1226.866667,9.714208,2,0,0.016542,9.730750
6807,1226.900000,9.240625,2,0,0.016083,9.256708
6808,1226.933333,12.136083,2,0,0.015917,12.152000
6809,1226.966667,9.451167,2,0,0.013375,9.464542
6810,1227.000000,9.343666,2,0,0.025625,9.369291
6811,1227.033333,10.278750,2,0,0.010000,10.288750
6812,1227.066667,10.162583,2,0,0.015333,10.177916
6813,1227.100000,10.655833,2,0,0.029708,10.685541
6814,1227.133333,10.463834,2,0,0.023458,10.487292
6815,1227.166667,10.878334,2,0,0.030291,10.908625
6816,1227.200000,10.910542,2,0,0.026333,10.936875
6817,1227.233333,11.551625,2,0,0.020875,11.572500
6818,1227.266667,10.288416,2,0,0.014834,10.303250
6819,1227.300000,12.089542,2,0,0.019917,12.109459
6820,1227.333333,11.147292,2,0,0.015958,11.163250
6821,1227.366667,10.114041,2,0,0.012209,10.126250
6822,1227.400000,10.539834,2,0,0.014333,10.554167
6823,1227.433333,9.836875,2,0,0.015417,9.852292
6824,1227.466667,9.032083,2,0,0.011917,9.044000
6825,1227.500000,9.548208,2,0,0.041167,9.589375
6826,1227.533333,9.454250,2,0,0.028208,9.482458
6827,1227.566667,10.089041,2,0,0.023334,10.112375
6828,1227.600000,9.905333,2,0,0.026167,9.931500
6829,1227.633333,10.410708,2,0,0.016209,10.426917
6830,1227.666667,10.649541,2,0,0.020292,10.669833
6831,1227.700000,11.497500,2,0,0.024667,11.522167
6832,1227.733333,10.413584,2,0,0.035375,10.448959
6833,1227.766667,11.120375,2,0,0.024042,11.144417
6834,1227.800000,10.928667,2,0,0.021333,10.950000
6835,1227.833333,11.968917,2,0,0.034791,12.003708
6836,1227.866667,10.949583,2,0,0.069958,11.019541
6837,1227.900000,10.484958,2,0,0.011750,10.496708
6838,1227.933333,11.064125,2,0,0.013375,11.077500
6839,1227.966667,11.047625,2,0,0.022500,11.070125
6840,1228.000000,11.760333,2,0,0.013875,11.774208
6841,1228.033333,10.738375,2,0,0.011750,10.750125
6842,1228.066667,9.022833,2,0,0.015084,9.037917
6843,1228.100000,9.619375,2,0,0.014583,9.633958
6844,1228.133333,8.650334,2,0,0.018583,8.668917
6845,1228.166667,8.983375,2,0,0.031125,9.014500
6846,1228.200000,8.792000,2,0,0.035791,8.827791
6847,1228.233333,9.332458,2,0,0.023625,9.356083
6848,1228.266667,10.060625,2,0,0.020084,10.080709
6849,1228.300000,10.502166,2,0,0.022209,10.524375
6850,1228.333333,11.231417,2,0,0.028291,11.259708
6851,1228.366667,10.664792,2,0,0.007250,10.672042
6852,1228.400000,10.662083,2,0,0.021125,10.683208
6853,1228.433333,11.468958,2,0,0.014625,11.483583
6854,1228.466667,9.877875,2,0,0.012833,9.890708
6855,1228.500000,9.573750,2,0,0.011250,9.585000
6856,1228.533333,9.817833,2,0,0.016875,9.834708
6857,1228.566667,9.489916,2,0,0.012459,9.502375
6858,1228.600000,8.521875,2,0,0.012666,8.534541
6859,1228.633333,8.980333,2,0,0.024709,9.005042
6860,1228.666667,8.997667,2,0,0.041000,9.038667
6861,1228.700000,10.156167,2,0,0.041083,10.197250
6862,1228.733333,10.471167,2,0,0.019333,10.490500
6863,1228.766667,10.943250,2,0,0.037041,10.980291
6864,1228.800000,10.355584,2,0,0.041333,10.396917
6865,1228.833333,11.698250,2,0,0.025708,11.723958
6866,1228.866667,11.356250,2,0,0.033458,11.389708
6867,1228.900000,12.059459,2,0,0.027250,12.086709
6868,1228.933333,9.966458,2,0,0.012667,9.979125
6869,1228.966667,9.656959,2,0,0.013041,9.670000
6870,1229.000000,9.139750,2,0,0.011667,9.151417
6871,1229.033333,9.630583,2,0,0.012584,9.643167
6872,1229.066667,8.768459,2,0,0.012291,8.780750
6873,1229.100000,8.946958,2,0,0.013792,8.960750
6874,1229.133333,9.579042,2,0,0.023125,9.602167
6875,1229.166667,9.790792,2,0,0.019750,9.810542
6876,1229.200000,10.456834,2,0,0.034291,10.491125
6877,1229.233333,10.147917,2,0,0.015083,10.163000
6878,1229.266667,11.291667,2,0,0.024125,11.315792
6879,1229.300000,11.485666,2,0,0.011750,11.497416
6880,1229.333333,9.213500,2,0,0.012459,9.225959
6881,1229.366667,10.224500,2,0,0.012583,10.237083
6882,1229.400000,10.018416,2,0,0.019750,10.038166
6883,1229.433333,10.103791,2,0,0.013709,10.117500
6884,1229.466667,9.152166,2,0,0.013875,9.166041
6885,1229.500000,9.355167,2,0,0.012833,9.368000
6886,1229.533333,10.058250,2,0,0.024042,10.082292
6887,1229.566667,9.867417,2,0,0.012792,9.880209
6888,1229.600000,9.804625,2,0,0.013459,9.818084
6889,1229.633333,9.882333,2,0,0.015375,9.897708
6890,1229.666667,8.811791,2,0,0.014000,8.825791
6891,1229.700000,9.561875,2,0,0.011458,9.573333
6892,1229.733333,9.588416,2,0,0.013209,9.601625
6893,1229.766667,9.422917,2,0,0.014875,9.437792
6894,1229.800000,10.006041,2,0,0.033917,10.039958
6895,1229.833333,9.347834,2,0,0.022666,9.370500
6896,1229.866667,10.675292,2,0,0.026500,10.701792
6897,1229.900000,11.508334,2,0,0.027958,11.536292
6898,1229.933333,10.891500,2,0,0.025584,10.917084
6899,1229.966667,12.049375,2,0,0.034958,12.084333
6900,1230.000000,11.214208,2,0,0.035667,11.249875
6901,1230.033333,11.387000,2,0,0.012292,11.399292
6902,1230.066667,10.080250,2,0,0.014541,10.094791
6903,1230.100000,9.402708,2,0,0.012334,9.415042
6904,1230.133333,10.014125,2,0,0.016125,10.030250
6905,1230.166667,9.996708,2,0,0.016334,10.013042
6906,1230.200000,9.896208,2,0,0.010125,9.906333
6907,1230.233333,8.993791,2,0,0.012334,9.006125
6908,1230.266667,9.283208,2,0,0.010750,9.293958
6909,1230.300000,9.717292,2,0,0.020666,9.737958
6910,1230.333333,10.105125,2,0,0.015916,10.121041
6911,1230.366667,10.559041,2,0,0.015334,10.574375
6912,1230.400000,10.686250,2,0,0.009667,10.695917
6913,1230.433333,10.055750,2,0,0.015209,10.070959
6914,1230.466667,9.961250,2,0,0.024291,9.985541
6915,1230.500000,11.053792,2,0,0.040833,11.094625
6916,1230.533333,10.252125,2,0,0.012500,10.264625
6917,1230.566667,10.323000,2,0,0.037417,10.360417
6918,1230.600000,11.130375,2,0,0.013334,11.143709
6919,1230.633333,10.895833,2,0,0.020292,10.916125
6920,1230.666667,11.380916,2,0,0.063834,11.444750
6921,1230.700000,10.671458,2,0,0.018208,10.689666
6922,1230.733333,9.656708,2,0,0.011792,9.668500
6923,1230.766667,9.919875,2,0,0.013833,9.933708
6924,1230.800000,10.940666,2,0,0.012750,10.953416
6925,1230.833333,10.116167,2,0,0.019208,10.135375
6926,1230.866667,9.477542,2,0,0.011667,9.489209
6927,1230.900000,9.476375,2,0,0.008833,9.485208
6928,1230.933333,9.999958,2,0,0.016875,10.016833
6929,1230.966667,10.875375,2,0,0.028500,10.903875
6930,1231.000000,11.303917,2,0,0.011500,11.315417
6931,1231.033333,10.970083,2,0,0.012000,10.982083
6932,1231.066667,11.586625,2,0,0.035375,11.622000
6933,1231.100000,11.392833,2,0,0.023625,11.416458
6934,1231.133333,10.851208,2,0,0.022417,10.873625
6935,1231.166667,11.459500,2,0,0.023458,11.482958
6936,1231.200000,11.355833,2,0,0.035292,11.391125
6937,1231.233333,11.928208,2,0,0.018250,11.946458
6938,1231.266667,10.009875,2,0,0.008458,10.018333
6939,1231.300000,10.144542,2,0,0.011875,10.156417
6940,1231.333333,10.079792,2,0,0.012417,10.092209
6941,1231.366667,9.652750,2,0,0.010542,9.663292
6942,1231.400000,9.651042,2,0,0.018000,9.669042
6943,1231.433333,14.373334,2,0,0.014416,14.387750
6944,1231.466667,10.018958,2,0,0.013500,10.032458
6945,1231.500000,9.924542,2,0,0.013291,9.937833
6946,1231.533333,10.421750,2,0,0.020875,10.442625
6947,1231.566667,10.378250,2,0,0.018917,10.397167
6948,1231.600000,11.202666,2,0,0.016000,11.218666
6949,1231.633333,10.359666,2,0,0.011875,10.371541
6950,1231.666667,9.296583,2,0,0.013667,9.310250
6951,1231.700000,10.094500,2,0,0.015250,10.109750
6952,1231.733333,9.822542,2,0,0.012125,9.834667
6953,1231.766667,9.654917,2,0,0.013958,9.668875
6954,1231.800000,10.249083,2,0,0.015709,10.264792
6955,1231.833333,10.097667,2,0,0.012042,10.109709
6956,1231.866667,9.183833,2,0,0.982833,10.166666
6957,1231.900000,9.629250,2,0,0.012375,9.641625
6958,1231.933333,9.946750,2,0,0.013667,9.960417
6959,1231.966667,10.679583,2,0,0.032333,10.711916
6960,1232.000000,11.045209,2,0,0.018333,11.063542
6961,1232.033333,9.825167,2,0,0.011708,9.836875
6962,1232.066667,10.142041,2,0,0.012000,10.154041
6963,1232.100000,10.237542,2,0,0.010041,10.247583
6964,1232.133333,9.173917,2,0,0.015166,9.189083
6965,1232.166667,9.892625,2,0,0.014750,9.907375
6966,1232.200000,9.859958,2,0,0.016709,9.876667
6967,1232.233333,10.260083,2,0,0.011500,10.271583
6968,1232.266667,9.244459,2,0,0.017291,9.261750
6969,1232.300000,10.519458,2,0,0.013250,10.532708
6970,1232.333333,9.293166,2,0,0.015209,9.308375
6971,1232.366667,9.763875,2,0,0.019458,9.783333
6972,1232.400000,9.489167,2,0,0.022375,9.511542
6973,1232.433333,10.237791,2,0,0.013250,10.251041
6974,1232.466667,11.790417,2,0,0.011458,11.801875
6975,1232.500000,11.629083,2,0,0.012000,11.641083
6976,1232.533333,11.244750,2,0,0.023792,11.268542
6977,1232.566667,11.128000,2,0,0.020959,11.148959
6978,1232.600000,11.886958,2,0,0.017333,11.904291
6979,1232.633333,11.680917,2,0,0.021500,11.702417
6980,1232.666667,11.310125,2,0,0.007791,11.317916
6981,1232.700000,11.969417,2,0,0.011458,11.980875
6982,1232.733333,11.689583,2,0,0.023209,11.712792
6983,1232.766667,12.030958,2,0,0.014125,12.045083
6984,1232.800000,10.761583,2,0,0.034417,10.796000
6985,1232.833333,11.410042,2,0,0.021041,11.431083
6986,1232.866667,11.460917,2,0,0.028375,11.489292
6987,1232.900000,11.259750,2,0,0.011125,11.270875
6988,1232.933333,11.816500,2,0,0.042958,11.859458
6989,1232.966667,10.503917,2,0,0.012708,10.516625
6990,1233.000000,9.531584,2,0,0.015750,9.547334
6991,1233.033333,9.928542,2,0,0.012333,9.940875
6992,1233.066667,10.038500,2,0,0.010916,10.049416
6993,1233.100000,10.462542,2,0,0.016958,10.479500
6994,1233.133333,9.583167,2,0,0.014458,9.597625
6995,1233.166667,11.472375,2,0,0.013250,11.485625
6996,1233.200000,10.469500,2,0,0.013417,10.482917
6997,1233.233333,9.483459,2,0,0.013250,9.496709
6998,1233.266667,9.656416,2,0,0.014084,9.670500
6999,1233.300000,10.116542,2,0,0.011791,10.128333
7000,1233.333333,9.831291,2,0,0.031917,9.863208
7001,1233.366667,10.776250,2,0,0.016500,10.792750
7002,1233.400000,10.769750,2,0,0.020542,10.790292
7003,1233.433333,11.125125,2,0,0.026167,11.151292
7004,1233.466667,11.643167,2,0,0.021667,11.664834
7005,1233.500000,11.354625,2,0,0.018416,11.373041
7006,1233.533333,11.435167,2,0,0.014875,11.450042
7007,1233.566667,11.562792,2,0,0.022708,11.585500
7008,1233.600000,12.077583,2,0,0.009667,12.087250
7009,1233.633333,11.870167,2,0,0.012333,11.882500
7010,1233.666667,11.750167,2,0,0.021250,11.771417
7011,1233.700000,11.668292,2,0,0.024125,11.692417
7012,1233.733333,11.339041,2,0,0.010250,11.349291
7013,1233.766667,12.009042,2,0,0.014958,12.024000
7014,1233.800000,11.579583,2,0,0.011417,11.591000
7015,1233.833333,11.977375,2,0,0.032000,12.009375
7016,1233.866667,11.401083,2,0,0.013334,11.414417
7017,1233.900000,11.925708,2,0,0.028875,11.954583
7018,1233.933333,11.909833,2,0,0.021250,11.931083
7019,1233.966667,11.129334,2,0,0.008250,11.137584
7020,1234.000000,11.568500,2,0,0.015750,11.584250
7021,1234.033333,11.885042,2,0,0.006000,11.891042
7022,1234.066667,11.795584,2,0,0.013166,11.808750
7023,1234.100000,11.795042,2,0,0.014583,11.809625
7024,1234.133333,11.973000,2,0,0.020042,11.993042
7025,1234.166667,11.632750,2,0,0.030958,11.663708
7026,1234.200000,12.052458,2,0,0.011167,12.063625
7027,1234.233333,12.036708,2,0,0.024583,12.061291
7028,1234.266667,12.182709,2,0,0.016916,12.199625
7029,1234.300000,11.778542,2,0,0.024500,11.803042
7030,1234.333333,11.820542,2,0,0.024833,11.845375
7031,1234.366667,11.642583,2,0,0.009625,11.652208
7032,1234.400000,11.343666,2,0,0.024709,11.368375
7033,1234.433333,12.081833,2,0,0.016042,12.097875
7034,1234.466667,12.508667,2,0,0.034416,12.543083
7035,1234.500000,11.436500,2,0,0.051750,11.488250
7036,1234.533333,11.784042,2,0,0.017916,11.801958
7037,1234.566667,11.011750,2,0,0.023667,11.035417
7038,1234.600000,12.015084,2,0,0.031791,12.046875
7039,1234.633333,11.850583,2,0,0.016917,11.867500
7040,1234.666667,11.792417,2,0,0.024750,11.817167
7041,1234.700000,12.175959,2,0,0.028916,12.204875
7042,1234.733333,12.494292,2,0,0.021291,12.515583
7043,1234.766667,11.916500,2,0,0.019458,11.935958
7044,1234.800000,11.450541,2,0,0.019000,11.469541
7045,1234.833333,12.066917,2,0,0.029375,12.096292
7046,1234.866667,12.066834,2,0,0.021791,12.088625
7047,1234.900000,12.106500,2,0,0.022709,12.129209
7048,1234.933333,12.100416,2,0,0.018917,12.119333
7049,1234.966667,11.727083,2,0,0.029084,11.756167
7050,1235.000000,11.921916,2,0,0.024667,11.946583
7051,1235.033333,11.864500,2,0,0.034541,11.899041
7052,1235.066667,11.731834,2,0,0.015291,11.747125
7053,1235.100000,11.719209,2,0,0.015083,11.734292
7054,1235.133333,12.028375,2,0,0.022833,12.051208
7055,1235.166667,12.018875,2,0,0.016959,12.035834
7056,1235.200000,11.573166,2,0,0.022292,11.595458
7057,1235.233333,12.023667,2,0,0.019333,12.043000
7058,1235.266667,12.511584,2,0,0.012250,12.523834
7059,1235.300000,13.153000,2,0,0.049541,13.202541
7060,1235.333333,11.685583,2,0,0.016625,11.702208
7061,1235.366667,12.037875,2,0,0.013042,12.050917
7062,1235.400000,11.605792,2,0,0.011125,11.616917
7063,1235.433333,11.848292,2,0,0.010125,11.858417
7064,1235.466667,10.476667,2,0,0.011583,10.488250
7065,1235.500000,12.021625,2,0,0.019167,12.040792
7066,1235.533333,10.942125,2,0,0.024208,10.966333
7067,1235.566667,11.656875,2,0,0.031958,11.688833
7068,1235.600000,12.111333,2,0,0.022459,12.133792
7069,1235.633333,12.142666,2,0,0.028084,12.170750
7070,1235.666667,11.745042,2,0,0.027125,11.772167
7071,1235.700000,11.917292,2,0,0.030791,11.948083
7072,1235.733333,11.617166,2,0,0.021625,11.638791
7073,1235.766667,12.014166,2,0,0.016667,12.030833
7074,1235.800000,12.041375,2,0,0.010250,12.051625
7075,1235.833333,11.251291,2,0,0.029375,11.280666
7076,1235.866667,11.176042,2,0,0.021833,11.197875
7077,1235.900000,11.217917,2,0,0.025042,11.242959
7078,1235.933333,11.861000,2,0,0.016958,11.877958
7079,1235.966667,11.901250,2,0,0.020708,11.921958
7080,1236.000000,11.642458,2,0,0.027834,11.670292
7081,1236.033333,11.482959,2,0,0.016375,11.499334
7082,1236.066667,12.492166,2,0,0.026917,12.519083
7083,1236.100000,11.964500,2,0,0.027792,11.992292
7084,1236.133333,13.723792,2,0,0.023250,13.747042
7085,1236.166667,11.592416,2,0,0.021792,11.614208
7086,1236.200000,11.535333,2,0,0.022417,11.557750
7087,1236.233333,12.123291,2,0,0.028709,12.152000
7088,1236.266667,11.537750,2,0,0.019542,11.557292
7089,1236.300000,11.975084,2,0,0.019208,11.994292
7090,1236.333333,11.654625,2,0,0.028667,11.683292
7091,1236.366667,11.719083,2,0,0.027750,11.746833
7092,1236.400000,11.516167,2,0,0.010291,11.526458
7093,1236.433333,12.361958,2,0,0.031959,12.393917
7094,1236.466667,11.524125,2,0,0.015083,11.539208
7095,1236.500000,11.964500,2,0,0.019625,11.984125
7096,1236.533333,11.443333,2,0,0.019542,11.462875
7097,1236.566667,11.530250,2,0,0.021000,11.551250
7098,1236.600000,11.681125,2,0,0.015333,11.696458
7099,1236.633333,12.219166,2,0,0.012292,12.231458
7100,1236.666667,12.671000,2,0,0.031709,12.702709
7101,1236.700000,12.671625,2,0,0.028583,12.700208
7102,1236.733333,12.075542,2,0,0.028875,12.104417
7103,1236.766667,11.190291,2,0,0.022959,11.213250
7104,1236.800000,11.961042,2,0,0.023500,11.984542
7105,1236.833333,12.543084,2,0,0.011250,12.554334
7106,1236.866667,11.302417,2,0,0.021875,11.324292
7107,1236.900000,12.472959,2,0,0.025666,12.498625
7108,1236.933333,12.271709,2,0,0.015333,12.287042
7109,1236.966667,12.156875,2,0,0.020208,12.177083
7110,1237.000000,12.072667,2,0,0.024250,12.096917
7111,1237.033333,12.037209,2,0,0.022291,12.059500
7112,1237.066667,11.952834,2,0,0.013875,11.966709
7113,1237.100000,12.467667,2,0,0.036500,12.504167
7114,1237.133333,11.570958,2,0,0.023917,11.594875
7115,1237.166667,12.830791,2,0,0.023375,12.854166
7116,1237.200000,11.232292,2,0,0.010917,11.243209
7117,1237.233333,12.354208,2,0,0.029750,12.383958
7118,1237.266667,12.380875,2,0,0.021167,12.402042
7119,1237.300000,12.154625,2,0,0.017292,12.171917
7120,1237.333333,12.223041,2,0,0.011750,12.234791
7121,1237.366667,11.613083,2,0,0.011834,11.624917
7122,1237.400000,11.104916,2,0,0.021625,11.126541
7123,1237.433333,12.467500,2,0,0.013708,12.481208
7124,1237.466667,11.927334,2,0,0.014458,11.941792
7125,1237.500000,11.555208,2,0,0.021459,11.576667
7126,1237.533333,11.910875,2,0,0.013084,11.923959
7127,1237.566667,11.793542,2,0,0.011917,11.805459
7128,1237.600000,12.194084,2,0,0.018916,12.213000
7129,1237.633333,11.708750,2,0,0.020375,11.729125
7130,1237.666667,12.153916,2,0,0.022875,12.176791
7131,1237.700000,11.884625,2,0,0.023292,11.907917
7132,1237.733333,12.085625,2,0,0.030625,12.116250
7133,1237.766667,11.421375,2,0,0.021416,11.442791
7134,1237.800000,11.836791,2,0,0.016417,11.853208
7135,1237.833333,12.198250,2,0,0.010625,12.208875
7136,1237.866667,13.372334,2,0,0.014166,13.386500
7137,1237.900000,11.450541,2,0,0.013459,11.464000
7138,1237.933333,11.670750,2,0,0.017042,11.687792
7139,1237.966667,12.569875,2,0,0.026375,12.596250
7140,1238.000000,11.180500,2,0,0.011375,11.191875
7141,1238.033333,12.003750,2,0,0.021709,12.025459
7142,1238.066667,11.885250,2,0,0.009166,11.894416
7143,1238.100000,11.419792,2,0,0.029208,11.449000
7144,1238.133333,11.400167,2,0,0.017250,11.417417
