1788249578.220965385 0.000000 0.000000 0.000000 -0.000000 -0.000000 -0.000000 1.000000
1788249578.254307270 -0.000266 0.000099 0.000012 0.000000 0.000022 -0.000011 1.000000
1788249578.287649393 0.000187 0.000074 0.000204 0.000015 -0.000023 -0.000012 1.000000
1788249578.320991278 -0.000216 0.000101 -0.000090 0.000014 0.000021 -0.000033 1.000000
1788249578.354332924 0.000006 0.000241 0.000068 0.000007 0.000013 -0.000005 1.000000
1788249578.387675285 0.000296 0.000308 0.000333 0.000012 -0.000021 0.000004 1.000000
1788249578.421016932 0.000212 0.000053 0.000345 -0.000030 -0.000016 0.000002 1.000000
1788249578.454358816 -0.000102 -0.000029 0.000006 -0.000024 -0.000011 0.000015 1.000000
1788249578.487700939 0.000066 0.000309 0.000066 0.000036 -0.000002 -0.000033 1.000000
1788249578.521042347 0.000151 0.000075 -0.000032 -0.000020 -0.000033 -0.000005 1.000000
1788249578.554384708 0.000098 -0.000271 0.000098 -0.000062 0.000016 0.000032 1.000000
1788249578.587727308 -0.000173 0.000243 -0.000208 0.000021 0.000003 -0.000025 1.000000
1788249578.621069670 -0.000166 -0.000021 -0.000294 -0.000018 0.000000 -0.000012 1.000000
1788249578.654411793 0.000436 -0.000063 0.000677 -0.000036 -0.000039 0.000028 1.000000
1788249578.687754631 0.000236 0.000251 0.000204 -0.000009 -0.000004 0.000006 1.000000
1788249578.721096754 -0.000284 0.000098 0.000013 -0.000008 0.000023 -0.000032 1.000000
1788249578.754439354 0.000262 0.000091 -0.000076 -0.000021 -0.000027 -0.000020 1.000000
1788249578.787781477 0.000136 0.000277 0.000473 -0.000008 -0.000003 -0.000016 1.000000
1788249578.821123838 0.000194 -0.000095 0.000576 -0.000055 -0.000012 0.000012 1.000000
1788249578.854466438 -0.000405 0.000313 -0.000231 -0.000002 0.000052 -0.000022 1.000000
1788249578.887808561 0.000168 -0.000251 0.000157 -0.000060 -0.000027 0.000024 1.000000
1788249578.921151161 -0.000157 -0.000021 -0.000241 0.000000 0.000002 -0.000019 1.000000
1788249578.954493284 -0.000036 -0.000228 -0.000251 -0.000060 -0.000007 0.000016 1.000000
1788249578.987834454 -0.000084 0.000198 0.000118 0.000004 0.000014 0.000015 1.000000
1788249579.021177053 -0.000333 0.000114 -0.000178 0.000019 0.000022 -0.000035 1.000000
1788249579.054519176 0.000025 0.000085 0.000100 0.000025 -0.000001 -0.000013 1.000000
1788249579.087861300 -0.000502 -0.000017 -0.000374 -0.000011 0.000047 -0.000020 1.000000
1788249579.121203899 0.000633 0.000335 0.000729 0.000012 -0.000034 -0.000004 1.000000
1788249579.154546022 0.000078 -0.000218 0.000088 -0.000063 -0.000001 -0.000001 1.000000
1788249579.187888145 0.000179 0.000401 0.000214 0.000012 -0.000021 -0.000069 1.000000
1788249579.221230745 -0.000241 0.000122 -0.000271 0.000008 0.000032 0.000001 1.000000
1788249579.254572868 0.000251 0.000148 0.000134 -0.000012 -0.000033 -0.000018 1.000000
1788249579.287914753 0.000291 0.000214 0.000275 -0.000001 -0.000007 0.000019 1.000000
1788249579.321257114 0.000391 0.000077 0.000402 -0.000005 -0.000027 -0.000022 1.000000
1788249579.354599476 0.000413 0.000266 0.000600 -0.000018 -0.000024 -0.000037 1.000000
1788249579.387941599 0.000497 0.000112 0.000584 -0.000023 -0.000044 0.000020 1.000000
1788249579.421283007 -0.000020 0.000125 0.000180 -0.000001 0.000036 -0.000022 1.000000
1788249579.454624891 0.000316 -0.000088 0.000134 -0.000042 -0.000023 0.000006 1.000000
1788249579.487967014 0.000340 0.000210 0.000506 -0.000010 0.000005 0.000008 1.000000
1788249579.521301031 0.000028 0.000121 0.000200 -0.000028 0.000005 -0.000048 1.000000
1788249579.554635048 0.000084 0.000104 0.000214 -0.000007 -0.000019 0.000043 1.000000
1788249579.587969065 0.000168 0.000178 0.000229 -0.000022 -0.000033 -0.000043 1.000000
1788249579.621302843 0.000047 0.000224 0.000192 0.000021 0.000006 -0.000014 1.000000
1788249579.654636860 -0.000221 0.000439 0.000073 0.000032 0.000008 -0.000038 1.000000
1788249579.687970400 0.000044 -0.000157 -0.000051 -0.000013 -0.000000 0.000037 1.000000
1788249579.721304178 0.000544 0.000460 0.000771 0.000030 -0.000045 0.000023 1.000000
1788249579.754637718 0.000487 -0.000005 0.000276 -0.000024 -0.000052 0.000044 1.000000
1788249579.787971258 -0.000068 0.000350 -0.000266 0.000041 -0.000003 -0.000020 1.000000
1788249579.821304321 -0.000062 0.000204 -0.000123 0.000023 0.000032 0.000019 1.000000
1788249579.854637861 0.000327 0.000070 0.000324 -0.000021 -0.000017 0.000028 1.000000
1788249579.887970448 0.000162 0.000029 0.000222 -0.000019 -0.000010 0.000035 1.000000
1788249579.921303749 -0.000061 -0.000063 -0.000119 -0.000024 0.000015 -0.000006 1.000000
1788249579.954636812 0.000113 0.000191 0.000183 -0.000027 -0.000015 -0.000010 1.000000
1788249579.987969875 -0.000012 0.000057 0.000025 -0.000024 0.000014 0.000018 1.000000
1788249580.021303177 0.000062 0.000279 0.000081 0.000011 0.000020 -0.000035 1.000000
1788249580.054636240 -0.000073 -0.000069 -0.000037 -0.000026 0.000005 0.000012 1.000000
1788249580.087968826 0.000220 0.000281 0.000319 0.000012 -0.000021 -0.000026 1.000000
1788249580.121301889 0.000157 0.000015 -0.000065 -0.000017 -0.000018 -0.000003 1.000000
1788249580.154634714 0.000236 0.000169 0.000417 0.000001 -0.000028 0.000024 1.000000
1788249580.187967300 0.000542 0.000201 0.000576 -0.000035 -0.000070 -0.000019 1.000000
1788249580.221299887 0.000225 0.000196 0.000191 -0.000001 -0.000019 -0.000031 1.000000
1788249580.254632473 -0.000247 0.000215 -0.000205 -0.000003 0.000015 -0.000064 1.000000
1788249580.287965298 0.000114 0.000214 -0.000131 0.000006 -0.000010 -0.000028 1.000000
1788249580.321296453 -0.000371 0.000225 -0.000385 -0.000005 0.000007 -0.000080 1.000000
1788249580.354629040 0.000228 0.000320 0.000568 0.000003 -0.000005 -0.000031 1.000000
1788249580.387961149 0.000199 0.000383 0.000291 0.000003 -0.000008 -0.000014 1.000000
1788249580.421293736 0.000012 0.000375 -0.000164 0.000013 0.000006 0.000006 1.000000
1788249580.454625845 -0.000462 0.000121 -0.000636 0.000082 -0.000115 0.000006 1.000000
1788249580.487958193 -0.000945 0.000041 -0.000610 0.000159 -0.000214 -0.000039 1.000000
1788249580.521292448 0.000230 -0.000194 0.001582 0.000237 -0.000585 -0.000002 1.000000
1788249580.554626703 -0.000092 0.000451 0.002726 0.000208 -0.000502 0.000011 1.000000
1788249580.587960720 0.000095 0.000361 0.004327 -0.000068 -0.000243 0.000167 1.000000
1788249580.621294975 0.001081 0.000895 0.007238 -0.000170 -0.000099 0.000257 1.000000
1788249580.654628992 0.000753 0.001141 0.008091 -0.000351 -0.000097 0.000385 1.000000
1788249580.687963247 0.000832 0.001240 0.009502 -0.000245 -0.000250 0.000362 1.000000
1788249580.721297264 0.000389 0.000852 0.010106 0.000087 -0.000120 0.000332 1.000000
1788249580.754630089 0.001003 0.000970 0.011648 0.000183 -0.000148 0.000358 1.000000
1788249580.787964106 0.000610 0.001268 0.012937 0.000092 -0.000305 0.000391 1.000000
1788249580.821297884 0.000871 0.000919 0.014674 -0.000086 -0.000440 0.000508 1.000000
1788249580.854631424 0.001962 0.001343 0.017733 -0.000088 -0.000288 0.000508 1.000000
1788249580.887965202 0.001286 0.001359 0.018694 -0.000188 0.000014 0.000521 1.000000
1788249580.921298742 0.000270 0.002072 0.020239 -0.000243 -0.000007 0.000395 1.000000
1788249580.954632282 0.001394 0.001758 0.022850 -0.000342 -0.000268 0.000520 1.000000
1788249580.987965822 0.002470 0.001580 0.025417 -0.000291 -0.000304 0.000605 1.000000
1788249581.021299362 0.001396 0.001618 0.025763 -0.000212 -0.000163 0.000589 1.000000
1788249581.054632664 0.001267 0.001923 0.028509 -0.000141 -0.000553 0.000546 1.000000
1788249581.087965727 -0.000286 0.001897 0.029908 -0.000059 -0.000740 0.000455 1.000000
1788249581.121299028 0.000633 0.001973 0.034044 -0.000223 -0.000531 0.000455 1.000000
1788249581.154632330 0.000579 0.002763 0.038008 -0.000089 -0.000463 0.000331 1.000000
1788249581.187965393 0.001180 0.002911 0.042677 -0.000139 -0.000512 0.000362 1.000000
1788249581.221297503 0.002537 0.003327 0.048117 -0.000536 -0.000232 0.000362 1.000000
1788249581.254630327 0.001907 0.002781 0.052029 -0.001033 0.000035 0.000391 0.999999
1788249581.287963152 0.002504 0.002594 0.057156 -0.001271 -0.000381 0.000373 0.999999
1788249581.321296215 0.002000 0.002854 0.060514 -0.001277 -0.000424 0.000261 0.999999
1788249581.354629040 0.000685 0.002577 0.062182 -0.001146 -0.000184 0.000108 0.999999
1788249581.387961626 0.000574 0.003534 0.064480 -0.000812 -0.000369 -0.000035 1.000000
1788249581.421294212 0.000200 0.003699 0.068251 -0.000761 -0.000707 -0.000022 0.999999
1788249581.454627275 0.000452 0.003709 0.071584 -0.000814 -0.000905 0.000123 0.999999
1788249581.487959623 0.001257 0.003154 0.075039 -0.000799 -0.000916 0.000267 0.999999
1788249581.521293879 0.001689 0.003615 0.078540 -0.000395 -0.000667 0.000353 1.000000
1788249581.554627895 0.001259 0.003856 0.081498 -0.000246 -0.000306 0.000414 1.000000
1788249581.587962151 0.002451 0.003770 0.086356 -0.000330 -0.000296 0.000454 1.000000
1788249581.621296167 0.001777 0.003818 0.088598 -0.000332 -0.000218 0.000521 1.000000
1788249581.654629230 0.002064 0.004879 0.093203 -0.000263 -0.000275 0.000537 1.000000
1788249581.687963247 0.002017 0.003893 0.096212 -0.000365 -0.000149 0.000564 1.000000
1788249581.721297026 0.001967 0.003702 0.099680 -0.000122 -0.000160 0.000466 1.000000
1788249581.754631042 0.001855 0.003473 0.103413 0.000071 -0.000308 0.000370 1.000000
1788249581.787964821 0.001271 0.003917 0.105754 0.000236 -0.000439 0.000149 1.000000
1788249581.821298599 0.001626 0.003855 0.109374 0.000385 -0.000488 -0.000013 1.000000
1788249581.854632139 0.001888 0.004189 0.112612 0.000531 -0.000494 0.000085 1.000000
1788249581.887965441 0.001752 0.004047 0.115782 0.000639 -0.000333 0.000181 1.000000
1788249581.921298981 0.001863 0.004601 0.119328 0.000622 -0.000277 0.000230 1.000000
1788249581.954632521 0.000970 0.005361 0.122792 0.000540 -0.000266 0.000096 1.000000
1788249581.987965822 0.001623 0.005220 0.127077 0.000388 -0.000418 0.000013 1.000000
1788249582.021299362 0.000995 0.005696 0.130580 0.000362 -0.000421 -0.000057 1.000000
1788249582.054632664 0.001328 0.006417 0.134433 0.000333 -0.000493 -0.000136 1.000000
1788249582.087964773 0.001002 0.006686 0.137428 0.000445 -0.000544 -0.000109 1.000000
1788249582.121297836 0.000344 0.006393 0.139680 0.000488 -0.000584 -0.000153 1.000000
1788249582.154630661 0.000704 0.006787 0.143248 0.000572 -0.000828 -0.000144 1.000000
1788249582.187963724 0.001730 0.006883 0.147856 0.000672 -0.001063 -0.000080 0.999999
1788249582.221296787 0.001181 0.006176 0.149573 0.000747 -0.001019 0.000063 0.999999
1788249582.254629850 0.001254 0.006457 0.154030 0.001031 -0.001032 0.000165 0.999999
1788249582.287962437 0.002378 0.006580 0.157375 0.000976 -0.001004 0.000322 0.999999
1788249582.321295261 0.003121 0.007170 0.161788 0.001027 -0.001005 0.000508 0.999999
1788249582.354627848 0.002395 0.006938 0.165869 0.000980 -0.000971 0.000438 0.999999
1788249582.387960672 0.002263 0.006722 0.170865 0.000777 -0.000841 0.000380 0.999999
1788249582.421293259 0.000653 0.007227 0.174381 0.000667 -0.000532 0.000114 1.000000
1788249582.454625607 0.001300 0.008081 0.179893 0.000692 -0.000661 0.000002 1.000000
1788249582.487958193 0.000681 0.008375 0.184038 0.000711 -0.000833 0.000009 0.999999
1788249582.521297455 0.000747 0.009481 0.188436 0.000845 -0.000922 0.000020 0.999999
1788249582.554635525 0.001596 0.009205 0.193194 0.000740 -0.001095 0.000317 0.999999
1788249582.587974787 0.000656 0.008825 0.196991 0.000742 -0.001266 0.000306 0.999999
1788249582.621314049 0.000186 0.008933 0.202232 0.000522 -0.001348 0.000185 0.999999
1788249582.654653311 0.000586 0.009290 0.209134 0.000251 -0.001318 0.000128 0.999999
1788249582.687992334 -0.000505 0.011054 0.213426 0.000319 -0.001174 -0.000037 0.999999
1788249582.721331596 0.000383 0.012239 0.218435 0.000405 -0.001187 -0.000093 0.999999
1788249582.754670858 0.000018 0.011754 0.223279 0.000346 -0.000970 0.000053 0.999999
1788249582.788010120 -0.000983 0.011299 0.227400 0.000339 -0.000739 0.000186 1.000000
1788249582.821349382 0.000576 0.012319 0.232285 0.000462 -0.000974 0.000353 0.999999
1788249582.854688883 0.000609 0.010898 0.236538 0.000353 -0.001187 0.000339 0.999999
1788249582.888027906 -0.000543 0.010886 0.241614 0.000521 -0.001070 0.000113 0.999999
1788249582.921367407 -0.000439 0.012641 0.245772 0.000716 -0.001021 -0.000030 0.999999
1788249582.954706192 -0.001782 0.012181 0.250926 0.000768 -0.001010 -0.000238 0.999999
1788249582.988044977 -0.001539 0.011240 0.255560 0.000686 -0.001061 -0.000073 0.999999
1788249583.021384001 -0.001251 0.012102 0.261014 0.000790 -0.001091 0.000092 0.999999
1788249583.054723263 -0.000706 0.011790 0.264967 0.000779 -0.001021 0.000270 0.999999
1788249583.088062525 -0.000557 0.012051 0.271050 0.000806 -0.001097 0.000281 0.999999
1788249583.121401787 -0.000864 0.011895 0.275058 0.000699 -0.001108 0.000145 0.999999
1788249583.154741049 -0.001978 0.012272 0.280033 0.000767 -0.001101 -0.000109 0.999999
1788249583.188080549 -0.001413 0.013794 0.286146 0.001045 -0.001205 -0.000385 0.999999
1788249583.221419573 -0.000872 0.014612 0.292728 0.001189 -0.001287 -0.000321 0.999998
1788249583.254759073 -0.001285 0.014453 0.295990 0.001390 -0.001102 -0.000279 0.999998
1788249583.288098097 -0.000718 0.014738 0.301059 0.001512 -0.000971 -0.000043 0.999998
1788249583.321437597 0.000175 0.015643 0.306346 0.001629 -0.001068 0.000083 0.999998
1788249583.354776621 0.000303 0.014347 0.310199 0.001375 -0.001070 0.000079 0.999999
1788249583.388116121 -0.001821 0.014843 0.315022 0.001194 -0.000907 -0.000242 0.999999
1788249583.421454430 -0.002504 0.015098 0.320980 0.001176 -0.000898 -0.000498 0.999999
1788249583.454793930 -0.002703 0.016490 0.326024 0.001315 -0.000906 -0.000592 0.999999
1788249583.488132954 -0.002932 0.015898 0.328737 0.001443 -0.000829 -0.000506 0.999999
1788249583.521472931 -0.001493 0.015483 0.334259 0.001377 -0.000886 -0.000284 0.999999
1788249583.554812193 -0.002451 0.014536 0.338031 0.001241 -0.000852 -0.000121 0.999999
1788249583.588152170 -0.002307 0.015411 0.343074 0.001208 -0.000859 -0.000099 0.999999
1788249583.621492147 -0.001776 0.015860 0.349241 0.001039 -0.000952 -0.000285 0.999999
1788249583.654831648 -0.003016 0.016547 0.353884 0.000960 -0.000955 -0.000414 0.999999
1788249583.688171387 -0.004179 0.016545 0.357424 0.000979 -0.000887 -0.000489 0.999999
1788249583.721511126 -0.002618 0.017030 0.362997 0.001169 -0.000942 -0.000381 0.999999
1788249583.754850864 -0.001476 0.018544 0.369534 0.001421 -0.000896 -0.000299 0.999999
1788249583.788190842 -0.001015 0.016870 0.373067 0.001395 -0.000861 -0.000164 0.999999
1788249583.821530581 -0.002190 0.016192 0.377455 0.001094 -0.000688 -0.000175 0.999999
1788249583.854869366 -0.001739 0.018633 0.385137 0.001159 -0.000770 -0.000384 0.999999
1788249583.888209105 -0.000411 0.019585 0.390532 0.001241 -0.000932 -0.000560 0.999999
1788249583.921548605 -0.003494 0.018918 0.392843 0.001106 -0.000671 -0.000647 0.999999
1788249583.954888582 -0.001345 0.018330 0.399859 0.001184 -0.000823 -0.000553 0.999999
1788249583.988228559 -0.002117 0.018167 0.402239 0.001299 -0.000706 -0.000425 0.999999
1788249584.021568060 -0.000380 0.018076 0.406578 0.001335 -0.000869 -0.000221 0.999999
1788249584.054907799 -0.001092 0.018924 0.411873 0.001483 -0.000872 -0.000232 0.999999
1788249584.088247776 -0.000428 0.019357 0.417721 0.001324 -0.000977 -0.000334 0.999999
1788249584.121587515 -0.002394 0.020422 0.421130 0.001284 -0.000883 -0.000508 0.999999
1788249584.154927492 -0.003159 0.021503 0.427710 0.001448 -0.000885 -0.000824 0.999998
1788249584.188267231 -0.004483 0.021249 0.430735 0.001508 -0.000779 -0.000892 0.999998
1788249584.221606731 -0.003708 0.021319 0.436189 0.001519 -0.000766 -0.000746 0.999998
1788249584.254946709 -0.001994 0.020552 0.441931 0.001416 -0.000855 -0.000648 0.999998
1788249584.288286686 -0.003080 0.020455 0.446142 0.001472 -0.000706 -0.000433 0.999999
1788249584.321625471 -0.003293 0.019713 0.449548 0.001443 -0.000635 -0.000466 0.999999
1788249584.354965210 -0.002629 0.020790 0.452867 0.001304 -0.000712 -0.000552 0.999999
1788249584.388304949 -0.003205 0.022490 0.458335 0.001258 -0.000671 -0.000673 0.999999
1788249584.421644926 -0.003325 0.022098 0.462986 0.001425 -0.000622 -0.000728 0.999999
1788249584.454984665 -0.003589 0.021796 0.464821 0.001637 -0.000645 -0.000689 0.999998
1788249584.488324165 -0.001755 0.022071 0.470641 0.001584 -0.000794 -0.000628 0.999998
1788249584.521662951 -0.001268 0.022342 0.473153 0.001564 -0.000833 -0.000488 0.999998
1788249584.555001259 -0.003123 0.022169 0.475581 0.001640 -0.000760 -0.000415 0.999998
1788249584.588339567 -0.003393 0.022041 0.477358 0.001798 -0.000675 -0.000340 0.999998
1788249584.621677637 -0.001768 0.022032 0.481248 0.001670 -0.000858 -0.000295 0.999998
1788249584.655015945 -0.004337 0.021824 0.484506 0.001495 -0.000601 -0.000363 0.999999
1788249584.688354254 -0.004887 0.022826 0.486138 0.001537 -0.000544 -0.000629 0.999999
1788249584.721692562 -0.004672 0.023275 0.490432 0.001453 -0.000639 -0.000674 0.999999
1788249584.755029678 -0.002970 0.023137 0.494712 0.001434 -0.000855 -0.000652 0.999998
1788249584.788367748 -0.002167 0.024311 0.498789 0.001597 -0.000923 -0.000613 0.999998
1788249584.821706057 -0.003926 0.024143 0.499533 0.001735 -0.000797 -0.000763 0.999998
1788249584.855044127 -0.004384 0.023782 0.502779 0.001889 -0.000829 -0.000879 0.999997
1788249584.888382435 -0.004389 0.024618 0.507494 0.001866 -0.000876 -0.000827 0.999998
1788249584.921720743 -0.003329 0.023575 0.511093 0.001685 -0.000871 -0.000784 0.999998
1788249584.955058813 -0.001709 0.025119 0.515572 0.001718 -0.001023 -0.000771 0.999998
1788249584.988396883 -0.002228 0.025184 0.516764 0.001570 -0.000955 -0.000642 0.999998
1788249585.021734953 -0.001168 0.025504 0.520505 0.001418 -0.001047 -0.000642 0.999998
1788249585.055072784 -0.002339 0.026647 0.523767 0.001401 -0.000907 -0.000710 0.999998
1788249585.088411093 -0.002151 0.026316 0.525682 0.001418 -0.000904 -0.000833 0.999998
1788249585.121749163 -0.004603 0.027368 0.529324 0.001515 -0.000710 -0.000912 0.999998
1788249585.155086994 -0.003985 0.027029 0.532568 0.001559 -0.000757 -0.000757 0.999998
1788249585.188424110 -0.004211 0.025649 0.536418 0.001512 -0.000797 -0.000570 0.999998
1788249585.221762180 -0.003763 0.024922 0.538522 0.001539 -0.000803 -0.000371 0.999998
1788249585.255100012 -0.002038 0.026510 0.541169 0.001699 -0.000862 -0.000388 0.999998
1788249585.288437843 -0.003815 0.027072 0.543305 0.001636 -0.000743 -0.000323 0.999998
1788249585.321775913 -0.004728 0.027502 0.546168 0.001629 -0.000706 -0.000487 0.999998
1788249585.355113745 -0.005461 0.027014 0.548505 0.001460 -0.000652 -0.000530 0.999999
1788249585.388451576 -0.003515 0.027551 0.555223 0.001357 -0.000829 -0.000648 0.999999
1788249585.421789646 -0.002639 0.027371 0.559068 0.001312 -0.000927 -0.000554 0.999999
1788249585.455127716 -0.005601 0.026686 0.560190 0.001231 -0.000702 -0.000513 0.999999
1788249585.488465548 -0.004543 0.026815 0.564306 0.001269 -0.000806 -0.000614 0.999999
1788249585.521804094 -0.004564 0.027776 0.566921 0.001398 -0.000835 -0.000626 0.999999
1788249585.555143118 -0.003535 0.028559 0.570390 0.001552 -0.000916 -0.000782 0.999998
1788249585.588481903 -0.005996 0.027536 0.572438 0.001611 -0.000705 -0.000859 0.999998
1788249585.621820688 -0.005129 0.026483 0.575944 0.001516 -0.000761 -0.000844 0.999998
1788249585.655158758 -0.003743 0.026891 0.580373 0.001504 -0.000921 -0.000854 0.999998
1788249585.688497305 -0.003673 0.027581 0.583308 0.001390 -0.000934 -0.000676 0.999998
1788249585.721836090 -0.003646 0.027081 0.588474 0.001209 -0.000914 -0.000429 0.999999
1788249585.755174875 -0.003335 0.026641 0.590890 0.001046 -0.000845 -0.000481 0.999999
1788249585.788513660 -0.003306 0.028869 0.596510 0.001180 -0.000944 -0.000582 0.999999
1788249585.821852446 -0.004333 0.029512 0.600847 0.001330 -0.000837 -0.000649 0.999999
1788249585.855191231 -0.005257 0.029143 0.602196 0.001357 -0.000752 -0.000770 0.999999
1788249585.888529778 -0.006592 0.031498 0.603876 0.001610 -0.000548 -0.000857 0.999998
1788249585.921868324 -0.005054 0.029980 0.607611 0.001510 -0.000635 -0.000675 0.999998
1788249585.955207109 -0.005547 0.031032 0.609936 0.001504 -0.000616 -0.000607 0.999999
1788249585.988545895 -0.004802 0.030291 0.614822 0.001237 -0.000731 -0.000468 0.999999
1788249586.021884441 -0.004218 0.029227 0.618467 0.001163 -0.000828 -0.000451 0.999999
1788249586.055223227 -0.004451 0.029730 0.619791 0.001269 -0.000776 -0.000496 0.999999
1788249586.088561058 -0.002197 0.030285 0.624778 0.001315 -0.000994 -0.000491 0.999999
1788249586.121899605 -0.002243 0.030880 0.624434 0.001351 -0.000988 -0.000579 0.999998
1788249586.155238152 -0.002408 0.030327 0.628059 0.001239 -0.001008 -0.000614 0.999999
1788249586.188576937 -0.003550 0.031863 0.631874 0.001335 -0.000924 -0.000607 0.999999
1788249586.221915483 -0.003828 0.033620 0.638307 0.001486 -0.000981 -0.000826 0.999998
1788249586.255254030 -0.004585 0.033717 0.639569 0.001528 -0.000972 -0.000945 0.999998
1788249586.288592815 -0.005167 0.034032 0.642249 0.001636 -0.000966 -0.001130 0.999998
1788249586.321931362 0.006301 0.039881 0.653319 0.002218 -0.002291 -0.001010 0.999994
1788249586.355269909 0.006784 0.040063 0.656902 0.002311 -0.002456 -0.001089 0.999994
1788249586.388608694 0.007556 0.040428 0.659688 0.002442 -0.002573 -0.001124 0.999993
1788249586.421947241 0.006861 0.040266 0.662117 0.002487 -0.002475 -0.001169 0.999993
1788249586.455285549 0.006998 0.040915 0.664790 0.002543 -0.002446 -0.001109 0.999993
1788249586.488624334 0.006788 0.040204 0.667287 0.002358 -0.002429 -0.000955 0.999994
1788249586.521964312 0.007826 0.041300 0.671482 0.002306 -0.002492 -0.000938 0.999994
1788249586.555303812 0.007584 0.041058 0.673758 0.002238 -0.002496 -0.000884 0.999994
1788249586.588644266 0.007644 0.041690 0.676811 0.002298 -0.002503 -0.000876 0.999994
1788249586.621984482 0.007200 0.041774 0.678883 0.002417 -0.002449 -0.001018 0.999994
1788249586.655324697 0.006899 0.041858 0.681885 0.002465 -0.002400 -0.000991 0.999994
1788249586.688665152 0.007807 0.042343 0.684456 0.002613 -0.002454 -0.000799 0.999993
1788249586.722005367 0.006259 0.041837 0.686490 0.002596 -0.002300 -0.000739 0.999994
1788249586.755345821 0.008037 0.042679 0.689756 0.002724 -0.002448 -0.000675 0.999993
1788249586.788686275 0.007428 0.042470 0.692616 0.002706 -0.002351 -0.000683 0.999993
1788249586.822026253 0.008119 0.042834 0.695727 0.002768 -0.002431 -0.000543 0.999993
1788249586.855366707 0.008901 0.042886 0.699206 0.002750 -0.002532 -0.000468 0.999993
1788249586.888707161 0.008619 0.042589 0.701699 0.002664 -0.002486 -0.000349 0.999993
1788249586.922047615 0.009679 0.043131 0.705576 0.002576 -0.002559 -0.000343 0.999993
1788249586.955387831 0.008952 0.042889 0.708884 0.002448 -0.002575 -0.000364 0.999994
1788249586.988727331 0.007542 0.042983 0.709991 0.002359 -0.002421 -0.000428 0.999994
1788249587.022067785 0.008467 0.043315 0.713925 0.002229 -0.002494 -0.000430 0.999994
1788249587.055408001 0.008403 0.042944 0.716862 0.002113 -0.002513 -0.000386 0.999995
1788249587.088748455 0.008488 0.044180 0.720036 0.002222 -0.002591 -0.000501 0.999994
1788249587.122088909 0.008278 0.043629 0.722649 0.002191 -0.002566 -0.000580 0.999994
1788249587.155428886 0.008443 0.044252 0.725098 0.002304 -0.002603 -0.000678 0.999994
1788249587.188769579 0.007744 0.045266 0.727476 0.002413 -0.002522 -0.000848 0.999994
1788249587.222110033 0.006881 0.044817 0.730266 0.002358 -0.002391 -0.000776 0.999994
1788249587.255450249 0.007276 0.045383 0.733566 0.002347 -0.002398 -0.000753 0.999994
1788249587.288790703 0.008048 0.044884 0.736943 0.002107 -0.002447 -0.000512 0.999995
1788249587.322131395 0.007838 0.044948 0.739836 0.002041 -0.002465 -0.000496 0.999995
1788249587.355471373 0.008005 0.044918 0.742616 0.001955 -0.002469 -0.000482 0.999995
1788249587.388811827 0.007239 0.045357 0.745026 0.001946 -0.002411 -0.000550 0.999995
1788249587.422151327 0.006553 0.045893 0.747728 0.001970 -0.002365 -0.000741 0.999995
1788249587.455491781 0.007510 0.046624 0.751874 0.001925 -0.002414 -0.000762 0.999995
1788249587.488831997 0.006889 0.046378 0.753825 0.001829 -0.002369 -0.000745 0.999995
1788249587.522174120 0.006563 0.046369 0.757175 0.001798 -0.002356 -0.000802 0.999995
1788249587.555516243 0.006811 0.046061 0.760162 0.001737 -0.002419 -0.000713 0.999995
1788249587.588858128 0.006708 0.047008 0.763007 0.001819 -0.002468 -0.000813 0.999995
1788249587.622200489 0.005926 0.046470 0.765233 0.001701 -0.002435 -0.000770 0.999995
1788249587.655542612 0.006906 0.046670 0.769206 0.001634 -0.002526 -0.000833 0.999995
1788249587.688884497 0.006421 0.046828 0.771590 0.001571 -0.002527 -0.000809 0.999995
1788249587.722226858 0.001112 0.047101 0.774475 0.001321 -0.001979 -0.000696 0.999997
1788249587.755568981 0.002535 0.047475 0.778101 0.001240 -0.002068 -0.000699 0.999997
1788249587.788911104 0.002298 0.048010 0.781362 0.001227 -0.002048 -0.000843 0.999997
1788249587.822253466 0.002125 0.049065 0.784224 0.001308 -0.002056 -0.000947 0.999997
1788249587.855594873 0.000569 0.048969 0.786227 0.001276 -0.001961 -0.001062 0.999997
1788249587.888936996 0.001048 0.049659 0.789241 0.001347 -0.001997 -0.001074 0.999997
1788249587.922279596 0.001256 0.049678 0.792069 0.001316 -0.002025 -0.001076 0.999997
1788249587.955621719 0.000481 0.048704 0.794614 0.001161 -0.001977 -0.001067 0.999997
1788249587.988964319 0.000629 0.049668 0.797933 0.001235 -0.001932 -0.001031 0.999997
1788249588.022306442 0.000527 0.049430 0.801173 0.001148 -0.001888 -0.001084 0.999997
1788249588.055649042 0.000405 0.049966 0.803435 0.001200 -0.001888 -0.001067 0.999997
1788249588.088991404 0.001240 0.049844 0.807168 0.001025 -0.001967 -0.000937 0.999997
1788249588.122333765 0.001405 0.050288 0.810204 0.000949 -0.002015 -0.000878 0.999997
1788249588.155676365 0.001316 0.050131 0.812918 0.000880 -0.001999 -0.000826 0.999997
1788249588.189018965 0.001675 0.050138 0.816228 0.000738 -0.002017 -0.000738 0.999997
1788249588.222361565 0.000822 0.050099 0.818911 0.000654 -0.001909 -0.000726 0.999998
1788249588.255703926 -0.000127 0.050392 0.821391 0.000698 -0.001797 -0.000700 0.999998
1788249588.289046526 0.001653 0.050953 0.825138 0.000696 -0.001920 -0.000710 0.999998
1788249588.322388411 0.001496 0.050875 0.828394 0.000684 -0.001887 -0.000619 0.999998
1788249588.355730772 0.001345 0.050942 0.830210 0.000812 -0.001922 -0.000778 0.999998
1788249588.389073610 0.002079 0.051020 0.833859 0.000907 -0.002030 -0.000724 0.999997
1788249588.422416449 0.001288 0.051123 0.836304 0.000990 -0.001966 -0.000952 0.999997
1788249588.455759048 0.001153 0.050901 0.838209 0.000826 -0.001916 -0.000864 0.999997
1788249588.489101648 0.000446 0.051194 0.841678 0.000790 -0.001889 -0.000963 0.999997
1788249588.522441149 0.000940 0.051371 0.845062 0.000599 -0.001961 -0.000963 0.999997
1788249588.555780411 0.001871 0.052370 0.848890 0.000564 -0.002041 -0.000987 0.999997
1788249588.589119911 0.001319 0.052760 0.851875 0.000525 -0.002029 -0.000945 0.999997
1788249588.622458696 0.000393 0.052318 0.853491 0.000419 -0.001991 -0.001012 0.999997
1788249588.655798197 0.000463 0.052337 0.856992 0.000367 -0.001980 -0.000988 0.999997
1788249588.689137459 -0.000269 0.051786 0.859119 0.000269 -0.001919 -0.001055 0.999998
1788249588.722476721 0.001134 0.051856 0.863673 0.000198 -0.002090 -0.000936 0.999997
1788249588.755815029 0.000269 0.053214 0.865688 0.000308 -0.002059 -0.001027 0.999997
1788249588.789154053 0.001026 0.052680 0.869267 0.000181 -0.002082 -0.000846 0.999997
1788249588.822493553 0.001228 0.053646 0.871583 0.000326 -0.002101 -0.000855 0.999997
1788249588.855832577 0.001314 0.052820 0.874811 0.000336 -0.002117 -0.000729 0.999997
1788249588.889171839 0.000987 0.052190 0.876734 0.000282 -0.002018 -0.000644 0.999998
1788249588.922510862 0.001274 0.052393 0.880270 0.000257 -0.001943 -0.000620 0.999998
1788249588.955850124 0.000873 0.051867 0.881762 0.000165 -0.001904 -0.000402 0.999998
1788249588.989189148 0.001357 0.052384 0.884973 0.000077 -0.001904 -0.000316 0.999998
1788249589.022528410 0.001360 0.052974 0.888976 0.000035 -0.001853 -0.000377 0.999998
1788249589.055867434 0.000843 0.053541 0.891466 0.000018 -0.001739 -0.000377 0.999998
1788249589.089206696 0.002287 0.053642 0.896150 -0.000065 -0.001927 -0.000412 0.999998
1788249589.122545719 0.001669 0.053909 0.898575 -0.000029 -0.001882 -0.000432 0.999998
1788249589.155884981 0.001387 0.054600 0.901341 0.000162 -0.001807 -0.000708 0.999998
1788249589.189223766 0.000007 0.054247 0.901690 0.000177 -0.001743 -0.000748 0.999998
1788249589.222561836 0.000808 0.053787 0.905637 0.000104 -0.001922 -0.000637 0.999998
1788249589.255901098 0.000488 0.054409 0.908537 0.000134 -0.001878 -0.000725 0.999998
1788249589.289239883 -0.000572 0.054150 0.914234 0.000066 -0.001920 -0.000844 0.999998
1788249589.322579145 -0.001030 0.053825 0.916477 -0.000070 -0.001909 -0.000872 0.999998
1788249589.355918169 -0.001793 0.053520 0.918972 -0.000191 -0.001852 -0.000881 0.999998
1788249589.389256954 -0.001766 0.053899 0.921990 -0.000293 -0.001895 -0.000812 0.999998
1788249589.422595739 -0.000510 0.054167 0.925395 -0.000352 -0.001989 -0.000801 0.999998
1788249589.455934763 -0.000533 0.054516 0.928654 -0.000388 -0.002052 -0.000899 0.999997
1788249589.489273787 -0.001420 0.054326 0.930927 -0.000438 -0.002014 -0.000953 0.999997
1788249589.522614241 -0.002232 0.054602 0.932834 -0.000457 -0.001960 -0.001049 0.999997
1788249589.555954695 -0.002388 0.054232 0.936117 -0.000537 -0.001956 -0.001012 0.999997
1788249589.589294910 -0.003840 0.053890 0.938152 -0.000514 -0.001852 -0.000966 0.999998
1788249589.622635365 -0.002161 0.054430 0.942049 -0.000477 -0.001987 -0.000894 0.999998
1788249589.655974865 -0.001954 0.054859 0.944636 -0.000428 -0.001907 -0.000805 0.999998
1788249589.689314842 -0.001174 0.055055 0.948078 -0.000391 -0.001940 -0.000802 0.999998
1788249589.722655296 -0.001184 0.055179 0.950727 -0.000404 -0.001878 -0.000699 0.999998
1788249589.755995989 -0.000129 0.055619 0.954207 -0.000366 -0.001887 -0.000476 0.999998
1788249589.789336205 -0.000504 0.055873 0.957109 -0.000401 -0.001880 -0.000506 0.999998
1788249589.822676659 -0.000311 0.055787 0.960948 -0.000530 -0.001869 -0.000456 0.999998
1788249589.856017113 -0.000885 0.056105 0.963743 -0.000502 -0.001796 -0.000542 0.999998
1788249589.889357090 -0.000919 0.055992 0.966305 -0.000599 -0.001774 -0.000435 0.999998
1788249589.922697544 -0.001017 0.055812 0.968790 -0.000665 -0.001709 -0.000423 0.999998
1788249589.956037998 -0.000846 0.057180 0.972000 -0.000421 -0.001714 -0.000526 0.999998
1788249589.989378452 -0.001197 0.057329 0.974232 -0.000438 -0.001651 -0.000552 0.999998
1788249590.022718906 -0.000270 0.057578 0.977915 -0.000373 -0.001810 -0.000458 0.999998
1788249590.056059361 -0.001746 0.057994 0.980026 -0.000320 -0.001661 -0.000627 0.999998
1788249590.089398623 -0.001195 0.056704 0.982371 -0.000446 -0.001782 -0.000582 0.999998
1788249590.122738838 -0.001047 0.057497 0.985670 -0.000448 -0.001788 -0.000597 0.999998
1788249590.156079292 -0.000674 0.057871 0.989710 -0.000524 -0.001872 -0.000664 0.999998
1788249590.189419746 -0.001331 0.057924 0.991517 -0.000658 -0.001845 -0.000696 0.999998
1788249590.222759724 0.000382 0.058742 0.996527 -0.000829 -0.001992 -0.000638 0.999997
1788249590.256100178 -0.001001 0.059141 0.999731 -0.000883 -0.001955 -0.000614 0.999998
1788249590.289440632 -0.001512 0.058897 1.001492 -0.001012 -0.002025 -0.000738 0.999997
1788249590.322780848 -0.001688 0.060045 1.004784 -0.000990 -0.001989 -0.000900 0.999997
1788249590.356121540 -0.002020 0.059062 1.007665 -0.001239 -0.001901 -0.000854 0.999997
1788249590.389461756 -0.001390 0.059930 1.010357 -0.001194 -0.001856 -0.000986 0.999997
1788249590.422801971 -0.001884 0.059265 1.012855 -0.001212 -0.001714 -0.000928 0.999997
1788249590.456142426 -0.001380 0.058331 1.015330 -0.001272 -0.001806 -0.000787 0.999997
1788249590.489482880 -0.001837 0.059481 1.017787 -0.001204 -0.001774 -0.000802 0.999997
1788249590.522833824 -0.000801 0.060235 1.021787 -0.001219 -0.001650 -0.000760 0.999998
1788249590.556184292 -0.001052 0.061052 1.025310 -0.001272 -0.001552 -0.000662 0.999998
1788249590.589535952 -0.001522 0.061182 1.027423 -0.001372 -0.001557 -0.000719 0.999998
1788249590.622887373 -0.001541 0.061029 1.031418 -0.001439 -0.001582 -0.000730 0.999997
1788249590.656239033 -0.002005 0.061202 1.033975 -0.001499 -0.001489 -0.000803 0.999997
1788249590.689590454 -0.002150 0.062372 1.036638 -0.001343 -0.001473 -0.000950 0.999998
1788249590.722942352 -0.001624 0.060887 1.039876 -0.001328 -0.001495 -0.000864 0.999998
1788249590.756294012 -0.001347 0.061869 1.043441 -0.001389 -0.001452 -0.000856 0.999998
1788249590.789645910 -0.000124 0.063150 1.050478 -0.001492 -0.001641 -0.000759 0.999997
1788249590.822997570 -0.000429 0.063444 1.054091 -0.001670 -0.001728 -0.000939 0.999997
1788249590.856349707 -0.000877 0.063610 1.057281 -0.001778 -0.001745 -0.000944 0.999996
1788249590.889702082 -0.000698 0.064219 1.061012 -0.001685 -0.001766 -0.001096 0.999996
1788249590.923054218 -0.001381 0.063918 1.063874 -0.001708 -0.001645 -0.001186 0.999996
1788249590.956406355 -0.002117 0.064389 1.066680 -0.001744 -0.001628 -0.001196 0.999996
1788249590.989757776 -0.001848 0.063812 1.071145 -0.001988 -0.001628 -0.001058 0.999996
1788249591.023110151 -0.001183 0.064960 1.075834 -0.002034 -0.001653 -0.001093 0.999996
1788249591.056462526 -0.003010 0.064643 1.078554 -0.002161 -0.001593 -0.001219 0.999996
1788249591.089815378 -0.002091 0.064834 1.082353 -0.002301 -0.001709 -0.001286 0.999995
1788249591.123167753 -0.001029 0.065323 1.087314 -0.002214 -0.001727 -0.001362 0.999995
1788249591.156520605 -0.003028 0.066018 1.089293 -0.002033 -0.001506 -0.001577 0.999996
1788249591.189873457 -0.002439 0.065049 1.092471 -0.002040 -0.001567 -0.001357 0.999996
1788249591.223226309 -0.001486 0.065406 1.096033 -0.001939 -0.001630 -0.001231 0.999996
1788249591.256579161 -0.001387 0.065533 1.100308 -0.001884 -0.001567 -0.001181 0.999996
1788249591.289932251 -0.002092 0.064765 1.102391 -0.001989 -0.001486 -0.001041 0.999996
1788249591.323285341 -0.002690 0.065408 1.105822 -0.001987 -0.001371 -0.001052 0.999997
1788249591.356638670 -0.003403 0.065644 1.109611 -0.001931 -0.001232 -0.001171 0.999997
1788249591.389991760 -0.003565 0.066167 1.113050 -0.001861 -0.001172 -0.001187 0.999997
1788249591.423343897 -0.002968 0.066714 1.116394 -0.001592 -0.001222 -0.001266 0.999997
1788249591.456697702 -0.003237 0.067072 1.119058 -0.001260 -0.001315 -0.001363 0.999997
1788249591.490051031 -0.003917 0.066612 1.121710 -0.001122 -0.001275 -0.001435 0.999998
1788249591.523399830 -0.003566 0.066586 1.124660 -0.001039 -0.001323 -0.001365 0.999998
1788249591.556748629 -0.002980 0.067210 1.128841 -0.000887 -0.001373 -0.001343 0.999998
1788249591.590097427 -0.002921 0.067414 1.132477 -0.000894 -0.001408 -0.001301 0.999998
1788249591.623446465 -0.003254 0.067215 1.135715 -0.001013 -0.001394 -0.001163 0.999998
1788249591.656795263 -0.002741 0.068130 1.140399 -0.001097 -0.001482 -0.001111 0.999998
1788249591.690144300 -0.003013 0.068328 1.143695 -0.001054 -0.001515 -0.001267 0.999997
1788249591.723493338 -0.003927 0.067770 1.146213 -0.001119 -0.001520 -0.001338 0.999997
1788249591.756842375 -0.003198 0.068722 1.150728 -0.001033 -0.001677 -0.001272 0.999997
1788249591.790191650 -0.002432 0.067897 1.155362 -0.001090 -0.001724 -0.001137 0.999997
1788249591.823540926 -0.002316 0.068290 1.157711 -0.000998 -0.001694 -0.001238 0.999997
1788249591.856889963 -0.002581 0.069001 1.160174 -0.000596 -0.001657 -0.001279 0.999998
1788249591.890238285 -0.004184 0.068123 1.162427 -0.000504 -0.001496 -0.001259 0.999998
1788249591.923587799 -0.002228 0.069248 1.166813 -0.000344 -0.001538 -0.001032 0.999998
1788249591.956937075 -0.001447 0.068885 1.170364 -0.000436 -0.001512 -0.000814 0.999998
1788249591.990286350 -0.001792 0.069497 1.174020 -0.000460 -0.001381 -0.000744 0.999999
1788249592.023636103 -0.002067 0.069544 1.177181 -0.000581 -0.001363 -0.000605 0.999999
1788249592.056985378 -0.001294 0.068589 1.182158 -0.000732 -0.001351 -0.000678 0.999999
1788249592.090335131 -0.001809 0.069332 1.184915 -0.000583 -0.001262 -0.000804 0.999999
1788249592.123684645 -0.002481 0.070326 1.188115 -0.000395 -0.001287 -0.000938 0.999999
1788249592.157034397 0.002289 0.071593 1.190177 -0.000067 -0.001737 -0.001097 0.999998
1788249592.190383911 0.002400 0.071928 1.193408 0.000023 -0.001742 -0.001159 0.999998
1788249592.223733902 0.003194 0.071759 1.197011 -0.000024 -0.001823 -0.000968 0.999998
1788249592.257083416 0.002839 0.071035 1.200552 -0.000221 -0.001827 -0.000804 0.999998
1788249592.290433407 0.003006 0.072095 1.204297 -0.000253 -0.001830 -0.000762 0.999998
1788249592.323782206 0.002806 0.072599 1.208020 -0.000358 -0.001860 -0.000830 0.999998
1788249592.357132196 0.003437 0.073051 1.212403 -0.000477 -0.001928 -0.000815 0.999998
1788249592.390481949 0.002511 0.073342 1.216201 -0.000517 -0.001938 -0.000873 0.999998
1788249592.423832178 0.002743 0.073840 1.218795 -0.000491 -0.001983 -0.000976 0.999997
1788249592.457182407 0.002802 0.074127 1.222246 -0.000514 -0.001864 -0.000878 0.999998
1788249592.490532160 0.003949 0.073468 1.226714 -0.000634 -0.001947 -0.000825 0.999998
1788249592.523881674 0.003618 0.073781 1.229342 -0.000430 -0.001923 -0.000776 0.999998
1788249592.557231188 0.003763 0.074306 1.232186 -0.000208 -0.001907 -0.000753 0.999998
1788249592.590580940 0.003538 0.075011 1.235658 -0.000039 -0.001745 -0.000651 0.999998
1788249592.623930693 0.004683 0.074718 1.239005 -0.000138 -0.001730 -0.000538 0.999998
1788249592.657280684 0.003976 0.074555 1.242794 -0.000157 -0.001688 -0.000476 0.999998
1788249592.690630436 0.004358 0.075161 1.246023 -0.000126 -0.001744 -0.000489 0.999998
1788249592.723980427 0.004309 0.075113 1.249739 -0.000238 -0.001545 -0.000386 0.999999
1788249592.757329464 0.003025 0.074437 1.254465 -0.000238 -0.001413 -0.000414 0.999999
1788249592.790679693 0.002359 0.074558 1.255909 -0.000105 -0.001417 -0.000485 0.999999
1788249592.824029446 0.003373 0.075338 1.259966 0.000106 -0.001493 -0.000665 0.999999
1788249592.857379913 0.004330 0.074957 1.263046 0.000125 -0.001583 -0.000492 0.999999
1788249592.890730381 0.004208 0.074719 1.266227 0.000289 -0.001560 -0.000487 0.999999
1788249592.924080849 0.004133 0.074396 1.269975 0.000315 -0.001608 -0.000329 0.999999
1788249592.957430840 0.004315 0.074694 1.271907 0.000319 -0.001529 -0.000245 0.999999
1788249592.990781546 0.005520 0.075489 1.277193 0.000368 -0.001701 -0.000199 0.999998
1788249593.024132252 0.005454 0.075963 1.279580 0.000384 -0.001620 -0.000325 0.999999
1788249593.057482958 0.005124 0.076378 1.284350 0.000362 -0.001637 -0.000332 0.999999
1788249593.090833426 0.004341 0.078216 1.288160 0.000513 -0.001619 -0.000555 0.999998
1788249593.124184370 0.003759 0.077697 1.290851 0.000541 -0.001589 -0.000597 0.999998
1788249593.157535315 0.004219 0.076107 1.294071 0.000557 -0.001603 -0.000575 0.999998
1788249593.190885305 0.003786 0.076677 1.297233 0.000821 -0.001627 -0.000718 0.999998
1788249593.224236250 0.003362 0.077029 1.299761 0.001011 -0.001565 -0.000761 0.999998
1788249593.257587194 0.004688 0.076260 1.302530 0.000917 -0.001596 -0.000625 0.999998
1788249593.290938139 0.003766 0.077108 1.306882 0.001032 -0.001367 -0.000619 0.999998
1788249593.324289560 0.003758 0.077246 1.310435 0.001046 -0.001342 -0.000560 0.999998
1788249593.357640982 0.005169 0.079046 1.315717 0.001124 -0.001451 -0.000449 0.999998
1788249593.390992165 0.004257 0.077473 1.317304 0.000989 -0.001374 -0.000511 0.999998
1788249593.424343586 0.003853 0.078503 1.320889 0.001085 -0.001305 -0.000606 0.999998
1788249593.457695007 0.005989 0.078638 1.324502 0.001058 -0.001383 -0.000576 0.999998
1788249593.491046667 0.004597 0.077808 1.326841 0.001052 -0.001322 -0.000701 0.999998
1788249593.524397135 0.003284 0.079562 1.329433 0.001448 -0.001218 -0.000844 0.999998
1788249593.557747364 0.004043 0.079236 1.332901 0.001498 -0.001285 -0.000764 0.999998
1788249593.591097593 0.004202 0.080437 1.336248 0.001655 -0.001276 -0.000814 0.999997
1788249593.624448299 0.004173 0.080687 1.339849 0.001615 -0.001314 -0.000840 0.999997
1788249593.657798052 0.004909 0.081881 1.344062 0.001593 -0.001385 -0.000875 0.999997
1788249593.691148758 0.003847 0.081293 1.348020 0.001349 -0.001371 -0.000854 0.999998
1788249593.724499226 0.004150 0.082006 1.351752 0.001337 -0.001420 -0.000977 0.999998
1788249593.757849932 0.003170 0.081755 1.353862 0.001305 -0.001307 -0.001025 0.999998
1788249593.791201115 0.003991 0.082286 1.359344 0.001383 -0.001468 -0.001087 0.999997
1788249593.824551821 0.003793 0.081995 1.361168 0.001593 -0.001412 -0.001111 0.999997
1788249593.857903004 0.004063 0.080684 1.363931 0.001604 -0.001505 -0.001059 0.999997
1788249593.891254187 0.003712 0.080979 1.367381 0.001790 -0.001447 -0.000998 0.999997
1788249593.924605131 0.002440 0.080557 1.370732 0.001971 -0.001241 -0.001089 0.999997
1788249593.957956553 0.002891 0.081967 1.375182 0.001991 -0.001167 -0.001158 0.999997
1788249593.991307735 0.003791 0.081878 1.379635 0.001631 -0.001264 -0.001114 0.999997
1788249594.024659157 0.004003 0.081636 1.384177 0.001522 -0.001219 -0.001063 0.999998
1788249594.058010578 0.003721 0.081747 1.387378 0.001525 -0.001089 -0.001165 0.999998
1788249594.091360807 0.003655 0.082397 1.391399 0.001784 -0.001080 -0.001330 0.999997
1788249594.124712467 0.002750 0.083117 1.393032 0.002078 -0.001020 -0.001468 0.999996
1788249594.158064127 0.002948 0.082927 1.398552 0.002319 -0.001136 -0.001440 0.999996
1788249594.191416025 0.002444 0.082462 1.401981 0.002524 -0.001047 -0.001500 0.999995
1788249594.224767685 0.002584 0.081855 1.404896 0.002446 -0.001013 -0.001233 0.999996
1788249594.258119583 0.003046 0.081881 1.409171 0.002429 -0.001139 -0.001175 0.999996
1788249594.291471481 0.003674 0.082119 1.413995 0.002355 -0.001233 -0.001026 0.999996
1788249594.324823618 0.003673 0.082333 1.417655 0.002341 -0.001223 -0.001111 0.999996
1788249594.358175516 0.003872 0.083403 1.422322 0.002416 -0.001326 -0.001336 0.999995
1788249594.391527891 0.001368 0.083729 1.423782 0.002559 -0.001169 -0.001561 0.999995
1788249594.424880028 0.003138 0.082288 1.427491 0.002606 -0.001341 -0.001464 0.999995
1788249594.458232164 0.002683 0.082096 1.431425 0.002811 -0.001330 -0.001560 0.999994
1788249594.491584539 0.003549 0.081694 1.435140 0.002941 -0.001440 -0.001553 0.999993
1788249594.524935484 0.003244 0.082357 1.439123 0.003225 -0.001413 -0.001565 0.999993
1788249594.558285713 0.003078 0.082198 1.441826 0.003086 -0.001310 -0.001578 0.999993
1788249594.591637135 0.003212 0.082022 1.446182 0.002916 -0.001237 -0.001534 0.999994
1788249594.624988317 0.002865 0.082940 1.450559 0.002975 -0.001218 -0.001544 0.999994
1788249594.658339739 0.001791 0.083212 1.454086 0.003015 -0.001139 -0.001614 0.999994
1788249594.691691160 0.001460 0.083609 1.456687 0.003151 -0.000952 -0.001795 0.999993
1788249594.725042582 0.001971 0.084855 1.461858 0.003524 -0.001021 -0.001948 0.999991
1788249594.758394241 0.001169 0.084057 1.464731 0.003671 -0.001120 -0.001969 0.999991
1788249594.791745901 0.001159 0.084263 1.468781 0.003961 -0.001049 -0.001851 0.999990
1788249594.825097799 0.003109 0.085687 1.472140 0.004417 -0.001144 -0.001901 0.999988
1788249594.858449459 0.002480 0.084547 1.475761 0.004222 -0.001117 -0.001798 0.999989
1788249594.891801357 0.003380 0.085500 1.481093 0.003887 -0.001256 -0.001702 0.999990
1788249594.925153494 0.003073 0.085753 1.484985 0.003673 -0.001213 -0.001646 0.999991
1788249594.958505630 0.000997 0.086231 1.487876 0.003661 -0.001125 -0.001722 0.999991
1788249594.991856813 0.000619 0.086446 1.492373 0.003795 -0.001234 -0.001877 0.999990
1788249595.025208950 0.000608 0.086943 1.495824 0.004003 -0.001317 -0.002023 0.999989
1788249595.058561325 -0.000219 0.087178 1.498716 0.004169 -0.001264 -0.002317 0.999988
1788249595.091913700 -0.000120 0.087420 1.502531 0.004417 -0.001096 -0.002242 0.999987
1788249595.125266314 -0.001231 0.088029 1.506775 0.004988 -0.000973 -0.002296 0.999984
1788249595.158618689 -0.000854 0.087362 1.510082 0.004842 -0.001135 -0.002236 0.999985
1788249595.191971302 -0.000631 0.087931 1.515774 0.004270 -0.001119 -0.002242 0.999988
1788249595.225324154 0.000337 0.087784 1.521436 0.003778 -0.001088 -0.002204 0.999990
1788249595.258676767 -0.000849 0.088968 1.527227 0.003677 -0.001002 -0.002391 0.999990
1788249595.292029858 -0.001047 0.089321 1.531503 0.003714 -0.000953 -0.002437 0.999990
1788249595.325382710 -0.001894 0.089514 1.535715 0.003757 -0.000961 -0.002473 0.999989
1788249595.358735800 -0.001268 0.088999 1.538896 0.003844 -0.001078 -0.002408 0.999989
1788249595.392088890 -0.000536 0.088053 1.543715 0.004059 -0.001097 -0.002211 0.999989
1788249595.425441027 -0.000054 0.088402 1.548044 0.004467 -0.001135 -0.002221 0.999987
1788249595.458794355 -0.001148 0.088284 1.551065 0.004247 -0.001070 -0.002114 0.999988
1788249595.492147684 0.000221 0.089593 1.557544 0.003939 -0.001210 -0.002125 0.999989
1788249595.525495768 0.000015 0.091143 1.561904 0.003903 -0.001069 -0.002281 0.999989
1788249595.558843851 0.000370 0.090839 1.568398 0.003843 -0.001310 -0.002145 0.999989
1788249595.592192173 0.000872 0.090427 1.572151 0.003921 -0.001407 -0.002184 0.999989
1788249595.625540257 0.000212 0.090316 1.575443 0.004027 -0.001275 -0.002219 0.999989
1788249595.658888340 0.000232 0.089868 1.579647 0.004194 -0.001133 -0.002209 0.999988
1788249595.692236423 0.000116 0.090888 1.582298 0.004635 -0.001138 -0.002184 0.999986
1788249595.725584745 0.000163 0.091037 1.587651 0.004584 -0.001130 -0.002168 0.999987
1788249595.758932829 0.000036 0.091036 1.591949 0.004275 -0.001024 -0.002156 0.999988
1788249595.792281389 -0.000340 0.092342 1.596930 0.004246 -0.000957 -0.002234 0.999988
1788249595.825629711 0.000046 0.091193 1.601679 0.004148 -0.001034 -0.002191 0.999988
1788249595.858978271 0.000248 0.091316 1.605589 0.004245 -0.001080 -0.002149 0.999988
1788249595.892325401 0.000070 0.091881 1.609596 0.004587 -0.000973 -0.002087 0.999987
1788249595.925673723 0.000911 0.091561 1.614136 0.004820 -0.001124 -0.002039 0.999986
1788249595.959022522 -0.000360 0.091112 1.618272 0.004867 -0.001097 -0.001873 0.999986
1788249595.992371082 0.001524 0.091701 1.623884 0.004944 -0.001308 -0.001965 0.999985
1788249596.025719643 0.000749 0.093126 1.628383 0.004997 -0.001189 -0.002137 0.999985
1788249596.059067965 -0.000763 0.092683 1.632715 0.004846 -0.001224 -0.002104 0.999985
1788249596.092416525 -0.001779 0.091531 1.636367 0.004867 -0.001297 -0.002205 0.999985
1788249596.125765324 -0.001877 0.092236 1.640097 0.005201 -0.001401 -0.002346 0.999983
1788249596.159113884 -0.002632 0.092287 1.644062 0.005278 -0.001291 -0.002416 0.999982
1788249596.192462683 -0.000603 0.092170 1.648197 0.005079 -0.001238 -0.002201 0.999984
1788249596.225811243 0.000788 0.092462 1.651949 0.005346 -0.001340 -0.002005 0.999983
1788249596.259160280 0.000105 0.091698 1.656296 0.005371 -0.001384 -0.001919 0.999983
1788249596.292508841 0.001561 0.091298 1.661695 0.005142 -0.001440 -0.001757 0.999984
1788249596.325856924 0.000879 0.091091 1.666588 0.004925 -0.001337 -0.001632 0.999986
1788249596.359205723 0.000396 0.092276 1.670381 0.005071 -0.001321 -0.001744 0.999985
1788249596.392554522 -0.000327 0.091560 1.673398 0.005118 -0.001344 -0.001761 0.999984
1788249596.425903559 0.001011 0.091745 1.678915 0.005257 -0.001393 -0.001749 0.999984
1788249596.459252596 0.001011 0.092613 1.683465 0.005505 -0.001356 -0.001666 0.999983
1788249596.492601395 0.002709 0.093074 1.687368 0.005612 -0.001510 -0.001461 0.999982
1788249596.525947809 0.000815 0.093217 1.691982 0.005522 -0.001422 -0.001542 0.999983
1788249596.559296131 0.001582 0.094166 1.697685 0.005265 -0.001468 -0.001785 0.999983
1788249596.592643976 0.001150 0.094978 1.702968 0.005192 -0.001432 -0.001988 0.999984
1788249596.625992298 0.001034 0.095442 1.707426 0.005141 -0.001477 -0.002109 0.999983
1788249596.659340382 0.000206 0.094649 1.710920 0.004982 -0.001429 -0.002051 0.999985
1788249596.692688465 -0.000727 0.093812 1.713924 0.004982 -0.001278 -0.001974 0.999985
1788249596.726036787 0.001045 0.094647 1.719081 0.005055 -0.001431 -0.001766 0.999985
1788249596.759384155 0.001202 0.094212 1.722513 0.004849 -0.001481 -0.001600 0.999986
1788249596.792732239 0.001557 0.094872 1.729195 0.004774 -0.001531 -0.001501 0.999986
1788249596.826080561 0.001657 0.095459 1.734704 0.004585 -0.001544 -0.001502 0.999987
1788249596.859428883 0.001745 0.096242 1.738880 0.004461 -0.001532 -0.001616 0.999988
1788249596.892777443 0.002934 0.096517 1.743994 0.004454 -0.001560 -0.001704 0.999987
1788249596.926126003 0.001421 0.097110 1.747203 0.004626 -0.001577 -0.001763 0.999987
1788249596.959474325 0.000458 0.095695 1.752487 0.004631 -0.001623 -0.001847 0.999986
1788249596.992822886 0.001824 0.097117 1.756307 0.004660 -0.001668 -0.001683 0.999986
1788249597.026171207 0.002055 0.096471 1.761897 0.004479 -0.001694 -0.001610 0.999987
1788249597.059519768 0.000049 0.094577 1.765118 0.004174 -0.001546 -0.001737 0.999989
1788249597.092868090 -0.000017 0.096612 1.770761 0.004149 -0.001581 -0.001743 0.999989
1788249597.126216888 -0.001239 0.095647 1.773397 0.003913 -0.001393 -0.001796 0.999990
1788249597.159565449 -0.002465 0.096792 1.777775 0.004013 -0.001244 -0.001865 0.999989
1788249597.192914248 -0.001665 0.097141 1.782424 0.004027 -0.001259 -0.001817 0.999989
1788249597.226261854 0.001790 0.098603 1.790907 0.004294 -0.001921 -0.001790 0.999987
1788249597.259610653 0.002983 0.098861 1.795505 0.004180 -0.002012 -0.001497 0.999988
1788249597.292959452 0.005010 0.099340 1.801429 0.004097 -0.002049 -0.001261 0.999989
1788249597.326308250 0.005393 0.101796 1.807156 0.004124 -0.002062 -0.001259 0.999989
1788249597.359656811 0.005383 0.102072 1.811554 0.003956 -0.001969 -0.001187 0.999990
1788249597.393005610 0.004485 0.100906 1.816740 0.003792 -0.001942 -0.001311 0.999990
1788249597.426354647 0.004034 0.100536 1.820236 0.003822 -0.001921 -0.001405 0.999990
1788249597.459703445 0.003065 0.101837 1.823799 0.004074 -0.001939 -0.001657 0.999988
1788249597.493052244 0.002614 0.102027 1.829103 0.004202 -0.001975 -0.001758 0.999988
1788249597.526400328 0.003951 0.101742 1.833396 0.003968 -0.002056 -0.001693 0.999989
1788249597.559746981 0.002565 0.102260 1.837588 0.003846 -0.001949 -0.001637 0.999989
1788249597.593093634 0.003727 0.102346 1.843482 0.003578 -0.002137 -0.001679 0.999990
1788249597.626440287 0.005001 0.102239 1.848968 0.003410 -0.002164 -0.001684 0.999990
1788249597.659785986 0.006026 0.103980 1.854413 0.003372 -0.002280 -0.001678 0.999990
1788249597.693132639 0.004658 0.104128 1.858701 0.003408 -0.002184 -0.001730 0.999990
1788249597.726479530 0.006286 0.105513 1.862863 0.003647 -0.002229 -0.001691 0.999989
1788249597.759825945 0.007507 0.106084 1.869072 0.003911 -0.002327 -0.001598 0.999988
1788249597.793172836 0.007093 0.105910 1.872891 0.003901 -0.002156 -0.001477 0.999989
1788249597.826519728 0.006353 0.105378 1.876171 0.003636 -0.002012 -0.001234 0.999991
1788249597.859866381 0.006303 0.105997 1.880969 0.003499 -0.001957 -0.001162 0.999991
1788249597.893213272 0.007209 0.108448 1.887319 0.003435 -0.002049 -0.001257 0.999991
1788249597.926560163 0.007814 0.109261 1.893154 0.003378 -0.002118 -0.001355 0.999991
1788249597.959906816 0.006732 0.108003 1.896193 0.003371 -0.002097 -0.001468 0.999991
1788249597.993253708 0.004828 0.107587 1.898843 0.003279 -0.002090 -0.001602 0.999991
1788249598.026600838 0.004224 0.107738 1.902407 0.003261 -0.002041 -0.001718 0.999991
1788249598.059947729 0.004294 0.107546 1.907578 0.003116 -0.002071 -0.001684 0.999992
1788249598.093293667 0.006473 0.111223 1.915696 0.003307 -0.002611 -0.001666 0.999990
1788249598.126640558 0.007269 0.113298 1.922937 0.003172 -0.002638 -0.001877 0.999990
1788249598.159987211 0.007673 0.113761 1.927496 0.003055 -0.002702 -0.001759 0.999990
1788249598.193334341 0.008443 0.115126 1.932472 0.002986 -0.002743 -0.001697 0.999990
1788249598.226681232 0.008924 0.114126 1.937412 0.002731 -0.002805 -0.001572 0.999991
1788249598.260028601 0.007474 0.112134 1.940424 0.002630 -0.002597 -0.001456 0.999992
1788249598.293375254 0.007321 0.112096 1.944404 0.002779 -0.002471 -0.001370 0.999992
1788249598.326722383 0.008765 0.113438 1.948989 0.002813 -0.002483 -0.001114 0.999992
1788249598.360069513 0.008533 0.113896 1.954573 0.002630 -0.002512 -0.000961 0.999993
1788249598.393416643 0.008650 0.113375 1.959267 0.002368 -0.002498 -0.000879 0.999994
1788249598.426763535 0.009101 0.114035 1.965116 0.002144 -0.002478 -0.001086 0.999994
1788249598.460110664 0.008544 0.115074 1.969761 0.002105 -0.002362 -0.001152 0.999994
1788249598.493457794 0.009067 0.114770 1.974519 0.001896 -0.002528 -0.001299 0.999994
1788249598.526803493 0.007776 0.115651 1.978532 0.001809 -0.002540 -0.001423 0.999994
1788249598.560146809 0.007280 0.116132 1.982574 0.001734 -0.002545 -0.001568 0.999994
1788249598.593490839 0.007626 0.116943 1.989363 0.001601 -0.002564 -0.001640 0.999994
1788249598.626834869 0.007578 0.116493 1.993790 0.001265 -0.002673 -0.001620 0.999994
1788249598.660179138 0.005840 0.116541 1.997887 0.001029 -0.002487 -0.001611 0.999995
1788249598.693523169 0.007464 0.116581 2.003319 0.000730 -0.002710 -0.001566 0.999995
1788249598.726866961 0.007054 0.118539 2.007436 0.000718 -0.002593 -0.001613 0.999995
1788249598.760210991 0.007130 0.118710 2.012599 0.000527 -0.002365 -0.001605 0.999996
1788249598.793555260 0.006481 0.117944 2.015209 0.000375 -0.002308 -0.001466 0.999996
1788249598.826899290 0.006118 0.119065 2.021551 0.000485 -0.002335 -0.001447 0.999996
1788249598.860243320 0.007681 0.120187 2.027064 0.000505 -0.002365 -0.001382 0.999996
1788249598.893587351 0.007947 0.120253 2.032200 0.000246 -0.002294 -0.001320 0.999996
1788249598.926931381 0.007018 0.120680 2.036893 0.000140 -0.002210 -0.001383 0.999997
1788249598.960275650 0.007637 0.121640 2.042136 0.000025 -0.002210 -0.001486 0.999996
1788249598.993618488 0.006464 0.121604 2.045579 -0.000127 -0.002036 -0.001509 0.999997
1788249599.026962519 0.005875 0.121058 2.050534 -0.000300 -0.002084 -0.001665 0.999996
1788249599.060306549 0.006197 0.122034 2.055291 -0.000370 -0.002282 -0.001842 0.999996
1788249599.093650579 0.005884 0.121244 2.059463 -0.000562 -0.002217 -0.002078 0.999995
1788249599.126994610 0.008385 0.122879 2.065916 -0.000566 -0.002433 -0.002037 0.999995
1788249599.160338640 0.007769 0.123440 2.070194 -0.000698 -0.002458 -0.002029 0.999995
1788249599.193682432 0.008226 0.123403 2.074906 -0.000837 -0.002564 -0.002064 0.999994
1788249599.227026701 0.006669 0.123214 2.079417 -0.000887 -0.002194 -0.002068 0.999995
1788249599.260370731 0.005654 0.122995 2.083266 -0.000845 -0.002083 -0.002081 0.999995
1788249599.293714762 0.005306 0.122463 2.086013 -0.000825 -0.001988 -0.002161 0.999995
1788249599.327058792 0.004497 0.122703 2.089534 -0.000562 -0.001781 -0.002022 0.999996
1788249599.360402822 0.005216 0.122611 2.093534 -0.000591 -0.001780 -0.001862 0.999997
1788249599.393746853 0.007361 0.124981 2.100080 -0.000356 -0.001991 -0.001849 0.999996
1788249599.427089691 0.008920 0.126107 2.106279 -0.000226 -0.002080 -0.001762 0.999996
1788249599.460433722 0.007823 0.125828 2.110158 -0.000287 -0.001917 -0.001884 0.999996
1788249599.493777752 0.007961 0.125280 2.114678 -0.000192 -0.002054 -0.002018 0.999996
1788249599.527121305 0.006921 0.124619 2.118667 -0.000023 -0.002089 -0.002222 0.999995
1788249599.560463667 0.005878 0.124732 2.121876 0.000076 -0.002029 -0.002373 0.999995
1788249599.593806505 0.006468 0.125752 2.127424 0.000178 -0.002031 -0.002433 0.999995
1788249599.627148867 0.005941 0.126212 2.132133 0.000140 -0.002042 -0.002417 0.999995
1788249599.660491943 0.005920 0.125326 2.136828 -0.000152 -0.002185 -0.002473 0.999995
1788249599.693834305 0.006631 0.126916 2.142302 -0.000390 -0.002312 -0.002301 0.999995
1788249599.727176905 0.006886 0.127522 2.147987 -0.000384 -0.002355 -0.002263 0.999995
1788249599.760519266 0.006829 0.128932 2.151930 -0.000193 -0.002434 -0.002363 0.999994
1788249599.793862104 0.006549 0.128098 2.155729 -0.000293 -0.002377 -0.002391 0.999994
1788249599.827204466 0.006630 0.128460 2.159021 -0.000347 -0.002210 -0.002207 0.999995
1788249599.860546827 0.005782 0.128771 2.162076 -0.000016 -0.001938 -0.002188 0.999996
1788249599.893888712 0.007598 0.128042 2.167319 0.000287 -0.002287 -0.002068 0.999995
1788249599.927231073 0.007498 0.127472 2.170911 0.000098 -0.002197 -0.001813 0.999996
1788249599.960573435 0.008148 0.127561 2.176717 -0.000298 -0.002091 -0.001713 0.999996
1788249599.993916035 0.007658 0.128002 2.181286 -0.000333 -0.002075 -0.001823 0.999996
1788249600.027258396 0.007437 0.128360 2.186506 -0.000444 -0.002115 -0.002088 0.999996
1788249600.060600996 0.006934 0.129305 2.190985 -0.000513 -0.002108 -0.002112 0.999995
1788249600.093943357 0.007815 0.130426 2.196615 -0.000534 -0.002197 -0.002254 0.999995
1788249600.127285957 0.007229 0.128555 2.200630 -0.000816 -0.002321 -0.002293 0.999994
1788249600.160628319 0.007478 0.129419 2.205349 -0.000847 -0.002352 -0.002255 0.999994
1788249600.193970442 0.007892 0.129693 2.210290 -0.001040 -0.002271 -0.002295 0.999994
1788249600.227312803 0.006137 0.130351 2.214553 -0.001233 -0.002117 -0.002182 0.999995
1788249600.260655403 0.007633 0.131027 2.220302 -0.001424 -0.002341 -0.002163 0.999994
1788249600.293997765 0.007115 0.131265 2.225384 -0.001632 -0.002421 -0.002151 0.999993
1788249600.327338934 0.006617 0.131044 2.228694 -0.001824 -0.002241 -0.002037 0.999994
1788249600.360681295 0.008091 0.132061 2.233861 -0.001742 -0.002150 -0.002086 0.999994
1788249600.394023418 0.008490 0.133326 2.237023 -0.001395 -0.002078 -0.002043 0.999995
1788249600.427365780 0.006604 0.132143 2.238554 -0.001285 -0.001869 -0.001832 0.999996
1788249600.460708141 0.005941 0.131976 2.242745 -0.001315 -0.001772 -0.001747 0.999996
1788249600.494050503 0.009004 0.133796 2.250031 -0.001334 -0.001891 -0.001674 0.999996
1788249600.527392387 0.008184 0.133687 2.253643 -0.001433 -0.001783 -0.001677 0.999996
1788249600.560733795 0.007718 0.132923 2.256981 -0.001666 -0.001736 -0.001728 0.999996
1788249600.594075203 0.008440 0.133394 2.263124 -0.001710 -0.001936 -0.001780 0.999995
1788249600.627416611 0.006953 0.132954 2.264950 -0.001679 -0.001700 -0.001902 0.999995
1788249600.660757780 0.007660 0.134856 2.270522 -0.001392 -0.001811 -0.001988 0.999995
1788249600.694099426 0.007579 0.134368 2.274554 -0.001485 -0.001892 -0.001836 0.999995
1788249600.760780811 0.009586 0.135602 2.285401 -0.001621 -0.002107 -0.001635 0.999995
1788249600.794121981 0.009046 0.133821 2.289686 -0.002013 -0.002109 -0.001616 0.999994
1788249600.827463627 0.008476 0.133774 2.294050 -0.002089 -0.002071 -0.001561 0.999994
1788249600.860804796 0.007962 0.134699 2.298495 -0.002045 -0.001899 -0.001428 0.999995
1788249600.894145966 0.009133 0.135302 2.302559 -0.001910 -0.001802 -0.001406 0.999996
1788249600.927487135 0.010009 0.135369 2.307029 -0.001623 -0.001826 -0.001442 0.999996
1788249600.960828304 0.008376 0.134830 2.309466 -0.001410 -0.001638 -0.001282 0.999997
1788249600.994169474 0.009612 0.134800 2.314538 -0.001399 -0.001654 -0.001218 0.999997
1788249601.027510643 0.009890 0.135262 2.319582 -0.001547 -0.001607 -0.001082 0.999997
1788249601.060851574 0.007849 0.134325 2.322803 -0.001767 -0.001315 -0.001215 0.999997
1788249601.094192743 0.009297 0.135957 2.328970 -0.001797 -0.001533 -0.001315 0.999996
1788249601.127533674 0.008763 0.136743 2.333688 -0.001759 -0.001490 -0.001483 0.999996
1788249601.160874844 0.008690 0.136429 2.338218 -0.001811 -0.001518 -0.001668 0.999996
1788249601.194214821 0.009977 0.136203 2.343934 -0.001852 -0.001705 -0.001647 0.999995
1788249601.227555752 0.009077 0.138691 2.347369 -0.001609 -0.001593 -0.001797 0.999996
1788249601.260896921 0.007918 0.138572 2.351234 -0.001647 -0.001582 -0.001790 0.999996
1788249601.294237614 0.009373 0.136997 2.356767 -0.001952 -0.001731 -0.001747 0.999995
1788249601.327578545 0.006811 0.139043 2.362726 -0.001690 -0.001589 -0.001981 0.999995
1788249601.360919714 0.006645 0.139957 2.365934 -0.001471 -0.001510 -0.002088 0.999996
1788249601.394260406 0.005689 0.140396 2.370490 -0.001240 -0.001452 -0.002265 0.999996
1788249601.427601337 0.007633 0.139260 2.376512 -0.001312 -0.001715 -0.002084 0.999996
1788249601.460942030 0.008164 0.140080 2.380146 -0.001006 -0.001710 -0.002056 0.999996
1788249601.494282722 0.007679 0.140566 2.383462 -0.000956 -0.001454 -0.002012 0.999996
1788249601.527619600 0.007571 0.140692 2.390044 -0.001148 -0.001436 -0.001909 0.999996
1788249601.560951233 0.008860 0.142624 2.394628 -0.001152 -0.001482 -0.001861 0.999997
1788249601.594282389 0.008199 0.141686 2.399239 -0.001437 -0.001487 -0.001798 0.999996
1788249601.627613544 0.008661 0.142002 2.403434 -0.001557 -0.001443 -0.001850 0.999996
1788249601.660943985 0.008514 0.141063 2.408594 -0.001682 -0.001548 -0.001900 0.999996
1788249601.694274902 0.005701 0.140717 2.409454 -0.001625 -0.001228 -0.002041 0.999996
1788249601.727606058 0.006581 0.141432 2.414095 -0.001452 -0.001369 -0.001984 0.999996
1788249601.760936737 0.006724 0.141115 2.419194 -0.001436 -0.001385 -0.001920 0.999996
1788249601.794267654 0.006344 0.143101 2.425297 -0.001301 -0.001391 -0.001983 0.999996
1788249601.827598333 0.005421 0.142427 2.426776 -0.001492 -0.001302 -0.002099 0.999996
1788249601.860929251 0.006021 0.141600 2.431534 -0.001555 -0.001415 -0.002055 0.999996
1788249601.894259453 0.005271 0.142217 2.437044 -0.001350 -0.001598 -0.002181 0.999995
1788249601.927589893 0.005924 0.143324 2.440716 -0.001009 -0.001678 -0.002381 0.999995
1788249601.960920334 0.006007 0.142986 2.444955 -0.000984 -0.001359 -0.002241 0.999996
1788249601.994250536 0.007405 0.144056 2.450232 -0.000679 -0.001353 -0.002177 0.999996
1788249602.027580976 0.007265 0.143867 2.453189 -0.000573 -0.001404 -0.002142 0.999997
1788249602.060910940 0.007141 0.144052 2.457874 -0.000615 -0.001356 -0.002064 0.999997
1788249602.094240189 0.007488 0.144219 2.463225 -0.000857 -0.001232 -0.001994 0.999997
1788249602.127569914 0.008077 0.144448 2.468628 -0.000981 -0.001291 -0.002039 0.999997
1788249602.160899639 0.007427 0.144474 2.472340 -0.000981 -0.001340 -0.002167 0.999996
1788249602.194229364 0.005733 0.144924 2.475806 -0.000826 -0.001235 -0.002233 0.999996
1788249602.227559328 0.007213 0.144973 2.481333 -0.000727 -0.001378 -0.002132 0.999997
1788249602.260888338 0.005410 0.144650 2.483448 -0.000622 -0.001152 -0.002117 0.999997
1788249602.294218063 0.007375 0.146015 2.489942 -0.000518 -0.001388 -0.001949 0.999997
1788249602.327547550 0.007250 0.145793 2.493653 -0.000792 -0.001340 -0.001829 0.999997
1788249602.360876799 0.007347 0.146122 2.498372 -0.000891 -0.001338 -0.001900 0.999997
1788249602.394205809 0.009366 0.144877 2.506418 -0.001001 -0.001786 -0.002000 0.999996
1788249602.427535057 0.007334 0.145901 2.508981 -0.000586 -0.001725 -0.002162 0.999996
1788249602.460864067 0.007331 0.146055 2.512544 -0.000442 -0.001727 -0.002277 0.999996
1788249602.494193077 0.005824 0.147014 2.515554 -0.000304 -0.001372 -0.002483 0.999996
1788249602.527523279 0.006389 0.146757 2.519509 -0.000289 -0.001259 -0.002521 0.999996
1788249602.560857534 0.007409 0.146122 2.525736 -0.000397 -0.001601 -0.002253 0.999996
1788249602.594191790 0.007657 0.147562 2.531435 -0.000538 -0.001510 -0.002288 0.999996
1788249602.627526045 0.007978 0.147560 2.535934 -0.000974 -0.001350 -0.002373 0.999996
1788249602.660860062 0.006842 0.148648 2.540348 -0.001015 -0.001322 -0.002484 0.999996
1788249602.694194078 0.006793 0.149237 2.545185 -0.001186 -0.001422 -0.002457 0.999995
1788249602.727528095 0.007208 0.149322 2.550235 -0.001164 -0.001538 -0.002467 0.999995
1788249602.760861874 0.006700 0.149644 2.552735 -0.001057 -0.001430 -0.002355 0.999996
1788249602.794195414 0.007171 0.149904 2.558201 -0.000918 -0.001454 -0.002249 0.999996
1788249602.827528954 0.008275 0.149385 2.563525 -0.001008 -0.001589 -0.002265 0.999996
1788249602.860862732 0.008447 0.149842 2.566683 -0.001207 -0.001622 -0.002238 0.999995
1788249602.894196272 0.007744 0.150060 2.572739 -0.001315 -0.001535 -0.002229 0.999995
1788249602.927529812 0.007252 0.150548 2.575639 -0.001211 -0.001476 -0.002314 0.999996
1788249602.960863352 0.007358 0.149813 2.581368 -0.001093 -0.001664 -0.002418 0.999995
1788249602.994195461 0.007330 0.151414 2.585695 -0.000838 -0.001609 -0.002791 0.999995
1788249603.027528763 0.006050 0.152262 2.588724 -0.000568 -0.001456 -0.002816 0.999995
1788249603.060862064 0.006772 0.151686 2.593872 -0.000455 -0.001599 -0.002655 0.999995
1788249603.094195127 0.007661 0.151681 2.598681 -0.000628 -0.001588 -0.002459 0.999996
1788249603.127528667 0.009210 0.152299 2.604382 -0.000864 -0.001647 -0.002335 0.999996
1788249603.160861254 0.007725 0.151644 2.608819 -0.001089 -0.001549 -0.002441 0.999995
1788249603.194194317 0.007452 0.151638 2.612678 -0.001305 -0.001460 -0.002283 0.999995
1788249603.227527142 0.006605 0.151362 2.616247 -0.001260 -0.001364 -0.002336 0.999996
1788249603.260859728 0.008304 0.151688 2.623730 -0.001052 -0.001662 -0.002288 0.999995
1788249603.294192553 0.006904 0.153388 2.624839 -0.000698 -0.001497 -0.002371 0.999996
1788249603.327524900 0.007757 0.152717 2.630958 -0.000630 -0.001586 -0.002491 0.999995
1788249603.360857487 0.006692 0.151909 2.633975 -0.000676 -0.001539 -0.002584 0.999995
1788249603.394189835 0.006041 0.153041 2.637224 -0.000573 -0.001512 -0.002570 0.999995
1788249603.427521706 0.006040 0.152864 2.642454 -0.000494 -0.001674 -0.002592 0.999995
1788249603.460853815 0.006169 0.152953 2.647569 -0.000209 -0.001955 -0.002846 0.999994
1788249603.494186163 0.008450 0.155520 2.655113 0.000292 -0.002475 -0.002859 0.999993
1788249603.527518749 0.006439 0.154914 2.655596 0.000371 -0.002144 -0.003032 0.999993
1788249603.560852528 0.007441 0.154734 2.661032 0.000390 -0.002132 -0.002954 0.999993
1788249603.594186068 0.007123 0.155554 2.664396 0.000658 -0.001822 -0.002765 0.999994
1788249603.627519608 0.006472 0.153738 2.667253 0.000800 -0.001812 -0.002689 0.999994
1788249603.660852909 0.008254 0.155012 2.671716 0.000953 -0.001973 -0.002693 0.999994
1788249603.694186211 0.006739 0.155386 2.674753 0.000768 -0.001718 -0.002695 0.999995
1788249603.727519274 0.007136 0.155575 2.681634 0.000693 -0.001797 -0.002746 0.999994
1788249603.760852575 0.006710 0.156100 2.685214 0.000827 -0.001840 -0.002670 0.999994
1788249603.794185638 0.007853 0.155905 2.689994 0.000786 -0.002009 -0.002622 0.999994
1788249603.827518463 0.009142 0.156429 2.696262 0.000954 -0.002167 -0.002517 0.999994
1788249603.860850573 0.011122 0.156291 2.701596 0.001116 -0.002386 -0.002498 0.999993
1788249603.894183397 0.010637 0.157181 2.705595 0.001116 -0.002362 -0.002531 0.999993
1788249603.927515984 0.008720 0.156962 2.708465 0.000822 -0.002061 -0.002593 0.999994
1788249603.960848808 0.011031 0.157009 2.715760 0.000800 -0.002461 -0.002723 0.999993
1788249603.994181156 0.010130 0.157891 2.719532 0.000966 -0.002495 -0.002976 0.999992
1788249604.027513742 0.008313 0.158363 2.722947 0.001205 -0.002323 -0.003186 0.999991
1788249604.060846090 0.007565 0.158226 2.726561 0.001285 -0.002218 -0.003153 0.999992
1788249604.094178677 0.008056 0.157597 2.730083 0.001309 -0.002220 -0.002960 0.999992
1788249604.127511263 0.006361 0.157379 2.732730 0.001365 -0.001889 -0.002811 0.999993
1788249604.160843134 0.009215 0.158628 2.739504 0.001413 -0.002260 -0.002658 0.999993
1788249604.194175243 0.007642 0.158586 2.743317 0.001215 -0.001956 -0.002728 0.999994
1788249604.227507353 0.007483 0.159912 2.748740 0.001153 -0.002003 -0.002762 0.999994
1788249604.260839462 0.008299 0.160565 2.753954 0.001145 -0.002151 -0.002895 0.999993
1788249604.294171333 0.008057 0.159669 2.758871 0.000983 -0.002251 -0.002901 0.999993
1788249604.327502251 0.007586 0.159248 2.760221 0.000970 -0.002170 -0.002864 0.999993
1788249604.360833883 0.007566 0.159792 2.764580 0.001031 -0.002164 -0.002766 0.999993
1788249604.394165516 0.008619 0.159896 2.770196 0.000951 -0.002271 -0.002626 0.999994
1788249604.427497149 0.008638 0.160682 2.774018 0.000849 -0.002251 -0.002649 0.999994
1788249604.460828781 0.008929 0.159955 2.779835 0.000728 -0.002318 -0.002698 0.999993
1788249604.494159937 0.009948 0.161320 2.785026 0.000760 -0.002511 -0.002633 0.999993
1788249604.527494669 0.009692 0.159271 2.789062 0.000632 -0.002505 -0.002755 0.999993
1788249604.560833931 0.009383 0.159041 2.793222 0.000733 -0.002437 -0.002656 0.999993
1788249604.594172716 0.009793 0.159714 2.797216 0.001061 -0.002499 -0.002683 0.999993
1788249604.627511740 0.011380 0.159940 2.803010 0.001220 -0.002678 -0.002536 0.999992
1788249604.660850525 0.010601 0.160389 2.805322 0.001322 -0.002463 -0.002381 0.999993
1788249604.694189072 0.010114 0.159894 2.809289 0.001090 -0.002353 -0.002149 0.999994
1788249604.727528095 0.010511 0.160508 2.813899 0.000945 -0.002363 -0.002128 0.999995
1788249604.760865688 0.010371 0.161548 2.818919 0.000944 -0.002307 -0.002227 0.999994
1788249604.794204235 0.009194 0.161452 2.822540 0.001027 -0.002197 -0.002368 0.999994
1788249604.827542782 0.009405 0.161415 2.826607 0.001179 -0.002299 -0.002452 0.999994
1788249604.860881567 0.010236 0.160753 2.832414 0.001137 -0.002421 -0.002363 0.999994
1788249604.894219875 0.009521 0.161205 2.835959 0.001090 -0.002340 -0.002172 0.999994
1788249604.927558184 0.010782 0.161669 2.841732 0.000998 -0.002515 -0.002148 0.999994
1788249604.960896969 0.012295 0.162366 2.848394 0.000861 -0.002711 -0.002272 0.999993
1788249604.994235277 0.011636 0.163023 2.852369 0.000782 -0.002584 -0.002303 0.999994
1788249605.027573347 0.011223 0.163118 2.856519 0.000789 -0.002520 -0.002532 0.999993
1788249605.060911655 0.010814 0.163181 2.860468 0.000794 -0.002453 -0.002758 0.999993
1788249605.094249725 0.009927 0.162782 2.864520 0.001003 -0.002394 -0.002922 0.999992
1788249605.127588272 0.009744 0.162066 2.867809 0.001152 -0.002441 -0.002894 0.999992
1788249605.160926342 0.010256 0.161915 2.871903 0.001082 -0.002466 -0.002663 0.999993
1788249605.194264412 0.011730 0.162043 2.878249 0.001053 -0.002541 -0.002509 0.999993
1788249605.227601528 0.011340 0.163235 2.882214 0.000961 -0.002398 -0.002326 0.999994
1788249605.260939598 0.011017 0.163379 2.887165 0.000828 -0.002385 -0.002417 0.999994
1788249605.294277430 0.012135 0.167055 2.894969 0.001280 -0.002847 -0.002513 0.999992
1788249605.327615261 0.013681 0.167280 2.900820 0.001325 -0.002987 -0.002590 0.999991
1788249605.360953093 0.012713 0.166832 2.903848 0.001264 -0.003003 -0.002490 0.999992
1788249605.394291162 0.013881 0.167545 2.909056 0.001424 -0.003280 -0.002570 0.999990
1788249605.427628756 0.013509 0.167498 2.912880 0.001478 -0.003132 -0.002497 0.999991
1788249605.460966825 0.012380 0.167151 2.915767 0.001399 -0.003010 -0.002409 0.999992
1788249605.494304419 0.012667 0.168294 2.921076 0.001359 -0.003059 -0.002427 0.999991
1788249605.527641773 0.013966 0.168783 2.927976 0.001211 -0.003253 -0.002454 0.999991
1788249605.560978651 0.012371 0.168805 2.930478 0.001167 -0.003087 -0.002551 0.999991
1788249605.594315529 0.012245 0.169052 2.934415 0.001338 -0.003175 -0.002571 0.999991
1788249605.627652407 0.011123 0.169152 2.937893 0.001534 -0.002861 -0.002541 0.999992
1788249605.660988331 0.011993 0.168501 2.941414 0.001866 -0.002842 -0.002394 0.999991
1788249605.694325209 0.011050 0.167573 2.943928 0.001906 -0.002708 -0.002127 0.999992
1788249605.727661371 0.012907 0.167551 2.949536 0.001838 -0.002814 -0.001987 0.999992
1788249605.760998249 0.013937 0.169523 2.954979 0.001799 -0.002833 -0.001726 0.999993
1788249605.794334888 0.013360 0.170193 2.959890 0.001742 -0.002750 -0.001945 0.999993
1788249605.827671051 0.013584 0.171105 2.965341 0.001807 -0.002659 -0.002030 0.999993
1788249605.861007690 0.014071 0.171075 2.969046 0.001787 -0.002796 -0.001835 0.999993
1788249605.894344091 0.013961 0.170668 2.972644 0.001888 -0.002798 -0.001481 0.999993
1788249605.927680254 0.014912 0.169706 2.977204 0.001982 -0.002878 -0.001409 0.999993
1788249605.961016417 0.014486 0.170638 2.981250 0.002183 -0.002753 -0.001383 0.999993
1788249605.994352818 0.014838 0.170360 2.986112 0.001949 -0.002819 -0.001248 0.999993
1788249606.027688742 0.013967 0.170509 2.990329 0.001707 -0.002763 -0.001272 0.999994
1788249606.061025143 0.011674 0.170949 2.994198 0.001541 -0.002452 -0.001347 0.999995
1788249606.094359875 0.011815 0.170867 2.998873 0.001581 -0.002573 -0.001416 0.999994
1788249606.127696037 0.012568 0.171703 3.003780 0.001790 -0.002559 -0.001526 0.999994
1788249606.161031723 0.012675 0.171616 3.007635 0.001873 -0.002358 -0.001450 0.999994
1788249606.194367647 0.013103 0.172127 3.011522 0.002200 -0.002277 -0.001383 0.999994
1788249606.227703333 0.014248 0.171946 3.016310 0.002320 -0.002410 -0.001075 0.999994
1788249606.261039257 0.014685 0.173169 3.023896 0.002305 -0.002450 -0.000797 0.999994
1788249606.294374704 0.014690 0.174055 3.028101 0.002210 -0.002343 -0.000744 0.999995
1788249606.327710390 0.013305 0.174056 3.032059 0.002010 -0.002055 -0.000762 0.999996
1788249606.361046076 0.014095 0.174254 3.038091 0.001804 -0.002078 -0.000701 0.999996
1788249606.394381523 0.014526 0.174565 3.042567 0.001750 -0.002135 -0.000627 0.999996
1788249606.427716970 0.014415 0.173798 3.046618 0.001911 -0.002174 -0.000654 0.999996
1788249606.461051941 0.014344 0.174460 3.051136 0.002240 -0.002170 -0.000800 0.999995
1788249606.494387627 0.015091 0.173962 3.055061 0.002270 -0.002354 -0.000660 0.999994
1788249606.527724743 0.014748 0.174224 3.059861 0.002331 -0.002542 -0.000791 0.999994
1788249606.561063528 0.016032 0.173978 3.065498 0.002120 -0.002879 -0.000763 0.999993
1788249606.594403505 0.015995 0.174531 3.071548 0.001993 -0.002979 -0.000773 0.999993
1788249606.627743244 0.014942 0.173946 3.074594 0.002038 -0.002866 -0.001009 0.999993
1788249606.661082983 0.014228 0.173574 3.078681 0.002165 -0.002854 -0.000939 0.999993
1788249606.694422960 0.014701 0.174311 3.082773 0.002505 -0.003141 -0.000983 0.999991
1788249606.727762699 0.014836 0.174842 3.087960 0.002785 -0.003344 -0.000956 0.999990
1788249606.761102676 0.014328 0.176290 3.093837 0.002962 -0.003293 -0.000668 0.999990
1788249606.794442654 0.015634 0.174325 3.098372 0.002572 -0.003658 -0.000592 0.999990
1788249606.827782154 0.015134 0.175012 3.103219 0.002555 -0.004344 -0.000750 0.999987
1788249606.861122131 0.012276 0.176008 3.107405 0.002812 -0.004789 -0.000739 0.999984
1788249606.894462109 0.011998 0.174950 3.111261 0.002978 -0.005050 -0.000990 0.999982
1788249606.927802086 0.009821 0.173953 3.114334 0.003117 -0.005271 -0.001031 0.999981
1788249606.961141348 0.009075 0.174603 3.118751 0.003376 -0.005740 -0.000964 0.999977
1788249606.994480133 0.009763 0.173822 3.122214 0.003132 -0.006258 -0.000713 0.999975
1788249607.027820110 0.009634 0.173782 3.126754 0.003011 -0.006645 -0.000702 0.999973
1788249607.061160088 0.006973 0.173086 3.130510 0.002964 -0.006921 -0.000855 0.999971
1788249607.094499588 0.005503 0.174678 3.133549 0.003241 -0.007703 -0.000941 0.999965
1788249607.127839327 0.005304 0.175808 3.139891 0.003449 -0.008828 -0.000984 0.999955
1788249607.161179304 0.005769 0.177317 3.144896 0.003804 -0.009594 -0.001073 0.999946
1788249607.194518805 0.005731 0.178251 3.149325 0.003911 -0.010386 -0.000942 0.999938
1788249607.227858782 0.007167 0.178696 3.156391 0.003889 -0.011585 -0.000756 0.999925
1788249607.261198521 0.003603 0.179620 3.159608 0.003903 -0.012227 -0.000919 0.999917
1788249607.294538021 0.001756 0.179060 3.162514 0.003830 -0.013239 -0.001091 0.999904
1788249607.327877760 0.002320 0.178965 3.168106 0.003732 -0.014526 -0.001076 0.999887
1788249607.361217737 -0.000093 0.177666 3.172267 0.003434 -0.015670 -0.000872 0.999871
1788249607.394557238 -0.001738 0.177776 3.176941 0.003391 -0.017063 -0.000702 0.999848
1788249607.427896261 -0.004856 0.177025 3.181008 0.003259 -0.018256 -0.000341 0.999828
1788249607.461235762 -0.005434 0.177394 3.185704 0.003165 -0.019487 -0.000183 0.999805
1788249607.494575500 -0.005722 0.177558 3.190515 0.003143 -0.020892 -0.000149 0.999777
1788249607.527916193 -0.008413 0.178989 3.194141 0.003128 -0.022143 -0.000180 0.999750
1788249607.561258316 -0.009180 0.179190 3.200165 0.003016 -0.023678 -0.000067 0.999715
1788249607.594600916 -0.010843 0.178581 3.204091 0.002746 -0.024948 0.000176 0.999685
1788249607.627942801 -0.010622 0.180160 3.208376 0.002704 -0.026351 0.000225 0.999649
1788249607.661284924 -0.013599 0.180979 3.213971 0.002694 -0.027637 0.000139 0.999614
1788249607.694627285 -0.015104 0.180582 3.218331 0.002669 -0.029042 -0.000111 0.999575
1788249607.727969646 -0.016687 0.180907 3.222912 0.002693 -0.030523 -0.000067 0.999530
1788249607.761311769 -0.018538 0.182303 3.225719 0.002795 -0.031844 -0.000041 0.999489
1788249607.794654131 -0.022006 0.182470 3.230781 0.002865 -0.033143 0.000215 0.999447
1788249607.827996492 -0.022272 0.181098 3.235029 0.002782 -0.034679 0.000393 0.999395
1788249607.861338854 -0.024530 0.180219 3.239916 0.002681 -0.036054 0.000555 0.999346
1788249607.894680023 -0.024632 0.180430 3.244403 0.002696 -0.037694 0.000544 0.999286
1788249607.928022385 -0.026494 0.181668 3.249345 0.002798 -0.039217 0.000598 0.999227
1788249607.961364508 -0.029501 0.180988 3.254967 0.002620 -0.040704 0.000672 0.999168
1788249607.994707108 -0.031779 0.180118 3.257488 0.002399 -0.041943 0.000925 0.999117
1788249608.028049469 -0.034220 0.180173 3.261212 0.002231 -0.043129 0.001165 0.999066
1788249608.061391830 -0.035868 0.181128 3.265454 0.002341 -0.044421 0.001222 0.999009
1788249608.094733953 -0.036446 0.180079 3.271905 0.002385 -0.045971 0.001027 0.998939
1788249608.128076553 -0.038369 0.181088 3.277583 0.002492 -0.047411 0.001006 0.998872
1788249608.161418915 -0.040277 0.182364 3.282193 0.002567 -0.048698 0.001031 0.998810
1788249608.194761276 -0.042945 0.182652 3.286382 0.002648 -0.049938 0.001265 0.998748
1788249608.228103638 -0.043115 0.182947 3.290013 0.002698 -0.051427 0.001468 0.998672
1788249608.261446238 -0.046472 0.181935 3.294536 0.002727 -0.052618 0.001351 0.998610
1788249608.294788837 -0.048099 0.182866 3.300731 0.002687 -0.054231 0.001308 0.998524
1788249608.328130007 -0.050525 0.182211 3.304796 0.002456 -0.055574 0.001205 0.998451
1788249608.361472607 -0.052512 0.184377 3.311527 0.002515 -0.056974 0.001262 0.998372
1788249608.394815207 -0.053560 0.185739 3.317263 0.002561 -0.058343 0.001164 0.998293
1788249608.428157330 -0.057546 0.184981 3.317662 0.002664 -0.059373 0.000916 0.998232
1788249608.461499691 -0.059492 0.183820 3.323189 0.002630 -0.060958 0.000867 0.998137
1788249608.494842529 -0.061664 0.181993 3.327992 0.002454 -0.062257 0.000879 0.998057
1788249608.528183937 -0.064494 0.181504 3.332451 0.002488 -0.063358 0.000875 0.997987
1788249608.561524153 -0.066596 0.182966 3.337850 0.002777 -0.064774 0.001004 0.997896
1788249608.594864130 -0.067587 0.183588 3.344345 0.002966 -0.066315 0.000995 0.997794
1788249608.628204107 -0.068933 0.185469 3.348249 0.003068 -0.067761 0.001237 0.997696
1788249608.661544323 -0.071263 0.185420 3.353184 0.002937 -0.069357 0.001494 0.997586
1788249608.694884539 -0.073455 0.185641 3.360908 0.002997 -0.070901 0.001553 0.997478
1788249608.728224277 -0.074467 0.186509 3.365103 0.002797 -0.072329 0.001980 0.997375
1788249608.761563540 -0.075397 0.188111 3.372957 0.002907 -0.073749 0.002347 0.997270
1788249608.794903755 -0.078142 0.189073 3.378045 0.003227 -0.074869 0.002540 0.997185
1788249608.828243732 -0.080459 0.188752 3.377977 0.003411 -0.075971 0.002376 0.997101
1788249608.861583710 -0.081621 0.187077 3.385483 0.003188 -0.077645 0.002509 0.996973
1788249608.894923925 -0.083060 0.187383 3.391560 0.003217 -0.079134 0.002657 0.996855
1788249608.928264141 -0.085159 0.187713 3.396872 0.003316 -0.080503 0.002745 0.996745
1788249608.961603880 -0.087115 0.188979 3.400302 0.003471 -0.081900 0.002829 0.996631
1788249608.994943857 -0.091677 0.188590 3.405335 0.003628 -0.083162 0.002857 0.996525
1788249609.028284073 -0.091806 0.190202 3.410881 0.003941 -0.084616 0.003150 0.996401
1788249609.061623812 -0.095811 0.188632 3.414618 0.003883 -0.085680 0.003474 0.996309
1788249609.094964027 -0.096691 0.188479 3.416792 0.003829 -0.086916 0.003625 0.996202
1788249609.128303766 -0.100002 0.188134 3.423783 0.003780 -0.088085 0.003656 0.996099
1788249609.161643982 -0.100193 0.187353 3.427814 0.003778 -0.089685 0.003437 0.995957
1788249609.194983721 -0.104663 0.187045 3.433974 0.003746 -0.091147 0.003427 0.995825
1788249609.228322983 -0.105672 0.188355 3.440149 0.003727 -0.092908 0.003604 0.995661
1788249609.261662722 -0.108155 0.187723 3.446708 0.003683 -0.094469 0.003666 0.995514
1788249609.295002460 -0.109384 0.189898 3.451106 0.003950 -0.096099 0.003919 0.995356
1788249609.328342676 -0.112822 0.188497 3.454818 0.003776 -0.097309 0.003983 0.995239
1788249609.361682653 -0.115015 0.189057 3.460070 0.003742 -0.098740 0.004097 0.995098
1788249609.395022392 -0.118170 0.190226 3.466509 0.003858 -0.100112 0.004225 0.994960
1788249609.428362131 -0.120830 0.190273 3.469375 0.003818 -0.101129 0.004342 0.994856
1788249609.461702108 -0.124705 0.190967 3.476328 0.003715 -0.102263 0.004507 0.994740
1788249609.495041847 -0.124226 0.192309 3.481006 0.003866 -0.103787 0.004337 0.994583
1788249609.528381109 -0.127955 0.191436 3.485544 0.003908 -0.105198 0.004175 0.994435
1788249609.561718702 -0.129642 0.192538 3.490658 0.004058 -0.106738 0.004114 0.994270
1788249609.595056295 -0.133681 0.193281 3.494455 0.004098 -0.107925 0.004101 0.994142
1788249609.628393888 -0.135927 0.193750 3.498728 0.004406 -0.109400 0.004279 0.993979
1788249609.661730528 -0.138104 0.193705 3.503594 0.004725 -0.110826 0.004392 0.993819
1788249609.695068121 -0.140384 0.192929 3.508752 0.004845 -0.112472 0.004729 0.993632
1788249609.728405714 -0.135563 0.197219 3.515669 0.005581 -0.115190 0.004872 0.993316
1788249609.761743069 -0.139330 0.197431 3.519716 0.005634 -0.116501 0.005057 0.993162
1788249609.795080662 -0.140412 0.198612 3.523989 0.005710 -0.118036 0.005316 0.992979
1788249609.828418255 -0.143014 0.199119 3.529220 0.005718 -0.119448 0.005475 0.992809
1788249609.861755610 -0.146008 0.198021 3.535085 0.005505 -0.121015 0.005707 0.992619
1788249609.895092964 -0.148326 0.197684 3.537748 0.005400 -0.122447 0.005689 0.992444
1788249609.928430557 -0.152438 0.198794 3.541248 0.005422 -0.123705 0.005807 0.992287
1788249609.961768150 -0.154136 0.197750 3.546990 0.005136 -0.125249 0.005909 0.992094
1788249609.995105505 -0.157516 0.198238 3.552001 0.005141 -0.126520 0.006159 0.991932
1788249610.028442383 -0.160404 0.200016 3.558216 0.005571 -0.127784 0.006168 0.991767
1788249610.061779737 -0.161142 0.201227 3.560463 0.005729 -0.129272 0.006318 0.991572
1788249610.095116377 -0.165736 0.200800 3.565213 0.005634 -0.130628 0.006381 0.991395
1788249610.128453493 -0.168389 0.200398 3.571677 0.005463 -0.132156 0.006407 0.991193
1788249610.161790848 -0.170442 0.200730 3.576148 0.005293 -0.133701 0.006469 0.990987
1788249610.195127964 -0.173596 0.200756 3.581195 0.005137 -0.135019 0.006442 0.990809
1788249610.228465557 -0.176260 0.200841 3.585466 0.005137 -0.136298 0.006621 0.990632
1788249610.261802673 -0.179176 0.200942 3.589862 0.005248 -0.137763 0.006750 0.990428
1788249610.295139790 -0.180821 0.202183 3.597628 0.005293 -0.139421 0.007000 0.990194
1788249610.328477144 -0.182198 0.203311 3.601677 0.005464 -0.140862 0.007015 0.989989
1788249610.361814022 -0.187326 0.202009 3.604675 0.005225 -0.141958 0.007068 0.989834
1788249610.395151138 -0.192622 0.203133 3.611017 0.005243 -0.143298 0.006981 0.989641
1788249610.428488255 -0.194218 0.204762 3.615587 0.005268 -0.144949 0.007080 0.989400
1788249610.461825609 -0.197367 0.204500 3.620793 0.005081 -0.146458 0.007193 0.989178
1788249610.495162487 -0.199170 0.204963 3.625856 0.004659 -0.147992 0.007473 0.988949
1788249610.528499842 -0.204563 0.203710 3.631936 0.004103 -0.149264 0.007522 0.988760
1788249610.561836720 -0.207305 0.203411 3.636583 0.003778 -0.150764 0.007609 0.988533
1788249610.595174551 -0.209844 0.204034 3.641421 0.003901 -0.152302 0.007623 0.988297
1788249610.628512383 -0.211761 0.205052 3.646455 0.004003 -0.153710 0.007511 0.988079
1788249610.661849976 -0.213972 0.205219 3.650402 0.003904 -0.155104 0.007639 0.987861
1788249610.695187569 -0.216518 0.205570 3.656641 0.003893 -0.156577 0.007947 0.987626
1788249610.728525400 -0.219339 0.205838 3.661155 0.003821 -0.158019 0.008004 0.987396
1788249610.761862993 -0.221200 0.206481 3.666838 0.003618 -0.159509 0.008166 0.987156
1788249610.795200825 -0.224990 0.206272 3.671778 0.003503 -0.160981 0.008381 0.986916
1788249610.828538418 -0.228048 0.206371 3.677645 0.003402 -0.162427 0.008591 0.986677
1788249610.861876011 -0.229987 0.209086 3.683646 0.003412 -0.163861 0.009014 0.986436
1788249610.895213604 -0.232535 0.208991 3.687877 0.003415 -0.164999 0.009041 0.986246
1788249610.928551197 -0.236175 0.209139 3.692021 0.003597 -0.166288 0.009091 0.986029
1788249610.961888790 -0.237746 0.209101 3.695700 0.003807 -0.167867 0.009032 0.985761
1788249610.995225430 -0.241183 0.207709 3.699847 0.003640 -0.169287 0.009075 0.985518
1788249611.028563023 -0.245864 0.209492 3.705543 0.004002 -0.170559 0.009160 0.985297
1788249611.061900377 -0.247226 0.214564 3.716326 0.004853 -0.172715 0.009516 0.984914
1788249611.095238209 -0.251377 0.216766 3.721773 0.005070 -0.174100 0.009779 0.984666
1788249611.128575563 -0.253258 0.215871 3.726941 0.004919 -0.175661 0.009984 0.984388
1788249611.161913157 -0.256126 0.215970 3.731299 0.005014 -0.177050 0.010113 0.984137
1788249611.195250511 -0.259096 0.215525 3.734938 0.004744 -0.178285 0.010475 0.983912
1788249611.228587866 -0.262802 0.217050 3.741231 0.004827 -0.179502 0.010444 0.983690
1788249611.261925459 -0.265223 0.217687 3.745283 0.005168 -0.180815 0.010450 0.983448
1788249611.295262814 -0.268062 0.217005 3.749570 0.005249 -0.182380 0.010364 0.983160
1788249611.328600168 -0.271751 0.217287 3.754244 0.005260 -0.183658 0.010586 0.982919
1788249611.361937523 -0.276000 0.218659 3.759194 0.005394 -0.185007 0.010792 0.982663
1788249611.395275116 -0.276599 0.217940 3.761235 0.005352 -0.186435 0.010856 0.982393
1788249611.428611517 -0.278560 0.216866 3.765439 0.005064 -0.187927 0.011271 0.982105
1788249611.461948872 -0.281605 0.217895 3.771362 0.005069 -0.189335 0.011566 0.981831
1788249611.495286226 -0.284629 0.218789 3.776904 0.005214 -0.190645 0.011601 0.981577
1788249611.528625250 -0.289668 0.218816 3.780711 0.005247 -0.191785 0.011679 0.981354
1788249611.561967134 -0.292157 0.217941 3.786928 0.004905 -0.193173 0.011719 0.981082
1788249611.595309019 -0.294261 0.217971 3.789535 0.004912 -0.194400 0.011771 0.980839
1788249611.628650904 -0.298189 0.217525 3.795681 0.005155 -0.196007 0.011343 0.980523
1788249611.661992550 -0.301287 0.219095 3.799844 0.005500 -0.197650 0.010986 0.980196
1788249611.695334196 -0.307414 0.219704 3.801996 0.005416 -0.198826 0.011252 0.979955
1788249611.728676558 -0.309031 0.220172 3.807252 0.005421 -0.200512 0.011352 0.979611
1788249611.762018204 -0.313855 0.218788 3.811758 0.005212 -0.201952 0.011576 0.979313
1788249611.795360088 -0.315314 0.219992 3.816173 0.005112 -0.203570 0.011637 0.978978
1788249611.828701973 -0.319997 0.221497 3.821400 0.005130 -0.204840 0.011703 0.978712
1788249611.862042665 -0.325213 0.221190 3.827567 0.005076 -0.206195 0.011805 0.978427
1788249611.895385027 -0.327006 0.222567 3.830294 0.005015 -0.207491 0.011896 0.978152
1788249611.928726912 -0.329990 0.221978 3.835842 0.004909 -0.208778 0.011948 0.977878
1788249611.962068558 -0.334849 0.222113 3.841181 0.005192 -0.210131 0.011851 0.977588
1788249611.995410681 -0.337868 0.221681 3.842988 0.005097 -0.211628 0.011840 0.977265
1788249612.028752804 -0.341603 0.221393 3.849467 0.005087 -0.213240 0.011819 0.976915
1788249612.062094927 -0.345642 0.220938 3.852973 0.004983 -0.214603 0.011944 0.976616
1788249612.095436811 -0.348425 0.220535 3.856440 0.004963 -0.216100 0.012133 0.976283
1788249612.128778934 -0.351175 0.221771 3.861573 0.005048 -0.217436 0.012659 0.975979
1788249612.162121058 -0.353466 0.221988 3.865355 0.005052 -0.218833 0.012836 0.975665
1788249612.195462942 -0.356494 0.221434 3.869817 0.005064 -0.220341 0.012797 0.975326
1788249612.228805304 -0.360707 0.221615 3.873968 0.004922 -0.221735 0.012985 0.975008
1788249612.262147427 -0.360758 0.220152 3.885440 0.004544 -0.224176 0.013394 0.974446
1788249612.295489311 -0.364142 0.221530 3.888201 0.004597 -0.225374 0.013415 0.974169
1788249612.328830242 -0.369337 0.223176 3.894366 0.004729 -0.226870 0.013448 0.973821
1788249612.362172842 -0.372457 0.222526 3.896582 0.004644 -0.228260 0.013410 0.973497
1788249612.395514965 -0.375842 0.222156 3.902526 0.004352 -0.229816 0.013683 0.973128
1788249612.428856850 -0.379540 0.221862 3.906395 0.004153 -0.231167 0.013767 0.972808
1788249612.462199450 -0.382296 0.223186 3.911604 0.004215 -0.232526 0.014070 0.972479
1788249612.495541334 -0.385402 0.223238 3.915548 0.004214 -0.233733 0.014298 0.972187
1788249612.528881550 -0.388782 0.224231 3.920043 0.004174 -0.235159 0.014573 0.971839
1788249612.562218666 -0.391522 0.224543 3.925080 0.003982 -0.236631 0.014759 0.971479
1788249612.595555782 -0.396014 0.224564 3.929468 0.003692 -0.237823 0.014864 0.971188
1788249612.628893137 -0.398764 0.224268 3.933901 0.003612 -0.239096 0.014841 0.970876
1788249612.662230015 -0.405449 0.225603 3.937491 0.003922 -0.240150 0.014548 0.970619
1788249612.695567131 -0.408114 0.226098 3.942674 0.003980 -0.241810 0.014696 0.970204
1788249612.728904247 -0.410608 0.224863 3.943331 0.003919 -0.243064 0.014552 0.969893
1788249612.762240410 -0.414680 0.226956 3.947624 0.004187 -0.244411 0.014708 0.969551
1788249612.795577526 -0.419855 0.227930 3.953151 0.004407 -0.245717 0.015034 0.969215
1788249612.828914642 -0.419959 0.228203 3.956240 0.004613 -0.247189 0.015112 0.968839
1788249612.862251997 -0.423589 0.227954 3.961621 0.004693 -0.248732 0.015364 0.968439
1788249612.895588636 -0.427489 0.228120 3.965181 0.004580 -0.250222 0.015430 0.968055
1788249612.928925753 -0.432418 0.228690 3.969769 0.004496 -0.251513 0.015628 0.967717
1788249612.962262869 -0.436342 0.229296 3.973796 0.004275 -0.252886 0.015844 0.967357
1788249612.995599985 -0.439553 0.229482 3.978884 0.004083 -0.254315 0.015918 0.966982
1788249613.028936863 -0.445225 0.229185 3.984310 0.004082 -0.255677 0.015737 0.966626
1788249613.062274218 -0.448638 0.227015 3.986750 0.003812 -0.257281 0.015459 0.966205
1788249613.095611095 -0.451829 0.228616 3.991100 0.003819 -0.258885 0.015545 0.965775
1788249613.128947735 -0.455660 0.229263 3.994740 0.003844 -0.260392 0.015739 0.965367
1788249613.162284851 -0.459259 0.230070 3.997340 0.003980 -0.261754 0.015891 0.964996
1788249613.195621967 -0.462455 0.230002 4.001079 0.003906 -0.263194 0.015980 0.964603
1788249613.228957891 -0.467191 0.229903 4.004903 0.003901 -0.264766 0.016032 0.964172
1788249613.262295008 -0.471059 0.229486 4.009216 0.003766 -0.266344 0.015955 0.963739
1788249613.295631647 -0.475395 0.231146 4.013579 0.003733 -0.267769 0.016131 0.963341
1788249613.328968525 -0.478227 0.230978 4.017734 0.003584 -0.269427 0.016241 0.962877
1788249613.362305641 -0.483350 0.230027 4.024290 0.003655 -0.271079 0.016368 0.962411
1788249613.395642757 -0.488242 0.229865 4.027658 0.003758 -0.272572 0.016389 0.961989
1788249613.428979635 -0.492029 0.229467 4.030315 0.003696 -0.274145 0.016562 0.961539
1788249613.462316513 -0.495853 0.230243 4.034862 0.003874 -0.275736 0.016701 0.961080
1788249613.495653152 -0.500526 0.230162 4.038217 0.004091 -0.277358 0.016817 0.960611
1788249613.528991461 -0.504017 0.230346 4.041787 0.004189 -0.279069 0.016973 0.960112
1788249613.562352419 -0.507703 0.230170 4.043550 0.004088 -0.280723 0.017141 0.959627
1788249613.595743656 -0.512894 0.231152 4.047748 0.004084 -0.282294 0.017386 0.959162
1788249613.629135132 -0.516881 0.232808 4.052059 0.004174 -0.283935 0.017587 0.958673
1788249613.662526131 -0.518468 0.232395 4.054529 0.004021 -0.285498 0.017881 0.958204
1788249613.695918083 -0.526036 0.234629 4.060392 0.004467 -0.286686 0.018131 0.957843
1788249613.729310513 -0.527313 0.232757 4.063516 0.004598 -0.288255 0.018219 0.957369
1788249613.762703419 -0.531477 0.234486 4.066787 0.004948 -0.289773 0.018301 0.956908
1788249613.796096563 -0.535650 0.233377 4.069448 0.004855 -0.291123 0.018328 0.956498
1788249613.829489946 -0.539365 0.233438 4.073568 0.005114 -0.292761 0.018420 0.955995
1788249613.862884283 -0.543652 0.233896 4.075303 0.005263 -0.294084 0.018592 0.955584
1788249613.896278143 -0.548185 0.232564 4.079420 0.005054 -0.295708 0.018516 0.955086
1788249613.929672718 -0.552148 0.233343 4.082031 0.005132 -0.297244 0.018522 0.954608
1788249613.963067770 -0.557101 0.234434 4.086383 0.005244 -0.298752 0.018480 0.954137
1788249613.996463060 -0.559577 0.234084 4.090043 0.005062 -0.300358 0.018736 0.953629
1788249614.029858351 -0.564251 0.236451 4.093995 0.005121 -0.301694 0.019051 0.953201
1788249614.063254356 -0.567231 0.235330 4.097897 0.004958 -0.303100 0.019031 0.952756
1788249614.096649647 -0.572192 0.235301 4.100430 0.004994 -0.304525 0.018970 0.952302
1788249614.130046368 -0.578449 0.235019 4.104523 0.005010 -0.306045 0.018839 0.951817
1788249614.163443327 -0.581916 0.234082 4.104948 0.004683 -0.307493 0.018908 0.951351
1788249614.196840525 -0.586344 0.234392 4.109002 0.004668 -0.309162 0.018900 0.950810
1788249614.230237722 -0.590494 0.235065 4.111744 0.004644 -0.310761 0.018945 0.950288
1788249614.263635874 -0.593874 0.235957 4.117571 0.004542 -0.312771 0.018866 0.949630
1788249614.297034264 -0.601447 0.237649 4.121909 0.004606 -0.314163 0.019029 0.949167
1788249614.330432892 -0.606830 0.238318 4.125154 0.004502 -0.315663 0.019228 0.948666
1788249614.363831997 -0.609489 0.238367 4.127111 0.004267 -0.317176 0.019412 0.948159
1788249614.397230864 -0.612584 0.238490 4.130718 0.004192 -0.318748 0.019410 0.947632
1788249614.430630684 -0.618512 0.237445 4.134408 0.004143 -0.320090 0.019317 0.947181
1788249614.464030743 -0.622134 0.237544 4.137823 0.004291 -0.321737 0.019348 0.946622
1788249614.497430801 -0.624739 0.236184 4.140935 0.004103 -0.323475 0.019345 0.946030
1788249614.530831814 -0.629907 0.237471 4.145953 0.004067 -0.325234 0.019859 0.945416
1788249614.564203024 -0.635035 0.236607 4.148684 0.004100 -0.326615 0.019784 0.944942
1788249614.597536564 -0.640201 0.236054 4.151651 0.004155 -0.328247 0.019942 0.944372
1788249614.630870342 -0.643843 0.236774 4.155792 0.004350 -0.330092 0.020079 0.943725
1788249614.664203882 -0.648757 0.237286 4.157221 0.004457 -0.331489 0.020227 0.943232
1788249614.697537422 -0.652629 0.238262 4.161905 0.004677 -0.333130 0.020599 0.942644
1788249614.730870962 -0.654159 0.236981 4.165381 0.004693 -0.334759 0.021003 0.942058
1788249614.764204502 -0.658268 0.236861 4.168249 0.004710 -0.336141 0.021327 0.941558
1788249614.797537804 -0.663017 0.238281 4.171374 0.004967 -0.337612 0.021464 0.941027
1788249614.830871344 -0.668222 0.237341 4.173321 0.005056 -0.338970 0.021405 0.940540
1788249614.864204645 -0.671202 0.236442 4.174586 0.005011 -0.340567 0.021180 0.939968
1788249614.897537947 -0.677071 0.236817 4.177027 0.004736 -0.342019 0.021330 0.939439
1788249614.930871248 -0.682305 0.239515 4.181766 0.004844 -0.343600 0.021408 0.938859
1788249614.964204311 -0.686884 0.239333 4.184243 0.004782 -0.345324 0.021511 0.938225
1788249614.997536421 -0.690586 0.237991 4.184619 0.004634 -0.347218 0.021487 0.937527
1788249615.030869722 -0.696151 0.238400 4.189004 0.004480 -0.348884 0.021663 0.936905
1788249615.064202785 -0.700487 0.239251 4.191151 0.004370 -0.350455 0.021650 0.936319
1788249615.097535849 -0.705539 0.239118 4.194635 0.004247 -0.351983 0.021781 0.935743
1788249615.130868912 -0.711429 0.240568 4.197518 0.004220 -0.353536 0.022060 0.935151
1788249615.164201736 -0.715176 0.240287 4.200267 0.004318 -0.355274 0.021808 0.934498
1788249615.197534561 -0.721123 0.239767 4.203189 0.004245 -0.356985 0.021901 0.933844
1788249615.230867624 -0.724019 0.238320 4.205000 0.003728 -0.358748 0.021773 0.933173
1788249615.264200211 -0.731515 0.238969 4.209450 0.003664 -0.360351 0.021660 0.932558
1788249615.297533035 -0.733870 0.237806 4.211418 0.003440 -0.362130 0.021588 0.931871
1788249615.330865860 -0.738628 0.238609 4.213463 0.003470 -0.363715 0.021889 0.931247
1788249615.364198208 -0.743299 0.239808 4.217012 0.003560 -0.365466 0.022211 0.930553
1788249615.397531033 -0.748473 0.240895 4.220523 0.003682 -0.367054 0.022333 0.929924
1788249615.430862665 -0.753156 0.240783 4.222261 0.003605 -0.368498 0.022425 0.929351
1788249615.464195251 -0.756244 0.242779 4.224494 0.003727 -0.370240 0.022283 0.928662
1788249615.497527599 -0.761658 0.242684 4.226854 0.003869 -0.371883 0.022045 0.928010
1788249615.530859947 -0.767057 0.243508 4.229393 0.004165 -0.373612 0.021785 0.927320
1788249615.564197540 -0.772487 0.243474 4.230626 0.004014 -0.375281 0.021662 0.926649
1788249615.597541571 -0.778960 0.242653 4.232739 0.003696 -0.376759 0.021851 0.926046
1788249615.630885124 -0.783347 0.243443 4.235918 0.003597 -0.378646 0.021764 0.925279
1788249615.664229155 -0.788101 0.242081 4.237903 0.003384 -0.380373 0.021978 0.924566
1788249615.697572947 -0.793341 0.242721 4.241647 0.003348 -0.382109 0.022326 0.923842
1788249615.730916977 -0.797919 0.241845 4.243923 0.003060 -0.383673 0.022683 0.923185
1788249615.764261007 -0.802306 0.242268 4.246483 0.003013 -0.385250 0.022640 0.922529
1788249615.797605038 -0.806136 0.242495 4.250244 0.003008 -0.386912 0.022678 0.921833
1788249615.830948830 -0.811173 0.242705 4.252812 0.003155 -0.388447 0.022842 0.921183
1788249615.864291906 -0.816033 0.241764 4.254123 0.003287 -0.390046 0.022864 0.920506
1788249615.897636175 -0.820086 0.243238 4.257673 0.003515 -0.391815 0.022993 0.919750
1788249615.930980206 -0.825002 0.243351 4.259156 0.003658 -0.393305 0.022990 0.919113
1788249615.964324236 -0.830292 0.242624 4.260424 0.003608 -0.394806 0.023210 0.918464
1788249615.997668266 -0.834495 0.242867 4.264640 0.003747 -0.396550 0.023459 0.917706
1788249616.031012535 -0.839026 0.243274 4.266156 0.003781 -0.398180 0.023548 0.916997
1788249616.064356804 -0.842780 0.243373 4.268590 0.003667 -0.399913 0.023625 0.916241
1788249616.097700834 -0.848930 0.243683 4.270985 0.003607 -0.401342 0.023820 0.915612
1788249616.131044865 -0.853560 0.243489 4.272162 0.003432 -0.402759 0.023698 0.914993
1788249616.164389133 -0.859438 0.244697 4.276070 0.003865 -0.404390 0.023538 0.914276
1788249616.197733402 -0.863750 0.244797 4.276696 0.004035 -0.406158 0.023274 0.913498
1788249616.231077909 -0.870932 0.244248 4.277355 0.003955 -0.407548 0.023243 0.912879
1788249616.264422178 -0.874998 0.244259 4.279864 0.003881 -0.409224 0.023150 0.912132
1788249616.297766447 -0.878879 0.244824 4.281404 0.003905 -0.410910 0.023175 0.911373
1788249616.331110001 -0.885971 0.246046 4.284250 0.003786 -0.412529 0.023456 0.910635
1788249616.364454269 -0.889524 0.244713 4.286577 0.003457 -0.414229 0.023628 0.909859
1788249616.397798777 -0.894536 0.244012 4.288081 0.003197 -0.415776 0.023659 0.909154
1788249616.431143284 -0.900533 0.245611 4.291027 0.003185 -0.417329 0.023695 0.908441
1788249616.464487553 -0.905277 0.245252 4.294854 0.002871 -0.418886 0.023552 0.907729
1788249616.497831821 -0.908668 0.243731 4.296849 0.002815 -0.420554 0.023440 0.906960
1788249616.531176329 -0.914880 0.243927 4.298093 0.002917 -0.422131 0.023295 0.906231
1788249616.564519167 -0.919725 0.245340 4.298689 0.003017 -0.423763 0.023047 0.905475
1788249616.597859859 -0.923347 0.246679 4.304421 0.003074 -0.425825 0.023303 0.904500
1788249616.631200552 -0.927515 0.246526 4.305579 0.002954 -0.427503 0.023521 0.903703
1788249616.664541006 -0.933342 0.245831 4.307732 0.002843 -0.429157 0.023748 0.902913
1788249616.697881699 -0.937519 0.246876 4.310006 0.002936 -0.430891 0.023748 0.902087
1788249616.731222391 -0.942812 0.246270 4.310756 0.002656 -0.432492 0.023718 0.901322
1788249616.764561892 -0.949190 0.247005 4.314016 0.002492 -0.434028 0.023650 0.900585
1788249616.797902346 -0.954695 0.246737 4.315050 0.002215 -0.435534 0.023383 0.899866
1788249616.831243038 -0.959866 0.246995 4.315974 0.002325 -0.437161 0.023097 0.899084
1788249616.864583492 -0.966029 0.247839 4.318066 0.002402 -0.438822 0.023125 0.898273
1788249616.897924185 -0.970920 0.247113 4.319515 0.002216 -0.440517 0.022838 0.897451
1788249616.931264877 -0.976494 0.247923 4.321866 0.002226 -0.442015 0.023031 0.896709
1788249616.964605331 -0.981728 0.247411 4.323107 0.002129 -0.443639 0.022974 0.895908
1788249616.997946024 -0.985947 0.248201 4.324466 0.001967 -0.445316 0.023101 0.895073
1788249617.031286478 -0.990442 0.249138 4.327582 0.001925 -0.447058 0.023355 0.894198
1788249617.064627171 -0.996643 0.249130 4.330702 0.001688 -0.448705 0.023289 0.893375
1788249617.097967625 -1.001976 0.250239 4.332345 0.001448 -0.450280 0.023472 0.892578
1788249617.131308079 -1.007038 0.250339 4.334195 0.001288 -0.451585 0.023421 0.891920
1788249617.164649010 -1.012354 0.251256 4.336448 0.001340 -0.452986 0.023425 0.891209
1788249617.197989464 -1.016615 0.250177 4.337229 0.001220 -0.454597 0.023572 0.890385
1788249617.231329203 -1.022149 0.249549 4.338646 0.001149 -0.456135 0.023661 0.889595
1788249617.264669895 -1.027285 0.250080 4.340698 0.001152 -0.457702 0.023647 0.888791
1788249617.298010588 -1.032392 0.250624 4.342483 0.001129 -0.459167 0.023780 0.888031
1788249617.331350803 -1.037554 0.247285 4.341046 0.000400 -0.460678 0.024383 0.887233
1788249617.364691496 -1.041558 0.247375 4.342944 0.000368 -0.462298 0.024627 0.886382
1788249617.398031950 -1.046966 0.247594 4.345045 0.000234 -0.464001 0.024670 0.885491
1788249617.431372643 -1.052832 0.248899 4.346869 0.000168 -0.465540 0.024587 0.884685
1788249617.464713335 -1.059642 0.247638 4.348874 -0.000119 -0.466885 0.024292 0.883985
1788249617.498053789 -1.064050 0.247052 4.349264 -0.000242 -0.468278 0.024353 0.883246
1788249617.531394720 -1.070312 0.247420 4.351454 -0.000031 -0.469947 0.024323 0.882359
1788249617.564730644 -1.074862 0.247049 4.351224 -0.000040 -0.471544 0.024285 0.881508
1788249617.598060846 -1.078841 0.248029 4.352626 0.000058 -0.473139 0.024377 0.880651
1788249617.631391048 -1.084646 0.247835 4.354886 0.000001 -0.474679 0.024379 0.879821
1788249617.664720058 -1.090200 0.247860 4.356182 -0.000224 -0.476275 0.024600 0.878952
1788249617.698050022 -1.096501 0.248624 4.358191 -0.000221 -0.477741 0.024632 0.878155
1788249617.731379747 -1.100871 0.248225 4.359150 -0.000414 -0.479405 0.024740 0.877245
1788249617.764709234 -1.105605 0.248973 4.359809 -0.000589 -0.481022 0.024730 0.876359
1788249617.798038960 -1.111570 0.249050 4.361821 -0.000829 -0.482443 0.024833 0.875575
1788249617.831368446 -1.116872 0.249546 4.363925 -0.000836 -0.483941 0.024787 0.874749
1788249617.864697933 -1.122743 0.249722 4.365486 -0.000671 -0.485435 0.024858 0.873919
1788249617.898027182 -1.126548 0.249650 4.364766 -0.000590 -0.486952 0.024656 0.873080
1788249617.931356192 -1.132357 0.249714 4.366409 -0.000717 -0.488512 0.024836 0.872203
1788249617.964685440 -1.138157 0.255903 4.375319 0.000176 -0.490427 0.024587 0.871135
1788249617.998014212 -1.142370 0.255161 4.375417 -0.000143 -0.491923 0.024915 0.870282
1788249618.031343222 -1.148470 0.255999 4.377246 -0.000105 -0.493479 0.025039 0.869397
1788249618.064671993 -1.154773 0.256102 4.378489 -0.000278 -0.495011 0.025085 0.868525
1788249618.097999811 -1.160057 0.256465 4.379646 -0.000515 -0.496564 0.024907 0.867642
1788249618.131328106 -1.165554 0.255758 4.380854 -0.000815 -0.497908 0.024700 0.866878
1788249618.164656639 -1.172035 0.257883 4.383932 -0.000648 -0.499366 0.024821 0.866035
1788249618.197985172 -1.177092 0.258313 4.385163 -0.000493 -0.500978 0.024741 0.865106
1788249618.231313229 -1.181964 0.258172 4.385543 -0.000484 -0.502609 0.024872 0.864156
1788249618.264641762 -1.186167 0.256948 4.385484 -0.000662 -0.504074 0.024957 0.863300
1788249618.297969580 -1.191912 0.257550 4.387271 -0.000532 -0.505564 0.025027 0.862426
1788249618.331297636 -1.196966 0.257566 4.388822 -0.000294 -0.507219 0.024938 0.861456
1788249618.364625454 -1.201970 0.258084 4.388139 -0.000217 -0.508762 0.025136 0.860540
1788249618.397953033 -1.207423 0.257699 4.389589 -0.000402 -0.510268 0.025198 0.859646
1788249618.431281090 -1.212203 0.258223 4.391359 -0.000418 -0.511797 0.025492 0.858728
1788249618.464608669 -1.217552 0.258255 4.393136 -0.000516 -0.513356 0.025672 0.857791
1788249618.497936249 -1.222535 0.257781 4.394281 -0.000564 -0.514707 0.025767 0.856979
1788249618.531263590 -1.227872 0.258609 4.395822 -0.000314 -0.516277 0.025709 0.856036
1788249618.564593315 -1.233669 0.258298 4.396663 -0.000443 -0.517794 0.025878 0.855114
1788249618.597928524 -1.238238 0.257979 4.396906 -0.000435 -0.519187 0.025868 0.854269
1788249618.631264210 -1.244982 0.253740 4.393187 -0.000937 -0.519930 0.026202 0.853806
1788249618.664599180 -1.249753 0.253597 4.394943 -0.000704 -0.521579 0.026540 0.852790
1788249618.697934389 -1.253844 0.253539 4.395957 -0.000709 -0.523199 0.026812 0.851788
1788249618.731269836 -1.260092 0.254285 4.397090 -0.000672 -0.524558 0.027049 0.850945
1788249618.764604568 -1.265704 0.254359 4.397789 -0.000870 -0.525988 0.027189 0.850057
1788249618.797939539 -1.271791 0.255205 4.400024 -0.001062 -0.527516 0.026932 0.849117
1788249618.831274509 -1.277755 0.256438 4.401007 -0.001171 -0.528856 0.026756 0.848289
1788249618.864609480 -1.284194 0.256307 4.403736 -0.001179 -0.530407 0.026644 0.847323
1788249618.897944450 -1.288533 0.255510 4.402802 -0.001428 -0.531911 0.026850 0.846373
1788249618.931279182 -1.294701 0.256829 4.406715 -0.001382 -0.533649 0.026864 0.845278
1788249618.964613914 -1.300535 0.256386 4.406262 -0.001197 -0.534980 0.026904 0.844435
1788249618.997947454 -1.305531 0.256015 4.406101 -0.001080 -0.536571 0.026794 0.843429
1788249619.031282187 -1.310601 0.256468 4.406401 -0.001020 -0.538251 0.026823 0.842357
1788249619.064616919 -1.317032 0.255452 4.408711 -0.001194 -0.539857 0.026886 0.841326
1788249619.097951412 -1.323892 0.255683 4.409943 -0.001121 -0.541283 0.026835 0.840412
1788249619.131285906 -1.328958 0.255686 4.409956 -0.001279 -0.542676 0.026875 0.839511
1788249619.164620161 -1.333161 0.255135 4.409533 -0.001339 -0.544080 0.026889 0.838601
1788249619.197954655 -1.339594 0.255585 4.411336 -0.001109 -0.545552 0.026973 0.837642
1788249619.231288910 -1.345341 0.256429 4.412875 -0.000901 -0.547043 0.027099 0.836666
1788249619.264623165 -1.350567 0.255546 4.413924 -0.000909 -0.548545 0.027196 0.835678
1788249619.297957420 -1.355810 0.255699 4.414828 -0.000411 -0.550017 0.027316 0.834707
1788249619.331291437 -1.360225 0.255582 4.415905 -0.000020 -0.551700 0.027716 0.833582
1788249619.364625454 -1.364517 0.255940 4.417119 0.000282 -0.553286 0.028176 0.832515
1788249619.397959471 -1.369243 0.254991 4.417294 0.000207 -0.554633 0.028581 0.831604
1788249619.431292534 -1.373183 0.254990 4.416982 0.000331 -0.556026 0.028664 0.830670
1788249619.464626551 -1.379045 0.255433 4.417722 0.000443 -0.557442 0.028703 0.829719
1788249619.497960329 -1.384689 0.252409 4.418159 -0.000037 -0.558690 0.028981 0.828870
1788249619.531294346 -1.389844 0.252863 4.416667 0.000389 -0.559864 0.029011 0.828077
1788249619.564630985 -1.395211 0.252922 4.418060 0.000624 -0.561429 0.029138 0.827012
1788249619.597971916 -1.399704 0.252457 4.417197 0.000678 -0.562709 0.029241 0.826137
1788249619.631312609 -1.405622 0.252549 4.418208 0.000926 -0.564176 0.029246 0.825136
1788249619.664653063 -1.409765 0.252596 4.417285 0.001346 -0.565640 0.029152 0.824136
1788249619.697993994 -1.415218 0.252008 4.416437 0.001550 -0.567115 0.029145 0.823121
1788249619.731334448 -1.420871 0.252098 4.416143 0.001457 -0.568550 0.029064 0.822134
1788249619.764675379 -1.425207 0.251075 4.415605 0.001310 -0.569933 0.029106 0.821174
1788249619.798015833 -1.431893 0.251965 4.417463 0.001324 -0.571437 0.029294 0.820122
1788249619.831356525 -1.436512 0.252092 4.418350 0.001374 -0.572800 0.029413 0.819166
1788249619.864697456 -1.442369 0.251706 4.418765 0.001556 -0.574238 0.029452 0.818157
1788249619.898036957 -1.447163 0.251915 4.418229 0.001752 -0.575725 0.029415 0.817112
1788249619.931377172 -1.453268 0.251630 4.419336 0.001933 -0.577062 0.029400 0.816169
1788249619.964717865 -1.457569 0.251792 4.418607 0.002112 -0.578443 0.029491 0.815187
1788249619.998058319 -1.463273 0.251871 4.419621 0.002301 -0.579882 0.029782 0.814153
1788249620.031399012 -1.467048 0.251084 4.418117 0.002331 -0.581232 0.030049 0.813180
1788249620.064739466 -1.470623 0.251509 4.417645 0.002408 -0.582701 0.030406 0.812114
1788249620.098079920 -1.476736 0.252612 4.422210 0.002470 -0.584291 0.030714 0.810959
1788249620.131420374 -1.481966 0.253571 4.422658 0.002560 -0.585728 0.030651 0.809924
1788249620.164760590 -1.488190 0.253463 4.422400 0.002639 -0.586979 0.030691 0.809016
1788249620.198101044 -1.493560 0.252053 4.423594 0.002921 -0.588520 0.030418 0.807905
1788249620.231441498 -1.497102 0.253107 4.422159 0.003192 -0.589962 0.030389 0.806853
1788249620.264781952 -1.503174 0.252262 4.422610 0.003230 -0.591347 0.030364 0.805839
1788249620.298122168 -1.508123 0.253680 4.422091 0.003653 -0.592674 0.030486 0.804857
1788249620.331461430 -1.512692 0.253225 4.421730 0.003780 -0.594120 0.030642 0.803784
1788249620.364801645 -1.518022 0.253812 4.421602 0.004146 -0.595522 0.030855 0.802736
1788249620.398142099 -1.522523 0.252767 4.420900 0.004000 -0.596978 0.031206 0.801640
1788249620.431482077 -1.527811 0.253790 4.421826 0.003961 -0.598485 0.031218 0.800516
1788249620.464822292 -1.533303 0.254133 4.422057 0.003978 -0.599802 0.031320 0.799525
1788249620.498162508 -1.539607 0.254774 4.422948 0.003900 -0.601234 0.031699 0.798434
1788249620.531502724 -1.544562 0.254796 4.422941 0.004125 -0.602595 0.031695 0.797407
1788249620.564841747 -1.551229 0.253339 4.423630 0.004159 -0.604062 0.031898 0.796288
1788249620.598180056 -1.555729 0.254893 4.423407 0.004340 -0.605396 0.032111 0.795264
1788249620.631518126 -1.559966 0.253484 4.423944 0.004315 -0.606726 0.032400 0.794239
1788249620.664856434 -1.563690 0.251978 4.422232 0.004311 -0.608018 0.032664 0.793239
1788249620.698194504 -1.569893 0.251206 4.423886 0.004360 -0.609539 0.032986 0.792058
1788249620.731532335 -1.574177 0.251406 4.423077 0.004374 -0.610931 0.033362 0.790968
1788249620.764869452 -1.578799 0.251512 4.423246 0.004346 -0.612316 0.033540 0.789889
1788249620.798207283 -1.583596 0.251821 4.425244 0.004278 -0.613775 0.033685 0.788750
1788249620.831545353 -1.589006 0.251739 4.424155 0.004216 -0.615048 0.033580 0.787763
1788249620.864883423 -1.595011 0.252218 4.425484 0.004494 -0.616420 0.033644 0.786686
1788249620.898221493 -1.599841 0.252345 4.423320 0.004797 -0.617794 0.033658 0.785605
1788249620.931559563 -1.605800 0.253007 4.423748 0.004911 -0.619294 0.033750 0.784418
1788249620.964897394 -1.610595 0.253642 4.422748 0.005045 -0.620568 0.033698 0.783412
1788249620.998235226 -1.616067 0.253500 4.420622 0.005095 -0.622058 0.033947 0.782218
1788249621.031573057 -1.620574 0.253491 4.420040 0.005212 -0.623467 0.033965 0.781094
1788249621.064910650 -1.625247 0.253532 4.420496 0.005174 -0.625007 0.034119 0.779856
1788249621.098248482 -1.630868 0.254118 4.420208 0.005079 -0.626406 0.034188 0.778731
1788249621.131586313 -1.637273 0.254614 4.420225 0.005026 -0.627770 0.034195 0.777631
1788249621.164924383 -1.642173 0.255811 4.419782 0.005068 -0.629042 0.034193 0.776603
1788249621.198262215 -1.646936 0.253932 4.417384 0.004937 -0.630204 0.034222 0.775659
1788249621.231598616 -1.652476 0.254748 4.417544 0.005230 -0.631702 0.034292 0.774435
1788249621.264936447 -1.657414 0.254161 4.416264 0.005214 -0.633121 0.034458 0.773268
1788249621.298274040 -1.662406 0.254625 4.416955 0.005323 -0.634455 0.034641 0.772165
1788249621.331612110 -1.665761 0.254569 4.417293 0.005330 -0.635955 0.034894 0.770919
1788249621.364949703 -1.670699 0.254409 4.416359 0.005450 -0.637283 0.035154 0.769808
1788249621.398287296 -1.675417 0.254158 4.414287 0.005432 -0.638595 0.035276 0.768715
1788249621.431624889 -1.680613 0.253415 4.414353 0.005304 -0.640033 0.035027 0.767530
1788249621.464962482 -1.686798 0.252840 4.413421 0.005190 -0.641287 0.034845 0.766492
1788249621.498300314 -1.692635 0.256059 4.414420 0.005605 -0.642762 0.034837 0.765253
1788249621.531637907 -1.698964 0.254150 4.413029 0.005697 -0.644221 0.034713 0.764030
1788249621.564975023 -1.704086 0.255003 4.409754 0.005834 -0.645519 0.034759 0.762931
1788249621.598311424 -1.708954 0.253590 4.410599 0.005665 -0.647029 0.034823 0.761649
1788249621.631648064 -1.712922 0.255626 4.409064 0.005975 -0.648262 0.035144 0.760582
1788249621.664983749 -1.717937 0.254694 4.408348 0.006017 -0.649663 0.035222 0.759382
1788249621.698320150 -1.722510 0.252204 4.407104 0.005796 -0.651025 0.035164 0.758220
1788249621.731656790 -1.728226 0.252003 4.404436 0.005649 -0.652350 0.035210 0.757078
1788249621.764993429 -1.733279 0.252475 4.407586 0.005371 -0.653982 0.035288 0.755668
1788249621.798329830 -1.740452 0.251766 4.402835 0.005088 -0.654994 0.035314 0.754791
1788249621.831665993 -1.745345 0.253219 4.401545 0.005174 -0.656150 0.035364 0.753784
1788249621.865002394 -1.750218 0.253051 4.403406 0.005247 -0.657554 0.035314 0.752562
1788249621.898338556 -1.755454 0.250962 4.402013 0.005063 -0.658902 0.035364 0.751380
1788249621.931675196 -1.759092 0.249931 4.402277 0.004923 -0.660315 0.035294 0.750143
1788249621.965011358 -1.765161 0.250984 4.399665 0.005018 -0.661416 0.035470 0.749163
1788249621.998347521 -1.770290 0.252049 4.398726 0.005131 -0.662741 0.035544 0.747987
1788249622.031683683 -1.775958 0.252387 4.399089 0.005129 -0.664045 0.035675 0.746824
1788249622.065019846 -1.781142 0.251773 4.398669 0.005057 -0.665384 0.035738 0.745628
1788249622.098355055 -1.785547 0.251345 4.397968 0.004806 -0.666824 0.035725 0.744343
1788249622.131691456 -1.792120 0.252006 4.397742 0.004771 -0.668081 0.035671 0.743218
1788249622.165027380 -1.797900 0.252905 4.395940 0.004926 -0.669181 0.035587 0.742231
1788249622.198363543 -1.802629 0.250072 4.391390 0.004952 -0.670239 0.035386 0.741285
1788249622.231699228 -1.807739 0.249880 4.392400 0.005098 -0.671733 0.035408 0.739929
1788249622.265035629 -1.812799 0.251554 4.391426 0.005311 -0.673002 0.035564 0.738766
1788249622.298371553 -1.817139 0.251538 4.389012 0.005479 -0.674180 0.035697 0.737684
1788249622.331707478 -1.821430 0.251649 4.388624 0.005587 -0.675514 0.035726 0.736460
1788249622.365043402 -1.826404 0.251609 4.387336 0.005576 -0.676883 0.035739 0.735202
1788249622.398379087 -1.832755 0.251123 4.383960 0.005502 -0.678112 0.035753 0.734068
1788249622.431715012 -1.837408 0.249943 4.382344 0.005211 -0.679409 0.035718 0.732872
1788249622.465050697 -1.843588 0.249572 4.380599 0.005151 -0.680589 0.035633 0.731781
1788249622.498386621 -1.848629 0.249390 4.379765 0.004956 -0.681750 0.035579 0.730702
1788249622.531721354 -1.853485 0.249564 4.379685 0.005179 -0.683054 0.035510 0.729486
1788249622.565057993 -1.859749 0.250463 4.376853 0.005470 -0.684296 0.035624 0.728313
1788249622.598396301 -1.864516 0.249377 4.376387 0.005375 -0.685643 0.035441 0.727055
1788249622.631734371 -1.870526 0.248801 4.375155 0.005249 -0.686932 0.035356 0.725842
1788249622.665072680 -1.876495 0.250104 4.371957 0.005382 -0.688004 0.035299 0.724828
1788249622.698411226 -1.879781 0.249883 4.371377 0.005540 -0.689268 0.035195 0.723630
1788249622.731749296 -1.885789 0.249811 4.368813 0.005636 -0.690537 0.035297 0.722413
1788249622.765087366 -1.890996 0.250922 4.369598 0.005503 -0.691922 0.035450 0.721081
1788249622.798425436 -1.897201 0.250978 4.366245 0.005525 -0.692961 0.035385 0.720085
1788249622.831763268 -1.902212 0.248479 4.362348 0.005474 -0.693951 0.035026 0.719148
1788249622.865101337 -1.907001 0.248332 4.362691 0.005711 -0.695364 0.034911 0.717786
1788249622.898439169 -1.913786 0.247596 4.359967 0.005904 -0.696721 0.034792 0.716474
1788249622.931777477 -1.917783 0.246433 4.359105 0.005885 -0.698055 0.034682 0.715180
1788249622.965115309 -1.922883 0.247180 4.356595 0.006060 -0.699285 0.034851 0.713967
1788249622.998452425 -1.920661 0.249393 4.358479 0.006298 -0.700890 0.035726 0.712346
1788249623.031790257 -1.925543 0.248949 4.354142 0.006372 -0.701949 0.035978 0.711289
1788249623.065128088 -1.929921 0.249064 4.353415 0.006450 -0.703222 0.036253 0.710016
1788249623.098465919 -1.934560 0.248208 4.352548 0.006246 -0.704462 0.036377 0.708781
1788249623.131803751 -1.940675 0.248406 4.351902 0.006194 -0.705702 0.036479 0.707542
1788249623.165141344 -1.945236 0.248148 4.349087 0.006317 -0.706807 0.036478 0.706437
1788249623.198479414 -1.950471 0.248876 4.346703 0.006575 -0.707959 0.036628 0.705273
1788249623.231817007 -1.955563 0.247815 4.345407 0.006624 -0.709173 0.036548 0.704055
1788249623.265154600 -1.971456 0.248010 4.342603 0.006407 -0.709945 0.036718 0.703270
1788249623.298492432 -1.974974 0.246782 4.342742 0.006504 -0.710616 0.036587 0.702598
1788249623.331830025 -1.980299 0.246766 4.340469 0.006656 -0.711438 0.036727 0.701757
1788249623.365167618 -1.984666 0.247466 4.339246 0.006795 -0.712284 0.036823 0.700892
1788249623.398505211 -1.989790 0.247257 4.339457 0.006804 -0.713191 0.036946 0.699962
1788249623.431841850 -1.994850 0.246923 4.338875 0.006651 -0.714016 0.037003 0.699119
1788249623.465179443 -2.000195 0.246411 4.335986 0.006706 -0.714672 0.036928 0.698452
1788249623.498516798 -2.005395 0.246844 4.335312 0.006696 -0.715519 0.036860 0.697588
1788249623.531854391 -2.011111 0.246463 4.332398 0.006634 -0.716133 0.036627 0.696970
1788249623.565190554 -2.016785 0.247451 4.331668 0.006896 -0.716836 0.036515 0.696251
1788249623.598524570 -2.021683 0.247478 4.329177 0.006924 -0.717499 0.036675 0.695559
1788249623.631858826 -2.027470 0.248503 4.328856 0.006839 -0.718167 0.037052 0.694850
1788249623.665192842 -2.030477 0.246342 4.328331 0.006613 -0.718762 0.037138 0.694232
1788249623.698526621 -2.035284 0.246037 4.327860 0.006682 -0.719439 0.037346 0.693519
1788249623.731860399 -2.041539 0.246585 4.325797 0.006765 -0.720009 0.037458 0.692920
1788249623.765194178 -2.046248 0.246110 4.325047 0.006839 -0.720712 0.037506 0.692185
1788249623.798528194 -2.050297 0.245581 4.323902 0.006850 -0.721440 0.037478 0.691428
1788249623.831861973 -2.056525 0.244984 4.321278 0.007057 -0.722027 0.037214 0.690827
1788249623.865195513 -2.060393 0.244661 4.320210 0.006960 -0.722780 0.037020 0.690051
1788249623.898528099 -2.065799 0.245106 4.320027 0.006853 -0.723544 0.037096 0.689247
1788249623.931861877 -2.071344 0.246493 4.317146 0.006804 -0.723989 0.037277 0.688770
1788249623.965195417 -2.076066 0.245367 4.318101 0.006790 -0.724746 0.037435 0.687965
1788249623.998528957 -2.080484 0.244970 4.317360 0.006820 -0.725381 0.037637 0.687284
1788249624.031862497 -2.084983 0.244478 4.315636 0.006907 -0.726019 0.037680 0.686607
1788249624.065195799 -2.089965 0.243577 4.313836 0.007029 -0.726665 0.037558 0.685929
1788249624.098529339 -2.095354 0.244016 4.311549 0.007310 -0.727375 0.037537 0.685174
1788249624.131862640 -2.099742 0.244262 4.309908 0.007592 -0.728046 0.037663 0.684451
1788249624.165195942 -2.104167 0.244058 4.310359 0.007689 -0.728935 0.037984 0.683485
1788249624.198529243 -2.108484 0.243834 4.308863 0.007630 -0.729623 0.038381 0.682729
1788249624.231862307 -2.113173 0.243955 4.308077 0.007427 -0.730221 0.038787 0.682068
1788249624.265195608 -2.117118 0.242685 4.308876 0.007399 -0.731018 0.038904 0.681208
1788249624.298528671 -2.122626 0.243045 4.304828 0.007247 -0.731418 0.039106 0.680768
1788249624.331860542 -2.128497 0.244480 4.303992 0.007271 -0.731976 0.039274 0.680158
1788249624.365193844 -2.132633 0.243626 4.303729 0.007319 -0.732582 0.039292 0.679505
1788249624.398526907 -2.137358 0.241770 4.303079 0.007442 -0.733317 0.039347 0.678707
1788249624.431859732 -2.141762 0.242154 4.299932 0.007515 -0.733886 0.039428 0.678086
1788249624.465192556 -2.146769 0.241958 4.299047 0.007523 -0.734500 0.039551 0.677413
1788249624.498525620 -2.150467 0.241067 4.297516 0.007314 -0.735102 0.039550 0.676762
1788249624.531858206 -2.154879 0.241228 4.297158 0.007377 -0.735920 0.039472 0.675876
1788249624.565191507 -2.162613 0.242996 4.293135 0.007611 -0.736572 0.039615 0.675155
1788249624.598525763 -2.166808 0.242778 4.293192 0.007590 -0.737354 0.039337 0.674318
1788249624.631859779 -2.171136 0.241820 4.291755 0.007640 -0.738069 0.039023 0.673553
1788249624.665193796 -2.177594 0.241595 4.288233 0.007637 -0.738665 0.038777 0.672913
1788249624.698527575 -2.182991 0.242721 4.286442 0.007563 -0.739202 0.038842 0.672320
1788249624.731861591 -2.187646 0.242878 4.286483 0.007706 -0.739762 0.039043 0.671691
1788249624.765194416 -2.191383 0.240432 4.285087 0.007916 -0.740342 0.039039 0.671050
1788249624.798528433 -2.193938 0.240204 4.283787 0.007974 -0.740978 0.039257 0.670334
1788249624.831862211 -2.199513 0.240718 4.283094 0.008171 -0.741586 0.039457 0.669647
1788249624.865195990 -2.205079 0.240235 4.282053 0.008169 -0.742252 0.039471 0.668907
1788249624.898529530 -2.210654 0.241268 4.278262 0.007994 -0.742731 0.039750 0.668361
1788249624.931863070 -2.215483 0.240293 4.276186 0.008142 -0.743237 0.039907 0.667787
1788249624.965196609 -2.217381 0.239851 4.277969 0.008324 -0.743816 0.040158 0.667125
1788249624.998530388 -2.224564 0.239558 4.274200 0.008552 -0.744034 0.040161 0.666879
1788249625.031863689 -2.228166 0.239920 4.276319 0.008506 -0.744152 0.040386 0.666735
1788249625.065197229 -2.235292 0.240667 4.274456 0.008665 -0.744046 0.040626 0.666836
1788249625.098530769 -2.239891 0.239473 4.274843 0.008405 -0.744039 0.040534 0.666853
1788249625.131863832 -2.245996 0.239788 4.272580 0.008495 -0.743999 0.040536 0.666896
1788249625.165197134 -2.251984 0.238650 4.272150 0.008953 -0.744143 0.040143 0.666753
1788249625.198530436 -2.258790 0.239877 4.268762 0.009234 -0.744107 0.039949 0.666800
1788249625.231862545 -2.264551 0.238729 4.268066 0.009530 -0.744157 0.039740 0.666753
1788249625.265195608 -2.268730 0.239647 4.266309 0.009682 -0.744091 0.039779 0.666823
1788249625.298528910 -2.274949 0.239189 4.267409 0.009444 -0.744163 0.039764 0.666747
1788249625.331861973 -2.281282 0.239736 4.266274 0.009073 -0.744104 0.039926 0.666808
1788249625.365194798 -2.286518 0.238502 4.267792 0.008789 -0.744282 0.039965 0.666611
1788249625.398527861 -2.294369 0.238429 4.266077 0.008930 -0.744361 0.039790 0.666531
1788249625.431860685 -2.298831 0.240356 4.264294 0.009029 -0.744297 0.039770 0.666603
1788249625.465193748 -2.305612 0.239931 4.263293 0.008926 -0.744354 0.039801 0.666538
1788249625.498526573 -2.310272 0.238912 4.263701 0.008631 -0.744306 0.039750 0.666599
1788249625.531859398 -2.315546 0.239159 4.262631 0.008586 -0.744233 0.039981 0.666667
1788249625.565195322 -2.321522 0.239278 4.262181 0.008570 -0.744295 0.040031 0.666595
1788249625.598536015 -2.326909 0.239084 4.261238 0.008646 -0.744345 0.039844 0.666550
1788249625.631876469 -2.332271 0.239300 4.259895 0.009020 -0.744363 0.039623 0.666538
1788249625.665216446 -2.339211 0.239786 4.256181 0.009099 -0.744200 0.039433 0.666730
1788249625.698557138 -2.343673 0.240114 4.255529 0.009133 -0.744081 0.039383 0.666866
1788249625.731897354 -2.350352 0.240619 4.255684 0.008826 -0.744129 0.039566 0.666805
1788249625.765238047 -2.355206 0.239211 4.256416 0.008706 -0.744096 0.039618 0.666840
1788249625.798578739 -2.361358 0.240767 4.254950 0.008590 -0.744083 0.039838 0.666843
1788249625.831919193 -2.367535 0.240616 4.254199 0.008576 -0.744177 0.039846 0.666738
1788249625.865259647 -2.373438 0.240794 4.252702 0.008804 -0.744101 0.039854 0.666820
1788249625.898600340 -2.377663 0.243471 4.252036 0.008832 -0.744059 0.040106 0.666851
1788249625.931940794 -2.383243 0.243148 4.252645 0.008695 -0.744127 0.040150 0.666774
1788249625.965281248 -2.388797 0.242618 4.251616 0.008756 -0.744216 0.040160 0.666674
1788249625.998621702 -2.394773 0.242525 4.251179 0.008783 -0.744267 0.039967 0.666627
1788249626.031961918 -2.401553 0.241701 4.248283 0.008927 -0.744257 0.039524 0.666663
1788249626.065302610 -2.406368 0.241696 4.247167 0.008969 -0.744291 0.039204 0.666644
1788249626.098642111 -2.412361 0.242381 4.246214 0.008977 -0.744274 0.039211 0.666662
1788249626.131982088 -2.418411 0.242277 4.246177 0.008664 -0.744328 0.039360 0.666597
1788249626.165322542 -2.425769 0.242573 4.244478 0.008692 -0.744194 0.039557 0.666735
1788249626.198662996 -2.430787 0.242274 4.245619 0.008460 -0.744152 0.039619 0.666781
1788249626.232003212 -2.437346 0.243423 4.243610 0.008435 -0.744129 0.039583 0.666809
1788249626.265343666 -2.443623 0.243783 4.244153 0.008378 -0.744212 0.039487 0.666723
1788249626.298684120 -2.450562 0.242434 4.242937 0.008373 -0.744036 0.039300 0.666930
1788249626.332024097 -2.456536 0.241685 4.243453 0.008389 -0.744029 0.039389 0.666932
1788249626.365364313 -2.461341 0.241534 4.242719 0.008456 -0.744095 0.039307 0.666863
1788249626.398704767 -2.468086 0.242121 4.240224 0.008578 -0.744299 0.039299 0.666634
1788249626.432044983 -2.473962 0.242323 4.238669 0.008811 -0.744606 0.039290 0.666288
1788249626.465384960 -2.480356 0.242074 4.236098 0.009022 -0.744710 0.039290 0.666170
1788249626.498725176 -2.487039 0.241882 4.236307 0.009207 -0.744523 0.039407 0.666370
1788249626.532064676 -2.493706 0.241034 4.236368 0.009061 -0.744379 0.039323 0.666537
1788249626.565403938 -2.501883 0.240671 4.234780 0.008783 -0.744381 0.038925 0.666562
1788249626.598742723 -2.510584 0.240321 4.234426 0.008269 -0.744534 0.038569 0.666419
1788249626.632081032 -2.518212 0.241372 4.233650 0.008255 -0.744394 0.038655 0.666570
1788249626.665419579 -2.524107 0.240200 4.235085 0.008354 -0.744265 0.038928 0.666697
1788249626.698757887 -2.532252 0.240543 4.231753 0.008463 -0.744034 0.039049 0.666946
1788249626.732096434 -2.540165 0.241431 4.230988 0.008689 -0.744271 0.038769 0.666695
1788249626.765434980 -2.546208 0.240581 4.228744 0.008550 -0.744538 0.038303 0.666426
1788249626.798773289 -2.553422 0.241893 4.227594 0.008496 -0.744790 0.038270 0.666147
1788249626.832111359 -2.559704 0.241116 4.226916 0.008608 -0.744595 0.038452 0.666352
1788249626.865449905 -2.566903 0.241556 4.226501 0.008543 -0.744502 0.038636 0.666447
1788249626.898788214 -2.574443 0.241449 4.225401 0.008407 -0.744460 0.038688 0.666493
1788249626.932126284 -2.581886 0.242623 4.223821 0.008325 -0.744416 0.038698 0.666542
1788249626.965464354 -2.590080 0.241340 4.224073 0.007959 -0.744411 0.038403 0.666569
1788249626.998801470 -2.597786 0.241860 4.223490 0.008078 -0.744400 0.038433 0.666578
1788249627.032139778 -2.605104 0.240821 4.223608 0.008174 -0.744379 0.038305 0.666607
1788249627.065478086 -2.613111 0.239955 4.223092 0.008073 -0.744552 0.038012 0.666433
1788249627.098816156 -2.617604 0.236863 4.222965 0.007355 -0.744782 0.037250 0.666227
1788249627.132154226 -2.625401 0.237870 4.221015 0.007330 -0.744836 0.037104 0.666175
1788249627.165492058 -2.632214 0.237135 4.220716 0.007599 -0.744783 0.037236 0.666224
1788249627.198830128 -2.640165 0.238110 4.218989 0.007694 -0.744575 0.037332 0.666450
1788249627.232167959 -2.647443 0.237483 4.217673 0.007579 -0.744577 0.036952 0.666470
1788249627.265505791 -2.654638 0.237047 4.217734 0.007394 -0.744721 0.036704 0.666325
1788249627.298843861 -2.662509 0.236411 4.216867 0.007544 -0.744684 0.036702 0.666364
1788249627.332181931 -2.671010 0.236785 4.214641 0.007588 -0.744554 0.036790 0.666505
1788249627.365519762 -2.678474 0.235986 4.213342 0.007601 -0.744522 0.036534 0.666555
1788249627.398857355 -2.685755 0.237486 4.212854 0.007604 -0.744749 0.036614 0.666296
1788249627.432193995 -2.694179 0.237007 4.210469 0.007628 -0.744673 0.036390 0.666394
1788249627.465531826 -2.699863 0.236381 4.210604 0.007925 -0.744543 0.036704 0.666518
1788249627.498869658 -2.707191 0.235644 4.209289 0.008095 -0.744443 0.037192 0.666600
1788249627.532207251 -2.714975 0.236559 4.208147 0.008114 -0.744435 0.037346 0.666600
1788249627.565546751 -2.722592 0.237425 4.206861 0.007999 -0.744429 0.037308 0.666611
1788249627.598889351 -2.731029 0.237133 4.205905 0.008005 -0.744373 0.037242 0.666677
1788249627.632231712 -2.738264 0.236668 4.204513 0.008038 -0.744335 0.037064 0.666729
1788249627.665574074 -2.745723 0.236147 4.204125 0.008089 -0.744481 0.036645 0.666589
1788249627.698916674 -2.754770 0.237870 4.202008 0.008082 -0.744588 0.036401 0.666482
1788249627.732259274 -2.762038 0.238089 4.200385 0.008097 -0.744538 0.036020 0.666558
1788249627.765601397 -2.770722 0.237184 4.197881 0.008135 -0.744386 0.035730 0.666743
1788249627.798943758 -2.777748 0.238322 4.197991 0.008145 -0.744366 0.035908 0.666757
1788249627.832286358 -2.786370 0.238549 4.197369 0.007931 -0.744309 0.035895 0.666823
1788249627.865627766 -2.793443 0.237877 4.197761 0.007739 -0.744416 0.035587 0.666722
1788249627.898969889 -2.802590 0.237428 4.195815 0.007650 -0.744462 0.035397 0.666682
1788249627.932312727 -2.809655 0.237624 4.195022 0.007704 -0.744537 0.035516 0.666591
1788249627.965655088 -2.816065 0.237047 4.193748 0.007823 -0.744565 0.035308 0.666570
1788249627.998997450 -2.824067 0.236598 4.192289 0.007805 -0.744627 0.035060 0.666514
1788249628.032340050 -2.831605 0.238875 4.189799 0.007865 -0.744536 0.035111 0.666613
1788249628.065682173 -2.838655 0.238474 4.190865 0.007605 -0.744589 0.035264 0.666548
1788249628.099024773 -2.847106 0.239319 4.189453 0.007771 -0.744454 0.035740 0.666672
1788249628.132366896 -2.853460 0.238758 4.189514 0.007544 -0.744353 0.036055 0.666770
1788249628.165709734 -2.861297 0.240675 4.187829 0.007667 -0.744267 0.036347 0.666848
1788249628.199051857 -2.869063 0.239920 4.186506 0.007729 -0.744325 0.036376 0.666781
1788249628.232394457 -2.876007 0.240244 4.185744 0.007989 -0.744365 0.036460 0.666730
1788249628.265736580 -2.883830 0.241114 4.184840 0.008176 -0.744402 0.036530 0.666682
1788249628.299079180 -2.890857 0.239260 4.183850 0.007858 -0.744472 0.036129 0.666629
1788249628.332420349 -2.899216 0.239092 4.183495 0.007741 -0.744567 0.035911 0.666536
1788249628.365762949 -2.907510 0.240624 4.180611 0.007607 -0.744297 0.036182 0.666824
1788249628.399105310 -2.914672 0.240089 4.180573 0.007449 -0.744214 0.036429 0.666905
1788249628.432447672 -2.920770 0.239180 4.179141 0.007518 -0.744003 0.036592 0.667131
1788249628.465790033 -2.929277 0.241016 4.179549 0.007727 -0.744162 0.036820 0.666939
1788249628.499132633 -2.936742 0.240478 4.178129 0.007664 -0.744250 0.036624 0.666852
1788249628.532474756 -2.944408 0.240910 4.177984 0.007731 -0.744191 0.036696 0.666913
1788249628.565811872 -2.953358 0.242120 4.176191 0.007788 -0.744222 0.036851 0.666870
1788249628.599142075 -2.961236 0.241490 4.175014 0.007629 -0.744303 0.036575 0.666797
1788249628.632471561 -2.968967 0.241376 4.174532 0.007337 -0.744361 0.036429 0.666743
1788249628.665801525 -2.976460 0.242157 4.174026 0.007169 -0.744204 0.036542 0.666913
1788249628.699131250 -2.984589 0.241063 4.174358 0.007153 -0.744137 0.036690 0.666981
1788249628.732460976 -2.991782 0.240798 4.174007 0.007234 -0.744065 0.036811 0.667053
1788249628.765789270 -2.999114 0.241134 4.172192 0.007441 -0.744110 0.036578 0.667014
1788249628.799118519 -3.005901 0.241974 4.170143 0.007650 -0.744042 0.036482 0.667093
1788249628.832447529 -3.025663 0.241136 4.166930 0.007250 -0.744176 0.036265 0.666959
1788249628.865776777 -3.033801 0.240981 4.166789 0.007271 -0.744389 0.036137 0.666728
1788249628.899105787 -3.040105 0.242223 4.165601 0.007256 -0.744374 0.036170 0.666743
1788249628.932434797 -3.049603 0.242253 4.165622 0.007149 -0.744518 0.036053 0.666590
1788249628.965763330 -3.055968 0.241091 4.164239 0.006976 -0.744406 0.036059 0.666717
1788249628.999092340 -3.063974 0.243196 4.162411 0.007139 -0.744184 0.036769 0.666924
1788249629.032420874 -3.070826 0.241386 4.163615 0.007232 -0.744297 0.037024 0.666783
1788249629.065749407 -3.079064 0.240867 4.162139 0.007209 -0.744333 0.037145 0.666736
1788249629.099077702 -3.085200 0.240480 4.160191 0.007353 -0.744282 0.037101 0.666793
1788249629.132406235 -3.092470 0.240807 4.157876 0.007280 -0.744093 0.037347 0.666992
1788249629.165734529 -3.100669 0.240795 4.158669 0.007130 -0.744071 0.037382 0.667016
1788249629.199062347 -3.107610 0.239992 4.158765 0.006941 -0.744064 0.037419 0.667024
1788249629.232389450 -3.115367 0.239471 4.158781 0.007037 -0.744106 0.037275 0.666984
1788249629.265717268 -3.124141 0.240886 4.156691 0.007126 -0.743945 0.037211 0.667166
1788249629.299045324 -3.133629 0.241483 4.156920 0.007025 -0.744011 0.036958 0.667108
1788249629.332372904 -3.141504 0.241571 4.155496 0.006948 -0.744060 0.036770 0.667064
1788249629.365700483 -3.150869 0.240674 4.153274 0.007027 -0.744086 0.036483 0.667050
1788249629.399027824 -3.159294 0.238682 4.152943 0.006857 -0.744294 0.036000 0.666846
1788249629.432355404 -3.167279 0.238760 4.151299 0.006543 -0.744112 0.035857 0.667060
1788249629.465682745 -3.176005 0.239632 4.152691 0.006551 -0.744033 0.035899 0.667145
1788249629.499009848 -3.183187 0.241123 4.150286 0.006677 -0.744006 0.036186 0.667159
1788249629.532336712 -3.192425 0.240011 4.148752 0.006972 -0.744176 0.035993 0.666977
1788249629.565677404 -3.199992 0.240080 4.146984 0.007155 -0.744071 0.035957 0.667094
1788249629.599036455 -3.208156 0.240199 4.146836 0.007280 -0.743860 0.036005 0.667325
1788249629.632395983 -3.214900 0.240751 4.147465 0.007524 -0.743915 0.036471 0.667236
1788249629.665754557 -3.221825 0.241304 4.145035 0.007523 -0.743928 0.036884 0.667198
1788249629.699114561 -3.230147 0.241688 4.145173 0.007612 -0.743945 0.036993 0.667173
1788249629.732474804 -3.238025 0.239582 4.143793 0.007456 -0.743732 0.036989 0.667413
1788249629.765835285 -3.245143 0.239177 4.143921 0.007801 -0.743842 0.036965 0.667287
1788249629.799196243 -3.253056 0.238847 4.141644 0.007853 -0.743937 0.036678 0.667196
1788249629.832557201 -3.259834 0.239584 4.139531 0.008223 -0.743845 0.036233 0.667319
1788249629.865918636 -3.272525 0.241545 4.136190 0.008433 -0.743729 0.036254 0.667444
1788249629.899280310 -3.279048 0.241030 4.135308 0.008527 -0.743615 0.036419 0.667561
1788249629.932642221 -3.287132 0.240525 4.134295 0.008421 -0.743492 0.036561 0.667691
1788249629.966004610 -3.296088 0.240503 4.134005 0.008019 -0.743615 0.036737 0.667550
1788249629.999366760 -3.303751 0.239352 4.134286 0.007772 -0.743698 0.036636 0.667466
1788249630.032729626 -3.311727 0.238827 4.133592 0.007703 -0.743669 0.036594 0.667502
1788249630.066092968 -3.319632 0.237829 4.134820 0.007653 -0.743870 0.036596 0.667277
1788249630.099455118 -3.327870 0.237119 4.131650 0.007693 -0.743827 0.036373 0.667338
1788249630.132818699 -3.335953 0.236486 4.129496 0.007815 -0.743848 0.036227 0.667320
1788249630.166182756 -3.343064 0.237300 4.128444 0.007780 -0.743659 0.036329 0.667527
1788249630.199547052 -3.350466 0.237078 4.130810 0.007901 -0.743679 0.036802 0.667476
1788249630.232911587 -3.358807 0.237297 4.128481 0.007992 -0.743572 0.037310 0.667567
1788249630.266276121 -3.364312 0.237058 4.128056 0.008116 -0.743542 0.037614 0.667581
1788249630.299641132 -3.373218 0.235973 4.127177 0.008105 -0.743574 0.037658 0.667543
1788249630.333006382 -3.380094 0.235891 4.126286 0.008071 -0.743384 0.037791 0.667748
1788249630.366372108 -3.388875 0.237681 4.124923 0.008165 -0.743453 0.038013 0.667658
1788249630.399738312 -3.396973 0.237490 4.123745 0.008200 -0.743549 0.037755 0.667565
1788249630.433104277 -3.405203 0.237236 4.122718 0.008164 -0.743633 0.037390 0.667492
1788249630.466470718 -3.413872 0.238025 4.123805 0.008343 -0.743689 0.037509 0.667421
1788249630.499837637 -3.422607 0.238430 4.122193 0.008417 -0.743513 0.037838 0.667597
1788249630.533204317 -3.429236 0.236995 4.122045 0.008654 -0.743410 0.037991 0.667700
1788249630.566560507 -3.435160 0.236028 4.121870 0.008621 -0.743430 0.038140 0.667669
1788249630.599904299 -3.442945 0.235627 4.118990 0.008643 -0.743259 0.038253 0.667853
1788249630.633248091 -3.450604 0.234930 4.117424 0.008819 -0.743085 0.038404 0.668036
1788249630.666591883 -3.459460 0.234635 4.117823 0.008891 -0.743320 0.038366 0.667776
1788249630.699935675 -3.466730 0.234312 4.115990 0.009079 -0.743373 0.037928 0.667739
1788249630.733279228 -3.475627 0.233442 4.114758 0.009029 -0.743396 0.037571 0.667735
1788249630.766623020 -3.482514 0.233536 4.113256 0.009343 -0.743331 0.037724 0.667793
1788249630.799966812 -3.489626 0.233833 4.112790 0.009622 -0.743219 0.038177 0.667889
1788249630.833310604 -3.498762 0.232838 4.112132 0.009802 -0.743105 0.038336 0.668004
1788249630.866654396 -3.505349 0.232655 4.112035 0.009806 -0.743197 0.038449 0.667895
1788249630.899997950 -3.511919 0.232316 4.111249 0.009883 -0.743180 0.038523 0.667909
1788249630.933341742 -3.520203 0.231043 4.111308 0.010024 -0.743308 0.038477 0.667767
1788249630.966685534 -3.529319 0.233045 4.109698 0.010290 -0.743333 0.038611 0.667727
1788249631.000028610 -3.537373 0.234374 4.108427 0.010082 -0.743423 0.038527 0.667635
1788249631.033372164 -3.543672 0.233239 4.105098 0.010181 -0.743281 0.038286 0.667805
1788249631.066715956 -3.552459 0.237863 4.106567 0.010718 -0.743446 0.038837 0.667581
1788249631.100059748 -3.561824 0.236417 4.105634 0.010554 -0.743411 0.039092 0.667608
1788249631.133403540 -3.567691 0.235305 4.106921 0.010439 -0.743369 0.039231 0.667649
1788249631.166747332 -3.576353 0.235395 4.105493 0.010295 -0.743381 0.039498 0.667621
1788249631.200090885 -3.583572 0.235016 4.105636 0.010228 -0.743391 0.039622 0.667604
1788249631.233434677 -3.591929 0.235024 4.103891 0.010251 -0.743277 0.039806 0.667720
1788249631.266778469 -3.598031 0.234037 4.104451 0.010305 -0.743385 0.039681 0.667606
1788249631.300122261 -3.606478 0.234574 4.101520 0.010250 -0.743381 0.039532 0.667620
1788249631.333466053 -3.614374 0.233724 4.100932 0.010162 -0.743386 0.039203 0.667636
1788249631.366809607 -3.624450 0.233049 4.100770 0.010042 -0.743325 0.038980 0.667719
1788249631.400153399 -3.631385 0.233145 4.098936 0.010198 -0.743091 0.039161 0.667965
1788249631.433495998 -3.638838 0.234067 4.099118 0.010308 -0.743104 0.039271 0.667943
1788249631.466839552 -3.647348 0.232481 4.097017 0.010102 -0.743018 0.038897 0.668063
1788249631.500183344 -3.653430 0.233069 4.096380 0.010308 -0.742967 0.039091 0.668107
1788249631.533527136 -3.660928 0.232316 4.095556 0.010511 -0.742943 0.039308 0.668117
1788249631.566871166 -3.670799 0.232339 4.094222 0.010611 -0.743118 0.039511 0.667908
1788249631.600215197 -3.676833 0.232280 4.093310 0.010742 -0.743144 0.039491 0.667879
1788249631.633559465 -3.685523 0.230506 4.094417 0.010482 -0.743243 0.039128 0.667795
1788249631.666903734 -3.692849 0.230615 4.094319 0.010570 -0.743149 0.039252 0.667890
1788249631.700248003 -3.700205 0.229974 4.092341 0.010881 -0.742991 0.039715 0.668034
1788249631.733592272 -3.708416 0.230843 4.091542 0.010885 -0.742968 0.039854 0.668051
1788249631.766936779 -3.715238 0.230047 4.089675 0.010486 -0.742731 0.039627 0.668334
1788249631.800281048 -3.723379 0.228527 4.088789 0.010364 -0.742731 0.039433 0.668347
1788249631.833625555 -3.734841 0.231656 4.087255 0.010678 -0.742852 0.039892 0.668181
1788249631.866969824 -3.742307 0.232168 4.086115 0.010801 -0.742842 0.039668 0.668204
1788249631.900313139 -3.750051 0.232431 4.084764 0.010585 -0.742974 0.039212 0.668087
1788249631.933657408 -3.758792 0.232864 4.083622 0.010709 -0.742930 0.038867 0.668153
1788249631.967001915 -3.767144 0.231557 4.082396 0.010791 -0.742912 0.038713 0.668182
1788249632.000346661 -3.774632 0.232060 4.081219 0.010888 -0.742764 0.038740 0.668343
1788249632.033691168 -3.782338 0.230569 4.081652 0.010568 -0.742850 0.038346 0.668275
1788249632.067035913 -3.791758 0.230659 4.080428 0.010358 -0.742892 0.038090 0.668247
1788249632.100380898 -3.799831 0.231469 4.078839 0.010324 -0.742886 0.038099 0.668253
1788249632.133725405 -3.808508 0.232448 4.078169 0.010384 -0.743028 0.038395 0.668077
1788249632.167070150 -3.815910 0.231876 4.076399 0.010525 -0.742986 0.038184 0.668134
1788249632.200414896 -3.824031 0.231439 4.075448 0.010485 -0.743063 0.038012 0.668058
1788249632.233759642 -3.831812 0.230293 4.076193 0.010195 -0.743134 0.038011 0.667984
1788249632.267104387 -3.838507 0.229500 4.075599 0.010157 -0.743022 0.038313 0.668092
1788249632.300449371 -3.845533 0.227045 4.075345 0.010083 -0.742981 0.038348 0.668137
1788249632.333793402 -3.853818 0.226083 4.074233 0.009854 -0.742936 0.038212 0.668198
1788249632.367138386 -3.861725 0.224768 4.075752 0.009592 -0.743131 0.037912 0.668002
1788249632.400483131 -3.871486 0.224946 4.073441 0.009651 -0.743120 0.038019 0.668007
1788249632.433828115 -3.879465 0.226108 4.072502 0.009706 -0.743143 0.038160 0.667973
1788249632.467173338 -3.886810 0.225878 4.072340 0.009742 -0.743262 0.037956 0.667852
1788249632.500518560 -3.894792 0.226626 4.069059 0.009725 -0.743042 0.038057 0.668091
1788249632.533863306 -3.903542 0.227013 4.069373 0.009883 -0.743102 0.038298 0.668009
1788249632.567207098 -3.910719 0.226304 4.069278 0.010106 -0.743023 0.038568 0.668078
1788249632.600549221 -3.917704 0.227321 4.066876 0.010133 -0.742809 0.038816 0.668300
1788249632.633890867 -3.925169 0.227527 4.066304 0.009959 -0.742821 0.038779 0.668292
1788249632.667232990 -3.935056 0.229268 4.067404 0.009724 -0.743283 0.038940 0.667772
1788249632.700574875 -3.943410 0.227731 4.066449 0.009630 -0.743182 0.038568 0.667908
1788249632.733916521 -3.953065 0.226616 4.066431 0.009255 -0.743381 0.038403 0.667701
1788249632.767257690 -3.960643 0.226507 4.064138 0.009180 -0.743382 0.038295 0.667707
1788249632.800599337 -3.969253 0.225272 4.064114 0.008851 -0.743391 0.037993 0.667718
1788249632.833941698 -3.977535 0.225305 4.064256 0.008821 -0.743343 0.038183 0.667762
1788249632.867283583 -3.982483 0.224229 4.063001 0.009063 -0.743072 0.038472 0.668043
1788249632.900625229 -3.991673 0.223575 4.062351 0.009252 -0.743137 0.038351 0.667975
1788249632.933967590 -3.999446 0.224333 4.062818 0.008807 -0.743282 0.038152 0.667832
1788249632.967309475 -4.009495 0.224731 4.060672 0.008958 -0.743204 0.037879 0.667932
1788249633.000651360 -4.017698 0.224657 4.059208 0.009020 -0.743245 0.037610 0.667900
1788249633.033993244 -4.026208 0.226023 4.057939 0.008992 -0.743369 0.037627 0.667762
1788249633.067335367 -4.033458 0.226361 4.054974 0.008956 -0.743258 0.037635 0.667885
1788249633.100677252 -4.041669 0.225858 4.055241 0.008932 -0.743391 0.037706 0.667734
1788249633.134019375 -4.048541 0.224473 4.054382 0.009028 -0.743269 0.037960 0.667854
1788249633.167361498 -4.055501 0.223863 4.055873 0.009364 -0.743353 0.038549 0.667722
1788249633.200703621 -4.062449 0.222725 4.057058 0.009347 -0.743458 0.038769 0.667593
1788249633.234044552 -4.069976 0.221997 4.056407 0.009209 -0.743493 0.038816 0.667552
1788249633.267386436 -4.078488 0.222471 4.055656 0.008942 -0.743407 0.038919 0.667646
1788249633.300729036 -4.087772 0.222056 4.054789 0.008513 -0.743321 0.038931 0.667747
1788249633.334070921 -4.094598 0.221825 4.055236 0.008495 -0.743420 0.038764 0.667646
1788249633.367412806 -4.103474 0.221894 4.053711 0.008408 -0.743614 0.038546 0.667445
1788249633.400755167 -4.112251 0.221473 4.052507 0.008102 -0.743528 0.038394 0.667552
1788249633.434097290 -4.120581 0.222356 4.051744 0.008149 -0.743191 0.038530 0.667919
1788249633.467439175 -4.126903 0.222142 4.051714 0.008586 -0.743111 0.038656 0.667996
1788249633.500781536 -4.134543 0.221875 4.050941 0.008516 -0.743253 0.038648 0.667839
1788249633.534123659 -4.143590 0.221349 4.048762 0.008236 -0.743169 0.038489 0.667945
1788249633.567464590 -4.152106 0.223238 4.048309 0.007811 -0.742974 0.038693 0.668156
1788249633.600803375 -4.160477 0.221816 4.048516 0.007641 -0.743129 0.038332 0.668006
1788249633.634142399 -4.169711 0.223470 4.046879 0.007810 -0.743377 0.038366 0.667726
1788249633.667480469 -4.177518 0.223674 4.043381 0.008069 -0.743299 0.038178 0.667821
1788249633.700819254 -4.184086 0.223718 4.040952 0.008306 -0.742975 0.038021 0.668186
1788249633.734158278 -4.192238 0.223085 4.041101 0.008385 -0.742776 0.038227 0.668396
1788249633.767496824 -4.199418 0.222045 4.042721 0.008599 -0.742852 0.038547 0.668290
1788249633.800835609 -4.206678 0.220544 4.041618 0.008657 -0.742924 0.039013 0.668182
1788249633.834174633 -4.213541 0.219790 4.041676 0.008783 -0.742925 0.039386 0.668157
1788249633.867513180 -4.220843 0.218753 4.040793 0.008960 -0.742693 0.039593 0.668400
1788249633.900851965 -4.228323 0.219212 4.040110 0.008942 -0.742780 0.039745 0.668295
1788249633.934190750 -4.239366 0.220523 4.041327 0.009509 -0.743357 0.039657 0.667650
1788249633.967529297 -4.248948 0.220538 4.038414 0.009703 -0.743235 0.039335 0.667803
1788249634.000868320 -4.256773 0.221221 4.037737 0.009751 -0.743247 0.039041 0.667806
1788249634.034206867 -4.264491 0.221233 4.036539 0.009836 -0.743090 0.039204 0.667970
1788249634.067545414 -4.271832 0.221122 4.035650 0.009878 -0.742971 0.039400 0.668090
1788249634.100882769 -4.279308 0.220279 4.035073 0.009643 -0.742959 0.039379 0.668107
1788249634.134221315 -4.287827 0.219612 4.033529 0.009618 -0.742894 0.039294 0.668185
1788249634.167560101 -4.295602 0.220095 4.032401 0.009869 -0.742825 0.039397 0.668253
1788249634.200898647 -4.304112 0.219712 4.031050 0.009880 -0.742932 0.039592 0.668122
1788249634.234236956 -4.311723 0.219840 4.031260 0.009829 -0.743067 0.039519 0.667977
1788249634.267575502 -4.318411 0.217971 4.030902 0.009579 -0.743295 0.039004 0.667757
1788249634.300913811 -4.326283 0.217617 4.030373 0.009395 -0.743134 0.038706 0.667957
1788249634.334252119 -4.334318 0.216907 4.028302 0.009444 -0.742825 0.038874 0.668290
1788249634.367590427 -4.341516 0.216067 4.029152 0.009149 -0.742963 0.039176 0.668122
1788249634.400928974 -4.348237 0.216103 4.028298 0.009167 -0.742953 0.039243 0.668129
1788249634.434267044 -4.356445 0.216082 4.026887 0.009380 -0.742834 0.039284 0.668257
1788249634.467605352 -4.364086 0.215019 4.026788 0.009198 -0.742839 0.039429 0.668244
1788249634.500943422 -4.372760 0.215170 4.025005 0.009425 -0.742846 0.039575 0.668225
1788249634.534281492 -4.379721 0.214919 4.024508 0.009690 -0.742875 0.039279 0.668206
1788249634.567618370 -4.388132 0.215254 4.023633 0.009532 -0.742930 0.039046 0.668161
1788249634.600955486 -4.396912 0.215284 4.030725 0.009648 -0.743908 0.038845 0.667082
1788249634.634292364 -4.404398 0.215770 4.028399 0.009590 -0.743604 0.039198 0.667402
1788249634.667629480 -4.412021 0.215651 4.028695 0.009425 -0.743650 0.039376 0.667342
1788249634.700966597 -4.421436 0.216074 4.025784 0.009412 -0.743430 0.039421 0.667585
1788249634.734303236 -4.428982 0.217294 4.026227 0.009358 -0.743508 0.039717 0.667481
1788249634.767640114 -4.435851 0.215559 4.026752 0.009632 -0.743572 0.039700 0.667407
1788249634.800976992 -4.444510 0.215010 4.025570 0.009699 -0.743675 0.039878 0.667280
1788249634.834313869 -4.452656 0.215208 4.023103 0.009857 -0.743596 0.039902 0.667365
1788249634.867650509 -4.459665 0.216272 4.022355 0.009977 -0.743525 0.039894 0.667443
1788249634.900987387 -4.468014 0.215823 4.021030 0.010191 -0.743469 0.039896 0.667502
1788249634.934324026 -4.475057 0.215189 4.020485 0.009989 -0.743342 0.040138 0.667632
1788249634.967660666 -4.483468 0.215099 4.019292 0.010028 -0.743140 0.040186 0.667853
1788249635.000996351 -4.490850 0.214871 4.018412 0.010017 -0.743070 0.039945 0.667945
1788249635.034332991 -4.498508 0.214474 4.017265 0.009727 -0.743069 0.039974 0.667949
1788249635.067669630 -4.506852 0.214472 4.015404 0.010159 -0.742969 0.040112 0.668046
1788249635.101006269 -4.515059 0.214437 4.013850 0.009967 -0.743041 0.040229 0.667962
1788249635.134342670 -4.522841 0.214658 4.013115 0.010107 -0.743258 0.040183 0.667720
1788249635.167679310 -4.529982 0.214395 4.011163 0.009807 -0.743208 0.039980 0.667793
1788249635.201015711 -4.537255 0.214328 4.012006 0.009691 -0.743321 0.039788 0.667680
1788249635.234352350 -4.544331 0.214239 4.011854 0.009835 -0.743221 0.040079 0.667772
1788249635.267688513 -4.549842 0.213226 4.011260 0.009852 -0.743204 0.040499 0.667765
1788249635.301025152 -4.555415 0.214018 4.009526 0.009825 -0.743465 0.040886 0.667452
1788249635.334361315 -4.562101 0.215321 4.008946 0.009493 -0.744200 0.040838 0.666640
1788249635.367697477 -4.571130 0.214498 4.013514 0.009174 -0.745851 0.040779 0.664800
1788249635.401033878 -4.576905 0.213405 4.012559 0.009437 -0.746340 0.040879 0.664241
1788249635.434369087 -4.582133 0.213100 4.012062 0.009228 -0.747115 0.040982 0.663366
1788249635.467705488 -4.587208 0.212728 4.010990 0.009085 -0.747681 0.041042 0.662726
1788249635.501041412 -4.592532 0.212472 4.009478 0.008973 -0.748008 0.041145 0.662353
1788249635.534377813 -4.598035 0.211822 4.009589 0.009168 -0.748812 0.041072 0.661445
1788249635.567715883 -4.602811 0.211398 4.007529 0.009325 -0.749760 0.041033 0.660371
1788249635.601061344 -4.609179 0.211803 4.004478 0.009309 -0.750953 0.041125 0.659009
1788249635.634406567 -4.613166 0.212120 4.001588 0.009242 -0.752022 0.041045 0.657794
1788249635.667751789 -4.617850 0.211289 3.999854 0.009235 -0.753261 0.040858 0.656386
1788249635.701097250 -4.622833 0.210286 3.995755 0.009664 -0.754464 0.040768 0.655003
1788249635.734442949 -4.627750 0.211827 3.992623 0.009670 -0.755799 0.041071 0.653443
1788249635.767788410 -4.633492 0.212248 3.988729 0.009391 -0.757049 0.041426 0.651976
1788249635.801133871 -4.639174 0.211611 3.986108 0.009485 -0.758359 0.041543 0.650443
1788249635.834479809 -4.643657 0.211219 3.984412 0.009373 -0.759771 0.041757 0.648781
1788249635.867824316 -4.648510 0.210778 3.982510 0.009514 -0.761422 0.041741 0.646841
1788249635.901170015 -4.653569 0.211191 3.978828 0.009611 -0.762958 0.041972 0.645012
1788249635.934515715 -4.658721 0.211739 3.976053 0.009662 -0.764439 0.042141 0.643244
1788249635.967861414 -4.663325 0.210807 3.972583 0.009729 -0.765919 0.041731 0.641508
1788249636.001207352 -4.667510 0.210714 3.966599 0.009716 -0.767539 0.041627 0.639576
1788249636.034553289 -4.671485 0.211280 3.961829 0.010032 -0.769496 0.041914 0.637196
1788249636.067898989 -4.674143 0.211117 3.959629 0.010043 -0.771435 0.042051 0.634837
1788249636.101244926 -4.677653 0.210565 3.955103 0.009955 -0.773192 0.042148 0.632692
1788249636.134591103 -4.679749 0.210787 3.950688 0.009905 -0.775039 0.042308 0.630418
1788249636.167937040 -4.684518 0.210249 3.946097 0.010073 -0.777108 0.042223 0.627868
1788249636.201283455 -4.686376 0.210486 3.942720 0.010169 -0.779151 0.042311 0.625324
1788249636.234629154 -4.690554 0.210507 3.937618 0.010138 -0.781128 0.042467 0.622843
1788249636.267975569 -4.694480 0.210951 3.933425 0.009990 -0.783038 0.042652 0.620430
1788249636.301321745 -4.697940 0.209691 3.929175 0.010297 -0.784947 0.042370 0.618026
1788249636.334667206 -4.700696 0.210002 3.923888 0.010712 -0.786932 0.042387 0.615488
1788249636.368013144 -4.704589 0.209828 3.919220 0.010609 -0.789130 0.042332 0.612674
1788249636.401359797 -4.706962 0.209455 3.914435 0.010648 -0.791066 0.042357 0.610170
1788249636.434706211 -4.711261 0.209959 3.911045 0.010778 -0.793254 0.042698 0.607296
1788249636.468052626 -4.715172 0.209451 3.906373 0.010964 -0.795330 0.042961 0.604553
1788249636.501399040 -4.716631 0.209314 3.902467 0.010943 -0.797384 0.043226 0.601823
1788249636.534745693 -4.722751 0.209877 3.897998 0.010918 -0.799770 0.043712 0.598614
1788249636.568092346 -4.725476 0.210066 3.894415 0.010758 -0.801795 0.044038 0.595878
1788249636.601441383 -4.728302 0.209317 3.890619 0.011011 -0.803732 0.044115 0.593251
1788249636.634790421 -4.732497 0.209747 3.885353 0.011183 -0.805847 0.044549 0.590339
1788249636.668139935 -4.735917 0.209332 3.880633 0.011509 -0.807977 0.044668 0.587405
1788249636.701488972 -4.737630 0.210210 3.877329 0.011607 -0.809985 0.044892 0.584615
1788249636.734838009 -4.742149 0.209328 3.871272 0.011538 -0.811945 0.044993 0.581883
1788249636.768186808 -4.743113 0.208408 3.868386 0.011628 -0.813869 0.044848 0.579199
1788249636.801536322 -4.746917 0.209580 3.863950 0.011917 -0.815990 0.045391 0.576158
1788249636.834885597 -4.748671 0.209835 3.860609 0.011867 -0.818022 0.045712 0.573245
1788249636.868235111 -4.753307 0.208697 3.855375 0.011747 -0.820029 0.045901 0.570358
1788249636.901584864 -4.756623 0.209379 3.852085 0.011632 -0.821671 0.046582 0.567936
1788249636.934934378 -4.759644 0.208928 3.848290 0.011782 -0.822863 0.046809 0.566186
1788249636.968284369 -4.762764 0.208288 3.844021 0.012249 -0.824277 0.046496 0.564141
1788249637.001633883 -4.766890 0.207822 3.838167 0.012471 -0.825759 0.046105 0.561997
1788249637.034983873 -4.769743 0.207187 3.834606 0.012280 -0.827248 0.045967 0.559818
1788249637.068333626 -4.775251 0.207108 3.830056 0.011736 -0.828775 0.046243 0.557544
1788249637.101683617 -4.779911 0.207247 3.826002 0.011671 -0.830290 0.046574 0.555259
1788249637.135033369 -4.783140 0.205861 3.821973 0.011888 -0.831808 0.046457 0.552987
1788249637.168383360 -4.786761 0.206742 3.817917 0.011961 -0.833379 0.046685 0.550597
1788249637.201733589 -4.792142 0.206449 3.812078 0.011881 -0.834765 0.046655 0.548498
1788249637.235082626 -4.796327 0.207075 3.807982 0.012445 -0.836275 0.046493 0.546194
1788249637.268433094 -4.798836 0.207119 3.802259 0.012740 -0.837801 0.046536 0.543839
1788249637.301783085 -4.802102 0.206814 3.797331 0.012693 -0.839604 0.046761 0.541033
1788249637.335133314 -4.805882 0.206086 3.792357 0.012645 -0.841124 0.046941 0.538653
1788249637.368483782 -4.808949 0.206477 3.787191 0.012671 -0.842481 0.047235 0.536501
1788249637.401834011 -4.811110 0.205701 3.782896 0.012681 -0.843990 0.047508 0.534100
1788249637.435184479 -4.815375 0.205468 3.778414 0.012772 -0.845701 0.048039 0.531337
1788249637.468535185 -4.819570 0.205636 3.773707 0.012910 -0.847255 0.048526 0.528808
1788249637.501885653 -4.820692 0.206354 3.770183 0.012839 -0.848596 0.048967 0.526614
1788249637.535236120 -4.825204 0.205377 3.765262 0.012549 -0.850065 0.049156 0.524228
1788249637.568586826 -4.829548 0.203544 3.760965 0.012601 -0.851797 0.048925 0.521430
1788249637.601932049 -4.830608 0.204532 3.756348 0.012585 -0.853927 0.048800 0.517947
1788249637.635277748 -4.832627 0.204445 3.749556 0.012858 -0.856072 0.048900 0.514378
1788249637.668622255 -4.833302 0.204397 3.744227 0.012754 -0.858020 0.049512 0.511065
1788249637.701967716 -4.835307 0.203616 3.739775 0.012633 -0.860089 0.049718 0.507559
1788249637.735313177 -4.835230 0.202822 3.734493 0.012831 -0.862172 0.049825 0.503997
1788249637.768658876 -4.836625 0.203227 3.727951 0.012918 -0.864387 0.049998 0.500168
1788249637.802004337 -4.838163 0.203160 3.722722 0.012894 -0.866607 0.049895 0.496323
1788249637.835349798 -4.839231 0.201462 3.716144 0.012764 -0.868644 0.049520 0.492790
1788249637.868695736 -4.840222 0.201595 3.710253 0.013154 -0.870678 0.049628 0.489166
1788249637.902041435 -4.841548 0.200872 3.704774 0.013195 -0.872828 0.049676 0.485313
1788249637.935386658 -4.838109 0.198613 3.701351 0.012351 -0.875110 0.049377 0.481240
1788249637.968732595 -4.838746 0.198626 3.696555 0.012525 -0.877187 0.049481 0.477429
1788249638.002078295 -4.839557 0.198389 3.690701 0.012689 -0.879231 0.049566 0.473640
1788249638.035423994 -4.840034 0.197743 3.684773 0.012562 -0.881234 0.049564 0.469907
1788249638.068769932 -4.840650 0.197837 3.679097 0.012459 -0.883227 0.049793 0.466128
1788249638.102114677 -4.842052 0.198370 3.673834 0.012450 -0.885173 0.050056 0.462393
1788249638.135460138 -4.841022 0.197920 3.668575 0.012701 -0.887050 0.050035 0.458778
1788249638.168806314 -4.841046 0.197834 3.662171 0.013159 -0.888966 0.050132 0.455031
1788249638.202152252 -4.840576 0.197258 3.657035 0.013136 -0.890881 0.050082 0.451277
1788249638.235497952 -4.840687 0.197799 3.651038 0.013187 -0.892748 0.050193 0.447557
1788249638.268843889 -4.840584 0.197591 3.645603 0.013393 -0.894667 0.050187 0.443703
1788249638.302189827 -4.841755 0.196684 3.639346 0.013416 -0.896576 0.050230 0.439828
1788249638.335535765 -4.842015 0.197859 3.634202 0.013570 -0.898562 0.050541 0.435714
1788249638.368881702 -4.842047 0.198196 3.629012 0.013345 -0.900484 0.050739 0.431712
1788249638.402227640 -4.841570 0.197856 3.622931 0.013449 -0.902256 0.050660 0.428004
1788249638.435573578 -4.843085 0.197385 3.617640 0.013595 -0.904206 0.050731 0.423856
1788249638.468919754 -4.841810 0.197173 3.610993 0.013696 -0.905983 0.050869 0.420024
1788249638.502265692 -4.840711 0.196602 3.605936 0.013508 -0.907817 0.050877 0.416050
1788249638.535611868 -4.841184 0.196385 3.601364 0.013473 -0.909570 0.051195 0.412164
1788249638.568956852 -4.841714 0.195549 3.595863 0.013598 -0.910985 0.051668 0.408963
1788249638.602303028 -4.841248 0.196092 3.589875 0.013646 -0.912544 0.051843 0.405450
1788249638.635649681 -4.842410 0.195983 3.582142 0.013433 -0.914713 0.051383 0.400600
1788249638.668995857 -4.843694 0.194912 3.575429 0.013162 -0.916657 0.051310 0.396149
1788249638.702342510 -4.843224 0.193267 3.568732 0.013184 -0.918263 0.051401 0.392400
1788249638.735688925 -4.843459 0.193417 3.563519 0.013269 -0.920092 0.051728 0.388046
1788249638.769035578 -4.843933 0.193691 3.557330 0.013132 -0.921878 0.051711 0.383790
1788249638.802381992 -4.844849 0.192761 3.550699 0.012863 -0.923712 0.051597 0.379378
1788249638.835728645 -4.845936 0.192753 3.543664 0.013092 -0.925440 0.051615 0.375134
1788249638.869075298 -4.846664 0.193269 3.537259 0.012987 -0.927187 0.051844 0.370767
1788249638.902421951 -4.847658 0.192447 3.531177 0.012704 -0.928906 0.051827 0.366450
1788249638.935768604 -4.846905 0.191766 3.523897 0.013228 -0.930512 0.051748 0.362347
1788249638.969115257 -4.847026 0.191441 3.517090 0.013424 -0.932343 0.051811 0.357593
1788249639.002460957 -4.846682 0.191276 3.509889 0.013105 -0.933970 0.051787 0.353337
1788249639.035807848 -4.848055 0.190828 3.503062 0.013080 -0.935696 0.051678 0.348756
1788249639.069154739 -4.848231 0.191088 3.496593 0.013373 -0.937363 0.051823 0.344218
1788249639.102501392 -4.849047 0.191005 3.489757 0.013072 -0.938983 0.051934 0.339769
1788249639.135848284 -4.849484 0.190386 3.483189 0.013058 -0.940538 0.051676 0.335480
1788249639.169195175 -4.849041 0.189843 3.475148 0.013484 -0.942057 0.051716 0.331167
1788249639.202542543 -4.848586 0.189725 3.468170 0.013565 -0.943676 0.051719 0.326524
1788249639.235889196 -4.852292 0.187539 3.453811 0.012595 -0.944974 0.051519 0.322818
1788249639.269236088 -4.852306 0.187622 3.447420 0.012585 -0.946506 0.051353 0.318324
1788249639.302583456 -4.852386 0.186624 3.440735 0.012587 -0.947898 0.051654 0.314108
1788249639.335930109 -4.854541 0.187026 3.434738 0.012259 -0.949233 0.051945 0.310012
1788249639.369277477 -4.856119 0.186586 3.429061 0.012015 -0.950323 0.052144 0.306633
1788249639.402624607 -4.855813 0.185467 3.421778 0.012305 -0.951310 0.052131 0.303545
1788249639.435971022 -4.856075 0.185966 3.413785 0.012315 -0.952453 0.052130 0.299940
1788249639.469317913 -4.857755 0.186666 3.406914 0.012234 -0.953546 0.051888 0.296492
1788249639.502665281 -4.860490 0.186310 3.399279 0.012230 -0.954568 0.051777 0.293206
1788249639.536012650 -4.862138 0.186551 3.392430 0.012507 -0.955521 0.051782 0.290074
1788249639.569360018 -4.863598 0.186817 3.384791 0.012331 -0.956480 0.051748 0.286908
1788249639.602694035 -4.865105 0.186129 3.377997 0.012206 -0.957303 0.051499 0.284202
1788249639.636028290 -4.868019 0.186197 3.370336 0.012691 -0.958146 0.051592 0.281307
1788249639.669362307 -4.868213 0.185493 3.362590 0.012837 -0.958992 0.051335 0.278451
1788249639.702696085 -4.869711 0.185378 3.355904 0.012633 -0.959801 0.051084 0.275705
1788249639.736029863 -4.870227 0.186065 3.348725 0.012465 -0.960519 0.051019 0.273212
1788249639.769363880 -4.872009 0.185289 3.341677 0.012538 -0.961245 0.051012 0.270644
1788249639.802697659 -4.864351 0.181472 3.342850 0.011224 -0.962202 0.050868 0.267307
1788249639.836031199 -4.866490 0.181955 3.336158 0.011003 -0.962888 0.050919 0.264826
1788249639.869364738 -4.868006 0.182129 3.328530 0.011253 -0.963496 0.050744 0.262628
1788249639.902697325 -4.869184 0.181880 3.321424 0.011777 -0.964122 0.050649 0.260318
1788249639.936030865 -4.870642 0.180839 3.314383 0.011700 -0.964769 0.050228 0.257994
1788249639.969364405 -4.871484 0.181212 3.306052 0.011563 -0.965325 0.049913 0.255976
1788249640.002697468 -4.873336 0.181544 3.299742 0.011459 -0.965934 0.049735 0.253705
1788249640.036030769 -4.876795 0.181868 3.292122 0.011750 -0.966510 0.049929 0.251453
1788249640.069364071 -4.877905 0.181369 3.285650 0.011594 -0.967062 0.049840 0.249345
1788249640.102697372 -4.879348 0.181138 3.278512 0.011373 -0.967605 0.049514 0.247306
1788249640.136030436 -4.882161 0.180124 3.272099 0.011563 -0.968304 0.049316 0.244586
1788249640.169363260 -4.881948 0.179594 3.265731 0.011726 -0.968896 0.049203 0.242242
1788249640.202696323 -4.882986 0.179961 3.258582 0.011774 -0.969566 0.048884 0.239612
1788249640.236029387 -4.885145 0.180198 3.250947 0.011578 -0.970233 0.048653 0.236954
1788249640.269362211 -4.884662 0.179646 3.244336 0.011496 -0.970784 0.048569 0.234709
1788249640.302695036 -4.886611 0.179413 3.238104 0.011517 -0.971351 0.048810 0.232297
1788249640.336026430 -4.886982 0.178868 3.232685 0.011043 -0.971893 0.049018 0.229997
1788249640.369359255 -4.888186 0.179372 3.226552 0.010941 -0.972382 0.049138 0.227903
1788249640.402691603 -4.887925 0.178582 3.220596 0.011258 -0.972854 0.049093 0.225874
1788249640.436024189 -4.888626 0.177458 3.213238 0.011407 -0.973433 0.048993 0.223379
1788249640.469357014 -4.889215 0.177100 3.206357 0.011300 -0.974026 0.048794 0.220829
1788249640.502689123 -4.889946 0.177993 3.199813 0.011348 -0.974561 0.048655 0.218482
1788249640.536021471 -4.891026 0.177711 3.192570 0.011391 -0.975076 0.048687 0.216166
1788249640.569353580 -4.891476 0.176874 3.186625 0.011183 -0.975591 0.048866 0.213798
1788249640.602687597 -4.892409 0.176684 3.179862 0.010821 -0.976111 0.048871 0.211427
1788249640.636021614 -4.893894 0.176312 3.173751 0.010583 -0.976587 0.048769 0.209252
1788249640.669355631 -4.897067 0.178326 3.160961 0.011184 -0.977005 0.048781 0.207262
1788249640.702689409 -4.897310 0.177415 3.153746 0.011289 -0.977529 0.048547 0.204826
1788249640.736023188 -4.897799 0.177211 3.146984 0.011226 -0.978100 0.048266 0.202152
1788249640.769355774 -4.898383 0.177494 3.140146 0.010895 -0.978634 0.047911 0.199650
1788249640.802689314 -4.900050 0.175878 3.132964 0.010485 -0.979152 0.047718 0.197164
1788249640.836022854 -4.901521 0.176391 3.126168 0.010614 -0.979649 0.047827 0.194649
1788249640.869356394 -4.901082 0.176459 3.119525 0.010356 -0.980092 0.047817 0.192420
1788249640.902689934 -4.903737 0.176069 3.112266 0.010310 -0.980564 0.047552 0.190071
1788249640.936023235 -4.900887 0.176004 3.105966 0.010698 -0.980940 0.047575 0.188091
1788249640.969356298 -4.901899 0.175206 3.099293 0.010849 -0.981409 0.047712 0.185585
1788249641.002689600 -4.902543 0.175731 3.092675 0.010909 -0.981879 0.047732 0.183074
1788249641.036022663 -4.902448 0.175428 3.085839 0.010879 -0.982279 0.047865 0.180884
1788249641.069355965 -4.902071 0.175490 3.079333 0.011099 -0.982691 0.048310 0.178498
1788249641.102688789 -4.903109 0.175159 3.073618 0.010909 -0.983169 0.048599 0.175779
1788249641.136021614 -4.903825 0.174481 3.066864 0.010489 -0.983588 0.048723 0.173408
1788249641.169354677 -4.904372 0.174802 3.061246 0.010528 -0.983983 0.049015 0.171068
1788249641.202686310 -4.904463 0.174970 3.055494 0.010496 -0.984366 0.049293 0.168770
1788249641.236019135 -4.903998 0.174178 3.048724 0.010572 -0.984739 0.049469 0.166522
1788249641.269351721 -4.904982 0.174067 3.041785 0.010787 -0.985170 0.049368 0.163973
1788249641.302684546 -4.904320 0.174139 3.035686 0.010926 -0.985565 0.049340 0.161580
1788249641.336016893 -4.903477 0.173370 3.028556 0.011032 -0.985951 0.049300 0.159214
1788249641.369349480 -4.903041 0.173886 3.020720 0.011020 -0.986328 0.049493 0.156801
1788249641.402681828 -4.904205 0.173192 3.013632 0.010700 -0.986730 0.049274 0.154340
1788249641.436014175 -4.903852 0.172557 3.007097 0.010322 -0.987077 0.049242 0.152145
1788249641.469346762 -4.903381 0.172151 2.999706 0.010312 -0.987428 0.049029 0.149918
1788249641.502678871 -4.903613 0.172640 2.993616 0.010523 -0.987797 0.049155 0.147411
1788249641.536010981 -4.902905 0.171561 2.986969 0.010489 -0.988163 0.048908 0.145025
1788249641.569343090 -4.902001 0.171898 2.980061 0.010676 -0.988498 0.048710 0.142775
1788249641.602680922 -4.902483 0.171478 2.972782 0.010650 -0.988833 0.048780 0.140419
1788249641.636018991 -4.903056 0.171507 2.966339 0.010648 -0.989198 0.048818 0.137810
1788249641.669356108 -4.902162 0.171549 2.960383 0.010411 -0.989546 0.048693 0.135351
1788249641.702693939 -4.901264 0.170832 2.953480 0.010399 -0.989848 0.048532 0.133183
1788249641.736032009 -4.900953 0.169926 2.945783 0.010640 -0.990147 0.048457 0.130949
1788249641.769370079 -4.900306 0.170722 2.939343 0.011186 -0.990470 0.048502 0.128423
1788249641.802707911 -4.899397 0.171485 2.933249 0.011520 -0.990783 0.048290 0.126035
1788249641.836045742 -4.899323 0.172047 2.925674 0.011635 -0.991089 0.048259 0.123606
1788249641.869383574 -4.898670 0.171268 2.919199 0.011551 -0.991381 0.048066 0.121325
1788249641.902721643 -4.897990 0.171672 2.912416 0.011533 -0.991690 0.048149 0.118743
1788249641.936059713 -4.897349 0.170828 2.905969 0.011173 -0.992007 0.047899 0.116204
1788249641.969397306 -4.898376 0.170712 2.898700 0.010795 -0.992304 0.047787 0.113722
1788249642.002735138 -4.897604 0.171041 2.892046 0.010698 -0.992561 0.047910 0.111414
1788249642.036072969 -4.894218 0.169293 2.886331 0.010814 -0.992822 0.047868 0.109066
1788249642.069411039 -4.893536 0.168915 2.879609 0.010749 -0.993106 0.047659 0.106556
1788249642.102747917 -4.893346 0.169218 2.873286 0.010460 -0.993366 0.047728 0.104102
1788249642.136085510 -4.892646 0.167993 2.866643 0.010376 -0.993606 0.047599 0.101848
1788249642.169423580 -4.892831 0.168317 2.859956 0.010284 -0.993865 0.047755 0.099225
1788249642.202761412 -4.892423 0.168170 2.853078 0.010134 -0.994126 0.047622 0.096661
1788249642.236099005 -4.891159 0.168600 2.846645 0.009995 -0.994355 0.047520 0.094344
1788249642.269436836 -4.890754 0.168056 2.840134 0.010010 -0.994564 0.047460 0.092135
1788249642.302774668 -4.889954 0.167941 2.834447 0.010253 -0.994784 0.047602 0.089633
1788249642.336112499 -4.888544 0.167827 2.827127 0.010167 -0.995014 0.047456 0.087131
1788249642.369450092 -4.887597 0.167133 2.820565 0.010254 -0.995236 0.047155 0.084709
1788249642.402787685 -4.886153 0.167701 2.814167 0.010363 -0.995421 0.047226 0.082456
1788249642.436125517 -4.884643 0.168143 2.802572 0.010507 -0.995615 0.047244 0.080053
1788249642.469463110 -4.883218 0.168841 2.796070 0.010428 -0.995822 0.047114 0.077518
1788249642.502800941 -4.881611 0.168355 2.788836 0.010284 -0.996004 0.046886 0.075309
1788249642.536137581 -4.879287 0.168033 2.782222 0.010372 -0.996158 0.047046 0.073134
1788249642.569475174 -4.878654 0.167393 2.775932 0.010448 -0.996344 0.047024 0.070554
1788249642.602813482 -4.877298 0.167344 2.769788 0.010180 -0.996518 0.047033 0.068093
1788249642.636152029 -4.876265 0.167031 2.762743 0.010093 -0.996679 0.046978 0.065751
1788249642.669490337 -4.875160 0.167762 2.756992 0.010094 -0.996829 0.047068 0.063354
1788249642.702828407 -4.873763 0.166877 2.749877 0.010147 -0.996994 0.046931 0.060811
1788249642.736166716 -4.871679 0.166656 2.742462 0.010183 -0.997153 0.046607 0.058389
1788249642.769504786 -4.870864 0.166470 2.735559 0.010228 -0.997298 0.046411 0.056026
1788249642.802843332 -4.869935 0.165998 2.728753 0.010323 -0.997434 0.046404 0.053524
1788249642.836181641 -4.868208 0.164970 2.721655 0.010363 -0.997578 0.046140 0.051017
1788249642.869519949 -4.866900 0.164856 2.715252 0.010140 -0.997701 0.046085 0.048645
1788249642.902858019 -4.866583 0.165075 2.708748 0.010122 -0.997807 0.046232 0.046284
1788249642.936196089 -4.864005 0.165304 2.702634 0.009993 -0.997899 0.046519 0.043965
1788249642.969534397 -4.862284 0.164875 2.696052 0.009846 -0.998008 0.046526 0.041454
1788249643.002871752 -4.861436 0.165497 2.690186 0.009816 -0.998109 0.046536 0.038933
1788249643.036209822 -4.859834 0.165193 2.683689 0.009816 -0.998194 0.046555 0.036662
1788249643.069547892 -4.859234 0.164559 2.677186 0.009840 -0.998277 0.046568 0.034315
1788249643.102885962 -4.856041 0.163821 2.670862 0.009729 -0.998355 0.046568 0.031993
1788249643.136224031 -4.855549 0.163485 2.664649 0.009267 -0.998430 0.046612 0.029637
1788249643.169562578 -4.851447 0.163693 2.656305 0.009139 -0.998480 0.046709 0.027775
1788249643.202900410 -4.850245 0.163797 2.650897 0.008963 -0.998532 0.046991 0.025415
1788249643.236238480 -4.848460 0.163144 2.644848 0.008930 -0.998591 0.046996 0.022962
1788249643.269576550 -4.847020 0.162923 2.639224 0.008951 -0.998649 0.046866 0.020570
1788249643.302914619 -4.845008 0.162372 2.631865 0.009207 -0.998692 0.046806 0.018415
1788249643.336252451 -4.842895 0.161521 2.625527 0.009352 -0.998721 0.047022 0.016065
1788249643.369590521 -4.843333 0.160754 2.620852 0.009214 -0.998744 0.047084 0.014451
1788249643.402928591 -4.843959 0.160562 2.615109 0.009083 -0.998751 0.047169 0.013724
1788249643.436265945 -4.842840 0.161630 2.608291 0.009147 -0.998746 0.047512 0.012858
1788249643.469603777 -4.841962 0.161041 2.602085 0.009302 -0.998748 0.047769 0.011558
1788249643.502941608 -4.840075 0.161308 2.595438 0.009523 -0.998754 0.047887 0.010321
1788249643.536279678 -4.838382 0.161481 2.588442 0.009683 -0.998765 0.047837 0.009338
1788249643.569617510 -4.837944 0.160758 2.581766 0.009810 -0.998787 0.047535 0.008327
1788249643.602964640 -4.836360 0.160415 2.575428 0.009899 -0.998800 0.047413 0.007267
1788249643.636311769 -4.834964 0.160677 2.568576 0.009959 -0.998801 0.047525 0.006204
1788249643.669658661 -4.835038 0.160357 2.562757 0.009906 -0.998805 0.047584 0.005039
1788249643.703006029 -4.834384 0.159681 2.555684 0.009671 -0.998821 0.047368 0.004327
1788249643.736353159 -4.834039 0.160006 2.549076 0.009885 -0.998830 0.047190 0.003649
1788249643.769700289 -4.833188 0.159389 2.542212 0.009976 -0.998850 0.046819 0.002763
1788249643.803047895 -4.831855 0.159369 2.534449 0.010097 -0.998857 0.046676 0.001914
1788249643.836395025 -4.831929 0.158551 2.527919 0.010146 -0.998873 0.046343 0.001080
1788249643.869742393 -4.830395 0.158790 2.520571 0.010114 -0.998884 0.046131 0.000574
1788249643.903089046 -4.830093 0.158229 2.514808 -0.010513 0.998880 -0.046135 0.000209
1788249643.936436653 -4.828892 0.157807 2.508105 -0.010728 0.998879 -0.046092 0.001098
1788249643.969784260 -4.828729 0.158861 2.500970 -0.010645 0.998882 -0.046012 0.002152
1788249644.003132105 -4.826671 0.157748 2.494325 -0.010613 0.998887 -0.045877 0.002790
1788249644.036479712 -4.827781 0.157325 2.487908 -0.010498 0.998879 -0.046012 0.003609
1788249644.069827080 -4.827061 0.157028 2.481470 -0.010342 0.998866 -0.046282 0.004329
1788249644.103175163 -4.826637 0.157726 2.474947 -0.010274 0.998851 -0.046517 0.005188
1788249644.136523008 -4.825721 0.157401 2.469650 -0.010077 0.998838 -0.046761 0.005880
1788249644.169870853 -4.826028 0.156883 2.463274 -0.009881 0.998834 -0.046794 0.006522
1788249644.203218699 -4.824371 0.157010 2.450005 -0.009874 0.998830 -0.046789 0.007229
1788249644.236566782 -4.823294 0.157169 2.442598 -0.009986 0.998822 -0.046833 0.007857
1788249644.269915342 -4.823655 0.156499 2.436404 -0.010046 0.998811 -0.046905 0.008670
1788249644.303263426 -4.822779 0.155853 2.429593 -0.010156 0.998805 -0.046884 0.009386
1788249644.336610317 -4.822670 0.155744 2.423224 -0.010194 0.998799 -0.046870 0.010036
1788249644.369958401 -4.820266 0.155586 2.416500 -0.010191 0.998788 -0.046984 0.010542
1788249644.403307199 -4.819868 0.155649 2.409636 -0.010165 0.998768 -0.047258 0.011258
1788249644.436655521 -4.820506 0.155523 2.403446 -0.010026 0.998743 -0.047622 0.011961
1788249644.470003843 -4.820095 0.154272 2.397624 -0.009737 0.998737 -0.047681 0.012486
1788249644.503352165 -4.820053 0.154664 2.391740 -0.009589 0.998729 -0.047714 0.013137
1788249644.536700726 -4.819145 0.155484 2.383917 -0.009436 0.998734 -0.047503 0.013591
1788249644.570049047 -4.819746 0.154664 2.376607 -0.009416 0.998746 -0.047072 0.014201
1788249644.603384733 -4.818105 0.154198 2.369404 -0.009518 0.998740 -0.047013 0.014763
1788249644.636719942 -4.817945 0.154134 2.363438 -0.009524 0.998733 -0.046874 0.015635
1788249644.670055628 -4.817666 0.153871 2.356343 -0.009327 0.998730 -0.046769 0.016257
1788249644.703390837 -4.816960 0.153050 2.349882 -0.009451 0.998705 -0.047072 0.016804
1788249644.736726046 -4.815742 0.153126 2.343799 -0.009739 0.998669 -0.047497 0.017587
1788249644.770060062 -4.814646 0.152586 2.338059 -0.009918 0.998648 -0.047634 0.018289
1788249644.803395510 -4.812624 0.152261 2.331985 -0.009789 0.998640 -0.047772 0.018456
1788249644.836730480 -4.812608 0.151673 2.325624 -0.009719 0.998634 -0.047745 0.018897
1788249644.870065451 -4.812476 0.151535 2.318781 -0.009822 0.998614 -0.047856 0.019573
1788249644.903400660 -4.811270 0.152306 2.311497 -0.009735 0.998602 -0.047864 0.020214
1788249644.936735392 -4.811880 0.151334 2.304411 -0.009667 0.998604 -0.047491 0.021002
1788249644.970070362 -4.811445 0.151118 2.297853 -0.009547 0.998590 -0.047496 0.021682
1788249645.003405094 -4.811060 0.150557 2.291405 -0.009365 0.998563 -0.047805 0.022334
1788249645.036740303 -4.810050 0.150408 2.285665 -0.009788 0.998528 -0.048077 0.023125
1788249645.070074797 -4.808984 0.149573 2.279753 -0.009715 0.998488 -0.048524 0.023920
1788249645.103409529 -4.808079 0.149705 2.274441 -0.009608 0.998451 -0.048946 0.024648
1788249645.136744022 -4.807893 0.148974 2.269089 -0.009637 0.998423 -0.049161 0.025322
1788249645.170078754 -4.807210 0.148755 2.262561 -0.009616 0.998402 -0.049250 0.025990
1788249645.203412294 -4.806206 0.148188 2.255322 -0.009519 0.998393 -0.049195 0.026457
1788249645.236746550 -4.806035 0.148461 2.248784 -0.009521 0.998373 -0.049278 0.027078
1788249645.270080805 -4.805143 0.148297 2.241733 -0.009332 0.998360 -0.049251 0.027654
1788249645.303415298 -4.805542 0.147731 2.235062 -0.009181 0.998345 -0.049144 0.028420
1788249645.336749792 -4.805066 0.147189 2.228940 -0.008931 0.998335 -0.049069 0.028976
1788249645.370084047 -4.804141 0.146528 2.222675 -0.008930 0.998306 -0.049338 0.029511
1788249645.403418064 -4.803765 0.146372 2.216602 -0.008847 0.998272 -0.049537 0.030330
1788249645.436752319 -4.802413 0.145746 2.209772 -0.008969 0.998259 -0.049416 0.030917
1788249645.470086336 -4.800741 0.146159 2.203761 -0.009185 0.998244 -0.049390 0.031393
1788249645.503420591 -4.798928 0.146347 2.196972 -0.009474 0.998232 -0.049265 0.031880
1788249645.536754608 -4.797516 0.145787 2.189811 -0.009708 0.998209 -0.049215 0.032600
1788249645.570088625 -4.797471 0.145662 2.183084 -0.009876 0.998179 -0.049137 0.033581
1788249645.603423834 -4.796938 0.144962 2.176223 -0.009731 0.998172 -0.048839 0.034258
1788249645.636759758 -4.795574 0.145623 2.169724 -0.009647 0.998151 -0.049025 0.034607
1788249645.670094252 -4.794090 0.145618 2.162674 -0.009728 0.998123 -0.049185 0.035161
1788249645.703429461 -4.794655 0.144215 2.157317 -0.009611 0.998093 -0.049096 0.036161
1788249645.736765146 -4.793738 0.144137 2.152329 -0.009531 0.998071 -0.049086 0.036794
1788249645.770100355 -4.792986 0.144054 2.146426 -0.009353 0.998056 -0.049077 0.037257
1788249645.803435564 -4.791993 0.143365 2.139083 -0.009212 0.998041 -0.048969 0.037840
1788249645.836771250 -4.791697 0.143757 2.132598 -0.009291 0.998008 -0.049074 0.038549
1788249645.870106220 -4.789505 0.143768 2.126122 -0.009508 0.997973 -0.049329 0.039076
1788249645.903441191 -4.787742 0.143288 2.119795 -0.009712 0.997939 -0.049378 0.039807
1788249645.936776638 -4.786074 0.143332 2.113298 -0.009702 0.997916 -0.049363 0.040420
1788249645.970111609 -4.785419 0.143064 2.107398 -0.009672 0.997892 -0.049444 0.040907
1788249646.003446579 -4.785928 0.141542 2.101577 -0.009563 0.997858 -0.049622 0.041535
1788249646.036781788 -4.784586 0.141455 2.095376 -0.009458 0.997835 -0.049601 0.042130
1788249646.070116520 -4.784779 0.141788 2.088128 -0.009341 0.997805 -0.049549 0.042916
1788249646.103450298 -4.783369 0.142125 2.081542 -0.009041 0.997798 -0.049426 0.043286
1788249646.136785030 -4.782818 0.139755 2.075494 -0.009100 0.997794 -0.048953 0.043913
1788249646.170120001 -4.781288 0.139811 2.068149 -0.009288 0.997749 -0.049213 0.044589
1788249646.203454494 -4.779814 0.139717 2.061419 -0.009427 0.997707 -0.049453 0.045229
1788249646.236788988 -4.779414 0.139945 2.055626 -0.009395 0.997670 -0.049592 0.045902
1788249646.270123959 -4.778212 0.139747 2.049035 -0.009469 0.997631 -0.049750 0.046561
1788249646.303458452 -4.777022 0.139789 2.043020 -0.009569 0.997583 -0.049969 0.047328
1788249646.336792946 -4.774145 0.139068 2.032761 -0.009766 0.997552 -0.049845 0.048064
1788249646.370127201 -4.772721 0.138695 2.026421 -0.009714 0.997522 -0.049823 0.048720
1788249646.403461695 -4.771894 0.137962 2.019301 -0.009561 0.997507 -0.049662 0.049217
1788249646.436795950 -4.770895 0.137480 2.012696 -0.009498 0.997484 -0.049473 0.049874
1788249646.470130444 -4.769709 0.138164 2.005772 -0.009495 0.997452 -0.049587 0.050406
1788249646.503464699 -4.769354 0.138084 1.999336 -0.009462 0.997406 -0.049607 0.051290
1788249646.536798716 -4.767690 0.137437 1.992644 -0.009585 0.997368 -0.049583 0.052036
1788249646.570131779 -4.766454 0.137330 1.986049 -0.009496 0.997334 -0.049646 0.052629
1788249646.603472471 -4.766330 0.137354 1.979927 -0.009510 0.997301 -0.049592 0.053305
1788249646.636813164 -4.764234 0.136491 1.973092 -0.009430 0.997275 -0.049446 0.053930
1788249646.670153379 -4.763003 0.136116 1.966801 -0.009602 0.997235 -0.049432 0.054653
1788249646.703494072 -4.761760 0.136320 1.959462 -0.009726 0.997196 -0.049528 0.055242
1788249646.736834764 -4.760916 0.136135 1.953528 -0.009522 0.997174 -0.049320 0.055869
1788249646.770174742 -4.760382 0.135730 1.946452 -0.009365 0.997167 -0.049070 0.056240
1788249646.803515434 -4.761000 0.134566 1.940633 -0.009197 0.997159 -0.049133 0.056353
1788249646.836856127 -4.759890 0.134688 1.933301 -0.009081 0.997162 -0.049176 0.056282
1788249646.870196581 -4.758656 0.134459 1.926043 -0.009107 0.997165 -0.048967 0.056406
1788249646.903537273 -4.757443 0.134615 1.919301 -0.009114 0.997160 -0.048949 0.056505
1788249646.936877728 -4.758452 0.134016 1.913332 -0.008935 0.997151 -0.048958 0.056679
1788249646.970218420 -4.756965 0.134107 1.906164 -0.009068 0.997154 -0.048868 0.056688
1788249647.003557920 -4.755967 0.133054 1.899010 -0.009236 0.997142 -0.048897 0.056851
1788249647.036898613 -4.755319 0.133627 1.893141 -0.009249 0.997125 -0.049161 0.056917
1788249647.070239305 -4.753434 0.133658 1.887113 -0.009384 0.997124 -0.049170 0.056903
1788249647.103579998 -4.753306 0.132388 1.881011 -0.009418 0.997128 -0.049018 0.056962
1788249647.136920452 -4.752475 0.131724 1.873710 -0.009326 0.997130 -0.049107 0.056856
1788249647.170261383 -4.751456 0.131981 1.867232 -0.009252 0.997132 -0.049148 0.056802
1788249647.203602076 -4.751664 0.131904 1.859509 -0.009041 0.997127 -0.048961 0.057084
1788249647.236942530 -4.751251 0.132123 1.852834 -0.008987 0.997129 -0.048834 0.057172
1788249647.270283461 -4.750120 0.131506 1.845674 -0.008950 0.997135 -0.048731 0.057161
1788249647.303623676 -4.751119 0.131279 1.842853 -0.008614 0.997123 -0.048605 0.057532
1788249647.336964607 -4.750771 0.130475 1.836245 -0.008519 0.997109 -0.048778 0.057636
1788249647.370305538 -4.749897 0.130207 1.830701 -0.008555 0.997092 -0.049072 0.057678
1788249647.403645992 -4.749143 0.129399 1.825274 -0.008507 0.997076 -0.049310 0.057760
1788249647.436985970 -4.748115 0.129558 1.819065 -0.008470 0.997067 -0.049500 0.057745
1788249647.470326900 -4.748035 0.128082 1.813149 -0.008271 0.997063 -0.049569 0.057795
1788249647.503667355 -4.747994 0.128150 1.806403 -0.008209 0.997060 -0.049719 0.057724
1788249647.537008286 -4.747183 0.127820 1.799766 -0.008260 0.997075 -0.049691 0.057479
1788249647.570348978 -4.747098 0.127748 1.792171 -0.008323 0.997079 -0.049389 0.057660
1788249647.603697777 -4.745885 0.128166 1.784094 -0.008393 0.997087 -0.049026 0.057824
1788249647.637046814 -4.745380 0.128004 1.777288 -0.008459 0.997096 -0.048693 0.057932
1788249647.670396090 -4.744928 0.127809 1.770944 -0.008254 0.997100 -0.048782 0.057828
1788249647.703745127 -4.744026 0.126606 1.764669 -0.008256 0.997093 -0.048828 0.057902
1788249647.737094164 -4.742772 0.127823 1.758554 -0.008383 0.997074 -0.049117 0.057975
1788249647.770443678 -4.741841 0.127437 1.752310 -0.008402 0.997064 -0.049103 0.058153
1788249647.803792953 -4.741321 0.126815 1.745660 -0.008244 0.997046 -0.048951 0.058609
1788249647.837142467 -4.741166 0.126383 1.739947 -0.008098 0.997035 -0.049036 0.058743
1788249647.870491743 -4.740747 0.125601 1.733416 -0.007959 0.997046 -0.049253 0.058402
1788249647.903840065 -4.740851 0.125848 1.726691 -0.007851 0.997053 -0.049403 0.058164
1788249647.937189817 -4.739447 0.125258 1.721375 -0.007831 0.997059 -0.049247 0.058190
1788249647.970539331 -4.739104 0.124809 1.713987 -0.007848 0.997061 -0.048878 0.058463
1788249648.003889084 -4.738182 0.125039 1.706838 -0.007723 0.997070 -0.048792 0.058405
1788249648.037238598 -4.737001 0.125046 1.700709 -0.007831 0.997068 -0.048977 0.058277
1788249648.070588350 -4.737243 0.124699 1.694752 -0.007812 0.997053 -0.049239 0.058303
1788249648.103938103 -4.736859 0.123935 1.689149 -0.007720 0.997032 -0.049257 0.058657
1788249648.137288094 -4.734965 0.123475 1.682335 -0.007867 0.997019 -0.049067 0.059026
1788249648.170637608 -4.734107 0.123142 1.676804 -0.007750 0.997015 -0.049195 0.059004
1788249648.203987837 -4.734689 0.123026 1.669700 -0.007611 0.997033 -0.049253 0.058664
1788249648.237337828 -4.734522 0.122933 1.662495 -0.007340 0.997043 -0.049100 0.058659
1788249648.270687819 -4.733297 0.121968 1.654607 -0.007455 0.997060 -0.048525 0.058837
1788249648.304038048 -4.732390 0.123296 1.646760 -0.007572 0.997067 -0.048262 0.058912
1788249648.337387085 -4.731624 0.123131 1.640002 -0.007769 0.997086 -0.048086 0.058717
1788249648.370737314 -4.730454 0.122862 1.633328 -0.007950 0.997103 -0.047923 0.058528
1788249648.404087305 -4.729147 0.122543 1.626041 -0.007905 0.997111 -0.047987 0.058343
1788249648.437437773 -4.728581 0.122365 1.619853 -0.008126 0.997099 -0.047829 0.058652
1788249648.470788240 -4.727707 0.122316 1.613277 -0.008139 0.997088 -0.047710 0.058925
1788249648.504138708 -4.726982 0.121342 1.607401 -0.008189 0.997082 -0.047793 0.058961
1788249648.537488937 -4.726993 0.121538 1.601433 -0.007932 0.997087 -0.048080 0.058669
1788249648.570839405 -4.727134 0.121319 1.593960 -0.007682 0.997085 -0.048240 0.058604
1788249648.604183674 -4.726663 0.121205 1.587103 -0.007503 0.997067 -0.048347 0.058854
1788249648.637527704 -4.725797 0.121036 1.580244 -0.007605 0.997063 -0.048311 0.058936
1788249648.670871973 -4.724790 0.120567 1.573803 -0.007719 0.997065 -0.048356 0.058857
1788249648.704216003 -4.723135 0.120269 1.567579 -0.007838 0.997070 -0.048453 0.058669
1788249648.737560272 -4.722637 0.119717 1.561181 -0.007891 0.997054 -0.048805 0.058643
1788249648.770903349 -4.721278 0.119541 1.554757 -0.008153 0.997040 -0.049159 0.058558
1788249648.804247618 -4.721066 0.118904 1.548761 -0.007981 0.997034 -0.049196 0.058646
1788249648.837591648 -4.721114 0.118150 1.543111 -0.008057 0.997023 -0.049148 0.058857
1788249648.870935917 -4.719741 0.118872 1.537229 -0.008038 0.997007 -0.049321 0.058983
1788249648.904280186 -4.719147 0.116754 1.530400 -0.008053 0.997001 -0.049482 0.058958
1788249648.937624693 -4.719070 0.117087 1.524480 -0.007973 0.996999 -0.049763 0.058761
1788249648.970968962 -4.718009 0.116531 1.517351 -0.007994 0.997003 -0.049587 0.058841
1788249649.004313231 -4.716885 0.116279 1.510442 -0.008072 0.997009 -0.049216 0.059041
1788249649.037657499 -4.715971 0.116569 1.502755 -0.008153 0.997026 -0.048867 0.059033
1788249649.071001768 -4.715996 0.115322 1.495720 -0.008139 0.997029 -0.048716 0.059103
1788249649.104346037 -4.714615 0.115583 1.489209 -0.008033 0.997025 -0.049059 0.058912
1788249649.137690544 -4.713727 0.115260 1.482635 -0.008040 0.997012 -0.049262 0.058947
1788249649.171034813 -4.713247 0.115228 1.476085 -0.008175 0.996994 -0.049227 0.059273
1788249649.204378128 -4.711888 0.114126 1.469713 -0.008211 0.997022 -0.048716 0.059222
1788249649.237722397 -4.711240 0.113936 1.463500 -0.008069 0.997025 -0.048966 0.058984
1788249649.271066904 -4.712016 0.112906 1.458122 -0.007703 0.997006 -0.049385 0.058995
1788249649.304411411 -4.712104 0.113033 1.450708 -0.007502 0.997006 -0.049384 0.059022
1788249649.337755919 -4.711447 0.114128 1.443638 -0.007394 0.997001 -0.049353 0.059141
1788249649.371100426 -4.710880 0.114000 1.436851 -0.007350 0.997007 -0.049249 0.059140
1788249649.404444933 -4.710629 0.113496 1.429543 -0.007164 0.997018 -0.049112 0.059098
1788249649.437789202 -4.711495 0.113261 1.423034 -0.007090 0.997002 -0.049240 0.059270
1788249649.471133709 -4.710517 0.113467 1.416706 -0.007236 0.996988 -0.049528 0.059237
1788249649.504478693 -4.708962 0.112292 1.410872 -0.007285 0.996985 -0.049621 0.059211
1788249649.537823200 -4.707490 0.111856 1.404935 -0.007594 0.996973 -0.049755 0.059265
1788249649.571167707 -4.706955 0.111295 1.398272 -0.007593 0.996975 -0.049899 0.059107
1788249649.604505539 -4.707111 0.110387 1.391581 -0.007425 0.996976 -0.049962 0.059054
1788249649.637843370 -4.706026 0.111337 1.384996 -0.007357 0.996972 -0.050068 0.059044
1788249649.671180248 -4.705043 0.110430 1.377918 -0.007373 0.996975 -0.049921 0.059108
1788249649.704518080 -4.704525 0.111569 1.371507 -0.007299 0.996975 -0.049984 0.059073
1788249649.737855911 -4.705803 0.111003 1.364998 -0.007151 0.996960 -0.050037 0.059299
1788249649.771193504 -4.704691 0.110250 1.358228 -0.007144 0.996944 -0.050247 0.059384
1788249649.804531097 -4.703204 0.109426 1.351720 -0.007094 0.996920 -0.050633 0.059467
1788249649.837868690 -4.701880 0.109679 1.346542 -0.007110 0.996886 -0.051109 0.059626
1788249649.871206760 -4.701376 0.109425 1.340361 -0.007123 0.996876 -0.051176 0.059738
1788249649.904544353 -4.701506 0.109515 1.333765 -0.006924 0.996883 -0.051148 0.059668
1788249649.937881947 -4.701813 0.108795 1.327261 -0.006721 0.996895 -0.051325 0.059337
1788249649.971219301 -4.701385 0.109393 1.322140 -0.006472 0.996874 -0.051891 0.059220
1788249650.004556894 -4.700926 0.110343 1.314788 -0.006449 0.996871 -0.051940 0.059236
1788249650.037894726 -4.700773 0.109116 1.308609 -0.006378 0.996871 -0.051829 0.059344
1788249650.071232080 -4.697549 0.106669 1.302659 -0.006472 0.996906 -0.051410 0.059106
1788249650.104568720 -4.698169 0.107207 1.294794 -0.006488 0.996895 -0.051429 0.059279
1788249650.137906075 -4.696876 0.107537 1.287796 -0.006599 0.996889 -0.051541 0.059264
1788249650.171243668 -4.695461 0.107132 1.281613 -0.006796 0.996887 -0.051664 0.059174
1788249650.204581261 -4.695066 0.106026 1.275866 -0.006618 0.996888 -0.051620 0.059212
1788249650.237918615 -4.694582 0.104476 1.268368 -0.006797 0.996892 -0.051383 0.059326
1788249650.271255970 -4.692831 0.106310 1.262621 -0.007015 0.996886 -0.051555 0.059256
1788249650.304593325 -4.691949 0.107220 1.255810 -0.007106 0.996886 -0.051682 0.059127
1788249650.337930679 -4.692867 0.106236 1.248626 -0.006924 0.996883 -0.051579 0.059289
1788249650.371268034 -4.691771 0.105976 1.240843 -0.007015 0.996886 -0.051419 0.059370
1788249650.404605389 -4.691845 0.105937 1.233937 -0.006927 0.996886 -0.051290 0.059495
1788249650.437942266 -4.691228 0.105957 1.227627 -0.006918 0.996896 -0.051250 0.059364
1788249650.471280098 -4.689533 0.106134 1.220225 -0.007023 0.996886 -0.051455 0.059348
1788249650.504616976 -4.689170 0.105561 1.213645 -0.006881 0.996869 -0.051739 0.059389
1788249650.537953138 -4.688157 0.105887 1.207910 -0.007032 0.996860 -0.051904 0.059394
1788249650.571290493 -4.686668 0.105721 1.202533 -0.007169 0.996863 -0.051889 0.059331
1788249650.604633093 -4.685867 0.104896 1.196961 -0.007207 0.996865 -0.051813 0.059358
1788249650.637975693 -4.684910 0.104242 1.189395 -0.007369 0.996870 -0.051736 0.059325
1788249650.671318054 -4.683076 0.102042 1.181779 -0.007337 0.996878 -0.051575 0.059339
1788249650.704660892 -4.682080 0.102664 1.175319 -0.007511 0.996882 -0.051518 0.059289
1788249650.738003254 -4.681112 0.103045 1.168184 -0.007618 0.996884 -0.051452 0.059308
1788249650.771346092 -4.681290 0.101650 1.160640 -0.007563 0.996893 -0.051066 0.059499
1788249650.804688454 -4.679926 0.100094 1.155620 -0.007396 0.996906 -0.050919 0.059417
1788249650.838031292 -4.679695 0.100165 1.148058 -0.007269 0.996901 -0.051097 0.059376
1788249650.871373653 -4.680302 0.100404 1.140065 -0.007272 0.996878 -0.051311 0.059573
1788249650.904716253 -4.677406 0.100369 1.136423 -0.007279 0.996874 -0.051519 0.059460
1788249650.938058615 -4.676628 0.102081 1.129334 -0.007524 0.996858 -0.051770 0.059474
1788249650.971401215 -4.676641 0.102610 1.121977 -0.007596 0.996855 -0.051829 0.059466
1788249651.004742861 -4.675358 0.100265 1.116528 -0.007408 0.996861 -0.051887 0.059335
1788249651.038085222 -4.675590 0.099755 1.108881 -0.007278 0.996845 -0.052120 0.059421
1788249651.071428061 -4.674899 0.099248 1.103228 -0.007145 0.996856 -0.051942 0.059410
1788249651.104770422 -4.674692 0.099166 1.097440 -0.006924 0.996844 -0.052004 0.059581
1788249651.138112783 -4.676209 0.100518 1.089369 -0.006752 0.996826 -0.052211 0.059712
1788249651.171455383 -4.673231 0.099303 1.084249 -0.006860 0.996848 -0.052085 0.059443
1788249651.204797983 -4.672813 0.099865 1.077356 -0.006893 0.996830 -0.052315 0.059544
1788249651.238140345 -4.671679 0.099731 1.071600 -0.007132 0.996811 -0.052561 0.059623
1788249651.271482706 -4.670085 0.098869 1.065044 -0.007075 0.996822 -0.052519 0.059480
1788249651.304825306 -4.666458 0.097257 1.058787 -0.007226 0.996856 -0.052087 0.059265
1788249651.338167906 -4.665428 0.097053 1.052539 -0.007317 0.996860 -0.052000 0.059266
1788249651.371510267 -4.666098 0.097439 1.044056 -0.007369 0.996837 -0.052292 0.059387
1788249651.404852629 -4.666253 0.097787 1.037042 -0.007343 0.996834 -0.052264 0.059469
1788249651.438194275 -4.664651 0.097625 1.030728 -0.007487 0.996840 -0.052099 0.059496
1788249651.471536636 -4.663630 0.096772 1.023593 -0.007444 0.996849 -0.051794 0.059618
1788249651.504878998 -4.662995 0.096934 1.016318 -0.007430 0.996873 -0.051452 0.059505
1788249651.538221359 -4.661532 0.094476 1.010295 -0.007290 0.996894 -0.051076 0.059504
1788249651.571563959 -4.660505 0.094894 1.003397 -0.007262 0.996890 -0.051254 0.059412
1788249651.604912758 -4.660071 0.093968 0.997242 -0.007365 0.996885 -0.051294 0.059452
1788249651.638261795 -4.659230 0.095736 0.990355 -0.007322 0.996879 -0.051382 0.059487
1788249651.671610832 -4.659566 0.094890 0.984553 -0.007276 0.996889 -0.051172 0.059506
1788249651.704959869 -4.659446 0.093703 0.977051 -0.007149 0.996886 -0.051240 0.059509
1788249651.738308907 -4.659243 0.093504 0.971213 -0.007104 0.996879 -0.051322 0.059565
1788249651.771658182 -4.659412 0.094691 0.962204 -0.007071 0.996874 -0.051221 0.059743
1788249651.805007219 -4.659666 0.094019 0.954654 -0.006978 0.996888 -0.050844 0.059832
1788249651.838356256 -4.657895 0.093894 0.948488 -0.006956 0.996903 -0.050617 0.059788
1788249651.871705770 -4.656412 0.092936 0.939898 -0.006764 0.996924 -0.050291 0.059728
1788249651.905054092 -4.655490 0.091678 0.934476 -0.006726 0.996926 -0.050317 0.059679
1788249651.938403368 -4.655815 0.091059 0.927314 -0.006675 0.996913 -0.050530 0.059714
1788249651.971752882 -4.653779 0.091657 0.921825 -0.006865 0.996912 -0.050502 0.059740
1788249652.005102396 -4.653721 0.090956 0.914738 -0.006984 0.996911 -0.050414 0.059822
1788249652.038452148 -4.652677 0.090592 0.908847 -0.006950 0.996911 -0.050308 0.059914
1788249652.071801424 -4.651120 0.090025 0.900906 -0.006899 0.996921 -0.050252 0.059799
1788249652.105151415 -4.651580 0.089394 0.892937 -0.006930 0.996925 -0.049955 0.059977
1788249652.138500690 -4.652394 0.090100 0.886560 -0.006923 0.996922 -0.049727 0.060219
1788249652.171850443 -4.650240 0.089794 0.879275 -0.007054 0.996943 -0.049357 0.060163
1788249652.205200195 -4.649240 0.090495 0.871738 -0.007172 0.996945 -0.049333 0.060129
1788249652.238550186 -4.647558 0.090122 0.865783 -0.007096 0.996947 -0.049469 0.059997
1788249652.271899939 -4.647703 0.089029 0.858891 -0.006904 0.996934 -0.049701 0.060041
1788249652.305250168 -4.647192 0.089432 0.853917 -0.006808 0.996911 -0.050031 0.060160
1788249652.338598967 -4.647191 0.089651 0.847095 -0.006887 0.996897 -0.050239 0.060204
1788249652.371949196 -4.646094 0.090377 0.841224 -0.006944 0.996887 -0.050438 0.060207
1788249652.405299425 -4.642575 0.088472 0.834821 -0.007036 0.996906 -0.050446 0.059860
1788249652.438649178 -4.642343 0.088234 0.826654 -0.006921 0.996904 -0.050550 0.059823
1788249652.471999407 -4.642292 0.088715 0.819829 -0.006963 0.996907 -0.050427 0.059879
1788249652.505349636 -4.642531 0.089227 0.812398 -0.006883 0.996899 -0.050302 0.060122
1788249652.538700104 -4.640272 0.089479 0.806177 -0.006978 0.996917 -0.050143 0.059948
1788249652.572050333 -4.638816 0.089025 0.798776 -0.007041 0.996940 -0.049835 0.059807
1788249652.605396032 -4.639327 0.088408 0.792703 -0.006892 0.996940 -0.049688 0.059952
1788249652.638748646 -4.638096 0.088357 0.786165 -0.006920 0.996939 -0.049843 0.059830
1788249652.672100544 -4.636879 0.088293 0.779740 -0.007037 0.996927 -0.049903 0.059978
1788249652.705452681 -4.636891 0.089754 0.772243 -0.007206 0.996906 -0.050146 0.060092
1788249652.738805294 -4.636936 0.089896 0.765188 -0.007213 0.996909 -0.050190 0.060011
1788249652.772156715 -4.636585 0.086820 0.758274 -0.007043 0.996925 -0.049960 0.059962
1788249652.805509567 -4.636312 0.086862 0.752164 -0.006850 0.996912 -0.050114 0.060061
1788249652.838862181 -4.635570 0.087413 0.745781 -0.006870 0.996910 -0.050040 0.060159
1788249652.872214794 -4.634678 0.086908 0.738367 -0.007012 0.996924 -0.049911 0.060016
1788249652.905567884 -4.634061 0.086165 0.732374 -0.006842 0.996933 -0.049781 0.060003
1788249652.938920736 -4.632972 0.085969 0.724993 -0.006799 0.996942 -0.049701 0.059914
1788249652.972273827 -4.631599 0.085236 0.718463 -0.006765 0.996952 -0.049752 0.059717
1788249653.005626917 -4.632109 0.085518 0.711876 -0.006905 0.996935 -0.049770 0.059959
1788249653.038980484 -4.629168 0.084058 0.705986 -0.007056 0.996946 -0.049613 0.059892
1788249653.072333574 -4.628972 0.084121 0.698639 -0.007141 0.996950 -0.049546 0.059867
1788249653.105687141 -4.627431 0.082895 0.692613 -0.007183 0.996975 -0.049231 0.059710
1788249653.139040709 -4.628978 0.083885 0.684518 -0.007131 0.996972 -0.049208 0.059792
1788249653.172394037 -4.628504 0.082384 0.677815 -0.007099 0.996983 -0.048798 0.059951
1788249653.205747843 -4.627687 0.084236 0.670374 -0.007195 0.996976 -0.048901 0.059967
1788249653.239100695 -4.626766 0.084196 0.663225 -0.007385 0.996992 -0.048613 0.059914
1788249653.272454739 -4.626360 0.083955 0.655783 -0.007383 0.997014 -0.048340 0.059760
1788249653.305808783 -4.624900 0.082913 0.648469 -0.007389 0.997021 -0.048246 0.059721
1788249653.339162827 -4.623327 0.083257 0.642525 -0.007748 0.997010 -0.048302 0.059819
1788249653.372516870 -4.621374 0.082808 0.636698 -0.007981 0.997008 -0.048302 0.059817
1788249653.405871153 -4.621919 0.081728 0.629803 -0.008055 0.996999 -0.048339 0.059921
1788249653.439225674 -4.620789 0.083386 0.622817 -0.008152 0.996994 -0.048633 0.059756
1788249653.472580194 -4.620114 0.080766 0.617271 -0.007723 0.997001 -0.048692 0.059650
1788249653.505934715 -4.620371 0.079982 0.610658 -0.007606 0.997000 -0.048730 0.059646
1788249653.539289474 -4.620914 0.080634 0.603645 -0.007560 0.996978 -0.049041 0.059777
1788249653.572644234 -4.618770 0.079607 0.598137 -0.007667 0.996974 -0.049105 0.059766
1788249653.605997324 -4.617505 0.078706 0.592448 -0.007666 0.996983 -0.049136 0.059592
1788249653.639348745 -4.616061 0.078569 0.585196 -0.007622 0.996976 -0.049465 0.059443
1788249653.672699213 -4.615946 0.079729 0.579538 -0.007646 0.996939 -0.049979 0.059642
1788249653.706050873 -4.614976 0.078755 0.573326 -0.007789 0.996928 -0.050105 0.059690
1788249653.739402533 -4.613286 0.078138 0.567726 -0.008029 0.996923 -0.050217 0.059655
1788249653.772754431 -4.612470 0.078510 0.561737 -0.008240 0.996899 -0.050559 0.059741
1788249653.806106329 -4.610597 0.078187 0.555233 -0.008387 0.996908 -0.050580 0.059550
1788249653.839458227 -4.611804 0.078342 0.549119 -0.008284 0.996902 -0.050604 0.059647
1788249653.872810125 -4.612134 0.078368 0.541483 -0.008200 0.996888 -0.050589 0.059899
1788249653.906162262 -4.609856 0.078176 0.534520 -0.008304 0.996890 -0.050489 0.059936
1788249653.939514399 -4.607595 0.077515 0.528076 -0.008424 0.996914 -0.050259 0.059711
1788249653.972867012 -4.609076 0.076767 0.521531 -0.008097 0.996920 -0.050062 0.059830
1788249654.006219149 -4.609682 0.075835 0.513817 -0.007873 0.996912 -0.050114 0.059942
1788249654.039571285 -4.608277 0.074634 0.507432 -0.007969 0.996903 -0.050206 0.059998
1788249654.072923899 -4.607116 0.075418 0.500597 -0.008264 0.996891 -0.050316 0.060067
1788249654.106275558 -4.605514 0.075463 0.493888 -0.008473 0.996889 -0.050428 0.059977
1788249654.139628410 -4.604495 0.075266 0.487076 -0.008500 0.996889 -0.050436 0.059965
1788249654.172981024 -4.604158 0.074821 0.480937 -0.008138 0.996916 -0.050184 0.059776
1788249654.206333876 -4.603859 0.073970 0.473066 -0.007881 0.996931 -0.049929 0.059771
1788249654.239686489 -4.604263 0.074134 0.466624 -0.007753 0.996921 -0.049930 0.059969
1788249654.273039818 -4.605010 0.075357 0.458842 -0.007723 0.996903 -0.050070 0.060142
1788249654.306392670 -4.602969 0.073833 0.453034 -0.007673 0.996921 -0.049825 0.060054
1788249654.339745998 -4.602551 0.074072 0.445663 -0.007686 0.996944 -0.049644 0.059823
1788249654.373099089 -4.602236 0.073740 0.439873 -0.007667 0.996941 -0.049778 0.059775
1788249654.406452656 -4.601825 0.073618 0.433385 -0.007919 0.996913 -0.049905 0.060092
1788249654.439805746 -4.600338 0.072696 0.426717 -0.008045 0.996911 -0.049815 0.060187
1788249654.473159313 -4.597105 0.075370 0.419235 -0.008332 0.996918 -0.050098 0.059793
1788249654.506512642 -4.596949 0.074429 0.411238 -0.008344 0.996927 -0.050002 0.059716
1788249654.539866447 -4.597665 0.075954 0.403754 -0.008110 0.996922 -0.050087 0.059761
1788249654.573219299 -4.597819 0.074805 0.397182 -0.007808 0.996921 -0.050069 0.059839
1788249654.606566906 -4.596312 0.074108 0.391628 -0.007858 0.996925 -0.049998 0.059819
1788249654.639906645 -4.595563 0.074439 0.385111 -0.007937 0.996914 -0.050244 0.059793
1788249654.673246384 -4.595000 0.074160 0.378758 -0.007849 0.996901 -0.050476 0.059818
1788249654.706585646 -4.593951 0.073692 0.371960 -0.007922 0.996898 -0.050517 0.059826
1788249654.739925146 -4.595022 0.072570 0.365819 -0.007717 0.996865 -0.050855 0.060114
1788249654.773264647 -4.592040 0.072428 0.360651 -0.007840 0.996856 -0.051096 0.060051
1788249654.806604385 -4.590139 0.072161 0.355463 -0.008030 0.996850 -0.051298 0.059950
1788249654.839944124 -4.590358 0.071378 0.348519 -0.008074 0.996846 -0.051399 0.059921
1788249654.873283386 -4.591172 0.072055 0.341568 -0.007865 0.996835 -0.051635 0.059932
1788249654.906623363 -4.591461 0.071232 0.334882 -0.007490 0.996842 -0.051696 0.059819
1788249654.939963102 -4.589498 0.069849 0.328870 -0.007438 0.996849 -0.051597 0.059785
1788249654.973302603 -4.590236 0.070501 0.322105 -0.007442 0.996824 -0.051803 0.060031
1788249655.006641150 -4.589718 0.070151 0.315089 -0.007484 0.996833 -0.051632 0.060011
1788249655.039980888 -4.589286 0.069876 0.308065 -0.007589 0.996834 -0.051613 0.060000
1788249655.073320389 -4.588463 0.070070 0.301950 -0.007682 0.996815 -0.051871 0.060078
1788249655.106659889 -4.587718 0.068651 0.294060 -0.007799 0.996818 -0.051828 0.060054
1788249655.139999628 -4.587681 0.068787 0.287903 -0.007718 0.996817 -0.051756 0.060153
1788249655.173339128 -4.586553 0.068602 0.282367 -0.008262 0.996803 -0.051744 0.060312
1788249655.206679106 -4.584732 0.068878 0.274512 -0.008324 0.996815 -0.051683 0.060164
1788249655.240018606 -4.584830 0.069444 0.267400 -0.008311 0.996830 -0.051492 0.060085
1788249655.273358107 -4.583723 0.068427 0.261432 -0.008435 0.996833 -0.051332 0.060154
1788249655.306697845 -4.581768 0.067425 0.254063 -0.008498 0.996838 -0.051183 0.060190
1788249655.340037584 -4.581381 0.067854 0.247584 -0.008578 0.996836 -0.051137 0.060252
1788249655.373377323 -4.581829 0.066695 0.240820 -0.008458 0.996842 -0.050971 0.060299
1788249655.406716824 -4.578855 0.066155 0.235116 -0.008508 0.996859 -0.051127 0.059886
1788249655.440055370 -4.580324 0.066439 0.227684 -0.008540 0.996821 -0.051464 0.060221
1788249655.473395109 -4.578444 0.066245 0.222512 -0.008592 0.996822 -0.051468 0.060185
1788249655.506734848 -4.576708 0.065745 0.215818 -0.008827 0.996823 -0.051481 0.060138
1788249655.540074587 -4.577147 0.065082 0.208923 -0.009094 0.996822 -0.051318 0.060241
1788249655.573414326 -4.575216 0.064766 0.202344 -0.009177 0.996838 -0.051169 0.060088
1788249655.606752396 -4.574087 0.065271 0.194238 -0.009228 0.996834 -0.051211 0.060123
1788249655.640087366 -4.572259 0.064017 0.187610 -0.009539 0.996850 -0.050969 0.060004
1788249655.673422813 -4.570928 0.066792 0.180250 -0.009682 0.996840 -0.051085 0.060056
1788249655.706758022 -4.570159 0.067763 0.174888 -0.009925 0.996828 -0.051154 0.060157
1788249655.740092993 -4.570031 0.067744 0.167032 -0.009852 0.996823 -0.051200 0.060219
1788249655.773428440 -4.570324 0.067706 0.160493 -0.009681 0.996816 -0.051351 0.060220
1788249655.806763411 -4.569447 0.066932 0.153580 -0.009483 0.996813 -0.051407 0.060259
1788249655.840098381 -4.568237 0.067398 0.147922 -0.009637 0.996800 -0.051584 0.060299
1788249655.873433352 -4.566753 0.066164 0.141949 -0.009839 0.996801 -0.051526 0.060298
1788249655.906767130 -4.565361 0.065986 0.135661 -0.009882 0.996812 -0.051509 0.060131
1788249655.940102339 -4.565051 0.065824 0.128330 -0.009887 0.996802 -0.051649 0.060172
1788249655.973436832 -4.565126 0.064693 0.122277 -0.009674 0.996803 -0.051689 0.060158
1788249656.006771564 -4.565018 0.064111 0.115632 -0.009515 0.996799 -0.051656 0.060274
1788249656.040106297 -4.562672 0.062266 0.109976 -0.009570 0.996809 -0.051638 0.060117
1788249656.073441029 -4.561777 0.062946 0.102818 -0.009473 0.996811 -0.051630 0.060099
1788249656.106775522 -4.562860 0.063592 0.096178 -0.009461 0.996800 -0.051743 0.060196
1788249656.140110016 -4.561540 0.063597 0.090329 -0.009422 0.996790 -0.051980 0.060150
1788249656.173444510 -4.558342 0.063763 0.083338 -0.009689 0.996795 -0.052154 0.059884
1788249656.206779003 -4.558204 0.063116 0.076496 -0.009761 0.996800 -0.051915 0.059994
1788249656.240113497 -4.556461 0.063919 0.068652 -0.010196 0.996796 -0.051934 0.059980
1788249656.273447514 -4.555864 0.062999 0.062498 -0.010214 0.996805 -0.051802 0.059939
1788249656.306781769 -4.555217 0.062636 0.054614 -0.010133 0.996805 -0.051832 0.059916
1788249656.340115070 -4.553835 0.063034 0.048709 -0.010243 0.996808 -0.051761 0.059908
1788249656.373449326 -4.551290 0.063580 0.041327 -0.010437 0.996810 -0.051542 0.060041
1788249656.406783342 -4.551774 0.063980 0.034799 -0.010575 0.996807 -0.051386 0.060201
1788249656.440117359 -4.551210 0.063580 0.027017 -0.010473 0.996827 -0.051010 0.060204
1788249656.473451376 -4.549770 0.063350 0.020449 -0.010374 0.996832 -0.050981 0.060157
1788249656.506785393 -4.547228 0.063741 0.015061 -0.010664 0.996832 -0.051241 0.059896
1788249656.540119171 -4.547955 0.063858 0.007761 -0.010783 0.996816 -0.051290 0.060099
1788249656.573452950 -4.546062 0.063673 0.002229 -0.010796 0.996823 -0.051155 0.060096
1788249656.606787443 -4.545703 0.062926 -0.004498 -0.010771 0.996832 -0.051113 0.059974
1788249656.640122890 -4.546133 0.063521 -0.011323 -0.010675 0.996812 -0.051292 0.060169
1788249656.673458338 -4.546980 0.061633 -0.017341 -0.010359 0.996822 -0.051081 0.060240
1788249656.706793785 -4.544380 0.060155 -0.025975 -0.010653 0.996841 -0.050974 0.059974
1788249656.740129232 -4.545292 0.059245 -0.031783 -0.010680 0.996845 -0.050686 0.060136
1788249656.773463249 -4.542793 0.058461 -0.039926 -0.010890 0.996868 -0.050461 0.059915
1788249656.806798458 -4.542707 0.058940 -0.045615 -0.010931 0.996853 -0.050504 0.060122
1788249656.840133667 -4.542080 0.057868 -0.053324 -0.011027 0.996855 -0.050559 0.060021
1788249656.873468637 -4.542029 0.058215 -0.059524 -0.011038 0.996846 -0.050601 0.060128
1788249656.906803846 -4.540981 0.057728 -0.066822 -0.011139 0.996832 -0.050632 0.060316
1788249656.940138817 -4.539839 0.057669 -0.072532 -0.011121 0.996834 -0.050754 0.060190
1788249656.973473549 -4.540819 0.057632 -0.078923 -0.011084 0.996814 -0.050948 0.060362
1788249657.006808519 -4.541354 0.057022 -0.085924 -0.011094 0.996794 -0.051090 0.060561
1788249657.040143490 -4.540843 0.058163 -0.092563 -0.010909 0.996788 -0.051159 0.060642
1788249657.073478222 -4.535939 0.055835 -0.097803 -0.011156 0.996845 -0.050587 0.060136
1788249657.106812716 -4.535962 0.057209 -0.104526 -0.011139 0.996836 -0.050559 0.060310
1788249657.140147686 -4.535472 0.056737 -0.112449 -0.011098 0.996841 -0.050379 0.060386
1788249657.173482180 -4.535436 0.056446 -0.118747 -0.010816 0.996838 -0.050498 0.060395
1788249657.206816673 -4.533720 0.056229 -0.124391 -0.010635 0.996838 -0.050687 0.060270
1788249657.240150213 -4.534071 0.055826 -0.130730 -0.010538 0.996817 -0.050853 0.060481
1788249657.273484468 -4.533505 0.055721 -0.137201 -0.010705 0.996816 -0.050902 0.060428
1788249657.306818962 -4.532717 0.055358 -0.143908 -0.010344 0.996826 -0.050992 0.060251
1788249657.340153217 -4.533956 0.052958 -0.149622 -0.010244 0.996817 -0.051098 0.060336
1788249657.373487473 -4.533579 0.053494 -0.156753 -0.010097 0.996812 -0.051157 0.060397
1788249657.406821728 -4.533313 0.053779 -0.164283 -0.009908 0.996815 -0.050999 0.060509
1788249657.440155745 -4.531362 0.053748 -0.170869 -0.010167 0.996834 -0.050786 0.060335
1788249657.473490000 -4.529986 0.053382 -0.179442 -0.010395 0.996862 -0.050384 0.060160
1788249657.506824017 -4.527664 0.054934 -0.187693 -0.010290 0.996873 -0.050217 0.060144
1788249657.540158033 -4.525846 0.054996 -0.193944 -0.010401 0.996875 -0.050377 0.059950
1788249657.573492050 -4.528306 0.052265 -0.199631 -0.010492 0.996852 -0.050293 0.060391
1788249657.606826544 -4.527697 0.052622 -0.205478 -0.010401 0.996837 -0.050325 0.060618
1788249657.640161276 -4.527639 0.052723 -0.212771 -0.010246 0.996840 -0.050431 0.060506
1788249657.673495770 -4.527234 0.051042 -0.218572 -0.010184 0.996818 -0.050599 0.060753
1788249657.706830740 -4.526660 0.052786 -0.224236 -0.010026 0.996760 -0.051149 0.061267
1788249657.740165472 -4.525702 0.049893 -0.231460 -0.009996 0.996748 -0.051099 0.061499
1788249657.773500204 -4.525250 0.050300 -0.239178 -0.010086 0.996738 -0.051108 0.061634
1788249657.806835175 -4.523879 0.046873 -0.243845 -0.010223 0.996758 -0.050477 0.061818
1788249657.840169907 -4.523542 0.047029 -0.252326 -0.010316 0.996724 -0.050001 0.062727
1788249657.873504639 -4.518866 0.049577 -0.258596 -0.010341 0.996686 -0.050398 0.063010
1788249657.906839132 -4.520382 0.047701 -0.263174 -0.010634 0.996601 -0.050876 0.063908
1788249657.940173626 -4.517848 0.047111 -0.267815 -0.010747 0.996540 -0.051453 0.064375
1788249657.973508358 -4.514694 0.045892 -0.271666 -0.010928 0.996463 -0.052003 0.065105
1788249658.006843090 -4.513035 0.045070 -0.277593 -0.011183 0.996362 -0.052603 0.066117
1788249658.040177107 -4.510022 0.044796 -0.281537 -0.011484 0.996233 -0.053011 0.067657
1788249658.073511600 -4.503910 0.045204 -0.289530 -0.011960 0.996102 -0.052918 0.069551
1788249658.106844902 -4.502071 0.045759 -0.296854 -0.011930 0.995976 -0.052734 0.071474
1788249658.140179157 -4.499767 0.045575 -0.302401 -0.012022 0.995873 -0.052331 0.073172
1788249658.173513412 -4.497599 0.044676 -0.309660 -0.011979 0.995742 -0.051929 0.075212
1788249658.206847429 -4.494100 0.045327 -0.315811 -0.011822 0.995632 -0.051545 0.076938
1788249658.240181684 -4.491676 0.043126 -0.322109 -0.012150 0.995503 -0.051487 0.078583
1788249658.273515463 -4.490978 0.041923 -0.327000 -0.012384 0.995315 -0.051956 0.080593
1788249658.306849480 -4.489150 0.041773 -0.332645 -0.012798 0.995114 -0.052421 0.082688
1788249658.340183258 -4.486171 0.038352 -0.338444 -0.013227 0.994970 -0.052174 0.084488
1788249658.373517275 -4.481832 0.039005 -0.345358 -0.013739 0.994831 -0.052161 0.086032
1788249658.406850815 -4.480511 0.039113 -0.349419 -0.013956 0.994624 -0.052243 0.088311
1788249658.440184593 -4.478644 0.039314 -0.353520 -0.013715 0.994441 -0.052420 0.090279
1788249658.473518372 -4.474874 0.039245 -0.359391 -0.013345 0.994280 -0.052545 0.092023
1788249658.506851912 -4.472853 0.039290 -0.363979 -0.012947 0.994083 -0.052743 0.094069
1788249658.540184498 -4.470700 0.038448 -0.367663 -0.012912 0.993849 -0.052851 0.096461
1788249658.573518038 -4.468293 0.038360 -0.372095 -0.012961 0.993604 -0.053186 0.098764
1788249658.606857061 -4.465199 0.039822 -0.377447 -0.012796 0.993387 -0.053459 0.100796
1788249658.640203714 -4.463605 0.037945 -0.379009 -0.012777 0.993190 -0.053435 0.102741
1788249658.673550129 -4.460323 0.036464 -0.381541 -0.012820 0.992965 -0.053590 0.104807
1788249658.706896782 -4.456335 0.037920 -0.387329 -0.012481 0.992693 -0.053595 0.107393
1788249658.740243673 -4.453106 0.038585 -0.391493 -0.012313 0.992434 -0.053523 0.109808
1788249658.773590088 -4.451167 0.038806 -0.395519 -0.012317 0.992138 -0.053706 0.112369
1788249658.806936979 -4.448170 0.039121 -0.398927 -0.012209 0.991845 -0.053551 0.115007
1788249658.840283394 -4.445431 0.037061 -0.401775 -0.012047 0.991544 -0.053291 0.117708
1788249658.873630285 -4.441485 0.037140 -0.404761 -0.011833 0.991219 -0.053178 0.120483
1788249658.906976938 -4.437957 0.037248 -0.407262 -0.011767 0.990881 -0.053050 0.123299
1788249658.940323591 -4.436950 0.036714 -0.409343 -0.011447 0.990499 -0.052781 0.126468
1788249658.973670244 -4.434506 0.038245 -0.413492 -0.011071 0.990141 -0.052787 0.129272
1788249659.007015944 -4.431011 0.037219 -0.418813 -0.010769 0.989895 -0.052780 0.131169
1788249659.040362835 -4.428250 0.037842 -0.422292 -0.010504 0.989601 -0.052717 0.133415
1788249659.073709726 -4.425435 0.037482 -0.426659 -0.010384 0.989270 -0.052295 0.136020
1788249659.107056379 -4.422412 0.037687 -0.431052 -0.010304 0.988958 -0.051738 0.138491
1788249659.140403271 -4.421198 0.037434 -0.437248 -0.009698 0.988713 -0.051132 0.140491
1788249659.173750162 -4.418660 0.037365 -0.444078 -0.009525 0.988498 -0.050679 0.142170
1788249659.207097054 -4.416135 0.038004 -0.449557 -0.009466 0.988270 -0.050622 0.143773
1788249659.240443945 -4.414442 0.036798 -0.453155 -0.009428 0.988000 -0.050361 0.145710
1788249659.273790836 -4.410087 0.038210 -0.459716 -0.009474 0.987725 -0.050331 0.147571
1788249659.307137728 -4.407754 0.037724 -0.460371 -0.009794 0.987460 -0.050403 0.149285
1788249659.340484381 -4.403743 0.035462 -0.463570 -0.009966 0.987177 -0.050586 0.151073
1788249659.373831511 -4.401743 0.036378 -0.467139 -0.009783 0.986852 -0.050777 0.153132
1788249659.407178640 -4.398973 0.035853 -0.469803 -0.010092 0.986543 -0.050947 0.155035
1788249659.440524340 -4.396974 0.034661 -0.471397 -0.009879 0.986187 -0.051206 0.157215
1788249659.473871469 -4.392063 0.032826 -0.471882 -0.010227 0.985850 -0.051251 0.159275
1788249659.507218361 -4.389691 0.030580 -0.475367 -0.010334 0.985481 -0.051130 0.161577
1788249659.540565729 -4.384360 0.031815 -0.480080 -0.010107 0.985146 -0.051402 0.163536
1788249659.573912382 -4.383526 0.029338 -0.480177 -0.010025 0.984777 -0.051289 0.165779
1788249659.607255697 -4.380700 0.028554 -0.482605 -0.010102 0.984428 -0.051399 0.167801
1788249659.640593529 -4.377225 0.028423 -0.488899 -0.009957 0.984044 -0.051413 0.170046
1788249659.673931360 -4.374165 0.028293 -0.490289 -0.009949 0.983669 -0.051599 0.172146
1788249659.707269192 -4.370650 0.027774 -0.493329 -0.009910 0.983144 -0.051392 0.175180
1788249659.740606785 -4.366598 0.029347 -0.495678 -0.009801 0.982417 -0.051211 0.179273
1788249659.773944616 -4.361639 0.027709 -0.495725 -0.009748 0.981751 -0.051183 0.182893
1788249659.807282209 -4.357400 0.025770 -0.502101 -0.009648 0.981058 -0.051173 0.186582
1788249659.840619802 -4.354764 0.027659 -0.504606 -0.009658 0.980279 -0.051769 0.190475
1788249659.873958111 -4.351027 0.027872 -0.506145 -0.009576 0.979529 -0.051690 0.194316
1788249659.907294512 -4.346315 0.028117 -0.506244 -0.009359 0.978818 -0.051457 0.197940
1788249659.940632105 -4.341530 0.028676 -0.508872 -0.009370 0.978053 -0.051379 0.201705
1788249659.973969698 -4.338480 0.027196 -0.508558 -0.009494 0.977317 -0.051048 0.205320
1788249660.007307291 -4.334259 0.027383 -0.510106 -0.009359 0.976546 -0.051145 0.208935
1788249660.040645123 -4.330142 0.026249 -0.511628 -0.009298 0.975723 -0.051015 0.212781
1788249660.073982716 -4.325375 0.025988 -0.514017 -0.009185 0.974922 -0.050823 0.216470
1788249660.107320547 -4.322137 0.027802 -0.515488 -0.009015 0.974095 -0.050898 0.220151
1788249660.140658140 -4.315864 0.026238 -0.517767 -0.008970 0.973254 -0.050775 0.223871
1788249660.173995256 -4.309157 0.026571 -0.521500 -0.009216 0.972394 -0.050843 0.227551
1788249660.207333326 -4.305298 0.026397 -0.520408 -0.009083 0.971571 -0.050731 0.231069
1788249660.240670919 -4.301291 0.027704 -0.522408 -0.008791 0.970679 -0.050704 0.234805
1788249660.274008274 -4.298717 0.028255 -0.524863 -0.008645 0.969752 -0.050613 0.238629
1788249660.307345867 -4.293749 0.028046 -0.525788 -0.008784 0.968902 -0.050654 0.242046
1788249660.340682268 -4.288505 0.026587 -0.525294 -0.008811 0.968029 -0.050521 0.245540
1788249660.374019623 -4.285059 0.026430 -0.525755 -0.008886 0.967089 -0.050433 0.249230
1788249660.407357216 -4.282086 0.025449 -0.525988 -0.008665 0.966193 -0.050207 0.252735
1788249660.440694571 -4.275566 0.027508 -0.526958 -0.008657 0.965303 -0.050322 0.256091
1788249660.474031925 -4.273800 0.027727 -0.529661 -0.008664 0.964294 -0.050235 0.259883
1788249660.507369518 -4.268503 0.027050 -0.529278 -0.008736 0.963406 -0.050136 0.263171
1788249660.540706873 -4.263750 0.027961 -0.531243 -0.008647 0.962371 -0.050073 0.266946
1788249660.574044228 -4.260147 0.026333 -0.534039 -0.008457 0.961667 -0.050235 0.269446
1788249660.607380867 -4.254742 0.026839 -0.536300 -0.008664 0.961196 -0.050427 0.271079
1788249660.640715837 -4.248466 0.027717 -0.537737 -0.009161 0.960591 -0.050496 0.273185
1788249660.674051046 -4.241823 0.027851 -0.541398 -0.009859 0.959823 -0.050602 0.275828
1788249660.707386017 -4.237965 0.026209 -0.541963 -0.009928 0.959184 -0.050492 0.278061
1788249660.740720749 -4.235153 0.027229 -0.546829 -0.009539 0.958436 -0.050090 0.280713
1788249660.774054527 -4.230627 0.027764 -0.547426 -0.009398 0.957527 -0.049666 0.283878
1788249660.807389259 -4.224926 0.027390 -0.553571 -0.009407 0.956586 -0.049582 0.287046
1788249660.840723991 -4.219541 0.027513 -0.554950 -0.009414 0.955880 -0.049724 0.289367
1788249660.874058723 -4.218440 0.027242 -0.553801 -0.009654 0.955208 -0.049844 0.291548
1788249660.907393217 -4.213604 0.026206 -0.553645 -0.010056 0.954712 -0.049715 0.293177
1788249660.940727711 -4.209504 0.026880 -0.554462 -0.010483 0.954125 -0.049739 0.295062
1788249660.974062204 -4.204910 0.027713 -0.555756 -0.010702 0.953507 -0.049849 0.297028
1788249661.007396698 -4.201456 0.025651 -0.556861 -0.010821 0.952841 -0.049732 0.299173
1788249661.040730715 -4.198392 0.025638 -0.558189 -0.010670 0.952177 -0.049678 0.301292
1788249661.074064970 -4.194810 0.026572 -0.561006 -0.010438 0.951522 -0.049697 0.303360
1788249661.107399225 -4.192113 0.025910 -0.564726 -0.010559 0.950822 -0.049446 0.305584
1788249661.140733480 -4.187839 0.026042 -0.567202 -0.010683 0.950193 -0.049034 0.307594
1788249661.174067736 -4.182722 0.026344 -0.568410 -0.010977 0.949556 -0.048635 0.309610
1788249661.207401752 -4.177887 0.026211 -0.569446 -0.011225 0.948927 -0.048371 0.311563
1788249661.240734816 -4.173986 0.027025 -0.573196 -0.011245 0.948151 -0.048111 0.313958
1788249661.274068594 -4.169008 0.028986 -0.575708 -0.011151 0.947466 -0.048180 0.316010
1788249661.307402372 -4.164762 0.030107 -0.577984 -0.011066 0.946832 -0.048102 0.317918
1788249661.340736389 -4.159188 0.030389 -0.581824 -0.010997 0.946133 -0.048185 0.319983
1788249661.374070168 -4.155020 0.029773 -0.583905 -0.011194 0.945446 -0.048225 0.321995
1788249661.407403946 -4.152738 0.028845 -0.585668 -0.011290 0.944724 -0.048057 0.324129
1788249661.440737486 -4.148487 0.028315 -0.588332 -0.011449 0.944070 -0.048052 0.326024
1788249661.474071264 -4.144475 0.027511 -0.588525 -0.011472 0.943684 -0.047905 0.327161
1788249661.507404566 -4.138283 0.029830 -0.592580 -0.011222 0.943214 -0.048061 0.328500
1788249661.540738106 -4.135468 0.030601 -0.596205 -0.011185 0.942764 -0.048179 0.329772
1788249661.574071407 -4.131864 0.029156 -0.599088 -0.011269 0.942410 -0.047941 0.330814
1788249661.607405663 -4.129260 0.029163 -0.601554 -0.011324 0.942013 -0.047992 0.331933
1788249661.640740395 -4.124164 0.029903 -0.605234 -0.011337 0.941663 -0.047925 0.332936
1788249661.674074173 -4.121399 0.029967 -0.609925 -0.011472 0.941135 -0.048008 0.334408
1788249661.707408905 -4.116495 0.029923 -0.612071 -0.011516 0.940682 -0.048126 0.335661
1788249661.740744114 -4.112067 0.029073 -0.612062 -0.011550 0.940317 -0.048286 0.336659
1788249661.774078608 -4.109299 0.031240 -0.615443 -0.011418 0.939804 -0.048678 0.338035
1788249661.807413101 -4.104603 0.030090 -0.618330 -0.011574 0.939343 -0.048870 0.339281
1788249661.840747833 -4.098530 0.029203 -0.619609 -0.011800 0.938995 -0.048567 0.340280
1788249661.874082327 -4.094934 0.028086 -0.621232 -0.011848 0.938526 -0.048355 0.341601
1788249661.907417059 -4.090164 0.027317 -0.624137 -0.011776 0.938058 -0.048121 0.342919
1788249661.940751314 -4.086261 0.028886 -0.629046 -0.011374 0.937672 -0.048207 0.343974
1788249661.974085569 -4.083007 0.028112 -0.633020 -0.010895 0.937366 -0.048287 0.344813
1788249662.007419825 -4.080314 0.027600 -0.636534 -0.010656 0.937127 -0.048159 0.345486
1788249662.040754080 -4.077291 0.028489 -0.640709 -0.010306 0.936847 -0.048042 0.346270
1788249662.074088335 -4.073166 0.026268 -0.643399 -0.010397 0.936603 -0.047889 0.346950
1788249662.107421398 -4.069392 0.027053 -0.647862 -0.010223 0.936290 -0.048173 0.347759
1788249662.140755415 -4.067388 0.026855 -0.649851 -0.010021 0.936096 -0.048466 0.348247
1788249662.174089432 -4.063947 0.027016 -0.653206 -0.009866 0.935851 -0.048765 0.348865
1788249662.207422972 -4.059790 0.027511 -0.657414 -0.009584 0.935572 -0.049050 0.349580
1788249662.240756989 -4.056197 0.026188 -0.658959 -0.009538 0.935338 -0.049437 0.350155
1788249662.274090767 -4.053278 0.025685 -0.663015 -0.009145 0.935057 -0.049401 0.350920
1788249662.307424545 -4.049213 0.024552 -0.665736 -0.008830 0.934868 -0.049454 0.351424
1788249662.340758324 -4.046941 0.025458 -0.668586 -0.008464 0.934671 -0.049591 0.351938
1788249662.374091864 -4.042347 0.025515 -0.673066 -0.008173 0.934456 -0.049614 0.352511
1788249662.407425642 -4.041660 0.024925 -0.675345 -0.008163 0.934195 -0.049713 0.353187
1788249662.440759182 -4.036671 0.025358 -0.677655 -0.007989 0.933997 -0.049857 0.353695
1788249662.474092722 -4.033481 0.026545 -0.683855 -0.007809 0.933675 -0.050080 0.354516
1788249662.507425785 -4.030315 0.027012 -0.685486 -0.007675 0.933503 -0.050217 0.354953
1788249662.540759325 -4.026369 0.025929 -0.690951 -0.007325 0.933281 -0.050042 0.355567
1788249662.574091673 -4.023247 0.026738 -0.695590 -0.007098 0.933121 -0.050216 0.355968
1788249662.607427597 -4.021017 0.025583 -0.699717 -0.006911 0.932841 -0.050226 0.356702
1788249662.640767097 -4.015986 0.026555 -0.704151 -0.006999 0.932570 -0.050406 0.357385
1788249662.674107075 -4.012435 0.024745 -0.703151 -0.007134 0.932484 -0.050416 0.357604
1788249662.707446575 -4.007013 0.026152 -0.708388 -0.007175 0.932216 -0.050607 0.358275
1788249662.740786314 -4.004553 0.027296 -0.713980 -0.006905 0.931875 -0.050779 0.359141
1788249662.774126053 -4.001473 0.027076 -0.715868 -0.006665 0.931720 -0.050885 0.359532
1788249662.807465315 -3.998239 0.026322 -0.717987 -0.006626 0.931572 -0.050963 0.359906
1788249662.840805054 -3.994375 0.025269 -0.722341 -0.006683 0.931299 -0.051121 0.360590
1788249662.874144554 -3.989434 0.023290 -0.725444 -0.006934 0.930995 -0.051213 0.361356
1788249662.907484055 -3.985154 0.023630 -0.728497 -0.006865 0.930778 -0.051221 0.361914
1788249662.940823555 -3.980901 0.023780 -0.733849 -0.006871 0.930528 -0.051086 0.362574
1788249662.974163055 -3.977460 0.023940 -0.736862 -0.006910 0.930375 -0.051151 0.362958
1788249663.007501364 -3.972850 0.024319 -0.740443 -0.006629 0.930197 -0.051247 0.363405
1788249663.040840864 -3.969670 0.023459 -0.744238 -0.006665 0.929963 -0.051208 0.364009
1788249663.074179888 -3.964970 0.024263 -0.747850 -0.006755 0.929769 -0.051266 0.364493
1788249663.107519388 -3.961171 0.023982 -0.750678 -0.006698 0.929617 -0.051195 0.364893
1788249663.140858650 -3.956761 0.024483 -0.754756 -0.006785 0.929410 -0.051114 0.365429
1788249663.174198151 -3.951912 0.023283 -0.757308 -0.006948 0.929278 -0.050815 0.365802
1788249663.207537174 -3.947902 0.024270 -0.761231 -0.006965 0.929069 -0.050979 0.366310
1788249663.240876675 -3.944421 0.024831 -0.765752 -0.006840 0.928787 -0.051078 0.367013
1788249663.274215698 -3.941309 0.023834 -0.769047 -0.006948 0.928517 -0.051044 0.367699
1788249663.307554722 -3.935083 0.023161 -0.774005 -0.006962 0.928373 -0.050838 0.368091
1788249663.340893745 -3.931972 0.023889 -0.776109 -0.007192 0.928216 -0.050955 0.368465
1788249663.374233007 -3.926890 0.024223 -0.779348 -0.007397 0.927982 -0.051137 0.369026
1788249663.407572031 -3.924121 0.021336 -0.786632 -0.007265 0.927522 -0.050601 0.370255
1788249663.440910101 -3.917484 0.020545 -0.788510 -0.007650 0.927331 -0.050506 0.370740
1788249663.474249363 -3.914556 0.020737 -0.792556 -0.007548 0.927050 -0.050276 0.371476
1788249663.507588148 -3.912045 0.019005 -0.795156 -0.007339 0.926850 -0.049997 0.372015
1788249663.540927410 -3.906601 0.019670 -0.800833 -0.007150 0.926615 -0.049984 0.372607
1788249663.574266195 -3.903905 0.020280 -0.804576 -0.006924 0.926378 -0.049916 0.373209
1788249663.607608080 -3.897557 0.019345 -0.808632 -0.006993 0.926151 -0.049785 0.373786
1788249663.640954494 -3.895070 0.020376 -0.811742 -0.006942 0.925829 -0.049909 0.374570
1788249663.674300671 -3.890123 0.018774 -0.815386 -0.006845 0.925611 -0.049958 0.375103
1788249663.707647085 -3.887085 0.019486 -0.818305 -0.006512 0.925425 -0.049997 0.375561
1788249663.740993738 -3.882776 0.018331 -0.820613 -0.006485 0.925259 -0.050168 0.375948
1788249663.774340153 -3.879586 0.017604 -0.824567 -0.006553 0.924941 -0.050457 0.376689
1788249663.807686567 -3.875509 0.017132 -0.828983 -0.006722 0.924621 -0.050501 0.377467
1788249663.841033220 -3.870874 0.016970 -0.831755 -0.006940 0.924357 -0.050455 0.378114
1788249663.874379635 -3.865405 0.016797 -0.833627 -0.007108 0.924188 -0.050473 0.378521
1788249663.907725334 -3.861898 0.017628 -0.837968 -0.007197 0.923871 -0.050409 0.379301
1788249663.941072464 -3.857405 0.018106 -0.842609 -0.007275 0.923564 -0.050342 0.380055
1788249663.974419117 -3.852705 0.018760 -0.844782 -0.007058 0.923400 -0.050453 0.380445
1788249664.007765770 -3.848114 0.017829 -0.848232 -0.006973 0.923250 -0.050401 0.380815
1788249664.041112661 -3.845695 0.016600 -0.852604 -0.006974 0.922936 -0.050403 0.381576
1788249664.074459791 -3.841356 0.016338 -0.855713 -0.006707 0.922727 -0.050173 0.382116
1788249664.107806921 -3.838032 0.015483 -0.858733 -0.006762 0.922513 -0.050012 0.382652
1788249664.141153574 -3.832546 0.016753 -0.862526 -0.006836 0.922327 -0.050005 0.383101
1788249664.174500704 -3.828103 0.015773 -0.867190 -0.006858 0.922053 -0.049968 0.383764
1788249664.207848072 -3.824707 0.016785 -0.870842 -0.006775 0.921738 -0.050105 0.384504
1788249664.241195202 -3.820694 0.016661 -0.874209 -0.006775 0.921493 -0.050043 0.385098
1788249664.274542332 -3.816741 0.015972 -0.877470 -0.006776 0.921316 -0.050025 0.385524
1788249664.307889700 -3.812493 0.016753 -0.879555 -0.006695 0.921138 -0.050094 0.385941
1788249664.341236115 -3.807752 0.017013 -0.883211 -0.006800 0.920857 -0.050221 0.386593
1788249664.374583721 -3.803975 0.016381 -0.886627 -0.006953 0.920555 -0.050225 0.387308
1788249664.407931089 -3.800107 0.015567 -0.890321 -0.006974 0.920249 -0.050207 0.388037
1788249664.441278219 -3.796303 0.016772 -0.893796 -0.006688 0.920022 -0.050296 0.388569
1788249664.474626064 -3.792795 0.016158 -0.900928 -0.006290 0.919751 -0.050094 0.389241
1788249664.507973671 -3.788033 0.014792 -0.903681 -0.006340 0.919603 -0.049998 0.389603
1788249664.541321278 -3.782545 0.014802 -0.907676 -0.006364 0.919410 -0.049942 0.390065
1788249664.574669123 -3.779612 0.013997 -0.910767 -0.006568 0.919094 -0.050062 0.390791
1788249664.608013630 -3.774888 0.015345 -0.916272 -0.006495 0.918780 -0.050012 0.391536
1788249664.641354322 -3.770201 0.014776 -0.918659 -0.006568 0.918577 -0.049950 0.392019
1788249664.674695015 -3.766350 0.014264 -0.920549 -0.006309 0.918405 -0.049947 0.392426
1788249664.708035469 -3.762369 0.012359 -0.923859 -0.006171 0.918162 -0.049812 0.393014
1788249664.741376162 -3.758882 0.010651 -0.926984 -0.006250 0.917857 -0.049948 0.393706
1788249664.774715662 -3.755442 0.012709 -0.930782 -0.006160 0.917423 -0.050494 0.394649
1788249664.808056116 -3.750992 0.011919 -0.933360 -0.006245 0.917160 -0.050613 0.395244
1788249664.841396809 -3.746570 0.011591 -0.935695 -0.006318 0.916918 -0.050754 0.395784
1788249664.874737501 -3.742854 0.012944 -0.939512 -0.006131 0.916616 -0.051147 0.396437
1788249664.908077955 -3.737214 0.012901 -0.942080 -0.006035 0.916403 -0.051134 0.396932
1788249664.941418648 -3.733650 0.011927 -0.945108 -0.006004 0.916172 -0.051070 0.397474
1788249664.974759102 -3.730237 0.012077 -0.948520 -0.005777 0.915812 -0.050925 0.398324
1788249665.008099794 -3.724957 0.012752 -0.950442 -0.005787 0.915455 -0.050946 0.399142
1788249665.041440248 -3.721922 0.012815 -0.953824 -0.005814 0.915003 -0.050926 0.400177
1788249665.074780703 -3.717530 0.010980 -0.956218 -0.005910 0.914656 -0.050810 0.400983
1788249665.108121395 -3.712030 0.012485 -0.961509 -0.005803 0.914250 -0.050807 0.401910
1788249665.141462088 -3.707612 0.011161 -0.964179 -0.005824 0.913845 -0.050598 0.402855
1788249665.174802542 -3.702666 0.009817 -0.966324 -0.005852 0.913423 -0.050583 0.403814
1788249665.208143234 -3.700018 0.012104 -0.968553 -0.005677 0.913010 -0.050939 0.404705
1788249665.241482973 -3.696253 0.012282 -0.973177 -0.005534 0.912617 -0.050760 0.405615
1788249665.274823189 -3.691216 0.011669 -0.975692 -0.005713 0.912243 -0.050623 0.406470
1788249665.308163881 -3.685990 0.011029 -0.977748 -0.005922 0.911930 -0.050657 0.407163
1788249665.341504574 -3.680567 0.010510 -0.979779 -0.006184 0.911560 -0.050783 0.407972
1788249665.374845028 -3.675122 0.010506 -0.983266 -0.006378 0.911090 -0.050849 0.409009
1788249665.408185720 -3.667920 0.012212 -0.988955 -0.006197 0.910636 -0.051005 0.410002
1788249665.441526175 -3.662854 0.013534 -0.992335 -0.006179 0.910230 -0.051007 0.410903
1788249665.474866867 -3.659924 0.013863 -0.995666 -0.006108 0.909792 -0.051023 0.411870
1788249665.508207560 -3.655452 0.014966 -0.999647 -0.005784 0.909403 -0.050950 0.412743
1788249665.541547775 -3.651455 0.014665 -1.003114 -0.005621 0.908992 -0.050879 0.413658
1788249665.574888468 -3.646866 0.013678 -1.007531 -0.005544 0.908556 -0.050892 0.414614
1788249665.608228445 -3.642733 0.016336 -1.008619 -0.005277 0.908175 -0.051025 0.415435
1788249665.641566515 -3.636980 0.013426 -1.011645 -0.005449 0.907812 -0.050671 0.416270
1788249665.674903870 -3.632149 0.014856 -1.014874 -0.005503 0.907468 -0.050634 0.417022
1788249665.708241940 -3.626875 0.014284 -1.016220 -0.005609 0.907121 -0.050892 0.417744
1788249665.741580248 -3.622150 0.013727 -1.017890 -0.005695 0.906723 -0.050903 0.418604
1788249665.774918318 -3.618617 0.012484 -1.021086 -0.005531 0.906295 -0.050693 0.419558
1788249665.808256388 -3.616397 0.010512 -1.027857 -0.005536 0.905662 -0.050371 0.420962
1788249665.841594458 -3.610427 0.012895 -1.032115 -0.005481 0.905219 -0.050676 0.421877
1788249665.874932766 -3.606059 0.011567 -1.033596 -0.005739 0.904854 -0.050570 0.422668
1788249665.908270597 -3.600569 0.009203 -1.035080 -0.006031 0.904493 -0.050339 0.423464
1788249665.941608906 -3.596442 0.008783 -1.038359 -0.005855 0.903993 -0.050154 0.424556
1788249665.974946737 -3.592369 0.010498 -1.041819 -0.005648 0.903537 -0.050043 0.425541
1788249666.008284569 -3.587262 0.010331 -1.043338 -0.005494 0.903263 -0.050036 0.426124
1788249666.041622400 -3.583779 0.011436 -1.048449 -0.005341 0.902803 -0.050310 0.427068
1788249666.074960232 -3.578960 0.010596 -1.051482 -0.005439 0.902347 -0.050156 0.428048
1788249666.108297110 -3.572257 0.010060 -1.053388 -0.005595 0.901959 -0.050377 0.428836
1788249666.141634941 -3.568609 0.011738 -1.055472 -0.005494 0.901526 -0.050690 0.429711
1788249666.174972534 -3.564219 0.010636 -1.057623 -0.005607 0.901122 -0.050746 0.430548
1788249666.208310127 -3.558244 0.013523 -1.063250 -0.005604 0.900669 -0.051158 0.431447
1788249666.241647959 -3.552220 0.013659 -1.067283 -0.005405 0.900277 -0.050986 0.432287
1788249666.274985552 -3.548267 0.013692 -1.071112 -0.005160 0.899811 -0.051028 0.433254
1788249666.308323145 -3.544451 0.012739 -1.073417 -0.004951 0.899379 -0.050877 0.434172
1788249666.341660738 -3.539076 0.012810 -1.075778 -0.004880 0.898999 -0.050940 0.434951
1788249666.374998093 -3.534515 0.013283 -1.077897 -0.004826 0.898621 -0.050940 0.435732
1788249666.408335686 -3.529533 0.014103 -1.081804 -0.004965 0.897993 -0.050994 0.437017
1788249666.441673279 -3.524647 0.011695 -1.081637 -0.005397 0.897417 -0.051110 0.438180
1788249666.475010633 -3.519560 0.013417 -1.084740 -0.005308 0.896711 -0.051425 0.439588
1788249666.508347988 -3.513894 0.012792 -1.085768 -0.005144 0.896081 -0.051229 0.440895
1788249666.541684389 -3.509739 0.011916 -1.087507 -0.005073 0.895182 -0.051009 0.442742
1788249666.575021744 -3.504965 0.013299 -1.089033 -0.004742 0.894286 -0.050887 0.444567
1788249666.608361483 -3.498873 0.014261 -1.093078 -0.004747 0.893390 -0.050913 0.446362
1788249666.641705275 -3.493542 0.012733 -1.095121 -0.004644 0.892429 -0.050766 0.448299
1788249666.675049305 -3.489285 0.013234 -1.097056 -0.004482 0.891515 -0.050568 0.450137
1788249666.708393097 -3.484090 0.010668 -1.099754 -0.004493 0.890775 -0.050027 0.451660
1788249666.741737127 -3.478359 0.011551 -1.099336 -0.004887 0.890036 -0.050452 0.453065
1788249666.775080919 -3.471759 0.011895 -1.102230 -0.004993 0.888895 -0.050626 0.455278
1788249666.808424711 -3.467211 0.012342 -1.103002 -0.005232 0.887720 -0.050712 0.457551
1788249666.841768742 -3.459513 0.012303 -1.105028 -0.005237 0.886691 -0.050521 0.459565
1788249666.875112772 -3.454389 0.013188 -1.104618 -0.005295 0.885787 -0.050417 0.461316
1788249666.908456802 -3.450012 0.012415 -1.107133 -0.005370 0.884707 -0.050300 0.463395
1788249666.941800833 -3.445625 0.010678 -1.106850 -0.005381 0.883717 -0.050185 0.465291
1788249666.975144863 -3.439186 0.010731 -1.108609 -0.005243 0.882672 -0.050044 0.467289
1788249667.008487701 -3.434016 0.009101 -1.108752 -0.005437 0.881710 -0.049748 0.469129
1788249667.041831732 -3.427384 0.009325 -1.109745 -0.005912 0.880715 -0.049849 0.470980
1788249667.075176001 -3.421541 0.010063 -1.109543 -0.006328 0.879617 -0.050104 0.472994
1788249667.108520031 -3.415241 0.007675 -1.109723 -0.006655 0.878476 -0.049859 0.475132
1788249667.141864300 -3.409284 0.009618 -1.111379 -0.006892 0.877448 -0.049970 0.477012
1788249667.175208569 -3.401574 0.009006 -1.112905 -0.006860 0.876356 -0.049494 0.479065
1788249667.208552837 -3.397269 0.009104 -1.114816 -0.006885 0.875157 -0.049375 0.481263
1788249667.241897106 -3.392406 0.010324 -1.114953 -0.006544 0.874106 -0.049244 0.483188
1788249667.275241375 -3.388013 0.010759 -1.117269 -0.006180 0.872955 -0.049194 0.485275
1788249667.308585644 -3.381419 0.011917 -1.119374 -0.005901 0.871863 -0.048881 0.487268
1788249667.341929913 -3.371466 0.012872 -1.122035 -0.005883 0.870806 -0.048779 0.489166
1788249667.375274181 -3.366670 0.011699 -1.120223 -0.005979 0.869908 -0.048794 0.490758
1788249667.408618689 -3.360056 0.012329 -1.123714 -0.005975 0.868624 -0.048849 0.493022
1788249667.441961765 -3.357417 0.011569 -1.121908 -0.006142 0.867615 -0.048649 0.494812
1788249667.475306273 -3.352173 0.011306 -1.124289 -0.006259 0.866470 -0.048358 0.496843
1788249667.508650541 -3.345795 0.011057 -1.124854 -0.006289 0.865352 -0.048062 0.498815
1788249667.541994810 -3.338074 0.008042 -1.125973 -0.006416 0.864225 -0.047582 0.500809
1788249667.575339317 -3.330620 0.007631 -1.127285 -0.006268 0.863132 -0.047404 0.502710
1788249667.608686209 -3.324903 0.008337 -1.127276 -0.006099 0.862011 -0.047231 0.504647
1788249667.642036438 -3.322549 0.007751 -1.127447 -0.006135 0.860989 -0.046996 0.506410
1788249667.675386190 -3.315093 0.007491 -1.128362 -0.006323 0.859949 -0.047161 0.508157
1788249667.708736420 -3.309817 0.008649 -1.129244 -0.006358 0.858736 -0.047475 0.510176
1788249667.742086649 -3.304780 0.007709 -1.129843 -0.006447 0.857473 -0.047321 0.512308
1788249667.775436878 -3.297963 0.007939 -1.130368 -0.006654 0.856369 -0.047300 0.514150
1788249667.808787584 -3.293587 0.008470 -1.130130 -0.006575 0.855244 -0.047267 0.516023
1788249667.842137814 -3.285148 0.010404 -1.132059 -0.006344 0.854037 -0.047289 0.518020
1788249667.875488281 -3.281343 0.007651 -1.133383 -0.006488 0.852884 -0.047167 0.519925
1788249667.908838034 -3.275528 0.008161 -1.133490 -0.006469 0.851631 -0.046897 0.521999
1788249667.942188740 -3.268347 0.009392 -1.135360 -0.006330 0.850388 -0.046587 0.524052
1788249667.975539207 -3.261183 0.008394 -1.135551 -0.006548 0.849345 -0.046358 0.525758
1788249668.008890152 -3.254189 0.008722 -1.134865 -0.006615 0.848210 -0.046412 0.527581
1788249668.042241335 -3.245805 0.010343 -1.136485 -0.006685 0.846907 -0.046459 0.529665
1788249668.075592279 -3.241033 0.010246 -1.137395 -0.006705 0.845629 -0.046212 0.531724
1788249668.108943462 -3.236051 0.010419 -1.138654 -0.006742 0.844347 -0.046034 0.533773
1788249668.142294645 -3.230174 0.010017 -1.137093 -0.007013 0.843287 -0.045896 0.535454
1788249668.175645828 -3.221781 0.009285 -1.138292 -0.007003 0.842073 -0.045547 0.537392
1788249668.208997250 -3.219966 0.008952 -1.137573 -0.007031 0.840808 -0.045318 0.539388
1788249668.242348671 -3.210813 0.010701 -1.141690 -0.007069 0.839426 -0.045060 0.541556
1788249668.275700092 -3.204118 0.008813 -1.138265 -0.007585 0.838535 -0.044795 0.542950
1788249668.309051514 -3.201121 0.007743 -1.137332 -0.007933 0.837366 -0.044917 0.544736
1788249668.342402458 -3.190833 0.010058 -1.137510 -0.007856 0.836180 -0.044935 0.546554
1788249668.375754118 -3.184681 0.011675 -1.138663 -0.007876 0.834820 -0.044922 0.548631
1788249668.409106016 -3.178126 0.011845 -1.138232 -0.007970 0.833678 -0.044984 0.550359
1788249668.442457914 -3.174719 0.009977 -1.138182 -0.007950 0.832638 -0.044935 0.551934
1788249668.475809813 -3.168926 0.009156 -1.138687 -0.007734 0.831633 -0.044923 0.553452
1788249668.509162188 -3.166255 0.008444 -1.139096 -0.007599 0.830470 -0.044851 0.555203
1788249668.542514086 -3.158723 0.009057 -1.138855 -0.007639 0.829607 -0.044976 0.556481
1788249668.575866222 -3.152559 0.010569 -1.139892 -0.007595 0.828830 -0.044971 0.557639
1788249668.609216690 -3.147043 0.011197 -1.142305 -0.007560 0.827774 -0.044974 0.559206
1788249668.642565012 -3.140113 0.011670 -1.143269 -0.007681 0.826699 -0.045109 0.560780
1788249668.675913095 -3.138221 0.010970 -1.144408 -0.007601 0.825692 -0.045062 0.562267
1788249668.709261656 -3.127818 0.012610 -1.146940 -0.007337 0.824803 -0.044860 0.563590
1788249668.742610216 -3.125563 0.010498 -1.144126 -0.007359 0.824127 -0.044923 0.564573
1788249668.775957584 -3.121801 0.010163 -1.144782 -0.007162 0.823218 -0.044889 0.565903
1788249668.809306145 -3.114372 0.012386 -1.145268 -0.006787 0.822360 -0.045152 0.567133
1788249668.842654943 -3.108862 0.013946 -1.146662 -0.006443 0.821384 -0.045385 0.568530
1788249668.876003742 -3.103816 0.014058 -1.146808 -0.006516 0.820437 -0.045404 0.569894
1788249668.909352303 -3.096703 0.014044 -1.149207 -0.006646 0.819464 -0.045181 0.571308
1788249668.942701340 -3.092817 0.014817 -1.149625 -0.006596 0.818553 -0.045200 0.572612
1788249668.976050377 -3.085565 0.014747 -1.150084 -0.006643 0.817667 -0.045107 0.573883
1788249669.009399414 -3.080781 0.015089 -1.149737 -0.006735 0.816735 -0.045119 0.575207
1788249669.042748451 -3.075370 0.014531 -1.151854 -0.006849 0.815741 -0.045032 0.576621
1788249669.076097727 -3.069663 0.015633 -1.153109 -0.006744 0.814841 -0.044872 0.577906
1788249669.109446764 -3.062277 0.016835 -1.153876 -0.006824 0.813928 -0.045147 0.579168
1788249669.142796040 -3.060054 0.013085 -1.155840 -0.006982 0.812872 -0.044840 0.580672
1788249669.176145554 -3.054144 0.013042 -1.154869 -0.006901 0.811964 -0.044600 0.581961
1788249669.209494829 -3.049274 0.011722 -1.153135 -0.007091 0.811180 -0.044520 0.583057
1788249669.242843390 -3.042731 0.011565 -1.154234 -0.007449 0.810173 -0.044573 0.584446
1788249669.276193142 -3.036450 0.013303 -1.154487 -0.007529 0.809189 -0.044646 0.585801
1788249669.309542656 -3.029741 0.015034 -1.154456 -0.007368 0.808227 -0.044827 0.587116
1788249669.342892408 -3.026155 0.014614 -1.155836 -0.007373 0.807183 -0.044605 0.588567
1788249669.376242399 -3.019075 0.015973 -1.157367 -0.007279 0.806201 -0.044486 0.589921
1788249669.409592152 -3.014813 0.015788 -1.157029 -0.007165 0.805294 -0.044439 0.591165
1788249669.442942381 -3.011184 0.013195 -1.156761 -0.007110 0.804307 -0.044467 0.592505
1788249669.476292133 -3.005724 0.013303 -1.156139 -0.007028 0.803320 -0.044620 0.593832
1788249669.509642124 -2.998795 0.013472 -1.156651 -0.006826 0.802323 -0.044553 0.595186
1788249669.542992592 -2.994572 0.013223 -1.157455 -0.006668 0.801353 -0.044443 0.596501
1788249669.576342583 -2.988749 0.013933 -1.158566 -0.006342 0.800390 -0.044373 0.597801
1788249669.609690666 -2.984032 0.013562 -1.158160 -0.006298 0.799446 -0.044253 0.599073
1788249669.643036127 -2.978497 0.013429 -1.158432 -0.006054 0.798565 -0.044279 0.600247
1788249669.676380634 -2.973001 0.013495 -1.158855 -0.005968 0.797596 -0.044317 0.601532
1788249669.709726095 -2.968410 0.012967 -1.157512 -0.006116 0.796672 -0.044151 0.602766
1788249669.743071318 -2.960342 0.012759 -1.156133 -0.006518 0.795771 -0.044327 0.603938
1788249669.776416779 -2.954823 0.013110 -1.155044 -0.006800 0.794836 -0.044385 0.605160
1788249669.809762716 -2.950144 0.014491 -1.153670 -0.006669 0.793883 -0.044651 0.606392
1788249669.843107939 -2.944060 0.015249 -1.155074 -0.006670 0.792795 -0.044621 0.607816
1788249669.876453638 -2.938525 0.013918 -1.153168 -0.006734 0.791941 -0.044302 0.608952
1788249669.909799576 -2.932146 0.014698 -1.153049 -0.006544 0.791046 -0.044049 0.610134
1788249669.943145275 -2.926800 0.012549 -1.153128 -0.006652 0.790128 -0.043749 0.611343
1788249669.976491213 -2.922324 0.013085 -1.153745 -0.006696 0.789121 -0.043990 0.612624
1788249670.009836912 -2.916327 0.013824 -1.155556 -0.006548 0.788036 -0.044027 0.614018
1788249670.043182850 -2.910656 0.015037 -1.155977 -0.006613 0.787004 -0.044149 0.615331
1788249670.076529264 -2.904558 0.016046 -1.154191 -0.006676 0.786114 -0.044142 0.616467
1788249670.109874010 -2.899999 0.015291 -1.154446 -0.006718 0.785121 -0.044061 0.617737
1788249670.143220425 -2.893975 0.015825 -1.153180 -0.006502 0.784136 -0.044163 0.618982
1788249670.176566601 -2.890248 0.015938 -1.152236 -0.006154 0.783235 -0.044011 0.620136
1788249670.209912777 -2.885455 0.015431 -1.153221 -0.006006 0.782225 -0.043736 0.621430
1788249670.243258953 -2.880098 0.014860 -1.153283 -0.005901 0.781285 -0.043435 0.622634
1788249670.276605368 -2.874296 0.014028 -1.151937 -0.006028 0.780433 -0.043404 0.623702
1788249670.309951782 -2.868767 0.013816 -1.152576 -0.006265 0.779341 -0.043605 0.625049
1788249670.343298197 -2.862915 0.015355 -1.151097 -0.006305 0.778295 -0.043791 0.626338
1788249670.376644611 -2.855649 0.015750 -1.151598 -0.006378 0.777251 -0.043727 0.627637
1788249670.409991264 -2.851208 0.014579 -1.151102 -0.006609 0.776284 -0.043597 0.628839
1788249670.443337917 -2.846841 0.015681 -1.148060 -0.006779 0.775318 -0.043873 0.630009
1788249670.476684332 -2.841057 0.016007 -1.147186 -0.006739 0.774333 -0.043827 0.631223
1788249670.510031462 -2.835032 0.015385 -1.147269 -0.006742 0.773242 -0.043499 0.632581
1788249670.543378115 -2.829729 0.015008 -1.146655 -0.006764 0.772260 -0.043171 0.633802
1788249670.576724052 -2.824581 0.016548 -1.145991 -0.006563 0.771398 -0.043093 0.634858
1788249670.610066652 -2.817815 0.015592 -1.146788 -0.006636 0.770382 -0.042895 0.636104
1788249670.643402815 -2.811840 0.016571 -1.146893 -0.006554 0.769316 -0.043177 0.637374
1788249670.676739693 -2.807713 0.016401 -1.145801 -0.006516 0.768276 -0.043240 0.638624
1788249670.710076094 -2.801060 0.016903 -1.147202 -0.006331 0.767103 -0.043119 0.640042
1788249670.743412495 -2.794837 0.016935 -1.148654 -0.006112 0.765989 -0.042808 0.641397
1788249670.776749134 -2.788907 0.017578 -1.150088 -0.005836 0.764864 -0.042677 0.642750
1788249670.810085535 -2.783587 0.018235 -1.151399 -0.005615 0.763738 -0.042641 0.644092
1788249670.843421698 -2.778931 0.018867 -1.149862 -0.005267 0.762784 -0.042650 0.645224
1788249670.876758099 -2.773717 0.018272 -1.149552 -0.005149 0.761789 -0.042304 0.646422
1788249670.910094500 -2.768276 0.018626 -1.149571 -0.005138 0.760803 -0.042208 0.647589
1788249670.943430424 -2.761856 0.017682 -1.148469 -0.005323 0.759905 -0.042140 0.648645
1788249670.976766825 -2.757908 0.019356 -1.147455 -0.005277 0.758894 -0.042524 0.649803
1788249671.010101795 -2.748685 0.019180 -1.149598 -0.005350 0.757513 -0.042412 0.651419
1788249671.043438196 -2.742759 0.019367 -1.151682 -0.005416 0.756181 -0.042485 0.652959
1788249671.076773882 -2.738219 0.019153 -1.150477 -0.005378 0.755196 -0.042327 0.654109
1788249671.110110044 -2.732175 0.018334 -1.149679 -0.005367 0.754151 -0.041937 0.655339
1788249671.143446207 -2.725764 0.019962 -1.148667 -0.005263 0.753100 -0.041961 0.656545
1788249671.176781893 -2.720208 0.019693 -1.152419 -0.005212 0.751691 -0.041633 0.658180
1788249671.210117817 -2.715227 0.020742 -1.150271 -0.005008 0.750917 -0.041558 0.659069
1788249671.243453741 -2.709247 0.021045 -1.150729 -0.004811 0.750008 -0.041293 0.660121
1788249671.276789427 -2.703183 0.021414 -1.150775 -0.004910 0.749047 -0.041414 0.661203
1788249671.310125113 -2.698458 0.020365 -1.148088 -0.005021 0.748107 -0.041501 0.662260
1788249671.343460798 -2.691717 0.021251 -1.148337 -0.005077 0.746811 -0.041751 0.663705
1788249671.376796484 -2.692031 0.019612 -1.143698 -0.005327 0.745959 -0.041557 0.664672
1788249671.410132170 -2.685135 0.020002 -1.142697 -0.005144 0.744995 -0.041487 0.665758
1788249671.443466663 -2.680235 0.019848 -1.142096 -0.004945 0.743985 -0.041331 0.666899
1788249671.476802349 -2.674210 0.019455 -1.142315 -0.004818 0.742849 -0.041303 0.668167
1788249671.510137796 -2.669660 0.021356 -1.141026 -0.004613 0.741817 -0.041486 0.669303
1788249671.543473244 -2.663956 0.021407 -1.140230 -0.004727 0.740795 -0.041413 0.670437
1788249671.576808929 -2.657398 0.021535 -1.140676 -0.005062 0.739682 -0.041432 0.671660
1788249671.610148191 -2.649692 0.024548 -1.138695 -0.004860 0.738577 -0.041950 0.672845
1788249671.643493652 -2.644172 0.022779 -1.137336 -0.005286 0.737274 -0.041983 0.674267
1788249671.676839352 -2.638453 0.020515 -1.136247 -0.005634 0.736054 -0.041803 0.675607
1788249671.710184574 -2.633674 0.022258 -1.134273 -0.005544 0.735012 -0.041794 0.676742
1788249671.743530035 -2.628516 0.020891 -1.133846 -0.005577 0.733828 -0.041292 0.678057
1788249671.776875973 -2.623540 0.021737 -1.132391 -0.005488 0.732718 -0.041156 0.679264
1788249671.810221434 -2.617649 0.021761 -1.131098 -0.005485 0.731842 -0.041201 0.680205
1788249671.843566656 -2.612733 0.023214 -1.130818 -0.005227 0.731144 -0.041191 0.680958
1788249671.876912594 -2.606861 0.024227 -1.132487 -0.005113 0.730131 -0.041035 0.682054
1788249671.910257101 -2.601394 0.022933 -1.130551 -0.005167 0.729381 -0.040780 0.682871
1788249671.943602324 -2.594908 0.023326 -1.130584 -0.005146 0.728506 -0.040700 0.683810
1788249671.976948023 -2.590304 0.022734 -1.130167 -0.005194 0.727635 -0.040740 0.684734
1788249672.010293961 -2.585358 0.023157 -1.128772 -0.005186 0.726805 -0.040862 0.685608
1788249672.043639183 -2.580404 0.024601 -1.127331 -0.004926 0.726239 -0.040863 0.686209
1788249672.076984882 -2.577666 0.026067 -1.127153 -0.004776 0.725806 -0.040952 0.686663
1788249672.110330820 -2.571807 0.026711 -1.127403 -0.004593 0.725504 -0.040825 0.686991
1788249672.143676281 -2.565016 0.024715 -1.127373 -0.004829 0.725356 -0.040639 0.687157
1788249672.177021742 -2.558784 0.024693 -1.127944 -0.004889 0.725073 -0.040614 0.687456
1788249672.210367680 -2.552516 0.025341 -1.128468 -0.005037 0.724637 -0.040690 0.687910
1788249672.243713140 -2.546329 0.025531 -1.126991 -0.005102 0.724530 -0.040601 0.688028
1788249672.277058840 -2.539066 0.025615 -1.128201 -0.005258 0.724462 -0.040385 0.688110
1788249672.310404778 -2.534326 0.023670 -1.129078 -0.005598 0.724496 -0.040243 0.688080
1788249672.343749523 -2.528395 0.024625 -1.130283 -0.005415 0.724401 -0.040237 0.688183
1788249672.377095222 -2.522897 0.023453 -1.131107 -0.005554 0.724281 -0.040131 0.688313
1788249672.410441160 -2.517086 0.024219 -1.129788 -0.005637 0.724389 -0.040242 0.688193
1788249672.443786621 -2.512542 0.022470 -1.129616 -0.005761 0.724340 -0.040302 0.688239
1788249672.477132559 -2.506678 0.022062 -1.130416 -0.005432 0.724223 -0.040434 0.688358
1788249672.510478497 -2.501030 0.022010 -1.129563 -0.005355 0.724296 -0.040291 0.688290
1788249672.543823957 -2.495762 0.022412 -1.131061 -0.005389 0.724247 -0.040004 0.688358
1788249672.577170134 -2.488284 0.022673 -1.131109 -0.005348 0.724297 -0.039798 0.688318
1788249672.610512495 -2.479144 0.024720 -1.131077 -0.005388 0.724337 -0.040122 0.688257
1788249672.643850088 -2.473906 0.024545 -1.131155 -0.005439 0.724230 -0.040295 0.688359
1788249672.677187920 -2.468188 0.024035 -1.131259 -0.005587 0.724162 -0.040265 0.688431
1788249672.710525513 -2.462654 0.025194 -1.131783 -0.005326 0.724128 -0.040441 0.688459
1788249672.743863106 -2.457428 0.025223 -1.133725 -0.005180 0.724074 -0.040387 0.688520
1788249672.777199745 -2.451688 0.023990 -1.135204 -0.005148 0.724045 -0.040174 0.688563
1788249672.810537577 -2.444783 0.026292 -1.134979 -0.005123 0.724086 -0.040271 0.688514
1788249672.843874931 -2.439008 0.025320 -1.134257 -0.005365 0.724135 -0.040167 0.688467
1788249672.877212286 -2.432461 0.025035 -1.134664 -0.005638 0.724108 -0.040063 0.688499
1788249672.910549879 -2.426764 0.025054 -1.134668 -0.005692 0.724083 -0.039875 0.688535
1788249672.943887234 -2.421096 0.025892 -1.134948 -0.005543 0.724124 -0.039782 0.688499
1788249672.977224588 -2.413913 0.025618 -1.134760 -0.005570 0.724169 -0.039626 0.688460
1788249673.010561943 -2.409162 0.025087 -1.135135 -0.005649 0.724131 -0.039709 0.688495
1788249673.043899298 -2.403960 0.025000 -1.135971 -0.005768 0.724027 -0.039814 0.688597
1788249673.077236414 -2.397502 0.025844 -1.137193 -0.005953 0.723920 -0.040059 0.688694
1788249673.110573769 -2.390634 0.026084 -1.138175 -0.006258 0.723834 -0.039851 0.688794
1788249673.143910885 -2.384676 0.027922 -1.136829 -0.006392 0.723883 -0.039699 0.688750
1788249673.177247763 -2.377443 0.027298 -1.135892 -0.006629 0.723935 -0.039486 0.688706
1788249673.210584164 -2.369930 0.028450 -1.136589 -0.006558 0.724091 -0.039489 0.688542
1788249673.243921041 -2.363595 0.028652 -1.136600 -0.006881 0.724180 -0.039321 0.688455
1788249673.277258158 -2.357744 0.028978 -1.136449 -0.007037 0.723975 -0.039138 0.688679
1788249673.310595274 -2.352520 0.028026 -1.137753 -0.007298 0.723638 -0.039124 0.689031
1788249673.343931913 -2.346315 0.027200 -1.137817 -0.007209 0.723636 -0.038890 0.689047
1788249673.377268791 -2.340711 0.027779 -1.137840 -0.007086 0.723609 -0.039062 0.689068
1788249673.410605907 -2.335125 0.027794 -1.138895 -0.006850 0.723134 -0.039169 0.689563
1788249673.443942785 -2.329233 0.029284 -1.137983 -0.006502 0.722932 -0.039346 0.689767
1788249673.477279425 -2.325239 0.027949 -1.139451 -0.006685 0.722644 -0.039406 0.690064
1788249673.510616064 -2.318189 0.028173 -1.138504 -0.006655 0.722464 -0.039095 0.690271
1788249673.543952942 -2.312583 0.027616 -1.139525 -0.006644 0.722080 -0.038785 0.690689
1788249673.577289581 -2.306411 0.026891 -1.140907 -0.006575 0.721766 -0.038566 0.691031
1788249673.610627174 -2.300732 0.028168 -1.140078 -0.006645 0.721624 -0.038727 0.691169
1788249673.643965721 -2.296204 0.028099 -1.141150 -0.006636 0.721185 -0.038607 0.691634
1788249673.677303076 -2.290822 0.027496 -1.140571 -0.006655 0.720886 -0.038500 0.691952
1788249673.710641861 -2.285121 0.028155 -1.140694 -0.006622 0.720602 -0.038349 0.692256
1788249673.743980169 -2.278918 0.028499 -1.139853 -0.006573 0.720429 -0.038308 0.692439
1788249673.777318716 -2.273818 0.028523 -1.140224 -0.006413 0.720028 -0.038230 0.692862
1788249673.810657024 -2.266328 0.029868 -1.141085 -0.006199 0.719560 -0.038453 0.693337
1788249673.843995571 -2.263558 0.029051 -1.140157 -0.006091 0.719367 -0.038490 0.693537
1788249673.877333879 -2.257509 0.030398 -1.140445 -0.005821 0.719006 -0.038554 0.693909
1788249673.910671949 -2.250983 0.031571 -1.140724 -0.005645 0.718746 -0.038645 0.694175
1788249673.944010258 -2.243906 0.032479 -1.141331 -0.005702 0.718397 -0.038320 0.694553
1788249673.977348804 -2.239933 0.031665 -1.140985 -0.005959 0.718187 -0.038068 0.694783
1788249674.010686874 -2.233068 0.031603 -1.138683 -0.006116 0.718016 -0.037855 0.694969
1788249674.044024944 -2.226424 0.031887 -1.139967 -0.006026 0.717679 -0.037443 0.695340
1788249674.077363014 -2.221028 0.031752 -1.140661 -0.006175 0.717369 -0.037328 0.695666
1788249674.110700369 -2.215006 0.032703 -1.141967 -0.005975 0.716895 -0.037080 0.696169
1788249674.144038439 -2.209001 0.033052 -1.141945 -0.005963 0.716434 -0.037099 0.696642
1788249674.177376270 -2.204567 0.030796 -1.139318 -0.006174 0.716236 -0.036909 0.696854
1788249674.210714579 -2.198388 0.031605 -1.138551 -0.006050 0.715846 -0.037059 0.697248
1788249674.244052410 -2.191380 0.030971 -1.139763 -0.005955 0.715191 -0.036979 0.697924
1788249674.277390242 -2.185621 0.032542 -1.140617 -0.005869 0.714622 -0.036911 0.698511
1788249674.310728312 -2.180405 0.032954 -1.138860 -0.005919 0.714311 -0.037009 0.698824
1788249674.344065905 -2.175174 0.032433 -1.138810 -0.005877 0.713807 -0.037261 0.699326
1788249674.377403975 -2.169125 0.032964 -1.137370 -0.006030 0.713196 -0.037211 0.699951
1788249674.410741806 -2.162892 0.031892 -1.137108 -0.006325 0.712489 -0.036944 0.700681
1788249674.444079399 -2.158159 0.032872 -1.136433 -0.006139 0.711958 -0.036758 0.701233
1788249674.477417231 -2.150647 0.032909 -1.137708 -0.006009 0.711317 -0.036633 0.701890
1788249674.510754824 -2.145144 0.032301 -1.137522 -0.005928 0.710798 -0.036493 0.702424
1788249674.544092417 -2.139246 0.033960 -1.135744 -0.005674 0.710254 -0.036550 0.702973
1788249674.577429295 -2.133731 0.032133 -1.134696 -0.005666 0.709702 -0.036352 0.703541
1788249674.610768557 -2.130266 0.032773 -1.134780 -0.005438 0.709212 -0.036485 0.704029
1788249674.644109488 -2.125684 0.033737 -1.134789 -0.005148 0.708707 -0.036526 0.704538
1788249674.677450657 -2.119761 0.034545 -1.133044 -0.005181 0.708109 -0.036513 0.705140
1788249674.710791588 -2.114937 0.034470 -1.133471 -0.005267 0.707422 -0.036379 0.705835
1788249674.744132757 -2.107330 0.035646 -1.132194 -0.005164 0.706982 -0.036401 0.706275
1788249674.777473688 -2.103693 0.033822 -1.131978 -0.005267 0.706424 -0.036227 0.706841
1788249674.810815096 -2.096999 0.033848 -1.131887 -0.005480 0.705765 -0.036179 0.707501
1788249674.844156027 -2.091998 0.033352 -1.130167 -0.005516 0.705361 -0.036001 0.707912
1788249674.877497196 -2.087248 0.033192 -1.129588 -0.005532 0.704877 -0.035780 0.708405
1788249674.910838366 -2.080733 0.034374 -1.130074 -0.005606 0.704072 -0.035796 0.709204
1788249674.944179773 -2.074306 0.034312 -1.126931 -0.005659 0.703654 -0.035620 0.709627
1788249674.977520704 -2.068097 0.034027 -1.126864 -0.005792 0.703141 -0.035394 0.710145
1788249675.010861158 -2.061866 0.034411 -1.126147 -0.005862 0.702715 -0.035096 0.710581
1788249675.044202566 -2.054732 0.035723 -1.125417 -0.005861 0.702217 -0.034922 0.711082
1788249675.077543736 -2.049386 0.035819 -1.125632 -0.005863 0.701679 -0.034919 0.711613
1788249675.110885143 -2.044024 0.035508 -1.124077 -0.005960 0.701258 -0.034741 0.712036
1788249675.144226313 -2.039665 0.035099 -1.121026 -0.006038 0.700793 -0.034460 0.712506
1788249675.177567959 -2.033616 0.036737 -1.121536 -0.006046 0.700014 -0.034521 0.713269
1788249675.210909367 -2.028405 0.036321 -1.121135 -0.006173 0.699519 -0.034407 0.713759
1788249675.244250774 -2.022144 0.036782 -1.120650 -0.006166 0.698935 -0.034367 0.714333
1788249675.277592182 -2.015462 0.037710 -1.121724 -0.006068 0.698190 -0.034455 0.715057
1788249675.310933590 -2.009503 0.037765 -1.121160 -0.005944 0.697585 -0.034255 0.715658
1788249675.344275236 -2.004378 0.038018 -1.119628 -0.005857 0.697088 -0.034013 0.716155
1788249675.377616644 -1.997042 0.038947 -1.117831 -0.005818 0.696627 -0.033748 0.716616
1788249675.410958529 -1.991659 0.038894 -1.117671 -0.006009 0.696105 -0.033564 0.717130
1788249675.444298506 -1.985497 0.038010 -1.116596 -0.006302 0.695590 -0.033341 0.717637
1788249675.477640629 -1.977961 0.038473 -1.116063 -0.006167 0.695007 -0.033040 0.718217
1788249675.510982037 -1.972742 0.038204 -1.115475 -0.006295 0.694367 -0.033109 0.718831
1788249675.544323683 -1.967534 0.037970 -1.115480 -0.006349 0.693778 -0.032945 0.719407
1788249675.577665329 -1.964043 0.037833 -1.115523 -0.006385 0.693249 -0.032912 0.719918
1788249675.611004591 -1.957269 0.037969 -1.114945 -0.006464 0.692900 -0.032724 0.720262
1788249675.644340277 -1.952985 0.036430 -1.114345 -0.006784 0.692508 -0.032631 0.720640
1788249675.677676439 -1.947181 0.037432 -1.112419 -0.006812 0.692054 -0.032566 0.721078
1788249675.711012125 -1.941550 0.035999 -1.113628 -0.006915 0.691429 -0.032250 0.721691
1788249675.744348288 -1.934041 0.036688 -1.113494 -0.007006 0.690908 -0.032191 0.722192
1788249675.777683735 -1.929402 0.036869 -1.111699 -0.006931 0.690640 -0.032149 0.722451
1788249675.811019659 -1.924154 0.036274 -1.110741 -0.006753 0.690237 -0.032063 0.722841
1788249675.844355345 -1.917615 0.036048 -1.110349 -0.006763 0.689613 -0.032015 0.723438
1788249675.877691031 -1.913308 0.036380 -1.109120 -0.006672 0.689065 -0.032080 0.723959
1788249675.911025763 -1.907196 0.035937 -1.108132 -0.006636 0.688592 -0.032004 0.724412
1788249675.944360971 -1.901726 0.035483 -1.106918 -0.006418 0.688212 -0.031862 0.724781
1788249675.977696657 -1.896341 0.035587 -1.107269 -0.006029 0.687846 -0.031827 0.725133
1788249676.011032104 -1.891961 0.037348 -1.106876 -0.005632 0.687475 -0.032144 0.725474
1788249676.044367552 -1.887031 0.036164 -1.105819 -0.005523 0.687069 -0.032203 0.725857
1788249676.077702999 -1.880487 0.036661 -1.105959 -0.005434 0.686877 -0.032165 0.726041
1788249676.111038208 -1.875479 0.037121 -1.105764 -0.005285 0.686828 -0.032255 0.726085
1788249676.144373417 -1.869501 0.036457 -1.105232 -0.005234 0.686691 -0.032164 0.726218
1788249676.177708626 -1.864295 0.036365 -1.103544 -0.005187 0.686948 -0.032498 0.725961
1788249676.211043596 -1.858659 0.034589 -1.103560 -0.005221 0.686850 -0.032367 0.726060
1788249676.244379044 -1.853280 0.035382 -1.102030 -0.005321 0.686831 -0.032634 0.726065
1788249676.277714014 -1.847055 0.036041 -1.102716 -0.005174 0.686581 -0.032583 0.726304
1788249676.311048746 -1.843208 0.034894 -1.102353 -0.005294 0.686515 -0.032423 0.726373
1788249676.344382763 -1.835717 0.036117 -1.102363 -0.005387 0.686462 -0.032384 0.726425
1788249676.377717972 -1.828901 0.035951 -1.103872 -0.005426 0.686273 -0.031801 0.726628
1788249676.411052942 -1.822492 0.036692 -1.103111 -0.005379 0.686204 -0.031922 0.726688
1788249676.444387436 -1.816579 0.038399 -1.102164 -0.005314 0.686110 -0.032088 0.726770
1788249676.477722168 -1.810869 0.038240 -1.102092 -0.005381 0.686202 -0.031858 0.726694
1788249676.511056900 -1.803306 0.038343 -1.102805 -0.005344 0.686068 -0.031493 0.726836
1788249676.544391870 -1.798046 0.038323 -1.100652 -0.005450 0.686099 -0.031772 0.726794
1788249676.577726364 -1.792700 0.037208 -1.099851 -0.005434 0.686190 -0.031751 0.726709
1788249676.611061573 -1.786392 0.036161 -1.101753 -0.005537 0.686017 -0.031804 0.726869
1788249676.644397974 -1.780480 0.036313 -1.100139 -0.005626 0.686000 -0.031716 0.726888
1788249676.677733898 -1.774584 0.037287 -1.100329 -0.005614 0.685744 -0.031608 0.727135
1788249676.711070061 -1.768585 0.036944 -1.101682 -0.005825 0.685627 -0.031383 0.727253
1788249676.744406462 -1.761251 0.038320 -1.101880 -0.005726 0.685722 -0.031185 0.727173
1788249676.777741432 -1.755351 0.039146 -1.100992 -0.005650 0.685701 -0.031176 0.727193
1788249676.811077118 -1.749802 0.039336 -1.101811 -0.005547 0.685595 -0.031319 0.727288
1788249676.844413280 -1.741282 0.040016 -1.102219 -0.005381 0.685552 -0.031229 0.727334
1788249676.877748966 -1.736621 0.039605 -1.103160 -0.005280 0.685577 -0.031074 0.727318
1788249676.911084890 -1.729246 0.040523 -1.102979 -0.005285 0.685513 -0.031222 0.727372
1788249676.944420576 -1.724200 0.040113 -1.100579 -0.005367 0.685609 -0.031484 0.727269
1788249676.977756262 -1.717764 0.040596 -1.100218 -0.005309 0.685547 -0.031609 0.727323
1788249677.011091709 -1.711309 0.040789 -1.099147 -0.005363 0.685584 -0.031591 0.727288
1788249677.044427633 -1.705387 0.040917 -1.097741 -0.005357 0.685591 -0.031514 0.727285
1788249677.077763081 -1.699168 0.042057 -1.097625 -0.005268 0.685461 -0.031509 0.727408
1788249677.111098766 -1.694072 0.041207 -1.098404 -0.005453 0.685333 -0.031209 0.727541
1788249677.144434214 -1.688319 0.041947 -1.098115 -0.005344 0.685251 -0.030752 0.727638
1788249677.177769661 -1.679683 0.041030 -1.099016 -0.005407 0.684977 -0.030449 0.727908
1788249677.211104155 -1.673564 0.042597 -1.099200 -0.005168 0.685095 -0.030659 0.727790
1788249677.244439363 -1.667748 0.043411 -1.098851 -0.004914 0.685449 -0.030818 0.727452
1788249677.277774811 -1.662473 0.042282 -1.099707 -0.004977 0.685403 -0.030636 0.727503
1788249677.311110020 -1.655336 0.043285 -1.100347 -0.004730 0.685249 -0.030499 0.727655
1788249677.344445229 -1.649262 0.042798 -1.100299 -0.004626 0.685219 -0.030606 0.727679
1788249677.377780437 -1.646253 0.041580 -1.099069 -0.004406 0.685422 -0.030747 0.727484
1788249677.411115408 -1.639274 0.042894 -1.099019 -0.004232 0.685349 -0.030899 0.727547
1788249677.444450617 -1.634446 0.043105 -1.098784 -0.004121 0.685212 -0.030861 0.727678
1788249677.477785349 -1.627004 0.043166 -1.099128 -0.004038 0.684975 -0.030472 0.727918
1788249677.511120558 -1.622259 0.043605 -1.099979 -0.003975 0.684810 -0.030043 0.728092
1788249677.544455528 -1.614699 0.042571 -1.099992 -0.004126 0.684658 -0.029589 0.728252
1788249677.577790022 -1.608169 0.043778 -1.100147 -0.003861 0.684424 -0.029623 0.728472
1788249677.611125946 -1.602280 0.042598 -1.100379 -0.003798 0.684471 -0.029602 0.728429
1788249677.644461870 -1.597065 0.043699 -1.100302 -0.003639 0.684857 -0.029829 0.728058
1788249677.677797556 -1.588526 0.042554 -1.101308 -0.003680 0.684723 -0.029591 0.728193
1788249677.711133480 -1.580906 0.042281 -1.099493 -0.003942 0.684633 -0.029615 0.728275
1788249677.744469881 -1.576036 0.043015 -1.099491 -0.003746 0.684575 -0.029750 0.728325
1788249677.777806044 -1.571151 0.042612 -1.098193 -0.003521 0.684891 -0.030040 0.728018
1788249677.811142206 -1.564988 0.042713 -1.098955 -0.003429 0.684932 -0.030199 0.727973
1788249677.844478130 -1.558964 0.042112 -1.097697 -0.003395 0.684887 -0.029988 0.728024
1788249677.877814293 -1.552560 0.043851 -1.097830 -0.003281 0.684588 -0.030024 0.728305
1788249677.911150217 -1.546463 0.044342 -1.097052 -0.003329 0.684483 -0.029799 0.728412
1788249677.944486141 -1.540734 0.043978 -1.099742 -0.003248 0.684106 -0.029662 0.728772
1788249677.977822065 -1.535628 0.042662 -1.099152 -0.003176 0.684228 -0.029734 0.728655
1788249678.011158228 -1.530090 0.042818 -1.098767 -0.003216 0.684306 -0.030017 0.728570
1788249678.044493675 -1.523359 0.044518 -1.097421 -0.003214 0.684367 -0.030291 0.728502
1788249678.077829599 -1.518006 0.044042 -1.097217 -0.003042 0.684480 -0.030193 0.728400
1788249678.111164331 -1.510738 0.043627 -1.098350 -0.002816 0.684363 -0.030004 0.728519
1788249678.144499779 -1.504186 0.043604 -1.098111 -0.002642 0.684401 -0.030147 0.728477
1788249678.177835703 -1.500147 0.043790 -1.097538 -0.002566 0.684427 -0.030315 0.728447
1788249678.211170912 -1.493029 0.044922 -1.097161 -0.002490 0.684314 -0.030430 0.728548
1788249678.244506836 -1.486855 0.044459 -1.096817 -0.002707 0.684114 -0.030384 0.728737
1788249678.277842045 -1.480439 0.045950 -1.095991 -0.002805 0.684135 -0.030437 0.728714
1788249678.311177492 -1.474392 0.046190 -1.095669 -0.003026 0.684229 -0.030300 0.728631
1788249678.344513178 -1.468995 0.041443 -1.095635 -0.003805 0.684318 -0.029597 0.728573
1788249678.377848148 -1.462143 0.042721 -1.095436 -0.003813 0.684275 -0.029591 0.728614
1788249678.411183834 -1.457285 0.043859 -1.093318 -0.003972 0.684611 -0.030033 0.728279
1788249678.444519043 -1.450014 0.043885 -1.092098 -0.003987 0.684773 -0.030047 0.728126
1788249678.477854013 -1.443739 0.043617 -1.090877 -0.004185 0.684748 -0.030000 0.728150
1788249678.511189461 -1.438569 0.042184 -1.091704 -0.004145 0.684444 -0.030192 0.728428
1788249678.544523478 -1.433623 0.042018 -1.091611 -0.004049 0.684499 -0.030537 0.728363
1788249678.577858448 -1.427764 0.043067 -1.090693 -0.004026 0.684508 -0.030703 0.728347
1788249678.611195326 -1.420620 0.043100 -1.090834 -0.003988 0.684325 -0.030616 0.728523
1788249678.644533873 -1.415553 0.043548 -1.090000 -0.003843 0.684330 -0.030579 0.728521
1788249678.677872419 -1.408922 0.043847 -1.089856 -0.004025 0.684356 -0.030465 0.728500
1788249678.711211205 -1.402086 0.043560 -1.088850 -0.004284 0.684376 -0.030469 0.728480
1788249678.744549751 -1.396110 0.043373 -1.088399 -0.004253 0.684262 -0.030558 0.728584
1788249678.777888298 -1.390667 0.043972 -1.088570 -0.004055 0.684200 -0.030941 0.728626
1788249678.811227083 -1.385660 0.045172 -1.087343 -0.003795 0.684468 -0.031255 0.728362
1788249678.844565392 -1.379472 0.043397 -1.088045 -0.003673 0.684295 -0.031207 0.728528
1788249678.877903938 -1.374614 0.043850 -1.088676 -0.003241 0.684191 -0.031553 0.728613
1788249678.911242723 -1.369146 0.043088 -1.088474 -0.003036 0.684267 -0.031564 0.728542
1788249678.944581032 -1.362975 0.043625 -1.088103 -0.002839 0.684300 -0.031584 0.728510
1788249678.977919579 -1.354930 0.042668 -1.088850 -0.002996 0.684042 -0.031232 0.728767
1788249679.011257172 -1.348695 0.043531 -1.087176 -0.003136 0.684021 -0.031547 0.728773
1788249679.044595480 -1.343576 0.042810 -1.086228 -0.003494 0.684003 -0.031493 0.728791
1788249679.077934027 -1.336319 0.042890 -1.085524 -0.003809 0.684028 -0.031343 0.728772
1788249679.111272573 -1.330578 0.042895 -1.085236 -0.004013 0.683986 -0.031269 0.728814
1788249679.144610882 -1.323867 0.043270 -1.085016 -0.003910 0.684014 -0.031253 0.728788
1788249679.177949190 -1.318761 0.044006 -1.083762 -0.003868 0.684169 -0.031541 0.728630
1788249679.211287975 -1.312855 0.043493 -1.085046 -0.003874 0.683968 -0.031451 0.728824
1788249679.244626284 -1.305785 0.043081 -1.083765 -0.003790 0.683907 -0.031399 0.728883
1788249679.277964592 -1.301419 0.042995 -1.084350 -0.003589 0.683871 -0.031241 0.728925
1788249679.311303139 -1.295156 0.042853 -1.083852 -0.003600 0.684031 -0.031075 0.728782
1788249679.344641447 -1.288676 0.042319 -1.085444 -0.003484 0.683838 -0.030910 0.728970
1788249679.377979755 -1.282451 0.042921 -1.085069 -0.003309 0.683692 -0.030825 0.729112
1788249679.411318064 -1.276589 0.043309 -1.084026 -0.003466 0.683774 -0.030784 0.729037
1788249679.444655657 -1.270275 0.042906 -1.083741 -0.003799 0.683774 -0.030756 0.729036
1788249679.477993727 -1.264483 0.042358 -1.085649 -0.004039 0.683355 -0.030722 0.729428
1788249679.511332273 -1.258808 0.042398 -1.084361 -0.003960 0.683456 -0.030743 0.729333
1788249679.544670582 -1.252354 0.042989 -1.084069 -0.003863 0.683657 -0.031004 0.729134
1788249679.578008652 -1.247545 0.042421 -1.084065 -0.003838 0.683617 -0.030915 0.729176
1788249679.611348152 -1.241548 0.041556 -1.083730 -0.003869 0.683450 -0.030962 0.729330
1788249679.644688606 -1.235686 0.042540 -1.083200 -0.003746 0.683378 -0.031153 0.729390
1788249679.678028822 -1.230447 0.042491 -1.082300 -0.003768 0.683513 -0.031335 0.729256
1788249679.711369514 -1.223787 0.042393 -1.082027 -0.003635 0.683564 -0.031105 0.729218
1788249679.744709969 -1.219090 0.040434 -1.081631 -0.003502 0.683607 -0.030832 0.729190
1788249679.778050661 -1.212439 0.040972 -1.082197 -0.003423 0.683516 -0.030942 0.729271
1788249679.811391115 -1.205666 0.040561 -1.081651 -0.003724 0.683428 -0.030922 0.729353
1788249679.844731569 -1.200165 0.039943 -1.080517 -0.003806 0.683425 -0.030912 0.729356
1788249679.878072262 -1.193537 0.040899 -1.080579 -0.003663 0.683352 -0.031093 0.729418
1788249679.911411762 -1.188051 0.040598 -1.080181 -0.003437 0.683389 -0.031194 0.729380
1788249679.944752216 -1.183054 0.040886 -1.081333 -0.002848 0.683312 -0.031157 0.729455
1788249679.978092909 -1.176144 0.040988 -1.081748 -0.002535 0.683066 -0.031176 0.729686
1788249680.011433601 -1.171083 0.040367 -1.080015 -0.002248 0.683227 -0.031348 0.729530
1788249680.044774055 -1.165700 0.041180 -1.080915 -0.001906 0.683062 -0.031609 0.729673
1788249680.078114510 -1.160683 0.039856 -1.079620 -0.001771 0.683281 -0.031480 0.729475
1788249680.111454725 -1.154048 0.041293 -1.080649 -0.001384 0.683260 -0.031536 0.729492
1788249680.144795418 -1.149280 0.040550 -1.081491 -0.001192 0.683190 -0.031477 0.729561
1788249680.178136110 -1.142984 0.041089 -1.081950 -0.001052 0.683129 -0.031621 0.729612
1788249680.211476564 -1.135858 0.040835 -1.080298 -0.001257 0.683179 -0.031569 0.729567
1788249680.244817257 -1.131164 0.040475 -1.080452 -0.001355 0.683167 -0.031560 0.729578
1788249680.278157949 -1.125277 0.040522 -1.080764 -0.001165 0.683163 -0.031465 0.729587
1788249680.311498642 -1.118973 0.039859 -1.081198 -0.000963 0.683176 -0.031241 0.729584
1788249680.344838142 -1.113021 0.039813 -1.080701 -0.000951 0.683174 -0.031367 0.729581
1788249680.378178835 -1.106873 0.040157 -1.080450 -0.000988 0.683177 -0.031199 0.729586
1788249680.411519289 -1.100580 0.039969 -1.078888 -0.001134 0.683210 -0.031487 0.729542
1788249680.444859982 -1.094431 0.040001 -1.079187 -0.001122 0.683068 -0.031390 0.729679
1788249680.478200436 -1.088025 0.040672 -1.077442 -0.001342 0.683137 -0.031631 0.729603
1788249680.511541128 -1.081774 0.040964 -1.077424 -0.001204 0.683166 -0.031637 0.729576
1788249680.544881821 -1.076444 0.040757 -1.077946 -0.001192 0.682976 -0.031618 0.729755
1788249680.578222513 -1.069343 0.040034 -1.076234 -0.001612 0.683019 -0.031616 0.729714
1788249680.611562014 -1.063793 0.040216 -1.075785 -0.001819 0.683006 -0.031638 0.729725
1788249680.644900799 -1.056701 0.041317 -1.074648 -0.001787 0.683079 -0.031686 0.729654
1788249680.678239107 -1.051131 0.041082 -1.074643 -0.001676 0.683191 -0.031477 0.729559
1788249680.711577654 -1.044803 0.041202 -1.074858 -0.001485 0.683248 -0.031388 0.729510
1788249680.744915962 -1.038375 0.042523 -1.074951 -0.001167 0.683128 -0.031301 0.729627
1788249680.778253317 -1.032253 0.041142 -1.075189 -0.001292 0.683042 -0.031278 0.729708
1788249680.811591864 -1.027330 0.041669 -1.074625 -0.001171 0.683123 -0.031415 0.729626
1788249680.844930172 -1.020855 0.042129 -1.074595 -0.001096 0.683072 -0.031290 0.729680
1788249680.878268719 -1.014140 0.042059 -1.074515 -0.000973 0.683126 -0.031143 0.729635
1788249680.911607265 -1.008416 0.042263 -1.074264 -0.000787 0.683195 -0.031267 0.729566
1788249680.944945574 -1.000571 0.043263 -1.073695 -0.000934 0.683096 -0.031243 0.729660
1788249680.978283882 -0.993894 0.042851 -1.072981 -0.001499 0.683042 -0.031386 0.729703
1788249681.011621952 -0.987569 0.043776 -1.071919 -0.001600 0.683123 -0.031407 0.729626
1788249681.044960260 -0.980000 0.043871 -1.072603 -0.001674 0.683123 -0.031103 0.729638
1788249681.078298807 -0.973959 0.044194 -1.072004 -0.001630 0.683329 -0.030843 0.729457
1788249681.111636877 -0.967873 0.044500 -1.073389 -0.001476 0.683070 -0.030714 0.729706
1788249681.144974947 -0.961518 0.044104 -1.072172 -0.001499 0.683098 -0.030825 0.729674
1788249681.178313255 -0.955557 0.044330 -1.071189 -0.001428 0.683107 -0.030993 0.729659
1788249681.211651325 -0.950152 0.045077 -1.071365 -0.001322 0.683157 -0.030968 0.729613
1788249681.244988441 -0.944736 0.043901 -1.071079 -0.001550 0.683227 -0.030914 0.729549
1788249681.278326988 -0.938564 0.043560 -1.071467 -0.001473 0.683096 -0.030818 0.729677
1788249681.311665058 -0.931749 0.044891 -1.070658 -0.001252 0.683180 -0.030898 0.729595
1788249681.345003128 -0.925165 0.045809 -1.069591 -0.001425 0.683165 -0.031353 0.729589
1788249681.378340960 -0.919898 0.042963 -1.068345 -0.002160 0.683077 -0.031309 0.729672
1788249681.411679029 -0.914209 0.042819 -1.067741 -0.002262 0.683005 -0.031526 0.729729
1788249681.445017099 -0.907730 0.043087 -1.068814 -0.001839 0.683077 -0.031432 0.729668
1788249681.478355169 -0.904152 0.042104 -1.068354 -0.001649 0.683141 -0.031547 0.729603
1788249681.511693239 -0.896595 0.042011 -1.068007 -0.001263 0.683084 -0.031423 0.729663
1788249681.545031071 -0.891404 0.040704 -1.068141 -0.001298 0.683063 -0.031477 0.729680
1788249681.578369141 -0.886289 0.040653 -1.066831 -0.001283 0.683200 -0.031872 0.729535
1788249681.611708879 -0.881652 0.041565 -1.066328 -0.000993 0.683170 -0.032420 0.729539
1788249681.645051003 -0.875079 0.042063 -1.065806 -0.000799 0.683160 -0.032623 0.729539
1788249681.678392172 -0.868824 0.042445 -1.065442 -0.000725 0.683137 -0.032776 0.729554
1788249681.711734056 -0.862556 0.042629 -1.063998 -0.000697 0.683122 -0.032973 0.729560
1788249681.745076656 -0.857381 0.041838 -1.063450 -0.001068 0.683088 -0.033015 0.729589
1788249681.778418779 -0.850942 0.041517 -1.062728 -0.001509 0.683034 -0.032825 0.729647
1788249681.811760664 -0.845495 0.041116 -1.062508 -0.001808 0.683009 -0.032574 0.729681
1788249681.845103264 -0.839069 0.041836 -1.062146 -0.001816 0.683126 -0.032602 0.729570
1788249681.878445387 -0.833713 0.041277 -1.063451 -0.001747 0.683114 -0.032612 0.729581
1788249681.911787271 -0.827379 0.040859 -1.061657 -0.001738 0.683255 -0.032387 0.729459
1788249681.945129871 -0.822260 0.040103 -1.062664 -0.001841 0.682943 -0.032515 0.729745
1788249681.978471994 -0.815326 0.041626 -1.060111 -0.001964 0.683145 -0.033046 0.729532
1788249682.011814356 -0.809204 0.040224 -1.060014 -0.002024 0.683169 -0.032716 0.729525
1788249682.045156479 -0.804012 0.039840 -1.060562 -0.002194 0.683093 -0.032637 0.729599
1788249682.078498602 -0.797878 0.040255 -1.060670 -0.002073 0.682973 -0.032745 0.729706
1788249682.111839771 -0.790865 0.041164 -1.059936 -0.002172 0.682950 -0.032956 0.729718
1788249682.145182371 -0.785044 0.041248 -1.058273 -0.002475 0.683152 -0.032877 0.729532
1788249682.178524494 -0.778225 0.041475 -1.056916 -0.002783 0.683211 -0.032954 0.729472
1788249682.211866617 -0.770956 0.044200 -1.056572 -0.002392 0.683191 -0.033099 0.729485
1788249682.245209217 -0.763974 0.043714 -1.056736 -0.002406 0.683201 -0.032993 0.729481
1788249682.278551340 -0.759148 0.043445 -1.056737 -0.002363 0.683292 -0.032954 0.729398
1788249682.311893702 -0.751929 0.043322 -1.056445 -0.002467 0.683151 -0.032949 0.729529
1788249682.345235825 -0.746316 0.044385 -1.054783 -0.002583 0.683197 -0.033309 0.729469
1788249682.378578186 -0.740060 0.043239 -1.053841 -0.002879 0.683333 -0.033154 0.729348
1788249682.411920547 -0.734211 0.042210 -1.054519 -0.003038 0.683151 -0.032973 0.729526
1788249682.445262671 -0.727572 0.042992 -1.053837 -0.002761 0.683110 -0.033095 0.729560
1788249682.478605270 -0.721829 0.043429 -1.053725 -0.002713 0.683098 -0.033077 0.729572
1788249682.511947393 -0.715827 0.043413 -1.054086 -0.002778 0.682960 -0.033040 0.729703
1788249682.545289755 -0.709316 0.043626 -1.052955 -0.003097 0.682870 -0.033036 0.729786
1788249682.578631163 -0.702098 0.044357 -1.052640 -0.003164 0.682766 -0.032835 0.729892
1788249682.611972570 -0.695816 0.044423 -1.053133 -0.003315 0.682795 -0.032401 0.729884
1788249682.645312786 -0.689949 0.044498 -1.053383 -0.003163 0.682907 -0.032448 0.729777
1788249682.678653240 -0.684262 0.043960 -1.053374 -0.003047 0.682891 -0.032432 0.729793
1788249682.711993456 -0.678886 0.043872 -1.053513 -0.002823 0.682881 -0.032336 0.729808
1788249682.745333910 -0.672481 0.043944 -1.053653 -0.002635 0.682745 -0.032265 0.729940
1788249682.778674364 -0.667690 0.044520 -1.053455 -0.002415 0.682859 -0.032596 0.729818
1788249682.812014103 -0.660810 0.044489 -1.052122 -0.002181 0.683058 -0.032703 0.729628
1788249682.845354557 -0.655381 0.045873 -1.051071 -0.001876 0.682981 -0.032799 0.729697
1788249682.878695011 -0.649302 0.045826 -1.050940 -0.002032 0.682822 -0.032825 0.729845
1788249682.912035227 -0.643116 0.045834 -1.050044 -0.002219 0.682702 -0.032896 0.729953
1788249682.945375681 -0.637991 0.046042 -1.049667 -0.002219 0.682587 -0.032871 0.730061
1788249682.978715897 -0.631670 0.046374 -1.049003 -0.002378 0.682481 -0.032835 0.730161
1788249683.012055159 -0.625495 0.045691 -1.049023 -0.002366 0.682412 -0.032754 0.730230
1788249683.045395374 -0.619562 0.045567 -1.048926 -0.002286 0.682308 -0.032846 0.730323
1788249683.078735828 -0.613154 0.043536 -1.047512 -0.002457 0.682680 -0.032519 0.729989
1788249683.112076044 -0.608411 0.043847 -1.047008 -0.002366 0.682743 -0.032641 0.729925
1788249683.145416260 -0.603065 0.042701 -1.047155 -0.002557 0.682457 -0.032413 0.730202
1788249683.178756714 -0.596457 0.042607 -1.045570 -0.002577 0.682695 -0.032522 0.729974
1788249683.212097168 -0.589942 0.043251 -1.045766 -0.001926 0.682643 -0.032549 0.730025
1788249683.245437145 -0.584682 0.043492 -1.044842 -0.001728 0.682720 -0.032983 0.729933
1788249683.278777361 -0.579078 0.042584 -1.045453 -0.001945 0.682413 -0.032617 0.730236
1788249683.312117815 -0.571888 0.043475 -1.044376 -0.002125 0.682124 -0.032526 0.730510
1788249683.345458031 -0.565154 0.044558 -1.042571 -0.002153 0.682105 -0.032708 0.730519
1788249683.378798485 -0.558865 0.045269 -1.042244 -0.002225 0.681921 -0.032552 0.730698
1788249683.412138939 -0.555460 0.045511 -1.041473 -0.002135 0.681701 -0.032451 0.730908
1788249683.445478201 -0.549208 0.045533 -1.041543 -0.001982 0.681288 -0.032476 0.731292
1788249683.478818417 -0.543311 0.045150 -1.040704 -0.001813 0.680687 -0.032415 0.731855
1788249683.512158871 -0.538802 0.044640 -1.040208 -0.001862 0.680139 -0.032471 0.732361
1788249683.545499086 -0.532122 0.044562 -1.038349 -0.001914 0.679802 -0.032415 0.732676
1788249683.578839064 -0.527341 0.043722 -1.037618 -0.002016 0.679506 -0.032445 0.732950
1788249683.612181902 -0.520897 0.043831 -1.035990 -0.002063 0.678989 -0.032474 0.733427
1788249683.645527124 -0.514309 0.044660 -1.035886 -0.001979 0.678275 -0.032362 0.734093
1788249683.678872585 -0.508653 0.045854 -1.033295 -0.002123 0.678153 -0.032637 0.734193
1788249683.712218285 -0.503504 0.045589 -1.032895 -0.002348 0.677669 -0.032584 0.734641
1788249683.745563745 -0.496501 0.046025 -1.030639 -0.002544 0.677281 -0.032729 0.734991
1788249683.778909445 -0.491184 0.046735 -1.028624 -0.002594 0.676710 -0.033058 0.735502
1788249683.812255383 -0.485040 0.046774 -1.027918 -0.002883 0.676048 -0.032950 0.736115
1788249683.845600843 -0.477858 0.047963 -1.025568 -0.003104 0.675617 -0.032739 0.736519
1788249683.878945589 -0.471904 0.047797 -1.025542 -0.003301 0.674942 -0.032338 0.737155
1788249683.912291765 -0.465657 0.047615 -1.023424 -0.003435 0.674663 -0.032314 0.737410
1788249683.945637226 -0.460609 0.047505 -1.022559 -0.003566 0.674130 -0.032344 0.737895
1788249683.978983164 -0.454630 0.047535 -1.021548 -0.003688 0.673296 -0.032255 0.738660
1788249684.012329578 -0.447592 0.047358 -1.019547 -0.003801 0.672830 -0.032215 0.739085
1788249684.045675278 -0.443488 0.046811 -1.018501 -0.003714 0.672407 -0.032083 0.739477
1788249684.079021692 -0.438309 0.046087 -1.017708 -0.003731 0.671843 -0.031955 0.739994
1788249684.112367630 -0.433354 0.046057 -1.017269 -0.003352 0.671152 -0.032124 0.740616
1788249684.145714045 -0.427527 0.046570 -1.016440 -0.003095 0.670494 -0.032367 0.741202
1788249684.179059982 -0.421295 0.046454 -1.014424 -0.003044 0.669944 -0.032320 0.741702
1788249684.212406397 -0.416270 0.046900 -1.012759 -0.003063 0.669551 -0.032283 0.742058
1788249684.245752573 -0.409930 0.046762 -1.011973 -0.003219 0.668761 -0.032341 0.742767
1788249684.279099226 -0.405047 0.048278 -1.011065 -0.003090 0.667818 -0.032814 0.743595
1788249684.312445641 -0.399862 0.047988 -1.010097 -0.003086 0.667204 -0.032692 0.744151
1788249684.345791101 -0.392926 0.048773 -1.008054 -0.002936 0.666771 -0.032622 0.744543
1788249684.379137993 -0.387080 0.048648 -1.007413 -0.002770 0.666222 -0.032472 0.745041
1788249684.412484407 -0.381913 0.048925 -1.007090 -0.002736 0.665500 -0.032461 0.745686
1788249684.445831299 -0.376278 0.047913 -1.005208 -0.002702 0.665012 -0.032363 0.746127
1788249684.479177952 -0.371307 0.047530 -1.003273 -0.002879 0.664579 -0.032538 0.746504
1788249684.512524366 -0.364840 0.046925 -1.001400 -0.002801 0.664006 -0.032501 0.747015
1788249684.545871496 -0.358725 0.047837 -1.000255 -0.002703 0.663380 -0.032355 0.747578
1788249684.579218388 -0.353794 0.047340 -1.000153 -0.002773 0.662767 -0.032218 0.748128
1788249684.612563372 -0.348397 0.047482 -0.999489 -0.002861 0.662231 -0.032068 0.748608
1788249684.645905495 -0.341802 0.048110 -0.996531 -0.003139 0.661724 -0.032327 0.749044
1788249684.679248333 -0.334451 0.048542 -0.993539 -0.003455 0.661103 -0.032431 0.749586
1788249684.712590694 -0.330604 0.048773 -0.992767 -0.003606 0.660489 -0.032261 0.750134
1788249684.745933056 -0.322752 0.049566 -0.990035 -0.003837 0.660129 -0.032049 0.750459
1788249684.779274940 -0.316451 0.050562 -0.988496 -0.003861 0.659429 -0.031937 0.751078
1788249684.812617302 -0.311142 0.049870 -0.987072 -0.003862 0.658929 -0.031709 0.751527
1788249684.845960140 -0.305413 0.050194 -0.985254 -0.003933 0.658344 -0.032058 0.752024
1788249684.879302502 -0.301489 0.049847 -0.984633 -0.003767 0.657593 -0.031944 0.752686
1788249684.912645578 -0.295776 0.049635 -0.983138 -0.004050 0.656716 -0.031880 0.753453
1788249684.945987940 -0.289095 0.049901 -0.980325 -0.004275 0.656170 -0.031675 0.753936
1788249684.979330778 -0.282383 0.050034 -0.978287 -0.004434 0.655378 -0.031774 0.754619
1788249685.012673378 -0.276889 0.049079 -0.977090 -0.004454 0.654517 -0.031663 0.755371
1788249685.046016216 -0.271561 0.050316 -0.975996 -0.004013 0.653791 -0.031739 0.755999
1788249685.079359055 -0.264903 0.050396 -0.974231 -0.004077 0.652998 -0.031717 0.756685
1788249685.112701893 -0.260843 0.049500 -0.972201 -0.004257 0.652017 -0.031892 0.757521
1788249685.146044493 -0.254392 0.049294 -0.969584 -0.004013 0.650460 -0.032038 0.758854
1788249685.179387331 -0.250164 0.049806 -0.967115 -0.003717 0.649004 -0.032159 0.760096
1788249685.212730169 -0.244160 0.050159 -0.964231 -0.003696 0.647733 -0.031981 0.761187
1788249685.246072292 -0.239922 0.050102 -0.962259 -0.003378 0.646163 -0.031696 0.762533
1788249685.279415131 -0.235107 0.050138 -0.960517 -0.003229 0.644227 -0.031474 0.764179
1788249685.312757969 -0.230756 0.050139 -0.957369 -0.002677 0.642845 -0.031361 0.765350
1788249685.346100807 -0.227176 0.049564 -0.955884 -0.002664 0.641384 -0.031533 0.766567
1788249685.379444122 -0.219887 0.051789 -0.951864 -0.002330 0.639661 -0.031422 0.768011
1788249685.412786961 -0.215214 0.051533 -0.948053 -0.002696 0.637936 -0.031421 0.769444
1788249685.446130037 -0.211275 0.051275 -0.945523 -0.002895 0.636205 -0.031233 0.770882
1788249685.479473352 -0.206613 0.051666 -0.942465 -0.002640 0.634560 -0.031297 0.772235
1788249685.512816191 -0.203051 0.051479 -0.939682 -0.002555 0.632769 -0.031364 0.773701
1788249685.546159267 -0.198882 0.051251 -0.936753 -0.002493 0.631001 -0.031310 0.775145
1788249685.579502344 -0.195396 0.051949 -0.933611 -0.002532 0.629471 -0.031269 0.776391
1788249685.612844944 -0.191263 0.051005 -0.930494 -0.002853 0.627911 -0.030994 0.777663
1788249685.646185637 -0.186127 0.051112 -0.927165 -0.002934 0.626136 -0.031025 0.779091
1788249685.679525852 -0.180598 0.052647 -0.925164 -0.002648 0.623864 -0.031119 0.780909
1788249685.712866783 -0.175389 0.053163 -0.921298 -0.002842 0.622276 -0.031135 0.782173
1788249685.746207714 -0.170939 0.053865 -0.918079 -0.002879 0.620697 -0.031095 0.783429
1788249685.779548645 -0.167565 0.053745 -0.915721 -0.002849 0.618867 -0.030737 0.784889
1788249685.812889338 -0.164517 0.054006 -0.913008 -0.002811 0.616814 -0.030581 0.786510
1788249685.846230268 -0.160890 0.053802 -0.909720 -0.002847 0.614817 -0.030533 0.788073
1788249685.879571199 -0.157812 0.054583 -0.906935 -0.002861 0.612660 -0.030431 0.789755
1788249685.912912130 -0.155160 0.054207 -0.903029 -0.002871 0.610655 -0.030201 0.791316
1788249685.946253061 -0.152205 0.054929 -0.899667 -0.002807 0.608426 -0.030516 0.793019
1788249685.979594469 -0.149795 0.054758 -0.895965 -0.002375 0.606124 -0.030474 0.794783
1788249686.012935162 -0.149195 0.054572 -0.893103 -0.002556 0.603805 -0.030653 0.796538
1788249686.046276093 -0.145408 0.054589 -0.888611 -0.002797 0.601442 -0.030663 0.798323
1788249686.079617500 -0.142241 0.054774 -0.884092 -0.003081 0.599086 -0.030377 0.800103
1788249686.112957001 -0.141623 0.055134 -0.881094 -0.002854 0.597114 -0.030500 0.801571
1788249686.146298170 -0.137811 0.055256 -0.877282 -0.002893 0.595384 -0.030558 0.802855
1788249686.179639101 -0.134926 0.056055 -0.874210 -0.002635 0.593153 -0.030340 0.804514
1788249686.212980032 -0.132503 0.056799 -0.869541 -0.003049 0.590263 -0.030034 0.806646
1788249686.246321201 -0.130344 0.056654 -0.865752 -0.003262 0.587403 -0.029827 0.808738
1788249686.279662132 -0.128083 0.057226 -0.861963 -0.002964 0.585004 -0.029344 0.810494
1788249686.313003063 -0.127141 0.056201 -0.859101 -0.002772 0.582333 -0.029056 0.812426
1788249686.346343994 -0.125730 0.056670 -0.855229 -0.002400 0.579331 -0.029273 0.814563
1788249686.379685163 -0.123783 0.056640 -0.850185 -0.002691 0.576368 -0.029020 0.816670
1788249686.413026094 -0.122448 0.057311 -0.845845 -0.002808 0.573417 -0.028886 0.818749
1788249686.446367025 -0.120232 0.057138 -0.840736 -0.003042 0.570544 -0.028657 0.820761
1788249686.479707956 -0.119203 0.057544 -0.836810 -0.002969 0.567730 -0.028674 0.822710
1788249686.513049126 -0.118320 0.056764 -0.833660 -0.002819 0.564578 -0.028200 0.824893
1788249686.546390057 -0.118696 0.056786 -0.830148 -0.002685 0.561619 -0.028227 0.826910
1788249686.579730272 -0.115751 0.057323 -0.825865 -0.002633 0.558517 -0.028035 0.829015
1788249686.613070726 -0.116016 0.057737 -0.821591 -0.002518 0.555653 -0.027923 0.830942
1788249686.646410942 -0.114309 0.058358 -0.817957 -0.002476 0.552534 -0.027732 0.833025
1788249686.679750443 -0.112739 0.059011 -0.813126 -0.002299 0.549370 -0.027843 0.835112
1788249686.713090420 -0.111929 0.058614 -0.808144 -0.002439 0.546091 -0.027778 0.837262
1788249686.746430397 -0.111016 0.058949 -0.804338 -0.002435 0.542874 -0.027692 0.839354
1788249686.779770136 -0.108891 0.059721 -0.799692 -0.002295 0.539638 -0.027389 0.841449
1788249686.813109875 -0.107792 0.061254 -0.795265 -0.002024 0.536352 -0.027151 0.843555
1788249686.846449852 -0.107698 0.061131 -0.790724 -0.002107 0.533308 -0.027066 0.845486
1788249686.879789591 -0.107052 0.061277 -0.786790 -0.002068 0.530132 -0.026814 0.847489
1788249686.913129568 -0.105835 0.062325 -0.781710 -0.001874 0.527049 -0.026547 0.849418
1788249686.946469307 -0.105011 0.062694 -0.777028 -0.001834 0.524010 -0.026249 0.851306
1788249686.979808807 -0.104529 0.062991 -0.773025 -0.001988 0.520906 -0.026204 0.853210
1788249687.013147593 -0.105296 0.062187 -0.768695 -0.002090 0.517744 -0.026389 0.855126
1788249687.046487331 -0.105201 0.062594 -0.763355 -0.001987 0.514544 -0.026435 0.857054
1788249687.079827070 -0.101412 0.063097 -0.758078 -0.002081 0.511135 -0.026012 0.859105
1788249687.113167048 -0.101314 0.063159 -0.754579 -0.002036 0.507759 -0.025862 0.861109
1788249687.146506310 -0.100677 0.064018 -0.749894 -0.001902 0.504669 -0.025714 0.862927
1788249687.179846048 -0.102518 0.064378 -0.745325 -0.001731 0.501576 -0.025942 0.864723
1788249687.213185787 -0.102290 0.064433 -0.740545 -0.001610 0.498323 -0.025711 0.866609
1788249687.246525526 -0.099286 0.065281 -0.735737 -0.001775 0.494681 -0.025590 0.868696
1788249687.279865265 -0.099041 0.065355 -0.730705 -0.001958 0.491635 -0.025368 0.870430
1788249687.313204527 -0.098068 0.065288 -0.725610 -0.002093 0.488602 -0.025340 0.872136
1788249687.346544266 -0.098049 0.065384 -0.721087 -0.002136 0.485456 -0.025315 0.873892
1788249687.379884005 -0.097653 0.065948 -0.715949 -0.002143 0.482110 -0.025049 0.875750
1788249687.413223505 -0.096275 0.065763 -0.712061 -0.002320 0.478804 -0.024568 0.877575
1788249687.446561813 -0.091772 0.068054 -0.705552 -0.002340 0.475709 -0.024736 0.879252
1788249687.479901552 -0.089799 0.068573 -0.701476 -0.002302 0.472410 -0.024598 0.881032
1788249687.513241291 -0.089324 0.068791 -0.697661 -0.002090 0.469295 -0.024147 0.882709
1788249687.546580315 -0.088088 0.069149 -0.693804 -0.001875 0.466016 -0.023774 0.884455
1788249687.579920053 -0.086941 0.069910 -0.690165 -0.001651 0.462608 -0.023408 0.886252
1788249687.613261700 -0.085904 0.069834 -0.686388 -0.001734 0.459319 -0.023045 0.887971
1788249687.646605730 -0.083694 0.070429 -0.682421 -0.001754 0.456093 -0.022648 0.889642
1788249687.679949999 -0.083993 0.070547 -0.676612 -0.001884 0.453134 -0.022645 0.891153
1788249687.713294268 -0.084163 0.070635 -0.672230 -0.001904 0.449924 -0.022477 0.892782
1788249687.746638536 -0.082076 0.072091 -0.667462 -0.001819 0.446493 -0.022395 0.894505
1788249687.779982805 -0.082059 0.072166 -0.662855 -0.001619 0.443716 -0.022187 0.895891
1788249687.813327312 -0.079563 0.072149 -0.658415 -0.001192 0.441591 -0.021791 0.896951
1788249687.846671820 -0.077219 0.072210 -0.654313 -0.001322 0.439069 -0.021599 0.898193
1788249687.880016327 -0.075018 0.073320 -0.648139 -0.001513 0.436325 -0.021348 0.899535
1788249687.913359880 -0.072461 0.073883 -0.643072 -0.001829 0.433653 -0.021140 0.900830
1788249687.946704388 -0.069762 0.074921 -0.637040 -0.002017 0.431373 -0.020997 0.901927
1788249687.980049372 -0.068360 0.074847 -0.631660 -0.002078 0.429366 -0.021014 0.902884
1788249688.013394117 -0.065345 0.075621 -0.627262 -0.001901 0.426790 -0.021025 0.904104
1788249688.046738625 -0.063536 0.074662 -0.621962 -0.001950 0.424505 -0.020728 0.905186
1788249688.080083370 -0.062186 0.074630 -0.617371 -0.002043 0.422197 -0.020663 0.906266
1788249688.113428116 -0.058700 0.076143 -0.610804 -0.001947 0.419560 -0.020661 0.907490
1788249688.146773100 -0.057406 0.076989 -0.605097 -0.001882 0.417032 -0.020637 0.908656
1788249688.180118084 -0.055444 0.079091 -0.600172 -0.001581 0.414285 -0.020605 0.909913
1788249688.213462830 -0.052721 0.079572 -0.594279 -0.001597 0.411526 -0.020202 0.911173
1788249688.246807814 -0.050466 0.079938 -0.588760 -0.001661 0.408950 -0.019900 0.912338
1788249688.280153275 -0.048390 0.080997 -0.584545 -0.001617 0.406319 -0.019734 0.913517
1788249688.313498259 -0.046644 0.081507 -0.579652 -0.001581 0.403733 -0.019693 0.914663
1788249688.346842527 -0.044947 0.081326 -0.574683 -0.001676 0.401128 -0.019409 0.915815
1788249688.380187511 -0.042793 0.082198 -0.568962 -0.001834 0.398531 -0.019315 0.916950
1788249688.413532734 -0.040586 0.083330 -0.563392 -0.001920 0.395961 -0.019090 0.918067
1788249688.446878433 -0.038703 0.082583 -0.557963 -0.002190 0.393565 -0.018942 0.919099
1788249688.480223656 -0.037032 0.082977 -0.552870 -0.002071 0.391094 -0.018805 0.920156
1788249688.513568878 -0.044896 0.077228 -0.553721 -0.003062 0.388259 -0.018646 0.921357
1788249688.546914339 -0.042597 0.078355 -0.548255 -0.003059 0.385911 -0.018506 0.922345
1788249688.580260038 -0.041384 0.078482 -0.542876 -0.003185 0.383585 -0.018714 0.923311
1788249688.613603592 -0.040389 0.078849 -0.537582 -0.003147 0.381062 -0.018897 0.924351
1788249688.646945238 -0.039167 0.079342 -0.531223 -0.003211 0.378710 -0.018726 0.925321
1788249688.680287123 -0.036775 0.079842 -0.526474 -0.003246 0.376157 -0.018415 0.926367
1788249688.713628531 -0.034687 0.080631 -0.521763 -0.003166 0.373659 -0.018302 0.927380
1788249688.746969938 -0.033475 0.080841 -0.516943 -0.002995 0.371277 -0.018313 0.928337
1788249688.780310631 -0.029995 0.081273 -0.511737 -0.002729 0.368537 -0.017990 0.929435
1788249688.813652277 -0.028461 0.081503 -0.506639 -0.002497 0.366250 -0.017769 0.930343
1788249688.846993685 -0.027138 0.082120 -0.502754 -0.002326 0.363956 -0.017520 0.931249
1788249688.880335331 -0.025601 0.082641 -0.497330 -0.002315 0.361660 -0.017668 0.932140
1788249688.913677216 -0.025283 0.083011 -0.492619 -0.002117 0.359407 -0.017605 0.933013
1788249688.947018623 -0.023495 0.083258 -0.485864 -0.002289 0.356966 -0.017829 0.933945
1788249688.980360270 -0.021203 0.084584 -0.480666 -0.002302 0.354427 -0.017644 0.934915
1788249689.013701677 -0.019667 0.083732 -0.473979 -0.002560 0.351949 -0.017817 0.935846
1788249689.047043800 -0.019551 0.084749 -0.468602 -0.002255 0.349646 -0.018053 0.936705
1788249689.080385208 -0.017897 0.084796 -0.464553 -0.001825 0.347009 -0.017486 0.937697
1788249689.113726616 -0.017482 0.085000 -0.460968 -0.001662 0.344335 -0.017361 0.938685
1788249689.147068501 -0.015400 0.084665 -0.455275 -0.001757 0.341590 -0.017141 0.939691
1788249689.180409908 -0.014765 0.086007 -0.448602 -0.001943 0.339012 -0.016967 0.940627
1788249689.213752031 -0.012299 0.086726 -0.440509 -0.002098 0.336180 -0.017063 0.941641
1788249689.247092247 -0.011971 0.086037 -0.435854 -0.002166 0.333400 -0.016931 0.942631
1788249689.280434370 -0.010301 0.087274 -0.430635 -0.002063 0.330774 -0.016616 0.943561
1788249689.313775778 -0.009008 0.087814 -0.426185 -0.001962 0.328134 -0.016208 0.944490
1788249689.347117424 -0.007459 0.087448 -0.421355 -0.001987 0.325384 -0.016106 0.945443
1788249689.380459070 -0.006252 0.087786 -0.415382 -0.001890 0.322826 -0.016109 0.946319
1788249689.413800716 -0.005158 0.088135 -0.409252 -0.001871 0.320318 -0.015796 0.947176
1788249689.447142601 -0.004025 0.087841 -0.405569 -0.001911 0.317772 -0.015434 0.948040
1788249689.480484247 -0.002362 0.089317 -0.397447 -0.002012 0.315371 -0.015701 0.948837
1788249689.513826132 -0.003375 0.088210 -0.393340 -0.002136 0.312945 -0.015740 0.949638
1788249689.547167540 -0.002547 0.089476 -0.388397 -0.001751 0.310304 -0.015864 0.950503
1788249689.580509186 -0.001816 0.089881 -0.383922 -0.001580 0.307885 -0.015606 0.951294
1788249689.613851547 -0.001289 0.090520 -0.376868 -0.001485 0.305577 -0.015722 0.952036
1788249689.647193670 -0.001006 0.090806 -0.374089 -0.001239 0.302855 -0.015620 0.952908
1788249689.680535078 0.000306 0.090636 -0.366593 -0.001068 0.300280 -0.015575 0.953723
1788249689.713877439 0.001733 0.091003 -0.361404 -0.000828 0.297589 -0.015182 0.954573
1788249689.747219563 0.003280 0.091381 -0.355569 -0.000704 0.295071 -0.015049 0.955357
1788249689.780561924 0.005571 0.091971 -0.350792 -0.000564 0.292373 -0.014818 0.956189
1788249689.813904524 0.005478 0.091805 -0.346406 -0.000454 0.289974 -0.014433 0.956926
1788249689.847246885 0.006338 0.091605 -0.342621 -0.000153 0.287460 -0.014315 0.957686
1788249689.880589247 0.005787 0.091395 -0.338424 -0.000008 0.285135 -0.014324 0.958380
1788249689.913931608 0.006729 0.092905 -0.333013 0.000229 0.282604 -0.014241 0.959131
1788249689.947274208 0.006673 0.092607 -0.327808 0.000199 0.280282 -0.013937 0.959817
1788249689.980616570 0.007796 0.093759 -0.321027 0.000133 0.277821 -0.014068 0.960530
1788249690.013958931 0.006476 0.093254 -0.318656 0.000165 0.275462 -0.013929 0.961211
1788249690.047301769 0.007226 0.093577 -0.313499 0.000039 0.272801 -0.013781 0.961972
1788249690.080644131 0.008936 0.095130 -0.300937 -0.000652 0.271470 -0.013933 0.962346
1788249690.113985538 0.008529 0.095513 -0.298477 -0.000608 0.268911 -0.013777 0.963066
1788249690.147328138 0.007844 0.093919 -0.296020 -0.000451 0.266627 -0.013466 0.963706
1788249690.180670738 0.008262 0.093895 -0.293090 0.000014 0.263903 -0.013219 0.964459
1788249690.214013338 0.007722 0.094189 -0.287831 0.000193 0.260993 -0.013247 0.965250
1788249690.247355700 0.005097 0.093306 -0.285357 0.000044 0.258407 -0.013292 0.965945
1788249690.280698538 0.003953 0.093555 -0.279465 -0.000169 0.255865 -0.013325 0.966621
1788249690.314041138 0.003814 0.094591 -0.275024 -0.000225 0.253316 -0.013469 0.967290
1788249690.347383976 0.003764 0.095398 -0.270479 -0.000096 0.251091 -0.013420 0.967870
1788249690.380726337 0.002535 0.095131 -0.267562 0.000079 0.248696 -0.012947 0.968495
1788249690.414069176 0.003290 0.096098 -0.262755 0.000332 0.246209 -0.012646 0.969134
1788249690.447411776 0.004317 0.096329 -0.258100 0.000365 0.243718 -0.012304 0.969768
1788249690.480754614 0.003035 0.095583 -0.255135 0.000164 0.241462 -0.012143 0.970334
1788249690.514097214 0.001449 0.095858 -0.252457 0.000123 0.239124 -0.011809 0.970917
1788249690.547440052 0.001828 0.094663 -0.247899 -0.000059 0.236771 -0.011851 0.971493
1788249690.580781937 0.000604 0.094861 -0.243143 0.000022 0.234476 -0.011819 0.972050
1788249690.614124298 -0.000956 0.094401 -0.240423 0.000085 0.232185 -0.011448 0.972604
1788249690.647466421 -0.001183 0.094133 -0.236920 0.000111 0.229785 -0.011347 0.973175
1788249690.680808783 -0.002897 0.094489 -0.234267 0.000005 0.227451 -0.011335 0.973724
1788249690.714150906 -0.000733 0.095391 -0.228127 -0.000373 0.226816 -0.011282 0.973872
1788249690.747493029 -0.001869 0.095106 -0.224656 -0.000491 0.227573 -0.010738 0.973702
1788249690.780835390 0.000106 0.094971 -0.222531 -0.000252 0.226653 -0.010595 0.973918
1788249690.814177752 0.001743 0.095863 -0.220077 0.000048 0.226376 -0.010455 0.973984
1788249690.847519636 0.004141 0.096770 -0.216531 0.000354 0.226762 -0.010631 0.973892
1788249690.880861759 0.004807 0.096087 -0.214980 0.000353 0.226800 -0.010599 0.973884
1788249690.914204359 0.005765 0.096640 -0.211942 0.000208 0.226392 -0.010508 0.973979
1788249690.947546244 0.007551 0.097278 -0.207702 -0.000025 0.226452 -0.010501 0.973966
1788249690.980888367 0.009972 0.097976 -0.204020 -0.000136 0.226531 -0.010363 0.973949
1788249691.014229774 0.011052 0.097613 -0.201207 -0.000228 0.226473 -0.010246 0.973964
1788249691.047572136 0.012896 0.097875 -0.198838 -0.000122 0.226544 -0.009842 0.973951
1788249691.080914259 0.014648 0.097922 -0.196318 -0.000104 0.226662 -0.009766 0.973925
1788249691.114256382 0.015027 0.097329 -0.194951 -0.000050 0.226739 -0.009703 0.973907
1788249691.147598743 0.016598 0.098276 -0.190727 0.000158 0.226546 -0.009805 0.973951
1788249691.180940866 0.017885 0.098526 -0.187505 0.000175 0.226489 -0.009933 0.973963
1788249691.214283228 0.019141 0.098647 -0.185318 0.000153 0.226503 -0.010021 0.973959
1788249691.247625351 0.020575 0.098768 -0.183047 0.000287 0.226358 -0.010020 0.973993
1788249691.280967474 0.022523 0.097833 -0.179533 0.000080 0.226297 -0.009923 0.974008
1788249691.314310074 0.024070 0.098883 -0.177350 0.000159 0.226250 -0.009955 0.974018
1788249691.347652197 0.024776 0.099194 -0.173798 0.000061 0.226349 -0.010109 0.973994
1788249691.380994081 0.026432 0.099256 -0.170536 -0.000014 0.226426 -0.009964 0.973977
1788249691.414336681 0.028427 0.099519 -0.167369 0.000033 0.226364 -0.009889 0.973993
1788249691.447677851 0.030632 0.099983 -0.164484 0.000048 0.226356 -0.009747 0.973996
1788249691.481019974 0.032377 0.099373 -0.162440 0.000036 0.226308 -0.009564 0.974009
1788249691.514362574 0.033832 0.099704 -0.160140 0.000162 0.226307 -0.009599 0.974009
1788249691.547704697 0.034581 0.099675 -0.158027 0.000253 0.226366 -0.009496 0.973996
1788249691.581046581 0.036153 0.100080 -0.155213 0.000294 0.226287 -0.009675 0.974013
1788249691.614388704 0.037423 0.100962 -0.150308 0.000553 0.226322 -0.009651 0.974005
1788249691.647729635 0.038808 0.100361 -0.147366 0.000556 0.226221 -0.009745 0.974027
1788249691.681070805 0.041802 0.101306 -0.142503 0.000266 0.226155 -0.009758 0.974042
1788249691.714411259 0.043122 0.101948 -0.139426 0.000266 0.226369 -0.009623 0.973994
1788249691.747752666 0.045216 0.101682 -0.135757 0.000367 0.226345 -0.009421 0.974002
1788249691.781093836 0.048968 0.102529 -0.130019 0.000284 0.226373 -0.009429 0.973995
1788249691.814434528 0.051846 0.102364 -0.124300 -0.000104 0.226393 -0.009478 0.973990
1788249691.847775698 0.054637 0.103270 -0.119756 -0.000466 0.226098 -0.010165 0.974051
1788249691.881116629 0.055620 0.104141 -0.114390 -0.000455 0.226173 -0.010533 0.974030
1788249691.914456367 0.056494 0.104575 -0.110239 -0.000460 0.226215 -0.010760 0.974018
1788249691.947797298 -0.085944 0.153505 -0.114912 0.011463 0.232497 -0.011636 0.972460
1788249691.981138229 -0.083138 0.153347 -0.110735 0.011600 0.232555 -0.011398 0.972447
1788249692.014479399 -0.081079 0.153456 -0.107578 0.011837 0.232445 -0.011006 0.972475
1788249692.047820091 -0.078193 0.153552 -0.102505 0.012020 0.231573 -0.010822 0.972683
1788249692.081161261 -0.077256 0.153339 -0.098430 0.012040 0.230790 -0.010645 0.972871
1788249692.114501953 -0.077437 0.153392 -0.094574 0.012117 0.230106 -0.010853 0.973030
1788249692.147842884 -0.075445 0.154527 -0.089013 0.012103 0.229063 -0.011015 0.973274
1788249692.181183815 -0.075011 0.154474 -0.084383 0.011960 0.228057 -0.011002 0.973512
1788249692.214524746 -0.074200 0.154328 -0.080628 0.012118 0.226896 -0.011243 0.973779
1788249692.247865677 -0.072803 0.153334 -0.075487 0.012306 0.225343 -0.011043 0.974139
1788249692.281206608 -0.073537 0.153549 -0.071914 0.012518 0.223409 -0.011146 0.974581
1788249692.314547539 -0.072519 0.153008 -0.067152 0.012532 0.221200 -0.010907 0.975087
1788249692.347887278 -0.072027 0.154432 -0.062443 0.012475 0.218912 -0.011101 0.975602
1788249692.381228209 -0.073199 0.154186 -0.057546 0.012255 0.216953 -0.011044 0.976043
1788249692.414569378 -0.072316 0.154895 -0.049602 0.012296 0.214905 -0.011069 0.976495
1788249692.447910070 -0.073479 0.154597 -0.046838 0.012448 0.212669 -0.011115 0.976982
1788249692.481251001 -0.072392 0.154802 -0.040790 0.012347 0.210421 -0.010818 0.977473
1788249692.514591694 -0.073064 0.153347 -0.035793 0.011900 0.208282 -0.010847 0.977936
1788249692.547932625 -0.008499 0.165483 -0.067659 0.009354 0.199954 -0.008728 0.979722
1788249692.581273556 -0.009028 0.164104 -0.063225 0.009217 0.197555 -0.008204 0.980214
1788249692.614615202 -0.009465 0.163777 -0.057532 0.009177 0.195114 -0.007739 0.980707
1788249692.647957802 -0.009999 0.164582 -0.052189 0.009239 0.192922 -0.007610 0.981141
1788249692.681300640 -0.011453 0.164720 -0.048733 0.009253 0.190460 -0.007488 0.981623
1788249692.714643478 -0.009823 0.165254 -0.041533 0.009260 0.188113 -0.007091 0.982078
1788249692.747986555 -0.009189 0.164938 -0.035900 0.009165 0.185587 -0.006594 0.982563
1788249692.781328201 -0.010185 0.165890 -0.032113 0.009373 0.183414 -0.006283 0.982971
1788249692.814671040 -0.010107 0.166891 -0.025875 0.009364 0.181232 -0.006284 0.983376
1788249692.848013878 -0.011059 0.165648 -0.022709 0.009206 0.179125 -0.006281 0.983763
1788249692.881356955 -0.010366 0.166289 -0.016191 0.009440 0.176779 -0.006434 0.984184
1788249692.914699554 -0.011337 0.166880 -0.011443 0.009541 0.174581 -0.006218 0.984577
1788249692.948042631 -0.011637 0.166654 -0.005930 0.009361 0.172287 -0.005894 0.984985
1788249692.981385231 -0.011431 0.167764 0.000047 0.009430 0.169989 -0.005683 0.985385
1788249693.014728308 -0.011981 0.168391 0.005773 0.009487 0.167807 -0.005635 0.985758
1788249693.048071384 0.012635 0.158356 -0.001977 0.009807 0.164583 -0.005676 0.986298
1788249693.081414223 0.013220 0.158946 0.004562 0.009673 0.162128 -0.005588 0.986707
1788249693.114757061 0.013065 0.158872 0.010404 0.009546 0.159804 -0.005325 0.987088
1788249693.148099899 0.012421 0.159163 0.015241 0.009390 0.157725 -0.005131 0.987425
1788249693.181442738 0.012197 0.159481 0.021213 0.009337 0.155510 -0.005192 0.987776
1788249693.214784861 0.011279 0.159552 0.027425 0.009392 0.153203 -0.005256 0.988136
1788249693.248127699 0.011039 0.159717 0.032137 0.009384 0.150649 -0.005305 0.988529
1788249693.281470537 0.011283 0.160231 0.038436 0.009398 0.148312 -0.005027 0.988883
1788249693.314813614 0.010165 0.159851 0.042210 0.009414 0.146070 -0.004915 0.989217
1788249693.348156452 0.010124 0.159762 0.048746 0.009603 0.143626 -0.004770 0.989574
1788249693.381499529 0.008659 0.159210 0.051774 0.009654 0.141203 -0.004659 0.989923
1788249693.414842367 0.007972 0.160161 0.058378 0.009766 0.138817 -0.004635 0.990259
1788249693.448185444 0.009774 0.160590 0.065563 0.009842 0.136285 -0.004505 0.990611
1788249693.481528521 0.008255 0.159076 0.069263 0.009580 0.134051 -0.004351 0.990919
1788249693.514871359 0.007098 0.160332 0.075434 0.009781 0.131729 -0.004475 0.991227
1788249693.548214436 0.003546 0.159991 0.078709 0.009834 0.129466 -0.004548 0.991525
1788249693.581557274 0.003922 0.161037 0.086080 0.009640 0.126742 -0.004387 0.991879
1788249693.614900351 0.002470 0.160827 0.090558 0.009351 0.124338 -0.004305 0.992187
1788249693.648243427 0.000468 0.160989 0.095491 0.009171 0.122044 -0.004120 0.992474
1788249693.681585312 0.002345 0.161915 0.105287 0.009059 0.119388 -0.004197 0.992797
1788249693.714928150 0.002075 0.161810 0.110350 0.008929 0.116884 -0.004016 0.993097
1788249693.748271465 0.037465 0.061335 0.116082 0.002628 0.111867 -0.006344 0.993699
1788249693.781614542 0.037100 0.061972 0.122873 0.002612 0.109748 -0.006017 0.993938
1788249693.814957380 0.036262 0.061919 0.127965 0.002605 0.107596 -0.006043 0.994173
1788249693.848300457 0.035267 0.061878 0.134043 0.002659 0.105141 -0.006103 0.994435
1788249693.881643295 0.036093 0.061990 0.140333 0.002711 0.102775 -0.006048 0.994683
1788249693.914986610 0.037937 0.063180 0.148922 0.002655 0.101117 -0.006038 0.994853
1788249693.948329687 0.037620 0.063475 0.154318 0.002213 0.100436 -0.006002 0.994923
1788249693.981672764 0.040301 0.063201 0.156580 0.001763 0.100029 -0.005727 0.994966
1788249694.015015841 0.043557 0.064987 0.163106 0.001780 0.100068 -0.005643 0.994963
1788249694.048358679 0.041325 0.064992 0.161365 0.002011 0.100349 -0.005460 0.994935
1788249694.081701994 0.042520 0.063063 0.164400 0.002485 0.100001 -0.005484 0.994969
1788249694.115043879 0.044676 0.063108 0.167371 0.003062 0.099739 -0.005683 0.994993
1788249694.148387194 0.043024 0.062350 0.167163 0.003240 0.099927 -0.005839 0.994972
1788249694.181730509 0.043247 0.062671 0.171356 0.003211 0.099800 -0.005848 0.994985
1788249694.215073347 0.042263 0.063474 0.171648 0.003144 0.099980 -0.005714 0.994968
1788249694.248416662 0.045175 0.062342 0.176156 0.002696 0.099787 -0.005218 0.994991
1788249694.281759501 0.043370 0.062224 0.175969 0.002601 0.100027 -0.005066 0.994968
1788249694.315102816 0.047714 0.062431 0.184192 0.002845 0.099593 -0.005064 0.995011
1788249694.348445892 0.047466 0.062655 0.184982 0.003249 0.099619 -0.005177 0.995007
1788249694.381789207 0.046754 0.063826 0.187436 0.003668 0.099744 -0.005419 0.994992
1788249694.415132523 0.047586 0.064421 0.188651 0.003914 0.099675 -0.005624 0.994996
1788249694.448475599 0.048559 0.064800 0.191627 0.003791 0.099502 -0.005413 0.995015
1788249694.481818676 0.048086 0.064067 0.193483 0.003675 0.099606 -0.005289 0.995006
1788249694.515161991 0.048538 0.064075 0.197060 0.003441 0.099630 -0.005308 0.995004
1788249694.548504114 0.050108 0.063496 0.200089 0.003347 0.099514 -0.005447 0.995016
1788249694.581847191 0.050865 0.063922 0.202782 0.003354 0.099438 -0.005362 0.995024
1788249694.615189314 0.050188 0.064122 0.203234 0.003591 0.099525 -0.005525 0.995013
1788249694.648529530 0.052818 0.064069 0.207051 0.003696 0.099361 -0.005314 0.995030
1788249694.681869745 0.052645 0.064408 0.209010 0.003854 0.099408 -0.005384 0.995025
1788249694.715209723 0.053015 0.064417 0.210926 0.003901 0.099463 -0.005398 0.995019
1788249694.748549938 0.054631 0.064668 0.214746 0.003886 0.099372 -0.005275 0.995029
1788249694.781889915 0.055032 0.064444 0.217060 0.003742 0.099383 -0.005175 0.995029
1788249694.815230131 0.054544 0.064151 0.218194 0.003656 0.099467 -0.005179 0.995021
1788249694.848570108 0.054979 0.064831 0.221406 0.003648 0.099497 -0.005175 0.995018
1788249694.881910324 0.056984 0.065183 0.225617 0.003596 0.099353 -0.005178 0.995032
1788249694.915250301 0.056949 0.065087 0.226840 0.003547 0.099332 -0.005084 0.995035
1788249694.948590517 0.057185 0.065810 0.228995 0.003670 0.099299 -0.005308 0.995037
1788249694.981930494 0.075755 0.064367 0.258105 0.004285 0.097692 -0.005710 0.995191
1788249695.015269756 0.076141 0.063788 0.260402 0.004358 0.097692 -0.005740 0.995191
1788249695.048609734 0.076284 0.063075 0.261687 0.004599 0.097716 -0.005572 0.995188
1788249695.081949711 0.077167 0.063230 0.264237 0.004804 0.097577 -0.005476 0.995201
1788249695.115289688 0.078819 0.063065 0.268649 0.004995 0.097436 -0.005340 0.995215
1788249695.148629904 0.080586 0.062905 0.273271 0.005120 0.097369 -0.005195 0.995222
1788249695.181969404 0.080636 0.064031 0.276776 0.005044 0.097485 -0.005265 0.995210
1788249695.215309620 0.081074 0.064625 0.280601 0.004709 0.097480 -0.005233 0.995213
1788249695.248649836 0.082676 0.063935 0.286096 0.004540 0.097285 -0.005110 0.995233
1788249695.281989574 0.083863 0.064582 0.290474 0.004689 0.097231 -0.005079 0.995238
1788249695.315329552 0.084695 0.064315 0.294071 0.004638 0.097320 -0.005132 0.995229
1788249695.348669529 0.086050 0.064194 0.298470 0.004648 0.097171 -0.005019 0.995244
1788249695.382009506 0.086297 0.064395 0.301468 0.004748 0.097176 -0.005147 0.995243
1788249695.415349245 0.088003 0.065503 0.306360 0.004773 0.097223 -0.005007 0.995239
1788249695.448688269 0.089619 0.065262 0.310547 0.004691 0.097248 -0.004758 0.995238
1788249695.482028246 0.090184 0.066044 0.314432 0.004761 0.097232 -0.004864 0.995238
1788249695.515367985 0.092550 0.066348 0.320048 0.004524 0.097110 -0.004715 0.995252
1788249695.548707962 0.093476 0.066308 0.324156 0.004266 0.097177 -0.004598 0.995247
1788249695.582047701 0.093307 0.066000 0.328953 0.004381 0.096901 -0.004641 0.995274
1788249695.615387917 0.094887 0.066478 0.333709 0.004635 0.096890 -0.004676 0.995273
1788249695.648728848 0.095316 0.066122 0.337914 0.004668 0.097279 -0.004642 0.995235
1788249695.682069778 0.096322 0.065412 0.341999 0.004733 0.097169 -0.004340 0.995247
1788249695.715410709 0.098350 0.066248 0.348769 0.004830 0.096911 -0.004431 0.995271
1788249695.748751402 0.099249 0.066964 0.355309 0.004712 0.096671 -0.004551 0.995295
1788249695.782092333 0.098627 0.067143 0.361629 0.004549 0.095401 -0.004912 0.995416
1788249695.815433264 0.097614 0.067584 0.369787 0.004136 0.093371 -0.005147 0.995610
1788249695.848773956 0.098721 0.068414 0.378007 0.003676 0.091200 -0.004996 0.995813
1788249695.882113934 0.099120 0.068462 0.384650 0.003673 0.089259 -0.004803 0.995990
1788249695.915454626 0.099644 0.068775 0.391143 0.003759 0.087139 -0.004510 0.996179
1788249695.948795557 0.097931 0.069092 0.396196 0.004218 0.085066 -0.004475 0.996356
1788249695.982136488 0.097865 0.068970 0.402206 0.004640 0.082764 -0.004298 0.996549
1788249696.015477180 0.095860 0.068967 0.407148 0.004782 0.080809 -0.003993 0.996710
1788249696.048818111 0.095934 0.069497 0.411602 0.005036 0.078785 -0.003747 0.996872
1788249696.082158804 0.096682 0.068457 0.418664 0.005092 0.076630 -0.003578 0.997040
1788249696.115499735 0.094532 0.067901 0.423817 0.005233 0.074646 -0.003589 0.997190
1788249696.148840666 0.096300 0.067205 0.431947 0.005434 0.072411 -0.003307 0.997355
1788249696.182181120 0.095725 0.067779 0.437677 0.005514 0.070489 -0.003162 0.997492
1788249696.215522051 0.095779 0.068443 0.443702 0.005635 0.068438 -0.002965 0.997635
1788249696.248862743 0.096301 0.066458 0.451286 0.005617 0.066199 -0.002919 0.997786
1788249696.282203436 0.094025 0.065693 0.457687 0.005511 0.064133 -0.002947 0.997922
1788249696.315544128 0.092427 0.067801 0.463852 0.005504 0.062064 -0.002887 0.998053
1788249696.348884106 0.091466 0.067339 0.471382 0.005331 0.060059 -0.003080 0.998176
1788249696.382225037 0.088583 0.066704 0.477618 0.005331 0.058181 -0.003267 0.998286
1788249696.415565491 0.088134 0.066362 0.485365 0.005363 0.055982 -0.003500 0.998411
1788249696.448906422 0.085493 0.066081 0.490890 0.005491 0.053832 -0.003787 0.998528
1788249696.482247353 0.084398 0.067039 0.496282 0.005460 0.051824 -0.003738 0.998634
1788249696.515587807 0.083767 0.066707 0.502878 0.005441 0.050250 -0.003515 0.998716
1788249696.548928738 0.084062 0.066786 0.508858 0.005517 0.049694 -0.003597 0.998743
1788249696.582268953 0.084572 0.066787 0.515618 0.005475 0.048905 -0.003540 0.998782
1788249696.615609646 0.084257 0.066561 0.521098 0.005335 0.047642 -0.003343 0.998845
1788249696.648950100 0.082728 0.065985 0.526502 0.005374 0.046752 -0.003392 0.998886
1788249696.682290316 0.083076 0.066644 0.532087 0.005487 0.046307 -0.003289 0.998907
1788249696.715630770 0.082083 0.066074 0.538641 0.005461 0.045789 -0.003098 0.998931
1788249696.748971224 0.082715 0.065977 0.544400 0.005891 0.044639 -0.003258 0.998981
1788249696.782310486 0.081934 0.063618 0.549630 0.005939 0.043778 -0.003207 0.999018
1788249696.815650463 0.076127 0.065251 0.555360 0.005932 0.043456 -0.003285 0.999032
1788249696.848990917 0.076924 0.065537 0.561931 0.005880 0.042577 -0.003447 0.999070
1788249696.882331133 0.075093 0.066170 0.568342 0.005790 0.041670 -0.003762 0.999108
1788249696.915671349 0.073817 0.066100 0.574776 0.005605 0.040936 -0.003853 0.999139
1788249696.949011564 0.073834 0.067363 0.580963 0.005666 0.040136 -0.003702 0.999171
1788249696.982352018 0.072847 0.066511 0.586573 0.005377 0.039328 -0.003443 0.999206
1788249697.015691996 0.073616 0.066409 0.592575 0.005187 0.038574 -0.003218 0.999237
1788249697.049032211 0.074429 0.066995 0.600280 0.005175 0.037768 -0.002977 0.999269
1788249697.082372427 0.075243 0.067751 0.605807 0.005324 0.037052 -0.002822 0.999295
1788249697.115712881 0.075211 0.065931 0.611378 0.005314 0.036456 -0.002696 0.999317
1788249697.149052858 0.074834 0.066307 0.616352 0.005497 0.036097 -0.002595 0.999330
1788249697.182393312 0.074821 0.066262 0.622128 0.005541 0.035688 -0.002510 0.999344
1788249697.215732336 0.075017 0.067452 0.629024 0.005673 0.035479 -0.002440 0.999351
1788249697.249072552 0.075464 0.068146 0.634687 0.005656 0.035468 -0.002512 0.999352
1788249697.282412291 0.075554 0.068125 0.641316 0.005401 0.035167 -0.002551 0.999364
1788249697.315752506 0.076522 0.068100 0.648270 0.005329 0.034880 -0.002739 0.999374
1788249697.349092960 0.076680 0.069283 0.654694 0.005371 0.034858 -0.003142 0.999373
1788249697.382432938 0.076454 0.069771 0.661777 0.005081 0.034804 -0.003136 0.999376
1788249697.415773153 0.076147 0.070832 0.667930 0.004887 0.034763 -0.003110 0.999379
1788249697.449113131 0.076442 0.071044 0.672977 0.004859 0.034932 -0.003065 0.999373
1788249697.482453346 0.077498 0.071741 0.680150 0.004896 0.034947 -0.003088 0.999372
1788249697.515793324 0.076721 0.071487 0.686096 0.004809 0.034902 -0.003200 0.999374
1788249697.549133539 0.076779 0.071535 0.691603 0.004801 0.034616 -0.003383 0.999383
1788249697.582473516 0.076455 0.071169 0.697827 0.004719 0.034681 -0.003362 0.999382
1788249697.615814209 0.078799 0.071686 0.704519 0.004601 0.034571 -0.003151 0.999387
1788249697.649156570 0.079976 0.071871 0.711487 0.004435 0.034413 -0.002941 0.999394
1788249697.682497501 0.079656 0.071982 0.717030 0.004196 0.034408 -0.002875 0.999395
1788249697.715839386 0.080468 0.072192 0.724435 0.004142 0.034362 -0.002950 0.999397
1788249697.749181509 0.078754 0.073092 0.729939 0.004120 0.034521 -0.003232 0.999390
1788249697.782523394 0.081168 0.073779 0.737407 0.004012 0.034225 -0.003261 0.999401
1788249697.815865755 0.081143 0.073614 0.743441 0.003852 0.034365 -0.003078 0.999397
1788249697.849207640 0.083252 0.074847 0.750239 0.003907 0.034428 -0.003118 0.999395
1788249697.882549524 0.083614 0.075058 0.756221 0.003917 0.034316 -0.003067 0.999399
1788249697.915891886 0.083454 0.075082 0.762946 0.003775 0.034142 -0.003039 0.999405
1788249697.949234009 0.083602 0.076238 0.768845 0.003878 0.034216 -0.003238 0.999402
1788249697.982575893 0.083779 0.075658 0.774904 0.003682 0.034218 -0.003176 0.999403
1788249698.015918255 0.083839 0.076687 0.781227 0.003660 0.034211 -0.003112 0.999403
1788249698.049260378 0.085749 0.077112 0.787681 0.003649 0.034028 -0.003032 0.999410
1788249698.082602262 0.086942 0.076554 0.794360 0.003590 0.033964 -0.002893 0.999412
1788249698.115943909 0.085881 0.076824 0.799230 0.003572 0.034009 -0.003056 0.999410
1788249698.149285793 0.085539 0.077703 0.806262 0.003422 0.033851 -0.003084 0.999416
1788249698.182627916 0.086352 0.077537 0.812175 0.003260 0.033662 -0.003056 0.999423
1788249698.215970516 0.087345 0.077976 0.819031 0.003368 0.033672 -0.003023 0.999423
1788249698.249312401 0.088848 0.078812 0.825150 0.003452 0.033800 -0.002924 0.999418
1788249698.282654524 0.089164 0.079080 0.831455 0.003345 0.033874 -0.003038 0.999416
1788249698.315997124 0.088921 0.079229 0.838913 0.003024 0.033663 -0.003279 0.999423
1788249698.349339247 0.090349 0.080236 0.846623 0.002733 0.033354 -0.003136 0.999435
1788249698.382681370 0.090413 0.081093 0.851627 0.002737 0.033624 -0.002979 0.999426
1788249698.416023970 0.092603 0.081960 0.858997 0.002864 0.033622 -0.002823 0.999427
1788249698.449366093 0.091997 0.082351 0.864128 0.003025 0.033621 -0.002675 0.999426
1788249698.482708454 0.093983 0.082762 0.870491 0.003259 0.033219 -0.002448 0.999440
1788249698.516050577 0.093027 0.082445 0.875619 0.003399 0.032967 -0.002537 0.999447
1788249698.549392939 0.092791 0.081753 0.879982 0.003405 0.032755 -0.002456 0.999455
1788249698.582734108 0.095161 0.082730 0.887519 0.003540 0.032648 -0.002195 0.999458
1788249698.616075993 0.096029 0.083114 0.893989 0.003413 0.032423 -0.002004 0.999466
1788249698.649416208 0.096365 0.082496 0.901297 0.003067 0.031977 -0.001993 0.999482
1788249698.682756901 0.097012 0.084541 0.909025 0.002890 0.031252 -0.002176 0.999505
1788249698.716097593 0.094913 0.085425 0.914710 0.002700 0.030822 -0.002467 0.999518
1788249698.749438047 0.095985 0.086660 0.922239 0.002424 0.030083 -0.002396 0.999542
1788249698.782778740 0.096695 0.086282 0.929455 0.002152 0.029288 -0.002156 0.999566
1788249698.816118956 0.096660 0.085850 0.935133 0.002343 0.028562 -0.002008 0.999587
1788249698.849459648 0.096652 0.086370 0.939602 0.002657 0.027794 -0.002074 0.999608
1788249698.882800341 0.094987 0.087654 0.944131 0.002833 0.026930 -0.001940 0.999631
1788249698.916140318 0.093417 0.087954 0.950861 0.002693 0.026087 -0.002073 0.999654
1788249698.949481010 0.092409 0.087193 0.957110 0.002441 0.025313 -0.002291 0.999674
1788249698.982821703 0.092026 0.087186 0.963481 0.002384 0.024318 -0.002451 0.999698
1788249699.016160965 0.090842 0.086709 0.969783 0.002114 0.023280 -0.002361 0.999724
1788249699.049501657 0.090723 0.087518 0.976706 0.001933 0.022131 -0.002191 0.999751
1788249699.082841873 0.090356 0.087873 0.982058 0.002018 0.021150 -0.001978 0.999772
1788249699.116182327 0.090521 0.088772 0.988443 0.002129 0.020172 -0.001767 0.999793
1788249699.149522781 0.089501 0.088787 0.993961 0.002174 0.018993 -0.001745 0.999816
1788249699.182863474 0.089418 0.088760 1.000400 0.002139 0.017668 -0.001667 0.999840
1788249699.216203690 0.089486 0.089333 1.006722 0.002098 0.016399 -0.001463 0.999862
1788249699.249544144 0.087059 0.089354 1.011513 0.001921 0.015542 -0.001526 0.999876
1788249699.282884836 0.087142 0.090639 1.019503 0.001768 0.014498 -0.001621 0.999892
1788249699.316224813 0.085181 0.090225 1.024016 0.001702 0.013450 -0.001737 0.999907
1788249699.349565268 0.085095 0.090178 1.031093 0.001489 0.012148 -0.001880 0.999923
1788249699.382905960 0.084204 0.091702 1.038350 0.001226 0.010966 -0.001999 0.999937
1788249699.416246176 0.081527 0.092119 1.043805 0.000789 0.010109 -0.002143 0.999946
1788249699.449585438 0.082217 0.092098 1.051491 0.000329 0.008746 -0.001946 0.999960
1788249699.482925892 0.080232 0.093245 1.057637 0.000346 0.007791 -0.001950 0.999968
1788249699.516266346 0.078840 0.092456 1.062956 0.000307 0.006827 -0.001709 0.999975
1788249699.549606562 0.078364 0.093968 1.068652 0.000279 0.005740 -0.001499 0.999982
1788249699.582947016 0.079164 0.093670 1.075526 0.000030 0.004588 -0.001348 0.999989
1788249699.616288900 0.077036 0.093894 1.081261 -0.000156 0.003715 -0.001450 0.999992
1788249699.649633169 0.076630 0.095163 1.089374 -0.000348 0.002302 -0.001642 0.999996
1788249699.682977438 0.074181 0.095218 1.096530 -0.000565 0.001139 -0.001850 0.999997
1788249699.716321945 0.073814 0.095606 1.102932 -0.000657 -0.000013 -0.001735 0.999998
1788249699.749666214 0.072502 0.095649 1.109133 -0.000552 -0.001024 -0.001554 0.999998
1788249699.783010721 0.070279 0.096113 1.114662 -0.000318 -0.002025 -0.001539 0.999997
1788249699.816355228 0.071072 0.096981 1.123016 0.000055 -0.003484 -0.001393 0.999993
1788249699.849699736 0.070131 0.097281 1.128258 0.000259 -0.004654 -0.001099 0.999989
1788249699.883042812 0.069443 0.097637 1.134350 0.000376 -0.005438 -0.000842 0.999985
1788249699.916387558 0.070464 0.098254 1.141847 0.000581 -0.005903 -0.000777 0.999982
1788249699.949732065 0.069795 0.097317 1.148349 0.000838 -0.006315 -0.000658 0.999979
1788249699.983076572 0.070219 0.096657 1.155541 0.000935 -0.006679 -0.000439 0.999977
1788249700.016421080 0.069548 0.096762 1.159841 0.001098 -0.006316 -0.000415 0.999979
1788249700.049765825 0.070470 0.097932 1.166914 0.001321 -0.006437 -0.000214 0.999978
1788249700.083110332 0.069140 0.096813 1.172332 0.001439 -0.006660 -0.000418 0.999977
1788249700.116455078 0.069472 0.098079 1.179785 0.001854 -0.006776 -0.000552 0.999975
1788249700.149799824 0.069279 0.099087 1.184739 0.002228 -0.006646 -0.000683 0.999975
1788249700.183144093 0.068463 0.099589 1.191188 0.002505 -0.006690 -0.000638 0.999974
1788249700.216488838 0.069168 0.099895 1.197657 0.002553 -0.006910 -0.000541 0.999973
1788249700.249833822 0.068990 0.099496 1.204363 0.002440 -0.006935 -0.000529 0.999973
1788249700.283178568 0.068185 0.100133 1.211124 0.002500 -0.006816 -0.000570 0.999973
1788249700.316523314 0.068602 0.100956 1.218369 0.002604 -0.006820 -0.000512 0.999973
1788249700.349867105 0.068397 0.100676 1.225907 0.002345 -0.006898 -0.000300 0.999973
1788249700.383212090 0.069007 0.102407 1.232831 0.002290 -0.006988 -0.000210 0.999973
1788249700.416556597 0.068820 0.102996 1.239500 0.002077 -0.006993 -0.000271 0.999973
1788249700.449901581 0.069818 0.103818 1.247730 0.001997 -0.007164 -0.000247 0.999972
1788249700.483246803 0.069880 0.104728 1.254704 0.002242 -0.007230 -0.000393 0.999971
1788249700.516591787 0.068505 0.103305 1.259970 0.002218 -0.007148 -0.000594 0.999972
1788249700.549936771 0.067691 0.103624 1.266165 0.002306 -0.007222 -0.000712 0.999971
1788249700.583281517 0.066460 0.104274 1.272112 0.002206 -0.007250 -0.000731 0.999971
1788249700.616624594 0.066681 0.104040 1.278949 0.002162 -0.007294 -0.000692 0.999971
1788249700.649965525 0.067726 0.104751 1.285236 0.002413 -0.007291 -0.000549 0.999970
1788249700.683305979 0.067119 0.104383 1.291572 0.002581 -0.006994 -0.000539 0.999972
1788249700.716646433 0.067769 0.104824 1.298760 0.002544 -0.007103 -0.000537 0.999971
1788249700.749987125 0.068183 0.106114 1.305590 0.002605 -0.007413 -0.000551 0.999969
1788249700.783326864 0.068584 0.106896 1.312261 0.002868 -0.007594 -0.000532 0.999967
1788249700.816667318 0.067560 0.106810 1.318394 0.003374 -0.007447 -0.000554 0.999966
1788249700.850008011 0.067510 0.106889 1.323843 0.003836 -0.007341 -0.000511 0.999966
1788249700.883348703 0.067777 0.107249 1.331060 0.004138 -0.007488 -0.000162 0.999963
1788249700.916688919 0.067302 0.106790 1.336061 0.004336 -0.007597 -0.000015 0.999962
1788249700.950029612 0.066538 0.106572 1.341787 0.004430 -0.007833 -0.000050 0.999960
1788249700.983370304 0.066542 0.105714 1.347361 0.004664 -0.007941 -0.000112 0.999958
1788249701.016710758 0.067752 0.106099 1.353337 0.005068 -0.007886 0.000043 0.999956
1788249701.050051212 0.068338 0.108904 1.361699 0.005522 -0.007779 0.000117 0.999955
1788249701.083391666 0.068344 0.108777 1.368052 0.005390 -0.007858 0.000211 0.999955
1788249701.116732359 0.068144 0.107352 1.375366 0.005075 -0.008108 0.000161 0.999954
1788249701.150073051 0.068364 0.108816 1.382137 0.005364 -0.008095 0.000046 0.999953
1788249701.183413029 0.068915 0.108516 1.388947 0.005853 -0.007822 -0.000079 0.999952
1788249701.216752768 0.069627 0.109080 1.394819 0.006162 -0.007708 -0.000001 0.999951
1788249701.250093222 0.066821 0.108162 1.399711 0.005990 -0.007633 -0.000091 0.999953
1788249701.283433676 0.066477 0.108997 1.407291 0.005868 -0.008174 -0.000254 0.999949
1788249701.316774368 0.067095 0.109339 1.413546 0.005824 -0.008425 -0.000245 0.999948
1788249701.350114584 0.067348 0.109721 1.420416 0.006142 -0.008417 -0.000342 0.999946
1788249701.383455038 0.067202 0.109750 1.427799 0.006433 -0.008391 -0.000348 0.999944
1788249701.416795492 0.067036 0.109257 1.434608 0.006376 -0.008525 -0.000312 0.999943
1788249701.450136185 0.067141 0.110230 1.440833 0.006298 -0.008690 -0.000355 0.999942
1788249701.483476400 0.066615 0.111391 1.448196 0.006324 -0.008650 -0.000458 0.999943
1788249701.516816854 0.065342 0.110955 1.453850 0.006322 -0.008298 -0.000305 0.999946
1788249701.550157309 0.067412 0.111337 1.462454 0.006440 -0.008207 -0.000205 0.999946
1788249701.583497524 0.066990 0.110685 1.468311 0.006481 -0.008092 -0.000075 0.999946
1788249701.616839170 0.067488 0.111964 1.476170 0.006505 -0.008340 -0.000095 0.999944
1788249701.650182009 0.066245 0.111993 1.482180 0.006446 -0.008523 -0.000306 0.999943
1788249701.683523893 0.065575 0.110900 1.486527 0.006596 -0.008662 -0.000671 0.999941
1788249701.716866970 0.063371 0.111610 1.492437 0.006998 -0.008561 -0.000960 0.999938
1788249701.750209808 0.062586 0.109905 1.498265 0.007056 -0.008353 -0.001126 0.999940
1788249701.783552885 0.064606 0.111561 1.506094 0.006960 -0.008604 -0.000993 0.999938
1788249701.816895962 0.065321 0.112810 1.514727 0.006666 -0.008788 -0.000851 0.999939
1788249701.850238800 0.065729 0.113178 1.523713 0.006431 -0.008818 -0.000650 0.999940
1788249701.883581638 0.066328 0.112885 1.529357 0.006290 -0.008568 -0.000552 0.999943
1788249701.916924715 0.066553 0.114014 1.536912 0.006622 -0.008345 -0.000462 0.999943
1788249701.950267792 0.067299 0.112771 1.543482 0.006649 -0.008453 -0.000387 0.999942
1788249701.983610630 0.067406 0.112457 1.550799 0.006686 -0.008689 -0.000537 0.999940
1788249702.016953707 0.064811 0.114550 1.555311 0.006936 -0.008736 -0.000882 0.999937
1788249702.050296783 0.062925 0.113350 1.560833 0.007167 -0.008835 -0.001184 0.999935
1788249702.083639622 0.064042 0.113314 1.566573 0.007462 -0.008761 -0.001227 0.999933
1788249702.116981983 0.064450 0.116249 1.574485 0.007699 -0.008694 -0.001319 0.999932
1788249702.150324821 0.065836 0.117814 1.582281 0.007553 -0.009015 -0.001189 0.999930
1788249702.183668137 0.064979 0.116469 1.587780 0.007206 -0.008996 -0.001062 0.999933
1788249702.217010975 0.064437 0.116148 1.596160 0.007056 -0.008767 -0.000946 0.999936
1788249702.250354052 0.065084 0.117473 1.603113 0.007243 -0.008619 -0.000707 0.999936
1788249702.283696890 0.065129 0.116407 1.608303 0.007500 -0.008625 -0.000534 0.999935
1788249702.317040443 0.065164 0.118066 1.614977 0.007750 -0.008883 -0.000420 0.999930
1788249702.350383520 0.064438 0.118311 1.620822 0.007974 -0.008946 -0.000579 0.999928
1788249702.383726358 0.063796 0.117535 1.626706 0.008154 -0.008796 -0.000899 0.999928
1788249702.417069674 0.062826 0.116282 1.632522 0.008141 -0.008749 -0.001029 0.999928
1788249702.450412750 0.061855 0.115644 1.638605 0.008037 -0.008738 -0.000941 0.999929
1788249702.483755827 0.063137 0.115389 1.646289 0.007697 -0.008837 -0.000812 0.999931
1788249702.517098904 0.063121 0.115255 1.654563 0.007421 -0.008791 -0.000687 0.999934
1788249702.550442457 0.062704 0.116400 1.661314 0.007334 -0.008708 -0.000642 0.999935
1788249702.583784342 0.063230 0.119303 1.669533 0.007534 -0.008653 -0.000495 0.999934
1788249702.617128134 0.063892 0.119267 1.677156 0.007622 -0.008534 -0.000308 0.999934
1788249702.650472641 0.063501 0.118806 1.682467 0.007739 -0.008619 -0.000407 0.999933
1788249702.683817148 0.064243 0.120129 1.689141 0.007676 -0.008855 -0.000622 0.999931
1788249702.717161655 0.062039 0.119390 1.694837 0.007660 -0.008674 -0.001058 0.999933
1788249702.750506163 0.062843 0.119283 1.702618 0.007716 -0.008835 -0.001509 0.999930
1788249702.783850670 0.061327 0.119746 1.708353 0.007623 -0.008848 -0.001687 0.999930
1788249702.817195177 0.059681 0.118948 1.714472 0.007305 -0.008724 -0.001689 0.999934
1788249702.850539923 0.060038 0.119681 1.722070 0.007017 -0.008738 -0.001648 0.999936
1788249702.883884430 0.061577 0.120382 1.731523 0.006841 -0.008941 -0.001640 0.999935
1788249702.917229176 0.061899 0.121132 1.738210 0.006633 -0.008959 -0.001450 0.999937
1788249702.950573921 0.062389 0.121873 1.744680 0.006613 -0.008926 -0.001298 0.999937
1788249702.983918428 0.062577 0.121356 1.751519 0.006649 -0.009014 -0.001348 0.999936
1788249703.017262220 0.060912 0.121485 1.758097 0.006653 -0.009021 -0.001334 0.999936
1788249703.050606728 0.060151 0.121631 1.764742 0.006678 -0.009026 -0.001769 0.999935
1788249703.083951473 0.060850 0.122567 1.772091 0.006858 -0.009214 -0.002005 0.999932
1788249703.117296219 0.059747 0.122109 1.777882 0.006851 -0.009288 -0.002182 0.999931
1788249703.150640965 0.060356 0.122651 1.786131 0.006726 -0.009347 -0.002145 0.999931
1788249703.183985710 0.061494 0.122633 1.792534 0.006481 -0.009405 -0.001908 0.999933
1788249703.217330456 0.060759 0.122789 1.799094 0.006198 -0.009455 -0.001652 0.999935
1788249703.250675201 0.063266 0.124222 1.808501 0.005848 -0.009751 -0.001440 0.999934
1788249703.284020185 0.063076 0.125178 1.816498 0.005594 -0.009661 -0.001120 0.999937
1788249703.317364931 0.060864 0.125224 1.820750 0.005788 -0.009317 -0.001125 0.999939
1788249703.350709915 0.061735 0.126589 1.827027 0.005962 -0.009559 -0.001063 0.999936
1788249703.384054899 0.062303 0.126931 1.833954 0.005908 -0.009748 -0.001099 0.999934
1788249703.417399406 0.062127 0.126881 1.841179 0.005784 -0.009664 -0.001071 0.999936
1788249703.450743437 0.062556 0.126754 1.848255 0.005728 -0.009615 -0.001028 0.999937
1788249703.484088421 0.062126 0.126601 1.854557 0.005594 -0.009664 -0.000929 0.999937
1788249703.517433167 0.063399 0.129184 1.862913 0.005552 -0.009747 -0.000965 0.999937
1788249703.550778151 0.064314 0.129159 1.871553 0.005246 -0.009756 -0.000799 0.999938
1788249703.584123135 0.065095 0.130956 1.880147 0.005073 -0.009850 -0.000821 0.999938
1788249703.617467165 0.064874 0.131774 1.886810 0.004775 -0.009839 -0.000736 0.999940
1788249703.650810003 0.064949 0.131224 1.893428 0.004549 -0.009745 -0.000430 0.999942
1788249703.684152603 0.064704 0.130989 1.899231 0.004600 -0.009643 -0.000327 0.999943
1788249703.717495203 0.063091 0.131379 1.905957 0.004563 -0.009660 -0.000359 0.999943
1788249703.750838041 0.063473 0.131258 1.913366 0.004474 -0.009725 -0.000440 0.999943
1788249703.784180880 0.064670 0.131891 1.920050 0.004343 -0.009674 -0.000314 0.999944
1788249703.817523479 0.063940 0.132149 1.925715 0.004455 -0.009587 -0.000251 0.999944
1788249703.850866079 0.064312 0.132496 1.934039 0.004530 -0.009572 -0.000120 0.999944
1788249703.884208679 0.064073 0.132442 1.939744 0.004407 -0.009516 -0.000148 0.999945
1788249703.917550802 0.064026 0.134299 1.947860 0.004285 -0.009512 -0.000167 0.999946
1788249703.950893402 0.064289 0.134770 1.956182 0.004071 -0.009529 -0.000377 0.999946
1788249703.984236240 0.063826 0.136044 1.963516 0.003853 -0.009543 -0.000506 0.999947
1788249704.017578602 0.062355 0.135883 1.968573 0.003689 -0.009338 -0.000570 0.999949
1788249704.050921679 0.062218 0.137410 1.976094 0.003875 -0.009436 -0.000601 0.999948
1788249704.084264278 0.060500 0.136257 1.982087 0.003701 -0.009343 -0.000609 0.999949
1788249704.117607117 0.062219 0.136579 1.988830 0.003409 -0.009568 -0.000584 0.999948
1788249704.150949717 0.062205 0.136856 1.997057 0.003310 -0.009529 -0.000709 0.999949
1788249704.184292793 0.061838 0.137873 2.003462 0.003269 -0.009471 -0.000842 0.999949
1788249704.217635393 0.062802 0.139315 2.012201 0.002951 -0.009590 -0.000851 0.999949
1788249704.250978231 0.062456 0.139703 2.019756 0.002426 -0.009581 -0.000953 0.999951
1788249704.284320831 0.061595 0.142496 2.027185 0.002271 -0.009390 -0.001116 0.999953
1788249704.317663670 0.061625 0.140998 2.034822 0.001587 -0.009340 -0.000873 0.999955
1788249704.351005554 0.062950 0.142606 2.044253 0.001640 -0.009529 -0.000878 0.999953
1788249704.384348154 0.063914 0.142273 2.050834 0.001732 -0.009661 -0.000686 0.999952
1788249704.417690992 0.063443 0.143464 2.056689 0.001776 -0.009592 -0.000794 0.999952
1788249704.451033592 0.063199 0.144012 2.063820 0.001686 -0.009579 -0.000949 0.999952
1788249704.484376669 0.062613 0.144770 2.070694 0.001531 -0.009474 -0.001013 0.999953
1788249704.517719507 0.062538 0.145442 2.079754 0.001282 -0.009501 -0.001121 0.999953
1788249704.551062107 0.061995 0.145776 2.086144 0.000887 -0.009475 -0.001113 0.999954
1788249704.584405184 0.062303 0.144955 2.094117 0.000438 -0.009495 -0.001000 0.999954
1788249704.617747784 0.061120 0.145162 2.100250 0.000128 -0.009411 -0.000934 0.999955
1788249704.651091099 0.061471 0.145991 2.107306 -0.000048 -0.009382 -0.000841 0.999956
1788249704.684434175 0.061369 0.147388 2.114364 -0.000033 -0.009374 -0.000737 0.999956
1788249704.717777491 0.061772 0.147044 2.121057 0.000356 -0.009365 -0.000967 0.999956
1788249704.751120567 0.062015 0.148221 2.127995 0.000707 -0.009483 -0.000891 0.999954
1788249704.784462690 0.061248 0.147458 2.133071 0.000729 -0.009438 -0.000979 0.999955
1788249704.817805767 0.062116 0.147943 2.139805 0.000930 -0.009489 -0.000994 0.999954
1788249704.851148844 0.062163 0.146894 2.146319 0.001004 -0.009387 -0.001001 0.999955
1788249704.884492159 0.062172 0.149150 2.154568 0.001162 -0.009401 -0.000939 0.999955
1788249704.917835474 0.062019 0.149394 2.160351 0.001038 -0.009345 -0.000757 0.999956
1788249704.951178551 0.062761 0.149414 2.168064 0.000958 -0.009475 -0.000725 0.999954
1788249704.984521627 0.062256 0.149289 2.174745 0.000859 -0.009461 -0.000770 0.999955
1788249705.017864704 0.063148 0.150156 2.181669 0.000900 -0.009506 -0.000866 0.999954
1788249705.051208019 0.061998 0.150296 2.188041 0.001258 -0.009254 -0.000708 0.999956
1788249705.084551334 0.061454 0.150161 2.192587 0.001507 -0.009176 -0.000719 0.999957
1788249705.117894411 0.061320 0.149914 2.199270 0.001599 -0.009360 -0.000766 0.999955
1788249705.151237726 0.061734 0.150434 2.207098 0.001604 -0.009693 -0.000842 0.999951
1788249705.184581041 0.060486 0.150490 2.214439 0.001332 -0.009696 -0.001097 0.999952
1788249705.217923164 0.059928 0.152188 2.221843 0.001189 -0.009776 -0.001171 0.999951
1788249705.251266479 0.060154 0.152807 2.229569 0.000933 -0.009920 -0.001205 0.999950
1788249705.284609556 0.060543 0.153810 2.238285 0.000606 -0.010005 -0.001050 0.999949
1788249705.317952871 0.060514 0.154219 2.244932 0.000326 -0.010079 -0.000909 0.999949
1788249705.351296425 0.061210 0.156174 2.253880 0.000152 -0.010323 -0.000881 0.999946
1788249705.384639502 0.060212 0.155952 2.261560 -0.000166 -0.010541 -0.000927 0.999944
1788249705.417982817 0.059876 0.156169 2.269004 -0.000273 -0.011081 -0.001078 0.999938
1788249705.451326132 0.058811 0.157632 2.275329 0.000018 -0.011361 -0.001367 0.999935
1788249705.484669209 0.057376 0.157051 2.281348 0.000073 -0.011670 -0.001530 0.999931
1788249705.518012524 0.056416 0.157336 2.287415 0.000297 -0.012077 -0.001776 0.999925
1788249705.551355839 0.055364 0.156354 2.293876 0.000264 -0.012540 -0.002010 0.999919
1788249705.584698915 0.055670 0.157894 2.301682 0.000235 -0.012983 -0.001795 0.999914
1788249705.618042231 0.054768 0.156859 2.306475 0.000102 -0.013168 -0.001731 0.999912
1788249705.651385784 0.052705 0.156704 2.312085 0.000232 -0.013494 -0.001767 0.999907
1788249705.684727907 0.053905 0.157833 2.320788 0.000510 -0.014189 -0.001779 0.999898
1788249705.718070984 0.052974 0.159225 2.326693 0.000870 -0.014475 -0.001769 0.999893
1788249705.751414061 0.052431 0.157492 2.332184 0.001244 -0.014747 -0.001644 0.999889
1788249705.784757376 0.055136 0.158254 2.340941 0.001664 -0.015391 -0.001348 0.999879
1788249705.818100691 0.053971 0.157955 2.346305 0.001686 -0.015549 -0.001154 0.999877
1788249705.851444006 0.053214 0.158903 2.353638 0.001750 -0.015758 -0.001121 0.999874
1788249705.884787321 0.051683 0.160419 2.359952 0.001981 -0.015972 -0.001348 0.999870
1788249705.918130636 0.050218 0.159675 2.366582 0.001958 -0.016427 -0.001505 0.999862
1788249705.951473713 0.048825 0.159942 2.372416 0.001816 -0.016722 -0.001516 0.999857
1788249705.984817028 0.049279 0.159508 2.381058 0.001681 -0.017146 -0.001342 0.999851
1788249706.018160343 0.048984 0.160253 2.387961 0.001935 -0.017609 -0.001245 0.999842
1788249706.051503420 0.048040 0.159759 2.394038 0.001868 -0.018141 -0.001237 0.999833
1788249706.084846735 0.048737 0.160822 2.402326 0.001903 -0.018608 -0.001073 0.999824
1788249706.118189335 0.049653 0.162118 2.411402 0.001980 -0.019191 -0.000921 0.999813
1788249706.151532650 0.049270 0.162517 2.419216 0.001964 -0.019684 -0.000827 0.999804
1788249706.184875965 0.047895 0.161790 2.425559 0.002083 -0.020140 -0.000929 0.999795
1788249706.218219042 0.047004 0.162938 2.432978 0.002365 -0.020698 -0.001210 0.999782
1788249706.251562357 0.046997 0.162509 2.441172 0.002108 -0.021334 -0.001305 0.999769
1788249706.284905910 0.044248 0.163255 2.447390 0.002179 -0.021206 -0.001339 0.999772
1788249706.318248987 0.045322 0.164517 2.456560 0.002488 -0.021525 -0.001228 0.999765
1788249706.351592302 0.045541 0.164135 2.463260 0.002558 -0.021911 -0.000843 0.999756
1788249706.384935856 0.045837 0.163414 2.471032 0.002477 -0.022333 -0.000552 0.999747
1788249706.418279171 0.045241 0.165400 2.478425 0.002616 -0.022386 -0.000173 0.999746
1788249706.451622725 0.046118 0.166372 2.486999 0.002863 -0.022743 -0.000111 0.999737
1788249706.484966040 0.045044 0.165339 2.494848 0.002926 -0.023271 -0.000480 0.999725
1788249706.518309116 0.043155 0.165846 2.501120 0.002842 -0.023582 -0.000892 0.999717
1788249706.551652670 0.040576 0.165280 2.508386 0.002541 -0.023718 -0.001217 0.999715
1788249706.584995031 0.038900 0.164501 2.516085 0.002388 -0.023999 -0.001469 0.999708
1788249706.618337870 0.038652 0.166943 2.524812 0.002683 -0.024435 -0.001501 0.999697
1788249706.651683092 0.038801 0.166532 2.533121 0.002701 -0.024715 -0.001307 0.999690
1788249706.685028553 0.039780 0.166255 2.541170 0.002615 -0.025015 -0.001103 0.999683
1788249706.718373775 0.039068 0.167645 2.547399 0.002647 -0.025120 -0.000914 0.999681
1788249706.751718760 0.039196 0.168472 2.555499 0.002802 -0.024964 -0.000901 0.999684
1788249706.785063982 0.039059 0.168334 2.563427 0.002888 -0.025104 -0.000849 0.999680
1788249706.818409443 0.039021 0.169949 2.569986 0.003042 -0.025451 -0.000948 0.999671
1788249706.851754904 0.037567 0.169957 2.578764 0.002955 -0.025488 -0.001174 0.999670
1788249706.885099888 0.037966 0.170672 2.587745 0.002995 -0.025667 -0.001433 0.999665
1788249706.918445349 0.036348 0.170186 2.593635 0.002974 -0.025589 -0.001490 0.999667
1788249706.951791048 0.035896 0.169367 2.601880 0.003051 -0.025610 -0.001386 0.999666
1788249706.985136032 0.035971 0.169773 2.609547 0.003111 -0.025653 -0.001435 0.999665
1788249707.018480539 0.036012 0.169782 2.616993 0.003067 -0.025855 -0.001181 0.999660
1788249707.051826000 0.036577 0.169949 2.625539 0.003141 -0.025818 -0.000925 0.999661
1788249707.085171461 0.036324 0.170376 2.632468 0.003242 -0.025717 -0.000802 0.999664
1788249707.118516922 0.035947 0.170154 2.640181 0.003346 -0.025929 -0.001040 0.999658
1788249707.151862621 0.034018 0.170280 2.646748 0.003293 -0.025934 -0.001357 0.999657
1788249707.185208082 0.033479 0.171319 2.655289 0.003248 -0.026086 -0.001566 0.999653
1788249707.218553543 0.032469 0.171318 2.662483 0.003433 -0.025932 -0.001669 0.999656
1788249707.251899242 0.033197 0.172220 2.669981 0.003798 -0.025923 -0.001353 0.999656
1788249707.285244703 0.032203 0.170545 2.675295 0.003783 -0.025723 -0.001102 0.999661
1788249707.318590403 0.033060 0.171684 2.684192 0.003922 -0.026081 -0.000955 0.999652
1788249707.351936102 0.034932 0.171823 2.693792 0.004041 -0.026374 -0.000697 0.999644
1788249707.385281801 0.034476 0.170799 2.700528 0.004113 -0.026204 -0.000620 0.999648
1788249707.418627501 0.031881 0.172437 2.705688 0.004351 -0.025844 -0.000883 0.999656
1788249707.451972246 0.031100 0.172506 2.715237 0.004084 -0.025961 -0.001262 0.999654
1788249707.485317945 0.029146 0.173266 2.722663 0.003774 -0.025979 -0.001697 0.999654
1788249707.518663883 0.028316 0.173414 2.730587 0.003702 -0.025961 -0.001999 0.999654
1788249707.552009583 0.027058 0.173418 2.738404 0.003843 -0.025775 -0.002233 0.999658
1788249707.585355282 0.026894 0.173676 2.744852 0.003919 -0.025842 -0.002037 0.999656
1788249707.618700981 0.027012 0.173731 2.752994 0.003922 -0.026207 -0.002006 0.999647
1788249707.652052879 0.026823 0.173928 2.760857 0.003885 -0.026560 -0.001763 0.999638
1788249707.685404539 0.027633 0.173516 2.768804 0.003977 -0.026808 -0.001716 0.999631
1788249707.718756676 0.026499 0.174029 2.775661 0.004015 -0.026667 -0.001681 0.999635
1788249707.752108335 0.026340 0.173909 2.784904 0.003753 -0.026922 -0.001940 0.999629
1788249707.785460711 0.026112 0.173991 2.794011 0.003468 -0.027201 -0.002285 0.999621
1788249707.818812609 0.025031 0.175482 2.801786 0.003314 -0.027067 -0.002233 0.999626
1788249707.852164745 0.023339 0.175577 2.807406 0.003383 -0.026668 -0.002082 0.999636
1788249707.885516882 0.025808 0.176332 2.818343 0.003522 -0.027002 -0.001958 0.999627
1788249707.918868303 0.026276 0.176853 2.826275 0.003343 -0.027270 -0.001717 0.999621
1788249707.952220440 0.025277 0.177550 2.833021 0.003267 -0.027311 -0.001709 0.999620
1788249707.985573053 0.024248 0.178593 2.839795 0.003329 -0.027189 -0.001564 0.999624
1788249708.018925190 0.024113 0.177737 2.848115 0.003340 -0.027191 -0.001535 0.999624
1788249708.052277565 0.025584 0.178738 2.857872 0.003235 -0.027500 -0.001607 0.999615
1788249708.085630417 0.024585 0.179032 2.865195 0.002929 -0.027555 -0.001745 0.999614
1788249708.118983030 0.023261 0.179839 2.873004 0.002783 -0.027616 -0.001810 0.999613
1788249708.152335405 0.022000 0.179795 2.879342 0.002708 -0.027444 -0.001723 0.999618
1788249708.185688496 0.022686 0.179897 2.886979 0.002839 -0.027423 -0.001415 0.999619
1788249708.219041109 0.023105 0.179929 2.896126 0.002846 -0.027539 -0.001259 0.999616
1788249708.252393723 0.023337 0.180698 2.903248 0.002863 -0.027743 -0.001224 0.999610
1788249708.285747051 0.022758 0.181148 2.910313 0.002910 -0.027706 -0.001128 0.999611
1788249708.319099903 0.023155 0.181655 2.918373 0.003115 -0.027682 -0.000948 0.999611
1788249708.352452040 0.023131 0.182094 2.926260 0.003338 -0.027609 -0.000945 0.999613
1788249708.385805130 0.022610 0.182139 2.932956 0.003222 -0.027747 -0.000842 0.999609
1788249708.419158459 0.022993 0.182352 2.940006 0.003299 -0.027952 -0.000710 0.999604
1788249708.452511311 0.022321 0.181710 2.947189 0.003648 -0.027808 -0.000635 0.999606
1788249708.485864639 0.023579 0.181225 2.954769 0.004067 -0.027763 -0.000393 0.999606
1788249708.519217968 0.023014 0.181267 2.961653 0.004198 -0.027662 -0.000238 0.999609
1788249708.552571535 0.022210 0.182126 2.968497 0.004216 -0.027685 -0.000174 0.999608
1788249708.585924864 0.022288 0.182222 2.977808 0.004082 -0.027660 -0.000109 0.999609
1788249708.619278431 0.022087 0.182387 2.985529 0.004046 -0.027684 0.000003 0.999609
1788249708.652617216 0.022077 0.183179 2.994522 0.003704 -0.027860 0.000005 0.999605
1788249708.685956240 0.020581 0.182681 3.002338 0.003227 -0.027844 -0.000041 0.999607
1788249708.719294786 0.021060 0.184053 3.012599 0.003239 -0.027949 -0.000146 0.999604
1788249708.752633810 0.021019 0.184364 3.021718 0.003420 -0.027856 -0.000063 0.999606
1788249708.785971642 0.020688 0.184851 3.028052 0.003675 -0.027673 0.000161 0.999610
1788249708.819310188 0.020204 0.183636 3.036936 0.003559 -0.027595 0.000193 0.999613
1788249708.852648973 0.020690 0.184058 3.044169 0.003305 -0.027612 0.000340 0.999613
1788249708.885987997 0.020137 0.184273 3.053484 0.003174 -0.027666 0.000257 0.999612
1788249708.919326544 0.019415 0.186111 3.061903 0.003217 -0.027672 0.000400 0.999612
1788249708.952665091 0.021295 0.186422 3.070266 0.003078 -0.028001 0.000386 0.999603
1788249708.986003876 0.018668 0.185297 3.080071 0.002913 -0.027996 0.000282 0.999604
1788249709.019342661 0.017147 0.184970 3.086942 0.002995 -0.027845 0.000238 0.999608
1788249709.052681446 0.016368 0.186684 3.093009 0.003497 -0.027559 0.000373 0.999614
1788249709.086019993 0.018079 0.184888 3.100320 0.003793 -0.027587 0.000604 0.999612
1788249709.119358540 0.018635 0.185566 3.108384 0.004052 -0.027547 0.000631 0.999612
1788249709.152697086 0.019330 0.185597 3.115805 0.003849 -0.027536 0.000800 0.999613
1788249709.186035633 0.017895 0.186518 3.126841 0.003588 -0.027539 0.000588 0.999614
1788249709.219374180 0.015840 0.187318 3.133134 0.003330 -0.027415 0.000195 0.999619
1788249709.252711773 0.013154 0.187900 3.142046 0.002966 -0.027518 0.000084 0.999617
1788249709.286050081 0.012851 0.186729 3.150268 0.002669 -0.027774 -0.000040 0.999611
1788249709.319388866 0.013207 0.187082 3.160055 0.003020 -0.027923 -0.000075 0.999606
1788249709.352727175 0.013243 0.185877 3.166730 0.003457 -0.027643 0.000006 0.999612
1788249709.386065722 0.013780 0.186782 3.170707 0.003946 -0.027208 0.000327 0.999622
1788249709.419404030 0.016044 0.189115 3.179498 0.004607 -0.027444 0.000357 0.999613
1788249709.452742577 0.014293 0.188969 3.189603 0.004555 -0.027458 0.000456 0.999612
1788249709.486080885 0.014881 0.188091 3.198303 0.004129 -0.027552 0.000263 0.999612
1788249709.519419193 0.014835 0.190986 3.207699 0.004036 -0.027735 0.000286 0.999607
1788249709.552757502 0.014130 0.191878 3.217268 0.003850 -0.027906 0.000125 0.999603
1788249709.586096048 0.014023 0.191402 3.225345 0.003587 -0.028129 0.000250 0.999598
1788249709.619434357 0.013329 0.190783 3.233543 0.003543 -0.028070 0.000199 0.999600
1788249709.652775288 0.012949 0.191230 3.239930 0.003493 -0.027777 0.000309 0.999608
1788249709.686115026 0.013132 0.190763 3.246641 0.003630 -0.027512 0.000435 0.999615
1788249709.719455481 0.014325 0.192263 3.255987 0.003823 -0.027692 0.000244 0.999609
1788249709.752796412 0.012706 0.193521 3.263958 0.003747 -0.027482 0.000290 0.999615
1788249709.786137104 0.011056 0.193236 3.273139 0.003365 -0.027476 0.000307 0.999617
1788249709.819477797 0.010616 0.194068 3.282221 0.003032 -0.027646 0.000181 0.999613
1788249709.852818489 0.010771 0.193714 3.292771 0.002704 -0.028101 0.000344 0.999601
1788249709.886159182 0.009974 0.194736 3.300052 0.002923 -0.028385 0.000412 0.999593
1788249709.919499874 0.008385 0.194482 3.305155 0.003361 -0.028328 0.000419 0.999593
1788249709.952840805 0.011683 0.193894 3.313942 0.003782 -0.028650 0.000735 0.999582
1788249709.986181259 0.010935 0.194652 3.321680 0.004283 -0.028255 0.000818 0.999591
1788249710.019522190 0.010266 0.194926 3.329022 0.004326 -0.028100 0.000922 0.999595
1788249710.052862644 0.010054 0.194406 3.336573 0.004423 -0.028393 0.000835 0.999587
1788249710.086203575 0.008514 0.195368 3.342108 0.005093 -0.028940 0.000820 0.999568
1788249710.119543076 0.008203 0.193896 3.347777 0.005428 -0.029335 0.000914 0.999555
1788249710.152883530 0.009138 0.193134 3.356763 0.005188 -0.029401 0.000981 0.999554
1788249710.186224461 0.008337 0.192918 3.364542 0.004800 -0.029686 0.001083 0.999547
1788249710.219565153 0.007567 0.193548 3.372048 0.004805 -0.030081 0.001087 0.999535
1788249710.252905607 0.008236 0.193537 3.382751 0.005007 -0.030171 0.000886 0.999532
1788249710.286246538 0.009455 0.194740 3.390715 0.004956 -0.029657 0.000989 0.999547
1788249710.319586992 0.007812 0.195338 3.399640 0.004738 -0.030129 0.001003 0.999534
1788249710.352927685 0.006113 0.194651 3.408193 0.004530 -0.031107 0.000881 0.999505
1788249710.386268377 0.005516 0.194700 3.416044 0.004507 -0.031613 0.000901 0.999490
1788249710.419608593 0.006626 0.194917 3.425861 0.004558 -0.032472 0.001227 0.999462
1788249710.452949524 0.004051 0.193927 3.432260 0.004446 -0.033244 0.001349 0.999436
1788249710.486289978 0.003774 0.195818 3.437993 0.004950 -0.034360 0.001255 0.999396
1788249710.519630671 0.000900 0.195971 3.445280 0.005339 -0.035015 0.001402 0.999372
1788249710.552971363 0.000023 0.197913 3.455101 0.005322 -0.035853 0.001629 0.999342
1788249710.586311102 -0.001398 0.196030 3.461891 0.004838 -0.036549 0.001790 0.999319
1788249710.619651556 -0.003007 0.195867 3.469871 0.005195 -0.037501 0.001742 0.999282
1788249710.653000832 -0.003454 0.197113 3.477008 0.005297 -0.038710 0.001865 0.999235
1788249710.686350346 -0.004105 0.196690 3.485880 0.004734 -0.040029 0.002237 0.999185
1788249710.719699860 -0.005589 0.196773 3.493735 0.004248 -0.041058 0.002395 0.999145
1788249710.753049374 -0.007353 0.197937 3.502734 0.004463 -0.042168 0.002479 0.999098
1788249710.786399126 -0.008705 0.197466 3.511137 0.004606 -0.043454 0.002499 0.999042
1788249710.819748640 -0.009565 0.199951 3.520061 0.004331 -0.044689 0.002744 0.998988
1788249710.853098392 -0.011443 0.199448 3.528586 0.004059 -0.046080 0.002576 0.998926
1788249710.886447906 -0.015418 0.198522 3.535004 0.003872 -0.047721 0.002599 0.998850
1788249710.919797659 -0.019598 0.201204 3.544384 0.004114 -0.049604 0.002539 0.998757
1788249710.953147411 -0.021418 0.201619 3.552425 0.004020 -0.051261 0.002777 0.998673
1788249710.986497164 -0.021410 0.199774 3.558649 0.003906 -0.052732 0.002849 0.998597
1788249711.019845963 -0.022366 0.199730 3.568370 0.004008 -0.054680 0.003417 0.998490
1788249711.053196192 -0.024730 0.200487 3.575850 0.003920 -0.056332 0.003789 0.998397
1788249711.086545944 -0.025310 0.203768 3.584160 0.004121 -0.057981 0.003941 0.998301
1788249711.119895935 -0.028391 0.203235 3.592044 0.003962 -0.059307 0.003848 0.998224
1788249711.153246164 -0.030520 0.201654 3.601016 0.003794 -0.061525 0.003881 0.998091
1788249711.186595917 -0.035298 0.201633 3.606798 0.003533 -0.063609 0.003998 0.997961
1788249711.219946146 -0.038445 0.202167 3.616486 0.003563 -0.065920 0.003884 0.997811
1788249711.253296137 -0.041131 0.202732 3.622036 0.003510 -0.068062 0.004023 0.997667
1788249711.286646605 -0.044884 0.204145 3.632920 0.003317 -0.070540 0.004251 0.997494
1788249711.319996834 -0.047146 0.204568 3.640783 0.002733 -0.072758 0.004377 0.997336
1788249711.353346825 -0.051889 0.204922 3.650218 0.002843 -0.074741 0.003971 0.997191
1788249711.386697292 -0.054176 0.204788 3.657749 0.002928 -0.077126 0.003911 0.997009
1788249711.420047760 -0.058370 0.205852 3.666368 0.002801 -0.079348 0.004303 0.996834
1788249711.453397036 -0.061515 0.206650 3.672189 0.002570 -0.081378 0.004543 0.996670
1788249711.486747742 -0.063581 0.208257 3.681377 0.002792 -0.083690 0.004799 0.996476
1788249711.520097971 -0.065719 0.206333 3.689101 0.002513 -0.085918 0.004929 0.996287
1788249711.553448677 -0.069633 0.207266 3.697419 0.002296 -0.087869 0.005184 0.996116
1788249711.586799145 -0.072197 0.207218 3.703270 0.002446 -0.090090 0.004766 0.995919
1788249711.620149851 -0.078218 0.207775 3.713955 0.002482 -0.092629 0.004867 0.995686
1788249711.653494835 -0.080296 0.206929 3.721994 0.002093 -0.095198 0.005343 0.995442
1788249711.686840057 -0.083078 0.208951 3.731209 0.002224 -0.097570 0.005799 0.995209
1788249711.720185518 -0.085652 0.209719 3.737928 0.002583 -0.099911 0.006246 0.994973
1788249711.753530741 -0.091014 0.210102 3.745367 0.002752 -0.101790 0.006938 0.994778
1788249711.786875725 -0.091683 0.212084 3.754033 0.002663 -0.104054 0.007478 0.994540
1788249711.820220947 -0.095903 0.210276 3.760766 0.002378 -0.106327 0.007457 0.994300
1788249711.853566408 -0.098523 0.210584 3.770978 0.002216 -0.109289 0.007713 0.993978
1788249711.886910677 -0.102233 0.211773 3.776993 0.001954 -0.111539 0.008144 0.993725
1788249711.920255661 -0.107093 0.212130 3.785226 0.001909 -0.113445 0.008366 0.993507
1788249711.953601122 -0.108560 0.214307 3.794419 0.002368 -0.116120 0.008676 0.993195
1788249711.986946344 -0.111499 0.214358 3.798929 0.002324 -0.118392 0.008955 0.992924
1788249712.020292044 -0.116936 0.215134 3.807491 0.002419 -0.120305 0.008610 0.992697
1788249712.053637028 -0.122144 0.214911 3.814498 0.002253 -0.122913 0.008531 0.992378
1788249712.086982489 -0.127206 0.215759 3.822445 0.002101 -0.125758 0.008680 0.992021
1788249712.120327711 -0.129560 0.216559 3.831058 0.001902 -0.128548 0.008962 0.991661
1788249712.153673410 -0.134275 0.215857 3.836419 0.001780 -0.130891 0.009071 0.991354
1788249712.187018633 -0.138541 0.215102 3.845254 0.001845 -0.133717 0.009273 0.990974
1788249712.220363855 -0.142112 0.215245 3.853984 0.001728 -0.136049 0.009958 0.990651
1788249712.253709316 -0.146524 0.217516 3.862322 0.002035 -0.138145 0.010011 0.990359
1788249712.287054777 -0.150181 0.216598 3.869946 0.001894 -0.140779 0.009631 0.989992
1788249712.320400238 -0.155278 0.218511 3.876929 0.001734 -0.143278 0.009829 0.989632
1788249712.353744745 -0.160414 0.217533 3.884995 0.001356 -0.145694 0.009860 0.989280
1788249712.387090206 -0.164265 0.217294 3.891231 0.001335 -0.148576 0.009822 0.988851
1788249712.420435667 -0.168304 0.217803 3.901138 0.001362 -0.151695 0.010088 0.988375
1788249712.453781128 -0.171681 0.216389 3.904186 0.001071 -0.154267 0.009911 0.987979
1788249712.487126589 -0.178627 0.217007 3.915024 0.001081 -0.157645 0.009760 0.987447
1788249712.520471811 -0.186645 0.218696 3.919610 0.001032 -0.160976 0.010099 0.986906
1788249712.553817511 -0.189531 0.216956 3.927499 0.000838 -0.164623 0.010564 0.986300
1788249712.587163210 -0.194528 0.217202 3.934230 0.000985 -0.168313 0.010984 0.985672
1788249712.620508671 -0.201454 0.218085 3.941738 0.001108 -0.171973 0.011385 0.985035
1788249712.653852463 -0.207610 0.218821 3.948093 0.001314 -0.174989 0.011756 0.984499
1788249712.687196970 -0.212399 0.218295 3.954077 0.001542 -0.177949 0.011683 0.983969
1788249712.720542431 -0.217336 0.218282 3.961591 0.001525 -0.181702 0.011889 0.983281
1788249712.753887415 -0.224058 0.220688 3.968609 0.001407 -0.185028 0.012581 0.982652
1788249712.787231684 -0.229179 0.220799 3.976016 0.001584 -0.188329 0.012775 0.982022
1788249712.820576906 -0.234286 0.220326 3.981928 0.001646 -0.191795 0.013033 0.981347
1788249712.853921890 -0.240235 0.219246 3.986483 0.001176 -0.194707 0.013531 0.980767
1788249712.887267113 -0.245585 0.219858 3.994583 0.000966 -0.197819 0.013649 0.980143
1788249712.920612574 -0.252324 0.220573 4.003570 0.001061 -0.201399 0.013263 0.979419
1788249712.953957796 -0.257986 0.221422 4.008092 0.001138 -0.204918 0.013482 0.978686
1788249712.987302780 -0.264432 0.220377 4.013666 0.001074 -0.208224 0.013871 0.977982
1788249713.020648003 -0.269790 0.221032 4.020595 0.000992 -0.211870 0.014227 0.977194
1788249713.053993225 -0.277026 0.221114 4.026723 0.000708 -0.214978 0.014707 0.976508
1788249713.087338686 -0.283866 0.219615 4.034671 0.000547 -0.218192 0.014508 0.975798
1788249713.120683670 -0.289017 0.220401 4.040720 0.000736 -0.221949 0.014326 0.974953
1788249713.154028893 -0.295959 0.220146 4.045938 0.000928 -0.225510 0.014545 0.974132
1788249713.187374353 -0.302583 0.222646 4.053026 0.001554 -0.228837 0.015079 0.973347
1788249713.220718622 -0.308014 0.221157 4.056957 0.001738 -0.232253 0.015748 0.972526
1788249713.254063845 -0.311990 0.222004 4.062775 0.002092 -0.235595 0.016581 0.971708
1788249713.287409306 -0.318430 0.222289 4.070638 0.002427 -0.238567 0.017036 0.970974
1788249713.320754528 -0.324146 0.222016 4.074800 0.002526 -0.241732 0.017259 0.970186
1788249713.354099751 -0.331876 0.222876 4.081058 0.002700 -0.245038 0.017411 0.969353
1788249713.387445211 -0.338765 0.223422 4.085398 0.003124 -0.248070 0.017267 0.968583
1788249713.420790672 -0.346056 0.222474 4.090751 0.003128 -0.251498 0.017530 0.967694
1788249713.454135895 -0.350950 0.222753 4.096138 0.002991 -0.255095 0.017921 0.966745
1788249713.487481117 -0.357670 0.223721 4.101018 0.003116 -0.257952 0.018122 0.965983
1788249713.520826578 -0.364475 0.223199 4.105732 0.003337 -0.261117 0.018088 0.965132
1788249713.554172039 -0.372230 0.223718 4.110714 0.003574 -0.264584 0.018117 0.964186
1788249713.587517500 -0.379588 0.224896 4.116599 0.003667 -0.267907 0.018185 0.963266
1788249713.620862722 -0.386332 0.223750 4.119844 0.003545 -0.271304 0.018362 0.962312
1788249713.654208422 -0.393729 0.224276 4.127115 0.003651 -0.274826 0.018749 0.961304
1788249713.687552452 -0.399261 0.222923 4.130985 0.003423 -0.277725 0.019310 0.960460
1788249713.720896959 -0.405384 0.223546 4.136642 0.003808 -0.280901 0.019350 0.959534
1788249713.754241705 -0.412604 0.225180 4.142813 0.004105 -0.284427 0.019319 0.958494
1788249713.787586212 -0.420649 0.224990 4.146061 0.004072 -0.287385 0.019396 0.957610
1788249713.820930481 -0.428154 0.225394 4.153100 0.004241 -0.290763 0.019456 0.956588
1788249713.854275227 -0.435475 0.226548 4.158016 0.004315 -0.294249 0.019632 0.955517
1788249713.887619734 -0.440833 0.226549 4.164364 0.003920 -0.297514 0.019888 0.954502
1788249713.920964479 -0.451059 0.226563 4.172369 0.003944 -0.300388 0.019773 0.953604
1788249713.954308987 -0.457319 0.226254 4.174496 0.004016 -0.303466 0.019656 0.952631
1788249713.987653732 -0.464301 0.225639 4.178678 0.003692 -0.306389 0.019835 0.951692
1788249714.020998240 -0.471574 0.224611 4.185349 0.003682 -0.309510 0.020105 0.950677
1788249714.054342747 -0.479221 0.224932 4.191035 0.004016 -0.312661 0.020443 0.949636
1788249714.087687254 -0.487841 0.224820 4.194960 0.003810 -0.315294 0.020864 0.948757
1788249714.121030807 -0.494682 0.226573 4.201333 0.004257 -0.317795 0.021036 0.947916
1788249714.154375553 -0.501771 0.226640 4.206091 0.004398 -0.320806 0.021074 0.946900
1788249714.187720299 -0.508433 0.226995 4.211424 0.004097 -0.323935 0.021211 0.945833
1788249714.221064806 -0.515697 0.228508 4.217651 0.004027 -0.326668 0.021359 0.944889
1788249714.254409552 -0.524842 0.228462 4.223927 0.003992 -0.329505 0.021566 0.943899
1788249714.287754059 -0.532373 0.228487 4.228023 0.003517 -0.332171 0.021674 0.942964
1788249714.321098804 -0.539620 0.228292 4.234577 0.003312 -0.335084 0.021680 0.941933
1788249714.354443073 -0.547685 0.228645 4.238488 0.003386 -0.338125 0.021738 0.940844
1788249714.387787819 -0.555141 0.229080 4.245099 0.003282 -0.341134 0.021623 0.939760
1788249714.421132565 -0.563095 0.227881 4.249788 0.003137 -0.343730 0.021800 0.938810
1788249714.454477072 -0.570449 0.229311 4.253160 0.003285 -0.346760 0.022000 0.937690
1788249714.487821817 -0.580616 0.229323 4.259590 0.003062 -0.349466 0.022061 0.936684
1788249714.521166801 -0.586497 0.230981 4.264137 0.003183 -0.352521 0.021994 0.935540
1788249714.554510117 -0.595032 0.230294 4.267442 0.003003 -0.355555 0.022178 0.934387
1788249714.587854862 -0.604619 0.230740 4.272856 0.002669 -0.358357 0.022605 0.933307
1788249714.621199369 -0.611511 0.231302 4.277717 0.002782 -0.361054 0.022981 0.932258
1788249714.654543877 -0.617641 0.231739 4.282787 0.002791 -0.363864 0.023251 0.931158
1788249714.687884331 -0.626320 0.232348 4.288450 0.002372 -0.366527 0.023481 0.930108
1788249714.721218586 -0.634903 0.232172 4.293611 0.002341 -0.368735 0.023243 0.929241
1788249714.754552841 -0.642836 0.232258 4.297523 0.002297 -0.371414 0.023121 0.928177
1788249714.787886620 -0.650068 0.232580 4.302857 0.001826 -0.374139 0.023154 0.927082
1788249714.821220636 -0.659905 0.234622 4.308606 0.001874 -0.376349 0.023470 0.926179
1788249714.854554653 -0.667331 0.235082 4.314469 0.001939 -0.378944 0.023375 0.925122
1788249714.887888432 -0.675349 0.235474 4.318536 0.001914 -0.381514 0.023498 0.924062
1788249714.921222210 -0.683228 0.233345 4.322973 0.002039 -0.383776 0.023689 0.923120
1788249714.954555988 -0.690020 0.233647 4.326634 0.002473 -0.386247 0.023901 0.922082
1788249714.987889767 -0.698465 0.234644 4.329349 0.002599 -0.388508 0.024169 0.921125
1788249715.021222353 -0.704355 0.234477 4.333875 0.002719 -0.391003 0.024363 0.920063
1788249715.054555655 -0.713265 0.233908 4.337708 0.002886 -0.393439 0.024644 0.919016
1788249715.087889194 -0.721183 0.234704 4.342156 0.002905 -0.395896 0.024701 0.917959
1788249715.121222734 -0.731176 0.235056 4.346279 0.002895 -0.398236 0.024562 0.916949
1788249715.154556036 -0.741146 0.236789 4.351344 0.003101 -0.400741 0.024148 0.915868
1788249715.187889338 -0.749178 0.236009 4.354770 0.002562 -0.403295 0.023916 0.914754
1788249715.221222401 -0.757985 0.237310 4.360105 0.002481 -0.405662 0.023858 0.913708
1788249715.254555702 -0.766079 0.237214 4.364163 0.002181 -0.408305 0.023744 0.912534
1788249715.287888765 -0.775267 0.236575 4.369050 0.001474 -0.410943 0.023880 0.911347
1788249715.321221828 -0.785051 0.237442 4.374397 0.001486 -0.413303 0.023615 0.910286
1788249715.354554653 -0.793482 0.238557 4.378333 0.001624 -0.415832 0.023448 0.909138
1788249715.387887478 -0.802008 0.238685 4.381641 0.001298 -0.418353 0.023728 0.907974
1788249715.421220541 -0.811561 0.239537 4.386744 0.001309 -0.420827 0.023903 0.906825
1788249715.454552174 -0.818781 0.238153 4.391173 0.001018 -0.423475 0.024238 0.905583
1788249715.487884998 -0.826216 0.237030 4.393826 0.000540 -0.425871 0.024548 0.904451
1788249715.521217585 -0.835724 0.238878 4.398867 0.000927 -0.428125 0.024517 0.903386
1788249715.554550171 -0.845047 0.240550 4.402350 0.001292 -0.430597 0.024199 0.902219
1788249715.587882519 -0.853284 0.239316 4.406115 0.000832 -0.433462 0.023828 0.900856
1788249715.621215105 -0.861999 0.240795 4.409756 0.000877 -0.435847 0.023679 0.899709
1788249715.654547453 -0.871290 0.240273 4.414555 0.000342 -0.438579 0.023644 0.898382
1788249715.687881231 -0.880150 0.240993 4.416459 -0.000308 -0.441025 0.023869 0.897177
1788249715.721216679 -0.890589 0.241119 4.419759 -0.000421 -0.443030 0.023750 0.896192
1788249715.754551888 -0.898506 0.241939 4.425645 -0.000313 -0.445563 0.023748 0.894935
1788249715.787886858 -0.907614 0.242325 4.428216 -0.000618 -0.448007 0.023926 0.893709
1788249715.821222305 -0.915928 0.243530 4.433671 -0.000676 -0.450455 0.024059 0.892475
1788249715.854557514 -0.923649 0.244018 4.435676 -0.000880 -0.452780 0.024317 0.891290
1788249715.887892485 -0.933537 0.243837 4.439711 -0.001192 -0.455289 0.024184 0.890014
1788249715.921226501 -0.942400 0.244233 4.442440 -0.001115 -0.457482 0.023914 0.888896
1788249715.954561949 -0.951591 0.244587 4.445609 -0.000801 -0.459823 0.023875 0.887689
1788249715.987896919 -0.960127 0.245609 4.447723 -0.000596 -0.462466 0.023778 0.886318
1788249716.021231651 -0.967060 0.245686 4.449531 -0.000356 -0.464932 0.024055 0.885019
1788249716.054566622 -0.976313 0.245579 4.453751 -0.000318 -0.467278 0.024540 0.883770
1788249716.087901592 -0.984607 0.245809 4.456175 -0.000317 -0.469618 0.025050 0.882514
1788249716.121236086 -0.991928 0.245811 4.458896 -0.000031 -0.471797 0.025296 0.881344
1788249716.154570818 -1.000066 0.244624 4.461490 0.000196 -0.474069 0.025518 0.880118
1788249716.187905550 -1.009100 0.244878 4.464044 -0.000034 -0.476600 0.025578 0.878748
1788249716.221240520 -1.016287 0.245987 4.468537 -0.000150 -0.479248 0.025686 0.877303
1788249716.254574776 -1.027873 0.245810 4.469775 -0.000243 -0.481465 0.025558 0.876093
1788249716.287909269 -1.036924 0.247430 4.473145 -0.000470 -0.483993 0.025235 0.874708
1788249716.321243763 -1.048136 0.248132 4.474092 -0.000352 -0.485925 0.024619 0.873654
1788249716.354577303 -1.056741 0.247988 4.476242 -0.000194 -0.488425 0.024273 0.872268
1788249716.387911797 -1.067263 0.249225 4.480404 -0.000306 -0.491061 0.024336 0.870785
1788249716.421246052 -1.075866 0.249202 4.484069 -0.000453 -0.493244 0.024768 0.869538
1788249716.454580307 -1.082945 0.248341 4.486121 -0.000563 -0.495630 0.025138 0.868170
1788249716.487914562 -1.091468 0.250121 4.488165 -0.000362 -0.497903 0.025327 0.866863
1788249716.521248817 -1.100098 0.249147 4.490885 -0.000141 -0.500124 0.025292 0.865585
1788249716.554582834 -1.110957 0.249322 4.493692 -0.000210 -0.502514 0.025253 0.864200
1788249716.587917089 -1.120916 0.250229 4.494601 -0.000611 -0.504863 0.025084 0.862835
1788249716.621251106 -1.130261 0.250579 4.498205 -0.000627 -0.507031 0.024994 0.861565
1788249716.654585123 -1.138405 0.249010 4.499697 -0.000997 -0.509473 0.025143 0.860119
1788249716.687922955 -1.147873 0.250540 4.502989 -0.001150 -0.511954 0.025186 0.858643
1788249716.721266270 -1.157880 0.249971 4.504711 -0.000925 -0.514140 0.025083 0.857339
1788249716.754609346 -1.166523 0.249762 4.506809 -0.000787 -0.516598 0.025079 0.855860
1788249716.787951469 -1.175472 0.250732 4.508041 -0.000929 -0.519030 0.025289 0.854381
1788249716.821294546 -1.184769 0.251103 4.510647 -0.000753 -0.521224 0.025599 0.853036
1788249716.854637623 -1.192596 0.251526 4.513427 -0.000484 -0.523581 0.025913 0.851582
1788249716.887980938 -1.200763 0.251186 4.515542 -0.000566 -0.525912 0.026443 0.850128
1788249716.921323776 -1.209229 0.250624 4.517507 -0.000393 -0.528139 0.026655 0.848739
1788249716.954667091 -1.219078 0.250448 4.518719 -0.000381 -0.530365 0.026761 0.847347
1788249716.988010168 -1.229058 0.252075 4.521217 -0.000366 -0.532799 0.026922 0.845814
1788249717.021353006 -1.237844 0.252575 4.524166 -0.000359 -0.535085 0.026873 0.844371
1788249717.054696321 -1.247764 0.252670 4.524754 -0.000352 -0.537390 0.026715 0.842910
1788249717.088039637 -1.257174 0.253024 4.525721 -0.000433 -0.539608 0.026406 0.841502
1788249717.121382475 -1.267819 0.253021 4.527865 -0.000061 -0.541798 0.026049 0.840105
1788249717.154725552 -1.276216 0.252074 4.527171 -0.000197 -0.544235 0.026046 0.838529
1788249717.188068390 -1.285834 0.253682 4.529514 -0.000141 -0.546591 0.026097 0.836993
1788249717.221411467 -1.293278 0.252537 4.530034 0.000123 -0.548750 0.026306 0.835573
1788249717.254753590 -1.302325 0.252875 4.530964 0.000155 -0.551083 0.026611 0.834026
1788249717.288096666 -1.311531 0.252189 4.533708 0.000227 -0.553426 0.026732 0.832469
1788249717.321439505 -1.321076 0.251911 4.534849 0.000443 -0.555623 0.026768 0.831003
1788249717.354782581 -1.330105 0.251868 4.535819 0.000361 -0.558118 0.026740 0.829331
1788249717.388125658 -1.339714 0.252631 4.537406 0.000464 -0.560353 0.026969 0.827815
1788249717.421468496 -1.347994 0.252453 4.538396 0.000781 -0.562632 0.027179 0.826260
1788249717.454811811 -1.357166 0.253718 4.539013 0.001182 -0.564926 0.027660 0.824677
1788249717.488154650 -1.364683 0.252260 4.539454 0.001322 -0.566886 0.028066 0.823317
1788249717.521497726 -1.372837 0.252120 4.541569 0.001757 -0.569094 0.028418 0.821779
1788249717.554840803 -1.380996 0.252490 4.541740 0.001741 -0.571431 0.028648 0.820148
1788249717.588183403 -1.390018 0.252694 4.542099 0.001763 -0.573567 0.028863 0.818648
1788249717.621526480 -1.399255 0.252212 4.543714 0.002154 -0.575654 0.029204 0.817169
1788249717.654869556 -1.406513 0.251810 4.544002 0.002291 -0.577922 0.029506 0.815555
1788249717.688212395 -1.415201 0.251645 4.544304 0.002139 -0.579974 0.029679 0.814091
1788249717.721557140 -1.423507 0.250963 4.545559 0.002368 -0.582162 0.029823 0.812522
1788249717.754901886 -1.432876 0.250759 4.545649 0.002567 -0.584388 0.029808 0.810923
1788249717.788246632 -1.441657 0.251547 4.544767 0.002742 -0.586545 0.029767 0.809364
1788249717.821591616 -1.450938 0.251554 4.546600 0.003177 -0.588846 0.029747 0.807692
1788249717.854936600 -1.458570 0.250266 4.545595 0.003292 -0.591134 0.029882 0.806013
1788249717.888281345 -1.468247 0.251043 4.545467 0.003260 -0.593164 0.030033 0.804515
1788249717.921626329 -1.476751 0.251108 4.547056 0.003394 -0.595351 0.030111 0.802894
1788249717.954971313 -1.486359 0.250374 4.546581 0.003444 -0.597551 0.030087 0.801259
1788249717.988316298 -1.495717 0.251174 4.547317 0.003447 -0.599739 0.030133 0.799621
1788249718.021661282 -1.504013 0.251473 4.547580 0.003559 -0.601813 0.030131 0.798061
1788249718.055006266 -1.512847 0.250703 4.546285 0.003412 -0.603954 0.030267 0.796437
1788249718.088351011 -1.522169 0.250651 4.547380 0.003170 -0.606107 0.030279 0.794800
1788249718.121695042 -1.530733 0.249172 4.547583 0.003361 -0.608182 0.030226 0.793215
1788249718.155040026 -1.541325 0.251205 4.547179 0.003824 -0.610430 0.030283 0.791482
1788249718.188385248 -1.549394 0.251394 4.546859 0.003850 -0.612709 0.030437 0.789713
1788249718.221730232 -1.558215 0.249967 4.546271 0.003921 -0.614774 0.030915 0.788088
1788249718.255075216 -1.566036 0.249670 4.549928 0.003875 -0.617081 0.031498 0.786259
1788249718.288419962 -1.573662 0.251298 4.550555 0.003902 -0.619103 0.032242 0.784638
1788249718.321765184 -1.582185 0.250193 4.550175 0.004303 -0.621019 0.032454 0.783111
1788249718.355110168 -1.591406 0.249932 4.550281 0.004481 -0.623296 0.032441 0.781300
1788249718.388455391 -1.599427 0.249320 4.549310 0.004315 -0.625554 0.032284 0.779501
1788249718.421800375 -1.609735 0.249519 4.549275 0.004547 -0.627550 0.032462 0.777886
1788249718.455145359 -1.618494 0.250875 4.549979 0.004456 -0.629778 0.032787 0.776070
1788249718.488490582 -1.628490 0.250735 4.550382 0.004027 -0.631832 0.032808 0.774400
1788249718.521835566 -1.637387 0.250913 4.547982 0.004392 -0.633668 0.032743 0.772900
1788249718.555180550 -1.646214 0.249910 4.547869 0.004434 -0.635930 0.032600 0.771045
1788249718.588524580 -1.656599 0.250905 4.547891 0.004346 -0.638168 0.032723 0.769189
1788249718.621870041 -1.666079 0.252544 4.546557 0.004584 -0.640049 0.033044 0.767610
1788249718.655215263 -1.674640 0.252212 4.546854 0.004578 -0.642125 0.033229 0.765866
1788249718.688560009 -1.683643 0.252008 4.545761 0.004518 -0.644086 0.033297 0.764214
1788249718.721904278 -1.692242 0.250635 4.546348 0.004638 -0.646179 0.033286 0.762446
1788249718.755248547 -1.700855 0.251005 4.544853 0.004945 -0.648298 0.033414 0.760637
1788249718.788592815 -1.709752 0.251755 4.545139 0.005167 -0.650538 0.033829 0.758702
1788249718.821936846 -1.717700 0.250646 4.544197 0.005327 -0.652695 0.034311 0.756825
1788249718.855281115 -1.726472 0.248723 4.540876 0.005102 -0.654523 0.034771 0.755225
1788249718.888625145 -1.734303 0.248693 4.539235 0.005081 -0.656380 0.035008 0.753600
1788249718.921969891 -1.743640 0.249427 4.539847 0.005418 -0.658435 0.035157 0.751796
1788249718.955313921 -1.751248 0.249790 4.538014 0.005820 -0.660418 0.035430 0.750039
1788249718.988658190 -1.761011 0.249469 4.536979 0.005692 -0.662347 0.035634 0.748328
1788249719.022001743 -1.769267 0.249285 4.535441 0.005712 -0.664423 0.035665 0.746483
1788249719.055346012 -1.778976 0.248878 4.533862 0.005512 -0.666457 0.035582 0.744674
1788249719.088690519 -1.789336 0.248226 4.533048 0.005273 -0.668386 0.035184 0.742964
1788249719.122034788 -1.799036 0.247864 4.530944 0.005344 -0.670327 0.034853 0.741227
1788249719.155379295 -1.808783 0.249547 4.528924 0.005462 -0.672432 0.034775 0.739321
1788249719.188723803 -1.818736 0.250199 4.526488 0.005322 -0.674381 0.034697 0.737548
1788249719.222068071 -1.826856 0.249810 4.525148 0.005409 -0.676183 0.034778 0.735893
1788249719.255412579 -1.838398 0.249983 4.525735 0.005280 -0.678322 0.034758 0.733923
1788249719.288756847 -1.846437 0.249277 4.523526 0.005308 -0.680265 0.034674 0.732126
1788249719.322101355 -1.855008 0.248778 4.521970 0.005565 -0.682339 0.034655 0.730193
1788249719.355445862 -1.863585 0.248642 4.521605 0.005369 -0.684492 0.034888 0.728165
1788249719.388790131 -1.873220 0.248140 4.515188 0.005194 -0.686098 0.035068 0.726645
1788249719.422134638 -1.881410 0.246003 4.512221 0.005291 -0.687908 0.035208 0.724924
1788249719.455478191 -1.891141 0.246934 4.514986 0.005070 -0.690198 0.035289 0.722742
1788249719.488822699 -1.900339 0.246546 4.510878 0.004984 -0.692036 0.034909 0.721001
1788249719.522167444 -1.909352 0.246549 4.509226 0.005191 -0.694239 0.034843 0.718882
1788249719.555511951 -1.919372 0.246983 4.504967 0.005212 -0.696112 0.034977 0.717062
1788249719.588856459 -1.927666 0.245671 4.504327 0.005152 -0.697887 0.035187 0.715325
1788249719.622200727 -1.935337 0.244358 4.502834 0.005172 -0.699878 0.035483 0.713361
1788249719.655545235 -1.944018 0.244712 4.499880 0.005359 -0.701898 0.035819 0.711356
1788249719.688889027 -1.952697 0.244172 4.496644 0.005492 -0.703639 0.035697 0.709639
1788249719.722231627 -1.961585 0.243441 4.492240 0.005684 -0.705433 0.035729 0.707853
1788249719.755574226 -1.969477 0.243419 4.489263 0.005713 -0.707456 0.035761 0.705829
1788249719.788916349 -1.979905 0.242156 4.487317 0.005539 -0.709447 0.035775 0.703828
1788249719.822258711 -1.986736 0.242132 4.482229 0.005571 -0.711191 0.036004 0.702054
1788249719.855601311 -1.997583 0.241716 4.479187 0.005471 -0.713109 0.036186 0.700097
1788249719.888942719 -2.005778 0.240648 4.477164 0.005620 -0.714824 0.036039 0.698352
1788249719.922285080 -2.015642 0.241118 4.473037 0.006111 -0.716590 0.035970 0.696540
1788249719.955627680 -2.023730 0.239888 4.467792 0.006289 -0.718526 0.035653 0.694557
1788249719.988970041 -2.033423 0.239740 4.464830 0.006609 -0.720324 0.035676 0.692688
1788249720.022312403 -2.042367 0.240062 4.460352 0.006922 -0.722006 0.035931 0.690918
1788249720.055655003 -2.051166 0.239584 4.458265 0.006859 -0.723774 0.036153 0.689055
1788249720.088997126 -2.058379 0.240233 4.453609 0.007181 -0.725390 0.036614 0.687326
1788249720.122339487 -2.066162 0.239088 4.450581 0.007408 -0.727193 0.036955 0.685397
1788249720.155681849 -2.076212 0.238415 4.448509 0.007403 -0.729071 0.037034 0.683395
1788249720.189024448 -2.085033 0.239750 4.444248 0.007611 -0.730798 0.037543 0.681518
1788249720.222366571 -2.093464 0.237153 4.440623 0.007645 -0.732498 0.037767 0.679678
1788249720.255708933 -2.102642 0.237775 4.437831 0.007255 -0.734243 0.038037 0.677781
1788249720.289051533 -2.111750 0.238626 4.433906 0.007518 -0.735860 0.038283 0.676009
1788249720.322393656 -2.120697 0.237596 4.429701 0.008095 -0.737560 0.038121 0.674156
1788249720.355734825 -2.129224 0.239485 4.423007 0.007978 -0.739162 0.038145 0.672399
1788249720.389077425 -2.138051 0.239631 4.419662 0.007929 -0.740780 0.038474 0.670598
1788249720.422419786 -2.148349 0.238265 4.415598 0.007753 -0.742395 0.038681 0.668800
1788249720.455762148 -2.156221 0.238353 4.413299 0.007505 -0.744255 0.038878 0.666721
1788249720.489104271 -2.165802 0.237470 4.409460 0.007688 -0.745838 0.039077 0.664935
1788249720.522446632 -2.174062 0.237382 4.406351 0.007933 -0.747570 0.039395 0.662966
1788249720.555788994 -2.182981 0.238275 4.402645 0.007774 -0.749343 0.039656 0.660948
1788249720.589131117 -2.192041 0.237712 4.398070 0.007488 -0.750948 0.039974 0.659107
1788249720.622473478 -2.200553 0.237625 4.394651 0.007618 -0.752484 0.040199 0.657339
1788249720.655815840 -2.209787 0.237150 4.392496 0.007529 -0.754188 0.039935 0.655400
1788249720.689158201 -2.220657 0.236873 4.385777 0.007743 -0.755563 0.039515 0.653838
1788249720.722501516 -2.231314 0.236864 4.380162 0.007629 -0.757154 0.039329 0.652006
1788249720.755844831 -2.241261 0.237669 4.377310 0.007099 -0.758834 0.039275 0.650060
1788249720.789186954 -2.250008 0.236890 4.374371 0.006981 -0.760187 0.039344 0.648474
1788249720.822530270 -2.258700 0.236587 4.369777 0.007152 -0.761576 0.039542 0.646829
1788249720.855873108 -2.269927 0.237095 4.364254 0.006847 -0.763074 0.039606 0.645060
1788249720.889216423 -2.279241 0.236939 4.362050 0.006771 -0.764631 0.039644 0.643212
1788249720.922559261 -2.288299 0.235722 4.358864 0.006851 -0.766002 0.039868 0.641564
1788249720.955902576 -2.298378 0.235662 4.355391 0.007050 -0.767091 0.040200 0.640239
1788249720.989245892 -2.309050 0.235846 4.352279 0.007106 -0.768312 0.040255 0.638769
1788249721.022588968 -2.319991 0.236105 4.345372 0.007235 -0.769138 0.040085 0.637784
1788249721.055932045 -2.331882 0.235893 4.341859 0.007249 -0.769501 0.040218 0.637337
1788249721.089275360 -2.342962 0.235560 4.339468 0.007391 -0.769699 0.040239 0.637095
1788249721.122618198 -2.354527 0.235486 4.338037 0.007232 -0.770143 0.040271 0.636558
1788249721.155961514 -2.366751 0.235781 4.335126 0.007331 -0.770348 0.040458 0.636297
1788249721.189304352 -2.377959 0.235776 4.334438 0.007231 -0.770528 0.040509 0.636077
1788249721.222647905 -2.391058 0.236583 4.327998 0.006964 -0.770443 0.040251 0.636199
1788249721.255989790 -2.402318 0.235099 4.325648 0.007095 -0.770646 0.040004 0.635967
1788249721.289333105 -2.415599 0.234967 4.323499 0.007099 -0.770944 0.039930 0.635611
1788249721.322676182 -2.429022 0.235399 4.319871 0.006978 -0.770887 0.039787 0.635690
1788249721.356019258 -2.440698 0.235966 4.318201 0.006871 -0.770705 0.039995 0.635898
1788249721.389362574 -2.455146 0.236367 4.315000 0.006943 -0.770827 0.039773 0.635764
1788249721.422705889 -2.467651 0.236608 4.310136 0.007200 -0.770900 0.039385 0.635696
1788249721.456048727 -2.481086 0.237006 4.306042 0.007362 -0.770991 0.039143 0.635600
1788249721.489392042 -2.493453 0.235586 4.303864 0.007469 -0.771052 0.038949 0.635536
1788249721.522734880 -2.505719 0.235118 4.301356 0.007522 -0.771033 0.039325 0.635536
1788249721.556077957 -2.517225 0.236719 4.298950 0.007614 -0.771084 0.040019 0.635429
1788249721.589421272 -2.529494 0.235803 4.296902 0.007632 -0.771097 0.040025 0.635412
1788249721.622764349 -2.541286 0.234849 4.295214 0.007732 -0.771168 0.039726 0.635344
1788249721.656107664 -2.554140 0.235415 4.290091 0.007885 -0.771312 0.039514 0.635180
1788249721.689449072 -2.566715 0.235740 4.286447 0.007945 -0.771566 0.039260 0.634887
1788249721.722791195 -2.579203 0.234011 4.285101 0.007972 -0.771631 0.039150 0.634815
1788249721.756133556 -2.591611 0.234408 4.281585 0.007974 -0.771274 0.039150 0.635249
1788249721.789475441 -2.605028 0.234019 4.278466 0.008002 -0.771324 0.038735 0.635212
1788249721.822817564 -2.618522 0.233051 4.275608 0.007756 -0.771610 0.038440 0.634886
1788249721.856159925 -2.631296 0.234389 4.273285 0.007565 -0.771858 0.038338 0.634593
1788249721.889501810 -2.644409 0.235023 4.270121 0.007435 -0.771689 0.038685 0.634779
1788249721.922843695 -2.656152 0.233737 4.268389 0.007842 -0.771425 0.038806 0.635088
1788249721.956186056 -2.669346 0.234118 4.264882 0.008043 -0.771270 0.038591 0.635287
1788249721.989528179 -2.681929 0.233586 4.261773 0.007988 -0.771609 0.037892 0.634917
1788249722.022870064 -2.694703 0.234032 4.257217 0.007892 -0.771962 0.037304 0.634524
1788249722.056212425 -2.707110 0.234499 4.254698 0.007810 -0.772065 0.037089 0.634413
1788249722.089554310 -2.719923 0.234601 4.253195 0.007757 -0.771890 0.037427 0.634606
1788249722.122895241 -2.732583 0.235003 4.250970 0.007419 -0.771797 0.037617 0.634712
1788249722.156237125 -2.746685 0.234716 4.247721 0.007235 -0.771919 0.037497 0.634573
1788249722.189579010 -2.758103 0.235013 4.245891 0.007053 -0.772095 0.037659 0.634352
1788249722.222921371 -2.769874 0.235374 4.244629 0.007098 -0.772163 0.037820 0.634258
1788249722.256263256 -2.782476 0.233473 4.243636 0.006650 -0.772149 0.037925 0.634274
1788249722.289605141 -2.795676 0.233404 4.241407 0.006533 -0.772096 0.038372 0.634312
1788249722.322947502 -2.807788 0.233807 4.239458 0.006352 -0.772112 0.038524 0.634286
1788249722.356289148 -2.820574 0.233608 4.235740 0.006378 -0.772070 0.038506 0.634338
1788249722.389631033 -2.832702 0.232282 4.233579 0.006435 -0.772112 0.038402 0.634292
1788249722.422973394 -2.844981 0.233672 4.230481 0.006400 -0.772057 0.038291 0.634366
1788249722.456315041 -2.859518 0.233467 4.228117 0.005994 -0.772090 0.038303 0.634330
1788249722.489657164 -2.871632 0.232892 4.226962 0.005767 -0.772013 0.038229 0.634430
1788249722.522998810 -2.884861 0.232795 4.225057 0.005661 -0.772093 0.038084 0.634342
1788249722.556339979 -2.896379 0.231781 4.222513 0.005900 -0.772114 0.038310 0.634301
1788249722.589681864 -2.908871 0.231954 4.219485 0.006044 -0.772047 0.038108 0.634394
1788249722.623023748 -2.921310 0.232492 4.215538 0.006218 -0.771922 0.037948 0.634553
1788249722.656365633 -2.934545 0.232270 4.212793 0.006361 -0.772052 0.037747 0.634405
1788249722.689703941 -2.946600 0.232842 4.208677 0.006549 -0.772077 0.037176 0.634407
1788249722.723037243 -2.959485 0.231535 4.205563 0.006551 -0.772219 0.036946 0.634247
1788249722.756370544 -2.972514 0.232386 4.203511 0.006358 -0.772220 0.037060 0.634242
1788249722.789703608 -2.986058 0.232864 4.202023 0.005883 -0.772140 0.036993 0.634347
1788249722.823036432 -2.998875 0.231686 4.201190 0.005408 -0.772259 0.037130 0.634198
1788249722.856369734 -3.012229 0.232304 4.198748 0.005128 -0.772192 0.037263 0.634275
1788249722.889702559 -3.025458 0.233814 4.197119 0.004979 -0.772178 0.037218 0.634295
1788249722.923035622 -3.038426 0.234034 4.193397 0.005174 -0.772018 0.037313 0.634484
1788249722.956368208 -3.051136 0.232953 4.189743 0.005119 -0.771984 0.036915 0.634549
1788249722.989701033 -3.064992 0.233525 4.187070 0.004906 -0.771914 0.036585 0.634654
1788249723.023032904 -3.077268 0.232074 4.185867 0.004860 -0.771902 0.036278 0.634687
1788249723.056365490 -3.091958 0.232679 4.182076 0.004815 -0.772006 0.036084 0.634571
1788249723.089698076 -3.103935 0.233125 4.179825 0.005070 -0.771971 0.036466 0.634591
1788249723.123030663 -3.115349 0.232293 4.179397 0.005459 -0.771915 0.037079 0.634620
1788249723.156362772 -3.127505 0.231139 4.176093 0.005781 -0.771785 0.037132 0.634772
1788249723.189695358 -3.139256 0.230972 4.173708 0.005890 -0.771699 0.037451 0.634857
1788249723.223027706 -3.151288 0.231825 4.169302 0.006240 -0.771605 0.037420 0.634969
1788249723.256360054 -3.163300 0.232526 4.168006 0.006484 -0.771807 0.037281 0.634729
1788249723.289692163 -3.174903 0.231559 4.164801 0.006770 -0.771764 0.037246 0.634781
1788249723.323024511 -3.187819 0.231095 4.162214 0.006620 -0.771721 0.036732 0.634866
1788249723.356356382 -3.201284 0.232013 4.158388 0.006187 -0.771664 0.036032 0.634979
1788249723.389688730 -3.213209 0.232477 4.155993 0.005992 -0.771732 0.035826 0.634909
1788249723.423020601 -3.229565 0.232929 4.155112 0.005729 -0.772055 0.035727 0.634525
1788249723.456351280 -3.241069 0.231957 4.153595 0.005659 -0.772070 0.035505 0.634520
1788249723.489683628 -3.253133 0.232361 4.150761 0.005714 -0.772040 0.035478 0.634558
1788249723.523015261 -3.262966 0.232994 4.147762 0.005522 -0.771990 0.035074 0.634642
1788249723.556346893 -3.273222 0.232322 4.145598 0.005452 -0.772007 0.035131 0.634619
1788249723.589678764 -3.279818 0.231916 4.146352 0.005885 -0.772062 0.036151 0.634491
1788249723.623010397 -3.288836 0.231853 4.144869 0.006331 -0.772037 0.037200 0.634456
1788249723.656341791 -3.295033 0.231698 4.144983 0.006111 -0.772117 0.037327 0.634354
1788249723.689681053 -3.305935 0.231891 4.140853 0.006004 -0.771999 0.037067 0.634514
1788249723.723030567 -3.311832 0.229886 4.140077 0.006628 -0.771875 0.037469 0.634635
1788249723.756380558 -3.321139 0.229792 4.137221 0.007178 -0.771806 0.038036 0.634679
1788249723.789730072 -3.332472 0.230980 4.134590 0.007016 -0.771864 0.037552 0.634639
1788249723.823080063 -3.343199 0.229628 4.134234 0.006794 -0.772016 0.037230 0.634476
1788249723.856429577 -3.354504 0.230345 4.133179 0.006583 -0.771956 0.037798 0.634517
1788249723.889779806 -3.362751 0.228884 4.130782 0.006555 -0.771884 0.038086 0.634588
1788249723.923128843 -3.372414 0.228724 4.130074 0.006479 -0.772105 0.038032 0.634323
1788249723.956479073 -3.382765 0.228474 4.128023 0.006187 -0.772033 0.037690 0.634434
1788249723.989829540 -3.393292 0.228428 4.126396 0.006192 -0.771953 0.037621 0.634535
1788249724.023179531 -3.403211 0.228432 4.125267 0.006320 -0.771962 0.038057 0.634497
1788249724.056529999 -3.410552 0.226913 4.122042 0.006635 -0.771854 0.038504 0.634598
1788249724.089880466 -3.420105 0.227137 4.121491 0.006874 -0.771846 0.038918 0.634580
1788249724.123231173 -3.430362 0.227310 4.119729 0.006693 -0.771820 0.038866 0.634617
1788249724.156581640 -3.439053 0.225705 4.115914 0.006973 -0.771786 0.038391 0.634684
1788249724.189932108 -3.448950 0.224601 4.113811 0.007379 -0.771905 0.038022 0.634557
1788249724.223283052 -3.460629 0.225337 4.112220 0.007269 -0.771946 0.037915 0.634514
1788249724.256633997 -3.470940 0.225749 4.112104 0.007397 -0.772078 0.037870 0.634355
1788249724.289984703 -3.480215 0.226157 4.109151 0.007452 -0.772074 0.038374 0.634329
1788249724.323335886 -3.487879 0.224603 4.107429 0.007559 -0.772082 0.039225 0.634266
1788249724.356685638 -3.497292 0.221283 4.107224 0.007637 -0.772104 0.039547 0.634218
1788249724.390036821 -3.507043 0.221165 4.105737 0.007491 -0.772175 0.039473 0.634138
1788249724.423388004 -3.518438 0.221854 4.102628 0.007484 -0.772133 0.039167 0.634208
1788249724.456739426 -3.526265 0.222113 4.101615 0.007850 -0.771993 0.039156 0.634375
1788249724.490090609 -3.535484 0.220855 4.098545 0.008396 -0.771864 0.039136 0.634527
1788249724.523442030 -3.545158 0.220877 4.095617 0.008551 -0.772016 0.039440 0.634321
1788249724.556793451 -3.556163 0.220351 4.094224 0.008346 -0.772014 0.039519 0.634320
1788249724.590145111 -3.566148 0.220708 4.092563 0.008252 -0.771830 0.039450 0.634550
1788249724.623496771 -3.575995 0.221576 4.090602 0.008368 -0.771902 0.039454 0.634462
1788249724.656848431 -3.585897 0.220603 4.088030 0.008569 -0.772062 0.039151 0.634282
1788249724.690195084 -3.597294 0.220892 4.085605 0.008588 -0.772080 0.039351 0.634247
1788249724.723534822 -3.605543 0.220649 4.083744 0.008713 -0.771902 0.039252 0.634469
1788249724.756874561 -3.614830 0.218935 4.083203 0.008555 -0.771842 0.039434 0.634532
1788249724.790213346 -3.625558 0.218054 4.082098 0.008544 -0.771654 0.039980 0.634727
1788249724.823552847 -3.634516 0.218638 4.079735 0.008707 -0.771566 0.040278 0.634813
1788249724.856892586 -3.645076 0.217552 4.077707 0.008801 -0.771613 0.039939 0.634776
1788249724.890231848 -3.654808 0.216552 4.076365 0.009076 -0.771627 0.039536 0.634780
1788249724.923571348 -3.664943 0.216948 4.074022 0.009408 -0.771423 0.039212 0.635043
1788249724.956910849 -3.676503 0.216685 4.071095 0.009404 -0.771391 0.038940 0.635099
1788249724.990250349 -3.687713 0.217170 4.069177 0.009167 -0.771316 0.039001 0.635190
1788249725.023589849 -3.698455 0.218282 4.068097 0.008908 -0.770856 0.039264 0.635736
1788249725.056929111 -3.709471 0.218195 4.067751 0.008603 -0.770474 0.039154 0.636209
1788249725.090268612 -3.719529 0.218204 4.065706 0.008503 -0.770287 0.039164 0.636437
1788249725.123607635 -3.727951 0.218025 4.064036 0.008846 -0.769969 0.039468 0.636799
1788249725.156947136 -3.737817 0.218130 4.062476 0.009108 -0.769441 0.039827 0.637410
1788249725.190286160 -3.747649 0.217864 4.060868 0.009096 -0.769133 0.039638 0.637794
1788249725.223624229 -3.757208 0.217593 4.060234 0.008822 -0.769163 0.039487 0.637770
1788249725.256963491 -3.768343 0.217031 4.058717 0.008628 -0.769019 0.039641 0.637938
1788249725.290302515 -3.777987 0.216964 4.057904 0.008623 -0.768547 0.039803 0.638496
1788249725.323641777 -3.788811 0.216405 4.055654 0.008656 -0.768129 0.039701 0.639005
1788249725.356980801 -3.797810 0.215929 4.054867 0.008619 -0.767615 0.039602 0.639629
1788249725.390319824 -3.808150 0.217716 4.054933 0.008824 -0.767170 0.039889 0.640141
1788249725.423658848 -3.819415 0.216113 4.053438 0.008578 -0.766851 0.039384 0.640559
1788249725.456997633 -3.828882 0.216475 4.051779 0.008090 -0.766569 0.039325 0.640906
1788249725.490336657 -3.839239 0.215822 4.051362 0.007830 -0.765866 0.039440 0.641742
1788249725.523675442 -3.849363 0.215707 4.050685 0.007887 -0.765023 0.039696 0.642730
1788249725.557014227 -3.859942 0.216769 4.050354 0.008170 -0.764458 0.039868 0.643388
1788249725.590353012 -3.871094 0.214729 4.050611 0.007911 -0.763717 0.039674 0.644282
1788249725.623691559 -3.881933 0.214745 4.049159 0.008257 -0.762726 0.039452 0.645465
1788249725.657030582 -3.892351 0.214245 4.047867 0.008143 -0.761932 0.038959 0.646433
1788249725.690366507 -3.904402 0.215403 4.047674 0.007866 -0.761078 0.038708 0.647457
1788249725.723701954 -3.915708 0.216087 4.048160 0.007679 -0.759997 0.038643 0.648731
1788249725.757036686 -3.926921 0.214852 4.047535 0.007566 -0.758828 0.038530 0.650106
1788249725.790371656 -3.936840 0.214635 4.047810 0.007667 -0.757944 0.038410 0.651143
1788249725.823706627 -3.947443 0.214157 4.046642 0.007731 -0.756978 0.037968 0.652290
1788249725.857041359 -3.958288 0.212908 4.046284 0.007528 -0.756092 0.037805 0.653329
1788249725.890376329 -3.968457 0.213340 4.047079 0.007377 -0.754921 0.038001 0.654673
1788249725.923711061 -3.979016 0.214358 4.047264 0.007416 -0.753746 0.037783 0.656037
1788249725.957045794 -3.989535 0.214814 4.046180 0.007097 -0.752755 0.037791 0.657177
1788249725.990380049 -4.000774 0.215077 4.048063 0.006904 -0.751746 0.037916 0.658325
1788249726.023715019 -4.010874 0.215084 4.048265 0.006914 -0.750390 0.037624 0.659887
1788249726.057049513 -4.023849 0.215313 4.049067 0.006803 -0.749693 0.037407 0.660693
1788249726.090383768 -4.033504 0.215334 4.047774 0.006543 -0.748676 0.037562 0.661839
1788249726.123717308 -4.043295 0.214526 4.048419 0.006614 -0.747692 0.037516 0.662952
1788249726.157051563 -4.052535 0.213750 4.048881 0.006853 -0.746705 0.037665 0.664053
1788249726.190385580 -4.061805 0.213904 4.047937 0.007465 -0.745534 0.037993 0.665342
1788249726.223719835 -4.073839 0.214303 4.048320 0.007684 -0.744617 0.038116 0.666359
1788249726.257053852 -4.082844 0.213480 4.049241 0.007403 -0.743689 0.038173 0.667394
1788249726.290388107 -4.093938 0.213396 4.051105 0.007091 -0.742642 0.038429 0.668547
1788249726.323722124 -4.103156 0.212096 4.052289 0.006928 -0.741334 0.038103 0.670017
1788249726.357056141 -4.114588 0.212550 4.051670 0.006850 -0.740376 0.038003 0.671083
1788249726.390389919 -4.125037 0.213236 4.052914 0.006946 -0.739394 0.038100 0.672158
1788249726.423723459 -4.135118 0.212897 4.053239 0.007125 -0.738131 0.038015 0.673548
1788249726.457057238 -4.145355 0.212006 4.055060 0.006906 -0.737274 0.037768 0.674501
1788249726.490390778 -4.155875 0.212295 4.054635 0.006581 -0.736041 0.037752 0.675851
1788249726.523724556 -4.166745 0.213385 4.055571 0.006536 -0.734764 0.037680 0.677244
1788249726.557058096 -4.177879 0.213468 4.057539 0.006385 -0.733794 0.037595 0.678301
1788249726.590390682 -4.187682 0.213329 4.057753 0.006709 -0.732774 0.037654 0.679397
1788249726.623723984 -4.198113 0.211789 4.056703 0.006899 -0.732267 0.037138 0.679969
1788249726.657057285 -4.207815 0.210407 4.056105 0.006712 -0.731861 0.037166 0.680406
1788249726.690393925 -4.218477 0.210397 4.058031 0.006660 -0.731084 0.037563 0.681220
1788249726.723734140 -4.228035 0.209635 4.058478 0.006732 -0.730275 0.037231 0.682105
1788249726.757074833 -4.238149 0.210203 4.056582 0.006856 -0.729765 0.037054 0.682659
1788249726.790415525 -4.248720 0.210820 4.058062 0.006832 -0.729676 0.036985 0.682757
1788249726.823755741 -4.259071 0.210536 4.056799 0.006957 -0.729477 0.036868 0.682975
1788249726.857096195 -4.270044 0.209850 4.055746 0.006739 -0.729657 0.036703 0.682794
1788249726.890436888 -4.280241 0.209988 4.056202 0.006490 -0.729670 0.036756 0.682780
1788249726.923777342 -4.290735 0.210879 4.054758 0.006828 -0.729354 0.037229 0.683089
1788249726.957118034 -4.300841 0.210462 4.053783 0.007094 -0.729394 0.037365 0.683036
1788249726.990458727 -4.310706 0.210772 4.052574 0.007246 -0.729473 0.037178 0.682960
1788249727.023798227 -4.319201 0.210335 4.051249 0.007276 -0.729156 0.037286 0.683292
1788249727.057138681 -4.328040 0.208880 4.050994 0.007487 -0.728894 0.037528 0.683556
1788249727.090479374 -4.337609 0.208421 4.051785 0.007516 -0.729010 0.037721 0.683421
1788249727.123819828 -4.348330 0.208248 4.050926 0.007343 -0.729038 0.037998 0.683378
1788249727.157160521 -4.356917 0.207591 4.051150 0.007503 -0.728877 0.038111 0.683542
1788249727.190500975 -4.367497 0.206925 4.049473 0.007810 -0.728969 0.037932 0.683450
1788249727.223841667 -4.376727 0.206883 4.046588 0.007810 -0.728867 0.037267 0.683596
1788249727.257182360 -4.387249 0.208315 4.044804 0.007806 -0.728644 0.037213 0.683837
1788249727.290522814 -4.396821 0.207704 4.045535 0.007878 -0.728560 0.037412 0.683914
1788249727.323863745 -4.405767 0.207088 4.046461 0.007382 -0.728704 0.037427 0.683766
1788249727.357204437 -4.415504 0.206834 4.044624 0.007159 -0.728555 0.037519 0.683922
1788249727.390544653 -4.423703 0.207171 4.045398 0.007208 -0.728489 0.037864 0.683972
1788249727.423885584 -4.431785 0.206799 4.045394 0.007227 -0.728599 0.037910 0.683853
1788249727.457225323 -4.440654 0.207153 4.043375 0.007375 -0.728977 0.037490 0.683471
1788249727.490566015 -4.449767 0.207937 4.041786 0.007062 -0.729305 0.036982 0.683152
1788249727.523906708 -4.458570 0.207743 4.041101 0.007041 -0.729629 0.037083 0.682801
1788249727.557247400 -4.465363 0.206941 4.039474 0.007523 -0.729655 0.037541 0.682743
1788249727.590588093 -4.473165 0.206539 4.039621 0.007431 -0.730288 0.037566 0.682066
1788249727.623929024 -4.483499 0.206765 4.037049 0.006984 -0.731105 0.036798 0.681236
1788249727.657269716 -4.492831 0.206689 4.035510 0.006699 -0.731965 0.036363 0.680339
1788249727.690608740 -4.500097 0.206854 4.034287 0.007370 -0.732687 0.036978 0.679520
1788249727.723945379 -4.506395 0.206260 4.031262 0.007666 -0.733431 0.037578 0.678681
1788249727.757282495 -4.514802 0.206241 4.027975 0.007585 -0.734457 0.037625 0.677569
1788249727.790618896 -4.521634 0.207227 4.025979 0.007538 -0.735798 0.037959 0.676094
1788249727.823955774 -4.528372 0.206291 4.024306 0.007619 -0.737247 0.038654 0.674474
1788249727.857292652 -4.534370 0.206023 4.021954 0.007709 -0.738674 0.039473 0.672862
1788249727.890629292 -4.540866 0.207269 4.019515 0.007825 -0.740179 0.040083 0.671169
1788249727.923964977 -4.547269 0.206364 4.015502 0.008118 -0.741844 0.040192 0.669317
1788249727.957301617 -4.554046 0.206195 4.012382 0.008299 -0.743742 0.040466 0.667189
1788249727.990638018 -4.560484 0.206277 4.008386 0.008176 -0.745624 0.040575 0.665080
1788249728.023974657 -4.568581 0.205590 4.003962 0.008249 -0.747545 0.040668 0.662913
1788249728.057311296 -4.576415 0.205182 4.000841 0.008240 -0.749654 0.040833 0.660517
1788249728.090647936 -4.583304 0.205208 3.997961 0.008014 -0.751299 0.040919 0.658643
1788249728.123984337 -4.590796 0.204933 3.994858 0.008207 -0.753015 0.040866 0.656682
1788249728.157320738 -4.598385 0.204912 3.991631 0.008480 -0.755177 0.040901 0.654189
1788249728.190657377 -4.605760 0.203811 3.987552 0.008319 -0.757161 0.040781 0.651901
1788249728.223993778 -4.613211 0.203257 3.983332 0.008320 -0.759127 0.040673 0.649617
1788249728.257330179 -4.621169 0.202685 3.979994 0.008230 -0.761369 0.040828 0.646980
1788249728.290666580 -4.627851 0.202834 3.977092 0.008086 -0.763400 0.041040 0.644570
1788249728.324002743 -4.636815 0.201558 3.973493 0.008014 -0.765396 0.040982 0.642203
1788249728.357338190 -4.644032 0.200050 3.968044 0.008585 -0.767290 0.040764 0.639946
1788249728.390674591 -4.651597 0.200435 3.963845 0.008582 -0.769448 0.040861 0.637343
1788249728.424010754 -4.657505 0.199530 3.961308 0.008261 -0.771322 0.040676 0.635091
1788249728.457346916 -4.665116 0.200231 3.955949 0.008360 -0.773128 0.040821 0.632880
1788249728.490683317 -4.672318 0.200317 3.951402 0.008473 -0.775109 0.041010 0.630438
1788249728.524019241 -4.680068 0.199256 3.947519 0.008112 -0.776984 0.040993 0.628132
1788249728.557355642 -4.685921 0.198087 3.943447 0.008278 -0.778696 0.040973 0.626008
1788249728.590691805 -4.693279 0.198068 3.939241 0.008521 -0.780698 0.041202 0.623490
1788249728.624027967 -4.700701 0.197557 3.934601 0.008456 -0.782290 0.041314 0.621485
1788249728.657364130 -4.706839 0.197426 3.931065 0.008415 -0.783653 0.041421 0.619759
1788249728.690701962 -4.714594 0.197070 3.926490 0.008636 -0.785399 0.041766 0.617519
1788249728.724042177 -4.725437 0.197662 3.923894 0.008271 -0.787582 0.042340 0.614698
1788249728.757382393 -4.733725 0.197800 3.917831 0.008138 -0.788823 0.042546 0.613092
1788249728.790721893 -4.739007 0.197452 3.913809 0.008574 -0.790129 0.042557 0.611401
1788249728.824061871 -4.747245 0.198790 3.908979 0.008758 -0.791852 0.043122 0.609126
1788249728.857402325 -4.754966 0.197989 3.905466 0.008549 -0.793484 0.043075 0.607004
1788249728.890742540 -4.761963 0.196901 3.900925 0.008364 -0.794948 0.042985 0.605095
1788249728.924082756 -4.769300 0.197173 3.896255 0.008463 -0.796553 0.043274 0.602958
1788249728.957422972 -4.775904 0.195798 3.892841 0.008129 -0.798155 0.043128 0.600852
1788249728.990763426 -4.783804 0.195748 3.886883 0.008291 -0.799395 0.043271 0.599188
1788249729.024103642 -4.791361 0.196040 3.881219 0.008895 -0.800909 0.043562 0.597133
1788249729.057443857 -4.798363 0.195454 3.875878 0.008984 -0.802592 0.043475 0.594875
1788249729.090784311 -4.806234 0.195847 3.870897 0.009150 -0.804090 0.043618 0.592834
1788249729.124124289 -4.812719 0.195110 3.865896 0.009171 -0.805639 0.043757 0.590717
1788249729.157464743 -4.820109 0.196794 3.860577 0.009261 -0.807340 0.044203 0.588356
1788249729.190805197 -4.827909 0.196068 3.855589 0.009018 -0.808869 0.044122 0.586262
1788249729.224145174 -4.834916 0.195901 3.850374 0.009371 -0.810254 0.044265 0.584330
1788249729.257484674 -4.842238 0.194439 3.845338 0.009579 -0.811972 0.044028 0.581955
1788249729.290824890 -4.848434 0.194253 3.840758 0.009321 -0.813465 0.044015 0.579871
1788249729.324165344 -4.857224 0.193038 3.835661 0.009252 -0.815014 0.044076 0.577689
1788249729.357505322 -4.863575 0.192751 3.830863 0.009351 -0.816526 0.044553 0.575511
1788249729.390845776 -4.870263 0.192620 3.826337 0.009046 -0.818033 0.044822 0.573351
1788249729.424186230 -4.877594 0.192072 3.822085 0.008937 -0.819410 0.044865 0.571380
1788249729.457526445 -4.883818 0.191378 3.816931 0.009215 -0.820755 0.044972 0.569432
1788249729.490866899 -4.890577 0.191839 3.810884 0.009589 -0.822237 0.045105 0.567275
1788249729.524207115 -4.898003 0.191650 3.805801 0.009478 -0.823751 0.044941 0.565088
1788249729.557547331 -4.904272 0.190652 3.801312 0.009391 -0.825160 0.044889 0.563035
1788249729.590887785 -4.911365 0.190236 3.796632 0.009456 -0.826774 0.045121 0.560642
1788249729.624228239 -4.918269 0.189485 3.791637 0.008921 -0.828128 0.045536 0.558615
1788249729.657568455 -4.924828 0.189281 3.786947 0.008730 -0.829428 0.045700 0.556673
1788249729.690909624 -4.931414 0.189478 3.780499 0.009233 -0.830663 0.045903 0.554803
1788249729.724254847 -4.937438 0.189474 3.775095 0.009337 -0.832159 0.046043 0.552544
1788249729.757599592 -4.944115 0.189449 3.770090 0.009398 -0.833538 0.046019 0.550461
1788249729.790944576 -4.951208 0.189665 3.764371 0.009332 -0.834913 0.046172 0.548362
1788249729.824289799 -4.958284 0.189768 3.759720 0.009424 -0.836519 0.046378 0.545890
1788249729.857635260 -4.964532 0.189538 3.753389 0.009310 -0.837845 0.046481 0.543846
1788249729.890980244 -4.971361 0.188310 3.748037 0.009146 -0.839210 0.046309 0.541755
1788249729.924325228 -4.977623 0.188745 3.741391 0.009808 -0.840880 0.046318 0.539147
1788249729.957670450 -4.984685 0.188984 3.734025 0.009980 -0.842822 0.046134 0.536119
1788249729.991016150 -4.990423 0.189065 3.727100 0.009848 -0.844792 0.045755 0.533044
1788249730.024361134 -4.995853 0.188821 3.719348 0.009907 -0.846687 0.045614 0.530040
1788249730.057706594 -5.001214 0.188247 3.712551 0.009744 -0.848809 0.045624 0.526637
1788249730.091051817 -5.006269 0.187210 3.706132 0.009204 -0.850721 0.045627 0.523552
1788249730.124396324 -5.010872 0.186362 3.699470 0.009468 -0.852545 0.045741 0.520562
1788249730.157742023 -5.016204 0.186036 3.692290 0.009630 -0.854581 0.045821 0.517204
1788249730.191087246 -5.021601 0.186260 3.685266 0.009708 -0.856614 0.045778 0.513831
1788249730.224432707 -5.026462 0.185371 3.679241 0.009552 -0.858748 0.045854 0.510252
1788249730.257778645 -5.030813 0.184365 3.672181 0.009507 -0.860650 0.046086 0.507017
1788249730.291123867 -5.035884 0.185000 3.665894 0.009208 -0.862595 0.046464 0.503673
1788249730.324469566 -5.040255 0.184699 3.659868 0.009249 -0.864575 0.046627 0.500250
1788249730.357815266 -5.044831 0.184462 3.652051 0.009620 -0.866647 0.046700 0.496639
1788249730.391160727 -5.048869 0.184557 3.643904 0.009555 -0.868642 0.046557 0.493155
1788249730.424506426 -5.054076 0.184874 3.637087 0.009448 -0.870725 0.046722 0.489455
1788249730.457852602 -5.057750 0.184679 3.630874 0.009395 -0.872881 0.047121 0.485562
1788249730.491198063 -5.062837 0.184021 3.624191 0.008992 -0.875156 0.047318 0.481437
1788249730.524543762 -5.067297 0.184722 3.617464 0.008622 -0.877266 0.047459 0.477575
1788249730.557889700 -5.071340 0.184071 3.608927 0.008885 -0.879291 0.047286 0.473849
1788249730.591234684 -5.075501 0.184172 3.600568 0.009137 -0.881492 0.047054 0.469760
1788249730.624580622 -5.078326 0.184653 3.591875 0.008964 -0.883548 0.046797 0.465911
1788249730.657926559 -5.082113 0.184192 3.583758 0.009038 -0.885659 0.046804 0.461884
1788249730.691268682 -5.085518 0.183767 3.575484 0.009190 -0.887814 0.046855 0.457719
1788249730.724605799 -5.088523 0.183110 3.568607 0.009121 -0.889975 0.046767 0.453512
1788249730.757942677 -5.091860 0.182632 3.560621 0.009328 -0.892152 0.046692 0.449220
1788249730.791279793 -5.094331 0.181659 3.552407 0.009206 -0.894299 0.046436 0.444959
1788249730.824616671 -5.096797 0.181509 3.544590 0.009334 -0.896390 0.046511 0.440720
1788249730.857953310 -5.098982 0.181222 3.537452 0.009175 -0.898487 0.047063 0.436374
1788249730.891290188 -5.101527 0.181760 3.531346 0.008955 -0.900616 0.047674 0.431901
1788249730.924627066 -5.103927 0.181012 3.524032 0.008606 -0.902632 0.047872 0.427656
1788249730.957963705 -5.104940 0.180255 3.517268 0.008599 -0.904562 0.048104 0.423531
1788249730.991300106 -5.106413 0.179791 3.509339 0.008639 -0.906595 0.048165 0.419154
1788249731.024635792 -5.107892 0.179930 3.500746 0.008554 -0.908599 0.048103 0.414802
1788249731.057972431 -5.109651 0.179266 3.491959 0.008781 -0.910588 0.047791 0.410449
1788249731.091308832 -5.111695 0.179177 3.482906 0.008754 -0.912627 0.047573 0.405922
1788249731.124645472 -5.113678 0.179843 3.474562 0.008711 -0.914530 0.047456 0.401631
1788249731.157981634 -5.114508 0.177906 3.466583 0.008766 -0.916371 0.047073 0.397455
1788249731.191317797 -5.117898 0.178459 3.457167 0.008930 -0.918291 0.047053 0.392999
1788249731.224654198 -5.120076 0.178778 3.449480 0.008726 -0.920171 0.046936 0.388596
1788249731.257990599 -5.122839 0.178603 3.441855 0.008605 -0.921948 0.047168 0.384335
1788249731.291326761 -5.124203 0.177796 3.433854 0.008377 -0.923767 0.046959 0.379972
1788249731.324662685 -5.127184 0.177301 3.425647 0.008233 -0.925578 0.046859 0.375555
1788249731.357998848 -5.128894 0.175731 3.417182 0.008527 -0.927250 0.046786 0.371411
1788249731.391334772 -5.130355 0.175252 3.408823 0.008503 -0.929028 0.046565 0.366968
1788249731.424670935 -5.132028 0.175695 3.400533 0.008264 -0.930669 0.046480 0.362803
1788249731.458005667 -5.133771 0.175047 3.392559 0.008130 -0.932330 0.046618 0.358500
1788249731.491341591 -5.134504 0.174229 3.385067 0.008080 -0.934038 0.046450 0.354049
1788249731.524677277 -5.135767 0.174206 3.376876 0.007972 -0.935624 0.046396 0.349845
1788249731.558013201 -5.136173 0.173409 3.368566 0.008307 -0.937247 0.046457 0.345457
1788249731.591349125 -5.136906 0.173729 3.360237 0.008384 -0.938879 0.046476 0.340993
1788249731.624684572 -5.138713 0.173575 3.352249 0.008217 -0.940480 0.046527 0.336548
1788249731.658020258 -5.138713 0.172862 3.344413 0.008108 -0.941976 0.046631 0.332326
1788249731.691355467 -5.141391 0.172077 3.335938 0.007838 -0.943678 0.046576 0.327476
1788249731.724690199 -5.141738 0.171913 3.327660 0.007739 -0.945206 0.046412 0.323068
1788249731.758025408 -5.142214 0.171278 3.318296 0.008237 -0.946684 0.046495 0.318684
1788249731.791359901 -5.143019 0.171483 3.309683 0.008277 -0.948237 0.046450 0.314040
1788249731.824694633 -5.142043 0.170549 3.301188 0.007733 -0.949663 0.046150 0.309760
1788249731.858029127 -5.143314 0.170918 3.292768 0.007879 -0.951085 0.046367 0.305330
1788249731.891362667 -5.144741 0.170276 3.284234 0.007537 -0.952552 0.046348 0.300732
1788249731.924697161 -5.143372 0.170238 3.274823 0.007770 -0.953780 0.046444 0.296793
1788249731.958031654 -5.145775 0.169784 3.267365 0.008343 -0.955300 0.046646 0.291817
1788249731.991365910 -5.144943 0.169925 3.257378 0.008377 -0.956600 0.046574 0.287537
1788249732.024700165 -5.144879 0.169573 3.249746 0.008249 -0.957929 0.046525 0.283089
1788249732.058034658 -5.145541 0.169101 3.241310 0.008358 -0.959224 0.046762 0.278625
1788249732.091368675 -5.145932 0.168048 3.233101 0.008219 -0.960554 0.046698 0.274022
1788249732.124702930 -5.145777 0.167866 3.224615 0.008690 -0.961785 0.046801 0.269637
1788249732.158036947 -5.144975 0.167463 3.215154 0.008932 -0.963103 0.046747 0.264892
1788249732.191370726 -5.144151 0.167833 3.206835 0.008797 -0.964330 0.046521 0.260435
1788249732.224704266 -5.142898 0.167303 3.199527 0.008493 -0.965521 0.046435 0.256011
1788249732.258038044 -5.144536 0.166040 3.192330 0.008103 -0.966714 0.046712 0.251428
1788249732.291371822 -5.145276 0.165629 3.183830 0.007600 -0.967798 0.046918 0.247200
1788249732.324705601 -5.146236 0.165968 3.176246 0.007695 -0.968876 0.047264 0.242872
1788249732.358038187 -5.145135 0.165684 3.168532 0.008108 -0.969999 0.047343 0.238317
1788249732.391371965 -5.144831 0.165720 3.159431 0.008148 -0.971078 0.047046 0.233941
1788249732.424705505 -5.145129 0.165118 3.150051 0.007708 -0.972129 0.046780 0.229604
1788249732.458038568 -5.143163 0.164317 3.143633 0.007633 -0.973138 0.046725 0.225302
1788249732.491372108 -5.143908 0.163915 3.135765 0.007471 -0.974192 0.046792 0.220693
1788249732.524705410 -5.141983 0.163408 3.128501 0.007843 -0.975124 0.047075 0.216463
1788249732.558038712 -5.139174 0.163431 3.121148 0.008221 -0.976108 0.047381 0.211898
1788249732.591371536 -5.138331 0.164654 3.113447 0.008462 -0.977090 0.047524 0.207282
1788249732.624704599 -5.137301 0.164418 3.106000 0.008427 -0.978034 0.047509 0.202785
1788249732.658037663 -5.139867 0.164115 3.097510 0.008512 -0.979022 0.047592 0.197936
1788249732.691375494 -5.138272 0.163259 3.089303 0.008179 -0.979935 0.047475 0.193406
1788249732.724719524 -5.136563 0.162799 3.082039 0.008181 -0.980796 0.047376 0.189020
1788249732.758063555 -5.134494 0.161859 3.073658 0.008450 -0.981667 0.047208 0.184472
1788249732.791406631 -5.133337 0.162685 3.065260 0.008505 -0.982579 0.046964 0.179613
1788249732.824750900 -5.132626 0.161515 3.056487 0.008197 -0.983401 0.046471 0.175203
1788249732.858094931 -5.130578 0.161970 3.048457 0.008388 -0.984194 0.046532 0.170668
1788249732.891438961 -5.129055 0.161970 3.040586 0.008366 -0.984967 0.046477 0.166159
1788249732.924783230 -5.127538 0.161262 3.032096 0.008506 -0.985705 0.046446 0.161726
1788249732.958127499 -5.126244 0.160649 3.024141 0.008815 -0.986494 0.046312 0.156866
1788249732.991471767 -5.124079 0.160233 3.015866 0.008655 -0.987220 0.046141 0.152295
1788249733.024816036 -5.121751 0.159340 3.008807 0.008336 -0.987922 0.046040 0.147721
1788249733.058160305 -5.121605 0.159258 3.001070 0.008099 -0.988629 0.046349 0.142823
1788249733.091504574 -5.120151 0.159085 2.993904 0.007792 -0.989275 0.046448 0.138264
1788249733.124849081 -5.118560 0.159104 2.985952 0.007939 -0.989855 0.046653 0.133967
1788249733.158193350 -5.115395 0.158661 2.978238 0.008122 -0.990464 0.046813 0.129320
1788249733.191537857 -5.112539 0.157374 2.970616 0.007803 -0.991088 0.046334 0.124646
1788249733.224882126 -5.111955 0.156126 2.961912 0.007521 -0.991668 0.046177 0.120026
1788249733.258225441 -5.109477 0.156092 2.954718 0.007300 -0.992195 0.046537 0.115454
1788249733.291569948 -5.108433 0.155761 2.946239 0.006793 -0.992731 0.046442 0.110824
1788249733.324914455 -5.105966 0.155875 2.938600 0.006832 -0.993228 0.046268 0.106353
1788249733.358258724 -5.101614 0.155275 2.931226 0.007164 -0.993701 0.046158 0.101870
1788249733.391603231 -5.101396 0.155754 2.921301 0.007392 -0.994226 0.045698 0.096807
1788249733.424947739 -5.098790 0.156347 2.911839 0.007391 -0.994666 0.045575 0.092244
1788249733.458292484 -5.094487 0.155721 2.904597 0.007588 -0.995059 0.045523 0.087906
1788249733.491636992 -5.091808 0.155050 2.897381 0.007553 -0.995464 0.045500 0.083206
1788249733.524981976 -5.088958 0.154542 2.889951 0.007631 -0.995829 0.045481 0.078730
1788249733.558326483 -5.085990 0.154348 2.881276 0.007929 -0.996194 0.045426 0.073965
1788249733.591670990 -5.081862 0.153816 2.873726 0.007802 -0.996545 0.045231 0.069221
1788249733.625015736 -5.078247 0.154025 2.866018 0.007618 -0.996846 0.045489 0.064583
1788249733.658360481 -5.076023 0.153095 2.859269 0.007109 -0.997127 0.045845 0.059875
1788249733.691702127 -5.074495 0.152926 2.852081 0.006666 -0.997389 0.046030 0.055249
1788249733.725045204 -5.073090 0.153293 2.845898 0.006358 -0.997606 0.046533 0.050766
1788249733.758388042 -5.068222 0.152901 2.838243 0.006462 -0.997798 0.046888 0.046457
1788249733.791730881 -5.065268 0.152486 2.831316 0.006519 -0.998013 0.046733 0.041765
1788249733.825073719 -5.061016 0.152155 2.822990 0.006676 -0.998203 0.046442 0.037264
1788249733.858416796 -5.058335 0.151609 2.815324 0.006735 -0.998373 0.046432 0.032396
1788249733.891759872 -5.053970 0.150473 2.807266 0.006745 -0.998522 0.046102 0.027971
1788249733.925102949 -5.050106 0.150419 2.799878 0.006998 -0.998627 0.046229 0.023628
1788249733.958446026 -5.046650 0.150409 2.793139 0.007268 -0.998723 0.046257 0.018960
1788249733.991789103 -5.042356 0.150314 2.785098 0.007122 -0.998811 0.046048 0.014340
1788249734.025132179 -5.040065 0.149935 2.777539 0.006834 -0.998871 0.045975 0.009779
1788249734.058475018 -5.036707 0.150145 2.771404 0.006546 -0.998895 0.046220 0.005378
1788249734.091818333 -5.034087 0.148410 2.763259 0.006352 -0.998911 0.046203 0.000904
1788249734.125160933 -5.028988 0.148747 2.755371 -0.006641 0.998890 -0.046496 0.003455
1788249734.158503771 -5.024634 0.148577 2.747067 -0.006802 0.998869 -0.046344 0.008197
1788249734.191847086 -5.020052 0.149351 2.739707 -0.006981 0.998838 -0.045955 0.012690
1788249734.225190163 -5.016446 0.149003 2.732708 -0.006999 0.998777 -0.045804 0.017251
1788249734.258533478 -5.012566 0.147532 2.724932 -0.007026 0.998717 -0.045605 0.020856
1788249734.291876793 -5.010799 0.148320 2.718052 -0.007175 0.998664 -0.045829 0.022758
1788249734.325220108 -5.009654 0.146727 2.711371 -0.007350 0.998608 -0.046361 0.024063
1788249734.358563662 -5.007361 0.146946 2.703273 -0.007208 0.998557 -0.046741 0.025449
1788249734.391906977 -5.006579 0.146284 2.694691 -0.007016 0.998529 -0.046622 0.026769
1788249734.425250530 -5.004672 0.146883 2.686390 -0.007219 0.998509 -0.046482 0.027699
1788249734.458593607 -5.004955 0.146145 2.677865 -0.007143 0.998507 -0.046421 0.027906
1788249734.491937160 -5.004938 0.144920 2.669754 -0.006813 0.998525 -0.046189 0.027724
1788249734.525280476 -5.003368 0.145508 2.659936 -0.006727 0.998533 -0.046047 0.027696
1788249734.558622837 -5.003574 0.144968 2.652360 -0.006680 0.998516 -0.046327 0.027855
1788249734.591966391 -5.002362 0.142948 2.645573 -0.007003 0.998500 -0.046576 0.027903
1788249734.625309706 -4.999392 0.143840 2.636861 -0.007377 0.998477 -0.047033 0.027889
1788249734.658653498 -4.999036 0.143878 2.629432 -0.007545 0.998468 -0.047138 0.027963
1788249734.691997051 -4.999114 0.143113 2.620690 -0.007340 0.998477 -0.047001 0.027946
1788249734.725333929 -4.999923 0.143280 2.611245 -0.006956 0.998466 -0.047173 0.028136
1788249734.758670807 -5.000246 0.142081 2.603638 -0.006216 0.998462 -0.047254 0.028327
1788249734.792007685 -5.000854 0.142600 2.595701 -0.005790 0.998456 -0.047490 0.028228
1788249734.825344563 -5.001792 0.140600 2.588724 -0.005685 0.998449 -0.047670 0.028193
1788249734.858681202 -5.000158 0.140321 2.580908 -0.006002 0.998417 -0.048294 0.028194
1788249734.892018318 -4.998512 0.139568 2.573081 -0.006324 0.998394 -0.048608 0.028401
1788249734.925354958 -4.996925 0.140493 2.565462 -0.006611 0.998385 -0.048690 0.028511
1788249734.958691597 -4.996263 0.138226 2.557434 -0.006703 0.998400 -0.048249 0.028725
1788249734.992028475 -4.995563 0.138867 2.548787 -0.006725 0.998390 -0.048231 0.029087
1788249735.025364161 -4.995527 0.138508 2.540360 -0.006421 0.998377 -0.048518 0.029117
1788249735.058700800 -4.995911 0.137628 2.532675 -0.006042 0.998384 -0.048780 0.028511
1788249735.092037439 -4.997607 0.137737 2.523868 -0.005747 0.998384 -0.049065 0.028082
1788249735.125374079 -4.996515 0.137417 2.515909 -0.006022 0.998369 -0.049008 0.028677
1788249735.158710957 -4.994219 0.136792 2.506823 -0.006505 0.998352 -0.048673 0.029682
1788249735.192047358 -4.991992 0.136846 2.498556 -0.006752 0.998349 -0.048397 0.030190
1788249735.225383997 -4.990111 0.136705 2.489736 -0.007167 0.998361 -0.047762 0.030707
1788249735.258720875 -4.987718 0.137525 2.480996 -0.007349 0.998347 -0.047371 0.031696
1788249735.292057514 -4.986184 0.137323 2.472684 -0.007431 0.998315 -0.047330 0.032750
1788249735.325393915 -4.984056 0.137440 2.465580 -0.007187 0.998279 -0.047103 0.034174
1788249735.358730555 -4.984128 0.137295 2.458894 -0.007175 0.998220 -0.046927 0.036091
1788249735.392066956 -4.982529 0.137118 2.451559 -0.006992 0.998153 -0.047026 0.037825
1788249735.425403833 -4.980341 0.136147 2.445109 -0.006872 0.998052 -0.047272 0.040120
1788249735.458739042 -4.978803 0.136395 2.438281 -0.006875 0.997938 -0.047225 0.042932
1788249735.492075682 -4.975798 0.136337 2.431320 -0.006785 0.997841 -0.047114 0.045240
1788249735.525411844 -4.971100 0.136868 2.423478 -0.006858 0.997734 -0.047233 0.047428
1788249735.558748484 -4.967793 0.136484 2.416336 -0.006907 0.997587 -0.047324 0.050332
1788249735.592084885 -4.964377 0.135517 2.409189 -0.006875 0.997436 -0.047238 0.053320
1788249735.625421286 -4.961014 0.134882 2.402932 -0.006905 0.997287 -0.047135 0.056115
1788249735.658757687 -4.958214 0.134454 2.396674 -0.007195 0.997115 -0.047210 0.059006
1788249735.692094088 -4.953818 0.134282 2.389875 -0.007408 0.996929 -0.047114 0.062113
1788249735.725431442 -4.949438 0.134028 2.382043 -0.007299 0.996756 -0.046851 0.065026
1788249735.758768797 -4.946588 0.134618 2.375689 -0.007218 0.996563 -0.046999 0.067836
1788249735.792106152 -4.944229 0.134210 2.368394 -0.006922 0.996351 -0.047265 0.070727
1788249735.825443268 -4.941778 0.132314 2.362484 -0.006684 0.996145 -0.047109 0.073699
1788249735.858780384 -4.938572 0.133076 2.355581 -0.006589 0.995939 -0.047125 0.076428
1788249735.892117500 -4.934987 0.132203 2.349784 -0.006864 0.995727 -0.047062 0.079159
1788249735.925453663 -4.931523 0.130829 2.343167 -0.006843 0.995504 -0.046768 0.082088
1788249735.958791018 -4.927010 0.131291 2.335259 -0.006886 0.995285 -0.046292 0.084958
1788249735.992128372 -4.922873 0.131302 2.327234 -0.006953 0.995077 -0.046087 0.087465
1788249736.025465250 -4.918594 0.130827 2.319903 -0.007040 0.994841 -0.046172 0.090061
1788249736.058802366 -4.916286 0.130406 2.314060 -0.007035 0.994582 -0.045907 0.093000
1788249736.092139721 -4.912909 0.129946 2.307594 -0.007190 0.994345 -0.045609 0.095640
1788249736.125476837 -4.907798 0.129623 2.300417 -0.007682 0.994048 -0.045804 0.098552
1788249736.158813715 -4.903615 0.129903 2.294683 -0.007871 0.993731 -0.045734 0.101708
1788249736.192150593 -4.898600 0.128915 2.285891 -0.008086 0.993448 -0.045311 0.104604
1788249736.225487947 -4.895754 0.129137 2.280371 -0.008020 0.993119 -0.045532 0.107600
1788249736.258824825 -4.891823 0.129343 2.274835 -0.007735 0.992779 -0.045913 0.110551
1788249736.292161942 -4.887456 0.129817 2.267625 -0.007280 0.992485 -0.045941 0.113186
1788249736.325499058 -4.884431 0.128707 2.261690 -0.007089 0.992178 -0.046117 0.115782
1788249736.358834743 -4.880229 0.127505 2.256361 -0.007494 0.991835 -0.046179 0.118640
1788249736.392171621 -4.873087 0.127923 2.249125 -0.007637 0.991497 -0.045969 0.121499
1788249736.425508976 -4.869717 0.128242 2.242321 -0.007714 0.991140 -0.045565 0.124523
1788249736.458845854 -4.864216 0.127570 2.235852 -0.007758 0.990794 -0.045649 0.127217
1788249736.492182732 -4.861405 0.127340 2.229845 -0.007280 0.990403 -0.045838 0.130182
1788249736.525519609 -4.860713 0.125811 2.225099 -0.006664 0.990016 -0.045685 0.133182
1788249736.558856487 -4.855864 0.126027 2.218355 -0.006539 0.989680 -0.045744 0.135643
1788249736.592193127 -4.851578 0.124987 2.213274 -0.006997 0.989276 -0.045778 0.138525
1788249736.625530243 -4.845273 0.125614 2.205949 -0.007322 0.988856 -0.045666 0.141507
1788249736.658867121 -4.840903 0.125574 2.199683 -0.007413 0.988431 -0.045366 0.144538
1788249736.692203999 -4.837309 0.124365 2.194319 -0.007549 0.987992 -0.045303 0.147520
1788249736.725542545 -4.831338 0.124092 2.186843 -0.007187 0.987561 -0.045183 0.150436
1788249736.758881092 -4.829567 0.123817 2.181194 -0.006685 0.987139 -0.045105 0.153225
1788249736.792218924 -4.823378 0.123769 2.175392 -0.006655 0.986752 -0.045335 0.155628
1788249736.825557709 -4.819693 0.122840 2.170445 -0.006742 0.986283 -0.045385 0.158560
1788249736.858896494 -4.814832 0.121879 2.164062 -0.006764 0.985817 -0.045235 0.161472
1788249736.892235041 -4.811455 0.121747 2.158571 -0.006771 0.985320 -0.045288 0.164460
1788249736.925574064 -4.804673 0.121792 2.151649 -0.006692 0.984835 -0.045597 0.167262
1788249736.958912611 -4.801465 0.121649 2.146245 -0.006374 0.984338 -0.045753 0.170130
1788249736.992251158 -4.798638 0.121161 2.140566 -0.005700 0.983875 -0.045699 0.172829
1788249737.025590181 -4.794601 0.121308 2.135774 -0.005460 0.983393 -0.045982 0.175484
1788249737.058928728 -4.790446 0.121042 2.130458 -0.005625 0.982855 -0.046283 0.178389
1788249737.092267513 -4.785817 0.120366 2.125650 -0.005666 0.982353 -0.046193 0.181151
1788249737.125606298 -4.779602 0.120279 2.118446 -0.005904 0.981852 -0.046264 0.183822
1788249737.158945084 -4.777669 0.118650 2.116104 -0.006073 0.981215 -0.046441 0.187144
1788249737.192283869 -4.771823 0.118194 2.110853 -0.006093 0.980640 -0.046328 0.190161
1788249737.225622416 -4.766538 0.118126 2.105585 -0.005915 0.980130 -0.046018 0.192854
1788249737.258960247 -4.762101 0.118218 2.098995 -0.005927 0.979530 -0.046006 0.195884
1788249737.292298794 -4.756770 0.116874 2.093654 -0.005884 0.978917 -0.045975 0.198929
1788249737.325637579 -4.751913 0.116255 2.087214 -0.005767 0.978349 -0.045727 0.201767
1788249737.358976364 -4.746894 0.116092 2.081961 -0.005439 0.977784 -0.045631 0.204516
1788249737.392314911 -4.741117 0.116455 2.077103 -0.005295 0.977229 -0.045886 0.207098
1788249737.425653934 -4.735619 0.115395 2.070219 -0.005164 0.976603 -0.045732 0.210070
1788249737.458992481 -4.731646 0.116371 2.064662 -0.004852 0.976020 -0.045434 0.212832
1788249737.492331028 -4.725716 0.116139 2.059093 -0.004982 0.975453 -0.045493 0.215400
1788249737.525670052 -4.719357 0.115504 2.053349 -0.005250 0.974810 -0.045403 0.218303
1788249737.559008598 -4.714540 0.115586 2.047988 -0.005005 0.974181 -0.045015 0.221180
1788249737.592347622 -4.709273 0.115030 2.042211 -0.004796 0.973608 -0.044656 0.223762
1788249737.625686169 -4.703436 0.114740 2.036960 -0.004839 0.972964 -0.044778 0.226524
1788249737.659024715 -4.698349 0.115576 2.030645 -0.004434 0.972269 -0.044601 0.229530
1788249737.692362547 -4.691932 0.115853 2.024597 -0.004083 0.971627 -0.044111 0.232332
1788249737.725702047 -4.687248 0.115458 2.019817 -0.004164 0.970929 -0.043990 0.235255
1788249737.759041548 -4.678117 0.114673 2.013442 -0.004177 0.970243 -0.043899 0.238085
1788249737.792381048 -4.674429 0.114688 2.007967 -0.003702 0.969543 -0.043646 0.240972
1788249737.825720787 -4.668460 0.114738 2.001839 -0.003288 0.968898 -0.043701 0.243548
1788249737.859059811 -4.664841 0.114185 1.998997 -0.003153 0.968190 -0.044010 0.246296
1788249737.892399549 -4.658898 0.113924 1.993366 -0.002884 0.967476 -0.043899 0.249109
1788249737.925738811 -4.654039 0.113357 1.988665 -0.002940 0.966852 -0.043626 0.251565
1788249737.959078550 -4.648267 0.112778 1.983793 -0.003510 0.966171 -0.043939 0.254108
1788249737.992417812 -4.641303 0.113121 1.978393 -0.003686 0.965436 -0.044094 0.256856
1788249738.025757551 -4.634872 0.113254 1.974679 -0.003709 0.964738 -0.043980 0.259486
1788249738.059097052 -4.629269 0.113909 1.969444 -0.003691 0.963984 -0.044229 0.262231
1788249738.092436314 -4.623278 0.113152 1.966053 -0.003687 0.963262 -0.044665 0.264798
1788249738.125774860 -4.617040 0.113906 1.960619 -0.003413 0.962492 -0.044753 0.267570
1788249738.159114599 -4.611665 0.113400 1.956396 -0.003535 0.961753 -0.044739 0.270216
1788249738.192454100 -4.603930 0.112963 1.952246 -0.004119 0.960995 -0.045035 0.272842
1788249738.225793600 -4.596274 0.113191 1.947317 -0.004345 0.960121 -0.045051 0.275897
1788249738.259133339 -4.590296 0.113170 1.942627 -0.004319 0.959305 -0.044813 0.278762
1788249738.292472363 -4.584230 0.112439 1.939182 -0.004411 0.958522 -0.044655 0.281466
1788249738.325812101 -4.578255 0.111993 1.935235 -0.004214 0.957697 -0.044644 0.284264
1788249738.359151840 -4.572116 0.112699 1.929036 -0.003956 0.956870 -0.044548 0.287053
1788249738.392491341 -4.565217 0.112190 1.922396 -0.004073 0.956082 -0.044488 0.289674
1788249738.425831079 -4.557509 0.112545 1.919019 -0.004323 0.955247 -0.044795 0.292365
1788249738.459170103 -4.551998 0.112313 1.914937 -0.004349 0.954335 -0.044609 0.295358
1788249738.492509842 -4.545856 0.111218 1.911956 -0.004541 0.953579 -0.044310 0.297832
1788249738.525849342 -4.538713 0.112501 1.906859 -0.004399 0.952701 -0.044613 0.300584
1788249738.559189081 -4.532660 0.112246 1.900537 -0.004035 0.951775 -0.044546 0.303518
1788249738.592527628 -4.526929 0.111726 1.895135 -0.003641 0.950911 -0.043905 0.306311
1788249738.625867367 -4.520653 0.111055 1.890245 -0.003733 0.950154 -0.043931 0.308647
1788249738.659207106 -4.514921 0.111250 1.885864 -0.003814 0.949236 -0.044202 0.311420
1788249738.692546368 -4.506535 0.111967 1.879689 -0.003752 0.948262 -0.044139 0.314384
1788249738.725881338 -4.501390 0.111899 1.876901 -0.003817 0.947428 -0.044041 0.316902
1788249738.759216547 -4.494415 0.112512 1.871227 -0.003752 0.946455 -0.044186 0.319774
1788249738.792551279 -4.487535 0.111995 1.867388 -0.003597 0.945595 -0.043981 0.322341
1788249738.825886250 -4.481109 0.112516 1.862850 -0.003462 0.944618 -0.043869 0.325208
1788249738.859221220 -4.472795 0.112745 1.853884 -0.003683 0.943709 -0.043763 0.327848
1788249738.892555952 -4.465473 0.112907 1.849271 -0.003811 0.942744 -0.044180 0.330557
1788249738.925890446 -4.459390 0.113025 1.846018 -0.003714 0.941793 -0.044233 0.333249
1788249738.959225178 -4.453963 0.112559 1.842483 -0.003424 0.940891 -0.044068 0.335812
1788249738.992559671 -4.446514 0.112099 1.837832 -0.003313 0.939967 -0.044091 0.338390
1788249739.025893211 -4.440944 0.112689 1.834463 -0.003265 0.938968 -0.044240 0.341132
1788249739.059227943 -4.433630 0.113002 1.829432 -0.003175 0.937976 -0.043941 0.343889
1788249739.092561960 -4.425882 0.113069 1.826054 -0.003590 0.937085 -0.043675 0.346339
1788249739.125896454 -4.417400 0.113593 1.821411 -0.004098 0.936031 -0.043753 0.349163
1788249739.159230947 -4.411033 0.112452 1.817460 -0.004291 0.934919 -0.043303 0.352184
1788249739.192565203 -4.404347 0.112223 1.813954 -0.004458 0.933912 -0.042902 0.354891
1788249739.225899458 -4.398105 0.112744 1.809117 -0.004251 0.932883 -0.043079 0.357568
1788249739.259233475 -4.391552 0.112768 1.808508 -0.004235 0.931874 -0.043380 0.360153
1788249739.292567492 -4.384807 0.112331 1.803015 -0.003980 0.930647 -0.043021 0.363358
1788249739.325901508 -4.378133 0.111766 1.801039 -0.004248 0.929656 -0.042979 0.365889
1788249739.359235525 -4.371142 0.111383 1.798393 -0.004272 0.928500 -0.043154 0.368793
1788249739.392569542 -4.365114 0.110770 1.795053 -0.003909 0.927341 -0.042907 0.371730
1788249739.425903559 -4.359316 0.110925 1.792146 -0.003533 0.926246 -0.043037 0.374437
1788249739.459236145 -4.353447 0.110653 1.787696 -0.003017 0.925044 -0.043448 0.377354
1788249739.492569923 -4.347959 0.110123 1.786441 -0.002586 0.923905 -0.043709 0.380109
1788249739.525903702 -4.341282 0.110299 1.781802 -0.002282 0.922836 -0.043585 0.382712
1788249739.559237242 -4.334821 0.107362 1.783509 -0.002612 0.921914 -0.043628 0.384922
1788249739.592571020 -4.327971 0.108262 1.780351 -0.002496 0.920662 -0.043939 0.387872
1788249739.625904560 -4.320139 0.108109 1.776299 -0.002389 0.919500 -0.043677 0.390650
1788249739.659237862 -4.312943 0.107651 1.773068 -0.002520 0.918393 -0.043637 0.393249
1788249739.692571163 -4.307755 0.107138 1.772366 -0.002459 0.917210 -0.044000 0.395958
1788249739.725913286 -4.300697 0.107944 1.767593 -0.001848 0.915928 -0.043966 0.398923
1788249739.759254932 -4.294695 0.107256 1.763904 -0.001790 0.914773 -0.043654 0.401598
1788249739.792597055 -4.286939 0.107526 1.761574 -0.002053 0.913721 -0.043585 0.403993
1788249739.825938940 -4.280360 0.107317 1.760277 -0.002349 0.912476 -0.043716 0.406781
1788249739.859281063 -4.271758 0.107784 1.755854 -0.002301 0.911155 -0.043441 0.409762
1788249739.892623186 -4.264914 0.108049 1.752370 -0.002164 0.909891 -0.043363 0.412569
1788249739.925964117 -4.258641 0.107544 1.752158 -0.002298 0.908699 -0.043571 0.415166
1788249739.959306717 -4.252355 0.107775 1.747728 -0.002199 0.907337 -0.043532 0.418138
1788249739.992648602 -4.244748 0.106993 1.746496 -0.002178 0.906373 -0.043269 0.420252
1788249740.025990725 -4.237466 0.106949 1.743602 -0.002328 0.905124 -0.043397 0.422921
1788249740.059333324 -4.229754 0.106940 1.740798 -0.002322 0.903791 -0.043467 0.425754
1788249740.092675209 -4.222349 0.106634 1.738965 -0.002439 0.902565 -0.043512 0.428342
1788249740.126017332 -4.217011 0.105617 1.737710 -0.002011 0.901266 -0.043615 0.431061
1788249740.159359932 -4.211408 0.105347 1.734723 -0.001538 0.899765 -0.043921 0.434156
1788249740.192702293 -4.204432 0.105406 1.732643 -0.001424 0.898495 -0.044077 0.436762
1788249740.226044416 -4.196959 0.105901 1.730129 -0.001308 0.897308 -0.044052 0.439200
1788249740.259387016 -4.188962 0.105616 1.728265 -0.001265 0.896006 -0.044178 0.441836
1788249740.292729378 -4.183227 0.105190 1.729587 -0.001256 0.894738 -0.044309 0.444386
1788249740.326071978 -4.175991 0.104422 1.727343 -0.001061 0.893419 -0.044038 0.447059
1788249740.359413385 -4.166835 0.103789 1.724395 -0.001235 0.892072 -0.044208 0.449723
1788249740.392755985 -4.159752 0.103974 1.724234 -0.001362 0.890706 -0.044444 0.452399
1788249740.426098585 -4.152667 0.103724 1.722192 -0.001371 0.889436 -0.044327 0.454903
1788249740.459440947 -4.145498 0.104478 1.720234 -0.001729 0.888280 -0.044259 0.457162
1788249740.492783785 -4.137505 0.104341 1.716472 -0.001935 0.887237 -0.044137 0.459193
1788249740.526126385 -4.131868 0.103473 1.713923 -0.001961 0.886830 -0.044322 0.459961
1788249740.559469223 -4.124334 0.104503 1.709002 -0.001845 0.886487 -0.044406 0.460614
1788249740.592811584 -4.118747 0.103629 1.705902 -0.001820 0.886050 -0.044169 0.461476
1788249740.626154423 -4.113213 0.103317 1.702132 -0.001660 0.885897 -0.044264 0.461762
1788249740.659497023 -4.107337 0.103039 1.698080 -0.001627 0.885900 -0.044219 0.461761
1788249740.692840099 -4.101740 0.103261 1.695097 -0.001489 0.885874 -0.044238 0.461809
1788249740.726189613 -4.093812 0.103643 1.688594 -0.001483 0.885623 -0.044194 0.462295
1788249740.759539127 -4.089847 0.103508 1.686391 -0.001562 0.885580 -0.044134 0.462384
1788249740.792887688 -4.081495 0.103212 1.681695 -0.001678 0.885625 -0.044025 0.462306
1788249740.826237202 -4.075437 0.102385 1.678828 -0.002412 0.885443 -0.044262 0.462628
1788249740.859586954 -4.066980 0.103451 1.673947 -0.002600 0.885340 -0.044336 0.462818
1788249740.892936468 -4.063159 0.102205 1.671501 -0.002888 0.885463 -0.044221 0.462593
1788249740.926286459 -4.056860 0.102901 1.666521 -0.002747 0.885519 -0.044114 0.462496
1788249740.959636688 -4.049480 0.102684 1.661261 -0.002825 0.885448 -0.043918 0.462650
1788249740.992986441 -4.044355 0.103032 1.657307 -0.002648 0.885353 -0.043827 0.462842
1788249741.026336670 -4.036160 0.102568 1.651483 -0.002552 0.885358 -0.043827 0.462832
1788249741.059686661 -4.035319 0.101640 1.651978 -0.002309 0.885262 -0.043848 0.463016
1788249741.093036890 -4.030312 0.101310 1.648748 -0.002262 0.885236 -0.044009 0.463050
1788249741.126387358 -4.023044 0.101423 1.644427 -0.002389 0.885219 -0.044345 0.463050
1788249741.159737825 -4.017201 0.101872 1.639603 -0.002484 0.885114 -0.044710 0.463215
1788249741.193088293 -4.011264 0.101002 1.636871 -0.002523 0.885146 -0.044747 0.463151
1788249741.226438522 -4.006388 0.101060 1.633078 -0.002509 0.885194 -0.044903 0.463044
1788249741.259788036 -4.000960 0.100290 1.629639 -0.002462 0.885160 -0.044802 0.463119
1788249741.293138742 -3.995038 0.100296 1.625033 -0.002123 0.884789 -0.044700 0.463839
1788249741.326489687 -3.988402 0.100580 1.620815 -0.001889 0.884344 -0.044824 0.464675
1788249741.359840393 -3.981431 0.100975 1.616489 -0.001595 0.883940 -0.044789 0.465447
1788249741.393191338 -3.976605 0.100082 1.612859 -0.001487 0.883594 -0.044618 0.466121
1788249741.426542282 -3.969287 0.100969 1.608313 -0.001447 0.883055 -0.044787 0.467125
1788249741.459892988 -3.962665 0.100594 1.606688 -0.001803 0.882448 -0.044933 0.468255
1788249741.493244171 -3.954129 0.100599 1.602772 -0.002022 0.881794 -0.044707 0.469507
1788249741.526595354 -3.947676 0.100753 1.601088 -0.002256 0.880763 -0.044677 0.471441
1788249741.559946537 -3.940205 0.101056 1.599476 -0.002358 0.879669 -0.044636 0.473482
1788249741.593297958 -3.933538 0.101470 1.596898 -0.002042 0.878578 -0.044626 0.475505
1788249741.626649141 -3.928097 0.101380 1.594820 -0.001866 0.877413 -0.044453 0.477667
1788249741.660000801 -3.920050 0.101733 1.592325 -0.001871 0.876399 -0.044519 0.479520
1788249741.693351269 -3.913642 0.101105 1.591054 -0.001990 0.875207 -0.044686 0.481677
1788249741.726690054 -3.905491 0.101169 1.589401 -0.002054 0.873783 -0.044672 0.484255
1788249741.760028839 -3.898705 0.100624 1.588649 -0.001935 0.872503 -0.044333 0.486589
1788249741.793367624 -3.891768 0.100762 1.586960 -0.001880 0.871246 -0.044343 0.488836
1788249741.826706171 -3.882842 0.101377 1.583150 -0.001671 0.869824 -0.044397 0.491357
1788249741.860044956 -3.874797 0.100980 1.582007 -0.001663 0.868502 -0.044118 0.493716
1788249741.893383503 -3.868447 0.100546 1.581601 -0.001679 0.867348 -0.043775 0.495771
1788249741.926722527 -3.861064 0.100358 1.580703 -0.002095 0.865852 -0.044073 0.498351
1788249741.960061073 -3.852632 0.100878 1.579062 -0.002336 0.864373 -0.043975 0.500920
1788249741.993399620 -3.844159 0.101478 1.577143 -0.002449 0.862980 -0.043692 0.503339
1788249742.026738405 -3.837706 0.101224 1.576496 -0.002516 0.861591 -0.043633 0.505719
1788249742.060077190 -3.830238 0.102203 1.575070 -0.002301 0.860255 -0.043707 0.507982
1788249742.093415737 -3.821816 0.102731 1.571724 -0.002012 0.858671 -0.043248 0.510695
1788249742.126753569 -3.816651 0.102065 1.571730 -0.001924 0.857440 -0.042895 0.512789
1788249742.160092115 -3.808814 0.101887 1.570250 -0.002047 0.856067 -0.043010 0.515068
1788249742.193430662 -3.800358 0.102209 1.568916 -0.002164 0.854522 -0.043027 0.517625
1788249742.226769209 -3.793125 0.103136 1.567735 -0.002221 0.853071 -0.042765 0.520035
1788249742.260107994 -3.785641 0.103083 1.566447 -0.002114 0.851735 -0.042294 0.522260
1788249742.293446541 -3.779056 0.102296 1.565289 -0.001880 0.850385 -0.042086 0.524471
1788249742.326784849 -3.771009 0.102542 1.563047 -0.001381 0.848980 -0.041736 0.526772
1788249742.360123396 -3.763211 0.103764 1.560322 -0.001452 0.847486 -0.041729 0.529173
1788249742.393462181 -3.756489 0.103255 1.559583 -0.001839 0.846130 -0.041933 0.531321
1788249742.426800489 -3.749324 0.102829 1.561204 -0.002015 0.844761 -0.042097 0.533482
1788249742.460138798 -3.740866 0.103042 1.559956 -0.002032 0.843285 -0.041843 0.535832
1788249742.493477583 -3.733426 0.103222 1.557442 -0.001906 0.841795 -0.041639 0.538186
1788249742.526815891 -3.725141 0.103290 1.556287 -0.001769 0.840404 -0.041780 0.540345
1788249742.560154200 -3.718871 0.103920 1.555656 -0.001763 0.838688 -0.041945 0.542992
1788249742.593491554 -3.712108 0.104147 1.555726 -0.001926 0.837273 -0.041441 0.545209
1788249742.626830101 -3.704107 0.104761 1.555378 -0.002341 0.835821 -0.041651 0.547414
1788249742.660168648 -3.696851 0.105829 1.554739 -0.002661 0.834232 -0.041911 0.549812
1788249742.693506956 -3.689705 0.106813 1.555016 -0.002575 0.832772 -0.041643 0.552042
1788249742.726845741 -3.681766 0.106039 1.553341 -0.002407 0.831308 -0.040916 0.554299
1788249742.760184765 -3.674391 0.106323 1.552528 -0.002540 0.829817 -0.040942 0.556527
1788249742.793523312 -3.667084 0.106494 1.552661 -0.002501 0.828356 -0.040699 0.558716
1788249742.826862097 -3.658823 0.106149 1.550312 -0.002557 0.826862 -0.040043 0.560971
1788249742.860201120 -3.651474 0.106348 1.549661 -0.002994 0.825623 -0.040074 0.562790
1788249742.893539906 -3.643012 0.107361 1.547428 -0.003431 0.824574 -0.040390 0.564301
1788249742.926878691 -3.637717 0.106513 1.546950 -0.003272 0.824266 -0.040103 0.564771
1788249742.960217476 -3.631159 0.106480 1.543015 -0.003007 0.824074 -0.040012 0.565059
1788249742.993556261 -3.626034 0.106742 1.542073 -0.002979 0.823786 -0.040399 0.565452
1788249743.026893854 -3.619315 0.106834 1.539976 -0.003077 0.823244 -0.040678 0.566221
1788249743.060232639 -3.612850 0.105993 1.538512 -0.003171 0.823177 -0.040472 0.566332
1788249743.093571424 -3.606349 0.106282 1.535759 -0.003219 0.823366 -0.040373 0.566064
1788249743.126909971 -3.599876 0.106475 1.532516 -0.003296 0.823284 -0.040321 0.566186
1788249743.160248995 -3.592700 0.106509 1.529041 -0.003317 0.823124 -0.040006 0.566441
1788249743.193587542 -3.585035 0.107094 1.525484 -0.003280 0.823100 -0.039870 0.566486
1788249743.226926088 -3.579270 0.107482 1.523256 -0.003380 0.823060 -0.039852 0.566545
1788249743.260264874 -3.573660 0.106880 1.522258 -0.003285 0.823045 -0.039961 0.566560
1788249743.293603420 -3.566220 0.107444 1.518886 -0.003503 0.822927 -0.040164 0.566715
1788249743.326941967 -3.555000 0.105726 1.514845 -0.003675 0.822699 -0.040203 0.567042
1788249743.360280752 -3.547675 0.104726 1.511439 -0.003399 0.822626 -0.040058 0.567160
1788249743.393619299 -3.542549 0.104399 1.510103 -0.003272 0.822652 -0.039998 0.567127
1788249743.426957846 -3.535983 0.105787 1.506824 -0.003309 0.822569 -0.040324 0.567225
1788249743.460295439 -3.530329 0.105490 1.503402 -0.003054 0.822490 -0.040233 0.567347
1788249743.493634224 -3.524957 0.105165 1.501412 -0.002863 0.822612 -0.039978 0.567189
1788249743.526972771 -3.518164 0.105031 1.498662 -0.002955 0.822685 -0.039778 0.567096
1788249743.560311079 -3.512048 0.105184 1.496925 -0.003023 0.822563 -0.039657 0.567281
1788249743.593649864 -3.504983 0.104913 1.494194 -0.003160 0.822538 -0.039458 0.567331
1788249743.626988411 -3.498366 0.104969 1.491095 -0.003124 0.822497 -0.039443 0.567392
1788249743.660326719 -3.493161 0.104040 1.489784 -0.003356 0.822484 -0.039380 0.567413
1788249743.693665504 -3.486057 0.104735 1.486724 -0.003260 0.822362 -0.039573 0.567577
1788249743.727003574 -3.480450 0.103889 1.484612 -0.003105 0.822357 -0.039741 0.567574
1788249743.760341644 -3.474844 0.103883 1.482982 -0.003182 0.822420 -0.039759 0.567481
1788249743.793679476 -3.468996 0.103538 1.481044 -0.003196 0.822321 -0.039837 0.567619
1788249743.827017546 -3.462142 0.104492 1.478188 -0.003232 0.822274 -0.040145 0.567665
1788249743.860355854 -3.455619 0.104810 1.474881 -0.003178 0.822290 -0.040068 0.567647
1788249743.893692732 -3.450405 0.103592 1.473642 -0.003034 0.822471 -0.039770 0.567407
1788249743.927030563 -3.442338 0.104040 1.470096 -0.003222 0.822464 -0.039655 0.567424
1788249743.960368395 -3.436229 0.104219 1.468473 -0.003548 0.822390 -0.039780 0.567521
1788249743.993706703 -3.431794 0.105071 1.468567 -0.003370 0.822295 -0.039920 0.567649
1788249744.027044535 -3.424994 0.105418 1.464927 -0.003201 0.822212 -0.040397 0.567737
1788249744.060382366 -3.420532 0.104642 1.463288 -0.002928 0.822030 -0.040584 0.567988
1788249744.093720198 -3.414909 0.104273 1.461690 -0.002470 0.822035 -0.040719 0.567975
1788249744.127058029 -3.410511 0.103188 1.459635 -0.002272 0.821915 -0.040838 0.568139
1788249744.160395622 -3.406049 0.103034 1.457455 -0.001826 0.821861 -0.040953 0.568211
1788249744.193733454 -3.400503 0.103086 1.454663 -0.001483 0.821790 -0.041003 0.568312
1788249744.227071047 -3.394958 0.103199 1.451734 -0.001297 0.821727 -0.040863 0.568413
1788249744.260408640 -3.387758 0.102878 1.449029 -0.001344 0.821887 -0.040785 0.568187
1788249744.293746710 -3.380762 0.102998 1.445843 -0.001492 0.821978 -0.040824 0.568052
1788249744.327084303 -3.373521 0.103352 1.442807 -0.001669 0.821959 -0.040787 0.568081
1788249744.360420704 -3.366649 0.103237 1.440419 -0.001822 0.822020 -0.040454 0.568017
1788249744.393758297 -3.360946 0.103145 1.438548 -0.001849 0.821892 -0.040471 0.568201
1788249744.427096128 -3.354732 0.102847 1.436737 -0.001890 0.821791 -0.040710 0.568330
1788249744.460433722 -3.348845 0.103282 1.433979 -0.001882 0.821638 -0.040997 0.568530
1788249744.493771076 -3.343387 0.102660 1.433223 -0.001914 0.821521 -0.041091 0.568693
1788249744.527108431 -3.338349 0.102259 1.431921 -0.001691 0.821388 -0.041063 0.568887
1788249744.560446024 -3.331866 0.102170 1.428270 -0.001563 0.821479 -0.041101 0.568753
1788249744.593783617 -3.325757 0.102701 1.425326 -0.001536 0.821642 -0.040994 0.568526
1788249744.627120972 -3.318486 0.102527 1.421866 -0.001742 0.821424 -0.040650 0.568865
1788249744.660458326 -3.311667 0.102462 1.419912 -0.002007 0.821400 -0.040339 0.568921
1788249744.693795681 -3.302127 0.101922 1.417795 -0.002234 0.821548 -0.040230 0.568713
1788249744.727135420 -3.296792 0.101546 1.416555 -0.002153 0.821741 -0.040213 0.568436
1788249744.760474682 -3.290917 0.100974 1.414321 -0.002083 0.821616 -0.040126 0.568624
1788249744.793813467 -3.285255 0.101537 1.412217 -0.002126 0.821488 -0.040401 0.568788
1788249744.827152729 -3.279293 0.101344 1.409965 -0.001786 0.821397 -0.040566 0.568910
1788249744.860492468 -3.273284 0.101177 1.407122 -0.001706 0.821197 -0.040788 0.569183
1788249744.893831491 -3.266820 0.101575 1.404693 -0.001619 0.821000 -0.040609 0.569479
1788249744.927171230 -3.259359 0.101565 1.402024 -0.001769 0.820929 -0.040349 0.569600
1788249744.960510492 -3.252388 0.101373 1.399388 -0.001722 0.820846 -0.040305 0.569723
1788249744.993850231 -3.245311 0.101339 1.398173 -0.002073 0.820842 -0.040354 0.569724
1788249745.027189732 -3.236721 0.102300 1.395444 -0.002522 0.820288 -0.039830 0.570556
1788249745.060529232 -3.229558 0.102115 1.393607 -0.002720 0.819530 -0.039719 0.571651
1788249745.093868494 -3.223300 0.101999 1.391790 -0.002557 0.818968 -0.039900 0.572445
1788249745.127207756 -3.218403 0.101231 1.392159 -0.002472 0.818384 -0.040137 0.573263
1788249745.160547495 -3.211501 0.101713 1.391719 -0.002311 0.816901 -0.040063 0.575381
1788249745.193886757 -3.204151 0.102026 1.391164 -0.002018 0.815248 -0.039694 0.577747
1788249745.227226257 -3.196944 0.102405 1.390645 -0.002036 0.813882 -0.039734 0.579667
1788249745.260564566 -3.190755 0.102164 1.391594 -0.001965 0.812479 -0.040097 0.581606
1788249745.293904066 -3.183767 0.102384 1.391108 -0.001703 0.810790 -0.039944 0.583970
1788249745.327243328 -3.177599 0.102350 1.392259 -0.001599 0.809205 -0.039758 0.586178
1788249745.360582829 -3.170491 0.102211 1.392586 -0.001256 0.807360 -0.039808 0.588714
1788249745.393922091 -3.163111 0.101539 1.392513 -0.000988 0.805073 -0.039517 0.591858
1788249745.427261591 -3.154404 0.101786 1.391191 -0.000577 0.802742 -0.039250 0.595033
1788249745.460600853 -3.146632 0.101340 1.391849 -0.000750 0.800767 -0.039203 0.597691
1788249745.493940353 -3.139736 0.100940 1.394017 -0.000803 0.798749 -0.039459 0.600368
1788249745.527279615 -3.131958 0.101452 1.394054 -0.000628 0.796492 -0.039243 0.603374
1788249745.560619116 -3.124131 0.102412 1.393423 -0.000389 0.794281 -0.039097 0.606292
1788249745.593957901 -3.117623 0.102407 1.395190 -0.000228 0.792257 -0.039156 0.608930
1788249745.627297401 -3.110418 0.102394 1.397078 -0.000004 0.790189 -0.038843 0.611631
1788249745.660636902 -3.101844 0.103221 1.397273 -0.000199 0.788077 -0.038528 0.614369
1788249745.693975210 -3.093073 0.102963 1.398387 -0.000527 0.786027 -0.038646 0.616982
1788249745.727323055 -3.085136 0.103223 1.400702 -0.000840 0.783676 -0.038856 0.619952
1788249745.760670662 -3.076941 0.104808 1.400941 -0.000719 0.781346 -0.038724 0.622895
1788249745.794018507 -3.069966 0.104943 1.401838 -0.000554 0.779214 -0.038349 0.625583
1788249745.827366352 -3.062638 0.106207 1.402722 -0.000506 0.776864 -0.038654 0.628480
1788249745.860714197 -3.053708 0.107009 1.403793 -0.000323 0.774688 -0.037884 0.631207
1788249745.894062519 -3.047434 0.106339 1.407005 -0.000601 0.772666 -0.037554 0.633701
1788249745.927410364 -3.035425 0.107394 1.407249 -0.000909 0.770249 -0.037816 0.636621
1788249745.960758448 -3.028299 0.108533 1.409408 -0.001101 0.767736 -0.037700 0.639656
1788249745.994106770 -3.022989 0.108609 1.411788 -0.000982 0.765571 -0.037212 0.642273
1788249746.027454853 -3.015090 0.108660 1.412759 -0.000752 0.763305 -0.037203 0.644966
1788249746.060803413 -3.007248 0.108833 1.414367 -0.000571 0.761115 -0.037146 0.647552
1788249746.094151735 -2.998222 0.110270 1.414046 -0.000371 0.758865 -0.036439 0.650227
1788249746.127499104 -2.993047 0.109973 1.416768 -0.000462 0.756866 -0.036092 0.652573
1788249746.160847425 -2.984192 0.109536 1.418597 -0.000752 0.754510 -0.035946 0.655302
1788249746.194195986 -2.976594 0.110453 1.421561 -0.000994 0.752051 -0.035801 0.658131
1788249746.227544785 -2.970006 0.111088 1.422144 -0.000783 0.749889 -0.035398 0.660615
1788249746.260893345 -2.965000 0.109155 1.425822 -0.000766 0.748111 -0.035318 0.662633
1788249746.294242144 -2.955964 0.110269 1.425943 -0.000488 0.745996 -0.035229 0.665017
1788249746.327590942 -2.949411 0.110833 1.427073 -0.000223 0.744195 -0.035074 0.667041
1788249746.360939980 -2.942318 0.110395 1.429373 -0.000399 0.742205 -0.035497 0.669232
1788249746.394288778 -2.934778 0.110971 1.431576 -0.000480 0.740138 -0.035925 0.671495
1788249746.427637577 -2.929016 0.111314 1.434695 -0.000526 0.738407 -0.036018 0.673392
1788249746.460986853 -2.923387 0.110712 1.437299 -0.000382 0.736909 -0.036129 0.675025
1788249746.494335890 -2.915528 0.110984 1.438281 -0.000040 0.735449 -0.036367 0.676604
1788249746.527684927 -2.907460 0.110638 1.438668 0.000270 0.733851 -0.036101 0.678350
1788249746.561034441 -2.900328 0.110814 1.440353 0.000250 0.732548 -0.035952 0.679766
1788249746.594382524 -2.892927 0.110277 1.442119 -0.000176 0.731373 -0.036154 0.681018
1788249746.627731800 -2.884367 0.111293 1.442961 -0.000271 0.730302 -0.036355 0.682156
1788249746.661081314 -2.873456 0.112363 1.441188 -0.000470 0.729526 -0.036222 0.682993
1788249746.694430590 -2.865334 0.113267 1.441883 -0.000317 0.728995 -0.035927 0.683575
1788249746.727771521 -2.859366 0.112107 1.441925 -0.000326 0.728176 -0.035963 0.684447
1788249746.761112452 -2.851960 0.111618 1.442948 -0.000126 0.727344 -0.036068 0.685324
1788249746.794453382 -2.842397 0.111680 1.442507 -0.000227 0.726804 -0.035876 0.685908
1788249746.827794552 -2.836361 0.110957 1.444947 -0.000647 0.726639 -0.035860 0.686083
1788249746.861135483 -2.827881 0.111058 1.444607 -0.000947 0.726102 -0.036006 0.686643
1788249746.894476414 -2.818360 0.112469 1.443782 -0.000783 0.725633 -0.036423 0.687117
1788249746.927817583 -2.810414 0.112141 1.442910 -0.000701 0.725309 -0.036204 0.687471
1788249746.961158514 -2.802121 0.112511 1.442118 -0.000628 0.724965 -0.036044 0.687842
1788249746.994499445 -2.795052 0.112469 1.441499 -0.000095 0.724535 -0.036201 0.688287
1788249747.027839422 -2.789208 0.112144 1.441119 0.000325 0.724154 -0.036312 0.688681
1788249747.061180592 -2.782372 0.112254 1.442319 0.000302 0.723952 -0.036495 0.688884
1788249747.094521761 -2.774428 0.111891 1.441683 0.000315 0.723504 -0.036783 0.689340
1788249747.127862692 -2.766245 0.112244 1.440989 0.000560 0.723105 -0.036994 0.689746
1788249747.161203861 -2.759949 0.112733 1.440708 0.000665 0.722614 -0.037178 0.690251
1788249747.194544792 -2.751405 0.112560 1.440392 0.000806 0.722357 -0.036917 0.690534
1788249747.227885962 -2.743105 0.113116 1.439753 0.000931 0.722086 -0.036791 0.690824
1788249747.261226892 -2.735217 0.113790 1.439223 0.001121 0.721785 -0.036658 0.691145
1788249747.294568062 -2.726889 0.113490 1.438711 0.001325 0.721378 -0.036670 0.691568
1788249747.327908993 -2.719839 0.113832 1.438489 0.001569 0.721034 -0.036748 0.691923
1788249747.361250162 -2.713076 0.113322 1.437817 0.001856 0.720741 -0.036727 0.692228
1788249747.394591093 -2.705619 0.113195 1.436761 0.001940 0.720466 -0.036491 0.692527
1788249747.427932262 -2.696943 0.113878 1.436131 0.001895 0.720081 -0.036507 0.692926
1788249747.461272717 -2.688754 0.113286 1.437516 0.001601 0.719822 -0.036561 0.693193
1788249747.494613647 -2.680199 0.114610 1.437569 0.001392 0.719309 -0.036458 0.693731
1788249747.527954817 -2.673278 0.113678 1.438754 0.001172 0.719194 -0.035923 0.693879
1788249747.561295748 -2.664745 0.114221 1.437653 0.001267 0.718927 -0.035874 0.694158
1788249747.594637156 -2.654971 0.115151 1.435279 0.001566 0.718381 -0.035828 0.694725
1788249747.627978086 -2.647387 0.115299 1.434812 0.001940 0.718177 -0.035559 0.694949
1788249747.661319256 -2.640380 0.114711 1.435326 0.001849 0.717952 -0.035724 0.695173
1788249747.694660425 -2.633650 0.114073 1.435958 0.001888 0.717722 -0.035985 0.695397
1788249747.728000641 -2.627427 0.112288 1.438842 0.001644 0.717490 -0.036065 0.695632
1788249747.761341095 -2.619061 0.112639 1.439761 0.001563 0.717056 -0.036153 0.696075
1788249747.794680834 -2.611244 0.113126 1.439011 0.001335 0.716600 -0.036268 0.696540
1788249747.828021288 -2.604014 0.113132 1.439196 0.001511 0.716258 -0.036077 0.696900
1788249747.861361742 -2.595191 0.113134 1.438211 0.001832 0.715801 -0.036221 0.697362
1788249747.894701004 -2.589104 0.112229 1.438118 0.002280 0.715431 -0.036108 0.697746
1788249747.928040981 -2.580764 0.113264 1.436568 0.002599 0.714987 -0.036183 0.698196
1788249747.961381197 -2.573537 0.113199 1.436472 0.003030 0.714746 -0.036371 0.698431
1788249747.994721651 -2.567688 0.112363 1.436179 0.003561 0.714437 -0.036346 0.698746
1788249748.028061628 -2.559806 0.112314 1.435945 0.003671 0.714098 -0.036544 0.699082
1788249748.061401606 -2.553973 0.112418 1.436524 0.003911 0.713632 -0.036586 0.699554
1788249748.094742060 -2.544784 0.112892 1.435687 0.003996 0.713212 -0.036514 0.699985
1788249748.128082037 -2.537281 0.112666 1.437353 0.003805 0.713005 -0.036750 0.700185
1788249748.161422491 -2.529411 0.112275 1.436894 0.003882 0.712565 -0.036811 0.700629
1788249748.194762707 -2.522249 0.112302 1.437500 0.003944 0.712405 -0.036687 0.700798
1788249748.228102684 -2.515355 0.112606 1.439248 0.003857 0.712173 -0.036853 0.701025
1788249748.261442900 -2.506940 0.112450 1.438557 0.004182 0.711860 -0.036726 0.701348
1788249748.294783115 -2.497644 0.113018 1.437134 0.004440 0.711476 -0.036701 0.701737
1788249748.328123569 -2.492431 0.112184 1.438579 0.004423 0.711187 -0.036762 0.702027
1788249748.361462593 -2.484588 0.111813 1.438125 0.004212 0.710694 -0.036684 0.702532
1788249748.394802570 -2.473844 0.113712 1.437107 0.004000 0.710232 -0.036904 0.702988
1788249748.428143024 -2.466982 0.114560 1.438405 0.003608 0.709861 -0.037294 0.703345
1788249748.461483002 -2.459141 0.115474 1.439998 0.003191 0.709487 -0.037500 0.703713
1788249748.494822979 -2.451180 0.114060 1.442205 0.002755 0.709299 -0.037041 0.703928
1788249748.528163433 -2.443039 0.114081 1.443086 0.002485 0.709127 -0.037054 0.704102
1788249748.561503649 -2.432588 0.114811 1.440454 0.002558 0.708608 -0.036961 0.704629
1788249748.594843388 -2.423327 0.115643 1.439190 0.002585 0.707920 -0.037079 0.705314
1788249748.628183842 -2.416472 0.114627 1.440211 0.002338 0.707635 -0.036928 0.705608
1788249748.661524057 -2.409760 0.115220 1.440731 0.002312 0.707396 -0.036971 0.705847
1788249748.694864273 -2.401630 0.114786 1.442009 0.002029 0.707063 -0.037091 0.706174
1788249748.728207111 -2.394368 0.115206 1.443773 0.001767 0.706688 -0.037337 0.706538
1788249748.761550426 -2.385895 0.114986 1.444245 0.001422 0.706392 -0.037114 0.706846
1788249748.794892311 -2.377820 0.114918 1.444624 0.001294 0.706108 -0.036701 0.707151
1788249748.828235626 -2.369952 0.114816 1.444543 0.001427 0.705915 -0.036590 0.707349
1788249748.894922256 -2.355221 0.114188 1.446251 0.001553 0.705234 -0.036580 0.708029
1788249748.928265572 -2.347808 0.114183 1.445491 0.001738 0.704704 -0.036682 0.708551
1788249748.961608887 -2.339625 0.114052 1.445117 0.001835 0.704381 -0.036555 0.708878
1788249748.994952202 -2.331573 0.114366 1.445157 0.002036 0.704031 -0.036584 0.709223
1788249749.028295517 -2.324663 0.113390 1.446802 0.001901 0.703651 -0.036696 0.709595
1788249749.061639071 -2.318077 0.113224 1.448950 0.001844 0.703460 -0.036728 0.709783
1788249749.094982624 -2.308861 0.114963 1.447746 0.001666 0.702854 -0.036683 0.710386
1788249749.128325939 -2.301023 0.114069 1.449372 0.001538 0.702317 -0.036411 0.710931
1788249749.161669493 -2.293326 0.114045 1.450456 0.001555 0.701631 -0.036370 0.711610
1788249749.195013046 -2.285504 0.113652 1.451171 0.001649 0.700985 -0.036129 0.712258
1788249749.228356838 -2.279104 0.114363 1.454191 0.001553 0.700516 -0.036222 0.712715
1788249749.261699438 -2.270884 0.113602 1.453207 0.001798 0.699556 -0.036079 0.713664
1788249749.295043230 -2.263817 0.113340 1.454330 0.002126 0.698795 -0.035929 0.714416
1788249749.328387022 -2.255025 0.113325 1.453538 0.002236 0.697853 -0.035860 0.715340
1788249749.361730337 -2.245665 0.113828 1.454833 0.002140 0.697151 -0.035845 0.716024
1788249749.395074368 -2.236640 0.114446 1.456171 0.001922 0.696449 -0.035997 0.716700
1788249749.428418159 -2.227951 0.113919 1.457074 0.001730 0.695479 -0.035964 0.717644
1788249749.461761951 -2.238021 0.107635 1.470787 0.001325 0.694900 -0.035322 0.718237
1788249749.495105982 -2.229540 0.107538 1.471092 0.001309 0.694243 -0.035027 0.718887
1788249749.528449535 -2.222313 0.107618 1.472749 0.001410 0.693639 -0.035073 0.719467
1788249749.561793566 -2.216768 0.106579 1.476770 0.001589 0.692869 -0.035039 0.720210
1788249749.595137596 -2.209378 0.106681 1.478971 0.001518 0.692025 -0.035080 0.721019
1788249749.628481627 -2.202928 0.107046 1.481869 0.001317 0.691412 -0.035266 0.721598
1788249749.661825657 -2.195352 0.108228 1.484501 0.001125 0.690673 -0.035617 0.722289
1788249749.695168972 -2.187147 0.109717 1.485444 0.001029 0.689585 -0.035877 0.723315
1788249749.728511572 -2.180143 0.111041 1.487369 0.000860 0.688807 -0.035738 0.724063
1788249749.761854410 -2.174706 0.112290 1.488924 0.000763 0.687929 -0.035745 0.724897
1788249749.795197248 -2.166349 0.113419 1.490114 0.001110 0.687112 -0.035566 0.725679
1788249749.828540325 -2.158302 0.114030 1.491363 0.001529 0.686307 -0.035344 0.726451
1788249749.861883163 -2.150353 0.112683 1.489902 0.001601 0.685289 -0.035133 0.727422
1788249749.895226240 -2.144864 0.114515 1.492354 0.002064 0.684622 -0.034893 0.728060
1788249749.928569317 -2.138614 0.112174 1.493608 0.001853 0.683935 -0.034673 0.728716
1788249749.961912394 -2.131465 0.111255 1.497263 0.001557 0.683217 -0.034929 0.729378
1788249749.995255470 -2.123341 0.111476 1.498382 0.001738 0.682293 -0.034802 0.730248
1788249750.028598309 -2.117459 0.112469 1.500211 0.001773 0.681506 -0.034603 0.730991
1788249750.061941862 -2.110093 0.112891 1.502556 0.001816 0.680882 -0.034320 0.731587
1788249750.095284939 -2.102669 0.113949 1.504347 0.001917 0.680097 -0.034443 0.732310
1788249750.128627062 -2.095173 0.113556 1.505024 0.001772 0.679117 -0.034467 0.733218
1788249750.161970377 -2.087216 0.116665 1.506823 0.001807 0.678247 -0.034605 0.734016
1788249750.195313454 -2.080054 0.115267 1.508089 0.001405 0.677469 -0.034263 0.734751
1788249750.228656769 -2.072523 0.115274 1.509465 0.001215 0.676818 -0.034009 0.735363
1788249750.262000322 -2.063954 0.115325 1.511297 0.001183 0.676103 -0.034195 0.736013
1788249750.295343399 -2.058893 0.110131 1.520485 0.000577 0.675667 -0.033806 0.736431
1788249750.328686714 -2.053167 0.109978 1.521278 0.000703 0.674820 -0.033722 0.737211
1788249750.362030268 -2.047044 0.110346 1.522076 0.001016 0.673963 -0.033645 0.737998
1788249750.395373344 -2.040523 0.110201 1.523884 0.001096 0.673152 -0.033452 0.738747
1788249750.428716898 -2.033433 0.110689 1.525449 0.000921 0.672211 -0.033475 0.739602
1788249750.462060452 -2.025010 0.111878 1.527424 0.000794 0.671210 -0.033419 0.740513
1788249750.495404005 -2.018064 0.112831 1.529792 0.000399 0.670532 -0.033493 0.741124
1788249750.528747320 -2.010066 0.114475 1.531691 0.000239 0.669885 -0.033669 0.741701
1788249750.562090874 -2.003520 0.112820 1.534875 -0.000118 0.669085 -0.033892 0.742413
1788249750.595433474 -1.996749 0.113935 1.537006 0.000053 0.668175 -0.033822 0.743235
1788249750.628777266 -1.990550 0.113627 1.537002 0.000158 0.667563 -0.033624 0.743793
1788249750.662120819 -1.984100 0.111743 1.537850 0.000271 0.667103 -0.033583 0.744208
1788249750.695464611 -1.977942 0.112550 1.538931 0.000584 0.666261 -0.033647 0.744959
1788249750.728804827 -1.971276 0.113156 1.541595 0.000643 0.665459 -0.033889 0.745665
1788249750.762145042 -1.964376 0.113688 1.543750 0.000396 0.664853 -0.034132 0.746194
1788249750.795485497 -1.955814 0.114486 1.545663 0.000165 0.664273 -0.034192 0.746708
1788249750.828825712 -1.950643 0.113968 1.548175 0.000034 0.663588 -0.034278 0.747312
1788249750.862166166 -1.942112 0.112722 1.549823 -0.000050 0.662731 -0.034274 0.748073
1788249750.895506620 -1.936037 0.113207 1.552555 -0.000190 0.662073 -0.034412 0.748649
1788249750.928846598 -1.929480 0.113533 1.555102 -0.000275 0.661475 -0.034491 0.749174
1788249750.962187052 -1.921217 0.114973 1.557068 -0.000204 0.660623 -0.034756 0.749913
1788249750.995527506 -1.916401 0.114466 1.559679 -0.000010 0.659929 -0.034911 0.750517
1788249751.028867006 -1.910264 0.114806 1.561450 0.000099 0.659222 -0.034741 0.751145
1788249751.062206984 -1.898590 0.110521 1.563005 -0.000171 0.658484 -0.034143 0.751820
1788249751.095547438 -1.890493 0.112042 1.564501 -0.000135 0.657733 -0.034194 0.752475
1788249751.128887653 -1.884029 0.112437 1.566294 -0.000097 0.657011 -0.034316 0.753100
1788249751.162227869 -1.877812 0.112541 1.567497 -0.000286 0.656072 -0.034223 0.753922
1788249751.195568323 -1.869529 0.113225 1.569137 -0.000476 0.655266 -0.033972 0.754634
1788249751.228908300 -1.863467 0.112778 1.571778 -0.000450 0.654793 -0.033834 0.755050
1788249751.262248516 -1.855673 0.113594 1.572176 -0.000316 0.654404 -0.034022 0.755379
1788249751.295588732 -1.849327 0.111911 1.574646 -0.000513 0.654065 -0.034014 0.755673
1788249751.328929186 -1.843107 0.114054 1.575978 -0.000406 0.653715 -0.034370 0.755960
1788249751.362268925 -1.836493 0.114991 1.576131 -0.000329 0.653442 -0.034275 0.756200
1788249751.395609140 -1.827619 0.115539 1.576812 -0.000487 0.653295 -0.033965 0.756341
1788249751.428949594 -1.819244 0.115418 1.577134 -0.000557 0.653336 -0.033581 0.756322
1788249751.462288857 -1.812064 0.115153 1.579128 -0.000648 0.653510 -0.033475 0.756177
1788249751.495628595 -1.805251 0.116591 1.581105 -0.000782 0.653424 -0.033515 0.756249
1788249751.528968811 -1.798678 0.116802 1.582404 -0.000820 0.653433 -0.033500 0.756242
1788249751.562309027 -1.791266 0.116781 1.583317 -0.000667 0.653502 -0.033390 0.756188
1788249751.595649481 -1.784294 0.116910 1.583241 -0.000583 0.653321 -0.033562 0.756336
1788249751.628989220 -1.777968 0.116033 1.585908 -0.000862 0.653230 -0.033734 0.756407
1788249751.662329435 -1.771258 0.116887 1.587819 -0.000892 0.653213 -0.033894 0.756415
1788249751.695669651 -1.765232 0.115623 1.588494 -0.001282 0.653264 -0.033755 0.756376
1788249751.729014397 -1.757112 0.115425 1.589803 -0.001527 0.653368 -0.033685 0.756289
1788249751.762359142 -1.749091 0.115823 1.591284 -0.001500 0.653499 -0.033472 0.756186
1788249751.795704126 -1.743667 0.116262 1.592957 -0.001566 0.653522 -0.033628 0.756159
1788249751.829049110 -1.735257 0.117388 1.594609 -0.001508 0.653429 -0.033693 0.756236
1788249751.862394571 -1.729323 0.117848 1.593174 -0.001305 0.653215 -0.033795 0.756417
1788249751.895739317 -1.724810 0.115279 1.595859 -0.001086 0.653270 -0.033662 0.756375
1788249751.929083347 -1.718085 0.114710 1.596174 -0.001041 0.652959 -0.033948 0.756632
1788249751.962428331 -1.712587 0.115838 1.596964 -0.000628 0.652878 -0.034064 0.756696
1788249751.995773554 -1.705999 0.116734 1.598099 -0.000456 0.652816 -0.034479 0.756731
1788249752.029118538 -1.699472 0.115189 1.598564 -0.000421 0.652686 -0.034456 0.756844
1788249752.062463760 -1.692525 0.114220 1.598636 -0.000172 0.652731 -0.034353 0.756811
1788249752.095808983 -1.685770 0.114676 1.599073 0.000029 0.652880 -0.034294 0.756684
1788249752.129153967 -1.679765 0.115012 1.600959 0.000216 0.652979 -0.034453 0.756592
1788249752.162499189 -1.672068 0.115470 1.601188 0.000304 0.652815 -0.034600 0.756727
1788249752.195844412 -1.664880 0.116735 1.603186 0.000251 0.652889 -0.034585 0.756663
1788249752.229189396 -1.657938 0.115837 1.604436 0.000078 0.652911 -0.034539 0.756647
1788249752.262534857 -1.651811 0.113639 1.606267 -0.000139 0.652865 -0.034518 0.756687
1788249752.295880079 -1.644223 0.114809 1.607532 -0.000125 0.652687 -0.034906 0.756823
1788249752.329225302 -1.636795 0.116479 1.609808 -0.000063 0.652331 -0.035105 0.757121
1788249752.362569571 -1.628353 0.115766 1.610878 -0.000169 0.651753 -0.035235 0.757613
1788249752.395914793 -1.622665 0.116176 1.611143 -0.000152 0.651815 -0.035144 0.757563
1788249752.429260254 -1.614533 0.116088 1.612803 -0.000432 0.652118 -0.035337 0.757294
1788249752.462605715 -1.604606 0.116398 1.615162 -0.000626 0.652056 -0.035329 0.757347
1788249752.495950699 -1.596487 0.116509 1.615233 -0.000820 0.651845 -0.035084 0.757539
1788249752.529296160 -1.588405 0.117234 1.617259 -0.001064 0.651863 -0.034750 0.757539
1788249752.562641859 -1.581361 0.117319 1.618476 -0.000810 0.651802 -0.034746 0.757593
1788249752.595987082 -1.572754 0.118106 1.618979 -0.000437 0.651445 -0.035119 0.757882
1788249752.629332542 -1.564771 0.118389 1.619181 -0.000193 0.651111 -0.035345 0.758159
1788249752.662678242 -1.560702 0.118735 1.623079 -0.000110 0.651414 -0.035581 0.757888
1788249752.696023464 -1.550646 0.118484 1.623590 -0.000350 0.650918 -0.035814 0.758303
1788249752.729362965 -1.541425 0.118089 1.623224 -0.000501 0.650569 -0.035783 0.758603
1788249752.762702703 -1.532139 0.117986 1.624354 -0.000950 0.650404 -0.035493 0.758758
1788249752.796041250 -1.525087 0.118302 1.627653 -0.001147 0.650510 -0.035249 0.758679
1788249752.829380989 -1.515337 0.118798 1.627651 -0.001100 0.650274 -0.035047 0.758890
1788249752.862720728 -1.508983 0.117838 1.627873 -0.001000 0.650223 -0.034841 0.758943
1788249752.896060228 -1.501168 0.118042 1.628434 -0.000457 0.650037 -0.034937 0.759099
1788249752.929399729 -1.495315 0.118375 1.629985 -0.000201 0.649863 -0.035207 0.759236
1788249752.962738991 -1.486251 0.119483 1.631600 -0.000269 0.649723 -0.035413 0.759346
1788249752.996078730 -1.480700 0.118385 1.632981 -0.000166 0.649702 -0.035388 0.759365
1788249753.029418468 -1.472424 0.119291 1.635396 0.000007 0.649659 -0.035546 0.759394
1788249753.062757730 -1.463681 0.118744 1.635266 0.000019 0.649471 -0.035151 0.759574
1788249753.096097469 -1.455693 0.118090 1.635730 -0.000066 0.649221 -0.034915 0.759798
1788249753.129436493 -1.447577 0.118643 1.635590 0.000371 0.649033 -0.034613 0.759973
1788249753.162775993 -1.440773 0.118610 1.636806 0.000764 0.649105 -0.034659 0.759909
1788249753.196115494 -1.434318 0.118977 1.637829 0.001023 0.649022 -0.035005 0.759964
1788249753.229454041 -1.427373 0.119196 1.639096 0.001257 0.648814 -0.035030 0.760140
1788249753.262793303 -1.419326 0.118685 1.640841 0.000986 0.648598 -0.035224 0.760315
1788249753.296132803 -1.412405 0.118365 1.642697 0.000876 0.648485 -0.035547 0.760397
1788249753.329472065 -1.402996 0.120134 1.644653 0.000843 0.648386 -0.035693 0.760474
1788249753.362811565 -1.395076 0.119835 1.644868 0.000531 0.648141 -0.035308 0.760701
1788249753.396150589 -1.387108 0.120035 1.646752 0.000610 0.648303 -0.035064 0.760574
1788249753.429489851 -1.379242 0.119506 1.647217 0.000439 0.648206 -0.034584 0.760679
1788249753.462829113 -1.369090 0.117615 1.648347 0.000460 0.647894 -0.034161 0.760964
1788249753.496168613 -1.361595 0.117924 1.647960 0.000647 0.647763 -0.034107 0.761077
1788249753.529507637 -1.354164 0.118649 1.648882 0.000645 0.647507 -0.034296 0.761287
1788249753.562847137 -1.345834 0.119032 1.650420 0.000534 0.647357 -0.034625 0.761400
1788249753.596186161 -1.338912 0.118869 1.652634 0.000695 0.647385 -0.034898 0.761363
1788249753.629525661 -1.330558 0.118612 1.653438 0.000723 0.647353 -0.034881 0.761392
1788249753.662864447 -1.322039 0.119228 1.653451 0.000751 0.647327 -0.034566 0.761427
1788249753.696202755 -1.312714 0.119835 1.655190 0.000577 0.647320 -0.034187 0.761451
1788249753.729542494 -1.303453 0.119404 1.655990 0.000427 0.647260 -0.034064 0.761508
1788249753.762882471 -1.295214 0.120834 1.656592 0.000812 0.647366 -0.034240 0.761409
1788249753.796222210 -1.287017 0.120488 1.659256 0.000599 0.647437 -0.034468 0.761339
1788249753.829562187 -1.280969 0.120793 1.660845 0.000570 0.647154 -0.034883 0.761560
1788249753.862901926 -1.273419 0.120201 1.663465 0.000433 0.647066 -0.035320 0.761616
1788249753.896241426 -1.265171 0.120593 1.664237 0.000754 0.647023 -0.035182 0.761658
1788249753.929581404 -1.256357 0.120576 1.664877 0.000891 0.646870 -0.034759 0.761807
1788249753.962921143 -1.246880 0.120424 1.665272 0.000773 0.646752 -0.034319 0.761928
1788249753.996260881 -1.237865 0.121350 1.665352 0.000800 0.646539 -0.034129 0.762117
1788249754.029600382 -1.230214 0.120932 1.666205 0.000969 0.646694 -0.034055 0.761988
1788249754.062940359 -1.221500 0.121255 1.667997 0.001329 0.647182 -0.034231 0.761565
1788249754.096279860 -1.212532 0.120978 1.667756 0.001210 0.647074 -0.034333 0.761653
1788249754.129618645 -1.204658 0.121019 1.669286 0.000948 0.646747 -0.034401 0.761928
1788249754.162958145 -1.197189 0.121686 1.671897 0.000838 0.646529 -0.034375 0.762114
1788249754.196297884 -1.188135 0.120327 1.670189 0.001097 0.645934 -0.034095 0.762630
1788249754.229637384 -1.178964 0.120746 1.670443 0.001263 0.645941 -0.033754 0.762640
1788249754.262977123 -1.169892 0.121427 1.671336 0.001258 0.646189 -0.033342 0.762448
1788249754.296316624 -1.162137 0.122449 1.672935 0.001219 0.646264 -0.033329 0.762385
1788249754.329656124 -1.153945 0.123239 1.675331 0.000942 0.646411 -0.033452 0.762255
1788249754.362995863 -1.144849 0.122766 1.677064 0.000372 0.646505 -0.033278 0.762184
1788249754.396335125 -1.134816 0.122806 1.678180 0.000097 0.646420 -0.033187 0.762259
1788249754.429674864 -1.126903 0.123503 1.679835 -0.000050 0.646273 -0.033232 0.762382
1788249754.463014364 -1.117934 0.123089 1.680477 0.000010 0.645987 -0.032958 0.762636
1788249754.496353865 -1.110469 0.123788 1.680490 0.000554 0.645968 -0.032802 0.762659
1788249754.529693365 -1.102211 0.122838 1.680445 0.000706 0.646244 -0.032204 0.762450
1788249754.563032866 -1.093041 0.123618 1.681274 0.000650 0.646459 -0.031995 0.762278
1788249754.596371412 -1.084645 0.122239 1.683375 0.000175 0.646359 -0.031704 0.762374
1788249754.629710436 -1.075052 0.123654 1.684592 0.000037 0.646198 -0.031853 0.762505
1788249754.663050175 -1.066062 0.123256 1.687642 -0.000594 0.646578 -0.031835 0.762183
1788249754.696389437 -1.058058 0.122644 1.689808 -0.000909 0.646501 -0.031845 0.762248
1788249754.729734421 -1.051271 0.123284 1.691028 -0.000766 0.646399 -0.031884 0.762333
1788249754.763079643 -1.042494 0.124951 1.691282 -0.000432 0.646388 -0.031705 0.762350
1788249754.796424389 -1.032987 0.124431 1.691717 -0.000643 0.646645 -0.031079 0.762157
1788249754.829769611 -1.023566 0.124832 1.690816 -0.000844 0.646657 -0.030409 0.762174
1788249754.863114595 -1.013454 0.125456 1.692016 -0.001078 0.646525 -0.030179 0.762295
1788249754.896459818 -1.002683 0.127114 1.694779 -0.001455 0.646600 -0.030298 0.762226
1788249754.929804802 -0.995249 0.127520 1.697376 -0.001910 0.646541 -0.030513 0.762266
1788249754.963150024 -0.981656 0.126209 1.695263 -0.002101 0.645843 -0.030123 0.762873
1788249754.996495247 -0.976314 0.125305 1.696361 -0.002010 0.645770 -0.030069 0.762937
1788249755.029839277 -0.968774 0.125208 1.696764 -0.001562 0.645667 -0.029949 0.763030
1788249755.063184500 -0.961815 0.124815 1.696522 -0.001044 0.645817 -0.030007 0.762902
1788249755.096529722 -0.955339 0.125087 1.696960 -0.000614 0.645844 -0.030303 0.762868
1788249755.129874706 -0.946837 0.125999 1.698917 -0.000406 0.645744 -0.030498 0.762944
1788249755.163220167 -0.938601 0.125304 1.700329 -0.000616 0.645679 -0.030624 0.762995
1788249755.196565628 -0.929536 0.126144 1.702077 -0.000568 0.645860 -0.030952 0.762828
1788249755.229910612 -0.922667 0.126107 1.703356 -0.000541 0.645833 -0.031232 0.762840
1788249755.263255835 -0.915021 0.125946 1.704073 -0.000401 0.645646 -0.031213 0.762999
1788249755.296601295 -0.907783 0.126770 1.705591 -0.000106 0.645561 -0.031085 0.763076
1788249755.329946756 -0.899399 0.125552 1.706126 0.000124 0.645609 -0.030875 0.763044
1788249755.363291740 -0.891836 0.125893 1.707606 0.000272 0.645809 -0.030926 0.762872
1788249755.396637201 -0.882030 0.126233 1.708544 0.000159 0.645643 -0.030625 0.763025
1788249755.429982901 -0.873966 0.126400 1.709463 0.000236 0.645604 -0.030531 0.763062
1788249755.463327169 -0.864667 0.125864 1.710092 0.000510 0.645640 -0.030337 0.763039
1788249755.496672392 -0.857394 0.125547 1.711244 0.000523 0.645605 -0.030131 0.763077
1788249755.530017853 -0.849338 0.126255 1.712158 0.000614 0.645400 -0.029984 0.763256
1788249755.563363552 -0.840256 0.127073 1.714445 0.000585 0.645228 -0.029901 0.763404
1788249755.596709013 -0.832194 0.127164 1.715139 0.000554 0.644935 -0.029754 0.763658
1788249755.630054235 -0.822769 0.127952 1.716279 0.000483 0.644920 -0.029761 0.763670
1788249755.663399696 -0.813038 0.126871 1.723581 0.000100 0.645740 -0.029813 0.762975
1788249755.696745396 -0.804088 0.126661 1.724461 0.000046 0.645621 -0.029769 0.763078
1788249755.730084419 -0.796434 0.125759 1.724255 0.000327 0.645621 -0.029662 0.763082
1788249755.763423681 -0.787776 0.126543 1.725019 0.000527 0.645509 -0.029556 0.763180
1788249755.796762705 -0.779781 0.127163 1.727042 0.000323 0.645105 -0.029569 0.763521
1788249755.830101967 -0.771309 0.127950 1.729554 0.000291 0.644786 -0.030091 0.763770
1788249755.863440990 -0.763527 0.128327 1.731647 0.000222 0.644693 -0.030496 0.763833
1788249755.896779776 -0.755758 0.128735 1.733249 0.000091 0.644307 -0.030408 0.764162
1788249755.930118084 -0.746629 0.129000 1.735438 0.000018 0.644084 -0.030464 0.764348
1788249755.963457108 -0.739055 0.128774 1.736677 0.000048 0.643845 -0.030815 0.764535
1788249755.996796131 -0.730312 0.128620 1.737914 0.000294 0.643672 -0.030691 0.764686
1788249756.030135155 -0.722615 0.128841 1.738794 0.000581 0.643374 -0.030791 0.764933
1788249756.063473940 -0.716026 0.128874 1.740006 0.001234 0.643210 -0.030870 0.765066
1788249756.096812963 -0.709258 0.128451 1.741747 0.001469 0.643125 -0.031144 0.765126
1788249756.130151987 -0.702774 0.128533 1.743634 0.001569 0.642993 -0.031570 0.765220
1788249756.163491011 -0.694730 0.128662 1.745274 0.001783 0.642854 -0.031736 0.765329
1788249756.196829796 -0.687220 0.128577 1.746359 0.001925 0.642614 -0.031786 0.765528
1788249756.230168581 -0.679754 0.127750 1.747577 0.001935 0.642750 -0.031666 0.765419
1788249756.263507366 -0.671981 0.127674 1.750581 0.001919 0.642755 -0.031715 0.765413
1788249756.296846151 -0.664230 0.127004 1.751563 0.001956 0.642560 -0.031760 0.765575
1788249756.330184698 -0.654993 0.127735 1.751538 0.002376 0.641874 -0.031728 0.766150
1788249756.363523006 -0.646665 0.126693 1.754177 0.002430 0.641925 -0.031770 0.766105
1788249756.396861553 -0.639840 0.127477 1.756094 0.002629 0.641778 -0.032119 0.766213
1788249756.430200338 -0.632377 0.127192 1.758276 0.002435 0.641593 -0.032337 0.766360
1788249756.463539124 -0.624179 0.127639 1.761020 0.002162 0.641479 -0.032593 0.766444
1788249756.496877670 -0.615927 0.128542 1.762261 0.002044 0.641411 -0.032736 0.766496
1788249756.530216217 -0.607358 0.127765 1.763042 0.002010 0.641246 -0.032283 0.766653
1788249756.563555002 -0.599050 0.128356 1.764780 0.002196 0.641088 -0.032517 0.766775
1788249756.596893549 -0.590763 0.128357 1.764613 0.002627 0.640756 -0.032312 0.767060
1788249756.630232096 -0.584039 0.127687 1.765783 0.002814 0.640795 -0.032171 0.767032
1788249756.663570881 -0.575876 0.127860 1.766830 0.003272 0.640727 -0.032212 0.767086
1788249756.696909428 -0.568703 0.128281 1.768463 0.003290 0.640275 -0.032880 0.767435
1788249756.730264664 -0.561535 0.128568 1.771037 0.002963 0.639863 -0.033186 0.767766
1788249756.763619900 -0.553498 0.129060 1.775320 0.002338 0.639565 -0.033360 0.768009
1788249756.796974421 -0.544988 0.129686 1.776659 0.002153 0.639291 -0.033306 0.768241
1788249756.830329895 -0.536421 0.130490 1.778477 0.002212 0.639066 -0.033448 0.768421
1788249756.863685369 -0.527710 0.130705 1.779967 0.002330 0.638600 -0.033403 0.768810
1788249756.897041082 -0.520053 0.130525 1.781076 0.002620 0.637828 -0.033134 0.769461
1788249756.930397034 -0.511570 0.129666 1.782779 0.002817 0.637122 -0.032970 0.770052
1788249756.963752985 -0.504720 0.129766 1.785103 0.003251 0.636323 -0.033189 0.770701
1788249756.997109175 -0.500531 0.126042 1.783982 0.003025 0.634815 -0.032715 0.771966
1788249757.030465126 -0.493262 0.126126 1.787477 0.002864 0.634063 -0.032868 0.772577
1788249757.063821793 -0.484875 0.127058 1.791006 0.002640 0.633368 -0.033025 0.773141
1788249757.097177982 -0.477827 0.128045 1.793407 0.003015 0.632613 -0.033064 0.773756
1788249757.130534410 -0.470376 0.127563 1.795057 0.003130 0.631582 -0.032750 0.774611
1788249757.163891315 -0.463183 0.127306 1.796542 0.003360 0.630611 -0.032403 0.775415
1788249757.197247744 -0.456139 0.127847 1.799651 0.003532 0.630129 -0.032802 0.775789
1788249757.230604649 -0.448316 0.127161 1.801344 0.003777 0.629219 -0.032922 0.776521
1788249757.263960600 -0.440075 0.127471 1.804386 0.003834 0.628177 -0.032986 0.777361
1788249757.297317743 -0.432436 0.128323 1.807413 0.003754 0.627398 -0.033063 0.777988
1788249757.330674887 -0.425472 0.128995 1.810300 0.003794 0.626763 -0.033179 0.778494
1788249757.364032269 -0.416790 0.128578 1.813023 0.003500 0.625715 -0.033239 0.779335
1788249757.397389650 -0.408661 0.129232 1.818298 0.003199 0.624966 -0.033475 0.779928
1788249757.430747271 -0.401611 0.129026 1.819183 0.002969 0.623879 -0.033298 0.780806
1788249757.464104891 -0.394261 0.129656 1.823469 0.002775 0.623367 -0.033465 0.781208
1788249757.497462749 -0.385465 0.129797 1.826656 0.002739 0.622267 -0.033556 0.782081
1788249757.530820370 -0.378637 0.130586 1.828470 0.002957 0.621160 -0.033476 0.782963
1788249757.564178467 -0.372566 0.130245 1.830912 0.003161 0.620249 -0.033363 0.783689
1788249757.597536564 -0.365467 0.131021 1.832972 0.003477 0.619348 -0.033323 0.784402
1788249757.630894899 -0.357592 0.130119 1.835863 0.003464 0.618422 -0.033123 0.785140
1788249757.664253235 -0.348154 0.131303 1.839880 0.003488 0.617554 -0.033224 0.785819
1788249757.697610378 -0.339776 0.131633 1.844140 0.003038 0.616792 -0.033364 0.786413
1788249757.730960846 -0.332297 0.132104 1.847597 0.002678 0.615803 -0.033772 0.787172
1788249757.764311314 -0.325169 0.132812 1.850875 0.002627 0.614827 -0.033562 0.787943
1788249757.797661781 -0.317584 0.132954 1.853572 0.002285 0.613821 -0.033218 0.788743
1788249757.831012249 -0.309894 0.133922 1.856627 0.002737 0.613289 -0.033055 0.789162
1788249757.864362955 -0.302682 0.133559 1.857472 0.003209 0.612348 -0.032796 0.789901
1788249757.897713661 -0.294818 0.133207 1.861706 0.003204 0.611381 -0.032753 0.790652
1788249757.931064367 -0.287221 0.133102 1.864418 0.003246 0.609838 -0.032552 0.791851
1788249757.964415073 -0.280030 0.134053 1.867415 0.003522 0.608281 -0.032491 0.793049
1788249757.997766018 -0.272032 0.134322 1.872611 0.003294 0.606650 -0.032757 0.794287
1788249758.031116962 -0.264320 0.135994 1.877946 0.003316 0.605044 -0.032925 0.795504
1788249758.064467669 -0.257853 0.136236 1.881440 0.003133 0.603140 -0.032887 0.796951
1788249758.097818851 -0.251348 0.136149 1.884955 0.003261 0.601210 -0.032596 0.798419
1788249758.131168604 -0.242973 0.136184 1.889051 0.003556 0.598847 -0.032047 0.800214
1788249758.164519548 -0.237616 0.137027 1.892555 0.003650 0.596220 -0.031856 0.802181
1788249758.197870731 -0.230454 0.136505 1.898793 0.003499 0.594059 -0.031812 0.803784
1788249758.231222153 -0.223974 0.135674 1.904828 0.003434 0.591640 -0.031927 0.805563
1788249758.264573097 -0.217637 0.136606 1.909461 0.003298 0.588495 -0.031681 0.807873
1788249758.297924519 -0.209969 0.135202 1.915025 0.003054 0.585402 -0.031314 0.810132
1788249758.331275702 -0.202780 0.135419 1.921146 0.003111 0.582540 -0.031197 0.812197
1788249758.364627123 -0.196225 0.135788 1.926472 0.003361 0.579523 -0.030688 0.814371
1788249758.397978783 -0.190241 0.135896 1.932433 0.003303 0.576532 -0.030591 0.816495
1788249758.431329966 -0.184540 0.136236 1.938544 0.003231 0.573216 -0.030692 0.818823
1788249758.464681625 -0.177515 0.137300 1.945080 0.003089 0.569717 -0.030311 0.821276
1788249758.498033047 -0.171409 0.137885 1.951759 0.002730 0.566562 -0.030047 0.823466
1788249758.531384706 -0.164698 0.137958 1.958301 0.002560 0.563064 -0.029756 0.825874
1788249758.564735413 -0.158094 0.138401 1.964543 0.002305 0.559458 -0.029218 0.828340
1788249758.598087072 -0.152746 0.138905 1.971188 0.002288 0.556108 -0.029107 0.830597
1788249758.631438971 -0.148498 0.139529 1.978116 0.002286 0.552513 -0.029476 0.832980
1788249758.664790630 -0.144426 0.139712 1.984992 0.002145 0.548866 -0.029396 0.835391
1788249758.698142290 -0.138119 0.140580 1.992360 0.002087 0.545182 -0.029365 0.837801
1788249758.731488228 -0.134527 0.139784 1.997794 0.002244 0.541361 -0.029111 0.840283
1788249758.764834166 -0.130145 0.141062 2.004906 0.002786 0.537979 -0.028766 0.842462
1788249758.798179626 -0.123827 0.141580 2.011228 0.002824 0.534140 -0.028347 0.844916
1788249758.831525564 -0.119084 0.141042 2.018149 0.002734 0.530168 -0.028115 0.847422
1788249758.864871502 -0.111969 0.140716 2.025208 0.002006 0.525572 -0.027780 0.850293
1788249758.898216963 -0.106746 0.140521 2.030518 0.001706 0.520814 -0.027345 0.853230
1788249758.931563139 -0.100561 0.138624 2.037367 0.001346 0.515452 -0.026904 0.856495
1788249758.964908838 -0.096977 0.139400 2.044338 0.001352 0.510440 -0.026404 0.859507
1788249758.998254776 -0.090159 0.136750 2.049605 0.000816 0.504667 -0.025276 0.862944
1788249759.031599760 -0.085844 0.137780 2.059076 0.000770 0.499625 -0.025111 0.865877
1788249759.064945459 -0.081235 0.137918 2.069175 0.000494 0.494076 -0.024702 0.869068
1788249759.098291397 -0.079372 0.138501 2.077833 0.000244 0.488458 -0.024388 0.872247
1788249759.131637335 -0.073999 0.139479 2.087175 0.000018 0.482443 -0.024180 0.875594
1788249759.164983034 -0.071014 0.139838 2.095713 0.000075 0.477014 -0.023839 0.878572
1788249759.198329449 -0.069287 0.139491 2.104207 0.000122 0.471197 -0.023689 0.881710
1788249759.231675386 -0.066107 0.140169 2.112964 0.000345 0.465279 -0.023644 0.884848
1788249759.265021324 -0.065163 0.139828 2.121140 0.000868 0.459876 -0.023446 0.887673
1788249759.298367262 -0.060702 0.140638 2.130084 0.001436 0.454849 -0.023036 0.890270
1788249759.331713438 -0.059130 0.140929 2.137811 0.001550 0.449996 -0.022791 0.892738
1788249759.365059376 -0.058067 0.141270 2.147020 0.001464 0.444951 -0.023048 0.895257
1788249759.398405790 -0.054146 0.142020 2.157412 0.001036 0.439619 -0.023044 0.897888
1788249759.431751728 -0.050223 0.142942 2.166441 0.001184 0.434347 -0.022778 0.900457
1788249759.465096712 -0.047235 0.142276 2.176404 0.000931 0.428999 -0.022402 0.903027
1788249759.498442888 -0.042539 0.143075 2.187649 0.000791 0.423806 -0.021853 0.905489
1788249759.531789064 -0.040407 0.144316 2.195313 0.000852 0.418374 -0.022160 0.908004
1788249759.565135479 -0.037220 0.144902 2.204610 0.000579 0.413097 -0.022108 0.910419
1788249759.598481417 -0.031354 0.145345 2.215166 0.000750 0.407873 -0.021549 0.912784
1788249759.631827831 -0.027907 0.147782 2.224557 0.000963 0.403189 -0.021640 0.914860
1788249759.665173769 -0.023425 0.148512 2.236296 0.000910 0.398067 -0.021317 0.917108
1788249759.698520422 -0.019819 0.148378 2.244721 0.000884 0.392543 -0.021324 0.919486
1788249759.731857538 -0.015782 0.149686 2.254124 0.000624 0.386560 -0.021476 0.922014
1788249759.765194654 -0.015271 0.149888 2.262963 0.000661 0.381131 -0.021201 0.924277
1788249759.798532009 -0.014445 0.149969 2.272439 0.000621 0.375883 -0.020848 0.926432
1788249759.831869125 -0.012590 0.150648 2.280759 0.000652 0.370444 -0.020483 0.928629
1788249759.865205765 -0.011468 0.150875 2.290476 0.000893 0.364824 -0.020414 0.930852
1788249759.898542881 -0.009981 0.150732 2.299689 0.000832 0.358952 -0.020080 0.933140
1788249759.931879044 -0.009502 0.151936 2.309583 0.000930 0.353456 -0.019895 0.935239
1788249759.965215921 -0.006127 0.152474 2.319618 0.001014 0.347620 -0.019507 0.937432
1788249759.998553038 -0.007759 0.151826 2.328065 0.001235 0.342130 -0.018938 0.939461
1788249760.031889677 -0.002313 0.154407 2.339008 0.001591 0.336252 -0.018890 0.941581
1788249760.065226555 -0.002687 0.154881 2.348721 0.001528 0.330492 -0.018613 0.943624
1788249760.098563433 -0.002356 0.155736 2.360518 0.001390 0.324863 -0.018008 0.945589
1788249760.131900311 0.000674 0.156589 2.370486 0.001252 0.318927 -0.017687 0.947613
1788249760.165236950 0.002168 0.158879 2.379661 0.001416 0.313210 -0.017345 0.949525
1788249760.198573589 0.005652 0.161018 2.391129 0.001693 0.307293 -0.017318 0.951456
1788249760.231910229 0.005179 0.161332 2.399745 0.001665 0.301347 -0.017170 0.953358
1788249760.265246868 0.008806 0.162730 2.410903 0.001620 0.295148 -0.016645 0.955305
1788249760.298583508 0.006948 0.163259 2.420210 0.001976 0.289832 -0.016491 0.956934
1788249760.331919909 0.006193 0.162374 2.432496 0.001648 0.284457 -0.016142 0.958552
1788249760.365255594 0.006579 0.161881 2.441833 0.001426 0.278521 -0.016160 0.960293
1788249760.398591757 0.005799 0.162892 2.452977 0.001283 0.272868 -0.015746 0.961922
1788249760.431928396 0.006363 0.163148 2.463260 0.001104 0.267266 -0.014975 0.963506
1788249760.465264559 0.006425 0.163583 2.473464 0.001162 0.261767 -0.014510 0.965021
1788249760.498600721 0.004650 0.162387 2.480810 0.001181 0.256413 -0.013899 0.966467
1788249760.531937122 0.004973 0.161983 2.490796 0.001445 0.250929 -0.013774 0.967907
1788249760.565273523 0.004951 0.163719 2.500719 0.001466 0.245111 -0.013692 0.969397
1788249760.598609686 0.004142 0.163996 2.511107 0.001059 0.239407 -0.013053 0.970831
1788249760.631945848 0.003533 0.165320 2.520973 0.001011 0.233958 -0.012922 0.972160
1788249760.665282249 0.000130 0.164397 2.528164 0.000830 0.228625 -0.012503 0.973434
1788249760.698618174 -0.001326 0.164771 2.539458 0.000901 0.223239 -0.012533 0.974683
1788249760.731955290 -0.006152 0.164185 2.547627 0.000996 0.217952 -0.012518 0.975879
1788249760.765292168 -0.005338 0.166521 2.557452 0.001141 0.212025 -0.012271 0.977186
1788249760.798627615 -0.006254 0.167263 2.569819 0.001298 0.206005 -0.012062 0.978476
1788249760.831964731 -0.007846 0.168254 2.581520 0.001331 0.200120 -0.011490 0.979703
1788249760.865301371 -0.011652 0.166426 2.587123 0.000882 0.194011 -0.011248 0.980934
1788249760.898638010 -0.013359 0.167862 2.599444 0.000711 0.187545 -0.011119 0.982193
1788249760.931974649 -0.016734 0.169908 2.607508 0.000458 0.181636 -0.011059 0.983304
1788249760.965311289 -0.021955 0.169533 2.614839 -0.000017 0.175920 -0.010756 0.984346
1788249760.998648167 -0.025984 0.171098 2.623504 -0.000007 0.170085 -0.010547 0.985373
1788249761.031984806 -0.027943 0.169310 2.632564 -0.000238 0.163830 -0.010187 0.986436
1788249761.065320969 -0.031109 0.170744 2.641281 0.000097 0.157889 -0.010166 0.987405
1788249761.098657608 -0.036063 0.170574 2.648872 0.000029 0.152187 -0.009923 0.988302
1788249761.131994009 -0.039378 0.170816 2.657520 0.000068 0.145801 -0.009332 0.989270
1788249761.165330648 -0.043338 0.170895 2.664527 -0.000084 0.139830 -0.009152 0.990133
1788249761.198666811 -0.043477 0.169889 2.674811 0.000155 0.133774 -0.008597 0.990975
1788249761.232002497 -0.049215 0.171325 2.679386 0.000843 0.128167 -0.008436 0.991716
1788249761.265338421 -0.051667 0.171571 2.688629 0.000994 0.122136 -0.008025 0.992480
1788249761.298674822 -0.055407 0.170761 2.696872 0.000970 0.116281 -0.007741 0.993186
1788249761.332010746 -0.057002 0.172258 2.707224 0.000816 0.110467 -0.007440 0.993852
1788249761.365346909 -0.060873 0.172812 2.718818 0.000342 0.104787 -0.007169 0.994469
1788249761.398683310 -0.063163 0.173454 2.728792 0.000122 0.099384 -0.007204 0.995023
1788249761.432018995 -0.065696 0.174433 2.737028 0.000288 0.094092 -0.007196 0.995537
1788249761.465355396 -0.068073 0.174369 2.745496 0.000242 0.088924 -0.006676 0.996016
1788249761.498691082 -0.072428 0.174116 2.751995 0.000223 0.084043 -0.006305 0.996442
1788249761.532027245 -0.072901 0.174670 2.762548 0.000017 0.078281 -0.006040 0.996913
1788249761.565363169 -0.079521 0.175061 2.766542 -0.000329 0.073522 -0.005854 0.997276
1788249761.598699093 -0.082731 0.175088 2.776148 -0.000595 0.068525 -0.005711 0.997633
1788249761.632034779 -0.084255 0.174251 2.784171 -0.000716 0.063226 -0.005530 0.997984
1788249761.665370703 -0.089741 0.175643 2.789262 -0.000475 0.059065 -0.005282 0.998240
1788249761.698705435 -0.091719 0.174844 2.795172 -0.000048 0.055177 -0.004670 0.998466
1788249761.732045412 -0.092822 0.174321 2.801829 0.000358 0.050906 -0.004220 0.998694
1788249761.765385389 -0.094455 0.174992 2.807880 0.000565 0.047556 -0.003985 0.998860
1788249761.798725605 -0.096027 0.175125 2.814668 0.000632 0.045340 -0.003708 0.998965
1788249761.832065344 -0.096552 0.175672 2.821963 0.000890 0.043323 -0.003690 0.999054
1788249761.865405321 -0.098757 0.175603 2.829075 0.000859 0.040752 -0.003934 0.999161
1788249761.898745298 -0.100824 0.176402 2.835416 0.000797 0.038330 -0.003899 0.999257
1788249761.932085276 -0.102203 0.176435 2.840540 0.000979 0.036454 -0.003793 0.999328
1788249761.965425253 -0.102235 0.176137 2.848293 0.001387 0.034827 -0.003620 0.999386
1788249761.998765230 -0.102489 0.176415 2.854162 0.001331 0.032983 -0.003151 0.999450
1788249762.032104969 -0.104152 0.175816 2.861076 0.001226 0.031437 -0.002822 0.999501
1788249762.065445185 -0.106224 0.174965 2.865628 0.001242 0.030664 -0.002775 0.999525
1788249762.098785400 -0.106446 0.177111 2.872235 0.001687 0.029415 -0.003045 0.999561
1788249762.132123947 -0.107913 0.176636 2.879259 0.001814 0.028060 -0.003294 0.999599
1788249762.165463924 -0.108928 0.177308 2.884986 0.001898 0.026814 -0.003136 0.999634
1788249762.198804140 -0.108545 0.176671 2.893179 0.001856 0.025507 -0.002870 0.999669
1788249762.232144356 -0.109073 0.176897 2.899969 0.002141 0.024175 -0.002722 0.999702
1788249762.265483856 -0.109660 0.177274 2.906592 0.002342 0.022760 -0.002388 0.999735
1788249762.298824072 -0.110952 0.177674 2.912713 0.002270 0.021684 -0.002188 0.999760
1788249762.332164049 -0.111724 0.177899 2.920312 0.002217 0.020473 -0.002486 0.999785
1788249762.365504026 -0.112261 0.177293 2.929542 0.002315 0.018956 -0.002914 0.999813
1788249762.398843765 -0.114454 0.177709 2.935279 0.002379 0.017752 -0.003056 0.999835
1788249762.432183981 -0.117571 0.177069 2.941555 0.002131 0.016738 -0.002771 0.999854
1788249762.465523720 -0.119430 0.178064 2.948040 0.002322 0.015597 -0.002804 0.999872
1788249762.498863935 -0.118529 0.177914 2.955430 0.002523 0.014224 -0.002653 0.999892
1788249762.532203674 -0.120979 0.177472 2.962071 0.002543 0.012906 -0.002245 0.999911
1788249762.565543890 -0.121846 0.178583 2.969150 0.002581 0.011644 -0.002081 0.999927
1788249762.598882675 -0.121793 0.178241 2.977342 0.002464 0.010477 -0.001836 0.999940
1788249762.632222891 -0.122960 0.178883 2.985838 0.002649 0.009185 -0.001742 0.999953
1788249762.665562630 -0.124148 0.178298 2.991744 0.002778 0.007824 -0.001705 0.999964
1788249762.698902607 -0.125968 0.178339 2.998187 0.002929 0.006579 -0.001735 0.999973
1788249762.732246161 -0.129404 0.178867 3.004646 0.003048 0.005530 -0.001723 0.999979
1788249762.765589476 -0.127863 0.179742 3.010681 0.003428 0.004355 -0.001817 0.999983
1788249762.798932791 -0.131369 0.180369 3.018712 0.003710 0.003680 -0.001618 0.999985
1788249762.832276344 -0.128623 0.180050 3.024706 0.003755 0.002382 -0.001151 0.999989
1788249762.865619898 -0.128849 0.179573 3.030287 0.003936 0.001706 -0.000878 0.999990
1788249762.898963213 -0.129497 0.180861 3.038494 0.004336 0.001232 -0.000774 0.999990
1788249762.932306528 -0.128830 0.180053 3.045537 0.004351 0.000441 -0.000644 0.999990
1788249762.965650082 -0.130943 0.180499 3.052549 0.004505 -0.000130 -0.000551 0.999990
1788249762.998993635 -0.132799 0.180958 3.060406 0.004401 -0.000350 -0.000322 0.999990
1788249763.032335758 -0.130760 0.180928 3.067333 0.004284 -0.000818 -0.000058 0.999991
1788249763.065679312 -0.130829 0.181112 3.075984 0.004478 -0.001387 -0.000043 0.999989
1788249763.099022627 -0.132147 0.182240 3.084636 0.004775 -0.001771 -0.000020 0.999987
1788249763.132366419 -0.131579 0.182952 3.091801 0.004653 -0.002003 0.000130 0.999987
1788249763.165709734 -0.131707 0.183666 3.100743 0.004680 -0.002177 -0.000060 0.999987
1788249763.199053049 -0.132207 0.183086 3.107971 0.004752 -0.002405 -0.000079 0.999986
1788249763.232396603 -0.132551 0.183396 3.115860 0.004902 -0.002588 -0.000258 0.999985
1788249763.265740156 -0.134196 0.184820 3.124110 0.004827 -0.002509 -0.000206 0.999985
1788249763.299083471 -0.135410 0.185467 3.131441 0.004501 -0.002596 -0.000072 0.999987
1788249763.332426786 -0.133287 0.185424 3.139511 0.004559 -0.002978 0.000008 0.999985
1788249763.365770340 -0.133236 0.184189 3.148893 0.004543 -0.003344 -0.000113 0.999984
1788249763.399113894 -0.133804 0.186170 3.156041 0.004904 -0.003473 -0.000386 0.999982
1788249763.432457209 -0.135473 0.186510 3.163022 0.005043 -0.003557 -0.000674 0.999981
1788249763.465799809 -0.137072 0.185125 3.170560 0.005136 -0.003617 -0.000948 0.999980
1788249763.499143362 -0.137700 0.186433 3.177208 0.005674 -0.003683 -0.001093 0.999977
1788249763.532486677 -0.136835 0.186871 3.186527 0.005714 -0.003868 -0.000985 0.999976
1788249763.565830231 -0.136197 0.188621 3.195106 0.005472 -0.004157 -0.000592 0.999976
1788249763.599173784 -0.135223 0.188306 3.203562 0.005101 -0.004506 -0.000320 0.999977
1788249763.632517338 -0.133876 0.186319 3.210961 0.004781 -0.004845 -0.000127 0.999977
1788249763.665860653 -0.134406 0.186577 3.220188 0.004936 -0.004903 -0.000087 0.999976
1788249763.699203968 -0.133733 0.188012 3.227021 0.005289 -0.005109 -0.000227 0.999973
1788249763.732551813 -0.137639 0.186699 3.233050 0.005491 -0.004861 -0.000491 0.999973
1788249763.765899658 -0.136240 0.188333 3.241564 0.005744 -0.005365 -0.000664 0.999969
1788249763.799247503 -0.138770 0.188827 3.249793 0.005968 -0.005388 -0.000616 0.999968
1788249763.832595110 -0.138434 0.189937 3.258263 0.006081 -0.005397 -0.000666 0.999967
1788249763.865942955 -0.137850 0.190501 3.266514 0.005736 -0.005401 -0.000266 0.999969
1788249763.899291039 -0.135884 0.189416 3.275303 0.004924 -0.005788 0.000091 0.999971
1788249763.932637691 -0.134576 0.189044 3.284366 0.004574 -0.006008 0.000297 0.999971
1788249763.965985537 -0.133581 0.190541 3.292257 0.004905 -0.006219 0.000387 0.999969
1788249763.999333382 -0.133534 0.190445 3.299630 0.005109 -0.006402 0.000187 0.999966
1788249764.032681465 -0.134504 0.191280 3.307744 0.005326 -0.006596 -0.000071 0.999964
1788249764.066029787 -0.134640 0.191702 3.315415 0.005589 -0.006995 -0.000475 0.999960
1788249764.099377632 -0.136468 0.190601 3.323245 0.005745 -0.007124 -0.000609 0.999958
1788249764.132725716 -0.135402 0.190729 3.330222 0.005827 -0.007166 -0.000550 0.999957
1788249764.166074038 -0.135810 0.191931 3.337999 0.005747 -0.007166 -0.000214 0.999958
1788249764.199422121 -0.135157 0.192790 3.346848 0.005382 -0.007419 -0.000085 0.999958
1788249764.232770205 -0.134967 0.192882 3.355399 0.005168 -0.007602 0.000123 0.999958
1788249764.266118288 -0.134433 0.194707 3.363227 0.005617 -0.007788 0.000228 0.999954
1788249764.299466372 -0.134998 0.194569 3.371288 0.005918 -0.007933 0.000031 0.999951
1788249764.332814693 -0.136018 0.193981 3.377312 0.006048 -0.008083 -0.000134 0.999949
1788249764.366162062 -0.137216 0.194900 3.384868 0.006257 -0.008234 -0.000345 0.999946
1788249764.399510384 -0.136899 0.196352 3.393463 0.006469 -0.008437 -0.000349 0.999943
1788249764.432858467 -0.137463 0.194074 3.399456 0.006168 -0.008275 -0.000199 0.999947
1788249764.466206789 -0.136678 0.196817 3.407626 0.006141 -0.008324 0.000076 0.999947
1788249764.499555111 -0.136693 0.197044 3.416821 0.005509 -0.008542 0.000226 0.999948
1788249764.532903910 -0.137052 0.198837 3.427701 0.005321 -0.008677 0.000314 0.999948
1788249764.566252470 -0.136695 0.197742 3.436689 0.005327 -0.008785 0.000217 0.999947
1788249764.599600792 -0.136906 0.197917 3.443235 0.005247 -0.008736 -0.000050 0.999948
1788249764.632949352 -0.139301 0.198703 3.450241 0.005271 -0.008803 -0.000281 0.999947
1788249764.666297674 -0.139638 0.197510 3.458251 0.005305 -0.009232 -0.000760 0.999943
1788249764.699646235 -0.140349 0.198978 3.466725 0.005441 -0.009391 -0.001050 0.999941
1788249764.732989788 -0.142027 0.199673 3.473089 0.005325 -0.009352 -0.000936 0.999942
1788249764.766334057 -0.140773 0.199619 3.481992 0.005177 -0.009804 -0.000785 0.999938
1788249764.799677372 -0.141522 0.199234 3.490283 0.004872 -0.010033 -0.000688 0.999938
1788249764.833021879 -0.140875 0.197881 3.500682 0.004400 -0.010562 -0.000619 0.999934
1788249764.866366148 -0.142155 0.199682 3.509720 0.004835 -0.011246 -0.000582 0.999925
1788249764.899710417 -0.142940 0.199346 3.517430 0.004993 -0.012022 -0.000600 0.999915
1788249764.933054686 -0.144358 0.199509 3.524880 0.004948 -0.012967 -0.000730 0.999903
1788249764.966399193 -0.145550 0.201209 3.533451 0.004980 -0.014354 -0.000647 0.999884
1788249764.999743462 -0.146332 0.201232 3.544881 0.004700 -0.016932 -0.000158 0.999846
1788249765.033087492 -0.148005 0.202372 3.554012 0.004653 -0.019575 0.000176 0.999798
1788249765.066431761 -0.150690 0.202190 3.558832 0.004695 -0.021699 0.000454 0.999753
1788249765.099776030 -0.152783 0.203327 3.568466 0.004992 -0.024333 0.000767 0.999691
1788249765.133120298 -0.156467 0.203642 3.578676 0.004775 -0.026969 0.001305 0.999624
1788249765.166464806 -0.158473 0.203636 3.584463 0.004369 -0.029238 0.001278 0.999562
1788249765.199809074 -0.162431 0.203714 3.594328 0.004328 -0.031710 0.001103 0.999487
1788249765.233153343 -0.164250 0.203972 3.602352 0.004161 -0.034524 0.001369 0.999394
1788249765.266496897 -0.167418 0.205758 3.612169 0.004065 -0.037079 0.001673 0.999303
1788249765.299841166 -0.169576 0.206963 3.619160 0.004298 -0.039545 0.001785 0.999207
1788249765.333185673 -0.170527 0.204607 3.628049 0.003963 -0.042309 0.002025 0.999095
1788249765.366529942 -0.174343 0.204772 3.638227 0.003202 -0.044946 0.002651 0.998981
1788249765.399874449 -0.177823 0.205224 3.646750 0.002801 -0.047571 0.002799 0.998860
1788249765.433218718 -0.180402 0.204688 3.655547 0.002920 -0.050248 0.002964 0.998728
1788249765.466563225 -0.183028 0.207574 3.665229 0.003229 -0.052804 0.003393 0.998594
1788249765.499907494 -0.185858 0.207669 3.671609 0.003344 -0.055196 0.003889 0.998462
1788249765.533251762 -0.186546 0.207135 3.679610 0.003870 -0.058014 0.004175 0.998300
1788249765.566596031 -0.188606 0.207287 3.687627 0.004011 -0.060587 0.004847 0.998143
1788249765.599940538 -0.192145 0.206735 3.694083 0.003716 -0.062669 0.005204 0.998014
1788249765.633285046 -0.195263 0.206490 3.705002 0.003808 -0.065221 0.005247 0.997850
1788249765.666629314 -0.199491 0.207085 3.712206 0.003881 -0.067770 0.005576 0.997678
1788249765.699972630 -0.202019 0.208096 3.722939 0.003923 -0.070271 0.005785 0.997503
1788249765.733313084 -0.203034 0.208659 3.729404 0.004159 -0.072802 0.005831 0.997321
1788249765.766648293 -0.207878 0.208801 3.739237 0.004147 -0.075549 0.006126 0.997115
1788249765.799983025 -0.208787 0.207854 3.748423 0.003597 -0.078387 0.006372 0.996896
1788249765.833317995 -0.213892 0.209768 3.755690 0.003792 -0.080420 0.006456 0.996733
1788249765.866652727 -0.217404 0.209354 3.763771 0.003815 -0.082989 0.006547 0.996522
1788249765.899987221 -0.219774 0.209667 3.773573 0.003605 -0.085827 0.007076 0.996278
1788249765.933322191 -0.222218 0.211000 3.782302 0.003649 -0.088421 0.007381 0.996049
1788249765.966656685 -0.225887 0.211059 3.790488 0.003658 -0.090998 0.007634 0.995815
1788249765.999991417 -0.228062 0.211169 3.797065 0.003259 -0.093442 0.008103 0.995586
1788249766.033325672 -0.232901 0.212114 3.807142 0.003293 -0.095609 0.007887 0.995382
1788249766.066660166 -0.238020 0.212204 3.815960 0.003513 -0.098225 0.007492 0.995130
1788249766.099994421 -0.243332 0.213379 3.823097 0.003581 -0.100842 0.007493 0.994868
1788249766.133327961 -0.245969 0.214913 3.831667 0.003517 -0.103397 0.007724 0.994604
1788249766.166662216 -0.248563 0.216008 3.840382 0.003685 -0.106145 0.007993 0.994312
1788249766.199996471 -0.253220 0.215689 3.845251 0.003577 -0.108709 0.008443 0.994031
1788249766.233330727 -0.257404 0.215446 3.852662 0.003279 -0.111168 0.008885 0.993757
1788249766.266664505 -0.260540 0.215592 3.862977 0.003464 -0.113727 0.008911 0.993466
1788249766.299998522 -0.263912 0.214934 3.870815 0.003451 -0.116635 0.009094 0.993127
1788249766.333332539 -0.267872 0.215624 3.879343 0.003426 -0.119309 0.009609 0.992805
1788249766.366666555 -0.273229 0.216988 3.888165 0.003504 -0.121580 0.010035 0.992525
1788249766.400000572 -0.276407 0.216959 3.895093 0.003458 -0.124210 0.010455 0.992195
1788249766.433334351 -0.279703 0.217569 3.902401 0.003452 -0.126735 0.010815 0.991872
1788249766.466668129 -0.283424 0.218175 3.910624 0.003386 -0.128926 0.010946 0.991588
1788249766.500001907 -0.287287 0.215999 3.918218 0.003390 -0.131356 0.010434 0.991275
1788249766.533335686 -0.292397 0.218155 3.927667 0.003564 -0.134454 0.010637 0.990856
1788249766.566669226 -0.297479 0.219167 3.934198 0.003409 -0.136791 0.011034 0.990533
1788249766.600001574 -0.301788 0.219150 3.942934 0.003185 -0.139584 0.011235 0.990141
1788249766.633335114 -0.306541 0.219708 3.951383 0.002974 -0.142635 0.011641 0.989702
1788249766.666668653 -0.311528 0.220843 3.959187 0.002720 -0.145310 0.011955 0.989310
1788249766.700001955 -0.317679 0.220669 3.966801 0.002629 -0.147852 0.011663 0.988937
1788249766.733336210 -0.322680 0.220754 3.975650 0.002508 -0.151045 0.011766 0.988454
1788249766.766670942 -0.326144 0.222236 3.983572 0.002259 -0.154361 0.012107 0.987938
1788249766.800006151 -0.333059 0.221603 3.991386 0.002080 -0.157341 0.012315 0.987465
1788249766.833341360 -0.338960 0.222380 3.998579 0.002093 -0.160667 0.012420 0.986928
1788249766.866676092 -0.343830 0.222627 4.006920 0.002001 -0.163716 0.012188 0.986430
1788249766.900011063 -0.350441 0.221193 4.014654 0.001736 -0.166795 0.011767 0.985920
1788249766.933346272 -0.357925 0.222032 4.024806 0.001634 -0.170534 0.011540 0.985283
1788249766.966680765 -0.364968 0.223289 4.030200 0.001525 -0.173749 0.012031 0.984715
1788249767.000015497 -0.369343 0.223426 4.040261 0.001744 -0.177236 0.012395 0.984089
1788249767.033349276 -0.374245 0.225601 4.046887 0.001986 -0.180792 0.012944 0.983434
1788249767.066683769 -0.378937 0.224490 4.052892 0.001714 -0.184110 0.013583 0.982810
1788249767.100018501 -0.385453 0.224052 4.061335 0.001934 -0.187398 0.013485 0.982190
1788249767.133352757 -0.391347 0.225718 4.067220 0.002095 -0.190764 0.013636 0.981539
1788249767.166687250 -0.398614 0.225497 4.074012 0.001958 -0.194021 0.014080 0.980894
1788249767.200021982 -0.404666 0.226548 4.082520 0.002377 -0.197168 0.014568 0.980259
1788249767.233356237 -0.407786 0.225571 4.084832 0.002490 -0.200672 0.014996 0.979541
1788249767.266690493 -0.414159 0.224675 4.092973 0.002498 -0.203887 0.015453 0.978869
1788249767.300024509 -0.418228 0.225582 4.100134 0.002781 -0.207031 0.015514 0.978207
1788249767.333358765 -0.426265 0.224852 4.104174 0.002774 -0.210304 0.015391 0.977511
1788249767.366693020 -0.432420 0.226871 4.112581 0.003020 -0.213743 0.015560 0.976761
1788249767.400027037 -0.438621 0.225845 4.118788 0.003243 -0.216893 0.015443 0.976068
1788249767.433361053 -0.443593 0.225794 4.126612 0.003488 -0.220644 0.015905 0.975219
1788249767.466694117 -0.450258 0.225863 4.130123 0.003575 -0.223587 0.016282 0.974541
1788249767.500027657 -0.457119 0.225505 4.135807 0.003960 -0.226511 0.016192 0.973866
1788249767.533361673 -0.464339 0.227251 4.142024 0.004123 -0.230028 0.016110 0.973042
1788249767.566695452 -0.470657 0.227540 4.149693 0.003691 -0.233617 0.016092 0.972189
1788249767.600028992 -0.479479 0.226849 4.155052 0.003538 -0.236652 0.015848 0.971459
1788249767.633362770 -0.486341 0.227121 4.160000 0.003390 -0.240049 0.016088 0.970622
1788249767.666696310 -0.493067 0.226789 4.166990 0.003124 -0.243347 0.016448 0.969795
1788249767.700029850 -0.499426 0.227690 4.174275 0.003299 -0.246462 0.016547 0.969006
1788249767.733370066 -0.505860 0.227094 4.181013 0.003212 -0.250134 0.016512 0.968065
1788249767.766718864 -0.513348 0.226720 4.187150 0.003072 -0.253467 0.016664 0.967196
1788249767.800067425 -0.519720 0.228612 4.194502 0.003310 -0.257084 0.016846 0.966237
1788249767.833416462 -0.528539 0.229639 4.198316 0.003386 -0.260509 0.017089 0.965314
1788249767.866765499 -0.535643 0.229718 4.204262 0.003248 -0.263692 0.017513 0.964442
1788249767.900114536 -0.541643 0.228806 4.211858 0.003402 -0.266903 0.017433 0.963560
1788249767.933462620 -0.548796 0.229959 4.216838 0.003630 -0.270477 0.017673 0.962557
1788249767.966811657 -0.555095 0.229643 4.221462 0.003456 -0.273954 0.017505 0.961577
1788249768.000160933 -0.562935 0.230707 4.227424 0.003626 -0.277360 0.017580 0.960598
1788249768.033509970 -0.570235 0.231081 4.231874 0.003481 -0.281014 0.018063 0.959528
1788249768.066859007 -0.577904 0.231739 4.237268 0.003029 -0.284154 0.018549 0.958594
1788249768.100208521 -0.585657 0.231771 4.242064 0.002680 -0.287244 0.018705 0.957671
1788249768.133557796 -0.593223 0.233084 4.248060 0.002745 -0.290627 0.018845 0.956647
1788249768.166907310 -0.599896 0.232924 4.253863 0.002369 -0.294181 0.018962 0.955559
1788249768.200256824 -0.607366 0.232140 4.259109 0.002302 -0.297277 0.019080 0.954598
1788249768.233606339 -0.613259 0.230713 4.263462 0.002091 -0.300718 0.019183 0.953518
1788249768.266955853 -0.622069 0.231079 4.269959 0.001937 -0.303767 0.019230 0.952550
1788249768.300305605 -0.629317 0.233328 4.276416 0.002096 -0.307060 0.019177 0.951495
1788249768.333655357 -0.636672 0.233042 4.280027 0.002317 -0.310436 0.019163 0.950398
1788249768.367003918 -0.642836 0.233706 4.284506 0.002465 -0.313823 0.019366 0.949281
1788249768.400353670 -0.650782 0.233409 4.289322 0.002801 -0.317224 0.019746 0.948141
1788249768.433703423 -0.658101 0.233011 4.292638 0.003070 -0.320526 0.020368 0.947016
1788249768.467053413 -0.661700 0.234210 4.298444 0.003288 -0.324176 0.021038 0.945757
1788249768.500403404 -0.669207 0.233826 4.304291 0.003358 -0.327331 0.021305 0.944664
1788249768.533753157 -0.677938 0.233016 4.307829 0.003474 -0.330664 0.021126 0.943506
1788249768.567103386 -0.685206 0.232906 4.309559 0.003138 -0.333993 0.021081 0.942335
1788249768.600453138 -0.692200 0.233412 4.314278 0.002817 -0.337453 0.021212 0.941099
1788249768.633803368 -0.702004 0.234531 4.319565 0.003015 -0.340586 0.021440 0.939964
1788249768.667153835 -0.708362 0.235654 4.325580 0.002990 -0.344160 0.021571 0.938659
1788249768.700503588 -0.717251 0.236939 4.327176 0.003043 -0.347080 0.021753 0.937578
1788249768.733851910 -0.724542 0.234862 4.329891 0.003150 -0.350347 0.021529 0.936367
1788249768.767197132 -0.731825 0.234077 4.335001 0.003064 -0.353770 0.021481 0.935081
1788249768.800541401 -0.740572 0.234909 4.339915 0.002946 -0.356637 0.021911 0.933981
1788249768.833886623 -0.746912 0.234599 4.344130 0.002888 -0.359761 0.022375 0.932772
1788249768.867231846 -0.755918 0.235358 4.346730 0.002752 -0.362797 0.022535 0.931591
1788249768.900577068 -0.762976 0.236314 4.352328 0.002873 -0.366020 0.022487 0.930331
1788249768.933922052 -0.772028 0.236397 4.357126 0.003064 -0.369058 0.022224 0.929135
1788249768.967267752 -0.780497 0.236785 4.360133 0.002713 -0.372483 0.021840 0.927778
1788249769.000612974 -0.788964 0.237662 4.364055 0.002484 -0.375440 0.021753 0.926588
1788249769.033957958 -0.797793 0.238743 4.368520 0.002300 -0.378616 0.021844 0.925293
1788249769.067303181 -0.805537 0.238695 4.371873 0.001658 -0.381964 0.022069 0.923912
1788249769.100648880 -0.813789 0.238269 4.375944 0.001453 -0.384895 0.022276 0.922691
1788249769.133994102 -0.821926 0.238949 4.379979 0.001838 -0.387867 0.022409 0.921441
1788249769.167339325 -0.829113 0.239520 4.382486 0.001767 -0.391143 0.022612 0.920050
1788249769.200684547 -0.837427 0.239764 4.387827 0.001713 -0.394178 0.023013 0.918744
1788249769.234028816 -0.843536 0.239674 4.389967 0.001759 -0.397218 0.023326 0.917426
1788249769.267374516 -0.851644 0.239299 4.393012 0.001506 -0.400373 0.023473 0.916050
1788249769.300719500 -0.861069 0.240790 4.398510 0.001753 -0.403219 0.023361 0.914804
1788249769.334064960 -0.869737 0.241710 4.401175 0.002151 -0.406223 0.023090 0.913480
1788249769.367410660 -0.879705 0.242506 4.404088 0.001885 -0.409393 0.023012 0.912066
1788249769.400755882 -0.887011 0.240316 4.405478 0.001259 -0.412368 0.022944 0.910728
1788249769.434101105 -0.896243 0.241638 4.410273 0.001232 -0.415345 0.022948 0.909374
1788249769.467446566 -0.905320 0.241401 4.413219 0.000864 -0.418554 0.022761 0.907906
1788249769.500792027 -0.914632 0.242531 4.417250 0.000896 -0.421584 0.022528 0.906509
1788249769.534137249 -0.923519 0.243926 4.419977 0.001060 -0.424829 0.022365 0.904997
1788249769.567482710 -0.931307 0.243348 4.422343 0.000536 -0.428038 0.022372 0.903484
1788249769.600828171 -0.939904 0.244205 4.426327 0.000500 -0.430799 0.022670 0.902163
1788249769.634173632 -0.947813 0.243050 4.427803 0.000366 -0.433711 0.022977 0.900759
1788249769.667518854 -0.955911 0.243884 4.430912 0.000373 -0.436803 0.022894 0.899266
1788249769.700863361 -0.964815 0.243996 4.431817 0.000559 -0.439626 0.022838 0.897890
1788249769.734207869 -0.972925 0.243373 4.435421 0.000426 -0.442823 0.022898 0.896317
1788249769.767551184 -0.982013 0.244869 4.438905 0.000128 -0.446063 0.022925 0.894708
1788249769.800894260 -0.990588 0.244960 4.442169 0.000114 -0.448897 0.023301 0.893280
1788249769.834237576 -0.997225 0.245253 4.444588 -0.000001 -0.452042 0.023607 0.891684
1788249769.867581129 -1.006794 0.245677 4.448172 -0.000288 -0.455151 0.023776 0.890097
1788249769.900924206 -1.014634 0.245681 4.450599 -0.000266 -0.457976 0.023577 0.888652
1788249769.934267521 -1.023021 0.245981 4.450914 -0.000189 -0.461005 0.023035 0.887099
1788249769.967610836 -1.033871 0.248303 4.452624 -0.000444 -0.464185 0.023042 0.885439
1788249770.000953674 -1.043109 0.247705 4.455165 -0.000962 -0.466907 0.023099 0.884004
1788249770.034296989 -1.051381 0.248131 4.458397 -0.001012 -0.469867 0.023088 0.882435
1788249770.067640066 -1.059703 0.247619 4.460114 -0.001249 -0.472914 0.023184 0.880803
1788249770.100983381 -1.067309 0.247497 4.461177 -0.001100 -0.475608 0.023195 0.879351
1788249770.134325504 -1.076057 0.248022 4.461212 -0.000753 -0.478351 0.023373 0.877857
1788249770.167668819 -1.085042 0.248615 4.464185 -0.000729 -0.481536 0.023503 0.876111
1788249770.201011896 -1.092132 0.249242 4.466012 -0.000824 -0.484261 0.023973 0.874595
1788249770.234354973 -1.099409 0.248095 4.468332 -0.000933 -0.487289 0.024296 0.872902
1788249770.267698050 -1.109555 0.249561 4.470510 -0.000903 -0.490370 0.024269 0.871176
1788249770.301041365 -1.119160 0.250335 4.471788 -0.000853 -0.493155 0.023928 0.869612
1788249770.334384441 -1.128818 0.250167 4.472401 -0.000800 -0.496114 0.023356 0.867943
1788249770.367727757 -1.138552 0.249585 4.473886 -0.001230 -0.499231 0.023040 0.866162
1788249770.401070595 -1.147858 0.249724 4.477400 -0.001433 -0.502117 0.023141 0.864489
1788249770.434413910 -1.155582 0.250029 4.477886 -0.001600 -0.505024 0.023510 0.862784
1788249770.467756987 -1.165063 0.250001 4.479845 -0.001774 -0.507858 0.023872 0.861108
1788249770.501099825 -1.173230 0.250127 4.480762 -0.001525 -0.510481 0.023985 0.859553
1788249770.534443140 -1.182332 0.249373 4.482263 -0.001413 -0.513468 0.023984 0.857772
1788249770.567785263 -1.190380 0.249591 4.483105 -0.001435 -0.516599 0.024079 0.855888
1788249770.601128340 -1.197920 0.249166 4.485156 -0.001253 -0.519498 0.024412 0.854122
1788249770.634471178 -1.206745 0.250200 4.486012 -0.001088 -0.522197 0.024931 0.852459
1788249770.667814255 -1.215567 0.249510 4.488726 -0.001256 -0.525090 0.025456 0.850665
1788249770.701157331 -1.222881 0.250232 4.489564 -0.000875 -0.527944 0.025828 0.848886
1788249770.734502316 -1.231346 0.249961 4.489753 -0.000637 -0.530765 0.025765 0.847127
1788249770.767849684 -1.242071 0.251236 4.491795 -0.000511 -0.533633 0.025750 0.845324
1788249770.801196575 -1.250331 0.251015 4.492508 -0.000217 -0.536456 0.025695 0.843537
1788249770.834543705 -1.259236 0.251932 4.492759 -0.000105 -0.539462 0.025770 0.841616
1788249770.867891312 -1.267456 0.251813 4.493563 -0.000618 -0.542395 0.025769 0.839728
1788249770.901238441 -1.276720 0.252381 4.494418 -0.000776 -0.545137 0.025619 0.837955
1788249770.934585810 -1.286690 0.252759 4.496461 -0.000873 -0.548140 0.025840 0.835987
1788249770.967933178 -1.295092 0.253218 4.495610 -0.001032 -0.551027 0.025658 0.834092
1788249771.001280546 -1.304297 0.252825 4.496759 -0.000793 -0.553615 0.026000 0.832366
1788249771.034627199 -1.313081 0.251723 4.497175 -0.000861 -0.556410 0.026058 0.830499
1788249771.067974567 -1.321898 0.252536 4.498653 -0.000914 -0.559267 0.026274 0.828571
1788249771.101322174 -1.331316 0.253322 4.499677 -0.000648 -0.561911 0.026316 0.826779
1788249771.134669542 -1.339100 0.252252 4.498981 -0.000491 -0.564750 0.026415 0.824839
1788249771.168017149 -1.347620 0.252068 4.499718 -0.000258 -0.567655 0.026919 0.822826
1788249771.201364756 -1.353526 0.252169 4.499907 0.000309 -0.570550 0.027579 0.820800
1788249771.234712362 -1.361563 0.250996 4.500277 0.000596 -0.573311 0.028133 0.818855
1788249771.268060207 -1.368299 0.251479 4.499900 0.000847 -0.576030 0.028515 0.816930
1788249771.301407814 -1.374626 0.250693 4.498851 0.001392 -0.578606 0.028797 0.815098
1788249771.334755659 -1.383446 0.251014 4.500034 0.002059 -0.581287 0.029093 0.813175
1788249771.368103266 -1.389843 0.250600 4.498641 0.002177 -0.584117 0.029228 0.811140
1788249771.401451349 -1.397696 0.250316 4.498508 0.002186 -0.587034 0.029650 0.809017
1788249771.434799194 -1.405524 0.249639 4.496624 0.002107 -0.589807 0.029879 0.806988
1788249771.468145847 -1.414502 0.250330 4.495467 0.001940 -0.592613 0.029925 0.804929
1788249771.501494169 -1.422947 0.249409 4.494727 0.001811 -0.595303 0.029752 0.802948
1788249771.534842014 -1.432435 0.248373 4.493630 0.002161 -0.597917 0.029535 0.801011
1788249771.568189859 -1.439571 0.248826 4.491291 0.002323 -0.600613 0.029830 0.798980
1788249771.601537943 -1.447246 0.248821 4.492507 0.002429 -0.603244 0.030246 0.796979
1788249771.634885788 -1.454439 0.249803 4.491863 0.002648 -0.605903 0.030902 0.794934
1788249771.668234110 -1.463886 0.250064 4.493173 0.002637 -0.608745 0.031138 0.792750
1788249771.701582193 -1.471699 0.250055 4.492504 0.003035 -0.611234 0.031189 0.790829
1788249771.734923601 -1.479368 0.248213 4.490618 0.003275 -0.613877 0.030774 0.788795
1788249771.768255711 -1.488947 0.248663 4.488137 0.003325 -0.616499 0.030540 0.786756
1788249771.801587820 -1.496584 0.248252 4.487655 0.003489 -0.619027 0.030846 0.784756
1788249771.834919691 -1.504684 0.249017 4.486947 0.003363 -0.621655 0.031438 0.782652
1788249771.868251562 -1.513052 0.248887 4.487069 0.003036 -0.624374 0.031951 0.780466
1788249771.901582479 -1.520598 0.248599 4.487150 0.003338 -0.626891 0.032270 0.778431
1788249771.934914112 -1.527435 0.247144 4.487961 0.003568 -0.629707 0.032394 0.776149
1788249771.968245506 -1.536753 0.247184 4.486179 0.003419 -0.632392 0.032675 0.773952
1788249772.001577377 -1.545339 0.248045 4.485641 0.003580 -0.634883 0.033055 0.771892
1788249772.034908772 -1.553179 0.247741 4.482413 0.003773 -0.637236 0.033611 0.769926
1788249772.068239927 -1.561712 0.246866 4.480841 0.003662 -0.639694 0.033984 0.767869
1788249772.101571321 -1.568058 0.246833 4.481440 0.004025 -0.642246 0.034251 0.765722
1788249772.134902477 -1.577638 0.246922 4.478910 0.004355 -0.644733 0.034486 0.763617
1788249772.168233871 -1.585817 0.245885 4.476847 0.004091 -0.647365 0.034333 0.761396
1788249772.201564789 -1.594348 0.246866 4.475862 0.004217 -0.649847 0.034365 0.759276
1788249772.234895706 -1.602814 0.246387 4.475302 0.004280 -0.652521 0.034443 0.756976
1788249772.268226385 -1.611087 0.247341 4.472884 0.004272 -0.654867 0.034730 0.754933
1788249772.301557302 -1.620060 0.245874 4.473730 0.004203 -0.657346 0.035003 0.752764
1788249772.334887981 -1.627624 0.247298 4.470788 0.004390 -0.659860 0.035318 0.750545
1788249772.368217707 -1.636492 0.246560 4.467977 0.004312 -0.662261 0.035488 0.748420
1788249772.401548147 -1.643303 0.244749 4.466973 0.004366 -0.664752 0.035530 0.746206
1788249772.434878826 -1.652555 0.243796 4.465095 0.004325 -0.667289 0.035472 0.743941
1788249772.468209028 -1.661567 0.243747 4.461686 0.004292 -0.669591 0.035251 0.741881
1788249772.501539469 -1.670494 0.242904 4.459157 0.004472 -0.672024 0.035034 0.739686
1788249772.534869671 -1.679367 0.243070 4.456805 0.004304 -0.674433 0.035250 0.737482
1788249772.568199635 -1.688463 0.243967 4.455792 0.004217 -0.675946 0.035416 0.736088
1788249772.601529598 -1.696885 0.243480 4.456256 0.004416 -0.677355 0.035774 0.734773
1788249772.634859562 -1.703867 0.243103 4.455299 0.004396 -0.679256 0.035998 0.733005
1788249772.668189526 -1.714217 0.242481 4.452813 0.003962 -0.680909 0.036014 0.731471
1788249772.701519489 -1.722517 0.242354 4.450450 0.003843 -0.682280 0.035937 0.730197
1788249772.734852791 -1.731322 0.242929 4.448691 0.003934 -0.683916 0.035972 0.728663
1788249772.768190861 -1.739897 0.242929 4.450479 0.003620 -0.685821 0.035901 0.726875
1788249772.801528215 -1.749027 0.242693 4.449584 0.003509 -0.687218 0.036132 0.725543
1788249772.834866285 -1.757369 0.243014 4.447325 0.003669 -0.688098 0.036272 0.724701
1788249772.868204355 -1.766175 0.243197 4.447682 0.003315 -0.688997 0.036349 0.723844
1788249772.901542425 -1.775381 0.244205 4.446639 0.003285 -0.689657 0.036264 0.723220
1788249772.934880733 -1.783830 0.242099 4.446385 0.003421 -0.690645 0.035967 0.722291
1788249772.968218803 -1.792104 0.242961 4.445379 0.003744 -0.691691 0.035961 0.721288
1788249773.001557112 -1.801784 0.242788 4.442930 0.003675 -0.692488 0.035849 0.720529
1788249773.034895420 -1.809608 0.242083 4.442934 0.003486 -0.693306 0.035908 0.719740
1788249773.068233490 -1.817540 0.242025 4.440473 0.003662 -0.694067 0.036141 0.718994
1788249773.101571798 -1.826483 0.241952 4.439849 0.003666 -0.695056 0.036162 0.718036
1788249773.134909868 -1.836201 0.242124 4.439585 0.003363 -0.696056 0.035852 0.717084
1788249773.168247938 -1.845842 0.242441 4.436487 0.003392 -0.696989 0.035408 0.716199
1788249773.201586008 -1.854796 0.241851 4.434313 0.003523 -0.698032 0.035140 0.715195
1788249773.234923124 -1.863359 0.241870 4.433353 0.003511 -0.699015 0.035001 0.714241
1788249773.268261194 -1.872196 0.241566 4.433460 0.003429 -0.700004 0.034908 0.713277
1788249773.301599503 -1.880098 0.240866 4.429835 0.003780 -0.700886 0.034852 0.712411
1788249773.334937811 -1.888932 0.240809 4.428306 0.003806 -0.702072 0.034772 0.711246
1788249773.368275881 -1.897789 0.240186 4.426558 0.003743 -0.703030 0.034530 0.710312
1788249773.401613951 -1.905931 0.239827 4.426689 0.004123 -0.704007 0.034526 0.709341
1788249773.434952021 -1.914591 0.239480 4.422111 0.004499 -0.704827 0.034674 0.708517
1788249773.468290329 -1.921308 0.239844 4.422812 0.004630 -0.705997 0.034851 0.707341
1788249773.501628637 -1.929562 0.240157 4.422014 0.004733 -0.706972 0.035207 0.706349
1788249773.534966707 -1.938056 0.240424 4.420231 0.005078 -0.707996 0.035671 0.705297
1788249773.568304777 -1.945863 0.239694 4.419448 0.005084 -0.709199 0.035962 0.704072
1788249773.601642847 -1.953818 0.238336 4.415101 0.005186 -0.710043 0.035732 0.703232
1788249773.634980917 -1.961318 0.239578 4.403011 0.005690 -0.710484 0.035601 0.702789
1788249773.668318987 -1.971520 0.239924 4.399261 0.006218 -0.711887 0.035386 0.701375
1788249773.701656103 -1.979903 0.239188 4.396723 0.005914 -0.713288 0.035386 0.699952
1788249773.734998226 -1.987491 0.239046 4.394003 0.006039 -0.714662 0.035641 0.698535
1788249773.768345118 -1.994701 0.239089 4.393060 0.006257 -0.716249 0.036360 0.696869
1788249773.801692247 -2.001715 0.238126 4.390735 0.006107 -0.717520 0.036645 0.695546
1788249773.835039139 -2.012485 0.239971 4.388752 0.005888 -0.718956 0.036985 0.694046
1788249773.868386507 -2.020171 0.240009 4.386008 0.005846 -0.720446 0.036776 0.692511
1788249773.901733637 -2.030120 0.239676 4.381302 0.005919 -0.722086 0.036623 0.690808
1788249773.935080767 -2.040351 0.239620 4.379127 0.005911 -0.723776 0.036419 0.689048
1788249773.968428373 -2.047871 0.239093 4.375404 0.006053 -0.725162 0.036446 0.687586
1788249774.001775742 -2.055982 0.238577 4.372647 0.006252 -0.726788 0.036493 0.685863
1788249774.035123110 -2.064679 0.237866 4.370064 0.006101 -0.728356 0.036496 0.684199
1788249774.068470955 -2.072432 0.237320 4.366882 0.006108 -0.729734 0.036493 0.682729
1788249774.101818323 -2.079264 0.237010 4.364870 0.006429 -0.731320 0.036769 0.681012
1788249774.135164738 -2.088095 0.237455 4.361624 0.006620 -0.732809 0.037133 0.679388
1788249774.168512583 -2.095306 0.237145 4.358885 0.006702 -0.734232 0.037506 0.677828
1788249774.201860428 -2.101551 0.237199 4.357699 0.007258 -0.735647 0.038147 0.676251
1788249774.235208035 -2.109282 0.236179 4.355839 0.007227 -0.736462 0.038673 0.675334
1788249774.268556118 -2.117029 0.235308 4.354919 0.006798 -0.737319 0.039037 0.674382
1788249774.301903963 -2.126301 0.234620 4.353227 0.006662 -0.738461 0.039131 0.673127
1788249774.335251808 -2.134844 0.234881 4.350425 0.007083 -0.739332 0.039229 0.672160
1788249774.368599892 -2.143806 0.236237 4.346729 0.007388 -0.740129 0.039448 0.671266
1788249774.401947975 -2.152456 0.235361 4.345630 0.007407 -0.741135 0.039369 0.670159
1788249774.435296297 -2.161293 0.235872 4.342925 0.007377 -0.742090 0.039559 0.669091
1788249774.468644381 -2.169559 0.235147 4.341119 0.007248 -0.743209 0.039548 0.667850
1788249774.501992702 -2.178349 0.235045 4.338610 0.007119 -0.744054 0.039661 0.666903
1788249774.535341024 -2.186734 0.234592 4.336747 0.007331 -0.744596 0.039735 0.666291
1788249774.568689346 -2.195768 0.235915 4.332572 0.007566 -0.745313 0.040053 0.665467
1788249774.602036953 -2.205287 0.235468 4.330339 0.007230 -0.746403 0.040142 0.664243
1788249774.635385513 -2.214154 0.235540 4.327808 0.007270 -0.747267 0.040207 0.663267
1788249774.668734074 -2.222708 0.233878 4.325266 0.007390 -0.748006 0.040135 0.662436
1788249774.702082396 -2.230228 0.233419 4.324152 0.007557 -0.749038 0.040063 0.661272
1788249774.735426664 -2.238622 0.233020 4.321232 0.007098 -0.749716 0.040059 0.660508
1788249774.768764496 -2.248509 0.232446 4.319464 0.007193 -0.750488 0.039889 0.659640
1788249774.802102327 -2.257708 0.234043 4.315594 0.007505 -0.751207 0.040186 0.658800
1788249774.835440159 -2.266481 0.233291 4.314034 0.007522 -0.752046 0.040309 0.657834
1788249774.868777990 -2.276316 0.234038 4.310936 0.007144 -0.752736 0.040574 0.657033
1788249774.902116060 -2.284411 0.234008 4.308844 0.007122 -0.753465 0.040727 0.656187
1788249774.935454130 -2.291831 0.232848 4.307836 0.006888 -0.754437 0.040650 0.655076
1788249774.968791962 -2.302589 0.234893 4.303696 0.006956 -0.755219 0.040494 0.654183
1788249775.002129555 -2.312766 0.233771 4.299700 0.007137 -0.755958 0.039980 0.653359
1788249775.035466433 -2.320861 0.233884 4.296062 0.007316 -0.756817 0.039767 0.652375
1788249775.068804264 -2.329930 0.234884 4.294574 0.007037 -0.757783 0.039790 0.651254
1788249775.102142096 -2.338584 0.235351 4.292545 0.006944 -0.758417 0.040072 0.650499
1788249775.135479927 -2.347555 0.234494 4.290495 0.006991 -0.759202 0.040639 0.649547
1788249775.168817520 -2.354773 0.232813 4.288926 0.006709 -0.760099 0.040831 0.648489
1788249775.202155352 -2.364692 0.232430 4.285081 0.006591 -0.760755 0.040819 0.647721
1788249775.235492945 -2.372991 0.233234 4.283845 0.007087 -0.761571 0.040674 0.646765
1788249775.268830538 -2.381036 0.232935 4.280865 0.007383 -0.762596 0.040381 0.645571
1788249775.302168608 -2.390088 0.233411 4.276450 0.007260 -0.763410 0.039984 0.644634
1788249775.335506201 -2.400604 0.233253 4.272113 0.007161 -0.764148 0.039439 0.643795
1788249775.368843794 -2.409684 0.233321 4.268251 0.007045 -0.764906 0.039429 0.642895
1788249775.402181387 -2.418834 0.233513 4.265988 0.006905 -0.765747 0.039514 0.641890
1788249775.435518980 -2.428367 0.234112 4.262037 0.006927 -0.766366 0.039486 0.641152
1788249775.468855858 -2.436899 0.232931 4.259569 0.007221 -0.767173 0.039484 0.640184
1788249775.502193451 -2.444890 0.232648 4.255996 0.007146 -0.768035 0.039672 0.639138
1788249775.535531044 -2.454738 0.233051 4.253094 0.007042 -0.768846 0.039649 0.638165
1788249775.568868637 -2.461904 0.232143 4.250911 0.007517 -0.769567 0.039534 0.637297
1788249775.602206230 -2.470745 0.232620 4.246729 0.007743 -0.770449 0.039608 0.636223
1788249775.635543823 -2.478708 0.232119 4.244018 0.007549 -0.771302 0.039102 0.635222
1788249775.668881416 -2.487451 0.231930 4.240868 0.007710 -0.771993 0.038804 0.634399
1788249775.702219009 -2.496489 0.231976 4.235565 0.007853 -0.772695 0.038940 0.633533
1788249775.735558510 -2.505277 0.232387 4.232553 0.007676 -0.773578 0.039035 0.632451
1788249775.768900633 -2.515186 0.232505 4.230598 0.007185 -0.774411 0.039088 0.631434
1788249775.802242994 -2.523701 0.232676 4.227831 0.007214 -0.775062 0.039401 0.630615
1788249775.835585117 -2.531725 0.232216 4.226774 0.007168 -0.775915 0.039853 0.629537
1788249775.868927240 -2.539995 0.231987 4.223890 0.007111 -0.776630 0.039764 0.628661
1788249775.902269363 -2.549085 0.232443 4.219398 0.007257 -0.777289 0.039280 0.627874
1788249775.935610771 -2.557128 0.231275 4.215784 0.007249 -0.778253 0.038692 0.626715
1788249775.968952656 -2.567138 0.231571 4.211280 0.007036 -0.779190 0.038388 0.625571
1788249776.002294779 -2.575531 0.232384 4.208854 0.006974 -0.779947 0.038348 0.624631
1788249776.035637140 -2.583111 0.230845 4.206964 0.006930 -0.780689 0.038300 0.623706
1788249776.068979025 -2.592344 0.230971 4.205300 0.006644 -0.781570 0.038530 0.622591
1788249776.102321148 -2.600922 0.230678 4.201726 0.006272 -0.782259 0.038522 0.621729
1788249776.135663271 -2.608805 0.231105 4.198997 0.006581 -0.782901 0.038657 0.620910
1788249776.169005156 -2.617893 0.229856 4.194284 0.006907 -0.783758 0.038419 0.619839
1788249776.202347279 -2.625874 0.229671 4.189831 0.006932 -0.784633 0.038165 0.618746
1788249776.235689402 -2.635561 0.229433 4.187022 0.006787 -0.785496 0.038001 0.617662
1788249776.269031286 -2.643178 0.230087 4.183427 0.006830 -0.786251 0.038267 0.616683
1788249776.302373409 -2.651692 0.230624 4.180949 0.006846 -0.787009 0.038782 0.615684
1788249776.335715532 -2.659906 0.228750 4.178548 0.006545 -0.787628 0.038669 0.614902
1788249776.369056463 -2.669323 0.228888 4.173755 0.006568 -0.788308 0.038413 0.614045
1788249776.402398348 -2.677526 0.230060 4.170014 0.006715 -0.789203 0.038389 0.612895
1788249776.435740232 -2.685913 0.229949 4.167316 0.006723 -0.789774 0.038218 0.612170
1788249776.469082117 -2.695251 0.230109 4.162422 0.006875 -0.789980 0.038022 0.611915
1788249776.502424240 -2.704192 0.229559 4.159721 0.007003 -0.790474 0.037903 0.611281
1788249776.535765886 -2.712302 0.228245 4.158720 0.006615 -0.790958 0.037765 0.610668
1788249776.569108009 -2.722054 0.228794 4.156248 0.006288 -0.791159 0.037787 0.610409
1788249776.602449894 -2.730406 0.228100 4.154703 0.006470 -0.791112 0.038032 0.610454
1788249776.635791779 -2.740081 0.227714 4.152123 0.006657 -0.791108 0.038118 0.610451
1788249776.669133663 -2.749573 0.227673 4.148277 0.006372 -0.791203 0.037675 0.610359
1788249776.702475309 -2.760230 0.228185 4.145625 0.006243 -0.791471 0.037423 0.610028
1788249776.735817671 -2.768981 0.228287 4.143687 0.006556 -0.791549 0.037780 0.609902
1788249776.769160032 -2.777711 0.227638 4.140662 0.006603 -0.791563 0.038158 0.609859
1788249776.802501202 -2.786533 0.227142 4.139701 0.006329 -0.791530 0.038580 0.609878
1788249776.835844040 -2.795167 0.226742 4.138772 0.006298 -0.791445 0.039195 0.609951
1788249776.869186401 -2.803982 0.226885 4.136655 0.006615 -0.791480 0.039560 0.609877
1788249776.902528524 -2.814747 0.227012 4.132566 0.006582 -0.791575 0.039279 0.609773
1788249776.935871124 -2.825619 0.227100 4.128764 0.006549 -0.791682 0.038599 0.609678
1788249776.969213486 -2.835137 0.226674 4.126748 0.006424 -0.791799 0.038268 0.609548
1788249777.002555847 -2.845541 0.227431 4.123567 0.006265 -0.791837 0.038431 0.609489
1788249777.035898209 -2.855971 0.227041 4.120512 0.005725 -0.791815 0.038452 0.609522
1788249777.069240570 -2.865180 0.227056 4.119454 0.005445 -0.791738 0.038736 0.609608
1788249777.102582932 -2.874500 0.226600 4.117713 0.005434 -0.791671 0.039103 0.609671
1788249777.135925055 -2.884807 0.227306 4.115519 0.005320 -0.791820 0.039045 0.609483
1788249777.169267654 -2.894851 0.226549 4.112429 0.005020 -0.791925 0.038392 0.609390
1788249777.202609777 -2.905595 0.227149 4.107693 0.004849 -0.791936 0.038067 0.609397
1788249777.235950947 -2.914321 0.226746 4.105959 0.005176 -0.791949 0.037966 0.609384
1788249777.269293308 -2.924749 0.226749 4.102488 0.005120 -0.791772 0.037771 0.609626
1788249777.302635670 -2.935658 0.227723 4.098891 0.004980 -0.791718 0.037812 0.609695
1788249777.335977793 -2.943898 0.226271 4.097869 0.005077 -0.791927 0.037806 0.609424
1788249777.369320154 -2.953805 0.225818 4.095529 0.004806 -0.791993 0.037764 0.609342
1788249777.402662277 -2.963780 0.226366 4.093332 0.004648 -0.792021 0.037869 0.609300
1788249777.436004400 -2.972316 0.225829 4.089828 0.004807 -0.792018 0.037882 0.609303
1788249777.469346762 -2.981568 0.225443 4.086727 0.005153 -0.792060 0.038192 0.609225
1788249777.502688885 -2.991562 0.224901 4.083782 0.005417 -0.792036 0.038284 0.609248
1788249777.536030769 -3.000603 0.226349 4.081651 0.005250 -0.791810 0.038939 0.609502
1788249777.569373131 -3.008924 0.224812 4.082493 0.005159 -0.791791 0.039408 0.609498
1788249777.602715254 -3.017513 0.224934 4.081470 0.005437 -0.791865 0.040055 0.609356
1788249777.636057138 -3.026673 0.224633 4.078141 0.005635 -0.791928 0.040103 0.609270
1788249777.669399500 -3.035974 0.225308 4.073565 0.005821 -0.791893 0.039915 0.609326
1788249777.702740669 -3.045075 0.224892 4.070143 0.005996 -0.792116 0.039685 0.609049
1788249777.736082554 -3.054025 0.224907 4.068290 0.006393 -0.792162 0.039461 0.609000
1788249777.769424677 -3.064768 0.225770 4.064013 0.006262 -0.791767 0.039269 0.609528
1788249777.802766562 -3.074607 0.225814 4.061631 0.005981 -0.791462 0.039222 0.609929
1788249777.836108446 -3.084124 0.224995 4.059531 0.005968 -0.791402 0.039005 0.610021
1788249777.869450569 -3.095192 0.225334 4.056600 0.005633 -0.791580 0.038969 0.609796
1788249777.902792215 -3.104572 0.225917 4.054495 0.005448 -0.791515 0.038917 0.609885
1788249777.936134577 -3.114654 0.225532 4.052135 0.005463 -0.791255 0.038576 0.610245
1788249777.969476223 -3.125329 0.224868 4.049574 0.005401 -0.791185 0.037898 0.610378
1788249778.002818108 -3.135434 0.225557 4.046218 0.005441 -0.790940 0.037713 0.610706
1788249778.036159992 -3.144944 0.225693 4.044367 0.005564 -0.790512 0.038071 0.611237
1788249778.069501877 -3.152731 0.225990 4.042914 0.005901 -0.790160 0.038410 0.611668
1788249778.102843523 -3.163094 0.225923 4.042002 0.005842 -0.790163 0.038309 0.611671
1788249778.136184454 -3.171869 0.226742 4.039131 0.005650 -0.789861 0.038054 0.612078
1788249778.169526100 -3.181574 0.226194 4.035861 0.005374 -0.789455 0.037939 0.612611
1788249778.202867985 -3.189981 0.225924 4.035496 0.005656 -0.789174 0.037881 0.612974
1788249778.236209631 -3.199528 0.226223 4.031988 0.005813 -0.788682 0.037882 0.613606
1788249778.269551516 -3.208040 0.226452 4.029153 0.005794 -0.788266 0.037773 0.614146
1788249778.302893162 -3.217902 0.224151 4.027622 0.005534 -0.787852 0.037554 0.614693
1788249778.336234570 -3.226108 0.223375 4.026507 0.005513 -0.787528 0.037701 0.615100
1788249778.369576454 -3.235971 0.223731 4.025293 0.005565 -0.787269 0.037946 0.615416
1788249778.402918100 -3.245517 0.224645 4.024982 0.005434 -0.787053 0.038059 0.615687
1788249778.436259747 -3.256412 0.225400 4.022596 0.005441 -0.786759 0.038286 0.616048
1788249778.469601154 -3.265207 0.224224 4.021940 0.005725 -0.786367 0.038454 0.616535
1788249778.502943039 -3.271874 0.224563 4.020553 0.006085 -0.785742 0.038754 0.617309
1788249778.536284447 -3.280021 0.224390 4.018476 0.006192 -0.785251 0.038787 0.617930
1788249778.569625854 -3.290261 0.223964 4.015858 0.006223 -0.784912 0.038877 0.618356
1788249778.602966309 -3.298715 0.223151 4.015181 0.006064 -0.784551 0.038986 0.618807
1788249778.636308193 -3.309154 0.223685 4.014303 0.005937 -0.784139 0.038896 0.619337
1788249778.669649601 -3.319917 0.225198 4.012865 0.005870 -0.783803 0.038664 0.619777
1788249778.702991009 -3.328704 0.225164 4.010097 0.005867 -0.783325 0.038411 0.620396
1788249778.736330748 -3.340520 0.225253 4.009227 0.005785 -0.782898 0.038478 0.620932
1788249778.769668818 -3.348807 0.224149 4.007797 0.005853 -0.782385 0.038474 0.621578
1788249778.803006887 -3.357477 0.223401 4.006456 0.005637 -0.782133 0.038484 0.621896
1788249778.836344957 -3.366277 0.221561 4.005374 0.005504 -0.781697 0.038634 0.622437
1788249778.869682789 -3.375987 0.220613 4.005177 0.005609 -0.781202 0.038885 0.623041
1788249778.903020620 -3.385462 0.220712 4.003075 0.006005 -0.780652 0.038626 0.623742
1788249778.936358452 -3.394982 0.222458 4.001270 0.006139 -0.780343 0.038430 0.624139
1788249778.969696283 -3.402766 0.221713 3.998160 0.006391 -0.779712 0.038056 0.624948
1788249779.003033876 -3.413197 0.221305 3.996397 0.006696 -0.779171 0.037917 0.625628
1788249779.036370993 -3.423099 0.221956 3.994417 0.006707 -0.779034 0.037677 0.625812
1788249779.069708586 -3.432228 0.221672 3.993544 0.006317 -0.778896 0.038099 0.625963
1788249779.103046417 -3.440594 0.220812 3.993091 0.006492 -0.778336 0.038562 0.626629
1788249779.136384010 -3.447980 0.220355 3.991865 0.006958 -0.777827 0.038719 0.627246
1788249779.169721603 -3.458527 0.220246 3.989576 0.007209 -0.777679 0.038580 0.627435
1788249779.203059196 -3.466763 0.219314 3.986805 0.007395 -0.777301 0.038424 0.627911
1788249779.236397266 -3.475304 0.218376 3.985102 0.007523 -0.776765 0.038383 0.628575
1788249779.269734859 -3.485881 0.218386 3.985219 0.007379 -0.776493 0.038512 0.628905
1788249779.303072453 -3.494567 0.218113 3.985331 0.007071 -0.776252 0.038964 0.629178
1788249779.336409807 -3.503829 0.218362 3.984634 0.006985 -0.775878 0.039415 0.629612
1788249779.369747400 -3.511944 0.217353 3.984346 0.007235 -0.775470 0.039412 0.630111
1788249779.403084993 -3.520822 0.217221 3.981504 0.007464 -0.775005 0.039386 0.630683
1788249779.436422586 -3.528087 0.216860 3.978509 0.007899 -0.774500 0.039117 0.631313
1788249779.469758749 -3.537362 0.216137 3.976040 0.008057 -0.774125 0.038802 0.631791
1788249779.503096104 -3.548789 0.217292 3.974842 0.007674 -0.773762 0.038758 0.632243
1788249779.536433697 -3.558142 0.217719 3.974133 0.007300 -0.773414 0.038864 0.632666
1788249779.569771051 -3.567993 0.217629 3.973519 0.007122 -0.773023 0.039198 0.633126
1788249779.603108406 -3.576625 0.218066 3.973654 0.007255 -0.772825 0.039471 0.633349
1788249779.636445522 -3.585336 0.216001 3.972323 0.007272 -0.772541 0.039310 0.633705
1788249779.669783115 -3.595113 0.215507 3.970137 0.007486 -0.772082 0.039481 0.634252
1788249779.703120232 -3.602488 0.213798 3.971957 0.007797 -0.771702 0.039512 0.634708
1788249779.736461878 -3.612582 0.212695 3.970366 0.007774 -0.771366 0.039410 0.635122
1788249779.769809723 -3.621214 0.212409 3.970434 0.007275 -0.771164 0.039304 0.635380
1788249779.803157330 -3.630928 0.212791 3.967870 0.007002 -0.770524 0.039558 0.636144
1788249779.836505175 -3.641005 0.210959 3.967641 0.006873 -0.770039 0.039792 0.636718
1788249779.869853020 -3.650363 0.211334 3.966890 0.006932 -0.769690 0.039664 0.637146
1788249779.903201103 -3.658595 0.212647 3.965254 0.007145 -0.769373 0.039625 0.637529
1788249779.936547995 -3.668508 0.211760 3.964017 0.007495 -0.768828 0.039829 0.638170
1788249779.969895840 -3.676976 0.213473 3.962231 0.007835 -0.768268 0.039805 0.638842
1788249780.003243923 -3.688870 0.213561 3.960427 0.007496 -0.768102 0.039533 0.639062
1788249780.036592245 -3.699489 0.213010 3.960384 0.007048 -0.767715 0.039438 0.639538
1788249780.069940329 -3.709265 0.213683 3.960819 0.007014 -0.767071 0.039692 0.640294
1788249780.103288651 -3.720463 0.213110 3.958896 0.006836 -0.766406 0.039693 0.641093
1788249780.136636734 -3.729244 0.214114 3.958484 0.006920 -0.765437 0.039728 0.642246
1788249780.169985056 -3.739653 0.213436 3.956997 0.006985 -0.764146 0.039709 0.643782
1788249780.203333855 -3.749744 0.211836 3.957625 0.007151 -0.763011 0.039265 0.645152
1788249780.236682415 -3.758424 0.211894 3.957278 0.007189 -0.761920 0.038804 0.646468
1788249780.270030975 -3.768741 0.212787 3.957167 0.006919 -0.760839 0.038656 0.647752
1788249780.303379297 -3.780206 0.212820 3.957684 0.006846 -0.759543 0.038560 0.649277
1788249780.336728096 -3.792006 0.213880 3.960372 0.006788 -0.758324 0.038887 0.650681
1788249780.370075703 -3.801656 0.213408 3.960369 0.006743 -0.756766 0.039138 0.652478
1788249780.403424263 -3.811335 0.214239 3.960663 0.006872 -0.755308 0.039003 0.654172
1788249780.436773300 -3.821620 0.213617 3.960240 0.006564 -0.754003 0.038931 0.655683
1788249780.470122099 -3.832359 0.213588 3.961684 0.006484 -0.752669 0.039153 0.657202
1788249780.503471136 -3.843096 0.213284 3.963554 0.006259 -0.751190 0.038933 0.658907
1788249780.536820173 -3.851983 0.212623 3.963651 0.006403 -0.749731 0.038754 0.660577
1788249780.570169210 -3.863358 0.212852 3.963511 0.006498 -0.748301 0.038553 0.662206
1788249780.603518248 -3.874738 0.215294 3.966252 0.006412 -0.746999 0.038328 0.663688
1788249780.636867523 -3.885811 0.215606 3.968762 0.005908 -0.745753 0.038218 0.665099
1788249780.670216799 -3.896917 0.214483 3.969003 0.005586 -0.744232 0.038035 0.666814
1788249780.703565836 -3.907346 0.214724 3.969913 0.005841 -0.743027 0.037962 0.668158
1788249780.736911297 -3.915719 0.214663 3.969629 0.006188 -0.742455 0.038249 0.668775
1788249780.770250559 -3.923291 0.214302 3.969359 0.006389 -0.741895 0.038581 0.669375
1788249780.803588629 -3.931469 0.214050 3.969420 0.006900 -0.741059 0.038670 0.670290
1788249780.836928129 -3.939390 0.214080 3.968612 0.006663 -0.741228 0.038779 0.670099
1788249780.870267391 -3.948764 0.212628 3.968743 0.006180 -0.741745 0.038415 0.669552
1788249780.903606653 -3.957854 0.213255 3.967190 0.006081 -0.741306 0.038450 0.670038
1788249780.936945915 -3.966401 0.212365 3.967097 0.006113 -0.740971 0.038300 0.670416
1788249780.970285177 -3.974263 0.212966 3.966460 0.006359 -0.741202 0.038155 0.670167
1788249781.003624201 -3.982128 0.212250 3.964154 0.006440 -0.741251 0.038060 0.670117
1788249781.036963701 -3.990829 0.211413 3.964006 0.006565 -0.741076 0.037938 0.670316
1788249781.070302725 -3.999360 0.211489 3.965295 0.006486 -0.741081 0.037951 0.670311
1788249781.103642225 -4.008588 0.212272 3.963938 0.006293 -0.741261 0.038007 0.670110
1788249781.136981249 -4.018286 0.213693 3.963923 0.006254 -0.741427 0.038208 0.669916
1788249781.170320749 -4.025242 0.214191 3.961299 0.006420 -0.740982 0.038132 0.670410
1788249781.203659773 -4.034493 0.214034 3.961168 0.006461 -0.741060 0.038067 0.670327
1788249781.236998796 -4.042673 0.215219 3.961166 0.006549 -0.741268 0.038326 0.670083
1788249781.270337343 -4.050308 0.214209 3.959599 0.006657 -0.741242 0.038368 0.670108
1788249781.303676367 -4.055988 0.213255 3.959554 0.006892 -0.741076 0.038652 0.670272
1788249781.337015390 -4.063197 0.211887 3.959176 0.007038 -0.741002 0.039006 0.670332
1788249781.370354891 -4.070912 0.211116 3.959074 0.006813 -0.741038 0.038992 0.670296
1788249781.403693914 -4.080315 0.211180 3.959134 0.006368 -0.741053 0.039133 0.670275
1788249781.437033176 -4.087953 0.211499 3.958763 0.006356 -0.741033 0.039292 0.670288
1788249781.470372200 -4.094747 0.212212 3.958241 0.006405 -0.741058 0.039049 0.670274
1788249781.503711462 -4.103936 0.212639 3.957058 0.006335 -0.741028 0.038821 0.670321
1788249781.537050486 -4.109392 0.212384 3.955969 0.006748 -0.740903 0.038638 0.670466
1788249781.570389509 -4.116895 0.211513 3.954486 0.007010 -0.740906 0.038526 0.670466
1788249781.603728771 -4.123179 0.211921 3.953372 0.007086 -0.740875 0.038535 0.670499
1788249781.637067556 -4.129704 0.211116 3.953565 0.007057 -0.740813 0.038706 0.670558
1788249781.670406818 -4.136394 0.210082 3.952411 0.006758 -0.740676 0.038638 0.670717
1788249781.703744888 -4.143950 0.210031 3.953769 0.006443 -0.740849 0.038443 0.670539
1788249781.737081766 -4.151643 0.209265 3.952773 0.006368 -0.740908 0.038427 0.670476
1788249781.770415068 -4.157100 0.210055 3.950725 0.006413 -0.740820 0.038666 0.670559
1788249781.803748131 -4.163751 0.210026 3.949241 0.006574 -0.740750 0.038571 0.670641
1788249781.837081194 -4.170799 0.209361 3.949025 0.006736 -0.740777 0.038274 0.670626
1788249781.870414257 -4.177737 0.210093 3.948047 0.006933 -0.740828 0.038458 0.670558
1788249781.903747082 -4.183005 0.208367 3.947923 0.006731 -0.740692 0.038418 0.670712
1788249781.937079906 -4.188955 0.208111 3.949043 0.007012 -0.740647 0.038535 0.670751
1788249781.970412731 -4.196232 0.207638 3.948060 0.006879 -0.740403 0.038806 0.671007
1788249782.003745317 -4.201806 0.208592 3.947777 0.007086 -0.740176 0.039040 0.671241
1788249782.037077904 -4.210056 0.207824 3.947272 0.007160 -0.740077 0.039008 0.671352
1788249782.070410490 -4.217389 0.207957 3.945977 0.007221 -0.739976 0.039105 0.671457
1788249782.103743076 -4.223131 0.207760 3.946730 0.007234 -0.740142 0.039082 0.671275
1788249782.137074471 -4.232087 0.206694 3.945826 0.007284 -0.740347 0.038939 0.671056
1788249782.170406818 -4.240940 0.206368 3.945826 0.007073 -0.740618 0.038646 0.670776
1788249782.203739166 -4.249280 0.206979 3.944071 0.006978 -0.740546 0.038392 0.670872
1788249782.237071276 -4.256868 0.206353 3.943649 0.007023 -0.740437 0.038187 0.671003
1788249782.270403147 -4.265747 0.205573 3.940390 0.007174 -0.740174 0.038317 0.671285
1788249782.303735256 -4.272747 0.206684 3.940339 0.007180 -0.740271 0.038450 0.671170
1788249782.337067366 -4.280833 0.206112 3.940964 0.006972 -0.740263 0.038472 0.671180
1788249782.370398998 -4.289343 0.206514 3.940862 0.006856 -0.740188 0.038861 0.671241
1788249782.403731108 -4.296521 0.206627 3.939885 0.007330 -0.740136 0.039200 0.671274
1788249782.437062502 -4.303812 0.206375 3.938426 0.007439 -0.740345 0.039443 0.671027
1788249782.470394373 -4.312469 0.206823 3.937007 0.007483 -0.740417 0.039364 0.670952
1788249782.503726006 -4.320720 0.206770 3.935747 0.007549 -0.740206 0.038990 0.671206
1788249782.537057400 -4.328209 0.206169 3.935184 0.007610 -0.739990 0.038618 0.671465
1788249782.570388794 -4.337491 0.205974 3.933949 0.007530 -0.740066 0.038725 0.671377
1788249782.603718996 -4.345337 0.206260 3.932778 0.007544 -0.740197 0.038919 0.671220
1788249782.637050390 -4.352886 0.206318 3.933612 0.007499 -0.740368 0.038950 0.671030
1788249782.670381784 -4.360423 0.204487 3.933932 0.007397 -0.740425 0.038798 0.670978
1788249782.703712940 -4.366850 0.204675 3.933249 0.007691 -0.740717 0.039046 0.670638
1788249782.737046242 -4.374717 0.204666 3.931750 0.008031 -0.741286 0.039368 0.669986
1788249782.770382643 -4.382454 0.205027 3.929956 0.008074 -0.741451 0.039442 0.669798
1788249782.803718805 -4.391047 0.204131 3.927298 0.008012 -0.741316 0.039286 0.669958
1788249782.837055206 -4.399580 0.204897 3.927295 0.008009 -0.741757 0.039375 0.669464
1788249782.870391130 -4.409048 0.205377 3.925327 0.007434 -0.742687 0.039489 0.668432
1788249782.903727531 -4.417004 0.204915 3.924835 0.007288 -0.743772 0.039400 0.667232
1788249782.937063456 -4.424603 0.203541 3.922966 0.007441 -0.744540 0.039483 0.666368
1788249782.970399618 -4.432585 0.202649 3.920583 0.007550 -0.745498 0.039697 0.665282
1788249783.003735304 -4.440210 0.202338 3.918735 0.007506 -0.746562 0.039772 0.664084
1788249783.037070513 -4.447694 0.202324 3.917102 0.007594 -0.747579 0.039866 0.662932
1788249783.070406199 -4.454658 0.202972 3.913743 0.008039 -0.748520 0.040170 0.661846
1788249783.103742123 -4.462268 0.203595 3.910807 0.008334 -0.749855 0.040422 0.660313
1788249783.137077808 -4.469102 0.203860 3.905488 0.008796 -0.751262 0.040268 0.658716
1788249783.170413733 -4.477732 0.202520 3.900258 0.008987 -0.753278 0.039860 0.656432
1788249783.203749180 -4.484968 0.202772 3.896384 0.008705 -0.755490 0.039531 0.653908
1788249783.237084866 -4.493195 0.202457 3.892757 0.008193 -0.757584 0.039495 0.651490
1788249783.270420313 -4.499963 0.202152 3.889671 0.008085 -0.759374 0.039701 0.649392
1788249783.303755522 -4.507560 0.201535 3.886794 0.007837 -0.761340 0.040115 0.647063
1788249783.337091208 -4.517268 0.201876 3.882758 0.007561 -0.763238 0.040538 0.644800
1788249783.370426655 -4.523559 0.200968 3.879508 0.007622 -0.765029 0.040439 0.642680
1788249783.403761864 -4.530931 0.201091 3.874393 0.007976 -0.767037 0.040587 0.640269
1788249783.437097073 -4.538693 0.200913 3.870100 0.007820 -0.769028 0.040548 0.637879
1788249783.470431328 -4.545643 0.201949 3.866213 0.007554 -0.770905 0.040782 0.635598
1788249783.503766298 -4.553022 0.201547 3.861862 0.007672 -0.772845 0.041082 0.633217
1788249783.537101507 -4.558621 0.201576 3.856722 0.007683 -0.774724 0.041392 0.630896
1788249783.570436716 -4.567636 0.201056 3.852334 0.007565 -0.776869 0.041681 0.628235
1788249783.603771448 -4.573367 0.199796 3.848335 0.007974 -0.779055 0.041577 0.625524
1788249783.637106180 -4.579714 0.198800 3.841843 0.008124 -0.781314 0.041413 0.622709
1788249783.670441389 -4.587639 0.197494 3.836208 0.007834 -0.784078 0.041279 0.619239
1788249783.703776121 -4.593519 0.197771 3.830836 0.007614 -0.786808 0.041705 0.615739
1788249783.737114668 -4.600282 0.197096 3.825546 0.007552 -0.789589 0.042157 0.612139
1788249783.770458937 -4.607890 0.197453 3.819139 0.007342 -0.792158 0.042669 0.608778
1788249783.803803444 -4.614670 0.196406 3.813564 0.007588 -0.794831 0.042607 0.605286
1788249783.837147713 -4.622888 0.195392 3.806417 0.007918 -0.797713 0.042412 0.601491
1788249783.870492220 -4.627913 0.195342 3.799872 0.007636 -0.800288 0.042325 0.598072
1788249783.903835773 -4.637215 0.195263 3.792518 0.007855 -0.803017 0.042462 0.594390
1788249783.937180281 -4.644307 0.194245 3.786651 0.007560 -0.805815 0.042569 0.590587
1788249783.970524788 -4.652635 0.193937 3.780019 0.007710 -0.808330 0.042671 0.587131
1788249784.003869295 -4.660151 0.193617 3.773370 0.008032 -0.811078 0.042783 0.583316
1788249784.037214041 -4.665397 0.193491 3.766363 0.008141 -0.813673 0.042903 0.579680
1788249784.070558786 -4.671969 0.192543 3.759337 0.008139 -0.816162 0.043065 0.576158
1788249784.103903055 -4.678381 0.192119 3.753580 0.008368 -0.818819 0.043333 0.572352
1788249784.137247801 -4.681861 0.190949 3.747942 0.008118 -0.821201 0.043626 0.568910
1788249784.170592546 -4.689375 0.191014 3.741755 0.008599 -0.823647 0.044152 0.565315
1788249784.203937531 -4.696132 0.189838 3.733057 0.008872 -0.826151 0.044312 0.561633
1788249784.237282515 -4.700349 0.189839 3.727277 0.009035 -0.828525 0.044222 0.558130
1788249784.270627260 -4.707047 0.189965 3.720548 0.009135 -0.830893 0.044437 0.554580
1788249784.303972006 -4.712071 0.189952 3.713261 0.009336 -0.833275 0.044997 0.550946
1788249784.337316990 -4.716865 0.188862 3.707546 0.009077 -0.835633 0.045230 0.547348
1788249784.370661020 -4.721924 0.188179 3.700978 0.008878 -0.837759 0.045295 0.544086
1788249784.404006004 -4.727479 0.187783 3.693505 0.008809 -0.840209 0.045372 0.540289
1788249784.437350988 -4.733400 0.187865 3.685658 0.008840 -0.842727 0.045161 0.536371
1788249784.470695972 -4.739229 0.187680 3.678011 0.008747 -0.845062 0.045112 0.532690
1788249784.504040956 -4.744214 0.187684 3.671466 0.008858 -0.847368 0.045321 0.528995
1788249784.537386417 -4.749451 0.186390 3.664435 0.008624 -0.849548 0.045270 0.525495
1788249784.570731640 -4.754237 0.184943 3.657055 0.008400 -0.851652 0.045125 0.522094
1788249784.604076624 -4.759535 0.185025 3.649782 0.008798 -0.853928 0.045410 0.518331
1788249784.637421846 -4.763591 0.185589 3.642502 0.009095 -0.856114 0.045775 0.514675
1788249784.670767546 -4.768065 0.184891 3.635748 0.009108 -0.858368 0.046189 0.510871
1788249784.704112768 -4.771726 0.184959 3.628966 0.009395 -0.860641 0.046779 0.506972
1788249784.737458467 -4.776332 0.184689 3.623022 0.009141 -0.862801 0.047522 0.503222
1788249784.770805597 -4.780849 0.183880 3.616322 0.008938 -0.864765 0.047868 0.499810
1788249784.804151058 -4.783834 0.183740 3.609873 0.009353 -0.866841 0.048180 0.496164
1788249784.837498188 -4.788097 0.183349 3.601763 0.009517 -0.868950 0.048241 0.492452
1788249784.870845079 -4.793196 0.183138 3.594458 0.009587 -0.871085 0.048324 0.488656
1788249784.904192448 -4.796786 0.182418 3.587094 0.009600 -0.873183 0.048428 0.484885
1788249784.937539101 -4.800282 0.182153 3.579816 0.009473 -0.875275 0.048524 0.481091
1788249784.970886230 -4.804339 0.182598 3.571862 0.009554 -0.877217 0.048689 0.477523
1788249785.004233599 -4.807990 0.182310 3.563669 0.009991 -0.879275 0.048789 0.473703
1788249785.037580729 -4.812566 0.182099 3.555373 0.010355 -0.881434 0.048644 0.469682
1788249785.070928097 -4.815560 0.181545 3.548845 0.010233 -0.883555 0.048441 0.465703
1788249785.104275227 -4.819079 0.181220 3.541183 0.010175 -0.885544 0.048791 0.461874
1788249785.137622595 -4.823134 0.181196 3.534104 0.009985 -0.887625 0.049037 0.457840
1788249785.170969963 -4.826493 0.180261 3.527147 0.009741 -0.889553 0.049071 0.454085
1788249785.204317570 -4.829115 0.179311 3.519290 0.009807 -0.891427 0.049257 0.450372
1788249785.237664223 -4.832387 0.178233 3.511694 0.009770 -0.893501 0.049002 0.446273
1788249785.271011591 -4.837214 0.177505 3.503191 0.009560 -0.895493 0.048682 0.442301
1788249785.304359198 -4.840140 0.177574 3.495915 0.009579 -0.897427 0.048721 0.438360
1788249785.337706804 -4.843619 0.177346 3.487583 0.009402 -0.899308 0.048836 0.434478
1788249785.371054649 -4.846747 0.176847 3.480258 0.009352 -0.901104 0.048825 0.430744
1788249785.404402494 -4.849686 0.176703 3.472727 0.009768 -0.902972 0.049049 0.426778
1788249785.437750340 -4.852162 0.176736 3.465150 0.009743 -0.904911 0.049251 0.422629
1788249785.471098185 -4.855535 0.176060 3.456973 0.009398 -0.906716 0.049142 0.418764
1788249785.504446030 -4.858574 0.175430 3.449507 0.009428 -0.908523 0.049106 0.414832
1788249785.537794113 -4.861668 0.175720 3.441349 0.009333 -0.910316 0.049229 0.410869
1788249785.571142197 -4.864648 0.175075 3.433443 0.009154 -0.911972 0.049093 0.407201
1788249785.604490042 -4.867074 0.174377 3.425730 0.009527 -0.913729 0.049146 0.403228
1788249785.637838125 -4.869385 0.173675 3.417102 0.009557 -0.915573 0.048816 0.399064
1788249785.671186209 -4.872592 0.173092 3.408818 0.009187 -0.917299 0.048506 0.395128
1788249785.704533815 -4.874873 0.173001 3.400968 0.009167 -0.918943 0.048481 0.391292
1788249785.737878799 -4.877660 0.173067 3.393030 0.009194 -0.920643 0.048310 0.387296
1788249785.771219015 -4.880500 0.173310 3.384619 0.009544 -0.922260 0.048322 0.383418
1788249785.804559708 -4.881773 0.172586 3.375635 0.010017 -0.923890 0.048257 0.379471
1788249785.837900162 -4.883221 0.172604 3.366892 0.010070 -0.925615 0.048040 0.375269
1788249785.871240854 -4.885713 0.171929 3.358321 0.009742 -0.927217 0.047894 0.371323
1788249785.904581547 -4.888270 0.171458 3.350156 0.009554 -0.928905 0.047885 0.367086
1788249785.937922001 -4.889851 0.170675 3.341776 0.009449 -0.930536 0.047621 0.362967
1788249785.971262693 -4.891888 0.169528 3.333358 0.009610 -0.932133 0.047559 0.358850
1788249786.004603148 -4.893341 0.169110 3.323936 0.009780 -0.933817 0.047562 0.354441
1788249786.037943602 -4.894870 0.169769 3.314815 0.009605 -0.935382 0.047294 0.350330
1788249786.071284294 -4.896793 0.169505 3.306674 0.009332 -0.936906 0.047193 0.346256
1788249786.104624748 -4.899364 0.169661 3.298622 0.009355 -0.938405 0.047648 0.342108
1788249786.137964725 -4.902326 0.169583 3.291037 0.008916 -0.939895 0.047773 0.337989
1788249786.171305418 -4.903351 0.168505 3.283183 0.008658 -0.941217 0.047781 0.334293
1788249786.204645634 -4.905252 0.167796 3.274330 0.008873 -0.942722 0.047661 0.330038
1788249786.237986326 -4.907432 0.168351 3.265164 0.008897 -0.944226 0.047380 0.325751
1788249786.271327257 -4.909585 0.167937 3.256402 0.008471 -0.945655 0.047078 0.321634
1788249786.304667711 -4.911329 0.168293 3.247470 0.008498 -0.947007 0.047181 0.317615
1788249786.338008642 -4.912795 0.168332 3.239796 0.008365 -0.948341 0.047386 0.313581
1788249786.371349335 -4.915095 0.167897 3.231496 0.008472 -0.949617 0.047567 0.309666
1788249786.404690027 -4.915277 0.166615 3.223186 0.008824 -0.950956 0.047569 0.305520
1788249786.438030958 -4.917583 0.166675 3.214164 0.008785 -0.952343 0.047579 0.301169
1788249786.471371412 -4.918538 0.166353 3.205284 0.008726 -0.953612 0.047424 0.297152
1788249786.504712343 -4.918744 0.165301 3.196373 0.008718 -0.954910 0.047284 0.292977
1788249786.538053036 -4.919148 0.164302 3.188095 0.008577 -0.956205 0.047107 0.288755
1788249786.571393728 -4.919466 0.163811 3.179655 0.008395 -0.957419 0.046847 0.284752
1788249786.604733467 -4.919126 0.163722 3.171267 0.008667 -0.958700 0.046766 0.280415
1788249786.638074160 -4.920046 0.163554 3.161662 0.008652 -0.960051 0.046272 0.275837
1788249786.671415091 -4.919505 0.163708 3.152568 0.008521 -0.961260 0.045883 0.271664
1788249786.704756021 -4.920281 0.163042 3.144052 0.008484 -0.962505 0.045811 0.267233
1788249786.738096476 -4.920599 0.163104 3.135537 0.008320 -0.963663 0.045642 0.263061
1788249786.771437407 -4.920662 0.164238 3.126765 0.008661 -0.964708 0.045762 0.259171
1788249786.804777861 -4.920650 0.163829 3.118452 0.008772 -0.965830 0.045851 0.254937
1788249786.838118553 -4.921403 0.163765 3.109873 0.008701 -0.966981 0.045746 0.250556
1788249786.871459484 -4.921541 0.162483 3.101800 0.008294 -0.968071 0.045634 0.246348
1788249786.904799938 -4.922215 0.162232 3.093308 0.008239 -0.969152 0.045786 0.242035
1788249786.938140869 -4.923068 0.161738 3.085765 0.007811 -0.970222 0.045674 0.237744
1788249786.971481085 -4.921670 0.161548 3.078205 0.008009 -0.971148 0.045682 0.233924
1788249787.004822016 -4.920666 0.161225 3.069134 0.008252 -0.972135 0.045760 0.229766
1788249787.038161993 -4.920569 0.160819 3.060625 0.008201 -0.973164 0.045496 0.225421
1788249787.071502686 -4.921524 0.162016 3.052971 0.008436 -0.974150 0.045711 0.221068
1788249787.104843616 -4.920978 0.161524 3.045521 0.008391 -0.975077 0.045887 0.216907
1788249787.138184547 -4.920938 0.161540 3.036977 0.008037 -0.976015 0.046015 0.212634
1788249787.171525240 -4.919978 0.161456 3.029242 0.007877 -0.976908 0.045964 0.208510
1788249787.204866171 -4.918653 0.160611 3.020530 0.008139 -0.977802 0.045793 0.204303
1788249787.238206863 -4.916728 0.161297 3.012511 0.008402 -0.978731 0.045577 0.199844
1788249787.271548033 -4.915843 0.161609 3.004110 0.008595 -0.979583 0.045503 0.195632
1788249787.304888725 -4.915042 0.160380 2.996677 0.008538 -0.980464 0.045353 0.191206
1788249787.338229656 -4.914297 0.159814 2.988335 0.008099 -0.981316 0.045272 0.186828
1788249787.371570587 -4.912548 0.160083 2.979915 0.008194 -0.982057 0.045456 0.182842
1788249787.404911518 -4.910442 0.159437 2.972484 0.008286 -0.982819 0.045586 0.178664
1788249787.438252687 -4.909379 0.159388 2.964907 0.008388 -0.983590 0.045713 0.174331
1788249787.471592665 -4.907924 0.159014 2.957229 0.008433 -0.984311 0.046079 0.170111
1788249787.504933834 -4.905826 0.157135 2.950583 0.007994 -0.985013 0.046510 0.165901
1788249787.538274527 -4.905744 0.156916 2.943335 0.007496 -0.985723 0.046843 0.161553
1788249787.571615696 -4.903913 0.156644 2.936227 0.007435 -0.986370 0.047126 0.157474
1788249787.604956627 -4.901412 0.155882 2.929214 0.007706 -0.986989 0.047362 0.153460
1788249787.638298035 -4.900010 0.156133 2.921044 0.007950 -0.987653 0.047409 0.149102
1788249787.671639204 -4.898056 0.154997 2.912867 0.007984 -0.988271 0.047312 0.144980
1788249787.704980135 -4.896766 0.154966 2.904608 0.008184 -0.988881 0.047486 0.140685
1788249787.738321781 -4.894955 0.154925 2.896351 0.007862 -0.989512 0.047484 0.136194
1788249787.771664143 -4.893116 0.154440 2.887961 0.007898 -0.990072 0.047384 0.132096
1788249787.805006742 -4.890605 0.154456 2.879848 0.008155 -0.990623 0.047514 0.127835
1788249787.838349104 -4.888927 0.153600 2.870491 0.008125 -0.991188 0.047188 0.123507
1788249787.871691704 -4.887129 0.154488 2.862281 0.008106 -0.991714 0.047085 0.119251
1788249787.905033112 -4.885258 0.153172 2.854436 0.007940 -0.992194 0.047050 0.115216
1788249787.938375473 -4.883801 0.153495 2.845810 0.007717 -0.992687 0.047051 0.110899
1788249787.971718073 -4.882366 0.153365 2.838233 0.007837 -0.993148 0.046988 0.106715
1788249788.005060434 -4.879746 0.152261 2.830179 0.008135 -0.993586 0.047038 0.102513
1788249788.038402557 -4.876917 0.151878 2.821419 0.008291 -0.994054 0.046758 0.097990
1788249788.071744919 -4.874565 0.152217 2.813449 0.008386 -0.994459 0.046598 0.093861
1788249788.105087519 -4.871132 0.152222 2.805720 0.008239 -0.994851 0.046521 0.089658
1788249788.138429880 -4.869932 0.152214 2.797920 0.007862 -0.995239 0.046478 0.085313
1788249788.171772003 -4.868874 0.151906 2.790753 0.007711 -0.995586 0.046653 0.081071
1788249788.205114841 -4.866464 0.150423 2.783215 0.007648 -0.995922 0.046834 0.076733
1788249788.238456964 -4.863999 0.151084 2.775256 0.007345 -0.996254 0.046852 0.072307
1788249788.271799088 -4.861894 0.149899 2.767993 0.007372 -0.996566 0.046660 0.068011
1788249788.305141449 -4.858808 0.149856 2.760157 0.007196 -0.996836 0.046850 0.063809
1788249788.338483810 -4.857499 0.150606 2.751842 0.006928 -0.997106 0.046820 0.059489
1788249788.371824980 -4.853751 0.149135 2.744771 0.006862 -0.997338 0.046747 0.055542
1788249788.405167580 -4.851562 0.149577 2.737406 0.007233 -0.997560 0.047015 0.051098
1788249788.438509703 -4.848094 0.148500 2.728456 0.007101 -0.997790 0.046688 0.046741
1788249788.471851826 -4.845706 0.148592 2.720715 0.006964 -0.997996 0.046402 0.042461
1788249788.505194187 -4.842943 0.149510 2.712088 0.006838 -0.998162 0.046478 0.038280
1788249788.538536310 -4.841357 0.148331 2.704733 0.006620 -0.998324 0.046167 0.034271
1788249788.571878433 -4.838038 0.147900 2.695639 0.006624 -0.998440 0.046183 0.030681
1788249788.605220795 -4.834116 0.147452 2.688269 0.006835 -0.998535 0.046384 0.027032
1788249788.638563156 -4.831605 0.147349 2.680197 0.006882 -0.998628 0.046176 0.023737
1788249788.671905041 -4.829502 0.147997 2.672666 0.006949 -0.998701 0.046108 0.020550
1788249788.705247402 -4.826752 0.147752 2.665700 0.007165 -0.998749 0.046238 0.017650
1788249788.738588572 -4.824393 0.146886 2.656778 0.007086 -0.998798 0.046005 0.015356
1788249788.771927834 -4.823223 0.146495 2.650562 0.006906 -0.998836 0.045838 0.013367
1788249788.805266380 -4.822073 0.146131 2.644218 0.007130 -0.998843 0.046151 0.011479
1788249788.838605404 -4.820955 0.145573 2.634989 0.007159 -0.998853 0.046200 0.010312
1788249788.871944904 -4.820787 0.145229 2.627316 0.007002 -0.998864 0.046065 0.010001
1788249788.905283928 -4.820948 0.145639 2.619425 0.006888 -0.998871 0.045955 0.009888
1788249788.938623190 -4.820893 0.145086 2.611701 0.006646 -0.998872 0.046006 0.009670
1788249788.971962214 -4.821808 0.145379 2.603454 0.006478 -0.998872 0.046050 0.009607
1788249789.005301714 -4.822920 0.145536 2.595364 0.006137 -0.998878 0.045979 0.009550
1788249789.038640738 -4.822631 0.144825 2.588060 0.006226 -0.998877 0.045985 0.009524
1788249789.071980000 -4.822862 0.144225 2.581076 0.006500 -0.998870 0.046133 0.009409
1788249789.105318785 -4.822094 0.144111 2.572187 0.006542 -0.998862 0.046288 0.009412
1788249789.138657808 -4.822158 0.143524 2.564377 0.006539 -0.998866 0.046195 0.009467
1788249789.171996832 -4.822903 0.143243 2.555368 0.006360 -0.998878 0.045983 0.009423
1788249789.205335855 -4.822660 0.143140 2.546664 0.006255 -0.998889 0.045732 0.009480
1788249789.238673687 -4.823965 0.143622 2.538946 0.006020 -0.998894 0.045690 0.009370
1788249789.272012711 -4.823665 0.142935 2.530887 0.006071 -0.998891 0.045707 0.009509
1788249789.305351496 -4.822932 0.143609 2.521760 0.006161 -0.998886 0.045831 0.009430
1788249789.338690519 -4.822485 0.142387 2.515953 0.006365 -0.998882 0.045925 0.009264
1788249789.372029066 -4.822026 0.141816 2.508570 0.006524 -0.998865 0.046256 0.009337
1788249789.405367613 -4.822218 0.141723 2.501062 0.006541 -0.998844 0.046696 0.009369
1788249789.438706398 -4.823198 0.141065 2.493580 0.006363 -0.998839 0.046850 0.009280
1788249789.472044945 -4.824529 0.139612 2.485788 0.006198 -0.998850 0.046627 0.009298
1788249789.505383730 -4.823833 0.140695 2.476757 0.005978 -0.998851 0.046629 0.009273
1788249789.538722515 -4.825062 0.139502 2.469085 0.006122 -0.998861 0.046416 0.009222
1788249789.572060823 -4.824665 0.139505 2.461112 0.006149 -0.998852 0.046565 0.009374
1788249789.605399370 -4.825189 0.139922 2.452084 0.006408 -0.998854 0.046544 0.009181
1788249789.638737917 -4.823985 0.139444 2.444304 0.006595 -0.998857 0.046446 0.009177
1788249789.672076702 -4.824116 0.138736 2.436543 0.006741 -0.998854 0.046486 0.009147
1788249789.705414057 -4.824870 0.137511 2.428757 0.006781 -0.998860 0.046344 0.009179
1788249789.738753557 -4.823876 0.138023 2.420673 0.006833 -0.998859 0.046358 0.009177
1788249789.772098780 -4.824996 0.137384 2.411704 0.006661 -0.998879 0.046016 0.008919
1788249789.805443764 -4.825782 0.137451 2.402993 0.006620 -0.998893 0.045748 0.008757
1788249789.838788986 -4.825114 0.136713 2.395368 0.006629 -0.998886 0.045829 0.009055
1788249789.872134209 -4.825755 0.136949 2.387679 0.006504 -0.998875 0.046029 0.009381
1788249789.905479193 -4.824752 0.137555 2.378723 0.006567 -0.998877 0.045978 0.009410
1788249789.938824654 -4.824849 0.136978 2.369424 0.006685 -0.998888 0.045768 0.009114
1788249789.972170115 -4.824931 0.136295 2.362443 0.006928 -0.998890 0.045707 0.008997
1788249790.005515337 -4.824820 0.136010 2.354627 0.007035 -0.998889 0.045742 0.008901
1788249790.038860559 -4.824740 0.135109 2.347125 0.007061 -0.998889 0.045734 0.008907
1788249790.072206259 -4.825029 0.134309 2.339627 0.007040 -0.998890 0.045731 0.008836
1788249790.105551720 -4.825304 0.134518 2.330684 0.007174 -0.998882 0.045884 0.008771
1788249790.138895988 -4.825704 0.134268 2.323561 0.007128 -0.998868 0.046190 0.008838
1788249790.172241449 -4.825393 0.134122 2.315896 0.007109 -0.998853 0.046471 0.009094
1788249790.205587149 -4.826520 0.133746 2.307738 0.006941 -0.998854 0.046510 0.008872
1788249790.238932848 -4.826718 0.132997 2.300889 0.006955 -0.998853 0.046567 0.008677
1788249790.272278070 -4.826163 0.132440 2.292696 0.007170 -0.998842 0.046767 0.008677
1788249790.305624008 -4.825924 0.131722 2.286305 0.007360 -0.998838 0.046846 0.008571
1788249790.338969707 -4.826444 0.131781 2.278826 0.007312 -0.998831 0.047054 0.008354
1788249790.372315168 -4.826016 0.131582 2.270569 0.007175 -0.998828 0.047158 0.008213
1788249790.405661106 -4.826232 0.131211 2.263038 0.007039 -0.998816 0.047444 0.008103
1788249790.439006567 -4.827199 0.130293 2.255471 0.006756 -0.998798 0.047808 0.008418
1788249790.472352266 -4.828685 0.131199 2.247683 0.006661 -0.998787 0.048006 0.008693
1788249790.505698442 -4.828832 0.130095 2.238934 0.006586 -0.998805 0.047661 0.008643
1788249790.539044142 -4.827515 0.130314 2.229916 0.006758 -0.998822 0.047296 0.008507
1788249790.572390079 -4.827246 0.129765 2.221367 0.007099 -0.998831 0.047048 0.008533
1788249790.605735064 -4.826695 0.129433 2.212481 0.007164 -0.998834 0.046956 0.008675
1788249790.639080763 -4.827650 0.129687 2.204426 0.007129 -0.998850 0.046628 0.008527
1788249790.672426939 -4.827528 0.130038 2.196151 0.006998 -0.998854 0.046598 0.008338
1788249790.705773115 -4.827634 0.129718 2.188192 0.006817 -0.998852 0.046702 0.008217
1788249790.739119053 -4.828495 0.128950 2.181537 0.006698 -0.998846 0.046847 0.008236
1788249790.772458792 -4.828643 0.128740 2.173172 0.006750 -0.998838 0.046991 0.008255
1788249790.805798769 -4.828439 0.128814 2.165506 0.006893 -0.998843 0.046926 0.007983
1788249790.839138746 -4.828461 0.127997 2.157522 0.007155 -0.998845 0.046888 0.007689
1788249790.872478485 -4.828043 0.127753 2.149800 0.007142 -0.998842 0.046946 0.007669
1788249790.905818224 -4.828630 0.126985 2.141755 0.007115 -0.998844 0.046923 0.007585
1788249790.939158201 -4.829168 0.127369 2.134317 0.006840 -0.998833 0.047213 0.007538
1788249790.972497940 -4.830217 0.126094 2.126210 0.006685 -0.998828 0.047358 0.007370
1788249791.005837440 -4.829641 0.126407 2.118596 0.006666 -0.998812 0.047704 0.007438
1788249791.039176226 -4.829796 0.125375 2.111325 0.006412 -0.998803 0.047907 0.007481
1788249791.072515965 -4.830777 0.125187 2.104304 0.006374 -0.998796 0.048083 0.007400
1788249791.105855703 -4.830180 0.124573 2.096272 0.006249 -0.998797 0.048099 0.007249
1788249791.139195204 -4.831574 0.124814 2.088369 0.006236 -0.998792 0.048221 0.007131
1788249791.172534943 -4.831710 0.124114 2.081145 0.006085 -0.998785 0.048355 0.007275
1788249791.205874205 -4.832525 0.122974 2.072958 0.005820 -0.998780 0.048507 0.007258
1788249791.239213705 -4.833257 0.122670 2.065295 0.005805 -0.998778 0.048541 0.007247
1788249791.272553444 -4.832872 0.122422 2.056802 0.005794 -0.998778 0.048528 0.007343
1788249791.305892706 -4.833280 0.121997 2.048949 0.006012 -0.998778 0.048531 0.007160
1788249791.339232206 -4.832426 0.121952 2.040750 0.006266 -0.998785 0.048349 0.007249
1788249791.372571707 -4.831697 0.121339 2.031483 0.006268 -0.998802 0.047985 0.007257
1788249791.405910969 -4.832352 0.121477 2.023934 0.006216 -0.998795 0.048166 0.007122
1788249791.439250231 -4.832781 0.120776 2.016440 0.006139 -0.998793 0.048201 0.007185
1788249791.472588301 -4.832798 0.119866 2.008491 0.006182 -0.998789 0.048284 0.007108
1788249791.505927801 -4.834628 0.119488 2.001370 0.006006 -0.998775 0.048636 0.006922
1788249791.539266825 -4.835134 0.118643 1.993143 0.006009 -0.998773 0.048642 0.007058
1788249791.572606325 -4.834757 0.118536 1.985975 0.006035 -0.998771 0.048683 0.007099
1788249791.605945349 -4.834468 0.118573 1.977203 0.006185 -0.998773 0.048627 0.007017
1788249791.639284611 -4.832983 0.118572 1.968598 0.006335 -0.998783 0.048369 0.007207
1788249791.672623634 -4.833655 0.118257 1.959394 0.006415 -0.998794 0.048162 0.007036
1788249791.705962896 -4.834288 0.118243 1.951901 0.006381 -0.998794 0.048178 0.007001
1788249791.739301682 -4.834196 0.116959 1.944194 0.006524 -0.998787 0.048306 0.006947
1788249791.772648096 -4.833799 0.116692 1.936599 0.006673 -0.998771 0.048622 0.006897
1788249791.805994272 -4.834986 0.116322 1.930096 0.006676 -0.998759 0.048871 0.006871
1788249791.839340448 -4.834903 0.115733 1.921740 0.006541 -0.998764 0.048758 0.007042
1788249791.872686863 -4.835825 0.115358 1.912656 0.006508 -0.998772 0.048620 0.006899
1788249791.906032085 -4.835640 0.114705 1.904335 0.006490 -0.998793 0.048166 0.007048
1788249791.939378500 -4.836421 0.114907 1.895031 0.006344 -0.998812 0.047808 0.006958
1788249791.972724915 -4.837111 0.114998 1.886990 0.006285 -0.998823 0.047612 0.006790
1788249792.006071329 -4.837242 0.114567 1.879116 0.006276 -0.998821 0.047680 0.006698
1788249792.039417744 -4.837290 0.115004 1.870586 0.006326 -0.998811 0.047881 0.006676
1788249792.072764158 -4.837551 0.112683 1.863704 0.006203 -0.998808 0.047970 0.006613
1788249792.106110811 -4.837878 0.113147 1.855892 0.006056 -0.998800 0.048109 0.006922
1788249792.139457464 -4.838969 0.112830 1.848513 0.005811 -0.998789 0.048356 0.006970
1788249792.172803879 -4.839359 0.112617 1.840051 0.005756 -0.998796 0.048221 0.006889
1788249792.206150770 -4.839448 0.112296 1.831144 0.005645 -0.998812 0.047888 0.007010
1788249792.239497423 -4.840175 0.112180 1.822078 0.005665 -0.998825 0.047616 0.006968
1788249792.272844076 -4.840012 0.111749 1.813744 0.005865 -0.998835 0.047409 0.006768
1788249792.306190729 -4.839784 0.111397 1.804793 0.006046 -0.998838 0.047353 0.006634
1788249792.339537859 -4.840542 0.111149 1.797217 0.006059 -0.998828 0.047569 0.006580
1788249792.372883320 -4.841218 0.110188 1.789606 0.005857 -0.998821 0.047741 0.006621
1788249792.406230450 -4.841144 0.110145 1.782683 0.005685 -0.998815 0.047866 0.006787
1788249792.439577103 -4.841614 0.110391 1.774459 0.005657 -0.998799 0.048148 0.007082
1788249792.472924232 -4.841755 0.109270 1.768448 0.005594 -0.998781 0.048543 0.006986
1788249792.506271362 -4.840866 0.107073 1.761151 0.005453 -0.998770 0.048778 0.007088
1788249792.539618254 -4.841037 0.107444 1.753169 0.005730 -0.998768 0.048753 0.007239
1788249792.572965384 -4.840723 0.106690 1.744812 0.005790 -0.998778 0.048547 0.007244
1788249792.606312275 -4.841198 0.107924 1.737181 0.006160 -0.998771 0.048675 0.007064
1788249792.639659643 -4.841444 0.106757 1.727715 0.006271 -0.998768 0.048729 0.006963
1788249792.673006773 -4.841231 0.107180 1.720004 0.006473 -0.998768 0.048704 0.006937
1788249792.706354141 -4.841362 0.106043 1.713548 0.006275 -0.998777 0.048533 0.007106
1788249792.739701271 -4.842608 0.106072 1.705813 0.006385 -0.998768 0.048702 0.007027
1788249792.773044586 -4.843434 0.106500 1.697318 0.006566 -0.998758 0.048919 0.006844
1788249792.806386709 -4.842608 0.108215 1.688434 0.006658 -0.998750 0.049042 0.007035
1788249792.839730263 -4.841676 0.106005 1.680750 0.006822 -0.998770 0.048590 0.007098
1788249792.873073578 -4.842113 0.107194 1.670712 0.006955 -0.998765 0.048675 0.007109
1788249792.906416893 -4.841661 0.106567 1.663230 0.007136 -0.998760 0.048763 0.007034
1788249792.939760447 -4.841848 0.105593 1.655214 0.007376 -0.998768 0.048598 0.006835
1788249792.973104239 -4.842223 0.106125 1.646366 0.007251 -0.998773 0.048523 0.006790
1788249793.006447792 -4.843127 0.104822 1.638162 0.006995 -0.998775 0.048497 0.006902
1788249793.039791107 -4.844446 0.103716 1.631545 0.006759 -0.998777 0.048494 0.006818
1788249793.073134661 -4.845558 0.104061 1.622138 0.006592 -0.998774 0.048616 0.006669
1788249793.106478214 -4.845618 0.103377 1.615542 0.006371 -0.998779 0.048541 0.006625
1788249793.139822006 -4.845672 0.103440 1.607196 0.006304 -0.998780 0.048508 0.006764
1788249793.173165321 -4.844068 0.102887 1.600755 0.006187 -0.998782 0.048460 0.006936
1788249793.206509113 -4.844381 0.102905 1.591663 0.006519 -0.998776 0.048534 0.006951
1788249793.239852667 -4.843720 0.102912 1.584587 0.006557 -0.998773 0.048599 0.006877
1788249793.273195267 -4.844151 0.101581 1.576864 0.006548 -0.998776 0.048536 0.006868
1788249793.306539059 -4.844896 0.102096 1.567745 0.006375 -0.998774 0.048586 0.007097
1788249793.339882851 -4.845083 0.102850 1.559532 0.006311 -0.998770 0.048648 0.007242
1788249793.373226643 -4.845500 0.101124 1.553119 0.005956 -0.998784 0.048408 0.007149
1788249793.406570435 -4.846451 0.100080 1.544798 0.005827 -0.998793 0.048258 0.007117
1788249793.439913988 -4.846573 0.101353 1.535164 0.005840 -0.998788 0.048351 0.007185
1788249793.473257780 -4.845814 0.100829 1.528116 0.005834 -0.998786 0.048370 0.007210
1788249793.506601810 -4.846130 0.099525 1.519427 0.005990 -0.998780 0.048500 0.007160
1788249793.539945602 -4.846516 0.099161 1.511672 0.006168 -0.998771 0.048680 0.006956
1788249793.573289633 -4.846956 0.098498 1.504562 0.006043 -0.998762 0.048859 0.007073
1788249793.606633663 -4.847952 0.099529 1.497766 0.005999 -0.998744 0.049224 0.007143
1788249793.639977694 -4.848911 0.098484 1.490632 0.005878 -0.998742 0.049296 0.007102
1788249793.673321247 -4.848053 0.098445 1.483178 0.005773 -0.998741 0.049318 0.007174
1788249793.706664324 -4.850338 0.097300 1.474316 0.005397 -0.998740 0.049366 0.007178
1788249793.740008354 -4.851357 0.098470 1.465124 0.005446 -0.998742 0.049336 0.007073
1788249793.773357391 -4.850570 0.096757 1.457231 0.005537 -0.998752 0.049131 0.007044
1788249793.806706429 -4.849136 0.096965 1.450235 0.005862 -0.998747 0.049172 0.007192
1788249793.840055704 -4.849949 0.095141 1.441265 0.006058 -0.998761 0.048894 0.007033
1788249793.873404980 -4.849376 0.094638 1.433828 0.006167 -0.998778 0.048533 0.007022
1788249793.906754255 -4.847969 0.094170 1.426173 0.006204 -0.998791 0.048226 0.007223
1788249793.940103531 -4.849001 0.094712 1.416255 0.006043 -0.998796 0.048138 0.007266
1788249793.973452806 -4.849845 0.093771 1.405872 0.005733 -0.998809 0.047877 0.007406
1788249794.006802559 -4.850693 0.093298 1.398353 0.005557 -0.998811 0.047874 0.007327
1788249794.040151834 -4.850600 0.093386 1.390235 0.005619 -0.998803 0.048033 0.007372
1788249794.073501587 -4.849703 0.094711 1.382707 0.005853 -0.998789 0.048289 0.007438
1788249794.106851339 -4.849694 0.095408 1.375055 0.006346 -0.998771 0.048620 0.007293
1788249794.140200138 -4.849339 0.094320 1.366248 0.006478 -0.998778 0.048471 0.007216
1788249794.173549891 -4.848780 0.093556 1.359490 0.006451 -0.998787 0.048253 0.007324
1788249794.206899881 -4.848908 0.091713 1.351814 0.006380 -0.998802 0.047931 0.007486
1788249794.240249634 -4.848484 0.092670 1.344522 0.006341 -0.998793 0.048128 0.007503
1788249794.273599625 -4.851213 0.093493 1.334653 0.006086 -0.998792 0.048249 0.007102
1788249794.306949377 -4.850752 0.091898 1.328220 0.006070 -0.998785 0.048382 0.007060
1788249794.340299606 -4.852042 0.091061 1.318834 0.005906 -0.998777 0.048574 0.007119
1788249794.373649836 -4.851441 0.090750 1.312670 0.006085 -0.998755 0.048966 0.007271
1788249794.407000065 -4.851973 0.090862 1.305508 0.006247 -0.998738 0.049342 0.007050
1788249794.440350294 -4.851819 0.090868 1.298534 0.006378 -0.998721 0.049695 0.006868
1788249794.473700523 -4.851075 0.089413 1.291357 0.006210 -0.998723 0.049624 0.007104
1788249794.507051229 -4.853289 0.088076 1.282170 0.005935 -0.998733 0.049461 0.007119
1788249794.540401459 -4.853621 0.087650 1.273096 0.005835 -0.998733 0.049488 0.006995
1788249794.573752165 -4.853101 0.087193 1.266525 0.005659 -0.998731 0.049533 0.007103
1788249794.607101440 -4.854404 0.085925 1.257095 0.005544 -0.998740 0.049370 0.007130
1788249794.640452147 -4.853815 0.085680 1.250617 0.005671 -0.998744 0.049273 0.007109
1788249794.673803091 -4.854764 0.086771 1.240447 0.005794 -0.998733 0.049490 0.007067
1788249794.707153797 -4.853575 0.087461 1.234739 0.006117 -0.998730 0.049525 0.006980
1788249794.740504503 -4.853049 0.085322 1.226352 0.006186 -0.998749 0.049139 0.006961
1788249794.773838758 -4.854184 0.085500 1.218134 0.005979 -0.998761 0.048915 0.006901
1788249794.807172775 -4.854349 0.086301 1.207985 0.005843 -0.998766 0.048800 0.007089
1788249794.840506792 -4.854452 0.085014 1.200330 0.005752 -0.998778 0.048561 0.007116
1788249794.873840570 -4.854529 0.084881 1.191300 0.005765 -0.998787 0.048367 0.007165
1788249794.907174587 -4.853807 0.085805 1.183981 0.006131 -0.998782 0.048466 0.007003
1788249794.940508366 -4.853149 0.085035 1.175908 0.006305 -0.998781 0.048444 0.007100
1788249794.973842144 -4.853335 0.085171 1.168233 0.006346 -0.998771 0.048636 0.007061
1788249795.007175446 -4.853108 0.083113 1.159927 0.006414 -0.998781 0.048439 0.006957
1788249795.040508509 -4.853906 0.082987 1.151868 0.006288 -0.998783 0.048453 0.006765
1788249795.073842049 -4.854762 0.081940 1.144042 0.006096 -0.998771 0.048706 0.006813
1788249795.107175350 -4.855311 0.081362 1.135714 0.006092 -0.998760 0.048942 0.006827
1788249795.140508890 -4.856219 0.081030 1.128770 0.005977 -0.998758 0.049039 0.006553
1788249795.173842192 -4.855348 0.080364 1.122250 0.005998 -0.998750 0.049183 0.006539
1788249795.207175493 -4.855253 0.080002 1.114850 0.006080 -0.998744 0.049315 0.006491
1788249795.240508795 -4.855645 0.081573 1.106877 0.005989 -0.998724 0.049715 0.006602
1788249795.273842096 -4.857026 0.081700 1.097532 0.005947 -0.998716 0.049882 0.006578
1788249795.307175398 -4.857357 0.079915 1.090944 0.005868 -0.998715 0.049933 0.006439
1788249795.340508461 -4.857837 0.079307 1.083025 0.005662 -0.998713 0.049995 0.006359
1788249795.373841524 -4.857876 0.078523 1.075516 0.005601 -0.998715 0.049940 0.006572
1788249795.407174587 -4.858852 0.077892 1.067136 0.005734 -0.998714 0.049960 0.006491
1788249795.440507412 -4.858260 0.079730 1.057579 0.006068 -0.998702 0.050155 0.006478
1788249795.473839521 -4.857824 0.077242 1.049890 0.005917 -0.998717 0.049888 0.006437
1788249795.507172108 -4.858297 0.076824 1.041778 0.005847 -0.998722 0.049799 0.006426
1788249795.540504932 -4.859203 0.076644 1.034121 0.005804 -0.998713 0.049984 0.006352
1788249795.573837757 -4.858911 0.076865 1.026706 0.005806 -0.998693 0.050384 0.006379
1788249795.607170105 -4.859140 0.075349 1.019676 0.005779 -0.998693 0.050413 0.006197
1788249795.640503168 -4.860053 0.075688 1.012156 0.005602 -0.998680 0.050683 0.006224
1788249795.673835516 -4.860898 0.076110 1.003326 0.005482 -0.998681 0.050690 0.005997
1788249795.707168102 -4.859993 0.076157 0.995079 0.005366 -0.998688 0.050606 0.005679
1788249795.740500689 -4.859863 0.074119 0.988349 0.005352 -0.998699 0.050413 0.005578
1788249795.773846149 -4.860775 0.073989 0.979499 0.005357 -0.998709 0.050170 0.005880
1788249795.807191849 -4.861145 0.074084 0.969872 0.005345 -0.998717 0.050014 0.005833
1788249795.840537786 -4.860871 0.074518 0.961496 0.005214 -0.998723 0.049951 0.005442
1788249795.873883486 -4.860522 0.075428 0.953700 0.005305 -0.998714 0.050144 0.005185
1788249795.907229185 -4.860711 0.074328 0.946214 0.005361 -0.998722 0.050025 0.004887
1788249795.940574408 -4.861524 0.072105 0.938069 0.005101 -0.998734 0.049829 0.004609
1788249795.973920345 -4.861423 0.072218 0.931818 0.004965 -0.998728 0.049973 0.004431
1788249796.007266045 -4.860211 0.073278 0.923890 0.004854 -0.998724 0.050057 0.004507
1788249796.040612221 -4.862541 0.072402 0.914604 0.004706 -0.998737 0.049856 0.004060
1788249796.073958158 -4.861335 0.070917 0.906345 0.004755 -0.998769 0.049230 0.003808
1788249796.107304335 -4.861005 0.072200 0.898813 0.004736 -0.998776 0.049123 0.003348
1788249796.140650511 -4.861619 0.071061 0.890887 0.004639 -0.998785 0.048975 0.002915
1788249796.173996687 -4.862062 0.072184 0.883128 0.004724 -0.998763 0.049438 0.002464
1788249796.207342863 -4.861310 0.071863 0.876026 0.004647 -0.998754 0.049637 0.002027
1788249796.240689278 -4.860156 0.071568 0.870224 0.004473 -0.998755 0.049663 0.001673
1788249796.274035454 -4.861167 0.070382 0.862235 0.004295 -0.998755 0.049678 0.001281
1788249796.307381868 -4.863324 0.069362 0.853230 0.004104 -0.998756 0.049693 0.000677
1788249796.340728521 -4.861506 0.069097 0.846270 0.004021 -0.998759 0.049648 0.000474
1788249796.374073982 -4.860702 0.068710 0.838678 0.004078 -0.998780 0.049203 0.000012
1788249796.407420158 -4.860870 0.070020 0.829977 -0.004217 0.998791 -0.048976 0.000715
1788249796.440766811 -4.860143 0.069454 0.820922 -0.004307 0.998799 -0.048791 0.001228
1788249796.474113703 -4.857777 0.068400 0.815200 -0.004447 0.998801 -0.048731 0.001612
1788249796.507459879 -4.857610 0.068511 0.808802 -0.004735 0.998785 -0.048994 0.002433
1788249796.540806770 -4.856814 0.069102 0.800648 -0.004917 0.998772 -0.049203 0.003106
1788249796.574153662 -4.855776 0.068426 0.793873 -0.004808 0.998769 -0.049257 0.003474
1788249796.607500315 -4.856113 0.069551 0.786800 -0.004844 0.998750 -0.049588 0.003930
1788249796.640847206 -4.856915 0.069595 0.779833 -0.004754 0.998726 -0.050015 0.004646
1788249796.674194098 -4.856466 0.068234 0.772936 -0.004423 0.998726 -0.049985 0.005229
1788249796.707540751 -4.854192 0.067618 0.765989 -0.004715 0.998734 -0.049783 0.005512
1788249796.740887880 -4.854558 0.066430 0.758453 -0.004617 0.998729 -0.049831 0.005985
1788249796.774222612 -4.854297 0.066391 0.751085 -0.004846 0.998712 -0.050057 0.006758
1788249796.807556629 -4.852742 0.065558 0.744306 -0.004837 0.998706 -0.050073 0.007401
1788249796.840891600 -4.853745 0.065484 0.736868 -0.004886 0.998698 -0.050141 0.008044
1788249796.874226332 -4.852304 0.064352 0.728987 -0.005100 0.998692 -0.050160 0.008471
1788249796.907560825 -4.851040 0.064830 0.722300 -0.005439 0.998671 -0.050418 0.009241
1788249796.940895557 -4.849335 0.064851 0.716001 -0.005545 0.998664 -0.050429 0.009851
1788249796.974230289 -4.848358 0.063660 0.708028 -0.005300 0.998677 -0.050117 0.010211
1788249797.007565022 -4.848033 0.063270 0.699182 -0.005373 0.998682 -0.049917 0.010679
1788249797.040899277 -4.846656 0.064610 0.692472 -0.005533 0.998661 -0.050171 0.011307
1788249797.074233770 -4.844659 0.064136 0.685723 -0.005721 0.998660 -0.050004 0.012088
1788249797.107568264 -4.844627 0.064467 0.676174 -0.005592 0.998668 -0.049678 0.012776
1788249797.140902519 -4.844463 0.064014 0.669455 -0.005511 0.998663 -0.049619 0.013401
1788249797.174236774 -4.843597 0.063777 0.661400 -0.005431 0.998663 -0.049498 0.013889
1788249797.207570791 -4.842941 0.062818 0.654133 -0.005468 0.998652 -0.049486 0.014674
1788249797.240905046 -4.841640 0.061760 0.647666 -0.005491 0.998642 -0.049427 0.015550
1788249797.274238348 -4.840770 0.061235 0.640889 -0.005439 0.998628 -0.049458 0.016318
1788249797.307572365 -4.839130 0.061226 0.634746 -0.005539 0.998617 -0.049487 0.016849
1788249797.340906382 -4.838933 0.061095 0.627819 -0.005591 0.998597 -0.049632 0.017596
1788249797.374240398 -4.838214 0.060531 0.620330 -0.005604 0.998570 -0.049848 0.018463
1788249797.407574415 -4.837389 0.060415 0.612753 -0.005535 0.998558 -0.049847 0.019153
1788249797.440908194 -4.835723 0.060475 0.606419 -0.005589 0.998547 -0.049812 0.019792
1788249797.474241972 -4.836102 0.060538 0.598036 -0.005215 0.998538 -0.049729 0.020551
1788249797.507575989 -4.834503 0.060663 0.591679 -0.005315 0.998516 -0.049854 0.021277
1788249797.540909052 -4.832773 0.059111 0.586247 -0.005193 0.998495 -0.049928 0.022096
1788249797.574242830 -4.833067 0.059966 0.577530 -0.005276 0.998470 -0.049958 0.023120
1788249797.607576370 -4.831423 0.060502 0.569154 -0.005896 0.998457 -0.049877 0.023684
1788249797.640910149 -4.829241 0.059816 0.562840 -0.006215 0.998433 -0.050008 0.024325
1788249797.674243450 -4.828091 0.060473 0.556378 -0.006483 0.998399 -0.050147 0.025340
1788249797.707576036 -4.828249 0.058946 0.547624 -0.006332 0.998386 -0.050028 0.026119
1788249797.740909338 -4.825997 0.058865 0.540893 -0.006314 0.998366 -0.050189 0.026567
1788249797.774242878 -4.825723 0.057130 0.535519 -0.006070 0.998339 -0.050297 0.027443
1788249797.807576656 -4.825010 0.056342 0.528635 -0.005961 0.998310 -0.050418 0.028285
1788249797.840910196 -4.823883 0.057219 0.521799 -0.005830 0.998273 -0.050710 0.029091
1788249797.874243498 -4.823222 0.056853 0.513917 -0.005731 0.998249 -0.050641 0.030036
1788249797.907577038 -4.821641 0.057041 0.507348 -0.005786 0.998237 -0.050478 0.030691
1788249797.940910101 -4.820420 0.057186 0.498971 -0.006166 0.998216 -0.050427 0.031371
1788249797.974243164 -4.819252 0.057045 0.491985 -0.006478 0.998180 -0.050540 0.032244
1788249798.007576466 -4.816603 0.055917 0.484041 -0.006628 0.998167 -0.050305 0.032983
1788249798.040909529 -4.814324 0.056118 0.478866 -0.006622 0.998153 -0.050117 0.033695
1788249798.074242353 -4.813828 0.054692 0.469971 -0.006455 0.998146 -0.049867 0.034291
1788249798.107575655 -4.813223 0.053987 0.464001 -0.006421 0.998109 -0.050042 0.035120
1788249798.140907288 -4.813901 0.054283 0.455850 -0.006281 0.998063 -0.050128 0.036305
1788249798.174240112 -4.812011 0.054938 0.449538 -0.006380 0.998035 -0.050141 0.037030
1788249798.207572937 -4.811634 0.053640 0.441263 -0.006156 0.998033 -0.049762 0.037620
1788249798.240905523 -4.810559 0.053816 0.433352 -0.006027 0.998009 -0.049761 0.038291
1788249798.274238110 -4.808179 0.053352 0.427011 -0.006237 0.997981 -0.049806 0.038912
1788249798.307570457 -4.808213 0.053223 0.418957 -0.006450 0.997963 -0.049599 0.039613
1788249798.340903282 -4.806454 0.053180 0.411886 -0.006598 0.997938 -0.049629 0.040176
1788249798.374235868 -4.804581 0.053756 0.405478 -0.006755 0.997900 -0.049757 0.040917
1788249798.407567978 -4.803669 0.053374 0.398757 -0.006852 0.997859 -0.049840 0.041801
1788249798.440900326 -4.802677 0.053994 0.391978 -0.006817 0.997829 -0.049924 0.042402
1788249798.474232197 -4.801229 0.052886 0.385021 -0.006694 0.997816 -0.049718 0.042967
1788249798.507564545 -4.801063 0.052728 0.378113 -0.006406 0.997791 -0.049665 0.043646
1788249798.540896654 -4.800534 0.052249 0.370903 -0.006364 0.997767 -0.049648 0.044227
1788249798.574228525 -4.799297 0.051738 0.363671 -0.006415 0.997731 -0.049710 0.044957
1788249798.607559443 -4.796554 0.052252 0.356925 -0.006295 0.997685 -0.049880 0.045791
1788249798.640891314 -4.795461 0.051419 0.348925 -0.006273 0.997644 -0.049764 0.046811
1788249798.674222946 -4.794989 0.050899 0.341326 -0.006406 0.997599 -0.049613 0.047893
1788249798.707554579 -4.793397 0.051583 0.335380 -0.006686 0.997542 -0.049768 0.048862
1788249798.740886688 -4.792615 0.051836 0.327931 -0.006959 0.997473 -0.049822 0.050165
1788249798.774221897 -4.787814 0.052061 0.322288 -0.007174 0.997438 -0.049581 0.051069
1788249798.807557344 -4.786263 0.051327 0.312472 -0.007211 0.997429 -0.049156 0.051652
1788249798.840892792 -4.785287 0.051260 0.306453 -0.006873 0.997393 -0.048918 0.052612
1788249798.874227762 -4.784651 0.051768 0.299906 -0.006860 0.997337 -0.048878 0.053697
1788249798.907563210 -4.784859 0.051323 0.291377 -0.006732 0.997272 -0.048835 0.054949
1788249798.940898418 -4.783529 0.051354 0.284034 -0.006455 0.997233 -0.048664 0.055829
1788249798.974233150 -4.782734 0.051082 0.276476 -0.006347 0.997193 -0.048561 0.056640
1788249799.007568598 -4.781181 0.050376 0.269872 -0.006371 0.997146 -0.048466 0.057530
1788249799.040902615 -4.779576 0.049782 0.262174 -0.006415 0.997078 -0.048426 0.058723
1788249799.074237347 -4.777161 0.050544 0.255921 -0.006823 0.997006 -0.048287 0.060013
1788249799.107572317 -4.774973 0.049953 0.248253 -0.006969 0.996916 -0.048018 0.061679
1788249799.140907288 -4.771047 0.049476 0.241921 -0.007152 0.996818 -0.048029 0.063213
1788249799.174242258 -4.768792 0.049513 0.235710 -0.007186 0.996706 -0.048174 0.064839
1788249799.207576990 -4.767082 0.050829 0.229379 -0.006872 0.996585 -0.048399 0.066551
1788249799.240911722 -4.764677 0.049682 0.223880 -0.006661 0.996466 -0.048473 0.068280
1788249799.274246454 -4.762540 0.049061 0.217287 -0.006395 0.996320 -0.048910 0.070100
1788249799.307580948 -4.761213 0.047114 0.211764 -0.005948 0.996170 -0.049074 0.072122
1788249799.340915680 -4.759551 0.047294 0.205251 -0.005984 0.996036 -0.049131 0.073913
1788249799.374250412 -4.756112 0.047825 0.198484 -0.005865 0.995912 -0.049239 0.075505
1788249799.407584906 -4.753427 0.046932 0.192793 -0.005737 0.995793 -0.049128 0.077139
1788249799.440919399 -4.751897 0.045692 0.187122 -0.005616 0.995640 -0.049418 0.078913
1788249799.474252939 -4.749072 0.046063 0.180335 -0.005643 0.995508 -0.049416 0.080557
1788249799.507587194 -4.747571 0.046161 0.173321 -0.005776 0.995368 -0.049285 0.082346
1788249799.540921450 -4.745430 0.045725 0.166483 -0.005939 0.995233 -0.049083 0.084059
1788249799.574255943 -4.741187 0.045999 0.159804 -0.006127 0.995082 -0.049106 0.085813
1788249799.607590199 -4.737922 0.046091 0.152376 -0.006375 0.994930 -0.048801 0.087704
1788249799.640924454 -4.734857 0.045085 0.145558 -0.006525 0.994805 -0.048324 0.089361
1788249799.674258471 -4.731236 0.045759 0.140289 -0.006746 0.994662 -0.048300 0.090931
1788249799.707592726 -4.728086 0.044355 0.133736 -0.006641 0.994503 -0.048336 0.092643
1788249799.740926743 -4.726893 0.042820 0.126912 -0.006541 0.994324 -0.048102 0.094679
1788249799.774264097 -4.723708 0.041906 0.121310 -0.006714 0.994164 -0.047969 0.096392
1788249799.807601452 -4.720756 0.042578 0.114243 -0.006727 0.993997 -0.048035 0.098064
1788249799.840938568 -4.717580 0.042319 0.108880 -0.006659 0.993807 -0.047881 0.100052
1788249799.874275923 -4.714212 0.042373 0.100978 -0.006695 0.993646 -0.047678 0.101729
1788249799.907613039 -4.713908 0.041671 0.095209 -0.006543 0.993468 -0.047597 0.103507
1788249799.940949440 -4.709735 0.041747 0.088509 -0.006883 0.993296 -0.047810 0.105023
1788249799.974286079 -4.706248 0.042101 0.082630 -0.007188 0.993075 -0.047981 0.106996
1788249800.007623196 -4.702337 0.039736 0.076709 -0.007453 0.992902 -0.047560 0.108761
1788249800.040960550 -4.697253 0.039217 0.071054 -0.007838 0.992726 -0.047570 0.110324
1788249800.074297667 -4.694546 0.040793 0.064297 -0.007920 0.992527 -0.047525 0.112106
1788249800.107634544 -4.693355 0.041098 0.059204 -0.007521 0.992295 -0.047627 0.114128
1788249800.140971899 -4.689076 0.040165 0.051509 -0.007246 0.992096 -0.047500 0.115921
1788249800.174308777 -4.687925 0.039198 0.047456 -0.006979 0.991926 -0.047248 0.117485
1788249800.207645655 -4.685266 0.038373 0.040173 -0.007026 0.991735 -0.047232 0.119085
1788249800.240982533 -4.683609 0.038666 0.030894 -0.007103 0.991429 -0.047544 0.121479
1788249800.274319410 -4.680314 0.037053 0.026114 -0.007316 0.991206 -0.047333 0.123358
1788249800.307656288 -4.677548 0.036958 0.019152 -0.007144 0.990992 -0.047217 0.125114
1788249800.340993404 -4.674388 0.036474 0.013752 -0.007213 0.990789 -0.047154 0.126736
1788249800.374329090 -4.672162 0.035214 0.006832 -0.007138 0.990547 -0.047347 0.128543
1788249800.407665730 -4.668496 0.033666 0.003898 -0.007120 0.990338 -0.047295 0.130169
1788249800.441002846 -4.665356 0.033593 -0.004531 -0.007205 0.990128 -0.047246 0.131769
1788249800.474339724 -4.662969 0.033209 -0.010331 -0.007513 0.990008 -0.047219 0.132657
1788249800.507676363 -4.659535 0.034968 -0.015868 -0.007507 0.989862 -0.047580 0.133613
1788249800.541013002 -4.656704 0.032846 -0.022505 -0.007640 0.989690 -0.047580 0.134876
1788249800.574349642 -4.653071 0.031825 -0.027819 -0.007452 0.989596 -0.047411 0.135633
1788249800.607686520 -4.651097 0.031257 -0.033463 -0.007349 0.989503 -0.047490 0.136291
1788249800.641023397 -4.648793 0.031640 -0.041138 -0.007258 0.989363 -0.047496 0.137301
1788249800.674359560 -4.647724 0.031515 -0.046135 -0.007243 0.989199 -0.047609 0.138445
1788249800.707696438 -4.643839 0.031516 -0.053612 -0.007174 0.989059 -0.047611 0.139439
1788249800.741033077 -4.643502 0.031683 -0.059785 -0.007260 0.988933 -0.047496 0.140367
1788249800.774371862 -4.639616 0.031096 -0.064604 -0.007390 0.988856 -0.047253 0.140983
1788249800.807709455 -4.635041 0.032632 -0.071151 -0.007592 0.988708 -0.047728 0.141848
1788249800.841048241 -4.632922 0.031140 -0.077179 -0.007696 0.988528 -0.047984 0.143007
1788249800.874387026 -4.630371 0.030343 -0.083067 -0.007689 0.988397 -0.047885 0.143939
1788249800.907725573 -4.627214 0.029209 -0.089669 -0.007863 0.988263 -0.047892 0.144849
1788249800.941064358 -4.623900 0.029861 -0.094475 -0.007952 0.988119 -0.048243 0.145703
1788249800.974403143 -4.620401 0.028453 -0.099191 -0.007642 0.988014 -0.048300 0.146413
1788249801.007741690 -4.619815 0.029374 -0.104378 -0.007577 0.987833 -0.048382 0.147609
1788249801.041080475 -4.615842 0.029197 -0.109528 -0.007537 0.987731 -0.048395 0.148286
1788249801.074419022 -4.614701 0.030272 -0.117609 -0.007730 0.987588 -0.048488 0.149193
1788249801.107758045 -4.610662 0.030810 -0.125751 -0.008071 0.987415 -0.048610 0.150280
1788249801.141096592 -4.606505 0.030264 -0.129816 -0.008515 0.987268 -0.048415 0.151278
1788249801.174435139 -4.603076 0.029185 -0.135054 -0.008600 0.987110 -0.047923 0.152459
1788249801.207773924 -4.600706 0.028621 -0.141307 -0.008725 0.986946 -0.047729 0.153568
1788249801.241112471 -4.599640 0.027865 -0.146967 -0.008497 0.986803 -0.047761 0.154489
1788249801.274450064 -4.596940 0.028571 -0.153272 -0.008289 0.986642 -0.048046 0.155435
1788249801.307788849 -4.594813 0.027577 -0.159150 -0.007933 0.986425 -0.048261 0.156758
1788249801.341127634 -4.591514 0.027776 -0.163711 -0.007786 0.986264 -0.048415 0.157727
1788249801.374466181 -4.588655 0.026968 -0.170537 -0.007538 0.986166 -0.048318 0.158383
1788249801.407804728 -4.587001 0.027198 -0.174761 -0.007451 0.986049 -0.048192 0.159153
1788249801.441143513 -4.585578 0.026941 -0.181851 -0.007315 0.985846 -0.048233 0.160401
1788249801.474482059 -4.582006 0.026562 -0.190324 -0.007250 0.985676 -0.048159 0.161463
1788249801.507820606 -4.578721 0.025998 -0.195310 -0.007101 0.985585 -0.047928 0.162093
1788249801.541159391 -4.575836 0.025788 -0.201724 -0.007125 0.985448 -0.047756 0.162976
1788249801.574497938 -4.573861 0.025032 -0.205923 -0.007078 0.985285 -0.047428 0.164054
1788249801.607836485 -4.569954 0.025177 -0.212117 -0.007154 0.985128 -0.047603 0.164944
1788249801.641175270 -4.567527 0.025036 -0.218596 -0.007072 0.984953 -0.047775 0.165940
1788249801.674513817 -4.566466 0.024088 -0.223633 -0.006923 0.984781 -0.047554 0.167022
1788249801.707851410 -4.562365 0.024810 -0.229986 -0.006957 0.984616 -0.047556 0.167990
1788249801.741189957 -4.558993 0.025121 -0.235247 -0.007310 0.984437 -0.047729 0.168977
1788249801.774526834 -4.555063 0.023305 -0.239618 -0.007589 0.984228 -0.047906 0.170128
1788249801.807863474 -4.553579 0.023974 -0.245920 -0.007533 0.984026 -0.048146 0.171225
1788249801.841199636 -4.551052 0.023168 -0.249416 -0.007245 0.983859 -0.048109 0.172206
1788249801.874536514 -4.548638 0.022720 -0.256011 -0.007104 0.983643 -0.048463 0.173339
1788249801.907872915 -4.545257 0.021481 -0.259736 -0.007172 0.983450 -0.048708 0.174361
1788249801.941209555 -4.541493 0.020488 -0.266066 -0.007195 0.983171 -0.049117 0.175814
1788249801.974545717 -4.537712 0.021153 -0.271421 -0.007499 0.982891 -0.049395 0.177280
1788249802.007882118 -4.533592 0.021681 -0.276409 -0.007766 0.982685 -0.049442 0.178398
1788249802.041218758 -4.531107 0.020678 -0.280965 -0.008028 0.982452 -0.049506 0.179649
1788249802.074554682 -4.527278 0.022036 -0.286535 -0.008281 0.982201 -0.049982 0.180873
1788249802.107891321 -4.522677 0.019045 -0.290723 -0.008445 0.981974 -0.049784 0.182144
1788249802.141226292 -4.519267 0.017480 -0.294502 -0.008554 0.981768 -0.049655 0.183282
1788249802.174562693 -4.514869 0.017086 -0.299913 -0.008798 0.981575 -0.049719 0.184287
1788249802.207898617 -4.510873 0.019382 -0.306672 -0.008867 0.981304 -0.049884 0.185673
1788249802.241235018 -4.506371 0.017840 -0.312038 -0.009055 0.981120 -0.049615 0.186707
1788249802.274570942 -4.505250 0.017086 -0.318061 -0.008958 0.980884 -0.049486 0.187984
1788249802.307907104 -4.501761 0.016312 -0.323750 -0.008711 0.980684 -0.049204 0.189110
1788249802.341243029 -4.498786 0.015950 -0.327874 -0.008789 0.980470 -0.049400 0.190159
1788249802.374578953 -4.495033 0.015912 -0.334112 -0.008861 0.980210 -0.049927 0.191358
1788249802.407914877 -4.491845 0.015620 -0.338936 -0.009238 0.979933 -0.050146 0.192693
1788249802.441251040 -4.487070 0.016248 -0.343996 -0.009404 0.979669 -0.050469 0.193941
1788249802.474586725 -4.484713 0.014009 -0.347103 -0.009481 0.979412 -0.050315 0.195272
1788249802.507922649 -4.481078 0.014115 -0.356122 -0.009270 0.979085 -0.050358 0.196903
1788249802.541258335 -4.478232 0.013875 -0.359771 -0.008771 0.978843 -0.050412 0.198113
1788249802.574594259 -4.477136 0.012883 -0.364623 -0.008341 0.978535 -0.050513 0.199622
1788249802.607928991 -4.472108 0.013676 -0.370670 -0.008316 0.978247 -0.050685 0.200982
1788249802.641264439 -4.468101 0.013093 -0.374250 -0.008405 0.977980 -0.050588 0.202301
1788249802.674600363 -4.462255 0.013529 -0.380651 -0.008723 0.977730 -0.050445 0.203528
1788249802.707935810 -4.459903 0.012629 -0.387712 -0.009267 0.977429 -0.050586 0.204910
1788249802.741271496 -4.455812 0.013785 -0.390731 -0.009215 0.977146 -0.050913 0.206176
1788249802.774610758 -4.456984 0.007993 -0.395238 -0.009100 0.976792 -0.050373 0.207984
1788249802.807964563 -4.453366 0.007551 -0.399519 -0.008476 0.976470 -0.050239 0.209547
1788249802.841338873 -4.451973 0.007590 -0.405567 -0.008111 0.975948 -0.050079 0.212019
1788249802.874713421 -4.446978 0.007691 -0.411470 -0.007504 0.975432 -0.049752 0.214479
1788249802.908088207 -4.443658 0.006244 -0.419195 -0.007244 0.974947 -0.049107 0.216828
1788249802.941463232 -4.438837 0.006677 -0.426122 -0.007122 0.974496 -0.048250 0.219039
1788249802.974838495 -4.433253 0.007159 -0.431613 -0.007289 0.974083 -0.047568 0.221011
1788249803.008213520 -4.428216 0.006702 -0.438432 -0.007434 0.973521 -0.047323 0.223523
1788249803.041588306 -4.423849 0.008427 -0.446116 -0.007142 0.972892 -0.047220 0.226275
1788249803.074964046 -4.418873 0.008385 -0.451371 -0.006999 0.972377 -0.046740 0.228581
1788249803.108340025 -4.416259 0.008350 -0.456224 -0.006842 0.971878 -0.046527 0.230741
1788249803.141716003 -4.411775 0.006935 -0.461434 -0.006700 0.971278 -0.046665 0.233232
1788249803.175092697 -4.407818 0.006967 -0.463252 -0.006709 0.970561 -0.046934 0.236145
1788249803.208469152 -4.401897 0.006468 -0.468710 -0.006923 0.969821 -0.046781 0.239189
1788249803.241845846 -4.396067 0.005951 -0.469877 -0.007177 0.969108 -0.046866 0.242037
1788249803.275222778 -4.387168 0.006816 -0.475981 -0.007393 0.968259 -0.047123 0.245356
1788249803.308599949 -4.382483 0.004333 -0.477745 -0.007353 0.967385 -0.046896 0.248825
1788249803.341977358 -4.376646 0.005491 -0.481462 -0.007179 0.966483 -0.047414 0.252213
1788249803.375354767 -4.372430 0.007605 -0.486496 -0.006627 0.965514 -0.047777 0.255844
1788249803.408732414 -4.367730 0.006903 -0.489668 -0.006170 0.964660 -0.047743 0.259061
1788249803.442110538 -4.363284 0.005954 -0.494639 -0.005960 0.963823 -0.047637 0.262185
1788249803.475487709 -4.357933 0.005696 -0.497254 -0.005567 0.962856 -0.047699 0.265710
1788249803.508866072 -4.353555 0.005420 -0.498505 -0.005630 0.961862 -0.047937 0.269245
1788249803.542244434 -4.347883 0.006006 -0.503266 -0.005412 0.960822 -0.048026 0.272919
1788249803.575623274 -4.340090 0.003605 -0.506426 -0.005451 0.959812 -0.047962 0.276463
1788249803.609002352 -4.335057 0.003977 -0.511407 -0.005324 0.958593 -0.048277 0.280608
1788249803.642381430 -4.328659 0.003564 -0.511692 -0.005287 0.957483 -0.048144 0.284397
1788249803.675760508 -4.322391 0.003802 -0.516786 -0.005244 0.956329 -0.047867 0.288299
1788249803.709140301 -4.314336 0.004268 -0.519850 -0.005426 0.955263 -0.047890 0.291804
1788249803.742519855 -4.308875 0.002786 -0.523025 -0.005490 0.954029 -0.047984 0.295798
1788249803.775900126 -4.303596 0.002499 -0.523860 -0.005432 0.952922 -0.047865 0.299365
1788249803.809261084 -4.295869 0.004602 -0.530599 -0.005088 0.951822 -0.047859 0.302851
1788249803.842597246 -4.290051 0.003064 -0.534353 -0.005075 0.951009 -0.047934 0.305383
1788249803.875933409 -4.286410 0.002688 -0.538115 -0.004870 0.950120 -0.047759 0.308167
1788249803.909268141 -4.279840 0.002442 -0.542387 -0.004754 0.949226 -0.047471 0.310955
1788249803.942604065 -4.273128 0.002352 -0.545784 -0.004946 0.948361 -0.047409 0.313591
1788249803.975939989 -4.266353 0.002339 -0.548444 -0.005342 0.947462 -0.047695 0.316247
1788249804.009275913 -4.259676 0.003882 -0.550828 -0.005425 0.946509 -0.047813 0.319068
1788249804.042611837 -4.254596 0.003475 -0.555576 -0.005571 0.945644 -0.047553 0.321659
1788249804.075947523 -4.248501 0.003481 -0.558929 -0.005585 0.944901 -0.047519 0.323840
1788249804.109283447 -4.244394 0.003372 -0.560020 -0.005695 0.944160 -0.047780 0.325955
1788249804.142619133 -4.236172 0.003300 -0.563970 -0.005709 0.943393 -0.047601 0.328195
1788249804.175955296 -4.229678 0.003459 -0.568276 -0.005960 0.942635 -0.047393 0.330391
1788249804.209290981 -4.224284 0.003184 -0.570385 -0.006315 0.941905 -0.047454 0.332452
1788249804.242626667 -4.217848 0.003325 -0.575246 -0.006495 0.941182 -0.047563 0.334472
1788249804.275962114 -4.210160 0.003458 -0.580339 -0.006571 0.940521 -0.047251 0.336371
1788249804.309297800 -4.206977 0.003185 -0.582419 -0.006365 0.939891 -0.047098 0.338151
1788249804.342633247 -4.201504 0.002712 -0.587880 -0.006060 0.939201 -0.047082 0.340071
1788249804.375967741 -4.198951 0.002194 -0.591634 -0.005679 0.938429 -0.047144 0.342194
1788249804.409303665 -4.191527 0.003615 -0.595612 -0.005581 0.937731 -0.047073 0.344112
1788249804.442638874 -4.185097 0.004434 -0.600657 -0.005827 0.936990 -0.046854 0.346151
1788249804.475974560 -4.179093 0.003632 -0.604649 -0.006327 0.936346 -0.046579 0.347918
1788249804.509309769 -4.173163 0.002051 -0.605508 -0.006806 0.935666 -0.046489 0.349744
1788249804.542645454 -4.164944 0.004330 -0.608491 -0.007353 0.934946 -0.046673 0.351630
1788249804.575980902 -4.160037 0.004732 -0.611990 -0.007364 0.934170 -0.046133 0.353756
1788249804.609316111 -4.154295 0.003250 -0.616630 -0.007391 0.933355 -0.045922 0.355927
1788249804.642651796 -4.147655 0.002371 -0.618570 -0.007481 0.932646 -0.045999 0.357771
1788249804.675987005 -4.142357 0.001198 -0.623294 -0.007343 0.931782 -0.046095 0.360005
1788249804.709322214 -4.138013 0.001727 -0.625845 -0.007051 0.930939 -0.046081 0.362186
1788249804.742657661 -4.133992 0.001740 -0.628456 -0.006890 0.930179 -0.046261 0.364115
1788249804.775992632 -4.128637 0.001996 -0.632818 -0.006849 0.929416 -0.046524 0.366024
1788249804.809328794 -4.123598 0.000911 -0.633351 -0.006875 0.928784 -0.046578 0.367620
1788249804.842667580 -4.118809 -0.000243 -0.636329 -0.006712 0.928067 -0.046495 0.369439
1788249804.876006842 -4.112843 0.001272 -0.639290 -0.006311 0.927330 -0.046566 0.371283
1788249804.909345865 -4.107964 0.001554 -0.642951 -0.005969 0.926663 -0.046932 0.372905
1788249804.942684889 -4.103021 0.000601 -0.646147 -0.005904 0.926060 -0.047025 0.374389
1788249804.976023912 -4.096807 0.001536 -0.651407 -0.005813 0.925347 -0.046962 0.376156
1788249805.009362459 -4.091019 0.001245 -0.656540 -0.005752 0.924648 -0.046808 0.377892
1788249805.042701721 -4.085991 0.000045 -0.660804 -0.005855 0.923903 -0.047011 0.379684
1788249805.076040506 -4.079743 0.000643 -0.663210 -0.005652 0.923229 -0.047402 0.381273
1788249805.109379530 -4.074438 0.001382 -0.665569 -0.005262 0.922564 -0.047623 0.382858
1788249805.142718315 -4.069625 0.000094 -0.668857 -0.005076 0.921843 -0.047771 0.384575
1788249805.176057339 -4.064842 0.000296 -0.672627 -0.004590 0.921199 -0.047986 0.386094
1788249805.209396362 -4.059674 -0.000439 -0.677971 -0.004353 0.920388 -0.048274 0.387991
1788249805.242735147 -4.054655 -0.001625 -0.677219 -0.004414 0.919666 -0.048477 0.389674
1788249805.276072741 -4.048133 -0.001133 -0.682351 -0.004194 0.918880 -0.048235 0.391554
1788249805.309411764 -4.041315 -0.002338 -0.687707 -0.004133 0.918152 -0.047984 0.393290
1788249805.342750549 -4.036165 -0.002766 -0.690207 -0.003772 0.917520 -0.048279 0.394729
1788249805.376089573 -4.034178 -0.003964 -0.695294 -0.003184 0.916780 -0.048515 0.396423
1788249805.409428120 -4.027871 -0.002977 -0.697230 -0.002641 0.916159 -0.048683 0.397839
1788249805.442766905 -4.023607 -0.004044 -0.700778 -0.002495 0.915507 -0.048442 0.399367
1788249805.476105928 -4.017029 -0.003483 -0.703401 -0.002620 0.914929 -0.048441 0.400688
1788249805.509444475 -4.011355 -0.003874 -0.707029 -0.002638 0.914367 -0.048205 0.401999
1788249805.542783022 -4.005363 -0.004788 -0.708896 -0.002857 0.913889 -0.048131 0.403092
1788249805.576122046 -3.999720 -0.002822 -0.713240 -0.002609 0.913337 -0.048188 0.404335
1788249805.609460592 -3.993823 -0.002069 -0.718034 -0.002461 0.912842 -0.048265 0.405443
1788249805.642799139 -3.990023 -0.004233 -0.720837 -0.002515 0.912203 -0.048389 0.406863
1788249805.676137924 -3.983171 -0.004554 -0.723779 -0.002854 0.911490 -0.048651 0.408426
1788249805.709475517 -3.977848 -0.004370 -0.726243 -0.002993 0.910902 -0.048728 0.409725
1788249805.742814064 -3.970894 -0.003283 -0.730488 -0.003008 0.910319 -0.048804 0.411009
1788249805.776152611 -3.965884 -0.002343 -0.733604 -0.003029 0.909705 -0.048904 0.412354
1788249805.809494972 -3.960573 -0.004703 -0.737628 -0.002855 0.909077 -0.048593 0.413774
1788249805.842842340 -3.954727 -0.003668 -0.740431 -0.002710 0.908534 -0.048813 0.414940
1788249805.876189232 -3.948931 -0.004314 -0.743782 -0.002535 0.907976 -0.048660 0.416179
1788249805.909536362 -3.943607 -0.004883 -0.747689 -0.002687 0.907436 -0.048366 0.417388
1788249805.942883968 -3.938321 -0.005840 -0.748362 -0.003127 0.906850 -0.048343 0.418661
1788249805.976231337 -3.930731 -0.006916 -0.754161 -0.003394 0.906128 -0.048259 0.420228
1788249806.009578705 -3.924928 -0.005562 -0.758305 -0.003270 0.905501 -0.048331 0.421570
1788249806.042925835 -3.919649 -0.003711 -0.761709 -0.003068 0.904935 -0.048301 0.422789
1788249806.076273441 -3.913382 -0.004059 -0.765181 -0.003103 0.904369 -0.048310 0.423998
1788249806.109620810 -3.907966 -0.004134 -0.766920 -0.003147 0.903761 -0.048601 0.425259
1788249806.142967701 -3.900999 -0.004681 -0.769111 -0.003194 0.903187 -0.048574 0.426479
1788249806.176315069 -3.895126 -0.005267 -0.771865 -0.003337 0.902597 -0.048275 0.427758
1788249806.209662914 -3.889142 -0.004931 -0.775348 -0.003482 0.902026 -0.048224 0.428965
1788249806.243010521 -3.883728 -0.004168 -0.778472 -0.003661 0.901298 -0.048462 0.430466
1788249806.276358366 -3.877612 -0.003995 -0.781421 -0.003696 0.900574 -0.048718 0.431948
1788249806.309705734 -3.871922 -0.005342 -0.784551 -0.003287 0.899939 -0.048447 0.433304
1788249806.343053818 -3.866764 -0.006310 -0.790043 -0.003216 0.899319 -0.048357 0.434599
1788249806.376401663 -3.860997 -0.006942 -0.792389 -0.003083 0.898945 -0.048381 0.435371
1788249806.409749508 -3.855470 -0.007031 -0.795464 -0.002750 0.898445 -0.048230 0.436420
1788249806.443097353 -3.850787 -0.006225 -0.800888 -0.002633 0.897962 -0.048228 0.437415
1788249806.476445436 -3.844701 -0.006231 -0.806841 -0.002560 0.897589 -0.048266 0.438176
1788249806.509793758 -3.839341 -0.006308 -0.807567 -0.002507 0.897299 -0.048703 0.438722
1788249806.543141842 -3.834071 -0.007257 -0.809322 -0.002734 0.896841 -0.048920 0.439631
1788249806.576488733 -3.826973 -0.008550 -0.813058 -0.003116 0.896312 -0.048973 0.440700
1788249806.609836817 -3.820557 -0.008806 -0.815509 -0.003319 0.895898 -0.048824 0.441556
1788249806.643185377 -3.814418 -0.008753 -0.820529 -0.003378 0.895442 -0.048720 0.442492
1788249806.676533699 -3.808796 -0.008566 -0.823922 -0.003206 0.894930 -0.048588 0.443542
1788249806.709882021 -3.802272 -0.007741 -0.826128 -0.003017 0.894569 -0.048806 0.444247
1788249806.743230343 -3.796479 -0.009690 -0.831179 -0.002790 0.894117 -0.048472 0.445194
1788249806.776578665 -3.791699 -0.008544 -0.834899 -0.002601 0.893699 -0.048548 0.446026
1788249806.809925795 -3.785674 -0.007666 -0.837885 -0.002616 0.893294 -0.048333 0.446859
1788249806.843270540 -3.779421 -0.008511 -0.841235 -0.002739 0.892840 -0.048183 0.447780
1788249806.876615524 -3.773064 -0.010424 -0.843561 -0.003088 0.892460 -0.048065 0.448547
1788249806.909960508 -3.764916 -0.009579 -0.848048 -0.003137 0.892046 -0.048121 0.449365
1788249806.943305492 -3.759746 -0.008134 -0.850619 -0.003062 0.891640 -0.048125 0.450170
1788249806.976650953 -3.754654 -0.009374 -0.855110 -0.003090 0.891130 -0.048113 0.451179
1788249807.009995937 -3.747832 -0.009782 -0.856498 -0.003029 0.890714 -0.048171 0.451994
1788249807.043339968 -3.741246 -0.008421 -0.860265 -0.002940 0.890247 -0.048241 0.452907
1788249807.076685190 -3.736660 -0.008633 -0.865540 -0.002741 0.889771 -0.048008 0.453868
1788249807.110030413 -3.731217 -0.006839 -0.867413 -0.002639 0.889454 -0.048130 0.454476
1788249807.143375635 -3.724247 -0.010381 -0.873816 -0.002945 0.888940 -0.047979 0.455494
1788249807.176720858 -3.719033 -0.010865 -0.877126 -0.002985 0.888448 -0.048075 0.456443
1788249807.210066080 -3.712493 -0.010976 -0.882111 -0.002998 0.887857 -0.047845 0.457615
1788249807.243411303 -3.707506 -0.011372 -0.883274 -0.002998 0.887498 -0.047612 0.458336
1788249807.276756525 -3.700874 -0.010701 -0.886795 -0.003039 0.887035 -0.047889 0.459203
1788249807.310101986 -3.696203 -0.012330 -0.887181 -0.002795 0.886544 -0.048027 0.460137
1788249807.343447447 -3.690308 -0.011250 -0.891416 -0.002432 0.885996 -0.048249 0.461169
1788249807.376792908 -3.684150 -0.011639 -0.892763 -0.002253 0.885648 -0.048496 0.461813
1788249807.410138130 -3.679780 -0.010987 -0.898029 -0.001981 0.885115 -0.048753 0.462807
1788249807.443483829 -3.674461 -0.011843 -0.901138 -0.001907 0.884642 -0.048789 0.463708
1788249807.476828337 -3.669540 -0.012139 -0.904669 -0.001913 0.884166 -0.048822 0.464611
1788249807.510173798 -3.661700 -0.013774 -0.906149 -0.001924 0.883871 -0.048692 0.465185
1788249807.543519020 -3.656283 -0.014663 -0.910142 -0.001780 0.883422 -0.048607 0.466047
1788249807.576864719 -3.649895 -0.013135 -0.913247 -0.001606 0.882984 -0.048569 0.466881
1788249807.610210419 -3.644422 -0.014970 -0.915426 -0.001903 0.882555 -0.048485 0.467698
1788249807.643555880 -3.638224 -0.015221 -0.920336 -0.001705 0.882056 -0.048553 0.468633
1788249807.676901579 -3.631419 -0.013948 -0.923909 -0.001595 0.881708 -0.048645 0.469278
1788249807.710247278 -3.626670 -0.014496 -0.926693 -0.001671 0.881352 -0.048464 0.469965
1788249807.743592739 -3.619805 -0.014722 -0.929824 -0.001726 0.881064 -0.048425 0.470509
1788249807.776938677 -3.613582 -0.015403 -0.933426 -0.001947 0.880736 -0.048663 0.471098
1788249807.810280800 -3.607484 -0.014476 -0.933382 -0.001930 0.880390 -0.048874 0.471721
1788249807.843618393 -3.601052 -0.016671 -0.936380 -0.002287 0.880236 -0.048712 0.472025
1788249807.876956224 -3.595069 -0.017164 -0.940223 -0.001994 0.880425 -0.048754 0.471669
1788249807.910292625 -3.590517 -0.018295 -0.945639 -0.001834 0.880403 -0.048628 0.471723
1788249807.943630219 -3.585279 -0.018671 -0.950215 -0.001644 0.880229 -0.048627 0.472048
1788249807.976967812 -3.580498 -0.019979 -0.954029 -0.001694 0.880189 -0.048369 0.472148
1788249808.010305405 -3.573763 -0.020031 -0.959887 -0.001707 0.880166 -0.048267 0.472202
1788249808.043642998 -3.568165 -0.019106 -0.962879 -0.001824 0.880153 -0.048130 0.472240
1788249808.076980352 -3.560166 -0.018539 -0.965236 -0.002054 0.880182 -0.048363 0.472161
1788249808.110317945 -3.554403 -0.019923 -0.970666 -0.002116 0.879985 -0.048373 0.472527
1788249808.143655300 -3.547856 -0.021030 -0.973484 -0.002429 0.879954 -0.048543 0.472567
1788249808.176992893 -3.539943 -0.018830 -0.977664 -0.002457 0.879889 -0.048746 0.472666
1788249808.210330248 -3.535855 -0.019705 -0.979990 -0.002220 0.879883 -0.048714 0.472682
1788249808.243667841 -3.530951 -0.018747 -0.984649 -0.002107 0.879915 -0.048485 0.472647
1788249808.277005196 -3.522452 -0.018984 -0.992406 -0.001886 0.880011 -0.047917 0.472526
1788249808.310342789 -3.516895 -0.021729 -0.993658 -0.002227 0.880160 -0.047784 0.472261
1788249808.343680143 -3.509229 -0.019646 -1.000202 -0.002052 0.880085 -0.047370 0.472444
1788249808.377016544 -3.501844 -0.018991 -1.005649 -0.002129 0.880015 -0.047199 0.472590
1788249808.410353661 -3.496535 -0.021208 -1.008691 -0.002051 0.880018 -0.047269 0.472578
1788249808.443691015 -3.490484 -0.021455 -1.012286 -0.002112 0.879964 -0.047577 0.472648
1788249808.477028370 -3.483788 -0.021949 -1.015702 -0.002306 0.879938 -0.047698 0.472682
1788249808.510365725 -3.478659 -0.020513 -1.019250 -0.002429 0.879731 -0.047805 0.473056
1788249808.543703079 -3.471233 -0.021581 -1.023376 -0.002275 0.879677 -0.047647 0.473172
1788249808.577040434 -3.466055 -0.021138 -1.026533 -0.001924 0.879756 -0.047672 0.473026
1788249808.610377789 -3.460542 -0.020976 -1.032305 -0.001513 0.879785 -0.047558 0.472984
1788249808.643714905 -3.455221 -0.022112 -1.036756 -0.001689 0.879867 -0.047257 0.472861
1788249808.677052259 -3.447371 -0.024007 -1.041183 -0.002017 0.879826 -0.047005 0.472961
1788249808.710389614 -3.440397 -0.024173 -1.044902 -0.002093 0.879866 -0.046962 0.472891
1788249808.743726969 -3.434723 -0.023706 -1.048392 -0.002204 0.879925 -0.047166 0.472761
1788249808.777064085 -3.428629 -0.025080 -1.050950 -0.002472 0.879995 -0.047180 0.472627
1788249808.810400009 -3.422164 -0.024398 -1.055706 -0.002774 0.879749 -0.047225 0.473080
1788249808.843736887 -3.417171 -0.025916 -1.059796 -0.002887 0.879623 -0.047211 0.473315
1788249808.877073526 -3.410529 -0.024679 -1.064067 -0.002516 0.879576 -0.047411 0.473383
1788249808.910410404 -3.404064 -0.023264 -1.069628 -0.001913 0.879355 -0.047462 0.473791
1788249808.943747044 -3.399451 -0.024895 -1.074296 -0.001654 0.879101 -0.047395 0.474271
1788249808.977083445 -3.394852 -0.024779 -1.074300 -0.001759 0.878966 -0.047622 0.474497
1788249809.010420322 -3.388376 -0.025447 -1.078785 -0.001812 0.878709 -0.047557 0.474979
1788249809.043756962 -3.382319 -0.026503 -1.083547 -0.001942 0.878361 -0.047784 0.475599
1788249809.077093840 -3.375145 -0.026436 -1.085666 -0.002214 0.877969 -0.048014 0.476299
1788249809.110430002 -3.369619 -0.026667 -1.087101 -0.002341 0.877708 -0.047969 0.476783
1788249809.143766642 -3.363693 -0.027398 -1.090612 -0.002679 0.877328 -0.047890 0.477489
1788249809.177103281 -3.355905 -0.025681 -1.095012 -0.002875 0.876647 -0.047982 0.478727
1788249809.210439444 -3.349385 -0.026779 -1.095430 -0.002928 0.875894 -0.047688 0.480132
1788249809.243776083 -3.340366 -0.026641 -1.097903 -0.002730 0.875158 -0.047510 0.481492
1788249809.277111292 -3.334845 -0.027000 -1.100695 -0.002661 0.874368 -0.047332 0.482941
1788249809.310447931 -3.328047 -0.028665 -1.102444 -0.002960 0.873568 -0.047440 0.484376
1788249809.343784332 -3.319638 -0.027761 -1.103468 -0.003180 0.872573 -0.047785 0.486130
1788249809.377120256 -3.314748 -0.029403 -1.103610 -0.003537 0.871542 -0.047427 0.488009
1788249809.410456896 -3.304573 -0.027530 -1.109394 -0.003701 0.870491 -0.047144 0.489907
1788249809.443793058 -3.298296 -0.026583 -1.111088 -0.003558 0.869525 -0.046794 0.491655
1788249809.477129698 -3.291129 -0.027668 -1.113807 -0.003388 0.868609 -0.046721 0.493279
1788249809.510465622 -3.284352 -0.028194 -1.118536 -0.003173 0.867468 -0.046575 0.495297
1788249809.543802023 -3.279341 -0.028128 -1.120494 -0.002868 0.866428 -0.046122 0.497158
1788249809.577137947 -3.269996 -0.026750 -1.123026 -0.003063 0.865458 -0.046444 0.498814
1788249809.610474348 -3.259177 -0.025884 -1.124246 -0.003410 0.864397 -0.046665 0.500629
1788249809.643810511 -3.253205 -0.027047 -1.125287 -0.003847 0.863364 -0.046177 0.502450
1788249809.677146435 -3.246778 -0.027779 -1.126383 -0.004125 0.862499 -0.045733 0.503971
1788249809.710481405 -3.239361 -0.027078 -1.128001 -0.003868 0.861598 -0.045631 0.505522
1788249809.743817568 -3.232799 -0.026763 -1.130837 -0.003514 0.860671 -0.045682 0.507097
1788249809.777153492 -3.225453 -0.024799 -1.135607 -0.002998 0.859576 -0.045721 0.508949
1788249809.810495615 -3.218019 -0.026118 -1.135763 -0.003117 0.858773 -0.045663 0.510308
1788249809.843846083 -3.214173 -0.026800 -1.137985 -0.003210 0.857839 -0.045614 0.511880
1788249809.877196550 -3.204710 -0.024977 -1.138963 -0.003466 0.856837 -0.046033 0.513516
1788249809.910547256 -3.197474 -0.026805 -1.140705 -0.003784 0.855820 -0.045852 0.515224
1788249809.943897963 -3.192430 -0.028550 -1.140569 -0.003819 0.854974 -0.045469 0.516660
1788249809.977248907 -3.182589 -0.026445 -1.144060 -0.003498 0.854011 -0.045598 0.518241
1788249810.010599852 -3.176293 -0.025765 -1.145033 -0.003282 0.853121 -0.045853 0.519683
1788249810.043950558 -3.168990 -0.026960 -1.147490 -0.003202 0.852291 -0.045677 0.521060
1788249810.077301502 -3.161973 -0.025751 -1.149652 -0.003226 0.851487 -0.045511 0.522386
1788249810.110652685 -3.155544 -0.027411 -1.152251 -0.003654 0.850684 -0.045279 0.523710
1788249810.144002914 -3.146637 -0.026577 -1.153724 -0.003875 0.849795 -0.045341 0.525145
1788249810.177354336 -3.140654 -0.027491 -1.155091 -0.004103 0.849040 -0.045172 0.526378
1788249810.210705757 -3.131487 -0.025996 -1.158682 -0.004196 0.848377 -0.045015 0.527458
1788249810.244056940 -3.124575 -0.027298 -1.162771 -0.004456 0.847666 -0.044775 0.528619
1788249810.277408600 -3.116740 -0.025166 -1.167492 -0.004338 0.846985 -0.044880 0.529701
1788249810.310760260 -3.112142 -0.026754 -1.167647 -0.004236 0.846632 -0.044705 0.530281
1788249810.344111919 -3.106157 -0.026349 -1.168959 -0.003925 0.846319 -0.044583 0.530792
1788249810.377463579 -3.097919 -0.026626 -1.172894 -0.004049 0.845826 -0.044587 0.531577
1788249810.410815716 -3.091042 -0.025970 -1.175743 -0.004058 0.845213 -0.044732 0.532539
1788249810.444167614 -3.084964 -0.026297 -1.174752 -0.004387 0.844715 -0.045087 0.533296
1788249810.477519751 -3.076122 -0.026780 -1.177119 -0.004666 0.844141 -0.045012 0.534208
1788249810.510871649 -3.069579 -0.026533 -1.179662 -0.004577 0.843616 -0.044843 0.535052
1788249810.544223785 -3.063941 -0.028503 -1.181259 -0.004632 0.843052 -0.044818 0.535942
1788249810.577576160 -3.056424 -0.028134 -1.185611 -0.004145 0.842475 -0.044969 0.536839
1788249810.610927582 -3.051136 -0.029083 -1.188284 -0.003813 0.842022 -0.044703 0.537575
1788249810.644279957 -3.044268 -0.028584 -1.190898 -0.003637 0.841533 -0.044729 0.538338
1788249810.677632332 -3.039280 -0.030002 -1.192609 -0.003529 0.841058 -0.044634 0.539089
1788249810.710985184 -3.030417 -0.030209 -1.193448 -0.003553 0.840636 -0.044794 0.539734
1788249810.744337797 -3.024447 -0.028873 -1.194811 -0.003579 0.840043 -0.045141 0.540627
1788249810.777690411 -3.017767 -0.030002 -1.197902 -0.003784 0.839535 -0.044839 0.541439
1788249810.811038017 -3.012508 -0.030174 -1.201360 -0.003966 0.839063 -0.044702 0.542180
1788249810.844377756 -3.003483 -0.028811 -1.203694 -0.003951 0.838447 -0.045110 0.543099
1788249810.877717972 -2.998522 -0.029976 -1.205396 -0.003933 0.837722 -0.045244 0.544205
1788249810.911057711 -2.990266 -0.029369 -1.206010 -0.003657 0.837329 -0.044980 0.544833
1788249810.944397926 -2.984179 -0.029220 -1.209081 -0.003558 0.836863 -0.044887 0.545557
1788249810.977737665 -2.977856 -0.028582 -1.211952 -0.003564 0.836435 -0.044852 0.546216
1788249811.011077404 -2.970876 -0.029711 -1.213699 -0.003648 0.835983 -0.044503 0.546936
1788249811.044416428 -2.964126 -0.028223 -1.214941 -0.003829 0.835418 -0.044669 0.547783
1788249811.077756166 -2.959380 -0.029377 -1.217514 -0.003804 0.834836 -0.044126 0.548714
1788249811.111096144 -2.951210 -0.029262 -1.221594 -0.003772 0.834314 -0.043930 0.549524
1788249811.144435883 -2.945418 -0.030617 -1.222548 -0.003662 0.833955 -0.043960 0.550066
1788249811.177775383 -2.939311 -0.030020 -1.225018 -0.003405 0.833322 -0.044098 0.551015
1788249811.211115360 -2.933640 -0.028158 -1.228138 -0.003357 0.832640 -0.044424 0.552019
1788249811.244455099 -2.925039 -0.027582 -1.228656 -0.003508 0.832255 -0.044596 0.552585
1788249811.277794600 -2.919493 -0.029271 -1.227891 -0.004000 0.831836 -0.044528 0.553218
1788249811.311134100 -2.913402 -0.029520 -1.228987 -0.004389 0.831102 -0.044606 0.554310
1788249811.344473600 -2.905396 -0.028200 -1.230077 -0.004504 0.830347 -0.044623 0.555439
1788249811.377813339 -2.899944 -0.030487 -1.231390 -0.004727 0.829539 -0.044206 0.556676
1788249811.411153078 -2.893722 -0.031731 -1.232998 -0.004692 0.828720 -0.044056 0.557907
1788249811.444492340 -2.885332 -0.033112 -1.236359 -0.004492 0.827798 -0.044162 0.559267
1788249811.477831125 -2.882058 -0.032959 -1.237116 -0.004199 0.826596 -0.044464 0.561022
1788249811.511170149 -2.875148 -0.031497 -1.237619 -0.003731 0.825372 -0.044437 0.562826
1788249811.544509649 -2.870598 -0.031816 -1.237458 -0.003452 0.824327 -0.044397 0.564361
1788249811.577848911 -2.864837 -0.029555 -1.238738 -0.003057 0.823304 -0.044672 0.565832
1788249811.611188412 -2.858382 -0.028673 -1.240361 -0.002709 0.822181 -0.044688 0.567463
1788249811.644527674 -2.853835 -0.028660 -1.242409 -0.002311 0.821012 -0.044742 0.569150
1788249811.677867174 -2.847800 -0.029609 -1.241162 -0.002447 0.820042 -0.044934 0.570532
1788249811.711206198 -2.843141 -0.031894 -1.240202 -0.002756 0.819021 -0.044733 0.572011
1788249811.744545698 -2.834851 -0.029036 -1.240929 -0.002751 0.817947 -0.044947 0.573529
1788249811.777884483 -2.829398 -0.027641 -1.241149 -0.002851 0.816775 -0.045239 0.575174
1788249811.811226368 -2.822979 -0.026670 -1.241870 -0.002650 0.815521 -0.045214 0.576953
1788249811.844571590 -2.816351 -0.025711 -1.243101 -0.002509 0.814311 -0.045141 0.578665
1788249811.877916336 -2.810771 -0.026261 -1.242794 -0.002519 0.813294 -0.044811 0.580119
1788249811.911261559 -2.803109 -0.026596 -1.241413 -0.002527 0.812345 -0.044736 0.581454
1788249811.944605589 -2.798703 -0.026744 -1.241661 -0.002479 0.811146 -0.044888 0.583114
1788249811.977950811 -2.791085 -0.026746 -1.243441 -0.002510 0.809884 -0.044702 0.584878
1788249812.011296034 -2.784065 -0.025519 -1.242999 -0.002357 0.808795 -0.044519 0.586398
1788249812.044640779 -2.777093 -0.024865 -1.243991 -0.002468 0.807654 -0.044849 0.587944
1788249812.077986240 -2.771809 -0.024909 -1.245807 -0.002110 0.806437 -0.044736 0.589621
1788249812.111331701 -2.766434 -0.024004 -1.247242 -0.001652 0.805232 -0.044532 0.591284
1788249812.144676924 -2.759350 -0.023282 -1.248963 -0.001350 0.804115 -0.044225 0.592826
1788249812.178021908 -2.753907 -0.024371 -1.248991 -0.001463 0.803095 -0.044155 0.594211
1788249812.211367607 -2.747154 -0.022456 -1.247930 -0.001377 0.802108 -0.044425 0.595522
1788249812.244712830 -2.739391 -0.023847 -1.248816 -0.001559 0.800826 -0.044451 0.597243
1788249812.278058052 -2.733420 -0.023208 -1.249207 -0.001723 0.799645 -0.044328 0.598833
1788249812.311403513 -2.726478 -0.022541 -1.249870 -0.001750 0.798521 -0.044107 0.600346
1788249812.344749212 -2.719254 -0.020389 -1.250962 -0.002038 0.797217 -0.044488 0.602048
1788249812.378093719 -2.713747 -0.020622 -1.249896 -0.002095 0.796024 -0.044611 0.603615
1788249812.411438942 -2.707376 -0.020415 -1.251068 -0.002036 0.794665 -0.044396 0.605419
1788249812.444784641 -2.701494 -0.019671 -1.249936 -0.001907 0.793637 -0.044024 0.606794
1788249812.478130341 -2.692482 -0.017540 -1.251218 -0.001873 0.792412 -0.043960 0.608398
1788249812.511475801 -2.687002 -0.018702 -1.249290 -0.002114 0.791280 -0.044009 0.609864
1788249812.544821501 -2.681108 -0.019755 -1.250470 -0.002216 0.789889 -0.044016 0.611664
1788249812.578167439 -2.674184 -0.018672 -1.249583 -0.001938 0.788801 -0.043834 0.613080
1788249812.611512899 -2.668821 -0.018632 -1.250092 -0.001817 0.787613 -0.043740 0.614613
1788249812.644858837 -2.662764 -0.019414 -1.250757 -0.001737 0.786340 -0.043708 0.616243
1788249812.678204536 -2.657565 -0.017981 -1.249718 -0.001288 0.785150 -0.043764 0.617756
1788249812.711549997 -2.649820 -0.017035 -1.249826 -0.001113 0.783899 -0.043737 0.619345
1788249812.744896173 -2.644209 -0.018542 -1.250468 -0.001129 0.782795 -0.043469 0.620759
1788249812.778241873 -2.638338 -0.018390 -1.249827 -0.001189 0.781686 -0.043565 0.622148
1788249812.811584711 -2.631631 -0.018057 -1.248792 -0.001266 0.780497 -0.043848 0.623618
1788249812.844924927 -2.625038 -0.018799 -1.249952 -0.001351 0.779021 -0.043840 0.625462
1788249812.878265142 -2.618830 -0.018020 -1.250381 -0.001465 0.777711 -0.043809 0.627092
1788249812.911605358 -2.612786 -0.017168 -1.248181 -0.001491 0.776598 -0.044039 0.628453
1788249812.944945812 -2.606789 -0.017719 -1.246531 -0.001603 0.775446 -0.043897 0.629884
1788249812.978286028 -2.599553 -0.017696 -1.247434 -0.001602 0.774016 -0.043631 0.631659
1788249813.011626005 -2.594579 -0.016589 -1.247599 -0.001538 0.772687 -0.043427 0.633299
1788249813.044966459 -2.587241 -0.016284 -1.246713 -0.001487 0.771615 -0.043066 0.634628
1788249813.078306437 -2.580691 -0.016001 -1.247466 -0.001442 0.770474 -0.043191 0.636005
1788249813.111646652 -2.573955 -0.015146 -1.248939 -0.001280 0.769045 -0.043449 0.637715
1788249813.144986629 -2.568199 -0.016121 -1.247649 -0.001345 0.767792 -0.043208 0.639239
1788249813.178326845 -2.562629 -0.015946 -1.246803 -0.001344 0.766594 -0.043189 0.640676
1788249813.211666822 -2.555518 -0.015976 -1.246403 -0.001414 0.765339 -0.043111 0.642181
1788249813.245007038 -2.549688 -0.015530 -1.244714 -0.001405 0.764114 -0.043108 0.643637
1788249813.278346062 -2.544753 -0.016734 -1.243129 -0.001447 0.762955 -0.042903 0.645025
1788249813.311686039 -2.537814 -0.017247 -1.243745 -0.001325 0.761725 -0.042518 0.646502
1788249813.345026016 -2.531114 -0.016830 -1.243257 -0.001381 0.760582 -0.042523 0.647846
1788249813.378365755 -2.523762 -0.017874 -1.242520 -0.001636 0.759237 -0.042729 0.649408
1788249813.411705732 -2.518094 -0.018326 -1.239402 -0.001770 0.757981 -0.042712 0.650874
1788249813.445045948 -2.510856 -0.017146 -1.238154 -0.001906 0.756712 -0.042646 0.652353
1788249813.478385448 -2.503894 -0.017002 -1.237985 -0.001968 0.755419 -0.042577 0.653854
1788249813.511725426 -2.498159 -0.016508 -1.237192 -0.001889 0.754052 -0.042344 0.655446
1788249813.545065165 -2.491204 -0.018217 -1.237449 -0.001792 0.752719 -0.041991 0.656999
1788249813.578404903 -2.486053 -0.016793 -1.237202 -0.001555 0.751293 -0.041761 0.658645
1788249813.611744642 -2.478641 -0.016030 -1.235152 -0.001375 0.750174 -0.041373 0.659943
1788249813.645084381 -2.472898 -0.016276 -1.236320 -0.001476 0.748892 -0.041127 0.661413
1788249813.678424120 -2.466914 -0.016275 -1.236081 -0.001641 0.747654 -0.041304 0.662800
1788249813.711762905 -2.460346 -0.015228 -1.233675 -0.001620 0.746446 -0.041399 0.664154
1788249813.745102406 -2.454089 -0.016844 -1.232118 -0.001685 0.745166 -0.040988 0.665616
1788249813.778442144 -2.447653 -0.019160 -1.230636 -0.001678 0.743928 -0.040462 0.667032
1788249813.811780691 -2.441057 -0.018532 -1.230338 -0.001662 0.742660 -0.040325 0.668451
1788249813.845117807 -2.436381 -0.016833 -1.230390 -0.001345 0.741354 -0.040321 0.669901
1788249813.878454685 -2.428197 -0.014981 -1.230180 -0.001070 0.740011 -0.040276 0.671387
1788249813.911791801 -2.422186 -0.015317 -1.230113 -0.000933 0.738692 -0.039886 0.672862
1788249813.945128441 -2.416051 -0.014266 -1.228798 -0.000771 0.737715 -0.039872 0.673933
1788249813.978465319 -2.410602 -0.015103 -1.228683 -0.001046 0.737169 -0.040190 0.674511
1788249814.011802197 -2.403412 -0.015373 -1.228027 -0.001192 0.736660 -0.040386 0.675056
1788249814.045138836 -2.398221 -0.013362 -1.227022 -0.000917 0.735909 -0.040268 0.675881
1788249814.078475475 -2.392123 -0.014426 -1.227717 -0.000978 0.735008 -0.039927 0.676881
1788249814.111812115 -2.386194 -0.015033 -1.226970 -0.000861 0.734522 -0.039661 0.677424
1788249814.145147800 -2.379848 -0.015259 -1.228868 -0.000711 0.733959 -0.039452 0.678047
1788249814.178484440 -2.373902 -0.015293 -1.229244 -0.000638 0.733293 -0.039329 0.678774
1788249814.211820841 -2.366814 -0.014403 -1.227504 -0.000606 0.732795 -0.039459 0.679304
1788249814.245157242 -2.361668 -0.014024 -1.226284 -0.000421 0.732532 -0.039384 0.679593
1788249814.278493881 -2.354288 -0.013577 -1.229761 -0.000517 0.731746 -0.039136 0.680453
1788249814.311829805 -2.347079 -0.013200 -1.229257 -0.000781 0.731158 -0.039085 0.681087
1788249814.345166445 -2.340849 -0.014208 -1.228312 -0.001040 0.730540 -0.039173 0.681745
1788249814.378502607 -2.335575 -0.014001 -1.227010 -0.001033 0.730097 -0.039141 0.682221
1788249814.411838770 -2.328470 -0.013045 -1.229574 -0.000911 0.729423 -0.038899 0.682956
1788249814.445174932 -2.321176 -0.011977 -1.226843 -0.001134 0.729085 -0.038965 0.683312
1788249814.478511333 -2.314415 -0.012339 -1.227180 -0.001216 0.728457 -0.038663 0.683999
1788249814.511847019 -2.308300 -0.013052 -1.227626 -0.001382 0.727828 -0.038471 0.684679
1788249814.545183182 -2.301644 -0.012446 -1.226232 -0.001395 0.727412 -0.038228 0.685134
1788249814.578518867 -2.294080 -0.012641 -1.226801 -0.001539 0.726877 -0.037827 0.685723
1788249814.611853838 -2.287042 -0.011968 -1.225955 -0.001648 0.726491 -0.037776 0.686135
1788249814.645189762 -2.280586 -0.012237 -1.227605 -0.001612 0.725798 -0.037820 0.686866
1788249814.678525448 -2.274116 -0.012212 -1.226799 -0.001620 0.725254 -0.037794 0.687441
1788249814.711861134 -2.266858 -0.012719 -1.227243 -0.001575 0.724547 -0.037399 0.688208
1788249814.745196819 -2.260547 -0.012503 -1.227654 -0.001666 0.723836 -0.037271 0.688963
1788249814.778532505 -2.256117 -0.011400 -1.226857 -0.001377 0.723394 -0.037404 0.689420
1788249814.811870337 -2.249843 -0.011165 -1.225703 -0.001237 0.722922 -0.037552 0.689907
1788249814.845210791 -2.242973 -0.010871 -1.225575 -0.001200 0.722300 -0.037655 0.690553
1788249814.878551245 -2.236537 -0.011767 -1.226185 -0.001212 0.721624 -0.037351 0.691275
1788249814.911891937 -2.227656 -0.011043 -1.225991 -0.001075 0.721038 -0.036998 0.691906
1788249814.945231915 -2.222654 -0.011761 -1.226975 -0.001061 0.720454 -0.036699 0.692530
1788249814.978572369 -2.216179 -0.010257 -1.224418 -0.001047 0.720033 -0.036896 0.692957
1788249815.011912823 -2.208934 -0.008999 -1.223983 -0.000976 0.719394 -0.036965 0.693617
1788249815.045251608 -2.202721 -0.009256 -1.224100 -0.001037 0.718781 -0.036820 0.694260
1788249815.078592062 -2.196068 -0.009795 -1.226230 -0.001031 0.718076 -0.036566 0.695002
1788249815.111932516 -2.190770 -0.010061 -1.225606 -0.001055 0.717583 -0.036253 0.695528
1788249815.145272732 -2.185172 -0.010446 -1.225753 -0.001047 0.716933 -0.036096 0.696207
1788249815.178612709 -2.177447 -0.009456 -1.224281 -0.000957 0.716409 -0.036322 0.696734
1788249815.211952925 -2.172533 -0.010748 -1.223076 -0.000867 0.715977 -0.036095 0.697190
1788249815.245293140 -2.166299 -0.008567 -1.223206 -0.000763 0.715433 -0.036105 0.697747
1788249815.278633118 -2.159017 -0.008585 -1.221762 -0.001145 0.714950 -0.035959 0.698249
1788249815.311972857 -2.151070 -0.010753 -1.221134 -0.001535 0.714465 -0.035795 0.698753
1788249815.345313072 -2.143161 -0.009669 -1.221167 -0.001439 0.713754 -0.035586 0.699491
1788249815.378653288 -2.138467 -0.009142 -1.219366 -0.001607 0.713196 -0.035331 0.700072
1788249815.411993027 -2.130627 -0.011050 -1.219766 -0.001808 0.712502 -0.034831 0.700803
1788249815.445333004 -2.123824 -0.010647 -1.220021 -0.001772 0.712038 -0.034803 0.701275
1788249815.478672028 -2.121437 -0.012412 -1.219556 -0.001666 0.711683 -0.034661 0.701643
1788249815.512012005 -2.114658 -0.010748 -1.219028 -0.001227 0.711218 -0.034907 0.702103
1788249815.545351744 -2.107717 -0.010258 -1.217567 -0.001042 0.710922 -0.035032 0.702397
1788249815.578691483 -2.102554 -0.010890 -1.218725 -0.001136 0.710567 -0.034761 0.702769
1788249815.612030983 -2.096119 -0.011058 -1.218827 -0.001500 0.710139 -0.034800 0.703199
1788249815.645370960 -2.087357 -0.012709 -1.218376 -0.001698 0.709593 -0.034866 0.703746
1788249815.678710699 -2.079726 -0.012489 -1.217498 -0.001638 0.709090 -0.035109 0.704241
1788249815.712050200 -2.074626 -0.013253 -1.216768 -0.001829 0.708601 -0.035076 0.704734
1788249815.745389938 -2.068762 -0.012397 -1.216730 -0.001644 0.708143 -0.034989 0.705200
1788249815.778729677 -2.060674 -0.011358 -1.216251 -0.001513 0.707838 -0.034961 0.705507
1788249815.812068462 -2.054112 -0.011424 -1.213787 -0.001461 0.707639 -0.034940 0.705708
1788249815.845406055 -2.045573 -0.010283 -1.214341 -0.001341 0.707171 -0.034825 0.706184
1788249815.878743410 -2.037877 -0.010199 -1.216628 -0.001071 0.706670 -0.034420 0.706704
1788249815.912080288 -2.030060 -0.010844 -1.218199 -0.001084 0.706348 -0.034148 0.707040
1788249815.945417643 -2.023244 -0.010964 -1.216285 -0.000919 0.706232 -0.034050 0.707161
1788249815.978754997 -2.015555 -0.010228 -1.216247 -0.000859 0.705781 -0.034146 0.707606
1788249816.012092352 -2.009057 -0.010415 -1.215806 -0.000610 0.705417 -0.034161 0.707969
1788249816.045429707 -2.001515 -0.010155 -1.217257 -0.000672 0.704985 -0.034114 0.708401
1788249816.078767061 -1.993039 -0.009900 -1.215587 -0.000707 0.704787 -0.033797 0.708613
1788249816.112103939 -1.986975 -0.010492 -1.216240 -0.000855 0.704361 -0.033612 0.709045
1788249816.145441294 -1.979092 -0.010344 -1.215115 -0.001033 0.704082 -0.033487 0.709328
1788249816.178778172 -1.970897 -0.007937 -1.214182 -0.000953 0.703839 -0.033385 0.709574
1788249816.212115288 -1.962946 -0.007709 -1.215599 -0.001041 0.703391 -0.033248 0.710025
1788249816.245452166 -1.954939 -0.005400 -1.214191 -0.000916 0.703324 -0.033493 0.710080
1788249816.278789520 -1.946021 -0.006331 -1.212596 -0.000955 0.703006 -0.033521 0.710393
1788249816.312126160 -1.940587 -0.007117 -1.213035 -0.000973 0.702521 -0.033494 0.710873
1788249816.345462799 -1.934064 -0.006748 -1.213624 -0.000838 0.702125 -0.033451 0.711267
1788249816.378798962 -1.928160 -0.008244 -1.212677 -0.000796 0.701938 -0.033386 0.711455
1788249816.412135601 -1.918901 -0.008862 -1.213528 -0.000807 0.701364 -0.033265 0.712026
1788249816.445472479 -1.911261 -0.008535 -1.210793 -0.000866 0.701151 -0.033428 0.712228
1788249816.478808880 -1.905892 -0.008449 -1.209142 -0.001046 0.701035 -0.033131 0.712356
1788249816.512145519 -1.897817 -0.007630 -1.208770 -0.001142 0.700765 -0.032978 0.712629
1788249816.545482159 -1.890173 -0.008078 -1.207971 -0.001143 0.700544 -0.032889 0.712850
1788249816.578818560 -1.883040 -0.007560 -1.208109 -0.001107 0.700123 -0.033066 0.713255
1788249816.612155199 -1.876742 -0.008796 -1.206304 -0.001437 0.700045 -0.032882 0.713340
1788249816.645491600 -1.867885 -0.007396 -1.206004 -0.001407 0.699715 -0.032858 0.713665
1788249816.678827524 -1.862605 -0.007929 -1.207238 -0.001780 0.699179 -0.032702 0.714197
1788249816.712164164 -1.853113 -0.007459 -1.206617 -0.001569 0.698836 -0.032724 0.714531
1788249816.745500326 -1.846010 -0.007158 -1.206617 -0.001478 0.698448 -0.032954 0.714901
1788249816.778836489 -1.837866 -0.007888 -1.205033 -0.001561 0.698134 -0.032762 0.715216
1788249816.812171459 -1.832203 -0.008161 -1.205556 -0.001407 0.697817 -0.032494 0.715537
1788249816.845505714 -1.824060 -0.007751 -1.205126 -0.001248 0.697637 -0.032313 0.715721
1788249816.878840208 -1.817831 -0.008362 -1.204969 -0.001093 0.697319 -0.032512 0.716022
1788249816.912174702 -1.809933 -0.008142 -1.205044 -0.000964 0.696895 -0.032614 0.716431
1788249816.945509195 -1.802811 -0.007653 -1.205528 -0.000821 0.696555 -0.032444 0.716769
1788249816.978843212 -1.795900 -0.007051 -1.204800 -0.000662 0.696357 -0.032141 0.716975
1788249817.012177706 -1.787984 -0.007262 -1.206596 -0.000637 0.695805 -0.031852 0.717524
1788249817.045511723 -1.780409 -0.006369 -1.205626 -0.000513 0.695431 -0.032051 0.717878
1788249817.078845978 -1.774728 -0.007741 -1.204273 -0.000548 0.695232 -0.032193 0.718064
1788249817.112179995 -1.767901 -0.008044 -1.204124 -0.000539 0.694950 -0.032217 0.718336
1788249817.145514011 -1.760595 -0.007272 -1.204157 -0.000380 0.694608 -0.032096 0.718672
1788249817.178848028 -1.752442 -0.009275 -1.203748 -0.000570 0.694234 -0.031764 0.719048
1788249817.212181807 -1.745694 -0.008546 -1.203757 -0.000559 0.693911 -0.031717 0.719362
1788249817.245514631 -1.737782 -0.007580 -1.203273 -0.000477 0.693617 -0.031598 0.719651
1788249817.278848410 -1.730335 -0.006646 -1.202172 -0.000399 0.693420 -0.031464 0.719847
1788249817.312181950 -1.722757 -0.006789 -1.201970 -0.000626 0.693210 -0.031165 0.720061
1788249817.345515490 -1.714666 -0.006823 -1.202672 -0.000604 0.692753 -0.030918 0.720511
1788249817.378848791 -1.707012 -0.005020 -1.201728 -0.000300 0.692449 -0.031018 0.720800
1788249817.412182093 -1.700255 -0.005607 -1.200857 -0.000248 0.692290 -0.031041 0.720951
1788249817.445515633 -1.694271 -0.005828 -1.201282 -0.000212 0.692069 -0.030913 0.721169
1788249817.478848934 -1.686721 -0.006800 -1.200152 -0.000324 0.691727 -0.031040 0.721492
1788249817.512181759 -1.680498 -0.007782 -1.199747 -0.000485 0.691318 -0.031036 0.721883
1788249817.545515299 -1.672565 -0.007974 -1.198808 -0.000851 0.690934 -0.030756 0.722263
1788249817.578848362 -1.664250 -0.007770 -1.197968 -0.000999 0.690673 -0.030392 0.722528
1788249817.612181425 -1.656035 -0.007538 -1.198368 -0.001071 0.690270 -0.029922 0.722932
1788249817.645514250 -1.649342 -0.007725 -1.197932 -0.001168 0.689980 -0.029897 0.723210
1788249817.678847075 -1.641651 -0.008459 -1.197912 -0.001462 0.689620 -0.029768 0.723558
1788249817.712178707 -1.634827 -0.007105 -1.196294 -0.001282 0.689424 -0.029833 0.723742
1788249817.745511532 -1.627259 -0.007701 -1.196090 -0.001474 0.689033 -0.029827 0.724114
1788249817.778844118 -1.620442 -0.008781 -1.194982 -0.001503 0.688731 -0.030041 0.724392
1788249817.812177181 -1.613631 -0.008209 -1.194951 -0.001380 0.688196 -0.030426 0.724886
1788249817.845510960 -1.606781 -0.007650 -1.193095 -0.001338 0.687875 -0.030558 0.725184
1788249817.878844738 -1.599738 -0.008028 -1.191852 -0.001193 0.687673 -0.030068 0.725396
1788249817.912178516 -1.592183 -0.007842 -1.191406 -0.001125 0.687388 -0.029676 0.725683
1788249817.945512295 -1.585295 -0.007312 -1.193495 -0.000534 0.686853 -0.029416 0.726201
1788249817.978845835 -1.578147 -0.007319 -1.193008 -0.000287 0.686543 -0.029253 0.726500
1788249818.012179375 -1.569327 -0.006533 -1.191983 -0.000460 0.686269 -0.029293 0.726757
1788249818.045512676 -1.562911 -0.006606 -1.191431 -0.000101 0.686049 -0.029237 0.726968
1788249818.078845739 -1.556988 -0.005871 -1.190442 0.000303 0.685839 -0.029599 0.727151
1788249818.112179041 -1.550930 -0.006176 -1.188618 0.000434 0.685523 -0.030001 0.727433
1788249818.145511389 -1.543375 -0.006055 -1.188895 0.000467 0.685099 -0.030051 0.727830
1788249818.178844213 -1.537488 -0.006050 -1.188048 0.000461 0.684810 -0.030162 0.728097
1788249818.212177277 -1.529455 -0.005923 -1.188701 0.000422 0.684264 -0.029820 0.728624
1788249818.245510101 -1.521073 -0.006235 -1.187498 0.000145 0.683941 -0.029599 0.728937
1788249818.278843164 -1.514126 -0.004861 -1.187335 0.000193 0.683534 -0.029360 0.729328
1788249818.312175989 -1.506144 -0.005873 -1.186531 0.000120 0.683200 -0.029064 0.729653
1788249818.345508814 -1.498725 -0.005475 -1.184915 0.000196 0.683151 -0.028960 0.729702
1788249818.378841162 -1.492645 -0.006468 -1.184948 0.000130 0.682881 -0.028865 0.729959
1788249818.412173748 -1.485349 -0.006930 -1.183730 0.000114 0.682449 -0.029191 0.730350
1788249818.445506096 -1.478009 -0.005262 -1.181902 0.000453 0.681998 -0.029714 0.730750
1788249818.478838444 -1.472176 -0.005499 -1.182540 0.000697 0.681519 -0.029836 0.731192
1788249818.512170792 -1.465991 -0.006819 -1.181753 0.000548 0.681238 -0.029719 0.731459
1788249818.545503139 -1.458138 -0.007057 -1.179717 0.000537 0.680903 -0.029657 0.731773
1788249818.578835249 -1.450466 -0.005247 -1.178644 0.000796 0.680506 -0.029795 0.732136
1788249818.612166166 -1.443494 -0.003511 -1.178849 0.001098 0.680079 -0.029909 0.732527
1788249818.645498514 -1.437210 -0.004009 -1.179504 0.001142 0.679681 -0.029764 0.732903
1788249818.678830147 -1.429036 -0.004866 -1.178190 0.000923 0.679503 -0.029669 0.733072
1788249818.712162256 -1.421816 -0.004996 -1.177541 0.000846 0.679159 -0.029663 0.733391
1788249818.745494127 -1.414865 -0.003447 -1.175705 0.001043 0.678831 -0.030147 0.733675
1788249818.778825521 -1.408232 -0.004360 -1.173501 0.000824 0.678481 -0.030159 0.733998
1788249818.812165976 -1.399790 -0.004667 -1.173236 0.000816 0.678134 -0.029860 0.734331
1788249818.845519304 -1.392452 -0.005283 -1.172716 0.000735 0.677771 -0.029894 0.734664
1788249818.878872395 -1.386525 -0.004672 -1.171637 0.000912 0.677364 -0.030168 0.735029
1788249818.912225723 -1.378942 -0.004552 -1.169506 0.000844 0.676996 -0.030471 0.735355
1788249818.945579052 -1.372739 -0.004768 -1.168488 0.000632 0.676743 -0.030200 0.735600
1788249818.978932858 -1.364440 -0.005583 -1.167004 0.000243 0.676505 -0.029820 0.735834
1788249819.012287140 -1.356761 -0.005490 -1.166069 0.000072 0.676198 -0.029975 0.736110
1788249819.045639992 -1.348525 -0.006040 -1.165957 0.000162 0.675777 -0.029844 0.736502
1788249819.078994513 -1.341369 -0.005922 -1.166621 0.000145 0.675211 -0.029806 0.737023
1788249819.112349033 -1.335463 -0.006380 -1.164055 0.000093 0.674984 -0.029976 0.737223
1788249819.145703554 -1.328231 -0.006066 -1.162693 0.000492 0.674743 -0.030053 0.737441
1788249819.179058552 -1.322473 -0.006841 -1.162452 0.000655 0.674286 -0.030297 0.737848
1788249819.212413549 -1.316274 -0.007004 -1.161659 0.000845 0.673828 -0.030648 0.738251
1788249819.245768785 -1.309684 -0.006517 -1.160251 0.001323 0.673511 -0.030791 0.738535
1788249819.279124022 -1.303079 -0.006097 -1.159472 0.001330 0.673075 -0.030941 0.738926
1788249819.312479973 -1.295472 -0.006511 -1.158487 0.001433 0.672750 -0.030949 0.739221
1788249819.345835924 -1.289702 -0.008042 -1.156907 0.001349 0.672562 -0.031179 0.739382
1788249819.379191637 -1.281979 -0.006914 -1.155634 0.001536 0.672253 -0.031397 0.739654
1788249819.412548065 -1.275185 -0.007118 -1.155083 0.001551 0.671835 -0.031104 0.740046
1788249819.445904493 -1.267791 -0.007114 -1.153409 0.001510 0.671538 -0.031086 0.740316
1788249819.479259729 -1.260899 -0.007292 -1.153383 0.001635 0.670998 -0.031174 0.740802
1788249819.512616634 -1.253383 -0.006617 -1.153056 0.001990 0.670508 -0.031229 0.741242
1788249819.545973539 -1.247523 -0.006191 -1.152456 0.002220 0.670043 -0.031371 0.741655
1788249819.579330683 -1.240476 -0.005579 -1.151762 0.002253 0.669599 -0.031308 0.742059
1788249819.612688065 -1.232368 -0.004568 -1.151039 0.002267 0.669125 -0.031166 0.742493
1788249819.646045446 -1.225649 -0.004014 -1.149083 0.002033 0.668777 -0.031051 0.742812
1788249819.679403305 -1.216914 -0.004564 -1.148915 0.001948 0.668418 -0.030742 0.743148
1788249819.712761402 -1.209474 -0.004776 -1.148839 0.001807 0.668073 -0.030489 0.743469
1788249819.746119261 -1.201687 -0.005619 -1.147835 0.001794 0.667761 -0.030046 0.743767
1788249819.779477596 -1.194155 -0.006353 -1.146734 0.001776 0.667554 -0.029857 0.743960
1788249819.812829494 -1.186848 -0.005940 -1.146368 0.002025 0.667136 -0.029878 0.744334
1788249819.846172810 -1.179859 -0.005800 -1.144548 0.002246 0.666761 -0.029804 0.744672
1788249819.879516125 -1.173663 -0.005605 -1.143768 0.002432 0.666403 -0.029831 0.744990
1788249819.912858248 -1.165867 -0.005107 -1.143203 0.002497 0.665950 -0.029880 0.745393
1788249819.946201563 -1.159160 -0.005320 -1.141996 0.002150 0.665653 -0.029901 0.745659
1788249819.979544401 -1.151781 -0.005090 -1.140206 0.002056 0.665328 -0.029978 0.745946
1788249820.012887955 -1.143905 -0.004968 -1.139116 0.001996 0.664960 -0.029805 0.746282
1788249820.046231270 -1.137176 -0.006432 -1.139476 0.001876 0.664474 -0.029515 0.746726
1788249820.079574108 -1.130098 -0.005926 -1.138299 0.002302 0.664232 -0.029571 0.746938
1788249820.112917423 -1.122190 -0.005385 -1.137129 0.002807 0.663867 -0.029498 0.747264
1788249820.146260500 -1.116307 -0.004993 -1.135148 0.003219 0.663331 -0.029854 0.747724
1788249820.179603577 -1.109217 -0.005002 -1.133882 0.003487 0.662638 -0.029755 0.748341
1788249820.212946892 -1.104427 -0.006669 -1.133971 0.003627 0.661923 -0.029645 0.748977
1788249820.246289968 -1.096819 -0.007734 -1.132734 0.003460 0.661363 -0.029253 0.749487
1788249820.279633284 -1.090098 -0.007341 -1.131267 0.003504 0.660877 -0.029186 0.749918
1788249820.312976122 -1.082260 -0.006215 -1.129622 0.003576 0.660212 -0.029525 0.750490
1788249820.346319199 -1.076090 -0.006488 -1.127809 0.003606 0.659609 -0.029818 0.751008
1788249820.379661322 -1.069200 -0.006292 -1.126342 0.003620 0.659030 -0.029918 0.751513
1788249820.413004398 -1.062132 -0.005691 -1.124471 0.003731 0.658581 -0.030071 0.751900
1788249820.446347713 -1.055353 -0.005612 -1.122172 0.003958 0.658076 -0.030252 0.752333
1788249820.479690790 -1.048823 -0.006342 -1.119671 0.004320 0.657644 -0.030032 0.752717
1788249820.513033867 -1.043107 -0.006528 -1.119895 0.004496 0.656931 -0.030016 0.753339
1788249820.546376705 -1.034995 -0.005560 -1.117020 0.004569 0.656627 -0.030317 0.753592
1788249820.579719782 -1.027195 -0.005760 -1.116569 0.004768 0.655841 -0.030307 0.754275
1788249820.613062859 -1.021117 -0.005663 -1.114021 0.004744 0.655337 -0.030437 0.754708
1788249820.646405935 -1.013947 -0.005114 -1.111209 0.004625 0.654699 -0.030821 0.755247
1788249820.679749012 -1.007412 -0.005606 -1.109954 0.004284 0.654079 -0.031040 0.755777
1788249820.713091850 -0.999861 -0.004746 -1.108202 0.004350 0.653309 -0.031071 0.756441
1788249820.746434927 -0.993366 -0.004520 -1.107113 0.004273 0.652455 -0.031121 0.757176
1788249820.779778004 -0.987473 -0.005284 -1.104342 0.004099 0.652035 -0.031030 0.757542
1788249820.813119411 -0.979143 -0.003937 -1.103111 0.004117 0.651646 -0.030801 0.757886
1788249820.846455574 -0.970978 -0.003859 -1.100967 0.004108 0.651319 -0.030765 0.758169
1788249820.879791975 -0.965367 -0.004321 -1.100040 0.004220 0.650704 -0.030888 0.758691
1788249820.913128138 -0.959469 -0.004288 -1.098424 0.004263 0.650124 -0.031185 0.759176
1788249820.946464062 -0.953289 -0.005817 -1.096266 0.003866 0.649711 -0.031066 0.759537
1788249820.979800463 -0.945087 -0.004913 -1.094493 0.003786 0.649291 -0.030969 0.759900
1788249821.013136148 -0.938203 -0.005334 -1.091697 0.003467 0.648869 -0.030977 0.760261
1788249821.046472549 -0.930510 -0.005782 -1.090307 0.003028 0.648161 -0.030991 0.760866
1788249821.079808474 -0.923072 -0.004894 -1.087604 0.002627 0.647642 -0.031204 0.761301
1788249821.113144398 -0.915479 -0.005310 -1.084206 0.002254 0.647356 -0.031037 0.761552
1788249821.146480322 -0.908573 -0.004632 -1.082542 0.002249 0.646990 -0.030919 0.761868
1788249821.179816246 -0.901526 -0.005037 -1.081579 0.002552 0.646592 -0.030720 0.762213
1788249821.213152170 -0.894806 -0.005027 -1.081225 0.002817 0.645921 -0.030940 0.762772
1788249821.246487856 -0.887296 -0.004262 -1.080717 0.003030 0.645264 -0.031110 0.763320
1788249821.279822588 -0.881490 -0.003654 -1.078796 0.003409 0.644820 -0.031299 0.763685
1788249821.313158274 -0.874780 -0.003506 -1.076518 0.003519 0.644408 -0.031305 0.764033
1788249821.346493959 -0.869241 -0.004133 -1.075745 0.003709 0.643926 -0.031125 0.764446
1788249821.379829645 -0.861138 -0.004794 -1.072265 0.003560 0.643382 -0.031006 0.764909
1788249821.413165331 -0.854573 -0.004648 -1.071206 0.003444 0.642611 -0.030980 0.765559
1788249821.446500778 -0.846468 -0.004414 -1.068286 0.003053 0.642046 -0.031193 0.766025
1788249821.479836464 -0.838380 -0.003976 -1.065249 0.003008 0.641660 -0.031185 0.766349
1788249821.513172150 -0.831440 -0.003889 -1.063855 0.002748 0.640847 -0.031339 0.767024
1788249821.546507359 -0.825762 -0.004032 -1.062642 0.002815 0.640274 -0.031152 0.767509
1788249821.579842567 -0.816824 -0.003930 -1.059670 0.002720 0.639830 -0.031045 0.767885
1788249821.613178015 -0.810652 -0.004169 -1.058765 0.002887 0.639242 -0.030975 0.768377
1788249821.646513462 -0.805129 -0.004155 -1.057119 0.003200 0.638721 -0.031079 0.768804
1788249821.679848909 -0.796851 -0.003160 -1.053774 0.003330 0.638369 -0.031198 0.769091
1788249821.713183165 -0.788736 -0.002451 -1.052725 0.003256 0.637684 -0.030763 0.769677
1788249821.746518135 -0.782162 -0.002223 -1.050444 0.003154 0.637279 -0.030761 0.770012
1788249821.779853344 -0.776397 -0.004011 -1.047797 0.002837 0.636593 -0.030997 0.770571
1788249821.813188553 -0.768980 -0.004413 -1.044290 0.002445 0.635909 -0.031223 0.771128
1788249821.846537590 -0.760091 -0.003855 -1.042335 0.002408 0.635255 -0.030916 0.771680
1788249821.879886627 -0.753230 -0.003303 -1.041001 0.002517 0.634652 -0.030759 0.772181
1788249821.913235903 -0.747290 -0.002724 -1.039866 0.002641 0.634123 -0.030923 0.772609
1788249821.946584940 -0.740492 -0.004094 -1.037833 0.002490 0.633557 -0.030744 0.773081
1788249821.979934216 -0.734442 -0.003775 -1.036646 0.002684 0.632888 -0.030679 0.773630
1788249822.013283491 -0.728926 -0.003872 -1.032700 0.002722 0.632735 -0.030692 0.773755
1788249822.046632767 -0.720308 -0.004162 -1.030679 0.002807 0.632175 -0.030893 0.774205
1788249822.079982281 -0.715539 -0.003578 -1.028707 0.002907 0.631389 -0.031287 0.774829
1788249822.113331795 -0.708954 -0.003796 -1.026968 0.002729 0.630605 -0.031374 0.775464
1788249822.146680117 -0.702966 -0.003892 -1.024413 0.002655 0.630122 -0.031319 0.775860
1788249822.180029869 -0.695659 -0.004536 -1.023077 0.002412 0.629366 -0.030976 0.776488
1788249822.213379622 -0.688391 -0.004198 -1.019837 0.002331 0.628798 -0.030985 0.776947
1788249822.246729612 -0.682088 -0.002734 -1.017476 0.002320 0.628090 -0.031062 0.777517
1788249822.280079365 -0.675192 -0.002002 -1.015699 0.002414 0.627402 -0.030758 0.778084
1788249822.313429356 -0.668554 -0.003103 -1.014151 0.002224 0.626872 -0.030425 0.778525
1788249822.346779346 -0.661358 -0.002568 -1.011426 0.002364 0.626458 -0.030400 0.778858
1788249822.380129099 -0.655325 -0.001897 -1.008824 0.002633 0.625918 -0.030788 0.779276
1788249822.413479328 -0.650377 -0.001788 -1.007142 0.002814 0.625063 -0.031092 0.779949
1788249822.446829319 -0.641960 -0.000411 -1.004670 0.003067 0.624562 -0.030869 0.780359
1788249822.480179787 -0.635310 0.000071 -1.001808 0.002841 0.623201 -0.030518 0.781461
1788249822.513530254 -0.629249 0.000347 -0.999079 0.002969 0.621329 -0.030295 0.782958
1788249822.546880484 -0.624059 0.000892 -0.997185 0.003281 0.619790 -0.030386 0.784173
1788249822.580230713 -0.617729 0.001132 -0.993248 0.003434 0.618514 -0.030275 0.785183
1788249822.613580465 -0.612209 0.001094 -0.990718 0.003188 0.616799 -0.030187 0.786535
1788249822.646931171 -0.607602 0.001202 -0.986455 0.002831 0.615329 -0.030448 0.787677
1788249822.680281639 -0.601986 0.001684 -0.981995 0.002721 0.613566 -0.030805 0.789038
1788249822.713632107 -0.597279 0.000823 -0.977964 0.002525 0.611880 -0.030655 0.790352
1788249822.746983051 -0.591489 0.001902 -0.973864 0.002427 0.610194 -0.030618 0.791656
1788249822.780333996 -0.586085 0.002288 -0.971267 0.002585 0.608560 -0.030563 0.792915
1788249822.813684702 -0.580953 0.002206 -0.969576 0.002719 0.606778 -0.030232 0.794292
1788249822.847032070 -0.576579 0.001127 -0.966324 0.002809 0.605133 -0.029918 0.795557
1788249822.880379677 -0.569859 0.002625 -0.962362 0.002948 0.603385 -0.029855 0.796885
1788249822.913727522 -0.563780 0.003092 -0.958388 0.002879 0.601819 -0.029919 0.798067
1788249822.947075129 -0.559167 0.002279 -0.954167 0.002583 0.600442 -0.029871 0.799106
1788249822.980423212 -0.553745 0.002307 -0.950280 0.002630 0.598899 -0.030002 0.800258
1788249823.013771057 -0.549228 0.001842 -0.947175 0.002497 0.597083 -0.029753 0.801623
1788249823.047117949 -0.542911 0.002744 -0.943346 0.002541 0.595498 -0.029689 0.802804
1788249823.080466032 -0.537495 0.002715 -0.939624 0.002291 0.593916 -0.029578 0.803980
1788249823.113813877 -0.532140 0.003618 -0.935522 0.002350 0.592256 -0.029799 0.805195
1788249823.147161961 -0.527359 0.003073 -0.931865 0.002120 0.590562 -0.029572 0.806448
1788249823.180510044 -0.520403 0.004198 -0.926483 0.001873 0.588973 -0.029417 0.807615
1788249823.213858128 -0.515624 0.003502 -0.922279 0.001486 0.587349 -0.029603 0.808791
1788249823.247206450 -0.509640 0.005263 -0.916370 0.001577 0.585785 -0.029947 0.809911
1788249823.280554771 -0.503671 0.006753 -0.912094 0.001645 0.583864 -0.029861 0.811301
1788249823.313902855 -0.500487 0.006018 -0.908287 0.001595 0.582293 -0.029650 0.812437
1788249823.347251415 -0.494117 0.007314 -0.904855 0.001746 0.580641 -0.029667 0.813617
1788249823.380599737 -0.490308 0.007894 -0.901469 0.002071 0.578989 -0.029798 0.814788
1788249823.413948298 -0.486088 0.006730 -0.898846 0.002276 0.577267 -0.029443 0.816021
1788249823.447296619 -0.481377 0.006087 -0.895237 0.002288 0.575640 -0.029153 0.817180
1788249823.480644464 -0.475394 0.007339 -0.891261 0.002522 0.574136 -0.029208 0.818235
1788249823.513993025 -0.470687 0.007234 -0.886468 0.002552 0.572746 -0.029281 0.819206
1788249823.547341585 -0.465846 0.006559 -0.883840 0.002537 0.570763 -0.029406 0.820584
1788249823.580690384 -0.460738 0.007119 -0.879575 0.002541 0.569056 -0.029302 0.821773
1788249823.614039183 -0.455892 0.007579 -0.875384 0.002634 0.567579 -0.029122 0.822800
1788249823.647387743 -0.451878 0.006329 -0.872322 0.002553 0.565978 -0.029223 0.823898
1788249823.680736542 -0.446981 0.007363 -0.867925 0.002863 0.564233 -0.029348 0.825089
1788249823.714085579 -0.441859 0.007455 -0.864900 0.002875 0.562381 -0.029170 0.826359
1788249823.747434616 -0.435842 0.009091 -0.859963 0.002787 0.560689 -0.029178 0.827508
1788249823.780783415 -0.431307 0.008376 -0.855798 0.002329 0.559024 -0.029191 0.828634
1788249823.814132690 -0.426118 0.009027 -0.849950 0.002108 0.557454 -0.029369 0.829686
1788249823.847477198 -0.421187 0.008669 -0.845798 0.001919 0.555412 -0.029019 0.831067
1788249823.880821466 -0.416288 0.008550 -0.841593 0.001607 0.553685 -0.028632 0.832232
1788249823.914165974 -0.410331 0.009371 -0.837553 0.001606 0.551920 -0.028570 0.833406
1788249823.947509289 -0.405380 0.010516 -0.833076 0.002014 0.550361 -0.028640 0.834433
1788249823.980853558 -0.400630 0.012921 -0.829506 0.002382 0.548374 -0.029217 0.835719
1788249824.014198065 -0.394170 0.013492 -0.825568 0.002375 0.546541 -0.029000 0.836927
1788249824.047542334 -0.388962 0.012018 -0.821065 0.001968 0.544839 -0.028837 0.838043
1788249824.080886841 -0.383808 0.012525 -0.816378 0.001740 0.543108 -0.028782 0.839168
1788249824.114231348 -0.378146 0.011993 -0.811980 0.001579 0.541120 -0.028665 0.840455
1788249824.147575617 -0.373550 0.012131 -0.807890 0.001639 0.539296 -0.028595 0.841629
1788249824.180919886 -0.369486 0.012847 -0.804437 0.002153 0.537763 -0.028509 0.842611
1788249824.214264154 -0.363213 0.012732 -0.801216 0.002386 0.535527 -0.028500 0.844034
1788249824.247608662 -0.359642 0.013049 -0.796831 0.002855 0.533471 -0.028512 0.845333
1788249824.280952930 -0.354925 0.013973 -0.792889 0.003232 0.531220 -0.028649 0.846743
1788249824.314297438 -0.353397 0.013580 -0.788564 0.003442 0.529799 -0.028527 0.847637
1788249824.347641945 -0.348680 0.013469 -0.783227 0.003423 0.527901 -0.028534 0.848820
1788249824.380985260 -0.344934 0.013246 -0.779234 0.003391 0.525951 -0.028531 0.850029
1788249824.414329529 -0.341502 0.013976 -0.774769 0.003510 0.524063 -0.028617 0.851192
1788249824.447674036 -0.336265 0.014476 -0.769839 0.003500 0.522098 -0.028287 0.852409
1788249824.481018305 -0.330791 0.015356 -0.765484 0.003467 0.519940 -0.028011 0.853736
1788249824.514362812 -0.327762 0.014993 -0.761558 0.003538 0.518130 -0.028041 0.854835
1788249824.547707081 -0.325294 0.015099 -0.756797 0.003673 0.516459 -0.028059 0.855844
1788249824.581051588 -0.320360 0.014842 -0.752144 0.003515 0.514344 -0.027670 0.857130
1788249824.614395618 -0.315122 0.015012 -0.747412 0.003381 0.512230 -0.027329 0.858407
1788249824.647740126 -0.311581 0.015356 -0.742649 0.003055 0.510382 -0.027341 0.859508
1788249824.681084156 -0.307854 0.015250 -0.736304 0.003112 0.508491 -0.027288 0.860629
1788249824.714428425 -0.304280 0.014911 -0.731466 0.003032 0.506638 -0.027216 0.861724
1788249824.747772932 -0.297803 0.015381 -0.727533 0.002984 0.504264 -0.027032 0.863121
1788249824.781117201 -0.293866 0.016177 -0.723373 0.003184 0.502366 -0.026835 0.864233
1788249824.814460516 -0.290053 0.015803 -0.719583 0.003384 0.500538 -0.026631 0.865298
1788249824.847792149 -0.284640 0.016762 -0.714979 0.003581 0.498293 -0.026504 0.866596
1788249824.881124020 -0.280734 0.016830 -0.709683 0.003476 0.496419 -0.026295 0.867678
1788249824.914455414 -0.275550 0.017044 -0.705518 0.003272 0.494457 -0.026106 0.868804
1788249824.947786808 -0.270964 0.017365 -0.700331 0.003047 0.492466 -0.026254 0.869930
1788249824.981118202 -0.266690 0.017277 -0.695294 0.002994 0.490281 -0.026370 0.871160
1788249825.014449596 -0.262933 0.018228 -0.689838 0.002947 0.488229 -0.026230 0.872316
1788249825.047780991 -0.259440 0.018509 -0.685331 0.002866 0.486290 -0.025946 0.873407
1788249825.081111908 -0.254811 0.018111 -0.681522 0.002832 0.484259 -0.025706 0.874542
1788249825.114442825 -0.249501 0.017704 -0.677155 0.002867 0.482071 -0.025207 0.875765
1788249825.147773743 -0.246902 0.018173 -0.672279 0.003027 0.480269 -0.024904 0.876763
1788249825.181104660 -0.242348 0.018774 -0.667699 0.003107 0.478188 -0.024578 0.877908
1788249825.214435339 -0.237958 0.019382 -0.661907 0.002935 0.476487 -0.024496 0.878835
1788249825.247765303 -0.234152 0.019306 -0.657853 0.003040 0.474484 -0.024764 0.879911
1788249825.281095743 -0.229285 0.019750 -0.653123 0.003063 0.472209 -0.024705 0.881135
1788249825.314426422 -0.225154 0.019487 -0.649098 0.003047 0.470115 -0.024570 0.882258
1788249825.347756624 -0.221125 0.019776 -0.644368 0.003190 0.468197 -0.024312 0.883284
1788249825.381087065 -0.216687 0.020064 -0.640259 0.003441 0.466124 -0.024048 0.884386
1788249825.414417267 -0.213014 0.020338 -0.635431 0.003711 0.464115 -0.023781 0.885448
1788249825.447747469 -0.208010 0.021887 -0.629615 0.003820 0.461989 -0.023784 0.886559
1788249825.481077671 -0.204762 0.021814 -0.623274 0.003619 0.460435 -0.023752 0.887368
1788249825.514407635 -0.200196 0.022594 -0.618313 0.003570 0.458366 -0.023915 0.888435
1788249825.547737360 -0.196963 0.022452 -0.613946 0.003569 0.456151 -0.023942 0.889573
1788249825.581067324 -0.192404 0.021911 -0.607674 0.003171 0.453918 -0.023740 0.890722
1788249825.614396811 -0.188981 0.021943 -0.601877 0.003003 0.452024 -0.023525 0.891690
1788249825.647726536 -0.184998 0.021540 -0.597463 0.003062 0.449996 -0.023156 0.892725
1788249825.681056023 -0.181290 0.021633 -0.593783 0.003345 0.447967 -0.022864 0.893751
1788249825.714384794 -0.177955 0.022145 -0.588781 0.003467 0.445934 -0.022589 0.894774
1788249825.747713804 -0.174263 0.023007 -0.584872 0.003641 0.443979 -0.022255 0.895754
1788249825.781043291 -0.170310 0.023027 -0.579791 0.003525 0.442191 -0.022251 0.896638
1788249825.814372540 -0.166991 0.023003 -0.573734 0.003407 0.440266 -0.022301 0.897584
1788249825.847709656 -0.164768 0.023635 -0.568268 0.003369 0.438282 -0.022550 0.898548
1788249825.881046295 -0.159307 0.024338 -0.563289 0.003240 0.436117 -0.022347 0.899607
1788249825.914383411 -0.156681 0.024264 -0.558511 0.003243 0.434385 -0.022293 0.900446
1788249825.947720528 -0.152902 0.023992 -0.552792 0.003173 0.432518 -0.022341 0.901343
1788249825.981057405 -0.148990 0.024489 -0.547335 0.003147 0.430456 -0.022078 0.902336
1788249826.014394522 -0.145554 0.024065 -0.541925 0.002886 0.428709 -0.021846 0.903174
1788249826.047731400 -0.141479 0.023955 -0.536396 0.002636 0.426960 -0.021985 0.904000
1788249826.081068039 -0.138098 0.024521 -0.530266 0.002460 0.424951 -0.022416 0.904936
1788249826.114405155 -0.135411 0.025420 -0.523579 0.002386 0.423037 -0.022560 0.905828
1788249826.147741079 -0.131570 0.025563 -0.517571 0.002099 0.421040 -0.022482 0.906761
1788249826.181077957 -0.128144 0.024909 -0.512546 0.001980 0.419117 -0.022257 0.907657
1788249826.214415073 -0.124188 0.026127 -0.507057 0.002240 0.417163 -0.021976 0.908563
1788249826.247751713 -0.121016 0.025489 -0.502295 0.002334 0.415287 -0.021622 0.909430
1788249826.281088352 -0.117036 0.026566 -0.497914 0.002596 0.413339 -0.021114 0.910329
1788249826.314425468 -0.114361 0.026038 -0.492181 0.002524 0.411724 -0.020865 0.911066
1788249826.347762346 -0.110278 0.025554 -0.486021 0.002340 0.409877 -0.020900 0.911898
1788249826.381098747 -0.106577 0.025540 -0.480870 0.002445 0.407921 -0.020862 0.912776
1788249826.414435863 -0.103029 0.026634 -0.474746 0.002483 0.406016 -0.020748 0.913627
1788249826.447772503 -0.100417 0.027316 -0.469455 0.002410 0.404337 -0.020636 0.914374
1788249826.481109381 -0.097360 0.026992 -0.464544 0.002276 0.402374 -0.020482 0.915243
1788249826.514446259 -0.093494 0.027090 -0.460062 0.002281 0.400432 -0.020222 0.916100
1788249826.547783136 -0.089384 0.027661 -0.454061 0.002331 0.398632 -0.019862 0.916893
1788249826.581119776 -0.086073 0.027399 -0.448567 0.002103 0.397581 -0.019572 0.917356
1788249826.614455462 -0.080976 0.027396 -0.444353 0.001748 0.396705 -0.019592 0.917735
1788249826.647792101 -0.077501 0.028042 -0.439627 0.001705 0.395825 -0.019519 0.918117
1788249826.681128740 -0.075093 0.028291 -0.435388 0.001297 0.395975 -0.019425 0.918055
1788249826.714465380 -0.072305 0.028252 -0.432964 0.001383 0.396480 -0.019625 0.917832
1788249826.747802258 -0.070932 0.028014 -0.431270 0.002078 0.396309 -0.019963 0.917898
1788249826.781138897 -0.068275 0.028023 -0.429527 0.002618 0.396041 -0.019908 0.918013
1788249826.814475536 -0.064170 0.028260 -0.426855 0.002762 0.396103 -0.019702 0.917991
1788249826.847811460 -0.060386 0.028272 -0.424180 0.002778 0.396229 -0.019471 0.917941
1788249826.881147146 -0.055999 0.028504 -0.420979 0.002548 0.396012 -0.019280 0.918039
1788249826.914483070 -0.052053 0.029313 -0.416439 0.002263 0.396113 -0.019369 0.917995
1788249826.947818518 -0.048213 0.029814 -0.412771 0.002088 0.396198 -0.019475 0.917956
1788249826.981154442 -0.046441 0.030200 -0.409465 0.002189 0.396179 -0.019722 0.917959
1788249827.014490128 -0.044169 0.030063 -0.406899 0.002336 0.396148 -0.019933 0.917967
1788249827.047824383 -0.040275 0.029780 -0.404125 0.002417 0.396069 -0.019803 0.918004
1788249827.081160307 -0.037673 0.029910 -0.401184 0.002548 0.396118 -0.019808 0.917982
1788249827.114495516 -0.034558 0.029341 -0.398421 0.002388 0.396223 -0.019574 0.917943
1788249827.147831202 -0.030625 0.030088 -0.395158 0.002227 0.396225 -0.019614 0.917941
1788249827.181166649 -0.028054 0.030448 -0.391308 0.002147 0.396361 -0.019856 0.917877
1788249827.214502096 -0.025255 0.030254 -0.388001 0.002036 0.396246 -0.020051 0.917923
1788249827.247837543 -0.021920 0.030802 -0.384994 0.002113 0.396095 -0.020314 0.917983
1788249827.281172752 -0.020260 0.029645 -0.381455 0.002095 0.396268 -0.020527 0.917903
1788249827.314508200 -0.016222 0.030400 -0.379686 0.002360 0.396068 -0.020612 0.917987
1788249827.347843409 -0.012800 0.030245 -0.376580 0.002551 0.396200 -0.020337 0.917935
1788249827.381178617 -0.008247 0.030555 -0.374177 0.002444 0.396232 -0.020069 0.917928
1788249827.414514065 -0.005630 0.030636 -0.371416 0.002491 0.396385 -0.020014 0.917863
1788249827.447849035 -0.002068 0.030401 -0.368020 0.002444 0.396359 -0.020005 0.917875
1788249827.481183290 0.000327 0.030767 -0.364630 0.002657 0.396381 -0.020235 0.917859
1788249827.514518499 0.002227 0.030258 -0.361196 0.002702 0.396448 -0.020667 0.917821
1788249827.547853470 0.005768 0.030964 -0.358214 0.002968 0.396208 -0.020914 0.917918
1788249827.581188440 0.008644 0.031001 -0.355931 0.003058 0.396215 -0.020860 0.917916
1788249827.614523172 0.012771 0.031607 -0.350542 0.003178 0.396335 -0.020789 0.917865
1788249827.647858381 0.016308 0.031005 -0.347490 0.002919 0.396332 -0.020675 0.917870
1788249827.681193352 0.020561 0.031624 -0.343734 0.002870 0.396273 -0.020764 0.917893
1788249827.714528084 0.022524 0.032222 -0.340590 0.002908 0.396336 -0.021013 0.917861
1788249827.747863054 0.026033 0.032259 -0.336913 0.002881 0.396263 -0.021219 0.917887
1788249827.781198025 0.028020 0.032657 -0.333840 0.003023 0.396233 -0.021456 0.917894
1788249827.814532518 0.030363 0.032712 -0.330557 0.003110 0.396181 -0.021575 0.917914
1788249827.847869873 0.034262 0.032495 -0.328017 0.002994 0.395907 -0.021559 0.918033
1788249827.881206989 0.037520 0.032736 -0.324726 0.002995 0.395921 -0.021369 0.918031
1788249827.914543629 0.041980 0.033701 -0.322061 0.003168 0.395958 -0.021385 0.918014
1788249827.947879791 0.045013 0.033241 -0.318867 0.003056 0.396241 -0.021183 0.917897
1788249827.981216908 0.049177 0.033442 -0.315865 0.003087 0.396165 -0.021099 0.917932
1788249828.014553785 0.051660 0.033675 -0.312979 0.003100 0.396129 -0.021402 0.917940
1788249828.047890902 0.055028 0.034224 -0.310147 0.003356 0.396068 -0.021476 0.917964
1788249828.081227541 0.058060 0.033831 -0.306766 0.003378 0.396084 -0.021224 0.917963
1788249828.114564419 0.061176 0.033782 -0.304056 0.003357 0.395862 -0.021383 0.918055
1788249828.147901535 0.064556 0.033892 -0.301310 0.003413 0.395627 -0.021043 0.918164
1788249828.181238174 0.067759 0.033808 -0.298466 0.003477 0.395626 -0.021259 0.918159
1788249828.214575052 0.071478 0.034379 -0.295027 0.003481 0.395642 -0.021138 0.918155
1788249828.247911930 0.074612 0.034246 -0.291726 0.003138 0.395281 -0.021076 0.918313
1788249828.281248569 0.078479 0.034878 -0.287715 0.003173 0.394531 -0.021051 0.918636
1788249828.314585447 0.080892 0.034752 -0.284889 0.003138 0.394239 -0.021237 0.918757
1788249828.347922325 0.083691 0.034737 -0.280860 0.002976 0.393827 -0.021238 0.918935
1788249828.381257772 0.086568 0.035056 -0.276217 0.002861 0.393030 -0.021214 0.919277
1788249828.414594650 0.089465 0.035675 -0.273697 0.002925 0.391740 -0.020924 0.919833
1788249828.447931290 0.093086 0.035624 -0.270061 0.002999 0.390146 -0.020537 0.920519
1788249828.481267929 0.094663 0.036483 -0.265657 0.003370 0.388790 -0.020703 0.921088
1788249828.514604568 0.096143 0.036290 -0.261304 0.003538 0.387280 -0.020551 0.921726
1788249828.547941208 0.098391 0.035961 -0.257203 0.003420 0.385314 -0.020411 0.922553
1788249828.581278086 0.100191 0.036302 -0.253017 0.003298 0.383542 -0.020278 0.923295
1788249828.614614725 0.102609 0.036319 -0.248919 0.003224 0.381758 -0.020033 0.924040
1788249828.647950888 0.104057 0.035988 -0.245279 0.003064 0.380314 -0.019887 0.924639
1788249828.681287766 0.105295 0.037606 -0.241307 0.003307 0.378571 -0.020083 0.925349
1788249828.714624166 0.106585 0.037696 -0.238444 0.003370 0.376885 -0.019815 0.926042
1788249828.747960806 0.109509 0.038434 -0.232172 0.003366 0.375183 -0.019427 0.926741
1788249828.781297207 0.112381 0.037827 -0.227969 0.003060 0.373361 -0.019217 0.927482
1788249828.814632654 0.114235 0.037695 -0.224224 0.002957 0.371520 -0.019307 0.928220
1788249828.847970486 0.116294 0.037790 -0.219479 0.002978 0.369815 -0.019160 0.928903
1788249828.881307840 0.117377 0.037544 -0.215259 0.002978 0.368135 -0.019041 0.929572
1788249828.914645195 0.119811 0.038725 -0.209805 0.003039 0.366446 -0.019013 0.930240
1788249828.947982550 0.121575 0.038755 -0.206161 0.003003 0.364726 -0.018894 0.930918
1788249828.981320381 0.122982 0.038431 -0.201761 0.002882 0.363031 -0.018845 0.931582
1788249829.014657736 0.125077 0.038326 -0.196309 0.002693 0.361237 -0.018839 0.932280
1788249829.047995090 0.126212 0.039631 -0.192685 0.002914 0.359248 -0.019039 0.933044
1788249829.081331968 0.127628 0.039814 -0.188295 0.002944 0.357534 -0.018915 0.933704
1788249829.114669323 0.129438 0.039765 -0.183016 0.002894 0.355802 -0.018708 0.934369
1788249829.148006916 0.131658 0.039558 -0.179627 0.002974 0.353752 -0.018764 0.935146
1788249829.181344271 0.132105 0.040438 -0.175124 0.003335 0.351891 -0.018957 0.935843
1788249829.214681387 0.133191 0.039461 -0.171188 0.003330 0.350002 -0.018689 0.936557
1788249829.248018742 0.136037 0.040276 -0.165335 0.003588 0.348028 -0.018453 0.937296
1788249829.281355143 0.137937 0.041125 -0.160383 0.003795 0.346269 -0.018252 0.937950
1788249829.314692497 0.138499 0.040993 -0.156729 0.003987 0.344551 -0.018269 0.938581
1788249829.348029613 0.140543 0.042786 -0.151941 0.004253 0.342666 -0.018030 0.939275
1788249829.381366968 0.141795 0.041981 -0.149495 0.004248 0.341130 -0.017814 0.939838
1788249829.414704084 0.143687 0.041817 -0.145345 0.004235 0.339309 -0.017894 0.940495
1788249829.448040962 0.145764 0.041768 -0.140059 0.004306 0.337562 -0.017570 0.941130
1788249829.481378078 0.145666 0.042147 -0.136065 0.004239 0.336014 -0.017608 0.941683
1788249829.514715433 0.147215 0.042323 -0.131409 0.004222 0.334196 -0.017666 0.942329
1788249829.548052549 0.149007 0.042288 -0.125797 0.004202 0.332470 -0.017697 0.942939
1788249829.581389666 0.150023 0.042042 -0.119599 0.004144 0.330579 -0.017790 0.943601
1788249829.614726782 0.151378 0.042245 -0.116614 0.004182 0.328701 -0.017481 0.944263
1788249829.648063898 0.151906 0.041300 -0.113472 0.003980 0.327055 -0.017315 0.944838
1788249829.681401014 0.152552 0.041452 -0.110186 0.003953 0.325354 -0.017086 0.945430
1788249829.714736938 0.154041 0.041586 -0.104814 0.003790 0.323722 -0.016886 0.945994
1788249829.748073816 0.156589 0.042150 -0.098912 0.003698 0.321880 -0.016949 0.946621
1788249829.781410933 0.157654 0.042383 -0.094546 0.003777 0.320139 -0.017098 0.947209
1788249829.814748049 0.159024 0.042236 -0.089755 0.003707 0.318400 -0.016849 0.947799
1788249829.848085165 0.161130 0.042542 -0.085687 0.003651 0.316602 -0.016684 0.948405
1788249829.881422043 0.162272 0.042438 -0.080737 0.003599 0.314816 -0.016875 0.948996
1788249829.914758921 0.162924 0.042610 -0.077576 0.003676 0.313140 -0.016731 0.949553
1788249829.948096037 0.164639 0.043835 -0.072626 0.003920 0.311189 -0.016723 0.950193
1788249829.981432915 0.165224 0.043989 -0.067998 0.004060 0.309162 -0.016479 0.950858
1788249830.014769793 0.166839 0.044525 -0.062715 0.004105 0.307024 -0.016407 0.951551
1788249830.048106909 0.168089 0.044208 -0.059452 0.003937 0.304739 -0.016106 0.952291
1788249830.081443548 0.168324 0.044799 -0.053739 0.004079 0.302511 -0.016192 0.953000
1788249830.114780188 0.168334 0.044700 -0.048585 0.004022 0.300002 -0.016506 0.953787
1788249830.148116112 0.169313 0.044317 -0.044358 0.003988 0.297331 -0.016364 0.954626
1788249830.181452990 0.169517 0.043183 -0.040111 0.003680 0.294982 -0.016286 0.955357
1788249830.214789629 0.170723 0.045251 -0.032894 0.003750 0.292566 -0.016346 0.956098
1788249830.248126268 0.170745 0.044705 -0.028546 0.003464 0.290159 -0.016177 0.956835
1788249830.281462908 0.171433 0.045703 -0.023554 0.003561 0.287761 -0.015961 0.957563
1788249830.314799786 0.172633 0.045945 -0.017152 0.003522 0.285146 -0.015812 0.958347
1788249830.348136187 0.173947 0.045135 -0.013042 0.003220 0.282593 -0.015405 0.959111
1788249830.381472826 0.173833 0.045980 -0.007867 0.003139 0.280623 -0.015261 0.959692
1788249830.414809465 0.175390 0.045844 -0.002353 0.003188 0.278287 -0.015156 0.960373
1788249830.448145866 0.174143 0.045946 0.001965 0.003282 0.275987 -0.015289 0.961034
1788249830.481482506 0.175525 0.046509 0.008837 0.003379 0.273520 -0.015259 0.961739
1788249830.514818907 0.174914 0.046267 0.010415 0.003538 0.270896 -0.014901 0.962487
1788249830.548155546 0.175394 0.046781 0.015704 0.003744 0.268306 -0.014747 0.963214
1788249830.581491709 0.176823 0.047679 0.022743 0.003850 0.265822 -0.014581 0.963904
1788249830.614827394 0.176900 0.047464 0.027620 0.003722 0.263183 -0.014590 0.964628
1788249830.648163557 0.178578 0.047664 0.032197 0.003617 0.260212 -0.014576 0.965435
1788249830.681499720 0.178095 0.048609 0.036466 0.003688 0.257734 -0.014291 0.966103
1788249830.714836121 0.178703 0.049033 0.041192 0.003760 0.255221 -0.013807 0.966777
1788249830.748172283 0.179314 0.048393 0.047584 0.003720 0.252467 -0.013923 0.967498
1788249830.781508684 0.178146 0.048049 0.051895 0.003641 0.249617 -0.014049 0.968236
1788249830.814844847 0.176661 0.048566 0.054744 0.003705 0.247048 -0.013858 0.968897
1788249830.848184109 0.176677 0.048746 0.059337 0.003652 0.244304 -0.013591 0.969597
1788249830.881523371 0.177795 0.049577 0.066393 0.003665 0.241497 -0.013380 0.970302
1788249830.914862633 0.176631 0.049940 0.070515 0.003556 0.238840 -0.013191 0.970963
1788249830.948201895 0.176877 0.050468 0.076595 0.003696 0.236038 -0.013146 0.971648
1788249830.981541157 0.176904 0.051379 0.081339 0.003764 0.233207 -0.012904 0.972334
1788249831.014880419 0.178238 0.051147 0.087370 0.003573 0.230427 -0.012446 0.973004
1788249831.048218727 0.177193 0.051423 0.090374 0.003640 0.227940 -0.012674 0.973586
1788249831.081557989 0.175055 0.050764 0.094735 0.003692 0.225251 -0.012736 0.974211
1788249831.114897013 0.175516 0.050832 0.100195 0.003705 0.222189 -0.012567 0.974916
1788249831.148236513 0.174523 0.051761 0.105278 0.003681 0.219403 -0.012598 0.975546
1788249831.181575775 0.173955 0.050879 0.109257 0.003720 0.216614 -0.012143 0.976175
1788249831.214915037 0.173192 0.052135 0.113469 0.003988 0.213701 -0.011989 0.976817
1788249831.248254299 0.172663 0.051349 0.118861 0.003917 0.210969 -0.011870 0.977413
1788249831.281593800 0.171060 0.051550 0.123710 0.003829 0.208164 -0.011978 0.978013
1788249831.314932823 0.172185 0.052316 0.129671 0.003792 0.205209 -0.011662 0.978641
1788249831.348272085 0.171137 0.052431 0.135175 0.003756 0.202712 -0.011537 0.979163
1788249831.381611347 0.169590 0.051230 0.139797 0.003611 0.199837 -0.011923 0.979750
1788249831.414950848 0.168565 0.052198 0.145512 0.003715 0.196731 -0.011991 0.980377
1788249831.448289871 0.166481 0.054095 0.149456 0.003860 0.193880 -0.011880 0.980946
1788249831.481628180 0.166685 0.053336 0.156604 0.003723 0.190935 -0.011370 0.981530
1788249831.514967680 0.164716 0.053687 0.159130 0.003836 0.188124 -0.011300 0.982073
1788249831.548306942 0.163707 0.054230 0.165093 0.004020 0.185174 -0.011162 0.982634
1788249831.581646204 0.163044 0.053546 0.168610 0.004040 0.182152 -0.010736 0.983203
1788249831.614985466 0.163402 0.054467 0.176214 0.004030 0.179144 -0.010502 0.983759
1788249831.648324728 0.163399 0.055610 0.181323 0.004043 0.176244 -0.010177 0.984286
1788249831.681664228 0.163911 0.055198 0.188974 0.003824 0.173394 -0.009943 0.984795
1788249831.715003490 0.163215 0.055035 0.195668 0.003794 0.170403 -0.010058 0.985316
1788249831.748342752 0.160993 0.055877 0.199320 0.003691 0.167531 -0.009820 0.985811
1788249831.781682014 0.162633 0.057249 0.208709 0.003837 0.164576 -0.009560 0.986311
1788249831.815021515 0.160725 0.057712 0.211175 0.003894 0.161942 -0.009135 0.986750
1788249831.848360538 0.160687 0.056657 0.216879 0.003949 0.159303 -0.008790 0.987183
1788249831.881699800 0.159209 0.056820 0.219932 0.004074 0.156771 -0.008554 0.987589
1788249831.915038109 0.159470 0.058555 0.227118 0.004296 0.154177 -0.008504 0.987997
1788249831.948376894 0.157137 0.057072 0.230043 0.004101 0.151954 -0.008186 0.988345
1788249831.981716156 0.156378 0.058940 0.235382 0.004250 0.149598 -0.008147 0.988704
1788249832.015055180 0.155807 0.057843 0.240787 0.004237 0.146800 -0.008144 0.989124
1788249832.048394680 0.155279 0.057994 0.248316 0.004206 0.143925 -0.008128 0.989546
1788249832.081733704 0.154299 0.057148 0.252640 0.004009 0.141322 -0.007730 0.989925
1788249832.115072966 0.154333 0.057060 0.259581 0.004003 0.138737 -0.007234 0.990295
1788249832.148411989 0.154456 0.056498 0.265252 0.004137 0.136027 -0.007147 0.990671
1788249832.181751251 0.152080 0.057298 0.268429 0.004494 0.133500 -0.006972 0.991014
1788249832.215090275 0.153460 0.057930 0.276934 0.004690 0.130596 -0.006678 0.991402
1788249832.248429537 0.153689 0.058271 0.282104 0.004709 0.127947 -0.006416 0.991749
1788249832.281768322 0.151376 0.059083 0.287064 0.004782 0.125610 -0.006396 0.992048
1788249832.315107346 0.149483 0.058794 0.290895 0.004706 0.123068 -0.006515 0.992366
1788249832.348446608 0.148646 0.059905 0.298831 0.004691 0.120183 -0.006628 0.992719
1788249832.381784678 0.147210 0.058776 0.304647 0.004347 0.117512 -0.006283 0.993042
1788249832.415123940 0.146159 0.060249 0.309759 0.004392 0.114803 -0.006285 0.993359
1788249832.448462963 0.144176 0.059408 0.316057 0.004198 0.112223 -0.006256 0.993655
1788249832.481801987 0.143791 0.060905 0.322809 0.004370 0.109426 -0.006353 0.993965
1788249832.515141010 0.143162 0.060623 0.330542 0.004297 0.106794 -0.006087 0.994253
1788249832.548480034 0.142499 0.061089 0.335743 0.004030 0.104492 -0.005782 0.994501
1788249832.581819296 0.141734 0.061373 0.344077 0.003752 0.102133 -0.005878 0.994746
1788249832.615158319 0.141467 0.062794 0.352414 0.003673 0.099360 -0.006225 0.995025
1788249832.648497581 0.138348 0.063279 0.357177 0.003507 0.096853 -0.006213 0.995273
1788249832.681836367 0.138091 0.063794 0.365779 0.003297 0.094238 -0.005924 0.995527
1788249832.715175390 0.138829 0.063849 0.372586 0.003066 0.091720 -0.005610 0.995764
1788249832.748514414 0.137087 0.063857 0.377141 0.003401 0.089414 -0.005635 0.995973
1788249832.781853437 0.136853 0.063429 0.383869 0.003494 0.086848 -0.005304 0.996201
1788249832.815191507 0.136479 0.064185 0.388895 0.003587 0.084393 -0.004941 0.996414
1788249832.848530054 0.136393 0.064895 0.396353 0.003773 0.082102 -0.004607 0.996606
1788249832.881868601 0.136791 0.063946 0.402780 0.003739 0.079670 -0.004436 0.996804
1788249832.915207386 0.133710 0.065132 0.408934 0.003960 0.077222 -0.004737 0.996995
1788249832.948545933 0.132212 0.064517 0.413688 0.003909 0.074806 -0.004698 0.997179
1788249832.981884480 0.131399 0.063492 0.418910 0.003914 0.072680 -0.004544 0.997337
1788249833.015222788 0.130676 0.062862 0.426041 0.004029 0.071152 -0.004357 0.997448
1788249833.048561573 0.131779 0.063547 0.432669 0.004263 0.069864 -0.004066 0.997539
1788249833.081900120 0.131593 0.064544 0.437974 0.004388 0.068509 -0.003919 0.997633
1788249833.115238428 0.132962 0.064406 0.444685 0.004550 0.067033 -0.003832 0.997733
1788249833.148577213 0.132111 0.064152 0.450864 0.004419 0.065793 -0.003637 0.997817
1788249833.181915760 0.131891 0.065613 0.458191 0.004378 0.064682 -0.003760 0.997889
1788249833.215254068 0.129158 0.065891 0.462060 0.004235 0.063539 -0.003968 0.997962
1788249833.248592854 0.130106 0.067013 0.470513 0.004330 0.061920 -0.004106 0.998063
1788249833.281930208 0.129845 0.066614 0.475917 0.004240 0.060751 -0.003695 0.998137
1788249833.315268517 0.129043 0.064818 0.479719 0.004040 0.059712 -0.003441 0.998202
1788249833.348606825 0.128993 0.066266 0.488046 0.004289 0.058311 -0.003330 0.998284
1788249833.381945133 0.126970 0.066248 0.492908 0.004485 0.056939 -0.003412 0.998362
1788249833.415283680 0.127095 0.066525 0.499225 0.004632 0.055339 -0.003247 0.998452
1788249833.448621988 0.125576 0.065562 0.505339 0.005029 0.054242 -0.003235 0.998510
1788249833.481960058 0.124761 0.065123 0.511002 0.005465 0.053163 -0.003340 0.998565
1788249833.515298367 0.124697 0.065190 0.520852 0.005370 0.051354 -0.003744 0.998659
1788249833.548636675 0.122047 0.066683 0.528623 0.005060 0.049375 -0.003982 0.998760
1788249833.581974983 0.121449 0.066511 0.539471 0.004906 0.047210 -0.004095 0.998865
1788249833.615313292 0.117697 0.065684 0.544797 0.005099 0.045299 -0.004282 0.998951
1788249833.648651361 0.117978 0.067700 0.554081 0.005604 0.042629 -0.004100 0.999067
1788249833.681989431 0.116746 0.068040 0.561031 0.005704 0.040398 -0.003468 0.999161
1788249833.715327024 0.116450 0.067544 0.568952 0.005867 0.038451 -0.003247 0.999238
1788249833.748665094 0.114589 0.068208 0.576789 0.006023 0.036510 -0.003015 0.999311
1788249833.782003403 0.113605 0.068528 0.583508 0.006357 0.034403 -0.003029 0.999383
1788249833.815341473 0.112149 0.070197 0.592063 0.006503 0.032239 -0.003043 0.999454
1788249833.848680019 0.109909 0.069518 0.600755 0.006273 0.030152 -0.002826 0.999522
1788249833.882018566 0.109357 0.069324 0.607835 0.006255 0.028067 -0.002505 0.999583
1788249833.915357351 0.107971 0.070200 0.617033 0.006340 0.025850 -0.002322 0.999643
1788249833.948695660 0.104557 0.070938 0.623886 0.006027 0.023825 -0.002300 0.999695
1788249833.982034206 0.104058 0.071814 0.635098 0.005632 0.021624 -0.002403 0.999747
1788249834.015372753 0.102449 0.073608 0.643343 0.005705 0.019479 -0.002784 0.999790
1788249834.048711300 0.098509 0.072397 0.650659 0.005198 0.017386 -0.002854 0.999831
1788249834.082049608 0.097086 0.072459 0.660020 0.004797 0.015156 -0.002481 0.999871
1788249834.115388155 0.097417 0.073655 0.667829 0.005102 0.013220 -0.002128 0.999897
1788249834.148725510 0.096832 0.074082 0.676796 0.005223 0.011127 -0.001802 0.999923
1788249834.182064056 0.096274 0.074200 0.685038 0.004881 0.009710 -0.001490 0.999940
1788249834.215402365 0.094962 0.074642 0.693227 0.004942 0.008619 -0.001769 0.999949
1788249834.248740673 0.092617 0.075006 0.701128 0.005018 0.007269 -0.001903 0.999959
1788249834.282078981 0.091067 0.074619 0.709318 0.004627 0.005522 -0.001718 0.999973
1788249834.315417767 0.089850 0.075690 0.717587 0.004526 0.004194 -0.001786 0.999979
1788249834.348756075 0.089264 0.076498 0.726261 0.004630 0.002868 -0.001939 0.999983
1788249834.382094383 0.086971 0.077398 0.734256 0.004657 0.001302 -0.001849 0.999987
1788249834.415432453 0.086681 0.077572 0.742984 0.004185 -0.000402 -0.001519 0.999990
1788249834.448771000 0.084573 0.078122 0.751276 0.003934 -0.001539 -0.001258 0.999990
1788249834.482109070 0.083190 0.078165 0.758349 0.004119 -0.002814 -0.001235 0.999987
1788249834.515447378 0.081313 0.079201 0.765745 0.004316 -0.004275 -0.001293 0.999981
1788249834.548785448 0.080379 0.078600 0.774252 0.004275 -0.005889 -0.001048 0.999973
1788249834.582123995 0.081027 0.079389 0.783070 0.004382 -0.007299 -0.000675 0.999964
1788249834.615460873 0.080925 0.078793 0.791084 0.004579 -0.008824 -0.000297 0.999951
1788249834.648799181 0.079472 0.080984 0.798428 0.004867 -0.010341 -0.000100 0.999935
1788249834.682137251 0.077583 0.081786 0.806343 0.004835 -0.011634 -0.000110 0.999921
1788249834.715475559 0.076072 0.081612 0.814679 0.004874 -0.012941 -0.000438 0.999904
1788249834.748813629 0.073261 0.081568 0.822907 0.004814 -0.014514 -0.000554 0.999883
1788249834.782151699 0.072425 0.082471 0.832055 0.004475 -0.016015 -0.000179 0.999862
1788249834.815490007 0.070578 0.082536 0.839034 0.004215 -0.017343 0.000076 0.999841
1788249834.848827839 0.069738 0.083245 0.847012 0.004455 -0.018619 0.000251 0.999817
1788249834.882165670 0.068370 0.082783 0.854590 0.004352 -0.020152 0.000407 0.999787
1788249834.915503263 0.066882 0.084498 0.863844 0.004185 -0.021665 0.000461 0.999756
1788249834.948841095 0.064469 0.084844 0.871810 0.004036 -0.022930 0.000389 0.999729
1788249834.982178926 0.062208 0.085429 0.879954 0.004065 -0.024444 0.000076 0.999693
1788249835.015516758 0.060576 0.085793 0.888525 0.003820 -0.026057 -0.000092 0.999653
1788249835.048853397 0.058778 0.085309 0.896775 0.003457 -0.027471 -0.000239 0.999617
1788249835.082190990 0.055813 0.084174 0.905136 0.003275 -0.028961 -0.000177 0.999575
1788249835.115528584 0.055046 0.085224 0.913019 0.003134 -0.030640 0.000174 0.999526
1788249835.148866415 0.052281 0.085217 0.920983 0.002781 -0.031869 0.000368 0.999488
1788249835.182204008 0.050344 0.086957 0.929484 0.002863 -0.033121 0.000193 0.999447
1788249835.215541601 0.048858 0.086654 0.938417 0.002890 -0.034654 0.000004 0.999395
1788249835.248879194 0.046768 0.087785 0.946540 0.002532 -0.036356 -0.000085 0.999336
1788249835.282216549 0.044734 0.087412 0.955942 0.002061 -0.037861 0.000200 0.999281
1788249835.315554380 0.043809 0.088513 0.963721 0.002021 -0.039278 0.000333 0.999226
1788249835.348891735 0.041743 0.088367 0.971072 0.002209 -0.040634 0.000550 0.999171
1788249835.382229090 0.040037 0.089003 0.978176 0.002186 -0.042080 0.000778 0.999112
1788249835.415566444 0.038252 0.090219 0.987130 0.001945 -0.043414 0.000766 0.999055
1788249835.448904037 0.036867 0.091031 0.996105 0.001792 -0.044808 0.000570 0.998994
1788249835.482240438 0.034236 0.091664 1.004413 0.001624 -0.046256 0.000515 0.998928
1788249835.515577793 0.030374 0.091074 1.010867 0.001072 -0.047606 0.000605 0.998865
1788249835.548914909 0.029634 0.092698 1.021896 0.000940 -0.049024 0.000747 0.998797
1788249835.582252502 0.028929 0.093398 1.029504 0.000790 -0.050345 0.001200 0.998731
1788249835.615589380 0.026437 0.094337 1.037028 0.000621 -0.051841 0.001424 0.998654
1788249835.648926735 0.024239 0.093754 1.045527 0.000331 -0.053302 0.001608 0.998577
1788249835.682263851 0.022678 0.093120 1.054667 0.000252 -0.054526 0.001352 0.998511
1788249835.715601206 0.020156 0.093002 1.062005 0.000399 -0.056040 0.001076 0.998428
1788249835.748938322 0.016727 0.095618 1.070668 0.000619 -0.057577 0.001098 0.998340
1788249835.782275438 0.014775 0.094211 1.076766 0.000448 -0.059070 0.001351 0.998253
1788249835.815612793 0.012358 0.095356 1.084652 0.000749 -0.060348 0.001730 0.998176
1788249835.848955393 0.010479 0.097002 1.091187 0.001518 -0.061655 0.001875 0.998095
1788249835.882298470 0.009498 0.096414 1.098697 0.001659 -0.062985 0.002272 0.998011
1788249835.915640116 0.007005 0.096193 1.105075 0.001738 -0.064144 0.002405 0.997936
1788249835.948983192 0.005717 0.097014 1.115213 0.002054 -0.065666 0.002119 0.997837
1788249835.982326269 0.002426 0.095728 1.121273 0.002033 -0.067040 0.002174 0.997746
1788249836.015669346 0.000361 0.097872 1.130023 0.001901 -0.068541 0.002291 0.997644
1788249836.049012423 -0.002619 0.098457 1.136917 0.001991 -0.069878 0.002094 0.997551
1788249836.082355261 -0.007162 0.098636 1.143811 0.002353 -0.071112 0.001961 0.997464
1788249836.115698576 -0.007995 0.098241 1.152583 0.002244 -0.072804 0.002172 0.997341
1788249836.149041414 -0.011128 0.099145 1.160227 0.001992 -0.074111 0.002185 0.997246
1788249836.182384729 -0.013301 0.098364 1.169519 0.001998 -0.075428 0.002034 0.997147
1788249836.215728283 -0.016060 0.098162 1.176462 0.002190 -0.076898 0.002001 0.997035
1788249836.249071360 -0.019094 0.098739 1.182190 0.002245 -0.078209 0.002127 0.996932
1788249836.282414675 -0.021473 0.098985 1.192034 0.002369 -0.079744 0.002274 0.996810
1788249836.315757990 -0.023504 0.099340 1.198259 0.002642 -0.081228 0.002570 0.996689
1788249836.349101067 -0.025536 0.099198 1.206957 0.002654 -0.082964 0.002816 0.996545
1788249836.382443666 -0.029107 0.099988 1.213632 0.002679 -0.084601 0.002845 0.996407
1788249836.415786982 -0.031708 0.100848 1.221847 0.003145 -0.086760 0.002744 0.996221
1788249836.449130535 -0.035046 0.100926 1.228738 0.003347 -0.089181 0.002675 0.996006
1788249836.482474089 -0.039221 0.101002 1.235003 0.003305 -0.091306 0.002565 0.995814
1788249836.515817642 -0.042256 0.100789 1.242971 0.003249 -0.093320 0.002688 0.995627
1788249836.549160957 -0.047162 0.100640 1.250854 0.003572 -0.095517 0.002933 0.995417
1788249836.582504749 -0.050233 0.100993 1.257326 0.003819 -0.098101 0.003277 0.995164
1788249836.615848303 -0.051429 0.099986 1.264753 0.003647 -0.100580 0.003703 0.994915
1788249836.649192095 -0.056546 0.101238 1.271950 0.003878 -0.102924 0.003640 0.994675
1788249836.682535648 -0.062396 0.101357 1.279071 0.004039 -0.105663 0.003324 0.994388
1788249836.715879202 -0.065671 0.102774 1.286487 0.004025 -0.108433 0.003260 0.994090
1788249836.749222994 -0.070295 0.102823 1.294312 0.003981 -0.110939 0.003365 0.993814
1788249836.782567024 -0.075419 0.103412 1.299885 0.004275 -0.113469 0.003613 0.993526
1788249836.815909863 -0.078736 0.103658 1.307332 0.004398 -0.116398 0.003699 0.993186
1788249836.849248648 -0.082098 0.102198 1.314722 0.004433 -0.119233 0.003546 0.992850
1788249836.882587671 -0.089341 0.102902 1.321035 0.004825 -0.121946 0.003179 0.992520
1788249836.915926695 -0.093834 0.103370 1.328085 0.005005 -0.125010 0.003124 0.992138
1788249836.949265480 -0.100043 0.103650 1.334538 0.005031 -0.127853 0.003045 0.991776
1788249836.982604742 -0.103795 0.103676 1.339818 0.005340 -0.130921 0.003303 0.991373
1788249837.015943527 -0.107476 0.104359 1.347514 0.005747 -0.133901 0.003985 0.990970
1788249837.049282312 -0.110584 0.105109 1.353680 0.005955 -0.136677 0.004630 0.990587
1788249837.082621336 -0.115215 0.104594 1.360476 0.006290 -0.139477 0.004770 0.990194
1788249837.115960121 -0.121756 0.104269 1.367470 0.006796 -0.142060 0.004714 0.989823
1788249837.149299145 -0.127951 0.104055 1.373551 0.006934 -0.144801 0.004734 0.989425
1788249837.182637691 -0.133499 0.105991 1.381268 0.007105 -0.147737 0.004836 0.988989
1788249837.215976477 -0.134053 0.103987 1.384753 0.007179 -0.150691 0.004984 0.988542
1788249837.249315262 -0.141640 0.103354 1.391149 0.007058 -0.153571 0.005114 0.988099
1788249837.282653332 -0.147833 0.103281 1.399520 0.006925 -0.156430 0.005152 0.987651
1788249837.315992117 -0.155738 0.105993 1.409082 0.007350 -0.159033 0.004774 0.987234
1788249837.349330902 -0.160847 0.105166 1.414431 0.007340 -0.162034 0.004366 0.986748
1788249837.382669449 -0.168661 0.106404 1.422100 0.007197 -0.165400 0.004510 0.986190
1788249837.416007996 -0.176127 0.110948 1.431285 0.007511 -0.168869 0.004941 0.985598
1788249837.449346781 -0.182929 0.108629 1.435524 0.007582 -0.172246 0.005126 0.985011
1788249837.482685566 -0.190543 0.110419 1.444113 0.007813 -0.175713 0.005734 0.984394
1788249837.516024113 -0.195063 0.110831 1.447933 0.008101 -0.179253 0.006032 0.983751
1788249837.549362898 -0.201224 0.110113 1.453592 0.008432 -0.182898 0.005823 0.983078
1788249837.582701445 -0.207181 0.110060 1.458771 0.008342 -0.186617 0.005681 0.982381
1788249837.616039991 -0.214445 0.111138 1.464655 0.008072 -0.189974 0.005854 0.981739
1788249837.649378777 -0.219824 0.110398 1.469803 0.008139 -0.193525 0.005982 0.981043
1788249837.682717323 -0.224556 0.112412 1.474701 0.008256 -0.197291 0.006694 0.980287
1788249837.716055155 -0.230360 0.111356 1.481066 0.008098 -0.200768 0.007060 0.979580
1788249837.749393702 -0.236288 0.112074 1.486667 0.008343 -0.204126 0.007491 0.978881
1788249837.782732248 -0.240923 0.112367 1.491201 0.008488 -0.207843 0.007840 0.978094
1788249837.816070795 -0.245376 0.112434 1.496349 0.008309 -0.211505 0.008046 0.977308
1788249837.849415302 -0.253408 0.113694 1.503637 0.008265 -0.214864 0.008328 0.976574
1788249837.882760048 -0.259207 0.115169 1.509929 0.008289 -0.218623 0.008536 0.975737
1788249837.916105032 -0.265157 0.114620 1.513705 0.007970 -0.222228 0.008738 0.974923
1788249837.949450016 -0.270852 0.114726 1.518855 0.007941 -0.225608 0.008772 0.974146
1788249837.982795238 -0.278818 0.116588 1.524016 0.008356 -0.229208 0.008807 0.973302
1788249838.016139984 -0.283433 0.114951 1.527633 0.008117 -0.233191 0.008485 0.972360
1788249838.049484968 -0.291537 0.114643 1.534446 0.007744 -0.236786 0.008565 0.971493
1788249838.082830191 -0.297825 0.118639 1.541398 0.007891 -0.240633 0.009162 0.970541
1788249838.116175413 -0.303321 0.118066 1.545004 0.007533 -0.244421 0.009403 0.969594
1788249838.149519682 -0.310916 0.118572 1.551927 0.007317 -0.248045 0.009635 0.968673
1788249838.182864666 -0.315927 0.117102 1.555019 0.007389 -0.251514 0.009580 0.967778
1788249838.216210365 -0.322343 0.116315 1.559365 0.007206 -0.255277 0.009294 0.966796
1788249838.249555588 -0.330580 0.117245 1.564304 0.006894 -0.258792 0.009494 0.965862
1788249838.282901049 -0.331607 0.116764 1.562544 0.006748 -0.262656 0.009772 0.964817
1788249838.316246748 -0.336412 0.115833 1.565855 0.006635 -0.266624 0.009923 0.963727
1788249838.349592209 -0.343889 0.115897 1.571479 0.006320 -0.270464 0.010166 0.962656
1788249838.382937908 -0.350035 0.116009 1.574607 0.006591 -0.274222 0.010127 0.961591
1788249838.416283131 -0.356583 0.117211 1.579752 0.006668 -0.278382 0.010229 0.960393
1788249838.449629068 -0.363730 0.117316 1.583037 0.006308 -0.282260 0.010670 0.959258
1788249838.482975006 -0.369322 0.116898 1.588010 0.006152 -0.285976 0.010792 0.958156
1788249838.516320705 -0.375174 0.117368 1.591425 0.006244 -0.289602 0.011164 0.957062
1788249838.549666643 -0.380342 0.116382 1.594194 0.005855 -0.293232 0.011507 0.955954
1788249838.583012581 -0.385438 0.115908 1.598470 0.005768 -0.296835 0.011531 0.954842
1788249838.616357565 -0.395833 0.115513 1.602259 0.005960 -0.300343 0.011270 0.953746
1788249838.649703503 -0.403767 0.118790 1.607003 0.005941 -0.304284 0.011205 0.952497
1788249838.683049679 -0.409482 0.118868 1.610457 0.005511 -0.307980 0.011382 0.951309
1788249838.716395855 -0.417138 0.118893 1.614415 0.005507 -0.311655 0.011390 0.950111
1788249838.749742031 -0.421645 0.116906 1.616108 0.005417 -0.315518 0.011615 0.948833
1788249838.783088207 -0.428103 0.117540 1.620196 0.005321 -0.319223 0.011918 0.947590
1788249838.816434622 -0.433677 0.116953 1.622727 0.005483 -0.323100 0.011944 0.946274
1788249838.849779606 -0.441634 0.118350 1.624413 0.005508 -0.327016 0.011984 0.944927
1788249838.883124828 -0.448645 0.117184 1.627532 0.005063 -0.331024 0.011999 0.943532
1788249838.916470051 -0.455783 0.116795 1.630194 0.004864 -0.334859 0.012041 0.942179
1788249838.949815750 -0.459349 0.115898 1.631196 0.004870 -0.338942 0.012128 0.940717
1788249838.983160734 -0.465133 0.115387 1.633953 0.004791 -0.342621 0.012565 0.939377
1788249839.016506195 -0.472907 0.114847 1.636428 0.004861 -0.346256 0.012716 0.938042
1788249839.049850702 -0.481191 0.114631 1.638336 0.004997 -0.350232 0.012704 0.936563
1788249839.083196640 -0.488106 0.116672 1.641178 0.004960 -0.354524 0.012865 0.934945
1788249839.116542101 -0.496767 0.115702 1.643234 0.004498 -0.358462 0.012933 0.933444
1788249839.149887562 -0.504238 0.115082 1.644512 0.004291 -0.362427 0.013125 0.931910
1788249839.183233500 -0.511628 0.114532 1.646608 0.004175 -0.366378 0.013171 0.930364
1788249839.216579199 -0.519393 0.115479 1.649305 0.004079 -0.370067 0.013218 0.928902
1788249839.249924898 -0.527010 0.116048 1.651558 0.004096 -0.374244 0.012915 0.927231
1788249839.283270836 -0.535120 0.116388 1.651675 0.004249 -0.378450 0.013019 0.925521
1788249839.316616774 -0.541606 0.115207 1.654232 0.003990 -0.382624 0.013325 0.923799
1788249839.349962950 -0.548237 0.115270 1.654488 0.004100 -0.386766 0.013591 0.922068
1788249839.383308887 -0.556906 0.115662 1.656960 0.004313 -0.390898 0.014081 0.920316
1788249839.416655302 -0.562142 0.113213 1.658411 0.004039 -0.394908 0.014555 0.918596
1788249839.450001240 -0.568031 0.111066 1.657321 0.004234 -0.398591 0.014596 0.917003
1788249839.483346462 -0.575056 0.112245 1.659549 0.004682 -0.402835 0.014938 0.915139
1788249839.516692877 -0.584108 0.111969 1.661994 0.004601 -0.406849 0.015331 0.913355
1788249839.550039053 -0.589631 0.115433 1.661519 0.004777 -0.410801 0.015732 0.911577
1788249839.583385706 -0.597424 0.114620 1.663382 0.004959 -0.414851 0.016195 0.909732
1788249839.616732121 -0.602243 0.113311 1.664365 0.004808 -0.419032 0.016727 0.907805
1788249839.650078535 -0.611908 0.112157 1.663811 0.004391 -0.422585 0.016990 0.906153
1788249839.683425188 -0.620442 0.114545 1.667198 0.004745 -0.426538 0.016805 0.904301
1788249839.716771603 -0.629182 0.116382 1.667106 0.004916 -0.430661 0.017056 0.902339
1788249839.750118256 -0.635892 0.115993 1.667486 0.004543 -0.434709 0.017339 0.900393
1788249839.783465147 -0.644530 0.116153 1.669824 0.004449 -0.438623 0.017701 0.898486
1788249839.816811800 -0.649765 0.116981 1.669814 0.004734 -0.442747 0.018136 0.896451
1788249839.850158691 -0.655932 0.117650 1.670415 0.004547 -0.446785 0.018552 0.894438
1788249839.883506060 -0.663494 0.116469 1.670049 0.004433 -0.450558 0.018575 0.892543
1788249839.916851997 -0.671431 0.116495 1.670745 0.004667 -0.454646 0.018450 0.890469
1788249839.950199604 -0.678561 0.116930 1.671211 0.004739 -0.458771 0.018542 0.888349
1788249839.983546972 -0.686046 0.116954 1.670129 0.004590 -0.462642 0.018826 0.886334
1788249840.016894341 -0.692814 0.117204 1.670689 0.004834 -0.466807 0.019338 0.884134
1788249840.050241947 -0.698175 0.116055 1.670964 0.004921 -0.470833 0.020180 0.881978
1788249840.083589554 -0.705631 0.116220 1.670755 0.004883 -0.474497 0.021057 0.879992
1788249840.116937160 -0.712644 0.116721 1.670723 0.005169 -0.478164 0.021397 0.877994
1788249840.150285006 -0.719447 0.114798 1.669790 0.005337 -0.482065 0.021461 0.875856
1788249840.183633089 -0.726979 0.116436 1.669460 0.005396 -0.485896 0.021749 0.873729
1788249840.216980934 -0.736424 0.118216 1.669570 0.005327 -0.489654 0.022000 0.871623
1788249840.250328779 -0.744241 0.116398 1.667773 0.005471 -0.493376 0.022032 0.869520
1788249840.283676863 -0.747851 0.115822 1.667238 0.005322 -0.497300 0.022643 0.867267
1788249840.317025185 -0.756709 0.115794 1.668496 0.005235 -0.500706 0.022776 0.865302
1788249840.350373268 -0.764894 0.115785 1.667444 0.005621 -0.503989 0.022662 0.863394
1788249840.383720636 -0.772983 0.114619 1.665586 0.005537 -0.507499 0.022298 0.861346
1788249840.417068958 -0.780136 0.115740 1.664573 0.005409 -0.511160 0.022435 0.859176
1788249840.450417280 -0.786662 0.114716 1.664283 0.005247 -0.514600 0.022673 0.857115
1788249840.483765841 -0.795055 0.113764 1.664500 0.005016 -0.517999 0.023300 0.855049
1788249840.517114639 -0.803546 0.115082 1.667544 0.004990 -0.521325 0.023880 0.853009
1788249840.550463438 -0.809393 0.113994 1.665452 0.005200 -0.524646 0.023972 0.850967
1788249840.583812237 -0.817387 0.113045 1.663933 0.005324 -0.528159 0.023783 0.848796
1788249840.617160797 -0.826256 0.115252 1.665092 0.005164 -0.531759 0.023741 0.846547
1788249840.650509834 -0.834453 0.114377 1.663852 0.004968 -0.535009 0.023513 0.844505
1788249840.683858871 -0.841378 0.114549 1.662825 0.005026 -0.538444 0.023656 0.842314
1788249840.717207909 -0.850557 0.115318 1.661036 0.004933 -0.541466 0.023897 0.840368
1788249840.750556946 -0.857892 0.114229 1.660560 0.005090 -0.544745 0.024048 0.838242
1788249840.783906460 -0.863658 0.114052 1.661340 0.005480 -0.548469 0.024119 0.835805
1788249840.817254543 -0.870952 0.113936 1.660511 0.005403 -0.552019 0.024249 0.833462
1788249840.850595951 -0.877918 0.114966 1.660076 0.005411 -0.555384 0.024321 0.831221
1788249840.883937597 -0.885966 0.114273 1.657544 0.005421 -0.558425 0.024573 0.829173
1788249840.917279005 -0.893546 0.114741 1.658322 0.005271 -0.561812 0.025119 0.826867
1788249840.950620413 -0.902692 0.114797 1.658535 0.005429 -0.564619 0.025378 0.824944
1788249840.983962059 -0.908917 0.114019 1.658015 0.006029 -0.567104 0.025486 0.823230
1788249841.017303705 -0.918246 0.115000 1.658102 0.006066 -0.569201 0.025458 0.821782
1788249841.050645113 -0.926932 0.115167 1.657611 0.005690 -0.571279 0.025140 0.820351
1788249841.083986759 -0.935422 0.115896 1.659349 0.005585 -0.573542 0.024976 0.818776
1788249841.117328167 -0.945569 0.116359 1.661945 0.005355 -0.575797 0.025190 0.817187
1788249841.150669575 -0.953202 0.116495 1.663370 0.004836 -0.577761 0.025412 0.815796
1788249841.184011221 -0.963697 0.116121 1.665127 0.004992 -0.579631 0.025548 0.814463
1788249841.217352629 -0.971722 0.117254 1.665281 0.005535 -0.581803 0.025547 0.812910
1788249841.250694275 -0.979725 0.118151 1.664869 0.005509 -0.583937 0.025594 0.811377
1788249841.284034729 -0.987083 0.116997 1.663508 0.005464 -0.585868 0.025284 0.809994
1788249841.317376375 -0.996168 0.116514 1.664792 0.005297 -0.588028 0.025396 0.808424
1788249841.350717783 -1.005487 0.116663 1.663932 0.005083 -0.589979 0.025673 0.806994
1788249841.384059191 -1.015208 0.117061 1.665665 0.005410 -0.591849 0.025822 0.805617
1788249841.417400599 -1.024796 0.117818 1.667348 0.005921 -0.594167 0.025884 0.803904
1788249841.450742483 -1.034020 0.117698 1.667776 0.005537 -0.596344 0.026058 0.802287
1788249841.484083891 -1.041248 0.117444 1.670038 0.005116 -0.598573 0.025990 0.800630
1788249841.517425537 -1.051222 0.118935 1.670448 0.005283 -0.600703 0.026313 0.799022
1788249841.550766945 -1.058275 0.118309 1.674118 0.004909 -0.603049 0.026605 0.797245
1788249841.584108353 -1.066592 0.117900 1.673798 0.004779 -0.604754 0.026794 0.795947
1788249841.617449999 -1.067615 0.113597 1.669582 0.004932 -0.606376 0.026707 0.794714
1788249841.650791645 -1.077928 0.113113 1.667820 0.005213 -0.608346 0.026824 0.793201
1788249841.684133053 -1.085968 0.113945 1.667320 0.005260 -0.609939 0.026959 0.791972
1788249841.717473507 -1.093520 0.113276 1.668009 0.005366 -0.611686 0.027014 0.790621
1788249841.750815153 -1.100529 0.112538 1.667470 0.005342 -0.613448 0.027191 0.789249
1788249841.784156561 -1.108668 0.112257 1.669302 0.005427 -0.614563 0.027641 0.788365
1788249841.817498207 -1.116368 0.111039 1.670071 0.005795 -0.614979 0.028112 0.788021
1788249841.850839615 -1.124983 0.111469 1.672265 0.006155 -0.615800 0.028220 0.787373
1788249841.884181261 -1.133981 0.111138 1.674182 0.005989 -0.617062 0.028149 0.786388
1788249841.917522907 -1.142897 0.111426 1.674565 0.005949 -0.617622 0.028000 0.785954
1788249841.950864553 -1.152341 0.112361 1.677564 0.006176 -0.618059 0.028251 0.785599
1788249841.984205723 -1.161465 0.112405 1.677503 0.006324 -0.618606 0.028625 0.785154
1788249842.017547131 -1.168002 0.111317 1.680384 0.006018 -0.619619 0.028898 0.784348
1788249842.050888777 -1.177280 0.111372 1.683090 0.005723 -0.619914 0.029395 0.784098
1788249842.084230185 -1.184894 0.110757 1.685315 0.005696 -0.620301 0.029597 0.783785
1788249842.117572069 -1.194031 0.110814 1.684887 0.005910 -0.620872 0.029500 0.783335
1788249842.150912285 -1.202985 0.112378 1.687013 0.005416 -0.621698 0.029267 0.782691
1788249842.184254169 -1.213381 0.112116 1.688275 0.004867 -0.622106 0.028917 0.782384
1788249842.217595339 -1.221921 0.113237 1.688223 0.005159 -0.622606 0.028918 0.781984
1788249842.250936985 -1.230186 0.112549 1.690787 0.005231 -0.623364 0.028817 0.781383
1788249842.284278393 -1.240583 0.111619 1.695210 0.004861 -0.624097 0.028764 0.780802
1788249842.317620039 -1.249773 0.111971 1.696588 0.005000 -0.624829 0.029015 0.780206
1788249842.350961447 -1.250740 0.117580 1.697295 0.005383 -0.625553 0.029899 0.779590
1788249842.384303331 -1.261204 0.117065 1.698335 0.005287 -0.626220 0.030120 0.779046
1788249842.417644739 -1.269687 0.116886 1.700720 0.005311 -0.626913 0.030193 0.778486
1788249842.450985909 -1.278020 0.116446 1.701303 0.005273 -0.627848 0.030311 0.777728
1788249842.484327555 -1.286307 0.116697 1.702289 0.005168 -0.628517 0.030616 0.777176
1788249842.517668962 -1.295032 0.117513 1.703677 0.005592 -0.629021 0.030718 0.776761
1788249842.551010609 -1.304605 0.116335 1.705076 0.005819 -0.629903 0.030753 0.776043
1788249842.584351063 -1.312119 0.117009 1.704980 0.005940 -0.630842 0.030723 0.775280
1788249842.617692709 -1.321361 0.116610 1.704536 0.005590 -0.631441 0.030597 0.774800
1788249842.651033878 -1.330707 0.116403 1.705470 0.005928 -0.631951 0.030837 0.774372
1788249842.684375763 -1.340080 0.116738 1.708023 0.005927 -0.632804 0.031280 0.773657
1788249842.717717171 -1.349443 0.116841 1.709731 0.005680 -0.633802 0.031194 0.772845
1788249842.751058817 -1.359800 0.117135 1.710073 0.005258 -0.634944 0.031038 0.771917
1788249842.784400225 -1.368757 0.117484 1.709662 0.005526 -0.636340 0.031044 0.770764
1788249842.817741871 -1.377744 0.116594 1.708294 0.005801 -0.638117 0.030752 0.769303
1788249842.851082802 -1.386662 0.115362 1.705212 0.005722 -0.639534 0.030559 0.768133
1788249842.884424210 -1.395663 0.115252 1.706733 0.006051 -0.641187 0.030684 0.766747
1788249842.917765141 -1.403063 0.115333 1.705345 0.006292 -0.642776 0.031119 0.765396
1788249842.951106787 -1.412407 0.116321 1.706680 0.006302 -0.644290 0.031787 0.764094
1788249842.984447956 -1.427029 0.116725 1.711226 0.006713 -0.645879 0.032011 0.762739
1788249843.017789125 -1.435911 0.117157 1.711892 0.007245 -0.647592 0.032169 0.761274
1788249843.051129103 -1.444125 0.117249 1.709588 0.007357 -0.649184 0.032436 0.759904
1788249843.084470272 -1.454341 0.116367 1.707859 0.007696 -0.650953 0.032572 0.758380
1788249843.117811680 -1.463773 0.117013 1.706369 0.007995 -0.652724 0.033026 0.756833
1788249843.151153088 -1.472518 0.116940 1.706848 0.007884 -0.654247 0.033575 0.755494
1788249843.184494019 -1.480443 0.118355 1.707508 0.008010 -0.655804 0.034168 0.754115
1788249843.217835426 -1.489494 0.117899 1.707872 0.008524 -0.657674 0.034409 0.752468
1788249843.251176357 -1.498210 0.116728 1.704065 0.008551 -0.659109 0.034492 0.751208
1788249843.284517765 -1.509227 0.116631 1.701950 0.008411 -0.660501 0.034666 0.749977
1788249843.317858696 -1.515138 0.116371 1.700104 0.008587 -0.662025 0.034869 0.748621
1788249843.351200104 -1.526558 0.117139 1.700939 0.008582 -0.663823 0.034916 0.747025
1788249843.384541035 -1.535135 0.116725 1.700844 0.008257 -0.665314 0.034618 0.745715
1788249843.417882442 -1.546881 0.117352 1.698892 0.008254 -0.667162 0.034318 0.744076
1788249843.451223373 -1.557205 0.117293 1.697580 0.008175 -0.668907 0.034030 0.742522
1788249843.484563828 -1.569203 0.117901 1.695942 0.008042 -0.670351 0.033819 0.741229
1788249843.517904997 -1.576630 0.116898 1.696013 0.007966 -0.671991 0.033753 0.739747
1788249843.551246166 -1.588063 0.117375 1.694886 0.007746 -0.673774 0.033798 0.738124
1788249843.584587336 -1.598415 0.116930 1.693771 0.007738 -0.675349 0.033673 0.736689
1788249843.617928505 -1.608271 0.116509 1.692158 0.008113 -0.676809 0.033804 0.735337
1788249843.651269674 -1.615585 0.117110 1.692640 0.008185 -0.678599 0.034173 0.733668
1788249843.684610844 -1.625741 0.116170 1.692894 0.007890 -0.680169 0.034275 0.732211
1788249843.717952013 -1.634099 0.116235 1.692322 0.007680 -0.681746 0.034465 0.730737
1788249843.751293182 -1.642810 0.115793 1.689897 0.007284 -0.683411 0.034722 0.729172
1788249843.784634590 -1.654138 0.115358 1.689236 0.007142 -0.684961 0.034796 0.727713
1788249843.817975760 -1.662937 0.115368 1.687400 0.007440 -0.686529 0.034712 0.726236
1788249843.851317167 -1.673021 0.115134 1.684064 0.007608 -0.688297 0.034744 0.724557
1788249843.884658575 -1.682928 0.116263 1.683569 0.007417 -0.689976 0.035176 0.722939
1788249843.918000221 -1.694102 0.117115 1.681186 0.007104 -0.691359 0.035694 0.721595
1788249843.951340437 -1.704137 0.117349 1.679829 0.007054 -0.693009 0.036098 0.719990
1788249843.984682083 -1.712979 0.117179 1.678498 0.006911 -0.694301 0.036292 0.718736
1788249844.018023491 -1.722425 0.116877 1.677192 0.007007 -0.695745 0.036291 0.717338
1788249844.051364899 -1.731503 0.117888 1.675038 0.006869 -0.697574 0.036288 0.715560
1788249844.084706306 -1.741351 0.117556 1.673313 0.006544 -0.699140 0.036197 0.714038
1788249844.118047953 -1.751269 0.117790 1.672320 0.006564 -0.700487 0.036322 0.712710
1788249844.151389360 -1.761508 0.117633 1.670411 0.006555 -0.702045 0.036486 0.711167
1788249844.184730768 -1.769843 0.116871 1.669364 0.006228 -0.703510 0.036540 0.709718
1788249844.218072176 -1.779931 0.115869 1.666457 0.006165 -0.704935 0.036481 0.708306
1788249844.251413584 -1.790154 0.117266 1.664047 0.006033 -0.706804 0.036642 0.706434
1788249844.284755230 -1.799329 0.117285 1.661761 0.006019 -0.708383 0.036569 0.704854
1788249844.318096399 -1.806623 0.116453 1.660954 0.006074 -0.709716 0.036601 0.703510
1788249844.351438284 -1.817939 0.117748 1.658606 0.005682 -0.711213 0.036946 0.701982
1788249844.384778261 -1.829353 0.117325 1.655837 0.005533 -0.712524 0.036621 0.700669
1788249844.418120146 -1.839790 0.117603 1.652253 0.005770 -0.713895 0.036461 0.699279
1788249844.451461315 -1.850373 0.119026 1.648917 0.005769 -0.715554 0.036451 0.697582
1788249844.484802961 -1.860242 0.117989 1.646861 0.005426 -0.717136 0.036399 0.695961
1788249844.518144369 -1.871102 0.120386 1.641149 0.005445 -0.718479 0.036581 0.694564
1788249844.551485777 -1.881283 0.121308 1.639449 0.005251 -0.720221 0.036703 0.692754
1788249844.584827185 -1.891929 0.121289 1.636729 0.004717 -0.721741 0.036727 0.691172
1788249844.618168592 -1.901754 0.121437 1.633043 0.004887 -0.723034 0.036479 0.689831
1788249844.651510239 -1.911399 0.121647 1.631057 0.004860 -0.724438 0.036244 0.688370
1788249844.684851408 -1.920410 0.121166 1.630006 0.004448 -0.725334 0.036104 0.687435
1788249844.718193054 -1.930832 0.120749 1.628316 0.004363 -0.725463 0.036178 0.687296
1788249844.751534224 -1.939090 0.120313 1.629251 0.004563 -0.725724 0.036448 0.687005
1788249844.784875870 -1.950594 0.121435 1.627820 0.004427 -0.725956 0.036863 0.686739
1788249844.818216324 -1.959466 0.121536 1.627100 0.004456 -0.725969 0.036717 0.686732
1788249844.851557732 -1.969537 0.121932 1.625093 0.004678 -0.726192 0.036297 0.686517
1788249844.884899139 -1.980458 0.122120 1.623842 0.004684 -0.726600 0.035835 0.686110
1788249844.918240786 -1.990059 0.121377 1.622131 0.004778 -0.726505 0.035614 0.686221
1788249844.951582432 -2.001698 0.121648 1.620697 0.004575 -0.726361 0.035638 0.686373
1788249844.984924078 -2.011271 0.122741 1.620762 0.004447 -0.726441 0.035984 0.686272
1788249845.018265247 -2.021269 0.122875 1.619542 0.004712 -0.726466 0.036547 0.686214
1788249845.051606894 -2.030784 0.122311 1.619710 0.004985 -0.726455 0.036640 0.686219
1788249845.084948301 -2.040983 0.121210 1.619410 0.005019 -0.726635 0.036390 0.686041
1788249845.118289948 -2.051021 0.121858 1.616303 0.005321 -0.726722 0.036350 0.685949
1788249845.151631355 -2.061322 0.120203 1.616732 0.005123 -0.726822 0.036161 0.685854
1788249845.184973001 -2.071332 0.121089 1.616991 0.004772 -0.726785 0.036123 0.685898
1788249845.218314409 -2.083263 0.122195 1.616699 0.004241 -0.726778 0.036419 0.685893
1788249845.251655817 -2.094289 0.121787 1.617417 0.004150 -0.726662 0.036547 0.686010
1788249845.284996510 -2.104472 0.121787 1.616465 0.004195 -0.726644 0.036058 0.686055
1788249845.318337917 -2.116493 0.122401 1.611817 0.004759 -0.726794 0.035777 0.685907
1788249845.351679564 -2.125161 0.121098 1.608973 0.005006 -0.726783 0.035495 0.685931
1788249845.385020971 -2.136220 0.121427 1.608987 0.004967 -0.726927 0.035723 0.685767
1788249845.418362379 -2.146044 0.121064 1.609156 0.004929 -0.726932 0.035828 0.685756
1788249845.451704025 -2.155513 0.121481 1.608764 0.004601 -0.726998 0.036210 0.685668
1788249845.485045671 -2.165768 0.120734 1.609458 0.004496 -0.726960 0.036677 0.685685
1788249845.518387079 -2.175338 0.120986 1.609642 0.004685 -0.726814 0.036784 0.685833
1788249845.551728725 -2.185030 0.120915 1.608610 0.005007 -0.726987 0.036672 0.685653
1788249845.585070133 -2.195996 0.121766 1.606097 0.005281 -0.727186 0.036848 0.685430
1788249845.618411541 -2.205166 0.121637 1.605096 0.005515 -0.727157 0.036961 0.685453
1788249845.651753187 -2.214614 0.121328 1.604106 0.005550 -0.727158 0.037358 0.685431
1788249845.685094595 -2.224371 0.121369 1.604697 0.005335 -0.727244 0.037897 0.685311
1788249845.718435287 -2.234519 0.120552 1.605658 0.004985 -0.727304 0.038099 0.685239
1788249845.751776695 -2.245864 0.121307 1.602720 0.004919 -0.727206 0.037851 0.685358
1788249845.785118341 -2.256803 0.122184 1.601260 0.004917 -0.727345 0.037766 0.685214
1788249845.818459511 -2.265940 0.122218 1.601990 0.005065 -0.727577 0.037616 0.684976
1788249845.851800919 -2.278832 0.122962 1.599879 0.004772 -0.727406 0.037600 0.685160
1788249845.885142088 -2.289486 0.123291 1.598195 0.004970 -0.727292 0.037706 0.685274
1788249845.918483496 -2.297400 0.122526 1.599883 0.004753 -0.727392 0.038062 0.685149
1788249845.951824665 -2.308455 0.123008 1.598516 0.004891 -0.727386 0.037949 0.685161
1788249845.985166073 -2.318775 0.122323 1.596159 0.004801 -0.727392 0.037674 0.685170
1788249846.018507481 -2.329056 0.123139 1.594324 0.005048 -0.727509 0.037903 0.685032
1788249846.051848888 -2.339038 0.121758 1.594026 0.005282 -0.727540 0.037857 0.685000
1788249846.085190058 -2.347636 0.121392 1.595570 0.005456 -0.727535 0.038185 0.684985
1788249846.118531466 -2.358391 0.121686 1.595282 0.005707 -0.727536 0.038709 0.684953
1788249846.151871443 -2.367410 0.121577 1.594354 0.006037 -0.727678 0.039064 0.684779
1788249846.185212851 -2.377221 0.121474 1.594726 0.005993 -0.727835 0.039229 0.684603
1788249846.218554020 -2.387575 0.121345 1.593526 0.005738 -0.727822 0.038976 0.684634
1788249846.251895428 -2.397773 0.121348 1.591683 0.006112 -0.727675 0.039198 0.684774
1788249846.285236597 -2.407592 0.121882 1.590956 0.006196 -0.727579 0.039684 0.684847
1788249846.318578005 -2.416705 0.121420 1.591277 0.006083 -0.727406 0.039624 0.685035
1788249846.351919174 -2.428866 0.123135 1.588722 0.006316 -0.727350 0.039819 0.685082
1788249846.385260344 -2.438074 0.122703 1.587766 0.006367 -0.727467 0.039964 0.684948
1788249846.418601513 -2.449368 0.122960 1.587121 0.006201 -0.727539 0.039563 0.684897
1788249846.451942921 -2.461160 0.123484 1.587080 0.006067 -0.727601 0.039061 0.684861
1788249846.485284090 -2.470953 0.122835 1.587039 0.005866 -0.727628 0.038922 0.684842
1788249846.518625736 -2.481611 0.122773 1.585993 0.005936 -0.727620 0.038667 0.684864
1788249846.551966906 -2.492529 0.123947 1.584843 0.005963 -0.727480 0.038500 0.685022
1788249846.585308075 -2.503261 0.123822 1.584734 0.005840 -0.727511 0.038519 0.684989
1788249846.618648529 -2.513631 0.121480 1.584294 0.005619 -0.727622 0.038407 0.684879
1788249846.651989698 -2.523910 0.121963 1.583972 0.005556 -0.727599 0.038462 0.684901
1788249846.685330868 -2.534986 0.122789 1.582036 0.005733 -0.727465 0.038466 0.685042
1788249846.718672276 -2.544730 0.121621 1.581548 0.005981 -0.727531 0.038486 0.684968
1788249846.752013206 -2.554878 0.121366 1.579892 0.006326 -0.727559 0.038265 0.684948
1788249846.785354614 -2.565962 0.122918 1.576923 0.006577 -0.727208 0.038594 0.685299
1788249846.818695784 -2.574438 0.121937 1.578843 0.006838 -0.727334 0.038813 0.685151
1788249846.852037191 -2.585469 0.122151 1.575063 0.006743 -0.727185 0.039353 0.685279
1788249846.885378599 -2.594460 0.122460 1.577363 0.006754 -0.727259 0.039527 0.685190
1788249846.918720007 -2.604766 0.122378 1.575795 0.006970 -0.727154 0.039530 0.685300
1788249846.952061176 -2.614361 0.122093 1.574902 0.007462 -0.727360 0.039463 0.685079
1788249846.985402822 -2.625663 0.121912 1.573118 0.007403 -0.727391 0.039263 0.685059
1788249847.018744230 -2.635119 0.122557 1.569584 0.007577 -0.727013 0.038887 0.685480
1788249847.052084684 -2.645195 0.122457 1.570810 0.007490 -0.727271 0.039188 0.685190
1788249847.085425854 -2.656694 0.121675 1.571562 0.007374 -0.727472 0.039265 0.684973
1788249847.118767262 -2.667819 0.121936 1.571577 0.006871 -0.727354 0.039196 0.685107
1788249847.152108431 -2.677720 0.123213 1.570654 0.006923 -0.727124 0.039184 0.685352
1788249847.185450077 -2.688902 0.123952 1.569713 0.007297 -0.727264 0.038973 0.685211
1788249847.218791246 -2.699534 0.123858 1.568389 0.007315 -0.727436 0.038539 0.685053
1788249847.252132654 -2.709953 0.124054 1.567361 0.007294 -0.727235 0.038130 0.685290
1788249847.285473824 -2.721274 0.124589 1.566319 0.007338 -0.727169 0.038213 0.685354
1788249847.318815231 -2.729989 0.123860 1.567800 0.006644 -0.727488 0.038437 0.685011
1788249847.352156878 -2.744505 0.123692 1.568693 0.006255 -0.727526 0.038387 0.684976
1788249847.385498285 -2.754438 0.125694 1.570544 0.006683 -0.727512 0.038550 0.684978
1788249847.418839455 -2.764681 0.126291 1.567602 0.006996 -0.727400 0.038580 0.685093
1788249847.452180862 -2.774327 0.127164 1.566273 0.007375 -0.727512 0.038306 0.684985
1788249847.485521078 -2.785553 0.126953 1.567224 0.007720 -0.727581 0.037858 0.684933
1788249847.518862486 -2.794160 0.126303 1.564330 0.007890 -0.727306 0.037943 0.685218
1788249847.552203894 -2.806221 0.126761 1.564555 0.007844 -0.727574 0.037954 0.684934
1788249847.585545301 -2.818240 0.128983 1.563393 0.007781 -0.727474 0.038086 0.685034
1788249847.618886471 -2.828116 0.130357 1.564870 0.008113 -0.727665 0.038328 0.684813
1788249847.652227879 -2.837500 0.129904 1.562382 0.008437 -0.727751 0.038084 0.684731
1788249847.685569048 -2.847732 0.127384 1.560759 0.008439 -0.727736 0.037531 0.684778
1788249847.718910694 -2.856986 0.126728 1.560154 0.008389 -0.727512 0.037518 0.685017
1788249847.752251863 -2.866687 0.125064 1.559063 0.008420 -0.727477 0.037750 0.685041
1788249847.785593271 -2.879268 0.127930 1.561961 0.008254 -0.727899 0.038421 0.684558
1788249847.818934441 -2.891760 0.129639 1.562820 0.007798 -0.727789 0.038834 0.684656
1788249847.852276087 -2.899884 0.130292 1.561319 0.008063 -0.727617 0.038883 0.684833
1788249847.885617495 -2.911191 0.131707 1.558480 0.008265 -0.727638 0.038919 0.684806
1788249847.918958902 -2.922500 0.129731 1.557686 0.008208 -0.727736 0.038146 0.684746
1788249847.952299118 -2.933564 0.130307 1.558343 0.008142 -0.727699 0.037888 0.684802
1788249847.985640764 -2.944821 0.132238 1.555198 0.008394 -0.727457 0.038089 0.685044
1788249848.018981934 -2.956294 0.131152 1.556607 0.007766 -0.727677 0.038341 0.684804
1788249848.052323580 -2.966078 0.131150 1.556658 0.007539 -0.727493 0.038539 0.684991
1788249848.085664988 -2.975215 0.131318 1.557371 0.008083 -0.727575 0.038425 0.684904
1788249848.119006634 -2.985713 0.129581 1.555341 0.008405 -0.727702 0.038101 0.684783
1788249848.152347803 -2.995150 0.129780 1.551721 0.008802 -0.727566 0.037577 0.684951
1788249848.185689211 -3.004561 0.129031 1.549627 0.008889 -0.727277 0.037315 0.685272
1788249848.219030619 -3.015601 0.128677 1.550364 0.008891 -0.727389 0.037708 0.685131
1788249848.252372026 -3.025110 0.128329 1.551046 0.008566 -0.727620 0.037983 0.684874
1788249848.285713434 -3.036000 0.129084 1.551383 0.008273 -0.727539 0.038051 0.684960
1788249848.319054842 -3.044850 0.128468 1.551207 0.008173 -0.727435 0.038231 0.685062
1788249848.352396488 -3.055497 0.127865 1.550550 0.008407 -0.727656 0.037751 0.684851
1788249848.385736704 -3.068031 0.126934 1.547758 0.008326 -0.727642 0.037152 0.684900
1788249848.419078350 -3.078408 0.127679 1.549267 0.008492 -0.727668 0.036941 0.684881
1788249848.452419758 -3.088846 0.128237 1.549972 0.008454 -0.727661 0.037080 0.684882
1788249848.485761166 -3.100089 0.128703 1.549280 0.008372 -0.727724 0.037154 0.684812
1788249848.519102573 -3.111366 0.130982 1.549843 0.008421 -0.727767 0.037224 0.684761
1788249848.552443981 -3.121846 0.131158 1.548386 0.008547 -0.727786 0.037154 0.684744
1788249848.585785151 -3.133273 0.130935 1.544340 0.008490 -0.727706 0.036648 0.684857
1788249848.619126797 -3.142857 0.131527 1.542733 0.008728 -0.727686 0.036046 0.684907
1788249848.652467966 -3.153924 0.130582 1.542494 0.008924 -0.727736 0.035761 0.684867
1788249848.685809851 -3.165480 0.132688 1.543399 0.009178 -0.727895 0.035978 0.684682
1788249848.719151020 -3.175191 0.132920 1.543028 0.008850 -0.728062 0.036154 0.684500
1788249848.752492666 -3.188290 0.132778 1.543700 0.008648 -0.728146 0.036169 0.684413
1788249848.785833836 -3.195559 0.132694 1.543564 0.008779 -0.728138 0.035958 0.684431
1788249848.819174290 -3.206223 0.132660 1.542325 0.009075 -0.728287 0.035930 0.684270
1788249848.852515697 -3.216516 0.133052 1.539098 0.009353 -0.728115 0.035887 0.684452
1788249848.885857344 -3.227887 0.133963 1.541035 0.009622 -0.728223 0.035978 0.684328
1788249848.919198751 -3.235590 0.135295 1.540929 0.009620 -0.728479 0.036186 0.684045
1788249848.952540159 -3.248391 0.135834 1.539586 0.009327 -0.728501 0.036283 0.684020
1788249848.985881805 -3.261282 0.137335 1.540977 0.009175 -0.728577 0.036450 0.683931
1788249849.019223213 -3.271947 0.137963 1.542080 0.009164 -0.728683 0.036602 0.683811
1788249849.052564859 -3.281171 0.137305 1.540601 0.009091 -0.728685 0.036454 0.683818
1788249849.085906267 -3.293044 0.138720 1.538016 0.009108 -0.728425 0.036407 0.684097
1788249849.119247913 -3.303573 0.138807 1.536971 0.009467 -0.728236 0.036529 0.684287
1788249849.152589083 -3.312029 0.138746 1.536534 0.009587 -0.728362 0.036835 0.684135
1788249849.185930967 -3.315438 0.145506 1.537108 0.010647 -0.728994 0.037707 0.683397
1788249849.219272375 -3.325421 0.146945 1.537304 0.010872 -0.729044 0.038013 0.683324
1788249849.252614021 -3.334379 0.148250 1.537154 0.011214 -0.729096 0.038530 0.683234
1788249849.285954475 -3.344590 0.147941 1.535560 0.011279 -0.729073 0.038606 0.683253
1788249849.319295883 -3.355027 0.149060 1.534729 0.011663 -0.728914 0.038909 0.683400
1788249849.352637291 -3.363196 0.146892 1.536169 0.011642 -0.729117 0.039135 0.683170
1788249849.385978937 -3.373462 0.144853 1.535405 0.011509 -0.729388 0.039286 0.682874
1788249849.419320345 -3.380596 0.141678 1.534621 0.011072 -0.729530 0.039283 0.682730
1788249849.452661753 -3.392218 0.142133 1.535171 0.010930 -0.729391 0.039418 0.682873
1788249849.486003399 -3.401469 0.139767 1.535168 0.010802 -0.729243 0.039406 0.683034
1788249849.519344807 -3.410524 0.137877 1.535476 0.010569 -0.729279 0.039499 0.682993
1788249849.552686453 -3.420918 0.139305 1.535860 0.010949 -0.729313 0.039733 0.682937
1788249849.586027861 -3.431353 0.140387 1.531551 0.011080 -0.729013 0.039974 0.683242
1788249849.619369507 -3.443615 0.141286 1.532197 0.011145 -0.729169 0.040033 0.683071
1788249849.652710676 -3.453655 0.141771 1.531830 0.010941 -0.729117 0.039857 0.683140
1788249849.686052561 -3.463310 0.142964 1.529680 0.010955 -0.728893 0.039986 0.683371
1788249849.719392776 -3.473386 0.142527 1.530054 0.010832 -0.729008 0.040009 0.683249
1788249849.752734661 -3.484844 0.141906 1.528848 0.010651 -0.729009 0.039905 0.683257
1788249849.786075830 -3.496283 0.142836 1.528983 0.011039 -0.728876 0.039743 0.683402
1788249849.819417477 -3.504543 0.142703 1.528622 0.010855 -0.728954 0.039847 0.683316
1788249849.852759123 -3.514942 0.141492 1.526888 0.010609 -0.729011 0.039829 0.683260
1788249849.886101007 -3.525208 0.140383 1.525609 0.010346 -0.728880 0.039644 0.683415
1788249849.919443130 -3.533830 0.139555 1.526029 0.010357 -0.728843 0.039757 0.683447
1788249849.952784777 -3.544715 0.138709 1.526772 0.010468 -0.729079 0.039698 0.683197
1788249849.986126661 -3.553635 0.137453 1.525484 0.010499 -0.728993 0.039838 0.683280
1788249850.019468307 -3.563179 0.136994 1.526154 0.010775 -0.728884 0.040069 0.683378
1788249850.052810431 -3.571309 0.135571 1.527290 0.011038 -0.729003 0.040293 0.683234
1788249850.086152315 -3.582674 0.136843 1.526131 0.011534 -0.728970 0.040616 0.683242
1788249850.119493961 -3.592095 0.136922 1.525442 0.011617 -0.728910 0.040674 0.683302
1788249850.152834892 -3.603066 0.135525 1.525412 0.011821 -0.729016 0.040591 0.683190
1788249850.186176538 -3.609469 0.134614 1.523964 0.011681 -0.729120 0.040703 0.683074
1788249850.219518661 -3.620114 0.134102 1.522575 0.011614 -0.729072 0.040651 0.683130
1788249850.252860546 -3.629637 0.134631 1.521804 0.011704 -0.728803 0.040771 0.683408
1788249850.286202192 -3.639730 0.133860 1.520637 0.011852 -0.728760 0.040897 0.683445
1788249850.319544077 -3.648841 0.132959 1.517592 0.011561 -0.728626 0.040919 0.683590
1788249850.352886200 -3.660075 0.132914 1.516482 0.011572 -0.728468 0.040733 0.683770
1788249850.386227846 -3.669804 0.133243 1.515031 0.012035 -0.728309 0.040715 0.683932
1788249850.419569731 -3.679838 0.132335 1.512823 0.012410 -0.728416 0.040570 0.683820
1788249850.452911615 -3.689977 0.132382 1.512831 0.012456 -0.728663 0.040349 0.683569
1788249850.486253500 -3.699649 0.131995 1.513000 0.012533 -0.728463 0.040132 0.683794
1788249850.519595385 -3.709623 0.131468 1.512404 0.012529 -0.728272 0.040532 0.683974
1788249850.552937269 -3.720798 0.131632 1.512769 0.012291 -0.728489 0.040711 0.683737
1788249850.586279392 -3.730880 0.131777 1.511007 0.012107 -0.728301 0.040785 0.683936
1788249850.619619846 -3.740826 0.131692 1.509823 0.012510 -0.728164 0.040843 0.684070
1788249850.652961969 -3.751848 0.131701 1.507564 0.013064 -0.728223 0.040799 0.684000
1788249850.686303854 -3.762099 0.132652 1.506991 0.013332 -0.728284 0.040768 0.683932
1788249850.719645739 -3.771553 0.133018 1.508229 0.013352 -0.728311 0.040796 0.683901
1788249850.752987862 -3.782001 0.133680 1.507151 0.013490 -0.728101 0.041066 0.684105
1788249850.786329508 -3.794494 0.135580 1.505297 0.013407 -0.728074 0.041155 0.684131
1788249850.819671392 -3.805790 0.134281 1.504588 0.013336 -0.728128 0.040939 0.684087
1788249850.853013039 -3.813946 0.134295 1.504417 0.013789 -0.728271 0.040967 0.683924
1788249850.886354685 -3.824351 0.134154 1.503213 0.013937 -0.728446 0.040846 0.683742
1788249850.919696569 -3.834644 0.134862 1.502368 0.013782 -0.728296 0.041062 0.683893
1788249850.953037977 -3.844780 0.135375 1.503012 0.013570 -0.728147 0.041629 0.684021
1788249850.986379623 -3.855561 0.134827 1.502575 0.013303 -0.728113 0.041887 0.684047
1788249851.019721270 -3.865549 0.133058 1.504087 0.012807 -0.728328 0.041717 0.683838
1788249851.053061962 -3.876435 0.133967 1.503635 0.012932 -0.728261 0.041701 0.683907
1788249851.086403608 -3.887021 0.133360 1.502127 0.013218 -0.728317 0.041513 0.683854
1788249851.119745255 -3.898178 0.134819 1.500516 0.013292 -0.728411 0.041456 0.683756
1788249851.153087139 -3.905654 0.132132 1.499172 0.012512 -0.728281 0.040781 0.683950
1788249851.186428547 -3.916632 0.131465 1.498974 0.012104 -0.728063 0.040623 0.684198
1788249851.219770193 -3.927750 0.130592 1.498924 0.011617 -0.728049 0.040810 0.684210
1788249851.253111839 -3.938248 0.129369 1.498670 0.011032 -0.728133 0.040714 0.684137
1788249851.286453247 -3.947540 0.128935 1.499222 0.011085 -0.728322 0.040804 0.683930
1788249851.319795132 -3.957123 0.129173 1.497107 0.011804 -0.728429 0.041096 0.683786
1788249851.353136778 -3.966957 0.128721 1.494920 0.011994 -0.728575 0.040900 0.683638
1788249851.386478424 -3.977094 0.130244 1.493619 0.011999 -0.728766 0.040932 0.683433
1788249851.419820070 -3.987120 0.130656 1.492785 0.011968 -0.729026 0.040952 0.683155
1788249851.453161955 -3.998797 0.130081 1.491295 0.011526 -0.729575 0.040984 0.682574
1788249851.486502171 -4.007664 0.129795 1.490823 0.010995 -0.730417 0.040903 0.681687
1788249851.519844294 -4.016954 0.128869 1.488726 0.011113 -0.730796 0.041037 0.681271
1788249851.553185701 -4.025216 0.129172 1.488096 0.011947 -0.731443 0.041374 0.680542
1788249851.586527109 -4.034432 0.129930 1.485652 0.012233 -0.732141 0.041363 0.679787
1788249851.619868994 -4.044192 0.129824 1.483558 0.011814 -0.732718 0.040857 0.679202
1788249851.653210402 -4.052399 0.129628 1.480887 0.011725 -0.732964 0.040948 0.678933
1788249851.686552286 -4.061905 0.129782 1.480171 0.011922 -0.733619 0.041462 0.678190
1788249851.719893932 -4.071866 0.128393 1.480009 0.011401 -0.734504 0.041414 0.677243
1788249851.753235579 -4.081120 0.128493 1.476723 0.011348 -0.735136 0.041208 0.676571
1788249851.786576986 -4.088591 0.128339 1.474797 0.011573 -0.736011 0.041201 0.675616
1788249851.819918633 -4.099310 0.128508 1.471936 0.011924 -0.736913 0.041180 0.674627
1788249851.853260517 -4.108632 0.128108 1.468588 0.012164 -0.737749 0.040835 0.673730
1788249851.886601925 -4.117175 0.128256 1.465550 0.012162 -0.738958 0.040818 0.672404
1788249851.919943810 -4.126451 0.127642 1.463970 0.011799 -0.740572 0.040742 0.670637
1788249851.953284264 -4.136559 0.126867 1.461260 0.011452 -0.742011 0.040676 0.669054
1788249851.986625910 -4.143546 0.125901 1.457579 0.011882 -0.743155 0.040711 0.667774
1788249852.019967556 -4.150128 0.123136 1.456189 0.011772 -0.744834 0.040518 0.665915
1788249852.053309202 -4.159016 0.124317 1.452843 0.011687 -0.746385 0.040573 0.664174
1788249852.086650848 -4.167117 0.124037 1.449505 0.011703 -0.747899 0.040632 0.662465
1788249852.119992495 -4.175374 0.123773 1.446587 0.011790 -0.749396 0.040860 0.660755
1788249852.153334141 -4.183377 0.123541 1.443846 0.011572 -0.750636 0.041042 0.659338
1788249852.186675549 -4.190320 0.121791 1.439037 0.011244 -0.751823 0.040768 0.658007
1788249852.220017433 -4.198850 0.121291 1.435532 0.011481 -0.753500 0.040581 0.656094
1788249852.253358841 -4.206384 0.119682 1.431193 0.011056 -0.755123 0.040135 0.654260
1788249852.286700726 -4.215410 0.119160 1.426311 0.010632 -0.756665 0.039855 0.652501
1788249852.320042372 -4.221929 0.117768 1.422366 0.010662 -0.758067 0.039892 0.650868
1788249852.353383780 -4.230490 0.118097 1.419190 0.010729 -0.759524 0.040310 0.649141
1788249852.386724472 -4.238589 0.117379 1.415487 0.010602 -0.760784 0.040258 0.647668
1788249852.420066118 -4.246742 0.117214 1.411761 0.010719 -0.762414 0.040255 0.645748
1788249852.453407764 -4.253282 0.116347 1.407279 0.010855 -0.763988 0.040001 0.643897
1788249852.486749649 -4.261521 0.116625 1.403297 0.010796 -0.765488 0.040196 0.642103
1788249852.520091295 -4.269754 0.116269 1.400134 0.011215 -0.767110 0.040484 0.640139
1788249852.553432703 -4.276268 0.116204 1.396860 0.011254 -0.768700 0.041166 0.638184
1788249852.586774588 -4.283393 0.114628 1.394277 0.010858 -0.770103 0.041583 0.636471
1788249852.620115995 -4.289907 0.114261 1.391267 0.010966 -0.771440 0.041878 0.634827
1788249852.653457403 -4.297869 0.113102 1.387155 0.011121 -0.773057 0.041901 0.632853
1788249852.686799526 -4.305660 0.113343 1.383028 0.011119 -0.774605 0.041860 0.630960
1788249852.720140934 -4.314834 0.113348 1.377813 0.011021 -0.776016 0.041771 0.629232
1788249852.753482819 -4.321480 0.113915 1.373878 0.011433 -0.777448 0.041939 0.627444
1788249852.786824226 -4.329210 0.113702 1.370738 0.011303 -0.778834 0.042126 0.625712
1788249852.820164919 -4.336962 0.112942 1.368759 0.011034 -0.779441 0.042026 0.624968
1788249852.853506327 -4.345701 0.111846 1.365309 0.010804 -0.779536 0.042248 0.624838
1788249852.886848211 -4.353265 0.111463 1.362152 0.011097 -0.780206 0.042321 0.623991
1788249852.920189381 -4.361272 0.110745 1.359164 0.010937 -0.781039 0.041975 0.622973
1788249852.953531027 -4.372017 0.110812 1.356034 0.011005 -0.781611 0.041786 0.622267
1788249852.986872196 -4.379383 0.111516 1.353024 0.010804 -0.782096 0.042015 0.621646
1788249853.020213604 -4.388262 0.111902 1.352268 0.010744 -0.782847 0.042318 0.620681
1788249853.053555012 -4.397973 0.111635 1.350568 0.010332 -0.783414 0.042444 0.619963
1788249853.086896420 -4.406281 0.111400 1.348807 0.010372 -0.783986 0.042696 0.619221
1788249853.120237827 -4.414668 0.111005 1.346454 0.010534 -0.784664 0.042745 0.618356
1788249853.153579473 -4.423355 0.111171 1.342051 0.010491 -0.785305 0.042285 0.617574
1788249853.186920881 -4.429944 0.110560 1.337311 0.010235 -0.785673 0.041544 0.617161
1788249853.220262289 -4.438493 0.110198 1.333648 0.010212 -0.786115 0.041392 0.616608
1788249853.253603697 -4.446357 0.110302 1.330958 0.010286 -0.786811 0.041599 0.615705
1788249853.286943913 -4.454493 0.110657 1.327948 0.009805 -0.787431 0.041744 0.614909
1788249853.320285559 -4.462410 0.110486 1.325838 0.009542 -0.788044 0.041804 0.614123
1788249853.353626728 -4.469925 0.109487 1.322546 0.009629 -0.788963 0.042093 0.612922
1788249853.386968374 -4.477300 0.110403 1.318519 0.009958 -0.790243 0.042419 0.611242
1788249853.420309544 -4.484475 0.110088 1.313957 0.009630 -0.791447 0.042482 0.609684
1788249853.453651428 -4.492284 0.109757 1.309938 0.009397 -0.792756 0.042339 0.607994
1788249853.486992598 -4.500041 0.110223 1.307728 0.009442 -0.794395 0.042766 0.605820
1788249853.520334244 -4.506955 0.109449 1.303847 0.009190 -0.795716 0.042841 0.604083
1788249853.553675413 -4.514315 0.109304 1.299839 0.008985 -0.796885 0.043081 0.602525
1788249853.587017059 -4.520446 0.108758 1.295918 0.009392 -0.798195 0.043138 0.600780
1788249853.620358229 -4.526546 0.108625 1.290732 0.009508 -0.799768 0.043145 0.598681
1788249853.653699636 -4.533262 0.108503 1.285737 0.009147 -0.801274 0.042893 0.596689
1788249853.687041044 -4.540113 0.109070 1.280668 0.008974 -0.802798 0.042789 0.594646
1788249853.720381498 -4.547705 0.108035 1.275300 0.008687 -0.804920 0.042554 0.591791
1788249853.753722906 -4.552532 0.107595 1.270008 0.008415 -0.806793 0.042640 0.589233
1788249853.787064314 -4.559420 0.108237 1.266939 0.008617 -0.808675 0.042941 0.586623
1788249853.820405722 -4.563964 0.107355 1.263072 0.009092 -0.810645 0.043230 0.583869
1788249853.853747129 -4.569650 0.107298 1.256908 0.009236 -0.813087 0.043468 0.580444
1788249853.887088776 -4.573955 0.107120 1.249952 0.009052 -0.815439 0.043533 0.577133
1788249853.920430183 -4.578490 0.106429 1.243553 0.009244 -0.817735 0.043451 0.573878
1788249853.953771830 -4.582213 0.107088 1.236855 0.009270 -0.820142 0.043529 0.570426
1788249853.987113237 -4.587782 0.106301 1.230999 0.008993 -0.822486 0.043251 0.567067
1788249854.020455122 -4.593624 0.105387 1.223245 0.009388 -0.824775 0.042907 0.563753
1788249854.053796530 -4.597589 0.103405 1.216100 0.009158 -0.827345 0.042554 0.560004
1788249854.087138176 -4.602505 0.102870 1.211948 0.008818 -0.830105 0.042340 0.555927
1788249854.120479584 -4.606931 0.101794 1.207219 0.008457 -0.832562 0.042308 0.552248
1788249854.153820276 -4.609626 0.099727 1.201563 0.008166 -0.834997 0.042620 0.548541
1788249854.187161684 -4.614238 0.099238 1.195673 0.007801 -0.837595 0.042939 0.544546
1788249854.220503330 -4.617658 0.099141 1.190625 0.007577 -0.840154 0.043101 0.540580
1788249854.253844738 -4.621874 0.097995 1.183477 0.007861 -0.842674 0.043044 0.536643
1788249854.287186384 -4.626010 0.098101 1.177414 0.008103 -0.845529 0.042851 0.532146
1788249854.320528030 -4.630381 0.097832 1.171197 0.007572 -0.848163 0.042680 0.527959
1788249854.353869438 -4.634856 0.096691 1.165885 0.007472 -0.850795 0.042687 0.523708
1788249854.387211084 -4.637792 0.095541 1.160515 0.007374 -0.853296 0.042850 0.519610
1788249854.420552492 -4.643125 0.094958 1.155196 0.006971 -0.855990 0.043047 0.515150
1788249854.453894138 -4.646379 0.093306 1.149225 0.007091 -0.858587 0.042824 0.510828
1788249854.487235785 -4.649247 0.092289 1.143045 0.007499 -0.861262 0.042788 0.506301
1788249854.520577192 -4.653533 0.091232 1.136691 0.007291 -0.863929 0.042587 0.501757
1788249854.553919077 -4.656242 0.090910 1.129143 0.007070 -0.866261 0.042749 0.497708
1788249854.587259769 -4.658825 0.091042 1.124247 0.007429 -0.868813 0.043092 0.493205
1788249854.620601177 -4.660458 0.089998 1.118464 0.007303 -0.871319 0.043230 0.488755
1788249854.653942585 -4.665437 0.088087 1.112842 0.006814 -0.873957 0.043114 0.484038
1788249854.687284231 -4.667211 0.086781 1.106488 0.007081 -0.876415 0.042914 0.479588
1788249854.720625877 -4.668890 0.085850 1.098420 0.007202 -0.878855 0.042685 0.475121
1788249854.753967524 -4.672525 0.085185 1.091663 0.006898 -0.881423 0.042233 0.470385
1788249854.787308931 -4.674947 0.085821 1.084780 0.007232 -0.883780 0.042206 0.465940
1788249854.820650578 -4.676025 0.084743 1.077928 0.007090 -0.886038 0.042261 0.461628
1788249854.853991985 -4.679004 0.084083 1.071236 0.006895 -0.888407 0.042228 0.457059
1788249854.887333393 -4.680567 0.082790 1.064334 0.006969 -0.890552 0.042207 0.452865
1788249854.920674562 -4.682180 0.083453 1.057221 0.007629 -0.892844 0.042303 0.448311
1788249854.954016209 -4.683372 0.082575 1.050107 0.007414 -0.895211 0.042101 0.443587
1788249854.987357616 -4.685049 0.081533 1.043455 0.007163 -0.897427 0.042108 0.439091
1788249855.020698786 -4.686603 0.081379 1.037286 0.007443 -0.899646 0.042457 0.434487
1788249855.054039240 -4.688283 0.074253 1.033778 0.005683 -0.901961 0.042000 0.429733
1788249855.087380648 -4.687057 0.075783 1.025308 0.005862 -0.903747 0.042669 0.425896
1788249855.120722055 -4.687210 0.076044 1.017941 0.006256 -0.905780 0.043176 0.421497
1788249855.154063463 -4.689021 0.076054 1.010827 0.006571 -0.908059 0.043109 0.416567
1788249855.187404633 -4.690798 0.076042 1.002758 0.006534 -0.910207 0.042881 0.411875
1788249855.220745802 -4.692719 0.076282 0.995058 0.006387 -0.912226 0.043143 0.407358
1788249855.254087448 -4.693530 0.075390 0.988283 0.006442 -0.914237 0.043456 0.402791
1788249855.287428617 -4.694818 0.074625 0.981458 0.005807 -0.916258 0.043769 0.398147
1788249855.320770264 -4.697263 0.074971 0.973648 0.005740 -0.918250 0.043967 0.393510
1788249855.354111433 -4.697500 0.074459 0.966215 0.005924 -0.920190 0.043858 0.388962
1788249855.387453079 -4.697920 0.073734 0.956617 0.006047 -0.922136 0.043594 0.384354
1788249855.420794249 -4.699570 0.075049 0.949680 0.006102 -0.924189 0.043610 0.379388
1788249855.454135656 -4.699490 0.074743 0.942153 0.006265 -0.925945 0.043802 0.375058
1788249855.487475872 -4.699868 0.074172 0.935817 0.006130 -0.927821 0.043988 0.370371
1788249855.520817518 -4.700144 0.074145 0.928498 0.006035 -0.929636 0.044105 0.365781
1788249855.554158688 -4.699686 0.073770 0.921156 0.006171 -0.931374 0.044237 0.361313
1788249855.587500095 -4.699124 0.073298 0.913478 0.006400 -0.933149 0.044295 0.356692
1788249855.620841265 -4.699017 0.072728 0.905791 0.006389 -0.934905 0.044250 0.352070
1788249855.654182911 -4.698877 0.072467 0.899274 0.006432 -0.936657 0.044681 0.347326
1788249855.687524319 -4.699691 0.072760 0.892753 0.006544 -0.938378 0.045362 0.342557
1788249855.720865726 -4.699249 0.072447 0.886100 0.006262 -0.940056 0.045644 0.337893
1788249855.754206896 -4.699526 0.071760 0.879163 0.006019 -0.941775 0.045859 0.333048
1788249855.787548304 -4.699204 0.070377 0.873000 0.005968 -0.943446 0.045948 0.328272
1788249855.820889711 -4.697482 0.069842 0.865690 0.006158 -0.945059 0.045874 0.323607
1788249855.854231119 -4.696794 0.069633 0.857113 0.006204 -0.946653 0.045711 0.318936
1788249855.887572527 -4.696023 0.069435 0.850250 0.006269 -0.948190 0.045913 0.314307
1788249855.920912981 -4.695551 0.070014 0.843602 0.006269 -0.949808 0.046212 0.309338
1788249855.954254150 -4.695202 0.071421 0.837705 0.006268 -0.951458 0.046390 0.304200
1788249855.987595797 -4.693641 0.071552 0.830238 0.006438 -0.952927 0.046494 0.299544
1788249856.020936966 -4.692046 0.070874 0.822739 0.006837 -0.954395 0.046496 0.294825
1788249856.054278851 -4.691480 0.071151 0.815150 0.006880 -0.955918 0.046340 0.289872
1788249856.087620020 -4.690936 0.070728 0.809027 0.006556 -0.957347 0.046431 0.285110
1788249856.120961666 -4.690540 0.070259 0.801983 0.006402 -0.958705 0.046816 0.280450
1788249856.154302835 -4.689667 0.070492 0.794938 0.006340 -0.960113 0.046878 0.275582
1788249856.187644243 -4.689154 0.071178 0.788306 0.006230 -0.961440 0.047091 0.270881
1788249856.220985651 -4.687283 0.069349 0.781823 0.006300 -0.962751 0.047273 0.266150
1788249856.254326820 -4.685944 0.070199 0.773621 0.006572 -0.964090 0.047299 0.261249
1788249856.287668705 -4.684683 0.069849 0.765575 0.006660 -0.965404 0.046973 0.256407
1788249856.321009874 -4.683596 0.069824 0.758448 0.006799 -0.966653 0.047072 0.251636
1788249856.354351521 -4.681915 0.069408 0.751620 0.006383 -0.967812 0.047302 0.247108
1788249856.387691975 -4.681383 0.069202 0.743126 0.006105 -0.968904 0.047533 0.242753
1788249856.421033382 -4.681077 0.068443 0.735820 0.006350 -0.970081 0.047759 0.237953
1788249856.454374552 -4.680066 0.068127 0.727952 0.006461 -0.971299 0.047625 0.232956
1788249856.487716198 -4.680756 0.068127 0.718776 0.006192 -0.972413 0.047604 0.228272
1788249856.521057367 -4.680165 0.067813 0.710356 0.006236 -0.973461 0.047726 0.223735
1788249856.554399014 -4.680256 0.067434 0.703380 0.005981 -0.974563 0.047798 0.218876
1788249856.587740183 -4.680661 0.066747 0.695828 0.006187 -0.975526 0.047962 0.214502
1788249856.621082067 -4.679739 0.065308 0.687862 0.006548 -0.976455 0.048251 0.210154
1788249856.654423237 -4.678416 0.066267 0.679732 0.006943 -0.977335 0.048357 0.205983
1788249856.687764883 -4.678090 0.065934 0.671632 0.006745 -0.978157 0.048295 0.202069
1788249856.721106052 -4.677866 0.064752 0.662863 0.006736 -0.978974 0.048186 0.198100
1788249856.754447699 -4.677415 0.064141 0.653415 0.006785 -0.979718 0.047974 0.194436
1788249856.787788868 -4.678147 0.063951 0.645051 0.006763 -0.980341 0.048048 0.191249
1788249856.821129322 -4.679417 0.064883 0.635128 0.007085 -0.980949 0.048384 0.188012
1788249856.854470730 -4.679268 0.065929 0.627898 0.007240 -0.981587 0.048282 0.184673
1788249856.887812376 -4.680725 0.064438 0.618511 0.007049 -0.982201 0.048177 0.181413
1788249856.921153545 -4.679708 0.063462 0.611168 0.007048 -0.982775 0.048265 0.178254
1788249856.954495430 -4.679685 0.062566 0.602425 0.006973 -0.983349 0.048087 0.175110
1788249856.987836838 -4.680469 0.060679 0.593873 0.006984 -0.983910 0.047935 0.171975
1788249857.021178007 -4.680988 0.062901 0.584968 0.007321 -0.984496 0.048475 0.168417
1788249857.054519653 -4.679661 0.061985 0.576126 0.007165 -0.985032 0.048194 0.165343
1788249857.087860823 -4.681352 0.062444 0.566446 0.007253 -0.985590 0.048035 0.162028
1788249857.121202469 -4.680977 0.060573 0.558446 0.007104 -0.986127 0.048013 0.158739
1788249857.154543877 -4.682195 0.061805 0.550171 0.006928 -0.986655 0.048303 0.155341
1788249857.187885523 -4.682995 0.061101 0.542867 0.006739 -0.987161 0.048321 0.152093
1788249857.221226931 -4.682955 0.060367 0.532338 0.006934 -0.987597 0.048363 0.149218
1788249857.254568338 -4.681877 0.060269 0.524388 0.006768 -0.988087 0.048450 0.145913
1788249857.287908792 -4.683298 0.061076 0.515999 0.006713 -0.988571 0.048404 0.142616
1788249857.321250200 -4.682608 0.060363 0.508756 0.006594 -0.988998 0.048462 0.139609
1788249857.354591608 -4.683052 0.060199 0.499342 0.006495 -0.989453 0.048660 0.136283
1788249857.387933254 -4.682301 0.058175 0.491185 0.006365 -0.989897 0.048367 0.133134
1788249857.421274424 -4.681625 0.056924 0.483189 0.006337 -0.990270 0.048587 0.130252
1788249857.454616070 -4.680845 0.056294 0.474996 0.006381 -0.990694 0.048652 0.126958
1788249857.487957478 -4.681546 0.054882 0.468102 0.006067 -0.991137 0.048577 0.123492
1788249857.521299124 -4.679002 0.054807 0.459992 0.006034 -0.991459 0.048917 0.120743
1788249857.554640293 -4.677543 0.054784 0.451850 0.006268 -0.991842 0.049152 0.117446
1788249857.587981701 -4.677053 0.055462 0.442643 0.006388 -0.992232 0.049174 0.114087
1788249857.621323109 -4.675023 0.054443 0.433994 0.006869 -0.992588 0.048934 0.111025
1788249857.654664516 -4.672754 0.053827 0.426188 0.007305 -0.992940 0.048899 0.107818
1788249857.688006163 -4.671680 0.052965 0.417958 0.006977 -0.993335 0.048477 0.104341
1788249857.721346617 -4.672133 0.053002 0.409494 0.006707 -0.993670 0.048650 0.101039
1788249857.754687786 -4.670675 0.051183 0.401797 0.006631 -0.993978 0.048725 0.097923
1788249857.788029194 -4.670132 0.051440 0.393406 0.006435 -0.994295 0.048755 0.094648
1788249857.821371078 -4.668425 0.051678 0.385297 0.006775 -0.994581 0.048865 0.091515
1788249857.854724407 -4.666204 0.051748 0.376735 0.007125 -0.994861 0.049006 0.088318
1788249857.888078213 -4.664886 0.050985 0.367939 0.007096 -0.995156 0.048818 0.085040
1788249857.921431780 -4.664050 0.050898 0.358893 0.006960 -0.995399 0.049146 0.081961
1788249857.954785585 -4.665113 0.049774 0.351115 0.006609 -0.995659 0.049576 0.078496
1788249857.988139629 -4.662492 0.050426 0.344486 0.006028 -0.995878 0.049989 0.075442
1788249858.021493673 -4.664549 0.048530 0.335930 0.006070 -0.996126 0.050075 0.072035
1788249858.054847956 -4.661169 0.049165 0.327550 0.006568 -0.996322 0.050302 0.069064
1788249858.088201761 -4.659306 0.049368 0.317198 0.006988 -0.996561 0.050060 0.065656
1788249858.121556044 -4.657166 0.049010 0.308452 0.007125 -0.996782 0.049822 0.062393
1788249858.154909372 -4.655228 0.049613 0.299008 0.006990 -0.996951 0.050137 0.059376
1788249858.188263893 -4.653049 0.050242 0.292142 0.006310 -0.997133 0.050274 0.056203
1788249858.221617937 -4.653498 0.049443 0.282765 0.005691 -0.997323 0.050123 0.052932
1788249858.254972696 -4.652738 0.047963 0.275006 0.005809 -0.997496 0.049888 0.049788
1788249858.288327217 -4.649623 0.047982 0.265201 0.006057 -0.997666 0.049571 0.046565
1788249858.321681976 -4.647914 0.047224 0.256214 0.006053 -0.997836 0.049116 0.043294
1788249858.355036736 -4.645399 0.047264 0.248356 0.006093 -0.997962 0.049164 0.040210
1788249858.388391495 -4.644998 0.047820 0.239236 0.005816 -0.998090 0.049206 0.036892
1788249858.421746492 -4.642755 0.047106 0.230891 0.005746 -0.998198 0.049081 0.034029
1788249858.455101490 -4.641152 0.045739 0.223248 0.005678 -0.998293 0.049294 0.030814
1788249858.488456488 -4.638494 0.046021 0.215425 0.005973 -0.998379 0.049457 0.027513
1788249858.521811485 -4.635389 0.044898 0.206641 0.006302 -0.998467 0.049403 0.024149
1788249858.555166721 -4.633096 0.044975 0.199072 0.006563 -0.998525 0.049784 0.020653
1788249858.588522434 -4.630769 0.043628 0.192201 0.006198 -0.998591 0.049743 0.017404
1788249858.621876478 -4.629695 0.044835 0.183808 0.005882 -0.998635 0.049937 0.014173
1788249858.655232191 -4.627277 0.046017 0.175181 0.005885 -0.998646 0.050474 0.011116
1788249858.688587666 -4.625100 0.044239 0.167398 0.005763 -0.998678 0.050439 0.008113
1788249858.721943140 -4.622899 0.044149 0.159180 0.005837 -0.998699 0.050400 0.005137
1788249858.755298853 -4.620233 0.043873 0.150633 0.005923 -0.998714 0.050303 0.002003
1788249858.788655043 -4.617656 0.041555 0.141793 -0.005937 0.998738 -0.049856 0.001146
1788249858.822010756 -4.616502 0.042715 0.132647 -0.005669 0.998741 -0.049699 0.003685
1788249858.855350733 -4.614034 0.041932 0.123901 -0.005858 0.998728 -0.049718 0.006030
1788249858.888690948 -4.611289 0.041874 0.116893 -0.006065 0.998699 -0.049881 0.008726
1788249858.922031164 -4.610455 0.041025 0.106951 -0.005972 0.998680 -0.049774 0.011198
1788249858.955371380 -4.609236 0.039958 0.097808 -0.006240 0.998657 -0.049667 0.013359
1788249858.988711596 -4.605105 0.039854 0.090228 -0.006264 0.998627 -0.049673 0.015401
1788249859.022051811 -4.604060 0.040216 0.080484 -0.006377 0.998606 -0.049349 0.017618
1788249859.055391073 -4.601968 0.038782 0.071635 -0.006450 0.998581 -0.049248 0.019236
1788249859.088731050 -4.600648 0.037436 0.063337 -0.006861 0.998540 -0.049451 0.020630
1788249859.122071266 -4.598803 0.038445 0.054496 -0.006807 0.998524 -0.049396 0.021533
1788249859.155411243 -4.597578 0.038651 0.045407 -0.006865 0.998517 -0.049298 0.022060
1788249859.188751221 -4.597742 0.037562 0.036102 -0.006829 0.998513 -0.049444 0.021910
1788249859.222091436 -4.596101 0.037983 0.026357 -0.006760 0.998512 -0.049536 0.021788
1788249859.255431652 -4.595936 0.037103 0.016500 -0.006870 0.998526 -0.049074 0.022148
1788249859.288771629 -4.593186 0.035911 0.007261 -0.007079 0.998544 -0.048670 0.022144
1788249859.322111607 -4.593904 0.035323 -0.002527 -0.007193 0.998527 -0.048937 0.022282
1788249859.355451822 -4.593856 0.035169 -0.011802 -0.007165 0.998519 -0.049135 0.022248
1788249859.388792038 -4.593042 0.034956 -0.019934 -0.006956 0.998522 -0.049027 0.022391
1788249859.422131777 -4.593973 0.034815 -0.029685 -0.006741 0.998517 -0.049046 0.022639
1788249859.455471754 -4.594507 0.033375 -0.038904 -0.006503 0.998510 -0.049265 0.022571
1788249859.488810778 -4.592342 0.033155 -0.047879 -0.006777 0.998510 -0.049293 0.022394
1788249859.522150755 -4.591916 0.035054 -0.057607 -0.007176 0.998500 -0.049302 0.022709
1788249859.555490971 -4.590337 0.033470 -0.068013 -0.007496 0.998503 -0.049184 0.022727
1788249859.588830471 -4.589928 0.032300 -0.076756 -0.007522 0.998502 -0.049173 0.022806
1788249859.622170687 -4.590699 0.032700 -0.088009 -0.007699 0.998506 -0.048964 0.022987
1788249859.655510664 -4.590674 0.032746 -0.097497 -0.007502 0.998526 -0.048497 0.023182
1788249859.688850880 -4.589900 0.032963 -0.108868 -0.007331 0.998534 -0.048344 0.023217
1788249859.722190380 -4.589695 0.033158 -0.118007 -0.007302 0.998537 -0.048394 0.022976
1788249859.755530357 -4.588080 0.032325 -0.126752 -0.007367 0.998544 -0.048227 0.023008
1788249859.788870335 -4.586352 0.030437 -0.136428 -0.007774 0.998548 -0.048027 0.023126
1788249859.822210312 -4.586100 0.030424 -0.143364 -0.007934 0.998522 -0.048491 0.023212
1788249859.855550528 -4.586398 0.030228 -0.153118 -0.007884 0.998517 -0.048568 0.023288
1788249859.888891220 -4.586302 0.030809 -0.162942 -0.007589 0.998514 -0.048548 0.023565
1788249859.922231913 -4.586557 0.029732 -0.173132 -0.007486 0.998503 -0.048452 0.024237
1788249859.955570936 -4.585631 0.029192 -0.181627 -0.007369 0.998505 -0.048390 0.024310
1788249859.988911629 -4.585690 0.028471 -0.192423 -0.007393 0.998513 -0.048048 0.024682
1788249860.022252321 -4.583170 0.029332 -0.201507 -0.007731 0.998506 -0.047955 0.025044
1788249860.055592537 -4.582005 0.028506 -0.210062 -0.007930 0.998480 -0.048083 0.025731
1788249860.088933229 -4.581274 0.028081 -0.218717 -0.007861 0.998464 -0.048235 0.026109
1788249860.122273684 -4.581466 0.028167 -0.227990 -0.007507 0.998456 -0.048289 0.026403
1788249860.155614138 -4.581238 0.028387 -0.236695 -0.007338 0.998431 -0.048399 0.027180
1788249860.188954592 -4.581060 0.027664 -0.245341 -0.007088 0.998402 -0.048525 0.028070
1788249860.222294807 -4.581225 0.026286 -0.254095 -0.006884 0.998382 -0.048310 0.029191
1788249860.255635262 -4.579978 0.025704 -0.263578 -0.006801 0.998349 -0.048031 0.030764
1788249860.288975716 -4.575449 0.025981 -0.271736 -0.006989 0.998295 -0.048262 0.032093
1788249860.322316170 -4.574038 0.025286 -0.279428 -0.007269 0.998222 -0.048605 0.033739
1788249860.355656385 -4.571238 0.025230 -0.288636 -0.007050 0.998168 -0.048708 0.035197
1788249860.388995647 -4.569543 0.023506 -0.295610 -0.006658 0.998125 -0.048533 0.036694
1788249860.422336102 -4.567973 0.023375 -0.302083 -0.006616 0.998022 -0.048905 0.038951
1788249860.455676317 -4.567233 0.023019 -0.309889 -0.006399 0.997908 -0.049182 0.041461
1788249860.489016771 -4.564459 0.021270 -0.318052 -0.006489 0.997837 -0.049060 0.043282
1788249860.522356987 -4.560362 0.021302 -0.326540 -0.006958 0.997746 -0.049237 0.045055
1788249860.555697203 -4.556592 0.020809 -0.335769 -0.007344 0.997626 -0.049321 0.047504
1788249860.589037657 -4.553711 0.021232 -0.342115 -0.007552 0.997511 -0.049329 0.049820
1788249860.622378111 -4.550607 0.020322 -0.350344 -0.007751 0.997392 -0.049790 0.051666
1788249860.655718327 -4.549085 0.019521 -0.357545 -0.007863 0.997220 -0.050508 0.054216
1788249860.689058781 -4.545282 0.018683 -0.363352 -0.007890 0.997057 -0.051021 0.056678
1788249860.722398758 -4.542281 0.017095 -0.370235 -0.008151 0.996917 -0.051440 0.058687
1788249860.789079428 -4.534110 0.016847 -0.384995 -0.009156 0.996619 -0.051688 0.063208
1788249860.822418451 -4.531554 0.015532 -0.394762 -0.009174 0.996480 -0.051410 0.065573
1788249860.855759621 -4.530551 0.014889 -0.403478 -0.008890 0.996342 -0.051137 0.067886
1788249860.889101028 -4.527873 0.014983 -0.413338 -0.008559 0.996221 -0.050621 0.070060
1788249860.922442198 -4.526096 0.013980 -0.421837 -0.008057 0.996105 -0.049672 0.072407
1788249860.955783129 -4.523669 0.014806 -0.431192 -0.008224 0.995970 -0.049548 0.074309
1788249860.989124298 -4.519629 0.013580 -0.441423 -0.008759 0.995786 -0.049954 0.076408
1788249861.022465467 -4.519383 0.011880 -0.447993 -0.009033 0.995545 -0.049899 0.079491
1788249861.055806637 -4.515571 0.012322 -0.457658 -0.009014 0.995380 -0.049699 0.081660
1788249861.089147568 -4.512581 0.012858 -0.464963 -0.008635 0.995216 -0.049887 0.083563
1788249861.122488737 -4.508741 0.011504 -0.472018 -0.007991 0.995035 -0.049813 0.085788
1788249861.155829668 -4.506605 0.011064 -0.479257 -0.007440 0.994812 -0.049827 0.088378
1788249861.189170837 -4.503379 0.010152 -0.486895 -0.007803 0.994588 -0.050388 0.090526
1788249861.222511768 -4.501420 0.008777 -0.494044 -0.008227 0.994364 -0.050466 0.092873
1788249861.255851984 -4.497995 0.007321 -0.503337 -0.008046 0.994170 -0.049827 0.095285
1788249861.289193153 -4.494674 0.008689 -0.513901 -0.007750 0.993982 -0.049350 0.097490
1788249861.322534084 -4.493407 0.008589 -0.523437 -0.007257 0.993791 -0.048727 0.099757
1788249861.355875254 -4.491026 0.007370 -0.533085 -0.006792 0.993567 -0.048383 0.102161
1788249861.389216185 -4.488989 0.007368 -0.542804 -0.006612 0.993353 -0.047961 0.104435
1788249861.422557354 -4.486193 0.007863 -0.553107 -0.006575 0.993130 -0.047968 0.106528
1788249861.455898285 -4.483266 0.007048 -0.560303 -0.006617 0.992879 -0.047899 0.108873
1788249861.489239454 -4.479407 0.007435 -0.569375 -0.006557 0.992634 -0.047945 0.111068
1788249861.522580385 -4.476105 0.005469 -0.574934 -0.006641 0.992420 -0.048274 0.112823
1788249861.555921316 -4.471079 0.005331 -0.582126 -0.006634 0.992170 -0.048732 0.114808
1788249861.589262247 -4.467512 0.005509 -0.589051 -0.006657 0.991903 -0.049123 0.116923
1788249861.622603416 -4.464206 0.004179 -0.594165 -0.006903 0.991589 -0.049583 0.119350
1788249861.655944586 -4.459189 0.001981 -0.599471 -0.007209 0.991286 -0.049610 0.121815
1788249861.689285517 -4.454921 0.002096 -0.607888 -0.007207 0.990948 -0.049897 0.124422
1788249861.722625494 -4.452125 0.002246 -0.614205 -0.006852 0.990591 -0.050278 0.127103
1788249861.755966425 -4.449894 0.000404 -0.620142 -0.006299 0.990221 -0.050482 0.129904
1788249861.789307594 -4.449308 -0.000508 -0.627284 -0.005666 0.989851 -0.050453 0.132728
1788249861.822648525 -4.444280 0.000054 -0.634722 -0.005559 0.989507 -0.050625 0.135211
1788249861.855988264 -4.437093 -0.002030 -0.642078 -0.005979 0.989079 -0.050879 0.138195
1788249861.889328480 -4.433490 -0.002120 -0.648243 -0.006019 0.988559 -0.050834 0.141883
1788249861.922668457 -4.427575 -0.002588 -0.653689 -0.005998 0.988081 -0.050864 0.145164
1788249861.956008196 -4.422321 -0.004281 -0.659622 -0.005901 0.987558 -0.050909 0.148668
1788249861.989348173 -4.417692 -0.004585 -0.667560 -0.005713 0.986989 -0.050644 0.152494
1788249862.022688389 -4.411494 -0.006433 -0.674400 -0.005870 0.986470 -0.050361 0.155902
1788249862.056028366 -4.404126 -0.006908 -0.682141 -0.005925 0.985883 -0.050414 0.159559
1788249862.089368105 -4.399790 -0.005037 -0.690351 -0.005610 0.985162 -0.050416 0.163958
1788249862.122708082 -4.395047 -0.005557 -0.694836 -0.005274 0.984464 -0.049979 0.168240
1788249862.156046867 -4.386367 -0.006635 -0.702632 -0.005288 0.983741 -0.049980 0.172419
1788249862.189386845 -4.382691 -0.005869 -0.709055 -0.005199 0.982955 -0.049770 0.176906
1788249862.222726822 -4.376809 -0.005727 -0.712893 -0.005301 0.982174 -0.049832 0.181172
1788249862.256066561 -4.371188 -0.008124 -0.716927 -0.005636 0.981313 -0.049552 0.185843
1788249862.289406538 -4.363723 -0.009055 -0.723045 -0.005946 0.980443 -0.049092 0.190487
1788249862.322746515 -4.353630 -0.009629 -0.729345 -0.006519 0.979533 -0.048479 0.195250
1788249862.356086493 -4.344234 -0.008110 -0.738209 -0.006739 0.978405 -0.048013 0.200930
1788249862.389425755 -4.340199 -0.009065 -0.743984 -0.007251 0.977266 -0.047931 0.206403
1788249862.422765732 -4.332942 -0.010966 -0.747232 -0.007165 0.976136 -0.047850 0.211701
1788249862.456105471 -4.324669 -0.010265 -0.751641 -0.006925 0.974969 -0.047760 0.217040
1788249862.489445448 -4.317832 -0.011460 -0.756191 -0.006729 0.973678 -0.047699 0.222779
1788249862.522785425 -4.310137 -0.010350 -0.759719 -0.006738 0.972315 -0.048016 0.228590
1788249862.556124687 -4.302783 -0.010325 -0.765914 -0.006453 0.970944 -0.048103 0.234334
1788249862.589464664 -4.291674 -0.007069 -0.772499 -0.006528 0.969598 -0.048470 0.239764
1788249862.622803211 -4.284691 -0.009987 -0.774400 -0.006440 0.968163 -0.048364 0.245522
1788249862.656143188 -4.275357 -0.007172 -0.780751 -0.006112 0.966693 -0.048428 0.251240
1788249862.689482927 -4.268666 -0.007688 -0.787160 -0.006143 0.965155 -0.048337 0.257102
1788249862.722822428 -4.257946 -0.008334 -0.790040 -0.005971 0.963683 -0.048177 0.262599
1788249862.756162167 -4.250076 -0.008776 -0.793165 -0.006290 0.962160 -0.048404 0.268079
1788249862.789501905 -4.239289 -0.008482 -0.799076 -0.006229 0.960538 -0.048502 0.273816
1788249862.822841644 -4.231783 -0.008722 -0.800762 -0.006206 0.958967 -0.048288 0.279306
1788249862.856181860 -4.221433 -0.007738 -0.804564 -0.006086 0.957365 -0.048551 0.284706
1788249862.889521837 -4.213280 -0.009316 -0.808487 -0.005900 0.955549 -0.048388 0.290773
1788249862.922862053 -4.206910 -0.009853 -0.812008 -0.005518 0.953660 -0.048580 0.296886
1788249862.956202269 -4.198332 -0.010651 -0.815415 -0.005241 0.951808 -0.048945 0.302720
1788249862.989542246 -4.190183 -0.011042 -0.818340 -0.004714 0.949835 -0.048782 0.308887
1788249863.022882462 -4.181309 -0.009642 -0.820732 -0.004363 0.948025 -0.048900 0.314385
1788249863.056221485 -4.174079 -0.009279 -0.824985 -0.004138 0.946142 -0.049048 0.319987
1788249863.089561701 -4.165442 -0.009771 -0.828472 -0.003985 0.944500 -0.048733 0.324853
1788249863.122901678 -4.157110 -0.011230 -0.829980 -0.004327 0.943219 -0.048933 0.328518
1788249863.156241894 -4.149510 -0.011628 -0.834594 -0.004445 0.941690 -0.049051 0.332858
1788249863.189581633 -4.141232 -0.011530 -0.838467 -0.004284 0.940151 -0.048803 0.337219
1788249863.222921848 -4.134984 -0.012262 -0.839693 -0.004013 0.938926 -0.048712 0.340630
1788249863.256261826 -4.128610 -0.013247 -0.842177 -0.003863 0.937657 -0.048602 0.344126
1788249863.289601803 -4.119393 -0.012346 -0.845469 -0.003728 0.936393 -0.048503 0.347566
1788249863.322941780 -4.112863 -0.013893 -0.849311 -0.004056 0.935089 -0.048461 0.351060
1788249863.356281996 -4.102945 -0.013444 -0.853304 -0.004067 0.933698 -0.048556 0.354731
1788249863.389621496 -4.096462 -0.014157 -0.855543 -0.003971 0.932335 -0.048435 0.358315
1788249863.422961712 -4.089365 -0.013252 -0.859812 -0.003642 0.931102 -0.048540 0.361497
1788249863.456301689 -4.083470 -0.013287 -0.862474 -0.003424 0.929670 -0.048825 0.365128
1788249863.489640474 -4.075754 -0.013188 -0.865218 -0.003128 0.928227 -0.048860 0.368780
1788249863.522980452 -4.070982 -0.012680 -0.869389 -0.003107 0.926884 -0.048894 0.372136
1788249863.556320429 -4.063027 -0.011599 -0.871074 -0.003517 0.925453 -0.049078 0.375654
1788249863.589660168 -4.053613 -0.012594 -0.875773 -0.003659 0.923852 -0.048714 0.379621
1788249863.623000383 -4.044466 -0.013150 -0.876557 -0.003674 0.922624 -0.048159 0.382665
1788249863.656340122 -4.035674 -0.013635 -0.879968 -0.003635 0.921062 -0.048028 0.386426
1788249863.689680099 -4.026892 -0.013901 -0.882550 -0.003687 0.919551 -0.047928 0.390020
1788249863.723019838 -4.019075 -0.013967 -0.885292 -0.003553 0.918248 -0.047819 0.393092
1788249863.756359816 -4.012682 -0.012597 -0.888961 -0.003516 0.916700 -0.048146 0.396648
1788249863.789699793 -4.003786 -0.013032 -0.890865 -0.003374 0.915200 -0.047814 0.400140
1788249863.823039293 -3.997834 -0.012449 -0.895891 -0.003191 0.913560 -0.047840 0.403868
1788249863.856379271 -3.990626 -0.013260 -0.898387 -0.003098 0.911912 -0.048050 0.407551
1788249863.889719486 -3.983364 -0.014442 -0.901125 -0.002789 0.910275 -0.047743 0.411233
1788249863.923059225 -3.976879 -0.014844 -0.903226 -0.002429 0.908820 -0.047559 0.414461
1788249863.956398249 -3.969187 -0.015701 -0.907912 -0.002627 0.907108 -0.047887 0.418157
1788249863.989737988 -3.960938 -0.013227 -0.909441 -0.002335 0.905386 -0.047960 0.421866
1788249864.023078203 -3.953475 -0.013247 -0.912595 -0.002010 0.903781 -0.047865 0.425306
1788249864.056418180 -3.946544 -0.013927 -0.913766 -0.002087 0.902082 -0.048180 0.428862
1788249864.089758158 -3.939195 -0.013627 -0.914981 -0.001801 0.900302 -0.048143 0.432593
1788249864.123097897 -3.930127 -0.012200 -0.919199 -0.001511 0.898700 -0.048081 0.435917
1788249864.156437874 -3.923768 -0.013591 -0.919193 -0.001803 0.897082 -0.047905 0.439256
1788249864.189777851 -3.914649 -0.013454 -0.921135 -0.002053 0.895150 -0.047913 0.443177
1788249864.223117352 -3.906675 -0.015032 -0.922175 -0.002273 0.893388 -0.047575 0.446755
1788249864.256457329 -3.897704 -0.014708 -0.923248 -0.002214 0.891625 -0.047474 0.450274
1788249864.289797306 -3.890280 -0.014156 -0.924880 -0.002036 0.889743 -0.047306 0.454000
1788249864.323137045 -3.880668 -0.016286 -0.925976 -0.002292 0.888129 -0.046918 0.457188
1788249864.356477022 -3.873811 -0.016703 -0.926647 -0.002396 0.886418 -0.046853 0.460502
1788249864.389815569 -3.864864 -0.016268 -0.927330 -0.002613 0.884504 -0.047025 0.464149
1788249864.423155546 -3.857527 -0.015068 -0.927758 -0.002415 0.882688 -0.047231 0.467574
1788249864.456495523 -3.850195 -0.017254 -0.930242 -0.002120 0.880753 -0.047380 0.471195
1788249864.489835024 -3.842063 -0.017080 -0.932225 -0.001706 0.878734 -0.047566 0.474932
1788249864.523175001 -3.836070 -0.016213 -0.933475 -0.001122 0.877186 -0.047593 0.477785
1788249864.556514502 -3.829195 -0.016846 -0.933991 -0.000850 0.876083 -0.047776 0.479788
1788249864.589854240 -3.820842 -0.017262 -0.937364 -0.000982 0.874737 -0.048125 0.482201
1788249864.623193979 -3.813391 -0.017019 -0.938314 -0.000918 0.873450 -0.048222 0.484520
1788249864.656533957 -3.806466 -0.018426 -0.941263 -0.000832 0.872175 -0.048005 0.486833
1788249864.689873457 -3.798836 -0.019290 -0.941504 -0.000999 0.871014 -0.048132 0.488894
1788249864.723213196 -3.788960 -0.017968 -0.944575 -0.001086 0.869711 -0.048141 0.491207
1788249864.756552696 -3.781912 -0.018924 -0.946867 -0.001455 0.868503 -0.047820 0.493370
1788249864.789892435 -3.773094 -0.018537 -0.948231 -0.001894 0.867146 -0.048074 0.495725
1788249864.823230982 -3.763070 -0.018202 -0.946118 -0.002111 0.866005 -0.048205 0.497701
1788249864.856571198 -3.757086 -0.019127 -0.947993 -0.002019 0.864662 -0.047713 0.500080
1788249864.889911175 -3.748674 -0.020960 -0.948662 -0.002007 0.863485 -0.047578 0.502122
1788249864.923251390 -3.740246 -0.019081 -0.953785 -0.001577 0.862126 -0.047753 0.504437
1788249864.956591368 -3.733942 -0.019529 -0.955212 -0.001332 0.860838 -0.047643 0.506642
1788249864.989931583 -3.723908 -0.019821 -0.957156 -0.001418 0.859647 -0.047573 0.508667
1788249865.023271561 -3.717349 -0.020580 -0.960219 -0.001605 0.858299 -0.047771 0.510919
1788249865.056611776 -3.708969 -0.021591 -0.963661 -0.001778 0.856807 -0.047538 0.513438
1788249865.089951754 -3.700780 -0.021842 -0.963899 -0.001878 0.855699 -0.047309 0.515303
1788249865.123291492 -3.691617 -0.020454 -0.964189 -0.002047 0.854549 -0.047527 0.517188
1788249865.156631708 -3.683589 -0.020441 -0.964436 -0.001989 0.853181 -0.047646 0.519430
1788249865.189971924 -3.676512 -0.022593 -0.966966 -0.002103 0.851872 -0.047126 0.521622
1788249865.223311663 -3.667181 -0.022852 -0.968885 -0.002342 0.850600 -0.047128 0.523692
1788249865.256651640 -3.657571 -0.021434 -0.969133 -0.002495 0.849065 -0.047409 0.526151
1788249865.289990425 -3.650565 -0.024155 -0.970701 -0.002606 0.847618 -0.046930 0.528521
1788249865.323330641 -3.643674 -0.023930 -0.969316 -0.002402 0.846498 -0.046755 0.530330
1788249865.356670618 -3.634030 -0.022294 -0.973080 -0.002102 0.844994 -0.047013 0.532701
1788249865.390010595 -3.627401 -0.022372 -0.975930 -0.001872 0.843485 -0.047035 0.535087
1788249865.423350096 -3.620163 -0.023086 -0.976878 -0.001631 0.842322 -0.046872 0.536931
1788249865.456690311 -3.611988 -0.022115 -0.977310 -0.001713 0.841284 -0.047163 0.538529
1788249865.490030289 -3.605206 -0.023788 -0.979153 -0.001686 0.839950 -0.047112 0.540612
1788249865.523370028 -3.595371 -0.021946 -0.982933 -0.001646 0.838574 -0.047121 0.542744
1788249865.556709766 -3.587554 -0.020859 -0.983196 -0.001586 0.837466 -0.047125 0.544451
1788249865.590049744 -3.579767 -0.021229 -0.983919 -0.001695 0.836181 -0.047041 0.546431
1788249865.623389482 -3.570113 -0.021535 -0.986643 -0.001718 0.834810 -0.046732 0.548549
1788249865.656729460 -3.560625 -0.020027 -0.989515 -0.001680 0.833590 -0.046608 0.550411
1788249865.690069199 -3.554923 -0.019439 -0.989510 -0.001474 0.832732 -0.046724 0.551700
1788249865.723407745 -3.545563 -0.020399 -0.989985 -0.001530 0.831787 -0.046882 0.553110
1788249865.756747723 -3.536500 -0.019519 -0.990597 -0.001619 0.830722 -0.046995 0.554698
1788249865.790087461 -3.527174 -0.021914 -0.995541 -0.001437 0.829512 -0.046478 0.556550
1788249865.823427200 -3.521355 -0.023135 -0.997326 -0.001258 0.828411 -0.046544 0.558182
1788249865.856767654 -3.515112 -0.025217 -0.998179 -0.001226 0.827416 -0.046174 0.559687
1788249865.890108109 -3.504494 -0.023687 -1.000942 -0.001478 0.826324 -0.046476 0.561272
1788249865.923448801 -3.496743 -0.024296 -1.002136 -0.001865 0.825114 -0.046760 0.563026
1788249865.956788778 -3.488479 -0.023077 -1.001064 -0.002106 0.824064 -0.046795 0.564557
1788249865.990129232 -3.479335 -0.022600 -1.003853 -0.002365 0.822911 -0.046392 0.566268
1788249866.023469925 -3.469344 -0.021903 -1.006541 -0.002380 0.821706 -0.046150 0.568036
1788249866.056810141 -3.463692 -0.022262 -1.006511 -0.002013 0.820601 -0.045940 0.569649
1788249866.090150595 -3.453758 -0.020594 -1.009819 -0.001585 0.819484 -0.045668 0.571277
1788249866.123490810 -3.445728 -0.023493 -1.010031 -0.001680 0.818625 -0.045403 0.572529
1788249866.156830072 -3.437027 -0.022709 -1.009898 -0.001795 0.817582 -0.045773 0.573987
1788249866.190170765 -3.426632 -0.020225 -1.012836 -0.001888 0.816199 -0.045755 0.575954
1788249866.223511219 -3.417607 -0.019846 -1.012577 -0.001997 0.815240 -0.045162 0.577356
1788249866.256851196 -3.408146 -0.021181 -1.016109 -0.002088 0.814250 -0.044973 0.578766
1788249866.290191650 -3.402285 -0.023200 -1.017979 -0.001884 0.813563 -0.044963 0.579732
1788249866.323532104 -3.393235 -0.022073 -1.018503 -0.001862 0.812905 -0.044765 0.580670
1788249866.356872320 -3.385092 -0.023605 -1.020463 -0.002220 0.812227 -0.044482 0.581639
1788249866.390212774 -3.376565 -0.022855 -1.023108 -0.002346 0.811396 -0.044747 0.582777
1788249866.423553228 -3.368789 -0.022087 -1.024199 -0.002320 0.810581 -0.044706 0.583913
1788249866.456893206 -3.360055 -0.022082 -1.027967 -0.002282 0.809776 -0.044572 0.585039
1788249866.490233660 -3.350117 -0.021713 -1.028544 -0.002124 0.809209 -0.044392 0.585837
1788249866.523573875 -3.342140 -0.021389 -1.031176 -0.001806 0.808365 -0.044362 0.587006
1788249866.556914330 -3.335387 -0.022735 -1.032679 -0.001626 0.807659 -0.044247 0.587985
1788249866.590254545 -3.325953 -0.021392 -1.036533 -0.001525 0.807061 -0.044184 0.588811
1788249866.623593807 -3.318598 -0.021815 -1.038955 -0.001866 0.806400 -0.044372 0.589701
1788249866.656934023 -3.308432 -0.021474 -1.038980 -0.002328 0.805716 -0.044517 0.590622
1788249866.690274239 -3.298555 -0.020497 -1.041492 -0.002557 0.805060 -0.044078 0.591547
1788249866.723614693 -3.288977 -0.020004 -1.043834 -0.002748 0.804531 -0.043594 0.592302
1788249866.756954670 -3.282416 -0.019977 -1.044491 -0.002729 0.804147 -0.043688 0.592817
1788249866.790295124 -3.273631 -0.020920 -1.045536 -0.002480 0.803679 -0.043565 0.593461
1788249866.823635101 -3.264827 -0.022178 -1.047406 -0.002398 0.803180 -0.043098 0.594171
1788249866.856975794 -3.257338 -0.022278 -1.048794 -0.002697 0.802811 -0.042969 0.594677
1788249866.890316248 -3.248896 -0.022804 -1.050165 -0.002869 0.802332 -0.043081 0.595314
1788249866.923656464 -3.240280 -0.022683 -1.052115 -0.003058 0.801671 -0.043231 0.596193
1788249866.956996918 -3.230642 -0.021973 -1.053986 -0.003373 0.801075 -0.043234 0.596990
1788249866.990337372 -3.222603 -0.020799 -1.055730 -0.003215 0.800600 -0.043368 0.597619
1788249867.023677826 -3.214693 -0.020952 -1.057194 -0.002738 0.800096 -0.043385 0.598295
1788249867.057017088 -3.206858 -0.022616 -1.060790 -0.002333 0.799630 -0.043132 0.598937
1788249867.090357542 -3.199264 -0.023311 -1.061242 -0.002153 0.799446 -0.042962 0.599196
1788249867.123697758 -3.190452 -0.022331 -1.065331 -0.002219 0.798871 -0.043255 0.599941
1788249867.157038212 -3.181614 -0.021778 -1.066063 -0.002511 0.798269 -0.043384 0.600732
1788249867.190378666 -3.171658 -0.021885 -1.068047 -0.002991 0.797639 -0.043158 0.601582
1788249867.223718882 -3.164158 -0.021237 -1.067206 -0.003458 0.797280 -0.043172 0.602054
1788249867.257059097 -3.155326 -0.020740 -1.070874 -0.003308 0.796630 -0.043209 0.602912
1788249867.290399551 -3.145474 -0.020576 -1.073626 -0.003117 0.795917 -0.043203 0.603854
1788249867.323739767 -3.137472 -0.019907 -1.076761 -0.002651 0.795344 -0.042774 0.604641
1788249867.357080221 -3.128511 -0.018633 -1.079760 -0.002450 0.795116 -0.042494 0.604962
1788249867.390420675 -3.120154 -0.020412 -1.080719 -0.002472 0.794807 -0.042279 0.605382
1788249867.423760653 -3.111538 -0.020465 -1.080589 -0.002738 0.794355 -0.042352 0.605969
1788249867.457100868 -3.101077 -0.020840 -1.082492 -0.003266 0.793838 -0.041747 0.606686
1788249867.490440369 -3.092815 -0.022579 -1.082162 -0.003843 0.793532 -0.041202 0.607121
1788249867.523780823 -3.083006 -0.019682 -1.086355 -0.003405 0.792963 -0.041416 0.607852
1788249867.557120562 -3.074625 -0.019738 -1.090357 -0.003248 0.792242 -0.041524 0.608784
1788249867.590461016 -3.066872 -0.019812 -1.090226 -0.003310 0.791921 -0.041358 0.609212
1788249867.623801231 -3.057152 -0.020110 -1.091681 -0.003562 0.791470 -0.041303 0.609801
1788249867.657141447 -3.048102 -0.020212 -1.092758 -0.003546 0.791010 -0.041556 0.610380
1788249867.690481424 -3.039521 -0.019152 -1.096477 -0.003252 0.790435 -0.041368 0.611139
1788249867.723821878 -3.028753 -0.020039 -1.097890 -0.003497 0.789972 -0.040998 0.611761
1788249867.757162094 -3.021313 -0.020838 -1.098696 -0.003480 0.789498 -0.040826 0.612384
1788249867.790502310 -3.013298 -0.021313 -1.100726 -0.003389 0.788833 -0.040981 0.613231
1788249867.823842525 -3.004001 -0.019472 -1.102771 -0.002920 0.788280 -0.040997 0.613942
1788249867.857182503 -2.997479 -0.019679 -1.102396 -0.002931 0.787916 -0.041306 0.614388
1788249867.890522718 -2.990460 -0.021302 -1.103894 -0.002923 0.787438 -0.041446 0.614992
1788249867.923861980 -2.983613 -0.019533 -1.105282 -0.002576 0.786835 -0.042048 0.615724
1788249867.957201958 -2.975167 -0.018789 -1.110320 -0.002266 0.786147 -0.042028 0.616605
1788249867.990542173 -2.967561 -0.019301 -1.111835 -0.002002 0.785792 -0.041953 0.617064
1788249868.023882389 -2.959407 -0.019682 -1.111600 -0.001791 0.785472 -0.042210 0.617454
1788249868.057222605 -2.950176 -0.022637 -1.112909 -0.001831 0.784924 -0.042107 0.618157
1788249868.090562582 -2.942437 -0.021679 -1.113342 -0.001766 0.784485 -0.042208 0.618707
1788249868.123902559 -2.934532 -0.022245 -1.116486 -0.001870 0.784024 -0.042056 0.619301
1788249868.157242775 -2.926188 -0.021822 -1.117400 -0.002003 0.783518 -0.042485 0.619912
1788249868.190582991 -2.917313 -0.023283 -1.117671 -0.002220 0.782922 -0.042546 0.620660
1788249868.223922968 -2.907636 -0.023395 -1.117305 -0.002549 0.782478 -0.042470 0.621223
1788249868.257262945 -2.897933 -0.024092 -1.120797 -0.002726 0.781908 -0.042301 0.621952
1788249868.290603161 -2.891183 -0.024141 -1.121190 -0.002424 0.781555 -0.042386 0.622389
1788249868.323943138 -2.882388 -0.024580 -1.122065 -0.002244 0.781078 -0.042275 0.622997
1788249868.357283115 -2.875015 -0.022745 -1.124312 -0.001943 0.780521 -0.042215 0.623699
1788249868.390622139 -2.865993 -0.024408 -1.127157 -0.001939 0.779971 -0.041812 0.624415
1788249868.423961878 -2.857585 -0.025821 -1.127509 -0.002194 0.779514 -0.041911 0.624977
1788249868.457302094 -2.848305 -0.025671 -1.129468 -0.002438 0.778824 -0.041727 0.625848
1788249868.490642309 -2.838567 -0.024975 -1.128788 -0.002989 0.778476 -0.041735 0.626278
1788249868.523982048 -2.830506 -0.026375 -1.128212 -0.003325 0.778092 -0.041694 0.626756
1788249868.557322025 -2.821809 -0.026336 -1.131853 -0.003251 0.777330 -0.041596 0.627708
1788249868.590662003 -2.812863 -0.024332 -1.132970 -0.002856 0.776918 -0.041423 0.628231
1788249868.624002218 -2.804217 -0.024776 -1.135006 -0.002671 0.776601 -0.041287 0.628632
1788249868.657341719 -2.796043 -0.024514 -1.136746 -0.002322 0.776103 -0.041424 0.629240
1788249868.690681696 -2.787815 -0.025781 -1.136811 -0.002392 0.775520 -0.041501 0.629953
1788249868.724021912 -2.777697 -0.025216 -1.138385 -0.002233 0.775002 -0.041285 0.630605
1788249868.757361889 -2.770899 -0.024627 -1.141393 -0.002084 0.774481 -0.041279 0.631245
1788249868.790701389 -2.762895 -0.024350 -1.140704 -0.001959 0.773992 -0.041584 0.631825
1788249868.824040413 -2.752728 -0.022286 -1.143119 -0.001713 0.773284 -0.041856 0.632675
1788249868.857380867 -2.744638 -0.021396 -1.144234 -0.001573 0.772778 -0.041730 0.633301
1788249868.890721560 -2.736976 -0.022357 -1.146301 -0.001613 0.772446 -0.041504 0.633721
1788249868.924062014 -2.727565 -0.022950 -1.147360 -0.001511 0.772061 -0.041587 0.634184
1788249868.957402468 -2.720204 -0.022357 -1.147141 -0.001606 0.771491 -0.041823 0.634862
1788249868.990743160 -2.711971 -0.021587 -1.149466 -0.001623 0.770886 -0.041619 0.635610
1788249869.024083614 -2.702910 -0.021681 -1.152304 -0.001497 0.770420 -0.041246 0.636200
1788249869.057424068 -2.695161 -0.022792 -1.153894 -0.001445 0.769957 -0.041240 0.636760
1788249869.090764284 -2.686630 -0.020516 -1.154189 -0.000974 0.769360 -0.041388 0.637473
1788249869.124104977 -2.678066 -0.020600 -1.155107 -0.001172 0.768958 -0.041367 0.637958
1788249869.157445431 -2.668993 -0.021703 -1.156456 -0.001524 0.768516 -0.041572 0.638477
1788249869.190785885 -2.661030 -0.024053 -1.156022 -0.001733 0.768016 -0.041607 0.639075
1788249869.224126339 -2.651757 -0.022938 -1.155610 -0.001779 0.767588 -0.041813 0.639575
1788249869.257465601 -2.644524 -0.023919 -1.157503 -0.001858 0.767113 -0.041693 0.640153
1788249869.290806293 -2.637150 -0.024972 -1.158687 -0.001730 0.766596 -0.041614 0.640778
1788249869.324146509 -2.626243 -0.022156 -1.160959 -0.001123 0.765964 -0.041702 0.641529
1788249869.357486963 -2.617918 -0.024281 -1.162788 -0.001281 0.765480 -0.041444 0.642123
1788249869.390827656 -2.610539 -0.023317 -1.163230 -0.001379 0.765067 -0.041768 0.642594
1788249869.424167871 -2.601283 -0.022415 -1.161604 -0.001634 0.764546 -0.042388 0.643172
1788249869.457508326 -2.592188 -0.022190 -1.162322 -0.001896 0.763786 -0.042446 0.644069
1788249869.490848541 -2.582315 -0.020480 -1.161822 -0.002228 0.763350 -0.042249 0.644598
1788249869.524188995 -2.574168 -0.020758 -1.162872 -0.002283 0.762928 -0.042102 0.645107
1788249869.557529449 -2.564708 -0.019409 -1.164911 -0.001820 0.762340 -0.042296 0.645790
1788249869.590869665 -2.556414 -0.019324 -1.166687 -0.001486 0.761783 -0.042120 0.646460
1788249869.624210119 -2.548935 -0.020994 -1.168641 -0.001230 0.761316 -0.041515 0.647050
1788249869.657550335 -2.541921 -0.019889 -1.170237 -0.000873 0.760935 -0.041752 0.647483
1788249869.690890789 -2.532312 -0.020893 -1.168164 -0.000988 0.760517 -0.041990 0.647958
1788249869.724230051 -2.522219 -0.018970 -1.170743 -0.001200 0.759640 -0.042125 0.648977
1788249869.757570267 -2.512633 -0.019011 -1.171446 -0.001563 0.759222 -0.041870 0.649482
1788249869.790910482 -2.503250 -0.018109 -1.172639 -0.001789 0.758733 -0.041602 0.650070
1788249869.824250698 -2.493857 -0.017519 -1.173239 -0.001775 0.758190 -0.041440 0.650713
1788249869.857591152 -2.485765 -0.018552 -1.175704 -0.001623 0.757635 -0.041144 0.651378
1788249869.890931368 -2.477708 -0.017960 -1.177505 -0.001735 0.757206 -0.040922 0.651890
1788249869.924271584 -2.468041 -0.018196 -1.177490 -0.001897 0.756763 -0.041009 0.652399
1788249869.957611561 -2.460920 -0.018626 -1.176755 -0.001660 0.756258 -0.041196 0.652974
1788249869.990951777 -2.452867 -0.017740 -1.177800 -0.001635 0.755662 -0.041407 0.653649
1788249870.024292231 -2.442950 -0.017093 -1.180145 -0.001517 0.755112 -0.041228 0.654297
1788249870.057632208 -2.434620 -0.019013 -1.178392 -0.001616 0.754777 -0.041236 0.654682
1788249870.090972185 -2.427179 -0.018341 -1.178397 -0.001526 0.754136 -0.041384 0.655411
1788249870.124312401 -2.418888 -0.017995 -1.179984 -0.001428 0.753564 -0.041098 0.656087
1788249870.157651901 -2.410387 -0.016665 -1.179834 -0.001338 0.753366 -0.041087 0.656315
1788249870.190991640 -2.400958 -0.017715 -1.181146 -0.001470 0.752848 -0.040933 0.656918
1788249870.224331856 -2.392017 -0.018724 -1.180887 -0.001730 0.752320 -0.040833 0.657529
1788249870.257672071 -2.382016 -0.018083 -1.183041 -0.001837 0.751713 -0.040384 0.658250
1788249870.291012049 -2.373350 -0.018644 -1.183385 -0.001907 0.751385 -0.040011 0.658647
1788249870.324352026 -2.364801 -0.017570 -1.183579 -0.001926 0.750904 -0.040307 0.659178
1788249870.357692003 -2.355725 -0.016682 -1.183535 -0.002061 0.750295 -0.040410 0.659864
1788249870.391032219 -2.346291 -0.016252 -1.184795 -0.002481 0.749782 -0.040040 0.660468
1788249870.424372196 -2.336936 -0.016977 -1.183448 -0.002935 0.749495 -0.039739 0.660809
1788249870.457712173 -2.328015 -0.017995 -1.183871 -0.003220 0.748756 -0.039792 0.661642
1788249870.491052151 -2.320413 -0.017829 -1.184458 -0.003278 0.748109 -0.039734 0.662377
1788249870.524392366 -2.310291 -0.015927 -1.186300 -0.003140 0.747546 -0.039364 0.663035
1788249870.557732105 -2.301753 -0.015018 -1.186492 -0.002919 0.746965 -0.039358 0.663691
1788249870.591072083 -2.295326 -0.015663 -1.188001 -0.002368 0.746305 -0.039507 0.664426
1788249870.624411106 -2.286818 -0.015779 -1.188812 -0.002140 0.745772 -0.039498 0.665026
1788249870.657751083 -2.278594 -0.015086 -1.189308 -0.002209 0.745302 -0.039601 0.665547
1788249870.691091061 -2.271453 -0.014860 -1.189813 -0.002334 0.744677 -0.039678 0.666240
1788249870.724431038 -2.261697 -0.016130 -1.189588 -0.002451 0.744026 -0.039446 0.666981
1788249870.757770777 -2.251376 -0.015202 -1.188491 -0.002563 0.743571 -0.039144 0.667505
1788249870.791110754 -2.241882 -0.014645 -1.191353 -0.002406 0.742945 -0.038960 0.668213
1788249870.824450731 -2.235317 -0.016544 -1.191937 -0.002293 0.742473 -0.038771 0.668749
1788249870.857790947 -2.225623 -0.016990 -1.191879 -0.002085 0.741899 -0.038391 0.669408
1788249870.891131163 -2.217438 -0.015569 -1.193777 -0.001644 0.741305 -0.038085 0.670085
1788249870.924471617 -2.210975 -0.017020 -1.195662 -0.001897 0.740983 -0.037943 0.670449
1788249870.957811832 -2.202991 -0.015214 -1.193727 -0.001978 0.740559 -0.038381 0.670892
1788249870.991152048 -2.191256 -0.014692 -1.194084 -0.002069 0.739833 -0.038093 0.671708
1788249871.024492502 -2.181823 -0.013125 -1.197355 -0.002157 0.738968 -0.037470 0.672694
1788249871.057831526 -2.174183 -0.014090 -1.197964 -0.002319 0.738658 -0.037133 0.673053
1788249871.091171741 -2.165439 -0.013686 -1.198026 -0.002001 0.738233 -0.037241 0.673514
1788249871.124511957 -2.157268 -0.013657 -1.196345 -0.002043 0.737875 -0.036993 0.673920
1788249871.157852173 -2.146974 -0.013436 -1.198459 -0.002294 0.737270 -0.036704 0.674597
1788249871.191192150 -2.136546 -0.014606 -1.199219 -0.002416 0.736739 -0.036612 0.675181
1788249871.224532604 -2.129653 -0.014620 -1.200836 -0.002320 0.735918 -0.036991 0.676055
1788249871.257872820 -2.122423 -0.015088 -1.197704 -0.002454 0.735520 -0.037245 0.676474
1788249871.291212559 -2.113462 -0.015198 -1.197053 -0.002612 0.735017 -0.037029 0.677032
1788249871.324552774 -2.104690 -0.014604 -1.198361 -0.002145 0.734341 -0.036964 0.677770
1788249871.357892990 -2.097403 -0.014291 -1.199118 -0.001613 0.733849 -0.036951 0.678305
1788249871.391233444 -2.090855 -0.016313 -1.201139 -0.001460 0.733341 -0.036521 0.678878
1788249871.424573183 -2.078956 -0.015543 -1.203670 -0.001425 0.732690 -0.036302 0.679593
1788249871.457913399 -2.071356 -0.014424 -1.203392 -0.001216 0.732284 -0.036163 0.680038
1788249871.491252422 -2.062286 -0.015594 -1.201665 -0.001475 0.731833 -0.036122 0.680525
1788249871.524592400 -2.054251 -0.014687 -1.199478 -0.001655 0.731495 -0.036161 0.680885
1788249871.557932377 -2.046602 -0.014462 -1.199777 -0.001823 0.730971 -0.036308 0.681440
1788249871.591272593 -2.036583 -0.012977 -1.199654 -0.001603 0.730407 -0.036304 0.682045
1788249871.624612808 -2.027934 -0.012546 -1.200952 -0.001589 0.729695 -0.035998 0.682823
1788249871.657952547 -2.018246 -0.012593 -1.201290 -0.001842 0.729307 -0.035447 0.683265
1788249871.691292524 -2.009852 -0.012565 -1.200300 -0.001910 0.729061 -0.035217 0.683539
1788249871.724632740 -2.000006 -0.010978 -1.201352 -0.001734 0.728492 -0.035137 0.684151
1788249871.757972479 -1.991590 -0.011458 -1.201091 -0.002065 0.727801 -0.034802 0.684902
1788249871.791312456 -1.981299 -0.011634 -1.202040 -0.002246 0.727144 -0.034367 0.685620
1788249871.824652433 -1.973500 -0.012764 -1.201417 -0.002099 0.726863 -0.034304 0.685922
1788249871.858002901 -1.966731 -0.011955 -1.201982 -0.001732 0.726276 -0.034378 0.686541
1788249871.891353369 -1.957613 -0.011047 -1.202178 -0.001617 0.725638 -0.034079 0.687230
1788249871.924703598 -1.946906 -0.010392 -1.202936 -0.001912 0.725141 -0.033844 0.687765
1788249871.958053350 -1.938108 -0.011474 -1.200504 -0.002114 0.724846 -0.033838 0.688076
1788249871.991403818 -1.929183 -0.011340 -1.200022 -0.002123 0.724258 -0.033986 0.688688
1788249872.024754524 -1.919166 -0.010889 -1.202317 -0.002318 0.723605 -0.033566 0.689394
1788249872.058105230 -1.909217 -0.010375 -1.201839 -0.002824 0.723165 -0.033315 0.689866
1788249872.091455936 -1.900863 -0.009033 -1.201011 -0.002563 0.722675 -0.033347 0.690379
1788249872.124806881 -1.893168 -0.010342 -1.202132 -0.002537 0.721944 -0.033303 0.691145
1788249872.158157587 -1.885256 -0.008861 -1.202216 -0.002263 0.721430 -0.033108 0.691692
1788249872.191508293 -1.876256 -0.010396 -1.200094 -0.002587 0.721172 -0.032869 0.691971
1788249872.224859238 -1.868431 -0.011111 -1.199437 -0.002533 0.720503 -0.032989 0.692663
1788249872.258210421 -1.860649 -0.011118 -1.201327 -0.002222 0.719631 -0.033213 0.693559
1788249872.291561365 -1.852583 -0.011416 -1.198933 -0.001846 0.719398 -0.033237 0.693800
1788249872.324912548 -1.844821 -0.010439 -1.200646 -0.001365 0.718955 -0.033333 0.694256
1788249872.358263731 -1.835963 -0.009796 -1.200404 -0.000853 0.718330 -0.033463 0.694897
1788249872.391613722 -1.828325 -0.010160 -1.199616 -0.000793 0.717871 -0.033496 0.695369
1788249872.424965143 -1.819497 -0.009961 -1.200141 -0.000862 0.717405 -0.033451 0.695852
1788249872.458316326 -1.811822 -0.009787 -1.199205 -0.000929 0.717013 -0.033709 0.696244
1788249872.491667747 -1.804528 -0.008951 -1.198019 -0.000967 0.716341 -0.034133 0.696915
1788249872.525019169 -1.794450 -0.009133 -1.198262 -0.001144 0.715528 -0.033886 0.697761
1788249872.558370590 -1.786711 -0.008112 -1.199102 -0.001088 0.715044 -0.033448 0.698278
1788249872.591722250 -1.776372 -0.008851 -1.199839 -0.000900 0.714592 -0.033157 0.698754
1788249872.625073671 -1.767658 -0.008774 -1.198436 -0.000581 0.714292 -0.033160 0.699061
1788249872.658425570 -1.760383 -0.009490 -1.199461 -0.000468 0.713757 -0.032603 0.699634
1788249872.691777229 -1.749640 -0.009953 -1.200708 -0.000953 0.713225 -0.032346 0.700188
1788249872.725129128 -1.740385 -0.010354 -1.198725 -0.001325 0.712773 -0.032398 0.700645
1788249872.758480787 -1.733089 -0.010470 -1.197234 -0.001594 0.712109 -0.032734 0.701304
1788249872.791832685 -1.724164 -0.010969 -1.198202 -0.001702 0.711339 -0.032242 0.702108
1788249872.825183392 -1.715305 -0.010969 -1.197286 -0.001851 0.710802 -0.032007 0.702661
1788249872.858522654 -1.706050 -0.008544 -1.198912 -0.001356 0.710163 -0.032044 0.703306
1788249872.891862392 -1.697546 -0.008669 -1.199110 -0.001079 0.709624 -0.031849 0.703860
1788249872.925201893 -1.691073 -0.010002 -1.198481 -0.001125 0.709386 -0.031599 0.704111
1788249872.958541155 -1.681116 -0.010261 -1.198309 -0.001388 0.708974 -0.031513 0.704528
1788249872.991880655 -1.672157 -0.010409 -1.197075 -0.001832 0.708277 -0.031706 0.705219
1788249873.025219917 -1.662715 -0.010761 -1.195924 -0.002045 0.707695 -0.031517 0.705812
1788249873.058559179 -1.653263 -0.009957 -1.194544 -0.001923 0.707241 -0.031408 0.706272
1788249873.091898441 -1.645784 -0.009144 -1.194093 -0.001588 0.706899 -0.031247 0.706623
1788249873.125237942 -1.636861 -0.008955 -1.196063 -0.001344 0.706351 -0.030945 0.707184
1788249873.158576965 -1.627566 -0.008209 -1.196538 -0.000983 0.706027 -0.030582 0.707524
1788249873.191916466 -1.618617 -0.007138 -1.197241 -0.000739 0.705667 -0.030400 0.707891
1788249873.225255489 -1.611740 -0.008167 -1.198498 -0.000736 0.705369 -0.030527 0.708183
1788249873.258594990 -1.602722 -0.008479 -1.196834 -0.000888 0.705158 -0.030341 0.708400
1788249873.291933060 -1.593909 -0.006579 -1.196039 -0.000887 0.704841 -0.030410 0.708712
1788249873.325272083 -1.584835 -0.007125 -1.196177 -0.000890 0.704462 -0.030148 0.709100
1788249873.358611345 -1.575981 -0.008114 -1.195298 -0.000694 0.704221 -0.030224 0.709337
1788249873.391950130 -1.568919 -0.008487 -1.195399 -0.000389 0.703758 -0.030319 0.709793
1788249873.425289392 -1.561342 -0.008590 -1.194503 -0.000171 0.703656 -0.030184 0.709900
1788249873.458628416 -1.553602 -0.009663 -1.195712 -0.000031 0.703534 -0.029989 0.710029
1788249873.491967678 -1.544829 -0.010597 -1.194911 -0.000002 0.703347 -0.030265 0.710202
1788249873.525306702 -1.536758 -0.010577 -1.195593 0.000349 0.703200 -0.030202 0.710351
1788249873.558645964 -1.528285 -0.011259 -1.196398 0.000267 0.703095 -0.030155 0.710457
1788249873.591984749 -1.519003 -0.009827 -1.196901 0.000420 0.702895 -0.029949 0.710663
1788249873.625323772 -1.510677 -0.009248 -1.198099 0.000828 0.702572 -0.030024 0.710978
1788249873.658662796 -1.503234 -0.009414 -1.197128 0.001201 0.702604 -0.030209 0.710939
1788249873.692001820 -1.495060 -0.009989 -1.194939 0.001197 0.702777 -0.030332 0.710762
1788249873.725339651 -1.489973 -0.009980 -1.195893 0.001178 0.702595 -0.030463 0.710936
1788249873.758678675 -1.480340 -0.009703 -1.194851 0.000953 0.702411 -0.030779 0.711106
1788249873.792017460 -1.471594 -0.008478 -1.194327 0.001113 0.702335 -0.030933 0.711173
1788249873.825356483 -1.460779 -0.008714 -1.195320 0.000951 0.702135 -0.030796 0.711377
1788249873.858702183 -1.452197 -0.009612 -1.195277 0.000542 0.702077 -0.030272 0.711457
1788249873.892048120 -1.442160 -0.008776 -1.194827 0.000500 0.701880 -0.029948 0.711665
1788249873.925394058 -1.435264 -0.008779 -1.195769 0.000772 0.701775 -0.030169 0.711759
1788249873.958740234 -1.426884 -0.008356 -1.195759 0.000833 0.701615 -0.030560 0.711900
1788249873.992086649 -1.418424 -0.008597 -1.194420 0.000701 0.701628 -0.030497 0.711890
1788249874.025432587 -1.409313 -0.007809 -1.193377 0.000340 0.701406 -0.030825 0.712095
1788249874.058779240 -1.401583 -0.008791 -1.193323 -0.000021 0.701107 -0.030958 0.712384
1788249874.092125177 -1.391257 -0.008480 -1.191440 -0.000354 0.701096 -0.031059 0.712390
1788249874.125471830 -1.383736 -0.008620 -1.192130 -0.000614 0.700800 -0.030860 0.712690
1788249874.158817291 -1.373981 -0.007776 -1.191885 -0.000455 0.700507 -0.030800 0.712980
1788249874.192163944 -1.365964 -0.008062 -1.191856 -0.000025 0.700215 -0.031149 0.713252
1788249874.225510597 -1.359902 -0.008094 -1.191050 0.000483 0.700055 -0.031640 0.713388
1788249874.258857489 -1.352931 -0.009108 -1.190228 0.000636 0.699898 -0.031815 0.713534
1788249874.292204142 -1.345597 -0.009627 -1.189494 0.000835 0.699646 -0.032052 0.713769
1788249874.325551271 -1.338907 -0.009736 -1.188083 0.000697 0.699461 -0.032378 0.713936
1788249874.358897924 -1.329078 -0.009517 -1.187019 0.000658 0.699344 -0.032381 0.714051
1788249874.392245054 -1.320726 -0.008584 -1.186792 0.000675 0.699126 -0.032173 0.714274
1788249874.425592184 -1.310503 -0.009532 -1.188413 0.000588 0.698725 -0.031693 0.714688
1788249874.458939314 -1.302484 -0.008674 -1.189196 0.001222 0.698479 -0.031564 0.714933
1788249874.492286682 -1.295715 -0.009652 -1.189354 0.001606 0.698313 -0.031611 0.715093
1788249874.525633574 -1.287751 -0.009233 -1.187842 0.001909 0.698203 -0.031954 0.715184
1788249874.558980942 -1.280225 -0.009658 -1.187507 0.001639 0.697909 -0.032237 0.715459
1788249874.592327595 -1.270935 -0.009395 -1.185916 0.001248 0.697662 -0.032598 0.715684
1788249874.625674963 -1.264100 -0.009886 -1.183546 0.000830 0.697523 -0.032840 0.715809
1788249874.659022331 -1.254415 -0.008895 -1.182533 0.000435 0.697255 -0.032667 0.716079
1788249874.692370176 -1.244186 -0.008004 -1.183806 0.000422 0.696989 -0.032201 0.716358
1788249874.725717783 -1.235911 -0.007903 -1.183563 0.000596 0.696878 -0.031953 0.716477
1788249874.759065628 -1.227352 -0.008483 -1.182761 0.000684 0.696544 -0.031838 0.716807
1788249874.792413473 -1.219689 -0.008943 -1.182130 0.000820 0.696408 -0.031850 0.716938
1788249874.825761318 -1.213187 -0.009763 -1.183706 0.000906 0.696059 -0.032170 0.717263
1788249874.859101534 -1.204220 -0.008785 -1.183087 0.000787 0.695617 -0.032371 0.717682
1788249874.892441988 -1.197278 -0.009600 -1.181643 0.000729 0.695353 -0.032378 0.717939
1788249874.925782442 -1.187751 -0.008086 -1.180863 0.000743 0.695184 -0.032264 0.718107
1788249874.959122658 -1.179073 -0.008952 -1.180796 0.000803 0.695061 -0.031877 0.718244
1788249874.992462873 -1.169676 -0.008049 -1.182252 0.001190 0.694661 -0.031877 0.718629
1788249875.025803328 -1.163115 -0.008854 -1.182361 0.001698 0.694301 -0.031801 0.718980
1788249875.059142590 -1.155806 -0.009423 -1.182619 0.002115 0.693888 -0.031950 0.719370
1788249875.092482567 -1.147220 -0.010058 -1.180720 0.002491 0.693904 -0.031950 0.719354
1788249875.125823021 -1.141045 -0.011118 -1.180741 0.002792 0.693640 -0.032161 0.719598
1788249875.159163475 -1.132588 -0.009329 -1.182326 0.003254 0.693095 -0.032402 0.720110
1788249875.192503452 -1.125894 -0.009628 -1.180229 0.003355 0.693076 -0.032521 0.720123
1788249875.225843906 -1.116666 -0.008902 -1.179401 0.003405 0.692946 -0.032535 0.720247
1788249875.259183884 -1.108809 -0.008598 -1.179294 0.003483 0.692776 -0.032516 0.720411
1788249875.292524338 -1.100486 -0.008961 -1.179949 0.003470 0.692036 -0.032237 0.721135
1788249875.325864315 -1.091599 -0.010037 -1.179479 0.003517 0.691212 -0.032137 0.721928
1788249875.359204769 -1.083319 -0.009779 -1.178195 0.003697 0.690510 -0.032187 0.722597
1788249875.392544985 -1.075440 -0.010612 -1.177230 0.003642 0.689923 -0.031736 0.723177
1788249875.425884962 -1.066323 -0.010497 -1.174776 0.003547 0.689436 -0.031931 0.723634
1788249875.459225178 -1.059385 -0.010067 -1.174685 0.003794 0.688417 -0.032378 0.724582
1788249875.492564440 -1.051183 -0.008939 -1.171995 0.003784 0.687584 -0.032592 0.725363
1788249875.525904417 -1.042448 -0.009308 -1.170681 0.003639 0.686764 -0.032419 0.726148
1788249875.559244633 -1.033468 -0.008413 -1.171218 0.003990 0.685970 -0.032267 0.726903
1788249875.592584848 -1.025422 -0.008629 -1.168665 0.003998 0.685274 -0.032083 0.727567
1788249875.625925064 -1.017439 -0.008523 -1.168579 0.004132 0.684259 -0.031850 0.728531
1788249875.659264803 -1.008621 -0.008018 -1.166830 0.004241 0.683621 -0.032033 0.729121
1788249875.692605019 -1.000376 -0.009215 -1.165118 0.004093 0.682818 -0.032115 0.729871
1788249875.725945234 -0.992223 -0.009267 -1.162215 0.003943 0.682030 -0.031923 0.730616
1788249875.759285450 -0.983508 -0.008963 -1.160600 0.003530 0.681127 -0.032101 0.731453
1788249875.792625189 -0.974122 -0.008885 -1.157828 0.003273 0.680328 -0.032316 0.732188
1788249875.825965405 -0.966686 -0.008517 -1.157150 0.003294 0.679271 -0.032232 0.733172
1788249875.859317303 -0.957749 -0.008234 -1.155002 0.003065 0.678465 -0.031923 0.733932
1788249875.892669201 -0.948106 -0.007904 -1.152481 0.002795 0.677958 -0.031664 0.734413
1788249875.926020384 -0.939722 -0.007654 -1.150533 0.002987 0.677285 -0.031907 0.735023
1788249875.959372759 -0.932079 -0.008191 -1.151002 0.003229 0.676118 -0.031885 0.736097
1788249875.992724895 -0.922952 -0.010210 -1.149387 0.003050 0.675245 -0.031380 0.736920
1788249876.026077032 -0.916463 -0.011136 -1.148094 0.003118 0.674389 -0.031472 0.737698
1788249876.059429169 -0.906730 -0.009993 -1.145432 0.003435 0.673579 -0.031485 0.738436
1788249876.092782021 -0.899332 -0.009310 -1.143713 0.003136 0.672633 -0.031704 0.739290
1788249876.126134396 -0.890265 -0.008615 -1.141179 0.002696 0.672065 -0.031694 0.739808
1788249876.159486771 -0.880227 -0.007581 -1.138747 0.002392 0.671622 -0.031943 0.740201
1788249876.192839622 -0.872186 -0.008396 -1.136542 0.002215 0.670992 -0.031940 0.740773
1788249876.226192236 -0.864779 -0.008263 -1.134814 0.002266 0.670168 -0.031666 0.741530
1788249876.259544611 -0.856101 -0.009076 -1.134434 0.002405 0.669526 -0.031416 0.742120
1788249876.292897701 -0.848571 -0.009024 -1.132819 0.002453 0.668858 -0.031418 0.742722
1788249876.326250553 -0.841005 -0.008037 -1.131152 0.002731 0.668175 -0.031315 0.743340
1788249876.359603405 -0.831184 -0.007962 -1.128794 0.002575 0.667437 -0.031092 0.744012
1788249876.392955542 -0.823316 -0.007871 -1.128079 0.002139 0.666721 -0.031128 0.744654
1788249876.426308393 -0.814504 -0.007853 -1.123958 0.001748 0.666207 -0.031737 0.745089
1788249876.459661722 -0.806643 -0.007681 -1.122189 0.001573 0.665247 -0.031739 0.745947
1788249876.493014574 -0.797977 -0.008856 -1.119664 0.001319 0.664610 -0.031549 0.746523
1788249876.526368141 -0.790012 -0.008839 -1.119112 0.001722 0.664126 -0.031422 0.746958
1788249876.559721470 -0.782812 -0.009060 -1.117653 0.002172 0.663560 -0.031617 0.747452
1788249876.593074799 -0.775322 -0.008568 -1.116229 0.002462 0.662736 -0.031630 0.748180
1788249876.626428366 -0.766156 -0.008549 -1.114163 0.002399 0.662066 -0.031774 0.748768
1788249876.659781694 -0.758832 -0.008809 -1.110907 0.002382 0.661466 -0.032034 0.749287
1788249876.693135500 -0.749960 -0.008945 -1.108473 0.002084 0.660450 -0.032331 0.750170
1788249876.726489305 -0.741190 -0.008684 -1.105619 0.001746 0.659557 -0.032197 0.750962
1788249876.759842873 -0.732557 -0.008314 -1.103434 0.001653 0.658758 -0.031993 0.751673
1788249876.793196678 -0.723857 -0.007632 -1.102012 0.001682 0.657483 -0.031812 0.752796
1788249876.826549053 -0.715535 -0.008324 -1.101664 0.001983 0.655826 -0.031296 0.754261
1788249876.859889507 -0.707941 -0.007450 -1.098423 0.002316 0.654707 -0.031086 0.755239
1788249876.893229723 -0.700261 -0.008520 -1.096084 0.002364 0.653602 -0.031113 0.756195
1788249876.926569700 -0.694266 -0.008024 -1.092704 0.002287 0.652299 -0.031392 0.757308
1788249876.959909678 -0.687400 -0.008206 -1.089223 0.001981 0.650775 -0.031361 0.758620
1788249876.993249893 -0.678736 -0.007629 -1.086501 0.001828 0.649364 -0.031160 0.759837
1788249877.026590109 -0.671840 -0.006533 -1.083081 0.002023 0.648136 -0.031251 0.760880
1788249877.059930086 -0.664364 -0.006938 -1.081478 0.002301 0.646438 -0.031179 0.762326
1788249877.093270063 -0.656134 -0.006845 -1.078739 0.002508 0.644872 -0.030753 0.763668
1788249877.126610279 -0.648457 -0.006292 -1.075186 0.002376 0.643392 -0.030960 0.764907
1788249877.159950256 -0.641110 -0.005817 -1.070729 0.002172 0.641751 -0.031289 0.766272
1788249877.193290234 -0.634927 -0.006718 -1.066803 0.001907 0.640076 -0.031181 0.767677
1788249877.226630211 -0.626050 -0.006709 -1.063863 0.001759 0.638501 -0.030767 0.769004
1788249877.259969473 -0.618976 -0.006955 -1.060397 0.001895 0.637156 -0.030485 0.770129
1788249877.293309450 -0.613619 -0.006569 -1.058943 0.002503 0.635443 -0.030599 0.771537
1788249877.326649189 -0.606141 -0.006355 -1.055617 0.002674 0.633916 -0.030559 0.772793
1788249877.359989405 -0.598853 -0.006226 -1.053122 0.002808 0.632321 -0.030395 0.774105
1788249877.393329382 -0.591294 -0.005485 -1.048826 0.002869 0.630899 -0.030711 0.775252
1788249877.426669359 -0.583618 -0.005810 -1.045326 0.002579 0.629244 -0.030581 0.776602
1788249877.460009098 -0.576726 -0.005331 -1.041299 0.002477 0.627636 -0.030312 0.777912
1788249877.493349075 -0.568320 -0.004606 -1.036652 0.002214 0.626258 -0.030276 0.779024
1788249877.526689053 -0.561586 -0.004548 -1.032970 0.002138 0.624649 -0.030418 0.780310
1788249877.560029030 -0.554157 -0.004251 -1.028989 0.002052 0.622961 -0.030278 0.781664
1788249877.593368769 -0.546375 -0.004111 -1.024726 0.001519 0.621434 -0.030077 0.782887
1788249877.626708508 -0.537884 -0.003381 -1.020682 0.001343 0.619674 -0.030043 0.784283
1788249877.660048485 -0.532041 -0.003839 -1.016896 0.001329 0.617982 -0.029903 0.785623
1788249877.693388462 -0.524365 -0.004442 -1.012980 0.001114 0.616215 -0.029531 0.787024
1788249877.726727247 -0.516937 -0.004054 -1.009825 0.001212 0.614413 -0.029630 0.788427
1788249877.760066986 -0.510576 -0.004047 -1.006158 0.001473 0.612615 -0.029968 0.789812
1788249877.793406725 -0.504133 -0.004362 -1.001766 0.001698 0.611014 -0.029853 0.791055
1788249877.826746702 -0.497282 -0.004134 -0.999219 0.002013 0.609313 -0.029683 0.792371
1788249877.860086441 -0.492156 -0.003680 -0.995176 0.002184 0.607773 -0.029932 0.793543
1788249877.893425703 -0.485037 -0.003452 -0.991119 0.002226 0.605799 -0.029949 0.795050
1788249877.926765203 -0.477601 -0.003531 -0.987302 0.002038 0.603957 -0.029699 0.796461
1788249877.960104704 -0.472178 -0.003426 -0.983852 0.001948 0.602152 -0.029810 0.797822
1788249877.993444204 -0.465127 -0.002350 -0.978653 0.002106 0.600321 -0.030203 0.799186
1788249878.026783943 -0.458096 -0.002119 -0.974617 0.002235 0.598420 -0.029886 0.800622
1788249878.060123205 -0.451105 -0.001520 -0.970089 0.002207 0.596858 -0.029371 0.801806
1788249878.093462706 -0.444602 -0.001651 -0.965486 0.001960 0.595335 -0.029270 0.802942
1788249878.126801968 -0.437436 -0.000703 -0.960649 0.002040 0.593677 -0.029363 0.804165
1788249878.160140514 -0.430351 -0.001033 -0.956995 0.001918 0.591857 -0.028986 0.805519
1788249878.193479776 -0.422340 0.000001 -0.952474 0.001973 0.590120 -0.028691 0.806803
1788249878.260158539 -0.409001 0.000268 -0.945283 0.002421 0.586438 -0.028865 0.809476
1788249878.293497801 -0.403750 -0.000430 -0.941997 0.002399 0.584830 -0.028541 0.810650
1788249878.326837063 -0.397543 0.000280 -0.936384 0.002324 0.583374 -0.028786 0.811690
1788249878.360176563 -0.391146 0.001393 -0.931607 0.002452 0.581517 -0.029256 0.813004
1788249878.393515348 -0.383490 0.001828 -0.925621 0.002136 0.579500 -0.029420 0.814438
1788249878.426854849 -0.376873 0.001768 -0.921797 0.002135 0.577421 -0.029388 0.815914
1788249878.460193872 -0.371172 0.002161 -0.916870 0.002490 0.575351 -0.029559 0.817368
1788249878.493533373 -0.365862 0.002041 -0.911911 0.002688 0.573487 -0.029414 0.818682
1788249878.526872396 -0.359340 0.002273 -0.907616 0.003016 0.571738 -0.029075 0.819915
1788249878.560211658 -0.352454 0.001639 -0.903672 0.003206 0.570072 -0.028905 0.821080
1788249878.593550682 -0.347175 0.001905 -0.900594 0.003681 0.568210 -0.028996 0.822365
1788249878.626888752 -0.342448 0.001083 -0.896279 0.003725 0.566546 -0.029104 0.823507
1788249878.660228014 -0.334893 0.001904 -0.891973 0.003822 0.564560 -0.029140 0.824869
1788249878.693567038 -0.329675 0.002208 -0.887603 0.003922 0.562733 -0.029115 0.826117
1788249878.726906300 -0.323341 0.001762 -0.883030 0.003927 0.560883 -0.028981 0.827379
1788249878.760245085 -0.317954 0.002343 -0.878238 0.004063 0.559113 -0.028883 0.828579
1788249878.793584347 -0.311730 0.002288 -0.873013 0.003845 0.557500 -0.028720 0.829671
1788249878.826923132 -0.304342 0.002709 -0.868276 0.003680 0.555532 -0.029100 0.830977
1788249878.860262871 -0.298846 0.003244 -0.862352 0.003394 0.553682 -0.029381 0.832202
1788249878.893602133 -0.293279 0.003588 -0.856229 0.002899 0.551701 -0.029536 0.833514
1788249878.926941633 -0.286578 0.004065 -0.851532 0.002667 0.549728 -0.029478 0.834819
1788249878.960280895 -0.280046 0.004384 -0.847760 0.002963 0.547769 -0.029039 0.836120
1788249878.993620396 -0.274106 0.004590 -0.841853 0.002958 0.546062 -0.028917 0.837241
1788249879.026959419 -0.267723 0.005113 -0.837359 0.002843 0.544163 -0.028872 0.838478
1788249879.060297728 -0.260620 0.005663 -0.832964 0.002923 0.542193 -0.029211 0.839741
1788249879.093636990 -0.255959 0.005393 -0.827368 0.002817 0.540381 -0.029417 0.840901
1788249879.126976252 -0.249233 0.006085 -0.821717 0.002821 0.538364 -0.029189 0.842202
1788249879.160315514 -0.242415 0.006674 -0.816750 0.002746 0.536486 -0.029106 0.843403
1788249879.193654537 -0.236356 0.006403 -0.812102 0.002982 0.534632 -0.028986 0.844582
1788249879.226994038 -0.230167 0.006054 -0.806948 0.002919 0.532714 -0.028407 0.845814
1788249879.260333061 -0.223533 0.006646 -0.802477 0.002835 0.530657 -0.028183 0.847113
1788249879.293672323 -0.218304 0.006795 -0.795681 0.002585 0.529012 -0.028296 0.848138
1788249879.327011585 -0.213523 0.007299 -0.790016 0.002551 0.527045 -0.028661 0.849350
1788249879.360350609 -0.205499 0.009243 -0.785035 0.002539 0.524589 -0.028612 0.850871
1788249879.393689632 -0.200440 0.007890 -0.779622 0.002376 0.522835 -0.027930 0.851973
1788249879.427028894 -0.195175 0.007586 -0.774976 0.002842 0.521139 -0.027898 0.853011
1788249879.460367680 -0.190309 0.007942 -0.770974 0.003158 0.519081 -0.027661 0.854271
1788249879.493705750 -0.184528 0.008649 -0.765923 0.003303 0.517167 -0.027437 0.855438
1788249879.527045012 -0.178475 0.009191 -0.760898 0.003415 0.515342 -0.027463 0.856538
1788249879.560383797 -0.173464 0.008598 -0.754920 0.003424 0.513453 -0.027746 0.857662
1788249879.593723059 -0.166164 0.009290 -0.750168 0.003356 0.511157 -0.027247 0.859049
1788249879.627061844 -0.160465 0.010237 -0.744657 0.003432 0.509323 -0.027035 0.860144
1788249879.660401106 -0.154406 0.010470 -0.738668 0.003374 0.507555 -0.027143 0.861185
1788249879.693739891 -0.148439 0.010420 -0.733870 0.003268 0.505422 -0.026805 0.862450
1788249879.727078676 -0.142341 0.010771 -0.727592 0.002911 0.503402 -0.026869 0.863629
1788249879.760417700 -0.136719 0.011618 -0.721162 0.002666 0.501699 -0.027107 0.864613
1788249879.793756723 -0.131889 0.011789 -0.715613 0.002488 0.499724 -0.027275 0.865751
1788249879.827095747 -0.125067 0.011575 -0.709448 0.002036 0.497590 -0.026785 0.866996
1788249879.860434771 -0.119841 0.011770 -0.703851 0.001774 0.495873 -0.026786 0.867980
1788249879.893774033 -0.113105 0.012779 -0.698631 0.002096 0.494013 -0.026602 0.869045
1788249879.927113056 -0.108043 0.012724 -0.694195 0.002306 0.492120 -0.026333 0.870126
1788249879.960451126 -0.102057 0.013384 -0.688858 0.002118 0.490030 -0.025936 0.871317
1788249879.993790388 -0.097947 0.013099 -0.683017 0.001944 0.488445 -0.026241 0.872198
1788249880.027129650 -0.093227 0.013838 -0.677718 0.002130 0.486475 -0.026345 0.873295
1788249880.060468912 -0.088424 0.014735 -0.670768 0.002034 0.484754 -0.026307 0.874253
1788249880.093807936 -0.082570 0.015653 -0.665371 0.001860 0.482761 -0.026077 0.875362
1788249880.127146959 -0.076471 0.015383 -0.659257 0.001610 0.480854 -0.025893 0.876417
1788249880.160485983 -0.071174 0.015992 -0.654341 0.001943 0.478955 -0.025868 0.877456
1788249880.193825245 -0.065840 0.016477 -0.648414 0.001999 0.477044 -0.025390 0.878511
1788249880.227164268 -0.058210 0.017542 -0.642883 0.001823 0.475018 -0.024809 0.879624
1788249880.260503054 -0.054266 0.017222 -0.637043 0.001682 0.473469 -0.024811 0.880459
1788249880.293842077 -0.048517 0.017343 -0.630772 0.001728 0.471687 -0.024549 0.881423
1788249880.327180862 -0.042406 0.018493 -0.625805 0.001670 0.469707 -0.024345 0.882485
1788249880.360519886 -0.036630 0.018584 -0.619966 0.001441 0.467962 -0.024054 0.883420
1788249880.393857956 -0.032109 0.019426 -0.614761 0.001616 0.466211 -0.024077 0.884345
1788249880.427196741 -0.026956 0.019752 -0.609055 0.001628 0.464338 -0.023682 0.885340
1788249880.460535765 -0.020992 0.020032 -0.604251 0.001599 0.462425 -0.023444 0.886347
1788249880.493874550 -0.016010 0.020316 -0.598106 0.001473 0.460860 -0.023703 0.887155
1788249880.527213335 -0.012335 0.019975 -0.591661 0.001486 0.459121 -0.023883 0.888051
1788249880.560552120 -0.007471 0.020388 -0.585293 0.001366 0.457225 -0.023930 0.889028
1788249880.593890905 -0.002164 0.020801 -0.579945 0.001291 0.455349 -0.023699 0.889997
1788249880.627229691 0.003199 0.021339 -0.574113 0.001524 0.453373 -0.023534 0.891009
1788249880.660568476 0.007122 0.022235 -0.568860 0.001873 0.451447 -0.023367 0.891990
1788249880.693907261 0.011468 0.021647 -0.562966 0.001747 0.449608 -0.023050 0.892927
1788249880.727246046 0.016793 0.022859 -0.556949 0.001691 0.447705 -0.023184 0.893879
1788249880.760584831 0.021378 0.023233 -0.549783 0.001643 0.445606 -0.023472 0.894920
1788249880.793923378 0.024145 0.023140 -0.544486 0.001495 0.443456 -0.023417 0.895989
1788249880.827260971 0.028314 0.023823 -0.536692 0.001229 0.441311 -0.023291 0.897051
1788249880.860600471 0.033603 0.024936 -0.531161 0.001225 0.438954 -0.023268 0.898208
1788249880.893939734 0.036956 0.025438 -0.525042 0.001332 0.436767 -0.023208 0.899274
1788249880.927279234 0.040983 0.024263 -0.518948 0.001083 0.434545 -0.022753 0.900362
1788249880.960618496 0.045846 0.024975 -0.512835 0.001005 0.432294 -0.022677 0.901447
1788249880.993957758 0.049285 0.025675 -0.506153 0.001111 0.430093 -0.023069 0.902489
1788249881.027296782 0.052880 0.026422 -0.499688 0.001146 0.427442 -0.023061 0.903748
1788249881.060636044 0.057214 0.026171 -0.492767 0.000882 0.424802 -0.022830 0.904998
1788249881.093975306 0.061457 0.026558 -0.486160 0.000882 0.422206 -0.022676 0.906216
1788249881.127314568 0.064507 0.026762 -0.480362 0.001357 0.419681 -0.022717 0.907386
1788249881.160653591 0.068123 0.026311 -0.475035 0.001682 0.417078 -0.022271 0.908596
1788249881.193992853 0.072105 0.027211 -0.469942 0.001996 0.414699 -0.021839 0.909695
1788249881.227332115 0.075990 0.026405 -0.464124 0.001999 0.412112 -0.021850 0.910869
1788249881.260669947 0.078122 0.026723 -0.457808 0.002146 0.409500 -0.022033 0.912041
1788249881.294009209 0.080786 0.026607 -0.450603 0.001956 0.406751 -0.021792 0.913277
1788249881.327348232 0.082729 0.027600 -0.443730 0.002135 0.403678 -0.021621 0.914643
1788249881.360687494 0.086269 0.028225 -0.437588 0.002424 0.399974 -0.021609 0.916268
1788249881.394026279 0.086894 0.027780 -0.431889 0.002674 0.396403 -0.021452 0.917822
1788249881.427365303 0.088599 0.028671 -0.424720 0.002734 0.393045 -0.021019 0.919275
1788249881.460704327 0.090459 0.029191 -0.417799 0.002606 0.389554 -0.021027 0.920760
1788249881.494043350 0.093368 0.029329 -0.410281 0.002363 0.385576 -0.021122 0.922431
1788249881.527382374 0.095886 0.029739 -0.402932 0.002113 0.381622 -0.020921 0.924079
1788249881.560721159 0.097616 0.030701 -0.395601 0.002295 0.378188 -0.020452 0.925500
1788249881.594060183 0.099867 0.031115 -0.388066 0.002397 0.374591 -0.020105 0.926969
1788249881.627398968 0.102359 0.031178 -0.381643 0.002429 0.370664 -0.019770 0.928554
1788249881.660738230 0.104899 0.031731 -0.373482 0.002264 0.366936 -0.019577 0.930037
1788249881.694077015 0.106700 0.032131 -0.367672 0.002233 0.362696 -0.019700 0.931696
1788249881.727414608 0.109234 0.032698 -0.359649 0.002286 0.358286 -0.019725 0.933401
1788249881.760753632 0.111306 0.033137 -0.353079 0.002277 0.354228 -0.019328 0.934956
1788249881.794092417 0.113736 0.033703 -0.345134 0.002617 0.349921 -0.018968 0.936584
1788249881.827431202 0.115869 0.034133 -0.338441 0.003178 0.345254 -0.018858 0.938315
1788249881.860770941 0.117464 0.034498 -0.333408 0.003703 0.340908 -0.017954 0.939918
1788249881.894110203 0.119572 0.034964 -0.326689 0.003933 0.336714 -0.017559 0.941435
1788249881.927449703 0.114835 0.032212 -0.320292 0.003748 0.333078 -0.017870 0.942723
1788249881.960789442 0.116279 0.031774 -0.310381 0.003527 0.328764 -0.017744 0.944239
1788249881.994128942 0.116018 0.032828 -0.301790 0.003445 0.324767 -0.017492 0.945626
1788249882.027468443 0.115144 0.032482 -0.295125 0.003551 0.320464 -0.017416 0.947094
1788249882.060807943 0.115909 0.031955 -0.289014 0.003634 0.315933 -0.017148 0.948620
1788249882.094147444 0.116376 0.033161 -0.281534 0.003638 0.311449 -0.016524 0.950112
1788249882.127486467 0.116810 0.032807 -0.272940 0.003384 0.307098 -0.016420 0.951530
1788249882.160825014 0.114985 0.031954 -0.266101 0.003314 0.302859 -0.016397 0.952888
1788249882.194164515 0.115578 0.033491 -0.258581 0.003460 0.298537 -0.015984 0.954258
1788249882.227504015 0.116051 0.034441 -0.251240 0.003533 0.294000 -0.015597 0.955672
1788249882.260843277 0.116585 0.034438 -0.243505 0.003768 0.289842 -0.015288 0.956945
1788249882.294182777 0.115988 0.034597 -0.237267 0.003808 0.285577 -0.014969 0.958231
1788249882.327521801 0.117658 0.036223 -0.227632 0.003876 0.281593 -0.014665 0.959414
1788249882.360861301 0.117627 0.036185 -0.221908 0.003838 0.277307 -0.015066 0.960656
1788249882.394200325 0.116490 0.035765 -0.214301 0.003736 0.273192 -0.014939 0.961836
1788249882.427539825 0.114489 0.035756 -0.210042 0.003585 0.268976 -0.014484 0.963031
1788249882.460878849 0.115590 0.036459 -0.199929 0.003559 0.264853 -0.014129 0.964179
1788249882.494218349 0.115235 0.036521 -0.192280 0.003651 0.260606 -0.013843 0.965339
1788249882.527557373 0.114096 0.036764 -0.186776 0.003566 0.256688 -0.013502 0.966393
1788249882.560896635 0.113370 0.037667 -0.179062 0.003575 0.252858 -0.013336 0.967405
1788249882.594234943 0.113442 0.036560 -0.173007 0.003517 0.248739 -0.013386 0.968472
1788249882.627574205 0.112801 0.037633 -0.166131 0.003580 0.245278 -0.013144 0.969357
1788249882.660913229 0.113347 0.038047 -0.159490 0.003602 0.242401 -0.012887 0.970084
1788249882.694252491 0.114054 0.037689 -0.153346 0.003616 0.239701 -0.012646 0.970758
1788249882.727591515 0.114406 0.038638 -0.147655 0.004075 0.237026 -0.012370 0.971416
1788249882.760930300 0.115969 0.039971 -0.140911 0.004214 0.234109 -0.012096 0.972126
1788249882.794269562 0.117117 0.040247 -0.135481 0.004023 0.231706 -0.011951 0.972704
1788249882.827608585 0.116599 0.039899 -0.128832 0.003887 0.229557 -0.012201 0.973211
1788249882.860948324 0.117291 0.040088 -0.121670 0.003884 0.226943 -0.012454 0.973821
1788249882.894288063 0.116250 0.040705 -0.117155 0.003804 0.224289 -0.012452 0.974436
1788249882.927627325 0.118067 0.039777 -0.110500 0.003497 0.221651 -0.012037 0.975046
1788249882.960967064 0.118044 0.042104 -0.103249 0.003692 0.219205 -0.012079 0.975597
1788249882.994306326 0.117514 0.042229 -0.098014 0.003653 0.216691 -0.011825 0.976162
1788249883.027646065 0.119114 0.042257 -0.089938 0.003397 0.213997 -0.011350 0.976763
1788249883.060984373 0.119778 0.041394 -0.084010 0.003108 0.211693 -0.010855 0.977271
1788249883.094324112 0.120080 0.042003 -0.078405 0.003084 0.209646 -0.010973 0.977711
1788249883.127663374 0.120626 0.042430 -0.071018 0.003243 0.207337 -0.011154 0.978201
1788249883.161003113 0.119972 0.042280 -0.065038 0.003235 0.204994 -0.010922 0.978697
1788249883.194342613 0.120173 0.041957 -0.059790 0.003099 0.202638 -0.010430 0.979193
1788249883.227681637 0.119870 0.042939 -0.053974 0.003145 0.200425 -0.010510 0.979648
1788249883.261021137 0.120087 0.043191 -0.048644 0.003142 0.198115 -0.010628 0.980116
1788249883.294360638 0.119378 0.043492 -0.043449 0.003044 0.195935 -0.010493 0.980556
1788249883.327700138 0.119400 0.043761 -0.036114 0.002723 0.193911 -0.010285 0.980961
1788249883.361039400 0.120105 0.043440 -0.029338 0.002482 0.191896 -0.010545 0.981355
1788249883.394378662 0.119065 0.043857 -0.022521 0.002371 0.189665 -0.010873 0.981786
1788249883.427717924 0.119382 0.044812 -0.016311 0.002251 0.187218 -0.010879 0.982256
1788249883.461057186 0.119873 0.045208 -0.008840 0.002030 0.185157 -0.010651 0.982649
1788249883.494395494 0.121207 0.045782 -0.003257 0.002093 0.182945 -0.010459 0.983065
1788249883.527734756 0.120807 0.045655 0.002620 0.002185 0.180928 -0.010422 0.983439
1788249883.561074018 0.121648 0.046883 0.009269 0.002573 0.178573 -0.010261 0.983870
1788249883.594413280 0.122253 0.046846 0.014605 0.002596 0.176250 -0.009867 0.984293
1788249883.627752542 0.122092 0.046474 0.021372 0.002562 0.174302 -0.009507 0.984643
1788249883.661091805 0.122148 0.047177 0.027297 0.002675 0.172238 -0.009765 0.985003
1788249883.694430828 0.122101 0.046395 0.032523 0.002785 0.169929 -0.009666 0.985405
1788249883.727770329 0.122917 0.047498 0.039151 0.002888 0.167649 -0.009488 0.985797
1788249883.761109352 0.122986 0.047684 0.045427 0.002886 0.165734 -0.009159 0.986124
1788249883.794448137 0.122825 0.047333 0.049685 0.002979 0.163671 -0.008776 0.986471
1788249883.827787399 0.125887 0.048082 0.058972 0.003192 0.161292 -0.008684 0.986863
1788249883.861138344 0.123599 0.048271 0.062852 0.003302 0.159352 -0.008424 0.987180
1788249883.894489527 0.124628 0.049120 0.069970 0.003405 0.157192 -0.008194 0.987528
1788249883.927840471 0.125188 0.049054 0.076310 0.003311 0.155259 -0.007968 0.987836
1788249883.961190462 0.124631 0.049726 0.082945 0.003384 0.153055 -0.008171 0.988178
1788249883.994541645 0.124130 0.050841 0.090029 0.003531 0.150812 -0.008452 0.988520
1788249884.027892828 0.124206 0.050733 0.094938 0.003580 0.148674 -0.008225 0.988846
1788249884.061244249 0.126009 0.051339 0.103480 0.003679 0.146443 -0.007950 0.989180
1788249884.094595671 0.126015 0.050234 0.110035 0.003847 0.144239 -0.007863 0.989504
1788249884.127946854 0.125179 0.050870 0.114941 0.004019 0.141990 -0.007831 0.989829
1788249884.161298513 0.123954 0.050482 0.119217 0.004011 0.139738 -0.007492 0.990152
1788249884.194649696 0.123274 0.051616 0.125648 0.004145 0.137445 -0.007586 0.990472
1788249884.228001356 0.121422 0.051876 0.131061 0.004299 0.135265 -0.007736 0.990770
1788249884.261352777 0.120836 0.052029 0.137521 0.004322 0.132501 -0.007862 0.991142
1788249884.294704676 0.120444 0.053604 0.145587 0.004041 0.129630 -0.007658 0.991525
1788249884.328056097 0.118850 0.051848 0.151659 0.003510 0.126862 -0.007136 0.991888
1788249884.361407995 0.119692 0.052158 0.162509 0.003412 0.124002 -0.007162 0.992250
1788249884.394758940 0.118718 0.054082 0.169143 0.003651 0.120971 -0.007226 0.992623
1788249884.428110600 0.117461 0.055077 0.176435 0.003573 0.117593 -0.006874 0.993032
1788249884.461462736 0.115595 0.055273 0.181140 0.003431 0.114442 -0.006776 0.993401
1788249884.494814873 0.116722 0.055269 0.191998 0.003588 0.110922 -0.006950 0.993798
1788249884.528166771 0.112261 0.054478 0.195927 0.003502 0.107387 -0.006965 0.994187
1788249884.561518908 0.112655 0.055096 0.205625 0.003337 0.103427 -0.006604 0.994610
1788249884.594870806 0.111624 0.056919 0.213152 0.003543 0.099743 -0.006323 0.994987
1788249884.628223419 0.108323 0.056099 0.217982 0.003666 0.096112 -0.006358 0.995343
1788249884.661575556 0.106143 0.055854 0.223631 0.003793 0.092365 -0.006049 0.995700
1788249884.694927692 0.105611 0.055893 0.229991 0.003798 0.088837 -0.005407 0.996024
1788249884.728280067 0.101634 0.055229 0.234843 0.003809 0.085600 -0.005539 0.996307
1788249884.761632681 0.100937 0.056442 0.243887 0.003993 0.081635 -0.005593 0.996639
1788249884.794985056 0.098596 0.057044 0.249273 0.003875 0.077696 -0.005484 0.996954
1788249884.828336477 0.097160 0.056733 0.256955 0.003486 0.073834 -0.005002 0.997252
1788249884.861674786 0.092743 0.057298 0.260853 0.003902 0.070255 -0.004980 0.997509
1788249884.895013332 0.091917 0.057222 0.267348 0.004188 0.066226 -0.004484 0.997786
1788249884.928351641 0.090897 0.058015 0.274844 0.004251 0.062285 -0.003874 0.998042
1788249884.961689711 0.088820 0.058183 0.279937 0.004139 0.058733 -0.003592 0.998259
1788249884.995028019 0.084519 0.058557 0.285541 0.004109 0.055226 -0.003827 0.998458
1788249885.028366566 0.080958 0.058413 0.291035 0.003955 0.051263 -0.004026 0.998669
1788249885.061704874 0.076901 0.058112 0.296425 0.003585 0.047375 -0.003588 0.998864
1788249885.095042944 0.075591 0.059133 0.304131 0.003592 0.043458 -0.003304 0.999043
1788249885.128381014 0.072173 0.059308 0.309380 0.003844 0.039622 -0.003243 0.999202
1788249885.161719084 0.070566 0.060009 0.316382 0.003912 0.035533 -0.002856 0.999357
1788249885.195057154 0.067580 0.058955 0.320817 0.003561 0.031854 -0.002334 0.999483
1788249885.228395462 0.065483 0.056749 0.328533 0.003292 0.027990 -0.002266 0.999600
1788249885.261733532 0.062237 0.058675 0.333255 0.003531 0.023904 -0.002625 0.999705
1788249885.295070410 0.058738 0.059212 0.338554 0.003500 0.019955 -0.002532 0.999792
1788249885.328408480 0.056566 0.058990 0.346045 0.003388 0.016205 -0.001968 0.999861
1788249885.361746550 0.053963 0.057002 0.351371 0.003443 0.012128 -0.001529 0.999919
1788249885.395084620 0.052611 0.056081 0.357567 0.003842 0.008067 -0.000989 0.999960
1788249885.428422451 0.048554 0.057288 0.362308 0.004247 0.004435 -0.000462 0.999981
1788249885.461760283 0.047561 0.058670 0.367288 0.004576 0.000820 -0.000111 0.999989
1788249885.495098114 0.042979 0.060082 0.370529 0.005138 -0.002486 -0.000240 0.999984
1788249885.528436184 0.040782 0.060305 0.378498 0.005321 -0.005557 -0.000167 0.999970
1788249885.561773777 0.037711 0.061115 0.383172 0.005244 -0.008075 0.000019 0.999954
1788249885.595111847 0.034627 0.059706 0.389090 0.005096 -0.010834 0.000306 0.999928
1788249885.628449440 0.033976 0.059679 0.393964 0.005199 -0.013619 0.000311 0.999894
1788249885.661787271 0.029612 0.058720 0.396037 0.005380 -0.016093 0.000406 0.999856
1788249885.695124865 0.029091 0.061466 0.403889 0.005628 -0.018612 0.000663 0.999811
1788249885.728461504 0.024780 0.060220 0.406848 0.005504 -0.019892 0.000636 0.999787
1788249885.761799335 0.023052 0.059847 0.410811 0.005282 -0.021313 0.000575 0.999759
1788249885.795136929 0.023501 0.059245 0.417504 0.005346 -0.023342 0.000399 0.999713
1788249885.828474522 0.020763 0.058973 0.420986 0.005384 -0.024924 0.000519 0.999675
1788249885.861820936 0.019313 0.058550 0.424948 0.005260 -0.025663 0.000594 0.999657
1788249885.895175219 0.019410 0.058124 0.431845 0.005031 -0.026540 0.000680 0.999635
1788249885.928529263 0.018787 0.060100 0.435039 0.005454 -0.027726 0.000597 0.999601
1788249885.961883307 0.015925 0.060450 0.437720 0.005583 -0.028542 0.000646 0.999577
1788249885.995237589 0.014327 0.060383 0.441538 0.005344 -0.029343 0.000689 0.999555
1788249886.028591633 0.013543 0.060181 0.444686 0.005448 -0.030354 0.000676 0.999524
1788249886.061945915 0.012909 0.060613 0.449574 0.005532 -0.031379 0.000736 0.999492
1788249886.095300436 0.012645 0.060414 0.453592 0.005199 -0.031823 0.000815 0.999480
1788249886.128654718 0.011562 0.059866 0.457054 0.004841 -0.031334 0.000646 0.999497
1788249886.162008286 0.011348 0.060981 0.458284 0.005009 -0.031309 0.000571 0.999497
1788249886.195363045 0.011869 0.061133 0.460819 0.005143 -0.031676 0.000759 0.999485
1788249886.228717327 0.011466 0.060451 0.461725 0.005532 -0.031548 0.000637 0.999487
1788249886.262072086 0.011769 0.060482 0.463276 0.005349 -0.031403 0.000762 0.999492
1788249886.295427084 0.012886 0.060572 0.464859 0.005170 -0.031620 0.000851 0.999486
1788249886.328781843 0.012482 0.060840 0.466471 0.005067 -0.031619 0.001014 0.999487
1788249886.362136841 0.010862 0.061539 0.465809 0.004880 -0.031288 0.000872 0.999498
1788249886.395491600 0.013229 0.061462 0.468390 0.004765 -0.030636 0.000928 0.999519
1788249886.428847075 0.012827 0.061062 0.466200 0.005141 -0.029919 0.000819 0.999539
1788249886.462202311 0.013689 0.061029 0.466843 0.005455 -0.030033 0.000809 0.999534
1788249886.495557547 0.012750 0.060053 0.465849 0.005395 -0.029884 0.000905 0.999538
1788249886.528912783 0.012543 0.059675 0.464421 0.005370 -0.029756 0.000900 0.999542
1788249886.562268257 0.014373 0.060618 0.467595 0.005348 -0.029825 0.000854 0.999540
1788249886.595623493 0.015099 0.060664 0.466730 0.005341 -0.029785 0.000728 0.999542
1788249886.628978014 0.015060 0.059934 0.467365 0.005267 -0.029755 0.000808 0.999543
1788249886.662333488 0.014234 0.060254 0.466700 0.005257 -0.029625 0.000842 0.999547
1788249886.695689440 0.013512 0.059630 0.465747 0.005259 -0.029517 0.000842 0.999550
1788249886.729045153 0.013804 0.059701 0.464909 0.005208 -0.029509 0.000938 0.999551
1788249886.762400866 0.015055 0.059756 0.467102 0.005176 -0.029594 0.000929 0.999548
1788249886.795756578 0.015306 0.060270 0.466309 0.005201 -0.029602 0.000907 0.999548
1788249886.829112768 0.015398 0.060759 0.466788 0.005308 -0.029626 0.000901 0.999547
1788249886.862461090 0.014508 0.061282 0.466368 0.005259 -0.029629 0.000819 0.999547
1788249886.895799160 0.014789 0.061627 0.466407 0.004963 -0.029724 0.000753 0.999546
1788249886.929136992 0.013189 0.060148 0.463560 0.004671 -0.029981 0.000761 0.999539
1788249886.962474823 0.012335 0.060378 0.461352 0.004748 -0.030228 0.000678 0.999532
1788249886.995812893 0.012593 0.061205 0.457557 0.004933 -0.030379 0.000513 0.999526
1788249887.029150724 0.013472 0.059116 0.453729 0.004950 -0.030247 0.000811 0.999530
1788249887.062487364 0.013755 0.060550 0.449338 0.005355 -0.029670 0.000785 0.999545
1788249887.095825195 0.013357 0.059708 0.443733 0.005494 -0.029075 0.000611 0.999562
1788249887.129162788 0.014568 0.058975 0.439880 0.005583 -0.029231 0.000981 0.999557
1788249887.162500620 0.015939 0.058806 0.436681 0.005555 -0.029503 0.001108 0.999549
1788249887.195838690 0.016705 0.058866 0.433631 0.005119 -0.029419 0.000942 0.999554
1788249887.229176283 0.016122 0.059328 0.431326 0.004900 -0.029396 0.000760 0.999556
1788249887.262513876 0.016794 0.058692 0.428636 0.004768 -0.029734 0.000648 0.999546
1788249887.295851231 0.015983 0.058223 0.425208 0.004782 -0.029921 0.000582 0.999541
1788249887.329188824 0.016111 0.058552 0.420946 0.004955 -0.029765 0.000417 0.999545
1788249887.362526417 0.016790 0.058901 0.416421 0.005097 -0.029264 0.000639 0.999559
1788249887.395864010 0.017793 0.058947 0.413274 0.005298 -0.028885 0.001006 0.999568
1788249887.429201365 0.019418 0.057603 0.408857 0.005543 -0.029161 0.001423 0.999558
1788249887.462538719 0.020263 0.058545 0.404469 0.005699 -0.029328 0.001395 0.999553
1788249887.495874882 0.020186 0.058749 0.400173 0.005338 -0.029245 0.001504 0.999557
1788249887.529212236 0.018929 0.057828 0.396137 0.005062 -0.029221 0.001257 0.999559
1788249887.562549591 0.018685 0.058221 0.392999 0.004887 -0.029497 0.000944 0.999552
1788249887.595886707 0.018463 0.057598 0.390286 0.004823 -0.029928 0.000785 0.999540
1788249887.629224062 0.016704 0.057694 0.384821 0.005183 -0.029960 0.000734 0.999537
1788249887.662561417 0.018627 0.057312 0.383075 0.005425 -0.030074 0.000831 0.999533
1788249887.695898533 0.018814 0.057780 0.376238 0.005490 -0.029816 0.000953 0.999540
1788249887.729235649 0.020560 0.058512 0.373959 0.005497 -0.029719 0.001113 0.999543
1788249887.762572765 0.020545 0.057758 0.369485 0.005429 -0.029371 0.001332 0.999553
1788249887.795909643 0.021252 0.057454 0.363540 0.005395 -0.029436 0.001295 0.999551
1788249887.829246521 0.022065 0.056271 0.361519 0.005198 -0.029619 0.001348 0.999547
1788249887.862585783 0.021919 0.054794 0.358432 0.005072 -0.029806 0.001362 0.999542
1788249887.895927906 0.022733 0.056086 0.356022 0.005121 -0.029941 0.001263 0.999538
1788249887.929270029 0.021405 0.055903 0.351645 0.005118 -0.029823 0.001128 0.999541
1788249887.962611198 0.020172 0.056072 0.346276 0.005393 -0.029546 0.001045 0.999548
1788249887.995953321 0.021584 0.056415 0.344508 0.005416 -0.029611 0.001239 0.999546
1788249888.029295444 0.020710 0.054984 0.338020 0.005094 -0.029437 0.001315 0.999553
1788249888.062637568 0.022921 0.054025 0.335286 0.004978 -0.029387 0.001502 0.999555
1788249888.095980167 0.023815 0.054571 0.333508 0.004913 -0.029523 0.001601 0.999551
1788249888.129322290 0.023636 0.054613 0.329154 0.004727 -0.029843 0.001376 0.999542
1788249888.162664652 0.022756 0.054924 0.323197 0.004652 -0.030193 0.001082 0.999533
1788249888.196007013 0.022720 0.055500 0.320255 0.004816 -0.030543 0.000771 0.999522
1788249888.229349136 0.022012 0.055652 0.316226 0.004985 -0.030761 0.000735 0.999514
1788249888.262691498 0.021243 0.055639 0.309525 0.004772 -0.030843 0.000645 0.999513
1788249888.296034098 0.021894 0.054574 0.306933 0.004358 -0.030755 0.000523 0.999517
1788249888.329376698 0.022644 0.054713 0.303478 0.003943 -0.030684 0.000741 0.999521
1788249888.362718821 0.022467 0.054153 0.300193 0.003320 -0.030761 0.000811 0.999521
1788249888.396060467 0.022164 0.055256 0.295271 0.002778 -0.030711 0.000989 0.999524
1788249888.429403067 0.022116 0.054943 0.290487 0.002679 -0.030557 0.000805 0.999529
1788249888.462745428 0.022625 0.054795 0.284269 0.002989 -0.030457 0.000878 0.999531
1788249888.496088266 0.023650 0.054669 0.277504 0.003296 -0.030465 0.000844 0.999530
1788249888.529430866 0.024195 0.053411 0.271495 0.003262 -0.030165 0.000934 0.999539
1788249888.562773466 0.024161 0.053486 0.266662 0.002960 -0.029629 0.001004 0.999556
1788249888.596116066 0.024931 0.054555 0.261966 0.002759 -0.029621 0.001063 0.999557
1788249888.629458904 0.023026 0.054292 0.256443 0.002681 -0.030158 0.000835 0.999541
1788249888.662801266 0.023087 0.054182 0.250792 0.002695 -0.030503 0.000724 0.999531
1788249888.696144342 0.024392 0.055745 0.248387 0.002911 -0.030482 0.000493 0.999531
1788249888.729486942 0.024564 0.054525 0.241707 0.002977 -0.030407 0.000506 0.999533
1788249888.762830019 0.025736 0.054029 0.238952 0.002628 -0.031042 0.000849 0.999514
1788249888.796172619 0.025618 0.054716 0.234703 0.002502 -0.031168 0.001089 0.999510
1788249888.829514503 0.026677 0.053720 0.229742 0.002267 -0.030831 0.001294 0.999521
1788249888.862854958 0.026899 0.053727 0.224608 0.002100 -0.030628 0.001336 0.999528
1788249888.896192551 0.027056 0.053878 0.219261 0.002225 -0.030897 0.001194 0.999519
1788249888.929530144 0.026895 0.052814 0.213577 0.002597 -0.030994 0.001172 0.999516
1788249888.962867498 0.027385 0.052395 0.207162 0.002853 -0.030904 0.001199 0.999518
1788249888.996204615 0.028420 0.052409 0.202128 0.003201 -0.030749 0.001332 0.999521
1788249889.029541969 0.028785 0.051311 0.196319 0.003227 -0.030519 0.001519 0.999528
1788249889.062879562 0.028041 0.050585 0.189991 0.003245 -0.030233 0.001209 0.999537
1788249889.096216679 0.029029 0.050139 0.185340 0.003331 -0.030436 0.001170 0.999530
1788249889.129553795 0.027151 0.050720 0.176812 0.003869 -0.030734 0.000767 0.999520
1788249889.162890911 0.027733 0.049348 0.172573 0.004256 -0.030977 0.000718 0.999511
1788249889.196228266 0.027903 0.050073 0.167428 0.004406 -0.030842 0.000727 0.999514
1788249889.229565382 0.028689 0.049368 0.163060 0.003956 -0.030882 0.000925 0.999515
1788249889.262901306 0.028591 0.050227 0.159787 0.003446 -0.030975 0.001187 0.999514
1788249889.296238422 0.030076 0.051308 0.156662 0.003285 -0.031128 0.001158 0.999509
1788249889.329575300 0.027212 0.051260 0.151214 0.002997 -0.030875 0.000894 0.999518
1788249889.362912416 0.028471 0.051386 0.147450 0.002918 -0.030983 0.000722 0.999515
1788249889.396249533 0.027516 0.050961 0.140143 0.003278 -0.030699 0.000751 0.999523
1788249889.429586172 0.028571 0.050085 0.134134 0.003798 -0.030723 0.000766 0.999520
1788249889.462923050 0.028830 0.049662 0.127648 0.004223 -0.030649 0.000723 0.999521
1788249889.496259928 0.030345 0.049671 0.121687 0.004171 -0.030463 0.000743 0.999527
1788249889.529596806 0.030764 0.050451 0.116225 0.003880 -0.030132 0.000643 0.999538
1788249889.562933445 0.030307 0.049827 0.111615 0.003787 -0.030656 0.000566 0.999523
1788249889.596270084 0.030807 0.049310 0.106781 0.004106 -0.031294 0.000603 0.999502
1788249889.629606962 0.031103 0.049257 0.101181 0.004385 -0.031220 0.000425 0.999503
1788249889.662943602 0.030985 0.048844 0.096254 0.004248 -0.030813 0.000402 0.999516
1788249889.696280241 0.031139 0.048822 0.092044 0.003773 -0.030738 0.000509 0.999520
1788249889.729615688 0.030670 0.049441 0.088572 0.003263 -0.031028 0.000479 0.999513
1788249889.762952566 0.031635 0.049637 0.085498 0.002627 -0.031365 0.000594 0.999504
1788249889.796288967 0.032750 0.048535 0.081777 0.002108 -0.030973 0.000905 0.999518
1788249889.829625368 0.033443 0.048004 0.076379 0.002294 -0.030735 0.001029 0.999524
1788249889.862962484 0.034278 0.049525 0.070921 0.003031 -0.031053 0.001081 0.999513
1788249889.896299839 0.034684 0.047814 0.065283 0.003636 -0.031091 0.001162 0.999509
1788249889.929637432 0.035668 0.046319 0.057867 0.003809 -0.030691 0.001125 0.999521
1788249889.962975025 0.034636 0.047424 0.050310 0.003645 -0.030019 0.001081 0.999542
1788249889.996312380 0.033687 0.046788 0.044201 0.003294 -0.030275 0.001134 0.999536
1788249890.029649734 0.034157 0.046805 0.040195 0.003421 -0.031256 0.001085 0.999505
1788249890.062987089 0.034510 0.046895 0.034786 0.003750 -0.031384 0.001155 0.999500
1788249890.096324444 0.035686 0.045767 0.030473 0.004019 -0.030934 0.001139 0.999513
1788249890.129662037 0.036292 0.045738 0.024868 0.003968 -0.030659 0.001117 0.999521
1788249890.162998199 0.036119 0.046588 0.020982 0.003620 -0.030874 0.001123 0.999516
1788249890.196335554 0.036630 0.046816 0.018584 0.003171 -0.031327 0.001375 0.999503
1788249890.229672909 0.037328 0.047164 0.015858 0.002742 -0.031411 0.001265 0.999502
1788249890.263009787 0.037619 0.047497 0.011112 0.002469 -0.031215 0.001262 0.999509
1788249890.296346903 0.037683 0.046290 0.004716 0.002678 -0.031168 0.001171 0.999510
1788249890.329683781 0.038448 0.046358 -0.001252 0.003408 -0.031343 0.001148 0.999502
1788249890.363021135 0.037420 0.044934 -0.009949 0.004010 -0.031120 0.001082 0.999507
1788249890.396358252 0.037989 0.044431 -0.016796 0.004201 -0.030744 0.001489 0.999517
1788249890.429695129 0.041550 0.043719 -0.020163 0.003905 -0.030621 0.001729 0.999522
1788249890.463032246 0.040598 0.044772 -0.025598 0.003876 -0.030819 0.001378 0.999517
1788249890.496369123 0.039991 0.043834 -0.031319 0.004026 -0.031588 0.001209 0.999492
1788249890.529705763 0.038980 0.042929 -0.038383 0.004516 -0.031846 0.000945 0.999482
1788249890.563042879 0.039617 0.042555 -0.042253 0.004634 -0.031427 0.001011 0.999495
1788249890.596378565 0.040337 0.041796 -0.046282 0.004311 -0.031060 0.001311 0.999507
1788249890.629715681 0.041090 0.042825 -0.050882 0.003999 -0.031221 0.001430 0.999503
1788249890.663052082 0.041148 0.042344 -0.055460 0.003795 -0.031394 0.001472 0.999499
1788249890.696388721 0.041354 0.042323 -0.058047 0.003544 -0.031581 0.001401 0.999494
1788249890.729725599 0.041807 0.042793 -0.061247 0.003109 -0.031560 0.001085 0.999496
1788249890.763062239 0.042063 0.042274 -0.066734 0.003219 -0.031587 0.000862 0.999495
1788249890.796398640 0.041279 0.041211 -0.073480 0.003864 -0.031501 0.000779 0.999496
1788249890.829735279 0.041179 0.039934 -0.081637 0.004315 -0.031258 0.000978 0.999502
1788249890.863072157 0.043390 0.039971 -0.085503 0.004287 -0.031108 0.001255 0.999506
1788249890.896409512 0.043760 0.040273 -0.091114 0.003919 -0.030762 0.001350 0.999518
1788249890.929746866 0.044139 0.040789 -0.096631 0.003678 -0.030989 0.001353 0.999512
1788249890.963083982 0.042781 0.039922 -0.103437 0.004074 -0.031418 0.001096 0.999497
1788249890.996420860 0.043497 0.040439 -0.107367 0.004656 -0.031713 0.000990 0.999486
1788249891.029757977 0.041810 0.039215 -0.115303 0.004927 -0.031382 0.000885 0.999495
1788249891.063094139 0.042993 0.039067 -0.118647 0.004770 -0.031222 0.001033 0.999501
1788249891.096431255 0.044653 0.038874 -0.121750 0.004783 -0.031460 0.001326 0.999493
1788249891.129768372 0.042630 0.039489 -0.127012 0.005014 -0.031311 0.001294 0.999496
1788249891.163105249 0.043106 0.039855 -0.128631 0.004705 -0.031250 0.001370 0.999500
1788249891.196442127 0.043844 0.039465 -0.127146 0.004303 -0.031261 0.001109 0.999501
1788249891.229778767 0.043188 0.039872 -0.130563 0.004608 -0.031380 0.000698 0.999497
1788249891.263115883 0.042320 0.038982 -0.133037 0.004695 -0.031488 0.000641 0.999493
1788249891.296452761 0.042642 0.039705 -0.132533 0.004689 -0.031469 0.000660 0.999494
1788249891.329789400 0.042194 0.039623 -0.135364 0.004648 -0.031331 0.000643 0.999498
1788249891.363126278 0.042886 0.040232 -0.133959 0.004541 -0.031361 0.000650 0.999498
1788249891.396462917 0.043684 0.040058 -0.133691 0.003951 -0.031469 0.000697 0.999497
1788249891.429799795 0.043072 0.039992 -0.135587 0.004010 -0.031481 0.000597 0.999496
1788249891.463136435 0.042473 0.039117 -0.138973 0.004716 -0.031414 0.000417 0.999495
1788249891.496471643 0.044275 0.039122 -0.138682 0.005157 -0.031561 0.000453 0.999488
1788249891.529808521 0.043747 0.038543 -0.139842 0.004861 -0.031562 0.000536 0.999490
1788249891.563144922 0.043054 0.039372 -0.141546 0.004622 -0.031395 0.000500 0.999496
1788249891.596481562 0.043200 0.039008 -0.142526 0.004950 -0.031193 0.000510 0.999501
1788249891.629817963 0.042571 0.038772 -0.143973 0.005159 -0.031207 0.000390 0.999500
1788249891.663154364 0.043239 0.038721 -0.142170 0.005057 -0.031358 0.000377 0.999495
1788249891.696490765 0.043143 0.038127 -0.142232 0.004752 -0.031333 0.000427 0.999498
1788249891.729827166 0.042745 0.038047 -0.142093 0.004732 -0.031288 0.000501 0.999499
1788249891.763163567 0.042325 0.038206 -0.141857 0.004848 -0.031256 0.000477 0.999500
1788249891.796499491 0.041637 0.038618 -0.142188 0.004852 -0.031231 0.000510 0.999500
1788249891.829836130 0.042059 0.038507 -0.140661 0.004692 -0.031284 0.000589 0.999499
1788249891.863175392 0.042320 0.038899 -0.140308 0.004580 -0.031304 0.000574 0.999499
1788249891.896519184 0.042036 0.039567 -0.139194 0.004464 -0.031317 0.000518 0.999499
1788249891.929862976 0.041703 0.039255 -0.140251 0.004507 -0.031253 0.000572 0.999501
1788249891.963205814 0.042632 0.039457 -0.140273 0.004646 -0.031332 0.000493 0.999498
1788249891.996549606 0.042237 0.038959 -0.139993 0.004751 -0.031297 0.000523 0.999499
1788249892.029893398 0.041000 0.038453 -0.142358 0.004781 -0.031158 0.000523 0.999503
1788249892.063237429 0.041763 0.038697 -0.141044 0.004686 -0.031273 0.000532 0.999500
1788249892.096581459 0.041915 0.038891 -0.140816 0.004721 -0.031273 0.000457 0.999500
1788249892.129925489 0.041513 0.038920 -0.141232 0.004771 -0.031230 0.000426 0.999501
1788249892.163269520 0.042612 0.039033 -0.139368 0.004764 -0.031373 0.000614 0.999496
1788249892.196613789 0.042277 0.038682 -0.139898 0.004620 -0.031330 0.000571 0.999498
1788249892.229958057 0.042945 0.038904 -0.139168 0.004597 -0.031424 0.000663 0.999495
1788249892.263302088 0.042784 0.039205 -0.139619 0.004577 -0.031383 0.000552 0.999497
1788249892.296646357 0.042030 0.039052 -0.141275 0.004667 -0.031280 0.000562 0.999500
1788249892.329990625 0.042087 0.039228 -0.140825 0.004800 -0.031268 0.000485 0.999499
1788249892.363335133 0.042644 0.038402 -0.140143 0.004701 -0.031371 0.000640 0.999497
1788249892.396678209 0.041831 0.038711 -0.141144 0.004688 -0.031283 0.000535 0.999499
1788249892.430022717 0.042317 0.038178 -0.140594 0.004634 -0.031282 0.000664 0.999500
1788249892.463367224 0.043118 0.039099 -0.139411 0.004720 -0.031414 0.000663 0.999495
1788249892.496711969 0.042523 0.038277 -0.139692 0.004553 -0.031411 0.000723 0.999496
1788249892.530056477 0.042398 0.038040 -0.139717 0.004463 -0.031298 0.000726 0.999500
1788249892.563401222 0.042191 0.038426 -0.140449 0.004633 -0.031323 0.000639 0.999498
1788249892.596745729 0.041602 0.037802 -0.141002 0.004586 -0.031273 0.000691 0.999500
1788249892.630090714 0.042348 0.038140 -0.139800 0.004648 -0.031331 0.000638 0.999498
1788249892.663435459 0.042127 0.038001 -0.140242 0.004676 -0.031280 0.000584 0.999500
1788249892.696780443 0.041218 0.037551 -0.141423 0.004579 -0.031222 0.000666 0.999502
1788249892.730125189 0.042096 0.038117 -0.140609 0.004605 -0.031303 0.000564 0.999499
1788249892.763470173 0.041878 0.037991 -0.140598 0.004586 -0.031267 0.000590 0.999500
1788249892.796814919 0.042410 0.038201 -0.140573 0.004592 -0.031326 0.000601 0.999498
1788249892.830158949 0.042185 0.037865 -0.140695 0.004618 -0.031318 0.000708 0.999499
1788249892.863501787 0.042456 0.037598 -0.140795 0.004597 -0.031358 0.000740 0.999497
1788249892.896840572 0.043575 0.038748 -0.139360 0.004685 -0.031478 0.000686 0.999493
1788249892.930179119 0.041682 0.037189 -0.141521 0.004543 -0.031260 0.000752 0.999501
1788249892.963518381 0.042472 0.038128 -0.139828 0.004558 -0.031345 0.000725 0.999498
1788249892.996857166 0.042453 0.037864 -0.140381 0.004572 -0.031331 0.000620 0.999498
1788249893.030195713 0.042603 0.037806 -0.139934 0.004599 -0.031386 0.000702 0.999497
1788249893.063534737 0.042110 0.037741 -0.140640 0.004633 -0.031320 0.000682 0.999498
1788249893.096873522 0.042262 0.037788 -0.140284 0.004652 -0.031341 0.000738 0.999498
1788249893.130212545 0.042188 0.037994 -0.140318 0.004633 -0.031323 0.000686 0.999498
1788249893.163551092 0.042368 0.038133 -0.140512 0.004698 -0.031349 0.000664 0.999497
1788249893.196889877 0.041931 0.038017 -0.140617 0.004640 -0.031262 0.000662 0.999500
1788249893.230228662 0.042194 0.037901 -0.140107 0.004595 -0.031336 0.000700 0.999498
