t_ns,state,ok,map_id,track_ms,prep_ms,map_changed,n_tracked_mp,vo_only,tx,ty,tz,qx,qy,qz,qw
1788240945398643968,OK,1,0,7.34142,2.22467,0,3600,0,0.000000,0.000000,0.000000,-0.0000000,-0.0000000,-0.0000000,1.0000000
1788240945431976448,OK,1,0,18.2669,1.52104,0,2944,0,-0.000030,-0.000075,-0.000067,0.0000119,0.0000224,0.0000229,1.0000000
1788240945465308928,OK,1,0,17.3113,2.61354,0,2929,0,-0.000082,0.000184,0.000127,0.0000127,0.0000416,-0.0000256,1.0000000
1788240945498641152,OK,1,0,17.6778,2.50996,0,2899,0,0.000376,0.000038,-0.000570,0.0000140,-0.0000027,-0.0000260,1.0000000
1788240945531973376,OK,1,0,16.8753,2.57758,0,2903,0,0.000051,-0.000016,0.000036,-0.0000156,0.0000333,0.0000066,1.0000000
1788240945565307648,OK,1,0,16.8792,1.21883,0,2845,0,-0.000066,-0.000020,0.000010,-0.0000137,0.0000443,-0.0000221,1.0000000
1788240945598643968,OK,1,0,16.315,0.548583,0,2875,0,0.000003,0.000015,0.000026,-0.0000293,0.0000140,0.0000561,1.0000000
1788240945631980544,OK,1,0,16.3352,0.379458,0,2886,0,-0.000335,-0.000116,-0.000117,-0.0000071,0.0000842,0.0000046,1.0000000
1788240945665316864,OK,1,0,16.6,0.382167,0,2895,0,-0.000110,-0.000014,0.000058,-0.0000246,0.0000427,-0.0000472,1.0000000
1788240945698653440,OK,1,0,16.5597,0.241333,0,2939,0,-0.000178,-0.000143,-0.000271,-0.0000128,0.0000420,-0.0000551,1.0000000
1788240945731988736,OK,1,0,15.8223,0.383583,0,2851,0,-0.000184,-0.000320,-0.000037,-0.0000425,0.0000609,-0.0000071,1.0000000
1788240945765325312,OK,1,0,16.1936,0.522292,0,2895,0,-0.000054,-0.000119,-0.000165,-0.0000391,0.0000525,-0.0000348,1.0000000
1788240945798661376,OK,1,0,16.2426,0.480958,0,2852,0,-0.000209,-0.000009,0.000253,-0.0000233,0.0000296,-0.0000498,1.0000000
1788240945831997696,OK,1,0,15.7619,0.366541,0,2864,0,-0.000245,-0.000065,-0.000265,-0.0000167,0.0000712,-0.0000211,1.0000000
1788240945865334016,OK,1,0,16.8028,0.542542,0,2835,0,-0.000237,-0.000297,0.000009,-0.0000521,0.0000581,-0.0000522,1.0000000
1788240945898670080,OK,1,0,17.2577,0.310583,0,2927,0,-0.000049,0.000091,-0.000286,-0.0000098,0.0000379,-0.0000033,1.0000000
1788240945932006400,OK,1,0,17.4449,0.351,0,2887,0,0.000006,-0.000171,-0.000463,-0.0000166,0.0000434,0.0000016,1.0000000
1788240945965342464,OK,1,0,17.6842,0.28175,0,2901,0,-0.000453,0.000082,-0.000332,0.0000113,0.0000752,-0.0000135,1.0000000
1788240945998678528,OK,1,0,16.5474,0.4865,0,2883,0,-0.000194,-0.000352,-0.000050,-0.0000592,0.0000420,-0.0000098,1.0000000
1788240946032014592,OK,1,0,16.8764,0.249667,0,2858,0,-0.000379,0.000086,-0.000079,0.0000166,0.0000818,-0.0000399,1.0000000
1788240946065350656,OK,1,0,16.4063,0.404917,0,2860,0,-0.000494,0.000343,-0.000094,0.0000261,0.0000718,-0.0000615,1.0000000
1788240946098686720,OK,1,0,16.7655,0.385417,0,2928,0,-0.000063,-0.000231,-0.000241,-0.0000308,0.0000466,-0.0000432,1.0000000
1788240946132022784,OK,1,0,15.8313,0.405875,0,2873,0,0.000270,0.000095,0.000203,-0.0000011,0.0000235,-0.0000329,1.0000000
1788240946165358592,OK,1,0,16.4659,0.848375,0,2847,0,0.000664,-0.000636,-0.000326,-0.0000681,-0.0000432,0.0000494,1.0000000
1788240946198693376,OK,1,0,16.4131,0.250334,0,2850,0,0.000411,-0.000041,-0.000033,-0.0000116,0.0000093,-0.0000004,1.0000000
1788240946232029184,OK,1,0,16.2431,0.260584,0,2881,0,-0.000439,0.000050,-0.000168,-0.0000008,0.0000718,-0.0000279,1.0000000
1788240946265365248,OK,1,0,16.3635,0.3845,0,2931,0,0.000347,-0.000001,-0.000120,-0.0000146,0.0000154,-0.0000179,1.0000000
1788240946298700800,OK,1,0,17.7132,0.501958,0,2897,0,-0.000087,-0.000273,-0.000096,-0.0000171,0.0000210,-0.0000670,1.0000000
1788240946332036608,OK,1,0,17.6075,0.508,0,2865,0,-0.000250,0.000297,0.000106,0.0000119,0.0000541,-0.0000554,1.0000000
1788240946365372416,OK,1,0,17.0598,0.238417,0,2900,0,-0.000036,-0.000233,0.000036,-0.0000294,0.0000436,0.0000024,1.0000000
1788240946398707968,OK,1,0,16.8395,0.360125,0,2909,0,-0.000016,-0.000093,-0.000059,-0.0000236,0.0000321,-0.0000296,1.0000000
1788240946432043776,OK,1,0,16.0724,0.773666,0,2845,0,0.000001,-0.000415,-0.000162,-0.0000557,0.0000348,-0.0000389,1.0000000
1788240946465379328,OK,1,0,16.2306,0.398208,0,2886,0,-0.000003,0.000072,-0.000097,0.0000002,0.0000329,-0.0000629,1.0000000
1788240946498714880,OK,1,0,17.3253,0.277625,0,2894,0,0.000168,-0.000248,-0.000172,-0.0000354,0.0000065,0.0000198,1.0000000
1788240946532050432,OK,1,0,28.4015,0.261667,0,2898,0,-0.000391,-0.000115,-0.000203,-0.0000091,0.0000823,-0.0000269,1.0000000
1788240946565385472,OK,1,0,16.5181,0.309666,0,2876,0,-0.000332,0.000148,-0.000375,0.0000130,0.0000556,-0.0000612,1.0000000
1788240946598719488,OK,1,0,19.2241,0.887,0,2881,0,-0.000415,0.000180,0.000177,0.0000208,0.0000689,-0.0001132,1.0000000
1788240946632052480,OK,1,0,17.1522,0.387875,0,2874,0,0.000336,-0.000490,-0.000082,-0.0000645,-0.0000061,-0.0000299,1.0000000
1788240946665386496,OK,1,0,16.6717,0.492875,0,2907,0,-0.000534,-0.000086,-0.000050,-0.0000069,0.0000882,-0.0000318,1.0000000
1788240946698720512,OK,1,0,18.0323,0.471875,0,2867,0,0.000124,-0.000035,0.000115,-0.0000144,0.0000187,-0.0000166,1.0000000
1788240946732054528,OK,1,0,17.0462,0.361542,0,2884,0,0.000588,-0.000239,-0.000264,-0.0000458,-0.0000269,0.0000265,1.0000000
1788240946765388288,OK,1,0,17.0583,0.242583,0,2863,0,0.000219,-0.000451,-0.000124,-0.0000581,0.0000108,-0.0000423,1.0000000
1788240946798722048,OK,1,0,16.1411,0.30875,0,2878,0,-0.000137,-0.000218,-0.000392,-0.0000312,0.0000387,-0.0000405,1.0000000
1788240946832055552,OK,1,0,16.0982,0.255583,0,2903,0,0.000054,-0.000292,-0.000275,-0.0000445,0.0000336,-0.0000065,1.0000000
1788240946865389056,OK,1,0,17.1272,0.345792,0,2926,0,-0.000276,0.000275,-0.000205,0.0000133,0.0000732,-0.0000837,1.0000000
1788240946898722560,OK,1,0,16.9808,0.260292,0,2917,0,-0.000416,-0.000369,0.000043,-0.0000287,0.0000722,-0.0000186,1.0000000
1788240946932056064,OK,1,0,17.0581,0.348,0,2862,0,0.000118,-0.000104,-0.000032,0.0000059,0.0000414,-0.0000020,1.0000000
1788240946965389568,OK,1,0,17.3243,0.365792,0,2869,0,-0.000058,-0.000296,-0.000214,-0.0000140,0.0000527,-0.0000035,1.0000000
1788240946998722816,OK,1,0,17.2496,0.246666,0,2903,0,0.000128,-0.000587,0.000019,-0.0000799,0.0000330,0.0000200,1.0000000
1788240947032056064,OK,1,0,16.0671,0.24225,0,2898,0,-0.000710,-0.000112,-0.000323,-0.0000111,0.0001053,-0.0000622,1.0000000
1788240947065388544,OK,1,0,16.9169,0.542042,0,2882,0,-0.000081,-0.000198,-0.000102,-0.0000436,0.0000734,-0.0000166,1.0000000
1788240947098721792,OK,1,0,16.7282,0.250541,0,2858,0,0.000040,-0.000358,0.000014,-0.0000476,0.0000180,0.0000014,1.0000000
1788240947132054784,OK,1,0,16.4883,0.369958,0,2866,0,-0.000295,-0.000408,0.000082,-0.0000409,0.0000545,-0.0000033,1.0000000
1788240947165387776,OK,1,0,16.3322,0.379458,0,2899,0,0.000092,-0.000145,-0.000022,-0.0000289,0.0000261,-0.0000123,1.0000000
1788240947198720768,OK,1,0,15.8715,0.404541,0,2907,0,0.000285,-0.000327,-0.000456,-0.0000442,0.0000224,0.0000116,1.0000000
1788240947232053504,OK,1,0,16.7909,0.367875,0,2909,0,-0.000103,-0.000685,-0.000189,-0.0000772,0.0000417,0.0000499,1.0000000
1788240947265386240,OK,1,0,16.735,0.415334,0,2897,0,0.000244,-0.000203,-0.000136,-0.0000458,0.0000048,-0.0000362,1.0000000
1788240947298718976,OK,1,0,16.5274,0.430333,0,2879,0,0.000288,-0.000094,0.000042,-0.0000184,0.0000247,0.0000054,1.0000000
1788240947332051712,OK,1,0,17.4239,0.413333,0,2907,0,-0.000240,-0.000284,-0.000215,-0.0000474,0.0000638,-0.0000529,1.0000000
1788240947365384192,OK,1,0,17.0739,0.380625,0,2839,0,0.000102,0.000183,-0.000199,0.0000600,0.0000903,-0.0000195,1.0000000
1788240947398716928,OK,1,0,15.4403,0.379834,0,2489,0,0.000512,-0.000574,0.001047,0.0001931,0.0005616,-0.0000510,0.9999998
1788240947432049664,OK,1,0,16.5746,0.365458,0,2479,0,0.000457,0.000235,0.002336,0.0003689,0.0009083,-0.0001919,0.9999995
1788240947465381888,OK,1,0,14.6912,0.367875,0,2503,0,0.000518,0.000836,0.003611,0.0002311,0.0006658,-0.0002746,0.9999998
1788240947498713088,OK,1,0,15.8543,0.395875,0,2537,0,-0.000221,0.001590,0.005478,0.0002468,0.0005964,-0.0003037,0.9999998
1788240947532045568,OK,1,0,15.3971,0.381,0,2559,0,-0.000238,0.000965,0.008249,0.0001093,0.0005463,-0.0001699,0.9999998
1788240947565380096,OK,1,0,15.8143,0.298791,0,2579,0,-0.001364,0.001500,0.011014,-0.0001125,0.0002609,-0.0001307,1.0000000
1788240947598717440,OK,1,0,16.4629,0.259875,0,2535,0,-0.001002,0.001140,0.012714,-0.0003318,0.0000466,-0.0001230,0.9999999
1788240947632055296,OK,1,0,16.8198,0.306042,0,2527,0,-0.000850,0.001656,0.014984,-0.0002861,0.0000948,-0.0002587,0.9999999
1788240947665392896,OK,1,0,16.2498,0.2865,0,2547,0,-0.002044,0.001901,0.016226,-0.0002146,0.0002633,-0.0003511,0.9999999
1788240947698730240,OK,1,0,15.7392,0.366459,0,2474,0,-0.000777,0.002102,0.018534,-0.0001531,0.0004316,-0.0002884,0.9999999
1788240947732067584,OK,1,0,16.3014,0.48775,0,2503,0,0.000136,0.001544,0.020104,-0.0001084,0.0005730,-0.0002305,0.9999998
1788240947765404928,OK,1,0,15.9647,0.361041,0,2447,0,0.000133,0.002305,0.022823,-0.0000800,0.0007748,-0.0003373,0.9999996
1788240947798742784,OK,1,0,15.5772,0.383625,0,2464,0,-0.000546,0.002365,0.025456,-0.0001886,0.0008933,-0.0002987,0.9999996
1788240947832080128,OK,1,0,16.0495,0.533709,0,2465,0,-0.001200,0.002040,0.028489,-0.0004505,0.0008224,-0.0002418,0.9999996
1788240947865417472,OK,1,0,15.4706,0.40375,0,2451,0,0.000170,0.002780,0.032319,-0.0006501,0.0005148,-0.0002321,0.9999996
1788240947898754816,OK,1,0,16.1521,0.300666,0,2386,0,0.000228,0.004151,0.036012,-0.0007161,0.0003953,-0.0003007,0.9999996
1788240947932092160,OK,1,0,16.4352,0.248208,0,2386,0,0.000769,0.003254,0.038797,-0.0009569,0.0003467,-0.0000070,0.9999995
1788240947965428480,OK,1,0,14.9128,0.357459,0,2395,0,0.000819,0.003338,0.040997,-0.0009169,0.0004068,0.0001086,0.9999995
1788240947998765824,OK,1,0,15.6343,0.496792,0,2351,0,0.000830,0.002863,0.042728,-0.0007946,0.0006801,0.0001032,0.9999995
1788240948032102912,OK,1,0,15.7895,0.627625,0,2400,0,0.000731,0.003448,0.045236,-0.0004944,0.0010706,0.0001053,0.9999993
1788240948065440512,OK,1,0,15.5542,0.253791,0,2392,0,0.000337,0.001932,0.047791,-0.0003667,0.0012366,0.0000748,0.9999992
1788240948098777600,OK,1,0,15.2588,0.383917,0,2379,0,-0.000786,0.003076,0.050397,-0.0001904,0.0010912,-0.0000221,0.9999994
1788240948132114944,OK,1,0,15.9142,0.361125,0,2390,0,0.000747,0.002897,0.054638,-0.0003831,0.0009444,-0.0000374,0.9999995
1788240948165452032,OK,1,0,15.4622,0.538583,0,2343,0,0.000933,0.004139,0.059635,-0.0005866,0.0010511,-0.0000827,0.9999993
1788240948198789376,OK,1,0,15.3272,0.246583,0,2341,0,-0.000259,0.004944,0.063237,-0.0009007,0.0008884,-0.0001946,0.9999992
1788240948232126464,OK,1,0,14.259,0.346042,0,2303,0,0.000363,0.004539,0.067719,-0.0012146,0.0005462,-0.0001150,0.9999991
1788240948265463552,OK,1,0,15.4544,0.398833,0,2317,0,-0.000728,0.004113,0.071762,-0.0013714,0.0005421,0.0000633,0.9999989
1788240948298800896,OK,1,0,15.5183,0.588375,0,2284,0,0.000239,0.005223,0.075660,-0.0013752,0.0007224,0.0000433,0.9999988
1788240948332137984,OK,1,0,15.7005,0.276375,0,2269,0,0.000528,0.004726,0.078240,-0.0013117,0.0009298,0.0001620,0.9999987
1788240948365475072,OK,1,0,16.1899,0.4795,0,2288,0,0.000115,0.004829,0.080251,-0.0009944,0.0011283,0.0002061,0.9999989
1788240948398811392,OK,1,0,15.5742,0.353416,0,2334,0,0.000124,0.004776,0.083257,-0.0006944,0.0012604,0.0001154,0.9999990
1788240948432148224,OK,1,0,14.9642,0.262375,0,2304,0,0.000514,0.005851,0.086492,-0.0003997,0.0011828,-0.0000099,0.9999992
1788240948465485312,OK,1,0,15.0243,0.410333,0,2331,0,0.000495,0.006104,0.090494,-0.0005370,0.0011210,-0.0000638,0.9999992
1788240948498822144,OK,1,0,14.5449,0.256083,0,2287,0,0.001010,0.005698,0.095046,-0.0009235,0.0010660,-0.0000702,0.9999990
1788240948532159488,OK,1,0,15.0547,0.246042,0,2247,0,0.000730,0.005810,0.099291,-0.0011700,0.0009879,0.0000031,0.9999989
1788240948565497856,OK,1,0,14.975,0.368625,0,2278,0,0.000183,0.006750,0.103345,-0.0011210,0.0007893,-0.0000184,0.9999991
1788240948598838272,OK,1,0,15.1795,0.3975,0,2290,0,0.000805,0.006998,0.106934,-0.0012921,0.0006942,0.0000607,0.9999989
1788240948632178688,OK,1,0,14.8329,0.257292,0,2257,0,-0.000206,0.007554,0.110372,-0.0012997,0.0010141,0.0000827,0.9999987
1788240948665519360,OK,1,0,14.5046,0.374334,0,2234,0,0.001452,0.007352,0.113390,-0.0011964,0.0012437,0.0002377,0.9999985
1788240948698859776,OK,1,0,15.3242,0.258833,0,2223,0,0.002581,0.007725,0.115947,-0.0007910,0.0013444,0.0003297,0.9999987
1788240948732200448,OK,1,0,14.571,0.248125,0,2245,0,0.000693,0.007925,0.118958,-0.0002124,0.0014056,0.0002611,0.9999990
1788240948765540864,OK,1,0,15.5169,0.547584,0,2221,0,0.001251,0.007258,0.121872,-0.0000984,0.0012618,0.0002463,0.9999992
1788240948798881280,OK,1,0,14.6499,0.296584,0,2150,0,0.001943,0.007503,0.126923,-0.0004240,0.0012829,0.0001579,0.9999991
1788240948832222208,OK,1,0,15.0605,0.379834,0,2173,0,0.002522,0.008419,0.131647,-0.0008197,0.0012068,0.0001978,0.9999989
1788240948865561856,OK,1,0,15.2357,0.557917,0,2175,0,0.000422,0.009645,0.135876,-0.0009199,0.0013026,0.0000196,0.9999987
1788240948898902272,OK,1,0,15.6418,0.505125,0,2226,0,0.000458,0.009268,0.140505,-0.0011548,0.0011360,0.0001860,0.9999987
1788240948932242944,OK,1,0,15.432,0.326,0,2170,0,0.001315,0.008329,0.144554,-0.0013586,0.0011362,0.0002356,0.9999984
1788240948965583616,OK,1,0,16.2615,0.363167,0,2169,0,0.000554,0.009487,0.147809,-0.0012010,0.0014962,0.0002333,0.9999982
1788240948998924288,OK,1,0,14.7175,0.283292,0,2133,0,0.002230,0.008959,0.150774,-0.0009216,0.0014626,0.0003273,0.9999985
1788240949032264960,OK,1,0,15.1242,0.321708,0,2116,0,0.000954,0.008508,0.152996,-0.0006949,0.0014063,0.0001744,0.9999987
1788240949065605632,OK,1,0,14.1703,0.254792,0,2125,0,0.000072,0.009883,0.157584,-0.0006702,0.0014733,0.0000298,0.9999987
1788240949098946304,OK,1,0,13.8127,0.492542,0,2137,0,0.000683,0.010427,0.162264,-0.0008664,0.0015135,-0.0001492,0.9999985
1788240949132287232,OK,1,0,15.1668,0.244292,0,2119,0,-0.000449,0.010024,0.166320,-0.0010854,0.0015256,-0.0002806,0.9999982
1788240949165627904,OK,1,0,14.3808,0.362791,0,2114,0,-0.000234,0.011486,0.171510,-0.0009582,0.0014888,-0.0003916,0.9999984
1788240949198968832,OK,1,0,14.3859,0.262291,0,2121,0,0.000786,0.012645,0.176360,-0.0008930,0.0014217,-0.0003197,0.9999986
1788240949232309504,OK,1,0,14.662,0.369333,0,2149,0,0.001896,0.010060,0.181694,-0.0009771,0.0014676,0.0000695,0.9999985
1788240949265650432,OK,1,0,14.5536,0.351833,0,2131,0,0.001696,0.011005,0.188140,-0.0007628,0.0015283,0.0000906,0.9999986
1788240949298990336,OK,1,0,14.6605,0.342625,0,2143,0,0.002011,0.011194,0.194858,-0.0009474,0.0016036,0.0001138,0.9999983
1788240949332331008,OK,1,0,13.3416,0.392709,0,2097,0,0.001635,0.011420,0.200665,-0.0012546,0.0015675,-0.0000100,0.9999980
1788240949365671936,OK,1,0,13.4285,0.243083,0,2122,0,0.001146,0.010737,0.206441,-0.0014743,0.0014953,-0.0000679,0.9999978
1788240949399012608,OK,1,0,13.7658,0.397792,0,2086,0,0.001452,0.012178,0.212885,-0.0014798,0.0014863,-0.0000231,0.9999978
1788240949432353792,OK,1,0,14.0265,0.235875,0,2099,0,0.002109,0.012703,0.218857,-0.0012881,0.0015666,0.0000808,0.9999980
1788240949465694464,OK,1,0,13.6125,0.513459,0,2119,0,0.002011,0.012078,0.223964,-0.0010335,0.0015722,0.0002991,0.9999982
1788240949499035648,OK,1,0,15.1415,0.253375,0,2078,0,0.001274,0.012188,0.227164,-0.0008268,0.0016670,0.0004336,0.9999982
1788240949532376576,OK,1,0,14.4614,0.250834,0,2052,0,0.002795,0.013070,0.234974,-0.0007206,0.0016100,0.0004068,0.9999984
1788240949565717760,OK,1,0,15.1549,0.454625,0,2062,0,0.002587,0.013387,0.240845,-0.0007655,0.0015802,0.0002694,0.9999985
1788240949599059200,OK,1,0,13.4341,0.407041,0,2043,0,0.000393,0.015704,0.246570,-0.0007878,0.0017190,-0.0000243,0.9999982
1788240949632400896,OK,1,0,14.4062,0.332292,0,2072,0,0.002790,0.013681,0.252700,-0.0012299,0.0014332,0.0001092,0.9999982
1788240949665742336,OK,1,0,14.2267,0.301792,0,2058,0,0.002764,0.014308,0.258910,-0.0009611,0.0013203,0.0001341,0.9999987
1788240949699084032,OK,1,0,13.7505,0.245375,0,2016,0,0.001676,0.013448,0.263420,-0.0006016,0.0014593,0.0002143,0.9999987
1788240949732424704,OK,1,0,14.3759,0.377708,0,2044,0,0.002036,0.012814,0.267561,-0.0004623,0.0014176,0.0002822,0.9999989
1788240949765766400,OK,1,0,13.9768,0.246959,0,2034,0,0.000746,0.014233,0.273044,-0.0004605,0.0013881,0.0001334,0.9999989
1788240949799108096,OK,1,0,14.1989,0.243458,0,2002,0,0.002856,0.015524,0.278593,-0.0002400,0.0014944,0.0000879,0.9999989
1788240949832450048,OK,1,0,14.0322,0.249208,0,1989,0,0.003003,0.014724,0.283259,0.0000265,0.0015959,0.0001411,0.9999987
1788240949865791744,OK,1,0,13.5038,0.247291,0,1986,0,0.004308,0.016539,0.288823,0.0002113,0.0014564,0.0002206,0.9999989
1788240949899133440,OK,1,0,13.4231,0.277084,0,2003,0,0.003471,0.015458,0.294776,-0.0001432,0.0015652,0.0004768,0.9999987
1788240949932475392,OK,1,0,14.1554,0.381,0,1958,0,0.001472,0.016426,0.299960,-0.0002507,0.0018354,0.0004312,0.9999982
1788240949965817088,OK,1,0,13.7903,0.3775,0,1961,0,0.001302,0.017050,0.304915,-0.0003454,0.0018235,0.0004131,0.9999982
1788240949999159040,OK,1,0,14.1725,0.254084,0,1949,0,0.001452,0.017254,0.312247,-0.0005836,0.0015936,0.0002686,0.9999985
1788240950032500992,OK,1,0,13.4089,0.319417,0,1920,0,0.002327,0.017754,0.318452,-0.0008627,0.0014364,0.0003744,0.9999985
1788240950065842688,OK,1,0,13.5596,0.316875,0,1927,0,0.001211,0.017121,0.320783,-0.0010472,0.0017345,0.0004268,0.9999979
1788240950099184896,OK,1,0,13.7634,0.348167,0,1889,0,0.004330,0.017799,0.326948,-0.0009661,0.0016739,0.0005809,0.9999980
1788240950132526592,OK,1,0,14.143,0.278083,0,1914,0,0.004162,0.017921,0.329979,-0.0010395,0.0016964,0.0006491,0.9999979
1788240950165868544,OK,1,0,13.5001,0.316667,0,1908,0,0.003945,0.017018,0.334614,-0.0013026,0.0016497,0.0005718,0.9999976
1788240950199209728,OK,1,0,13.0785,0.501917,0,1889,0,0.002935,0.019105,0.339524,-0.0009390,0.0015835,0.0004066,0.9999982
1788240950232551680,OK,1,0,13.4923,0.519708,0,1859,0,0.000228,0.017221,0.338795,-0.0008601,0.0014840,0.0002573,0.9999985
1788240950265893888,OK,1,0,13.5598,0.365083,0,1890,0,0.001173,0.016963,0.341379,-0.0009402,0.0013687,0.0002303,0.9999986
1788240950299235840,OK,1,0,14.0325,0.463792,0,1919,0,0.002700,0.017552,0.343401,-0.0007759,0.0019847,0.0002702,0.9999977
1788240950332578048,OK,1,0,13.7304,0.381792,0,1861,0,0.002453,0.017910,0.344880,-0.0003699,0.0028760,0.0003258,0.9999958
1788240950365920256,OK,1,0,13.2939,0.256375,0,1879,0,0.001421,0.017546,0.349992,-0.0003768,0.0033955,0.0003032,0.9999942
1788240950399262464,OK,1,0,13.2483,0.247084,0,1873,0,0.005872,0.017488,0.357595,-0.0008087,0.0033113,0.0006497,0.9999940
1788240950432604416,OK,1,0,13.2635,0.288625,0,1865,0,0.006500,0.019966,0.363378,-0.0015211,0.0044028,0.0005586,0.9999890
1788240950465946880,OK,1,0,13.05,0.343875,0,1821,0,0.006964,0.020761,0.369991,-0.0020989,0.0065372,0.0004986,0.9999763
1788240950499289088,OK,1,0,13.2464,0.530375,0,1873,0,0.005803,0.019960,0.369071,-0.0021417,0.0086431,0.0004564,0.9999603
1788240950532631296,OK,1,0,13.313,0.372,0,1879,0,0.012331,0.020799,0.373984,-0.0017610,0.0100028,0.0003061,0.9999484
1788240950565971456,OK,1,0,13.3323,0.521916,0,1833,0,0.011704,0.021484,0.377257,-0.0011654,0.0116772,0.0000299,0.9999312
1788240950599308032,OK,1,0,12.8502,0.38925,0,1839,0,0.014301,0.022788,0.380814,-0.0005904,0.0132667,-0.0004927,0.9999117
1788240950632643840,OK,1,0,13.5903,0.310875,0,1821,0,0.017202,0.023147,0.386201,-0.0005010,0.0153254,-0.0008754,0.9998821
1788240950665980672,OK,1,0,13.4748,0.264084,0,1839,0,0.021125,0.021746,0.395818,-0.0012779,0.0173482,-0.0006151,0.9998485
1788240950699317504,OK,1,0,13.1342,0.367542,0,1835,0,0.024271,0.023971,0.404041,-0.0018023,0.0187158,-0.0002814,0.9998232
1788240950732654080,OK,1,0,13.9555,0.510375,0,1816,0,0.021463,0.023655,0.408505,-0.0021975,0.0193482,-0.0000808,0.9998104
1788240950765990400,OK,1,0,12.8765,0.400041,0,1816,0,0.026581,0.025217,0.422190,-0.0022955,0.0191604,-0.0000808,0.9998138
1788240950799327232,OK,1,0,13.2182,0.393291,0,1822,0,0.025546,0.026000,0.430184,-0.0020882,0.0195490,-0.0005135,0.9998066
1788240950832663552,OK,1,0,13.344,0.399584,0,1779,0,0.024298,0.026664,0.436803,-0.0017602,0.0196198,-0.0009625,0.9998055
1788240950865999872,OK,1,0,13.2939,0.411208,0,1782,0,0.024552,0.025488,0.445360,-0.0016128,0.0195805,-0.0010332,0.9998065
1788240950899336448,OK,1,0,13.1879,0.371083,0,1763,0,0.023489,0.026282,0.449034,-0.0009215,0.0199349,-0.0010070,0.9998004
1788240950932672768,OK,1,0,13.006,0.376584,0,1780,0,0.023992,0.025087,0.457530,-0.0004478,0.0199360,-0.0009825,0.9998007
1788240950966009344,OK,1,0,12.9592,0.281417,0,1757,0,0.024361,0.027725,0.467326,-0.0002282,0.0197734,-0.0011016,0.9998038
1788240950999345408,OK,1,0,12.6635,0.385917,0,1745,0,0.026677,0.027087,0.476079,-0.0003744,0.0197632,-0.0014203,0.9998036
1788240951032681984,OK,1,0,12.5014,0.391417,0,1755,0,0.023293,0.027655,0.486057,0.0001136,0.0201147,-0.0016546,0.9997963
1788240951066017024,OK,1,0,12.8459,0.245667,0,1709,0,0.026250,0.029589,0.498807,0.0005375,0.0197417,-0.0015444,0.9998038
1788240951099353344,OK,1,0,13.0841,0.262,0,1693,0,0.025469,0.029919,0.509730,0.0004003,0.0198735,-0.0015453,0.9998012
1788240951132689408,OK,1,0,13.4923,0.369208,0,1703,0,0.026621,0.032107,0.520190,0.0004407,0.0200023,-0.0012613,0.9997991
1788240951166025472,OK,1,0,13.1739,0.354458,0,1697,0,0.030069,0.031367,0.531769,0.0004050,0.0198209,-0.0008726,0.9998031
1788240951199361536,OK,1,0,12.8922,0.3285,0,1701,0,0.027512,0.031935,0.541940,0.0005271,0.0200557,-0.0010882,0.9997981
1788240951232697600,OK,1,0,12.5834,0.409375,0,1674,0,0.025826,0.031873,0.549758,0.0001236,0.0203294,-0.0012753,0.9997925
1788240951266033408,OK,1,0,12.7398,0.369584,0,1909,0,0.023342,0.030180,0.561224,-0.0002806,0.0207346,-0.0014634,0.9997839
1788240951299369472,OK,1,0,12.9858,0.491875,0,1806,0,0.022848,0.032053,0.571601,-0.0000794,0.0210403,-0.0017506,0.9997771
1788240951332705280,OK,1,0,13.2893,0.381375,0,1880,0,0.022701,0.034582,0.583348,0.0002310,0.0208430,-0.0018834,0.9997810
1788240951366041344,OK,1,0,12.8454,0.310041,0,1910,0,0.031026,0.032876,0.595010,-0.0002258,0.0199411,-0.0011918,0.9998004
1788240951399376896,OK,1,0,12.9192,0.411625,0,1881,0,0.031161,0.032563,0.604588,-0.0004272,0.0203014,-0.0008814,0.9997934
1788240951432712960,OK,1,0,12.5823,0.384416,0,1833,0,0.033098,0.034356,0.616397,-0.0004301,0.0204774,-0.0008381,0.9997899
1788240951466048512,OK,1,0,12.2169,0.305708,0,1803,0,0.031042,0.033854,0.626431,-0.0005664,0.0204592,-0.0008350,0.9997902
1788240951499384320,OK,1,0,12.5068,0.490291,0,1769,0,0.030495,0.033624,0.636687,-0.0006678,0.0205695,-0.0009888,0.9997877
1788240951532719104,OK,1,0,11.7735,0.285416,0,1769,0,0.030974,0.034314,0.646624,-0.0005773,0.0208259,-0.0011619,0.9997823
1788240951566057984,OK,1,0,11.9617,0.36575,0,1739,0,0.032543,0.036058,0.657706,-0.0003477,0.0207326,-0.0011410,0.9997844
1788240951599401472,OK,1,0,12.0555,0.327292,0,1724,0,0.033226,0.036757,0.667574,0.0000490,0.0207696,-0.0009390,0.9997839
1788240951632744960,OK,1,0,11.6157,0.25275,0,1717,0,0.030651,0.034265,0.674581,0.0000715,0.0211971,-0.0007842,0.9997751
1788240951666088448,OK,1,0,11.4039,0.248792,0,1697,0,0.031334,0.034604,0.686190,0.0000236,0.0211465,-0.0008363,0.9997761
1788240951699431936,OK,1,0,11.9953,0.36325,0,1656,0,0.036493,0.037430,0.699026,0.0000270,0.0208603,-0.0009565,0.9997820
1788240951732775680,OK,1,0,12.4683,0.254208,0,1672,0,0.034532,0.037252,0.707613,-0.0000326,0.0215249,-0.0010173,0.9997678
1788240951766119424,OK,1,0,12.1088,0.24175,0,1686,0,0.034469,0.036892,0.717390,0.0001582,0.0217427,-0.0011219,0.9997630
1788240951799463168,OK,1,0,12.2661,0.247167,0,1663,0,0.037170,0.038884,0.730089,0.0003203,0.0212696,-0.0009103,0.9997733
1788240951832806912,OK,1,0,11.5774,0.357541,0,1650,0,0.035886,0.036808,0.739214,0.0001607,0.0214802,-0.0004625,0.9997692
1788240951866150912,OK,1,0,12.5359,0.343625,0,1608,0,0.037781,0.038726,0.750054,0.0003810,0.0216289,-0.0003068,0.9997659
1788240951899494656,OK,1,0,11.6784,0.31975,0,1604,0,0.038077,0.039652,0.760980,0.0002375,0.0214900,-0.0005049,0.9997689
1788240951932838656,OK,1,0,11.5475,0.363125,0,1602,0,0.036895,0.038467,0.770532,-0.0002299,0.0215902,-0.0007077,0.9997666
1788240951966181632,OK,1,0,12.3325,0.271292,0,1701,0,0.037426,0.038591,0.782482,-0.0005905,0.0221124,-0.0009252,0.9997549
1788240951999525632,OK,1,0,12.5274,0.288209,0,1818,0,0.036900,0.040200,0.791723,-0.0005106,0.0222452,-0.0012277,0.9997517
1788240952032869632,OK,1,0,12.2859,0.420125,0,1879,0,0.038035,0.045663,0.808580,-0.0000032,0.0217869,-0.0014399,0.9997616
1788240952066213888,OK,1,0,12.1426,0.491084,0,1851,0,0.041029,0.046045,0.820622,-0.0000516,0.0217318,-0.0012965,0.9997630
1788240952099558144,OK,1,0,12.4092,0.373208,0,1811,0,0.043304,0.047337,0.831297,-0.0000567,0.0218345,-0.0012986,0.9997608
1788240952132902400,OK,1,0,12.5725,0.247625,0,1746,0,0.038779,0.047189,0.839908,-0.0003339,0.0221451,-0.0015711,0.9997535
1788240952166246656,OK,1,0,11.9545,0.244875,0,1786,0,0.039946,0.047422,0.852405,-0.0006983,0.0219912,-0.0017800,0.9997563
1788240952199590912,OK,1,0,12.6074,0.464,0,1761,0,0.039048,0.047730,0.863452,-0.0009149,0.0224528,-0.0021970,0.9997451
1788240952232935424,OK,1,0,13.1383,0.568792,0,1754,0,0.040175,0.049013,0.874526,-0.0010364,0.0221926,-0.0024754,0.9997501
1788240952266279680,OK,1,0,12.1402,0.297458,0,1720,0,0.039626,0.050231,0.884477,-0.0012211,0.0219803,-0.0021761,0.9997553
1788240952299624192,OK,1,0,11.9047,0.248084,0,1698,0,0.041321,0.051347,0.895848,-0.0012900,0.0221496,-0.0018537,0.9997521
1788240952332968704,OK,1,0,12.5879,0.470583,0,1701,0,0.041362,0.051692,0.906979,-0.0012462,0.0224580,-0.0018621,0.9997453
1788240952366313216,OK,1,0,12.6104,0.311792,0,1685,0,0.042159,0.050838,0.918004,-0.0014401,0.0222820,-0.0020149,0.9997486
1788240952399656704,OK,1,0,12.6238,0.487375,0,1649,0,0.041746,0.051880,0.927953,-0.0014631,0.0223512,-0.0023039,0.9997465
1788240952433001472,OK,1,0,13.3479,0.395167,0,1686,0,0.038887,0.051067,0.938019,-0.0013513,0.0227874,-0.0026466,0.9997360
1788240952466346240,OK,1,0,12.3558,0.504833,0,1654,0,0.040142,0.053157,0.948401,-0.0013979,0.0225932,-0.0027075,0.9997401
1788240952499691008,OK,1,0,12.3667,0.332583,0,1635,0,0.039963,0.054406,0.959159,-0.0013987,0.0224828,-0.0027005,0.9997426
1788240952533035520,OK,1,0,11.6113,0.252375,0,1614,0,0.043488,0.053498,0.973423,-0.0016361,0.0222536,-0.0026569,0.9997475
1788240952566380032,OK,1,0,11.9572,0.371792,0,1723,0,0.041649,0.054805,0.981437,-0.0018274,0.0222337,-0.0027844,0.9997473
1788240952599724032,OK,1,0,12.5991,0.313375,0,1843,0,0.041793,0.056213,0.992614,-0.0021897,0.0220727,-0.0029125,0.9997497
1788240952633067776,OK,1,0,12.781,0.427584,0,1835,0,0.044493,0.059438,1.006044,-0.0022973,0.0221427,-0.0029299,0.9997479
1788240952666411776,OK,1,0,13.0724,0.252166,0,1789,0,0.042537,0.058474,1.014358,-0.0023524,0.0225448,-0.0029220,0.9997388
1788240952699756032,OK,1,0,12.0825,0.271459,0,1772,0,0.043839,0.059648,1.025576,-0.0024155,0.0222522,-0.0025331,0.9997463
1788240952733100032,OK,1,0,12.5462,0.268292,0,1766,0,0.047869,0.061342,1.038052,-0.0024764,0.0221174,-0.0021085,0.9997501
1788240952766444288,OK,1,0,13.1124,0.347791,0,1746,0,0.048170,0.061800,1.047681,-0.0025189,0.0223919,-0.0021541,0.9997438
1788240952799788544,OK,1,0,12.8615,0.377666,0,1732,0,0.049516,0.063630,1.059101,-0.0027259,0.0221257,-0.0021480,0.9997492
1788240952833131520,OK,1,0,12.753,0.2635,0,1731,0,0.047723,0.064099,1.070820,-0.0031524,0.0223088,-0.0025272,0.9997430
1788240952866476032,OK,1,0,12.0973,0.395291,0,1690,0,0.048342,0.065482,1.081590,-0.0031371,0.0225953,-0.0027388,0.9997360
1788240952899820288,OK,1,0,12.118,0.475625,0,1699,0,0.050864,0.066961,1.093535,-0.0030300,0.0223799,-0.0026988,0.9997413
1788240952933164800,OK,1,0,12.2481,0.462791,0,1660,0,0.049117,0.066292,1.103157,-0.0032602,0.0222856,-0.0022968,0.9997437
1788240952966509056,OK,1,0,12.0266,0.295,0,1644,0,0.051647,0.067394,1.114860,-0.0030674,0.0223201,-0.0019458,0.9997443
1788240952999853568,OK,1,0,12.1925,0.383959,0,1615,0,0.050427,0.067739,1.123837,-0.0029192,0.0225915,-0.0018946,0.9997388
1788240953033198336,OK,1,0,11.87,0.452125,0,1611,0,0.052191,0.067516,1.133223,-0.0029391,0.0224111,-0.0019037,0.9997427
1788240953066542848,OK,1,0,11.8459,0.244583,0,1593,0,0.051893,0.068754,1.143719,-0.0029227,0.0226308,-0.0019250,0.9997378
1788240953099887360,OK,1,0,11.6743,0.472666,0,1603,0,0.055348,0.068893,1.156643,-0.0028671,0.0227468,-0.0021086,0.9997349
1788240953133231872,OK,1,0,11.9036,0.302834,0,1671,0,0.049321,0.067272,1.164081,-0.0030967,0.0229794,-0.0021852,0.9997288
1788240953166576640,OK,1,0,12.8867,0.378041,0,1730,0,0.052093,0.068413,1.175865,-0.0034352,0.0226419,-0.0021238,0.9997355
1788240953199921408,OK,1,0,13.6878,0.525667,0,1769,0,0.059523,0.070201,1.195239,-0.0035716,0.0221448,-0.0020312,0.9997464
1788240953233266432,OK,1,0,13.1025,0.371,0,1747,0,0.058728,0.070471,1.205069,-0.0038142,0.0222544,-0.0021138,0.9997429
1788240953266611200,OK,1,0,12.2434,0.513375,0,1713,0,0.057221,0.071929,1.214661,-0.0041306,0.0223661,-0.0021166,0.9997391
1788240953299955200,OK,1,0,12.1128,0.324333,0,1683,0,0.059263,0.071796,1.226712,-0.0040585,0.0225556,-0.0020530,0.9997353
1788240953333299968,OK,1,0,12.1884,0.351417,0,1675,0,0.059263,0.071753,1.236280,-0.0040708,0.0227077,-0.0020320,0.9997318
1788240953366644992,OK,1,0,12.8546,0.356875,0,1660,0,0.059630,0.072420,1.246840,-0.0044286,0.0225231,-0.0020281,0.9997345
1788240953399990016,OK,1,0,12.7216,0.539834,0,1652,0,0.061651,0.072453,1.261457,-0.0046449,0.0223288,-0.0020851,0.9997377
1788240953433335296,OK,1,0,12.0192,0.256583,0,1648,0,0.059503,0.074987,1.270705,-0.0043911,0.0224768,-0.0022744,0.9997352
1788240953466680064,OK,1,0,11.8883,0.344083,0,1642,0,0.058606,0.075699,1.279688,-0.0045270,0.0224813,-0.0023537,0.9997343
1788240953500025344,OK,1,0,12.4358,0.248958,0,1629,0,0.060107,0.075119,1.291129,-0.0049017,0.0224706,-0.0021577,0.9997332
1788240953533370624,OK,1,0,11.4319,0.369459,0,1642,0,0.059851,0.075242,1.299945,-0.0044601,0.0229088,-0.0020885,0.9997255
1788240953566713856,OK,1,0,11.9118,0.313209,0,1609,0,0.061358,0.074784,1.309771,-0.0041916,0.0228998,-0.0019855,0.9997270
1788240953600054016,OK,1,0,12.1614,0.266292,0,1559,0,0.061321,0.075811,1.320898,-0.0041391,0.0227791,-0.0019566,0.9997301
1788240953633393920,OK,1,0,12.4632,0.542833,0,1556,0,0.062294,0.077374,1.332225,-0.0038723,0.0228280,-0.0019457,0.9997301
1788240953666734080,OK,1,0,12.0549,0.340041,0,1540,0,0.062839,0.077624,1.342927,-0.0038286,0.0228005,-0.0021238,0.9997305
1788240953700074240,OK,1,0,12.2003,0.350041,0,1678,0,0.061054,0.078505,1.352296,-0.0040524,0.0228795,-0.0023265,0.9997274
1788240953733413120,OK,1,0,12.1755,0.336167,0,1700,0,0.060476,0.079667,1.364041,-0.0041840,0.0232899,-0.0024276,0.9997171
1788240953766753280,OK,1,0,12.5133,0.27,0,1758,0,0.065479,0.082234,1.377308,-0.0039029,0.0228981,-0.0024782,0.9997271
1788240953800093184,OK,1,0,12.6992,0.377667,0,1788,0,0.066353,0.081248,1.388203,-0.0042339,0.0226554,-0.0023003,0.9997317
1788240953833433344,OK,1,0,12.4011,0.407625,0,1718,0,0.067903,0.082115,1.399466,-0.0043990,0.0225794,-0.0020811,0.9997332
1788240953866773504,OK,1,0,12.0928,0.263291,0,1693,0,0.069595,0.084146,1.411923,-0.0042196,0.0227879,-0.0021344,0.9997292
1788240953900113408,OK,1,0,12.5221,0.323667,0,1692,0,0.068785,0.084148,1.420416,-0.0041045,0.0227903,-0.0022061,0.9997295
1788240953933453312,OK,1,0,11.8085,0.519667,0,1664,0,0.065415,0.083777,1.429699,-0.0039218,0.0228899,-0.0023380,0.9997276
1788240953966793472,OK,1,0,12.6517,0.547333,0,1672,0,0.066191,0.081774,1.439316,-0.0036897,0.0232979,-0.0023423,0.9997190
1788240954000133632,OK,1,0,11.7679,0.380167,0,1634,0,0.068636,0.082235,1.448946,-0.0030632,0.0232922,-0.0025625,0.9997208
1788240954033473280,OK,1,0,12.264,0.561291,0,1652,0,0.066674,0.082053,1.457372,-0.0025444,0.0231793,-0.0025125,0.9997249
1788240954066813440,OK,1,0,12.1554,0.315542,0,1594,0,0.066683,0.082879,1.467312,-0.0020167,0.0233377,-0.0027782,0.9997218
1788240954100153600,OK,1,0,11.9161,0.260625,0,1630,0,0.068234,0.084147,1.479781,-0.0016622,0.0233128,-0.0028943,0.9997227
1788240954133493504,OK,1,0,12.5006,0.278459,0,1586,0,0.069303,0.084561,1.490599,-0.0015450,0.0229348,-0.0031497,0.9997308
1788240954166833408,OK,1,0,11.9668,0.256167,0,1566,0,0.069521,0.084602,1.500255,-0.0012927,0.0227690,-0.0032284,0.9997347
1788240954200172288,OK,1,0,13.0298,0.358375,0,1691,0,0.068978,0.083940,1.510454,-0.0006509,0.0231056,-0.0032734,0.9997275
1788240954233512448,OK,1,0,12.4784,0.365541,0,1710,0,0.068753,0.086480,1.518236,0.0000444,0.0231968,-0.0033503,0.9997253
1788240954266852352,OK,1,0,12.6583,0.270042,0,1648,0,0.071262,0.085233,1.529706,0.0001022,0.0228693,-0.0028307,0.9997345
1788240954300192256,OK,1,0,12.4702,0.502041,0,1662,0,0.073667,0.090138,1.537279,0.0009173,0.0228920,-0.0027997,0.9997336
1788240954333532160,OK,1,0,12.337,0.374125,0,1688,0,0.075054,0.090027,1.546542,0.0011823,0.0231403,-0.0027331,0.9997278
1788240954366872064,OK,1,0,12.1963,0.377667,0,1664,0,0.076722,0.091062,1.559167,0.0009537,0.0228817,-0.0028441,0.9997337
1788240954400212224,OK,1,0,12.8154,0.29725,0,1642,0,0.077181,0.093127,1.572255,0.0007454,0.0228337,-0.0030719,0.9997343
1788240954433552128,OK,1,0,12.2547,0.329084,0,1640,0,0.076217,0.091734,1.582142,0.0007578,0.0232610,-0.0032727,0.9997238
1788240954466891776,OK,1,0,12.4858,0.242,0,1616,0,0.076394,0.092454,1.592251,0.0008979,0.0231902,-0.0035073,0.9997245
1788240954500231680,OK,1,0,12.6587,0.259333,0,1611,0,0.075594,0.093075,1.601656,0.0008406,0.0230576,-0.0034466,0.9997278
1788240954533571840,OK,1,0,12.0409,0.332958,0,1592,0,0.078427,0.094553,1.612827,0.0010220,0.0230137,-0.0031012,0.9997298
1788240954566911488,OK,1,0,12.8827,0.373708,0,1567,0,0.079364,0.094619,1.624515,0.0012760,0.0231618,-0.0029868,0.9997265
1788240954600250368,OK,1,0,12.2013,0.349625,0,1554,0,0.078922,0.095971,1.633179,0.0013965,0.0231174,-0.0030185,0.9997272
1788240954633588736,OK,1,0,11.5507,0.251791,0,1636,0,0.081266,0.095721,1.644967,0.0012771,0.0230435,-0.0031073,0.9997289
1788240954666927616,OK,1,0,12.6756,0.321167,0,1627,0,0.080241,0.097107,1.655265,0.0015157,0.0234555,-0.0033790,0.9997181
1788240954700267008,OK,1,0,13.1154,0.347083,0,1669,0,0.080574,0.096978,1.665197,0.0014544,0.0232552,-0.0034957,0.9997224
1788240954733606144,OK,1,0,12.3513,0.252625,0,1682,0,0.079701,0.098378,1.674725,0.0015836,0.0233429,-0.0033957,0.9997205
1788240954766945280,OK,1,0,12.0045,0.385708,0,1630,0,0.080516,0.099264,1.684739,0.0018103,0.0234984,-0.0034597,0.9997163
1788240954800284416,OK,1,0,12.1825,0.626167,0,1621,0,0.079613,0.098157,1.694684,0.0016774,0.0234091,-0.0035091,0.9997184
1788240954833623552,OK,1,0,12.0638,0.2355,0,1602,0,0.078138,0.098193,1.704417,0.0015731,0.0234096,-0.0036322,0.9997181
1788240954866962432,OK,1,0,11.6595,0.240458,0,1577,0,0.078874,0.098911,1.715887,0.0017587,0.0237021,-0.0036394,0.9997109
1788240954900301568,OK,1,0,12.7208,0.259459,0,1670,0,0.078810,0.100219,1.725180,0.0021527,0.0239040,-0.0036524,0.9997053
1788240954933640704,OK,1,0,11.7855,0.290375,0,1684,0,0.080955,0.101869,1.735609,0.0024476,0.0236757,-0.0033313,0.9997112
1788240954966979584,OK,1,0,13.3287,0.366958,0,1620,0,0.080877,0.102572,1.745156,0.0026046,0.0238610,-0.0028856,0.9997078
1788240955000318464,OK,1,0,12.293,0.4715,0,1607,0,0.084854,0.102942,1.756424,0.0028297,0.0235644,-0.0025035,0.9997152
1788240955033657344,OK,1,0,11.9433,0.337416,0,1620,0,0.084770,0.103523,1.767884,0.0027717,0.0233716,-0.0026755,0.9997194
1788240955066995456,OK,1,0,12.3189,0.393584,0,1635,0,0.085148,0.105124,1.780297,0.0026068,0.0233627,-0.0030801,0.9997190
1788240955100334336,OK,1,0,12.8888,0.271667,0,1598,0,0.084328,0.106361,1.790145,0.0025115,0.0238134,-0.0032739,0.9997079
1788240955133673216,OK,1,0,12.5362,0.345417,0,1572,0,0.085469,0.105851,1.801752,0.0024557,0.0237808,-0.0033989,0.9997084
1788240955167011840,OK,1,0,13.3782,0.310667,0,1672,0,0.084695,0.109001,1.813022,0.0025809,0.0236392,-0.0031939,0.9997122
1788240955200350720,OK,1,0,12.7788,0.329791,0,1711,0,0.087929,0.108909,1.823261,0.0025304,0.0235710,-0.0029628,0.9997146
1788240955233689600,OK,1,0,12.8613,0.331417,0,1673,0,0.087801,0.109122,1.832942,0.0026429,0.0237489,-0.0029874,0.9997100
1788240955267028480,OK,1,0,12.8741,0.252667,0,1682,0,0.090112,0.108670,1.845249,0.0024810,0.0233509,-0.0031602,0.9997193
1788240955300367360,OK,1,0,12.4165,0.378375,0,1662,0,0.088665,0.108631,1.854384,0.0019968,0.0236137,-0.0032539,0.9997139
1788240955333705984,OK,1,0,12.1195,0.264167,0,1612,0,0.090273,0.109745,1.865456,0.0019007,0.0239612,-0.0034873,0.9997050
1788240955367044864,OK,1,0,12.0921,0.249708,0,1577,0,0.088290,0.108969,1.876592,0.0016124,0.0240353,-0.0035022,0.9997037
1788240955400383488,OK,1,0,12.191,0.250541,0,1600,0,0.090521,0.109150,1.890520,0.0011932,0.0235853,-0.0031411,0.9997162
1788240955433722112,OK,1,0,12.224,0.251792,0,1595,0,0.091707,0.109546,1.899552,0.0013887,0.0237296,-0.0030123,0.9997129
1788240955467060992,OK,1,0,11.8066,0.498334,0,1534,0,0.091622,0.111332,1.908728,0.0017491,0.0238574,-0.0032895,0.9997085
1788240955500398592,OK,1,0,12.3035,0.416916,0,1527,0,0.092023,0.112574,1.920144,0.0016716,0.0236982,-0.0033887,0.9997120
1788240955533737216,OK,1,0,11.401,0.386416,0,1508,0,0.091028,0.112717,1.931251,0.0015956,0.0240511,-0.0035975,0.9997030
1788240955567077376,OK,1,0,11.5895,0.254833,0,1504,0,0.090126,0.111996,1.939106,0.0017075,0.0244766,-0.0036719,0.9996922
1788240955600419328,OK,1,0,12.2344,0.263291,0,1481,0,0.091217,0.111462,1.950140,0.0013515,0.0243989,-0.0036457,0.9996948
1788240955633761536,OK,1,0,11.4923,0.382375,0,1600,0,0.091528,0.112315,1.962233,0.0011995,0.0242165,-0.0034617,0.9997000
1788240955667103488,OK,1,0,12.7032,0.309125,0,1606,0,0.092225,0.113884,1.972954,0.0013320,0.0241974,-0.0036733,0.9996996
1788240955700445696,OK,1,0,13.204,0.365416,0,1568,0,0.091449,0.115232,1.984045,0.0012945,0.0240249,-0.0038781,0.9997030
1788240955733787904,OK,1,0,11.7625,0.360333,0,1582,0,0.098068,0.118915,1.998772,0.0008902,0.0232132,-0.0037351,0.9997232
1788240955767130112,OK,1,0,12.6985,0.252583,0,1562,0,0.095868,0.119315,2.007884,0.0004681,0.0239238,-0.0036377,0.9997071
1788240955800472064,OK,1,0,11.7292,0.37075,0,1537,0,0.096775,0.119631,2.018035,0.0005074,0.0241620,-0.0032980,0.9997025
1788240955833814528,OK,1,0,11.895,0.26075,0,1527,0,0.095226,0.116527,2.025940,-0.0002866,0.0243519,-0.0030283,0.9996988
1788240955867156480,OK,1,0,12.5043,0.339416,0,1491,0,0.098284,0.119850,2.039480,-0.0002626,0.0239378,-0.0028851,0.9997092
1788240955900498688,OK,1,0,12.5634,0.35625,0,1490,0,0.097824,0.120060,2.049565,-0.0002919,0.0239310,-0.0030160,0.9997091
1788240955933841152,OK,1,0,12.4258,0.367166,0,1482,0,0.099074,0.121270,2.062318,-0.0006671,0.0237843,-0.0032165,0.9997118
1788240955967182336,OK,1,0,12.1332,0.268709,0,1459,0,0.101001,0.120939,2.075607,-0.0012098,0.0237714,-0.0032247,0.9997115
1788240956000524544,OK,1,0,11.801,0.325458,0,1450,0,0.103010,0.124649,2.084949,-0.0009419,0.0240192,-0.0028442,0.9997070
1788240956033867008,OK,1,0,12.0282,0.241791,0,1449,0,0.103830,0.123613,2.096004,-0.0010094,0.0241186,-0.0028020,0.9997047
1788240956067209216,OK,1,0,11.5349,0.37225,0,1428,0,0.103175,0.123533,2.105348,-0.0013317,0.0241978,-0.0024857,0.9997032
1788240956100551424,OK,1,0,11.5495,0.250666,0,1431,0,0.103787,0.124657,2.116843,-0.0010599,0.0240007,-0.0024867,0.9997083
1788240956133893888,OK,1,0,11.4728,0.357916,0,1411,0,0.104124,0.123986,2.125584,-0.0009350,0.0238965,-0.0026431,0.9997105
1788240956167236352,OK,1,0,11.7957,0.550375,0,1406,0,0.103827,0.123833,2.135674,-0.0013618,0.0240175,-0.0027755,0.9997068
1788240956200578560,OK,1,0,12.2672,0.262667,0,1389,0,0.104259,0.125841,2.148770,-0.0013559,0.0241957,-0.0027289,0.9997026
1788240956233921024,OK,1,0,11.3927,0.309042,0,1513,0,0.106873,0.127719,2.160339,-0.0010852,0.0243860,-0.0026794,0.9996985
1788240956267263488,OK,1,0,12.9551,0.287375,0,1481,0,0.110095,0.128746,2.173626,-0.0013857,0.0241158,-0.0023993,0.9997054
1788240956300605952,OK,1,0,12.4071,0.460667,0,1479,0,0.109177,0.130915,2.183098,-0.0016813,0.0241444,-0.0024809,0.9997040
1788240956333948160,OK,1,0,12.3904,0.343625,0,1441,0,0.106822,0.129811,2.191796,-0.0018082,0.0243348,-0.0026327,0.9996988
1788240956367290880,OK,1,0,11.3299,0.254417,0,1488,0,0.110733,0.128590,2.203871,-0.0022035,0.0238633,-0.0026760,0.9997092
1788240956400632320,OK,1,0,11.7197,0.57375,0,1439,0,0.110375,0.131105,2.215497,-0.0025108,0.0240203,-0.0029277,0.9997041
1788240956433974784,OK,1,0,11.5091,0.368833,0,1435,0,0.110980,0.132423,2.224069,-0.0022227,0.0243677,-0.0029817,0.9996961
1788240956467317504,OK,1,0,11.3812,0.571083,0,1415,0,0.112741,0.133553,2.237674,-0.0020932,0.0245451,-0.0028660,0.9996924
1788240956500659968,OK,1,0,11.1985,0.503542,0,1411,0,0.113426,0.134408,2.247931,-0.0026759,0.0247117,-0.0027968,0.9996871
1788240956534002432,OK,1,0,11.9931,0.316417,0,1396,0,0.115712,0.135551,2.261817,-0.0030132,0.0240330,-0.0027347,0.9997029
1788240956567345664,OK,1,0,11.4508,0.256125,0,1392,0,0.114944,0.135809,2.271968,-0.0030530,0.0238463,-0.0028058,0.9997071
1788240956600690176,OK,1,0,11.5682,0.517375,0,1364,0,0.116934,0.136905,2.284013,-0.0035801,0.0236485,-0.0026331,0.9997105
1788240956634034688,OK,1,0,12.833,0.453208,0,1339,0,0.117940,0.136539,2.294235,-0.0039853,0.0238434,-0.0024430,0.9997048
1788240956667379200,OK,1,0,11.6017,0.267291,0,1325,0,0.119589,0.136863,2.304930,-0.0035709,0.0241873,-0.0020027,0.9996991
1788240956700723968,OK,1,0,11.5943,0.2555,0,1328,0,0.119940,0.136824,2.313690,-0.0033489,0.0244739,-0.0015017,0.9996938
1788240956734068480,OK,1,0,11.0541,0.349625,0,1321,0,0.123355,0.137671,2.325289,-0.0035457,0.0242158,-0.0013182,0.9996996
1788240956767412992,OK,1,0,11.413,0.403791,0,1288,0,0.121057,0.136609,2.334891,-0.0033342,0.0243315,-0.0014241,0.9996974
1788240956800757760,OK,1,0,11.2825,0.39,0,1461,0,0.120943,0.139708,2.345971,-0.0028996,0.0242480,-0.0018063,0.9997001
1788240956834101504,OK,1,0,12.6733,0.26875,0,1494,0,0.122223,0.141776,2.357084,-0.0032322,0.0240550,-0.0018905,0.9997036
1788240956867446528,OK,1,0,12.9432,0.412666,0,1471,0,0.124048,0.140567,2.368303,-0.0035710,0.0240580,-0.0015203,0.9997030
1788240956900791296,OK,1,0,12.1623,0.461416,0,1440,0,0.124879,0.142992,2.380023,-0.0032461,0.0242006,-0.0011841,0.9997012
1788240956934136320,OK,1,0,11.9994,0.378416,0,1464,0,0.128293,0.143245,2.391865,-0.0038923,0.0237644,-0.0006702,0.9997098
1788240956967481088,OK,1,0,11.2123,0.407167,0,1457,0,0.128650,0.143508,2.403350,-0.0044710,0.0236461,-0.0003233,0.9997104
1788240957000826112,OK,1,0,12.2394,0.407709,0,1453,0,0.128436,0.143089,2.413670,-0.0044844,0.0233855,-0.0003182,0.9997165
1788240957034171136,OK,1,0,11.5412,0.253334,0,1461,0,0.129407,0.143890,2.425129,-0.0044214,0.0233342,-0.0005713,0.9997178
1788240957067516416,OK,1,0,11.4724,0.536458,0,1449,0,0.129044,0.145155,2.435051,-0.0045143,0.0234516,-0.0006810,0.9997146
1788240957100861440,OK,1,0,11.936,0.567916,0,1406,0,0.130245,0.144291,2.444714,-0.0039284,0.0231356,-0.0007013,0.9997244
1788240957134206464,OK,1,0,11.7148,0.398125,0,1403,0,0.132767,0.145727,2.455735,-0.0032393,0.0225502,-0.0004178,0.9997404
1788240957167551744,OK,1,0,11.688,0.393958,0,1390,0,0.132588,0.145707,2.465024,-0.0033838,0.0220057,-0.0001639,0.9997521
1788240957200897024,OK,1,0,12.8387,0.251208,0,1502,0,0.131322,0.145322,2.474674,-0.0033249,0.0215589,-0.0001442,0.9997621
1788240957234242304,OK,1,0,11.9521,0.31825,0,1456,0,0.131483,0.144827,2.484856,-0.0027478,0.0208842,-0.0003347,0.9997781
1788240957267587584,OK,1,0,12.0892,0.348667,0,1531,0,0.130486,0.145306,2.494788,-0.0022766,0.0199654,-0.0006070,0.9997979
1788240957300932096,OK,1,0,14.1474,0.283709,0,1856,0,0.126902,0.145493,2.502738,-0.0021517,0.0194443,-0.0005499,0.9998085
1788240957334277632,OK,1,0,13.7558,0.269292,0,1696,0,0.127828,0.145475,2.514984,-0.0019739,0.0187557,-0.0001378,0.9998221
1788240957367623168,OK,1,0,14.03,0.337875,0,1627,0,0.129049,0.146857,2.525128,-0.0016423,0.0184755,0.0001627,0.9998280
1788240957400968448,OK,1,0,12.636,0.4975,0,1663,0,0.130042,0.147369,2.535612,-0.0016136,0.0178138,0.0005476,0.9998399
1788240957434314240,OK,1,0,13.244,0.268916,0,1754,0,0.128057,0.148095,2.545473,-0.0015564,0.0166985,0.0005059,0.9998593
1788240957467660032,OK,1,0,14.114,0.261541,0,1857,0,0.125441,0.149862,2.554906,-0.0016211,0.0154043,0.0002539,0.9998800
1788240957501005312,OK,1,0,13.5627,0.517,0,1705,0,0.123116,0.151806,2.565586,-0.0014437,0.0142505,-0.0000784,0.9998974
1788240957534351104,OK,1,0,12.7777,0.334208,0,1639,0,0.122088,0.152137,2.576531,-0.0015275,0.0127364,-0.0002590,0.9999177
1788240957567698944,OK,1,0,14.0472,0.489417,0,1863,0,0.119486,0.151574,2.589064,-0.0024022,0.0112314,-0.0000834,0.9999341
1788240957601049856,OK,1,0,14.4455,0.33825,0,1968,0,0.116570,0.151986,2.599234,-0.0023740,0.0099306,-0.0001722,0.9999478
1788240957634400512,OK,1,0,14.3187,0.355125,0,1799,0,0.116477,0.151664,2.608710,-0.0020062,0.0082278,-0.0001580,0.9999641
1788240957667751680,OK,1,0,13.7405,2.21479,0,1644,0,0.115437,0.151385,2.617870,-0.0020551,0.0060336,0.0001423,0.9999797
1788240957701102592,OK,1,0,13.2048,0.31475,0,1646,0,0.111700,0.152020,2.629090,-0.0018034,0.0041306,0.0002616,0.9999898
1788240957734452992,OK,1,0,14.2612,0.331834,0,1779,0,0.110275,0.151882,2.638531,-0.0017621,0.0022212,0.0005851,0.9999958
1788240957767803904,OK,1,0,14.3322,0.260292,0,1813,0,0.109617,0.153958,2.650084,-0.0015652,0.0001433,0.0003332,0.9999987
1788240957801155584,OK,1,0,13.8594,0.322792,0,1929,0,0.106927,0.154530,2.661522,-0.0016429,-0.0022705,-0.0000483,0.9999961
1788240957834506752,OK,1,0,13.7402,0.316458,0,1674,0,0.103147,0.155651,2.673436,-0.0021744,-0.0052562,0.0000333,0.9999838
1788240957867858432,OK,1,0,15.5011,0.533375,0,1655,0,0.100843,0.157167,2.684560,-0.0022882,-0.0078048,-0.0000061,0.9999669
1788240957901209856,OK,1,0,13.4672,0.355375,0,1673,0,0.096116,0.155292,2.691279,-0.0023076,-0.0098961,0.0004457,0.9999483
1788240957934561792,OK,1,0,14.2883,0.302125,0,1703,0,0.094827,0.155694,2.702100,-0.0023449,-0.0123421,0.0009285,0.9999207
1788240957967913472,OK,1,0,14.7458,0.350292,0,1939,0,0.093981,0.156433,2.712743,-0.0021304,-0.0151989,0.0012808,0.9998814
1788240958001265408,OK,1,0,15.2722,0.3995,0,1768,0,0.090241,0.156010,2.722954,-0.0018667,-0.0182396,0.0016985,0.9998305
1788240958034617344,OK,1,0,13.923,0.393209,0,1729,0,0.086264,0.158349,2.732198,-0.0014381,-0.0212250,0.0017464,0.9997722
1788240958067969536,OK,1,0,14.0613,0.294291,0,1677,0,0.081698,0.157262,2.742268,-0.0012041,-0.0241599,0.0018077,0.9997058
1788240958101321472,OK,1,0,13.6655,0.35475,0,1713,0,0.078077,0.158373,2.753610,-0.0010831,-0.0275970,0.0019043,0.9996167
1788240958134673920,OK,1,0,14.3553,0.2685,0,1711,0,0.077121,0.158582,2.763596,-0.0009527,-0.0310351,0.0021927,0.9995155
1788240958168026112,OK,1,0,12.9535,0.330292,0,1706,0,0.075600,0.157784,2.774248,-0.0007742,-0.0343320,0.0023773,0.9994074
1788240958201377792,OK,1,0,13.4462,0.495542,0,1663,0,0.071816,0.158489,2.786000,-0.0009538,-0.0379620,0.0026389,0.9992753
1788240958234730240,OK,1,0,14.0312,0.336291,0,1646,0,0.065884,0.159420,2.795731,-0.0008478,-0.0412124,0.0028518,0.9991460
1788240958268082688,OK,1,0,14.1327,0.359875,0,1623,0,0.062473,0.160453,2.807957,-0.0007102,-0.0447043,0.0030502,0.9989954
1788240958301435648,OK,1,0,13.8844,0.3555,0,1607,0,0.058363,0.162694,2.819596,-0.0006562,-0.0480421,0.0036639,0.9988384
1788240958334788352,OK,1,0,14.5336,0.333125,0,1600,0,0.059832,0.168146,2.836707,0.0002618,-0.0525872,0.0039659,0.9986085
1788240958368141056,OK,1,0,13.3218,0.425125,0,1667,0,0.054498,0.165024,2.846071,0.0001059,-0.0562971,0.0041559,0.9984054
1788240958401494016,OK,1,0,14.3207,0.334,0,1868,0,0.049371,0.165080,2.855478,0.0003202,-0.0598241,0.0043178,0.9981996
1788240958434847232,OK,1,0,13.9254,0.322833,0,1819,0,0.044663,0.167258,2.866580,0.0003618,-0.0636789,0.0045182,0.9979602
1788240958468200448,OK,1,0,15.1699,0.472917,0,2036,0,0.038963,0.169565,2.876866,0.0002078,-0.0672840,0.0044391,0.9977240
1788240958501553664,OK,1,0,15.0292,0.510209,0,1853,0,0.032818,0.168399,2.887185,-0.0003642,-0.0712914,0.0043065,0.9974462
1788240958534906880,OK,1,0,15.5352,0.612667,0,2124,0,0.025263,0.170185,2.899340,-0.0008324,-0.0753806,0.0045782,0.9971440
1788240958568257792,OK,1,0,17.0848,0.335167,0,1897,0,0.021015,0.172380,2.910548,-0.0006599,-0.0790829,0.0049303,0.9968556
1788240958601605120,OK,1,0,15.1969,0.394792,0,1781,0,0.017490,0.173911,2.921952,-0.0003766,-0.0831121,0.0056862,0.9965239
1788240958634951680,OK,1,0,14.6664,0.325708,0,1826,0,0.011770,0.174274,2.933279,-0.0003004,-0.0867344,0.0063416,0.9962113
1788240958668299008,OK,1,0,15.1669,0.254166,0,1755,0,0.006150,0.173805,2.941122,-0.0002373,-0.0903755,0.0067295,0.9958850
1788240958701646848,OK,1,0,14.1536,0.315208,0,1785,0,0.000064,0.174114,2.949884,-0.0005285,-0.0943631,0.0067437,0.9955149
1788240958734994176,OK,1,0,15.5406,0.33675,0,1954,0,-0.007698,0.174386,2.960157,-0.0005753,-0.0980757,0.0065215,0.9951575
1788240958768341760,OK,1,0,15.3604,0.2815,0,1865,0,-0.014684,0.174551,2.969764,-0.0009722,-0.1020914,0.0065608,0.9947529
1788240958801689344,OK,1,0,16.7835,0.336625,0,2160,0,-0.022353,0.175036,2.979727,-0.0011648,-0.1060079,0.0063806,0.9943441
1788240958835037184,OK,1,0,15.5362,0.343625,0,1917,0,-0.027731,0.175877,2.991298,-0.0011380,-0.1102196,0.0064165,0.9938859
1788240958868384768,OK,1,0,15.0233,0.329125,0,1818,0,-0.033058,0.176809,3.001148,-0.0008882,-0.1140969,0.0067129,0.9934466
1788240958901732608,OK,1,0,14.3884,0.334834,0,1851,0,-0.041228,0.178532,3.011683,-0.0003330,-0.1177744,0.0069331,0.9930161
1788240958935080448,OK,1,0,14.892,0.316125,0,1755,0,-0.047465,0.178829,3.020267,-0.0001269,-0.1216868,0.0070816,0.9925433
1788240958968428288,OK,1,0,14.3289,0.335208,0,1840,0,-0.052212,0.177914,3.028496,-0.0000712,-0.1256845,0.0068647,0.9920465
1788240959001776128,OK,1,0,14.6406,0.334625,0,1708,0,-0.062214,0.178931,3.039126,-0.0002714,-0.1295750,0.0070074,0.9915448
1788240959035123968,OK,1,0,14.6845,0.545292,0,1797,0,-0.069766,0.181387,3.049780,-0.0001021,-0.1336168,0.0069110,0.9910090
1788240959068471040,OK,1,0,14.4774,0.328834,0,1741,0,-0.077660,0.181258,3.059156,-0.0001215,-0.1375829,0.0066706,0.9904678
1788240959101818880,OK,1,0,14.1688,0.262375,0,1696,0,-0.083940,0.182092,3.070175,-0.0003551,-0.1417393,0.0066067,0.9898819
1788240959135166720,OK,1,0,14.3941,0.329791,0,1796,0,-0.091074,0.182789,3.078288,-0.0004542,-0.1458656,0.0067369,0.9892814
1788240959168514816,OK,1,0,14.3811,0.343125,0,1704,0,-0.099266,0.184533,3.088537,-0.0000594,-0.1500588,0.0067279,0.9886542
1788240959201862912,OK,1,0,15.1894,0.265042,0,1658,0,-0.106387,0.183891,3.094780,0.0004537,-0.1540068,0.0068855,0.9880457
1788240959235211264,OK,1,0,15.2095,0.332625,0,1705,0,-0.112997,0.184398,3.104421,0.0006855,-0.1580212,0.0076173,0.9874061
1788240959268559360,OK,1,0,14.3951,0.341583,0,1624,0,-0.118477,0.183844,3.113854,0.0007737,-0.1618737,0.0085384,0.9867743
1788240959301907456,OK,1,0,14.5171,0.326875,0,1710,0,-0.126088,0.184539,3.123276,0.0014472,-0.1655835,0.0086207,0.9861571
1788240959335255552,OK,1,0,14.9543,0.325792,0,1966,0,-0.132831,0.184523,3.129989,0.0019241,-0.1695893,0.0085750,0.9854757
1788240959368603904,OK,1,0,14.2518,0.281083,0,1715,0,-0.141711,0.189010,3.140471,0.0026598,-0.1737046,0.0086772,0.9847560
1788240959401952256,OK,1,0,15.0544,0.298125,0,1672,0,-0.147923,0.188924,3.147903,0.0022428,-0.1777827,0.0089518,0.9840265
1788240959435300608,OK,1,0,14.4147,0.320583,0,1610,0,-0.155625,0.188541,3.158226,0.0016654,-0.1816786,0.0087614,0.9833176
1788240959468648960,OK,1,0,14.7091,0.5585,0,1597,0,-0.166084,0.191181,3.168797,0.0016314,-0.1855370,0.0083721,0.9826003
1788240959501996288,OK,1,0,15.4426,0.289625,0,1627,0,-0.174194,0.191703,3.178674,0.0016804,-0.1897564,0.0081076,0.9817963
1788240959535344640,OK,1,0,13.8932,0.351542,0,1713,0,-0.177752,0.193994,3.192429,0.0020805,-0.1950197,0.0083333,0.9807617
1788240959568690688,OK,1,0,15.874,0.271208,0,1728,0,-0.184008,0.196758,3.206092,0.0020185,-0.1993875,0.0087474,0.9798796
1788240959602071040,OK,1,0,14.3354,0.249542,0,1767,0,-0.191636,0.196718,3.212864,0.0020679,-0.2032396,0.0088306,0.9790871
1788240959635504640,OK,1,0,14.1803,0.331208,0,1631,0,-0.199417,0.197392,3.220860,0.0025398,-0.2070021,0.0086074,0.9782993
1788240959668938496,OK,1,0,13.597,0.276834,0,1691,0,-0.207481,0.195282,3.227367,0.0027977,-0.2110209,0.0087172,0.9774387
1788240959702373120,OK,1,0,14.1016,0.395542,0,1633,0,-0.214856,0.195842,3.234321,0.0033531,-0.2151319,0.0092544,0.9765354
1788240959735808256,OK,1,0,14.6363,0.338209,0,1735,0,-0.220586,0.194235,3.239355,0.0034393,-0.2189522,0.0099776,0.9756785
1788240959769244160,OK,1,0,16.4705,0.487042,0,1662,0,-0.228036,0.193575,3.245580,0.0037970,-0.2227877,0.0103690,0.9748045
1788240959802680320,OK,1,0,15.4046,0.279833,0,1860,0,-0.236271,0.193605,3.251757,0.0043869,-0.2264849,0.0102930,0.9739504
1788240959836117504,OK,1,0,15.9173,0.331958,0,1779,0,-0.246508,0.196240,3.258646,0.0045876,-0.2304774,0.0100703,0.9730148
1788240959869554944,OK,1,0,14.0566,0.349542,0,1827,0,-0.254336,0.198086,3.268634,0.0047399,-0.2347616,0.0099119,0.9719909
1788240959902993152,OK,1,0,14.821,0.681083,0,1695,0,-0.263170,0.198295,3.274057,0.0044257,-0.2388137,0.0098544,0.9710053
1788240959936431872,OK,1,0,14.6186,0.328667,0,1709,0,-0.270740,0.197893,3.281921,0.0041214,-0.2428915,0.0098093,0.9699951
1788240959969870080,OK,1,0,14.2975,0.509625,0,1654,0,-0.281143,0.200868,3.289757,0.0045475,-0.2466549,0.0097831,0.9690433
1788240960003310080,OK,1,0,15.2261,0.51225,0,1641,0,-0.289629,0.198589,3.292013,0.0042370,-0.2502982,0.0100706,0.9681072
1788240960036750592,OK,1,0,15.0932,0.292,0,1591,0,-0.298581,0.200577,3.300797,0.0046509,-0.2543859,0.0107031,0.9670324
1788240960070191360,OK,1,0,15.6749,0.360125,0,1581,0,-0.306469,0.200905,3.306243,0.0048772,-0.2584399,0.0113294,0.9659486
1788240960103633152,OK,1,0,14.9295,0.472417,0,1577,0,-0.313910,0.200570,3.312826,0.0049246,-0.2624316,0.0112773,0.9648721
1788240960137075456,OK,1,0,13.5725,0.378417,0,1546,0,-0.323355,0.199447,3.318712,0.0049127,-0.2663127,0.0111015,0.9638103
1788240960170518272,OK,1,0,13.7845,0.281,0,1549,0,-0.330054,0.202998,3.328717,0.0049209,-0.2712077,0.0114763,0.9624398
1788240960203961600,OK,1,0,13.3215,0.324959,0,1536,0,-0.340300,0.204456,3.335028,0.0048661,-0.2751537,0.0114532,0.9613197
1788240960237405440,OK,1,0,13.26,0.330334,0,1532,0,-0.350358,0.204868,3.340641,0.0046628,-0.2789310,0.0114874,0.9602311
1788240960270850048,OK,1,0,13.7228,0.338083,0,1514,0,-0.359429,0.206805,3.348142,0.0048543,-0.2826507,0.0116488,0.9591399
1788240960304295424,OK,1,0,14.6886,0.29175,0,1640,0,-0.368454,0.206487,3.352890,0.0048058,-0.2864598,0.0120158,0.9580049
1788240960337741312,OK,1,0,15.3561,0.340958,0,2055,0,-0.376801,0.205699,3.355589,0.0045656,-0.2902574,0.0126870,0.9568536
1788240960371187456,OK,1,0,14.4874,0.325417,0,1821,0,-0.385613,0.206695,3.361423,0.0049274,-0.2942068,0.0131229,0.9556390
1788240960404633344,OK,1,0,14.8893,0.349,0,1731,0,-0.393608,0.205404,3.366545,0.0050532,-0.2980697,0.0134025,0.9544367
1788240960438080768,OK,1,0,15.6399,0.381291,0,1665,0,-0.404721,0.207448,3.371800,0.0054976,-0.3017947,0.0135238,0.9532612
1788240960471528960,OK,1,0,14.5006,0.308958,0,1757,0,-0.415074,0.208798,3.380026,0.0052599,-0.3058159,0.0133649,0.9519823
1788240960504977664,OK,1,0,15.3522,0.273416,0,1630,0,-0.424946,0.211142,3.386875,0.0049852,-0.3098122,0.0133236,0.9506913
1788240960538426880,OK,1,0,14.9875,0.321042,0,1742,0,-0.435563,0.209892,3.392031,0.0048236,-0.3134054,0.0130307,0.9495178
1788240960571876864,OK,1,0,14.199,0.392333,0,1658,0,-0.443923,0.209284,3.400068,0.0048448,-0.3171178,0.0130165,0.9482844
1788240960605276672,OK,1,0,15.3016,0.384042,0,1557,0,-0.453816,0.209190,3.405527,0.0045190,-0.3209665,0.0132743,0.9469867
1788240960638608128,OK,1,0,15.0077,0.364792,0,1539,0,-0.463808,0.210884,3.411883,0.0047450,-0.3247285,0.0134525,0.9456997
1788240960671939328,OK,1,0,14.4385,0.281375,0,1633,0,-0.473232,0.210722,3.415500,0.0049256,-0.3283646,0.0134698,0.9444422
1788240960705270784,OK,1,0,21.8532,0.384458,0,1528,0,-0.484552,0.212069,3.423461,0.0052110,-0.3324265,0.0134619,0.9430187
1788240960738601984,OK,1,0,14.5572,0.380708,0,1536,0,-0.492518,0.212392,3.428026,0.0050757,-0.3366007,0.0135213,0.9415367
1788240960771933440,OK,1,0,14.1218,0.396,0,1616,0,-0.504207,0.212326,3.434089,0.0045779,-0.3405432,0.0136139,0.9401192
1788240960805264384,OK,1,0,14.1197,0.346458,0,1530,0,-0.514705,0.211894,3.439111,0.0044397,-0.3440617,0.0136175,0.9388378
1788240960838594304,OK,1,0,14.1987,0.262833,0,1581,0,-0.525588,0.211495,3.444016,0.0043762,-0.3476087,0.0140751,0.9375239
1788240960871925248,OK,1,0,14.7707,0.286458,0,1639,0,-0.533104,0.211462,3.451355,0.0044928,-0.3513105,0.0146461,0.9361337
1788240960905256192,OK,1,0,14.2477,0.334917,0,1531,0,-0.544181,0.211159,3.458958,0.0042864,-0.3551826,0.0150554,0.9346659
1788240960938586624,OK,1,0,13.68,0.374125,0,1535,0,-0.555140,0.212678,3.463061,0.0040452,-0.3590207,0.0154385,0.9331932
1788240960971917568,OK,1,0,14.0829,0.50225,0,1497,0,-0.565639,0.212700,3.469387,0.0039698,-0.3627069,0.0155410,0.9317652
1788240961005248000,OK,1,0,14.1981,0.399708,0,1447,0,-0.575370,0.212522,3.475686,0.0036238,-0.3665047,0.0156111,0.9302782
1788240961038578432,OK,1,0,13.9038,0.329417,0,1559,0,-0.586118,0.214157,3.483737,0.0036762,-0.3705130,0.0154883,0.9286909
1788240961071908864,OK,1,0,18.6695,0.347,0,1486,0,-0.596667,0.215485,3.488601,0.0036382,-0.3743149,0.0155183,0.9271647
1788240961105239040,OK,1,0,12.9881,0.344166,0,1459,0,-0.607331,0.215669,3.493831,0.0035815,-0.3779161,0.0154013,0.9257048
1788240961138569216,OK,1,0,15.4812,0.33475,0,1503,0,-0.617985,0.216199,3.498418,0.0037013,-0.3815936,0.0153772,0.9241949
1788240961171899392,OK,1,0,13.9294,0.242667,0,1582,0,-0.628753,0.217058,3.506251,0.0038044,-0.3853576,0.0154802,0.9226297
1788240961205229568,OK,1,0,13.4083,0.330458,0,1497,0,-0.640492,0.217072,3.509931,0.0034810,-0.3890291,0.0155204,0.9210882
1788240961238559232,OK,1,0,14.0042,0.498459,0,1467,0,-0.649254,0.218593,3.517763,0.0034351,-0.3930450,0.0154756,0.9193826
1788240961271889408,OK,1,0,13.03,0.326208,0,1467,0,-0.661332,0.219062,3.521757,0.0033614,-0.3965339,0.0154775,0.9178835
1788240961305218048,OK,1,0,14.2042,0.272333,0,1531,0,-0.674582,0.218527,3.529447,0.0027733,-0.4002235,0.0156410,0.9162799
1788240961338547968,OK,1,0,13.9351,0.526166,0,1443,0,-0.685098,0.219107,3.533818,0.0028330,-0.4037994,0.0156871,0.9147087
1788240961371877376,OK,1,0,13.001,0.299,0,1454,0,-0.693931,0.220134,3.541260,0.0031090,-0.4076433,0.0157264,0.9130006
1788240961405206784,OK,1,0,12.9139,0.272709,0,1513,0,-0.705083,0.220073,3.546044,0.0034339,-0.4113129,0.0162300,0.9113433
1788240961438536192,OK,1,0,12.765,0.440417,0,1450,0,-0.714358,0.218765,3.551058,0.0039010,-0.4150650,0.0168808,0.9096268
1788240961471865600,OK,1,0,13.6099,0.3315,0,1546,0,-0.723006,0.220143,3.554667,0.0047873,-0.4184565,0.0174063,0.9080574
1788240961505194752,OK,1,0,13.9946,0.334709,0,1487,0,-0.734806,0.219465,3.558602,0.0049736,-0.4218560,0.0180118,0.9064702
1788240961538523904,OK,1,0,15.1785,0.254583,0,2029,0,-0.743669,0.221020,3.561928,0.0055041,-0.4255108,0.0185712,0.9047461
1788240961571853056,OK,1,0,15.1396,0.319583,0,1789,0,-0.755594,0.219835,3.567610,0.0057712,-0.4290993,0.0189567,0.9030399
1788240961605186560,OK,1,0,15.0691,0.267417,0,1682,0,-0.766968,0.219016,3.570024,0.0056147,-0.4325721,0.0191071,0.9013793
1788240961638525952,OK,1,0,14.9498,0.5105,0,1697,0,-0.777019,0.220209,3.575648,0.0056711,-0.4364124,0.0192562,0.8995228
1788240961671865344,OK,1,0,16.3471,0.246542,0,2138,0,-0.787549,0.220575,3.580669,0.0055967,-0.4401464,0.0193541,0.8977000
1788240961705204480,OK,1,0,17.0557,0.35875,0,1851,0,-0.798079,0.220405,3.586337,0.0058007,-0.4436275,0.0193778,0.8959830
1788240961738542848,OK,1,0,15.1121,0.331292,0,1755,0,-0.810175,0.220485,3.590495,0.0058538,-0.4469345,0.0194030,0.8943371
1788240961771881728,OK,1,0,16.5568,0.277875,0,1945,0,-0.821111,0.220639,3.592453,0.0062192,-0.4504158,0.0193430,0.8925877
1788240961805220864,OK,1,0,14.5152,0.331667,0,1673,0,-0.831979,0.222803,3.598726,0.0067857,-0.4541166,0.0195844,0.8907011
1788240961838560256,OK,1,0,13.6368,0.335667,0,1571,0,-0.841595,0.221130,3.602701,0.0070188,-0.4578248,0.0203796,0.8887811
1788240961871899136,OK,1,0,13.5856,0.266958,0,1665,0,-0.849018,0.220429,3.607673,0.0071966,-0.4614885,0.0211276,0.8868654
1788240961905238272,OK,1,0,13.491,0.495625,0,1518,0,-0.860580,0.220556,3.612182,0.0072903,-0.4647715,0.0218243,0.8851317
1788240961938577408,OK,1,0,12.88,0.336334,0,1379,0,-0.872413,0.220011,3.616874,0.0071769,-0.4681789,0.0222465,0.8833245
1788240961971916288,OK,1,0,13.028,0.316917,0,1357,0,-0.882183,0.219982,3.620301,0.0072665,-0.4717943,0.0221590,0.8814002
1788240962005255168,OK,1,0,12.9621,0.320833,0,1347,0,-0.894517,0.220506,3.623634,0.0073047,-0.4751205,0.0220886,0.8796132
1788240962038594304,OK,1,0,13.1377,0.29175,0,1336,0,-0.906820,0.221412,3.627417,0.0072111,-0.4787546,0.0216338,0.8776526
1788240962071933184,OK,1,0,18.5944,0.5415,0,1267,0,-0.920001,0.220738,3.631339,0.0073754,-0.4821600,0.0214315,0.8757899
1788240962105271808,OK,1,0,13.2114,0.338458,0,1247,0,-0.931934,0.222353,3.634225,0.0075667,-0.4858007,0.0216709,0.8737682
1788240962138610688,OK,1,0,12.684,0.516833,0,1298,0,-0.942620,0.224223,3.639268,0.0075111,-0.4893985,0.0221856,0.8717457
1788240962171949568,OK,1,0,11.6579,0.345291,0,1264,0,-0.953149,0.222910,3.639529,0.0073372,-0.4924683,0.0229424,0.8699970
1788240962205287168,OK,1,0,11.6275,0.337583,0,1251,0,-0.963938,0.223374,3.645180,0.0074100,-0.4957236,0.0232663,0.8681370
1788240962238625792,OK,1,0,12.3765,0.263792,0,1177,0,-0.976649,0.223569,3.645953,0.0073816,-0.4989854,0.0233996,0.8662630
1788240962271964416,OK,1,0,11.8438,0.333625,0,1184,0,-0.988877,0.224009,3.649681,0.0072726,-0.5025397,0.0234071,0.8642067
1788240962305303040,OK,1,0,11.2077,0.496625,0,1127,0,-1.002548,0.226115,3.653342,0.0072307,-0.5056975,0.0235206,0.8623599
1788240962338641664,OK,1,0,13.2293,0.275375,0,1131,0,-1.013029,0.224128,3.659169,0.0072662,-0.5091730,0.0233934,0.8603154
1788240962371980288,OK,1,0,13.2079,0.374708,0,1102,0,-1.025161,0.224971,3.659749,0.0074806,-0.5125540,0.0236845,0.8582957
1788240962405318656,OK,1,0,13.3912,0.3315,0,1079,0,-1.037680,0.225496,3.661320,0.0075591,-0.5161233,0.0241650,0.8561400
1788240962438657024,OK,1,0,11.7219,0.340333,0,1119,0,-1.049773,0.224029,3.662344,0.0074899,-0.5190600,0.0247192,0.8543475
1788240962471995648,OK,1,0,14.7864,0.306125,0,1137,0,-1.050269,0.222026,3.658230,0.0071181,-0.5226588,0.0262525,0.8521079
1788240962505334016,OK,1,0,11.1777,0.283834,0,1103,0,-1.060971,0.223661,3.662460,0.0072860,-0.5260307,0.0265842,0.8500188
1788240962538672384,OK,1,0,11.3968,0.470792,0,1196,0,-1.078296,0.226500,3.665572,0.0077403,-0.5291463,0.0263274,0.8480868
1788240962572010496,OK,1,0,11.3697,0.344791,0,1143,0,-1.090825,0.228027,3.667838,0.0077122,-0.5324331,0.0264095,0.8460249
1788240962605346560,OK,1,0,11.3722,0.287208,0,1118,0,-1.104979,0.227663,3.669106,0.0076448,-0.5354348,0.0266610,0.8441210
1788240962638678272,OK,1,0,11.9003,0.369375,0,1076,0,-1.117310,0.230294,3.668611,0.0081011,-0.5384846,0.0267544,0.8421716
1788240962672011008,OK,1,0,10.2527,0.282833,0,1060,0,-1.127445,0.228314,3.673151,0.0081069,-0.5421948,0.0266617,0.8397906
1788240962705343232,OK,1,0,11.1926,0.333875,0,1022,0,-1.138221,0.230913,3.676484,0.0080407,-0.5457907,0.0270788,0.8374453
1788240962738675712,OK,1,0,11.6027,0.349333,0,1005,0,-1.151625,0.230879,3.679716,0.0080946,-0.5487712,0.0276271,0.8354768
1788240962772007936,OK,1,0,10.1263,0.311417,0,977,0,-1.162127,0.230448,3.680515,0.0080633,-0.5517949,0.0276308,0.8334830
1788240962805340416,OK,1,0,10.3252,0.346459,0,927,0,-1.177017,0.232080,3.680965,0.0080459,-0.5549762,0.0275192,0.8313720
1788240962838672384,OK,1,0,9.44304,0.352375,0,884,0,-1.190510,0.230577,3.680180,0.0077608,-0.5581534,0.0276315,0.8292413
1788240962872004608,OK,1,0,9.53525,0.562917,0,866,0,-1.204805,0.232180,3.682740,0.0077579,-0.5613590,0.0280325,0.8270611
1788240962905336320,OK,1,0,10.167,0.325792,0,838,0,-1.220319,0.232585,3.682205,0.0080585,-0.5641372,0.0285681,0.8251473
1788240962938668544,OK,1,0,9.21637,0.275958,0,863,0,-1.225829,0.237725,3.681550,0.0082727,-0.5675743,0.0293917,0.8227558
1788240962972000256,OK,1,0,9.52054,0.285,0,894,0,-1.237870,0.235268,3.685114,0.0074667,-0.5710416,0.0293519,0.8203623
1788240963005331968,OK,1,0,9.61533,0.3515,0,1005,0,-1.250274,0.232861,3.686369,0.0067569,-0.5742793,0.0292432,0.8181092
1788240963038663680,OK,1,0,9.14692,0.262459,0,999,0,-1.262831,0.232031,3.687624,0.0067273,-0.5772986,0.0296208,0.8159679
1788240963071994112,OK,1,0,9.15271,0.334167,0,954,0,-1.276386,0.230957,3.687554,0.0066507,-0.5803652,0.0297704,0.8137848
1788240963105325568,OK,1,0,10.1148,0.342083,0,896,0,-1.289900,0.230405,3.686273,0.0066714,-0.5832499,0.0297988,0.8117186
1788240963138657280,OK,1,0,9.14504,0.291125,0,847,0,-1.302787,0.229621,3.684917,0.0067936,-0.5862482,0.0301166,0.8095430
1788240963171988480,OK,1,0,9.31363,0.357041,0,814,0,-1.315432,0.228284,3.685173,0.0069863,-0.5893450,0.0304245,0.8072782
1788240963205319680,OK,1,0,8.31796,0.374875,0,792,0,-1.328089,0.227167,3.685236,0.0069512,-0.5924920,0.0307572,0.8049590
1788240963238650880,OK,1,0,8.78729,0.352333,0,771,0,-1.344028,0.227832,3.685747,0.0069188,-0.5956674,0.0304554,0.8026238
1788240963271981824,OK,1,0,7.83121,0.3455,0,745,0,-1.356870,0.227788,3.685760,0.0066905,-0.5990744,0.0300478,0.8001015
1788240963305313024,OK,1,0,8.52908,0.342084,0,711,0,-1.370953,0.226855,3.685365,0.0065688,-0.6022972,0.0297521,0.7976903
1788240963338643712,OK,1,0,11.829,0.354042,0,688,0,-1.378092,0.223956,3.685466,0.0061313,-0.6056984,0.0297118,0.7951157
1788240963371974656,OK,1,0,8.05346,0.527334,0,761,0,-1.396444,0.224716,3.684917,0.0058478,-0.6089863,0.0297193,0.7926022
1788240963405305344,OK,1,0,9.58025,0.444625,0,990,0,-1.406473,0.225438,3.680584,0.0060901,-0.6118127,0.0298536,0.7904157
1788240963438636032,OK,1,0,9.34713,0.34225,0,967,0,-1.422812,0.224707,3.679283,0.0064866,-0.6149189,0.0303890,0.7879779
1788240963471966464,OK,1,0,10.3183,0.552334,0,925,0,-1.436312,0.226406,3.679374,0.0067646,-0.6181861,0.0314535,0.7853730
1788240963505296128,OK,1,0,9.36962,0.31325,0,919,0,-1.447731,0.224995,3.678864,0.0067132,-0.6215681,0.0318061,0.7826853
1788240963538626560,OK,1,0,9.02917,0.3595,0,930,0,-1.459958,0.225156,3.676084,0.0068857,-0.6246209,0.0318767,0.7802469
1788240963571956992,OK,1,0,8.73342,0.274375,0,912,0,-1.474283,0.225212,3.672590,0.0069471,-0.6275587,0.0322220,0.7778713
1788240963605289472,OK,1,0,8.64508,0.375333,0,891,0,-1.487700,0.225079,3.673897,0.0070756,-0.6306832,0.0326736,0.7753200
1788240963638624768,OK,1,0,8.92508,0.532208,0,890,0,-1.502824,0.226654,3.673969,0.0063995,-0.6338108,0.0332501,0.7727467
1788240963671959808,OK,1,0,12.9138,0.261334,0,912,0,-1.511695,0.230140,3.676041,0.0064841,-0.6369443,0.0335894,0.7701504
1788240963705294848,OK,1,0,8.51829,0.369375,0,899,0,-1.525122,0.230976,3.672808,0.0066889,-0.6396391,0.0335786,0.7679124
1788240963738629888,OK,1,0,9.16204,0.34725,0,886,0,-1.536060,0.231978,3.670495,0.0069873,-0.6418127,0.0336685,0.7660902
1788240963771964928,OK,1,0,8.68525,0.322584,0,868,0,-1.551754,0.230536,3.669873,0.0067165,-0.6436289,0.0334007,0.7645791
1788240963805299712,OK,1,0,8.38996,0.423333,0,922,0,-1.563410,0.232009,3.669294,0.0064539,-0.6456739,0.0332099,0.7628635
1788240963838634496,OK,1,0,8.22496,0.257291,0,1085,0,-1.578810,0.231131,3.669284,0.0067868,-0.6479855,0.0330218,0.7609062
1788240963871969280,OK,1,0,8.91175,0.357542,0,1089,0,-1.590684,0.231964,3.666860,0.0071450,-0.6500564,0.0334021,0.7591179
1788240963905304064,OK,1,0,8.66554,0.3475,0,1053,0,-1.604850,0.231695,3.666346,0.0070281,-0.6522149,0.0341117,0.7572336
1788240963938638336,OK,1,0,9.23842,0.328083,0,1066,0,-1.614297,0.232867,3.668282,0.0069808,-0.6541061,0.0349846,0.7555611
1788240963971972096,OK,1,0,9.09371,0.251584,0,1035,0,-1.624780,0.231555,3.667832,0.0073067,-0.6555386,0.0355096,0.7542911
1788240964005306624,OK,1,0,8.98979,0.326084,0,1013,0,-1.639898,0.230606,3.664886,0.0076400,-0.6573657,0.0355183,0.7526955
1788240964038640896,OK,1,0,9.11792,0.341958,0,1002,0,-1.653569,0.230733,3.664548,0.0073613,-0.6592618,0.0357439,0.7510273
1788240964071975424,OK,1,0,9.16238,0.2595,0,1016,0,-1.665174,0.228485,3.667901,0.0070100,-0.6612002,0.0359688,0.7493140
1788240964105309696,OK,1,0,8.77458,0.384333,0,1002,0,-1.679801,0.229516,3.664079,0.0070593,-0.6624986,0.0360746,0.7481607
1788240964138643712,OK,1,0,8.67483,0.277084,0,1001,0,-1.693929,0.230456,3.662635,0.0072747,-0.6638585,0.0362554,0.7469434
1788240964171977728,OK,1,0,9.33762,0.344667,0,1088,0,-1.707046,0.231805,3.661264,0.0074141,-0.6654695,0.0361798,0.7455109
1788240964205312000,OK,1,0,9.86146,0.498541,0,1299,0,-1.719075,0.233071,3.659939,0.0076294,-0.6670145,0.0364214,0.7441149
1788240964238646016,OK,1,0,10.9335,0.477,0,1284,0,-1.730867,0.234221,3.659099,0.0078891,-0.6684828,0.0369203,0.7427687
1788240964271980032,OK,1,0,10.4328,0.34125,0,1277,0,-1.743916,0.233973,3.657110,0.0076230,-0.6697416,0.0370965,0.7416279
1788240964305313792,OK,1,0,9.44517,0.482625,0,1260,0,-1.756291,0.233848,3.655876,0.0079384,-0.6710793,0.0371950,0.7404094
1788240964338647808,OK,1,0,10.9099,0.298,0,1239,0,-1.768518,0.233638,3.654054,0.0081161,-0.6726412,0.0370955,0.7389939
1788240964371981568,OK,1,0,10.2299,0.34525,0,1213,0,-1.780517,0.231239,3.653664,0.0079253,-0.6741589,0.0367926,0.7376269
1788240964405314048,OK,1,0,9.64975,0.291417,0,1188,0,-1.793519,0.232510,3.651327,0.0076492,-0.6754501,0.0370401,0.7364351
1788240964438647808,OK,1,0,9.98829,0.337084,0,1215,0,-1.809061,0.234830,3.662152,0.0077134,-0.6781054,0.0373464,0.7339747
1788240964471981312,OK,1,0,11.0739,0.257958,0,1217,0,-1.820587,0.233399,3.658266,0.0079045,-0.6795370,0.0375907,0.7326350
1788240964505314816,OK,1,0,9.76075,0.283,0,1181,0,-1.832614,0.234538,3.657744,0.0076206,-0.6810216,0.0381029,0.7312316
1788240964538648064,OK,1,0,9.67871,0.278458,0,1166,0,-1.843149,0.234210,3.656756,0.0075003,-0.6823043,0.0385505,0.7300127
1788240964571981568,OK,1,0,9.57429,0.251833,0,1169,0,-1.855597,0.231694,3.654677,0.0076874,-0.6836460,0.0385435,0.7287547
1788240964605313280,OK,1,0,9.13033,0.364334,0,1144,0,-1.871560,0.230411,3.653837,0.0076989,-0.6852273,0.0383172,0.7272800
1788240964638642944,OK,1,0,9.10417,0.543583,0,1144,0,-1.884212,0.230770,3.650917,0.0079687,-0.6867583,0.0378181,0.7258577
1788240964671972864,OK,1,0,9.56967,0.391417,0,1159,0,-1.896053,0.232379,3.645939,0.0080981,-0.6881898,0.0376361,0.7245087
1788240964705302528,OK,1,0,10.3997,0.261458,0,1173,0,-1.908824,0.233439,3.643751,0.0077430,-0.6894516,0.0378628,0.7233001
1788240964738631936,OK,1,0,10.3651,0.504042,0,1320,0,-1.921837,0.232982,3.642746,0.0071914,-0.6907499,0.0380489,0.7220562
1788240964771961088,OK,1,0,10.2664,0.354042,0,1306,0,-1.934523,0.231723,3.642991,0.0074649,-0.6922566,0.0380524,0.7206089
1788240964805290496,OK,1,0,10.8943,0.337333,0,1295,0,-1.947753,0.229953,3.641572,0.0076075,-0.6939378,0.0380583,0.7189882
1788240964838618624,OK,1,0,11.9598,0.350541,0,1278,0,-1.960240,0.230559,3.638662,0.0072123,-0.6953793,0.0382713,0.7175870
1788240964871947776,OK,1,0,10.0952,0.379042,0,1269,0,-1.972967,0.230162,3.635103,0.0071500,-0.6966197,0.0382947,0.7163821
1788240964905276928,OK,1,0,11.2656,0.325417,0,1262,0,-1.984494,0.229251,3.632110,0.0072805,-0.6980023,0.0378952,0.7150550
1788240964938605824,OK,1,0,10.173,0.346417,0,1221,0,-1.998970,0.229223,3.631049,0.0071084,-0.6994847,0.0379090,0.7136060
1788240964971934208,OK,1,0,11.5832,0.351708,0,1256,0,-2.014888,0.230963,3.637456,0.0066244,-0.7018225,0.0380343,0.7113049
1788240965005262848,OK,1,0,10.5608,0.333917,0,1225,0,-2.028052,0.231668,3.637034,0.0066940,-0.7028215,0.0381732,0.7103099
1788240965038591488,OK,1,0,10.2154,0.765709,0,1244,0,-2.040435,0.231227,3.635283,0.0062759,-0.7034370,0.0386288,0.7096794
1788240965071920128,OK,1,0,10.417,0.405875,0,1213,0,-2.054410,0.232953,3.635226,0.0062112,-0.7045763,0.0390215,0.7085274
1788240965105248256,OK,1,0,9.81588,0.254834,0,1239,0,-2.066392,0.232937,3.633234,0.0066773,-0.7055345,0.0392413,0.7075568
1788240965138576640,OK,1,0,10.8084,0.328125,0,1255,0,-2.077933,0.232139,3.632459,0.0067175,-0.7064930,0.0395498,0.7065822
1788240965171904768,OK,1,0,11.083,0.264417,0,1351,0,-2.089818,0.229990,3.629880,0.0064048,-0.7071565,0.0395685,0.7059199
1788240965205232896,OK,1,0,11.4145,0.347458,0,1370,0,-2.101383,0.230709,3.627574,0.0070151,-0.7079467,0.0400976,0.7050918
1788240965238560768,OK,1,0,11.8823,0.6925,0,1426,0,-2.112134,0.229465,3.624946,0.0074189,-0.7087616,0.0403734,0.7042528
1788240965271888640,OK,1,0,12.652,0.387542,0,1350,0,-2.123755,0.228690,3.622910,0.0075553,-0.7096465,0.0404691,0.7033542
1788240965305215232,OK,1,0,11.7311,0.474958,0,1360,0,-2.134511,0.230111,3.621427,0.0081848,-0.7106753,0.0404014,0.7023115
1788240965338542848,OK,1,0,10.7894,0.271958,0,1385,0,-2.147164,0.228857,3.615757,0.0084180,-0.7114194,0.0404366,0.7015529
1788240965371870464,OK,1,0,10.4612,0.34275,0,1361,0,-2.157863,0.228934,3.611254,0.0085023,-0.7119673,0.0407443,0.7009780
1788240965405197824,OK,1,0,11.1336,0.332084,0,1408,0,-2.171678,0.230588,3.611314,0.0083181,-0.7130123,0.0408064,0.6999137
1788240965438525184,OK,1,0,10.7025,0.359291,0,1363,0,-2.182921,0.230842,3.607982,0.0086263,-0.7138836,0.0407006,0.6990273
1788240965471852288,OK,1,0,11.943,0.563042,0,1479,0,-2.195686,0.231088,3.603639,0.0083190,-0.7147771,0.0405130,0.6981284
1788240965505179392,OK,1,0,12.0654,0.475416,0,1432,0,-2.209781,0.232599,3.600008,0.0081519,-0.7156982,0.0400399,0.6972133
1788240965538506496,OK,1,0,12.5977,0.337791,0,1539,0,-2.222064,0.231229,3.599008,0.0083827,-0.7167255,0.0395572,0.6961821
1788240965571833600,OK,1,0,12.7693,0.272917,0,1517,0,-2.234398,0.231833,3.595575,0.0081514,-0.7175898,0.0394163,0.6953019
1788240965605161728,OK,1,0,11.5784,0.282042,0,1476,0,-2.249937,0.230954,3.593930,0.0080572,-0.7184575,0.0391526,0.6944214
1788240965638491392,OK,1,0,11.269,0.679625,0,1462,0,-2.260860,0.230364,3.593014,0.0080097,-0.7195217,0.0391606,0.6933187
1788240965671821312,OK,1,0,12.2296,0.355292,0,1458,0,-2.274020,0.230694,3.589550,0.0078374,-0.7204481,0.0396487,0.6923303
1788240965705150976,OK,1,0,11.9045,0.33675,0,1469,0,-2.285937,0.230610,3.589634,0.0079800,-0.7215263,0.0402614,0.6911694
1788240965738479616,OK,1,0,13.0123,0.306666,0,1440,0,-2.297798,0.230646,3.588399,0.0081113,-0.7225325,0.0406723,0.6900919
1788240965771808768,OK,1,0,12.1352,0.344541,0,1402,0,-2.311390,0.230004,3.586365,0.0083363,-0.7234441,0.0407423,0.6891294
1788240965805138176,OK,1,0,12.1948,0.289542,0,1410,0,-2.322695,0.231644,3.583380,0.0086144,-0.7242306,0.0408030,0.6882958
1788240965838467328,OK,1,0,11.3272,0.905667,0,1376,0,-2.335799,0.234239,3.578109,0.0087599,-0.7249976,0.0409450,0.6874775
1788240965871796736,OK,1,0,12.2258,0.786167,0,1425,0,-2.364447,0.233999,3.589131,0.0084346,-0.7273468,0.0415687,0.6849581
1788240965905125376,OK,1,0,12.2892,0.293709,0,1421,0,-2.376827,0.233691,3.588643,0.0079276,-0.7282744,0.0416146,0.6839750
1788240965938454272,OK,1,0,11.3823,0.373875,0,1423,0,-2.390042,0.233932,3.585400,0.0080050,-0.7290102,0.0414590,0.6831993
1788240965971783168,OK,1,0,10.825,0.357542,0,1380,0,-2.402502,0.233592,3.581993,0.0080696,-0.7300743,0.0414572,0.6820615
1788240966005112064,OK,1,0,11.612,0.283958,0,1390,0,-2.415648,0.234056,3.578133,0.0077737,-0.7308857,0.0414438,0.6811961
1788240966038440704,OK,1,0,11.2434,0.354,0,1386,0,-2.428930,0.233846,3.575820,0.0077187,-0.7314745,0.0413203,0.6805720
1788240966071769088,OK,1,0,10.7878,0.509792,0,1372,0,-2.443168,0.234087,3.574387,0.0077347,-0.7323785,0.0410944,0.6796125
1788240966105097472,OK,1,0,10.8186,0.601542,0,1368,0,-2.453964,0.234684,3.572242,0.0079269,-0.7332633,0.0411659,0.6786513
1788240966138425856,OK,1,0,11.0755,0.259625,0,1353,0,-2.466268,0.234480,3.568672,0.0084465,-0.7342993,0.0412301,0.6775199
1788240966171753984,OK,1,0,10.5668,0.372167,0,1352,0,-2.481510,0.235305,3.566419,0.0089043,-0.7354847,0.0414626,0.6762129
1788240966205081088,OK,1,0,11.1258,0.392333,0,1323,0,-2.492025,0.234591,3.563967,0.0086349,-0.7365274,0.0418930,0.6750540
1788240966238409216,OK,1,0,11.0265,0.497334,0,1338,0,-2.502247,0.234674,3.562389,0.0085019,-0.7371901,0.0423842,0.6743011
1788240966271737088,OK,1,0,10.7157,0.332583,0,1319,0,-2.515265,0.233196,3.560132,0.0085204,-0.7379684,0.0426814,0.6734303
1788240966305064704,OK,1,0,11.3999,0.267334,0,1508,0,-2.527745,0.233435,3.557330,0.0087921,-0.7389398,0.0429247,0.6723453
1788240966338392576,OK,1,0,10.3962,0.33975,0,1418,0,-2.540261,0.233791,3.555739,0.0088003,-0.7400442,0.0429776,0.6711260
1788240966371719936,OK,1,0,12.489,0.3705,0,1423,0,-2.554316,0.234915,3.553648,0.0094384,-0.7411293,0.0428647,0.6699260
1788240966405047552,OK,1,0,11.7076,0.356667,0,1423,0,-2.565989,0.234056,3.546892,0.0091087,-0.7418745,0.0422956,0.6691415
1788240966438374912,OK,1,0,12.863,0.342583,0,1369,0,-2.578442,0.234055,3.543255,0.0091932,-0.7426501,0.0416817,0.6683180
1788240966471702272,OK,1,0,12.4208,0.37275,0,1374,0,-2.592627,0.235534,3.539235,0.0094696,-0.7436699,0.0414627,0.6671929
1788240966505029376,OK,1,0,11.8974,0.3275,0,1309,0,-2.606287,0.235071,3.536765,0.0092808,-0.7448360,0.0415201,0.6658899
1788240966538356480,OK,1,0,11.7615,0.344583,0,1306,0,-2.617340,0.235152,3.535003,0.0090777,-0.7455694,0.0419241,0.6650460
1788240966571683328,OK,1,0,10.7606,0.34375,0,1321,0,-2.629081,0.234377,3.532891,0.0090367,-0.7464094,0.0422157,0.6640853
1788240966605014016,OK,1,0,11.3485,0.276958,0,1303,0,-2.646918,0.226406,3.537265,0.0080929,-0.7483298,0.0417148,0.6619644
1788240966638348032,OK,1,0,11.0883,0.404625,0,1311,0,-2.659913,0.226921,3.534855,0.0084711,-0.7494425,0.0416023,0.6607068
1788240966671683328,OK,1,0,11.332,0.521791,0,1265,0,-2.672344,0.228747,3.528996,0.0084751,-0.7500534,0.0414340,0.6600237
1788240966705018368,OK,1,0,10.9911,0.552542,0,1255,0,-2.685145,0.227973,3.526077,0.0085438,-0.7508720,0.0415472,0.6590843
1788240966738353152,OK,1,0,11.436,0.26525,0,1238,0,-2.699233,0.229299,3.524363,0.0085699,-0.7518767,0.0417608,0.6579241
1788240966771688192,OK,1,0,10.0245,0.388583,0,1231,0,-2.710490,0.228406,3.522001,0.0088887,-0.7527657,0.0416309,0.6569108
1788240966805022976,OK,1,0,11.0039,0.544625,0,1231,0,-2.724133,0.227574,3.517856,0.0092683,-0.7539375,0.0416357,0.6555600
1788240966838357760,OK,1,0,11.2542,0.260417,0,1541,0,-2.736135,0.227380,3.514353,0.0088870,-0.7549395,0.0416024,0.6544132
1788240966871692288,OK,1,0,10.6767,0.341333,0,1437,0,-2.749785,0.227628,3.512066,0.0088128,-0.7558906,0.0414974,0.6533220
1788240966905027072,OK,1,0,12.0635,0.298792,0,1419,0,-2.761410,0.227745,3.507671,0.0089889,-0.7567387,0.0415997,0.6523306
1788240966938361600,OK,1,0,11.2611,0.372167,0,1410,0,-2.772439,0.226244,3.503716,0.0093036,-0.7578532,0.0416884,0.6510254
1788240966971696128,OK,1,0,11.0207,0.307333,0,1348,0,-2.784878,0.224031,3.498970,0.0092023,-0.7593020,0.0416459,0.6493392
1788240967005030400,OK,1,0,12.8535,0.394791,0,1339,0,-2.794905,0.224417,3.494580,0.0092609,-0.7607719,0.0416168,0.6476175
1788240967038364672,OK,1,0,11.4319,0.383458,0,1307,0,-2.806606,0.225233,3.490477,0.0094022,-0.7618741,0.0419156,0.6462991
1788240967071697920,OK,1,0,12.7402,0.510416,0,1293,0,-2.819193,0.225361,3.486366,0.0090522,-0.7632294,0.0420596,0.6446936
1788240967105032192,OK,1,0,11.4014,0.353333,0,1293,0,-2.835145,0.222829,3.485183,0.0092595,-0.7654402,0.0418986,0.6420748
1788240967138366464,OK,1,0,11.1062,0.332875,0,1285,0,-2.845880,0.223880,3.480182,0.0100113,-0.7671155,0.0418826,0.6400621
1788240967171700480,OK,1,0,10.7625,0.24725,0,1272,0,-2.859878,0.223493,3.475515,0.0097332,-0.7687398,0.0421442,0.6380973
1788240967205034496,OK,1,0,10.3696,0.384417,0,1240,0,-2.870240,0.223884,3.470886,0.0094834,-0.7703295,0.0425204,0.6361560
1788240967238368512,OK,1,0,11.1717,0.252417,0,1594,0,-2.882524,0.222649,3.467181,0.0097768,-0.7723200,0.0425317,0.6337329
1788240967271702272,OK,1,0,11.5317,0.321666,0,1490,0,-2.893746,0.222096,3.461506,0.0105055,-0.7741824,0.0425056,0.6314464
1788240967305036032,OK,1,0,11.352,0.339125,0,1429,0,-2.906822,0.221966,3.454942,0.0098321,-0.7761542,0.0423797,0.6290405
1788240967338369792,OK,1,0,12.1936,0.520875,0,1419,0,-2.916036,0.221481,3.448261,0.0095528,-0.7780116,0.0423544,0.6267477
1788240967371703552,OK,1,0,12.6677,0.345417,0,1378,0,-2.927481,0.221244,3.442746,0.0098336,-0.7798188,0.0429386,0.6244535
1788240967405037056,OK,1,0,12.5011,0.362333,0,1332,0,-2.939559,0.219783,3.438792,0.0097057,-0.7820947,0.0436635,0.6215523
1788240967438370560,OK,1,0,16.0783,0.272417,0,1333,0,-2.957378,0.219252,3.436383,0.0094459,-0.7851104,0.0441235,0.6177100
1788240967471704064,OK,1,0,11.3649,0.2685,0,1352,0,-2.969502,0.219255,3.428149,0.0093286,-0.7876751,0.0442661,0.6144277
1788240967505036288,OK,1,0,11.6137,0.369583,0,1302,0,-2.980532,0.219021,3.420420,0.0096763,-0.7903064,0.0440349,0.6110508
1788240967538369792,OK,1,0,11.1063,0.317208,0,1317,0,-2.991357,0.218390,3.411885,0.0099669,-0.7930581,0.0438198,0.6074861
1788240967571703040,OK,1,0,11.2163,0.241709,0,1297,0,-3.001707,0.218728,3.403978,0.0099490,-0.7958124,0.0439414,0.6038650
1788240967605037056,OK,1,0,11.0538,0.409459,0,1246,0,-3.012822,0.218887,3.396138,0.0099831,-0.7987188,0.0441896,0.5999966
1788240967638372096,OK,1,0,10.7386,0.376708,0,1248,0,-3.021942,0.217735,3.388072,0.0099121,-0.8015058,0.0445521,0.5962428
1788240967671707136,OK,1,0,11.6346,0.319375,0,1925,0,-3.031874,0.216400,3.380541,0.0100916,-0.8043749,0.0447793,0.5923463
1788240967705041664,OK,1,0,13.9236,0.330708,0,1573,0,-3.041593,0.215980,3.372251,0.0102845,-0.8072858,0.0447218,0.5883738
1788240967738376448,OK,1,0,11.535,0.307917,0,1494,0,-3.050303,0.215878,3.361359,0.0100743,-0.8100851,0.0442885,0.5845504
1788240967771711232,OK,1,0,11.4204,0.442167,0,1469,0,-3.062219,0.217353,3.352243,0.0102830,-0.8130991,0.0438903,0.5803774
1788240967805045760,OK,1,0,12.8902,0.518667,0,1391,0,-3.074626,0.216756,3.341496,0.0105059,-0.8159612,0.0433900,0.5763803
1788240967838380288,OK,1,0,11.7751,0.364125,0,1418,0,-3.084112,0.216532,3.331893,0.0107385,-0.8186606,0.0432269,0.5725478
1788240967871714816,OK,1,0,12.3369,0.472416,0,1317,0,-3.094684,0.216646,3.323155,0.0104591,-0.8214880,0.0436544,0.5684561
1788240967905049088,OK,1,0,11.3309,0.425708,0,1339,0,-3.107150,0.217229,3.312586,0.0099419,-0.8240774,0.0444584,0.5646424
1788240967938383616,OK,1,0,11.8037,0.3995,0,1326,0,-3.116651,0.216334,3.304546,0.0100063,-0.8265569,0.0452527,0.5609419
1788240967971716864,OK,1,0,11.12,0.379291,0,1306,0,-3.126041,0.214566,3.296384,0.0102117,-0.8291618,0.0456109,0.5570513
1788240968005050880,OK,1,0,10.8466,0.27225,0,1258,0,-3.135183,0.213250,3.287383,0.0100312,-0.8320348,0.0453967,0.5527718
1788240968038384896,OK,1,0,10.4491,0.251292,0,1241,0,-3.144991,0.213849,3.277731,0.0100354,-0.8348193,0.0452785,0.5485670
1788240968071718912,OK,1,0,11.096,0.366875,0,2020,0,-3.155905,0.214450,3.267495,0.0098690,-0.8375914,0.0450930,0.5443437
1788240968105052928,OK,1,0,12.9098,0.306833,0,1603,0,-3.164658,0.214648,3.256257,0.0098841,-0.8405582,0.0447196,0.5397819
1788240968138386688,OK,1,0,12.4345,0.270209,0,1505,0,-3.174238,0.214130,3.244861,0.0099679,-0.8438622,0.0443659,0.5346296
1788240968171720704,OK,1,0,13.178,0.346083,0,1469,0,-3.182079,0.214575,3.233652,0.0097765,-0.8470970,0.0444737,0.5294840
1788240968205054464,OK,1,0,13.0634,0.514375,0,1427,0,-3.191411,0.214071,3.223086,0.0095454,-0.8502466,0.0446183,0.5244033
1788240968238387968,OK,1,0,12.4117,0.357375,0,1356,0,-3.199404,0.215137,3.211571,0.0100844,-0.8532291,0.0450671,0.5194876
1788240968271721728,OK,1,0,12.4967,0.354708,0,1300,0,-3.206103,0.215207,3.200781,0.0105035,-0.8563383,0.0456584,0.5142857
1788240968305055232,OK,1,0,12.007,0.361583,0,2006,0,-3.219168,0.212793,3.191800,0.0099566,-0.8601071,0.0458559,0.5079507
1788240968338388736,OK,1,0,13.8969,0.351041,0,1702,0,-3.228743,0.213773,3.181526,0.0096975,-0.8634445,0.0464440,0.5022076
1788240968371721984,OK,1,0,12.8919,0.267333,0,1605,0,-3.235294,0.212523,3.170735,0.0098552,-0.8664589,0.0467698,0.4969552
1788240968405054464,OK,1,0,12.8414,0.292875,0,1470,0,-3.241723,0.212566,3.158510,0.0100538,-0.8697214,0.0465519,0.4912399
1788240968438387712,OK,1,0,11.4925,0.555584,0,1380,0,-3.248497,0.212431,3.144701,0.0099063,-0.8729721,0.0461695,0.4854791
1788240968471720704,OK,1,0,12.4985,0.815208,0,1333,0,-3.254117,0.212997,3.131564,0.0103584,-0.8761505,0.0458276,0.4797425
1788240968505053952,OK,1,0,16.0872,0.353541,0,1322,0,-3.262511,0.209665,3.122375,0.0105093,-0.8797118,0.0451887,0.4732385
1788240968538386944,OK,1,0,12.2387,0.270166,0,1851,0,-3.268444,0.208528,3.109937,0.0101100,-0.8829610,0.0451761,0.4671583
1788240968571719936,OK,1,0,13.2218,0.51175,0,1628,0,-3.274853,0.206380,3.100072,0.0096370,-0.8863044,0.0452434,0.4607870
1788240968605051904,OK,1,0,11.9665,0.384958,0,1533,0,-3.278741,0.206724,3.090273,0.0100810,-0.8894008,0.0460105,0.4546951
1788240968638383104,OK,1,0,11.1562,1.17529,0,1480,0,-3.281672,0.206258,3.078557,0.0102144,-0.8925074,0.0464146,0.4485221
1788240968671714048,OK,1,0,11.8941,0.536416,0,1414,0,-3.285732,0.206720,3.068102,0.0100772,-0.8956988,0.0464894,0.4421097
1788240968705044992,OK,1,0,14.9316,0.320292,0,1377,0,-3.291077,0.206126,3.056154,0.0099781,-0.8988984,0.0464871,0.4355697
1788240968738375424,OK,1,0,11.5681,0.341166,0,1347,0,-3.291605,0.205344,3.045108,0.0105900,-0.9019831,0.0466505,0.4291133
1788240968771706112,OK,1,0,11.1132,0.377792,0,1331,0,-3.295564,0.204823,3.033794,0.0106848,-0.9051324,0.0467886,0.4224123
1788240968805036544,OK,1,0,10.8703,0.325292,0,1831,0,-3.297152,0.203787,3.023079,0.0100417,-0.9080269,0.0471031,0.4161342
1788240968838365952,OK,1,0,13.5537,0.271833,0,1649,0,-3.298430,0.204198,3.012710,0.0102451,-0.9108816,0.0476101,0.4097842
1788240968871696384,OK,1,0,13.3683,0.297416,0,1581,0,-3.300413,0.203234,3.002290,0.0108344,-0.9137892,0.0479445,0.4032038
1788240968905026560,OK,1,0,12.1805,0.391,0,1506,0,-3.301955,0.202668,2.991169,0.0107777,-0.9167111,0.0479417,0.3965176
1788240968938356736,OK,1,0,11.782,0.309167,0,1486,0,-3.303055,0.202103,2.979493,0.0105573,-0.9194722,0.0480121,0.3900695
1788240968971686656,OK,1,0,11.448,0.324583,0,1438,0,-3.309937,0.204782,2.962509,0.0115103,-0.9221913,0.0482080,0.3835451
1788240969005016576,OK,1,0,11.2883,0.367209,0,1348,0,-3.312034,0.205402,2.951767,0.0120649,-0.9249622,0.0483699,0.3767754
1788240969038346496,OK,1,0,12.7118,0.285417,0,1746,0,-3.316394,0.202907,2.939807,0.0120213,-0.9277933,0.0482659,0.3697641
1788240969071676160,OK,1,0,11.7003,0.3295,0,1551,0,-3.318192,0.202906,2.928901,0.0120970,-0.9303852,0.0485476,0.3631532
1788240969105005824,OK,1,0,11.3261,0.423792,0,1458,0,-3.318365,0.201453,2.917268,0.0123610,-0.9328751,0.0486120,0.3566907
1788240969138335488,OK,1,0,12.4123,0.274459,0,1355,0,-3.320709,0.201071,2.904641,0.0128733,-0.9355689,0.0486459,0.3495407
1788240969171664896,OK,1,0,10.1783,0.394167,0,1262,0,-3.323553,0.199662,2.892586,0.0125693,-0.9382620,0.0483917,0.3422934
1788240969204994048,OK,1,0,11.1681,0.487292,0,1324,0,-3.324691,0.198318,2.885581,0.0124098,-0.9409322,0.0485089,0.3348724
1788240969238323456,OK,1,0,11.5412,0.255375,0,1664,0,-3.326440,0.198163,2.875242,0.0123209,-0.9433309,0.0489298,0.3279952
1788240969271652608,OK,1,0,11.0205,0.3325,0,1435,0,-3.328347,0.196953,2.865209,0.0122642,-0.9456810,0.0494480,0.3210795
1788240969304980736,OK,1,0,11.1419,0.329,0,1350,0,-3.329318,0.196359,2.855793,0.0123150,-0.9481094,0.0495833,0.3138126
1788240969338309632,OK,1,0,11.3297,0.339916,0,1296,0,-3.330983,0.196676,2.844555,0.0123919,-0.9504635,0.0496807,0.3065901
1788240969371638528,OK,1,0,10.4427,0.337833,0,1239,0,-3.331013,0.195274,2.833086,0.0123830,-0.9527780,0.0496197,0.2993302
1788240969404967168,OK,1,0,10.2103,0.339958,0,1200,0,-3.329531,0.197218,2.821337,0.0131294,-0.9549682,0.0498539,0.2921952
1788240969438295808,OK,1,0,10.4897,0.354917,0,1182,0,-3.328292,0.194191,2.811446,0.0129716,-0.9571985,0.0497736,0.2848252
1788240969471624448,OK,1,0,9.88821,0.269292,0,1157,0,-3.330199,0.194306,2.802440,0.0127462,-0.9593779,0.0502905,0.2773129
1788240969504952832,OK,1,0,9.917,0.314542,0,1559,0,-3.332054,0.192827,2.792196,0.0122931,-0.9615042,0.0504451,0.2698403
1788240969538281216,OK,1,0,11.085,0.4885,0,1452,0,-3.328858,0.190937,2.782314,0.0122696,-0.9634584,0.0505035,0.2627676
1788240969571609600,OK,1,0,11.6624,0.248167,0,1353,0,-3.327728,0.190710,2.769353,0.0126330,-0.9654724,0.0502897,0.2552928
1788240969604940032,OK,1,0,11.4923,0.288084,0,1252,0,-3.325572,0.190019,2.757703,0.0126248,-0.9674274,0.0500253,0.2478353
1788240969638272768,OK,1,0,10.3089,0.345458,0,1240,0,-3.320273,0.188860,2.735876,0.0128360,-0.9690113,0.0495505,0.2416549
1788240969671605248,OK,1,0,11.6659,0.268333,0,1465,0,-3.319894,0.186264,2.724783,0.0126004,-0.9708697,0.0494977,0.2341011
1788240969704937984,OK,1,0,11.5531,0.349291,0,1281,0,-3.317182,0.184571,2.714725,0.0124970,-0.9726446,0.0496073,0.2265954
1788240969738269440,OK,1,0,10.1989,0.433666,0,1214,0,-3.317508,0.182350,2.703814,0.0121426,-0.9744086,0.0499207,0.2188341
1788240969771601920,OK,1,0,10.278,0.309708,0,1125,0,-3.317919,0.182856,2.694074,0.0117560,-0.9761011,0.0503322,0.2110809
1788240969804934144,OK,1,0,9.03904,0.354,0,1093,0,-3.316855,0.181591,2.681325,0.0118954,-0.9776320,0.0506829,0.2037779
1788240969838266368,OK,1,0,10.4091,0.29775,0,1219,0,-3.311766,0.184112,2.667103,0.0124008,-0.9789464,0.0509772,0.1972599
1788240969871598592,OK,1,0,10.9822,0.35275,0,1259,0,-3.310526,0.185028,2.657037,0.0122381,-0.9804472,0.0512160,0.1896062
1788240969904930560,OK,1,0,10.8985,0.362292,0,1200,0,-3.311325,0.182958,2.646559,0.0116293,-0.9819638,0.0508740,0.1817246
1788240969938262784,OK,1,0,10.8883,0.333417,0,1189,0,-3.306118,0.183445,2.635093,0.0114603,-0.9832976,0.0508393,0.1743845
1788240969971594496,OK,1,0,11.5665,0.547084,0,1168,0,-3.301953,0.184681,2.620184,0.0121965,-0.9845910,0.0506210,0.1669411
1788240970004926208,OK,1,0,10.455,0.333583,0,1143,0,-3.297748,0.182181,2.611136,0.0118819,-0.9858617,0.0504235,0.1593522
1788240970038258176,OK,1,0,10.3916,0.326708,0,1389,0,-3.294021,0.184606,2.600671,0.0121471,-0.9870322,0.0503799,0.1519267
1788240970071589888,OK,1,0,10.675,0.848708,0,1300,0,-3.291269,0.183426,2.589191,0.0123616,-0.9881601,0.0505367,0.1443359
1788240970104921344,OK,1,0,10.5021,0.511917,0,1253,0,-3.288846,0.181994,2.578976,0.0123588,-0.9892340,0.0508686,0.1366596
1788240970138252800,OK,1,0,11.1015,0.327959,0,1162,0,-3.286876,0.181403,2.570289,0.0120863,-0.9902710,0.0514409,0.1287286
1788240970171582976,OK,1,0,10.0246,0.355084,0,1111,0,-3.273767,0.182557,2.558599,0.0119973,-0.9910538,0.0521071,0.1222834
1788240970204914432,OK,1,0,10.3542,0.372667,0,1286,0,-3.273942,0.182733,2.548432,0.0120150,-0.9919233,0.0528197,0.1146903
1788240970238245632,OK,1,0,10.4585,0.365167,0,1199,0,-3.266927,0.180563,2.541037,0.0122080,-0.9927586,0.0528723,0.1071718
1788240970271576576,OK,1,0,10.1297,0.263625,0,1131,0,-3.261771,0.180127,2.530518,0.0121262,-0.9935761,0.0526830,0.0994184
1788240970304907776,OK,1,0,8.85058,0.300666,0,1083,0,-3.256185,0.180989,2.519322,0.0124834,-0.9943020,0.0524297,0.0919724
1788240970338238720,OK,1,0,9.90642,0.448084,0,1131,0,-3.243359,0.176979,2.510069,0.0125694,-0.9948628,0.0523825,0.0857093
1788240970371569664,OK,1,0,10.1283,0.726625,0,1250,0,-3.238760,0.176332,2.498831,0.0126772,-0.9953735,0.0525460,0.0794345
1788240970404900352,OK,1,0,11.5196,0.504,0,1363,0,-3.233328,0.177445,2.487455,0.0121348,-0.9957809,0.0525449,0.0742433
1788240970438231040,OK,1,0,10.0369,0.34325,0,1262,0,-3.230384,0.178006,2.476113,0.0117454,-0.9961877,0.0522614,0.0688538
1788240970471561472,OK,1,0,10.532,0.319375,0,1249,0,-3.226801,0.176429,2.463642,0.0123141,-0.9964977,0.0522807,0.0640892
1788240970504892160,OK,1,0,11.6173,0.314042,0,1389,0,-3.223303,0.173034,2.451852,0.0124007,-0.9966996,0.0520660,0.0610345
1788240970538222336,OK,1,0,10.6484,0.347458,0,1290,0,-3.223660,0.173382,2.438692,0.0117944,-0.9968615,0.0517860,0.0587053
1788240970571552768,OK,1,0,10.3772,0.61725,0,1277,0,-3.225036,0.174139,2.425173,0.0113725,-0.9970082,0.0515436,0.0564675
1788240970604883456,OK,1,0,10.741,0.45775,0,1229,0,-3.224311,0.172534,2.412840,0.0117060,-0.9970823,0.0516995,0.0549277
1788240970638214144,OK,1,0,12.0876,0.476209,0,1424,0,-3.223173,0.170243,2.401049,0.0115881,-0.9971004,0.0518208,0.0545083
1788240970671545088,OK,1,0,12.9385,0.3535,0,1540,0,-3.224815,0.171044,2.388299,0.0110528,-0.9971066,0.0518351,0.0544935
1788240970704876544,OK,1,0,12.9613,0.602292,0,1568,0,-3.227748,0.170717,2.375906,0.0109316,-0.9971195,0.0521938,0.0539363
1788240970738207488,OK,1,0,12.575,0.340416,0,1606,0,-3.228843,0.170067,2.364617,0.0107142,-0.9971408,0.0526124,0.0531735
1788240970771538432,OK,1,0,13.4505,0.574708,0,1552,0,-3.230270,0.170240,2.352293,0.0107433,-0.9971451,0.0528080,0.0528931
1788240970804869376,OK,1,0,12.7391,0.432125,0,1562,0,-3.231993,0.170009,2.339036,0.0110837,-0.9971629,0.0529821,0.0523083
1788240970838200064,OK,1,0,12.7818,0.774625,0,1487,0,-3.233059,0.169717,2.326875,0.0111098,-0.9972009,0.0530965,0.0514560
1788240970871530752,OK,1,0,12.5852,0.568791,0,1516,0,-3.232454,0.167862,2.315197,0.0108910,-0.9972197,0.0529047,0.0513357
1788240970904861440,OK,1,0,12.8547,0.720292,0,1530,0,-3.234622,0.166948,2.301195,0.0106312,-0.9972579,0.0527519,0.0508029
1788240970938191616,OK,1,0,15.04,0.522417,0,1488,0,-3.236722,0.168192,2.287913,0.0104553,-0.9973012,0.0528490,0.0498801
1788240970971522304,OK,1,0,12.5312,0.658875,0,1569,0,-3.236534,0.167470,2.275266,0.0106164,-0.9973287,0.0529413,0.0491939
1788240971004852224,OK,1,0,12.2322,0.291208,0,1528,0,-3.235614,0.167385,2.262052,0.0108431,-0.9973640,0.0528075,0.0485682
1788240971038182656,OK,1,0,14.8837,0.29175,0,1458,0,-3.234945,0.167217,2.248392,0.0111173,-0.9974030,0.0526546,0.0478660
1788240971071511808,OK,1,0,12.8387,0.337125,0,1537,0,-3.236217,0.167217,2.235307,0.0113252,-0.9974398,0.0525164,0.0471981
1788240971104841472,OK,1,0,12.4351,0.510167,0,1487,0,-3.235880,0.167841,2.224690,0.0114485,-0.9974638,0.0524318,0.0467533
1788240971138171648,OK,1,0,11.8637,0.525792,0,1469,0,-3.237293,0.168083,2.211116,0.0114685,-0.9974959,0.0526560,0.0458005
1788240971171501312,OK,1,0,11.8058,0.352791,0,1417,0,-3.239055,0.164716,2.196331,0.0112760,-0.9975784,0.0521582,0.0446061
1788240971204830976,OK,1,0,11.4229,0.360875,0,1425,0,-3.238761,0.166972,2.184442,0.0113230,-0.9975992,0.0522549,0.0440121
1788240971238160640,OK,1,0,12.7923,0.273375,0,1460,0,-3.240425,0.165302,2.172354,0.0112177,-0.9976386,0.0522359,0.0431597
1788240971271490304,OK,1,0,11.4704,0.355458,0,1384,0,-3.238734,0.165694,2.159801,0.0111193,-0.9976686,0.0520327,0.0427366
1788240971304819456,OK,1,0,11.5343,0.495208,0,1351,0,-3.239005,0.166329,2.145953,0.0113488,-0.9976915,0.0520036,0.0421724
1788240971338148864,OK,1,0,23.8117,0.308375,0,1333,0,-3.241556,0.165338,2.132343,0.0112793,-0.9977506,0.0518064,0.0410185
1788240971371478016,OK,1,0,11.74,0.806333,0,1308,0,-3.241449,0.164611,2.120368,0.0112248,-0.9977885,0.0516628,0.0402887
1788240971404807168,OK,1,0,12.2228,0.759708,0,1258,0,-3.241617,0.164803,2.108044,0.0114539,-0.9978039,0.0517790,0.0396889
1788240971438136320,OK,1,0,12.2567,0.341375,0,1300,0,-3.243658,0.165338,2.094860,0.0113102,-0.9978405,0.0518011,0.0387697
1788240971471464960,OK,1,0,12.0209,0.360708,0,1358,0,-3.244054,0.166207,2.085234,0.0116984,-0.9978927,0.0516820,0.0374477
1788240971504793088,OK,1,0,12.0325,0.325041,0,1437,0,-3.246913,0.167072,2.073674,0.0116881,-0.9979075,0.0520311,0.0365627
1788240971538121472,OK,1,0,11.2975,0.382667,0,1395,0,-3.248392,0.166602,2.060919,0.0115675,-0.9979519,0.0519140,0.0355395
1788240971571450112,OK,1,0,11.3072,0.347542,0,1343,0,-3.247082,0.165491,2.048747,0.0117589,-0.9979606,0.0519702,0.0351504
1788240971604778496,OK,1,0,12.6655,0.274917,0,1398,0,-3.245672,0.165415,2.037204,0.0119790,-0.9979742,0.0521359,0.0344375
1788240971638106624,OK,1,0,10.9976,0.362791,0,1357,0,-3.249297,0.165869,2.020960,0.0122806,-0.9980159,0.0520473,0.0332360
1788240971671434240,OK,1,0,10.9681,0.274083,0,1397,0,-3.247902,0.163466,2.007451,0.0125382,-0.9980428,0.0518602,0.0326177
1788240971704761856,OK,1,0,11.1045,0.279083,0,1318,0,-3.247852,0.164479,1.994078,0.0126874,-0.9980775,0.0515446,0.0319940
1788240971738089472,OK,1,0,10.3668,0.28525,0,1284,0,-3.248131,0.163848,1.981968,0.0125752,-0.9981205,0.0512443,0.0311647
1788240971771417088,OK,1,0,10.3613,0.302333,0,1277,0,-3.251064,0.162519,1.968418,0.0124704,-0.9981585,0.0511654,0.0301045
1788240971804744448,OK,1,0,11.6729,0.450708,0,1310,0,-3.248071,0.163069,1.955810,0.0122761,-0.9981886,0.0508811,0.0296642
1788240971838071552,OK,1,0,10.4781,0.389833,0,1249,0,-3.251374,0.161694,1.941112,0.0124098,-0.9982444,0.0505062,0.0283417
1788240971871398400,OK,1,0,11.628,0.392791,0,1326,0,-3.254296,0.162641,1.927424,0.0120433,-0.9982657,0.0507643,0.0272674
1788240971904725504,OK,1,0,10.7659,0.393083,0,1255,0,-3.253837,0.163145,1.915184,0.0118865,-0.9982762,0.0509313,0.0266327
1788240971938052352,OK,1,0,11.3715,0.443125,0,1256,0,-3.254555,0.162093,1.903470,0.0115612,-0.9982923,0.0511453,0.0257494
1788240971971377920,OK,1,0,10.4304,0.355042,0,1217,0,-3.254610,0.161273,1.892378,0.0112531,-0.9982960,0.0515579,0.0249047
1788240972004704512,OK,1,0,11.0203,0.3545,0,1246,0,-3.255894,0.159096,1.880409,0.0113463,-0.9983070,0.0517145,0.0240826
1788240972038031104,OK,1,0,10.7477,0.368167,0,1223,0,-3.255426,0.158764,1.867091,0.0111168,-0.9983365,0.0516773,0.0230251
1788240972071357440,OK,1,0,9.81575,0.523084,0,1200,0,-3.257034,0.158864,1.855077,0.0111575,-0.9983543,0.0516917,0.0221854
1788240972104683520,OK,1,0,10.2703,0.383958,0,1163,0,-3.256695,0.159959,1.842053,0.0110326,-0.9983566,0.0520425,0.0213041
1788240972138009856,OK,1,0,10.4481,0.378917,0,1218,0,-3.257028,0.159366,1.828417,0.0105322,-0.9983952,0.0519624,0.0199022
1788240972171335680,OK,1,0,10.6701,0.314083,0,1197,0,-3.257360,0.157864,1.815303,0.0104963,-0.9984380,0.0514608,0.0190566
1788240972204661504,OK,1,0,10.8205,0.351833,0,1206,0,-3.254220,0.156715,1.802746,0.0105386,-0.9984627,0.0513351,0.0180549
1788240972237987328,OK,1,0,9.97225,0.45025,0,1154,0,-3.253866,0.156912,1.789549,0.0102284,-0.9984861,0.0513598,0.0168255
1788240972271312896,OK,1,0,11.1016,0.284167,0,1229,0,-3.256133,0.156514,1.776479,0.0102768,-0.9984917,0.0515242,0.0159360
1788240972304638464,OK,1,0,10.3617,0.366167,0,1176,0,-3.254138,0.156514,1.764142,0.0103899,-0.9985015,0.0515639,0.0150979
1788240972337963776,OK,1,0,9.7015,0.3215,0,1182,0,-3.252819,0.155581,1.751439,0.0106307,-0.9985312,0.0512336,0.0140599
1788240972371289088,OK,1,0,10.6013,1.49942,0,1132,0,-3.251614,0.154787,1.737862,0.0112388,-0.9985498,0.0510821,0.0127553
1788240972404613376,OK,1,0,10.5047,0.352583,0,1194,0,-3.249171,0.155521,1.724988,0.0114408,-0.9985515,0.0513175,0.0114251
1788240972437938176,OK,1,0,9.95117,0.342292,0,1144,0,-3.248631,0.154199,1.713067,0.0111691,-0.9985526,0.0516271,0.0101285
1788240972471263232,OK,1,0,9.82812,0.311791,0,1141,0,-3.249686,0.154540,1.702374,0.0106428,-0.9985403,0.0521841,0.0089946
1788240972504587776,OK,1,0,9.8255,0.331375,0,1117,0,-3.251632,0.153240,1.690381,0.0101108,-0.9985479,0.0523184,0.0079154
1788240972537912576,OK,1,0,10.0311,0.537709,0,1089,0,-3.250501,0.153046,1.677807,0.0099724,-0.9985416,0.0526006,0.0069605
1788240972571237120,OK,1,0,10.8745,0.346417,0,1094,0,-3.247930,0.154090,1.666535,0.0097387,-0.9985428,0.0527444,0.0059538
1788240972604567296,OK,1,0,11.2218,0.348417,0,1071,0,-3.247558,0.154664,1.651787,0.0098968,-0.9985517,0.0526705,0.0047316
1788240972637905152,OK,1,0,9.69817,0.317792,0,1108,0,-3.247110,0.153436,1.639529,0.0101943,-0.9985602,0.0525343,0.0037097
1788240972671243264,OK,1,0,10.7133,0.40825,0,1072,0,-3.247676,0.151359,1.626847,0.0104716,-0.9986134,0.0515396,0.0023042
1788240972704580864,OK,1,0,9.78475,0.350917,0,1141,0,-3.245396,0.152576,1.612608,0.0107606,-0.9986270,0.0512508,0.0013229
1788240972737918720,OK,1,0,10.2515,0.293125,0,1101,0,-3.244330,0.152221,1.598201,0.0110347,-0.9986269,0.0512113,0.0000978
1788240972771256320,OK,1,0,10.5681,0.368583,0,1102,0,-3.245073,0.150962,1.585333,-0.0108056,0.9986387,-0.0510161,0.0011922
1788240972804593920,OK,1,0,9.75617,0.616166,0,1077,0,-3.244766,0.150445,1.572241,-0.0108581,0.9986295,-0.0511455,0.0023046
1788240972837930752,OK,1,0,9.43054,0.342584,0,1134,0,-3.243295,0.148781,1.561755,-0.0108322,0.9986098,-0.0514673,0.0035089
1788240972871268096,OK,1,0,10.118,0.255541,0,1201,0,-3.242416,0.148030,1.550110,-0.0108178,0.9985832,-0.0519243,0.0042913
1788240972904605440,OK,1,0,10.0883,0.36,0,1133,0,-3.242163,0.147929,1.536766,-0.0111997,0.9985465,-0.0524563,0.0052664
1788240972937942784,OK,1,0,10.1196,0.357292,0,1063,0,-3.240164,0.148481,1.525007,-0.0111932,0.9985220,-0.0527907,0.0064584
1788240972971280384,OK,1,0,10.968,0.374417,0,1048,0,-3.240232,0.147739,1.514307,-0.0109977,0.9985015,-0.0530691,0.0075751
1788240973004617728,OK,1,0,10.8959,0.466167,0,1032,0,-3.238681,0.147929,1.504017,-0.0111948,0.9984978,-0.0529454,0.0085764
1788240973037954816,OK,1,0,10.5865,0.358625,0,989,0,-3.237216,0.145767,1.491501,-0.0115319,0.9984758,-0.0530721,0.0098249
1788240973071291904,OK,1,0,9.14317,0.265042,0,977,0,-3.235226,0.144876,1.478670,-0.0114419,0.9984613,-0.0531249,0.0110369
1788240973104629248,OK,1,0,9.18658,0.422,0,982,0,-3.236099,0.141711,1.467399,-0.0114805,0.9984691,-0.0526992,0.0122696
1788240973137966336,OK,1,0,9.65471,0.36625,0,970,0,-3.240645,0.140769,1.450163,-0.0112836,0.9984475,-0.0526286,0.0143353
1788240973171303168,OK,1,0,9.48888,0.337583,0,1041,0,-3.237753,0.139190,1.437123,-0.0106785,0.9984401,-0.0525528,0.0155443
1788240973204640256,OK,1,0,9.71762,0.350958,0,1010,0,-3.238952,0.139422,1.425738,-0.0106652,0.9984212,-0.0525154,0.0168393
1788240973237977344,OK,1,0,8.96758,0.364459,0,1011,0,-3.233767,0.139915,1.414246,-0.0114007,0.9983834,-0.0527906,0.0177141
1788240973271313920,OK,1,0,9.30933,0.360291,0,962,0,-3.230682,0.138136,1.400629,-0.0112411,0.9983884,-0.0523939,0.0186841
1788240973304649984,OK,1,0,9.99212,0.46575,0,917,0,-3.230529,0.139640,1.386767,-0.0111428,0.9983935,-0.0519935,0.0195698
1788240973337986560,OK,1,0,10.1303,0.353292,0,931,0,-3.227997,0.139657,1.375078,-0.0111561,0.9983629,-0.0521667,0.0206330
1788240973371323136,OK,1,0,8.86758,0.3405,0,925,0,-3.226552,0.137560,1.360205,-0.0106947,0.9983479,-0.0520932,0.0217595
1788240973404659968,OK,1,0,9.95621,0.344667,0,906,0,-3.226495,0.138603,1.348113,-0.0106766,0.9983091,-0.0523707,0.0228535
1788240973437996544,OK,1,0,8.49217,0.370584,0,934,0,-3.223723,0.134499,1.340089,-0.0109688,0.9982958,-0.0520696,0.0239544
1788240973471333120,OK,1,0,8.95746,0.358708,0,892,0,-3.225851,0.135750,1.325451,-0.0108610,0.9982633,-0.0520701,0.0253212
1788240973504669696,OK,1,0,8.7885,0.359125,0,936,0,-3.220965,0.133978,1.313629,-0.0111953,0.9982719,-0.0515516,0.0258901
1788240973538006016,OK,1,0,8.82908,0.344792,0,960,0,-3.221441,0.133643,1.300782,-0.0115269,0.9982388,-0.0514681,0.0271569
1788240973571342336,OK,1,0,9.87296,0.300667,0,940,0,-3.219247,0.133130,1.288969,-0.0115261,0.9981892,-0.0517515,0.0284121
1788240973604678144,OK,1,0,8.89438,0.488917,0,941,0,-3.218133,0.133366,1.274062,-0.0110362,0.9981717,-0.0513517,0.0299064
1788240973638016256,OK,1,0,9.94383,0.352875,0,905,0,-3.217021,0.130710,1.260612,-0.0107846,0.9981435,-0.0513733,0.0308873
1788240973671354368,OK,1,0,8.92371,0.425583,0,860,0,-3.215998,0.131769,1.251909,-0.0102952,0.9980865,-0.0519720,0.0318792
1788240973704692736,OK,1,0,9.31612,0.398458,0,864,0,-3.217942,0.130509,1.239249,-0.0097740,0.9980641,-0.0518617,0.0329083
1788240973738029568,OK,1,0,9.244,0.364166,0,855,0,-3.214299,0.129177,1.226411,-0.0099680,0.9980389,-0.0518839,0.0335718
1788240973771367680,OK,1,0,8.39687,0.238209,0,842,0,-3.211691,0.127367,1.211463,-0.0099931,0.9979970,-0.0518957,0.0347706
1788240973804705536,OK,1,0,9.26133,0.436584,0,883,0,-3.208902,0.126150,1.199153,-0.0098846,0.9979766,-0.0517298,0.0356228
1788240973838043392,OK,1,0,8.60854,0.518917,0,941,0,-3.207614,0.126600,1.187519,-0.0102518,0.9979137,-0.0521021,0.0367219
1788240973871381248,OK,1,0,8.70721,0.438458,0,978,0,-3.206182,0.127189,1.173446,-0.0104761,0.9978578,-0.0522297,0.0379753
1788240973904719360,OK,1,0,9.29888,0.323042,0,929,0,-3.204489,0.127207,1.161573,-0.0106333,0.9978201,-0.0522481,0.0388853
1788240973938057216,OK,1,0,8.78988,0.343833,0,1027,0,-3.201097,0.126372,1.149495,-0.0107138,0.9977781,-0.0522879,0.0398763
1788240973971395072,OK,1,0,9.09717,0.280791,0,969,0,-3.199000,0.125779,1.136599,-0.0106961,0.9977198,-0.0526095,0.0409022
1788240974004732672,OK,1,0,8.87167,0.355625,0,988,0,-3.200057,0.123487,1.126457,-0.0103050,0.9976667,-0.0527597,0.0420885
1788240974038070272,OK,1,0,9.45,0.287958,0,953,0,-3.195946,0.124290,1.113030,-0.0105046,0.9976199,-0.0529207,0.0429381
1788240974071407872,OK,1,0,9.182,0.318,0,995,0,-3.191792,0.123617,1.101989,-0.0111250,0.9975656,-0.0531257,0.0437822
1788240974104745728,OK,1,0,11.2295,0.783,0,1184,0,-3.190019,0.123478,1.089016,-0.0116282,0.9975322,-0.0525534,0.0450816
1788240974138083328,OK,1,0,10.2535,0.544708,0,1098,0,-3.183467,0.123409,1.074985,-0.0119910,0.9975414,-0.0518323,0.0456169
1788240974171419904,OK,1,0,10.1615,0.536417,0,988,0,-3.184202,0.122807,1.063344,-0.0118605,0.9974830,-0.0519130,0.0468207
1788240974204757248,OK,1,0,9.4405,0.632458,0,1034,0,-3.182908,0.121131,1.051096,-0.0117225,0.9974416,-0.0516665,0.0479936
1788240974238094848,OK,1,0,9.83325,0.26425,0,1100,0,-3.180760,0.121092,1.037745,-0.0116978,0.9973825,-0.0519406,0.0489239
1788240974271432448,OK,1,0,10.0342,0.274459,0,1158,0,-3.178087,0.120729,1.026700,-0.0115048,0.9973210,-0.0519887,0.0501585
1788240974304769792,OK,1,0,10.9415,0.339208,0,1182,0,-3.174285,0.121168,1.013415,-0.0114229,0.9972682,-0.0520649,0.0511361
1788240974338107136,OK,1,0,11.1541,0.264583,0,1309,0,-3.171867,0.120705,1.001604,-0.0112072,0.9972243,-0.0522878,0.0518082
1788240974371444480,OK,1,0,11.6842,0.317709,0,1285,0,-3.172232,0.119333,0.989311,-0.0108519,0.9971638,-0.0522286,0.0530913
1788240974404781824,OK,1,0,11.093,0.341208,0,1352,0,-3.169260,0.118378,0.977168,-0.0110519,0.9970942,-0.0525608,0.0540222
1788240974438119168,OK,1,0,11.1314,0.476542,0,1351,0,-3.167326,0.117762,0.964976,-0.0114736,0.9970129,-0.0527364,0.0552494
1788240974471456256,OK,1,0,10.6871,0.331916,0,1116,0,-3.164542,0.117256,0.952187,-0.0115614,0.9969490,-0.0524716,0.0566203
1788240974504793344,OK,1,0,11.1067,0.934,0,1094,0,-3.158690,0.119150,0.938639,-0.0114306,0.9969040,-0.0524058,0.0574937
1788240974538130688,OK,1,0,10.435,0.343875,0,1057,0,-3.159393,0.118164,0.926740,-0.0111336,0.9968444,-0.0523701,0.0586071
1788240974571467776,OK,1,0,9.85479,0.328208,0,1031,0,-3.157012,0.117676,0.913904,-0.0110002,0.9968141,-0.0520938,0.0593873
1788240974604804864,OK,1,0,9.98,0.503958,0,1014,0,-3.153782,0.117119,0.900815,-0.0108212,0.9967553,-0.0518346,0.0606215
1788240974638138880,OK,1,0,10.2347,0.361625,0,967,0,-3.153301,0.117471,0.888219,-0.0108929,0.9966539,-0.0518411,0.0622487
1788240974671473920,OK,1,0,9.51287,0.269958,0,922,0,-3.150862,0.116482,0.874220,-0.0108002,0.9965744,-0.0517715,0.0635813
1788240974704808960,OK,1,0,9.61808,0.338042,0,998,0,-3.146175,0.114046,0.863526,-0.0104220,0.9965249,-0.0514269,0.0646893
1788240974738143744,OK,1,0,9.89896,0.31025,0,995,0,-3.146442,0.113622,0.850461,-0.0100423,0.9964476,-0.0514889,0.0658802
1788240974771478528,OK,1,0,9.20896,0.303083,0,932,0,-3.141704,0.113331,0.839430,-0.0103052,0.9963426,-0.0518224,0.0671544
1788240974804813312,OK,1,0,9.18733,0.348166,0,852,0,-3.137139,0.113137,0.826961,-0.0104877,0.9962123,-0.0519697,0.0689221
1788240974838147840,OK,1,0,9.14833,0.298709,0,832,0,-3.135813,0.112112,0.816512,-0.0103639,0.9960698,-0.0525761,0.0705216
1788240974871482624,OK,1,0,9.03,0.345417,0,843,0,-3.132804,0.111048,0.805776,-0.0097785,0.9959401,-0.0529737,0.0721215
1788240974904817408,OK,1,0,9.83525,0.568375,0,775,0,-3.130943,0.111627,0.793319,-0.0090688,0.9958293,-0.0528133,0.0738411
1788240974938151936,OK,1,0,9.33271,0.257083,0,767,0,-3.130195,0.108908,0.780118,-0.0087240,0.9956751,-0.0529483,0.0758391
1788240974971486208,OK,1,0,9.30346,0.37525,0,792,0,-3.128007,0.110249,0.768608,-0.0086582,0.9954796,-0.0532727,0.0781498
1788240975004820736,OK,1,0,8.85479,0.298583,0,757,0,-3.123662,0.109161,0.756342,-0.0084721,0.9953526,-0.0530823,0.0798991
1788240975038155264,OK,1,0,8.37846,0.434416,0,734,0,-3.118578,0.108872,0.743057,-0.0084911,0.9952189,-0.0529325,0.0816416
1788240975071488512,OK,1,0,9.04179,0.469042,0,1007,0,-3.107458,0.096660,0.720546,-0.0088198,0.9951728,-0.0508007,0.0835024
1788240975104823040,OK,1,0,9.20421,0.302292,0,965,0,-3.104656,0.095871,0.708156,-0.0091047,0.9949672,-0.0508135,0.0858794
1788240975138157312,OK,1,0,9.58617,0.368917,0,964,0,-3.102540,0.096288,0.695863,-0.0086016,0.9947781,-0.0505906,0.0882227
1788240975171491328,OK,1,0,8.83892,0.339625,0,916,0,-3.096502,0.094549,0.684862,-0.0085593,0.9946381,-0.0506207,0.0897736
1788240975204825344,OK,1,0,9.68538,0.360375,0,861,0,-3.094879,0.095359,0.672017,-0.0082058,0.9944633,-0.0508084,0.0916187
1788240975238159360,OK,1,0,8.74646,0.33725,0,865,0,-3.089525,0.095060,0.660554,-0.0086019,0.9942917,-0.0507189,0.0934750
1788240975271493632,OK,1,0,9.2555,0.336417,0,848,0,-3.082481,0.095198,0.647228,-0.0093286,0.9940926,-0.0505048,0.0956149
1788240975304827648,OK,1,0,8.65221,0.422292,0,811,0,-3.077984,0.094777,0.635847,-0.0096813,0.9939039,-0.0500797,0.0977416
1788240975338161408,OK,1,0,10.5449,0.36075,0,782,0,-3.080923,0.093145,0.623470,-0.0094329,0.9936023,-0.0499312,0.1008584
1788240975371495424,OK,1,0,9.21762,0.331459,0,932,0,-3.078876,0.094966,0.610487,-0.0088004,0.9933914,-0.0498793,0.1029957
1788240975404829184,OK,1,0,8.73721,0.354333,0,876,0,-3.075010,0.093205,0.597404,-0.0088333,0.9931810,-0.0501330,0.1048821
1788240975438162944,OK,1,0,8.93925,0.809333,0,823,0,-3.071332,0.093711,0.586435,-0.0084885,0.9929296,-0.0503989,0.1071382
1788240975471496704,OK,1,0,9.20933,0.354166,0,815,0,-3.066045,0.095229,0.576567,-0.0082127,0.9927276,-0.0504364,0.1089985
1788240975504830208,OK,1,0,8.75892,0.359,0,795,0,-3.061383,0.092141,0.565091,-0.0079398,0.9925218,-0.0503823,0.1109014
1788240975538162944,OK,1,0,9.49608,0.274375,0,780,0,-3.055202,0.092206,0.551764,-0.0080720,0.9923012,-0.0502120,0.1129248
1788240975571496448,OK,1,0,8.34033,0.502292,0,749,0,-3.051474,0.091725,0.539001,-0.0083483,0.9920690,-0.0500911,0.1149797
1788240975604829952,OK,1,0,9.5405,0.342,0,714,0,-3.049337,0.091172,0.526445,-0.0082209,0.9918100,-0.0496911,0.1173718
1788240975638208256,OK,1,0,8.64829,0.425458,0,732,0,-3.047779,0.090110,0.511638,-0.0079904,0.9915205,-0.0493142,0.1199644
1788240975671587072,OK,1,0,8.364,0.296083,0,842,0,-3.042187,0.089278,0.500397,-0.0078098,0.9913140,-0.0493141,0.1216705
1788240975704966912,OK,1,0,8.53417,0.3815,0,841,0,-3.036088,0.089187,0.488970,-0.0078429,0.9910851,-0.0491785,0.1235732
1788240975738347008,OK,1,0,8.53513,0.547625,0,801,0,-3.029746,0.088709,0.477174,-0.0083661,0.9908259,-0.0493868,0.1255189
1788240975771727616,OK,1,0,8.26662,0.33475,0,776,0,-3.025676,0.087721,0.466018,-0.0085205,0.9905049,-0.0494826,0.1279801
1788240975805108736,OK,1,0,9.0075,0.521583,0,744,0,-3.020448,0.088909,0.453858,-0.0081122,0.9902635,-0.0494654,0.1298674
1788240975838490112,OK,1,0,8.91163,0.351583,0,739,0,-3.017892,0.086001,0.443086,-0.0079924,0.9900013,-0.0496639,0.1317841
1788240975871872512,OK,1,0,7.70212,0.411375,0,676,0,-3.011985,0.086219,0.430742,-0.0082941,0.9896985,-0.0506019,0.1336696
1788240975905255424,OK,1,0,7.69304,0.303042,0,672,0,-3.007857,0.084558,0.420877,-0.0081913,0.9893724,-0.0509712,0.1359303
1788240975938638592,OK,1,0,8.17767,0.354541,0,670,0,-3.002446,0.085611,0.405496,-0.0079343,0.9890675,-0.0504641,0.1383330
1788240975972021504,OK,1,0,8.59558,0.436625,0,858,0,-2.998087,0.086029,0.396112,-0.0081861,0.9887801,-0.0508804,0.1402078
1788240976005405952,OK,1,0,8.03933,0.743333,0,803,0,-2.991635,0.086019,0.385086,-0.0082917,0.9884696,-0.0511076,0.1422923
1788240976038790912,OK,1,0,8.04604,0.370916,0,758,0,-2.987502,0.084738,0.372435,-0.0080639,0.9881963,-0.0506713,0.1443449
1788240976072176640,OK,1,0,8.62271,0.371084,0,706,0,-2.981430,0.083994,0.361620,-0.0080862,0.9879360,-0.0504917,0.1461771
1788240976105562624,OK,1,0,9.04342,0.4375,0,733,0,-2.975281,0.085549,0.349773,-0.0079054,0.9876321,-0.0504580,0.1482376
1788240976138949120,OK,1,0,8.60483,0.372375,0,697,0,-2.969784,0.085903,0.338542,-0.0076140,0.9873410,-0.0505046,0.1501636
1788240976172336384,OK,1,0,8.04037,0.345042,0,710,0,-2.966484,0.082493,0.327893,-0.0072413,0.9870406,-0.0499424,0.1523293
1788240976205724416,OK,1,0,7.948,0.40175,0,669,0,-2.960320,0.085849,0.315256,-0.0076208,0.9866901,-0.0504970,0.1543848
1788240976239112448,OK,1,0,8.60846,0.275375,0,899,0,-2.951659,0.086155,0.300489,-0.0079944,0.9863616,-0.0507171,0.1563797
1788240976272501504,OK,1,0,8.59292,0.341041,0,859,0,-2.947022,0.084270,0.289890,-0.0076970,0.9860573,-0.0502549,0.1584493
1788240976305890816,OK,1,0,8.58721,0.346333,0,777,0,-2.941054,0.085747,0.279223,-0.0074738,0.9857516,-0.0506773,0.1602176
1788240976339280640,OK,1,0,8.96604,0.450625,0,760,0,-2.937694,0.083501,0.267810,-0.0073353,0.9853258,-0.0509943,0.1627232
1788240976372671232,OK,1,0,8.94154,0.339625,0,734,0,-2.931924,0.083461,0.256424,-0.0071423,0.9848163,-0.0511357,0.1657436
1788240976406061312,OK,1,0,8.75067,0.314625,0,692,0,-2.928063,0.082081,0.245318,-0.0072296,0.9842165,-0.0506107,0.1694228
1788240976439452928,OK,1,0,8.87175,0.349958,0,686,0,-2.917868,0.081946,0.236743,-0.0078278,0.9837745,-0.0505960,0.1719488
1788240976472845056,OK,1,0,7.96958,0.304333,0,694,0,-2.908506,0.082432,0.224604,-0.0080830,0.9833264,-0.0504644,0.1745198
1788240976506237440,OK,1,0,8.90975,0.4275,0,692,0,-2.899069,0.078432,0.211601,-0.0083704,0.9828438,-0.0494652,0.1774857
1788240976539630848,OK,1,0,7.78058,0.280417,0,844,0,-2.893368,0.077716,0.201794,-0.0087446,0.9822190,-0.0495414,0.1808727
1788240976573024768,OK,1,0,8.33388,0.426042,0,778,0,-2.885468,0.079645,0.189572,-0.0085603,0.9815640,-0.0499328,0.1842976
1788240976606418432,OK,1,0,9.95758,0.388292,0,750,0,-2.879647,0.077352,0.180135,-0.0079493,0.9809546,-0.0500877,0.1874995
1788240976639755264,OK,1,0,8.81296,0.350083,0,730,0,-2.874148,0.077379,0.169558,-0.0074675,0.9803337,-0.0504499,0.1906435
1788240976673092352,OK,1,0,8.5205,0.266667,0,704,0,-2.866041,0.076857,0.161095,-0.0076831,0.9797198,-0.0509691,0.1936296
1788240976706429184,OK,1,0,8.70154,0.359167,0,670,0,-2.858747,0.076084,0.151305,-0.0081041,0.9789987,-0.0513797,0.1971194
1788240976739765760,OK,1,0,8.102,0.3685,0,653,0,-2.848801,0.075582,0.142812,-0.0082234,0.9782907,-0.0515010,0.2005673
1788240976773102848,OK,1,0,8.34938,0.337125,0,652,0,-2.840987,0.076003,0.131394,-0.0079909,0.9775521,-0.0512222,0.2042163
1788240976806439424,OK,1,0,10.0352,0.264792,0,643,0,-2.837342,0.076031,0.119066,-0.0076567,0.9767101,-0.0510065,0.2082715
1788240976839775232,OK,1,0,7.22646,0.3395,0,830,0,-2.827411,0.074651,0.108359,-0.0078806,0.9759847,-0.0508442,0.2116758
1788240976873111552,OK,1,0,7.55333,0.419,0,782,0,-2.819067,0.072144,0.099350,-0.0079574,0.9751587,-0.0506127,0.2155008
1788240976906448128,OK,1,0,8.00062,0.347208,0,768,0,-2.810449,0.073035,0.088222,-0.0077970,0.9743112,-0.0504788,0.2193371
1788240976939784704,OK,1,0,7.95533,0.354208,0,734,0,-2.801392,0.073491,0.077046,-0.0083262,0.9734462,-0.0506482,0.2230872
1788240976973121280,OK,1,0,7.92371,0.37725,0,720,0,-2.790026,0.074767,0.067960,-0.0091197,0.9725726,-0.0509337,0.2267710
1788240977006457856,OK,1,0,7.57483,0.469666,0,663,0,-2.780712,0.072665,0.059414,-0.0095434,0.9715306,-0.0508392,0.2311981
1788240977039794176,OK,1,0,7.934,0.347041,0,662,0,-2.771191,0.071042,0.052059,-0.0093311,0.9704123,-0.0508772,0.2358483
1788240977073130496,OK,1,0,7.61925,0.3355,0,621,0,-2.763108,0.071364,0.042685,-0.0084088,0.9692816,-0.0512638,0.2404051
1788240977106466816,OK,1,0,7.49712,0.357209,0,604,0,-2.758410,0.073190,0.031618,-0.0079405,0.9679500,-0.0519770,0.2455769
1788240977139803136,OK,1,0,7.1965,0.258208,0,786,0,-2.750142,0.071439,0.026330,-0.0078950,0.9668116,-0.0523262,0.2499499
1788240977173139456,OK,1,0,7.812,0.32725,0,714,0,-2.739177,0.071651,0.019327,-0.0076291,0.9655371,-0.0519895,0.2549057
1788240977206475520,OK,1,0,7.44813,0.356791,0,670,0,-2.728513,0.067969,0.010642,-0.0081723,0.9642381,-0.0511114,0.2599341
1788240977239811840,OK,1,0,7.53712,0.367209,0,636,0,-2.716746,0.067414,0.004870,-0.0092400,0.9628746,-0.0511786,0.2648923
1788240977273147648,OK,1,0,7.28204,0.374834,0,621,0,-2.702322,0.068202,-0.004234,-0.0101399,0.9614002,-0.0508909,0.2702166
1788240977306482944,OK,1,0,6.90529,0.375916,0,579,0,-2.689903,0.069744,-0.012555,-0.0100694,0.9598855,-0.0505240,0.2756189
1788240977339818752,OK,1,0,6.8105,0.364917,0,585,0,-2.680354,0.070188,-0.020045,-0.0099605,0.9582995,-0.0505917,0.2810755
1788240977373154816,OK,1,0,6.90092,0.33675,0,552,0,-2.670730,0.068264,-0.028361,-0.0098968,0.9567045,-0.0508672,0.2864107
1788240977406490880,OK,1,0,7.02254,0.3555,0,771,0,-2.661909,0.065952,-0.037174,-0.0097642,0.9549559,-0.0503531,0.2922814
1788240977439826688,OK,1,0,7.16404,0.293042,0,695,0,-2.652681,0.066211,-0.043038,-0.0096158,0.9532121,-0.0500418,0.2979765
1788240977473162496,OK,1,0,7.63192,0.268666,0,663,0,-2.638335,0.065275,-0.052354,-0.0098014,0.9515488,-0.0496016,0.3033125
1788240977506498560,OK,1,0,7.28308,0.357125,0,633,0,-2.626650,0.065779,-0.057766,-0.0101024,0.9496969,-0.0497692,0.3090257
1788240977539834112,OK,1,0,6.98108,0.356375,0,614,0,-2.612720,0.067404,-0.066716,-0.0100078,0.9477839,-0.0498477,0.3148343
1788240977573169920,OK,1,0,6.69588,0.298333,0,576,0,-2.602518,0.066378,-0.071219,-0.0097671,0.9459555,-0.0496760,0.3203203
1788240977606505728,OK,1,0,7.68775,0.282917,0,542,0,-2.589011,0.065459,-0.077316,-0.0096444,0.9441568,-0.0496103,0.3255975
1788240977639851264,OK,1,0,7.06225,0.36925,0,528,0,-2.577863,0.064973,-0.080256,-0.0101583,0.9421422,-0.0498671,0.3313280
1788240977673197056,OK,1,0,6.94054,0.351333,0,734,0,-2.574181,0.059251,-0.085879,-0.0103173,0.9397133,-0.0488640,0.3382969
1788240977706542592,OK,1,0,6.99887,0.277541,0,708,0,-2.564364,0.058924,-0.088782,-0.0102330,0.9376695,-0.0484015,0.3439891
1788240977739887104,OK,1,0,7.08583,0.293375,0,662,0,-2.552236,0.059352,-0.094720,-0.0100632,0.9356758,-0.0482317,0.3494041
1788240977773233152,OK,1,0,7.23454,0.477542,0,618,0,-2.540982,0.058112,-0.098021,-0.0103044,0.9334873,-0.0482976,0.3551938
1788240977806578944,OK,1,0,7.87271,0.539083,0,620,0,-2.528707,0.056686,-0.101269,-0.0105027,0.9312996,-0.0480779,0.3609147
1788240977839924736,OK,1,0,6.92912,0.3445,0,581,0,-2.513450,0.057969,-0.109500,-0.0102816,0.9291210,-0.0480235,0.3664999
1788240977873270528,OK,1,0,7.43721,0.273792,0,576,0,-2.504040,0.056446,-0.112013,-0.0105621,0.9268853,-0.0477296,0.3721479
1788240977906616576,OK,1,0,7.24096,0.34225,0,567,0,-2.487789,0.057814,-0.117655,-0.0104673,0.9245438,-0.0474043,0.3779711
1788240977939962368,OK,1,0,7.60808,0.283875,0,918,0,-2.477788,0.056953,-0.121516,-0.0102862,0.9222100,-0.0472299,0.3836564
1788240977973308416,OK,1,0,8.56867,0.3295,0,891,0,-2.466412,0.058576,-0.127331,-0.0098805,0.9198868,-0.0471893,0.3892092
1788240978006654464,OK,1,0,7.98546,0.320208,0,877,0,-2.455808,0.058237,-0.132107,-0.0097437,0.9176347,-0.0469907,0.3945169
1788240978040000512,OK,1,0,8.56033,0.290208,0,843,0,-2.443677,0.057746,-0.135776,-0.0098937,0.9152043,-0.0469534,0.4001233
1788240978073346560,OK,1,0,8.14788,0.346625,0,835,0,-2.429788,0.056352,-0.138581,-0.0103213,0.9128421,-0.0464595,0.4055296
1788240978106692864,OK,1,0,7.62983,0.309083,0,797,0,-2.416755,0.057871,-0.143945,-0.0106043,0.9103116,-0.0462099,0.4111993
1788240978140039168,OK,1,0,7.93979,0.359583,0,780,0,-2.403134,0.057178,-0.148005,-0.0108761,0.9077360,-0.0461155,0.4168578
1788240978173384192,OK,1,0,7.43921,0.367,0,751,0,-2.390350,0.056456,-0.152212,-0.0109592,0.9049942,-0.0459442,0.4227937
1788240978206730752,OK,1,0,7.57796,0.377,0,792,0,-2.374285,0.061913,-0.157813,-0.0103231,0.9023875,-0.0463490,0.4283013
1788240978240077056,OK,1,0,7.23083,0.348167,0,759,0,-2.362850,0.059224,-0.159425,-0.0103639,0.8998534,-0.0460033,0.4336359
1788240978273423360,OK,1,0,8.32742,0.516917,0,738,0,-2.351733,0.057732,-0.163121,-0.0107710,0.8971302,-0.0458535,0.4392481
1788240978306769664,OK,1,0,7.06487,0.389583,0,720,0,-2.337976,0.056247,-0.165704,-0.0113015,0.8942930,-0.0450847,0.4450615
1788240978340116224,OK,1,0,7.14438,0.345291,0,723,0,-2.323445,0.060230,-0.168592,-0.0112357,0.8915530,-0.0446718,0.4505680
1788240978373462784,OK,1,0,7.43683,0.386792,0,728,0,-2.307940,0.060985,-0.172483,-0.0116301,0.8887755,-0.0445711,0.4560222
1788240978406809344,OK,1,0,7.85767,0.661875,0,941,0,-2.294564,0.060947,-0.173769,-0.0119430,0.8859121,-0.0448458,0.4615257
1788240978440155904,OK,1,0,7.865,0.334583,0,912,0,-2.281024,0.061397,-0.176412,-0.0117742,0.8829321,-0.0445976,0.4672294
1788240978473502720,OK,1,0,7.85258,0.286167,0,889,0,-2.269345,0.061156,-0.179838,-0.0114438,0.8798065,-0.0447612,0.4730815
1788240978506849280,OK,1,0,8.00313,0.353458,0,864,0,-2.256979,0.063193,-0.183231,-0.0111603,0.8767271,-0.0447288,0.4787739
1788240978540196096,OK,1,0,7.59383,0.3785,0,855,0,-2.243888,0.063065,-0.185399,-0.0109900,0.8736961,-0.0445068,0.4843073
1788240978573542656,OK,1,0,8.94833,0.302375,0,839,0,-2.231864,0.061176,-0.187161,-0.0111203,0.8705934,-0.0442257,0.4898852
1788240978606889472,OK,1,0,7.78163,0.381625,0,809,0,-2.219787,0.061356,-0.190542,-0.0106737,0.8674264,-0.0439575,0.4955052
1788240978640225536,OK,1,0,8.15696,0.443084,0,807,0,-2.200855,0.067457,-0.196187,-0.0105449,0.8644692,-0.0440850,0.5006378
1788240978673562624,OK,1,0,8.19758,0.356542,0,803,0,-2.189224,0.068000,-0.197226,-0.0106313,0.8612720,-0.0439553,0.5061280
1788240978706899456,OK,1,0,7.675,0.345833,0,761,0,-2.172166,0.070424,-0.199919,-0.0106985,0.8579960,-0.0437557,0.5116774
1788240978740236032,OK,1,0,7.568,0.291792,0,769,0,-2.159958,0.070628,-0.201935,-0.0107777,0.8546980,-0.0434211,0.5171942
1788240978773573120,OK,1,0,7.229,0.25025,0,731,0,-2.148144,0.070551,-0.203626,-0.0106871,0.8514666,-0.0429769,0.5225355
1788240978806909696,OK,1,0,6.96817,0.376,0,723,0,-2.133577,0.070768,-0.204296,-0.0107141,0.8482263,-0.0429935,0.5277774
1788240978840246528,OK,1,0,6.86754,0.246916,0,724,0,-2.122094,0.070620,-0.208058,-0.0105683,0.8446188,-0.0432188,0.5335161
1788240978873583360,OK,1,0,7.06712,0.400709,0,917,0,-2.110120,0.071005,-0.209453,-0.0099156,0.8410633,-0.0430845,0.5391271
1788240978906919936,OK,1,0,8.33662,0.305125,0,1022,0,-2.097183,0.071013,-0.209935,-0.0095711,0.8376794,-0.0430099,0.5443820
1788240978940256512,OK,1,0,8.13229,0.350916,0,1010,0,-2.087517,0.070332,-0.208908,-0.0092491,0.8343878,-0.0431470,0.5494086
1788240978973593344,OK,1,0,9.09229,0.28675,0,979,0,-2.075284,0.070022,-0.210579,-0.0091336,0.8307851,-0.0426243,0.5548838
1788240979006929920,OK,1,0,8.79883,0.2855,0,966,0,-2.062870,0.070306,-0.211473,-0.0090835,0.8269782,-0.0419448,0.5605936
1788240979040266240,OK,1,0,8.86946,0.2905,0,949,0,-2.047062,0.071343,-0.208628,-0.0093731,0.8235590,-0.0418255,0.5656088
1788240979073601792,OK,1,0,9.01679,0.295084,0,934,0,-2.034097,0.071036,-0.206061,-0.0099189,0.8200068,-0.0418470,0.5707358
1788240979106938368,OK,1,0,8.09088,0.3935,0,914,0,-2.015564,0.074390,-0.202706,-0.0101856,0.8168439,-0.0417874,0.5752531
1788240979140274944,OK,1,0,8.39233,0.505834,0,936,0,-2.005670,0.074209,-0.202667,-0.0099172,0.8132100,-0.0411240,0.5804309
1788240979173611264,OK,1,0,7.7255,0.337416,0,887,0,-1.991850,0.075291,-0.201293,-0.0095570,0.8097711,-0.0412441,0.5852165
1788240979206947584,OK,1,0,7.87333,0.281417,0,868,0,-1.978144,0.075134,-0.198936,-0.0094310,0.8061719,-0.0411776,0.5901715
1788240979240283904,OK,1,0,7.96633,0.485875,0,884,0,-1.963537,0.077403,-0.197977,-0.0094696,0.8024506,-0.0410349,0.5952306
1788240979273620480,OK,1,0,7.80271,0.378208,0,1081,0,-1.951948,0.078144,-0.195828,-0.0094242,0.7988849,-0.0405551,0.6000412
1788240979306956544,OK,1,0,8.83987,0.52175,0,1134,0,-1.937611,0.079940,-0.194198,-0.0095109,0.7950776,-0.0407464,0.6050628
1788240979340292608,OK,1,0,8.34967,0.2745,0,1115,0,-1.924646,0.079512,-0.192086,-0.0096221,0.7911742,-0.0406179,0.6101648
1788240979373628928,OK,1,0,8.34371,0.286959,0,1093,0,-1.909458,0.075245,-0.178479,-0.0100368,0.7884896,-0.0398032,0.6136767
1788240979406964992,OK,1,0,9.26446,0.333917,0,1069,0,-1.898368,0.076181,-0.178492,-0.0093926,0.7847098,-0.0392111,0.6185507
1788240979440301312,OK,1,0,8.16883,0.376792,0,1044,0,-1.885339,0.075680,-0.175008,-0.0092986,0.7810595,-0.0394432,0.6231404
1788240979473637376,OK,1,0,8.47171,0.263375,0,1050,0,-1.872905,0.075806,-0.171022,-0.0095855,0.7771533,-0.0392036,0.6280159
1788240979506973440,OK,1,0,8.27554,0.326625,0,1055,0,-1.859800,0.076569,-0.166265,-0.0099465,0.7733302,-0.0385751,0.6327507
1788240979540308480,OK,1,0,7.98425,0.325125,0,1029,0,-1.847393,0.075259,-0.162114,-0.0104688,0.7695843,-0.0381392,0.6373193
1788240979573644544,OK,1,0,7.94171,0.255709,0,993,0,-1.832467,0.076061,-0.159029,-0.0107183,0.7656013,-0.0381471,0.6420939
1788240979606980352,OK,1,0,7.7785,0.424084,0,969,0,-1.820689,0.076427,-0.155062,-0.0109149,0.7614332,-0.0377850,0.6470492
1788240979640318976,OK,1,0,8.4715,0.522916,0,974,0,-1.806885,0.077068,-0.150868,-0.0108709,0.7576825,-0.0373789,0.6514614
1788240979673657600,OK,1,0,8.99062,0.387042,0,1389,0,-1.797148,0.075183,-0.145470,-0.0109464,0.7538223,-0.0371236,0.6559375
1788240979706996224,OK,1,0,9.35529,0.345291,0,1325,0,-1.784132,0.075648,-0.140306,-0.0111687,0.7498243,-0.0373331,0.6604884
1788240979740334592,OK,1,0,10.153,0.272708,0,1315,0,-1.769274,0.076050,-0.137408,-0.0110510,0.7462269,-0.0363330,0.6646076
1788240979773673216,OK,1,0,9.64742,0.399833,0,1331,0,-1.750511,0.077309,-0.132121,-0.0106208,0.7433541,-0.0352252,0.6678855
1788240979807011840,OK,1,0,9.20417,0.393708,0,1311,0,-1.738148,0.078553,-0.129228,-0.0104227,0.7402931,-0.0348775,0.6712980
1788240979840350464,OK,1,0,9.69021,0.55275,0,1299,0,-1.726942,0.079152,-0.124953,-0.0102527,0.7382023,-0.0349256,0.6735967
1788240979873689088,OK,1,0,9.99467,0.252542,0,1257,0,-1.712793,0.080021,-0.124573,-0.0103513,0.7367548,-0.0342343,0.6752135
1788240979907027456,OK,1,0,9.63879,0.26925,0,1255,0,-1.698270,0.081372,-0.124347,-0.0103337,0.7351391,-0.0335477,0.6770069
1788240979940365824,OK,1,0,9.82192,0.248625,0,1221,0,-1.684861,0.081292,-0.123477,-0.0104650,0.7335839,-0.0334132,0.6786965
1788240979973703424,OK,1,0,10.268,0.369583,0,1205,0,-1.671127,0.080800,-0.120763,-0.0109080,0.7329578,-0.0333666,0.6793677
1788240980007041792,OK,1,0,9.74333,0.347333,0,1188,0,-1.658202,0.081038,-0.121600,-0.0109049,0.7327849,-0.0331960,0.6795627
1788240980040380160,OK,1,0,9.70117,0.315666,0,1218,0,-1.645921,0.082210,-0.122959,-0.0107819,0.7326708,-0.0329044,0.6797019
1788240980073718528,OK,1,0,9.62458,0.379958,0,1210,0,-1.632370,0.084401,-0.123466,-0.0104266,0.7327825,-0.0330594,0.6795794
1788240980107056896,OK,1,0,9.36817,0.287459,0,1193,0,-1.620111,0.084901,-0.124934,-0.0103492,0.7326910,-0.0333430,0.6796653
1788240980140395520,OK,1,0,9.41083,0.399209,0,1199,0,-1.606877,0.087962,-0.124261,-0.0106716,0.7328073,-0.0337448,0.6795152
1788240980173733888,OK,1,0,9.21625,0.546166,0,1179,0,-1.592562,0.086694,-0.123960,-0.0112776,0.7325981,-0.0341363,0.6797115
1788240980207072000,OK,1,0,9.64408,0.3855,0,1132,0,-1.578630,0.086584,-0.125081,-0.0115055,0.7324965,-0.0341714,0.6798153
1788240980240410368,OK,1,0,9.30567,0.415167,0,1151,0,-1.567228,0.087328,-0.124142,-0.0117828,0.7327524,-0.0347576,0.6795050
1788240980273748736,OK,1,0,9.19658,0.407166,0,1130,0,-1.554344,0.086824,-0.125128,-0.0114309,0.7326371,-0.0348478,0.6796307
1788240980307087104,OK,1,0,8.72612,0.375333,0,1116,0,-1.541624,0.086590,-0.126149,-0.0114009,0.7325658,-0.0347403,0.6797137
1788240980340425472,OK,1,0,8.77621,0.365833,0,1129,0,-1.529508,0.087650,-0.125435,-0.0114323,0.7327601,-0.0352562,0.6794769
1788240980373763584,OK,1,0,8.83587,0.328667,0,1121,0,-1.517297,0.087544,-0.126057,-0.0113049,0.7325231,-0.0354461,0.6797248
1788240980407101184,OK,1,0,9.25146,0.289667,0,1081,0,-1.504899,0.087368,-0.126852,-0.0113366,0.7325650,-0.0355134,0.6796755
1788240980440439552,OK,1,0,8.99008,0.326125,0,1106,0,-1.491920,0.088966,-0.127449,-0.0111871,0.7325665,-0.0357524,0.6796638
1788240980473777664,OK,1,0,9.20617,0.41575,0,1063,0,-1.479485,0.090680,-0.127876,-0.0107606,0.7325306,-0.0356963,0.6797124
1788240980507116032,OK,1,0,9.168,0.403291,0,1085,0,-1.464884,0.091029,-0.129692,-0.0110433,0.7324653,-0.0359385,0.6797654
1788240980540454144,OK,1,0,9.36642,0.267917,0,1074,0,-1.453901,0.090269,-0.131923,-0.0109232,0.7323463,-0.0358852,0.6798984
1788240980573792256,OK,1,0,9.09042,0.554584,0,1054,0,-1.438309,0.090691,-0.131894,-0.0108252,0.7324240,-0.0359630,0.6798121
1788240980607130624,OK,1,0,10.0568,0.61275,0,1041,0,-1.426562,0.091525,-0.133605,-0.0103397,0.7323897,-0.0362081,0.6798436
1788240980640466944,OK,1,0,10.7776,0.288667,0,1030,0,-1.415752,0.090338,-0.135422,-0.0097526,0.7321953,-0.0361788,0.6800632
1788240980673803264,OK,1,0,10.142,0.288959,0,1016,0,-1.401420,0.090885,-0.139164,-0.0092111,0.7319406,-0.0356824,0.6803711
1788240980707139584,OK,1,0,11.2056,0.426,0,1922,0,-1.389729,0.091463,-0.140683,-0.0087387,0.7315432,-0.0356386,0.6808069
1788240980740476160,OK,1,0,11.6579,0.50125,0,1581,0,-1.379875,0.090885,-0.142628,-0.0079332,0.7311707,-0.0355354,0.6812222
1788240980773812224,OK,1,0,10.8993,0.267125,0,1508,0,-1.367640,0.091154,-0.145070,-0.0073601,0.7311725,-0.0357074,0.6812178
1788240980807148544,OK,1,0,11.9856,0.409209,0,1503,0,-1.358222,0.088041,-0.155139,-0.0067688,0.7305560,-0.0352390,0.6819094
1788240980840483584,OK,1,0,10.5848,0.343458,0,1494,0,-1.346124,0.088461,-0.157599,-0.0062903,0.7307782,-0.0352084,0.6816775
1788240980873819648,OK,1,0,11.3974,0.244625,0,1474,0,-1.332467,0.089552,-0.158370,-0.0063447,0.7307058,-0.0353904,0.6817451
1788240980907155712,OK,1,0,10.6628,0.546166,0,1440,0,-1.320365,0.089439,-0.159331,-0.0061146,0.7301892,-0.0354735,0.6822961
1788240980940491776,OK,1,0,10.4426,0.378,0,1427,0,-1.307175,0.090137,-0.158930,-0.0061657,0.7299535,-0.0357232,0.6825348
1788240980973827840,OK,1,0,10.2884,0.560292,0,1427,0,-1.294674,0.089924,-0.158024,-0.0063707,0.7301652,-0.0358986,0.6822972
1788240981007163904,OK,1,0,10.601,0.548375,0,1398,0,-1.283544,0.090223,-0.159516,-0.0054534,0.7304500,-0.0360621,0.6819918
1788240981040499456,OK,1,0,11.2212,0.3225,0,1381,0,-1.271803,0.089616,-0.163236,-0.0042734,0.7306064,-0.0361251,0.6818291
1788240981073835520,OK,1,0,10.9036,0.25925,0,1326,0,-1.261148,0.089683,-0.164383,-0.0037770,0.7307438,-0.0364681,0.6816666
1788240981107171072,OK,1,0,10.876,0.430167,0,1323,0,-1.246434,0.089860,-0.165433,-0.0041893,0.7305553,-0.0361578,0.6818827
1788240981140507136,OK,1,0,10.2427,0.324792,0,1318,0,-1.231794,0.090317,-0.163851,-0.0054718,0.7303742,-0.0361389,0.6820686
1788240981173842688,OK,1,0,10.5572,0.346459,0,1281,0,-1.219107,0.091991,-0.163549,-0.0059564,0.7303553,-0.0364582,0.6820679
1788240981207178496,OK,1,0,10.1048,0.359959,0,1243,0,-1.206209,0.092748,-0.164290,-0.0060294,0.7306531,-0.0365597,0.6817427
1788240981240513792,OK,1,0,10.142,0.32225,0,1244,0,-1.192449,0.092606,-0.164944,-0.0060081,0.7307713,-0.0365763,0.6816153
1788240981273849600,OK,1,0,9.50371,0.315083,0,1201,0,-1.179875,0.093429,-0.166322,-0.0058947,0.7304837,-0.0365939,0.6819235
1788240981307184128,OK,1,0,9.88983,0.2515,0,1162,0,-1.167695,0.093822,-0.167053,-0.0059313,0.7301794,-0.0363207,0.6822637
1788240981340519424,OK,1,0,9.78896,0.3345,0,1128,0,-1.154006,0.093488,-0.169442,-0.0059270,0.7301819,-0.0359189,0.6822823
1788240981373854976,OK,1,0,10.0319,0.400834,0,1135,0,-1.141887,0.094528,-0.172533,-0.0055747,0.7305202,-0.0358995,0.6819240
1788240981407190528,OK,1,0,9.51296,0.396958,0,1117,0,-1.128943,0.095049,-0.173010,-0.0055579,0.7305685,-0.0362255,0.6818553
1788240981440525824,OK,1,0,10.2189,0.276708,0,1916,0,-1.116634,0.093987,-0.172349,-0.0056894,0.7303390,-0.0365763,0.6820813
1788240981473861120,OK,1,0,12.2275,0.273584,0,1605,0,-1.104762,0.094815,-0.172489,-0.0060312,0.7302233,-0.0365341,0.6822044
1788240981507196416,OK,1,0,11.879,0.374708,0,1500,0,-1.090765,0.094636,-0.173696,-0.0062279,0.7304505,-0.0361695,0.6819788
1788240981540531712,OK,1,0,11.2915,0.344417,0,1484,0,-1.074676,0.095416,-0.179940,-0.0060253,0.7300554,-0.0361782,0.6824031
1788240981573867008,OK,1,0,10.6165,0.391458,0,1453,0,-1.061286,0.096479,-0.180965,-0.0061321,0.7300904,-0.0363142,0.6823575
1788240981607202048,OK,1,0,11.3956,0.254334,0,1435,0,-1.048393,0.098262,-0.182300,-0.0059617,0.7299132,-0.0366659,0.6825297
1788240981640542720,OK,1,0,10.0808,0.380042,0,1400,0,-1.035773,0.098239,-0.182487,-0.0059220,0.7297032,-0.0368208,0.6827462
1788240981673883392,OK,1,0,10.1097,0.370083,0,1359,0,-1.022975,0.098381,-0.183814,-0.0061198,0.7293905,-0.0368847,0.6830751
1788240981707223808,OK,1,0,10.3827,0.376,0,1317,0,-1.011029,0.097939,-0.184575,-0.0060483,0.7296153,-0.0369587,0.6828316
1788240981740563456,OK,1,0,10.967,0.387583,0,1304,0,-0.998996,0.097472,-0.185497,-0.0058800,0.7300692,-0.0367121,0.6823611
1788240981773904128,OK,1,0,9.98638,0.278208,0,1237,0,-0.986176,0.099159,-0.186420,-0.0057088,0.7300803,-0.0368500,0.6823433
1788240981807244544,OK,1,0,10.2143,0.316916,0,1221,0,-0.972448,0.099142,-0.187094,-0.0059089,0.7296947,-0.0370727,0.6827418
1788240981840585216,OK,1,0,10.058,0.444625,0,1187,0,-0.958853,0.099463,-0.186534,-0.0062580,0.7296765,-0.0369427,0.6827651
1788240981873925888,OK,1,0,9.84275,0.591375,0,1145,0,-0.945891,0.099301,-0.186731,-0.0066559,0.7299046,-0.0366370,0.6825340
1788240981907266304,OK,1,0,10.34,0.332542,0,1847,0,-0.932483,0.098916,-0.190606,-0.0062681,0.7299355,-0.0362000,0.6825280
1788240981940606976,OK,1,0,12.4418,0.590708,0,1511,0,-0.919989,0.099243,-0.192828,-0.0062074,0.7300442,-0.0356529,0.6824410
1788240981973947392,OK,1,0,11.0205,0.352834,0,1409,0,-0.906083,0.099761,-0.193546,-0.0062350,0.7298378,-0.0355287,0.6826680
1788240982007287808,OK,1,0,10.6913,0.327375,0,1407,0,-0.892986,0.097670,-0.195023,-0.0064136,0.7291140,-0.0349549,0.6834689
1788240982040628224,OK,1,0,10.194,0.253125,0,1382,0,-0.879385,0.098580,-0.195324,-0.0064491,0.7287717,-0.0344231,0.6838605
1788240982073968640,OK,1,0,10.1768,0.319958,0,1328,0,-0.866683,0.098029,-0.197948,-0.0060684,0.7282800,-0.0337845,0.6844195
1788240982107309056,OK,1,0,10.1558,0.3845,0,1294,0,-0.852968,0.098861,-0.199397,-0.0057971,0.7280442,-0.0335307,0.6846851
1788240982140649472,OK,1,0,10.2389,0.365625,0,1258,0,-0.839856,0.099844,-0.199594,-0.0058730,0.7270329,-0.0332406,0.6857725
1788240982173988864,OK,1,0,9.46083,0.336833,0,1231,0,-0.826619,0.100106,-0.197942,-0.0063856,0.7251307,-0.0330820,0.6877865
1788240982207329024,OK,1,0,9.27342,0.24025,0,1217,0,-0.812772,0.100549,-0.195894,-0.0067374,0.7234067,-0.0321388,0.6896408
1788240982240669440,OK,1,0,10.0166,0.298167,0,1201,0,-0.800328,0.099848,-0.195854,-0.0065960,0.7220426,-0.0314408,0.6911024
1788240982274009856,OK,1,0,9.8285,0.256334,0,1172,0,-0.787260,0.100565,-0.197448,-0.0055464,0.7207549,-0.0314610,0.6924534
1788240982307350016,OK,1,0,9.38237,0.351167,0,1167,0,-0.775591,0.101044,-0.196134,-0.0050067,0.7194009,-0.0311919,0.6938763
1788240982340690432,OK,1,0,9.51025,0.340875,0,1914,0,-0.763628,0.100604,-0.194697,-0.0052829,0.7176976,-0.0311484,0.6956379
1788240982374030848,OK,1,0,10.7187,0.327458,0,1477,0,-0.751544,0.101002,-0.191923,-0.0056060,0.7161801,-0.0313203,0.6971898
1788240982407371008,OK,1,0,10.6076,0.343917,0,1396,0,-0.739048,0.101575,-0.188821,-0.0058540,0.7145785,-0.0314460,0.6988236
1788240982440711168,OK,1,0,11.8725,0.360083,0,1376,0,-0.725161,0.100491,-0.191694,-0.0059135,0.7116879,-0.0303215,0.7018162
1788240982474051584,OK,1,0,10.5748,0.3505,0,1333,0,-0.710896,0.102129,-0.188757,-0.0062493,0.7097697,-0.0298682,0.7037726
1788240982507391488,OK,1,0,10.4275,0.2555,0,1331,0,-0.698124,0.102531,-0.186220,-0.0063001,0.7080981,-0.0301312,0.7054428
1788240982540731904,OK,1,0,10.0825,0.257834,0,1281,0,-0.685358,0.103087,-0.185121,-0.0058697,0.7061685,-0.0301636,0.7073767
1788240982574072064,OK,1,0,9.53871,0.374333,0,1190,0,-0.673812,0.102582,-0.182043,-0.0056552,0.7041035,-0.0302140,0.7094318
1788240982607412224,OK,1,0,9.05296,0.3555,0,1166,0,-0.661910,0.103369,-0.179176,-0.0054344,0.7018271,-0.0301429,0.7116885
1788240982640750336,OK,1,0,9.39946,0.253333,0,1108,0,-0.649143,0.103356,-0.175833,-0.0055975,0.6994016,-0.0300904,0.7140734
1788240982674089472,OK,1,0,10.1181,0.489708,0,1925,0,-0.636726,0.104142,-0.170856,-0.0059501,0.6970177,-0.0302282,0.7163918
1788240982707428096,OK,1,0,11.722,0.4075,0,1492,0,-0.623994,0.104943,-0.167487,-0.0062806,0.6945835,-0.0300905,0.7187551
1788240982740767232,OK,1,0,11.4227,0.378208,0,1414,0,-0.609639,0.106371,-0.164138,-0.0064561,0.6921477,-0.0294552,0.7211257
1788240982774106368,OK,1,0,11.1705,0.263416,0,1411,0,-0.594186,0.106779,-0.162332,-0.0063652,0.6894734,-0.0287078,0.7237139
1788240982807445248,OK,1,0,10.2151,0.487334,0,1338,0,-0.581569,0.106808,-0.159027,-0.0063261,0.6868061,-0.0287772,0.7262433
1788240982840784384,OK,1,0,9.83029,0.378625,0,1287,0,-0.568961,0.108482,-0.155753,-0.0059382,0.6836482,-0.0287177,0.7292223
1788240982874123264,OK,1,0,9.85712,0.3835,0,1244,0,-0.556267,0.108634,-0.151411,-0.0058767,0.6805526,-0.0284446,0.7321233
1788240982907462400,OK,1,0,9.80983,0.261208,0,1208,0,-0.544528,0.109411,-0.148273,-0.0055694,0.6776693,-0.0284313,0.7347958
1788240982940801280,OK,1,0,10.1635,0.281292,0,1136,0,-0.533123,0.109626,-0.143618,-0.0055805,0.6749887,-0.0285748,0.7372534
1788240982974140416,OK,1,0,10.3059,0.276625,0,1953,0,-0.520511,0.109788,-0.138995,-0.0058055,0.6718519,-0.0288180,0.7401019
1788240983007479296,OK,1,0,11.9854,0.307542,0,1403,0,-0.509555,0.109971,-0.134132,-0.0055094,0.6686974,-0.0284482,0.7429699
1788240983040818432,OK,1,0,10.6522,0.362541,0,1288,0,-0.498201,0.109964,-0.128800,-0.0052387,0.6655912,-0.0277289,0.7457829
1788240983074156288,OK,1,0,10.2243,0.508375,0,1276,0,-0.487583,0.112308,-0.124444,-0.0047208,0.6622531,-0.0280103,0.7487417
1788240983107495168,OK,1,0,9.45671,0.312167,0,1216,0,-0.476757,0.112292,-0.119441,-0.0046461,0.6587009,-0.0281466,0.7518639
1788240983140834048,OK,1,0,9.77163,0.537,0,1150,0,-0.464653,0.112509,-0.113268,-0.0045537,0.6552207,-0.0278857,0.7549090
1788240983174173184,OK,1,0,9.53133,0.457167,0,1148,0,-0.452379,0.113461,-0.108201,-0.0046936,0.6516989,-0.0276587,0.7579588
1788240983207512064,OK,1,0,10.2905,0.365083,0,1893,0,-0.440582,0.114630,-0.102295,-0.0047217,0.6483064,-0.0278580,0.7608552
1788240983240850944,OK,1,0,10.6566,0.262084,0,1347,0,-0.429085,0.114849,-0.095157,-0.0048730,0.6447155,-0.0283045,0.7638829
1788240983274189824,OK,1,0,10.5306,0.353709,0,1252,0,-0.417409,0.115571,-0.090301,-0.0043078,0.6406121,-0.0281834,0.7673351
1788240983307528448,OK,1,0,9.84183,0.325208,0,1186,0,-0.406971,0.114360,-0.088012,-0.0036567,0.6364494,-0.0273656,0.7708242
1788240983340867328,OK,1,0,9.21267,0.312958,0,1151,0,-0.396392,0.115074,-0.082909,-0.0028566,0.6332423,-0.0271665,0.7734715
1788240983374206208,OK,1,0,9.58525,0.269125,0,1705,0,-0.386695,0.114774,-0.077023,-0.0024116,0.6298028,-0.0274876,0.7762648
1788240983407545088,OK,1,0,10.1385,0.354875,0,1225,0,-0.375372,0.115278,-0.071039,-0.0023540,0.6258251,-0.0274312,0.7794774
1788240983440883968,OK,1,0,9.09371,0.293292,0,1153,0,-0.363916,0.116301,-0.062874,-0.0024852,0.6218120,-0.0268213,0.7827032
1788240983474222848,OK,1,0,8.75121,0.418375,0,1102,0,-0.351969,0.118459,-0.054714,-0.0027656,0.6175714,-0.0267738,0.7860543
1788240983507560704,OK,1,0,8.58404,0.560875,0,1093,0,-0.340709,0.119234,-0.045805,-0.0031139,0.6137366,-0.0268692,0.7890474
1788240983540899584,OK,1,0,8.72762,0.246875,0,1033,0,-0.328754,0.120055,-0.038954,-0.0033232,0.6095167,-0.0266768,0.7923174
1788240983574238208,OK,1,0,9.26763,0.586166,0,1830,0,-0.317545,0.121307,-0.031830,-0.0033262,0.6055011,-0.0260415,0.7954113
1788240983607577088,OK,1,0,11.0087,0.273334,0,1411,0,-0.307362,0.121693,-0.024833,-0.0031520,0.6016543,-0.0259521,0.7983288
1788240983640917248,OK,1,0,11.4253,0.384083,0,1314,0,-0.297479,0.122108,-0.016577,-0.0030045,0.5977535,-0.0261042,0.8012493
1788240983674257152,OK,1,0,9.958,0.3515,0,1279,0,-0.285994,0.122550,-0.008754,-0.0031698,0.5936888,-0.0257847,0.8042753
1788240983707596800,OK,1,0,9.45479,0.304417,0,1202,0,-0.275820,0.123274,-0.001058,-0.0030691,0.5898441,-0.0252612,0.8071161
1788240983740936704,OK,1,0,9.02629,0.257042,0,1133,0,-0.265932,0.122925,0.007252,-0.0030254,0.5859524,-0.0247775,0.8099610
1788240983774276864,OK,1,0,9.15525,0.521791,0,1116,0,-0.255623,0.124659,0.014727,-0.0026472,0.5817277,-0.0248084,0.8130009
1788240983807616768,OK,1,0,8.65075,0.401583,0,1062,0,-0.246590,0.123784,0.022143,-0.0026160,0.5775076,-0.0245459,0.8160121
1788240983840956416,OK,1,0,8.515,0.384625,0,1034,0,-0.235734,0.125225,0.029929,-0.0023396,0.5730946,-0.0242312,0.8191276
1788240983874296320,OK,1,0,8.74546,0.453,0,1053,0,-0.226883,0.126542,0.040240,-0.0022823,0.5689193,-0.0246313,0.8220213
1788240983907636480,OK,1,0,9.75925,0.427458,0,1919,0,-0.217925,0.126119,0.049591,-0.0024878,0.5647113,-0.0247789,0.8249127
1788240983940976384,OK,1,0,10.5263,0.289458,0,1367,0,-0.208524,0.126881,0.059153,-0.0028392,0.5603928,-0.0241167,0.8278710
1788240983974315264,OK,1,0,11.63,0.872583,0,1283,0,-0.197871,0.128442,0.067847,-0.0026075,0.5559888,-0.0235352,0.8308523
1788240984007654912,OK,1,0,10.3179,0.27675,0,1244,0,-0.187482,0.129828,0.076205,-0.0023285,0.5513000,-0.0237859,0.8339647
1788240984040994816,OK,1,0,9.80692,0.326125,0,1212,0,-0.178374,0.128997,0.085496,-0.0023453,0.5468583,-0.0237197,0.8368859
1788240984074334976,OK,1,0,9.5785,0.261459,0,1167,0,-0.169215,0.129751,0.094625,-0.0022526,0.5424386,-0.0232708,0.8397701
1788240984107674880,OK,1,0,9.77583,0.268417,0,1129,0,-0.160466,0.130514,0.104234,-0.0020840,0.5382896,-0.0229984,0.8424435
1788240984141014528,OK,1,0,9.26904,0.276,0,1114,0,-0.151822,0.130780,0.115485,-0.0022604,0.5339266,-0.0233893,0.8452042
1788240984174354432,OK,1,0,8.69871,0.247916,0,1067,0,-0.142794,0.132009,0.126761,-0.0024770,0.5292585,-0.0233455,0.8481358
1788240984207694592,OK,1,0,8.75092,0.268083,0,1017,0,-0.133227,0.133661,0.136968,-0.0024768,0.5248482,-0.0227664,0.8508877
1788240984241034496,OK,1,0,8.95975,0.370458,0,992,0,-0.125128,0.133712,0.145309,-0.0023364,0.5207160,-0.0223201,0.8534349
1788240984274374144,OK,1,0,8.80837,0.270375,0,984,0,-0.116494,0.134220,0.153986,-0.0018658,0.5163311,-0.0220711,0.8561026
1788240984307714048,OK,1,0,8.8585,0.340417,0,1661,0,-0.107126,0.134976,0.164817,-0.0017234,0.5118910,-0.0217966,0.8587721
1788240984341053952,OK,1,0,10.8417,0.369,0,1267,0,-0.098639,0.135023,0.173650,-0.0016396,0.5075933,-0.0212832,0.8613323
1788240984374394112,OK,1,0,9.94579,0.503792,0,1226,0,-0.089443,0.135892,0.184253,-0.0015089,0.5034257,-0.0209539,0.8637831
1788240984407732992,OK,1,0,9.90437,0.395375,0,1178,0,-0.081469,0.135803,0.194155,-0.0014932,0.4986735,-0.0210369,0.8665333
1788240984441072640,OK,1,0,9.598,0.261667,0,1173,0,-0.073946,0.136907,0.205796,-0.0015817,0.4941249,-0.0212039,0.8691308
1788240984474412544,OK,1,0,9.35529,0.440917,0,1131,0,-0.066518,0.137364,0.215978,-0.0017345,0.4898792,-0.0209945,0.8715358
1788240984507752448,OK,1,0,10.3093,0.316042,0,1110,0,-0.023171,0.020658,0.294176,-0.0018659,0.4810838,-0.0232740,0.8763637
1788240984541092608,OK,1,0,11.1464,0.51825,0,1143,0,-0.009252,0.024279,0.303617,-0.0017510,0.4754733,-0.0241505,0.8793969
1788240984574432256,OK,1,0,11.2945,0.31275,0,1192,0,-0.000472,0.026163,0.317336,-0.0021688,0.4707766,-0.0241629,0.8819189
1788240984607772160,OK,1,0,12.3684,0.260166,0,1201,0,0.007827,0.027893,0.328961,-0.0025714,0.4661700,-0.0237928,0.8843715
1788240984641110528,OK,1,0,20.569,0.327584,1,1747,0,0.000808,0.078367,0.316367,0.0006273,0.4609351,-0.0273520,0.8870120
1788240984674448640,OK,1,0,13.7123,0.679542,0,1375,0,0.008010,0.078434,0.328178,0.0005737,0.4564129,-0.0271217,0.8893545
1788240984707787008,OK,1,0,13.3099,0.861125,0,1284,0,0.015201,0.077873,0.339401,0.0007063,0.4516875,-0.0264678,0.8917832
1788240984741125120,OK,1,0,13.8404,1.42979,0,1243,0,0.022383,0.078296,0.349233,0.0011884,0.4469531,-0.0259258,0.8941808
1788240984774463488,OK,1,0,12.6966,0.593875,0,1237,0,0.028318,0.078258,0.359757,0.0015385,0.4425297,-0.0255852,0.8963875
1788240984807801600,OK,1,0,13.5618,0.355584,0,1214,0,0.034984,0.079472,0.371136,0.0018571,0.4380194,-0.0257879,0.8985937
1788240984841139712,OK,1,0,13.1495,0.555709,0,1198,0,0.042066,0.080277,0.384004,0.0016301,0.4332778,-0.0258841,0.9008873
1788240984874476800,OK,1,0,12.2978,0.372333,0,1168,0,0.047658,0.080148,0.396109,0.0013965,0.4286671,-0.0255741,0.9030994
1788240984907814912,OK,1,0,12.7583,0.7125,0,1168,0,0.055717,0.081020,0.409104,0.0011521,0.4241022,-0.0246933,0.9052769
1788240984941153024,OK,1,0,12.4428,0.413875,0,1092,0,0.063117,0.081669,0.420467,0.0010344,0.4193253,-0.0243673,0.9075084
1788240984974491136,OK,1,0,12.2365,0.923166,0,1235,0,0.076216,0.075422,0.414149,0.0012541,0.4139752,-0.0190967,0.9100869
1788240985007828992,OK,1,0,13.4896,0.250667,0,1231,0,0.081518,0.075404,0.424927,0.0011509,0.4092761,-0.0191309,0.9122093
1788240985041167360,OK,1,0,13.0627,0.347042,0,1189,0,0.088596,0.075361,0.435970,0.0010646,0.4047383,-0.0188620,0.9142374
1788240985074505216,OK,1,0,11.6876,0.345541,0,1170,0,0.093249,0.076576,0.446537,0.0012912,0.4002552,-0.0187102,0.9162118
1788240985107843072,OK,1,0,13.2942,0.3315,0,1150,0,0.100286,0.076974,0.460118,0.0016431,0.3953428,-0.0187988,0.9183398
1788240985141181184,OK,1,0,11.9809,0.33475,0,1157,0,0.106730,0.077507,0.471892,0.0021632,0.3900738,-0.0189159,0.9205868
1788240985174519040,OK,1,0,12.8058,0.533916,0,1124,0,0.110621,0.077764,0.481348,0.0025348,0.3853039,-0.0183584,0.9226037
1788240985207856896,OK,1,0,12.7359,0.270375,0,1131,0,0.118577,0.078930,0.494360,0.0032179,0.3806583,-0.0178078,0.9245387
1788240985241194752,OK,1,0,13.456,0.560166,0,1743,0,0.125708,0.079108,0.506470,0.0032968,0.3758250,-0.0176728,0.9265162
1788240985274532608,OK,1,0,13.1357,0.340833,0,1344,0,0.128314,0.079539,0.517687,0.0033016,0.3710384,-0.0176295,0.9284443
1788240985307869440,OK,1,0,13.325,0.352416,0,1282,0,0.133130,0.080785,0.529760,0.0032197,0.3662140,-0.0175903,0.9303588
1788240985341207296,OK,1,0,13.8922,0.652833,0,1275,0,0.138008,0.080610,0.542335,0.0031043,0.3615329,-0.0172468,0.9321947
1788240985374544896,OK,1,0,22.2358,0.7395,0,1196,0,0.145445,0.081840,0.556617,0.0029209,0.3562577,-0.0171637,0.9342255
1788240985407882752,OK,1,0,14.3592,0.393375,0,1201,0,0.147987,0.080641,0.568373,0.0026781,0.3516445,-0.0166843,0.9359812
1788240985441220352,OK,1,0,13.4549,0.55875,1,1135,0,0.159973,0.055438,0.611400,0.0004797,0.3474122,-0.0188606,0.9375227
1788240985474558464,OK,1,0,12.38,0.284459,0,1120,0,0.164799,0.055560,0.626006,0.0002715,0.3425440,-0.0193954,0.9393016
1788240985507896064,OK,1,0,11.9805,0.318541,0,1094,0,0.168528,0.056528,0.639982,-0.0004386,0.3374858,-0.0195522,0.9411274
1788240985541233664,OK,1,0,11.5975,0.250875,0,1105,0,0.173446,0.058729,0.653195,-0.0008766,0.3322908,-0.0190813,0.9429836
1788240985574571264,OK,1,0,11.949,0.2515,0,1043,0,0.178998,0.060176,0.665854,-0.0009080,0.3268289,-0.0189284,0.9448935
1788240985607908864,OK,1,0,12.4406,0.438917,0,1019,0,0.182097,0.060245,0.678749,-0.0006132,0.3216827,-0.0192976,0.9466507
1788240985641248512,OK,1,0,11.3905,0.360334,0,1616,0,0.189256,0.059685,0.692459,-0.0006884,0.3160465,-0.0187131,0.9485589
1788240985674588160,OK,1,0,12.197,0.31975,0,1349,0,0.192313,0.060376,0.703388,-0.0003117,0.3108858,-0.0177922,0.9502807
1788240985707928064,OK,1,0,12.7928,0.368084,0,1251,0,0.197128,0.060579,0.715694,-0.0002769,0.3057339,-0.0177208,0.9519520
1788240985741266688,OK,1,0,12.291,0.325292,0,1173,0,0.201744,0.061756,0.728920,-0.0002049,0.3000995,-0.0182015,0.9537342
1788240985774606080,OK,1,0,12.8076,0.314666,0,1144,0,0.202053,0.061914,0.741911,-0.0006568,0.2948559,-0.0178402,0.9553750
1788240985807945728,OK,1,0,12.1155,0.349125,0,1178,0,0.205645,0.063493,0.756089,-0.0010339,0.2896150,-0.0174581,0.9569834
1788240985841285376,OK,1,0,12.6923,0.279458,0,1125,0,0.208631,0.064106,0.769397,-0.0011858,0.2842541,-0.0175056,0.9585884
1788240985874625024,OK,1,0,12.1736,0.368792,0,1069,0,0.212519,0.063785,0.782750,-0.0012127,0.2787710,-0.0173039,0.9602010
1788240985907964672,OK,1,0,11.7797,0.357792,0,1028,0,0.214382,0.063965,0.794824,-0.0011899,0.2732882,-0.0167296,0.9617860
1788240985941304320,OK,1,0,13.6365,0.577584,0,1047,0,0.217846,0.065114,0.807232,-0.0007554,0.2680492,-0.0164033,0.9632652
1788240985974643712,OK,1,0,12.6719,0.491959,0,1008,0,0.218608,0.063634,0.819916,-0.0006808,0.2627480,-0.0165586,0.9647222
1788240986007983360,OK,1,0,11.9623,0.50125,0,1537,0,0.221209,0.064307,0.831449,-0.0009383,0.2568929,-0.0158463,0.9663095
1788240986041323008,OK,1,0,13.8177,0.529667,0,1355,0,0.222557,0.066097,0.843835,-0.0011672,0.2514050,-0.0151502,0.9677627
1788240986074662656,OK,1,0,12.9576,0.293875,0,1293,0,0.223860,0.066351,0.856271,-0.0011100,0.2462883,-0.0147301,0.9690840
1788240986108002304,OK,1,0,13.0092,0.269625,0,1263,0,0.225245,0.065571,0.868869,-0.0010363,0.2410257,-0.0146891,0.9704070
1788240986141341696,OK,1,0,12.9958,0.349333,0,1229,0,0.226945,0.066620,0.881593,-0.0008903,0.2355209,-0.0146460,0.9717585
1788240986174680320,OK,1,0,14.1605,0.280667,0,1187,0,0.229020,0.067277,0.894462,-0.0009161,0.2297289,-0.0139822,0.9731538
1788240986208019712,OK,1,0,12.3654,0.373916,0,1132,0,0.230295,0.068265,0.908071,-0.0009768,0.2240484,-0.0134397,0.9744849
1788240986241359360,OK,1,0,13.7644,0.459917,0,1135,0,0.229288,0.067905,0.918078,-0.0007090,0.2182366,-0.0132200,0.9758061
1788240986274699008,OK,1,0,12.2459,0.540125,0,1113,0,0.230212,0.068613,0.931869,-0.0006253,0.2122236,-0.0131276,0.9771327
1788240986308038656,OK,1,0,13.8508,0.290041,0,1126,0,0.230938,0.069238,0.945124,-0.0007049,0.2063807,-0.0126661,0.9783896
1788240986341378048,OK,1,0,12.8201,0.360125,0,1095,0,0.231153,0.070007,0.958225,-0.0006400,0.2006819,-0.0123374,0.9795786
1788240986374717440,OK,1,0,14.125,0.284958,0,1065,0,0.231230,0.069979,0.971792,-0.0007262,0.1947565,-0.0123719,0.9807733
1788240986408057088,OK,1,0,13.3224,0.365291,0,1121,0,0.235233,0.074611,0.989769,-0.0008705,0.1883299,-0.0122396,0.9820292
1788240986441396736,OK,1,0,12.7262,0.367542,0,1089,0,0.234965,0.076578,1.003894,-0.0012943,0.1826551,-0.0119369,0.9831038
1788240986474736128,OK,1,0,13.0334,0.268375,0,1086,0,0.234797,0.078003,1.019523,-0.0016174,0.1769116,-0.0117807,0.9841549
1788240986508075776,OK,1,0,14.4443,0.287083,0,1101,0,0.233680,0.076896,1.033413,-0.0019627,0.1709297,-0.0116596,0.9852123
1788240986541415168,OK,1,0,13.6888,0.388375,0,1117,0,0.233185,0.077459,1.047161,-0.0019561,0.1650320,-0.0109204,0.9862258
1788240986574754560,OK,1,0,12.9441,0.524542,0,1113,0,0.233274,0.078455,1.058269,-0.0016225,0.1590542,-0.0097842,0.9872200
1788240986608094208,OK,1,0,14.5742,0.353583,0,1638,0,0.234549,0.080227,1.074520,-0.0011929,0.1532095,-0.0094923,0.9881474
1788240986641432576,OK,1,0,17.0602,0.324917,0,1500,0,0.233102,0.080852,1.087051,-0.0010684,0.1474563,-0.0094272,0.9890231
1788240986674772224,OK,1,0,14.6823,0.344541,0,1440,0,0.232056,0.082420,1.100308,-0.0011069,0.1423201,-0.0094725,0.9897748
1788240986708111616,OK,1,0,13.7817,0.356125,0,1376,0,0.234699,0.083894,1.115456,-0.0013681,0.1379556,-0.0088232,0.9903982
1788240986741451008,OK,1,0,14.6606,0.2575,0,1370,0,0.236371,0.084446,1.130033,-0.0017937,0.1341362,-0.0081349,0.9909279
1788240986774790400,OK,1,0,14.7836,0.498667,0,1328,0,0.236251,0.085832,1.143192,-0.0019279,0.1299156,-0.0083625,0.9914879
1788240986808129792,OK,1,0,15.8115,0.514167,0,1328,0,0.232725,0.085722,1.156859,-0.0023099,0.1258677,-0.0083668,0.9920091
1788240986841469184,OK,1,0,14.9829,0.357333,0,1288,0,0.234515,0.086143,1.168471,-0.0026862,0.1216728,-0.0076476,0.9925372
1788240986874808576,OK,1,0,13.7302,0.271166,0,1286,0,0.232964,0.085960,1.181187,-0.0029911,0.1178994,-0.0068330,0.9929975
1788240986908147968,OK,1,0,14.0421,0.319708,0,1286,0,0.234808,0.086343,1.196814,-0.0027380,0.1137880,-0.0068213,0.9934779
1788240986941487360,OK,1,0,14.5433,0.537833,0,1230,0,0.233579,0.087308,1.207418,-0.0024186,0.1099269,-0.0068507,0.9939131
1788240986974826752,OK,1,0,14.4808,0.500375,0,1227,0,0.232125,0.087077,1.219955,-0.0022413,0.1058041,-0.0059616,0.9943666
1788240987008165888,OK,1,0,15.632,0.270417,0,1285,0,0.231563,0.087952,1.232456,-0.0019134,0.1019186,-0.0053573,0.9947765
1788240987041505280,OK,1,0,14.409,0.341916,0,1268,0,0.231793,0.088689,1.242819,-0.0014729,0.0988029,-0.0053690,0.9950914
1788240987074843648,OK,1,0,19.3669,0.340875,0,1289,0,0.231734,0.090342,1.257661,-0.0011026,0.0963412,-0.0058466,0.9953306
1788240987108183040,OK,1,0,13.6426,0.264084,0,1271,0,0.233551,0.092184,1.273288,-0.0012330,0.0934106,-0.0055198,0.9956116
1788240987141522432,OK,1,0,14.3684,0.29775,0,1310,0,0.231831,0.091546,1.285252,-0.0017769,0.0901260,-0.0053208,0.9959146
1788240987174861568,OK,1,0,14.252,0.376667,0,1281,0,0.228460,0.090657,1.297795,-0.0022336,0.0871719,-0.0053957,0.9961762
1788240987208200960,OK,1,0,13.6062,0.251083,0,1290,0,0.228922,0.090880,1.311574,-0.0023971,0.0842261,-0.0056593,0.9964277
1788240987241540352,OK,1,0,13.0705,0.389458,0,1306,0,0.228255,0.092355,1.325914,-0.0025965,0.0811848,-0.0054465,0.9966808
1788240987274879488,OK,1,0,13.1565,0.385334,0,1309,0,0.227705,0.092784,1.338409,-0.0026466,0.0782170,-0.0053355,0.9969186
1788240987308218624,OK,1,0,13.098,0.400791,0,1287,0,0.227262,0.093781,1.352171,-0.0024243,0.0750796,-0.0054945,0.9971595
1788240987341558016,OK,1,0,13.2368,0.254166,0,1299,0,0.227379,0.095435,1.364704,-0.0020077,0.0720586,-0.0055184,0.9973831
1788240987374897152,OK,1,0,13.011,0.392625,0,1338,0,0.225787,0.094947,1.377747,-0.0018673,0.0691720,-0.0054588,0.9975881
1788240987408236544,OK,1,0,13.73,0.258292,0,1332,0,0.223304,0.095218,1.388000,-0.0014372,0.0665880,-0.0053684,0.9977651
1788240987441575680,OK,1,0,13.9168,0.548709,0,1368,0,0.224495,0.095231,1.401119,-0.0010363,0.0639565,-0.0051547,0.9979389
1788240987474915072,OK,1,0,13.6954,0.370042,0,1373,0,0.222750,0.094925,1.412698,-0.0009372,0.0614681,-0.0048287,0.9980969
1788240987508254208,OK,1,0,15.0621,0.252875,0,1377,0,0.223009,0.094739,1.425564,-0.0007965,0.0584715,-0.0047647,0.9982774
1788240987541592320,OK,1,0,14.5698,0.375208,0,1398,0,0.219559,0.095082,1.436250,-0.0006149,0.0561340,-0.0050419,0.9984103
1788240987574931456,OK,1,0,14.1011,0.330708,0,1402,0,0.219710,0.095644,1.449962,-0.0002731,0.0545968,-0.0050617,0.9984956
1788240987608270848,OK,1,0,13.6207,0.38475,0,1380,0,0.220742,0.096430,1.462382,-0.0002157,0.0537669,-0.0045695,0.9985430
1788240987641608960,OK,1,0,13.3914,0.551458,0,1399,0,0.221558,0.097279,1.474220,0.0001522,0.0524653,-0.0047357,0.9986115
1788240987674947072,OK,1,0,14.4821,0.264709,0,1381,0,0.221345,0.097131,1.485946,0.0004735,0.0508087,-0.0047601,0.9986970
1788240987708284928,OK,1,0,13.9201,0.375917,0,1369,0,0.223561,0.097617,1.499170,0.0001658,0.0495644,-0.0044302,0.9987611
1788240987741623040,OK,1,0,14.2048,0.523583,0,1361,0,0.221519,0.097336,1.512587,-0.0000718,0.0488588,-0.0044905,0.9987956
1788240987774960896,OK,1,0,13.3827,0.54125,0,1395,0,0.222762,0.099462,1.526258,0.0002398,0.0474556,-0.0046736,0.9988624
1788240987808299008,OK,1,0,13.5052,0.3835,0,1394,0,0.220918,0.098189,1.538131,0.0001687,0.0466936,-0.0047590,0.9988980
1788240987841636864,OK,1,0,13.5819,0.2445,0,1384,0,0.223730,0.099494,1.551741,0.0002526,0.0456643,-0.0049514,0.9989446
1788240987874974976,OK,1,0,13.4605,0.400166,0,1357,0,0.223742,0.099462,1.564653,0.0004808,0.0446940,-0.0049462,0.9989884
1788240987908312832,OK,1,0,13.889,0.2455,0,1374,0,0.225279,0.100414,1.576001,0.0009084,0.0438885,-0.0047183,0.9990249
1788240987941650688,OK,1,0,13.7867,0.327584,0,1395,0,0.224742,0.100619,1.587648,0.0009910,0.0434027,-0.0047765,0.9990458
1788240987974987520,OK,1,0,13.9887,0.31,0,1383,0,0.228172,0.101100,1.601573,0.0012767,0.0432691,-0.0049643,0.9990503
1788240988008325120,OK,1,0,13.9708,0.492375,0,1520,0,0.228929,0.099645,1.613737,0.0016190,0.0433151,-0.0051393,0.9990470
1788240988041662976,OK,1,0,15.5345,0.262542,0,1954,0,0.228041,0.101423,1.626594,0.0014549,0.0430346,-0.0052372,0.9990588
1788240988075000832,OK,1,0,16.3689,0.331916,0,1703,0,0.228765,0.103177,1.640993,0.0014333,0.0428584,-0.0052650,0.9990662
1788240988108338688,OK,1,0,15.4637,0.510625,0,1630,0,0.231846,0.103685,1.653724,0.0016271,0.0428976,-0.0046319,0.9990674
1788240988141676288,OK,1,0,16.7277,0.486875,0,1615,0,0.235017,0.105064,1.666036,0.0016446,0.0427725,-0.0040056,0.9990755
1788240988175013888,OK,1,0,17.1934,0.334208,0,1581,0,0.236440,0.104629,1.677324,0.0019692,0.0426995,-0.0037645,0.9990789
1788240988208351488,OK,1,0,15.7505,0.338458,0,1562,0,0.237791,0.103248,1.688760,0.0023158,0.0426886,-0.0037076,0.9990789
1788240988241689088,OK,1,0,17.0943,0.265583,0,1553,0,0.239381,0.105463,1.703806,0.0025331,0.0426797,-0.0036872,0.9990788
1788240988275026688,OK,1,0,17.7184,0.369334,0,1540,0,0.240368,0.106251,1.714878,0.0027055,0.0424452,-0.0036922,0.9990883
1788240988308364288,OK,1,0,17.5755,0.379584,0,1498,0,0.240823,0.105102,1.728104,0.0024297,0.0425725,-0.0035845,0.9990840
1788240988341701632,OK,1,0,17.5802,0.33875,0,1493,0,0.242717,0.106683,1.742224,0.0021814,0.0425411,-0.0036824,0.9990855
1788240988375039232,OK,1,0,16.3116,0.333209,0,1456,0,0.244170,0.109003,1.755098,0.0024363,0.0424058,-0.0038990,0.9990899
1788240988408375808,OK,1,0,14.412,0.514917,0,1470,0,0.245861,0.108868,1.768677,0.0023128,0.0423577,-0.0040396,0.9990917
1788240988441713152,OK,1,0,16.7295,0.368584,0,1453,0,0.246424,0.109067,1.781312,0.0022087,0.0423573,-0.0038863,0.9990925
1788240988475050496,OK,1,0,15.5135,0.350875,0,1433,0,0.250192,0.110401,1.795055,0.0026153,0.0423049,-0.0034812,0.9990953
1788240988508387840,OK,1,0,17.1472,0.444209,0,1451,0,0.247274,0.110186,1.804848,0.0025558,0.0426796,-0.0034686,0.9990796
1788240988541725184,OK,1,0,16.4077,0.289125,0,1465,0,0.250086,0.111240,1.819793,0.0021595,0.0420960,-0.0036105,0.9991047
1788240988575062528,OK,1,0,13.737,0.360166,0,1437,0,0.252727,0.112897,1.834659,0.0020263,0.0414854,-0.0037939,0.9991299
1788240988608399616,OK,1,0,15.2069,0.346333,0,1443,0,0.252383,0.114498,1.847952,0.0016056,0.0413947,-0.0041138,0.9991331
1788240988641743104,OK,1,0,13.8981,0.3275,0,1447,0,0.252414,0.114162,1.859738,0.0015027,0.0416516,-0.0040997,0.9991227
1788240988675086592,OK,1,0,14.6511,0.257042,0,1458,0,0.254177,0.112727,1.872913,0.0014067,0.0419042,-0.0037613,0.9991136
1788240988708430080,OK,1,0,14.1238,0.557917,0,1464,0,0.257364,0.113447,1.886607,0.0010329,0.0418075,-0.0036270,0.9991186
1788240988741773568,OK,1,0,13.8805,0.398875,0,1438,0,0.257431,0.115976,1.899574,0.0010736,0.0416008,-0.0035849,0.9991273
1788240988775117312,OK,1,0,14.3853,0.25125,0,1426,0,0.260064,0.115618,1.912481,0.0009455,0.0412699,-0.0032636,0.9991423
1788240988808461056,OK,1,0,14.6802,0.255917,0,1439,0,0.262072,0.119173,1.926077,0.0013995,0.0413151,-0.0031854,0.9991401
1788240988841803776,OK,1,0,14.0326,0.39225,0,1423,0,0.264131,0.118335,1.937866,0.0019064,0.0415286,-0.0028379,0.9991315
1788240988875147520,OK,1,0,13.5148,0.384375,0,1385,0,0.265948,0.118313,1.949092,0.0022081,0.0417981,-0.0029033,0.9991195
1788240988908491264,OK,1,0,14.2177,0.248792,0,1394,0,0.264456,0.118766,1.963514,0.0018503,0.0417500,-0.0034558,0.9991204
1788240988941835008,OK,1,0,13.4497,0.391375,0,1412,0,0.264779,0.120094,1.977636,0.0012949,0.0410165,-0.0037627,0.9991506
1788240988975178752,OK,1,0,13.8784,0.245208,0,1418,0,0.265762,0.120093,1.990268,0.0008821,0.0408827,-0.0036783,0.9991568
1788240989008522752,OK,1,0,13.5947,0.349125,0,1404,0,0.267231,0.121700,2.002741,0.0008239,0.0413178,-0.0034793,0.9991397
1788240989041866496,OK,1,0,13.7719,0.415875,0,1398,0,0.268470,0.123354,2.017610,0.0006661,0.0415728,-0.0033128,0.9991298
1788240989075210496,OK,1,0,13.4225,0.39325,0,1383,0,0.272427,0.125675,2.032732,0.0001647,0.0411420,-0.0032340,0.9991481
1788240989108554496,OK,1,0,13.4427,0.382292,0,1368,0,0.272816,0.125112,2.046032,-0.0005302,0.0408009,-0.0032228,0.9991620
1788240989141898752,OK,1,0,13.5239,0.451875,0,1379,0,0.273033,0.126066,2.058911,-0.0007715,0.0407276,-0.0032624,0.9991646
1788240989175242752,OK,1,0,13.298,0.372375,0,1361,0,0.275245,0.125232,2.072610,-0.0011267,0.0409021,-0.0031203,0.9991577
1788240989208587008,OK,1,0,13.2912,0.373084,0,1364,0,0.277650,0.127323,2.086949,-0.0011171,0.0410171,-0.0030714,0.9991531
1788240989241931008,OK,1,0,13.364,0.371417,0,1354,0,0.276561,0.126924,2.099591,-0.0014598,0.0409875,-0.0030757,0.9991539
1788240989275275264,OK,1,0,14.4807,0.324375,0,1349,0,0.277002,0.128744,2.112750,-0.0015316,0.0407646,-0.0033125,0.9991621
1788240989308618496,OK,1,0,14.8333,0.328375,0,1314,0,0.278422,0.129402,2.125307,-0.0014937,0.0406269,-0.0034983,0.9991671
1788240989341962752,OK,1,0,13.4589,0.326458,0,1303,0,0.281109,0.131788,2.139438,-0.0011688,0.0405147,-0.0035077,0.9991722
1788240989375307008,OK,1,0,12.9061,1.2535,0,1317,0,0.282753,0.131025,2.151958,-0.0010539,0.0404895,-0.0034596,0.9991735
1788240989408651264,OK,1,0,13.6188,0.316083,0,1467,0,0.284382,0.130212,2.163419,-0.0008343,0.0402684,-0.0028844,0.9991844
1788240989441995776,OK,1,0,15.5804,0.260459,0,1975,0,0.284844,0.131261,2.174411,-0.0006480,0.0403466,-0.0026915,0.9991819
1788240989475340288,OK,1,0,16.0125,0.3425,0,1628,0,0.286918,0.131962,2.187010,-0.0007202,0.0405959,-0.0023693,0.9991726
1788240989508684800,OK,1,0,14.9327,0.2695,0,1564,0,0.288101,0.133273,2.199722,-0.0004362,0.0407777,-0.0024321,0.9991652
1788240989542029312,OK,1,0,14.2131,0.342959,0,1526,0,0.289504,0.133675,2.214380,-0.0004601,0.0406517,-0.0025129,0.9991701
1788240989575374080,OK,1,0,15.4728,0.301375,0,1466,0,0.290528,0.133465,2.227152,-0.0007059,0.0405231,-0.0025459,0.9991751
1788240989608718592,OK,1,0,16.8148,0.341125,0,1415,0,0.290495,0.136664,2.241290,-0.0010367,0.0406932,-0.0027881,0.9991673
1788240989642062336,OK,1,0,17.5076,0.372292,0,1438,0,0.291381,0.136143,2.256060,-0.0019292,0.0405354,-0.0028423,0.9991722
1788240989675405824,OK,1,0,17.0653,0.352167,0,1421,0,0.296350,0.136269,2.271898,-0.0023249,0.0399177,-0.0023608,0.9991975
1788240989708749312,OK,1,0,15.9357,0.290958,0,1409,0,0.298825,0.138637,2.284752,-0.0023799,0.0401071,-0.0020569,0.9991904
1788240989742092032,OK,1,0,15.2832,0.282417,0,1387,0,0.301208,0.138691,2.297953,-0.0026311,0.0403069,-0.0017149,0.9991825
1788240989775435776,OK,1,0,13.0308,0.353083,0,1354,0,0.302794,0.137378,2.311323,-0.0028974,0.0401756,-0.0012652,0.9991876
1788240989808779520,OK,1,0,16.693,0.312291,0,1353,0,0.303286,0.137701,2.324186,-0.0031688,0.0401027,-0.0013703,0.9991896
1788240989842123264,OK,1,0,13.9812,0.674416,0,1320,0,0.304571,0.139677,2.337582,-0.0031036,0.0402492,-0.0014258,0.9991838
1788240989875467008,OK,1,0,15.6012,0.333166,0,1295,0,0.305267,0.139875,2.349332,-0.0029799,0.0404220,-0.0015845,0.9991770
1788240989908811008,OK,1,0,14.4795,0.308625,0,1314,0,0.306947,0.139523,2.363586,-0.0034538,0.0403477,-0.0014760,0.9991786
1788240989942155008,OK,1,0,21.0974,0.356459,0,1323,0,0.307480,0.142147,2.377878,-0.0033623,0.0404208,-0.0013796,0.9991761
1788240989975498752,OK,1,0,13.8356,0.35225,0,1312,0,0.307264,0.144251,2.389905,-0.0033200,0.0405617,-0.0012480,0.9991707
1788240990008842752,OK,1,0,14.0025,0.279792,0,1292,0,0.309417,0.144053,2.403617,-0.0036614,0.0402923,-0.0010031,0.9991807
1788240990042187008,OK,1,0,13.0477,0.388792,0,1284,0,0.311476,0.144296,2.415589,-0.0030768,0.0402244,-0.0007663,0.9991856
1788240990075531008,OK,1,0,13.292,0.295417,0,1280,0,0.313172,0.145971,2.428035,-0.0021615,0.0402501,-0.0006629,0.9991871
1788240990108875008,OK,1,0,13.6814,0.32475,0,1274,0,0.314137,0.147519,2.440114,-0.0012934,0.0402717,-0.0005028,0.9991878
1788240990142219264,OK,1,0,13.9017,0.302542,0,1285,0,0.316424,0.147147,2.452530,-0.0007124,0.0402330,-0.0004638,0.9991900
1788240990175562496,OK,1,0,13.77,0.238125,0,1483,0,0.315171,0.148582,2.463062,-0.0005171,0.0407178,-0.0008534,0.9991702
1788240990208906752,OK,1,0,16.2561,0.340667,0,1884,0,0.314409,0.148336,2.473755,-0.0003422,0.0407458,-0.0010709,0.9991689
1788240990242251008,OK,1,0,16.2696,0.326,0,1592,0,0.317427,0.147990,2.488054,-0.0003162,0.0403516,-0.0010983,0.9991849
1788240990275595264,OK,1,0,15.0603,0.363792,0,1473,0,0.321028,0.148963,2.503806,-0.0007241,0.0402045,-0.0010748,0.9991906
1788240990308939520,OK,1,0,14.7239,0.392917,0,1449,0,0.322540,0.148827,2.516284,-0.0011044,0.0402778,-0.0010357,0.9991874
1788240990342284032,OK,1,0,14.5217,0.306875,0,1425,0,0.323227,0.150388,2.529671,-0.0012347,0.0403502,-0.0009639,0.9991844
1788240990375628544,OK,1,0,13.6867,0.345417,0,1376,0,0.324406,0.152143,2.544278,-0.0015052,0.0403134,-0.0010367,0.9991854
1788240990408972800,OK,1,0,15.5658,0.277292,0,1363,0,0.325267,0.153811,2.556963,-0.0013758,0.0403845,-0.0012215,0.9991825
1788240990442317312,OK,1,0,15.6375,0.346458,0,1351,0,0.326902,0.152803,2.570536,-0.0012971,0.0404067,-0.0014760,0.9991814
1788240990475661824,OK,1,0,15.411,0.4145,0,1289,0,0.325734,0.153189,2.582133,-0.0008733,0.0406385,-0.0018350,0.9991719
1788240990509006336,OK,1,0,15.146,0.498584,0,1305,0,0.326054,0.152435,2.592833,-0.0006155,0.0405194,-0.0019299,0.9991767
1788240990542351104,OK,1,0,15.0255,0.254459,0,1264,0,0.326309,0.154819,2.605081,-0.0005139,0.0405897,-0.0021990,0.9991733
1788240990575695616,OK,1,0,15.7878,0.258708,0,1251,0,0.330444,0.154252,2.620416,-0.0008000,0.0401184,-0.0022564,0.9991921
1788240990609040384,OK,1,0,13.849,0.494417,0,1247,0,0.332350,0.153717,2.634662,-0.0012869,0.0399211,-0.0020528,0.9991999
1788240990642382080,OK,1,0,15.0198,0.300333,0,1216,0,0.332549,0.155162,2.648802,-0.0016471,0.0400803,-0.0022646,0.9991925
1788240990675724544,OK,1,0,12.9253,0.252792,0,1233,0,0.334462,0.157862,2.662264,-0.0013934,0.0400800,-0.0020375,0.9991934
1788240990709067264,OK,1,0,14.5515,0.50575,0,1239,0,0.336133,0.158661,2.673707,-0.0011123,0.0400423,-0.0016548,0.9991960
1788240990742410240,OK,1,0,13.4783,0.5145,0,1230,0,0.337804,0.161434,2.687889,-0.0008647,0.0398744,-0.0016414,0.9992030
1788240990775752960,OK,1,0,12.898,0.306583,0,1212,0,0.338950,0.160532,2.700973,-0.0008861,0.0398581,-0.0017007,0.9992035
1788240990809095680,OK,1,0,12.7773,0.253542,0,1215,0,0.340125,0.161105,2.714482,-0.0011944,0.0398467,-0.0017054,0.9992036
1788240990842438400,OK,1,0,12.7437,0.507708,0,1206,0,0.340471,0.162169,2.725473,-0.0015283,0.0402628,-0.0014975,0.9991869
1788240990875781376,OK,1,0,13.8147,0.271208,0,1202,0,0.342140,0.162521,2.739578,-0.0009170,0.0405466,-0.0013554,0.9991763
1788240990909124096,OK,1,0,12.6427,0.254916,0,1159,0,0.342784,0.161844,2.751418,-0.0010765,0.0404153,-0.0011229,0.9991817
1788240990942467072,OK,1,0,12.9387,0.462209,0,1163,0,0.343208,0.162934,2.764379,-0.0010202,0.0402726,-0.0014408,0.9991872
1788240990975809792,OK,1,0,12.7586,0.26575,0,1359,0,0.346347,0.165149,2.777877,-0.0009007,0.0401435,-0.0011888,0.9991928
1788240991009152768,OK,1,0,15.0885,0.322583,0,1701,0,0.347446,0.166900,2.790555,-0.0010327,0.0404370,-0.0011458,0.9991809
1788240991042495744,OK,1,0,14.2884,0.329917,0,1461,0,0.350977,0.167342,2.804682,-0.0010405,0.0403207,-0.0009272,0.9991858
1788240991075837696,OK,1,0,13.4072,0.476375,0,1382,0,0.354058,0.167658,2.817537,-0.0010544,0.0400695,-0.0006360,0.9991962
1788240991109180672,OK,1,0,13.2292,0.341333,0,1333,0,0.352943,0.169176,2.830351,-0.0012377,0.0401626,-0.0011020,0.9991918
1788240991142523648,OK,1,0,13.2277,0.335209,0,1292,0,0.353697,0.169029,2.844182,-0.0014443,0.0400728,-0.0013145,0.9991949
1788240991175866624,OK,1,0,15.0795,0.337833,0,1250,0,0.354238,0.170024,2.858027,-0.0018517,0.0401989,-0.0017443,0.9991885
1788240991209209600,OK,1,0,12.8718,0.34025,0,1230,0,0.354209,0.171848,2.872439,-0.0022133,0.0403129,-0.0021810,0.9991823
1788240991242552832,OK,1,0,12.8391,0.315667,0,1183,0,0.353402,0.171839,2.883564,-0.0024575,0.0403455,-0.0022747,0.9991802
1788240991275896064,OK,1,0,13.4952,0.362375,0,1185,0,0.356731,0.173889,2.899234,-0.0028450,0.0399757,-0.0019846,0.9991946
1788240991309239040,OK,1,0,12.5965,0.297791,0,1145,0,0.356794,0.173855,2.911983,-0.0031508,0.0401973,-0.0020396,0.9991847
1788240991342582272,OK,1,0,13.2744,0.295791,0,1159,0,0.360156,0.174586,2.926396,-0.0029942,0.0398043,-0.0018032,0.9992014
1788240991375925248,OK,1,0,12.3947,0.36025,0,1131,0,0.359703,0.175977,2.938796,-0.0028654,0.0399792,-0.0016949,0.9991950
1788240991409268480,OK,1,0,11.8673,0.273875,0,1141,0,0.362856,0.176397,2.952531,-0.0024034,0.0400100,-0.0017690,0.9991949
1788240991442611712,OK,1,0,12.6453,0.34,0,1310,0,0.365012,0.177472,2.966587,-0.0020988,0.0398304,-0.0017356,0.9992028
1788240991475954944,OK,1,0,16.3671,0.333167,0,1248,0,0.366443,0.179490,2.979758,-0.0021258,0.0395289,-0.0020387,0.9992141
1788240991509297152,OK,1,0,13.1916,0.519,0,1214,0,0.366708,0.180784,2.993500,-0.0021321,0.0394339,-0.0023541,0.9992172
1788240991542640384,OK,1,0,13.7918,0.34625,0,1270,0,0.365644,0.181190,3.004481,-0.0023620,0.0397578,-0.0025278,0.9992034
1788240991575983616,OK,1,0,15.1077,0.350875,0,1234,0,0.365489,0.182561,3.016904,-0.0026767,0.0399726,-0.0026105,0.9991938
1788240991609327104,OK,1,0,13.4187,0.437083,0,1214,0,0.365608,0.183050,3.032571,-0.0029262,0.0397908,-0.0024099,0.9992008
1788240991642667776,OK,1,0,13.0227,0.340042,0,1189,0,0.367612,0.183852,3.045988,-0.0033919,0.0395800,-0.0023008,0.9992080
1788240991676008448,OK,1,0,14.1966,0.259916,0,1176,0,0.369737,0.183734,3.059680,-0.0039766,0.0396603,-0.0021276,0.9992030
1788240991709349376,OK,1,0,14.461,0.294833,0,1156,0,0.374393,0.185788,3.072170,-0.0038595,0.0393720,-0.0018666,0.9992155
1788240991742690304,OK,1,0,14.8134,0.374166,0,1124,0,0.376338,0.185300,3.086964,-0.0040955,0.0393995,-0.0018424,0.9992135
1788240991776030976,OK,1,0,15.3042,0.528,0,1133,0,0.376288,0.184585,3.100412,-0.0040900,0.0393856,-0.0019733,0.9992138
1788240991809371904,OK,1,0,13.105,0.3875,0,1116,0,0.376182,0.184681,3.112275,-0.0041167,0.0392704,-0.0019552,0.9992183
1788240991842712320,OK,1,0,13.6788,0.332458,0,1093,0,0.376984,0.188255,3.126539,-0.0039247,0.0393439,-0.0023926,0.9992152
1788240991876053248,OK,1,0,14.3415,0.33725,0,1076,0,0.379399,0.188729,3.137341,-0.0037231,0.0390775,-0.0023866,0.9992264
1788240991909393920,OK,1,0,13.8888,0.374583,0,1093,0,0.378784,0.187910,3.152031,-0.0034705,0.0391258,-0.0023447,0.9992256
1788240991942734592,OK,1,0,13.013,0.394459,0,1064,0,0.379935,0.188555,3.161978,-0.0027933,0.0392964,-0.0022349,0.9992212
1788240991976074496,OK,1,0,13.4273,0.294333,0,1061,0,0.383500,0.189807,3.173521,-0.0017432,0.0389091,-0.0018813,0.9992395
1788240992009415168,OK,1,0,12.7921,0.270666,0,1062,0,0.382399,0.187743,3.186598,-0.0015175,0.0389433,-0.0017358,0.9992388
1788240992042755840,OK,1,0,12.6974,0.285208,0,1361,0,0.383426,0.190192,3.196768,-0.0008927,0.0392841,-0.0014919,0.9992266
1788240992076096768,OK,1,0,13.7845,0.275834,0,1544,0,0.384424,0.189609,3.207495,-0.0002505,0.0396013,-0.0013382,0.9992146
1788240992109437440,OK,1,0,13.661,0.262209,0,1365,0,0.387330,0.190067,3.219688,-0.0000794,0.0392671,-0.0015202,0.9992276
1788240992142778112,OK,1,0,13.9931,0.468792,0,1327,0,0.387744,0.190061,3.232566,0.0000910,0.0386693,-0.0015492,0.9992509
1788240992176118784,OK,1,0,14.3884,0.337375,0,1304,0,0.388070,0.188352,3.246014,0.0000966,0.0383412,-0.0014272,0.9992637
1788240992209459456,OK,1,0,14.7367,0.520209,0,1267,0,0.388465,0.190794,3.259448,0.0000529,0.0384198,-0.0013845,0.9992607
1788240992242800384,OK,1,0,13.8543,0.267542,0,1237,0,0.390071,0.191444,3.273247,-0.0000747,0.0378348,-0.0012619,0.9992832
1788240992276141056,OK,1,0,13.0954,0.362917,0,1211,0,0.392435,0.191581,3.285433,-0.0000763,0.0370574,-0.0009829,0.9993127
1788240992309481728,OK,1,0,12.5977,0.370166,0,1200,0,0.393829,0.193251,3.299400,0.0001067,0.0367373,-0.0004076,0.9993249
1788240992342822400,OK,1,0,12.7733,0.897667,0,1182,0,0.395819,0.192880,3.312501,0.0004203,0.0359862,0.0002799,0.9993522
1788240992376163072,OK,1,0,12.8127,0.331834,0,1156,0,0.395771,0.194275,3.323858,0.0006711,0.0346849,0.0004388,0.9993980
1788240992409502976,OK,1,0,13.1118,0.266667,0,1132,0,0.394128,0.192813,3.334172,0.0009674,0.0335242,0.0000085,0.9994375
1788240992442843392,OK,1,0,13.5355,0.298708,0,1131,0,0.392324,0.193695,3.348513,0.0012915,0.0320671,0.0000908,0.9994849
1788240992476184064,OK,1,0,13.3565,0.298333,0,1117,0,0.393663,0.194508,3.362079,0.0011144,0.0308357,0.0001772,0.9995239
1788240992509524992,OK,1,0,14.0814,0.584958,0,1108,0,0.394813,0.193588,3.375553,0.0008836,0.0287439,0.0003417,0.9995863
1788240992542865408,OK,1,0,12.4824,0.270833,0,1118,0,0.390859,0.194968,3.388371,0.0008528,0.0267045,0.0005990,0.9996428
1788240992576206336,OK,1,0,13.4647,0.353333,0,1133,0,0.391005,0.193701,3.400870,0.0010567,0.0242578,0.0006992,0.9997050
1788240992609546752,OK,1,0,12.2235,0.349459,0,1149,0,0.390791,0.193196,3.413472,0.0015357,0.0217720,0.0006081,0.9997616
1788240992642887936,OK,1,0,12.7465,0.338875,0,1117,0,0.391009,0.191123,3.424422,0.0016711,0.0191804,0.0007627,0.9998143
1788240992676228864,OK,1,0,12.7249,0.2785,0,1115,0,0.388655,0.192141,3.438061,0.0021307,0.0167922,0.0012116,0.9998560
1788240992709569792,OK,1,0,12.4011,0.26175,0,1104,0,0.387449,0.192565,3.447621,0.0024985,0.0145621,0.0013593,0.9998899
1788240992742910976,OK,1,0,12.7652,0.332208,0,1298,0,0.384865,0.192709,3.458941,0.0032189,0.0119336,0.0009754,0.9999232
1788240992776251648,OK,1,0,13.8017,0.459584,0,1533,0,0.380508,0.192769,3.469865,0.0033869,0.0094877,0.0010216,0.9999487
1788240992809592832,OK,1,0,13.6063,0.280709,0,1356,0,0.379479,0.193516,3.483993,0.0035338,0.0068606,0.0013517,0.9999693
1788240992842932736,OK,1,0,14.0688,0.526083,0,1315,0,0.377255,0.194105,3.495440,0.0036276,0.0042791,0.0014184,0.9999833
1788240992876273664,OK,1,0,14.0998,0.48375,0,1281,0,0.372870,0.194508,3.508464,0.0038891,0.0018229,0.0007990,0.9999905
1788240992909614848,OK,1,0,13.5613,0.365666,0,1262,0,0.368893,0.193943,3.520384,0.0034527,-0.0009558,0.0007997,0.9999933
1788240992942955776,OK,1,0,14.1196,0.286625,0,1220,0,0.366852,0.195951,3.534963,0.0033828,-0.0038459,0.0011599,0.9999862
1788240992976296704,OK,1,0,14.2114,0.342125,0,1227,0,0.365147,0.197369,3.545099,0.0038935,-0.0062862,0.0009034,0.9999723
1788240993009637632,OK,1,0,13.9474,0.352667,0,1223,0,0.360845,0.196757,3.559517,0.0039601,-0.0086676,0.0008797,0.9999542
1788240993042978560,OK,1,0,13.4122,0.357,0,1200,0,0.357824,0.198023,3.573507,0.0038026,-0.0114967,0.0009958,0.9999262
1788240993076319488,OK,1,0,14.6298,0.343333,0,1208,0,0.355427,0.199391,3.585284,0.0034309,-0.0145380,0.0011756,0.9998878
1788240993109660672,OK,1,0,14.8052,0.287292,0,1191,0,0.351683,0.199092,3.598288,0.0034409,-0.0171111,0.0011419,0.9998471
1788240993143001344,OK,1,0,13.5147,0.33,0,1161,0,0.351547,0.201475,3.612123,0.0036094,-0.0203309,0.0017764,0.9997852
1788240993176342528,OK,1,0,13.8524,0.50075,0,1193,0,0.350112,0.203335,3.625585,0.0036541,-0.0234907,0.0023166,0.9997147
1788240993209683456,OK,1,0,13.8933,0.376209,0,1199,0,0.344159,0.200872,3.639697,0.0036511,-0.0260779,0.0025709,0.9996499
1788240993243024384,OK,1,0,13.8053,0.266875,0,1198,0,0.343596,0.202081,3.651162,0.0035752,-0.0291521,0.0030293,0.9995641
1788240993276365568,OK,1,0,13.399,0.5365,0,1225,0,0.341198,0.202952,3.664031,0.0037301,-0.0320423,0.0030990,0.9994748
1788240993309705216,OK,1,0,14.0437,0.271625,0,1234,0,0.336989,0.202171,3.675446,0.0036463,-0.0348287,0.0031523,0.9993817
1788240993343046400,OK,1,0,13.6664,0.255333,0,1225,0,0.333316,0.201980,3.688532,0.0037008,-0.0378388,0.0030853,0.9992723
1788240993376387328,OK,1,0,13.435,0.250208,0,1194,0,0.330608,0.202734,3.701573,0.0034244,-0.0413083,0.0033494,0.9991350
1788240993409728256,OK,1,0,14.5636,0.269042,0,1226,0,0.326433,0.205068,3.718501,0.0032996,-0.0444987,0.0038986,0.9989964
1788240993443069184,OK,1,0,13.2195,0.399,0,1186,0,0.324274,0.205807,3.728519,0.0034796,-0.0473402,0.0044404,0.9988629
1788240993476410112,OK,1,0,13.0272,0.408667,0,1198,0,0.320127,0.206382,3.744001,0.0035394,-0.0502198,0.0047373,0.9987207
1788240993509751040,OK,1,0,13.0761,0.537041,0,1211,0,0.315604,0.208036,3.756775,0.0032435,-0.0532477,0.0048363,0.9985644
1788240993543091968,OK,1,0,13.222,0.342792,0,1219,0,0.311473,0.208796,3.769088,0.0029989,-0.0562946,0.0045161,0.9983995
1788240993576432896,OK,1,0,13.0932,0.39425,0,1210,0,0.306741,0.207864,3.781808,0.0029724,-0.0591201,0.0042700,0.9982374
1788240993609773824,OK,1,0,13.4084,0.382792,0,1230,0,0.303516,0.210693,3.795785,0.0028712,-0.0623529,0.0044149,0.9980403
1788240993643117312,OK,1,0,13.1383,0.398541,0,1194,0,0.298173,0.210924,3.810094,0.0023729,-0.0654847,0.0045359,0.9978405
1788240993676461056,OK,1,0,13.4519,0.480333,0,1210,0,0.294646,0.210598,3.822343,0.0022673,-0.0687989,0.0047650,0.9976166
1788240993709804800,OK,1,0,13.4887,0.404167,0,1199,0,0.290717,0.210682,3.835853,0.0027225,-0.0716840,0.0052008,0.9974101
1788240993743147520,OK,1,0,14.0672,0.258708,0,1208,0,0.287188,0.209689,3.844933,0.0025197,-0.0747759,0.0061650,0.9971781
1788240993776491264,OK,1,0,13.7327,0.415041,0,1184,0,0.285260,0.210874,3.860272,0.0026987,-0.0780159,0.0064425,0.9969277
1788240993809835008,OK,1,0,13.3899,0.379834,0,1200,0,0.280008,0.212458,3.872237,0.0030217,-0.0808649,0.0063596,0.9967002
1788240993843178752,OK,1,0,13.6903,0.242167,0,1173,0,0.275516,0.213597,3.884114,0.0029445,-0.0841820,0.0067094,0.9964235
1788240993876522496,OK,1,0,14.098,0.394125,0,1187,0,0.271345,0.212268,3.897350,0.0022819,-0.0874060,0.0072973,0.9961435
1788240993909866496,OK,1,0,13.7825,0.411833,0,1153,0,0.267667,0.211520,3.910660,0.0015260,-0.0905739,0.0078351,0.9958578
1788240993943210240,OK,1,0,14.2883,0.258458,0,1218,0,0.261771,0.212154,3.923179,0.0013115,-0.0932895,0.0076930,0.9956084
1788240993976554240,OK,1,0,14.1267,0.325334,0,1209,0,0.258442,0.211450,3.937157,0.0009433,-0.0966763,0.0076993,0.9952857
1788240994009898240,OK,1,0,14.2205,0.252542,0,1553,0,0.253100,0.212993,3.951942,0.0007462,-0.0997830,0.0081094,0.9949759
1788240994043241984,OK,1,0,15.054,0.346708,0,1466,0,0.250873,0.214712,3.963761,0.0005567,-0.1026918,0.0086708,0.9946753
1788240994076586240,OK,1,0,15.8284,0.272167,0,1452,0,0.245015,0.215412,3.976989,0.0004158,-0.1055850,0.0085510,0.9943734
1788240994109930240,OK,1,0,15.385,0.348667,0,1389,0,0.237882,0.218176,3.990748,0.0001234,-0.1088205,0.0085880,0.9940243
1788240994143274240,OK,1,0,15.598,0.287041,0,1378,0,0.233644,0.218741,4.003902,-0.0004310,-0.1127427,0.0086963,0.9935861
1788240994176617216,OK,1,0,15.6722,0.339917,0,1357,0,0.227630,0.219753,4.017240,-0.0001934,-0.1163314,0.0092484,0.9931674
1788240994209961472,OK,1,0,15.7172,0.343542,0,1354,0,0.226651,0.220030,4.028570,0.0000002,-0.1198699,0.0097610,0.9927416
1788240994243305728,OK,1,0,16.2486,0.436833,0,1380,0,0.220781,0.219673,4.038614,-0.0000024,-0.1230690,0.0106431,0.9923410
1788240994276649984,OK,1,0,15.301,0.259666,0,1358,0,0.215227,0.219086,4.049626,0.0000671,-0.1267039,0.0111376,0.9918781
1788240994309994240,OK,1,0,17.4892,0.291333,0,1358,0,0.210314,0.220399,4.061388,0.0004154,-0.1304369,0.0112600,0.9913926
1788240994343338496,OK,1,0,16.1516,0.48975,0,1316,0,0.202195,0.220582,4.072855,0.0005508,-0.1342470,0.0113204,0.9908831
1788240994376682496,OK,1,0,17.2032,0.354291,0,1338,0,0.195377,0.221361,4.082952,-0.0000241,-0.1380836,0.0116727,0.9903518
1788240994410026752,OK,1,0,16.809,0.287667,0,1333,0,0.188511,0.221717,4.095747,-0.0004448,-0.1423029,0.0115956,0.9897552
1788240994443371264,OK,1,0,18.7559,0.348917,0,1324,0,0.180528,0.222054,4.108646,-0.0005048,-0.1462762,0.0118395,0.9891728
1788240994476715776,OK,1,0,14.8503,0.33925,0,1321,0,0.175216,0.222580,4.117836,-0.0004375,-0.1498960,0.0124231,0.9886236
1788240994510060032,OK,1,0,15.4537,0.363541,0,1294,0,0.169082,0.220384,4.130602,-0.0007207,-0.1539102,0.0129973,0.9879991
1788240994543404544,OK,1,0,19.021,0.2865,0,1335,0,0.160747,0.229207,4.149871,0.0008661,-0.1583213,0.0129459,0.9873024
1788240994576749056,OK,1,0,15.837,0.262625,0,1328,0,0.152661,0.231229,4.161097,0.0011735,-0.1625267,0.0130180,0.9866176
1788240994610093824,OK,1,0,16.0739,0.280291,0,1325,0,0.144407,0.232402,4.174102,0.0010831,-0.1664624,0.0131826,0.9859591
1788240994643433728,OK,1,0,15.4539,0.41075,0,1317,0,0.134158,0.235153,4.185234,0.0013300,-0.1706433,0.0129230,0.9852473
1788240994676774912,OK,1,0,15.897,0.25025,0,1292,0,0.125851,0.238382,4.195029,0.0015847,-0.1755581,0.0128238,0.9843843
1788240994710115840,OK,1,0,14.6524,0.250917,0,1265,0,0.114853,0.240788,4.208102,0.0013959,-0.1809177,0.0134295,0.9834056
1788240994743457024,OK,1,0,14.4528,0.3355,0,1299,0,0.105666,0.241018,4.218776,0.0015502,-0.1857532,0.0138164,0.9824981
1788240994776798208,OK,1,0,15.3507,0.249833,0,1273,0,0.097134,0.241595,4.226151,0.0013957,-0.1907271,0.0142087,0.9815392
1788240994810139136,OK,1,0,14.8803,0.426042,0,1244,0,0.084560,0.241366,4.239907,0.0013124,-0.1962300,0.0141697,0.9804547
1788240994843480320,OK,1,0,14.9363,0.6,0,1254,0,0.075461,0.242731,4.253515,0.0011960,-0.2020712,0.0143775,0.9792646
1788240994876821248,OK,1,0,15.1774,0.258542,0,1259,0,0.065343,0.243960,4.260653,0.0009155,-0.2072156,0.0150171,0.9781796
1788240994910162688,OK,1,0,14.4107,0.345167,0,1203,0,0.056611,0.242910,4.267697,0.0009670,-0.2126893,0.0150808,0.9770030
1788240994943503616,OK,1,0,14.9696,0.323334,0,1412,0,0.045019,0.241820,4.278547,0.0010030,-0.2186233,0.0149855,0.9756938
1788240994976844800,OK,1,0,16.3219,0.262209,0,1551,0,0.034345,0.242612,4.288111,0.0006826,-0.2245914,0.0150469,0.9743366
1788240995010185728,OK,1,0,16.7796,0.333917,0,1535,0,0.023691,0.244000,4.295748,0.0003784,-0.2302215,0.0151510,0.9730203
1788240995043526912,OK,1,0,15.6565,0.362375,0,1443,0,0.010513,0.242912,4.306400,0.0005055,-0.2361424,0.0148689,0.9716046
1788240995076866816,OK,1,0,16.3273,0.469,0,1430,0,-0.001145,0.245312,4.313876,0.0005292,-0.2423040,0.0147804,0.9700876
1788240995110208000,OK,1,0,17.7239,0.529334,0,1409,0,-0.011659,0.245831,4.324931,0.0000999,-0.2483780,0.0153304,0.9685419
1788240995143549184,OK,1,0,15.5375,0.360958,0,1408,0,-0.019920,0.244881,4.332806,-0.0001239,-0.2542742,0.0161162,0.9669979
1788240995176889856,OK,1,0,18.0873,0.326666,0,1419,0,-0.030908,0.245206,4.341700,0.0000438,-0.2600544,0.0167270,0.9654491
1788240995210231040,OK,1,0,16.1944,0.334125,0,1369,0,-0.042508,0.246938,4.350673,0.0000635,-0.2659035,0.0172922,0.9638446
1788240995243571968,OK,1,0,16.0275,0.330208,0,1334,0,-0.052928,0.246814,4.357622,-0.0003682,-0.2716624,0.0178592,0.9622269
1788240995276913152,OK,1,0,18.3427,0.326458,0,1338,0,-0.063647,0.246784,4.366659,-0.0002852,-0.2776552,0.0180541,0.9605111
1788240995310254080,OK,1,0,17.912,0.30525,0,1346,0,-0.076172,0.249191,4.375672,0.0004687,-0.2834777,0.0181790,0.9588064
1788240995343595264,OK,1,0,17.7314,0.32875,0,1289,0,-0.087707,0.249354,4.382097,0.0002852,-0.2897211,0.0182686,0.9569367
1788240995376936192,OK,1,0,17.5487,0.267958,0,1295,0,-0.097578,0.250320,4.389524,-0.0000972,-0.2958826,0.0187523,0.9550403
1788240995410277376,OK,1,0,17.0671,0.541292,0,1284,0,-0.111349,0.249050,4.395363,-0.0003299,-0.3012528,0.0191051,0.9533528
1788240995443618304,OK,1,0,17.0873,0.359167,0,1268,0,-0.124406,0.250342,4.403277,0.0001338,-0.3070485,0.0191282,0.9515016
1788240995476959488,OK,1,0,18.0477,0.349875,0,1277,0,-0.135705,0.249420,4.407534,-0.0003569,-0.3131284,0.0189860,0.9495209
1788240995510299392,OK,1,0,16.8095,0.370833,0,1739,0,-0.147989,0.252231,4.414608,-0.0004082,-0.3189864,0.0189948,0.9475688
1788240995543640320,OK,1,0,16.6142,0.341166,0,1510,0,-0.158554,0.253029,4.421817,-0.0002186,-0.3248608,0.0188683,0.9455736
1788240995576981504,OK,1,0,16.4312,0.287291,0,1527,0,-0.171954,0.252482,4.428065,-0.0001329,-0.3305763,0.0189816,0.9435884
1788240995610322432,OK,1,0,15.9036,0.291125,0,1474,0,-0.184675,0.253244,4.433685,-0.0003115,-0.3364664,0.0196429,0.9414905
1788240995643663616,OK,1,0,15.4758,0.266292,0,1417,0,-0.195536,0.252953,4.440253,-0.0003862,-0.3422666,0.0204394,0.9393805
1788240995677004544,OK,1,0,17.1874,0.290958,0,1383,0,-0.205418,0.252681,4.446991,-0.0001657,-0.3481360,0.0209022,0.9372110
1788240995710345728,OK,1,0,15.4921,0.349084,0,1362,0,-0.218030,0.251881,4.451094,-0.0001721,-0.3538809,0.0209398,0.9350560
1788240995743686656,OK,1,0,16.784,0.278708,0,1305,0,-0.230265,0.252982,4.456751,-0.0002803,-0.3597147,0.0209640,0.9328268
1788240995777027840,OK,1,0,15.806,0.334875,0,1270,0,-0.242532,0.253803,4.462531,-0.0009999,-0.3653980,0.0217915,0.9305958
1788240995810368768,OK,1,0,16.2065,0.306208,0,1226,0,-0.255607,0.253863,4.468647,-0.0016983,-0.3711380,0.0219757,0.9283161
1788240995843709696,OK,1,0,14.9905,0.373166,0,1240,0,-0.270462,0.255054,4.475355,-0.0015815,-0.3766778,0.0218095,0.9260862
1788240995877050880,OK,1,0,16.5176,0.293167,0,1187,0,-0.282102,0.255463,4.477802,-0.0016986,-0.3823619,0.0216683,0.9237570
1788240995910391808,OK,1,0,14.1888,0.3915,0,1161,0,-0.295807,0.256108,4.482902,-0.0019928,-0.3879957,0.0216106,0.9214056
1788240995943732992,OK,1,0,16.32,0.337083,0,1152,0,-0.309251,0.255424,4.486754,-0.0022381,-0.3936332,0.0214711,0.9190141
1788240995977072896,OK,1,0,15.2723,0.436625,0,1107,0,-0.321248,0.255738,4.493979,-0.0021360,-0.3996627,0.0217002,0.9164029
1788240996010414080,OK,1,0,14.6376,0.344292,0,1069,0,-0.333192,0.256342,4.496534,-0.0016685,-0.4053361,0.0224611,0.9138903
1788240996043755008,OK,1,0,13.5853,0.329959,0,1033,0,-0.346010,0.258064,4.501015,-0.0014893,-0.4108223,0.0233204,0.9114160
1788240996077095936,OK,1,0,15.9433,0.280292,0,1019,0,-0.359627,0.258819,4.504545,-0.0010915,-0.4163590,0.0236929,0.9088909
1788240996110437120,OK,1,0,14.7652,0.515333,0,1048,0,-0.375650,0.260637,4.505503,-0.0009957,-0.4216111,0.0235851,0.9064695
1788240996143778048,OK,1,0,15.4207,0.3565,0,1598,0,-0.389947,0.259332,4.510305,-0.0020294,-0.4274504,0.0238526,0.9037219
1788240996177118976,OK,1,0,15.6759,0.32525,0,1350,0,-0.401374,0.259929,4.512348,-0.0026134,-0.4333387,0.0238107,0.9009128
1788240996210459904,OK,1,0,17.556,0.305834,0,1409,0,-0.416331,0.260616,4.515879,-0.0023820,-0.4387928,0.0238277,0.8982692
1788240996243801088,OK,1,0,15.6781,0.275959,0,1381,0,-0.430236,0.261631,4.519260,-0.0026894,-0.4444359,0.0240016,0.8954850
1788240996277142016,OK,1,0,15.6624,0.26525,0,1308,0,-0.442784,0.262503,4.524661,-0.0031524,-0.4500379,0.0244770,0.8926684
1788240996310482944,OK,1,0,18.0842,0.333208,0,1253,0,-0.453371,0.261297,4.526884,-0.0031975,-0.4555691,0.0249397,0.8898453
1788240996343823872,OK,1,0,14.7214,0.2755,0,1222,0,-0.467894,0.260547,4.530147,-0.0032000,-0.4612702,0.0253128,0.8868928
1788240996377165056,OK,1,0,15.6212,0.34525,0,1164,0,-0.481284,0.263067,4.532359,-0.0036464,-0.4669842,0.0257926,0.8838819
1788240996410504960,OK,1,0,15.8483,0.29625,0,1144,0,-0.494910,0.263105,4.533045,-0.0043984,-0.4723068,0.0257595,0.8810468
1788240996443845888,OK,1,0,14.3549,0.348708,0,1077,0,-0.509368,0.262249,4.535883,-0.0047231,-0.4778604,0.0257975,0.8780442
1788240996477186816,OK,1,0,15.9103,0.385667,0,1042,0,-0.524683,0.265425,4.541922,-0.0046508,-0.4835697,0.0260679,0.8749052
1788240996510527744,OK,1,0,14.2832,0.473542,0,1013,0,-0.538238,0.265982,4.544435,-0.0050885,-0.4888734,0.0268371,0.8719270
1788240996543868928,OK,1,0,13.7114,0.404333,0,1007,0,-0.550676,0.265692,4.549430,-0.0051879,-0.4941587,0.0277404,0.8689136
1788240996577209600,OK,1,0,14.2827,0.290042,0,995,0,-0.562923,0.266018,4.552227,-0.0047005,-0.4994448,0.0280460,0.8658789
1788240996610550784,OK,1,0,13.785,0.417542,0,983,0,-0.578003,0.265567,4.553948,-0.0048432,-0.5048081,0.0281353,0.8627594
1788240996643894528,OK,1,0,13.6819,0.357833,0,951,0,-0.592292,0.266040,4.554698,-0.0052129,-0.5099485,0.0282348,0.8597257
1788240996677238272,OK,1,0,14.2755,0.276541,0,1254,0,-0.609170,0.266024,4.557240,-0.0048630,-0.5147181,0.0281405,0.8568838
1788240996710582016,OK,1,0,18.9115,0.276958,0,1127,0,-0.622417,0.266324,4.559717,-0.0043640,-0.5201116,0.0280656,0.8536260
1788240996743925760,OK,1,0,14.2612,0.285041,0,1097,0,-0.635961,0.266598,4.559833,-0.0041272,-0.5253015,0.0283855,0.8504326
1788240996777269760,OK,1,0,14.1798,0.360458,0,1308,0,-0.647750,0.267388,4.559659,-0.0035763,-0.5302592,0.0287090,0.8473418
1788240996810613504,OK,1,0,14.1853,0.340292,0,1243,0,-0.662843,0.266635,4.562985,-0.0027494,-0.5354654,0.0287284,0.8440640
1788240996843956224,OK,1,0,13.7327,0.33625,0,1219,0,-0.674236,0.266661,4.560587,-0.0027149,-0.5406225,0.0289182,0.8407637
1788240996877300224,OK,1,0,15.355,0.264042,0,1396,0,-0.687924,0.267320,4.562559,-0.0027744,-0.5452034,0.0296011,0.8377764
1788240996910643968,OK,1,0,15.5395,0.346292,0,1268,0,-0.698455,0.266650,4.563945,-0.0024061,-0.5490944,0.0302563,0.8352090
1788240996943987968,OK,1,0,14.6455,0.278834,0,1256,0,-0.710689,0.267576,4.565364,-0.0015375,-0.5527861,0.0308198,0.8327517
1788240996977331968,OK,1,0,16.3924,0.506667,0,1643,0,-0.720482,0.267262,4.564794,-0.0012234,-0.5567387,0.0310039,0.8301080
1788240997010675712,OK,1,0,16.4576,0.327625,0,1464,0,-0.733418,0.266941,4.567276,-0.0011845,-0.5608569,0.0314661,0.8273138
1788240997044019712,OK,1,0,16.4695,0.349208,0,1530,0,-0.746672,0.269067,4.568443,-0.0006230,-0.5644246,0.0316851,0.8248761
1788240997077363712,OK,1,0,16.2274,0.415959,0,1465,0,-0.758790,0.267049,4.567970,-0.0002405,-0.5680226,0.0314694,0.8224111
1788240997110707712,OK,1,0,22.5274,3.09883,0,1763,0,-0.771936,0.267805,4.569449,0.0002177,-0.5719483,0.0312936,0.8196925
1788240997144051712,OK,1,0,18.9056,3.52271,0,1653,0,-0.784497,0.265818,4.568774,0.0002866,-0.5756357,0.0316648,0.8170928
1788240997177395712,OK,1,0,17.9301,2.32846,0,1588,0,-0.795670,0.263482,4.569410,0.0001421,-0.5792960,0.0321012,0.8144848
1788240997210739712,OK,1,0,16.0996,2.55846,0,1531,0,-0.809679,0.266210,4.569564,0.0005698,-0.5828593,0.0324872,0.8119233
1788240997244083712,OK,1,0,15.3235,1.36804,0,1460,0,-0.821584,0.265019,4.569856,0.0006557,-0.5866830,0.0322731,0.8091730
1788240997277427712,OK,1,0,16.3657,2.46442,0,1347,0,-0.834639,0.266159,4.570141,0.0008210,-0.5905164,0.0322656,0.8063799
1788240997310770688,OK,1,0,16.1442,0.402084,0,1528,0,-0.847960,0.266247,4.569481,0.0005171,-0.5941846,0.0324263,0.8036747
1788240997344114688,OK,1,0,15.1247,2.02017,0,1402,0,-0.861712,0.266051,4.568706,0.0002541,-0.5978701,0.0325719,0.8009309
1788240997377458944,OK,1,0,14.9813,2.40371,0,1327,0,-0.875835,0.267257,4.569635,0.0006639,-0.6016473,0.0326339,0.7980947
1788240997410802944,OK,1,0,15.3591,1.841,0,1235,0,-0.887582,0.266233,4.570188,0.0010388,-0.6054924,0.0330128,0.7951655
1788240997444147200,OK,1,0,13.8326,0.588792,0,1232,0,-0.899900,0.264604,4.571948,0.0011617,-0.6094142,0.0336923,0.7921349
1788240997477491200,OK,1,0,14.9435,1.37433,0,1231,0,-0.910782,0.265250,4.570333,0.0012928,-0.6126672,0.0346743,0.7895790
1788240997510835456,OK,1,0,13.6846,2.29579,0,1198,0,-0.922243,0.262745,4.570368,0.0013588,-0.6161442,0.0352601,0.7868426
1788240997544179456,OK,1,0,13.522,2.16242,0,1187,0,-0.934399,0.261834,4.570756,0.0016337,-0.6198034,0.0356837,0.7839437
1788240997577523712,OK,1,0,13.6737,1.96904,0,1129,0,-0.945932,0.260732,4.567901,0.0016215,-0.6231731,0.0364390,0.7812330
1788240997610867712,OK,1,0,14.0615,2.45146,0,1139,0,-0.959380,0.260095,4.567700,0.0011295,-0.6266881,0.0368710,0.7783967
1788240997644210944,OK,1,0,13.014,2.35492,0,1097,0,-0.973633,0.260847,4.567202,0.0010591,-0.6303158,0.0369088,0.7754603
1788240997677553920,OK,1,0,12.6342,1.49638,0,1076,0,-0.987763,0.260805,4.562214,0.0014336,-0.6336933,0.0366988,0.7727121
1788240997710897152,OK,1,0,12.4155,1.4765,0,1062,0,-0.999063,0.259626,4.563878,0.0015512,-0.6374462,0.0365180,0.7696275
1788240997744239360,OK,1,0,12.4054,0.291083,0,1013,0,-1.011406,0.258067,4.561940,0.0014147,-0.6408965,0.0364691,0.7667592
1788240997777582592,OK,1,0,12.032,2.55271,0,1085,0,-1.025917,0.259778,4.561093,0.0019046,-0.6438195,0.0366269,0.7642980
1788240997810925824,OK,1,0,12.2752,1.38754,0,994,0,-1.039487,0.260824,4.562615,0.0025333,-0.6464208,0.0368157,0.7620882
1788240997844269056,OK,1,0,12.0214,2.00583,0,1032,0,-1.048888,0.258948,4.559057,0.0026287,-0.6483948,0.0375723,0.7603720
1788240997877612288,OK,1,0,13.3278,1.32046,0,1017,0,-1.062081,0.257016,4.562425,0.0025110,-0.6503057,0.0381714,0.7587088
1788240997910955520,OK,1,0,11.7932,0.5095,0,982,0,-1.071662,0.255888,4.564835,0.0023915,-0.6523217,0.0385289,0.7569586
1788240997944298752,OK,1,0,12.0059,1.07525,0,989,0,-1.085927,0.255210,4.560656,0.0027250,-0.6542544,0.0382235,0.7553030
1788240997977642240,OK,1,0,11.8373,1.48433,0,936,0,-1.100318,0.255802,4.560423,0.0032545,-0.6564559,0.0377966,0.7534098
1788240998010985472,OK,1,0,11.9136,1.81933,0,985,0,-1.113344,0.255574,4.559063,0.0029984,-0.6584023,0.0375734,0.7517219
1788240998044329216,OK,1,0,11.7453,1.83667,0,922,0,-1.125808,0.255383,4.559268,0.0028886,-0.6602538,0.0371017,0.7501201
1788240998077672448,OK,1,0,11.371,1.90017,0,996,0,-1.140170,0.256451,4.555447,0.0033901,-0.6621971,0.0368046,0.7484177
1788240998111015936,OK,1,0,11.6011,1.8675,0,936,0,-1.153682,0.256285,4.557355,0.0033766,-0.6642690,0.0369633,0.7465715
1788240998144359424,OK,1,0,11.5249,2.17954,0,1013,0,-1.169620,0.257944,4.556787,0.0032628,-0.6657594,0.0376185,0.7452105
1788240998177701888,OK,1,0,11.6908,1.61004,0,963,0,-1.180358,0.257863,4.556784,0.0033136,-0.6673682,0.0378043,0.7437605
1788240998211045376,OK,1,0,12.6634,1.26567,0,1157,0,-1.193980,0.256657,4.554955,0.0039242,-0.6688939,0.0376782,0.7423921
1788240998244388864,OK,1,0,11.9333,2.56079,0,994,0,-1.206502,0.254919,4.554420,0.0039126,-0.6705627,0.0371924,0.7409098
1788240998277732352,OK,1,0,11.8316,1.45237,0,987,0,-1.222930,0.255761,4.555026,0.0036176,-0.6721480,0.0368901,0.7394884
1788240998311075840,OK,1,0,12.3957,2.145,0,1001,0,-1.234600,0.257774,4.557207,0.0038124,-0.6739188,0.0370380,0.7378666
1788240998344419584,OK,1,0,11.6998,0.281625,0,948,0,-1.248327,0.257930,4.556184,0.0038265,-0.6753207,0.0371857,0.7365763
1788240998377763072,OK,1,0,11.2042,1.27971,0,953,0,-1.263140,0.254186,4.550758,0.0036255,-0.6766372,0.0372535,0.7353647
1788240998411106816,OK,1,0,11.4061,2.11171,0,930,0,-1.275763,0.254518,4.551154,0.0038822,-0.6783020,0.0373993,0.7338206
1788240998444450560,OK,1,0,12.6161,2.01071,0,1192,0,-1.289649,0.253238,4.548494,0.0041910,-0.6797605,0.0374110,0.7324675
1788240998477794560,OK,1,0,13.2564,2.01296,0,1072,0,-1.302101,0.252992,4.549484,0.0041174,-0.6812901,0.0375739,0.7310369
1788240998511138304,OK,1,0,12.1653,2.22117,0,998,0,-1.316198,0.253085,4.547637,0.0041642,-0.6826422,0.0373961,0.7297835
1788240998544482048,OK,1,0,13.4363,1.94858,0,1024,0,-1.325922,0.250474,4.543977,0.0048828,-0.6840013,0.0370681,0.7285221
1788240998577825792,OK,1,0,11.5465,1.13908,0,985,0,-1.340089,0.248888,4.543714,0.0047379,-0.6856984,0.0370425,0.7269273
1788240998611169536,OK,1,0,13.1329,1.63879,0,1012,0,-1.351353,0.248630,4.544663,0.0043605,-0.6872963,0.0373717,0.7254021
1788240998644509696,OK,1,0,14.1792,2.74008,0,1253,0,-1.362959,0.249731,4.540486,0.0049107,-0.6885012,0.0377217,0.7242368
1788240998677851136,OK,1,0,14.291,0.292083,0,1205,0,-1.376629,0.248643,4.537445,0.0052404,-0.6897724,0.0377080,0.7230247
1788240998711192576,OK,1,0,13.2326,0.365083,0,1190,0,-1.389581,0.248075,4.537377,0.0052358,-0.6912879,0.0375877,0.7215821
1788240998744534016,OK,1,0,13.5198,2.04392,0,1205,0,-1.403531,0.248115,4.536727,0.0051679,-0.6930483,0.0373450,0.7199047
1788240998777875200,OK,1,0,14.5272,1.39083,0,1300,0,-1.414310,0.250304,4.532874,0.0059553,-0.6943594,0.0377406,0.7186134
1788240998811216640,OK,1,0,13.7596,0.367833,0,1328,0,-1.425950,0.249542,4.531972,0.0058823,-0.6957995,0.0381197,0.7171996
1788240998844558080,OK,1,0,13.777,1.13538,0,1247,0,-1.439308,0.249420,4.529471,0.0058325,-0.6972988,0.0381877,0.7157390
1788240998877899520,OK,1,0,14.6433,2.08117,0,1153,0,-1.451521,0.248665,4.524979,0.0065361,-0.6984154,0.0377404,0.7146670
1788240998911240704,OK,1,0,13.7426,1.233,0,1147,0,-1.466136,0.247367,4.523209,0.0064664,-0.6991290,0.0373796,0.7139885
1788240998944582144,OK,1,0,13.3319,2.00742,0,1123,0,-1.477558,0.246257,4.521797,0.0059215,-0.6994078,0.0372457,0.7137271
1788240998977923328,OK,1,0,13.0251,1.75621,0,1060,0,-1.493219,0.248658,4.521757,0.0060941,-0.7000796,0.0374027,0.7130586
1788240999011264768,OK,1,0,13.3957,2.13617,0,1282,0,-1.504772,0.248378,4.523361,0.0059212,-0.7008164,0.0377174,0.7123193
1788240999044606208,OK,1,0,12.6877,1.2005,0,1135,0,-1.516528,0.248557,4.522848,0.0059176,-0.7012018,0.0379245,0.7119289
1788240999077946624,OK,1,0,12.8211,2.01217,0,1107,0,-1.530142,0.247608,4.521034,0.0060514,-0.7017258,0.0378544,0.7114150
1788240999111287808,OK,1,0,11.9787,1.08092,0,1081,0,-1.541355,0.247586,4.520187,0.0061604,-0.7022008,0.0381567,0.7109290
1788240999144629248,OK,1,0,13.1385,1.72258,0,1127,0,-1.555609,0.244971,4.522079,0.0057710,-0.7029292,0.0379738,0.7102220
1788240999177970432,OK,1,0,13.4423,2.35758,0,1117,0,-1.568039,0.245156,4.519192,0.0059254,-0.7033194,0.0379453,0.7098358
1788240999211311872,OK,1,0,14.0257,1.87288,0,1081,0,-1.581719,0.243679,4.520035,0.0059922,-0.7039719,0.0380309,0.7091836
1788240999244653056,OK,1,0,13.4874,1.36996,0,1060,0,-1.594411,0.242323,4.519110,0.0056753,-0.7044994,0.0379699,0.7086655
1788240999277994752,OK,1,0,15.3188,2.10008,0,1339,0,-1.607318,0.244322,4.518345,0.0058147,-0.7050994,0.0381438,0.7080580
1788240999311335936,OK,1,0,14.362,2.43129,0,1150,0,-1.619402,0.242995,4.516380,0.0058440,-0.7054901,0.0384836,0.7076501
1788240999344677120,OK,1,0,13.16,2.01521,0,1113,0,-1.630868,0.241940,4.515757,0.0056536,-0.7058303,0.0384003,0.7073168
1788240999378018560,OK,1,0,13.0249,1.99271,0,1067,0,-1.645532,0.240784,4.514653,0.0057507,-0.7064015,0.0380024,0.7067671
1788240999411359744,OK,1,0,13.1384,2.09375,0,1128,0,-1.657257,0.240114,4.515249,0.0057637,-0.7072310,0.0377905,0.7059483
1788240999444701184,OK,1,0,13.4862,0.27975,0,1121,0,-1.673197,0.240350,4.512791,0.0051741,-0.7077775,0.0373939,0.7054262
1788240999478042368,OK,1,0,12.4054,1.181,0,1061,0,-1.685116,0.240043,4.511429,0.0050453,-0.7081589,0.0369882,0.7050656
1788240999511382784,OK,1,0,12.2333,2.01463,0,1041,0,-1.699286,0.240034,4.510192,0.0051391,-0.7086803,0.0371590,0.7045318
1788240999544724224,OK,1,0,13.2146,2.17429,0,1116,0,-1.712785,0.243226,4.511435,0.0049996,-0.7091774,0.0372785,0.7040261
1788240999578065664,OK,1,0,12.8172,1.28583,0,1061,0,-1.724805,0.243719,4.508336,0.0051594,-0.7095906,0.0370629,0.7036199
1788240999611407104,OK,1,0,13.4093,0.278667,0,1051,0,-1.737633,0.243049,4.508092,0.0048103,-0.7104265,0.0370758,0.7027777
1788240999644748288,OK,1,0,13.5789,1.27871,0,1064,0,-1.753293,0.242934,4.507993,0.0046310,-0.7110150,0.0370516,0.7021847
1788240999678089472,OK,1,0,13.3633,2.2995,0,1061,0,-1.766178,0.242479,4.510075,0.0046883,-0.7118037,0.0370848,0.7013831
1788240999711430656,OK,1,0,13.7911,2.77896,0,1074,0,-1.778991,0.241135,4.507516,0.0044583,-0.7121474,0.0371972,0.7010297
1788240999744772096,OK,1,0,14.4161,2.46642,0,1059,0,-1.790857,0.240967,4.508753,0.0044336,-0.7126710,0.0372386,0.7004954
1788240999778113280,OK,1,0,14.1502,2.41142,0,1048,0,-1.805576,0.241608,4.508347,0.0042943,-0.7132686,0.0371658,0.6998915
1788240999811454464,OK,1,0,13.8309,1.521,0,1020,0,-1.818844,0.241241,4.509327,0.0039000,-0.7136655,0.0372966,0.6994821
1788240999844795904,OK,1,0,13.5173,1.59046,0,1037,0,-1.831692,0.240378,4.508550,0.0036726,-0.7137880,0.0371245,0.6993676
1788240999878137088,OK,1,0,13.7663,1.83733,0,1059,0,-1.845783,0.241851,4.508598,0.0033211,-0.7142789,0.0369273,0.6988783
1788240999911478528,OK,1,0,13.5625,2.4875,0,1024,0,-1.857902,0.240431,4.505948,0.0030195,-0.7144483,0.0365972,0.6987240
1788240999944819456,OK,1,0,12.8055,1.23946,0,1030,0,-1.872994,0.241280,4.506528,0.0027158,-0.7147661,0.0364099,0.6984100
1788240999978159872,OK,1,0,13.7201,1.28975,0,1008,0,-1.886984,0.242086,4.507669,0.0024780,-0.7150902,0.0360167,0.6980993
1788241000011501312,OK,1,0,14.9193,1.9205,0,1021,0,-1.899822,0.240478,4.505054,0.0023559,-0.7152858,0.0358279,0.6979090
1788241000044842496,OK,1,0,14.0909,1.68929,0,1010,0,-1.912941,0.240766,4.503275,0.0024534,-0.7156308,0.0355439,0.6975695
1788241000078183936,OK,1,0,13.906,1.71004,0,979,0,-1.925219,0.241322,4.503191,0.0027652,-0.7161173,0.0356265,0.6970648
1788241000111525120,OK,1,0,13.8565,1.64292,0,979,0,-1.936165,0.241156,4.500755,0.0034983,-0.7162631,0.0361134,0.6968864
1788241000144866304,OK,1,0,13.6606,1.73321,0,968,0,-1.947517,0.240977,4.500311,0.0042221,-0.7164866,0.0366508,0.6966246
1788241000178207488,OK,1,0,13.3842,0.285417,0,953,0,-1.959162,0.239704,4.499909,0.0045018,-0.7168651,0.0372367,0.6962023
1788241000211548928,OK,1,0,14.2686,1.53421,0,991,0,-1.970503,0.240854,4.501293,0.0046810,-0.7171898,0.0377467,0.6958391
1788241000244890112,OK,1,0,13.5335,1.5775,0,978,0,-1.982882,0.239900,4.501252,0.0047760,-0.7175474,0.0376761,0.6954735
1788241000278231552,OK,1,0,16.7382,2.15742,0,976,0,-1.996270,0.239330,4.501912,0.0049888,-0.7181596,0.0375358,0.6948474
1788241000311572480,OK,1,0,13.2358,2.14379,0,980,0,-2.008880,0.238903,4.498604,0.0050203,-0.7184084,0.0373188,0.6946017
1788241000344913920,OK,1,0,12.9331,1.41071,0,933,0,-2.021522,0.238767,4.497220,0.0052023,-0.7185131,0.0370295,0.6945075
1788241000378255104,OK,1,0,14.752,2.07904,0,980,0,-2.034388,0.237669,4.497527,0.0051596,-0.7189485,0.0367325,0.6940728
1788241000411595520,OK,1,0,12.6673,2.27417,0,982,0,-2.048093,0.237902,4.495843,0.0047284,-0.7192498,0.0365274,0.6937745
1788241000444936704,OK,1,0,15.0801,0.519459,0,1209,0,-2.061698,0.238364,4.494043,0.0049702,-0.7196001,0.0361260,0.6934305
1788241000478277888,OK,1,0,14.3188,1.87421,0,1246,0,-2.074549,0.238638,4.491305,0.0050747,-0.7199913,0.0359808,0.6930311
1788241000511619072,OK,1,0,14.119,1.07829,0,1197,0,-2.087578,0.238832,4.491053,0.0050376,-0.7202556,0.0359907,0.6927562
1788241000544960512,OK,1,0,14.7678,1.81638,0,1272,0,-2.098979,0.238576,4.489839,0.0051340,-0.7203596,0.0362093,0.6926360
1788241000578301696,OK,1,0,15.3112,0.349416,0,1214,0,-2.112278,0.239133,4.491566,0.0050403,-0.7209048,0.0365111,0.6920533
1788241000611642880,OK,1,0,13.5475,2.04854,0,1204,0,-2.125007,0.238905,4.489860,0.0052081,-0.7211504,0.0366001,0.6917915
1788241000644984064,OK,1,0,15.3897,1.75129,0,1163,0,-2.137312,0.237961,4.486644,0.0053163,-0.7213554,0.0364247,0.6915863
1788241000678325248,OK,1,0,14.227,2.13629,0,1138,0,-2.149496,0.237301,4.487452,0.0051182,-0.7219334,0.0360378,0.6910046
1788241000711666176,OK,1,0,15.3942,2.19133,0,1189,0,-2.164415,0.235784,4.486359,0.0048941,-0.7221221,0.0357607,0.6908234
1788241000745007616,OK,1,0,14.494,1.46033,0,1134,0,-2.177041,0.236227,4.484900,0.0048108,-0.7222512,0.0358361,0.6906852
1788241000778348544,OK,1,0,15.8162,2.31958,0,1275,0,-2.189077,0.235514,4.482254,0.0046617,-0.7224804,0.0357884,0.6904489
1788241000811689728,OK,1,0,16.5534,2.41838,0,1281,0,-2.202485,0.235521,4.484179,0.0045918,-0.7229955,0.0360738,0.6898950
1788241000845029888,OK,1,0,15.9897,2.03442,0,1259,0,-2.215429,0.238203,4.484001,0.0049471,-0.7234486,0.0365749,0.6893909
1788241000878371072,OK,1,0,15.015,1.35492,0,1207,0,-2.227095,0.237258,4.484313,0.0049416,-0.7238276,0.0368381,0.6889791
1788241000911712256,OK,1,0,14.8489,2.87917,0,1212,0,-2.237414,0.236414,4.482113,0.0050819,-0.7237378,0.0371629,0.6890550
1788241000945053184,OK,1,0,14.1732,1.11417,0,1189,0,-2.248438,0.236178,4.480989,0.0051197,-0.7239751,0.0374067,0.6887922
1788241000978394368,OK,1,0,14.6763,0.273584,0,1210,0,-2.262168,0.233872,4.479263,0.0051850,-0.7243093,0.0374228,0.6884394
1788241001011735296,OK,1,0,17.6057,2.32433,0,1202,0,-2.275350,0.235297,4.478144,0.0052096,-0.7247019,0.0372574,0.6880348
1788241001045076736,OK,1,0,15.6312,1.57446,0,1257,0,-2.288785,0.237183,4.478355,0.0050380,-0.7252547,0.0368835,0.6874736
1788241001078417664,OK,1,0,17.485,2.09279,0,1241,0,-2.302833,0.236808,4.476344,0.0048445,-0.7255116,0.0366893,0.6872143
1788241001111758848,OK,1,0,15.1195,2.23362,0,1186,0,-2.315774,0.236685,4.475946,0.0044467,-0.7255879,0.0365129,0.6871457
1788241001145099776,OK,1,0,15.4605,1.95846,0,1134,0,-2.329044,0.235373,4.473587,0.0043140,-0.7258029,0.0364044,0.6869252
1788241001178440960,OK,1,0,14.2809,2.46413,0,1104,0,-2.342650,0.235156,4.472218,0.0044619,-0.7262706,0.0366853,0.6864149
1788241001211781888,OK,1,0,14.5757,1.6845,0,960,0,-2.354634,0.234685,4.471671,0.0042657,-0.7266841,0.0364811,0.6859892
1788241001245123072,OK,1,0,13.913,2.58675,0,921,0,-2.369576,0.233872,4.471183,0.0042124,-0.7271048,0.0361700,0.6855601
1788241001278464000,OK,1,0,13.4777,0.281834,0,1161,0,-2.381622,0.233049,4.469082,0.0041282,-0.7273872,0.0359349,0.6852733
1788241001311804160,OK,1,0,14.0689,1.4605,0,1072,0,-2.396790,0.233422,4.466596,0.0042009,-0.7276919,0.0353233,0.6849810
1788241001345145600,OK,1,0,15.024,2.28538,0,919,0,-2.408680,0.233358,4.465671,0.0044222,-0.7281725,0.0351664,0.6844769
1788241001378486528,OK,1,0,13.7448,2.056,0,902,0,-2.423388,0.233277,4.465376,0.0040899,-0.7288212,0.0350322,0.6837951
1788241001411827712,OK,1,0,14.3276,2.59437,0,1090,0,-2.436567,0.233594,4.464052,0.0034692,-0.7290038,0.0349929,0.6836058
1788241001445168640,OK,1,0,14.1835,0.2635,0,828,0,-2.450224,0.234844,4.464130,0.0033654,-0.7294040,0.0355127,0.6831526
1788241001478509824,OK,1,0,12.8929,2.08967,0,1011,0,-2.458957,0.232894,4.465582,0.0028858,-0.7297041,0.0357829,0.6828200
1788241001511850752,OK,1,0,12.3349,0.258375,0,904,0,-2.471872,0.232374,4.464201,0.0029342,-0.7298402,0.0357683,0.6826752
1788241001545191936,OK,1,0,13.7727,1.71304,0,883,0,-2.483858,0.231248,4.462663,0.0032179,-0.7301685,0.0359923,0.6823109
1788241001578532864,OK,1,0,13.0419,1.53717,0,859,0,-2.496922,0.230995,4.460935,0.0027392,-0.7304913,0.0358453,0.6819752
1788241001611874048,OK,1,0,14.289,2.14513,0,1156,0,-2.509439,0.232291,4.458971,0.0028501,-0.7307450,0.0354695,0.6817226
1788241001645214976,OK,1,0,13.5577,1.16421,0,923,0,-2.525034,0.232213,4.455773,0.0027232,-0.7310950,0.0352599,0.6813585
1788241001678556416,OK,1,0,12.7885,1.78029,0,814,0,-2.539283,0.230267,4.456971,0.0022504,-0.7315398,0.0348098,0.6809058
1788241001711897344,OK,1,0,12.7256,1.41475,0,1003,0,-2.552728,0.229402,4.455811,0.0025630,-0.7318158,0.0343973,0.6806291
1788241001745237504,OK,1,0,13.7062,0.257583,0,939,0,-2.564364,0.228155,4.454052,0.0022965,-0.7322665,0.0344101,0.6801444
1788241001778578944,OK,1,0,14.0552,1.5385,0,924,0,-2.577169,0.227757,4.454319,0.0021149,-0.7326381,0.0343638,0.6797471
1788241001811919872,OK,1,0,14.1807,1.92492,0,1229,0,-2.589040,0.227876,4.451060,0.0024441,-0.7327302,0.0344895,0.6796403
1788241001845261056,OK,1,0,13.794,1.31775,0,985,0,-2.600876,0.227638,4.450760,0.0024134,-0.7331750,0.0347047,0.6791496
1788241001878602240,OK,1,0,12.6436,2.22575,0,832,0,-2.614918,0.226838,4.448883,0.0023552,-0.7333407,0.0344483,0.6789840
1788241001911943424,OK,1,0,12.4075,2.60146,0,803,0,-2.627477,0.225798,4.447704,0.0023021,-0.7337032,0.0341155,0.6786092
1788241001945284608,OK,1,0,13.718,2.72779,0,811,0,-2.643551,0.225497,4.446025,0.0021481,-0.7341666,0.0336831,0.6781301
1788241001978625792,OK,1,0,13.4509,1.03038,0,785,0,-2.656103,0.226811,4.444636,0.0020667,-0.7344633,0.0336900,0.6778086
1788241002011966720,OK,1,0,14.4292,2.75733,0,777,0,-2.667364,0.226604,4.442895,0.0018221,-0.7346507,0.0336520,0.6776080
1788241002045307904,OK,1,0,13.2363,0.515459,0,759,0,-2.682064,0.226264,4.440723,0.0016793,-0.7349190,0.0337314,0.6773134
1788241002078649088,OK,1,0,11.8866,1.76504,0,732,0,-2.695220,0.227233,4.439559,0.0019375,-0.7351179,0.0340132,0.6770827
1788241002111990272,OK,1,0,13.7723,2.14933,0,713,0,-2.706531,0.226931,4.439487,0.0019765,-0.7355726,0.0341684,0.6765808
1788241002145331200,OK,1,0,11.824,1.78892,0,691,0,-2.718167,0.227484,4.439154,0.0021088,-0.7360504,0.0347273,0.6760321
1788241002178672640,OK,1,0,14.0035,1.527,0,663,0,-2.729893,0.228067,4.438757,0.0024835,-0.7362989,0.0354252,0.6757240
1788241002212012800,OK,1,0,12.1725,1.7495,0,684,0,-2.742428,0.226728,4.438660,0.0028559,-0.7367555,0.0357721,0.6752062
1788241002245353728,OK,1,0,13.1209,0.293459,0,705,0,-2.751984,0.226094,4.436977,0.0031688,-0.7367935,0.0362449,0.6751383
1788241002278694912,OK,1,0,12.6534,0.55975,0,676,0,-2.764786,0.226294,4.433936,0.0032140,-0.7370425,0.0364112,0.6748573
1788241002312035840,OK,1,0,13.0745,1.62354,0,657,0,-2.778810,0.226196,4.431216,0.0033658,-0.7373669,0.0362930,0.6745083
1788241002345377280,OK,1,0,12.9982,1.37867,0,658,0,-2.789365,0.225172,4.427448,0.0034122,-0.7375878,0.0363394,0.6742641
1788241002378718208,OK,1,0,11.8759,1.29958,0,638,0,-2.805198,0.224945,4.428875,0.0030463,-0.7380713,0.0360598,0.6737517
1788241002412059392,OK,1,0,14.1835,1.47142,0,638,0,-2.816344,0.225806,4.429959,0.0030338,-0.7385989,0.0361172,0.6731701
1788241002445400320,OK,1,0,14.0938,1.30492,0,623,0,-2.828952,0.225676,4.428995,0.0029437,-0.7389200,0.0365225,0.6727963
1788241002478741504,OK,1,0,11.9587,1.65171,0,621,0,-2.843134,0.225443,4.426108,0.0028860,-0.7391711,0.0367340,0.6725091
1788241002512082688,OK,1,0,11.2308,1.39225,0,609,0,-2.855056,0.225383,4.424207,0.0028740,-0.7400384,0.0368942,0.6715458
1788241002545423872,OK,1,0,14.2007,0.336625,0,603,0,-2.868498,0.224955,4.422739,0.0025164,-0.7413850,0.0370214,0.6700533
1788241002578764800,OK,1,0,12.701,0.297709,0,614,0,-2.881617,0.225105,4.419978,0.0026934,-0.7427444,0.0369230,0.6685508
1788241002612105984,OK,1,0,11.7952,0.370542,0,596,0,-2.896348,0.223831,4.416851,0.0031109,-0.7445055,0.0368922,0.6665890
1788241002645446144,OK,1,0,13.2411,0.256667,0,600,0,-2.909554,0.222334,4.417402,0.0030672,-0.7464401,0.0372455,0.6644024
1788241002678787328,OK,1,0,11.5086,2.05742,0,1029,0,-2.922019,0.221972,4.415454,0.0031218,-0.7483152,0.0380635,0.6622431
1788241002712128512,OK,1,0,13.8535,0.271583,0,825,0,-2.933262,0.221617,4.412864,0.0029091,-0.7498680,0.0388702,0.6604382
1788241002745469440,OK,1,0,13.3058,0.270291,0,837,0,-2.944825,0.220273,4.410380,0.0025088,-0.7511838,0.0394161,0.6589105
1788241002778810880,OK,1,0,28.7109,1.553,0,1009,0,-2.950301,0.239656,4.396254,0.0058751,-0.7518343,0.0418490,0.6579964
1788241002812151808,OK,1,0,13.4793,1.8165,0,1011,0,-2.962551,0.238041,4.391452,0.0062925,-0.7534733,0.0414935,0.6561376
1788241002845492992,OK,1,0,14.0655,2.37562,0,1005,0,-2.975936,0.237295,4.387375,0.0063429,-0.7552295,0.0414984,0.6541147
1788241002878834176,OK,1,0,13.1305,1.3555,0,1018,0,-2.985579,0.237736,4.384606,0.0061639,-0.7566904,0.0416033,0.6524191
1788241002912175360,OK,1,0,14.2565,2.49892,0,1140,0,-2.999364,0.239126,4.377650,0.0064711,-0.7582064,0.0420762,0.6506234
1788241002945516288,OK,1,0,13.4027,0.269084,0,1023,0,-3.010173,0.236890,4.372723,0.0069327,-0.7599322,0.0425036,0.6485742
1788241002978857472,OK,1,0,13.3461,1.99579,0,985,0,-3.021902,0.236060,4.369583,0.0067248,-0.7616819,0.0430798,0.6464823
1788241003012198400,OK,1,0,12.6487,0.373917,0,962,0,-3.033606,0.235186,4.364444,0.0064859,-0.7633551,0.0434154,0.6444859
1788241003045539840,OK,1,0,13.8088,0.363083,0,956,0,-3.044304,0.235837,4.358599,0.0069604,-0.7650821,0.0433879,0.6424318
1788241003078880000,OK,1,0,13.1296,0.270125,0,922,0,-3.057402,0.236608,4.349830,0.0077195,-0.7670718,0.0433601,0.6400478
1788241003112220928,OK,1,0,13.0809,1.24362,0,932,0,-3.067507,0.237601,4.342271,0.0075388,-0.7691264,0.0432038,0.6375902
1788241003145562112,OK,1,0,13.6267,0.428416,0,923,0,-3.079460,0.237618,4.336716,0.0074217,-0.7711622,0.0433184,0.6351199
1788241003178903040,OK,1,0,12.5307,1.16417,0,922,0,-3.089391,0.238065,4.330885,0.0074693,-0.7729864,0.0435857,0.6328796
1788241003212244224,OK,1,0,14.2116,0.318125,0,931,0,-3.102953,0.237939,4.324249,0.0075909,-0.7749361,0.0438320,0.6304722
1788241003245585408,OK,1,0,12.8768,1.58025,0,896,0,-3.118259,0.239174,4.317830,0.0074395,-0.7774603,0.0443350,0.6273233
1788241003278926592,OK,1,0,14.0953,2.40567,0,884,0,-3.130878,0.237895,4.313089,0.0075962,-0.7799395,0.0443267,0.6242371
1788241003312267520,OK,1,0,13.1746,2.2215,0,865,0,-3.144119,0.237532,4.307158,0.0075177,-0.7825488,0.0445588,0.6209472
1788241003345608704,OK,1,0,12.4368,1.3275,0,882,0,-3.152036,0.235787,4.300485,0.0078566,-0.7847633,0.0442460,0.6181644
1788241003378949632,OK,1,0,13.1275,0.289083,0,893,0,-3.165483,0.236072,4.292404,0.0080329,-0.7871798,0.0442532,0.6150813
1788241003412290816,OK,1,0,13.4661,0.349834,0,887,0,-3.179831,0.235876,4.286150,0.0077143,-0.7898474,0.0444276,0.6116436
1788241003445631744,OK,1,0,15.2087,1.92083,0,875,0,-3.192984,0.236001,4.279528,0.0074593,-0.7922705,0.0448760,0.6084719
1788241003478972928,OK,1,0,12.8825,1.32654,0,865,0,-3.206101,0.235711,4.273070,0.0076765,-0.7948747,0.0449755,0.6050559
1788241003512313856,OK,1,0,12.6226,1.29104,0,889,0,-3.216795,0.235129,4.265141,0.0078114,-0.7974365,0.0448804,0.6016809
1788241003545654016,OK,1,0,13.79,0.307916,0,899,0,-3.227271,0.234841,4.256702,0.0078197,-0.7999681,0.0448439,0.5983134
1788241003578995200,OK,1,0,14.4384,0.290083,0,913,0,-3.241232,0.233833,4.248775,0.0079489,-0.8024393,0.0448499,0.5949928
1788241003612336128,OK,1,0,12.95,1.58125,0,922,0,-3.251827,0.234191,4.240050,0.0085546,-0.8050644,0.0447457,0.5914356
1788241003645694720,OK,1,0,13.4441,1.20138,0,893,0,-3.267051,0.234957,4.230595,0.0085754,-0.8081583,0.0449259,0.5871868
1788241003679053568,OK,1,0,15.2173,2.06487,0,1706,0,-3.276926,0.236075,4.223767,0.0085538,-0.8111030,0.0450588,0.5831025
1788241003712412416,OK,1,0,16.2723,1.07008,0,1395,0,-3.286761,0.235886,4.215150,0.0084661,-0.8133873,0.0455778,0.5798726
1788241003745771264,OK,1,0,24.4567,1.89671,0,1433,0,-3.298768,0.245069,4.200189,0.0093813,-0.8149733,0.0470395,0.5775100
1788241003779130112,OK,1,0,16.7805,1.57067,0,1389,0,-3.312347,0.240326,4.194153,0.0085981,-0.8178343,0.0467807,0.5734847
1788241003812489216,OK,1,0,15.9982,0.275416,0,1382,0,-3.323030,0.236637,4.188149,0.0080996,-0.8206653,0.0463033,0.5694726
1788241003845848320,OK,1,0,16.1147,1.27796,0,1399,0,-3.335621,0.236872,4.179700,0.0079837,-0.8232313,0.0465430,0.5657387
1788241003879207680,OK,1,0,15.556,2.46833,0,1279,0,-3.344643,0.233643,4.173868,0.0078872,-0.8258786,0.0464104,0.5618793
1788241003912567040,OK,1,0,15.2382,1.42358,0,1234,0,-3.356930,0.234298,4.164390,0.0082944,-0.8284959,0.0467713,0.5579769
1788241003945926656,OK,1,0,15.8381,1.27487,0,1193,0,-3.367804,0.232365,4.156669,0.0080344,-0.8313066,0.0469566,0.5537688
1788241003979285504,OK,1,0,15.3172,0.572459,0,1160,0,-3.377242,0.231249,4.149468,0.0079767,-0.8336310,0.0476088,0.5502084
1788241004012645376,OK,1,0,15.8654,2.58529,0,1168,0,-3.387875,0.230235,4.141775,0.0079461,-0.8360664,0.0481460,0.5464538
1788241004046005248,OK,1,0,16.04,2.45667,0,1155,0,-3.399081,0.228668,4.132998,0.0079880,-0.8385878,0.0481817,0.5425727
1788241004079364864,OK,1,0,15.2704,2.12683,0,1151,0,-3.408141,0.229136,4.121804,0.0080669,-0.8409921,0.0481126,0.5388437
1788241004112724992,OK,1,0,15.322,1.369,0,1118,0,-3.418521,0.230180,4.111504,0.0083443,-0.8434347,0.0481110,0.5350081
1788241004146085120,OK,1,0,17.1429,1.37046,0,1129,0,-3.428667,0.230524,4.101275,0.0083834,-0.8457970,0.0480209,0.5312732
1788241004179445504,OK,1,0,15.6927,1.25271,0,1124,0,-3.437163,0.229146,4.092583,0.0085095,-0.8481504,0.0477926,0.5275267
1788241004212805888,OK,1,0,17.5087,0.541709,0,1160,0,-3.447657,0.229315,4.081747,0.0086851,-0.8507653,0.0476893,0.5233055
1788241004246166528,OK,1,0,16.6189,2.19904,0,1174,0,-3.457126,0.230633,4.070626,0.0089729,-0.8531083,0.0480618,0.5194378
1788241004279527168,OK,1,0,16.2188,1.81654,0,1141,0,-3.465472,0.230366,4.062976,0.0087041,-0.8555275,0.0485741,0.5154003
1788241004312888064,OK,1,0,16.5696,1.73429,0,1142,0,-3.474504,0.230449,4.053472,0.0091229,-0.8576817,0.0489567,0.5117639
1788241004346248704,OK,1,0,18.3306,0.316875,0,1134,0,-3.482800,0.229203,4.044419,0.0091038,-0.8599960,0.0491341,0.5078484
1788241004379609856,OK,1,0,18.1887,0.253542,0,1113,0,-3.489659,0.228609,4.034544,0.0089817,-0.8622062,0.0493975,0.5040632
1788241004412969728,OK,1,0,18.4953,2.19013,0,1120,0,-3.498262,0.226353,4.025513,0.0085506,-0.8645010,0.0493845,0.5001261
1788241004446331136,OK,1,0,18.1086,2.00275,0,1111,0,-3.508860,0.225471,4.012983,0.0083690,-0.8666348,0.0492567,0.4964352
1788241004479692288,OK,1,0,16.2032,1.237,0,1091,0,-3.517577,0.225274,4.003344,0.0087465,-0.8689791,0.0489572,0.4923434
1788241004513053696,OK,1,0,16.6517,2.13283,0,1068,0,-3.526822,0.224745,3.993298,0.0089079,-0.8714411,0.0485387,0.4880113
1788241004546415360,OK,1,0,18.3341,1.61229,0,1074,0,-3.536103,0.224486,3.979611,0.0086208,-0.8737490,0.0481826,0.4839078
1788241004579776768,OK,1,0,16.3309,0.335333,0,1068,0,-3.546175,0.226399,3.969500,0.0088972,-0.8759515,0.0481487,0.4799079
1788241004613138432,OK,1,0,16.6262,1.67558,0,1069,0,-3.551514,0.224049,3.958977,0.0089528,-0.8780029,0.0481748,0.4761406
1788241004646478336,OK,1,0,16.4765,1.18021,0,1090,0,-3.560834,0.222978,3.949535,0.0091803,-0.8803278,0.0485390,0.4717868
1788241004679818240,OK,1,0,16.696,1.17942,0,1913,0,-3.570157,0.222154,3.939609,0.0089950,-0.8825805,0.0493722,0.4674754
1788241004713158144,OK,1,0,19.2735,0.278084,0,1560,0,-3.577856,0.222187,3.932588,0.0087350,-0.8846826,0.0501711,0.4634041
1788241004746498048,OK,1,0,22.286,1.08779,0,1600,0,-3.585460,0.222422,3.922678,0.0093167,-0.8866066,0.0509046,0.4596201
1788241004779837952,OK,1,0,19.0809,1.89258,0,1544,0,-3.591873,0.221496,3.911104,0.0098732,-0.8886143,0.0509694,0.4557076
1788241004813177856,OK,1,0,19.0811,1.4315,0,1551,0,-3.598118,0.220667,3.898930,0.0102396,-0.8909563,0.0507249,0.4511308
1788241004846516480,OK,1,0,17.9053,2.37933,0,1451,0,-3.603212,0.219780,3.886164,0.0100832,-0.8932810,0.0503599,0.4465550
1788241004879856384,OK,1,0,18.042,1.98937,0,1373,0,-3.609124,0.217883,3.873795,0.0101349,-0.8955666,0.0500843,0.4419833
1788241004913196288,OK,1,0,18.4409,2.48588,0,1294,0,-3.615527,0.218261,3.861948,0.0104834,-0.8979294,0.0502532,0.4371355
1788241004946536192,OK,1,0,16.3163,0.26625,0,1296,0,-3.622113,0.217498,3.852153,0.0103509,-0.9001714,0.0506924,0.4324519
1788241004979876096,OK,1,0,16.9818,2.10704,0,1256,0,-3.628493,0.216586,3.841181,0.0101887,-0.9023278,0.0512179,0.4278755
1788241005013215744,OK,1,0,18.6142,1.35163,0,1230,0,-3.633703,0.215533,3.830317,0.0104474,-0.9045763,0.0515879,0.4230499
1788241005046555392,OK,1,0,17.036,2.61579,0,1178,0,-3.640095,0.214675,3.818279,0.0106363,-0.9068649,0.0514639,0.4181321
1788241005079895296,OK,1,0,16.6988,2.32788,0,1194,0,-3.646617,0.213932,3.805737,0.0107412,-0.9090553,0.0512016,0.4133781
1788241005113235200,OK,1,0,18.0993,1.99883,0,1144,0,-3.650559,0.212905,3.791726,0.0108868,-0.9111865,0.0505176,0.4087405
1788241005146574592,OK,1,0,16.19,1.77004,0,1103,0,-3.658219,0.211789,3.776757,0.0114544,-0.9133422,0.0503865,0.4039009
1788241005179914496,OK,1,0,18.0581,1.28379,0,1097,0,-3.661309,0.211679,3.766700,0.0114805,-0.9155738,0.0503301,0.3988230
1788241005213254144,OK,1,0,16.0944,2.1695,0,1080,0,-3.668176,0.210811,3.754559,0.0109810,-0.9176976,0.0506234,0.3938880
1788241005246593792,OK,1,0,16.5487,1.00383,0,1004,0,-3.673108,0.210176,3.742297,0.0109612,-0.9196242,0.0512295,0.3892902
1788241005279933696,OK,1,0,16.77,0.307667,0,992,0,-3.677910,0.208604,3.730126,0.0116649,-0.9215878,0.0516184,0.3845459
1788241005313272320,OK,1,0,15.3364,2.55321,0,933,0,-3.682737,0.208742,3.717187,0.0115322,-0.9237678,0.0516343,0.3792810
1788241005346611712,OK,1,0,15.5814,2.07054,0,926,0,-3.689794,0.209310,3.704761,0.0113026,-0.9259492,0.0515184,0.3739468
1788241005379951360,OK,1,0,14.5584,1.36508,0,916,0,-3.695285,0.208518,3.688992,0.0118075,-0.9279492,0.0513895,0.3689580
1788241005413291008,OK,1,0,14.6449,2.33575,0,880,0,-3.695724,0.206566,3.677358,0.0126256,-0.9300327,0.0510183,0.3636989
1788241005446630656,OK,1,0,14.7408,2.33921,0,910,0,-3.702334,0.206437,3.664957,0.0128530,-0.9322724,0.0506159,0.3579680
1788241005479970304,OK,1,0,17.3376,1.32758,0,895,0,-3.706376,0.206459,3.652430,0.0127823,-0.9342818,0.0506985,0.3526810
1788241005513309696,OK,1,0,14.3455,0.375208,0,859,0,-3.711487,0.204004,3.638088,0.0126649,-0.9362683,0.0508239,0.3473589
1788241005546649088,OK,1,0,14.4117,0.279625,0,844,0,-3.711847,0.203892,3.625646,0.0128841,-0.9382746,0.0508112,0.3418963
1788241005579988736,OK,1,0,14.6046,2.08988,0,848,0,-3.715827,0.203612,3.612394,0.0122989,-0.9402629,0.0510048,0.3363820
1788241005613328384,OK,1,0,14.376,0.297375,0,855,0,-3.716994,0.202189,3.601977,0.0119087,-0.9421245,0.0512760,0.3311049
1788241005646668288,OK,1,0,15.2275,1.34288,0,842,0,-3.719973,0.201315,3.589589,0.0117468,-0.9439511,0.0515073,0.3258305
1788241005680007936,OK,1,0,14.4662,1.22425,0,1466,0,-3.721812,0.199281,3.577440,0.0112919,-0.9457807,0.0515059,0.3204973
1788241005713347840,OK,1,0,17.3795,0.98025,0,1236,0,-3.726366,0.200403,3.565441,0.0112161,-0.9477504,0.0513938,0.3146461
1788241005746686976,OK,1,0,16.7006,1.62496,0,1266,0,-3.734286,0.201197,3.552176,0.0115648,-0.9496369,0.0513589,0.3088985
1788241005780026880,OK,1,0,14.9927,1.14129,0,1225,0,-3.733891,0.199908,3.538941,0.0118186,-0.9512495,0.0512956,0.3038971
1788241005813366784,OK,1,0,16.8422,1.40296,0,1277,0,-3.736328,0.198730,3.525564,0.0121316,-0.9529330,0.0512749,0.2985674
1788241005846706432,OK,1,0,15.7402,2.16608,0,1198,0,-3.740520,0.199461,3.513963,0.0117119,-0.9547006,0.0513310,0.2928731
1788241005880046080,OK,1,0,15.2917,2.37979,0,1138,0,-3.741241,0.199831,3.499829,0.0115645,-0.9562242,0.0515011,0.2878353
1788241005913385984,OK,1,0,16.038,2.25783,0,1089,0,-3.742244,0.198510,3.487643,0.0118833,-0.9577994,0.0515313,0.2825309
1788241005946725888,OK,1,0,15.5209,2.19829,0,1027,0,-3.746321,0.197627,3.474249,0.0122478,-0.9594644,0.0514571,0.2768219
1788241005980065792,OK,1,0,15.5154,2.13479,0,1013,0,-3.747590,0.197221,3.462974,0.0120706,-0.9611521,0.0508613,0.2710241
1788241006013405184,OK,1,0,16.2632,2.37454,0,969,0,-3.749991,0.196303,3.449235,0.0118407,-0.9626742,0.0502376,0.2656960
1788241006046745088,OK,1,0,17.2565,1.26454,0,955,0,-3.755038,0.196779,3.433652,0.0123453,-0.9641713,0.0502735,0.2601805
1788241006080084736,OK,1,0,14.3237,2.165,0,919,0,-3.755545,0.195378,3.421383,0.0119846,-0.9656386,0.0502894,0.2546949
1788241006113424640,OK,1,0,15.4352,0.281209,0,915,0,-3.758278,0.193940,3.410334,0.0114743,-0.9671279,0.0505217,0.2489572
1788241006146764288,OK,1,0,14.974,1.2615,0,887,0,-3.760884,0.192727,3.396867,0.0110301,-0.9684814,0.0508076,0.2435996
1788241006180102656,OK,1,0,13.8121,1.16675,0,842,0,-3.762467,0.190921,3.383552,0.0108676,-0.9697916,0.0513004,0.2382320
1788241006213442560,OK,1,0,14.3001,0.312084,0,801,0,-3.765427,0.189942,3.371461,0.0107008,-0.9712031,0.0512493,0.2324297
1788241006246782208,OK,1,0,13.1578,1.19371,0,797,0,-3.768358,0.188640,3.357771,0.0107086,-0.9725831,0.0510275,0.2266357
1788241006280121856,OK,1,0,15.7416,1.18654,0,805,0,-3.772904,0.188902,3.340833,0.0106489,-0.9739022,0.0505375,0.2210137
1788241006313461504,OK,1,0,13.6672,1.48654,0,808,0,-3.772758,0.185557,3.326071,0.0106049,-0.9751958,0.0497746,0.2154140
1788241006346801152,OK,1,0,14.954,0.444708,0,802,0,-3.773648,0.186912,3.312675,0.0106408,-0.9764811,0.0495283,0.2095674
1788241006380140544,OK,1,0,13.2364,1.93271,0,789,0,-3.777292,0.186319,3.297194,0.0107643,-0.9776437,0.0493278,0.2041169
1788241006413480192,OK,1,0,15.4429,1.91121,0,768,0,-3.779096,0.186923,3.283719,0.0111502,-0.9787957,0.0494261,0.1984735
1788241006446819840,OK,1,0,13.0511,1.30462,0,759,0,-3.778449,0.186129,3.269703,0.0112498,-0.9799211,0.0495526,0.1928021
1788241006480159232,OK,1,0,12.7943,0.387125,0,765,0,-3.779067,0.185883,3.257301,0.0112463,-0.9810288,0.0496527,0.1870581
1788241006513498880,OK,1,0,15.4166,0.305584,0,787,0,-3.774286,0.184831,3.246877,0.0102822,-0.9820311,0.0498698,0.1817202
1788241006546838272,OK,1,0,14.277,1.31529,0,766,0,-3.782784,0.182386,3.231923,0.0097745,-0.9830789,0.0501562,0.1759111
1788241006580177664,OK,1,0,13.3533,0.275166,0,779,0,-3.784062,0.180403,3.217293,0.0099045,-0.9839855,0.0505013,0.1706577
1788241006613517312,OK,1,0,12.9991,1.40517,0,788,0,-3.781857,0.180074,3.205521,0.0096647,-0.9848734,0.0506028,0.1654402
1788241006646858240,OK,1,0,12.9125,1.25808,0,786,0,-3.784026,0.178946,3.191607,0.0092696,-0.9857371,0.0501517,0.1603785
1788241006680200192,OK,1,0,14.986,1.62271,0,1281,0,-3.780533,0.177651,3.178808,0.0092143,-0.9864305,0.0498051,0.1561713
1788241006713541888,OK,1,0,18.5675,1.64067,0,1097,0,-3.781684,0.176000,3.165992,0.0095333,-0.9871783,0.0493660,0.1514966
1788241006746884096,OK,1,0,14.9403,1.22071,0,1107,0,-3.780465,0.173497,3.152490,0.0095305,-0.9878934,0.0487667,0.1469616
1788241006780225792,OK,1,0,15.6047,1.48292,0,1198,0,-3.780580,0.172877,3.139777,0.0088420,-0.9884021,0.0485128,0.1436303
1788241006813567744,OK,1,0,15.1297,2.22908,0,1074,0,-3.783148,0.171892,3.127858,0.0084201,-0.9886641,0.0484910,0.1418490
1788241006846909696,OK,1,0,16.1806,2.23271,0,1064,0,-3.787562,0.170011,3.113151,0.0087065,-0.9888991,0.0488100,0.1400734
1788241006880251392,OK,1,0,15.7822,2.18038,0,1011,0,-3.788224,0.169568,3.102286,0.0085257,-0.9892496,0.0484786,0.1377037
1788241006913593600,OK,1,0,13.9755,2.41142,0,997,0,-3.791561,0.169554,3.088879,0.0083616,-0.9893219,0.0483875,0.1372255
1788241006946935296,OK,1,0,14.6579,0.299792,0,992,0,-3.796260,0.167920,3.077779,0.0084076,-0.9892578,0.0483797,0.1376875
1788241006980276992,OK,1,0,13.9435,1.45817,0,978,0,-3.801610,0.167230,3.064078,0.0086096,-0.9893342,0.0484131,0.1371126
1788241007013619200,OK,1,0,13.7903,0.295625,0,958,0,-3.804064,0.167314,3.052371,0.0088332,-0.9894224,0.0487254,0.1363491
1788241007046960896,OK,1,0,13.8581,1.95254,0,957,0,-3.805621,0.166277,3.042720,0.0084523,-0.9893980,0.0493897,0.1363115
1788241007080301824,OK,1,0,13.0862,0.3345,0,924,0,-3.811193,0.163912,3.031622,0.0081910,-0.9893860,0.0496933,0.1363045
1788241007113643776,OK,1,0,13.442,2.33467,0,910,0,-3.813361,0.162465,3.020776,0.0077871,-0.9893867,0.0501338,0.1361613
1788241007146985472,OK,1,0,14.9895,0.261958,0,904,0,-3.818902,0.160300,3.008479,0.0079469,-0.9894446,0.0503475,0.1356519
1788241007180327424,OK,1,0,14.8863,1.92079,0,886,0,-3.818982,0.160481,2.997324,0.0085379,-0.9894441,0.0504534,0.1355805
1788241007213669376,OK,1,0,13.6005,2.85533,0,861,0,-3.821857,0.160978,2.984043,0.0086956,-0.9894682,0.0505641,0.1353533
1788241007247011328,OK,1,0,14.7634,1.18146,0,877,0,-3.823999,0.158083,2.972541,0.0085526,-0.9894918,0.0503071,0.1352851
1788241007280353024,OK,1,0,13.8375,1.55838,0,850,0,-3.827597,0.158509,2.960012,0.0085643,-0.9895372,0.0500711,0.1350399
1788241007313694720,OK,1,0,13.2794,1.22692,0,827,0,-3.833016,0.160814,2.947742,0.0082887,-0.9895556,0.0501407,0.1348962
1788241007347036928,OK,1,0,13.7135,0.293916,0,843,0,-3.836352,0.160192,2.933037,0.0082043,-0.9895476,0.0499421,0.1350338
1788241007380378624,OK,1,0,13.8209,2.40842,0,845,0,-3.839785,0.159421,2.923210,0.0082548,-0.9896470,0.0498137,0.1343482
1788241007413720576,OK,1,0,13.5165,1.70612,0,815,0,-3.844532,0.160331,2.906161,0.0083980,-0.9896479,0.0501054,0.1342237
1788241007447062528,OK,1,0,12.4917,0.290166,0,803,0,-3.847384,0.158357,2.895538,0.0085138,-0.9896268,0.0501303,0.1343624
1788241007480404224,OK,1,0,13.2613,2.29208,0,802,0,-3.849853,0.157616,2.885064,0.0084542,-0.9896495,0.0501726,0.1341829
1788241007513745152,OK,1,0,13.5187,1.44892,0,815,0,-3.852993,0.155583,2.872078,0.0084760,-0.9896897,0.0501039,0.1339106
1788241007547086848,OK,1,0,12.9228,1.29038,0,773,0,-3.857375,0.154219,2.858218,0.0085798,-0.9897304,0.0499909,0.1336458
1788241007580429056,OK,1,0,14.1022,0.463334,0,792,0,-3.862190,0.155127,2.845873,0.0087242,-0.9898012,0.0499534,0.1331244
1788241007613770752,OK,1,0,12.9985,0.302375,0,838,0,-3.867881,0.156385,2.831614,0.0084713,-0.9898134,0.0503307,0.1329074
1788241007647110144,OK,1,0,12.7142,1.12917,0,819,0,-3.870599,0.157282,2.818514,0.0081960,-0.9897940,0.0502952,0.1330833
1788241007680449536,OK,1,0,13.6198,0.276,0,1224,0,-3.875644,0.155876,2.806613,0.0078577,-0.9897970,0.0504118,0.1330370
1788241007713789184,OK,1,0,18.6702,0.282792,0,1366,0,-3.879868,0.153864,2.795887,0.0075963,-0.9898312,0.0506279,0.1327151
1788241007747128320,OK,1,0,17.1534,2.11354,0,1211,0,-3.883239,0.152831,2.784427,0.0076195,-0.9898894,0.0506965,0.1322530
1788241007780467712,OK,1,0,15.6952,2.30733,0,1186,0,-3.886530,0.153297,2.773719,0.0075421,-0.9899145,0.0509387,0.1319757
1788241007813807104,OK,1,0,15.5826,1.98517,0,1143,0,-3.890666,0.151598,2.760843,0.0071704,-0.9899240,0.0511067,0.1318611
1788241007847146496,OK,1,0,14.7691,2.00571,0,1131,0,-3.893010,0.152184,2.750954,0.0068285,-0.9899206,0.0514538,0.1317690
1788241007880485888,OK,1,0,15.1374,1.68287,0,1086,0,-3.898145,0.152312,2.739323,0.0070615,-0.9898837,0.0519489,0.1318396
1788241007913825280,OK,1,0,16.2047,0.460083,0,1094,0,-3.902448,0.149755,2.727091,0.0070236,-0.9898590,0.0520068,0.1320043
1788241007947164416,OK,1,0,15.3059,1.65808,0,1061,0,-3.907017,0.150858,2.714458,0.0069813,-0.9899739,0.0516087,0.1312993
1788241007980502784,OK,1,0,15.7968,3.35663,0,1063,0,-3.912694,0.149168,2.701005,0.0067728,-0.9900761,0.0511581,0.1307150
1788241008013841920,OK,1,0,14.4728,0.291666,0,1057,0,-3.911947,0.146067,2.690616,0.0063455,-0.9900051,0.0512510,0.1312367
1788241008047181056,OK,1,0,14.6241,0.276083,0,1034,0,-3.918897,0.145032,2.676817,0.0060908,-0.9899697,0.0515874,0.1313839
1788241008080520192,OK,1,0,14.0894,2.48908,0,1023,0,-3.921269,0.145652,2.666342,0.0064615,-0.9899899,0.0518827,0.1310973
1788241008113859584,OK,1,0,13.9061,0.2745,0,1028,0,-3.923779,0.144872,2.652544,0.0067158,-0.9900815,0.0517180,0.1304559
1788241008147198720,OK,1,0,14.424,0.450334,0,1037,0,-3.924657,0.144872,2.641074,0.0072156,-0.9901432,0.0510839,0.1302107
1788241008180537856,OK,1,0,16.3515,1.78262,0,1077,0,-3.929117,0.149250,2.627007,0.0075206,-0.9901641,0.0512272,0.1299783
1788241008213876992,OK,1,0,13.8866,1.19625,0,1076,0,-3.933496,0.146977,2.613171,0.0073987,-0.9901671,0.0512701,0.1299453
1788241008247216128,OK,1,0,15.0046,1.83833,0,1061,0,-3.935915,0.143959,2.602255,0.0067933,-0.9901258,0.0511140,0.1303541
1788241008280555264,OK,1,0,14.7875,1.863,0,1021,0,-3.939919,0.142519,2.590022,0.0067742,-0.9901483,0.0509995,0.1302288
1788241008313894400,OK,1,0,14.1059,1.73654,0,1036,0,-3.942551,0.140713,2.578076,0.0066262,-0.9902747,0.0503543,0.1295243
1788241008347233280,OK,1,0,13.7225,1.13404,0,1019,0,-3.945289,0.139219,2.567635,0.0063702,-0.9903317,0.0501319,0.1291876
1788241008380572160,OK,1,0,14.5275,1.53046,0,1037,0,-3.950801,0.138354,2.555058,0.0062242,-0.9902810,0.0508282,0.1293110
1788241008413910528,OK,1,0,14.4188,2.47754,0,1011,0,-3.953898,0.138434,2.544115,0.0060976,-0.9902519,0.0511522,0.1294123
1788241008447249152,OK,1,0,13.5316,0.296042,0,1010,0,-3.957198,0.137014,2.532990,0.0060236,-0.9902851,0.0513614,0.1290783
1788241008480588288,OK,1,0,13.396,1.37142,0,987,0,-3.961517,0.136672,2.519592,0.0063538,-0.9903493,0.0514703,0.1285255
1788241008513927168,OK,1,0,14.5462,0.575042,0,984,0,-3.963438,0.135625,2.506947,0.0066846,-0.9904139,0.0510519,0.1281772
1788241008547266304,OK,1,0,13.8093,0.332542,0,970,0,-3.966632,0.135746,2.492258,0.0067527,-0.9904326,0.0507401,0.1281528
1788241008580605184,OK,1,0,13.9117,1.42254,0,995,0,-3.967929,0.136596,2.482585,0.0067354,-0.9904173,0.0507312,0.1282753
1788241008613944064,OK,1,0,14.4701,0.254875,0,972,0,-3.972818,0.137167,2.469053,0.0064678,-0.9904723,0.0504373,0.1279802
1788241008647283200,OK,1,0,13.8735,1.36208,0,1559,0,-3.976986,0.134215,2.454398,0.0062916,-0.9905378,0.0497317,0.1277579
1788241008680622336,OK,1,0,17.0298,2.071,0,1388,0,-3.981763,0.134322,2.441138,0.0061211,-0.9906102,0.0495741,0.1272655
1788241008713961472,OK,1,0,15.4709,1.96075,0,1297,0,-3.983796,0.132076,2.429915,0.0057447,-0.9906404,0.0491021,0.1272305
1788241008747300608,OK,1,0,16.3618,1.87346,0,1274,0,-3.987527,0.130878,2.417601,0.0054823,-0.9906043,0.0493613,0.1274229
1788241008780639744,OK,1,0,14.8793,0.478125,0,1282,0,-3.989501,0.130877,2.406590,0.0057598,-0.9906057,0.0494752,0.1273557
1788241008813978624,OK,1,0,15.1835,1.33575,0,1270,0,-3.992073,0.129600,2.393747,0.0057218,-0.9906865,0.0490353,0.1268979
1788241008847316736,OK,1,0,16.1427,1.83646,0,1255,0,-3.995964,0.130302,2.381885,0.0061749,-0.9907361,0.0493065,0.1263837
1788241008880655616,OK,1,0,15.5279,1.62442,0,1251,0,-4.000320,0.131440,2.368207,0.0063782,-0.9907443,0.0497231,0.1261455
1788241008913994496,OK,1,0,14.3983,0.302666,0,1210,0,-4.001383,0.130189,2.356912,0.0059047,-0.9907262,0.0500013,0.1262003
1788241008947333376,OK,1,0,16.9305,2.30154,0,1238,0,-4.005639,0.127928,2.346440,0.0054564,-0.9907035,0.0506203,0.1261526
1788241008980672256,OK,1,0,14.468,1.57204,0,1201,0,-4.009835,0.127612,2.334914,0.0052359,-0.9907177,0.0511741,0.1258260
1788241009014011136,OK,1,0,16.3188,0.320625,0,1166,0,-4.014361,0.128022,2.322742,0.0052092,-0.9907205,0.0516334,0.1256180
1788241009047350016,OK,1,0,14.6348,2.09508,0,1150,0,-4.017035,0.127453,2.310787,0.0050703,-0.9907172,0.0519400,0.1255226
1788241009080688896,OK,1,0,15.2184,2.08008,0,1135,0,-4.020241,0.126174,2.300332,0.0048227,-0.9907666,0.0520392,0.1251009
1788241009114027520,OK,1,0,15.2248,1.74883,0,1134,0,-4.023485,0.125785,2.288127,0.0046396,-0.9907523,0.0522140,0.1251478
1788241009147366400,OK,1,0,16.0284,2.05088,0,1188,0,-4.027291,0.128689,2.270460,0.0048714,-0.9907123,0.0525483,0.1253158
1788241009180705280,OK,1,0,15.4723,1.89392,0,1180,0,-4.031809,0.129628,2.256280,0.0049125,-0.9907613,0.0525224,0.1249369
1788241009214043904,OK,1,0,14.5085,1.32308,0,1176,0,-4.033906,0.127680,2.243188,0.0049133,-0.9908249,0.0517629,0.1247499
1788241009247382784,OK,1,0,14.6173,1.84725,0,1155,0,-4.036777,0.127373,2.230100,0.0049112,-0.9909067,0.0511574,0.1243497
1788241009280721408,OK,1,0,14.31,2.08667,0,1179,0,-4.042118,0.126247,2.217568,0.0045514,-0.9909641,0.0510780,0.1239378
1788241009314059008,OK,1,0,15.0108,0.26225,0,1142,0,-4.044512,0.123762,2.205951,0.0041418,-0.9909136,0.0510713,0.1243579
1788241009347397888,OK,1,0,17.0362,0.536417,0,1143,0,-4.047857,0.123091,2.192969,0.0041988,-0.9909182,0.0510708,0.1243191
1788241009380736512,OK,1,0,15.4515,0.413292,0,1140,0,-4.051428,0.122511,2.180446,0.0039427,-0.9909695,0.0512090,0.1238606
1788241009414075136,OK,1,0,17.1212,2.7275,0,1108,0,-4.054852,0.122501,2.168349,0.0043216,-0.9910389,0.0512841,0.1232609
1788241009447413760,OK,1,0,14.2334,1.67204,0,1107,0,-4.056818,0.121190,2.155427,0.0044937,-0.9911094,0.0509739,0.1228152
1788241009480752384,OK,1,0,15.8559,2.003,0,1086,0,-4.058281,0.120064,2.141673,0.0043966,-0.9911461,0.0507762,0.1226043
1788241009514091008,OK,1,0,14.9838,2.47679,0,1754,0,-4.060838,0.119071,2.129673,0.0044710,-0.9912452,0.0505450,0.1218946
1788241009547429376,OK,1,0,17.0294,2.42862,0,1545,0,-4.064725,0.119634,2.116569,0.0041554,-0.9913813,0.0502962,0.1208974
1788241009580768000,OK,1,0,15.9851,1.83267,0,1439,0,-4.067852,0.119591,2.103705,0.0040720,-0.9914882,0.0504304,0.1199645
1788241009614106624,OK,1,0,15.9214,1.48183,0,1430,0,-4.071062,0.119449,2.090901,0.0043069,-0.9916252,0.0505444,0.1187689
1788241009647446784,OK,1,0,16.2114,1.62738,0,1357,0,-4.072230,0.118668,2.078573,0.0041849,-0.9917627,0.0506620,0.1175696
1788241009680786944,OK,1,0,16.3261,0.263084,0,1341,0,-4.073645,0.116321,2.068330,0.0040398,-0.9918416,0.0510556,0.1167362
1788241009714127104,OK,1,0,15.9177,0.365667,0,1310,0,-4.076359,0.115866,2.057373,0.0041271,-0.9919149,0.0516541,0.1158433
1788241009747466240,OK,1,0,16.5274,2.54083,0,1288,0,-4.077495,0.114945,2.046841,0.0044589,-0.9919882,0.0524862,0.1148248
1788241009780806400,OK,1,0,15.4519,1.42125,0,1226,0,-4.079532,0.112394,2.035740,0.0043489,-0.9921029,0.0527980,0.1136894
1788241009814146560,OK,1,0,14.7564,1.21379,0,1193,0,-4.082815,0.112257,2.023336,0.0041796,-0.9922619,0.0525349,0.1124225
1788241009847486464,OK,1,0,15.401,0.2945,0,1185,0,-4.084051,0.113048,2.010657,0.0046006,-0.9923615,0.0529710,0.1113169
1788241009880826880,OK,1,0,15.0259,1.75737,0,1175,0,-4.085536,0.110149,1.998130,0.0044602,-0.9925200,0.0529579,0.1099079
1788241009914167040,OK,1,0,16.4124,2.02625,0,1140,0,-4.086795,0.110297,1.986108,0.0045667,-0.9926572,0.0528816,0.1086940
1788241009947507200,OK,1,0,15.14,2.427,0,1108,0,-4.088784,0.109137,1.974115,0.0047071,-0.9928322,0.0527225,0.1071562
1788241009980846848,OK,1,0,22.1872,2.56108,0,1117,0,-4.090748,0.111423,1.956675,0.0047203,-0.9929522,0.0530840,0.1058576
1788241010014187008,OK,1,0,14.5789,1.56567,0,1651,0,-4.091819,0.110357,1.944571,0.0047188,-0.9930902,0.0531442,0.1045239
1788241010047527168,OK,1,0,18.0064,0.2665,0,1474,0,-4.093771,0.110399,1.930756,0.0050883,-0.9932400,0.0530990,0.1030967
1788241010080867072,OK,1,0,16.8481,2.33958,0,1411,0,-4.093441,0.109822,1.917617,0.0056470,-0.9933727,0.0531146,0.1017723
1788241010114206976,OK,1,0,15.6859,1.57925,0,1358,0,-4.094477,0.107418,1.905160,0.0056513,-0.9935406,0.0527882,0.1002918
1788241010147547136,OK,1,0,15.7913,0.27825,0,1311,0,-4.095165,0.106815,1.893613,0.0053455,-0.9936880,0.0526056,0.0989361
1788241010180886016,OK,1,0,16.8508,1.39433,0,1301,0,-4.097488,0.107150,1.881406,0.0051859,-0.9938057,0.0530938,0.0974909
1788241010214226176,OK,1,0,16.537,0.43675,0,1247,0,-4.099863,0.107494,1.868787,0.0046393,-0.9939330,0.0533781,0.0960551
1788241010247565824,OK,1,0,15.6581,0.37375,0,1223,0,-4.102318,0.106873,1.857781,0.0044736,-0.9940650,0.0535896,0.0945670
1788241010280905984,OK,1,0,15.4504,2.81763,0,1234,0,-4.103265,0.105467,1.843621,0.0047477,-0.9941927,0.0535619,0.0932172
1788241010314245888,OK,1,0,16.0911,0.267625,0,1195,0,-4.104133,0.104439,1.831247,0.0045252,-0.9943507,0.0530191,0.0918429
1788241010347585792,OK,1,0,15.9169,1.33583,0,1167,0,-4.106027,0.103400,1.818066,0.0045168,-0.9944717,0.0526636,0.0907315
1788241010380925696,OK,1,0,15.926,1.89088,0,1181,0,-4.108370,0.102582,1.803596,0.0044011,-0.9945950,0.0526212,0.0894005
1788241010414265600,OK,1,0,14.7467,2.23592,0,1158,0,-4.109115,0.101423,1.794230,0.0041634,-0.9947322,0.0527147,0.0878162
1788241010447605504,OK,1,0,15.2422,2.16012,0,1103,0,-4.111816,0.102350,1.780553,0.0044955,-0.9948316,0.0532267,0.0863536
1788241010480945408,OK,1,0,14.8281,2.48542,0,1106,0,-4.112750,0.102762,1.768886,0.0045306,-0.9949505,0.0535938,0.0847389
1788241010514285056,OK,1,0,15.0203,2.50529,0,1121,0,-4.115400,0.099241,1.756818,0.0042846,-0.9950846,0.0534923,0.0832273
1788241010547624960,OK,1,0,15.6831,0.365791,0,1779,0,-4.116878,0.099150,1.743965,0.0041654,-0.9951723,0.0536540,0.0820726
1788241010580964864,OK,1,0,16.8483,0.374666,0,1510,0,-4.116946,0.097857,1.732501,0.0043807,-0.9952946,0.0535628,0.0806260
1788241010614304512,OK,1,0,15.419,2.50704,0,1453,0,-4.115850,0.095644,1.719765,0.0044671,-0.9954495,0.0533359,0.0788393
1788241010647645440,OK,1,0,16.5684,2.37787,0,1442,0,-4.119649,0.096884,1.704818,0.0045583,-0.9956309,0.0530984,0.0766743
1788241010680987392,OK,1,0,17.4599,2.45292,0,1423,0,-4.119297,0.096078,1.693020,0.0047920,-0.9957456,0.0530547,0.0751862
1788241010714329344,OK,1,0,16.19,1.39529,0,1376,0,-4.120599,0.094851,1.679071,0.0047923,-0.9959049,0.0525477,0.0734107
1788241010747671040,OK,1,0,16.4945,1.16575,0,1315,0,-4.119362,0.095262,1.665086,0.0050119,-0.9960501,0.0520365,0.0717733
1788241010781013248,OK,1,0,15.8932,2.15163,0,1310,0,-4.119206,0.095074,1.652961,0.0052174,-0.9961948,0.0518315,0.0698735
1788241010814354944,OK,1,0,16.2585,2.15321,0,1281,0,-4.121002,0.093991,1.639531,0.0050598,-0.9963219,0.0519382,0.0679670
1788241010847696896,OK,1,0,15.8878,1.91871,0,1231,0,-4.123954,0.094971,1.628210,0.0047040,-0.9964076,0.0527396,0.0660928
1788241010881038848,OK,1,0,15.3643,0.457167,0,1218,0,-4.124809,0.094363,1.615792,0.0043530,-0.9965102,0.0530631,0.0642869
1788241010914380800,OK,1,0,15.5695,1.31396,0,1163,0,-4.124635,0.093285,1.603611,0.0045608,-0.9966037,0.0533353,0.0625750
1788241010947722752,OK,1,0,15.7234,1.64183,0,1153,0,-4.123609,0.092992,1.591026,0.0049527,-0.9967325,0.0530651,0.0606949
1788241010981064448,OK,1,0,15.6911,1.64229,0,1138,0,-4.121486,0.091730,1.577239,0.0052876,-0.9968570,0.0524846,0.0591068
1788241011014406400,OK,1,0,14.0438,0.503834,0,1107,0,-4.119917,0.091788,1.564787,0.0057189,-0.9969379,0.0526036,0.0575758
1788241011047748352,OK,1,0,15.2811,1.7865,0,1147,0,-4.124084,0.092519,1.546895,0.0051806,-0.9970523,0.0526681,0.0555510
1788241011081089024,OK,1,0,15.1905,1.53988,0,1679,0,-4.125652,0.092319,1.532881,0.0048065,-0.9971223,0.0524489,0.0545255
1788241011114431232,OK,1,0,19.5332,0.642208,0,1494,0,-4.125163,0.090937,1.521346,0.0047425,-0.9971516,0.0524452,0.0539975
1788241011147772928,OK,1,0,15.9303,2.40721,0,1415,0,-4.124103,0.089013,1.508979,0.0044897,-0.9972224,0.0519292,0.0532061
1788241011181114624,OK,1,0,15.8805,1.37525,0,1354,0,-4.124819,0.088360,1.496078,0.0046472,-0.9972657,0.0517487,0.0525515
1788241011214456832,OK,1,0,16.9177,1.26179,0,1354,0,-4.125069,0.088175,1.483093,0.0046859,-0.9972978,0.0517623,0.0519221
1788241011247798528,OK,1,0,15.6334,0.299292,0,1284,0,-4.125707,0.088835,1.470809,0.0048015,-0.9973268,0.0519768,0.0511339
1788241011281140480,OK,1,0,16.5027,1.89787,0,1242,0,-4.127359,0.087642,1.457413,0.0050329,-0.9973769,0.0519554,0.0501463
1788241011314482432,OK,1,0,16.2158,1.40242,0,1173,0,-4.128152,0.087102,1.444548,0.0051969,-0.9974239,0.0520690,0.0490660
1788241011347824128,OK,1,0,14.9558,2.17542,0,1175,0,-4.128511,0.086608,1.431240,0.0050023,-0.9974537,0.0523170,0.0482082
1788241011381166080,OK,1,0,14.6762,0.579584,0,1147,0,-4.130612,0.086902,1.419712,0.0046674,-0.9974928,0.0524967,0.0472273
1788241011414507776,OK,1,0,14.8343,1.75546,0,1124,0,-4.129822,0.086988,1.406297,0.0046780,-0.9975086,0.0525677,0.0468111
1788241011447849728,OK,1,0,14.5557,0.425,0,1098,0,-4.130657,0.084456,1.394603,0.0047474,-0.9975491,0.0525466,0.0459594
1788241011481191680,OK,1,0,14.4295,1.64229,0,1095,0,-4.131395,0.083697,1.381196,0.0045678,-0.9976126,0.0522134,0.0449663
1788241011514533376,OK,1,0,15.1987,0.276333,0,1043,0,-4.130990,0.082396,1.369846,0.0045830,-0.9976669,0.0519604,0.0440449
1788241011547874304,OK,1,0,15.6792,0.724416,0,1048,0,-4.131706,0.082888,1.356570,0.0047930,-0.9976937,0.0521496,0.0431825
1788241011581216000,OK,1,0,20.896,2.52017,0,1059,0,-4.127658,0.080668,1.341903,0.0046234,-0.9977204,0.0516864,0.0431409
1788241011614557952,OK,1,0,15.0144,1.60213,0,1504,0,-4.127699,0.081949,1.329320,0.0051303,-0.9977473,0.0518703,0.0422311
1788241011647908096,OK,1,0,16.1108,0.29225,0,1365,0,-4.128471,0.080257,1.316569,0.0051733,-0.9977964,0.0518581,0.0410671
1788241011681258496,OK,1,0,16.6438,1.44708,0,1310,0,-4.127988,0.080327,1.303985,0.0048486,-0.9978352,0.0516635,0.0404015
1788241011714608896,OK,1,0,15.9239,1.45946,0,1237,0,-4.130239,0.081071,1.290023,0.0049224,-0.9978584,0.0518247,0.0396058
1788241011747959296,OK,1,0,14.6295,1.98158,0,1239,0,-4.129493,0.079473,1.279699,0.0048059,-0.9978843,0.0520108,0.0387127
1788241011781309696,OK,1,0,15.113,0.298541,0,1174,0,-4.130726,0.079489,1.265550,0.0048738,-0.9979079,0.0520489,0.0380415
1788241011814660096,OK,1,0,14.8603,0.387875,0,1147,0,-4.129338,0.078564,1.253281,0.0053616,-0.9979399,0.0518625,0.0373825
1788241011848010752,OK,1,0,14.5213,0.277417,0,1111,0,-4.128142,0.076372,1.240897,0.0052759,-0.9979765,0.0517865,0.0365140
1788241011881361408,OK,1,0,14.4024,2.1395,0,1133,0,-4.131022,0.077473,1.227011,0.0052422,-0.9980167,0.0517098,0.0355140
1788241011914712064,OK,1,0,15.4001,2.18742,0,1076,0,-4.131083,0.077993,1.214493,0.0052885,-0.9980391,0.0517509,0.0348132
1788241011948062720,OK,1,0,15.0721,0.301042,0,1071,0,-4.129337,0.077464,1.203720,0.0053292,-0.9980438,0.0520323,0.0342461
1788241011981412608,OK,1,0,14.2633,1.7415,0,1055,0,-4.133040,0.076493,1.189721,0.0051640,-0.9980632,0.0522377,0.0333826
1788241012014763520,OK,1,0,14.4282,1.46037,0,1034,0,-4.131003,0.076369,1.178257,0.0053031,-0.9980898,0.0522185,0.0325880
1788241012048114176,OK,1,0,14.169,1.58804,0,1009,0,-4.132586,0.074792,1.165816,0.0050801,-0.9981254,0.0522729,0.0314236
1788241012081465088,OK,1,0,14.3829,1.64679,0,980,0,-4.134219,0.072679,1.151618,0.0051739,-0.9981701,0.0520062,0.0304155
1788241012114816256,OK,1,0,14.01,1.61004,0,985,0,-4.131907,0.076645,1.138365,0.0054547,-0.9981772,0.0522908,0.0296341
1788241012148167168,OK,1,0,13.8077,0.436375,0,1584,0,-4.131938,0.076044,1.125449,0.0058165,-0.9981872,0.0524717,0.0289002
1788241012181518080,OK,1,0,16.128,2.35046,0,1364,0,-4.131787,0.075181,1.114032,0.0055393,-0.9982272,0.0521247,0.0281905
1788241012214869504,OK,1,0,14.2492,2.16179,0,1231,0,-4.133117,0.075134,1.099623,0.0054705,-0.9982629,0.0518917,0.0273568
1788241012248220416,OK,1,0,15.3004,1.58367,0,1256,0,-4.132807,0.074875,1.086499,0.0053058,-0.9982775,0.0520333,0.0265771
1788241012281571840,OK,1,0,13.5168,1.28817,0,1213,0,-4.132330,0.074281,1.073026,0.0049975,-0.9983225,0.0515327,0.0259173
1788241012314922752,OK,1,0,16.1215,0.287708,0,1178,0,-4.132907,0.074217,1.060840,0.0053610,-0.9983435,0.0514360,0.0252162
1788241012348274176,OK,1,0,14.0337,1.17508,0,1111,0,-4.132970,0.074225,1.048172,0.0057456,-0.9983463,0.0517129,0.0244441
1788241012381625856,OK,1,0,14.1828,0.249708,0,1117,0,-4.132799,0.075068,1.034238,0.0058915,-0.9983745,0.0515187,0.0236527
1788241012414976000,OK,1,0,14.3493,0.565875,0,1093,0,-4.131660,0.074020,1.021906,0.0063402,-0.9983940,0.0514094,0.0229414
1788241012448327424,OK,1,0,14.9475,1.25246,0,1048,0,-4.131207,0.072408,1.009544,0.0064165,-0.9984165,0.0513346,0.0220912
1788241012481678848,OK,1,0,14.6785,2.25046,0,1010,0,-4.130118,0.071331,0.995727,0.0063830,-0.9984396,0.0511965,0.0213682
1788241012515030528,OK,1,0,13.6379,1.87208,0,1015,0,-4.129336,0.073125,0.983110,0.0069831,-0.9984348,0.0515686,0.0204915
1788241012548382208,OK,1,0,14.0538,2.37558,0,998,0,-4.129503,0.070635,0.971541,0.0064049,-0.9984496,0.0516908,0.0196325
1788241012581733888,OK,1,0,14.0388,2.45337,0,968,0,-4.130610,0.069708,0.959607,0.0061136,-0.9984407,0.0521136,0.0190488
1788241012615085568,OK,1,0,14.9275,0.317541,0,955,0,-4.129373,0.068740,0.950222,0.0059193,-0.9984249,0.0526885,0.0183468
1788241012648436224,OK,1,0,14.7529,0.3145,0,954,0,-4.130777,0.069804,0.933444,0.0056499,-0.9983877,0.0536415,0.0176830
1788241012681787136,OK,1,0,13.9142,1.45458,0,1566,0,-4.131829,0.068006,0.921167,0.0055779,-0.9984003,0.0535955,0.0171260
1788241012715138048,OK,1,0,15.9538,0.629917,0,1369,0,-4.132326,0.070083,0.908038,0.0059494,-0.9984078,0.0537144,0.0161650
1788241012748488704,OK,1,0,16.0184,1.88525,0,1269,0,-4.130899,0.069484,0.895976,0.0061479,-0.9984171,0.0537326,0.0154349
1788241012781839872,OK,1,0,16.0148,2.01346,0,1201,0,-4.130953,0.068759,0.882236,0.0061824,-0.9984405,0.0534864,0.0147492
1788241012815191040,OK,1,0,15.5565,1.29604,0,1146,0,-4.131224,0.067947,0.868525,0.0061860,-0.9984790,0.0529787,0.0139544
1788241012848540928,OK,1,0,14.8237,1.94292,0,1145,0,-4.129035,0.065783,0.856172,0.0060798,-0.9984882,0.0529909,0.0132819
1788241012881892352,OK,1,0,14.8262,1.25883,0,1089,0,-4.130826,0.066776,0.844918,0.0060031,-0.9984995,0.0530372,0.0122431
1788241012915243520,OK,1,0,13.2517,1.32337,0,1040,0,-4.129748,0.066155,0.831672,0.0061560,-0.9985184,0.0528143,0.0115669
1788241012948594688,OK,1,0,13.1199,0.432,0,974,0,-4.129597,0.063826,0.819871,0.0060911,-0.9985096,0.0531525,0.0107875
1788241012981946368,OK,1,0,12.8922,2.35275,0,985,0,-4.128267,0.062992,0.806608,0.0061850,-0.9985182,0.0530823,0.0102704
1788241013015297536,OK,1,0,14.2442,2.45033,0,917,0,-4.129487,0.063361,0.794430,0.0064655,-0.9985252,0.0531133,0.0092029
1788241013048649216,OK,1,0,13.4379,0.548875,0,880,0,-4.130166,0.062047,0.780489,0.0066025,-0.9985448,0.0528869,0.0082220
1788241013082000640,OK,1,0,13.5588,2.45954,0,870,0,-4.128305,0.061993,0.767867,0.0065292,-0.9985744,0.0524272,0.0076076
1788241013115352320,OK,1,0,14.0385,0.276625,0,821,0,-4.128123,0.060225,0.753590,0.0069021,-0.9985901,0.0521692,0.0069698
1788241013148703744,OK,1,0,12.6094,0.380917,0,808,0,-4.128094,0.058867,0.742780,0.0067186,-0.9986014,0.0520961,0.0060163
1788241013182055680,OK,1,0,12.2615,2.69462,0,827,0,-4.122809,0.060561,0.730232,0.0066499,-0.9986114,0.0519284,0.0058770
1788241013215407360,OK,1,0,13.0964,2.1105,0,1150,0,-4.123765,0.060226,0.716946,0.0067336,-0.9986199,0.0518474,0.0049888
1788241013248759296,OK,1,0,13.1511,1.59187,0,1059,0,-4.125000,0.059129,0.704424,0.0065121,-0.9986195,0.0519796,0.0038488
1788241013282111232,OK,1,0,13.3021,2.15271,0,1002,0,-4.122140,0.057193,0.692360,0.0065190,-0.9986084,0.0522249,0.0033893
1788241013315462144,OK,1,0,13.266,1.398,0,963,0,-4.122650,0.057021,0.682163,0.0065135,-0.9985825,0.0527710,0.0024000
1788241013348814336,OK,1,0,13.1184,1.9425,0,936,0,-4.121102,0.056719,0.670368,0.0066296,-0.9985503,0.0533837,0.0019116
1788241013382166528,OK,1,0,12.9725,1.79504,0,876,0,-4.120509,0.055317,0.659361,0.0066600,-0.9985299,0.0537771,0.0013491
1788241013415518464,OK,1,0,12.6375,1.899,0,860,0,-4.119421,0.054643,0.646094,0.0068632,-0.9985313,0.0537394,0.0004589
1788241013448870912,OK,1,0,11.541,1.81012,0,814,0,-4.119696,0.053949,0.633069,-0.0066933,0.9985260,-0.0538595,0.0005197
1788241013482223104,OK,1,0,12.0701,0.2935,0,793,0,-4.119656,0.052239,0.620653,-0.0065215,0.9985411,-0.0535871,0.0012404
1788241013515575552,OK,1,0,12.3158,0.364458,0,768,0,-4.119677,0.053749,0.606229,-0.0065663,0.9985534,-0.0533336,0.0018696
1788241013548928000,OK,1,0,10.872,2.12133,0,743,0,-4.119947,0.051997,0.593140,-0.0067311,0.9985680,-0.0529954,0.0028669
1788241013582280192,OK,1,0,12.8817,2.12575,0,738,0,-4.119328,0.051971,0.580842,-0.0068073,0.9985736,-0.0528182,0.0038323
1788241013615632896,OK,1,0,12.1034,2.46758,0,700,0,-4.118329,0.052982,0.567600,-0.0069710,0.9985735,-0.0527640,0.0042709
1788241013648969728,OK,1,0,11.6137,2.26133,0,686,0,-4.117490,0.051434,0.555900,-0.0068439,0.9985701,-0.0527831,0.0049941
1788241013682306816,OK,1,0,10.1604,0.306375,0,660,0,-4.116424,0.051566,0.541640,-0.0069546,0.9985588,-0.0529120,0.0056897
1788241013715643904,OK,1,0,10.4035,2.67504,0,701,0,-4.114787,0.048437,0.527354,-0.0071854,0.9985564,-0.0528302,0.0065083
1788241013748979712,OK,1,0,11.3788,2.08192,0,873,0,-4.113851,0.048705,0.513172,-0.0074799,0.9985467,-0.0528103,0.0077197
1788241013782316544,OK,1,0,11.2025,1.22996,0,860,0,-4.111784,0.046775,0.500887,-0.0077780,0.9985484,-0.0526262,0.0084322
1788241013815653632,OK,1,0,12.0482,2.072,0,820,0,-4.111839,0.045818,0.488179,-0.0078333,0.9985301,-0.0528229,0.0092793
1788241013848990464,OK,1,0,10.95,0.310416,0,758,0,-4.112013,0.044698,0.475719,-0.0071712,0.9985295,-0.0527378,0.0103027
1788241013882327040,OK,1,0,10.4168,1.21183,0,725,0,-4.111179,0.044490,0.463532,-0.0070826,0.9985135,-0.0529409,0.0108645
1788241013915664128,OK,1,0,10.6785,2.078,0,751,0,-4.111314,0.043034,0.453037,-0.0069046,0.9984810,-0.0533912,0.0117182
1788241013949000704,OK,1,0,10.9521,0.442125,0,683,0,-4.111627,0.041118,0.440078,-0.0067051,0.9984776,-0.0532357,0.0127844
1788241013982337280,OK,1,0,11.8967,2.03775,0,672,0,-4.109553,0.038759,0.428668,-0.0069762,0.9984770,-0.0531137,0.0131923
1788241014015674112,OK,1,0,10.9014,1.48887,0,659,0,-4.107410,0.037963,0.415713,-0.0071014,0.9984757,-0.0529854,0.0137281
1788241014049010432,OK,1,0,11.054,0.337083,0,616,0,-4.106504,0.037841,0.402646,-0.0074177,0.9984612,-0.0530147,0.0144802
1788241014082347264,OK,1,0,10.2163,2.46933,0,605,0,-4.107334,0.039039,0.388653,-0.0077068,0.9984372,-0.0529850,0.0160098
1788241014115683584,OK,1,0,10.7542,2.31312,0,574,0,-4.106871,0.040080,0.377741,-0.0078066,0.9984065,-0.0530495,0.0175834
1788241014149019904,OK,1,0,9.95412,2.35433,0,567,0,-4.103792,0.039371,0.364118,-0.0075038,0.9983866,-0.0530317,0.0188572
1788241014182355456,OK,1,0,10.2498,2.35271,0,568,0,-4.102436,0.037561,0.349089,-0.0071208,0.9983754,-0.0527482,0.0203345
1788241014215691776,OK,1,0,10.945,2.36692,0,702,0,-4.100487,0.038601,0.337405,-0.0071903,0.9983568,-0.0525064,0.0217963
1788241014249028352,OK,1,0,11.2987,1.30775,0,646,0,-4.098393,0.039322,0.322108,-0.0078665,0.9982869,-0.0528770,0.0237784
1788241014282364672,OK,1,0,10.769,0.327583,0,746,0,-4.098333,0.037063,0.310548,-0.0076615,0.9982502,-0.0525826,0.0259391
1788241014315700992,OK,1,0,10.447,1.96933,0,689,0,-4.093595,0.039171,0.299108,-0.0078442,0.9981939,-0.0528726,0.0274228
1788241014349037056,OK,1,0,9.52862,1.95108,0,659,0,-4.093179,0.038438,0.284373,-0.0077646,0.9981381,-0.0528924,0.0293681
1788241014382373376,OK,1,0,9.72367,0.260875,0,650,0,-4.090421,0.037224,0.272208,-0.0072056,0.9981157,-0.0525315,0.0308789
1788241014415709440,OK,1,0,9.32379,0.389542,0,623,0,-4.089271,0.035863,0.261443,-0.0073735,0.9980486,-0.0526746,0.0327112
1788241014449045760,OK,1,0,9.91704,1.62358,0,731,0,-4.086976,0.036299,0.249207,-0.0072880,0.9979547,-0.0531951,0.0346938
1788241014482381824,OK,1,0,10.3095,0.259875,0,681,0,-4.084126,0.033627,0.237009,-0.0072259,0.9979023,-0.0530161,0.0364436
1788241014515717888,OK,1,0,9.79438,1.3885,0,765,0,-4.082058,0.031302,0.226758,-0.0072833,0.9978442,-0.0528871,0.0381697
1788241014549053696,OK,1,0,9.62575,1.718,0,718,0,-4.078514,0.028740,0.218791,-0.0079370,0.9977705,-0.0530247,0.0397408
1788241014582389760,OK,1,0,9.52104,1.41325,0,701,0,-4.076159,0.026843,0.205317,-0.0080657,0.9977030,-0.0529908,0.0414202
1788241014615725568,OK,1,0,11.0456,1.36104,0,677,0,-4.072345,0.025165,0.190908,-0.0081465,0.9976476,-0.0525960,0.0432035
1788241014649062144,OK,1,0,9.77383,1.61512,0,667,0,-4.068808,0.026206,0.180054,-0.0082824,0.9975438,-0.0533472,0.0446312
1788241014682399744,OK,1,0,9.5045,1.37679,0,737,0,-4.067522,0.020990,0.170938,-0.0087237,0.9974238,-0.0539180,0.0465030
1788241014715737088,OK,1,0,9.77779,0.269417,0,686,0,-4.064461,0.020167,0.159490,-0.0092616,0.9972982,-0.0542391,0.0486689
1788241014749074432,OK,1,0,9.97612,2.39821,0,740,0,-4.059082,0.017957,0.149802,-0.0098627,0.9971949,-0.0546796,0.0501517
1788241014782411776,OK,1,0,11.0352,1.29125,0,715,0,-4.054960,0.015864,0.139929,-0.0104348,0.9970657,-0.0555677,0.0516073
1788241014815749376,OK,1,0,10.0077,0.565625,0,685,0,-4.051606,0.014555,0.128663,-0.0103114,0.9969467,-0.0558560,0.0535831
1788241014849086464,OK,1,0,11.2016,0.276291,0,666,0,-4.048160,0.015961,0.114880,-0.0101804,0.9968204,-0.0558108,0.0559510
1788241014882423808,OK,1,0,10.125,1.56571,0,654,0,-4.046162,0.015556,0.104368,-0.0103389,0.9967207,-0.0556614,0.0578182
1788241014915760896,OK,1,0,9.62979,1.71458,0,644,0,-4.042976,0.012476,0.092189,-0.0104418,0.9966235,-0.0552254,0.0598568
1788241014949098240,OK,1,0,9.66971,1.2575,0,615,0,-4.039057,0.013093,0.076396,-0.0098564,0.9965009,-0.0544147,0.0626725
1788241014982435328,OK,1,0,10.6108,1.70683,0,611,0,-4.038302,0.014176,0.063641,-0.0096024,0.9963426,-0.0543957,0.0651945
1788241015015772416,OK,1,0,10.4386,1.31967,0,636,0,-4.034471,0.011615,0.049865,-0.0091301,0.9962046,-0.0546743,0.0671098
1788241015049109248,OK,1,0,9.95979,1.66192,0,569,0,-4.031215,0.011374,0.037322,-0.0081225,0.9960599,-0.0541239,0.0697812
1788241015082445568,OK,1,0,10.0216,2.68958,0,571,0,-4.029259,0.011271,0.025434,-0.0077389,0.9958333,-0.0538870,0.0731601
1788241015115782400,OK,1,0,10.1412,0.265416,0,553,0,-4.027922,0.011301,0.015536,-0.0074745,0.9955771,-0.0537589,0.0766834
1788241015149119488,OK,1,0,15.9932,0.3005,0,578,0,-4.023307,0.007104,0.000924,-0.0066286,0.9953771,-0.0525611,0.0801108
1788241015182456320,OK,1,0,9.76175,1.39017,0,767,0,-4.020250,0.005179,-0.010429,-0.0059233,0.9951402,-0.0514896,0.0837247
1788241015215793152,OK,1,0,11.193,0.29875,0,698,0,-4.014844,0.005726,-0.024567,-0.0062520,0.9948907,-0.0509357,0.0869429
1788241015249130240,OK,1,0,9.91367,2.01608,0,685,0,-4.008402,0.004551,-0.037103,-0.0065546,0.9946550,-0.0506897,0.0897171
1788241015282467072,OK,1,0,10.6147,2.37492,0,647,0,-4.005049,0.003098,-0.049688,-0.0060921,0.9943073,-0.0505425,0.0936016
1788241015315803648,OK,1,0,10.3255,0.296209,0,643,0,-3.998770,0.003355,-0.060055,-0.0057796,0.9939495,-0.0507401,0.0972448
1788241015349140480,OK,1,0,10.3874,2.23883,0,607,0,-3.993009,0.002109,-0.072585,-0.0059549,0.9936095,-0.0509598,0.1005373
1788241015382477312,OK,1,0,9.50254,1.32633,0,580,0,-3.988557,0.001024,-0.083404,-0.0062262,0.9932354,-0.0506944,0.1042818
1788241015415813888,OK,1,0,11.5429,0.298875,0,588,0,-3.984168,0.000029,-0.095703,-0.0064360,0.9928133,-0.0505898,0.1082631
1788241015449150464,OK,1,0,11.1542,1.70275,0,570,0,-3.977204,0.000513,-0.105221,-0.0067661,0.9924093,-0.0507300,0.1118234
1788241015482487040,OK,1,0,11.0905,1.18758,0,575,0,-3.968541,-0.000143,-0.117241,-0.0073307,0.9919879,-0.0508233,0.1154267
1788241015515822848,OK,1,0,10.6325,0.332541,0,549,0,-3.961060,0.000724,-0.131176,-0.0072001,0.9915351,-0.0512709,0.1190703
1788241015549159168,OK,1,0,9.88546,1.58196,0,541,0,-3.953564,0.000490,-0.141730,-0.0066261,0.9911036,-0.0517414,0.1224445
1788241015582495488,OK,1,0,9.76871,1.60354,0,530,0,-3.946058,-0.000104,-0.153168,-0.0058718,0.9906517,-0.0526199,0.1257217
1788241015615832320,OK,1,0,9.93654,1.45975,0,525,0,-3.945122,-0.000081,-0.164140,-0.0054864,0.9901164,-0.0532361,0.1296357
1788241015649177856,OK,1,0,10.4354,2.16342,0,827,0,-3.940403,-0.004759,-0.170254,-0.0060361,0.9896623,-0.0530862,0.1330934
1788241015682523136,OK,1,0,10.8701,0.343333,0,744,0,-3.933676,-0.004942,-0.180383,-0.0062806,0.9891360,-0.0530278,0.1369625
1788241015715868672,OK,1,0,11.1398,1.47592,0,720,0,-3.928661,-0.004991,-0.192113,-0.0064733,0.9885901,-0.0531905,0.1407779
1788241015749214208,OK,1,0,10.7419,1.19429,0,703,0,-3.921508,-0.006024,-0.202255,-0.0065694,0.9881110,-0.0531620,0.1441090
1788241015782559488,OK,1,0,10.6159,1.60171,0,680,0,-3.914411,-0.006569,-0.212462,-0.0069614,0.9876734,-0.0525267,0.1472882
1788241015815905280,OK,1,0,10.9177,2.082,0,658,0,-3.907596,-0.007621,-0.227166,-0.0074525,0.9871794,-0.0516623,0.1508388
1788241015849250816,OK,1,0,9.98154,1.25717,0,609,0,-3.901732,-0.008002,-0.237420,-0.0075528,0.9866266,-0.0515284,0.1544528
1788241015882596096,OK,1,0,11.6106,1.74113,0,601,0,-3.894542,-0.010395,-0.247279,-0.0076315,0.9861838,-0.0510728,0.1574001
1788241015915941888,OK,1,0,9.99579,1.89912,0,556,0,-3.886833,-0.010768,-0.259205,-0.0079009,0.9856069,-0.0503060,0.1612015
1788241015949287424,OK,1,0,10.9551,1.90704,0,556,0,-3.876535,-0.010147,-0.270199,-0.0083990,0.9848553,-0.0505159,0.1656432
1788241015982632192,OK,1,0,9.762,1.667,0,567,0,-3.869782,-0.010197,-0.281018,-0.0083762,0.9841427,-0.0510215,0.1696757
1788241016015977472,OK,1,0,10.9895,2.09133,0,538,0,-3.865054,-0.012296,-0.291632,-0.0079851,0.9834251,-0.0505994,0.1739284
1788241016049323264,OK,1,0,10.2945,1.81125,0,504,0,-3.855245,-0.011547,-0.305073,-0.0075161,0.9826828,-0.0503366,0.1781697
1788241016082669056,OK,1,0,9.60283,1.98629,0,487,0,-3.847710,-0.013141,-0.312581,-0.0076965,0.9819243,-0.0507023,0.1821942
1788241016116014592,OK,1,0,9.12988,0.46375,0,525,0,-3.847416,-0.020020,-0.319893,-0.0066008,0.9810164,-0.0502592,0.1871824
1788241016149360384,OK,1,0,10.3879,1.35921,0,902,0,-3.839792,-0.019530,-0.330426,-0.0057383,0.9802232,-0.0502868,0.1913134
1788241016182706176,OK,1,0,11.2119,2.04413,0,794,0,-3.832680,-0.020174,-0.339907,-0.0054591,0.9794166,-0.0502811,0.1954101
1788241016216051712,OK,1,0,11.0889,2.31929,0,753,0,-3.823435,-0.020030,-0.348500,-0.0052709,0.9786038,-0.0511685,0.1992199
1788241016249397504,OK,1,0,10.8399,1.43296,0,694,0,-3.816608,-0.019849,-0.358910,-0.0047079,0.9775643,-0.0519310,0.2040812
1788241016282743040,OK,1,0,11.5456,2.17567,0,702,0,-3.808586,-0.020175,-0.366679,-0.0039043,0.9765865,-0.0526201,0.2085538
1788241016316088832,OK,1,0,11.2477,1.39863,0,692,0,-3.798259,-0.021147,-0.375692,-0.0035413,0.9757053,-0.0529839,0.2125545
1788241016349434624,OK,1,0,11.0201,1.64071,0,667,0,-3.788790,-0.022496,-0.384284,-0.0037127,0.9748179,-0.0529573,0.2165912
1788241016382780416,OK,1,0,12.7589,1.25442,0,604,0,-3.780774,-0.023667,-0.392342,-0.0040007,0.9738159,-0.0528001,0.2210856
1788241016416125184,OK,1,0,11.0968,2.10721,0,598,0,-3.770623,-0.023426,-0.404057,-0.0040849,0.9729118,-0.0527107,0.2250502
1788241016449470976,OK,1,0,11.8546,1.38746,0,556,0,-3.761688,-0.024405,-0.412481,-0.0037065,0.9720228,-0.0522841,0.2289635
1788241016482816768,OK,1,0,10.3158,1.91925,0,561,0,-3.752507,-0.025365,-0.421522,-0.0037361,0.9710596,-0.0524058,0.2329871
1788241016516162560,OK,1,0,10.1313,2.21396,0,539,0,-3.746686,-0.026342,-0.430746,-0.0037200,0.9699143,-0.0525713,0.2376735
1788241016549508608,OK,1,0,9.70562,1.12,0,514,0,-3.737473,-0.028388,-0.439005,-0.0031032,0.9689925,-0.0525320,0.2414213
1788241016582854144,OK,1,0,10.4198,1.375,0,501,0,-3.727417,-0.028470,-0.447764,-0.0029058,0.9680057,-0.0526315,0.2453295
1788241016616200192,OK,1,0,10.1954,2.02625,0,897,0,-3.717504,-0.027151,-0.455051,-0.0034002,0.9670659,-0.0527755,0.2489714
1788241016649541632,OK,1,0,11.3597,2.34625,0,776,0,-3.707480,-0.025974,-0.466480,-0.0035591,0.9659328,-0.0529771,0.2532874
1788241016682883328,OK,1,0,10.5887,2.52042,0,714,0,-3.698016,-0.025413,-0.474773,-0.0034008,0.9648618,-0.0528203,0.2573720
1788241016716224768,OK,1,0,11.0529,1.52038,0,690,0,-3.690791,-0.026501,-0.483776,-0.0030873,0.9637559,-0.0527362,0.2615034
1788241016749566464,OK,1,0,10.5297,1.2845,0,646,0,-3.681982,-0.026450,-0.491802,-0.0027773,0.9626913,-0.0527297,0.2654003
1788241016782907904,OK,1,0,11.6136,2.40563,0,609,0,-3.672565,-0.028045,-0.502517,-0.0029815,0.9615313,-0.0527477,0.2695669
1788241016816249600,OK,1,0,10.3196,1.37587,0,615,0,-3.662245,-0.028048,-0.509715,-0.0031361,0.9604434,-0.0528202,0.2734019
1788241016849591040,OK,1,0,10.8942,1.93342,0,556,0,-3.652941,-0.028339,-0.520687,-0.0031552,0.9593043,-0.0529633,0.2773451
1788241016882931712,OK,1,0,10.5058,0.515917,0,566,0,-3.640998,-0.028793,-0.527535,-0.0035680,0.9581578,-0.0530562,0.2812576
1788241016916272896,OK,1,0,10.7688,2.58688,0,558,0,-3.630325,-0.029731,-0.535642,-0.0040835,0.9568699,-0.0526363,0.2856795
1788241016949614592,OK,1,0,10.6599,1.13371,0,525,0,-3.620258,-0.029290,-0.543297,-0.0038917,0.9555751,-0.0522951,0.2900454
1788241016982955776,OK,1,0,10.478,0.337125,0,512,0,-3.610079,-0.028630,-0.554087,-0.0036019,0.9543507,-0.0524960,0.2940171
1788241017016297472,OK,1,0,10.334,1.33583,0,511,0,-3.600271,-0.030298,-0.561406,-0.0031569,0.9531543,-0.0524602,0.2978841
1788241017049638912,OK,1,0,16.0844,0.263917,0,537,0,-3.590979,-0.027549,-0.578865,-0.0021778,0.9518032,-0.0528121,0.3021207
1788241017082980352,OK,1,0,9.57338,1.43742,0,836,0,-3.581236,-0.028340,-0.587369,-0.0020363,0.9504637,-0.0526431,0.3063387
1788241017116321536,OK,1,0,10.5868,2.39879,0,780,0,-3.571884,-0.027887,-0.594053,-0.0018414,0.9492501,-0.0528982,0.3100366
1788241017149662976,OK,1,0,11.1022,2.22429,0,762,0,-3.560971,-0.028809,-0.603431,-0.0020583,0.9479060,-0.0528034,0.3141366
1788241017183004416,OK,1,0,10.66,1.51633,0,719,0,-3.549571,-0.029500,-0.610391,-0.0024353,0.9465604,-0.0528661,0.3181550
1788241017216345600,OK,1,0,10.354,1.504,0,675,0,-3.538371,-0.028457,-0.619101,-0.0025407,0.9450144,-0.0526687,0.3227496
1788241017249687040,OK,1,0,11.0708,2.29287,0,651,0,-3.526424,-0.028537,-0.625253,-0.0027644,0.9437688,-0.0528558,0.3263420
1788241017283028480,OK,1,0,11.2796,1.37342,0,634,0,-3.516149,-0.030651,-0.634071,-0.0025854,0.9423873,-0.0526469,0.3303450
1788241017316368896,OK,1,0,10.519,0.492875,0,625,0,-3.505084,-0.030034,-0.639407,-0.0024858,0.9410311,-0.0528680,0.3341546
1788241017349710080,OK,1,0,11.4358,2.21813,0,614,0,-3.493994,-0.033317,-0.646375,-0.0028306,0.9395930,-0.0525199,0.3382288
1788241017383051520,OK,1,0,10.2352,2.29329,0,613,0,-3.482115,-0.032730,-0.650636,-0.0030434,0.9382722,-0.0523947,0.3418931
1788241017416392704,OK,1,0,10.3596,1.3305,0,579,0,-3.469472,-0.032790,-0.659703,-0.0032635,0.9368225,-0.0524538,0.3458347
1788241017449733888,OK,1,0,10.4726,1.24887,0,570,0,-3.457398,-0.033432,-0.666118,-0.0037463,0.9353499,-0.0522920,0.3498173
1788241017483075072,OK,1,0,10.1576,1.22663,0,551,0,-3.446060,-0.033370,-0.673892,-0.0038945,0.9336002,-0.0518497,0.3545239
1788241017516416512,OK,1,0,14.1569,1.14387,0,565,0,-3.425713,-0.028643,-0.683785,-0.0036707,0.9325075,-0.0524562,0.3573022
1788241017549757696,OK,1,0,9.30421,1.15088,0,751,0,-3.417201,-0.029794,-0.692724,-0.0031297,0.9308453,-0.0526484,0.3615874
1788241017583098880,OK,1,0,9.78363,1.58179,0,740,0,-3.405898,-0.029920,-0.700268,-0.0026803,0.9292695,-0.0527281,0.3656102
1788241017616440064,OK,1,0,9.51383,2.62542,0,693,0,-3.394763,-0.031264,-0.706850,-0.0025031,0.9277880,-0.0526712,0.3693629
1788241017649783808,OK,1,0,9.35033,0.299208,0,678,0,-3.383993,-0.030389,-0.713322,-0.0024491,0.9261209,-0.0530925,0.3734640
1788241017683129344,OK,1,0,10.9485,2.48787,0,671,0,-3.371961,-0.029335,-0.719604,-0.0022609,0.9246015,-0.0532812,0.3771845
1788241017716475136,OK,1,0,10.5353,2.52154,0,642,0,-3.361697,-0.032230,-0.729361,-0.0025736,0.9228548,-0.0527158,0.3815147
1788241017749819904,OK,1,0,9.8695,1.39908,0,639,0,-3.350020,-0.031356,-0.733196,-0.0030130,0.9213253,-0.0523867,0.3852353
1788241017783165184,OK,1,0,9.48629,2.49596,0,639,0,-3.336665,-0.032131,-0.736955,-0.0034781,0.9196191,-0.0519766,0.3893417
1788241017816510976,OK,1,0,9.15508,0.283625,0,635,0,-3.324678,-0.032241,-0.746222,-0.0034670,0.9178312,-0.0519729,0.3935387
1788241017849856768,OK,1,0,12.5821,0.30525,0,620,0,-3.305215,-0.030186,-0.753487,-0.0034684,0.9162738,-0.0518662,0.3971653
1788241017883202304,OK,1,0,10.9425,2.33433,0,618,0,-3.292331,-0.030649,-0.756796,-0.0036356,0.9146538,-0.0516686,0.4009060
1788241017916548096,OK,1,0,8.707,1.26638,0,578,0,-3.280754,-0.031116,-0.760120,-0.0037818,0.9129632,-0.0519283,0.4047066
1788241017949893888,OK,1,0,10.7026,0.979875,0,596,0,-3.267690,-0.033176,-0.766297,-0.0036105,0.9111058,-0.0524634,0.4088041
1788241017983239424,OK,1,0,9.93229,0.271041,0,624,0,-3.255441,-0.028027,-0.783535,-0.0027977,0.9089828,-0.0532506,0.4134090
1788241018016585216,OK,1,0,9.79804,2.02867,0,800,0,-3.243398,-0.026053,-0.788649,-0.0024311,0.9072537,-0.0536514,0.4171407
1788241018049931008,OK,1,0,9.357,1.71058,0,748,0,-3.230790,-0.026612,-0.795393,-0.0024952,0.9054258,-0.0532842,0.4211398
1788241018083276544,OK,1,0,10.2862,1.98188,0,721,0,-3.218337,-0.027310,-0.798034,-0.0028191,0.9036753,-0.0532514,0.4248851
1788241018116622336,OK,1,0,9.65638,0.287833,0,705,0,-3.206618,-0.028625,-0.803621,-0.0031226,0.9018115,-0.0529967,0.4288563
1788241018149968384,OK,1,0,9.07054,1.41187,0,694,0,-3.195800,-0.029518,-0.805164,-0.0036085,0.9000191,-0.0530819,0.4325911
1788241018183312896,OK,1,0,10.4405,2.16792,0,676,0,-3.181106,-0.029677,-0.809994,-0.0038673,0.8981096,-0.0529829,0.4365513
1788241018216658688,OK,1,0,9.72979,2.46062,0,668,0,-3.165994,-0.029568,-0.814589,-0.0037100,0.8962244,-0.0526254,0.4404527
1788241018250004736,OK,1,0,8.76508,1.31967,0,665,0,-3.155982,-0.032043,-0.818325,-0.0034357,0.8943857,-0.0520141,0.4442489
1788241018283350272,OK,1,0,9.47558,2.35967,0,638,0,-3.143070,-0.032630,-0.823190,-0.0035250,0.8925238,-0.0522801,0.4479460
1788241018316696064,OK,1,0,10.1014,2.38367,0,638,0,-3.126966,-0.029233,-0.828859,-0.0035478,0.8904601,-0.0524101,0.4520193
1788241018350042112,OK,1,0,9.43471,1.24129,0,624,0,-3.115850,-0.030166,-0.832432,-0.0039911,0.8883626,-0.0519760,0.4561736
1788241018383387904,OK,1,0,9.14513,0.281875,0,635,0,-3.105795,-0.032577,-0.834967,-0.0041948,0.8864807,-0.0513339,0.4598904
1788241018416733696,OK,1,0,10.2194,1.57579,0,609,0,-3.090071,-0.034524,-0.838864,-0.0043912,0.8847139,-0.0511032,0.4633039
1788241018450079488,OK,1,0,9.24104,1.352,0,670,0,-3.082644,-0.036193,-0.850942,-0.0045930,0.8823920,-0.0515474,0.4676603
1788241018483425536,OK,1,0,9.452,0.285917,0,753,0,-3.069683,-0.038149,-0.853972,-0.0043137,0.8803507,-0.0512218,0.4715299
1788241018516771328,OK,1,0,10.3105,2.10588,0,760,0,-3.058432,-0.038681,-0.859357,-0.0039154,0.8782641,-0.0510894,0.4754227
1788241018550117120,OK,1,0,10.4799,0.984875,0,752,0,-3.047019,-0.038444,-0.862978,-0.0036177,0.8763325,-0.0511335,0.4789715
1788241018583463168,OK,1,0,10.3563,1.29083,0,736,0,-3.032959,-0.037444,-0.866340,-0.0038330,0.8742787,-0.0515847,0.4826605
1788241018616808960,OK,1,0,9.89829,0.402792,0,755,0,-3.021805,-0.039168,-0.867811,-0.0040210,0.8720753,-0.0510785,0.4866821
1788241018650149120,OK,1,0,10.1592,2.077,0,748,0,-3.009336,-0.038496,-0.871468,-0.0040655,0.8700145,-0.0504500,0.4904212
1788241018683483648,OK,1,0,9.86013,0.289042,0,756,0,-2.999007,-0.040600,-0.871032,-0.0042007,0.8680170,-0.0501065,0.4939819
1788241018716817920,OK,1,0,11.4569,2.2905,0,719,0,-2.986033,-0.040910,-0.874047,-0.0045558,0.8658814,-0.0504132,0.4976818
1788241018750152192,OK,1,0,10.5662,1.40842,0,720,0,-2.969488,-0.042606,-0.877357,-0.0048334,0.8636334,-0.0500782,0.5016037
1788241018783486208,OK,1,0,11.2683,2.05779,0,732,0,-2.955701,-0.041329,-0.879552,-0.0047395,0.8614343,-0.0498069,0.5053986
1788241018816820480,OK,1,0,10.9711,1.56692,0,747,0,-2.945510,-0.042617,-0.880959,-0.0048899,0.8592545,-0.0497556,0.5090995
1788241018850154496,OK,1,0,10.5463,0.52075,0,723,0,-2.929260,-0.043382,-0.884088,-0.0053860,0.8569699,-0.0497350,0.5129329
1788241018883488512,OK,1,0,10.7661,0.278417,0,754,0,-2.913241,-0.046937,-0.892002,-0.0056228,0.8542069,-0.0487905,0.5176085
1788241018916822528,OK,1,0,10.6798,2.21387,0,776,0,-2.898932,-0.044721,-0.894822,-0.0052198,0.8518984,-0.0479189,0.5214841
1788241018950156544,OK,1,0,10.0703,1.23287,0,772,0,-2.884120,-0.044538,-0.896462,-0.0048086,0.8497515,-0.0475231,0.5250151
1788241018983490304,OK,1,0,9.99642,1.75433,0,769,0,-2.873039,-0.044544,-0.900470,-0.0044950,0.8474815,-0.0474828,0.5286779
1788241019016824064,OK,1,0,10.7899,2.23158,0,866,0,-2.859007,-0.044674,-0.902004,-0.0043102,0.8452194,-0.0475143,0.5322857
1788241019050157824,OK,1,0,10.4925,0.348292,0,882,0,-2.846360,-0.045117,-0.907662,-0.0040839,0.8426238,-0.0466921,0.5364592
1788241019083490560,OK,1,0,11.606,1.21396,0,893,0,-2.834630,-0.044219,-0.910416,-0.0039683,0.8402256,-0.0465231,0.5402229
1788241019116824064,OK,1,0,10.8678,1.69525,0,863,0,-2.819974,-0.044847,-0.910843,-0.0042909,0.8380163,-0.0465442,0.5436395
1788241019150157568,OK,1,0,11.2304,2.55296,0,839,0,-2.807544,-0.045442,-0.911834,-0.0048044,0.8356403,-0.0464128,0.5472915
1788241019183491072,OK,1,0,11.3599,2.58913,0,851,0,-2.792358,-0.042019,-0.913218,-0.0046907,0.8331538,-0.0460661,0.5510995
1788241019216824320,OK,1,0,11.3592,2.4025,0,839,0,-2.776693,-0.042052,-0.915029,-0.0046017,0.8307822,-0.0457356,0.5546963
1788241019250157824,OK,1,0,12.2932,1.85512,0,820,0,-2.764544,-0.042134,-0.914744,-0.0047025,0.8284461,-0.0458205,0.5581715
1788241019283491072,OK,1,0,10.9477,0.307792,0,815,0,-2.750412,-0.041389,-0.916474,-0.0048708,0.8259996,-0.0456970,0.5617943
1788241019316824320,OK,1,0,11.3967,1.41325,0,821,0,-2.735387,-0.040870,-0.918180,-0.0052111,0.8235173,-0.0451826,0.5654651
1788241019350157312,OK,1,0,9.86517,2.43492,0,810,0,-2.724757,-0.039675,-0.917257,-0.0053616,0.8210109,-0.0448657,0.5691215
1788241019383490304,OK,1,0,11.223,0.354541,0,777,0,-2.710229,-0.040895,-0.918440,-0.0057146,0.8185847,-0.0445826,0.5726246
1788241019416823296,OK,1,0,11.3306,0.369875,0,865,0,-2.695967,-0.044519,-0.916530,-0.0063849,0.8162795,-0.0444668,0.5759077
1788241019450156288,OK,1,0,11.5964,0.347125,0,1003,0,-2.686738,-0.045262,-0.916332,-0.0063881,0.8135517,-0.0441151,0.5797817
1788241019483489280,OK,1,0,10.7974,1.32987,0,999,0,-2.674589,-0.044837,-0.919629,-0.0056157,0.8107724,-0.0441580,0.5836667
1788241019516820992,OK,1,0,11.0475,0.340292,0,977,0,-2.660782,-0.044501,-0.918500,-0.0049239,0.8085738,-0.0444436,0.5866932
1788241019550153728,OK,1,0,11.6095,1.16242,0,971,0,-2.651497,-0.044948,-0.919985,-0.0042870,0.8060313,-0.0448829,0.5901530
1788241019583486208,OK,1,0,11.0244,1.29846,0,958,0,-2.639866,-0.044743,-0.918390,-0.0040781,0.8035201,-0.0452974,0.5935376
1788241019616819200,OK,1,0,10.8267,0.3205,0,923,0,-2.627293,-0.044296,-0.917531,-0.0039319,0.8007796,-0.0453556,0.5972265
1788241019650156544,OK,1,0,10.1137,1.35271,0,934,0,-2.615297,-0.045110,-0.918581,-0.0039917,0.7981431,-0.0449167,0.6007780
1788241019683500544,OK,1,0,10.2188,0.281584,0,949,0,-2.601401,-0.044468,-0.918224,-0.0041574,0.7955933,-0.0445705,0.6041751
1788241019716844544,OK,1,0,10.2134,1.58254,0,924,0,-2.589612,-0.045855,-0.917747,-0.0049776,0.7927730,-0.0442761,0.6078863
1788241019750188544,OK,1,0,10.7409,1.8805,0,929,0,-2.573166,-0.046615,-0.914368,-0.0053983,0.7903132,-0.0438544,0.6111078
1788241019783532800,OK,1,0,12.089,1.351,0,933,0,-2.560147,-0.046734,-0.914397,-0.0053957,0.7877259,-0.0432824,0.6144798
1788241019816877056,OK,1,0,16.5497,1.51342,0,932,0,-2.545393,-0.045471,-0.911943,-0.0054442,0.7853951,-0.0435394,0.6174376
1788241019850221312,OK,1,0,12.3141,1.30838,0,1034,0,-2.531658,-0.044416,-0.914584,-0.0053365,0.7825143,-0.0437161,0.6210731
1788241019883565312,OK,1,0,11.3807,1.938,0,1081,0,-2.518498,-0.043634,-0.913347,-0.0050462,0.7797747,-0.0436197,0.6245185
1788241019916909824,OK,1,0,11.2035,1.90996,0,1093,0,-2.506431,-0.043525,-0.915593,-0.0045133,0.7766653,-0.0433641,0.6284029
1788241019950254336,OK,1,0,11.21,1.92558,0,1103,0,-2.492822,-0.042587,-0.917330,-0.0038053,0.7739906,-0.0431606,0.6317129
1788241019983597824,OK,1,0,11.3689,2.11725,0,1069,0,-2.481650,-0.043206,-0.918364,-0.0037047,0.7711554,-0.0433294,0.6351600
1788241020016942336,OK,1,0,10.9911,1.93317,0,1111,0,-2.468928,-0.043506,-0.915489,-0.0038905,0.7684262,-0.0432097,0.6384662
1788241020050287104,OK,1,0,11.8439,1.23542,0,1055,0,-2.456641,-0.043132,-0.915668,-0.0037697,0.7657031,-0.0427637,0.6417599
1788241020083631872,OK,1,0,12.0057,1.7825,0,1113,0,-2.443265,-0.042844,-0.914766,-0.0038640,0.7632616,-0.0423218,0.6446904
1788241020116976640,OK,1,0,11.3737,0.278041,0,1089,0,-2.430499,-0.042138,-0.912023,-0.0040264,0.7608989,-0.0425440,0.6474617
1788241020150321408,OK,1,0,11.9405,1.09846,0,1084,0,-2.416465,-0.042526,-0.910828,-0.0042977,0.7584559,-0.0426781,0.6503113
1788241020183666176,OK,1,0,11.8957,1.4495,0,1180,0,-2.403929,-0.041553,-0.908454,-0.0038930,0.7563204,-0.0423075,0.6528203
1788241020217011200,OK,1,0,12.1295,1.71913,0,1163,0,-2.390930,-0.040611,-0.910564,-0.0035088,0.7543609,-0.0421206,0.6550978
1788241020250356480,OK,1,0,11.645,1.627,0,1114,0,-2.379156,-0.040741,-0.908700,-0.0036197,0.7529326,-0.0425488,0.6567107
1788241020283701504,OK,1,0,12.458,2.05112,0,1167,0,-2.366177,-0.041687,-0.910741,-0.0039278,0.7514299,-0.0425798,0.6584259
1788241020317046528,OK,1,0,13.0153,2.45021,0,1178,0,-2.353342,-0.043648,-0.910551,-0.0043179,0.7505959,-0.0420314,0.6594092
1788241020350391808,OK,1,0,13.0456,2.24608,0,1279,0,-2.340170,-0.043602,-0.910403,-0.0043973,0.7500913,-0.0420527,0.6599813
1788241020383737088,OK,1,0,12.0713,2.14167,0,1180,0,-2.326658,-0.042651,-0.911906,-0.0042653,0.7493442,-0.0421653,0.6608231
1788241020417081600,OK,1,0,11.8217,1.18683,0,1206,0,-2.313655,-0.044007,-0.914195,-0.0041899,0.7485055,-0.0419978,0.6617841
1788241020450426880,OK,1,0,12.9361,1.08579,0,1308,0,-2.302095,-0.043999,-0.913785,-0.0039300,0.7477086,-0.0421212,0.6626781
1788241020483772160,OK,1,0,13.0907,2.32508,0,1193,0,-2.290432,-0.043725,-0.915055,-0.0038252,0.7468050,-0.0422248,0.6636903
1788241020517117952,OK,1,0,12.5823,1.40738,0,1244,0,-2.276619,-0.042518,-0.917038,-0.0033792,0.7461710,-0.0423070,0.6644002
1788241020550463488,OK,1,0,12.5402,1.20362,0,1239,0,-2.266284,-0.043823,-0.919480,-0.0031209,0.7457316,-0.0422202,0.6649001
1788241020583809024,OK,1,0,13.006,1.15992,0,1182,0,-2.253139,-0.044727,-0.920562,-0.0031069,0.7453018,-0.0425321,0.6653619
1788241020617154816,OK,1,0,13.0232,1.99137,0,1167,0,-2.240896,-0.043233,-0.921981,-0.0031454,0.7446125,-0.0427123,0.6661217
1788241020650496512,OK,1,0,12.8407,1.98079,0,1140,0,-2.228075,-0.042391,-0.922238,-0.0033670,0.7442521,-0.0423727,0.6665448
1788241020683832832,OK,1,0,13.6989,2.46992,0,1237,0,-2.214740,-0.044737,-0.923870,-0.0038474,0.7440208,-0.0421635,0.6668137
1788241020717168896,OK,1,0,12.5353,2.08175,0,1150,0,-2.201427,-0.043313,-0.923961,-0.0037838,0.7438533,-0.0417003,0.6670300
1788241020750505216,OK,1,0,12.3271,1.28838,0,1130,0,-2.186302,-0.043494,-0.927035,-0.0041830,0.7434853,-0.0416352,0.6674419
1788241020783841280,OK,1,0,12.5895,0.281208,0,1323,0,-2.174425,-0.044039,-0.928347,-0.0041545,0.7430612,-0.0416126,0.6679155
1788241020817177344,OK,1,0,12.7191,1.37867,0,1172,0,-2.162508,-0.045287,-0.928519,-0.0040037,0.7427868,-0.0411634,0.6682494
1788241020850512128,OK,1,0,14.3515,2.45625,0,1413,0,-2.147551,-0.043334,-0.931551,-0.0040517,0.7423326,-0.0412982,0.6687454
1788241020883848192,OK,1,0,13.0109,2.188,0,1253,0,-2.135572,-0.042080,-0.933129,-0.0039958,0.7419903,-0.0412467,0.6691288
1788241020917184000,OK,1,0,13.1848,1.45033,0,1195,0,-2.122175,-0.040751,-0.932748,-0.0044813,0.7417633,-0.0413768,0.6693693
1788241020950520064,OK,1,0,13.2881,2.002,0,1171,0,-2.108312,-0.040086,-0.930665,-0.0047825,0.7414844,-0.0417886,0.6696505
1788241020983855616,OK,1,0,13.4843,1.36517,0,1134,0,-2.096102,-0.042159,-0.932729,-0.0050218,0.7408626,-0.0413691,0.6703627
1788241021017191680,OK,1,0,12.5267,2.20229,0,1116,0,-2.081872,-0.040729,-0.935420,-0.0048763,0.7404764,-0.0406541,0.6708340
1788241021050527232,OK,1,0,13.4438,1.25104,0,1100,0,-2.067965,-0.040927,-0.938496,-0.0045171,0.7401745,-0.0404062,0.6711844
1788241021083863040,OK,1,0,13.7533,2.13008,0,1112,0,-2.057705,-0.041950,-0.942293,-0.0040088,0.7397118,-0.0398398,0.6717315
1788241021117198592,OK,1,0,14.0598,1.46808,0,1067,0,-2.044695,-0.043258,-0.945088,-0.0040235,0.7393739,-0.0395544,0.6721202
1788241021150534144,OK,1,0,13.3888,0.359292,0,1077,0,-2.032202,-0.044390,-0.946006,-0.0037763,0.7390508,-0.0396204,0.6724730
1788241021183869696,OK,1,0,13.4211,2.87625,0,1036,0,-2.019890,-0.044337,-0.947942,-0.0037055,0.7386867,-0.0393921,0.6728866
1788241021217205248,OK,1,0,14.0591,2.2645,0,1029,0,-2.007023,-0.044070,-0.946978,-0.0037823,0.7386740,-0.0393643,0.6729019
1788241021250540800,OK,1,0,14.4012,2.42758,0,1011,0,-1.994509,-0.043118,-0.947788,-0.0037213,0.7383616,-0.0392906,0.6732492
1788241021283876096,OK,1,0,12.0587,1.63204,0,1018,0,-1.980028,-0.041840,-0.949493,-0.0039087,0.7379376,-0.0390344,0.6737278
1788241021317210368,OK,1,0,12.3009,0.267,0,1271,0,-1.976047,-0.034411,-0.948419,-0.0036005,0.7376490,-0.0398213,0.6739994
1788241021350545664,OK,1,0,13.1568,1.72017,0,1269,0,-1.961659,-0.034608,-0.947319,-0.0038657,0.7374303,-0.0397401,0.6742420
1788241021383881216,OK,1,0,12.9045,1.76667,0,1259,0,-1.949582,-0.035314,-0.946904,-0.0038068,0.7373884,-0.0394338,0.6743062
1788241021417216256,OK,1,0,12.2481,0.263583,0,1229,0,-1.936419,-0.035147,-0.950117,-0.0034477,0.7370505,-0.0391506,0.6746940
1788241021450551552,OK,1,0,13.165,1.38712,0,1595,0,-1.924074,-0.034496,-0.950742,-0.0035342,0.7366810,-0.0392669,0.6750901
1788241021483886592,OK,1,0,13.0728,2.00979,0,1282,0,-1.912278,-0.034231,-0.951527,-0.0037848,0.7363011,-0.0392450,0.6755044
1788241021517221632,OK,1,0,11.6763,0.35125,0,1216,0,-1.898277,-0.032910,-0.952009,-0.0039817,0.7362533,-0.0395506,0.6755376
1788241021550556672,OK,1,0,11.142,1.27375,0,1168,0,-1.883654,-0.031763,-0.954166,-0.0044485,0.7361463,-0.0393084,0.6756654
1788241021583891712,OK,1,0,13.1038,1.72596,0,1109,0,-1.870921,-0.032319,-0.954794,-0.0047757,0.7360726,-0.0390082,0.6757608
1788241021617226496,OK,1,0,13.4747,1.51988,0,1106,0,-1.856279,-0.032014,-0.956703,-0.0047705,0.7360172,-0.0385694,0.6758463
1788241021650567168,OK,1,0,11.2143,1.82896,0,1094,0,-1.841679,-0.032634,-0.959144,-0.0051190,0.7359961,-0.0379787,0.6759002
1788241021683915264,OK,1,0,11.4659,2.31062,0,1031,0,-1.828760,-0.031855,-0.960812,-0.0050027,0.7358385,-0.0377269,0.6760868
1788241021717263616,OK,1,0,11.0497,2.4905,0,1014,0,-1.816075,-0.032178,-0.961114,-0.0049700,0.7358836,-0.0374052,0.6760559
1788241021750610944,OK,1,0,10.9707,1.621,0,1000,0,-1.803075,-0.033246,-0.963703,-0.0049842,0.7358269,-0.0371127,0.6761336
1788241021783959296,OK,1,0,11.1455,0.489125,0,1015,0,-1.784687,-0.037466,-0.965662,-0.0045666,0.7358174,-0.0362925,0.6761914
1788241021817307648,OK,1,0,10.972,0.250167,0,987,0,-1.773049,-0.037864,-0.968577,-0.0044532,0.7357156,-0.0362392,0.6763057
1788241021850656000,OK,1,0,10.3392,0.249916,0,972,0,-1.760471,-0.037213,-0.968358,-0.0041361,0.7357999,-0.0361813,0.6762192
1788241021884004352,OK,1,0,10.7141,2.44092,0,958,0,-1.746244,-0.037997,-0.969134,-0.0042705,0.7356824,-0.0362094,0.6763447
1788241021917352704,OK,1,0,10.2087,2.33817,0,960,0,-1.735475,-0.038693,-0.970527,-0.0046261,0.7354991,-0.0359953,0.6765530
1788241021950701056,OK,1,0,13.1092,0.774333,0,951,0,-1.720704,-0.036451,-0.970006,-0.0047117,0.7355551,-0.0358787,0.6764978
1788241021984049920,OK,1,0,9.661,1.43646,0,917,0,-1.707836,-0.036201,-0.971379,-0.0045986,0.7356831,-0.0356365,0.6763722
1788241022017398272,OK,1,0,9.37933,0.352375,0,903,0,-1.692533,-0.035889,-0.974821,-0.0050565,0.7357253,-0.0351065,0.6763507
1788241022050746880,OK,1,0,11.5874,1.93171,0,898,0,-1.680787,-0.036858,-0.978082,-0.0052118,0.7353920,-0.0342485,0.6767559
1788241022084095488,OK,1,0,10.8542,1.27621,0,1599,0,-1.665178,-0.033948,-0.979877,-0.0049799,0.7352539,-0.0340400,0.6769182
1788241022117444096,OK,1,0,11.9208,1.13929,0,1211,0,-1.652146,-0.034347,-0.980947,-0.0051452,0.7354139,-0.0337127,0.6767595
1788241022150792704,OK,1,0,11.7661,1.30758,0,1113,0,-1.639640,-0.033930,-0.982475,-0.0049627,0.7355983,-0.0337617,0.6765579
1788241022184140288,OK,1,0,12.295,1.11433,0,1074,0,-1.627899,-0.035146,-0.984712,-0.0054218,0.7355059,-0.0336009,0.6766629
1788241022217488896,OK,1,0,12.0789,2.15896,0,1078,0,-1.612858,-0.034356,-0.984623,-0.0059516,0.7352019,-0.0334455,0.6769965
1788241022250838016,OK,1,0,12.7338,0.299666,0,1057,0,-1.601079,-0.033961,-0.985256,-0.0057889,0.7349260,-0.0335717,0.6772911
1788241022284186624,OK,1,0,11.9159,1.72237,0,1025,0,-1.588348,-0.033222,-0.988025,-0.0057253,0.7349418,-0.0336923,0.6772685
1788241022317535488,OK,1,0,10.8258,2.47096,0,955,0,-1.576752,-0.033306,-0.987829,-0.0055256,0.7352090,-0.0337582,0.6769767
1788241022350884352,OK,1,0,11.0562,0.27025,0,946,0,-1.562245,-0.033136,-0.989595,-0.0052831,0.7350246,-0.0337266,0.6771805
1788241022384233216,OK,1,0,10.8477,0.271666,0,1006,0,-1.549094,-0.033900,-0.989550,-0.0051926,0.7349568,-0.0337543,0.6772534
1788241022417582080,OK,1,0,10.705,1.48504,0,979,0,-1.537411,-0.032731,-0.991782,-0.0045530,0.7351410,-0.0337991,0.6770558
1788241022450930944,OK,1,0,11.3202,2.28033,0,964,0,-1.524762,-0.033411,-0.995151,-0.0041385,0.7353604,-0.0339272,0.6768138
1788241022484280064,OK,1,0,10.5788,0.576333,0,953,0,-1.513274,-0.034921,-0.995498,-0.0041884,0.7352949,-0.0340305,0.6768794
1788241022517628928,OK,1,0,10.7951,0.344666,0,956,0,-1.502367,-0.034490,-0.995850,-0.0041308,0.7348025,-0.0345489,0.6773881
1788241022550978048,OK,1,0,10.6785,1.17687,0,924,0,-1.489273,-0.034121,-0.995333,-0.0043049,0.7349987,-0.0350059,0.6771506
1788241022584327168,OK,1,0,10.9703,1.28321,0,913,0,-1.476727,-0.032740,-0.997287,-0.0041362,0.7350591,-0.0350535,0.6770837
1788241022617676288,OK,1,0,11.4272,2.05713,0,890,0,-1.464299,-0.032634,-1.000101,-0.0038917,0.7348849,-0.0348212,0.6772862
1788241022651020032,OK,1,0,10.949,1.87079,0,1575,0,-1.450853,-0.033537,-1.000906,-0.0041056,0.7350265,-0.0342220,0.6771618
1788241022684359424,OK,1,0,13.3448,1.933,0,1242,0,-1.437133,-0.032807,-1.002013,-0.0041042,0.7351040,-0.0339364,0.6770920
1788241022717698816,OK,1,0,14.3637,2.28104,0,1184,0,-1.423399,-0.032194,-1.004518,-0.0039831,0.7350830,-0.0335411,0.6771352
1788241022751038208,OK,1,0,13.312,2.18662,0,1168,0,-1.410349,-0.031041,-1.005285,-0.0043185,0.7352769,-0.0332742,0.6769357
1788241022784377344,OK,1,0,12.1327,1.54842,0,1121,0,-1.396995,-0.029947,-1.006307,-0.0043936,0.7351791,-0.0333917,0.6770358
1788241022817716480,OK,1,0,11.7979,2.49558,0,1087,0,-1.384262,-0.030861,-1.005962,-0.0045379,0.7351721,-0.0335658,0.6770338
1788241022851055872,OK,1,0,13.4436,0.274709,0,1082,0,-1.370602,-0.031018,-1.008388,-0.0046301,0.7350863,-0.0334788,0.6771306
1788241022884395008,OK,1,0,12.3508,2.10808,0,1063,0,-1.356423,-0.030176,-1.009232,-0.0044994,0.7351316,-0.0335637,0.6770781
1788241022917734144,OK,1,0,11.7962,2.554,0,1040,0,-1.345018,-0.029857,-1.011293,-0.0041717,0.7351310,-0.0333349,0.6770921
1788241022951073536,OK,1,0,11.242,1.14021,0,1057,0,-1.329148,-0.028840,-1.013160,-0.0038396,0.7350804,-0.0330500,0.6771631
1788241022984412672,OK,1,0,12.4103,2.05871,0,1027,0,-1.317378,-0.027976,-1.015055,-0.0033472,0.7350963,-0.0330337,0.6771491
1788241023017751808,OK,1,0,11.6238,2.16717,0,1002,0,-1.303648,-0.028178,-1.017856,-0.0030163,0.7350407,-0.0329077,0.6772172
1788241023051090944,OK,1,0,11.809,0.26775,0,990,0,-1.290201,-0.028836,-1.019235,-0.0029402,0.7350232,-0.0328837,0.6772378
1788241023084429056,OK,1,0,11.3834,1.86796,0,977,0,-1.277776,-0.027780,-1.018636,-0.0023994,0.7351099,-0.0331414,0.6771331
1788241023117767936,OK,1,0,11.4669,1.42746,0,1583,0,-1.266997,-0.027793,-1.020372,-0.0023003,0.7350408,-0.0334451,0.6771936
1788241023151106816,OK,1,0,13.7474,1.24425,0,1246,0,-1.255882,-0.028931,-1.021821,-0.0025521,0.7350149,-0.0333818,0.6772240
1788241023184445952,OK,1,0,11.702,1.24438,0,1156,0,-1.242882,-0.029042,-1.024969,-0.0023386,0.7349616,-0.0331733,0.6772928
1788241023217784832,OK,1,0,12.4642,1.60704,0,1127,0,-1.229699,-0.028710,-1.026549,-0.0019591,0.7349890,-0.0334156,0.6772524
1788241023251123968,OK,1,0,12.7094,2.06567,0,1089,0,-1.217487,-0.029732,-1.028227,-0.0015586,0.7349496,-0.0334681,0.6772935
1788241023284462848,OK,1,0,13.2637,1.57987,0,1031,0,-1.204635,-0.028964,-1.028756,-0.0015928,0.7351542,-0.0333903,0.6770753
1788241023317801984,OK,1,0,12.2702,1.75362,0,1014,0,-1.191582,-0.028543,-1.028818,-0.0018657,0.7352664,-0.0333935,0.6769525
1788241023351140864,OK,1,0,12.456,0.292875,0,990,0,-1.178291,-0.028104,-1.029813,-0.0020251,0.7349962,-0.0336679,0.6772318
1788241023384479744,OK,1,0,11.9717,2.167,0,978,0,-1.167459,-0.029850,-1.031700,-0.0023307,0.7350176,-0.0337298,0.6772045
1788241023417818624,OK,1,0,12.4017,2.73142,0,1657,0,-1.153477,-0.031851,-1.033400,-0.0025553,0.7349113,-0.0335025,0.6773304
1788241023451157504,OK,1,0,13.8201,1.87525,0,1301,0,-1.140933,-0.030926,-1.033586,-0.0023857,0.7350907,-0.0337597,0.6771235
1788241023484496384,OK,1,0,13.245,1.36442,0,1185,0,-1.128199,-0.030764,-1.033237,-0.0025273,0.7350711,-0.0342504,0.6771197
1788241023517835264,OK,1,0,13.3163,0.279667,0,1145,0,-1.115068,-0.030480,-1.032221,-0.0027096,0.7349419,-0.0347931,0.6772315
1788241023551172864,OK,1,0,12.6035,0.281875,0,1101,0,-1.103055,-0.031050,-1.033624,-0.0028331,0.7348813,-0.0349204,0.6772901
1788241023584511744,OK,1,0,12.1541,0.268084,0,1071,0,-1.090279,-0.030803,-1.035159,-0.0029784,0.7349176,-0.0349046,0.6772510
1788241023617850624,OK,1,0,11.1031,1.37758,0,1023,0,-1.077688,-0.030957,-1.037979,-0.0026103,0.7347305,-0.0349196,0.6774547
1788241023651187712,OK,1,0,11.0129,0.29075,0,1014,0,-1.065105,-0.030448,-1.038747,-0.0021944,0.7348363,-0.0349225,0.6773412
1788241023684523008,OK,1,0,11.9853,1.18821,0,956,0,-1.052557,-0.029376,-1.040170,-0.0020007,0.7347018,-0.0354484,0.6774606
1788241023717858048,OK,1,0,11.9399,0.311791,0,1586,0,-1.038711,-0.028869,-1.040887,-0.0016901,0.7345448,-0.0356874,0.6776192
1788241023751193344,OK,1,0,12.581,0.266334,0,1195,0,-1.026862,-0.029097,-1.042578,-0.0018065,0.7344188,-0.0355130,0.6777645
1788241023784528640,OK,1,0,13.365,2.35754,0,1115,0,-1.013670,-0.028572,-1.043013,-0.0014602,0.7343190,-0.0354848,0.6778750
1788241023817863424,OK,1,0,12.5149,1.38629,0,1094,0,-1.002515,-0.029803,-1.044901,-0.0010047,0.7340188,-0.0357930,0.6781846
1788241023851198464,OK,1,0,12.9753,2.11029,0,1046,0,-0.990970,-0.029449,-1.046555,-0.0010174,0.7340248,-0.0362421,0.6781542
1788241023884533504,OK,1,0,11.4462,1.90708,0,1014,0,-0.976781,-0.029010,-1.044647,-0.0011908,0.7338499,-0.0362602,0.6783422
1788241023917868288,OK,1,0,13.0365,2.02817,0,992,0,-0.963511,-0.029382,-1.044610,-0.0015018,0.7330284,-0.0360473,0.6792407
1788241023951203072,OK,1,0,12.7012,2.17633,0,968,0,-0.952538,-0.028710,-1.046982,-0.0014742,0.7325721,-0.0361780,0.6797258
1788241023984536832,OK,1,0,11.7977,1.993,0,949,0,-0.938368,-0.029020,-1.046922,-0.0009520,0.7324421,-0.0360189,0.6798751
1788241024017871616,OK,1,0,11.5766,1.44833,0,935,0,-0.927054,-0.029693,-1.048897,-0.0009287,0.7317899,-0.0359457,0.6805812
1788241024051206144,OK,1,0,12.2288,0.267,0,1563,0,-0.914529,-0.028572,-1.049002,-0.0008249,0.7310547,-0.0363705,0.6813483
1788241024084540672,OK,1,0,13.2137,1.27717,0,1190,0,-0.902817,-0.028710,-1.047747,-0.0008976,0.7303349,-0.0367274,0.6821006
1788241024117875200,OK,1,0,12.5503,1.72296,0,1103,0,-0.889121,-0.028433,-1.048576,-0.0010820,0.7297509,-0.0361999,0.6827533
1788241024151209728,OK,1,0,12.0652,2.03071,0,1028,0,-0.876194,-0.028064,-1.048371,-0.0013145,0.7293201,-0.0362625,0.6832097
1788241024184544256,OK,1,0,11.9567,1.25329,0,1002,0,-0.865044,-0.029242,-1.048162,-0.0013970,0.7283305,-0.0362340,0.6842659
1788241024217878784,OK,1,0,11.9575,0.524209,0,976,0,-0.852160,-0.029131,-1.048367,-0.0013432,0.7272636,-0.0360358,0.6854103
1788241024251212800,OK,1,0,12.1611,0.324125,0,950,0,-0.839203,-0.029572,-1.047804,-0.0012450,0.7258628,-0.0363045,0.6868796
1788241024284547072,OK,1,0,11.4171,2.27371,0,919,0,-0.825573,-0.029232,-1.046706,-0.0006696,0.7240310,-0.0362805,0.6888123
1788241024317881344,OK,1,0,12.4236,2.38025,0,880,0,-0.815594,-0.029373,-1.044974,-0.0002249,0.7223544,-0.0359746,0.6905867
1788241024351215616,OK,1,0,11.4217,2.39729,0,914,0,-0.800490,-0.028889,-1.041435,0.0000720,0.7208186,-0.0360770,0.6921842
1788241024384549632,OK,1,0,11.9437,1.40671,0,1462,0,-0.788638,-0.029029,-1.039306,0.0004557,0.7190663,-0.0363214,0.6939915
1788241024417882624,OK,1,0,12.6793,1.50979,0,1119,0,-0.776634,-0.029306,-1.038370,0.0006037,0.7169047,-0.0365452,0.6962125
1788241024451216640,OK,1,0,11.5876,2.12342,0,1053,0,-0.764808,-0.028707,-1.035953,0.0010242,0.7149258,-0.0365097,0.6982458
1788241024484550656,OK,1,0,11.4724,1.98087,0,985,0,-0.752225,-0.028883,-1.034425,0.0012308,0.7129892,-0.0366461,0.7002156
1788241024517884160,OK,1,0,11.7909,0.290542,0,972,0,-0.740099,-0.028537,-1.031672,0.0012968,0.7112558,-0.0362035,0.7019992
1788241024551218176,OK,1,0,11.3685,1.30229,0,933,0,-0.726988,-0.028512,-1.030336,0.0009807,0.7094066,-0.0356598,0.7038962
1788241024584551936,OK,1,0,12.0781,0.305125,0,905,0,-0.712280,-0.027702,-1.028089,0.0007809,0.7073771,-0.0353762,0.7059501
1788241024617885696,OK,1,0,12.1795,0.413958,0,875,0,-0.699554,-0.027230,-1.024379,0.0006951,0.7052599,-0.0357056,0.7080489
1788241024651219968,OK,1,0,10.8532,2.13871,0,887,0,-0.686387,-0.027335,-1.021884,0.0006373,0.7031228,-0.0353179,0.7101905
1788241024684555008,OK,1,0,11.1723,1.73367,0,879,0,-0.672727,-0.024173,-1.017869,0.0007168,0.7010435,-0.0351985,0.7122489
1788241024717889792,OK,1,0,12.1998,1.22858,0,1444,0,-0.659126,-0.025105,-1.013438,0.0003282,0.6988539,-0.0355073,0.7143825
1788241024751224832,OK,1,0,12.2395,0.275666,0,1128,0,-0.647964,-0.024743,-1.010094,0.0003254,0.6960825,-0.0362370,0.7170467
1788241024784559872,OK,1,0,11.3135,1.40246,0,1054,0,-0.637509,-0.025895,-1.007795,0.0008151,0.6933116,-0.0358626,0.7197446
1788241024817894656,OK,1,0,11.2488,2.51679,0,1011,0,-0.624977,-0.024908,-1.005524,0.0014013,0.6907640,-0.0351685,0.7222233
1788241024851228160,OK,1,0,10.8688,1.65625,0,996,0,-0.613570,-0.024715,-1.001505,0.0016241,0.6882073,-0.0353581,0.7246503
1788241024884562944,OK,1,0,12.1373,0.39475,0,930,0,-0.599993,-0.025605,-0.996236,0.0016128,0.6854268,-0.0355363,0.7272722
1788241024917897472,OK,1,0,12.3983,2.48862,0,872,0,-0.589360,-0.024923,-0.990417,0.0017568,0.6824895,-0.0351440,0.7300479
1788241024951232256,OK,1,0,11.327,2.08854,0,875,0,-0.576385,-0.023584,-0.985860,0.0017280,0.6793712,-0.0345415,0.7329793
1788241024984566528,OK,1,0,11.6841,2.273,0,832,0,-0.561801,-0.022700,-0.980449,0.0010561,0.6763942,-0.0345847,0.7357266
1788241025017901056,OK,1,0,10.5687,2.4445,0,826,0,-0.549171,-0.022029,-0.974589,0.0005412,0.6734447,-0.0349035,0.7384130
1788241025051235328,OK,1,0,10.6065,0.297167,0,1371,0,-0.534889,-0.022443,-0.970316,0.0000766,0.6701785,-0.0340102,0.7414203
1788241025084569856,OK,1,0,12.5586,2.09825,0,1060,0,-0.521575,-0.022683,-0.965571,0.0000028,0.6673592,-0.0331293,0.7439988
1788241025117904128,OK,1,0,10.6172,1.43296,0,948,0,-0.509980,-0.022171,-0.960576,0.0003219,0.6644593,-0.0331338,0.7465895
1788241025151238400,OK,1,0,10.8555,0.303459,0,903,0,-0.498995,-0.022475,-0.955076,0.0003615,0.6616933,-0.0331288,0.7490422
1788241025184572416,OK,1,0,11.4342,0.595167,0,913,0,-0.486445,-0.022071,-0.950856,0.0000948,0.6584163,-0.0327844,0.7519396
1788241025217906432,OK,1,0,11.8207,1.2715,0,876,0,-0.472732,-0.020333,-0.944828,0.0001110,0.6555213,-0.0324120,0.7544808
1788241025251240448,OK,1,0,11.5382,0.425916,0,842,0,-0.462357,-0.021620,-0.938992,-0.0004276,0.6527039,-0.0322961,0.7569243
1788241025284574464,OK,1,0,10.4724,0.309,0,807,0,-0.450451,-0.020487,-0.931201,-0.0006528,0.6494178,-0.0326800,0.7597290
1788241025317907456,OK,1,0,10.4597,0.39125,0,806,0,-0.439739,-0.020582,-0.925032,-0.0007699,0.6459289,-0.0324961,0.7627052
1788241025351241216,OK,1,0,10.9935,1.51263,0,820,0,-0.429860,-0.020562,-0.920316,-0.0001067,0.6427034,-0.0319067,0.7654504
1788241025384575232,OK,1,0,11.1592,2.5305,0,1447,0,-0.419202,-0.021093,-0.915771,0.0006117,0.6396192,-0.0316958,0.7680380
1788241025417908992,OK,1,0,12.5509,2.44683,0,1090,0,-0.408658,-0.020006,-0.910007,0.0014222,0.6365803,-0.0322995,0.7705325
1788241025451242752,OK,1,0,11.0233,2.24608,0,968,0,-0.398937,-0.021364,-0.903453,0.0014001,0.6331138,-0.0323906,0.7733795
1788241025484576256,OK,1,0,10.5115,1.96962,0,937,0,-0.387533,-0.020332,-0.897080,0.0014514,0.6294561,-0.0319356,0.7763782
1788241025517910016,OK,1,0,10.395,2.39658,0,875,0,-0.375613,-0.019241,-0.889927,0.0014116,0.6259922,-0.0319518,0.7791732
1788241025551243520,OK,1,0,9.80617,2.25287,0,851,0,-0.364797,-0.019110,-0.881621,0.0009738,0.6225420,-0.0326322,0.7819051
1788241025584577024,OK,1,0,9.55783,0.286583,0,831,0,-0.353762,-0.017638,-0.872477,0.0006860,0.6187959,-0.0327961,0.7848666
1788241025617910272,OK,1,0,12.18,0.26,0,808,0,-0.341211,-0.016250,-0.864433,0.0004498,0.6153169,-0.0322845,0.7876183
1788241025651246592,OK,1,0,9.78058,1.71075,0,797,0,-0.331966,-0.015996,-0.858474,0.0005104,0.6118623,-0.0322552,0.7903063
1788241025684587008,OK,1,0,10.1483,1.88017,0,802,0,-0.319351,-0.015714,-0.849578,0.0008229,0.6082395,-0.0322653,0.7930971
1788241025717927424,OK,1,0,10.9692,1.6155,0,1406,0,-0.308288,-0.015926,-0.840388,0.0005692,0.6046606,-0.0319428,0.7958422
1788241025751266816,OK,1,0,11.8517,1.90817,0,1084,0,-0.296443,-0.014364,-0.834850,0.0009646,0.6008790,-0.0313888,0.7987229
1788241025784607232,OK,1,0,11.9008,1.96392,0,988,0,-0.285442,-0.014276,-0.828624,0.0012552,0.5971754,-0.0306602,0.8015234
1788241025817947392,OK,1,0,11.0501,2.01167,0,933,0,-0.273700,-0.013377,-0.820529,0.0011684,0.5935140,-0.0306522,0.8042389
1788241025851287808,OK,1,0,10.4794,2.82029,0,914,0,-0.264877,-0.013681,-0.812840,0.0009201,0.5898186,-0.0305269,0.8069581
1788241025884628224,OK,1,0,11.8369,0.298375,0,897,0,-0.254255,-0.013676,-0.804465,0.0004263,0.5860987,-0.0297457,0.8096934
1788241025917968384,OK,1,0,12.473,0.391,0,861,0,-0.243549,-0.012784,-0.796011,0.0000648,0.5825982,-0.0292948,0.8122322
1788241025951308544,OK,1,0,11.0672,1.379,0,830,0,-0.233095,-0.012945,-0.786824,0.0000036,0.5791415,-0.0293620,0.8146981
1788241025984648960,OK,1,0,10.5788,2.53354,0,780,0,-0.221848,-0.011932,-0.778925,0.0002039,0.5755086,-0.0296463,0.8172582
1788241026017989120,OK,1,0,11.1929,2.12271,0,798,0,-0.213985,-0.011838,-0.771948,0.0004445,0.5719327,-0.0295181,0.8197691
1788241026051329280,OK,1,0,10.6472,1.29617,0,791,0,-0.204528,-0.014010,-0.765094,0.0007687,0.5680467,-0.0289161,0.8224878
1788241026084669440,OK,1,0,11.1632,1.20663,0,1466,0,-0.193705,-0.012296,-0.756260,0.0009925,0.5643410,-0.0291815,0.8250252
1788241026118009600,OK,1,0,11.8053,1.44542,0,1069,0,-0.183219,-0.011168,-0.747080,0.0007394,0.5603369,-0.0293730,0.8277435
1788241026151349760,OK,1,0,11.9953,1.27033,0,1002,0,-0.173007,-0.010628,-0.737789,0.0001165,0.5564732,-0.0292669,0.8303499
1788241026184688896,OK,1,0,11.8864,1.63592,0,965,0,-0.163264,-0.009362,-0.728286,-0.0004197,0.5525615,-0.0290264,0.8329664
1788241026218029056,OK,1,0,12.7432,1.5345,0,950,0,-0.151226,-0.007717,-0.718105,-0.0007144,0.5487894,-0.0287443,0.8354660
1788241026251369216,OK,1,0,11.5844,1.32717,0,913,0,-0.142158,-0.007921,-0.709739,-0.0008241,0.5450683,-0.0287736,0.8378974
1788241026284709120,OK,1,0,11.9893,1.89233,0,885,0,-0.132077,-0.007424,-0.702085,-0.0004962,0.5410666,-0.0287899,0.8404867
1788241026318049280,OK,1,0,11.4754,2.18358,0,853,0,-0.123846,-0.007811,-0.693977,0.0004080,0.5373130,-0.0283796,0.8429052
1788241026351389184,OK,1,0,11.9078,2.36533,0,815,0,-0.114444,-0.008363,-0.687594,0.0010917,0.5335582,-0.0282328,0.8452913
1788241026384729344,OK,1,0,13.076,2.57579,0,819,0,-0.105669,-0.007779,-0.678523,0.0014105,0.5297059,-0.0283278,0.8477070
1788241026418069248,OK,1,0,12.2502,1.40387,0,788,0,-0.098468,-0.006679,-0.670154,0.0015030,0.5258501,-0.0285457,0.8500968
1788241026451409152,OK,1,0,12.7837,1.96983,0,793,0,-0.087453,-0.005909,-0.661069,0.0014908,0.5215322,-0.0284777,0.8527550
1788241026484749312,OK,1,0,12.6412,0.283458,0,1418,0,-0.076634,-0.005132,-0.649671,0.0012198,0.5176373,-0.0277116,0.8551504
1788241026518089216,OK,1,0,15.1759,2.147,0,1161,0,-0.067632,-0.004035,-0.640702,0.0010061,0.5137452,-0.0274077,0.8575043
1788241026551429120,OK,1,0,13.388,1.31479,0,1074,0,-0.056932,-0.003359,-0.630834,0.0007664,0.5097861,-0.0273924,0.8598647
1788241026584769024,OK,1,0,14.0414,1.45333,0,1032,0,-0.048289,-0.003336,-0.621702,0.0008685,0.5059634,-0.0273343,0.8621213
1788241026618108928,OK,1,0,13.7356,1.30913,0,973,0,-0.038747,-0.003165,-0.613335,0.0007823,0.5020147,-0.0269432,0.8644390
1788241026651447552,OK,1,0,13.9981,0.323083,0,957,0,-0.030090,-0.002377,-0.603792,0.0008553,0.4981899,-0.0268229,0.8666525
1788241026684786944,OK,1,0,13.0739,1.75525,0,953,0,-0.020924,-0.002419,-0.594240,0.0010482,0.4939656,-0.0269837,0.8690621
1788241026718126336,OK,1,0,13.8424,1.1475,0,949,0,-0.012251,-0.002226,-0.585284,0.0015680,0.4897290,-0.0269250,0.8714575
1788241026751465472,OK,1,0,13.9454,0.370792,0,925,0,-0.004475,-0.001539,-0.576373,0.0018666,0.4857520,-0.0263673,0.8736969
1788241026784804864,OK,1,0,13.5825,2.12758,0,909,0,0.001843,-0.001449,-0.566249,0.0019577,0.4821373,-0.0263192,0.8756981
1788241026818144256,OK,1,0,12.8366,1.24621,0,887,0,0.009585,-0.001245,-0.557217,0.0018843,0.4781290,-0.0264051,0.8778906
1788241026851483648,OK,1,0,12.3818,2.1315,0,868,0,0.020203,-0.000186,-0.548015,0.0017634,0.4735993,-0.0259784,0.8803554
1788241026884822784,OK,1,0,12.3741,1.63958,0,861,0,0.029457,0.000552,-0.534545,0.0015446,0.4697347,-0.0256688,0.8824331
1788241026918162176,OK,1,0,13.2194,1.81683,0,833,0,0.039019,0.001760,-0.521306,0.0014769,0.4659266,-0.0256602,0.8844500
1788241026951501312,OK,1,0,18.0934,0.265916,0,855,0,0.047896,0.003297,-0.509093,0.0016438,0.4618239,-0.0255354,0.8866025
1788241026984840704,OK,1,0,12.9386,1.3545,0,1369,0,0.056334,0.003274,-0.500585,0.0015020,0.4574731,-0.0248700,0.8888744
1788241027018179584,OK,1,0,16.2625,2.4915,0,1189,0,0.064028,0.003884,-0.490729,0.0015868,0.4534584,-0.0244807,0.8909398
1788241027051518720,OK,1,0,13.6939,2.27629,0,1131,0,0.071064,0.004566,-0.479452,0.0015019,0.4494660,-0.0247123,0.8929543
1788241027084856832,OK,1,0,14.7581,2.06046,0,1094,0,0.078022,0.005477,-0.467380,0.0010278,0.4451688,-0.0248769,0.8951005
1788241027118195968,OK,1,0,14.5582,2.2755,0,1051,0,0.086568,0.006218,-0.455861,0.0003416,0.4408749,-0.0242664,0.8972405
1788241027151535104,OK,1,0,14.7616,2.18196,0,1075,0,0.094579,0.006851,-0.444210,-0.0001113,0.4368493,-0.0238250,0.8992192
1788241027184874240,OK,1,0,15.5379,1.90558,0,1020,0,0.102530,0.008153,-0.433321,0.0000544,0.4328507,-0.0238332,0.9011505
1788241027218213376,OK,1,0,13.1934,1.36163,0,1030,0,0.111123,0.007972,-0.422064,0.0002878,0.4285670,-0.0234627,0.9032053
1788241027251552512,OK,1,0,12.8512,0.276417,0,998,0,0.118287,0.008080,-0.413254,0.0006889,0.4242655,-0.0225138,0.9052577
1788241027284891648,OK,1,0,14.9902,2.02533,0,960,0,0.124778,0.008885,-0.403742,0.0011653,0.4203654,-0.0222757,0.9070807
1788241027318230528,OK,1,0,13.7234,2.08387,0,949,0,0.131050,0.009930,-0.392425,0.0014441,0.4164389,-0.0226842,0.9088795
1788241027351569664,OK,1,0,13.5457,1.39108,0,925,0,0.137575,0.010711,-0.379374,0.0012592,0.4122157,-0.0229689,0.9107958
1788241027384908544,OK,1,0,13.0583,2.59025,0,899,0,0.143747,0.012663,-0.364872,0.0006787,0.4080954,-0.0229201,0.9126513
1788241027418247680,OK,1,0,13.4374,2.45321,0,914,0,0.151412,0.011741,-0.355391,0.0003163,0.4040837,-0.0222357,0.9144517
1788241027451586304,OK,1,0,13.4216,2.20304,0,881,0,0.158478,0.013380,-0.341881,0.0006256,0.4002237,-0.0223973,0.9161435
1788241027484925184,OK,1,0,12.9686,0.303417,0,874,0,0.163233,0.013822,-0.332568,0.0007782,0.3958417,-0.0225419,0.9180418
1788241027518264064,OK,1,0,12.9465,0.290042,0,820,0,0.171057,0.012838,-0.320390,0.0006952,0.3917358,-0.0219485,0.9198157
1788241027551602176,OK,1,0,15.9317,0.26125,0,885,0,0.178922,0.014371,-0.308169,0.0009225,0.3876524,-0.0212227,0.9215609
1788241027584940800,OK,1,0,13.5816,1.21675,0,1270,0,0.184417,0.015172,-0.296524,0.0009903,0.3834813,-0.0216195,0.9232951
1788241027618279680,OK,1,0,14.5194,2.12887,0,1164,0,0.189351,0.016981,-0.282895,0.0007893,0.3790584,-0.0220169,0.9251105
1788241027651623168,OK,1,0,15.1632,2.04021,0,1108,0,0.195206,0.017068,-0.272622,0.0003528,0.3744620,-0.0215209,0.9269925
1788241027684972800,OK,1,0,14.4032,2.00338,0,1095,0,0.201652,0.017169,-0.260538,0.0001944,0.3701205,-0.0207403,0.9287522
1788241027718322432,OK,1,0,14.1519,1.83171,0,1052,0,0.207638,0.017971,-0.247545,0.0002298,0.3660887,-0.0205700,0.9303526
1788241027751672320,OK,1,0,13.4172,1.25779,0,1032,0,0.213900,0.018123,-0.236324,0.0003979,0.3617806,-0.0205375,0.9320369
1788241027785022208,OK,1,0,15.092,1.87717,0,1047,0,0.217770,0.019080,-0.224326,0.0004405,0.3576791,-0.0201455,0.9336271
1788241027818372096,OK,1,0,13.8601,2.46787,0,1018,0,0.224116,0.019322,-0.211139,0.0002089,0.3534010,-0.0197443,0.9352636
1788241027851722240,OK,1,0,14.282,0.297625,0,970,0,0.228443,0.019804,-0.199344,0.0002529,0.3492805,-0.0198078,0.9368088
1788241027885072384,OK,1,0,13.4268,2.81988,0,973,0,0.231987,0.019262,-0.190246,0.0003012,0.3447744,-0.0200231,0.9384720
1788241027918422528,OK,1,0,13.9379,2.27583,0,931,0,0.236952,0.019839,-0.172254,0.0000951,0.3405061,-0.0201155,0.9400271
1788241027951772672,OK,1,0,13.7704,0.303959,0,942,0,0.241527,0.019281,-0.162207,0.0001283,0.3360752,-0.0197713,0.9416276
1788241027985122048,OK,1,0,13.836,0.3595,0,943,0,0.247728,0.019548,-0.150258,0.0002241,0.3315627,-0.0192998,0.9432358
1788241028018472704,OK,1,0,13.8129,2.16525,0,946,0,0.250491,0.019544,-0.139884,0.0002693,0.3271134,-0.0189047,0.9447960
1788241028051823104,OK,1,0,13.0723,2.14146,0,882,0,0.255385,0.019900,-0.125849,-0.0003109,0.3224873,-0.0190489,0.9463820
1788241028085173504,OK,1,0,13.004,2.185,0,910,0,0.257851,0.020345,-0.112878,-0.0005247,0.3183082,-0.0188309,0.9478001
1788241028118524416,OK,1,0,12.5419,2.06146,0,856,0,0.263295,0.022665,-0.097973,-0.0007459,0.3139271,-0.0182723,0.9492710
1788241028151875072,OK,1,0,22.2997,1.76671,0,896,0,0.269160,0.021182,-0.087561,-0.0011035,0.3094775,-0.0175563,0.9507440
1788241028185225728,OK,1,0,13.774,2.03921,0,893,0,0.271611,0.022515,-0.077003,-0.0009250,0.3048879,-0.0177067,0.9522232
1788241028218576896,OK,1,0,13.6262,2.13638,0,1407,0,0.276156,0.022724,-0.062734,-0.0005666,0.3004601,-0.0175259,0.9536332
1788241028251927808,OK,1,0,15.9178,1.83983,0,1169,0,0.279951,0.023718,-0.052687,-0.0001589,0.2958305,-0.0168486,0.9550919
1788241028285278720,OK,1,0,14.736,2.18892,0,1118,0,0.284424,0.023106,-0.042290,0.0001076,0.2914070,-0.0163583,0.9564593
1788241028318630144,OK,1,0,13.8265,1.38217,0,1077,0,0.287911,0.024420,-0.028785,0.0003615,0.2871583,-0.0161038,0.9577477
1788241028351981312,OK,1,0,15.4232,2.13821,0,1111,0,0.291846,0.025369,-0.016407,0.0006720,0.2827201,-0.0159311,0.9590699
1788241028385332480,OK,1,0,13.9098,0.551166,0,1054,0,0.293930,0.025769,-0.006001,0.0005976,0.2783674,-0.0153483,0.9603519
1788241028418682880,OK,1,0,14.8432,2.26096,0,1047,0,0.298938,0.028261,0.010125,0.0003260,0.2740245,-0.0150241,0.9616053
1788241028452034304,OK,1,0,15.7045,2.20479,0,1002,0,0.302518,0.028809,0.021014,-0.0000104,0.2693634,-0.0148652,0.9629239
1788241028485385984,OK,1,0,15.6911,2.36392,0,1023,0,0.305664,0.029455,0.033539,-0.0000299,0.2649435,-0.0148059,0.9641502
1788241028518737664,OK,1,0,14.9175,0.359333,0,1010,0,0.307099,0.029304,0.042492,-0.0000905,0.2606618,-0.0144972,0.9653214
1788241028552089088,OK,1,0,13.6139,1.43433,0,1023,0,0.310802,0.029568,0.057491,-0.0003317,0.2561746,-0.0141322,0.9665272
1788241028585441024,OK,1,0,14.2395,0.329334,0,997,0,0.313669,0.031664,0.069380,0.0000030,0.2515680,-0.0142197,0.9677352
1788241028618792960,OK,1,0,14.1603,0.377333,0,1020,0,0.316449,0.031695,0.081194,0.0006367,0.2470170,-0.0139764,0.9689102
1788241028652142848,OK,1,0,14.8606,0.273791,0,1026,0,0.320384,0.032787,0.092809,0.0012588,0.2424932,-0.0133694,0.9700602
1788241028685490176,OK,1,0,14.1061,2.29046,0,1014,0,0.320533,0.032301,0.102804,0.0014697,0.2385278,-0.0129378,0.9710484
1788241028718837760,OK,1,0,16.0524,0.287541,0,997,0,0.321740,0.031169,0.113753,0.0014296,0.2341075,-0.0127829,0.9721256
1788241028752185088,OK,1,0,16.1298,2.05717,0,1007,0,0.323837,0.032639,0.129720,0.0014485,0.2296251,-0.0131287,0.9731896
1788241028785532672,OK,1,0,14.8664,0.263583,0,987,0,0.323592,0.034435,0.141921,0.0013398,0.2251923,-0.0130364,0.9742262
1788241028818880256,OK,1,0,14.4081,2.11533,0,1007,0,0.328522,0.036621,0.158460,0.0012326,0.2204142,-0.0130016,0.9753190
1788241028852227072,OK,1,0,14.3889,1.63471,0,1034,0,0.330318,0.036175,0.171794,0.0009470,0.2156705,-0.0128923,0.9763806
1788241028885574912,OK,1,0,15.0801,0.279167,0,1067,0,0.332948,0.037176,0.184984,0.0007340,0.2107361,-0.0123026,0.9774653
1788241028918922752,OK,1,0,15.1324,0.338417,0,1064,0,0.334543,0.037580,0.197592,0.0006965,0.2062918,-0.0115687,0.9784219
1788241028952270848,OK,1,0,15.1572,2.98017,0,1025,0,0.334200,0.036245,0.209406,0.0006744,0.2022974,-0.0113250,0.9792584
1788241028985618688,OK,1,0,14.6822,2.326,0,1074,0,0.339062,0.036584,0.226267,0.0006030,0.1973309,-0.0111275,0.9802736
1788241029018966784,OK,1,0,14.1579,2.18783,0,1074,0,0.340352,0.036561,0.239999,-0.0000591,0.1926661,-0.0106310,0.9812068
1788241029052314880,OK,1,0,15.0304,2.81979,0,1093,0,0.338942,0.038785,0.253093,-0.0003951,0.1883439,-0.0103929,0.9820481
1788241029085662976,OK,1,0,14.6131,2.10271,0,1090,0,0.342821,0.041075,0.270845,-0.0003394,0.1837361,-0.0105135,0.9829193
1788241029119011584,OK,1,0,15.9964,1.61204,0,1120,0,0.343607,0.041789,0.283134,-0.0001619,0.1789967,-0.0105505,0.9837931
1788241029152359680,OK,1,0,15.2359,2.05371,0,1104,0,0.342609,0.040512,0.293929,-0.0003745,0.1742525,-0.0097222,0.9846529
1788241029185708032,OK,1,0,15.2184,2.22717,0,1092,0,0.344281,0.041071,0.308152,-0.0002068,0.1697479,-0.0089354,0.9854470
1788241029219056384,OK,1,0,17.4377,1.76638,0,1149,0,0.346157,0.041895,0.321117,0.0001671,0.1653941,-0.0085492,0.9861905
1788241029252404992,OK,1,0,15.214,1.29713,0,1166,0,0.347269,0.041556,0.333912,0.0002399,0.1608562,-0.0083494,0.9869425
1788241029285753600,OK,1,0,16.5492,1.27333,0,1135,0,0.346143,0.041518,0.346295,-0.0001879,0.1562180,-0.0080132,0.9876901
1788241029319101440,OK,1,0,16.312,0.291833,0,1169,0,0.348900,0.043743,0.362095,-0.0004886,0.1516012,-0.0076403,0.9884121
1788241029352450048,OK,1,0,15.7991,0.354708,0,1154,0,0.347413,0.045573,0.374197,-0.0003649,0.1474787,-0.0076781,0.9890354
1788241029385798912,OK,1,0,15.8794,2.56825,0,1181,0,0.347046,0.045999,0.388327,-0.0001811,0.1427869,-0.0081829,0.9897196
1788241029419147520,OK,1,0,15.518,2.39712,0,1184,0,0.347762,0.045881,0.403142,-0.0004271,0.1378535,-0.0078465,0.9904215
1788241029452496640,OK,1,0,16.2207,1.51117,0,1167,0,0.344844,0.046402,0.413414,-0.0002320,0.1336557,-0.0072254,0.9910015
1788241029485845504,OK,1,0,15.7796,1.4485,0,1200,0,0.344551,0.047141,0.425813,0.0006185,0.1294827,-0.0072653,0.9915549
1788241029519194624,OK,1,0,15.5032,2.49525,0,1196,0,0.342079,0.046877,0.436621,0.0012955,0.1250732,-0.0074145,0.9921190
1788241029552543744,OK,1,0,17.7798,2.35083,0,1210,0,0.341187,0.047768,0.449145,0.0015041,0.1203004,-0.0070694,0.9927112
1788241029585892864,OK,1,0,15.8815,1.39783,0,1200,0,0.341984,0.046167,0.462068,0.0015369,0.1156073,-0.0064512,0.9932729
1788241029619241984,OK,1,0,16.6457,2.08925,0,1218,0,0.341893,0.046858,0.474430,0.0017720,0.1109614,-0.0059997,0.9938051
1788241029652588800,OK,1,0,15.5329,1.34279,0,1215,0,0.340315,0.046511,0.483282,0.0020527,0.1066770,-0.0057817,0.9942748
1788241029685932544,OK,1,0,15.7615,1.29021,0,1257,0,0.339811,0.047235,0.498972,0.0019617,0.1019753,-0.0055778,0.9947693
1788241029719276288,OK,1,0,16.3557,0.362334,0,1294,0,0.335269,0.046245,0.509949,0.0017108,0.0975708,-0.0053739,0.9952126
1788241029752619264,OK,1,0,15.5334,1.18121,0,1268,0,0.337044,0.047231,0.523588,0.0016431,0.0930750,-0.0050421,0.9956450
1788241029785963008,OK,1,0,16.1337,1.90475,0,1271,0,0.333849,0.047352,0.533808,0.0017803,0.0899231,-0.0050927,0.9959341
1788241029819307008,OK,1,0,16.4982,0.342083,0,1307,0,0.330255,0.047495,0.545973,0.0019045,0.0870856,-0.0051953,0.9961855
1788241029852650752,OK,1,0,15.2148,1.17808,0,1292,0,0.334028,0.048838,0.561199,0.0019944,0.0847865,-0.0051065,0.9963841
1788241029885994496,OK,1,0,15.8175,0.275417,0,1328,0,0.337539,0.050583,0.574798,0.0020256,0.0833018,-0.0045449,0.9965120
1788241029919338240,OK,1,0,17.02,1.17083,0,1281,0,0.338289,0.052870,0.587499,0.0019191,0.0822002,-0.0047060,0.9966029
1788241029952681984,OK,1,0,17.7717,2.52708,0,1283,0,0.339268,0.054835,0.601448,0.0020679,0.0811159,-0.0055167,0.9966873
1788241029986025984,OK,1,0,17.5856,1.56513,0,1261,0,0.337732,0.053920,0.614593,0.0013959,0.0800122,-0.0055971,0.9967772
1788241030019369728,OK,1,0,17.4144,1.61933,0,1265,0,0.339081,0.054473,0.627406,0.0006747,0.0793704,-0.0055071,0.9968297
1788241030052713472,OK,1,0,17.1945,2.34287,0,1308,0,0.340272,0.055971,0.641923,0.0008082,0.0788318,-0.0056087,0.9968718
1788241030086057216,OK,1,0,16.8888,2.29113,0,1267,0,0.340123,0.054870,0.653271,0.0006726,0.0780556,-0.0050239,0.9969361
1788241030119400960,OK,1,0,15.9535,0.268917,0,1313,0,0.344295,0.056451,0.665128,0.0008460,0.0779886,-0.0049717,0.9969415
1788241030152744960,OK,1,0,15.6216,0.330375,0,1287,0,0.347591,0.057816,0.678727,0.0011401,0.0778450,-0.0051294,0.9969516
1788241030186087680,OK,1,0,16.1786,3.84825,0,1308,0,0.349805,0.058398,0.691808,0.0014082,0.0773585,-0.0050541,0.9969895
1788241030219431424,OK,1,0,16.0213,2.93388,0,1325,0,0.349719,0.058979,0.703496,0.0017889,0.0775539,-0.0052094,0.9969730
1788241030252775168,OK,1,0,15.8897,0.540458,0,1312,0,0.353535,0.058941,0.717435,0.0019850,0.0774488,-0.0050604,0.9969815
1788241030286118912,OK,1,0,15.5804,1.54771,0,1348,0,0.356628,0.059815,0.730427,0.0020272,0.0772412,-0.0049907,0.9969979
1788241030319462912,OK,1,0,16.3062,2.14829,0,1342,0,0.359077,0.063481,0.742555,0.0021888,0.0770198,-0.0052539,0.9970133
1788241030352806656,OK,1,0,16.0987,2.12292,0,1358,0,0.359771,0.062928,0.754923,0.0020055,0.0768628,-0.0051568,0.9970263
1788241030386150400,OK,1,0,15.4798,2.08504,0,1355,0,0.362049,0.063702,0.767540,0.0022181,0.0770746,-0.0051665,0.9970095
1788241030419494144,OK,1,0,16.0841,2.34558,0,1352,0,0.365224,0.065255,0.782163,0.0023864,0.0770430,-0.0051748,0.9970115
1788241030452837888,OK,1,0,16.3717,2.62333,0,1336,0,0.365379,0.064589,0.793791,0.0022817,0.0769467,-0.0049169,0.9970205
1788241030486181888,OK,1,0,15.7713,0.251958,0,1331,0,0.366129,0.065726,0.804751,0.0020265,0.0771589,-0.0049084,0.9970047
1788241030519525632,OK,1,0,15.3734,0.254541,0,1346,0,0.369785,0.067450,0.819919,0.0017024,0.0769096,-0.0049807,0.9970242
1788241030552869376,OK,1,0,15.8656,0.262208,0,1343,0,0.372440,0.068540,0.834496,0.0010702,0.0765175,-0.0050555,0.9970549
1788241030586213120,OK,1,0,16.0214,0.298583,0,1315,0,0.372554,0.069272,0.847270,0.0009006,0.0767811,-0.0052423,0.9970338
1788241030619557120,OK,1,0,17.4902,1.41104,0,1337,0,0.374992,0.069410,0.859753,0.0007472,0.0769315,-0.0052965,0.9970220
1788241030652897792,OK,1,0,17.1187,1.23121,0,1341,0,0.380850,0.070870,0.874238,0.0007540,0.0766995,-0.0051843,0.9970405
1788241030686236928,OK,1,0,15.4113,1.85192,0,1311,0,0.384069,0.071036,0.887856,0.0004470,0.0764413,-0.0049968,0.9970615
1788241030719575808,OK,1,0,16.0101,1.99925,0,1318,0,0.384770,0.071121,0.900389,0.0002000,0.0761748,-0.0049644,0.9970821
1788241030752914688,OK,1,0,16.4986,2.17029,0,1300,0,0.382729,0.072122,0.909728,0.0005908,0.0762585,-0.0052631,0.9970740
1788241030786253568,OK,1,0,15.6513,2.1175,0,1318,0,0.385018,0.073062,0.922523,0.0011233,0.0761604,-0.0053811,0.9970804
1788241030819592448,OK,1,0,15.2712,1.76983,0,1253,0,0.388769,0.074510,0.934883,0.0015601,0.0760854,-0.0052090,0.9970865
1788241030852931328,OK,1,0,15.1231,0.251042,0,1271,0,0.391375,0.074894,0.947521,0.0016199,0.0760880,-0.0048530,0.9970880
1788241030886270208,OK,1,0,15.6385,1.39775,0,1271,0,0.393353,0.074665,0.959353,0.0011935,0.0756615,-0.0047459,0.9971216
1788241030919609088,OK,1,0,15.1196,2.90396,0,1293,0,0.395627,0.075861,0.973723,0.0008856,0.0750548,-0.0047958,0.9971675
1788241030952947712,OK,1,0,16.0135,2.06046,0,1285,0,0.396415,0.076996,0.985620,0.0009704,0.0754824,-0.0048319,0.9971350
1788241030986286592,OK,1,0,15.117,2.81917,0,1257,0,0.398228,0.077751,0.998578,0.0008248,0.0757694,-0.0049231,0.9971129
1788241031019625216,OK,1,0,15.1651,2.78863,0,1256,0,0.400004,0.078746,1.011838,0.0006350,0.0759312,-0.0049807,0.9971004
1788241031052963840,OK,1,0,15.3385,2.43308,0,1226,0,0.404149,0.081264,1.027115,0.0003103,0.0755624,-0.0051875,0.9971275
1788241031086301440,OK,1,0,15.8655,1.73733,0,1234,0,0.405991,0.081592,1.042339,-0.0003423,0.0752569,-0.0052491,0.9971504
1788241031119640064,OK,1,0,15.5242,2.30229,0,1235,0,0.407827,0.082161,1.054614,-0.0008217,0.0752927,-0.0051645,0.9971478
1788241031152978688,OK,1,0,14.8349,0.25475,0,1210,0,0.410286,0.084054,1.068600,-0.0006819,0.0753442,-0.0053770,0.9971429
1788241031186317312,OK,1,0,14.4197,2.41538,0,1195,0,0.411976,0.083461,1.081735,-0.0007482,0.0751546,-0.0053706,0.9971572
1788241031219655680,OK,1,0,14.6678,0.246708,0,1216,0,0.411549,0.084773,1.091416,-0.0003729,0.0752634,-0.0055633,0.9971481
1788241031252994304,OK,1,0,14.2248,1.37404,0,1212,0,0.413517,0.083697,1.105701,-0.0007698,0.0750793,-0.0058979,0.9971598
1788241031286332672,OK,1,0,14.6926,0.248625,0,1221,0,0.416779,0.085464,1.119220,-0.0010694,0.0746361,-0.0059994,0.9971923
1788241031319671040,OK,1,0,14.551,0.254584,0,1244,0,0.416565,0.085135,1.131078,-0.0010630,0.0750775,-0.0058675,0.9971599
1788241031353009408,OK,1,0,14.8709,0.291208,0,1216,0,0.418690,0.086425,1.143471,-0.0012188,0.0752282,-0.0056551,0.9971496
1788241031386347776,OK,1,0,14.3636,2.04162,0,1181,0,0.421561,0.087961,1.156447,-0.0014293,0.0749896,-0.0052779,0.9971693
1788241031419686400,OK,1,0,15.1874,2.42583,0,1193,0,0.424603,0.087847,1.170628,-0.0014215,0.0747230,-0.0052565,0.9971895
1788241031453024768,OK,1,0,13.8479,1.42696,0,1175,0,0.427078,0.088928,1.183634,-0.0014459,0.0745918,-0.0051201,0.9972000
1788241031486363136,OK,1,0,14.3782,2.59046,0,1178,0,0.430252,0.088937,1.197968,-0.0013947,0.0747523,-0.0049739,0.9971887
1788241031519700224,OK,1,0,14.1409,1.6925,0,1177,0,0.431557,0.090781,1.208343,-0.0009809,0.0751224,-0.0048783,0.9971619
1788241031553038336,OK,1,0,15.0401,0.555542,0,1157,0,0.435688,0.090045,1.222237,-0.0009155,0.0747711,-0.0047557,0.9971890
1788241031586376704,OK,1,0,13.785,1.51212,0,1147,0,0.439660,0.088726,1.236654,-0.0009063,0.0744469,-0.0046004,0.9972140
1788241031619714816,OK,1,0,13.8649,1.79479,0,1158,0,0.441448,0.090108,1.249600,-0.0008872,0.0744704,-0.0047086,0.9972118
1788241031653054208,OK,1,0,15.4379,2.22821,0,1169,0,0.443133,0.092051,1.260999,-0.0008393,0.0743479,-0.0044704,0.9972220
1788241031686395392,OK,1,0,15.9157,2.54725,0,1173,0,0.446450,0.093664,1.274497,-0.0005033,0.0747003,-0.0043730,0.9971963
1788241031719736832,OK,1,0,13.761,2.50946,0,1168,0,0.447153,0.094323,1.286811,-0.0005497,0.0752387,-0.0044498,0.9971555
1788241031753078016,OK,1,0,14.2636,0.253875,0,1158,0,0.451891,0.095892,1.302274,-0.0006632,0.0747887,-0.0045053,0.9971890
1788241031786419456,OK,1,0,14.548,2.45733,0,1147,0,0.451507,0.094916,1.313316,-0.0006775,0.0744128,-0.0047296,0.9972161
1788241031819760640,OK,1,0,14.6026,2.80317,0,1152,0,0.453487,0.093543,1.326657,-0.0010976,0.0742914,-0.0047476,0.9972247
1788241031853102336,OK,1,0,14.3179,0.244709,0,1165,0,0.456335,0.096194,1.339421,-0.0008470,0.0744505,-0.0047731,0.9972129
1788241031886443520,OK,1,0,14.1763,1.24438,0,1166,0,0.459087,0.095503,1.352269,-0.0005874,0.0748735,-0.0046379,0.9971821
1788241031919784960,OK,1,0,14.1753,2.21567,0,1140,0,0.460698,0.094749,1.363009,-0.0005947,0.0748385,-0.0046415,0.9971847
1788241031953126400,OK,1,0,14.6465,2.16342,0,1157,0,0.462005,0.095856,1.375767,-0.0005224,0.0744644,-0.0043847,0.9972139
1788241031986466816,OK,1,0,14.5307,2.72187,0,1453,0,0.463511,0.097024,1.389367,-0.0006174,0.0744737,-0.0043245,0.9972134
1788241032019808000,OK,1,0,15.5882,2.29871,0,1637,0,0.467590,0.098929,1.403503,-0.0007756,0.0743461,-0.0042643,0.9972231
1788241032053149696,OK,1,0,14.9953,0.261542,0,1497,0,0.469249,0.099325,1.416205,-0.0007262,0.0745204,-0.0041029,0.9972108
1788241032086491136,OK,1,0,14.2811,1.33071,0,1483,0,0.472404,0.100862,1.429011,-0.0006679,0.0745511,-0.0039064,0.9972093
1788241032119832576,OK,1,0,15.9709,0.276541,0,1410,0,0.475042,0.101288,1.441668,-0.0005847,0.0744201,-0.0035860,0.9972204
1788241032153174016,OK,1,0,15.4018,0.263541,0,1377,0,0.476763,0.101581,1.453555,-0.0001034,0.0740776,-0.0036841,0.9972457
1788241032186515712,OK,1,0,14.6011,1.33158,0,1365,0,0.478446,0.103342,1.466635,0.0001137,0.0735722,-0.0039771,0.9972820
1788241032219857152,OK,1,0,14.8847,0.307667,0,1381,0,0.479703,0.102879,1.478103,0.0001244,0.0732556,-0.0036798,0.9973064
1788241032253198592,OK,1,0,16.0674,2.824,0,1352,0,0.482652,0.102719,1.491274,0.0004561,0.0722921,-0.0034247,0.9973776
1788241032286540032,OK,1,0,14.2187,1.34238,0,1328,0,0.481697,0.102677,1.501786,0.0010332,0.0707287,-0.0035490,0.9974887
1788241032319881472,OK,1,0,16.033,0.357916,0,1308,0,0.482694,0.103155,1.512108,0.0020727,0.0691722,-0.0036141,0.9975961
1788241032353223168,OK,1,0,14.7498,1.24438,0,1295,0,0.482794,0.103185,1.523613,0.0025686,0.0678340,-0.0035182,0.9976872
1788241032386564864,OK,1,0,14.9986,0.353625,0,1311,0,0.481802,0.104536,1.536072,0.0030271,0.0664422,-0.0037508,0.9977787
1788241032419905536,OK,1,0,16.479,2.02387,0,1282,0,0.482905,0.105039,1.547345,0.0034069,0.0646393,-0.0040283,0.9978948
1788241032453246976,OK,1,0,17.6885,1.73871,0,1281,0,0.481069,0.103982,1.559012,0.0035227,0.0633125,-0.0040737,0.9979792
1788241032486588672,OK,1,0,15.2099,0.279709,0,1287,0,0.480379,0.105670,1.572409,0.0036310,0.0615641,-0.0046093,0.9980859
1788241032519930112,OK,1,0,17.0147,1.87958,0,1317,0,0.482343,0.107223,1.588266,0.0032460,0.0593524,-0.0048706,0.9982200
1788241032553272064,OK,1,0,15.5365,1.577,0,1296,0,0.482354,0.106925,1.601131,0.0028367,0.0577456,-0.0046096,0.9983166
1788241032586613504,OK,1,0,17.0256,0.2935,0,1310,0,0.481890,0.106185,1.613398,0.0025682,0.0560774,-0.0045860,0.9984126
1788241032619955200,OK,1,0,14.9091,1.50254,0,1300,0,0.481197,0.107553,1.626045,0.0025533,0.0542743,-0.0049253,0.9985107
1788241032653299712,OK,1,0,15.0798,2.29246,0,1290,0,0.479565,0.107905,1.639300,0.0024850,0.0526588,-0.0049642,0.9985971
1788241032686648320,OK,1,0,25.8156,2.21537,0,1316,0,0.481289,0.110683,1.652972,0.0027258,0.0506896,-0.0049014,0.9986987
1788241032719996928,OK,1,0,15.7867,2.43808,0,1347,0,0.481752,0.110208,1.663792,0.0030292,0.0489531,-0.0048920,0.9987845
1788241032753345536,OK,1,0,15.1718,1.95629,0,1365,0,0.479025,0.108303,1.673571,0.0034090,0.0474162,-0.0042456,0.9988604
1788241032786694400,OK,1,0,17.2803,1.71325,0,1349,0,0.481449,0.107961,1.687788,0.0038064,0.0452838,-0.0037376,0.9989600
1788241032820043008,OK,1,0,14.0514,0.289709,0,1357,0,0.480361,0.108468,1.698891,0.0044636,0.0436124,-0.0039060,0.9990309
1788241032853391872,OK,1,0,16.0863,2.02225,0,1344,0,0.479758,0.108722,1.711501,0.0045029,0.0418328,-0.0039001,0.9991069
1788241032886739456,OK,1,0,15.5343,0.283417,0,1332,0,0.477870,0.109440,1.724790,0.0042997,0.0403589,-0.0036583,0.9991693
1788241032920088320,OK,1,0,15.6948,1.98458,0,1317,0,0.478887,0.109617,1.736651,0.0042823,0.0386069,-0.0036726,0.9992386
1788241032953437440,OK,1,0,17.1073,1.26633,0,1324,0,0.479398,0.111514,1.751579,0.0042820,0.0372984,-0.0033116,0.9992895
1788241032986786304,OK,1,0,16.0349,1.79833,0,1316,0,0.479648,0.108869,1.763640,0.0039454,0.0361412,-0.0028967,0.9993348
1788241033020135424,OK,1,0,15.305,2.39621,0,1317,0,0.478214,0.108682,1.777000,0.0035819,0.0345480,-0.0026948,0.9993930
1788241033053484544,OK,1,0,15.0889,0.379042,0,1318,0,0.479057,0.109776,1.790165,0.0038474,0.0329236,-0.0028079,0.9994465
1788241033086833664,OK,1,0,15.5852,2.66079,0,1326,0,0.477394,0.109009,1.800947,0.0038168,0.0318617,-0.0027259,0.9994813
1788241033120182784,OK,1,0,15.3198,2.82296,0,1480,0,0.478187,0.111055,1.815676,0.0035869,0.0304795,-0.0026538,0.9995254
1788241033153531904,OK,1,0,14.5515,2.15025,0,1450,0,0.477183,0.112978,1.828097,0.0038464,0.0289988,-0.0033011,0.9995666
1788241033186881280,OK,1,0,17.1551,0.271917,0,1516,0,0.475975,0.112127,1.840984,0.0038439,0.0276552,-0.0030611,0.9996055
1788241033220230656,OK,1,0,15.2485,1.23233,0,1453,0,0.475913,0.112267,1.851839,0.0039754,0.0270785,-0.0028190,0.9996215
1788241033253580032,OK,1,0,15.4829,0.458416,0,1407,0,0.477890,0.115232,1.865231,0.0046098,0.0270697,-0.0025763,0.9996196
1788241033286929408,OK,1,0,14.809,2.14983,0,1406,0,0.482637,0.115563,1.879716,0.0047618,0.0267921,-0.0020475,0.9996276
1788241033320278016,OK,1,0,17.2402,0.515583,0,1422,0,0.481902,0.115553,1.890945,0.0046558,0.0270168,-0.0019785,0.9996222
1788241033353627392,OK,1,0,16.5891,1.2855,0,1436,0,0.481993,0.116850,1.904494,0.0047318,0.0269339,-0.0020556,0.9996239
1788241033386977024,OK,1,0,17.2766,0.292166,0,1408,0,0.482989,0.117090,1.918021,0.0043356,0.0267240,-0.0018645,0.9996317
1788241033420326656,OK,1,0,14.8613,1.44925,0,1382,0,0.485041,0.117812,1.932723,0.0037439,0.0266215,-0.0020628,0.9996365
1788241033453676544,OK,1,0,15.6602,1.67213,0,1397,0,0.485328,0.118806,1.946729,0.0033671,0.0263995,-0.0022289,0.9996433
1788241033487026176,OK,1,0,17.0646,1.22871,0,1402,0,0.482891,0.118930,1.957804,0.0028341,0.0267051,-0.0025321,0.9996362
1788241033520376064,OK,1,0,14.7803,2.20613,0,1346,0,0.485660,0.121007,1.974811,0.0024013,0.0264732,-0.0028555,0.9996426
1788241033553725952,OK,1,0,17.2874,1.808,0,1356,0,0.486316,0.121159,1.988143,0.0020990,0.0260555,-0.0027198,0.9996546
1788241033587075584,OK,1,0,14.671,2.46888,0,1346,0,0.486736,0.121319,2.001804,0.0020424,0.0261567,-0.0024375,0.9996528
1788241033620425728,OK,1,0,17.1347,0.271125,0,1333,0,0.489002,0.122634,2.014467,0.0020566,0.0261976,-0.0023737,0.9996519
1788241033653774592,OK,1,0,14.7907,2.37775,0,1345,0,0.489527,0.122044,2.028145,0.0017464,0.0260683,-0.0020530,0.9996566
1788241033687122176,OK,1,0,17.6906,0.271334,0,1339,0,0.489790,0.122927,2.041385,0.0017259,0.0258177,-0.0022622,0.9996626
1788241033720469760,OK,1,0,15.2074,2.44846,0,1335,0,0.490512,0.124616,2.054294,0.0015336,0.0253522,-0.0026015,0.9996740
1788241033753816320,OK,1,0,17.6878,0.3555,0,1322,0,0.490020,0.126715,2.067577,0.0012571,0.0252891,-0.0027777,0.9996755
1788241033787164416,OK,1,0,15.686,1.65271,0,1276,0,0.491068,0.125992,2.080255,0.0010454,0.0254582,-0.0028212,0.9996713
1788241033820512000,OK,1,0,15.4158,2.32721,0,1449,0,0.492470,0.126302,2.093916,0.0006555,0.0256682,-0.0029550,0.9996659
1788241033853859840,OK,1,0,16.6547,1.31488,0,1381,0,0.494996,0.129284,2.110179,0.0000073,0.0255220,-0.0029719,0.9996698
1788241033887207680,OK,1,0,15.3228,2.05238,0,1390,0,0.498583,0.132218,2.126696,-0.0002535,0.0246547,-0.0031000,0.9996912
1788241033920556032,OK,1,0,14.425,1.64338,0,1374,0,0.497551,0.132599,2.139438,-0.0008155,0.0245073,-0.0030593,0.9996946
1788241033953903872,OK,1,0,16.6831,0.284958,0,1600,0,0.497705,0.134372,2.151668,-0.0007236,0.0249038,-0.0031048,0.9996848
1788241033987251968,OK,1,0,16.7163,1.98842,0,1467,0,0.497039,0.134078,2.163442,-0.0007109,0.0252761,-0.0030998,0.9996755
1788241034020600064,OK,1,0,15.6992,2.09262,0,1430,0,0.497577,0.133882,2.175848,-0.0008840,0.0250559,-0.0030976,0.9996809
1788241034053948416,OK,1,0,16.6045,2.65154,0,1403,0,0.496845,0.133608,2.188215,-0.0009951,0.0248646,-0.0031553,0.9996853
1788241034087296512,OK,1,0,14.7193,0.298541,0,1353,0,0.497471,0.134201,2.201785,-0.0012123,0.0243268,-0.0031834,0.9996983
1788241034120645120,OK,1,0,15.7624,0.280416,0,1365,0,0.499456,0.136395,2.215239,-0.0012826,0.0241506,-0.0031586,0.9997026
1788241034153993472,OK,1,0,15.1211,2.398,0,1358,0,0.499976,0.135606,2.227728,-0.0015772,0.0245415,-0.0029245,0.9996933
1788241034187340800,OK,1,0,16.4638,0.380333,0,1340,0,0.501129,0.136242,2.241027,-0.0020391,0.0244992,-0.0028005,0.9996939
1788241034220689408,OK,1,0,17.3986,1.41417,0,1352,0,0.505484,0.138448,2.256614,-0.0021660,0.0240909,-0.0027918,0.9997036
1788241034254038016,OK,1,0,16.87,2.36796,0,1308,0,0.503181,0.139463,2.269159,-0.0021875,0.0243442,-0.0029917,0.9996968
1788241034287386624,OK,1,0,14.3103,1.34183,0,1440,0,0.504100,0.140020,2.282963,-0.0025410,0.0242721,-0.0030120,0.9996976
1788241034320735232,OK,1,0,15.8663,0.271166,0,1347,0,0.504070,0.140879,2.295478,-0.0024865,0.0243866,-0.0030766,0.9996948
1788241034354084352,OK,1,0,16.2647,1.87808,0,1336,0,0.504689,0.142466,2.308687,-0.0022370,0.0243549,-0.0032998,0.9996954
1788241034387433216,OK,1,0,15.042,2.176,0,1356,0,0.506364,0.144384,2.322380,-0.0021269,0.0241528,-0.0031492,0.9997011
1788241034420782080,OK,1,0,15.7102,1.61108,0,1495,0,0.506860,0.143921,2.334204,-0.0018563,0.0242398,-0.0032406,0.9996992
1788241034454130944,OK,1,0,15.531,0.394125,0,1391,0,0.506449,0.143463,2.348994,-0.0022097,0.0241707,-0.0032627,0.9997001
1788241034487480064,OK,1,0,14.6825,0.960958,0,1367,0,0.510164,0.145282,2.363713,-0.0026938,0.0236229,-0.0031364,0.9997124
1788241034520828928,OK,1,0,15.1707,1.05654,0,1335,0,0.510171,0.145730,2.377016,-0.0030318,0.0237960,-0.0028797,0.9997081
1788241034554178304,OK,1,0,16.519,2.12967,0,1314,0,0.513282,0.146939,2.391385,-0.0032495,0.0237333,-0.0023307,0.9997104
1788241034587527424,OK,1,0,15.4061,1.43308,0,1268,0,0.512648,0.147801,2.404259,-0.0032646,0.0240962,-0.0019412,0.9997025
1788241034620876544,OK,1,0,16.5421,0.558125,0,1278,0,0.514125,0.149403,2.417189,-0.0030080,0.0241273,-0.0016417,0.9997030
1788241034654222080,OK,1,0,15.0817,0.335292,0,1272,0,0.515717,0.149177,2.431015,-0.0033859,0.0239362,-0.0013985,0.9997068
1788241034687565056,OK,1,0,17.3024,2.26938,0,1415,0,0.518118,0.151813,2.444470,-0.0033073,0.0240003,-0.0011315,0.9997059
1788241034720908032,OK,1,0,16.1985,0.371833,0,1349,0,0.518328,0.152018,2.456300,-0.0033862,0.0243284,-0.0010306,0.9996977
1788241034754250752,OK,1,0,15.4376,0.544959,0,1338,0,0.519385,0.152885,2.468944,-0.0034474,0.0243198,-0.0011280,0.9996976
1788241034787593728,OK,1,0,16.8359,1.26346,0,1331,0,0.519881,0.153458,2.483231,-0.0031658,0.0244476,-0.0011679,0.9996954
1788241034820936448,OK,1,0,15.9514,0.915458,0,1510,0,0.520377,0.153572,2.494307,-0.0032587,0.0244984,-0.0010106,0.9996940
1788241034854279424,OK,1,0,16.2059,1.18504,0,1395,0,0.523526,0.153744,2.509267,-0.0035988,0.0243112,-0.0009335,0.9996975
1788241034887622400,OK,1,0,14.7192,1.33371,0,1321,0,0.523428,0.154260,2.520692,-0.0035467,0.0247177,-0.0009761,0.9996877
1788241034920965120,OK,1,0,16.7634,1.38929,0,1354,0,0.523117,0.155052,2.534639,-0.0032800,0.0245888,-0.0012209,0.9996915
1788241034954308096,OK,1,0,14.4031,0.311375,0,1304,0,0.522947,0.155720,2.546064,-0.0029430,0.0246293,-0.0013176,0.9996915
1788241034987650816,OK,1,0,15.7691,1.91046,0,1286,0,0.523888,0.156059,2.558192,-0.0026318,0.0248719,-0.0016668,0.9996858
1788241035020993536,OK,1,0,13.8777,1.43104,0,1297,0,0.523580,0.158491,2.571785,-0.0024434,0.0249161,-0.0017282,0.9996851
1788241035054336512,OK,1,0,15.983,0.2995,0,1287,0,0.523849,0.157423,2.583562,-0.0024236,0.0248607,-0.0018185,0.9996864
1788241035087678208,OK,1,0,17.1774,0.538041,0,1228,0,0.524330,0.158438,2.595127,-0.0022806,0.0249292,-0.0021084,0.9996844
1788241035121020928,OK,1,0,14.1341,2.49779,0,1435,0,0.526491,0.160456,2.610168,-0.0024876,0.0246631,-0.0022512,0.9996902
1788241035154363904,OK,1,0,15.1385,0.255958,0,1357,0,0.527306,0.160284,2.623274,-0.0025575,0.0245873,-0.0023336,0.9996917
1788241035187706880,OK,1,0,22.4379,1.37787,0,1316,0,0.526394,0.160139,2.635410,-0.0026466,0.0247029,-0.0025215,0.9996881
1788241035221049600,OK,1,0,14.733,0.274084,0,1320,0,0.527232,0.162115,2.648516,-0.0027427,0.0246059,-0.0023750,0.9996907
1788241035254392320,OK,1,0,16.5889,1.47917,0,1635,0,0.527309,0.162515,2.661115,-0.0025889,0.0246678,-0.0022521,0.9996898
1788241035287735040,OK,1,0,15.2345,1.37862,0,1442,0,0.529806,0.163052,2.675589,-0.0023918,0.0244829,-0.0022961,0.9996948
1788241035321077760,OK,1,0,14.8845,1.59579,0,1362,0,0.530449,0.164416,2.686757,-0.0021204,0.0246364,-0.0023794,0.9996914
1788241035354420736,OK,1,0,14.7033,1.25092,0,1362,0,0.532145,0.164079,2.700139,-0.0019049,0.0246305,-0.0026507,0.9996913
1788241035387763456,OK,1,0,15.4777,2.04371,0,1330,0,0.532025,0.164896,2.712667,-0.0020040,0.0243609,-0.0026127,0.9996978
1788241035421105920,OK,1,0,15.7041,1.88625,0,1296,0,0.533491,0.164693,2.725539,-0.0019677,0.0242186,-0.0024955,0.9997017
1788241035454448640,OK,1,0,15.9181,1.29563,0,1280,0,0.536505,0.166209,2.739262,-0.0017930,0.0242240,-0.0024496,0.9997020
1788241035487791616,OK,1,0,14.8175,1.80137,0,1282,0,0.535366,0.167396,2.751953,-0.0020722,0.0244551,-0.0024205,0.9996958
1788241035521134336,OK,1,0,15.6451,1.76575,0,1246,0,0.536813,0.167607,2.763958,-0.0022336,0.0244698,-0.0025706,0.9996948
1788241035554475776,OK,1,0,14.4435,1.1945,0,1245,0,0.538229,0.167678,2.780124,-0.0023464,0.0243244,-0.0027282,0.9996976
1788241035587818496,OK,1,0,13.3542,2.31887,0,1215,0,0.539474,0.168856,2.791859,-0.0023086,0.0242473,-0.0027058,0.9996997
1788241035621161472,OK,1,0,15.229,1.84937,0,1220,0,0.538588,0.170672,2.804669,-0.0018706,0.0244742,-0.0026350,0.9996952
1788241035654501376,OK,1,0,17.1391,1.95887,0,1212,0,0.539856,0.170678,2.817827,-0.0018315,0.0243023,-0.0028114,0.9996990
1788241035687838208,OK,1,0,13.8956,2.56421,0,1157,0,0.538235,0.171811,2.831355,-0.0017475,0.0244037,-0.0031810,0.9996956
1788241035721174528,OK,1,0,14.3712,0.326583,0,1175,0,0.538719,0.170575,2.842288,-0.0015259,0.0244954,-0.0034195,0.9996929
1788241035754511104,OK,1,0,16.5042,2.25467,0,1413,0,0.540386,0.171759,2.854928,-0.0012502,0.0241890,-0.0033322,0.9997011
1788241035787847680,OK,1,0,16.2585,1.41233,0,1279,0,0.541966,0.172499,2.867771,-0.0008048,0.0239428,-0.0031643,0.9997080
1788241035821184000,OK,1,0,14.2721,1.43867,0,1333,0,0.542932,0.173152,2.880544,-0.0003989,0.0237743,-0.0027409,0.9997135
1788241035854520576,OK,1,0,15.1311,1.61208,0,1301,0,0.544515,0.174064,2.893456,-0.0001972,0.0235017,-0.0025771,0.9997205
1788241035887856640,OK,1,0,15.7546,1.94079,0,1477,0,0.544437,0.173822,2.904702,-0.0003006,0.0237748,-0.0024087,0.9997144
1788241035921192960,OK,1,0,15.5943,1.97571,0,1365,0,0.544694,0.175806,2.917224,-0.0002599,0.0242115,-0.0021911,0.9997044
1788241035954529280,OK,1,0,14.6501,1.32658,0,1325,0,0.546811,0.176822,2.929880,-0.0000758,0.0241332,-0.0021311,0.9997065
1788241035987864320,OK,1,0,14.6679,1.25817,0,1319,0,0.549260,0.176765,2.943537,0.0001634,0.0237479,-0.0019354,0.9997161
1788241036021200384,OK,1,0,14.4884,0.369625,0,1285,0,0.549136,0.177898,2.956632,0.0002140,0.0238079,-0.0021946,0.9997141
1788241036054536704,OK,1,0,16.3798,1.10321,0,1241,0,0.550179,0.179650,2.971364,-0.0001929,0.0236882,-0.0023822,0.9997166
1788241036087872512,OK,1,0,15.1404,0.283875,0,1262,0,0.549192,0.179686,2.984428,-0.0006201,0.0239047,-0.0029655,0.9997097
1788241036121208576,OK,1,0,15.0986,1.62613,0,1241,0,0.549099,0.179304,2.998490,-0.0009433,0.0235928,-0.0031480,0.9997163
1788241036154544384,OK,1,0,13.5253,1.66571,0,1220,0,0.550795,0.181282,3.011102,-0.0008640,0.0234499,-0.0027930,0.9997208
1788241036187880448,OK,1,0,14.7264,1.56342,0,1181,0,0.554511,0.181670,3.026141,-0.0009485,0.0233473,-0.0024820,0.9997239
1788241036221216000,OK,1,0,15.2746,1.83858,0,1201,0,0.555851,0.182328,3.037768,-0.0008604,0.0232172,-0.0023253,0.9997274
1788241036254551808,OK,1,0,14.1569,1.93779,0,1194,0,0.555426,0.181920,3.052068,-0.0007594,0.0232294,-0.0022248,0.9997274
1788241036287887360,OK,1,0,15.8524,1.94425,0,1179,0,0.554770,0.185110,3.063746,-0.0000193,0.0235896,-0.0026595,0.9997182
1788241036321223168,OK,1,0,13.3986,2.05471,0,1177,0,0.554710,0.184429,3.077927,0.0002246,0.0233699,-0.0025764,0.9997236
1788241036354558720,OK,1,0,16.1085,2.14733,0,1177,0,0.553955,0.183948,3.089944,0.0003038,0.0236112,-0.0026179,0.9997178
1788241036387894272,OK,1,0,14.9784,1.23612,0,1178,0,0.556388,0.184444,3.105217,0.0001215,0.0234574,-0.0026708,0.9997213
1788241036421229056,OK,1,0,14.5034,1.47567,0,1159,0,0.555596,0.187937,3.118050,-0.0000119,0.0234518,-0.0027524,0.9997212
1788241036454564352,OK,1,0,12.7353,1.69338,0,1152,0,0.555700,0.187306,3.130562,0.0000464,0.0234923,-0.0028775,0.9997199
1788241036487899648,OK,1,0,15.0676,0.301917,0,1131,0,0.557223,0.189825,3.143062,0.0005033,0.0233782,-0.0026494,0.9997231
1788241036521235200,OK,1,0,15.2978,0.25,0,1133,0,0.558528,0.189256,3.155779,0.0007983,0.0232888,-0.0022271,0.9997260
1788241036554570496,OK,1,0,13.7819,1.75479,0,1152,0,0.558795,0.191118,3.166944,0.0014206,0.0235786,-0.0018415,0.9997193
1788241036587905792,OK,1,0,13.3867,1.22812,0,1121,0,0.561760,0.188808,3.180689,0.0014068,0.0232286,-0.0015544,0.9997280
1788241036621241088,OK,1,0,13.5373,0.33975,0,1167,0,0.563681,0.189840,3.191485,0.0017365,0.0232269,-0.0015009,0.9997276
1788241036654577920,OK,1,0,14.1614,1.70762,0,1149,0,0.563426,0.190585,3.204129,0.0020904,0.0233579,-0.0018396,0.9997233
1788241036687917056,OK,1,0,13.7351,2.30583,0,1157,0,0.565214,0.190056,3.217428,0.0017227,0.0230173,-0.0015855,0.9997324
1788241036721256192,OK,1,0,14.2064,0.306208,0,1164,0,0.567441,0.192204,3.232376,0.0017118,0.0229863,-0.0012851,0.9997335
1788241036754595328,OK,1,0,13.7195,1.42333,0,1176,0,0.568862,0.192134,3.245315,0.0015435,0.0231953,-0.0010818,0.9997292
1788241036787934208,OK,1,0,13.6733,1.86296,0,1168,0,0.571601,0.194597,3.260793,0.0014329,0.0229580,-0.0010927,0.9997348
1788241036821273088,OK,1,0,14.9871,0.445834,0,1165,0,0.570730,0.194144,3.272090,0.0014355,0.0230386,-0.0012084,0.9997329
1788241036854611456,OK,1,0,15.9546,2.40888,0,1156,0,0.570009,0.192454,3.284224,0.0013190,0.0230559,-0.0014413,0.9997323
1788241036887950080,OK,1,0,14.1871,2.34858,0,1142,0,0.570336,0.195126,3.297178,0.0013860,0.0230935,-0.0014768,0.9997313
1788241036921288960,OK,1,0,16.1923,1.53208,0,1153,0,0.572074,0.194774,3.309852,0.0015185,0.0228290,-0.0016675,0.9997368
1788241036954627840,OK,1,0,13.9965,1.29854,0,1147,0,0.571598,0.196193,3.324088,0.0016179,0.0222738,-0.0017632,0.9997491
1788241036987966720,OK,1,0,13.2583,0.282625,0,1152,0,0.570667,0.195639,3.337341,0.0017565,0.0213407,-0.0019327,0.9997689
1788241037021305600,OK,1,0,15.0487,1.90654,0,1153,0,0.570678,0.195783,3.350220,0.0014859,0.0195787,-0.0016795,0.9998058
1788241037054644480,OK,1,0,14.0647,1.80558,0,1144,0,0.570574,0.197422,3.364702,0.0010054,0.0173436,-0.0012676,0.9998483
1788241037087983104,OK,1,0,13.2353,1.19092,0,1134,0,0.569876,0.198787,3.377234,0.0012552,0.0149259,-0.0010311,0.9998873
1788241037121321984,OK,1,0,13.462,2.62092,0,1135,0,0.570407,0.199777,3.389474,0.0015591,0.0119336,-0.0007570,0.9999273
1788241037154660608,OK,1,0,12.5215,1.59771,0,1088,0,0.567354,0.199349,3.402609,0.0016218,0.0085640,-0.0006869,0.9999618
1788241037187999232,OK,1,0,12.8328,2.08879,0,1087,0,0.562398,0.199814,3.415279,0.0011886,0.0037506,-0.0003990,0.9999922
1788241037221337856,OK,1,0,13.1183,0.376167,0,1093,0,0.556304,0.201094,3.427645,0.0011356,-0.0012051,0.0000681,0.9999986
1788241037254676480,OK,1,0,12.9101,2.2045,0,1062,0,0.551807,0.201975,3.439429,0.0013934,-0.0074853,0.0005210,0.9999709
1788241037288014848,OK,1,0,12.821,2.14404,0,1037,0,0.547543,0.200939,3.451918,0.0016526,-0.0147622,0.0009412,0.9998893
1788241037321352448,OK,1,0,13.5778,1.97225,0,1069,0,0.540184,0.199146,3.461997,0.0016527,-0.0217881,0.0013792,0.9997603
1788241037354690816,OK,1,0,14.8378,0.257334,0,1079,0,0.535098,0.199763,3.474955,0.0019681,-0.0286437,0.0019786,0.9995858
1788241037388029184,OK,1,0,14.534,0.354792,0,1145,0,0.527954,0.201445,3.487166,0.0018679,-0.0353403,0.0025428,0.9993703
1788241037421367552,OK,1,0,14.3631,1.34033,0,1147,0,0.522866,0.199411,3.499813,0.0013921,-0.0423540,0.0025660,0.9990984
1788241037454706176,OK,1,0,14.2822,1.76079,0,1199,0,0.513706,0.200841,3.512115,0.0011250,-0.0494256,0.0025181,0.9987740
1788241037488044544,OK,1,0,14.2435,1.17033,0,1213,0,0.505190,0.199027,3.523041,0.0006201,-0.0565186,0.0028239,0.9983974
1788241037521382912,OK,1,0,15.5675,0.404333,0,1241,0,0.497244,0.199404,3.536326,0.0005104,-0.0635970,0.0031168,0.9979707
1788241037554721024,OK,1,0,16.0774,1.22221,0,1232,0,0.489236,0.201045,3.547778,0.0006052,-0.0709600,0.0035980,0.9974725
1788241037588059392,OK,1,0,14.8348,1.09108,0,1263,0,0.483816,0.202157,3.560603,0.0009108,-0.0786810,0.0042189,0.9968905
1788241037621397504,OK,1,0,15.9032,2.23525,0,1284,0,0.477797,0.203122,3.572592,0.0013307,-0.0863668,0.0047140,0.9962513
1788241037654739456,OK,1,0,16.1281,1.48196,0,1475,0,0.468375,0.202651,3.583794,0.0015622,-0.0938045,0.0051285,0.9955762
1788241037688087040,OK,1,0,15.9985,0.522084,0,1408,0,0.460722,0.203239,3.593625,0.0017261,-0.1014331,0.0052883,0.9948269
1788241037721434112,OK,1,0,17.9015,3.55871,0,1537,0,0.450197,0.204446,3.603419,0.0021729,-0.1088225,0.0059224,0.9940412
1788241037754780672,OK,1,0,16.632,2.67508,0,1499,0,0.443553,0.203821,3.612626,0.0019816,-0.1164218,0.0066546,0.9931756
1788241037788128256,OK,1,0,17.2245,2.24758,0,1479,0,0.434147,0.203676,3.623490,0.0017262,-0.1239097,0.0072666,0.9922654
1788241037821475840,OK,1,0,16.7416,1.63821,0,1473,0,0.424200,0.205628,3.635083,0.0017399,-0.1317095,0.0076151,0.9912576
1788241037854823424,OK,1,0,16.6685,1.94962,0,1487,0,0.411857,0.206369,3.645574,0.0016962,-0.1390488,0.0080432,0.9902514
1788241037888171264,OK,1,0,15.8549,2.43404,0,1499,0,0.401712,0.206995,3.655255,0.0013816,-0.1466126,0.0083911,0.9891575
1788241037921518848,OK,1,0,19.0853,0.860208,0,1505,0,0.389434,0.208507,3.666844,0.0015313,-0.1543491,0.0084410,0.9879792
1788241037954866688,OK,1,0,17.8947,1.42425,0,1466,0,0.381119,0.209124,3.677819,0.0020137,-0.1622792,0.0089595,0.9867021
1788241037988214528,OK,1,0,18.0979,1.37371,0,1494,0,0.371177,0.208207,3.684195,0.0019970,-0.1696776,0.0100418,0.9854465
1788241038021562624,OK,1,0,19.8516,1.40629,0,1493,0,0.361557,0.207621,3.693660,0.0021847,-0.1771310,0.0110398,0.9841229
1788241038054910720,OK,1,0,20.3783,1.14288,0,1451,0,0.350201,0.208289,3.704466,0.0026830,-0.1845247,0.0114163,0.9827579
1788241038088258560,OK,1,0,17.2195,1.90338,0,1435,0,0.338038,0.209208,3.710996,0.0028271,-0.1919322,0.0118472,0.9813327
1788241038121606656,OK,1,0,21.8057,1.42796,0,1679,0,0.327757,0.209576,3.719328,0.0023858,-0.1995602,0.0121862,0.9798069
1788241038154955008,OK,1,0,17.241,2.27154,0,1531,0,0.315485,0.210431,3.727144,0.0024733,-0.2070215,0.0120218,0.9782594
1788241038188302336,OK,1,0,31.5434,2.12733,0,1530,0,0.303499,0.212640,3.736894,0.0027175,-0.2149084,0.0123347,0.9765525
1788241038221650688,OK,1,0,19.463,0.461083,0,1535,0,0.292132,0.212951,3.745224,0.0024686,-0.2226307,0.0128727,0.9748148
1788241038254999040,OK,1,0,19.2847,2.33712,0,1536,0,0.280166,0.212582,3.751551,0.0026768,-0.2299825,0.0134051,0.9730988
1788241038288347392,OK,1,0,18.7448,1.45371,0,1782,0,0.268795,0.214309,3.757386,0.0029848,-0.2376440,0.0136132,0.9712524
1788241038321695744,OK,1,0,18.3953,1.86417,0,1664,0,0.255717,0.213419,3.764921,0.0026462,-0.2452256,0.0140877,0.9693601
1788241038355044352,OK,1,0,19.1379,1.35321,0,1641,0,0.245834,0.215594,3.773052,0.0025082,-0.2527918,0.0147876,0.9674045
1788241038388392960,OK,1,0,18.1006,1.06867,0,1599,0,0.232534,0.215032,3.777419,0.0028889,-0.2600062,0.0152670,0.9654819
1788241038421741824,OK,1,0,19.0337,2.07467,0,1583,0,0.220039,0.215434,3.782925,0.0033441,-0.2673173,0.0156511,0.9634757
1788241038455090688,OK,1,0,20.0505,3.21,0,1719,0,0.211096,0.215708,3.789013,0.0034712,-0.2748320,0.0167992,0.9613392
1788241038488439552,OK,1,0,18.2252,1.1475,0,1646,0,0.198895,0.214704,3.792300,0.0036492,-0.2819493,0.0175103,0.9592625
1788241038521788160,OK,1,0,20.0511,1.81004,0,1576,0,0.186793,0.213856,3.796727,0.0041407,-0.2893220,0.0174945,0.9570630
1788241038555137280,OK,1,0,20.2012,1.18804,0,1546,0,0.174361,0.213984,3.800329,0.0039718,-0.2969121,0.0179649,0.9547275
1788241038588486144,OK,1,0,20.2761,2.70842,0,1556,0,0.162955,0.213268,3.803239,0.0034955,-0.3043939,0.0182660,0.9523647
1788241038621835264,OK,1,0,18.4544,2.69163,0,1560,0,0.149426,0.215901,3.809555,0.0041628,-0.3115641,0.0181510,0.9500426
1788241038655177472,OK,1,0,20.5356,0.341709,0,1611,0,0.137316,0.214605,3.813262,0.0043052,-0.3190744,0.0182423,0.9475443
1788241038688512512,OK,1,0,19.8784,0.294583,0,1585,0,0.125835,0.213808,3.815440,0.0038425,-0.3263971,0.0188834,0.9450364
1788241038721847296,OK,1,0,20.2771,1.38529,0,1572,0,0.113515,0.212967,3.820032,0.0037996,-0.3333775,0.0190062,0.9425942
1788241038755182592,OK,1,0,18.4964,1.64192,0,1616,0,0.098707,0.212891,3.823062,0.0040286,-0.3404584,0.0192303,0.9400543
1788241038788517376,OK,1,0,18.8005,1.51271,0,1598,0,0.083341,0.214070,3.826857,0.0037435,-0.3477725,0.0193977,0.9373708
1788241038821852416,OK,1,0,21.5682,3.77042,0,1603,0,0.074263,0.213175,3.829833,0.0032880,-0.3547584,0.0197660,0.9347433
1788241038855187200,OK,1,0,20.9297,3.30183,0,1547,0,0.060819,0.213770,3.832876,0.0038018,-0.3614473,0.0197336,0.9321759
1788241038888521984,OK,1,0,18.3336,2.79708,0,1532,0,0.048497,0.213226,3.835412,0.0040810,-0.3686933,0.0197024,0.9293333
1788241038921856768,OK,1,0,19.102,1.23371,0,1731,0,0.034591,0.212160,3.839056,0.0034168,-0.3756425,0.0205339,0.9265308
1788241038955191296,OK,1,0,19.2557,1.33958,0,1610,0,0.023157,0.210786,3.842624,0.0029850,-0.3825553,0.0210998,0.9236868
1788241038988526080,OK,1,0,19.816,1.28287,0,1574,0,0.009745,0.209706,3.845074,0.0035495,-0.3893927,0.0209493,0.9208267
1788241039021860608,OK,1,0,18.9936,3.41225,0,1727,0,-0.002140,0.210351,3.845718,0.0035880,-0.3967215,0.0212410,0.9176862
1788241039055195392,OK,1,0,18.7599,3.80379,0,1558,0,-0.013554,0.212520,3.849003,0.0034739,-0.4036726,0.0217839,0.9146376
1788241039088528896,OK,1,0,17.6447,1.47554,0,1551,0,-0.026136,0.212765,3.851022,0.0039178,-0.4103056,0.0221150,0.9116715
1788241039121863168,OK,1,0,19.7742,2.061,0,1677,0,-0.038720,0.210168,3.851696,0.0044173,-0.4172312,0.0220848,0.9085212
1788241039155197440,OK,1,0,19.0853,1.18525,0,1557,0,-0.052591,0.210484,3.853882,0.0040818,-0.4243235,0.0221591,0.9052303
1788241039188531968,OK,1,0,17.585,2.044,0,1513,0,-0.066257,0.210694,3.857324,0.0036644,-0.4312739,0.0222348,0.9019396
1788241039221866240,OK,1,0,18.0383,2.75296,0,1463,0,-0.080585,0.211027,3.860863,0.0040352,-0.4382071,0.0221891,0.8985910
1788241039255200512,OK,1,0,18.045,2.452,0,1455,0,-0.092813,0.211261,3.859197,0.0042780,-0.4453372,0.0222263,0.8950768
1788241039288534784,OK,1,0,18.3459,2.46013,0,1453,0,-0.103570,0.211187,3.861101,0.0037491,-0.4526138,0.0230320,0.8914013
1788241039321868800,OK,1,0,18.8237,2.68171,0,1440,0,-0.114007,0.211574,3.864702,0.0037486,-0.4593369,0.0239147,0.8879323
1788241039355202816,OK,1,0,20.4458,2.01958,0,1757,0,-0.126484,0.212572,3.866822,0.0047504,-0.4660574,0.0244959,0.8844025
1788241039388536832,OK,1,0,20.0516,1.92679,0,1782,0,-0.141221,0.212365,3.865927,0.0048318,-0.4727920,0.0247885,0.8808120
1788241039421871104,OK,1,0,21.8466,2.25617,0,1626,0,-0.151530,0.212853,3.870874,0.0042769,-0.4799656,0.0253981,0.8769091
1788241039455204864,OK,1,0,20.5568,2.53292,0,1568,0,-0.164073,0.213625,3.872558,0.0041872,-0.4865854,0.0255709,0.8732487
1788241039488538880,OK,1,0,19.7392,2.27829,0,1535,0,-0.176947,0.214141,3.874756,0.0045663,-0.4936538,0.0252435,0.8692801
1788241039521871616,OK,1,0,20.271,3.13896,0,1511,0,-0.191300,0.213378,3.873792,0.0042555,-0.5003406,0.0251744,0.8654522
1788241039555205632,OK,1,0,19.2307,2.17942,0,1506,0,-0.204351,0.214115,3.874697,0.0040905,-0.5069735,0.0253793,0.8615782
1788241039588539392,OK,1,0,19.781,2.617,0,1467,0,-0.217390,0.214444,3.875633,0.0042605,-0.5137294,0.0255146,0.8575622
1788241039621873152,OK,1,0,18.9218,1.544,0,1447,0,-0.231361,0.214710,3.875907,0.0046812,-0.5204591,0.0257312,0.8534860
1788241039655207680,OK,1,0,17.6367,1.46871,0,1449,0,-0.242191,0.214589,3.875428,0.0046508,-0.5273351,0.0265410,0.8492301
1788241039688544256,OK,1,0,17.5084,2.42129,0,1394,0,-0.253817,0.215088,3.876171,0.0047188,-0.5339118,0.0275919,0.8450767
1788241039721880576,OK,1,0,17.9232,2.95929,0,1363,0,-0.265404,0.215398,3.875607,0.0053556,-0.5403156,0.0283480,0.8409677
1788241039755216896,OK,1,0,18.514,2.69512,0,1315,0,-0.277576,0.215643,3.872557,0.0057482,-0.5465359,0.0286910,0.8369243
1788241039788552960,OK,1,0,16.9325,2.691,0,1297,0,-0.290249,0.214875,3.872367,0.0052686,-0.5531826,0.0291160,0.8325344
1788241039821889280,OK,1,0,17.3444,2.7805,0,1307,0,-0.303850,0.213458,3.870438,0.0049598,-0.5596303,0.0291683,0.8282140
1788241039855225088,OK,1,0,17.33,2.18237,0,1242,0,-0.316650,0.212543,3.866961,0.0052005,-0.5660052,0.0289398,0.8238772
1788241039888561152,OK,1,0,17.2945,0.248083,0,1341,0,-0.327810,0.211608,3.866253,0.0049610,-0.5726796,0.0287772,0.8192590
1788241039921897216,OK,1,0,18.0524,2.06962,0,1382,0,-0.340918,0.211629,3.864813,0.0042746,-0.5781897,0.0294212,0.8153605
1788241039955233280,OK,1,0,16.489,1.13154,0,1392,0,-0.354474,0.211615,3.862450,0.0044017,-0.5825984,0.0296055,0.8122089
1788241039988568064,OK,1,0,17.6975,1.99292,0,1273,0,-0.370790,0.211038,3.861225,0.0046883,-0.5874538,0.0292653,0.8087147
1788241040021903872,OK,1,0,17.2992,2.35833,0,1302,0,-0.384959,0.212169,3.857141,0.0042705,-0.5920007,0.0288360,0.8054101
1788241040055239680,OK,1,0,16.8124,0.279667,0,1281,0,-0.398267,0.214915,3.857376,0.0037407,-0.5959733,0.0291141,0.8024676
1788241040088575488,OK,1,0,16.6167,1.98675,0,1253,0,-0.412798,0.215672,3.857130,0.0035922,-0.5996115,0.0292645,0.7997479
1788241040121911040,OK,1,0,16.3308,1.64404,0,1235,0,-0.425266,0.214737,3.858001,0.0037383,-0.6035010,0.0293750,0.7968123
1788241040155246848,OK,1,0,16.1742,2.46629,0,1237,0,-0.436219,0.214506,3.859264,0.0033167,-0.6068680,0.0297353,0.7942393
1788241040188582400,OK,1,0,16.9082,2.24208,0,1337,0,-0.449273,0.214921,3.859187,0.0028416,-0.6089078,0.0303386,0.7926556
1788241040221917952,OK,1,0,16.0587,1.65475,0,1144,0,-0.461588,0.214285,3.861222,0.0029179,-0.6108479,0.0304568,0.7911565
1788241040255253504,OK,1,0,17.4879,1.87829,0,1131,0,-0.475593,0.216431,3.863941,0.0033843,-0.6134643,0.0301415,0.7891399
1788241040288588800,OK,1,0,16.2313,0.252792,0,1096,0,-0.490714,0.217592,3.861423,0.0033179,-0.6156267,0.0294830,0.7874792
1788241040321924352,OK,1,0,15.9351,2.565,0,1041,0,-0.505626,0.215846,3.859695,0.0026357,-0.6165819,0.0291849,0.7867453
1788241040355259648,OK,1,0,16.1925,1.95808,0,1041,0,-0.517897,0.217228,3.860570,0.0023633,-0.6171620,0.0289772,0.7862989
1788241040388594688,OK,1,0,15.5633,2.29754,0,1021,0,-0.532617,0.217291,3.864944,0.0026884,-0.6174490,0.0288948,0.7860754
1788241040421928960,OK,1,0,16.6874,2.33763,0,1034,0,-0.542567,0.216825,3.868358,0.0023814,-0.6175785,0.0294396,0.7859545
1788241040455264256,OK,1,0,16.8541,1.07983,0,1025,0,-0.555768,0.218343,3.875330,0.0020814,-0.6179078,0.0298640,0.7856804
1788241040488599296,OK,1,0,15.7528,0.290083,0,1008,0,-0.568292,0.218680,3.878614,0.0023331,-0.6181822,0.0300748,0.7854558
1788241040521934336,OK,1,0,16.2799,6.40908,0,1004,0,-0.579214,0.219795,3.882675,0.0023686,-0.6184238,0.0301306,0.7852635
1788241040555269632,OK,1,0,15.0355,1.19017,0,1014,0,-0.593271,0.218622,3.882831,0.0024641,-0.6183334,0.0295963,0.7853546
1788241040588604416,OK,1,0,17.0886,0.335834,0,1009,0,-0.607504,0.217834,3.882216,0.0025973,-0.6184236,0.0292994,0.7852943
1788241040621939200,OK,1,0,15.0763,1.26467,0,1008,0,-0.621231,0.219586,3.885254,0.0021457,-0.6187932,0.0293602,0.7850021
1788241040655275520,OK,1,0,14.0755,2.79054,0,1026,0,-0.633215,0.220700,3.887545,0.0017194,-0.6188949,0.0295215,0.7849169
1788241040688613888,OK,1,0,14.9779,2.08696,0,1029,0,-0.647448,0.220245,3.894022,0.0014314,-0.6190217,0.0299317,0.7848020
1788241040721952512,OK,1,0,17.6644,1.56658,0,1015,0,-0.658846,0.221451,3.899933,0.0011586,-0.6192595,0.0296801,0.7846243
1788241040755290880,OK,1,0,16.7505,1.46358,0,1001,0,-0.672572,0.222232,3.901572,0.0012926,-0.6194569,0.0292132,0.7844859
1788241040788628992,OK,1,0,13.7443,2.13529,0,992,0,-0.685766,0.222272,3.904179,0.0011661,-0.6197834,0.0289206,0.7842391
1788241040821967104,OK,1,0,13.3746,2.45487,0,991,0,-0.699878,0.219724,3.907590,0.0008014,-0.6198683,0.0285716,0.7841851
1788241040855304192,OK,1,0,14.8837,0.423083,0,992,0,-0.709181,0.221216,3.912252,0.0007574,-0.6201112,0.0288558,0.7839828
1788241040888642304,OK,1,0,15.8163,1.51646,0,1058,0,-0.722578,0.220931,3.917133,0.0005534,-0.6203447,0.0290436,0.7837912
1788241040921980416,OK,1,0,15.6831,1.18796,0,1000,0,-0.733715,0.220520,3.919939,0.0005569,-0.6204818,0.0290294,0.7836831
1788241040955318528,OK,1,0,15.5731,1.14088,0,1028,0,-0.745139,0.221379,3.925523,0.0004931,-0.6210668,0.0296027,0.7831982
1788241040988656384,OK,1,0,19.2978,2.34571,0,1014,0,-0.758631,0.220868,3.920139,0.0003117,-0.6210341,0.0298206,0.7832159
1788241041021994496,OK,1,0,14.524,1.328,0,1027,0,-0.769015,0.222896,3.923970,0.0007773,-0.6216114,0.0299949,0.7827509
1788241041055332352,OK,1,0,14.1515,0.2885,0,1011,0,-0.781428,0.223379,3.925948,0.0012491,-0.6221327,0.0301556,0.7823299
1788241041088670208,OK,1,0,13.3627,1.17171,0,1020,0,-0.793559,0.223239,3.928844,0.0016915,-0.6230173,0.0297855,0.7816389
1788241041122008064,OK,1,0,14.5916,1.60967,0,1186,0,-0.808873,0.221536,3.929619,0.0015990,-0.6240928,0.0290084,0.7808099
1788241041155345920,OK,1,0,15.3159,2.19433,0,1120,0,-0.821527,0.222994,3.926600,0.0015166,-0.6246974,0.0287597,0.7803356
1788241041188683520,OK,1,0,14.7061,2.31454,0,1088,0,-0.833688,0.222338,3.928929,0.0015068,-0.6255722,0.0287191,0.7796360
1788241041222021376,OK,1,0,15.0592,2.58263,0,1073,0,-0.848446,0.222721,3.930252,0.0014412,-0.6266211,0.0289166,0.7787861
1788241041255359232,OK,1,0,14.553,1.19154,0,1063,0,-0.860070,0.222153,3.932782,0.0016628,-0.6278949,0.0289117,0.7777593
1788241041288696832,OK,1,0,15.0506,0.880459,0,1044,0,-0.876442,0.222935,3.931479,0.0014833,-0.6292545,0.0288787,0.7766612
1788241041322033152,OK,1,0,14.8665,1.27079,0,1029,0,-0.888868,0.223472,3.933214,0.0009792,-0.6309364,0.0289552,0.7752935
1788241041355370752,OK,1,0,14.5434,1.366,0,1000,0,-0.901338,0.223643,3.932231,0.0013034,-0.6318904,0.0295141,0.7744946
1788241041388708608,OK,1,0,16.0341,1.5375,0,981,0,-0.915637,0.222517,3.935632,0.0013691,-0.6332902,0.0300492,0.7733296
1788241041422045952,OK,1,0,15.4316,1.43758,0,1002,0,-0.928984,0.223818,3.936006,0.0014393,-0.6346025,0.0305614,0.7722328
1788241041455383296,OK,1,0,15.3202,1.52779,0,1002,0,-0.940780,0.222863,3.940332,0.0018023,-0.6362041,0.0307033,0.7709076
1788241041488720640,OK,1,0,14.4916,1.22029,0,1012,0,-0.954929,0.223163,3.938345,0.0018598,-0.6384245,0.0308417,0.7690641
1788241041522057984,OK,1,0,14.726,0.309541,0,972,0,-0.966301,0.221998,3.938202,0.0017321,-0.6408805,0.0311698,0.7670056
1788241041555395584,OK,1,0,13.2154,3.97846,0,972,0,-0.980042,0.221474,3.939973,0.0015654,-0.6430874,0.0316123,0.7651384
1788241041588732672,OK,1,0,14.4988,1.26508,0,976,0,-0.992882,0.220343,3.940366,0.0012815,-0.6447920,0.0319515,0.7636890
1788241041622070016,OK,1,0,16.1926,2.67212,0,970,0,-1.006544,0.219892,3.938111,0.0014683,-0.6466707,0.0318293,0.7621034
1788241041655406848,OK,1,0,15.808,1.36308,0,969,0,-1.020311,0.217121,3.939032,0.0013600,-0.6489257,0.0317170,0.7601892
1788241041688742400,OK,1,0,12.7943,2.06429,0,972,0,-1.034168,0.217898,3.939939,0.0016553,-0.6509331,0.0320920,0.7584547
1788241041722078464,OK,1,0,12.6251,0.320208,0,960,0,-1.047020,0.217292,3.940757,0.0015089,-0.6529723,0.0324632,0.7566842
1788241041755412992,OK,1,0,12.275,1.45762,0,958,0,-1.057756,0.216099,3.940509,0.0014515,-0.6550729,0.0326072,0.7548603
1788241041788748800,OK,1,0,14.5435,0.306375,0,965,0,-1.071656,0.214516,3.937954,0.0014364,-0.6570686,0.0328135,0.7531149
1788241041822084352,OK,1,0,14.5898,1.30467,0,936,0,-1.086644,0.213953,3.938123,0.0020036,-0.6591610,0.0333098,0.7512611
1788241041855419904,OK,1,0,13.8111,1.63492,0,957,0,-1.095445,0.213911,3.939482,0.0022651,-0.6613475,0.0340878,0.7493013
1788241041888755712,OK,1,0,15.1703,0.284333,0,1017,0,-1.106969,0.214838,3.937812,0.0021944,-0.6628727,0.0348547,0.7479173
1788241041922091008,OK,1,0,17.8735,2.59825,0,963,0,-1.118856,0.214487,3.941341,0.0024912,-0.6639587,0.0351863,0.7469367
1788241041955426816,OK,1,0,13.2903,0.3425,0,957,0,-1.133636,0.216424,3.939530,0.0023703,-0.6651890,0.0354635,0.7458287
1788241041988762112,OK,1,0,14.9118,0.655666,0,941,0,-1.145635,0.215657,3.939204,0.0022703,-0.6658353,0.0353878,0.7452557
1788241042022097408,OK,1,0,14.0102,3.71513,0,966,0,-1.159508,0.214685,3.941540,0.0018987,-0.6654125,0.0356694,0.7456207
1788241042055432960,OK,1,0,15.4369,2.57938,0,1243,0,-1.171170,0.213698,3.944293,0.0016523,-0.6649942,0.0355374,0.7460007
1788241042088768256,OK,1,0,14.0819,1.11833,0,1123,0,-1.184537,0.214280,3.945304,0.0015849,-0.6653928,0.0354409,0.7456499
1788241042122103552,OK,1,0,14.7172,2.00533,0,1090,0,-1.200871,0.212428,3.945035,0.0013158,-0.6656965,0.0348778,0.7454059
1788241042155438848,OK,1,0,14.8065,1.15125,0,1069,0,-1.213452,0.213817,3.946157,0.0011233,-0.6655040,0.0346902,0.7455868
1788241042188773120,OK,1,0,13.2813,0.645916,0,1058,0,-1.225806,0.214857,3.948156,0.0012666,-0.6653926,0.0348668,0.7456778
1788241042222108416,OK,1,0,14.8712,0.282042,0,1038,0,-1.239781,0.215721,3.950946,0.0013110,-0.6656175,0.0348599,0.7454773
1788241042255443456,OK,1,0,16.7122,2.02704,0,1050,0,-1.252672,0.217671,3.951451,0.0017429,-0.6655857,0.0345456,0.7455195
1788241042288778496,OK,1,0,16.5912,3.17862,0,1055,0,-1.265275,0.216827,3.951680,0.0019580,-0.6655964,0.0341822,0.7455261
1788241042322113536,OK,1,0,13.5716,2.78275,0,1049,0,-1.280873,0.218056,3.952415,0.0019409,-0.6656433,0.0337822,0.7455025
1788241042355448832,OK,1,0,15.1396,2.17929,0,1025,0,-1.293429,0.219239,3.953935,0.0018566,-0.6658834,0.0336414,0.7452946
1788241042388783616,OK,1,0,16.1489,0.354291,0,1005,0,-1.305511,0.217105,3.954864,0.0017806,-0.6656637,0.0338992,0.7454795
1788241042422118656,OK,1,0,14.1313,2.66688,0,1019,0,-1.318305,0.215770,3.959385,0.0020746,-0.6654673,0.0340160,0.7456487
1788241042455453696,OK,1,0,13.3978,3.00242,0,1023,0,-1.329424,0.215192,3.958546,0.0023929,-0.6654888,0.0344439,0.7456089
1788241042488788224,OK,1,0,16.6844,0.299666,0,1000,0,-1.341082,0.213551,3.960156,0.0026259,-0.6657835,0.0345081,0.7453420
1788241042522123264,OK,1,0,14.0308,1.53096,0,1033,0,-1.353092,0.214494,3.958648,0.0027027,-0.6658170,0.0345075,0.7453118
1788241042555458048,OK,1,0,16.5195,0.314125,0,1020,0,-1.365068,0.212801,3.962557,0.0027803,-0.6662951,0.0347101,0.7448748
1788241042588793088,OK,1,0,14.4155,1.69242,0,1020,0,-1.378927,0.214368,3.964829,0.0028763,-0.6662444,0.0351571,0.7448987
1788241042622127616,OK,1,0,13.252,2.27792,0,1006,0,-1.390862,0.215256,3.965687,0.0029872,-0.6660534,0.0351223,0.7450708
1788241042655462400,OK,1,0,15.5651,2.84279,0,967,0,-1.404785,0.213699,3.965992,0.0030652,-0.6663796,0.0348441,0.7447917
1788241042688799232,OK,1,0,14.4177,2.96846,0,986,0,-1.417297,0.216529,3.965285,0.0026511,-0.6664777,0.0346086,0.7447166
1788241042722136320,OK,1,0,16.8595,2.68392,0,978,0,-1.431859,0.216833,3.969595,0.0023761,-0.6667012,0.0341871,0.7445369
1788241042755473152,OK,1,0,14.1571,1.44175,0,1038,0,-1.446345,0.215554,3.971588,0.0024153,-0.6665658,0.0343097,0.7446524
1788241042788809984,OK,1,0,15.1692,0.30125,0,1015,0,-1.459276,0.217943,3.975202,0.0025625,-0.6662883,0.0344588,0.7448932
1788241042822147072,OK,1,0,15.6668,0.314,0,1019,0,-1.469850,0.215124,3.974617,0.0025716,-0.6661293,0.0344474,0.7450359
1788241042855483904,OK,1,0,15.0075,2.57088,0,1033,0,-1.483216,0.212032,3.975218,0.0024320,-0.6663669,0.0341673,0.7448367
1788241042888820480,OK,1,0,15.0322,2.50704,0,1023,0,-1.495889,0.211742,3.979502,0.0022263,-0.6668294,0.0337277,0.7444435
1788241042922157568,OK,1,0,14.7374,1.4965,0,1028,0,-1.507183,0.212988,3.979684,0.0025908,-0.6667016,0.0341285,0.7445385
1788241042955494144,OK,1,0,14.9843,2.55104,0,1313,0,-1.519832,0.211923,3.979452,0.0028824,-0.6664115,0.0342506,0.7447915
1788241042988830720,OK,1,0,14.9495,2.46729,0,1324,0,-1.532866,0.210888,3.979053,0.0031400,-0.6663487,0.0339389,0.7448609
1788241043022167552,OK,1,0,14.6921,2.21712,0,1256,0,-1.545011,0.209780,3.980639,0.0030581,-0.6666549,0.0338859,0.7445897
1788241043055504128,OK,1,0,14.4779,2.43871,0,1222,0,-1.560658,0.208640,3.982660,0.0023609,-0.6667768,0.0337091,0.7444910
1788241043088839680,OK,1,0,15.0042,2.35071,0,1463,0,-1.573885,0.210657,3.985219,0.0023011,-0.6666525,0.0340258,0.7445881
1788241043122176256,OK,1,0,15.8483,1.45017,0,1370,0,-1.584813,0.209173,3.988132,0.0021242,-0.6666998,0.0344867,0.7445250
1788241043155512576,OK,1,0,15.2854,2.57733,0,1368,0,-1.597646,0.207827,3.991383,0.0021786,-0.6665866,0.0344641,0.7446273
1788241043188849152,OK,1,0,15.1742,0.915666,0,1343,0,-1.609750,0.209343,3.990766,0.0025638,-0.6664847,0.0348258,0.7447004
1788241043222185472,OK,1,0,15.7457,1.25771,0,1281,0,-1.621433,0.209174,3.989974,0.0026680,-0.6664605,0.0351010,0.7447088
1788241043255522048,OK,1,0,14.7706,2.53604,0,1262,0,-1.634151,0.209878,3.993246,0.0025853,-0.6665786,0.0350354,0.7446065
1788241043288858368,OK,1,0,16.3663,3.33887,0,1513,0,-1.647447,0.211621,3.996286,0.0027727,-0.6666873,0.0350663,0.7445071
1788241043322194688,OK,1,0,16.5425,4.58942,0,1343,0,-1.660165,0.210837,3.996976,0.0025314,-0.6665390,0.0347607,0.7446550
1788241043355531008,OK,1,0,15.9977,2.81683,0,1286,0,-1.675378,0.209164,3.998924,0.0024244,-0.6665002,0.0343296,0.7447102
1788241043388867072,OK,1,0,14.9495,2.81046,0,1263,0,-1.687483,0.210314,3.997930,0.0027341,-0.6665108,0.0345982,0.7446872
1788241043422203392,OK,1,0,15.4595,2.80538,0,1277,0,-1.700320,0.211168,4.000863,0.0027373,-0.6666997,0.0349163,0.7445031
1788241043455539456,OK,1,0,15.5309,0.254375,0,1431,0,-1.711534,0.211771,4.004187,0.0026606,-0.6667032,0.0348770,0.7445021
1788241043488875776,OK,1,0,17.0724,2.483,0,1604,0,-1.724511,0.212235,4.004032,0.0029819,-0.6665014,0.0347380,0.7446880
1788241043522211840,OK,1,0,16.5991,1.74017,0,1475,0,-1.737656,0.213656,4.003799,0.0034548,-0.6667086,0.0346644,0.7445039
1788241043555546880,OK,1,0,16.3435,2.93704,0,1407,0,-1.751467,0.212517,4.002783,0.0038121,-0.6671562,0.0344723,0.7441100
1788241043588882944,OK,1,0,15.626,1.12083,0,1394,0,-1.762385,0.211361,4.002699,0.0039630,-0.6676639,0.0344478,0.7436549
1788241043622219008,OK,1,0,15.5188,2.33288,0,1359,0,-1.777136,0.212012,4.002384,0.0035745,-0.6686687,0.0341020,0.7427695
1788241043655559168,OK,1,0,15.507,1.1085,0,1412,0,-1.792623,0.214372,4.001355,0.0034582,-0.6707495,0.0339971,0.7408963
1788241043688904960,OK,1,0,15.9647,3.68142,0,1369,0,-1.805792,0.213852,3.999098,0.0034794,-0.6731631,0.0340041,0.7387036
1788241043722251008,OK,1,0,16.1481,1.70079,0,1326,0,-1.819129,0.213004,3.997140,0.0033131,-0.6754148,0.0342865,0.7366331
1788241043755596800,OK,1,0,15.6341,1.77563,0,1293,0,-1.832287,0.213642,3.994520,0.0036120,-0.6777503,0.0345956,0.7344689
1788241043788943104,OK,1,0,15.3952,2.00592,0,1257,0,-1.843055,0.212569,3.991511,0.0039198,-0.6803312,0.0351884,0.7320492
1788241043822289152,OK,1,0,16.1837,3.00871,0,1352,0,-1.855647,0.214428,3.988885,0.0041965,-0.6830851,0.0360217,0.7294378
1788241043855635200,OK,1,0,16.4623,0.282584,0,1383,0,-1.867410,0.211328,3.985412,0.0044061,-0.6857392,0.0360029,0.7269430
1788241043888981504,OK,1,0,16.9612,1.46679,0,1612,0,-1.879520,0.211818,3.980888,0.0047614,-0.6885774,0.0360502,0.7242506
1788241043922327552,OK,1,0,18.6631,0.631875,0,1700,0,-1.891564,0.212346,3.973114,0.0051862,-0.6912665,0.0360794,0.7216800
1788241043955673856,OK,1,0,19.24,1.23175,0,1478,0,-1.905054,0.212140,3.969004,0.0050042,-0.6944947,0.0361435,0.7185720
1788241043989019136,OK,1,0,15.0767,0.446625,0,1277,0,-1.917710,0.210780,3.963639,0.0042450,-0.6975631,0.0362331,0.7155941
1788241044022365440,OK,1,0,15.5032,2.23175,0,1246,0,-1.932783,0.211963,3.959684,0.0042363,-0.7007254,0.0363235,0.7124932
1788241044055712000,OK,1,0,15.3925,0.339375,0,1265,0,-1.945345,0.211486,3.956194,0.0043230,-0.7037683,0.0362498,0.7094910
1788241044089058048,OK,1,0,14.629,1.16779,0,1232,0,-1.959355,0.212543,3.952724,0.0041495,-0.7068239,0.0363877,0.7064409
1788241044122404864,OK,1,0,15.5573,0.260292,0,1216,0,-1.973557,0.214153,3.947939,0.0040785,-0.7097923,0.0365360,0.7034511
1788241044155751168,OK,1,0,14.5305,1.53975,0,1206,0,-1.987112,0.214243,3.940843,0.0047578,-0.7129030,0.0364924,0.7002964
1788241044189097728,OK,1,0,16.3361,2.72096,0,1171,0,-1.998510,0.214283,3.937385,0.0052477,-0.7164458,0.0367383,0.6966550
1788241044222444288,OK,1,0,15.3449,2.69946,0,1113,0,-2.010520,0.213726,3.931188,0.0051657,-0.7204263,0.0375603,0.6924944
1788241044255791104,OK,1,0,15.2382,1.33054,0,1194,0,-2.022885,0.213083,3.926068,0.0046584,-0.7243804,0.0384973,0.6883090
1788241044289137664,OK,1,0,17.1431,2.51804,0,1175,0,-2.033778,0.212766,3.919234,0.0050511,-0.7278283,0.0391717,0.6846212
1788241044322484480,OK,1,0,15.6212,2.12333,0,1170,0,-2.045176,0.213891,3.911310,0.0053208,-0.7313263,0.0396109,0.6808558
1788241044355831040,OK,1,0,15.3962,4.09471,0,1145,0,-2.057506,0.210876,3.905735,0.0049450,-0.7352552,0.0393397,0.6766297
1788241044389177856,OK,1,0,16.8171,0.300708,0,1136,0,-2.070042,0.211671,3.898265,0.0049076,-0.7392430,0.0392253,0.6722775
1788241044422523648,OK,1,0,15.912,2.39546,0,1181,0,-2.081614,0.209647,3.890929,0.0048659,-0.7433712,0.0388415,0.6677327
1788241044455870720,OK,1,0,15.0324,1.28913,0,1204,0,-2.094151,0.210114,3.883679,0.0048807,-0.7473336,0.0389454,0.6632887
1788241044489217536,OK,1,0,14.9863,1.29917,0,1168,0,-2.110219,0.210870,3.876365,0.0048175,-0.7512285,0.0391879,0.6588603
1788241044522564352,OK,1,0,15.3475,1.39479,0,1337,0,-2.121802,0.211514,3.869904,0.0050034,-0.7551827,0.0396335,0.6542959
1788241044555911424,OK,1,0,14.6834,1.00521,0,1136,0,-2.132187,0.211046,3.862832,0.0053000,-0.7593429,0.0398932,0.6494450
1788241044589258496,OK,1,0,14.7844,2.18683,0,1114,0,-2.145424,0.209976,3.853826,0.0047348,-0.7636372,0.0398262,0.6443986
1788241044622605568,OK,1,0,15.4075,2.77975,0,1181,0,-2.158335,0.209845,3.847262,0.0044779,-0.7681410,0.0398591,0.6390231
1788241044655949824,OK,1,0,15.5177,0.952,0,1324,0,-2.168368,0.210263,3.837453,0.0047958,-0.7723162,0.0402469,0.6339439
1788241044689291264,OK,1,0,16.3717,2.39933,0,1232,0,-2.183180,0.208907,3.828721,0.0048406,-0.7769088,0.0405621,0.6282865
1788241044722632704,OK,1,0,15.7799,3.57533,0,1176,0,-2.192459,0.208621,3.822552,0.0041820,-0.7813329,0.0411503,0.6227424
1788241044755974400,OK,1,0,17.4879,1.66829,0,1200,0,-2.203778,0.206801,3.814275,0.0040630,-0.7854462,0.0415507,0.6175203
1788241044789315840,OK,1,0,15.419,1.936,0,1176,0,-2.214795,0.205712,3.806302,0.0046898,-0.7897177,0.0417390,0.6120309
1788241044822657536,OK,1,0,17.5773,2.02375,0,1192,0,-2.226548,0.204400,3.798086,0.0042483,-0.7940575,0.0416392,0.6063998
1788241044855997952,OK,1,0,16.7059,1.71775,0,1215,0,-2.240469,0.204070,3.789897,0.0037595,-0.7983475,0.0414890,0.6007544
1788241044889339648,OK,1,0,16.274,0.256,0,1224,0,-2.251495,0.205209,3.778702,0.0042365,-0.8021179,0.0416443,0.5956967
1788241044922681088,OK,1,0,17.0488,2.50471,0,1213,0,-2.266321,0.204780,3.769120,0.0047574,-0.8065177,0.0417848,0.5897123
1788241044956022784,OK,1,0,16.1266,2.6955,0,1231,0,-2.273932,0.202233,3.761578,0.0042814,-0.8105237,0.0417887,0.5841975
1788241044989364224,OK,1,0,16.75,2.02813,0,1186,0,-2.290973,0.200243,3.753315,0.0039773,-0.8146572,0.0419817,0.5784077
1788241045022705920,OK,1,0,16.7697,2.92071,0,1135,0,-2.297693,0.200134,3.744004,0.0044192,-0.8185759,0.0422799,0.5728232
1788241045056047360,OK,1,0,16.283,2.04404,0,1369,0,-2.307522,0.200453,3.733760,0.0040923,-0.8226780,0.0424335,0.5669070
1788241045089388800,OK,1,0,17.0428,0.26775,0,1299,0,-2.317859,0.197260,3.726540,0.0031956,-0.8266362,0.0427387,0.5611024
1788241045122730496,OK,1,0,18.1813,1.86546,0,1314,0,-2.330256,0.196430,3.717839,0.0032971,-0.8304164,0.0432213,0.5554544
1788241045156071936,OK,1,0,17.3676,2.30317,0,1241,0,-2.336747,0.196157,3.706161,0.0034432,-0.8339690,0.0437173,0.5500661
1788241045189413888,OK,1,0,15.9895,1.40863,0,1244,0,-2.348096,0.196342,3.697172,0.0032083,-0.8377962,0.0438886,0.5442069
1788241045222755328,OK,1,0,18.2305,1.64204,0,1240,0,-2.356271,0.195185,3.687721,0.0027310,-0.8414178,0.0439233,0.5385902
1788241045256097024,OK,1,0,17.7798,1.52704,0,1430,0,-2.366466,0.194045,3.676423,0.0030945,-0.8450246,0.0440361,0.5329022
1788241045289438464,OK,1,0,17.33,1.22117,0,1250,0,-2.374097,0.193576,3.664121,0.0035552,-0.8487058,0.0441769,0.5270050
1788241045322779136,OK,1,0,17.9174,2.79029,0,1252,0,-2.380150,0.195246,3.654850,0.0037251,-0.8522679,0.0443889,0.5212055
1788241045356120832,OK,1,0,17.3921,2.41562,0,1386,0,-2.389589,0.195116,3.644010,0.0036018,-0.8557417,0.0447557,0.5154513
1788241045389462528,OK,1,0,18.124,0.377458,0,1279,0,-2.396356,0.193687,3.632210,0.0041115,-0.8590714,0.0449942,0.5098578
1788241045422803968,OK,1,0,18.6295,2.16217,0,1252,0,-2.397391,0.192947,3.618623,0.0044785,-0.8624400,0.0448937,0.5041445
1788241045456145664,OK,1,0,17.6833,2.76692,0,1265,0,-2.405782,0.191226,3.606107,0.0040679,-0.8659374,0.0446808,0.4981361
1788241045489487360,OK,1,0,17.8188,0.264084,0,1224,0,-2.411908,0.191742,3.591055,0.0037192,-0.8692399,0.0447420,0.4923478
1788241045522828800,OK,1,0,18.3445,1.30629,0,1213,0,-2.418522,0.191064,3.580832,0.0039085,-0.8726969,0.0448588,0.4861815
1788241045556170752,OK,1,0,18.6468,3.35408,0,1175,0,-2.425169,0.192969,3.570077,0.0041173,-0.8761073,0.0456348,0.4799338
1788241045589512192,OK,1,0,17.8929,0.2655,0,1157,0,-2.434597,0.194165,3.557690,0.0041351,-0.8794848,0.0465015,0.4736317
1788241045622853632,OK,1,0,18.6439,2.35621,0,1188,0,-2.436662,0.192873,3.546484,0.0038930,-0.8823572,0.0471355,0.4681975
1788241045656195584,OK,1,0,17.4233,2.59408,0,1203,0,-2.442596,0.192035,3.537715,0.0041670,-0.8853154,0.0471924,0.4625714
1788241045689544960,OK,1,0,19.0888,2.5045,0,1180,0,-2.450568,0.192206,3.524885,0.0039484,-0.8880877,0.0474749,0.4571987
1788241045722894336,OK,1,0,17.9392,2.22812,0,1133,0,-2.456110,0.191706,3.513352,0.0037892,-0.8907312,0.0474690,0.4520290
1788241045756242688,OK,1,0,17.527,0.397042,0,1114,0,-2.464324,0.192256,3.501402,0.0037417,-0.8933479,0.0477343,0.4468076
1788241045789592064,OK,1,0,17.4399,2.19421,0,1092,0,-2.471923,0.192362,3.488949,0.0040903,-0.8960782,0.0477120,0.4413058
1788241045822941696,OK,1,0,17.0679,1.70346,0,1058,0,-2.481064,0.192350,3.475770,0.0045873,-0.8988541,0.0477824,0.4356111
1788241045856291328,OK,1,0,15.5047,1.4025,0,1055,0,-2.485676,0.188614,3.464633,0.0040864,-0.9014785,0.0475975,0.4301794
1788241045889641216,OK,1,0,17.3397,0.844584,0,1075,0,-2.493743,0.188710,3.452863,0.0042184,-0.9042588,0.0476346,0.4242985
1788241045922990848,OK,1,0,18.7042,2.80742,0,1282,0,-2.499227,0.187774,3.440227,0.0045829,-0.9068466,0.0480382,0.4186891
1788241045956340480,OK,1,0,16.9585,0.312292,0,1127,0,-2.507451,0.187745,3.428334,0.0047051,-0.9093749,0.0488876,0.4130680
1788241045989690368,OK,1,0,17.167,1.40854,0,1147,0,-2.511408,0.186837,3.419288,0.0040791,-0.9117157,0.0496914,0.4077850
1788241046023040512,OK,1,0,17.6545,1.721,0,1122,0,-2.519128,0.186137,3.410686,0.0040416,-0.9140728,0.0503233,0.4023957
1788241046056390400,OK,1,0,32.1935,2.69112,0,1137,0,-2.516505,0.182355,3.395635,0.0038317,-0.9161580,0.0504586,0.3976102
1788241046089740544,OK,1,0,16.5443,1.25821,0,1143,0,-2.521706,0.183611,3.381463,0.0038389,-0.9182420,0.0504517,0.3927741
1788241046123090688,OK,1,0,16.0562,2.58942,0,1143,0,-2.529358,0.185678,3.367710,0.0038745,-0.9199669,0.0502225,0.3887461
1788241046156440832,OK,1,0,16.413,2.59992,0,1160,0,-2.533477,0.184804,3.356055,0.0044815,-0.9213963,0.0498141,0.3853924
1788241046189791232,OK,1,0,16.4567,2.46067,0,1303,0,-2.540710,0.184315,3.343213,0.0049191,-0.9228307,0.0494664,0.3819848
1788241046223140352,OK,1,0,16.2209,2.4155,0,1203,0,-2.547785,0.185373,3.332701,0.0046966,-0.9238224,0.0495848,0.3795675
1788241046256491008,OK,1,0,16.7443,3.00608,0,1193,0,-2.556770,0.183521,3.325792,0.0042447,-0.9246787,0.0498386,0.3774485
1788241046289841408,OK,1,0,16.6382,1.39967,0,1193,0,-2.560695,0.184047,3.313663,0.0048547,-0.9252582,0.0507282,0.3758995
1788241046323191808,OK,1,0,16.339,2.14146,0,1194,0,-2.562046,0.182658,3.304924,0.0052371,-0.9260558,0.0511810,0.3738631
1788241046356542464,OK,1,0,16.1609,0.876417,0,1194,0,-2.570579,0.181154,3.293510,0.0049128,-0.9269065,0.0509428,0.3717864
1788241046389893120,OK,1,0,16.9619,2.18225,0,1164,0,-2.579391,0.181146,3.283273,0.0052039,-0.9277471,0.0507200,0.3697104
1788241046423243776,OK,1,0,17.6742,2.9005,0,1161,0,-2.589034,0.181282,3.272547,0.0058098,-0.9285508,0.0505840,0.3676969
1788241046456594432,OK,1,0,15.3582,2.56338,0,1142,0,-2.596310,0.181208,3.259408,0.0060565,-0.9293302,0.0502090,0.3657701
1788241046489945344,OK,1,0,16.0708,2.66258,0,1130,0,-2.604214,0.181397,3.248677,0.0059277,-0.9302763,0.0499391,0.3633965
1788241046523296512,OK,1,0,16.7811,0.577791,0,1137,0,-2.609850,0.180706,3.238108,0.0059962,-0.9309838,0.0500976,0.3615571
1788241046556647168,OK,1,0,17.2796,1.19471,0,1088,0,-2.617720,0.179710,3.229749,0.0055841,-0.9317716,0.0504783,0.3594751
1788241046589998336,OK,1,0,19.0644,1.73983,0,1109,0,-2.625592,0.178512,3.219978,0.0053279,-0.9325616,0.0506901,0.3573946
1788241046623349248,OK,1,0,16.7829,3.01758,0,1132,0,-2.631866,0.178183,3.206704,0.0062108,-0.9332768,0.0507363,0.3555020
1788241046656699392,OK,1,0,16.173,2.46804,0,1135,0,-2.637316,0.178105,3.191713,0.0067440,-0.9339725,0.0505465,0.3536876
1788241046690035200,OK,1,0,19.075,2.51063,0,1136,0,-2.645820,0.177929,3.179192,0.0063128,-0.9349189,0.0498285,0.3512889
1788241046723370752,OK,1,0,15.8181,2.46004,0,1139,0,-2.654073,0.178920,3.170177,0.0061463,-0.9361604,0.0495034,0.3480163
1788241046756706560,OK,1,0,18.1389,2.47275,0,1114,0,-2.658863,0.178248,3.156740,0.0065633,-0.9373982,0.0495643,0.3446519
1788241046790042112,OK,1,0,16.6091,1.39892,0,1267,0,-2.665928,0.176846,3.144498,0.0066328,-0.9389624,0.0496552,0.3403528
1788241046823377920,OK,1,0,16.4551,2.12646,0,1212,0,-2.672510,0.177576,3.134825,0.0063013,-0.9408045,0.0495583,0.3352481
1788241046856713472,OK,1,0,19.0476,0.334459,0,1207,0,-2.678939,0.176420,3.122550,0.0064334,-0.9423150,0.0498089,0.3309382
1788241046890049024,OK,1,0,16.4105,2.39096,0,1154,0,-2.681592,0.177133,3.110537,0.0072395,-0.9437348,0.0497859,0.3268543
1788241046923384576,OK,1,0,17.393,3.17917,0,1158,0,-2.688209,0.175442,3.099823,0.0074444,-0.9454635,0.0494116,0.3218725
1788241046956719872,OK,1,0,16.6571,2.75308,0,1163,0,-2.690119,0.173287,3.085939,0.0069867,-0.9471713,0.0484248,0.3169746
1788241046990055424,OK,1,0,16.301,2.1845,0,1141,0,-2.697460,0.173266,3.073186,0.0064637,-0.9487712,0.0484357,0.3121626
1788241047023390720,OK,1,0,16.6814,2.81058,0,1366,0,-2.699063,0.171208,3.060728,0.0060344,-0.9501420,0.0488300,0.3079115
1788241047056726016,OK,1,0,18.2488,0.312458,0,1297,0,-2.704044,0.171151,3.050442,0.0061126,-0.9516579,0.0492946,0.3031170
1788241047090060288,OK,1,0,17.1663,1.34933,0,1391,0,-2.708988,0.170102,3.038552,0.0052974,-0.9531820,0.0491795,0.2983244
1788241047123395840,OK,1,0,17.9331,0.5135,0,1329,0,-2.711273,0.170516,3.025765,0.0049703,-0.9545828,0.0491125,0.2938281
1788241047156730880,OK,1,0,16.2045,2.08754,0,1285,0,-2.715060,0.167952,3.014461,0.0049750,-0.9559877,0.0489731,0.2892481
1788241047190065920,OK,1,0,17.7403,2.478,0,1422,0,-2.718224,0.166064,3.000379,0.0054324,-0.9573995,0.0488835,0.2845472
1788241047223401216,OK,1,0,16.3278,1.56429,0,1345,0,-2.722000,0.166445,2.988473,0.0056103,-0.9586358,0.0486820,0.2803854
1788241047256736256,OK,1,0,18.5494,0.292833,0,1433,0,-2.729008,0.166038,2.975520,0.0053464,-0.9595501,0.0486547,0.2772505
1788241047290071296,OK,1,0,17.7407,1.25808,0,1425,0,-2.734690,0.164052,2.963856,0.0047626,-0.9604388,0.0488835,0.2741258
1788241047323406336,OK,1,0,17.355,3.02542,0,1381,0,-2.737824,0.164683,2.953448,0.0052464,-0.9613749,0.0493407,0.2707327
1788241047356741120,OK,1,0,17.7243,2.55429,0,1386,0,-2.740725,0.162107,2.941584,0.0049559,-0.9622637,0.0493150,0.2675669
1788241047390076160,OK,1,0,18.0221,2.48333,0,1319,0,-2.746773,0.162595,2.930113,0.0046691,-0.9631988,0.0490759,0.2642308
1788241047423411200,OK,1,0,17.2913,2.65713,0,1304,0,-2.750802,0.161141,2.917383,0.0050352,-0.9641007,0.0487964,0.2609664
1788241047456745728,OK,1,0,17.3731,1.71633,0,1292,0,-2.756182,0.161250,2.902650,0.0056686,-0.9649296,0.0486520,0.2578989
1788241047490080768,OK,1,0,19.0836,2.45,0,1267,0,-2.758350,0.160018,2.889470,0.0057782,-0.9658617,0.0483793,0.2544352
1788241047523414528,OK,1,0,16.6499,2.01713,0,1246,0,-2.760056,0.161405,2.875577,0.0055331,-0.9667050,0.0481514,0.2512616
1788241047556749312,OK,1,0,16.3819,1.245,0,1185,0,-2.765275,0.160764,2.864934,0.0054346,-0.9675151,0.0485111,0.2480559
1788241047590084096,OK,1,0,18.6632,0.775584,0,1208,0,-2.769999,0.157529,2.853742,0.0051144,-0.9683242,0.0489006,0.2448078
1788241047623418624,OK,1,0,19.4035,1.97446,0,1179,0,-2.774335,0.154734,2.842974,0.0047878,-0.9691822,0.0492005,0.2413344
1788241047656753152,OK,1,0,17.2285,2.3585,0,1149,0,-2.780622,0.153981,2.829325,0.0046382,-0.9701958,0.0491341,0.2372437
1788241047690092032,OK,1,0,20.0289,2.60196,0,1149,0,-2.780764,0.155921,2.816128,0.0052279,-0.9710980,0.0493008,0.2334756
1788241047723430656,OK,1,0,16.7572,1.14721,0,1269,0,-2.785238,0.155735,2.803321,0.0054493,-0.9720426,0.0489168,0.2295880
1788241047756769280,OK,1,0,18.2302,3.52808,0,1182,0,-2.787445,0.156168,2.788882,0.0057865,-0.9730721,0.0483109,0.2253075
1788241047790107904,OK,1,0,19.8,1.8965,0,1166,0,-2.791822,0.153277,2.774564,0.0056146,-0.9742894,0.0472849,0.2202107
1788241047823446272,OK,1,0,16.4595,1.07954,0,1205,0,-2.792123,0.152891,2.761396,0.0058344,-0.9753631,0.0471761,0.2154233
1788241047856784896,OK,1,0,17.1066,2.80275,0,1420,0,-2.795239,0.154856,2.749320,0.0058840,-0.9763809,0.0475290,0.2106818
1788241047890123264,OK,1,0,16.8445,2.09063,0,1608,0,-2.793773,0.152519,2.735886,0.0057652,-0.9773414,0.0476487,0.2061559
1788241047923461888,OK,1,0,17.7233,2.21462,0,1432,0,-2.793900,0.151602,2.723708,0.0057771,-0.9782802,0.0481860,0.2015258
1788241047956800256,OK,1,0,17.2077,2.92167,0,1393,0,-2.794468,0.150750,2.712595,0.0055395,-0.9792764,0.0488651,0.1964672
1788241047990137600,OK,1,0,16.9099,2.61621,0,1345,0,-2.795293,0.150364,2.700345,0.0053648,-0.9802360,0.0494173,0.1914854
1788241048023475968,OK,1,0,18.0801,2.66554,0,1447,0,-2.796680,0.148769,2.688827,0.0054586,-0.9812061,0.0496514,0.1863854
1788241048056814336,OK,1,0,16.788,2.27304,0,1304,0,-2.799235,0.148100,2.675187,0.0059185,-0.9821879,0.0498825,0.1810626
1788241048090152960,OK,1,0,18.3002,2.83896,0,1461,0,-2.799075,0.147879,2.663984,0.0059284,-0.9831235,0.0499956,0.1758796
1788241048123491328,OK,1,0,17.5935,2.70579,0,1330,0,-2.796649,0.146831,2.650280,0.0055574,-0.9840148,0.0496541,0.1709340
1788241048156829440,OK,1,0,17.1452,1.24754,0,1364,0,-2.797652,0.146626,2.637597,0.0057286,-0.9848805,0.0497934,0.1658260
1788241048190167808,OK,1,0,17.8098,2.33008,0,1269,0,-2.797297,0.145379,2.625841,0.0060378,-0.9857396,0.0501154,0.1605286
1788241048223505920,OK,1,0,16.8307,1.92971,0,1253,0,-2.798069,0.144738,2.612071,0.0057792,-0.9865401,0.0502885,0.1554870
1788241048256844288,OK,1,0,17.4718,2.31025,0,1262,0,-2.799417,0.145555,2.598715,0.0053489,-0.9873233,0.0506178,0.1503394
1788241048290182400,OK,1,0,16.0069,1.80333,0,1172,0,-2.798038,0.145883,2.586816,0.0058490,-0.9880650,0.0512967,0.1451276
1788241048323520512,OK,1,0,15.7045,0.276625,0,1297,0,-2.794223,0.146533,2.571775,0.0065500,-0.9888309,0.0514418,0.1397297
1788241048356858624,OK,1,0,17.0816,1.7655,0,1200,0,-2.791857,0.144062,2.559257,0.0066630,-0.9896206,0.0508869,0.1342283
1788241048390196480,OK,1,0,15.385,2.71608,0,1133,0,-2.793447,0.144601,2.544167,0.0068025,-0.9903839,0.0507210,0.1285338
1788241048423533568,OK,1,0,15.3704,0.272458,0,1147,0,-2.790611,0.144857,2.533299,0.0070553,-0.9910489,0.0511220,0.1231215
1788241048456871936,OK,1,0,17.2702,1.39275,0,1091,0,-2.789239,0.144271,2.521068,0.0070240,-0.9917337,0.0512766,0.1174129
1788241048490209792,OK,1,0,17.1244,2.75575,0,1077,0,-2.788196,0.143011,2.509007,0.0065178,-0.9923519,0.0515248,0.1119840
1788241048523547904,OK,1,0,16.9842,2.62554,0,1054,0,-2.786799,0.143161,2.495019,0.0064914,-0.9929063,0.0518009,0.1068256
1788241048556885760,OK,1,0,14.5894,2.86942,0,1029,0,-2.783178,0.142305,2.482867,0.0067596,-0.9934459,0.0521831,0.1014719
1788241048590223616,OK,1,0,15.4171,1.94125,0,996,0,-2.780542,0.142686,2.467879,0.0068387,-0.9940157,0.0520303,0.0958068
1788241048623561472,OK,1,0,15.0849,3.10208,0,1001,0,-2.776656,0.142134,2.455625,0.0068098,-0.9945480,0.0516546,0.0903308
1788241048656899328,OK,1,0,16.1453,2.83708,0,951,0,-2.774954,0.143152,2.442868,0.0072240,-0.9950042,0.0517877,0.0850443
1788241048690244096,OK,1,0,15.1111,1.89433,0,977,0,-2.770735,0.141173,2.430033,0.0078259,-0.9954216,0.0519875,0.0798237
1788241048723589120,OK,1,0,14.4781,3.00442,0,954,0,-2.767843,0.140507,2.415823,0.0079125,-0.9958416,0.0518591,0.0744825
1788241048756934144,OK,1,0,15.2801,3.43521,0,955,0,-2.769507,0.140288,2.403533,0.0076904,-0.9962091,0.0517452,0.0695038
1788241048790279168,OK,1,0,14.2845,0.256667,0,970,0,-2.764496,0.139867,2.390557,0.0076327,-0.9964195,0.0521952,0.0660718
1788241048823623936,OK,1,0,15.1767,1.2885,0,922,0,-2.760887,0.138766,2.380116,0.0079682,-0.9966291,0.0524872,0.0625471
1788241048856968960,OK,1,0,17.2568,0.266458,0,929,0,-2.759558,0.137353,2.368142,0.0074915,-0.9968776,0.0521992,0.0587731
1788241048890313216,OK,1,0,15.0511,1.83163,0,939,0,-2.764369,0.136270,2.351730,0.0072290,-0.9970979,0.0520732,0.0550627
1788241048923658240,OK,1,0,17.3153,2.70688,0,921,0,-2.763247,0.135417,2.340945,0.0068894,-0.9972165,0.0523036,0.0526903
1788241048957003520,OK,1,0,14.296,2.96475,0,912,0,-2.760402,0.134069,2.329257,0.0070688,-0.9972448,0.0527611,0.0516632
1788241048990348544,OK,1,0,14.267,0.357917,0,901,0,-2.762309,0.131189,2.317665,0.0065177,-0.9973109,0.0526899,0.0505212
1788241049023693824,OK,1,0,14.0098,1.57271,0,889,0,-2.767173,0.131823,2.303845,0.0060051,-0.9973584,0.0525626,0.0497732
1788241049057039360,OK,1,0,14.8231,0.30325,0,904,0,-2.765542,0.132997,2.290771,0.0061800,-0.9973159,0.0530246,0.0501120
1788241049090384640,OK,1,0,14.4233,2.50321,0,913,0,-2.767163,0.131089,2.278885,0.0058845,-0.9973302,0.0531086,0.0497716
1788241049123729920,OK,1,0,14.6225,2.80812,0,898,0,-2.770677,0.130212,2.266697,0.0058196,-0.9973511,0.0530591,0.0494139
1788241049157075456,OK,1,0,16.7213,1.27404,0,879,0,-2.770914,0.129274,2.254205,0.0059925,-0.9973414,0.0533042,0.0493242
1788241049190420992,OK,1,0,14.0649,2.29854,0,880,0,-2.770252,0.127563,2.241102,0.0055819,-0.9973146,0.0537051,0.0494807
1788241049223766272,OK,1,0,13.7506,2.44642,0,864,0,-2.773005,0.125125,2.229026,0.0055298,-0.9973029,0.0536957,0.0497306
1788241049257112064,OK,1,0,13.2355,2.30404,0,864,0,-2.775151,0.125530,2.216391,0.0056198,-0.9972951,0.0539976,0.0495488
1788241049290457600,OK,1,0,15.3887,2.07358,0,851,0,-2.777225,0.126679,2.205471,0.0057591,-0.9973068,0.0540572,0.0492327
1788241049323802368,OK,1,0,15.0548,0.495959,0,987,0,-2.769882,0.126052,2.194217,0.0061173,-0.9972827,0.0538943,0.0498514
1788241049357147904,OK,1,0,15.5744,2.01213,0,981,0,-2.768551,0.125918,2.181313,0.0062425,-0.9973136,0.0534275,0.0497204
1788241049390493696,OK,1,0,15.0527,2.56808,0,990,0,-2.769144,0.124392,2.167519,0.0063764,-0.9973364,0.0530096,0.0496930
1788241049423839232,OK,1,0,15.5744,0.284916,0,1057,0,-2.769681,0.122924,2.153245,0.0063387,-0.9973265,0.0528012,0.0501179
1788241049457185280,OK,1,0,15.6184,1.6785,0,1181,0,-2.775181,0.124823,2.139800,0.0060545,-0.9973505,0.0526741,0.0498074
1788241049490531072,OK,1,0,15.1921,0.28325,0,1190,0,-2.777904,0.124613,2.125463,0.0060171,-0.9973774,0.0524476,0.0495116
1788241049523876864,OK,1,0,14.6816,2.06075,0,1105,0,-2.776128,0.125228,2.112998,0.0061309,-0.9973779,0.0523760,0.0495641
1788241049557222912,OK,1,0,14.7182,0.288666,0,1074,0,-2.775528,0.123348,2.099609,0.0061563,-0.9973677,0.0523399,0.0498034
1788241049590568960,OK,1,0,14.8231,1.32987,0,1059,0,-2.777003,0.121712,2.087284,0.0062290,-0.9973525,0.0524661,0.0499646
1788241049623915008,OK,1,0,14.449,1.78833,0,1058,0,-2.778655,0.121920,2.074872,0.0062299,-0.9973439,0.0526510,0.0499430
1788241049657261056,OK,1,0,15.6245,0.284708,0,1023,0,-2.778908,0.121957,2.062382,0.0059903,-0.9973490,0.0527708,0.0497430
1788241049690599424,OK,1,0,16.3013,1.3115,0,1016,0,-2.779031,0.122017,2.050190,0.0060884,-0.9973508,0.0527895,0.0496752
1788241049723937792,OK,1,0,15.0916,1.516,0,1021,0,-2.780628,0.118953,2.036337,0.0061946,-0.9973685,0.0526689,0.0494333
1788241049757275136,OK,1,0,14.963,1.14867,0,1003,0,-2.782571,0.118204,2.025118,0.0061601,-0.9973478,0.0529698,0.0495341
1788241049790613504,OK,1,0,14.3395,1.99946,0,1010,0,-2.785146,0.116879,2.012842,0.0061421,-0.9972996,0.0536714,0.0497525
1788241049823951872,OK,1,0,13.11,1.64296,0,986,0,-2.785968,0.118433,1.999359,0.0060949,-0.9972754,0.0540952,0.0497832
1788241049857290240,OK,1,0,13.9533,0.310875,0,960,0,-2.787758,0.116433,1.987296,0.0059618,-0.9972905,0.0539550,0.0496497
1788241049890628352,OK,1,0,16.4452,0.302708,0,958,0,-2.789158,0.114268,1.973129,0.0059820,-0.9973297,0.0535889,0.0492530
1788241049923966720,OK,1,0,16.076,2.11662,0,950,0,-2.787280,0.116155,1.958378,0.0060944,-0.9973395,0.0535917,0.0490368
1788241049957305088,OK,1,0,16.1767,3.05912,0,973,0,-2.788908,0.115533,1.947951,0.0063122,-0.9973170,0.0538094,0.0492307
1788241049990643456,OK,1,0,14.9335,1.315,0,978,0,-2.789399,0.116736,1.932988,0.0064091,-0.9972929,0.0540160,0.0494776
1788241050023981568,OK,1,0,13.4656,2.67004,0,959,0,-2.792852,0.115276,1.921313,0.0065288,-0.9973263,0.0537803,0.0490457
1788241050057320192,OK,1,0,13.8086,0.607708,0,951,0,-2.791443,0.114838,1.907777,0.0065886,-0.9973391,0.0536021,0.0489718
1788241050090658560,OK,1,0,15.1398,2.40521,0,936,0,-2.794008,0.115687,1.894306,0.0067159,-0.9973614,0.0534482,0.0486670
1788241050123996672,OK,1,0,16.2539,1.62433,0,920,0,-2.795301,0.114583,1.879588,0.0065477,-0.9973581,0.0534439,0.0487623
1788241050157335040,OK,1,0,14.086,2.39892,0,907,0,-2.797386,0.111900,1.868477,0.0065161,-0.9973282,0.0538800,0.0488965
1788241050190672128,OK,1,0,16.0547,1.79038,0,909,0,-2.797925,0.110714,1.856510,0.0061641,-0.9973136,0.0541690,0.0489226
1788241050224010496,OK,1,0,13.4697,1.37292,0,870,0,-2.799592,0.106769,1.845398,0.0057740,-0.9973413,0.0537615,0.0488544
1788241050257348608,OK,1,0,14.2698,1.73863,0,861,0,-2.802876,0.109016,1.832116,0.0058501,-0.9973538,0.0537502,0.0486022
1788241050290686720,OK,1,0,13.7641,1.45621,0,865,0,-2.804277,0.108423,1.819706,0.0057859,-0.9973601,0.0538077,0.0484153
1788241050324025088,OK,1,0,13.6432,2.11758,0,887,0,-2.806976,0.106215,1.806405,0.0057245,-0.9973527,0.0539960,0.0483650
1788241050357363200,OK,1,0,15.5038,0.282,0,884,0,-2.808472,0.104369,1.792435,0.0060460,-0.9973555,0.0536924,0.0486067
1788241050390701312,OK,1,0,13.694,1.67358,0,927,0,-2.810313,0.103707,1.778629,0.0059761,-0.9974015,0.0530411,0.0483869
1788241050424039680,OK,1,0,14.7521,1.86183,0,1183,0,-2.810882,0.101950,1.766118,0.0059431,-0.9974331,0.0526029,0.0482166
1788241050457378048,OK,1,0,15.9681,1.78862,0,1081,0,-2.814631,0.101980,1.752686,0.0055826,-0.9974632,0.0523713,0.0478880
1788241050490716160,OK,1,0,15.1869,1.51292,0,1045,0,-2.816244,0.100534,1.738976,0.0054951,-0.9974929,0.0518098,0.0478899
1788241050524054272,OK,1,0,15.3005,1.49117,0,1020,0,-2.819629,0.102165,1.723797,0.0053912,-0.9974590,0.0521802,0.0482056
1788241050557392384,OK,1,0,15.2443,1.48804,0,1002,0,-2.820266,0.100204,1.714071,0.0051616,-0.9974627,0.0521242,0.0482137
1788241050590730496,OK,1,0,14.2124,1.46404,0,1006,0,-2.820720,0.098178,1.699325,0.0053441,-0.9974619,0.0521642,0.0481667
1788241050624068608,OK,1,0,13.7802,2.53267,0,969,0,-2.822050,0.096790,1.687505,0.0054954,-0.9974715,0.0520579,0.0480663
1788241050657405696,OK,1,0,14.8087,0.295917,0,970,0,-2.821952,0.096525,1.672181,0.0059142,-0.9974923,0.0516274,0.0480500
1788241050690745600,OK,1,0,14.0835,2.00696,0,958,0,-2.822387,0.097315,1.659357,0.0061200,-0.9974951,0.0514546,0.0481511
1788241050724085248,OK,1,0,12.8444,2.25588,0,914,0,-2.825565,0.095862,1.646434,0.0060890,-0.9975054,0.0511821,0.0482330
1788241050757425152,OK,1,0,14.1084,1.12946,0,898,0,-2.826904,0.097337,1.631011,0.0059243,-0.9975289,0.0508922,0.0480730
1788241050790764800,OK,1,0,15.244,1.78146,0,894,0,-2.829257,0.097445,1.616643,0.0058454,-0.9975328,0.0509605,0.0479300
1788241050824104448,OK,1,0,12.7123,2.13392,0,906,0,-2.829859,0.098134,1.604824,0.0058594,-0.9975350,0.0512269,0.0475965
1788241050857444352,OK,1,0,24.0568,0.469209,0,893,0,-2.830965,0.098506,1.591715,0.0059241,-0.9975302,0.0514340,0.0474665
1788241050890784256,OK,1,0,14.4949,2.38017,0,931,0,-2.830539,0.097195,1.579921,0.0059559,-0.9975021,0.0513324,0.0481570
1788241050924123904,OK,1,0,14.0492,2.79225,0,1044,0,-2.833346,0.094229,1.565736,0.0060404,-0.9975209,0.0508965,0.0482189
1788241050957463552,OK,1,0,15.7157,2.85842,0,1024,0,-2.833753,0.092601,1.554377,0.0060134,-0.9975221,0.0512705,0.0478009
1788241050990803456,OK,1,0,12.7683,0.596417,0,1001,0,-2.833671,0.092499,1.542830,0.0062913,-0.9975048,0.0515589,0.0478153
1788241051024143104,OK,1,0,14.5458,1.40483,0,973,0,-2.833932,0.095572,1.528309,0.0061733,-0.9974967,0.0515884,0.0479675
1788241051057483008,OK,1,0,14.9138,1.43063,0,962,0,-2.838337,0.093318,1.514979,0.0059580,-0.9975023,0.0515155,0.0479564
1788241051090821888,OK,1,0,15.1625,0.305875,0,963,0,-2.839645,0.092508,1.501619,0.0059818,-0.9974954,0.0514666,0.0481488
1788241051124161536,OK,1,0,14.3561,3.01971,0,938,0,-2.840973,0.092154,1.487666,0.0060013,-0.9975083,0.0514604,0.0478847
1788241051157501184,OK,1,0,14.9905,2.48637,0,938,0,-2.841160,0.090966,1.478291,0.0063180,-0.9975019,0.0514665,0.0479715
1788241051190841088,OK,1,0,13.9196,1.21771,0,939,0,-2.841179,0.089680,1.463755,0.0066180,-0.9975089,0.0512563,0.0480105
1788241051224180992,OK,1,0,12.7695,0.472959,0,950,0,-2.842628,0.088562,1.450280,0.0067481,-0.9975157,0.0511920,0.0479205
1788241051257520640,OK,1,0,14.7431,1.52904,0,932,0,-2.845372,0.087928,1.438418,0.0068707,-0.9974988,0.0513348,0.0481021
1788241051290860544,OK,1,0,14.4585,1.08883,0,929,0,-2.848400,0.088540,1.425982,0.0069329,-0.9975187,0.0511252,0.0479015
1788241051324200448,OK,1,0,14.5934,1.64758,0,1117,0,-2.850248,0.085745,1.411923,0.0068676,-0.9975610,0.0508488,0.0473213
1788241051357540096,OK,1,0,15.0033,1.07308,0,1040,0,-2.850548,0.085278,1.399962,0.0070579,-0.9975708,0.0507225,0.0472217
1788241051390880000,OK,1,0,14.1058,2.0365,0,1000,0,-2.850010,0.083327,1.386535,0.0067580,-0.9975936,0.0503582,0.0471742
1788241051424219648,OK,1,0,15.1449,2.1145,0,978,0,-2.854151,0.083828,1.372766,0.0063569,-0.9975759,0.0506745,0.0472658
1788241051457559552,OK,1,0,14.6922,1.35088,0,976,0,-2.855001,0.084705,1.359933,0.0061146,-0.9975386,0.0511100,0.0476138
1788241051490899456,OK,1,0,13.6244,2.63704,0,954,0,-2.859058,0.083648,1.348910,0.0054183,-0.9975511,0.0513026,0.0472284
1788241051524238336,OK,1,0,13.1092,2.91917,0,904,0,-2.859792,0.081048,1.333697,0.0054146,-0.9975455,0.0514006,0.0472406
1788241051557578240,OK,1,0,12.9858,0.416042,0,922,0,-2.858544,0.079616,1.323174,0.0055965,-0.9975397,0.0513326,0.0474152
1788241051590917888,OK,1,0,14.4253,2.72617,0,942,0,-2.862269,0.079734,1.310978,0.0055588,-0.9975464,0.0514097,0.0471948
1788241051624257792,OK,1,0,14.6904,3.37367,0,900,0,-2.862296,0.078171,1.298112,0.0054443,-0.9975172,0.0515346,0.0476858
1788241051657597696,OK,1,0,13.8793,0.265125,0,933,0,-2.862872,0.079526,1.284511,0.0055097,-0.9975065,0.0516787,0.0477472
1788241051690935296,OK,1,0,23.1294,2.35154,0,910,0,-2.864003,0.079524,1.271382,0.0055005,-0.9975079,0.0518233,0.0475624
1788241051724272896,OK,1,0,13.6865,1.09971,0,935,0,-2.865817,0.077890,1.258772,0.0053685,-0.9975015,0.0521013,0.0474065
1788241051757610496,OK,1,0,12.9914,1.891,0,896,0,-2.868683,0.076400,1.247642,0.0051269,-0.9975021,0.0522103,0.0473001
1788241051790948352,OK,1,0,13.0908,2.42754,0,943,0,-2.869261,0.075162,1.236231,0.0048454,-0.9974740,0.0524673,0.0476386
1788241051824285696,OK,1,0,13.8265,3.08588,0,987,0,-2.873444,0.073749,1.224055,0.0049038,-0.9974476,0.0527680,0.0478530
1788241051857623296,OK,1,0,14.7055,2.18692,0,955,0,-2.874996,0.071964,1.211010,0.0050478,-0.9974501,0.0529362,0.0475999
1788241051890960640,OK,1,0,13.197,3.13067,0,907,0,-2.874344,0.070940,1.199156,0.0051868,-0.9974621,0.0528855,0.0473878
1788241051924297984,OK,1,0,12.9879,0.50975,0,977,0,-2.875098,0.071439,1.185295,0.0056543,-0.9974766,0.0524814,0.0474784
1788241051957635584,OK,1,0,13.7028,2.65771,0,944,0,-2.876709,0.070740,1.171680,0.0055546,-0.9974976,0.0521808,0.0473803
1788241051990971904,OK,1,0,12.8022,1.99004,0,999,0,-2.877292,0.070674,1.158669,0.0053088,-0.9974661,0.0524449,0.0477781
1788241052024309248,OK,1,0,14.0781,1.03079,0,951,0,-2.879361,0.071209,1.145101,0.0051454,-0.9974607,0.0523323,0.0480312
1788241052057646848,OK,1,0,13.685,2.94196,0,980,0,-2.882238,0.069189,1.132602,0.0048547,-0.9974856,0.0522071,0.0476787
1788241052090984192,OK,1,0,12.8416,2.92512,0,983,0,-2.883436,0.069551,1.122309,0.0049026,-0.9974733,0.0526628,0.0474301
1788241052124321280,OK,1,0,14.0507,2.7675,0,925,0,-2.880396,0.069344,1.108169,0.0051616,-0.9974485,0.0528543,0.0477114
1788241052157658624,OK,1,0,14.0634,2.54467,0,978,0,-2.883768,0.067370,1.096057,0.0051333,-0.9974357,0.0531139,0.0476936
1788241052190995968,OK,1,0,12.8602,2.99517,0,898,0,-2.885556,0.065591,1.083731,0.0048327,-0.9974083,0.0534269,0.0479477
1788241052224333056,OK,1,0,13.8845,4.40004,0,960,0,-2.889667,0.065493,1.070384,0.0044369,-0.9974138,0.0534883,0.0478019
1788241052257670144,OK,1,0,12.5617,1.09325,0,900,0,-2.890151,0.063333,1.057687,0.0044473,-0.9974111,0.0535787,0.0477563
1788241052291007232,OK,1,0,12.6813,1.95729,0,971,0,-2.890430,0.063340,1.044428,0.0046893,-0.9974065,0.0537242,0.0476656
1788241052324344576,OK,1,0,13.0805,1.13154,0,918,0,-2.889544,0.064344,1.030535,0.0050561,-0.9973937,0.0538222,0.0477860
1788241052357681664,OK,1,0,13.9117,0.36425,0,918,0,-2.892549,0.063289,1.019273,0.0049994,-0.9973469,0.0546365,0.0478436
1788241052391018496,OK,1,0,13.8931,0.969792,0,879,0,-2.894555,0.061263,1.009090,0.0050594,-0.9973190,0.0549361,0.0480740
1788241052424354816,OK,1,0,13.0239,1.89504,0,984,0,-2.898296,0.061141,0.996207,0.0047750,-0.9973310,0.0549593,0.0478295
1788241052457691648,OK,1,0,13.5028,3.436,0,968,0,-2.898411,0.059205,0.982211,0.0046944,-0.9973273,0.0550347,0.0478265
1788241052491028736,OK,1,0,14.5736,1.55317,0,891,0,-2.898488,0.060285,0.970060,0.0049256,-0.9973279,0.0550835,0.0477355
1788241052524365824,OK,1,0,13.3258,0.304958,0,861,0,-2.900881,0.059791,0.956590,0.0046781,-0.9973468,0.0548364,0.0476500
1788241052557702656,OK,1,0,12.6439,1.6255,0,828,0,-2.904581,0.058873,0.941938,0.0048293,-0.9973659,0.0544401,0.0476899
1788241052591039488,OK,1,0,13.0829,3.11208,0,784,0,-2.906486,0.058920,0.927989,0.0048509,-0.9973813,0.0540220,0.0478413
1788241052624376576,OK,1,0,12.1043,1.51017,0,784,0,-2.908326,0.057304,0.914659,0.0048372,-0.9974238,0.0536349,0.0473890
1788241052657713152,OK,1,0,12.3779,2.31537,0,884,0,-2.907444,0.056009,0.900930,0.0048259,-0.9974385,0.0534499,0.0472899
1788241052691052544,OK,1,0,12.7602,1.37929,0,811,0,-2.908859,0.056427,0.886529,0.0049340,-0.9974352,0.0537350,0.0470248
1788241052724391680,OK,1,0,12.1642,0.317792,0,793,0,-2.909043,0.054265,0.876181,0.0046868,-0.9973965,0.0543085,0.0472112
1788241052757730816,OK,1,0,13.1435,1.51763,0,802,0,-2.911725,0.052808,0.866726,0.0041641,-0.9973846,0.0545734,0.0472053
1788241052791069952,OK,1,0,12.9465,1.06608,0,777,0,-2.913673,0.054172,0.853947,0.0037401,-0.9973726,0.0546734,0.0473790
1788241052824408832,OK,1,0,13.2096,2.13408,0,746,0,-2.916648,0.053445,0.838854,0.0032858,-0.9973617,0.0547678,0.0475337
1788241052857746944,OK,1,0,13.0306,3.11883,0,721,0,-2.919558,0.053036,0.828111,0.0030639,-0.9973763,0.0547235,0.0472927
1788241052891086080,OK,1,0,11.3627,2.90062,0,687,0,-2.921211,0.050716,0.814352,0.0031381,-0.9973909,0.0544900,0.0472500
1788241052924425216,OK,1,0,12.4564,3.02992,0,808,0,-2.922474,0.047396,0.803136,0.0031609,-0.9973950,0.0541821,0.0475137
1788241052957764352,OK,1,0,11.8904,2.26596,0,754,0,-2.924188,0.048859,0.788319,0.0032054,-0.9974132,0.0536469,0.0477364
1788241052991103488,OK,1,0,11.7715,2.45038,0,751,0,-2.925772,0.046935,0.773926,0.0029659,-0.9974424,0.0532965,0.0475322
1788241053024442624,OK,1,0,10.8476,1.68204,0,720,0,-2.926177,0.047203,0.760711,0.0027977,-0.9974484,0.0535417,0.0471392
1788241053057781760,OK,1,0,11.8788,2.03221,0,691,0,-2.927310,0.047852,0.747034,0.0028128,-0.9974667,0.0534555,0.0468474
1788241053091120896,OK,1,0,10.4778,1.40779,0,677,0,-2.929709,0.048210,0.735514,0.0026199,-0.9974331,0.0538097,0.0471692
1788241053124460032,OK,1,0,11.6363,2.28508,0,654,0,-2.932052,0.046217,0.722411,0.0022573,-0.9974118,0.0536791,0.0477822
1788241053157799168,OK,1,0,12.1987,1.24446,0,674,0,-2.934718,0.044641,0.711726,0.0024558,-0.9974200,0.0535178,0.0477831
1788241053191138304,OK,1,0,12.3538,1.82858,0,656,0,-2.934873,0.043067,0.698017,0.0026101,-0.9974172,0.0538443,0.0474643
1788241053224476928,OK,1,0,12.1231,2.609,0,653,0,-2.935451,0.041914,0.686183,0.0030830,-0.9974409,0.0536494,0.0471578
1788241053257816064,OK,1,0,11.6718,0.475708,0,624,0,-2.936069,0.042467,0.670500,0.0033866,-0.9974529,0.0532564,0.0473289
1788241053291155200,OK,1,0,10.9719,1.28163,0,728,0,-2.938203,0.042703,0.654476,0.0032585,-0.9974626,0.0527849,0.0476607
1788241053324493312,OK,1,0,18.4387,0.350459,0,721,0,-2.939728,0.041198,0.646082,0.0029085,-0.9974765,0.0523346,0.0478876
1788241053357832192,OK,1,0,10.7513,1.42696,0,702,0,-2.941133,0.041073,0.632888,0.0028273,-0.9975103,0.0520199,0.0475316
1788241053391171328,OK,1,0,10.9373,0.265375,0,738,0,-2.942431,0.038948,0.618185,0.0025917,-0.9975432,0.0518082,0.0470843
1788241053424510464,OK,1,0,11.404,3.88183,0,721,0,-2.943700,0.039159,0.603845,0.0028566,-0.9975733,0.0515173,0.0467474
1788241053457849344,OK,1,0,10.0493,2.55863,0,720,0,-2.946992,0.039426,0.588325,0.0027717,-0.9975811,0.0512227,0.0469094
1788241053491188480,OK,1,0,11.9468,2.28208,0,694,0,-2.947395,0.038555,0.575622,0.0029257,-0.9975681,0.0509701,0.0474503
1788241053524527360,OK,1,0,12.0621,0.287667,0,676,0,-2.948180,0.037970,0.563608,0.0034164,-0.9975684,0.0508437,0.0475451
1788241053557866496,OK,1,0,12.0149,2.29671,0,653,0,-2.947564,0.035998,0.552536,0.0037182,-0.9975523,0.0511840,0.0474951
1788241053591205376,OK,1,0,11.4126,2.687,0,645,0,-2.949124,0.035912,0.538390,0.0036751,-0.9975573,0.0512328,0.0473407
1788241053624544512,OK,1,0,12.1507,0.330292,0,654,0,-2.951653,0.035643,0.527406,0.0036681,-0.9975738,0.0509010,0.0473522
1788241053657883392,OK,1,0,11.3854,0.28375,0,630,0,-2.953140,0.034992,0.511493,0.0034238,-0.9975478,0.0509646,0.0478465
1788241053691224832,OK,1,0,10.4721,3.02008,0,631,0,-2.953722,0.034908,0.498419,0.0033954,-0.9975554,0.0507381,0.0479316
1788241053724566528,OK,1,0,12.3094,2.61563,0,631,0,-2.955354,0.035088,0.484801,0.0034306,-0.9975587,0.0508745,0.0477143
1788241053757906688,OK,1,0,10.895,3.01012,0,618,0,-2.954792,0.033841,0.472275,0.0037782,-0.9975646,0.0508027,0.0476420
1788241053791248384,OK,1,0,9.98025,2.74883,0,621,0,-2.955797,0.034743,0.457744,0.0041979,-0.9975849,0.0505872,0.0474102
1788241053824589824,OK,1,0,10.704,2.283,0,587,0,-2.956253,0.035048,0.444130,0.0042184,-0.9975851,0.0504725,0.0475266
1788241053857931520,OK,1,0,10.6484,2.76458,0,588,0,-2.957725,0.034105,0.431646,0.0042386,-0.9975845,0.0506056,0.0473941
1788241053891272960,OK,1,0,10.9482,1.06154,0,696,0,-2.958101,0.032511,0.419402,0.0044484,-0.9976070,0.0506331,0.0468697
1788241053924614400,OK,1,0,22.9816,2.05071,0,670,0,-2.959126,0.032684,0.407333,0.0044310,-0.9976162,0.0508061,0.0464878
1788241053957956096,OK,1,0,10.1146,2.16558,0,649,0,-2.960146,0.031445,0.392659,0.0043672,-0.9976485,0.0502725,0.0463810
1788241053991297536,OK,1,0,11.5352,1.42475,0,736,0,-2.962002,0.031136,0.380038,0.0041576,-0.9976854,0.0499478,0.0459552
1788241054024639488,OK,1,0,10.9256,2.10537,0,667,0,-2.965220,0.030630,0.365369,0.0036445,-0.9977067,0.0499759,0.0455048
1788241054057980928,OK,1,0,10.4898,1.391,0,638,0,-2.966369,0.027754,0.355344,0.0032050,-0.9977462,0.0495894,0.0450898
1788241054091322624,OK,1,0,9.62558,1.55854,0,609,0,-2.970395,0.027168,0.342673,0.0027952,-0.9977679,0.0498779,0.0443123
1788241054124664320,OK,1,0,10.8356,1.28908,0,606,0,-2.972601,0.027475,0.330961,0.0025343,-0.9977636,0.0503715,0.0438651
1788241054158006016,OK,1,0,9.80329,2.79338,0,571,0,-2.974470,0.026590,0.319387,0.0024757,-0.9977942,0.0503658,0.0431742
1788241054191346688,OK,1,0,10.0426,2.674,0,541,0,-2.973641,0.023332,0.308573,0.0022469,-0.9978319,0.0501090,0.0426086
1788241054224688384,OK,1,0,10.7049,0.328959,0,629,0,-2.974528,0.023789,0.294233,0.0022106,-0.9978409,0.0503384,0.0421268
1788241054258030336,OK,1,0,10.8169,2.45412,0,608,0,-2.974120,0.022760,0.281689,0.0021687,-0.9978707,0.0501788,0.0416120
1788241054291372032,OK,1,0,9.0365,2.0305,0,575,0,-2.973913,0.020520,0.269314,0.0022985,-0.9978840,0.0504047,0.0410081
1788241054324713984,OK,1,0,9.59446,0.316583,0,580,0,-2.976010,0.019587,0.258364,0.0022916,-0.9979213,0.0504004,0.0400954
1788241054358055680,OK,1,0,11.0147,2.11833,0,587,0,-2.978308,0.020024,0.243540,0.0021088,-0.9979371,0.0508199,0.0391729
1788241054391397376,OK,1,0,9.53508,2.9325,0,587,0,-2.979336,0.017582,0.233290,0.0019835,-0.9979457,0.0512244,0.0384252
1788241054424739328,OK,1,0,9.15475,2.273,0,568,0,-2.977540,0.015755,0.220613,0.0019436,-0.9979707,0.0510656,0.0379871
1788241054458081024,OK,1,0,9.63158,1.90546,0,547,0,-2.976930,0.015315,0.209051,0.0023571,-0.9979845,0.0512259,0.0373817
1788241054491422976,OK,1,0,9.07621,4.03763,0,543,0,-2.975697,0.015237,0.195770,0.0026176,-0.9980195,0.0511881,0.0364692
1788241054524764928,OK,1,0,10.0669,2.83054,0,542,0,-2.979023,0.015871,0.180689,0.0025648,-0.9980924,0.0505465,0.0353575
1788241054558106624,OK,1,0,9.92042,0.553125,0,526,0,-2.978997,0.014604,0.168764,0.0027860,-0.9981280,0.0503243,0.0346437
1788241054591448832,OK,1,0,10.4215,2.31233,0,500,0,-2.979429,0.013222,0.155484,0.0028276,-0.9981676,0.0503137,0.0334978
1788241054624790528,OK,1,0,10.0787,1.887,0,487,0,-2.979499,0.014307,0.142347,0.0030853,-0.9981935,0.0504106,0.0325429
1788241054658131712,OK,1,0,11.1166,0.400291,0,489,0,-2.979143,0.014703,0.130854,0.0030588,-0.9982129,0.0506013,0.0316404
1788241054691469312,OK,1,0,10.5494,3.55304,0,466,0,-2.981024,0.014009,0.118324,0.0023765,-0.9982455,0.0508070,0.0303120
1788241054724806912,OK,1,0,8.56312,2.31896,0,459,0,-2.983291,0.010438,0.107436,0.0021267,-0.9982836,0.0509717,0.0287634
1788241054758144512,OK,1,0,8.74871,2.73338,0,460,0,-2.982703,0.010114,0.091672,0.0021394,-0.9983019,0.0514284,0.0272733
1788241054791482112,OK,1,0,9.19954,2.86217,0,445,0,-2.981195,0.008831,0.079847,0.0022448,-0.9983324,0.0514147,0.0261528
1788241054824819456,OK,1,0,9.50304,0.287875,0,458,0,-2.982491,0.008350,0.065555,0.0022545,-0.9983862,0.0512799,0.0242966
1788241054858157312,OK,1,0,8.95233,0.470875,0,450,0,-2.978964,0.008750,0.052356,0.0024008,-0.9984266,0.0512723,0.0225798
1788241054891494656,OK,1,0,8.60246,1.32479,0,436,0,-2.977220,0.006883,0.042952,0.0022042,-0.9984652,0.0512394,0.0209022
1788241054924832000,OK,1,0,9.29875,2.23471,0,419,0,-2.976483,0.005037,0.028599,0.0017308,-0.9985278,0.0508765,0.0187291
1788241054958169344,OK,1,0,8.494,3.0265,0,428,0,-2.974604,0.006035,0.016649,0.0017768,-0.9985765,0.0506067,0.0167549
1788241054991506944,OK,1,0,10.1218,2.17112,0,404,0,-2.973591,0.005106,0.001645,0.0020370,-0.9986024,0.0507159,0.0147295
1788241055024844288,OK,1,0,10.063,2.90238,0,552,0,-2.972424,0.003454,-0.013152,0.0020964,-0.9986198,0.0507815,0.0132442
1788241055058181376,OK,1,0,9.73158,2.74429,0,477,0,-2.971925,0.002546,-0.024174,0.0021617,-0.9986154,0.0513250,0.0113344
1788241055091517696,OK,1,0,9.26583,2.90267,0,480,0,-2.969222,0.001180,-0.033442,0.0024575,-0.9986133,0.0517331,0.0094476
1788241055124855040,OK,1,0,9.47467,1.53008,0,482,0,-2.967623,0.000946,-0.047267,0.0023701,-0.9986151,0.0519958,0.0076575
1788241055158192128,OK,1,0,10.3358,2.091,0,461,0,-2.965998,-0.000825,-0.056406,0.0026774,-0.9986253,0.0520428,0.0056351
1788241055191529216,OK,1,0,8.19288,1.31504,0,437,0,-2.961235,-0.001790,-0.070459,0.0029542,-0.9986057,0.0525941,0.0034380
1788241055224866560,OK,1,0,8.27862,2.2405,0,428,0,-2.959908,-0.002337,-0.083430,0.0030008,-0.9985929,0.0529382,0.0009819
1788241055258203648,OK,1,0,7.98112,2.66917,0,422,0,-2.957880,-0.005115,-0.092166,-0.0025002,0.9986059,-0.0527182,0.0008735
1788241055291540736,OK,1,0,9.33408,2.44108,0,408,0,-2.959480,-0.003505,-0.109395,-0.0025780,0.9985663,-0.0533865,0.0029339
1788241055324877568,OK,1,0,9.54117,2.96325,0,417,0,-2.957000,-0.004883,-0.117667,-0.0027886,0.9985402,-0.0536811,0.0052938
1788241055358214656,OK,1,0,9.56312,2.65217,0,409,0,-2.954239,-0.007856,-0.131099,-0.0025117,0.9985598,-0.0530809,0.0073855
1788241055391551744,OK,1,0,8.21179,2.44854,0,517,0,-2.952713,-0.010675,-0.144739,-0.0023075,0.9985582,-0.0527598,0.0096204
1788241055424888576,OK,1,0,9.59654,2.57154,0,458,0,-2.948659,-0.008351,-0.157585,-0.0033019,0.9985374,-0.0527212,0.0115182
1788241055458225664,OK,1,0,8.36375,1.81417,0,434,0,-2.945640,-0.008111,-0.172383,-0.0036956,0.9985138,-0.0527039,0.0133777
1788241055491562240,OK,1,0,9.18217,0.287459,0,498,0,-2.943796,-0.011373,-0.184485,-0.0034203,0.9985188,-0.0520368,0.0155142
1788241055524898304,OK,1,0,9.31796,2.07804,0,483,0,-2.939808,-0.011856,-0.194821,-0.0033431,0.9984919,-0.0519477,0.0174428
1788241055558235136,OK,1,0,9.52325,2.69729,0,472,0,-2.938823,-0.014444,-0.208722,-0.0029273,0.9984357,-0.0523693,0.0193672
1788241055591571712,OK,1,0,8.96721,0.288334,0,448,0,-2.938019,-0.015207,-0.220351,-0.0025699,0.9983795,-0.0526416,0.0214607
1788241055624908544,OK,1,0,8.88308,2.23875,0,558,0,-2.935616,-0.016111,-0.231193,-0.0029450,0.9983019,-0.0531570,0.0236422
1788241055658245120,OK,1,0,9.48875,0.286542,0,466,0,-2.933360,-0.015431,-0.243432,-0.0036537,0.9982412,-0.0532354,0.0258308
1788241055691584000,OK,1,0,9.06333,3.29967,0,456,0,-2.930012,-0.014081,-0.256602,-0.0036473,0.9982119,-0.0528907,0.0276119
1788241055724922880,OK,1,0,9.01521,2.70775,0,443,0,-2.926239,-0.015343,-0.269513,-0.0038366,0.9981828,-0.0524706,0.0293801
1788241055758261760,OK,1,0,8.24638,2.71525,0,457,0,-2.923073,-0.018839,-0.280675,-0.0040199,0.9981248,-0.0524478,0.0313045
1788241055791600384,OK,1,0,8.76546,2.39583,0,447,0,-2.921602,-0.020301,-0.293092,-0.0037361,0.9980407,-0.0526769,0.0335544
1788241055824939264,OK,1,0,8.62017,2.76187,0,451,0,-2.920625,-0.019793,-0.304591,-0.0030049,0.9979610,-0.0527029,0.0358771
1788241055858278144,OK,1,0,8.70033,2.93175,0,447,0,-2.919826,-0.022163,-0.317654,-0.0026957,0.9978628,-0.0529963,0.0381321
1788241055891616768,OK,1,0,8.24992,0.280041,0,411,0,-2.918483,-0.025667,-0.330008,-0.0025680,0.9977592,-0.0532436,0.0404368
1788241055924955392,OK,1,0,8.087,2.03863,0,394,0,-2.915958,-0.026997,-0.340556,-0.0024887,0.9977043,-0.0529684,0.0421238
1788241055958294272,OK,1,0,7.81679,0.517625,0,383,0,-2.909739,-0.027493,-0.352123,-0.0029956,0.9976241,-0.0529669,0.0439508
1788241055991631872,OK,1,0,9.12404,2.64108,0,373,0,-2.906851,-0.028746,-0.365893,-0.0031517,0.9975315,-0.0529423,0.0460237
1788241056024970496,OK,1,0,8.951,2.93667,0,383,0,-2.904794,-0.028298,-0.376301,-0.0028469,0.9974377,-0.0530089,0.0479594
1788241056058309120,OK,1,0,7.34992,2.16538,0,355,0,-2.902166,-0.028599,-0.390586,-0.0024831,0.9973411,-0.0529576,0.0500005
1788241056091647744,OK,1,0,8.49,0.304292,0,345,0,-2.898910,-0.028396,-0.400199,-0.0031426,0.9972087,-0.0532770,0.0522164
1788241056124986368,OK,1,0,7.45137,1.95196,0,333,0,-2.898311,-0.030528,-0.414057,-0.0033972,0.9970542,-0.0531655,0.0551807
1788241056158324992,OK,1,0,7.31796,0.275167,0,334,0,-2.893462,-0.028765,-0.427376,-0.0033054,0.9969499,-0.0527734,0.0574017
1788241056191663616,OK,1,0,9.37683,2.24238,0,594,0,-2.887923,-0.028939,-0.437378,-0.0035743,0.9967951,-0.0528411,0.0599556
1788241056225002240,OK,1,0,11.2924,2.78042,0,455,0,-2.882223,-0.029618,-0.448865,-0.0037929,0.9965883,-0.0531457,0.0630318
1788241056258340608,OK,1,0,9.06713,0.368834,0,458,0,-2.876836,-0.031528,-0.460063,-0.0037406,0.9963862,-0.0528412,0.0663951
1788241056291679232,OK,1,0,9.07537,2.67896,0,467,0,-2.871786,-0.032797,-0.471570,-0.0035779,0.9961504,-0.0526401,0.0700050
1788241056325017600,OK,1,0,9.26996,2.80287,0,440,0,-2.866028,-0.032686,-0.481418,-0.0036475,0.9959296,-0.0529138,0.0728776
1788241056358356224,OK,1,0,10.3843,2.09333,0,414,0,-2.859907,-0.034571,-0.494824,-0.0036106,0.9956985,-0.0526743,0.0761374
1788241056391694592,OK,1,0,8.52688,1.60442,0,404,0,-2.856272,-0.035837,-0.507704,-0.0038041,0.9954315,-0.0524118,0.0797163
1788241056425031936,OK,1,0,7.82717,1.79333,0,379,0,-2.848685,-0.035727,-0.519700,-0.0041822,0.9951626,-0.0520205,0.0832335
1788241056458370560,OK,1,0,8.93446,3.5975,0,370,0,-2.841254,-0.036519,-0.530994,-0.0044152,0.9948676,-0.0518529,0.0867772
1788241056491708928,OK,1,0,7.69792,2.76208,0,351,0,-2.835788,-0.037819,-0.542159,-0.0042355,0.9945692,-0.0519211,0.0901018
1788241056525047296,OK,1,0,7.08563,0.570709,0,326,0,-2.830618,-0.038955,-0.552079,-0.0040785,0.9942513,-0.0521322,0.0934346
1788241056558385664,OK,1,0,8.68658,0.455417,0,520,0,-2.826112,-0.038897,-0.563218,-0.0042471,0.9938637,-0.0526242,0.0971985
1788241056591724032,OK,1,0,8.90779,1.25521,0,408,0,-2.821075,-0.039448,-0.573840,-0.0046272,0.9934607,-0.0528194,0.1011169
1788241056625062400,OK,1,0,7.97967,2.69746,0,441,0,-2.813322,-0.039533,-0.585603,-0.0045030,0.9930273,-0.0531655,0.1051188
1788241056658400768,OK,1,0,8.77071,2.92354,0,406,0,-2.807441,-0.040972,-0.594730,-0.0043937,0.9926228,-0.0531844,0.1088674
1788241056691741184,OK,1,0,9.13762,2.337,0,497,0,-2.799984,-0.038955,-0.607770,-0.0044762,0.9921661,-0.0533380,0.1128781
1788241056725081600,OK,1,0,8.06338,1.25317,0,424,0,-2.792723,-0.040250,-0.617608,-0.0049107,0.9916688,-0.0530451,0.1172824
1788241056758421760,OK,1,0,8.02471,0.304625,0,409,0,-2.787058,-0.042047,-0.627944,-0.0047868,0.9911597,-0.0527201,0.1216562
1788241056791762176,OK,1,0,8.60217,1.71308,0,356,0,-2.779338,-0.042600,-0.642521,-0.0045898,0.9905822,-0.0523598,0.1264294
1788241056825102592,OK,1,0,8.23813,2.68629,0,494,0,-2.771821,-0.041803,-0.653832,-0.0048541,0.9899963,-0.0525349,0.1308581
1788241056858441984,OK,1,0,8.73,2.69571,0,384,0,-2.765109,-0.039941,-0.664843,-0.0053519,0.9893274,-0.0529661,0.1356361
1788241056891782144,OK,1,0,8.02933,0.261334,0,396,0,-2.756175,-0.041873,-0.673544,-0.0054448,0.9887080,-0.0528848,0.1401077
1788241056925122560,OK,1,0,9.25704,2.24329,0,491,0,-2.747797,-0.043002,-0.686079,-0.0051089,0.9880147,-0.0527475,0.1449780
1788241056958462976,OK,1,0,8.44333,0.476292,0,406,0,-2.738878,-0.042264,-0.695985,-0.0048410,0.9873478,-0.0528411,0.1494277
1788241056991803136,OK,1,0,8.68479,1.28696,0,418,0,-2.732047,-0.042651,-0.708454,-0.0052404,0.9864755,-0.0530851,0.1549860
1788241057025143808,OK,1,0,7.77146,1.47967,0,381,0,-2.725152,-0.043675,-0.718055,-0.0050314,0.9855989,-0.0530974,0.1604689
1788241057058484224,OK,1,0,7.82646,2.45729,0,423,0,-2.715160,-0.043001,-0.728409,-0.0045715,0.9846468,-0.0528420,0.1663056
1788241057091824384,OK,1,0,7.49167,1.43483,0,441,0,-2.709628,-0.040225,-0.742181,-0.0045051,0.9834945,-0.0530532,0.1729272
1788241057125164800,OK,1,0,8.31588,2.05817,0,452,0,-2.698788,-0.040994,-0.752980,-0.0046225,0.9823460,-0.0525349,0.1794855
1788241057158505216,OK,1,0,8.20896,0.289167,0,438,0,-2.691079,-0.040618,-0.761905,-0.0049514,0.9810633,-0.0524889,0.1863740
1788241057191845376,OK,1,0,8.33912,1.57704,0,421,0,-2.680118,-0.040721,-0.770493,-0.0049362,0.9798268,-0.0520624,0.1928851
1788241057225185792,OK,1,0,8.03504,2.66379,0,425,0,-2.667715,-0.041360,-0.781440,-0.0052950,0.9784023,-0.0520910,0.1999687
1788241057258526208,OK,1,0,7.93446,2.75379,0,410,0,-2.660763,-0.040599,-0.793904,-0.0057118,0.9767582,-0.0528729,0.2076419
1788241057291866624,OK,1,0,8.53146,2.57542,0,421,0,-2.653938,-0.040394,-0.804392,-0.0050193,0.9750563,-0.0533033,0.2154038
1788241057325206016,OK,1,0,8.39713,1.74129,0,434,0,-2.647935,-0.041597,-0.810604,-0.0040716,0.9733866,-0.0532306,0.2228641
1788241057358546432,OK,1,0,7.79638,0.34925,0,421,0,-2.638886,-0.042189,-0.823987,-0.0039539,0.9715971,-0.0537342,0.2304258
1788241057391886592,OK,1,0,8.22858,1.96871,0,457,0,-2.630165,-0.042127,-0.833748,-0.0042086,0.9697734,-0.0537976,0.2379658
1788241057425227008,OK,1,0,8.29158,0.494542,0,436,0,-2.621768,-0.042226,-0.836710,-0.0043102,0.9679323,-0.0532455,0.2454655
1788241057458567424,OK,1,0,8.74117,2.13537,0,411,0,-2.605428,-0.041700,-0.844075,-0.0047206,0.9660085,-0.0531085,0.2529522
1788241057491907840,OK,1,0,8.01167,1.54792,0,361,0,-2.596212,-0.042400,-0.851575,-0.0050361,0.9638724,-0.0529726,0.2609954
1788241057525248256,OK,1,0,9.40329,0.912833,0,438,0,-2.577169,-0.041996,-0.860647,-0.0048799,0.9618249,-0.0526346,0.2685120
1788241057558588672,OK,1,0,9.40029,1.21317,0,394,0,-2.567683,-0.041571,-0.870009,-0.0048766,0.9595840,-0.0525997,0.2764201
1788241057591928832,OK,1,0,8.54037,1.16842,0,374,0,-2.555121,-0.043067,-0.875282,-0.0051436,0.9574063,-0.0527893,0.2838309
1788241057625269504,OK,1,0,9.2515,1.64221,0,369,0,-2.541406,-0.043235,-0.881459,-0.0049807,0.9551309,-0.0524395,0.2914622
1788241057658609920,OK,1,0,9.033,1.74746,0,504,0,-2.533168,-0.043689,-0.886408,-0.0049426,0.9527487,-0.0517430,0.2992795
1788241057691948032,OK,1,0,9.27317,0.281791,0,392,0,-2.522942,-0.045447,-0.891417,-0.0049856,0.9504058,-0.0516666,0.3066507
1788241057725286144,OK,1,0,8.39008,2.38262,0,405,0,-2.503321,-0.043344,-0.899157,-0.0051126,0.9478710,-0.0520640,0.3143306
1788241057758623232,OK,1,0,9.88308,2.63404,0,506,0,-2.495243,-0.044044,-0.899719,-0.0047801,0.9453602,-0.0519668,0.3218241
1788241057791961088,OK,1,0,8.42879,0.288458,0,435,0,-2.483533,-0.043982,-0.904403,-0.0046484,0.9428499,-0.0519404,0.3291120
1788241057825299200,OK,1,0,8.86333,0.34525,0,418,0,-2.470590,-0.044950,-0.906702,-0.0048399,0.9402623,-0.0522720,0.3363794
1788241057858637312,OK,1,0,7.96729,1.66,0,404,0,-2.456306,-0.045089,-0.910772,-0.0050893,0.9374679,-0.0521604,0.3441038
1788241057891975424,OK,1,0,8.17388,0.275167,0,469,0,-2.442363,-0.047328,-0.915379,-0.0051943,0.9346964,-0.0515726,0.3516474
1788241057925313280,OK,1,0,8.72438,1.843,0,426,0,-2.427812,-0.046755,-0.918744,-0.0054266,0.9318867,-0.0512469,0.3590702
1788241057958651136,OK,1,0,8.91058,0.289625,0,475,0,-2.411305,-0.046814,-0.924502,-0.0056338,0.9288737,-0.0513095,0.3667824
1788241057991988992,OK,1,0,9.245,1.36079,0,448,0,-2.399148,-0.046120,-0.926979,-0.0056806,0.9257367,-0.0510532,0.3746639
1788241058025326848,OK,1,0,9.11363,3.28675,0,519,0,-2.388036,-0.047909,-0.930826,-0.0054951,0.9226084,-0.0506291,0.3823615
1788241058058664704,OK,1,0,9.92746,2.81387,0,479,0,-2.379347,-0.048946,-0.930362,-0.0058328,0.9195409,-0.0505021,0.3896924
1788241058092002560,OK,1,0,9.669,2.65754,0,463,0,-2.361673,-0.049475,-0.936044,-0.0060102,0.9160694,-0.0501653,0.3978243
1788241058125340416,OK,1,0,8.96308,2.7385,0,549,0,-2.347653,-0.048284,-0.939260,-0.0056256,0.9128131,-0.0497211,0.4053006
1788241058158678016,OK,1,0,9.36862,0.305667,0,519,0,-2.335762,-0.047993,-0.942954,-0.0053292,0.9094210,-0.0495092,0.4128849
1788241058192014592,OK,1,0,9.29421,2.67525,0,474,0,-2.319039,-0.046078,-0.942227,-0.0050366,0.9062937,-0.0495185,0.4197073
1788241058225352192,OK,1,0,9.60117,1.60696,0,473,0,-2.306962,-0.046656,-0.943685,-0.0049104,0.9028677,-0.0490567,0.4270823
1788241058258690048,OK,1,0,8.42013,1.56662,0,473,0,-2.294175,-0.044919,-0.945295,-0.0048266,0.8994206,-0.0487052,0.4343354
1788241058292027648,OK,1,0,8.13446,0.305959,0,486,0,-2.284245,-0.047155,-0.944102,-0.0050877,0.8960231,-0.0486736,0.4413023
1788241058325365248,OK,1,0,9.72171,1.65213,0,582,0,-2.269434,-0.046919,-0.947928,-0.0053235,0.8922749,-0.0486726,0.4488298
1788241058358702848,OK,1,0,8.63813,2.84654,0,538,0,-2.256656,-0.047996,-0.948724,-0.0051191,0.8886949,-0.0486332,0.4558837
1788241058392040192,OK,1,0,9.66042,3.33521,0,547,0,-2.243882,-0.046682,-0.951559,-0.0046433,0.8850611,-0.0486720,0.4629000
1788241058425378048,OK,1,0,9.50329,2.17512,0,524,0,-2.225521,-0.045079,-0.954569,-0.0045290,0.8814186,-0.0489341,0.4697725
1788241058458715392,OK,1,0,8.536,0.289042,0,544,0,-2.213808,-0.043843,-0.942965,-0.0049465,0.8782125,-0.0488156,0.4757474
1788241058492052992,OK,1,0,9.61313,2.22479,0,640,0,-2.201617,-0.045024,-0.945457,-0.0055335,0.8741668,-0.0481774,0.4831984
1788241058525390336,OK,1,0,8.98212,2.81217,0,603,0,-2.190729,-0.044573,-0.940087,-0.0058846,0.8705364,-0.0478413,0.4897377
1788241058558727680,OK,1,0,10.1059,0.927291,0,579,0,-2.178123,-0.043689,-0.940164,-0.0062599,0.8664331,-0.0479720,0.4969438
1788241058592065024,OK,1,0,9.81625,2.83625,0,560,0,-2.165302,-0.043218,-0.942042,-0.0061684,0.8621205,-0.0480965,0.5043778
1788241058625402368,OK,1,0,9.48683,0.374541,0,558,0,-2.152085,-0.044333,-0.942057,-0.0054474,0.8578243,-0.0477547,0.5116907
1788241058658738688,OK,1,0,9.21583,1.67783,0,591,0,-2.138051,-0.044459,-0.943156,-0.0052653,0.8535817,-0.0476523,0.5187484
1788241058692089088,OK,1,0,11.5014,4.16675,0,596,0,-2.128350,-0.045415,-0.940745,-0.0051972,0.8492142,-0.0470958,0.5259184
1788241058725439744,OK,1,0,10.0206,3.09687,0,581,0,-2.119218,-0.044406,-0.938506,-0.0050244,0.8448626,-0.0466750,0.5329196
1788241058758790400,OK,1,0,10.1408,1.35325,0,624,0,-2.103831,-0.044998,-0.936579,-0.0049264,0.8406299,-0.0459532,0.5396345
1788241058792140800,OK,1,0,10.456,0.285125,0,608,0,-2.088838,-0.042590,-0.938295,-0.0046673,0.8361977,-0.0452637,0.5465371
1788241058825491456,OK,1,0,10.9991,1.37138,0,627,0,-2.075683,-0.040438,-0.936663,-0.0047932,0.8315694,-0.0449346,0.5535794
1788241058858842112,OK,1,0,9.77454,1.52546,0,648,0,-2.060173,-0.041363,-0.935170,-0.0051545,0.8270055,-0.0447425,0.5603869
1788241058892192768,OK,1,0,9.43779,0.276917,0,651,0,-2.048075,-0.042939,-0.930469,-0.0054254,0.8227124,-0.0444343,0.5666927
1788241058925543680,OK,1,0,10.1697,2.47333,0,682,0,-2.033821,-0.040289,-0.929741,-0.0052385,0.8179452,-0.0443092,0.5735635
1788241058958894592,OK,1,0,9.48567,1.79737,0,670,0,-2.021166,-0.039303,-0.928493,-0.0046961,0.8130822,-0.0441714,0.5804518
1788241058992245504,OK,1,0,12.6566,0.257125,0,707,0,-2.009311,-0.038828,-0.928408,-0.0039703,0.8081310,-0.0438052,0.5873583
1788241059025596416,OK,1,0,10.5265,0.296709,0,747,0,-1.996860,-0.038138,-0.923908,-0.0033180,0.8038356,-0.0434761,0.5932515
1788241059058947584,OK,1,0,10.7614,1.44479,0,762,0,-1.983194,-0.039635,-0.925223,-0.0030252,0.7994652,-0.0436383,0.5991176
1788241059092297728,OK,1,0,11.0062,0.295333,0,768,0,-1.971457,-0.039192,-0.923378,-0.0029972,0.7954086,-0.0435694,0.6044981
1788241059125648896,OK,1,0,11.6376,0.288292,0,780,0,-1.953095,-0.038827,-0.919478,-0.0035797,0.7912857,-0.0425338,0.6099550
1788241059159000064,OK,1,0,11.1204,0.8595,0,798,0,-1.938725,-0.040589,-0.916491,-0.0046640,0.7872085,-0.0423537,0.6152132
1788241059192351232,OK,1,0,11.1316,2.20583,0,1120,0,-1.922682,-0.040980,-0.912644,-0.0051751,0.7833472,-0.0420402,0.6201395
1788241059225702656,OK,1,0,12.3028,2.80975,0,1029,0,-1.909152,-0.041900,-0.910842,-0.0052304,0.7796187,-0.0410128,0.6248882
1788241059259054080,OK,1,0,10.3629,1.19771,0,1027,0,-1.894354,-0.041988,-0.911152,-0.0050191,0.7760753,-0.0401502,0.6293409
1788241059292405504,OK,1,0,12.1043,1.83767,0,991,0,-1.882932,-0.041212,-0.910632,-0.0048016,0.7727088,-0.0403879,0.6334563
1788241059325756928,OK,1,0,12.4362,1.28937,0,1028,0,-1.869936,-0.041193,-0.907041,-0.0049147,0.7699142,-0.0402431,0.6368583
1788241059359108352,OK,1,0,12.1335,2.68325,0,1057,0,-1.854058,-0.040273,-0.906392,-0.0049038,0.7676565,-0.0394733,0.6396260
1788241059392460288,OK,1,0,12.2452,1.31546,0,1041,0,-1.840324,-0.038990,-0.905045,-0.0049139,0.7656894,-0.0390181,0.6420072
1788241059425811712,OK,1,0,12.055,2.05779,0,1020,0,-1.827984,-0.037873,-0.903988,-0.0049408,0.7634046,-0.0392761,0.6447064
1788241059459163648,OK,1,0,14.2322,0.245417,0,1083,0,-1.814959,-0.037817,-0.902419,-0.0051579,0.7614349,-0.0391384,0.6470382
1788241059492515328,OK,1,0,11.9621,1.27208,0,1065,0,-1.801232,-0.038836,-0.904803,-0.0051711,0.7601484,-0.0383788,0.6485944
1788241059525866240,OK,1,0,12.0023,1.03629,0,1048,0,-1.787968,-0.039095,-0.906633,-0.0050989,0.7588575,-0.0375119,0.6501555
1788241059559217920,OK,1,0,12.6266,0.367292,0,1061,0,-1.772740,-0.039074,-0.907341,-0.0051680,0.7574652,-0.0372902,0.6517892
1788241059592570112,OK,1,0,11.9369,1.82954,0,1102,0,-1.760642,-0.037689,-0.906751,-0.0053762,0.7561884,-0.0374527,0.6532592
1788241059625921792,OK,1,0,11.8714,1.78838,0,1120,0,-1.747023,-0.036164,-0.907321,-0.0054469,0.7547903,-0.0367660,0.6549125
1788241059659273984,OK,1,0,12.3283,1.40821,0,1095,0,-1.732797,-0.035276,-0.908249,-0.0053850,0.7535630,-0.0363733,0.6563467
1788241059692621312,OK,1,0,12.8541,0.655,0,1077,0,-1.720290,-0.036504,-0.909250,-0.0055683,0.7521755,-0.0361622,0.6579463
1788241059725968896,OK,1,0,12.137,1.72592,0,1100,0,-1.707288,-0.037558,-0.908492,-0.0057970,0.7508774,-0.0357325,0.6594489
1788241059759316736,OK,1,0,12.7711,0.67275,0,1078,0,-1.693226,-0.035700,-0.908535,-0.0054627,0.7494208,-0.0358777,0.6610987
1788241059792664320,OK,1,0,12.6755,2.3515,0,1054,0,-1.681720,-0.034912,-0.907760,-0.0052948,0.7483019,-0.0361803,0.6623498
1788241059826012160,OK,1,0,12.8988,1.47058,0,1093,0,-1.669428,-0.035448,-0.907470,-0.0051245,0.7471895,-0.0362944,0.6635996
1788241059859359744,OK,1,0,11.9106,0.275875,0,1098,0,-1.656896,-0.036354,-0.908667,-0.0050818,0.7458784,-0.0361702,0.6650800
1788241059892707840,OK,1,0,11.8587,2.72971,0,1083,0,-1.645192,-0.035706,-0.908586,-0.0050155,0.7445679,-0.0364959,0.6665294
1788241059926055680,OK,1,0,13.2795,0.250125,0,1101,0,-1.632774,-0.033840,-0.907218,-0.0049150,0.7432114,-0.0366095,0.6680363
1788241059959403776,OK,1,0,11.9306,0.256708,0,1116,0,-1.619213,-0.033532,-0.907172,-0.0050442,0.7421108,-0.0361465,0.6692828
1788241059992750848,OK,1,0,11.9735,1.26808,0,1098,0,-1.606220,-0.033315,-0.908300,-0.0052067,0.7411978,-0.0360555,0.6702975
1788241060026098944,OK,1,0,12.0343,0.247375,0,1085,0,-1.591663,-0.032028,-0.908447,-0.0048421,0.7404976,-0.0359373,0.6710801
1788241060059447040,OK,1,0,12.4799,2.353,0,1094,0,-1.577996,-0.031387,-0.908400,-0.0046365,0.7396869,-0.0355324,0.6719965
1788241060092795136,OK,1,0,13.4428,2.40167,0,1083,0,-1.564360,-0.030986,-0.909411,-0.0049370,0.7385441,-0.0349809,0.6732790
1788241060126143488,OK,1,0,12.757,3.09342,0,1114,0,-1.552182,-0.030170,-0.906801,-0.0050438,0.7378223,-0.0348920,0.6740737
1788241060159491840,OK,1,0,12.5236,3.2505,0,1059,0,-1.537716,-0.028781,-0.909152,-0.0049121,0.7366933,-0.0345869,0.6753241
1788241060192840448,OK,1,0,12.2728,3.10208,0,1081,0,-1.525342,-0.029389,-0.911858,-0.0048198,0.7357307,-0.0340945,0.6763984
1788241060226188800,OK,1,0,12.4734,1.63717,0,1082,0,-1.512670,-0.032427,-0.912601,-0.0049636,0.7350466,-0.0341559,0.6771375
1788241060259537152,OK,1,0,11.9392,1.93425,0,1071,0,-1.499690,-0.030486,-0.913187,-0.0049392,0.7338938,-0.0340993,0.6783899
1788241060292885760,OK,1,0,12.6194,2.65937,0,1076,0,-1.486618,-0.029962,-0.911511,-0.0047928,0.7330237,-0.0340907,0.6793314
1788241060326234368,OK,1,0,12.0208,1.10671,0,1070,0,-1.477074,-0.032280,-0.910718,-0.0045737,0.7322622,-0.0342416,0.6801461
1788241060359582976,OK,1,0,12.2778,0.247417,0,1080,0,-1.463899,-0.031522,-0.912075,-0.0045225,0.7311445,-0.0339797,0.6813608
1788241060392931840,OK,1,0,11.8051,1.7375,0,1061,0,-1.451691,-0.030130,-0.911712,-0.0045024,0.7303583,-0.0340145,0.6822020
1788241060426279424,OK,1,0,11.9265,1.73942,0,1080,0,-1.437710,-0.031209,-0.914039,-0.0046905,0.7292714,-0.0337010,0.6833780
1788241060459628544,OK,1,0,12.3009,2.56604,0,1101,0,-1.423409,-0.030374,-0.913437,-0.0049047,0.7284907,-0.0334044,0.6842232
1788241060492977408,OK,1,0,12.2626,0.247583,0,1100,0,-1.410554,-0.029802,-0.913302,-0.0049108,0.7275951,-0.0331328,0.6851888
1788241060526326272,OK,1,0,11.766,2.81067,0,1078,0,-1.396823,-0.029726,-0.910518,-0.0049608,0.7269347,-0.0332154,0.6858850
1788241060559675392,OK,1,0,12.4253,0.359208,0,1086,0,-1.383789,-0.030791,-0.910278,-0.0050837,0.7259563,-0.0328360,0.6869377
1788241060593024512,OK,1,0,12.2444,0.272041,0,1074,0,-1.371216,-0.029726,-0.910655,-0.0051134,0.7246759,-0.0325556,0.6883014
1788241060626373632,OK,1,0,12.0951,0.768125,0,1085,0,-1.358894,-0.028158,-0.910782,-0.0046251,0.7237002,-0.0327262,0.6893227
1788241060659722752,OK,1,0,11.7509,0.348917,0,1082,0,-1.344091,-0.028129,-0.912263,-0.0041508,0.7228820,-0.0326542,0.6901870
1788241060693063936,OK,1,0,11.6182,0.261542,0,1084,0,-1.332710,-0.029542,-0.912646,-0.0038350,0.7218768,-0.0321387,0.6912643
1788241060726427392,OK,1,0,13.0835,1.45342,0,1080,0,-1.320918,-0.030891,-0.911445,-0.0039925,0.7210695,-0.0323371,0.6920962
1788241060759822336,OK,1,0,12.5351,2.81821,0,1093,0,-1.309815,-0.030420,-0.909851,-0.0040245,0.7199512,-0.0323964,0.6932566
1788241060793217536,OK,1,0,11.7333,2.56496,0,1060,0,-1.296314,-0.029975,-0.907122,-0.0040033,0.7190512,-0.0322186,0.6941983
1788241060826612992,OK,1,0,11.724,0.25775,0,1047,0,-1.282772,-0.029499,-0.907555,-0.0038451,0.7187250,-0.0321254,0.6945412
1788241060860007936,OK,1,0,12.0138,1.63675,0,1062,0,-1.270237,-0.029076,-0.910008,-0.0034039,0.7189730,-0.0320814,0.6942888
1788241060893404416,OK,1,0,13.4827,3.40504,0,1081,0,-1.256741,-0.030324,-0.910858,-0.0034886,0.7189880,-0.0318849,0.6942820
1788241060926801152,OK,1,0,12.0141,1.92429,0,1058,0,-1.243722,-0.029051,-0.910723,-0.0032814,0.7186096,-0.0318719,0.6946753
1788241060960197888,OK,1,0,12.5283,0.247083,0,1065,0,-1.231812,-0.029246,-0.909690,-0.0034987,0.7184194,-0.0317250,0.6948776
1788241060993595136,OK,1,0,12.1465,0.248,0,1047,0,-1.216210,-0.028644,-0.911214,-0.0038467,0.7183764,-0.0315849,0.6949266
1788241061026992896,OK,1,0,12.2063,1.78696,0,1074,0,-1.205053,-0.027756,-0.911266,-0.0036752,0.7185476,-0.0314848,0.6947551
1788241061060390912,OK,1,0,11.7579,1.24671,0,1071,0,-1.190868,-0.027415,-0.913345,-0.0036462,0.7183536,-0.0317033,0.6949458
1788241061093789184,OK,1,0,11.9914,1.60546,0,1049,0,-1.177311,-0.026886,-0.911664,-0.0035858,0.7182318,-0.0319545,0.6950606
1788241061127187968,OK,1,0,12.3169,0.251041,0,1043,0,-1.165788,-0.027947,-0.911555,-0.0032920,0.7180055,-0.0321996,0.6952844
1788241061160587008,OK,1,0,11.9876,2.32879,0,1027,0,-1.153893,-0.029228,-0.913610,-0.0031048,0.7177234,-0.0324052,0.6955670
1788241061193986304,OK,1,0,11.5437,1.87579,0,1037,0,-1.143284,-0.028357,-0.911477,-0.0025524,0.7179250,-0.0326725,0.6953487
1788241061227386112,OK,1,0,11.9857,1.30875,0,1037,0,-1.131311,-0.027682,-0.913895,-0.0016504,0.7179348,-0.0328999,0.6953305
1788241061260786432,OK,1,0,12.1598,1.13992,0,1030,0,-1.118826,-0.028233,-0.915876,-0.0012139,0.7178594,-0.0333217,0.6953891
1788241061294186752,OK,1,0,11.8744,0.255166,0,1006,0,-1.107569,-0.028888,-0.915472,-0.0010677,0.7178653,-0.0334701,0.6953762
1788241061327586560,OK,1,0,11.8496,2.43692,0,1053,0,-1.095244,-0.028830,-0.913589,-0.0014896,0.7177978,-0.0337287,0.6954325
1788241061360987904,OK,1,0,11.8667,1.59787,0,1025,0,-1.082243,-0.027497,-0.912418,-0.0018236,0.7176005,-0.0338912,0.6956275
1788241061394389248,OK,1,0,12.2889,0.256375,0,1022,0,-1.069287,-0.026604,-0.910578,-0.0022358,0.7176423,-0.0339711,0.6955793
1788241061427791104,OK,1,0,12.1047,1.48546,0,1013,0,-1.054834,-0.026376,-0.909246,-0.0025508,0.7177356,-0.0343345,0.6954641
1788241061461193472,OK,1,0,11.7991,1.57838,0,991,0,-1.042776,-0.027871,-0.909638,-0.0023260,0.7177867,-0.0345069,0.6954036
1788241061494595584,OK,1,0,12.7665,0.240083,0,982,0,-1.030449,-0.028473,-0.911026,-0.0021968,0.7177401,-0.0341858,0.6954680
1788241061527998720,OK,1,0,11.8085,0.252541,0,977,0,-1.017091,-0.029368,-0.912558,-0.0025593,0.7175756,-0.0337255,0.6956589
1788241061561401856,OK,1,0,12.0466,3.68696,0,980,0,-1.004611,-0.029335,-0.912068,-0.0024600,0.7173779,-0.0336335,0.6958676
1788241061594805504,OK,1,0,11.7407,2.93825,0,947,0,-0.990828,-0.028972,-0.913432,-0.0024807,0.7172001,-0.0340039,0.6960328
1788241061628209408,OK,1,0,11.3805,0.250084,0,962,0,-0.978149,-0.027258,-0.913730,-0.0019613,0.7172532,-0.0346300,0.6959489
1788241061661613824,OK,1,0,11.7172,2.37737,0,928,0,-0.967634,-0.027696,-0.915378,-0.0015627,0.7171004,-0.0350859,0.6960844
1788241061695018240,OK,1,0,11.5336,0.251458,0,935,0,-0.954184,-0.026924,-0.914180,-0.0017596,0.7170509,-0.0349989,0.6961393
1788241061728395008,OK,1,0,11.4551,1.579,0,949,0,-0.941566,-0.025402,-0.911763,-0.0017956,0.7168167,-0.0348526,0.6963878
1788241061761732608,OK,1,0,12.045,2.28458,0,968,0,-0.928072,-0.025120,-0.911592,-0.0015670,0.7167290,-0.0351128,0.6964654
1788241061795071488,OK,1,0,11.7371,3.45388,0,976,0,-0.915148,-0.025009,-0.914626,-0.0013233,0.7169405,-0.0350078,0.6962535
1788241061828410112,OK,1,0,11.8872,2.93033,0,964,0,-0.902815,-0.024505,-0.915312,-0.0008115,0.7169938,-0.0350137,0.6961992
1788241061861748736,OK,1,0,11.6376,2.14962,0,954,0,-0.890687,-0.024867,-0.916870,-0.0005352,0.7166567,-0.0351407,0.6965400
1788241061895087616,OK,1,0,12.022,3.12208,0,961,0,-0.875292,-0.024538,-0.916080,-0.0006447,0.7167403,-0.0345822,0.6964819
1788241061928426240,OK,1,0,11.7743,2.98612,0,957,0,-0.864323,-0.024188,-0.917240,-0.0001388,0.7167222,-0.0347196,0.6964940
1788241061961764864,OK,1,0,11.6948,2.34067,0,976,0,-0.853603,-0.024862,-0.917724,0.0003883,0.7168993,-0.0349714,0.6962990
1788241061995103744,OK,1,0,11.5755,1.82321,0,946,0,-0.839821,-0.025650,-0.919532,0.0005202,0.7167669,-0.0352198,0.6964226
1788241062028442368,OK,1,0,11.2117,1.4385,0,901,0,-0.826595,-0.025648,-0.919655,0.0005553,0.7165051,-0.0357074,0.6966672
1788241062061781248,OK,1,0,11.7081,1.78321,0,939,0,-0.814659,-0.026011,-0.919829,0.0002054,0.7163642,-0.0353825,0.6968288
1788241062095119872,OK,1,0,11.4741,1.8965,0,937,0,-0.801026,-0.024231,-0.921151,0.0001709,0.7164715,-0.0351398,0.6967308
1788241062128458496,OK,1,0,12.4249,2.569,0,952,0,-0.787946,-0.023380,-0.921313,0.0005924,0.7165951,-0.0349450,0.6966133
1788241062161797376,OK,1,0,11.7652,1.02046,0,925,0,-0.774881,-0.022959,-0.922757,0.0004315,0.7165754,-0.0349499,0.6966333
1788241062195134976,OK,1,0,12.4465,1.89608,0,913,0,-0.760867,-0.021709,-0.922703,0.0006060,0.7166917,-0.0351753,0.6965022
1788241062228473856,OK,1,0,12.6479,2.37383,0,925,0,-0.748323,-0.022635,-0.921879,0.0006895,0.7167276,-0.0350497,0.6964716
1788241062261812480,OK,1,0,11.747,1.41658,0,900,0,-0.735288,-0.021544,-0.922870,0.0006415,0.7167556,-0.0347112,0.6964598
1788241062295151104,OK,1,0,12.5925,1.70692,0,919,0,-0.722700,-0.022196,-0.922882,0.0004695,0.7169852,-0.0349043,0.6962139
1788241062328489984,OK,1,0,11.4743,1.76329,0,892,0,-0.708956,-0.022501,-0.923186,0.0003653,0.7169366,-0.0350204,0.6962581
1788241062361828608,OK,1,0,11.3181,0.311708,0,892,0,-0.695006,-0.022755,-0.922822,0.0000217,0.7168919,-0.0352357,0.6962934
1788241062395167488,OK,1,0,11.8975,0.320667,0,892,0,-0.681290,-0.023739,-0.923101,-0.0003384,0.7168428,-0.0351139,0.6963500
1788241062428506112,OK,1,0,11.5281,2.79588,0,914,0,-0.667194,-0.022385,-0.923425,-0.0004666,0.7167761,-0.0346561,0.6964415
1788241062461844992,OK,1,0,11.6427,2.762,0,881,0,-0.654680,-0.020398,-0.923386,-0.0004032,0.7166916,-0.0348367,0.6965196
1788241062495183616,OK,1,0,12.5499,0.245,0,904,0,-0.642322,-0.020941,-0.923058,0.0001958,0.7165354,-0.0354244,0.6966507
1788241062528522496,OK,1,0,11.4032,0.252041,0,890,0,-0.629478,-0.021808,-0.924653,0.0005944,0.7165290,-0.0356064,0.6966478
1788241062561861120,OK,1,0,10.8631,0.253292,0,884,0,-0.617288,-0.021758,-0.924910,0.0008095,0.7160155,-0.0360160,0.6971542
1788241062595200000,OK,1,0,12.427,2.125,0,1607,0,-0.604536,-0.022185,-0.924719,0.0010176,0.7151678,-0.0360681,0.6980208
1788241062628538624,OK,1,0,14.6093,1.47296,0,1230,0,-0.593591,-0.020757,-0.923989,0.0010771,0.7149400,-0.0361936,0.6982476
1788241062661876480,OK,1,0,12.5603,2.94738,0,1144,0,-0.581035,-0.020255,-0.923130,0.0009371,0.7144432,-0.0367583,0.6987266
1788241062695215104,OK,1,0,12.679,1.303,0,1125,0,-0.566791,-0.020070,-0.920761,0.0005820,0.7138798,-0.0368954,0.6992954
1788241062728551680,OK,1,0,13.4587,0.362042,0,1119,0,-0.554855,-0.020064,-0.919899,-0.0000044,0.7131384,-0.0368453,0.7000543
1788241062761885440,OK,1,0,11.6488,0.292666,0,1028,0,-0.541598,-0.021242,-0.918802,-0.0003687,0.7122826,-0.0369157,0.7009212
1788241062795219200,OK,1,0,13.4123,0.29775,0,1038,0,-0.527462,-0.020441,-0.918533,-0.0000982,0.7114936,-0.0366976,0.7017337
1788241062828552704,OK,1,0,13.8149,1.18687,0,1012,0,-0.516029,-0.019402,-0.919424,0.0001636,0.7107496,-0.0365625,0.7024943
1788241062861886208,OK,1,0,12.1827,1.90021,0,1001,0,-0.504970,-0.020861,-0.917879,-0.0000537,0.7099698,-0.0367443,0.7032729
1788241062895219712,OK,1,0,13.5463,1.34096,0,991,0,-0.491035,-0.019261,-0.916166,0.0000462,0.7093888,-0.0368435,0.7038538
1788241062928552960,OK,1,0,12.9557,1.82783,0,948,0,-0.477137,-0.019069,-0.915610,-0.0004532,0.7086560,-0.0370131,0.7045826
1788241062961886208,OK,1,0,11.9835,2.15392,0,1016,0,-0.463946,-0.019277,-0.911803,-0.0011616,0.7081689,-0.0365679,0.7050946
1788241062995219456,OK,1,0,11.4727,0.256042,0,993,0,-0.452137,-0.019373,-0.910908,-0.0012486,0.7074100,-0.0365779,0.7058553
1788241063028552448,OK,1,0,11.3403,1.83208,0,952,0,-0.438430,-0.019470,-0.909255,-0.0014465,0.7068105,-0.0362441,0.7064724
1788241063061885696,OK,1,0,11.914,2.35012,0,953,0,-0.425072,-0.018239,-0.909137,-0.0015943,0.7060806,-0.0362789,0.7071998
1788241063095217664,OK,1,0,11.653,2.88662,0,937,0,-0.412050,-0.018476,-0.907505,-0.0015661,0.7052012,-0.0360454,0.7080886
1788241063128550656,OK,1,0,11.8121,0.285625,0,1590,0,-0.398410,-0.018046,-0.906428,-0.0016870,0.7041981,-0.0359159,0.7090926
1788241063161883648,OK,1,0,12.5918,1.39162,0,1173,0,-0.386115,-0.016479,-0.905782,-0.0012134,0.7032264,-0.0362678,0.7100393
1788241063195216384,OK,1,0,13.2877,0.293334,0,1093,0,-0.374198,-0.016926,-0.905034,-0.0006791,0.7021649,-0.0362898,0.7110887
1788241063228549120,OK,1,0,12.0973,2.20613,0,966,0,-0.362416,-0.016973,-0.905128,-0.0002230,0.7010854,-0.0364870,0.7121431
1788241063261881600,OK,1,0,11.5429,2.41446,0,946,0,-0.350742,-0.016988,-0.901880,-0.0001480,0.6998371,-0.0370966,0.7133386
1788241063295214080,OK,1,0,13.2855,0.280375,0,926,0,-0.339282,-0.018105,-0.899594,-0.0004038,0.6984364,-0.0369864,0.7147156
1788241063328546560,OK,1,0,11.1913,1.63179,0,906,0,-0.326991,-0.018017,-0.897918,-0.0001106,0.6973596,-0.0369966,0.7157659
1788241063361879040,OK,1,0,11.934,1.52954,0,876,0,-0.314700,-0.017386,-0.897026,0.0002711,0.6960669,-0.0367658,0.7170350
1788241063395211776,OK,1,0,10.3303,2.649,0,839,0,-0.301213,-0.016993,-0.895077,0.0002568,0.6945516,-0.0365915,0.7185118
1788241063428544000,OK,1,0,11.4898,2.14379,0,829,0,-0.287233,-0.016141,-0.892769,0.0003561,0.6927753,-0.0364440,0.7202320
1788241063461876224,OK,1,0,11.2142,1.49371,0,823,0,-0.274619,-0.015205,-0.889558,0.0003429,0.6910009,-0.0361469,0.7219495
1788241063495208192,OK,1,0,11.8195,1.45917,0,1475,0,-0.263135,-0.015589,-0.888005,0.0002218,0.6893365,-0.0362406,0.7235343
1788241063528539392,OK,1,0,11.7639,1.16296,0,1035,0,-0.249166,-0.015379,-0.885387,-0.0001628,0.6875247,-0.0359491,0.7252706
1788241063561871360,OK,1,0,10.615,1.68346,0,979,0,-0.237345,-0.014774,-0.880760,-0.0005721,0.6857150,-0.0357896,0.7269896
1788241063595203328,OK,1,0,11.0293,1.98104,0,915,0,-0.224869,-0.014066,-0.876986,-0.0005869,0.6831147,-0.0363838,0.7294040
1788241063628535296,OK,1,0,11.099,1.70021,0,858,0,-0.214644,-0.014012,-0.874341,0.0000505,0.6802841,-0.0365639,0.7320359
1788241063661867264,OK,1,0,11.404,2.07412,0,834,0,-0.202374,-0.014670,-0.870803,0.0009770,0.6774704,-0.0360959,0.7346632
1788241063695198976,OK,1,0,11.0763,1.85583,0,808,0,-0.191546,-0.014193,-0.867357,0.0017955,0.6744525,-0.0357834,0.7374485
1788241063728532480,OK,1,0,10.3268,0.345375,0,804,0,-0.179824,-0.014690,-0.862630,0.0017354,0.6714394,-0.0361085,0.7401772
1788241063761868288,OK,1,0,10.0903,1.70758,0,756,0,-0.168585,-0.014822,-0.856046,0.0012169,0.6683547,-0.0362797,0.7429565
1788241063795204352,OK,1,0,10.3783,1.44717,0,752,0,-0.155690,-0.013215,-0.849309,0.0008323,0.6648417,-0.0360089,0.7461155
1788241063828540160,OK,1,0,10.5836,2.39579,0,714,0,-0.141608,-0.011903,-0.842454,0.0001135,0.6612605,-0.0353414,0.7493234
1788241063861875968,OK,1,0,10.7267,1.30925,0,1345,0,-0.129696,-0.012022,-0.834808,-0.0004298,0.6581162,-0.0354376,0.7520818
1788241063895211776,OK,1,0,10.3568,0.274084,0,938,0,-0.117803,-0.011195,-0.828592,-0.0004758,0.6542726,-0.0355273,0.7554237
1788241063928547328,OK,1,0,10.035,1.51225,0,874,0,-0.106845,-0.011523,-0.823854,-0.0001664,0.6504816,-0.0350046,0.7587150
1788241063961883136,OK,1,0,11.381,0.343459,0,810,0,-0.094672,-0.011632,-0.818708,0.0003742,0.6469419,-0.0345986,0.7617539
1788241063995217664,OK,1,0,9.23721,1.40821,0,772,0,-0.085677,-0.011349,-0.814183,0.0008602,0.6431458,-0.0348222,0.7649512
1788241064028553472,OK,1,0,10.5128,0.262042,0,737,0,-0.075203,-0.011704,-0.805834,0.0003707,0.6395016,-0.0350286,0.7679913
1788241064061889024,OK,1,0,9.01479,1.81862,0,707,0,-0.062642,-0.010562,-0.797617,-0.0001031,0.6357620,-0.0349276,0.7710946
1788241064095224320,OK,1,0,9.34833,2.73521,0,708,0,-0.050687,-0.010133,-0.791001,-0.0002793,0.6318224,-0.0343826,0.7743502
1788241064128559872,OK,1,0,9.455,1.50004,0,679,0,-0.039603,-0.009679,-0.783588,-0.0000283,0.6278730,-0.0342880,0.7775602
1788241064161895168,OK,1,0,10.0497,0.272042,0,691,0,-0.028542,-0.008641,-0.776496,0.0001535,0.6235124,-0.0343080,0.7810603
1788241064195230720,OK,1,0,9.48479,0.937625,0,1248,0,-0.017184,-0.008366,-0.769338,0.0006439,0.6196572,-0.0341669,0.7841283
1788241064228566272,OK,1,0,10.1139,2.14658,0,808,0,-0.006614,-0.008040,-0.763617,0.0014215,0.6157452,-0.0341930,0.7872019
1788241064261901312,OK,1,0,9.59196,2.61779,0,743,0,0.003155,-0.008290,-0.756543,0.0020159,0.6119056,-0.0342974,0.7901843
1788241064295236608,OK,1,0,9.88929,1.33517,0,684,0,0.014035,-0.007625,-0.749729,0.0019530,0.6073676,-0.0339504,0.7936928
1788241064328571904,OK,1,0,9.84792,0.292416,0,678,0,0.026174,-0.005532,-0.741698,0.0019242,0.6032199,-0.0336766,0.7968614
1788241064361906944,OK,1,0,9.03783,1.49654,0,684,0,0.037127,-0.005125,-0.732807,0.0014496,0.5992898,-0.0336478,0.7998234
1788241064395242240,OK,1,0,9.56442,1.55963,0,654,0,0.046606,-0.004471,-0.724161,0.0010377,0.5949664,-0.0343540,0.8030155
1788241064428576256,OK,1,0,9.48525,1.80942,0,635,0,0.057716,-0.003946,-0.714682,0.0005125,0.5906769,-0.0341285,0.8061860
1788241064461911296,OK,1,0,10.0106,0.300416,0,605,0,0.070670,-0.002060,-0.706940,0.0005863,0.5863816,-0.0335649,0.8093390
1788241064495246336,OK,1,0,11.1748,1.56446,0,623,0,0.079273,-0.001946,-0.699533,0.0008031,0.5820596,-0.0337742,0.8124440
1788241064528581376,OK,1,0,8.66433,0.293792,0,1119,0,0.091505,-0.002426,-0.690129,0.0006026,0.5776781,-0.0339717,0.8155572
1788241064561916160,OK,1,0,9.94421,0.270625,0,764,0,0.102256,-0.001721,-0.682280,0.0006531,0.5729819,-0.0331266,0.8188980
1788241064595250944,OK,1,0,9.27271,1.16504,0,686,0,0.111483,-0.001213,-0.674930,0.0009508,0.5687170,-0.0324480,0.8218924
1788241064628585984,OK,1,0,9.15842,1.34471,0,671,0,0.120889,-0.000510,-0.667225,0.0013840,0.5645344,-0.0323013,0.8247761
1788241064661920768,OK,1,0,9.90462,1.62596,0,646,0,0.131657,-0.000288,-0.658899,0.0015312,0.5599467,-0.0322483,0.8278994
1788241064695255552,OK,1,0,9.14392,1.05675,0,624,0,0.142521,0.001102,-0.650181,0.0011693,0.5553976,-0.0318640,0.8309734
1788241064728591360,OK,1,0,9.75812,1.48525,0,618,0,0.153450,0.002100,-0.639525,0.0007085,0.5510183,-0.0312548,0.8339074
1788241064761928192,OK,1,0,9.23333,2.52058,0,637,0,0.164587,0.002937,-0.630897,0.0007334,0.5461636,-0.0309346,0.8371068
1788241064795265024,OK,1,0,9.57725,1.42938,0,649,0,0.171099,0.002451,-0.622001,0.0007577,0.5415468,-0.0310637,0.8400962
1788241064828601856,OK,1,0,9.96175,1.29175,0,650,0,0.180278,0.002709,-0.611827,0.0009116,0.5370988,-0.0305107,0.8429669
1788241064861937664,OK,1,0,10.9206,1.12129,0,650,0,0.187601,0.002126,-0.601236,0.0010227,0.5324988,-0.0301597,0.8458926
1788241064895274752,OK,1,0,10.1817,1.64229,0,1273,0,0.197943,0.002956,-0.591606,0.0012392,0.5276952,-0.0298977,0.8489066
1788241064928611328,OK,1,0,12.4623,1.7125,0,918,0,0.205833,0.002036,-0.582669,0.0009437,0.5229265,-0.0295948,0.8518633
1788241064961947904,OK,1,0,11.0624,0.653833,0,873,0,0.216091,0.003550,-0.571963,0.0004752,0.5179273,-0.0293821,0.8549197
1788241064995284992,OK,1,0,12.0219,1.76454,0,823,0,0.225730,0.004043,-0.560355,-0.0001600,0.5130461,-0.0289569,0.8578725
1788241065028621568,OK,1,0,12.1206,0.26375,0,776,0,0.235159,0.005208,-0.549072,-0.0007416,0.5078965,-0.0288463,0.8609347
1788241065061958144,OK,1,0,11.6852,1.85275,0,764,0,0.243034,0.006567,-0.538280,-0.0008816,0.5026214,-0.0285816,0.8640336
1788241065095294720,OK,1,0,12.2359,0.318541,0,773,0,0.250710,0.005526,-0.528061,-0.0008481,0.4973536,-0.0276280,0.8671075
1788241065128631296,OK,1,0,12.8783,2.03362,0,805,0,0.258370,0.005269,-0.518418,-0.0003893,0.4923554,-0.0268340,0.8699805
1788241065161968128,OK,1,0,12.0997,2.71,0,767,0,0.267090,0.005577,-0.510217,-0.0000963,0.4871800,-0.0263947,0.8729026
1788241065195304448,OK,1,0,12.5036,1.16096,0,739,0,0.276492,0.006340,-0.498990,-0.0000076,0.4819046,-0.0262702,0.8758298
1788241065228641024,OK,1,0,12.3247,1.07142,0,746,0,0.282039,0.006467,-0.487903,-0.0000805,0.4768782,-0.0260658,0.8785828
1788241065261977600,OK,1,0,12.823,2.79429,0,756,0,0.291844,0.008170,-0.475354,-0.0002939,0.4717837,-0.0254681,0.8813463
1788241065295313920,OK,1,0,12.4014,0.325041,0,750,0,0.299335,0.008758,-0.464556,-0.0008207,0.4666367,-0.0252328,0.8840888
1788241065328649472,OK,1,0,12.9127,2.35683,0,807,0,0.306407,0.010024,-0.452378,-0.0010464,0.4615204,-0.0251672,0.8867719
1788241065361985792,OK,1,0,13.4163,0.302042,0,1442,0,0.313746,0.010502,-0.439789,-0.0011614,0.4565375,-0.0249586,0.8893533
1788241065395322368,OK,1,0,15.9821,0.509167,0,1137,0,0.322477,0.011559,-0.429165,-0.0012808,0.4511382,-0.0243837,0.8921200
1788241065428658688,OK,1,0,14.8499,1.53496,0,1011,0,0.328610,0.012014,-0.417969,-0.0011751,0.4459159,-0.0240438,0.8947511
1788241065461994752,OK,1,0,14.4031,0.34075,0,969,0,0.335430,0.011704,-0.408339,-0.0008303,0.4405641,-0.0240253,0.8973992
1788241065495331328,OK,1,0,13.4337,0.309959,0,969,0,0.342180,0.011791,-0.396402,-0.0003778,0.4352136,-0.0236394,0.9000168
1788241065528667392,OK,1,0,13.872,0.955125,0,936,0,0.349260,0.012341,-0.386720,0.0001515,0.4299452,-0.0232349,0.9025560
1788241065562003712,OK,1,0,14.8491,1.16367,0,931,0,0.354296,0.013746,-0.374494,0.0005811,0.4250755,-0.0235098,0.9048524
1788241065595339776,OK,1,0,14.1214,1.28633,0,895,0,0.360995,0.014317,-0.363339,0.0003861,0.4195243,-0.0236948,0.9074347
1788241065628676096,OK,1,0,15.0177,0.6995,0,935,0,0.366946,0.014769,-0.349706,0.0002099,0.4142734,-0.0229650,0.9098627
1788241065662012160,OK,1,0,13.8232,1.62258,0,872,0,0.371111,0.013986,-0.338530,-0.0002286,0.4091798,-0.0227941,0.9121690
1788241065695348480,OK,1,0,13.7144,2.69837,0,853,0,0.377866,0.013526,-0.324575,-0.0008374,0.4034574,-0.0230346,0.9147081
1788241065728684032,OK,1,0,13.2449,2.74742,0,808,0,0.383935,0.015761,-0.309682,-0.0008589,0.3979174,-0.0229695,0.9171333
1788241065762017536,OK,1,0,12.794,2.75021,0,799,0,0.389722,0.016948,-0.297391,-0.0007213,0.3926119,-0.0222538,0.9194347
1788241065795352320,OK,1,0,12.6437,1.51058,0,810,0,0.395319,0.016617,-0.285246,-0.0002212,0.3874583,-0.0218295,0.9216287
1788241065828686848,OK,1,0,12.7948,0.3225,0,774,0,0.400939,0.017359,-0.272656,0.0000644,0.3819612,-0.0218499,0.9239200
1788241065862021120,OK,1,0,14.3575,0.842,0,761,0,0.406001,0.018103,-0.261589,0.0002161,0.3766713,-0.0211850,0.9261047
1788241065895355648,OK,1,0,13.1656,0.315792,0,782,0,0.411239,0.017786,-0.247608,0.0000064,0.3714748,-0.0207344,0.9282115
1788241065928690176,OK,1,0,11.9169,1.51896,0,775,0,0.416889,0.018657,-0.235975,0.0000487,0.3656574,-0.0208755,0.9305155
1788241065962024448,OK,1,0,16.2402,0.261375,0,797,0,0.422989,0.020264,-0.221751,0.0003984,0.3598095,-0.0205373,0.9327997
1788241065995358720,OK,1,0,12.6413,1.25737,0,805,0,0.427490,0.021153,-0.209603,0.0003541,0.3543975,-0.0196557,0.9348882
1788241066028692992,OK,1,0,13.374,1.99333,0,1341,0,0.432450,0.020921,-0.198259,0.0004815,0.3490322,-0.0191016,0.9369159
1788241066062026752,OK,1,0,14.6055,2.45746,0,1042,0,0.435059,0.020171,-0.185719,0.0006138,0.3435802,-0.0196169,0.9389182
1788241066095360768,OK,1,0,14.6474,2.73133,0,1008,0,0.439394,0.021293,-0.173696,0.0006534,0.3377845,-0.0192548,0.9410263
1788241066128695040,OK,1,0,14.5373,2.753,0,987,0,0.445395,0.023047,-0.159295,0.0003106,0.3320176,-0.0182225,0.9430971
1788241066162028800,OK,1,0,14.1676,1.79321,0,997,0,0.448621,0.023118,-0.148324,0.0003095,0.3264949,-0.0175453,0.9450361
1788241066195361792,OK,1,0,14.6188,0.312916,0,952,0,0.451126,0.023762,-0.135146,0.0006344,0.3210324,-0.0178377,0.9469000
1788241066228695552,OK,1,0,14.3448,1.3615,0,960,0,0.455125,0.024810,-0.122602,0.0006993,0.3152592,-0.0171864,0.9488497
1788241066262029312,OK,1,0,14.5715,0.285084,0,926,0,0.458455,0.024674,-0.110532,0.0004053,0.3097079,-0.0163442,0.9506912
1788241066295363072,OK,1,0,12.9196,1.51558,0,914,0,0.460519,0.024098,-0.095133,0.0001395,0.3044374,-0.0163307,0.9523923
1788241066328696576,OK,1,0,13.191,0.264584,0,899,0,0.464839,0.025023,-0.079016,0.0000805,0.2985883,-0.0164756,0.9542398
1788241066362030336,OK,1,0,14.3575,2.98604,0,880,0,0.466683,0.026487,-0.067933,-0.0001099,0.2926936,-0.0158526,0.9560749
1788241066395363840,OK,1,0,14.0802,1.88017,0,865,0,0.469998,0.027180,-0.055670,0.0000247,0.2872945,-0.0152952,0.9577202
1788241066428697088,OK,1,0,13.7265,3.17483,0,846,0,0.472824,0.027842,-0.043975,0.0003328,0.2815225,-0.0153102,0.9594324
1788241066462030592,OK,1,0,15.4037,2.04029,0,819,0,0.476305,0.027729,-0.029815,0.0004957,0.2758004,-0.0149569,0.9610985
1788241066495363840,OK,1,0,13.8565,1.24954,0,834,0,0.479416,0.029157,-0.018549,0.0005791,0.2701745,-0.0139628,0.9627100
1788241066528697088,OK,1,0,13.4357,0.651458,0,839,0,0.480384,0.028937,-0.008226,0.0008356,0.2647349,-0.0135021,0.9642264
1788241066562030336,OK,1,0,13.8677,1.93613,0,833,0,0.483185,0.031282,0.006832,0.0013014,0.2593711,-0.0139525,0.9656761
1788241066595363328,OK,1,0,12.824,1.1655,0,842,0,0.479780,0.029280,0.015766,0.0012944,0.2538626,-0.0140097,0.9671380
1788241066628696576,OK,1,0,14.2919,0.286334,0,825,0,0.481486,0.029063,0.029771,0.0013488,0.2482840,-0.0135783,0.9685912
1788241066662028544,OK,1,0,14.3865,1.61604,0,867,0,0.485116,0.029426,0.042902,0.0013353,0.2425990,-0.0129409,0.9700394
1788241066695361280,OK,1,0,15.5457,1.47858,0,1419,0,0.485007,0.029655,0.055866,0.0013242,0.2371230,-0.0131114,0.9713902
1788241066728695040,OK,1,0,16.099,1.88725,0,1242,0,0.486544,0.031263,0.068375,0.0009913,0.2310723,-0.0132301,0.9728462
1788241066762029568,OK,1,0,15.8114,1.82167,0,1195,0,0.486468,0.032160,0.080981,0.0004348,0.2254340,-0.0131787,0.9741693
1788241066795363840,OK,1,0,16.2816,2.22587,0,1165,0,0.487477,0.032958,0.096020,0.0000137,0.2197387,-0.0131666,0.9754699
1788241066828698368,OK,1,0,16.0838,2.48154,0,1145,0,0.486688,0.033183,0.108361,-0.0002887,0.2140234,-0.0130924,0.9767408
1788241066862032384,OK,1,0,15.9578,1.93954,0,1120,0,0.486474,0.033816,0.121545,-0.0002267,0.2082787,-0.0125201,0.9779894
1788241066895366400,OK,1,0,16.5279,0.282583,0,1135,0,0.488590,0.034744,0.135326,0.0002980,0.2027655,-0.0120553,0.9791531
1788241066928700672,OK,1,0,15.8837,0.594917,0,1093,0,0.490250,0.035370,0.148665,0.0006216,0.1972097,-0.0117766,0.9802904
1788241066962034688,OK,1,0,16.4658,0.2565,0,1102,0,0.489552,0.034757,0.160077,0.0004541,0.1917024,-0.0115206,0.9813854
1788241066995368704,OK,1,0,15.954,2.25458,0,1097,0,0.490060,0.036571,0.174412,0.0002437,0.1857777,-0.0112269,0.9825276
1788241067028702720,OK,1,0,17.0924,3.15558,0,1058,0,0.492338,0.037719,0.189483,0.0002128,0.1801021,-0.0109384,0.9835871
1788241067062036736,OK,1,0,18.268,1.87842,0,1101,0,0.492085,0.037820,0.202300,-0.0000334,0.1747210,-0.0102843,0.9845643
1788241067095369472,OK,1,0,15.3841,0.398,0,1067,0,0.491306,0.038412,0.215561,-0.0001806,0.1689199,-0.0099260,0.9855798
1788241067128703232,OK,1,0,17.0746,2.44429,0,1083,0,0.490343,0.040442,0.230668,-0.0002991,0.1630360,-0.0096676,0.9865727
1788241067162036736,OK,1,0,17.059,2.46696,0,1088,0,0.488962,0.040105,0.243804,-0.0005893,0.1571264,-0.0091618,0.9875359
1788241067195370240,OK,1,0,16.6952,4.6735,0,1096,0,0.488488,0.041039,0.258867,-0.0007602,0.1514081,-0.0089550,0.9884305
1788241067228703744,OK,1,0,17.3495,2.58121,0,1120,0,0.487415,0.041608,0.272078,-0.0004402,0.1457169,-0.0089383,0.9892858
1788241067262037248,OK,1,0,17.0083,1.21979,0,1190,0,0.488958,0.041883,0.287797,0.0002811,0.1396049,-0.0084878,0.9901709
1788241067295370752,OK,1,0,16.881,1.88521,0,1157,0,0.489735,0.041531,0.298377,0.0007738,0.1336865,-0.0074527,0.9909953
1788241067328704000,OK,1,0,17.9602,2.25771,0,1165,0,0.487042,0.042241,0.309861,0.0014721,0.1285274,-0.0068700,0.9916811
1788241067362037248,OK,1,0,16.3775,0.268333,0,1153,0,0.485596,0.042298,0.322055,0.0018168,0.1234057,-0.0067217,0.9923319
1788241067395370496,OK,1,0,17.8932,0.25925,0,1182,0,0.484426,0.043871,0.333701,0.0021109,0.1178961,-0.0067459,0.9930008
1788241067428703744,OK,1,0,18.7452,2.39304,0,1197,0,0.481873,0.044798,0.349623,0.0019274,0.1127412,-0.0064903,0.9936013
1788241067462036992,OK,1,0,17.1602,2.68662,0,1186,0,0.479544,0.044515,0.362767,0.0017204,0.1078582,-0.0068580,0.9941412
1788241067495370240,OK,1,0,22.3771,2.313,0,1229,0,0.476873,0.045427,0.376054,0.0014378,0.1031962,-0.0067703,0.9946370
1788241067528702208,OK,1,0,18.2889,1.72329,0,1252,0,0.476930,0.046344,0.389033,0.0012577,0.0992048,-0.0061946,0.9950470
1788241067562034944,OK,1,0,17.2921,1.12254,0,1214,0,0.475570,0.046692,0.401889,0.0013639,0.0957692,-0.0056820,0.9953864
1788241067595367936,OK,1,0,17.9337,0.248375,0,1252,0,0.474226,0.047170,0.414202,0.0018744,0.0921094,-0.0056622,0.9957311
1788241067628700672,OK,1,0,17.5152,2.47708,0,1282,0,0.478001,0.048247,0.429341,0.0018807,0.0880702,-0.0052626,0.9960986
1788241067662033408,OK,1,0,17.3413,1.19671,0,1262,0,0.474244,0.046412,0.438039,0.0017403,0.0849021,-0.0047783,0.9963763
1788241067695366144,OK,1,0,17.8536,2.19287,0,1269,0,0.472285,0.048075,0.449556,0.0018448,0.0813620,-0.0045783,0.9966724
1788241067728699648,OK,1,0,17.582,2.845,0,1235,0,0.471975,0.049103,0.464037,0.0020632,0.0777664,-0.0047250,0.9969583
1788241067762034176,OK,1,0,17.2595,2.59304,0,1249,0,0.470398,0.047610,0.475577,0.0019879,0.0738053,-0.0044535,0.9972607
1788241067795368448,OK,1,0,16.9076,2.54321,0,1274,0,0.470595,0.048436,0.488979,0.0019272,0.0699937,-0.0038165,0.9975383
1788241067828702976,OK,1,0,17.7077,1.82175,0,1241,0,0.472363,0.048951,0.500787,0.0022543,0.0664686,-0.0030727,0.9977812
1788241067862036992,OK,1,0,17.9742,1.51096,0,1232,0,0.472877,0.049906,0.515131,0.0028150,0.0629525,-0.0027966,0.9980087
1788241067895371264,OK,1,0,17.9885,0.800916,0,1259,0,0.469700,0.050019,0.526929,0.0031805,0.0595179,-0.0029800,0.9982178
1788241067928705280,OK,1,0,17.2467,3.31467,0,1245,0,0.468144,0.051083,0.538622,0.0030428,0.0561556,-0.0027181,0.9984137
1788241067962039552,OK,1,0,17.8803,3.23738,0,1259,0,0.467252,0.053169,0.552223,0.0030242,0.0534909,-0.0027675,0.9985600
1788241067995372544,OK,1,0,17.363,3.44958,0,1287,0,0.465031,0.053602,0.566007,0.0030442,0.0507740,-0.0029755,0.9987011
1788241068028706560,OK,1,0,16.6804,0.36925,0,1240,0,0.464167,0.053384,0.578243,0.0027910,0.0475110,-0.0032714,0.9988615
1788241068062040576,OK,1,0,16.8405,0.256083,0,1255,0,0.460761,0.052134,0.590970,0.0022661,0.0445179,-0.0031379,0.9990011
1788241068095374336,OK,1,0,17.8108,0.280667,0,1302,0,0.459000,0.054106,0.603027,0.0023626,0.0420365,-0.0032249,0.9991081
1788241068128708096,OK,1,0,17.6017,3.14621,0,1313,0,0.458736,0.054466,0.615637,0.0027458,0.0394326,-0.0030088,0.9992140
1788241068162041856,OK,1,0,17.296,0.254584,0,1326,0,0.455846,0.053345,0.627278,0.0029500,0.0369202,-0.0027274,0.9993101
1788241068195375616,OK,1,0,17.0941,0.355666,0,1299,0,0.456824,0.057187,0.642689,0.0034144,0.0337297,-0.0028662,0.9994211
1788241068228708864,OK,1,0,17.1719,3.09013,0,1301,0,0.457738,0.059847,0.656725,0.0035135,0.0311127,-0.0030028,0.9995052
1788241068262042368,OK,1,0,17.3667,2.18487,0,1306,0,0.455055,0.059090,0.671070,0.0032777,0.0289427,-0.0029676,0.9995713
1788241068295375872,OK,1,0,17.6739,2.62583,0,1299,0,0.454393,0.059561,0.683260,0.0029516,0.0264756,-0.0024727,0.9996421
1788241068328709376,OK,1,0,18.0769,2.65575,0,1291,0,0.450409,0.057077,0.693512,0.0024063,0.0243895,-0.0022173,0.9996971
1788241068362042624,OK,1,0,18.1673,2.78788,0,1281,0,0.448423,0.058115,0.705372,0.0025808,0.0225156,-0.0022989,0.9997405
1788241068395376128,OK,1,0,16.5154,2.74258,0,1298,0,0.448850,0.060736,0.720467,0.0026039,0.0205177,-0.0015777,0.9997848
1788241068428708352,OK,1,0,17.696,1.33737,0,1291,0,0.450124,0.059305,0.732073,0.0021844,0.0182533,-0.0007606,0.9998307
1788241068462041600,OK,1,0,18.3878,1.44562,0,1279,0,0.449961,0.060515,0.745161,0.0023918,0.0164744,-0.0009428,0.9998610
1788241068495374592,OK,1,0,17.8004,2.15437,0,1286,0,0.446352,0.061829,0.756218,0.0023448,0.0161990,-0.0011228,0.9998655
1788241068528707840,OK,1,0,17.2979,3.60883,0,1280,0,0.446675,0.060861,0.768854,0.0020862,0.0155508,-0.0012999,0.9998761
1788241068562040832,OK,1,0,17.2626,2.27008,0,1303,0,0.446312,0.061943,0.781947,0.0019834,0.0141181,-0.0010989,0.9998978
1788241068595373568,OK,1,0,17.6142,3.07404,0,1299,0,0.446622,0.065348,0.798048,0.0022344,0.0128484,-0.0007846,0.9999146
1788241068628706560,OK,1,0,17.5999,4.20746,0,1307,0,0.445945,0.066399,0.806863,0.0022088,0.0121235,-0.0004576,0.9999240
1788241068662039296,OK,1,0,16.7535,1.28371,0,1312,0,0.443184,0.067812,0.820988,0.0022282,0.0112334,-0.0008307,0.9999341
1788241068695372032,OK,1,0,18.2913,1.45583,0,1333,0,0.442603,0.067601,0.834223,0.0020273,0.0097325,-0.0015605,0.9999494
1788241068728705280,OK,1,0,17.9814,0.972666,0,1334,0,0.439807,0.066183,0.847450,0.0010222,0.0086605,-0.0017694,0.9999604
1788241068762039552,OK,1,0,17.8565,2.57083,0,1309,0,0.438157,0.067310,0.861090,0.0004392,0.0082035,-0.0020490,0.9999642
1788241068795373568,OK,1,0,17.002,1.96158,0,1330,0,0.438909,0.068268,0.875736,0.0002237,0.0073078,-0.0022036,0.9999709
1788241068828707840,OK,1,0,17.1095,2.31679,0,1315,0,0.439748,0.070374,0.891157,0.0000323,0.0061883,-0.0021305,0.9999786
1788241068862040832,OK,1,0,18.1381,1.09583,0,1321,0,0.438583,0.071097,0.902045,-0.0000975,0.0054647,-0.0021437,0.9999828
1788241068895374592,OK,1,0,17.4386,1.67571,0,1335,0,0.438125,0.072601,0.916278,-0.0002281,0.0044774,-0.0018269,0.9999883
1788241068928708608,OK,1,0,17.4226,2.1825,0,1293,0,0.438263,0.073066,0.927694,-0.0002529,0.0039814,-0.0014783,0.9999909
1788241068962042112,OK,1,0,17.3278,3.15496,0,1327,0,0.439167,0.074108,0.941258,0.0000872,0.0037365,-0.0014734,0.9999920
1788241068995375872,OK,1,0,17.5285,3.04792,0,1322,0,0.438877,0.074023,0.953278,0.0001545,0.0030798,-0.0010764,0.9999947
1788241069028709376,OK,1,0,16.918,1.98421,0,1323,0,0.440531,0.073320,0.967041,0.0000943,0.0027847,-0.0011119,0.9999955
1788241069062043136,OK,1,0,18.5195,2.268,0,1320,0,0.440677,0.075229,0.980465,0.0001851,0.0024735,-0.0013535,0.9999960
1788241069095376640,OK,1,0,17.8101,2.59054,0,1331,0,0.438990,0.075570,0.993104,-0.0001113,0.0021858,-0.0012737,0.9999968
1788241069128710144,OK,1,0,17.3789,2.27042,0,1293,0,0.440963,0.075380,1.007070,-0.0001734,0.0022554,-0.0011884,0.9999968
1788241069162043392,OK,1,0,16.9517,0.257875,0,1329,0,0.442020,0.077335,1.020031,-0.0003275,0.0022119,-0.0009070,0.9999971
1788241069195376640,OK,1,0,16.848,2.82829,0,1302,0,0.440986,0.076783,1.032079,-0.0008651,0.0021835,-0.0006003,0.9999971
1788241069228709888,OK,1,0,17.7885,2.42787,0,1305,0,0.440818,0.076145,1.044494,-0.0013751,0.0021422,-0.0003839,0.9999967
1788241069262043136,OK,1,0,17.8662,2.31667,0,1327,0,0.440609,0.077689,1.058582,-0.0015350,0.0020085,-0.0004485,0.9999967
1788241069295376384,OK,1,0,16.9312,1.6985,0,1337,0,0.439814,0.079061,1.070438,-0.0013232,0.0022691,-0.0004958,0.9999965
1788241069328708608,OK,1,0,16.9827,2.63192,0,1332,0,0.439772,0.079083,1.082569,-0.0013670,0.0025124,-0.0006759,0.9999957
1788241069362041600,OK,1,0,17.3226,2.58775,0,1299,0,0.440472,0.078914,1.098414,-0.0017507,0.0021922,-0.0008499,0.9999957
1788241069395374592,OK,1,0,16.5364,1.69013,0,1356,0,0.437766,0.079856,1.110746,-0.0018182,0.0020378,-0.0013430,0.9999954
1788241069428707328,OK,1,0,17.398,2.17721,0,1378,0,0.438896,0.078894,1.124478,-0.0022277,0.0015533,-0.0014796,0.9999952
1788241069462040064,OK,1,0,16.8414,2.33442,0,1375,0,0.438047,0.080797,1.137205,-0.0022527,0.0012952,-0.0014430,0.9999956
1788241069495372800,OK,1,0,16.906,2.21696,0,1356,0,0.438683,0.082505,1.150980,-0.0017588,0.0014228,-0.0013504,0.9999965
1788241069528705536,OK,1,0,16.5059,0.252541,0,1381,0,0.441013,0.083708,1.164856,-0.0014165,0.0015411,-0.0010354,0.9999973
1788241069562038016,OK,1,0,17.4092,2.75042,0,1361,0,0.442720,0.083871,1.176391,-0.0014633,0.0013859,-0.0003575,0.9999979
1788241069595370496,OK,1,0,16.7749,0.55675,0,1340,0,0.442671,0.084081,1.189315,-0.0016636,0.0011948,-0.0000820,0.9999979
1788241069628703232,OK,1,0,16.8449,1.71279,0,1346,0,0.441865,0.086482,1.202175,-0.0018552,0.0008936,-0.0001952,0.9999979
1788241069662035712,OK,1,0,16.676,1.18083,0,1357,0,0.440500,0.087022,1.215239,-0.0018065,0.0008816,-0.0001500,0.9999980
1788241069695367936,OK,1,0,17.3849,3.14046,0,1344,0,0.440912,0.085903,1.228469,-0.0017417,0.0011830,-0.0003339,0.9999977
1788241069728701440,OK,1,0,17.1369,3.47521,0,1339,0,0.440836,0.086942,1.241139,-0.0019084,0.0010960,-0.0004340,0.9999975
1788241069762035200,OK,1,0,15.9757,2.35221,0,1320,0,0.440482,0.087450,1.254219,-0.0022211,0.0010375,-0.0003110,0.9999970
1788241069795369984,OK,1,0,15.9976,1.02779,0,1351,0,0.441619,0.089022,1.267134,-0.0022525,0.0008538,-0.0003826,0.9999970
1788241069828704512,OK,1,0,15.9459,2.59954,0,1345,0,0.443072,0.088245,1.282295,-0.0021126,0.0006826,-0.0000538,0.9999976
1788241069862039296,OK,1,0,16.3879,1.74638,0,1345,0,0.444955,0.087270,1.292938,-0.0012975,0.0010115,0.0002241,0.9999986
1788241069895374080,OK,1,0,16.1563,1.37796,0,1361,0,0.446197,0.088591,1.305307,-0.0005386,0.0011831,0.0002271,0.9999992
1788241069928708608,OK,1,0,17.2235,2.72108,0,1356,0,0.445363,0.088685,1.316774,0.0001588,0.0011472,0.0002403,0.9999993
1788241069962042880,OK,1,0,15.6741,0.414375,0,1344,0,0.445986,0.090180,1.327516,0.0005619,0.0007715,-0.0000205,0.9999996
1788241069995377152,OK,1,0,16.8679,2.68942,0,1501,0,0.442874,0.088386,1.340804,0.0004528,0.0005752,-0.0005136,0.9999996
1788241070028711680,OK,1,0,17.4425,2.56529,0,1468,0,0.441357,0.088987,1.353021,0.0005088,0.0006602,-0.0007809,0.9999993
1788241070062045952,OK,1,0,19.225,2.50608,0,1907,0,0.441006,0.087844,1.364784,0.0002828,0.0011588,-0.0006404,0.9999991
1788241070095380224,OK,1,0,18.3676,1.28179,0,1685,0,0.442985,0.090025,1.380264,0.0000506,0.0010390,-0.0004026,0.9999994
1788241070128714240,OK,1,0,17.6536,0.254292,0,1625,0,0.445890,0.090446,1.394713,0.0000808,0.0003977,-0.0002789,0.9999999
1788241070162048256,OK,1,0,16.407,1.69,0,1613,0,0.445647,0.091723,1.407141,0.0002324,0.0002191,-0.0001176,0.9999999
1788241070195381504,OK,1,0,18.3781,1.63546,0,1627,0,0.443006,0.091695,1.417946,0.0001885,0.0003858,-0.0003889,0.9999999
1788241070228715520,OK,1,0,18.4855,1.26967,0,1563,0,0.443546,0.091528,1.429855,0.0002653,0.0006050,-0.0004413,0.9999997
1788241070262049536,OK,1,0,19.2817,2.66946,0,1552,0,0.442972,0.093422,1.440341,0.0008506,0.0009525,-0.0007896,0.9999989
1788241070295383296,OK,1,0,18.8863,1.9855,0,1528,0,0.442862,0.092857,1.451761,0.0011223,0.0007813,-0.0008308,0.9999987
1788241070328717056,OK,1,0,19.2759,2.37229,0,1491,0,0.444262,0.093839,1.463080,0.0016395,0.0004418,-0.0007075,0.9999983
1788241070362051072,OK,1,0,20.0168,0.261208,0,1526,0,0.441386,0.093901,1.472713,0.0016531,0.0005189,-0.0008874,0.9999981
1788241070395384576,OK,1,0,17.9444,1.3225,0,1492,0,0.440522,0.092736,1.481119,0.0014243,0.0004594,-0.0010050,0.9999984
1788241070428718336,OK,1,0,19.7023,3.08363,0,1482,0,0.441321,0.093259,1.491320,0.0017818,0.0010775,-0.0009490,0.9999974
1788241070462051840,OK,1,0,20.3413,2.99396,0,1574,0,0.443952,0.094498,1.504028,0.0027162,0.0010939,-0.0009567,0.9999953
1788241070495385600,OK,1,0,18.7806,0.253958,0,1557,0,0.442267,0.094320,1.515263,0.0030234,0.0009422,-0.0011009,0.9999944
1788241070528718848,OK,1,0,18.3882,1.8705,0,1540,0,0.442792,0.095596,1.527262,0.0024667,0.0006630,-0.0011064,0.9999961
1788241070562052352,OK,1,0,20.5526,3.11942,0,1563,0,0.444645,0.096891,1.540324,0.0015625,0.0007016,-0.0013051,0.9999977
1788241070595385600,OK,1,0,18.4723,1.40854,0,1555,0,0.444269,0.099897,1.550298,0.0010675,0.0005281,-0.0014915,0.9999982
1788241070628719104,OK,1,0,19.4103,2.61017,0,1526,0,0.443829,0.100276,1.557047,0.0015614,0.0004839,-0.0015978,0.9999974
1788241070662051328,OK,1,0,19.066,2.65658,0,1905,0,0.442907,0.098292,1.562008,0.0026192,0.0007056,-0.0017075,0.9999949
1788241070695384320,OK,1,0,19.1163,3.06383,0,1697,0,0.444275,0.099057,1.568094,0.0034315,0.0008079,-0.0016387,0.9999924
1788241070728718080,OK,1,0,18.492,3.04917,0,1656,0,0.443771,0.097410,1.572668,0.0029495,0.0008880,-0.0015645,0.9999940
1788241070762052608,OK,1,0,16.6865,0.2845,0,1652,0,0.442920,0.097695,1.579081,0.0023381,0.0008266,-0.0015626,0.9999957
1788241070795386624,OK,1,0,18.4967,0.27875,0,1644,0,0.443794,0.098287,1.583939,0.0025058,0.0006951,-0.0015849,0.9999954
1788241070828720896,OK,1,0,18.8533,1.65613,0,1616,0,0.443634,0.098976,1.587023,0.0032669,0.0009067,-0.0017587,0.9999927
1788241070862054912,OK,1,0,19.1961,0.4555,0,1597,0,0.443807,0.098624,1.591748,0.0034839,0.0007799,-0.0016865,0.9999923
1788241070895389184,OK,1,0,18.3163,2.1025,0,1617,0,0.444839,0.098872,1.596999,0.0022279,0.0002335,-0.0015458,0.9999963
1788241070928723200,OK,1,0,20.2051,2.35642,0,1595,0,0.444630,0.099397,1.598661,0.0014443,0.0003361,-0.0015039,0.9999978
1788241070962057216,OK,1,0,16.7477,0.582875,0,1574,0,0.444367,0.097175,1.594890,0.0021552,0.0005830,-0.0013935,0.9999965
1788241070995390976,OK,1,0,18.2883,2.13354,0,1562,0,0.447305,0.098967,1.594927,0.0035864,0.0004004,-0.0014755,0.9999924
1788241071028724736,OK,1,0,18.6159,2.51208,0,1566,0,0.445869,0.099700,1.592027,0.0039285,0.0005395,-0.0015986,0.9999909
1788241071062058496,OK,1,0,19.8761,1.85146,0,1581,0,0.444804,0.100056,1.591567,0.0033416,0.0006103,-0.0016324,0.9999929
1788241071095391232,OK,1,0,18.7787,2.45142,0,1580,0,0.443152,0.098608,1.587761,0.0035551,0.0008395,-0.0017056,0.9999919
1788241071128724736,OK,1,0,19.9915,2.46025,0,1556,0,0.443211,0.098498,1.587188,0.0038806,0.0007738,-0.0016670,0.9999908
1788241071162058496,OK,1,0,18.9897,1.15908,0,1581,0,0.441247,0.098115,1.586054,0.0036467,0.0010013,-0.0017627,0.9999913
1788241071195392000,OK,1,0,17.6318,1.47975,0,1560,0,0.443738,0.099600,1.589287,0.0035364,0.0007784,-0.0016411,0.9999921
1788241071228725248,OK,1,0,18.3781,0.290583,0,1571,0,0.444205,0.099639,1.590474,0.0034340,0.0007214,-0.0017213,0.9999924
1788241071262058752,OK,1,0,19.3254,1.41533,0,1566,0,0.444212,0.097437,1.589231,0.0032697,0.0007328,-0.0016603,0.9999930
1788241071295392000,OK,1,0,21.0994,0.259667,0,1552,0,0.443563,0.098597,1.589723,0.0033890,0.0008005,-0.0017030,0.9999925
1788241071328725248,OK,1,0,18.6702,1.37367,0,1558,0,0.443259,0.097906,1.588707,0.0033700,0.0008698,-0.0017146,0.9999925
1788241071362058496,OK,1,0,19.7369,1.61938,0,1554,0,0.444406,0.098460,1.589937,0.0033655,0.0007246,-0.0016793,0.9999927
1788241071395391744,OK,1,0,18.0912,1.41975,0,1555,0,0.445561,0.099274,1.591537,0.0034163,0.0006483,-0.0016919,0.9999925
1788241071428724736,OK,1,0,18.1996,0.318666,0,1565,0,0.443373,0.098012,1.589689,0.0033500,0.0008704,-0.0017366,0.9999925
1788241071462057984,OK,1,0,20.5116,0.351042,0,1684,0,0.443982,0.098591,1.589258,0.0033946,0.0008091,-0.0016555,0.9999925
1788241071495390976,OK,1,0,17.9737,1.19258,0,1644,0,0.443036,0.097909,1.587952,0.0033816,0.0008082,-0.0016631,0.9999926
1788241071528722688,OK,1,0,21.6656,2.62971,0,1627,0,0.444773,0.099210,1.589102,0.0036452,0.0006920,-0.0016477,0.9999918
1788241071562055680,OK,1,0,23.8852,2.26213,0,1663,0,0.444508,0.098329,1.589163,0.0035100,0.0007441,-0.0016834,0.9999922
1788241071595388416,OK,1,0,19.6773,2.6685,0,1674,0,0.444298,0.098872,1.589825,0.0033560,0.0007124,-0.0017466,0.9999926
1788241071628721152,OK,1,0,21.6163,2.60646,0,1650,0,0.445048,0.099797,1.590902,0.0034755,0.0006625,-0.0017487,0.9999923
1788241071662053632,OK,1,0,20.2225,2.04121,0,2119,0,0.444468,0.098673,1.589630,0.0034025,0.0007749,-0.0016884,0.9999925
1788241071695386112,OK,1,0,20.59,1.62213,0,1868,0,0.445102,0.099614,1.590881,0.0034637,0.0006928,-0.0016914,0.9999924
1788241071728719616,OK,1,0,20.0127,1.60088,0,1813,0,0.443984,0.098384,1.590282,0.0033682,0.0008134,-0.0017170,0.9999925
1788241071762054144,OK,1,0,19.3426,1.02563,0,1791,0,0.445298,0.097925,1.591154,0.0032767,0.0006571,-0.0016297,0.9999931
1788241071795388416,OK,1,0,19.0218,2.68746,0,1772,0,0.445086,0.098196,1.590948,0.0033172,0.0006777,-0.0016945,0.9999928
1788241071828722688,OK,1,0,18.5655,1.20788,0,1732,0,0.444147,0.097689,1.589219,0.0028665,0.0006997,-0.0016464,0.9999943
1788241071862056960,OK,1,0,19.7695,2.26983,0,1684,0,0.444410,0.098411,1.588669,0.0023040,0.0006624,-0.0016665,0.9999958
1788241071895391232,OK,1,0,19.9028,2.48954,0,1687,0,0.444226,0.100777,1.586550,0.0021606,0.0007523,-0.0017916,0.9999958
1788241071928724992,OK,1,0,18.4683,1.16471,0,1691,0,0.444958,0.098879,1.583617,0.0018574,0.0005891,-0.0018192,0.9999965
1788241071962059008,OK,1,0,19.4975,0.283875,0,1688,0,0.443106,0.098263,1.575431,0.0021206,0.0008174,-0.0019680,0.9999955
1788241071995392000,OK,1,0,20.3013,1.51246,0,1652,0,0.444239,0.098079,1.571197,0.0026249,0.0008105,-0.0017451,0.9999947
1788241072028726016,OK,1,0,18.3332,1.65263,0,1639,0,0.445147,0.098185,1.564073,0.0032763,0.0007311,-0.0016972,0.9999930
1788241072062059776,OK,1,0,19.7322,1.12129,0,1649,0,0.442747,0.096978,1.556197,0.0031489,0.0008129,-0.0017118,0.9999933
1788241072095393536,OK,1,0,18.5316,2.72288,0,1602,0,0.443428,0.096610,1.551820,0.0024988,0.0005410,-0.0016177,0.9999954
1788241072128727296,OK,1,0,20.2189,1.32671,0,1626,0,0.443947,0.098344,1.547805,0.0026766,0.0004659,-0.0015955,0.9999951
1788241072162060800,OK,1,0,19.3852,2.30912,0,1640,0,0.444161,0.097447,1.542447,0.0030236,0.0005666,-0.0015989,0.9999940
1788241072195394560,OK,1,0,20.3352,2.27496,0,1612,0,0.444031,0.097248,1.537689,0.0028137,0.0009526,-0.0013772,0.9999946
1788241072228728064,OK,1,0,19.5651,0.289084,0,1594,0,0.445578,0.097126,1.532993,0.0022766,0.0009291,-0.0010866,0.9999964
1788241072262061568,OK,1,0,18.7628,1.56783,0,1589,0,0.444469,0.096199,1.527446,0.0020025,0.0009595,-0.0008059,0.9999973
1788241072295394816,OK,1,0,19.3666,2.17321,0,1600,0,0.445744,0.096444,1.521607,0.0023054,0.0009195,-0.0007557,0.9999967
1788241072328728064,OK,1,0,18.3583,3.45633,0,1593,0,0.446292,0.096273,1.516848,0.0021883,0.0009452,-0.0006984,0.9999969
1788241072362061312,OK,1,0,19.6696,1.25354,0,1600,0,0.444831,0.095572,1.509071,0.0015979,0.0009721,-0.0008936,0.9999979
1788241072395394560,OK,1,0,20.3746,2.77712,0,1593,0,0.444091,0.096450,1.504661,0.0013841,0.0008029,-0.0011024,0.9999981
1788241072428726784,OK,1,0,17.492,1.135,0,1581,0,0.443068,0.095615,1.497106,0.0013492,0.0009390,-0.0010912,0.9999980
1788241072462059776,OK,1,0,22.0862,2.76667,0,1690,0,0.443916,0.094172,1.491445,0.0010303,0.0009799,-0.0010925,0.9999984
1788241072495392768,OK,1,0,19.138,1.93929,0,1654,0,0.444764,0.093696,1.484066,0.0007975,0.0007720,-0.0009823,0.9999989
1788241072528725760,OK,1,0,17.9646,2.52579,0,1625,0,0.445475,0.093943,1.475889,0.0012427,0.0005240,-0.0008679,0.9999987
1788241072562058496,OK,1,0,33.5448,3.10237,0,1629,0,0.446435,0.093770,1.469264,0.0016315,0.0006733,-0.0008009,0.9999982
1788241072595391232,OK,1,0,20.639,0.292375,0,1623,0,0.445867,0.092062,1.460926,0.0016858,0.0009147,-0.0007103,0.9999979
1788241072628724224,OK,1,0,18.9479,1.70446,0,1613,0,0.446942,0.093468,1.453137,0.0019742,0.0009475,-0.0004607,0.9999975
1788241072662056960,OK,1,0,17.7129,0.686584,0,1622,0,0.446436,0.093905,1.444793,0.0018452,0.0010357,-0.0003386,0.9999977
1788241072695389696,OK,1,0,18.7494,2.45746,0,1693,0,0.445379,0.092931,1.438355,0.0010907,0.0011706,-0.0004160,0.9999986
1788241072728722944,OK,1,0,17.8195,1.45008,0,1676,0,0.444754,0.093641,1.431792,0.0008033,0.0011573,-0.0006497,0.9999988
1788241072762057472,OK,1,0,19.0768,1.34462,0,1671,0,0.446195,0.092543,1.426224,0.0007710,0.0008741,-0.0006090,0.9999992
1788241072795391744,OK,1,0,18.2847,0.932,0,1640,0,0.445944,0.092389,1.420328,0.0004763,0.0004222,-0.0006604,0.9999996
1788241072828726016,OK,1,0,18.6638,3.33442,0,1592,0,0.445585,0.090804,1.412771,-0.0003061,0.0003795,-0.0005437,0.9999998
1788241072862059264,OK,1,0,18.0732,1.83517,0,1626,0,0.444765,0.090702,1.405510,-0.0001237,0.0007460,-0.0006199,0.9999995
1788241072895393536,OK,1,0,20.2911,0.295375,0,1624,0,0.445824,0.091376,1.398699,0.0001917,0.0007855,-0.0004991,0.9999996
1788241072928727552,OK,1,0,19.8594,1.90921,0,1605,0,0.447099,0.092258,1.390770,0.0002089,0.0006665,-0.0001829,0.9999998
1788241072962061568,OK,1,0,18.8935,2.55292,0,1587,0,0.448339,0.092429,1.384117,0.0001425,0.0007198,-0.0000301,0.9999998
1788241072995395584,OK,1,0,19.8217,0.286875,0,1558,0,0.447004,0.091682,1.375392,0.0000284,0.0010048,-0.0000958,0.9999995
1788241073028729600,OK,1,0,18.2119,0.278042,0,1578,0,0.445478,0.090677,1.366813,0.0002262,0.0012359,-0.0002455,0.9999992
1788241073062063360,OK,1,0,19.5913,1.25129,0,1554,0,0.445540,0.090164,1.358396,0.0005596,0.0009262,-0.0003592,0.9999994
1788241073095397120,OK,1,0,19.4521,2.34442,0,1543,0,0.443147,0.089532,1.350218,0.0002495,0.0006084,-0.0005462,0.9999996
1788241073128730880,OK,1,0,18.8347,2.98604,0,1567,0,0.444810,0.090445,1.344995,-0.0001871,0.0004291,-0.0005458,0.9999998
1788241073162064640,OK,1,0,20.1821,3.08379,0,1536,0,0.446710,0.090695,1.338043,-0.0002343,0.0004615,-0.0005188,0.9999998
1788241073195398144,OK,1,0,19.4709,1.177,0,1567,0,0.444613,0.090159,1.330253,-0.0001525,0.0007174,-0.0003618,0.9999996
1788241073228731648,OK,1,0,18.9612,2.52542,0,1549,0,0.443707,0.089715,1.321873,-0.0004550,0.0009419,0.0000442,0.9999995
1788241073262065152,OK,1,0,16.5351,1.53279,0,1561,0,0.447846,0.088783,1.315945,-0.0005800,0.0007295,0.0004480,0.9999995
1788241073295398656,OK,1,0,21.7311,1.54892,0,1549,0,0.446027,0.089349,1.306270,-0.0005290,0.0008934,0.0005604,0.9999993
1788241073328730880,OK,1,0,18.8536,1.47808,0,1509,0,0.445280,0.087128,1.297764,-0.0009470,0.0008287,0.0003685,0.9999992
1788241073362064128,OK,1,0,19.7212,1.85296,0,1547,0,0.446658,0.086872,1.292292,-0.0010921,0.0006170,0.0002700,0.9999992
1788241073395397376,OK,1,0,17.7205,2.22067,0,1515,0,0.444648,0.087582,1.284181,-0.0012748,0.0006191,0.0000543,0.9999990
1788241073428730624,OK,1,0,20.4537,0.441959,0,1530,0,0.442734,0.087927,1.277309,-0.0018993,0.0004884,-0.0000762,0.9999981
1788241073462063616,OK,1,0,18.8723,1.93162,0,1689,0,0.441938,0.086486,1.270269,-0.0026655,0.0002734,-0.0001709,0.9999964
1788241073495396864,OK,1,0,19.8515,2.989,0,1620,0,0.442702,0.087112,1.264346,-0.0026769,0.0002566,-0.0003079,0.9999964
1788241073528729856,OK,1,0,18.506,2.79383,0,1608,0,0.440971,0.084901,1.254367,-0.0029727,0.0006000,-0.0001668,0.9999954
1788241073562062848,OK,1,0,23.0687,2.61608,0,1624,0,0.442245,0.084589,1.247211,-0.0031451,0.0006126,0.0001657,0.9999949
1788241073595395840,OK,1,0,18.2546,0.446791,0,1618,0,0.442026,0.085450,1.239207,-0.0030197,0.0005568,0.0003223,0.9999952
1788241073628728576,OK,1,0,18.9052,0.291167,0,1881,0,0.440417,0.083985,1.229298,-0.0026683,0.0005188,0.0001181,0.9999963
1788241073662061312,OK,1,0,19.9144,2.58812,0,1722,0,0.442493,0.083327,1.222852,-0.0022890,0.0001816,-0.0000500,0.9999974
1788241073695393792,OK,1,0,20.008,2.56996,0,1681,0,0.441455,0.084727,1.213603,-0.0018019,0.0003653,-0.0003599,0.9999983
1788241073728727296,OK,1,0,17.597,0.27425,0,1652,0,0.440260,0.083912,1.204980,-0.0019940,0.0004155,-0.0004920,0.9999978
1788241073762061056,OK,1,0,18.9757,2.40517,0,1640,0,0.440081,0.083560,1.198554,-0.0022818,0.0002347,-0.0005375,0.9999973
1788241073795395584,OK,1,0,19.1679,2.55775,0,1661,0,0.441280,0.083385,1.189603,-0.0018385,-0.0000177,-0.0002772,0.9999983
1788241073828729856,OK,1,0,19.4284,2.78417,0,1628,0,0.441196,0.083661,1.179644,-0.0016221,0.0002483,-0.0002719,0.9999986
1788241073862064384,OK,1,0,20.1401,3.03929,0,1633,0,0.440499,0.081449,1.171421,-0.0021204,0.0005151,-0.0001946,0.9999976
1788241073895398912,OK,1,0,20.5738,1.89071,0,1623,0,0.438348,0.079908,1.160974,-0.0024420,0.0003741,-0.0003355,0.9999969
1788241073928733184,OK,1,0,18.8991,1.63721,0,1600,0,0.438819,0.080970,1.155493,-0.0021316,-0.0000821,-0.0008471,0.9999974
1788241073962067456,OK,1,0,19.0378,2.10771,0,1589,0,0.439307,0.081582,1.146835,-0.0018583,0.0000122,-0.0011382,0.9999976
1788241073995401728,OK,1,0,19.5787,1.13987,0,1581,0,0.439236,0.081552,1.138672,-0.0022243,0.0000532,-0.0014494,0.9999965
1788241074028735744,OK,1,0,22.2473,1.26725,0,1552,0,0.436627,0.080250,1.128390,-0.0024753,-0.0001761,-0.0014781,0.9999958
1788241074062069760,OK,1,0,18.0395,1.09967,0,1541,0,0.438420,0.078568,1.121547,-0.0022925,-0.0004780,-0.0012136,0.9999965
1788241074095403776,OK,1,0,17.9587,0.289167,0,1573,0,0.440294,0.079753,1.113402,-0.0018169,-0.0000573,-0.0011156,0.9999977
1788241074128737792,OK,1,0,21.4608,2.17579,0,1583,0,0.439519,0.079956,1.103204,-0.0020227,0.0004560,-0.0006117,0.9999977
1788241074162071808,OK,1,0,19.0273,1.72487,0,1566,0,0.440359,0.079099,1.095669,-0.0024411,0.0001933,-0.0002909,0.9999970
1788241074195404544,OK,1,0,21.7722,1.48967,0,1503,0,0.440773,0.078891,1.087357,-0.0019880,0.0001189,-0.0004252,0.9999980
1788241074228738304,OK,1,0,19.6335,3.06333,0,1516,0,0.439656,0.076804,1.075538,-0.0017288,0.0002435,-0.0004190,0.9999984
1788241074262072064,OK,1,0,17.4114,0.281834,0,1503,0,0.440159,0.076553,1.066707,-0.0018505,0.0001601,-0.0004678,0.9999982
1788241074295405824,OK,1,0,19.1837,1.34533,0,1515,0,0.442398,0.077899,1.060254,-0.0019062,-0.0003697,-0.0004711,0.9999980
1788241074328739328,OK,1,0,17.6001,2.36525,0,1504,0,0.441597,0.077737,1.049246,-0.0013615,-0.0005278,-0.0005693,0.9999987
1788241074362072832,OK,1,0,20.2289,1.06333,0,1498,0,0.439632,0.076141,1.037794,-0.0008449,-0.0002156,-0.0004921,0.9999995
1788241074395406336,OK,1,0,20.1571,2.36163,0,1516,0,0.440541,0.076340,1.029544,-0.0007417,0.0000968,-0.0002789,0.9999997
1788241074428739584,OK,1,0,19.1718,1.36013,0,1470,0,0.442162,0.076607,1.022036,-0.0011014,0.0000064,-0.0002627,0.9999993
1788241074462073088,OK,1,0,18.311,2.61137,0,1712,0,0.440123,0.075506,1.013104,-0.0008476,-0.0001106,-0.0005642,0.9999995
1788241074495406336,OK,1,0,20.7,2.10592,0,1652,0,0.439709,0.075435,1.004108,-0.0004113,-0.0002264,-0.0008033,0.9999996
1788241074528739584,OK,1,0,20.3921,1.84675,0,1618,0,0.441319,0.074723,0.996009,-0.0005821,-0.0002083,-0.0010097,0.9999993
1788241074562072576,OK,1,0,23.6008,1.74913,0,1617,0,0.437092,0.073946,0.983549,-0.0006717,-0.0001142,-0.0012215,0.9999990
1788241074595405568,OK,1,0,21.4365,2.71229,0,1637,0,0.436198,0.073197,0.972912,-0.0002611,-0.0003865,-0.0012753,0.9999991
1788241074628738816,OK,1,0,18.994,1.59546,0,1657,0,0.438854,0.072204,0.966069,0.0000706,-0.0003528,-0.0010050,0.9999995
1788241074662070528,OK,1,0,20.0176,1.32346,0,2013,0,0.438449,0.071029,0.957307,-0.0001021,0.0001940,-0.0008198,0.9999996
1788241074695403520,OK,1,0,19.5109,1.32396,0,1767,0,0.437905,0.070703,0.946855,-0.0006383,0.0002965,-0.0005394,0.9999996
1788241074728739584,OK,1,0,18.9513,2.39962,0,1707,0,0.438198,0.071919,0.939118,-0.0005278,-0.0000405,-0.0007796,0.9999996
1788241074762080000,OK,1,0,19.6367,2.38304,0,1690,0,0.437691,0.071694,0.929882,-0.0003738,-0.0001069,-0.0011163,0.9999993
1788241074795420416,OK,1,0,19.6369,0.300667,0,1666,0,0.436991,0.071537,0.921712,-0.0008042,0.0000036,-0.0014809,0.9999986
1788241074828761088,OK,1,0,17.9902,2.43192,0,1687,0,0.434516,0.068994,0.910153,-0.0009319,-0.0001250,-0.0017526,0.9999980
1788241074862101248,OK,1,0,19.9653,0.406125,0,1618,0,0.433424,0.068606,0.900491,-0.0001159,-0.0000872,-0.0018181,0.9999983
1788241074895441920,OK,1,0,19.7259,1.61237,0,1593,0,0.433845,0.068049,0.890872,-0.0000275,0.0002617,-0.0017748,0.9999984
1788241074928782592,OK,1,0,19.5999,0.264,0,1602,0,0.436967,0.068340,0.882637,-0.0002403,0.0004022,-0.0012403,0.9999991
1788241074962123008,OK,1,0,19.4738,3.25883,0,1604,0,0.434938,0.068218,0.870695,-0.0001388,0.0006193,-0.0011372,0.9999992
1788241074995463680,OK,1,0,20.1378,2.44137,0,1542,0,0.434593,0.065283,0.860115,0.0002773,0.0005302,-0.0010133,0.9999993
1788241075028804096,OK,1,0,17.7133,2.68187,0,1578,0,0.435138,0.065107,0.850390,0.0005344,0.0004501,-0.0009911,0.9999993
1788241075062144768,OK,1,0,20.2935,0.266042,0,1607,0,0.434206,0.065995,0.840930,0.0007552,0.0004909,-0.0011861,0.9999989
1788241075095484416,OK,1,0,19.5159,2.35417,0,1572,0,0.434210,0.064764,0.831998,0.0013228,0.0003369,-0.0010207,0.9999986
1788241075128824832,OK,1,0,20.2185,2.03608,0,1566,0,0.434316,0.063668,0.821151,0.0014516,0.0004144,-0.0006645,0.9999986
1788241075162165504,OK,1,0,20.7303,3.06813,0,1558,0,0.435878,0.063063,0.810256,0.0013310,0.0007502,-0.0000480,0.9999989
1788241075195506432,OK,1,0,19.9952,2.86721,0,1520,0,0.439154,0.063443,0.801939,0.0013812,0.0006010,0.0004381,0.9999988
1788241075228846848,OK,1,0,19.393,2.94883,0,1522,0,0.437104,0.063056,0.791953,0.0017061,0.0005723,0.0003089,0.9999984
1788241075262187776,OK,1,0,20.9928,0.277833,0,1552,0,0.432825,0.061132,0.778016,0.0018532,0.0006314,-0.0000605,0.9999981
1788241075295528448,OK,1,0,17.9886,2.33246,0,1520,0,0.432016,0.061322,0.769906,0.0018942,0.0007653,-0.0004378,0.9999979
1788241075328869120,OK,1,0,22.1384,0.337875,0,1534,0,0.431074,0.059599,0.759295,0.0018024,0.0005767,-0.0006194,0.9999980
1788241075362210048,OK,1,0,18.7724,2.32246,0,1511,0,0.435175,0.059764,0.752349,0.0021070,0.0000415,-0.0003677,0.9999977
1788241075395550720,OK,1,0,19.6133,1.04579,0,1539,0,0.434618,0.057522,0.743086,0.0017657,0.0005000,0.0000454,0.9999983
1788241075428891392,OK,1,0,19.0769,2.36179,0,1487,0,0.436260,0.057598,0.733452,0.0015541,0.0006549,0.0004110,0.9999985
1788241075462232064,OK,1,0,18.8215,1.37738,0,1760,0,0.438124,0.059402,0.727219,0.0017482,0.0001902,0.0002670,0.9999985
1788241075495572992,OK,1,0,21.485,1.00779,0,1678,0,0.437086,0.059184,0.717399,0.0019925,-0.0000920,-0.0002184,0.9999980
1788241075528912896,OK,1,0,24.4413,1.89467,0,1708,0,0.434857,0.059119,0.705465,0.0022148,0.0003341,-0.0004988,0.9999974
1788241075562253824,OK,1,0,20.2257,2.54825,0,1611,0,0.434493,0.057118,0.695638,0.0023669,0.0002270,-0.0007640,0.9999969
1788241075595594752,OK,1,0,20.4931,2.43358,0,1619,0,0.431677,0.054382,0.683257,0.0028174,0.0001010,-0.0006283,0.9999958
1788241075628935424,OK,1,0,21.3118,2.426,0,1846,0,0.433632,0.054177,0.673573,0.0027942,0.0002294,-0.0000633,0.9999961
1788241075662276608,OK,1,0,22.009,3.598,0,1711,0,0.437037,0.054433,0.664902,0.0028797,0.0004383,0.0003683,0.9999957
1788241075695617536,OK,1,0,20.9637,2.25542,0,1723,0,0.438109,0.054999,0.656456,0.0029605,0.0001442,0.0002957,0.9999956
1788241075728957440,OK,1,0,18.7231,2.25542,0,1662,0,0.434886,0.053666,0.646110,0.0028423,-0.0001654,-0.0003267,0.9999959
1788241075762296576,OK,1,0,20.6943,0.312625,0,1674,0,0.434467,0.053563,0.637627,0.0027686,-0.0000869,-0.0008808,0.9999958
1788241075795635712,OK,1,0,20.0219,0.376167,0,1610,0,0.435324,0.053311,0.630129,0.0026491,-0.0001155,-0.0012048,0.9999958
1788241075828974592,OK,1,0,20.7331,1.33154,0,1592,0,0.433896,0.051986,0.618186,0.0026573,-0.0003209,-0.0012974,0.9999956
1788241075862313728,OK,1,0,20.6829,1.68338,0,1618,0,0.434594,0.052188,0.610354,0.0028945,-0.0002695,-0.0010022,0.9999953
1788241075895652608,OK,1,0,22.1428,2.64442,0,1607,0,0.437385,0.051559,0.601587,0.0026973,0.0001710,-0.0004125,0.9999963
1788241075928991744,OK,1,0,20.6382,2.72696,0,1596,0,0.436523,0.051907,0.590102,0.0025586,0.0004960,0.0000668,0.9999966
1788241075962330624,OK,1,0,20.8282,1.5535,0,1593,0,0.437167,0.051531,0.580304,0.0023968,0.0002695,0.0000963,0.9999971
1788241075995668736,OK,1,0,21.4191,2.69417,0,1587,0,0.433561,0.048970,0.568490,0.0023712,0.0003901,-0.0002796,0.9999971
1788241076029007616,OK,1,0,23.384,1.66962,0,1576,0,0.433446,0.049661,0.559968,0.0026341,0.0003237,-0.0006299,0.9999963
1788241076062346752,OK,1,0,19.8027,2.83721,0,1527,0,0.432060,0.048870,0.549856,0.0022901,0.0001958,-0.0007219,0.9999971
1788241076095685632,OK,1,0,19.1765,2.57529,0,1574,0,0.433728,0.048130,0.541795,0.0023009,-0.0000197,-0.0002920,0.9999973
1788241076129024512,OK,1,0,21.6058,1.29038,0,1566,0,0.436440,0.047390,0.533391,0.0020562,0.0001868,0.0002055,0.9999979
1788241076162363648,OK,1,0,19.8137,1.53108,0,1543,0,0.437464,0.049365,0.524258,0.0020340,0.0004193,0.0005971,0.9999977
1788241076195702272,OK,1,0,19.8305,1.63279,0,1526,0,0.437843,0.048471,0.515516,0.0017526,0.0001781,0.0008565,0.9999981
1788241076229041152,OK,1,0,19.7613,3.1375,0,1502,0,0.437050,0.049386,0.505025,0.0020496,-0.0000234,0.0004558,0.9999978
1788241076262380032,OK,1,0,20.9053,1.56833,0,1504,0,0.436936,0.047372,0.494888,0.0022108,-0.0000764,0.0001979,0.9999976
1788241076295718912,OK,1,0,18.0213,2.26804,0,1520,0,0.435205,0.046914,0.484494,0.0019272,-0.0000716,-0.0001991,0.9999982
1788241076329058048,OK,1,0,18.1865,0.36725,0,1502,0,0.437428,0.047124,0.477831,0.0019379,-0.0005609,-0.0004050,0.9999979
1788241076362396928,OK,1,0,19.4052,1.50158,0,1510,0,0.436800,0.047120,0.467768,0.0022860,-0.0004858,-0.0003707,0.9999972
1788241076395735808,OK,1,0,21.247,2.58642,0,1495,0,0.436820,0.045838,0.456982,0.0020693,0.0000647,0.0000082,0.9999979
1788241076429073664,OK,1,0,18.5314,2.81288,0,1460,0,0.436156,0.044992,0.446445,0.0017688,0.0001583,0.0003202,0.9999984
1788241076462412544,OK,1,0,19.6049,2.38963,0,1707,0,0.432569,0.042286,0.434009,0.0014868,0.0001537,0.0002554,0.9999989
1788241076495751424,OK,1,0,27.9935,2.87513,0,1626,0,0.434031,0.042915,0.425106,0.0017318,-0.0000674,0.0000265,0.9999985
1788241076529090304,OK,1,0,20.554,1.48525,0,1619,0,0.433087,0.043401,0.416311,0.0015511,-0.0002318,-0.0003109,0.9999987
1788241076562429184,OK,1,0,19.5622,0.601291,0,1631,0,0.430644,0.041698,0.407790,0.0010774,-0.0001982,-0.0006088,0.9999992
1788241076595768064,OK,1,0,20.6946,1.31012,0,1926,0,0.430017,0.040583,0.397419,0.0012076,-0.0001794,-0.0006205,0.9999990
1788241076629106688,OK,1,0,21.9295,3.16442,0,1737,0,0.430804,0.040417,0.387930,0.0012704,0.0001253,-0.0005210,0.9999990
1788241076662445568,OK,1,0,19.6756,1.50617,0,1719,0,0.433773,0.039499,0.378620,0.0010821,0.0000413,-0.0001202,0.9999994
1788241076695784448,OK,1,0,19.9391,2.38362,0,1682,0,0.431495,0.039722,0.366889,0.0012553,0.0003037,-0.0001587,0.9999992
1788241076729134592,OK,1,0,19.911,2.95233,0,1640,0,0.431947,0.040002,0.356413,0.0020162,0.0002617,-0.0001895,0.9999979
1788241076762500608,OK,1,0,20.5015,2.53925,0,1693,0,0.430343,0.037583,0.344962,0.0020137,-0.0000261,-0.0002547,0.9999980
1788241076795867392,OK,1,0,19.8397,2.87892,0,1617,0,0.428657,0.036453,0.337196,0.0013893,-0.0002093,-0.0004599,0.9999989
1788241076829234432,OK,1,0,22.4869,2.95142,0,1596,0,0.427903,0.035897,0.326666,0.0014570,0.0000367,-0.0003698,0.9999989
1788241076862600704,OK,1,0,18.5801,2.40987,0,1592,0,0.428441,0.035406,0.316392,0.0016681,0.0003570,-0.0001160,0.9999986
1788241076895968256,OK,1,0,20.9319,0.420042,0,1555,0,0.431795,0.037498,0.308699,0.0014704,0.0002809,0.0003854,0.9999988
1788241076929336064,OK,1,0,20.4915,2.46104,0,1530,0,0.433165,0.037484,0.300486,0.0010837,0.0000975,0.0007971,0.9999991
1788241076962704384,OK,1,0,21.4663,2.65358,0,1566,0,0.432532,0.036857,0.288158,0.0012983,0.0001769,0.0008239,0.9999988
1788241076996072960,OK,1,0,21.6694,2.56263,0,1519,0,0.433626,0.038748,0.281591,0.0015985,-0.0001686,0.0005122,0.9999986
1788241077029442048,OK,1,0,20.9465,2.32642,0,1563,0,0.434239,0.037194,0.273318,0.0008629,-0.0005858,0.0002531,0.9999994
1788241077062811648,OK,1,0,21.1973,2.5065,0,1500,0,0.430899,0.035843,0.262363,-0.0000086,-0.0005361,0.0001178,0.9999999
1788241077096181248,OK,1,0,21.8844,0.2775,0,1511,0,0.433105,0.036469,0.255886,0.0001539,-0.0005333,0.0003167,0.9999998
1788241077129551360,OK,1,0,20.7645,2.23071,0,1505,0,0.431478,0.035020,0.244046,-0.0000414,-0.0000777,0.0007172,0.9999998
1788241077162921728,OK,1,0,19.5705,2.37075,0,1493,0,0.435056,0.036376,0.236214,-0.0002141,-0.0003494,0.0012637,0.9999991
1788241077196292608,OK,1,0,23.0558,3.01196,0,1497,0,0.436014,0.036064,0.227934,0.0002788,-0.0006682,0.0014169,0.9999987
1788241077229663488,OK,1,0,21.9615,2.95221,0,1479,0,0.436230,0.036686,0.217964,0.0011629,-0.0007818,0.0011272,0.9999984
1788241077263034880,OK,1,0,20.1318,3.00429,0,1466,0,0.434098,0.036092,0.207420,0.0013923,-0.0004816,0.0009379,0.9999985
1788241077296406784,OK,1,0,20.0599,2.728,0,1466,0,0.435079,0.034552,0.196461,0.0008697,-0.0007093,0.0007133,0.9999992
1788241077329778176,OK,1,0,19.5802,2.66917,0,1444,0,0.433691,0.034153,0.186179,0.0009062,-0.0007208,0.0007326,0.9999990
1788241077363150592,OK,1,0,21.0893,2.78829,0,1457,0,0.435910,0.035352,0.177183,0.0014934,-0.0005359,0.0009339,0.9999983
1788241077396523520,OK,1,0,20.1972,0.479584,0,1494,0,0.437024,0.034627,0.168845,0.0016805,-0.0002113,0.0011049,0.9999980
1788241077429896448,OK,1,0,20.8187,1.41142,0,1487,0,0.431885,0.032935,0.157389,0.0012725,-0.0000713,0.0009577,0.9999987
1788241077463270144,OK,1,0,21.3673,2.92208,0,1672,0,0.431069,0.032748,0.148980,0.0010390,-0.0007149,0.0005640,0.9999990
1788241077496644096,OK,1,0,20.4951,1.29033,0,1573,0,0.429979,0.032542,0.139357,0.0009264,-0.0009781,0.0001942,0.9999991
1788241077530018304,OK,1,0,21.5308,3.02879,0,1589,0,0.428924,0.031972,0.133462,0.0004307,-0.0008677,-0.0002266,0.9999995
1788241077563393024,OK,1,0,21.7308,2.53662,0,1556,0,0.429704,0.032788,0.127802,-0.0003600,-0.0009248,-0.0005114,0.9999994
1788241077596767744,OK,1,0,24.7265,0.2665,0,1566,0,0.430228,0.033352,0.119299,-0.0006096,-0.0007780,-0.0005618,0.9999993
1788241077630143232,OK,1,0,23.0215,1.32796,0,1560,0,0.430517,0.032211,0.109751,-0.0007262,-0.0005473,-0.0001497,0.9999996
1788241077663518720,OK,1,0,20.5435,1.31225,0,1585,0,0.430151,0.030530,0.098128,-0.0005401,-0.0003827,0.0004959,0.9999997
1788241077696894976,OK,1,0,21.1852,2.58117,0,1810,0,0.431711,0.030806,0.089979,0.0003030,-0.0003599,0.0005666,0.9999998
1788241077730256384,OK,1,0,20.6393,2.59121,0,1710,0,0.430566,0.029475,0.078909,0.0008780,-0.0001332,0.0003546,0.9999996
1788241077763596800,OK,1,0,22.4548,2.57883,0,1694,0,0.432018,0.029805,0.072103,0.0011708,-0.0002129,0.0003071,0.9999992
1788241077796937984,OK,1,0,20.8605,2.52646,0,1678,0,0.430552,0.029240,0.064020,0.0007642,-0.0003167,0.0000215,0.9999996
1788241077830279424,OK,1,0,20.7265,2.59679,0,1635,0,0.430399,0.029464,0.056371,0.0003008,-0.0008890,-0.0000749,0.9999996
1788241077863620864,OK,1,0,22.8399,2.77075,0,1638,0,0.427944,0.028808,0.044885,0.0008424,-0.0008487,-0.0000143,0.9999993
1788241077896962304,OK,1,0,20.8503,1.77367,0,1593,0,0.429081,0.027823,0.036942,0.0014511,-0.0005934,0.0001175,0.9999987
1788241077930303744,OK,1,0,21.3945,2.73988,0,1614,0,0.429498,0.028917,0.028988,0.0016616,-0.0000347,0.0001155,0.9999986
1788241077963644928,OK,1,0,20.3073,1.67871,0,1580,0,0.429646,0.028754,0.023779,0.0010793,0.0000363,0.0002053,0.9999994
1788241077996986624,OK,1,0,21.4444,2.47854,0,1582,0,0.427011,0.027786,0.015124,0.0005690,-0.0004479,-0.0000125,0.9999998
1788241078030327808,OK,1,0,21.2277,2.48467,0,1601,0,0.426701,0.027641,0.007667,0.0007605,-0.0007314,-0.0004714,0.9999993
1788241078063669504,OK,1,0,21.2376,0.256458,0,1592,0,0.427733,0.027576,0.002229,0.0007849,-0.0004101,-0.0005721,0.9999995
1788241078097010688,OK,1,0,21.7873,0.295459,0,1587,0,0.427306,0.027575,-0.007543,0.0008993,-0.0003896,-0.0005598,0.9999993
1788241078130352128,OK,1,0,20.2542,1.72633,0,1551,0,0.425556,0.025566,-0.019770,0.0013156,-0.0006516,-0.0005547,0.9999988
1788241078163693568,OK,1,0,21.3637,1.88771,0,1553,0,0.426796,0.024342,-0.027606,0.0018570,-0.0010667,-0.0004870,0.9999976
1788241078197033984,OK,1,0,21.7221,2.53987,0,1553,0,0.427580,0.024775,-0.035612,0.0020354,-0.0008130,-0.0005201,0.9999975
1788241078230375424,OK,1,0,23.3053,2.96867,0,1536,0,0.427620,0.024491,-0.043736,0.0017314,-0.0002054,-0.0003973,0.9999984
1788241078263716864,OK,1,0,18.7389,2.00775,0,1536,0,0.426885,0.023416,-0.051544,0.0012803,0.0001217,-0.0003376,0.9999992
1788241078297058048,OK,1,0,21.1405,2.33046,0,1504,0,0.424893,0.023873,-0.060212,0.0011862,-0.0000097,-0.0009000,0.9999989
1788241078330399744,OK,1,0,23.1342,2.53846,0,1476,0,0.423834,0.023881,-0.066823,0.0014108,-0.0004533,-0.0012342,0.9999982
1788241078363740928,OK,1,0,21.0853,2.33083,0,1491,0,0.422307,0.022467,-0.076795,0.0016019,-0.0002691,-0.0012757,0.9999979
1788241078397082624,OK,1,0,20.4183,2.64979,0,1502,0,0.425093,0.023362,-0.079874,0.0013179,-0.0004374,-0.0015617,0.9999979
1788241078430423808,OK,1,0,23.9153,1.31875,0,1474,0,0.423869,0.022623,-0.087204,0.0006975,-0.0006307,-0.0015339,0.9999984
1788241078463765248,OK,1,0,19.4905,1.94663,0,1625,0,0.425661,0.022788,-0.092996,0.0009538,-0.0009516,-0.0016031,0.9999979
1788241078497106688,OK,1,0,22.8443,2.5215,0,1592,0,0.424706,0.022953,-0.099485,0.0016067,-0.0007219,-0.0015154,0.9999973
1788241078530447872,OK,1,0,31.6737,3.33421,0,1577,0,0.423854,0.020595,-0.106445,0.0016198,-0.0002770,-0.0013833,0.9999977
1788241078563789568,OK,1,0,22.6025,0.27825,0,1591,0,0.425387,0.021590,-0.109824,0.0014346,-0.0001464,-0.0013542,0.9999981
1788241078597130752,OK,1,0,20.0181,1.24562,0,1590,0,0.426309,0.022951,-0.113747,0.0012316,-0.0001134,-0.0011020,0.9999986
1788241078630472192,OK,1,0,24.5041,1.03358,0,1961,0,0.426351,0.020704,-0.119248,0.0009414,-0.0001706,-0.0009804,0.9999991
1788241078663812864,OK,1,0,22.786,1.87767,0,1812,0,0.425516,0.020679,-0.123925,0.0013360,-0.0002892,-0.0010976,0.9999985
1788241078697154048,OK,1,0,20.7112,2.46533,0,1704,0,0.425019,0.019148,-0.128456,0.0019684,-0.0004420,-0.0013196,0.9999971
1788241078730495488,OK,1,0,23.8135,3.01421,0,1711,0,0.425205,0.020090,-0.130932,0.0022070,-0.0002131,-0.0016366,0.9999962
1788241078763836928,OK,1,0,21.4233,2.6195,0,1733,0,0.424725,0.019481,-0.132074,0.0014426,-0.0001175,-0.0015101,0.9999979
1788241078797178112,OK,1,0,22.0865,2.74408,0,1705,0,0.424563,0.020218,-0.132851,0.0011319,-0.0001342,-0.0013866,0.9999984
1788241078830519808,OK,1,0,22.0416,2.84175,0,1687,0,0.424720,0.019619,-0.135639,0.0013553,-0.0000234,-0.0012560,0.9999983
1788241078863860992,OK,1,0,19.6626,2.74375,0,1648,0,0.426015,0.020184,-0.135622,0.0016799,0.0000466,-0.0011416,0.9999980
1788241078897202688,OK,1,0,21.4944,1.61108,0,1681,0,0.425094,0.019180,-0.136907,0.0013562,-0.0000667,-0.0011825,0.9999984
1788241078930543872,OK,1,0,22.4647,3.50633,0,1646,0,0.425108,0.019675,-0.137636,0.0010621,-0.0004133,-0.0011681,0.9999987
1788241078963885568,OK,1,0,22.1748,2.44392,0,1628,0,0.423798,0.018517,-0.141062,0.0013246,0.0000736,-0.0011855,0.9999985
1788241078997226752,OK,1,0,21.5345,0.265625,0,1633,0,0.424843,0.019334,-0.142220,0.0018006,0.0002253,-0.0011978,0.9999977
1788241079030568192,OK,1,0,20.5121,1.95725,0,1644,0,0.424439,0.019399,-0.142909,0.0020779,-0.0000992,-0.0011951,0.9999971
1788241079063909632,OK,1,0,23.2857,3.27158,0,1639,0,0.424679,0.019810,-0.141187,0.0019416,-0.0000420,-0.0012183,0.9999974
1788241079097250048,OK,1,0,21.043,2.17408,0,1649,0,0.426353,0.020349,-0.137955,0.0016085,-0.0000371,-0.0013178,0.9999979
1788241079130591488,OK,1,0,20.7685,1.53296,0,1605,0,0.424490,0.020571,-0.139510,0.0015417,0.0000611,-0.0012740,0.9999980
1788241079163932928,OK,1,0,24.6507,2.62375,0,1618,0,0.424756,0.020181,-0.139008,0.0015755,-0.0000243,-0.0014607,0.9999977
1788241079197274368,OK,1,0,21.9148,1.23954,0,1621,0,0.426538,0.019991,-0.138200,0.0016022,-0.0000779,-0.0012309,0.9999980
1788241079230615808,OK,1,0,22.1843,2.83779,0,1631,0,0.425716,0.020093,-0.138151,0.0015235,0.0000359,-0.0012765,0.9999980
1788241079263956992,OK,1,0,23.9142,2.63921,0,1631,0,0.425593,0.020447,-0.137797,0.0015029,0.0000009,-0.0013194,0.9999980
1788241079297298688,OK,1,0,21.6055,2.55429,0,1635,0,0.424593,0.020882,-0.137643,0.0015039,-0.0000331,-0.0013794,0.9999979
1788241079330639872,OK,1,0,25.226,2.70788,0,1644,0,0.423751,0.020494,-0.139125,0.0014181,-0.0000108,-0.0013718,0.9999981
1788241079363981568,OK,1,0,24.2269,2.491,0,1621,0,0.424904,0.020104,-0.137624,0.0014538,-0.0000215,-0.0013227,0.9999981
1788241079397322752,OK,1,0,23.6143,1.41308,0,1646,0,0.424031,0.019879,-0.138824,0.0015410,0.0001250,-0.0013288,0.9999980
1788241079430664192,OK,1,0,22.8447,2.37658,0,1630,0,0.424556,0.020544,-0.139082,0.0015546,0.0001364,-0.0013184,0.9999979
1788241079464005632,OK,1,0,19.9579,1.97204,0,1746,0,0.424937,0.019735,-0.139267,0.0014969,0.0000782,-0.0011396,0.9999983
1788241079497347072,OK,1,0,23.3478,2.35575,0,1697,0,0.425742,0.019830,-0.138399,0.0015056,0.0000279,-0.0010616,0.9999983
1788241079530687488,OK,1,0,21.2711,2.36554,0,1695,0,0.425390,0.020255,-0.138710,0.0015985,0.0000032,-0.0012605,0.9999979
1788241079564028928,OK,1,0,22.4657,3.17379,0,1668,0,0.424772,0.020044,-0.139691,0.0016166,0.0001168,-0.0011613,0.9999980
1788241079597370368,OK,1,0,25.9169,2.056,0,1731,0,0.426656,0.020140,-0.138613,0.0015923,-0.0000099,-0.0010085,0.9999982
1788241079630711552,OK,1,0,24.2404,2.70425,0,1717,0,0.427533,0.020429,-0.137409,0.0016429,-0.0000835,-0.0011437,0.9999980
1788241079664053248,OK,1,0,23.3549,1.69492,0,1749,0,0.428397,0.021157,-0.136769,0.0017001,-0.0001817,-0.0011285,0.9999979
1788241079697394432,OK,1,0,23.2569,3.12079,0,2012,0,0.426711,0.019979,-0.138292,0.0015857,-0.0000428,-0.0011091,0.9999982
1788241079730736128,OK,1,0,22.2644,2.81392,0,1876,0,0.427658,0.020205,-0.137665,0.0015745,-0.0001312,-0.0012008,0.9999980
1788241079764077568,OK,1,0,22.567,2.61479,0,1850,0,0.427451,0.019959,-0.137719,0.0015650,-0.0000825,-0.0010975,0.9999982
1788241079797419264,OK,1,0,22.2905,2.58233,0,1851,0,0.427232,0.019986,-0.138013,0.0015509,-0.0000986,-0.0010991,0.9999982
1788241079830760960,OK,1,0,21.4986,2.785,0,1818,0,0.426958,0.019597,-0.138103,0.0015064,-0.0000429,-0.0010962,0.9999983
1788241079864102656,OK,1,0,21.701,2.33408,0,1794,0,0.427198,0.019847,-0.138008,0.0015345,-0.0000885,-0.0011116,0.9999982
1788241079897444096,OK,1,0,24.0751,2.89767,0,1842,0,0.427554,0.020080,-0.137421,0.0015763,-0.0000953,-0.0010819,0.9999982
1788241079930785792,OK,1,0,20.5193,2.66467,0,1800,0,0.427721,0.020279,-0.137602,0.0015737,-0.0001394,-0.0011365,0.9999982
1788241079964127488,OK,1,0,22.4049,2.15492,0,1811,0,0.427234,0.020321,-0.137546,0.0015679,-0.0001095,-0.0011195,0.9999982
1788241079997467904,OK,1,0,20.6253,2.21738,0,1801,0,0.427274,0.020467,-0.138024,0.0015754,-0.0001270,-0.0011703,0.9999981
1788241080030809856,OK,1,0,24.382,2.51554,0,1759,0,0.426969,0.019519,-0.138373,0.0014780,-0.0000702,-0.0010510,0.9999984
1788241080064151296,OK,1,0,21.6906,2.95,0,1780,0,0.426351,0.019704,-0.138431,0.0014653,-0.0000145,-0.0011169,0.9999983
1788241080097492992,OK,1,0,23.1203,1.14688,0,1764,0,0.426365,0.020324,-0.138902,0.0015608,-0.0000273,-0.0011897,0.9999981
1788241080130834688,OK,1,0,23.3998,1.91567,0,1790,0,0.426839,0.020118,-0.138705,0.0016157,-0.0000691,-0.0011593,0.9999980
1788241080164176384,OK,1,0,23.8757,2.81588,0,1751,0,0.426514,0.019793,-0.138838,0.0015327,-0.0000041,-0.0011751,0.9999982
1788241080197518080,OK,1,0,23.2018,2.87308,0,1775,0,0.426496,0.019821,-0.138609,0.0015592,-0.0000027,-0.0011791,0.9999981
1788241080230859520,OK,1,0,23.1246,3.08096,0,1804,0,0.426850,0.019530,-0.138376,0.0015119,-0.0000286,-0.0010414,0.9999983
1788241080264201472,OK,1,0,24.8542,2.15233,0,1787,0,0.426724,0.019588,-0.137791,0.0014933,-0.0000228,-0.0010432,0.9999983
1788241080297542912,OK,1,0,22.2638,2.48842,0,1789,0,0.427467,0.019628,-0.137554,0.0015007,-0.0001183,-0.0011338,0.9999983
1788241080330884608,OK,1,0,25.7007,2.81417,0,1796,0,0.427883,0.020453,-0.137393,0.0016261,-0.0001200,-0.0011660,0.9999980
1788241080364226304,OK,1,0,22.2975,2.33708,0,1800,0,0.427362,0.020056,-0.138135,0.0015464,-0.0001071,-0.0010364,0.9999983
1788241080397567744,OK,1,0,22.6703,1.09842,0,1770,0,0.426441,0.020353,-0.138685,0.0016332,-0.0000202,-0.0011022,0.9999981
1788241080430908672,OK,1,0,25.2575,2.11046,0,1759,0,0.426384,0.019446,-0.139602,0.0014799,-0.0000378,-0.0011237,0.9999983
1788241080464250368,OK,1,0,20.4327,1.12587,0,1878,0,0.426468,0.019877,-0.138972,0.0015395,-0.0000040,-0.0010686,0.9999983
1788241080497592064,OK,1,0,22.0876,1.69771,0,1843,0,0.426318,0.019468,-0.139151,0.0014862,0.0000063,-0.0010626,0.9999983
1788241080530933504,OK,1,0,24.4165,2.43925,0,1839,0,0.427137,0.020035,-0.137952,0.0015428,-0.0000227,-0.0010728,0.9999983
1788241080564275456,OK,1,0,31.4975,1.59046,0,1891,0,0.426463,0.020215,-0.138519,0.0015842,0.0000166,-0.0010047,0.9999983
1788241080597616896,OK,1,0,23.7321,1.563,0,1889,0,0.427329,0.020348,-0.138045,0.0015701,-0.0000685,-0.0010384,0.9999983
