1781254002.971368 0.000000000 0.000000000 0.000000000 -0.000000000 -0.000000000 -0.000000000 1.000000000
1781254003.004538 -0.000002603 0.000087534 0.000024012 0.000053099 0.000027455 -0.000049150 1.000000000
1781254003.037697 -0.000270083 -0.000345872 -0.000293896 -0.000119908 0.000131712 -0.000012349 1.000000000
1781254003.070844 -0.000019457 -0.000032506 -0.000048563 -0.000014021 0.000021392 -0.000042441 1.000000000
1781254003.103980 -0.000033268 -0.000010795 -0.000146464 0.000020125 0.000042387 -0.000013504 1.000000000
1781254003.137104 0.000150631 0.000001023 0.000172646 -0.000034198 -0.000023898 0.000022589 1.000000000
1781254003.170216 -0.000053823 0.000056762 0.000073025 0.000026848 0.000047439 -0.000062215 1.000000000
1781254003.203318 -0.000050646 0.000050786 -0.000011670 0.000031122 0.000063642 -0.000059912 1.000000000
1781254003.236408 -0.000009087 0.000025422 -0.000049305 0.000006219 0.000046994 -0.000087231 1.000000000
1781254003.269486 0.000093349 0.000125461 0.000057601 0.000030308 0.000021708 -0.000109721 1.000000000
1781254003.302553 -0.000237516 0.000008038 -0.000228375 0.000001998 0.000101455 -0.000068409 1.000000000
1781254003.335635 -0.000037630 0.000145630 0.000080691 0.000038064 0.000033932 -0.000064642 1.000000000
1781254003.368473 0.000015644 -0.000018188 -0.000162813 0.000005027 0.000043980 -0.000017400 1.000000000
1781254003.401286 -0.000023971 -0.000065534 -0.000156088 -0.000011328 0.000021641 -0.000021949 1.000000000
1781254003.434073 0.000100166 -0.000016607 -0.000116009 -0.000014307 -0.000017084 -0.000039835 1.000000000
1781254003.466836 -0.000267477 -0.000118843 -0.000016079 -0.000048714 0.000088379 -0.000071160 1.000000000
1781254003.499573 0.000048427 0.000066418 0.000023092 0.000028454 0.000018887 -0.000033851 1.000000000
1781254003.532284 -0.000092315 -0.000073710 -0.000100813 -0.000012861 0.000042307 -0.000041141 1.000000000
1781254003.564971 -0.000025616 -0.000007956 -0.000041372 0.000000909 0.000036851 -0.000010085 1.000000000
1781254003.597632 0.000042492 -0.000003755 -0.000089173 0.000030315 0.000013339 -0.000023411 1.000000000
1781254003.630268 -0.000053179 -0.000063600 -0.000170940 -0.000016805 0.000045587 -0.000063530 1.000000000
1781254003.662879 0.000097248 -0.000137886 -0.000124954 -0.000020293 -0.000014215 0.000034002 1.000000000
1781254003.695464 0.000169398 -0.000084601 -0.000133369 -0.000001039 -0.000035703 0.000029578 1.000000000
1781254003.728025 -0.000062278 -0.000010388 -0.000122182 -0.000021319 0.000044852 -0.000022018 1.000000000
1781254003.760560 0.000083425 -0.000021260 0.000030110 -0.000010551 -0.000006036 0.000018182 1.000000000
1781254003.793070 -0.000009321 0.000196383 -0.000030770 0.000071184 0.000016865 -0.000026174 1.000000000
1781254003.825554 -0.000093130 -0.000022528 -0.000061842 -0.000004268 0.000015299 -0.000023106 1.000000000
1781254003.858013 -0.000007319 -0.000144761 -0.000262511 -0.000038129 -0.000004281 -0.000002240 1.000000000
1781254003.890447 -0.000033212 -0.000065555 -0.000119346 -0.000027614 0.000006890 -0.000144836 1.000000000
1781254003.922855 -0.000023752 0.000104960 -0.000033806 0.000038924 0.000052096 -0.000007820 1.000000000
1781254003.955239 -0.000106431 0.000006860 -0.000024551 -0.000004295 0.000050254 -0.000007024 1.000000000
1781254003.987597 -0.000199471 0.000010213 0.000006699 -0.000003292 0.000067778 -0.000074818 1.000000000
1781254004.019929 0.000094731 0.000152853 0.000111470 0.000058164 0.000004347 -0.000051105 1.000000000
1781254004.052237 -0.000180343 -0.000124115 -0.000324843 -0.000050868 0.000054162 -0.000039014 1.000000000
1781254004.084519 0.000012934 -0.000032393 -0.000079244 -0.000010033 0.000003031 0.000001043 1.000000000
1781254004.116776 0.000023541 -0.000000030 -0.000007890 -0.000027050 0.000018751 -0.000013837 1.000000000
1781254004.149008 0.000020144 -0.000074369 -0.000090480 -0.000014762 0.000001578 -0.000031882 1.000000000
1781254004.181214 -0.000168060 -0.000042074 -0.000222831 -0.000005430 0.000073214 -0.000054999 1.000000000
1781254004.213395 -0.000021400 -0.000084665 -0.000087455 -0.000031885 0.000036416 -0.000071802 1.000000000
1781254004.245551 0.000079143 -0.000150328 -0.000085830 -0.000072438 -0.000029822 0.000000823 1.000000000
1781254004.277682 -0.000003701 0.000108574 0.000031226 0.000041876 0.000011683 -0.000046206 1.000000000
1781254004.309835 0.000098451 0.000113027 0.000141134 0.000022700 0.000039469 -0.000035582 1.000000000
1781254004.343182 -0.000057688 -0.000050733 -0.000113284 -0.000024534 0.000021113 -0.000018589 1.000000000
1781254004.376538 0.000062323 -0.000048801 -0.000127205 -0.000024522 -0.000019937 -0.000021521 1.000000000
1781254004.409894 0.000015421 0.000069229 0.000085298 -0.000015783 -0.000000128 -0.000124870 1.000000000
1781254004.443249 -0.000077237 0.000031832 -0.000082371 0.000012336 0.000042417 -0.000076925 1.000000000
1781254004.476604 0.000034731 0.000072354 -0.000027044 0.000024628 0.000018742 -0.000087562 1.000000000
1781254004.509959 -0.000035586 -0.000067219 -0.000165844 -0.000035734 0.000014892 -0.000035148 1.000000000
1781254004.543314 -0.000028344 -0.000079234 -0.000042235 -0.000017595 0.000033903 -0.000023853 1.000000000
1781254004.576668 -0.000109454 -0.000290600 -0.000300900 -0.000105357 0.000004802 -0.000017626 1.000000000
1781254004.610023 0.000110672 0.000048190 -0.000075302 0.000029355 -0.000028336 0.000069226 1.000000000
1781254004.643377 0.000079473 -0.000054239 -0.000080558 -0.000015324 -0.000017425 0.000008764 1.000000000
1781254004.676731 -0.000067249 -0.000137481 -0.000110401 -0.000035833 0.000027435 -0.000016682 1.000000000
1781254004.710086 -0.000166915 -0.000127701 -0.000112482 -0.000053707 0.000047599 -0.000014900 1.000000000
1781254004.743440 0.000072166 -0.000045500 -0.000020239 -0.000030580 0.000000020 -0.000032186 1.000000000
1781254004.776794 -0.000073865 -0.000088768 -0.000080792 -0.000057282 0.000038280 -0.000028845 1.000000000
1781254004.810148 -0.000124394 -0.000083662 -0.000183585 -0.000037218 0.000035837 -0.000022335 1.000000000
1781254004.843502 0.000077344 -0.000068946 -0.000001457 -0.000027780 0.000001708 -0.000018974 1.000000000
1781254004.876855 0.000056402 -0.000128391 -0.000092140 -0.000042406 0.000002779 0.000051408 1.000000000
1781254004.910209 0.000098974 -0.000086323 -0.000146156 -0.000035134 -0.000049076 -0.000005435 1.000000000
1781254004.943563 -0.000066979 -0.000116413 -0.000058518 -0.000055601 0.000027310 -0.000047965 1.000000000
1781254004.976916 0.000049850 0.000060332 0.000117832 0.000000127 0.000020110 -0.000121554 1.000000000
1781254005.010269 0.000008338 -0.000135448 -0.000152572 -0.000047994 -0.000012737 0.000004546 1.000000000
1781254005.043622 -0.000062842 -0.000158028 -0.000176407 -0.000026713 0.000029559 -0.000035168 1.000000000
1781254005.076975 -0.000023778 -0.000277723 -0.000211387 -0.000080723 -0.000021604 -0.000039858 1.000000000
1781254005.110329 -0.000040717 -0.000209772 -0.000255396 -0.000071481 0.000019345 0.000000084 1.000000000
1781254005.143682 -0.000092718 -0.000038265 -0.000077124 -0.000024161 0.000030389 -0.000078381 1.000000000
1781254005.177035 -0.000200699 -0.000106585 -0.000103009 -0.000044738 0.000045937 -0.000010558 1.000000000
1781254005.210387 -0.000103660 0.000038045 -0.000058597 0.000019574 0.000055426 -0.000094480 1.000000000
1781254005.243740 -0.000224789 -0.000244986 -0.000338870 -0.000071703 0.000034711 0.000010546 1.000000000
1781254005.277092 -0.000012873 -0.000088865 -0.000054535 -0.000046511 0.000013390 -0.000030620 1.000000000
1781254005.310444 -0.000238776 -0.000100192 -0.000236148 -0.000012725 0.000110957 -0.000068168 1.000000000
1781254005.343796 -0.000036648 -0.000192474 -0.000091347 -0.000064336 0.000026959 -0.000031698 1.000000000
1781254005.377162 -0.000134247 -0.000286030 -0.000372151 -0.000097364 0.000045241 -0.000007486 1.000000000
1781254005.410528 0.000014188 0.000044345 -0.000048714 0.000005683 0.000025261 -0.000007054 1.000000000
1781254005.443894 0.000024580 -0.000314424 -0.000367164 -0.000102616 -0.000024361 -0.000000559 1.000000000
1781254005.477259 0.000022595 -0.000077023 -0.000141087 -0.000035013 -0.000002589 -0.000015590 1.000000000
1781254005.510625 0.000160189 -0.000043643 -0.000152518 -0.000022841 -0.000057054 0.000025898 1.000000000
1781254005.543991 -0.000060407 -0.000135781 -0.000224592 -0.000056225 0.000012628 0.000028178 1.000000000
1781254005.577358 -0.000016732 -0.000079830 -0.000152604 -0.000026108 -0.000018936 0.000007596 1.000000000
1781254005.610724 -0.000101620 -0.000031852 -0.000014095 -0.000029625 0.000032044 -0.000087206 1.000000000
1781254005.644090 -0.000132037 -0.000243679 -0.000252731 -0.000076590 0.000053318 -0.000063322 1.000000000
1781254005.710823 -0.000050678 -0.000033528 -0.000102500 -0.000001204 0.000035397 -0.000053456 1.000000000
1781254005.744189 -0.000261031 -0.000242068 -0.000244429 -0.000080521 0.000081843 -0.000014226 1.000000000
1781254005.777556 0.000003529 0.000034991 0.000021892 0.000003663 0.000011025 -0.000058647 1.000000000
1781254005.810923 -0.000058424 -0.000150117 -0.000216525 -0.000066913 0.000025066 -0.000007228 1.000000000
1781254005.844290 0.000053047 0.000065751 -0.000019620 0.000005162 -0.000007553 -0.000079082 1.000000000
1781254005.877657 -0.000183239 -0.000226966 -0.000151332 -0.000109190 0.000067054 -0.000028445 1.000000000
1781254005.911024 -0.000072746 0.000108395 0.000265552 0.000049599 -0.000685102 -0.000143514 0.999999762
1781254005.944391 -0.000035361 0.000346183 0.000793169 0.000057815 -0.000380119 -0.000141371 0.999999940
1781254005.977758 -0.000107906 0.000204876 0.000876007 0.000004554 -0.000019689 0.000031813 1.000000000
1781254006.011125 0.000368065 0.000305254 0.001336681 0.000101225 -0.000618514 -0.000156225 0.999999821
1781254006.044492 0.000285154 0.000291158 0.001569055 0.000110273 -0.000700375 0.000153709 0.999999762
1781254006.077860 -0.000203044 0.000024214 0.001889472 0.000015836 -0.000336507 0.000000343 0.999999940
1781254006.111227 0.000119967 0.000331418 0.001930138 0.000125695 -0.000252401 -0.000002117 1.000000000
1781254006.144594 -0.000063890 0.000250884 0.002372911 0.000062665 -0.000369524 -0.000113280 0.999999940
1781254006.177962 -0.000069486 0.000280947 0.002235255 0.000074364 -0.000841040 -0.000184927 0.999999642
1781254006.211330 -0.000096353 0.000150128 0.002089723 0.000129332 -0.001248265 0.000142675 0.999999225
1781254006.244697 0.000100364 0.000091738 0.002329270 -0.000072902 -0.001474879 0.000043617 0.999998927
1781254006.278065 0.000088850 -0.000095145 0.002197756 -0.000088740 -0.001877329 0.000093079 0.999998271
1781254006.311433 0.000552849 0.000151516 0.001931317 -0.000063584 -0.001707707 0.000131892 0.999998569
1781254006.344861 0.000497018 0.000011824 0.001364199 0.000035961 -0.002083866 0.000131203 0.999997854
1781254006.378291 0.000545829 0.000034611 0.000787207 0.000048944 -0.002147369 0.000195484 0.999997675
1781254006.411722 0.001585648 -0.000107212 0.000724523 0.000044412 -0.003477701 0.000349298 0.999993920
1781254006.445154 0.001185412 -0.000390757 -0.000010201 -0.000005396 -0.004572870 0.000274485 0.999989510
1781254006.478588 0.002343810 -0.000032446 -0.000208342 0.000145566 -0.006241064 0.000335926 0.999980509
1781254006.512023 0.003244400 0.000612616 -0.000233995 0.000508603 -0.008140340 0.000519469 0.999966621
1781254006.545460 0.004587729 0.000203678 -0.001122989 0.000444416 -0.010009194 0.000598602 0.999949634
1781254006.578897 0.006023970 0.000028391 -0.002258828 0.000542734 -0.011891653 0.000551024 0.999929011
1781254006.612336 0.007722897 0.000103527 -0.002817377 0.000588332 -0.012935139 0.000568234 0.999916017
1781254006.645776 0.009165116 -0.000301665 -0.004259007 0.000495490 -0.013931452 0.000421194 0.999902785
1781254006.679217 0.010754885 -0.000611118 -0.005248507 0.000523324 -0.014965539 0.000288598 0.999887824
1781254006.712659 0.012501078 0.000227728 -0.005659639 0.000907041 -0.015335239 0.000340174 0.999881983
1781254006.846443 0.017507616 -0.000686445 -0.007838085 0.000661488 -0.014196992 -0.000218811 0.999898970
1781254006.879892 0.019193348 -0.000049848 -0.007016219 0.000982965 -0.013866491 -0.000182501 0.999903381
1781254006.913342 0.020522138 0.000156835 -0.006622866 0.001155806 -0.012943299 -0.000306928 0.999915540
1781254006.946794 0.021682465 -0.000278792 -0.006178470 0.000872303 -0.011914447 -0.000318553 0.999928594
1781254006.980247 0.023781322 -0.000059446 -0.005340307 0.001030396 -0.011733277 -0.000365767 0.999930561
1781254007.013701 0.024803132 -0.000032302 -0.005132737 0.001072888 -0.010909015 -0.000577051 0.999939740
1781254007.047157 0.026619844 0.000486526 -0.004110433 0.001296726 -0.010989951 -0.000525347 0.999938667
1781254007.080613 0.028548922 0.000111090 -0.003670486 0.001123314 -0.011059001 -0.000627266 0.999938011
1781254007.114072 0.030881735 -0.000073462 -0.003810867 0.001196591 -0.011751297 -0.000479629 0.999930143
1781254007.147531 0.032512102 -0.000002702 -0.003674878 0.001222068 -0.012546915 -0.000564073 0.999920428
1781254007.180991 0.035405561 0.000386563 -0.002942310 0.001354530 -0.013478157 -0.000488789 0.999908149
1781254007.214455 0.037304632 0.000689402 -0.002505259 0.001556091 -0.013940933 -0.000507635 0.999901474
1781254007.247918 0.039011206 -0.000532981 -0.003199968 0.001177947 -0.013697225 -0.000604977 0.999905348
1781254007.281382 0.041870311 0.000062236 -0.002579157 0.001560506 -0.013618340 -0.000539493 0.999905944
1781254007.314844 0.044133093 0.000158899 -0.001954739 0.001529953 -0.012111626 -0.000742170 0.999925196
1781254007.348240 0.047014132 -0.000063174 -0.001524353 0.001548244 -0.010720698 -0.000771298 0.999941051
1781254007.381637 0.049474224 -0.000560946 -0.001714263 0.001480752 -0.008730305 -0.000929929 0.999960363
1781254007.415033 0.052197300 -0.000646028 -0.001796951 0.001572605 -0.006726065 -0.001010895 0.999975622
1781254007.448431 0.055152334 -0.000275471 -0.001343413 0.001672565 -0.004676814 -0.001046110 0.999987125
1781254007.481828 0.057959668 -0.000842965 -0.001395157 0.001507655 -0.002526608 -0.001215508 0.999994934
1781254007.515227 0.060647938 0.000044645 -0.000529136 0.002077274 -0.000966408 -0.001444517 0.999996364
1781254007.548625 0.063939057 -0.000515651 -0.000154612 0.001737863 0.002005130 -0.001560165 0.999995291
1781254007.582024 0.067638636 -0.000487276 -0.000628072 0.001947898 0.003695047 -0.001524803 0.999990106
1781254007.615424 0.071425550 -0.001170163 -0.000727080 0.001752627 0.007321822 -0.001716372 0.999970198
1781254007.648824 0.075339243 -0.000377861 0.000383067 0.002136632 0.009750820 -0.001827713 0.999948502
1781254007.682225 0.078894824 -0.000594783 -0.000240321 0.002186874 0.011506397 -0.002067277 0.999929309
1781254007.715626 0.082823865 -0.000869698 0.000233538 0.002032989 0.014263807 -0.002196074 0.999893844
1781254007.749027 0.085633874 -0.000377062 0.000514969 0.002221965 0.016262706 -0.002326455 0.999862611
1781254007.782429 0.089552425 -0.001464742 -0.000424761 0.001838448 0.018876737 -0.002416598 0.999817193
1781254007.815832 0.092967160 -0.002080264 -0.000702835 0.001802392 0.020563079 -0.002079072 0.999784768
1781254007.849235 0.096533485 -0.000532306 0.000724789 0.002311144 0.022588542 -0.002330556 0.999739468
1781254007.882638 0.100225821 -0.000470056 0.001077212 0.002520352 0.023861870 -0.002194657 0.999709725
1781254007.916043 0.103694342 -0.000677018 0.000799176 0.002453938 0.025809750 -0.002399225 0.999661028
1781254007.949447 0.107213713 -0.000928882 0.000797483 0.002424473 0.027214974 -0.002373886 0.999623895
1781254007.982852 0.110554561 -0.000870203 0.000944377 0.002487096 0.028974012 -0.002590779 0.999573767
1781254008.016257 0.114337720 -0.000800541 0.000929292 0.002459638 0.030681038 -0.002683542 0.999522626
1781254008.049663 0.118383646 -0.001502018 0.000407849 0.002274408 0.032058422 -0.002557564 0.999480128
1781254008.083069 0.121978283 -0.001488802 0.000381568 0.002456924 0.033205055 -0.002714258 0.999441862
1781254008.116476 0.125312373 -0.001425843 0.000195087 0.002385489 0.035437666 -0.002923365 0.999364853
1781254008.149883 0.129391357 -0.001572754 -0.000229556 0.002419206 0.035876311 -0.002865286 0.999349296
1781254008.183290 0.132973120 -0.001437115 -0.000064155 0.002434724 0.037084762 -0.002829793 0.999305189
1781254008.216698 0.136610687 -0.001412597 -0.000316149 0.002563376 0.038058743 -0.002894368 0.999268055
1781254008.250107 0.140103251 -0.001262687 -0.000167680 0.002632636 0.039224677 -0.002975911 0.999222517
1781254008.283516 0.143526316 -0.002104351 -0.000781281 0.002255505 0.041104671 -0.003252272 0.999146998
1781254008.316924 0.146966115 -0.001742988 -0.000757992 0.002510278 0.042367432 -0.003152696 0.999094009
1781254008.350297 0.150580183 -0.001427471 -0.000670489 0.002660453 0.043788295 -0.003342363 0.999031723
1781254008.383676 0.153979301 -0.001431861 -0.000627281 0.002688033 0.045002818 -0.003531532 0.998977005
1781254008.417056 0.157962292 -0.001712699 -0.001147603 0.002616846 0.046552673 -0.003511827 0.998906255
1781254008.450435 0.161929891 -0.002251413 -0.001992069 0.002435330 0.047758490 -0.003420856 0.998850107
1781254008.483815 0.164802581 -0.002347883 -0.001796208 0.002285054 0.049639788 -0.003732109 0.998757660
1781254008.517195 0.168223873 -0.002522879 -0.001661592 0.002221911 0.050993919 -0.003849497 0.998689115
1781254008.550574 0.172587320 -0.002599765 -0.002440682 0.002225179 0.052281473 -0.003715300 0.998623073
1781254008.583954 0.175939128 -0.003089751 -0.001983511 0.002091674 0.054263107 -0.003928559 0.998516798
1781254008.617334 0.179924667 -0.002589536 -0.002231775 0.002382864 0.055242114 -0.004030627 0.998462021
1781254008.650714 0.183607146 -0.002624094 -0.002136659 0.002251756 0.057122771 -0.004256827 0.998355627
1781254008.684093 0.187842295 -0.002784312 -0.002564658 0.002324959 0.058056567 -0.004296734 0.998301387
1781254008.717473 0.191512749 -0.002400734 -0.002162519 0.002490570 0.059840858 -0.004412435 0.998195112
1781254008.750853 0.195317864 -0.002709650 -0.002786700 0.002452154 0.060935847 -0.004360683 0.998129129
1781254008.784233 0.198500901 -0.003506242 -0.003827098 0.002148520 0.062639259 -0.004432692 0.998024166
1781254008.817612 0.202410758 -0.003248905 -0.003401015 0.002426433 0.063666038 -0.004436527 0.997958481
1781254008.850992 0.206280872 -0.002935018 -0.003392880 0.002464583 0.064862013 -0.004489759 0.997881114
1781254008.884372 0.209736302 -0.003070951 -0.003682521 0.002452968 0.065940417 -0.004632677 0.997809827
1781254008.917752 0.213824645 -0.002558900 -0.003307416 0.002672773 0.067150556 -0.004695439 0.997728288
1781254008.951132 0.217610464 -0.002875282 -0.003517252 0.002567393 0.067411132 -0.004395321 0.997712314
1781254008.984511 0.220055982 -0.003920587 -0.004509483 0.002313754 0.068081327 -0.004489460 0.997667015
1781254009.017891 0.223984048 -0.003207303 -0.003695487 0.002506336 0.069062300 -0.004690733 0.997598171
1781254009.051271 0.227612957 -0.003389159 -0.003453271 0.002500242 0.069287665 -0.004347365 0.997584105
1781254009.084651 0.231013164 -0.003464391 -0.004087070 0.002422184 0.070045345 -0.004437318 0.997531056
1781254009.118031 0.234151691 -0.003411564 -0.004070451 0.002504198 0.070871875 -0.004339173 0.997472882
1781254009.151411 0.237364560 -0.003231743 -0.003825182 0.002587507 0.071409993 -0.004584482 0.997433186
1781254009.184791 0.239638790 -0.002798646 -0.003413716 0.002669666 0.072874434 -0.004949572 0.997325301
1781254009.218171 0.243017703 -0.003374845 -0.004644350 0.002605655 0.073344849 -0.004283516 0.997294068
1781254009.251551 0.245700315 -0.003663251 -0.005323174 0.002761638 0.073472969 -0.004271324 0.997284293
1781254009.284931 0.248715565 -0.003257931 -0.004751482 0.002884353 0.074295647 -0.004476083 0.997222066
1781254009.318312 0.251678526 -0.004028374 -0.004716809 0.002676824 0.074613415 -0.004664214 0.997198105
1781254009.351692 0.254987955 -0.003897415 -0.004782013 0.002743765 0.075423688 -0.004566389 0.997137368
1781254009.385081 0.257925481 -0.003798058 -0.004783741 0.002870718 0.076120704 -0.004559663 0.997084081
1781254009.418469 0.261570215 -0.003993238 -0.005096057 0.002848069 0.076453276 -0.004379564 0.997059524
1781254009.451859 0.264670730 -0.003510590 -0.005028606 0.003038228 0.077777945 -0.004753343 0.996954799
1781254009.485248 0.268446445 -0.004004898 -0.005657862 0.002894151 0.078194112 -0.004533193 0.996923685
1781254009.518638 0.271447539 -0.003452711 -0.004862150 0.003072652 0.079351708 -0.004718494 0.996830881
1781254009.552028 0.275672257 -0.003781343 -0.005736453 0.003019856 0.079791561 -0.004447530 0.996797144
1781254009.585418 0.278863221 -0.004051073 -0.005476249 0.003047404 0.080631517 -0.004780557 0.996727884
1781254009.618808 0.282479137 -0.004295629 -0.006654241 0.002953848 0.081757918 -0.004764704 0.996636510
1781254009.652199 0.285950869 -0.004369096 -0.006239300 0.002983228 0.082523718 -0.004886480 0.996572733
1781254009.685590 0.288907290 -0.003044869 -0.004901665 0.003457264 0.084180072 -0.004980287 0.996432185
1781254009.718981 0.293203592 -0.004477218 -0.006394133 0.002932007 0.084708974 -0.004660639 0.996390522
1781254009.752372 0.296770036 -0.004671743 -0.006641888 0.003057598 0.085188329 -0.004685976 0.996349156
1781254009.785764 0.300321639 -0.004478568 -0.006700389 0.002976636 0.086344294 -0.005032733 0.996248186
1781254009.819156 0.303989053 -0.005496208 -0.007458926 0.002598669 0.087534860 -0.005164057 0.996144772
1781254009.852548 0.306838036 -0.004169340 -0.006067680 0.003179448 0.088528894 -0.005004976 0.996056020
1781254009.885941 0.311091661 -0.004593791 -0.006486523 0.003028437 0.089662954 -0.005246979 0.995953739
1781254009.919333 0.314953297 -0.004582972 -0.006672421 0.002952280 0.090239711 -0.005266425 0.995901823
1781254009.952726 0.318919510 -0.004593829 -0.006796074 0.002888876 0.091648765 -0.005238920 0.995773435
1781254009.986119 0.321958035 -0.004992330 -0.006792631 0.002781790 0.092743143 -0.005465827 0.995671213
1781254010.019514 0.325754017 -0.005146409 -0.007074466 0.002803161 0.093482949 -0.005538328 0.995601594
1781254010.052907 0.329584539 -0.005251263 -0.007204405 0.002625772 0.095101856 -0.005483603 0.995449066
1781254010.086302 0.333808392 -0.005266422 -0.007808171 0.002762855 0.095759466 -0.005392347 0.995386124
1781254010.119696 0.338100940 -0.005386998 -0.008431109 0.002777059 0.097002737 -0.005819798 0.995263278
1781254010.153090 0.340013206 -0.003772104 -0.006014767 0.003388827 0.098704852 -0.005794356 0.995094121
1781254010.186485 0.342889369 -0.003609710 -0.006054151 0.003546896 0.099293925 -0.005550472 0.995036423
1781254010.219880 0.346287608 -0.004076789 -0.006545179 0.003253475 0.100706205 -0.005858398 0.994893730
1781254010.253275 0.349412948 -0.003736632 -0.006745637 0.003425771 0.101877309 -0.005936353 0.994773388
1781254010.286670 0.353050023 -0.004213449 -0.006541387 0.003262356 0.102610603 -0.005777374 0.994699538
1781254010.320066 0.356309831 -0.004889261 -0.007828673 0.003071148 0.103324763 -0.006068928 0.994624436
1781254010.353462 0.359614044 -0.004517471 -0.006278702 0.003257576 0.104419991 -0.006107572 0.994509280
1781254010.386851 0.362511516 -0.004561726 -0.006596797 0.003251537 0.106071964 -0.006152402 0.994334102
1781254010.453631 0.369014710 -0.004220245 -0.006224378 0.003303124 0.108703904 -0.006338298 0.994048536
1781254010.487022 0.372769773 -0.004936799 -0.006106182 0.003106326 0.109501608 -0.006551343 0.993960202
1781254010.520413 0.375112116 -0.003911446 -0.005235054 0.003429669 0.111215465 -0.006609640 0.993768513
1781254010.553804 0.378542840 -0.004059935 -0.005577678 0.003305838 0.112701505 -0.006609175 0.993601441
1781254010.587195 0.382329106 -0.005093450 -0.005451983 0.002979872 0.114317246 -0.006761173 0.993416905
1781254010.620587 0.385894120 -0.004995351 -0.005018264 0.003037885 0.116131298 -0.006981181 0.993204713
1781254010.653979 0.390385121 -0.005983994 -0.006096868 0.002788500 0.117508046 -0.006956367 0.993043661
1781254010.687371 0.394124389 -0.005370121 -0.004574729 0.003131646 0.119347617 -0.006959588 0.992823243
1781254010.720764 0.397989988 -0.005178106 -0.004342063 0.003053273 0.121442996 -0.007043256 0.992568791
1781254010.754157 0.400136709 -0.004161907 -0.004017935 0.003449505 0.123350151 -0.007341933 0.992330134
1781254010.787550 0.404847294 -0.005547410 -0.005120269 0.003148174 0.124658428 -0.007408318 0.992167115
1781254010.820943 0.408952713 -0.004844646 -0.004709253 0.003335507 0.126286983 -0.007267023 0.991961539
1781254010.854337 0.411189079 -0.005092323 -0.004001496 0.003257149 0.128627807 -0.008053103 0.991654932
1781254010.887731 0.415394276 -0.005409649 -0.004846521 0.003160489 0.129731044 -0.007867059 0.991513014
1781254010.921125 0.419770211 -0.005094554 -0.004231347 0.003370845 0.131577164 -0.008152411 0.991266668
1781254010.954519 0.419498503 -0.003930350 -0.001552697 0.003628069 0.135145321 -0.008421799 0.990783393
1781254010.987914 0.423588097 -0.004115796 -0.002146509 0.003480490 0.137507364 -0.008827938 0.990455329
1781254011.021309 0.426058948 -0.004356096 -0.000870964 0.003535037 0.139643654 -0.009003415 0.990154624
1781254011.054704 0.430087984 -0.004885122 -0.001983844 0.003292202 0.141656980 -0.008959023 0.989869833
1781254011.088099 0.432929158 -0.005135123 -0.002115345 0.003295737 0.143361047 -0.009495093 0.989619493
1781254011.121495 0.436899960 -0.006310267 -0.003622506 0.002896392 0.145424917 -0.009423942 0.989320159
1781254011.154891 0.438829601 -0.005299401 -0.002567400 0.003153939 0.148168758 -0.009767615 0.988908827
1781254011.188287 0.442915499 -0.005905333 -0.004099500 0.003015274 0.149920955 -0.009861427 0.988644242
1781254011.221684 0.444669098 -0.004798773 -0.002982492 0.003347192 0.152174011 -0.010004100 0.988297462
1781254011.255081 0.448882312 -0.005502811 -0.004360569 0.003207077 0.153471470 -0.010124561 0.988096058
1781254011.288478 0.452944398 -0.005565246 -0.005398866 0.003158621 0.154946998 -0.010518506 0.987861753
1781254011.321875 0.454673320 -0.005162385 -0.004429571 0.003405313 0.157262340 -0.010510474 0.987495065
1781254011.355273 0.458224863 -0.005340450 -0.005345042 0.003395910 0.159677565 -0.010687892 0.987105548
1781254011.388749 0.462380886 -0.007314830 -0.007153946 0.002757243 0.161333397 -0.010890146 0.986836076
1781254011.422226 0.465743661 -0.005745053 -0.006907392 0.003245240 0.164129928 -0.010870440 0.986373544
1781254011.455704 0.469050765 -0.006610459 -0.008497954 0.003080391 0.166490585 -0.010923119 0.985977709
1781254011.489182 0.471070021 -0.005272034 -0.008608266 0.003589540 0.169229001 -0.011343702 0.985504985
1781254011.522661 0.473614037 -0.006441655 -0.009933114 0.003221776 0.172340736 -0.011758293 0.984961987
1781254011.556141 0.478901416 -0.006954626 -0.010149040 0.003215062 0.173993930 -0.011855066 0.984670103
1781254011.589622 0.480070531 -0.007601765 -0.011918183 0.003001443 0.177403316 -0.012223613 0.984057784
1781254011.623103 0.484298527 -0.006423656 -0.012048488 0.003340625 0.180597603 -0.012745211 0.983468890
1781254011.656585 0.492001384 -0.005795520 -0.012816764 0.003671735 0.181652337 -0.012618134 0.983275056
1781254011.690068 0.493012547 -0.007082624 -0.014907185 0.003146324 0.185708344 -0.012833502 0.982516110
1781254011.723551 0.496580064 -0.006817513 -0.015709046 0.003279669 0.188275933 -0.013107933 0.982023239
1781254011.757035 0.500684738 -0.007405172 -0.017326934 0.003335333 0.191155404 -0.013625875 0.981459618
1781254011.790520 0.501376987 -0.006467321 -0.016210286 0.003622551 0.195623308 -0.013711819 0.980576575
1781254011.824006 0.504974782 -0.006686192 -0.017047798 0.003708932 0.198229328 -0.013655219 0.980053604
1781254011.857493 0.507910013 -0.008217733 -0.018064501 0.003201285 0.201743096 -0.014008706 0.979333103
1781254011.890980 0.512447417 -0.007366146 -0.018992322 0.003640631 0.204570174 -0.014047503 0.978744388
1781254011.924468 0.517436981 -0.008391091 -0.021357896 0.003312937 0.207166940 -0.014462148 0.978193164
1781254011.957956 0.521628439 -0.007251479 -0.021734523 0.003790242 0.210306257 -0.014568830 0.977519691
1781254011.991446 0.524992764 -0.007214111 -0.022444284 0.003839527 0.213586673 -0.014945139 0.976802349
1781254012.024936 0.528747976 -0.008234524 -0.024524987 0.003524412 0.216932699 -0.015144176 0.976062775
1781254012.058427 0.533296287 -0.009349641 -0.026691541 0.003193534 0.219753146 -0.015377766 0.975429118
1781254012.091918 0.538288772 -0.009922736 -0.028344441 0.003037128 0.223114952 -0.015742686 0.974660337
1781254012.125412 0.540901065 -0.008795259 -0.028629219 0.003454481 0.226578712 -0.016053470 0.973854482
1781254012.158905 0.545750022 -0.009450943 -0.030671023 0.003389210 0.229217857 -0.016080510 0.973236442
1781254012.192399 0.548872530 -0.009202482 -0.031756386 0.003440157 0.232980460 -0.016660105 0.972332656
1781254012.225893 0.552511752 -0.010608738 -0.033936664 0.003096810 0.235884100 -0.016822882 0.971630633
1781254012.259388 0.557322919 -0.010590585 -0.035919327 0.003142088 0.238508061 -0.016792152 0.970990300
1781254012.292884 0.561366379 -0.011169928 -0.038008511 0.002955151 0.241563842 -0.017253187 0.970227122
1781254012.326381 0.565395772 -0.010555274 -0.039443575 0.003228209 0.244085565 -0.017198693 0.969595850
1781254012.359874 0.569440484 -0.011616909 -0.040138837 0.002890010 0.247113824 -0.017788766 0.968818903
1781254012.393230 0.572778106 -0.011750069 -0.041341133 0.003047142 0.249513432 -0.017691433 0.968204975
1781254012.426585 0.577801168 -0.012166264 -0.044426598 0.002857953 0.251954764 -0.018010465 0.967567205
1781254012.459940 0.580163121 -0.014300213 -0.045825358 0.002288667 0.254678249 -0.018171871 0.966852427
1781254012.493294 0.579086661 -0.009175377 -0.041739069 0.004075986 0.259000212 -0.018025517 0.965700448
1781254012.526649 0.582274914 -0.009431969 -0.043841247 0.003972556 0.261739343 -0.018190570 0.964959025
1781254012.560002 0.584256649 -0.009110595 -0.044399396 0.004089932 0.264951587 -0.018489484 0.964075744
1781254012.660063 0.592947364 -0.008798119 -0.048521578 0.004439003 0.272196263 -0.019172033 0.962040544
1781254012.693416 0.595697582 -0.008103083 -0.050121021 0.004794660 0.274145514 -0.019261708 0.961483419
1781254012.726769 0.598666191 -0.009212883 -0.050485648 0.004424728 0.276353896 -0.019430583 0.960849285
1781254012.760122 0.600471199 -0.007212031 -0.051571995 0.005249445 0.278483599 -0.019532103 0.960228026
1781254012.793474 0.604881465 -0.010448259 -0.053893220 0.004164301 0.280255884 -0.019586425 0.959716499
1781254012.826827 0.606650412 -0.010578687 -0.054896332 0.004276591 0.282157958 -0.019975977 0.959150493
1781254012.860179 0.608259499 -0.009109586 -0.054994397 0.004750500 0.284819633 -0.019886045 0.958363116
1781254012.893531 0.612049639 -0.009531861 -0.057685062 0.004809032 0.286433131 -0.019964255 0.957880139
1781254012.926882 0.615807533 -0.011208363 -0.059705678 0.004276545 0.288262933 -0.020023061 0.957332432
1781254012.960233 0.617406726 -0.011532297 -0.060074549 0.004226364 0.290442675 -0.020325964 0.956667185
1781254012.993584 0.620433629 -0.012699721 -0.063368432 0.003954969 0.292757541 -0.020408101 0.955960751
1781254013.026935 0.624398291 -0.011215776 -0.064816378 0.004720945 0.294710487 -0.020285597 0.955359638
1781254013.060285 0.626296401 -0.012769043 -0.065846764 0.004128048 0.298448026 -0.020930169 0.954187453
1781254013.093636 0.629070282 -0.011056149 -0.066979781 0.004826365 0.301217765 -0.020921076 0.953313649
1781254013.126986 0.630836844 -0.011393122 -0.068262763 0.004639867 0.305262893 -0.021192502 0.952021003
1781254013.160336 0.634602070 -0.012817202 -0.071941234 0.004311691 0.307825863 -0.021284610 0.951194882
1781254013.193685 0.631734848 -0.010700852 -0.066947483 0.005007216 0.313373148 -0.021729024 0.949368238
1781254013.227034 0.636286318 -0.010289228 -0.069122858 0.005167012 0.316769004 -0.021898407 0.948235869
1781254013.260383 0.636392891 -0.011318673 -0.069964118 0.004866182 0.320924133 -0.022330008 0.946829140
1781254013.293732 0.638692141 -0.010559528 -0.072086468 0.005106615 0.324930668 -0.022625066 0.945453405
1781254013.327080 0.640759587 -0.011666267 -0.073566876 0.004907978 0.329225659 -0.022797225 0.943963289
1781254013.360430 0.644986749 -0.011040548 -0.077126384 0.005181682 0.333466053 -0.023014378 0.942466915
1781254013.393797 0.647330642 -0.011460621 -0.078960650 0.005177393 0.337528199 -0.023095183 0.941017866
1781254013.427163 0.650124609 -0.011395998 -0.081421137 0.005184867 0.342999548 -0.023786943 0.939020038
1781254013.460530 0.652101994 -0.011542959 -0.083320588 0.005199037 0.347902685 -0.024044542 0.937207878
1781254013.493896 0.655046344 -0.012779864 -0.086429745 0.004899665 0.353233784 -0.024370108 0.935204864
1781254013.527263 0.656771898 -0.011788415 -0.090101331 0.005429208 0.359559417 -0.024651933 0.932780743
1781254013.560629 0.658506572 -0.009800177 -0.090349868 0.006135556 0.365444839 -0.025067393 0.930475175
1781254013.593995 0.661314964 -0.010337627 -0.094360031 0.006032992 0.371403992 -0.025544016 0.928100348
1781254013.627361 0.663632452 -0.011166678 -0.097957708 0.006200323 0.376521379 -0.025624769 0.926032722
1781254013.660726 0.664940834 -0.013448025 -0.101053111 0.005395271 0.382442057 -0.026362350 0.923587620
1781254013.694092 0.670498967 -0.015897598 -0.105122760 0.004891716 0.386951536 -0.026305659 0.921711802
1781254013.727457 0.669648767 -0.013782492 -0.106683441 0.005647469 0.392714828 -0.026880413 0.919250071
1781254013.760822 0.668205202 -0.012839988 -0.103890747 0.005778397 0.400038362 -0.027374070 0.916071296
1781254013.794187 0.670059800 -0.012244707 -0.106367968 0.005949451 0.404809356 -0.027930092 0.913955092
1781254013.827552 0.672297180 -0.013441924 -0.108866699 0.005805767 0.409446210 -0.028083991 0.911883473
1781254013.860917 0.673670411 -0.013255156 -0.112446040 0.005799293 0.414440930 -0.028576717 0.909608960
1781254013.894281 0.675843239 -0.013888009 -0.114571422 0.005988402 0.418670684 -0.028532844 0.907670081
1781254013.927645 0.677027464 -0.012678365 -0.117020041 0.006298959 0.423174441 -0.028835552 0.905567408
1781254013.961010 0.679353178 -0.013829360 -0.120554738 0.006120507 0.426724970 -0.029013300 0.903895199
1781254013.994374 0.681247473 -0.013069122 -0.122972727 0.006594529 0.431104004 -0.029002985 0.901811957
1781254014.027738 0.682398856 -0.012545484 -0.126173556 0.006666894 0.435791641 -0.029644659 0.899534583
1781254014.061102 0.684170902 -0.012596793 -0.128727853 0.006709625 0.439997137 -0.029871823 0.897477150
1781254014.094465 0.683816195 -0.012436138 -0.130429015 0.006745239 0.445522755 -0.030103980 0.894738972
1781254014.127829 0.685587406 -0.013841571 -0.133959845 0.006525001 0.449438721 -0.030415922 0.892769396
1781254014.161193 0.688228190 -0.013217478 -0.137628093 0.006772781 0.453580618 -0.030687144 0.890661001
1781254014.194556 0.689527035 -0.013306098 -0.140989333 0.006903968 0.457658529 -0.030663429 0.888572335
1781254014.227920 0.691059947 -0.013757916 -0.144563198 0.006878601 0.461707175 -0.030864410 0.886468589
1781254014.261283 0.693676114 -0.014860291 -0.147335678 0.006747079 0.466008216 -0.030905901 0.884214759
1781254014.294646 0.692542076 -0.014430196 -0.150592044 0.006704321 0.469725221 -0.031892195 0.882211030
1781254014.328009 0.695784211 -0.015135561 -0.152865261 0.006598847 0.474044234 -0.031775203 0.879902780
1781254014.361372 0.697092295 -0.015119933 -0.155659139 0.006771386 0.477744997 -0.031861179 0.877894521
1781254014.394738 0.699297249 -0.014760653 -0.157205313 0.006941951 0.481453896 -0.032235552 0.875850976
1781254014.428103 0.701068521 -0.013746419 -0.162398726 0.007354172 0.484296232 -0.032568403 0.874266863
1781254014.461468 0.702787697 -0.017140226 -0.166672677 0.006697444 0.488097638 -0.032432437 0.872160614
1781254014.561562 0.707871079 -0.017398685 -0.174404517 0.006870213 0.498769373 -0.033483375 0.866060555
1781254014.594927 0.701763988 -0.018825613 -0.175132364 0.006455842 0.503697813 -0.033701945 0.863198161
1781254014.628291 0.702576160 -0.019658454 -0.177889466 0.006347698 0.507845998 -0.033761978 0.860762656
1781254014.661655 0.704166293 -0.019461185 -0.180614203 0.006528465 0.511652470 -0.034043066 0.858492970
1781254014.695019 0.704416454 -0.021225734 -0.183483839 0.006254886 0.514722466 -0.034098890 0.856655717
1781254014.728383 0.706061840 -0.021177920 -0.186027259 0.006359581 0.518458724 -0.034419153 0.854386091
1781254014.761746 0.707378983 -0.020959716 -0.189691499 0.006586104 0.521846652 -0.034498420 0.852316082
1781254014.795110 0.708636940 -0.021052226 -0.192117810 0.006685743 0.525267005 -0.034945522 0.850193381
1781254014.828473 0.710147321 -0.021152459 -0.194994032 0.006796946 0.528735638 -0.035130091 0.848032117
1781254014.861836 0.711207986 -0.022026328 -0.198534459 0.006659446 0.532158434 -0.035192311 0.845886886
1781254014.895200 0.712500453 -0.021693591 -0.201674491 0.006988511 0.535532773 -0.035534259 0.843737662
1781254014.928563 0.713373780 -0.022427458 -0.204966962 0.006922031 0.539299488 -0.035583433 0.841333449
1781254014.961926 0.713679790 -0.022024862 -0.207912549 0.007053396 0.542754471 -0.035966106 0.839091420
1781254014.995289 0.716109157 -0.022105254 -0.212251097 0.007249952 0.546228230 -0.036011226 0.836830616
1781254015.028651 0.716766596 -0.022633413 -0.214211211 0.007231443 0.550390601 -0.036592342 0.834073722
1781254015.062013 0.716464043 -0.023304274 -0.217370078 0.007129077 0.554080009 -0.036670320 0.831624866
1781254015.095376 0.718217731 -0.023203911 -0.220925078 0.007271651 0.558158994 -0.037063997 0.828873992
1781254015.128737 0.719298840 -0.024146689 -0.224538535 0.007217425 0.562368274 -0.037024282 0.826026142
1781254015.162099 0.721063495 -0.023236720 -0.228880078 0.007486448 0.566464603 -0.037837464 0.823183000
1781254015.195461 0.721949518 -0.025102274 -0.234062836 0.007470796 0.569947660 -0.037484698 0.820791543
1781254015.228822 0.723353028 -0.024733637 -0.236884579 0.007550765 0.574906945 -0.037825465 0.817309201
1781254015.262184 0.722892642 -0.026009712 -0.241048768 0.007346209 0.578878164 -0.038133372 0.814488828
1781254015.295545 0.725036979 -0.025700033 -0.243934140 0.007622589 0.583221793 -0.038434096 0.811367393
1781254015.328906 0.724016547 -0.026874401 -0.249331817 0.007344607 0.587982655 -0.038570680 0.807920039
1781254015.362267 0.725916207 -0.026408127 -0.253989637 0.007640979 0.591514647 -0.038626000 0.805332303
1781254015.395640 0.726613641 -0.026192669 -0.257979929 0.007651477 0.595736802 -0.039120153 0.802190006
1781254015.429012 0.727762580 -0.026394626 -0.259532928 0.007758711 0.600055158 -0.039441779 0.798948050
1781254015.462384 0.725628674 -0.026456589 -0.258903563 0.007964311 0.605440438 -0.039922629 0.794848800
1781254015.495757 0.725543439 -0.027334448 -0.262750894 0.007792154 0.609810352 -0.040008456 0.791498542
1781254015.529129 0.726609230 -0.027155291 -0.265316665 0.008001692 0.613688767 -0.040342771 0.788476050
1781254015.562501 0.727516234 -0.027469950 -0.267364800 0.007958268 0.617777586 -0.040560443 0.785265803
1781254015.595873 0.728264332 -0.028178472 -0.270832360 0.007946018 0.621701598 -0.040586170 0.782161653
1781254015.629245 0.729161859 -0.028027331 -0.272269309 0.007936752 0.625660777 -0.041073445 0.778972805
1781254015.662617 0.729352355 -0.028553195 -0.276092708 0.008082376 0.628984511 -0.041211814 0.776282668
1781254015.695989 0.729549289 -0.029117834 -0.279228270 0.007907772 0.632257700 -0.041181542 0.773622513
1781254015.729360 0.730877519 -0.030198228 -0.282297611 0.008028288 0.635143101 -0.041261137 0.771249890
1781254015.762732 0.729759097 -0.030070055 -0.284435064 0.008070140 0.638925970 -0.041372590 0.768112481
1781254015.796103 0.730948210 -0.029740440 -0.286176205 0.008282785 0.641684592 -0.041508812 0.765799820
1781254015.829475 0.730963945 -0.029507073 -0.288650066 0.008435154 0.644433439 -0.041980863 0.763460577
1781254015.862846 0.729851842 -0.029527456 -0.291637093 0.008352549 0.647559524 -0.042242844 0.760797322
1781254015.896217 0.731321573 -0.029413948 -0.293913424 0.008530912 0.650321424 -0.042482734 0.758422434
1781254015.929588 0.729584515 -0.031309079 -0.296252728 0.008109272 0.653285205 -0.042507518 0.755874276
1781254015.962959 0.731095552 -0.031156689 -0.298036963 0.008074176 0.656440139 -0.042686168 0.753126264
1781254015.996330 0.730181336 -0.031835113 -0.302093625 0.008250164 0.659042180 -0.042602800 0.750853181
1781254016.029701 0.729399681 -0.030964769 -0.304282337 0.008547395 0.663011670 -0.042872105 0.747331619
1781254016.063072 0.729301929 -0.031910907 -0.307399124 0.008504071 0.666638374 -0.042708006 0.744108260
1781254016.096443 0.729683399 -0.031548955 -0.308135957 0.008674444 0.670931697 -0.043040909 0.740218222
1781254016.129813 0.728483915 -0.032529987 -0.311583698 0.008162843 0.675119519 -0.043225437 0.736395657
1781254016.163184 0.727386236 -0.032012895 -0.315199822 0.008868435 0.679586709 -0.042873822 0.732287645
1781254016.196554 0.726222634 -0.033517200 -0.316377729 0.008242038 0.685294330 -0.043313809 0.726930380
1781254016.229925 0.724258006 -0.030022347 -0.317232966 0.008921303 0.690100312 -0.044413164 0.722294569
1781254016.263295 0.723562002 -0.030159757 -0.319606543 0.009193169 0.695484996 -0.044451650 0.717105448
1781254016.296665 0.722079515 -0.030374430 -0.323601007 0.009119895 0.699784100 -0.044818342 0.712888777
1781254016.330037 0.721296191 -0.031517465 -0.326260537 0.008959907 0.704325736 -0.044742640 0.708408833
1781254016.363407 0.720942974 -0.031313397 -0.329294503 0.009022699 0.708796084 -0.045097478 0.703912675
1781254016.396779 0.719813824 -0.031425286 -0.332771093 0.009117010 0.712934196 -0.045191158 0.699713945
1781254016.430151 0.719530225 -0.031800564 -0.335142702 0.008889426 0.717075288 -0.045476854 0.695453763
1781254016.463522 0.718140900 -0.032549378 -0.338815033 0.009047918 0.720944524 -0.045292445 0.691451907
1781254016.496893 0.717609644 -0.032963790 -0.341962725 0.008867789 0.725247920 -0.045619287 0.686917663
1781254016.530264 0.715940356 -0.033199068 -0.344801337 0.009211699 0.728934109 -0.045553267 0.683004498
1781254016.563635 0.715021610 -0.033149794 -0.347910345 0.009142544 0.733374774 -0.045803569 0.678218246
1781254016.597006 0.713554084 -0.033648115 -0.350969732 0.009233753 0.736864388 -0.045844305 0.674421191
1781254016.630378 0.712139010 -0.033301704 -0.353789449 0.009319884 0.740236998 -0.045973174 0.670707822
1781254016.663748 0.711283326 -0.032989003 -0.356217593 0.009486694 0.743342161 -0.046126101 0.667251706
1781254016.697119 0.708852112 -0.034583878 -0.359091282 0.009237653 0.746624947 -0.046142593 0.663578808
1781254016.730490 0.708612502 -0.033462457 -0.362486303 0.009621688 0.750099599 -0.046545144 0.659614801
1781254016.763860 0.707648039 -0.034180749 -0.365264773 0.009448355 0.753376126 -0.046810396 0.655853629
1781254016.797231 0.705173194 -0.035372242 -0.368789613 0.009361831 0.756826818 -0.046542052 0.651889086
1781254016.830601 0.704498529 -0.035423465 -0.371138692 0.009125275 0.760276198 -0.046853390 0.647843838
1781254016.863971 0.703787327 -0.035805471 -0.372517884 0.009167452 0.763604164 -0.046993576 0.643907130
1781254016.897342 0.702400923 -0.036768824 -0.376824677 0.009066060 0.766761661 -0.046802577 0.640159249
1781254016.930712 0.700532079 -0.037221447 -0.381453931 0.009196780 0.769509912 -0.046994612 0.636837065
1781254016.964082 0.699344814 -0.036297642 -0.384929240 0.009599058 0.772979677 -0.047268070 0.632594764
1781254016.997452 0.698149920 -0.037763618 -0.387347043 0.009577811 0.776255906 -0.046993818 0.628591001
1781254017.030823 0.695547581 -0.038324695 -0.390583456 0.009537901 0.779912293 -0.047055725 0.624044538
1781254017.064193 0.693607807 -0.038101390 -0.394852817 0.009443793 0.783013940 -0.047361314 0.620126545
1781254017.097562 0.696154118 -0.035466537 -0.392910659 0.009470674 0.787068605 -0.048612334 0.614874125
1781254017.130932 0.694876671 -0.035841659 -0.397057593 0.009402838 0.790520906 -0.048586812 0.610432327
1781254017.164301 0.693490505 -0.035620742 -0.400270283 0.009482603 0.793670714 -0.048872840 0.606307149
1781254017.197671 0.691867590 -0.035768211 -0.405634701 0.009992426 0.796383917 -0.048611987 0.602751791
1781254017.231040 0.691139460 -0.035759516 -0.407589614 0.009649104 0.799995303 -0.049277157 0.597901523
1781254017.264410 0.689020753 -0.036865234 -0.411552370 0.009539786 0.802521110 -0.049153280 0.594519079
1781254017.297779 0.688209176 -0.036283329 -0.414581478 0.009705533 0.805243075 -0.049656183 0.590782344
1781254017.331148 0.685818017 -0.037451621 -0.419678628 0.009766799 0.807891250 -0.049497150 0.587168157
1781254017.364517 0.683418870 -0.038080398 -0.424570143 0.009844488 0.810306489 -0.049440738 0.583833992
1781254017.397889 0.682928324 -0.037518363 -0.426994324 0.009930145 0.813061595 -0.049910929 0.579949260
1781254017.431261 0.681075811 -0.036717653 -0.431978881 0.009855189 0.815592110 -0.050467033 0.576337993
1781254017.464633 0.679377198 -0.036852196 -0.434766412 0.010038508 0.818175018 -0.050702967 0.572641432
1781254017.498005 0.675752997 -0.038267180 -0.439228117 0.010008429 0.820500255 -0.050395176 0.569332540
1781254017.531376 0.675557911 -0.036902934 -0.444029808 0.010298954 0.822697759 -0.050960626 0.566096663
1781254017.564748 0.673951745 -0.038353525 -0.449528635 0.010244160 0.824287772 -0.050763041 0.563797772
1781254017.598120 0.672417700 -0.037150390 -0.451653600 0.010192010 0.826411307 -0.051566865 0.560608089
1781254017.631491 0.669285953 -0.038653821 -0.455635965 0.010590539 0.827395856 -0.050934166 0.559204519
1781254017.664863 0.669308305 -0.036865808 -0.460127771 0.010581260 0.828723669 -0.051808268 0.557154477
1781254017.698234 0.667483449 -0.037749395 -0.467879832 0.011007653 0.829355478 -0.051673412 0.556217849
1781254017.731606 0.664683938 -0.039023861 -0.469177783 0.010750040 0.830658555 -0.051511571 0.554290056
1781254017.764977 0.660689354 -0.039847188 -0.472637236 0.010984779 0.831814468 -0.051324207 0.552566707
1781254017.798349 0.658212185 -0.039562207 -0.478467047 0.010840402 0.833058894 -0.051641800 0.550661922
1781254017.831720 0.659627199 -0.038839728 -0.484676361 0.011114229 0.834096014 -0.052382816 0.549014032
1781254017.865091 0.653103709 -0.040104438 -0.489083290 0.011509695 0.835401535 -0.051795371 0.547073185
1781254017.898462 0.651191950 -0.039678976 -0.493901670 0.011822238 0.836287439 -0.052728813 0.545621753
1781254017.931833 0.650009394 -0.039695863 -0.500262022 0.011676048 0.836199939 -0.052633926 0.545768380
1781254017.965204 0.645234704 -0.040968418 -0.505639970 0.013271169 0.839416802 -0.050940178 0.540932894
1781254017.998575 0.642285407 -0.042715915 -0.507004440 0.010878761 0.839972138 -0.052867197 0.539938509
1781254018.031946 0.638803184 -0.042047549 -0.511278212 0.012191953 0.842583299 -0.051826742 0.535927892
1781254018.065317 0.637790918 -0.042431638 -0.517543674 0.012003499 0.843837261 -0.052594688 0.533880591
1781254018.098687 0.633875728 -0.043402281 -0.522544742 0.011964370 0.845379472 -0.052558642 0.531439662
1781254018.132058 0.631294847 -0.043928321 -0.522439063 0.011942863 0.847991645 -0.052729428 0.527244925
1781254018.165429 0.626255035 -0.044758875 -0.529041409 0.011477130 0.848955631 -0.053095430 0.525664926
1781254018.198799 0.626034915 -0.043358192 -0.536262095 0.011677505 0.850021839 -0.053672858 0.523875773
1781254018.232170 0.625012636 -0.040654276 -0.527134359 0.011218529 0.853379130 -0.055308193 0.518226981
1781254018.265540 0.622400522 -0.040646046 -0.531166255 0.011295379 0.854777753 -0.055321928 0.515913785
1781254018.298911 0.619853139 -0.040856272 -0.535009742 0.011337520 0.856387198 -0.055710923 0.513194680
1781254018.332281 0.616971433 -0.041236646 -0.539796472 0.011355713 0.857463002 -0.055698086 0.511396229
1781254018.365652 0.614660263 -0.041574739 -0.544772148 0.011453586 0.858641148 -0.055752642 0.509407401
1781254018.399020 0.612571001 -0.042452641 -0.549377441 0.011508894 0.859988868 -0.055684142 0.507135153
1781254018.432389 0.609164238 -0.042973898 -0.554593325 0.011757139 0.860838711 -0.055585384 0.505696416
1781254018.465757 0.606756151 -0.041954897 -0.558294773 0.012006520 0.862130582 -0.056034654 0.503435075
1781254018.499125 0.604184866 -0.042947613 -0.563821971 0.011891979 0.863062978 -0.056079157 0.501832783
1781254018.532493 0.602247357 -0.042173997 -0.566302180 0.011978558 0.864408731 -0.056473650 0.499464571
1781254018.565861 0.598976433 -0.042909935 -0.568890214 0.011722750 0.865915656 -0.056583885 0.496841013
1781254018.599229 0.596336186 -0.042847861 -0.573032856 0.011958484 0.867255270 -0.056691945 0.494480878
1781254018.632596 0.593326926 -0.044122033 -0.577579916 0.012346543 0.868446231 -0.056317884 0.492419630
1781254018.665964 0.589951575 -0.043039408 -0.582390070 0.012320731 0.869955897 -0.057045072 0.489664048
1781254018.699331 0.586386085 -0.043925613 -0.585172176 0.012439539 0.871681631 -0.056834355 0.486606896
1781254018.732698 0.583604872 -0.044666793 -0.590581834 0.012658766 0.873060286 -0.056786872 0.484128892
1781254018.766065 0.580356181 -0.044338625 -0.594294071 0.012776360 0.874719679 -0.056973699 0.481099129
1781254018.799432 0.576624334 -0.043712653 -0.598622322 0.012915118 0.876458585 -0.057473581 0.477860183
1781254018.832799 0.573899448 -0.044257525 -0.601284504 0.012953991 0.878083110 -0.057369668 0.474880069
1781254018.866166 0.570799232 -0.043762099 -0.605548501 0.012805365 0.879710913 -0.058076963 0.471775174
1781254018.966266 0.559786320 -0.045246053 -0.618145347 0.013331511 0.883905351 -0.057739552 0.463896245
1781254018.999632 0.555872440 -0.045045398 -0.623104870 0.013493045 0.885161459 -0.058099125 0.461445153
1781254019.032999 0.554511786 -0.044620413 -0.628171742 0.013326343 0.886523128 -0.058569770 0.458768725
1781254019.066365 0.550605893 -0.044216849 -0.628810227 0.013389317 0.888167858 -0.058676552 0.455560923
1781254019.099731 0.547974586 -0.043967295 -0.632280231 0.013575061 0.889629900 -0.059008420 0.452650517
1781254019.133098 0.544936895 -0.043752898 -0.635221481 0.013543563 0.890898108 -0.059385840 0.450100541
1781254019.166464 0.542169452 -0.044271365 -0.641913176 0.013484633 0.892131865 -0.059304260 0.447662830
1781254019.199829 0.538489819 -0.045196682 -0.636936188 0.013648032 0.894774497 -0.058782715 0.442421794
1781254019.233195 0.535035908 -0.044495534 -0.639708579 0.013498147 0.895857930 -0.059120439 0.440183342
1781254019.266561 0.531314611 -0.045026060 -0.643802285 0.013773694 0.897217453 -0.058965486 0.437417686
1781254019.299926 0.528007507 -0.045364190 -0.646378398 0.013569099 0.898378134 -0.059105929 0.435016304
1781254019.333292 0.524209142 -0.045142442 -0.650966346 0.013909578 0.899573565 -0.059288491 0.432502925
1781254019.366657 0.521368265 -0.045457792 -0.654426992 0.013983616 0.901014090 -0.059402868 0.429475695
1781254019.400039 0.517419934 -0.045179546 -0.659500599 0.013825725 0.901857913 -0.059898820 0.427636951
1781254019.433422 0.513179541 -0.045719001 -0.663593233 0.014060142 0.902871490 -0.059672482 0.425516933
1781254019.466805 0.510203958 -0.045495886 -0.668269098 0.013859825 0.903607190 -0.060226321 0.423880696
1781254019.500187 0.505509913 -0.046336200 -0.671836257 0.013906232 0.904837251 -0.060005277 0.421278536
1781254019.533569 0.501877904 -0.045724947 -0.676376402 0.014256249 0.905855775 -0.060342330 0.419023782
1781254019.566952 0.497920364 -0.046780076 -0.679885030 0.013942620 0.906862974 -0.060267933 0.416860908
1781254019.600334 0.493359506 -0.046400584 -0.684634686 0.014014240 0.907904148 -0.060294259 0.414582282
1781254019.633717 0.490036696 -0.047191203 -0.689497709 0.013840551 0.908916712 -0.060364574 0.412352920
1781254019.667099 0.486927956 -0.046654504 -0.693157732 0.013951098 0.910309553 -0.060586020 0.409232736
1781254019.700481 0.482750535 -0.046529945 -0.699974120 0.013839900 0.911120236 -0.060978252 0.407369614
1781254019.733864 0.478396446 -0.047628239 -0.702952087 0.013546806 0.912176609 -0.060686380 0.405052602
1781254019.767246 0.474687308 -0.046295602 -0.708105564 0.013834276 0.913316905 -0.061226636 0.402383238
1781254019.800629 0.470832974 -0.047359772 -0.712832987 0.013958140 0.914280653 -0.060879067 0.400237322
1781254019.834012 0.468486577 -0.047129653 -0.716489911 0.013637815 0.915193379 -0.061349798 0.398084790
1781254019.867394 0.463772744 -0.049297627 -0.717149317 0.013441458 0.916270435 -0.060517684 0.395734161
1781254019.900777 0.460454106 -0.049662411 -0.721167326 0.013464606 0.917037189 -0.060415227 0.393969029
1781254019.934159 0.456696779 -0.049843900 -0.724476814 0.013234512 0.917792797 -0.060565408 0.392190218
1781254019.967542 0.453975588 -0.049727347 -0.729293406 0.013245759 0.918411791 -0.060675591 0.390720904
1781254020.000924 0.450620204 -0.050177921 -0.733138382 0.013006508 0.919123113 -0.060785938 0.389035523
1781254020.034306 0.447256207 -0.050608706 -0.737370849 0.013040322 0.919684291 -0.060731806 0.387714446
1781254020.067689 0.444264680 -0.050373048 -0.740588665 0.012825319 0.920265555 -0.060918398 0.386310488
1781254020.101071 0.441032231 -0.050419059 -0.744240880 0.012875482 0.920711339 -0.061001275 0.385232002
1781254020.134454 0.437934875 -0.051063556 -0.748129249 0.012821103 0.921007335 -0.060915120 0.384539276
1781254020.167836 0.434787750 -0.051044751 -0.751769245 0.012844228 0.921300828 -0.060931727 0.383832306
1781254020.201219 0.431926578 -0.051472317 -0.754668951 0.012705651 0.921861887 -0.061054066 0.382467955
1781254020.234601 0.429203629 -0.051930625 -0.757883132 0.012757650 0.922202229 -0.060902260 0.381668925
1781254020.267983 0.426628560 -0.051648382 -0.762609363 0.012778288 0.922423065 -0.061272819 0.381074905
1781254020.301366 0.423740029 -0.051766213 -0.765455842 0.012694858 0.922275126 -0.061344940 0.381424069
1781254020.334748 0.420374721 -0.052576501 -0.768828273 0.012719325 0.922462344 -0.061151598 0.381001383
1781254020.368131 0.417685032 -0.052592233 -0.771983683 0.012810537 0.922611415 -0.061133362 0.380639911
1781254020.401502 0.413854122 -0.052938867 -0.775543928 0.012774581 0.922609389 -0.061098877 0.380651623
1781254020.434875 0.411345005 -0.053330693 -0.779188037 0.012921988 0.922717690 -0.060960840 0.380406231
1781254020.468246 0.407719105 -0.053197864 -0.782917261 0.012701967 0.922820985 -0.061253861 0.380115956
1781254020.501618 0.404671222 -0.053776212 -0.785533547 0.012676600 0.922927201 -0.061260488 0.379857659
1781254020.534991 0.402437359 -0.053721767 -0.788594842 0.012626431 0.923311055 -0.061341990 0.378912300
1781254020.568362 0.399485976 -0.054034110 -0.793408632 0.012949169 0.923375249 -0.061326977 0.378747314
1781254020.601734 0.396202743 -0.053886335 -0.796101868 0.012654023 0.923664570 -0.061552692 0.378014505
1781254020.701849 0.385082543 -0.055178385 -0.807370126 0.012687382 0.924640059 -0.061356362 0.375653088
1781254020.735220 0.381628901 -0.055527758 -0.811198413 0.012853426 0.925005496 -0.061265394 0.374761522
1781254020.768591 0.377700210 -0.056407925 -0.815756559 0.012721702 0.925162494 -0.061199952 0.374389023
1781254020.801962 0.374918878 -0.055989005 -0.820028901 0.012771560 0.925339580 -0.061609618 0.373882085
1781254020.835334 0.373637140 -0.053839929 -0.823078215 0.013612248 0.925829172 -0.062013615 0.372571230
1781254020.868705 0.370323718 -0.053716201 -0.826325476 0.013583565 0.926240683 -0.062160965 0.371523529
1781254020.902076 0.367272139 -0.053596593 -0.830681801 0.013487753 0.926551461 -0.062387988 0.370713264
1781254020.935447 0.363870502 -0.054378167 -0.834168673 0.013693341 0.926897764 -0.062001649 0.369903982
1781254020.968817 0.360672057 -0.053795315 -0.837771475 0.013499311 0.927037060 -0.062435620 0.369488627
1781254021.002188 0.357283890 -0.054853845 -0.841515422 0.013547176 0.927273989 -0.062021498 0.368961871
1781254021.035559 0.354495406 -0.055102248 -0.844369471 0.013369150 0.927742183 -0.062226143 0.367755055
1781254021.068930 0.351054609 -0.055358835 -0.847907603 0.013320112 0.927969873 -0.062038925 0.367213488
1781254021.102300 0.348099649 -0.055308815 -0.851408601 0.013364013 0.928377092 -0.062161140 0.366160512
1781254021.135671 0.344432652 -0.056287315 -0.855133891 0.013433256 0.928449452 -0.061760116 0.366042197
1781254021.169041 0.341542602 -0.055642545 -0.859348059 0.013229758 0.928691447 -0.062173765 0.365365088
1781254021.269154 0.331022382 -0.056981064 -0.871157050 0.013332012 0.929418623 -0.061910521 0.363552392
1781254021.302524 0.327035367 -0.057311233 -0.875015676 0.013329883 0.929791987 -0.061890487 0.362600148
1781254021.335894 0.322757542 -0.057276718 -0.878911614 0.013575008 0.930078030 -0.061963752 0.361844063
1781254021.369265 0.318729341 -0.057944223 -0.883699536 0.013417382 0.930459201 -0.061800532 0.360896707
1781254021.402638 0.314334512 -0.058522400 -0.888239324 0.013593007 0.930663407 -0.061678868 0.360383958
1781254021.436011 0.309546590 -0.058442589 -0.893245220 0.013428796 0.931218207 -0.061730161 0.358945370
1781254021.469384 0.304143250 -0.058558173 -0.898605168 0.013741714 0.931060970 -0.061540060 0.359373957
1781254021.502757 0.299551845 -0.059027914 -0.904110014 0.013458840 0.931854784 -0.061420843 0.357341588
1781254021.536130 0.295996010 -0.059127212 -0.909760058 0.013802418 0.932626665 -0.061233796 0.355341196
1781254021.569503 0.290899634 -0.059998438 -0.915398121 0.013311557 0.932583869 -0.061396379 0.355444431
1781254021.602876 0.285316229 -0.060173161 -0.920869887 0.013532377 0.933281779 -0.061108354 0.353649229
1781254021.636249 0.279244065 -0.061285157 -0.926684976 0.013036184 0.933623433 -0.061073381 0.352771223
1781254021.669622 0.273215592 -0.061190486 -0.932313025 0.013212671 0.933617413 -0.061110221 0.352774173
1781254021.702995 0.268100381 -0.061720826 -0.938039303 0.013303636 0.934095740 -0.061048873 0.351512849
1781254021.736367 0.263140261 -0.062640116 -0.943713665 0.012848951 0.934344172 -0.061036881 0.350871086
1781254021.769740 0.256841242 -0.062986918 -0.949815035 0.012871860 0.934637725 -0.060930952 0.350105941
1781254021.803113 0.251818478 -0.062643722 -0.955546260 0.012918087 0.935004592 -0.061264541 0.349064857
1781254021.836485 0.246200085 -0.063580260 -0.961323977 0.012995569 0.935337842 -0.061016213 0.348211497
1781254021.869858 0.242057860 -0.062937446 -0.967622221 0.013217453 0.935641468 -0.061497517 0.347301751
1781254021.903230 0.236833334 -0.063752666 -0.971803069 0.012648433 0.936154902 -0.061411232 0.345951796
1781254021.936604 0.230734646 -0.064610794 -0.976609588 0.012627838 0.936502278 -0.061346397 0.345022768
1781254021.969976 0.224503398 -0.065865137 -0.981582940 0.012499736 0.936767936 -0.061037898 0.344360292
1781254022.003348 0.218919635 -0.066322967 -0.986389995 0.012467307 0.937179327 -0.060913969 0.343262285
1781254022.036721 0.214674771 -0.066055752 -0.992068231 0.012746803 0.937231719 -0.061300773 0.343039960
1781254022.070092 0.209587693 -0.065808631 -0.997318983 0.012996677 0.937391102 -0.061424069 0.342572868
1781254022.103465 0.205277741 -0.065819517 -1.001552582 0.012893981 0.937766969 -0.061525233 0.341528177
1781254022.136837 0.200407803 -0.065556020 -1.006424427 0.012749756 0.938160419 -0.061656054 0.340427697
1781254022.170209 0.195962191 -0.065664217 -1.012498736 0.013130509 0.938466370 -0.061726622 0.339556128
1781254022.203581 0.190135956 -0.066383600 -1.016771436 0.012630274 0.938677907 -0.061727729 0.338989705
1781254022.236952 0.186700046 -0.066642150 -1.021449804 0.012768168 0.939018846 -0.061734006 0.338037699
1781254022.270324 0.179658413 -0.067437686 -1.027706623 0.013049020 0.938924551 -0.061466523 0.338337600
1781254022.303696 0.176007450 -0.068426378 -1.032095551 0.012722261 0.939647138 -0.061173677 0.336391538
1781254022.337068 0.169699013 -0.068963602 -1.037286639 0.012740239 0.939928412 -0.061201435 0.335599065
1781254022.370440 0.166695118 -0.068419151 -1.042308569 0.012738592 0.940077543 -0.061795149 0.335072130
1781254022.403812 0.161998689 -0.068708442 -1.046968102 0.013001373 0.940562010 -0.061596468 0.333736420
1781254022.437185 0.157140672 -0.069304168 -1.051697850 0.012712874 0.940907001 -0.061708767 0.332752973
1781254022.470557 0.151709914 -0.069890201 -1.056006908 0.012411783 0.941118598 -0.061537609 0.332197040
1781254022.503929 0.146633089 -0.070708528 -1.060185194 0.012267668 0.941429496 -0.061359264 0.331353575
1781254022.537301 0.142030478 -0.070470884 -1.064805508 0.012640683 0.941575170 -0.061479859 0.330902785
1781254022.570673 0.138270438 -0.070321128 -1.069369435 0.012509412 0.941934228 -0.061773304 0.329829603
1781254022.604045 0.132324815 -0.071185574 -1.074336767 0.012282863 0.942104638 -0.061591677 0.329385191
1781254022.637418 0.127341032 -0.071837336 -1.078247786 0.011921618 0.942305803 -0.061672475 0.328807294
1781254022.670790 0.123905540 -0.070751488 -1.082570791 0.012302385 0.942402065 -0.062200449 0.328417510
1781254022.704162 0.118615746 -0.071327291 -1.087387562 0.012514468 0.942600429 -0.061993193 0.327879012
1781254022.737534 0.114592314 -0.072450668 -1.091246843 0.011899965 0.943175197 -0.061640024 0.326312065
1781254022.770905 0.110903740 -0.072875038 -1.094030380 0.012172905 0.943170547 -0.061919048 0.326262593
1781254022.804277 0.108409882 -0.072094291 -1.098985553 0.011733183 0.942445219 -0.062632158 0.328232676
1781254022.837649 0.104488492 -0.072823435 -1.101780415 0.012380647 0.943108797 -0.061900999 0.326436758
1781254022.871020 0.097947121 -0.073226437 -1.106669426 0.012676857 0.942295492 -0.061946709 0.328757197
1781254022.904392 0.096364260 -0.073499352 -1.110125780 0.012169518 0.942519486 -0.061867040 0.328148574
1781254022.937763 0.092575788 -0.073608078 -1.113397717 0.011887199 0.942991138 -0.062092822 0.326758265
1781254022.971134 0.087383866 -0.073754832 -1.118395925 0.012285097 0.942711294 -0.062064219 0.327555448
1781254023.004506 0.084370017 -0.073378049 -1.122922659 0.012377284 0.942830741 -0.062270008 0.327168852
1781254023.037877 0.081086278 -0.073869541 -1.127035975 0.011897244 0.942963183 -0.062260017 0.326806784
1781254023.071248 0.076490164 -0.074088931 -1.132079601 0.011886241 0.942537963 -0.062280644 0.328027725
1781254023.104619 0.071773529 -0.074535653 -1.137191772 0.012197324 0.942623019 -0.062085129 0.327808887
1781254023.137990 0.068186879 -0.074112259 -1.142179608 0.012111721 0.942621708 -0.062275641 0.327779561
1781254023.171361 0.064635634 -0.073250622 -1.148277760 0.012116559 0.942369580 -0.062689386 0.328424990
1781254023.204732 0.062016487 -0.073629901 -1.150948644 0.011933723 0.942548871 -0.062597841 0.327934057
1781254023.238103 0.055333853 -0.075766042 -1.155790567 0.012024511 0.942104220 -0.061958298 0.329326928
1781254023.271474 0.051958442 -0.075702451 -1.159933090 0.011952606 0.942307115 -0.061999545 0.328740835
1781254023.304844 0.047908783 -0.076356374 -1.164031506 0.011763011 0.942116022 -0.061843656 0.329324186
1781254023.338216 0.044870973 -0.076212548 -1.169274926 0.011421249 0.942083240 -0.062187262 0.329365343
1781254023.371587 0.041712523 -0.075889140 -1.171068192 0.011898300 0.942342818 -0.061744712 0.328688383
1781254023.404960 0.036673069 -0.076064490 -1.175788641 0.011850649 0.942179561 -0.061863452 0.329135448
1781254023.438333 0.032680869 -0.077093937 -1.179614902 0.011695839 0.942021370 -0.061544094 0.329653382
1781254023.471706 0.030190229 -0.076590747 -1.183651686 0.011533693 0.942022800 -0.061952628 0.329578459
1781254023.505079 0.026937127 -0.076271936 -1.188116550 0.011463813 0.941967070 -0.062164277 0.329700202
1781254023.538451 0.022883534 -0.076947391 -1.192133665 0.011467093 0.941915870 -0.062035162 0.329870850
1781254023.571824 0.020398855 -0.077132843 -1.196404099 0.011170660 0.941978097 -0.062088136 0.329693258
1781254023.605197 0.016012073 -0.077058122 -1.200663686 0.011538312 0.941741407 -0.062136672 0.330346823
1781254023.638569 0.011416078 -0.077824667 -1.204956532 0.011245044 0.941621244 -0.061995763 0.330725789
1781254023.671942 0.007573128 -0.078030944 -1.209918737 0.011367395 0.941428244 -0.062052988 0.331259936
1781254023.705314 0.002227068 -0.078813486 -1.213911295 0.011211843 0.941435695 -0.061871082 0.331277937
1781254023.738687 -0.000610828 -0.078285128 -1.218551397 0.011120189 0.941466093 -0.062109403 0.331150085
1781254023.772059 -0.004701734 -0.078263074 -1.224028826 0.011102198 0.941478491 -0.062207345 0.331097126
1781254023.805431 -0.009274125 -0.078998491 -1.228725672 0.010795834 0.941437244 -0.062017471 0.331260085
1781254023.838804 -0.013198137 -0.078502834 -1.233278513 0.010842618 0.941389978 -0.062173430 0.331363678
1781254023.872176 -0.017101407 -0.078847691 -1.238543987 0.010829673 0.941168725 -0.062196061 0.331987590
1781254023.905548 -0.020570397 -0.078757770 -1.242937088 0.010760804 0.941305518 -0.062181085 0.331604689
1781254023.938920 -0.024831653 -0.077776663 -1.248045206 0.011058218 0.941272736 -0.062572755 0.331614286
1781254023.972292 -0.030587673 -0.079127997 -1.252412438 0.011103311 0.941097438 -0.062090166 0.332200676
1781254024.005664 -0.034201980 -0.079368562 -1.257398129 0.011070204 0.941139460 -0.062014282 0.332096875
1781254024.039037 -0.038861394 -0.079749748 -1.261937380 0.010972550 0.940906525 -0.062298570 0.332706332
1781254024.072409 -0.043517947 -0.079491183 -1.266903996 0.011255426 0.941407084 -0.062285557 0.331280202
1781254024.105781 -0.050296903 -0.081267111 -1.271551847 0.010901776 0.940936327 -0.061855309 0.332707077
1781254024.139153 -0.056822300 -0.082119651 -1.277359724 0.010981008 0.940365016 -0.061635584 0.334356576
1781254024.172524 -0.055733442 -0.079316221 -1.280826449 0.011005287 0.941321552 -0.062869005 0.331421494
1781254024.205896 -0.060712814 -0.080179363 -1.284958243 0.010721284 0.941480696 -0.062643759 0.331021041
1781254024.239268 -0.067716599 -0.081369177 -1.290429235 0.010996400 0.941500127 -0.062081784 0.331062794
1781254024.272639 -0.069905758 -0.080249280 -1.295014381 0.010888313 0.941684961 -0.062704571 0.330422580
1781254024.306010 -0.074779987 -0.080989972 -1.298626781 0.010579851 0.941866934 -0.062570415 0.329939038
1781254024.339382 -0.080164433 -0.081588969 -1.303620577 0.011059483 0.941624105 -0.062075000 0.330709219
1781254024.372753 -0.084314466 -0.081596620 -1.307955265 0.010611260 0.941496789 -0.062113877 0.331078768
1781254024.406129 -0.090247631 -0.083938509 -1.312169671 0.010554043 0.941382945 -0.061318938 0.331552118
1781254024.439505 -0.094267845 -0.083272420 -1.318551302 0.011006507 0.941052437 -0.061560296 0.332429886
1781254024.472881 -0.098297238 -0.084180348 -1.324545383 0.010868410 0.940461695 -0.061382931 0.334134519
1781254024.506256 -0.101819277 -0.085079208 -1.327496052 0.011130901 0.940372527 -0.060860060 0.334472269
1781254024.539632 -0.104887605 -0.086233109 -1.331751227 0.010944661 0.940091789 -0.060523316 0.335327774
1781254024.573007 -0.108074069 -0.085400447 -1.336146235 0.011171690 0.939563692 -0.060777258 0.336751282
1781254024.606383 -0.110262156 -0.085770480 -1.339634657 0.010949524 0.939457893 -0.060648195 0.337076962
1781254024.773261 -0.126202345 -0.087861687 -1.360010028 0.010468006 0.937838912 -0.060200538 0.341649890
1781254024.806636 -0.128983855 -0.087988265 -1.364053607 0.010567010 0.937501729 -0.060135696 0.342582285
1781254024.840011 -0.132461190 -0.086674668 -1.368678808 0.010776929 0.937199354 -0.060558133 0.343327940
1781254024.873387 -0.135308385 -0.087796174 -1.373052239 0.010647152 0.936975539 -0.060184523 0.344007760
1781254024.973512 -0.143352985 -0.088687241 -1.385084987 0.010309051 0.935241580 -0.060142949 0.348711699
1781254025.006887 -0.146494031 -0.088889636 -1.389882803 0.010379291 0.934621453 -0.060000088 0.350392729
1781254025.040262 -0.150910974 -0.090262473 -1.395338178 0.010361778 0.933736742 -0.059435919 0.352839530
1781254025.073637 -0.153355598 -0.090345390 -1.400008678 0.010132575 0.933080494 -0.059628956 0.354545653
1781254025.107012 -0.155927300 -0.089659423 -1.403816700 0.010298832 0.932588100 -0.059857048 0.355795681
1781254025.140387 -0.160324097 -0.091194615 -1.410160065 0.010427617 0.931548417 -0.059320610 0.358594477
1781254025.173762 -0.161431670 -0.091243245 -1.413647413 0.009915726 0.930811703 -0.059447516 0.360495985
1781254025.207136 -0.165012479 -0.091834739 -1.418284059 0.009920659 0.930117011 -0.059165820 0.362330526
1781254025.240511 -0.167479515 -0.091665640 -1.423289776 0.010045991 0.929293156 -0.059317328 0.364410102
1781254025.273886 -0.168164015 -0.092033364 -1.427808046 0.009897702 0.928713381 -0.059369467 0.365881026
1781254025.307261 -0.170894742 -0.090307258 -1.433228612 0.010808929 0.927881241 -0.059391748 0.367956728
1781254025.340636 -0.172042370 -0.090049550 -1.437016249 0.010324828 0.927236497 -0.059837956 0.369520426
1781254025.374010 -0.175344229 -0.090391748 -1.442259073 0.010390557 0.926314771 -0.059685655 0.371847630
1781254025.407379 -0.177564144 -0.090946339 -1.446843386 0.010071876 0.925659418 -0.059649631 0.373490393
1781254025.440748 -0.180534005 -0.091560796 -1.451897979 0.010050124 0.925014853 -0.059464663 0.375113904
1781254025.474117 -0.183258772 -0.091534816 -1.456340909 0.010061825 0.924432993 -0.059532546 0.376534581
1781254025.507485 -0.186357141 -0.091971420 -1.461656928 0.010148742 0.923552155 -0.059475675 0.378696740
1781254025.540853 -0.190558076 -0.092095055 -1.467602015 0.010294303 0.922497809 -0.059391666 0.381266952
1781254025.607589 -0.196085334 -0.092542186 -1.478211164 0.010013918 0.921122670 -0.059508283 0.384566784
1781254025.640957 -0.198556781 -0.092984378 -1.481806993 0.009910996 0.920772314 -0.059493612 0.385409802
1781254025.674325 -0.201056600 -0.093634069 -1.486127973 0.010257939 0.920359850 -0.059061978 0.386450946
1781254025.707692 -0.204015255 -0.094438180 -1.490802407 0.009457469 0.919031680 -0.059228174 0.389593840
1781254025.741060 -0.205811620 -0.093882047 -1.495130539 0.009736477 0.918256104 -0.059233282 0.391410738
1781254025.841162 -0.212309957 -0.094844893 -1.506348014 0.010071791 0.917059302 -0.058667183 0.394282997
1781254025.874529 -0.213784337 -0.093765333 -1.509626031 0.010069741 0.916820467 -0.059156667 0.394764930
1781254025.907897 -0.215385914 -0.095221490 -1.512420416 0.009962234 0.916903555 -0.058695812 0.394643366
1781254025.941263 -0.216924429 -0.094798058 -1.515618324 0.009907856 0.916538477 -0.058941524 0.395455629
1781254026.007997 -0.221806407 -0.095315874 -1.522684455 0.009903281 0.916412771 -0.058866125 0.395758003
1781254026.041364 -0.224004030 -0.096560150 -1.525375247 0.009432591 0.916386783 -0.058721576 0.395851284
1781254026.074731 -0.227036595 -0.096364520 -1.528994679 0.009816702 0.916383743 -0.058661859 0.395857632
1781254026.108097 -0.228293419 -0.095771521 -1.531588793 0.009657452 0.916693330 -0.059059605 0.395084888
1781254026.141465 -0.232494235 -0.097562455 -1.535994411 0.009816578 0.916455328 -0.058483187 0.395718336
1781254026.174831 -0.232421517 -0.097318530 -1.536708713 0.009417494 0.916977108 -0.058845356 0.394463748
1781254026.208198 -0.235107899 -0.095666692 -1.541938186 0.009898124 0.916360438 -0.059431341 0.395794988
1781254026.241564 -0.239088297 -0.096770830 -1.546446681 0.009636011 0.916326880 -0.059135746 0.395923316
1781254026.274930 -0.239857197 -0.097227462 -1.549248338 0.009704486 0.916526675 -0.059149399 0.395456940
1781254026.308296 -0.244227886 -0.098553084 -1.554817200 0.010240123 0.915731311 -0.058669437 0.397352755
1781254026.341662 -0.248279572 -0.100177586 -1.559277892 0.010200579 0.915793002 -0.057972688 0.397313952
1781254026.375028 -0.247949600 -0.098953694 -1.562739611 0.010164475 0.915859282 -0.058571100 0.397074163
1781254026.408397 -0.249596596 -0.098976403 -1.566447258 0.010084715 0.915705681 -0.058694664 0.397412151
1781254026.441767 -0.252173424 -0.099365272 -1.570226908 0.010030661 0.915692508 -0.058610369 0.397456348
1781254026.475136 -0.254351258 -0.099353142 -1.574024320 0.009732427 0.915536106 -0.059006147 0.397765428
1781254026.508505 -0.256173849 -0.098944455 -1.579162240 0.010163717 0.915421486 -0.059053686 0.398011237
1781254026.541874 -0.258133054 -0.099963360 -1.583565831 0.009841483 0.915339410 -0.059011947 0.398214281
1781254026.575243 -0.261177421 -0.100037269 -1.588048697 0.010086845 0.915245950 -0.059122793 0.398406476
1781254026.608612 -0.262265205 -0.100735605 -1.592055917 0.009966299 0.915330052 -0.059043977 0.398227870
1781254026.641981 -0.264852762 -0.100114435 -1.596778035 0.010074427 0.914856732 -0.059338070 0.399267882
1781254026.675349 -0.267070770 -0.100262113 -1.601295710 0.010169517 0.914580822 -0.059370246 0.399892122
1781254026.708718 -0.270439863 -0.101569273 -1.605610132 0.010008318 0.914311826 -0.059051774 0.400557995
1781254026.742086 -0.273423910 -0.102350339 -1.610375524 0.010215193 0.914209247 -0.058840193 0.400817961
1781254026.775455 -0.276646852 -0.102752268 -1.616617560 0.010522425 0.913482487 -0.058905914 0.402454019
1781254026.808823 -0.278888941 -0.102160737 -1.622088671 0.010622852 0.913102806 -0.059420321 0.403236657
1781254026.842192 -0.281593561 -0.102504820 -1.627151370 0.010731198 0.913145304 -0.059383415 0.403142780
1781254026.875560 -0.284736633 -0.102300197 -1.633416772 0.010581595 0.912932575 -0.059636038 0.403591067
1781254026.908928 -0.286945105 -0.102177277 -1.638260961 0.010661368 0.912894368 -0.059718080 0.403663397
1781254026.942296 -0.290708065 -0.103235364 -1.644875526 0.010636354 0.912602425 -0.059565317 0.404345989
1781254026.975664 -0.293457985 -0.104321420 -1.648889184 0.010507329 0.912383497 -0.059313688 0.404880106
1781254027.009032 -0.296333313 -0.103390172 -1.656067610 0.010542202 0.912485898 -0.060028393 0.404543102
1781254027.042399 -0.299142599 -0.103502944 -1.662244081 0.010415900 0.912359715 -0.060286425 0.404792428
1781254027.075767 -0.303269625 -0.104511350 -1.669020891 0.010605666 0.911963105 -0.059834249 0.405747235
1781254027.109134 -0.306103468 -0.105209798 -1.672768593 0.010481311 0.912303686 -0.059643645 0.405012012
1781254027.142501 -0.308805227 -0.105814859 -1.679612875 0.010501997 0.912074387 -0.059684351 0.405521750
1781254027.209236 -0.315884590 -0.107139692 -1.693460226 0.010842085 0.912023723 -0.059303693 0.405682504
1781254027.242603 -0.318037271 -0.107327253 -1.697757363 0.010780515 0.912167549 -0.059449591 0.405339509
1781254027.275970 -0.321171522 -0.108582757 -1.703712702 0.010410876 0.912049592 -0.059236091 0.405645579
1781254027.309337 -0.324491024 -0.107969791 -1.710292459 0.010657665 0.911835492 -0.059684120 0.406054616
1781254027.342703 -0.327377081 -0.108238906 -1.716784120 0.010583395 0.911804020 -0.059761621 0.406115770
1781254027.442901 -0.336027384 -0.109969720 -1.731416345 0.010684909 0.912115872 -0.059248485 0.405487597
1781254027.476317 -0.338839054 -0.109656379 -1.737201333 0.010637890 0.912304163 -0.059549116 0.405020922
1781254027.509733 -0.341392756 -0.109784730 -1.742007971 0.010761380 0.912368715 -0.059584681 0.404866964
1781254027.543152 -0.345062494 -0.110793307 -1.746750832 0.010849837 0.912472486 -0.059279598 0.404675603
1781254027.609987 -0.350685596 -0.111511081 -1.756731987 0.010681828 0.912599683 -0.059299562 0.404390126
1781254027.643406 -0.353724718 -0.110789388 -1.763553858 0.010733056 0.912780941 -0.059716187 0.403918087
1781254027.676825 -0.357974529 -0.111785263 -1.768737674 0.011384017 0.912978053 -0.059118226 0.403542519
1781254027.710245 -0.360457897 -0.111090332 -1.772933722 0.011044282 0.913746715 -0.059660815 0.401728243
1781254027.743665 -0.364643812 -0.111497432 -1.777756691 0.011093755 0.914721429 -0.059609901 0.399510175
1781254027.777085 -0.368396521 -0.112121269 -1.780822515 0.010881202 0.916082680 -0.059539612 0.396395326
1781254027.810506 -0.372392893 -0.112222239 -1.786942244 0.011006825 0.916922033 -0.059692677 0.394423276
1781254027.843928 -0.376827478 -0.111998647 -1.791500807 0.011039241 0.917845249 -0.059753530 0.392259896
1781254027.877350 -0.380854845 -0.112039521 -1.796425581 0.011170913 0.919054389 -0.059942566 0.389385641
1781254027.910773 -0.385637999 -0.112868764 -1.800858259 0.011103633 0.919973075 -0.059698652 0.387249857
1781254027.944196 -0.389592171 -0.112195924 -1.804652452 0.011132479 0.921203136 -0.060279496 0.384223014
1781254027.977620 -0.394273758 -0.111690708 -1.810984850 0.011227826 0.922071218 -0.060557798 0.382088244
1781254028.011044 -0.398125648 -0.113173649 -1.814432621 0.011139745 0.923040688 -0.060227264 0.379795402
1781254028.044468 -0.402951002 -0.113789119 -1.821337342 0.011517298 0.923567414 -0.060117982 0.378518939
1781254028.077893 -0.407214642 -0.114724450 -1.825070024 0.011513129 0.924534082 -0.059861336 0.376192480
1781254028.111319 -0.410550356 -0.115526304 -1.828463793 0.011426670 0.925575256 -0.059832092 0.373631090
1781254028.144746 -0.415258646 -0.115983978 -1.832815289 0.011206595 0.926433861 -0.060005765 0.371475548
1781254028.178172 -0.419490576 -0.115935609 -1.837482452 0.011547295 0.927028179 -0.060082819 0.369967043
1781254028.211599 -0.424138546 -0.115878180 -1.841470361 0.011586370 0.927778959 -0.060261089 0.368049681
1781254028.245028 -0.427996635 -0.116712704 -1.845103025 0.011381509 0.928375900 -0.060103349 0.366573900
1781254028.278456 -0.431868315 -0.117297381 -1.849054217 0.011573003 0.928925991 -0.060033023 0.365183085
1781254028.311885 -0.436374426 -0.117772833 -1.853682995 0.011648919 0.929310262 -0.059895344 0.364224374
1781254028.345314 -0.439525604 -0.117911018 -1.857488990 0.011487497 0.929773927 -0.060292803 0.362978339
1781254028.378742 -0.443839312 -0.117806673 -1.860903859 0.011662263 0.930117428 -0.060212586 0.362105131
1781254028.412120 -0.448570013 -0.119120672 -1.864912629 0.011492396 0.930481911 -0.060059797 0.361198395
1781254028.445498 -0.451550007 -0.118179604 -1.868763089 0.011638586 0.930495024 -0.060525049 0.361082137
1781254028.478876 -0.456358910 -0.119795837 -1.872043490 0.011346488 0.930642307 -0.059923835 0.360811949
1781254028.512254 -0.458004475 -0.118538871 -1.877295375 0.011573221 0.930814087 -0.060619019 0.360245109
1781254028.545632 -0.461860180 -0.119160473 -1.881040812 0.011815907 0.930677772 -0.060234908 0.360653728
1781254028.579010 -0.466839075 -0.120571315 -1.883913994 0.011845967 0.930956185 -0.059783123 0.360008687
1781254028.612387 -0.470967531 -0.120454162 -1.888575196 0.011836725 0.930790246 -0.060008112 0.360400498
1781254028.645765 -0.473857641 -0.119957283 -1.892808914 0.011981202 0.931205153 -0.060350277 0.359264970
1781254028.679143 -0.478705645 -0.121266715 -1.896865964 0.011776008 0.931643724 -0.059923690 0.358204544
1781254028.712521 -0.482456207 -0.122026324 -1.900838852 0.011611705 0.931875706 -0.059809767 0.357625067
1781254028.745898 -0.486786604 -0.122557417 -1.904618263 0.011514976 0.932027161 -0.059693292 0.357252836
1781254028.779276 -0.490819693 -0.122230902 -1.909884453 0.011590537 0.932191312 -0.059838582 0.356797397
1781254028.812654 -0.495041132 -0.122883931 -1.913154244 0.011507612 0.932563365 -0.059688412 0.355851740
1781254028.846032 -0.499168158 -0.122368164 -1.918981791 0.011308677 0.932960629 -0.060050406 0.354754299
1781254028.879409 -0.503325462 -0.122126013 -1.923574686 0.011662850 0.933294594 -0.060063630 0.353861064
1781254028.912787 -0.508046865 -0.123798989 -1.927771926 0.011059872 0.933352411 -0.059716314 0.353786618
1781254028.946166 -0.511635303 -0.122482054 -1.932778597 0.011263805 0.933790147 -0.060452875 0.352497548
1781254028.979543 -0.516634464 -0.123300843 -1.937664628 0.011525474 0.934262216 -0.060147967 0.351288497
1781254029.012921 -0.520455122 -0.123637989 -1.941443801 0.011288946 0.934600174 -0.060100511 0.350404143
1781254029.046298 -0.525142670 -0.123817630 -1.945737958 0.011509455 0.934606135 -0.060082167 0.350384265
1781254029.079676 -0.528537750 -0.123088159 -1.950128913 0.011430860 0.934823573 -0.060401753 0.349751264
1781254029.146431 -0.537311077 -0.123767726 -1.958868027 0.011281022 0.935863376 -0.060367141 0.346970290
1781254029.179808 -0.542681694 -0.123247847 -1.964021921 0.011454292 0.936084211 -0.060725782 0.346305579
1781254029.213186 -0.546411991 -0.122881256 -1.968679905 0.011503252 0.936430156 -0.060879935 0.345340431
1781254029.246563 -0.550732851 -0.122894935 -1.973388314 0.011743241 0.936577797 -0.060976993 0.344914466
1781254029.279940 -0.555748940 -0.123863801 -1.976769328 0.011444641 0.937064290 -0.060751673 0.343640596
1781254029.313318 -0.559875011 -0.124437913 -1.980889082 0.011327977 0.937591732 -0.060542613 0.342239857
1781254029.346695 -0.564226866 -0.123774007 -1.985644698 0.011531736 0.937940598 -0.060770772 0.341235131
1781254029.380073 -0.569499493 -0.124266185 -1.989943147 0.011274238 0.938345909 -0.060865942 0.340110600
1781254029.413450 -0.573854685 -0.124611922 -1.994080782 0.011205625 0.938709676 -0.060754988 0.339127362
1781254029.446828 -0.578845739 -0.124873355 -1.997890472 0.011252508 0.939454377 -0.060614597 0.337082773
1781254029.480205 -0.584217787 -0.125758603 -2.002491474 0.011083130 0.940038323 -0.060440745 0.335487783
1781254029.513583 -0.589139223 -0.125676855 -2.006490707 0.010949347 0.940508425 -0.060607735 0.334141880
1781254029.546960 -0.593917131 -0.125942096 -2.010405779 0.010907563 0.940976679 -0.060486924 0.332844228
1781254029.580338 -0.599097013 -0.126433641 -2.014166594 0.010603121 0.941502869 -0.060563851 0.331348687
1781254029.613715 -0.602300644 -0.125265330 -2.018019915 0.010894600 0.942236304 -0.061072826 0.329153746
1781254029.647094 -0.607522249 -0.126247406 -2.021744967 0.010979844 0.942666352 -0.060581185 0.328008473
1781254029.680471 -0.612231970 -0.126339942 -2.026063442 0.010758475 0.943056345 -0.060698681 0.326871157
1781254029.713848 -0.615760803 -0.126142785 -2.029807091 0.010430755 0.943729103 -0.060896851 0.324897259
1781254029.747226 -0.621045351 -0.126237795 -2.034304619 0.010621778 0.943854868 -0.061085265 0.324489951
1781254029.780603 -0.625596285 -0.125797853 -2.038863182 0.010562074 0.944214284 -0.061338443 0.323396742
1781254029.813980 -0.631195068 -0.126874432 -2.043150187 0.010558599 0.944446743 -0.061058722 0.322770447
1781254029.847358 -0.636063576 -0.126574114 -2.046885490 0.010379099 0.944808424 -0.061377108 0.321655631
1781254029.880735 -0.641222477 -0.127699509 -2.051201820 0.010354828 0.945264459 -0.060887963 0.320406973
1781254029.914112 -0.646885157 -0.126955003 -2.056386948 0.010560292 0.945286632 -0.061333440 0.320249796
1781254029.947489 -0.650871038 -0.127285793 -2.060207367 0.010278257 0.945822239 -0.061116561 0.318715453
1781254029.980867 -0.656451941 -0.127517328 -2.064388275 0.010384252 0.946057796 -0.061199177 0.317996204
1781254030.014244 -0.660763741 -0.127102703 -2.069024801 0.010045982 0.946411192 -0.061497916 0.316896021
1781254030.047621 -0.666571617 -0.128007337 -2.074322939 0.010190960 0.946662068 -0.061170604 0.316204667
1781254030.080998 -0.672566175 -0.128419206 -2.078804016 0.010231777 0.947004735 -0.060920876 0.315223873
1781254030.214507 -0.692314863 -0.129398510 -2.096055746 0.009762571 0.947791338 -0.060872424 0.312875122
1781254030.247884 -0.697363615 -0.130571142 -2.099801302 0.009840108 0.948020399 -0.060425926 0.312264711
1781254030.281261 -0.702453852 -0.130067676 -2.104796410 0.010142610 0.948143005 -0.060665280 0.311835974
1781254030.514913 -0.732746840 -0.132285118 -2.131609917 0.009152285 0.948707938 -0.060556844 0.310164988
1781254030.548293 -0.737332106 -0.132850736 -2.134489775 0.008887508 0.948772192 -0.060481928 0.309990972
1781254030.581674 -0.741633654 -0.133365259 -2.138448954 0.009101499 0.948517621 -0.060338419 0.310790598
1781254030.615054 -0.745362520 -0.133051693 -2.142701626 0.008992572 0.948381364 -0.060690157 0.311140984
1781254030.648434 -0.749339104 -0.133830175 -2.146221876 0.008829897 0.948341370 -0.060383301 0.311327249
1781254030.681814 -0.753948689 -0.133761734 -2.149681568 0.008856562 0.948222816 -0.060517799 0.311661154
1781254030.715194 -0.759277582 -0.134247214 -2.154323578 0.009363723 0.948115766 -0.060259748 0.312021822
1781254030.748574 -0.763513565 -0.134080365 -2.157838583 0.009385271 0.947912037 -0.060475998 0.312597781
1781254030.781954 -0.767095566 -0.134670138 -2.160608768 0.009065941 0.947923362 -0.060303539 0.312606126
1781254030.815334 -0.770752192 -0.135150388 -2.164124012 0.009167546 0.948052585 -0.059987217 0.312272102
1781254030.848714 -0.775648117 -0.135306656 -2.168367147 0.009243342 0.947904885 -0.060135212 0.312689513
1781254030.882094 -0.779421806 -0.135023117 -2.171904325 0.009447974 0.947668493 -0.060250357 0.313377112
1781254030.915474 -0.784530640 -0.135683939 -2.175906420 0.009077671 0.947387636 -0.060150322 0.314255029
1781254030.948854 -0.789082766 -0.135937855 -2.179376125 0.009033565 0.947439671 -0.060142793 0.314100772
1781254030.982235 -0.793752909 -0.135950804 -2.184003115 0.008914919 0.947164893 -0.060141280 0.314932346
1781254031.015615 -0.798159599 -0.136008680 -2.188175678 0.008953551 0.947212160 -0.060260430 0.314766049
1781254031.048995 -0.803870440 -0.136716962 -2.192880630 0.008906770 0.946834326 -0.060026016 0.315946788
1781254031.082376 -0.809678078 -0.137186214 -2.197362423 0.008718338 0.946529210 -0.060066294 0.316857457
1781254031.115756 -0.814672947 -0.136936724 -2.202240944 0.008892185 0.946504653 -0.060107797 0.316917866
1781254031.149136 -0.819823265 -0.136744216 -2.206459284 0.009220274 0.946534097 -0.060250711 0.316793501
1781254031.182516 -0.823688745 -0.138055891 -2.209612846 0.008679086 0.946441174 -0.059999131 0.317133933
1781254031.215895 -0.829323292 -0.138390183 -2.214415312 0.008540818 0.946226835 -0.059802074 0.317813754
1781254031.249275 -0.833673000 -0.138417393 -2.218869686 0.008644426 0.946171045 -0.060017336 0.317936450
1781254031.282655 -0.837441921 -0.138714537 -2.222488165 0.008291128 0.946024060 -0.059975535 0.318390787
1781254031.316036 -0.841379166 -0.138660401 -2.226485491 0.008164011 0.945826828 -0.060141236 0.318948328
1781254031.349415 -0.846534729 -0.139499128 -2.230045080 0.007981554 0.945387542 -0.059991337 0.320280850
1781254031.382795 -0.850676775 -0.139292359 -2.234026194 0.008339575 0.945250452 -0.060086101 0.320658356
1781254031.416176 -0.854296923 -0.138629675 -2.238044739 0.008409430 0.945034385 -0.060512327 0.321212858
1781254031.449556 -0.857940435 -0.139533088 -2.242138624 0.008340012 0.944780588 -0.060198259 0.322019219
1781254031.482937 -0.861386776 -0.138799205 -2.245651484 0.008169170 0.944570303 -0.060871135 0.322513431
1781254031.516317 -0.866386175 -0.140085638 -2.248323679 0.008214938 0.944305301 -0.060302198 0.323394001
1781254031.549698 -0.870335102 -0.139512196 -2.252440929 0.008308736 0.944043159 -0.060586628 0.324102968
1781254031.583078 -0.872941494 -0.140506059 -2.254753113 0.007901556 0.943825543 -0.060507949 0.324761182
1781254031.616459 -0.876460791 -0.140517458 -2.258389711 0.008101251 0.943478644 -0.060621854 0.325741380
1781254031.649840 -0.879035473 -0.141559958 -2.260724068 0.007685304 0.943509758 -0.060397767 0.325703025
1781254031.683220 -0.883613348 -0.141189754 -2.264238834 0.008020790 0.943261147 -0.060432419 0.326407909
1781254031.716601 -0.887354612 -0.140980080 -2.268338680 0.008012627 0.943039954 -0.060659762 0.327004433
1781254031.749982 -0.891204357 -0.141482398 -2.270910025 0.007894718 0.942878127 -0.060628626 0.327479273
1781254031.783363 -0.893387556 -0.140239090 -2.274775743 0.008511443 0.942791164 -0.061053347 0.327635288
1781254031.816743 -0.897341967 -0.140457243 -2.277962685 0.008565249 0.942521691 -0.061098035 0.328400105
1781254031.850124 -0.899197340 -0.141012222 -2.280229092 0.008081693 0.942651451 -0.061206587 0.328019470
1781254031.950266 -0.909523487 -0.141742989 -2.290187597 0.008106217 0.942354858 -0.061019596 0.328904569
1781254031.983646 -0.913444281 -0.142781377 -2.293045759 0.007688193 0.942054451 -0.060814109 0.329812169
1781254032.017027 -0.917405605 -0.142889634 -2.296703815 0.007829009 0.941978455 -0.060638767 0.330058008
1781254032.050408 -0.920902491 -0.142783850 -2.300324917 0.007851870 0.941979170 -0.060806915 0.330024362
1781254032.083788 -0.925231934 -0.143296510 -2.303776264 0.007803923 0.941697240 -0.060609110 0.330865622
1781254032.117169 -0.926650286 -0.142004028 -2.306787968 0.008263785 0.941852629 -0.061275985 0.330288708
1781254032.150550 -0.930238485 -0.142269045 -2.310487747 0.008158440 0.941616476 -0.061216712 0.330975026
1781254032.183930 -0.935788870 -0.142744571 -2.313645840 0.008315117 0.941228390 -0.060794380 0.332150728
1781254032.217311 -0.939128160 -0.143350586 -2.316601992 0.008301403 0.941548944 -0.060485933 0.331297666
1781254032.250692 -0.942488194 -0.142973930 -2.320758581 0.008292857 0.941267788 -0.060778182 0.332042694
1781254032.284072 -0.946346760 -0.143107608 -2.324518919 0.007854909 0.941146433 -0.061034199 0.332350194
1781254032.317453 -0.950224876 -0.143307805 -2.327761173 0.008257352 0.941125095 -0.060802564 0.332443118
1781254032.350834 -0.953379154 -0.143139824 -2.331250668 0.007961136 0.940841436 -0.061063416 0.333204716
1781254032.384214 -0.957198858 -0.142830446 -2.335012674 0.008254833 0.940905750 -0.061181255 0.332994163
1781254032.417595 -0.961481094 -0.143173024 -2.338924170 0.008246147 0.940948248 -0.061108097 0.332887739
1781254032.450978 -0.965829372 -0.143710837 -2.342439413 0.007842027 0.940799177 -0.061183434 0.333304763
1781254032.484359 -0.970796824 -0.144558936 -2.345642090 0.008203724 0.940740407 -0.060702708 0.333549708
1781254032.517740 -0.974870682 -0.144664139 -2.349243402 0.008113653 0.940850496 -0.060694270 0.333242863
1781254032.551121 -0.978176117 -0.144978240 -2.353342056 0.007878335 0.940853357 -0.060839925 0.333213717
1781254032.584502 -0.982716084 -0.145168513 -2.357134819 0.007877325 0.940840662 -0.060724556 0.333270639
1781254032.617883 -0.986834526 -0.145181105 -2.360767841 0.007704143 0.940904558 -0.060899414 0.333062530
1781254032.651265 -0.991984844 -0.145868540 -2.364449501 0.007677332 0.941134930 -0.060725499 0.332443386
1781254032.684646 -0.996385336 -0.145323902 -2.368608475 0.007918061 0.941237986 -0.060981710 0.332098812
1781254032.751408 -1.007008791 -0.146127149 -2.376652718 0.007994462 0.941456735 -0.060825732 0.331505060
1781254032.784790 -1.011855125 -0.145662412 -2.380404234 0.008151955 0.941611350 -0.061049819 0.331020653
1781254032.818171 -1.016106606 -0.145514309 -2.385221720 0.008271847 0.941539109 -0.061199706 0.331195354
1781254032.851552 -1.021682739 -0.145026192 -2.389198303 0.008660598 0.941792130 -0.061269656 0.330452114
1781254032.884933 -1.026364565 -0.145103797 -2.393349171 0.008532162 0.941910505 -0.061362777 0.330100566
1781254032.918315 -1.031324625 -0.146230206 -2.396709919 0.008297800 0.942244530 -0.061037410 0.329212427
1781254032.951696 -1.037212849 -0.146097362 -2.401465654 0.008282770 0.942259014 -0.061308775 0.329120934
1781254032.985077 -1.041604042 -0.145516515 -2.405617714 0.008319559 0.942461193 -0.061713357 0.328465044
1781254033.018459 -1.048387289 -0.145978093 -2.409977674 0.008334230 0.942857981 -0.061424334 0.327378303
1781254033.051840 -1.053775311 -0.146502703 -2.414457798 0.008478447 0.943078637 -0.061325200 0.326757014
1781254033.085222 -1.058781147 -0.145852149 -2.419139624 0.008709078 0.942824543 -0.061745364 0.327404380
1781254033.118603 -1.066079617 -0.146381497 -2.422144413 0.008630537 0.943526745 -0.061326481 0.325456500
1781254033.151985 -1.072082996 -0.146317586 -2.426589251 0.008582931 0.943803132 -0.061596096 0.324604392
1781254033.185366 -1.078381300 -0.146914482 -2.431086779 0.008500211 0.944283903 -0.061329320 0.323255986
1781254033.218748 -1.083744049 -0.147374570 -2.435589552 0.008684500 0.944482923 -0.061279099 0.322678536
1781254033.252129 -1.091059446 -0.148305282 -2.439835787 0.008352480 0.944482446 -0.061139472 0.322715282
1781254033.285511 -1.097388268 -0.148697510 -2.444225311 0.008470584 0.944967628 -0.060989782 0.321317285
1781254033.318892 -1.104403019 -0.149516180 -2.448934793 0.008373298 0.945073128 -0.060857475 0.321034521
1781254033.352274 -1.110857964 -0.148677677 -2.454450130 0.008536790 0.945206046 -0.061295539 0.320555031
1781254033.385655 -1.116922379 -0.149023563 -2.458410740 0.008702929 0.945527136 -0.061192844 0.319621801
1781254033.419036 -1.121376753 -0.149637610 -2.462303162 0.008577204 0.945874333 -0.061233338 0.318588793
1781254033.452417 -1.127845526 -0.149879545 -2.467334747 0.008731021 0.946006238 -0.061253823 0.318188787
1781254033.485798 -1.134202003 -0.150099382 -2.471447229 0.008668381 0.946208060 -0.061396826 0.317561895
1781254033.519179 -1.139483452 -0.150545299 -2.475671768 0.008661272 0.946191072 -0.061160531 0.317658454
1781254033.552560 -1.146022081 -0.151153445 -2.480394840 0.008333169 0.946096241 -0.061071802 0.317966551
1781254033.585941 -1.151193380 -0.150914967 -2.484654903 0.008700953 0.946201921 -0.061215330 0.317614526
1781254033.619322 -1.157271862 -0.151504472 -2.489305258 0.008566130 0.946178496 -0.060822107 0.317763299
1781254033.652703 -1.162249565 -0.151903719 -2.493929863 0.008338357 0.946135998 -0.060830083 0.317894429
1781254033.686084 -1.166388273 -0.151112825 -2.498497248 0.008247223 0.945892870 -0.061344609 0.318520844
1781254033.719465 -1.171912432 -0.151861504 -2.503159285 0.008073633 0.945454895 -0.061151873 0.319859982
1781254033.752846 -1.177265882 -0.152421281 -2.507701397 0.008057393 0.945103645 -0.061133947 0.320900202
1781254033.786227 -1.181977272 -0.152066499 -2.512997866 0.008040236 0.944850266 -0.061441019 0.321587235
1781254033.819608 -1.186833382 -0.152428463 -2.518397808 0.008093602 0.944502950 -0.061320003 0.322627515
1781254033.852990 -1.192199469 -0.152073473 -2.524248838 0.008147250 0.943513572 -0.061780468 0.325421333
1781254033.886371 -1.197501183 -0.152827755 -2.529449940 0.008202389 0.943138003 -0.061556201 0.326549232
1781254033.919752 -1.202770710 -0.153264105 -2.535665035 0.008477595 0.942233086 -0.061426207 0.329168409
1781254033.953133 -1.206193924 -0.152834788 -2.540960789 0.008236886 0.941499412 -0.061898604 0.331179261
1781254033.986514 -1.211659908 -0.153244048 -2.547072172 0.008641394 0.940955102 -0.061653394 0.332757771
1781254034.019896 -1.217277288 -0.154282704 -2.552822351 0.008125077 0.940357089 -0.061376594 0.334508061
1781254034.053276 -1.222326517 -0.154803559 -2.558614016 0.008530857 0.939515769 -0.061190907 0.336887240
1781254034.086658 -1.227360725 -0.154849932 -2.564544916 0.008314242 0.938951194 -0.061252180 0.338452071
1781254034.120038 -1.232299805 -0.154515028 -2.570431471 0.008452381 0.938607633 -0.061449133 0.339364499
1781254034.153419 -1.237020493 -0.155094847 -2.575567245 0.008275183 0.938227236 -0.061497163 0.340410471
1781254034.186800 -1.242664576 -0.155053169 -2.581497192 0.008125188 0.937747061 -0.061822444 0.341675997
1781254034.220181 -1.247155428 -0.155272514 -2.585771084 0.008117634 0.937635422 -0.061892789 0.341969788
1781254034.253562 -1.253276110 -0.155770510 -2.591701746 0.008301151 0.937062800 -0.061701003 0.343565911
1781254034.286943 -1.258364916 -0.156752527 -2.596492290 0.007994384 0.937157691 -0.061448596 0.343359411
1781254034.320324 -1.262441635 -0.155681059 -2.601546049 0.008155062 0.937322497 -0.062052969 0.342796504
1781254034.353705 -1.267721415 -0.156359494 -2.606112480 0.008128784 0.937344313 -0.061924472 0.342760891
1781254034.387086 -1.271221876 -0.155514270 -2.610551596 0.008295242 0.937424242 -0.062569842 0.342420846
1781254034.420465 -1.276388884 -0.156421527 -2.614681959 0.007941405 0.937469065 -0.062267985 0.342361510
1781254034.453844 -1.280955791 -0.156245962 -2.619652987 0.008037093 0.937770426 -0.062412653 0.341506630
1781254034.487222 -1.285989046 -0.157219753 -2.624542713 0.008024239 0.937868476 -0.062180683 0.341279835
1781254034.520601 -1.291175842 -0.157711610 -2.628896713 0.008196451 0.938230634 -0.061939172 0.340323061
1781254034.553980 -1.296236515 -0.158229113 -2.633147240 0.007996401 0.938227832 -0.061914526 0.340339810
1781254034.587359 -1.299893141 -0.158087969 -2.637067795 0.007935449 0.938602865 -0.062147476 0.339263141
1781254034.620738 -1.304879189 -0.158977002 -2.639947414 0.007890819 0.939163983 -0.061839204 0.337764204
1781254034.654116 -1.310052395 -0.158937037 -2.646556854 0.007999710 0.939220548 -0.062133521 0.337550491
1781254034.687495 -1.314262390 -0.158671781 -2.650303841 0.007971742 0.939612329 -0.062408049 0.336408257
1781254034.720873 -1.318892002 -0.159470975 -2.653805494 0.008307175 0.939766169 -0.062065374 0.336033553
1781254034.754252 -1.323897362 -0.160142198 -2.657872915 0.008515856 0.939900041 -0.061809741 0.335700780
1781254034.787630 -1.327812195 -0.160598949 -2.661745787 0.008695052 0.940046430 -0.061655398 0.335314333
1781254034.821008 -1.332875490 -0.160590097 -2.665846109 0.008192426 0.940122128 -0.062022917 0.335047066
1781254034.854387 -1.337267399 -0.161362022 -2.668972492 0.008465023 0.940653026 -0.061552867 0.333634019
1781254034.887765 -1.342269897 -0.161249489 -2.673375368 0.008394038 0.940914512 -0.061806772 0.332850546
1781254034.921144 -1.346602440 -0.161706999 -2.677822828 0.008653550 0.940973938 -0.061685026 0.332698405
1781254034.954522 -1.351236582 -0.162134498 -2.682249308 0.008513202 0.941184938 -0.061603896 0.332119673
1781254034.987900 -1.356967211 -0.162517369 -2.687366724 0.008653738 0.941534579 -0.061677307 0.331109881
1781254035.021279 -1.362120628 -0.162815139 -2.692409754 0.008692606 0.941470146 -0.061496608 0.331325740
1781254035.054657 -1.366359949 -0.162139907 -2.696607113 0.008507354 0.941814065 -0.061903682 0.330275625
1781254035.088035 -1.371266842 -0.162345871 -2.701897383 0.008513486 0.941848397 -0.062049340 0.330150098
1781254035.121413 -1.377080441 -0.164353043 -2.705818892 0.008630951 0.942081034 -0.061018698 0.329674870
1781254035.154792 -1.382491589 -0.164434761 -2.710898161 0.008867619 0.942228794 -0.061044239 0.329241306
1781254035.188170 -1.387939930 -0.165256828 -2.716495514 0.008790311 0.942229211 -0.060930829 0.329263389
1781254035.254927 -1.397786140 -0.164240286 -2.725597382 0.008390320 0.942753315 -0.061737835 0.327619135
1781254035.288306 -1.402848482 -0.164783075 -2.730456829 0.008116175 0.943127275 -0.061757177 0.326544255
1781254035.321684 -1.408626795 -0.164089456 -2.736784220 0.008014515 0.943106174 -0.062387951 0.326487869
1781254035.355062 -1.413933992 -0.165388227 -2.740348101 0.008214206 0.943329632 -0.061762884 0.325955778
1781254035.421824 -1.425817013 -0.167143062 -2.749692917 0.008257166 0.943811834 -0.061248451 0.324653268
1781254035.455207 -1.431147575 -0.167689249 -2.754031181 0.008185620 0.944025278 -0.061375495 0.324009806
1781254035.488590 -1.436466694 -0.168164551 -2.758553982 0.008118575 0.944117665 -0.061244689 0.323767185
1781254035.521974 -1.441307545 -0.167302758 -2.764938593 0.008272217 0.944188774 -0.061806526 0.323448747
1781254035.555358 -1.446645498 -0.167577088 -2.769195557 0.007995101 0.944299877 -0.062012788 0.323091835
1781254035.588742 -1.451922655 -0.168602914 -2.772925854 0.007923287 0.944608212 -0.061525408 0.322284371
1781254035.622125 -1.457014561 -0.168407410 -2.778485775 0.008039396 0.944743693 -0.061893787 0.321813613
1781254035.655509 -1.461935520 -0.168136150 -2.783338308 0.007888655 0.944725454 -0.062220484 0.321807802
1781254035.688893 -1.466789007 -0.169899344 -2.786373138 0.007957459 0.944834352 -0.061537620 0.321617693
1781254035.722277 -1.471916676 -0.168721393 -2.791896582 0.007795583 0.944919705 -0.062555008 0.321174383
1781254035.755661 -1.476536512 -0.169183761 -2.796677828 0.008073633 0.945208251 -0.062151913 0.320395619
1781254035.789045 -1.481392622 -0.169252664 -2.801513672 0.008134146 0.944982648 -0.062303465 0.321029514
1781254035.822429 -1.486067533 -0.170778617 -2.804012537 0.007966908 0.945200861 -0.061683606 0.320510566
1781254035.855813 -1.490230322 -0.171144307 -2.807711840 0.007631930 0.945692778 -0.061742403 0.319052935
1781254035.889197 -1.495193243 -0.171060383 -2.813099861 0.007905602 0.945379496 -0.061684743 0.319984585
1781254035.922581 -1.499568224 -0.171961784 -2.816443443 0.007239741 0.945597649 -0.061550915 0.319381148
1781254035.955967 -1.504099846 -0.171974212 -2.821054935 0.007765243 0.945715487 -0.061373342 0.319053829
1781254035.989351 -1.508671284 -0.171986997 -2.825203896 0.007623614 0.945964396 -0.061417576 0.318309814
1781254036.022736 -1.513117075 -0.172328368 -2.829230785 0.007391920 0.946037948 -0.061295673 0.318120241
1781254036.056120 -1.517545462 -0.172525018 -2.832973957 0.007386785 0.946248174 -0.061190002 0.317514747
1781254036.089505 -1.522667170 -0.172858790 -2.837825060 0.007600052 0.946108878 -0.061198451 0.317923039
1781254036.122890 -1.527273655 -0.173121721 -2.842524290 0.007551555 0.946193516 -0.061140362 0.317683488
1781254036.156274 -1.532203674 -0.174235582 -2.846647978 0.007602551 0.946526766 -0.060551722 0.316800922
1781254036.189659 -1.536854744 -0.174759924 -2.850739002 0.007813845 0.946645856 -0.060279749 0.316491723
1781254036.223043 -1.540723801 -0.174681902 -2.854228735 0.007368230 0.946567833 -0.060544860 0.316684991
1781254036.256428 -1.546390772 -0.174514294 -2.861105442 0.007602338 0.946369171 -0.060769167 0.317229718
1781254036.289813 -1.551789045 -0.174816251 -2.865779400 0.007764656 0.946387470 -0.060617827 0.317200214
1781254036.323198 -1.556652069 -0.175204188 -2.870432377 0.007817304 0.946492016 -0.060476333 0.316913873
1781254036.356583 -1.561968565 -0.175712749 -2.875138521 0.007570097 0.946667373 -0.060471166 0.316396624
1781254036.389968 -1.566689730 -0.175677598 -2.880355597 0.008205474 0.946768761 -0.060429756 0.316085219
1781254036.423345 -1.572200537 -0.175953776 -2.885650635 0.008219701 0.946783066 -0.060357917 0.316055715
1781254036.456722 -1.577953339 -0.176207364 -2.890444994 0.008330790 0.946909964 -0.060118251 0.315718085
1781254036.490099 -1.583468914 -0.177192032 -2.895725012 0.008318839 0.946983278 -0.059786435 0.315561682
1781254036.523476 -1.588763475 -0.177422196 -2.900402069 0.008117985 0.946954846 -0.059864867 0.315637290
1781254036.556853 -1.594310284 -0.177169770 -2.906373501 0.008271924 0.947029710 -0.059997693 0.315383524
1781254036.590229 -1.599822283 -0.178062946 -2.911332607 0.008378796 0.947206676 -0.059481833 0.314946562
1781254036.623606 -1.605142832 -0.177133471 -2.917298794 0.008633825 0.947231114 -0.060018018 0.314764440
1781254036.656984 -1.610315561 -0.177820548 -2.921066999 0.008441201 0.947774708 -0.059726074 0.313184887
1781254036.690361 -1.615814686 -0.178266034 -2.925946236 0.008628278 0.947983444 -0.059695579 0.312553078
1781254036.723737 -1.621420622 -0.178731352 -2.929723501 0.008432577 0.948017538 -0.059500474 0.312492192
1781254036.757114 -1.626460075 -0.178702831 -2.934254646 0.008909170 0.948189616 -0.059400138 0.311975628
1781254036.790491 -1.632277727 -0.179032385 -2.939046144 0.008652954 0.948588073 -0.059294503 0.310789406
1781254036.823868 -1.637520075 -0.179452211 -2.944853067 0.008630936 0.949010491 -0.059271894 0.309502006
1781254036.857244 -1.643007040 -0.179679334 -2.949617386 0.008756266 0.949263453 -0.059069257 0.308760583
1781254036.890621 -1.649338484 -0.181007177 -2.954648495 0.008811560 0.949409664 -0.058653072 0.308388770
1781254036.923998 -1.654350758 -0.181423753 -2.959299088 0.008620032 0.949616432 -0.058716018 0.307744890
1781254036.957374 -1.658544779 -0.181416333 -2.963549376 0.008908045 0.949885666 -0.058712430 0.306905180
1781254036.990751 -1.663789034 -0.181957096 -2.969351530 0.008730224 0.949291646 -0.058636002 0.308757275
1781254037.024127 -1.667607784 -0.181135923 -2.974525928 0.009001208 0.949413955 -0.059257153 0.308254510
1781254037.057504 -1.673180580 -0.184000194 -2.978315830 0.008667323 0.949577093 -0.057919234 0.308015734
1781254037.090880 -1.678389072 -0.182754293 -2.984312057 0.008925359 0.949287534 -0.058699306 0.308752149
1781254037.124257 -1.682901859 -0.183019444 -2.989762306 0.009090816 0.948902011 -0.058541637 0.309960067
1781254037.157633 -1.687503576 -0.182284445 -2.995477200 0.009358729 0.948546827 -0.059004266 0.310950041
1781254037.191010 -1.691521406 -0.183526352 -3.000423431 0.009095713 0.948249817 -0.058545582 0.311948746
1781254037.224386 -1.696679831 -0.183678716 -3.005207300 0.009210457 0.948105872 -0.058560349 0.312379867
1781254037.257762 -1.701069355 -0.184061915 -3.010426760 0.009173076 0.947862208 -0.058553472 0.313120663
1781254037.291139 -1.705377102 -0.184296101 -3.016324282 0.009224017 0.947477221 -0.058408216 0.314309359
1781254037.324515 -1.710923672 -0.185039178 -3.021173000 0.009050135 0.947312295 -0.058155090 0.314858139
1781254037.357893 -1.715507984 -0.185423315 -3.026540279 0.009098061 0.947196782 -0.057958569 0.315239996
1781254037.391269 -1.719933033 -0.184882373 -3.031681299 0.009404592 0.947191954 -0.058369383 0.315169811
1781254037.424647 -1.725329399 -0.185833991 -3.036844015 0.009205815 0.946991146 -0.058169540 0.315815538
1781254037.458025 -1.730518818 -0.185687929 -3.041198730 0.008981478 0.947171986 -0.058413804 0.315233856
1781254037.491402 -1.735766411 -0.186417326 -3.046453714 0.008808862 0.947234809 -0.058161527 0.315096617
1781254037.524780 -1.740591526 -0.186636150 -3.050667524 0.008658161 0.947579145 -0.058189150 0.314058751
1781254037.558158 -1.744432449 -0.185931459 -3.055370808 0.008921758 0.947880507 -0.058876086 0.313012332
1781254037.591535 -1.749821663 -0.186865211 -3.059265614 0.008847672 0.948490858 -0.058473364 0.311235905
1781254037.624913 -1.755572319 -0.186524183 -3.063449860 0.009059709 0.948743284 -0.058879256 0.310382664
1781254037.658291 -1.760913849 -0.186432749 -3.067922354 0.009058660 0.949170232 -0.058959175 0.309059322
1781254037.691669 -1.766576290 -0.187094271 -3.071921825 0.008960224 0.950196922 -0.058813687 0.305919319
1781254037.725046 -1.771501064 -0.186865985 -3.075778723 0.009277599 0.950943947 -0.059088506 0.303526163
1781254037.758424 -1.777480602 -0.187899217 -3.078808308 0.008790486 0.951482177 -0.058894064 0.301887393
1781254037.791801 -1.782464027 -0.187413156 -3.081955433 0.008967848 0.952304363 -0.059415191 0.299175471
1781254037.825179 -1.789996624 -0.189641804 -3.084218025 0.008687441 0.953152537 -0.058304772 0.296690792
1781254037.858557 -1.794890881 -0.189953417 -3.086806297 0.008412939 0.954090655 -0.058448069 0.293639392
1781254037.891934 -1.801166534 -0.190267399 -3.090064764 0.008776548 0.954800606 -0.058336746 0.291334301
1781254037.925312 -1.806732655 -0.190864533 -3.092623711 0.008778143 0.955904365 -0.058318172 0.287695825
1781254037.958689 -1.812458992 -0.190518647 -3.095366001 0.009178096 0.956894934 -0.058669809 0.284298599
1781254037.992067 -1.817283154 -0.190447077 -3.097852945 0.008902816 0.957724214 -0.058836021 0.281466573
1781254038.025444 -1.823368549 -0.190615416 -3.100142241 0.009174667 0.958950102 -0.058830302 0.277253658
1781254038.092200 -1.833647728 -0.190425739 -3.103770018 0.009128151 0.961632311 -0.058927905 0.267782599
1781254038.125578 -1.837790966 -0.189892903 -3.105424166 0.009427677 0.963154078 -0.059388742 0.262141854
1781254038.158955 -1.844147205 -0.190164462 -3.107098579 0.009398229 0.964168906 -0.059390992 0.258384883
1781254038.192333 -1.849737644 -0.189955354 -3.108991623 0.009557132 0.965643048 -0.059723549 0.252735764
1781254038.225710 -1.855975151 -0.189961895 -3.110609531 0.009698135 0.966923773 -0.059798632 0.247767076
1781254038.292465 -1.866921902 -0.190212563 -3.114096165 0.009740801 0.969948351 -0.060022641 0.235589832
1781254038.325843 -1.873919964 -0.191038370 -3.115733147 0.009711308 0.971222162 -0.059755363 0.230352938
1781254038.359220 -1.879837275 -0.190930709 -3.117136002 0.009779323 0.972546756 -0.060038466 0.224616513
1781254038.392597 -1.887805700 -0.191760510 -3.118592262 0.009892466 0.973548591 -0.059759237 0.220304817
1781254038.459357 -1.899769783 -0.191252202 -3.121359110 0.010342784 0.976011872 -0.060244195 0.208960727
1781254038.492737 -1.901376009 -0.190319404 -3.120810986 0.009872662 0.977457345 -0.060946535 0.201903954
1781254038.526116 -1.907121658 -0.190267339 -3.121181488 0.009828909 0.979002774 -0.061077248 0.194233119
1781254038.559496 -1.912551641 -0.190249369 -3.122646332 0.010073813 0.980146766 -0.061094534 0.188356936
1781254038.592876 -1.920613289 -0.190785855 -3.123266935 0.009791712 0.981214225 -0.060938571 0.182782218
1781254038.626255 -1.926712751 -0.190766618 -3.124098301 0.010164320 0.982208908 -0.061140336 0.177269131
1781254038.659635 -1.932485580 -0.190207854 -3.124486923 0.009994595 0.983508229 -0.061213918 0.169895917
1781254038.693015 -1.939805984 -0.191157952 -3.124917746 0.010067750 0.984559596 -0.060940575 0.163790360
1781254038.726394 -1.946309805 -0.190525144 -3.125995874 0.010173880 0.985553980 -0.061177928 0.157598197
1781254038.759775 -1.952967167 -0.189825103 -3.127147198 0.010480545 0.986533761 -0.061515216 0.151186198
1781254038.793155 -1.960045576 -0.190855205 -3.126751423 0.010404799 0.987614691 -0.061076924 0.144148245
1781254038.826535 -1.967709780 -0.190910846 -3.127611637 0.010583106 0.988438547 -0.061143685 0.138342679
1781254038.859914 -1.973150969 -0.191594884 -3.127294540 0.010077436 0.989383042 -0.060951907 0.131547019
1781254038.893294 -1.979360104 -0.191235065 -3.126984119 0.010196703 0.990251184 -0.061051127 0.124785565
1781254038.926674 -1.988561869 -0.191398114 -3.127211571 0.010456218 0.990887105 -0.061143260 0.119561449
1781254038.960053 -1.994078875 -0.190304369 -3.128808022 0.010762673 0.991653621 -0.061522454 0.112793416
1781254038.993433 -1.994587898 -0.191355810 -3.126641273 0.009714938 0.992641807 -0.061314460 0.103963919
1781254039.026813 -2.001744986 -0.192046925 -3.125915051 0.009816983 0.993257344 -0.061062563 0.098055683
1781254039.060193 -2.008276939 -0.192358509 -3.125609398 0.009735209 0.993837595 -0.061084140 0.091983087
1781254039.093572 -2.015034437 -0.192699730 -3.125346184 0.009766448 0.994389534 -0.060947444 0.085904032
1781254039.126952 -2.021296263 -0.193847403 -3.124343395 0.009515791 0.994989574 -0.060550727 0.078986533
1781254039.160332 -2.028531790 -0.193649918 -3.123275995 0.009462553 0.995437443 -0.060518201 0.073160477
1781254039.193712 -2.036227703 -0.193884030 -3.123170137 0.009548485 0.995810449 -0.060549490 0.067854367
1781254039.227091 -2.040024042 -0.192971513 -3.122856855 0.009217745 0.996234596 -0.060898129 0.061018262
1781254039.260471 -2.049049377 -0.193552166 -3.120679379 0.009623900 0.996556640 -0.060641628 0.055721316
1781254039.293851 -2.056613684 -0.192898870 -3.120831728 0.009587679 0.996855438 -0.060845751 0.049852833
1781254039.327230 -2.062714338 -0.193319708 -3.118722439 0.009396125 0.997193635 -0.060593434 0.042954903
1781254039.360610 -2.067698240 -0.191928983 -3.120674610 0.009565660 0.997427940 -0.061308589 0.035880674
1781254039.393990 -2.075964212 -0.191042647 -3.118590593 0.009808622 0.997610688 -0.061490115 0.029929150
1781254039.427369 -2.083422422 -0.191360742 -3.117389917 0.009624501 0.997790039 -0.061450280 0.023375578
1781254039.460749 -2.091521740 -0.192284584 -3.114231825 0.009501589 0.997937322 -0.060957685 0.017751029
1781254039.494128 -2.096076727 -0.190255582 -3.114792347 0.009769631 0.997992158 -0.061804101 0.009819164
1781254039.527507 -2.105020046 -0.190752849 -3.111381292 0.009689376 0.998054385 -0.061466567 0.003944887
1781254039.560886 -2.106182337 -0.190862790 -3.110220432 0.009381177 0.998053432 -0.061452556 -0.004989979
1781254039.594266 -2.115250349 -0.190255210 -3.110534191 0.009579701 0.998001754 -0.061565265 -0.010507981
1781254039.627645 -2.118267059 -0.188152090 -3.108984947 0.009395199 0.997840166 -0.062301952 -0.018582623
1781254039.661024 -2.127353668 -0.190312818 -3.104975224 0.009029711 0.997771025 -0.061535299 -0.024186645
1781254039.694403 -2.136078835 -0.190863699 -3.103607178 0.009437981 0.997621834 -0.061318684 -0.030028429
1781254039.727782 -2.136606216 -0.188630342 -3.101538897 0.009376251 0.997269571 -0.062042288 -0.038939539
1781254039.761162 -2.146805525 -0.187387735 -3.098026991 0.009514668 0.997043133 -0.062280819 -0.043994464
1781254039.794541 -2.147905588 -0.186914280 -3.097005606 0.009607389 0.996610701 -0.062502339 -0.052614190
1781254039.827920 -2.155455112 -0.187662214 -3.094662905 0.009070113 0.996311963 -0.062176246 -0.058432691
1781254039.861299 -2.161497593 -0.183585554 -3.094706297 0.010032265 0.995846391 -0.063543223 -0.064433441
1781254039.894678 -2.170072556 -0.184829444 -3.091060162 -0.009492633 -0.995552897 0.062934205 0.069452681
1781254039.928057 -2.176743507 -0.189269394 -3.084266663 -0.009754020 -0.995296896 0.061210208 0.074446522
1781254039.961436 -2.179748297 -0.186036304 -3.084743023 -0.009836246 -0.994754672 0.062443528 0.080419615
1781254039.994815 -2.177600145 -0.184535921 -3.082841873 -0.009677974 -0.994028330 0.062703356 0.088782579
1781254040.028195 -2.182251692 -0.186553448 -3.079022408 -0.009302619 -0.993517995 0.062132083 0.094737411
1781254040.061574 -2.187667370 -0.188250959 -3.076511621 -0.009277272 -0.993005812 0.061525855 0.100339092
1781254040.094953 -2.190824747 -0.188101351 -3.071821928 -0.008152612 -0.992320061 0.061680827 0.106911138
1781254040.128332 -2.195747375 -0.190405488 -3.069407701 -0.008067005 -0.991771460 0.060768668 0.112389818
1781254040.161712 -2.208568096 -0.184081733 -3.067135811 -0.009757437 -0.991311252 0.062549680 0.115300797
1781254040.195091 -2.180770397 -0.182894289 -3.068780422 -0.009197010 -0.988953710 0.063080974 0.133816168
1781254040.228471 -2.183847189 -0.181198925 -3.066293955 -0.009123638 -0.988017619 0.063540556 0.140359133
1781254040.261849 -2.188490152 -0.180230334 -3.062914610 -0.009422990 -0.987057030 0.063769609 0.146843553
1781254040.295228 -2.193917274 -0.180001825 -3.058998346 -0.009360856 -0.986182332 0.063757867 0.152616486
1781254040.328608 -2.202393055 -0.181020170 -3.055036783 -0.009459295 -0.985315323 0.063452065 0.158234596
1781254040.361987 -2.209734440 -0.180138826 -3.050257444 -0.009401274 -0.984346747 0.063486427 0.164142191
1781254040.395366 -2.217078209 -0.180692166 -3.046499968 -0.009400631 -0.983458519 0.063215598 0.169483989
1781254040.428825 -2.222683907 -0.179752737 -3.042239666 -0.009557080 -0.982370973 0.063264668 0.175651729
1781254040.462286 -2.227221251 -0.178751439 -3.038345098 -0.009922701 -0.981191874 0.063435443 0.182043895
1781254040.495746 -2.229490042 -0.179004222 -3.034386396 -0.009875840 -0.979947746 0.062954515 0.188789964
1781254040.529207 -2.237571716 -0.178780943 -3.030210257 -0.009760681 -0.978799939 0.062871240 0.194686234
1781254040.562669 -2.241169691 -0.177223265 -3.026327133 -0.009784010 -0.977366209 0.063089259 0.201691255
1781254040.596131 -2.248410463 -0.175707757 -3.022084236 -0.009730022 -0.976160109 0.063471369 0.207336009
1781254040.629593 -2.251859426 -0.175048441 -3.018524170 -0.010010459 -0.974708080 0.063528173 0.214028358
1781254040.663056 -2.259090424 -0.176593453 -3.014118195 -0.009836003 -0.973377645 0.062801220 0.220216483
1781254040.696520 -2.261352777 -0.176005125 -3.010298729 -0.010052847 -0.971715748 0.062899150 0.227400824
1781254040.729984 -2.274826527 -0.174586415 -3.005846024 -0.009458315 -0.970888197 0.063099153 0.230879143
1781254040.763449 -2.280995369 -0.175448030 -3.001816273 -0.009515262 -0.969290733 0.062680349 0.237605155
1781254040.796914 -2.276932240 -0.170699835 -2.998622656 -0.009712775 -0.966847718 0.063716352 0.247086123
1781254040.830380 -2.282539368 -0.172275960 -2.993146181 -0.010041505 -0.965496361 0.063087203 0.252460152
1781254040.863847 -2.272072792 -0.173177838 -2.991944551 -0.010417579 -0.962515950 0.062552407 0.263707608
1781254040.897314 -2.276947260 -0.173028380 -2.987778425 -0.010687572 -0.960945249 0.062505238 0.269375384
1781254040.930781 -2.281045198 -0.170336694 -2.982351542 -0.010391939 -0.959029913 0.062960140 0.276024938
1781254040.964249 -2.286679506 -0.170784563 -2.977737904 -0.010603284 -0.957361996 0.062729791 0.281798869
1781254041.064656 -2.304630280 -0.168826759 -2.962779999 -0.009914092 -0.952309728 0.062790029 0.298438221
1781254041.098126 -2.309545040 -0.167203486 -2.958879948 -0.009941800 -0.950573206 0.063226536 0.303832471
1781254041.131596 -2.316862106 -0.166070879 -2.953668356 -0.009608674 -0.949004889 0.063282453 0.308695227
1781254041.165067 -2.318542480 -0.167283982 -2.948448181 -0.009874078 -0.946768641 0.062448811 0.315645158
1781254041.265483 -2.339651585 -0.165844887 -2.931885242 -0.009726391 -0.941976964 0.062488377 0.329666495
1781254041.298956 -2.339825869 -0.163266569 -2.926058531 -0.009283890 -0.939290404 0.062495243 0.337256134
1781254041.332430 -2.336415529 -0.164209366 -2.924692631 -0.010386631 -0.936711669 0.061956238 0.344419509
1781254041.365904 -2.341001511 -0.164198190 -2.919155598 -0.010298938 -0.934616983 0.061559282 0.350136429
1781254041.399375 -2.347401142 -0.162624896 -2.913538456 -0.010088011 -0.932944834 0.061871435 0.354519606
1781254041.432744 -2.352968216 -0.162803560 -2.906778336 -0.010103604 -0.931001604 0.061386254 0.359674484
1781254041.466112 -2.357598543 -0.162411720 -2.901456356 -0.010188546 -0.929131627 0.061201807 0.364506602
1781254041.499480 -2.364773273 -0.160037756 -2.896293879 -0.009385768 -0.927517831 0.062012091 0.368479460
1781254041.532848 -2.370730162 -0.159139454 -2.890483856 -0.009245863 -0.925422728 0.062012441 0.373713672
1781254041.566217 -2.376100063 -0.160852820 -2.883683681 -0.009817718 -0.923690319 0.061256249 0.378084183
1781254041.599585 -2.378771067 -0.159900606 -2.879800797 -0.009916197 -0.921924531 0.061358187 0.382350743
1781254041.632953 -2.386166811 -0.152660310 -2.876920462 -0.008674568 -0.920184791 0.064070605 0.386108309
1781254041.666320 -2.391937494 -0.157448560 -2.868294716 -0.009238690 -0.919258714 0.061999537 0.388631254
1781254041.699688 -2.402397394 -0.140832096 -2.869454384 -0.006286093 -0.916929603 0.068097033 0.393145621
1781254041.733055 -2.411415100 -0.156534672 -2.845982075 -0.007923184 -0.917552054 0.061065443 0.392818719
1781254041.799790 -2.419277430 -0.149194837 -2.843187094 -0.007475527 -0.913753986 0.064026892 0.401121587
1781254041.833157 -2.423813820 -0.146491855 -2.839361429 -0.007065142 -0.911823571 0.064931698 0.405353904
1781254041.866524 -2.428013325 -0.146937668 -2.832780123 -0.006572580 -0.910149395 0.064238615 0.409216732
1781254041.899891 -2.423454762 -0.151818126 -2.833781481 -0.009077445 -0.907105565 0.062516920 0.416135579
1781254041.933258 -2.425832272 -0.151785314 -2.830214262 -0.009319573 -0.904832721 0.062476646 0.421055317
1781254041.966624 -2.429753304 -0.152400672 -2.824360609 -0.009544663 -0.903144300 0.062044442 0.424723178
1781254041.999991 -2.433116913 -0.151631773 -2.820050955 -0.009395131 -0.901294470 0.062089615 0.428631544
1781254042.033357 -2.436223030 -0.151211917 -2.815003395 -0.009574396 -0.899264097 0.062025283 0.432880282
1781254042.066724 -2.440439224 -0.149723947 -2.809535503 -0.009278936 -0.897501767 0.062243588 0.436497808
1781254042.100090 -2.442995071 -0.152433813 -2.805002928 -0.009765469 -0.895728230 0.061245769 0.440255165
1781254042.133456 -2.448814392 -0.149206936 -2.797523737 -0.008926168 -0.894347727 0.061940495 0.442973822
1781254042.166822 -2.450424433 -0.149104655 -2.794659376 -0.009322671 -0.892344594 0.062012486 0.446977347
1781254042.200188 -2.454533577 -0.146944731 -2.789788485 -0.008706819 -0.890607655 0.062411379 0.450385362
1781254042.233554 -2.454982758 -0.148547381 -2.785995007 -0.009236851 -0.888517737 0.061714824 0.454579175
1781254042.266921 -2.460391521 -0.147499591 -2.779176712 -0.008923582 -0.887428284 0.061805043 0.456696481
1781254042.300287 -2.462743998 -0.145622015 -2.775269508 -0.008736186 -0.885331273 0.062333904 0.460680902
1781254042.333652 -2.463654995 -0.148251534 -2.770894766 -0.009320109 -0.883449793 0.061229061 0.464414299
1781254042.367018 -2.467240572 -0.149482891 -2.764749765 -0.009342492 -0.881916821 0.060226347 0.467448682
1781254042.400384 -2.470315218 -0.147879183 -2.759968281 -0.009185443 -0.880266786 0.060737066 0.470485985
1781254042.433756 -2.470618010 -0.147458136 -2.758060455 -0.009418388 -0.877851427 0.060792614 0.474965811
1781254042.467129 -2.474816322 -0.147465169 -2.751246452 -0.009351527 -0.876474619 0.060538743 0.477535397
1781254042.500500 -2.478034973 -0.148110747 -2.744446278 -0.009384129 -0.875216961 0.059994157 0.479904205
1781254042.533873 -2.478502750 -0.146637291 -2.743535519 -0.008948818 -0.872690022 0.060267057 0.484458506
1781254042.567245 -2.481095314 -0.147102296 -2.737067699 -0.009130607 -0.871212363 0.059888132 0.487154007
1781254042.600616 -2.482131958 -0.146122262 -2.734614611 -0.009170596 -0.868490636 0.060157143 0.491956413
1781254042.633988 -2.483085632 -0.143993214 -2.732530832 -0.009010298 -0.865861714 0.060771350 0.496497035
1781254042.667360 -2.485510349 -0.146956101 -2.724919319 -0.009469014 -0.863922894 0.059137389 0.500050426
1781254042.700732 -2.489100695 -0.144810319 -2.717288971 -0.008883246 -0.861755490 0.059514020 0.503742635
1781254042.734103 -2.489725113 -0.149239093 -2.712172031 -0.009881287 -0.859012425 0.057777870 0.508588076
1781254042.767475 -2.494729757 -0.141968533 -2.706945419 -0.008422144 -0.855931282 0.059899427 0.513539612
1781254042.800846 -2.498682499 -0.143355414 -2.697577238 -0.008583621 -0.853957117 0.059007205 0.516915739
1781254042.834218 -2.487055779 -0.149889112 -2.701388359 -0.010664925 -0.848152578 0.056498043 0.526622653
1781254042.867589 -2.488532543 -0.150040686 -2.695497513 -0.010826120 -0.844696760 0.056163140 0.532180309
1781254042.900960 -2.489336491 -0.149850145 -2.689627409 -0.010880536 -0.841296375 0.055995766 0.537556112
1781254042.934332 -2.490259171 -0.149765342 -2.684892893 -0.011057688 -0.837597013 0.055722754 0.543326735
1781254043.001075 -2.492149115 -0.148709387 -2.673432827 -0.010600506 -0.831500232 0.055337302 0.552659750
1781254043.034446 -2.493419647 -0.147293568 -2.666544437 -0.010352784 -0.827701688 0.055230491 0.558347881
1781254043.067817 -2.494860649 -0.146743163 -2.661258221 -0.010047298 -0.823887169 0.054915216 0.563997626
1781254043.101188 -2.495027065 -0.146360248 -2.656006336 -0.009999615 -0.820057094 0.054496359 0.569593370
1781254043.134559 -2.494783640 -0.148962677 -2.650628328 -0.010647213 -0.816064179 0.053407282 0.575390041
1781254043.167929 -2.497586250 -0.144304499 -2.644546032 -0.009397020 -0.812715411 0.054356888 0.580043793
1781254043.201300 -2.497401476 -0.144019276 -2.637772560 -0.009225265 -0.809304535 0.053863429 0.584841788
1781254043.234670 -2.497726440 -0.143542752 -2.633240700 -0.009022241 -0.805720270 0.053519424 0.589804292
1781254043.268041 -2.498079062 -0.142753810 -2.626866579 -0.008992497 -0.802693009 0.053578530 0.593912780
1781254043.301411 -2.498349667 -0.143408269 -2.622020245 -0.009124683 -0.798485458 0.052912585 0.599614978
1781254043.334782 -2.496951103 -0.144741565 -2.614367485 -0.009462146 -0.795173943 0.051838692 0.604087472
1781254043.368152 -2.497903109 -0.142590508 -2.607783556 -0.009058864 -0.791767478 0.051982794 0.608539343
1781254043.401523 -2.498094797 -0.142129689 -2.602643490 -0.008829775 -0.788216650 0.051671054 0.613161266
1781254043.434895 -2.497548819 -0.142291620 -2.595424652 -0.009021102 -0.784653127 0.050987367 0.617768943
1781254043.468268 -2.498109579 -0.140007839 -2.589494705 -0.008453749 -0.781001806 0.051390566 0.622353315
1781254043.501640 -2.497936010 -0.137108177 -2.589421749 -0.008169431 -0.775669515 0.052279089 0.628917336
1781254043.535012 -2.496940374 -0.137295112 -2.582925320 -0.008393616 -0.771912515 0.051872205 0.633553505
1781254043.568384 -2.497020245 -0.136926502 -2.577440739 -0.008332036 -0.768484890 0.051625274 0.637727618
1781254043.601757 -2.496517181 -0.136354476 -2.570964098 -0.008276663 -0.764859259 0.051492359 0.642082870
1781254043.635129 -2.495720625 -0.136078775 -2.565155745 -0.008254547 -0.761451304 0.051241808 0.646140814
1781254043.668502 -2.494765997 -0.135992765 -2.559702635 -0.008380895 -0.758050144 0.050987314 0.650146186
1781254043.701874 -2.493463755 -0.135823369 -2.552973270 -0.008373371 -0.754387200 0.050565246 0.654425740
1781254043.801989 -2.491236925 -0.135012582 -2.536240816 -0.008205834 -0.743697345 0.049727406 0.666613936
1781254043.835361 -2.491150618 -0.134658664 -2.531931162 -0.008141357 -0.740196645 0.049518257 0.670515180
1781254043.868733 -2.489995480 -0.134282202 -2.525492430 -0.008395106 -0.737202168 0.049457654 0.673807502
1781254043.902104 -2.488814354 -0.133239806 -2.520576954 -0.008262658 -0.733223617 0.049201887 0.678155005
1781254043.935476 -2.486280680 -0.134443074 -2.514750242 -0.008562079 -0.729544520 0.048498515 0.682157993
1781254043.968847 -2.486391544 -0.132657796 -2.511359215 -0.008100091 -0.725027382 0.048532672 0.686960220
1781254044.002218 -2.486111641 -0.132107079 -2.507364750 -0.008436517 -0.720880210 0.048520938 0.691307724
1781254044.035590 -2.483257294 -0.132236347 -2.499566078 -0.008571271 -0.717753887 0.048238181 0.694571197
1781254044.068961 -2.481298208 -0.131803632 -2.493813753 -0.008519629 -0.714645028 0.048029732 0.697784483
1781254044.102332 -2.478334904 -0.133791804 -2.488449335 -0.008878297 -0.711744666 0.047057088 0.700804114
1781254044.135703 -2.475468397 -0.133124292 -2.483368874 -0.008861041 -0.708662927 0.046963003 0.703926742
1781254044.169074 -2.475343704 -0.131420523 -2.478307486 -0.008770329 -0.705914080 0.047295004 0.706662357
1781254044.202445 -2.473169327 -0.131140158 -2.471806288 -0.008822044 -0.703527868 0.047264762 0.709039390
1781254044.235816 -2.471976280 -0.128768101 -2.467477322 -0.008768748 -0.700744390 0.048008300 0.711741269
1781254044.269187 -2.469108105 -0.128310740 -2.462029696 -0.008930661 -0.697530270 0.047946643 0.714893699
1781254044.302558 -2.465109110 -0.131184801 -2.454102993 -0.009372248 -0.695341170 0.046680819 0.717100978
1781254044.335928 -2.463783979 -0.131273717 -2.456706047 -0.008051364 -0.690228462 0.045652155 0.722105086
1781254044.369300 -2.461536169 -0.131785169 -2.452141047 -0.008118395 -0.687302768 0.045272499 0.724913418
1781254044.402671 -2.459513426 -0.131283820 -2.446913242 -0.007930714 -0.684992075 0.045145996 0.727107167
1781254044.436038 -2.455692768 -0.131886244 -2.440075159 -0.008558923 -0.682663083 0.045142449 0.729287326
1781254044.469405 -2.454403162 -0.131037146 -2.436327457 -0.008090010 -0.680261493 0.044878066 0.731549621
1781254044.502771 -2.451310158 -0.131180257 -2.430150270 -0.008047408 -0.677825093 0.044563733 0.733827353
1781254044.536138 -2.449583292 -0.131432474 -2.425645828 -0.008304532 -0.674865484 0.044214446 0.736568213
1781254044.569505 -2.447623491 -0.129400030 -2.422051907 -0.007943310 -0.672020733 0.044472996 0.739153087
1781254044.602871 -2.444178581 -0.130676180 -2.415306568 -0.008418261 -0.669973612 0.044000134 0.741032064
1781254044.636238 -2.443006277 -0.128438994 -2.410640717 -0.008119135 -0.667049408 0.044548169 0.743636191
1781254044.669604 -2.440417528 -0.129070789 -2.404503107 -0.008332074 -0.664957345 0.044192396 0.745526195
1781254044.702970 -2.438494444 -0.128281951 -2.400699377 -0.008248247 -0.662022591 0.044087362 0.748140574
1781254044.736336 -2.435260534 -0.128810063 -2.393388033 -0.008360152 -0.659959018 0.043705590 0.749982655
1781254044.769702 -2.433238506 -0.128257334 -2.388019562 -0.008533026 -0.657125771 0.043612026 0.752469957
1781254044.803068 -2.430965424 -0.128032789 -2.381803513 -0.008430228 -0.654405892 0.043116134 0.754866183
1781254044.836434 -2.428659201 -0.128282979 -2.376007080 -0.008598140 -0.652023554 0.042784244 0.756941795
1781254044.869800 -2.425156355 -0.127684802 -2.370829344 -0.008839799 -0.648747921 0.043170583 0.759726524
1781254044.903166 -2.423168659 -0.126314953 -2.362969398 -0.008641236 -0.646816432 0.043272138 0.761368096
1781254044.936532 -2.418879747 -0.127874225 -2.355934143 -0.009186279 -0.644412279 0.042672206 0.763431489
1781254044.969897 -2.417051077 -0.128073141 -2.350454807 -0.008765682 -0.641888976 0.042122472 0.765589654
1781254045.003263 -2.416825294 -0.125193059 -2.345649242 -0.008531307 -0.639445901 0.042811982 0.767595887
1781254045.036628 -2.411416531 -0.127175361 -2.337197781 -0.008737460 -0.637553036 0.041721877 0.769226372
1781254045.069994 -2.410976887 -0.125137985 -2.330921412 -0.008878807 -0.635899007 0.042534795 0.770548105
1781254045.103359 -2.406982422 -0.125283167 -2.327179670 -0.008617464 -0.634141326 0.042194560 0.772017002
1781254045.136724 -2.405541658 -0.125130966 -2.321387529 -0.008876974 -0.632860839 0.042185884 0.773064554
1781254045.170089 -2.404021978 -0.124433130 -2.313930988 -0.008669858 -0.632994413 0.042102929 0.772962093
1781254045.203454 -2.400310993 -0.124795094 -2.305395842 -0.008894376 -0.632729352 0.042000715 0.773182034
1781254045.236819 -2.399596453 -0.123863190 -2.298432350 -0.008873217 -0.632126689 0.042118818 0.773668647
1781254045.270184 -2.397154093 -0.123114057 -2.289809704 -0.008965944 -0.632245660 0.042339437 0.773558319
1781254045.303548 -2.395191908 -0.123563230 -2.281900406 -0.009170799 -0.630876303 0.041907661 0.774696529
1781254045.336913 -2.391713142 -0.122990355 -2.273102283 -0.008956737 -0.631264567 0.041988991 0.774378359
1781254045.370277 -2.390030384 -0.123993158 -2.266259432 -0.008907123 -0.631002843 0.041387137 0.774624527
1781254045.403642 -2.389773846 -0.121956758 -2.258137226 -0.008972639 -0.630172253 0.041919757 0.775270998
1781254045.437015 -2.387933969 -0.119549088 -2.248534203 -0.008408408 -0.631297171 0.042341769 0.774338782
1781254045.470387 -2.386286974 -0.121660791 -2.239792109 -0.008746225 -0.630921006 0.041607831 0.774681330
1781254045.503759 -2.384475231 -0.120897092 -2.233804703 -0.008571876 -0.631047428 0.041672286 0.774576783
1781254045.537131 -2.381361723 -0.122106597 -2.224755526 -0.008671673 -0.632326126 0.041086957 0.773563504
1781254045.570503 -2.379257441 -0.122071244 -2.214567423 -0.009021264 -0.632948697 0.041371111 0.773034930
1781254045.603875 -2.378162146 -0.121162169 -2.206845284 -0.008904832 -0.633051813 0.041536503 0.772943020
1781254045.637247 -2.375860929 -0.122161061 -2.195909500 -0.009051126 -0.633809030 0.040999409 0.772349238
1781254045.670619 -2.375304699 -0.120479226 -2.189709902 -0.009046653 -0.634188056 0.041556496 0.772008240
1781254045.703991 -2.375154495 -0.118365005 -2.181244850 -0.008515421 -0.635001123 0.041762773 0.771334589
1781254045.737363 -2.375138760 -0.118104428 -2.172517538 -0.008705613 -0.635603786 0.041841350 0.770831645
1781254045.770735 -2.372938156 -0.119163163 -2.163375854 -0.008495926 -0.636480808 0.041451719 0.770131052
1781254045.804107 -2.370406866 -0.118472457 -2.159465790 -0.008673366 -0.636659205 0.041872337 0.769958854
1781254045.837478 -2.369891167 -0.117346063 -2.153184414 -0.008648917 -0.637867808 0.042428210 0.768927634
1781254045.870850 -2.370467901 -0.115730740 -2.146324873 -0.008235769 -0.638833225 0.042425115 0.768130541
1781254045.904222 -2.370723486 -0.114805505 -2.139224052 -0.008319545 -0.639722764 0.042603280 0.767378986
1781254045.937593 -2.370965242 -0.114056803 -2.131717682 -0.007806578 -0.641221285 0.042565007 0.766134858
1781254045.970964 -2.370540380 -0.114281259 -2.125005007 -0.008229507 -0.641203940 0.042501863 0.766148508
1781254046.004335 -2.367858648 -0.114725061 -2.114985704 -0.008372989 -0.643543065 0.042754434 0.764169097
1781254046.037706 -2.367808819 -0.114705503 -2.106411457 -0.008249473 -0.645913541 0.042652585 0.762173533
1781254046.071077 -2.368000031 -0.114345759 -2.099494457 -0.008389154 -0.646183252 0.042629045 0.761944711
1781254046.104448 -2.368420839 -0.113138936 -2.092257500 -0.008120868 -0.647550702 0.042769719 0.760777891
1781254046.137819 -2.367683411 -0.114052735 -2.083956718 -0.008220159 -0.648269296 0.042406965 0.760184944
1781254046.171190 -2.367232561 -0.113471672 -2.077718735 -0.008341813 -0.649024665 0.042726438 0.759520829
1781254046.204561 -2.367674828 -0.113494314 -2.071124554 -0.008248131 -0.650650501 0.042539340 0.758140087
1781254046.237931 -2.367218733 -0.111155435 -2.065887690 -0.008287010 -0.650961280 0.043378260 0.757825315
1781254046.271302 -2.366518974 -0.110353716 -2.058566809 -0.008070537 -0.651384473 0.043353550 0.757465243
1781254046.304672 -2.365664482 -0.109644212 -2.052200079 -0.008075234 -0.651581705 0.043531451 0.757285416
1781254046.338043 -2.366466761 -0.108011723 -2.046665192 -0.008001118 -0.651080966 0.043938946 0.757693291
1781254046.371413 -2.366096973 -0.107771933 -2.039724350 -0.007790165 -0.651620507 0.043848470 0.757236719
1781254046.404784 -2.364987135 -0.107535318 -2.034189701 -0.008090062 -0.649925590 0.043814894 0.758690715
1781254046.438156 -2.363888264 -0.107172988 -2.028082371 -0.008213584 -0.647868335 0.043895379 0.760442317
1781254046.471529 -2.363068104 -0.107920192 -2.022962809 -0.008247613 -0.645523787 0.043395147 0.762461722
1781254046.504900 -2.361853838 -0.105831631 -2.017236471 -0.008068297 -0.642775893 0.043830369 0.764756858
1781254046.538271 -2.359516144 -0.107148245 -2.012784719 -0.008276079 -0.640141368 0.043257385 0.766993701
1781254046.571643 -2.358356953 -0.106557742 -2.007816076 -0.008073400 -0.637014985 0.043135464 0.769601226
1781254046.605014 -2.356913090 -0.106953315 -2.002727509 -0.008582255 -0.633568466 0.043236289 0.772429943
1781254046.638386 -2.354321957 -0.108196318 -1.998665929 -0.008296513 -0.629191935 0.042360395 0.776050508
1781254046.671757 -2.354306459 -0.107956722 -1.994755268 -0.008413702 -0.625235677 0.042159516 0.779251099
1781254046.705128 -2.351772785 -0.108221561 -1.989816785 -0.008376210 -0.620496452 0.041149817 0.783084154
1781254046.738499 -2.349612713 -0.107616946 -1.985869646 -0.008570489 -0.615179420 0.041369479 0.787254393
1781254046.771871 -2.347272873 -0.107648574 -1.982519507 -0.008492381 -0.609507799 0.040669017 0.791690767
1781254046.805242 -2.343764782 -0.107362092 -1.977248430 -0.008658412 -0.604355156 0.040726718 0.795626342
1781254046.838613 -2.342504740 -0.106893204 -1.973416090 -0.008663734 -0.598748326 0.040273361 0.799877167
1781254046.871984 -2.339947701 -0.105473824 -1.970338583 -0.008368323 -0.592974782 0.040089764 0.804178894
1781254046.905354 -2.337612629 -0.104651198 -1.966459155 -0.008075659 -0.587371767 0.039630160 0.808305979
1781254046.938725 -2.334512234 -0.105559155 -1.962846637 -0.008456903 -0.581656694 0.039255653 0.812442541
1781254046.972096 -2.331233978 -0.104689576 -1.958820820 -0.008403889 -0.576190472 0.039085563 0.816337109
1781254047.005466 -2.327288151 -0.104692459 -1.954510689 -0.008358822 -0.570297539 0.038605850 0.820487976
1781254047.038837 -2.322474480 -0.104960799 -1.952129126 -0.008728689 -0.564442992 0.038529415 0.824526250
1781254047.072208 -2.320944309 -0.104556970 -1.949682951 -0.008390744 -0.558939338 0.038095303 0.828290582
1781254047.105578 -2.316933155 -0.104902521 -1.946849823 -0.008602168 -0.553136349 0.037863646 0.832185388
1781254047.138948 -2.312160492 -0.104564771 -1.944144845 -0.008546408 -0.547900498 0.037461046 0.835660696
1781254047.172320 -2.309808254 -0.104841851 -1.942111254 -0.008587460 -0.542202115 0.037201885 0.839380264
1781254047.205690 -2.303729773 -0.104699619 -1.939290524 -0.008457604 -0.537462890 0.036772352 0.842442870
1781254047.239061 -2.299994946 -0.104300067 -1.936694622 -0.008687886 -0.532183766 0.036520381 0.845796287
1781254047.272431 -2.294600725 -0.103989989 -1.933838367 -0.008712746 -0.526128054 0.036201883 0.849589825
1781254047.305801 -2.290587902 -0.104154751 -1.930776238 -0.008600514 -0.521165311 0.035738073 0.852663875
1781254047.339171 -2.286154509 -0.103498727 -1.928970695 -0.009027638 -0.515760243 0.035847284 0.855935156
1781254047.372541 -2.281221390 -0.103203602 -1.926620007 -0.009128499 -0.510388196 0.035717960 0.859153509
1781254047.405911 -2.277165890 -0.104203150 -1.925160170 -0.009326384 -0.505728841 0.035127003 0.861926675
1781254047.439284 -2.272384644 -0.103982106 -1.922764540 -0.009418326 -0.500557661 0.034889333 0.864948630
1781254047.472657 -2.269313812 -0.103814960 -1.920361638 -0.009468530 -0.495788813 0.034510665 0.867705524
1781254047.506029 -2.264193535 -0.103706621 -1.918767214 -0.009312683 -0.491635501 0.034022544 0.870086432
1781254047.539402 -2.260861874 -0.103170514 -1.916844130 -0.009425059 -0.486850500 0.034018047 0.872771800
1781254047.572775 -2.256288052 -0.103234872 -1.914694667 -0.009362427 -0.481965721 0.033322588 0.875506103
1781254047.606147 -2.251484871 -0.103267409 -1.912922382 -0.009316784 -0.477701396 0.033180293 0.877846062
1781254047.639520 -2.247917414 -0.102574140 -1.910607696 -0.009183877 -0.472540200 0.032815743 0.880650163
1781254047.672892 -2.240869522 -0.102633372 -1.908660412 -0.009195411 -0.468297005 0.032362960 0.882930458
1781254047.706264 -2.237553596 -0.102282792 -1.907314181 -0.009130745 -0.464126527 0.032266568 0.885133982
1781254047.739637 -2.231802940 -0.101009667 -1.905720711 -0.009123846 -0.459435284 0.032359734 0.887574732
1781254047.773009 -2.227145672 -0.101031259 -1.903190970 -0.008912211 -0.455738842 0.032023404 0.889492631
1781254047.806381 -2.220746994 -0.102379702 -1.903145313 -0.008978555 -0.450399786 0.031549696 0.892224193
1781254047.839753 -2.215789557 -0.102676138 -1.901826620 -0.008995029 -0.445247591 0.031055627 0.894823611
1781254047.873127 -2.211880684 -0.102093816 -1.900690556 -0.008779706 -0.440159798 0.030644836 0.897353470
1781254047.906498 -2.205553770 -0.101823136 -1.898491144 -0.008782073 -0.435662121 0.030381696 0.899554551
1781254047.939870 -2.199173212 -0.101075634 -1.895505190 -0.008582090 -0.431016296 0.030268580 0.901795506
1781254047.973242 -2.191416740 -0.102048390 -1.896096468 -0.008770988 -0.425545365 0.029881762 0.904401124
1781254048.006614 -2.185806513 -0.102156430 -1.894750357 -0.008673953 -0.419237703 0.029189814 0.907365739
1781254048.039986 -2.176328182 -0.103003860 -1.891011000 -0.009250024 -0.414166570 0.029068995 0.909689784
1781254048.073357 -2.172904730 -0.101376511 -1.891546965 -0.008720694 -0.407699943 0.028655821 0.912624538
1781254048.106729 -2.163111687 -0.101983503 -1.889753938 -0.008836336 -0.401889443 0.028244087 0.915209830
1781254048.140101 -2.158818483 -0.099397860 -1.887127399 -0.008466681 -0.395396203 0.028346134 0.918034196
1781254048.173472 -2.149252892 -0.099888287 -1.884648442 -0.008374006 -0.390085071 0.027895618 0.920318067
1781254048.206844 -2.144570589 -0.099980578 -1.884730458 -0.008544626 -0.383809209 0.027626837 0.922959507
1781254048.240215 -2.135699749 -0.100168861 -1.882201195 -0.008504794 -0.378957510 0.027205156 0.924974978
1781254048.273587 -2.129211903 -0.099860355 -1.882622957 -0.008476261 -0.372193158 0.027178513 0.927718580
1781254048.306958 -2.120484114 -0.100439966 -1.880050898 -0.008551124 -0.366662085 0.026499268 0.929937422
1781254048.340329 -2.113460779 -0.098818615 -1.880159736 -0.008144842 -0.361510783 0.026434664 0.931957543
1781254048.373700 -2.107250690 -0.099224702 -1.879553556 -0.008024672 -0.355419397 0.025969343 0.934311688
1781254048.407072 -2.099827290 -0.099064887 -1.877469301 -0.007873181 -0.350674808 0.025760543 0.936109841
1781254048.440445 -2.091897011 -0.099711001 -1.876316786 -0.007991152 -0.345550239 0.025386272 0.938022792
1781254048.473818 -2.084825277 -0.099389128 -1.874499083 -0.007738822 -0.340386778 0.024899615 0.939924002
1781254048.507191 -2.075495720 -0.099895313 -1.871222734 -0.008183269 -0.335849851 0.025014931 0.941547751
1781254048.540564 -2.066478729 -0.099386185 -1.868967414 -0.007705603 -0.330567986 0.024500463 0.943432689
1781254048.573937 -2.061003447 -0.099779084 -1.869326115 -0.007753280 -0.324826211 0.023946868 0.945438743
1781254048.607310 -2.051877022 -0.099066570 -1.866315365 -0.007458941 -0.320333600 0.023920078 0.946973383
1781254048.640683 -2.042500734 -0.099504001 -1.864684820 -0.007790917 -0.315796107 0.023924122 0.948493421
1781254048.674055 -2.036624908 -0.099468790 -1.862937689 -0.007731745 -0.310926616 0.023656758 0.950108051
1781254048.707428 -2.027585030 -0.100158423 -1.861665010 -0.007833680 -0.306930065 0.023657670 0.951405764
1781254048.740800 -2.021806717 -0.100982502 -1.859140038 -0.007682607 -0.302811414 0.023203380 0.952737033
1781254048.774173 -2.014794827 -0.101082772 -1.858512282 -0.007471226 -0.298430681 0.023049684 0.954123735
1781254048.807545 -2.008691788 -0.101418972 -1.857236981 -0.007438186 -0.295734346 0.022702765 0.954971492
1781254048.874290 -1.991131902 -0.101217322 -1.851981044 -0.007453127 -0.290009379 0.022275709 0.956735551
1781254048.907662 -1.983739734 -0.101514645 -1.849020720 -0.007254529 -0.287769169 0.022056585 0.957418263
1781254048.941034 -1.977294087 -0.102155626 -1.847148776 -0.007453444 -0.283548743 0.022069139 0.958674967
1781254048.974406 -1.967780113 -0.100624107 -1.843572974 -0.006961310 -0.282687694 0.022201626 0.958929777
1781254049.007779 -1.960113406 -0.102064408 -1.842499614 -0.007493279 -0.279739797 0.021804709 0.959798992
1781254049.041151 -1.953182697 -0.100616381 -1.839246631 -0.007114633 -0.276615500 0.021580914 0.960712016
1781254049.074522 -1.945205450 -0.100797616 -1.837050915 -0.007242969 -0.273482502 0.021442842 0.961610675
1781254049.107894 -1.938179493 -0.100827299 -1.835298777 -0.007449729 -0.270787388 0.021450382 0.962371409
1781254049.141266 -1.929629326 -0.101956107 -1.833500385 -0.007381241 -0.267910302 0.020987749 0.963186979
1781254049.174638 -1.919145346 -0.099854104 -1.828421950 -0.007008695 -0.265355408 0.020922661 0.963898182
1781254049.208010 -1.912556052 -0.101361096 -1.832239270 -0.007290531 -0.261270314 0.020664347 0.965016961
1781254049.241382 -1.905740380 -0.099657245 -1.830940604 -0.006933916 -0.258507401 0.020411639 0.965768754
1781254049.274754 -1.897833347 -0.100317031 -1.828760505 -0.007099523 -0.256159097 0.020404816 0.966393173
1781254049.308126 -1.889642477 -0.099665418 -1.826884866 -0.006888027 -0.253087997 0.020132599 0.967209280
1781254049.341497 -1.881071568 -0.101117462 -1.824590802 -0.007240612 -0.250318289 0.020089213 0.967928112
1781254049.374869 -1.873322964 -0.099674366 -1.823888659 -0.006761012 -0.247029856 0.019730022 0.968783379
1781254049.408241 -1.865016699 -0.099038281 -1.819573164 -0.006787279 -0.244995862 0.019935461 0.969295442
1781254049.441615 -1.858060122 -0.096774958 -1.816833854 -0.006472862 -0.241884649 0.019722745 0.970082998
1781254049.474990 -1.849370837 -0.096885338 -1.815868497 -0.006458993 -0.239300042 0.019335894 0.970731676
1781254049.508364 -1.842202425 -0.097372629 -1.813332081 -0.006611090 -0.236937419 0.019251406 0.971311688
1781254049.541739 -1.832976341 -0.099480361 -1.812359452 -0.007109353 -0.234560415 0.019239686 0.971885145
1781254049.575113 -1.826754332 -0.097922817 -1.811209440 -0.006777384 -0.230911776 0.019064490 0.972764313
1781254049.608488 -1.819480658 -0.098801158 -1.809368968 -0.006858195 -0.227899715 0.018507410 0.973484576
1781254049.641862 -1.813343763 -0.100729421 -1.811806202 -0.007372696 -0.224249542 0.018634185 0.974325716
1781254049.675237 -1.805174351 -0.100659899 -1.811255932 -0.007374431 -0.220888853 0.018644480 0.975092888
1781254049.708611 -1.798826218 -0.100185096 -1.809612155 -0.007402566 -0.218359783 0.018418098 0.975666463
1781254049.741985 -1.793105125 -0.100464314 -1.809091091 -0.007150873 -0.214737713 0.018000552 0.976479709
1781254049.775360 -1.786927223 -0.100940078 -1.808613896 -0.007303113 -0.211462796 0.017817788 0.977196395
1781254049.808734 -1.781255603 -0.099897742 -1.806717157 -0.007143771 -0.208309919 0.017861957 0.977873683
1781254049.842108 -1.775267124 -0.101101033 -1.806618214 -0.007474639 -0.205311835 0.017544806 0.978510797
1781254049.875482 -1.769529581 -0.100189745 -1.805164814 -0.007109480 -0.201632991 0.017415736 0.979280531
1781254049.908856 -1.763200521 -0.101424381 -1.804646492 -0.007360480 -0.199369833 0.017267823 0.979744554
1781254049.942230 -1.757976651 -0.101321153 -1.805141091 -0.007151052 -0.196596786 0.016734153 0.980315566
1781254049.975606 -1.752374291 -0.100856006 -1.803658962 -0.006960600 -0.193973735 0.016620640 0.980841279
1781254050.008980 -1.747130036 -0.100481346 -1.802657485 -0.006878518 -0.190529138 0.016533270 0.981518209
1781254050.042354 -1.741734505 -0.100497611 -1.802194238 -0.006811860 -0.187839597 0.016116779 0.982043862
1781254050.075727 -1.736410379 -0.101210311 -1.802889585 -0.006872023 -0.185270920 0.016085260 0.982531846
1781254050.109102 -1.730631590 -0.100546911 -1.801139712 -0.006793461 -0.182982564 0.015853176 0.982964933
1781254050.142475 -1.725596189 -0.101158299 -1.801418424 -0.006708323 -0.180022240 0.015343640 0.983520091
1781254050.175849 -1.721173525 -0.101460114 -1.801956892 -0.006870656 -0.177448794 0.015378262 0.983985901
1781254050.209223 -1.715588570 -0.100917421 -1.800884843 -0.006574735 -0.174516678 0.014789660 0.984521270
1781254050.242597 -1.709877968 -0.100792825 -1.800994873 -0.006550150 -0.172020882 0.014499492 0.984964788
1781254050.376091 -1.686410904 -0.100904502 -1.797457576 -0.006626201 -0.159959868 0.014078937 0.987000883
1781254050.409465 -1.680436611 -0.102283306 -1.799568534 -0.006757873 -0.156671420 0.013454108 0.987536073
1781254050.442839 -1.673613787 -0.101338901 -1.798674941 -0.006652656 -0.153830498 0.013976105 0.987976015
1781254050.476212 -1.667578459 -0.102122359 -1.798432589 -0.006640152 -0.149740800 0.013361726 0.988612771
1781254050.509585 -1.660957932 -0.102661759 -1.798696637 -0.006844448 -0.146713674 0.013392388 0.989064693
1781254050.542959 -1.654536605 -0.102406368 -1.798378229 -0.006668604 -0.143683895 0.012879867 0.989517391
1781254050.576332 -1.647751212 -0.102398820 -1.798200369 -0.006579116 -0.140419424 0.012542388 0.989990830
1781254050.609705 -1.640586972 -0.102500454 -1.798697591 -0.006501833 -0.138047814 0.012228552 0.990328729
1781254050.643079 -1.634061456 -0.102657504 -1.798695922 -0.006555593 -0.135113254 0.011821250 0.990737975
1781254050.676453 -1.626645088 -0.104328156 -1.800862432 -0.006898212 -0.132138014 0.011642811 0.991138935
1781254050.709826 -1.618439436 -0.103423871 -1.800505400 -0.006655625 -0.129900873 0.011706342 0.991435528
1781254050.743199 -1.611399531 -0.104060136 -1.800528169 -0.006877121 -0.125912622 0.011705274 0.991948426
1781254050.776572 -1.605206370 -0.103106745 -1.800869465 -0.006422750 -0.123922676 0.010829250 0.992211998
1781254050.809945 -1.598314047 -0.104084149 -1.801849127 -0.006543914 -0.121658422 0.010563421 0.992494285
1781254050.843318 -1.591506720 -0.103575774 -1.800914407 -0.006373222 -0.119087413 0.010352973 0.992809355
1781254050.876690 -1.583798528 -0.103752069 -1.801822186 -0.006371423 -0.117414199 0.009917519 0.993013084
1781254050.910063 -1.575857401 -0.104763418 -1.803041101 -0.006695115 -0.116442859 0.010093722 0.993123591
1781254050.943436 -1.568677783 -0.104307093 -1.803585291 -0.006657892 -0.113656551 0.009778569 0.993449748
1781254050.976809 -1.560755372 -0.105206408 -1.804853678 -0.006751131 -0.111559831 0.009641373 0.993688047
1781254051.010181 -1.552875757 -0.104958527 -1.804984212 -0.006799371 -0.108973794 0.009159417 0.993979216
1781254051.043554 -1.545120597 -0.104990147 -1.806237221 -0.006496666 -0.107160650 0.009214295 0.994177818
1781254051.076926 -1.536877513 -0.105357334 -1.806605458 -0.006593290 -0.106381878 0.008958176 0.994263172
1781254051.110299 -1.530355692 -0.104637116 -1.805909395 -0.006340981 -0.103924945 0.008936651 0.994524777
1781254051.143671 -1.523291945 -0.105744012 -1.806231856 -0.006568875 -0.102518179 0.008245117 0.994675279
1781254051.177043 -1.514006615 -0.105797946 -1.806672692 -0.006539187 -0.102146782 0.008452830 0.994711995
1781254051.210416 -1.506945133 -0.105461054 -1.806655049 -0.006476734 -0.101491541 0.008676882 0.994777560
1781254051.243788 -1.499540806 -0.103912115 -1.803911924 -0.006372298 -0.100100927 0.008962868 0.994916499
1781254051.277160 -1.491702557 -0.104398593 -1.804440379 -0.006379535 -0.099429078 0.008624921 0.994986832
1781254051.310533 -1.483970165 -0.105202660 -1.804111838 -0.006559647 -0.099722512 0.008747298 0.994955242
1781254051.343904 -1.476094007 -0.105421923 -1.803970814 -0.006652361 -0.099687219 0.008583106 0.994959593
1781254051.377278 -1.467642903 -0.105461173 -1.803787827 -0.006570714 -0.100314178 0.008694113 0.994896173
1781254051.410650 -1.459873199 -0.106080890 -1.803776979 -0.006602195 -0.101250380 0.008666814 0.994801342
1781254051.444023 -1.452734113 -0.105112396 -1.800626278 -0.006445423 -0.102148302 0.008813286 0.994709313
1781254051.477397 -1.443621516 -0.105813421 -1.800745010 -0.006454429 -0.103842974 0.009215398 0.994530082
1781254051.510771 -1.435843468 -0.105701528 -1.798169017 -0.006406617 -0.105985381 0.008958262 0.994306743
1781254051.544144 -1.428948283 -0.105651349 -1.795412421 -0.006395681 -0.106295571 0.008993333 0.994273365
1781254051.577517 -1.421172142 -0.105353087 -1.793854475 -0.006335337 -0.108489394 0.009281647 0.994034171
1781254051.610891 -1.413776278 -0.104289718 -1.791167498 -0.006249634 -0.110920906 0.009670627 0.993762553
1781254051.644264 -1.405011654 -0.104745053 -1.789187908 -0.006372749 -0.112638347 0.009670946 0.993568599
1781254051.677637 -1.397240996 -0.105040208 -1.786593080 -0.006475187 -0.114351548 0.009395959 0.993374825
1781254051.711010 -1.389954925 -0.104938254 -1.784876704 -0.006640141 -0.115399256 0.009835164 0.993248343
1781254051.744383 -1.383807421 -0.102339447 -1.779716372 -0.006111497 -0.119282216 0.010091867 0.992790341
1781254051.777756 -1.374647975 -0.103170559 -1.777164578 -0.006388914 -0.124199137 0.010449430 0.992181718
1781254051.811129 -1.367324591 -0.102502637 -1.773670793 -0.006336873 -0.126115263 0.010763145 0.991936982
1781254051.844502 -1.358674169 -0.103220291 -1.771782517 -0.006583604 -0.129553258 0.010776731 0.991492093
1781254051.877875 -1.351627707 -0.102060318 -1.766972184 -0.006410319 -0.133630186 0.011095659 0.990948439
1781254051.911248 -1.344582319 -0.101672843 -1.763074756 -0.006517590 -0.137255013 0.011121214 0.990451932
1781254051.944621 -1.335180044 -0.102891356 -1.759702444 -0.006692975 -0.142387092 0.011164029 0.989725471
1781254051.977993 -1.327553391 -0.102740839 -1.755672932 -0.006795404 -0.145851865 0.011704367 0.989213884
1781254052.011366 -1.320891380 -0.101238996 -1.750493288 -0.006536500 -0.150083750 0.012076756 0.988577902
1781254052.044739 -1.313836932 -0.101424441 -1.746912122 -0.006722525 -0.154472217 0.012479349 0.987895489
1781254052.078112 -1.308384180 -0.100523375 -1.742318034 -0.006155649 -0.158321470 0.011966802 0.987295926
1781254052.111485 -1.300918579 -0.099934377 -1.737704515 -0.006131507 -0.162707388 0.012747205 0.986573040
1781254052.144857 -1.295417547 -0.099510796 -1.732250571 -0.006405595 -0.166396841 0.012944186 0.985953152
1781254052.178229 -1.288113952 -0.098858580 -1.727004290 -0.006214328 -0.171300411 0.013503491 0.985106707
1781254052.211601 -1.281341314 -0.097590268 -1.722478628 -0.005872823 -0.177222520 0.013652233 0.984058559
1781254052.244974 -1.273426533 -0.098741598 -1.718571424 -0.006147936 -0.181461260 0.014150819 0.983277082
1781254052.278346 -1.265341520 -0.098833703 -1.713439822 -0.006312156 -0.184494689 0.014212055 0.982710481
1781254052.311718 -1.260256052 -0.097886987 -1.707471848 -0.006282649 -0.188185051 0.014340909 0.982008815
1781254052.345090 -1.252207518 -0.097709000 -1.702172160 -0.006199928 -0.192929834 0.014433457 0.981086850
1781254052.378462 -1.245573282 -0.097824186 -1.697620273 -0.006359388 -0.196752682 0.014669325 0.980322778
1781254052.411834 -1.239891887 -0.096822567 -1.693158746 -0.006356746 -0.200587943 0.014946045 0.979541063
1781254052.445207 -1.233803272 -0.096568555 -1.687684774 -0.006560098 -0.204130262 0.015134718 0.978804767
1781254052.478579 -1.226032019 -0.096593186 -1.683984876 -0.006504050 -0.208217502 0.015090198 0.977944553
1781254052.511952 -1.222001791 -0.095384255 -1.678281903 -0.006508927 -0.211927295 0.015450316 0.977141619
1781254052.545324 -1.216213822 -0.095305607 -1.673158288 -0.006511984 -0.215634331 0.015665349 0.976326823
1781254052.578696 -1.211391330 -0.094280697 -1.667313814 -0.006387419 -0.219601080 0.016039051 0.975437045
1781254052.612069 -1.204187989 -0.094080053 -1.662704587 -0.006483840 -0.223056629 0.016452760 0.974645078
1781254052.645441 -1.198166132 -0.094456255 -1.659125090 -0.006775226 -0.226287141 0.016443823 0.973898351
1781254052.678813 -1.193629503 -0.093695745 -1.652857780 -0.006228905 -0.231164396 0.016384132 0.972756803
1781254052.712185 -1.188965321 -0.091989435 -1.646651268 -0.006239677 -0.233826533 0.016946733 0.972110629
1781254052.745557 -1.181821704 -0.093098462 -1.643365622 -0.006209499 -0.235764459 0.016808821 0.971645057
1781254052.778929 -1.177348852 -0.092883244 -1.638917446 -0.006251184 -0.239358589 0.017016847 0.970762014
1781254052.812301 -1.171887517 -0.092769839 -1.634103179 -0.006246269 -0.242586762 0.016893849 0.969962537
1781254052.845673 -1.166972160 -0.092937529 -1.629350662 -0.006291274 -0.245438054 0.016967917 0.969243348
1781254052.879045 -1.162493706 -0.092339031 -1.624419332 -0.006529205 -0.247915819 0.017589891 0.968599916
1781254052.912416 -1.158623576 -0.092352495 -1.619701743 -0.006440512 -0.250506401 0.017062269 0.967943192
1781254052.945788 -1.152670383 -0.092901930 -1.615708470 -0.006914807 -0.253564864 0.017742481 0.967130959
1781254052.979159 -1.149876237 -0.091940537 -1.611109018 -0.006698102 -0.256645292 0.017604508 0.966322124
1781254053.079273 -1.138581872 -0.091619641 -1.598626018 -0.007045950 -0.261651605 0.017906785 0.964970529
1781254053.112644 -1.133769035 -0.091050781 -1.592686653 -0.006946957 -0.263900578 0.018234119 0.964352489
1781254053.146015 -1.130086064 -0.090546466 -1.590101242 -0.006730706 -0.266421288 0.018406723 0.963657439
1781254053.179386 -1.126959085 -0.089459941 -1.585686684 -0.006667746 -0.268007159 0.018710380 0.963212192
1781254053.212757 -1.123912334 -0.088967301 -1.580685854 -0.006861429 -0.269322544 0.018846329 0.962841272
1781254053.246128 -1.119917870 -0.088826641 -1.576304436 -0.006842378 -0.271084517 0.018353943 0.962356269
1781254053.279499 -1.114932060 -0.089053638 -1.572298527 -0.006996606 -0.272833765 0.018859809 0.961850941
1781254053.312869 -1.113815904 -0.088390365 -1.566954255 -0.006689725 -0.275778681 0.018564351 0.961018682
1781254053.346240 -1.109812617 -0.088218167 -1.562049389 -0.006781206 -0.277873158 0.018923359 0.960407495
1781254053.379611 -1.106693625 -0.088173822 -1.557263255 -0.006943171 -0.278962672 0.019008396 0.960088730
1781254053.412982 -1.101719618 -0.088711254 -1.553091049 -0.007064273 -0.281458914 0.018774422 0.959363580
1781254053.446354 -1.097571373 -0.087770820 -1.548619270 -0.006823076 -0.283556104 0.018883923 0.958745480
1781254053.479729 -1.095039129 -0.086975582 -1.543011785 -0.006703564 -0.285598904 0.018771986 0.958141983
1781254053.513102 -1.089775562 -0.087564394 -1.536743164 -0.007069661 -0.287562162 0.018909974 0.957549214
1781254053.546475 -1.083957434 -0.086817704 -1.532213449 -0.007019237 -0.290613115 0.019014174 0.956625998
1781254053.579848 -1.081135392 -0.085916430 -1.527138829 -0.007126811 -0.292773664 0.019222192 0.955962002
1781254053.613220 -1.076954842 -0.087015569 -1.521080613 -0.007373456 -0.294764847 0.019179385 0.955348849
1781254053.646593 -1.072496772 -0.087095648 -1.516552567 -0.007408836 -0.297504276 0.019240294 0.954497933
1781254053.679966 -1.069995284 -0.086620249 -1.510246277 -0.007564904 -0.300303072 0.019282486 0.953618944
1781254053.713338 -1.066767812 -0.086277224 -1.504795790 -0.007705519 -0.303471267 0.019477544 0.952610433
1781254053.746711 -1.063544989 -0.085764706 -1.499077201 -0.007604376 -0.307398111 0.019649299 0.951347768
1781254053.780083 -1.060790420 -0.083997689 -1.493773103 -0.007347577 -0.310973406 0.019954078 0.950180709
1781254053.813456 -1.059127569 -0.083468258 -1.488653421 -0.007370316 -0.313598514 0.020329403 0.949309468
1781254053.846828 -1.055921793 -0.083369114 -1.482718706 -0.007149857 -0.317985624 0.020205939 0.947853267
1781254053.880201 -1.053964496 -0.082569264 -1.476870298 -0.007206979 -0.321801811 0.020834744 0.946550429
1781254053.913573 -1.050413489 -0.082636334 -1.470920563 -0.007244696 -0.324581325 0.021005219 0.945596755
1781254053.946945 -1.046569109 -0.082656808 -1.465008616 -0.007066844 -0.330014706 0.021277389 0.943709552
1781254053.980317 -1.045171499 -0.081134766 -1.458704114 -0.006865426 -0.333407551 0.021596594 0.942510486
1781254054.013689 -1.042384863 -0.081122331 -1.453382492 -0.007085099 -0.335840881 0.021518936 0.941646278
1781254054.047061 -1.039748907 -0.080565006 -1.447991133 -0.006866044 -0.340061367 0.021864096 0.940123975
1781254054.080433 -1.036937833 -0.080035187 -1.442718625 -0.006913632 -0.342871130 0.022154292 0.939095736
1781254054.113805 -1.032901049 -0.081446916 -1.438360095 -0.007378472 -0.345280260 0.022240363 0.938207030
1781254054.147177 -1.031952143 -0.080427811 -1.432979345 -0.007228234 -0.348073065 0.022248007 0.937175512
1781254054.180549 -1.027981997 -0.080959044 -1.428212881 -0.007250479 -0.351101607 0.022695571 0.936034203
1781254054.213921 -1.025320172 -0.081208959 -1.423120022 -0.007347742 -0.354032606 0.022811279 0.934925973
1781254054.247293 -1.023680568 -0.080605775 -1.417701364 -0.007319792 -0.356987834 0.022995973 0.933797300
1781254054.280664 -1.021094918 -0.080379657 -1.413561940 -0.007199455 -0.359742135 0.022826213 0.932744741
1781254054.314035 -1.019964933 -0.080414414 -1.407028794 -0.007302114 -0.362870187 0.022775620 0.931532741
1781254054.347407 -1.017432690 -0.080012888 -1.403114080 -0.007345427 -0.365641028 0.023460852 0.930431247
1781254054.380778 -1.015478730 -0.078628741 -1.398160219 -0.006943130 -0.368074119 0.023411846 0.929475725
1781254054.414150 -1.012605309 -0.078540377 -1.393364549 -0.007082999 -0.370796323 0.023687033 0.928385079
1781254054.447523 -1.011369824 -0.078121863 -1.388292551 -0.006963234 -0.373932362 0.023805363 0.927124262
1781254054.480897 -1.010543227 -0.077218369 -1.382860899 -0.006764678 -0.376816213 0.023666184 0.925960958
1781254054.514271 -1.008215427 -0.077188067 -1.377648592 -0.007085058 -0.379583657 0.024205239 0.924813628
1781254054.547645 -1.007107139 -0.076478243 -1.372132063 -0.006772968 -0.383828551 0.024499672 0.923054516
1781254054.581018 -1.003647804 -0.077002957 -1.367461205 -0.006982257 -0.386711687 0.024561204 0.921847105
1781254054.614392 -1.001466990 -0.075928472 -1.361726642 -0.007134078 -0.388117522 0.025081446 0.921240985
1781254054.647766 -1.000316620 -0.075112112 -1.356301665 -0.006641768 -0.392212540 0.024878098 0.919514179
1781254054.681139 -0.998091817 -0.074820489 -1.350962281 -0.006885604 -0.394526064 0.025183221 0.918513834
1781254054.714513 -0.994640231 -0.075277470 -1.345279813 -0.007031384 -0.397973418 0.025533514 0.917014599
1781254054.747886 -0.993338227 -0.075036541 -1.340002418 -0.007266647 -0.401456892 0.025889684 0.915483177
1781254054.781260 -0.991820037 -0.074949503 -1.335182428 -0.007424854 -0.403685957 0.026010707 0.914497674
1781254054.814633 -0.992166221 -0.074477121 -1.329614878 -0.007213108 -0.406881481 0.025505995 0.913096368
1781254054.848006 -0.990023375 -0.073636122 -1.324374795 -0.007140992 -0.410166204 0.026151650 0.911607862
1781254054.881381 -0.988189697 -0.073949575 -1.319369555 -0.007213811 -0.412671924 0.025946269 0.910481572
1781254054.914754 -0.987125576 -0.073445112 -1.314696908 -0.007179487 -0.415499896 0.026126856 0.909189641
1781254054.948127 -0.985912442 -0.073514335 -1.308587551 -0.007450298 -0.418461949 0.026203107 0.907825708
1781254054.981500 -0.984380305 -0.073724397 -1.304417133 -0.007523540 -0.420826644 0.026277361 0.906729221
1781254055.014873 -0.982489705 -0.072132647 -1.299474478 -0.007308130 -0.423505992 0.027083673 0.905458868
1781254055.048246 -0.981305957 -0.071797416 -1.294751287 -0.007323117 -0.426266730 0.027144248 0.904160559
1781254055.081619 -0.980917633 -0.070928834 -1.290328383 -0.007059899 -0.428636432 0.027265182 0.903038025
1781254055.114992 -0.979869068 -0.070610359 -1.285754919 -0.007186468 -0.431015670 0.027734861 0.901889563
1781254055.148365 -0.979634702 -0.070125163 -1.281496644 -0.007136922 -0.433322161 0.027965847 0.900776803
1781254055.181737 -0.978308201 -0.069518849 -1.277242422 -0.007097877 -0.435852617 0.028225515 0.899547398
1781254055.215110 -0.975594461 -0.069766819 -1.272922873 -0.007186067 -0.438111007 0.028409719 0.898443162
1781254055.248483 -0.976443946 -0.068643562 -1.269146204 -0.007036532 -0.439835072 0.028489443 0.897599041
1781254055.281855 -0.975123942 -0.068669163 -1.265415907 -0.007163015 -0.442090273 0.028721664 0.896481991
1781254055.315228 -0.973516285 -0.068687879 -1.261266470 -0.007073858 -0.444586188 0.028788008 0.895245433
1781254055.348600 -0.973114491 -0.067978971 -1.257155657 -0.007058279 -0.446635008 0.029116016 0.894214511
1781254055.381973 -0.972207665 -0.067532986 -1.253312945 -0.006945267 -0.449181765 0.029254723 0.892934322
1781254055.415345 -0.969240308 -0.069101825 -1.249613285 -0.007346038 -0.452074349 0.029272424 0.891469598
1781254055.448713 -0.966460884 -0.069519915 -1.245828032 -0.007582290 -0.454136342 0.029294273 0.890418231
1781254055.482080 -0.966127992 -0.069294482 -1.241176605 -0.007478295 -0.456321597 0.029240344 0.889303029
1781254055.515448 -0.967238665 -0.067585923 -1.237084746 -0.007468573 -0.458853215 0.029947842 0.887975931
1781254055.548816 -0.966291130 -0.067152560 -1.233496070 -0.007201766 -0.461019695 0.029922573 0.886856079
1781254055.582184 -0.965573967 -0.066901855 -1.228786349 -0.007324433 -0.462992638 0.030095374 0.885820866
1781254055.615551 -0.965500534 -0.066234432 -1.224953175 -0.007628024 -0.464870691 0.030362416 0.884824991
1781254055.648919 -0.963828802 -0.065865733 -1.220789433 -0.007543446 -0.467888564 0.030692110 0.883222222
1781254055.682286 -0.964113057 -0.065954514 -1.216625929 -0.007528882 -0.470189571 0.030596104 0.882002831
1781254055.715653 -0.962488472 -0.065802768 -1.212934256 -0.007647844 -0.471507102 0.030620942 0.881297290
1781254055.749020 -0.960573971 -0.065739311 -1.209166765 -0.007625470 -0.473704129 0.030599028 0.880119383
1781254055.782387 -0.958702743 -0.065504193 -1.203805327 -0.007708053 -0.476660669 0.030783251 0.878514469
1781254055.815754 -0.958757222 -0.065021507 -1.199948192 -0.007609351 -0.479005188 0.030754022 0.877240241
1781254055.849120 -0.958338559 -0.064653844 -1.195465088 -0.008080048 -0.481227219 0.031203805 0.876003087
1781254055.882487 -0.955682635 -0.065911159 -1.189210296 -0.008463201 -0.483819813 0.031190075 0.874570727
1781254055.915854 -0.955446780 -0.065218769 -1.185171843 -0.008447162 -0.486283988 0.031424057 0.873194814
1781254056.015953 -0.954793036 -0.064419493 -1.171446323 -0.008768497 -0.495117098 0.032087535 0.868189216
1781254056.049319 -0.954036832 -0.063975647 -1.167367935 -0.008617332 -0.497460455 0.032158639 0.866847575
1781254056.082685 -0.953323662 -0.063377768 -1.163005233 -0.008734936 -0.499575853 0.032200664 0.865627408
1781254056.116051 -0.953474700 -0.062720791 -1.158515096 -0.008465751 -0.502052069 0.032391671 0.864189208
1781254056.149416 -0.952909946 -0.063054845 -1.154603124 -0.008795373 -0.504866064 0.032610156 0.862536728
1781254056.182782 -0.952691257 -0.062809348 -1.149992228 -0.008422757 -0.508567333 0.032379914 0.860372007
1781254056.216148 -0.951951683 -0.062568329 -1.144252777 -0.008733033 -0.511197269 0.032787345 0.858793318
1781254056.249513 -0.950005770 -0.062867209 -1.138693452 -0.009176421 -0.513752759 0.033018097 0.857253611
1781254056.282880 -0.949141324 -0.062584735 -1.133045673 -0.009289579 -0.516492546 0.033300698 0.855593562
1781254056.316245 -0.947881579 -0.062277209 -1.128901482 -0.009098488 -0.519329131 0.033406470 0.853872716
1781254056.349611 -0.949427605 -0.060451210 -1.124653101 -0.008661016 -0.522299588 0.034023464 0.852039099
1781254056.382976 -0.948472202 -0.060237691 -1.119458675 -0.008717037 -0.525957286 0.034193672 0.849778712
1781254056.416341 -0.947945178 -0.059938930 -1.113982558 -0.008784077 -0.528504789 0.034311537 0.848191202
1781254056.449756 -0.946012914 -0.060136881 -1.108297586 -0.008927585 -0.531549513 0.034518633 0.846276522
1781254056.483171 -0.947130382 -0.059407301 -1.103011727 -0.008764506 -0.534928560 0.034493454 0.844147444
1781254056.516586 -0.946360886 -0.059096865 -1.096772194 -0.009038433 -0.538559258 0.034961060 0.841813505
1781254056.550001 -0.946356654 -0.058399167 -1.090359807 -0.009033796 -0.542055905 0.035308946 0.839551806
1781254056.583418 -0.946579218 -0.057826165 -1.084955096 -0.008815807 -0.545377672 0.035143059 0.837406993
1781254056.616835 -0.946721375 -0.057815246 -1.079004288 -0.008925634 -0.548361957 0.035228234 0.835451126
1781254056.650252 -0.944869459 -0.058705777 -1.072096705 -0.009586830 -0.552297652 0.035387576 0.832840383
1781254056.683670 -0.945717990 -0.057948962 -1.067330360 -0.009437854 -0.555592597 0.035402697 0.830647051
1781254056.717088 -0.944704533 -0.057630409 -1.059905529 -0.009720252 -0.558547556 0.035689600 0.828647375
1781254056.750507 -0.945404530 -0.057644047 -1.054489136 -0.009489425 -0.562027395 0.035809837 0.826288640
1781254056.783926 -0.945236921 -0.057330132 -1.048781872 -0.009606594 -0.565593183 0.035756145 0.823852897
1781254056.817346 -0.946110785 -0.056825653 -1.043274283 -0.010101956 -0.567496777 0.036494102 0.822504461
1781254056.850766 -0.945918143 -0.056965854 -1.038017988 -0.009561165 -0.571468532 0.036131684 0.819772422
1781254056.884187 -0.948983014 -0.054765105 -1.032780170 -0.009485325 -0.575128078 0.036635146 0.817187607
1781254056.917608 -0.948242366 -0.054744460 -1.026905775 -0.009635789 -0.577468455 0.036884159 0.815522552
1781254056.951030 -0.947115541 -0.054322395 -1.019304514 -0.010119031 -0.581749737 0.037500784 0.812439859
1781254056.984453 -0.948572218 -0.053579595 -1.015020847 -0.010167797 -0.584108293 0.037699871 0.810736001
1781254057.017876 -0.948724270 -0.053229552 -1.009431124 -0.009959204 -0.587478578 0.037597224 0.808304548
1781254057.051299 -0.948515594 -0.053162973 -1.003667593 -0.010262253 -0.590834677 0.037967712 0.805833459
1781254057.084723 -0.949995697 -0.052628733 -0.998570621 -0.010310091 -0.593700826 0.037949771 0.803724408
1781254057.118147 -0.950255036 -0.052818421 -0.993131876 -0.010465776 -0.597207367 0.038110852 0.801112592
1781254057.151572 -0.952145517 -0.051997710 -0.987977087 -0.010517206 -0.599991441 0.038395558 0.799015224
1781254057.184998 -0.951544046 -0.051921993 -0.982153773 -0.010429954 -0.603051543 0.038428694 0.796707809
1781254057.218423 -0.953251123 -0.051237255 -0.976999819 -0.010291095 -0.606554806 0.038632091 0.794035792
1781254057.251850 -0.952536523 -0.050971769 -0.970608830 -0.010256622 -0.609534740 0.038859904 0.791739941
1781254057.285276 -0.954326212 -0.050219424 -0.965314746 -0.010270805 -0.612871468 0.039115164 0.789147079
1781254057.318704 -0.956207454 -0.049846631 -0.960132897 -0.010449555 -0.615871429 0.039218117 0.786800623
1781254057.352131 -0.955490172 -0.049644522 -0.954803646 -0.010591622 -0.618915021 0.039340429 0.784400702
1781254057.385560 -0.957589805 -0.048548728 -0.949135482 -0.010396910 -0.622366428 0.039616570 0.781653702
1781254057.418987 -0.958463371 -0.047934223 -0.942433298 -0.010641920 -0.625531673 0.039946873 0.779102802
1781254057.452367 -0.959392846 -0.049221803 -0.936006725 -0.011218893 -0.629291773 0.040087312 0.776053548
1781254057.485748 -0.960664272 -0.047401670 -0.930891275 -0.010473664 -0.633733392 0.040168848 0.772436976
1781254057.519128 -0.962643623 -0.047133029 -0.923542857 -0.010969219 -0.636282921 0.040614795 0.770307839
1781254057.552509 -0.964989483 -0.046371352 -0.917873323 -0.010507196 -0.639884889 0.040520106 0.767329812
1781254057.585890 -0.966330230 -0.046554405 -0.910061002 -0.010634757 -0.644744098 0.040506758 0.763250470
1781254057.619270 -0.968579173 -0.045763373 -0.904466987 -0.010402898 -0.648019850 0.040800564 0.760458767
1781254057.652651 -0.971093714 -0.045301385 -0.898562074 -0.010055488 -0.651927710 0.040881835 0.757111549
1781254057.686032 -0.972575545 -0.045071945 -0.891540825 -0.010274161 -0.656272590 0.041197594 0.753328323
1781254057.719413 -0.976261199 -0.043515168 -0.885965347 -0.010034330 -0.660198212 0.041470025 0.749878585
1781254057.752794 -0.977359176 -0.044240166 -0.879065931 -0.010449119 -0.663879454 0.041568425 0.746610403
1781254057.786174 -0.979096591 -0.044531539 -0.871747255 -0.010457628 -0.667821646 0.041659616 0.743081093
1781254057.819555 -0.982397258 -0.043207154 -0.867065310 -0.010184128 -0.671891451 0.042170845 0.739378035
1781254057.852935 -0.984461069 -0.043341789 -0.862330258 -0.009976644 -0.675766408 0.042094808 0.735845327
1781254057.886316 -0.985975623 -0.042789016 -0.855138361 -0.009994785 -0.679121792 0.042268526 0.732739449
1781254057.919697 -0.988159776 -0.042253654 -0.848992050 -0.010299474 -0.682864428 0.042837456 0.729215384
1781254057.953077 -0.990941584 -0.041651171 -0.843627810 -0.010369983 -0.686217189 0.042926636 0.726055026
1781254057.986458 -0.992325604 -0.042080194 -0.837947667 -0.010675243 -0.689711809 0.043128174 0.722719669
1781254058.019838 -0.995777309 -0.040680900 -0.832073450 -0.009940057 -0.694844782 0.043490153 0.717774808
1781254058.053219 -0.997690558 -0.040150121 -0.826417923 -0.010149219 -0.697275102 0.043741204 0.715395808
1781254058.086599 -1.000573874 -0.039454505 -0.819625258 -0.009872802 -0.700543940 0.043853056 0.712192237
1781254058.119980 -1.002004623 -0.039086875 -0.813545108 -0.009747677 -0.705024719 0.044161499 0.707739353
1781254058.153361 -1.006491899 -0.038788155 -0.808001041 -0.010403292 -0.708246231 0.044664800 0.704474390
1781254058.186741 -1.010055065 -0.038387418 -0.803136110 -0.010503641 -0.711372912 0.044815455 0.701305866
1781254058.220122 -1.012942076 -0.037722148 -0.797108293 -0.010367219 -0.715298831 0.045108061 0.697284341
1781254058.253502 -1.016533017 -0.037168529 -0.791698813 -0.010186083 -0.718505740 0.045312263 0.693968773
1781254058.286883 -1.018561125 -0.037318267 -0.786760271 -0.009855004 -0.721757591 0.045354608 0.690588057
1781254058.320263 -1.022226334 -0.036723956 -0.781294823 -0.010008081 -0.725128412 0.045379143 0.687043965
1781254058.353644 -1.025505900 -0.035914663 -0.775101185 -0.009876301 -0.728398383 0.045693550 0.683557212
1781254058.387025 -1.028095245 -0.036232933 -0.770247579 -0.010211964 -0.731790841 0.045639642 0.679922760
1781254058.420407 -1.031452894 -0.035812382 -0.764108896 -0.010499449 -0.735276639 0.046085190 0.676117122
1781254058.453788 -1.035028219 -0.035121027 -0.759275794 -0.010188755 -0.738620102 0.046209693 0.672459126
1781254058.487170 -1.037155867 -0.034961049 -0.754052758 -0.010117261 -0.741959929 0.046278346 0.668768704
1781254058.520550 -1.040307522 -0.034243647 -0.747995615 -0.009947075 -0.745706737 0.046508875 0.664574742
1781254058.553932 -1.043040514 -0.033576477 -0.743058145 -0.010259020 -0.747990489 0.046802308 0.661977768
1781254058.587313 -1.047205210 -0.032900929 -0.738482952 -0.010030404 -0.750840604 0.046947669 0.658736587
1781254058.620695 -1.050738811 -0.032528963 -0.732335091 -0.009733760 -0.755601466 0.047266316 0.653251588
1781254058.654076 -1.054027081 -0.032895133 -0.727234900 -0.010181358 -0.758319974 0.047367290 0.650079727
1781254058.687458 -1.057268143 -0.032498073 -0.722147584 -0.009893589 -0.761167765 0.047318943 0.646750927
1781254058.720839 -1.060915828 -0.032724168 -0.716704488 -0.009953829 -0.764489770 0.047361292 0.642816722
1781254058.754220 -1.065489292 -0.031539083 -0.712289691 -0.010010084 -0.767116964 0.047721460 0.639651597
1781254058.787602 -1.068671346 -0.031809501 -0.706773520 -0.010011665 -0.770635128 0.047754586 0.635405958
1781254058.820983 -1.072754145 -0.031290121 -0.700709343 -0.010279077 -0.774210453 0.048246183 0.631003082
1781254058.854364 -1.076220989 -0.030871257 -0.694804251 -0.010113622 -0.776939571 0.048019562 0.627659798
1781254058.887746 -1.079059601 -0.031090029 -0.690276384 -0.009952827 -0.779678345 0.047989789 0.624259353
1781254058.987891 -1.089932442 -0.028584927 -0.677434504 -0.010125539 -0.787601709 0.049238924 0.614130735
1781254059.021272 -1.093400717 -0.028243653 -0.673446357 -0.010424625 -0.789706469 0.049476661 0.611397684
1781254059.054654 -1.097958803 -0.027435176 -0.669231415 -0.010320092 -0.792437255 0.049704053 0.607837379
1781254059.088036 -1.100956559 -0.027235009 -0.665545285 -0.010011915 -0.795414865 0.049825475 0.603930891
1781254059.121418 -1.103523493 -0.028347753 -0.659880519 -0.010529579 -0.797292113 0.049670160 0.601454258
1781254059.154799 -1.107865572 -0.028089784 -0.655431390 -0.010385158 -0.800043762 0.049944501 0.597769022
1781254059.188181 -1.111807704 -0.027890004 -0.651107550 -0.010443298 -0.803431690 0.050052051 0.593197584
1781254059.221562 -1.114421129 -0.027206533 -0.646169662 -0.010661196 -0.805328429 0.050363712 0.590589464
1781254059.254944 -1.118237615 -0.026749328 -0.642102480 -0.010429244 -0.808147788 0.050336204 0.586732268
1781254059.288326 -1.123309374 -0.026449449 -0.639183998 -0.010806058 -0.810650766 0.050734788 0.583227754
1781254059.321707 -1.126720309 -0.025772594 -0.634541750 -0.010798443 -0.812733352 0.050943751 0.580303907
1781254059.355089 -1.131484389 -0.025415182 -0.630808353 -0.010422331 -0.815630555 0.050882407 0.576237082
1781254059.388470 -1.135027647 -0.025507785 -0.626383066 -0.010953751 -0.818079829 0.051126029 0.572723031
1781254059.421851 -1.139800668 -0.024671718 -0.622966409 -0.010444365 -0.820548654 0.051184457 0.569184542
1781254059.455304 -1.143103004 -0.024426848 -0.618413925 -0.010627207 -0.822999775 0.051507264 0.565601826
1781254059.488757 -1.147205353 -0.024663463 -0.612208009 -0.011038947 -0.825084686 0.051551264 0.562544107
1781254059.522211 -1.150395989 -0.024527594 -0.608924389 -0.010888570 -0.827416539 0.051786836 0.559089839
1781254059.555666 -1.154251695 -0.024130009 -0.604182363 -0.010916186 -0.829604447 0.051840506 0.555832744
1781254059.589121 -1.157819986 -0.024078488 -0.598629117 -0.010863935 -0.831585884 0.051845625 0.552864373
1781254059.622577 -1.161781549 -0.023955420 -0.596178174 -0.011022454 -0.833259344 0.051972579 0.550323784
1781254059.656033 -1.166341186 -0.022081822 -0.594739676 -0.010605082 -0.834253550 0.052035466 0.548817813
1781254059.689489 -1.170403957 -0.022035114 -0.589843035 -0.010745487 -0.835625589 0.051969316 0.546730042
1781254059.722946 -1.173467636 -0.022449277 -0.585303783 -0.010721408 -0.836919546 0.051891897 0.544755042
1781254059.756403 -1.177301645 -0.021564700 -0.581342459 -0.011254615 -0.837484360 0.052209117 0.543845236
1781254059.789863 -1.181955218 -0.022175342 -0.576688647 -0.010811517 -0.839056015 0.051801551 0.541465402
1781254059.823321 -1.185455322 -0.021740168 -0.571635842 -0.010964909 -0.839859903 0.052035540 0.540192068
1781254059.856780 -1.190015793 -0.022021495 -0.566602230 -0.011410266 -0.839582443 0.051955484 0.540621817
1781254059.890239 -1.193536282 -0.021093629 -0.561999679 -0.010766699 -0.840142667 0.051669743 0.539791405
1781254059.923699 -1.196828485 -0.021480612 -0.556342363 -0.011063798 -0.839823008 0.051591873 0.540290058
1781254059.957160 -1.198493838 -0.020961575 -0.549237609 -0.010886536 -0.838728428 0.051342629 0.542014897
1781254059.990620 -1.203252912 -0.019763768 -0.544569731 -0.011085783 -0.837678194 0.051640503 0.543604374
1781254060.024081 -1.205629826 -0.020508587 -0.539037228 -0.010760296 -0.835860372 0.051131804 0.546449721
1781254060.057543 -1.208945036 -0.019680180 -0.532001019 -0.011178419 -0.833885074 0.051273212 0.549437821
1781254060.091005 -1.211051106 -0.020391084 -0.526089907 -0.011043839 -0.830781400 0.050674815 0.554177225
1781254060.124468 -1.213669300 -0.018892996 -0.519999266 -0.010885030 -0.828328609 0.050565276 0.557849884
1781254060.157931 -1.216965079 -0.016047746 -0.513942957 -0.010602968 -0.825325847 0.051151313 0.562235177
1781254060.191395 -1.219410062 -0.016224243 -0.508289218 -0.010744402 -0.821944296 0.050825145 0.567193985
1781254060.224859 -1.221641302 -0.014491245 -0.499784350 -0.010982431 -0.819047391 0.051107060 0.571339548
1781254060.258323 -1.223589897 -0.015493371 -0.492891908 -0.010887979 -0.815547049 0.050540935 0.576376796
1781254060.291789 -1.226567388 -0.013943955 -0.486243248 -0.011275061 -0.812484920 0.050920613 0.580644667
1781254060.325254 -1.227893353 -0.014244288 -0.477740765 -0.011340577 -0.808279991 0.050388616 0.586528718
1781254060.358720 -1.230084777 -0.013984688 -0.471140385 -0.011433597 -0.804728925 0.050342575 0.591393471
1781254060.392187 -1.232804179 -0.013594724 -0.463162184 -0.011560347 -0.800704598 0.050035994 0.596854150
1781254060.425651 -1.231058359 -0.013585612 -0.456651688 -0.010964458 -0.796717346 0.049668055 0.602207959
1781254060.459020 -1.233081460 -0.012427762 -0.450042009 -0.010246261 -0.792126834 0.049166210 0.608286798
1781254060.492390 -1.233726740 -0.011711672 -0.442190051 -0.010809432 -0.787652373 0.049145173 0.614061654
1781254060.525760 -1.234914541 -0.011414856 -0.434806228 -0.010326724 -0.782599568 0.048544694 0.620543838
1781254060.559129 -1.235982656 -0.012363784 -0.428265333 -0.011040702 -0.778379679 0.048429880 0.625825763
1781254060.592498 -1.235462427 -0.011066489 -0.420226216 -0.010483569 -0.773183405 0.048104115 0.632268548
1781254060.625867 -1.237583756 -0.010252438 -0.412344694 -0.010648832 -0.768866658 0.048090514 0.637509286
1781254060.659236 -1.237333179 -0.009170577 -0.405590177 -0.010094022 -0.763574898 0.047674824 0.643877804
1781254060.692605 -1.238405704 -0.009544693 -0.397387624 -0.009972995 -0.759252071 0.047286499 0.648999929
1781254060.725973 -1.237160087 -0.008835353 -0.390178800 -0.010120114 -0.753937244 0.047250770 0.655166924
1781254060.759342 -1.237785816 -0.009458326 -0.383266687 -0.010487324 -0.749333143 0.046916839 0.660445929
1781254060.792711 -1.236327052 -0.008281693 -0.375760436 -0.010600582 -0.744462967 0.046612747 0.665950358
1781254060.826079 -1.237572312 -0.008207113 -0.368621469 -0.010328124 -0.739381731 0.046100259 0.671626985
1781254060.859447 -1.238862991 -0.006780192 -0.360277772 -0.010591111 -0.734637320 0.045971088 0.676817954
1781254060.892816 -1.238271952 -0.007215746 -0.353505313 -0.010260470 -0.728727221 0.045349628 0.683223903
1781254060.926184 -1.237412333 -0.007338837 -0.346113384 -0.010508856 -0.724073410 0.045069359 0.688168705
1781254060.959552 -1.236555934 -0.005911626 -0.339384735 -0.010233589 -0.718306303 0.044648767 0.694217443
1781254060.992920 -1.236219168 -0.004293099 -0.330721378 -0.010297835 -0.713526428 0.044959225 0.699108541
1781254061.026288 -1.233315229 -0.005958900 -0.323891222 -0.010326454 -0.708258331 0.044267021 0.704488456
1781254061.059655 -1.230616331 -0.005873375 -0.317287505 -0.010537770 -0.703751981 0.044107463 0.708996952
1781254061.093023 -1.231670856 -0.004562102 -0.308967054 -0.010356126 -0.698015630 0.043902144 0.714660466
1781254061.126391 -1.230709672 -0.003381968 -0.301320195 -0.009903637 -0.693107426 0.043633595 0.719444394
1781254061.159758 -1.228861451 -0.003576100 -0.295365512 -0.009592105 -0.687588990 0.042669158 0.724781871
1781254061.193126 -1.227996826 -0.003083698 -0.289465487 -0.009149305 -0.682668328 0.042374060 0.729441345
1781254061.226494 -1.225398779 -0.003781177 -0.284963965 -0.009247718 -0.677236915 0.041975860 0.734508514
1781254061.259861 -1.222300291 -0.004582025 -0.279183090 -0.009558542 -0.672669411 0.041693993 0.738705754
1781254061.293228 -1.222317696 -0.002289206 -0.272024632 -0.008953048 -0.667465329 0.041531771 0.743427873
1781254061.326595 -1.220840096 -0.002557598 -0.265812576 -0.009384887 -0.662539899 0.041401595 0.747822642
1781254061.359962 -1.220939636 -0.002019525 -0.257766068 -0.009007657 -0.657101214 0.040616091 0.752653480
1781254061.393329 -1.217221975 -0.001469441 -0.252069354 -0.009196782 -0.652448952 0.040786233 0.756678462
1781254061.426697 -1.214278460 -0.001558490 -0.246927559 -0.009190981 -0.647705197 0.040244021 0.760771990
1781254061.460069 -1.211553097 -0.001423702 -0.241521418 -0.009287642 -0.643713117 0.040001214 0.764164329
1781254061.526813 -1.208498955 -0.000011854 -0.229092181 -0.008714597 -0.636015534 0.039452005 0.770617902
1781254061.560185 -1.205340981 -0.001508296 -0.223300397 -0.009172275 -0.631913304 0.038594339 0.774023294
1781254061.593557 -1.202867508 -0.000561938 -0.217731655 -0.008806096 -0.627840340 0.038215283 0.777353644
1781254061.626929 -1.201808214 -0.000145040 -0.212828815 -0.008742267 -0.623392582 0.038020123 0.780935168
1781254061.660301 -1.196954250 0.001269963 -0.209105492 -0.008363198 -0.618467808 0.038000513 0.784846306
1781254061.693673 -1.194442987 0.001815826 -0.204582572 -0.008119922 -0.613713562 0.037528332 0.788594604
1781254061.727044 -1.192621708 0.001808591 -0.197722673 -0.008099789 -0.609988332 0.037342828 0.791488647
1781254061.760416 -1.188183546 0.002073713 -0.193705142 -0.008003911 -0.605527937 0.036881920 0.794928670
1781254061.793787 -1.185478687 0.002629839 -0.188720822 -0.007884497 -0.601029813 0.036271866 0.798364222
1781254061.827159 -1.182528257 0.002348185 -0.183693945 -0.008043338 -0.597419381 0.036432181 0.801060677
1781254061.860531 -1.177414298 0.001882393 -0.178539693 -0.008335873 -0.594076812 0.035928909 0.803562403
1781254061.893903 -1.175152183 0.002809174 -0.173573613 -0.007987062 -0.591413915 0.035948012 0.805526912
1781254061.927274 -1.173114657 0.002860893 -0.166098535 -0.008029369 -0.588992238 0.035582401 0.807315111
1781254061.960646 -1.168935299 0.002533030 -0.161112905 -0.008308087 -0.585919619 0.035448875 0.809550822
1781254061.994017 -1.165671110 0.002348296 -0.156554282 -0.008433835 -0.583929896 0.035331357 0.810991049
1781254062.027388 -1.162237406 0.004201371 -0.150180161 -0.008176698 -0.583029985 0.035574198 0.811630249
1781254062.060759 -1.158482075 0.004294880 -0.144977093 -0.007982213 -0.581321001 0.035154924 0.812875390
1781254062.094130 -1.155643821 0.004038282 -0.139569521 -0.008388394 -0.580574632 0.035406213 0.813393652
1781254062.127501 -1.152219772 0.003803324 -0.133627832 -0.008249834 -0.580262482 0.035123430 0.813629985
1781254062.160872 -1.149370551 0.005078394 -0.128252804 -0.008087820 -0.580978870 0.035267759 0.813113987
1781254062.194243 -1.149249673 0.006230470 -0.122642219 -0.007850090 -0.580546081 0.035181299 0.813429177
1781254062.227614 -1.145835638 0.005554497 -0.116419852 -0.008136489 -0.580826581 0.035214253 0.813224614
1781254062.260985 -1.143321157 0.005989876 -0.109594703 -0.008002373 -0.581810534 0.035274122 0.812519729
1781254062.294355 -1.139985442 0.006694216 -0.104251683 -0.007919063 -0.581223130 0.035182677 0.812944829
1781254062.327726 -1.139079094 0.007614922 -0.098897278 -0.007948054 -0.580620408 0.035408266 0.813365340
1781254062.361096 -1.137435675 0.007201333 -0.092381775 -0.008020924 -0.581243038 0.035203524 0.812928677
1781254062.394467 -1.133411288 0.007385947 -0.084111154 -0.007864406 -0.582124233 0.035131387 0.812302530
1781254062.427838 -1.131818771 0.007837661 -0.078744531 -0.007740340 -0.582626164 0.034909479 0.811953306
1781254062.461208 -1.129717708 0.007986434 -0.072899699 -0.007658469 -0.583092988 0.034711789 0.811627448
1781254062.494577 -1.127843142 0.008707035 -0.066216767 -0.007619755 -0.584216475 0.034998201 0.810807168
1781254062.527946 -1.126271009 0.009149447 -0.058965981 -0.007239018 -0.585225761 0.034839969 0.810089290
1781254062.561316 -1.123550177 0.009406522 -0.051310301 -0.007664637 -0.585204363 0.035230808 0.810083866
1781254062.628055 -1.120332718 0.010009870 -0.036945760 -0.007415169 -0.587235868 0.034917969 0.808628440
1781254062.661424 -1.117647648 0.010300197 -0.029471159 -0.007978053 -0.586187124 0.035037562 0.809378386
1781254062.694793 -1.115238428 0.011660006 -0.023057818 -0.007770854 -0.586547613 0.035232883 0.809110761
1781254062.728162 -1.112482309 0.011060946 -0.014500320 -0.007886653 -0.586963534 0.034838673 0.808825076
1781254062.761531 -1.111405134 0.011015482 -0.008770287 -0.008011546 -0.585137248 0.034698747 0.810151994
1781254062.794900 -1.109761596 0.012283418 -0.001773477 -0.007868700 -0.583882093 0.034723088 0.811057389
1781254062.828268 -1.108116984 0.011606053 0.005208373 -0.008083277 -0.581435382 0.034178246 0.812834203
1781254062.861637 -1.104316831 0.012320779 0.013364196 -0.008053184 -0.579053164 0.034187693 0.814532876
1781254062.895005 -1.102387071 0.013551880 0.018303037 -0.007718954 -0.575463891 0.033908445 0.817087471
1781254062.928374 -1.099889636 0.013960797 0.023286998 -0.007660651 -0.570889831 0.033574969 0.820304155
1781254062.961742 -1.096560478 0.014413126 0.031406701 -0.007823402 -0.566489339 0.033585753 0.823347211
1781254063.028478 -1.091390848 0.015742294 0.044577897 -0.007683433 -0.556222796 0.032816306 0.830349505
1781254063.061846 -1.090020180 0.015607622 0.049472749 -0.007574207 -0.550169289 0.032415908 0.834389448
1781254063.095214 -1.086548924 0.016617555 0.055715322 -0.007132144 -0.544446111 0.031703196 0.838166177
1781254063.128582 -1.085152149 0.017828707 0.059918761 -0.007016071 -0.537960708 0.032269064 0.842322826
1781254063.161950 -1.081483722 0.017955892 0.066183746 -0.006690375 -0.531812906 0.031287916 0.846257329
1781254063.195317 -1.078891516 0.017583184 0.071633041 -0.006852753 -0.526035607 0.031080842 0.849866807
1781254063.228685 -1.076537251 0.018175907 0.076303840 -0.006695679 -0.519771159 0.030673968 0.853728533
1781254063.262053 -1.074500799 0.019077566 0.080834389 -0.006384768 -0.514039993 0.030065069 0.857215405
1781254063.295421 -1.070812464 0.019759145 0.084762692 -0.006196902 -0.508068502 0.029999638 0.860771835
1781254063.328788 -1.068052649 0.019280683 0.088857383 -0.006084690 -0.500989079 0.029259268 0.864937484
1781254063.362155 -1.063743353 0.019798642 0.092924982 -0.006047348 -0.494931936 0.029101200 0.868423283
1781254063.395522 -1.061000109 0.020107348 0.095860004 -0.005826937 -0.488728464 0.028611012 0.871947229
1781254063.428890 -1.058895707 0.020523563 0.098622859 -0.005815546 -0.481457114 0.028228810 0.875995696
1781254063.462261 -1.055210471 0.020066110 0.101015091 -0.005871142 -0.474426210 0.027788498 0.879837036
1781254063.495633 -1.052940845 0.019543858 0.103438854 -0.005665781 -0.467740864 0.027028555 0.883434176
1781254063.529003 -1.049452066 0.019808238 0.106472075 -0.005717593 -0.461315602 0.026536077 0.886820853
1781254063.562375 -1.045588970 0.020203028 0.108561724 -0.005278129 -0.455137700 0.026330823 0.890016019
1781254063.595745 -1.043039799 0.019668445 0.109892637 -0.005418348 -0.447631091 0.025638180 0.893834352
1781254063.629116 -1.039258599 0.020546423 0.111572862 -0.005116735 -0.439716071 0.025194252 0.897768855
1781254063.662487 -1.036352158 0.019679591 0.112492025 -0.004656406 -0.431133032 0.023617638 0.901967287
1781254063.695858 -1.032525063 0.019651288 0.113244921 -0.004969547 -0.422985584 0.023822162 0.905809581
1781254063.729228 -1.030059576 0.019677687 0.114769608 -0.004887378 -0.414452493 0.023198895 0.909762084
1781254063.762599 -1.028310657 0.019198164 0.115583360 -0.004762841 -0.405892164 0.022062190 0.913642287
1781254063.896080 -1.015887618 0.018882619 0.117125332 -0.004674048 -0.372156203 0.020749839 0.927926421
1781254063.929450 -1.011068940 0.019617923 0.118188471 -0.004414517 -0.363605648 0.020611415 0.931314528
1781254063.962820 -1.006982207 0.019129440 0.118119895 -0.004464740 -0.354811251 0.019972360 0.934713960
1781254063.996191 -1.002593756 0.019054908 0.115782201 -0.004274022 -0.345444947 0.019356417 0.938229680
1781254064.029561 -0.998834014 0.018500574 0.116052985 -0.004648015 -0.337342799 0.019109715 0.941176474
1781254064.062931 -0.994748354 0.018580191 0.115780875 -0.004264707 -0.328819335 0.017976962 0.944212139
1781254064.096301 -0.990217686 0.018106591 0.115505099 -0.004389487 -0.322578967 0.017809335 0.946364880
1781254064.129670 -0.985192895 0.017205298 0.115490600 -0.004630445 -0.315638036 0.017335499 0.948710084
1781254064.163040 -0.979985654 0.017750826 0.114562005 -0.004461616 -0.310523242 0.017180363 0.950400054
1781254064.196410 -0.975405872 0.018311284 0.114105448 -0.004089189 -0.304858208 0.016646510 0.952243507
1781254064.229779 -0.968239963 0.017166551 0.115535609 -0.004522318 -0.299457461 0.016334338 0.953959167
1781254064.263149 -0.961445808 0.017233130 0.114792019 -0.004305550 -0.295064390 0.016380413 0.955327332
1781254064.296518 -0.958015919 0.017931003 0.113574468 -0.003897308 -0.288704515 0.015282720 0.957288384
1781254064.329887 -0.950638652 0.017446201 0.114444509 -0.004034868 -0.283480465 0.015629563 0.958842158
1781254064.396626 -0.938263655 0.017534714 0.113290280 -0.003696632 -0.272585005 0.014676132 0.962012708
1781254064.429995 -0.931932271 0.017797239 0.115199976 -0.003740140 -0.266167849 0.014621426 0.963808596
1781254064.463368 -0.926824212 0.018300975 0.113379762 -0.003618408 -0.259136498 0.014030403 0.965732038
1781254064.496741 -0.917870879 0.019059429 0.116118126 -0.003533998 -0.253252178 0.014134608 0.967290580
1781254064.530113 -0.911234260 0.019509116 0.115585938 -0.003081899 -0.247134060 0.013290657 0.968885303
1781254064.563486 -0.904707730 0.020265933 0.116916761 -0.002981571 -0.240644455 0.013283363 0.970517874
1781254064.596858 -0.896917224 0.017454177 0.115468264 -0.003426698 -0.233973235 0.012578877 0.972155690
1781254064.630230 -0.890662968 0.018237535 0.114960708 -0.003103576 -0.226730436 0.011947071 0.973879337
1781254064.663603 -0.880673647 0.017249169 0.115938157 -0.003381418 -0.220007747 0.011870318 0.975420058
1781254064.696976 -0.874554813 0.015105557 0.115184367 -0.003912668 -0.213180974 0.011530319 0.976936877
1781254064.730348 -0.866793275 0.015008602 0.114965826 -0.003725529 -0.205637485 0.011162547 0.978557527
1781254064.763721 -0.861045837 0.016726067 0.113226786 -0.003136148 -0.198044077 0.010914652 0.980127394
1781254064.797092 -0.853543818 0.016594585 0.112779468 -0.002690908 -0.190643445 0.010159859 0.981603086
1781254064.830465 -0.846510768 0.016162660 0.111176819 -0.002721257 -0.183746964 0.010149955 0.982917428
1781254064.863837 -0.845490694 0.021870464 0.108129069 -0.001168086 -0.175277904 0.009893209 0.984468639
1781254064.897208 -0.836967409 0.023317948 0.109565079 -0.000574815 -0.168577000 0.009562743 0.985642016
1781254064.930580 -0.827921391 0.021606764 0.107966766 -0.001027103 -0.161175996 0.008927028 0.986884832
1781254064.963952 -0.822327495 0.022501526 0.106770582 -0.000283920 -0.153926298 0.008400078 0.988046587
1781254064.997324 -0.812074006 0.020993339 0.105687641 -0.000814894 -0.146182656 0.008374554 0.989221811
1781254065.030695 -0.802496493 0.020793976 0.104267679 -0.000619869 -0.138946548 0.007861538 0.990268528
1781254065.064067 -0.793922067 0.020808222 0.103845268 -0.000454665 -0.132151067 0.007504745 0.991201103
1781254065.097439 -0.783954799 0.022510933 0.104364216 -0.000031252 -0.123302735 0.007032083 0.992344260
1781254065.130810 -0.775025249 0.019736467 0.100873582 -0.000539681 -0.115582421 0.006378298 0.993277311
1781254065.164182 -0.765572727 0.018359413 0.099350214 -0.000596320 -0.108610831 0.005857224 0.994066894
1781254065.197553 -0.753755271 0.018732080 0.099069037 -0.000265815 -0.100669332 0.005094422 0.994906902
1781254065.230924 -0.742373288 0.016103089 0.097518727 -0.000457249 -0.094594009 0.004607005 0.995505214
1781254065.264295 -0.743776858 0.017260998 0.094324596 -0.000029653 -0.084099673 0.003906017 0.996449709
1781254065.297667 -0.734145224 0.017080724 0.092840746 0.000070733 -0.076160833 0.003703467 0.997088730
1781254065.331038 -0.725012183 0.016803250 0.092327371 0.000106131 -0.068623729 0.003105253 0.997637749
1781254065.364409 -0.715731323 0.017226031 0.091948278 0.000523622 -0.061260335 0.002785833 0.998117864
1781254065.397781 -0.707089007 0.017058125 0.089517623 0.000731894 -0.052403986 0.001746700 0.998624206
1781254065.431152 -0.697631776 0.016678875 0.089204818 0.000778063 -0.045620631 0.001749651 0.998957098
1781254065.464526 -0.688163996 0.016381927 0.087412491 0.000709070 -0.037274547 0.000902123 0.999304473
1781254065.497900 -0.681768239 0.016767025 0.083320558 0.001114022 -0.028351165 -0.000012352 0.999597430
1781254065.531274 -0.674206257 0.017096672 0.081914224 0.001355088 -0.022567296 -0.000838237 0.999744117
1781254065.564648 -0.664971650 0.016907223 0.081067950 0.001527795 -0.014641432 -0.000968837 0.999891222
1781254065.598022 -0.656672180 0.016625013 0.078733616 0.001765412 -0.008206354 -0.001310194 0.999963939
1781254065.631396 -0.647036135 0.015717890 0.077432081 0.001510923 -0.001549121 -0.001659739 0.999996305
1781254065.664770 -0.639530599 0.015908552 0.074949741 0.002069958 0.005448767 -0.001629553 0.999981701
1781254065.698143 -0.628875017 0.016017187 0.072012961 0.002489550 0.010160916 -0.002051050 0.999943197
1781254065.731517 -0.620634139 0.015803263 0.072289869 0.002719892 0.017202262 -0.002422250 0.999845386
1781254065.764891 -0.613133490 0.015792610 0.068451442 0.003062920 0.023529312 -0.002921655 0.999714196
1781254065.798265 -0.604222894 0.015108824 0.066618465 0.002803547 0.029662056 -0.003196663 0.999550998
1781254065.831638 -0.596255660 0.015173420 0.065593280 0.002938101 0.036528286 -0.003457166 0.999322355
1781254065.865011 -0.587156951 0.013840039 0.061686516 0.002709770 0.042347994 -0.004185864 0.999090493
1781254065.898385 -0.578514874 0.013121836 0.059487566 0.002454954 0.048473720 -0.004451923 0.998811543
1781254065.931758 -0.570604444 0.013339544 0.057935435 0.002777903 0.054597743 -0.005257003 0.998490810
1781254065.965131 -0.563184381 0.013018843 0.054762363 0.003026547 0.060103368 -0.005105659 0.998174548
1781254065.998505 -0.554398894 0.012921501 0.054231774 0.002967144 0.064329691 -0.005900002 0.997906923
1781254066.031878 -0.546862185 0.012235708 0.051811755 0.003007299 0.068401657 -0.006060633 0.997635007
1781254066.065251 -0.539167643 0.012070561 0.050222468 0.003070652 0.072056569 -0.006321984 0.997375846
1781254066.098625 -0.530828595 0.011686499 0.046920508 0.003132230 0.075385123 -0.006710066 0.997126997
1781254066.131998 -0.524734437 0.012893428 0.046755325 0.003812010 0.078120358 -0.006145533 0.996917725
1781254066.165371 -0.516167819 0.012540675 0.044698730 0.003876932 0.079696752 -0.006149079 0.996792614
1781254066.198744 -0.509611905 0.012434499 0.043809887 0.003839459 0.081653297 -0.006388948 0.996632993
1781254066.232117 -0.502155960 0.011433918 0.042354789 0.003651669 0.082787193 -0.006777766 0.996537566
1781254066.265490 -0.494979054 0.010843151 0.041695241 0.003700027 0.083754882 -0.007094633 0.996454298
1781254066.298863 -0.487385571 0.010957580 0.040656846 0.003956500 0.084326304 -0.006716248 0.996407747
1781254066.332236 -0.480303079 0.011085238 0.039446749 0.003828592 0.084084712 -0.007252173 0.996424913
1781254066.365608 -0.472737312 0.010322333 0.037493043 0.003509504 0.085333563 -0.007417537 0.996318638
1781254066.398981 -0.465627640 0.010664392 0.036048740 0.003844515 0.085987687 -0.007127002 0.996263325
1781254066.432354 -0.458385795 0.010337568 0.033733811 0.003581015 0.086909421 -0.007627640 0.996180654
1781254066.465726 -0.450695932 0.009961696 0.032879576 0.003649028 0.087312244 -0.007614391 0.996145248
1781254066.499097 -0.443998188 0.008798623 0.032456327 0.003162882 0.088073105 -0.008031874 0.996076643
1781254066.532469 -0.433815032 0.009477952 0.029747531 0.003463594 0.087916814 -0.007831357 0.996091068
1781254066.565840 -0.428113699 0.009812804 0.028744992 0.003634427 0.088397086 -0.008004345 0.996046603
1781254066.599212 -0.422003865 0.009335279 0.028405204 0.003483495 0.089420289 -0.008232841 0.995953918
1781254066.632583 -0.414490551 0.009374183 0.028112689 0.003375334 0.090193547 -0.008728496 0.995880306
1781254066.665954 -0.407864153 0.008380136 0.025407689 0.003311458 0.089656636 -0.007679528 0.995937645
1781254066.699326 -0.400738627 0.007450400 0.023483969 0.002987900 0.089567989 -0.007898549 0.995944917
1781254066.732697 -0.392884195 0.007737726 0.022602890 0.003097179 0.089468442 -0.007506322 0.995956600
1781254066.766068 -0.385964394 0.007511235 0.022719702 0.003226807 0.088912539 -0.007626044 0.996005058
1781254066.799440 -0.379187644 0.007790181 0.022321021 0.003303468 0.087839320 -0.007778714 0.996098876
1781254066.832811 -0.371585250 0.007481980 0.021384239 0.003101393 0.086991884 -0.007655672 0.996174872
1781254066.866182 -0.365566492 0.006700921 0.022297183 0.002794555 0.085784972 -0.008238161 0.996275723
1781254066.966294 -0.341977477 0.007028983 0.023525519 0.003008843 0.078374393 -0.007622903 0.996890306
1781254066.999665 -0.333612263 0.006984685 0.023392750 0.002852363 0.076484986 -0.007261983 0.997040212
1781254067.033035 -0.324280858 0.007268912 0.022634054 0.003064108 0.074156508 -0.006717886 0.997219265
1781254067.066406 -0.316182405 0.006826018 0.023125462 0.002900424 0.071521148 -0.006877521 0.997411251
1781254067.099776 -0.308786988 0.005385434 0.022143157 0.002423931 0.069979928 -0.006663217 0.997523248
1781254067.133146 -0.301770836 0.005913185 0.022842634 0.002645438 0.068920858 -0.006770641 0.997595727
1781254067.166517 -0.293968707 0.005362276 0.023884753 0.002411905 0.066759720 -0.006465518 0.997745216
1781254067.199887 -0.285988539 0.006484282 0.024901915 0.002706246 0.064892188 -0.006559992 0.997867107
1781254067.233257 -0.279398710 0.005054513 0.023235943 0.002031791 0.063056909 -0.006847688 0.997984409
1781254067.266627 -0.272437125 0.004918916 0.022993805 0.001908113 0.061303619 -0.006681575 0.998095036
1781254067.299997 -0.263629496 0.005105932 0.025319273 0.002193145 0.060088851 -0.006007195 0.998172581
1781254067.333367 -0.254877567 0.005641580 0.025908303 0.002206171 0.057585910 -0.006305124 0.998318255
1781254067.366737 -0.247904480 0.004636937 0.027706303 0.001888789 0.055801872 -0.005841923 0.998422980
1781254067.400107 -0.240356937 0.004666843 0.027386472 0.002052768 0.054188918 -0.005712919 0.998512268
1781254067.433477 -0.232600167 0.004464851 0.027630387 0.001883274 0.052869882 -0.005790423 0.998582900
1781254067.466850 -0.226064831 0.006438827 0.028526634 0.002461641 0.052402392 -0.005414400 0.998608351
1781254067.500223 -0.218867630 0.006322044 0.028777817 0.002513526 0.050415907 -0.005217581 0.998711586
1781254067.533596 -0.210937038 0.006132388 0.030077351 0.002428021 0.048379309 -0.005411484 0.998811483
1781254067.566969 -0.816309154 0.006814630 0.118041590 0.005534177 -0.091597855 0.002817563 0.995776772
1781254067.600342 -0.196402460 0.006745865 0.032555532 0.002644590 0.046191648 -0.005128367 0.998915970
1781254067.633714 -0.188720673 0.007211637 0.034112398 0.002775902 0.044864722 -0.005147320 0.998975933
1781254067.667087 -0.181208670 0.005605104 0.032973833 0.002330951 0.043944936 -0.004575802 0.999020815
1781254067.700459 -0.173988268 0.006261328 0.033856284 0.002619900 0.042016357 -0.004922157 0.999101400
1781254067.767204 -0.158867821 0.006208143 0.035256427 0.002563080 0.039589982 -0.004316556 0.999203444
1781254067.800577 -0.154496431 0.004091442 0.033491801 0.001563216 0.039410155 -0.004945583 0.999209702
1781254067.833949 -0.147179469 0.003302771 0.034466587 0.001353316 0.038007580 -0.004734240 0.999265313
1781254067.867321 -0.139601305 0.003571640 0.035952538 0.001349408 0.036580365 -0.004830377 0.999318123
1781254067.900693 -0.132094979 0.004629355 0.037395909 0.001801105 0.035439081 -0.004412443 0.999360502
1781254067.934065 -0.124450147 0.004522918 0.037984259 0.001732216 0.034396961 -0.004458541 0.999396801
1781254067.967438 -0.117873311 0.004413314 0.039301667 0.001551622 0.033360228 -0.004448800 0.999432385
1781254068.000809 -0.110705554 0.003862749 0.038203649 0.001339961 0.031821098 -0.004065006 0.999484479
1781254068.034181 -0.101934098 0.005462513 0.039943453 0.002174048 0.029445237 -0.003812560 0.999556780
1781254068.067553 -0.096062183 0.005349237 0.040786453 0.002133720 0.028290873 -0.003592613 0.999591053
1781254068.100925 -0.089177430 0.005127481 0.041612927 0.002061478 0.027099963 -0.003555248 0.999624372
1781254068.201041 -0.069951192 0.004747158 0.044174809 0.001784358 0.023167105 -0.003706044 0.999723136
1781254068.234413 -0.063450694 0.004668566 0.044601757 0.001993902 0.020830279 -0.003272227 0.999775708
1781254068.267784 -0.056726836 0.004172118 0.045522444 0.001735249 0.019484304 -0.003275385 0.999803364
1781254068.301156 -0.051185124 0.003789645 0.044316139 0.001814887 0.016495019 -0.002891146 0.999858141
1781254068.334527 -0.047002081 0.002850582 0.043579027 0.001500034 0.015417221 -0.002876011 0.999875963
1781254068.367898 -0.040418930 0.002563873 0.044390038 0.001394286 0.014420670 -0.002302069 0.999892414
1781254068.401270 -0.034483988 0.002341023 0.044560246 0.001368132 0.012930488 -0.002735182 0.999911726
1781254068.434641 -0.029618884 0.000997691 0.044133134 0.001046339 0.011638222 -0.002121696 0.999929488
1781254068.568138 -0.004488568 0.001597111 0.046942711 0.001432066 0.006554028 -0.001850325 0.999975801
1781254068.601512 0.001288105 0.000713383 0.046618666 0.001144969 0.004730975 -0.001249312 0.999987364
1781254068.634886 0.007581274 0.000418573 0.046709433 0.001075817 0.002881629 -0.001373544 0.999994338
1781254068.668260 0.013641055 0.001050899 0.047137216 0.001140559 0.002451224 -0.000927638 0.999995947
1781254068.735007 0.034487568 0.003123300 0.050832152 0.002009184 -0.001608842 -0.000605155 0.999996543
1781254068.768381 0.040346578 0.003121316 0.051606834 0.001963334 -0.002330740 -0.000562241 0.999995232
1781254068.801754 0.047897656 0.003783007 0.052302349 0.002105184 -0.003322401 -0.000482769 0.999992192
1781254068.835128 0.053259335 0.003817890 0.053423524 0.002327850 -0.004468324 -0.000529718 0.999987185
1781254068.868502 0.059862878 0.004177689 0.053659804 0.002412598 -0.004782001 -0.000256354 0.999985695
1781254068.901876 0.066837080 0.004502737 0.054071248 0.002620482 -0.007218360 0.000119903 0.999970555
1781254068.935250 0.073072776 0.003705479 0.053213384 0.002398242 -0.008962296 0.000089592 0.999956965
1781254068.968623 0.079710737 0.003782172 0.053347319 0.002295812 -0.009415931 0.000411992 0.999952972
1781254069.001996 0.085749984 0.002375846 0.051750224 0.001718047 -0.010850558 0.000247225 0.999939620
1781254069.035370 0.092714407 0.002210922 0.051644091 0.001580731 -0.012229843 0.000445655 0.999923944
1781254069.068743 0.099403046 0.002215929 0.051073566 0.001643620 -0.013733164 0.000553628 0.999904275
1781254069.102116 0.106124885 0.002449430 0.051295891 0.001852513 -0.015357798 0.000596615 0.999880254
1781254069.135489 0.113606222 0.002481139 0.051176783 0.001917328 -0.016899288 0.000773128 0.999855161
1781254069.168863 0.121789545 0.001827722 0.049992327 0.001757264 -0.018581429 0.000895544 0.999825418
1781254069.202236 0.129931703 0.002282685 0.050125811 0.001973597 -0.020648278 0.001041115 0.999784291
1781254069.235609 0.138031930 0.002032184 0.049451817 0.001927889 -0.022069950 0.001155243 0.999753952
1781254069.268982 0.146572709 0.001897985 0.049009658 0.001899177 -0.023759132 0.001633795 0.999714613
1781254069.369100 0.172612116 0.000954093 0.047681682 0.001684469 -0.027811572 0.001829821 0.999610066
1781254069.402473 0.181487888 0.001187913 0.047611222 0.001733536 -0.029852035 0.002008136 0.999550819
1781254069.435846 0.190327242 0.001195792 0.047012202 0.001510886 -0.030132778 0.002144633 0.999542475
1781254069.469220 0.199762657 0.000982439 0.046215925 0.001322897 -0.031615283 0.002319076 0.999496579
1781254069.502594 0.208614856 0.000907361 0.046046089 0.001520864 -0.034205720 0.001988946 0.999411702
1781254069.535969 0.218077123 0.000140360 0.045145277 0.001290250 -0.032912221 0.002260255 0.999454856
1781254069.569343 0.227365226 0.000679771 0.045465864 0.001379916 -0.033039652 0.002156793 0.999450803
1781254069.602718 0.236521184 0.000950824 0.045086831 0.001549086 -0.033918995 0.002237223 0.999420881
1781254069.636092 0.245685652 -0.000338309 0.044087451 0.001003552 -0.034606945 0.002359877 0.999397755
1781254069.669466 0.255306244 0.000148056 0.044482235 0.001320534 -0.034157582 0.002107939 0.999413371
1781254069.769588 0.281888962 -0.000529118 0.042024482 0.001531597 -0.030665386 0.002249098 0.999526024
1781254069.802961 0.291413993 -0.000903697 0.041403383 0.001384945 -0.029875027 0.002339849 0.999549985
1781254069.836335 0.299605012 0.000088150 0.041407149 0.001793492 -0.028227303 0.002173726 0.999597549
1781254069.869709 0.308568388 -0.000972920 0.039480723 0.001581509 -0.025905313 0.002021695 0.999661088
1781254069.903082 0.317387044 -0.001796543 0.037893295 0.001416459 -0.023411771 0.002163573 0.999722600
1781254069.936456 0.325979084 -0.002053192 0.037438750 0.001462452 -0.020948129 0.001635045 0.999778211
1781254069.969829 0.334571153 -0.001961110 0.036975652 0.001508742 -0.019186735 0.001785374 0.999813199
1781254070.003203 0.342321783 -0.002879656 0.036063693 0.001192147 -0.016732808 0.001455009 0.999858260
1781254070.036576 0.350749403 -0.001874814 0.036307942 0.001822302 -0.013842625 0.001630865 0.999901235
1781254070.069950 0.359219700 -0.001902734 0.036510926 0.001799938 -0.011578170 0.001594784 0.999930084
1781254070.103323 0.366704553 -0.002195063 0.035698067 0.001560926 -0.009505774 0.001358769 0.999952674
1781254070.136696 0.374195099 -0.001986158 0.036319938 0.001723742 -0.007418029 0.000811868 0.999970675
1781254070.170070 0.382526249 -0.002679504 0.034917481 0.001571208 -0.004635953 0.001074754 0.999987423
1781254070.203443 0.390047997 -0.003357798 0.034235951 0.001181829 -0.001478333 0.000714686 0.999997973
1781254070.236816 0.397267610 -0.002412474 0.034831062 0.001678215 0.000967706 0.000648532 0.999997914
1781254070.336936 0.420519233 -0.003652048 0.033974152 0.001321213 0.009593517 -0.000464252 0.999953032
1781254070.370309 0.428449154 -0.003450632 0.034293517 0.001306350 0.011912334 -0.000396428 0.999928117
1781254070.403682 0.435779989 -0.003737713 0.034692571 0.001348038 0.013912769 -0.000767268 0.999902070
1781254070.437055 0.442313105 -0.004277640 0.034393653 0.001227118 0.015877306 -0.000477986 0.999873161
1781254070.470428 0.449944228 -0.003703831 0.034592468 0.001618653 0.018554041 -0.000572275 0.999826431
1781254070.503802 0.457162589 -0.003983156 0.034428574 0.001579733 0.020978922 -0.000733333 0.999778450
1781254070.537174 0.463757396 -0.003339826 0.034955051 0.001962207 0.024021249 -0.001403019 0.999708593
1781254070.570548 0.471692562 -0.003407694 0.034857146 0.001825570 0.025805194 -0.001134863 0.999664724
1781254070.603920 0.479246676 -0.003894026 0.034002915 0.001746904 0.028819874 -0.001545604 0.999581933
1781254070.637293 0.486588925 -0.003968331 0.034549590 0.001600251 0.032960333 -0.001947738 0.999453545
1781254070.670666 0.492066056 -0.003571556 0.034694914 0.001882247 0.036503967 -0.002140100 0.999329448
1781254070.704039 0.500807703 -0.003531946 0.033837605 0.001903365 0.039975170 -0.002454541 0.999195874
1781254070.737412 0.507949114 -0.002954481 0.033635225 0.002155388 0.044552173 -0.002956902 0.999000371
1781254070.937647 0.548317850 -0.002252870 0.032845661 0.002745175 0.071335927 -0.005538054 0.997433186
1781254070.971019 0.555445731 -0.002340710 0.031280477 0.002950700 0.076336928 -0.006218439 0.997058332
1781254071.004392 0.562934518 -0.001528938 0.031556755 0.003279405 0.081633545 -0.006496577 0.996635854
1781254071.037765 0.570030212 -0.001594711 0.032069337 0.003457263 0.086849399 -0.007141765 0.996189892
1781254071.071137 0.577459395 -0.001251705 0.031112231 0.003695017 0.090877771 -0.007531641 0.995826781
1781254071.104509 0.585327566 -0.001734660 0.031174732 0.003652135 0.095430166 -0.008096926 0.995396554
1781254071.137881 0.591970384 -0.000796854 0.029646212 0.003982580 0.100022227 -0.008139463 0.994943917
1781254071.171253 0.600596070 -0.002353286 0.027679916 0.003358743 0.104911722 -0.008311042 0.994441152
1781254071.204625 0.605947673 -0.001572355 0.027551029 0.003797142 0.110464573 -0.009286908 0.993829429
1781254071.237997 0.615301609 -0.002169193 0.026345095 0.003756282 0.115279332 -0.009473376 0.993280888
1781254071.271369 0.622562170 -0.002122551 0.025081016 0.003718461 0.120070919 -0.010088525 0.992707133
1781254071.304741 0.629487574 -0.003657402 0.022439642 0.003281437 0.124761693 -0.009932371 0.992131591
1781254071.338113 0.638545156 -0.003917378 0.020220129 0.003254262 0.130081728 -0.010208382 0.991445422
1781254071.404856 0.653176069 -0.003351807 0.017207352 0.003586640 0.141299695 -0.011005175 0.989899218
1781254071.438228 0.660923958 -0.004502527 0.014146904 0.003456715 0.147994757 -0.011856782 0.988911033
1781254071.471600 0.666664124 -0.005364179 0.012516765 0.003287228 0.153555930 -0.012012169 0.988061488
1781254071.504972 0.674674809 -0.005973488 0.010058954 0.003292783 0.158680111 -0.012397829 0.987246692
1781254071.538343 0.682905734 -0.005453554 0.007969482 0.003597226 0.163001373 -0.012757071 0.986536860
1781254071.571715 0.688831925 -0.006660135 0.004988695 0.003456356 0.168652251 -0.013061592 0.985583007
1781254071.605086 0.695821702 -0.006264355 0.002336786 0.003700895 0.173564196 -0.013094470 0.984728575
1781254071.638458 0.700526237 -0.007816775 -0.000552110 0.003426597 0.180715099 -0.013939166 0.983430803
1781254071.671829 0.707533062 -0.007598346 -0.002501016 0.003715935 0.186351940 -0.014062656 0.982375443
1781254071.738573 0.718716860 -0.007870535 -0.008113483 0.003765685 0.198721871 -0.014774875 0.979937375
1781254071.771944 0.726335824 -0.010784384 -0.012564912 0.003010451 0.205331981 -0.015137034 0.978570700
1781254071.805315 0.732005835 -0.010013498 -0.015766855 0.003265867 0.212899804 -0.015818872 0.976940513
1781254071.838686 0.737755954 -0.010718500 -0.018878918 0.003338819 0.219760701 -0.016222771 0.975413203
1781254071.872057 0.742669284 -0.010590606 -0.022409927 0.003291379 0.227240294 -0.016891886 0.973686695
1781254071.905428 0.746797562 -0.009829061 -0.024890432 0.003747430 0.236173302 -0.017850175 0.971539795
1781254071.938799 0.753513515 -0.011645985 -0.028893244 0.003390550 0.243927985 -0.018110612 0.969618380
1781254071.972170 0.757589877 -0.011084189 -0.031559169 0.003657155 0.253064901 -0.018548464 0.967264533
1781254072.005540 0.762787938 -0.009737996 -0.035104726 0.004351025 0.261982739 -0.019233789 0.964871109
1781254072.038911 0.770230711 -0.009873591 -0.041271850 0.004727061 0.269642174 -0.019519117 0.962751210
1781254072.072281 0.774305344 -0.007832626 -0.043276198 0.005399645 0.278194189 -0.020255178 0.960296154
1781254072.105652 0.778287351 -0.010016697 -0.045419760 0.005015454 0.287378818 -0.021058623 0.957572401
1781254072.139022 0.780402541 -0.009434653 -0.048885234 0.005476817 0.295653939 -0.020903518 0.955050707
1781254072.172392 0.786041081 -0.011269475 -0.052529991 0.004862921 0.304855525 -0.022223897 0.952126920
1781254072.205762 0.791635990 -0.009740137 -0.057606388 0.005772623 0.312336266 -0.022236994 0.949693799
1781254072.239133 0.794489205 -0.010285145 -0.060323101 0.005817411 0.321240991 -0.022297354 0.946717083
1781254072.272503 0.799453497 -0.009869775 -0.065043926 0.006213722 0.328620255 -0.022735029 0.944168031
1781254072.305872 0.803100228 -0.011647817 -0.070320338 0.005744798 0.336560816 -0.023281284 0.941356361
1781254072.339242 0.807153940 -0.012088167 -0.075474709 0.006013915 0.343713850 -0.023565626 0.938759446
1781254072.372612 0.810375035 -0.012607234 -0.081107542 0.005801718 0.351851642 -0.024119984 0.935727060
1781254072.439353 0.819721699 -0.013044557 -0.093307622 0.005987881 0.365542620 -0.024931327 0.930441380
1781254072.539460 0.831284821 -0.014184047 -0.109775320 0.006730576 0.386700302 -0.025900295 0.921817124
1781254072.572829 0.833309233 -0.016072083 -0.117183238 0.006232217 0.394375503 -0.026381882 0.918549538
1781254072.606197 0.836870372 -0.016732860 -0.121671930 0.006377206 0.402071178 -0.026966052 0.915189028
1781254072.639566 0.840732932 -0.017330900 -0.129261971 0.006544439 0.408129632 -0.027187267 0.912495673
1781254072.672935 0.841637552 -0.016525146 -0.133379683 0.006948035 0.416299760 -0.028546780 0.908752620
1781254072.706303 0.844883502 -0.017002465 -0.139251009 0.006884300 0.422701567 -0.028957158 0.905780077
1781254072.739671 0.847240686 -0.017028108 -0.146070912 0.007149267 0.430556893 -0.029181940 0.902063251
1781254072.773040 0.851277232 -0.017334543 -0.151587918 0.007131098 0.437017620 -0.029463239 0.898941994
1781254072.806408 0.855013609 -0.017313750 -0.158712432 0.007383568 0.444362938 -0.029884528 0.895317912
1781254072.839776 0.859147191 -0.017970612 -0.165026397 0.007367498 0.450900048 -0.030325418 0.892028809
1781254072.906512 0.864566565 -0.019988725 -0.178751826 0.007610425 0.464134693 -0.030875877 0.885193646
1781254072.939880 0.868028522 -0.020226579 -0.185077205 0.007713425 0.471241832 -0.031342689 0.881413281
1781254072.973248 0.869482517 -0.021213077 -0.191258326 0.007844977 0.478509843 -0.031507246 0.877481699
1781254073.006615 0.871118069 -0.020714806 -0.197523475 0.008253286 0.485632807 -0.032178733 0.873531461
1781254073.039983 0.872953296 -0.021627421 -0.204372704 0.008294439 0.492605776 -0.032478280 0.869606793
1781254073.073350 0.875078619 -0.022433497 -0.211129621 0.008364330 0.499623805 -0.032758273 0.865582466
1781254073.106719 0.878427505 -0.022405256 -0.217455596 0.008480625 0.505887449 -0.033269633 0.861916006
1781254073.140086 0.879565120 -0.023090830 -0.223857343 0.008495769 0.512692571 -0.033801042 0.857864618
1781254073.173453 0.881685972 -0.024925092 -0.230856910 0.008388050 0.519193649 -0.033602316 0.853954673
1781254073.206820 0.885157108 -0.026272787 -0.237324446 0.008028075 0.526201665 -0.034662101 0.849615216
1781254073.240187 0.885492921 -0.026767030 -0.243178129 0.008259671 0.533486128 -0.035014551 0.845043421
1781254073.273554 0.887198448 -0.028273337 -0.249623954 0.007901851 0.539960921 -0.035337672 0.840910912
1781254073.306921 0.888765335 -0.027701907 -0.255714595 0.008152504 0.545870900 -0.036070261 0.837052882
1781254073.340288 0.890691400 -0.028747691 -0.262084663 0.008127716 0.552206218 -0.036252297 0.832879424
1781254073.373655 0.891719460 -0.029030809 -0.267736137 0.008352796 0.558578610 -0.036652021 0.828599393
1781254073.407021 0.891696692 -0.029256972 -0.273063481 0.008622013 0.564929783 -0.036896687 0.824268639
1781254073.440388 0.891362071 -0.030813873 -0.277828038 0.008225890 0.571116030 -0.037156679 0.819986820
1781254073.473763 0.890517354 -0.031289648 -0.283200800 0.008473258 0.577222049 -0.037462454 0.815683484
1781254073.507138 0.891297936 -0.029843848 -0.287063897 0.008753257 0.583518982 -0.038393237 0.811144233
1781254073.540512 0.890759408 -0.030540958 -0.290424466 0.008495262 0.589534223 -0.038931515 0.806760013
1781254073.573887 0.890369356 -0.031028599 -0.294013828 0.008708081 0.594873011 -0.038885895 0.802831352
1781254073.607261 0.889841557 -0.031847596 -0.297936797 0.008763003 0.599474967 -0.039030623 0.799393237
1781254073.640636 0.889757514 -0.032546856 -0.301033407 0.008753479 0.603857815 -0.039057743 0.796086490
1781254073.674010 0.889527798 -0.032159526 -0.303583235 0.008917424 0.608330965 -0.039254304 0.792661965
1781254073.707385 0.888755202 -0.032521669 -0.308755577 0.008800020 0.611767411 -0.039737262 0.789990008
1781254073.740759 0.888287663 -0.032376312 -0.311825871 0.009076876 0.615825355 -0.039863925 0.786821306
1781254073.774133 0.885666490 -0.033214036 -0.315115213 0.008951477 0.619972765 -0.040197331 0.783541858
1781254073.807509 0.885540962 -0.032781146 -0.317996889 0.009529219 0.623821557 -0.040136505 0.780477405
1781254073.840883 0.882458985 -0.033308800 -0.322243035 0.009385012 0.627570987 -0.040259689 0.777461171
1781254073.874257 0.881909788 -0.033179771 -0.324536562 0.009423322 0.631156325 -0.040619802 0.774534047
1781254073.907632 0.879650831 -0.033938766 -0.327754259 0.009285405 0.634820461 -0.040703546 0.771530926
1781254073.941006 0.879222214 -0.033661105 -0.330034316 0.009354343 0.638567507 -0.040990528 0.768416464
1781254073.974380 0.878846169 -0.033282854 -0.331971884 0.009222162 0.641995788 -0.042005118 0.765501142
1781254074.007754 0.877599478 -0.033912677 -0.334640175 0.009186915 0.645713329 -0.042024601 0.762367249
1781254074.041128 0.876099348 -0.034270033 -0.337489486 0.009051743 0.649419308 -0.042157166 0.759207129
1781254074.074502 0.875711203 -0.034107812 -0.339743257 0.009139040 0.652611494 -0.042653438 0.756436050
1781254074.107876 0.874859095 -0.035016265 -0.341943145 0.009010036 0.655649722 -0.042651530 0.753805816
1781254074.141250 0.873146892 -0.035327811 -0.345530272 0.009021592 0.658314407 -0.042789381 0.751471817
1781254074.174623 0.871587515 -0.034829941 -0.348059088 0.009189850 0.660463452 -0.043197554 0.749558210
1781254074.207998 0.869414449 -0.035221718 -0.349662274 0.009146377 0.662186921 -0.043208897 0.748036027
1781254074.241371 0.868006587 -0.035462432 -0.352531850 0.009328755 0.663616776 -0.043325424 0.746758759
1781254074.274745 0.866499901 -0.034848869 -0.354624778 0.009479731 0.665260792 -0.043440185 0.745286047
1781254074.308119 0.864986777 -0.035101928 -0.357419997 0.009590254 0.667114377 -0.043474160 0.743623853
1781254074.341492 0.863470793 -0.035747688 -0.359881490 0.009418574 0.668961167 -0.043669790 0.741953731
1781254074.374866 0.862239838 -0.036021087 -0.361259341 0.009281349 0.671155214 -0.043783493 0.739964604
1781254074.408240 0.859917641 -0.035531655 -0.364624619 0.009532399 0.673579752 -0.044127528 0.737734556
1781254074.441613 0.859055459 -0.035698414 -0.366632372 0.009380312 0.675799549 -0.044294402 0.735693634
1781254074.474987 0.856547594 -0.036459565 -0.368995339 0.009364408 0.678038001 -0.044083726 0.733644009
1781254074.508362 0.855668664 -0.036573321 -0.372306883 0.009265075 0.680295467 -0.044350456 0.731536329
1781254074.541736 0.853942990 -0.037092187 -0.372332603 0.009137693 0.682929993 -0.044427093 0.729074359
1781254074.575109 0.852131784 -0.037434828 -0.374239236 0.009228406 0.685810208 -0.044533588 0.726358056
1781254074.608483 0.850819290 -0.037060078 -0.375768512 0.009561269 0.688569546 -0.044676997 0.723729730
1781254074.641857 0.848110735 -0.037336543 -0.380568206 0.009432801 0.690678239 -0.044966109 0.721701324
1781254074.675230 0.846419096 -0.038941495 -0.381213754 0.009041411 0.693397939 -0.044945527 0.719094932
1781254074.708604 0.844538569 -0.038410395 -0.382251889 0.009150835 0.695998728 -0.045153983 0.716563404
1781254074.741977 0.842891097 -0.038380332 -0.385611951 0.009166966 0.697550237 -0.045397904 0.715037525
1781254074.775351 0.840861917 -0.038032115 -0.384533674 0.008870313 0.696183980 -0.045720052 0.716351092
1781254074.808724 0.839160800 -0.037484922 -0.386331886 0.009521120 0.693182647 -0.045323707 0.719272554
1781254074.842098 0.836970210 -0.037878770 -0.387009025 0.009667771 0.691446185 -0.045136493 0.720951855
1781254074.875471 0.835056067 -0.038053945 -0.387065291 0.009592219 0.690321803 -0.044746000 0.722053766
1781254074.908844 0.833081603 -0.037460729 -0.387827724 0.009834026 0.688286960 -0.044826396 0.723985493
1781254074.942217 0.831788778 -0.036746915 -0.387147725 0.010070621 0.686974108 -0.044973090 0.725219011
1781254074.975590 0.829964042 -0.037042230 -0.387329400 0.010152323 0.686116338 -0.044825606 0.726038575
1781254075.008964 0.827998638 -0.037296090 -0.388445348 0.009993825 0.684865236 -0.044930171 0.727214634
1781254075.042337 0.827095389 -0.036794078 -0.387258291 0.010090677 0.683785379 -0.044890162 0.728231192
1781254075.075710 0.825820565 -0.036661599 -0.387812376 0.010238895 0.682511091 -0.044875618 0.729424417
1781254075.109082 0.823974371 -0.037591405 -0.387486368 0.010156335 0.681584895 -0.044690598 0.730302513
1781254075.142456 0.822780371 -0.036687292 -0.387426585 0.010225283 0.681119800 -0.045118731 0.730709016
1781254075.175828 0.821838915 -0.037337620 -0.387584984 0.010123719 0.680190742 -0.045225319 0.731568754
1781254075.209202 0.821348846 -0.037775941 -0.387337804 0.009976596 0.679522216 -0.045411974 0.732180238
1781254075.242575 0.820230842 -0.036806032 -0.386225909 0.009997323 0.679756284 -0.046004605 0.731925666
1781254075.275948 0.818743765 -0.037446011 -0.386333734 0.009644531 0.680090427 -0.046405286 0.731594622
1781254075.309320 0.818123341 -0.037257999 -0.385815710 0.009526461 0.680585206 -0.046887502 0.731105089
1781254075.342693 0.815754175 -0.038054626 -0.384945989 0.009135651 0.681375206 -0.047188375 0.730354488
1781254075.376066 0.815015554 -0.037176378 -0.381495774 0.009259459 0.682799697 -0.047789294 0.728982210
1781254075.409438 0.812366426 -0.037906967 -0.382305384 0.008937846 0.684064984 -0.048135843 0.727776170
1781254075.442811 0.811296821 -0.037559830 -0.379679948 0.008835684 0.686516821 -0.048628297 0.725432277
1781254075.476221 0.809137940 -0.037259351 -0.377914727 0.008871585 0.689243674 -0.048861105 0.722825766
1781254075.509632 0.807328641 -0.037264716 -0.376800805 0.008828397 0.692507446 -0.048945989 0.719694257
1781254075.543043 0.805856705 -0.037963249 -0.374301702 0.008396955 0.696392894 -0.049126834 0.715928078
1781254075.576455 0.803071797 -0.039301261 -0.372314274 0.008122951 0.700761437 -0.048834201 0.711676002
1781254075.609867 0.800868869 -0.038874749 -0.371416718 0.008229813 0.704684138 -0.048872340 0.707788229
1781254075.643280 0.798275411 -0.039497279 -0.368434936 0.007914460 0.709590614 -0.048926018 0.702869058
1781254075.676693 0.796135068 -0.038161501 -0.366750002 0.008353852 0.714031816 -0.049234424 0.698329985
1781254075.710107 0.793191075 -0.037418574 -0.364772737 0.008256694 0.718753397 -0.049533229 0.693449259
1781254075.743521 0.789048254 -0.036609832 -0.364129841 0.008575417 0.722571731 -0.049631689 0.689458787
1781254075.776935 0.786343932 -0.036730979 -0.361007720 0.008525576 0.726641953 -0.049536604 0.685175121
1781254075.810350 0.783721089 -0.036780424 -0.358575583 0.008401977 0.730344594 -0.049769972 0.681211531
1781254075.843766 0.779732227 -0.036575325 -0.357551634 0.008577700 0.733625174 -0.049797058 0.677673101
1781254075.877182 0.775438547 -0.036669351 -0.357276082 0.008374477 0.737486005 -0.049851473 0.673468053
1781254075.910599 0.773338079 -0.035984039 -0.351474106 0.008068331 0.742010951 -0.050233986 0.668454349
1781254075.944016 0.766893864 -0.035200700 -0.355840385 0.009127920 0.745352507 -0.049345538 0.664779186
1781254075.977433 0.760267913 -0.035363782 -0.359327376 0.010075632 0.749719918 -0.047683612 0.659958184
1781254076.010851 0.762871385 -0.031332925 -0.353335917 0.010289331 0.757275760 -0.047649290 0.651273549
1781254076.044269 0.754899740 -0.032776345 -0.351084709 0.009516101 0.761911154 -0.048213877 0.645814538
1781254076.077688 0.750400841 -0.031603057 -0.349427283 0.013797689 0.767909288 -0.047016639 0.638681829
1781254076.111107 0.745577157 -0.032177284 -0.348772764 0.010637818 0.773737133 -0.047640160 0.631623447
1781254076.144526 0.736453533 -0.032741502 -0.346143544 0.010623916 0.778653800 -0.047247451 0.625582278
1781254076.177947 0.726762176 -0.034571085 -0.352743208 0.010026323 0.777325749 -0.047471520 0.627224565
1781254076.211367 0.724956512 -0.034032553 -0.355924010 0.009827679 0.780309856 -0.047625758 0.623499691
1781254076.244788 0.717021644 -0.034577988 -0.354498029 0.010130090 0.784454882 -0.047272589 0.618298709
1781254076.278209 0.711385727 -0.033636410 -0.356391966 0.010430107 0.787260056 -0.047515418 0.614699244
1781254076.311631 0.705834985 -0.033527710 -0.356914759 0.010614287 0.789739966 -0.047756657 0.611487865
1781254076.345053 0.699305177 -0.033755783 -0.359822273 0.010619170 0.791606307 -0.048006363 0.609050274
1781254076.378476 0.694058061 -0.033312075 -0.362382531 0.010984058 0.793244302 -0.047941104 0.606913984
1781254076.411899 0.686869264 -0.034235157 -0.366109669 0.010751318 0.795015991 -0.048043579 0.604587317
1781254076.445275 0.680268228 -0.033358593 -0.367933393 0.011173344 0.796704412 -0.048984710 0.602277160
1781254076.478651 0.674860239 -0.034572501 -0.371973872 0.011266464 0.797625661 -0.048432633 0.601099610
1781254076.512027 0.668572664 -0.033822954 -0.376471758 0.011329478 0.798919976 -0.049208164 0.599313915
1781254076.545403 0.661051333 -0.033058807 -0.383679688 0.011612551 0.799398780 -0.048871618 0.598697245
1781254076.578779 0.656516254 -0.033054635 -0.386050880 0.011561130 0.800826073 -0.049893446 0.596703112
1781254076.645532 0.644816518 -0.033757567 -0.397180736 0.011706834 0.801849246 -0.049990360 0.595316529
1781254076.678908 0.639066577 -0.033467926 -0.400936782 0.011658450 0.803011894 -0.050512619 0.593704045
1781254076.712284 0.633862138 -0.035000995 -0.406371176 0.011624478 0.803953052 -0.049970027 0.592475712
1781254076.745660 0.628188014 -0.034988593 -0.410709977 0.012021253 0.804838240 -0.050084308 0.591255009
1781254076.779036 0.624865353 -0.034956679 -0.416211843 0.011714224 0.806173980 -0.050675388 0.589388132
1781254076.812411 0.617313862 -0.035535865 -0.423229873 0.012110610 0.807456136 -0.050308626 0.587653875
1781254076.845787 0.611721873 -0.035181392 -0.428797364 0.011631453 0.809409738 -0.051108796 0.584900498
1781254076.879163 0.605582356 -0.036483746 -0.433659017 0.012081130 0.811547816 -0.050782301 0.581949592
1781254076.912539 0.597965121 -0.038649552 -0.442495257 0.011191529 0.812144756 -0.050582215 0.581151664
1781254076.945914 0.595234990 -0.037510462 -0.446046889 0.011413698 0.814086378 -0.051251221 0.578365386
1781254076.979290 0.590615809 -0.037319601 -0.454654306 0.011781689 0.815290153 -0.051658891 0.576623499
1781254077.012666 0.585063696 -0.037279386 -0.463619351 0.012003489 0.816416085 -0.051912546 0.575000763
1781254077.046041 0.579761267 -0.038431123 -0.469994009 0.011963429 0.818263710 -0.051667057 0.572391450
1781254077.079417 0.577085555 -0.037706420 -0.475498021 0.012147804 0.820364237 -0.052057303 0.569337487
1781254077.112793 0.570402861 -0.038447522 -0.481980413 0.012174431 0.822402954 -0.052011371 0.566392064
1781254077.146168 0.568971992 -0.037803009 -0.490468681 0.012068707 0.824375749 -0.052698288 0.563455462
1781254077.179544 0.563684940 -0.038325883 -0.495936483 0.012091601 0.827232122 -0.052839998 0.559239566
1781254077.212919 0.558651209 -0.040337808 -0.503024220 0.012235263 0.829773605 -0.052351430 0.555504739
1781254077.246295 0.550818503 -0.038779698 -0.509893894 0.012490028 0.832852125 -0.053341366 0.550777793
1781254077.279671 0.547481656 -0.039185815 -0.519270778 0.012573251 0.834839463 -0.053475700 0.547745824
1781254077.313047 0.541042328 -0.038839675 -0.523856640 0.012612528 0.837942183 -0.053811509 0.542953134
1781254077.346423 0.538415313 -0.039661579 -0.530822217 0.012662147 0.840524673 -0.053864941 0.538940310
1781254077.379798 0.532481611 -0.040182021 -0.536919355 0.012663474 0.843203843 -0.054131489 0.534711897
1781254077.413174 0.527992070 -0.040971976 -0.543920636 0.013080309 0.845766127 -0.053966139 0.530656457
1781254077.446552 0.522197008 -0.040092207 -0.550914586 0.013381794 0.847711325 -0.054521300 0.527478755
1781254077.479929 0.518009305 -0.040568933 -0.557295620 0.013306845 0.849463761 -0.054726679 0.524632573
1781254077.513307 0.513285100 -0.040614210 -0.563125014 0.013320084 0.851497829 -0.055277541 0.521266282
1781254077.546685 0.507939219 -0.040232901 -0.570912123 0.013811184 0.853038311 -0.055556986 0.518698752
1781254077.580062 0.503310204 -0.041183077 -0.585023940 0.013180720 0.853102624 -0.055813491 0.518581808
1781254077.613441 0.499771386 -0.041211814 -0.590948224 0.013395155 0.854831994 -0.055841412 0.515717506
1781254077.646818 0.496120811 -0.042218089 -0.595219970 0.013101696 0.856147587 -0.055773258 0.513545513
1781254077.680196 0.490336299 -0.042262852 -0.604345322 0.013066625 0.857671499 -0.056248318 0.510945261
1781254077.713573 0.482618332 -0.043278832 -0.613517284 0.013486763 0.858936191 -0.055759408 0.508859217
1781254077.746951 0.478966951 -0.042825237 -0.621264458 0.013017364 0.860022187 -0.056717519 0.506927669
1781254077.780329 0.474673808 -0.042295706 -0.632178605 0.012776995 0.860734105 -0.057248943 0.505664110
1781254077.880462 0.460367143 -0.043948606 -0.652256846 0.013098538 0.865337372 -0.057413291 0.497718334
1781254077.913840 0.453750432 -0.044867657 -0.661049485 0.013226587 0.866366029 -0.057276510 0.495937943
1781254077.947217 0.449666798 -0.044731356 -0.673959732 0.013170076 0.867332995 -0.057784058 0.494187266
1781254077.980595 0.444648504 -0.043939520 -0.682605982 0.013143900 0.868374586 -0.058439329 0.492278129
1781254078.013973 0.439685941 -0.044427782 -0.690015197 0.013048912 0.869549811 -0.058582511 0.490184695
1781254078.047351 0.434220135 -0.044559628 -0.698651493 0.012921564 0.870793283 -0.058969662 0.487929046
1781254078.080729 0.428599119 -0.046583042 -0.705932856 0.012863697 0.872098446 -0.058610972 0.485637277
1781254078.114106 0.424273849 -0.046022478 -0.713815928 0.012647495 0.873099566 -0.059400737 0.483744562
1781254078.147484 0.418530941 -0.046728276 -0.722068787 0.012753446 0.874050438 -0.059210338 0.482044935
1781254078.180861 0.412809014 -0.046732709 -0.729586363 0.012512537 0.875029743 -0.059669182 0.480214596
1781254078.214239 0.406243384 -0.047453754 -0.737020016 0.012765740 0.876183093 -0.059027206 0.478179932
1781254078.247617 0.400362968 -0.048383806 -0.742795825 0.012447676 0.877644479 -0.058983251 0.475506335
1781254078.280994 0.395025074 -0.047920093 -0.751568794 0.012941617 0.879011691 -0.059209287 0.472932607
1781254078.314372 0.389608681 -0.048181370 -0.759113669 0.012283867 0.879756093 -0.059665933 0.471506536
1781254078.347749 0.382490575 -0.049155012 -0.767094016 0.012472747 0.881172359 -0.059456732 0.468875945
1781254078.381127 0.376130521 -0.049069893 -0.775442600 0.012311428 0.882342339 -0.059933778 0.466613799
1781254078.414504 0.369851887 -0.049692877 -0.781529248 0.012220718 0.883805513 -0.059957162 0.463835776
1781254078.447883 0.362345636 -0.051169798 -0.790814996 0.012651902 0.884728670 -0.059267350 0.462150007
1781254078.481335 0.355606794 -0.051604591 -0.798206329 0.012692463 0.885493934 -0.059432682 0.460659534
1781254078.514788 0.350063086 -0.052287638 -0.805154085 0.012674885 0.886469543 -0.059238955 0.458804995
1781254078.548242 0.343846262 -0.053091239 -0.811556935 0.012214204 0.887082636 -0.059114676 0.457647055
1781254078.581696 0.337816358 -0.053711444 -0.819378614 0.012370146 0.887677908 -0.059186418 0.456477821
1781254078.615150 0.333465219 -0.054211035 -0.826498866 0.012301230 0.888082325 -0.059143409 0.455697954
1781254078.648605 0.327379525 -0.054925881 -0.833084464 0.012363600 0.888939798 -0.058969010 0.454043984
1781254078.715517 0.315441072 -0.055226397 -0.847910404 0.012302999 0.890228927 -0.059133139 0.451491356
1781254078.748973 0.310300350 -0.054704871 -0.856311083 0.012392551 0.890793264 -0.059414547 0.450337350
1781254078.782429 0.304578304 -0.055208001 -0.862799883 0.012483804 0.891690969 -0.059196386 0.448583692
1781254078.815886 0.297983885 -0.055506177 -0.869226813 0.012565352 0.892357707 -0.059147887 0.447259843
1781254078.849344 0.292065978 -0.055774041 -0.876232624 0.012560198 0.893038988 -0.059235819 0.445886612
1781254078.882802 0.286830962 -0.055684529 -0.884171844 0.012155636 0.893791854 -0.059437104 0.444359839
1781254078.916260 0.279388070 -0.057158876 -0.890660763 0.012693632 0.894943833 -0.058862526 0.442096949
1781254078.949719 0.275107205 -0.056101553 -0.897951841 0.012698511 0.894974589 -0.059523162 0.441945970
1781254078.983179 0.268130302 -0.056628987 -0.904085636 0.012772411 0.895493031 -0.059260808 0.440927833
1781254079.016639 0.261817515 -0.056428246 -0.910484076 0.012923026 0.896329820 -0.059715729 0.439158231
1781254079.050099 0.255874515 -0.056336705 -0.917101860 0.012935124 0.896993518 -0.059995305 0.437762499
1781254079.083560 0.249969363 -0.056684516 -0.923771977 0.012929600 0.897164881 -0.059814926 0.437435985
1781254079.117021 0.244247735 -0.057420384 -0.929637611 0.012525007 0.897235632 -0.059654694 0.437324405
1781254079.150483 0.237048149 -0.059511751 -0.934472799 0.012385217 0.897402942 -0.058994155 0.437074780
1781254079.183945 0.230180860 -0.060525406 -0.940028429 0.012243467 0.897732735 -0.058827918 0.436423421
1781254079.217407 0.224775076 -0.060090765 -0.946190238 0.012333150 0.898170829 -0.059150338 0.435474962
1781254079.250871 0.219261169 -0.061178464 -0.952333450 0.012373723 0.898343563 -0.058693066 0.435179204
1781254079.284334 0.214874148 -0.060199168 -0.959039688 0.012047295 0.898567736 -0.059488997 0.434617221
1781254079.317798 0.208976865 -0.061210483 -0.965327501 0.011842644 0.898594320 -0.059273828 0.434597284
1781254079.351263 0.203082800 -0.061836865 -0.970561385 0.011841902 0.898915410 -0.059040342 0.433964461
1781254079.384727 0.197323561 -0.061662301 -0.976880074 0.011939314 0.899129570 -0.059319630 0.433479697
1781254079.418194 0.191511869 -0.062615380 -0.982400298 0.011795174 0.899380207 -0.059242584 0.432974160
1781254079.451657 0.186430812 -0.062766768 -0.988694847 0.011778828 0.899544895 -0.059260350 0.432629794
1781254079.485026 0.179823041 -0.063677005 -0.992817879 0.012016803 0.899786413 -0.058963817 0.432161123
1781254079.518394 0.174395084 -0.064214922 -0.999039888 0.012108097 0.900179923 -0.058848165 0.431354195
1781254079.551763 0.168463230 -0.064500555 -1.005123377 0.012027650 0.900137782 -0.058971312 0.431427509
1781254079.585131 0.162318468 -0.064514056 -1.011227369 0.011975604 0.900178492 -0.059127651 0.431322694
1781254079.618500 0.155718327 -0.066025354 -1.016537189 0.011656855 0.900629699 -0.059038755 0.430400610
1781254079.651868 0.149259686 -0.066341847 -1.023678660 0.011572811 0.900874496 -0.059235308 0.429863214
1781254079.685236 0.144307852 -0.066599101 -1.029112577 0.011704724 0.900868773 -0.059057802 0.429896086
1781254079.718605 0.138219237 -0.066512682 -1.034706354 0.011490511 0.900636375 -0.058983605 0.430398673
1781254079.751972 0.131545067 -0.067244276 -1.041260719 0.011433467 0.900859416 -0.059192020 0.429904670
1781254079.785340 0.124998569 -0.067521907 -1.047460794 0.011315937 0.901104689 -0.059480481 0.429353386
1781254079.918811 0.100614667 -0.069248252 -1.073601842 0.011543458 0.901636064 -0.059191439 0.428270400
1781254079.952179 0.095004082 -0.068649903 -1.081123710 0.011892933 0.901914060 -0.059382167 0.427648753
1781254079.985546 0.088365674 -0.070183672 -1.087134361 0.011518355 0.902100146 -0.058997586 0.427319676
1781254080.018914 0.082187653 -0.070181414 -1.093808770 0.011611592 0.902239799 -0.059086021 0.427009761
1781254080.052281 0.075489163 -0.071151413 -1.100763798 0.011436960 0.902327895 -0.058919840 0.426851451
1781254080.085648 0.070611715 -0.071565166 -1.106604934 0.011347692 0.902683139 -0.058993977 0.426091790
1781254080.119016 0.064684033 -0.072060235 -1.112882972 0.011344841 0.902806938 -0.058942735 0.425836504
1781254080.152383 0.059180260 -0.072324857 -1.119823217 0.011262280 0.902422965 -0.059159581 0.426621735
1781254080.185750 0.052735806 -0.072571188 -1.126839757 0.011172215 0.902248561 -0.058981065 0.427017540
1781254080.219116 0.047317386 -0.072698012 -1.133164883 0.011655093 0.902472854 -0.059070725 0.426517963
1781254080.252483 0.042383909 -0.073235311 -1.138841629 0.011263192 0.901879907 -0.058876198 0.427807689
1781254080.285850 0.037668824 -0.073425174 -1.145550847 0.011138054 0.901386321 -0.058859732 0.428852290
1781254080.319216 0.032185316 -0.073953904 -1.151857376 0.011132978 0.901186824 -0.058885742 0.429267913
1781254080.352583 0.028385282 -0.074374884 -1.158612370 0.010923538 0.900658727 -0.058755819 0.430397838
1781254080.385949 0.023897886 -0.074861251 -1.164381385 0.010729179 0.900206387 -0.058745719 0.431349397
1781254080.419315 0.019535303 -0.075331196 -1.170331359 0.010774558 0.899956346 -0.058802281 0.431862116
1781254080.452682 0.015610456 -0.075556070 -1.176533461 0.010779148 0.899346113 -0.058545645 0.433166116
1781254080.486056 0.010718465 -0.076856121 -1.181827784 0.010418155 0.898828924 -0.058142189 0.434301257
1781254080.519429 0.006460547 -0.075808875 -1.188873291 0.010650284 0.898086607 -0.058575928 0.435770452
1781254080.552802 0.001967788 -0.075934850 -1.196335077 0.010764821 0.897064626 -0.058387086 0.437893033
1781254080.586175 -0.001991391 -0.075665794 -1.203237653 0.010818575 0.896268487 -0.058539979 0.439498335
1781254080.619549 -0.006622553 -0.076656356 -1.209959388 0.010811563 0.895864367 -0.058368795 0.440344542
1781254080.652922 -0.012139320 -0.078684993 -1.215263128 0.010102148 0.895587564 -0.058097981 0.440959901
1781254080.686295 -0.017060280 -0.079424031 -1.221612215 0.010889983 0.895359695 -0.057472572 0.441485375
1781254080.719668 -0.021078348 -0.079457954 -1.228019118 0.009918305 0.893209219 -0.057890706 0.445788860
1781254080.753041 -0.024665952 -0.078942463 -1.235594988 0.010143634 0.891240120 -0.057736576 0.449727386
1781254080.786414 -0.029661775 -0.079753757 -1.242719412 0.009981427 0.890495539 -0.057958201 0.451175094
1781254080.819788 -0.033470392 -0.079467975 -1.250054002 0.010126396 0.890686631 -0.058176752 0.450766325
1781254080.853160 -0.036080360 -0.079534501 -1.256406665 0.010555156 0.890545130 -0.058278788 0.451022863
1781254080.886533 -0.040254831 -0.079874828 -1.262650132 0.010474372 0.889364302 -0.058182862 0.453361183
1781254080.919906 -0.043343425 -0.079915978 -1.269210219 0.010327877 0.888163388 -0.058187675 0.455711961
1781254080.953279 -0.048067689 -0.080482535 -1.275890350 0.010248679 0.887173593 -0.058138236 0.457643986
1781254080.986651 -0.051096082 -0.080410749 -1.282319307 0.009972682 0.886581063 -0.058263835 0.458780825
1781254081.020024 -0.055910945 -0.081577897 -1.288728714 0.009940274 0.885848224 -0.057971049 0.460232109
1781254081.053396 -0.059587717 -0.081090704 -1.294584513 0.010063680 0.885274112 -0.058179438 0.461306602
1781254081.086769 -0.063585997 -0.081782848 -1.300816655 0.009874023 0.884578884 -0.058024734 0.462661803
1781254081.120141 -0.067138076 -0.082065254 -1.307347655 0.009839328 0.883632243 -0.057783093 0.464498103
1781254081.153513 -0.069894195 -0.082120091 -1.313338757 0.009753155 0.882694066 -0.057754930 0.466283739
1781254081.186886 -0.073398113 -0.082621470 -1.319843650 0.009716668 0.881769657 -0.057527948 0.468058258
1781254081.220258 -0.077835798 -0.084008224 -1.326126814 0.009501562 0.881054223 -0.057062637 0.469464779
1781254081.253630 -0.079347610 -0.082730666 -1.331652761 0.009745611 0.880428493 -0.057523508 0.470576048
1781254081.287002 -0.083623767 -0.085126065 -1.337291956 0.008982288 0.879209876 -0.056831673 0.472947717
1781254081.320374 -0.086682320 -0.084911898 -1.344171286 0.008828727 0.878840208 -0.056866024 0.473633051
1781254081.353746 -0.090448380 -0.085289299 -1.350548506 0.009628940 0.878427386 -0.056600146 0.474414557
1781254081.387118 -0.094209790 -0.086213581 -1.356340289 0.008703764 0.876704216 -0.056631342 0.477605432
1781254081.420490 -0.097108006 -0.086010955 -1.362925172 0.009060190 0.875703931 -0.056519397 0.479443610
1781254081.453862 -0.100926042 -0.086560249 -1.368712544 0.009187940 0.875662029 -0.056601599 0.479508013
1781254081.487234 -0.105162144 -0.087430045 -1.375315785 0.008922162 0.875028014 -0.056354787 0.480697930
1781254081.520607 -0.107740760 -0.087507628 -1.381513596 0.009063133 0.874132454 -0.056342024 0.482323527
1781254081.553979 -0.109748960 -0.087008737 -1.386632919 0.009050458 0.873442888 -0.056900382 0.483505994
1781254081.587352 -0.112733960 -0.087889761 -1.392711997 0.008909776 0.872680187 -0.056424692 0.484939396
1781254081.620723 -0.116818428 -0.088797584 -1.399257660 0.008870989 0.871599853 -0.056390360 0.486883253
1781254081.654095 -0.119646072 -0.087946162 -1.405320883 0.009298540 0.870686293 -0.056485780 0.488496065
1781254081.687467 -0.122316360 -0.087559134 -1.410988808 0.009600773 0.869976223 -0.056507472 0.489751011
1781254081.720839 -0.125267029 -0.088287726 -1.416648746 0.009269980 0.869373262 -0.056557845 0.490821183
1781254081.754210 -0.129061818 -0.088775262 -1.422439575 0.009104474 0.868880332 -0.056534708 0.491699070
1781254081.787582 -0.131734371 -0.089361258 -1.428329945 0.009071548 0.868327677 -0.056459203 0.492683679
1781254081.820954 -0.135450840 -0.089861251 -1.435122252 0.009200266 0.867397070 -0.056349766 0.494330198
1781254081.854325 -0.136895895 -0.089923933 -1.440148830 0.009168843 0.866688013 -0.056515139 0.495554090
1781254081.887697 -0.141498089 -0.091642842 -1.446129322 0.008824137 0.865683973 -0.055865694 0.497385621
1781254081.921068 -0.142484188 -0.090609103 -1.451457977 0.009110132 0.865250111 -0.056076266 0.498111248
1781254081.954439 -0.146099687 -0.091438413 -1.457725406 0.009135244 0.864879072 -0.056029137 0.498759985
1781254081.987811 -0.148597360 -0.091323070 -1.462786913 0.008983508 0.864584029 -0.056104161 0.499265611
1781254082.021182 -0.152405739 -0.092548646 -1.468237162 0.008791555 0.864239097 -0.056014996 0.499875903
1781254082.054553 -0.155255795 -0.093052559 -1.473793983 0.008726832 0.863237739 -0.055908993 0.501616120
1781254082.087924 -0.158735156 -0.093247250 -1.479818106 0.008767444 0.862439513 -0.055689387 0.503010929
1781254082.121295 -0.161070466 -0.093589246 -1.485437155 0.008809521 0.862138212 -0.055819143 0.503512025
1781254082.154666 -0.162878990 -0.093526825 -1.489914894 0.008590195 0.861769199 -0.056152839 0.504110157
1781254082.188037 -0.166506410 -0.093727812 -1.496893167 0.008976221 0.860992014 -0.055940744 0.505453050
1781254082.221409 -0.170698762 -0.095254883 -1.502610445 0.008754572 0.860766172 -0.055565082 0.505882740
1781254082.254780 -0.173245907 -0.095409513 -1.508962750 0.008684299 0.859704614 -0.055719942 0.507669091
1781254082.288151 -0.175838470 -0.095835432 -1.515148640 0.008939072 0.858693838 -0.055463061 0.509400487
1781254082.321522 -0.176903844 -0.094822675 -1.520343781 0.008602072 0.858251452 -0.056151316 0.510075986
1781254082.354892 -0.181862831 -0.095347948 -1.527532816 0.008909767 0.858061969 -0.055963974 0.510409951
1781254082.388263 -0.184942126 -0.095399126 -1.534191132 0.009129071 0.857129037 -0.055801041 0.511989057
1781254082.421633 -0.188588858 -0.096104816 -1.540127993 0.008832002 0.856205165 -0.055901494 0.513526857
1781254082.455004 -0.192480683 -0.096248649 -1.547803640 0.009359081 0.855446875 -0.055769335 0.514794052
1781254082.488375 -0.195036650 -0.096144393 -1.553667665 0.009485135 0.855022013 -0.055958513 0.515476525
1781254082.521745 -0.199001312 -0.097451881 -1.560546994 0.008960856 0.854516745 -0.056220293 0.516294718
1781254082.555116 -0.203541160 -0.098375320 -1.569190025 0.009266468 0.853617430 -0.055634513 0.517838120
1781254082.588486 -0.206342101 -0.097814888 -1.574996710 0.009202634 0.853608549 -0.055976920 0.517817020
1781254082.621856 -0.210446715 -0.099193476 -1.582086086 0.008934554 0.853256166 -0.055773977 0.518423915
1781254082.655226 -0.215360761 -0.099481605 -1.589170933 0.008662080 0.852920890 -0.055978701 0.518958032
1781254082.688597 -0.219716311 -0.099352941 -1.596020818 0.009140021 0.854066312 -0.056157622 0.517043114
1781254082.721967 -0.224330187 -0.099931560 -1.604575872 0.009278476 0.854160130 -0.056375053 0.516862035
1781254082.755337 -0.229281664 -0.100049064 -1.611743569 0.008993922 0.853863537 -0.056357034 0.517358840
1781254082.788707 -0.234597921 -0.100205287 -1.618209124 0.009291484 0.855017066 -0.056477301 0.515431643
1781254082.822076 -0.240193129 -0.100614987 -1.626525402 0.009506891 0.855740964 -0.056358367 0.514238179
1781254082.855446 -0.245800257 -0.100722097 -1.632277131 0.009493225 0.857289135 -0.056555964 0.511631489
1781254082.888816 -0.253404856 -0.102184191 -1.640262723 0.009612169 0.858694136 -0.056243710 0.509302199
1781254082.922186 -0.258175373 -0.102692448 -1.646817684 0.009568656 0.860564888 -0.056407429 0.506117284
1781254082.955556 -0.264342308 -0.103469491 -1.654246569 0.009454280 0.862230659 -0.056261029 0.503292739
1781254082.988925 -0.270822525 -0.103338793 -1.660530567 0.009571606 0.864136994 -0.056701042 0.499960691
1781254083.022295 -0.277087450 -0.104129113 -1.667870879 0.009883692 0.865887463 -0.056605440 0.496927738
1781254083.055664 -0.284179449 -0.104502417 -1.673038721 0.010223011 0.867889047 -0.056695834 0.493406177
1781254083.089033 -0.290607452 -0.105228052 -1.678661346 0.009944634 0.869527698 -0.056537624 0.490536720
1781254083.122402 -0.296924114 -0.106068224 -1.685302258 0.009951995 0.871428192 -0.056304574 0.487179369
1781254083.155771 -0.302298307 -0.106319144 -1.692074060 0.010178277 0.873482227 -0.056334987 0.483478576
1781254083.189140 -0.308492184 -0.107163310 -1.698187828 0.010166092 0.875670195 -0.056259412 0.479513645
1781254083.222509 -0.314804554 -0.108121052 -1.703792572 0.010277940 0.877959728 -0.056207251 0.475312322
1781254083.255878 -0.319817781 -0.107738666 -1.711072445 0.010416553 0.879689455 -0.056881927 0.472019613
1781254083.289247 -0.326039791 -0.107491873 -1.716637135 0.010357431 0.881457925 -0.056803823 0.468719572
1781254083.322615 -0.333534002 -0.109394342 -1.723680377 0.010463225 0.883069694 -0.056295175 0.465735316
1781254083.355984 -0.339268684 -0.109151684 -1.730046630 0.010423591 0.884704649 -0.056578372 0.462588310
1781254083.389353 -0.344686985 -0.110017955 -1.733438373 0.010365747 0.886811316 -0.056557737 0.458540767
1781254083.422721 -0.351032495 -0.110774167 -1.740617275 0.010462644 0.888284504 -0.056403179 0.455697238
1781254083.456090 -0.358043194 -0.110690400 -1.749274731 0.010862333 0.889048278 -0.056721419 0.454156280
1781254083.489462 -0.363294363 -0.110662818 -1.752640605 0.010633019 0.890400231 -0.057129484 0.451453835
1781254083.522833 -0.369967699 -0.111214846 -1.758886576 0.010966154 0.891936421 -0.056882795 0.448434502
1781254083.556205 -0.376327515 -0.112079233 -1.765669107 0.011252073 0.893230200 -0.056655582 0.445873797
1781254083.589576 -0.381028891 -0.112522170 -1.769935250 0.011104126 0.894232690 -0.056823034 0.443841994
1781254083.622948 -0.387873173 -0.111789331 -1.779420376 0.011219019 0.894986153 -0.057364378 0.442248076
1781254083.856545 -0.437547922 -0.120923176 -1.823676467 0.011373760 0.903286338 -0.055514514 0.425279498
1781254083.889916 -0.437412739 -0.103992321 -1.848406672 0.011591360 0.903088868 -0.063141815 0.424628437
1781254083.923287 -0.443426847 -0.102589354 -1.857030630 0.011721435 0.903839111 -0.064194798 0.422867119
1781254083.956657 -0.450234890 -0.102943271 -1.866292477 0.011863983 0.904521942 -0.064371914 0.421373636
1781254083.990028 -0.457866669 -0.103786945 -1.873962402 0.011933401 0.905231893 -0.064060710 0.419891715
1781254084.023398 -0.463644981 -0.102673180 -1.883110642 0.012165458 0.906159222 -0.064934075 0.417745233
1781254084.056769 -0.478694916 -0.121210784 -1.871658802 0.011685144 0.908052206 -0.056594800 0.414851427
1781254084.090139 -0.485171795 -0.121318683 -1.880376816 0.011681873 0.909149647 -0.057063337 0.412376493
1781254084.123509 -0.492701530 -0.123100676 -1.888498545 0.011770591 0.909755170 -0.056602381 0.411099970
1781254084.156880 -0.495577335 -0.119921923 -1.898608804 0.011573248 0.909691632 -0.058224894 0.411019653
1781254084.190250 -0.502288103 -0.119886994 -1.905947566 0.011918764 0.910787344 -0.058273967 0.408569008
1781254084.223620 -0.508731365 -0.119842947 -1.914755106 0.011634387 0.911376715 -0.058949240 0.407163501
1781254084.256990 -0.514033556 -0.119746417 -1.921518803 0.011905824 0.912128448 -0.058745384 0.405498564
1781254084.290360 -0.521579266 -0.120518208 -1.927654028 0.011591468 0.912966311 -0.058833975 0.403604716
1781254084.323731 -0.528677940 -0.120372266 -1.936363220 0.011720385 0.913581252 -0.059005443 0.402182072
1781254084.357100 -0.534103870 -0.120468751 -1.941995382 0.011485440 0.914339721 -0.058976118 0.400465727
1781254084.390471 -0.541426897 -0.122333393 -1.948202252 0.011574901 0.915156901 -0.058240265 0.398700416
1781254084.423840 -0.548308849 -0.122753531 -1.954224825 0.011404591 0.916222453 -0.058404002 0.396226466
1781254084.457210 -0.555706263 -0.123962559 -1.960030079 0.011436258 0.917045236 -0.057956070 0.394383669
1781254084.490582 -0.562968731 -0.124704629 -1.966436386 0.011102003 0.917807043 -0.057844851 0.392633528
1781254084.523954 -0.570211172 -0.125245288 -1.971603990 0.011132974 0.918823183 -0.057697516 0.390270531
1781254084.557326 -0.576244593 -0.124976069 -1.978063464 0.011223926 0.919731557 -0.057976373 0.388080835
1781254084.590698 -0.582419872 -0.124168143 -1.983521938 0.011522030 0.920535326 -0.058316015 0.386110336
1781254084.624070 -0.587381363 -0.124084398 -1.988795877 0.011194907 0.921141088 -0.058677722 0.384617776
1781254084.657442 -0.593075275 -0.125083223 -1.993834138 0.011138452 0.921739638 -0.058364037 0.383230597
1781254084.690814 -0.597533703 -0.124865592 -1.998802900 0.011014980 0.922108114 -0.058541548 0.382319570
1781254084.724185 -0.602242231 -0.125188619 -2.003417730 0.010935887 0.922547698 -0.058512181 0.381264389
1781254084.757557 -0.607405186 -0.125071719 -2.007874966 0.011022222 0.923117101 -0.058652095 0.379859626
1781254084.790928 -0.612115383 -0.125529721 -2.012292624 0.010957415 0.923738539 -0.058476467 0.378375053
1781254084.824300 -0.617268085 -0.125850812 -2.015953779 0.011130105 0.924489737 -0.058421053 0.376539469
1781254084.857671 -0.621712208 -0.126055360 -2.020561934 0.011254966 0.924921036 -0.058240134 0.375503123
1781254084.891042 -0.625196218 -0.126601160 -2.024177790 0.010975065 0.925403297 -0.058166642 0.374332696
1781254084.924414 -0.628951788 -0.126182973 -2.028283358 0.010748416 0.925905943 -0.058352221 0.373065233
1781254084.957785 -0.632448673 -0.126669526 -2.032361507 0.010796779 0.926342785 -0.058161285 0.372007668
1781254084.991157 -0.635887623 -0.126731128 -2.036516428 0.010782028 0.926736474 -0.058111258 0.371034414
1781254085.024529 -0.639707565 -0.127226800 -2.040366888 0.010601828 0.927278638 -0.058158237 0.369674981
1781254085.057900 -0.643282413 -0.127604902 -2.043218136 0.010507289 0.927773237 -0.058041733 0.368452936
1781254085.091271 -0.646683455 -0.126885235 -2.047296762 0.010504544 0.928229988 -0.058440473 0.367237717
1781254085.124642 -0.650508165 -0.126222357 -2.051960945 0.010674474 0.928712547 -0.058907814 0.365935951
1781254085.158013 -0.654928923 -0.127032608 -2.056322336 0.010523235 0.929048300 -0.058595646 0.365137100
1781254085.191384 -0.659337521 -0.127273679 -2.060413361 0.010600921 0.929590821 -0.058531146 0.363761872
1781254085.224754 -0.663252592 -0.127033561 -2.063970089 0.010514624 0.930053473 -0.058988769 0.362505555
1781254085.258125 -0.668139219 -0.127570450 -2.068271637 0.010525960 0.930391252 -0.058750570 0.361676306
1781254085.291496 -0.672662497 -0.127632514 -2.073220730 0.010503503 0.930865943 -0.058984268 0.360415369
1781254085.324867 -0.678172827 -0.127822965 -2.078626633 0.010588159 0.930846095 -0.059093390 0.360446155
1781254085.358237 -0.683936834 -0.128435612 -2.083789110 0.010271881 0.930684388 -0.058871459 0.360908866
1781254085.391608 -0.689857721 -0.129118294 -2.089741707 0.010238864 0.930541396 -0.058782768 0.361292809
1781254085.424978 -0.695475340 -0.128656983 -2.095739841 0.010232834 0.930399418 -0.059164964 0.361596256
1781254085.458349 -0.701732397 -0.129163101 -2.102482319 0.010183654 0.930305004 -0.059016440 0.361864626
1781254085.491721 -0.708547592 -0.129569396 -2.108992100 0.010013439 0.930490494 -0.059057672 0.361385465
1781254085.525093 -0.715346813 -0.130390376 -2.115213156 0.009848608 0.930768132 -0.058821816 0.360712945
1781254085.558465 -0.722783327 -0.130469352 -2.122693062 0.009878988 0.930882752 -0.059015565 0.360384494
1781254085.591838 -0.730400324 -0.130865872 -2.130352497 0.009916071 0.931098402 -0.058914341 0.359842539
1781254085.625210 -0.737375259 -0.131239608 -2.137075901 0.009434706 0.931379795 -0.059033774 0.359106839
1781254085.658581 -0.745341063 -0.131929383 -2.144722462 0.009800748 0.932102740 -0.058842540 0.357247829
1781254085.691953 -0.752359867 -0.132183343 -2.152148247 0.009730645 0.932322621 -0.058992673 0.356650710
1781254085.725326 -0.760602474 -0.132979423 -2.159648895 0.009481222 0.932103038 -0.058745798 0.357271612
1781254085.758698 -0.768649817 -0.133484483 -2.166073084 0.009613607 0.932381153 -0.058815774 0.356530249
1781254085.792070 -0.777066946 -0.134139746 -2.173553467 0.009579887 0.932562470 -0.058754265 0.356066704
1781254085.825441 -0.784655094 -0.133730739 -2.181851625 0.009735826 0.932867706 -0.059115261 0.355202019
1781254085.858813 -0.793908834 -0.134529054 -2.189264774 0.009604242 0.932778001 -0.058997571 0.355460584
1781254085.892184 -0.801461458 -0.134220406 -2.196763754 0.009711377 0.933129430 -0.059404194 0.354466230
1781254085.925556 -0.809649467 -0.135882333 -2.204250813 0.009622183 0.933231711 -0.058756020 0.354307562
1781254085.958927 -0.817479610 -0.135916725 -2.211669683 0.009415359 0.933230639 -0.059020467 0.354271889
1781254085.992299 -0.826049089 -0.137236625 -2.217917919 0.009149073 0.933663726 -0.058854364 0.353163809
1781254086.025670 -0.833687067 -0.138356805 -2.224302292 0.008759651 0.933875203 -0.058687288 0.352641851
1781254086.059042 -0.841354132 -0.138706252 -2.230636597 0.008925020 0.934055448 -0.058524542 0.352186948
1781254086.092413 -0.848339081 -0.138602585 -2.237739086 0.008741575 0.934102952 -0.059064262 0.351975411
1781254086.125784 -0.855904818 -0.138686180 -2.245036364 0.008918610 0.934365809 -0.059147917 0.351258457
1781254086.192526 -0.868924379 -0.138321757 -2.257935047 0.009027138 0.934481680 -0.059925210 0.350815564
1781254086.225897 -0.876450539 -0.139018595 -2.263605118 0.008537840 0.934562385 -0.059719715 0.350647718
1781254086.259268 -0.884811163 -0.140934467 -2.269174576 0.008666637 0.934893727 -0.059159212 0.349855453
1781254086.292639 -0.891012192 -0.139956027 -2.275819778 0.008919396 0.934954345 -0.059904758 0.349560261
1781254086.326010 -0.897154570 -0.139679000 -2.281279325 0.009103908 0.935299516 -0.060175348 0.348584205
1781254086.359380 -0.905197620 -0.142090946 -2.286171198 0.008536568 0.935614288 -0.059390210 0.347887874
1781254086.392751 -0.911496878 -0.141992465 -2.291957140 0.008480068 0.935725689 -0.059667885 0.347541839
1781254086.426123 -0.917606831 -0.142192096 -2.297132015 0.008563977 0.935888588 -0.059672534 0.347100049
1781254086.459494 -0.923913479 -0.141745239 -2.302731991 0.008980408 0.936184645 -0.060054857 0.346224159
1781254086.492867 -0.930187941 -0.142242745 -2.307922602 0.008425075 0.936427474 -0.060139757 0.345566094
1781254086.526240 -0.936708450 -0.143438756 -2.313043833 0.008250701 0.936675727 -0.059797924 0.344956338
1781254086.559613 -0.942718029 -0.143676177 -2.318227768 0.008205194 0.936813533 -0.059817389 0.344579369
1781254086.592986 -0.948328257 -0.143825814 -2.323025227 0.008284201 0.937037528 -0.059786126 0.343973607
1781254086.626359 -0.954070330 -0.143149197 -2.328484058 0.008512734 0.937019408 -0.060042355 0.343972564
1781254086.659732 -0.959387779 -0.143981084 -2.333456755 0.008305531 0.937399149 -0.059831265 0.342978269
1781254086.693105 -0.965736628 -0.143767208 -2.338567734 0.008339770 0.937545419 -0.060076591 0.342534572
1781254086.726477 -0.971942425 -0.143707007 -2.344116926 0.008498214 0.937585890 -0.060089860 0.342417628
1781254086.759850 -0.976953983 -0.143704280 -2.349994659 0.008483971 0.937945962 -0.060224555 0.341406465
1781254086.793223 -0.983103991 -0.144676104 -2.353820801 0.008497999 0.938440979 -0.059992891 0.340084165
1781254086.826596 -0.990874290 -0.144184053 -2.361244440 0.008493543 0.938064992 -0.060205817 0.341082543
1781254086.859968 -0.998011589 -0.144427344 -2.366255999 0.008838966 0.938600361 -0.060124151 0.339612067
1781254086.893340 -1.005220890 -0.144616783 -2.371940136 0.008621302 0.938935697 -0.060488246 0.338624686
1781254086.926713 -1.011843681 -0.145106718 -2.376904011 0.008550658 0.939120352 -0.060207356 0.338164091
1781254086.960085 -1.019359827 -0.144898146 -2.382779598 0.008755295 0.939155519 -0.060272045 0.338049710
1781254086.993458 -1.027059555 -0.145617485 -2.387987137 0.008847256 0.939223528 -0.060155090 0.337879181
1781254087.026830 -1.033417702 -0.145016894 -2.392994165 0.008959641 0.939503551 -0.060547438 0.337026626
1781254087.060202 -1.041442633 -0.145690724 -2.398076534 0.008720960 0.939728379 -0.060731929 0.336372197
1781254087.093574 -1.048051119 -0.145316869 -2.403096676 0.008537168 0.939695179 -0.060901888 0.336438835
1781254087.126947 -1.056107998 -0.146093920 -2.408464909 0.008644826 0.939557910 -0.060553554 0.336882174
1781254087.160320 -1.063392639 -0.146115422 -2.413640499 0.008407498 0.939430237 -0.060565896 0.337241620
1781254087.193691 -1.071805000 -0.146835700 -2.419024944 0.008626997 0.939603508 -0.060310386 0.336798877
1781254087.227063 -1.079370260 -0.147338927 -2.424568892 0.008695195 0.939962506 -0.060094744 0.335832685
1781254087.260435 -1.087051630 -0.147400647 -2.429294825 0.008652466 0.940250099 -0.060196597 0.335009545
1781254087.293807 -1.094712496 -0.148080617 -2.433856249 0.008711499 0.940645099 -0.059889656 0.333952516
1781254087.327179 -1.101776838 -0.148124442 -2.439126968 0.008751844 0.940663457 -0.060054664 0.333870023
1781254087.360551 -1.108877897 -0.148149639 -2.444288015 0.008653678 0.940989971 -0.060251202 0.332915813
1781254087.393923 -1.116726637 -0.148510739 -2.449341536 0.009090427 0.941270173 -0.060053330 0.332146764
1781254087.427294 -1.122487307 -0.148638710 -2.453613758 0.008611926 0.940814376 -0.060229417 0.333416522
1781254087.460666 -1.130578756 -0.149409309 -2.458475828 0.008571567 0.940991759 -0.060033590 0.332952023
1781254087.494040 -1.138249874 -0.150268689 -2.463380337 0.008919529 0.941200733 -0.059830807 0.332388133
1781254087.527414 -1.145995140 -0.150907516 -2.469118834 0.008877706 0.940856159 -0.059545703 0.333414584
1781254087.560788 -1.152832270 -0.151142478 -2.473896980 0.009011175 0.940915585 -0.059568033 0.333239228
1781254087.594162 -1.159811258 -0.150689811 -2.479632616 0.008978122 0.941005230 -0.059979059 0.332913160
1781254087.627536 -1.167354107 -0.151416779 -2.485456944 0.008795724 0.940850198 -0.060100902 0.333333969
1781254087.660910 -1.174843550 -0.151689813 -2.491215706 0.008723062 0.940477848 -0.059937585 0.334414244
1781254087.694284 -1.182651281 -0.152569920 -2.496307850 0.008700629 0.940168560 -0.059491437 0.335362732
1781254087.727658 -1.188507318 -0.151581496 -2.501900196 0.008567948 0.940239370 -0.060167350 0.335046977
1781254087.761032 -1.194935560 -0.152315095 -2.507307529 0.008604816 0.940269351 -0.059975371 0.334996343
1781254087.794405 -1.202611685 -0.152320087 -2.512761116 0.008661516 0.940059125 -0.060139269 0.335554898
1781254087.827780 -1.208916664 -0.153174058 -2.517696381 0.008561544 0.940062463 -0.059814382 0.335606396
1781254087.861154 -1.215875149 -0.153245762 -2.522910833 0.009065917 0.939974129 -0.059977107 0.335811287
1781254087.894528 -1.221990824 -0.153542206 -2.527735233 0.008680741 0.939832866 -0.060039263 0.336205542
1781254087.927901 -1.228192329 -0.154186025 -2.532743454 0.008911614 0.939760268 -0.059758704 0.336452365
1781254087.961275 -1.233687639 -0.153335392 -2.537871122 0.008598872 0.939711094 -0.060542259 0.336457640
1781254087.994648 -1.240378380 -0.154077619 -2.542803049 0.008718638 0.939695358 -0.060276154 0.336546451
1781254088.028022 -1.245875120 -0.153784454 -2.548425198 0.008883290 0.939818084 -0.060726076 0.336118132
1781254088.061395 -1.252338409 -0.154234752 -2.554052830 0.008686821 0.939547181 -0.060638733 0.336895615
1781254088.094769 -1.258764505 -0.154874921 -2.558431387 0.008799851 0.939310849 -0.060235929 0.337623239
1781254088.128142 -1.263591051 -0.154550910 -2.562953711 0.008665349 0.939385593 -0.060930621 0.337294012
1781254088.161515 -1.269504070 -0.154570565 -2.567764044 0.008498221 0.939389288 -0.061162554 0.337245792
1781254088.194889 -1.275624275 -0.154798135 -2.572455406 0.008647331 0.939292252 -0.061221555 0.337501734
1781254088.228262 -1.281678915 -0.155313313 -2.577481508 0.008866707 0.938945770 -0.061056376 0.338488519
1781254088.261635 -1.286775589 -0.155322194 -2.581348896 0.008551266 0.938806474 -0.061277959 0.338842690
1781254088.295008 -1.292098522 -0.155610710 -2.586461067 0.008535182 0.938539445 -0.061305158 0.339577079
1781254088.328381 -1.297592640 -0.156329960 -2.591652870 0.008731095 0.938253522 -0.061029315 0.340411037
1781254088.361754 -1.302473545 -0.156859934 -2.596351147 0.008555021 0.938034773 -0.061158966 0.340994388
1781254088.395128 -1.306351185 -0.156782791 -2.599737644 0.008337970 0.937879086 -0.061127368 0.341433495
1781254088.428500 -1.312186718 -0.157727957 -2.604412556 0.008571220 0.937512040 -0.060766853 0.342498332
1781254088.461874 -1.317788124 -0.157867163 -2.610337019 0.008592427 0.936967492 -0.060752813 0.343987137
1781254088.495247 -1.322103739 -0.157600120 -2.616043806 0.008268573 0.936522782 -0.061019395 0.345157206
1781254088.528620 -1.327742815 -0.158682406 -2.621403694 0.008762841 0.935891509 -0.060582601 0.346929610
1781254088.561993 -1.332792044 -0.159907967 -2.626080990 0.008316016 0.935248733 -0.059980839 0.348773748
1781254088.595366 -1.338980198 -0.160468340 -2.632266760 0.008731863 0.934329927 -0.059781052 0.351251483
1781254088.628739 -1.344116688 -0.160691142 -2.638943195 0.008855221 0.933842957 -0.059739355 0.352548242
1781254088.662111 -1.348151684 -0.160603061 -2.645255327 0.008632170 0.933330834 -0.060237210 0.353822708
1781254088.695484 -1.353607655 -0.160833478 -2.652005672 0.008426937 0.932163954 -0.060013253 0.356928349
1781254088.728856 -1.359188318 -0.161659747 -2.657671452 0.008529098 0.931530297 -0.059614930 0.358642787
1781254088.762228 -1.364478588 -0.162090763 -2.663460732 0.008642842 0.931100428 -0.059588492 0.359759033
1781254088.795601 -1.370458126 -0.162534297 -2.670095444 0.008707771 0.930433989 -0.059512764 0.361490160
1781254088.828973 -1.374123096 -0.162380114 -2.676106453 0.008736823 0.929761529 -0.059506170 0.363216668
1781254088.862345 -1.379804373 -0.163478807 -2.681827068 0.008529184 0.929094613 -0.059280444 0.364960849
1781254088.895718 -1.385293484 -0.163439125 -2.688603401 0.008729488 0.928548932 -0.059448544 0.366314918
1781254088.929090 -1.390132666 -0.164551795 -2.694601536 0.008715689 0.928084552 -0.059106246 0.367545426
1781254088.962462 -1.394789457 -0.164120376 -2.700319052 0.008560393 0.927550673 -0.059587188 0.368816823
1781254088.995834 -1.399753809 -0.165226251 -2.706345797 0.008441456 0.926737547 -0.059213992 0.370917767
1781254089.029206 -1.404461622 -0.165773571 -2.712282658 0.008569223 0.926351964 -0.059000392 0.371910691
1781254089.062577 -1.409209013 -0.166724443 -2.717305660 0.008557382 0.925951064 -0.058674529 0.372959495
1781254089.095949 -1.414724588 -0.167042300 -2.723577976 0.008534371 0.925477326 -0.058829531 0.374109656
1781254089.129321 -1.418916464 -0.166989237 -2.728626728 0.008182112 0.925343096 -0.059106916 0.374405742
1781254089.162693 -1.424461126 -0.167260289 -2.734859467 0.007808886 0.925046086 -0.059226066 0.375128180
1781254089.196064 -1.430251598 -0.167718172 -2.741425991 0.008300980 0.924899399 -0.059025034 0.375510812
1781254089.229437 -1.434881926 -0.168015659 -2.747886896 0.008178093 0.924376547 -0.059137627 0.376781166
1781254089.262808 -1.440118790 -0.167776316 -2.753997803 0.007834818 0.923868716 -0.059517566 0.377972096
1781254089.329551 -1.453028917 -0.169036746 -2.769874573 0.008105815 0.923663497 -0.059351791 0.378493845
1781254089.362922 -1.458942652 -0.169280693 -2.777285099 0.007930253 0.923505545 -0.059357833 0.378881723
1781254089.396293 -1.465905190 -0.169996351 -2.784862757 0.008338338 0.923519671 -0.059163406 0.378868818
1781254089.429665 -1.472608089 -0.171022266 -2.792042255 0.008317833 0.923982918 -0.058952399 0.377771139
1781254089.463036 -1.479638338 -0.171283409 -2.799353361 0.008261733 0.924427152 -0.059132822 0.376655877
1781254089.496411 -1.486152887 -0.171442062 -2.806988955 0.008125553 0.925171077 -0.059349276 0.374793589
1781254089.529786 -1.493832111 -0.171940506 -2.814653397 0.008224174 0.925814569 -0.059774410 0.373131156
1781254089.563160 -1.500317335 -0.172335461 -2.822663784 0.007935469 0.926349699 -0.059717353 0.371816099
1781254089.596535 -1.508145332 -0.173087686 -2.830983639 0.007894492 0.927257299 -0.059489869 0.369584262
1781254089.629910 -1.514975548 -0.172826350 -2.839152813 0.008441613 0.928226650 -0.059638951 0.367106706
1781254089.663285 -1.521875858 -0.173934981 -2.846430063 0.007784055 0.928729236 -0.059412163 0.365884781
1781254089.696659 -1.528819084 -0.173588932 -2.854065895 0.008188305 0.929868996 -0.059813648 0.362903655
1781254089.730034 -1.536944628 -0.174253970 -2.860239744 0.007957409 0.931088865 -0.059622258 0.359799236
1781254089.763408 -1.544984579 -0.175042629 -2.867778778 0.008371119 0.933080137 -0.059371673 0.354635656
1781254089.796783 -1.551423788 -0.173895717 -2.874831676 0.008103368 0.934355855 -0.060287688 0.351110876
1781254089.830158 -1.559480667 -0.175490379 -2.882312059 0.008303929 0.935334265 -0.059345108 0.348653078
1781254089.863532 -1.567192793 -0.176402450 -2.888298035 0.008314542 0.936863601 -0.059066538 0.344570309
1781254089.896906 -1.574606895 -0.176434755 -2.895927429 0.008465510 0.938066602 -0.059347045 0.341229290
1781254089.930282 -1.582099438 -0.176654547 -2.902821064 0.008647571 0.939435482 -0.059609886 0.337391347
1781254089.963656 -1.589135647 -0.177684903 -2.908595085 0.008472610 0.940662265 -0.059451189 0.333988577
1781254089.997030 -1.596733093 -0.178293318 -2.915772915 0.008758364 0.941895425 -0.059188686 0.330534637
1781254090.030405 -1.603975773 -0.178757340 -2.921884537 0.008917799 0.943332493 -0.059244595 0.326396137
1781254090.063779 -1.610142708 -0.178929910 -2.927863121 0.008665894 0.944169044 -0.059066437 0.324007690
1781254090.097153 -1.617258787 -0.179802865 -2.934090853 0.008676199 0.945322692 -0.058664180 0.320699781
1781254090.130527 -1.623592854 -0.179462507 -2.940053225 0.008786802 0.946554005 -0.058932830 0.316994160
1781254090.163901 -1.631290197 -0.180415660 -2.944751501 0.009046380 0.948165238 -0.058562279 0.312204093
1781254090.197275 -1.638772488 -0.179688781 -2.950147867 0.009298162 0.949565589 -0.059253797 0.307778835
1781254090.230650 -1.645460844 -0.180898905 -2.956015110 0.009267296 0.951008976 -0.058814567 0.303376108
1781254090.264024 -1.653371334 -0.180719048 -2.961004257 0.009246716 0.952151537 -0.059087943 0.299717695
1781254090.297398 -1.659974098 -0.181149408 -2.965309143 0.009415510 0.953700662 -0.058841739 0.294794887
1781254090.330771 -1.665762424 -0.179996312 -2.969936371 0.009816211 0.955185711 -0.059590861 0.289780706
1781254090.364146 -1.672416687 -0.180801988 -2.974928617 0.009875789 0.956640184 -0.059288628 0.285003483
1781254090.397519 -1.679745197 -0.181181312 -2.978647470 0.009707989 0.957902253 -0.059354428 0.280724227
1781254090.430893 -1.686946154 -0.180848584 -2.983616829 0.009899490 0.959325910 -0.059849463 0.275706381
1781254090.464267 -1.692331314 -0.181240588 -2.987327337 0.009761888 0.960883558 -0.059749328 0.270254701
1781254090.497640 -1.700396061 -0.182037681 -2.990519762 0.009971487 0.962225497 -0.059534766 0.265477479
1781254090.531013 -1.707803488 -0.183122009 -2.993343592 0.009642032 0.963655651 -0.059143011 0.260340065
1781254090.564385 -1.714933157 -0.182404667 -2.997150183 0.009821294 0.965161681 -0.059628960 0.254579991
1781254090.597758 -1.722502232 -0.182789028 -2.999539852 0.010005323 0.966814756 -0.059634246 0.248219550
1781254090.631131 -1.729953289 -0.183256954 -3.003903866 0.009583833 0.968228221 -0.059616636 0.242668822
1781254090.664504 -1.737562656 -0.184318975 -3.004650116 0.009067258 0.969702542 -0.059137538 0.236849338
1781254090.697876 -1.745238304 -0.184722453 -3.007340431 0.009279470 0.971122086 -0.058992554 0.230988756
1781254090.731249 -1.752740860 -0.185824305 -3.009784698 0.008768428 0.972434521 -0.058594242 0.225523725
1781254090.764621 -1.760983944 -0.184555843 -3.012176514 0.009322013 0.973822534 -0.059320055 0.219234690
1781254090.797993 -1.768430233 -0.184306383 -3.015524149 0.009476576 0.975363612 -0.059575897 0.212195054
1781254090.831366 -1.776499987 -0.184820563 -3.017040730 0.009405587 0.976721227 -0.059418168 0.205904573
1781254090.864738 -1.783780813 -0.185298741 -3.018728018 0.009296868 0.978104949 -0.059423123 0.199231803
1781254090.898110 -1.792223930 -0.185310528 -3.020805359 0.009679445 0.979361236 -0.059352089 0.192964762
1781254090.931482 -1.800608158 -0.185507715 -3.022249222 0.009632725 0.980538666 -0.059546180 0.186829954
1781254090.964854 -1.808059216 -0.185078457 -3.024155617 0.009826159 0.981818438 -0.059673462 0.179930940
1781254090.998226 -1.816070557 -0.184730902 -3.025777817 0.009990972 0.982910633 -0.060155738 0.173689708
1781254091.031598 -1.822316408 -0.185614809 -3.025302649 0.009860830 0.984189808 -0.059891995 0.166391641
1781254091.064970 -1.830541849 -0.185135126 -3.026134968 0.010347579 0.985180199 -0.060335912 0.160226643
1781254091.098342 -1.837749243 -0.185853422 -3.027647257 0.009700057 0.986195862 -0.060121249 0.153977528
1781254091.131714 -1.845851421 -0.185258538 -3.027734280 0.010327615 0.987145185 -0.060418300 0.147605345
1781254091.165086 -1.854522705 -0.186479896 -3.028227091 0.009633998 0.988114893 -0.060042594 0.141177833
1781254091.198457 -1.862104654 -0.185669929 -3.029400349 0.010148441 0.989098370 -0.060398590 0.133916095
1781254091.231829 -1.871138334 -0.185556293 -3.029859066 0.010328129 0.990043104 -0.060689706 0.126589194
1781254091.265200 -1.877059937 -0.186851621 -3.029768705 0.010499406 0.991082191 -0.060161918 0.118433051
1781254091.298572 -1.884719372 -0.185323969 -3.030286789 0.010945719 0.991742313 -0.060873829 0.112347133
1781254091.331944 -1.894367218 -0.185723007 -3.029830456 0.010690969 0.992490172 -0.060859535 0.105570607
1781254091.365316 -1.902144432 -0.186174005 -3.029333591 0.010881573 0.993229032 -0.060918193 0.098319627
1781254091.398687 -1.908144951 -0.184565783 -3.030092478 0.011147799 0.993912518 -0.061435428 0.090771474
1781254091.432059 -1.916740417 -0.185431540 -3.029203415 0.011058919 0.994631350 -0.061090697 0.082789339
1781254091.465430 -1.925579548 -0.187389165 -3.027232170 0.010596250 0.995328307 -0.060465924 0.074520402
1781254091.498802 -1.930376291 -0.185750917 -3.027473688 0.011125779 0.995841742 -0.061089981 0.066659592
1781254091.532174 -1.940474272 -0.184787571 -3.026293755 0.011442590 0.996262550 -0.061616793 0.059443153
1781254091.565546 -1.947946787 -0.186224714 -3.024347782 0.011131918 0.996771514 -0.060968529 0.051043317
1781254091.598918 -1.956951141 -0.185597479 -3.024272919 0.011098630 0.997096062 -0.061100848 0.044079892
1781254091.632291 -1.961371183 -0.185403347 -3.023844481 0.011160137 0.997487426 -0.061257910 0.033791620
1781254091.665662 -1.973340034 -0.186243370 -3.020548344 0.010996387 0.997714937 -0.060734440 0.027483270
1781254091.699034 -1.982763767 -0.187363341 -3.019393444 0.010902969 0.997923076 -0.060501561 0.019243378
1781254091.732406 -1.989992857 -0.183890715 -3.019468546 0.011395470 0.997977316 -0.061595194 0.010839848
1781254091.765778 -1.998663187 -0.186139926 -3.017124891 0.011109991 0.998083234 -0.060852427 0.001841599
1781254091.799150 -2.010105133 -0.186707124 -3.013825655 -0.010635679 -0.998103559 0.060418412 0.005082537
1781254091.832521 -2.018818140 -0.185192555 -3.011537790 -0.010462401 -0.998007596 0.060879361 0.012849129
1781254091.865892 -2.024637222 -0.184076771 -3.010334492 -0.010865952 -0.997835279 0.061236676 0.021375138
1781254091.899264 -2.033731461 -0.185395613 -3.008307219 -0.010928521 -0.997662246 0.060753532 0.029320532
1781254091.932635 -2.042151213 -0.184589401 -3.005038023 -0.010993418 -0.997379541 0.060974322 0.037354004
1781254091.966007 -2.049819946 -0.184044898 -3.001616955 -0.010920847 -0.997066677 0.061087262 0.044802457
1781254091.999378 -2.059622765 -0.184793726 -2.998946667 -0.010976784 -0.996730268 0.060802292 0.052072026
1781254092.032750 -2.066864967 -0.182061061 -2.996876478 -0.010787294 -0.996232808 0.061738361 0.059935760
1781254092.066121 -2.071335316 -0.183071986 -2.993058681 -0.010449573 -0.995771527 0.060971934 0.067914814
1781254092.099492 -2.075505733 -0.182157412 -2.990442276 -0.010791336 -0.995038271 0.061222777 0.077680103
1781254092.132863 -2.085363865 -0.184138060 -2.985634565 -0.010237432 -0.994485855 0.060460947 0.085074313
1781254092.166234 -2.090448141 -0.180627123 -2.982728481 -0.010774981 -0.993586540 0.061518323 0.094261490
1781254092.199605 -2.099394798 -0.182383701 -2.977365971 -0.010718592 -0.992947042 0.060421109 0.101442628
1781254092.232975 -2.100909710 -0.181718543 -2.976170063 -0.010576163 -0.991735518 0.060924444 0.112414740
1781254092.266346 -2.112454176 -0.179767981 -2.973328590 -0.010826213 -0.990988255 0.061226103 0.118644550
1781254092.299717 -2.119132280 -0.178657293 -2.968215227 -0.010596351 -0.989937603 0.061435204 0.127031609
1781254092.333087 -2.122636795 -0.178801909 -2.964829445 -0.010838657 -0.988766253 0.061375428 0.135856211
1781254092.366458 -2.128243446 -0.175265059 -2.961185694 -0.010750326 -0.987644970 0.062384676 0.143352970
1781254092.399828 -2.134148598 -0.175470620 -2.956900835 -0.010898513 -0.986264765 0.062340014 0.152567297
1781254092.433199 -2.126887321 -0.177672774 -2.954049587 -0.010635054 -0.984480977 0.061560292 0.163995296
1781254092.466569 -2.132925510 -0.175446361 -2.950084686 -0.010913524 -0.983186841 0.062143393 0.171355814
1781254092.499939 -2.137480736 -0.174874499 -2.945391655 -0.010658506 -0.981747031 0.062239170 0.179403141
1781254092.533309 -2.141991377 -0.175029770 -2.940702438 -0.010891627 -0.980413556 0.061615560 0.186746374
1781254092.566678 -2.153000832 -0.172625422 -2.935839415 -0.011156427 -0.979149342 0.062278818 0.193037391
1781254092.600048 -2.157598972 -0.173930153 -2.930640221 -0.010869582 -0.977642238 0.061676245 0.200732887
1781254092.633417 -2.158096313 -0.170997202 -2.926508188 -0.011201536 -0.975657761 0.062261783 0.209976196
1781254092.666786 -2.165870190 -0.169893920 -2.922503471 -0.011046389 -0.974089324 0.062667601 0.217027247
1781254092.700155 -2.166436195 -0.170155197 -2.916932583 -0.011567766 -0.972013950 0.062175479 0.226250738
1781254092.733526 -2.175913334 -0.169055015 -2.910358906 -0.011739055 -0.970437646 0.062256575 0.232888803
1781254092.766895 -2.177781105 -0.166727901 -2.907486916 -0.011079492 -0.968351662 0.062618367 0.241353005
1781254092.800264 -2.185671329 -0.164300770 -2.901840687 -0.011143541 -0.966510177 0.063088454 0.248503074
1781254092.833632 -2.191051960 -0.162923634 -2.895570993 -0.010793885 -0.964576840 0.063193403 0.255893886
1781254092.867001 -2.196433067 -0.161534667 -2.889795065 -0.010728543 -0.962235093 0.063545726 0.264481604
1781254092.900370 -2.201833725 -0.160675079 -2.883310080 -0.011363139 -0.960178435 0.063438438 0.271852672
1781254092.933738 -2.207410574 -0.162740141 -2.875848770 -0.011696322 -0.958183885 0.062495776 0.279000252
1781254092.967107 -2.215065479 -0.160932660 -2.868966103 -0.011364703 -0.955958545 0.062712975 0.286498249
1781254093.000475 -2.217958927 -0.159859478 -2.862510920 -0.011706349 -0.953226864 0.062582180 0.295474142
1781254093.033844 -2.226750374 -0.157860219 -2.855220079 -0.011593062 -0.950874805 0.062797517 0.302917957
1781254093.067212 -2.233286619 -0.159065098 -2.848002672 -0.011667396 -0.948291659 0.062139511 0.311039448
1781254093.100580 -2.240834951 -0.156952560 -2.839968920 -0.011251731 -0.945931971 0.062274303 0.318132102
1781254093.133948 -2.249944210 -0.154950589 -2.833862305 -0.010862641 -0.943090796 0.062835097 0.326364070
1781254093.167316 -2.256852150 -0.155832738 -2.825804472 -0.010659097 -0.940304220 0.062270328 0.334420115
1781254093.200684 -2.261961699 -0.155295968 -2.818155527 -0.010978471 -0.937382698 0.061875001 0.342585325
1781254093.234051 -2.267304420 -0.155134439 -2.809751987 -0.011049218 -0.934319615 0.061648138 0.350890815
1781254093.267419 -2.275953531 -0.153816521 -2.801714897 -0.010673421 -0.931810379 0.061924990 0.357464552
1781254093.300787 -2.281493425 -0.154093325 -2.792967558 -0.010669105 -0.928745687 0.061290689 0.365460217
1781254093.334154 -2.289008617 -0.154071361 -2.785032272 -0.011089697 -0.925516605 0.061154742 0.373572201
1781254093.367522 -2.293869257 -0.151111484 -2.779446602 -0.010750176 -0.922208250 0.062134229 0.381517708
1781254093.400889 -2.300786972 -0.147603214 -2.772753239 -0.009871126 -0.919464052 0.062605634 0.388032287
1781254093.434257 -2.304050207 -0.148130655 -2.765038013 -0.010467364 -0.915970385 0.062227640 0.396253109
1781254093.467625 -2.308987379 -0.145919293 -2.760343075 -0.009986891 -0.912299037 0.062753424 0.404565036
1781254093.500995 -2.314951897 -0.141859174 -2.751745701 -0.009431704 -0.908991754 0.063752376 0.411801755
1781254093.534365 -2.318271160 -0.144079477 -2.744815350 -0.010137003 -0.905612767 0.062717348 0.419320226
1781254093.567736 -2.321463108 -0.141337067 -2.737970352 -0.009700173 -0.902192354 0.062999777 0.426598161
1781254093.601106 -2.325290203 -0.141158372 -2.730818510 -0.009662222 -0.898059309 0.062856480 0.435253084
1781254093.634476 -2.326665401 -0.142323822 -2.726951838 -0.010209784 -0.894101918 0.062140062 0.443414271
1781254093.667846 -2.331419706 -0.140010655 -2.717242002 -0.009935346 -0.890949011 0.062592804 0.449659109
1781254093.701216 -2.332922459 -0.143921360 -2.709099054 -0.010851487 -0.887634635 0.061024625 0.456358373
1781254093.734586 -2.337810993 -0.141629547 -2.698743820 -0.010254961 -0.884548545 0.061280116 0.462291628
1781254093.767956 -2.339310169 -0.141672000 -2.693230629 -0.010434298 -0.880413115 0.061202664 0.470125765
1781254093.801326 -2.342779160 -0.149800181 -2.678392410 -0.011775646 -0.878182113 0.057525389 0.474708796
1781254093.834696 -2.346166611 -0.147809446 -2.671389341 -0.011254531 -0.874515533 0.057513282 0.481443971
1781254093.868065 -2.346971989 -0.149968296 -2.664245367 -0.011883494 -0.870642126 0.056490708 0.488518089
1781254093.901435 -2.348482370 -0.150604352 -2.657182932 -0.012133551 -0.866810501 0.056042098 0.495329916
1781254093.934804 -2.353126049 -0.148063585 -2.647000313 -0.011641044 -0.863407969 0.056459703 0.501202106
1781254093.968174 -2.356023073 -0.147637203 -2.638377666 -0.011658444 -0.860022902 0.055990141 0.507040322
1781254094.001543 -2.358261108 -0.144990176 -2.631112337 -0.011122340 -0.855988741 0.056654461 0.513760567
1781254094.034912 -2.358925343 -0.146425456 -2.624226332 -0.011528311 -0.852130115 0.055399008 0.520261765
1781254094.101651 -2.363577127 -0.146025151 -2.608543396 -0.011333734 -0.844814241 0.054956511 0.532109320
1781254094.135021 -2.368913174 -0.142699093 -2.598046541 -0.010583390 -0.841715753 0.055408973 0.536965966
1781254094.168390 -2.369962692 -0.143051222 -2.590088367 -0.010678420 -0.837912619 0.054833811 0.542938054
1781254094.201759 -2.372350216 -0.142814770 -2.581237555 -0.010669667 -0.834514618 0.054394960 0.548190475
1781254094.235127 -2.376027107 -0.140914932 -2.572542667 -0.010369199 -0.831200123 0.054780260 0.553170919
1781254094.268496 -2.378154516 -0.139479905 -2.563430309 -0.010318621 -0.828388333 0.054969635 0.557355106
1781254094.301865 -2.381629705 -0.138928548 -2.555962086 -0.009890381 -0.825368047 0.054588739 0.561862886
1781254094.335233 -2.383450985 -0.138440743 -2.547068119 -0.010130016 -0.822074115 0.054498438 0.566675782
1781254094.368602 -2.387391329 -0.137299448 -2.537584305 -0.009842954 -0.819406629 0.054306798 0.570549548
1781254094.401970 -2.388080359 -0.139118224 -2.530291080 -0.010552342 -0.816428363 0.053555772 0.574861109
1781254094.435339 -2.391404390 -0.136416778 -2.521043301 -0.009795738 -0.814063728 0.053875685 0.578188360
1781254094.468707 -2.393305302 -0.135752514 -2.514539719 -0.009513234 -0.811031342 0.053741295 0.582451403
1781254094.502121 -2.395930290 -0.134486631 -2.506283998 -0.009474945 -0.808616281 0.053462572 0.585825741
1781254094.535536 -2.396408796 -0.135219485 -2.498539448 -0.009556534 -0.806189179 0.053161576 0.589187205
1781254094.568951 -2.397971392 -0.134718522 -2.490561247 -0.009366223 -0.804473162 0.052745115 0.591568410
1781254094.602367 -2.399462938 -0.133901224 -2.482196808 -0.009348303 -0.802994430 0.052756220 0.593573451
1781254094.635783 -2.401174784 -0.132309660 -2.475077868 -0.008969783 -0.801586330 0.052881453 0.595468342
1781254094.669200 -2.401859283 -0.132649034 -2.466012001 -0.008985490 -0.800713301 0.052504010 0.596674800
1781254094.702617 -2.404357672 -0.131804094 -2.458613396 -0.008983538 -0.799401104 0.052630279 0.598420620
1781254094.736035 -2.405417919 -0.133573130 -2.450327158 -0.009306356 -0.798074961 0.051971070 0.600240588
1781254094.769453 -2.407500982 -0.131990299 -2.441506386 -0.009192142 -0.796375751 0.052123711 0.602481842
1781254094.802871 -2.409117222 -0.130087674 -2.432748795 -0.008794496 -0.795160830 0.052548606 0.604053497
1781254094.836292 -2.409486294 -0.131648824 -2.424537659 -0.009045958 -0.793648362 0.051453378 0.606129646
1781254094.869711 -2.410737514 -0.130291373 -2.415529251 -0.008913130 -0.791301429 0.051813424 0.609161735
1781254094.903131 -2.411531687 -0.129731521 -2.407825470 -0.009106295 -0.788199544 0.051695079 0.613177180
1781254094.936552 -2.411209583 -0.131658509 -2.397637844 -0.009710400 -0.786021590 0.050998483 0.616015494
1781254094.969973 -2.412094593 -0.130608901 -2.389620304 -0.009686181 -0.783145428 0.050955005 0.619671822
1781254095.003395 -2.413470984 -0.130003214 -2.380024433 -0.009580549 -0.780806184 0.050679151 0.622640848
1781254095.036817 -2.414484024 -0.128203347 -2.370167255 -0.009524646 -0.777658999 0.050582800 0.626575768
1781254095.070239 -2.414981365 -0.127740115 -2.359890461 -0.009473717 -0.774183631 0.050623983 0.630862296
1781254095.103662 -2.414983034 -0.127712578 -2.351036072 -0.009379055 -0.770160913 0.050084583 0.635811210
1781254095.137086 -2.413964272 -0.128525212 -2.341646671 -0.009753996 -0.766326487 0.049674410 0.640453875
1781254095.170510 -2.414922714 -0.128115624 -2.333016396 -0.009586968 -0.762634397 0.049282510 0.644878387
1781254095.203934 -2.413892984 -0.127745658 -2.323482513 -0.009888870 -0.758856475 0.049036983 0.649333894
1781254095.237359 -2.413694143 -0.127375573 -2.314597130 -0.009882529 -0.755196631 0.048951633 0.653593361
1781254095.270785 -2.414720774 -0.125729412 -2.303555965 -0.009681415 -0.751370311 0.048872165 0.657997310
1781254095.304211 -2.414523602 -0.124271788 -2.295951843 -0.009622103 -0.746411622 0.048984118 0.663609624
1781254095.337637 -2.413497448 -0.123265751 -2.285086632 -0.009493808 -0.742617071 0.048731960 0.667873561
1781254095.371064 -2.411931038 -0.124373935 -2.275834560 -0.009964171 -0.737866044 0.048049908 0.673160970
1781254095.404492 -2.411348343 -0.122536950 -2.266735077 -0.009641469 -0.733444273 0.048079934 0.677978516
1781254095.437920 -2.409562826 -0.122712784 -2.257826328 -0.009999715 -0.728015244 0.047917224 0.683811307
1781254095.471346 -2.408434868 -0.121831387 -2.249305487 -0.010002661 -0.722751737 0.047470495 0.689402997
1781254095.504805 -2.407339573 -0.122121334 -2.240939140 -0.009984565 -0.716605127 0.047043636 0.695819259
1781254095.538266 -2.405513763 -0.120752573 -2.231632471 -0.009799392 -0.710829437 0.046650492 0.701747298
1781254095.571726 -2.403883696 -0.119353198 -2.222661257 -0.009604070 -0.705507159 0.046581224 0.707105100
1781254095.605186 -2.403028011 -0.120154940 -2.214128733 -0.009930869 -0.699745536 0.046153612 0.712830603
1781254095.638648 -2.400346994 -0.118500486 -2.205139875 -0.009915241 -0.694557488 0.046132311 0.717888236
1781254095.672109 -2.398925066 -0.118259266 -2.198722124 -0.009706354 -0.688295066 0.045728851 0.723923087
1781254095.705571 -2.397329092 -0.117824525 -2.190353394 -0.009554239 -0.683082700 0.045391921 0.728866518
1781254095.739034 -2.393749475 -0.116362132 -2.178235292 -0.009429418 -0.678469062 0.045544166 0.733155251
1781254095.772497 -2.391326666 -0.116040923 -2.171472311 -0.009079468 -0.672703862 0.045269329 0.738470018
1781254095.805961 -2.388229609 -0.115415134 -2.163619041 -0.009244735 -0.668315828 0.044618029 0.742480874
1781254095.839425 -2.382941484 -0.115851805 -2.155834675 -0.009219381 -0.663729072 0.044344701 0.746600449
1781254095.872890 -2.380717754 -0.115446061 -2.148656845 -0.009178169 -0.660083592 0.044292681 0.749829054
1781254095.906355 -2.378410101 -0.114696659 -2.142262936 -0.008899321 -0.655573666 0.044157155 0.753786564
1781254095.939820 -2.375113487 -0.115626499 -2.135642052 -0.009089617 -0.651191056 0.043160871 0.757631004
1781254095.973287 -2.373274326 -0.114870489 -2.129808903 -0.008840414 -0.646590829 0.042954564 0.761575401
1781254096.006753 -2.370476723 -0.114904083 -2.123984575 -0.008759350 -0.642587721 0.042331800 0.764991701
1781254096.040220 -2.369623184 -0.113484763 -2.118669033 -0.008644314 -0.637958109 0.042501625 0.768848777
1781254096.073688 -2.365274191 -0.114305884 -2.111645222 -0.008644936 -0.633907974 0.042017233 0.772217929
1781254096.107156 -2.361614943 -0.114097290 -2.105603218 -0.008541938 -0.629959166 0.041866083 0.775451958
1781254096.140625 -2.358208656 -0.112497956 -2.098029613 -0.008446393 -0.626469672 0.042034224 0.778265834
1781254096.174094 -2.356834888 -0.111281946 -2.092486858 -0.008539023 -0.622750103 0.042157166 0.781237662
1781254096.207564 -2.352638483 -0.111353412 -2.087032795 -0.008439891 -0.619040787 0.041615523 0.784210086
1781254096.241035 -2.351101637 -0.112012878 -2.081790447 -0.008786191 -0.614994168 0.041409340 0.787394643
1781254096.274506 -2.348520279 -0.110415280 -2.075852394 -0.008557834 -0.611154556 0.041789588 0.790360987
1781254096.307977 -2.344930172 -0.111667708 -2.071225643 -0.008912619 -0.607540727 0.041291259 0.793164551
1781254096.341449 -2.340264559 -0.111879729 -2.067028761 -0.009079652 -0.603559256 0.040849719 0.796219289
1781254096.374921 -2.337987900 -0.111464620 -2.061624289 -0.009008739 -0.599544108 0.040902656 0.799245119
1781254096.408394 -2.334565163 -0.110918067 -2.056007624 -0.009060018 -0.595407605 0.040631585 0.802344561
1781254096.441867 -2.330497026 -0.111794129 -2.050632715 -0.009325697 -0.591746271 0.040235624 0.805065632
1781254096.475338 -2.327827454 -0.109805040 -2.045090914 -0.008875972 -0.587904453 0.040286951 0.807877839
1781254096.508710 -2.323634624 -0.109742455 -2.039706469 -0.009100568 -0.583635449 0.040152844 0.810971379
1781254096.542083 -2.318048477 -0.109987505 -2.034357071 -0.009127680 -0.579215169 0.039704442 0.814156055
1781254096.575455 -2.314720154 -0.109645806 -2.028268576 -0.009333634 -0.574567318 0.039676968 0.817441821
1781254096.742316 -2.290257931 -0.109200634 -2.003484488 -0.009188556 -0.549850941 0.037823003 0.834355414
1781254096.775688 -2.286302090 -0.108461365 -2.000365973 -0.008836985 -0.543588161 0.037334841 0.838474810
1781254096.809060 -2.278871059 -0.109006360 -1.993079901 -0.009586909 -0.538459957 0.037396438 0.841766298
1781254096.842431 -2.273629665 -0.108755127 -1.989427686 -0.009383962 -0.532757521 0.036871821 0.845412314
1781254096.875803 -2.268868923 -0.107902616 -1.984850407 -0.009220812 -0.526877999 0.036607526 0.849102199
1781254096.909175 -2.263936281 -0.108374938 -1.981113076 -0.009473569 -0.521456063 0.036095209 0.852461696
1781254096.942548 -2.258281946 -0.107648306 -1.977193832 -0.009459264 -0.514780045 0.036220413 0.856504679
1781254096.975919 -2.251658916 -0.107846983 -1.972642183 -0.009477477 -0.509181499 0.035405394 0.859878421
1781254097.009291 -2.245471478 -0.108070463 -1.967230678 -0.009616945 -0.503598452 0.035108820 0.863170624
1781254097.042663 -2.241005659 -0.107070021 -1.963414431 -0.009509316 -0.498096168 0.034875363 0.866367996
1781254097.076034 -2.234861374 -0.107235678 -1.959468722 -0.009604488 -0.492038161 0.034348127 0.869842827
1781254097.109406 -2.227371693 -0.106922492 -1.956211805 -0.009503192 -0.485743999 0.034114208 0.873383522
1781254097.142777 -2.221777916 -0.106739402 -1.951467514 -0.009339458 -0.480148047 0.033679206 0.876490951
1781254097.176148 -2.216267109 -0.106024310 -1.948577642 -0.009319616 -0.474211842 0.033277974 0.879732311
1781254097.209519 -2.210428238 -0.104830667 -1.943613887 -0.009009968 -0.468242645 0.033057485 0.882935405
1781254097.242891 -2.204952002 -0.105108932 -1.939661264 -0.009235246 -0.461451083 0.032421663 0.886524916
1781254097.276262 -2.196219444 -0.105554700 -1.935033560 -0.009360956 -0.455708146 0.031771690 0.889512777
1781254097.309633 -2.188168526 -0.104596674 -1.930926085 -0.009259357 -0.449158192 0.031842675 0.892836630
1781254097.343004 -2.178401709 -0.103861764 -1.926788688 -0.009175646 -0.443192840 0.031470798 0.895826757
1781254097.376375 -2.172028542 -0.104327813 -1.923169255 -0.009164526 -0.436443746 0.030838653 0.899156272
1781254097.409746 -2.164531946 -0.103868574 -1.918605804 -0.009100470 -0.429620892 0.030074472 0.902462542
1781254097.443116 -2.158012629 -0.102885887 -1.915096164 -0.008911286 -0.422928363 0.030105932 0.905619025
1781254097.476488 -2.149408340 -0.103230841 -1.911711216 -0.008850203 -0.416600317 0.029864121 0.908556044
1781254097.509859 -2.141195774 -0.103221089 -1.906669259 -0.008762967 -0.410574108 0.029135136 0.911319554
1781254097.543230 -2.133200169 -0.102756068 -1.902385116 -0.008853268 -0.404212624 0.029325582 0.914152026
1781254097.576601 -2.126210690 -0.101314276 -1.897446394 -0.008492810 -0.398138106 0.028496534 0.916843474
1781254097.609972 -2.117677212 -0.102635458 -1.896068811 -0.008772550 -0.391272128 0.027928736 0.919809282
1781254097.643343 -2.108971357 -0.101529747 -1.889631033 -0.008549640 -0.385382384 0.027979868 0.922293127
1781254097.676714 -2.099985361 -0.100809842 -1.886963487 -0.008186546 -0.377698898 0.027432753 0.925485849
1781254097.710084 -2.091599703 -0.101288348 -1.882918715 -0.008683098 -0.370637804 0.027296571 0.928335667
1781254097.743455 -2.081390858 -0.101424962 -1.878665805 -0.008295926 -0.363876164 0.026689975 0.931027949
1781254097.776825 -2.074542046 -0.100176357 -1.876659751 -0.008108522 -0.356392473 0.026297731 0.933930993
1781254097.810195 -2.064442873 -0.099835090 -1.870348096 -0.008366388 -0.350281566 0.026105382 0.936243296
1781254097.843566 -2.055869579 -0.098895684 -1.868082166 -0.007917207 -0.342362046 0.025501482 0.939188659
1781254097.876936 -2.044566154 -0.098576680 -1.861565471 -0.007983279 -0.336423993 0.025272701 0.941337645
1781254097.910306 -2.033688068 -0.099363767 -1.860269904 -0.008099318 -0.328943759 0.025058731 0.943982303
1781254097.943676 -2.021330357 -0.101707563 -1.857532144 -0.008357243 -0.322098583 0.024411913 0.946354508
1781254097.977046 -2.013310432 -0.100391768 -1.855235100 -0.007682343 -0.315193772 0.024037998 0.948691785
1781254098.010416 -2.003489733 -0.100880608 -1.852119446 -0.008128545 -0.308588117 0.023540016 0.950869739
1781254098.043786 -1.991697192 -0.101999745 -1.849141598 -0.008362536 -0.299910337 0.023084562 0.953651428
1781254098.077156 -1.983280063 -0.098840073 -1.845727921 -0.007690927 -0.292598099 0.022917923 0.955929935
1781254098.110525 -1.972570658 -0.098341554 -1.841632724 -0.007481459 -0.286351323 0.022312179 0.957835674
1781254098.143895 -1.962888122 -0.100102253 -1.843683958 -0.007528593 -0.278188050 0.021796562 0.960249841
1781254098.177264 -1.949181318 -0.100426316 -1.838441968 -0.007718832 -0.273220718 0.021240307 0.961685896
1781254098.210634 -1.940316081 -0.099068202 -1.835013151 -0.007845700 -0.265264720 0.021333249 0.963907719
1781254098.244004 -1.930315733 -0.098097287 -1.832717419 -0.007133681 -0.257519305 0.020692753 0.966025293
1781254098.277373 -1.918991804 -0.099122860 -1.831696391 -0.007595364 -0.251394331 0.020292755 0.967642248
1781254098.310742 -1.906810284 -0.100030661 -1.828289986 -0.007829961 -0.244923487 0.020232884 0.969299734
1781254098.344112 -1.896656275 -0.099348061 -1.827007771 -0.007330650 -0.238022298 0.019599127 0.971034288
1781254098.377481 -1.882262945 -0.099986725 -1.827472448 -0.007263601 -0.231982395 0.019250970 0.972502410
1781254098.410850 -1.869964361 -0.100846298 -1.826215744 -0.007899066 -0.224265277 0.019088745 0.974309206
1781254098.444219 -1.860167265 -0.102260053 -1.829306722 -0.007614918 -0.215917751 0.018282143 0.976210713
1781254098.477589 -1.849359989 -0.100256875 -1.824471951 -0.007199922 -0.211591348 0.018031256 0.977165401
1781254098.510958 -1.838549972 -0.100569732 -1.821576238 -0.007508629 -0.205791816 0.017932056 0.978402734
1781254098.577697 -1.817297101 -0.100972444 -1.819965601 -0.007292126 -0.194693163 0.017264161 0.980685115
1781254098.611066 -1.806992531 -0.102080047 -1.819592595 -0.007301772 -0.189057365 0.016435338 0.981801391
1781254098.644436 -1.797259092 -0.100484498 -1.816141248 -0.007221199 -0.184864536 0.016149236 0.982604802
1781254098.677805 -1.787336946 -0.100857139 -1.815323591 -0.007070031 -0.179412439 0.015727885 0.983622849
1781254098.711174 -1.776203156 -0.100713611 -1.815087676 -0.007071339 -0.174757287 0.015580244 0.984462917
1781254098.744543 -1.766691327 -0.100900128 -1.812689900 -0.006751997 -0.169285476 0.015323818 0.985424876
1781254098.777911 -1.756526709 -0.102432057 -1.812868237 -0.007021502 -0.164128587 0.014799356 0.986302912
1781254098.811280 -1.747973442 -0.101461634 -1.811228633 -0.006805240 -0.158950150 0.014490931 0.987156868
1781254098.844649 -1.738401890 -0.100613683 -1.810131550 -0.006632281 -0.153761014 0.014298262 0.987982392
1781254098.878018 -1.728612661 -0.101792663 -1.810059905 -0.006767301 -0.149531305 0.013844213 0.988636971
1781254098.911386 -1.717937469 -0.102148779 -1.810100794 -0.006842203 -0.144727379 0.013485034 0.989356041
1781254098.944754 -1.709273696 -0.100955240 -1.807161212 -0.006570029 -0.141311273 0.013219623 0.989855170
1781254098.978123 -1.700195551 -0.101659328 -1.806818247 -0.006669138 -0.137833446 0.013036975 0.990347207
1781254099.011491 -1.691073298 -0.101654865 -1.805736661 -0.006628809 -0.134889439 0.012827405 0.990755439
1781254099.044860 -1.682210326 -0.102381162 -1.805865645 -0.006783379 -0.131630585 0.012586076 0.991195798
1781254099.078228 -1.673939943 -0.101830810 -1.804269433 -0.006457509 -0.127672210 0.012168817 0.991720796
1781254099.111596 -1.664991498 -0.102359980 -1.804248333 -0.006573342 -0.124416262 0.011721051 0.992139161
1781254099.144964 -1.655757785 -0.102261871 -1.803237915 -0.006655147 -0.121558033 0.011232490 0.992498457
1781254099.178332 -1.646404505 -0.102813549 -1.803700566 -0.006428210 -0.118974231 0.010778349 0.992818117
1781254099.211700 -1.637589097 -0.103091002 -1.801784039 -0.006655263 -0.116028838 0.010672432 0.993166208
1781254099.245068 -1.627307057 -0.102989160 -1.801294327 -0.006465791 -0.112519689 0.010578963 0.993572176
1781254099.278435 -1.618971348 -0.102947406 -1.799362659 -0.006389061 -0.109695084 0.010353148 0.993890882
1781254099.311803 -1.610089540 -0.103344589 -1.798819542 -0.006574661 -0.107342064 0.010207799 0.994148016
1781254099.345170 -1.600190878 -0.103418574 -1.798829913 -0.006496069 -0.104359753 0.009772248 0.994470417
1781254099.378537 -1.591105342 -0.102093965 -1.796925187 -0.006255086 -0.101748295 0.009713324 0.994743109
1781254099.411905 -1.581373811 -0.102055490 -1.795377016 -0.006290516 -0.099029243 0.009469766 0.995019615
1781254099.445272 -1.571936011 -0.102422416 -1.794297218 -0.006304633 -0.096077897 0.009420970 0.995309293
1781254099.478639 -1.561802745 -0.102238201 -1.793286920 -0.006230644 -0.093811527 0.008944647 0.995530307
1781254099.512011 -1.552341938 -0.103108250 -1.792928696 -0.006565013 -0.092605017 0.008882632 0.995641649
1781254099.545382 -1.544308662 -0.102724664 -1.790195465 -0.006372201 -0.090832718 0.008835113 0.995806575
1781254099.578754 -1.534945369 -0.103010885 -1.789715171 -0.006492632 -0.089618891 0.008689404 0.995917082
1781254099.612125 -1.526122093 -0.103033446 -1.789008856 -0.006481020 -0.088547938 0.008456445 0.996014953
1781254099.645497 -1.517029405 -0.102661721 -1.788045168 -0.006353499 -0.088723838 0.008607415 0.995998800
1781254099.678868 -1.510308743 -0.101956271 -1.784182668 -0.006146803 -0.088815637 0.008380345 0.995993912
1781254099.712239 -1.501694202 -0.102180578 -1.782431006 -0.006197487 -0.089349724 0.008391467 0.995945692
1781254099.745611 -1.492597818 -0.102675706 -1.781303048 -0.006111704 -0.089959554 0.008620395 0.995889425
1781254099.778982 -1.484513283 -0.102316417 -1.778267741 -0.006108521 -0.091601074 0.008892517 0.995737314
1781254099.812353 -1.476732492 -0.101647690 -1.775283098 -0.006148648 -0.092804059 0.008747039 0.995627046
1781254099.845724 -1.468860626 -0.102376945 -1.774810076 -0.006240354 -0.093025126 0.009164189 0.995602071
1781254099.879094 -1.461217523 -0.102239862 -1.770838499 -0.006226803 -0.097002663 0.008822149 0.995225608
1781254099.945836 -1.446709394 -0.100518875 -1.763896227 -0.006013528 -0.101570532 0.009674068 0.994763136
1781254099.979206 -1.441296339 -0.100056343 -1.758577347 -0.005966086 -0.103631139 0.009452895 0.994553030
1781254100.012577 -1.433301210 -0.101465978 -1.757599950 -0.006574084 -0.106369995 0.009571412 0.994258821
1781254100.045947 -1.424889088 -0.101151921 -1.755194426 -0.006576849 -0.108836785 0.009852933 0.993989050
1781254100.079317 -1.419234157 -0.100513950 -1.751380682 -0.006455608 -0.111498408 0.010133772 0.993691981
1781254100.112688 -1.412282228 -0.099844977 -1.748023272 -0.006307475 -0.114743069 0.009871990 0.993326187
1781254100.146058 -1.404396892 -0.100090504 -1.745929480 -0.006533103 -0.116680726 0.010152127 0.993096113
1781254100.179428 -1.396893263 -0.100487195 -1.743044734 -0.006524001 -0.117976986 0.010061573 0.992943943
1781254100.212798 -1.390918970 -0.099570706 -1.739908218 -0.006458777 -0.120754220 0.010437777 0.992606580
1781254100.246168 -1.384895444 -0.099325523 -1.736888170 -0.006582106 -0.124206387 0.010597330 0.992177963
1781254100.279538 -1.378544807 -0.098431326 -1.731868863 -0.006399143 -0.127178594 0.010668200 0.991801858
1781254100.312908 -1.370000362 -0.099603169 -1.730886221 -0.006631257 -0.130176097 0.010641368 0.991411626
1781254100.346277 -1.364114165 -0.099204548 -1.726589322 -0.006491564 -0.132809371 0.010917364 0.991060257
1781254100.379647 -1.357288003 -0.098643601 -1.722953558 -0.006173539 -0.136630699 0.011220158 0.990539312
1781254100.413017 -1.352700830 -0.097840585 -1.718004227 -0.006405723 -0.140235960 0.010909174 0.990037322
1781254100.446388 -1.343694448 -0.099036701 -1.715879440 -0.006642037 -0.142111957 0.011366700 0.989763081
1781254100.479758 -1.336681128 -0.098127231 -1.711681008 -0.006237232 -0.144965485 0.011280832 0.989352822
1781254100.513126 -1.330193877 -0.098132931 -1.707736254 -0.006706316 -0.148146763 0.011596938 0.988874733
1781254100.546495 -1.323343873 -0.097556226 -1.704587579 -0.006603966 -0.150715590 0.011783970 0.988484919
1781254100.579864 -1.317523599 -0.095479496 -1.699871659 -0.006106046 -0.152981639 0.011903868 0.988138497
1781254100.613232 -1.309450030 -0.096915998 -1.697731614 -0.006473720 -0.155587271 0.012207666 0.987725496
1781254100.646601 -1.303678870 -0.095880426 -1.693475962 -0.006368655 -0.158373073 0.012440932 0.987280488
1781254100.679969 -1.296790838 -0.095981970 -1.689008117 -0.006473991 -0.161406174 0.012375896 0.986789286
1781254100.713338 -1.289803386 -0.095541380 -1.684949279 -0.006423077 -0.164122954 0.012911493 0.986334503
1781254100.746706 -1.281948924 -0.096285984 -1.681739092 -0.006614655 -0.167309791 0.012583826 0.985801935
1781254100.780074 -1.276845813 -0.094724000 -1.676855445 -0.006405542 -0.170272827 0.013128767 0.985288739
1781254100.813442 -1.269690275 -0.094683759 -1.672203064 -0.006623982 -0.173437491 0.013447217 0.984730780
1781254100.846810 -1.262435317 -0.094444998 -1.667592645 -0.006468647 -0.175718755 0.013322669 0.984329045
1781254100.880178 -1.254879594 -0.094364911 -1.664038420 -0.006588877 -0.177892014 0.013444029 0.983936191
1781254100.913546 -1.247547746 -0.094074197 -1.660099626 -0.006627510 -0.180466175 0.013960451 0.983459830
1781254100.946913 -1.238492250 -0.094496846 -1.656718254 -0.006650698 -0.184501648 0.013503630 0.982716978
1781254100.980281 -1.230611801 -0.094557486 -1.653035283 -0.006909030 -0.186694190 0.013955940 0.982294738
1781254101.047016 -1.215468526 -0.093146108 -1.643225074 -0.006579293 -0.190511703 0.014220993 0.981559873
1781254101.080383 -1.207432151 -0.092707835 -1.638155460 -0.006573216 -0.193331435 0.014556073 0.981003523
1781254101.180485 -1.185977340 -0.090808608 -1.621637225 -0.006403824 -0.202354386 0.014594831 0.979182720
1781254101.213853 -1.177231193 -0.091596648 -1.616919041 -0.006733277 -0.205307424 0.014992877 0.978559613
1781254101.247220 -1.170100689 -0.091479905 -1.612216949 -0.006680721 -0.208477139 0.015181643 0.977886617
1781254101.313953 -1.154596925 -0.091389000 -1.601951838 -0.006839116 -0.215429544 0.015427154 0.976373613
1781254101.347320 -1.149409771 -0.090571269 -1.597369790 -0.006879147 -0.217307538 0.015801564 0.975951076
1781254101.380686 -1.144340992 -0.089608990 -1.590918422 -0.006423727 -0.220340490 0.015876336 0.975272715
1781254101.414052 -1.138242126 -0.089105211 -1.585093379 -0.006594764 -0.226051077 0.015600236 0.973968267
1781254101.447419 -1.132282972 -0.089128800 -1.580731273 -0.006878208 -0.228319883 0.016116546 0.973428488
1781254101.580895 -1.108762264 -0.088314861 -1.557832479 -0.007025004 -0.244381219 0.016590171 0.969511867
1781254101.614265 -1.103665471 -0.087347835 -1.552478552 -0.007019138 -0.248743623 0.016981827 0.968395054
1781254101.681004 -1.092299700 -0.087013140 -1.539393187 -0.007142058 -0.257407576 0.017245857 0.966122627
1781254101.714374 -1.086853147 -0.087319635 -1.534591317 -0.007252243 -0.261975229 0.017179320 0.964894474
1781254101.747743 -1.081520438 -0.086520366 -1.527749777 -0.007375186 -0.266599715 0.017769122 0.963615358
1781254101.781113 -1.076209664 -0.085715778 -1.522342682 -0.007328014 -0.270545602 0.018179428 0.962507665
1781254101.814482 -1.070395231 -0.086340517 -1.516709566 -0.007483528 -0.274741769 0.018321950 0.961314380
1781254101.847852 -1.064314365 -0.086324923 -1.509056449 -0.007476666 -0.279956520 0.018746292 0.959800601
1781254101.881222 -1.061071992 -0.085181139 -1.502384067 -0.007233973 -0.285600990 0.018872103 0.958135486
1781254101.914590 -1.056106567 -0.084381379 -1.495790243 -0.007454033 -0.289422363 0.019353390 0.956976831
1781254101.947959 -1.051964998 -0.083749726 -1.489323735 -0.007125852 -0.293667465 0.019946061 0.955673039
1781254101.981328 -1.045991302 -0.083993942 -1.481064200 -0.007591904 -0.300255865 0.020251703 0.953613520
1781254102.014697 -1.043484211 -0.082689025 -1.473071814 -0.007416585 -0.307417601 0.020473909 0.951325536
1781254102.048066 -1.039538741 -0.082661502 -1.465596318 -0.007497974 -0.313773304 0.021130573 0.949233174
1781254102.081434 -1.037576675 -0.081117250 -1.457305789 -0.007080535 -0.320700675 0.021454180 0.946911156
1781254102.114803 -1.033384800 -0.080484644 -1.448896766 -0.007226194 -0.327561229 0.022136487 0.944543004
1781254102.148171 -1.032390833 -0.080275901 -1.442639470 -0.007222556 -0.334347516 0.022346504 0.942157209
1781254102.181540 -1.027916551 -0.080210477 -1.434793234 -0.007303454 -0.341869116 0.022724513 0.939444423
1781254102.214908 -1.024653316 -0.080241092 -1.427165031 -0.007437520 -0.348240972 0.023073386 0.937091589
1781254102.248276 -1.023805380 -0.078887939 -1.420678973 -0.007270286 -0.353765458 0.023464898 0.935011506
1781254102.281644 -1.019144535 -0.079654001 -1.413135052 -0.007519053 -0.359846294 0.023827713 0.932676971
1781254102.315012 -1.017964363 -0.078154460 -1.405766845 -0.007328775 -0.365712285 0.024292413 0.930382013
1781254102.348380 -1.015552878 -0.077640548 -1.397948861 -0.007119864 -0.372356504 0.024558630 0.927737534
1781254102.381748 -1.012285471 -0.078153528 -1.391037583 -0.007441738 -0.378388017 0.024659220 0.925288618
1781254102.415116 -1.010740280 -0.076831974 -1.383729577 -0.007269199 -0.383802265 0.025279563 0.923040628
1781254102.448484 -1.007236719 -0.077190042 -1.376307964 -0.007485452 -0.389862925 0.025635583 0.920485616
1781254102.481852 -1.005732179 -0.076578572 -1.369204402 -0.007539929 -0.395742118 0.025831932 0.917967379
1781254102.515220 -1.002561331 -0.076485336 -1.361601830 -0.007653697 -0.400935352 0.026488859 0.915691376
1781254102.548589 -1.002841234 -0.075709648 -1.354916215 -0.007487705 -0.406139404 0.026731677 0.913389385
1781254102.581957 -1.000607848 -0.075442895 -1.347883224 -0.007560589 -0.412120312 0.026894301 0.910701036
1781254102.615325 -0.998862207 -0.074523903 -1.339736819 -0.007428116 -0.418085933 0.027361225 0.907964945
1781254102.648692 -0.997267544 -0.074384406 -1.331507564 -0.007620702 -0.424124956 0.027618326 0.905150414
1781254102.682060 -0.995784581 -0.073292360 -1.323234677 -0.007783202 -0.430207282 0.028302243 0.902252853
1781254102.715427 -0.994555533 -0.073120765 -1.315379977 -0.007866218 -0.435656667 0.028742407 0.899619520
1781254102.748795 -0.991637707 -0.073319875 -1.307050347 -0.007639422 -0.442279100 0.028436312 0.896394074
1781254102.782162 -0.990312934 -0.072233327 -1.299471855 -0.007815311 -0.447973430 0.029060328 0.893540323
1781254102.815530 -0.988181412 -0.072441690 -1.291760683 -0.008150688 -0.451622933 0.029333564 0.891689301
1781254102.848897 -0.986345530 -0.071372189 -1.283988714 -0.007799060 -0.455459088 0.029666053 0.889728129
1781254102.882264 -0.984675527 -0.070684426 -1.276217461 -0.007879201 -0.459578067 0.029815936 0.887601852
1781254102.915631 -0.982115805 -0.070095867 -1.269221783 -0.008018775 -0.463309556 0.030317809 0.885641515
1781254102.948998 -0.980699360 -0.069900297 -1.261818051 -0.007929297 -0.467534870 0.030362859 0.883417428
1781254102.982365 -0.977306366 -0.069775879 -1.253181458 -0.008255512 -0.472704917 0.030724941 0.880646288
1781254103.015731 -0.977556646 -0.068600766 -1.246390581 -0.007984608 -0.476950735 0.030851886 0.878352106
1781254103.049098 -0.974292696 -0.068996564 -1.237722516 -0.008545062 -0.481372654 0.031494252 0.875908375
1781254103.082465 -0.974705100 -0.067378290 -1.231225610 -0.008467101 -0.484927833 0.031803761 0.873934746
1781254103.115831 -0.972808897 -0.066484824 -1.223164439 -0.008391963 -0.488380671 0.032137286 0.871998370
1781254103.149198 -0.971104622 -0.066822998 -1.216522813 -0.008595441 -0.492649108 0.032214936 0.869589150
1781254103.182564 -0.970175743 -0.066675313 -1.208350658 -0.009111024 -0.496454835 0.032498833 0.867406189
1781254103.215930 -0.969165564 -0.066691093 -1.200920463 -0.009046753 -0.500538945 0.032451291 0.865058303
1781254103.249297 -0.968750834 -0.065663889 -1.192669034 -0.009176929 -0.505661070 0.032774337 0.862060666
1781254103.282663 -0.967698038 -0.065206692 -1.184008956 -0.009515519 -0.510384440 0.033322003 0.859247923
1781254103.316029 -0.967296779 -0.064578757 -1.176456690 -0.009381535 -0.513704896 0.033413280 0.857264817
1781254103.349395 -0.965762019 -0.064139038 -1.169023633 -0.009545414 -0.517467260 0.033802703 0.854981840
1781254103.382761 -0.965304077 -0.063844144 -1.161506295 -0.009627496 -0.521559536 0.033967927 0.852484167
1781254103.416126 -0.964269280 -0.063585646 -1.153578401 -0.009526226 -0.526074827 0.034084707 0.849701583
1781254103.449492 -0.963777244 -0.062779248 -1.145767808 -0.009668223 -0.530450583 0.034399893 0.846962512
1781254103.482858 -0.963436186 -0.062267926 -1.138261795 -0.009840894 -0.535073400 0.034719411 0.844034553
1781254103.516229 -0.963893473 -0.061516456 -1.129461884 -0.009823955 -0.539566457 0.035195377 0.841149747
1781254103.549600 -0.962327540 -0.061750747 -1.122316837 -0.009822304 -0.543925464 0.035374686 0.838329971
1781254103.582970 -0.962617397 -0.061283208 -1.114649177 -0.009993836 -0.548167050 0.035328638 0.835562706
1781254103.716452 -0.958564997 -0.059196904 -1.083027601 -0.010079616 -0.561521590 0.036074195 0.826613963
1781254103.749822 -0.956751227 -0.059618872 -1.075801492 -0.010006441 -0.562802196 0.036166981 0.825739443
1781254103.783192 -0.956180692 -0.057700932 -1.067462087 -0.009895214 -0.565797269 0.036603931 0.823672116
1781254103.816562 -0.956461668 -0.057419963 -1.061851263 -0.009897633 -0.568749487 0.036579732 0.821637452
1781254103.849933 -0.955633879 -0.057378694 -1.053909540 -0.010323256 -0.572012603 0.036853965 0.819351494
1781254103.883303 -0.956301272 -0.056669746 -1.046705365 -0.010097756 -0.575063705 0.036960598 0.817210913
1781254103.916673 -0.955329001 -0.056294784 -1.040242195 -0.010360354 -0.578068733 0.037153970 0.815075994
1781254103.950043 -0.956275642 -0.055162072 -1.032866836 -0.010340920 -0.581426859 0.037582256 0.812664509
1781254103.983413 -0.956095874 -0.055716615 -1.026172400 -0.010460920 -0.584773242 0.037616704 0.810256660
1781254104.016783 -0.956013560 -0.055031229 -1.018820286 -0.010427274 -0.588102996 0.037800014 0.807835042
1781254104.050153 -0.957956791 -0.053874046 -1.012034178 -0.010596421 -0.591336608 0.038263738 0.805446863
1781254104.083522 -0.957400441 -0.053501405 -1.004626989 -0.010477881 -0.595393658 0.038318723 0.802451491
1781254104.116892 -0.958113074 -0.052900348 -0.998027384 -0.010792996 -0.599059105 0.038686436 0.799696922
1781254104.150261 -0.960337698 -0.052327719 -0.991422653 -0.010504004 -0.602030694 0.038476963 0.797476232
1781254104.183630 -0.961150110 -0.051252868 -0.983496308 -0.010675688 -0.605409443 0.039158821 0.794878662
1781254104.217000 -0.961697698 -0.050740529 -0.976585269 -0.010536035 -0.610543549 0.039261021 0.790938854
1781254104.250369 -0.962950170 -0.050336059 -0.970471978 -0.010573411 -0.613974392 0.039135102 0.788284302
1781254104.283738 -0.965014279 -0.050152536 -0.963618934 -0.010798591 -0.616774142 0.039609686 0.786068857
1781254104.317107 -0.964832425 -0.050054606 -0.956839502 -0.010728243 -0.620307684 0.039540969 0.783287823
1781254104.350476 -0.966920376 -0.048867591 -0.949689627 -0.010808885 -0.624118745 0.039764844 0.780242085
1781254104.383845 -0.967614114 -0.049118228 -0.941796839 -0.011126784 -0.627836823 0.039938137 0.777240098
1781254104.417214 -0.968836844 -0.048580192 -0.935839713 -0.010878562 -0.631199241 0.040070243 0.774508655
1781254104.450583 -0.969526768 -0.048410468 -0.929116905 -0.011069643 -0.634878874 0.040021021 0.771495104
1781254104.483952 -0.970933497 -0.047639068 -0.921392620 -0.011120661 -0.638561785 0.040345855 0.768431842
1781254104.517323 -0.972650468 -0.047111213 -0.914394379 -0.011022851 -0.641858995 0.040654361 0.765664935
1781254104.550694 -0.974056125 -0.046644814 -0.907409668 -0.011157499 -0.645392299 0.040787317 0.762679875
1781254104.584065 -0.976761937 -0.045363732 -0.899775326 -0.010633478 -0.649300873 0.040957246 0.759353638
1781254104.617436 -0.979377031 -0.044537093 -0.893528104 -0.010634980 -0.653117478 0.041050062 0.756068408
1781254104.650808 -0.981377184 -0.043928698 -0.885430396 -0.010785591 -0.656848729 0.041394051 0.752808154
1781254104.684179 -0.982490063 -0.043527566 -0.877521634 -0.010476011 -0.661090791 0.041399680 0.749089658
1781254104.717550 -0.985211074 -0.043467678 -0.869595766 -0.010682123 -0.665294707 0.041711718 0.745338202
1781254104.750921 -0.987406671 -0.043046486 -0.862044573 -0.010605751 -0.668667257 0.041821022 0.742309034
1781254104.784292 -0.989023805 -0.042315610 -0.854300797 -0.010676921 -0.671886384 0.041968174 0.739387214
1781254104.817662 -0.991105020 -0.041180886 -0.847179055 -0.010265984 -0.675036550 0.042143673 0.736508131
1781254104.851033 -0.991297126 -0.041367769 -0.837812781 -0.010611220 -0.678632081 0.042730290 0.733157575
1781254104.884403 -0.993657231 -0.040307753 -0.830826163 -0.010140849 -0.682377160 0.042696036 0.729681849
1781254104.917774 -0.996519506 -0.040391296 -0.823288083 -0.010555971 -0.686055779 0.042830791 0.726210535
1781254104.951144 -0.998945475 -0.039455947 -0.815823436 -0.010391778 -0.689203858 0.043172214 0.723205566
1781254104.984514 -1.000122786 -0.039070934 -0.806607604 -0.010686687 -0.692892075 0.043506961 0.719648302
1781254105.017884 -1.003135324 -0.038581103 -0.799794495 -0.010495348 -0.696676612 0.043496482 0.715988576
1781254105.051255 -1.005571604 -0.037914429 -0.791993737 -0.010583299 -0.699884474 0.043848321 0.712830305
1781254105.084625 -1.008289337 -0.036778692 -0.784279227 -0.010203274 -0.703133881 0.043823484 0.709632456
1781254105.117995 -1.010848284 -0.036447424 -0.775584579 -0.010450798 -0.706524849 0.044181716 0.706230462
1781254105.151365 -1.014263868 -0.035806503 -0.769593596 -0.010404523 -0.709878087 0.044574298 0.702835739
1781254105.184735 -1.015933037 -0.036091663 -0.760688603 -0.010416500 -0.714083970 0.044652056 0.698556960
1781254105.218105 -1.019893885 -0.034650899 -0.753855526 -0.010467049 -0.717649400 0.044795334 0.694883645
1781254105.251474 -1.023061752 -0.034499951 -0.746274352 -0.010590542 -0.720365763 0.045046192 0.692049026
1781254105.284844 -1.026401520 -0.034453299 -0.737964511 -0.010555864 -0.723463833 0.045205865 0.688799798
1781254105.318214 -1.030149698 -0.033103801 -0.731037855 -0.010450110 -0.727554500 0.045472119 0.684461534
1781254105.351584 -1.034464359 -0.032680482 -0.723128557 -0.010459858 -0.732159555 0.045727294 0.679516077
1781254105.384954 -1.038154840 -0.032361936 -0.713919282 -0.010316331 -0.736277878 0.045602985 0.675062060
1781254105.418324 -1.042993307 -0.030795176 -0.706862032 -0.010767054 -0.739250004 0.046361670 0.671747148
1781254105.451693 -1.046044588 -0.031037875 -0.698159695 -0.010723991 -0.742394030 0.046632599 0.668252647
1781254105.485063 -1.049236059 -0.030890383 -0.691162765 -0.010524989 -0.745997310 0.046421081 0.664245784
1781254105.518434 -1.053452015 -0.029320460 -0.683491051 -0.010350925 -0.749369442 0.046793431 0.660415649
1781254105.551805 -1.056753159 -0.029189926 -0.676106751 -0.010425630 -0.752061844 0.047155380 0.657320797
1781254105.585177 -1.060351372 -0.028529130 -0.667596877 -0.010319781 -0.755057871 0.047462590 0.653856635
1781254105.618548 -1.063872337 -0.028246351 -0.660606742 -0.010490881 -0.758241117 0.047499966 0.650157094
1781254105.651919 -1.068232894 -0.027132422 -0.654441893 -0.010573025 -0.760317683 0.048005197 0.647688866
1781254105.685291 -1.070802927 -0.026921757 -0.645150661 -0.010518957 -0.762870967 0.048062805 0.644676030
1781254105.718662 -1.074086905 -0.027094148 -0.637902796 -0.010575621 -0.765575707 0.048030585 0.641463280
1781254105.752033 -1.077183008 -0.026183628 -0.630354464 -0.010285826 -0.767762423 0.048202660 0.638836145
1781254105.785404 -1.081686497 -0.025669500 -0.622622669 -0.010536928 -0.770326674 0.048379954 0.635724127
1781254105.818775 -1.084404945 -0.025708087 -0.614848375 -0.010573493 -0.772338688 0.048223399 0.633289456
1781254105.852146 -1.088973045 -0.024161108 -0.609222651 -0.010168750 -0.773942530 0.048515595 0.631312788
1781254105.885517 -1.091038108 -0.024098858 -0.600316465 -0.010297485 -0.775502026 0.048646208 0.629383922
1781254105.918888 -1.096134186 -0.023480415 -0.592262268 -0.010457585 -0.776836872 0.048787076 0.627722085
1781254105.952258 -1.099066973 -0.023184247 -0.584885716 -0.010824276 -0.777919173 0.048870713 0.626367569
1781254105.985629 -1.101988435 -0.022553630 -0.576930940 -0.010665168 -0.778584123 0.048795920 0.625549436
1781254106.019000 -1.105419636 -0.021325067 -0.569586813 -0.010490080 -0.778365433 0.048855513 0.625819802
1781254106.052371 -1.109503150 -0.020951465 -0.563220680 -0.010541978 -0.777967155 0.048834559 0.626315534
1781254106.085742 -1.110803127 -0.021822266 -0.553854287 -0.010757708 -0.777237356 0.048476029 0.627245128
1781254106.119112 -1.114927530 -0.019364841 -0.548242986 -0.010574913 -0.775734305 0.048533496 0.629101694
1781254106.185853 -1.119705439 -0.018478617 -0.532388926 -0.010600189 -0.772569001 0.048302446 0.633002102
1781254106.219223 -1.121394396 -0.017576486 -0.525817096 -0.010458085 -0.769552946 0.048123848 0.636681259
1781254106.252593 -1.121752620 -0.017583817 -0.516041934 -0.010446344 -0.765952110 0.047927644 0.641023636
1781254106.285963 -1.123886228 -0.017526671 -0.508578777 -0.010490838 -0.762254953 0.047787081 0.645425320
1781254106.319334 -1.124077916 -0.015772536 -0.501711309 -0.010415576 -0.758483708 0.047665026 0.649863183
1781254106.352704 -1.124814987 -0.015531488 -0.492598236 -0.010219659 -0.753902197 0.047134664 0.655214071
1781254106.386074 -1.123785138 -0.015714370 -0.484933257 -0.010653004 -0.749231935 0.047020633 0.660550654
1781254106.419443 -1.124290705 -0.017069638 -0.478624642 -0.010602566 -0.743772805 0.046430033 0.666733801
1781254106.452813 -1.125924110 -0.015227214 -0.472488165 -0.010499919 -0.738555014 0.046263617 0.672522187
1781254106.486183 -1.125178099 -0.014969729 -0.464771807 -0.010422031 -0.732963443 0.045993574 0.678631544
1781254106.519555 -1.125865936 -0.015098512 -0.458105624 -0.010400658 -0.727647901 0.045417070 0.684366643
1781254106.552926 -1.125610113 -0.015096113 -0.452115178 -0.010487279 -0.721928358 0.045270149 0.690405846
1781254106.586298 -1.124304056 -0.014342003 -0.444276154 -0.010232307 -0.716315985 0.044595480 0.696274400
1781254106.619669 -1.122799993 -0.012297601 -0.436964273 -0.009845356 -0.710018754 0.044414364 0.702711821
1781254106.653040 -1.122490644 -0.014476892 -0.428450584 -0.010688339 -0.703364134 0.044160407 0.709376156
1781254106.686412 -1.122330070 -0.013533738 -0.419571340 -0.010458795 -0.697373033 0.043612882 0.715303779
1781254106.719783 -1.120316625 -0.013652615 -0.414240658 -0.010328345 -0.690603495 0.043192223 0.721868873
1781254106.753155 -1.119653225 -0.012929134 -0.405108929 -0.010626091 -0.685246110 0.043029096 0.726961851
1781254106.786526 -1.117728472 -0.012930602 -0.398164392 -0.010511495 -0.679494917 0.042663798 0.732363284
1781254106.819897 -1.116653204 -0.012376089 -0.390101016 -0.010202452 -0.674125314 0.042179585 0.737341166
1781254106.853268 -1.115423441 -0.010963239 -0.383846045 -0.009547799 -0.668944716 0.041983858 0.742064178
1781254106.886638 -1.113194466 -0.010196295 -0.376728535 -0.009712289 -0.664674044 0.041890729 0.745895028
1781254106.920009 -1.113311529 -0.009721760 -0.370331228 -0.009249489 -0.661210775 0.041191965 0.749011397
1781254106.953380 -1.110050559 -0.010723263 -0.362989068 -0.009943714 -0.657961905 0.041148670 0.751860499
1781254106.986750 -1.111158252 -0.009586181 -0.355447173 -0.009459723 -0.655468285 0.041081414 0.754045248
1781254107.020121 -1.109362841 -0.009851754 -0.350341320 -0.009659877 -0.652980447 0.040833369 0.756211579
1781254107.053491 -1.108777761 -0.008073561 -0.342468679 -0.009286108 -0.651086688 0.040686533 0.757855296
1781254107.086862 -1.108672619 -0.008278597 -0.334764481 -0.009483697 -0.648758471 0.040388737 0.759862661
1781254107.120232 -1.108201265 -0.007097162 -0.326704919 -0.009167002 -0.646512330 0.040326763 0.761781871
1781254107.153602 -1.106965423 -0.006345890 -0.318172157 -0.009084355 -0.644492984 0.040289711 0.763494074
1781254107.186973 -1.106221437 -0.006447908 -0.309781551 -0.009116547 -0.642474174 0.039924715 0.765212357
1781254107.220343 -1.104040384 -0.006665427 -0.302204251 -0.009027047 -0.640185654 0.039339110 0.767159343
1781254107.287083 -1.102539659 -0.004473429 -0.286567867 -0.009029453 -0.635899365 0.039414488 0.770712018
1781254107.320453 -1.100553513 -0.004547175 -0.279874921 -0.009213453 -0.633054972 0.039081044 0.773064792
1781254107.353822 -1.099835038 -0.002681706 -0.270191133 -0.008764942 -0.630309880 0.039167687 0.775305510
1781254107.387192 -1.097507596 -0.003957767 -0.262721539 -0.009143017 -0.627314806 0.038931441 0.777738333
1781254107.420562 -1.097238302 -0.001869667 -0.253494143 -0.008732151 -0.625542581 0.038959146 0.779167831
1781254107.453933 -1.095662594 -0.001727808 -0.245809972 -0.008456408 -0.623250723 0.038559668 0.781025171
1781254107.487303 -1.094149828 -0.000764824 -0.237540126 -0.008219782 -0.619945109 0.038098134 0.783676684
1781254107.520674 -1.092692614 -0.001086909 -0.230390370 -0.008459059 -0.616534591 0.037979826 0.786365747
1781254107.554046 -1.092094302 -0.000518255 -0.223307788 -0.008185652 -0.613160968 0.037689779 0.789015949
1781254107.587418 -1.088773966 -0.000948880 -0.214840174 -0.008195752 -0.610140026 0.037196543 0.791377485
1781254107.620790 -1.087304235 -0.000180390 -0.205425262 -0.008078553 -0.606388628 0.037075970 0.794262588
1781254107.654161 -1.084670782 0.000167008 -0.197057426 -0.007914979 -0.603286505 0.036550876 0.796647251
1781254107.687533 -1.083847642 -0.000894032 -0.189795613 -0.008670748 -0.598180890 0.036502298 0.800482333
1781254107.720904 -1.082103014 -0.000544332 -0.183293939 -0.008487066 -0.592588842 0.036049999 0.804653227
1781254107.754276 -1.080109477 -0.000077151 -0.175166279 -0.008537616 -0.586730301 0.035626408 0.808953345
1781254107.787647 -1.078848124 0.001179423 -0.165686488 -0.008179841 -0.580854177 0.035511445 0.813191473
1781254107.821018 -1.075956464 0.000970881 -0.159955800 -0.008539788 -0.574919760 0.034868143 0.817421913
1781254107.854390 -1.073880911 0.002536431 -0.150720626 -0.008159878 -0.569165111 0.034666441 0.821451604
1781254107.887761 -1.071589589 0.002084050 -0.144486815 -0.008335966 -0.563202858 0.034509502 0.825555623
1781254107.921132 -1.070420265 0.003026050 -0.137514681 -0.008101166 -0.556696117 0.034099899 0.829976499
1781254107.954503 -1.067014933 0.004153870 -0.130821973 -0.007871173 -0.550310373 0.033890992 0.834234893
1781254107.987874 -1.064200044 0.004587803 -0.124527395 -0.007800187 -0.544266164 0.032965340 0.838228345
1781254108.021245 -1.059327602 0.005190067 -0.118196487 -0.007733835 -0.537197769 0.032701798 0.842786729
1781254108.054616 -1.056389809 0.004786670 -0.111002207 -0.007820236 -0.529931545 0.032020155 0.847399712
1781254108.087987 -1.053793907 0.004833706 -0.106726140 -0.007608225 -0.521377563 0.031154541 0.852723300
1781254108.121358 -1.049708128 0.005577479 -0.099032611 -0.007682942 -0.513889313 0.030992264 0.857262075
1781254108.154729 -1.045547605 0.004539289 -0.095513135 -0.007368839 -0.505004883 0.029634481 0.862576187
1781254108.188100 -1.039919376 0.004078001 -0.087975442 -0.008124982 -0.498037666 0.029679710 0.866609275
1781254108.221470 -1.035969138 0.005750943 -0.081287235 -0.007633726 -0.488921791 0.029664850 0.871789694
1781254108.254841 -1.032369614 0.007298928 -0.075929075 -0.007216897 -0.480031371 0.028868334 0.876746476
1781254108.288211 -1.027707100 0.007265886 -0.069013685 -0.007342056 -0.471846163 0.028411185 0.881192446
1781254108.321582 -1.021545172 0.007322051 -0.063148320 -0.007464253 -0.463615060 0.028243456 0.885555089
1781254108.354952 -1.017524958 0.007658998 -0.057309389 -0.007435308 -0.455650657 0.027721575 0.889695883
1781254108.388323 -1.012966752 0.007796353 -0.051308751 -0.007003868 -0.447195172 0.026793081 0.894007623
1781254108.421693 -1.009115219 0.008859713 -0.047561571 -0.006730116 -0.438370645 0.026755463 0.898370743
1781254108.455063 -1.004437923 0.008430451 -0.043520987 -0.006696140 -0.429357708 0.025880734 0.902738810
1781254108.488433 -1.000234842 0.008379402 -0.039684027 -0.006464953 -0.419830501 0.025499113 0.907221258
1781254108.521806 -0.994401753 0.008412875 -0.032740965 -0.006712016 -0.413231343 0.024479736 0.910272300
1781254108.555178 -0.992620766 0.009296481 -0.028122216 -0.006101707 -0.403955787 0.023452573 0.914457500
1781254108.588551 -0.990016460 0.010202399 -0.024862871 -0.005649475 -0.394568920 0.022664001 0.918569505
1781254108.621924 -0.984591007 0.011991814 -0.020384878 -0.004938098 -0.385459125 0.022168200 0.922445416
1781254108.655296 -0.979465485 0.010379456 -0.018205911 -0.005390279 -0.376597106 0.021371299 0.926114917
1781254108.688669 -0.974736750 0.010317944 -0.014300421 -0.005085594 -0.368037432 0.020699000 0.929566681
1781254108.722041 -0.968235135 0.011224947 -0.009375483 -0.004858179 -0.359313160 0.020654626 0.932975888
1781254108.755413 -0.965059459 0.011627747 -0.007191390 -0.004517640 -0.349488288 0.019566027 0.936725557
1781254108.788785 -0.957996488 0.012873165 -0.003511608 -0.004072353 -0.340593904 0.019470459 0.940000117
1781254108.822158 -0.954000056 0.012234834 -0.003840178 -0.004159152 -0.331083685 0.018535903 0.943410218
1781254108.855531 -0.946401834 0.012039714 0.004003927 -0.004133809 -0.323026925 0.018399561 0.946201861
1781254108.888903 -0.941955686 0.011811967 0.005278662 -0.004006966 -0.313621521 0.017801808 0.949372768
1781254108.922275 -0.937979519 0.013171856 0.010062069 -0.003548050 -0.304430604 0.017020421 0.952375889
1781254108.955647 -0.932246089 0.014394360 0.011931695 -0.002868478 -0.294684976 0.016277384 0.955451548
1781254108.989019 -0.923622847 0.013328083 0.016459882 -0.003396136 -0.287219942 0.016082617 0.957723618
1781254109.022391 -0.917806625 0.014150067 0.019071400 -0.002835811 -0.279067427 0.015485678 0.960142493
1781254109.055762 -0.909959435 0.014823571 0.023822129 -0.002599641 -0.272039801 0.015311015 0.962160707
1781254109.089134 -0.901190400 0.015687935 0.026948318 -0.002240225 -0.264331043 0.015106367 0.964311123
1781254109.122506 -0.895717800 0.015931655 0.029303156 -0.002195907 -0.256816685 0.014496961 0.966349006
1781254109.155877 -0.885809958 0.013002913 0.033500411 -0.002893792 -0.249835640 0.014338673 0.968177855
1781254109.189249 -0.880386710 0.016406488 0.034394033 -0.001876872 -0.241449043 0.013885723 0.970312417
1781254109.222620 -0.869837880 0.016301284 0.038675815 -0.002005062 -0.233897939 0.013494638 0.972165525
1781254109.255991 -0.863124371 0.018957708 0.042101536 -0.001144727 -0.225287110 0.013402932 0.974199593
1781254109.289363 -0.852560282 0.017978651 0.046207320 -0.001154692 -0.217780620 0.012444400 0.975917816
1781254109.322734 -0.843887925 0.018218180 0.048533700 -0.000952510 -0.209427565 0.012151033 0.977748215
1781254109.356106 -0.837796032 0.019171525 0.048889719 -0.000696704 -0.200345680 0.011499714 0.979657531
1781254109.389477 -0.826855481 0.018406916 0.053588748 -0.001008179 -0.193815142 0.011536755 0.980969727
1781254109.422848 -0.816498399 0.017663430 0.056003451 -0.000997170 -0.185908198 0.010843888 0.982506752
1781254109.456219 -0.807307303 0.016804088 0.057558037 -0.001192241 -0.177969277 0.010577105 0.983978510
1781254109.489590 -0.797849298 0.016798347 0.059085876 -0.001172230 -0.169160858 0.010053561 0.985536516
1781254109.522959 -0.787875056 0.019791411 0.066140749 -0.000449889 -0.161958247 0.009643347 0.986750484
1781254109.556330 -0.781037867 0.018234003 0.063280910 -0.000546916 -0.153700262 0.008755272 0.988078654
1781254109.589699 -0.770272315 0.016535504 0.064993180 -0.000861692 -0.144575298 0.008326764 0.989458442
1781254109.623068 -0.760712206 0.018034028 0.065575369 -0.000665554 -0.136613131 0.008167212 0.990590572
1781254109.656438 -0.750839293 0.015795425 0.067714863 -0.000856020 -0.128548890 0.007320228 0.991675854
1781254109.689807 -0.743011892 0.016619869 0.067240402 -0.000326861 -0.119961984 0.006726129 0.992755711
1781254109.723176 -0.734595239 0.016388131 0.066695988 -0.000495952 -0.112748802 0.006256597 0.993603766
1781254109.756545 -0.724386752 0.016195798 0.068708085 -0.000486943 -0.106566206 0.005797367 0.994288623
1781254109.789914 -0.714227080 0.015912088 0.070312388 -0.000586801 -0.099465340 0.005218026 0.995027244
1781254109.823282 -0.705795348 0.015833242 0.069286466 -0.000340434 -0.091328099 0.004702400 0.995809734
1781254109.856651 -0.696906865 0.016025921 0.068866134 -0.000006129 -0.084899396 0.003644270 0.996382892
1781254109.890020 -0.687289774 0.015941808 0.068877168 0.000008890 -0.078183092 0.003604705 0.996932507
1781254109.923388 -0.677731812 0.015393960 0.068624608 -0.000223099 -0.072513081 0.003194709 0.997362375
1781254109.956757 -0.667390883 0.015043132 0.068709642 -0.000195576 -0.066522658 0.002855005 0.997780859
1781254109.990125 -0.659092128 0.015575199 0.069047414 0.000271887 -0.059646215 0.002364482 0.998216748
1781254110.023494 -0.647953570 0.015534759 0.068796203 0.000217153 -0.054296911 0.001847237 0.998523116
1781254110.056862 -0.638203442 0.014632562 0.068027370 0.000128814 -0.048204042 0.001756342 0.998835981
1781254110.090230 -0.630674601 0.014987665 0.066206783 0.000396411 -0.043436762 0.001151488 0.999055505
1781254110.123598 -0.621184349 0.014969957 0.065821134 0.000751933 -0.037918370 0.000969788 0.999280095
1781254110.156966 -0.611979187 0.015138832 0.064642377 0.001076457 -0.032936029 0.001102781 0.999456286
1781254110.190334 -0.602898955 0.013840221 0.062787801 0.000888299 -0.027534548 0.000818013 0.999620199
1781254110.223702 -0.593772829 0.014553347 0.061324462 0.001331473 -0.022405336 0.000633413 0.999747932
1781254110.257071 -0.583801389 0.014055216 0.059027757 0.001165244 -0.018203611 0.000128301 0.999833643
1781254110.290438 -0.575166821 0.013786309 0.058218546 0.001392366 -0.013505970 -0.000119160 0.999907851
1781254110.323806 -0.566207230 0.014048525 0.057515208 0.001733270 -0.009457112 -0.000424440 0.999953747
1781254110.357173 -0.557658613 0.013868709 0.057179641 0.001816757 -0.005494098 -0.000700645 0.999983072
1781254110.390541 -0.548613012 0.013154883 0.055335183 0.001672473 -0.002252224 -0.001140011 0.999995470
1781254110.423908 -0.539499104 0.012759251 0.053713825 0.001645187 0.000316917 -0.001549419 0.999997377
1781254110.457275 -0.530962884 0.012772053 0.052008770 0.001850851 0.003256106 -0.001112279 0.999992430
1781254110.490643 -0.523020208 0.011909130 0.050198089 0.001603160 0.005493129 -0.001384425 0.999982715
1781254110.524014 -0.514888048 0.012429241 0.050316334 0.001866889 0.006921725 -0.001617874 0.999973059
1781254110.557385 -0.506047547 0.012115343 0.048386324 0.002016540 0.008193254 -0.001499590 0.999963284
1781254110.590756 -0.496448010 0.012058413 0.047838192 0.002231340 0.007810915 -0.001285004 0.999966204
1781254110.624127 -0.488753021 0.012205253 0.047353074 0.002242984 0.008014184 -0.001535298 0.999964178
1781254110.657498 -0.478671938 0.012045030 0.045980886 0.002300295 0.007604419 -0.001587430 0.999967217
1781254110.690869 -0.470921546 0.011373606 0.045409217 0.002143478 0.007941242 -0.001671512 0.999964833
1781254110.724239 -0.461656690 0.011351096 0.044320367 0.001939333 0.007817524 -0.001951566 0.999965668
1781254110.757610 -0.454542696 0.010740853 0.044457883 0.001875779 0.008552332 -0.002239204 0.999959230
1781254110.790981 -0.445661426 0.010978776 0.042655561 0.002058659 0.008059854 -0.002019649 0.999963343
1781254110.824351 -0.437535077 0.010946947 0.042135343 0.002301305 0.008495194 -0.001723544 0.999959767
1781254110.857722 -0.427281857 0.010085280 0.040144589 0.001995848 0.008261491 -0.002188129 0.999961555
1781254110.891092 -0.419960976 0.010109344 0.039317187 0.001843764 0.008138982 -0.002230876 0.999962687
1781254110.924462 -0.411109060 0.010127625 0.039322644 0.002094749 0.007469798 -0.002083738 0.999967813
1781254110.957834 -0.404285520 0.009768569 0.039046533 0.001883283 0.007615624 -0.002272824 0.999966681
1781254110.991204 -0.396626562 0.010414622 0.040039532 0.001980291 0.007229744 -0.002579920 0.999968648
1781254111.024574 -0.387768656 0.009396013 0.038946971 0.001629284 0.006002998 -0.002436263 0.999977708
1781254111.057944 -0.377995372 0.009412132 0.039240554 0.001724215 0.005145436 -0.002269472 0.999982715
1781254111.091314 -0.371951133 0.009116905 0.038816553 0.001459782 0.005013974 -0.002560887 0.999983132
1781254111.124684 -0.362353235 0.008953191 0.038237724 0.001528616 0.003485784 -0.002265497 0.999990225
1781254111.158054 -0.353403926 0.009228920 0.038511451 0.001430154 0.002113221 -0.002338535 0.999994040
1781254111.191424 -0.344700426 0.008583933 0.038042087 0.001427323 0.001906747 -0.001877204 0.999995470
1781254111.224794 -0.335525513 0.008643078 0.037829716 0.001517227 0.000516599 -0.001970425 0.999996781
1781254111.258163 -0.327449918 0.008307454 0.038034014 0.001264467 -0.001031056 -0.001970092 0.999996722
1781254111.291533 -0.317744523 0.008255037 0.038529791 0.001229211 -0.002271756 -0.001793180 0.999995112
1781254111.324903 -0.308969885 0.008142267 0.037819535 0.001190601 -0.003810259 -0.001594953 0.999990821
1781254111.358272 -0.300430447 0.008014606 0.038588449 0.001328241 -0.005341357 -0.001600348 0.999983609
1781254111.391642 -0.290920883 0.007838608 0.039271999 0.001172047 -0.007203913 -0.001643435 0.999972045
1781254111.425011 -0.282163799 0.007980422 0.040659614 0.001235143 -0.009063380 -0.001553788 0.999956965
1781254111.458380 -0.274460465 0.007389990 0.041752204 0.000855438 -0.011264265 -0.001620731 0.999934912
1781254111.491750 -0.266615272 0.007134333 0.042335637 0.000700923 -0.013508317 -0.001485748 0.999907494
1781254111.525166 -0.258825362 0.007459063 0.043099131 0.000798740 -0.015635023 -0.001758079 0.999875963
1781254111.558583 -0.250901610 0.007207889 0.044068113 0.000636135 -0.017504435 -0.001772273 0.999845088
1781254111.592001 -0.242238581 0.007311462 0.044643406 0.000768101 -0.019404953 -0.001371791 0.999810517
1781254111.625419 -0.234305367 0.007325002 0.046278838 0.000857709 -0.021111151 -0.001166782 0.999776125
1781254111.658839 -0.226872191 0.007484852 0.046821840 0.000851755 -0.022999134 -0.001472908 0.999734044
1781254111.692258 -0.219445437 0.006446362 0.047654513 0.000608610 -0.025180100 -0.000751192 0.999682546
1781254111.725678 -0.211758405 0.006449349 0.048474468 0.000507129 -0.026853204 -0.000847552 0.999638915
1781254111.759098 -0.203867555 0.007377516 0.049001850 0.001091579 -0.028367469 -0.000781836 0.999596655
1781254111.792519 -0.196289793 0.007576891 0.049823027 0.001167897 -0.030562846 -0.000560866 0.999532044
1781254111.825940 -0.187051356 0.006808179 0.050400309 0.000825233 -0.032598969 -0.000293528 0.999468207
1781254111.859362 -0.178037629 0.007551601 0.051868059 0.001173872 -0.034289777 0.000077670 0.999411285
1781254111.892784 -0.170014709 0.006800748 0.052476771 0.000930707 -0.036207069 -0.000266552 0.999343872
1781254111.926207 -0.162949696 0.006506685 0.052929815 0.000790571 -0.037582830 -0.000214268 0.999293208
1781254111.959631 -0.153150216 0.006831265 0.053534139 0.000945417 -0.039474949 0.000315449 0.999220133
1781254111.993055 -0.144042984 0.006372634 0.054575190 0.000827856 -0.040772732 0.000489174 0.999168038
1781254112.026479 -0.133362532 0.006961423 0.055427358 0.001022371 -0.042912126 0.000519513 0.999078214
1781254112.059904 -0.121495850 0.006941924 0.056428272 0.000961749 -0.044083912 0.000662023 0.999027193
1781254112.093330 -0.111228846 0.005204751 0.056030679 0.000675024 -0.044580758 0.000955428 0.999005139
1781254112.126756 -0.101846308 0.004758907 0.057110954 0.000456205 -0.045935676 0.000942471 0.998943865
1781254112.160182 -0.090853177 0.004893195 0.057589982 0.000562505 -0.048020288 0.001253789 0.998845518
1781254112.193610 -0.080242507 0.004843914 0.058605962 0.000455400 -0.049346864 0.001118424 0.998781025
1781254112.227037 -0.067656852 0.005883909 0.060605880 0.000802533 -0.049140193 0.001592323 0.998790324
1781254112.260466 -0.054545555 0.005302250 0.060575966 0.000835480 -0.051266577 0.001860693 0.998682976
1781254112.293894 -0.044780884 0.006302737 0.062664829 0.000924312 -0.051541477 0.001631745 0.998669088
1781254112.327323 -0.031841245 0.005526036 0.062062226 0.000993518 -0.050478116 0.001864284 0.998723030
1781254112.360754 -0.019188493 0.005722904 0.062445104 0.001019176 -0.049900677 0.002020598 0.998751640
1781254112.394185 -0.006006530 0.005804301 0.063683420 0.000970315 -0.049558811 0.002393582 0.998767972
1781254112.427615 0.006080377 0.005566188 0.063416347 0.000994153 -0.048815582 0.002320122 0.998804629
1781254112.461047 0.018622916 0.005161464 0.063679241 0.001007699 -0.048092477 0.002480297 0.998839319
1781254112.494477 0.030573672 0.005112536 0.063258909 0.001032619 -0.046597183 0.001957953 0.998911381
1781254112.527935 0.045073431 0.003979571 0.064323775 0.000929313 -0.045318432 0.002675404 0.998968601
1781254112.561394 0.055556923 0.003584244 0.064644255 0.000514208 -0.044191122 0.002838823 0.999019027
1781254112.594853 0.068027139 0.003845758 0.064626157 0.000715513 -0.042613000 0.002578355 0.999088109
1781254112.628313 0.080800243 0.003539763 0.065346688 0.000744460 -0.041148305 0.003030235 0.999148190
1781254112.661773 0.092963621 0.002799309 0.064648874 0.000489791 -0.039606601 0.002900361 0.999211073
1781254112.695234 0.104249179 0.002763910 0.065386072 0.000656531 -0.037705299 0.002875501 0.999284625
1781254112.728696 0.116611175 0.002610958 0.065476030 0.000628697 -0.035785567 0.003106933 0.999354482
1781254112.762157 0.128212854 0.003975422 0.065906830 0.001078625 -0.033025168 0.002234942 0.999451518
1781254112.795620 0.139795482 0.003632350 0.065641195 0.001212558 -0.030784804 0.002429180 0.999522388
1781254112.829083 0.151422262 0.004066571 0.066304997 0.001420677 -0.028046513 0.002259379 0.999603033
1781254112.862546 0.162792012 0.003303759 0.065031305 0.001397534 -0.024338327 0.002038758 0.999700785
1781254112.896010 0.176105723 0.002881401 0.065000080 0.001409924 -0.020926001 0.001811713 0.999778390
1781254112.929475 0.185790762 0.003791315 0.065260373 0.001734340 -0.016964549 0.001415432 0.999853671
1781254112.962940 0.197027490 0.001927374 0.062720507 0.001353719 -0.011506839 0.001318679 0.999932051
1781254112.996405 0.207798660 0.002311800 0.062612019 0.001531408 -0.006128170 0.001156065 0.999979377
1781254113.029871 0.221379787 0.001738169 0.060715921 0.001154984 -0.000465777 0.000647335 0.999999046
1781254113.063339 0.234041467 0.001444152 0.059210408 0.001527717 0.007549503 0.000742232 0.999970078
1781254113.096806 0.244705096 0.001168707 0.057421114 0.001715870 0.014787235 0.000611065 0.999889016
1781254113.130273 0.256376535 0.000189518 0.056375258 0.001256972 0.021040365 -0.000096254 0.999777853
1781254113.163742 0.268647194 0.000691998 0.055556867 0.001720335 0.029076841 -0.000349494 0.999575675
1781254113.197210 0.281824619 -0.001042775 0.052335404 0.001650138 0.035741538 -0.000584606 0.999359608
1781254113.230679 0.292873114 -0.000857923 0.052968819 0.002030796 0.043372381 -0.000900048 0.999056578
1781254113.264149 0.303802788 -0.002206904 0.049194440 0.001510022 0.050635148 -0.001079716 0.998715580
1781254113.297619 0.315463483 -0.002427100 0.048517954 0.001516219 0.058026485 -0.001848948 0.998312235
1781254113.331090 0.326448530 -0.000934710 0.048947673 0.002604461 0.066932492 -0.002768011 0.997750342
1781254113.364561 0.337356657 -0.002195016 0.044260167 0.002283942 0.074996606 -0.003555558 0.997174859
1781254113.398033 0.350842834 -0.001901194 0.044540767 0.002299173 0.083561301 -0.003652459 0.996493280
1781254113.431505 0.362234145 -0.001862067 0.042250898 0.002379476 0.091883697 -0.004445310 0.995757043
1781254113.464978 0.374457866 -0.002667444 0.038377147 0.002605770 0.100827664 -0.004795405 0.994888961
1781254113.498447 0.384575337 -0.001528050 0.038104512 0.003328175 0.109341159 -0.006075014 0.993980169
1781254113.531819 0.394117385 -0.001108067 0.036782108 0.003412836 0.117766425 -0.006677295 0.993013024
1781254113.565192 0.404810816 -0.002286172 0.033339873 0.003376205 0.126432240 -0.007003934 0.991944790
1781254113.598563 0.414026201 -0.002428452 0.029804301 0.003742061 0.135093942 -0.007776819 0.990795195
1781254113.631935 0.423851132 -0.003013537 0.026655676 0.003625030 0.143859372 -0.008486132 0.989555180
1781254113.665306 0.436446935 -0.003949638 0.021847442 0.003453008 0.152199507 -0.009079617 0.988302112
1781254113.698678 0.445332766 -0.002735813 0.019953869 0.003933953 0.159168884 -0.009694680 0.987195969
1781254113.732049 0.455181032 -0.004441236 0.014551369 0.003728011 0.167494744 -0.010136574 0.985813856
1781254113.765422 0.463973939 -0.003098879 0.014739977 0.004102934 0.177118853 -0.011112676 0.984118164
1781254113.798794 0.474341094 -0.002949296 0.009807109 0.004197245 0.185451746 -0.011907508 0.982572317
1781254113.832165 0.483647257 -0.003991412 0.005104638 0.004034275 0.193811417 -0.012727056 0.980947971
1781254113.865536 0.491553724 -0.004253253 0.000993885 0.004211182 0.203452125 -0.013401869 0.978984177
1781254113.898907 0.502144217 -0.004769587 -0.005034274 0.004257782 0.211913973 -0.013862604 0.977180779
1781254113.932279 0.508530855 -0.004973758 -0.008370187 0.004327978 0.221141472 -0.014614459 0.975122690
1781254113.965650 0.516626120 -0.005541136 -0.013330586 0.004488928 0.230352640 -0.015485615 0.972973704
1781254113.999021 0.526003003 -0.007710038 -0.019053074 0.003819660 0.239458874 -0.016071301 0.970766008
1781254114.032392 0.531817198 -0.006512775 -0.022117477 0.004634043 0.249767572 -0.016734714 0.968150198
1781254114.065763 0.539335668 -0.007398733 -0.027154904 0.004551023 0.258618742 -0.017196313 0.965815723
1781254114.099134 0.546579361 -0.008011220 -0.032226443 0.004532388 0.268171698 -0.018112110 0.963190258
1781254114.132505 0.552890897 -0.006319799 -0.036454052 0.005281596 0.277607292 -0.018462911 0.960502744
1781254114.165875 0.558785439 -0.007603040 -0.040697820 0.004930700 0.287279040 -0.019645132 0.957632780
1781254114.199246 0.565940559 -0.008921172 -0.046492044 0.005050110 0.297907114 -0.020013506 0.954371750
1781254114.232617 0.571992755 -0.007849041 -0.051499043 0.005769936 0.307854921 -0.020558767 0.951193750
1781254114.265987 0.577307582 -0.006985284 -0.054157764 0.006074843 0.318037093 -0.021232225 0.947821081
1781254114.299358 0.584133565 -0.011764501 -0.062433001 0.004901917 0.327589869 -0.021858998 0.944554389
1781254114.332728 0.590727031 -0.010210164 -0.067566164 0.005633789 0.336772919 -0.022125313 0.941309094
1781254114.366099 0.591372073 -0.012666695 -0.071359947 0.005245174 0.347945094 -0.023102671 0.937215567
1781254114.399469 0.597982705 -0.010914407 -0.075386412 0.005848747 0.358077973 -0.023757191 0.933371127
1781254114.432839 0.601044357 -0.010327728 -0.079031765 0.006361086 0.368831486 -0.024504999 0.929151475
1781254114.466210 0.602295220 -0.012008106 -0.083442196 0.005871114 0.379412264 -0.025260467 0.924864173
1781254114.499581 0.607758045 -0.010904721 -0.088592105 0.006484108 0.388597012 -0.025784276 0.921024203
1781254114.532951 0.610566318 -0.012033464 -0.094257414 0.006236939 0.398076236 -0.026382007 0.916951776
1781254114.566321 0.612523198 -0.012183248 -0.099359140 0.006327948 0.408465296 -0.026960623 0.912353635
1781254114.599691 0.613864243 -0.012276689 -0.103589788 0.006382559 0.419089764 -0.028000385 0.907490551
1781254114.633061 0.616587877 -0.014292242 -0.111198306 0.006222623 0.429689348 -0.028486116 0.902505875
1781254114.666431 0.619296730 -0.013351674 -0.117965721 0.006562559 0.439759016 -0.029122984 0.897619545
1781254114.699801 0.620217204 -0.015348606 -0.124288082 0.006457101 0.450438052 -0.029670253 0.892291248
1781254114.733171 0.623976171 -0.013897219 -0.130456954 0.006884402 0.460204095 -0.030415377 0.887265265
1781254114.766540 0.625727415 -0.014916531 -0.135126054 0.006872535 0.470270902 -0.030903095 0.881954134
1781254114.799910 0.624291003 -0.015157627 -0.142285556 0.007035909 0.480173856 -0.031542286 0.876577854
1781254114.833279 0.627019227 -0.014753703 -0.146463156 0.007351420 0.489721388 -0.032088231 0.871257365
1781254114.866648 0.627543151 -0.014809934 -0.151773006 0.007607575 0.500162959 -0.032863732 0.865274131
1781254114.900018 0.628463507 -0.016977698 -0.157117367 0.007072674 0.509885788 -0.033302944 0.859568179
1781254114.933387 0.628031731 -0.015142935 -0.163089871 0.007580529 0.520316899 -0.034485735 0.853243053
1781254114.966756 0.626445889 -0.018111711 -0.169641823 0.007228537 0.531154156 -0.034584351 0.846538305
1781254115.066863 0.623411417 -0.018734438 -0.187566876 0.007752005 0.565219760 -0.037169915 0.824066103
1781254115.100232 0.622837186 -0.019092329 -0.193977192 0.007571155 0.575385988 -0.037616666 0.816981494
1781254115.133600 0.620173156 -0.019960515 -0.201794818 0.007848358 0.586743593 -0.038315367 0.808827698
1781254115.166970 0.616688251 -0.021269122 -0.206043825 0.007901944 0.597289562 -0.038857393 0.801044941
1781254115.200339 0.615528345 -0.020825189 -0.214259937 0.008424637 0.607294440 -0.039540950 0.793447614
1781254115.233707 0.611721933 -0.022505067 -0.222093776 0.008449484 0.616987467 -0.039999396 0.785910428
1781254115.267076 0.609592795 -0.022778282 -0.228344426 0.008737936 0.626093864 -0.040501527 0.778646171
1781254115.300444 0.607367456 -0.022852585 -0.236004159 0.009021111 0.634602606 -0.041530315 0.771669328
1781254115.333813 0.606523633 -0.022227710 -0.243219808 0.009413223 0.642800212 -0.041326854 0.764860392
1781254115.367181 0.603242636 -0.022317290 -0.250530154 0.009731069 0.650984168 -0.041886866 0.757872403
1781254115.400549 0.600785851 -0.024437785 -0.257417232 0.009174469 0.657485127 -0.042385466 0.752218544
1781254115.433917 0.598591208 -0.025033385 -0.267076194 0.009404959 0.664392173 -0.042309817 0.746126413
1781254115.467285 0.595500588 -0.024753345 -0.273543000 0.009789329 0.671680689 -0.042778280 0.739539921
1781254115.500654 0.592714310 -0.025304044 -0.282578260 0.009812129 0.678842127 -0.043092616 0.732953072
1781254115.567399 0.588003635 -0.024688127 -0.297473341 0.010253971 0.692724347 -0.043937288 0.719789803
1781254115.600771 0.584912837 -0.025923431 -0.306425869 0.010173420 0.698799610 -0.044418942 0.713864505
1781254115.634144 0.581656635 -0.028190950 -0.317093343 0.009836986 0.704470038 -0.044099271 0.708294153
1781254115.667516 0.576929212 -0.028216716 -0.325071037 0.010496274 0.711010695 -0.044312231 0.701705098
1781254115.700888 0.574366868 -0.029083818 -0.333461165 0.010253213 0.715966761 -0.044762265 0.696622491
1781254115.734261 0.570807993 -0.028946299 -0.342023432 0.010541471 0.722025812 -0.045316648 0.690299928
1781254115.767633 0.567289591 -0.029482476 -0.349672318 0.010729112 0.728416562 -0.045201842 0.683557689
1781254115.801005 0.561508477 -0.030500166 -0.359231442 0.010953552 0.733184278 -0.045427632 0.678422570
1781254115.834377 0.558575988 -0.030979298 -0.369553626 0.010784544 0.738145888 -0.046042569 0.672981799
1781254115.867750 0.552719831 -0.032454431 -0.378245234 0.010877708 0.743440092 -0.046040725 0.667127311
1781254115.901122 0.548704624 -0.033018861 -0.389179885 0.010720505 0.748030365 -0.046325948 0.661958933
1781254115.934494 0.544822037 -0.033356246 -0.397258490 0.011057623 0.753885329 -0.046823364 0.655242205
1781254115.967866 0.540353060 -0.033660214 -0.407312036 0.011173014 0.757618964 -0.047205564 0.650892019
1781254116.001238 0.535630763 -0.034674298 -0.414231271 0.010983916 0.761968434 -0.047053773 0.645809114
1781254116.034610 0.531671643 -0.035920974 -0.422280431 0.011464901 0.767085373 -0.047472212 0.639683604
1781254116.067982 0.525454283 -0.035349485 -0.432551235 0.011087000 0.770042777 -0.048457682 0.636052787
1781254116.101353 0.522617519 -0.034940533 -0.442745984 0.011677126 0.773646772 -0.048435666 0.631655335
1781254116.134725 0.516257226 -0.036659718 -0.451499283 0.012148636 0.777328074 -0.048176471 0.627130389
1781254116.168097 0.509458899 -0.037184127 -0.458944917 0.011635793 0.780203819 -0.049038272 0.623491824
1781254116.201468 0.508285046 -0.034784127 -0.466679186 0.012171905 0.783586025 -0.049737003 0.619169593
1781254116.234840 0.501926124 -0.035478123 -0.474959731 0.012220907 0.787396669 -0.049893755 0.614302814
1781254116.268211 0.497538745 -0.034919191 -0.482472599 0.011838254 0.790140271 -0.050723433 0.610708952
1781254116.301582 0.492137879 -0.036767550 -0.492608160 0.012370894 0.793427706 -0.050362334 0.606451213
1781254116.334954 0.486623138 -0.037329618 -0.500748158 0.012172455 0.796275198 -0.050802533 0.602674663
1781254116.368325 0.481786698 -0.037548598 -0.510559320 0.012379034 0.799362481 -0.051099662 0.598544359
1781254116.401696 0.474907786 -0.038519457 -0.518023312 0.012264400 0.802480817 -0.051180456 0.594352365
1781254116.435067 0.471605748 -0.038010947 -0.525544763 0.011950112 0.805152535 -0.052056938 0.590657949
1781254116.468438 0.465509146 -0.038424026 -0.537316084 0.012542283 0.808023512 -0.052120909 0.586706161
1781254116.501810 0.459137768 -0.039831940 -0.543785095 0.012424892 0.811235189 -0.051989302 0.582271695
1781254116.535183 0.454414696 -0.036916569 -0.552526057 0.012334935 0.813703656 -0.053359695 0.578694284
1781254116.568557 0.447544873 -0.039487593 -0.562252223 0.012615751 0.817169130 -0.052986741 0.573818743
1781254116.601929 0.440933228 -0.039887447 -0.570557833 0.012784786 0.819976568 -0.052921753 0.569802105
1781254116.635302 0.435635746 -0.039025161 -0.582426548 0.012867600 0.821891606 -0.053344201 0.566994846
1781254116.668674 0.429471493 -0.039481372 -0.591891527 0.012803546 0.824762225 -0.053786412 0.562770307
1781254116.702047 0.423899829 -0.038122341 -0.601002634 0.012423014 0.827141404 -0.055042062 0.559153974
1781254116.735420 0.417491317 -0.039774150 -0.609876037 0.012523184 0.829830766 -0.054281548 0.555227399
1781254116.768792 0.409373164 -0.040802252 -0.616505742 0.012530491 0.833666980 -0.054742839 0.549404860
1781254116.835537 0.397709310 -0.041482538 -0.636699796 0.012109734 0.838202775 -0.055289805 0.542413652
1781254116.868909 0.390023172 -0.041004516 -0.645162344 0.012298874 0.841565549 -0.056012981 0.537102222
1781254116.902282 0.382530630 -0.042625271 -0.652979374 0.012153591 0.844313145 -0.055807121 0.532797575
1781254116.935653 0.377287805 -0.042772964 -0.663430035 0.011872285 0.846945465 -0.056205310 0.528567314
1781254116.969026 0.367962480 -0.043953612 -0.672184527 0.012106992 0.849704742 -0.056087468 0.524127364
1781254117.002398 0.362198651 -0.043605909 -0.679399014 0.012113910 0.852669895 -0.056588002 0.519235134
1781254117.035770 0.355719864 -0.043828793 -0.690259933 0.011999863 0.855080366 -0.056604143 0.515256882
1781254117.069142 0.347382188 -0.043929085 -0.698299706 0.011687502 0.857649446 -0.056999445 0.510932505
1781254117.102514 0.341081738 -0.045432791 -0.705837607 0.011862927 0.860579073 -0.056798052 0.506000876
1781254117.135885 0.334290624 -0.046148259 -0.716214418 0.011985119 0.862320483 -0.056703459 0.503035367
1781254117.169257 0.326185584 -0.047192644 -0.722606421 0.011866039 0.864930868 -0.056643821 0.498543262
1781254117.202629 0.318956733 -0.046399817 -0.732932508 0.012054436 0.866954446 -0.057534054 0.494908601
1781254117.236001 0.313414752 -0.046007771 -0.739984691 0.011630782 0.868806362 -0.057911843 0.491616160
1781254117.269373 0.305124223 -0.046642255 -0.746946335 0.011825154 0.871035635 -0.057711769 0.487674564
1781254117.302744 0.298176348 -0.047216699 -0.753416657 0.011830638 0.873036921 -0.057996266 0.484048754
1781254117.336116 0.292118728 -0.047277868 -0.760518074 0.011981052 0.874552190 -0.058195807 0.481277585
1781254117.369487 0.286638975 -0.047397941 -0.770269632 0.012023107 0.875429094 -0.058232240 0.479675472
1781254117.402859 0.278720975 -0.048676431 -0.775707722 0.011703412 0.877042413 -0.058087811 0.476744652
1781254117.436230 0.271750689 -0.049328774 -0.782725513 0.011989902 0.878737509 -0.058093403 0.473605156
1781254117.469601 0.265453100 -0.049817193 -0.789886594 0.012136945 0.880324483 -0.058150858 0.470637828
1781254117.502973 0.259104013 -0.049766600 -0.797178268 0.012116182 0.881714940 -0.058354616 0.468002856
1781254117.536358 0.253033638 -0.049856242 -0.804866016 0.012109366 0.882994413 -0.058381233 0.465581328
1781254117.569744 0.246003687 -0.050994422 -0.810788572 0.012031619 0.884490669 -0.058189202 0.462758601
1781254117.603130 0.239747941 -0.051079579 -0.818324864 0.011912036 0.885778546 -0.058547046 0.460246414
1781254117.636515 0.233457029 -0.051446609 -0.825182080 0.012118580 0.887048602 -0.058370955 0.457810789
1781254117.669901 0.228423297 -0.051461514 -0.833642602 0.012212061 0.888012052 -0.058728993 0.455890864
1781254117.703287 0.222226441 -0.051820051 -0.840073347 0.012091888 0.888910055 -0.058742091 0.454138905
1781254117.736672 0.214677215 -0.052295059 -0.845918238 0.012016919 0.889831185 -0.058763605 0.452330559
1781254117.770058 0.208672345 -0.053572774 -0.853604376 0.012121342 0.890877903 -0.058456954 0.450302631
1781254117.803444 0.202941537 -0.054034844 -0.859488368 0.012057372 0.891869247 -0.058732580 0.448301733
1781254117.836830 0.197804868 -0.053726956 -0.867386520 0.012259631 0.892256558 -0.058847506 0.447509736
1781254117.870216 0.193094850 -0.054158397 -0.874603033 0.012179071 0.892277896 -0.058875922 0.447465688
1781254117.903602 0.187504530 -0.054810323 -0.881846130 0.012137467 0.892267644 -0.058838949 0.447492123
1781254117.936988 0.181862533 -0.055656344 -0.888899624 0.011971834 0.892130554 -0.058706217 0.447787225
1781254117.970375 0.176863134 -0.055888735 -0.895731270 0.012297630 0.892475486 -0.058570713 0.447108388
1781254118.003761 0.171706498 -0.056441490 -0.904580832 0.012386983 0.892279863 -0.058943029 0.447447121
1781254118.037147 0.167650342 -0.056616455 -0.910636187 0.011806345 0.891816854 -0.058804177 0.448403269
1781254118.070533 0.162619114 -0.057041019 -0.918627620 0.011734431 0.891815960 -0.059014685 0.448379219
1781254118.103919 0.157160044 -0.057026882 -0.926790595 0.012080824 0.892253160 -0.059365235 0.447453022
1781254118.137305 0.151438475 -0.058714982 -0.933747649 0.011859501 0.892316818 -0.058795895 0.447407097
1781254118.170691 0.146837831 -0.058311932 -0.942227244 0.011856445 0.892168641 -0.058924593 0.447685629
1781254118.204077 0.140446424 -0.059664555 -0.949189782 0.011445818 0.892187178 -0.058927990 0.447659075
1781254118.237463 0.134425640 -0.060607173 -0.957261086 0.011341913 0.892145216 -0.058765825 0.447766572
1781254118.270849 0.129760861 -0.060447372 -0.965242028 0.011218897 0.892160356 -0.059090428 0.447696894
1781254118.304235 0.123823166 -0.061731350 -0.973623633 0.011274886 0.892355382 -0.058964025 0.447323233
1781254118.337621 0.118131280 -0.061648324 -0.982556045 0.011317763 0.892340362 -0.059208144 0.447319895
1781254118.371008 0.111855268 -0.062120955 -0.991209507 0.011156977 0.892195582 -0.059216864 0.447611392
1781254118.404394 0.105469465 -0.063693397 -0.999847829 0.011003496 0.892067313 -0.058965478 0.447903991
1781254118.437780 0.100088716 -0.063531704 -1.008542538 0.011180187 0.891979218 -0.059447885 0.448011249
1781254118.471167 0.093926072 -0.064009726 -1.017463803 0.011245773 0.891708374 -0.059402023 0.448554516
1781254118.504553 0.088885069 -0.064629316 -1.026712298 0.011491924 0.891942203 -0.059051313 0.448129535
1781254118.537922 0.081082582 -0.066446945 -1.036258101 0.011568966 0.892058909 -0.058773164 0.447931737
1781254118.571291 0.075917602 -0.067387618 -1.044432759 0.010889052 0.891352117 -0.058629770 0.449372411
1781254118.604660 0.070599079 -0.066903561 -1.053621531 0.011161298 0.891281962 -0.058619775 0.449506015
1781254118.638029 0.064357996 -0.067273065 -1.063849688 0.011068819 0.891361296 -0.058690716 0.449341744
1781254118.671399 0.058251023 -0.068277709 -1.072636008 0.010958313 0.891680181 -0.058438729 0.448744267
1781254118.704768 0.051698089 -0.068248361 -1.082322598 0.010957904 0.891384065 -0.058686081 0.449299872
1781254118.738137 0.046046853 -0.069671407 -1.091822505 0.010588058 0.891456962 -0.058413133 0.449199706
1781254118.771505 0.039859653 -0.070023119 -1.101150393 0.010696211 0.891814768 -0.058346618 0.448495030
1781254118.804874 0.034451485 -0.070311934 -1.109292865 0.010577617 0.892099142 -0.058544051 0.447906196
1781254118.838242 0.027748108 -0.071953267 -1.118088007 0.010805914 0.892182708 -0.058042470 0.447799444
1781254118.871611 0.021523952 -0.071914032 -1.128115773 0.010626599 0.892103851 -0.058143415 0.447947860
1781254118.904979 0.015878320 -0.071966320 -1.137485385 0.010668174 0.892327547 -0.058358599 0.447472960
1781254118.938347 0.009503245 -0.072926939 -1.146640658 0.010617015 0.892309308 -0.058223762 0.447528243
1781254118.971715 0.004201174 -0.073320486 -1.155118465 0.010839053 0.892313778 -0.057984065 0.447544962
1781254119.005083 -0.001959920 -0.075336903 -1.162433505 0.010495698 0.892192364 -0.057566252 0.447849035
1781254119.038451 -0.007945776 -0.075014494 -1.171709180 0.010170019 0.891503334 -0.057974402 0.449174196
1781254119.071819 -0.014037490 -0.074636854 -1.182385206 0.010612100 0.891420186 -0.058214139 0.449297935
1781254119.105186 -0.019945741 -0.076414138 -1.190319777 0.010283516 0.891908467 -0.057838097 0.448384076
1781254119.138554 -0.025105238 -0.076027177 -1.200130701 0.010587408 0.891798496 -0.058119103 0.448559552
1781254119.171922 -0.031534910 -0.077542119 -1.207810044 0.010087784 0.891277492 -0.057846814 0.449640363
1781254119.205289 -0.037343264 -0.077584594 -1.218431354 0.010174583 0.891086161 -0.057969742 0.450001657
1781254119.238656 -0.042995811 -0.078409970 -1.227164507 0.009801664 0.890755415 -0.057881024 0.450675666
1781254119.272023 -0.047923923 -0.078206316 -1.237078786 0.009946395 0.890495062 -0.058010299 0.451170176
1781254119.305391 -0.051000357 -0.077712812 -1.245917320 0.010175124 0.890511632 -0.058569882 0.451060027
1781254119.338758 -0.058160543 -0.079174951 -1.254447341 0.009889964 0.890393019 -0.058261395 0.451340377
1781254119.372125 -0.063182950 -0.079935677 -1.263296247 0.009980860 0.890145957 -0.058017164 0.451856852
1781254119.405493 -0.069179058 -0.080631927 -1.271885395 0.009792266 0.889956057 -0.057823062 0.452259749
1781254119.438859 -0.072989345 -0.080609716 -1.279781699 0.009823729 0.889678895 -0.058312580 0.452741295
1781254119.472226 -0.078920841 -0.081163734 -1.288847566 0.009757061 0.888624728 -0.058166992 0.454827040
1781254119.505593 -0.084316254 -0.082056627 -1.297659516 0.009678671 0.888195574 -0.057829209 0.455709040
1781254119.538964 -0.089940548 -0.083196685 -1.306918979 0.009545444 0.887839198 -0.057543945 0.456441879
1781254119.572335 -0.092835307 -0.082170054 -1.315280914 0.009590356 0.887727201 -0.058141097 0.456583083
1781254119.605705 -0.098376989 -0.083051875 -1.325065970 0.009442118 0.886567533 -0.057617176 0.458899975
1781254119.639076 -0.103776813 -0.083925560 -1.334267735 0.009317346 0.885510385 -0.057472833 0.460957021
1781254119.672447 -0.109627604 -0.084717125 -1.343346000 0.008908496 0.885025263 -0.057752140 0.461861014
1781254119.705817 -0.114440322 -0.084717944 -1.352497578 0.009468202 0.885498464 -0.057603564 0.460960627
1781254119.739188 -0.119360447 -0.085299835 -1.361717820 0.009343824 0.884767830 -0.057798825 0.462339610
1781254119.772558 -0.124642372 -0.085703492 -1.370877504 0.009376510 0.883656383 -0.057583291 0.464486450
1781254119.805929 -0.129404306 -0.086591542 -1.380922556 0.009096567 0.882361650 -0.057579760 0.466947317
1781254119.839299 -0.134087443 -0.086851865 -1.390848160 0.009297467 0.881578505 -0.057465687 0.468434244
1781254119.872669 -0.137940526 -0.086800203 -1.400344372 0.009244130 0.880753577 -0.057746883 0.469949961
1781254119.906039 -0.142355919 -0.087291740 -1.410848022 0.009817414 0.880308509 -0.057417899 0.470811844
1781254119.939409 -0.145938039 -0.086869664 -1.420007467 0.009927838 0.879312396 -0.058028609 0.472592741
1781254119.972779 -0.150341153 -0.088223487 -1.430092573 0.009689204 0.877677977 -0.057529140 0.475686818
1781254120.006149 -0.156319737 -0.089699537 -1.439923167 0.009321955 0.876347542 -0.057280850 0.478170514
1781254120.039519 -0.159287930 -0.089154392 -1.448875308 0.009329447 0.875699580 -0.057610013 0.479316533
1781254120.072890 -0.164291143 -0.090408869 -1.459177613 0.009444980 0.874957740 -0.057332870 0.480700344
1781254120.106259 -0.168467879 -0.091410175 -1.468331456 0.009468762 0.874409616 -0.056902550 0.481747121
1781254120.139629 -0.171988010 -0.090876020 -1.477568269 0.009761260 0.873726368 -0.057168681 0.482948035
1781254120.172998 -0.177661657 -0.092785500 -1.487262607 0.009215023 0.872744441 -0.056905411 0.484761894
1781254120.206368 -0.181133628 -0.093462870 -1.496100664 0.009083212 0.871953249 -0.056846853 0.486192852
1781254120.239737 -0.184749961 -0.093262717 -1.504119158 0.009152546 0.871776521 -0.057219472 0.486464739
1781254120.273106 -0.189447999 -0.094247162 -1.513319016 0.009318074 0.871320367 -0.056612641 0.487349033
1781254120.306476 -0.193639994 -0.094905987 -1.522168636 0.009047136 0.870374739 -0.056801196 0.489019185
1781254120.339845 -0.197696209 -0.095404029 -1.531218290 0.009383536 0.869651139 -0.056592196 0.490322590
1781254120.373214 -0.200461984 -0.095637694 -1.538956404 0.008956432 0.868642688 -0.057218373 0.492042422
1781254120.406583 -0.205779552 -0.096840113 -1.548993468 0.009261040 0.868122876 -0.056558650 0.493029594
1781254120.439952 -0.210213661 -0.097440153 -1.558553576 0.009583998 0.867864370 -0.056706551 0.493461251
1781254120.473320 -0.212927461 -0.097353578 -1.567034006 0.009487273 0.867086172 -0.057088178 0.494785428
1781254120.506690 -0.218142033 -0.098311320 -1.577293396 0.009665190 0.865690351 -0.056779601 0.497255474
1781254120.540058 -0.221550465 -0.098439850 -1.585176706 0.009663303 0.865082741 -0.056911826 0.498296648
1781254120.573426 -0.226184845 -0.099652007 -1.594826937 0.009636935 0.864681125 -0.056956742 0.498988688
1781254120.606793 -0.229946136 -0.099671118 -1.603425860 0.009593042 0.864780784 -0.057252236 0.498783022
1781254120.640161 -0.234250784 -0.100242846 -1.611835003 0.009601392 0.864737928 -0.057157837 0.498867899
1781254120.673529 -0.239120245 -0.100265816 -1.620076656 0.009803934 0.864746749 -0.057054311 0.498860538
1781254120.940468 -0.294926882 -0.146807641 -1.633828878 0.009888801 0.875326574 -0.039472960 0.481816947
1781254120.973834 -0.306497812 -0.131892756 -1.679892778 0.008628000 0.872004330 -0.046682019 0.487190753
1781254121.007201 -0.298113108 -0.110995173 -1.697836161 0.008678339 0.874315500 -0.056074761 0.482029885
1781254121.040568 -0.303505659 -0.108851112 -1.713095188 0.010196576 0.874979377 -0.056243908 0.480774075
1781254121.073934 -0.310326099 -0.108932018 -1.722341061 0.010930984 0.876825988 -0.056214370 0.477385342
1781254121.107301 -0.316517830 -0.109323852 -1.731292248 0.010978641 0.878710270 -0.056360096 0.473889530
1781254121.140667 -0.323654652 -0.109621748 -1.738531470 0.010770725 0.880652666 -0.056739204 0.470229387
1781254121.174033 -0.330935717 -0.111079119 -1.747928500 0.010735903 0.882287264 -0.056448411 0.467191190
1781254121.207399 -0.337816000 -0.111747906 -1.755330563 0.010669136 0.883971989 -0.056245346 0.464021862
1781254121.240765 -0.345007896 -0.112766162 -1.762784243 0.010645053 0.886437774 -0.056512084 0.459261686
1781254121.274131 -0.352219343 -0.112466037 -1.771859884 0.010892476 0.887827873 -0.056758698 0.456532001
1781254121.307497 -0.360161304 -0.113317311 -1.780701876 0.010855428 0.889472663 -0.056726981 0.453324020
1781254121.340863 -0.368326664 -0.114156306 -1.789180279 0.011392620 0.891591251 -0.056764763 0.449124694
1781254121.374228 -0.375996351 -0.114768133 -1.795914412 0.010926190 0.893491089 -0.056915388 0.445325643
1781254121.407594 -0.385437727 -0.115798742 -1.806226611 0.011361585 0.895233750 -0.056492396 0.441855252
1781254121.440959 -0.393573999 -0.115769915 -1.815768003 0.011376874 0.897161663 -0.057036459 0.437856704
1781254121.474326 -0.402648926 -0.116679236 -1.823195457 0.011497856 0.898947477 -0.057077587 0.434169769
1781254121.507691 -0.410841703 -0.116834044 -1.831408620 0.011232710 0.899603069 -0.057002395 0.432826579
1781254121.541061 -0.420843363 -0.118834198 -1.840831995 0.011943228 0.901406705 -0.056204300 0.429143846
1781254121.574430 -0.428193331 -0.118308946 -1.849916458 0.012022667 0.903190017 -0.057074148 0.425259739
1781254121.607799 -0.436239243 -0.118007302 -1.858258247 0.012041535 0.904622972 -0.057558209 0.422136575
1781254121.641168 -0.446017981 -0.119499013 -1.865879059 0.011910593 0.905989051 -0.057527680 0.419204652
1781254121.741275 -0.469452381 -0.119774997 -1.890450358 0.012110904 0.909625709 -0.058253761 0.411146015
1781254121.774644 -0.477153540 -0.120188504 -1.898055196 0.011984739 0.910480320 -0.058192622 0.409262329
1781254121.808013 -0.484793425 -0.120342210 -1.905580521 0.012183519 0.911411583 -0.058408484 0.407147378
1781254121.841381 -0.491693974 -0.120709166 -1.913353443 0.012146302 0.911679089 -0.058527678 0.406531990
1781254121.874750 -0.498336077 -0.121683002 -1.920159459 0.011937834 0.911972046 -0.058352489 0.405905962
1781254121.908118 -0.505080223 -0.121804565 -1.927943707 0.012078668 0.912459731 -0.058618218 0.404765844
1781254121.941487 -0.511772871 -0.122434519 -1.935931206 0.011959488 0.912605345 -0.058351144 0.404479653
1781254121.974855 -0.516973495 -0.122644380 -1.941864729 0.012014712 0.912987649 -0.058345206 0.403615087
1781254122.008223 -0.522873163 -0.122590028 -1.949560523 0.011720103 0.912987113 -0.058484022 0.403604925
1781254122.041591 -0.528774261 -0.122590609 -1.956999183 0.012006567 0.913361251 -0.058874723 0.402692109
1781254122.074959 -0.534329176 -0.122257710 -1.962914944 0.011414304 0.913265049 -0.059280306 0.402867913
1781254122.108327 -0.539278030 -0.122435704 -1.970319510 0.011645822 0.913638711 -0.058840662 0.402077645
1781254122.141695 -0.546082497 -0.122867301 -1.976416111 0.011867877 0.914499819 -0.059137631 0.400065064
1781254122.175064 -0.552104473 -0.124249704 -1.982893825 0.011378535 0.914597988 -0.058740955 0.399913132
1781254122.208431 -0.558147669 -0.124739140 -1.989423752 0.011572658 0.914987803 -0.058517098 0.399047941
1781254122.241799 -0.563946009 -0.125237107 -1.995378852 0.011436292 0.915314019 -0.058441237 0.398314089
1781254122.275167 -0.569502592 -0.125363857 -2.002190351 0.011513169 0.915555298 -0.058631431 0.397729158
1781254122.308534 -0.574877501 -0.125427395 -2.007859707 0.011469856 0.915688932 -0.058681265 0.397415102
1781254122.341901 -0.579931736 -0.125947788 -2.014471531 0.011473525 0.915908158 -0.058572646 0.396925569
1781254122.375268 -0.585010767 -0.125289917 -2.021564960 0.011554038 0.916012764 -0.059250403 0.396581084
1781254122.408636 -0.590206861 -0.125734001 -2.027953148 0.011596206 0.916044414 -0.058991693 0.396545261
1781254122.442003 -0.594905376 -0.126408905 -2.034710646 0.011595281 0.916073978 -0.058661073 0.396526039
1781254122.475370 -0.600945711 -0.127153337 -2.041610241 0.011522648 0.916253388 -0.058513474 0.396135241
1781254122.508737 -0.606090546 -0.128006607 -2.048506737 0.011313787 0.916513562 -0.058237068 0.395579815
1781254122.542108 -0.611135244 -0.127309918 -2.056195974 0.011406700 0.916998923 -0.058721900 0.394378841
1781254122.575478 -0.617125988 -0.128525853 -2.062672138 0.011192277 0.917420805 -0.058362771 0.393456042
1781254122.608848 -0.622148514 -0.128837094 -2.069066763 0.010916284 0.917589784 -0.058318049 0.393076241
1781254122.642219 -0.626757145 -0.128842950 -2.076079845 0.010704842 0.918224394 -0.058513533 0.391568094
1781254122.675589 -0.632914305 -0.128977016 -2.083159685 0.010789654 0.918563128 -0.058699321 0.390742630
1781254122.708959 -0.637871981 -0.129699484 -2.089576721 0.010357505 0.918954968 -0.058464821 0.389867097
1781254122.742329 -0.643589497 -0.129199311 -2.096126318 0.010130123 0.919531584 -0.058913246 0.388443410
1781254122.775699 -0.649818182 -0.129067361 -2.104080915 0.010463435 0.920374811 -0.058979653 0.386422306
1781254122.809069 -0.655959845 -0.129507616 -2.109538555 0.010174752 0.921445012 -0.059046976 0.383860767
1781254122.842438 -0.662778139 -0.130871475 -2.115936041 0.010126071 0.922150016 -0.058553271 0.382241189
1781254122.875809 -0.669467211 -0.130932361 -2.123135090 0.009911791 0.922967434 -0.058836423 0.380225182
1781254122.909179 -0.675785542 -0.131139934 -2.129711390 0.009930921 0.924242079 -0.058896486 0.377106428
1781254122.942548 -0.682853222 -0.132038593 -2.135494232 0.010026810 0.925427973 -0.058666062 0.374220401
1781254122.975918 -0.689674616 -0.132195234 -2.141151667 0.010212287 0.926759183 -0.058930472 0.370864421
1781254123.009287 -0.696890593 -0.133458078 -2.147790432 0.010078934 0.927685142 -0.058460053 0.368620723
1781254123.042656 -0.703819036 -0.132821202 -2.154798985 0.009896140 0.928964198 -0.059032641 0.365298271
1781254123.076026 -0.711998224 -0.133917436 -2.160931349 0.009956636 0.930286705 -0.058794353 0.361954182
1781254123.109395 -0.718553066 -0.134042621 -2.166691542 0.009711934 0.931796610 -0.058946069 0.358030945
1781254123.142764 -0.727506876 -0.135183334 -2.173421860 0.009650495 0.932963312 -0.058718730 0.355019033
1781254123.176133 -0.736268997 -0.135903165 -2.179579258 0.009340091 0.933979571 -0.058872428 0.352319628
1781254123.209502 -0.744502783 -0.135462999 -2.185762167 0.009573401 0.935347140 -0.059219763 0.348607421
1781254123.242871 -0.752652645 -0.135390893 -2.193098783 0.009626434 0.936508358 -0.059537921 0.345419794
1781254123.276240 -0.762415409 -0.136535197 -2.199017525 0.009535546 0.937747478 -0.059320476 0.342081666
1781254123.309608 -0.770193577 -0.136386365 -2.205881596 0.009680408 0.938998222 -0.059261270 0.338639617
1781254123.342977 -0.780268431 -0.137504011 -2.211824656 0.009468141 0.940096557 -0.059426878 0.335555255
1781254123.376346 -0.787985325 -0.137021884 -2.217651844 0.009574905 0.941476345 -0.059372336 0.331670940
1781254123.409714 -0.797049999 -0.136580646 -2.224453449 0.009864293 0.942882001 -0.060221959 0.327489734
1781254123.443083 -0.806159019 -0.137194142 -2.229532957 0.009885231 0.944266498 -0.060069494 0.323503792
1781254123.476451 -0.814864159 -0.137983516 -2.234753609 0.009617486 0.945320189 -0.059972718 0.320438266
1781254123.509820 -0.824196339 -0.138563663 -2.239899397 0.009439606 0.945898235 -0.059721272 0.318780214
1781254123.543189 -0.832561493 -0.139259532 -2.244622707 0.009020055 0.946906507 -0.059748236 0.315779895
1781254123.576560 -0.841050386 -0.139517561 -2.250027657 0.009006702 0.947794318 -0.060047891 0.313048184
1781254123.609929 -0.850265026 -0.140274793 -2.256141901 0.009076702 0.948425829 -0.059944205 0.311147392
1781254123.643299 -0.857274771 -0.139640853 -2.261228561 0.008886362 0.948716938 -0.060350224 0.310185641
1781254123.676668 -0.866702557 -0.140697300 -2.266349316 0.008664709 0.948687494 -0.060132336 0.310324103
1781254123.710037 -0.874243259 -0.142125681 -2.270620823 0.008362330 0.948610902 -0.059857808 0.310619652
1781254123.743406 -0.882106781 -0.141548604 -2.276823044 0.008764561 0.948406279 -0.060029224 0.311199814
1781254123.776775 -0.890241146 -0.141072497 -2.282705307 0.008807612 0.948053241 -0.060651470 0.312152088
1781254123.810144 -0.899309874 -0.141473055 -2.288081646 0.008980717 0.947579205 -0.060497865 0.313613087
1781254123.843513 -0.907227039 -0.142128468 -2.292633057 0.008867721 0.947228909 -0.060435768 0.314684391
1781254123.876882 -0.915758371 -0.141647369 -2.298300743 0.009042514 0.946839750 -0.060766265 0.315785140
1781254123.910250 -0.924966097 -0.142545432 -2.304191351 0.008922607 0.946383893 -0.060662247 0.317172050
1781254123.943619 -0.933247089 -0.142943710 -2.309374809 0.009295338 0.946341813 -0.060404982 0.317335725
1781254123.976987 -0.940529346 -0.142150566 -2.314498663 0.009504709 0.946117520 -0.060854364 0.317912191
1781254124.010356 -0.948298931 -0.142214268 -2.321068525 0.008987073 0.945092440 -0.060896471 0.320953637
1781254124.043724 -0.957113266 -0.142960101 -2.325598001 0.009027890 0.945058823 -0.060459524 0.321134031
1781254124.077093 -0.966809273 -0.144247860 -2.330125093 0.008883624 0.945136786 -0.060047708 0.320985854
1781254124.110461 -0.975519180 -0.144458577 -2.335844517 0.008843457 0.945080101 -0.060187921 0.321127594
1781254124.143829 -0.983612061 -0.144789830 -2.341346025 0.008783247 0.944977343 -0.060360026 0.321399122
1781254124.177197 -0.990682364 -0.142880023 -2.347262859 0.008976926 0.944660962 -0.061131552 0.322177202
1781254124.210565 -0.999611378 -0.144789100 -2.351708412 0.008537941 0.944598377 -0.060382463 0.322513610
1781254124.243933 -1.007835865 -0.144232988 -2.357535124 0.008677577 0.944479227 -0.060868900 0.322767258
1781254124.277302 -1.015722513 -0.144262508 -2.363039017 0.008719483 0.944424570 -0.060768254 0.322945029
1781254124.310669 -1.025446177 -0.144639879 -2.369217873 0.008938434 0.944209695 -0.060696319 0.323580354
1781254124.344037 -1.033850670 -0.145661443 -2.374022722 0.008613361 0.944181919 -0.060574684 0.323693007
1781254124.377404 -1.040567875 -0.144480035 -2.379933834 0.009036465 0.943911552 -0.061008953 0.324387550
1781254124.410772 -1.049265862 -0.145205736 -2.385967970 0.008989146 0.943659604 -0.060907625 0.325140059
1781254124.444139 -1.058014154 -0.145798594 -2.391663551 0.009151625 0.943570733 -0.060598411 0.325451016
1781254124.477507 -1.066429615 -0.146967217 -2.397210121 0.008814260 0.943662763 -0.060470853 0.325217098
1781254124.510874 -1.074660540 -0.146790206 -2.403590441 0.009140127 0.943575084 -0.060560126 0.325445920
1781254124.544244 -1.082616806 -0.147055581 -2.409710884 0.008740188 0.943108618 -0.060514715 0.326814711
1781254124.577615 -1.090304136 -0.147234082 -2.415691853 0.008880642 0.943036258 -0.060416657 0.327037841
1781254124.610984 -1.098052979 -0.147281885 -2.421503067 0.008591912 0.943044364 -0.060486760 0.327009141
1781254124.644355 -1.105849028 -0.147906095 -2.428156376 0.008966786 0.943073988 -0.060229503 0.326960921
1781254124.677724 -1.113312483 -0.148497701 -2.434439898 0.008666949 0.943121016 -0.060253069 0.326829284
1781254124.711094 -1.120711803 -0.148284674 -2.440647364 0.008874626 0.943320334 -0.060588606 0.326185614
1781254124.744464 -1.128494501 -0.149297386 -2.447296143 0.008785050 0.943299830 -0.060193304 0.326320380
1781254124.777834 -1.135347843 -0.148715869 -2.454208612 0.009014900 0.943424165 -0.060623720 0.325874865
1781254124.811203 -1.142721653 -0.150334731 -2.460323095 0.008608449 0.943339348 -0.060149319 0.326219082
1781254124.844573 -1.150329113 -0.150346756 -2.467426300 0.008582566 0.943134367 -0.060122389 0.326817006
1781254124.877942 -1.155761480 -0.150550485 -2.474101305 0.008710433 0.943120122 -0.060355004 0.326811731
1781254124.911312 -1.162925482 -0.151506364 -2.481053352 0.008680580 0.942912817 -0.060134307 0.327450693
1781254124.944681 -1.170534372 -0.152529106 -2.488479853 0.008967876 0.942627370 -0.059780896 0.328328371
1781254124.978051 -1.177202940 -0.152119011 -2.495183945 0.009127368 0.941857815 -0.060033876 0.330479294
1781254125.011420 -1.183197021 -0.152017310 -2.502362967 0.008916650 0.940885246 -0.060219184 0.333210379
1781254125.044790 -1.191246033 -0.153016150 -2.510803938 0.008874837 0.940367401 -0.059972115 0.334714532
1781254125.078159 -1.196617842 -0.152877510 -2.517218590 0.008775737 0.940302551 -0.060284328 0.334843159
1781254125.111528 -1.204162836 -0.152886555 -2.525312901 0.008882739 0.939797044 -0.060473606 0.336222589
1781254125.144897 -1.211704493 -0.153469130 -2.532277584 0.008960304 0.939175367 -0.060538810 0.337941498
1781254125.178265 -1.218737125 -0.154472381 -2.538381100 0.008619951 0.938805878 -0.060192451 0.339037150
1781254125.211634 -1.225705385 -0.154086843 -2.546270609 0.008682517 0.938497901 -0.060606804 0.339813292
1781254125.245003 -1.233176708 -0.154967248 -2.552983761 0.008758570 0.938537717 -0.060315225 0.339753330
1781254125.278371 -1.240602255 -0.154360428 -2.560614586 0.008749796 0.938348055 -0.060881421 0.340176076
1781254125.311740 -1.247445107 -0.154826850 -2.567539692 0.008641058 0.938878715 -0.061035536 0.338684022
1781254125.345109 -1.255697966 -0.155916065 -2.574485302 0.008952327 0.938691199 -0.060668413 0.339260966
1781254125.378477 -1.262641191 -0.156287074 -2.582315445 0.008618008 0.938607872 -0.060824871 0.339472115
1781254125.411845 -1.269491196 -0.156488687 -2.588818312 0.008768390 0.938611865 -0.060901146 0.339443654
1781254125.445213 -1.276431799 -0.156184480 -2.595762730 0.008772520 0.938350022 -0.061442297 0.340069354
1781254125.478581 -1.283506393 -0.156673789 -2.603280783 0.008847725 0.938440323 -0.061352246 0.339834541
1781254125.511950 -1.290493965 -0.156806260 -2.610103607 0.009040198 0.938750386 -0.061652981 0.338917285
1781254125.545318 -1.297246456 -0.157860205 -2.616828918 0.009223994 0.938855171 -0.061364349 0.338674515
1781254125.578687 -1.303622246 -0.158630788 -2.624150276 0.008897170 0.938438833 -0.060978685 0.339904577
1781254125.612055 -1.310644865 -0.159058973 -2.629897118 0.008940442 0.938392162 -0.060858980 0.340053678
1781254125.645423 -1.316413641 -0.158959538 -2.636331797 0.008888879 0.938731432 -0.061133932 0.339067876
1781254125.678792 -1.322415829 -0.159276173 -2.642463446 0.008855255 0.938897669 -0.061136667 0.338607460
1781254125.712161 -1.329702377 -0.160124332 -2.648915529 0.009171816 0.938871920 -0.060988147 0.338697523
1781254125.745528 -1.336080074 -0.160466731 -2.655441761 0.008806146 0.938718677 -0.060945399 0.339139342
1781254125.778896 -1.341958046 -0.161008656 -2.660806894 0.008900914 0.939111769 -0.060937617 0.338048160
1781254125.812264 -1.348147392 -0.161379889 -2.666744709 0.009011015 0.939249814 -0.060886279 0.337670535
1781254125.845632 -1.354283810 -0.161784500 -2.673497677 0.009006307 0.939175189 -0.060741458 0.337904543
1781254125.878999 -1.360134840 -0.162071660 -2.678929806 0.008894606 0.939117908 -0.060702763 0.338073462
1781254125.912367 -1.366854191 -0.162539676 -2.684902191 0.008995757 0.939453185 -0.060669370 0.337144017
1781254125.945734 -1.373833895 -0.163085759 -2.691453218 0.008812592 0.939762592 -0.060618196 0.336294711
1781254125.979102 -1.381518841 -0.164390266 -2.698174000 0.009154259 0.939898849 -0.060174868 0.335984349
1781254126.012469 -1.387318611 -0.163603514 -2.705406189 0.009313626 0.939609230 -0.060733106 0.336688787
1781254126.045836 -1.393736839 -0.164616838 -2.709498405 0.009137358 0.939713657 -0.060251594 0.336488545
1781254126.079203 -1.400178671 -0.165810436 -2.715114832 0.008969618 0.940050483 -0.060152832 0.335568637
1781254126.112570 -1.407517910 -0.166957736 -2.721634865 0.009356334 0.940158427 -0.059827574 0.335313708
1781254126.145936 -1.412848711 -0.165688068 -2.727565765 0.008911313 0.940266132 -0.060533460 0.334896892
1781254126.179303 -1.418907642 -0.165671706 -2.733403206 0.008751918 0.940406859 -0.060848735 0.334448576
1781254126.212670 -1.425552845 -0.166714236 -2.738741159 0.008665165 0.940562665 -0.060509391 0.334074140
1781254126.246037 -1.432653904 -0.167235494 -2.745393753 0.008611977 0.940683782 -0.060523763 0.333731592
1781254126.279403 -1.439080954 -0.166999072 -2.750503302 0.008624122 0.941235721 -0.060702745 0.332138777
1781254126.312769 -1.445885658 -0.167980224 -2.755714417 0.008540565 0.941777706 -0.060567107 0.330625892
1781254126.346136 -1.452677727 -0.167814940 -2.761872053 0.008772893 0.942409813 -0.060984079 0.328736663
1781254126.379503 -1.458958626 -0.167903543 -2.766528130 0.008511416 0.943019927 -0.061108153 0.326966166
1781254126.412869 -1.466037273 -0.168182790 -2.771744728 0.008601932 0.943597436 -0.061181679 0.325279623
1781254126.446235 -1.473585129 -0.169049338 -2.776096106 0.008293625 0.944128633 -0.061058924 0.323765635
1781254126.479601 -1.480647326 -0.169535100 -2.781365395 0.008563079 0.944998860 -0.060900487 0.321239948
1781254126.512967 -1.488717318 -0.169756740 -2.786634922 0.008596135 0.945748746 -0.061237615 0.318959773
1781254126.546338 -1.495499849 -0.169700518 -2.792300940 0.008457156 0.946499348 -0.061405670 0.316696733
1781254126.579710 -1.502852201 -0.169558704 -2.797627926 0.008652365 0.947341323 -0.061615124 0.314123034
1781254126.613081 -1.510130167 -0.170376852 -2.801917791 0.008878439 0.948055387 -0.061076734 0.312060505
1781254126.646453 -1.518691540 -0.169962823 -2.806928396 0.008918246 0.949445128 -0.061286863 0.307763547
1781254126.679824 -1.527172089 -0.170812875 -2.811542273 0.008746512 0.950703919 -0.061258782 0.303863525
1781254126.713195 -1.534963131 -0.171196327 -2.816628695 0.008824798 0.951745868 -0.060983922 0.300637484
1781254126.746566 -1.542977810 -0.171030894 -2.820497036 0.008736259 0.953298032 -0.061413296 0.295592666
1781254126.779938 -1.552387714 -0.172082365 -2.825014591 0.008590204 0.954721391 -0.060897607 0.291075170
1781254126.813308 -1.560948372 -0.172769740 -2.828025341 0.008617201 0.956413507 -0.060825527 0.285480738
1781254126.846679 -1.570058107 -0.175023556 -2.830539465 0.008510722 0.957862377 -0.059464917 0.280875832
1781254126.880050 -1.578684807 -0.174117014 -2.835497856 0.008639815 0.959547520 -0.060177114 0.274904937
1781254126.913421 -1.587985754 -0.174430981 -2.839272976 0.009038561 0.961374164 -0.060043104 0.268464088
1781254126.946792 -1.596918106 -0.173809990 -2.844956636 0.009003603 0.963004768 -0.060518831 0.262446582
1781254126.980162 -1.605814695 -0.174200401 -2.850043535 0.008860243 0.964980185 -0.060519416 0.255092651
1781254127.013533 -1.616867542 -0.176340908 -2.851270437 0.008520004 0.966654420 -0.059694786 0.248884156
1781254127.046903 -1.626915932 -0.176642224 -2.855364799 0.008885334 0.968391418 -0.059666373 0.242031127
1781254127.080275 -1.635246277 -0.177072883 -2.858451128 0.008641005 0.970197022 -0.059796333 0.234664887
1781254127.113645 -1.645288467 -0.177181095 -2.862321138 0.008712851 0.971680403 -0.059763506 0.228450626
1781254127.147015 -1.655175447 -0.176544204 -2.866235256 0.008957510 0.973327100 -0.060001425 0.221255600
1781254127.180386 -1.665385962 -0.177176610 -2.869283199 0.008941963 0.975125253 -0.059980292 0.213197738
1781254127.213756 -1.675087690 -0.176272199 -2.872964621 0.009421882 0.976510406 -0.059900492 0.206762120
1781254127.247126 -1.685704470 -0.175905049 -2.877056360 0.009388456 0.977954090 -0.060553432 0.199627250
1781254127.280496 -1.696468830 -0.175808594 -2.879656076 0.009852140 0.979124069 -0.060692023 0.193740964
1781254127.313866 -1.706694603 -0.177128166 -2.882903576 0.009468248 0.980497837 -0.060095180 0.186876789
1781254127.347236 -1.716042519 -0.175631970 -2.886125088 0.010300477 0.982099235 -0.061092183 0.177884147
1781254127.380605 -1.726533890 -0.177386954 -2.888004065 0.010067186 0.983380139 -0.060358550 0.170935735
1781254127.413975 -1.737378120 -0.177609131 -2.889744759 0.009766062 0.984401166 -0.060254492 0.165010199
1781254127.447345 -1.745857716 -0.177114248 -2.892832279 0.009906417 0.985675335 -0.060621221 0.157070100
1781254127.480714 -1.756553888 -0.177039668 -2.894767284 0.010139941 0.986695588 -0.060777601 0.150449753
1781254127.514084 -1.767373085 -0.177562356 -2.896608353 0.010191894 0.987676919 -0.060569286 0.143950686
1781254127.547456 -1.777070999 -0.177357033 -2.898122787 0.010201363 0.988671541 -0.060765136 0.136865482
1781254127.580827 -1.786850929 -0.177841276 -2.899674892 0.009816501 0.989682794 -0.060615692 0.129450306
1781254127.614199 -1.796481848 -0.176037610 -2.901266098 0.010371896 0.990452707 -0.061491817 0.122941859
1781254127.647570 -1.807260752 -0.175121650 -2.903641224 0.010815813 0.991291165 -0.062013008 0.115669087
1781254127.680942 -1.818482876 -0.178064018 -2.902200699 0.009713369 0.992079854 -0.060941577 0.109404631
1781254127.714313 -1.828412533 -0.178501949 -2.903560400 0.009361790 0.992776811 -0.060905185 0.102942310
1781254127.747684 -1.839681625 -0.178427309 -2.904546022 0.009759551 0.993447900 -0.061264291 0.095983155
1781254127.781057 -1.851412535 -0.179285049 -2.903272867 0.009749440 0.994015992 -0.060673311 0.090310968
1781254127.814428 -1.861803770 -0.178579628 -2.905045033 0.010295027 0.994561851 -0.061193451 0.083643705
1781254127.847799 -1.872885704 -0.179221123 -2.905805349 0.010353386 0.995088339 -0.061026815 0.077251703
1781254127.881170 -1.882835865 -0.177690178 -2.907174349 0.011311538 0.995509267 -0.061716091 0.070883460
1781254127.914541 -1.891795158 -0.178007573 -2.907629013 0.011459040 0.995998025 -0.061592378 0.063742049
1781254127.947912 -1.903169632 -0.177543610 -2.907631159 0.011818811 0.996383309 -0.062076032 0.056809496
1781254127.981283 -1.914614677 -0.180260748 -2.905659914 0.010978738 0.996813238 -0.060998980 0.050220110
1781254128.014654 -1.924505949 -0.179461122 -2.906949759 0.011048572 0.997078598 -0.061501764 0.043929778
1781254128.048025 -1.936949492 -0.180537313 -2.905810595 0.011583047 0.997360528 -0.061259117 0.037218586
1781254128.081395 -1.946135759 -0.179638714 -2.905475378 0.011324325 0.997569084 -0.061450921 0.030847320
1781254128.114766 -1.957849503 -0.178103089 -2.905961990 0.011994212 0.997727752 -0.062149461 0.023084557
1781254128.148136 -1.968504190 -0.182151347 -2.903664112 0.010728821 0.997965276 -0.060887240 0.015588011
1781254128.181507 -1.976677418 -0.180076987 -2.903994560 0.011199788 0.998028100 -0.061046135 0.009372181
1781254128.214877 -1.987839937 -0.179072261 -2.905094862 0.011624638 0.998033106 -0.061598431 0.000675716
1781254128.248248 -1.999410987 -0.180902779 -2.903396606 -0.011312465 -0.998051405 0.060989954 0.006764934
1781254128.281618 -2.008148670 -0.179589435 -2.901641130 -0.011640137 -0.997952104 0.061140921 0.014766382
1781254128.314988 -2.017268896 -0.179415628 -2.901122570 -0.011080603 -0.997779191 0.061569490 0.022873510
1781254128.348358 -2.027390003 -0.178187132 -2.898766279 -0.011204095 -0.997568309 0.061747674 0.030318419
1781254128.381728 -2.037621021 -0.177787825 -2.897896051 -0.011448647 -0.997276425 0.061712019 0.038735267
1781254128.415098 -2.045942783 -0.176310807 -2.897736549 -0.011158523 -0.996882617 0.062020037 0.047478378
1781254128.448468 -2.059201241 -0.176878184 -2.893544912 -0.010769397 -0.996472061 0.061958574 0.055575933
1781254128.481839 -2.068925619 -0.178005427 -2.889395714 -0.010133629 -0.996044338 0.061271962 0.063551977
1781254128.515209 -2.079794407 -0.178573519 -2.887986898 -0.010446359 -0.995511830 0.060895842 0.071685292
1781254128.548625 -2.091768026 -0.175888345 -2.885799885 -0.010836795 -0.994789302 0.061513480 0.080579311
1781254128.582042 -2.101076365 -0.172031149 -2.886284590 -0.010040737 -0.993951142 0.062857665 0.089494176
1781254128.615460 -2.108199120 -0.175362974 -2.881774902 -0.010319954 -0.993072689 0.061539706 0.099564619
1781254128.648878 -2.113021851 -0.170848683 -2.880008936 -0.011177466 -0.991934478 0.062490035 0.109709494
1781254128.682296 -2.122284174 -0.169952005 -2.877089739 -0.010419421 -0.990612864 0.062837072 0.120951451
1781254128.715715 -2.127051353 -0.170432821 -2.874067068 -0.010928150 -0.988844216 0.062342841 0.134837210
1781254128.749135 -2.133629322 -0.170308158 -2.871230841 -0.010762548 -0.987099648 0.062463444 0.147026986
1781254128.782555 -2.135484219 -0.168413654 -2.869486570 -0.010793541 -0.984911442 0.063007005 0.160820305
1781254128.815975 -2.148033619 -0.166655585 -2.865396023 -0.010606589 -0.983312309 0.063209221 0.170261875
1781254128.849396 -2.155331612 -0.165626422 -2.862792730 -0.010484600 -0.981405616 0.062902689 0.181042463
1781254128.882818 -2.165160179 -0.165227324 -2.857141972 -0.011192018 -0.979296625 0.062816523 0.192111954
1781254128.916240 -2.171591282 -0.165957883 -2.851273298 -0.011295137 -0.976645231 0.062578410 0.205232695
1781254128.949663 -2.181014061 -0.166818976 -2.844928503 -0.011677821 -0.973921657 0.062127862 0.217900053
1781254128.983086 -2.188136101 -0.162022948 -2.838592291 -0.011749308 -0.970973432 0.062986113 0.230445817
1781254129.016510 -2.201475620 -0.160222143 -2.833405972 -0.011406248 -0.968334556 0.062924206 0.241327077
1781254129.049934 -2.212240934 -0.161363006 -2.824939728 -0.011214917 -0.965013266 0.062253196 0.254456788
1781254129.083358 -2.221488476 -0.160191685 -2.818099260 -0.011253826 -0.961613119 0.062009200 0.267073900
1781254129.116784 -2.232326508 -0.160674959 -2.810539484 -0.011620701 -0.957995117 0.061439201 0.279884815
1781254129.150209 -2.241048336 -0.159188867 -2.804551125 -0.011425666 -0.953991771 0.061489753 0.293237507
1781254129.183637 -2.251627207 -0.156628191 -2.794850111 -0.011249361 -0.950003147 0.061559800 0.305905044
1781254129.217063 -2.261397362 -0.155327350 -2.787507057 -0.011100126 -0.945583224 0.061695077 0.319285005
1781254129.250491 -2.272897005 -0.152266055 -2.780226707 -0.010840162 -0.941205621 0.062666960 0.331794173
1781254129.283918 -2.281469822 -0.154821426 -2.770973206 -0.011460626 -0.936891854 0.061227474 0.344025373
1781254129.317347 -2.288417578 -0.156450465 -2.762853146 -0.011834249 -0.932673693 0.060158178 0.355472714
1781254129.350775 -2.296928167 -0.152356386 -2.755286932 -0.010982943 -0.928049862 0.060897637 0.367279559
1781254129.384205 -2.305064201 -0.148350209 -2.749203444 -0.010505363 -0.922919035 0.061960425 0.379830360
1781254129.417634 -2.313214064 -0.149659574 -2.742584944 -0.010921817 -0.918639183 0.061121497 0.390188485
1781254129.451065 -2.316737652 -0.152144775 -2.737427950 -0.011622996 -0.914019287 0.060075246 0.401029587
1781254129.484496 -2.324534416 -0.149192154 -2.727378845 -0.010678738 -0.910108745 0.060317539 0.409816951
1781254129.517925 -2.331018925 -0.147810072 -2.718532801 -0.010375197 -0.905375183 0.060323589 0.420177698
1781254129.551303 -2.334452152 -0.148738503 -2.712916136 -0.011323775 -0.900038719 0.060047850 0.431504816
1781254129.584680 -2.341161013 -0.147967592 -2.703891516 -0.011029536 -0.896094263 0.059777413 0.439681947
1781254129.618058 -2.345684528 -0.148161620 -2.696427345 -0.011228390 -0.892113805 0.059288040 0.447763205
1781254129.651436 -2.351201057 -0.146164715 -2.689100981 -0.010779732 -0.887928426 0.059201661 0.456028789
1781254129.684813 -2.356839180 -0.145552382 -2.678408623 -0.010818734 -0.883423448 0.059076522 0.464710563
1781254129.718191 -2.360614300 -0.146775246 -2.670952320 -0.010987235 -0.879270613 0.058263171 0.472618222
1781254129.751569 -2.364526033 -0.148518428 -2.663124323 -0.011429160 -0.874999285 0.057224970 0.480594307
1781254129.784946 -2.366231918 -0.148826420 -2.657073021 -0.011808743 -0.870033145 0.056670431 0.489582866
1781254129.818324 -2.371640205 -0.145731196 -2.648561239 -0.010938382 -0.866783500 0.056936864 0.495302945
1781254129.851701 -2.376109123 -0.144864589 -2.639285088 -0.010751583 -0.863081634 0.056847688 0.501739800
1781254129.885080 -2.378812551 -0.144844681 -2.632213831 -0.010853901 -0.858913958 0.056663305 0.508859813
1781254129.918458 -2.382761240 -0.142588645 -2.624323606 -0.010381754 -0.855246127 0.056980979 0.514975250
1781254129.951835 -2.384633064 -0.144074455 -2.617367983 -0.010869807 -0.851084590 0.056284539 0.521889865
1781254129.985213 -2.388257980 -0.143645555 -2.606887341 -0.010621216 -0.848020315 0.055741657 0.526917040
1781254130.018590 -2.390611649 -0.142657369 -2.598873615 -0.010949451 -0.844260156 0.055853739 0.532902777
1781254130.051968 -2.392327785 -0.141998261 -2.589908361 -0.010727774 -0.840122879 0.055701949 0.539421737
1781254130.085345 -2.395650864 -0.139827371 -2.581479073 -0.010188089 -0.836255789 0.055541430 0.545424283
1781254130.118722 -2.398158073 -0.139996961 -2.571573734 -0.010294429 -0.832365632 0.055146713 0.551380455
1781254130.152100 -2.401680470 -0.138469562 -2.564202070 -0.010070011 -0.828284919 0.055212773 0.557489276
1781254130.185477 -2.403311253 -0.138780415 -2.555063248 -0.010077536 -0.824390352 0.054489333 0.563302696
1781254130.218855 -2.406254292 -0.136693984 -2.544936657 -0.009702453 -0.820183873 0.054788429 0.569387913
1781254130.252232 -2.408595324 -0.136765614 -2.534369469 -0.009790782 -0.816889465 0.054097202 0.574168444
1781254130.285610 -2.411910295 -0.135136485 -2.526274681 -0.009467752 -0.812468529 0.054214630 0.580401719
1781254130.318987 -2.412943840 -0.134555519 -2.516711235 -0.009778098 -0.808049798 0.054073036 0.586545825
1781254130.352365 -2.415096521 -0.133923963 -2.507255077 -0.009147351 -0.803829551 0.053499416 0.592378497
1781254130.385742 -2.418995380 -0.132065430 -2.499937534 -0.008836754 -0.798973799 0.053651888 0.598902643
1781254130.419119 -2.417742252 -0.135223061 -2.489990711 -0.009512860 -0.794904828 0.052241083 0.604406118
1781254130.452497 -2.418504477 -0.135496691 -2.479823351 -0.009564826 -0.790586233 0.051592603 0.610098541
1781254130.485874 -2.420605898 -0.133386731 -2.469151974 -0.009302502 -0.786042154 0.051628802 0.615943015
1781254130.519251 -2.422570705 -0.133479133 -2.459602356 -0.009651572 -0.781189561 0.051305722 0.622107267
1781254130.552630 -2.421620846 -0.132710636 -2.448920727 -0.009361801 -0.776891768 0.050722186 0.627517998
1781254130.586010 -2.423811674 -0.131603211 -2.440185308 -0.009453303 -0.771473825 0.050686810 0.634168506
1781254130.619389 -2.423201084 -0.132114947 -2.429430723 -0.009647688 -0.766651928 0.050047439 0.640036702
1781254130.652767 -2.422866583 -0.132583007 -2.418123484 -0.009457258 -0.761494279 0.049395725 0.646217585
1781254130.686146 -2.423565388 -0.131336257 -2.407653809 -0.009650803 -0.755781412 0.049117267 0.652908027
1781254130.719525 -2.424580812 -0.129376918 -2.397887707 -0.009345965 -0.750991523 0.049256627 0.658405781
1781254130.752903 -2.422040701 -0.130513519 -2.384919167 -0.009441369 -0.746511340 0.048370872 0.663545072
1781254130.786282 -2.421979189 -0.130707905 -2.376147747 -0.009201780 -0.740318596 0.047629729 0.670503736
1781254130.819661 -2.421773195 -0.129448131 -2.364227295 -0.009480453 -0.735182703 0.047429044 0.676141322
1781254130.853040 -2.420111656 -0.128583521 -2.351970434 -0.009454332 -0.730004787 0.047427990 0.681728899
1781254130.886418 -2.419943333 -0.127714902 -2.339893579 -0.009502660 -0.724402785 0.047038957 0.687704682
1781254130.919797 -2.418759584 -0.126996890 -2.328444242 -0.009537875 -0.718064666 0.046847660 0.694332421
1781254130.953176 -2.417123556 -0.126329035 -2.318791151 -0.009781766 -0.712182403 0.046309721 0.700397015
1781254130.986554 -2.414769650 -0.125515610 -2.308638573 -0.009429907 -0.705704570 0.046324044 0.706927299
1781254131.019933 -2.413257122 -0.124466613 -2.296569824 -0.009284099 -0.699751854 0.046002612 0.712842941
1781254131.053312 -2.411113262 -0.122811995 -2.287536860 -0.009453285 -0.694176912 0.045937851 0.718274832
1781254131.086690 -2.408115625 -0.122630946 -2.275051832 -0.009496909 -0.688006401 0.045226734 0.724231780
1781254131.120069 -2.404882193 -0.122726664 -2.263955116 -0.009516580 -0.681078613 0.045126051 0.730756521
1781254131.153447 -2.402284145 -0.120847300 -2.251862288 -0.009542102 -0.674947321 0.044972483 0.736432374
1781254131.186826 -2.399327040 -0.120156236 -2.241179466 -0.009659308 -0.668459058 0.044827413 0.742334008
1781254131.220204 -2.395766258 -0.120291337 -2.230340958 -0.009935665 -0.662524104 0.044428278 0.747655869
1781254131.253583 -2.393015623 -0.119723082 -2.219665289 -0.009540856 -0.656015217 0.043818709 0.753414214
1781254131.286963 -2.387791634 -0.120815940 -2.209196091 -0.009590311 -0.649572790 0.042820487 0.759032011
1781254131.320341 -2.386686087 -0.117407396 -2.199420452 -0.008971123 -0.644091547 0.042810023 0.763696969
1781254131.353719 -2.378558159 -0.119347945 -2.186150074 -0.009209162 -0.637491167 0.042109944 0.769250929
1781254131.387098 -2.373116493 -0.119911306 -2.177945137 -0.009418789 -0.632088661 0.041679237 0.773717105
1781254131.420477 -2.370649815 -0.119189613 -2.169391632 -0.009524122 -0.625789106 0.041343063 0.778837681
1781254131.453855 -2.364506245 -0.120049596 -2.160192966 -0.009697556 -0.619372189 0.040802244 0.783976555
1781254131.487233 -2.361587048 -0.118370473 -2.152609348 -0.009014481 -0.613970041 0.040354215 0.788245618
1781254131.520612 -2.357919693 -0.116930567 -2.141879797 -0.009006161 -0.607533157 0.040246457 0.793222964
1781254131.553990 -2.353844166 -0.116317362 -2.134698868 -0.009028645 -0.600312531 0.040316336 0.798697591
1781254131.587368 -2.346910000 -0.116403401 -2.123480558 -0.009271755 -0.594959736 0.039919488 0.802710056
1781254131.620746 -2.342423201 -0.115597367 -2.115997314 -0.009154786 -0.588561237 0.039665058 0.807427168
1781254131.654124 -2.336872101 -0.115073361 -2.106893063 -0.009218125 -0.581745148 0.039414145 0.812363386
1781254131.687502 -2.333662987 -0.114479922 -2.099485874 -0.009101081 -0.574874997 0.038792435 0.817270577
1781254131.720880 -2.328758240 -0.113342769 -2.093791008 -0.008989616 -0.567447245 0.038677897 0.822451770
1781254131.754258 -2.323781729 -0.113549352 -2.086603165 -0.008903450 -0.560511589 0.037969079 0.827227831
1781254131.787636 -2.318571568 -0.112393834 -2.078358412 -0.008581196 -0.553631425 0.037553482 0.831870377
1781254131.821014 -2.314591885 -0.111967221 -2.071449280 -0.008850578 -0.546865106 0.037513833 0.836333036
1781254131.854392 -2.306712151 -0.113684930 -2.065537691 -0.009057010 -0.541482568 0.036432181 0.839873374
1781254131.887770 -2.301873207 -0.112565815 -2.059598207 -0.009021273 -0.535331547 0.036566470 0.843801975
1781254131.921147 -2.298047066 -0.111143187 -2.053126812 -0.008691005 -0.528979778 0.036353979 0.847810924
1781254131.954525 -2.293394089 -0.111371040 -2.046534777 -0.008865821 -0.522247076 0.036301263 0.851975203
1781254131.987904 -2.287781239 -0.110984445 -2.039314747 -0.008808266 -0.516728222 0.035937615 0.855349600
1781254132.021282 -2.281607151 -0.111135297 -2.033074617 -0.008733511 -0.510329425 0.035403609 0.859205604
1781254132.054660 -2.273663759 -0.111230701 -2.025329113 -0.009135412 -0.504244089 0.035208549 0.862794816
1781254132.088038 -2.267860413 -0.110546172 -2.020387650 -0.008925277 -0.497280449 0.034797587 0.866845846
1781254132.121416 -2.262892723 -0.109483704 -2.013391972 -0.008763415 -0.489774495 0.034516439 0.871121526
1781254132.154794 -2.256617069 -0.109288171 -2.007237673 -0.008849864 -0.482110739 0.034065984 0.875403106
1781254132.188171 -2.247710228 -0.108770937 -2.001456022 -0.008590168 -0.474248707 0.033592295 0.879707932
1781254132.221549 -2.240764618 -0.108462870 -1.995860457 -0.008505434 -0.465876818 0.032738846 0.884202838
1781254132.254927 -2.233591318 -0.108742073 -1.989672899 -0.008616931 -0.456486285 0.032113869 0.889109015
1781254132.288305 -2.224749565 -0.108783439 -1.984252453 -0.008650631 -0.447427899 0.031123687 0.893736482
1781254132.321683 -2.213236332 -0.111095980 -1.980104446 -0.008874817 -0.440355986 0.029788593 0.897285163
1781254132.355060 -2.204373121 -0.110291079 -1.972629666 -0.009392338 -0.430198073 0.030775225 0.902160883
1781254132.388438 -2.194656849 -0.109472014 -1.967225313 -0.008885124 -0.420086682 0.029699484 0.906954408
1781254132.421816 -2.184021711 -0.108791098 -1.961371064 -0.008813021 -0.411349714 0.029052367 0.910971880
1781254132.455194 -2.173848867 -0.107545987 -1.954060912 -0.008489084 -0.403066844 0.028689481 0.914681375
1781254132.488571 -2.166419029 -0.107166819 -1.950227737 -0.008440929 -0.393202037 0.028101644 0.918983877
1781254132.521949 -2.154928684 -0.107651815 -1.944574594 -0.008800677 -0.383811831 0.027937911 0.922946692
1781254132.555327 -2.146522999 -0.105246060 -1.939686298 -0.008140785 -0.373237789 0.026813235 0.927312434
1781254132.588706 -2.135312557 -0.104866266 -1.934615016 -0.008039709 -0.364355683 0.026032204 0.930861235
1781254132.622084 -2.125832081 -0.102705881 -1.929692864 -0.007919307 -0.354273885 0.025669416 0.934755802
1781254132.655463 -2.114648819 -0.103463866 -1.923695087 -0.008271508 -0.345118761 0.025294855 0.938181698
1781254132.688842 -2.107162476 -0.103659250 -1.919237137 -0.008149873 -0.336428553 0.024526261 0.941354334
1781254132.722220 -2.094314098 -0.103204653 -1.916193485 -0.007972985 -0.326901853 0.024447897 0.944708407
1781254132.755599 -2.083094597 -0.104253739 -1.911396265 -0.008030506 -0.317008704 0.024001602 0.948084950
1781254132.788977 -2.071640491 -0.104492612 -1.908385754 -0.007706138 -0.308177412 0.023301199 0.951012313
1781254132.822355 -2.059896469 -0.103640005 -1.907136679 -0.007784956 -0.300575048 0.022983851 0.953449488
1781254132.855734 -2.051063061 -0.101851471 -1.902804017 -0.007210386 -0.292458683 0.022706525 0.955981433
1781254132.889112 -2.038619041 -0.103093296 -1.899332047 -0.007403013 -0.285071224 0.021982709 0.958225667
1781254132.922491 -2.024844408 -0.103872366 -1.895533919 -0.007311697 -0.276740521 0.021531116 0.960675716
1781254132.955869 -2.015628815 -0.101968117 -1.891357303 -0.007155758 -0.269158810 0.021112926 0.962837815
1781254132.989247 -2.003820658 -0.102679282 -1.887595892 -0.007381050 -0.261597961 0.021120543 0.964917600
1781254133.022625 -1.991612434 -0.103059895 -1.884150743 -0.007336305 -0.254280448 0.020489071 0.966885686
1781254133.056004 -1.980490327 -0.102620177 -1.882295370 -0.007269190 -0.247697562 0.019954300 0.968604684
1781254133.089382 -1.968401074 -0.106069081 -1.881809354 -0.007573354 -0.240110219 0.019668467 0.970516860
1781254133.122760 -1.957566857 -0.105628982 -1.879535675 -0.007666567 -0.233542040 0.019038746 0.972130120
1781254133.156139 -1.945933342 -0.107144624 -1.879154205 -0.007696636 -0.227852613 0.018837437 0.973483026
1781254133.189517 -1.937646270 -0.105034381 -1.874454260 -0.007383524 -0.221590593 0.018798945 0.974930644
1781254133.222895 -1.923922181 -0.105923243 -1.872975230 -0.007315134 -0.216008916 0.018511854 0.976188540
1781254133.256274 -1.908755422 -0.106660008 -1.871927381 -0.007496327 -0.211524293 0.017808698 0.977181792
1781254133.289652 -1.899346232 -0.103561349 -1.866858482 -0.007187210 -0.207859755 0.017865127 0.977969110
1781254133.323030 -1.888140321 -0.104527406 -1.865738153 -0.007253445 -0.201921552 0.017820656 0.979212761
1781254133.356408 -1.877795219 -0.103610329 -1.862325549 -0.007109068 -0.196045294 0.017259227 0.980417252
1781254133.389788 -1.865499616 -0.102869257 -1.860297799 -0.007076585 -0.191609561 0.016843310 0.981301248
1781254133.423166 -1.854462624 -0.103789449 -1.859534740 -0.007045114 -0.186217383 0.016176110 0.982350171
1781254133.456544 -1.843513608 -0.102940679 -1.856974125 -0.006773400 -0.181669191 0.015888158 0.983208060
1781254133.489923 -1.829540491 -0.103172332 -1.854682088 -0.007016213 -0.178896949 0.015643336 0.983718514
1781254133.523301 -1.818772435 -0.103360429 -1.853574395 -0.006872350 -0.174587801 0.015708292 0.984492362
1781254133.556688 -1.807075620 -0.103091389 -1.850604773 -0.006750016 -0.170918673 0.015217720 0.985144496
1781254133.590075 -1.795145154 -0.102630936 -1.849211097 -0.006534914 -0.167849272 0.014955086 0.985677600
1781254133.623462 -1.784587026 -0.103118248 -1.847889662 -0.006459328 -0.164946899 0.014782129 0.986170530
1781254133.656849 -1.772728443 -0.104006313 -1.846674442 -0.006608658 -0.162776202 0.014855798 0.986529112
1781254133.690237 -1.760928988 -0.102628194 -1.843612909 -0.006395547 -0.160732150 0.014639953 0.986868799
1781254133.723624 -1.749104977 -0.102889605 -1.842051148 -0.006331924 -0.158436716 0.014621504 0.987240613
1781254133.757011 -1.737501621 -0.104553461 -1.842252016 -0.006497563 -0.157098025 0.014760553 0.987451375
1781254133.790399 -1.726383209 -0.104260720 -1.839918256 -0.006662834 -0.156238198 0.014166931 0.987595379
1781254133.823787 -1.714513659 -0.102662392 -1.836207271 -0.006025464 -0.153276831 0.014246796 0.988062263
1781254133.857174 -1.702710271 -0.103620023 -1.835865498 -0.006327593 -0.152170241 0.014212990 0.988231838
1781254133.890562 -1.689524055 -0.103437521 -1.833889484 -0.006353643 -0.150764912 0.014034982 0.988449633
1781254133.923950 -1.678446174 -0.103606708 -1.831721544 -0.006278926 -0.149669543 0.013666335 0.988621771
1781254133.957338 -1.667398572 -0.102938972 -1.829126716 -0.006110896 -0.148997903 0.013588008 0.988725305
1781254133.990726 -1.656664371 -0.103244253 -1.827936769 -0.005988587 -0.147406951 0.013629265 0.988963962
1781254134.024115 -1.645856380 -0.103420042 -1.825874686 -0.006034461 -0.146644965 0.013571512 0.989077747
1781254134.057503 -1.634858370 -0.103229180 -1.823715687 -0.006124280 -0.146795273 0.013324494 0.989058197
1781254134.090893 -1.624085546 -0.103913151 -1.822393656 -0.006484333 -0.146376655 0.013269363 0.989118695
1781254134.124281 -1.614139557 -0.103613786 -1.820576906 -0.006555691 -0.146299928 0.013388825 0.989127934
1781254134.157670 -1.602784872 -0.103815652 -1.817585230 -0.006370124 -0.146934241 0.013306592 0.989036262
1781254134.191059 -1.592077255 -0.102869987 -1.813816905 -0.006465517 -0.148458242 0.013104527 0.988810778
1781254134.224447 -1.580894113 -0.103235222 -1.811810613 -0.006560390 -0.148075834 0.013118345 0.988867283
1781254134.257836 -1.569925189 -0.104112491 -1.810379505 -0.006768822 -0.147668913 0.013232619 0.988925159
1781254134.291226 -1.559123158 -0.102942869 -1.804586887 -0.006498251 -0.149090648 0.013149064 0.988714814
1781254134.324615 -1.547253370 -0.102448337 -1.801660419 -0.006406651 -0.151221529 0.013134377 0.988391876
1781254134.358004 -1.536871552 -0.103136212 -1.798268437 -0.006853322 -0.154242665 0.013129886 0.987922013
1781254134.391393 -1.525725961 -0.103405893 -1.795084357 -0.006945434 -0.156674042 0.013355074 0.987535655
1781254134.424783 -1.515015841 -0.102786303 -1.789813161 -0.007040241 -0.159086734 0.013615854 0.987145662
1781254134.458172 -1.504435062 -0.102507062 -1.785601854 -0.006882454 -0.161611170 0.013523455 0.986737907
1781254134.491562 -1.493224144 -0.102657400 -1.780431390 -0.007028037 -0.164718032 0.013819072 0.986218870
1781254134.524951 -1.483738303 -0.101109095 -1.774192214 -0.006592132 -0.167622730 0.013754703 0.985733271
1781254134.558332 -1.473352194 -0.101533584 -1.770648479 -0.006669422 -0.169687837 0.014224176 0.985372663
1781254134.591713 -1.464162469 -0.100886486 -1.765891552 -0.006926030 -0.173242077 0.014199014 0.984752595
1781254134.625094 -1.454480529 -0.100964300 -1.760349751 -0.007075420 -0.177103132 0.014378290 0.984061837
1781254134.658475 -1.443885446 -0.100727521 -1.755084157 -0.007246439 -0.180099219 0.014667256 0.983512402
1781254134.691856 -1.435011625 -0.099558912 -1.748685360 -0.006892940 -0.183833152 0.014904576 0.982820272
1781254134.725237 -1.426198363 -0.099140503 -1.742308617 -0.007039511 -0.188633606 0.015155127 0.981905401
1781254134.758618 -1.416453123 -0.098527953 -1.736024380 -0.006875830 -0.193143129 0.015482537 0.981024384
1781254134.792000 -1.405573606 -0.098834425 -1.730827570 -0.007142449 -0.197721034 0.015836427 0.980104387
1781254134.825381 -1.396734476 -0.098229945 -1.724309087 -0.007146185 -0.201357201 0.016297191 0.979356289
1781254134.858762 -1.386636019 -0.098851442 -1.718412876 -0.007289690 -0.205753669 0.016154626 0.978443325
1781254134.892143 -1.377744079 -0.097926915 -1.710996866 -0.007270296 -0.210668430 0.016520027 0.977390945
1781254134.925524 -1.367119312 -0.098210759 -1.705808282 -0.007123698 -0.215464965 0.016562995 0.976345122
1781254134.992286 -1.348302603 -0.096893035 -1.691200137 -0.006669967 -0.223886758 0.017230058 0.974440038
1781254135.059048 -1.330411911 -0.094815865 -1.676938772 -0.006722922 -0.231847882 0.017866815 0.972564757
1781254135.092429 -1.320623159 -0.094390169 -1.670179605 -0.006868487 -0.235846132 0.018150745 0.971596658
1781254135.125810 -1.309883237 -0.095171727 -1.664565921 -0.007029469 -0.239338264 0.017771183 0.970748186
1781254135.159191 -1.300191402 -0.093965620 -1.657934666 -0.006845360 -0.241384715 0.018317580 0.970232487
1781254135.225953 -1.282301784 -0.092640430 -1.643041134 -0.007020540 -0.246040404 0.018436575 0.969058812
1781254135.259334 -1.271686673 -0.093249239 -1.637251377 -0.007252988 -0.249542937 0.018705629 0.968155921
1781254135.292716 -1.263255596 -0.091736846 -1.629153728 -0.007200245 -0.253445119 0.018767226 0.967140913
1781254135.326097 -1.252842188 -0.091891952 -1.623234987 -0.007275774 -0.255375057 0.018676056 0.966634333
1781254135.359478 -1.243366718 -0.092023127 -1.617717505 -0.006959304 -0.257697642 0.018723343 0.966019154
1781254135.392859 -1.235007644 -0.091794930 -1.610767722 -0.007225109 -0.260315627 0.018717200 0.965315104
1781254135.426240 -1.227576017 -0.090288103 -1.603441119 -0.007047345 -0.262464374 0.018950075 0.964729905
1781254135.459621 -1.218039513 -0.090113699 -1.597200274 -0.007077190 -0.265273660 0.018989896 0.963960171
1781254135.493003 -1.209868193 -0.090242751 -1.590439796 -0.007256794 -0.268657029 0.019037610 0.963020444
1781254135.526385 -1.201548934 -0.089717180 -1.584943891 -0.007292070 -0.270629257 0.019178910 0.962464988
1781254135.559765 -1.192216873 -0.090442240 -1.578724861 -0.007279685 -0.272583038 0.019499850 0.961907148
1781254135.593144 -1.186283350 -0.088716798 -1.571669817 -0.007334634 -0.275668919 0.019244725 0.961032033
1781254135.626524 -1.179681063 -0.087832451 -1.564761162 -0.007446098 -0.278510511 0.019478122 0.960206807
1781254135.659904 -1.171795249 -0.088179797 -1.558778644 -0.007572595 -0.280594468 0.019569442 0.959597051
1781254135.693284 -1.164678335 -0.087742947 -1.552193761 -0.007596679 -0.282942951 0.019636309 0.958905697
1781254135.726664 -1.155554891 -0.087809227 -1.545835853 -0.007715601 -0.286157727 0.019733801 0.957948267
1781254135.760044 -1.149594069 -0.087636881 -1.539549470 -0.008021111 -0.289399564 0.019783383 0.956970334
1781254135.793424 -1.142748594 -0.086008303 -1.533112049 -0.007714558 -0.292223454 0.020461811 0.956100106
1781254135.826804 -1.136550665 -0.085770369 -1.525819778 -0.007531154 -0.297366858 0.020428421 0.954515040
1781254135.860184 -1.132451057 -0.085108496 -1.518222690 -0.007603826 -0.301642030 0.020325568 0.953174293
1781254135.893564 -1.124619961 -0.084803715 -1.511211991 -0.007519252 -0.305490255 0.020400716 0.951946974
1781254135.926944 -1.118338823 -0.084987558 -1.504373670 -0.007514514 -0.308769107 0.020593066 0.950884402
1781254135.960324 -1.111191750 -0.085129753 -1.496860504 -0.007598383 -0.313399643 0.020817421 0.949362755
1781254135.993704 -1.106807351 -0.084034339 -1.490016460 -0.007637092 -0.317646980 0.020965649 0.947946489
1781254136.027084 -1.099981904 -0.083532386 -1.482893109 -0.007722303 -0.321640342 0.021424912 0.946587980
1781254136.060464 -1.093673706 -0.083226591 -1.475140214 -0.007767684 -0.326501727 0.021735508 0.944914818
1781254136.093844 -1.088186026 -0.082477428 -1.467198014 -0.007827360 -0.331601322 0.021783147 0.943135679
1781254136.127224 -1.081722975 -0.082068473 -1.460682034 -0.007816464 -0.336101711 0.022437222 0.941525996
1781254136.160604 -1.076627612 -0.082171649 -1.452428818 -0.007934572 -0.341216236 0.022793116 0.939674973
1781254136.193985 -1.070643187 -0.082102574 -1.444870353 -0.007853341 -0.347770184 0.023301546 0.937257349
1781254136.227365 -1.066025853 -0.080755375 -1.435186744 -0.007607460 -0.355075061 0.023143128 0.934520304
1781254136.260745 -1.060470223 -0.080820769 -1.427208781 -0.007845663 -0.359560192 0.023823855 0.932784736
1781254136.294125 -1.055573463 -0.079961702 -1.418383598 -0.007701274 -0.364873827 0.024322610 0.930707395
1781254136.327505 -1.049223781 -0.079710349 -1.409151793 -0.007796845 -0.371873647 0.024485113 0.927927673
1781254136.360885 -1.045071363 -0.078730218 -1.400940180 -0.007690489 -0.378175974 0.024906587 0.925366700
1781254136.394265 -1.040109038 -0.078625649 -1.391950250 -0.007688602 -0.384735703 0.025177520 0.922651350
1781254136.427645 -1.034971952 -0.078216948 -1.382538080 -0.007636726 -0.391068935 0.025415085 0.919978797
1781254136.461025 -1.031276941 -0.076664202 -1.373036742 -0.007407289 -0.396592468 0.026079679 0.917594373
1781254136.494405 -1.027203083 -0.076104358 -1.364609957 -0.007397423 -0.402310878 0.026409078 0.915092289
1781254136.527785 -1.024244308 -0.075047173 -1.354588509 -0.007488780 -0.409293711 0.026743164 0.911979973
1781254136.561164 -1.018904209 -0.074344471 -1.346402168 -0.007350993 -0.414989203 0.027400320 0.909383953
1781254136.594543 -1.015689015 -0.074399784 -1.336845756 -0.007438852 -0.420876950 0.027524758 0.906669557
1781254136.661300 -1.007056713 -0.072763026 -1.317617297 -0.007638949 -0.433657855 0.028705774 0.900587916
1781254136.694679 -1.002900839 -0.073190257 -1.307869077 -0.007651584 -0.439573884 0.028737405 0.897713959
1781254136.728058 -1.000543714 -0.071934402 -1.298204422 -0.007703028 -0.445361137 0.029267579 0.894839466
1781254136.761437 -0.995125294 -0.071740352 -1.287690759 -0.007878132 -0.451712757 0.029878486 0.891628206
1781254136.794816 -0.990473151 -0.071720108 -1.276527882 -0.008199831 -0.458481610 0.030229269 0.888151824
1781254136.828194 -0.988813460 -0.069824167 -1.266892791 -0.007869661 -0.464491546 0.030598095 0.885013819
1781254136.861573 -0.985058010 -0.069449246 -1.256521583 -0.008074205 -0.469318628 0.030828267 0.882453680
1781254136.894953 -0.981556058 -0.068672396 -1.247352839 -0.008104411 -0.473061562 0.031405874 0.880432129
1781254136.928332 -0.976359844 -0.068777613 -1.235684872 -0.008151227 -0.479812592 0.031450570 0.876769304
1781254136.961710 -0.972872555 -0.067819059 -1.224885941 -0.008731063 -0.485017985 0.031873833 0.873879492
1781254136.995089 -0.970191777 -0.067350991 -1.214742661 -0.008762545 -0.489751816 0.032231178 0.871221900
1781254137.028468 -0.966682911 -0.066920348 -1.204098701 -0.009011517 -0.495766431 0.032331333 0.867807090
1781254137.061846 -0.964622736 -0.065601319 -1.193218946 -0.009072020 -0.500945389 0.032729186 0.864812315
1781254137.095225 -0.961160779 -0.065648027 -1.182587862 -0.009396445 -0.505575478 0.033120148 0.862095296
1781254137.128604 -0.959330320 -0.064950407 -1.172039270 -0.009471072 -0.510461926 0.033212945 0.859206498
1781254137.161983 -0.957292199 -0.063488767 -1.163110256 -0.009349518 -0.515496492 0.033642683 0.856180012
1781254137.362254 -0.946915746 -0.060630880 -1.106691122 -0.009938215 -0.547218204 0.035965532 0.836157858
1781254137.395633 -0.946041763 -0.059691392 -1.097394705 -0.009861878 -0.552333295 0.036401946 0.832769871
1781254137.429011 -0.946106374 -0.059219569 -1.088646770 -0.009956289 -0.557512343 0.036769021 0.829294264
1781254137.529147 -0.944216073 -0.056971692 -1.063024282 -0.009887378 -0.571127415 0.037512403 0.819944322
1781254137.562525 -0.944617569 -0.056365140 -1.055459023 -0.010111376 -0.575236440 0.037833862 0.817049205
1781254137.595905 -0.944387734 -0.055725619 -1.046529770 -0.010015983 -0.580332279 0.037833285 0.813438952
1781254137.629284 -0.945873737 -0.054243051 -1.037976980 -0.010235783 -0.585391164 0.038315229 0.809780478
1781254137.662662 -0.945130646 -0.054256655 -1.028898597 -0.010273366 -0.591024160 0.038693659 0.805659831
1781254137.696041 -0.947082818 -0.053900387 -1.021469712 -0.010445719 -0.596860826 0.038839728 0.801336110
1781254137.729419 -0.948029816 -0.054189082 -1.010741234 -0.010916649 -0.602989852 0.038934670 0.796723485
1781254137.762798 -0.949874818 -0.053718008 -1.002888322 -0.010754224 -0.608322382 0.039260425 0.792645514
1781254137.796176 -0.950885236 -0.053650778 -0.993196011 -0.010849650 -0.614424825 0.039306156 0.787921011
1781254137.829555 -0.953509331 -0.052450113 -0.983549833 -0.010903266 -0.620919108 0.039756086 0.782790005
1781254137.862934 -0.956708789 -0.051617201 -0.975022554 -0.011007909 -0.627407789 0.040165171 0.777576387
1781254137.896312 -0.958063185 -0.051391374 -0.966781855 -0.011359434 -0.633511007 0.040624700 0.772583008
1781254137.929691 -0.962153792 -0.050259572 -0.957297504 -0.011261068 -0.640026629 0.040868811 0.767182410
1781254137.963069 -0.966277778 -0.049450863 -0.949254751 -0.011190781 -0.647447348 0.041204285 0.760913193
1781254137.996448 -0.970378697 -0.048698466 -0.939811110 -0.011431111 -0.654853582 0.041440975 0.754532158
1781254138.029826 -0.973751843 -0.048619770 -0.931571543 -0.011460492 -0.661657929 0.042057231 0.748537719
1781254138.063205 -0.976445258 -0.047839683 -0.921326101 -0.011391670 -0.669147789 0.042417198 0.741830349
1781254138.096583 -0.981315792 -0.046869539 -0.913635850 -0.011450727 -0.675100684 0.042608891 0.736405075
1781254138.129962 -0.984050035 -0.046373624 -0.905467570 -0.011338499 -0.680916965 0.043201376 0.730997443
1781254138.163340 -0.987319946 -0.045849375 -0.896550417 -0.011428420 -0.687298238 0.043453392 0.724984348
1781254138.196719 -0.992068887 -0.044461332 -0.888552785 -0.011112421 -0.693553269 0.043489095 0.719005704
1781254138.230097 -0.997061729 -0.043578636 -0.880288064 -0.011190474 -0.699130177 0.044553176 0.713517308
1781254138.263476 -0.999959350 -0.043274708 -0.872022867 -0.011112442 -0.705005884 0.044670355 0.707706034
1781254138.296855 -1.004219294 -0.042885661 -0.863199234 -0.011425572 -0.711128294 0.044836950 0.701538146
1781254138.330234 -1.007556200 -0.041903801 -0.855713487 -0.011441693 -0.715900958 0.045604717 0.696617007
1781254138.363612 -1.010152578 -0.041899052 -0.846865773 -0.010856239 -0.720987141 0.045598742 0.691361308
1781254138.396991 -1.013724923 -0.040920772 -0.837550998 -0.011155092 -0.725113273 0.045987360 0.687001884
1781254138.430369 -1.017230034 -0.040409844 -0.828807235 -0.010921727 -0.729526579 0.046399105 0.682289481
1781254138.463747 -1.021164417 -0.039884087 -0.820140958 -0.011004346 -0.734600425 0.046510991 0.676814556
1781254138.497126 -1.024964571 -0.039143022 -0.811084390 -0.011075188 -0.739814222 0.046795446 0.671090543
1781254138.530504 -1.029331088 -0.039007906 -0.802302480 -0.011392300 -0.744052291 0.047071889 0.666363835
1781254138.563883 -1.035073996 -0.037922632 -0.793060720 -0.011001993 -0.748785317 0.047113065 0.661044538
1781254138.597263 -1.039703608 -0.036375999 -0.784376085 -0.011182683 -0.753340602 0.047651332 0.655806601
1781254138.664021 -1.048933029 -0.035442788 -0.766848505 -0.011083247 -0.762348592 0.047863424 0.645299196
1781254138.697400 -1.054832220 -0.034450177 -0.759336352 -0.011262505 -0.766296983 0.048096512 0.640584886
1781254138.730780 -1.060314894 -0.033139683 -0.751572192 -0.010805249 -0.770418942 0.048428692 0.635604143
1781254138.764159 -1.063119292 -0.033228450 -0.742734373 -0.010933084 -0.773981273 0.048435319 0.631258726
1781254138.797538 -1.067363024 -0.033380538 -0.734961987 -0.010948045 -0.777258337 0.048697170 0.627198756
1781254138.830917 -1.074153066 -0.032566413 -0.727285326 -0.011123877 -0.780851841 0.048959490 0.622695565
1781254138.864296 -1.077269554 -0.032023340 -0.719329536 -0.010858881 -0.784454703 0.048957147 0.618155479
1781254138.897675 -1.081354380 -0.031651638 -0.711457908 -0.011083467 -0.787578404 0.049384944 0.614132464
1781254138.931055 -1.086206436 -0.030712128 -0.702793658 -0.010984180 -0.790665865 0.049741149 0.610125124
1781254138.964434 -1.091937780 -0.030365124 -0.696821809 -0.010903270 -0.793501198 0.049945828 0.606417775
1781254138.997814 -1.096327305 -0.030029066 -0.688564301 -0.010624815 -0.795794547 0.049824208 0.603420079
1781254139.031193 -1.101306677 -0.028635725 -0.681566596 -0.010657418 -0.797525764 0.050299197 0.601090014
1781254139.064572 -1.105125546 -0.029054753 -0.673736691 -0.010751041 -0.799291372 0.050134957 0.598752201
1781254139.097951 -1.109962106 -0.027488008 -0.666144431 -0.010646720 -0.801185548 0.050512813 0.596185267
1781254139.131331 -1.114539862 -0.027097918 -0.658075333 -0.010661066 -0.802870929 0.050575703 0.593908131
1781254139.164710 -1.117713213 -0.026527874 -0.649515986 -0.010609647 -0.804779828 0.050561447 0.591320992
1781254139.198089 -1.121868610 -0.025829583 -0.641811132 -0.010965728 -0.805236995 0.050663345 0.590682983
1781254139.231468 -1.125843883 -0.024758339 -0.633289456 -0.010563532 -0.805169165 0.050816692 0.590769649
1781254139.264848 -1.130347013 -0.024483003 -0.623924136 -0.010685522 -0.806252360 0.050684281 0.589299619
1781254139.298227 -1.133099914 -0.024035133 -0.615297794 -0.010625554 -0.806521893 0.050372485 0.588958621
1781254139.331606 -1.135817766 -0.023217961 -0.606868863 -0.010743044 -0.805836678 0.050487000 0.589883924
1781254139.364985 -1.137571335 -0.023160927 -0.597712040 -0.010826738 -0.804416120 0.050344992 0.591830075
1781254139.398364 -1.141182780 -0.022049166 -0.588530302 -0.010761529 -0.803074419 0.050224051 0.593660891
1781254139.431743 -1.144323587 -0.021571897 -0.579361439 -0.010694610 -0.801575363 0.050170664 0.595689237
1781254139.465122 -1.147195220 -0.021224722 -0.570180774 -0.010679119 -0.800033271 0.049901735 0.597781420
1781254139.498502 -1.150974035 -0.020396508 -0.559749603 -0.010684601 -0.797765076 0.049797721 0.600813627
1781254139.531881 -1.151670456 -0.020379320 -0.550501347 -0.010835068 -0.794948161 0.049482930 0.604558945
1781254139.565259 -1.153924942 -0.019176953 -0.540941358 -0.011147303 -0.791641653 0.049701642 0.608858824
1781254139.598637 -1.155606270 -0.019204333 -0.531580806 -0.011126641 -0.788189590 0.049458902 0.613341093
1781254139.632016 -1.156743050 -0.018768735 -0.522284627 -0.011047811 -0.783618927 0.048786867 0.619224727
1781254139.665394 -1.157554150 -0.017638884 -0.513287485 -0.011124015 -0.777885735 0.048842825 0.626405954
1781254139.698773 -1.157534480 -0.018050343 -0.503070712 -0.011337589 -0.772649467 0.048222546 0.632897317
1781254139.732152 -1.158998370 -0.016932748 -0.494670212 -0.011214097 -0.767286003 0.047693700 0.639430821
1781254139.765530 -1.161587238 -0.015619107 -0.482532680 -0.010911026 -0.761275470 0.047608495 0.646586537
1781254139.798908 -1.160802841 -0.016060069 -0.474202633 -0.011327932 -0.755452514 0.047220945 0.653401434
1781254139.832287 -1.161538601 -0.014716990 -0.463921070 -0.011021615 -0.749242008 0.046765201 0.660551310
1781254139.865665 -1.161094546 -0.014143579 -0.453876674 -0.010886692 -0.743140996 0.046838675 0.667404830
1781254139.899043 -1.162199378 -0.013877295 -0.444884121 -0.010904954 -0.737849891 0.046315469 0.673285604
1781254139.932421 -1.161628246 -0.014151171 -0.433749020 -0.011428374 -0.732258022 0.046291150 0.679356158
1781254139.965800 -1.161460042 -0.013653874 -0.423206329 -0.008922284 -0.724800587 0.045058917 0.687425852
1781254139.999178 -1.160478473 -0.012899674 -0.414240956 -0.014020322 -0.721268594 0.050286811 0.690685391
1781254140.032556 -1.159527779 -0.012480766 -0.405704439 -0.013056494 -0.716504276 0.046512194 0.695907950
1781254140.065934 -1.158022761 -0.012702622 -0.396133661 -0.011555727 -0.709953189 0.044876479 0.702722669
1781254140.099312 -1.158506155 -0.011633173 -0.386703253 -0.011651031 -0.705946922 0.044658165 0.706759453
1781254140.132690 -1.156145215 -0.011148527 -0.375786006 -0.011534658 -0.700578690 0.044003375 0.712123752
1781254140.166069 -1.155624628 -0.010735519 -0.365215838 -0.011149000 -0.694207191 0.043947123 0.718345940
1781254140.199447 -1.153108478 -0.008606791 -0.356168270 -0.011116902 -0.688797832 0.043795466 0.723544121
1781254140.232825 -1.152718067 -0.008773096 -0.346622527 -0.010947451 -0.683766544 0.042953026 0.728353322
1781254140.266203 -1.151604414 -0.009109292 -0.336676419 -0.010821848 -0.678240418 0.042716231 0.733517766
1781254140.299581 -1.150694847 -0.006966136 -0.326021433 -0.010524365 -0.673645973 0.042362060 0.737764060
1781254140.332959 -1.148818970 -0.006338719 -0.317196488 -0.010431561 -0.668003380 0.042153880 0.742890179
1781254140.366337 -1.145260572 -0.006264661 -0.306981921 -0.010386338 -0.663186550 0.041784797 0.747214794
1781254140.399717 -1.143655419 -0.005948756 -0.297996581 -0.010467680 -0.658502162 0.041305657 0.751371503
1781254140.433095 -1.141068459 -0.004357155 -0.288061023 -0.010065131 -0.653479159 0.041161910 0.755757570
1781254140.466473 -1.140213490 -0.004318535 -0.278698742 -0.010491748 -0.648045003 0.041157760 0.760416806
1781254140.499851 -1.137756824 -0.004454255 -0.269994676 -0.010308399 -0.643335223 0.040249743 0.764456391
1781254140.533229 -1.136564016 -0.002594225 -0.260402620 -0.009786366 -0.638010144 0.040030267 0.768924534
1781254140.566606 -1.133534670 -0.002764270 -0.252703905 -0.009919660 -0.632682145 0.039543267 0.773337781
1781254140.599984 -1.131080389 -0.002161957 -0.243013680 -0.009868451 -0.627712488 0.039065868 0.777401745
1781254140.633361 -1.128291845 -0.001897659 -0.234177232 -0.009876096 -0.622325778 0.038980398 0.781724811
1781254140.666738 -1.126304626 -0.001005463 -0.226756513 -0.009726355 -0.617551446 0.038468260 0.785529077
1781254140.700115 -1.123379111 -0.001453727 -0.217794895 -0.009396614 -0.612030268 0.037873436 0.789871097
1781254140.733493 -1.120132923 -0.000336777 -0.209438145 -0.009274618 -0.606609702 0.037774753 0.794047713
1781254140.766870 -1.117656589 -0.000034146 -0.200940251 -0.009011434 -0.601542473 0.037210736 0.797922790
1781254140.800247 -1.115297556 0.000598755 -0.192671239 -0.008905157 -0.596824586 0.036898404 0.801473439
1781254140.833625 -1.111507535 0.000821970 -0.185253024 -0.008744494 -0.591955483 0.036563180 0.805093408
1781254140.867002 -1.109289885 0.001720127 -0.177569687 -0.008443335 -0.586132407 0.036553670 0.809346318
1781254140.900379 -1.105302930 0.002277337 -0.169062078 -0.008770520 -0.581979871 0.036123540 0.812353075
1781254140.933756 -1.101227283 0.003039021 -0.161727995 -0.008590586 -0.575935483 0.035810724 0.816665292
1781254140.967133 -1.097452402 0.002537187 -0.152947128 -0.008586857 -0.570148885 0.035447333 0.820731401
1781254141.000510 -1.095391631 0.003590226 -0.147134691 -0.008344213 -0.564205766 0.034817606 0.824857652
1781254141.033887 -1.090893388 0.003869586 -0.138605863 -0.008385090 -0.558006763 0.034323838 0.829083920
1781254141.067265 -1.087468743 0.003118735 -0.131474793 -0.008766712 -0.552181125 0.033946060 0.832986772
1781254141.100643 -1.083660126 0.004015096 -0.124164224 -0.008606037 -0.546383083 0.033615738 0.836816192
1781254141.134020 -1.080390215 0.004582189 -0.118119776 -0.008280609 -0.540187001 0.032974053 0.840857983
1781254141.167397 -1.075029135 0.004362170 -0.109518647 -0.008401446 -0.532964647 0.032742672 0.845462024
1781254141.200774 -1.071124077 0.006112061 -0.103743315 -0.008082626 -0.525561988 0.032100607 0.850111127
1781254141.234151 -1.066362619 0.005664740 -0.096336961 -0.008035379 -0.518443704 0.031988595 0.854475439
1781254141.267528 -1.061222911 0.007266104 -0.090092897 -0.007881614 -0.511098981 0.031285807 0.858916163
1781254141.300905 -1.057435751 0.007574759 -0.083346248 -0.007732576 -0.502803326 0.031064842 0.863807857
1781254141.334282 -1.051111341 0.007074663 -0.076052547 -0.007777188 -0.493935704 0.030666327 0.868922710
1781254141.367658 -1.045821667 0.007943751 -0.069785744 -0.007909854 -0.484607518 0.030219667 0.874173760
1781254141.401035 -1.041141868 0.007623499 -0.063515991 -0.008004702 -0.475332439 0.029413082 0.879278064
1781254141.434412 -1.036686897 0.008991404 -0.057465941 -0.007451193 -0.464799106 0.028873930 0.884913862
1781254141.467789 -1.031109333 0.009415260 -0.051269919 -0.007502029 -0.455171257 0.028261995 0.889923692
1781254141.501166 -1.024549842 0.008168973 -0.046583325 -0.007358073 -0.444365919 0.026614934 0.895419717
1781254141.534543 -1.018104434 0.008764831 -0.041366398 -0.007030222 -0.432941407 0.025998607 0.901019692
1781254141.567921 -1.012235641 0.008590760 -0.035378948 -0.007081890 -0.422460735 0.025175942 0.906003892
1781254141.601299 -1.005331039 0.008882388 -0.030411273 -0.006790856 -0.411510885 0.024498444 0.911050260
1781254141.634677 -0.999492884 0.008312743 -0.026205063 -0.006257703 -0.400765240 0.023128329 0.915867448
1781254141.668054 -0.998742938 0.010125622 -0.022872493 -0.005896432 -0.390447140 0.022584205 0.920329452
1781254141.701432 -0.991409957 0.009586890 -0.019735545 -0.005692207 -0.379367590 0.021716120 0.924973726
1781254141.734810 -0.984873056 0.009330364 -0.018450901 -0.005307947 -0.368998170 0.020813072 0.929181933
1781254141.768188 -0.980020821 0.010843430 -0.010360360 -0.005257748 -0.359492004 0.020788632 0.932901800
1781254141.801567 -0.974331617 0.012469014 -0.006212190 -0.004914049 -0.348537385 0.020572154 0.937056243
1781254141.834944 -0.969364882 0.010764721 -0.006093189 -0.005059352 -0.336912096 0.019971067 0.941310763
1781254141.868323 -0.962686837 0.011713766 -0.000718936 -0.004711789 -0.327703357 0.018776521 0.944582343
1781254141.901700 -0.956166327 0.010782901 -0.001386613 -0.004819963 -0.317245722 0.018275330 0.948155105
1781254141.935078 -0.955680668 0.011959049 0.002966672 -0.004324154 -0.307406813 0.017481294 0.951407790
1781254141.968456 -0.946937680 0.013428619 0.007994398 -0.003868598 -0.298117846 0.017145060 0.954367280
1781254142.001833 -0.940853357 0.012353661 0.008571088 -0.003910602 -0.288509965 0.016093861 0.957333684
1781254142.035211 -0.930658519 0.015773891 0.015946954 -0.002892200 -0.280333489 0.015810374 0.959768116
1781254142.068589 -0.924599469 0.017588809 0.020248301 -0.002343914 -0.270892978 0.015600382 0.962480247
1781254142.101966 -0.916161716 0.014961928 0.021618947 -0.002748360 -0.261854172 0.015036187 0.964986384
1781254142.135344 -0.911169291 0.016896281 0.024100654 -0.002075890 -0.251707375 0.014616578 0.967690885
1781254142.168721 -0.903950095 0.014055591 0.024932086 -0.002875449 -0.243812934 0.014253194 0.969713271
1781254142.202099 -0.893942535 0.016965115 0.029614374 -0.001833356 -0.235864520 0.013861983 0.971685410
1781254142.235477 -0.887074590 0.019773126 0.030324854 -0.001155970 -0.226610377 0.013609424 0.973889768
1781254142.268854 -0.875678420 0.016132511 0.032396663 -0.002017476 -0.218928918 0.012779376 0.975655079
1781254142.302232 -0.868161500 0.017356019 0.034875453 -0.001476302 -0.209856898 0.012486848 0.977651298
1781254142.335609 -0.861106753 0.019364174 0.035531320 -0.001061739 -0.200736076 0.012067121 0.979570508
1781254142.368987 -0.850746393 0.015741659 0.037120692 -0.001800467 -0.192066997 0.011262478 0.981315613
1781254142.435742 -0.833571076 0.015071289 0.038629398 -0.001975504 -0.174665794 0.010365867 0.984571218
1781254142.469119 -0.826297879 0.015704961 0.037228204 -0.001284874 -0.164463013 0.009684137 0.986334920
1781254142.502498 -0.818486214 0.015912311 0.037731111 -0.001265850 -0.156118706 0.009255095 0.987694144
1781254142.535875 -0.808268607 0.016210623 0.038403701 -0.001089766 -0.147548273 0.009086770 0.989012539
1781254142.569254 -0.799658418 0.015275464 0.039639432 -0.001286953 -0.139644951 0.008748582 0.990162134
1781254142.602632 -0.789716184 0.015668528 0.038895350 -0.000941540 -0.132008433 0.008155026 0.991214633
1781254142.636011 -0.781408548 0.014166363 0.038258530 -0.001270909 -0.123706736 0.007695897 0.992288172
1781254142.669389 -0.771979988 0.013949858 0.037325468 -0.001097215 -0.116448745 0.007802506 0.993165493
1781254142.702768 -0.764502823 0.014293250 0.036643419 -0.000969913 -0.109888740 0.006591618 0.993921638
1781254142.736146 -0.756075203 0.013226521 0.036739673 -0.001054015 -0.102244198 0.006379220 0.994738340
1781254142.802903 -0.738828242 0.013069759 0.034314580 -0.001236575 -0.090028889 0.005737612 0.995921850
1781254142.936418 -0.702749074 0.012643365 0.027332645 -0.000472617 -0.065176696 0.003208958 0.997868478
1781254142.969796 -0.693534255 0.012941756 0.026139386 -0.000054692 -0.058313280 0.002782759 0.998294532
1781254143.003174 -0.682423353 0.012458779 0.024113946 -0.000316085 -0.052622881 0.002880811 0.998610258
1781254143.036553 -0.673603117 0.012213442 0.021972006 -0.000048403 -0.046056177 0.002582233 0.998935580
1781254143.069932 -0.662715971 0.012854030 0.020996388 0.000456598 -0.040449049 0.001908434 0.999179721
1781254143.103310 -0.653052747 0.011729667 0.018898511 -0.000009851 -0.035058074 0.001733233 0.999383807
1781254143.136688 -0.640969694 0.011382558 0.016184924 0.000243313 -0.029383773 0.001264185 0.999567449
1781254143.170067 -0.630988121 0.012436833 0.016356884 0.000662107 -0.023833534 0.001161505 0.999715090
1781254143.203446 -0.621996582 0.012521870 0.013561033 0.000782767 -0.017230518 0.000428719 0.999851167
1781254143.236825 -0.609876633 0.011851060 0.011790428 0.001004364 -0.014167334 0.000133917 0.999899149
1781254143.270203 -0.600489140 0.011044993 0.010956584 0.000791496 -0.010848247 0.000062926 0.999940932
1781254143.303581 -0.590267181 0.011793664 0.009251314 0.001393817 -0.006351483 0.000246606 0.999978840
1781254143.336960 -0.578874588 0.011553122 0.006216669 0.001663484 -0.002823628 -0.000269830 0.999994576
1781254143.370339 -0.567012727 0.010831418 0.004909106 0.001313340 -0.000008992 -0.000511599 0.999999046
1781254143.503852 -0.521514893 0.007319327 -0.005450145 0.001333419 0.010867056 -0.001018079 0.999939561
1781254143.537231 -0.510651350 0.008074673 -0.006935022 0.001855754 0.013210458 -0.001146972 0.999910414
1781254143.570609 -0.499279827 0.008341830 -0.008583114 0.001814737 0.014751908 -0.001432653 0.999888539
1781254143.603988 -0.487642229 0.007850669 -0.010813453 0.001895394 0.016999351 -0.001658128 0.999852359
1781254143.637366 -0.476000249 0.008420482 -0.012025705 0.002275558 0.017640991 -0.001634551 0.999840498
1781254143.670745 -0.462632000 0.007886385 -0.014565061 0.002063598 0.018596206 -0.002016681 0.999822915
1781254143.704123 -0.453310013 0.007478241 -0.017624589 0.002007774 0.019977283 -0.002394567 0.999795556
1781254143.737501 -0.441274911 0.007501948 -0.018094217 0.002141937 0.020510733 -0.002692802 0.999783754
1781254143.770880 -0.427973986 0.007423831 -0.020661170 0.002267540 0.020554887 -0.002711786 0.999782503
1781254143.804258 -0.417237550 0.006986307 -0.021241026 0.002126510 0.021034796 -0.002676176 0.999772906
1781254143.837637 -0.403291106 0.006703364 -0.022276105 0.002126753 0.021525079 -0.002666139 0.999762535
1781254143.871015 -0.391311765 0.006127660 -0.024341879 0.001971521 0.021706900 -0.003030085 0.999757886
1781254143.904395 -0.380598366 0.005920484 -0.026522690 0.002130565 0.021632934 -0.002935779 0.999759436
1781254143.937773 -0.369433939 0.005162054 -0.026884858 0.002043790 0.020704407 -0.002845881 0.999779582
1781254143.971151 -0.361063242 0.005417799 -0.028472245 0.002211572 0.020179050 -0.003090072 0.999789178
1781254144.004530 -0.349971980 0.004597166 -0.029090242 0.001792437 0.018623833 -0.002817686 0.999821007
1781254144.037908 -0.338599116 0.004153141 -0.029630626 0.001676458 0.017996248 -0.002604048 0.999833286
1781254144.071287 -0.328569084 0.005315335 -0.029249959 0.002141179 0.017681384 -0.002547762 0.999838173
1781254144.104665 -0.317824125 0.004308061 -0.031106587 0.001906360 0.016420715 -0.002795659 0.999859452
1781254144.138043 -0.309726268 0.003839400 -0.032110803 0.001587621 0.015523158 -0.002914126 0.999874055
1781254144.171422 -0.299898565 0.004742356 -0.031211143 0.002070731 0.013876570 -0.002967951 0.999897242
1781254144.204800 -0.289802730 0.003980336 -0.031307526 0.001620157 0.011534187 -0.002575088 0.999928892
1781254144.238178 -0.279732227 0.004049939 -0.031925466 0.001898275 0.010714861 -0.002110588 0.999938607
1781254144.271557 -0.268111378 0.003724479 -0.032200798 0.001685326 0.007959911 -0.002261710 0.999964416
1781254144.304935 -0.258521974 0.002746565 -0.033222467 0.001413429 0.006138509 -0.001671065 0.999978840
1781254144.338314 -0.249652565 0.001030233 -0.033267375 0.000890835 0.004780252 -0.001743356 0.999986708
1781254144.371692 -0.239597172 0.001061288 -0.033073775 0.001008059 0.002902267 -0.001397610 0.999994338
1781254144.405070 -0.228685409 0.001473724 -0.032268681 0.000905347 0.000586675 -0.001390657 0.999998510
1781254144.438449 -0.217102155 0.001300034 -0.031274330 0.001075326 -0.002176809 -0.001142572 0.999996483
1781254144.471827 -0.207862526 0.001394463 -0.030656941 0.001049575 -0.005018611 -0.001188037 0.999986172
1781254144.505205 -0.195928574 0.001287876 -0.029671889 0.001002665 -0.008652470 -0.000892818 0.999961674
1781254144.538584 -0.183601975 0.000855242 -0.028817886 0.000964645 -0.012085476 -0.000494395 0.999926448
1781254144.605342 -0.160620183 0.000791939 -0.027035510 0.000798436 -0.017499344 0.000210993 0.999846578
1781254144.638721 -0.151094124 0.000225913 -0.025788300 0.000690204 -0.021553760 -0.000086963 0.999767482
1781254144.672100 -0.139359042 0.000773877 -0.024971941 0.000758794 -0.025164168 0.000115620 0.999683022
1781254144.705479 -0.126716003 0.000512892 -0.023597175 0.000627986 -0.027799115 0.000210953 0.999613345
1781254144.738858 -0.114962019 0.000803356 -0.022306239 0.000891507 -0.029670542 0.000600977 0.999559164
1781254144.772237 -0.102782398 0.000755870 -0.021179898 0.000886227 -0.033045974 0.000645338 0.999453306
1781254144.805615 -0.089913510 0.001139323 -0.019455748 0.001002221 -0.035368275 0.001239159 0.999373138
1781254144.838995 -0.078304373 -0.000283994 -0.018923061 0.000574541 -0.037902825 0.001344789 0.999280393
1781254144.872373 -0.065558009 0.000486759 -0.017511360 0.000846428 -0.040352650 0.001419408 0.999184132
1781254144.905752 -0.053946182 0.000378290 -0.017715711 0.000821975 -0.042718031 0.001858559 0.999085128
1781254144.939131 -0.041108608 0.000498310 -0.016989114 0.001107786 -0.044230428 0.001997032 0.999018788
1781254144.972510 -0.028481331 -0.000343347 -0.017459223 0.001124827 -0.045406096 0.002326938 0.998965263
1781254145.005889 -0.015065392 -0.000086893 -0.015830791 0.000888562 -0.047751531 0.002235806 0.998856366
1781254145.039268 -0.002392465 -0.000945708 -0.016053755 0.000937906 -0.049261194 0.002705652 0.998781800
1781254145.072647 0.012145009 -0.001013056 -0.014895653 0.000927845 -0.051924210 0.002768861 0.998646796
1781254145.106026 0.023302713 -0.000794757 -0.013590517 0.000815077 -0.054432537 0.002878543 0.998512983
1781254145.139405 0.037357237 -0.000661233 -0.013720006 0.001203277 -0.055430833 0.003162079 0.998456836
1781254145.172784 0.050995927 -0.001036128 -0.012823399 0.000772094 -0.056473330 0.003367687 0.998398185
1781254145.206163 0.063521467 -0.000787870 -0.011750037 0.001037556 -0.056674767 0.003223999 0.998386979
1781254145.239542 0.077130638 -0.001588593 -0.012541772 0.001060634 -0.056339234 0.003515127 0.998404980
1781254145.272920 0.089482211 -0.001291421 -0.012042807 0.001019189 -0.057428505 0.003692568 0.998342276
1781254145.306301 0.102767266 -0.001535710 -0.012372758 0.000878997 -0.057470374 0.004130219 0.998338342
1781254145.339679 0.116134666 -0.001877462 -0.012334897 0.001071241 -0.057877287 0.004070091 0.998314857
1781254145.373058 0.128666312 -0.001675219 -0.012341854 0.001229246 -0.058161773 0.004161803 0.998297751
1781254145.406437 0.141029850 -0.002613392 -0.012610899 0.000955500 -0.059090775 0.004131757 0.998243690
1781254145.439816 0.152970091 -0.002695163 -0.012752198 0.000995543 -0.059793793 0.004348549 0.998200834
1781254145.473195 0.165235698 -0.001723193 -0.009944823 0.001335833 -0.061035469 0.004495535 0.998124599
1781254145.506574 0.178530693 -0.002109757 -0.010147296 0.001410551 -0.061326835 0.004541945 0.998106420
1781254145.539953 0.191769660 -0.002196777 -0.010413961 0.001332027 -0.062232945 0.004948516 0.998048544
1781254145.573331 0.203129888 -0.001591396 -0.008531933 0.001136115 -0.064166397 0.004631864 0.997927845
1781254145.606709 0.217169389 -0.002374986 -0.007736192 0.001213497 -0.063975923 0.004900225 0.997938693
1781254145.640087 0.230492711 -0.002376639 -0.007190669 0.001082004 -0.065486610 0.005151423 0.997839570
1781254145.673465 0.242110237 -0.002892586 -0.006262260 0.000765859 -0.067146637 0.005084225 0.997729897
1781254145.706843 0.255026788 -0.003045315 -0.005433081 0.000739400 -0.068169311 0.005398650 0.997658908
1781254145.740221 0.266705692 -0.003809867 -0.005086458 0.000438447 -0.069557406 0.005409400 0.997563243
1781254145.773599 0.277815104 -0.003158899 -0.004329408 0.000739161 -0.070132218 0.005707411 0.997521102
1781254145.806977 0.289920360 -0.002895212 -0.002599844 0.001000433 -0.071595378 0.005665632 0.997417212
1781254145.840355 0.300199509 -0.002771126 -0.001059398 0.000798923 -0.073960684 0.005372653 0.997246385
1781254145.873733 0.312003255 -0.004155517 -0.001240378 0.000230474 -0.075395368 0.006027502 0.997135520
1781254145.907111 0.323075503 -0.004221570 0.000343500 0.000237318 -0.077015817 0.005930950 0.997012198
1781254145.940489 0.333532721 -0.003879205 0.002361245 0.000270158 -0.078617357 0.006162507 0.996885777
1781254145.973866 0.344181508 -0.004087429 0.003821165 0.000045602 -0.081195071 0.006182554 0.996679068
1781254146.007245 0.354095787 -0.003231370 0.005570552 0.000249160 -0.082575507 0.006174774 0.996565700
1781254146.040623 0.364430308 -0.003227025 0.008202733 0.000303263 -0.084538005 0.006349696 0.996399999
1781254146.074001 0.374719143 -0.003587134 0.009024713 0.000066806 -0.086777709 0.006573226 0.996205986
1781254146.107379 0.384911567 -0.003900037 0.011047505 -0.000202368 -0.089652218 0.006807289 0.995949864
1781254146.140757 0.395198315 -0.003907013 0.013089405 -0.000377794 -0.092284657 0.006935883 0.995708466
1781254146.174134 0.404623121 -0.003697694 0.015166415 -0.000336830 -0.094850890 0.007203158 0.995465398
1781254146.207512 0.415129781 -0.004486322 0.017078759 -0.000814369 -0.096664138 0.007375377 0.995289385
1781254146.240890 0.425708443 -0.003727017 0.020265248 -0.000395003 -0.098311000 0.007752919 0.995125473
1781254146.274268 0.435792267 -0.003026656 0.022879057 -0.000253046 -0.101123221 0.007628412 0.994844675
1781254146.307646 0.444281757 -0.002786483 0.025711503 -0.000672352 -0.104463719 0.007771595 0.994498134
1781254146.341023 0.454953283 -0.003731157 0.027723972 -0.001162975 -0.107912056 0.007875419 0.994128644
1781254146.374401 0.464691490 -0.002999734 0.031307686 -0.001007140 -0.110564686 0.008060841 0.993835747
1781254146.407779 0.474417716 -0.002888790 0.034894120 -0.000944547 -0.114627153 0.008096644 0.993375182
1781254146.441156 0.484576941 -0.002319420 0.038873866 -0.001106888 -0.119176216 0.008397412 0.992837012
1781254146.474534 0.494889557 -0.002503501 0.042278949 -0.001228883 -0.123626269 0.008362466 0.992292881
1781254146.507912 0.504978478 -0.002442222 0.045308206 -0.001518289 -0.127882779 0.008611417 0.991750777
1781254146.541290 0.515067577 -0.001883440 0.050304517 -0.001262799 -0.131303027 0.008667991 0.991303623
1781254146.574669 0.524771154 -0.002058231 0.054511625 -0.001256262 -0.135433286 0.008527443 0.990749002
1781254146.608048 0.535448074 -0.002700266 0.057991933 -0.001963074 -0.138499722 0.008694235 0.990322411
1781254146.641427 0.546065748 -0.002175573 0.062076189 -0.001842236 -0.142100766 0.008980303 0.989809811
1781254146.674806 0.556502283 -0.002386774 0.064611800 -0.002281915 -0.146419197 0.009225478 0.989176989
1781254146.708186 0.566095471 -0.001356619 0.069916055 -0.002128022 -0.150366142 0.009336656 0.988584042
1781254146.741565 0.575197637 -0.001584053 0.073829904 -0.002369293 -0.153404698 0.009524872 0.988114715
1781254146.774944 0.584583759 -0.001563685 0.077315599 -0.002508952 -0.156484559 0.009857797 0.987628043
1781254146.808323 0.592961907 -0.001515098 0.080991924 -0.002503446 -0.159502253 0.009642444 0.987147331
1781254146.841703 0.601751804 -0.002023975 0.084366500 -0.003015925 -0.162537530 0.010016849 0.986647010
1781254146.875082 0.608135521 -0.001755761 0.086921439 -0.002869105 -0.164691940 0.009919435 0.986291051
1781254146.908461 0.615665197 -0.001361348 0.090722159 -0.002842331 -0.167248011 0.009864043 0.985861480
1781254146.941840 0.622230053 -0.001745178 0.091893360 -0.003060183 -0.168421924 0.010133320 0.985658169
1781254146.975219 0.628851295 -0.001736977 0.094014011 -0.002976116 -0.169191390 0.010177589 0.985526204
1781254147.008598 0.635174692 -0.000905846 0.096451081 -0.002979903 -0.170625001 0.010104565 0.985279799
1781254147.041978 0.640383899 -0.000860748 0.098563984 -0.002698759 -0.171811134 0.010276319 0.985072672
1781254147.075357 0.646556973 -0.000763302 0.101080790 -0.002766504 -0.173725963 0.010194470 0.984737456
1781254147.108736 0.652580619 -0.001054952 0.102442704 -0.002908368 -0.173950255 0.010174575 0.984697580
1781254147.142115 0.656235754 -0.000440630 0.104293324 -0.002735598 -0.174008220 0.010095907 0.984688699
1781254147.175494 0.661673248 -0.000349130 0.105488375 -0.002599549 -0.175048664 0.010319072 0.984502256
1781254147.208873 0.665906072 -0.000815221 0.105791330 -0.002681406 -0.175124228 0.010199753 0.984489918
1781254147.242253 0.670156538 -0.001260248 0.106462464 -0.003032587 -0.174529612 0.010286909 0.984593511
1781254147.275632 0.674249411 -0.000612929 0.107367329 -0.002697792 -0.173578605 0.010260704 0.984762907
1781254147.309011 0.677454829 -0.000718591 0.107088305 -0.002792492 -0.172310352 0.010016873 0.984987855
1781254147.342390 0.680805981 -0.000862510 0.107158467 -0.002779993 -0.171174541 0.009887706 0.985187232
1781254147.375769 0.683405042 -0.001507837 0.106993921 -0.002960354 -0.169854194 0.009410763 0.985419810
1781254147.409149 0.686685741 -0.001442296 0.106322035 -0.002950503 -0.168729886 0.009396939 0.985613108
1781254147.442529 0.689341605 -0.000842465 0.106743120 -0.002674327 -0.167087376 0.009289238 0.985894740
1781254147.475908 0.693001270 -0.001875823 0.106076136 -0.003003182 -0.165650442 0.009265598 0.986136436
1781254147.509287 0.694492221 -0.001091066 0.105692796 -0.002704840 -0.164066985 0.009254574 0.986402154
1781254147.542666 0.696976423 -0.001581731 0.105496198 -0.002803620 -0.162730262 0.009207604 0.986623704
1781254147.576046 0.698614478 -0.001605086 0.105063662 -0.002746404 -0.161499351 0.009203314 0.986826062
1781254147.609425 0.700188577 -0.001834168 0.105009198 -0.002985406 -0.160633549 0.009100700 0.986967683
1781254147.642804 0.701270163 -0.001398981 0.105718240 -0.002700384 -0.159688249 0.008787873 0.987124741
1781254147.676184 0.702251911 -0.001686970 0.105630316 -0.002772489 -0.158742845 0.008945519 0.987275541
1781254147.709563 0.702060103 -0.001651663 0.105560102 -0.002797503 -0.157971293 0.008735680 0.987401128
1781254147.742942 0.702923000 -0.001881168 0.105972692 -0.002885571 -0.157708645 0.008841966 0.987441957
1781254147.776322 0.702427626 -0.001638662 0.106292650 -0.002817343 -0.157424361 0.008780358 0.987488031
1781254147.809701 0.701634109 -0.001000491 0.106620014 -0.002576373 -0.157377824 0.008904415 0.987495005
1781254147.843080 0.700947285 -0.001574837 0.106227599 -0.002779207 -0.157610282 0.008810936 0.987458169
1781254147.876459 0.700572073 -0.001373806 0.106079243 -0.002784207 -0.157967851 0.008734042 0.987401724
1781254147.909839 0.699564457 -0.001464829 0.106004491 -0.002726717 -0.157874450 0.008873751 0.987415552
1781254147.943218 0.699990451 -0.001511738 0.105989560 -0.002765946 -0.157989368 0.008803563 0.987397730
1781254147.976597 0.699976921 -0.001616033 0.105969101 -0.002811647 -0.157957435 0.008718976 0.987403452
1781254148.009977 0.699656248 -0.001697893 0.105971128 -0.002861557 -0.157882705 0.008753410 0.987414956
1781254148.043356 0.698542058 -0.001877542 0.105650216 -0.002870456 -0.157866374 0.008871584 0.987416446
1781254148.076735 0.698540688 -0.001845984 0.105422914 -0.002880983 -0.158227578 0.008744298 0.987359762
1781254148.110116 0.697845161 -0.001617568 0.105949886 -0.002885664 -0.158546135 0.008966235 0.987306654
1781254148.143495 0.697301030 -0.001577900 0.105394699 -0.002820026 -0.158824265 0.008790138 0.987263799
1781254148.176874 0.697071254 -0.001438833 0.105930403 -0.002860578 -0.159153551 0.008724844 0.987211168
1781254148.210254 0.696639419 -0.001269811 0.106162280 -0.002796124 -0.159412578 0.008871655 0.987168252
1781254148.243633 0.696232378 -0.001052102 0.105926372 -0.002665106 -0.159241438 0.008816944 0.987196743
1781254148.277012 0.696421385 -0.000963621 0.105695754 -0.002645141 -0.159185708 0.008927716 0.987204731
1781254148.310392 0.696277857 -0.001073831 0.105907977 -0.002722083 -0.158913776 0.008980732 0.987247884
1781254148.343771 0.696221888 -0.001145558 0.105966546 -0.002671110 -0.158678651 0.008914162 0.987286448
1781254148.377150 0.696454108 -0.001673827 0.105315007 -0.002863640 -0.158646882 0.008925562 0.987290919
1781254148.410530 0.695598364 -0.000979719 0.105724365 -0.002694795 -0.158504754 0.009045618 0.987313151
1781254148.443909 0.695384026 -0.000459499 0.105993487 -0.002551723 -0.158591956 0.008957421 0.987300277
1781254148.477288 0.695396781 -0.000994042 0.105897874 -0.002721706 -0.158819690 0.008884393 0.987263918
1781254148.510668 0.695823729 -0.001440379 0.105746441 -0.002863291 -0.159040183 0.008903379 0.987227857
