frame,stamp,track_ms,state,no_pose,queue_wait_ms,release_to_done_ms
0,1000.000000,9.218125,2,0,0.027917,9.246042
1,1000.033333,32.917667,2,0,0.010750,32.928417
2,1000.066667,15.511667,2,0,0.008041,15.519708
3,1000.100000,15.010750,2,0,0.017500,15.028250
4,1000.133333,15.256958,2,0,0.018250,15.275208
5,1000.166667,15.371875,2,0,0.022375,15.394250
6,1000.200000,15.433750,2,0,0.018708,15.452458
7,1000.233333,15.340542,2,0,0.018208,15.358750
8,1000.266667,15.156166,2,0,0.007667,15.163833
9,1000.300000,15.598541,2,0,0.019459,15.618000
10,1000.333333,15.621709,2,0,0.019083,15.640792
11,1000.366667,15.913417,2,0,0.019000,15.932417
12,1000.400000,15.315750,2,0,0.018458,15.334208
13,1000.433333,15.667291,2,0,0.006709,15.674000
14,1000.466667,15.839709,2,0,0.018416,15.858125
15,1000.500000,15.666959,2,0,0.020041,15.687000
16,1000.533333,15.221166,2,0,0.024125,15.245291
17,1000.566667,15.422375,2,0,0.014458,15.436833
18,1000.600000,15.701875,2,0,0.022875,15.724750
19,1000.633333,14.781792,2,0,0.015958,14.797750
20,1000.666667,15.471125,2,0,0.019083,15.490208
21,1000.700000,15.282792,2,0,0.019333,15.302125
22,1000.733333,15.367541,2,0,0.017750,15.385291
23,1000.766667,15.416959,2,0,0.018458,15.435417
24,1000.800000,15.863250,2,0,0.019458,15.882708
25,1000.833333,15.495209,2,0,0.027833,15.523042
26,1000.866667,14.895000,2,0,0.017375,14.912375
27,1000.900000,15.597667,2,0,0.019583,15.617250
28,1000.933333,15.265583,2,0,0.007417,15.273000
29,1000.966667,15.586542,2,0,0.019125,15.605667
30,1001.000000,15.319709,2,0,0.017458,15.337167
31,1001.033333,14.983875,2,0,0.017833,15.001708
32,1001.066667,14.758875,2,0,0.021708,14.780583
33,1001.100000,14.913500,2,0,0.019750,14.933250
34,1001.133333,15.244125,2,0,0.019375,15.263500
35,1001.166667,15.094125,2,0,0.021583,15.115708
36,1001.200000,15.578667,2,0,0.019208,15.597875
37,1001.233333,15.923416,2,0,0.016584,15.940000
38,1001.266667,16.328959,2,0,0.009833,16.338792
39,1001.300000,14.830541,2,0,0.020875,14.851416
40,1001.333333,14.867792,2,0,0.008041,14.875833
41,1001.366667,15.818042,2,0,0.019250,15.837292
42,1001.400000,15.556500,2,0,0.010375,15.566875
43,1001.433333,15.047417,2,0,0.016375,15.063792
44,1001.466667,15.076917,2,0,0.017541,15.094458
45,1001.500000,14.925458,2,0,0.025959,14.951417
46,1001.533333,14.812500,2,0,0.016750,14.829250
47,1001.566667,15.065791,2,0,0.016625,15.082416
48,1001.600000,15.228834,2,0,0.032041,15.260875
49,1001.633333,15.156458,2,0,0.022584,15.179042
50,1001.666667,14.337167,2,0,0.005875,14.343042
51,1001.700000,14.475750,2,0,0.022833,14.498583
52,1001.733333,13.903375,2,0,0.024916,13.928291
53,1001.766667,15.096959,2,0,0.016166,15.113125
54,1001.800000,14.964042,2,0,0.014958,14.979000
55,1001.833333,15.413708,2,0,0.010083,15.423791
56,1001.866667,15.181667,2,0,0.013333,15.195000
57,1001.900000,15.481083,2,0,0.016250,15.497333
58,1001.933333,16.058875,2,0,0.023875,16.082750
59,1001.966667,15.276791,2,0,0.016042,15.292833
60,1002.000000,16.097958,2,0,0.018083,16.116041
61,1002.033333,14.693792,2,0,0.018583,14.712375
62,1002.066667,14.863917,2,0,0.024583,14.888500
63,1002.100000,14.975375,2,0,0.016916,14.992291
64,1002.133333,15.159334,2,0,0.055500,15.214834
65,1002.166667,15.898500,2,0,0.015667,15.914167
66,1002.200000,15.452792,2,0,0.013625,15.466417
67,1002.233333,15.222000,2,0,0.049625,15.271625
68,1002.266667,15.398875,2,0,0.016750,15.415625
69,1002.300000,15.562459,2,0,0.019333,15.581792
70,1002.333333,15.572916,2,0,0.017042,15.589958
71,1002.366667,15.283541,2,0,0.018459,15.302000
72,1002.400000,14.658125,2,0,0.006417,14.664542
73,1002.433333,14.647500,2,0,0.011000,14.658500
74,1002.466667,14.397834,2,0,0.022291,14.420125
75,1002.500000,13.803125,2,0,0.023750,13.826875
76,1002.533333,14.359833,2,0,0.018458,14.378291
77,1002.566667,14.608750,2,0,0.018083,14.626833
78,1002.600000,14.456833,2,0,0.010375,14.467208
79,1002.633333,14.342458,2,0,0.019083,14.361541
80,1002.666667,14.300500,2,0,0.016959,14.317459
81,1002.700000,14.812042,2,0,0.018583,14.830625
82,1002.733333,14.445833,2,0,0.008375,14.454208
83,1002.766667,14.304166,2,0,0.018709,14.322875
84,1002.800000,14.513333,2,0,0.019000,14.532333
85,1002.833333,14.230250,2,0,0.017916,14.248166
86,1002.866667,12.735542,2,0,0.008875,12.744417
87,1002.900000,13.531916,2,0,0.019292,13.551208
88,1002.933333,13.363417,2,0,0.018375,13.381792
89,1002.966667,13.293542,2,0,0.016833,13.310375
90,1003.000000,13.583583,2,0,0.018750,13.602333
91,1003.033333,13.948125,2,0,0.009792,13.957917
92,1003.066667,13.162709,2,0,0.017583,13.180292
93,1003.100000,14.021500,2,0,0.019000,14.040500
94,1003.133333,14.086417,2,0,0.018042,14.104459
95,1003.166667,14.395958,2,0,0.018625,14.414583
96,1003.200000,13.727917,2,0,0.018375,13.746292
97,1003.233333,14.045584,2,0,0.017666,14.063250
98,1003.266667,13.462208,2,0,0.014500,13.476708
99,1003.300000,13.133792,2,0,0.009583,13.143375
100,1003.333333,12.635542,2,0,0.005416,12.640958
101,1003.366667,13.438291,2,0,0.013875,13.452166
102,1003.400000,13.360958,2,0,0.009625,13.370583
103,1003.433333,13.172250,2,0,0.023250,13.195500
104,1003.466667,13.291459,2,0,0.020708,13.312167
105,1003.500000,13.643625,2,0,0.006875,13.650500
106,1003.533333,14.053084,2,0,0.022291,14.075375
107,1003.566667,15.015417,2,0,0.018791,15.034208
108,1003.600000,13.431458,2,0,0.011542,13.443000
109,1003.633333,13.259000,2,0,0.006500,13.265500
110,1003.666667,13.528292,2,0,0.015125,13.543417
111,1003.700000,13.841083,2,0,0.017417,13.858500
112,1003.733333,13.706667,2,0,0.021791,13.728458
113,1003.766667,13.490000,2,0,0.017542,13.507542
114,1003.800000,13.115958,2,0,0.018000,13.133958
115,1003.833333,13.862459,2,0,0.008333,13.870792
116,1003.866667,13.958042,2,0,0.019083,13.977125
117,1003.900000,13.934584,2,0,0.018166,13.952750
118,1003.933333,13.847542,2,0,0.018375,13.865917
119,1003.966667,13.649958,2,0,0.018750,13.668708
120,1004.000000,13.638791,2,0,0.018500,13.657291
121,1004.033333,13.465875,2,0,0.019042,13.484917
122,1004.066667,12.329458,2,0,0.020375,12.349833
123,1004.100000,13.257083,2,0,0.018709,13.275792
124,1004.133333,13.560292,2,0,0.018333,13.578625
125,1004.166667,13.653917,2,0,0.020083,13.674000
126,1004.200000,13.919625,2,0,0.018709,13.938334
127,1004.233333,13.570666,2,0,0.019125,13.589791
128,1004.266667,13.820500,2,0,0.010875,13.831375
129,1004.300000,13.946666,2,0,0.009625,13.956291
130,1004.333333,13.609833,2,0,0.012417,13.622250
131,1004.366667,13.482417,2,0,0.021625,13.504042
132,1004.400000,13.772958,2,0,0.018542,13.791500
133,1004.433333,13.190709,2,0,0.027625,13.218334
134,1004.466667,13.456292,2,0,0.017833,13.474125
135,1004.500000,13.516708,2,0,0.008834,13.525542
136,1004.533333,13.204250,2,0,0.026333,13.230583
137,1004.566667,12.993708,2,0,0.016542,13.010250
138,1004.600000,12.893375,2,0,0.015458,12.908833
139,1004.633333,12.464291,2,0,0.016084,12.480375
140,1004.666667,12.743083,2,0,0.024750,12.767833
141,1004.700000,12.875417,2,0,0.007958,12.883375
142,1004.733333,13.605875,2,0,0.019166,13.625041
143,1004.766667,13.214958,2,0,0.018542,13.233500
144,1004.800000,13.664542,2,0,0.013375,13.677917
145,1004.833333,13.100375,2,0,0.016459,13.116834
146,1004.866667,12.899291,2,0,0.029417,12.928708
147,1004.900000,12.451166,2,0,0.011125,12.462291
148,1004.933333,12.976333,2,0,0.016334,12.992667
149,1004.966667,13.324958,2,0,0.033750,13.358708
150,1005.000000,13.146833,2,0,0.016250,13.163083
151,1005.033333,13.432834,2,0,0.017791,13.450625
152,1005.066667,12.407750,2,0,0.014917,12.422667
153,1005.100000,12.451750,2,0,0.014417,12.466167
154,1005.133333,13.007250,2,0,0.016708,13.023958
155,1005.166667,13.107667,2,0,0.017958,13.125625
156,1005.200000,13.898791,2,0,0.017250,13.916041
157,1005.233333,12.764708,2,0,0.025375,12.790083
158,1005.266667,13.104875,2,0,0.009167,13.114042
159,1005.300000,12.624625,2,0,0.005959,12.630584
160,1005.333333,13.306708,2,0,0.019959,13.326667
161,1005.366667,12.850750,2,0,0.008791,12.859541
162,1005.400000,13.087834,2,0,0.017000,13.104834
163,1005.433333,12.374709,2,0,0.027250,12.401959
164,1005.466667,12.372416,2,0,0.015542,12.387958
165,1005.500000,12.469375,2,0,0.018125,12.487500
166,1005.533333,13.011875,2,0,0.024250,13.036125
167,1005.566667,12.793292,2,0,0.008792,12.802084
168,1005.600000,12.944291,2,0,0.019292,12.963583
169,1005.633333,13.329000,2,0,0.022916,13.351916
170,1005.666667,12.457584,2,0,0.014541,12.472125
171,1005.700000,12.624417,2,0,0.014083,12.638500
172,1005.733333,12.523625,2,0,0.016042,12.539667
173,1005.766667,13.028458,2,0,0.017542,13.046000
174,1005.800000,12.990042,2,0,0.007875,12.997917
175,1005.833333,13.276375,2,0,0.018958,13.295333
176,1005.866667,11.994750,2,0,0.009875,12.004625
177,1005.900000,12.100916,2,0,0.018750,12.119666
178,1005.933333,12.781084,2,0,0.015416,12.796500
179,1005.966667,12.561042,2,0,0.012416,12.573458
180,1006.000000,12.800875,2,0,0.019166,12.820041
181,1006.033333,19.330416,2,0,0.018000,19.348416
182,1006.066667,16.501917,2,0,0.007416,16.509333
183,1006.100000,15.782292,2,0,0.020333,15.802625
184,1006.133333,15.737333,2,0,0.017750,15.755083
185,1006.166667,16.728500,2,0,0.019375,16.747875
186,1006.200000,16.165958,2,0,0.006959,16.172917
187,1006.233333,16.733792,2,0,0.018916,16.752708
188,1006.266667,16.590250,2,0,0.007625,16.597875
189,1006.300000,16.796208,2,0,0.008667,16.804875
190,1006.333333,16.453000,2,0,0.018666,16.471666
191,1006.366667,16.276625,2,0,0.019209,16.295834
192,1006.400000,16.138375,2,0,0.052084,16.190459
193,1006.433333,16.563708,2,0,0.009375,16.573083
194,1006.466667,16.011084,2,0,0.016708,16.027792
195,1006.500000,16.204875,2,0,0.013584,16.218459
196,1006.533333,16.440417,2,0,0.007958,16.448375
197,1006.566667,16.652458,2,0,0.019417,16.671875
198,1006.600000,15.955000,2,0,0.022084,15.977084
199,1006.633333,16.450000,2,0,0.018042,16.468042
200,1006.666667,16.037791,2,0,0.017917,16.055708
201,1006.700000,16.354250,2,0,0.008250,16.362500
202,1006.733333,16.508125,2,0,0.014917,16.523042
203,1006.766667,15.929750,2,0,0.052542,15.982292
204,1006.800000,16.184083,2,0,0.019542,16.203625
205,1006.833333,16.053459,2,0,0.016833,16.070292
206,1006.866667,16.245542,2,0,0.017666,16.263208
207,1006.900000,16.202167,2,0,0.016708,16.218875
208,1006.933333,16.006833,2,0,0.017042,16.023875
209,1006.966667,16.404917,2,0,0.018958,16.423875
210,1007.000000,16.082208,2,0,0.019750,16.101958
211,1007.033333,16.154084,2,0,0.019083,16.173167
212,1007.066667,15.560792,2,0,0.006083,15.566875
213,1007.100000,14.885209,2,0,0.011666,14.896875
214,1007.133333,15.469917,2,0,0.014708,15.484625
215,1007.166667,15.374417,2,0,0.017167,15.391584
216,1007.200000,18.184792,2,0,0.004416,18.189208
217,1007.233333,15.850209,2,0,0.014083,15.864292
218,1007.266667,15.671542,2,0,0.008375,15.679917
219,1007.300000,15.656834,2,0,0.006916,15.663750
220,1007.333333,15.626792,2,0,0.022000,15.648792
221,1007.366667,15.728500,2,0,0.010583,15.739083
222,1007.400000,15.915958,2,0,0.010125,15.926083
223,1007.433333,15.858500,2,0,0.026667,15.885167
224,1007.466667,15.638083,2,0,0.020875,15.658958
225,1007.500000,15.321917,2,0,0.009541,15.331458
226,1007.533333,15.199167,2,0,0.008417,15.207584
227,1007.566667,15.057708,2,0,0.018000,15.075708
228,1007.600000,14.578666,2,0,0.017750,14.596416
229,1007.633333,14.944083,2,0,0.018958,14.963041
230,1007.666667,14.954208,2,0,0.022417,14.976625
231,1007.700000,15.174709,2,0,0.005708,15.180417
232,1007.733333,15.290542,2,0,0.008125,15.298667
233,1007.766667,15.925583,2,0,0.018417,15.944000
234,1007.800000,15.313917,2,0,0.022958,15.336875
235,1007.833333,15.287625,2,0,0.019000,15.306625
236,1007.866667,14.645208,2,0,0.008750,14.653958
237,1007.900000,14.235041,2,0,0.015459,14.250500
238,1007.933333,14.115917,2,0,0.051833,14.167750
239,1007.966667,14.476542,2,0,0.006250,14.482792
240,1008.000000,14.353041,2,0,0.016250,14.369291
241,1008.033333,14.892709,2,0,0.018708,14.911417
242,1008.066667,14.561542,2,0,0.018792,14.580334
243,1008.100000,14.097208,2,0,0.017958,14.115166
244,1008.133333,14.567750,2,0,0.020042,14.587792
245,1008.166667,14.775792,2,0,0.019458,14.795250
246,1008.200000,15.166250,2,0,0.012875,15.179125
247,1008.233333,14.863792,2,0,0.017916,14.881708
248,1008.266667,15.215792,2,0,0.015042,15.230834
249,1008.300000,14.686792,2,0,0.015958,14.702750
250,1008.333333,14.752458,2,0,0.017583,14.770041
251,1008.366667,15.195625,2,0,0.019416,15.215041
252,1008.400000,14.422709,2,0,0.013583,14.436292
253,1008.433333,14.491083,2,0,0.028167,14.519250
254,1008.466667,14.258708,2,0,0.016208,14.274916
255,1008.500000,14.685708,2,0,0.016625,14.702333
256,1008.533333,14.137500,2,0,0.005792,14.143292
257,1008.566667,14.087708,2,0,0.027875,14.115583
258,1008.600000,13.921250,2,0,0.019459,13.940709
259,1008.633333,14.267500,2,0,0.019167,14.286667
260,1008.666667,14.510125,2,0,0.016125,14.526250
261,1008.700000,14.334375,2,0,0.019625,14.354000
262,1008.733333,14.180250,2,0,0.008541,14.188791
263,1008.766667,14.145417,2,0,0.007875,14.153292
264,1008.800000,14.369500,2,0,0.019125,14.388625
265,1008.833333,14.214834,2,0,0.016333,14.231167
266,1008.866667,15.118000,2,0,0.019833,15.137833
267,1008.900000,17.055041,2,0,0.015875,17.070916
268,1008.933333,17.470708,2,0,0.013792,17.484500
269,1008.966667,17.645458,2,0,0.017625,17.663083
270,1009.000000,17.565583,2,0,0.018833,17.584416
271,1009.033333,18.122667,2,0,0.020542,18.143209
272,1009.066667,17.290416,2,0,0.012292,17.302708
273,1009.100000,17.055458,2,0,0.020375,17.075833
274,1009.133333,17.384750,2,0,0.015416,17.400166
275,1009.166667,17.054167,2,0,0.015166,17.069333
276,1009.200000,17.808833,2,0,0.017167,17.826000
277,1009.233333,17.325708,2,0,0.019917,17.345625
278,1009.266667,17.954625,2,0,0.020667,17.975292
279,1009.300000,17.214291,2,0,0.019500,17.233791
280,1009.333333,17.904042,2,0,0.016875,17.920917
281,1009.366667,17.276708,2,0,0.017375,17.294083
282,1009.400000,17.797334,2,0,0.018750,17.816084
283,1009.433333,17.527667,2,0,0.021667,17.549334
284,1009.466667,17.016209,2,0,0.022791,17.039000
285,1009.500000,16.659542,2,0,0.017292,16.676834
286,1009.533333,17.363167,2,0,0.017750,17.380917
287,1009.566667,16.924958,2,0,0.017834,16.942792
288,1009.600000,16.676208,2,0,0.016375,16.692583
289,1009.633333,17.168875,2,0,0.008041,17.176916
290,1009.666667,17.229959,2,0,0.018500,17.248459
291,1009.700000,17.357500,2,0,0.016209,17.373709
292,1009.733333,17.220291,2,0,0.017959,17.238250
293,1009.766667,17.531250,2,0,0.008625,17.539875
294,1009.800000,17.219958,2,0,0.014542,17.234500
295,1009.833333,16.510666,2,0,0.019250,16.529916
296,1009.866667,17.056625,2,0,0.020292,17.076917
297,1009.900000,17.038000,2,0,0.008292,17.046292
298,1009.933333,16.757458,2,0,0.016250,16.773708
299,1009.966667,17.507333,2,0,0.019584,17.526917
300,1010.000000,16.872000,2,0,0.010250,16.882250
301,1010.033333,16.374667,2,0,0.012958,16.387625
302,1010.066667,16.575791,2,0,0.015250,16.591041
303,1010.100000,16.280084,2,0,0.019458,16.299542
304,1010.133333,15.937416,2,0,0.020625,15.958041
305,1010.166667,16.234000,2,0,0.016333,16.250333
306,1010.200000,16.635833,2,0,0.018625,16.654458
307,1010.233333,17.636917,2,0,0.008208,17.645125
308,1010.266667,16.616375,2,0,0.018583,16.634958
309,1010.300000,16.909500,2,0,0.018834,16.928334
310,1010.333333,17.255583,2,0,0.013042,17.268625
311,1010.366667,16.686750,2,0,0.008875,16.695625
312,1010.400000,16.549041,2,0,0.009875,16.558916
313,1010.433333,16.479750,2,0,0.031375,16.511125
314,1010.466667,15.730666,2,0,0.010250,15.740916
315,1010.500000,16.376875,2,0,0.007167,16.384042
316,1010.533333,16.445583,2,0,0.015667,16.461250
317,1010.566667,16.475917,2,0,0.020792,16.496709
318,1010.600000,16.344042,2,0,0.020292,16.364334
319,1010.633333,16.540709,2,0,0.019083,16.559792
320,1010.666667,17.014125,2,0,0.017250,17.031375
321,1010.700000,15.878333,2,0,0.020417,15.898750
322,1010.733333,16.838959,2,0,0.019291,16.858250
323,1010.766667,17.311500,2,0,0.018750,17.330250
324,1010.800000,16.982458,2,0,0.018042,17.000500
325,1010.833333,16.827625,2,0,0.016500,16.844125
326,1010.866667,16.661916,2,0,0.018709,16.680625
327,1010.900000,16.322709,2,0,0.018291,16.341000
328,1010.933333,17.057541,2,0,0.019542,17.077083
329,1010.966667,16.795500,2,0,0.017500,16.813000
330,1011.000000,16.914375,2,0,0.018917,16.933292
331,1011.033333,16.336875,2,0,0.027583,16.364458
332,1011.066667,16.347708,2,0,0.017917,16.365625
333,1011.100000,14.315875,2,0,0.006041,14.321916
334,1011.133333,14.787875,2,0,0.028833,14.816708
335,1011.166667,15.013541,2,0,0.018584,15.032125
336,1011.200000,16.025208,2,0,0.019334,16.044542
337,1011.233333,16.204375,2,0,0.019000,16.223375
338,1011.266667,16.210875,2,0,0.019542,16.230417
339,1011.300000,16.236834,2,0,0.018541,16.255375
340,1011.333333,16.355000,2,0,0.019208,16.374208
341,1011.366667,16.612958,2,0,0.019750,16.632708
342,1011.400000,16.678167,2,0,0.008708,16.686875
343,1011.433333,16.064500,2,0,0.009167,16.073667
344,1011.466667,16.374250,2,0,0.026417,16.400667
345,1011.500000,16.935583,2,0,0.018250,16.953833
346,1011.533333,16.214875,2,0,0.017584,16.232459
347,1011.566667,17.417375,2,0,0.016333,17.433708
348,1011.600000,16.523250,2,0,0.021709,16.544959
349,1011.633333,16.633250,2,0,0.015542,16.648792
350,1011.666667,16.891958,2,0,0.014000,16.905958
351,1011.700000,16.912542,2,0,0.018833,16.931375
352,1011.733333,16.896208,2,0,0.018917,16.915125
353,1011.766667,16.924125,2,0,0.007375,16.931500
354,1011.800000,16.686416,2,0,0.005292,16.691708
355,1011.833333,16.538167,2,0,0.016375,16.554542
356,1011.866667,16.591333,2,0,0.015833,16.607166
357,1011.900000,16.685791,2,0,0.017042,16.702833
358,1011.933333,16.838291,2,0,0.017375,16.855666
359,1011.966667,16.922000,2,0,0.020916,16.942916
360,1012.000000,17.119833,2,0,0.009750,17.129583
361,1012.033333,16.750042,2,0,0.017541,16.767583
362,1012.066667,17.045583,2,0,0.018792,17.064375
363,1012.100000,14.881542,2,0,0.005042,14.886584
364,1012.133333,16.539708,2,0,0.019250,16.558958
365,1012.166667,16.066125,2,0,0.018625,16.084750
366,1012.200000,15.848792,2,0,0.013791,15.862583
367,1012.233333,15.888375,2,0,0.022042,15.910417
368,1012.266667,16.907041,2,0,0.019375,16.926416
369,1012.300000,16.226500,2,0,0.018875,16.245375
370,1012.333333,17.099958,2,0,0.009375,17.109333
371,1012.366667,15.542167,2,0,0.012042,15.554209
372,1012.400000,15.600958,2,0,0.018333,15.619291
373,1012.433333,15.570833,2,0,0.025708,15.596541
374,1012.466667,16.050500,2,0,0.020541,16.071041
375,1012.500000,16.257750,2,0,0.021083,16.278833
376,1012.533333,16.185375,2,0,0.018166,16.203541
377,1012.566667,16.112042,2,0,0.008583,16.120625
378,1012.600000,16.344375,2,0,0.021667,16.366042
379,1012.633333,15.866500,2,0,0.015792,15.882292
380,1012.666667,16.106875,2,0,0.008250,16.115125
381,1012.700000,15.806042,2,0,0.018541,15.824583
382,1012.733333,15.957125,2,0,0.019084,15.976209
383,1012.766667,16.207292,2,0,0.017333,16.224625
384,1012.800000,15.854958,2,0,0.020875,15.875833
385,1012.833333,15.607250,2,0,0.018208,15.625458
386,1012.866667,14.629708,2,0,0.008417,14.638125
387,1012.900000,14.884375,2,0,0.019542,14.903917
388,1012.933333,15.056083,2,0,0.015042,15.071125
389,1012.966667,15.786500,2,0,0.013542,15.800042
390,1013.000000,15.856750,2,0,0.018625,15.875375
391,1013.033333,16.046292,2,0,0.013625,16.059917
392,1013.066667,16.477834,2,0,0.008166,16.486000
393,1013.100000,14.755500,2,0,0.005792,14.761292
394,1013.133333,15.344042,2,0,0.008166,15.352208
395,1013.166667,15.129208,2,0,0.015459,15.144667
396,1013.200000,15.403416,2,0,0.016792,15.420208
397,1013.233333,15.540667,2,0,0.008541,15.549208
398,1013.266667,15.700750,2,0,0.019917,15.720667
399,1013.300000,15.883667,2,0,0.027416,15.911083
400,1013.333333,15.710417,2,0,0.014000,15.724417
401,1013.366667,16.087667,2,0,0.012708,16.100375
402,1013.400000,15.696458,2,0,0.008584,15.705042
403,1013.433333,16.166791,2,0,0.021000,16.187791
404,1013.466667,17.321958,2,0,0.019917,17.341875
405,1013.500000,16.772166,2,0,0.019542,16.791708
406,1013.533333,16.324333,2,0,0.017250,16.341583
407,1013.566667,15.991334,2,0,0.008833,16.000167
408,1013.600000,15.455000,2,0,0.013583,15.468583
409,1013.633333,16.147750,2,0,0.018792,16.166542
410,1013.666667,16.435833,2,0,0.018792,16.454625
411,1013.700000,15.853000,2,0,0.022542,15.875542
412,1013.733333,15.445750,2,0,0.014500,15.460250
413,1013.766667,15.899709,2,0,0.015625,15.915334
414,1013.800000,16.000250,2,0,0.015084,16.015334
415,1013.833333,16.403125,2,0,0.016500,16.419625
416,1013.866667,16.876666,2,0,0.016209,16.892875
417,1013.900000,15.587500,2,0,0.015709,15.603209
418,1013.933333,15.628542,2,0,0.009416,15.637958
419,1013.966667,15.837917,2,0,0.016500,15.854417
420,1014.000000,15.710500,2,0,0.008708,15.719208
421,1014.033333,15.051375,2,0,0.008250,15.059625
422,1014.066667,15.565500,2,0,0.018041,15.583541
423,1014.100000,14.603875,2,0,0.007542,14.611417
424,1014.133333,15.432625,2,0,0.018625,15.451250
425,1014.166667,15.568000,2,0,0.018500,15.586500
426,1014.200000,16.214959,2,0,0.018250,16.233209
427,1014.233333,16.029417,2,0,0.018417,16.047834
428,1014.266667,15.653417,2,0,0.030500,15.683917
429,1014.300000,15.670167,2,0,0.018583,15.688750
430,1014.333333,16.420708,2,0,0.017584,16.438292
431,1014.366667,15.907417,2,0,0.007875,15.915292
432,1014.400000,15.503500,2,0,0.018292,15.521792
433,1014.433333,15.473083,2,0,0.028667,15.501750
434,1014.466667,15.795666,2,0,0.018125,15.813791
435,1014.500000,15.184250,2,0,0.019667,15.203917
436,1014.533333,15.491500,2,0,0.017958,15.509458
437,1014.566667,15.336583,2,0,0.018917,15.355500
438,1014.600000,15.313167,2,0,0.015458,15.328625
439,1014.633333,14.679125,2,0,0.008208,14.687333
440,1014.666667,15.314458,2,0,0.024000,15.338458
441,1014.700000,14.500875,2,0,0.019250,14.520125
442,1014.733333,15.945625,2,0,0.008958,15.954583
443,1014.766667,15.443333,2,0,0.019625,15.462958
444,1014.800000,15.803292,2,0,0.018416,15.821708
445,1014.833333,15.666167,2,0,0.017083,15.683250
446,1014.866667,15.267958,2,0,0.018500,15.286458
447,1014.900000,15.664167,2,0,0.026250,15.690417
448,1014.933333,15.363500,2,0,0.020750,15.384250
449,1014.966667,15.637708,2,0,0.020250,15.657958
450,1015.000000,15.205625,2,0,0.018250,15.223875
451,1015.033333,15.598209,2,0,0.018583,15.616792
452,1015.066667,15.401042,2,0,0.012292,15.413334
453,1015.100000,15.062958,2,0,0.005000,15.067958
454,1015.133333,15.601250,2,0,0.023333,15.624583
455,1015.166667,15.530166,2,0,0.019834,15.550000
456,1015.200000,15.055333,2,0,0.018584,15.073917
457,1015.233333,15.572125,2,0,0.023542,15.595667
458,1015.266667,15.546958,2,0,0.018167,15.565125
459,1015.300000,14.885959,2,0,0.017875,14.903834
460,1015.333333,15.685166,2,0,0.024625,15.709791
461,1015.366667,15.124584,2,0,0.023916,15.148500
462,1015.400000,14.988333,2,0,0.031125,15.019458
463,1015.433333,14.253750,2,0,0.009875,14.263625
464,1015.466667,15.493125,2,0,0.018625,15.511750
465,1015.500000,16.761292,2,0,0.028916,16.790208
466,1015.533333,16.149666,2,0,0.018125,16.167791
467,1015.566667,16.557500,2,0,0.018583,16.576083
468,1015.600000,16.409334,2,0,0.020875,16.430209
469,1015.633333,16.301542,2,0,0.018625,16.320167
470,1015.666667,16.104500,2,0,0.019083,16.123583
471,1015.700000,16.434334,2,0,0.017750,16.452084
472,1015.733333,15.435250,2,0,0.009167,15.444417
473,1015.766667,15.934917,2,0,0.016166,15.951083
474,1015.800000,16.122959,2,0,0.019291,16.142250
475,1015.833333,16.081042,2,0,0.020916,16.101958
476,1015.866667,15.867917,2,0,0.018791,15.886708
477,1015.900000,15.866583,2,0,0.007667,15.874250
478,1015.933333,16.120667,2,0,0.007667,16.128334
479,1015.966667,15.857875,2,0,0.014666,15.872541
480,1016.000000,16.357792,2,0,0.019458,16.377250
481,1016.033333,16.097958,2,0,0.016333,16.114291
482,1016.066667,16.101583,2,0,0.014667,16.116250
483,1016.100000,16.182542,2,0,0.015583,16.198125
484,1016.133333,14.588750,2,0,0.026542,14.615292
485,1016.166667,15.244208,2,0,0.008417,15.252625
486,1016.200000,14.717625,2,0,0.014584,14.732209
487,1016.233333,15.951750,2,0,0.008458,15.960208
488,1016.266667,15.624625,2,0,0.017166,15.641791
489,1016.300000,16.170917,2,0,0.024291,16.195208
490,1016.333333,15.909833,2,0,0.018875,15.928708
491,1016.366667,15.919541,2,0,0.017000,15.936541
492,1016.400000,15.537917,2,0,0.042792,15.580709
493,1016.433333,15.572292,2,0,0.024208,15.596500
494,1016.466667,15.699375,2,0,0.020750,15.720125
495,1016.500000,17.531875,2,0,0.009167,17.541042
496,1016.533333,15.547042,2,0,0.019791,15.566833
497,1016.566667,15.631834,2,0,0.021333,15.653167
498,1016.600000,15.345750,2,0,0.020500,15.366250
499,1016.633333,14.697500,2,0,0.021792,14.719292
500,1016.666667,15.473375,2,0,0.015292,15.488667
501,1016.700000,15.992000,2,0,0.014042,16.006042
502,1016.733333,15.195375,2,0,0.018667,15.214042
503,1016.766667,14.867333,2,0,0.015292,14.882625
504,1016.800000,15.877750,2,0,0.014334,15.892084
505,1016.833333,15.472083,2,0,0.017583,15.489666
506,1016.866667,15.554667,2,0,0.024125,15.578792
507,1016.900000,15.482250,2,0,0.016417,15.498667
508,1016.933333,15.865625,2,0,0.016541,15.882166
509,1016.966667,15.817458,2,0,0.018917,15.836375
510,1017.000000,15.239042,2,0,0.015667,15.254709
511,1017.033333,16.140708,2,0,0.008750,16.149458
512,1017.066667,14.853708,2,0,0.025000,14.878708
513,1017.100000,14.460416,2,0,0.018125,14.478541
514,1017.133333,13.649083,2,0,0.007833,13.656916
515,1017.166667,14.061417,2,0,0.023917,14.085334
516,1017.200000,14.362334,2,0,0.020500,14.382834
517,1017.233333,14.931416,2,0,0.019125,14.950541
518,1017.266667,14.856500,2,0,0.019083,14.875583
519,1017.300000,14.998834,2,0,0.021291,15.020125
520,1017.333333,14.800166,2,0,0.015834,14.816000
521,1017.366667,15.453875,2,0,0.018875,15.472750
522,1017.400000,15.463458,2,0,0.008167,15.471625
523,1017.433333,14.694833,2,0,0.022625,14.717458
524,1017.466667,15.240750,2,0,0.019250,15.260000
525,1017.500000,15.102292,2,0,0.021416,15.123708
526,1017.533333,15.558375,2,0,0.013750,15.572125
527,1017.566667,15.694083,2,0,0.017833,15.711916
528,1017.600000,15.471791,2,0,0.020250,15.492041
529,1017.633333,14.711875,2,0,0.022416,14.734291
530,1017.666667,14.541500,2,0,0.025916,14.567416
531,1017.700000,14.874167,2,0,0.017083,14.891250
532,1017.733333,15.356750,2,0,0.018375,15.375125
533,1017.766667,16.087958,2,0,0.018084,16.106042
534,1017.800000,16.278500,2,0,0.018125,16.296625
535,1017.833333,16.533667,2,0,0.016583,16.550250
536,1017.866667,15.215000,2,0,0.009458,15.224458
537,1017.900000,15.305375,2,0,0.018375,15.323750
538,1017.933333,15.624417,2,0,0.007333,15.631750
539,1017.966667,15.047458,2,0,0.011459,15.058917
540,1018.000000,15.771875,2,0,0.008000,15.779875
541,1018.033333,15.464458,2,0,0.007625,15.472083
542,1018.066667,15.969750,2,0,0.018167,15.987917
543,1018.100000,18.224084,2,0,0.014500,18.238584
544,1018.133333,13.913833,2,0,0.007417,13.921250
545,1018.166667,15.088708,2,0,0.018292,15.107000
546,1018.200000,15.166834,2,0,0.016791,15.183625
547,1018.233333,15.615834,2,0,0.018458,15.634292
548,1018.266667,15.164042,2,0,0.007500,15.171542
549,1018.300000,15.532042,2,0,0.024458,15.556500
550,1018.333333,15.490792,2,0,0.015250,15.506042
551,1018.366667,15.285667,2,0,0.017583,15.303250
552,1018.400000,15.431250,2,0,0.008000,15.439250
553,1018.433333,14.322792,2,0,0.025333,14.348125
554,1018.466667,15.349500,2,0,0.017791,15.367291
555,1018.500000,15.645125,2,0,0.019750,15.664875
556,1018.533333,15.442458,2,0,0.019458,15.461916
557,1018.566667,14.985833,2,0,0.019833,15.005666
558,1018.600000,15.358500,2,0,0.009542,15.368042
559,1018.633333,14.672666,2,0,0.027042,14.699708
560,1018.666667,14.368792,2,0,0.017916,14.386708
561,1018.700000,14.813916,2,0,0.008334,14.822250
562,1018.733333,15.163584,2,0,0.008375,15.171959
563,1018.766667,15.276625,2,0,0.012500,15.289125
564,1018.800000,15.467667,2,0,0.006458,15.474125
565,1018.833333,15.419750,2,0,0.015709,15.435459
566,1018.866667,15.061750,2,0,0.018333,15.080083
567,1018.900000,14.796500,2,0,0.008417,14.804917
568,1018.933333,15.235833,2,0,0.006458,15.242291
569,1018.966667,14.610334,2,0,0.023041,14.633375
570,1019.000000,14.223541,2,0,0.014375,14.237916
571,1019.033333,14.735791,2,0,0.016459,14.752250
572,1019.066667,14.440042,2,0,0.008292,14.448334
573,1019.100000,15.140166,2,0,0.020375,15.160541
574,1019.133333,13.842542,2,0,0.007958,13.850500
575,1019.166667,13.212083,2,0,0.014084,13.226167
576,1019.200000,13.959083,2,0,0.024833,13.983916
577,1019.233333,14.539791,2,0,0.016292,14.556083
578,1019.266667,14.251458,2,0,0.018458,14.269916
579,1019.300000,14.817125,2,0,0.015292,14.832417
580,1019.333333,15.004667,2,0,0.018708,15.023375
581,1019.366667,14.842666,2,0,0.017584,14.860250
582,1019.400000,14.902709,2,0,0.020958,14.923667
583,1019.433333,14.939541,2,0,0.012875,14.952416
584,1019.466667,14.648834,2,0,0.016583,14.665417
585,1019.500000,14.831667,2,0,0.017000,14.848667
586,1019.533333,14.414875,2,0,0.028875,14.443750
587,1019.566667,16.629750,2,0,0.018833,16.648583
588,1019.600000,14.115542,2,0,0.008625,14.124167
589,1019.633333,14.571625,2,0,0.018625,14.590250
590,1019.666667,14.081042,2,0,0.006708,14.087750
591,1019.700000,15.516500,2,0,0.006708,15.523208
592,1019.733333,16.856875,2,0,0.011625,16.868500
593,1019.766667,16.563541,2,0,0.018917,16.582458
594,1019.800000,15.808208,2,0,0.019292,15.827500
595,1019.833333,16.236417,2,0,0.019000,16.255417
596,1019.866667,15.504375,2,0,0.020250,15.524625
597,1019.900000,15.684375,2,0,0.018541,15.702916
598,1019.933333,15.837708,2,0,0.006458,15.844166
599,1019.966667,16.304583,2,0,0.010167,16.314750
600,1020.000000,15.256959,2,0,0.018708,15.275667
601,1020.033333,15.592958,2,0,0.029084,15.622042
602,1020.066667,15.865667,2,0,0.019083,15.884750
603,1020.100000,15.973291,2,0,0.017917,15.991208
604,1020.133333,14.074541,2,0,0.019250,14.093791
605,1020.166667,14.585250,2,0,0.017000,14.602250
606,1020.200000,15.012000,2,0,0.019208,15.031208
607,1020.233333,14.980333,2,0,0.019292,14.999625
608,1020.266667,15.476459,2,0,0.019291,15.495750
609,1020.300000,15.906833,2,0,0.016875,15.923708
610,1020.333333,15.667167,2,0,0.019750,15.686917
611,1020.366667,15.841750,2,0,0.018792,15.860542
612,1020.400000,15.647750,2,0,0.008209,15.655959
613,1020.433333,15.300209,2,0,0.009291,15.309500
614,1020.466667,15.041416,2,0,0.018917,15.060333
615,1020.500000,15.712709,2,0,0.017500,15.730209
616,1020.533333,15.847458,2,0,0.017042,15.864500
617,1020.566667,15.284458,2,0,0.014792,15.299250
618,1020.600000,15.481333,2,0,0.004042,15.485375
619,1020.633333,15.744959,2,0,0.019041,15.764000
620,1020.666667,15.549000,2,0,0.019250,15.568250
621,1020.700000,15.162875,2,0,0.021000,15.183875
622,1020.733333,15.183792,2,0,0.006125,15.189917
623,1020.766667,15.051209,2,0,0.018875,15.070084
624,1020.800000,15.123375,2,0,0.019292,15.142667
625,1020.833333,15.179292,2,0,0.018375,15.197667
626,1020.866667,14.595666,2,0,0.019792,14.615458
627,1020.900000,14.524458,2,0,0.013625,14.538083
628,1020.933333,15.060083,2,0,0.019875,15.079958
629,1020.966667,15.675875,2,0,0.019125,15.695000
630,1021.000000,15.518792,2,0,0.019375,15.538167
631,1021.033333,15.172917,2,0,0.019042,15.191959
632,1021.066667,14.971459,2,0,0.018166,14.989625
633,1021.100000,14.761291,2,0,0.019709,14.781000
634,1021.133333,13.493333,2,0,0.008000,13.501333
635,1021.166667,13.590750,2,0,0.018583,13.609333
636,1021.200000,14.118417,2,0,0.019917,14.138334
637,1021.233333,15.232791,2,0,0.007584,15.240375
638,1021.266667,17.016292,2,0,0.018958,17.035250
639,1021.300000,16.197334,2,0,0.019583,16.216917
640,1021.333333,16.382833,2,0,0.018083,16.400916
641,1021.366667,15.983709,2,0,0.017750,16.001459
642,1021.400000,16.397666,2,0,0.016792,16.414458
643,1021.433333,15.917667,2,0,0.023208,15.940875
644,1021.466667,16.014750,2,0,0.025667,16.040417
645,1021.500000,15.524333,2,0,0.019292,15.543625
646,1021.533333,15.686959,2,0,0.008166,15.695125
647,1021.566667,16.460875,2,0,0.018708,16.479583
648,1021.600000,15.705458,2,0,0.021834,15.727292
649,1021.633333,15.870000,2,0,0.018625,15.888625
650,1021.666667,15.524333,2,0,0.021334,15.545667
651,1021.700000,15.798792,2,0,0.017833,15.816625
652,1021.733333,15.466375,2,0,0.017792,15.484167
653,1021.766667,15.667875,2,0,0.010458,15.678333
654,1021.800000,14.924875,2,0,0.018750,14.943625
655,1021.833333,15.474375,2,0,0.007375,15.481750
656,1021.866667,15.734208,2,0,0.017458,15.751666
657,1021.900000,15.734583,2,0,0.021167,15.755750
658,1021.933333,16.206167,2,0,0.018250,16.224417
659,1021.966667,15.848708,2,0,0.018333,15.867041
660,1022.000000,15.000000,2,0,0.010834,15.010834
661,1022.033333,14.878542,2,0,0.017333,14.895875
662,1022.066667,15.869500,2,0,0.018125,15.887625
663,1022.100000,15.224625,2,0,0.007500,15.232125
664,1022.133333,14.850917,2,0,0.004958,14.855875
665,1022.166667,15.443042,2,0,0.019000,15.462042
666,1022.200000,15.302291,2,0,0.019084,15.321375
667,1022.233333,15.961000,2,0,0.015917,15.976917
668,1022.266667,15.325041,2,0,0.018167,15.343208
669,1022.300000,15.687041,2,0,0.016334,15.703375
670,1022.333333,15.460208,2,0,0.013833,15.474041
671,1022.366667,15.170834,2,0,0.015625,15.186459
672,1022.400000,15.254250,2,0,0.019708,15.273958
673,1022.433333,15.046375,2,0,0.022500,15.068875
674,1022.466667,15.396958,2,0,0.011375,15.408333
675,1022.500000,15.574542,2,0,0.009041,15.583583
676,1022.533333,15.216416,2,0,0.027750,15.244166
677,1022.566667,14.869125,2,0,0.028208,14.897333
678,1022.600000,14.776459,2,0,0.008666,14.785125
679,1022.633333,15.288875,2,0,0.019333,15.308208
680,1022.666667,14.847542,2,0,0.020208,14.867750
681,1022.700000,14.895583,2,0,0.019750,14.915333
682,1022.733333,15.320875,2,0,0.016750,15.337625
683,1022.766667,16.046209,2,0,0.008041,16.054250
684,1022.800000,17.586458,2,0,0.020333,17.606791
685,1022.833333,16.579792,2,0,0.009167,16.588959
686,1022.866667,16.471042,2,0,0.007958,16.479000
687,1022.900000,15.806708,2,0,0.018667,15.825375
688,1022.933333,16.113083,2,0,0.014792,16.127875
689,1022.966667,16.594375,2,0,0.018917,16.613292
690,1023.000000,16.646958,2,0,0.007958,16.654916
691,1023.033333,16.575417,2,0,0.018833,16.594250
692,1023.066667,16.293042,2,0,0.019208,16.312250
693,1023.100000,16.710208,2,0,0.008375,16.718583
694,1023.133333,17.811042,2,0,0.026292,17.837334
695,1023.166667,15.532459,2,0,0.017666,15.550125
696,1023.200000,15.998500,2,0,0.018416,16.016916
697,1023.233333,16.433917,2,0,0.019708,16.453625
698,1023.266667,16.031625,2,0,0.009208,16.040833
699,1023.300000,16.065333,2,0,0.007667,16.073000
700,1023.333333,16.783542,2,0,0.007875,16.791417
701,1023.366667,16.421375,2,0,0.016833,16.438208
702,1023.400000,16.218375,2,0,0.019583,16.237958
703,1023.433333,16.065875,2,0,0.009375,16.075250
704,1023.466667,16.233541,2,0,0.018209,16.251750
705,1023.500000,16.501250,2,0,0.017542,16.518792
706,1023.533333,16.161875,2,0,0.017458,16.179333
707,1023.566667,15.464459,2,0,0.020958,15.485417
708,1023.600000,15.409167,2,0,0.008708,15.417875
709,1023.633333,15.617625,2,0,0.017458,15.635083
710,1023.666667,15.839458,2,0,0.018958,15.858416
711,1023.700000,15.830750,2,0,0.016834,15.847584
712,1023.733333,15.589167,2,0,0.020167,15.609334
713,1023.766667,15.584625,2,0,0.014167,15.598792
714,1023.800000,15.579708,2,0,0.021042,15.600750
715,1023.833333,15.922584,2,0,0.018000,15.940584
716,1023.866667,15.878084,2,0,0.028291,15.906375
717,1023.900000,15.053333,2,0,0.007750,15.061083
718,1023.933333,14.693959,2,0,0.013666,14.707625
719,1023.966667,15.165834,2,0,0.019208,15.185042
720,1024.000000,15.002375,2,0,0.019334,15.021709
721,1024.033333,15.528625,2,0,0.021833,15.550458
722,1024.066667,15.352417,2,0,0.018541,15.370958
723,1024.100000,15.417417,2,0,0.018875,15.436292
724,1024.133333,15.197958,2,0,0.013625,15.211583
725,1024.166667,13.366375,2,0,0.025750,13.392125
726,1024.200000,14.349291,2,0,0.019042,14.368333
727,1024.233333,14.078958,2,0,0.005000,14.083958
728,1024.266667,14.274209,2,0,0.018541,14.292750
729,1024.300000,15.538583,2,0,0.018500,15.557083
730,1024.333333,17.640417,2,0,0.018583,17.659000
731,1024.366667,16.827584,2,0,0.018958,16.846542
732,1024.400000,16.588250,2,0,0.017209,16.605459
733,1024.433333,16.112541,2,0,0.029500,16.142041
734,1024.466667,16.241666,2,0,0.025792,16.267458
735,1024.500000,16.034625,2,0,0.017166,16.051791
736,1024.533333,16.234750,2,0,0.007791,16.242541
737,1024.566667,16.384167,2,0,0.017333,16.401500
738,1024.600000,15.913917,2,0,0.011250,15.925167
739,1024.633333,16.319500,2,0,0.009250,16.328750
740,1024.666667,15.578542,2,0,0.006833,15.585375
741,1024.700000,16.011666,2,0,0.008459,16.020125
742,1024.733333,15.982541,2,0,0.015209,15.997750
743,1024.766667,15.682917,2,0,0.016500,15.699417
744,1024.800000,15.549708,2,0,0.021000,15.570708
745,1024.833333,14.921291,2,0,0.019750,14.941041
746,1024.866667,14.892000,2,0,0.009125,14.901125
747,1024.900000,16.122875,2,0,0.010000,16.132875
748,1024.933333,15.420083,2,0,0.025917,15.446000
749,1024.966667,14.708375,2,0,0.013667,14.722042
750,1025.000000,15.251541,2,0,0.006709,15.258250
751,1025.033333,15.322417,2,0,0.027333,15.349750
752,1025.066667,14.882625,2,0,0.020375,14.903000
753,1025.100000,14.900375,2,0,0.019041,14.919416
754,1025.133333,14.826791,2,0,0.019584,14.846375
755,1025.166667,13.494375,2,0,0.009583,13.503958
756,1025.200000,13.467000,2,0,0.018583,13.485583
757,1025.233333,15.033708,2,0,0.006292,15.040000
758,1025.266667,14.416042,2,0,0.018875,14.434917
759,1025.300000,14.641750,2,0,0.018750,14.660500
760,1025.333333,14.355292,2,0,0.019000,14.374292
761,1025.366667,14.945333,2,0,0.022792,14.968125
762,1025.400000,17.175667,2,0,0.017333,17.193000
763,1025.433333,15.947416,2,0,0.022417,15.969833
764,1025.466667,15.910625,2,0,0.023459,15.934084
765,1025.500000,16.672208,2,0,0.010292,16.682500
766,1025.533333,16.006916,2,0,0.015375,16.022291
767,1025.566667,16.448917,2,0,0.023750,16.472667
768,1025.600000,15.811667,2,0,0.014458,15.826125
769,1025.633333,16.259292,2,0,0.016042,16.275334
770,1025.666667,16.303667,2,0,0.015792,16.319459
771,1025.700000,16.222167,2,0,0.026917,16.249084
772,1025.733333,15.766000,2,0,0.015167,15.781167
773,1025.766667,15.085708,2,0,0.020333,15.106041
774,1025.800000,15.457458,2,0,0.019167,15.476625
775,1025.833333,15.999042,2,0,0.019375,16.018417
776,1025.866667,16.200708,2,0,0.017667,16.218375
777,1025.900000,15.019458,2,0,0.016209,15.035667
778,1025.933333,16.042208,2,0,0.015000,16.057208
779,1025.966667,15.770458,2,0,0.017750,15.788208
780,1026.000000,16.191625,2,0,0.018917,16.210542
781,1026.033333,16.202875,2,0,0.018833,16.221708
782,1026.066667,15.686792,2,0,0.016083,15.702875
783,1026.100000,15.421500,2,0,0.016791,15.438291
784,1026.133333,15.657250,2,0,0.016208,15.673458
785,1026.166667,14.908583,2,0,0.006167,14.914750
786,1026.200000,15.260584,2,0,0.018625,15.279209
787,1026.233333,15.581625,2,0,0.017709,15.599334
788,1026.266667,14.790042,2,0,0.027000,14.817042
789,1026.300000,15.253542,2,0,0.016792,15.270334
790,1026.333333,14.930041,2,0,0.017959,14.948000
791,1026.366667,14.759833,2,0,0.027625,14.787458
792,1026.400000,15.014792,2,0,0.017125,15.031917
793,1026.433333,14.020375,2,0,0.023833,14.044208
794,1026.466667,14.671000,2,0,0.019916,14.690916
795,1026.500000,14.748166,2,0,0.018000,14.766166
796,1026.533333,14.650541,2,0,0.016500,14.667041
797,1026.566667,15.316500,2,0,0.014959,15.331459
798,1026.600000,15.216250,2,0,0.007250,15.223500
799,1026.633333,14.614916,2,0,0.008250,14.623166
800,1026.666667,14.979583,2,0,0.017917,14.997500
801,1026.700000,13.696792,2,0,0.019875,13.716667
802,1026.733333,14.318916,2,0,0.018209,14.337125
803,1026.766667,15.823041,2,0,0.007375,15.830416
804,1026.800000,13.870750,2,0,0.014792,13.885542
805,1026.833333,14.012666,2,0,0.007959,14.020625
806,1026.866667,16.911833,2,0,0.019042,16.930875
807,1026.900000,17.788500,2,0,0.009334,17.797834
808,1026.933333,16.003334,2,0,0.018375,16.021709
809,1026.966667,16.286916,2,0,0.014584,16.301500
810,1027.000000,16.328334,2,0,0.020750,16.349084
811,1027.033333,16.154334,2,0,0.008416,16.162750
812,1027.066667,15.816500,2,0,0.018750,15.835250
813,1027.100000,16.086542,2,0,0.017500,16.104042
814,1027.133333,15.380541,2,0,0.007667,15.388208
815,1027.166667,15.794042,2,0,0.018500,15.812542
816,1027.200000,14.243834,2,0,0.008958,14.252792
817,1027.233333,14.304458,2,0,0.018209,14.322667
818,1027.266667,14.501458,2,0,0.022459,14.523917
819,1027.300000,14.961958,2,0,0.018584,14.980542
820,1027.333333,16.105709,2,0,0.016125,16.121834
821,1027.366667,14.900083,2,0,0.052042,14.952125
822,1027.400000,15.274250,2,0,0.019708,15.293958
823,1027.433333,15.118666,2,0,0.024000,15.142666
824,1027.466667,15.025375,2,0,0.006875,15.032250
825,1027.500000,15.609209,2,0,0.020666,15.629875
826,1027.533333,15.098625,2,0,0.017583,15.116208
827,1027.566667,14.991417,2,0,0.018833,15.010250
828,1027.600000,14.575666,2,0,0.023375,14.599041
829,1027.633333,14.645958,2,0,0.015625,14.661583
830,1027.666667,14.418542,2,0,0.017250,14.435792
831,1027.700000,14.749417,2,0,0.018750,14.768167
832,1027.733333,14.516292,2,0,0.007583,14.523875
833,1027.766667,14.573875,2,0,0.018167,14.592042
834,1027.800000,14.433584,2,0,0.016125,14.449709
835,1027.833333,14.621000,2,0,0.016875,14.637875
836,1027.866667,14.388792,2,0,0.006583,14.395375
837,1027.900000,13.424000,2,0,0.019625,13.443625
838,1027.933333,13.476667,2,0,0.010166,13.486833
839,1027.966667,14.095834,2,0,0.015916,14.111750
840,1028.000000,14.130292,2,0,0.029167,14.159459
841,1028.033333,14.938375,2,0,0.008708,14.947083
842,1028.066667,13.941334,2,0,0.017250,13.958584
843,1028.100000,14.236708,2,0,0.018834,14.255542
844,1028.133333,14.431625,2,0,0.017792,14.449417
845,1028.166667,14.028333,2,0,0.022750,14.051083
846,1028.200000,13.890542,2,0,0.009167,13.899709
847,1028.233333,16.629292,2,0,0.006042,16.635334
848,1028.266667,16.626959,2,0,0.022833,16.649792
849,1028.300000,16.098625,2,0,0.017750,16.116375
850,1028.333333,16.423375,2,0,0.006625,16.430000
851,1028.366667,16.769417,2,0,0.008875,16.778292
852,1028.400000,16.137250,2,0,0.008500,16.145750
853,1028.433333,15.887416,2,0,0.009084,15.896500
854,1028.466667,16.418166,2,0,0.009250,16.427416
855,1028.500000,15.614584,2,0,0.008791,15.623375
856,1028.533333,15.917333,2,0,0.019333,15.936666
857,1028.566667,15.524084,2,0,0.017875,15.541959
858,1028.600000,15.892208,2,0,0.006959,15.899167
859,1028.633333,17.535542,2,0,0.009916,17.545458
860,1028.666667,15.975125,2,0,0.017459,15.992584
861,1028.700000,16.371000,2,0,0.023291,16.394291
862,1028.733333,15.896542,2,0,0.024708,15.921250
863,1028.766667,15.883834,2,0,0.020875,15.904709
864,1028.800000,16.090583,2,0,0.019417,16.110000
865,1028.833333,15.946209,2,0,0.023833,15.970042
866,1028.866667,15.851333,2,0,0.017167,15.868500
867,1028.900000,15.543958,2,0,0.016417,15.560375
868,1028.933333,15.810083,2,0,0.008208,15.818291
869,1028.966667,15.729750,2,0,0.018417,15.748167
870,1029.000000,14.983875,2,0,0.015875,14.999750
871,1029.033333,15.329916,2,0,0.016459,15.346375
872,1029.066667,15.825959,2,0,0.014750,15.840709
873,1029.100000,15.007666,2,0,0.016875,15.024541
874,1029.133333,15.038166,2,0,0.017375,15.055541
875,1029.166667,14.732250,2,0,0.023250,14.755500
876,1029.200000,15.070042,2,0,0.020167,15.090209
877,1029.233333,13.191375,2,0,0.009417,13.200792
878,1029.266667,14.052834,2,0,0.008250,14.061084
879,1029.300000,14.178541,2,0,0.016042,14.194583
880,1029.333333,14.049708,2,0,0.016625,14.066333
881,1029.366667,15.660708,2,0,0.005042,15.665750
882,1029.400000,18.032166,2,0,0.060042,18.092208
883,1029.433333,16.674792,2,0,0.026917,16.701709
884,1029.466667,16.638416,2,0,0.018542,16.656958
885,1029.500000,15.894667,2,0,0.016166,15.910833
886,1029.533333,16.281208,2,0,0.016000,16.297208
887,1029.566667,15.780083,2,0,0.018000,15.798083
888,1029.600000,16.200541,2,0,0.016292,16.216833
889,1029.633333,15.807917,2,0,0.030292,15.838209
890,1029.666667,15.605833,2,0,0.019083,15.624916
891,1029.700000,15.829250,2,0,0.015375,15.844625
892,1029.733333,15.208375,2,0,0.012542,15.220917
893,1029.766667,15.279125,2,0,0.015667,15.294792
894,1029.800000,15.375917,2,0,0.019291,15.395208
895,1029.833333,15.033250,2,0,0.009666,15.042916
896,1029.866667,15.284292,2,0,0.017042,15.301334
897,1029.900000,15.140334,2,0,0.018458,15.158792
898,1029.933333,14.738583,2,0,0.007709,14.746292
899,1029.966667,14.342750,2,0,0.017667,14.360417
900,1030.000000,14.419250,2,0,0.020250,14.439500
901,1030.033333,15.028292,2,0,0.015166,15.043458
902,1030.066667,14.136417,2,0,0.028208,14.164625
903,1030.100000,15.470916,2,0,0.016375,15.487291
904,1030.133333,17.521875,2,0,0.021084,17.542959
905,1030.166667,17.293375,2,0,0.018209,17.311584
906,1030.200000,16.098250,2,0,0.013042,16.111292
907,1030.233333,14.569584,2,0,0.006958,14.576542
908,1030.266667,18.308958,2,0,0.018125,18.327083
909,1030.300000,14.997625,2,0,0.016625,15.014250
910,1030.333333,15.178583,2,0,0.010417,15.189000
911,1030.366667,15.529500,2,0,0.020666,15.550166
912,1030.400000,15.001792,2,0,0.036625,15.038417
913,1030.433333,14.507291,2,0,0.028584,14.535875
914,1030.466667,14.871917,2,0,0.016208,14.888125
915,1030.500000,15.037333,2,0,0.005334,15.042667
916,1030.533333,15.012041,2,0,0.027584,15.039625
917,1030.566667,15.083833,2,0,0.019292,15.103125
918,1030.600000,14.198042,2,0,0.018875,14.216917
919,1030.633333,14.178250,2,0,0.014875,14.193125
920,1030.666667,14.540917,2,0,0.017667,14.558584
921,1030.700000,14.269833,2,0,0.017917,14.287750
922,1030.733333,14.386916,2,0,0.023875,14.410791
923,1030.766667,14.218584,2,0,0.018500,14.237084
924,1030.800000,15.060833,2,0,0.014625,15.075458
925,1030.833333,16.935875,2,0,0.005000,16.940875
926,1030.866667,15.842667,2,0,0.018875,15.861542
927,1030.900000,15.672375,2,0,0.019041,15.691416
928,1030.933333,16.791459,2,0,0.006750,16.798209
929,1030.966667,16.441542,2,0,0.016708,16.458250
930,1031.000000,15.711834,2,0,0.017666,15.729500
931,1031.033333,16.337958,2,0,0.007042,16.345000
932,1031.066667,15.439291,2,0,0.022334,15.461625
933,1031.100000,14.859709,2,0,0.016708,14.876417
934,1031.133333,15.009833,2,0,0.017708,15.027541
935,1031.166667,15.265042,2,0,0.008333,15.273375
936,1031.200000,15.642375,2,0,0.018791,15.661166
937,1031.233333,13.162709,2,0,0.008041,13.170750
938,1031.266667,13.179250,2,0,0.007500,13.186750
939,1031.300000,13.379375,2,0,0.020625,13.400000
940,1031.333333,13.597250,2,0,0.018916,13.616166
941,1031.366667,14.131041,2,0,0.018917,14.149958
942,1031.400000,14.488334,2,0,0.007375,14.495709
943,1031.433333,13.334083,2,0,0.009875,13.343958
944,1031.466667,13.596042,2,0,0.018583,13.614625
945,1031.500000,13.967334,2,0,0.006458,13.973792
946,1031.533333,13.976250,2,0,0.013833,13.990083
947,1031.566667,14.713875,2,0,0.010208,14.724083
948,1031.600000,17.300167,2,0,0.021125,17.321292
949,1031.633333,16.395834,2,0,0.009333,16.405167
950,1031.666667,16.016208,2,0,0.019125,16.035333
951,1031.700000,16.455209,2,0,0.018166,16.473375
952,1031.733333,16.570750,2,0,0.018166,16.588916
953,1031.766667,15.865375,2,0,0.016958,15.882333
954,1031.800000,15.371708,2,0,0.014458,15.386166
955,1031.833333,16.188958,2,0,0.019042,16.208000
956,1031.866667,15.167208,2,0,0.014375,15.181583
957,1031.900000,15.225209,2,0,0.017916,15.243125
958,1031.933333,15.844208,2,0,0.019334,15.863542
959,1031.966667,14.525167,2,0,0.015083,14.540250
960,1032.000000,15.770250,2,0,0.015792,15.786042
961,1032.033333,15.256542,2,0,0.018541,15.275083
962,1032.066667,13.846250,2,0,0.009834,13.856084
963,1032.100000,14.241708,2,0,0.019417,14.261125
964,1032.133333,14.700041,2,0,0.016584,14.716625
965,1032.166667,15.188583,2,0,0.015792,15.204375
966,1032.200000,17.551208,2,0,0.020417,17.571625
967,1032.233333,15.202042,2,0,0.007333,15.209375
968,1032.266667,15.431500,2,0,0.021792,15.453292
969,1032.300000,15.964208,2,0,0.019042,15.983250
970,1032.333333,16.036167,2,0,0.016000,16.052167
971,1032.366667,15.712500,2,0,0.018542,15.731042
972,1032.400000,15.786000,2,0,0.015917,15.801917
973,1032.433333,15.601333,2,0,0.016000,15.617333
974,1032.466667,15.157583,2,0,0.016750,15.174333
975,1032.500000,16.605500,2,0,0.008334,16.613834
976,1032.533333,15.976959,2,0,0.018500,15.995459
977,1032.566667,15.652625,2,0,0.019209,15.671834
978,1032.600000,15.253958,2,0,0.018125,15.272083
979,1032.633333,15.646917,2,0,0.007625,15.654542
980,1032.666667,14.702917,2,0,0.053291,14.756208
981,1032.700000,15.598250,2,0,0.018917,15.617167
982,1032.733333,15.983500,2,0,0.018875,16.002375
983,1032.766667,15.259000,2,0,0.018041,15.277041
984,1032.800000,15.115917,2,0,0.019041,15.134958
985,1032.833333,14.814208,2,0,0.018833,14.833041
986,1032.866667,14.330583,2,0,0.008834,14.339417
987,1032.900000,13.761083,2,0,0.016584,13.777667
988,1032.933333,13.923083,2,0,0.016167,13.939250
989,1032.966667,14.005709,2,0,0.015916,14.021625
990,1033.000000,14.069000,2,0,0.019833,14.088833
991,1033.033333,14.146209,2,0,0.008083,14.154292
992,1033.066667,14.879250,2,0,0.008084,14.887334
993,1033.100000,14.420250,2,0,0.018334,14.438584
994,1033.133333,14.331542,2,0,0.013666,14.345208
995,1033.166667,14.668125,2,0,0.014959,14.683084
996,1033.200000,13.622334,2,0,0.021958,13.644292
997,1033.233333,12.944750,2,0,0.009125,12.953875
998,1033.266667,13.947250,2,0,0.017125,13.964375
999,1033.300000,16.360042,2,0,0.019250,16.379292
1000,1033.333333,15.987917,2,0,0.018666,16.006583
1001,1033.366667,15.960833,2,0,0.019209,15.980042
1002,1033.400000,16.033917,2,0,0.018541,16.052458
1003,1033.433333,15.523000,2,0,0.011125,15.534125
1004,1033.466667,15.092709,2,0,0.008083,15.100792
1005,1033.500000,15.434333,2,0,0.019917,15.454250
1006,1033.533333,15.039917,2,0,0.016708,15.056625
1007,1033.566667,14.497750,2,0,0.015375,14.513125
1008,1033.600000,14.988792,2,0,0.013000,15.001792
1009,1033.633333,15.555541,2,0,0.007917,15.563458
1010,1033.666667,15.496083,2,0,0.018625,15.514708
1011,1033.700000,15.218666,2,0,0.008750,15.227416
1012,1033.733333,14.749875,2,0,0.015333,14.765208
1013,1033.766667,15.512042,2,0,0.018916,15.530958
1014,1033.800000,15.191000,2,0,0.018083,15.209083
1015,1033.833333,15.360416,2,0,0.017834,15.378250
1016,1033.866667,14.931708,2,0,0.019458,14.951166
1017,1033.900000,15.847834,2,0,0.017750,15.865584
1018,1033.933333,14.091959,2,0,0.010875,14.102834
1019,1033.966667,14.272625,2,0,0.016292,14.288917
1020,1034.000000,14.485875,2,0,0.013334,14.499209
1021,1034.033333,14.726750,2,0,0.015542,14.742292
1022,1034.066667,15.079042,2,0,0.018792,15.097834
1023,1034.100000,15.227959,2,0,0.016541,15.244500
1024,1034.133333,15.911125,2,0,0.008750,15.919875
1025,1034.166667,16.259292,2,0,0.006666,16.265958
1026,1034.200000,16.144125,2,0,0.018209,16.162334
1027,1034.233333,16.457292,2,0,0.018416,16.475708
1028,1034.266667,14.655041,2,0,0.020625,14.675666
1029,1034.300000,15.499709,2,0,0.019125,15.518834
1030,1034.333333,15.625834,2,0,0.017750,15.643584
1031,1034.366667,15.752708,2,0,0.018500,15.771208
1032,1034.400000,15.488166,2,0,0.017584,15.505750
1033,1034.433333,14.967667,2,0,0.007458,14.975125
1034,1034.466667,14.944333,2,0,0.008292,14.952625
1035,1034.500000,14.999500,2,0,0.018083,15.017583
1036,1034.533333,15.193584,2,0,0.008000,15.201584
1037,1034.566667,15.082916,2,0,0.018917,15.101833
1038,1034.600000,15.330917,2,0,0.017833,15.348750
1039,1034.633333,15.831958,2,0,0.011000,15.842958
1040,1034.666667,15.661792,2,0,0.019500,15.681292
1041,1034.700000,15.563833,2,0,0.018125,15.581958
1042,1034.733333,15.035000,2,0,0.018167,15.053167
1043,1034.766667,14.837000,2,0,0.019292,14.856292
1044,1034.800000,15.129167,2,0,0.019042,15.148209
1045,1034.833333,14.846000,2,0,0.019708,14.865708
1046,1034.866667,15.167292,2,0,0.006083,15.173375
1047,1034.900000,14.687708,2,0,0.018042,14.705750
1048,1034.933333,14.582375,2,0,0.018417,14.600792
1049,1034.966667,15.007333,2,0,0.008000,15.015333
1050,1035.000000,15.181542,2,0,0.019667,15.201209
1051,1035.033333,15.127917,2,0,0.017333,15.145250
1052,1035.066667,15.088000,2,0,0.008042,15.096042
1053,1035.100000,14.301917,2,0,0.024708,14.326625
1054,1035.133333,14.504833,2,0,0.019125,14.523958
1055,1035.166667,14.845208,2,0,0.008167,14.853375
1056,1035.200000,14.397250,2,0,0.008875,14.406125
1057,1035.233333,15.490292,2,0,0.018375,15.508667
1058,1035.266667,14.964958,2,0,0.007959,14.972917
1059,1035.300000,15.247250,2,0,0.015917,15.263167
1060,1035.333333,15.321666,2,0,0.029750,15.351416
1061,1035.366667,15.567875,2,0,0.018959,15.586834
1062,1035.400000,14.878250,2,0,0.007958,14.886208
1063,1035.433333,15.220834,2,0,0.008583,15.229417
1064,1035.466667,15.426167,2,0,0.020917,15.447084
1065,1035.500000,15.196375,2,0,0.020542,15.216917
1066,1035.533333,15.122625,2,0,0.011916,15.134541
1067,1035.566667,14.454333,2,0,0.020250,14.474583
1068,1035.600000,14.681333,2,0,0.007208,14.688541
1069,1035.633333,15.358084,2,0,0.005583,15.363667
1070,1035.666667,14.730375,2,0,0.020167,14.750542
1071,1035.700000,15.518958,2,0,0.020792,15.539750
1072,1035.733333,15.638084,2,0,0.021208,15.659292
1073,1035.766667,15.174583,2,0,0.016458,15.191041
1074,1035.800000,14.321708,2,0,0.016167,14.337875
1075,1035.833333,14.590666,2,0,0.015334,14.606000
1076,1035.866667,14.958084,2,0,0.014333,14.972417
1077,1035.900000,14.708042,2,0,0.016708,14.724750
1078,1035.933333,14.329834,2,0,0.018041,14.347875
1079,1035.966667,14.587958,2,0,0.019167,14.607125
1080,1036.000000,14.029709,2,0,0.021000,14.050709
1081,1036.033333,15.227417,2,0,0.018292,15.245709
1082,1036.066667,17.396292,2,0,0.018541,17.414833
1083,1036.100000,16.161709,2,0,0.020500,16.182209
1084,1036.133333,15.327541,2,0,0.015584,15.343125
1085,1036.166667,15.585875,2,0,0.017959,15.603834
1086,1036.200000,15.680958,2,0,0.019250,15.700208
1087,1036.233333,15.342375,2,0,0.016083,15.358458
1088,1036.266667,14.046125,2,0,0.008125,14.054250
1089,1036.300000,14.569959,2,0,0.016958,14.586917
1090,1036.333333,15.070708,2,0,0.023834,15.094542
1091,1036.366667,14.890375,2,0,0.023459,14.913834
1092,1036.400000,15.046542,2,0,0.017458,15.064000
1093,1036.433333,15.358916,2,0,0.015125,15.374041
1094,1036.466667,14.510625,2,0,0.031541,14.542166
1095,1036.500000,15.017417,2,0,0.006792,15.024209
1096,1036.533333,14.688833,2,0,0.017000,14.705833
1097,1036.566667,14.138625,2,0,0.025458,14.164083
1098,1036.600000,14.538375,2,0,0.017583,14.555958
1099,1036.633333,14.521584,2,0,0.019875,14.541459
1100,1036.666667,14.262125,2,0,0.011875,14.274000
1101,1036.700000,14.210500,2,0,0.005583,14.216083
1102,1036.733333,14.923459,2,0,0.018416,14.941875
1103,1036.766667,14.800459,2,0,0.008416,14.808875
1104,1036.800000,14.566041,2,0,0.013959,14.580000
1105,1036.833333,14.821333,2,0,0.009792,14.831125
1106,1036.866667,14.573416,2,0,0.018667,14.592083
1107,1036.900000,13.974875,2,0,0.018959,13.993834
1108,1036.933333,14.295625,2,0,0.019209,14.314834
1109,1036.966667,14.397750,2,0,0.018541,14.416291
1110,1037.000000,13.401541,2,0,0.019084,13.420625
1111,1037.033333,13.278042,2,0,0.014458,13.292500
1112,1037.066667,13.972542,2,0,0.008500,13.981042
1113,1037.100000,13.711542,2,0,0.021375,13.732917
1114,1037.133333,14.248750,2,0,0.022208,14.270958
1115,1037.166667,17.460917,2,0,0.008375,17.469292
1116,1037.200000,16.584042,2,0,0.019750,16.603792
1117,1037.233333,16.888333,2,0,0.016209,16.904542
1118,1037.266667,15.660541,2,0,0.010792,15.671333
1119,1037.300000,16.314667,2,0,0.008416,16.323083
1120,1037.333333,16.295959,2,0,0.019083,16.315042
1121,1037.366667,16.228208,2,0,0.019334,16.247542
1122,1037.400000,16.081750,2,0,0.018375,16.100125
1123,1037.433333,16.053584,2,0,0.019458,16.073042
1124,1037.466667,15.240709,2,0,0.016750,15.257459
1125,1037.500000,15.800416,2,0,0.018917,15.819333
1126,1037.533333,15.997584,2,0,0.018166,16.015750
1127,1037.566667,15.695125,2,0,0.028666,15.723791
1128,1037.600000,15.092666,2,0,0.016417,15.109083
1129,1037.633333,16.022541,2,0,0.018542,16.041083
1130,1037.666667,16.195834,2,0,0.017916,16.213750
1131,1037.700000,15.894875,2,0,0.012041,15.906916
1132,1037.733333,15.241791,2,0,0.024959,15.266750
1133,1037.766667,15.593791,2,0,0.021292,15.615083
1134,1037.800000,15.506875,2,0,0.020625,15.527500
1135,1037.833333,15.753792,2,0,0.018958,15.772750
1136,1037.866667,15.339041,2,0,0.017500,15.356541
1137,1037.900000,13.928667,2,0,0.017042,13.945709
1138,1037.933333,14.736125,2,0,0.014417,14.750542
1139,1037.966667,15.504000,2,0,0.020125,15.524125
1140,1038.000000,15.415875,2,0,0.020792,15.436667
1141,1038.033333,15.887416,2,0,0.019542,15.906958
1142,1038.066667,15.248917,2,0,0.019750,15.268667
1143,1038.100000,15.245584,2,0,0.019250,15.264834
1144,1038.133333,15.294625,2,0,0.019667,15.314292
1145,1038.166667,15.347959,2,0,0.015666,15.363625
1146,1038.200000,15.120167,2,0,0.015958,15.136125
1147,1038.233333,17.142417,2,0,0.007833,17.150250
1148,1038.266667,15.473333,2,0,0.015042,15.488375
1149,1038.300000,14.295333,2,0,0.016583,14.311916
1150,1038.333333,14.182209,2,0,0.018375,14.200584
1151,1038.366667,14.469666,2,0,0.020334,14.490000
1152,1038.400000,14.992833,2,0,0.019000,15.011833
1153,1038.433333,13.951083,2,0,0.009458,13.960541
1154,1038.466667,14.173166,2,0,0.026584,14.199750
1155,1038.500000,14.168833,2,0,0.017583,14.186416
1156,1038.533333,14.512084,2,0,0.017958,14.530042
1157,1038.566667,14.848250,2,0,0.015250,14.863500
1158,1038.600000,14.802334,2,0,0.020541,14.822875
1159,1038.633333,15.087125,2,0,0.020166,15.107291
1160,1038.666667,15.048750,2,0,0.017500,15.066250
1161,1038.700000,14.795208,2,0,0.042292,14.837500
1162,1038.733333,14.670709,2,0,0.008208,14.678917
1163,1038.766667,14.600750,2,0,0.019083,14.619833
1164,1038.800000,14.580750,2,0,0.020500,14.601250
1165,1038.833333,14.461125,2,0,0.018334,14.479459
1166,1038.866667,14.357125,2,0,0.019458,14.376583
1167,1038.900000,14.236792,2,0,0.018666,14.255458
1168,1038.933333,13.752833,2,0,0.018584,13.771417
1169,1038.966667,13.840292,2,0,0.018166,13.858458
1170,1039.000000,14.386583,2,0,0.017667,14.404250
1171,1039.033333,14.295666,2,0,0.019084,14.314750
1172,1039.066667,13.473792,2,0,0.015500,13.489292
1173,1039.100000,14.203708,2,0,0.018125,14.221833
1174,1039.133333,13.796917,2,0,0.008625,13.805542
1175,1039.166667,13.799000,2,0,0.018500,13.817500
1176,1039.200000,13.920334,2,0,0.020291,13.940625
1177,1039.233333,14.245292,2,0,0.007916,14.253208
1178,1039.266667,13.967583,2,0,0.014500,13.982083
1179,1039.300000,12.180750,2,0,0.008333,12.189083
1180,1039.333333,12.386167,2,0,0.006292,12.392459
1181,1039.366667,12.705500,2,0,0.027750,12.733250
1182,1039.400000,12.935375,2,0,0.018458,12.953833
1183,1039.433333,13.331875,2,0,0.008416,13.340291
1184,1039.466667,13.446084,2,0,0.023375,13.469459
1185,1039.500000,13.428458,2,0,0.019167,13.447625
1186,1039.533333,13.863958,2,0,0.019000,13.882958
1187,1039.566667,13.914167,2,0,0.019500,13.933667
1188,1039.600000,13.680500,2,0,0.018542,13.699042
1189,1039.633333,14.867333,2,0,0.018292,14.885625
1190,1039.666667,13.135750,2,0,0.008250,13.144000
1191,1039.700000,13.463208,2,0,0.018209,13.481417
1192,1039.733333,13.905792,2,0,0.017667,13.923459
1193,1039.766667,13.475750,2,0,0.015292,13.491042
1194,1039.800000,13.048083,2,0,0.016625,13.064708
1195,1039.833333,13.441042,2,0,0.016000,13.457042
1196,1039.866667,13.698459,2,0,0.017291,13.715750
1197,1039.900000,13.849709,2,0,0.018708,13.868417
1198,1039.933333,13.780833,2,0,0.016375,13.797208
1199,1039.966667,13.593250,2,0,0.017792,13.611042
1200,1040.000000,13.983042,2,0,0.018708,14.001750
1201,1040.033333,13.127041,2,0,0.014792,13.141833
1202,1040.066667,13.206583,2,0,0.019542,13.226125
1203,1040.100000,13.390916,2,0,0.019375,13.410291
1204,1040.133333,14.422917,2,0,0.021625,14.444542
1205,1040.166667,12.834625,2,0,0.025708,12.860333
1206,1040.200000,13.587792,2,0,0.012875,13.600667
1207,1040.233333,13.603042,2,0,0.016208,13.619250
1208,1040.266667,16.702625,2,0,0.029917,16.732542
1209,1040.300000,15.034666,2,0,0.008667,15.043333
1210,1040.333333,15.049542,2,0,0.021458,15.071000
1211,1040.366667,15.734834,2,0,0.029041,15.763875
1212,1040.400000,15.706708,2,0,0.016833,15.723541
1213,1040.433333,14.883125,2,0,0.017333,14.900458
1214,1040.466667,15.592167,2,0,0.020583,15.612750
1215,1040.500000,15.985250,2,0,0.020500,16.005750
1216,1040.533333,15.534459,2,0,0.018666,15.553125
1217,1040.566667,15.471291,2,0,0.020334,15.491625
1218,1040.600000,15.285709,2,0,0.014458,15.300167
1219,1040.633333,15.295542,2,0,0.019291,15.314833
1220,1040.666667,15.277667,2,0,0.018292,15.295959
1221,1040.700000,15.212792,2,0,0.010708,15.223500
1222,1040.733333,15.521084,2,0,0.014666,15.535750
1223,1040.766667,14.355584,2,0,0.012500,14.368084
1224,1040.800000,14.087792,2,0,0.028208,14.116000
1225,1040.833333,14.411000,2,0,0.019875,14.430875
1226,1040.866667,14.619000,2,0,0.019625,14.638625
1227,1040.900000,14.264292,2,0,0.018542,14.282834
1228,1040.933333,14.423875,2,0,0.018500,14.442375
1229,1040.966667,14.455083,2,0,0.018875,14.473958
1230,1041.000000,14.412500,2,0,0.025041,14.437541
1231,1041.033333,14.118667,2,0,0.009208,14.127875
1232,1041.066667,14.048208,2,0,0.018042,14.066250
1233,1041.100000,14.263125,2,0,0.010667,14.273792
1234,1041.133333,14.485583,2,0,0.008542,14.494125
1235,1041.166667,14.360292,2,0,0.017500,14.377792
1236,1041.200000,14.417500,2,0,0.011208,14.428708
1237,1041.233333,14.259542,2,0,0.008583,14.268125
1238,1041.266667,14.213333,2,0,0.028167,14.241500
1239,1041.300000,13.322791,2,0,0.008750,13.331541
1240,1041.333333,12.699167,2,0,0.008375,12.707542
1241,1041.366667,13.209542,2,0,0.048416,13.257958
1242,1041.400000,13.457875,2,0,0.015375,13.473250
1243,1041.433333,13.613709,2,0,0.021208,13.634917
1244,1041.466667,13.951084,2,0,0.020083,13.971167
1245,1041.500000,13.703875,2,0,0.019541,13.723416
1246,1041.533333,13.668667,2,0,0.018333,13.687000
1247,1041.566667,13.799750,2,0,0.016167,13.815917
1248,1041.600000,13.599917,2,0,0.019958,13.619875
1249,1041.633333,13.733166,2,0,0.014417,13.747583
1250,1041.666667,13.291625,2,0,0.019917,13.311542
1251,1041.700000,13.575542,2,0,0.011875,13.587417
1252,1041.733333,13.429042,2,0,0.015750,13.444792
1253,1041.766667,13.878375,2,0,0.011208,13.889583
1254,1041.800000,13.790583,2,0,0.020500,13.811083
1255,1041.833333,13.213750,2,0,0.015250,13.229000
1256,1041.866667,13.523083,2,0,0.016208,13.539291
1257,1041.900000,13.225125,2,0,0.016334,13.241459
1258,1041.933333,13.862417,2,0,0.022625,13.885042
1259,1041.966667,15.893167,2,0,0.008750,15.901917
1260,1042.000000,13.646667,2,0,0.025417,13.672084
1261,1042.033333,13.248917,2,0,0.006708,13.255625
1262,1042.066667,13.122708,2,0,0.013500,13.136208
1263,1042.100000,13.868291,2,0,0.018125,13.886416
1264,1042.133333,13.898542,2,0,0.024042,13.922584
1265,1042.166667,13.026292,2,0,0.023708,13.050000
1266,1042.200000,12.943083,2,0,0.014334,12.957417
1267,1042.233333,13.104292,2,0,0.005958,13.110250
1268,1042.266667,13.411334,2,0,0.027166,13.438500
1269,1042.300000,13.027500,2,0,0.017416,13.044916
1270,1042.333333,11.953667,2,0,0.008375,11.962042
1271,1042.366667,12.143292,2,0,0.019917,12.163209
1272,1042.400000,12.658292,2,0,0.020042,12.678334
1273,1042.433333,12.979125,2,0,0.021666,13.000791
1274,1042.466667,12.878875,2,0,0.014417,12.893292
1275,1042.500000,12.595625,2,0,0.022166,12.617791
1276,1042.533333,13.016292,2,0,0.018416,13.034708
1277,1042.566667,13.455166,2,0,0.020167,13.475333
1278,1042.600000,13.575666,2,0,0.018667,13.594333
1279,1042.633333,17.596250,2,0,0.026958,17.623208
1280,1042.666667,17.210584,2,0,0.018791,17.229375
1281,1042.700000,16.835292,2,0,0.019083,16.854375
1282,1042.733333,16.042833,2,0,0.025125,16.067958
1283,1042.766667,16.725208,2,0,0.019292,16.744500
1284,1042.800000,16.796458,2,0,0.018417,16.814875
1285,1042.833333,16.057875,2,0,0.018458,16.076333
1286,1042.866667,16.055167,2,0,0.007916,16.063083
1287,1042.900000,15.220958,2,0,0.024500,15.245458
1288,1042.933333,15.424292,2,0,0.016500,15.440792
1289,1042.966667,15.834625,2,0,0.019208,15.853833
1290,1043.000000,15.771125,2,0,0.008333,15.779458
1291,1043.033333,16.335042,2,0,0.017833,16.352875
1292,1043.066667,15.991500,2,0,0.026584,16.018084
1293,1043.100000,16.031416,2,0,0.019875,16.051291
1294,1043.133333,15.754000,2,0,0.018583,15.772583
1295,1043.166667,15.267666,2,0,0.023792,15.291458
1296,1043.200000,15.181875,2,0,0.019250,15.201125
1297,1043.233333,15.140209,2,0,0.008083,15.148292
1298,1043.266667,15.678792,2,0,0.016041,15.694833
1299,1043.300000,15.168125,2,0,0.017750,15.185875
1300,1043.333333,14.123125,2,0,0.008458,14.131583
1301,1043.366667,14.609292,2,0,0.018333,14.627625
1302,1043.400000,14.584042,2,0,0.023792,14.607834
1303,1043.433333,15.070125,2,0,0.021084,15.091209
1304,1043.466667,15.145250,2,0,0.018667,15.163917
1305,1043.500000,14.711666,2,0,0.020125,14.731791
1306,1043.533333,14.788083,2,0,0.014500,14.802583
1307,1043.566667,15.014834,2,0,0.019000,15.033834
1308,1043.600000,14.938792,2,0,0.023542,14.962334
1309,1043.633333,15.117291,2,0,0.024209,15.141500
1310,1043.666667,14.776958,2,0,0.015459,14.792417
1311,1043.700000,15.657792,2,0,0.004625,15.662417
1312,1043.733333,15.629458,2,0,0.023667,15.653125
1313,1043.766667,15.115791,2,0,0.015875,15.131666
1314,1043.800000,15.497125,2,0,0.006958,15.504083
1315,1043.833333,14.561333,2,0,0.010750,14.572083
1316,1043.866667,14.975209,2,0,0.026958,15.002167
1317,1043.900000,14.881459,2,0,0.018250,14.899709
1318,1043.933333,14.650250,2,0,0.019000,14.669250
1319,1043.966667,14.692416,2,0,0.019959,14.712375
1320,1044.000000,14.622417,2,0,0.008375,14.630792
1321,1044.033333,14.933709,2,0,0.007125,14.940834
1322,1044.066667,14.510917,2,0,0.021375,14.532292
1323,1044.100000,14.070417,2,0,0.017208,14.087625
1324,1044.133333,14.584500,2,0,0.019125,14.603625
1325,1044.166667,13.404000,2,0,0.009167,13.413167
1326,1044.200000,13.783292,2,0,0.056000,13.839292
1327,1044.233333,14.004833,2,0,0.017709,14.022542
1328,1044.266667,14.177917,2,0,0.009125,14.187042
1329,1044.300000,14.673750,2,0,0.016625,14.690375
1330,1044.333333,14.570792,2,0,0.005708,14.576500
1331,1044.366667,12.976209,2,0,0.020125,12.996334
1332,1044.400000,12.871166,2,0,0.013875,12.885041
1333,1044.433333,13.390458,2,0,0.021042,13.411500
1334,1044.466667,13.624833,2,0,0.018875,13.643708
1335,1044.500000,13.176375,2,0,0.008209,13.184584
1336,1044.533333,13.455750,2,0,0.007833,13.463583
1337,1044.566667,13.910958,2,0,0.018750,13.929708
1338,1044.600000,13.708250,2,0,0.018583,13.726833
1339,1044.633333,13.892000,2,0,0.027625,13.919625
1340,1044.666667,13.842459,2,0,0.007875,13.850334
1341,1044.700000,13.697708,2,0,0.022792,13.720500
1342,1044.733333,12.979458,2,0,0.016750,12.996208
1343,1044.766667,13.332792,2,0,0.015666,13.348458
1344,1044.800000,13.750667,2,0,0.019000,13.769667
1345,1044.833333,13.931541,2,0,0.018917,13.950458
1346,1044.866667,14.520792,2,0,0.008458,14.529250
1347,1044.900000,17.618750,2,0,0.015500,17.634250
1348,1044.933333,17.362834,2,0,0.015375,17.378209
1349,1044.966667,16.019250,2,0,0.015792,16.035042
1350,1045.000000,16.432375,2,0,0.018291,16.450666
1351,1045.033333,16.490500,2,0,0.027875,16.518375
1352,1045.066667,15.472334,2,0,0.006875,15.479209
1353,1045.100000,15.828833,2,0,0.016167,15.845000
1354,1045.133333,16.100042,2,0,0.053333,16.153375
1355,1045.166667,16.626209,2,0,0.012041,16.638250
1356,1045.200000,16.498458,2,0,0.013333,16.511791
1357,1045.233333,15.875916,2,0,0.018417,15.894333
1358,1045.266667,15.574792,2,0,0.007917,15.582709
1359,1045.300000,16.029834,2,0,0.018791,16.048625
1360,1045.333333,16.295417,2,0,0.020042,16.315459
1361,1045.366667,14.603750,2,0,0.007084,14.610834
1362,1045.400000,14.766834,2,0,0.020708,14.787542
1363,1045.433333,15.356792,2,0,0.017833,15.374625
1364,1045.466667,15.670959,2,0,0.017833,15.688792
1365,1045.500000,15.904791,2,0,0.017792,15.922583
1366,1045.533333,15.890083,2,0,0.024459,15.914542
1367,1045.566667,15.739542,2,0,0.011792,15.751334
1368,1045.600000,15.638250,2,0,0.017666,15.655916
1369,1045.633333,15.236292,2,0,0.027625,15.263917
1370,1045.666667,15.551250,2,0,0.018459,15.569709
1371,1045.700000,15.175458,2,0,0.016209,15.191667
1372,1045.733333,15.767000,2,0,0.043042,15.810042
1373,1045.766667,16.018791,2,0,0.021875,16.040666
1374,1045.800000,15.241750,2,0,0.015459,15.257209
1375,1045.833333,15.670750,2,0,0.015250,15.686000
1376,1045.866667,16.024250,2,0,0.018625,16.042875
1377,1045.900000,15.421208,2,0,0.021000,15.442208
1378,1045.933333,14.958958,2,0,0.018667,14.977625
1379,1045.966667,15.145084,2,0,0.020083,15.165167
1380,1046.000000,15.240709,2,0,0.016166,15.256875
1381,1046.033333,14.722584,2,0,0.014916,14.737500
1382,1046.066667,15.153791,2,0,0.007084,15.160875
1383,1046.100000,15.495000,2,0,0.013833,15.508833
1384,1046.133333,14.744041,2,0,0.013834,14.757875
1385,1046.166667,15.602041,2,0,0.017500,15.619541
1386,1046.200000,15.602459,2,0,0.019500,15.621959
1387,1046.233333,14.823667,2,0,0.005458,14.829125
1388,1046.266667,14.521958,2,0,0.014375,14.536333
1389,1046.300000,14.728875,2,0,0.008375,14.737250
1390,1046.333333,14.651042,2,0,0.013875,14.664917
1391,1046.366667,13.632542,2,0,0.008666,13.641208
1392,1046.400000,13.847125,2,0,0.066208,13.913333
1393,1046.433333,13.976166,2,0,0.011875,13.988041
1394,1046.466667,14.335458,2,0,0.014084,14.349542
1395,1046.500000,14.182458,2,0,0.015083,14.197541
1396,1046.533333,14.256958,2,0,0.026542,14.283500
1397,1046.566667,14.475583,2,0,0.015833,14.491416
1398,1046.600000,14.241875,2,0,0.019208,14.261083
1399,1046.633333,14.566917,2,0,0.010125,14.577042
1400,1046.666667,14.296875,2,0,0.008417,14.305292
1401,1046.700000,14.630083,2,0,0.018458,14.648541
1402,1046.733333,14.652709,2,0,0.018708,14.671417
1403,1046.766667,14.417083,2,0,0.019542,14.436625
1404,1046.800000,13.928375,2,0,0.015667,13.944042
1405,1046.833333,14.538209,2,0,0.011333,14.549542
1406,1046.866667,13.581542,2,0,0.010625,13.592167
1407,1046.900000,13.420208,2,0,0.058000,13.478208
1408,1046.933333,14.239875,2,0,0.030167,14.270042
1409,1046.966667,13.401167,2,0,0.007958,13.409125
1410,1047.000000,13.528458,2,0,0.018500,13.546958
1411,1047.033333,14.445709,2,0,0.017500,14.463209
1412,1047.066667,16.473292,2,0,0.018833,16.492125
1413,1047.100000,16.204459,2,0,0.020333,16.224792
1414,1047.133333,16.034916,2,0,0.020000,16.054916
1415,1047.166667,16.238166,2,0,0.019209,16.257375
1416,1047.200000,16.215208,2,0,0.020500,16.235708
1417,1047.233333,15.648500,2,0,0.008375,15.656875
1418,1047.266667,16.217667,2,0,0.007208,16.224875
1419,1047.300000,15.489250,2,0,0.006084,15.495334
1420,1047.333333,15.579917,2,0,0.019000,15.598917
1421,1047.366667,15.697542,2,0,0.018750,15.716292
1422,1047.400000,14.516750,2,0,0.008292,14.525042
1423,1047.433333,14.620208,2,0,0.009959,14.630167
1424,1047.466667,14.389083,2,0,0.026167,14.415250
1425,1047.500000,14.998125,2,0,0.017459,15.015584
1426,1047.533333,14.770625,2,0,0.007333,14.777958
1427,1047.566667,15.250125,2,0,0.016792,15.266917
1428,1047.600000,14.984500,2,0,0.015542,15.000042
1429,1047.633333,17.515667,2,0,0.020625,17.536292
1430,1047.666667,14.785709,2,0,0.017583,14.803292
1431,1047.700000,14.378750,2,0,0.019583,14.398333
1432,1047.733333,15.426125,2,0,0.019167,15.445292
1433,1047.766667,15.262416,2,0,0.017667,15.280083
1434,1047.800000,15.134583,2,0,0.007875,15.142458
1435,1047.833333,15.442958,2,0,0.018875,15.461833
1436,1047.866667,14.358958,2,0,0.009125,14.368083
1437,1047.900000,14.118458,2,0,0.024167,14.142625
1438,1047.933333,14.384542,2,0,0.017750,14.402292
1439,1047.966667,14.325500,2,0,0.021042,14.346542
1440,1048.000000,14.370041,2,0,0.020042,14.390083
1441,1048.033333,14.690667,2,0,0.019125,14.709792
1442,1048.066667,15.364084,2,0,0.023708,15.387792
1443,1048.100000,15.253667,2,0,0.018750,15.272417
1444,1048.133333,15.361459,2,0,0.018041,15.379500
1445,1048.166667,14.867584,2,0,0.019583,14.887167
1446,1048.200000,15.247709,2,0,0.015250,15.262959
1447,1048.233333,14.924542,2,0,0.008333,14.932875
1448,1048.266667,15.296459,2,0,0.018333,15.314792
1449,1048.300000,15.348917,2,0,0.006083,15.355000
1450,1048.333333,15.446167,2,0,0.019125,15.465292
1451,1048.366667,14.924833,2,0,0.015542,14.940375
1452,1048.400000,13.087250,2,0,0.008958,13.096208
1453,1048.433333,13.782875,2,0,0.017500,13.800375
1454,1048.466667,14.033208,2,0,0.012625,14.045833
1455,1048.500000,14.180458,2,0,0.017917,14.198375
1456,1048.533333,14.797833,2,0,0.007875,14.805708
1457,1048.566667,15.083625,2,0,0.014750,15.098375
1458,1048.600000,14.817833,2,0,0.018625,14.836458
1459,1048.633333,15.228292,2,0,0.017375,15.245667
1460,1048.666667,14.581417,2,0,0.010416,14.591833
1461,1048.700000,14.401084,2,0,0.006625,14.407709
1462,1048.733333,14.668625,2,0,0.019625,14.688250
1463,1048.766667,14.577792,2,0,0.017250,14.595042
1464,1048.800000,14.721291,2,0,0.018584,14.739875
1465,1048.833333,14.945917,2,0,0.018458,14.964375
1466,1048.866667,14.551375,2,0,0.009125,14.560500
1467,1048.900000,14.380459,2,0,0.019041,14.399500
1468,1048.933333,14.606500,2,0,0.017875,14.624375
1469,1048.966667,14.799750,2,0,0.018375,14.818125
1470,1049.000000,15.220750,2,0,0.020625,15.241375
1471,1049.033333,14.960208,2,0,0.008042,14.968250
1472,1049.066667,15.142292,2,0,0.019375,15.161667
1473,1049.100000,14.882958,2,0,0.017542,14.900500
1474,1049.133333,14.429292,2,0,0.018291,14.447583
1475,1049.166667,14.561709,2,0,0.019333,14.581042
1476,1049.200000,14.483833,2,0,0.019292,14.503125
1477,1049.233333,14.593542,2,0,0.017792,14.611334
1478,1049.266667,15.089709,2,0,0.014541,15.104250
1479,1049.300000,14.313417,2,0,0.017542,14.330959
1480,1049.333333,14.444750,2,0,0.027625,14.472375
1481,1049.366667,14.231750,2,0,0.017667,14.249417
1482,1049.400000,12.786875,2,0,0.007792,12.794667
1483,1049.433333,14.100042,2,0,0.018166,14.118208
1484,1049.466667,15.999375,2,0,0.040000,16.039375
1485,1049.500000,15.993250,2,0,0.017667,16.010917
1486,1049.533333,16.649833,2,0,0.021709,16.671542
1487,1049.566667,16.062625,2,0,0.019667,16.082292
1488,1049.600000,15.953084,2,0,0.018333,15.971417
1489,1049.633333,16.980292,2,0,0.027250,17.007542
1490,1049.666667,15.801167,2,0,0.024375,15.825542
1491,1049.700000,15.573584,2,0,0.016250,15.589834
1492,1049.733333,15.685959,2,0,0.015958,15.701917
1493,1049.766667,15.199667,2,0,0.008458,15.208125
1494,1049.800000,15.973708,2,0,0.018500,15.992208
1495,1049.833333,15.767875,2,0,0.017833,15.785708
1496,1049.866667,16.181042,2,0,0.009833,16.190875
1497,1049.900000,16.586291,2,0,0.009875,16.596166
1498,1049.933333,15.427667,2,0,0.018875,15.446542
1499,1049.966667,15.748000,2,0,0.018833,15.766833
1500,1050.000000,15.974333,2,0,0.023125,15.997458
1501,1050.033333,15.466125,2,0,0.019083,15.485208
1502,1050.066667,15.507875,2,0,0.016250,15.524125
1503,1050.100000,16.995834,2,0,0.004583,17.000417
1504,1050.133333,15.737292,2,0,0.012125,15.749417
1505,1050.166667,15.516833,2,0,0.017084,15.533917
1506,1050.200000,14.933292,2,0,0.017708,14.951000
1507,1050.233333,14.413291,2,0,0.026167,14.439458
1508,1050.266667,14.843334,2,0,0.005291,14.848625
1509,1050.300000,14.400042,2,0,0.016625,14.416667
1510,1050.333333,14.763375,2,0,0.015875,14.779250
1511,1050.366667,15.008750,2,0,0.020167,15.028917
1512,1050.400000,14.184042,2,0,0.011791,14.195833
1513,1050.433333,14.162541,2,0,0.020167,14.182708
1514,1050.466667,13.943667,2,0,0.026292,13.969959
1515,1050.500000,14.293208,2,0,0.019042,14.312250
1516,1050.533333,14.467541,2,0,0.009334,14.476875
1517,1050.566667,14.146750,2,0,0.012292,14.159042
1518,1050.600000,14.491625,2,0,0.008792,14.500417
1519,1050.633333,14.593417,2,0,0.020625,14.614042
1520,1050.666667,14.319250,2,0,0.020583,14.339833
1521,1050.700000,14.741791,2,0,0.020167,14.761958
1522,1050.733333,14.855208,2,0,0.007000,14.862208
1523,1050.766667,14.979000,2,0,0.013041,14.992041
1524,1050.800000,14.623416,2,0,0.028584,14.652000
1525,1050.833333,14.628916,2,0,0.018959,14.647875
1526,1050.866667,14.565459,2,0,0.011916,14.577375
1527,1050.900000,14.394083,2,0,0.016125,14.410208
1528,1050.933333,14.753292,2,0,0.006250,14.759542
1529,1050.966667,14.577791,2,0,0.020334,14.598125
1530,1051.000000,14.301375,2,0,0.010334,14.311709
1531,1051.033333,15.109167,2,0,0.018750,15.127917
1532,1051.066667,16.972250,2,0,0.009750,16.982000
1533,1051.100000,16.678042,2,0,0.008042,16.686084
1534,1051.133333,16.814875,2,0,0.017542,16.832417
1535,1051.166667,16.583625,2,0,0.015417,16.599042
1536,1051.200000,17.159875,2,0,0.018125,17.178000
1537,1051.233333,16.321375,2,0,0.022833,16.344208
1538,1051.266667,15.822166,2,0,0.018667,15.840833
1539,1051.300000,15.844542,2,0,0.014208,15.858750
1540,1051.333333,16.956292,2,0,0.023583,16.979875
1541,1051.366667,16.019750,2,0,0.019000,16.038750
1542,1051.400000,15.693834,2,0,0.007666,15.701500
1543,1051.433333,15.682667,2,0,0.021625,15.704292
1544,1051.466667,15.504042,2,0,0.020833,15.524875
1545,1051.500000,15.675416,2,0,0.009000,15.684416
1546,1051.533333,16.140417,2,0,0.041083,16.181500
1547,1051.566667,15.625875,2,0,0.022416,15.648291
1548,1051.600000,15.895542,2,0,0.019333,15.914875
1549,1051.633333,16.233875,2,0,0.020208,16.254083
1550,1051.666667,15.684375,2,0,0.008125,15.692500
1551,1051.700000,16.193542,2,0,0.019333,16.212875
1552,1051.733333,15.790791,2,0,0.019959,15.810750
1553,1051.766667,17.772083,2,0,0.008375,17.780458
1554,1051.800000,14.795292,2,0,0.024667,14.819959
1555,1051.833333,15.668250,2,0,0.021875,15.690125
1556,1051.866667,15.686500,2,0,0.019000,15.705500
1557,1051.900000,15.736792,2,0,0.008167,15.744959
1558,1051.933333,16.003708,2,0,0.019333,16.023041
1559,1051.966667,15.728750,2,0,0.019166,15.747916
1560,1052.000000,15.641500,2,0,0.006541,15.648041
1561,1052.033333,15.655000,2,0,0.007750,15.662750
1562,1052.066667,15.894542,2,0,0.019083,15.913625
1563,1052.100000,16.010209,2,0,0.053916,16.064125
1564,1052.133333,15.819542,2,0,0.014792,15.834334
1565,1052.166667,15.883250,2,0,0.015833,15.899083
1566,1052.200000,15.742625,2,0,0.017875,15.760500
1567,1052.233333,16.077000,2,0,0.028750,16.105750
1568,1052.266667,15.750334,2,0,0.017750,15.768084
1569,1052.300000,15.817792,2,0,0.012083,15.829875
1570,1052.333333,16.022709,2,0,0.007833,16.030542
1571,1052.366667,15.738708,2,0,0.019084,15.757792
1572,1052.400000,15.202917,2,0,0.007875,15.210792
1573,1052.433333,13.896459,2,0,0.008375,13.904834
1574,1052.466667,14.319208,2,0,0.021417,14.340625
1575,1052.500000,14.842125,2,0,0.017875,14.860000
1576,1052.533333,14.746750,2,0,0.030959,14.777709
1577,1052.566667,15.255708,2,0,0.020834,15.276542
1578,1052.600000,15.167166,2,0,0.013584,15.180750
1579,1052.633333,15.269000,2,0,0.016917,15.285917
1580,1052.666667,15.630958,2,0,0.019708,15.650666
1581,1052.700000,15.450875,2,0,0.026333,15.477208
1582,1052.733333,15.634625,2,0,0.018625,15.653250
1583,1052.766667,15.614000,2,0,0.019417,15.633417
1584,1052.800000,15.231042,2,0,0.021333,15.252375
1585,1052.833333,15.310084,2,0,0.018250,15.328334
1586,1052.866667,15.217875,2,0,0.007125,15.225000
1587,1052.900000,14.611750,2,0,0.007166,14.618916
1588,1052.933333,14.468417,2,0,0.028833,14.497250
1589,1052.966667,14.745042,2,0,0.015708,14.760750
1590,1053.000000,14.860125,2,0,0.019750,14.879875
1591,1053.033333,14.513875,2,0,0.012167,14.526042
1592,1053.066667,14.911791,2,0,0.017125,14.928916
1593,1053.100000,15.037333,2,0,0.019458,15.056791
1594,1053.133333,14.825834,2,0,0.023541,14.849375
1595,1053.166667,14.822042,2,0,0.018000,14.840042
1596,1053.200000,14.728125,2,0,0.016792,14.744917
1597,1053.233333,15.627417,2,0,0.018791,15.646208
1598,1053.266667,15.254791,2,0,0.020250,15.275041
1599,1053.300000,15.119250,2,0,0.016833,15.136083
1600,1053.333333,15.034250,2,0,0.010791,15.045041
1601,1053.366667,15.249125,2,0,0.014125,15.263250
1602,1053.400000,14.754833,2,0,0.012000,14.766833
1603,1053.433333,13.996750,2,0,0.010917,14.007667
1604,1053.466667,13.752250,2,0,0.029750,13.782000
1605,1053.500000,13.508791,2,0,0.014375,13.523166
1606,1053.533333,13.738541,2,0,0.036459,13.775000
1607,1053.566667,13.942625,2,0,0.013958,13.956583
1608,1053.600000,13.619875,2,0,0.009667,13.629542
1609,1053.633333,16.352292,2,0,0.025125,16.377417
1610,1053.666667,16.305458,2,0,0.021209,16.326667
1611,1053.700000,16.068625,2,0,0.008750,16.077375
1612,1053.733333,16.223042,2,0,0.017875,16.240917
1613,1053.766667,16.245833,2,0,0.018000,16.263833
1614,1053.800000,15.197458,2,0,0.005334,15.202792
1615,1053.833333,16.109291,2,0,0.019125,16.128416
1616,1053.866667,15.856709,2,0,0.019583,15.876292
1617,1053.900000,16.070916,2,0,0.018959,16.089875
1618,1053.933333,16.354333,2,0,0.018667,16.373000
1619,1053.966667,16.414416,2,0,0.017750,16.432166
1620,1054.000000,16.308542,2,0,0.009042,16.317584
1621,1054.033333,15.651125,2,0,0.020458,15.671583
1622,1054.066667,16.197542,2,0,0.020375,16.217917
1623,1054.100000,15.942042,2,0,0.008833,15.950875
1624,1054.133333,16.188833,2,0,0.008083,16.196916
1625,1054.166667,15.933209,2,0,0.019083,15.952292
1626,1054.200000,15.367583,2,0,0.018334,15.385917
1627,1054.233333,16.308500,2,0,0.015875,16.324375
1628,1054.266667,15.801083,2,0,0.019292,15.820375
1629,1054.300000,16.300000,2,0,0.040000,16.340000
1630,1054.333333,16.141083,2,0,0.018917,16.160000
1631,1054.366667,15.478708,2,0,0.023417,15.502125
1632,1054.400000,15.898833,2,0,0.019458,15.918291
1633,1054.433333,14.837583,2,0,0.009834,14.847417
1634,1054.466667,14.973333,2,0,0.019750,14.993083
1635,1054.500000,14.801417,2,0,0.019750,14.821167
1636,1054.533333,14.772834,2,0,0.005625,14.778459
1637,1054.566667,15.298542,2,0,0.018542,15.317084
1638,1054.600000,15.498375,2,0,0.021250,15.519625
1639,1054.633333,15.514875,2,0,0.020792,15.535667
1640,1054.666667,15.211583,2,0,0.012000,15.223583
1641,1054.700000,14.642750,2,0,0.025666,14.668416
1642,1054.733333,15.462042,2,0,0.017875,15.479917
1643,1054.766667,15.171833,2,0,0.019167,15.191000
1644,1054.800000,15.979375,2,0,0.019000,15.998375
1645,1054.833333,15.046625,2,0,0.017625,15.064250
1646,1054.866667,15.361042,2,0,0.018666,15.379708
1647,1054.900000,15.354458,2,0,0.018875,15.373333
1648,1054.933333,14.883292,2,0,0.018083,14.901375
1649,1054.966667,15.398791,2,0,0.020625,15.419416
1650,1055.000000,15.172625,2,0,0.019209,15.191834
1651,1055.033333,14.772166,2,0,0.008917,14.781083
1652,1055.066667,14.590833,2,0,0.017500,14.608333
1653,1055.100000,14.189541,2,0,0.016792,14.206333
1654,1055.133333,14.792333,2,0,0.016750,14.809083
1655,1055.166667,14.763791,2,0,0.022792,14.786583
1656,1055.200000,14.869666,2,0,0.019084,14.888750
1657,1055.233333,14.930000,2,0,0.022208,14.952208
1658,1055.266667,14.727625,2,0,0.021000,14.748625
1659,1055.300000,14.578709,2,0,0.016083,14.594792
1660,1055.333333,14.497792,2,0,0.022750,14.520542
1661,1055.366667,15.480583,2,0,0.016208,15.496791
1662,1055.400000,16.291541,2,0,0.015375,16.306916
1663,1055.433333,15.161084,2,0,0.010625,15.171709
1664,1055.466667,15.459458,2,0,0.016209,15.475667
1665,1055.500000,15.787375,2,0,0.020625,15.808000
1666,1055.533333,15.790334,2,0,0.011458,15.801792
1667,1055.566667,16.260208,2,0,0.019417,16.279625
1668,1055.600000,15.419583,2,0,0.026667,15.446250
1669,1055.633333,16.020958,2,0,0.009500,16.030458
1670,1055.666667,16.049792,2,0,0.018416,16.068208
1671,1055.700000,15.943250,2,0,0.021375,15.964625
1672,1055.733333,15.609834,2,0,0.014000,15.623834
1673,1055.766667,15.936042,2,0,0.019125,15.955167
1674,1055.800000,16.829167,2,0,0.014458,16.843625
1675,1055.833333,16.032000,2,0,0.006167,16.038167
1676,1055.866667,15.376792,2,0,0.043833,15.420625
1677,1055.900000,15.623167,2,0,0.018625,15.641792
1678,1055.933333,14.994833,2,0,0.010917,15.005750
1679,1055.966667,15.240417,2,0,0.015833,15.256250
1680,1056.000000,14.853250,2,0,0.018542,14.871792
1681,1056.033333,15.617167,2,0,0.008083,15.625250
1682,1056.066667,15.893333,2,0,0.019167,15.912500
1683,1056.100000,15.707000,2,0,0.018208,15.725208
1684,1056.133333,16.028125,2,0,0.017959,16.046084
1685,1056.166667,15.766958,2,0,0.023125,15.790083
1686,1056.200000,15.314875,2,0,0.023958,15.338833
1687,1056.233333,15.295875,2,0,0.017750,15.313625
1688,1056.266667,14.783292,2,0,0.007000,14.790292
1689,1056.300000,15.106583,2,0,0.018500,15.125083
1690,1056.333333,15.425000,2,0,0.019042,15.444042
1691,1056.366667,14.886625,2,0,0.020000,14.906625
1692,1056.400000,14.887667,2,0,0.017000,14.904667
1693,1056.433333,14.111000,2,0,0.009333,14.120333
1694,1056.466667,13.598667,2,0,0.027708,13.626375
1695,1056.500000,14.271167,2,0,0.020667,14.291834
1696,1056.533333,14.190417,2,0,0.034333,14.224750
1697,1056.566667,14.560542,2,0,0.008958,14.569500
1698,1056.600000,14.185000,2,0,0.008458,14.193458
1699,1056.633333,14.697459,2,0,0.025875,14.723334
1700,1056.666667,14.329875,2,0,0.018083,14.347958
1701,1056.700000,14.745333,2,0,0.007917,14.753250
1702,1056.733333,14.594833,2,0,0.020708,14.615541
1703,1056.766667,15.048625,2,0,0.017584,15.066209
1704,1056.800000,14.201792,2,0,0.018416,14.220208
1705,1056.833333,14.130333,2,0,0.022792,14.153125
1706,1056.866667,14.626542,2,0,0.017500,14.644042
1707,1056.900000,18.045000,2,0,0.005458,18.050458
1708,1056.933333,18.013917,2,0,0.019166,18.033083
1709,1056.966667,16.656667,2,0,0.009000,16.665667
1710,1057.000000,17.001959,2,0,0.019041,17.021000
1711,1057.033333,16.337542,2,0,0.016833,16.354375
1712,1057.066667,16.585333,2,0,0.017083,16.602416
1713,1057.100000,16.804000,2,0,0.009500,16.813500
1714,1057.133333,16.811750,2,0,0.018708,16.830458
1715,1057.166667,16.360083,2,0,0.018459,16.378542
1716,1057.200000,16.920417,2,0,0.018458,16.938875
1717,1057.233333,15.811958,2,0,0.015542,15.827500
1718,1057.266667,16.356166,2,0,0.044209,16.400375
1719,1057.300000,15.978542,2,0,0.017375,15.995917
1720,1057.333333,16.049417,2,0,0.017042,16.066459
1721,1057.366667,17.593167,2,0,0.017583,17.610750
1722,1057.400000,14.896000,2,0,0.024250,14.920250
1723,1057.433333,15.733417,2,0,0.007917,15.741334
1724,1057.466667,14.730375,2,0,0.009542,14.739917
1725,1057.500000,14.625583,2,0,0.009583,14.635166
1726,1057.533333,14.162541,2,0,0.009125,14.171666
1727,1057.566667,13.710917,2,0,0.016917,13.727834
1728,1057.600000,14.076875,2,0,0.022083,14.098958
1729,1057.633333,14.655834,2,0,0.016166,14.672000
1730,1057.666667,15.263667,2,0,0.017625,15.281292
1731,1057.700000,14.777709,2,0,0.008500,14.786209
1732,1057.733333,14.476875,2,0,0.031250,14.508125
1733,1057.766667,15.180833,2,0,0.019625,15.200458
1734,1057.800000,14.583750,2,0,0.018708,14.602458
1735,1057.833333,14.252250,2,0,0.042042,14.294292
1736,1057.866667,14.064375,2,0,0.006792,14.071167
1737,1057.900000,13.348834,2,0,0.019041,13.367875
1738,1057.933333,13.578875,2,0,0.018709,13.597584
1739,1057.966667,14.461875,2,0,0.018084,14.479959
1740,1058.000000,14.641417,2,0,0.016666,14.658083
1741,1058.033333,18.342250,2,0,0.017458,18.359708
1742,1058.066667,16.600333,2,0,0.016167,16.616500
1743,1058.100000,16.488000,2,0,0.018583,16.506583
1744,1058.133333,16.221833,2,0,0.017542,16.239375
1745,1058.166667,16.414250,2,0,0.023041,16.437291
1746,1058.200000,16.277125,2,0,0.018125,16.295250
1747,1058.233333,15.906750,2,0,0.007041,15.913791
1748,1058.266667,16.225292,2,0,0.018417,16.243709
1749,1058.300000,16.289000,2,0,0.018292,16.307292
1750,1058.333333,15.696333,2,0,0.005958,15.702291
1751,1058.366667,15.694041,2,0,0.017084,15.711125
1752,1058.400000,15.710333,2,0,0.019584,15.729917
1753,1058.433333,15.066292,2,0,0.008542,15.074834
1754,1058.466667,13.004458,2,0,0.009292,13.013750
1755,1058.500000,13.471292,2,0,0.027125,13.498417
1756,1058.533333,13.721083,2,0,0.013709,13.734792
1757,1058.566667,14.358041,2,0,0.015709,14.373750
1758,1058.600000,14.051208,2,0,0.017417,14.068625
1759,1058.633333,13.586166,2,0,0.030042,13.616208
1760,1058.666667,13.051500,2,0,0.015125,13.066625
1761,1058.700000,14.008542,2,0,0.007875,14.016417
1762,1058.733333,13.606208,2,0,0.019292,13.625500
1763,1058.766667,13.104166,2,0,0.013542,13.117708
1764,1058.800000,13.554875,2,0,0.005042,13.559917
1765,1058.833333,13.135291,2,0,0.021542,13.156833
1766,1058.866667,13.769542,2,0,0.018750,13.788292
1767,1058.900000,14.364542,2,0,0.018083,14.382625
1768,1058.933333,17.794375,2,0,0.011584,17.805959
1769,1058.966667,16.591584,2,0,0.034708,16.626292
1770,1059.000000,16.277500,2,0,0.018959,16.296459
1771,1059.033333,14.928292,2,0,0.012083,14.940375
1772,1059.066667,15.909208,2,0,0.046625,15.955833
1773,1059.100000,15.877875,2,0,0.020958,15.898833
1774,1059.133333,15.602958,2,0,0.019917,15.622875
1775,1059.166667,15.364458,2,0,0.006584,15.371042
1776,1059.200000,15.072208,2,0,0.018709,15.090917
1777,1059.233333,15.379042,2,0,0.018500,15.397542
1778,1059.266667,15.112209,2,0,0.018166,15.130375
1779,1059.300000,15.119875,2,0,0.023333,15.143208
1780,1059.333333,14.773209,2,0,0.019583,14.792792
1781,1059.366667,14.906167,2,0,0.019000,14.925167
1782,1059.400000,16.817708,2,0,0.006792,16.824500
1783,1059.433333,14.723208,2,0,0.017167,14.740375
1784,1059.466667,12.188333,2,0,0.008750,12.197083
1785,1059.500000,13.770417,2,0,0.019000,13.789417
1786,1059.533333,13.452834,2,0,0.018916,13.471750
1787,1059.566667,13.515416,2,0,0.018167,13.533583
1788,1059.600000,14.292000,2,0,0.015958,14.307958
1789,1059.633333,14.039792,2,0,0.030500,14.070292
1790,1059.666667,13.393167,2,0,0.017500,13.410667
1791,1059.700000,13.719167,2,0,0.019833,13.739000
1792,1059.733333,13.426292,2,0,0.021458,13.447750
1793,1059.766667,13.754916,2,0,0.018875,13.773791
1794,1059.800000,13.288417,2,0,0.009583,13.298000
1795,1059.833333,14.277875,2,0,0.015083,14.292958
1796,1059.866667,17.339166,2,0,0.014250,17.353416
1797,1059.900000,16.797875,2,0,0.015417,16.813292
1798,1059.933333,15.952208,2,0,0.017625,15.969833
1799,1059.966667,16.415042,2,0,0.026541,16.441583
1800,1060.000000,15.999584,2,0,0.019416,16.019000
1801,1060.033333,16.373417,2,0,0.008250,16.381667
1802,1060.066667,15.250083,2,0,0.010083,15.260166
1803,1060.100000,15.180584,2,0,0.014666,15.195250
1804,1060.133333,15.413125,2,0,0.017500,15.430625
1805,1060.166667,15.739208,2,0,0.016500,15.755708
1806,1060.200000,15.471625,2,0,0.020042,15.491667
1807,1060.233333,14.804542,2,0,0.015708,14.820250
1808,1060.266667,14.782709,2,0,0.013208,14.795917
1809,1060.300000,14.490209,2,0,0.013875,14.504084
1810,1060.333333,14.698916,2,0,0.016042,14.714958
1811,1060.366667,15.162916,2,0,0.018834,15.181750
1812,1060.400000,15.171958,2,0,0.004750,15.176708
1813,1060.433333,14.587958,2,0,0.027958,14.615916
1814,1060.466667,13.442041,2,0,0.006917,13.448958
1815,1060.500000,12.766208,2,0,0.019667,12.785875
1816,1060.533333,12.867125,2,0,0.025792,12.892917
1817,1060.566667,13.267875,2,0,0.015625,13.283500
1818,1060.600000,13.728542,2,0,0.018000,13.746542
1819,1060.633333,13.716833,2,0,0.029542,13.746375
1820,1060.666667,13.495167,2,0,0.007958,13.503125
1821,1060.700000,14.030750,2,0,0.019250,14.050000
1822,1060.733333,13.486250,2,0,0.015166,13.501416
1823,1060.766667,13.815833,2,0,0.016167,13.832000
1824,1060.800000,13.724541,2,0,0.016625,13.741166
1825,1060.833333,14.004584,2,0,0.018541,14.023125
1826,1060.866667,13.947458,2,0,0.011084,13.958542
1827,1060.900000,13.339458,2,0,0.006042,13.345500
1828,1060.933333,13.824958,2,0,0.018875,13.843833
1829,1060.966667,13.309250,2,0,0.004791,13.314041
1830,1061.000000,13.130833,2,0,0.017459,13.148292
1831,1061.033333,13.371791,2,0,0.017459,13.389250
1832,1061.066667,13.372500,2,0,0.018250,13.390750
1833,1061.100000,12.476625,2,0,0.010209,12.486834
1834,1061.133333,12.769208,2,0,0.010125,12.779333
1835,1061.166667,13.224792,2,0,0.019666,13.244458
1836,1061.200000,12.702000,2,0,0.016708,12.718708
1837,1061.233333,12.814958,2,0,0.009209,12.824167
1838,1061.266667,13.308083,2,0,0.008500,13.316583
1839,1061.300000,13.876709,2,0,0.013750,13.890459
1840,1061.333333,13.428917,2,0,0.008583,13.437500
1841,1061.366667,13.246375,2,0,0.016166,13.262541
1842,1061.400000,13.643542,2,0,0.020292,13.663834
1843,1061.433333,13.474250,2,0,0.026292,13.500542
1844,1061.466667,12.165792,2,0,0.009541,12.175333
1845,1061.500000,10.913500,2,0,0.022084,10.935584
1846,1061.533333,11.321625,2,0,0.018834,11.340459
1847,1061.566667,12.038791,2,0,0.008209,12.047000
1848,1061.600000,12.547500,2,0,0.019000,12.566500
1849,1061.633333,12.666292,2,0,0.019125,12.685417
1850,1061.666667,12.876750,2,0,0.020292,12.897042
1851,1061.700000,13.031500,2,0,0.019000,13.050500
1852,1061.733333,13.392208,2,0,0.017667,13.409875
1853,1061.766667,13.494167,2,0,0.019125,13.513292
1854,1061.800000,13.125459,2,0,0.017250,13.142709
1855,1061.833333,13.385458,2,0,0.013958,13.399416
1856,1061.866667,13.404875,2,0,0.019833,13.424708
1857,1061.900000,13.024417,2,0,0.017792,13.042209
1858,1061.933333,13.135250,2,0,0.018292,13.153542
1859,1061.966667,12.956041,2,0,0.011875,12.967916
1860,1062.000000,13.497916,2,0,0.022292,13.520208
1861,1062.033333,13.285375,2,0,0.017959,13.303334
1862,1062.066667,13.105708,2,0,0.018833,13.124541
1863,1062.100000,12.698500,2,0,0.047250,12.745750
1864,1062.133333,13.086667,2,0,0.018250,13.104917
1865,1062.166667,12.816000,2,0,0.016084,12.832084
1866,1062.200000,12.595834,2,0,0.018583,12.614417
1867,1062.233333,13.258333,2,0,0.019084,13.277417
1868,1062.266667,13.069000,2,0,0.019250,13.088250
1869,1062.300000,13.259792,2,0,0.025041,13.284833
1870,1062.333333,12.877542,2,0,0.065458,12.943000
1871,1062.366667,12.865083,2,0,0.017875,12.882958
1872,1062.400000,13.045708,2,0,0.019750,13.065458
1873,1062.433333,12.638625,2,0,0.012125,12.650750
1874,1062.466667,12.770375,2,0,0.020125,12.790500
1875,1062.500000,10.768750,2,0,0.008833,10.777583
1876,1062.533333,11.322667,2,0,0.024041,11.346708
1877,1062.566667,11.776083,2,0,0.017625,11.793708
1878,1062.600000,12.235959,2,0,0.017750,12.253709
1879,1062.633333,12.789917,2,0,0.019208,12.809125
1880,1062.666667,12.390958,2,0,0.020167,12.411125
1881,1062.700000,13.640584,2,0,0.016333,13.656917
1882,1062.733333,17.463708,2,0,0.017500,17.481208
1883,1062.766667,16.811125,2,0,0.017208,16.828333
1884,1062.800000,16.778917,2,0,0.019375,16.798292
1885,1062.833333,16.069834,2,0,0.017708,16.087542
1886,1062.866667,16.342916,2,0,0.007875,16.350791
1887,1062.900000,15.069042,2,0,0.010291,15.079333
1888,1062.933333,15.562000,2,0,0.019417,15.581417
1889,1062.966667,15.910917,2,0,0.019416,15.930333
1890,1063.000000,14.487292,2,0,0.010083,14.497375
1891,1063.033333,14.822042,2,0,0.019375,14.841417
1892,1063.066667,15.397958,2,0,0.019375,15.417333
1893,1063.100000,14.888333,2,0,0.014917,14.903250
1894,1063.133333,15.302375,2,0,0.017292,15.319667
1895,1063.166667,15.718333,2,0,0.018334,15.736667
1896,1063.200000,15.833250,2,0,0.018375,15.851625
1897,1063.233333,16.338208,2,0,0.017125,16.355333
1898,1063.266667,15.460292,2,0,0.021291,15.481583
1899,1063.300000,15.727667,2,0,0.013542,15.741209
1900,1063.333333,15.815958,2,0,0.018667,15.834625
1901,1063.366667,15.902625,2,0,0.018541,15.921166
1902,1063.400000,15.882041,2,0,0.017209,15.899250
1903,1063.433333,15.514750,2,0,0.020916,15.535666
1904,1063.466667,15.853792,2,0,0.024208,15.878000
1905,1063.500000,13.889375,2,0,0.009334,13.898709
1906,1063.533333,14.001542,2,0,0.006542,14.008084
1907,1063.566667,15.859500,2,0,0.014000,15.873500
1908,1063.600000,14.952209,2,0,0.015833,14.968042
1909,1063.633333,14.991750,2,0,0.021291,15.013041
1910,1063.666667,15.794167,2,0,0.021250,15.815417
1911,1063.700000,15.311584,2,0,0.016166,15.327750
1912,1063.733333,15.306333,2,0,0.019375,15.325708
1913,1063.766667,15.405250,2,0,0.006792,15.412042
1914,1063.800000,15.463083,2,0,0.020250,15.483333
1915,1063.833333,15.267375,2,0,0.005917,15.273292
1916,1063.866667,15.255542,2,0,0.007792,15.263334
1917,1063.900000,15.559583,2,0,0.026584,15.586167
1918,1063.933333,15.538084,2,0,0.015041,15.553125
1919,1063.966667,15.331750,2,0,0.016417,15.348167
1920,1064.000000,15.309542,2,0,0.016083,15.325625
1921,1064.033333,15.776792,2,0,0.015125,15.791917
1922,1064.066667,15.328667,2,0,0.013166,15.341833
1923,1064.100000,15.740792,2,0,0.007000,15.747792
1924,1064.133333,15.054917,2,0,0.013083,15.068000
1925,1064.166667,15.544500,2,0,0.018708,15.563208
1926,1064.200000,15.795833,2,0,0.011625,15.807458
1927,1064.233333,15.905791,2,0,0.021209,15.927000
1928,1064.266667,15.388333,2,0,0.017959,15.406292
1929,1064.300000,15.490792,2,0,0.018625,15.509417
1930,1064.333333,15.297375,2,0,0.019125,15.316500
1931,1064.366667,14.857583,2,0,0.015959,14.873542
1932,1064.400000,14.971959,2,0,0.020333,14.992292
1933,1064.433333,15.585542,2,0,0.006292,15.591834
1934,1064.466667,15.195041,2,0,0.024334,15.219375
1935,1064.500000,13.777167,2,0,0.005708,13.782875
1936,1064.533333,12.771375,2,0,0.020041,12.791416
1937,1064.566667,13.208708,2,0,0.016875,13.225583
1938,1064.600000,13.671666,2,0,0.005417,13.677083
1939,1064.633333,14.140917,2,0,0.020041,14.160958
1940,1064.666667,13.914542,2,0,0.021000,13.935542
1941,1064.700000,14.197125,2,0,0.018875,14.216000
1942,1064.733333,14.627708,2,0,0.016458,14.644166
1943,1064.766667,14.668000,2,0,0.008167,14.676167
1944,1064.800000,14.677084,2,0,0.016291,14.693375
1945,1064.833333,15.119583,2,0,0.017667,15.137250
1946,1064.866667,14.942541,2,0,0.008334,14.950875
1947,1064.900000,14.224750,2,0,0.005333,14.230083
1948,1064.933333,14.315583,2,0,0.015959,14.331542
1949,1064.966667,14.704375,2,0,0.010542,14.714917
1950,1065.000000,14.216250,2,0,0.012708,14.228958
1951,1065.033333,14.637458,2,0,0.009500,14.646958
1952,1065.066667,14.448375,2,0,0.005750,14.454125
1953,1065.100000,14.480084,2,0,0.016666,14.496750
1954,1065.133333,14.662709,2,0,0.019250,14.681959
1955,1065.166667,14.473000,2,0,0.008125,14.481125
1956,1065.200000,14.812667,2,0,0.016708,14.829375
1957,1065.233333,14.483417,2,0,0.015416,14.498833
1958,1065.266667,14.271875,2,0,0.014208,14.286083
1959,1065.300000,14.190792,2,0,0.015625,14.206417
1960,1065.333333,14.533083,2,0,0.007334,14.540417
1961,1065.366667,14.390167,2,0,0.008708,14.398875
1962,1065.400000,14.504917,2,0,0.016083,14.521000
1963,1065.433333,14.420292,2,0,0.018458,14.438750
1964,1065.466667,14.143833,2,0,0.020583,14.164416
1965,1065.500000,13.973709,2,0,0.017208,13.990917
1966,1065.533333,12.414917,2,0,0.009542,12.424459
1967,1065.566667,12.451500,2,0,0.027083,12.478583
1968,1065.600000,12.648959,2,0,0.017041,12.666000
1969,1065.633333,13.137208,2,0,0.005333,13.142541
1970,1065.666667,13.615917,2,0,0.011750,13.627667
1971,1065.700000,13.664791,2,0,0.028250,13.693041
1972,1065.733333,13.560334,2,0,0.017833,13.578167
1973,1065.766667,13.997375,2,0,0.008167,14.005542
1974,1065.800000,13.859083,2,0,0.018667,13.877750
1975,1065.833333,14.043542,2,0,0.009458,14.053000
1976,1065.866667,14.070000,2,0,0.007917,14.077917
1977,1065.900000,13.819125,2,0,0.023417,13.842542
1978,1065.933333,13.840125,2,0,0.017625,13.857750
1979,1065.966667,13.570333,2,0,0.008208,13.578541
1980,1066.000000,15.558458,2,0,0.017833,15.576291
1981,1066.033333,12.726083,2,0,0.019125,12.745208
1982,1066.066667,12.751625,2,0,0.009209,12.760834
1983,1066.100000,13.948167,2,0,0.015916,13.964083
1984,1066.133333,17.001875,2,0,0.022292,17.024167
1985,1066.166667,17.183500,2,0,0.018709,17.202209
1986,1066.200000,16.575250,2,0,0.017584,16.592834
1987,1066.233333,16.508625,2,0,0.008042,16.516667
1988,1066.266667,16.507625,2,0,0.018833,16.526458
1989,1066.300000,16.564583,2,0,0.016417,16.581000
1990,1066.333333,16.446167,2,0,0.007750,16.453917
1991,1066.366667,16.440333,2,0,0.018417,16.458750
1992,1066.400000,16.049166,2,0,0.018459,16.067625
1993,1066.433333,15.589542,2,0,0.016000,15.605542
1994,1066.466667,16.342542,2,0,0.019542,16.362084
1995,1066.500000,15.099792,2,0,0.023375,15.123167
1996,1066.533333,14.256708,2,0,0.009417,14.266125
1997,1066.566667,14.406458,2,0,0.022500,14.428958
1998,1066.600000,15.106042,2,0,0.017042,15.123084
1999,1066.633333,15.870125,2,0,0.019792,15.889917
2000,1066.666667,15.423500,2,0,0.017625,15.441125
2001,1066.700000,15.323250,2,0,0.015250,15.338500
2002,1066.733333,15.667916,2,0,0.020000,15.687916
2003,1066.766667,15.974000,2,0,0.020709,15.994709
2004,1066.800000,15.400375,2,0,0.022750,15.423125
2005,1066.833333,15.413708,2,0,0.019042,15.432750
2006,1066.866667,15.681458,2,0,0.019834,15.701292
2007,1066.900000,14.485125,2,0,0.008958,14.494083
2008,1066.933333,15.381459,2,0,0.018666,15.400125
2009,1066.966667,15.256584,2,0,0.007541,15.264125
2010,1067.000000,15.029958,2,0,0.018584,15.048542
2011,1067.033333,15.836833,2,0,0.019417,15.856250
2012,1067.066667,15.753250,2,0,0.008625,15.761875
2013,1067.100000,15.205084,2,0,0.018958,15.224042
2014,1067.133333,15.491834,2,0,0.017541,15.509375
2015,1067.166667,14.860167,2,0,0.018958,14.879125
2016,1067.200000,15.056000,2,0,0.018209,15.074209
2017,1067.233333,14.984917,2,0,0.008250,14.993167
2018,1067.266667,15.052375,2,0,0.017708,15.070083
2019,1067.300000,14.711375,2,0,0.024042,14.735417
2020,1067.333333,14.559917,2,0,0.019250,14.579167
2021,1067.366667,14.315167,2,0,0.021125,14.336292
2022,1067.400000,14.617958,2,0,0.019375,14.637333
2023,1067.433333,14.531708,2,0,0.014958,14.546666
2024,1067.466667,14.328333,2,0,0.021125,14.349458
2025,1067.500000,14.258125,2,0,0.019667,14.277792
2026,1067.533333,13.778667,2,0,0.008666,13.787333
2027,1067.566667,12.052209,2,0,0.012208,12.064417
2028,1067.600000,12.751917,2,0,0.016625,12.768542
2029,1067.633333,12.924500,2,0,0.016166,12.940666
2030,1067.666667,13.786666,2,0,0.019167,13.805833
2031,1067.700000,13.291458,2,0,0.020708,13.312166
2032,1067.733333,15.459708,2,0,0.019500,15.479208
2033,1067.766667,13.397333,2,0,0.012292,13.409625
2034,1067.800000,13.009000,2,0,0.013375,13.022375
2035,1067.833333,13.132833,2,0,0.019709,13.152542
2036,1067.866667,13.828958,2,0,0.016917,13.845875
2037,1067.900000,12.528041,2,0,0.027750,12.555791
2038,1067.933333,13.136792,2,0,0.019083,13.155875
2039,1067.966667,12.607167,2,0,0.018208,12.625375
2040,1068.000000,13.452500,2,0,0.018542,13.471042
2041,1068.033333,13.478084,2,0,0.017375,13.495459
2042,1068.066667,13.023458,2,0,0.011667,13.035125
2043,1068.100000,14.165625,2,0,0.011541,14.177166
2044,1068.133333,12.548417,2,0,0.007000,12.555417
2045,1068.166667,13.079083,2,0,0.018792,13.097875
2046,1068.200000,13.117209,2,0,0.021125,13.138334
2047,1068.233333,13.272292,2,0,0.017291,13.289583
2048,1068.266667,13.431750,2,0,0.020083,13.451833
2049,1068.300000,12.661083,2,0,0.060792,12.721875
2050,1068.333333,13.373458,2,0,0.017209,13.390667
2051,1068.366667,13.673250,2,0,0.026500,13.699750
2052,1068.400000,16.267833,2,0,0.020417,16.288250
2053,1068.433333,16.167875,2,0,0.017625,16.185500
2054,1068.466667,15.636875,2,0,0.022500,15.659375
2055,1068.500000,15.797042,2,0,0.013542,15.810584
2056,1068.533333,15.314208,2,0,0.019334,15.333542
2057,1068.566667,14.001208,2,0,0.009417,14.010625
2058,1068.600000,13.313541,2,0,0.008459,13.322000
2059,1068.633333,14.021958,2,0,0.008375,14.030333
2060,1068.666667,14.360084,2,0,0.008208,14.368292
2061,1068.700000,14.145250,2,0,0.007917,14.153167
2062,1068.733333,14.057666,2,0,0.009000,14.066666
2063,1068.766667,14.508250,2,0,0.015000,14.523250
2064,1068.800000,15.190083,2,0,0.018834,15.208917
2065,1068.833333,15.120750,2,0,0.018292,15.139042
2066,1068.866667,15.171917,2,0,0.016667,15.188584
2067,1068.900000,14.791375,2,0,0.018500,14.809875
2068,1068.933333,15.144916,2,0,0.014875,15.159791
2069,1068.966667,14.638625,2,0,0.019250,14.657875
2070,1069.000000,14.868250,2,0,0.018417,14.886667
2071,1069.033333,13.997750,2,0,0.014209,14.011959
2072,1069.066667,14.181833,2,0,0.015709,14.197542
2073,1069.100000,14.768166,2,0,0.017625,14.785791
2074,1069.133333,14.295125,2,0,0.021042,14.316167
2075,1069.166667,14.626916,2,0,0.018750,14.645666
2076,1069.200000,14.538958,2,0,0.019000,14.557958
2077,1069.233333,14.260042,2,0,0.018250,14.278292
2078,1069.266667,14.266042,2,0,0.023708,14.289750
2079,1069.300000,13.611500,2,0,0.013416,13.624916
2080,1069.333333,14.432041,2,0,0.008375,14.440416
2081,1069.366667,13.568875,2,0,0.015083,13.583958
2082,1069.400000,13.801916,2,0,0.010959,13.812875
2083,1069.433333,14.149458,2,0,0.008292,14.157750
2084,1069.466667,13.681833,2,0,0.028875,13.710708
2085,1069.500000,13.048625,2,0,0.057708,13.106333
2086,1069.533333,13.737750,2,0,0.011458,13.749208
2087,1069.566667,12.196625,2,0,0.007542,12.204167
2088,1069.600000,11.086750,2,0,0.009334,11.096084
2089,1069.633333,13.110000,2,0,0.018834,13.128834
2090,1069.666667,12.710375,2,0,0.016750,12.727125
2091,1069.700000,12.615542,2,0,0.021458,12.637000
2092,1069.733333,12.664750,2,0,0.018792,12.683542
2093,1069.766667,12.936625,2,0,0.018417,12.955042
2094,1069.800000,12.813459,2,0,0.019000,12.832459
2095,1069.833333,11.923125,2,0,0.021542,11.944667
2096,1069.866667,12.297291,2,0,0.019250,12.316541
2097,1069.900000,12.768833,2,0,0.018542,12.787375
2098,1069.933333,16.747417,2,0,0.008542,16.755959
2099,1069.966667,15.467958,2,0,0.018584,15.486542
2100,1070.000000,15.750042,2,0,0.018583,15.768625
2101,1070.033333,16.236833,2,0,0.007750,16.244583
2102,1070.066667,15.620958,2,0,0.008334,15.629292
2103,1070.100000,15.442542,2,0,0.017750,15.460292
2104,1070.133333,15.867458,2,0,0.017667,15.885125
2105,1070.166667,15.699458,2,0,0.021959,15.721417
2106,1070.200000,15.900250,2,0,0.016166,15.916416
2107,1070.233333,15.500750,2,0,0.008083,15.508833
2108,1070.266667,15.346500,2,0,0.020791,15.367291
2109,1070.300000,15.435000,2,0,0.017709,15.452709
2110,1070.333333,15.693084,2,0,0.018458,15.711542
2111,1070.366667,15.819000,2,0,0.017834,15.836834
2112,1070.400000,14.995916,2,0,0.019875,15.015791
2113,1070.433333,15.671250,2,0,0.009708,15.680958
2114,1070.466667,14.540709,2,0,0.022041,14.562750
2115,1070.500000,14.710000,2,0,0.016042,14.726042
2116,1070.533333,15.580709,2,0,0.015750,15.596459
2117,1070.566667,13.947458,2,0,0.008250,13.955708
2118,1070.600000,13.445916,2,0,0.009209,13.455125
2119,1070.633333,13.096541,2,0,0.014084,13.110625
2120,1070.666667,14.129542,2,0,0.019041,14.148583
2121,1070.700000,14.522125,2,0,0.018791,14.540916
2122,1070.733333,14.715583,2,0,0.013792,14.729375
2123,1070.766667,14.504792,2,0,0.004416,14.509208
2124,1070.800000,14.528833,2,0,0.015584,14.544417
2125,1070.833333,14.510917,2,0,0.015375,14.526292
2126,1070.866667,14.510541,2,0,0.015125,14.525666
2127,1070.900000,14.577083,2,0,0.016750,14.593833
2128,1070.933333,14.818875,2,0,0.008500,14.827375
2129,1070.966667,13.967958,2,0,0.013417,13.981375
2130,1071.000000,14.194709,2,0,0.015166,14.209875
2131,1071.033333,14.406375,2,0,0.018834,14.425209
2132,1071.066667,14.759125,2,0,0.023958,14.783083
2133,1071.100000,14.587041,2,0,0.011834,14.598875
2134,1071.133333,14.615417,2,0,0.019208,14.634625
2135,1071.166667,14.113208,2,0,0.027625,14.140833
2136,1071.200000,13.810041,2,0,0.020375,13.830416
2137,1071.233333,13.877292,2,0,0.008291,13.885583
2138,1071.266667,13.620417,2,0,0.008208,13.628625
2139,1071.300000,13.971250,2,0,0.018791,13.990041
2140,1071.333333,13.930667,2,0,0.018917,13.949584
2141,1071.366667,13.768750,2,0,0.019167,13.787917
2142,1071.400000,13.506500,2,0,0.021000,13.527500
2143,1071.433333,13.778333,2,0,0.018583,13.796916
2144,1071.466667,12.922959,2,0,0.011000,12.933959
2145,1071.500000,12.649500,2,0,0.027792,12.677292
2146,1071.533333,13.459833,2,0,0.018208,13.478041
2147,1071.566667,16.624083,2,0,0.008667,16.632750
2148,1071.600000,15.019541,2,0,0.008792,15.028333
2149,1071.633333,14.964542,2,0,0.018125,14.982667
2150,1071.666667,16.074167,2,0,0.019250,16.093417
2151,1071.700000,16.041958,2,0,0.006917,16.048875
2152,1071.733333,15.572167,2,0,0.014958,15.587125
2153,1071.766667,15.557209,2,0,0.007000,15.564209
2154,1071.800000,15.338292,2,0,0.019125,15.357417
2155,1071.833333,15.746708,2,0,0.017750,15.764458
2156,1071.866667,16.168500,2,0,0.019459,16.187959
2157,1071.900000,16.090708,2,0,0.016875,16.107583
2158,1071.933333,15.412084,2,0,0.026041,15.438125
2159,1071.966667,14.763000,2,0,0.021500,14.784500
2160,1072.000000,15.631792,2,0,0.016333,15.648125
2161,1072.033333,15.577833,2,0,0.018792,15.596625
2162,1072.066667,14.962708,2,0,0.022042,14.984750
2163,1072.100000,14.520417,2,0,0.019333,14.539750
2164,1072.133333,15.395375,2,0,0.009750,15.405125
2165,1072.166667,15.234708,2,0,0.018708,15.253416
2166,1072.200000,14.538375,2,0,0.015791,14.554166
2167,1072.233333,14.737792,2,0,0.004125,14.741917
2168,1072.266667,15.200334,2,0,0.027333,15.227667
2169,1072.300000,15.016334,2,0,0.015791,15.032125
2170,1072.333333,14.822000,2,0,0.016167,14.838167
2171,1072.366667,15.069333,2,0,0.019750,15.089083
2172,1072.400000,14.517084,2,0,0.024458,14.541542
2173,1072.433333,14.453125,2,0,0.017625,14.470750
2174,1072.466667,14.456416,2,0,0.020792,14.477208
2175,1072.500000,13.722875,2,0,0.022541,13.745416
2176,1072.533333,14.224208,2,0,0.019250,14.243458
2177,1072.566667,13.900750,2,0,0.020666,13.921416
2178,1072.600000,12.963875,2,0,0.005750,12.969625
2179,1072.633333,12.219375,2,0,0.010167,12.229542
2180,1072.666667,12.280458,2,0,0.017125,12.297583
2181,1072.700000,13.238417,2,0,0.018416,13.256833
2182,1072.733333,13.634208,2,0,0.018208,13.652416
2183,1072.766667,14.288625,2,0,0.019625,14.308250
2184,1072.800000,13.573750,2,0,0.020083,13.593833
2185,1072.833333,14.335875,2,0,0.008250,14.344125
2186,1072.866667,13.596250,2,0,0.019042,13.615292
2187,1072.900000,12.404708,2,0,0.033750,12.438458
2188,1072.933333,13.138667,2,0,0.019541,13.158208
2189,1072.966667,13.793250,2,0,0.019958,13.813208
2190,1073.000000,16.119375,2,0,0.014500,16.133875
2191,1073.033333,16.642167,2,0,0.018667,16.660834
2192,1073.066667,16.108084,2,0,0.015083,16.123167
2193,1073.100000,15.922542,2,0,0.018000,15.940542
2194,1073.133333,15.405125,2,0,0.018667,15.423792
2195,1073.166667,17.684459,2,0,0.012750,17.697209
2196,1073.200000,15.878375,2,0,0.014583,15.892958
2197,1073.233333,15.297667,2,0,0.022250,15.319917
2198,1073.266667,15.638375,2,0,0.017459,15.655834
2199,1073.300000,15.209667,2,0,0.020041,15.229708
2200,1073.333333,15.383000,2,0,0.020708,15.403708
2201,1073.366667,15.024083,2,0,0.019458,15.043541
2202,1073.400000,14.982375,2,0,0.009458,14.991833
2203,1073.433333,14.702833,2,0,0.016333,14.719166
2204,1073.466667,14.468417,2,0,0.019333,14.487750
2205,1073.500000,13.972000,2,0,0.013792,13.985792
2206,1073.533333,14.816208,2,0,0.017167,14.833375
2207,1073.566667,14.734375,2,0,0.018125,14.752500
2208,1073.600000,13.265125,2,0,0.008750,13.273875
2209,1073.633333,12.699167,2,0,0.009416,12.708583
2210,1073.666667,12.542042,2,0,0.015917,12.557959
2211,1073.700000,13.521792,2,0,0.009125,13.530917
2212,1073.733333,14.512542,2,0,0.005208,14.517750
2213,1073.766667,14.171042,2,0,0.020000,14.191042
2214,1073.800000,13.807333,2,0,0.018292,13.825625
2215,1073.833333,13.709625,2,0,0.018875,13.728500
2216,1073.866667,13.798333,2,0,0.019167,13.817500
2217,1073.900000,14.000292,2,0,0.017542,14.017834
2218,1073.933333,14.097292,2,0,0.018375,14.115667
2219,1073.966667,13.600000,2,0,0.019459,13.619459
2220,1074.000000,13.300625,2,0,0.009167,13.309792
2221,1074.033333,13.323541,2,0,0.018584,13.342125
2222,1074.066667,14.346875,2,0,0.016000,14.362875
2223,1074.100000,17.412792,2,0,0.017458,17.430250
2224,1074.133333,16.503416,2,0,0.018250,16.521666
2225,1074.166667,16.733208,2,0,0.011542,16.744750
2226,1074.200000,15.580541,2,0,0.061292,15.641833
2227,1074.233333,16.151458,2,0,0.018750,16.170208
2228,1074.266667,15.604083,2,0,0.010000,15.614083
2229,1074.300000,15.487291,2,0,0.019500,15.506791
2230,1074.333333,15.299750,2,0,0.019000,15.318750
2231,1074.366667,15.194583,2,0,0.018542,15.213125
2232,1074.400000,15.343042,2,0,0.006416,15.349458
2233,1074.433333,15.048625,2,0,0.009500,15.058125
2234,1074.466667,14.328625,2,0,0.008417,14.337042
2235,1074.500000,14.596334,2,0,0.018833,14.615167
2236,1074.533333,14.553708,2,0,0.018125,14.571833
2237,1074.566667,14.317792,2,0,0.018166,14.335958
2238,1074.600000,13.438834,2,0,0.007458,13.446292
2239,1074.633333,12.526208,2,0,0.009167,12.535375
2240,1074.666667,12.354416,2,0,0.021792,12.376208
2241,1074.700000,13.247792,2,0,0.018708,13.266500
2242,1074.733333,13.338834,2,0,0.016708,13.355542
2243,1074.766667,13.345709,2,0,0.015125,13.360834
2244,1074.800000,13.810625,2,0,0.023750,13.834375
2245,1074.833333,13.996625,2,0,0.019084,14.015709
2246,1074.866667,13.779084,2,0,0.027958,13.807042
2247,1074.900000,13.530167,2,0,0.015916,13.546083
2248,1074.933333,13.818625,2,0,0.015167,13.833792
2249,1074.966667,14.519750,2,0,0.018917,14.538667
2250,1075.000000,14.380167,2,0,0.018375,14.398542
2251,1075.033333,13.322459,2,0,0.017625,13.340084
2252,1075.066667,14.255916,2,0,0.018959,14.274875
2253,1075.100000,13.851625,2,0,0.019125,13.870750
2254,1075.133333,13.818708,2,0,0.006458,13.825166
2255,1075.166667,13.533166,2,0,0.017709,13.550875
2256,1075.200000,13.229167,2,0,0.019458,13.248625
2257,1075.233333,13.262917,2,0,0.006958,13.269875
2258,1075.266667,13.591458,2,0,0.018792,13.610250
2259,1075.300000,13.028541,2,0,0.027917,13.056458
2260,1075.333333,13.060500,2,0,0.022291,13.082791
2261,1075.366667,13.008333,2,0,0.007083,13.015416
2262,1075.400000,14.015375,2,0,0.014750,14.030125
2263,1075.433333,16.978041,2,0,0.017709,16.995750
2264,1075.466667,15.992958,2,0,0.009875,16.002833
2265,1075.500000,16.062875,2,0,0.018042,16.080917
2266,1075.533333,15.216959,2,0,0.024625,15.241584
2267,1075.566667,15.684708,2,0,0.019333,15.704041
2268,1075.600000,14.606958,2,0,0.006250,14.613208
2269,1075.633333,13.996125,2,0,0.009417,14.005542
2270,1075.666667,13.665167,2,0,0.016125,13.681292
2271,1075.700000,14.440042,2,0,0.017666,14.457708
2272,1075.733333,15.350459,2,0,0.015541,15.366000
2273,1075.766667,15.085416,2,0,0.014292,15.099708
2274,1075.800000,15.534416,2,0,0.017625,15.552041
2275,1075.833333,15.415208,2,0,0.015792,15.431000
2276,1075.866667,15.421917,2,0,0.015292,15.437209
2277,1075.900000,15.532250,2,0,0.017292,15.549542
2278,1075.933333,14.990291,2,0,0.018375,15.008666
2279,1075.966667,16.153084,2,0,0.018291,16.171375
2280,1076.000000,15.698791,2,0,0.018792,15.717583
2281,1076.033333,15.190000,2,0,0.027959,15.217959
2282,1076.066667,14.767500,2,0,0.020125,14.787625
2283,1076.100000,14.406375,2,0,0.022834,14.429209
2284,1076.133333,14.969541,2,0,0.016209,14.985750
2285,1076.166667,14.858167,2,0,0.012417,14.870584
2286,1076.200000,15.208542,2,0,0.014417,15.222959
2287,1076.233333,15.218042,2,0,0.007958,15.226000
2288,1076.266667,15.283584,2,0,0.019000,15.302584
2289,1076.300000,14.999875,2,0,0.007542,15.007417
2290,1076.333333,14.933333,2,0,0.014375,14.947708
2291,1076.366667,15.208833,2,0,0.018042,15.226875
2292,1076.400000,14.754625,2,0,0.019541,14.774166
2293,1076.433333,14.892250,2,0,0.022000,14.914250
2294,1076.466667,13.603291,2,0,0.016250,13.619541
2295,1076.500000,14.039709,2,0,0.020125,14.059834
2296,1076.533333,14.006250,2,0,0.008542,14.014792
2297,1076.566667,14.287625,2,0,0.018250,14.305875
2298,1076.600000,13.058250,2,0,0.007833,13.066083
2299,1076.633333,12.735666,2,0,0.008542,12.744208
2300,1076.666667,11.907834,2,0,0.012541,11.920375
2301,1076.700000,13.172834,2,0,0.018083,13.190917
2302,1076.733333,13.000791,2,0,0.014709,13.015500
2303,1076.766667,13.197167,2,0,0.010708,13.207875
2304,1076.800000,13.541000,2,0,0.017375,13.558375
2305,1076.833333,13.684584,2,0,0.019833,13.704417
2306,1076.866667,13.884500,2,0,0.008208,13.892708
2307,1076.900000,13.707916,2,0,0.018959,13.726875
2308,1076.933333,13.396167,2,0,0.018500,13.414667
2309,1076.966667,13.959708,2,0,0.019042,13.978750
2310,1077.000000,13.751250,2,0,0.021208,13.772458
2311,1077.033333,13.536542,2,0,0.016542,13.553084
2312,1077.066667,13.517041,2,0,0.019625,13.536666
2313,1077.100000,13.384625,2,0,0.022250,13.406875
2314,1077.133333,13.607750,2,0,0.018250,13.626000
2315,1077.166667,13.838375,2,0,0.011750,13.850125
2316,1077.200000,13.495541,2,0,0.010000,13.505541
2317,1077.233333,13.834250,2,0,0.019333,13.853583
2318,1077.266667,13.874542,2,0,0.018958,13.893500
2319,1077.300000,13.424542,2,0,0.016041,13.440583
2320,1077.333333,13.315167,2,0,0.027833,13.343000
2321,1077.366667,13.159166,2,0,0.029375,13.188541
2322,1077.400000,12.882625,2,0,0.017083,12.899708
2323,1077.433333,13.000667,2,0,0.027541,13.028208
2324,1077.466667,13.079375,2,0,0.006208,13.085583
2325,1077.500000,16.366667,2,0,0.018125,16.384792
2326,1077.533333,16.115792,2,0,0.007041,16.122833
2327,1077.566667,16.261750,2,0,0.008625,16.270375
2328,1077.600000,16.278667,2,0,0.018083,16.296750
2329,1077.633333,15.094291,2,0,0.004709,15.099000
2330,1077.666667,14.468584,2,0,0.006833,14.475417
2331,1077.700000,14.796875,2,0,0.019750,14.816625
2332,1077.733333,15.081333,2,0,0.017708,15.099041
2333,1077.766667,15.077083,2,0,0.010500,15.087583
2334,1077.800000,15.147750,2,0,0.017875,15.165625
2335,1077.833333,15.806250,2,0,0.018917,15.825167
2336,1077.866667,17.079458,2,0,0.024167,17.103625
2337,1077.900000,14.671834,2,0,0.030125,14.701959
2338,1077.933333,14.661083,2,0,0.007667,14.668750
2339,1077.966667,15.484625,2,0,0.019541,15.504166
2340,1078.000000,15.157083,2,0,0.020875,15.177958
2341,1078.033333,14.676125,2,0,0.008458,14.684583
2342,1078.066667,14.953625,2,0,0.018083,14.971708
2343,1078.100000,15.437375,2,0,0.014500,15.451875
2344,1078.133333,15.575209,2,0,0.013666,15.588875
2345,1078.166667,15.447542,2,0,0.005833,15.453375
2346,1078.200000,15.521125,2,0,0.013458,15.534583
2347,1078.233333,15.202792,2,0,0.017125,15.219917
2348,1078.266667,15.450958,2,0,0.015542,15.466500
2349,1078.300000,15.477208,2,0,0.005875,15.483083
2350,1078.333333,15.434917,2,0,0.022417,15.457334
2351,1078.366667,15.252875,2,0,0.017959,15.270834
2352,1078.400000,15.445458,2,0,0.018083,15.463541
2353,1078.433333,15.642250,2,0,0.015459,15.657709
2354,1078.466667,14.338708,2,0,0.025625,14.364333
2355,1078.500000,14.723000,2,0,0.020792,14.743792
2356,1078.533333,14.691125,2,0,0.019709,14.710834
2357,1078.566667,14.645417,2,0,0.008916,14.654333
2358,1078.600000,15.234458,2,0,0.017834,15.252292
2359,1078.633333,13.974709,2,0,0.006083,13.980792
2360,1078.666667,13.238542,2,0,0.009625,13.248167
2361,1078.700000,12.857708,2,0,0.020167,12.877875
2362,1078.733333,13.485041,2,0,0.019042,13.504083
2363,1078.766667,14.419834,2,0,0.006708,14.426542
2364,1078.800000,14.459292,2,0,0.014417,14.473709
2365,1078.833333,14.715250,2,0,0.018542,14.733792
2366,1078.866667,15.057541,2,0,0.018792,15.076333
2367,1078.900000,14.797958,2,0,0.020792,14.818750
2368,1078.933333,15.349542,2,0,0.015833,15.365375
2369,1078.966667,14.700458,2,0,0.018250,14.718708
2370,1079.000000,14.391625,2,0,0.008334,14.399959
2371,1079.033333,14.822250,2,0,0.018542,14.840792
2372,1079.066667,15.118500,2,0,0.025917,15.144417
2373,1079.100000,14.543334,2,0,0.009333,14.552667
2374,1079.133333,13.800333,2,0,0.019333,13.819666
2375,1079.166667,14.356250,2,0,0.016416,14.372666
2376,1079.200000,14.652292,2,0,0.018750,14.671042
2377,1079.233333,14.479250,2,0,0.009292,14.488542
2378,1079.266667,14.063959,2,0,0.020708,14.084667
2379,1079.300000,13.881083,2,0,0.018625,13.899708
2380,1079.333333,14.467625,2,0,0.007667,14.475292
2381,1079.366667,14.063583,2,0,0.018167,14.081750
2382,1079.400000,14.349417,2,0,0.016000,14.365417
2383,1079.433333,14.596000,2,0,0.008917,14.604917
2384,1079.466667,14.264916,2,0,0.025667,14.290583
2385,1079.500000,13.648458,2,0,0.018083,13.666541
2386,1079.533333,14.428917,2,0,0.019583,14.448500
2387,1079.566667,13.992791,2,0,0.022709,14.015500
2388,1079.600000,13.711417,2,0,0.008166,13.719583
2389,1079.633333,14.346250,2,0,0.015708,14.361958
2390,1079.666667,13.324500,2,0,0.008042,13.332542
2391,1079.700000,11.937709,2,0,0.008083,11.945792
2392,1079.733333,12.183834,2,0,0.020375,12.204209
2393,1079.766667,13.065792,2,0,0.015458,13.081250
2394,1079.800000,13.610792,2,0,0.025791,13.636583
2395,1079.833333,13.842083,2,0,0.017584,13.859667
2396,1079.866667,13.498083,2,0,0.023083,13.521166
2397,1079.900000,13.574584,2,0,0.006208,13.580792
2398,1079.933333,13.396250,2,0,0.013833,13.410083
2399,1079.966667,13.851125,2,0,0.018750,13.869875
2400,1080.000000,13.868541,2,0,0.006375,13.874916
2401,1080.033333,14.167958,2,0,0.015458,14.183416
2402,1080.066667,14.242584,2,0,0.017125,14.259709
2403,1080.100000,14.201208,2,0,0.007792,14.209000
2404,1080.133333,13.882750,2,0,0.014500,13.897250
2405,1080.166667,13.667709,2,0,0.008250,13.675959
2406,1080.200000,14.409042,2,0,0.010250,14.419292
2407,1080.233333,14.027583,2,0,0.011667,14.039250
2408,1080.266667,14.557709,2,0,0.021000,14.578709
2409,1080.300000,14.109500,2,0,0.028167,14.137667
2410,1080.333333,13.754208,2,0,0.017584,13.771792
2411,1080.366667,13.575708,2,0,0.021000,13.596708
2412,1080.400000,13.694500,2,0,0.016959,13.711459
2413,1080.433333,13.853083,2,0,0.015000,13.868083
2414,1080.466667,13.701042,2,0,0.022208,13.723250
2415,1080.500000,13.555417,2,0,0.019166,13.574583
2416,1080.533333,13.502542,2,0,0.050208,13.552750
2417,1080.566667,13.522209,2,0,0.009791,13.532000
2418,1080.600000,13.088875,2,0,0.014791,13.103666
2419,1080.633333,13.814958,2,0,0.015417,13.830375
2420,1080.666667,12.296375,2,0,0.007750,12.304125
2421,1080.700000,11.223334,2,0,0.009583,11.232917
2422,1080.733333,11.710375,2,0,0.024750,11.735125
2423,1080.766667,12.037791,2,0,0.006834,12.044625
2424,1080.800000,12.632125,2,0,0.021541,12.653666
2425,1080.833333,12.927041,2,0,0.018500,12.945541
2426,1080.866667,13.085500,2,0,0.018167,13.103667
2427,1080.900000,12.908958,2,0,0.009917,12.918875
2428,1080.933333,13.008542,2,0,0.010625,13.019167
2429,1080.966667,13.457375,2,0,0.008959,13.466334
2430,1081.000000,13.275000,2,0,0.016333,13.291333
2431,1081.033333,14.372500,2,0,0.019083,14.391583
2432,1081.066667,17.158667,2,0,0.018291,17.176958
2433,1081.100000,16.472167,2,0,0.015583,16.487750
2434,1081.133333,16.260292,2,0,0.020041,16.280333
2435,1081.166667,16.196000,2,0,0.018750,16.214750
2436,1081.200000,15.905666,2,0,0.008375,15.914041
2437,1081.233333,16.015792,2,0,0.005917,16.021709
2438,1081.266667,17.901083,2,0,0.018458,17.919541
2439,1081.300000,15.184750,2,0,0.016250,15.201000
2440,1081.333333,15.548083,2,0,0.020709,15.568792
2441,1081.366667,15.887042,2,0,0.020750,15.907792
2442,1081.400000,15.432667,2,0,0.018833,15.451500
2443,1081.433333,15.846666,2,0,0.018792,15.865458
2444,1081.466667,15.095875,2,0,0.026666,15.122541
2445,1081.500000,15.390750,2,0,0.027583,15.418333
2446,1081.533333,14.885083,2,0,0.018833,14.903916
2447,1081.566667,16.149959,2,0,0.017250,16.167209
2448,1081.600000,15.471416,2,0,0.007959,15.479375
2449,1081.633333,15.456833,2,0,0.054459,15.511292
2450,1081.666667,13.770709,2,0,0.005500,13.776209
2451,1081.700000,13.793208,2,0,0.009500,13.802708
2452,1081.733333,13.671334,2,0,0.018041,13.689375
2453,1081.766667,14.286708,2,0,0.016125,14.302833
2454,1081.800000,14.248500,2,0,0.009375,14.257875
2455,1081.833333,14.994000,2,0,0.015541,15.009541
2456,1081.866667,14.789000,2,0,0.017000,14.806000
2457,1081.900000,14.957792,2,0,0.018041,14.975833
2458,1081.933333,15.135083,2,0,0.017625,15.152708
2459,1081.966667,14.810542,2,0,0.018833,14.829375
2460,1082.000000,14.727541,2,0,0.008417,14.735958
2461,1082.033333,14.622209,2,0,0.021958,14.644167
2462,1082.066667,14.711167,2,0,0.016500,14.727667
2463,1082.100000,13.862792,2,0,0.022291,13.885083
2464,1082.133333,14.014250,2,0,0.020542,14.034792
2465,1082.166667,13.845958,2,0,0.018375,13.864333
2466,1082.200000,14.497708,2,0,0.017083,14.514791
2467,1082.233333,14.485833,2,0,0.018792,14.504625
2468,1082.266667,14.794500,2,0,0.015333,14.809833
2469,1082.300000,14.004750,2,0,0.017917,14.022667
2470,1082.333333,14.410666,2,0,0.016959,14.427625
2471,1082.366667,14.202250,2,0,0.015750,14.218000
2472,1082.400000,13.936084,2,0,0.018250,13.954334
2473,1082.433333,13.720458,2,0,0.015917,13.736375
2474,1082.466667,13.230833,2,0,0.008458,13.239291
2475,1082.500000,13.310500,2,0,0.016791,13.327291
2476,1082.533333,13.166375,2,0,0.016667,13.183042
2477,1082.566667,13.542750,2,0,0.013167,13.555917
2478,1082.600000,13.515708,2,0,0.029292,13.545000
2479,1082.633333,13.344125,2,0,0.018208,13.362333
2480,1082.666667,11.955584,2,0,0.007541,11.963125
2481,1082.700000,11.861500,2,0,0.009917,11.871417
2482,1082.733333,11.116375,2,0,0.021959,11.138334
2483,1082.766667,11.479667,2,0,0.008333,11.488000
2484,1082.800000,12.504875,2,0,0.017750,12.522625
2485,1082.833333,14.049416,2,0,0.022667,14.072083
2486,1082.866667,18.061000,2,0,0.021042,18.082042
2487,1082.900000,15.722875,2,0,0.023459,15.746334
2488,1082.933333,15.801333,2,0,0.020000,15.821333
2489,1082.966667,16.201334,2,0,0.061791,16.263125
2490,1083.000000,16.518333,2,0,0.018500,16.536833
2491,1083.033333,15.686084,2,0,0.006208,15.692292
2492,1083.066667,15.284250,2,0,0.008917,15.293167
2493,1083.100000,16.057875,2,0,0.020791,16.078666
2494,1083.133333,15.978125,2,0,0.023958,16.002083
2495,1083.166667,16.176458,2,0,0.024833,16.201291
2496,1083.200000,16.316625,2,0,0.018333,16.334958
2497,1083.233333,16.543375,2,0,0.011708,16.555083
2498,1083.266667,16.336875,2,0,0.021250,16.358125
2499,1083.300000,15.345292,2,0,0.018208,15.363500
2500,1083.333333,15.650875,2,0,0.022042,15.672917
2501,1083.366667,15.936458,2,0,0.011500,15.947958
2502,1083.400000,15.442375,2,0,0.014750,15.457125
2503,1083.433333,15.168166,2,0,0.020209,15.188375
2504,1083.466667,14.392125,2,0,0.009250,14.401375
2505,1083.500000,14.723375,2,0,0.022250,14.745625
2506,1083.533333,14.189791,2,0,0.007084,14.196875
2507,1083.566667,14.876791,2,0,0.018625,14.895416
2508,1083.600000,14.756500,2,0,0.030167,14.786667
2509,1083.633333,14.708833,2,0,0.007792,14.716625
2510,1083.666667,13.136292,2,0,0.006000,13.142292
2511,1083.700000,12.837541,2,0,0.008042,12.845583
2512,1083.733333,12.221000,2,0,0.005334,12.226334
2513,1083.766667,13.477875,2,0,0.018625,13.496500
2514,1083.800000,13.785667,2,0,0.019250,13.804917
2515,1083.833333,14.595500,2,0,0.008458,14.603958
2516,1083.866667,14.197500,2,0,0.015959,14.213459
2517,1083.900000,14.233625,2,0,0.008166,14.241791
2518,1083.933333,13.792833,2,0,0.009292,13.802125
2519,1083.966667,14.397125,2,0,0.019375,14.416500
2520,1084.000000,14.247875,2,0,0.017708,14.265583
2521,1084.033333,14.271500,2,0,0.008500,14.280000
2522,1084.066667,14.128833,2,0,0.010708,14.139541
2523,1084.100000,13.831750,2,0,0.029250,13.861000
2524,1084.133333,14.013041,2,0,0.018959,14.032000
2525,1084.166667,13.721709,2,0,0.018958,13.740667
2526,1084.200000,13.426334,2,0,0.019250,13.445584
2527,1084.233333,13.354833,2,0,0.019083,13.373916
2528,1084.266667,13.437791,2,0,0.008167,13.445958
2529,1084.300000,13.529250,2,0,0.018667,13.547917
2530,1084.333333,14.000417,2,0,0.018792,14.019209
2531,1084.366667,17.618042,2,0,0.009250,17.627292
2532,1084.400000,15.585875,2,0,0.019167,15.605042
2533,1084.433333,16.480166,2,0,0.015750,16.495916
2534,1084.466667,16.058584,2,0,0.021291,16.079875
2535,1084.500000,15.431375,2,0,0.022708,15.454083
2536,1084.533333,15.387667,2,0,0.008792,15.396459
2537,1084.566667,15.145500,2,0,0.019083,15.164583
2538,1084.600000,15.417250,2,0,0.008667,15.425917
2539,1084.633333,14.941417,2,0,0.015875,14.957292
2540,1084.666667,14.953917,2,0,0.008417,14.962334
2541,1084.700000,13.995292,2,0,0.005792,14.001084
2542,1084.733333,13.463666,2,0,0.008125,13.471791
2543,1084.766667,13.313375,2,0,0.022416,13.335791
2544,1084.800000,13.461791,2,0,0.018959,13.480750
2545,1084.833333,13.815000,2,0,0.025792,13.840792
2546,1084.866667,13.928875,2,0,0.015500,13.944375
2547,1084.900000,13.733042,2,0,0.018791,13.751833
2548,1084.933333,13.616292,2,0,0.021166,13.637458
2549,1084.966667,14.257458,2,0,0.008042,14.265500
2550,1085.000000,14.170292,2,0,0.018208,14.188500
2551,1085.033333,14.905500,2,0,0.018333,14.923833
2552,1085.066667,13.973792,2,0,0.009125,13.982917
2553,1085.100000,13.873834,2,0,0.018500,13.892334
2554,1085.133333,13.927209,2,0,0.018416,13.945625
2555,1085.166667,15.328416,2,0,0.007917,15.336333
2556,1085.200000,13.894958,2,0,0.029292,13.924250
2557,1085.233333,13.146792,2,0,0.018500,13.165292
2558,1085.266667,13.931000,2,0,0.009084,13.940084
2559,1085.300000,16.571291,2,0,0.016959,16.588250
2560,1085.333333,17.210084,2,0,0.019916,17.230000
2561,1085.366667,16.830375,2,0,0.020333,16.850708
2562,1085.400000,16.731375,2,0,0.019167,16.750542
2563,1085.433333,16.499542,2,0,0.016791,16.516333
2564,1085.466667,15.726084,2,0,0.008000,15.734084
2565,1085.500000,15.094667,2,0,0.027292,15.121959
2566,1085.533333,15.456708,2,0,0.018333,15.475041
2567,1085.566667,15.848709,2,0,0.019000,15.867709
2568,1085.600000,15.787833,2,0,0.018667,15.806500
2569,1085.633333,15.147667,2,0,0.012667,15.160334
2570,1085.666667,14.921625,2,0,0.010583,14.932208
2571,1085.700000,14.262208,2,0,0.007667,14.269875
2572,1085.733333,13.748375,2,0,0.009625,13.758000
2573,1085.766667,13.110125,2,0,0.014291,13.124416
2574,1085.800000,13.654125,2,0,0.014083,13.668208
2575,1085.833333,13.783042,2,0,0.016417,13.799459
2576,1085.866667,13.743083,2,0,0.017083,13.760166
2577,1085.900000,14.163792,2,0,0.008000,14.171792
2578,1085.933333,13.859834,2,0,0.016458,13.876292
2579,1085.966667,14.254292,2,0,0.014583,14.268875
2580,1086.000000,14.192042,2,0,0.018583,14.210625
2581,1086.033333,13.428500,2,0,0.013750,13.442250
2582,1086.066667,13.361250,2,0,0.014708,13.375958
2583,1086.100000,13.347584,2,0,0.017541,13.365125
2584,1086.133333,13.563334,2,0,0.019041,13.582375
2585,1086.166667,13.317416,2,0,0.004417,13.321833
2586,1086.200000,13.212833,2,0,0.014125,13.226958
2587,1086.233333,14.198542,2,0,0.018083,14.216625
2588,1086.266667,17.494833,2,0,0.027542,17.522375
2589,1086.300000,16.351583,2,0,0.013084,16.364667
2590,1086.333333,16.065083,2,0,0.023417,16.088500
2591,1086.366667,15.807625,2,0,0.026959,15.834584
2592,1086.400000,15.856959,2,0,0.020250,15.877209
2593,1086.433333,15.150375,2,0,0.018417,15.168792
2594,1086.466667,15.257875,2,0,0.019042,15.276917
2595,1086.500000,15.716041,2,0,0.018917,15.734958
2596,1086.533333,15.311250,2,0,0.019166,15.330416
2597,1086.566667,15.025333,2,0,0.018583,15.043916
2598,1086.600000,15.573500,2,0,0.018541,15.592041
2599,1086.633333,15.116083,2,0,0.018417,15.134500
2600,1086.666667,15.236292,2,0,0.010083,15.246375
2601,1086.700000,13.449042,2,0,0.007417,13.456459
2602,1086.733333,12.770625,2,0,0.009667,12.780292
2603,1086.766667,13.290833,2,0,0.022292,13.313125
2604,1086.800000,13.356583,2,0,0.019459,13.376042
2605,1086.833333,13.536000,2,0,0.021792,13.557792
2606,1086.866667,13.505042,2,0,0.015916,13.520958
2607,1086.900000,14.073625,2,0,0.018125,14.091750
2608,1086.933333,13.759042,2,0,0.019958,13.779000
2609,1086.966667,13.331000,2,0,0.007666,13.338666
2610,1087.000000,13.919708,2,0,0.018500,13.938208
2611,1087.033333,13.728959,2,0,0.018083,13.747042
2612,1087.066667,13.763834,2,0,0.009583,13.773417
2613,1087.100000,14.152458,2,0,0.018917,14.171375
2614,1087.133333,13.869084,2,0,0.009000,13.878084
2615,1087.166667,14.492583,2,0,0.007500,14.500083
2616,1087.200000,13.421167,2,0,0.021750,13.442917
2617,1087.233333,13.551083,2,0,0.018959,13.570042
2618,1087.266667,14.068500,2,0,0.010833,14.079333
2619,1087.300000,13.643500,2,0,0.021750,13.665250
2620,1087.333333,12.974625,2,0,0.008208,12.982833
2621,1087.366667,13.597250,2,0,0.020250,13.617500
2622,1087.400000,13.616041,2,0,0.012459,13.628500
2623,1087.433333,13.554625,2,0,0.018417,13.573042
2624,1087.466667,13.080417,2,0,0.021750,13.102167
2625,1087.500000,12.995083,2,0,0.007958,13.003041
2626,1087.533333,13.128167,2,0,0.013500,13.141667
2627,1087.566667,13.403916,2,0,0.016542,13.420458
2628,1087.600000,13.274583,2,0,0.018250,13.292833
2629,1087.633333,14.203959,2,0,0.028791,14.232750
2630,1087.666667,16.406000,2,0,0.016125,16.422125
2631,1087.700000,15.071625,2,0,0.006042,15.077667
2632,1087.733333,14.022334,2,0,0.009875,14.032209
2633,1087.766667,13.737792,2,0,0.017625,13.755417
2634,1087.800000,14.100875,2,0,0.007834,14.108709
2635,1087.833333,15.224000,2,0,0.019208,15.243208
2636,1087.866667,15.067083,2,0,0.034125,15.101208
2637,1087.900000,14.082917,2,0,0.007208,14.090125
2638,1087.933333,14.664250,2,0,0.019250,14.683500
2639,1087.966667,14.695500,2,0,0.016500,14.712000
2640,1088.000000,15.187542,2,0,0.019083,15.206625
2641,1088.033333,15.202500,2,0,0.008375,15.210875
2642,1088.066667,15.038917,2,0,0.011917,15.050834
2643,1088.100000,15.075792,2,0,0.019541,15.095333
2644,1088.133333,15.614166,2,0,0.018167,15.632333
2645,1088.166667,15.438750,2,0,0.014584,15.453334
2646,1088.200000,15.203375,2,0,0.019500,15.222875
2647,1088.233333,15.301709,2,0,0.008250,15.309959
2648,1088.266667,14.959625,2,0,0.008459,14.968084
2649,1088.300000,14.729959,2,0,0.017416,14.747375
2650,1088.333333,15.118750,2,0,0.011958,15.130708
2651,1088.366667,14.983041,2,0,0.028875,15.011916
2652,1088.400000,15.682959,2,0,0.022125,15.705084
2653,1088.433333,14.855333,2,0,0.022459,14.877792
2654,1088.466667,14.569250,2,0,0.019917,14.589167
2655,1088.500000,14.440916,2,0,0.019542,14.460458
2656,1088.533333,14.555750,2,0,0.013334,14.569084
2657,1088.566667,14.121083,2,0,0.019667,14.140750
2658,1088.600000,14.874084,2,0,0.019125,14.893209
2659,1088.633333,13.569541,2,0,0.015167,13.584708
2660,1088.666667,13.644458,2,0,0.012625,13.657083
2661,1088.700000,14.640500,2,0,0.018208,14.658708
2662,1088.733333,13.228209,2,0,0.006541,13.234750
2663,1088.766667,12.095042,2,0,0.008833,12.103875
2664,1088.800000,12.121291,2,0,0.018292,12.139583
2665,1088.833333,13.290208,2,0,0.018625,13.308833
2666,1088.866667,13.513875,2,0,0.021958,13.535833
2667,1088.900000,13.727000,2,0,0.029709,13.756709
2668,1088.933333,13.689083,2,0,0.020458,13.709541
2669,1088.966667,13.446292,2,0,0.011166,13.457458
2670,1089.000000,13.787583,2,0,0.014917,13.802500
2671,1089.033333,13.706875,2,0,0.057542,13.764417
2672,1089.066667,13.858792,2,0,0.009042,13.867834
2673,1089.100000,12.436958,2,0,0.024750,12.461708
2674,1089.133333,12.382958,2,0,0.016042,12.399000
2675,1089.166667,13.096625,2,0,0.016000,13.112625
2676,1089.200000,13.346292,2,0,0.009625,13.355917
2677,1089.233333,13.167334,2,0,0.018791,13.186125
2678,1089.266667,13.483084,2,0,0.018375,13.501459
2679,1089.300000,12.972666,2,0,0.008959,12.981625
2680,1089.333333,13.824625,2,0,0.015042,13.839667
2681,1089.366667,16.131541,2,0,0.010959,16.142500
2682,1089.400000,16.393250,2,0,0.009292,16.402542
2683,1089.433333,15.624333,2,0,0.024167,15.648500
2684,1089.466667,15.324375,2,0,0.012542,15.336917
2685,1089.500000,14.697875,2,0,0.018959,14.716834
2686,1089.533333,15.130625,2,0,0.022833,15.153458
2687,1089.566667,14.792958,2,0,0.019208,14.812166
2688,1089.600000,15.604209,2,0,0.018916,15.623125
2689,1089.633333,17.000416,2,0,0.008542,17.008958
2690,1089.666667,14.894375,2,0,0.020042,14.914417
2691,1089.700000,15.333833,2,0,0.018667,15.352500
2692,1089.733333,13.184000,2,0,0.009375,13.193375
2693,1089.766667,13.295500,2,0,0.007625,13.303125
2694,1089.800000,13.350209,2,0,0.018250,13.368459
2695,1089.833333,14.300333,2,0,0.019500,14.319833
2696,1089.866667,14.206125,2,0,0.006416,14.212541
2697,1089.900000,14.157167,2,0,0.018791,14.175958
2698,1089.933333,14.421959,2,0,0.019583,14.441542
2699,1089.966667,14.866625,2,0,0.012458,14.879083
2700,1090.000000,14.782666,2,0,0.019750,14.802416
2701,1090.033333,14.930750,2,0,0.018875,14.949625
2702,1090.066667,15.252084,2,0,0.008708,15.260792
2703,1090.100000,15.057583,2,0,0.021875,15.079458
2704,1090.133333,14.270667,2,0,0.005791,14.276458
2705,1090.166667,14.798208,2,0,0.024750,14.822958
2706,1090.200000,14.372000,2,0,0.019667,14.391667
2707,1090.233333,15.113458,2,0,0.006542,15.120000
2708,1090.266667,14.783625,2,0,0.018750,14.802375
2709,1090.300000,14.611291,2,0,0.017417,14.628708
2710,1090.333333,14.545167,2,0,0.018583,14.563750
2711,1090.366667,14.792125,2,0,0.019500,14.811625
2712,1090.400000,14.863208,2,0,0.018584,14.881792
2713,1090.433333,14.343542,2,0,0.023750,14.367292
2714,1090.466667,13.581209,2,0,0.010416,13.591625
2715,1090.500000,14.481750,2,0,0.018666,14.500416
2716,1090.533333,14.484792,2,0,0.019000,14.503792
2717,1090.566667,14.105125,2,0,0.007834,14.112959
2718,1090.600000,14.173958,2,0,0.008209,14.182167
2719,1090.633333,14.743625,2,0,0.019084,14.762709
2720,1090.666667,14.205166,2,0,0.008792,14.213958
2721,1090.700000,14.150416,2,0,0.017750,14.168166
2722,1090.733333,12.796917,2,0,0.008000,12.804917
2723,1090.766667,11.837750,2,0,0.007834,11.845584
2724,1090.800000,12.563958,2,0,0.019167,12.583125
2725,1090.833333,13.114875,2,0,0.018375,13.133250
2726,1090.866667,13.189792,2,0,0.018417,13.208209
2727,1090.900000,13.717459,2,0,0.060458,13.777917
2728,1090.933333,14.156125,2,0,0.017834,14.173959
2729,1090.966667,13.923917,2,0,0.009916,13.933833
2730,1091.000000,12.427958,2,0,0.027458,12.455416
2731,1091.033333,12.808709,2,0,0.004583,12.813292
2732,1091.066667,12.924916,2,0,0.018959,12.943875
2733,1091.100000,14.382375,2,0,0.019875,14.402250
2734,1091.133333,14.601916,2,0,0.023209,14.625125
2735,1091.166667,16.340334,2,0,0.017250,16.357584
2736,1091.200000,15.336042,2,0,0.019167,15.355209
2737,1091.233333,15.665458,2,0,0.022167,15.687625
2738,1091.266667,15.355666,2,0,0.018334,15.374000
2739,1091.300000,15.679792,2,0,0.019125,15.698917
2740,1091.333333,15.473250,2,0,0.028334,15.501584
2741,1091.366667,15.477792,2,0,0.017875,15.495667
2742,1091.400000,15.310834,2,0,0.019000,15.329834
2743,1091.433333,14.832000,2,0,0.023875,14.855875
2744,1091.466667,14.579875,2,0,0.023375,14.603250
2745,1091.500000,14.652000,2,0,0.015500,14.667500
2746,1091.533333,15.366625,2,0,0.017250,15.383875
2747,1091.566667,14.795209,2,0,0.005750,14.800959
2748,1091.600000,15.155666,2,0,0.010667,15.166333
2749,1091.633333,15.370458,2,0,0.017500,15.387958
2750,1091.666667,14.169541,2,0,0.008459,14.178000
2751,1091.700000,14.683833,2,0,0.016834,14.700667
2752,1091.733333,13.943000,2,0,0.008500,13.951500
2753,1091.766667,12.984875,2,0,0.010583,12.995458
2754,1091.800000,13.167833,2,0,0.018834,13.186667
2755,1091.833333,13.464000,2,0,0.022916,13.486916
2756,1091.866667,14.650750,2,0,0.018333,14.669083
2757,1091.900000,13.993667,2,0,0.013708,14.007375
2758,1091.933333,15.087167,2,0,0.015333,15.102500
2759,1091.966667,14.753291,2,0,0.018292,14.771583
2760,1092.000000,14.319125,2,0,0.007208,14.326333
2761,1092.033333,14.786917,2,0,0.013250,14.800167
2762,1092.066667,14.514750,2,0,0.016917,14.531667
2763,1092.100000,14.503000,2,0,0.008125,14.511125
2764,1092.133333,14.743584,2,0,0.019375,14.762959
2765,1092.166667,13.920750,2,0,0.020541,13.941291
2766,1092.200000,15.052750,2,0,0.014875,15.067625
2767,1092.233333,14.687500,2,0,0.013666,14.701166
2768,1092.266667,14.607000,2,0,0.047000,14.654000
2769,1092.300000,14.859208,2,0,0.009292,14.868500
2770,1092.333333,14.344416,2,0,0.020125,14.364541
2771,1092.366667,14.569708,2,0,0.019125,14.588833
2772,1092.400000,14.353416,2,0,0.024417,14.377833
2773,1092.433333,14.823916,2,0,0.017750,14.841666
2774,1092.466667,16.010833,2,0,0.020250,16.031083
2775,1092.500000,15.103250,2,0,0.019833,15.123083
2776,1092.533333,14.894291,2,0,0.018292,14.912583
2777,1092.566667,14.379083,2,0,0.006709,14.385792
2778,1092.600000,13.464500,2,0,0.022542,13.487042
2779,1092.633333,13.910417,2,0,0.019958,13.930375
2780,1092.666667,13.895875,2,0,0.016500,13.912375
2781,1092.700000,13.861417,2,0,0.014708,13.876125
2782,1092.733333,14.535833,2,0,0.018209,14.554042
2783,1092.766667,13.435125,2,0,0.008250,13.443375
2784,1092.800000,13.228458,2,0,0.015000,13.243458
2785,1092.833333,13.763416,2,0,0.015167,13.778583
2786,1092.866667,14.801333,2,0,0.018875,14.820208
2787,1092.900000,13.196292,2,0,0.006250,13.202542
2788,1092.933333,13.593625,2,0,0.019042,13.612667
2789,1092.966667,14.250541,2,0,0.015792,14.266333
2790,1093.000000,14.180500,2,0,0.007459,14.187959
2791,1093.033333,14.501209,2,0,0.014291,14.515500
2792,1093.066667,14.430292,2,0,0.017375,14.447667
2793,1093.100000,14.450584,2,0,0.016583,14.467167
2794,1093.133333,14.386833,2,0,0.016042,14.402875
2795,1093.166667,14.336958,2,0,0.015625,14.352583
2796,1093.200000,14.952667,2,0,0.018625,14.971292
2797,1093.233333,14.666125,2,0,0.019791,14.685916
2798,1093.266667,14.273541,2,0,0.015875,14.289416
2799,1093.300000,14.110375,2,0,0.009500,14.119875
2800,1093.333333,14.521083,2,0,0.015625,14.536708
2801,1093.366667,16.512500,2,0,0.015042,16.527542
2802,1093.400000,16.002500,2,0,0.019334,16.021834
2803,1093.433333,15.588125,2,0,0.008625,15.596750
2804,1093.466667,15.321583,2,0,0.009708,15.331291
2805,1093.500000,15.443458,2,0,0.007792,15.451250
2806,1093.533333,15.176459,2,0,0.018041,15.194500
2807,1093.566667,15.111792,2,0,0.009917,15.121709
2808,1093.600000,14.960959,2,0,0.014125,14.975084
2809,1093.633333,15.521375,2,0,0.018125,15.539500
2810,1093.666667,14.317250,2,0,0.009542,14.326792
2811,1093.700000,14.384167,2,0,0.021417,14.405584
2812,1093.733333,14.427542,2,0,0.008166,14.435708
2813,1093.766667,13.655250,2,0,0.008041,13.663291
2814,1093.800000,13.015708,2,0,0.014375,13.030083
2815,1093.833333,12.441250,2,0,0.005208,12.446458
2816,1093.866667,13.043500,2,0,0.019417,13.062917
2817,1093.900000,13.593000,2,0,0.019459,13.612459
2818,1093.933333,13.785291,2,0,0.016167,13.801458
2819,1093.966667,14.316375,2,0,0.017667,14.334042
2820,1094.000000,14.017333,2,0,0.008750,14.026083
2821,1094.033333,13.843542,2,0,0.018625,13.862167
2822,1094.066667,14.054417,2,0,0.008708,14.063125
2823,1094.100000,14.248125,2,0,0.019750,14.267875
2824,1094.133333,14.881500,2,0,0.020708,14.902208
2825,1094.166667,16.827000,2,0,0.018833,16.845833
2826,1094.200000,16.610667,2,0,0.018042,16.628709
2827,1094.233333,16.234709,2,0,0.006041,16.240750
2828,1094.266667,14.467375,2,0,0.016375,14.483750
2829,1094.300000,14.760750,2,0,0.019500,14.780250
2830,1094.333333,15.644917,2,0,0.017333,15.662250
2831,1094.366667,15.212459,2,0,0.009041,15.221500
2832,1094.400000,15.314500,2,0,0.019958,15.334458
2833,1094.433333,15.312917,2,0,0.018416,15.331333
2834,1094.466667,15.250125,2,0,0.017208,15.267333
2835,1094.500000,15.095375,2,0,0.016708,15.112083
2836,1094.533333,15.400625,2,0,0.018583,15.419208
2837,1094.566667,14.380500,2,0,0.008375,14.388875
2838,1094.600000,14.724042,2,0,0.018333,14.742375
2839,1094.633333,14.993500,2,0,0.019000,15.012500
2840,1094.666667,15.249125,2,0,0.019667,15.268792
2841,1094.700000,15.071166,2,0,0.019167,15.090333
2842,1094.733333,14.628708,2,0,0.016500,14.645208
2843,1094.766667,13.467542,2,0,0.007208,13.474750
2844,1094.800000,12.834042,2,0,0.007375,12.841417
2845,1094.833333,11.949708,2,0,0.005250,11.954958
2846,1094.866667,12.942708,2,0,0.028084,12.970792
2847,1094.900000,12.578000,2,0,0.008416,12.586416
2848,1094.933333,13.730042,2,0,0.020208,13.750250
2849,1094.966667,14.766667,2,0,0.019500,14.786167
2850,1095.000000,16.033875,2,0,0.019750,16.053625
2851,1095.033333,15.879875,2,0,0.019375,15.899250
2852,1095.066667,16.134125,2,0,0.008292,16.142417
2853,1095.100000,16.353458,2,0,0.018584,16.372042
2854,1095.133333,16.141541,2,0,0.015334,16.156875
2855,1095.166667,15.717500,2,0,0.016417,15.733917
2856,1095.200000,15.221125,2,0,0.017458,15.238583
2857,1095.233333,15.050250,2,0,0.019000,15.069250
2858,1095.266667,16.004875,2,0,0.018667,16.023542
2859,1095.300000,16.011375,2,0,0.016875,16.028250
2860,1095.333333,15.654792,2,0,0.018875,15.673667
2861,1095.366667,14.679209,2,0,0.026916,14.706125
2862,1095.400000,15.371917,2,0,0.011792,15.383709
2863,1095.433333,15.789041,2,0,0.018709,15.807750
2864,1095.466667,15.182625,2,0,0.021208,15.203833
2865,1095.500000,14.604625,2,0,0.025625,14.630250
2866,1095.533333,15.022500,2,0,0.010125,15.032625
2867,1095.566667,15.094209,2,0,0.019666,15.113875
2868,1095.600000,14.648125,2,0,0.012167,14.660292
2869,1095.633333,15.104458,2,0,0.022000,15.126458
2870,1095.666667,14.495875,2,0,0.017334,14.513209
2871,1095.700000,14.889375,2,0,0.022791,14.912166
2872,1095.733333,14.620750,2,0,0.016542,14.637292
2873,1095.766667,14.949583,2,0,0.016292,14.965875
2874,1095.800000,12.869000,2,0,0.007250,12.876250
2875,1095.833333,12.123875,2,0,0.011042,12.134917
2876,1095.866667,12.289875,2,0,0.010500,12.300375
2877,1095.900000,12.659500,2,0,0.019833,12.679333
2878,1095.933333,12.534083,2,0,0.022500,12.556583
2879,1095.966667,13.203334,2,0,0.019458,13.222792
2880,1096.000000,13.769416,2,0,0.017834,13.787250
2881,1096.033333,14.621625,2,0,0.014208,14.635833
2882,1096.066667,16.244916,2,0,0.013084,16.258000
2883,1096.100000,15.910667,2,0,0.028292,15.938959
2884,1096.133333,15.549667,2,0,0.018583,15.568250
2885,1096.166667,15.950500,2,0,0.017334,15.967834
2886,1096.200000,15.429667,2,0,0.018125,15.447792
2887,1096.233333,15.855416,2,0,0.017459,15.872875
2888,1096.266667,16.104375,2,0,0.018125,16.122500
2889,1096.300000,15.970334,2,0,0.017416,15.987750
2890,1096.333333,15.504583,2,0,0.006583,15.511166
2891,1096.366667,15.631417,2,0,0.020666,15.652083
2892,1096.400000,15.846458,2,0,0.018208,15.864666
2893,1096.433333,15.269333,2,0,0.008458,15.277791
2894,1096.466667,15.484250,2,0,0.007667,15.491917
2895,1096.500000,14.972208,2,0,0.020625,14.992833
2896,1096.533333,15.155334,2,0,0.007958,15.163292
2897,1096.566667,15.369875,2,0,0.074667,15.444542
2898,1096.600000,15.770042,2,0,0.025708,15.795750
2899,1096.633333,15.502209,2,0,0.010708,15.512917
2900,1096.666667,15.298208,2,0,0.014667,15.312875
2901,1096.700000,15.162292,2,0,0.005875,15.168167
2902,1096.733333,15.399125,2,0,0.020958,15.420083
2903,1096.766667,15.362167,2,0,0.019333,15.381500
2904,1096.800000,14.360167,2,0,0.005375,14.365542
2905,1096.833333,13.270750,2,0,0.005083,13.275833
2906,1096.866667,13.165917,2,0,0.008166,13.174083
2907,1096.900000,13.115000,2,0,0.023416,13.138416
2908,1096.933333,13.683667,2,0,0.031291,13.714958
2909,1096.966667,14.156125,2,0,0.020666,14.176791
2910,1097.000000,14.235584,2,0,0.016708,14.252292
2911,1097.033333,15.343583,2,0,0.021042,15.364625
2912,1097.066667,15.181542,2,0,0.008875,15.190417
2913,1097.100000,14.538750,2,0,0.020292,14.559042
2914,1097.133333,15.461208,2,0,0.007917,15.469125
2915,1097.166667,15.062625,2,0,0.020125,15.082750
2916,1097.200000,14.265167,2,0,0.017541,14.282708
2917,1097.233333,14.658166,2,0,0.014667,14.672833
2918,1097.266667,14.397666,2,0,0.044459,14.442125
2919,1097.300000,14.458167,2,0,0.020167,14.478334
2920,1097.333333,13.944125,2,0,0.018709,13.962834
2921,1097.366667,14.971833,2,0,0.027083,14.998916
2922,1097.400000,17.381083,2,0,0.019334,17.400417
2923,1097.433333,17.371166,2,0,0.018875,17.390041
2924,1097.466667,16.957000,2,0,0.017667,16.974667
2925,1097.500000,16.511875,2,0,0.021916,16.533791
2926,1097.533333,16.859875,2,0,0.018875,16.878750
2927,1097.566667,16.057250,2,0,0.018750,16.076000
2928,1097.600000,16.159875,2,0,0.006542,16.166417
2929,1097.633333,16.392333,2,0,0.019084,16.411417
2930,1097.666667,16.606334,2,0,0.018791,16.625125
2931,1097.700000,16.378958,2,0,0.007333,16.386291
2932,1097.733333,15.653458,2,0,0.015375,15.668833
2933,1097.766667,16.049791,2,0,0.018667,16.068458
2934,1097.800000,15.178375,2,0,0.008000,15.186375
2935,1097.833333,15.629125,2,0,0.007917,15.637042
2936,1097.866667,14.643000,2,0,0.008125,14.651125
2937,1097.900000,14.000959,2,0,0.009041,14.010000
2938,1097.933333,13.768042,2,0,0.021875,13.789917
2939,1097.966667,14.041584,2,0,0.018250,14.059834
2940,1098.000000,14.352875,2,0,0.007750,14.360625
2941,1098.033333,15.379958,2,0,0.014833,15.394791
2942,1098.066667,15.478125,2,0,0.016042,15.494167
2943,1098.100000,15.651625,2,0,0.019542,15.671167
2944,1098.133333,14.724625,2,0,0.015792,14.740417
2945,1098.166667,15.080541,2,0,0.017417,15.097958
2946,1098.200000,14.814916,2,0,0.016834,14.831750
2947,1098.233333,14.773208,2,0,0.019292,14.792500
2948,1098.266667,14.443333,2,0,0.023375,14.466708
2949,1098.300000,14.879541,2,0,0.017334,14.896875
2950,1098.333333,14.848833,2,0,0.016750,14.865583
2951,1098.366667,15.003583,2,0,0.007708,15.011291
2952,1098.400000,14.785333,2,0,0.017667,14.803000
2953,1098.433333,14.392875,2,0,0.013750,14.406625
2954,1098.466667,14.165500,2,0,0.005750,14.171250
2955,1098.500000,13.990625,2,0,0.028666,14.019291
2956,1098.533333,13.869375,2,0,0.016584,13.885959
2957,1098.566667,13.593708,2,0,0.019125,13.612833
2958,1098.600000,13.644584,2,0,0.006625,13.651209
2959,1098.633333,13.805834,2,0,0.018791,13.824625
2960,1098.666667,13.509083,2,0,0.019958,13.529041
2961,1098.700000,13.436667,2,0,0.009500,13.446167
2962,1098.733333,14.045875,2,0,0.023500,14.069375
2963,1098.766667,13.998334,2,0,0.019250,14.017584
2964,1098.800000,16.996000,2,0,0.005416,17.001416
2965,1098.833333,15.260958,2,0,0.009833,15.270791
2966,1098.866667,15.467042,2,0,0.007458,15.474500
2967,1098.900000,15.069541,2,0,0.008959,15.078500
2968,1098.933333,15.563834,2,0,0.073125,15.636959
2969,1098.966667,16.023667,2,0,0.019792,16.043459
2970,1099.000000,15.829875,2,0,0.019541,15.849416
2971,1099.033333,16.284709,2,0,0.019250,16.303959
2972,1099.066667,15.839209,2,0,0.019916,15.859125
2973,1099.100000,15.768875,2,0,0.018000,15.786875
2974,1099.133333,15.555667,2,0,0.030458,15.586125
2975,1099.166667,15.592125,2,0,0.026166,15.618291
2976,1099.200000,15.247000,2,0,0.018209,15.265209
2977,1099.233333,15.105250,2,0,0.010750,15.116000
2978,1099.266667,15.494458,2,0,0.007583,15.502041
2979,1099.300000,14.995417,2,0,0.019250,15.014667
2980,1099.333333,15.100125,2,0,0.019167,15.119292
2981,1099.366667,15.415208,2,0,0.018375,15.433583
2982,1099.400000,15.203792,2,0,0.018625,15.222417
2983,1099.433333,14.761458,2,0,0.016000,14.777458
2984,1099.466667,15.364459,2,0,0.007000,15.371459
2985,1099.500000,14.815666,2,0,0.028209,14.843875
2986,1099.533333,14.633750,2,0,0.019417,14.653167
2987,1099.566667,14.818334,2,0,0.018958,14.837292
2988,1099.600000,14.899208,2,0,0.019500,14.918708
2989,1099.633333,15.984375,2,0,0.019000,16.003375
2990,1099.666667,14.407166,2,0,0.018625,14.425791
2991,1099.700000,14.387875,2,0,0.017541,14.405416
2992,1099.733333,14.223750,2,0,0.005125,14.228875
2993,1099.766667,14.542625,2,0,0.021208,14.563833
2994,1099.800000,14.085333,2,0,0.020125,14.105458
2995,1099.833333,12.661084,2,0,0.007708,12.668792
2996,1099.866667,12.509167,2,0,0.007667,12.516834
2997,1099.900000,12.068792,2,0,0.008166,12.076958
2998,1099.933333,12.550709,2,0,0.021416,12.572125
2999,1099.966667,12.846584,2,0,0.019541,12.866125
3000,1100.000000,13.438500,2,0,0.019542,13.458042
3001,1100.033333,13.389375,2,0,0.018833,13.408208
3002,1100.066667,12.205458,2,0,0.010709,12.216167
3003,1100.100000,12.615291,2,0,0.015917,12.631208
3004,1100.133333,12.956458,2,0,0.017833,12.974291
3005,1100.166667,13.423458,2,0,0.015125,13.438583
3006,1100.200000,13.316417,2,0,0.020250,13.336667
3007,1100.233333,13.621583,2,0,0.017042,13.638625
3008,1100.266667,13.654667,2,0,0.008542,13.663209
3009,1100.300000,13.601750,2,0,0.018291,13.620041
3010,1100.333333,13.662334,2,0,0.018000,13.680334
3011,1100.366667,13.512875,2,0,0.020333,13.533208
3012,1100.400000,12.973834,2,0,0.025916,12.999750
3013,1100.433333,13.331375,2,0,0.009125,13.340500
3014,1100.466667,13.281334,2,0,0.018666,13.300000
3015,1100.500000,12.766417,2,0,0.023791,12.790208
3016,1100.533333,12.734791,2,0,0.018084,12.752875
3017,1100.566667,12.887833,2,0,0.020209,12.908042
3018,1100.600000,14.208791,2,0,0.008917,14.217708
3019,1100.633333,17.690791,2,0,0.015625,17.706416
3020,1100.666667,16.288167,2,0,0.005958,16.294125
3021,1100.700000,16.349042,2,0,0.011416,16.360458
3022,1100.733333,16.051917,2,0,0.023500,16.075417
3023,1100.766667,15.742958,2,0,0.019958,15.762916
3024,1100.800000,15.012084,2,0,0.018125,15.030209
3025,1100.833333,14.145459,2,0,0.006750,14.152209
3026,1100.866667,13.770834,2,0,0.007208,13.778042
3027,1100.900000,13.631000,2,0,0.009708,13.640708
3028,1100.933333,13.227250,2,0,0.020042,13.247292
3029,1100.966667,14.159416,2,0,0.020042,14.179458
3030,1101.000000,14.225042,2,0,0.019292,14.244334
3031,1101.033333,14.753875,2,0,0.018875,14.772750
3032,1101.066667,14.415042,2,0,0.014333,14.429375
3033,1101.100000,14.198917,2,0,0.014625,14.213542
3034,1101.133333,15.022459,2,0,0.012666,15.035125
3035,1101.166667,15.516333,2,0,0.019125,15.535458
3036,1101.200000,15.952000,2,0,0.024958,15.976958
3037,1101.233333,14.810625,2,0,0.016000,14.826625
3038,1101.266667,15.530417,2,0,0.019000,15.549417
3039,1101.300000,15.109584,2,0,0.016500,15.126084
3040,1101.333333,14.317791,2,0,0.015834,14.333625
3041,1101.366667,14.806625,2,0,0.018625,14.825250
3042,1101.400000,14.414333,2,0,0.013917,14.428250
3043,1101.433333,14.593083,2,0,0.019209,14.612292
3044,1101.466667,14.943208,2,0,0.007958,14.951166
3045,1101.500000,15.265375,2,0,0.012084,15.277459
3046,1101.533333,14.592625,2,0,0.010875,14.603500
3047,1101.566667,14.371709,2,0,0.022000,14.393709
3048,1101.600000,14.126167,2,0,0.020042,14.146209
3049,1101.633333,13.946750,2,0,0.024625,13.971375
3050,1101.666667,14.006250,2,0,0.022000,14.028250
3051,1101.700000,13.860583,2,0,0.027083,13.887666
3052,1101.733333,14.444583,2,0,0.018958,14.463541
3053,1101.766667,13.990208,2,0,0.014000,14.004208
3054,1101.800000,13.487625,2,0,0.017458,13.505083
3055,1101.833333,14.675667,2,0,0.009625,14.685292
3056,1101.866667,12.039125,2,0,0.008542,12.047667
3057,1101.900000,11.810584,2,0,0.009958,11.820542
3058,1101.933333,11.932750,2,0,0.007750,11.940500
3059,1101.966667,12.045708,2,0,0.031833,12.077541
3060,1102.000000,12.461417,2,0,0.006708,12.468125
3061,1102.033333,12.875500,2,0,0.017750,12.893250
3062,1102.066667,13.678167,2,0,0.007167,13.685334
3063,1102.100000,13.513583,2,0,0.018042,13.531625
3064,1102.133333,13.456833,2,0,0.015209,13.472042
3065,1102.166667,13.041250,2,0,0.017542,13.058792
3066,1102.200000,13.510583,2,0,0.014417,13.525000
3067,1102.233333,13.119375,2,0,0.015541,13.134916
3068,1102.266667,13.615958,2,0,0.019500,13.635458
3069,1102.300000,13.332084,2,0,0.017958,13.350042
3070,1102.333333,13.011833,2,0,0.014917,13.026750
3071,1102.366667,13.898583,2,0,0.020709,13.919292
3072,1102.400000,16.448792,2,0,0.006416,16.455208
3073,1102.433333,16.325084,2,0,0.013416,16.338500
3074,1102.466667,16.410542,2,0,0.016416,16.426958
3075,1102.500000,15.977250,2,0,0.014167,15.991417
3076,1102.533333,15.117666,2,0,0.007750,15.125416
3077,1102.566667,15.367250,2,0,0.021083,15.388333
3078,1102.600000,15.199750,2,0,0.014208,15.213958
3079,1102.633333,15.421708,2,0,0.023334,15.445042
3080,1102.666667,15.148084,2,0,0.025083,15.173167
3081,1102.700000,15.121542,2,0,0.005625,15.127167
3082,1102.733333,15.935292,2,0,0.007833,15.943125
3083,1102.766667,15.054458,2,0,0.013250,15.067708
3084,1102.800000,15.050167,2,0,0.017875,15.068042
3085,1102.833333,15.644292,2,0,0.015333,15.659625
3086,1102.866667,14.427375,2,0,0.008958,14.436333
3087,1102.900000,13.687834,2,0,0.008166,13.696000
3088,1102.933333,13.237542,2,0,0.008167,13.245709
3089,1102.966667,13.252291,2,0,0.018334,13.270625
3090,1103.000000,13.488208,2,0,0.004917,13.493125
3091,1103.033333,14.616542,2,0,0.017708,14.634250
3092,1103.066667,14.949500,2,0,0.019208,14.968708
3093,1103.100000,14.977666,2,0,0.018417,14.996083
3094,1103.133333,14.531750,2,0,0.019083,14.550833
3095,1103.166667,14.852375,2,0,0.021334,14.873709
3096,1103.200000,14.005625,2,0,0.006042,14.011667
3097,1103.233333,13.844792,2,0,0.007708,13.852500
3098,1103.266667,14.465792,2,0,0.019166,14.484958
3099,1103.300000,14.181583,2,0,0.020875,14.202458
3100,1103.333333,14.456542,2,0,0.015416,14.471958
3101,1103.366667,13.752250,2,0,0.019000,13.771250
3102,1103.400000,14.726917,2,0,0.008583,14.735500
3103,1103.433333,14.632416,2,0,0.018292,14.650708
3104,1103.466667,13.695042,2,0,0.008583,13.703625
3105,1103.500000,13.988834,2,0,0.026333,14.015167
3106,1103.533333,14.682167,2,0,0.008083,14.690250
3107,1103.566667,13.800625,2,0,0.018959,13.819584
3108,1103.600000,13.379834,2,0,0.006250,13.386084
3109,1103.633333,14.359917,2,0,0.016250,14.376167
3110,1103.666667,12.954792,2,0,0.015250,12.970042
3111,1103.700000,13.661042,2,0,0.008042,13.669084
3112,1103.733333,13.436958,2,0,0.015125,13.452083
3113,1103.766667,14.074583,2,0,0.019458,14.094041
3114,1103.800000,13.749500,2,0,0.008709,13.758209
3115,1103.833333,14.414833,2,0,0.018167,14.433000
3116,1103.866667,15.187042,2,0,0.008792,15.195834
3117,1103.900000,14.391750,2,0,0.007500,14.399250
3118,1103.933333,14.719667,2,0,0.007417,14.727084
3119,1103.966667,15.371625,2,0,0.020208,15.391833
3120,1104.000000,14.580584,2,0,0.027500,14.608084
3121,1104.033333,14.886125,2,0,0.018125,14.904250
3122,1104.066667,15.464208,2,0,0.018834,15.483042
3123,1104.100000,14.980125,2,0,0.018250,14.998375
3124,1104.133333,15.057333,2,0,0.013750,15.071083
3125,1104.166667,15.293708,2,0,0.015292,15.309000
3126,1104.200000,15.435791,2,0,0.015542,15.451333
3127,1104.233333,15.849291,2,0,0.018125,15.867416
3128,1104.266667,15.752541,2,0,0.018125,15.770666
3129,1104.300000,15.898666,2,0,0.018042,15.916708
3130,1104.333333,15.331792,2,0,0.020375,15.352167
3131,1104.366667,14.564542,2,0,0.006000,14.570542
3132,1104.400000,14.544417,2,0,0.015333,14.559750
3133,1104.433333,14.123458,2,0,0.009333,14.132791
3134,1104.466667,14.204583,2,0,0.017667,14.222250
3135,1104.500000,14.172334,2,0,0.008625,14.180959
3136,1104.533333,13.764250,2,0,0.006041,13.770291
3137,1104.566667,13.790583,2,0,0.008167,13.798750
3138,1104.600000,13.070000,2,0,0.008750,13.078750
3139,1104.633333,13.410583,2,0,0.018750,13.429333
3140,1104.666667,12.674166,2,0,0.025292,12.699458
3141,1104.700000,12.912333,2,0,0.016459,12.928792
3142,1104.733333,13.671416,2,0,0.056625,13.728041
3143,1104.766667,17.432833,2,0,0.018167,17.451000
3144,1104.800000,16.485667,2,0,0.007792,16.493459
3145,1104.833333,16.614292,2,0,0.019083,16.633375
3146,1104.866667,15.143084,2,0,0.007958,15.151042
3147,1104.900000,14.229291,2,0,0.007250,14.236541
3148,1104.933333,13.771167,2,0,0.009083,13.780250
3149,1104.966667,13.346417,2,0,0.023583,13.370000
3150,1105.000000,13.647708,2,0,0.052792,13.700500
3151,1105.033333,14.606958,2,0,0.016750,14.623708
3152,1105.066667,14.526583,2,0,0.006917,14.533500
3153,1105.100000,14.314667,2,0,0.021625,14.336292
3154,1105.133333,14.900458,2,0,0.019209,14.919667
3155,1105.166667,14.995583,2,0,0.017209,15.012792
3156,1105.200000,15.292625,2,0,0.017875,15.310500
3157,1105.233333,14.723708,2,0,0.018375,14.742083
3158,1105.266667,14.725334,2,0,0.019083,14.744417
3159,1105.300000,14.585334,2,0,0.017958,14.603292
3160,1105.333333,14.530500,2,0,0.020083,14.550583
3161,1105.366667,13.956958,2,0,0.019042,13.976000
3162,1105.400000,14.113875,2,0,0.006792,14.120667
3163,1105.433333,13.954208,2,0,0.009667,13.963875
3164,1105.466667,14.116291,2,0,0.019375,14.135666
3165,1105.500000,13.781750,2,0,0.028500,13.810250
3166,1105.533333,14.106042,2,0,0.014250,14.120292
3167,1105.566667,12.378666,2,0,0.019000,12.397666
3168,1105.600000,12.714500,2,0,0.020792,12.735292
3169,1105.633333,13.208209,2,0,0.015541,13.223750
3170,1105.666667,12.847500,2,0,0.028708,12.876208
3171,1105.700000,12.987000,2,0,0.019000,13.006000
3172,1105.733333,13.089250,2,0,0.017000,13.106250
3173,1105.766667,13.726125,2,0,0.006584,13.732709
3174,1105.800000,13.254000,2,0,0.018792,13.272792
3175,1105.833333,12.869916,2,0,0.009542,12.879458
3176,1105.866667,12.709333,2,0,0.009000,12.718333
3177,1105.900000,11.093958,2,0,0.007417,11.101375
3178,1105.933333,10.933333,2,0,0.010084,10.943417
3179,1105.966667,10.746958,2,0,0.010584,10.757542
3180,1106.000000,10.995584,2,0,0.024333,11.019917
3181,1106.033333,11.791542,2,0,0.018542,11.810084
3182,1106.066667,13.034125,2,0,0.018666,13.052791
3183,1106.100000,16.686792,2,0,0.007667,16.694459
3184,1106.133333,16.716334,2,0,0.019291,16.735625
3185,1106.166667,15.810833,2,0,0.014417,15.825250
3186,1106.200000,16.393375,2,0,0.015833,16.409208
3187,1106.233333,15.801667,2,0,0.013792,15.815459
3188,1106.266667,15.942375,2,0,0.016542,15.958917
3189,1106.300000,15.613791,2,0,0.016250,15.630041
3190,1106.333333,15.138583,2,0,0.008167,15.146750
3191,1106.366667,15.322917,2,0,0.019208,15.342125
3192,1106.400000,15.190708,2,0,0.018333,15.209041
3193,1106.433333,15.010917,2,0,0.021250,15.032167
3194,1106.466667,14.536125,2,0,0.014750,14.550875
3195,1106.500000,14.454708,2,0,0.025500,14.480208
3196,1106.533333,14.435125,2,0,0.018417,14.453542
3197,1106.566667,14.522459,2,0,0.027833,14.550292
3198,1106.600000,14.225209,2,0,0.015541,14.240750
3199,1106.633333,14.465750,2,0,0.015500,14.481250
3200,1106.666667,14.621833,2,0,0.018334,14.640167
3201,1106.700000,14.779583,2,0,0.018500,14.798083
3202,1106.733333,14.145083,2,0,0.015875,14.160958
3203,1106.766667,14.482708,2,0,0.016792,14.499500
3204,1106.800000,14.271917,2,0,0.019208,14.291125
3205,1106.833333,14.229292,2,0,0.019625,14.248917
3206,1106.866667,14.137875,2,0,0.018417,14.156292
3207,1106.900000,12.138667,2,0,0.008167,12.146834
3208,1106.933333,12.007042,2,0,0.005541,12.012583
3209,1106.966667,11.416167,2,0,0.008916,11.425083
3210,1107.000000,13.437334,2,0,0.020250,13.457584
3211,1107.033333,11.401542,2,0,0.027583,11.429125
3212,1107.066667,12.143292,2,0,0.017708,12.161000
3213,1107.100000,12.976875,2,0,0.014458,12.991333
3214,1107.133333,12.792000,2,0,0.018125,12.810125
3215,1107.166667,13.254375,2,0,0.017959,13.272334
3216,1107.200000,13.109833,2,0,0.018917,13.128750
3217,1107.233333,13.077625,2,0,0.020667,13.098292
3218,1107.266667,13.217625,2,0,0.018125,13.235750
3219,1107.300000,13.311583,2,0,0.018875,13.330458
3220,1107.333333,13.285167,2,0,0.021458,13.306625
3221,1107.366667,12.918541,2,0,0.020709,12.939250
3222,1107.400000,13.248209,2,0,0.018375,13.266584
3223,1107.433333,13.533750,2,0,0.019125,13.552875
3224,1107.466667,13.546959,2,0,0.019291,13.566250
3225,1107.500000,13.243208,2,0,0.022792,13.266000
3226,1107.533333,13.209584,2,0,0.007500,13.217084
3227,1107.566667,12.974792,2,0,0.009458,12.984250
3228,1107.600000,13.186209,2,0,0.014416,13.200625
3229,1107.633333,12.945500,2,0,0.025166,12.970666
3230,1107.666667,12.588542,2,0,0.012375,12.600917
3231,1107.700000,12.513542,2,0,0.014625,12.528167
3232,1107.733333,13.147958,2,0,0.018084,13.166042
3233,1107.766667,12.952375,2,0,0.020417,12.972792
3234,1107.800000,12.958042,2,0,0.019416,12.977458
3235,1107.833333,12.765000,2,0,0.019333,12.784333
3236,1107.866667,12.980500,2,0,0.016959,12.997459
3237,1107.900000,11.994917,2,0,0.009958,12.004875
3238,1107.933333,10.494875,2,0,0.004792,10.499667
3239,1107.966667,10.594708,2,0,0.007584,10.602292
3240,1108.000000,10.938833,2,0,0.008667,10.947500
3241,1108.033333,10.724208,2,0,0.028834,10.753042
3242,1108.066667,10.896584,2,0,0.012958,10.909542
3243,1108.100000,11.699208,2,0,0.006084,11.705292
3244,1108.133333,12.047541,2,0,0.008542,12.056083
3245,1108.166667,12.561167,2,0,0.017333,12.578500
3246,1108.200000,12.347458,2,0,0.016292,12.363750
3247,1108.233333,12.616625,2,0,0.021709,12.638334
3248,1108.266667,12.794750,2,0,0.010125,12.804875
3249,1108.300000,13.232125,2,0,0.018000,13.250125
3250,1108.333333,13.237917,2,0,0.011000,13.248917
3251,1108.366667,13.234500,2,0,0.018667,13.253167
3252,1108.400000,13.078792,2,0,0.015916,13.094708
3253,1108.433333,12.984250,2,0,0.008500,12.992750
3254,1108.466667,11.517708,2,0,0.038833,11.556541
3255,1108.500000,11.658375,2,0,0.027166,11.685541
3256,1108.533333,12.015333,2,0,0.019500,12.034833
3257,1108.566667,12.412750,2,0,0.006833,12.419583
3258,1108.600000,12.966250,2,0,0.018208,12.984458
3259,1108.633333,12.859792,2,0,0.016750,12.876542
3260,1108.666667,12.697042,2,0,0.017833,12.714875
3261,1108.700000,11.948500,2,0,0.012833,11.961333
3262,1108.733333,11.638375,2,0,0.015500,11.653875
3263,1108.766667,12.321833,2,0,0.016459,12.338292
3264,1108.800000,12.536042,2,0,0.018333,12.554375
3265,1108.833333,12.921166,2,0,0.010667,12.931833
3266,1108.866667,17.099709,2,0,0.025083,17.124792
3267,1108.900000,16.604583,2,0,0.008042,16.612625
3268,1108.933333,14.327375,2,0,0.006042,14.333417
3269,1108.966667,13.995834,2,0,0.006083,14.001917
3270,1109.000000,14.693167,2,0,0.008708,14.701875
3271,1109.033333,14.104417,2,0,0.022958,14.127375
3272,1109.066667,14.301917,2,0,0.019000,14.320917
3273,1109.100000,14.967291,2,0,0.007709,14.975000
3274,1109.133333,15.766167,2,0,0.021083,15.787250
3275,1109.166667,15.856542,2,0,0.020250,15.876792
3276,1109.200000,15.730333,2,0,0.014750,15.745083
3277,1109.233333,15.896417,2,0,0.008291,15.904708
3278,1109.266667,15.882875,2,0,0.019625,15.902500
3279,1109.300000,16.011917,2,0,0.018792,16.030709
3280,1109.333333,15.722625,2,0,0.017458,15.740083
3281,1109.366667,15.802708,2,0,0.023042,15.825750
3282,1109.400000,15.727250,2,0,0.018666,15.745916
3283,1109.433333,15.709875,2,0,0.016167,15.726042
3284,1109.466667,15.439167,2,0,0.017208,15.456375
3285,1109.500000,15.182208,2,0,0.029709,15.211917
3286,1109.533333,15.582500,2,0,0.018375,15.600875
3287,1109.566667,16.037209,2,0,0.018750,16.055959
3288,1109.600000,15.902333,2,0,0.013542,15.915875
3289,1109.633333,17.165541,2,0,0.020709,17.186250
3290,1109.666667,15.676750,2,0,0.024125,15.700875
3291,1109.700000,15.758417,2,0,0.025125,15.783542
3292,1109.733333,15.914333,2,0,0.018500,15.932833
3293,1109.766667,15.991666,2,0,0.019542,16.011208
3294,1109.800000,15.526208,2,0,0.005959,15.532167
3295,1109.833333,16.194792,2,0,0.017958,16.212750
3296,1109.866667,15.648959,2,0,0.018250,15.667209
3297,1109.900000,15.730250,2,0,0.018916,15.749166
3298,1109.933333,14.661834,2,0,0.007833,14.669667
3299,1109.966667,13.512041,2,0,0.007542,13.519583
3300,1110.000000,13.745125,2,0,0.006959,13.752084
3301,1110.033333,14.235375,2,0,0.011542,14.246917
3302,1110.066667,13.977000,2,0,0.009000,13.986000
3303,1110.100000,14.179875,2,0,0.015333,14.195208
3304,1110.133333,14.291208,2,0,0.024458,14.315666
3305,1110.166667,14.810667,2,0,0.019667,14.830334
3306,1110.200000,15.363708,2,0,0.018792,15.382500
3307,1110.233333,17.001500,2,0,0.018666,17.020166
3308,1110.266667,15.398125,2,0,0.022792,15.420917
3309,1110.300000,14.754125,2,0,0.017708,14.771833
3310,1110.333333,15.139000,2,0,0.019750,15.158750
3311,1110.366667,15.534541,2,0,0.024875,15.559416
3312,1110.400000,14.900250,2,0,0.023083,14.923333
3313,1110.433333,15.533542,2,0,0.010500,15.544042
3314,1110.466667,15.586417,2,0,0.015791,15.602208
3315,1110.500000,14.486959,2,0,0.019000,14.505959
3316,1110.533333,15.327750,2,0,0.013250,15.341000
3317,1110.566667,15.141375,2,0,0.006750,15.148125
3318,1110.600000,15.422083,2,0,0.025542,15.447625
3319,1110.633333,15.187041,2,0,0.019459,15.206500
3320,1110.666667,15.026042,2,0,0.017667,15.043709
3321,1110.700000,14.321250,2,0,0.010583,14.331833
3322,1110.733333,15.215250,2,0,0.017000,15.232250
3323,1110.766667,14.712583,2,0,0.019084,14.731667
3324,1110.800000,14.922209,2,0,0.008291,14.930500
3325,1110.833333,14.385375,2,0,0.019500,14.404875
3326,1110.866667,14.826708,2,0,0.019000,14.845708
3327,1110.900000,14.554667,2,0,0.019416,14.574083
3328,1110.933333,13.596791,2,0,0.008542,13.605333
3329,1110.966667,12.418083,2,0,0.006292,12.424375
3330,1111.000000,12.645417,2,0,0.007375,12.652792
3331,1111.033333,12.412375,2,0,0.008791,12.421166
3332,1111.066667,12.504166,2,0,0.022167,12.526333
3333,1111.100000,12.990042,2,0,0.019708,13.009750
3334,1111.133333,14.382875,2,0,0.018958,14.401833
3335,1111.166667,13.696417,2,0,0.019458,13.715875
3336,1111.200000,14.127583,2,0,0.019459,14.147042
3337,1111.233333,14.229167,2,0,0.018375,14.247542
3338,1111.266667,14.317875,2,0,0.022583,14.340458
3339,1111.300000,13.189833,2,0,0.028292,13.218125
3340,1111.333333,13.906000,2,0,0.023292,13.929292
3341,1111.366667,13.564333,2,0,0.018083,13.582416
3342,1111.400000,13.979792,2,0,0.019375,13.999167
3343,1111.433333,13.988416,2,0,0.018875,14.007291
3344,1111.466667,14.487000,2,0,0.009625,14.496625
3345,1111.500000,13.605959,2,0,0.015791,13.621750
3346,1111.533333,13.652500,2,0,0.018375,13.670875
3347,1111.566667,13.850333,2,0,0.019709,13.870042
3348,1111.600000,13.551750,2,0,0.021500,13.573250
3349,1111.633333,14.017792,2,0,0.017750,14.035542
3350,1111.666667,13.382125,2,0,0.019750,13.401875
3351,1111.700000,14.054208,2,0,0.018708,14.072916
3352,1111.733333,14.137000,2,0,0.019459,14.156459
3353,1111.766667,13.756417,2,0,0.018958,13.775375
3354,1111.800000,13.703875,2,0,0.017833,13.721708
3355,1111.833333,13.570875,2,0,0.014125,13.585000
3356,1111.866667,13.473416,2,0,0.018917,13.492333
3357,1111.900000,13.208583,2,0,0.014583,13.223166
3358,1111.933333,15.993209,2,0,0.007333,16.000542
3359,1111.966667,14.779208,2,0,0.007875,14.787083
3360,1112.000000,14.808417,2,0,0.007167,14.815584
3361,1112.033333,15.290958,2,0,0.009333,15.300291
3362,1112.066667,14.416042,2,0,0.012958,14.429000
3363,1112.100000,14.256583,2,0,0.021042,14.277625
3364,1112.133333,15.464666,2,0,0.014459,15.479125
3365,1112.166667,14.836042,2,0,0.015666,14.851708
3366,1112.200000,15.890667,2,0,0.019583,15.910250
3367,1112.233333,16.162417,2,0,0.017791,16.180208
3368,1112.266667,15.567792,2,0,0.022541,15.590333
3369,1112.300000,15.493250,2,0,0.018000,15.511250
3370,1112.333333,15.293708,2,0,0.006917,15.300625
3371,1112.366667,16.083708,2,0,0.015709,16.099417
3372,1112.400000,16.231333,2,0,0.019542,16.250875
3373,1112.433333,15.597958,2,0,0.018459,15.616417
3374,1112.466667,15.616750,2,0,0.007875,15.624625
3375,1112.500000,14.565709,2,0,0.022875,14.588584
3376,1112.533333,14.879833,2,0,0.020125,14.899958
3377,1112.566667,15.570458,2,0,0.016625,15.587083
3378,1112.600000,15.156792,2,0,0.007416,15.164208
3379,1112.633333,15.701083,2,0,0.018583,15.719666
3380,1112.666667,15.554417,2,0,0.019833,15.574250
3381,1112.700000,14.851292,2,0,0.008167,14.859459
3382,1112.733333,15.113000,2,0,0.018834,15.131834
3383,1112.766667,15.702708,2,0,0.019292,15.722000
3384,1112.800000,14.364375,2,0,0.007791,14.372166
3385,1112.833333,15.073750,2,0,0.022791,15.096541
3386,1112.866667,14.678875,2,0,0.007875,14.686750
3387,1112.900000,13.148375,2,0,0.006125,13.154500
3388,1112.933333,14.574209,2,0,0.020333,14.594542
3389,1112.966667,12.832500,2,0,0.008292,12.840792
3390,1113.000000,12.465917,2,0,0.006791,12.472708
3391,1113.033333,13.915000,2,0,0.005125,13.920125
3392,1113.066667,12.875458,2,0,0.006959,12.882417
3393,1113.100000,13.302750,2,0,0.015583,13.318333
3394,1113.133333,13.917209,2,0,0.019583,13.936792
3395,1113.166667,13.257542,2,0,0.009208,13.266750
3396,1113.200000,14.060666,2,0,0.019667,14.080333
3397,1113.233333,14.409209,2,0,0.020833,14.430042
3398,1113.266667,14.324459,2,0,0.012500,14.336959
3399,1113.300000,13.976500,2,0,0.025958,14.002458
3400,1113.333333,14.255417,2,0,0.018292,14.273709
3401,1113.366667,14.135667,2,0,0.009167,14.144834
3402,1113.400000,13.994625,2,0,0.018500,14.013125
3403,1113.433333,13.635375,2,0,0.018334,13.653709
3404,1113.466667,14.429291,2,0,0.015000,14.444291
3405,1113.500000,13.263458,2,0,0.010375,13.273833
3406,1113.533333,13.495334,2,0,0.019541,13.514875
3407,1113.566667,13.082209,2,0,0.019166,13.101375
3408,1113.600000,13.623541,2,0,0.010000,13.633541
3409,1113.633333,13.805917,2,0,0.008917,13.814834
3410,1113.666667,12.588750,2,0,0.021625,12.610375
3411,1113.700000,12.858584,2,0,0.017458,12.876042
3412,1113.733333,13.591042,2,0,0.019500,13.610542
3413,1113.766667,13.157709,2,0,0.012958,13.170667
3414,1113.800000,12.677083,2,0,0.017709,12.694792
3415,1113.833333,13.242458,2,0,0.006042,13.248500
3416,1113.866667,13.192291,2,0,0.019000,13.211291
3417,1113.900000,13.212709,2,0,0.018375,13.231084
3418,1113.933333,12.842458,2,0,0.051083,12.893541
3419,1113.966667,11.441250,2,0,0.008667,11.449917
3420,1114.000000,10.655000,2,0,0.007541,10.662541
3421,1114.033333,11.178125,2,0,0.009584,11.187709
3422,1114.066667,14.126083,2,0,0.006125,14.132208
3423,1114.100000,14.546208,2,0,0.023459,14.569667
3424,1114.133333,14.307041,2,0,0.020750,14.327791
3425,1114.166667,14.842292,2,0,0.008375,14.850667
3426,1114.200000,14.603958,2,0,0.016042,14.620000
3427,1114.233333,14.880541,2,0,0.016209,14.896750
3428,1114.266667,15.352375,2,0,0.017209,15.369584
3429,1114.300000,15.939500,2,0,0.010125,15.949625
3430,1114.333333,15.183792,2,0,0.020250,15.204042
3431,1114.366667,15.278750,2,0,0.018292,15.297042
3432,1114.400000,14.926084,2,0,0.017625,14.943709
3433,1114.433333,15.070416,2,0,0.016000,15.086416
3434,1114.466667,14.674833,2,0,0.016958,14.691791
3435,1114.500000,15.600583,2,0,0.028417,15.629000
3436,1114.533333,14.776666,2,0,0.018834,14.795500
3437,1114.566667,14.366125,2,0,0.015833,14.381958
3438,1114.600000,14.934208,2,0,0.018834,14.953042
3439,1114.633333,14.316459,2,0,0.015125,14.331584
3440,1114.666667,14.014583,2,0,0.009125,14.023708
3441,1114.700000,14.681167,2,0,0.016125,14.697292
3442,1114.733333,14.469541,2,0,0.024834,14.494375
3443,1114.766667,13.569125,2,0,0.016042,13.585167
3444,1114.800000,14.525708,2,0,0.016875,14.542583
3445,1114.833333,13.768083,2,0,0.024917,13.793000
3446,1114.866667,13.822000,2,0,0.016375,13.838375
3447,1114.900000,13.648708,2,0,0.017000,13.665708
3448,1114.933333,13.873333,2,0,0.015917,13.889250
3449,1114.966667,13.094542,2,0,0.011708,13.106250
3450,1115.000000,11.943459,2,0,0.007083,11.950542
3451,1115.033333,11.569166,2,0,0.007000,11.576166
3452,1115.066667,11.893459,2,0,0.006541,11.900000
3453,1115.100000,11.258584,2,0,0.009041,11.267625
3454,1115.133333,11.804833,2,0,0.022625,11.827458
3455,1115.166667,11.539708,2,0,0.008750,11.548458
3456,1115.200000,12.105542,2,0,0.019500,12.125042
3457,1115.233333,12.681000,2,0,0.019375,12.700375
3458,1115.266667,12.560834,2,0,0.017416,12.578250
3459,1115.300000,12.647584,2,0,0.021458,12.669042
3460,1115.333333,12.810584,2,0,0.015708,12.826292
3461,1115.366667,12.690208,2,0,0.017208,12.707416
3462,1115.400000,13.401333,2,0,0.043167,13.444500
3463,1115.433333,12.646750,2,0,0.017291,12.664041
3464,1115.466667,12.513250,2,0,0.012708,12.525958
3465,1115.500000,12.052875,2,0,0.011167,12.064042
3466,1115.533333,13.887625,2,0,0.015500,13.903125
3467,1115.566667,16.447500,2,0,0.016666,16.464166
3468,1115.600000,17.017792,2,0,0.008500,17.026292
3469,1115.633333,16.822166,2,0,0.015584,16.837750
3470,1115.666667,15.725458,2,0,0.007000,15.732458
3471,1115.700000,15.531667,2,0,0.008708,15.540375
3472,1115.733333,16.215500,2,0,0.012958,16.228458
3473,1115.766667,16.304375,2,0,0.015792,16.320167
3474,1115.800000,16.057500,2,0,0.008000,16.065500
3475,1115.833333,15.227333,2,0,0.015750,15.243083
3476,1115.866667,15.996584,2,0,0.035875,16.032459
3477,1115.900000,15.748167,2,0,0.022542,15.770709
3478,1115.933333,15.373333,2,0,0.018833,15.392166
3479,1115.966667,15.436667,2,0,0.020417,15.457084
3480,1116.000000,14.921417,2,0,0.008500,14.929917
3481,1116.033333,14.101541,2,0,0.005209,14.106750
3482,1116.066667,14.621083,2,0,0.007083,14.628166
3483,1116.100000,13.667083,2,0,0.009000,13.676083
3484,1116.133333,13.519208,2,0,0.015625,13.534833
3485,1116.166667,13.538167,2,0,0.016833,13.555000
3486,1116.200000,13.847334,2,0,0.020500,13.867834
3487,1116.233333,13.870916,2,0,0.005625,13.876541
3488,1116.266667,14.498333,2,0,0.017667,14.516000
3489,1116.300000,14.445167,2,0,0.005250,14.450417
3490,1116.333333,14.703792,2,0,0.018250,14.722042
3491,1116.366667,14.431334,2,0,0.013833,14.445167
3492,1116.400000,14.598792,2,0,0.009250,14.608042
3493,1116.433333,14.347083,2,0,0.013083,14.360166
3494,1116.466667,14.365208,2,0,0.021959,14.387167
3495,1116.500000,13.493250,2,0,0.018459,13.511709
3496,1116.533333,13.904417,2,0,0.020458,13.924875
3497,1116.566667,14.416791,2,0,0.017042,14.433833
3498,1116.600000,14.655375,2,0,0.018375,14.673750
3499,1116.633333,14.307208,2,0,0.031334,14.338542
3500,1116.666667,14.692709,2,0,0.009416,14.702125
3501,1116.700000,14.250375,2,0,0.013583,14.263958
3502,1116.733333,14.273500,2,0,0.015792,14.289292
3503,1116.766667,13.736458,2,0,0.016792,13.753250
3504,1116.800000,13.817834,2,0,0.015791,13.833625
3505,1116.833333,13.587041,2,0,0.008292,13.595333
3506,1116.866667,14.368625,2,0,0.021375,14.390000
3507,1116.900000,13.426666,2,0,0.021167,13.447833
3508,1116.933333,13.480542,2,0,0.028625,13.509167
3509,1116.966667,13.994000,2,0,0.016083,14.010083
3510,1117.000000,11.966167,2,0,0.005583,11.971750
3511,1117.033333,11.180125,2,0,0.012458,11.192583
3512,1117.066667,11.489958,2,0,0.007333,11.497291
3513,1117.100000,11.594833,2,0,0.010542,11.605375
3514,1117.133333,14.036000,2,0,0.005958,14.041958
3515,1117.166667,16.737000,2,0,0.018667,16.755667
3516,1117.200000,14.201459,2,0,0.022416,14.223875
3517,1117.233333,13.981042,2,0,0.012000,13.993042
3518,1117.266667,14.544292,2,0,0.015583,14.559875
3519,1117.300000,15.143583,2,0,0.019625,15.163208
3520,1117.333333,15.119417,2,0,0.017625,15.137042
3521,1117.366667,14.759875,2,0,0.005792,14.765667
3522,1117.400000,15.870708,2,0,0.017792,15.888500
3523,1117.433333,14.461125,2,0,0.064292,14.525417
3524,1117.466667,14.849083,2,0,0.016250,14.865333
3525,1117.500000,14.362167,2,0,0.009500,14.371667
3526,1117.533333,15.005250,2,0,0.016375,15.021625
3527,1117.566667,14.269667,2,0,0.020500,14.290167
3528,1117.600000,13.843417,2,0,0.005916,13.849333
3529,1117.633333,13.936792,2,0,0.019542,13.956334
3530,1117.666667,13.735917,2,0,0.016125,13.752042
3531,1117.700000,14.819458,2,0,0.021917,14.841375
3532,1117.733333,14.252667,2,0,0.016666,14.269333
3533,1117.766667,13.453750,2,0,0.006125,13.459875
3534,1117.800000,13.438333,2,0,0.015417,13.453750
3535,1117.833333,15.052333,2,0,0.009500,15.061833
3536,1117.866667,13.754125,2,0,0.023042,13.777167
3537,1117.900000,12.126334,2,0,0.006916,12.133250
3538,1117.933333,12.770084,2,0,0.021583,12.791667
3539,1117.966667,13.443916,2,0,0.015417,13.459333
3540,1118.000000,13.745458,2,0,0.016000,13.761458
3541,1118.033333,14.431459,2,0,0.009083,14.440542
3542,1118.066667,14.361084,2,0,0.004041,14.365125
3543,1118.100000,14.892500,2,0,0.009250,14.901750
3544,1118.133333,14.846875,2,0,0.011334,14.858209
3545,1118.166667,14.785917,2,0,0.006833,14.792750
3546,1118.200000,14.734334,2,0,0.056833,14.791167
3547,1118.233333,15.439042,2,0,0.014083,15.453125
3548,1118.266667,15.579083,2,0,0.018708,15.597791
3549,1118.300000,14.879125,2,0,0.017167,14.896292
3550,1118.333333,13.288708,2,0,0.046792,13.335500
3551,1118.366667,15.617708,2,0,0.016375,15.634083
3552,1118.400000,15.391750,2,0,0.015709,15.407459
3553,1118.433333,15.328000,2,0,0.023208,15.351208
3554,1118.466667,15.017541,2,0,0.017209,15.034750
3555,1118.500000,15.204708,2,0,0.022500,15.227208
3556,1118.533333,14.699250,2,0,0.009708,14.708958
3557,1118.566667,14.249625,2,0,0.017750,14.267375
3558,1118.600000,13.914583,2,0,0.008375,13.922958
3559,1118.633333,14.742167,2,0,0.008208,14.750375
3560,1118.666667,13.700375,2,0,0.018750,13.719125
3561,1118.700000,13.864208,2,0,0.015084,13.879292
3562,1118.733333,13.780042,2,0,0.007375,13.787417
3563,1118.766667,13.940666,2,0,0.017292,13.957958
3564,1118.800000,14.139250,2,0,0.016083,14.155333
3565,1118.833333,14.430209,2,0,0.014500,14.444709
3566,1118.866667,13.626667,2,0,0.007667,13.634334
3567,1118.900000,13.433541,2,0,0.008084,13.441625
3568,1118.933333,13.801958,2,0,0.032458,13.834416
3569,1118.966667,14.997750,2,0,0.008584,15.006334
3570,1119.000000,16.220584,2,0,0.020833,16.241417
3571,1119.033333,14.823417,2,0,0.008833,14.832250
3572,1119.066667,13.691417,2,0,0.008333,13.699750
3573,1119.100000,14.487791,2,0,0.009500,14.497291
3574,1119.133333,13.604375,2,0,0.008791,13.613166
3575,1119.166667,13.354208,2,0,0.006917,13.361125
3576,1119.200000,13.668916,2,0,0.009042,13.677958
3577,1119.233333,13.602250,2,0,0.005000,13.607250
3578,1119.266667,13.299917,2,0,0.008500,13.308417
3579,1119.300000,13.707750,2,0,0.008083,13.715833
3580,1119.333333,13.204333,2,0,0.009917,13.214250
3581,1119.366667,12.861833,2,0,0.009958,12.871791
3582,1119.400000,12.856583,2,0,0.017209,12.873792
3583,1119.433333,14.081500,2,0,0.019292,14.100792
3584,1119.466667,13.159917,2,0,0.017083,13.177000
3585,1119.500000,13.854750,2,0,0.030750,13.885500
3586,1119.533333,16.003375,2,0,0.025417,16.028792
3587,1119.566667,13.942875,2,0,0.017334,13.960209
3588,1119.600000,13.214333,2,0,0.018750,13.233083
3589,1119.633333,14.565875,2,0,0.007959,14.573834
3590,1119.666667,13.517416,2,0,0.017209,13.534625
3591,1119.700000,14.039833,2,0,0.017708,14.057541
3592,1119.733333,13.520833,2,0,0.011125,13.531958
3593,1119.766667,13.572000,2,0,0.009208,13.581208
3594,1119.800000,13.262041,2,0,0.029125,13.291166
3595,1119.833333,12.669791,2,0,0.016625,12.686416
3596,1119.866667,13.166291,2,0,0.019709,13.186000
3597,1119.900000,12.972584,2,0,0.018625,12.991209
3598,1119.933333,13.417709,2,0,0.014500,13.432209
3599,1119.966667,13.679709,2,0,0.019083,13.698792
3600,1120.000000,12.371000,2,0,0.010292,12.381292
3601,1120.033333,11.562250,2,0,0.008250,11.570500
3602,1120.066667,10.846459,2,0,0.004625,10.851084
3603,1120.100000,11.119541,2,0,0.008167,11.127708
3604,1120.133333,11.208709,2,0,0.006875,11.215584
3605,1120.166667,10.543125,2,0,0.013917,10.557042
3606,1120.200000,10.760417,2,0,0.023958,10.784375
3607,1120.233333,11.003750,2,0,0.021250,11.025000
3608,1120.266667,11.536291,2,0,0.018959,11.555250
3609,1120.300000,12.344125,2,0,0.019541,12.363666
3610,1120.333333,13.017583,2,0,0.024833,13.042416
3611,1120.366667,15.634458,2,0,0.017709,15.652167
3612,1120.400000,16.845708,2,0,0.019583,16.865291
3613,1120.433333,15.771083,2,0,0.006750,15.777833
3614,1120.466667,16.363292,2,0,0.019458,16.382750
3615,1120.500000,16.090959,2,0,0.004833,16.095792
3616,1120.533333,15.745250,2,0,0.020834,15.766084
3617,1120.566667,15.786542,2,0,0.022708,15.809250
3618,1120.600000,15.093875,2,0,0.017292,15.111167
3619,1120.633333,15.627542,2,0,0.014041,15.641583
3620,1120.666667,15.790625,2,0,0.019625,15.810250
3621,1120.700000,15.163417,2,0,0.017375,15.180792
3622,1120.733333,15.665041,2,0,0.016417,15.681458
3623,1120.766667,16.046042,2,0,0.008083,16.054125
3624,1120.800000,15.817625,2,0,0.016667,15.834292
3625,1120.833333,15.330958,2,0,0.018209,15.349167
3626,1120.866667,16.115042,2,0,0.016625,16.131667
3627,1120.900000,15.544667,2,0,0.009000,15.553667
3628,1120.933333,15.174666,2,0,0.019875,15.194541
3629,1120.966667,15.040958,2,0,0.011792,15.052750
3630,1121.000000,14.339000,2,0,0.010042,14.349042
3631,1121.033333,13.796500,2,0,0.012583,13.809083
3632,1121.066667,13.257708,2,0,0.007417,13.265125
3633,1121.100000,13.630042,2,0,0.003458,13.633500
3634,1121.133333,12.838542,2,0,0.008041,12.846583
3635,1121.166667,13.036041,2,0,0.009084,13.045125
3636,1121.200000,12.593792,2,0,0.026333,12.620125
3637,1121.233333,13.795292,2,0,0.038542,13.833834
3638,1121.266667,13.452708,2,0,0.018084,13.470792
3639,1121.300000,13.168041,2,0,0.011667,13.179708
3640,1121.333333,14.680375,2,0,0.010458,14.690833
3641,1121.366667,13.713958,2,0,0.017542,13.731500
3642,1121.400000,14.250708,2,0,0.016792,14.267500
3643,1121.433333,14.981167,2,0,0.018083,14.999250
3644,1121.466667,14.185916,2,0,0.022834,14.208750
3645,1121.500000,14.187334,2,0,0.013416,14.200750
3646,1121.533333,13.616375,2,0,0.018875,13.635250
3647,1121.566667,13.963959,2,0,0.021750,13.985709
3648,1121.600000,14.179834,2,0,0.008375,14.188209
3649,1121.633333,13.691708,2,0,0.007333,13.699041
3650,1121.666667,14.346208,2,0,0.017084,14.363292
3651,1121.700000,14.521167,2,0,0.019333,14.540500
3652,1121.733333,13.804208,2,0,0.015458,13.819666
3653,1121.766667,14.401667,2,0,0.028541,14.430208
3654,1121.800000,13.713542,2,0,0.016125,13.729667
3655,1121.833333,13.892750,2,0,0.017958,13.910708
3656,1121.866667,14.387291,2,0,0.006250,14.393541
3657,1121.900000,14.077416,2,0,0.019417,14.096833
3658,1121.933333,14.039417,2,0,0.018792,14.058209
3659,1121.966667,13.486959,2,0,0.017541,13.504500
3660,1122.000000,13.739792,2,0,0.009208,13.749000
3661,1122.033333,14.165125,2,0,0.005583,14.170708
3662,1122.066667,11.849166,2,0,0.004959,11.854125
3663,1122.100000,11.371000,2,0,0.005834,11.376834
3664,1122.133333,11.436167,2,0,0.007125,11.443292
3665,1122.166667,11.835166,2,0,0.006584,11.841750
3666,1122.200000,11.251541,2,0,0.007584,11.259125
3667,1122.233333,11.493041,2,0,0.013709,11.506750
3668,1122.266667,11.603292,2,0,0.017166,11.620458
3669,1122.300000,12.947959,2,0,0.019333,12.967292
3670,1122.333333,14.366458,2,0,0.015542,14.382000
3671,1122.366667,15.981333,2,0,0.016958,15.998291
3672,1122.400000,16.248459,2,0,0.019791,16.268250
3673,1122.433333,15.758791,2,0,0.018917,15.777708
3674,1122.466667,15.699292,2,0,0.020125,15.719417
3675,1122.500000,15.147792,2,0,0.008333,15.156125
3676,1122.533333,15.788416,2,0,0.018667,15.807083
3677,1122.566667,14.721375,2,0,0.009667,14.731042
3678,1122.600000,15.293583,2,0,0.018792,15.312375
3679,1122.633333,14.929958,2,0,0.017667,14.947625
3680,1122.666667,15.376708,2,0,0.006167,15.382875
3681,1122.700000,15.464584,2,0,0.018125,15.482709
3682,1122.733333,14.894583,2,0,0.016292,14.910875
3683,1122.766667,15.340417,2,0,0.018833,15.359250
3684,1122.800000,14.938834,2,0,0.016791,14.955625
3685,1122.833333,14.509417,2,0,0.009583,14.519000
3686,1122.866667,15.104250,2,0,0.020209,15.124459
3687,1122.900000,13.744375,2,0,0.005375,13.749750
3688,1122.933333,13.960917,2,0,0.016291,13.977208
3689,1122.966667,14.628875,2,0,0.019083,14.647958
3690,1123.000000,14.961250,2,0,0.017709,14.978959
3691,1123.033333,14.288084,2,0,0.007666,14.295750
3692,1123.066667,12.731000,2,0,0.005708,12.736708
3693,1123.100000,12.624833,2,0,0.006084,12.630917
3694,1123.133333,15.185542,2,0,0.006750,15.192292
3695,1123.166667,12.984583,2,0,0.009042,12.993625
3696,1123.200000,12.407958,2,0,0.005292,12.413250
3697,1123.233333,12.444458,2,0,0.010292,12.454750
3698,1123.266667,12.584458,2,0,0.018750,12.603208
3699,1123.300000,13.038292,2,0,0.019541,13.057833
3700,1123.333333,14.448500,2,0,0.018333,14.466833
3701,1123.366667,13.922500,2,0,0.010125,13.932625
3702,1123.400000,14.283333,2,0,0.015209,14.298542
3703,1123.433333,13.687083,2,0,0.017334,13.704417
3704,1123.466667,13.740417,2,0,0.018292,13.758709
3705,1123.500000,13.936834,2,0,0.010500,13.947334
3706,1123.533333,13.151041,2,0,0.007417,13.158458
3707,1123.566667,15.005833,2,0,0.019542,15.025375
3708,1123.600000,14.120625,2,0,0.018959,14.139584
3709,1123.633333,13.932292,2,0,0.015833,13.948125
3710,1123.666667,13.790000,2,0,0.016208,13.806208
3711,1123.700000,14.265333,2,0,0.023750,14.289083
3712,1123.733333,13.847208,2,0,0.006667,13.853875
3713,1123.766667,13.767916,2,0,0.014709,13.782625
3714,1123.800000,13.919083,2,0,0.019000,13.938083
3715,1123.833333,13.520917,2,0,0.004917,13.525834
3716,1123.866667,13.674208,2,0,0.017458,13.691666
3717,1123.900000,14.183125,2,0,0.007458,14.190583
3718,1123.933333,14.426084,2,0,0.020041,14.446125
3719,1123.966667,13.757542,2,0,0.012042,13.769584
3720,1124.000000,14.552000,2,0,0.019792,14.571792
3721,1124.033333,14.202792,2,0,0.018417,14.221209
3722,1124.066667,12.225959,2,0,0.008333,12.234292
3723,1124.100000,11.376750,2,0,0.006584,11.383334
3724,1124.133333,12.127750,2,0,0.007500,12.135250
3725,1124.166667,12.096500,2,0,0.005125,12.101625
3726,1124.200000,11.069666,2,0,0.008917,11.078583
3727,1124.233333,11.561083,2,0,0.010042,11.571125
3728,1124.266667,11.246125,2,0,0.005541,11.251666
3729,1124.300000,11.593583,2,0,0.013584,11.607167
3730,1124.333333,12.806292,2,0,0.008292,12.814584
3731,1124.366667,13.600792,2,0,0.026958,13.627750
3732,1124.400000,13.298667,2,0,0.012042,13.310709
3733,1124.433333,13.749792,2,0,0.017333,13.767125
3734,1124.466667,13.216458,2,0,0.021167,13.237625
3735,1124.500000,12.860042,2,0,0.009750,12.869792
3736,1124.533333,12.401834,2,0,0.017500,12.419334
3737,1124.566667,13.731292,2,0,0.010708,13.742000
3738,1124.600000,12.786292,2,0,0.014208,12.800500
3739,1124.633333,13.685291,2,0,0.015709,13.701000
3740,1124.666667,13.512458,2,0,0.006750,13.519208
3741,1124.700000,12.866167,2,0,0.015041,12.881208
3742,1124.733333,13.566458,2,0,0.018625,13.585083
3743,1124.766667,13.147834,2,0,0.009375,13.157209
3744,1124.800000,13.308208,2,0,0.019583,13.327791
3745,1124.833333,13.649958,2,0,0.015167,13.665125
3746,1124.866667,13.930125,2,0,0.013166,13.943291
3747,1124.900000,14.213833,2,0,0.006000,14.219833
3748,1124.933333,17.592083,2,0,0.020792,17.612875
3749,1124.966667,16.053709,2,0,0.017208,16.070917
3750,1125.000000,16.678250,2,0,0.018792,16.697042
3751,1125.033333,16.139833,2,0,0.019625,16.159458
3752,1125.066667,15.588709,2,0,0.013666,15.602375
3753,1125.100000,13.820542,2,0,0.006083,13.826625
3754,1125.133333,14.574000,2,0,0.007125,14.581125
3755,1125.166667,14.485917,2,0,0.008250,14.494167
3756,1125.200000,14.239208,2,0,0.005375,14.244583
3757,1125.233333,14.215917,2,0,0.004500,14.220417
3758,1125.266667,14.328583,2,0,0.010000,14.338583
3759,1125.300000,13.921250,2,0,0.020666,13.941916
3760,1125.333333,14.556875,2,0,0.017542,14.574417
3761,1125.366667,15.496875,2,0,0.010583,15.507458
3762,1125.400000,16.288417,2,0,0.018583,16.307000
3763,1125.433333,15.591166,2,0,0.016834,15.608000
3764,1125.466667,15.893709,2,0,0.017916,15.911625
3765,1125.500000,15.247292,2,0,0.025833,15.273125
3766,1125.533333,15.148084,2,0,0.020458,15.168542
3767,1125.566667,16.355209,2,0,0.019208,16.374417
3768,1125.600000,15.382125,2,0,0.009792,15.391917
3769,1125.633333,15.830667,2,0,0.018375,15.849042
3770,1125.666667,15.353708,2,0,0.008292,15.362000
3771,1125.700000,15.233542,2,0,0.022792,15.256334
3772,1125.733333,15.185750,2,0,0.018292,15.204042
3773,1125.766667,15.127625,2,0,0.017917,15.145542
3774,1125.800000,15.602500,2,0,0.009083,15.611583
3775,1125.833333,15.085291,2,0,0.014084,15.099375
3776,1125.866667,16.091291,2,0,0.016000,16.107291
3777,1125.900000,15.882250,2,0,0.017167,15.899417
3778,1125.933333,15.304583,2,0,0.019959,15.324542
3779,1125.966667,14.986667,2,0,0.018292,15.004959
3780,1126.000000,15.271667,2,0,0.018125,15.289792
3781,1126.033333,15.230083,2,0,0.019083,15.249166
3782,1126.066667,15.632291,2,0,0.016584,15.648875
3783,1126.100000,13.874708,2,0,0.005084,13.879792
3784,1126.133333,13.230625,2,0,0.006833,13.237458
3785,1126.166667,13.381333,2,0,0.007417,13.388750
3786,1126.200000,13.153583,2,0,0.006875,13.160458
3787,1126.233333,13.682458,2,0,0.007209,13.689667
3788,1126.266667,13.753750,2,0,0.008500,13.762250
3789,1126.300000,13.680875,2,0,0.018750,13.699625
3790,1126.333333,13.720875,2,0,0.022417,13.743292
3791,1126.366667,14.857209,2,0,0.020416,14.877625
3792,1126.400000,14.952250,2,0,0.017041,14.969291
3793,1126.433333,14.862042,2,0,0.018291,14.880333
3794,1126.466667,15.639333,2,0,0.018167,15.657500
3795,1126.500000,15.405708,2,0,0.018667,15.424375
3796,1126.533333,15.031750,2,0,0.015333,15.047083
3797,1126.566667,14.827209,2,0,0.019333,14.846542
3798,1126.600000,15.084917,2,0,0.025208,15.110125
3799,1126.633333,14.172083,2,0,0.017083,14.189166
3800,1126.666667,15.220958,2,0,0.008833,15.229791
3801,1126.700000,14.897041,2,0,0.022125,14.919166
3802,1126.733333,14.171750,2,0,0.018958,14.190708
3803,1126.766667,15.200167,2,0,0.017542,15.217709
3804,1126.800000,14.459000,2,0,0.006750,14.465750
3805,1126.833333,13.875833,2,0,0.019292,13.895125
3806,1126.866667,14.914125,2,0,0.018334,14.932459
3807,1126.900000,14.437625,2,0,0.014042,14.451667
3808,1126.933333,14.592917,2,0,0.012666,14.605583
3809,1126.966667,15.507167,2,0,0.019792,15.526959
3810,1127.000000,15.013750,2,0,0.018125,15.031875
3811,1127.033333,14.375417,2,0,0.017625,14.393042
3812,1127.066667,15.312000,2,0,0.018709,15.330709
3813,1127.100000,13.726041,2,0,0.009667,13.735708
3814,1127.133333,12.075958,2,0,0.005542,12.081500
3815,1127.166667,12.721834,2,0,0.008458,12.730292
3816,1127.200000,12.786166,2,0,0.006084,12.792250
3817,1127.233333,12.265708,2,0,0.006333,12.272041
3818,1127.266667,12.329250,2,0,0.020375,12.349625
3819,1127.300000,12.612959,2,0,0.016375,12.629334
3820,1127.333333,13.905000,2,0,0.018625,13.923625
3821,1127.366667,14.357041,2,0,0.016334,14.373375
3822,1127.400000,13.998459,2,0,0.006291,14.004750
3823,1127.433333,14.482708,2,0,0.034750,14.517458
3824,1127.466667,14.663833,2,0,0.019667,14.683500
3825,1127.500000,14.003041,2,0,0.006959,14.010000
3826,1127.533333,14.170792,2,0,0.017083,14.187875
3827,1127.566667,14.299041,2,0,0.016834,14.315875
3828,1127.600000,13.758584,2,0,0.016458,13.775042
3829,1127.633333,13.727917,2,0,0.008708,13.736625
3830,1127.666667,14.638458,2,0,0.019250,14.657708
3831,1127.700000,14.942500,2,0,0.016416,14.958916
3832,1127.733333,15.771083,2,0,0.012500,15.783583
3833,1127.766667,16.265917,2,0,0.008167,16.274084
3834,1127.800000,15.602041,2,0,0.008792,15.610833
3835,1127.833333,15.292042,2,0,0.009625,15.301667
3836,1127.866667,15.935042,2,0,0.019041,15.954083
3837,1127.900000,15.131916,2,0,0.015084,15.147000
3838,1127.933333,14.848292,2,0,0.005416,14.853708
3839,1127.966667,14.990167,2,0,0.018916,15.009083
3840,1128.000000,14.888291,2,0,0.016875,14.905166
3841,1128.033333,15.024083,2,0,0.023834,15.047917
3842,1128.066667,15.080250,2,0,0.029208,15.109458
3843,1128.100000,14.956792,2,0,0.015417,14.972209
3844,1128.133333,13.791292,2,0,0.005500,13.796792
3845,1128.166667,14.136417,2,0,0.005083,14.141500
3846,1128.200000,14.081792,2,0,0.007792,14.089584
3847,1128.233333,13.437833,2,0,0.006209,13.444042
3848,1128.266667,14.166958,2,0,0.010042,14.177000
3849,1128.300000,13.504000,2,0,0.010583,13.514583
3850,1128.333333,13.211333,2,0,0.015292,13.226625
3851,1128.366667,14.205625,2,0,0.019500,14.225125
3852,1128.400000,15.273667,2,0,0.022167,15.295834
3853,1128.433333,14.437875,2,0,0.018541,14.456416
3854,1128.466667,15.382792,2,0,0.016917,15.399709
3855,1128.500000,17.289791,2,0,0.016292,17.306083
3856,1128.533333,13.996750,2,0,0.013833,14.010583
3857,1128.566667,14.278750,2,0,0.018500,14.297250
3858,1128.600000,15.353291,2,0,0.006375,15.359666
3859,1128.633333,15.047834,2,0,0.020125,15.067959
3860,1128.666667,14.883500,2,0,0.020875,14.904375
3861,1128.700000,14.732000,2,0,0.018167,14.750167
3862,1128.733333,14.970875,2,0,0.021417,14.992292
3863,1128.766667,15.061625,2,0,0.016458,15.078083
3864,1128.800000,14.987917,2,0,0.011958,14.999875
3865,1128.833333,15.548666,2,0,0.022667,15.571333
3866,1128.866667,14.854292,2,0,0.012875,14.867167
3867,1128.900000,15.913792,2,0,0.018583,15.932375
3868,1128.933333,15.329792,2,0,0.016542,15.346334
3869,1128.966667,14.537542,2,0,0.018250,14.555792
3870,1129.000000,14.720583,2,0,0.015458,14.736041
3871,1129.033333,15.212500,2,0,0.023042,15.235542
3872,1129.066667,15.245708,2,0,0.019709,15.265417
3873,1129.100000,14.788583,2,0,0.017250,14.805833
3874,1129.133333,13.247458,2,0,0.006042,13.253500
3875,1129.166667,13.457959,2,0,0.007208,13.465167
3876,1129.200000,13.218542,2,0,0.007000,13.225542
3877,1129.233333,13.005166,2,0,0.005000,13.010166
3878,1129.266667,13.245375,2,0,0.005667,13.251042
3879,1129.300000,12.957250,2,0,0.010833,12.968083
3880,1129.333333,13.509875,2,0,0.017834,13.527709
3881,1129.366667,13.867500,2,0,0.016625,13.884125
3882,1129.400000,14.069625,2,0,0.007917,14.077542
3883,1129.433333,15.234042,2,0,0.018375,15.252417
3884,1129.466667,15.148875,2,0,0.018666,15.167541
3885,1129.500000,15.024709,2,0,0.010416,15.035125
3886,1129.533333,14.912875,2,0,0.015916,14.928791
3887,1129.566667,14.229625,2,0,0.029833,14.259458
3888,1129.600000,14.294375,2,0,0.053750,14.348125
3889,1129.633333,14.155500,2,0,0.009458,14.164958
3890,1129.666667,15.322292,2,0,0.019333,15.341625
3891,1129.700000,14.925292,2,0,0.018833,14.944125
3892,1129.733333,14.624541,2,0,0.017500,14.642041
3893,1129.766667,15.399667,2,0,0.018708,15.418375
3894,1129.800000,14.285958,2,0,0.014250,14.300208
3895,1129.833333,14.702042,2,0,0.008708,14.710750
3896,1129.866667,14.764125,2,0,0.013042,14.777167
3897,1129.900000,15.109208,2,0,0.016542,15.125750
3898,1129.933333,14.482958,2,0,0.008083,14.491041
3899,1129.966667,14.782833,2,0,0.020042,14.802875
3900,1130.000000,14.351000,2,0,0.006750,14.357750
3901,1130.033333,15.127541,2,0,0.022209,15.149750
3902,1130.066667,15.547417,2,0,0.018125,15.565542
3903,1130.100000,14.717833,2,0,0.018417,14.736250
3904,1130.133333,13.566000,2,0,0.011083,13.577083
3905,1130.166667,14.949791,2,0,0.008125,14.957916
3906,1130.200000,12.945083,2,0,0.010250,12.955333
3907,1130.233333,12.709125,2,0,0.008458,12.717583
3908,1130.266667,13.439000,2,0,0.008875,13.447875
3909,1130.300000,12.847916,2,0,0.009375,12.857291
3910,1130.333333,12.397083,2,0,0.021167,12.418250
3911,1130.366667,12.873666,2,0,0.017292,12.890958
3912,1130.400000,14.176250,2,0,0.008750,14.185000
3913,1130.433333,14.444750,2,0,0.008959,14.453709
3914,1130.466667,14.402417,2,0,0.015833,14.418250
3915,1130.500000,14.272084,2,0,0.012458,14.284542
3916,1130.533333,14.459500,2,0,0.028958,14.488458
3917,1130.566667,13.615333,2,0,0.019042,13.634375
3918,1130.600000,14.298667,2,0,0.029500,14.328167
3919,1130.633333,14.142959,2,0,0.024416,14.167375
3920,1130.666667,13.853417,2,0,0.015375,13.868792
3921,1130.700000,14.000292,2,0,0.021500,14.021792
3922,1130.733333,14.822708,2,0,0.018459,14.841167
3923,1130.766667,15.302709,2,0,0.011833,15.314542
3924,1130.800000,16.980792,2,0,0.016250,16.997042
3925,1130.833333,17.575375,2,0,0.019042,17.594417
3926,1130.866667,16.867458,2,0,0.019334,16.886792
3927,1130.900000,16.208833,2,0,0.019375,16.228208
3928,1130.933333,16.435375,2,0,0.018500,16.453875
3929,1130.966667,15.652959,2,0,0.012958,15.665917
3930,1131.000000,16.588917,2,0,0.011375,16.600292
3931,1131.033333,15.975583,2,0,0.006917,15.982500
3932,1131.066667,17.017208,2,0,0.020084,17.037292
3933,1131.100000,15.876375,2,0,0.018750,15.895125
3934,1131.133333,16.289959,2,0,0.018125,16.308084
3935,1131.166667,14.902458,2,0,0.004833,14.907291
3936,1131.200000,14.614125,2,0,0.009292,14.623417
3937,1131.233333,14.616625,2,0,0.007833,14.624458
3938,1131.266667,14.323750,2,0,0.007958,14.331708
3939,1131.300000,14.638000,2,0,0.007959,14.645959
3940,1131.333333,14.108375,2,0,0.008125,14.116500
3941,1131.366667,14.027083,2,0,0.016084,14.043167
3942,1131.400000,15.143750,2,0,0.016750,15.160500
3943,1131.433333,15.845125,2,0,0.017583,15.862708
3944,1131.466667,15.888041,2,0,0.019250,15.907291
3945,1131.500000,15.005333,2,0,0.022125,15.027458
3946,1131.533333,15.057042,2,0,0.010667,15.067709
3947,1131.566667,15.927208,2,0,0.026292,15.953500
3948,1131.600000,15.497291,2,0,0.026542,15.523833
3949,1131.633333,15.456792,2,0,0.009792,15.466584
3950,1131.666667,14.561958,2,0,0.022167,14.584125
3951,1131.700000,14.487667,2,0,0.022875,14.510542
3952,1131.733333,14.915500,2,0,0.031500,14.947000
3953,1131.766667,15.818583,2,0,0.021250,15.839833
3954,1131.800000,15.628750,2,0,0.018791,15.647541
3955,1131.833333,15.184250,2,0,0.016500,15.200750
3956,1131.866667,15.470583,2,0,0.014459,15.485042
3957,1131.900000,14.669500,2,0,0.016250,14.685750
3958,1131.933333,14.909542,2,0,0.007875,14.917417
3959,1131.966667,14.950708,2,0,0.021625,14.972333
3960,1132.000000,14.532500,2,0,0.019875,14.552375
3961,1132.033333,15.251833,2,0,0.019375,15.271208
3962,1132.066667,14.913208,2,0,0.021042,14.934250
3963,1132.100000,14.934333,2,0,0.011792,14.946125
3964,1132.133333,15.219000,2,0,0.009208,15.228208
3965,1132.166667,13.465708,2,0,0.008084,13.473792
3966,1132.200000,14.870250,2,0,0.093417,14.963667
3967,1132.233333,13.290209,2,0,0.008583,13.298792
3968,1132.266667,12.699917,2,0,0.006500,12.706417
3969,1132.300000,13.179917,2,0,0.010375,13.190292
3970,1132.333333,12.792167,2,0,0.005583,12.797750
3971,1132.366667,13.372292,2,0,0.026167,13.398459
3972,1132.400000,13.811625,2,0,0.008209,13.819834
3973,1132.433333,14.221916,2,0,0.010125,14.232041
3974,1132.466667,13.936250,2,0,0.021125,13.957375
3975,1132.500000,13.809292,2,0,0.015958,13.825250
3976,1132.533333,14.122333,2,0,0.007500,14.129833
3977,1132.566667,14.564500,2,0,0.006750,14.571250
3978,1132.600000,17.381292,2,0,0.007542,17.388834
3979,1132.633333,16.577000,2,0,0.013541,16.590541
3980,1132.666667,16.595125,2,0,0.020000,16.615125
3981,1132.700000,15.901625,2,0,0.005291,15.906916
3982,1132.733333,16.421167,2,0,0.018375,16.439542
3983,1132.766667,15.934833,2,0,0.016542,15.951375
3984,1132.800000,16.825041,2,0,0.013292,16.838333
3985,1132.833333,15.560209,2,0,0.010583,15.570792
3986,1132.866667,16.202750,2,0,0.019750,16.222500
3987,1132.900000,14.592291,2,0,0.009459,14.601750
3988,1132.933333,15.340041,2,0,0.020542,15.360583
3989,1132.966667,15.737833,2,0,0.009625,15.747458
3990,1133.000000,15.285917,2,0,0.054208,15.340125
3991,1133.033333,16.337708,2,0,0.018167,16.355875
3992,1133.066667,15.569292,2,0,0.018208,15.587500
3993,1133.100000,16.038667,2,0,0.023917,16.062584
3994,1133.133333,15.518750,2,0,0.007291,15.526041
3995,1133.166667,15.395625,2,0,0.007666,15.403291
3996,1133.200000,14.898958,2,0,0.007792,14.906750
3997,1133.233333,14.135291,2,0,0.006334,14.141625
3998,1133.266667,14.372625,2,0,0.004209,14.376834
3999,1133.300000,14.878750,2,0,0.008375,14.887125
4000,1133.333333,14.255708,2,0,0.021000,14.276708
4001,1133.366667,14.408875,2,0,0.017083,14.425958
4002,1133.400000,15.769792,2,0,0.020625,15.790417
4003,1133.433333,14.978084,2,0,0.028500,15.006584
4004,1133.466667,15.432042,2,0,0.020167,15.452209
4005,1133.500000,15.203667,2,0,0.017875,15.221542
4006,1133.533333,15.747000,2,0,0.020750,15.767750
4007,1133.566667,15.678375,2,0,0.020000,15.698375
4008,1133.600000,15.660792,2,0,0.016291,15.677083
4009,1133.633333,15.689708,2,0,0.011583,15.701291
4010,1133.666667,15.828334,2,0,0.019625,15.847959
4011,1133.700000,15.021834,2,0,0.016541,15.038375
4012,1133.733333,14.949459,2,0,0.004958,14.954417
4013,1133.766667,16.270667,2,0,0.010250,16.280917
4014,1133.800000,15.150250,2,0,0.022417,15.172667
4015,1133.833333,14.778416,2,0,0.016834,14.795250
4016,1133.866667,14.985125,2,0,0.017125,15.002250
4017,1133.900000,15.613667,2,0,0.021500,15.635167
4018,1133.933333,14.922625,2,0,0.007625,14.930250
4019,1133.966667,16.057292,2,0,0.013125,16.070417
4020,1134.000000,15.222667,2,0,0.011458,15.234125
4021,1134.033333,15.108584,2,0,0.016541,15.125125
4022,1134.066667,15.810083,2,0,0.019084,15.829167
4023,1134.100000,14.554166,2,0,0.006334,14.560500
4024,1134.133333,15.356958,2,0,0.015584,15.372542
4025,1134.166667,15.225500,2,0,0.007583,15.233083
4026,1134.200000,13.412625,2,0,0.008583,13.421208
4027,1134.233333,13.125917,2,0,0.006042,13.131959
4028,1134.266667,13.199834,2,0,0.011166,13.211000
4029,1134.300000,13.214500,2,0,0.006917,13.221417
4030,1134.333333,13.248375,2,0,0.026333,13.274708
4031,1134.366667,13.488708,2,0,0.015458,13.504166
4032,1134.400000,13.705709,2,0,0.015791,13.721500
4033,1134.433333,15.302334,2,0,0.018750,15.321084
4034,1134.466667,16.397834,2,0,0.020000,16.417834
4035,1134.500000,15.030541,2,0,0.007875,15.038416
4036,1134.533333,15.750667,2,0,0.019125,15.769792
4037,1134.566667,16.115250,2,0,0.020750,16.136000
4038,1134.600000,15.641000,2,0,0.018083,15.659083
4039,1134.633333,16.804041,2,0,0.008375,16.812416
4040,1134.666667,15.745375,2,0,0.018875,15.764250
4041,1134.700000,15.981000,2,0,0.021584,16.002584
4042,1134.733333,15.375958,2,0,0.019375,15.395333
4043,1134.766667,16.070375,2,0,0.007958,16.078333
4044,1134.800000,15.012792,2,0,0.006625,15.019417
4045,1134.833333,14.947000,2,0,0.016750,14.963750
4046,1134.866667,15.909042,2,0,0.038167,15.947209
4047,1134.900000,15.995459,2,0,0.017958,16.013417
4048,1134.933333,15.782084,2,0,0.018541,15.800625
4049,1134.966667,15.292541,2,0,0.010500,15.303041
4050,1135.000000,15.760542,2,0,0.008041,15.768583
4051,1135.033333,15.034208,2,0,0.008083,15.042291
4052,1135.066667,15.236417,2,0,0.019333,15.255750
4053,1135.100000,15.286333,2,0,0.017167,15.303500
4054,1135.133333,15.935125,2,0,0.019125,15.954250
4055,1135.166667,15.067208,2,0,0.008292,15.075500
4056,1135.200000,13.917292,2,0,0.007500,13.924792
4057,1135.233333,13.909333,2,0,0.006375,13.915708
4058,1135.266667,12.976958,2,0,0.006167,12.983125
4059,1135.300000,13.118542,2,0,0.009542,13.128084
4060,1135.333333,13.460250,2,0,0.011250,13.471500
4061,1135.366667,13.314375,2,0,0.019208,13.333583
4062,1135.400000,13.953375,2,0,0.006917,13.960292
4063,1135.433333,14.556209,2,0,0.007875,14.564084
4064,1135.466667,15.263959,2,0,0.019833,15.283792
4065,1135.500000,14.551500,2,0,0.015958,14.567458
4066,1135.533333,15.392167,2,0,0.022083,15.414250
4067,1135.566667,13.855792,2,0,0.022333,13.878125
4068,1135.600000,14.604208,2,0,0.064042,14.668250
4069,1135.633333,14.363209,2,0,0.019500,14.382709
4070,1135.666667,15.275833,2,0,0.005833,15.281666
4071,1135.700000,14.906584,2,0,0.019541,14.926125
4072,1135.733333,14.987417,2,0,0.018917,15.006334
4073,1135.766667,14.698250,2,0,0.018542,14.716792
4074,1135.800000,14.496542,2,0,0.008875,14.505417
4075,1135.833333,14.783291,2,0,0.015959,14.799250
4076,1135.866667,14.869792,2,0,0.016375,14.886167
4077,1135.900000,14.022959,2,0,0.044416,14.067375
4078,1135.933333,14.889750,2,0,0.020083,14.909833
4079,1135.966667,14.236541,2,0,0.020417,14.256958
4080,1136.000000,14.944500,2,0,0.015917,14.960417
4081,1136.033333,15.227750,2,0,0.022459,15.250209
4082,1136.066667,14.499958,2,0,0.018250,14.518208
4083,1136.100000,14.510125,2,0,0.020375,14.530500
4084,1136.133333,14.230625,2,0,0.036875,14.267500
4085,1136.166667,14.980208,2,0,0.019417,14.999625
4086,1136.200000,13.826542,2,0,0.007625,13.834167
4087,1136.233333,15.110583,2,0,0.009250,15.119833
4088,1136.266667,14.799084,2,0,0.004750,14.803834
4089,1136.300000,14.881375,2,0,0.009417,14.890792
4090,1136.333333,14.751083,2,0,0.010167,14.761250
4091,1136.366667,14.936792,2,0,0.015916,14.952708
4092,1136.400000,14.743750,2,0,0.013500,14.757250
4093,1136.433333,16.201625,2,0,0.019583,16.221208
4094,1136.466667,15.986292,2,0,0.025500,16.011792
4095,1136.500000,15.713834,2,0,0.016750,15.730584
4096,1136.533333,15.118875,2,0,0.017042,15.135917
4097,1136.566667,15.892375,2,0,0.006250,15.898625
4098,1136.600000,15.808292,2,0,0.018125,15.826417
4099,1136.633333,15.761500,2,0,0.018833,15.780333
4100,1136.666667,16.198625,2,0,0.017417,16.216042
4101,1136.700000,15.620542,2,0,0.007583,15.628125
4102,1136.733333,15.507458,2,0,0.016833,15.524291
4103,1136.766667,15.961000,2,0,0.020375,15.981375
4104,1136.800000,17.151417,2,0,0.021458,17.172875
4105,1136.833333,15.333458,2,0,0.014792,15.348250
4106,1136.866667,15.582250,2,0,0.016041,15.598291
4107,1136.900000,16.077125,2,0,0.007500,16.084625
4108,1136.933333,15.665958,2,0,0.023750,15.689708
4109,1136.966667,15.507375,2,0,0.019666,15.527041
4110,1137.000000,15.309792,2,0,0.014041,15.323833
4111,1137.033333,15.987916,2,0,0.017000,16.004916
4112,1137.066667,15.427917,2,0,0.019833,15.447750
4113,1137.100000,15.481000,2,0,0.010667,15.491667
4114,1137.133333,14.946792,2,0,0.010791,14.957583
4115,1137.166667,15.966042,2,0,0.020958,15.987000
4116,1137.200000,14.152041,2,0,0.007334,14.159375
4117,1137.233333,13.523833,2,0,0.007459,13.531292
4118,1137.266667,13.708666,2,0,0.007459,13.716125
4119,1137.300000,13.267167,2,0,0.005708,13.272875
4120,1137.333333,13.918875,2,0,0.021916,13.940791
4121,1137.366667,13.811625,2,0,0.018833,13.830458
4122,1137.400000,14.656333,2,0,0.018833,14.675166
4123,1137.433333,14.570834,2,0,0.019916,14.590750
4124,1137.466667,14.555625,2,0,0.027875,14.583500
4125,1137.500000,14.519292,2,0,0.016750,14.536042
4126,1137.533333,13.504000,2,0,0.018917,13.522917
4127,1137.566667,14.005583,2,0,0.017834,14.023417
4128,1137.600000,15.322959,2,0,0.019583,15.342542
4129,1137.633333,16.209125,2,0,0.018792,16.227917
4130,1137.666667,16.713666,2,0,0.019042,16.732708
4131,1137.700000,16.229042,2,0,0.017166,16.246208
4132,1137.733333,16.146917,2,0,0.017625,16.164542
4133,1137.766667,17.280541,2,0,0.019042,17.299583
4134,1137.800000,16.158833,2,0,0.008583,16.167416
4135,1137.833333,16.471625,2,0,0.019792,16.491417
4136,1137.866667,16.174541,2,0,0.017875,16.192416
4137,1137.900000,14.718041,2,0,0.008917,14.726958
4138,1137.933333,14.011834,2,0,0.012541,14.024375
4139,1137.966667,14.964458,2,0,0.008167,14.972625
4140,1138.000000,15.131209,2,0,0.022125,15.153334
4141,1138.033333,15.843625,2,0,0.020083,15.863708
4142,1138.066667,16.014708,2,0,0.019500,16.034208
4143,1138.100000,15.495583,2,0,0.016625,15.512208
4144,1138.133333,16.017000,2,0,0.019333,16.036333
4145,1138.166667,15.872000,2,0,0.012500,15.884500
4146,1138.200000,15.394125,2,0,0.007500,15.401625
4147,1138.233333,14.524959,2,0,0.007125,14.532084
4148,1138.266667,14.491792,2,0,0.008500,14.500292
4149,1138.300000,13.869416,2,0,0.005417,13.874833
4150,1138.333333,13.850333,2,0,0.024250,13.874583
4151,1138.366667,14.183958,2,0,0.022042,14.206000
4152,1138.400000,14.171167,2,0,0.019042,14.190209
4153,1138.433333,14.584750,2,0,0.015541,14.600291
4154,1138.466667,14.465625,2,0,0.022042,14.487667
4155,1138.500000,15.595542,2,0,0.019416,15.614958
4156,1138.533333,15.131917,2,0,0.018791,15.150708
4157,1138.566667,15.052125,2,0,0.015333,15.067458
4158,1138.600000,15.472375,2,0,0.019750,15.492125
4159,1138.633333,15.313708,2,0,0.017792,15.331500
4160,1138.666667,16.116667,2,0,0.018958,16.135625
4161,1138.700000,15.586208,2,0,0.016125,15.602333
4162,1138.733333,16.619125,2,0,0.018958,16.638083
4163,1138.766667,15.973250,2,0,0.018917,15.992167
4164,1138.800000,15.224750,2,0,0.015750,15.240500
4165,1138.833333,15.085417,2,0,0.016792,15.102209
4166,1138.866667,15.166625,2,0,0.015958,15.182583
4167,1138.900000,15.842583,2,0,0.018833,15.861416
4168,1138.933333,15.600084,2,0,0.009625,15.609709
4169,1138.966667,16.438958,2,0,0.018209,16.457167
4170,1139.000000,14.983167,2,0,0.019166,15.002333
4171,1139.033333,15.186500,2,0,0.011333,15.197833
4172,1139.066667,14.676583,2,0,0.017917,14.694500
4173,1139.100000,14.042959,2,0,0.017125,14.060084
4174,1139.133333,15.030333,2,0,0.004917,15.035250
4175,1139.166667,15.555458,2,0,0.009000,15.564458
4176,1139.200000,14.085666,2,0,0.009500,14.095166
4177,1139.233333,13.476708,2,0,0.007042,13.483750
4178,1139.266667,13.484958,2,0,0.007833,13.492791
4179,1139.300000,13.692583,2,0,0.006000,13.698583
4180,1139.333333,13.076333,2,0,0.007584,13.083917
4181,1139.366667,13.890875,2,0,0.010375,13.901250
4182,1139.400000,14.406834,2,0,0.016625,14.423459
4183,1139.433333,15.991084,2,0,0.016125,16.007209
4184,1139.466667,17.208125,2,0,0.007875,17.216000
4185,1139.500000,17.161541,2,0,0.018917,17.180458
4186,1139.533333,16.387625,2,0,0.010666,16.398291
4187,1139.566667,16.762500,2,0,0.018708,16.781208
4188,1139.600000,16.194917,2,0,0.007916,16.202833
4189,1139.633333,15.835084,2,0,0.020583,15.855667
4190,1139.666667,17.251792,2,0,0.018416,17.270208
4191,1139.700000,17.375375,2,0,0.013291,17.388666
4192,1139.733333,15.881875,2,0,0.016875,15.898750
4193,1139.766667,17.103000,2,0,0.019000,17.122000
4194,1139.800000,16.291416,2,0,0.012459,16.303875
4195,1139.833333,16.605125,2,0,0.017166,16.622291
4196,1139.866667,16.790792,2,0,0.018541,16.809333
4197,1139.900000,15.660750,2,0,0.015958,15.676708
4198,1139.933333,16.386291,2,0,0.021500,16.407791
4199,1139.966667,15.670500,2,0,0.018666,15.689166
4200,1140.000000,16.535208,2,0,0.005958,16.541166
4201,1140.033333,16.265583,2,0,0.019417,16.285000
4202,1140.066667,15.504958,2,0,0.018917,15.523875
4203,1140.100000,16.399792,2,0,0.016000,16.415792
4204,1140.133333,16.331917,2,0,0.017750,16.349667
4205,1140.166667,15.900208,2,0,0.013583,15.913791
4206,1140.200000,16.151250,2,0,0.016792,16.168042
4207,1140.233333,14.909500,2,0,0.007708,14.917208
4208,1140.266667,14.852750,2,0,0.008125,14.860875
4209,1140.300000,14.691333,2,0,0.009500,14.700833
4210,1140.333333,14.092333,2,0,0.006709,14.099042
4211,1140.366667,14.215875,2,0,0.008625,14.224500
4212,1140.400000,13.386250,2,0,0.008833,13.395083
4213,1140.433333,14.057166,2,0,0.015792,14.072958
4214,1140.466667,14.394125,2,0,0.007375,14.401500
4215,1140.500000,14.987833,2,0,0.022542,15.010375
4216,1140.533333,14.230500,2,0,0.008125,14.238625
4217,1140.566667,14.999500,2,0,0.018541,15.018041
4218,1140.600000,14.575791,2,0,0.020667,14.596458
4219,1140.633333,14.772167,2,0,0.009167,14.781334
4220,1140.666667,14.935625,2,0,0.018958,14.954583
4221,1140.700000,14.756709,2,0,0.009458,14.766167
4222,1140.733333,14.604167,2,0,0.006667,14.610834
4223,1140.766667,14.761875,2,0,0.017000,14.778875
4224,1140.800000,15.401208,2,0,0.019167,15.420375
4225,1140.833333,14.290166,2,0,0.023042,14.313208
4226,1140.866667,14.137833,2,0,0.021917,14.159750
4227,1140.900000,14.626792,2,0,0.016500,14.643292
4228,1140.933333,14.585750,2,0,0.012209,14.597959
4229,1140.966667,14.415375,2,0,0.015875,14.431250
4230,1141.000000,14.420209,2,0,0.015041,14.435250
4231,1141.033333,14.531250,2,0,0.017750,14.549000
4232,1141.066667,14.581916,2,0,0.016584,14.598500
4233,1141.100000,14.901458,2,0,0.023458,14.924916
4234,1141.133333,14.347834,2,0,0.015541,14.363375
4235,1141.166667,14.460417,2,0,0.025750,14.486167
4236,1141.200000,13.870000,2,0,0.019208,13.889208
4237,1141.233333,15.167750,2,0,0.018083,15.185833
4238,1141.266667,15.430375,2,0,0.007667,15.438042
4239,1141.300000,14.689459,2,0,0.006500,14.695959
4240,1141.333333,14.568958,2,0,0.006500,14.575458
4241,1141.366667,14.277667,2,0,0.011625,14.289292
4242,1141.400000,14.669375,2,0,0.011000,14.680375
4243,1141.433333,14.239250,2,0,0.020292,14.259542
4244,1141.466667,14.999209,2,0,0.017083,15.016292
4245,1141.500000,14.819875,2,0,0.019417,14.839292
4246,1141.533333,14.500417,2,0,0.006666,14.507083
4247,1141.566667,14.698291,2,0,0.013792,14.712083
4248,1141.600000,15.269875,2,0,0.019083,15.288958
4249,1141.633333,14.754583,2,0,0.018542,14.773125
4250,1141.666667,15.308208,2,0,0.023500,15.331708
4251,1141.700000,15.290875,2,0,0.025208,15.316083
4252,1141.733333,14.570541,2,0,0.020500,14.591041
4253,1141.766667,15.005042,2,0,0.007917,15.012959
4254,1141.800000,14.817209,2,0,0.018125,14.835334
4255,1141.833333,14.361584,2,0,0.022083,14.383667
4256,1141.866667,14.888709,2,0,0.016666,14.905375
4257,1141.900000,14.378875,2,0,0.007792,14.386667
4258,1141.933333,15.246875,2,0,0.020417,15.267292
4259,1141.966667,14.997958,2,0,0.018792,15.016750
4260,1142.000000,14.106583,2,0,0.020167,14.126750
4261,1142.033333,14.852000,2,0,0.019375,14.871375
4262,1142.066667,15.692458,2,0,0.018542,15.711000
4263,1142.100000,17.154916,2,0,0.019875,17.174791
4264,1142.133333,17.034666,2,0,0.015709,17.050375
4265,1142.166667,16.715500,2,0,0.025042,16.740542
4266,1142.200000,16.368042,2,0,0.014500,16.382542
4267,1142.233333,16.992375,2,0,0.018666,17.011041
4268,1142.266667,15.266125,2,0,0.008000,15.274125
4269,1142.300000,14.810208,2,0,0.008250,14.818458
4270,1142.333333,14.070458,2,0,0.008417,14.078875
4271,1142.366667,14.994250,2,0,0.006125,15.000375
4272,1142.400000,13.973958,2,0,0.007583,13.981541
4273,1142.433333,13.599750,2,0,0.022416,13.622166
4274,1142.466667,14.888500,2,0,0.017375,14.905875
4275,1142.500000,13.912417,2,0,0.005791,13.918208
4276,1142.533333,14.956500,2,0,0.028750,14.985250
4277,1142.566667,14.059750,2,0,0.018666,14.078416
4278,1142.600000,15.869792,2,0,0.008083,15.877875
4279,1142.633333,15.085125,2,0,0.019125,15.104250
4280,1142.666667,15.305458,2,0,0.017750,15.323208
4281,1142.700000,14.920834,2,0,0.010333,14.931167
4282,1142.733333,15.262916,2,0,0.019209,15.282125
4283,1142.766667,14.878292,2,0,0.018791,14.897083
4284,1142.800000,15.627333,2,0,0.017875,15.645208
4285,1142.833333,15.414458,2,0,0.023375,15.437833
4286,1142.866667,15.192666,2,0,0.017209,15.209875
4287,1142.900000,15.748708,2,0,0.008500,15.757208
4288,1142.933333,14.603208,2,0,0.021625,14.624833
4289,1142.966667,14.010292,2,0,0.013208,14.023500
4290,1143.000000,14.646416,2,0,0.007625,14.654041
4291,1143.033333,14.370083,2,0,0.018792,14.388875
4292,1143.066667,14.441208,2,0,0.012000,14.453208
4293,1143.100000,14.185708,2,0,0.018292,14.204000
4294,1143.133333,14.088416,2,0,0.014375,14.102791
4295,1143.166667,14.657250,2,0,0.020042,14.677292
4296,1143.200000,14.166125,2,0,0.018000,14.184125
4297,1143.233333,15.028084,2,0,0.016958,15.045042
4298,1143.266667,14.294167,2,0,0.008666,14.302833
4299,1143.300000,11.787500,2,0,0.007834,11.795334
4300,1143.333333,11.885042,2,0,0.004375,11.889417
4301,1143.366667,12.480500,2,0,0.009875,12.490375
4302,1143.400000,12.172625,2,0,0.012792,12.185417
4303,1143.433333,15.026083,2,0,0.007542,15.033625
4304,1143.466667,15.301042,2,0,0.023083,15.324125
4305,1143.500000,15.143417,2,0,0.019875,15.163292
4306,1143.533333,15.076125,2,0,0.030917,15.107042
4307,1143.566667,14.764000,2,0,0.013666,14.777666
4308,1143.600000,14.869375,2,0,0.017625,14.887000
4309,1143.633333,14.470166,2,0,0.014209,14.484375
4310,1143.666667,15.340875,2,0,0.019291,15.360166
4311,1143.700000,15.456625,2,0,0.009083,15.465708
4312,1143.733333,14.903375,2,0,0.009125,14.912500
4313,1143.766667,15.448750,2,0,0.018375,15.467125
4314,1143.800000,14.646833,2,0,0.008042,14.654875
4315,1143.833333,15.420333,2,0,0.008334,15.428667
4316,1143.866667,14.948084,2,0,0.017041,14.965125
4317,1143.900000,14.322583,2,0,0.015209,14.337792
4318,1143.933333,15.952459,2,0,0.019500,15.971959
4319,1143.966667,14.179958,2,0,0.019958,14.199916
4320,1144.000000,14.210333,2,0,0.016625,14.226958
4321,1144.033333,14.495292,2,0,0.014583,14.509875
4322,1144.066667,15.052959,2,0,0.018541,15.071500
4323,1144.100000,14.267250,2,0,0.016917,14.284167
4324,1144.133333,15.654416,2,0,0.008375,15.662791
4325,1144.166667,17.785625,2,0,0.020459,17.806084
4326,1144.200000,16.939750,2,0,0.016959,16.956709
4327,1144.233333,16.320292,2,0,0.017708,16.338000
4328,1144.266667,16.177667,2,0,0.018167,16.195834
4329,1144.300000,15.302000,2,0,0.005875,15.307875
4330,1144.333333,14.641333,2,0,0.005167,14.646500
4331,1144.366667,14.489625,2,0,0.007042,14.496667
4332,1144.400000,15.386916,2,0,0.008167,15.395083
4333,1144.433333,14.441625,2,0,0.006750,14.448375
4334,1144.466667,13.838958,2,0,0.006833,13.845791
4335,1144.500000,14.510334,2,0,0.022291,14.532625
4336,1144.533333,14.889334,2,0,0.010708,14.900042
4337,1144.566667,15.649000,2,0,0.020708,15.669708
4338,1144.600000,15.175916,2,0,0.019667,15.195583
4339,1144.633333,14.312666,2,0,0.010417,14.323083
4340,1144.666667,13.795334,2,0,0.014458,13.809792
4341,1144.700000,14.517709,2,0,0.017166,14.534875
4342,1144.733333,14.832416,2,0,0.016000,14.848416
4343,1144.766667,14.856375,2,0,0.019375,14.875750
4344,1144.800000,14.573500,2,0,0.018333,14.591833
4345,1144.833333,14.385167,2,0,0.021083,14.406250
4346,1144.866667,16.199000,2,0,0.020250,16.219250
4347,1144.900000,16.101667,2,0,0.014875,16.116542
4348,1144.933333,15.983500,2,0,0.019208,16.002708
4349,1144.966667,16.099333,2,0,0.022583,16.121916
4350,1145.000000,15.606334,2,0,0.018708,15.625042
4351,1145.033333,15.284458,2,0,0.017875,15.302333
4352,1145.066667,15.173667,2,0,0.008750,15.182417
4353,1145.100000,13.975625,2,0,0.015250,13.990875
4354,1145.133333,14.070417,2,0,0.006625,14.077042
4355,1145.166667,13.896750,2,0,0.015875,13.912625
4356,1145.200000,14.550542,2,0,0.024250,14.574792
4357,1145.233333,13.698917,2,0,0.018500,13.717417
4358,1145.266667,13.823709,2,0,0.026625,13.850334
4359,1145.300000,12.774583,2,0,0.010292,12.784875
4360,1145.333333,11.711250,2,0,0.007709,11.718959
4361,1145.366667,11.528167,2,0,0.008416,11.536583
4362,1145.400000,12.181875,2,0,0.008458,12.190333
4363,1145.433333,11.818000,2,0,0.010334,11.828334
4364,1145.466667,14.376208,2,0,0.029667,14.405875
4365,1145.500000,14.369583,2,0,0.018417,14.388000
4366,1145.533333,14.299667,2,0,0.022708,14.322375
4367,1145.566667,13.967583,2,0,0.016625,13.984208
4368,1145.600000,14.574708,2,0,0.018625,14.593333
4369,1145.633333,15.460208,2,0,0.017375,15.477583
4370,1145.666667,15.266583,2,0,0.015250,15.281833
4371,1145.700000,15.374083,2,0,0.024167,15.398250
4372,1145.733333,16.339583,2,0,0.023708,16.363291
4373,1145.766667,15.335833,2,0,0.019250,15.355083
4374,1145.800000,16.199792,2,0,0.019250,16.219042
4375,1145.833333,15.934291,2,0,0.018584,15.952875
4376,1145.866667,15.394792,2,0,0.021542,15.416334
4377,1145.900000,14.900750,2,0,0.010666,14.911416
4378,1145.933333,15.755417,2,0,0.019625,15.775042
4379,1145.966667,14.927542,2,0,0.009625,14.937167
4380,1146.000000,15.168208,2,0,0.019708,15.187916
4381,1146.033333,14.212583,2,0,0.018459,14.231042
4382,1146.066667,15.053625,2,0,0.018167,15.071792
4383,1146.100000,14.684416,2,0,0.019709,14.704125
4384,1146.133333,14.157584,2,0,0.019333,14.176917
4385,1146.166667,14.204958,2,0,0.019000,14.223958
4386,1146.200000,14.205708,2,0,0.018458,14.224166
4387,1146.233333,14.516000,2,0,0.019416,14.535416
4388,1146.266667,14.666917,2,0,0.018291,14.685208
4389,1146.300000,15.578625,2,0,0.008333,15.586958
4390,1146.333333,14.276958,2,0,0.007250,14.284208
4391,1146.366667,14.174458,2,0,0.005917,14.180375
4392,1146.400000,13.627958,2,0,0.007625,13.635583
4393,1146.433333,15.196833,2,0,0.010875,15.207708
4394,1146.466667,13.681334,2,0,0.014833,13.696167
4395,1146.500000,14.034292,2,0,0.020666,14.054958
4396,1146.533333,14.111375,2,0,0.023791,14.135166
4397,1146.566667,15.557833,2,0,0.022958,15.580791
4398,1146.600000,13.980541,2,0,0.016334,13.996875
4399,1146.633333,13.929417,2,0,0.018041,13.947458
4400,1146.666667,14.308541,2,0,0.017125,14.325666
4401,1146.700000,15.145875,2,0,0.017541,15.163416
4402,1146.733333,14.675500,2,0,0.017209,14.692709
4403,1146.766667,15.300708,2,0,0.020125,15.320833
4404,1146.800000,14.659792,2,0,0.008333,14.668125
4405,1146.833333,14.083084,2,0,0.008250,14.091334
4406,1146.866667,14.800583,2,0,0.031208,14.831791
4407,1146.900000,13.685792,2,0,0.011041,13.696833
4408,1146.933333,13.915875,2,0,0.018959,13.934834
4409,1146.966667,14.498292,2,0,0.009333,14.507625
4410,1147.000000,14.114875,2,0,0.010667,14.125542
4411,1147.033333,14.061084,2,0,0.016541,14.077625
4412,1147.066667,14.128750,2,0,0.018959,14.147709
4413,1147.100000,14.518416,2,0,0.022667,14.541083
4414,1147.133333,13.823084,2,0,0.019666,13.842750
4415,1147.166667,14.132208,2,0,0.007958,14.140166
4416,1147.200000,16.639083,2,0,0.016542,16.655625
4417,1147.233333,16.604791,2,0,0.013584,16.618375
4418,1147.266667,15.886958,2,0,0.018209,15.905167
4419,1147.300000,17.112167,2,0,0.008333,17.120500
4420,1147.333333,15.095417,2,0,0.008333,15.103750
4421,1147.366667,14.248000,2,0,0.008166,14.256166
4422,1147.400000,14.521833,2,0,0.004750,14.526583
4423,1147.433333,14.185791,2,0,0.007834,14.193625
4424,1147.466667,14.622542,2,0,0.010125,14.632667
4425,1147.500000,13.785625,2,0,0.012166,13.797791
4426,1147.533333,13.907000,2,0,0.009125,13.916125
4427,1147.566667,14.760541,2,0,0.027750,14.788291
4428,1147.600000,14.446375,2,0,0.008084,14.454459
4429,1147.633333,14.306250,2,0,0.016041,14.322291
4430,1147.666667,15.184750,2,0,0.023208,15.207958
4431,1147.700000,15.027000,2,0,0.019667,15.046667
4432,1147.733333,15.330500,2,0,0.014709,15.345209
4433,1147.766667,14.101542,2,0,0.006417,14.107959
4434,1147.800000,15.429167,2,0,0.018750,15.447917
4435,1147.833333,14.832958,2,0,0.019000,14.851958
4436,1147.866667,15.557209,2,0,0.008458,15.565667
4437,1147.900000,13.833291,2,0,0.011500,13.844791
4438,1147.933333,14.348875,2,0,0.016458,14.365333
4439,1147.966667,14.578375,2,0,0.019750,14.598125
4440,1148.000000,14.315542,2,0,0.018083,14.333625
4441,1148.033333,14.532125,2,0,0.018792,14.550917
4442,1148.066667,14.922333,2,0,0.018667,14.941000
4443,1148.100000,14.185375,2,0,0.008209,14.193584
4444,1148.133333,14.744458,2,0,0.019458,14.763916
4445,1148.166667,14.328416,2,0,0.016709,14.345125
4446,1148.200000,13.942042,2,0,0.007750,13.949792
4447,1148.233333,14.681666,2,0,0.019375,14.701041
4448,1148.266667,14.726833,2,0,0.008917,14.735750
4449,1148.300000,17.325959,2,0,0.017708,17.343667
4450,1148.333333,14.838208,2,0,0.009667,14.847875
4451,1148.366667,14.191250,2,0,0.006375,14.197625
4452,1148.400000,14.543000,2,0,0.006000,14.549000
4453,1148.433333,17.381458,2,0,0.007334,17.388792
4454,1148.466667,13.766667,2,0,0.007791,13.774458
4455,1148.500000,14.034791,2,0,0.010209,14.045000
4456,1148.533333,13.453417,2,0,0.026792,13.480209
4457,1148.566667,14.239916,2,0,0.021959,14.261875
4458,1148.600000,14.703500,2,0,0.019375,14.722875
4459,1148.633333,14.609750,2,0,0.018750,14.628500
4460,1148.666667,14.315000,2,0,0.010167,14.325167
4461,1148.700000,15.523875,2,0,0.018417,15.542292
4462,1148.733333,15.249125,2,0,0.018542,15.267667
4463,1148.766667,14.825833,2,0,0.023917,14.849750
4464,1148.800000,14.929750,2,0,0.021083,14.950833
4465,1148.833333,14.288792,2,0,0.015791,14.304583
4466,1148.866667,14.111459,2,0,0.019833,14.131292
4467,1148.900000,14.842708,2,0,0.020125,14.862833
4468,1148.933333,14.217542,2,0,0.008083,14.225625
4469,1148.966667,14.765208,2,0,0.015375,14.780583
4470,1149.000000,14.602042,2,0,0.026250,14.628292
4471,1149.033333,14.537750,2,0,0.008125,14.545875
4472,1149.066667,14.370625,2,0,0.014958,14.385583
4473,1149.100000,14.671583,2,0,0.015375,14.686958
4474,1149.133333,15.621709,2,0,0.020500,15.642209
4475,1149.166667,17.131833,2,0,0.018417,17.150250
4476,1149.200000,18.235334,2,0,0.015000,18.250334
4477,1149.233333,16.538458,2,0,0.015875,16.554333
4478,1149.266667,16.453292,2,0,0.018875,16.472167
4479,1149.300000,16.564084,2,0,0.019958,16.584042
4480,1149.333333,15.113917,2,0,0.009458,15.123375
4481,1149.366667,14.294916,2,0,0.006125,14.301041
4482,1149.400000,14.325750,2,0,0.005792,14.331542
4483,1149.433333,14.581542,2,0,0.005750,14.587292
4484,1149.466667,13.587125,2,0,0.005584,13.592709
4485,1149.500000,14.995250,2,0,0.009958,15.005208
4486,1149.533333,14.051666,2,0,0.011917,14.063583
4487,1149.566667,12.913291,2,0,0.015625,12.928916
4488,1149.600000,14.014834,2,0,0.021666,14.036500
4489,1149.633333,13.777000,2,0,0.008042,13.785042
4490,1149.666667,14.351458,2,0,0.016125,14.367583
4491,1149.700000,14.504792,2,0,0.015750,14.520542
4492,1149.733333,15.081166,2,0,0.017292,15.098458
4493,1149.766667,15.447667,2,0,0.019667,15.467334
4494,1149.800000,15.021584,2,0,0.018833,15.040417
4495,1149.833333,14.919041,2,0,0.019250,14.938291
4496,1149.866667,13.828250,2,0,0.015375,13.843625
4497,1149.900000,14.485958,2,0,0.022833,14.508791
4498,1149.933333,14.049750,2,0,0.015833,14.065583
4499,1149.966667,13.797834,2,0,0.013250,13.811084
4500,1150.000000,13.998709,2,0,0.006500,14.005209
4501,1150.033333,15.365500,2,0,0.018958,15.384458
4502,1150.066667,17.395459,2,0,0.019041,17.414500
4503,1150.100000,15.942500,2,0,0.015459,15.957959
4504,1150.133333,16.116500,2,0,0.027958,16.144458
4505,1150.166667,15.824792,2,0,0.019666,15.844458
4506,1150.200000,14.848042,2,0,0.025250,14.873292
4507,1150.233333,15.002167,2,0,0.008541,15.010708
4508,1150.266667,14.878458,2,0,0.017667,14.896125
4509,1150.300000,15.522625,2,0,0.025834,15.548459
4510,1150.333333,15.620208,2,0,0.018958,15.639166
4511,1150.366667,14.618375,2,0,0.005208,14.623583
4512,1150.400000,14.094708,2,0,0.006708,14.101416
4513,1150.433333,13.979500,2,0,0.004709,13.984209
4514,1150.466667,14.202750,2,0,0.008000,14.210750
4515,1150.500000,13.612167,2,0,0.009000,13.621167
4516,1150.533333,14.176292,2,0,0.008708,14.185000
4517,1150.566667,14.075083,2,0,0.006209,14.081292
4518,1150.600000,14.990500,2,0,0.019125,15.009625
4519,1150.633333,14.283875,2,0,0.006958,14.290833
4520,1150.666667,15.338833,2,0,0.005625,15.344458
4521,1150.700000,15.891709,2,0,0.017875,15.909584
4522,1150.733333,15.112625,2,0,0.014542,15.127167
4523,1150.766667,14.511083,2,0,0.015792,14.526875
4524,1150.800000,14.908625,2,0,0.007583,14.916208
4525,1150.833333,14.566292,2,0,0.014833,14.581125
4526,1150.866667,14.952875,2,0,0.017000,14.969875
4527,1150.900000,15.087583,2,0,0.018833,15.106416
4528,1150.933333,15.748000,2,0,0.019125,15.767125
4529,1150.966667,14.837375,2,0,0.009459,14.846834
4530,1151.000000,14.620792,2,0,0.016291,14.637083
4531,1151.033333,14.767583,2,0,0.014834,14.782417
4532,1151.066667,15.012917,2,0,0.019417,15.032334
4533,1151.100000,14.304666,2,0,0.019292,14.323958
4534,1151.133333,14.378583,2,0,0.008167,14.386750
4535,1151.166667,14.603166,2,0,0.019292,14.622458
4536,1151.200000,14.532000,2,0,0.016584,14.548584
4537,1151.233333,14.354625,2,0,0.060000,14.414625
4538,1151.266667,14.201667,2,0,0.013791,14.215458
4539,1151.300000,14.854834,2,0,0.018750,14.873584
4540,1151.333333,14.166666,2,0,0.017250,14.183916
4541,1151.366667,12.862041,2,0,0.006667,12.868708
4542,1151.400000,12.771750,2,0,0.006084,12.777834
4543,1151.433333,12.717042,2,0,0.009375,12.726417
4544,1151.466667,12.581958,2,0,0.012750,12.594708
4545,1151.500000,11.719667,2,0,0.008125,11.727792
4546,1151.533333,12.450666,2,0,0.019959,12.470625
4547,1151.566667,13.374708,2,0,0.019084,13.393792
4548,1151.600000,13.723833,2,0,0.017375,13.741208
4549,1151.633333,13.428250,2,0,0.005959,13.434209
4550,1151.666667,14.077042,2,0,0.021166,14.098208
4551,1151.700000,14.083916,2,0,0.010459,14.094375
4552,1151.733333,13.481250,2,0,0.007792,13.489042
4553,1151.766667,14.026000,2,0,0.019542,14.045542
4554,1151.800000,13.981708,2,0,0.021292,14.003000
4555,1151.833333,13.448209,2,0,0.007708,13.455917
4556,1151.866667,13.882542,2,0,0.015000,13.897542
4557,1151.900000,13.504417,2,0,0.017875,13.522292
4558,1151.933333,12.363000,2,0,0.015750,12.378750
4559,1151.966667,13.546000,2,0,0.019000,13.565000
4560,1152.000000,13.353375,2,0,0.019792,13.373167
4561,1152.033333,13.055250,2,0,0.020875,13.076125
4562,1152.066667,13.363000,2,0,0.016709,13.379709
4563,1152.100000,13.477459,2,0,0.016666,13.494125
4564,1152.133333,15.012875,2,0,0.009583,15.022458
4565,1152.166667,16.734125,2,0,0.017750,16.751875
4566,1152.200000,15.708709,2,0,0.018708,15.727417
4567,1152.233333,16.483167,2,0,0.018625,16.501792
4568,1152.266667,15.807708,2,0,0.018459,15.826167
4569,1152.300000,16.280458,2,0,0.018875,16.299333
4570,1152.333333,15.256083,2,0,0.018042,15.274125
4571,1152.366667,13.934459,2,0,0.009500,13.943959
4572,1152.400000,13.491208,2,0,0.007417,13.498625
4573,1152.433333,13.786541,2,0,0.007542,13.794083
4574,1152.466667,13.998459,2,0,0.006458,14.004917
4575,1152.500000,14.039459,2,0,0.009166,14.048625
4576,1152.533333,13.883250,2,0,0.008625,13.891875
4577,1152.566667,14.480583,2,0,0.012250,14.492833
4578,1152.600000,15.256209,2,0,0.010583,15.266792
4579,1152.633333,13.908417,2,0,0.028917,13.937334
4580,1152.666667,14.185500,2,0,0.017083,14.202583
4581,1152.700000,15.005750,2,0,0.018500,15.024250
4582,1152.733333,14.540792,2,0,0.015125,14.555917
4583,1152.766667,15.107083,2,0,0.013084,15.120167
4584,1152.800000,15.631958,2,0,0.006542,15.638500
4585,1152.833333,14.693458,2,0,0.018417,14.711875
4586,1152.866667,14.743625,2,0,0.016625,14.760250
4587,1152.900000,13.438083,2,0,0.007208,13.445291
4588,1152.933333,14.055792,2,0,0.008375,14.064167
4589,1152.966667,14.184375,2,0,0.020000,14.204375
4590,1153.000000,14.992959,2,0,0.018416,15.011375
4591,1153.033333,13.898792,2,0,0.016541,13.915333
4592,1153.066667,14.327084,2,0,0.007958,14.335042
4593,1153.100000,14.479042,2,0,0.019167,14.498209
4594,1153.133333,14.030291,2,0,0.017125,14.047416
4595,1153.166667,15.046750,2,0,0.018917,15.065667
4596,1153.200000,14.059666,2,0,0.014375,14.074041
4597,1153.233333,14.436500,2,0,0.007042,14.443542
4598,1153.266667,14.314416,2,0,0.023167,14.337583
4599,1153.300000,13.771666,2,0,0.018417,13.790083
4600,1153.333333,14.298166,2,0,0.017417,14.315583
4601,1153.366667,12.768959,2,0,0.008166,12.777125
4602,1153.400000,11.647250,2,0,0.006875,11.654125
4603,1153.433333,11.725250,2,0,0.006416,11.731666
4604,1153.466667,11.819041,2,0,0.007834,11.826875
4605,1153.500000,11.658875,2,0,0.007709,11.666584
4606,1153.533333,12.066041,2,0,0.009625,12.075666
4607,1153.566667,11.350583,2,0,0.006834,11.357417
4608,1153.600000,11.209750,2,0,0.010125,11.219875
4609,1153.633333,12.056625,2,0,0.008208,12.064833
4610,1153.666667,12.968750,2,0,0.018917,12.987667
4611,1153.700000,12.298333,2,0,0.011000,12.309333
4612,1153.733333,12.771041,2,0,0.012834,12.783875
4613,1153.766667,12.928417,2,0,0.016125,12.944542
4614,1153.800000,13.591917,2,0,0.015792,13.607709
4615,1153.833333,15.272542,2,0,0.017625,15.290167
4616,1153.866667,12.622917,2,0,0.016708,12.639625
4617,1153.900000,13.755208,2,0,0.017292,13.772500
4618,1153.933333,12.552042,2,0,0.008458,12.560500
4619,1153.966667,12.639333,2,0,0.015750,12.655083
4620,1154.000000,12.766917,2,0,0.007958,12.774875
4621,1154.033333,13.123333,2,0,0.018083,13.141416
4622,1154.066667,12.915958,2,0,0.014875,12.930833
4623,1154.100000,14.191958,2,0,0.018708,14.210666
4624,1154.133333,17.239875,2,0,0.008375,17.248250
4625,1154.166667,16.567333,2,0,0.014083,16.581416
4626,1154.200000,16.170584,2,0,0.015000,16.185584
4627,1154.233333,15.960875,2,0,0.015959,15.976834
4628,1154.266667,15.739666,2,0,0.007042,15.746708
4629,1154.300000,16.382250,2,0,0.018208,16.400458
4630,1154.333333,15.286458,2,0,0.018459,15.304917
4631,1154.366667,16.640084,2,0,0.005083,16.645167
4632,1154.400000,14.394459,2,0,0.008208,14.402667
4633,1154.433333,14.326708,2,0,0.006417,14.333125
4634,1154.466667,14.121750,2,0,0.009000,14.130750
4635,1154.500000,14.069500,2,0,0.010917,14.080417
4636,1154.533333,14.324500,2,0,0.008917,14.333417
4637,1154.566667,13.882833,2,0,0.022000,13.904833
4638,1154.600000,13.920125,2,0,0.017292,13.937417
4639,1154.633333,14.728750,2,0,0.004667,14.733417
4640,1154.666667,14.281042,2,0,0.021791,14.302833
4641,1154.700000,15.871250,2,0,0.018000,15.889250
4642,1154.733333,14.841792,2,0,0.066792,14.908584
4643,1154.766667,14.923416,2,0,0.013167,14.936583
4644,1154.800000,15.530000,2,0,0.008709,15.538709
4645,1154.833333,15.358333,2,0,0.016584,15.374917
4646,1154.866667,15.222416,2,0,0.017417,15.239833
4647,1154.900000,14.678375,2,0,0.019041,14.697416
4648,1154.933333,15.192709,2,0,0.019458,15.212167
4649,1154.966667,15.403000,2,0,0.016417,15.419417
4650,1155.000000,14.905083,2,0,0.018000,14.923083
4651,1155.033333,15.164542,2,0,0.019500,15.184042
4652,1155.066667,14.827708,2,0,0.020792,14.848500
4653,1155.100000,15.205459,2,0,0.019416,15.224875
4654,1155.133333,14.275042,2,0,0.008000,14.283042
4655,1155.166667,14.870708,2,0,0.023042,14.893750
4656,1155.200000,14.326333,2,0,0.017459,14.343792
4657,1155.233333,14.956875,2,0,0.019292,14.976167
4658,1155.266667,14.712708,2,0,0.009667,14.722375
4659,1155.300000,14.234000,2,0,0.017625,14.251625
4660,1155.333333,14.509125,2,0,0.012958,14.522083
4661,1155.366667,13.705416,2,0,0.017709,13.723125
4662,1155.400000,12.470708,2,0,0.006750,12.477458
4663,1155.433333,12.194417,2,0,0.006458,12.200875
4664,1155.466667,12.109792,2,0,0.007500,12.117292
4665,1155.500000,12.516875,2,0,0.007792,12.524667
4666,1155.533333,12.708791,2,0,0.010084,12.718875
4667,1155.566667,12.578500,2,0,0.012542,12.591042
4668,1155.600000,12.286417,2,0,0.008375,12.294792
4669,1155.633333,11.755791,2,0,0.010875,11.766666
4670,1155.666667,12.354875,2,0,0.024541,12.379416
4671,1155.700000,15.566042,2,0,0.016375,15.582417
4672,1155.733333,12.428750,2,0,0.040333,12.469083
4673,1155.766667,13.471542,2,0,0.023083,13.494625
4674,1155.800000,13.121791,2,0,0.016417,13.138208
4675,1155.833333,13.530583,2,0,0.066667,13.597250
4676,1155.866667,13.426166,2,0,0.018542,13.444708
4677,1155.900000,13.224208,2,0,0.018125,13.242333
4678,1155.933333,13.600167,2,0,0.016292,13.616459
4679,1155.966667,13.203042,2,0,0.018000,13.221042
4680,1156.000000,14.096166,2,0,0.019084,14.115250
4681,1156.033333,13.570292,2,0,0.008250,13.578542
4682,1156.066667,13.425000,2,0,0.022000,13.447000
4683,1156.100000,13.363000,2,0,0.016500,13.379500
4684,1156.133333,14.017875,2,0,0.018125,14.036000
4685,1156.166667,13.141834,2,0,0.006750,13.148584
4686,1156.200000,13.819125,2,0,0.018750,13.837875
4687,1156.233333,13.645083,2,0,0.017042,13.662125
4688,1156.266667,13.842416,2,0,0.008834,13.851250
4689,1156.300000,13.518625,2,0,0.018458,13.537083
4690,1156.333333,13.346167,2,0,0.017583,13.363750
4691,1156.366667,13.542625,2,0,0.019542,13.562167
4692,1156.400000,14.869958,2,0,0.010125,14.880083
4693,1156.433333,14.952542,2,0,0.008042,14.960584
4694,1156.466667,15.146458,2,0,0.006584,15.153042
4695,1156.500000,14.535625,2,0,0.007791,14.543416
4696,1156.533333,14.748959,2,0,0.007750,14.756709
4697,1156.566667,14.397167,2,0,0.009917,14.407084
4698,1156.600000,14.859208,2,0,0.010125,14.869333
4699,1156.633333,13.773042,2,0,0.038916,13.811958
4700,1156.666667,14.015834,2,0,0.030041,14.045875
4701,1156.700000,14.658709,2,0,0.017000,14.675709
4702,1156.733333,14.573959,2,0,0.015958,14.589917
4703,1156.766667,15.506459,2,0,0.019250,15.525709
4704,1156.800000,15.409833,2,0,0.018792,15.428625
4705,1156.833333,15.344083,2,0,0.015458,15.359541
4706,1156.866667,15.555750,2,0,0.019209,15.574959
4707,1156.900000,14.580250,2,0,0.013125,14.593375
4708,1156.933333,15.719584,2,0,0.018333,15.737917
4709,1156.966667,15.582167,2,0,0.016666,15.598833
4710,1157.000000,14.534834,2,0,0.007708,14.542542
4711,1157.033333,14.558792,2,0,0.016041,14.574833
4712,1157.066667,14.522625,2,0,0.016125,14.538750
4713,1157.100000,14.908583,2,0,0.012458,14.921041
4714,1157.133333,14.230958,2,0,0.015083,14.246041
4715,1157.166667,14.457792,2,0,0.020958,14.478750
4716,1157.200000,14.061791,2,0,0.023500,14.085291
4717,1157.233333,14.185167,2,0,0.015000,14.200167
4718,1157.266667,14.316750,2,0,0.016500,14.333250
4719,1157.300000,14.324334,2,0,0.017333,14.341667
4720,1157.333333,13.662083,2,0,0.011875,13.673958
4721,1157.366667,14.418917,2,0,0.019667,14.438584
4722,1157.400000,12.810083,2,0,0.038792,12.848875
4723,1157.433333,11.903708,2,0,0.008208,11.911916
4724,1157.466667,11.848792,2,0,0.007125,11.855917
4725,1157.500000,12.616708,2,0,0.007458,12.624166
4726,1157.533333,12.042667,2,0,0.008541,12.051208
4727,1157.566667,11.657333,2,0,0.024500,11.681833
4728,1157.600000,12.520125,2,0,0.016292,12.536417
4729,1157.633333,13.052167,2,0,0.026917,13.079084
4730,1157.666667,12.583209,2,0,0.019000,12.602209
4731,1157.700000,13.385208,2,0,0.020333,13.405541
4732,1157.733333,15.542000,2,0,0.023708,15.565708
4733,1157.766667,14.054958,2,0,0.016542,14.071500
4734,1157.800000,13.067542,2,0,0.014958,13.082500
4735,1157.833333,13.182792,2,0,0.009166,13.191958
4736,1157.866667,13.459500,2,0,0.017666,13.477166
4737,1157.900000,12.114166,2,0,0.009167,12.123333
4738,1157.933333,12.361542,2,0,0.023583,12.385125
4739,1157.966667,12.216875,2,0,0.008167,12.225042
4740,1158.000000,12.368959,2,0,0.014166,12.383125
4741,1158.033333,12.720000,2,0,0.014917,12.734917
4742,1158.066667,13.390792,2,0,0.016666,13.407458
4743,1158.100000,13.927625,2,0,0.007916,13.935541
4744,1158.133333,18.081250,2,0,0.018792,18.100042
4745,1158.166667,17.801792,2,0,0.019291,17.821083
4746,1158.200000,16.656875,2,0,0.032417,16.689292
4747,1158.233333,16.408167,2,0,0.018625,16.426792
4748,1158.266667,16.118167,2,0,0.018333,16.136500
4749,1158.300000,16.364917,2,0,0.024958,16.389875
4750,1158.333333,15.863667,2,0,0.017291,15.880958
4751,1158.366667,15.753292,2,0,0.019750,15.773042
4752,1158.400000,14.699500,2,0,0.008125,14.707625
4753,1158.433333,13.592625,2,0,0.004916,13.597541
4754,1158.466667,13.807875,2,0,0.005792,13.813667
4755,1158.500000,13.351584,2,0,0.006291,13.357875
4756,1158.533333,13.048417,2,0,0.018875,13.067292
4757,1158.566667,12.484042,2,0,0.011583,12.495625
4758,1158.600000,11.461583,2,0,0.004834,11.466417
4759,1158.633333,11.978958,2,0,0.008708,11.987666
4760,1158.666667,11.465916,2,0,0.019917,11.485833
4761,1158.700000,12.781708,2,0,0.018542,12.800250
4762,1158.733333,13.097458,2,0,0.021333,13.118791
4763,1158.766667,12.991208,2,0,0.018875,13.010083
4764,1158.800000,13.747167,2,0,0.011125,13.758292
4765,1158.833333,18.020167,2,0,0.009791,18.029958
4766,1158.866667,17.662833,2,0,0.020000,17.682833
4767,1158.900000,15.526250,2,0,0.013334,15.539584
4768,1158.933333,16.667292,2,0,0.017375,16.684667
4769,1158.966667,15.619417,2,0,0.016833,15.636250
4770,1159.000000,16.395708,2,0,0.019458,16.415166
4771,1159.033333,15.310708,2,0,0.017917,15.328625
4772,1159.066667,16.905084,2,0,0.018625,16.923709
4773,1159.100000,15.991750,2,0,0.018375,16.010125
4774,1159.133333,16.160250,2,0,0.019417,16.179667
4775,1159.166667,14.955125,2,0,0.018334,14.973459
4776,1159.200000,14.803250,2,0,0.020500,14.823750
4777,1159.233333,15.500750,2,0,0.018834,15.519584
4778,1159.266667,15.527834,2,0,0.014125,15.541959
4779,1159.300000,14.938458,2,0,0.019750,14.958208
4780,1159.333333,16.038875,2,0,0.022750,16.061625
4781,1159.366667,14.771459,2,0,0.019041,14.790500
4782,1159.400000,15.094500,2,0,0.016042,15.110542
4783,1159.433333,13.249834,2,0,0.010916,13.260750
4784,1159.466667,12.891542,2,0,0.007625,12.899167
4785,1159.500000,13.276250,2,0,0.006875,13.283125
4786,1159.533333,13.114791,2,0,0.009667,13.124458
4787,1159.566667,14.212167,2,0,0.047708,14.259875
4788,1159.600000,12.594667,2,0,0.008208,12.602875
4789,1159.633333,12.584250,2,0,0.009458,12.593708
4790,1159.666667,12.390666,2,0,0.011584,12.402250
4791,1159.700000,12.373042,2,0,0.016750,12.389792
4792,1159.733333,12.855833,2,0,0.021333,12.877166
4793,1159.766667,13.576959,2,0,0.016625,13.593584
4794,1159.800000,13.627959,2,0,0.021250,13.649209
4795,1159.833333,13.119458,2,0,0.018250,13.137708
4796,1159.866667,12.310417,2,0,0.012708,12.323125
4797,1159.900000,13.289250,2,0,0.010042,13.299292
4798,1159.933333,13.784042,2,0,0.019958,13.804000
4799,1159.966667,13.880125,2,0,0.016542,13.896667
4800,1160.000000,13.367917,2,0,0.019416,13.387333
4801,1160.033333,13.784500,2,0,0.019333,13.803833
4802,1160.066667,13.138250,2,0,0.016375,13.154625
4803,1160.100000,12.871750,2,0,0.021667,12.893417
4804,1160.133333,13.078625,2,0,0.011125,13.089750
4805,1160.166667,12.686708,2,0,0.011750,12.698458
4806,1160.200000,13.091459,2,0,0.018125,13.109584
4807,1160.233333,13.077583,2,0,0.007625,13.085208
4808,1160.266667,13.248875,2,0,0.018667,13.267542
4809,1160.300000,13.856750,2,0,0.018833,13.875583
4810,1160.333333,17.138584,2,0,0.023291,17.161875
4811,1160.366667,15.641209,2,0,0.008083,15.649292
4812,1160.400000,16.333042,2,0,0.018875,16.351917
4813,1160.433333,14.829875,2,0,0.011916,14.841791
4814,1160.466667,13.702083,2,0,0.005875,13.707958
4815,1160.500000,13.650583,2,0,0.006667,13.657250
4816,1160.533333,14.388833,2,0,0.006500,14.395333
4817,1160.566667,13.987250,2,0,0.008750,13.996000
4818,1160.600000,13.125666,2,0,0.008500,13.134166
4819,1160.633333,13.696959,2,0,0.010416,13.707375
4820,1160.666667,12.897709,2,0,0.019416,12.917125
4821,1160.700000,13.521334,2,0,0.023250,13.544584
4822,1160.733333,14.916375,2,0,0.011250,14.927625
4823,1160.766667,14.252750,2,0,0.008125,14.260875
4824,1160.800000,14.557042,2,0,0.016541,14.573583
4825,1160.833333,13.851916,2,0,0.007500,13.859416
4826,1160.866667,15.082459,2,0,0.008166,15.090625
4827,1160.900000,14.520500,2,0,0.019125,14.539625
4828,1160.933333,14.509250,2,0,0.017459,14.526709
4829,1160.966667,14.594167,2,0,0.018167,14.612334
4830,1161.000000,14.991084,2,0,0.010041,15.001125
4831,1161.033333,14.156833,2,0,0.013708,14.170541
4832,1161.066667,13.878750,2,0,0.013125,13.891875
4833,1161.100000,14.052916,2,0,0.014917,14.067833
4834,1161.133333,14.012583,2,0,0.008375,14.020958
4835,1161.166667,13.618083,2,0,0.007583,13.625666
4836,1161.200000,14.012625,2,0,0.018083,14.030708
4837,1161.233333,13.448750,2,0,0.005625,13.454375
4838,1161.266667,14.603083,2,0,0.017250,14.620333
4839,1161.300000,14.340166,2,0,0.018667,14.358833
4840,1161.333333,14.112541,2,0,0.009209,14.121750
4841,1161.366667,14.413167,2,0,0.019375,14.432542
4842,1161.400000,13.934292,2,0,0.018625,13.952917
4843,1161.433333,12.643833,2,0,0.008709,12.652542
4844,1161.466667,11.870041,2,0,0.007625,11.877666
4845,1161.500000,11.367875,2,0,0.008417,11.376292
4846,1161.533333,11.636167,2,0,0.008958,11.645125
4847,1161.566667,11.749750,2,0,0.016084,11.765834
4848,1161.600000,11.917334,2,0,0.007416,11.924750
4849,1161.633333,13.140750,2,0,0.019000,13.159750
4850,1161.666667,13.430041,2,0,0.021417,13.451458
4851,1161.700000,13.894416,2,0,0.018209,13.912625
4852,1161.733333,16.403417,2,0,0.053791,16.457208
4853,1161.766667,15.665708,2,0,0.012459,15.678167
4854,1161.800000,15.917375,2,0,0.015708,15.933083
4855,1161.833333,15.819041,2,0,0.007125,15.826166
4856,1161.866667,16.627667,2,0,0.009833,16.637500
4857,1161.900000,16.622750,2,0,0.019875,16.642625
4858,1161.933333,15.730125,2,0,0.021250,15.751375
4859,1161.966667,15.587125,2,0,0.007500,15.594625
4860,1162.000000,15.748083,2,0,0.020292,15.768375
4861,1162.033333,15.084250,2,0,0.015000,15.099250
4862,1162.066667,15.872459,2,0,0.019125,15.891584
4863,1162.100000,15.120250,2,0,0.007208,15.127458
4864,1162.133333,15.565708,2,0,0.011875,15.577583
4865,1162.166667,15.260209,2,0,0.016541,15.276750
4866,1162.200000,14.863042,2,0,0.021500,14.884542
4867,1162.233333,15.832584,2,0,0.016250,15.848834
4868,1162.266667,14.970167,2,0,0.030333,15.000500
4869,1162.300000,15.540125,2,0,0.016958,15.557083
4870,1162.333333,14.929583,2,0,0.018875,14.948458
4871,1162.366667,14.864625,2,0,0.006334,14.870959
4872,1162.400000,15.395625,2,0,0.017875,15.413500
4873,1162.433333,14.936375,2,0,0.019541,14.955916
4874,1162.466667,13.266250,2,0,0.012542,13.278792
4875,1162.500000,13.139208,2,0,0.007125,13.146333
4876,1162.533333,13.111250,2,0,0.009250,13.120500
4877,1162.566667,13.474000,2,0,0.022708,13.496708
4878,1162.600000,13.693042,2,0,0.019500,13.712542
4879,1162.633333,14.171250,2,0,0.019125,14.190375
4880,1162.666667,13.733208,2,0,0.022417,13.755625
4881,1162.700000,13.885916,2,0,0.015167,13.901083
4882,1162.733333,13.714583,2,0,0.020167,13.734750
4883,1162.766667,14.763750,2,0,0.007959,14.771709
4884,1162.800000,14.022458,2,0,0.013792,14.036250
4885,1162.833333,14.500750,2,0,0.018667,14.519417
4886,1162.866667,14.325334,2,0,0.018291,14.343625
4887,1162.900000,13.634334,2,0,0.009708,13.644042
4888,1162.933333,13.495583,2,0,0.005625,13.501208
4889,1162.966667,13.754875,2,0,0.021917,13.776792
4890,1163.000000,13.405000,2,0,0.017375,13.422375
4891,1163.033333,13.648084,2,0,0.019583,13.667667
4892,1163.066667,13.843042,2,0,0.014916,13.857958
4893,1163.100000,14.116542,2,0,0.029833,14.146375
4894,1163.133333,14.693292,2,0,0.018416,14.711708
4895,1163.166667,13.934708,2,0,0.015875,13.950583
4896,1163.200000,14.400041,2,0,0.009167,14.409208
4897,1163.233333,13.691875,2,0,0.018500,13.710375
4898,1163.266667,14.402917,2,0,0.016458,14.419375
4899,1163.300000,13.766208,2,0,0.036250,13.802458
4900,1163.333333,13.390084,2,0,0.020375,13.410459
4901,1163.366667,13.481583,2,0,0.015417,13.497000
4902,1163.400000,13.493625,2,0,0.012916,13.506541
4903,1163.433333,14.361500,2,0,0.014958,14.376458
4904,1163.466667,12.459375,2,0,0.016000,12.475375
4905,1163.500000,11.565084,2,0,0.010458,11.575542
4906,1163.533333,11.351250,2,0,0.006292,11.357542
4907,1163.566667,12.889459,2,0,0.027125,12.916584
4908,1163.600000,12.199375,2,0,0.024417,12.223792
4909,1163.633333,12.349916,2,0,0.020459,12.370375
4910,1163.666667,12.333542,2,0,0.019416,12.352958
4911,1163.700000,13.270625,2,0,0.012334,13.282959
4912,1163.733333,12.348917,2,0,0.008666,12.357583
4913,1163.766667,12.902459,2,0,0.014708,12.917167
4914,1163.800000,12.930500,2,0,0.022000,12.952500
4915,1163.833333,12.697916,2,0,0.016500,12.714416
4916,1163.866667,13.162000,2,0,0.016792,13.178792
4917,1163.900000,13.409708,2,0,0.005750,13.415458
4918,1163.933333,16.903958,2,0,0.017000,16.920958
4919,1163.966667,16.365542,2,0,0.018000,16.383542
4920,1164.000000,16.451834,2,0,0.018541,16.470375
4921,1164.033333,16.403125,2,0,0.019459,16.422584
4922,1164.066667,15.294875,2,0,0.012458,15.307333
4923,1164.100000,16.600750,2,0,0.018709,16.619459
4924,1164.133333,15.058000,2,0,0.014417,15.072417
4925,1164.166667,15.300250,2,0,0.016750,15.317000
4926,1164.200000,15.655084,2,0,0.018875,15.673959
4927,1164.233333,15.377625,2,0,0.010708,15.388333
4928,1164.266667,15.397750,2,0,0.025416,15.423166
4929,1164.300000,14.721792,2,0,0.017500,14.739292
4930,1164.333333,15.086833,2,0,0.008375,15.095208
4931,1164.366667,14.265750,2,0,0.012333,14.278083
4932,1164.400000,14.729875,2,0,0.017500,14.747375
4933,1164.433333,14.708834,2,0,0.012458,14.721292
4934,1164.466667,15.210042,2,0,0.013500,15.223542
4935,1164.500000,13.602584,2,0,0.011083,13.613667
4936,1164.533333,13.172708,2,0,0.010958,13.183666
4937,1164.566667,12.269208,2,0,0.010292,12.279500
4938,1164.600000,12.796542,2,0,0.016625,12.813167
4939,1164.633333,14.023333,2,0,0.018875,14.042208
4940,1164.666667,13.976041,2,0,0.022625,13.998666
4941,1164.700000,13.536917,2,0,0.010208,13.547125
4942,1164.733333,13.291500,2,0,0.009459,13.300959
4943,1164.766667,13.084583,2,0,0.051292,13.135875
4944,1164.800000,13.284500,2,0,0.018666,13.303166
4945,1164.833333,13.473083,2,0,0.014292,13.487375
4946,1164.866667,13.952750,2,0,0.009791,13.962541
4947,1164.900000,12.815250,2,0,0.005417,12.820667
4948,1164.933333,13.277083,2,0,0.027167,13.304250
4949,1164.966667,13.576583,2,0,0.013458,13.590041
4950,1165.000000,12.999125,2,0,0.016792,13.015917
4951,1165.033333,13.668250,2,0,0.025375,13.693625
4952,1165.066667,12.654500,2,0,0.018042,12.672542
4953,1165.100000,13.544583,2,0,0.017833,13.562416
4954,1165.133333,12.705459,2,0,0.021541,12.727000
4955,1165.166667,13.169834,2,0,0.019708,13.189542
4956,1165.200000,12.444917,2,0,0.017500,12.462417
4957,1165.233333,14.423291,2,0,0.006750,14.430041
4958,1165.266667,12.140250,2,0,0.015167,12.155417
4959,1165.300000,12.904000,2,0,0.018250,12.922250
4960,1165.333333,12.807334,2,0,0.016916,12.824250
4961,1165.366667,12.959250,2,0,0.017000,12.976250
4962,1165.400000,17.440333,2,0,0.008667,17.449000
4963,1165.433333,16.364458,2,0,0.023500,16.387958
4964,1165.466667,15.791125,2,0,0.007750,15.798875
4965,1165.500000,16.084084,2,0,0.022916,16.107000
4966,1165.533333,14.452250,2,0,0.007959,14.460209
4967,1165.566667,13.412459,2,0,0.010541,13.423000
4968,1165.600000,13.616666,2,0,0.008750,13.625416
4969,1165.633333,13.326833,2,0,0.004334,13.331167
4970,1165.666667,13.944083,2,0,0.006959,13.951042
4971,1165.700000,14.518666,2,0,0.008292,14.526958
4972,1165.733333,13.272750,2,0,0.007708,13.280458
4973,1165.766667,13.221750,2,0,0.008625,13.230375
4974,1165.800000,13.248667,2,0,0.023666,13.272333
4975,1165.833333,14.739500,2,0,0.017750,14.757250
4976,1165.866667,13.579416,2,0,0.016375,13.595791
4977,1165.900000,15.559750,2,0,0.018667,15.578417
4978,1165.933333,14.627792,2,0,0.008291,14.636083
4979,1165.966667,14.977125,2,0,0.016125,14.993250
4980,1166.000000,14.858750,2,0,0.017875,14.876625
4981,1166.033333,15.114291,2,0,0.025542,15.139833
4982,1166.066667,14.582834,2,0,0.027458,14.610292
4983,1166.100000,14.664917,2,0,0.029750,14.694667
4984,1166.133333,14.856292,2,0,0.008750,14.865042
4985,1166.166667,14.303333,2,0,0.021625,14.324958
4986,1166.200000,14.718875,2,0,0.017834,14.736709
4987,1166.233333,15.535667,2,0,0.017167,15.552834
4988,1166.266667,14.376334,2,0,0.024291,14.400625
4989,1166.300000,14.668167,2,0,0.019167,14.687334
4990,1166.333333,14.524333,2,0,0.016458,14.540791
4991,1166.366667,14.229250,2,0,0.023667,14.252917
4992,1166.400000,13.690959,2,0,0.013500,13.704459
4993,1166.433333,14.120250,2,0,0.017791,14.138041
4994,1166.466667,13.689125,2,0,0.021792,13.710917
4995,1166.500000,13.943208,2,0,0.008167,13.951375
4996,1166.533333,12.956458,2,0,0.007750,12.964208
4997,1166.566667,12.270542,2,0,0.008625,12.279167
4998,1166.600000,12.123417,2,0,0.008708,12.132125
4999,1166.633333,12.125958,2,0,0.008542,12.134500
5000,1166.666667,11.636250,2,0,0.005791,11.642041
5001,1166.700000,12.296333,2,0,0.008917,12.305250
5002,1166.733333,11.777083,2,0,0.007125,11.784208
5003,1166.766667,11.675375,2,0,0.007333,11.682708
5004,1166.800000,12.611167,2,0,0.018125,12.629292
5005,1166.833333,12.706708,2,0,0.016292,12.723000
5006,1166.866667,13.842334,2,0,0.017166,13.859500
5007,1166.900000,13.152000,2,0,0.015792,13.167792
5008,1166.933333,13.526250,2,0,0.011959,13.538209
5009,1166.966667,12.693666,2,0,0.014959,12.708625
5010,1167.000000,13.709084,2,0,0.009291,13.718375
5011,1167.033333,13.355500,2,0,0.009750,13.365250
5012,1167.066667,13.054833,2,0,0.013834,13.068667
5013,1167.100000,12.875166,2,0,0.017334,12.892500
5014,1167.133333,14.132625,2,0,0.016042,14.148667
5015,1167.166667,13.176292,2,0,0.012041,13.188333
5016,1167.200000,14.181125,2,0,0.019208,14.200333
5017,1167.233333,12.808458,2,0,0.010584,12.819042
5018,1167.266667,12.527125,2,0,0.020209,12.547334
5019,1167.300000,12.516584,2,0,0.008666,12.525250
5020,1167.333333,13.462333,2,0,0.017167,13.479500
5021,1167.366667,13.470208,2,0,0.019458,13.489666
5022,1167.400000,12.949167,2,0,0.018833,12.968000
5023,1167.433333,12.597875,2,0,0.016833,12.614708
5024,1167.466667,13.304542,2,0,0.016375,13.320917
5025,1167.500000,12.980417,2,0,0.013416,12.993833
5026,1167.533333,13.684000,2,0,0.009125,13.693125
5027,1167.566667,14.997791,2,0,0.005834,15.003625
5028,1167.600000,13.653417,2,0,0.009250,13.662667
5029,1167.633333,13.638375,2,0,0.005959,13.644334
5030,1167.666667,13.754041,2,0,0.006459,13.760500
5031,1167.700000,13.517875,2,0,0.007417,13.525292
5032,1167.733333,13.061708,2,0,0.011334,13.073042
5033,1167.766667,13.037792,2,0,0.014833,13.052625
5034,1167.800000,13.811042,2,0,0.025000,13.836042
5035,1167.833333,13.901166,2,0,0.007667,13.908833
5036,1167.866667,14.411875,2,0,0.012708,14.424583
5037,1167.900000,14.556333,2,0,0.005208,14.561541
5038,1167.933333,13.475708,2,0,0.014250,13.489958
5039,1167.966667,13.863583,2,0,0.007792,13.871375
5040,1168.000000,14.125750,2,0,0.010666,14.136416
5041,1168.033333,14.756292,2,0,0.028750,14.785042
5042,1168.066667,14.326792,2,0,0.020417,14.347209
5043,1168.100000,13.992917,2,0,0.006083,13.999000
5044,1168.133333,14.414583,2,0,0.013375,14.427958
5045,1168.166667,15.008833,2,0,0.018875,15.027708
5046,1168.200000,14.457042,2,0,0.017083,14.474125
5047,1168.233333,14.135666,2,0,0.012667,14.148333
5048,1168.266667,14.379583,2,0,0.021667,14.401250
5049,1168.300000,14.403500,2,0,0.018333,14.421833
5050,1168.333333,13.770333,2,0,0.018708,13.789041
5051,1168.366667,13.619416,2,0,0.010042,13.629458
5052,1168.400000,13.656750,2,0,0.015667,13.672417
5053,1168.433333,14.921208,2,0,0.017917,14.939125
5054,1168.466667,13.536958,2,0,0.018292,13.555250
5055,1168.500000,14.620792,2,0,0.022833,14.643625
5056,1168.533333,13.914542,2,0,0.018708,13.933250
5057,1168.566667,12.474250,2,0,0.010375,12.484625
5058,1168.600000,12.172666,2,0,0.008750,12.181416
5059,1168.633333,11.968917,2,0,0.007667,11.976584
5060,1168.666667,11.975917,2,0,0.005958,11.981875
5061,1168.700000,12.130042,2,0,0.009416,12.139458
5062,1168.733333,12.256166,2,0,0.043667,12.299833
5063,1168.766667,12.167625,2,0,0.023416,12.191041
5064,1168.800000,12.360625,2,0,0.019917,12.380542
5065,1168.833333,12.678000,2,0,0.018792,12.696792
5066,1168.866667,13.023458,2,0,0.018958,13.042416
5067,1168.900000,13.698125,2,0,0.019416,13.717541
5068,1168.933333,13.935208,2,0,0.016750,13.951958
5069,1168.966667,14.016959,2,0,0.019708,14.036667
5070,1169.000000,13.436875,2,0,0.020708,13.457583
5071,1169.033333,14.062958,2,0,0.019584,14.082542
5072,1169.066667,13.445042,2,0,0.015917,13.460959
5073,1169.100000,14.621291,2,0,0.011625,14.632916
5074,1169.133333,15.622042,2,0,0.017792,15.639834
5075,1169.166667,16.552958,2,0,0.021500,16.574458
5076,1169.200000,15.497667,2,0,0.016083,15.513750
5077,1169.233333,15.710209,2,0,0.019125,15.729334
5078,1169.266667,14.983250,2,0,0.007542,14.990792
5079,1169.300000,14.919916,2,0,0.016084,14.936000
5080,1169.333333,15.967917,2,0,0.019041,15.986958
5081,1169.366667,14.448167,2,0,0.018208,14.466375
5082,1169.400000,15.250625,2,0,0.019542,15.270167
5083,1169.433333,14.620459,2,0,0.007875,14.628334
5084,1169.466667,14.882000,2,0,0.006417,14.888417
5085,1169.500000,14.433542,2,0,0.010833,14.444375
5086,1169.533333,14.700500,2,0,0.016584,14.717084
5087,1169.566667,13.463958,2,0,0.009625,13.473583
5088,1169.600000,12.749375,2,0,0.007750,12.757125
5089,1169.633333,12.570333,2,0,0.006959,12.577292
5090,1169.666667,12.036959,2,0,0.006416,12.043375
5091,1169.700000,12.092083,2,0,0.007584,12.099667
5092,1169.733333,12.135583,2,0,0.009458,12.145041
5093,1169.766667,12.843792,2,0,0.006292,12.850084
5094,1169.800000,13.338583,2,0,0.005042,13.343625
5095,1169.833333,13.829000,2,0,0.011334,13.840334
5096,1169.866667,14.097916,2,0,0.036709,14.134625
5097,1169.900000,13.166125,2,0,0.021375,13.187500
5098,1169.933333,13.052917,2,0,0.020417,13.073334
5099,1169.966667,13.451042,2,0,0.014292,13.465334
5100,1170.000000,14.318375,2,0,0.016166,14.334541
5101,1170.033333,14.274625,2,0,0.015834,14.290459
5102,1170.066667,14.033125,2,0,0.013208,14.046333
5103,1170.100000,14.534792,2,0,0.016166,14.550958
5104,1170.133333,13.489500,2,0,0.017250,13.506750
5105,1170.166667,14.042042,2,0,0.015458,14.057500
5106,1170.200000,14.261708,2,0,0.016417,14.278125
5107,1170.233333,15.061625,2,0,0.018625,15.080250
5108,1170.266667,14.932541,2,0,0.018042,14.950583
5109,1170.300000,14.790250,2,0,0.014667,14.804917
5110,1170.333333,15.103708,2,0,0.015792,15.119500
5111,1170.366667,14.552750,2,0,0.016625,14.569375
5112,1170.400000,14.912875,2,0,0.013875,14.926750
5113,1170.433333,14.229125,2,0,0.013792,14.242917
5114,1170.466667,15.027458,2,0,0.017792,15.045250
5115,1170.500000,15.615292,2,0,0.010875,15.626167
5116,1170.533333,14.792666,2,0,0.018875,14.811541
5117,1170.566667,15.187833,2,0,0.006750,15.194583
5118,1170.600000,12.807500,2,0,0.012708,12.820208
5119,1170.633333,11.812709,2,0,0.009958,11.822667
5120,1170.666667,11.800250,2,0,0.018750,11.819000
5121,1170.700000,12.622250,2,0,0.020750,12.643000
5122,1170.733333,13.629292,2,0,0.009792,13.639084
5123,1170.766667,13.816917,2,0,0.018542,13.835459
5124,1170.800000,13.773917,2,0,0.020708,13.794625
5125,1170.833333,15.596833,2,0,0.008458,15.605291
5126,1170.866667,16.171666,2,0,0.009417,16.181083
5127,1170.900000,15.180417,2,0,0.007875,15.188292
5128,1170.933333,15.828458,2,0,0.019542,15.848000
5129,1170.966667,15.184958,2,0,0.020209,15.205167
5130,1171.000000,15.085125,2,0,0.010250,15.095375
5131,1171.033333,14.864500,2,0,0.020750,14.885250
5132,1171.066667,14.194833,2,0,0.019167,14.214000
5133,1171.100000,15.506083,2,0,0.019417,15.525500
5134,1171.133333,14.187000,2,0,0.018625,14.205625
5135,1171.166667,15.454875,2,0,0.016583,15.471458
5136,1171.200000,14.217375,2,0,0.028708,14.246083
5137,1171.233333,14.553334,2,0,0.018291,14.571625
5138,1171.266667,14.438792,2,0,0.016167,14.454959
5139,1171.300000,14.787625,2,0,0.010125,14.797750
5140,1171.333333,14.124417,2,0,0.016583,14.141000
5141,1171.366667,13.848834,2,0,0.015333,13.864167
5142,1171.400000,14.192833,2,0,0.016958,14.209791
5143,1171.433333,14.044750,2,0,0.016625,14.061375
5144,1171.466667,13.114334,2,0,0.012833,13.127167
5145,1171.500000,13.858958,2,0,0.010875,13.869833
5146,1171.533333,16.499042,2,0,0.018042,16.517084
5147,1171.566667,15.085084,2,0,0.012125,15.097209
5148,1171.600000,13.182834,2,0,0.005541,13.188375
5149,1171.633333,13.638958,2,0,0.008958,13.647916
5150,1171.666667,13.644459,2,0,0.006041,13.650500
5151,1171.700000,13.887042,2,0,0.007208,13.894250
5152,1171.733333,13.777292,2,0,0.008250,13.785542
5153,1171.766667,13.580541,2,0,0.004834,13.585375
5154,1171.800000,12.983542,2,0,0.007458,12.991000
5155,1171.833333,13.299458,2,0,0.011084,13.310542
5156,1171.866667,13.221125,2,0,0.030000,13.251125
5157,1171.900000,12.997542,2,0,0.019000,13.016542
5158,1171.933333,13.684166,2,0,0.019209,13.703375
5159,1171.966667,14.717584,2,0,0.022291,14.739875
5160,1172.000000,14.306125,2,0,0.014875,14.321000
5161,1172.033333,15.056375,2,0,0.014292,15.070667
5162,1172.066667,14.243167,2,0,0.008625,14.251792
5163,1172.100000,14.527042,2,0,0.020708,14.547750
5164,1172.133333,13.519583,2,0,0.005833,13.525416
5165,1172.166667,14.690125,2,0,0.006458,14.696583
5166,1172.200000,14.055958,2,0,0.014959,14.070917
5167,1172.233333,14.317458,2,0,0.016792,14.334250
5168,1172.266667,13.964250,2,0,0.016292,13.980542
5169,1172.300000,14.258792,2,0,0.006625,14.265417
5170,1172.333333,14.459541,2,0,0.016959,14.476500
5171,1172.366667,14.496083,2,0,0.014125,14.510208
5172,1172.400000,14.141583,2,0,0.008042,14.149625
5173,1172.433333,14.683042,2,0,0.013000,14.696042
5174,1172.466667,14.183250,2,0,0.015916,14.199166
5175,1172.500000,14.324084,2,0,0.015375,14.339459
5176,1172.533333,14.523625,2,0,0.013792,14.537417
5177,1172.566667,15.811334,2,0,0.009583,15.820917
5178,1172.600000,14.045292,2,0,0.007458,14.052750
5179,1172.633333,14.136167,2,0,0.004917,14.141084
5180,1172.666667,13.897250,2,0,0.012292,13.909542
5181,1172.700000,13.787542,2,0,0.009000,13.796542
5182,1172.733333,13.741917,2,0,0.007667,13.749584
5183,1172.766667,13.907083,2,0,0.009792,13.916875
5184,1172.800000,13.404125,2,0,0.008750,13.412875
5185,1172.833333,13.482083,2,0,0.004917,13.487000
5186,1172.866667,13.017417,2,0,0.009208,13.026625
5187,1172.900000,13.701500,2,0,0.012375,13.713875
5188,1172.933333,13.324875,2,0,0.022500,13.347375
5189,1172.966667,13.253334,2,0,0.015416,13.268750
5190,1173.000000,13.980917,2,0,0.017417,13.998334
5191,1173.033333,14.434958,2,0,0.008875,14.443833
5192,1173.066667,14.136291,2,0,0.019667,14.155958
5193,1173.100000,15.290708,2,0,0.019459,15.310167
5194,1173.133333,14.117750,2,0,0.012542,14.130292
5195,1173.166667,14.810167,2,0,0.017417,14.827584
5196,1173.200000,14.127708,2,0,0.012334,14.140042
5197,1173.233333,14.120250,2,0,0.016709,14.136959
5198,1173.266667,14.287958,2,0,0.005167,14.293125
5199,1173.300000,14.447416,2,0,0.018084,14.465500
5200,1173.333333,14.369625,2,0,0.008292,14.377917
5201,1173.366667,14.180584,2,0,0.020333,14.200917
5202,1173.400000,13.801834,2,0,0.006875,13.808709
5203,1173.433333,13.573250,2,0,0.009584,13.582834
5204,1173.466667,14.429459,2,0,0.019125,14.448584
5205,1173.500000,15.326083,2,0,0.007042,15.333125
5206,1173.533333,15.671083,2,0,0.014125,15.685208
5207,1173.566667,15.231250,2,0,0.007666,15.238916
5208,1173.600000,15.128375,2,0,0.008291,15.136666
5209,1173.633333,13.671500,2,0,0.009917,13.681417
5210,1173.666667,13.953792,2,0,0.006833,13.960625
5211,1173.700000,13.487708,2,0,0.008334,13.496042
5212,1173.733333,13.371833,2,0,0.007667,13.379500
5213,1173.766667,13.755459,2,0,0.007708,13.763167
5214,1173.800000,13.045250,2,0,0.004916,13.050166
5215,1173.833333,12.896125,2,0,0.005833,12.901958
5216,1173.866667,13.358250,2,0,0.030291,13.388541
5217,1173.900000,13.163875,2,0,0.020167,13.184042
5218,1173.933333,14.186917,2,0,0.018625,14.205542
5219,1173.966667,14.510417,2,0,0.020125,14.530542
5220,1174.000000,14.501208,2,0,0.015000,14.516208
5221,1174.033333,14.082917,2,0,0.015958,14.098875
5222,1174.066667,15.288583,2,0,0.016500,15.305083
5223,1174.100000,14.365834,2,0,0.007500,14.373334
5224,1174.133333,14.582042,2,0,0.011917,14.593959
5225,1174.166667,15.334125,2,0,0.022417,15.356542
5226,1174.200000,13.863500,2,0,0.008542,13.872042
5227,1174.233333,14.921750,2,0,0.019209,14.940959
5228,1174.266667,14.197250,2,0,0.017792,14.215042
5229,1174.300000,14.648292,2,0,0.018458,14.666750
5230,1174.333333,14.542042,2,0,0.018833,14.560875
5231,1174.366667,13.901250,2,0,0.008041,13.909291
5232,1174.400000,14.074000,2,0,0.007083,14.081083
5233,1174.433333,13.472667,2,0,0.064625,13.537292
5234,1174.466667,12.998583,2,0,0.019292,13.017875
5235,1174.500000,13.813208,2,0,0.016459,13.829667
5236,1174.533333,13.876375,2,0,0.007333,13.883708
5237,1174.566667,14.350458,2,0,0.026584,14.377042
5238,1174.600000,13.419750,2,0,0.019167,13.438917
5239,1174.633333,12.148125,2,0,0.006000,12.154125
5240,1174.666667,12.641167,2,0,0.008250,12.649417
5241,1174.700000,14.311333,2,0,0.007875,14.319208
5242,1174.733333,14.594666,2,0,0.005542,14.600208
5243,1174.766667,14.821875,2,0,0.007583,14.829458
5244,1174.800000,14.450625,2,0,0.008209,14.458834
5245,1174.833333,13.889625,2,0,0.005792,13.895417
5246,1174.866667,14.106459,2,0,0.008958,14.115417
5247,1174.900000,13.845333,2,0,0.004875,13.850208
5248,1174.933333,14.434917,2,0,0.020083,14.455000
5249,1174.966667,15.094292,2,0,0.018250,15.112542
5250,1175.000000,14.384083,2,0,0.017792,14.401875
5251,1175.033333,15.547250,2,0,0.019791,15.567041
5252,1175.066667,15.145500,2,0,0.018500,15.164000
5253,1175.100000,15.548375,2,0,0.032583,15.580958
5254,1175.133333,15.012208,2,0,0.009167,15.021375
5255,1175.166667,14.023833,2,0,0.017209,14.041042
5256,1175.200000,14.733416,2,0,0.016834,14.750250
5257,1175.233333,15.333792,2,0,0.016416,15.350208
5258,1175.266667,16.119041,2,0,0.018084,16.137125
5259,1175.300000,15.493208,2,0,0.018792,15.512000
5260,1175.333333,14.920667,2,0,0.021208,14.941875
5261,1175.366667,15.333333,2,0,0.016917,15.350250
5262,1175.400000,15.179291,2,0,0.016250,15.195541
5263,1175.433333,15.450708,2,0,0.021750,15.472458
5264,1175.466667,15.613167,2,0,0.019292,15.632459
5265,1175.500000,15.530792,2,0,0.016958,15.547750
5266,1175.533333,15.069084,2,0,0.022666,15.091750
5267,1175.566667,14.968334,2,0,0.006875,14.975209
5268,1175.600000,15.842708,2,0,0.018667,15.861375
5269,1175.633333,13.517167,2,0,0.010500,13.527667
5270,1175.666667,12.871333,2,0,0.010500,12.881833
5271,1175.700000,13.375000,2,0,0.010334,13.385334
5272,1175.733333,13.096125,2,0,0.008542,13.104667
5273,1175.766667,13.356209,2,0,0.006666,13.362875
5274,1175.800000,13.118792,2,0,0.013750,13.132542
5275,1175.833333,13.065750,2,0,0.008375,13.074125
5276,1175.866667,12.894250,2,0,0.022000,12.916250
5277,1175.900000,13.281459,2,0,0.020666,13.302125
5278,1175.933333,13.728041,2,0,0.014834,13.742875
5279,1175.966667,14.710709,2,0,0.018750,14.729459
5280,1176.000000,13.932583,2,0,0.021584,13.954167
5281,1176.033333,14.773125,2,0,0.020083,14.793208
5282,1176.066667,14.165584,2,0,0.018916,14.184500
5283,1176.100000,15.658416,2,0,0.016667,15.675083
5284,1176.133333,13.107541,2,0,0.012250,13.119791
5285,1176.166667,13.562875,2,0,0.016833,13.579708
5286,1176.200000,13.952416,2,0,0.014917,13.967333
5287,1176.233333,13.910583,2,0,0.017708,13.928291
5288,1176.266667,13.968959,2,0,0.018166,13.987125
5289,1176.300000,14.189833,2,0,0.009708,14.199541
5290,1176.333333,14.634959,2,0,0.020166,14.655125
5291,1176.366667,16.970834,2,0,0.020166,16.991000
5292,1176.400000,17.245792,2,0,0.017083,17.262875
5293,1176.433333,15.440292,2,0,0.019750,15.460042
5294,1176.466667,15.345625,2,0,0.020167,15.365792
5295,1176.500000,15.344625,2,0,0.006792,15.351417
5296,1176.533333,15.142708,2,0,0.016583,15.159291
5297,1176.566667,15.190708,2,0,0.020209,15.210917
5298,1176.600000,15.482416,2,0,0.024125,15.506541
5299,1176.633333,14.653792,2,0,0.008000,14.661792
5300,1176.666667,13.986500,2,0,0.007416,13.993916
5301,1176.700000,13.920625,2,0,0.007250,13.927875
5302,1176.733333,13.875125,2,0,0.006625,13.881750
5303,1176.766667,14.094958,2,0,0.005875,14.100833
5304,1176.800000,13.939667,2,0,0.010875,13.950542
5305,1176.833333,13.602208,2,0,0.007833,13.610041
5306,1176.866667,13.669958,2,0,0.016542,13.686500
5307,1176.900000,14.539834,2,0,0.020291,14.560125
5308,1176.933333,13.726042,2,0,0.016250,13.742292
5309,1176.966667,14.224167,2,0,0.016000,14.240167
5310,1177.000000,14.649708,2,0,0.014167,14.663875
5311,1177.033333,15.063584,2,0,0.020416,15.084000
5312,1177.066667,14.707750,2,0,0.019708,14.727458
5313,1177.100000,16.151208,2,0,0.021292,16.172500
5314,1177.133333,14.575833,2,0,0.020417,14.596250
5315,1177.166667,14.963750,2,0,0.019000,14.982750
5316,1177.200000,14.378625,2,0,0.010417,14.389042
5317,1177.233333,14.866208,2,0,0.024709,14.890917
5318,1177.266667,15.356041,2,0,0.011584,15.367625
5319,1177.300000,14.575833,2,0,0.022292,14.598125
5320,1177.333333,14.852583,2,0,0.007250,14.859833
5321,1177.366667,14.337459,2,0,0.017541,14.355000
5322,1177.400000,14.540125,2,0,0.021041,14.561166
5323,1177.433333,14.613250,2,0,0.016959,14.630209
5324,1177.466667,14.960708,2,0,0.019917,14.980625
5325,1177.500000,14.861167,2,0,0.016791,14.877958
5326,1177.533333,14.680833,2,0,0.019667,14.700500
5327,1177.566667,14.536875,2,0,0.020583,14.557458
5328,1177.600000,13.778667,2,0,0.009542,13.788209
5329,1177.633333,13.745167,2,0,0.017916,13.763083
5330,1177.666667,12.301750,2,0,0.007875,12.309625
5331,1177.700000,11.792375,2,0,0.005792,11.798167
5332,1177.733333,13.132917,2,0,0.004583,13.137500
5333,1177.766667,16.783917,2,0,0.007125,16.791042
5334,1177.800000,14.824875,2,0,0.010583,14.835458
5335,1177.833333,14.131875,2,0,0.007875,14.139750
5336,1177.866667,14.529250,2,0,0.009166,14.538416
5337,1177.900000,14.508833,2,0,0.010334,14.519167
5338,1177.933333,13.999083,2,0,0.022959,14.022042
5339,1177.966667,14.322625,2,0,0.020375,14.343000
5340,1178.000000,15.134083,2,0,0.019042,15.153125
5341,1178.033333,14.574208,2,0,0.017333,14.591541
5342,1178.066667,14.806625,2,0,0.021375,14.828000
5343,1178.100000,15.488625,2,0,0.020083,15.508708
5344,1178.133333,14.907958,2,0,0.037209,14.945167
5345,1178.166667,15.282958,2,0,0.024250,15.307208
5346,1178.200000,14.823375,2,0,0.017334,14.840709
5347,1178.233333,14.544417,2,0,0.015917,14.560334
5348,1178.266667,14.623583,2,0,0.056000,14.679583
5349,1178.300000,15.203500,2,0,0.016417,15.219917
5350,1178.333333,15.199833,2,0,0.019583,15.219416
5351,1178.366667,15.373292,2,0,0.018291,15.391583
5352,1178.400000,14.841792,2,0,0.018416,14.860208
5353,1178.433333,14.957083,2,0,0.011709,14.968792
5354,1178.466667,14.690625,2,0,0.009542,14.700167
5355,1178.500000,14.786583,2,0,0.008458,14.795041
5356,1178.533333,15.280625,2,0,0.015584,15.296209
5357,1178.566667,14.647084,2,0,0.006250,14.653334
5358,1178.600000,14.267416,2,0,0.020000,14.287416
5359,1178.633333,14.252584,2,0,0.017458,14.270042
5360,1178.666667,13.272625,2,0,0.006791,13.279416
5361,1178.700000,13.158167,2,0,0.004875,13.163042
5362,1178.733333,12.587166,2,0,0.007792,12.594958
5363,1178.766667,13.100625,2,0,0.008625,13.109250
5364,1178.800000,12.466541,2,0,0.006625,12.473166
5365,1178.833333,12.466750,2,0,0.012500,12.479250
5366,1178.866667,12.250209,2,0,0.005250,12.255459
5367,1178.900000,12.140625,2,0,0.024750,12.165375
5368,1178.933333,12.149917,2,0,0.061125,12.211042
5369,1178.966667,12.774291,2,0,0.020834,12.795125
5370,1179.000000,13.979084,2,0,0.007916,13.987000
5371,1179.033333,13.229625,2,0,0.010542,13.240167
5372,1179.066667,14.239500,2,0,0.018667,14.258167
5373,1179.100000,13.856833,2,0,0.007958,13.864791
5374,1179.133333,14.267208,2,0,0.008125,14.275333
5375,1179.166667,15.798916,2,0,0.015417,15.814333
5376,1179.200000,15.265875,2,0,0.054750,15.320625
5377,1179.233333,15.703792,2,0,0.005583,15.709375
5378,1179.266667,14.920333,2,0,0.022667,14.943000
5379,1179.300000,15.622792,2,0,0.016166,15.638958
5380,1179.333333,15.968333,2,0,0.018417,15.986750
5381,1179.366667,15.121875,2,0,0.019541,15.141416
5382,1179.400000,14.807041,2,0,0.005417,14.812458
5383,1179.433333,14.973666,2,0,0.019000,14.992666
5384,1179.466667,15.420958,2,0,0.015875,15.436833
5385,1179.500000,15.348125,2,0,0.018542,15.366667
5386,1179.533333,15.003625,2,0,0.005875,15.009500
5387,1179.566667,14.683750,2,0,0.020917,14.704667
5388,1179.600000,14.259416,2,0,0.013125,14.272541
5389,1179.633333,15.003000,2,0,0.020666,15.023666
5390,1179.666667,13.280500,2,0,0.008083,13.288583
5391,1179.700000,12.608541,2,0,0.008209,12.616750
5392,1179.733333,12.467250,2,0,0.006459,12.473709
5393,1179.766667,11.991167,2,0,0.007958,11.999125
5394,1179.800000,12.349583,2,0,0.006250,12.355833
5395,1179.833333,12.244000,2,0,0.007916,12.251916
5396,1179.866667,11.961042,2,0,0.006000,11.967042
5397,1179.900000,11.897416,2,0,0.008792,11.906208
5398,1179.933333,11.884542,2,0,0.006083,11.890625
5399,1179.966667,11.576166,2,0,0.005875,11.582041
5400,1180.000000,12.298834,2,0,0.035500,12.334334
5401,1180.033333,13.099792,2,0,0.009875,13.109667
5402,1180.066667,12.804084,2,0,0.015166,12.819250
5403,1180.100000,13.213792,2,0,0.008583,13.222375
5404,1180.133333,14.711167,2,0,0.018500,14.729667
5405,1180.166667,17.132667,2,0,0.014958,17.147625
5406,1180.200000,16.623166,2,0,0.007917,16.631083
5407,1180.233333,16.630042,2,0,0.007708,16.637750
5408,1180.266667,16.210208,2,0,0.017125,16.227333
5409,1180.300000,15.963250,2,0,0.018750,15.982000
5410,1180.333333,16.317042,2,0,0.035083,16.352125
5411,1180.366667,16.252792,2,0,0.012208,16.265000
5412,1180.400000,16.460709,2,0,0.012458,16.473167
5413,1180.433333,16.173291,2,0,0.019542,16.192833
5414,1180.466667,15.202083,2,0,0.023959,15.226042
5415,1180.500000,15.442083,2,0,0.006625,15.448708
5416,1180.533333,15.613833,2,0,0.016750,15.630583
5417,1180.566667,15.620209,2,0,0.009041,15.629250
5418,1180.600000,15.377166,2,0,0.007542,15.384708
5419,1180.633333,14.563250,2,0,0.060291,14.623541
5420,1180.666667,15.715833,2,0,0.037167,15.753000
5421,1180.700000,14.802917,2,0,0.007583,14.810500
5422,1180.733333,13.317250,2,0,0.004667,13.321917
5423,1180.766667,13.235834,2,0,0.005458,13.241292
5424,1180.800000,13.407166,2,0,0.009792,13.416958
5425,1180.833333,13.566959,2,0,0.005791,13.572750
5426,1180.866667,13.236000,2,0,0.004750,13.240750
5427,1180.900000,12.988666,2,0,0.007125,12.995791
5428,1180.933333,13.386542,2,0,0.013416,13.399958
5429,1180.966667,13.624750,2,0,0.017125,13.641875
5430,1181.000000,13.746208,2,0,0.019500,13.765708
5431,1181.033333,14.447875,2,0,0.022834,14.470709
5432,1181.066667,14.066583,2,0,0.018958,14.085541
5433,1181.100000,14.294375,2,0,0.019667,14.314042
5434,1181.133333,14.323292,2,0,0.009875,14.333167
5435,1181.166667,14.335667,2,0,0.019667,14.355334
5436,1181.200000,14.415917,2,0,0.009333,14.425250
5437,1181.233333,14.508291,2,0,0.019167,14.527458
5438,1181.266667,14.373584,2,0,0.023791,14.397375
5439,1181.300000,14.324417,2,0,0.019916,14.344333
5440,1181.333333,14.045625,2,0,0.020584,14.066209
5441,1181.366667,14.377125,2,0,0.008209,14.385334
5442,1181.400000,14.714167,2,0,0.018250,14.732417
5443,1181.433333,14.686667,2,0,0.016375,14.703042
5444,1181.466667,14.207833,2,0,0.016792,14.224625
5445,1181.500000,14.333000,2,0,0.010417,14.343417
5446,1181.533333,13.914000,2,0,0.028708,13.942708
5447,1181.566667,14.012333,2,0,0.017667,14.030000
5448,1181.600000,13.283208,2,0,0.023458,13.306666
5449,1181.633333,13.508167,2,0,0.015000,13.523167
5450,1181.666667,14.558833,2,0,0.018167,14.577000
5451,1181.700000,12.622625,2,0,0.008875,12.631500
5452,1181.733333,11.679834,2,0,0.005791,11.685625
5453,1181.766667,11.640667,2,0,0.006458,11.647125
5454,1181.800000,12.152875,2,0,0.007917,12.160792
5455,1181.833333,11.721917,2,0,0.007708,11.729625
5456,1181.866667,12.167666,2,0,0.011959,12.179625
5457,1181.900000,11.339625,2,0,0.005625,11.345250
5458,1181.933333,11.167917,2,0,0.024583,11.192500
5459,1181.966667,11.724958,2,0,0.019667,11.744625
5460,1182.000000,12.270375,2,0,0.018459,12.288834
5461,1182.033333,12.089500,2,0,0.018916,12.108416
5462,1182.066667,13.312750,2,0,0.018000,13.330750
5463,1182.100000,13.166166,2,0,0.019084,13.185250
5464,1182.133333,13.811458,2,0,0.015250,13.826708
5465,1182.166667,17.375916,2,0,0.012792,17.388708
5466,1182.200000,15.984917,2,0,0.007667,15.992584
5467,1182.233333,16.526292,2,0,0.017375,16.543667
5468,1182.266667,15.667500,2,0,0.018542,15.686042
5469,1182.300000,15.848583,2,0,0.017334,15.865917
5470,1182.333333,15.010500,2,0,0.017208,15.027708
5471,1182.366667,15.904583,2,0,0.016417,15.921000
5472,1182.400000,15.521292,2,0,0.019583,15.540875
5473,1182.433333,15.108875,2,0,0.018625,15.127500
5474,1182.466667,15.715041,2,0,0.020459,15.735500
5475,1182.500000,15.047083,2,0,0.009292,15.056375
5476,1182.533333,15.852708,2,0,0.019959,15.872667
5477,1182.566667,14.925458,2,0,0.016084,14.941542
5478,1182.600000,14.764833,2,0,0.023500,14.788333
5479,1182.633333,14.510208,2,0,0.018833,14.529041
5480,1182.666667,15.138958,2,0,0.015833,15.154791
5481,1182.700000,14.007791,2,0,0.006250,14.014041
5482,1182.733333,13.352542,2,0,0.006125,13.358667
5483,1182.766667,13.478708,2,0,0.005792,13.484500
5484,1182.800000,13.224709,2,0,0.009583,13.234292
5485,1182.833333,13.548750,2,0,0.005458,13.554208
5486,1182.866667,13.608875,2,0,0.009250,13.618125
5487,1182.900000,14.221125,2,0,0.007750,14.228875
5488,1182.933333,13.078458,2,0,0.027709,13.106167
5489,1182.966667,12.657917,2,0,0.019917,12.677834
5490,1183.000000,14.145792,2,0,0.018583,14.164375
5491,1183.033333,13.752667,2,0,0.007583,13.760250
5492,1183.066667,14.642792,2,0,0.018333,14.661125
5493,1183.100000,14.022708,2,0,0.013375,14.036083
5494,1183.133333,15.171000,2,0,0.017625,15.188625
5495,1183.166667,14.011792,2,0,0.010166,14.021958
5496,1183.200000,13.813250,2,0,0.016292,13.829542
5497,1183.233333,14.399333,2,0,0.019958,14.419291
5498,1183.266667,16.188042,2,0,0.005458,16.193500
5499,1183.300000,13.998291,2,0,0.014084,14.012375
5500,1183.333333,13.794166,2,0,0.009042,13.803208
5501,1183.366667,14.524792,2,0,0.020625,14.545417
5502,1183.400000,14.875084,2,0,0.017791,14.892875
5503,1183.433333,14.982208,2,0,0.009667,14.991875
5504,1183.466667,14.355708,2,0,0.013542,14.369250
5505,1183.500000,15.326834,2,0,0.019916,15.346750
5506,1183.533333,15.783750,2,0,0.020042,15.803792
5507,1183.566667,15.645916,2,0,0.018959,15.664875
5508,1183.600000,14.517666,2,0,0.018125,14.535791
5509,1183.633333,14.296667,2,0,0.008208,14.304875
5510,1183.666667,13.412209,2,0,0.014375,13.426584
5511,1183.700000,14.020125,2,0,0.010000,14.030125
5512,1183.733333,12.570625,2,0,0.006625,12.577250
5513,1183.766667,12.292875,2,0,0.008750,12.301625
5514,1183.800000,12.195458,2,0,0.007625,12.203083
5515,1183.833333,12.167667,2,0,0.006917,12.174584
5516,1183.866667,11.769708,2,0,0.007959,11.777667
5517,1183.900000,11.456000,2,0,0.005667,11.461667
5518,1183.933333,12.483166,2,0,0.008250,12.491416
5519,1183.966667,11.539458,2,0,0.010084,11.549542
5520,1184.000000,11.392875,2,0,0.024667,11.417542
5521,1184.033333,12.242000,2,0,0.016917,12.258917
5522,1184.066667,15.637833,2,0,0.018417,15.656250
5523,1184.100000,15.128416,2,0,0.015084,15.143500
5524,1184.133333,16.138916,2,0,0.012584,16.151500
5525,1184.166667,15.419500,2,0,0.009625,15.429125
5526,1184.200000,15.506625,2,0,0.015541,15.522166
5527,1184.233333,16.861667,2,0,0.008708,16.870375
5528,1184.266667,15.496875,2,0,0.018208,15.515083
5529,1184.300000,16.431042,2,0,0.023292,16.454334
5530,1184.333333,15.543417,2,0,0.007333,15.550750
5531,1184.366667,15.582000,2,0,0.019458,15.601458
5532,1184.400000,14.974834,2,0,0.016208,14.991042
5533,1184.433333,15.439334,2,0,0.016708,15.456042
5534,1184.466667,15.416500,2,0,0.029583,15.446083
5535,1184.500000,15.518292,2,0,0.007916,15.526208
5536,1184.533333,16.045542,2,0,0.018458,16.064000
5537,1184.566667,15.278250,2,0,0.018500,15.296750
5538,1184.600000,15.520042,2,0,0.016500,15.536542
5539,1184.633333,15.777459,2,0,0.019666,15.797125
5540,1184.666667,15.548375,2,0,0.015834,15.564209
5541,1184.700000,15.564542,2,0,0.017750,15.582292
5542,1184.733333,14.777500,2,0,0.009167,14.786667
5543,1184.766667,13.518875,2,0,0.008458,13.527333
5544,1184.800000,14.185959,2,0,0.005833,14.191792
5545,1184.833333,15.607166,2,0,0.008292,15.615458
5546,1184.866667,14.239667,2,0,0.009417,14.249084
5547,1184.900000,13.654792,2,0,0.007416,13.662208
5548,1184.933333,13.426958,2,0,0.007708,13.434666
5549,1184.966667,13.443500,2,0,0.008375,13.451875
5550,1185.000000,13.131375,2,0,0.005292,13.136667
5551,1185.033333,13.870792,2,0,0.034291,13.905083
5552,1185.066667,13.184916,2,0,0.022417,13.207333
5553,1185.100000,13.380458,2,0,0.018208,13.398666
5554,1185.133333,14.625250,2,0,0.017708,14.642958
5555,1185.166667,15.722583,2,0,0.016167,15.738750
5556,1185.200000,14.033958,2,0,0.016083,14.050041
5557,1185.233333,15.351291,2,0,0.008667,15.359958
5558,1185.266667,14.574292,2,0,0.019583,14.593875
5559,1185.300000,14.842333,2,0,0.016958,14.859291
5560,1185.333333,13.801125,2,0,0.008125,13.809250
5561,1185.366667,15.132000,2,0,0.018167,15.150167
5562,1185.400000,14.550083,2,0,0.022834,14.572917
5563,1185.433333,14.083750,2,0,0.043791,14.127541
5564,1185.466667,14.695334,2,0,0.022916,14.718250
5565,1185.500000,13.756209,2,0,0.018541,13.774750
5566,1185.533333,14.381208,2,0,0.021250,14.402458
5567,1185.566667,14.185083,2,0,0.014542,14.199625
5568,1185.600000,14.118750,2,0,0.015833,14.134583
5569,1185.633333,13.753625,2,0,0.022500,13.776125
5570,1185.666667,13.649000,2,0,0.017209,13.666209
5571,1185.700000,13.223666,2,0,0.014875,13.238541
5572,1185.733333,14.851541,2,0,0.008459,14.860000
5573,1185.766667,12.657917,2,0,0.008958,12.666875
5574,1185.800000,11.624458,2,0,0.007625,11.632083
5575,1185.833333,11.983750,2,0,0.007750,11.991500
5576,1185.866667,13.099834,2,0,0.007833,13.107667
5577,1185.900000,15.218958,2,0,0.005833,15.224791
5578,1185.933333,15.402791,2,0,0.007625,15.410416
5579,1185.966667,15.371209,2,0,0.010166,15.381375
5580,1186.000000,15.456625,2,0,0.007083,15.463708
5581,1186.033333,15.558542,2,0,0.022792,15.581334
5582,1186.066667,15.426709,2,0,0.008666,15.435375
5583,1186.100000,15.610958,2,0,0.008833,15.619791
5584,1186.133333,15.072042,2,0,0.012958,15.085000
5585,1186.166667,15.875917,2,0,0.015583,15.891500
5586,1186.200000,15.739500,2,0,0.016333,15.755833
5587,1186.233333,16.470250,2,0,0.019041,16.489291
5588,1186.266667,17.315792,2,0,0.018958,17.334750
5589,1186.300000,15.295792,2,0,0.008792,15.304584
5590,1186.333333,16.208708,2,0,0.007875,16.216583
5591,1186.366667,15.744375,2,0,0.012084,15.756459
5592,1186.400000,15.742959,2,0,0.009583,15.752542
5593,1186.433333,15.180000,2,0,0.004958,15.184958
5594,1186.466667,15.559250,2,0,0.016250,15.575500
5595,1186.500000,16.364459,2,0,0.018875,16.383334
5596,1186.533333,15.525833,2,0,0.015875,15.541708
5597,1186.566667,15.465584,2,0,0.008333,15.473917
5598,1186.600000,15.135625,2,0,0.027958,15.163583
5599,1186.633333,14.602916,2,0,0.023917,14.626833
5600,1186.666667,15.334167,2,0,0.020208,15.354375
5601,1186.700000,14.596292,2,0,0.019125,14.615417
5602,1186.733333,15.087875,2,0,0.006084,15.093959
5603,1186.766667,14.094833,2,0,0.008167,14.103000
5604,1186.800000,12.908666,2,0,0.007750,12.916416
5605,1186.833333,13.898291,2,0,0.007750,13.906041
5606,1186.866667,13.116208,2,0,0.005500,13.121708
5607,1186.900000,13.168041,2,0,0.006042,13.174083
5608,1186.933333,12.793625,2,0,0.005000,12.798625
5609,1186.966667,13.141042,2,0,0.008375,13.149417
5610,1187.000000,12.695666,2,0,0.005959,12.701625
5611,1187.033333,12.773333,2,0,0.013084,12.786417
5612,1187.066667,13.002875,2,0,0.021500,13.024375
5613,1187.100000,16.475000,2,0,0.017459,16.492459
5614,1187.133333,16.280875,2,0,0.016542,16.297417
5615,1187.166667,16.610083,2,0,0.016834,16.626917
5616,1187.200000,15.832750,2,0,0.018334,15.851084
5617,1187.233333,16.953417,2,0,0.017083,16.970500
5618,1187.266667,16.146125,2,0,0.015625,16.161750
5619,1187.300000,15.769292,2,0,0.028083,15.797375
5620,1187.333333,15.430958,2,0,0.019584,15.450542
5621,1187.366667,16.191417,2,0,0.019583,16.211000
5622,1187.400000,15.864375,2,0,0.017583,15.881958
5623,1187.433333,16.286542,2,0,0.019166,16.305708
5624,1187.466667,15.579958,2,0,0.019042,15.599000
5625,1187.500000,15.833292,2,0,0.019375,15.852667
5626,1187.533333,15.366292,2,0,0.007833,15.374125
5627,1187.566667,15.195459,2,0,0.018416,15.213875
5628,1187.600000,15.600875,2,0,0.023417,15.624292
5629,1187.633333,15.324625,2,0,0.018458,15.343083
5630,1187.666667,15.266958,2,0,0.008333,15.275291
5631,1187.700000,15.436083,2,0,0.018125,15.454208
5632,1187.733333,15.926125,2,0,0.016875,15.943000
5633,1187.766667,14.616292,2,0,0.021625,14.637917
5634,1187.800000,12.686333,2,0,0.008959,12.695292
5635,1187.833333,13.231208,2,0,0.008542,13.239750
5636,1187.866667,13.083709,2,0,0.008916,13.092625
5637,1187.900000,13.441458,2,0,0.008292,13.449750
5638,1187.933333,13.403084,2,0,0.009541,13.412625
5639,1187.966667,12.857292,2,0,0.005833,12.863125
5640,1188.000000,12.662500,2,0,0.009500,12.672000
5641,1188.033333,13.063917,2,0,0.006041,13.069958
5642,1188.066667,15.472083,2,0,0.031208,15.503291
5643,1188.100000,14.937416,2,0,0.015834,14.953250
5644,1188.133333,16.378708,2,0,0.008958,16.387666
5645,1188.166667,15.916458,2,0,0.016250,15.932708
5646,1188.200000,16.341167,2,0,0.019250,16.360417
5647,1188.233333,15.820125,2,0,0.015167,15.835292
5648,1188.266667,16.320292,2,0,0.008292,16.328584
5649,1188.300000,16.029959,2,0,0.007708,16.037667
5650,1188.333333,15.952042,2,0,0.018833,15.970875
5651,1188.366667,15.615250,2,0,0.018792,15.634042
5652,1188.400000,15.383208,2,0,0.008417,15.391625
5653,1188.433333,15.629333,2,0,0.017625,15.646958
5654,1188.466667,16.150042,2,0,0.014875,16.164917
5655,1188.500000,15.169208,2,0,0.005292,15.174500
5656,1188.533333,14.826375,2,0,0.018125,14.844500
5657,1188.566667,16.068375,2,0,0.020250,16.088625
5658,1188.600000,14.300667,2,0,0.029875,14.330542
5659,1188.633333,16.194125,2,0,0.009458,16.203583
5660,1188.666667,14.355000,2,0,0.024500,14.379500
5661,1188.700000,14.476625,2,0,0.021250,14.497875
5662,1188.733333,14.127625,2,0,0.017083,14.144708
5663,1188.766667,13.990334,2,0,0.018833,14.009167
5664,1188.800000,12.438125,2,0,0.008416,12.446541
5665,1188.833333,12.426500,2,0,0.007292,12.433792
5666,1188.866667,15.455000,2,0,0.008375,15.463375
5667,1188.900000,14.940625,2,0,0.007167,14.947792
5668,1188.933333,14.586625,2,0,0.006041,14.592666
5669,1188.966667,14.424209,2,0,0.007333,14.431542
5670,1189.000000,14.688000,2,0,0.009584,14.697584
5671,1189.033333,14.318375,2,0,0.007708,14.326083
5672,1189.066667,14.255666,2,0,0.019459,14.275125
5673,1189.100000,14.952209,2,0,0.009083,14.961292
5674,1189.133333,14.272917,2,0,0.013125,14.286042
5675,1189.166667,15.744875,2,0,0.022375,15.767250
5676,1189.200000,14.480125,2,0,0.020750,14.500875
5677,1189.233333,15.660792,2,0,0.015000,15.675792
5678,1189.266667,14.824083,2,0,0.017000,14.841083
5679,1189.300000,14.900000,2,0,0.016709,14.916709
5680,1189.333333,14.914209,2,0,0.014416,14.928625
5681,1189.366667,14.520750,2,0,0.016583,14.537333
5682,1189.400000,14.347500,2,0,0.064083,14.411583
5683,1189.433333,14.076083,2,0,0.020500,14.096583
5684,1189.466667,15.879375,2,0,0.012250,15.891625
5685,1189.500000,16.694208,2,0,0.007000,16.701208
5686,1189.533333,16.790875,2,0,0.009834,16.800709
5687,1189.566667,15.596625,2,0,0.016125,15.612750
5688,1189.600000,16.222750,2,0,0.027625,16.250375
5689,1189.633333,15.201583,2,0,0.025292,15.226875
5690,1189.666667,16.159500,2,0,0.020041,16.179541
5691,1189.700000,15.352042,2,0,0.018166,15.370208
5692,1189.733333,16.457709,2,0,0.015791,16.473500
5693,1189.766667,15.424750,2,0,0.005250,15.430000
5694,1189.800000,15.893542,2,0,0.016208,15.909750
5695,1189.833333,13.876708,2,0,0.006583,13.883291
5696,1189.866667,15.310500,2,0,0.005167,15.315667
5697,1189.900000,14.219666,2,0,0.005875,14.225541
5698,1189.933333,14.116750,2,0,0.007584,14.124334
5699,1189.966667,14.469958,2,0,0.004792,14.474750
5700,1190.000000,14.207042,2,0,0.009083,14.216125
5701,1190.033333,13.747500,2,0,0.007833,13.755333
5702,1190.066667,13.963792,2,0,0.012833,13.976625
5703,1190.100000,13.244333,2,0,0.014958,13.259291
5704,1190.133333,13.638709,2,0,0.017916,13.656625
5705,1190.166667,14.544250,2,0,0.020708,14.564958
5706,1190.200000,14.584209,2,0,0.017583,14.601792
5707,1190.233333,15.161250,2,0,0.014500,15.175750
5708,1190.266667,15.561292,2,0,0.018583,15.579875
5709,1190.300000,15.402375,2,0,0.018375,15.420750
5710,1190.333333,14.934500,2,0,0.018292,14.952792
5711,1190.366667,15.543417,2,0,0.018208,15.561625
5712,1190.400000,14.545750,2,0,0.019708,14.565458
5713,1190.433333,15.750084,2,0,0.018500,15.768584
5714,1190.466667,14.750542,2,0,0.018208,14.768750
5715,1190.500000,14.645958,2,0,0.019542,14.665500
5716,1190.533333,15.444542,2,0,0.016333,15.460875
5717,1190.566667,14.470333,2,0,0.019625,14.489958
5718,1190.600000,14.428708,2,0,0.027000,14.455708
5719,1190.633333,13.636042,2,0,0.012500,13.648542
5720,1190.666667,14.247916,2,0,0.016625,14.264541
5721,1190.700000,17.441792,2,0,0.020667,17.462459
5722,1190.733333,16.238291,2,0,0.016875,16.255166
5723,1190.766667,15.648125,2,0,0.006916,15.655041
5724,1190.800000,16.642083,2,0,0.020375,16.662458
5725,1190.833333,15.289875,2,0,0.007959,15.297834
5726,1190.866667,14.295916,2,0,0.007667,14.303583
5727,1190.900000,14.338916,2,0,0.008459,14.347375
5728,1190.933333,14.799041,2,0,0.004750,14.803791
5729,1190.966667,14.379625,2,0,0.006792,14.386417
5730,1191.000000,14.513584,2,0,0.009083,14.522667
5731,1191.033333,13.980709,2,0,0.005625,13.986334
5732,1191.066667,14.943084,2,0,0.003500,14.946584
5733,1191.100000,13.860625,2,0,0.010375,13.871000
5734,1191.133333,13.780000,2,0,0.012250,13.792250
5735,1191.166667,13.407333,2,0,0.017917,13.425250
5736,1191.200000,13.655417,2,0,0.006333,13.661750
5737,1191.233333,14.599708,2,0,0.024625,14.624333
5738,1191.266667,14.837208,2,0,0.016084,14.853292
5739,1191.300000,15.312792,2,0,0.018708,15.331500
5740,1191.333333,14.593625,2,0,0.021583,14.615208
5741,1191.366667,14.777208,2,0,0.018709,14.795917
5742,1191.400000,14.297750,2,0,0.019083,14.316833
5743,1191.433333,15.100500,2,0,0.020125,15.120625
5744,1191.466667,13.807250,2,0,0.009709,13.816959
5745,1191.500000,15.020209,2,0,0.019250,15.039459
5746,1191.533333,14.234458,2,0,0.007542,14.242000
5747,1191.566667,13.731958,2,0,0.018709,13.750667
5748,1191.600000,13.182042,2,0,0.034917,13.216959
5749,1191.633333,14.100167,2,0,0.022083,14.122250
5750,1191.666667,13.674666,2,0,0.011125,13.685791
5751,1191.700000,13.733167,2,0,0.018250,13.751417
5752,1191.733333,13.603583,2,0,0.013417,13.617000
5753,1191.766667,14.410375,2,0,0.009041,14.419416
5754,1191.800000,17.757417,2,0,0.017458,17.774875
5755,1191.833333,15.378083,2,0,0.007375,15.385458
5756,1191.866667,14.406959,2,0,0.007583,14.414542
5757,1191.900000,15.209667,2,0,0.009833,15.219500
5758,1191.933333,14.478208,2,0,0.005167,14.483375
5759,1191.966667,14.711583,2,0,0.009125,14.720708
5760,1192.000000,14.351667,2,0,0.007583,14.359250
5761,1192.033333,16.509542,2,0,0.009500,16.519042
5762,1192.066667,13.731000,2,0,0.009708,13.740708
5763,1192.100000,14.021416,2,0,0.019917,14.041333
5764,1192.133333,14.744000,2,0,0.014791,14.758791
5765,1192.166667,15.081583,2,0,0.017125,15.098708
5766,1192.200000,15.340458,2,0,0.017583,15.358041
5767,1192.233333,15.301041,2,0,0.007917,15.308958
5768,1192.266667,15.922500,2,0,0.021875,15.944375
5769,1192.300000,15.109334,2,0,0.019375,15.128709
5770,1192.333333,15.292875,2,0,0.015666,15.308541
5771,1192.366667,14.957041,2,0,0.014500,14.971541
5772,1192.400000,15.015583,2,0,0.013584,15.029167
5773,1192.433333,15.139458,2,0,0.039375,15.178833
5774,1192.466667,15.659542,2,0,0.020208,15.679750
5775,1192.500000,15.370958,2,0,0.016792,15.387750
5776,1192.533333,15.003208,2,0,0.017959,15.021167
5777,1192.566667,14.133000,2,0,0.019458,14.152458
5778,1192.600000,14.040333,2,0,0.032209,14.072542
5779,1192.633333,14.401666,2,0,0.008584,14.410250
5780,1192.666667,14.200041,2,0,0.014334,14.214375
5781,1192.700000,15.319792,2,0,0.020042,15.339834
5782,1192.733333,16.727209,2,0,0.020375,16.747584
5783,1192.766667,16.300875,2,0,0.027750,16.328625
5784,1192.800000,16.449916,2,0,0.023667,16.473583
5785,1192.833333,15.200333,2,0,0.010000,15.210333
5786,1192.866667,13.896209,2,0,0.007166,13.903375
5787,1192.900000,14.702000,2,0,0.005125,14.707125
5788,1192.933333,14.583500,2,0,0.009583,14.593083
5789,1192.966667,13.983500,2,0,0.008125,13.991625
5790,1193.000000,15.268959,2,0,0.007166,15.276125
5791,1193.033333,14.859500,2,0,0.005417,14.864917
5792,1193.066667,14.284167,2,0,0.007958,14.292125
5793,1193.100000,14.079875,2,0,0.008917,14.088792
5794,1193.133333,14.921416,2,0,0.018084,14.939500
5795,1193.166667,14.212167,2,0,0.015166,14.227333
5796,1193.200000,14.624875,2,0,0.017000,14.641875
5797,1193.233333,15.447250,2,0,0.015917,15.463167
5798,1193.266667,15.663500,2,0,0.016375,15.679875
5799,1193.300000,15.841792,2,0,0.017916,15.859708
5800,1193.333333,14.682084,2,0,0.017416,14.699500
5801,1193.366667,15.532667,2,0,0.005875,15.538542
5802,1193.400000,15.568667,2,0,0.018917,15.587584
5803,1193.433333,15.213250,2,0,0.017250,15.230500
5804,1193.466667,14.899916,2,0,0.020584,14.920500
5805,1193.500000,15.117542,2,0,0.016416,15.133958
5806,1193.533333,14.393209,2,0,0.014416,14.407625
5807,1193.566667,16.776417,2,0,0.016291,16.792708
5808,1193.600000,13.556625,2,0,0.015917,13.572542
5809,1193.633333,14.221583,2,0,0.014292,14.235875
5810,1193.666667,14.865084,2,0,0.017916,14.883000
5811,1193.700000,14.679000,2,0,0.018958,14.697958
5812,1193.733333,14.392292,2,0,0.023666,14.415958
5813,1193.766667,14.306375,2,0,0.018500,14.324875
5814,1193.800000,13.835375,2,0,0.021333,13.856708
5815,1193.833333,14.562542,2,0,0.018292,14.580834
5816,1193.866667,13.627458,2,0,0.004625,13.632083
5817,1193.900000,14.132584,2,0,0.004541,14.137125
5818,1193.933333,15.169125,2,0,0.007375,15.176500
5819,1193.966667,14.935375,2,0,0.004750,14.940125
5820,1194.000000,14.883875,2,0,0.005292,14.889167
5821,1194.033333,14.491583,2,0,0.007750,14.499333
5822,1194.066667,14.328542,2,0,0.009458,14.338000
5823,1194.100000,14.186792,2,0,0.005291,14.192083
5824,1194.133333,14.182000,2,0,0.016833,14.198833
5825,1194.166667,14.736541,2,0,0.007792,14.744333
5826,1194.200000,14.391125,2,0,0.019000,14.410125
5827,1194.233333,15.404500,2,0,0.019208,15.423708
5828,1194.266667,14.910958,2,0,0.015084,14.926042
5829,1194.300000,15.636791,2,0,0.018542,15.655333
5830,1194.333333,15.061500,2,0,0.017833,15.079333
5831,1194.366667,14.949750,2,0,0.023542,14.973292
5832,1194.400000,14.850834,2,0,0.021708,14.872542
5833,1194.433333,15.342209,2,0,0.016291,15.358500
5834,1194.466667,15.299125,2,0,0.016791,15.315916
5835,1194.500000,15.386625,2,0,0.016042,15.402667
5836,1194.533333,14.712292,2,0,0.017875,14.730167
5837,1194.566667,15.124375,2,0,0.015583,15.139958
5838,1194.600000,14.616500,2,0,0.008500,14.625000
5839,1194.633333,14.970291,2,0,0.016667,14.986958
5840,1194.666667,14.492584,2,0,0.016291,14.508875
5841,1194.700000,14.736958,2,0,0.009209,14.746167
5842,1194.733333,14.224334,2,0,0.016125,14.240459
5843,1194.766667,14.483416,2,0,0.017417,14.500833
5844,1194.800000,15.697292,2,0,0.015750,15.713042
5845,1194.833333,17.507458,2,0,0.018875,17.526333
5846,1194.866667,15.321625,2,0,0.007834,15.329459
5847,1194.900000,14.630625,2,0,0.007167,14.637792
5848,1194.933333,15.282041,2,0,0.008417,15.290458
5849,1194.966667,14.059083,2,0,0.006917,14.066000
5850,1195.000000,14.950291,2,0,0.007459,14.957750
5851,1195.033333,15.193834,2,0,0.006333,15.200167
5852,1195.066667,14.207000,2,0,0.005334,14.212334
5853,1195.100000,14.058667,2,0,0.006750,14.065417
5854,1195.133333,14.618000,2,0,0.009500,14.627500
5855,1195.166667,14.236208,2,0,0.007583,14.243791
5856,1195.200000,13.790583,2,0,0.021875,13.812458
5857,1195.233333,14.950041,2,0,0.019584,14.969625
5858,1195.266667,14.574750,2,0,0.018000,14.592750
5859,1195.300000,15.222166,2,0,0.018792,15.240958
5860,1195.333333,14.918333,2,0,0.015292,14.933625
5861,1195.366667,14.935333,2,0,0.023250,14.958583
5862,1195.400000,15.360792,2,0,0.018208,15.379000
5863,1195.433333,15.398917,2,0,0.008666,15.407583
5864,1195.466667,14.193083,2,0,0.006500,14.199583
5865,1195.500000,14.764625,2,0,0.016667,14.781292
5866,1195.533333,14.430416,2,0,0.018625,14.449041
5867,1195.566667,15.217792,2,0,0.020083,15.237875
5868,1195.600000,14.672958,2,0,0.020334,14.693292
5869,1195.633333,14.906250,2,0,0.018750,14.925000
5870,1195.666667,13.671958,2,0,0.015500,13.687458
5871,1195.700000,13.929500,2,0,0.027292,13.956792
5872,1195.733333,14.149000,2,0,0.013208,14.162208
5873,1195.766667,14.228167,2,0,0.010041,14.238208
5874,1195.800000,14.849959,2,0,0.018000,14.867959
5875,1195.833333,14.242625,2,0,0.023375,14.266000
5876,1195.866667,15.415750,2,0,0.007875,15.423625
5877,1195.900000,15.642500,2,0,0.008667,15.651167
5878,1195.933333,14.542917,2,0,0.008541,14.551458
5879,1195.966667,14.504167,2,0,0.007625,14.511792
5880,1196.000000,14.291666,2,0,0.007875,14.299541
5881,1196.033333,14.600167,2,0,0.007666,14.607833
5882,1196.066667,14.602625,2,0,0.010875,14.613500
5883,1196.100000,13.900750,2,0,0.005459,13.906209
5884,1196.133333,13.928917,2,0,0.024292,13.953209
5885,1196.166667,14.061375,2,0,0.020959,14.082334
5886,1196.200000,14.196084,2,0,0.016625,14.212709
5887,1196.233333,15.330625,2,0,0.018541,15.349166
5888,1196.266667,14.458083,2,0,0.010584,14.468667
5889,1196.300000,15.551916,2,0,0.018709,15.570625
5890,1196.333333,15.846958,2,0,0.017583,15.864541
5891,1196.366667,15.097667,2,0,0.007708,15.105375
5892,1196.400000,15.780250,2,0,0.008125,15.788375
5893,1196.433333,14.686625,2,0,0.018041,14.704666
5894,1196.466667,15.468250,2,0,0.011959,15.480209
5895,1196.500000,15.416958,2,0,0.019917,15.436875
5896,1196.533333,15.535250,2,0,0.016917,15.552167
5897,1196.566667,14.716416,2,0,0.032500,14.748916
5898,1196.600000,15.361417,2,0,0.012583,15.374000
5899,1196.633333,14.717291,2,0,0.017042,14.734333
5900,1196.666667,15.348750,2,0,0.017333,15.366083
5901,1196.700000,15.163542,2,0,0.016083,15.179625
5902,1196.733333,14.754000,2,0,0.016292,14.770292
5903,1196.766667,15.682084,2,0,0.016708,15.698792
5904,1196.800000,14.499792,2,0,0.015708,14.515500
5905,1196.833333,15.119334,2,0,0.007583,15.126917
5906,1196.866667,14.679291,2,0,0.013667,14.692958
5907,1196.900000,12.423750,2,0,0.008708,12.432458
5908,1196.933333,13.641292,2,0,0.007125,13.648417
5909,1196.966667,13.185583,2,0,0.004667,13.190250
5910,1197.000000,13.322917,2,0,0.006250,13.329167
5911,1197.033333,13.286834,2,0,0.007541,13.294375
5912,1197.066667,12.758833,2,0,0.004667,12.763500
5913,1197.100000,12.847083,2,0,0.007417,12.854500
5914,1197.133333,13.023083,2,0,0.011500,13.034583
5915,1197.166667,12.428708,2,0,0.009000,12.437708
5916,1197.200000,12.757458,2,0,0.024709,12.782167
5917,1197.233333,12.385792,2,0,0.020083,12.405875
5918,1197.266667,14.965625,2,0,0.008417,14.974042
5919,1197.300000,13.763542,2,0,0.011333,13.774875
5920,1197.333333,13.090333,2,0,0.018209,13.108542
5921,1197.366667,14.593834,2,0,0.020125,14.613959
5922,1197.400000,13.612375,2,0,0.019875,13.632250
5923,1197.433333,14.498125,2,0,0.018917,14.517042
5924,1197.466667,14.266333,2,0,0.016667,14.283000
5925,1197.500000,14.007000,2,0,0.019875,14.026875
5926,1197.533333,13.718875,2,0,0.007625,13.726500
5927,1197.566667,14.312334,2,0,0.017625,14.329959
5928,1197.600000,13.515792,2,0,0.008083,13.523875
5929,1197.633333,13.160334,2,0,0.017583,13.177917
5930,1197.666667,13.885916,2,0,0.020209,13.906125
5931,1197.700000,14.362625,2,0,0.016292,14.378917
5932,1197.733333,13.480292,2,0,0.011708,13.492000
5933,1197.766667,14.032875,2,0,0.017958,14.050833
5934,1197.800000,14.435417,2,0,0.018333,14.453750
5935,1197.833333,13.203959,2,0,0.006666,13.210625
5936,1197.866667,13.476583,2,0,0.018667,13.495250
5937,1197.900000,11.975666,2,0,0.009375,11.985041
5938,1197.933333,11.529000,2,0,0.008083,11.537083
5939,1197.966667,11.865750,2,0,0.006375,11.872125
5940,1198.000000,12.173250,2,0,0.007875,12.181125
5941,1198.033333,15.142417,2,0,0.006083,15.148500
5942,1198.066667,14.756750,2,0,0.009166,14.765916
5943,1198.100000,14.394541,2,0,0.005084,14.399625
5944,1198.133333,14.846000,2,0,0.012417,14.858417
5945,1198.166667,14.714500,2,0,0.009375,14.723875
5946,1198.200000,14.680250,2,0,0.012042,14.692292
5947,1198.233333,14.429083,2,0,0.022000,14.451083
5948,1198.266667,15.057708,2,0,0.017458,15.075166
5949,1198.300000,15.086583,2,0,0.017000,15.103583
5950,1198.333333,15.429625,2,0,0.017084,15.446709
5951,1198.366667,15.754459,2,0,0.017125,15.771584
5952,1198.400000,15.319750,2,0,0.022708,15.342458
5953,1198.433333,15.240584,2,0,0.015416,15.256000
5954,1198.466667,15.852417,2,0,0.014791,15.867208
5955,1198.500000,15.705375,2,0,0.011750,15.717125
5956,1198.533333,14.996667,2,0,0.019916,15.016583
5957,1198.566667,15.991000,2,0,0.019458,16.010458
5958,1198.600000,14.694209,2,0,0.009833,14.704042
5959,1198.633333,14.462792,2,0,0.023083,14.485875
5960,1198.666667,14.173833,2,0,0.019500,14.193333
5961,1198.700000,15.223917,2,0,0.018958,15.242875
5962,1198.733333,15.192292,2,0,0.005333,15.197625
5963,1198.766667,15.201958,2,0,0.009500,15.211458
5964,1198.800000,15.542625,2,0,0.019041,15.561666
5965,1198.833333,15.565792,2,0,0.006208,15.572000
5966,1198.866667,15.022709,2,0,0.013000,15.035709
5967,1198.900000,15.334125,2,0,0.004625,15.338750
5968,1198.933333,13.834250,2,0,0.007708,13.841958
5969,1198.966667,13.526292,2,0,0.008166,13.534458
5970,1199.000000,13.610209,2,0,0.007291,13.617500
5971,1199.033333,13.589875,2,0,0.005792,13.595667
5972,1199.066667,14.690042,2,0,0.008708,14.698750
5973,1199.100000,13.910917,2,0,0.008875,13.919792
5974,1199.133333,13.412292,2,0,0.004708,13.417000
5975,1199.166667,13.415750,2,0,0.009667,13.425417
5976,1199.200000,13.459667,2,0,0.006125,13.465792
5977,1199.233333,13.307625,2,0,0.007000,13.314625
5978,1199.266667,13.478208,2,0,0.013084,13.491292
5979,1199.300000,14.538625,2,0,0.016875,14.555500
5980,1199.333333,14.269583,2,0,0.022584,14.292167
5981,1199.366667,14.642292,2,0,0.016458,14.658750
5982,1199.400000,15.227875,2,0,0.016708,15.244583
5983,1199.433333,15.066125,2,0,0.015417,15.081542
5984,1199.466667,14.203542,2,0,0.032542,14.236084
5985,1199.500000,14.350334,2,0,0.016666,14.367000
5986,1199.533333,15.331292,2,0,0.020000,15.351292
5987,1199.566667,13.890583,2,0,0.019792,13.910375
5988,1199.600000,14.056333,2,0,0.006709,14.063042
5989,1199.633333,14.061667,2,0,0.022083,14.083750
5990,1199.666667,13.970417,2,0,0.020416,13.990833
5991,1199.700000,14.059666,2,0,0.025750,14.085416
5992,1199.733333,14.203250,2,0,0.012917,14.216167
5993,1199.766667,14.048084,2,0,0.019083,14.067167
5994,1199.800000,13.724458,2,0,0.024250,13.748708
5995,1199.833333,14.017292,2,0,0.008167,14.025459
5996,1199.866667,14.298917,2,0,0.021750,14.320667
5997,1199.900000,13.764292,2,0,0.016083,13.780375
5998,1199.933333,12.742333,2,0,0.008208,12.750541
5999,1199.966667,12.341625,2,0,0.006916,12.348541
6000,1200.000000,12.425000,2,0,0.007917,12.432917
6001,1200.033333,12.502834,2,0,0.007833,12.510667
6002,1200.066667,12.392667,2,0,0.008833,12.401500
6003,1200.100000,11.832417,2,0,0.005416,11.837833
6004,1200.133333,11.742625,2,0,0.004750,11.747375
6005,1200.166667,11.547667,2,0,0.010833,11.558500
6006,1200.200000,12.176958,2,0,0.011208,12.188166
6007,1200.233333,12.084291,2,0,0.008917,12.093208
6008,1200.266667,12.111083,2,0,0.015167,12.126250
6009,1200.300000,13.125208,2,0,0.033333,13.158541
6010,1200.333333,12.889375,2,0,0.014458,12.903833
6011,1200.366667,13.606333,2,0,0.016833,13.623166
6012,1200.400000,13.006000,2,0,0.008458,13.014458
6013,1200.433333,13.177458,2,0,0.018083,13.195541
6014,1200.466667,14.049458,2,0,0.017042,14.066500
6015,1200.500000,13.262542,2,0,0.006292,13.268834
6016,1200.533333,13.404625,2,0,0.027042,13.431667
6017,1200.566667,12.493583,2,0,0.018500,12.512083
6018,1200.600000,13.244875,2,0,0.020250,13.265125
6019,1200.633333,12.802083,2,0,0.022084,12.824167
6020,1200.666667,12.607667,2,0,0.043167,12.650834
6021,1200.700000,13.314583,2,0,0.019667,13.334250
6022,1200.733333,17.214917,2,0,0.008916,17.223833
6023,1200.766667,16.639166,2,0,0.011292,16.650458
6024,1200.800000,16.697250,2,0,0.016333,16.713583
6025,1200.833333,17.021250,2,0,0.017292,17.038542
6026,1200.866667,17.062541,2,0,0.030834,17.093375
6027,1200.900000,15.229208,2,0,0.018667,15.247875
6028,1200.933333,14.487291,2,0,0.008792,14.496083
6029,1200.966667,14.956000,2,0,0.008917,14.964917
6030,1201.000000,14.337958,2,0,0.006042,14.344000
6031,1201.033333,13.804333,2,0,0.007667,13.812000
6032,1201.066667,14.497875,2,0,0.007833,14.505708
6033,1201.100000,14.139958,2,0,0.005417,14.145375
6034,1201.133333,14.377084,2,0,0.005625,14.382709
6035,1201.166667,13.850833,2,0,0.007250,13.858083
6036,1201.200000,14.609334,2,0,0.008375,14.617709
6037,1201.233333,13.865500,2,0,0.008791,13.874291
6038,1201.266667,13.950166,2,0,0.012167,13.962333
6039,1201.300000,13.723667,2,0,0.011833,13.735500
6040,1201.333333,14.157500,2,0,0.014917,14.172417
6041,1201.366667,14.066500,2,0,0.004083,14.070583
6042,1201.400000,15.719334,2,0,0.018791,15.738125
6043,1201.433333,15.697041,2,0,0.020209,15.717250
6044,1201.466667,14.583667,2,0,0.015042,14.598709
6045,1201.500000,14.870875,2,0,0.005250,14.876125
6046,1201.533333,14.690500,2,0,0.015667,14.706167
6047,1201.566667,15.443292,2,0,0.019750,15.463042
6048,1201.600000,14.693583,2,0,0.007584,14.701167
6049,1201.633333,15.328542,2,0,0.008875,15.337417
6050,1201.666667,14.343209,2,0,0.015791,14.359000
6051,1201.700000,15.466667,2,0,0.016000,15.482667
6052,1201.733333,14.818583,2,0,0.008792,14.827375
6053,1201.766667,14.712250,2,0,0.016791,14.729041
6054,1201.800000,14.583791,2,0,0.020209,14.604000
6055,1201.833333,14.057959,2,0,0.018791,14.076750
6056,1201.866667,14.903250,2,0,0.018084,14.921334
6057,1201.900000,14.606250,2,0,0.018542,14.624792
6058,1201.933333,15.430125,2,0,0.018250,15.448375
6059,1201.966667,13.882458,2,0,0.005708,13.888166
6060,1202.000000,13.861500,2,0,0.010250,13.871750
6061,1202.033333,13.155209,2,0,0.008333,13.163542
6062,1202.066667,12.923166,2,0,0.005667,12.928833
6063,1202.100000,13.543750,2,0,0.005292,13.549042
6064,1202.133333,13.140375,2,0,0.007166,13.147541
6065,1202.166667,13.279459,2,0,0.008125,13.287584
6066,1202.200000,13.314959,2,0,0.008208,13.323167
6067,1202.233333,13.258000,2,0,0.007541,13.265541
6068,1202.266667,12.840209,2,0,0.007458,12.847667
6069,1202.300000,13.209667,2,0,0.012166,13.221833
6070,1202.333333,12.275583,2,0,0.030584,12.306167
6071,1202.366667,13.884125,2,0,0.008291,13.892416
6072,1202.400000,14.866708,2,0,0.017250,14.883958
6073,1202.433333,14.935125,2,0,0.019958,14.955083
6074,1202.466667,14.208166,2,0,0.015125,14.223291
6075,1202.500000,14.697834,2,0,0.021541,14.719375
6076,1202.533333,13.389792,2,0,0.020625,13.410417
6077,1202.566667,14.539500,2,0,0.016583,14.556083
6078,1202.600000,16.336833,2,0,0.026792,16.363625
6079,1202.633333,14.323000,2,0,0.026083,14.349083
6080,1202.666667,14.751709,2,0,0.020875,14.772584
6081,1202.700000,14.499917,2,0,0.019958,14.519875
6082,1202.733333,14.737916,2,0,0.018459,14.756375
6083,1202.766667,14.138333,2,0,0.017208,14.155541
6084,1202.800000,14.939750,2,0,0.020667,14.960417
6085,1202.833333,14.128333,2,0,0.008042,14.136375
6086,1202.866667,13.930625,2,0,0.007916,13.938541
6087,1202.900000,13.727417,2,0,0.014917,13.742334
6088,1202.933333,12.440583,2,0,0.028042,12.468625
6089,1202.966667,12.648375,2,0,0.009458,12.657833
6090,1203.000000,12.305584,2,0,0.008750,12.314334
6091,1203.033333,12.052583,2,0,0.006875,12.059458
6092,1203.066667,12.054958,2,0,0.004250,12.059208
6093,1203.100000,12.643875,2,0,0.008292,12.652167
6094,1203.133333,12.313625,2,0,0.007792,12.321417
6095,1203.166667,11.685125,2,0,0.005708,11.690833
6096,1203.200000,11.916708,2,0,0.003542,11.920250
6097,1203.233333,12.175250,2,0,0.006417,12.181667
6098,1203.266667,12.545375,2,0,0.009875,12.555250
6099,1203.300000,12.122750,2,0,0.008750,12.131500
6100,1203.333333,12.165375,2,0,0.009541,12.174916
6101,1203.366667,11.623042,2,0,0.018542,11.641584
6102,1203.400000,12.607333,2,0,0.015208,12.622541
6103,1203.433333,12.813209,2,0,0.027333,12.840542
6104,1203.466667,14.150333,2,0,0.019083,14.169416
6105,1203.500000,17.563000,2,0,0.013959,17.576959
6106,1203.533333,16.591500,2,0,0.015667,16.607167
6107,1203.566667,17.428416,2,0,0.016417,17.444833
6108,1203.600000,16.055583,2,0,0.009542,16.065125
6109,1203.633333,16.623875,2,0,0.017583,16.641458
6110,1203.666667,16.433291,2,0,0.015209,16.448500
6111,1203.700000,16.530875,2,0,0.016584,16.547459
6112,1203.733333,16.561375,2,0,0.030334,16.591709
6113,1203.766667,15.599167,2,0,0.023208,15.622375
6114,1203.800000,15.891208,2,0,0.007125,15.898333
6115,1203.833333,15.130041,2,0,0.016292,15.146333
6116,1203.866667,15.894542,2,0,0.017667,15.912209
6117,1203.900000,15.653833,2,0,0.015625,15.669458
6118,1203.933333,16.496583,2,0,0.018792,16.515375
6119,1203.966667,15.200417,2,0,0.008375,15.208792
6120,1204.000000,14.373875,2,0,0.008584,14.382459
6121,1204.033333,14.219167,2,0,0.004667,14.223834
6122,1204.066667,14.530083,2,0,0.005375,14.535458
6123,1204.100000,14.142250,2,0,0.016583,14.158833
6124,1204.133333,14.437500,2,0,0.004791,14.442291
6125,1204.166667,14.708250,2,0,0.006416,14.714666
6126,1204.200000,14.070666,2,0,0.004792,14.075458
6127,1204.233333,14.684125,2,0,0.006666,14.690791
6128,1204.266667,14.001875,2,0,0.010750,14.012625
6129,1204.300000,14.151209,2,0,0.006041,14.157250
6130,1204.333333,14.180584,2,0,0.007583,14.188167
6131,1204.366667,14.130750,2,0,0.014584,14.145334
6132,1204.400000,14.848417,2,0,0.019292,14.867709
6133,1204.433333,14.863416,2,0,0.007834,14.871250
6134,1204.466667,14.744791,2,0,0.015834,14.760625
6135,1204.500000,14.897584,2,0,0.018333,14.915917
6136,1204.533333,15.218959,2,0,0.017375,15.236334
6137,1204.566667,15.343084,2,0,0.019791,15.362875
6138,1204.600000,15.544166,2,0,0.007250,15.551416
6139,1204.633333,15.513500,2,0,0.018959,15.532459
6140,1204.666667,15.113750,2,0,0.020292,15.134042
6141,1204.700000,14.613083,2,0,0.007834,14.620917
6142,1204.733333,15.027833,2,0,0.006792,15.034625
6143,1204.766667,14.109833,2,0,0.010750,14.120583
6144,1204.800000,15.186542,2,0,0.023000,15.209542
6145,1204.833333,14.687583,2,0,0.015500,14.703083
6146,1204.866667,15.353708,2,0,0.015042,15.368750
6147,1204.900000,14.984625,2,0,0.015625,15.000250
6148,1204.933333,14.397333,2,0,0.023083,14.420416
6149,1204.966667,14.003250,2,0,0.009292,14.012542
6150,1205.000000,15.029000,2,0,0.009875,15.038875
6151,1205.033333,13.064416,2,0,0.008625,13.073041
6152,1205.066667,12.312375,2,0,0.007750,12.320125
6153,1205.100000,12.723125,2,0,0.005917,12.729042
6154,1205.133333,12.869291,2,0,0.008542,12.877833
6155,1205.166667,12.475708,2,0,0.009917,12.485625
6156,1205.200000,12.379584,2,0,0.007166,12.386750
6157,1205.233333,12.408208,2,0,0.008292,12.416500
6158,1205.266667,12.161209,2,0,0.006666,12.167875
6159,1205.300000,12.149709,2,0,0.008166,12.157875
6160,1205.333333,12.259542,2,0,0.022583,12.282125
6161,1205.366667,12.819958,2,0,0.018709,12.838667
6162,1205.400000,13.279917,2,0,0.017583,13.297500
6163,1205.433333,13.110292,2,0,0.018208,13.128500
6164,1205.466667,13.478167,2,0,0.020000,13.498167
6165,1205.500000,13.522917,2,0,0.017958,13.540875
6166,1205.533333,13.463167,2,0,0.026458,13.489625
6167,1205.566667,13.268791,2,0,0.023834,13.292625
6168,1205.600000,12.724500,2,0,0.017500,12.742000
6169,1205.633333,13.568000,2,0,0.008208,13.576208
6170,1205.666667,16.378875,2,0,0.005667,16.384542
6171,1205.700000,16.809792,2,0,0.017833,16.827625
6172,1205.733333,15.399750,2,0,0.019667,15.419417
6173,1205.766667,16.254209,2,0,0.020000,16.274209
6174,1205.800000,15.386291,2,0,0.008917,15.395208
6175,1205.833333,15.840917,2,0,0.008833,15.849750
6176,1205.866667,15.582000,2,0,0.015041,15.597041
6177,1205.900000,15.168959,2,0,0.009125,15.178084
6178,1205.933333,15.414250,2,0,0.014084,15.428334
6179,1205.966667,15.757458,2,0,0.009333,15.766791
6180,1206.000000,16.846667,2,0,0.005083,16.851750
6181,1206.033333,13.496625,2,0,0.009375,13.506000
6182,1206.066667,13.382542,2,0,0.005000,13.387542
6183,1206.100000,13.798375,2,0,0.004125,13.802500
6184,1206.133333,13.452792,2,0,0.007542,13.460334
6185,1206.166667,13.385458,2,0,0.006583,13.392041
6186,1206.200000,12.837125,2,0,0.007000,12.844125
6187,1206.233333,13.519416,2,0,0.006250,13.525666
6188,1206.266667,13.568958,2,0,0.006833,13.575791
6189,1206.300000,13.223917,2,0,0.008167,13.232084
6190,1206.333333,13.477208,2,0,0.008667,13.485875
6191,1206.366667,13.275125,2,0,0.021083,13.296208
6192,1206.400000,13.465334,2,0,0.020458,13.485792
6193,1206.433333,14.833375,2,0,0.018417,14.851792
6194,1206.466667,14.922458,2,0,0.017208,14.939666
6195,1206.500000,14.341000,2,0,0.013292,14.354292
6196,1206.533333,14.687458,2,0,0.019334,14.706792
6197,1206.566667,14.093917,2,0,0.017167,14.111084
6198,1206.600000,14.764291,2,0,0.017959,14.782250
6199,1206.633333,15.146292,2,0,0.019417,15.165709
6200,1206.666667,14.558917,2,0,0.011041,14.569958
6201,1206.700000,14.904417,2,0,0.013541,14.917958
6202,1206.733333,14.604709,2,0,0.019541,14.624250
6203,1206.766667,14.335958,2,0,0.023750,14.359708
6204,1206.800000,13.978458,2,0,0.020292,13.998750
6205,1206.833333,14.500917,2,0,0.018292,14.519209
6206,1206.866667,14.300541,2,0,0.017042,14.317583
6207,1206.900000,15.327916,2,0,0.019084,15.347000
6208,1206.933333,14.297000,2,0,0.018833,14.315833
6209,1206.966667,14.794417,2,0,0.019083,14.813500
6210,1207.000000,12.923041,2,0,0.008709,12.931750
6211,1207.033333,12.434125,2,0,0.006500,12.440625
6212,1207.066667,12.542458,2,0,0.004167,12.546625
6213,1207.100000,12.407167,2,0,0.007792,12.414959
6214,1207.133333,12.701125,2,0,0.008125,12.709250
6215,1207.166667,12.418000,2,0,0.005500,12.423500
6216,1207.200000,12.663083,2,0,0.006958,12.670041
6217,1207.233333,12.216917,2,0,0.008625,12.225542
6218,1207.266667,12.206000,2,0,0.007959,12.213959
6219,1207.300000,12.428667,2,0,0.004666,12.433333
6220,1207.333333,12.458292,2,0,0.008542,12.466834
6221,1207.366667,12.348833,2,0,0.010375,12.359208
6222,1207.400000,12.708709,2,0,0.017458,12.726167
6223,1207.433333,15.442541,2,0,0.017917,15.460458
6224,1207.466667,15.029583,2,0,0.008917,15.038500
6225,1207.500000,15.607916,2,0,0.019959,15.627875
6226,1207.533333,14.885750,2,0,0.016000,14.901750
6227,1207.566667,15.940666,2,0,0.018959,15.959625
6228,1207.600000,16.371916,2,0,0.018709,16.390625
6229,1207.633333,15.573417,2,0,0.019000,15.592417
6230,1207.666667,15.827625,2,0,0.018292,15.845917
6231,1207.700000,16.172583,2,0,0.057167,16.229750
6232,1207.733333,16.026375,2,0,0.019083,16.045458
6233,1207.766667,14.960125,2,0,0.018542,14.978667
6234,1207.800000,15.604166,2,0,0.045625,15.649791
6235,1207.833333,15.104750,2,0,0.019458,15.124208
6236,1207.866667,15.690542,2,0,0.017666,15.708208
6237,1207.900000,15.247208,2,0,0.015667,15.262875
6238,1207.933333,14.349000,2,0,0.007500,14.356500
6239,1207.966667,14.449292,2,0,0.019958,14.469250
6240,1208.000000,14.391167,2,0,0.010792,14.401959
6241,1208.033333,14.164083,2,0,0.019083,14.183166
6242,1208.066667,13.719709,2,0,0.008125,13.727834
6243,1208.100000,14.004958,2,0,0.006333,14.011291
6244,1208.133333,14.987958,2,0,0.007000,14.994958
6245,1208.166667,13.860666,2,0,0.009917,13.870583
6246,1208.200000,14.059250,2,0,0.007750,14.067000
6247,1208.233333,14.261625,2,0,0.007833,14.269458
6248,1208.266667,13.620125,2,0,0.008625,13.628750
6249,1208.300000,13.606375,2,0,0.007084,13.613459
6250,1208.333333,14.014667,2,0,0.010542,14.025209
6251,1208.366667,13.581708,2,0,0.010417,13.592125
6252,1208.400000,13.728958,2,0,0.011042,13.740000
6253,1208.433333,13.496584,2,0,0.022708,13.519292
6254,1208.466667,13.739000,2,0,0.017125,13.756125
6255,1208.500000,14.424917,2,0,0.005792,14.430709
6256,1208.533333,15.169417,2,0,0.008542,15.177959
6257,1208.566667,14.753583,2,0,0.019917,14.773500
6258,1208.600000,15.349250,2,0,0.018666,15.367916
6259,1208.633333,14.362042,2,0,0.011750,14.373792
6260,1208.666667,15.799666,2,0,0.017709,15.817375
6261,1208.700000,15.157458,2,0,0.017417,15.174875
6262,1208.733333,15.328583,2,0,0.014042,15.342625
6263,1208.766667,14.713542,2,0,0.009166,14.722708
6264,1208.800000,14.625083,2,0,0.020709,14.645792
6265,1208.833333,14.071667,2,0,0.017792,14.089459
6266,1208.866667,15.164333,2,0,0.018667,15.183000
6267,1208.900000,14.548542,2,0,0.007666,14.556208
6268,1208.933333,14.914209,2,0,0.022041,14.936250
6269,1208.966667,14.068708,2,0,0.019708,14.088416
6270,1209.000000,14.524834,2,0,0.014583,14.539417
6271,1209.033333,14.208083,2,0,0.008375,14.216458
6272,1209.066667,13.385083,2,0,0.006625,13.391708
6273,1209.100000,13.043958,2,0,0.007375,13.051333
6274,1209.133333,12.939708,2,0,0.004334,12.944042
6275,1209.166667,13.507041,2,0,0.008250,13.515291
6276,1209.200000,13.366750,2,0,0.007833,13.374583
6277,1209.233333,13.189291,2,0,0.008209,13.197500
6278,1209.266667,13.473625,2,0,0.012041,13.485666
6279,1209.300000,12.814500,2,0,0.008625,12.823125
6280,1209.333333,12.934541,2,0,0.007417,12.941958
6281,1209.366667,13.861041,2,0,0.008834,13.869875
6282,1209.400000,13.419417,2,0,0.014208,13.433625
6283,1209.433333,13.909542,2,0,0.017833,13.927375
6284,1209.466667,14.279458,2,0,0.008042,14.287500
6285,1209.500000,14.487375,2,0,0.005917,14.493292
6286,1209.533333,14.917917,2,0,0.019291,14.937208
6287,1209.566667,14.851750,2,0,0.016375,14.868125
6288,1209.600000,13.153458,2,0,0.011375,13.164833
6289,1209.633333,13.422417,2,0,0.025292,13.447709
6290,1209.666667,13.933208,2,0,0.020000,13.953208
6291,1209.700000,14.565917,2,0,0.008125,14.574042
6292,1209.733333,14.172083,2,0,0.014875,14.186958
6293,1209.766667,14.464375,2,0,0.017583,14.481958
6294,1209.800000,14.209708,2,0,0.022750,14.232458
6295,1209.833333,14.290875,2,0,0.024833,14.315708
6296,1209.866667,14.883416,2,0,0.018875,14.902291
6297,1209.900000,14.307042,2,0,0.018875,14.325917
6298,1209.933333,14.527416,2,0,0.023084,14.550500
6299,1209.966667,14.239000,2,0,0.018166,14.257166
6300,1210.000000,13.816666,2,0,0.007917,13.824583
6301,1210.033333,13.111541,2,0,0.006125,13.117666
6302,1210.066667,11.981667,2,0,0.005042,11.986709
6303,1210.100000,12.480333,2,0,0.007709,12.488042
6304,1210.133333,13.179292,2,0,0.007083,13.186375
6305,1210.166667,15.052792,2,0,0.009375,15.062167
6306,1210.200000,14.673916,2,0,0.006959,14.680875
6307,1210.233333,14.701333,2,0,0.006042,14.707375
6308,1210.266667,15.943250,2,0,0.007083,15.950333
6309,1210.300000,14.555792,2,0,0.009833,14.565625
6310,1210.333333,14.926125,2,0,0.007458,14.933583
6311,1210.366667,14.958084,2,0,0.009625,14.967709
6312,1210.400000,14.664792,2,0,0.028875,14.693667
6313,1210.433333,14.555083,2,0,0.018125,14.573208
6314,1210.466667,16.314167,2,0,0.015542,16.329709
6315,1210.500000,15.031250,2,0,0.022458,15.053708
6316,1210.533333,15.928250,2,0,0.018584,15.946834
6317,1210.566667,15.523417,2,0,0.014708,15.538125
6318,1210.600000,15.675208,2,0,0.009959,15.685167
6319,1210.633333,15.189000,2,0,0.027916,15.216916
6320,1210.666667,14.963167,2,0,0.016625,14.979792
6321,1210.700000,16.467208,2,0,0.017958,16.485166
6322,1210.733333,15.436917,2,0,0.005667,15.442584
6323,1210.766667,15.779041,2,0,0.014250,15.793291
6324,1210.800000,17.009083,2,0,0.020209,17.029292
6325,1210.833333,16.105292,2,0,0.006500,16.111792
6326,1210.866667,15.974292,2,0,0.019375,15.993667
6327,1210.900000,16.051250,2,0,0.019625,16.070875
6328,1210.933333,15.562333,2,0,0.021167,15.583500
6329,1210.966667,15.153583,2,0,0.018375,15.171958
6330,1211.000000,15.118917,2,0,0.024750,15.143667
6331,1211.033333,14.368000,2,0,0.007916,14.375916
6332,1211.066667,13.570958,2,0,0.005000,13.575958
6333,1211.100000,13.645792,2,0,0.007166,13.652958
6334,1211.133333,13.916583,2,0,0.005667,13.922250
6335,1211.166667,14.115250,2,0,0.006000,14.121250
6336,1211.200000,13.881542,2,0,0.008250,13.889792
6337,1211.233333,13.702167,2,0,0.008167,13.710334
6338,1211.266667,13.765958,2,0,0.010750,13.776708
6339,1211.300000,13.402083,2,0,0.010250,13.412333
6340,1211.333333,13.665875,2,0,0.009750,13.675625
6341,1211.366667,14.197125,2,0,0.019458,14.216583
6342,1211.400000,12.909250,2,0,0.011875,12.921125
6343,1211.433333,13.779667,2,0,0.008250,13.787917
6344,1211.466667,14.019292,2,0,0.018625,14.037917
6345,1211.500000,13.474583,2,0,0.023750,13.498333
6346,1211.533333,13.325250,2,0,0.018917,13.344167
6347,1211.566667,13.607292,2,0,0.019333,13.626625
6348,1211.600000,13.611208,2,0,0.008250,13.619458
6349,1211.633333,14.071000,2,0,0.025208,14.096208
6350,1211.666667,13.914917,2,0,0.019708,13.934625
6351,1211.700000,15.197083,2,0,0.019084,15.216167
6352,1211.733333,17.583833,2,0,0.014083,17.597916
6353,1211.766667,17.255625,2,0,0.006500,17.262125
6354,1211.800000,16.648834,2,0,0.015916,16.664750
6355,1211.833333,17.001833,2,0,0.016458,17.018291
6356,1211.866667,17.206417,2,0,0.018792,17.225209
6357,1211.900000,16.683041,2,0,0.018417,16.701458
6358,1211.933333,17.046917,2,0,0.007000,17.053917
6359,1211.966667,17.409208,2,0,0.018875,17.428083
6360,1212.000000,16.410458,2,0,0.018125,16.428583
6361,1212.033333,16.432958,2,0,0.010084,16.443042
6362,1212.066667,14.726625,2,0,0.005375,14.732000
6363,1212.100000,15.066334,2,0,0.007791,15.074125
6364,1212.133333,15.014375,2,0,0.007667,15.022042
6365,1212.166667,15.348459,2,0,0.005083,15.353542
6366,1212.200000,14.904417,2,0,0.008375,14.912792
6367,1212.233333,15.213417,2,0,0.007833,15.221250
6368,1212.266667,14.786500,2,0,0.007416,14.793916
6369,1212.300000,15.210042,2,0,0.008542,15.218584
6370,1212.333333,14.362917,2,0,0.008791,14.371708
6371,1212.366667,14.973959,2,0,0.007541,14.981500
6372,1212.400000,14.460167,2,0,0.023333,14.483500
6373,1212.433333,14.213125,2,0,0.019375,14.232500
6374,1212.466667,14.685208,2,0,0.015084,14.700292
6375,1212.500000,15.398959,2,0,0.062041,15.461000
6376,1212.533333,15.175375,2,0,0.008209,15.183584
6377,1212.566667,15.154125,2,0,0.023584,15.177709
6378,1212.600000,15.738875,2,0,0.019791,15.758666
6379,1212.633333,16.079750,2,0,0.026666,16.106416
6380,1212.666667,15.115834,2,0,0.008000,15.123834
6381,1212.700000,16.240667,2,0,0.020292,16.260959
6382,1212.733333,15.040625,2,0,0.020625,15.061250
6383,1212.766667,15.103250,2,0,0.018000,15.121250
6384,1212.800000,15.050542,2,0,0.027958,15.078500
6385,1212.833333,15.008375,2,0,0.007500,15.015875
6386,1212.866667,15.856125,2,0,0.016792,15.872917
6387,1212.900000,14.668334,2,0,0.016958,14.685292
6388,1212.933333,14.087334,2,0,0.032625,14.119959
6389,1212.966667,13.969708,2,0,0.037584,14.007292
6390,1213.000000,13.783458,2,0,0.016833,13.800291
6391,1213.033333,14.074791,2,0,0.019292,14.094083
6392,1213.066667,13.304000,2,0,0.008750,13.312750
6393,1213.100000,13.600250,2,0,0.007500,13.607750
6394,1213.133333,13.216792,2,0,0.005917,13.222709
6395,1213.166667,13.450167,2,0,0.006292,13.456459
6396,1213.200000,13.182917,2,0,0.009583,13.192500
6397,1213.233333,13.171833,2,0,0.008750,13.180583
6398,1213.266667,13.246500,2,0,0.008167,13.254667
6399,1213.300000,12.949875,2,0,0.010125,12.960000
6400,1213.333333,12.871000,2,0,0.005417,12.876417
6401,1213.366667,12.841958,2,0,0.007958,12.849916
6402,1213.400000,13.088375,2,0,0.008583,13.096958
6403,1213.433333,12.516791,2,0,0.010042,12.526833
6404,1213.466667,14.731375,2,0,0.013292,14.744667
6405,1213.500000,15.947958,2,0,0.016542,15.964500
6406,1213.533333,15.250167,2,0,0.026250,15.276417
6407,1213.566667,15.269042,2,0,0.022625,15.291667
6408,1213.600000,14.860292,2,0,0.008041,14.868333
6409,1213.633333,15.728625,2,0,0.009125,15.737750
6410,1213.666667,16.456625,2,0,0.017500,16.474125
6411,1213.700000,15.569292,2,0,0.018625,15.587917
6412,1213.733333,15.375500,2,0,0.030959,15.406459
6413,1213.766667,15.930875,2,0,0.018666,15.949541
6414,1213.800000,15.758500,2,0,0.020958,15.779458
6415,1213.833333,15.011417,2,0,0.018250,15.029667
6416,1213.866667,15.824625,2,0,0.015375,15.840000
6417,1213.900000,16.344292,2,0,0.015042,16.359334
6418,1213.933333,15.148209,2,0,0.021041,15.169250
6419,1213.966667,14.882042,2,0,0.021000,14.903042
6420,1214.000000,15.201167,2,0,0.016083,15.217250
6421,1214.033333,15.029250,2,0,0.020917,15.050167
6422,1214.066667,14.260667,2,0,0.006167,14.266834
6423,1214.100000,13.968708,2,0,0.007250,13.975958
6424,1214.133333,13.417792,2,0,0.005083,13.422875
6425,1214.166667,13.700709,2,0,0.028541,13.729250
6426,1214.200000,13.543292,2,0,0.007625,13.550917
6427,1214.233333,13.480125,2,0,0.004583,13.484708
6428,1214.266667,13.319292,2,0,0.009167,13.328459
6429,1214.300000,13.735292,2,0,0.005458,13.740750
6430,1214.333333,13.181750,2,0,0.026542,13.208292
6431,1214.366667,12.553333,2,0,0.017125,12.570458
6432,1214.400000,14.017708,2,0,0.008500,14.026208
6433,1214.433333,13.706292,2,0,0.018375,13.724667
6434,1214.466667,15.512125,2,0,0.017584,15.529709
6435,1214.500000,15.586792,2,0,0.015958,15.602750
6436,1214.533333,15.283834,2,0,0.015958,15.299792
6437,1214.566667,15.666917,2,0,0.006792,15.673709
6438,1214.600000,15.575084,2,0,0.018500,15.593584
6439,1214.633333,13.850792,2,0,0.024500,13.875292
6440,1214.666667,14.046667,2,0,0.019542,14.066209
6441,1214.700000,13.273167,2,0,0.055125,13.328292
6442,1214.733333,15.179125,2,0,0.019792,15.198917
6443,1214.766667,14.347667,2,0,0.019291,14.366958
6444,1214.800000,17.090250,2,0,0.009833,17.100083
6445,1214.833333,17.421417,2,0,0.016458,17.437875
6446,1214.866667,15.835250,2,0,0.025583,15.860833
6447,1214.900000,17.678083,2,0,0.018750,17.696833
6448,1214.933333,15.620000,2,0,0.012167,15.632167
6449,1214.966667,15.651542,2,0,0.011250,15.662792
6450,1215.000000,16.468208,2,0,0.017500,16.485708
6451,1215.033333,16.165250,2,0,0.018625,16.183875
6452,1215.066667,15.005458,2,0,0.008833,15.014291
6453,1215.100000,15.467083,2,0,0.006458,15.473541
6454,1215.133333,14.846416,2,0,0.008250,14.854666
6455,1215.166667,15.253208,2,0,0.007708,15.260916
6456,1215.200000,14.623792,2,0,0.008500,14.632292
6457,1215.233333,14.709042,2,0,0.004542,14.713584
6458,1215.266667,14.269458,2,0,0.009709,14.279167
6459,1215.300000,14.613167,2,0,0.008583,14.621750
6460,1215.333333,14.348334,2,0,0.008583,14.356917
6461,1215.366667,14.375042,2,0,0.005333,14.380375
6462,1215.400000,13.985625,2,0,0.005333,13.990958
6463,1215.433333,14.014792,2,0,0.012167,14.026959
6464,1215.466667,15.575167,2,0,0.027333,15.602500
6465,1215.500000,13.542875,2,0,0.013042,13.555917
6466,1215.533333,14.377708,2,0,0.022375,14.400083
6467,1215.566667,13.948667,2,0,0.020458,13.969125
6468,1215.600000,14.623500,2,0,0.018667,14.642167
6469,1215.633333,14.178333,2,0,0.024500,14.202833
6470,1215.666667,14.448417,2,0,0.018000,14.466417
6471,1215.700000,13.901375,2,0,0.008208,13.909583
6472,1215.733333,16.945500,2,0,0.005292,16.950792
6473,1215.766667,17.245250,2,0,0.018416,17.263666
6474,1215.800000,16.911250,2,0,0.018291,16.929541
6475,1215.833333,16.440958,2,0,0.016458,16.457416
6476,1215.866667,16.691875,2,0,0.030125,16.722000
6477,1215.900000,15.487875,2,0,0.017166,15.505041
6478,1215.933333,15.159084,2,0,0.053541,15.212625
6479,1215.966667,15.885167,2,0,0.007000,15.892167
6480,1216.000000,16.066750,2,0,0.018500,16.085250
6481,1216.033333,15.666416,2,0,0.017875,15.684291
6482,1216.066667,15.769708,2,0,0.006375,15.776083
6483,1216.100000,14.108167,2,0,0.017833,14.126000
6484,1216.133333,13.584625,2,0,0.007500,13.592125
6485,1216.166667,13.483500,2,0,0.006208,13.489708
6486,1216.200000,13.783458,2,0,0.007792,13.791250
6487,1216.233333,13.558542,2,0,0.007042,13.565584
6488,1216.266667,13.230792,2,0,0.007958,13.238750
6489,1216.300000,13.702583,2,0,0.005625,13.708208
6490,1216.333333,13.458291,2,0,0.006250,13.464541
6491,1216.366667,13.101542,2,0,0.007458,13.109000
6492,1216.400000,13.319250,2,0,0.007291,13.326541
6493,1216.433333,12.955791,2,0,0.009959,12.965750
6494,1216.466667,13.298250,2,0,0.006792,13.305042
6495,1216.500000,12.574917,2,0,0.020958,12.595875
6496,1216.533333,12.826791,2,0,0.019584,12.846375
6497,1216.566667,13.010750,2,0,0.016625,13.027375
6498,1216.600000,13.757375,2,0,0.018750,13.776125
6499,1216.633333,13.960166,2,0,0.008417,13.968583
6500,1216.666667,13.394167,2,0,0.020958,13.415125
6501,1216.700000,13.783000,2,0,0.017459,13.800459
6502,1216.733333,13.701542,2,0,0.008333,13.709875
6503,1216.766667,13.724667,2,0,0.020500,13.745167
6504,1216.800000,14.176917,2,0,0.018875,14.195792
6505,1216.833333,13.056750,2,0,0.018625,13.075375
6506,1216.866667,13.741708,2,0,0.009042,13.750750
6507,1216.900000,13.611000,2,0,0.015334,13.626334
6508,1216.933333,14.254708,2,0,0.019042,14.273750
6509,1216.966667,18.809292,2,0,0.009000,18.818292
6510,1217.000000,17.227750,2,0,0.018125,17.245875
6511,1217.033333,16.701542,2,0,0.016708,16.718250
6512,1217.066667,15.985417,2,0,0.014833,16.000250
6513,1217.100000,15.168583,2,0,0.006834,15.175417
6514,1217.133333,14.774125,2,0,0.005750,14.779875
6515,1217.166667,14.330250,2,0,0.011958,14.342208
6516,1217.200000,14.802834,2,0,0.018291,14.821125
6517,1217.233333,14.758417,2,0,0.016583,14.775000
6518,1217.266667,15.747917,2,0,0.018416,15.766333
6519,1217.300000,14.989708,2,0,0.016125,15.005833
6520,1217.333333,16.205583,2,0,0.005500,16.211083
6521,1217.366667,14.761292,2,0,0.016916,14.778208
6522,1217.400000,15.255208,2,0,0.016625,15.271833
6523,1217.433333,15.336083,2,0,0.027834,15.363917
6524,1217.466667,15.152416,2,0,0.008500,15.160916
6525,1217.500000,14.859875,2,0,0.018958,14.878833
6526,1217.533333,17.476291,2,0,0.018417,17.494708
6527,1217.566667,14.489833,2,0,0.018750,14.508583
6528,1217.600000,14.721458,2,0,0.016250,14.737708
6529,1217.633333,14.308667,2,0,0.005833,14.314500
6530,1217.666667,14.378375,2,0,0.022333,14.400708
6531,1217.700000,14.128750,2,0,0.022875,14.151625
6532,1217.733333,14.377292,2,0,0.020250,14.397542
6533,1217.766667,13.870041,2,0,0.021417,13.891458
6534,1217.800000,13.972459,2,0,0.010458,13.982917
6535,1217.833333,13.726417,2,0,0.007667,13.734084
6536,1217.866667,14.051792,2,0,0.017667,14.069459
6537,1217.900000,13.517583,2,0,0.017375,13.534958
6538,1217.933333,12.206917,2,0,0.010083,12.217000
6539,1217.966667,12.165750,2,0,0.013500,12.179250
6540,1218.000000,12.781791,2,0,0.021584,12.803375
6541,1218.033333,13.738959,2,0,0.017916,13.756875
6542,1218.066667,12.728167,2,0,0.015833,12.744000
6543,1218.100000,11.937291,2,0,0.010375,11.947666
6544,1218.133333,12.047917,2,0,0.006667,12.054584
6545,1218.166667,14.808791,2,0,0.006375,14.815166
6546,1218.200000,14.363959,2,0,0.006833,14.370792
6547,1218.233333,14.715959,2,0,0.007416,14.723375
6548,1218.266667,14.515916,2,0,0.007917,14.523833
6549,1218.300000,14.406333,2,0,0.008750,14.415083
6550,1218.333333,14.538292,2,0,0.009000,14.547292
6551,1218.366667,14.266459,2,0,0.007500,14.273959
6552,1218.400000,13.741542,2,0,0.005167,13.746709
6553,1218.433333,14.396417,2,0,0.007583,14.404000
6554,1218.466667,13.812583,2,0,0.007459,13.820042
6555,1218.500000,13.725292,2,0,0.007667,13.732959
6556,1218.533333,13.536083,2,0,0.012667,13.548750
6557,1218.566667,13.226875,2,0,0.017792,13.244667
6558,1218.600000,13.616375,2,0,0.014458,13.630833
6559,1218.633333,14.748208,2,0,0.031917,14.780125
6560,1218.666667,14.213542,2,0,0.023416,14.236958
6561,1218.700000,14.134291,2,0,0.017834,14.152125
6562,1218.733333,13.994583,2,0,0.018917,14.013500
6563,1218.766667,14.697708,2,0,0.016583,14.714291
6564,1218.800000,14.184750,2,0,0.016625,14.201375
6565,1218.833333,14.696833,2,0,0.018042,14.714875
6566,1218.866667,13.796959,2,0,0.015291,13.812250
6567,1218.900000,12.356584,2,0,0.011333,12.367917
6568,1218.933333,13.703125,2,0,0.019583,13.722708
6569,1218.966667,12.877916,2,0,0.008417,12.886333
6570,1219.000000,13.603541,2,0,0.006042,13.609583
6571,1219.033333,14.026125,2,0,0.016292,14.042417
6572,1219.066667,13.346292,2,0,0.016250,13.362542
6573,1219.100000,12.399375,2,0,0.007917,12.407292
6574,1219.133333,11.486375,2,0,0.004625,11.491000
6575,1219.166667,11.604792,2,0,0.006875,11.611667
6576,1219.200000,11.570042,2,0,0.007708,11.577750
6577,1219.233333,11.318917,2,0,0.006708,11.325625
6578,1219.266667,11.326084,2,0,0.004666,11.330750
6579,1219.300000,11.306375,2,0,0.007625,11.314000
6580,1219.333333,11.660916,2,0,0.010000,11.670916
6581,1219.366667,11.217291,2,0,0.008167,11.225458
6582,1219.400000,11.281167,2,0,0.007708,11.288875
6583,1219.433333,11.476167,2,0,0.022375,11.498542
6584,1219.466667,12.403250,2,0,0.015000,12.418250
6585,1219.500000,12.205500,2,0,0.019459,12.224959
6586,1219.533333,12.869708,2,0,0.021708,12.891416
6587,1219.566667,12.748083,2,0,0.042042,12.790125
6588,1219.600000,12.394833,2,0,0.016542,12.411375
6589,1219.633333,12.692209,2,0,0.010916,12.703125
6590,1219.666667,13.076083,2,0,0.022042,13.098125
6591,1219.700000,12.215833,2,0,0.019834,12.235667
6592,1219.733333,12.926792,2,0,0.020750,12.947542
6593,1219.766667,13.167417,2,0,0.017625,13.185042
6594,1219.800000,12.781334,2,0,0.021541,12.802875
6595,1219.833333,13.276792,2,0,0.022125,13.298917
6596,1219.866667,13.223542,2,0,0.018333,13.241875
6597,1219.900000,12.541541,2,0,0.014959,12.556500
6598,1219.933333,12.439625,2,0,0.040667,12.480292
6599,1219.966667,12.874250,2,0,0.016167,12.890417
6600,1220.000000,12.836333,2,0,0.007209,12.843542
6601,1220.033333,13.630292,2,0,0.018958,13.649250
6602,1220.066667,13.088000,2,0,0.016708,13.104708
6603,1220.100000,11.141958,2,0,0.008542,11.150500
6604,1220.133333,10.691208,2,0,0.008875,10.700083
6605,1220.166667,10.591250,2,0,0.008000,10.599250
6606,1220.200000,10.418041,2,0,0.004417,10.422458
6607,1220.233333,10.772791,2,0,0.009042,10.781833
6608,1220.266667,10.600750,2,0,0.006959,10.607709
6609,1220.300000,10.462292,2,0,0.007750,10.470042
6610,1220.333333,10.420333,2,0,0.011083,10.431416
6611,1220.366667,10.459375,2,0,0.007250,10.466625
6612,1220.400000,10.930667,2,0,0.006791,10.937458
6613,1220.433333,15.653583,2,0,0.010000,15.663583
6614,1220.466667,14.538083,2,0,0.010459,14.548542
6615,1220.500000,14.491709,2,0,0.006125,14.497834
6616,1220.533333,14.732500,2,0,0.029625,14.762125
6617,1220.566667,14.770125,2,0,0.007792,14.777917
6618,1220.600000,15.551542,2,0,0.019292,15.570834
6619,1220.633333,15.172500,2,0,0.023542,15.196042
6620,1220.666667,15.199000,2,0,0.023000,15.222000
6621,1220.700000,15.226792,2,0,0.017125,15.243917
6622,1220.733333,15.788250,2,0,0.023834,15.812084
6623,1220.766667,15.224042,2,0,0.021750,15.245792
6624,1220.800000,15.102417,2,0,0.006458,15.108875
6625,1220.833333,15.608000,2,0,0.018833,15.626833
6626,1220.866667,15.879250,2,0,0.018667,15.897917
6627,1220.900000,15.932791,2,0,0.021667,15.954458
6628,1220.933333,15.511833,2,0,0.015667,15.527500
6629,1220.966667,15.910334,2,0,0.017291,15.927625
6630,1221.000000,16.098375,2,0,0.018292,16.116667
6631,1221.033333,15.315083,2,0,0.013334,15.328417
6632,1221.066667,15.354750,2,0,0.019500,15.374250
6633,1221.100000,14.484500,2,0,0.008125,14.492625
6634,1221.133333,14.033375,2,0,0.008000,14.041375
6635,1221.166667,13.906125,2,0,0.004625,13.910750
6636,1221.200000,14.112666,2,0,0.005292,14.117958
6637,1221.233333,14.113083,2,0,0.005500,14.118583
6638,1221.266667,13.981000,2,0,0.008375,13.989375
6639,1221.300000,13.764542,2,0,0.006625,13.771167
6640,1221.333333,14.026625,2,0,0.004375,14.031000
6641,1221.366667,14.105833,2,0,0.009167,14.115000
6642,1221.400000,14.347583,2,0,0.006959,14.354542
6643,1221.433333,13.602500,2,0,0.006125,13.608625
6644,1221.466667,14.027334,2,0,0.008208,14.035542
6645,1221.500000,14.338500,2,0,0.004333,14.342833
6646,1221.533333,13.634875,2,0,0.005917,13.640792
6647,1221.566667,14.411583,2,0,0.005709,14.417292
6648,1221.600000,13.752667,2,0,0.005375,13.758042
6649,1221.633333,14.071708,2,0,0.005542,14.077250
6650,1221.666667,13.302167,2,0,0.016708,13.318875
6651,1221.700000,13.993250,2,0,0.015333,14.008583
6652,1221.733333,14.285000,2,0,0.024166,14.309166
6653,1221.766667,14.631083,2,0,0.017000,14.648083
6654,1221.800000,14.693750,2,0,0.015000,14.708750
6655,1221.833333,14.858791,2,0,0.013959,14.872750
6656,1221.866667,14.974000,2,0,0.012250,14.986250
6657,1221.900000,15.078875,2,0,0.006625,15.085500
6658,1221.933333,14.990833,2,0,0.006625,14.997458
6659,1221.966667,15.018000,2,0,0.022000,15.040000
6660,1222.000000,15.407375,2,0,0.017250,15.424625
6661,1222.033333,15.068333,2,0,0.022833,15.091166
6662,1222.066667,14.868791,2,0,0.017417,14.886208
6663,1222.100000,13.772458,2,0,0.006500,13.778958
6664,1222.133333,13.262500,2,0,0.008458,13.270958
6665,1222.166667,13.280375,2,0,0.004583,13.284958
6666,1222.200000,13.116250,2,0,0.007667,13.123917
6667,1222.233333,13.686209,2,0,0.008333,13.694542
6668,1222.266667,12.733791,2,0,0.007917,12.741708
6669,1222.300000,12.675166,2,0,0.005375,12.680541
6670,1222.333333,13.152375,2,0,0.006167,13.158542
6671,1222.366667,13.752792,2,0,0.008166,13.760958
6672,1222.400000,13.275750,2,0,0.004333,13.280083
6673,1222.433333,12.735041,2,0,0.008125,12.743166
6674,1222.466667,13.504917,2,0,0.006625,13.511542
6675,1222.500000,12.927167,2,0,0.018041,12.945208
6676,1222.533333,13.518917,2,0,0.019292,13.538209
6677,1222.566667,13.091334,2,0,0.023291,13.114625
6678,1222.600000,13.155500,2,0,0.030958,13.186458
6679,1222.633333,13.588084,2,0,0.012708,13.600792
6680,1222.666667,14.039208,2,0,0.016875,14.056083
6681,1222.700000,13.543333,2,0,0.022292,13.565625
6682,1222.733333,14.203125,2,0,0.017166,14.220291
6683,1222.766667,14.481209,2,0,0.009208,14.490417
6684,1222.800000,14.403583,2,0,0.007667,14.411250
6685,1222.833333,14.280916,2,0,0.019500,14.300416
6686,1222.866667,13.658875,2,0,0.017708,13.676583
6687,1222.900000,14.709292,2,0,0.017333,14.726625
6688,1222.933333,13.263292,2,0,0.007042,13.270334
6689,1222.966667,13.897208,2,0,0.014875,13.912083
6690,1223.000000,13.926292,2,0,0.009375,13.935667
6691,1223.033333,13.910542,2,0,0.003750,13.914292
6692,1223.066667,14.488958,2,0,0.017458,14.506416
6693,1223.100000,12.726042,2,0,0.007750,12.733792
6694,1223.133333,12.936666,2,0,0.007917,12.944583
6695,1223.166667,12.556709,2,0,0.009708,12.566417
6696,1223.200000,12.252625,2,0,0.004875,12.257500
6697,1223.233333,12.211166,2,0,0.003834,12.215000
6698,1223.266667,12.214875,2,0,0.009584,12.224459
6699,1223.300000,12.123459,2,0,0.004625,12.128084
6700,1223.333333,11.987833,2,0,0.006000,11.993833
6701,1223.366667,12.053042,2,0,0.010166,12.063208
6702,1223.400000,11.686458,2,0,0.008709,11.695167
6703,1223.433333,13.028208,2,0,0.012959,13.041167
6704,1223.466667,12.417959,2,0,0.006083,12.424042
6705,1223.500000,13.229958,2,0,0.019708,13.249666
6706,1223.533333,12.956917,2,0,0.018083,12.975000
6707,1223.566667,16.173625,2,0,0.018709,16.192334
6708,1223.600000,13.304250,2,0,0.014417,13.318667
6709,1223.633333,13.710500,2,0,0.006333,13.716833
6710,1223.666667,13.071708,2,0,0.014625,13.086333
6711,1223.700000,13.904417,2,0,0.006750,13.911167
6712,1223.733333,13.232875,2,0,0.021958,13.254833
6713,1223.766667,13.844167,2,0,0.024042,13.868209
6714,1223.800000,13.640291,2,0,0.012709,13.653000
6715,1223.833333,13.824250,2,0,0.017000,13.841250
6716,1223.866667,14.180166,2,0,0.016375,14.196541
6717,1223.900000,13.922625,2,0,0.015875,13.938500
6718,1223.933333,13.681250,2,0,0.018292,13.699542
6719,1223.966667,12.960250,2,0,0.055750,13.016000
6720,1224.000000,13.338292,2,0,0.020208,13.358500
6721,1224.033333,13.460000,2,0,0.007958,13.467958
6722,1224.066667,13.836000,2,0,0.015459,13.851459
6723,1224.100000,12.697959,2,0,0.009916,12.707875
6724,1224.133333,11.982083,2,0,0.008209,11.990292
6725,1224.166667,15.009625,2,0,0.008375,15.018000
6726,1224.200000,14.561791,2,0,0.004500,14.566291
6727,1224.233333,14.420667,2,0,0.004416,14.425083
6728,1224.266667,15.242792,2,0,0.012042,15.254834
6729,1224.300000,15.433917,2,0,0.005708,15.439625
6730,1224.333333,15.120625,2,0,0.004541,15.125166
6731,1224.366667,15.198083,2,0,0.005000,15.203083
6732,1224.400000,15.652958,2,0,0.005834,15.658792
6733,1224.433333,14.986041,2,0,0.004500,14.990541
6734,1224.466667,14.680250,2,0,0.006375,14.686625
6735,1224.500000,15.037667,2,0,0.015000,15.052667
6736,1224.533333,14.821583,2,0,0.018834,14.840417
6737,1224.566667,14.516333,2,0,0.019917,14.536250
6738,1224.600000,15.617666,2,0,0.019875,15.637541
6739,1224.633333,15.494042,2,0,0.008292,15.502334
6740,1224.666667,16.227500,2,0,0.018125,16.245625
6741,1224.700000,15.789166,2,0,0.008250,15.797416
6742,1224.733333,16.259250,2,0,0.020542,16.279792
6743,1224.766667,15.691333,2,0,0.019458,15.710791
6744,1224.800000,14.912417,2,0,0.018708,14.931125
6745,1224.833333,15.650833,2,0,0.025167,15.676000
6746,1224.866667,15.390167,2,0,0.018875,15.409042
6747,1224.900000,16.139125,2,0,0.018250,16.157375
6748,1224.933333,15.350334,2,0,0.007833,15.358167
6749,1224.966667,16.409459,2,0,0.020416,16.429875
6750,1225.000000,15.866792,2,0,0.008583,15.875375
6751,1225.033333,15.667625,2,0,0.011958,15.679583
6752,1225.066667,15.783667,2,0,0.017958,15.801625
6753,1225.100000,15.925417,2,0,0.007875,15.933292
6754,1225.133333,14.385792,2,0,0.007083,14.392875
6755,1225.166667,14.185166,2,0,0.007250,14.192416
6756,1225.200000,14.330167,2,0,0.004291,14.334458
6757,1225.233333,14.039459,2,0,0.007333,14.046792
6758,1225.266667,13.937833,2,0,0.006667,13.944500
6759,1225.300000,13.876250,2,0,0.005292,13.881542
6760,1225.333333,14.057792,2,0,0.006292,14.064084
6761,1225.366667,14.383292,2,0,0.009583,14.392875
6762,1225.400000,13.979708,2,0,0.007875,13.987583
6763,1225.433333,14.169292,2,0,0.009041,14.178333
6764,1225.466667,14.048084,2,0,0.008916,14.057000
6765,1225.500000,15.058292,2,0,0.019750,15.078042
6766,1225.533333,14.848959,2,0,0.017666,14.866625
6767,1225.566667,15.344292,2,0,0.019333,15.363625
6768,1225.600000,14.342500,2,0,0.007916,14.350416
6769,1225.633333,15.218000,2,0,0.021458,15.239458
6770,1225.666667,14.200667,2,0,0.014208,14.214875
6771,1225.700000,14.520000,2,0,0.015583,14.535583
6772,1225.733333,14.793833,2,0,0.027083,14.820916
6773,1225.766667,14.448250,2,0,0.018375,14.466625
6774,1225.800000,14.427583,2,0,0.018417,14.446000
6775,1225.833333,14.692250,2,0,0.018167,14.710417
6776,1225.866667,15.488584,2,0,0.012625,15.501209
6777,1225.900000,14.623166,2,0,0.017417,14.640583
6778,1225.933333,15.564542,2,0,0.018833,15.583375
6779,1225.966667,14.676667,2,0,0.017041,14.693708
6780,1226.000000,15.075458,2,0,0.020083,15.095541
6781,1226.033333,16.425042,2,0,0.020500,16.445542
6782,1226.066667,13.593333,2,0,0.024708,13.618041
6783,1226.100000,13.351792,2,0,0.020333,13.372125
6784,1226.133333,12.474833,2,0,0.005917,12.480750
6785,1226.166667,13.256000,2,0,0.008542,13.264542
6786,1226.200000,12.734459,2,0,0.009250,12.743709
6787,1226.233333,12.468167,2,0,0.008042,12.476209
6788,1226.266667,12.899334,2,0,0.007625,12.906959
6789,1226.300000,12.364916,2,0,0.005459,12.370375
6790,1226.333333,12.342000,2,0,0.005042,12.347042
6791,1226.366667,12.271333,2,0,0.007750,12.279083
6792,1226.400000,12.334667,2,0,0.006792,12.341459
6793,1226.433333,12.037458,2,0,0.021125,12.058583
6794,1226.466667,12.499375,2,0,0.018250,12.517625
6795,1226.500000,12.420416,2,0,0.025542,12.445958
6796,1226.533333,12.952208,2,0,0.019209,12.971417
6797,1226.566667,13.631125,2,0,0.033542,13.664667
6798,1226.600000,14.274208,2,0,0.011709,14.285917
6799,1226.633333,13.805500,2,0,0.010209,13.815709
6800,1226.666667,13.901416,2,0,0.032667,13.934083
6801,1226.700000,13.584541,2,0,0.020709,13.605250
6802,1226.733333,13.181416,2,0,0.028917,13.210333
6803,1226.766667,13.620875,2,0,0.019250,13.640125
6804,1226.800000,13.225334,2,0,0.008041,13.233375
6805,1226.833333,13.102625,2,0,0.009000,13.111625
6806,1226.866667,13.170292,2,0,0.005083,13.175375
6807,1226.900000,13.538625,2,0,0.021417,13.560042
6808,1226.933333,13.268500,2,0,0.011333,13.279833
6809,1226.966667,12.934084,2,0,0.011791,12.945875
6810,1227.000000,13.153750,2,0,0.016542,13.170292
6811,1227.033333,13.910625,2,0,0.016167,13.926792
6812,1227.066667,17.618750,2,0,0.008333,17.627083
6813,1227.100000,17.087708,2,0,0.019375,17.107083
6814,1227.133333,15.511167,2,0,0.008000,15.519167
6815,1227.166667,15.895125,2,0,0.008292,15.903417
6816,1227.200000,14.857291,2,0,0.007084,14.864375
6817,1227.233333,14.961291,2,0,0.007750,14.969041
6818,1227.266667,15.297917,2,0,0.007667,15.305584
6819,1227.300000,14.607792,2,0,0.008333,14.616125
6820,1227.333333,15.267167,2,0,0.006291,15.273458
6821,1227.366667,15.294459,2,0,0.006625,15.301084
6822,1227.400000,15.040625,2,0,0.043833,15.084458
6823,1227.433333,15.152833,2,0,0.016667,15.169500
6824,1227.466667,15.164708,2,0,0.007000,15.171708
6825,1227.500000,15.791084,2,0,0.016416,15.807500
6826,1227.533333,16.118791,2,0,0.018500,16.137291
6827,1227.566667,16.599084,2,0,0.019291,16.618375
6828,1227.600000,16.029417,2,0,0.019333,16.048750
6829,1227.633333,16.329792,2,0,0.009750,16.339542
6830,1227.666667,15.635750,2,0,0.018333,15.654083
6831,1227.700000,15.517208,2,0,0.007917,15.525125
6832,1227.733333,16.250833,2,0,0.006209,16.257042
6833,1227.766667,15.638666,2,0,0.006500,15.645166
6834,1227.800000,15.008625,2,0,0.017958,15.026583
6835,1227.833333,15.676333,2,0,0.011834,15.688167
6836,1227.866667,15.858625,2,0,0.013833,15.872458
6837,1227.900000,15.391792,2,0,0.019208,15.411000
6838,1227.933333,13.577125,2,0,0.007750,13.584875
6839,1227.966667,13.512375,2,0,0.019584,13.531959
6840,1228.000000,13.527667,2,0,0.008875,13.536542
6841,1228.033333,13.894916,2,0,0.043459,13.938375
6842,1228.066667,14.051125,2,0,0.022875,14.074000
6843,1228.100000,13.703916,2,0,0.015167,13.719083
6844,1228.133333,13.835542,2,0,0.014541,13.850083
6845,1228.166667,13.169334,2,0,0.007250,13.176584
6846,1228.200000,12.363000,2,0,0.009042,12.372042
6847,1228.233333,12.869458,2,0,0.007333,12.876791
6848,1228.266667,12.529000,2,0,0.006959,12.535959
6849,1228.300000,12.613292,2,0,0.008166,12.621458
6850,1228.333333,12.320541,2,0,0.005334,12.325875
6851,1228.366667,11.910375,2,0,0.004958,11.915333
6852,1228.400000,11.960125,2,0,0.006375,11.966500
6853,1228.433333,12.049333,2,0,0.008792,12.058125
6854,1228.466667,12.035916,2,0,0.007625,12.043541
6855,1228.500000,11.809542,2,0,0.008208,11.817750
6856,1228.533333,11.362042,2,0,0.008416,11.370458
6857,1228.566667,11.652000,2,0,0.019458,11.671458
6858,1228.600000,11.814750,2,0,0.007833,11.822583
6859,1228.633333,12.295583,2,0,0.025042,12.320625
6860,1228.666667,12.711375,2,0,0.018792,12.730167
6861,1228.700000,12.029833,2,0,0.020209,12.050042
6862,1228.733333,12.655625,2,0,0.014083,12.669708
6863,1228.766667,12.980750,2,0,0.021542,13.002292
6864,1228.800000,12.912584,2,0,0.007958,12.920542
6865,1228.833333,12.715708,2,0,0.016750,12.732458
6866,1228.866667,13.825209,2,0,0.020208,13.845417
6867,1228.900000,16.794542,2,0,0.013250,16.807792
6868,1228.933333,16.683584,2,0,0.019875,16.703459
6869,1228.966667,15.500541,2,0,0.021459,15.522000
6870,1229.000000,15.556792,2,0,0.016916,15.573708
6871,1229.033333,15.560916,2,0,0.010917,15.571833
6872,1229.066667,16.796333,2,0,0.008792,16.805125
6873,1229.100000,15.216958,2,0,0.017958,15.234916
6874,1229.133333,15.158875,2,0,0.008417,15.167292
6875,1229.166667,15.908667,2,0,0.019833,15.928500
6876,1229.200000,14.211875,2,0,0.008084,14.219959
6877,1229.233333,13.427041,2,0,0.007000,13.434041
6878,1229.266667,13.172750,2,0,0.007291,13.180041
6879,1229.300000,13.785750,2,0,0.007417,13.793167
6880,1229.333333,13.033375,2,0,0.005084,13.038459
6881,1229.366667,13.210375,2,0,0.004708,13.215083
6882,1229.400000,13.172583,2,0,0.004792,13.177375
6883,1229.433333,12.834875,2,0,0.004916,12.839791
6884,1229.466667,13.229583,2,0,0.008959,13.238542
6885,1229.500000,12.566916,2,0,0.008209,12.575125
6886,1229.533333,12.172167,2,0,0.007542,12.179709
6887,1229.566667,13.027125,2,0,0.023542,13.050667
6888,1229.600000,12.291083,2,0,0.017208,12.308291
6889,1229.633333,13.574375,2,0,0.009125,13.583500
6890,1229.666667,12.918666,2,0,0.017709,12.936375
6891,1229.700000,14.411292,2,0,0.012750,14.424042
6892,1229.733333,13.325375,2,0,0.006791,13.332166
6893,1229.766667,14.509250,2,0,0.022250,14.531500
6894,1229.800000,13.598250,2,0,0.009166,13.607416
6895,1229.833333,13.366625,2,0,0.016000,13.382625
6896,1229.866667,13.664291,2,0,0.018000,13.682291
6897,1229.900000,14.836792,2,0,0.014791,14.851583
6898,1229.933333,16.592333,2,0,0.017792,16.610125
6899,1229.966667,18.884208,2,0,0.013209,18.897417
6900,1230.000000,17.010917,2,0,0.021542,17.032459
6901,1230.033333,16.565125,2,0,0.018708,16.583833
6902,1230.066667,15.206917,2,0,0.019250,15.226167
6903,1230.100000,15.692875,2,0,0.018500,15.711375
6904,1230.133333,15.523167,2,0,0.016500,15.539667
6905,1230.166667,16.759458,2,0,0.017209,16.776667
6906,1230.200000,14.497416,2,0,0.005042,14.502458
6907,1230.233333,13.752625,2,0,0.007458,13.760083
6908,1230.266667,14.402000,2,0,0.005250,14.407250
6909,1230.300000,14.723792,2,0,0.006875,14.730667
6910,1230.333333,14.277417,2,0,0.008041,14.285458
6911,1230.366667,13.829166,2,0,0.005084,13.834250
6912,1230.400000,13.871125,2,0,0.005042,13.876167
6913,1230.433333,14.609500,2,0,0.009709,14.619209
6914,1230.466667,13.872250,2,0,0.006542,13.878792
6915,1230.500000,14.122833,2,0,0.007875,14.130708
6916,1230.533333,14.240042,2,0,0.007167,14.247209
6917,1230.566667,14.492875,2,0,0.005250,14.498125
6918,1230.600000,13.833041,2,0,0.005500,13.838541
6919,1230.633333,14.366291,2,0,0.007584,14.373875
6920,1230.666667,13.260250,2,0,0.010500,13.270750
6921,1230.700000,13.592583,2,0,0.007917,13.600500
6922,1230.733333,13.633875,2,0,0.012000,13.645875
6923,1230.766667,13.560666,2,0,0.018417,13.579083
6924,1230.800000,14.522416,2,0,0.018667,14.541083
6925,1230.833333,14.417750,2,0,0.017209,14.434959
6926,1230.866667,13.833042,2,0,0.016083,13.849125
6927,1230.900000,14.207083,2,0,0.018042,14.225125
6928,1230.933333,15.095875,2,0,0.017917,15.113792
6929,1230.966667,15.358542,2,0,0.019375,15.377917
6930,1231.000000,14.152708,2,0,0.016542,14.169250
6931,1231.033333,14.812125,2,0,0.015708,14.827833
6932,1231.066667,14.985959,2,0,0.008375,14.994334
6933,1231.100000,14.650041,2,0,0.031959,14.682000
6934,1231.133333,14.496375,2,0,0.016625,14.513000
6935,1231.166667,14.985875,2,0,0.018750,15.004625
6936,1231.200000,13.298500,2,0,0.008958,13.307458
6937,1231.233333,11.671417,2,0,0.009250,11.680667
6938,1231.266667,12.042167,2,0,0.011167,12.053334
6939,1231.300000,12.294250,2,0,0.020708,12.314958
6940,1231.333333,12.429500,2,0,0.018417,12.447917
6941,1231.366667,12.728791,2,0,0.014834,12.743625
6942,1231.400000,13.788083,2,0,0.011875,13.799958
6943,1231.433333,13.127959,2,0,0.010291,13.138250
6944,1231.466667,13.409958,2,0,0.012500,13.422458
6945,1231.500000,13.343125,2,0,0.015250,13.358375
6946,1231.533333,14.583792,2,0,0.015916,14.599708
6947,1231.566667,17.313750,2,0,0.015583,17.329333
6948,1231.600000,17.156250,2,0,0.016334,17.172584
6949,1231.633333,16.463000,2,0,0.015000,16.478000
6950,1231.666667,15.535792,2,0,0.006500,15.542292
6951,1231.700000,15.301042,2,0,0.023041,15.324083
6952,1231.733333,15.162125,2,0,0.039791,15.201916
6953,1231.766667,14.323666,2,0,0.004459,14.328125
6954,1231.800000,14.348834,2,0,0.019583,14.368417
6955,1231.833333,14.484625,2,0,0.017833,14.502458
6956,1231.866667,15.978875,2,0,0.008459,15.987334
6957,1231.900000,14.440041,2,0,0.019375,14.459416
6958,1231.933333,14.673583,2,0,0.016000,14.689583
6959,1231.966667,16.021333,2,0,0.017125,16.038458
6960,1232.000000,14.587167,2,0,0.023875,14.611042
6961,1232.033333,13.013667,2,0,0.018042,13.031709
6962,1232.066667,13.751542,2,0,0.013083,13.764625
6963,1232.100000,14.954583,2,0,0.022333,14.976916
6964,1232.133333,17.306834,2,0,0.019083,17.325917
6965,1232.166667,16.882000,2,0,0.011333,16.893333
6966,1232.200000,15.111916,2,0,0.009292,15.121208
6967,1232.233333,15.245542,2,0,0.009291,15.254833
6968,1232.266667,14.556541,2,0,0.005042,14.561583
6969,1232.300000,14.544584,2,0,0.009333,14.553917
6970,1232.333333,14.456875,2,0,0.006875,14.463750
6971,1232.366667,14.422125,2,0,0.005292,14.427417
6972,1232.400000,14.469250,2,0,0.006875,14.476125
6973,1232.433333,14.101875,2,0,0.008875,14.110750
6974,1232.466667,14.304500,2,0,0.005500,14.310000
6975,1232.500000,13.724875,2,0,0.007167,13.732042
6976,1232.533333,14.843584,2,0,0.004458,14.848042
6977,1232.566667,13.486000,2,0,0.006542,13.492542
6978,1232.600000,14.301750,2,0,0.013417,14.315167
6979,1232.633333,14.228667,2,0,0.017875,14.246542
6980,1232.666667,14.788833,2,0,0.006250,14.795083
6981,1232.700000,14.359459,2,0,0.016583,14.376042
6982,1232.733333,15.053333,2,0,0.005375,15.058708
6983,1232.766667,15.088666,2,0,0.004917,15.093583
6984,1232.800000,15.509041,2,0,0.018084,15.527125
6985,1232.833333,14.907917,2,0,0.010375,14.918292
6986,1232.866667,15.684416,2,0,0.010792,15.695208
6987,1232.900000,15.835541,2,0,0.020875,15.856416
6988,1232.933333,14.092417,2,0,0.011333,14.103750
6989,1232.966667,14.856041,2,0,0.017292,14.873333
6990,1233.000000,14.585708,2,0,0.021958,14.607666
6991,1233.033333,15.160791,2,0,0.016667,15.177458
6992,1233.066667,14.317291,2,0,0.020334,14.337625
6993,1233.100000,15.042791,2,0,0.017042,15.059833
6994,1233.133333,13.853958,2,0,0.016417,13.870375
6995,1233.166667,14.120209,2,0,0.017958,14.138167
6996,1233.200000,13.896666,2,0,0.017625,13.914291
6997,1233.233333,12.376250,2,0,0.009041,12.385291
6998,1233.266667,11.341000,2,0,0.004542,11.345542
6999,1233.300000,11.467708,2,0,0.007833,11.475541
7000,1233.333333,11.712083,2,0,0.006542,11.718625
7001,1233.366667,11.477667,2,0,0.008125,11.485792
7002,1233.400000,11.567750,2,0,0.008750,11.576500
7003,1233.433333,12.446250,2,0,0.003958,12.450208
7004,1233.466667,15.217458,2,0,0.005292,15.222750
7005,1233.500000,14.569709,2,0,0.009208,14.578917
7006,1233.533333,14.557750,2,0,0.005417,14.563167
7007,1233.566667,17.646958,2,0,0.006625,17.653583
7008,1233.600000,14.766625,2,0,0.006000,14.772625
7009,1233.633333,14.595667,2,0,0.004500,14.600167
7010,1233.666667,14.590709,2,0,0.013291,14.604000
7011,1233.700000,13.587792,2,0,0.005458,13.593250
7012,1233.733333,14.276417,2,0,0.009208,14.285625
7013,1233.766667,13.960750,2,0,0.008709,13.969459
7014,1233.800000,14.395292,2,0,0.023042,14.418334
7015,1233.833333,14.152583,2,0,0.019917,14.172500
7016,1233.866667,14.972583,2,0,0.019000,14.991583
7017,1233.900000,14.206166,2,0,0.017709,14.223875
7018,1233.933333,15.036875,2,0,0.018417,15.055292
7019,1233.966667,15.838709,2,0,0.017333,15.856042
7020,1234.000000,15.818583,2,0,0.018083,15.836666
7021,1234.033333,15.452750,2,0,0.019250,15.472000
7022,1234.066667,14.851250,2,0,0.009584,14.860834
7023,1234.100000,15.536750,2,0,0.005417,15.542167
7024,1234.133333,15.298708,2,0,0.023708,15.322416
7025,1234.166667,14.304792,2,0,0.018958,14.323750
7026,1234.200000,15.166458,2,0,0.018792,15.185250
7027,1234.233333,14.203125,2,0,0.008250,14.211375
7028,1234.266667,12.970291,2,0,0.007500,12.977791
7029,1234.300000,13.076166,2,0,0.008917,13.085083
7030,1234.333333,13.258375,2,0,0.008000,13.266375
7031,1234.366667,13.293917,2,0,0.008333,13.302250
7032,1234.400000,13.301541,2,0,0.005834,13.307375
7033,1234.433333,12.677791,2,0,0.004000,12.681791
7034,1234.466667,13.129250,2,0,0.005542,13.134792
7035,1234.500000,12.919458,2,0,0.006667,12.926125
7036,1234.533333,12.813042,2,0,0.006958,12.820000
7037,1234.566667,13.019875,2,0,0.007875,13.027750
7038,1234.600000,12.724666,2,0,0.005834,12.730500
7039,1234.633333,12.423000,2,0,0.005459,12.428459
7040,1234.666667,12.993750,2,0,0.006708,13.000458
7041,1234.700000,12.967125,2,0,0.007916,12.975041
7042,1234.733333,12.445083,2,0,0.008167,12.453250
7043,1234.766667,12.401042,2,0,0.005750,12.406792
7044,1234.800000,12.517625,2,0,0.007042,12.524667
7045,1234.833333,13.008750,2,0,0.004667,13.013417
7046,1234.866667,12.218375,2,0,0.008542,12.226917
7047,1234.900000,12.936000,2,0,0.012041,12.948041
7048,1234.933333,11.654791,2,0,0.019875,11.674666
7049,1234.966667,12.438667,2,0,0.038291,12.476958
7050,1235.000000,13.320125,2,0,0.017334,13.337459
7051,1235.033333,13.008416,2,0,0.017000,13.025416
7052,1235.066667,12.625792,2,0,0.007916,12.633708
7053,1235.100000,13.374708,2,0,0.016667,13.391375
7054,1235.133333,12.507167,2,0,0.008750,12.515917
7055,1235.166667,14.200583,2,0,0.025084,14.225667
7056,1235.200000,17.149542,2,0,0.021167,17.170709
7057,1235.233333,15.980250,2,0,0.009459,15.989709
7058,1235.266667,14.763334,2,0,0.005791,14.769125
7059,1235.300000,14.887791,2,0,0.004375,14.892166
7060,1235.333333,15.943084,2,0,0.010333,15.953417
7061,1235.366667,15.011167,2,0,0.008458,15.019625
7062,1235.400000,15.320500,2,0,0.007959,15.328459
7063,1235.433333,15.093958,2,0,0.006167,15.100125
7064,1235.466667,14.981584,2,0,0.010000,14.991584
7065,1235.500000,14.725333,2,0,0.006208,14.731541
7066,1235.533333,14.442583,2,0,0.007709,14.450292
7067,1235.566667,14.742209,2,0,0.004958,14.747167
7068,1235.600000,14.676042,2,0,0.007083,14.683125
7069,1235.633333,14.781833,2,0,0.005792,14.787625
7070,1235.666667,14.495875,2,0,0.007917,14.503792
7071,1235.700000,14.333042,2,0,0.008792,14.341834
7072,1235.733333,14.407792,2,0,0.006208,14.414000
7073,1235.766667,14.814542,2,0,0.008125,14.822667
7074,1235.800000,14.979459,2,0,0.005166,14.984625
7075,1235.833333,14.445458,2,0,0.008083,14.453541
7076,1235.866667,14.048417,2,0,0.007833,14.056250
7077,1235.900000,14.280583,2,0,0.008000,14.288583
7078,1235.933333,14.151584,2,0,0.009250,14.160834
7079,1235.966667,14.667875,2,0,0.010625,14.678500
7080,1236.000000,14.460083,2,0,0.012209,14.472292
7081,1236.033333,14.552834,2,0,0.029416,14.582250
7082,1236.066667,15.556292,2,0,0.019458,15.575750
7083,1236.100000,15.187166,2,0,0.019792,15.206958
7084,1236.133333,15.457958,2,0,0.018833,15.476791
7085,1236.166667,15.222375,2,0,0.014542,15.236917
7086,1236.200000,15.092167,2,0,0.014083,15.106250
7087,1236.233333,16.082584,2,0,0.004666,16.087250
7088,1236.266667,14.524583,2,0,0.010625,14.535208
7089,1236.300000,13.720875,2,0,0.007958,13.728833
7090,1236.333333,13.490125,2,0,0.010667,13.500792
7091,1236.366667,13.996625,2,0,0.024209,14.020834
7092,1236.400000,13.701458,2,0,0.005625,13.707083
7093,1236.433333,14.971375,2,0,0.013000,14.984375
7094,1236.466667,14.872875,2,0,0.031500,14.904375
7095,1236.500000,15.594292,2,0,0.018875,15.613167
7096,1236.533333,15.446166,2,0,0.005292,15.451458
7097,1236.566667,15.746000,2,0,0.018292,15.764292
7098,1236.600000,14.661209,2,0,0.006625,14.667834
7099,1236.633333,15.858292,2,0,0.016750,15.875042
7100,1236.666667,15.128791,2,0,0.018250,15.147041
7101,1236.700000,15.069917,2,0,0.021542,15.091459
7102,1236.733333,15.536833,2,0,0.019708,15.556541
7103,1236.766667,15.719583,2,0,0.012292,15.731875
7104,1236.800000,15.691875,2,0,0.004250,15.696125
7105,1236.833333,15.217084,2,0,0.014250,15.231334
7106,1236.866667,15.626042,2,0,0.006083,15.632125
7107,1236.900000,15.177916,2,0,0.013459,15.191375
7108,1236.933333,15.128833,2,0,0.023209,15.152042
7109,1236.966667,15.693458,2,0,0.014375,15.707833
7110,1237.000000,14.870625,2,0,0.014583,14.885208
7111,1237.033333,15.120292,2,0,0.021625,15.141917
7112,1237.066667,14.989875,2,0,0.017208,15.007083
7113,1237.100000,15.247000,2,0,0.018250,15.265250
7114,1237.133333,15.647750,2,0,0.008542,15.656292
7115,1237.166667,14.862875,2,0,0.015375,14.878250
7116,1237.200000,15.405458,2,0,0.014542,15.420000
7117,1237.233333,16.226916,2,0,0.020792,16.247708
7118,1237.266667,14.409750,2,0,0.011417,14.421167
7119,1237.300000,13.800041,2,0,0.007709,13.807750
7120,1237.333333,13.701083,2,0,0.005875,13.706958
7121,1237.366667,13.748000,2,0,0.007625,13.755625
7122,1237.400000,14.453583,2,0,0.019333,14.472916
7123,1237.433333,14.130250,2,0,0.019250,14.149500
7124,1237.466667,16.499583,2,0,0.020750,16.520333
7125,1237.500000,15.033959,2,0,0.005958,15.039917
7126,1237.533333,15.194208,2,0,0.015208,15.209416
7127,1237.566667,15.488875,2,0,0.016083,15.504958
7128,1237.600000,15.654292,2,0,0.015208,15.669500
7129,1237.633333,15.175542,2,0,0.017375,15.192917
7130,1237.666667,15.599500,2,0,0.039417,15.638917
7131,1237.700000,14.674125,2,0,0.006334,14.680459
7132,1237.733333,14.990541,2,0,0.019250,15.009791
7133,1237.766667,15.285333,2,0,0.019792,15.305125
7134,1237.800000,14.359250,2,0,0.014500,14.373750
7135,1237.833333,14.860625,2,0,0.021542,14.882167
7136,1237.866667,15.643334,2,0,0.015500,15.658834
7137,1237.900000,15.222458,2,0,0.019250,15.241708
7138,1237.933333,14.473125,2,0,0.008084,14.481209
7139,1237.966667,14.979916,2,0,0.016375,14.996291
7140,1238.000000,14.499333,2,0,0.016125,14.515458
7141,1238.033333,16.463292,2,0,0.020375,16.483667
7142,1238.066667,14.960500,2,0,0.014250,14.974750
7143,1238.100000,15.518917,2,0,0.019125,15.538042
7144,1238.133333,16.161250,2,0,0.007792,16.169042
