1782375442.182575226 0.000000000 0.000000000 0.000000000 -0.000000000 -0.000000000 -0.000000000 1.000000000
1782375442.215948343 0.000000000 0.000000000 0.000000000 0.000000000 -0.000000000 0.000000000 1.000000000
1782375442.249321461 -0.000151351 0.000017346 -0.000052485 -0.000016003 0.000023358 -0.000032391 1.000000000
1782375442.382813931 -0.000473256 -0.000223076 -0.000049457 -0.000054438 0.000148546 -0.000064471 1.000000000
1782375442.416187048 -0.000333045 -0.000070256 -0.000114370 -0.000014109 0.000094172 0.000011622 1.000000000
1782375442.449561119 -0.000438378 -0.000296445 -0.000114006 -0.000074436 0.000104433 -0.000022986 1.000000000
1782375442.482933998 -0.000369694 0.000025354 0.000141493 -0.000003629 0.000076387 -0.000007965 1.000000000
1782375442.516307354 -0.000175068 -0.000141663 -0.000090205 -0.000036365 0.000064752 -0.000048796 1.000000000
1782375442.549678564 0.000041756 -0.000112777 -0.000044595 -0.000030430 -0.000003954 -0.000011493 1.000000000
1782375442.583049536 -0.000446511 -0.000126751 0.000160865 -0.000058765 0.000127149 -0.000093794 1.000000000
1782375442.616420746 -0.000356048 0.000229622 -0.000041390 0.000052164 0.000097601 -0.000041926 1.000000000
1782375442.649791718 -0.000355708 0.000063303 0.000163343 0.000030967 0.000102167 -0.000080644 1.000000000
1782375442.683162928 -0.000169103 0.000290516 0.000454950 0.000055619 0.000053415 -0.000002497 1.000000000
1782375442.716533661 -0.000584688 0.000294826 0.000399638 0.000037313 0.000131490 -0.000070426 1.000000000
1782375442.749904871 -0.000637428 0.000161537 0.000170937 0.000045458 0.000145645 -0.000064296 1.000000000
1782375442.783275843 -0.000236987 0.000353839 -0.000206347 0.000074821 0.000076203 -0.000004168 1.000000000
1782375442.816647053 -0.000308934 0.000391352 -0.000025557 0.000073628 0.000085836 -0.000118891 1.000000000
1782375442.850017786 -0.000349816 0.000514550 0.000100143 0.000075911 0.000107061 -0.000062721 1.000000000
1782375442.883388996 -0.000544868 0.000289142 -0.000047027 0.000075356 0.000139072 -0.000115669 1.000000000
1782375442.916759968 -0.000579104 -0.000011942 0.000056739 -0.000018923 0.000152904 -0.000153607 1.000000000
1782375442.950130939 -0.000578796 0.000339676 0.000047886 0.000065185 0.000149088 -0.000053625 1.000000000
1782375442.983501911 -0.000497583 0.000423012 -0.000063380 0.000108856 0.000150192 -0.000098331 1.000000000
1782375443.016872883 -0.000350115 0.000047952 0.000013055 0.000013181 0.000136399 -0.000061759 1.000000000
1782375443.050243616 -0.000250986 -0.000343586 -0.000238048 -0.000103658 0.000091023 -0.000030301 1.000000000
1782375443.083614826 -0.000632707 0.000299364 0.000089717 0.000060746 0.000176369 -0.000112074 1.000000000
1782375443.116985559 -0.000260663 0.000123207 0.000031324 0.000048570 0.000111925 -0.000061645 1.000000000
1782375443.150357485 -0.000129981 0.000332253 0.000052380 0.000076907 0.000047986 -0.000084009 1.000000000
1782375443.183728218 -0.000101822 0.000212819 0.000196914 0.000021386 0.000059309 -0.000032580 1.000000000
1782375443.217099428 -0.000235436 0.000605232 0.000227096 0.000116878 0.000103765 -0.000065412 1.000000000
1782375443.250470161 -0.000222939 0.000130700 0.000027895 0.000000046 0.000083634 -0.000026096 1.000000000
1782375443.283841133 -0.000354025 0.000198200 0.000093544 0.000025453 0.000134267 -0.000002866 1.000000000
1782375443.317211866 -0.000231117 -0.000325933 0.000260486 -0.000096847 0.000052747 -0.000088918 1.000000000
1782375443.350582838 -0.000638855 -0.000531454 0.000036993 -0.000123595 0.000145155 -0.000136842 1.000000000
1782375443.383953571 -0.000709183 0.000092479 0.000060707 0.000011256 0.000202132 -0.000030683 1.000000000
1782375443.417324305 -0.000488614 -0.000039606 0.000053221 0.000002256 0.000145785 -0.000026869 1.000000000
1782375443.450695038 -0.000537995 -0.000276196 -0.000189012 -0.000049893 0.000171594 -0.000023400 1.000000000
1782375443.484066010 -0.000368568 0.000377669 0.000210893 0.000092751 0.000129066 -0.000019625 1.000000000
1782375443.517437220 -0.000386947 0.000185976 0.000111562 0.000023589 0.000095480 -0.000006044 1.000000000
1782375443.550809145 -0.000596558 0.000020520 0.000081838 -0.000007410 0.000156441 -0.000072506 1.000000000
1782375443.584180593 -0.000445727 0.000020462 0.000145967 0.000004889 0.000137237 -0.000045287 1.000000000
1782375443.617552519 -0.000625961 -0.000525918 0.000228188 -0.000144511 0.000169578 -0.000070080 1.000000000
1782375443.650923967 -0.000235031 -0.000286664 -0.000174668 -0.000078428 0.000071848 -0.000082648 1.000000000
1782375443.684295893 -0.000404369 -0.000063083 0.000175145 -0.000037832 0.000130986 -0.000092065 1.000000000
1782375443.717667580 -0.000569878 -0.000402786 -0.000109033 -0.000124613 0.000176283 -0.000062825 1.000000000
1782375443.751039267 -0.000797890 -0.000328327 0.000081935 -0.000106070 0.000219253 -0.000130510 1.000000000
1782375443.784410954 -0.000409862 -0.000204613 -0.000000411 -0.000091170 0.000138644 0.000000915 1.000000000
1782375443.817782402 -0.000483838 0.000071794 0.000180852 -0.000015220 0.000154030 -0.000068264 1.000000000
1782375443.851155043 -0.000676409 0.000034207 0.000249792 -0.000036632 0.000186099 -0.000050744 1.000000000
1782375443.884526730 -0.000467827 -0.000465885 0.000247551 -0.000136030 0.000172328 -0.000048770 1.000000000
1782375443.917898178 -0.000491053 -0.000245071 0.000128251 -0.000066840 0.000180059 -0.000029953 1.000000000
1782375443.951269865 -0.000669122 0.000148740 0.000217315 -0.000034128 0.000200159 -0.000015604 1.000000000
1782375443.984641314 -0.000381591 -0.000201057 0.000300367 -0.000104104 0.000164328 -0.000035833 1.000000000
1782375444.018013000 -0.000281013 -0.000532839 -0.000055192 -0.000190928 0.000143967 -0.000092193 1.000000000
1782375444.051384211 0.000152822 -0.000211160 0.000072367 -0.000109244 0.000047947 0.000024136 1.000000000
1782375444.084755898 -0.000460189 -0.000089473 0.000104885 -0.000087700 0.000152188 -0.000038196 1.000000000
1782375444.118127108 -0.000146259 0.000096150 0.000188923 -0.000047089 0.000123988 -0.000060679 1.000000000
1782375444.151498795 -0.000146905 0.000205895 -0.000072272 0.000011855 0.000075582 0.000016127 1.000000000
1782375444.184870005 -0.000309508 0.000314969 0.000140899 0.000041758 0.000151654 -0.000032798 1.000000000
1782375444.218241692 -0.000308683 -0.000306991 -0.000054404 -0.000109721 0.000138334 -0.000060371 1.000000000
1782375444.251613140 -0.000579633 -0.000057923 0.000121802 -0.000076411 0.000197645 -0.000063681 1.000000000
1782375444.284984350 -0.000474294 -0.000019287 0.000033688 -0.000083258 0.000180611 -0.000084751 1.000000000
1782375444.318355799 -0.000440094 0.000013005 0.000074501 -0.000048941 0.000177755 0.000007454 1.000000000
1782375444.385098457 -0.000287502 -0.000135588 -0.000011143 -0.000082084 0.000159094 0.000017779 1.000000000
1782375444.485212326 -0.000341389 -0.000000668 0.000084629 -0.000049798 0.000143375 -0.000027873 1.000000000
1782375444.518583059 -0.000306299 0.000132936 0.000079774 -0.000016665 0.000150459 -0.000055972 1.000000000
1782375444.551956892 -0.000171455 -0.000224500 0.000022068 -0.000119320 0.000115443 -0.000003279 1.000000000
1782375444.585329533 -0.000148927 -0.000053931 0.000110898 -0.000088830 0.000116884 0.000050993 1.000000000
1782375444.618702412 -0.000430361 0.000448680 0.000297840 0.000040530 0.000179274 -0.000068888 1.000000000
1782375444.652075291 -0.000354064 0.000232479 0.000152997 0.000011822 0.000184208 -0.000023854 1.000000000
1782375444.685447931 -0.000575553 0.000056552 0.000112466 -0.000030412 0.000209552 -0.000106528 1.000000000
1782375444.718820810 0.000162588 -0.000105982 -0.000849216 -0.748360574 -0.027065208 -0.000026581 0.662739813
1782375444.752193451 0.000179160 -0.000160442 -0.000944038 -0.748358071 -0.027075665 -0.000017351 0.662742138
1782375444.785566092 -0.002997942 0.000826502 0.000167737 -0.748515248 -0.026652005 -0.000427755 0.662581742
1782375444.818938971 -0.003001388 0.000809899 0.000237557 -0.748544753 -0.026653420 -0.000411918 0.662548244
1782375444.852311850 -0.003050039 0.000790409 0.000266313 -0.748554349 -0.026662929 -0.000424725 0.662537098
1782375444.885684490 -0.003078034 0.000784441 0.000279772 -0.748562276 -0.026670430 -0.000433175 0.662527859
1782375444.919057131 -0.003077209 0.000780431 0.000254128 -0.748574317 -0.026686432 -0.000405610 0.662513554
1782375444.952430010 -0.003085248 0.000800517 0.000228033 -0.748576760 -0.026687646 -0.000427238 0.662510812
1782375444.985802650 -0.003139392 0.000842079 0.000178583 -0.748591244 -0.026678950 -0.000440272 0.662494779
1782375445.019175529 -0.003128720 0.000871535 0.000155666 -0.748604715 -0.026688710 -0.000418184 0.662479103
1782375445.085920811 -0.003148701 0.000891227 0.000160722 -0.748599470 -0.026675209 -0.000411243 0.662485540
1782375445.119293690 -0.003114568 0.000962268 0.000114960 -0.748598695 -0.026688969 -0.000411362 0.662485957
1782375445.152666569 -0.003095862 0.000911683 0.000068279 -0.748608053 -0.026708234 -0.000409236 0.662474513
1782375445.186039209 0.000000000 0.000000000 0.000000000 -0.000000000 -0.000000000 -0.000000000 1.000000000
1782375445.219412088 0.000000000 0.000000000 0.000000000 -0.000000000 -0.000000000 -0.000000000 1.000000000
1782375445.252785683 0.000000000 0.000000000 0.000000000 0.000000000 -0.000000000 0.000000000 1.000000000
1782375445.286158562 -0.000086511 0.000303140 0.000370519 0.000071029 0.000050834 0.000045970 1.000000000
1782375445.319531202 -0.000402564 0.000117045 0.000201720 0.000022402 0.000112286 -0.000052336 1.000000000
1782375445.352904081 -0.000314677 0.000073445 0.000041869 0.000015703 0.000088136 -0.000003767 1.000000000
1782375445.386276960 0.000031621 -0.000182382 0.000039129 -0.000042595 0.000003842 -0.000022232 1.000000000
1782375445.419649363 0.000018729 0.000490719 0.000057059 0.000121719 0.000033517 0.000034517 1.000000000
1782375445.453022242 -0.000228912 -0.000276927 -0.000070242 -0.000060924 0.000087112 -0.000064253 1.000000000
1782375445.486395121 -0.000183371 0.000239781 0.000103687 0.000031835 0.000066837 -0.000003226 1.000000000
1782375445.519767523 -0.000029476 -0.000076945 0.000099255 -0.000047989 0.000026190 -0.000027462 1.000000000
1782375445.553140879 -0.000024704 -0.000213881 0.000103098 -0.000049187 0.000025664 0.000015648 1.000000000
1782375445.586513996 -0.000065252 -0.000006777 -0.000034459 -0.000018567 0.000037388 0.000049660 1.000000000
1782375445.619887114 -0.000041946 -0.000081920 0.000001306 -0.000009042 0.000037977 -0.000051975 1.000000000
1782375445.653260469 -0.000247175 -0.000060250 0.000172271 -0.000001345 0.000076337 -0.000050859 1.000000000
1782375445.686633587 0.000105096 -0.000181595 0.000041073 -0.000039304 -0.000020657 0.000097830 1.000000000
1782375445.720006943 -0.000552595 -0.000259254 0.000094608 -0.000052950 0.000125464 -0.000071037 1.000000000
1782375445.753380060 -0.000122720 0.000279094 0.000004450 0.000083814 0.000044331 -0.000054586 1.000000000
1782375445.786753178 -0.000449033 0.000024313 0.000133401 -0.000007656 0.000110727 -0.000088553 1.000000000
1782375445.820126534 -0.000329737 -0.000219696 -0.000002125 -0.000090151 0.000112061 -0.000070936 1.000000000
1782375445.853499651 -0.000322535 -0.000470091 -0.000087956 -0.000115312 0.000104643 -0.000058846 1.000000000
1782375445.886872768 -0.000275523 0.000063180 0.000113536 -0.000016612 0.000109617 -0.000013141 1.000000000
1782375445.920246124 -0.000094692 -0.000665868 -0.000226062 -0.000198012 0.000052908 -0.000061156 1.000000000
1782375445.953620434 0.000010238 -0.000227446 -0.000059305 -0.000027206 0.000040874 -0.000009240 1.000000000
1782375445.986993551 -0.000152072 -0.000372561 0.000131641 -0.000103644 0.000071046 0.000010561 1.000000000
1782375446.020366669 -0.000102436 -0.000468729 -0.000174517 -0.000139227 0.000049674 -0.000004545 1.000000000
1782375446.053740025 -0.000113625 -0.000270899 0.000027963 -0.000065348 0.000070037 -0.000006687 1.000000000
1782375446.087113380 -0.000253578 0.000046604 0.000206793 -0.000003171 0.000084252 -0.000061091 1.000000000
1782375446.120486498 -0.000034978 -0.000074628 0.000032061 -0.000054696 0.000004634 -0.000054480 1.000000000
1782375446.153859615 -0.000186796 0.000349260 0.000248072 0.000030787 0.000056152 -0.000038291 1.000000000
1782375446.187232971 -0.000115955 -0.000016286 0.000099655 -0.000040275 0.000062316 -0.000017947 1.000000000
1782375446.220606089 -0.000008072 -0.000201279 -0.000049589 -0.000076726 0.000061757 0.000017933 1.000000000
1782375446.253979445 -0.000206300 -0.000250942 0.000236043 -0.000100382 0.000080226 -0.000022812 1.000000000
1782375446.287352800 -0.000222090 0.000026144 0.000143730 -0.000009251 0.000073957 -0.000088825 1.000000000
1782375446.320725918 -0.000294638 -0.000187513 0.000180655 -0.000078452 0.000098764 -0.000154878 1.000000000
1782375446.354099035 -0.000397883 0.000078018 0.000095117 -0.000000761 0.000120056 -0.000033547 1.000000000
1782375446.387472391 -0.000051063 0.000156957 0.000242820 0.000029992 0.000056278 -0.000030800 1.000000000
1782375446.420845747 -0.000258639 0.000029807 0.000433750 -0.000000342 0.000094384 0.000049811 1.000000000
1782375446.454219103 -0.000196698 0.000051912 0.000341878 -0.000022189 0.000066286 -0.000078392 1.000000000
1782375446.487592220 -0.000253012 0.000262035 0.000089761 0.000043538 0.000087960 -0.000019894 1.000000000
1782375446.520965338 -0.000354764 -0.000135792 -0.000026533 -0.000054513 0.000109754 -0.000042588 1.000000000
1782375446.554338217 -0.000148485 0.000124498 0.000164248 0.000020449 0.000070557 -0.000013824 1.000000000
1782375446.587710857 -0.000422336 0.000135710 0.000099215 0.000013884 0.000105585 -0.000095807 1.000000000
1782375446.621083736 -0.000305833 0.000055938 0.000309950 0.000000709 0.000091747 -0.000049315 1.000000000
1782375446.654457569 -0.000400137 0.000257870 0.000226484 0.000023814 0.000097456 -0.000115476 1.000000000
1782375446.687830210 -0.000302163 0.000165739 -0.000057292 0.000020480 0.000097950 -0.000007747 1.000000000
1782375446.721202850 -0.000513336 0.000382016 0.000224056 0.000063167 0.000124427 -0.000102119 1.000000000
1782375446.754575729 -0.000713816 0.000190998 0.000055428 0.000063390 0.000169535 -0.000081055 1.000000000
1782375446.821321249 -0.000506834 0.000320590 0.000190184 0.000076325 0.000081864 -0.000063141 1.000000000
1782375446.854693890 -0.000300335 0.000539590 0.000072406 0.000124903 0.000052623 -0.000091807 1.000000000
1782375446.888066769 -0.000175253 0.000368571 0.000198064 0.000122789 0.000032288 -0.000045145 1.000000000
1782375446.921439409 -0.000180229 -0.000319571 -0.000212848 -0.000044265 0.000055766 -0.000063696 1.000000000
1782375446.954812288 -0.000444296 -0.000036307 0.000127070 0.000037163 0.000073008 -0.000073999 1.000000000
1782375446.988184929 -0.000147021 0.000192175 0.000082484 0.000071460 0.000009158 -0.000044691 1.000000000
1782375447.021557570 -0.000399260 -0.000166545 0.000025132 -0.000006775 0.000088788 -0.000130174 1.000000000
1782375447.054930449 0.000065634 0.000190966 0.000223343 0.000070178 -0.000006609 -0.000009858 1.000000000
1782375447.088303089 -0.000170338 0.000277112 0.000130752 0.000071983 0.000032322 -0.000086608 1.000000000
1782375447.121675730 -0.000256071 0.000050845 0.000114967 0.000042755 0.000026444 -0.000049742 1.000000000
1782375447.155048609 -0.000008014 0.000263046 -0.000064780 0.000098097 0.000015970 -0.000032721 1.000000000
1782375447.188421249 -0.000228756 0.000564820 0.000087352 0.000132271 0.000046209 -0.000035665 1.000000000
1782375447.221793890 -0.000037616 0.000198549 -0.000046819 0.000081406 0.000013454 0.000017315 1.000000000
1782375447.255166769 -0.000318461 -0.000034421 0.000112989 0.000007918 0.000070454 -0.000047716 1.000000000
1782375447.288539410 -0.000055908 0.000009136 -0.000068744 -0.000001101 0.000020190 -0.000041502 1.000000000
1782375447.321912050 -0.000225143 -0.000227187 0.000033934 -0.000033736 0.000054472 -0.000038664 1.000000000
1782375447.355285883 -0.000051276 -0.000057206 -0.000405656 -0.000013114 -0.000001098 -0.000029845 1.000000000
1782375447.388658524 -0.000557446 0.000063667 0.000012599 0.000039986 0.000098293 -0.000136234 1.000000000
1782375447.422031164 -0.000169980 0.000023565 0.000097264 0.000072090 0.000034633 -0.000122213 1.000000000
1782375447.455404043 -0.000012059 0.000047860 0.000028092 0.000037042 0.000007661 0.000035979 1.000000000
1782375447.488776684 -0.000201363 0.000327169 0.000109276 0.000082188 0.000064546 -0.000031433 1.000000000
1782375447.522149086 -0.000373705 -0.000068220 -0.000044345 0.000033785 0.000117900 -0.000033695 1.000000000
1782375447.555522442 -0.000377382 0.000076242 0.000035154 0.000024489 0.000069885 -0.000123072 1.000000000
1782375447.588895559 -0.000412516 -0.000176568 -0.000088419 -0.000013491 0.000111602 -0.000031692 1.000000000
1782375447.622268915 -0.000365250 0.000195102 -0.000025883 0.000070413 0.000092910 -0.000129586 1.000000000
1782375447.655641794 -0.000135458 -0.000416592 -0.000064345 -0.000065745 0.000046285 -0.000117210 1.000000000
1782375447.689014912 -0.000098673 0.000171551 -0.000291453 -0.748437464 -0.027143335 -0.000108625 0.662649751
1782375447.722388268 -0.000033514 0.000244014 -0.000318732 -0.748423636 -0.027163092 -0.000084451 0.662664592
1782375447.755761147 0.000023730 0.000307915 -0.000351570 -0.748427033 -0.027172789 -0.000068605 0.662660301
1782375447.789134502 -0.004461061 -0.000341051 0.000487200 -0.748516917 -0.026499800 -0.000544229 0.662585855
1782375447.822507620 -0.004414485 -0.000367107 0.000570088 -0.748530626 -0.026508078 -0.000526605 0.662570000
1782375447.855880976 -0.004374230 -0.000371613 0.000627386 -0.748550057 -0.026466127 -0.000546691 0.662549734
1782375447.889253855 -0.004359188 -0.000356000 0.000662975 -0.748559952 -0.026420603 -0.000571629 0.662540317
1782375447.922626972 -0.004365772 -0.000332722 0.000670282 -0.748551428 -0.026441578 -0.000569203 0.662549198
1782375447.956000328 -0.004375259 -0.000282024 0.000632092 -0.748563886 -0.026477553 -0.000514438 0.662533641
1782375447.989373207 -0.004352916 -0.000343394 0.000556262 -0.748557866 -0.026534824 -0.000465140 0.662538230
1782375448.022746563 -0.004412833 -0.000320246 0.000516998 -0.748556376 -0.026566874 -0.000480963 0.662538648
1782375448.056120634 -0.004546741 -0.000316822 0.000469836 -0.748547733 -0.026557429 -0.000507808 0.662548780
1782375448.089493990 -0.004542765 -0.000273994 0.000346449 -0.748544693 -0.026554573 -0.000504102 0.662552238
1782375448.122866869 -0.004594502 -0.000217733 0.000261615 -0.748542547 -0.026575889 -0.000480810 0.662553847
1782375448.156240225 -0.004634583 -0.000191511 0.000156801 -0.748534679 -0.026622934 -0.000406978 0.662560880
1782375448.189613342 0.000000000 0.000000000 0.000000000 -0.000000000 -0.000000000 -0.000000000 1.000000000
1782375448.222986460 0.000000000 0.000000000 0.000000000 -0.000000000 -0.000000000 -0.000000000 1.000000000
1782375448.256359577 0.000000000 0.000000000 0.000000000 -0.000000000 -0.000000000 -0.000000000 1.000000000
1782375448.289732933 0.000000000 0.000000000 0.000000000 -0.000000000 -0.000000000 -0.000000000 1.000000000
1782375448.323106050 0.000000000 0.000000000 0.000000000 -0.000000000 -0.000000000 -0.000000000 1.000000000
1782375448.356479168 0.000000000 0.000000000 0.000000000 -0.000000000 -0.000000000 -0.000000000 1.000000000
1782375448.389852285 0.000000000 0.000000000 0.000000000 -0.000000000 -0.000000000 -0.000000000 1.000000000
1782375448.423225641 0.000000000 0.000000000 0.000000000 -0.000000000 -0.000000000 -0.000000000 1.000000000
1782375448.456598520 0.000000000 0.000000000 0.000000000 -0.000000000 -0.000000000 -0.000000000 1.000000000
1782375448.489971876 0.000000000 0.000000000 0.000000000 -0.000000000 -0.000000000 -0.000000000 1.000000000
1782375448.523344994 0.000000000 0.000000000 0.000000000 -0.000000000 -0.000000000 -0.000000000 1.000000000
1782375448.556718111 0.000000000 0.000000000 0.000000000 -0.000000000 -0.000000000 -0.000000000 1.000000000
1782375448.590090990 0.000000000 0.000000000 0.000000000 -0.000000000 -0.000000000 -0.000000000 1.000000000
1782375448.623464108 0.000000000 0.000000000 0.000000000 -0.000000000 -0.000000000 -0.000000000 1.000000000
1782375448.656837225 0.000000000 0.000000000 0.000000000 -0.000000000 -0.000000000 -0.000000000 1.000000000
1782375448.690210104 0.000000000 0.000000000 0.000000000 -0.000000000 -0.000000000 -0.000000000 1.000000000
1782375448.723583221 0.000000000 0.000000000 0.000000000 -0.000000000 -0.000000000 -0.000000000 1.000000000
1782375448.756957293 0.000000000 0.000000000 0.000000000 -0.000000000 -0.000000000 -0.000000000 1.000000000
1782375448.790330410 0.000000000 0.000000000 0.000000000 -0.000000000 -0.000000000 -0.000000000 1.000000000
1782375448.823703289 0.000000000 0.000000000 0.000000000 -0.000000000 -0.000000000 -0.000000000 1.000000000
1782375448.857076406 0.000000000 0.000000000 0.000000000 -0.000000000 -0.000000000 -0.000000000 1.000000000
1782375448.890449286 0.000000000 0.000000000 0.000000000 -0.000000000 -0.000000000 -0.000000000 1.000000000
1782375448.923822165 0.000000000 0.000000000 0.000000000 0.000000000 -0.000000000 0.000000000 1.000000000
1782375448.957195282 0.001450260 0.000423887 0.001490109 0.000273001 -0.002057306 -0.000278797 0.999997795
1782375448.990568399 0.002094225 -0.000599276 0.002060473 0.000373327 -0.004575096 -0.000854916 0.999989092
1782375449.023941517 0.002571861 -0.000454105 0.003051451 0.000639606 -0.007450239 -0.001341520 0.999971151
1782375449.057314396 0.003545304 -0.000373488 0.004309447 0.001084945 -0.011099847 -0.001942607 0.999935925
1782375449.090687513 0.003056982 -0.000671522 0.005199824 0.001221043 -0.014650623 -0.002488410 0.999888837
1782375449.124060631 0.003175040 -0.001022395 0.006584694 0.001610014 -0.018660832 -0.003502891 0.999818444
1782375449.157433271 0.004817348 -0.001603967 0.007568684 0.001520765 -0.022830434 -0.003909740 0.999730587
1782375449.190806389 0.004624183 -0.001687876 0.009554400 0.002046128 -0.027091941 -0.004749130 0.999619603
1782375449.224179506 0.004833369 -0.001950641 0.011451623 0.001951436 -0.031263541 -0.005182371 0.999495864
1782375449.257552385 0.006461702 -0.000913252 0.014070705 0.002736481 -0.035925351 -0.005687207 0.999334574
1782375449.290925503 0.005539307 -0.001529948 0.015229945 0.002660102 -0.039875064 -0.006586887 0.999179423
1782375449.324298620 0.005694163 -0.001496123 0.018331748 0.003096143 -0.044118814 -0.007070185 0.998996496
1782375449.357671499 0.007564715 -0.001342065 0.020600993 0.003193322 -0.048698198 -0.007660919 0.998779058
1782375449.424417496 0.007950197 -0.002190772 0.025871461 0.003443425 -0.056864545 -0.008911720 0.998336256
1782375449.457791567 0.007427890 -0.003753955 0.028971093 0.003297167 -0.060826536 -0.009467227 0.998098016
1782375449.491164446 0.008145015 -0.003679764 0.031574391 0.003700625 -0.065031447 -0.009998866 0.997826278
1782375449.524537325 0.007000347 -0.005341467 0.034005035 0.003248898 -0.068813831 -0.010447117 0.997569561
1782375449.557910919 0.007789752 -0.005594859 0.037522703 0.003572240 -0.073749259 -0.011121357 0.997208416
1782375449.591284752 0.006031526 -0.006147728 0.040299222 0.003640481 -0.078271694 -0.011636883 0.996857524
1782375449.624658108 0.006079321 -0.006665493 0.044532452 0.003889204 -0.083840944 -0.012403171 0.996394396
1782375449.658031940 0.003511922 -0.007297716 0.047369529 0.003959904 -0.088767596 -0.013368246 0.995954812
1782375449.691405535 0.002624996 -0.006243607 0.051222451 0.004540341 -0.094287835 -0.013961313 0.995436728
1782375449.724779367 0.000991507 -0.007205537 0.055238042 0.004573555 -0.099996418 -0.014785669 0.994867444
1782375449.758152962 -0.001056656 -0.007614075 0.059317023 0.004773006 -0.105469681 -0.015732694 0.994286597
1782375449.791526556 -0.002525144 -0.008807071 0.062970392 0.004766255 -0.111171566 -0.016643606 0.993650436
1782375449.824900389 -0.003155192 -0.008787056 0.066920750 0.005089985 -0.117006965 -0.017661650 0.992960989
1782375449.858274221 -0.004879115 -0.009098639 0.070134610 0.005172474 -0.122462124 -0.018158028 0.992293596
1782375449.891648054 -0.006067115 -0.009823471 0.073691428 0.005368775 -0.128061578 -0.018860346 0.991572380
1782375449.925021648 -0.007421966 -0.011449918 0.076295607 0.005110340 -0.133390725 -0.019823572 0.990852118
1782375449.958395243 -0.009021120 -0.009941506 0.080407120 0.005786732 -0.138744935 -0.020382257 0.990101457
1782375449.991769075 -0.009655527 -0.010220923 0.083915256 0.006035402 -0.143970400 -0.021145262 0.989337683
1782375450.025142908 -0.011914760 -0.011684420 0.086534321 0.005846771 -0.148622334 -0.022003183 0.988631964
1782375450.058516502 -0.014244079 -0.012181814 0.089261472 0.005804921 -0.153174326 -0.022575939 0.987924218
1782375450.225386381 -0.023277294 -0.013672368 0.103546187 0.006572980 -0.176210091 -0.026059674 0.983985603
1782375450.325507879 -0.030865364 -0.013869015 0.112253323 0.007284853 -0.190693647 -0.028058404 0.981221497
1782375450.358881474 -0.033127051 -0.015152150 0.115326010 0.007154320 -0.195462748 -0.028852919 0.980260491
1782375450.392255545 -0.039371163 -0.015901502 0.116609603 0.007197419 -0.199134260 -0.030133056 0.979482412
1782375450.425629377 -0.040438090 -0.018409088 0.119625084 0.006776327 -0.204276592 -0.030759530 0.978406370
1782375450.459003210 -0.043125298 -0.018441098 0.122318640 0.006852113 -0.208953664 -0.031296700 0.977400601
1782375450.492377043 -0.045522597 -0.018650854 0.124756455 0.006972955 -0.213353962 -0.031810917 0.976432085
1782375450.525750875 -0.048359010 -0.017800031 0.127606779 0.007540427 -0.217832178 -0.032639742 0.975411177
1782375450.559124231 -0.049398039 -0.017640971 0.130776823 0.007733753 -0.222518221 -0.033065453 0.974336982
1782375450.592497587 -0.052067466 -0.017662710 0.132748723 0.007988204 -0.226691782 -0.033734683 0.973349392
1782375450.625870943 -0.053320352 -0.018570064 0.136027843 0.007888950 -0.231411263 -0.034186635 0.972223163
1782375450.659244299 -0.054972604 -0.018342514 0.138303161 0.008203467 -0.235547721 -0.034704816 0.971208274
1782375450.692617655 -0.057254005 -0.019300964 0.140401125 0.008131571 -0.239447713 -0.035285044 0.970233798
1782375450.725991011 -0.059836447 -0.019647349 0.142507866 0.008221958 -0.243085593 -0.035793453 0.969309330
1782375450.759364605 -0.061943382 -0.018978642 0.145477414 0.008704063 -0.246840134 -0.036453161 0.968331277
1782375450.792737722 -0.061425261 -0.019371256 0.148546502 0.008681898 -0.250973254 -0.036865890 0.967252791
1782375450.826111317 -0.065177113 -0.019227974 0.150480077 0.009032426 -0.254013449 -0.037326407 0.966437936
1782375450.859485626 -0.065768562 -0.019340469 0.152694553 0.009267251 -0.257697940 -0.037775405 0.965442359
1782375450.892859221 -0.066916160 -0.020988367 0.153514519 0.009036979 -0.261028349 -0.038360056 0.964526355
1782375450.926232338 -0.068354294 -0.021813521 0.155908301 0.009021695 -0.264419019 -0.038749333 0.963586926
1782375450.959605932 -0.070235394 -0.021888517 0.157726750 0.009083021 -0.267566532 -0.039117608 0.962702215
1782375450.992979288 -0.072808444 -0.023556620 0.158518881 0.008876471 -0.270153463 -0.039707705 0.961957157
1782375451.026352882 -0.074719660 -0.021637753 0.161102936 0.009563599 -0.273202986 -0.039956801 0.961078644
1782375451.059726000 -0.075779706 -0.021287661 0.163553357 0.009713131 -0.276260883 -0.040147655 0.960194647
1782375451.093099594 -0.077849105 -0.022299627 0.165024906 0.009524814 -0.278910995 -0.040635064 0.959409595
1782375451.126472950 -0.081530519 -0.021878464 0.165082753 0.009854899 -0.280879259 -0.041088320 0.958812535
1782375451.159846544 -0.081058457 -0.024095237 0.167709753 0.009444153 -0.284099609 -0.041082367 0.957867682
1782375451.193219662 -0.083848707 -0.024515199 0.168490738 0.009454946 -0.286261827 -0.041427005 0.957208753
1782375451.226593256 -0.084877349 -0.024932463 0.170196176 0.009381864 -0.288706243 -0.041687872 0.956463695
1782375451.259966850 -0.087102249 -0.025159841 0.170737684 0.009653770 -0.290800601 -0.042203154 0.955803692
1782375451.293340206 -0.088311501 -0.024325646 0.172985137 0.009827715 -0.293383151 -0.042354964 0.955005705
1782375451.326713562 -0.090007760 -0.024942350 0.175420642 0.009839659 -0.295836121 -0.042512663 0.954241514
1782375451.426833868 -0.096910216 -0.023961307 0.179357529 0.010440964 -0.302443773 -0.043385059 0.952122092
1782375451.460207462 -0.104813173 0.177752972 0.000445396 -0.705034614 -0.254533499 0.197655275 0.631721020
1782375451.526954412 -0.107546940 0.185183480 0.004421681 -0.704317451 -0.258484423 0.202344626 0.629427791
1782375451.560330391 -0.110199526 0.186565980 0.004569992 -0.703738213 -0.260184765 0.203778401 0.628912389
1782375451.593705416 -0.112999447 0.188010305 0.004705951 -0.703125536 -0.261830091 0.205334321 0.628408611
1782375451.627080441 -0.116212860 0.189686418 0.004788369 -0.702503145 -0.263784111 0.206996948 0.627741694
1782375451.660455227 -0.119504787 0.191479504 0.004814327 -0.701797605 -0.265772969 0.208714381 0.627122998
1782375451.693830252 -0.122876786 0.193223625 0.004820168 -0.701089084 -0.268028170 0.210523799 0.626350343
1782375451.727205276 -0.125557333 0.194877490 0.004798383 -0.700154006 -0.270177871 0.212435082 0.625827193
1782375451.760580301 -0.128187403 0.196787342 0.004774332 -0.699540555 -0.272170186 0.214163482 0.625060320
1782375451.793955326 -0.130935758 0.198580712 0.004725903 -0.698701680 -0.273951292 0.215914935 0.624617934
1782375451.827330589 -0.134147599 0.200699627 0.004648477 -0.697871029 -0.276333451 0.217842296 0.623827457
1782375451.860705614 -0.137597978 0.203117713 0.004737705 -0.697139084 -0.278512537 0.219749048 0.623007476
1782375451.894080639 -0.141313776 0.205558777 0.004464626 -0.696032763 -0.280996323 0.221917972 0.622360051
1782375451.927455902 -0.144799829 0.208246097 0.004489124 -0.695108056 -0.283618152 0.224198088 0.621386230
1782375451.960830927 -0.148706630 0.210084230 0.002459019 -0.693968117 -0.285638183 0.226331055 0.620961726
1782375451.994205952 -0.152439743 0.212667078 0.002417475 -0.693022251 -0.287982970 0.228337392 0.620200038
1782375452.027580976 -0.156415954 0.215164453 0.002454460 -0.691967547 -0.290528834 0.230417043 0.619420767
1782375452.060956240 -0.160671145 0.217827439 0.002446294 -0.690781593 -0.293246895 0.232811809 0.618567586
1782375452.094331503 -0.164912239 0.220624238 0.002529562 -0.689548671 -0.296192437 0.235192999 0.617638290
1782375452.127706766 -0.169266030 0.223603949 0.002573848 -0.688513756 -0.298870355 0.237570241 0.616592050
1782375452.161081791 -0.173589259 0.226508662 0.002655029 -0.687143385 -0.301885188 0.240111232 0.615667045
1782375452.194457054 -0.177907646 0.229706943 0.002700597 -0.686102271 -0.304667264 0.242623210 0.614471734
1782375452.227832317 -0.182071626 0.232185885 0.002690196 -0.684559107 -0.307381123 0.245100632 0.613857806
1782375452.261208534 -0.186407447 0.235072449 0.002654284 -0.683577657 -0.310194910 0.247404024 0.612610817
1782375452.294583797 -0.190683216 0.237689316 0.002665132 -0.682166398 -0.312748045 0.249706432 0.611951232
1782375452.327959061 -0.195189685 0.240593880 0.002471060 -0.681237698 -0.315270573 0.251837194 0.610817194
1782375452.361334562 -0.199102163 0.243455738 0.002524167 -0.680094779 -0.317633748 0.253871202 0.610023975
1782375452.394709826 -0.203111723 0.246190190 0.002397954 -0.678960741 -0.319840670 0.255802959 0.609326839
1782375452.428084850 -0.207069784 0.249122754 0.002412498 -0.678120136 -0.321977288 0.257738322 0.608321309
1782375452.461460114 -0.210741073 0.252853960 0.001114011 -0.677009344 -0.324220479 0.260263205 0.607291162
1782375452.494835615 -0.214656696 0.256072402 0.001064718 -0.676073253 -0.326364934 0.261994481 0.606440246
1782375452.528210878 -0.218164802 0.259349853 0.001100689 -0.675242007 -0.327885091 0.263593614 0.605853140
1782375452.561618805 -0.221783161 0.262578368 0.001105100 -0.674337208 -0.329686940 0.265078217 0.605234981
1782375452.595070124 -0.225206628 0.265801996 0.001214951 -0.673593104 -0.331275910 0.266343921 0.604640067
1782375452.628521919 -0.228300169 0.268864602 0.001300991 -0.672826171 -0.332485735 0.267604053 0.604273319
1782375452.661974192 -0.231333107 0.271997780 0.001314014 -0.672136486 -0.333989859 0.268763632 0.603696525
1782375452.695426941 -0.233969256 0.275063246 0.001404524 -0.671649873 -0.334963500 0.269611984 0.603320181
1782375452.728880405 -0.236318171 0.277848452 0.001390696 -0.671213567 -0.335647225 0.270337433 0.603101075
1782375452.762334347 -0.238435090 0.280490696 0.001565754 -0.670882404 -0.336427122 0.270836502 0.602811098
1782375452.795788527 -0.240231454 0.283127695 0.001711667 -0.670691311 -0.336652040 0.271175772 0.602745652
1782375452.829243422 -0.241786331 0.285676181 0.001770794 -0.670515537 -0.336894840 0.271318138 0.602741480
1782375452.862698793 -0.242958099 0.288204163 0.001792192 -0.670504808 -0.336830556 0.271242380 0.602823496
1782375452.896154642 -0.243836403 0.290644616 0.001912266 -0.670649767 -0.336487412 0.270939738 0.602989852
1782375452.929610729 -0.244417578 0.293307066 0.002039671 -0.670851946 -0.336116374 0.270533055 0.603154480
1782375452.963068485 -0.245018646 0.295420766 0.002191901 -0.671335280 -0.335186511 0.270021528 0.603363454
1782375452.996526241 -0.245465472 0.298043489 0.002219826 -0.671618760 -0.334525496 0.269419253 0.603683949
1782375453.029983997 -0.245649740 0.300945610 0.002273619 -0.672052026 -0.333615839 0.268632740 0.604055583
1782375453.063442469 -0.245549455 0.303835660 0.002394319 -0.672485292 -0.332553476 0.267829686 0.604515553
1782375453.096901178 -0.245254099 0.306938946 0.002482176 -0.672917128 -0.331513941 0.266978472 0.604982376
1782375453.130360603 -0.244910955 0.310113847 0.002604365 -0.673479617 -0.330530554 0.266022325 0.605315506
1782375453.163820267 -0.244006306 0.313536376 0.002715468 -0.673869371 -0.329325259 0.265020907 0.605977654
1782375453.197280645 -0.242976665 0.317050338 0.002884567 -0.674732387 -0.327901840 0.263871759 0.606290579
1782375453.230741739 -0.241825774 0.320635110 0.003016591 -0.675110757 -0.326698184 0.262870371 0.606953800
1782375453.264203072 -0.240423471 0.324412167 0.003109694 -0.675794244 -0.325446069 0.261658043 0.607389510
1782375453.297665119 -0.238860711 0.328020185 0.003382832 -0.676613331 -0.323665321 0.260152519 0.608075559
1782375453.331127167 -0.237188756 0.331669658 0.003331572 -0.677345395 -0.321821809 0.258603603 0.608899236
1782375453.364590406 -0.235545278 0.335356295 0.003544360 -0.678607762 -0.319683611 0.256713629 0.609419525
1782375453.398053646 -0.233548015 0.338980496 0.003575921 -0.679323435 -0.317535132 0.254934400 0.610491395
1782375453.431517601 -0.231585220 0.342686653 0.003813237 -0.680748165 -0.315097719 0.252804428 0.611052632
1782375453.464982033 -0.227188230 0.349206269 0.003366888 -0.681431830 -0.313211590 0.251606226 0.611754537
1782375453.498446703 -0.225149840 0.352785468 0.003427863 -0.682647467 -0.310649097 0.249497294 0.612568915
1782375453.531912327 -0.223027408 0.356215358 0.003568709 -0.683873713 -0.307962775 0.247222081 0.613479376
1782375453.565325499 -0.220851302 0.359591573 0.003740907 -0.684847653 -0.305546373 0.245085433 0.614457786
1782375453.598689556 -0.218461633 0.362956673 0.003941774 -0.686131954 -0.302661270 0.242950395 0.615300119
1782375453.632053375 -0.216437608 0.366078943 0.004106402 -0.687108696 -0.300582826 0.240741223 0.616096795
1782375453.665418148 -0.210696667 0.372051060 0.003663152 -0.687893748 -0.298531979 0.239209548 0.616814137
1782375453.698781967 -0.208575428 0.374801546 0.003827095 -0.688977838 -0.296022475 0.237118870 0.617620409
1782375453.732145548 -0.206501812 0.377572149 0.004036486 -0.689855993 -0.293971181 0.235172570 0.618363678
1782375453.765509367 -0.204352379 0.380308717 0.004286289 -0.690717220 -0.291683376 0.233398959 0.619157076
1782375453.798872709 -0.202449352 0.382903934 0.004501194 -0.691527486 -0.289770782 0.231661245 0.619802952
1782375453.832236052 -0.200344890 0.385648161 0.004764646 -0.692228138 -0.287974417 0.229969546 0.620487690
1782375453.865599394 -0.198240951 0.388195723 0.005048156 -0.693027735 -0.285882175 0.228329703 0.621167958
1782375453.898962736 -0.196139842 0.390700787 0.005271852 -0.693723381 -0.284208089 0.226714373 0.621750951
1782375453.932325840 -0.193761021 0.393319041 0.005596042 -0.694388270 -0.282496810 0.225182742 0.622344971
1782375453.965689182 -0.189651340 0.396778882 0.006889999 -0.695170581 -0.281011134 0.224152938 0.622515976
1782375453.999052286 -0.187566981 0.399018437 0.007173538 -0.695768595 -0.279436886 0.222606763 0.623111069
1782375454.032415390 -0.185467035 0.401407242 0.007445574 -0.696575463 -0.277539402 0.221030742 0.623618484
1782375454.065778017 -0.183469906 0.403652132 0.007723093 -0.697121441 -0.275962621 0.219520241 0.624241292
1782375454.099140882 -0.181374446 0.406100005 0.007930458 -0.697872460 -0.274123847 0.217925444 0.624770939
1782375454.132503748 -0.179305509 0.408312738 0.008117735 -0.698539495 -0.272422582 0.216431037 0.625288963
1782375454.165866375 -0.177210450 0.410761416 0.008321404 -0.699159026 -0.270858735 0.214954317 0.625784993
1782375454.199229002 -0.175099641 0.413068056 0.008615136 -0.699698985 -0.269413501 0.213627979 0.626259446
1782375454.232591629 -0.172869295 0.415256679 0.008691013 -0.700054944 -0.268152326 0.212536439 0.626774073
1782375454.265954018 -0.170768708 0.417420566 0.008778512 -0.700599968 -0.266893119 0.211520255 0.627046287
1782375454.299316406 -0.168557465 0.419422328 0.008847177 -0.700773299 -0.266038626 0.210697994 0.627492309
1782375454.332678795 -0.166601062 0.421200752 0.008892000 -0.701120138 -0.265158892 0.209974647 0.627719641
1782375454.366041899 -0.160425439 0.422589779 0.006103754 -0.703509688 -0.265662044 0.209050998 0.625136435
1782375454.399404049 -0.158538967 0.423773825 0.006350696 -0.703705549 -0.265086412 0.208524913 0.625335932
1782375454.432766199 -0.156667069 0.424966455 0.006650448 -0.703798831 -0.264652073 0.208063185 0.625568688
1782375454.466128111 -0.154782891 0.426346451 0.006863892 -0.703970492 -0.264105082 0.207619965 0.625753939
1782375454.499490261 -0.152988315 0.427760065 0.007090330 -0.704118133 -0.263789505 0.207206339 0.625858068
1782375454.532851934 -0.151256263 0.429453671 0.007271826 -0.704133153 -0.263603121 0.206992835 0.625990331
1782375454.566216230 -0.149524942 0.431343198 0.007472277 -0.704212308 -0.263433933 0.206831902 0.626025677
1782375454.599582672 -0.147879347 0.433257520 0.007602096 -0.704177380 -0.263438374 0.206700698 0.626106501
1782375454.632948875 -0.146338806 0.435578346 0.007633030 -0.704303920 -0.263303787 0.206534132 0.626075745
1782375454.666314840 -0.144946322 0.437783837 0.007647812 -0.704329193 -0.263190657 0.206286743 0.626176417
1782375454.699681044 -0.143058240 0.440284044 0.007677555 -0.704468608 -0.262917787 0.206051260 0.626211703
1782375454.733047009 -0.140950650 0.442715764 0.007781446 -0.704495430 -0.262764543 0.205816448 0.626323044
1782375454.766412973 -0.138630018 0.445521116 0.007783890 -0.704564631 -0.262574673 0.205625132 0.626387775
1782375454.799778938 -0.135867894 0.448057085 0.007823706 -0.704792142 -0.262051284 0.205369607 0.626434803
1782375454.833144665 -0.133243695 0.450766265 0.007897317 -0.704830289 -0.261870682 0.205090135 0.626558959
1782375454.866510630 -0.126098335 0.455203772 0.007875323 -0.704539657 -0.262489021 0.205805898 0.626392365
1782375454.899876356 -0.122660801 0.457388699 0.008028269 -0.704731107 -0.261991322 0.205445960 0.626503468
1782375454.933241844 -0.118943796 0.459712952 0.008169055 -0.704886675 -0.261450469 0.204978302 0.626707613
1782375454.966607571 -0.115254387 0.461984187 0.008235455 -0.705096006 -0.261045277 0.204472095 0.626806378
1782375454.999973059 -0.111477077 0.464372247 0.008250475 -0.705392361 -0.260246366 0.203791022 0.627026916
1782375455.066704988 -0.103878222 0.469154000 0.008353651 -0.705776632 -0.259010732 0.202626631 0.627483249
1782375455.100070477 -0.100132301 0.471639544 0.008346200 -0.706057966 -0.258348793 0.202044278 0.627627492
1782375455.133435726 -0.096351773 0.474216521 0.008391917 -0.706196368 -0.257662952 0.201399326 0.627960920
1782375455.166800976 -0.092775241 0.476395667 0.008375585 -0.706387758 -0.256670535 0.200623110 0.628400445
1782375455.200166225 -0.088468097 0.480230719 0.007812977 -0.706689775 -0.255823344 0.200219676 0.628534853
1782375455.233531237 -0.084325224 0.482500255 0.007990301 -0.706899285 -0.254787534 0.199388295 0.628984153
1782375455.266896486 -0.080475196 0.485025108 0.008051693 -0.707430661 -0.253658921 0.198569089 0.629102111
1782375455.300261497 -0.076801702 0.487428248 0.008215487 -0.707555056 -0.253238112 0.197893202 0.629344642
1782375455.333626270 -0.073138133 0.490175307 0.008362651 -0.707923532 -0.252371073 0.197161227 0.629508317
1782375455.366991282 -0.069634274 0.492713481 0.008514583 -0.708088160 -0.251824141 0.196717173 0.629681051
1782375455.400356054 -0.066201039 0.495530069 0.008660853 -0.708139360 -0.251736253 0.196414769 0.629752994
1782375455.433720589 -0.061838433 0.500422835 0.009065866 -0.708107829 -0.251883388 0.196685195 0.629645169
1782375455.467085361 -0.058899239 0.503191292 0.009187043 -0.708062708 -0.252211630 0.196685150 0.629564643
1782375455.500450134 -0.055945545 0.506006718 0.009263873 -0.708036005 -0.252289295 0.196730062 0.629549384
1782375455.533814669 -0.053094879 0.508698344 0.009339213 -0.708050013 -0.252345949 0.196839109 0.629476905
1782375455.567180395 -0.050289959 0.511315286 0.009403884 -0.707824111 -0.252911955 0.197026864 0.629445076
1782375455.600545406 -0.047308549 0.514079690 0.009439468 -0.707862556 -0.252951235 0.197176740 0.629339039
1782375455.633910418 -0.044598132 0.516549766 0.009554744 -0.707820177 -0.253103793 0.197221309 0.629311502
1782375455.667275429 -0.041645855 0.519123018 0.009621382 -0.707787454 -0.253199100 0.197059155 0.629360676
1782375455.700640202 -0.038480774 0.521453023 0.009712994 -0.707885027 -0.252752632 0.196805179 0.629509926
1782375455.734004974 -0.035144135 0.524018407 0.009792268 -0.707871735 -0.252674580 0.196566924 0.629630566
1782375455.767370701 -0.031285569 0.526812732 0.009921491 -0.707975268 -0.252358586 0.196368903 0.629702747
1782375455.800735235 -0.027479380 0.529677331 0.010036409 -0.708169639 -0.251881927 0.196004406 0.629788458
1782375455.834099770 -0.023562655 0.532776535 0.010221660 -0.708236873 -0.251788944 0.195783705 0.629818678
1782375455.867464304 -0.016648263 0.537732005 0.008884668 -0.707937717 -0.251787364 0.196503475 0.629931569
1782375455.900828838 -0.012896016 0.540998697 0.008981466 -0.707982183 -0.251806349 0.196471184 0.629884005
1782375455.934193134 -0.009211391 0.544403672 0.009083807 -0.707828939 -0.251987785 0.196511328 0.629971147
1782375455.967557430 -0.005591735 0.547809005 0.009202957 -0.707978725 -0.252002507 0.196695104 0.629739642
1782375456.000921726 -0.002005965 0.551043868 0.009384751 -0.707630336 -0.252485901 0.196884096 0.629878402
1782375456.034285784 0.001625344 0.554457366 0.009487927 -0.707634270 -0.252622068 0.197179496 0.629727066
1782375456.067649841 0.005174160 0.557542622 0.009713590 -0.707409561 -0.253057688 0.197348461 0.629751682
1782375456.101013899 0.008772492 0.561156273 0.009843051 -0.707460046 -0.253156632 0.197397336 0.629639804
1782375456.134377956 0.012845978 0.564882934 0.009997368 -0.707350910 -0.253339857 0.197468355 0.629666507
1782375456.167741776 0.017015621 0.568442643 0.010002196 -0.707324922 -0.253228128 0.197556466 0.629712939
1782375456.201105356 0.021725431 0.569957495 0.012072146 -0.707693636 -0.253124654 0.197448730 0.629374027
1782375456.234469175 0.026304945 0.573475838 0.012282550 -0.707682610 -0.252976149 0.197371960 0.629470229
1782375456.267832994 0.030655205 0.577081323 0.012412906 -0.707906663 -0.252653569 0.197180390 0.629407823
1782375456.301196814 0.034916759 0.580771267 0.012552917 -0.707953215 -0.252598882 0.196912065 0.629461467
1782375456.334560394 0.039169490 0.584228575 0.012624621 -0.708081305 -0.252091914 0.196761042 0.629567921
1782375456.367923737 0.044217810 0.586507261 0.012673259 -0.708014786 -0.252474904 0.196786508 0.629481316
1782375456.401287079 0.048250109 0.589766800 0.012808681 -0.707979858 -0.252353311 0.196688190 0.629599929
1782375456.434650660 0.052117258 0.592826664 0.012873948 -0.708149433 -0.252184153 0.196595341 0.629506111
1782375456.468014956 0.055898875 0.595776618 0.013000906 -0.707945168 -0.252465993 0.196448252 0.629668713
1782375456.501377821 0.059878379 0.598973811 0.013114035 -0.708314538 -0.251787275 0.196066424 0.629644096
1782375456.534741163 0.063580021 0.601997614 0.013117611 -0.708303332 -0.251609862 0.195686162 0.629845858
1782375456.568107367 0.067781851 0.605255187 0.013175011 -0.708663881 -0.251059175 0.195211858 0.629807293
1782375456.601473570 0.069223732 0.609163880 0.013166904 -0.709047854 -0.249886632 0.194535077 0.630050838
1782375456.634839535 0.073247284 0.611854136 0.013316214 -0.709039450 -0.249519184 0.193995699 0.630371988
1782375456.668205500 0.077556655 0.614862263 0.013405561 -0.709543049 -0.248671830 0.193177879 0.630391419
1782375456.701571465 0.081896722 0.617612481 0.013582468 -0.709841251 -0.247617260 0.192361236 0.630720496
1782375456.734937429 0.086499721 0.620500088 0.013711274 -0.710085154 -0.246829987 0.191515088 0.631011963
1782375456.768303156 0.091317773 0.623272359 0.013906538 -0.710614383 -0.245600641 0.190563023 0.631184042
1782375456.801668882 0.096188396 0.623488545 0.014126599 -0.710917473 -0.244068906 0.189333156 0.631806672
1782375456.835034609 0.101291344 0.626123905 0.014312804 -0.711609662 -0.242558882 0.188021049 0.632000804
1782375456.868400097 0.106499150 0.628778398 0.014501572 -0.711980343 -0.241112992 0.186713949 0.632523894
1782375456.901765823 0.111848086 0.631675243 0.014702022 -0.712666035 -0.239504382 0.185356438 0.632762015
1782375456.935131311 0.116708040 0.635487914 0.014315128 -0.713003755 -0.238125220 0.184058845 0.633280635
1782375456.968496799 0.122354880 0.638295829 0.014482319 -0.713590741 -0.236300722 0.182751685 0.633681417
1782375457.001862049 0.127670914 0.641231060 0.014681816 -0.714087009 -0.235369533 0.181460276 0.633839965
1782375457.035227299 0.133570343 0.644251883 0.014944136 -0.714493155 -0.233594567 0.180084556 0.634431005
1782375457.068592548 0.140693590 0.648738444 0.016222715 -0.715018451 -0.232391790 0.179458052 0.634458542
1782375457.101957798 0.146109909 0.651375473 0.016566396 -0.715190172 -0.231573343 0.178374112 0.634869695
1782375457.135322809 0.151597932 0.654164195 0.016815603 -0.715835929 -0.229965508 0.177209288 0.635052562
1782375457.168689013 0.156838596 0.656518936 0.017085314 -0.716042578 -0.228934482 0.176161140 0.635483563
1782375457.202054024 0.162133813 0.659248233 0.017227292 -0.716537356 -0.227763876 0.175073698 0.635646999
1782375457.235418797 0.167374194 0.661482930 0.017479897 -0.717003167 -0.226248056 0.174095348 0.635931671
1782375457.268783808 0.172470599 0.664144754 0.017716229 -0.717380643 -0.225213557 0.173128113 0.636137307
1782375457.302148342 0.177435309 0.666752338 0.017923713 -0.717625380 -0.224366903 0.172299936 0.636385202
1782375457.335513115 0.182409957 0.669530153 0.018104196 -0.718022346 -0.223375395 0.171421751 0.636523366
1782375457.468971491 0.200323433 0.682999134 0.016528428 -0.718876481 -0.219421953 0.168183148 0.637796998
1782375457.502335787 0.205117583 0.686122656 0.016802549 -0.718984842 -0.219154224 0.167849168 0.637854934
1782375457.535700798 0.209936634 0.689354479 0.017109871 -0.718881547 -0.219246089 0.167832509 0.637944162
1782375457.569066048 0.214374170 0.692625523 0.017220914 -0.718804598 -0.219523057 0.167996436 0.637892544
1782375457.602431536 0.218169510 0.697358966 0.017204344 -0.718352556 -0.220189586 0.168309912 0.638089359
1782375457.635797024 0.222531140 0.701144397 0.017364204 -0.718302190 -0.220840648 0.168792412 0.637793541
1782375457.669162273 0.226978943 0.704954565 0.017554939 -0.717972696 -0.221674666 0.169473082 0.637694657
1782375457.702527523 0.231339604 0.709031463 0.017630875 -0.717718363 -0.222586453 0.170289293 0.637445867
1782375457.735892773 0.235898346 0.713167548 0.017790735 -0.717529416 -0.223519877 0.171210885 0.637085080
1782375457.835988283 0.249935389 0.726029098 0.018468738 -0.716409147 -0.227119252 0.174220502 0.636256278
1782375457.869354010 0.255309463 0.731007099 0.018594563 -0.716076791 -0.228035659 0.175187320 0.636037171
1782375457.902719021 0.260140479 0.735478878 0.018659234 -0.715746224 -0.229012534 0.176131263 0.635797560
1782375457.936083794 0.264885455 0.740223289 0.018603384 -0.715411901 -0.230291873 0.177050471 0.635456324
1782375457.969448566 0.269926190 0.744916260 0.018844485 -0.715164602 -0.231258869 0.177885294 0.635150254
1782375458.002813339 0.274505258 0.749627054 0.019003272 -0.714922488 -0.231872693 0.178818151 0.634937048
1782375458.036177874 0.284833074 0.751657963 0.019039214 -0.714268804 -0.233514234 0.180263624 0.634662271
1782375458.102906942 0.294694006 0.760102928 0.019464016 -0.713770568 -0.235009164 0.181808129 0.634230435
1782375458.136271477 0.299151987 0.764261246 0.019634485 -0.713529527 -0.236081406 0.182451621 0.633918464
1782375458.169635773 0.303540647 0.768543839 0.019839346 -0.713247418 -0.236814380 0.183198899 0.633747101
1782375458.203000069 0.307426274 0.772491515 0.019997716 -0.712980926 -0.237670824 0.183969513 0.633503020
1782375458.236364365 0.311050922 0.776689529 0.020111918 -0.712745130 -0.238629207 0.184603214 0.633223653
1782375458.269728422 0.314656049 0.780756295 0.020153999 -0.712610245 -0.239155382 0.185239539 0.632991076
1782375458.303092480 0.317965001 0.784410179 0.020302296 -0.712317050 -0.240000919 0.185800537 0.632836580
1782375458.336456537 0.321135640 0.788275003 0.020371616 -0.712213814 -0.240709424 0.186298907 0.632537127
1782375458.369820595 0.324302197 0.791830003 0.020486474 -0.712065935 -0.241166890 0.186811626 0.632378161
1782375458.403184652 0.327312201 0.795246303 0.020522833 -0.711749613 -0.241981938 0.187410191 0.632245779
1782375458.436548233 0.330330998 0.798579633 0.020605445 -0.711638451 -0.242540598 0.187801972 0.632040560
1782375458.469912052 0.333050162 0.801558435 0.020777643 -0.711560130 -0.242929876 0.188119471 0.631884873
1782375458.503275871 0.335999429 0.804675102 0.020639360 -0.711264193 -0.243520945 0.188547701 0.631862879
1782375458.536639929 0.339110821 0.807643414 0.020817578 -0.711252213 -0.243962005 0.188903436 0.631599784
1782375458.570005178 0.340431958 0.811839104 0.019257069 -0.710728347 -0.244265258 0.189466313 0.631903708
1782375458.603369236 0.343602836 0.814986825 0.019195557 -0.710899234 -0.244374335 0.189616621 0.631624222
1782375458.636733055 0.346904218 0.817930698 0.019210160 -0.710804462 -0.244389430 0.189622954 0.631722987
1782375458.670096874 0.350193799 0.820735216 0.019232213 -0.710939527 -0.244111925 0.189505562 0.631713629
1782375458.703460693 0.353450179 0.823231637 0.019379079 -0.710850298 -0.244327083 0.189478591 0.631738901
1782375458.736824512 0.357100010 0.825927734 0.019422650 -0.710940301 -0.243902013 0.189188942 0.631888688
1782375458.770188093 0.360604674 0.828264534 0.019537747 -0.711216748 -0.243249804 0.188688695 0.631978631
1782375458.803551435 0.364371508 0.830563426 0.019568980 -0.711361647 -0.242606610 0.188119248 0.632232487
1782375458.836915016 0.368173540 0.832805216 0.019737601 -0.711694837 -0.241817594 0.187282085 0.632408202
1782375458.870278358 0.372029305 0.835313320 0.019655764 -0.712187767 -0.240463495 0.186187312 0.632692814
1782375458.903641701 0.376575112 0.837555170 0.019816160 -0.712644339 -0.239146292 0.184978783 0.633032382
1782375458.937004805 0.381022125 0.838573098 0.017504871 -0.712887406 -0.236934662 0.183839008 0.633921742
1782375458.970367908 0.385612488 0.840646148 0.017435908 -0.713465214 -0.235216781 0.182358742 0.634338856
1782375459.003731012 0.390320241 0.842646480 0.017457485 -0.714000225 -0.233482853 0.180895731 0.634796262
1782375459.037093878 0.395333856 0.844951868 0.017467380 -0.714469314 -0.231757537 0.179283634 0.635357678
1782375459.070456743 0.400404811 0.847385764 0.017518461 -0.715255499 -0.229488671 0.177542940 0.635785401
1782375459.103819609 0.405492395 0.849946022 0.017676711 -0.715743721 -0.227935866 0.175911903 0.636247873
1782375459.137182236 0.411001563 0.852655709 0.017812848 -0.716236770 -0.226200506 0.174364761 0.636737883
1782375459.170544863 0.416377664 0.855515361 0.017953515 -0.716892421 -0.224397913 0.172908336 0.637035072
1782375459.203907490 0.422083020 0.858507395 0.018227279 -0.717295706 -0.223025844 0.171418890 0.637465239
1782375459.237269878 0.427615613 0.861097753 0.018548429 -0.717973411 -0.220935926 0.169697046 0.637890697
1782375459.270633221 0.433229983 0.867094696 0.018851340 -0.718484163 -0.219479531 0.168614149 0.638105512
1782375459.303995609 0.438830078 0.869940400 0.018913805 -0.719104707 -0.217580765 0.166945979 0.638495266
1782375459.337357759 0.444449604 0.872652173 0.019093037 -0.719611228 -0.215719029 0.165451422 0.638945222
1782375459.370719671 0.450001687 0.875418186 0.019351065 -0.720132530 -0.214134872 0.163911551 0.639287531
1782375459.404081821 0.455510676 0.878057241 0.019633949 -0.720645070 -0.212419376 0.162381724 0.639672458
1782375459.437443733 0.461055934 0.880735219 0.019841313 -0.721225441 -0.210622534 0.160791665 0.640014172
1782375459.470805645 0.466676503 0.883407712 0.020032287 -0.721647441 -0.209074110 0.159260437 0.640428841
1782375459.504167557 0.472543716 0.886197686 0.020204663 -0.722288847 -0.206970066 0.157581761 0.640804350
1782375459.537532806 0.478312761 0.888896585 0.020435333 -0.722720563 -0.205480888 0.156154782 0.641146123
1782375459.570898771 0.484255463 0.891962647 0.020630598 -0.723287165 -0.203746080 0.154747531 0.641401947
1782375459.604264736 0.488113761 0.892924964 0.018768251 -0.723762691 -0.201491088 0.153328523 0.641918480
1782375459.637630463 0.493571699 0.895457745 0.018944561 -0.724122286 -0.200183988 0.151930928 0.642254114
1782375459.670996189 0.498959184 0.898232996 0.019066393 -0.724737227 -0.198082775 0.150519326 0.642544270
1782375459.704361916 0.504162729 0.900771439 0.019325137 -0.724989593 -0.197403297 0.149507061 0.642705023
1782375459.737727404 0.509826899 0.903584719 0.019514918 -0.725427210 -0.195752978 0.148334816 0.642987549
1782375459.771092892 0.515277505 0.906100333 0.019774377 -0.725762486 -0.194545791 0.147327602 0.643207014
1782375459.804458141 0.521035314 0.908875704 0.019971490 -0.726048589 -0.193554103 0.146320149 0.643413305
1782375459.837823629 0.527003646 0.911634684 0.020155013 -0.726376593 -0.192091614 0.145283282 0.643716276
1782375459.871188879 0.532473683 0.914498687 0.020285428 -0.726815939 -0.190735534 0.144189715 0.643869460
1782375459.904554129 0.538126588 0.917020440 0.020454228 -0.727036357 -0.189741358 0.143039495 0.644170821
1782375459.937919378 0.543801129 0.919792891 0.020544589 -0.727259219 -0.188689739 0.142181545 0.644418120
1782375459.971285582 0.549360394 0.919269919 0.021844089 -0.727676570 -0.187666237 0.141041502 0.644496381
1782375460.004650593 0.555004001 0.922288477 0.022012293 -0.727751613 -0.187272534 0.140536562 0.644636393
1782375460.038015842 0.560488105 0.925510705 0.022147000 -0.727851689 -0.186905935 0.140245274 0.644693196
1782375460.071380615 0.565598488 0.928853393 0.022306800 -0.727796197 -0.186970994 0.140246391 0.644736826
1782375460.104745626 0.570267677 0.932520628 0.022435188 -0.727725625 -0.187511668 0.140547737 0.644593835
1782375460.138110399 0.574547172 0.936328292 0.022708356 -0.727479339 -0.188589975 0.141326666 0.644386888
1782375460.204839945 0.582314968 0.944589734 0.023095489 -0.726649225 -0.191763669 0.143935099 0.643809319
1782375460.238204479 0.585970044 0.949045479 0.023250878 -0.726217568 -0.193795085 0.145600289 0.643313408
1782375460.271569014 0.589891315 0.953756452 0.023445964 -0.725709438 -0.195775792 0.147325799 0.642894030
1782375460.304933548 0.593783438 0.958259821 0.023440361 -0.725008070 -0.198000565 0.149194166 0.642573118
1782375460.338297844 0.597637653 0.962955475 0.023499727 -0.724703968 -0.200046599 0.150884449 0.641887486
1782375460.371662378 0.601672053 0.967738509 0.023478925 -0.724236429 -0.201554656 0.152263969 0.641617596
1782375460.405026674 0.605704129 0.972115695 0.023572028 -0.723912597 -0.202960268 0.153565615 0.641229570
1782375460.438390970 0.609810591 0.976642370 0.023685694 -0.723546803 -0.204262272 0.154770479 0.640939176
1782375460.471755028 0.614356518 0.982727230 0.022340775 -0.722728789 -0.205746561 0.155961394 0.641098678
1782375460.505119085 0.619397879 0.987271428 0.022494614 -0.722462177 -0.206792340 0.157182187 0.640764534
1782375460.538482904 0.623990178 0.991828203 0.022641182 -0.722160757 -0.208320871 0.158156797 0.640369236
1782375460.571848154 0.629095316 0.996715784 0.022791266 -0.721749604 -0.209230766 0.159125000 0.640296221
1782375460.605213642 0.633703589 1.001533628 0.022961199 -0.721640110 -0.210182369 0.160166502 0.639848173
1782375460.638578892 0.638303876 1.006311417 0.023143232 -0.721013546 -0.212053701 0.161633134 0.639568210
1782375460.671944857 0.643181443 1.011494398 0.023303628 -0.720576525 -0.213542596 0.163131520 0.639184773
1782375460.705310106 0.647511363 1.016286612 0.023338377 -0.720038414 -0.214789763 0.164343625 0.639062881
1782375460.738675117 0.651719332 1.021150470 0.023431718 -0.719730318 -0.216365039 0.165530160 0.638572097
1782375460.772040129 0.656069994 1.025848508 0.023501396 -0.719329238 -0.217447534 0.166647092 0.638365805
1782375460.805404902 0.659856081 1.030295849 0.023592293 -0.719025731 -0.218627363 0.167692840 0.638030708
1782375460.838769436 0.663656950 1.034563780 0.023681581 -0.718485236 -0.220036149 0.168824226 0.637857020
1782375460.872134209 0.667172611 1.038572669 0.023547530 -0.718034089 -0.221163213 0.170041367 0.637651861
1782375460.905498981 0.670434594 1.042456627 0.023663104 -0.717760623 -0.222406760 0.170995757 0.637271821
1782375460.938863516 0.673539042 1.045940161 0.023769557 -0.717348933 -0.223233998 0.171853259 0.637215495
1782375460.972228050 0.678301454 1.050305247 0.023538589 -0.717013478 -0.224444062 0.172599435 0.636966288
1782375461.005592585 0.681462884 1.053567767 0.023564041 -0.716699839 -0.225442633 0.173403218 0.636748314
1782375461.038957119 0.684592247 1.056837678 0.023606539 -0.716454268 -0.226122051 0.174149171 0.636580110
1782375461.072321177 0.687635899 1.060016870 0.023649335 -0.716209412 -0.226886377 0.174871787 0.636385620
1782375461.105685472 0.690643966 1.063267231 0.023698568 -0.715880036 -0.227795362 0.175543427 0.636246502
1782375461.139049768 0.693660975 1.066513181 0.023751676 -0.715689301 -0.228499696 0.176281556 0.636004388
1782375461.172413826 0.696697652 1.070017338 0.023810983 -0.715270460 -0.229348719 0.177065477 0.635952294
1782375461.205777884 0.699938536 1.073869228 0.023891449 -0.715322733 -0.229869217 0.177608013 0.635554016
1782375461.239141941 0.703297794 1.077326536 0.024050832 -0.715050220 -0.230304435 0.178170368 0.635545731
1782375461.272505760 0.706531167 1.080868721 0.024037302 -0.714915395 -0.230807796 0.178528026 0.635414481
1782375461.305869579 0.709981024 1.084325075 0.024169743 -0.714832485 -0.230944410 0.178767800 0.635390759
1782375461.339233398 0.713379264 1.087751627 0.024175882 -0.714901924 -0.230990425 0.178896353 0.635259628
1782375461.372598171 0.717013419 1.090926409 0.024179697 -0.714843154 -0.230820835 0.178848863 0.635400832
1782375461.405961752 0.720628977 1.093776822 0.024223745 -0.715061367 -0.230400011 0.178502113 0.635405421
1782375461.439325094 0.724500000 1.096653461 0.024352252 -0.715217888 -0.229874566 0.178071633 0.635540426
1782375461.472688675 0.725895524 1.097812533 0.021299779 -0.715176344 -0.228262097 0.177624896 0.636292934
1782375461.506052256 0.730005860 1.100176573 0.021230876 -0.715484500 -0.227340996 0.176997945 0.636451006
1782375461.539415598 0.734287262 1.102433920 0.021177351 -0.715681791 -0.226070285 0.176037177 0.636948049
1782375461.572808266 0.738340974 1.104795456 0.021102130 -0.716415286 -0.224785075 0.174867928 0.636900425
1782375461.606252193 0.742904663 1.106869817 0.021248758 -0.716570675 -0.223246038 0.173562393 0.637623608
1782375461.639696598 0.747266352 1.109191895 0.021209598 -0.717420757 -0.221029550 0.172129884 0.637828231
1782375461.673141241 0.751663983 1.111101389 0.021501899 -0.717658997 -0.219843671 0.170893729 0.638302207
1782375461.706586361 0.756298542 1.113346100 0.021548867 -0.718157709 -0.217936724 0.169531018 0.638758421
1782375461.740031958 0.759561181 1.114770412 0.021161139 -0.718485594 -0.216531366 0.168326363 0.639186084
1782375461.773478031 0.763593972 1.116830587 0.021212935 -0.718637109 -0.215467766 0.167235911 0.639661312
1782375461.806924582 0.767710149 1.119153380 0.021259069 -0.719095707 -0.214277983 0.166292042 0.639791608
1782375461.840371609 0.772003114 1.121270776 0.021426380 -0.719187558 -0.213274881 0.165389523 0.640257299
1782375461.873818874 0.776314974 1.123782992 0.021534860 -0.719658613 -0.212069303 0.164434746 0.640374422
1782375461.907266855 0.780857265 1.126170874 0.021793604 -0.719797552 -0.211140111 0.163393155 0.640791774
1782375461.940715075 0.785473228 1.128754735 0.021946192 -0.720290899 -0.209652692 0.162221402 0.641023397
1782375461.974163532 0.789901614 1.130936503 0.022193134 -0.720533788 -0.208543152 0.161129653 0.641387641
1782375462.007612705 0.794529080 1.133683443 0.022399187 -0.720927238 -0.207346484 0.160051182 0.641603410
1782375462.041062355 0.799379706 1.136320829 0.022626400 -0.721298873 -0.206124634 0.159038588 0.641831279
1782375462.074513197 0.804229856 1.139021277 0.022832096 -0.721438169 -0.205246255 0.158106685 0.642186403
1782375462.141414642 0.813875020 1.144906998 0.023405612 -0.721910954 -0.203766644 0.156652704 0.642482460
1782375462.174865961 0.819757223 1.145990133 0.023081958 -0.722568870 -0.202235267 0.155799732 0.642434180
1782375462.208317518 0.824582100 1.149139881 0.023276031 -0.722594261 -0.201613665 0.155260473 0.642731488
1782375462.241769791 0.829520702 1.152733922 0.023454189 -0.722771823 -0.201223120 0.154734641 0.642780960
1782375462.275222301 0.834298611 1.156137586 0.023701608 -0.722943366 -0.200567365 0.154181957 0.642925858
1782375462.308675289 0.838986158 1.159698486 0.023827255 -0.722977579 -0.200195149 0.153795570 0.643095851
1782375462.342128992 0.843690813 1.163510442 0.023985624 -0.723113894 -0.199918777 0.153507829 0.643097401
1782375462.375582695 0.848237455 1.167154670 0.024149239 -0.723337352 -0.199368462 0.153093249 0.643115699
1782375462.409037113 0.852529168 1.171078682 0.024305284 -0.723339677 -0.199264094 0.152856290 0.643201828
1782375462.442492008 0.856888771 1.174790382 0.024458349 -0.723326921 -0.198894411 0.152720720 0.643362761
1782375462.475946903 0.860747218 1.178687692 0.024451613 -0.723432422 -0.198883519 0.152531624 0.643292367
1782375462.509402752 0.864924788 1.185106397 0.025283217 -0.723130345 -0.199105009 0.152763009 0.643508554
1782375462.542858839 0.869252443 1.189270973 0.025376022 -0.723498583 -0.198164850 0.152262077 0.643503606
1782375462.576276541 0.873289347 1.193308711 0.025569737 -0.723474681 -0.198059693 0.152103916 0.643600166
1782375462.609635353 0.877673864 1.197934985 0.025656283 -0.723631442 -0.197843790 0.151798442 0.643562496
1782375462.642993689 0.882322252 1.202508211 0.025788069 -0.723874867 -0.196970299 0.151453927 0.643637836
1782375462.676351786 0.887033701 1.207342863 0.025789499 -0.723757625 -0.196931392 0.151263639 0.643826306
1782375462.743067980 0.896205842 1.217713356 0.026050687 -0.723957837 -0.196241140 0.150655061 0.643954575
1782375462.776426792 0.900857151 1.223400354 0.026294827 -0.724255443 -0.195990607 0.150347292 0.643768191
1782375462.809784651 0.905401409 1.229382992 0.025393605 -0.724030495 -0.195763066 0.149594501 0.644265652
1782375462.843142033 0.910156071 1.235206604 0.025446653 -0.724251926 -0.195317507 0.149226621 0.644237339
1782375462.876499653 0.915022254 1.240938306 0.025589943 -0.724446952 -0.194762915 0.148869425 0.644268572
1782375462.909857035 0.919772744 1.246691227 0.025664449 -0.724430680 -0.194330394 0.148533598 0.644494951
1782375462.943214178 0.924595594 1.252272964 0.025767207 -0.724575281 -0.193834677 0.148095399 0.644582510
1782375462.976571321 0.929168582 1.257806182 0.025872231 -0.724664986 -0.193038359 0.147490323 0.644859254
1782375463.009928226 0.933822274 1.263479233 0.025917530 -0.724922717 -0.192488745 0.146847859 0.644880474
1782375463.043285131 0.941437840 1.269894600 0.025437713 -0.725154519 -0.191527203 0.146682575 0.644943833
1782375463.076641798 0.946346283 1.275567293 0.025458336 -0.725365043 -0.190944865 0.146013021 0.645031691
1782375463.109998226 0.951293886 1.281389236 0.025490761 -0.725623786 -0.190208629 0.145426109 0.645090759
1782375463.143354654 0.956050277 1.287095189 0.025612235 -0.725854635 -0.189285487 0.145000204 0.645198464
1782375463.176710844 0.960337043 1.292821765 0.025749087 -0.725959182 -0.189124644 0.144239649 0.645298541
1782375463.210067034 0.965075135 1.298819900 0.025942445 -0.726501107 -0.187475458 0.143288732 0.645381749
1782375463.243423223 0.969404697 1.304456711 0.026191592 -0.726751089 -0.186668843 0.142237440 0.645566583
1782375463.276778936 0.973992467 1.307194591 0.024691224 -0.727085769 -0.185427293 0.140862331 0.645848989
1782375463.343490362 0.984090567 1.318438172 0.024862766 -0.727612019 -0.183286369 0.138931409 0.646285534
1782375463.376846075 0.988988757 1.324294567 0.025110483 -0.728154540 -0.181685224 0.137739554 0.646381676
1782375463.410201311 0.993439496 1.329818130 0.025360346 -0.728320360 -0.180185154 0.136356190 0.646907926
1782375463.443556547 0.997786283 1.335618615 0.025604963 -0.728832722 -0.178834856 0.134931982 0.647004128
1782375463.476912737 1.002174854 1.341477752 0.026050448 -0.729347050 -0.176986471 0.133518130 0.647226155
1782375463.510267735 1.006296635 1.347315311 0.026302218 -0.729693651 -0.175544247 0.132098719 0.647519410
1782375463.543622732 1.010453939 1.353025198 0.026695848 -0.730180800 -0.173806265 0.130418882 0.647779524
1782375463.576979399 1.011357307 1.355139494 0.030486584 -0.731233537 -0.171812713 0.128189325 0.647568941
1782375463.610338688 1.015355229 1.360031366 0.030846119 -0.731568694 -0.170177892 0.126454294 0.647963107
1782375463.643697500 1.019380569 1.364927888 0.031202435 -0.732167125 -0.168021023 0.124518618 0.648224890
1782375463.677056313 1.023356915 1.369871616 0.031509519 -0.732628584 -0.166008934 0.122683875 0.648571610
1782375463.710415125 1.027269125 1.374923706 0.031783700 -0.733236492 -0.163954213 0.120808914 0.648759186
1782375463.743773699 1.031107545 1.379981279 0.032096505 -0.733703494 -0.161786020 0.118886799 0.649130464
1782375463.777132034 1.035239339 1.384968281 0.032179236 -0.734168708 -0.159756228 0.117164932 0.649420261
1782375463.810490370 1.039332151 1.389535904 0.032505274 -0.734705806 -0.157345742 0.115097530 0.649771035
1782375463.843848705 1.037667990 1.397654176 0.032817960 -0.735145211 -0.154706091 0.112141691 0.650424421
1782375463.877206802 1.041930556 1.401922464 0.033262134 -0.735840559 -0.152231887 0.109660082 0.650644958
1782375463.943922281 1.050359249 1.410299659 0.034111023 -0.737102151 -0.146613419 0.104541153 0.651349425
1782375463.977280378 1.054661274 1.414656401 0.034356833 -0.737788022 -0.143624023 0.101973042 0.651646018
1782375464.010637760 1.058693051 1.418997049 0.034393549 -0.738238037 -0.140875340 0.099715158 0.652085602
1782375464.043995142 1.062684536 1.423666358 0.034301162 -0.738861620 -0.138397679 0.097283915 0.652277231
1782375464.077352524 1.066730738 1.428087711 0.034212708 -0.739449501 -0.135347575 0.094514579 0.652657986
1782375464.110709667 1.070635796 1.432579994 0.034105659 -0.740053892 -0.132497847 0.091858745 0.652936876
1782375464.144066572 1.074603677 1.436840177 0.034067154 -0.740583777 -0.129677877 0.089314453 0.653255165
1782375464.177424669 1.078044295 1.437711239 0.031315923 -0.741618693 -0.126026943 0.086651228 0.653154254
1782375464.210781574 1.082092762 1.441253662 0.031540632 -0.742114961 -0.123316854 0.084197707 0.653428793
1782375464.244138241 1.086173773 1.444724798 0.031741619 -0.742632389 -0.120585844 0.081712991 0.653666019
1782375464.277494669 1.128401756 1.458848715 -0.108541131 -0.740040660 -0.137737736 0.100698762 0.650559783
1782375464.310851097 1.132248044 1.462438345 -0.108548760 -0.740576208 -0.134931028 0.098156244 0.650927007
1782375464.344207525 1.136150122 1.465866089 -0.108519554 -0.741108000 -0.132076278 0.095506929 0.651301205
1782375464.377563715 1.140223145 1.468964100 -0.108497262 -0.741725504 -0.128873691 0.092818752 0.651628494
1782375464.410919666 1.144399285 1.471882105 -0.108453989 -0.742309153 -0.125690877 0.089947574 0.651988089
1782375464.444275618 1.148438334 1.474497437 -0.108347893 -0.742891073 -0.122269958 0.086920127 0.652386189
1782375464.477631330 1.152565479 1.476913810 -0.108287096 -0.743416190 -0.119027220 0.084176369 0.652747452
1782375464.544342756 1.159776449 1.480563879 -0.108152866 -0.744581282 -0.111994021 0.077944003 0.653437734
1782375464.577701807 1.164270520 1.482230783 -0.107923388 -0.744923592 -0.109239869 0.075006120 0.653857589
1782375464.611060858 1.168577433 1.483751535 -0.107838750 -0.745595455 -0.105242439 0.071923494 0.654093683
1782375464.644419670 1.172826052 1.484899998 -0.107744932 -0.746006012 -0.101816900 0.068709932 0.654513061
1782375464.677778482 1.175996065 1.477474928 -0.107179880 -0.746602058 -0.096582264 0.064234056 0.655081093
1782375464.711137056 1.180599332 1.478000045 -0.107078195 -0.747040570 -0.092483267 0.060862180 0.655494571
1782375464.744495630 1.185303450 1.478490591 -0.107023358 -0.747574985 -0.088459685 0.057459127 0.655747652
1782375464.777853966 1.190287948 1.478878140 -0.106864691 -0.748057663 -0.084132560 0.053793263 0.656077564
1782375464.811212063 1.195158005 1.479141474 -0.106704473 -0.748435259 -0.079847358 0.049998343 0.656482458
1782375464.844570398 1.200191259 1.479480743 -0.106518865 -0.749004781 -0.075515307 0.046151634 0.656627238
1782375464.877929211 1.205422163 1.479781270 -0.106345773 -0.749413490 -0.070907749 0.042129457 0.656944990
1782375464.911287069 1.210817575 1.479831338 -0.106229186 -0.749808371 -0.066440314 0.038058739 0.657209754
1782375464.944644690 1.215201855 1.484471321 -0.106260180 -0.750376642 -0.061787315 0.034163211 0.657229125
1782375464.978002548 1.220560670 1.484911919 -0.106140375 -0.750749111 -0.057040446 0.030075779 0.657432616
1782375465.011359930 1.225877762 1.485288739 -0.105944276 -0.751031876 -0.052591544 0.025921060 0.657657444
1782375465.044717312 1.231442213 1.485698700 -0.105756164 -0.751406550 -0.047559716 0.021852663 0.657760382
1782375465.078074455 1.236814141 1.486030579 -0.105559468 -0.751604676 -0.043181151 0.017739488 0.657959878
1782375465.144788265 1.247890949 1.486762643 -0.105250716 -0.752163649 -0.033256918 0.009090037 0.658073902
1782375465.178145170 1.253513098 1.487072468 -0.105090499 -0.752346337 -0.028585028 0.004848459 0.658129513
1782375465.211501837 1.259257555 1.487572432 -0.104959607 -0.752519488 -0.023616854 0.000583779 0.658146203
1782375465.244858742 1.265086293 1.487936735 -0.104740858 -0.752667785 -0.018542683 -0.003990049 0.658127308
1782375465.278215170 1.270376682 1.488556981 -0.104811549 -0.752796829 -0.013000106 -0.008895465 0.658064485
1782375465.344927549 1.282443523 1.490193844 -0.103641987 -0.752882540 -0.002009172 -0.018226812 0.657899499
1782375465.378283739 1.288053155 1.490855217 -0.103370547 -0.752920926 0.003026437 -0.022997180 0.657702148
1782375465.411639690 1.294204712 1.491503000 -0.103152514 -0.753078938 0.008728189 -0.027846057 0.657282770
1782375465.444995403 1.300110459 1.492031693 -0.102964044 -0.752799809 0.014139703 -0.032649294 0.657287359
1782375465.478351116 1.306461811 1.492792010 -0.102990031 -0.752900422 0.019584015 -0.037283048 0.656785607
1782375465.511706829 1.312963009 1.493360281 -0.102938414 -0.752642989 0.025270196 -0.042277779 0.656584084
1782375465.545062065 1.320709705 1.493652821 -0.103061438 -0.752457678 0.030630577 -0.047066621 0.656242371
1782375465.578420162 1.327880502 1.494149804 -0.102989078 -0.752341330 0.036249153 -0.051929466 0.655722499
1782375465.611778736 1.334877014 1.494655609 -0.102913857 -0.751891911 0.041937422 -0.056894731 0.655486763
1782375465.645137548 1.341980815 1.495273471 -0.102896690 -0.751731873 0.047357414 -0.061727658 0.654863477
1782375465.678496122 1.350340009 1.496462345 -0.101818681 -0.750905693 0.052714262 -0.066264316 0.654958785
1782375465.745212555 1.364233136 1.497583032 -0.101545453 -0.750188351 0.063259192 -0.075252786 0.653875232
1782375465.778570890 1.370882034 1.498029828 -0.101396680 -0.749699831 0.068367057 -0.079468995 0.653422415
1782375465.811928749 1.376982093 1.498529196 -0.101322412 -0.749426663 0.072779328 -0.083995871 0.652692676
1782375465.845286608 1.383359551 1.498635054 -0.101141810 -0.748684406 0.078722335 -0.088668399 0.652236462
1782375465.878644466 1.389143944 1.498672843 -0.101055980 -0.748240411 0.083449230 -0.092859320 0.651574850
1782375465.912001848 1.395002007 1.498305082 -0.100848675 -0.747738302 0.087858245 -0.096888833 0.650984585
1782375465.945359707 1.400587797 1.497798800 -0.100802422 -0.747059107 0.092713587 -0.100749746 0.650504708
1782375465.978716850 1.405824900 1.497373581 -0.100703359 -0.746621192 0.096619718 -0.104185432 0.649897575
1782375466.012074232 1.410874367 1.496630788 -0.100696683 -0.745927989 0.100757703 -0.107957572 0.649449468
1782375466.045431137 1.417691469 1.497250080 -0.099195242 -0.745509565 0.104717918 -0.111584328 0.648689926
1782375466.078788280 1.422415495 1.496583343 -0.099052548 -0.744912803 0.108641803 -0.115112409 0.648113489
1782375466.112144947 1.427127242 1.495573163 -0.098936200 -0.744198143 0.112778530 -0.118610576 0.647596836
1782375466.145501614 1.431773424 1.494385958 -0.098815680 -0.743591249 0.116696574 -0.122097239 0.646951556
1782375466.178858280 1.436687946 1.492675066 -0.098696351 -0.742909372 0.120994940 -0.125710249 0.646252990
1782375466.212214947 1.441432476 1.490623236 -0.098653436 -0.742119670 0.125337049 -0.129414991 0.645601213
1782375466.245571375 1.446321011 1.488258004 -0.098532796 -0.741325974 0.129800752 -0.133228868 0.644854724
1782375466.278928518 1.451207638 1.485517383 -0.098456860 -0.740542114 0.134486958 -0.137194321 0.643963039
1782375466.345640659 1.460852146 1.479869843 -0.098105311 -0.738831162 0.143959224 -0.145187080 0.642125428
1782375466.378996372 1.465679884 1.476432204 -0.097928047 -0.737668574 0.148680359 -0.149310172 0.641440332
1782375466.412352085 1.470768452 1.472819328 -0.097880006 -0.736731470 0.153691605 -0.153462157 0.640355408
1782375466.445707560 1.475916266 1.469084978 -0.097668171 -0.735584080 0.158718869 -0.157665789 0.639426351
1782375466.479063034 1.481068134 1.465117097 -0.097390890 -0.734660983 0.163439319 -0.161971763 0.638221025
1782375466.512418509 1.486462951 1.461341500 -0.097139239 -0.733184814 0.169220954 -0.166756555 0.637178659
1782375466.545773745 1.488970041 1.455433249 -0.095545888 -0.731841385 0.174570218 -0.171811834 0.635935664
1782375466.579130888 1.494175196 1.451445818 -0.095275044 -0.730512857 0.180022851 -0.176537588 0.634647369
1782375466.612489939 1.499237776 1.447405338 -0.095069408 -0.728947461 0.185804695 -0.181343079 0.633424759
1782375466.645848989 1.504246235 1.443366289 -0.094887018 -0.727706134 0.190898359 -0.185888469 0.632018328
1782375466.679207563 1.509319782 1.439089179 -0.094597340 -0.726152897 0.196313813 -0.190570965 0.630750060
1782375466.712566137 1.514388800 1.434893727 -0.094372272 -0.724582255 0.202068686 -0.195428789 0.629250646
1782375466.745924473 1.519192100 1.430684805 -0.094124556 -0.723051548 0.207391143 -0.200300902 0.627746046
1782375466.779283047 1.524029374 1.426434517 -0.093835354 -0.721315980 0.213006005 -0.205170751 0.626288116
1782375466.812641144 1.528577566 1.422131181 -0.093577385 -0.719713032 0.218241140 -0.209899992 0.624760807
1782375466.845999241 1.533332586 1.417125940 -0.093269110 -0.718110263 0.223819271 -0.214356944 0.623116195
1782375466.879357100 1.537799954 1.412281275 -0.093020439 -0.716204882 0.229240954 -0.219152123 0.621668458
1782375466.946072817 1.544550061 1.404036403 -0.091542006 -0.712681174 0.240564525 -0.228994057 0.617880225
1782375466.979431391 1.548703194 1.399287939 -0.091280699 -0.710825920 0.246032044 -0.233672023 0.616110623
1782375467.012788773 1.552880883 1.394325495 -0.091058254 -0.709005177 0.251426578 -0.238274172 0.614265323
1782375467.046145916 1.556556106 1.389024973 -0.090788364 -0.706775844 0.257015377 -0.243046597 0.612649441
1782375467.079503059 1.559875727 1.384142876 -0.090729475 -0.705270350 0.261896402 -0.247316703 0.610605001
1782375467.112860441 1.563076496 1.378565550 -0.090430975 -0.703072786 0.267267495 -0.251987398 0.608899951
1782375467.146217346 1.565812111 1.373334050 -0.090263844 -0.701034546 0.272500187 -0.256264210 0.607143223
1782375467.179574251 1.568225026 1.368121862 -0.090171337 -0.699502230 0.276729614 -0.260148376 0.605343044
1782375467.212930918 1.570264816 1.362738132 -0.089915752 -0.697357416 0.281403810 -0.264162958 0.603922665
1782375467.246287346 1.572556257 1.357711673 -0.090000868 -0.695808709 0.286034346 -0.267555058 0.602037370
1782375467.279643774 1.575956106 1.348638177 -0.090033293 -0.693943977 0.289956391 -0.271098614 0.600726724
1782375467.312999964 1.577970743 1.343613148 -0.089951038 -0.692050159 0.294302851 -0.274586290 0.599211872
1782375467.346356153 1.579208612 1.339031458 -0.089767694 -0.690429449 0.298389196 -0.277843177 0.597556889
1782375467.379712343 1.580376387 1.334258080 -0.089591503 -0.688647330 0.302064896 -0.281419665 0.596091151
1782375467.413068056 1.581648827 1.329422593 -0.089571476 -0.686794162 0.306681991 -0.284925282 0.594203293
1782375467.446424007 1.582589865 1.324682832 -0.089500666 -0.684943676 0.310451955 -0.288455576 0.592676342
1782375467.479779720 1.583808780 1.319756508 -0.089448929 -0.683105230 0.314729840 -0.291899204 0.590852976
1782375467.513135195 1.584907293 1.314741850 -0.089375496 -0.681028068 0.319057912 -0.295601606 0.589086235
1782375467.546490669 1.586145520 1.309399128 -0.089143991 -0.679023266 0.323468417 -0.299154162 0.587198794
1782375467.579848289 1.585799456 1.307054877 -0.088108540 -0.677192867 0.327738583 -0.302893251 0.585023820
1782375467.613207340 1.586325407 1.301753998 -0.088032961 -0.675128520 0.331789136 -0.306433201 0.583280563
1782375467.646565676 1.586992741 1.296298862 -0.087973595 -0.672924936 0.336317092 -0.310117543 0.581283152
1782375467.679925203 1.587607503 1.290762067 -0.087883234 -0.670737863 0.340580374 -0.313696742 0.579405069
1782375467.713283539 1.588379264 1.285236001 -0.087747097 -0.668739200 0.344747722 -0.317002207 0.577448249
1782375467.746641874 1.589246988 1.279505014 -0.087536573 -0.666515827 0.348876536 -0.320444345 0.575636506
1782375467.779999971 1.590154886 1.273801804 -0.087361813 -0.664302349 0.353022337 -0.323903084 0.573728561
1782375467.813357830 1.590905309 1.267878056 -0.087070942 -0.662120581 0.357316941 -0.327190459 0.571723282
1782375467.846715927 1.591735363 1.262301087 -0.087075472 -0.659849465 0.361504704 -0.330735177 0.569673061
1782375467.880073547 1.592833042 1.256433606 -0.086711884 -0.657691896 0.365605831 -0.334212005 0.567517579
1782375467.913431168 1.593706608 1.250717640 -0.086423874 -0.655244291 0.369988084 -0.337671459 0.565457165
1782375467.946788549 1.594464064 1.245141983 -0.086269379 -0.653118670 0.373720974 -0.340853393 0.563549161
1782375467.980145931 1.595113754 1.239440441 -0.085889339 -0.650885403 0.377711773 -0.344144046 0.561468482
1782375468.013503075 1.595111132 1.233288646 -0.084322691 -0.648658335 0.381571889 -0.346747547 0.559831679
1782375468.046860456 1.595692873 1.228101015 -0.084055901 -0.646358669 0.385367364 -0.350026220 0.557847857
1782375468.080217361 1.596462488 1.222896457 -0.083812714 -0.644208670 0.388994247 -0.353106469 0.555872858
1782375468.113574028 1.597148657 1.217718840 -0.083559752 -0.641862988 0.392810911 -0.356222779 0.553910553
1782375468.146930933 1.597679615 1.212571144 -0.083317041 -0.639625669 0.396217734 -0.359497935 0.551952779
1782375468.180287361 1.598569870 1.206950903 -0.083263874 -0.637215912 0.400374740 -0.362813264 0.549565852
1782375468.213644028 1.599253893 1.201105952 -0.083091974 -0.634647667 0.404356748 -0.366275460 0.547321081
1782375468.247000217 1.600031972 1.194716573 -0.083046436 -0.631873190 0.408641100 -0.369836301 0.544949472
1782375468.280356407 1.600670576 1.188438892 -0.082862377 -0.629094601 0.412897140 -0.373388559 0.542528331
1782375468.313712597 1.601204753 1.181862831 -0.082606077 -0.626289964 0.417207539 -0.377132595 0.539879501
1782375468.347068548 1.601815701 1.175091267 -0.082423925 -0.623367310 0.421701998 -0.380790889 0.537195444
1782375468.380425453 1.602312088 1.170929551 -0.082244635 -0.620474517 0.425543278 -0.384515494 0.534857213
1782375468.413781166 1.602804780 1.163956165 -0.082101822 -0.617563844 0.430005252 -0.388005286 0.532130063
1782375468.447136879 1.603114009 1.157027364 -0.081838608 -0.614608169 0.434059173 -0.391633540 0.529596627
1782375468.480492353 1.603546619 1.149931669 -0.081660032 -0.611645639 0.438199311 -0.395103604 0.527033389
1782375468.513847828 1.603683710 1.143059492 -0.081360817 -0.608608842 0.442057252 -0.398611426 0.524680495
1782375468.547203064 1.604095459 1.136687398 -0.081343412 -0.606286585 0.445448339 -0.401529223 0.522270679
1782375468.580582142 1.604336023 1.129341483 -0.081102133 -0.603664935 0.448784560 -0.404622436 0.520059347
1782375468.613984108 1.604391336 1.122312069 -0.081099749 -0.600975811 0.452180177 -0.407492608 0.517987370
1782375468.647386789 1.604353309 1.114970446 -0.081022024 -0.598817945 0.455022335 -0.410180539 0.515871763
1782375468.680789709 1.604153395 1.107478857 -0.081135988 -0.596173644 0.458194911 -0.412950218 0.513913035
1782375468.747596979 1.603300810 1.092974186 -0.081283808 -0.591558337 0.463752806 -0.418089777 0.510091245
1782375468.781001329 1.602721691 1.085819006 -0.081305027 -0.589277267 0.466731310 -0.420510322 0.508020878
1782375468.814405918 1.601988077 1.078867912 -0.081287146 -0.586952269 0.469494075 -0.422970563 0.506120861
1782375468.847811222 1.601253867 1.071728706 -0.081287384 -0.584617913 0.472368151 -0.425357819 0.504143894
1782375468.881216764 1.602496147 1.063940048 -0.081230640 -0.582663834 0.474325329 -0.427026004 0.503157258
1782375468.914622784 1.602000475 1.057099819 -0.081237078 -0.580458879 0.477079540 -0.429201484 0.501247227
1782375468.948029280 1.601393700 1.050431609 -0.081205606 -0.578397095 0.479549855 -0.431277424 0.499488324
1782375468.981436253 1.600716352 1.043861866 -0.081163168 0.576220632 -0.482141137 0.433500409 -0.497581333
1782375469.014843464 1.599948287 1.037472129 -0.081080675 0.574118733 -0.484659255 0.435599506 -0.495728046
1782375469.048251390 1.599159718 1.031177282 -0.081021547 0.571956813 -0.487163633 0.437763095 -0.493862808
1782375469.081660748 1.598252177 1.024827242 -0.080956697 0.569967389 -0.489447027 0.439796239 -0.492095560
1782375469.115069389 1.597374916 1.018459558 -0.080926657 0.567930162 -0.491740137 0.441739291 -0.490421593
1782375469.148478508 1.596528649 1.011982203 -0.080941916 0.565953612 -0.493902385 0.443683445 -0.488775998
1782375469.181887865 1.595260143 1.005262971 -0.080891371 0.563718796 -0.496253341 0.445817679 -0.487032264
1782375469.215298176 1.594633579 0.999059081 -0.081053734 0.561814725 -0.498682559 0.447687805 -0.485031575
1782375469.248708487 1.593925714 0.991094589 -0.079417944 0.559882522 -0.500565290 0.449586391 -0.483568072
1782375469.282119274 1.593144298 0.984610200 -0.079260826 0.557698727 -0.503071547 0.451269478 -0.481920242
1782375469.315530539 1.592282534 0.978834987 -0.079107761 0.556442440 -0.504431844 0.452789992 -0.480522245
1782375469.348942280 1.591489077 0.972799003 -0.078925371 0.554704607 -0.506273091 0.454218954 -0.479244679
1782375469.382354498 1.590811491 0.967365324 -0.078815699 0.553526938 -0.507633746 0.455364227 -0.478078902
1782375469.415767193 1.590094566 0.961873770 -0.078782797 0.552244127 -0.508935153 0.456592053 -0.477006435
1782375469.449180126 1.589350462 0.956887662 -0.078815222 0.550864995 -0.510477901 0.457792282 -0.475800812
1782375469.482593775 1.588513374 0.952231646 -0.078719854 0.549738824 -0.511657059 0.458953202 -0.474717140
1782375469.516007662 1.587650061 0.947378576 -0.078891039 0.548445344 -0.512974620 0.460059643 -0.473719299
1782375469.549422026 1.586785793 0.942726433 -0.078904152 0.547231138 -0.514377177 0.461079448 -0.472609729
1782375469.582785606 1.585907221 0.937705755 -0.079102516 0.546061516 -0.515526056 0.462253690 -0.471562654
1782375469.616149426 1.584999919 0.932604015 -0.079231262 0.544573426 -0.517164409 0.463361740 -0.470400542
1782375469.649513006 1.583810568 0.927442312 -0.079405069 0.543281674 -0.518407941 0.464588672 -0.469313949
1782375469.682876110 1.582522273 0.921902001 -0.079713821 0.541879654 -0.519719362 0.465775073 -0.468307495
1782375469.716239691 1.581166267 0.916292667 -0.079736233 0.540688813 -0.521240950 0.466779083 -0.466991365
1782375469.749603033 1.578864336 0.909963489 -0.079626799 0.538894653 -0.522929490 0.468478441 -0.465473264
1782375469.782967329 1.577651620 0.903403878 -0.079663277 0.537539244 -0.524628103 0.469609112 -0.463987261
1782375469.816330433 1.576309085 0.896786571 -0.079661846 0.536121130 -0.526095986 0.470922440 -0.462633014
1782375469.849693298 1.574913502 0.889605939 -0.079751253 0.534670830 -0.527636230 0.472190976 -0.461262286
1782375469.883056164 1.573209286 0.882440507 -0.079747200 0.533295810 -0.529013336 0.473385304 -0.460050941
1782375469.916419268 1.571312904 0.874991119 -0.079735756 0.532142460 -0.530127287 0.474422961 -0.459034234
1782375469.949781895 1.569328189 0.867353022 -0.079672098 -0.531060338 0.531275809 -0.475296974 0.458054423
1782375469.983144522 1.567280769 0.859889269 -0.079545021 -0.530119777 0.532249033 -0.476348579 0.456920296
1782375470.016507387 1.565109968 0.852462053 -0.079697371 -0.528419375 0.533809006 -0.477615505 0.455745906
1782375470.049869537 1.562995911 0.845633388 -0.079485416 -0.527772605 0.534724712 -0.478496760 0.454495937
1782375470.083232164 1.560767174 0.837936640 -0.079407215 -0.526345491 0.535925269 -0.479701817 0.453465343
1782375470.116594553 1.558635712 0.830666423 -0.079481602 -0.525227606 0.536982894 -0.480631411 0.452525049
1782375470.149956703 1.556493282 0.822960734 -0.079552412 -0.524482906 0.537723660 -0.481560647 0.451520056
1782375470.183319092 1.554634571 0.815279007 -0.079646826 -0.523271680 0.538947701 -0.482571095 0.450385690
1782375470.216681242 1.552803040 0.808000267 -0.079622269 -0.522314429 0.540126145 -0.483257174 0.449348450
1782375470.250043154 1.550793529 0.801132083 -0.078856826 -0.521332204 0.540809095 -0.484434843 0.448398530
1782375470.283405066 1.548933864 0.793137133 -0.078855515 -0.520198286 0.542353749 -0.485012263 0.447224081
1782375470.316766739 1.546817303 0.785564184 -0.078737855 -0.519264936 0.542834580 -0.486243427 0.446387738
1782375470.350128651 1.544977903 0.778022110 -0.078686833 -0.518636763 0.543621242 -0.486740679 0.445618063
1782375470.383490562 1.543226838 0.770605147 -0.078542948 -0.517853081 0.544420123 -0.487305880 0.444935918
1782375470.416851997 1.541531801 0.763486385 -0.078581333 -0.517213941 0.544842303 -0.488087058 0.444305867
1782375470.450213671 1.540096998 0.756438017 -0.078531027 -0.516715169 0.545665562 -0.488435119 0.443492681
1782375470.483575821 1.538712025 0.749309957 -0.078494072 -0.516052783 0.546296656 -0.488851905 0.443027347
1782375470.516937256 1.537117958 0.742481649 -0.078231454 -0.515750408 0.546818137 -0.489247024 0.442299455
1782375470.550299168 1.535813332 0.735787749 -0.078388095 -0.514871955 0.547444701 -0.489888012 0.441838086
1782375470.583667994 1.534488916 0.728860855 -0.078092933 -0.514469266 0.548113704 -0.490103990 0.441237956
1782375470.617033243 1.534763932 0.724924088 -0.077342987 -0.513787448 0.548418164 -0.490844756 0.440830469
1782375470.650398254 1.533140063 0.718840480 -0.077253938 -0.513564646 0.549070120 -0.491029680 0.440071881
1782375470.683763266 1.531290054 0.712598920 -0.077054143 -0.512988269 0.549433529 -0.491775811 0.439456940
1782375470.717128038 1.529577971 0.706390738 -0.077019811 -0.512269437 0.550161421 -0.492082387 0.439041555
1782375470.750492811 1.527885079 0.700275242 -0.077043891 -0.512005389 0.550063133 -0.492685139 0.438796669
1782375470.783857584 1.526402712 0.693833113 -0.077004910 -0.511452377 0.550830603 -0.493000299 0.438124388
1782375470.817222357 1.525015593 0.687729836 -0.076861024 -0.510963678 0.551174998 -0.493460447 0.437743127
1782375470.850586891 1.523792505 0.681433678 -0.076931715 -0.510507584 0.551365495 -0.494000882 0.437425733
1782375470.883951426 1.522373199 0.675189793 -0.077029109 -0.510083079 0.551786363 -0.494298905 0.437053531
1782375470.917315960 1.521225214 0.669305921 -0.077050567 -0.509853661 0.551965535 -0.494568139 0.436790198
1782375470.950680494 1.520110130 0.663658857 -0.077081800 -0.509518564 0.552175820 -0.494913518 0.436524212
1782375470.984044790 1.522440195 0.658821642 -0.078527331 -0.509484589 0.551836252 -0.494876415 0.437035024
1782375471.017408848 1.521522522 0.653265059 -0.078563571 -0.509389222 0.552018940 -0.494966328 0.436813682
1782375471.050773144 1.520535469 0.647688091 -0.078622580 -0.509290159 0.552180111 -0.494909763 0.436789453
1782375471.084137440 1.519625425 0.642224312 -0.078683734 -0.509195626 0.552185774 -0.495073408 0.436706990
1782375471.117501497 1.518656969 0.636726320 -0.078721046 -0.509098172 0.552233517 -0.495152652 0.436670393
1782375471.150865555 1.517786741 0.631114185 -0.078830004 -0.509039462 0.552304327 -0.495296061 0.436486810
1782375471.184230566 1.516643763 0.625444114 -0.078980684 -0.508820057 0.552578390 -0.495358765 0.436324269
1782375471.217594147 1.515489578 0.619879007 -0.079063535 -0.508868277 0.552352786 -0.495447844 0.436452657
1782375471.250957966 1.514546394 0.614009738 -0.079195738 -0.508916795 0.552347064 -0.495338768 0.436527222
1782375471.284321785 1.513706207 0.608136356 -0.079462051 -0.508960128 0.552360237 -0.495214760 0.436600715
1782375471.317685604 1.512786031 0.602251410 -0.079484940 -0.509256780 0.551966608 -0.495103300 0.436878890
1782375471.351049185 1.513932943 0.597410381 -0.080417156 -0.509679317 0.551514387 -0.494784147 0.437318712
1782375471.384412527 1.513426661 0.591793537 -0.080689430 -0.509916127 0.551331460 -0.494650215 0.437424809
1782375471.417776108 1.512820005 0.585988164 -0.080879569 -0.510042131 0.551103652 -0.494625449 0.437592745
1782375471.451139450 1.512096882 0.580203831 -0.081015348 -0.510039926 0.550914466 -0.494582206 0.437882513
1782375471.484502792 1.511704922 0.574326873 -0.081042886 -0.510618329 0.550755918 -0.494165301 0.437878549
1782375471.517865896 1.511023045 0.567991197 -0.081128359 -0.510630190 0.550595343 -0.494228721 0.437995046
1782375471.551229239 1.510202885 0.561923862 -0.081149578 -0.510670602 0.550639510 -0.494186401 0.437940121
1782375471.584594250 1.509287119 0.555798411 -0.081172228 -0.510763884 0.550548851 -0.494083792 0.438061118
1782375471.617959261 1.508206367 0.549460053 -0.081041455 -0.511068642 0.550256550 -0.493952632 0.438220769
1782375471.651324034 1.507109642 0.543251395 -0.080995321 -0.511091411 0.550114989 -0.494013518 0.438303202
1782375471.684689045 1.506050348 0.537296057 -0.080863714 -0.511369765 0.549905062 -0.493956149 0.438306719
1782375471.718053579 1.504939675 0.531244397 -0.080875874 -0.511434019 0.549868822 -0.493880808 0.438362151
1782375471.751418114 1.505448818 0.526257873 -0.079798102 -0.512029231 0.549390018 -0.493572980 0.438614249
1782375471.784782648 1.504778862 0.520324945 -0.079903007 -0.512188375 0.549264252 -0.493511349 0.438655227
1782375471.818147421 1.504022837 0.514330506 -0.079925060 -0.512210131 0.549125731 -0.493615985 0.438685626
1782375471.851511717 1.503358603 0.508296251 -0.079966426 -0.512268484 0.549162924 -0.493475437 0.438728929
1782375471.884877205 1.502538443 0.501938105 -0.079977751 -0.512651026 0.548888385 -0.493227273 0.438904881
1782375471.918241501 1.501718998 0.495376915 -0.079978347 -0.512574434 0.548951566 -0.493114889 0.439041555
1782375471.951605797 1.500753999 0.489297271 -0.079972506 -0.512771308 0.548671722 -0.493147343 0.439124882
1782375471.984969616 1.499869823 0.482976645 -0.079911947 -0.512815535 0.548785210 -0.493056178 0.439033866
1782375472.018333673 1.498922825 0.477048576 -0.079854608 -0.512775362 0.548740208 -0.493153900 0.439027131
1782375472.051697731 1.498059750 0.470943272 -0.079881072 -0.512930334 0.548631191 -0.493109167 0.439032644
1782375472.085061789 1.498044968 0.465112835 -0.079756379 -0.513211191 0.548237801 -0.493123829 0.439179391
1782375472.118425608 1.497229695 0.458632886 -0.079826951 -0.513088346 0.548155308 -0.493296683 0.439231783
1782375472.151789188 1.496457100 0.452114493 -0.079842806 -0.513100147 0.548259914 -0.493309796 0.439072698
1782375472.185153008 1.495695114 0.445644021 -0.079879522 -0.512921870 0.548496425 -0.493409902 0.438872993
1782375472.218516588 1.494823217 0.439217538 -0.080010176 -0.512773335 0.548651636 -0.493550658 0.438694417
1782375472.251880169 1.493931890 0.433008492 -0.080065250 -0.512788832 0.548626602 -0.493619412 0.438630074
1782375472.285243750 1.493019819 0.426921993 -0.080045700 -0.512722850 0.548719347 -0.493773073 0.438418269
1782375472.318606853 1.492310047 0.420775443 -0.080109477 -0.512500703 0.548959196 -0.493909478 0.438224167
1782375472.351970196 1.491455674 0.414217651 -0.080009937 -0.512772977 0.548795164 -0.493918508 0.438100725
1782375472.385333538 1.490363359 0.407544672 -0.079931736 -0.512578785 0.548882306 -0.494055927 0.438063979
1782375472.418696642 1.492184162 0.402943522 -0.079893112 -0.513138115 0.548561990 -0.493802905 0.438095719
1782375472.485422611 1.489878893 0.389322877 -0.079653740 -0.512797117 0.548832238 -0.494288057 0.437609106
1782375472.518785715 1.488859415 0.382493854 -0.079552412 -0.512777865 0.548898697 -0.494350344 0.437477857
1782375472.552148581 1.487968922 0.375550926 -0.079541445 -0.512764812 0.548884749 -0.494334757 0.437528223
1782375472.585513830 1.487009525 0.368845910 -0.079448819 -0.512668669 0.548998177 -0.494415343 0.437407643
1782375472.618878126 1.485996723 0.362051725 -0.079422832 -0.512585819 0.548921824 -0.494671702 0.437310606
1782375472.652242184 1.485079288 0.355229318 -0.079315662 -0.512240410 0.549408913 -0.494819403 0.436936408
1782375472.685606480 1.484258890 0.348530293 -0.079377770 -0.511979401 0.549578547 -0.495088756 0.436723888
1782375472.718970299 1.483720064 0.341689467 -0.079326749 -0.511700809 0.549919248 -0.495230407 0.436460793
1782375472.752334118 1.483001590 0.334870070 -0.079254746 -0.511272490 0.550210297 -0.495498002 0.436292142
1782375472.785697937 1.484788656 0.331477940 -0.079678297 -0.511131108 0.550410748 -0.495704949 0.435969919
1782375472.819061756 1.483966827 0.324500620 -0.079633474 -0.510549903 0.550786555 -0.496151805 0.435667753
1782375472.852425575 1.483444691 0.317482799 -0.079712629 -0.510046959 0.551285923 -0.496572822 0.435145408
1782375472.885789156 1.482923269 0.310330093 -0.079635501 -0.509548604 0.551784933 -0.496998399 0.434610426
1782375472.919152498 1.482382178 0.303229719 -0.079620838 -0.508661330 0.552434564 -0.497746587 0.433967918
1782375472.952516079 1.482222080 0.296088278 -0.079628587 -0.507942021 0.553198993 -0.498171687 0.433348387
1782375472.985879421 1.482320666 0.288882822 -0.079640150 -0.507287800 0.553757906 -0.498724073 0.432765186
1782375473.019242764 1.482549429 0.282005906 -0.079501152 -0.506399810 0.554548025 -0.499475449 0.431926012
1782375473.052605867 1.484937191 0.276073396 -0.079446793 -0.505587459 0.555251896 -0.499891669 0.431491524
1782375473.085968971 1.485631227 0.269578248 -0.079271555 -0.505361199 0.555503666 -0.500436366 0.430800796
1782375473.119332314 1.486479282 0.262775362 -0.079153299 -0.504216850 0.556472719 -0.501158714 0.430050492
1782375473.152695417 1.487583995 0.256415963 -0.079000711 -0.503688872 0.556994081 -0.501712024 0.429348558
1782375473.186058044 1.488980055 0.249678314 -0.078937054 -0.503193200 0.557500541 -0.502129972 0.428783625
1782375473.219420910 1.490177274 0.243170977 -0.078706980 -0.502385020 0.558090329 -0.502762496 0.428222537
1782375473.252783775 1.491649389 0.236836463 -0.078612685 -0.502118111 0.558201909 -0.503236055 0.427833647
1782375473.286147356 1.493062973 0.230359614 -0.078311205 -0.501707852 0.558623552 -0.503546596 0.427399039
1782375473.319510221 1.494693279 0.223796815 -0.078137398 -0.501225889 0.558829606 -0.503936291 0.427235812
1782375473.352872849 1.496608496 0.217244923 -0.078115702 -0.501120090 0.558982134 -0.504107118 0.426958680
1782375473.386235237 1.498405457 0.210400313 -0.078034759 -0.500864685 0.559077621 -0.504288733 0.426918894
1782375473.419597626 1.500404835 0.203500926 -0.078106403 -0.500864267 0.559283316 -0.504186869 0.426770091
1782375473.452960014 1.501651525 0.196906269 -0.078112960 -0.500823140 0.559000492 -0.504404545 0.426931769
1782375473.486322165 1.503212690 0.189662248 -0.078241348 -0.500653744 0.559381545 -0.504331708 0.426717371
1782375473.519684553 1.504552841 0.183582991 -0.078166366 -0.500380158 0.559395552 -0.504513204 0.426805466
1782375473.553046942 1.505891085 0.177126825 -0.078311086 -0.500633240 0.559283972 -0.504407942 0.426779181
1782375473.586413860 1.509777546 0.171000600 -0.078405857 -0.501008689 0.558866620 -0.504063964 0.427291453
1782375473.619778633 1.511090159 0.164734244 -0.078407645 -0.500915825 0.558807909 -0.504160166 0.427363485
1782375473.653143167 1.512293935 0.158330560 -0.078369856 -0.500951827 0.558975816 -0.504009545 0.427279502
1782375473.686507225 1.513445854 0.151820600 -0.078294873 -0.500934124 0.558788180 -0.504161716 0.427366197
1782375473.719871759 1.514716625 0.145163596 -0.078238845 -0.500793934 0.559090197 -0.504054248 0.427262187
1782375473.753236055 1.515831470 0.138746083 -0.078204989 -0.500756800 0.558894515 -0.504198611 0.427391380
1782375473.786600351 1.517212629 0.132099569 -0.078384876 -0.501031280 0.558930218 -0.503948450 0.427317858
1782375473.819964409 1.518205404 0.125191033 -0.078200817 -0.501221478 0.558729112 -0.503928125 0.427381843
1782375473.853328466 1.519641161 0.118423522 -0.078305125 -0.501041055 0.558924973 -0.503782928 0.427508503
1782375473.886692286 1.520931959 0.112393260 -0.078134656 -0.501670837 0.558587968 -0.503434718 0.427620709
1782375473.920056343 1.521957874 0.105816722 -0.078181148 -0.501978755 0.558300674 -0.503210187 0.427898645
1782375473.953420162 1.522862673 0.099484801 -0.078225136 -0.502201259 0.558088064 -0.502947986 0.428222954
1782375473.986784935 1.523585677 0.093162835 -0.078090549 -0.502955973 0.557628751 -0.502403855 0.428574234
1782375474.020148754 1.524002552 0.086937070 -0.077961087 -0.503429115 0.557133794 -0.502120852 0.428993970
1782375474.053512096 1.531292558 0.081662357 -0.079383016 -0.504652441 0.555813074 -0.501257241 0.430277854
1782375474.086875677 1.531615496 0.076008737 -0.079429030 -0.505640388 0.554939210 -0.500663400 0.430936664
1782375474.120239258 1.531951308 0.070341468 -0.079519272 -0.506468177 0.554322481 -0.499834269 0.431720048
1782375474.153602600 1.532217503 0.065259039 -0.079469800 -0.507238507 0.553388536 -0.499288857 0.432644069
1782375474.186965704 1.532628179 0.060464621 -0.079392672 -0.508274674 0.552727222 -0.498474330 0.433212340
1782375474.220329046 1.532929659 0.055789709 -0.079237461 -0.508999765 0.552046001 -0.497901082 0.433888346
1782375474.253692389 1.533341408 0.051410675 -0.079127312 -0.509550929 0.551522851 -0.497400433 0.434480369
1782375474.287055492 1.533675194 0.047315359 -0.078975201 -0.510258436 0.550943077 -0.496827990 0.435040206
1782375474.320418358 1.533967257 0.043321908 -0.078912854 -0.510866284 0.550342560 -0.496430606 0.435540468
1782375474.353781223 1.534226418 0.039489686 -0.078786731 -0.511281252 0.550031900 -0.496028006 0.435904354
1782375474.387144327 1.534474850 0.035802186 -0.078838587 -0.511864722 0.549519479 -0.495599568 0.436352998
1782375474.420507193 1.534608006 0.031925380 -0.078749895 -0.512180865 0.549475908 -0.495159775 0.436536193
1782375474.453869581 1.534395456 0.028469205 -0.078734279 -0.512439668 0.549064517 -0.495088935 0.436830342
1782375474.487232447 1.533871889 0.024662852 -0.078787208 -0.512934625 0.548726261 -0.494714081 0.437099189
1782375474.520595074 1.533174634 0.020430803 -0.078736186 -0.513222158 0.548399627 -0.494431823 0.437490761
1782375474.553957224 1.538535833 0.016360879 -0.078315854 -0.514284015 0.547445536 -0.493638277 0.438333988
1782375474.587320328 1.537691116 0.011658907 -0.078287363 -0.514695108 0.547158420 -0.493343353 0.438541979
1782375474.620683432 1.536756158 0.006581306 -0.078200817 -0.514771760 0.547075689 -0.493198305 0.438718230
1782375474.654046059 1.536015034 0.001356483 -0.078133345 -0.515129864 0.546691418 -0.493077993 0.438912243
1782375474.720772505 1.535053015 -0.010304451 -0.078190088 -0.514867008 0.547150970 -0.492934316 0.438809365
1782375474.820859909 1.534352183 -0.028068781 -0.078114152 -0.515619218 0.546768904 -0.492207825 0.439217657
1782375474.854222059 1.534092426 -0.034245968 -0.078426600 -0.515487969 0.546592593 -0.492343217 0.439439207
1782375474.887584448 1.533913493 -0.039808989 -0.078407168 -0.515544057 0.546854794 -0.492006093 0.439424843
1782375474.920946598 1.539121628 -0.044806361 -0.079122901 -0.516601920 0.545673966 -0.491423666 0.440301389
1782375474.954308510 1.538613200 -0.050818682 -0.079171181 -0.516500533 0.545636415 -0.491337240 0.440563112
1782375474.987670660 1.538161993 -0.056333303 -0.079223275 -0.516496658 0.545583665 -0.491207272 0.440777928
1782375475.021032572 1.537862778 -0.061669946 -0.079284668 -0.517086208 0.545156002 -0.490858853 0.441003889
1782375475.054394245 1.537282944 -0.067347229 -0.079225183 -0.517148077 0.545079350 -0.490696579 0.441206604
1782375475.087755919 1.536533594 -0.073067784 -0.079198480 -0.517093897 0.544980466 -0.490757167 0.441324949
1782375475.121117353 1.535860896 -0.078806698 -0.079139233 -0.517168999 0.544930756 -0.490668535 0.441396832
1782375475.154479027 1.535438895 -0.084546030 -0.079141140 -0.517267406 0.544982970 -0.490437031 0.441474319
1782375475.187840223 1.534949541 -0.090401471 -0.079128265 -0.517418385 0.544712424 -0.490289807 0.441794693
1782375475.221201658 1.534609079 -0.096147299 -0.079156876 -0.517619967 0.544646204 -0.490034044 0.441924036
1782375475.254563093 1.536526918 -0.100333095 -0.079939723 -0.517937303 0.544094980 -0.489801675 0.442488313
1782375475.287924051 1.536252737 -0.106102824 -0.079879284 -0.517898142 0.544239759 -0.489648521 0.442525774
1782375475.321285248 1.535947323 -0.111716986 -0.079797983 -0.517999947 0.543965042 -0.489723206 0.442661643
1782375475.354646206 1.535934448 -0.117567420 -0.079790115 -0.518031657 0.544168890 -0.489534467 0.442582667
1782375475.421368837 1.535858631 -0.129682839 -0.079647303 -0.517842233 0.544341803 -0.489541531 0.442584068
1782375475.454729795 1.535955906 -0.136087537 -0.079438210 -0.517776728 0.544362903 -0.489639163 0.442526698
1782375475.488090277 1.536293745 -0.142604589 -0.079410911 -0.517570734 0.544525683 -0.489610910 0.442598671
1782375475.521450996 1.536857367 -0.148933172 -0.079417586 -0.517570138 0.544556797 -0.489641130 0.442527592
1782375475.554811716 1.537701488 -0.155240417 -0.079323411 -0.517445087 0.544565380 -0.489716589 0.442579806
1782375475.588178396 1.539069176 -0.161365867 -0.079176068 -0.517658710 0.544673264 -0.489437789 0.442505658
1782375475.621544838 1.540658951 -0.167620361 -0.079141498 -0.517673433 0.544528127 -0.489475042 0.442625850
1782375475.654911041 1.542139411 -0.174169958 -0.078868985 -0.517738521 0.544446468 -0.489286214 0.442858875
1782375475.688277483 1.544088364 -0.180883169 -0.078774333 -0.518006861 0.544343591 -0.489053011 0.442929089
1782375475.721643686 1.552075505 -0.189572096 -0.079823852 -0.518653035 0.543510973 -0.488518625 0.443784088
1782375475.755010366 1.554487228 -0.196339250 -0.079819560 -0.518880665 0.543450117 -0.488456368 0.443661302
1782375475.788376331 1.556774378 -0.203045249 -0.079680324 -0.518445790 0.543585360 -0.488718599 0.443715215
1782375475.821742535 1.559523582 -0.209696591 -0.079625010 -0.518871248 0.543182254 -0.488728911 0.443700165
1782375475.855108500 1.562247753 -0.216695607 -0.079429984 -0.518743932 0.543333828 -0.488794893 0.443590552
1782375475.888474703 1.565201521 -0.223807454 -0.079326868 -0.518804729 0.543113708 -0.488830686 0.443749815
1782375475.921840429 1.568271160 -0.231001198 -0.079051018 -0.519028366 0.542931736 -0.488808334 0.443735480
1782375475.955206394 1.571563721 -0.238274455 -0.078848004 -0.519152284 0.542770803 -0.488633603 0.443979830
1782375475.988572121 1.575048208 -0.245577395 -0.078676939 -0.519652009 0.542131305 -0.488389075 0.444445342
1782375476.021938086 1.578518391 -0.253448427 -0.078593254 -0.520083010 0.542058229 -0.487803102 0.444673747
1782375476.055303574 1.581641197 -0.261144102 -0.078451633 -0.520169795 0.541655719 -0.487813264 0.445051432
1782375476.088670254 1.584698319 -0.268818676 -0.078294158 -0.520427108 0.541684508 -0.487488866 0.445071012
1782375476.122035980 1.598209381 -0.278257310 -0.078694224 -0.521812618 0.540379345 -0.486177921 0.446467131
1782375476.155401468 1.601289511 -0.285999119 -0.078705668 -0.522090197 0.540201783 -0.485866338 0.446696579
1782375476.188766956 1.604457617 -0.293533564 -0.078676105 -0.522554457 0.539731383 -0.485500067 0.447120339
1782375476.222131968 1.607797027 -0.301191807 -0.078606248 -0.522906601 0.539520383 -0.485122114 0.447373539
1782375476.255497456 1.611205101 -0.308690667 -0.078605056 -0.523099005 0.539110899 -0.484915853 0.447865605
1782375476.288862705 1.614695549 -0.316257000 -0.078526616 -0.523683727 0.538831353 -0.484437317 0.448036462
1782375476.322227955 1.618030787 -0.323762000 -0.078280807 -0.523928225 0.538672686 -0.484110087 0.448295027
1782375476.355592966 1.621383071 -0.330988944 -0.078187466 -0.523924232 0.538245916 -0.484145254 0.448774040
1782375476.388958216 1.625071168 -0.337866306 -0.078131318 -0.524946153 0.537756324 -0.483425975 0.448942244
1782375476.422323227 1.628305197 -0.345524073 -0.077934742 -0.525232196 0.537167609 -0.483329326 0.449416280
1782375476.455688238 1.636892319 -0.353905916 -0.077729464 -0.525889337 0.536324441 -0.482665211 0.450367540
1782375476.489053249 1.640090585 -0.361331105 -0.077637196 -0.526913345 0.535290003 -0.482178926 0.450921834
1782375476.522418022 1.643085003 -0.369364262 -0.077502847 -0.527126253 0.535013437 -0.481940895 0.451255620
1782375476.555782795 1.645886660 -0.377248943 -0.077491045 -0.527506888 0.534390807 -0.481671035 0.451836228
1782375476.589148283 1.648537874 -0.385857582 -0.077450156 -0.527989268 0.533927083 -0.481278986 0.452238709
1782375476.622513771 1.650933027 -0.394267380 -0.077495337 -0.527791262 0.533982277 -0.481278986 0.452404469
1782375476.655879021 1.652950525 -0.402599275 -0.077409148 -0.527964234 0.533746779 -0.481270224 0.452489972
1782375476.689244270 1.658426404 -0.413918495 -0.079229832 -0.527857721 0.533827424 -0.480989605 0.452817440
1782375476.722609520 1.659980536 -0.422337055 -0.079070807 -0.527330160 0.534154117 -0.481325746 0.452689618
1782375476.755974770 1.661761403 -0.430610120 -0.078974605 -0.526957214 0.534456015 -0.481674731 0.452396274
1782375476.789340734 1.663282871 -0.438602388 -0.078795910 -0.526363015 0.535041153 -0.482066214 0.451979071
1782375476.822705746 1.672020555 -0.446954489 -0.079544544 -0.526373506 0.534510911 -0.482388735 0.452250153
1782375476.856070757 1.673398376 -0.454601705 -0.079330564 -0.525705218 0.535187423 -0.482945055 0.451633185
1782375476.889435768 1.674660206 -0.462366581 -0.079091191 -0.524962842 0.535938084 -0.483537763 0.450972021
1782375476.922800541 1.681342483 -0.472542048 -0.080774665 -0.524525225 0.536067069 -0.483774632 0.451073825
1782375476.956165552 1.682280064 -0.480304003 -0.080560446 -0.523557067 0.537023306 -0.484461784 0.450322896
1782375476.989530087 1.682883501 -0.488026023 -0.080314636 -0.522698402 0.537840426 -0.485432088 0.449299276
1782375477.022894859 1.683364630 -0.496198595 -0.080178499 -0.520933807 0.539597452 -0.486545771 0.448035538
1782375477.056259394 1.683598280 -0.503787577 -0.079972029 -0.519992709 0.540418804 -0.487695277 0.446887493
1782375477.089623690 1.677440405 -0.511618316 -0.077505350 -0.517964423 0.542386949 -0.489350587 0.445045263
1782375477.122988224 1.677486300 -0.519283772 -0.077283978 -0.516429067 0.543934226 -0.490460813 0.443717062
1782375477.156352520 1.677574635 -0.526690781 -0.077093601 -0.515423536 0.544552743 -0.491766512 0.442681283
1782375477.189716816 1.677726746 -0.534476340 -0.076925278 -0.514098465 0.546055257 -0.492592514 0.441451162
1782375477.223081112 1.677918792 -0.541928947 -0.076743603 -0.512806773 0.547123551 -0.493740201 0.440347224
1782375477.256445408 1.678275704 -0.549278498 -0.076670289 -0.511645436 0.548372686 -0.494688570 0.439078242
1782375477.289809227 1.678493977 -0.556701422 -0.076534152 -0.510150015 0.549739599 -0.495749116 0.437911183
1782375477.323173285 1.679328084 -0.562888741 -0.077049851 -0.508562565 0.550988197 -0.497121722 0.436630487
1782375477.356537342 1.679333687 -0.570300817 -0.076896906 -0.507141352 0.552262843 -0.498194665 0.435448736
1782375477.389901161 1.679372311 -0.577764153 -0.076747060 -0.505798519 0.553503633 -0.499197394 0.434285194
1782375477.423265219 1.679418802 -0.584981203 -0.076604605 -0.504437447 0.554637134 -0.500283301 0.433170974
1782375477.456628561 1.679332018 -0.592290878 -0.076457143 -0.503226399 0.555852890 -0.501310885 0.431831181
1782375477.489993334 1.685471773 -0.602051556 -0.077534080 -0.502062738 0.557109237 -0.501644492 0.431178868
1782375477.523356915 1.685563803 -0.609321356 -0.077369690 -0.501032889 0.557871938 -0.502743840 0.430108905
1782375477.556706429 1.685294986 -0.616636336 -0.077176332 -0.499512076 0.559535801 -0.503561616 0.428757548
1782375477.590115309 1.684490442 -0.623696566 -0.076896071 -0.497752428 0.560628891 -0.505084395 0.427583367
1782375477.623524189 1.683977365 -0.630952299 -0.076820850 -0.496828139 0.562050581 -0.505862534 0.425868601
1782375477.656933546 1.682633162 -0.638941765 -0.076498270 -0.494710714 0.563523948 -0.507475317 0.424465507
1782375477.690343618 1.681726933 -0.647089303 -0.076499939 -0.492741734 0.565386117 -0.508775949 0.422718793
1782375477.723753929 1.673619866 -0.652065217 -0.073642850 -0.490557194 0.567341149 -0.510703325 0.420309305
1782375477.757164955 1.672320724 -0.660395563 -0.073488474 -0.488062173 0.569453657 -0.512401462 0.418285340
1782375477.790576458 1.671084881 -0.668519557 -0.073318601 -0.485789955 0.571483374 -0.514012158 0.416180730
1782375477.890813828 1.674870491 -0.696367145 -0.074702740 -0.480696976 0.575519264 -0.517584622 0.412085235
1782375477.924227238 1.674362183 -0.704964995 -0.074626446 -0.478659719 0.577480018 -0.518870115 0.410092086
1782375477.957641363 1.673896432 -0.713629067 -0.074461579 -0.476822495 0.578893602 -0.520249546 0.408488631
1782375477.991055727 1.673568249 -0.722253084 -0.074400187 -0.475504428 0.579945028 -0.521292567 0.407201886
1782375478.024470806 1.673315525 -0.731021106 -0.074306607 -0.474130869 0.581127048 -0.522252321 0.405886441
1782375478.057886124 1.673050761 -0.739632845 -0.074217200 -0.473216534 0.581855714 -0.523013532 0.404928267
1782375478.091302156 1.672646642 -0.748490989 -0.074270010 -0.472254872 0.582465887 -0.523845196 0.404097944
1782375478.124718666 1.672580838 -0.757417262 -0.074285984 -0.470828712 0.583691418 -0.524491787 0.403153867
1782375478.158135653 1.668654680 -0.764757276 -0.072001338 -0.470282465 0.584056199 -0.525502503 0.401945293
1782375478.191554308 1.668997288 -0.774068296 -0.071954727 -0.468604207 0.585411310 -0.526147008 0.401089966
1782375478.224972248 1.669693589 -0.782235682 -0.071921468 -0.468356818 0.585547268 -0.526535153 0.400670707
1782375478.258390665 1.670498610 -0.791381896 -0.072046757 -0.468163610 0.585820258 -0.526815534 0.400128633
1782375478.291809559 1.671343088 -0.800144970 -0.072037935 -0.467194438 0.586529613 -0.527285159 0.399603277
1782375478.325229168 1.672612667 -0.808793306 -0.072213054 -0.467362374 0.586404979 -0.527482808 0.399328977
1782375478.358649254 1.673770189 -0.818006754 -0.072331905 -0.467053890 0.586915791 -0.527600288 0.398783833
1782375478.392069578 1.674703956 -0.827105343 -0.072674990 -0.466282099 0.587117314 -0.528190553 0.398608953
1782375478.425490618 1.675505638 -0.836482942 -0.072757483 -0.466245025 0.587319314 -0.528287530 0.398225963
1782375478.458912134 1.681151628 -0.848414063 -0.073571086 -0.465908319 0.587276101 -0.528444827 0.398475140
1782375478.492334127 1.681920648 -0.857877314 -0.073668957 -0.465595305 0.587704957 -0.528523624 0.398103982
1782375478.525756836 1.682656050 -0.867239237 -0.073740840 -0.465452164 0.588092089 -0.528534830 0.397684455
1782375478.559193373 1.683283567 -0.876348078 -0.073895693 -0.464958280 0.588382602 -0.528887987 0.397362977
1782375478.592566729 1.683971047 -0.885206699 -0.074074030 -0.464659274 0.588865042 -0.528994262 0.396856248
1782375478.625939608 1.684362173 -0.893892407 -0.074331760 -0.464060098 0.589213848 -0.529470742 0.396403968
1782375478.659312963 1.684751749 -0.902491331 -0.074478745 -0.463400930 0.589785576 -0.529853106 0.395813584
1782375478.692686319 1.680023551 -0.907473683 -0.074494481 -0.461745411 0.590851665 -0.531072199 0.394522429
1782375478.726059437 1.680426002 -0.915714562 -0.074759245 -0.461462408 0.591502726 -0.531226039 0.393669754
1782375478.759432554 1.680243969 -0.924088120 -0.074805379 -0.460104018 0.592290878 -0.532161534 0.392810434
1782375478.792805910 1.680374146 -0.931906939 -0.074963808 -0.459106952 0.593302488 -0.532576442 0.391886979
1782375478.826179028 1.680307031 -0.939612031 -0.074899912 -0.458747923 0.593633533 -0.533109546 0.391080260
1782375478.859552145 1.686092496 -0.950378597 -0.075913191 -0.458068967 0.594130874 -0.533354223 0.390787274
1782375478.892926455 1.685670376 -0.958345830 -0.075951815 -0.457422107 0.594696403 -0.533668458 0.390255392
1782375478.993046045 1.684656143 -0.981929541 -0.075736761 -0.455613047 0.596029460 -0.535086453 0.388391912
1782375479.026419163 1.684429765 -0.990258098 -0.075724006 -0.455201238 0.596349418 -0.535345495 0.388026386
1782375479.059792519 1.683988094 -0.998242021 -0.075554252 -0.454692334 0.596666992 -0.535707533 0.387634933
1782375479.093165874 1.681935072 -1.004266739 -0.074197888 -0.454407483 0.597055078 -0.536059082 0.386884719
1782375479.126538992 1.681506395 -1.011905670 -0.074229121 -0.454220921 0.597479224 -0.536124885 0.386357486
1782375479.159912109 1.680904984 -1.019623756 -0.074376106 -0.453817934 0.597639561 -0.536489904 0.386076123
1782375479.193285465 1.680246115 -1.027342796 -0.074553609 -0.453645885 0.597902715 -0.536571205 0.385757834
1782375479.260031939 1.677881956 -1.042845368 -0.074688792 -0.453083307 0.598161817 -0.536930144 0.385517865
1782375479.293405056 1.676747084 -1.050629735 -0.074724913 -0.452978462 0.598562360 -0.536848843 0.385132462
1782375479.326778412 1.675054550 -1.058014631 -0.074624300 -0.452175558 0.598764479 -0.537525296 0.384818166
1782375479.360151529 1.666936159 -1.066007257 -0.074926019 -0.451498359 0.599507809 -0.538012922 0.383773029
1782375479.393524885 1.665296316 -1.073262930 -0.074917078 -0.450986117 0.599705696 -0.538581729 0.383268118
1782375479.426898003 1.663805604 -1.080412984 -0.074990034 -0.449777335 0.600702465 -0.538921118 0.382649958
1782375479.460271358 1.662320256 -1.087077856 -0.074852347 -0.449649155 0.600748181 -0.539437413 0.382000685
1782375479.493644476 1.660636663 -1.094257355 -0.074867725 -0.448424250 0.601701558 -0.539978802 0.381174147
1782375479.527017832 1.658993602 -1.100945592 -0.074697733 -0.447534680 0.602395117 -0.540557742 0.380302846
1782375479.560391188 1.657100677 -1.107746363 -0.074702740 -0.446732342 0.602719486 -0.541454136 0.379456013
1782375479.593764782 1.655167341 -1.114595175 -0.074500322 -0.445308477 0.603958488 -0.542068660 0.378280401
1782375479.627137661 1.661611676 -1.123338223 -0.074639082 -0.444703490 0.604622126 -0.542503655 0.377307236
1782375479.660510540 1.659566045 -1.130279541 -0.074507833 -0.443283439 0.605765343 -0.543452263 0.375776291
1782375479.693883419 1.657193184 -1.137082577 -0.074312568 -0.441161484 0.607298851 -0.544611454 0.374116480
1782375479.727256298 1.654866576 -1.143599749 -0.074173093 -0.439422041 0.608635485 -0.545714438 0.372380137
1782375479.760629177 1.652351379 -1.150108337 -0.074047685 -0.437161684 0.610272110 -0.547043622 0.370406598
1782375479.794002056 1.649758458 -1.156417370 -0.073994040 -0.434644550 0.612052977 -0.548521042 0.368239135
1782375479.827374697 1.649123788 -1.163069248 -0.074553370 -0.432846367 0.613213420 -0.549915254 0.366342247
1782375479.860747576 1.646017790 -1.170180082 -0.074546695 -0.429734409 0.615414560 -0.551416755 0.364050537
1782375479.894120455 1.642948747 -1.177203774 -0.074496984 -0.427022249 0.617577493 -0.552833676 0.361420929
1782375479.927493095 1.639655948 -1.184202194 -0.074375749 -0.423976451 0.619516015 -0.554718256 0.358791918
1782375479.960865974 1.636376619 -1.191354871 -0.074259043 -0.420405954 0.622066319 -0.556413889 0.355943888
1782375479.994238853 1.632739067 -1.197806120 -0.074996591 -0.417557299 0.623981535 -0.558414221 0.352798313
1782375480.027611494 1.629024982 -1.205349207 -0.074951649 -0.413141847 0.626826525 -0.560604751 0.349463463
1782375480.060984612 1.625561476 -1.212589025 -0.074913979 -0.409763068 0.629278243 -0.562403619 0.346129119
1782375480.094357491 1.621767521 -1.219838977 -0.074785471 -0.406180024 0.631308019 -0.564670324 0.342951030
1782375480.127730131 1.617987275 -1.227342486 -0.074706554 -0.401789874 0.634437740 -0.566437960 0.339413792
1782375480.161103010 1.614375114 -1.233959794 -0.074456453 -0.397857875 0.636670768 -0.568855524 0.335801959
1782375480.194475889 1.610795975 -1.240970492 -0.074340224 -0.393678695 0.639559269 -0.570774972 0.331959426
1782375480.227848530 1.603739023 -1.247337699 -0.071649313 -0.388982058 0.642549098 -0.573437274 0.327098340
1782375480.261221409 1.600123286 -1.254145741 -0.071489215 -0.384717226 0.645207584 -0.575427890 0.323392332
1782375480.294595480 1.596661806 -1.260631323 -0.071305871 -0.380722344 0.647631347 -0.577438533 0.319670051
1782375480.327968359 1.593394518 -1.266850591 -0.071146488 -0.376252472 0.650208831 -0.579552293 0.315882623
1782375480.361341000 1.590492725 -1.272767305 -0.070941567 -0.372386366 0.652706802 -0.581363082 0.311960369
1782375480.394713879 1.587488413 -1.278596044 -0.070724368 -0.368164778 0.654877067 -0.583559930 0.308299482
1782375480.428086758 1.584521174 -1.284482956 -0.070651054 -0.363801539 0.657446861 -0.585378647 0.304539055
1782375480.461459637 1.581699371 -1.290076733 -0.070383310 -0.359803319 0.659741580 -0.587224960 0.300748229
1782375480.494832516 1.583485723 -1.296592474 -0.071127415 -0.355571568 0.662012875 -0.589070320 0.297160029
1782375480.528205395 1.580385208 -1.302379131 -0.070905924 -0.350919247 0.664753139 -0.590878248 0.292953789
1782375480.561577797 1.577634811 -1.307969213 -0.070729971 -0.346291304 0.666979015 -0.593040407 0.289005876
1782375480.594951868 1.574870348 -1.313766122 -0.070522785 -0.342080742 0.669631064 -0.594524860 0.284807563
1782375480.628326178 1.572031021 -1.319386125 -0.070138454 -0.337105602 0.671906710 -0.596737742 0.280722708
1782375480.661700487 1.569812059 -1.324911594 -0.070008993 -0.332769841 0.674267232 -0.598393440 0.276682496
1782375480.695074558 1.567625999 -1.330437303 -0.069687366 -0.328425616 0.676378012 -0.600241661 0.272689164
1782375480.761822939 1.564465284 -1.341986775 -0.069278955 -0.320058614 0.680653751 -0.603308499 0.265126050
1782375480.795197248 1.563929439 -1.347426653 -0.069217682 -0.315467328 0.682879806 -0.604865491 0.261329800
1782375480.828571320 1.562675238 -1.353081822 -0.068983555 -0.311351418 0.684885442 -0.606348038 0.257554531
1782375480.861945629 1.561407804 -1.358678818 -0.068773031 -0.307184100 0.686739206 -0.607968867 0.253773898
1782375480.895319939 1.560359955 -1.364208817 -0.068605185 -0.303075761 0.688677549 -0.609381735 0.250044405
1782375480.928694010 1.559137821 -1.369536877 -0.068436146 -0.298730820 0.690563500 -0.610969663 0.246166885
1782375480.962068319 1.557891369 -1.374501586 -0.068346739 -0.294610649 0.692411840 -0.612356007 0.242467627
1782375480.995443583 1.556408405 -1.379045844 -0.068245888 -0.290661126 0.694152355 -0.613688707 0.238861740
1782375481.028817892 1.555351973 -1.382954240 -0.068251610 -0.286656320 0.695841193 -0.615021825 0.235332489
1782375481.062192440 1.554015756 -1.386869669 -0.068183422 -0.283309877 0.697343349 -0.616110206 0.232069239
1782375481.095566750 1.551943064 -1.390967369 -0.068158388 -0.279618800 0.698734105 -0.617341876 0.229069993
1782375481.128940821 1.549438357 -1.394901991 -0.068203688 -0.275896132 0.700175047 -0.618470728 0.226120204
1782375481.162315130 1.547106147 -1.398669481 -0.068194151 -0.272785097 0.701517999 -0.619518280 0.222840741
1782375481.195689440 1.544197083 -1.402609706 -0.068001986 -0.268343151 0.703212738 -0.620791197 0.219322011
1782375481.229063988 1.542276859 -1.406207800 -0.068170786 -0.264874279 0.704475462 -0.621923506 0.216257215
1782375481.262438297 1.540127039 -1.410206676 -0.065799713 -0.261446297 0.705635309 -0.623066545 0.213337332
1782375481.295812845 1.538011789 -1.413697600 -0.065723896 -0.257855624 0.706914186 -0.624144733 0.210300222
1782375481.329186916 1.535439372 -1.417360425 -0.065682650 -0.254270822 0.708200872 -0.625243902 0.207046002
1782375481.362561464 1.532368064 -1.421434045 -0.065701008 -0.249956131 0.709744573 -0.626408458 0.203462556
1782375481.395935774 1.529303074 -1.425523162 -0.065679550 -0.245744243 0.711281657 -0.627478421 0.199897870
1782375481.462684631 1.520417452 -1.436336040 -0.065735579 -0.237267628 0.714176893 -0.629756749 0.192514718
1782375481.496059179 1.516668797 -1.440863967 -0.065747261 -0.233131558 0.715438545 -0.630988419 0.188814729
1782375481.529433489 1.512818813 -1.445769310 -0.065738440 -0.228895232 0.716815829 -0.632069588 0.185122058
1782375481.562807798 1.509054065 -1.450901151 -0.065663338 -0.224377275 0.718132257 -0.633278012 0.181383207
1782375481.596181631 1.505573392 -1.455906630 -0.065669537 -0.220211700 0.719412088 -0.634354770 0.177614942
1782375481.629555464 1.502256155 -1.461384892 -0.065538645 -0.215704188 0.720928192 -0.635227978 0.173838228
1782375481.662929296 1.499578118 -1.466868758 -0.065423250 -0.211604163 0.722003996 -0.636387229 0.170133218
1782375481.696303844 1.496778011 -1.472719550 -0.065220833 -0.207544103 0.723219514 -0.637346923 0.166336685
1782375481.729677677 1.493703842 -1.478666902 -0.065184832 -0.202967852 0.724553406 -0.638286889 0.162530765
1782375481.763051510 1.491931677 -1.485430837 -0.066844702 -0.198294237 0.725550294 -0.639385641 0.159506187
1782375481.796425343 1.488233805 -1.491647124 -0.066801071 -0.193370938 0.726882875 -0.640468657 0.155077070
1782375481.829799175 1.484420896 -1.498157501 -0.066812038 -0.187597632 0.728413880 -0.641535699 0.150507301
1782375481.863172770 1.480396509 -1.504652381 -0.066700459 -0.182631895 0.729755282 -0.642570257 0.145623788
1782375481.896546841 1.475847363 -1.511359811 -0.066505671 -0.176454261 0.731158674 -0.643834710 0.140527055
1782375481.929920673 1.471707582 -1.517955661 -0.066331863 -0.170780614 0.732534170 -0.644855976 0.135604262
1782375481.963294506 1.467177868 -1.524875998 -0.066066504 -0.165230319 0.733827889 -0.645823598 0.130796105
1782375481.996668100 1.462733507 -1.531666994 -0.065846920 -0.159416407 0.735041440 -0.646877706 0.125895992
1782375482.030041933 1.458413124 -1.538630486 -0.065739393 -0.153664231 0.736351609 -0.647740901 0.120852508
1782375482.063416004 1.453885555 -1.545430183 -0.065382242 -0.147843271 0.737502158 -0.648735940 0.115649275
1782375482.096789837 1.449514985 -1.552343249 -0.064972162 -0.142160416 0.738663912 -0.649551749 0.110673793
1782375482.130163670 1.445408583 -1.559175968 -0.064809799 -0.136434481 0.739590704 -0.650586545 0.105491102
1782375482.163537502 1.439940453 -1.563639283 -0.063124657 -0.130907282 0.740795553 -0.651219010 0.099995822
1782375482.196911335 1.435252428 -1.570671201 -0.062896252 -0.125339776 0.741671503 -0.652034163 0.095209949
1782375482.230285168 1.430590153 -1.577649474 -0.062699556 -0.119770862 0.742582023 -0.652760267 0.090172306
1782375482.263659239 1.425837755 -1.584714770 -0.062574387 -0.113891348 0.743566692 -0.653325021 0.085462093
1782375482.297033072 1.421082497 -1.591520786 -0.062412024 -0.108726889 0.744294703 -0.654012322 0.080448084
1782375482.330406904 1.415745258 -1.598311901 -0.062258005 -0.102466643 0.745225430 -0.654568493 0.075364098
1782375482.363780737 1.411052585 -1.604778528 -0.062075377 -0.097023815 0.745818496 -0.655261815 0.070520468
1782375482.397155762 1.406145334 -1.611335993 -0.061812282 -0.091709986 0.746591270 -0.655656457 0.065615512
1782375482.430529833 1.401156664 -1.617636085 -0.061571956 -0.085859790 0.747123957 -0.656312108 0.060731445
1782375482.463903666 1.396370888 -1.623984933 -0.061459303 -0.080503337 0.747742653 -0.656711459 0.055948135
1782375482.497277498 1.391564369 -1.630397797 -0.061301827 -0.075011052 0.748352528 -0.657065272 0.051060665
1782375482.630775690 1.374045134 -1.654572964 -0.059537292 -0.054138098 0.750382721 -0.657967567 0.032766309
1782375482.697526455 1.363693237 -1.665370226 -0.059101462 -0.043654360 0.751139164 -0.658272266 0.023706887
1782375482.831028223 1.342798591 -1.684360504 -0.058074594 -0.024818253 0.752121568 -0.658520937 0.006886335
1782375482.897779226 1.332643032 -1.692747355 -0.057902694 -0.015819004 0.752405941 -0.658509254 -0.000762807
1782375482.931154728 1.328573227 -1.698132634 -0.058158636 -0.012092417 0.752380073 -0.658607543 -0.003769968
1782375482.964530230 1.324005008 -1.701864958 -0.057982206 -0.008011319 0.752510786 -0.658489883 -0.007376211
1782375482.997905970 1.319691896 -1.705407023 -0.057739735 -0.004189736 0.752460957 -0.658533931 -0.010869388
1782375483.031281471 1.315515637 -1.708943725 -0.057519317 -0.000255240 0.752625227 -0.658297479 -0.014131580
1782375483.064657211 1.311620235 -1.712329268 -0.057245374 0.003104539 0.752516568 -0.658339560 -0.017271237
1782375483.098033905 1.307591796 -1.715568781 -0.056959510 0.006764262 0.752514303 -0.658227623 -0.020322759
1782375483.164785147 1.299226999 -1.721739054 -0.056389689 0.014279339 0.752354324 -0.658060670 -0.026744030
1782375483.365039825 1.274849653 -1.738903284 -0.055071115 0.035706468 0.751676857 -0.657004833 -0.045294829
1782375483.398415565 1.270437598 -1.741307020 -0.055088520 0.039644144 0.751588881 -0.656665444 -0.048300881
1782375483.431791544 1.265935659 -1.743492603 -0.054869771 0.042966481 0.751424253 -0.656421542 -0.051247880
1782375483.465167284 1.265081167 -1.746681452 -0.055184960 0.046321370 0.751334906 -0.656041086 -0.054409280
1782375483.498543262 1.260651112 -1.748663783 -0.055075884 0.050216768 0.751074612 -0.655783534 -0.057560138
1782375483.531919003 1.256122947 -1.750500917 -0.054948807 0.053855002 0.750772297 -0.655547380 -0.060813420
1782375483.565294981 1.251324892 -1.752190948 -0.054835439 0.057771251 0.750613511 -0.655079484 -0.064131208
1782375483.598668098 1.246379375 -1.753519773 -0.054673195 0.061961263 0.750226378 -0.654793680 -0.067576036
1782375483.632041216 1.241337419 -1.754726768 -0.054547071 0.066075616 0.749946296 -0.654338479 -0.071103923
1782375483.665414572 1.236219168 -1.755484343 -0.054394364 0.070113346 0.749604881 -0.653925538 -0.074552752
1782375483.698787928 1.231048703 -1.755944014 -0.054211020 0.074414343 0.749165535 -0.653539896 -0.078097537
1782375483.899028063 1.202060819 -1.756978989 -0.053217888 0.099709101 0.746398687 -0.650405288 -0.099599399
1782375483.932401180 1.197547793 -1.757122040 -0.053125262 0.103152052 0.746078610 -0.649704456 -0.103007570
1782375483.965774298 1.192524910 -1.757269263 -0.053064942 0.107530355 0.745364487 -0.649261296 -0.106437057
1782375483.999147654 1.188600898 -1.760630846 -0.053134441 0.110790551 0.744877696 -0.648829460 -0.109101221
1782375484.032520771 1.184137583 -1.760492086 -0.052917719 0.114941202 0.744328320 -0.648145080 -0.112569474
1782375484.065894127 1.179844379 -1.760307789 -0.052716374 0.119026870 0.743687987 -0.647498786 -0.116216198
1782375484.099267244 1.175391674 -1.760027409 -0.052546501 0.123279370 0.743096590 -0.646722376 -0.119832672
1782375484.132640362 1.171029687 -1.759582996 -0.052385211 0.127388597 0.742470741 -0.645982385 -0.123353750
1782375484.166013718 1.166560888 -1.759069443 -0.052200317 0.131372541 0.741770208 -0.645317793 -0.126819611
1782375484.199387074 1.162062526 -1.758447766 -0.052222013 0.135480985 0.741185546 -0.644416630 -0.130445838
1782375484.232759953 1.157315493 -1.757685184 -0.052183390 0.140297279 0.740292728 -0.643602908 -0.134382874
1782375484.266133308 1.152527928 -1.756859541 -0.052110076 0.144623339 0.739606023 -0.642608881 -0.138278291
1782375484.299506664 1.147476435 -1.755716324 -0.052028418 0.149462298 0.738611996 -0.641765416 -0.142304316
1782375484.366252899 1.137854338 -1.752923727 -0.051768541 0.158653930 0.736849070 -0.639785647 -0.150189236
1782375484.399626255 1.132911205 -1.751103878 -0.051523805 0.163416281 0.735819638 -0.638817847 -0.154196203
1782375484.432999611 1.128157139 -1.749230385 -0.051513970 0.167996794 0.734891832 -0.637747943 -0.158078164
1782375484.466372490 1.123293638 -1.747135043 -0.051374674 0.172742188 0.733812928 -0.636700988 -0.162144020
1782375484.533120155 1.114059687 -1.739461541 -0.051600397 0.182364315 0.731375158 -0.634680510 -0.170335993
1782375484.566493511 1.109097958 -1.736904860 -0.051477373 0.187392399 0.730153263 -0.633445680 -0.174662367
1782375484.599901438 1.104021788 -1.734028578 -0.051315576 0.192659765 0.728811622 -0.632184684 -0.179048583
1782375484.633353710 1.099014759 -1.731057525 -0.051171690 0.197903901 0.727535069 -0.630683124 -0.183754250
1782375484.666806698 1.093580484 -1.727742195 -0.051046997 0.204102308 0.725811541 -0.629217029 -0.188747987
1782375484.700259924 1.088348389 -1.724343777 -0.050772935 0.209436938 0.724533856 -0.627450109 -0.193631902
1782375484.733713865 1.082753420 -1.720283508 -0.050444156 0.216032371 0.722486913 -0.625862658 -0.199094787
1782375484.767168522 1.077354431 -1.716423154 -0.050056040 0.221974477 0.720853984 -0.623989403 -0.204289526
1782375484.800623417 1.072200298 -1.712354541 -0.049765080 0.227675289 0.719042540 -0.622334719 -0.209383085
1782375484.834078789 1.066578627 -1.708212972 -0.049388766 0.233947903 0.717071474 -0.620558500 -0.214439183
1782375485.034822464 1.034114838 -1.683874726 -0.046355307 0.270236105 0.704573333 -0.608355880 -0.245869815
1782375485.101741314 1.024355888 -1.675639868 -0.045998693 0.282404542 0.699857473 -0.603867590 -0.256497711
1782375485.135201454 1.019385099 -1.671262741 -0.045766860 0.288216412 0.697536290 -0.601644278 -0.261531264
1782375485.168662071 1.014400482 -1.666568756 -0.045611501 0.294538766 0.695046544 -0.599129200 -0.266835928
1782375485.202124119 1.009288311 -1.661711216 -0.045265764 0.301256746 0.692037165 -0.596674681 -0.272595614
1782375485.235585690 1.005912304 -1.659396887 -0.046405703 0.307829469 0.689509988 -0.593442559 -0.278644979
1782375485.302510500 0.995904922 -1.649324656 -0.045887649 0.320695817 0.683540463 -0.588317931 -0.289497435
1782375485.335973978 0.991004586 -1.644320011 -0.045616627 0.326745063 0.681002378 -0.585617065 -0.294153124
1782375485.369437456 0.986307025 -1.639084101 -0.045147002 0.332797587 0.677824318 -0.583098590 -0.299659967
1782375485.402901649 0.981572390 -1.634062409 -0.044689119 0.338898450 0.675018847 -0.580213189 -0.304713070
1782375485.469831467 0.974732637 -1.625641584 -0.043604255 0.350001663 0.669270456 -0.574997783 -0.314568847
1782375485.503297329 0.971161127 -1.621048212 -0.043116927 0.355386764 0.666492701 -0.572445154 -0.319052249
1782375485.536763668 0.967885256 -1.616625428 -0.042887151 0.360518992 0.663679361 -0.569883764 -0.323710263
1782375485.570230484 0.964694262 -1.619656801 -0.042202234 0.366257906 0.661031187 -0.566674709 -0.328287512
1782375485.603646755 0.961364269 -1.615418673 -0.041710317 0.371168941 0.658358991 -0.564112484 -0.332527071
1782375485.637011290 0.958068490 -1.610865474 -0.041261256 0.376326829 0.655561626 -0.561487913 -0.336672574
1782375485.670376062 0.954967856 -1.606297970 -0.040848613 0.381073117 0.652868509 -0.558875382 -0.340887636
1782375485.703740120 0.952018261 -1.601685047 -0.040609181 0.386160165 0.649857879 -0.556336761 -0.345042855
1782375485.737104654 0.949364305 -1.596978188 -0.040288687 0.390473247 0.647559762 -0.553687215 -0.348751515
1782375485.770468950 0.950320244 -1.589563370 -0.039772391 0.394821018 0.644444406 -0.551884174 -0.352465093
1782375485.803833246 0.948189616 -1.584866166 -0.039384007 0.399353176 0.641756713 -0.549260795 -0.356339782
1782375485.837197304 0.946269631 -1.579736233 -0.038983464 0.403793901 0.639070213 -0.546570122 -0.360278934
1782375485.870561600 0.944537759 -1.574333787 -0.038602233 0.408684731 0.636007726 -0.544073999 -0.363942891
1782375485.903926611 0.948079348 -1.566924214 -0.038612604 0.412152112 0.633551180 -0.542016506 -0.367371440
1782375485.937290192 0.946928859 -1.561176777 -0.038247705 0.416546702 0.630678356 -0.539387703 -0.371207118
1782375485.970654249 0.945994973 -1.555275202 -0.037923217 0.421402544 0.627465606 -0.536619186 -0.375162363
1782375486.004018068 0.945206165 -1.549332857 -0.037486553 0.425559878 0.624628603 -0.533970118 -0.378964275
1782375486.037381649 0.944292903 -1.542996407 -0.037009597 0.429905862 0.621713936 -0.531325877 -0.382551521
1782375486.070745468 0.945903420 -1.534596562 -0.036787152 0.433265001 0.619171977 -0.529417634 -0.385518610
1782375486.104108810 0.945256472 -1.528182983 -0.036254168 0.437321961 0.616386175 -0.526699066 -0.389108807
1782375486.137472153 0.944758177 -1.521733165 -0.035710573 0.441490501 0.613290191 -0.524056673 -0.392843425
1782375486.170835733 0.944227576 -1.515364408 -0.035169840 0.445619285 0.610508204 -0.521277189 -0.396198660
1782375486.204199076 0.943713784 -1.509096861 -0.034622908 0.449353695 0.607715845 -0.518709958 -0.399628371
1782375486.237562180 0.944940090 -1.503368139 -0.034154773 0.452705145 0.605058312 -0.516880155 -0.402240455
1782375486.270925283 0.944779992 -1.497186899 -0.033718467 0.456124365 0.602444351 -0.514347732 -0.405534059
1782375486.304288387 0.944429636 -1.490582705 -0.033285260 0.460263342 0.599300504 -0.511809409 -0.408714831
1782375486.337651253 0.944167852 -1.484173775 -0.032786608 0.463547617 0.596955657 -0.509189963 -0.411695540
1782375486.371014357 0.943966627 -1.477504015 -0.032274246 0.467216164 0.593791485 -0.506886184 -0.414954543
1782375486.404377222 0.943756104 -1.471411228 -0.032005548 0.470609039 0.591163993 -0.504476964 -0.417798191
1782375486.437740088 0.936407089 -1.464266419 -0.033479214 0.473882824 0.588571012 -0.502308846 -0.420363069
1782375486.471102476 0.936280966 -1.457687616 -0.033084512 0.477635980 0.585497975 -0.499743283 -0.423453331
1782375486.504465103 0.936127424 -1.451298475 -0.032787561 0.480982780 0.582834184 -0.497228950 -0.426290154
1782375486.537827730 0.935978293 -1.444861889 -0.032529354 0.484411210 0.579944074 -0.494714677 -0.429264605
1782375486.571190119 0.935896397 -1.438541651 -0.032382727 0.487998694 0.577083647 -0.492053509 -0.432105511
1782375486.604556084 0.935971975 -1.432152033 -0.032251358 0.491304874 0.574210405 -0.489506572 -0.435069352
1782375486.637921095 0.936131239 -1.426008105 -0.032077670 0.494836181 0.571197629 -0.486913621 -0.437933356
1782375486.671286106 0.936329007 -1.420075417 -0.031895041 0.497903109 0.568489790 -0.484539211 -0.440606028
1782375486.704651117 0.937570572 -1.417515516 -0.031077385 0.500375092 0.565997839 -0.482566535 -0.443171352
1782375486.738015890 0.937775016 -1.412754893 -0.030781865 0.503065467 0.563701868 -0.480263084 -0.445547700
1782375486.771380663 0.938002110 -1.407914400 -0.030513883 0.505594909 0.561431348 -0.478154421 -0.447813720
1782375486.804745197 0.938293457 -1.402970791 -0.030392647 0.508320510 0.558972716 -0.476075679 -0.450013131
1782375486.838109732 0.938889503 -1.398928165 -0.030200243 0.510517180 0.556939840 -0.474120736 -0.452105939
1782375486.871474028 0.939451694 -1.394601822 -0.030122399 0.512683749 0.554937124 -0.472131431 -0.454193920
1782375487.004931450 0.941854000 -1.377450585 -0.029778957 0.521368086 0.546702504 -0.464771569 -0.461821586
1782375487.038295746 0.942729592 -1.372399926 -0.029585123 0.523426175 0.544799328 -0.462837696 -0.463681042
1782375487.071659565 0.943739772 -1.367182255 -0.029682636 0.525789022 0.542388797 -0.460930347 -0.465729177
1782375487.105023623 0.944688201 -1.361419678 -0.029590964 0.528149962 0.540176690 -0.458894521 -0.467635185
1782375487.138387680 0.945170641 -1.355209112 -0.031017065 0.530243456 0.537608862 -0.456816941 -0.470251858
1782375487.171751499 0.946431756 -1.348972201 -0.031003594 0.532806516 0.535182774 -0.454618484 -0.472248584
1782375487.205115318 0.947825074 -1.342517734 -0.030903459 0.535006821 0.532824516 -0.452675402 -0.474289864
1782375487.238478899 0.949193060 -1.335612178 -0.030763626 0.537100554 0.530679584 -0.450725198 -0.476181656
1782375487.271842480 0.950668573 -1.328659534 -0.030578852 0.538994133 0.528452694 -0.448992163 -0.478151828
1782375487.305207253 0.951847434 -1.321580052 -0.030583382 0.540916443 0.526735365 -0.447173387 -0.479578286
1782375487.338570833 0.953194022 -1.314295173 -0.030249715 0.542626500 0.524975240 -0.445580244 -0.481056958
1782375487.371934175 0.954011261 -1.307106018 -0.030259490 0.544026434 0.523166001 -0.444322795 -0.482607424
1782375487.405297279 0.953714132 -1.302125454 -0.030547619 0.544901669 0.522287309 -0.443619102 -0.483218640
1782375487.438660622 0.954137146 -1.295562863 -0.030509353 0.545863509 0.521061897 -0.442662328 -0.484332085
1782375487.472023964 0.954350591 -1.289009809 -0.030500174 0.546851099 0.520235062 -0.441695541 -0.484989136
1782375487.505387306 0.954594254 -1.282734156 -0.030432224 0.547327816 0.519505203 -0.441088110 -0.485785991
1782375487.538750172 0.954671621 -1.276412487 -0.030431032 0.548005283 0.518985212 -0.440339386 -0.486257046
1782375487.572113752 0.955126345 -1.270109057 -0.030453920 0.548826396 0.517904937 -0.439612955 -0.487139165
1782375487.605479956 0.955377579 -1.263845205 -0.030551791 0.549664676 0.517078936 -0.438647509 -0.487941146
1782375487.638845921 0.956166923 -1.257557631 -0.030446291 0.550756335 0.516041756 -0.437617034 -0.488732725
1782375487.672211885 0.957058430 -1.250939965 -0.030282259 0.551866055 0.514845371 -0.436592013 -0.489658594
1782375487.705577850 0.957893014 -1.244443417 -0.030105829 0.552711427 0.513812661 -0.435461193 -0.490795463
1782375487.738943815 0.958337069 -1.237644196 -0.030330539 0.554105818 0.512127161 -0.434338361 -0.491978347
1782375487.772309542 0.959129810 -1.231617093 -0.028155208 0.554210424 0.512035787 -0.434074104 -0.492188901
1782375487.805675268 0.959620655 -1.223955154 -0.028135419 0.555439413 0.510574341 -0.433194816 -0.493095636
1782375487.839040995 0.959915996 -1.216685534 -0.028233647 0.556236684 0.510012984 -0.432388902 -0.493484944
1782375487.939137697 0.960314989 -1.194908023 -0.028416872 0.556324124 0.509618223 -0.432084113 -0.494060904
1782375487.972503185 0.960230291 -1.188158512 -0.028656125 0.555948973 0.510149777 -0.432488620 -0.493580431
1782375488.005869627 0.960204005 -1.181836843 -0.028804779 0.555085421 0.510836959 -0.433312893 -0.493118316
1782375488.039234877 0.959697306 -1.175546646 -0.029094696 0.553919673 0.512273073 -0.434290588 -0.492078245
1782375488.072600126 0.959221125 -1.169401407 -0.029196024 0.552725434 0.513557911 -0.435381472 -0.491117030
1782375488.105965376 0.958811522 -1.163408518 -0.029331684 0.551146626 0.515058219 -0.436880648 -0.489987552
1782375488.139330626 0.958132803 -1.157190681 -0.029468775 0.549385607 0.516947508 -0.438373655 -0.488640338
1782375488.172695637 0.957714021 -1.151048899 -0.029461145 0.548054457 0.518528998 -0.439694762 -0.487270653
1782375488.206060648 0.957092762 -1.145033479 -0.029530883 0.546193600 0.520262539 -0.441314310 -0.486046612
1782375488.239425421 0.957435012 -1.138990402 -0.029932618 0.544017732 0.522637188 -0.442962229 -0.484437406
1782375488.272790432 0.956708431 -1.132745266 -0.030262113 0.542311788 0.524691224 -0.444524407 -0.482695609
1782375488.306155205 0.956218719 -1.126703501 -0.030554652 0.540552020 0.526490986 -0.446185976 -0.481174558
1782375488.339519978 0.955705822 -1.120853066 -0.030840635 0.538816512 0.528251112 -0.447745621 -0.479741096
1782375488.372884750 0.955336511 -1.115267396 -0.031021833 0.536962867 0.529924810 -0.449351579 -0.478470325
1782375488.406249523 0.954823256 -1.109835863 -0.031117916 0.535604715 0.531491280 -0.450688124 -0.476995736
1782375488.439614058 0.954357922 -1.104711533 -0.031140327 0.533498764 0.533304453 -0.452289581 -0.475814641
1782375488.472978592 0.953875899 -1.099472523 -0.031002641 0.531996489 0.535066962 -0.453599066 -0.474269003
1782375488.506343126 0.953468204 -1.094244719 -0.031001210 0.530259788 0.536602497 -0.455234677 -0.472909838
1782375488.539707184 0.954672575 -1.090403318 -0.029035211 0.528292000 0.538850725 -0.456665933 -0.471172810
1782375488.573072195 0.954157710 -1.084944963 -0.029134512 0.526728988 0.540465355 -0.457965583 -0.469809949
1782375488.606442928 0.953530312 -1.079277039 -0.029193163 0.525442779 0.541699231 -0.459233642 -0.468589813
1782375488.639807463 0.952909052 -1.073823214 -0.029083610 0.523847044 0.543392241 -0.460454881 -0.467215747
1782375488.673171759 0.952210307 -1.068179965 -0.028906345 0.522304595 0.544816554 -0.461874127 -0.465881079
1782375488.706537247 0.951395988 -1.062590122 -0.028702617 0.520787776 0.546387076 -0.463300586 -0.464320987
1782375488.739901781 0.950598001 -1.057060122 -0.028480172 0.518948495 0.548057675 -0.464791775 -0.462918997
1782375488.773266077 0.950024009 -1.051510692 -0.028213978 0.517708600 0.549221933 -0.465944737 -0.461766958
1782375488.806630373 0.949360549 -1.046401739 -0.027975082 0.516026497 0.550929308 -0.467146844 -0.460399300
1782375488.839994669 0.948362827 -1.040744066 -0.028000712 0.514342010 0.552581668 -0.468382597 -0.459046394
1782375488.873358727 0.947132468 -1.035697222 -0.028088212 0.512656689 0.554131627 -0.470152795 -0.457250148
1782375488.906722546 0.946139634 -1.029708385 -0.028024673 0.510509372 0.556350470 -0.471629739 -0.455433547
1782375488.940086365 0.945451379 -1.023088932 -0.027812362 0.508778155 0.557777047 -0.473235667 -0.453957736
1782375488.973450422 0.944387734 -1.016747117 -0.027747512 0.507138073 0.559389591 -0.474720061 -0.452255577
1782375489.006814241 0.943336785 -1.010836363 -0.027653694 0.504655421 0.561628461 -0.476385504 -0.450503349
1782375489.040177822 0.942173362 -1.004919529 -0.027496934 0.502944469 0.563356698 -0.477913618 -0.448636591
1782375489.073541403 0.941199541 -0.999332547 -0.027431250 0.500554681 0.565242767 -0.479780436 -0.446941137
1782375489.106904984 0.939222217 -0.998474658 -0.026787639 0.497360885 0.568351448 -0.481781214 -0.444404960
1782375489.140268564 0.938097775 -0.992819071 -0.026696801 0.495185167 0.570055604 -0.483587623 -0.442686528
1782375489.173631907 0.936674654 -0.987421989 -0.026778579 0.492853224 0.572185278 -0.485279918 -0.440684974
1782375489.206995010 0.935192585 -0.981936753 -0.026781917 0.490129828 0.574527383 -0.487188756 -0.438563883
1782375489.240358353 0.933522642 -0.976251245 -0.026861310 0.487977892 0.576381087 -0.489032030 -0.436474621
1782375489.273721457 0.931811512 -0.970744848 -0.027016163 0.485410839 0.578562856 -0.490859658 -0.434394091
1782375489.307084560 0.930247307 -0.965255260 -0.027073622 0.482434779 0.581016362 -0.492863119 -0.432160407
1782375489.340447426 0.928211212 -0.959713519 -0.027220845 0.479948997 0.583309293 -0.494872600 -0.429535180
1782375489.373810530 0.926600575 -0.954585850 -0.027104616 0.476372808 0.585800290 -0.497440279 -0.427153707
1782375489.407174349 0.924203277 -0.949432135 -0.027356386 0.473332763 0.588566184 -0.499587446 -0.424215078
1782375489.440537214 0.918936491 -0.949920058 -0.028807759 0.468898177 0.591839194 -0.502934098 -0.420616537
1782375489.473899841 0.916347980 -0.945108235 -0.029016614 0.465396225 0.594791651 -0.505198300 -0.417616963
1782375489.507262468 0.914117694 -0.940346837 -0.029093266 0.461954504 0.597366273 -0.507755101 -0.414652199
1782375489.540625095 0.911681533 -0.935953319 -0.029249430 0.458193690 0.600347996 -0.510307610 -0.411372066
1782375489.573987246 0.909616113 -0.931670845 -0.029257655 0.454259157 0.603238940 -0.513021767 -0.408117741
1782375489.607352495 0.907374442 -0.927580416 -0.029344797 0.450286120 0.606110990 -0.515802622 -0.404746413
1782375489.640718460 0.905233443 -0.923602223 -0.029253602 0.445719570 0.609430015 -0.518836439 -0.400921494
1782375489.674084425 0.902605057 -0.919681907 -0.029403925 0.440997988 0.612910986 -0.521715581 -0.397081494
1782375489.707450390 0.900043368 -0.915531278 -0.029381871 0.436873138 0.615880251 -0.524588704 -0.393243045
1782375489.740816355 0.895656288 -0.913547277 -0.029869437 0.431064516 0.619783700 -0.527926922 -0.389030576
1782375489.774182081 0.892945230 -0.909125924 -0.029944777 0.426412404 0.623091817 -0.530862153 -0.384856284
1782375489.807547808 0.890197277 -0.904990375 -0.030036092 0.421638250 0.626177251 -0.533940136 -0.380829662
1782375489.941009998 0.879100800 -0.890188694 -0.030338764 0.402563304 0.638240576 -0.545271337 -0.365062952
1782375489.974375486 0.876090527 -0.887040973 -0.030338585 0.398726076 0.641088009 -0.547351360 -0.361151308
1782375490.007740736 0.868691802 -0.889016747 -0.033211052 0.393682837 0.643887639 -0.550163269 -0.357411414
1782375490.041105986 0.865777373 -0.885590672 -0.033288479 0.389546216 0.646516979 -0.552394509 -0.353736997
1782375490.074471235 0.862912178 -0.882020652 -0.033293009 0.385545880 0.648759723 -0.554809034 -0.350217283
1782375490.107837439 0.859914541 -0.878724933 -0.033332407 0.381163746 0.651414096 -0.557052672 -0.346505851
1782375490.141202450 0.857082486 -0.875185788 -0.033285618 0.376881570 0.653713942 -0.559539318 -0.342832476
1782375490.241297007 0.847771287 -0.864228904 -0.033365190 0.364368707 0.660774469 -0.566145897 -0.331800193
1782375490.274662018 0.844671249 -0.860714078 -0.033409894 0.360004276 0.663181722 -0.568290532 -0.328074545
1782375490.308026791 0.841453314 -0.856708169 -0.033469439 0.355985373 0.665443182 -0.570330203 -0.324319810
1782375490.341391325 0.831734061 -0.857408524 -0.032325745 0.350164443 0.668324172 -0.573231518 -0.319583237
1782375490.374756098 0.828732252 -0.853158116 -0.032464325 0.346077770 0.670538008 -0.575128436 -0.315968871
1782375490.408120632 0.825860620 -0.848911762 -0.032561362 0.342247605 0.672294557 -0.577159643 -0.312687337
1782375490.474849463 0.820063591 -0.840825200 -0.032880902 0.334761322 0.676048815 -0.580669463 -0.306130379
1782375490.508213758 0.817106485 -0.836930156 -0.032906830 0.331637263 0.677797556 -0.582061648 -0.303004295
1782375490.541578054 0.814609408 -0.833332181 -0.032802701 0.328235686 0.679424345 -0.583588302 -0.300114393
1782375490.574942112 0.808377028 -0.832151651 -0.033064246 0.324385285 0.681101859 -0.585293651 -0.297162920
1782375490.608304977 0.805718422 -0.828294873 -0.033185959 0.321323127 0.682543039 -0.586678863 -0.294439107
1782375490.641667366 0.803197503 -0.824879289 -0.033285618 0.318199337 0.684165120 -0.587886989 -0.291644126
1782375490.675029993 0.800889134 -0.821668267 -0.033319175 0.315357178 0.685385644 -0.589190722 -0.289224416
1782375490.708392620 0.798612237 -0.818220854 -0.033279061 0.312615752 0.686727524 -0.590315402 -0.286713123
1782375490.741754770 0.796266079 -0.814688325 -0.033136547 0.309912235 0.688039899 -0.591385186 -0.284286946
1782375490.775116920 0.793812037 -0.811072171 -0.033089042 0.307243198 0.689208150 -0.592521966 -0.281977862
1782375490.808480263 0.784777522 -0.809483171 -0.034616858 0.303967774 0.690659821 -0.593753278 -0.279373735
1782375490.841842175 0.782255054 -0.805381358 -0.034731925 0.301112205 0.691982448 -0.594831944 -0.276887715
1782375490.875204086 0.779578567 -0.800794959 -0.034806699 0.298296243 0.693140924 -0.596012175 -0.274489731
1782375490.908565998 0.776816249 -0.796112299 -0.034934372 0.295432806 0.694478393 -0.597124934 -0.271773994
1782375490.941927671 0.774134874 -0.791232705 -0.034989059 0.292565674 0.695660233 -0.598341286 -0.269165277
1782375490.975289583 0.771394253 -0.786693394 -0.034969807 0.289249420 0.697221518 -0.599353611 -0.266443849
1782375491.008651018 0.768599153 -0.781882763 -0.035084903 0.286229998 0.698243678 -0.600758791 -0.263850451
1782375491.042012453 0.763567686 -0.777032018 -0.036545187 0.283057183 0.699841797 -0.601688921 -0.260903329
1782375491.075374126 0.760450244 -0.772307754 -0.036625177 0.279558718 0.701018035 -0.603145659 -0.258139491
1782375491.108735085 0.757151246 -0.767656744 -0.036721796 0.276745260 0.702325165 -0.604151607 -0.255249441
1782375491.142096519 0.753983855 -0.763265014 -0.036876947 0.273252159 0.703554153 -0.605469346 -0.252491266
1782375491.175457478 0.750775576 -0.758773565 -0.036996275 0.270178437 0.704840660 -0.606506765 -0.249705628
1782375491.208818674 0.747521043 -0.754168749 -0.037104726 0.267277569 0.705896139 -0.607652187 -0.247046888
1782375491.242179394 0.744313240 -0.749615312 -0.037192374 0.264149249 0.707064629 -0.608792305 -0.244247556
1782375491.275540352 0.741107464 -0.745130062 -0.037307292 0.260642022 0.708393395 -0.609961152 -0.241230160
1782375491.308901072 0.737917066 -0.740574837 -0.037328333 0.257048428 0.709636927 -0.611202180 -0.238272041
1782375491.342261791 0.729382396 -0.736236930 -0.037288696 0.253333479 0.710934341 -0.612564147 -0.234861076
1782375491.375622272 0.725680709 -0.731751680 -0.037513807 0.249960274 0.712263823 -0.613591969 -0.231743678
1782375491.408982754 0.721986532 -0.727332056 -0.037686080 0.246366665 0.713382721 -0.614864051 -0.228759199
1782375491.442342997 0.718296528 -0.722923756 -0.037848577 0.242867813 0.714600861 -0.615980566 -0.225674197
1782375491.475703478 0.714361310 -0.718560815 -0.038113803 0.239463523 0.715713143 -0.617123246 -0.222645044
1782375491.509064674 0.710482717 -0.714290738 -0.038377687 0.236023739 0.716852486 -0.618233085 -0.219552159
1782375491.542424679 0.706660628 -0.710325956 -0.038537130 0.232728183 0.717971504 -0.619213283 -0.216632128
1782375491.575789213 0.701021552 -0.705609441 -0.039147243 0.229069248 0.718927085 -0.620489359 -0.213691816
1782375491.609153032 0.696974993 -0.702105284 -0.039275020 0.225483462 0.720172286 -0.621440232 -0.210525781
1782375491.642517090 0.692994952 -0.698570073 -0.039310440 0.221992239 0.721089780 -0.622612178 -0.207612991
1782375491.675880909 0.688857436 -0.695246696 -0.039452180 0.218523458 0.722301126 -0.623446167 -0.204557061
1782375491.709244490 0.684653759 -0.691690087 -0.039423451 0.214988232 0.723413587 -0.624401271 -0.201434806
1782375491.742608070 0.664275587 -0.692898870 -0.038392484 0.209580556 0.725057721 -0.625705361 -0.197129741
1782375491.775971651 0.659731925 -0.689154685 -0.038507789 0.206013873 0.726087034 -0.626684129 -0.193966538
1782375491.809335232 0.655108213 -0.685391605 -0.038614035 0.202078938 0.727223158 -0.627647460 -0.190707326
1782375491.842698574 0.653731406 -0.679164052 -0.036654159 0.198265702 0.727956295 -0.628854930 -0.187914357
1782375491.876061678 0.648958862 -0.675355077 -0.036742017 0.194331571 0.728963912 -0.629920661 -0.184518233
1782375491.909425020 0.643979847 -0.671596169 -0.036820158 0.190381363 0.730032563 -0.630825818 -0.181290239
1782375491.942788363 0.638809860 -0.667897701 -0.037008271 0.186645627 0.731056750 -0.631769240 -0.177727535
1782375491.976151466 0.633642733 -0.664306045 -0.037098601 0.181951821 0.732272446 -0.632785618 -0.173933789
1782375492.009514332 0.628138781 -0.660975099 -0.037196457 0.177815571 0.733194113 -0.633890629 -0.170266792
1782375492.042877197 0.614123344 -0.658886135 -0.038226321 0.172700331 0.734322131 -0.635152936 -0.165910825
1782375492.076240301 0.608656704 -0.655779004 -0.038434267 0.167974412 0.735425949 -0.636127234 -0.162097156
1782375492.109602928 0.602914214 -0.652658463 -0.038669288 0.164048418 0.736403942 -0.636951447 -0.158399299
1782375492.142965555 0.597383499 -0.649588346 -0.038853407 0.159904972 0.737135351 -0.638004184 -0.154960096
1782375492.176328421 0.601515770 -0.648677826 -0.039189830 0.156884566 0.738148630 -0.638277352 -0.152071759
1782375492.209692001 0.595796049 -0.645128846 -0.039336324 0.152894080 0.738728762 -0.639382899 -0.148636281
1782375492.243054390 0.589893878 -0.641788483 -0.039560482 0.149220347 0.739705622 -0.639895976 -0.145265311
1782375492.276416779 0.577018440 -0.637436211 -0.039819524 0.144656852 0.740252614 -0.641176522 -0.141397223
1782375492.309779406 0.570901036 -0.633992612 -0.040065423 0.141097605 0.741129875 -0.641642511 -0.138249770
1782375492.343141317 0.564898610 -0.630101144 -0.040175706 0.137830332 0.741496265 -0.642524958 -0.135454014
1782375492.376503706 0.558699787 -0.626448393 -0.040372565 0.134849340 0.742057920 -0.643060982 -0.132809535
1782375492.409865618 0.552454829 -0.622780621 -0.040475309 0.132101044 0.742544770 -0.643566072 -0.130381629
1782375492.443227768 0.547875226 -0.620133996 -0.041884571 0.129702553 0.742717206 -0.644196510 -0.128683001
1782375492.476589918 0.541238427 -0.616365552 -0.042074367 0.127858073 0.743168354 -0.644376695 -0.127010882
1782375492.509951591 0.534585655 -0.612665296 -0.042182505 0.126340374 0.743222892 -0.644867599 -0.125712618
1782375492.543313503 0.528142810 -0.609052658 -0.042337000 0.125024885 0.743417621 -0.645093977 -0.124711260
1782375492.576673985 0.521675706 -0.605468571 -0.042485982 0.124338455 0.743552446 -0.645159602 -0.124253392
1782375492.610039473 0.513640046 -0.602632165 -0.041569710 0.124736331 0.743570685 -0.645088911 -0.124112405
1782375492.643404961 0.507382393 -0.599049628 -0.041755050 0.125118271 0.743485510 -0.645046115 -0.124459907
1782375492.676770210 0.501400054 -0.595340788 -0.041903257 0.126174301 0.743322492 -0.644828975 -0.125488669
1782375492.710135698 0.495414674 -0.591717482 -0.042083025 0.128259584 0.742801428 -0.644744098 -0.126888096
1782375492.743500948 0.489850223 -0.588319659 -0.042325437 0.130045280 0.742730379 -0.644107282 -0.128707454
1782375492.776865959 0.483786702 -0.584438801 -0.042471394 0.133873463 0.742003322 -0.643632054 -0.131327361
1782375492.810231209 0.473797143 -0.579820871 -0.044103697 0.136477545 0.741585910 -0.643059552 -0.133785844
1782375492.843596220 0.468019664 -0.575489759 -0.044207498 0.140721813 0.740591228 -0.642506182 -0.137505561
1782375492.876961231 0.462382495 -0.571264446 -0.044329062 0.145880580 0.739824235 -0.641398489 -0.141375303
1782375492.910326958 0.456895888 -0.566995502 -0.044304311 0.150210708 0.738619626 -0.640803277 -0.145770729
1782375492.943691969 0.450960040 -0.562811732 -0.044407412 0.156560615 0.737622023 -0.639356077 -0.150420889
1782375492.977056742 0.445600212 -0.556753457 -0.043458164 0.161341414 0.736449122 -0.638382077 -0.155177563
1782375493.010421038 0.439763844 -0.552892208 -0.043595731 0.167039588 0.735322475 -0.637053967 -0.159877956
1782375493.043785810 0.434464872 -0.548947752 -0.043545246 0.172807783 0.734003186 -0.635802686 -0.164717078
1782375493.077150345 0.428964555 -0.545303166 -0.043488368 0.178067312 0.732588410 -0.634677410 -0.169678897
1782375493.110514879 0.423528850 -0.541699052 -0.043396369 0.184174195 0.731255412 -0.633094907 -0.174746558
1782375493.143879414 0.410227776 -0.535449982 -0.042464092 0.188776657 0.729878128 -0.632036984 -0.179361865
1782375493.177243710 0.404847026 -0.532144964 -0.042324409 0.194711462 0.728522539 -0.630300820 -0.184562609
1782375493.210608006 0.399428487 -0.528626800 -0.042135730 0.200907469 0.726777732 -0.628791213 -0.189873636
1782375493.243972063 0.391749918 -0.525225282 -0.042668447 0.206564486 0.725113988 -0.627219796 -0.195284888
1782375493.277336359 0.386116564 -0.521591365 -0.042500630 0.213134632 0.723329663 -0.625353396 -0.200750902
1782375493.310700417 0.380677164 -0.517816365 -0.042229950 0.219283834 0.721364856 -0.623753667 -0.206103966
1782375493.344064474 0.376665056 -0.513355553 -0.041167229 0.225465104 0.720078647 -0.621300936 -0.211275816
1782375493.377428532 0.370761991 -0.509215057 -0.040914506 0.232297510 0.717792034 -0.619495928 -0.216880813
1782375493.410792589 0.365225971 -0.505655527 -0.040701479 0.237959981 0.716157377 -0.617466569 -0.221875474
1782375493.444156170 0.359171510 -0.501887918 -0.040502474 0.243806139 0.714297414 -0.615449309 -0.227068290
1782375493.477519989 0.353222489 -0.497225612 -0.040360197 0.250538111 0.712026238 -0.613332093 -0.232536405
1782375493.510883808 0.347057283 -0.493801236 -0.040131375 0.256301790 0.710227132 -0.611148059 -0.237454906
1782375493.544247389 0.340694964 -0.490555286 -0.039860457 0.262112945 0.708051264 -0.609183431 -0.242602214
1782375493.577610493 0.334354579 -0.487844855 -0.039609060 0.267760009 0.706168413 -0.606979072 -0.247400865
1782375493.610976696 0.326574624 -0.484419882 -0.039978325 0.272825003 0.704077184 -0.605178654 -0.252191722
1782375493.644341707 0.320236504 -0.482587755 -0.039596453 0.277687490 0.702238977 -0.603334486 -0.256393611
1782375493.677706718 0.313953876 -0.481124222 -0.039198667 0.282497644 0.700510561 -0.601327837 -0.260547251
1782375493.711071491 0.307559252 -0.479866982 -0.038844690 0.287271768 0.698674381 -0.599391401 -0.264686853
1782375493.744436502 0.307032764 -0.480106652 -0.036685184 0.292622030 0.696559072 -0.597080529 -0.269578636
1782375493.777801275 0.300623178 -0.479131877 -0.036275506 0.297328889 0.694607496 -0.595077932 -0.273858160
1782375493.811165810 0.294131994 -0.478107184 -0.035915747 0.302089214 0.692597687 -0.593161225 -0.277867615
1782375493.844530582 0.287674010 -0.477230906 -0.035589822 0.306113720 0.690951049 -0.591062307 -0.282004386
1782375493.877895117 0.280541420 -0.475384682 -0.035271920 0.311711192 0.688473701 -0.588835537 -0.286553442
1782375493.911259413 0.273831606 -0.473864496 -0.034934692 0.316768944 0.686281741 -0.586597145 -0.290824175
1782375493.944623709 0.265735805 -0.470166266 -0.035710737 0.321116626 0.683948576 -0.584816098 -0.295107841
1782375493.977988005 0.259286046 -0.468038797 -0.035289936 0.326690763 0.681400836 -0.582535505 -0.299363583
1782375494.011352301 0.253217518 -0.466027558 -0.034898683 0.331204921 0.679036379 -0.580440283 -0.303812385
1782375494.044716597 0.246742785 -0.463676870 -0.034652025 0.336341798 0.676809013 -0.577932537 -0.307892621
1782375494.078080893 0.242492378 -0.460229158 -0.034533396 0.341399908 0.673961043 -0.575918019 -0.312315762
1782375494.111444712 0.236438751 -0.458060980 -0.034238897 0.345622122 0.671835065 -0.573820472 -0.316090405
1782375494.144808769 0.230334699 -0.455591649 -0.033877984 0.350078702 0.669524252 -0.571760118 -0.319800854
1782375494.178172588 0.224310696 -0.453314900 -0.033574969 0.354227453 0.667214811 -0.569781184 -0.323568672
1782375494.211536407 0.213441014 -0.449902296 -0.035951681 0.358411402 0.664925039 -0.568091333 -0.326631695
1782375494.244900227 0.207551062 -0.447622776 -0.035602599 0.362482131 0.662495255 -0.566207051 -0.330327809
1782375494.278263807 0.201327443 -0.444072515 -0.036886513 0.366545558 0.660292745 -0.564268410 -0.333555341
1782375494.311628580 0.195545912 -0.441779912 -0.036546126 0.370518178 0.657884657 -0.562416852 -0.337033302
1782375494.344992161 0.189748943 -0.439893991 -0.036376134 0.373993456 0.656023800 -0.560450375 -0.340083957
1782375494.378355742 0.183788419 -0.437511951 -0.036103651 0.377358168 0.654157937 -0.558482468 -0.343184620
1782375494.411719084 0.177813143 -0.434893310 -0.035858959 0.381654620 0.651635349 -0.556609273 -0.346261859
1782375494.445082426 0.168532282 -0.433133304 -0.037200727 0.384436399 0.649908900 -0.555135667 -0.348785698
1782375494.478445768 0.162997127 -0.430829525 -0.036935776 0.387597471 0.648037255 -0.553202093 -0.351828486
1782375494.511809111 0.157511324 -0.428388178 -0.036725253 0.391521931 0.645660400 -0.551359296 -0.354734033
1782375494.545172215 0.152377218 -0.426425844 -0.036497504 0.394031495 0.644103229 -0.549795985 -0.357203871
1782375494.578534842 0.146963030 -0.423068762 -0.036098853 0.396843553 0.642300010 -0.548307896 -0.359616935
1782375494.611900330 0.142290771 -0.421124995 -0.035881013 0.399798751 0.640375733 -0.546841085 -0.362001002
1782375494.645265818 0.137835950 -0.419563204 -0.035677925 0.401973099 0.639032662 -0.545394182 -0.364142865
1782375494.678631067 0.133815914 -0.418047547 -0.035503045 0.404460192 0.637554526 -0.543970823 -0.366103798
1782375494.711996555 0.130342007 -0.416654408 -0.035361260 0.406469136 0.636232197 -0.542860508 -0.367823333
1782375494.745361567 0.128070235 -0.416441232 -0.034725636 0.408232063 0.635083377 -0.541780412 -0.369445026
1782375494.778726816 0.125050306 -0.415025711 -0.034545518 0.409960836 0.633984685 -0.540856123 -0.370769799
1782375494.812091827 0.122290909 -0.413927197 -0.034403630 0.411364645 0.633051813 -0.539974570 -0.372091472
1782375494.845456839 0.119512260 -0.412816584 -0.034282058 0.412833601 0.632130027 -0.539020061 -0.373413235
1782375494.878821850 0.116871059 -0.411501169 -0.034260705 0.414482147 0.630962431 -0.538135350 -0.374835134
1782375494.912186861 0.114148647 -0.410218358 -0.034314647 0.416038036 0.630015790 -0.537163258 -0.376095802
1782375494.945551395 0.111514807 -0.409061015 -0.034329906 0.417546242 0.628987014 -0.536259651 -0.377433479
1782375494.978916168 0.108572572 -0.406898439 -0.035142437 0.419125289 0.627870381 -0.535419881 -0.378732681
1782375495.012281895 0.106043577 -0.405761838 -0.035061575 0.420489162 0.626960397 -0.534538269 -0.379971713
1782375495.045646429 0.103619069 -0.404571801 -0.035007879 0.421733916 0.626066864 -0.533786178 -0.381120920
1782375495.079010963 0.101337045 -0.403400719 -0.034968257 0.423071682 0.625265956 -0.532965004 -0.382101119
1782375495.112375498 0.099447906 -0.402181476 -0.034960955 0.424102098 0.624448001 -0.532389045 -0.383098066
1782375495.145740032 0.097635806 -0.400843710 -0.034969755 0.425142169 0.623785198 -0.531856358 -0.383764356
1782375495.179104328 0.096101671 -0.399889857 -0.034936473 0.425621420 0.623281002 -0.531557143 -0.384466261
1782375495.212468624 0.094455212 -0.399366379 -0.035028048 0.426343590 0.622821271 -0.531045377 -0.385117680
1782375495.245832682 0.092864066 -0.398834199 -0.035156488 0.427147925 0.622223198 -0.530549884 -0.385875314
1782375495.279196739 0.091036320 -0.398414493 -0.035200313 0.427885771 0.621669590 -0.530055881 -0.386628330
1782375495.312560797 0.089195043 -0.398004919 -0.035298124 0.428719968 0.621096671 -0.529546082 -0.387323081
1782375495.345924854 0.087231278 -0.397821933 -0.035500184 0.429411680 0.620575011 -0.529073954 -0.388037443
1782375495.379288912 0.085351825 -0.397350013 -0.035614260 0.430160761 0.620094359 -0.528606474 -0.388612866
1782375495.412652493 0.083416313 -0.397037804 -0.035692438 0.430664629 0.619628727 -0.528279066 -0.389242142
1782375495.446016550 0.081279308 -0.396719933 -0.035761848 0.431208432 0.619294822 -0.527932644 -0.389641434
1782375495.479380131 0.079019666 -0.396389306 -0.035871983 0.431474626 0.619019151 -0.527750731 -0.390031129
1782375495.512743950 0.075658411 -0.395798922 -0.036932319 0.431628913 0.618769526 -0.527604282 -0.390454203
1782375495.546107531 0.073272794 -0.395625502 -0.036977217 0.431760371 0.618669093 -0.527489364 -0.390623212
1782375495.579470634 0.070885152 -0.395436168 -0.036984943 0.431598067 0.618692040 -0.527549684 -0.390684843
1782375495.612835169 0.068465829 -0.395098090 -0.037026837 0.431237936 0.618842959 -0.527782023 -0.390529662
1782375495.646199703 0.065887362 -0.394710422 -0.037021548 0.430428565 0.619344771 -0.528225005 -0.390027940
1782375495.679564238 0.063647538 -0.394563705 -0.037070476 0.428397030 0.620883644 -0.529360712 -0.388274044
1782375495.712929487 0.062112480 -0.394543976 -0.037183784 0.425160348 0.622970998 -0.531324863 -0.385797501
1782375495.746293783 0.061124086 -0.394209325 -0.037251435 0.421366721 0.624483705 -0.533924401 -0.383920461
1782375495.779657602 0.058964401 -0.394000649 -0.037543803 0.418681085 0.626885116 -0.535499156 -0.380738646
1782375495.813021660 0.057129651 -0.393795311 -0.037736699 0.415224046 0.628542542 -0.537870228 -0.378442854
1782375495.846385717 0.054957241 -0.393793255 -0.037829451 0.412003696 0.631009519 -0.539624929 -0.375346422
1782375495.879749775 0.052656382 -0.393789172 -0.037830919 0.408555061 0.632799685 -0.541860163 -0.372873783
1782375495.913113594 0.049918950 -0.394077778 -0.037967771 0.405604154 0.634814262 -0.543629229 -0.370085597
1782375495.946477413 0.046992958 -0.394105256 -0.038123190 0.402630210 0.636654615 -0.545319438 -0.367677361
1782375495.979840994 0.044049144 -0.394030333 -0.038220584 0.400185704 0.638229907 -0.546777189 -0.365443319
1782375496.013204575 0.037396520 -0.394439548 -0.039321102 0.397307754 0.639835656 -0.548558235 -0.363098919
1782375496.046568394 0.034245998 -0.394237965 -0.039439261 0.395122409 0.641225159 -0.549816966 -0.361123085
1782375496.079931736 0.031570673 -0.394338161 -0.039593890 0.392251313 0.642988384 -0.551490068 -0.358557552
1782375496.113295078 0.029445797 -0.394586027 -0.039674483 0.389426589 0.644680023 -0.553159118 -0.356019199
1782375496.146658421 0.027037531 -0.394939780 -0.039797775 0.386756659 0.646264911 -0.554625154 -0.353768200
1782375496.180021763 0.024996877 -0.395402074 -0.039894164 0.384164393 0.647970617 -0.555993974 -0.351315588
1782375496.213384867 0.023523301 -0.395938605 -0.039954364 0.381130576 0.649533153 -0.557790518 -0.348878115
1782375496.246747732 0.021753013 -0.396424264 -0.040031366 0.378649473 0.651169777 -0.559088111 -0.346443415
1782375496.280110836 0.020214796 -0.396649718 -0.039966777 0.376477301 0.652352512 -0.560327828 -0.344577819
1782375496.313473940 0.018960655 -0.396963000 -0.039989926 0.374387830 0.653564513 -0.561442018 -0.342738926
1782375496.346836567 0.017838389 -0.397280157 -0.039879955 0.372434467 0.654655695 -0.562442839 -0.341140181
1782375496.380199432 0.017056733 -0.397442698 -0.039671250 0.371259749 0.655603945 -0.563038945 -0.339612782
1782375496.413563251 0.017207444 -0.397485405 -0.039717525 0.370097429 0.656094015 -0.563805819 -0.338661671
1782375496.446925879 0.017878562 -0.397456408 -0.039554425 0.369253844 0.656370163 -0.564264059 -0.338283747
1782375496.480288267 0.018039763 -0.397669077 -0.039577797 0.369085073 0.656503201 -0.564322770 -0.338111848
1782375496.513650894 0.019347459 -0.396136016 -0.039943852 0.369273990 0.656539142 -0.564171851 -0.338087529
1782375496.547013521 0.019374609 -0.396276832 -0.040035672 0.369402647 0.656384468 -0.564161479 -0.338264793
1782375496.580375671 0.019381851 -0.396432638 -0.040032700 0.369727582 0.656249940 -0.564002872 -0.338435113
1782375496.613742590 0.019420236 -0.396625102 -0.039964244 0.369920820 0.656106830 -0.563938916 -0.338607907
1782375496.647109509 0.019451618 -0.396827459 -0.039852753 0.370045424 0.656064808 -0.563871443 -0.338665605
1782375496.680476665 0.019448549 -0.396915406 -0.039766461 0.370110482 0.656017482 -0.563867748 -0.338692337
1782375496.713843346 0.019543529 -0.396967113 -0.039645456 0.370121419 0.656013310 -0.563853264 -0.338712633
1782375496.747210264 0.019627392 -0.396999300 -0.039522804 0.370063812 0.656071246 -0.563884854 -0.338610619
1782375496.780576944 0.019835562 -0.396978259 -0.039339952 0.369940102 0.656151235 -0.563860834 -0.338631004
1782375496.813943624 0.019959152 -0.396844268 -0.039237894 0.369914740 0.656137407 -0.563869298 -0.338671327
1782375496.847310066 0.020076931 -0.396724492 -0.039142825 0.369865596 0.656230867 -0.563895822 -0.338499576
1782375496.880676746 0.020106494 -0.396571755 -0.039056763 0.369628727 0.656277180 -0.564084470 -0.338354260
1782375496.914043188 0.020191133 -0.396603823 -0.039002612 0.369629562 0.656364322 -0.564067721 -0.338212252
1782375496.947409630 0.020386994 -0.396748930 -0.038983002 0.369623750 0.656350255 -0.564045072 -0.338283658
1782375496.980776072 0.020493060 -0.396892458 -0.038923018 0.369760573 0.656330049 -0.563911259 -0.338396311
1782375497.014142275 0.019959718 -0.397335291 -0.039606214 0.369906276 0.656061828 -0.564002037 -0.338606030
1782375497.047508478 0.020025373 -0.397397816 -0.039615683 0.369960755 0.656042814 -0.563991308 -0.338601172
1782375497.080874681 0.020083755 -0.397393167 -0.039604850 0.369998306 0.656043887 -0.563983083 -0.338571787
1782375497.114241838 0.020080745 -0.397327185 -0.039594874 0.370022804 0.656033874 -0.563959420 -0.338603675
1782375497.147608042 0.020041734 -0.397259355 -0.039569646 0.370091170 0.656016171 -0.563904405 -0.338654906
1782375497.180974007 0.020039648 -0.397213101 -0.039504364 0.370101839 0.655991614 -0.563899279 -0.338699490
1782375497.214339972 0.020035684 -0.397102296 -0.039501742 0.370105952 0.655999005 -0.563909411 -0.338663727
1782375497.247705936 0.019962847 -0.397011429 -0.039458424 0.370083779 0.656031191 -0.563939214 -0.338575929
1782375497.281072140 0.019876659 -0.396939099 -0.039333925 0.370062351 0.656051278 -0.563946009 -0.338549137
1782375497.314438105 0.019868463 -0.396883249 -0.039300352 0.370094836 0.656047344 -0.563920379 -0.338564098
1782375497.347803593 0.019911349 -0.396886230 -0.039199315 0.370064676 0.656056762 -0.563930988 -0.338560849
1782375497.381169319 0.019890159 -0.396807104 -0.039211117 0.370086968 0.656052947 -0.563930809 -0.338544339
1782375497.414535046 0.019886285 -0.396814167 -0.039201073 0.370062679 0.656074226 -0.563929379 -0.338532150
1782375497.447900534 0.019881815 -0.396818340 -0.039173760 0.370052963 0.656093895 -0.563923120 -0.338514835
1782375497.481266260 0.019852459 -0.396825939 -0.039151780 0.370093316 0.656085849 -0.563911676 -0.338505477
1782375497.514631748 0.020361781 -0.397220194 -0.039233014 0.370159179 0.655976236 -0.563781440 -0.338862717
1782375497.547997236 0.020369321 -0.397199750 -0.039225966 0.370160490 0.655989528 -0.563793302 -0.338815838
1782375497.581362963 0.020375162 -0.397164941 -0.039215274 0.370160550 0.655994833 -0.563790143 -0.338810802
1782375497.614729643 0.020406753 -0.397121549 -0.039227225 0.370193630 0.655978501 -0.563775718 -0.338830143
1782375497.648096323 0.020421028 -0.397119462 -0.039251119 0.370213538 0.655975521 -0.563768864 -0.338825554
1782375497.681463242 0.020452201 -0.397070110 -0.039265044 0.370206237 0.655975819 -0.563793421 -0.338792205
1782375497.714829683 0.020431399 -0.397047222 -0.039254904 0.370196819 0.655990660 -0.563805401 -0.338753849
1782375497.748196125 0.020377368 -0.396998912 -0.039225616 0.370203882 0.655998290 -0.563804626 -0.338732481
1782375497.781562567 0.020383328 -0.396948189 -0.039207451 0.370229423 0.655983269 -0.563810766 -0.338723600
1782375497.814929962 0.020360440 -0.396943629 -0.039203495 0.370217472 0.655971646 -0.563825130 -0.338735282
1782375497.848296165 0.020400703 -0.396871954 -0.039156862 0.370212942 0.655973554 -0.563827932 -0.338731736
1782375497.881662369 0.020447940 -0.397060096 -0.039069146 0.370223552 0.656052768 -0.563710511 -0.338762105
1782375497.915028572 0.020273805 -0.397295237 -0.038914494 0.369940311 0.656125247 -0.564020991 -0.338414133
1782375497.948394775 0.020081937 -0.397431970 -0.038825989 0.369576991 0.656366348 -0.564249694 -0.337962210
1782375497.981760740 0.019955486 -0.397382617 -0.038770802 0.369468272 0.656427443 -0.564316154 -0.337851465
1782375498.015126705 0.019643068 -0.397186548 -0.038459897 0.369297951 0.656537890 -0.564285278 -0.337874562
1782375498.048492670 0.019844532 -0.397154003 -0.038388297 0.369342893 0.656593561 -0.564164877 -0.337918192
1782375498.081858635 0.020214736 -0.397027433 -0.038335823 0.369394988 0.656574368 -0.564154267 -0.337916493
1782375498.115224361 0.020877391 -0.396564454 -0.038320705 0.369664937 0.656500459 -0.564047456 -0.337942958
1782375498.148590088 0.022213399 -0.395756543 -0.038283661 0.369991779 0.656229436 -0.563973427 -0.338235259
1782375498.181955814 0.024203897 -0.395134389 -0.038253680 0.370803714 0.655792654 -0.563572466 -0.338860780
1782375498.215321541 0.026866674 -0.394865304 -0.038302720 0.371923625 0.655258656 -0.562886655 -0.339805275
1782375498.248687029 0.030537188 -0.394317269 -0.038273431 0.373327732 0.654394031 -0.562136590 -0.341170520
1782375498.282052755 0.035179853 -0.393539220 -0.038189180 0.375036001 0.653292775 -0.561236620 -0.342884958
1782375498.315418243 0.040229082 -0.392445624 -0.038190000 0.377754450 0.651946127 -0.559769392 -0.344856590
1782375498.348783493 0.045911938 -0.391553402 -0.038169555 0.380488902 0.650361478 -0.558118284 -0.347508490
1782375498.382148981 0.051208049 -0.390623122 -0.037996717 0.384072334 0.648539782 -0.556103289 -0.350191057
1782375498.415514231 0.056174934 -0.389787018 -0.038039356 0.387669802 0.646713972 -0.553898871 -0.353085339
1782375498.448879480 0.060872465 -0.388540268 -0.037908040 0.391485274 0.644717634 -0.551527739 -0.356224149
1782375498.582340717 0.079118907 -0.377875030 -0.037637763 0.406721085 0.635739148 -0.542557776 -0.368842632
1782375498.615708590 0.083869815 -0.374815762 -0.037656821 0.410498291 0.633483291 -0.540348172 -0.371771544
1782375498.649075985 0.088630438 -0.371688038 -0.037611298 0.413818926 0.631355286 -0.538254559 -0.374735296
1782375498.682443380 0.093445510 -0.368445098 -0.037537672 0.417387486 0.629132748 -0.536041200 -0.377676606
1782375498.715810537 0.098444462 -0.365122050 -0.037432373 0.420331180 0.626948237 -0.534205437 -0.380634040
1782375498.749177933 0.103179425 -0.361565202 -0.037396669 0.423741698 0.624979436 -0.531943560 -0.383249015
1782375498.782545090 0.107918084 -0.358253866 -0.037215352 0.426727504 0.622675240 -0.530043900 -0.386306465
1782375498.815912247 0.111939222 -0.354583263 -0.037271440 0.430373162 0.620404065 -0.527802467 -0.388976097
1782375498.849279642 0.115849465 -0.350535899 -0.037233889 0.433968425 0.617876291 -0.525711417 -0.391826272
1782375498.882646799 0.119358301 -0.346147150 -0.037410259 0.437708974 0.615301847 -0.523611307 -0.394519687
1782375498.916013956 0.122624844 -0.341706812 -0.037427008 0.441270143 0.612919450 -0.521454751 -0.397108912
1782375498.949380875 0.125567883 -0.337256610 -0.037519738 0.444550991 0.610430062 -0.519576490 -0.399737239
1782375498.982747793 0.125944674 -0.332272232 -0.038502052 0.447982609 0.607998312 -0.517612755 -0.402152747
1782375499.016114712 0.128757715 -0.327989966 -0.038383141 0.451077074 0.605514884 -0.515603364 -0.405011684
1782375499.049481630 0.131154567 -0.323588997 -0.038316622 0.454098314 0.603218913 -0.513640523 -0.407547772
1782375499.082848310 0.133365124 -0.318987072 -0.038213998 0.457399935 0.600654185 -0.511467040 -0.410367429
1782375499.116215229 0.135307968 -0.314493328 -0.038213164 0.460536599 0.598218441 -0.509270310 -0.413139880
1782375499.149582148 0.136987835 -0.309745014 -0.038221255 0.464018047 0.595513701 -0.506757200 -0.416230619
1782375499.182948828 0.138922155 -0.304748416 -0.038130254 0.467915833 0.592363954 -0.504096746 -0.419578493
1782375499.216316462 0.141188800 -0.299639761 -0.038033724 0.471817881 0.589196026 -0.501209736 -0.423113167
1782375499.249682903 0.143640190 -0.293984741 -0.038049430 0.476148486 0.585567892 -0.498239636 -0.426790684
1782375499.283049345 0.146274924 -0.286275476 -0.037591457 0.480823427 0.581862211 -0.495058000 -0.430305511
1782375499.316416025 0.148922205 -0.280741096 -0.037495032 0.485202610 0.578200579 -0.491847903 -0.433991134
1782375499.349782467 0.151687890 -0.275420070 -0.037349209 0.489632666 0.574503958 -0.488504559 -0.437685370
1782375499.383148670 0.154506549 -0.269914091 -0.037303820 0.493924588 0.570754945 -0.485248029 -0.441374868
1782375499.416515112 0.157617033 -0.264544487 -0.037130460 0.498306185 0.567041099 -0.481817693 -0.444979936
1782375499.449881315 0.160880044 -0.259195060 -0.037001371 0.502537906 0.563138187 -0.478585452 -0.448650301
1782375499.483247519 0.164462969 -0.253942400 -0.036855727 0.506663620 0.559386909 -0.475150168 -0.452339113
1782375499.516613722 0.168197677 -0.248701826 -0.036678076 0.511255741 0.555392683 -0.471588105 -0.455808431
1782375499.549979925 0.171285883 -0.242615446 -0.036321640 0.515055239 0.551615238 -0.468277276 -0.459516227
1782375499.583346367 0.175143838 -0.238166362 -0.036184490 0.519223452 0.547986984 -0.464610070 -0.462876707
1782375499.616711617 0.179207683 -0.233834460 -0.036001056 0.523371100 0.543834865 -0.461079538 -0.466617614
1782375499.650076389 0.183142424 -0.229456246 -0.035860598 0.527468979 0.540087879 -0.457393616 -0.469970971
1782375499.683441401 0.187319219 -0.225086868 -0.035631150 0.531626284 0.535902739 -0.453774899 -0.473571569
1782375499.716806173 0.191326186 -0.220746875 -0.035485983 0.535334527 0.532129109 -0.450465649 -0.476798028
1782375499.750170946 0.195140079 -0.216476262 -0.035305679 0.539209783 0.528302848 -0.446844190 -0.480082542
1782375499.783535719 0.198950514 -0.212109029 -0.035111874 0.543205559 0.524134934 -0.443179995 -0.483530551
1782375499.816900253 0.202702254 -0.207899839 -0.035033882 0.547183096 0.520165443 -0.439577520 -0.486610919
1782375499.850264788 0.206559777 -0.203616053 -0.034792483 0.550777376 0.516238987 -0.436186016 -0.489778996
1782375499.883629084 0.210595518 -0.199506164 -0.034629852 0.554554939 0.512151837 -0.432546288 -0.493024379
1782375499.916994572 0.214576989 -0.195299387 -0.034486920 0.558337629 0.508110285 -0.428902090 -0.496110976
1782375499.950358868 0.222660094 -0.191815227 -0.032364070 0.562715709 0.503378570 -0.424570411 -0.499701083
1782375499.983723164 0.233244702 -0.050673544 -0.116457388 -0.589188635 -0.472277969 0.396884620 0.521816969
1782375500.017087460 0.236412197 -0.059929118 -0.091499537 -0.586860180 -0.475073487 0.399360061 0.520011485
1782375500.050451517 0.240810215 -0.056791689 -0.090897784 -0.590631723 -0.470278114 0.395332694 0.523168087
1782375500.083815575 0.245043874 -0.053166553 -0.090370342 -0.594400764 -0.465517014 0.391043782 0.526371121
1782375500.117179394 0.248966187 -0.049598541 -0.089872420 -0.598382950 -0.460523665 0.386714011 0.529441357
1782375500.150543451 0.252556056 -0.046272989 -0.089399070 -0.602070451 -0.455759078 0.382362843 0.532535076
1782375500.183907270 0.255573153 -0.043214872 -0.088912576 -0.605858505 -0.450734407 0.377946466 0.535658836
1782375500.217271090 0.258174896 -0.040084630 -0.088492289 -0.609556139 -0.445990711 0.373486549 0.538554966
1782375500.250634670 0.288574219 -0.027789306 -0.083456099 -0.617744327 -0.438306421 0.366030276 0.540648997
1782375500.283998251 0.290047705 -0.024736155 -0.083078787 -0.621497571 -0.433164358 0.361353517 0.543629587
1782375500.317361832 0.291089386 -0.021831941 -0.082690150 -0.625207782 -0.428032249 0.356571287 0.546589911
1782375500.350725412 0.291902542 -0.019095093 -0.082322136 -0.628908634 -0.422468424 0.351679564 0.549832582
1782375500.384088755 0.292236030 -0.016348232 -0.081991285 -0.632724464 -0.417092502 0.346728235 0.552696347
1782375500.417452097 0.292429864 -0.013811797 -0.081687242 -0.636550963 -0.411219686 0.341427684 0.555993199
1782375500.450815439 0.292708874 -0.011169318 -0.081459075 -0.640853703 -0.404865026 0.335679501 0.559204876
1782375500.484178782 0.293075860 -0.008630771 -0.081372768 -0.645024776 -0.398026258 0.329778284 0.562818408
1782375500.517541647 0.293573260 -0.006206065 -0.081163093 -0.649514258 -0.391043693 0.323465198 0.566203535
1782375500.550904751 0.307944298 -0.001023125 -0.088701487 -0.655053139 -0.381716132 0.317153484 0.569747269
1782375500.584267855 0.308631688 0.001109101 -0.088684082 -0.659684896 -0.374284655 0.310296237 0.573099494
1782375500.617679358 0.309545189 0.003164519 -0.088645667 -0.664196908 -0.365827173 0.303100646 0.577185392
1782375500.651090622 0.211649135 0.012521364 -0.157953709 -0.650374472 -0.389012128 0.321598262 0.567677021
1782375500.684502125 0.211701334 0.013500452 -0.157824770 -0.654896855 -0.380928934 0.314769387 0.571772218
1782375500.717914343 0.211230651 0.014121369 -0.157571584 -0.659613550 -0.372710645 0.307721347 0.575590372
1782375500.751326799 0.202652425 0.006301910 -0.159014612 -0.664074481 -0.363615543 0.299719304 0.580480218
1782375500.784739971 0.201774687 0.006977022 -0.159020826 -0.668870270 -0.354967982 0.292299867 0.584098577
1782375500.818153620 0.200112641 0.006456047 -0.158881456 -0.672856927 -0.347448379 0.285437286 0.587425590
1782375500.851567984 0.198484570 0.006083503 -0.158812672 -0.676833987 -0.339365304 0.278566897 0.590870082
1782375500.884982586 0.196647942 0.004995592 -0.158711463 -0.680678785 -0.331609696 0.271655113 0.594066381
1782375500.918397665 0.191728294 -0.002620257 -0.156797767 -0.685047746 -0.323462278 0.263847023 0.597048163
1782375500.951813459 0.189151645 -0.004981145 -0.156534314 -0.688529789 -0.315812081 0.256890744 0.600163817
1782375500.985229731 0.186690360 -0.007536240 -0.156292200 -0.692172706 -0.307706892 0.249980003 0.603094876
1782375501.018646479 0.183915764 -0.010266259 -0.156083316 -0.695466518 -0.300232828 0.243084326 0.605884969
1782375501.052063704 0.181910127 -0.012427062 -0.155730873 -0.698717117 -0.292424917 0.236285284 0.608647227
1782375501.085481644 0.179135263 -0.014616713 -0.155567139 -0.701652408 -0.285023123 0.229781508 0.611266136
1782375501.118899822 0.176480323 -0.015942618 -0.155364051 -0.704617321 -0.278003097 0.223413691 0.613445342
1782375501.152318954 0.177214980 -0.017908640 -0.155956224 -0.706881344 -0.271133989 0.218077272 0.615830660
1782375501.185738325 0.172997013 -0.020133764 -0.155916587 -0.709842086 -0.264558643 0.211625442 0.617533565
1782375501.252578259 0.165437609 -0.024412125 -0.155628920 -0.714962542 -0.250054151 0.199117064 0.621815085
1782375501.285999298 0.161597148 -0.026571706 -0.155358076 -0.717390537 -0.243172586 0.192908973 0.623701990
1782375501.319421768 0.157922462 -0.028537892 -0.155185670 -0.719734848 -0.235816821 0.186558709 0.625754058
1782375501.352843761 0.153895140 -0.030810490 -0.155000746 -0.722187042 -0.228837714 0.180389717 0.627326727
1782375501.386266232 0.151709765 -0.029326797 -0.155929700 -0.724102497 -0.222191989 0.175040856 0.629020751
1782375501.419689178 0.148342654 -0.031982780 -0.155601963 -0.726190805 -0.214697331 0.168726146 0.630938649
1782375501.453112602 0.145125151 -0.034584634 -0.155349642 -0.728410065 -0.207629979 0.162443042 0.632393003
1782375501.486536503 0.142280400 -0.037411034 -0.155070528 -0.730259597 -0.200496644 0.156289414 0.634110093
1782375501.519961119 0.139276043 -0.040430114 -0.154857486 -0.732062280 -0.193927169 0.150468618 0.635481119
1782375501.553386211 0.136917353 -0.043339960 -0.154647440 -0.733664155 -0.187590405 0.144857511 0.636838317
1782375501.586809874 0.134789690 -0.046140298 -0.154619232 -0.735226989 -0.181469545 0.139716268 0.637957275
1782375501.620227098 0.132949606 -0.048863158 -0.154527873 -0.736561418 -0.176173106 0.134909272 0.638936520
1782375501.653679132 0.130891532 -0.051678918 -0.154713690 -0.737652838 -0.170654505 0.130304188 0.640129924
1782375501.687132120 0.128626615 -0.054391861 -0.154707074 -0.738865077 -0.166225076 0.126230776 0.640713274
1782375501.720585346 0.126910955 -0.054951347 -0.156256914 -0.739603400 -0.161337867 0.122358024 0.641860962
1782375501.754039288 0.123730391 -0.057180434 -0.156127065 -0.740754545 -0.156939611 0.118533745 0.642341375
1782375501.787493706 0.120514862 -0.059530981 -0.155913070 -0.741470218 -0.152743042 0.114662938 0.643229306
1782375501.820948601 0.117166460 -0.061656535 -0.155800045 -0.742434263 -0.148557067 0.110963576 0.643746376
1782375501.854403973 0.113806717 -0.063699275 -0.155765027 -0.743188262 -0.144536167 0.107277527 0.644416034
1782375501.887859821 0.110628083 -0.065547138 -0.155920014 -0.743849099 -0.140531510 0.103750810 0.645116389
1782375501.921316147 0.107433155 -0.067039415 -0.156041443 -0.744613588 -0.136935711 0.100419804 0.645534694
1782375501.954773188 0.104512431 -0.068653166 -0.156103313 -0.745245099 -0.133020312 0.096998639 0.646147609
1782375501.988230467 0.101640239 -0.070274062 -0.156182960 -0.745845854 -0.129210100 0.093678065 0.646717250
1782375502.021689415 0.098889910 -0.071611598 -0.156508207 -0.746444285 -0.125354663 0.090240024 0.647274256
1782375502.055147886 0.096375182 -0.073013775 -0.156719461 -0.747142673 -0.121486239 0.086890362 0.647664249
1782375502.088606834 0.094320148 -0.074310601 -0.156934470 -0.747625947 -0.117774084 0.083778173 0.648202062
1782375502.122066498 0.092418797 -0.075710118 -0.157224000 -0.748152435 -0.114112042 0.080849536 0.648621500
1782375502.155526161 0.090033233 -0.077303044 -0.157353908 -0.748521864 -0.110566929 0.077581368 0.649208069
1782375502.188986540 0.087539956 -0.078700520 -0.157473356 -0.749167204 -0.106881976 0.074485980 0.649443328
1782375502.222447872 0.083896160 -0.080989875 -0.158299267 -0.749524057 -0.103160955 0.071329698 0.649987400
1782375502.255909204 0.080553181 -0.081733368 -0.158412039 -0.750095665 -0.099569097 0.068314381 0.650212049
1782375502.289371014 0.077075958 -0.082588859 -0.158394292 -0.750467002 -0.096183196 0.065224357 0.650610447
1782375502.322833538 0.073734008 -0.083121911 -0.158543169 -0.750864387 -0.092916086 0.062377006 0.650905848
1782375502.356296539 0.070576623 -0.083819143 -0.158605173 -0.751177728 -0.089844547 0.059710264 0.651225507
1782375502.389760017 0.067414030 -0.084290549 -0.158847481 -0.751615167 -0.086834528 0.057037544 0.651368737
1782375502.423224211 0.064523265 -0.085164510 -0.158959627 -0.751920342 -0.083872266 0.054406393 0.651629627
1782375502.456688404 0.061810799 -0.086001724 -0.159070075 -0.752243757 -0.080908686 0.051853206 0.651839256
1782375502.490153551 0.059318662 -0.086699449 -0.158967018 -0.752552092 -0.078341030 0.049567141 0.651974797
1782375502.523619175 0.057269886 -0.087288678 -0.159146875 -0.752655506 -0.075859331 0.047441911 0.652306974
1782375502.557085037 0.055272758 -0.087711096 -0.159241349 -0.753005385 -0.073830210 0.045785412 0.652254403
1782375502.590551615 0.053455420 -0.088090882 -0.159406871 -0.753043056 -0.072148733 0.044306785 0.652501166
1782375502.623960018 0.051812772 -0.088036999 -0.159440219 -0.753306091 -0.070567839 0.043069948 0.652453244
1782375502.657325268 0.050488617 -0.089724146 -0.159098893 -0.753278792 -0.069329195 0.042151727 0.652677476
1782375502.690690756 0.048297204 -0.089324862 -0.159142941 -0.753478289 -0.068133928 0.041106194 0.652639627
1782375502.724057198 0.046263665 -0.089069523 -0.159148246 -0.753507137 -0.067082316 0.040080294 0.652779162
1782375502.757422447 0.044411812 -0.088709489 -0.159198403 -0.753667235 -0.066113904 0.039224736 0.652745128
1782375502.790787697 0.042588279 -0.088572800 -0.159217447 -0.753715277 -0.065203711 0.038412951 0.652829349
1782375502.824152470 0.040784195 -0.088493317 -0.159255490 -0.753795385 -0.064355433 0.037596140 0.652868688
1782375502.857517481 0.039107598 -0.088602327 -0.159359545 -0.753863633 -0.063450038 0.036809124 0.652923226
1782375502.890882492 0.037769161 -0.088806584 -0.159469038 -0.753875732 -0.062442340 0.035949491 0.653054357
1782375502.924247503 0.036575474 -0.089014031 -0.159545407 -0.753963828 -0.061506949 0.035162061 0.653084338
1782375502.957612276 0.035572305 -0.089222498 -0.159616917 -0.753971934 -0.060670886 0.034430139 0.653192103
1782375502.990977287 0.034693509 -0.089522004 -0.159818441 -0.753965855 -0.059918508 0.033782836 0.653302312
1782375503.024341822 0.034086101 -0.089757852 -0.160020411 -0.753998876 -0.059316326 0.033284307 0.653344810
1782375503.057706594 0.033523273 -0.089823857 -0.160294503 -0.753990293 -0.058853779 0.032934193 0.653414309
1782375503.091071129 0.033315644 -0.089940086 -0.160348415 -0.754028738 -0.058517110 0.032617059 0.653416097
1782375503.124435663 0.032801565 -0.090075724 -0.160360217 -0.754038930 -0.058187276 0.032332104 0.653447926
1782375503.157799959 0.032844834 -0.090349078 -0.160620481 -0.754007399 -0.057967912 0.032335676 0.653503716
1782375503.191164494 0.032558069 -0.090180546 -0.160692200 -0.754000545 -0.057842519 0.032235622 0.653527617
1782375503.224528790 0.032335263 -0.090006426 -0.160765812 -0.754005551 -0.057749443 0.032146137 0.653534472
1782375503.257893085 0.032132842 -0.089920990 -0.160863489 -0.754016936 -0.057670914 0.032093592 0.653530777
1782375503.291257381 0.031989604 -0.089988589 -0.160951316 -0.754006743 -0.057584684 0.032011732 0.653554320
1782375503.324621439 0.031871263 -0.090073116 -0.161005810 -0.754005015 -0.057410210 0.031885680 0.653577745
1782375503.357985258 0.031719368 -0.090224646 -0.161052823 -0.754005194 -0.057273407 0.031788994 0.653594255
1782375503.658263445 0.030823501 -0.091180131 -0.160776660 -0.753992915 -0.056609157 0.031207278 0.653694332
1782375503.691629171 0.030435760 -0.091069557 -0.160849214 -0.753999114 -0.056492090 0.031090906 0.653702855
1782375503.724994898 0.030027691 -0.091037773 -0.160927027 -0.753992260 -0.056359541 0.030957263 0.653728604
1782375503.758360624 0.030044839 -0.092207916 -0.160286739 -0.754067540 -0.056351207 0.030827573 0.653648555
1782375503.791726351 0.030003726 -0.092365608 -0.160257727 -0.754063129 -0.056306917 0.030774228 0.653659999
1782375503.825091839 0.029951369 -0.092468753 -0.160235509 -0.754072905 -0.056240749 0.030726010 0.653656662
1782375503.858457327 0.029844809 -0.092559837 -0.160212815 -0.754070461 -0.056221657 0.030698108 0.653662384
1782375503.891822815 0.029729873 -0.092582025 -0.160211146 -0.754078090 -0.056158748 0.030678062 0.653659940
1782375503.925188065 0.029497541 -0.092583388 -0.160226762 -0.754098952 -0.056040250 0.030572508 0.653650999
1782375503.958553314 0.029211640 -0.092421107 -0.160288066 -0.754100144 -0.055939388 0.030447075 0.653664112
1782375503.991918564 0.028847512 -0.092282750 -0.160331041 -0.754120469 -0.055774823 0.030324433 0.653660357
1782375504.025283575 0.028575301 -0.092028946 -0.160406023 -0.754127324 -0.055682454 0.030263159 0.653663278
1782375504.058648586 0.028317532 -0.091747619 -0.160458118 -0.754122496 -0.055584949 0.030205071 0.653679848
1782375504.092013836 0.028078493 -0.091606587 -0.160521746 -0.754117727 -0.055514894 0.030119209 0.653695226
1782375504.125379801 0.027818359 -0.091447771 -0.160644218 -0.754116058 -0.055452399 0.030052382 0.653705537
1782375504.158744574 0.027685635 -0.091221921 -0.160741806 -0.754122078 -0.055431612 0.030038724 0.653700888
1782375504.192109585 0.027382411 -0.091043957 -0.160782069 -0.754133940 -0.055374879 0.029953685 0.653696001
1782375504.225474358 0.027155273 -0.090956263 -0.160831779 -0.754140735 -0.055358745 0.029922005 0.653690994
1782375504.258839130 0.027945345 -0.091100194 -0.161458671 -0.754107654 -0.055350307 0.030105334 0.653721392
1782375504.292203665 0.027852178 -0.091152653 -0.161526024 -0.754091084 -0.055317566 0.030071104 0.653744936
1782375504.325568438 0.027791172 -0.091165602 -0.161595330 -0.754085541 -0.055278067 0.030080315 0.653754294
1782375504.358932972 0.027761176 -0.091155224 -0.161658332 -0.754066944 -0.055262715 0.030070687 0.653777421
1782375504.392297029 0.027611449 -0.091145515 -0.161720455 -0.754037678 -0.055252250 0.030046007 0.653813124
1782375504.425661564 0.027512487 -0.091092393 -0.161766887 -0.754047334 -0.055264857 0.030072261 0.653799832
1782375504.459025860 0.027485833 -0.090939768 -0.161809742 -0.754027128 -0.055308551 0.030104015 0.653817952
1782375504.492390156 0.027460761 -0.090882860 -0.161773831 -0.754015207 -0.055299915 0.030102463 0.653832495
1782375504.525754452 0.027365085 -0.090771005 -0.161780655 -0.753998697 -0.055329457 0.030092437 0.653849483
1782375504.559118748 0.027227888 -0.090657525 -0.161728635 -0.754009604 -0.055315807 0.030078087 0.653838754
1782375504.592482567 0.027130380 -0.090661190 -0.161671788 -0.753993928 -0.055334516 0.030076092 0.653855324
1782375504.625848532 0.027098909 -0.090660371 -0.161653757 -0.753997445 -0.055296943 0.030048836 0.653855681
1782375504.659214735 0.027042400 -0.090619609 -0.161618292 -0.753999352 -0.055341307 0.030081037 0.653848171
1782375504.692581415 0.026972879 -0.090631947 -0.161602199 -0.753994107 -0.055336032 0.030067567 0.653855264
1782375504.725947618 0.026876729 -0.090548225 -0.161593974 -0.753989458 -0.055352144 0.030084526 0.653858542
1782375504.759313822 0.026966138 -0.090463065 -0.161560535 -0.753985763 -0.055401761 0.030122263 0.653856933
1782375504.792680025 0.027536146 -0.091511086 -0.161348224 -0.754011750 -0.055435997 0.030216884 0.653819680
1782375504.959511042 0.027814701 -0.091833413 -0.161432624 -0.753968239 -0.055516545 0.030278858 0.653860092
1782375504.992876768 0.027914809 -0.091532342 -0.161435097 -0.753965497 -0.055516850 0.030343527 0.653860211
1782375505.026242495 0.027875047 -0.091271088 -0.161458418 -0.753962874 -0.055556819 0.030364558 0.653858960
1782375505.059608221 0.027949316 -0.091057256 -0.161484227 -0.753959835 -0.055538453 0.030404098 0.653862119
1782375505.092973709 0.027895093 -0.090900950 -0.161490977 -0.753954113 -0.055550657 0.030431250 0.653866470
1782375505.126339436 0.027861642 -0.090845041 -0.161487609 -0.753944695 -0.055585206 0.030451303 0.653873444
1782375505.159704924 0.027823996 -0.090672448 -0.161559924 -0.753947854 -0.055574551 0.030470707 0.653869748
1782375505.193070412 0.027875919 -0.090531908 -0.161621436 -0.753948450 -0.055590075 0.030481920 0.653867245
1782375505.226435661 0.027836593 -0.090467803 -0.161667839 -0.753933728 -0.055623133 0.030483240 0.653881431
1782375505.259800673 0.028555745 -0.091026731 -0.162224814 -0.753927410 -0.055627272 0.030636689 0.653881192
1782375505.293165922 0.028679058 -0.091068022 -0.162289172 -0.753915489 -0.055638723 0.030662397 0.653892636
1782375505.326531172 0.028753329 -0.091129422 -0.162335381 -0.753892422 -0.055676222 0.030680275 0.653915226
1782375505.359896421 0.028795835 -0.091165252 -0.162351131 -0.753869295 -0.055704977 0.030710772 0.653938055
1782375505.393261433 0.028804496 -0.091173872 -0.162367359 -0.753856599 -0.055763189 0.030750304 0.653945923
1782375505.426626444 0.028821092 -0.091115475 -0.162343442 -0.753849149 -0.055784203 0.030752348 0.653952479
1782375505.459991455 0.028834909 -0.091117710 -0.162262544 -0.753833771 -0.055860907 0.030840700 0.653959572
1782375505.493356228 0.028846327 -0.091013633 -0.162234247 -0.753838181 -0.055855121 0.030829189 0.653955519
1782375505.526722193 0.028843280 -0.090934448 -0.162176043 -0.753833890 -0.055911358 0.030858930 0.653954327
1782375505.560086966 0.028885216 -0.090830564 -0.162152082 -0.753844321 -0.055983733 0.030907558 0.653933823
1782375505.593451500 0.029001616 -0.090714715 -0.162159592 -0.753844142 -0.056065619 0.030946372 0.653925180
1782375505.626838684 0.029099194 -0.090648793 -0.162156552 -0.753840506 -0.056171775 0.031023920 0.653916478
1782375505.693733692 0.029227246 -0.090539776 -0.162165642 -0.753832102 -0.056348443 0.031140544 0.653905451
1782375505.727181673 0.029019656 -0.090351872 -0.162211716 -0.753831267 -0.056396477 0.031158568 0.653901458
1782375505.760630369 0.028916862 -0.090185583 -0.162226677 -0.753834963 -0.056462798 0.031217018 0.653888702
1782375505.794079304 0.028855674 -0.090094611 -0.162254497 -0.753837824 -0.056527182 0.031275421 0.653877020
1782375505.827528954 0.029339317 -0.091508523 -0.162474781 -0.753727317 -0.056655124 0.031307779 0.653991759
1782375505.860979080 0.029461397 -0.091589503 -0.162519336 -0.753711224 -0.056665432 0.031369273 0.654006541
1782375505.894429445 0.029576644 -0.091634184 -0.162548065 -0.753704965 -0.056736365 0.031446688 0.654003859
1782375505.927880287 0.029713400 -0.091504604 -0.162555829 -0.753702044 -0.056779049 0.031503577 0.654000759
1782375505.961331844 0.029833768 -0.091317013 -0.162563920 -0.753714442 -0.056793895 0.031533848 0.653983712
1782375505.994783401 0.029859936 -0.091075964 -0.162566602 -0.753704786 -0.056835614 0.031561330 0.653989911
1782375506.028235912 0.029770674 -0.090878382 -0.162605464 -0.753715336 -0.056819174 0.031576205 0.653978348
1782375506.061688423 0.029689021 -0.090607315 -0.162633732 -0.753714800 -0.056818545 0.031608481 0.653977573
1782375506.095141888 0.029505832 -0.090405948 -0.162659019 -0.753737628 -0.056815509 0.031619266 0.653950989
1782375506.128595352 0.029400010 -0.090193033 -0.162631512 -0.753735960 -0.056828685 0.031622693 0.653951526
1782375506.162049532 0.029369447 -0.089945532 -0.162580281 -0.753750503 -0.056841388 0.031640798 0.653932929
1782375506.195504189 0.029308587 -0.089737989 -0.162626207 -0.753743231 -0.056843497 0.031647243 0.653940678
1782375506.228960276 0.029229127 -0.089679748 -0.162622973 -0.753734171 -0.056848429 0.031656042 0.653950334
1782375506.295871735 0.029242158 -0.089513883 -0.162568301 -0.753757119 -0.056819499 0.031632878 0.653927445
1782375506.329328060 0.029285878 -0.089959688 -0.163120449 -0.753675818 -0.056935307 0.031571500 0.654014111
1782375506.362785101 0.029255478 -0.089980550 -0.163167849 -0.753675997 -0.056934062 0.031566013 0.654014349
1782375506.396242380 0.029217299 -0.089983754 -0.163203850 -0.753678858 -0.056916852 0.031545650 0.654013395
1782375506.429700136 0.029180381 -0.089982808 -0.163218409 -0.753674269 -0.056856591 0.031550653 0.654023767
1782375506.463158369 0.029173672 -0.089981295 -0.163225621 -0.753664017 -0.056827866 0.031554110 0.654037952
1782375506.496617079 0.029119387 -0.089995302 -0.163158983 -0.753669262 -0.056776352 0.031487647 0.654039562
1782375506.530076504 0.029012321 -0.089991771 -0.163115576 -0.753671050 -0.056784328 0.031502571 0.654035985
1782375506.563536167 0.028959326 -0.089948408 -0.163042620 -0.753664196 -0.056779303 0.031515852 0.654043674
1782375506.596996307 0.028914059 -0.089911863 -0.162990734 -0.753669798 -0.056812737 0.031539064 0.654033244
1782375506.630425453 0.028909545 -0.089884058 -0.162881538 -0.753677070 -0.056837618 0.031538300 0.654022694
1782375506.663783312 0.028892070 -0.089850314 -0.162795350 -0.753682256 -0.056848280 0.031540859 0.654015779
1782375506.697140694 0.028948989 -0.089834079 -0.162717730 -0.753700972 -0.056862835 0.031549234 0.653992474
1782375506.730498075 0.028983857 -0.089772262 -0.162618846 -0.753706276 -0.056852780 0.031547841 0.653987348
1782375506.763855219 0.028934263 -0.089805447 -0.162539735 -0.753710389 -0.056852583 0.031530023 0.653983414
1782375506.797212362 0.028921559 -0.089774035 -0.162474155 -0.753730774 -0.056833513 0.031521257 0.653961957
1782375506.830569267 0.028980739 -0.089732341 -0.162661269 -0.753731966 -0.056843296 0.031425241 0.653964460
1782375506.863925934 0.028941356 -0.089788049 -0.162657559 -0.753729880 -0.056816410 0.031417973 0.653969526
1782375506.897282600 0.028900109 -0.089828476 -0.162660599 -0.753746212 -0.056784470 0.031423885 0.653953195
1782375506.930640459 0.028864034 -0.089878015 -0.162627161 -0.753741741 -0.056750044 0.031390760 0.653962910
1782375506.963996887 0.028789673 -0.089930177 -0.162558883 -0.753743887 -0.056708645 0.031392246 0.653963983
1782375506.997353077 0.028754141 -0.089952663 -0.162489057 -0.753727078 -0.056714911 0.031383745 0.653983235
1782375507.030709267 0.028669408 -0.089940749 -0.162430257 -0.753730357 -0.056700926 0.031384926 0.653980613
1782375507.064065218 0.028596677 -0.089935169 -0.162416846 -0.753721058 -0.056704614 0.031403396 0.653990149
1782375507.097420931 0.028493464 -0.089870706 -0.162388265 -0.753736138 -0.056733832 0.031422120 0.653969347
1782375507.130776644 0.028410833 -0.089788951 -0.162375510 -0.753729165 -0.056810379 0.031477664 0.653968036
1782375507.164132118 0.028227948 -0.089657038 -0.162380397 -0.753729403 -0.056958027 0.031563580 0.653950810
1782375507.197487593 0.027957102 -0.089425795 -0.162343353 -0.753715754 -0.057121340 0.031661581 0.653947532
1782375507.230842829 0.027738903 -0.089196011 -0.162289277 -0.753708482 -0.057319146 0.031805545 0.653931499
1782375507.264198065 0.027634043 -0.088866316 -0.162185937 -0.753720403 -0.057512973 0.031992551 0.653891742
1782375507.297553062 0.027649911 -0.088716529 -0.162109882 -0.753703535 -0.057812840 0.032228667 0.653873086
1782375507.330907822 0.027497556 -0.088643134 -0.163189247 -0.753521264 -0.058196243 0.032520659 0.654034734
1782375507.364262342 0.027226325 -0.088295706 -0.163212284 -0.753463328 -0.058686249 0.032979518 0.654034674
1782375507.397616863 0.026833655 -0.087664627 -0.163213432 -0.753419936 -0.059437573 0.033595052 0.653985500
1782375507.430971384 0.026434893 -0.086721599 -0.163175344 -0.753322363 -0.060484324 0.034412127 0.653959394
1782375507.464325666 0.026142089 -0.085484296 -0.163156360 -0.753209949 -0.061883826 0.035489887 0.653900325
1782375507.497679949 0.025849104 -0.084071480 -0.163126916 -0.752991617 -0.063726738 0.036851957 0.653899491
1782375507.531033754 0.025648126 -0.082431026 -0.163065434 -0.752805889 -0.065752722 0.038607128 0.653811455
1782375507.564387798 0.025448961 -0.080654837 -0.163072690 -0.752480805 -0.068518832 0.040810712 0.653767824
1782375507.597741365 0.025400007 -0.078606546 -0.162996456 -0.752142131 -0.071574286 0.043199144 0.653676748
1782375507.631100178 0.025251713 -0.076512642 -0.163088396 -0.751613438 -0.074950911 0.046018995 0.653714001
1782375507.664457083 0.024879958 -0.074378058 -0.163166791 -0.751173377 -0.078673951 0.049047641 0.653562069
1782375507.697813988 0.024284944 -0.071996078 -0.163266107 -0.750568867 -0.082858391 0.052394435 0.653479695
1782375507.731170416 0.023733204 -0.069729567 -0.163248867 -0.749848604 -0.087304816 0.056097332 0.653420269
1782375507.764527082 0.022787947 -0.067055091 -0.163459316 -0.748987079 -0.092159823 0.060068823 0.653388679
1782375507.797883272 0.023479324 -0.063331679 -0.164458424 -0.748000681 -0.097713649 0.064617448 0.653277636
1782375507.831239462 0.022862207 -0.060133263 -0.164670065 -0.747177124 -0.102718294 0.068889767 0.653015792
1782375507.864595413 0.022095207 -0.056670502 -0.164890781 -0.746395588 -0.107835807 0.073442742 0.652588129
1782375507.897951365 0.021088233 -0.052906439 -0.165085539 -0.745459855 -0.113321044 0.077961706 0.652203977
1782375507.931307077 0.019666635 -0.048922554 -0.165221691 -0.744602561 -0.118400335 0.082735695 0.651692629
1782375507.964662790 0.017766220 -0.044514120 -0.165456876 -0.743646979 -0.124039680 0.087612912 0.651097119
1782375507.998018265 0.015599731 -0.040064916 -0.165649578 -0.742522657 -0.129907548 0.092671797 0.650535226
1782375508.031373501 0.012366094 -0.035029128 -0.165557757 -0.741591811 -0.135283723 0.097517855 0.649792373
1782375508.064728498 0.009887600 -0.030308381 -0.165791139 -0.740682364 -0.141042247 0.102557957 0.648828685
1782375508.098083496 0.007317385 -0.025330842 -0.166082650 -0.739551544 -0.146830559 0.107817985 0.647981167
1782375508.131438494 0.004395943 -0.020250186 -0.166377291 -0.738242149 -0.152842164 0.113085769 0.647185862
1782375508.164793253 0.001393646 -0.015056849 -0.166642994 -0.737168193 -0.158525452 0.118125260 0.646141887
1782375508.198147774 -0.001890413 -0.010297865 -0.166802853 -0.735822618 -0.164180577 0.123076789 0.645338714
1782375508.231502295 -0.005194239 -0.005527392 -0.167024314 -0.734714746 -0.169701517 0.127849385 0.644243956
1782375508.264856339 -0.008599911 -0.001334295 -0.167171061 -0.733432829 -0.174804404 0.132385552 0.643423557
1782375508.298210382 -0.011374414 0.004115731 -0.167430341 -0.732329905 -0.179944202 0.136802942 0.642337978
1782375508.331565380 -0.014316455 0.007821783 -0.167713821 -0.731123626 -0.184716836 0.141033724 0.641441703
1782375508.364919186 -0.017357536 0.011352301 -0.168023303 -0.729891956 -0.189346209 0.145105898 0.640585721
1782375508.398272991 -0.020507433 0.014817223 -0.168191656 -0.728687167 -0.193985373 0.148997992 0.639675200
1782375508.431626320 -0.023751609 0.018373653 -0.168378413 -0.727630436 -0.198273659 0.152879402 0.638646543
1782375508.464979649 -0.027174927 0.021644324 -0.168571442 -0.726188362 -0.202928439 0.156949207 0.637838125
1782375508.498332977 -0.030662082 0.025202021 -0.168772891 -0.724973500 -0.207690984 0.161108136 0.636649132
1782375508.531686068 -0.034093909 0.028535470 -0.168958545 -0.723639786 -0.211945906 0.165056735 0.635752082
1782375508.565038919 -0.038396355 0.031765267 -0.168980628 -0.722273827 -0.216599584 0.168938890 0.634716272
1782375508.598391533 -0.041491687 0.035330981 -0.169007167 -0.721040249 -0.221030325 0.172988445 0.633499503
1782375508.631745815 -0.044710532 0.038544983 -0.169453874 -0.719430864 -0.225299075 0.177145347 0.632676125
1782375508.665103674 -0.048040885 0.041608155 -0.169511557 -0.718187571 -0.229721159 0.180800810 0.631463289
1782375508.698461771 -0.051625486 0.044503331 -0.169635952 -0.716845095 -0.233596563 0.184280857 0.630560398
1782375508.731819391 -0.055478096 0.047077134 -0.169889897 -0.715522587 -0.237622038 0.187800512 0.629518986
1782375508.765176773 -0.059252337 0.049937218 -0.170182139 -0.714143574 -0.241754875 0.191405401 0.628424644
1782375508.798534155 -0.062135600 0.052201211 -0.171945259 -0.712601483 -0.245728061 0.194674522 0.627629519
1782375508.831891298 -0.065571174 0.054352805 -0.172135755 -0.711208880 -0.249685585 0.198051915 0.626589596
1782375508.865248442 -0.069035955 0.056576461 -0.172341302 -0.709805906 -0.253439397 0.201548576 0.625557661
1782375508.898605585 -0.072936170 0.058764264 -0.172536477 -0.708297908 -0.257521003 0.205027476 0.624468386
1782375508.931962490 -0.076875404 0.061114937 -0.172664851 -0.706920505 -0.261616319 0.208667010 0.623119891
1782375508.965319157 -0.080707550 0.063465372 -0.172919109 -0.705090582 -0.265852362 0.212483779 0.622109771
1782375508.998675585 -0.085086651 0.065955430 -0.173149139 -0.703531742 -0.270219117 0.216321230 0.620668948
1782375509.032032967 -0.089482345 0.068543345 -0.173352778 -0.701689720 -0.274696320 0.220252231 0.619405031
1782375509.065389395 -0.094006978 0.070945665 -0.173492193 -0.699954510 -0.279180557 0.224181503 0.617951989
1782375509.098745584 -0.099025056 0.073557556 -0.173695713 -0.697941661 -0.283952594 0.228336334 0.616531372
1782375509.132101536 -0.103910275 0.076209605 -0.173689604 -0.696062922 -0.288668215 0.232636720 0.614855468
1782375509.165457487 -0.108817875 0.079070583 -0.173985839 -0.694019973 -0.293509007 0.237049893 0.613185287
1782375509.198813200 -0.113446556 0.081697196 -0.173959166 -0.691946447 -0.298225880 0.241281480 0.611600161
1782375509.232168674 -0.118234172 0.084405601 -0.174206376 -0.689867020 -0.303108156 0.245509714 0.609863937
1782375509.265524149 -0.122636154 0.086784452 -0.174433708 -0.687788427 -0.307687849 0.249628454 0.608244181
1782375509.298879623 -0.127103761 0.089200526 -0.175624445 -0.685652912 -0.312357426 0.253429085 0.606701553
1782375509.332234859 -0.130874366 0.091531873 -0.175942585 -0.683579743 -0.316651762 0.257309586 0.605179489
1782375509.365589857 -0.134618282 0.093957230 -0.176269457 -0.681656718 -0.320658147 0.261127859 0.603601456
1782375509.398944855 -0.138422534 0.096358538 -0.176474839 -0.679680586 -0.324804574 0.264594853 0.602101266
1782375509.432299614 -0.141870320 0.098651677 -0.176568449 -0.677977800 -0.328251272 0.267959207 0.600662351
1782375509.465654373 -0.145512283 0.100698665 -0.176702961 -0.676054418 -0.332058996 0.271336585 0.599219263
1782375509.499008894 -0.149308860 0.102743655 -0.176729083 -0.674361289 -0.335665345 0.274534553 0.597659111
1782375509.532363176 -0.153625056 0.104331061 -0.176825196 -0.672342956 -0.339294076 0.277849406 0.596350729
1782375509.565717459 -0.157940939 0.106372252 -0.176779971 -0.670631111 -0.343061656 0.280969083 0.594658852
1782375509.599071503 -0.161828265 0.108277842 -0.177055299 -0.668719709 -0.346459448 0.284161091 0.593323052
1782375509.632426739 -0.165472239 0.110115007 -0.177172989 -0.667076707 -0.349712789 0.286986858 0.591902196
1782375509.665784597 -0.168978184 0.111760259 -0.177223295 -0.665506005 -0.352541953 0.289559752 0.590737760
1782375509.699141979 -0.172596455 0.113286257 -0.177421778 -0.663866162 -0.355533332 0.292100430 0.589538157
1782375509.732500553 -0.175935447 0.114959776 -0.177514210 -0.662404418 -0.358414620 0.294707894 0.588138282
1782375509.765857935 -0.179255247 0.116629586 -0.177587003 -0.660748839 -0.361349970 0.297391832 0.586852014
1782375509.799215078 -0.183106214 0.117680997 -0.177864164 -0.658818483 -0.364519835 0.299875200 0.585797310
1782375509.832571983 -0.186203718 0.119315177 -0.178140461 -0.657188416 -0.367549866 0.302699864 0.584280193
1782375509.865928888 -0.189362526 0.120822519 -0.178378791 -0.655337632 -0.370786875 0.305528581 0.582839549
1782375509.899285555 -0.192391008 0.122543335 -0.178547055 -0.653757691 -0.373596370 0.308217257 0.581402421
1782375509.932641983 -0.195392668 0.124305844 -0.178764403 -0.651954293 -0.376465797 0.310818225 0.580190599
1782375509.965998888 -0.198578447 0.126221389 -0.178887635 -0.650571346 -0.379067779 0.313292027 0.578716397
1782375509.999355078 -0.201784179 0.127608344 -0.178964019 -0.648656130 -0.381846011 0.315812588 0.577668905
1782375510.032711267 -0.205357626 0.129274517 -0.179101825 -0.647054017 -0.384715348 0.318401277 0.576138854
1782375510.066067219 -0.209219024 0.130770937 -0.179318279 -0.645253241 -0.387608439 0.321077079 0.574732542
1782375510.099423170 -0.213327959 0.132314116 -0.179445401 -0.643280447 -0.390883595 0.323945433 0.573114038
1782375510.132778883 -0.217319220 0.134281039 -0.179618716 -0.641259730 -0.394142151 0.326934904 0.571446896
1782375510.166134596 -0.221369058 0.136078000 -0.179603726 -0.639458477 -0.397233456 0.329816133 0.569666445
1782375510.199490070 -0.225683004 0.137412697 -0.179795623 -0.637196302 -0.400535941 0.332749724 0.568180919
1782375510.232845306 -0.230096489 0.139043361 -0.179924384 -0.635235429 -0.403823853 0.335568130 0.566388845
1782375510.266200542 -0.234530479 0.140505150 -0.180032507 -0.633256137 -0.406836122 0.338395208 0.564765275
1782375510.299555302 -0.237081021 0.143928736 -0.178906307 -0.631053925 -0.410554975 0.341240793 0.562823534
1782375510.332910299 -0.240683526 0.145780861 -0.179039717 -0.629173040 -0.413524598 0.343968421 0.561092317
1782375510.366265059 -0.244342953 0.147377819 -0.179202735 -0.627152801 -0.416334480 0.346621662 0.559641421
1782375510.399619579 -0.247941196 0.149133235 -0.179396585 -0.625345826 -0.419152588 0.348926067 0.558125734
1782375510.432975054 -0.251352787 0.150864244 -0.179511622 -0.623810053 -0.421358943 0.351080984 0.556830227
1782375510.466329575 -0.254828542 0.152500287 -0.179742694 -0.622098327 -0.423633546 0.353151590 0.555708885
1782375510.499683857 -0.258265257 0.154665276 -0.179800481 -0.620872557 -0.425745010 0.355148852 0.554191113
1782375510.533037901 -0.261996567 0.156747192 -0.179838210 -0.619438708 -0.427648574 0.357222021 0.552996337
1782375510.566391945 -0.266412526 0.158739641 -0.180068225 -0.617720604 -0.430214465 0.359354317 0.551544368
1782375510.599745512 -0.271103591 0.160845920 -0.180343449 -0.615900815 -0.432702243 0.361756265 0.550061226
1782375510.633102179 -0.276281893 0.162948772 -0.180498272 -0.614150763 -0.435359508 0.364112109 0.548364341
1782375510.666458368 -0.281557739 0.164882571 -0.180805326 -0.612191081 -0.437952399 0.366597235 0.546833038
1782375510.699814081 -0.286948383 0.166895032 -0.181080520 -0.610210061 -0.440791667 0.369078606 0.545094013
1782375510.733169794 -0.292360097 0.168676764 -0.181257844 -0.608307779 -0.443437308 0.371450990 0.543460369
1782375510.766525507 -0.297233194 0.170484483 -0.181937814 -0.606009483 -0.446538121 0.373721719 0.541930199
1782375510.799880505 -0.302405417 0.172706038 -0.182247102 -0.603977203 -0.449373394 0.376160264 0.540165424
1782375510.833235741 -0.307380825 0.174969137 -0.182438314 -0.602031291 -0.451661795 0.378685385 0.538662672
1782375510.866590977 -0.312676191 0.177460223 -0.182678759 -0.599981070 -0.454465002 0.381013244 0.536948144
1782375510.899945974 -0.317695737 0.179823011 -0.182709306 -0.598142445 -0.456834406 0.383146614 0.535468698
1782375510.933300734 -0.322728693 0.182251245 -0.182840079 -0.596555650 -0.458798081 0.385136306 0.534130931
1782375510.966655493 -0.327600896 0.184561849 -0.182854056 -0.594880939 -0.460871428 0.386939913 0.532908738
1782375511.000010014 -0.332273185 0.187199563 -0.182836890 -0.593667924 -0.462378621 0.388414443 0.531882286
1782375511.033364296 -0.336756349 0.189635590 -0.182833016 -0.592620671 -0.463679492 0.389657497 0.531007707
1782375511.066718578 -0.341426790 0.191673577 -0.182713598 -0.591795266 -0.464828908 0.390320688 0.530435979
1782375511.100072622 -0.345192820 0.195025563 -0.182777882 -0.591519833 -0.465339512 0.390796483 0.529944956
1782375511.133427143 -0.348634660 0.198428243 -0.182831347 -0.591234565 -0.465361327 0.390997469 0.530095816
1782375511.166780949 -0.351722121 0.202486873 -0.182808757 -0.591515720 -0.465208828 0.390619874 0.530194402
1782375511.200134754 -0.354559094 0.206915110 -0.182708204 -0.592328429 -0.463980913 0.389853358 0.530926645
1782375511.233488083 -0.357079446 0.211761594 -0.182623833 -0.593438029 -0.462666988 0.388704300 0.531676233
1782375511.266841650 -0.359253347 0.217046484 -0.182426631 -0.594581068 -0.461182743 0.387326777 0.532693028
1782375511.300194502 -0.361303866 0.222997636 -0.182201713 -0.596346200 -0.458923012 0.385545343 0.533962250
1782375511.333547592 -0.363338292 0.229021788 -0.181948632 -0.598178804 -0.456683695 0.383459061 0.535332978
1782375511.366900444 -0.365008026 0.235629112 -0.181594729 -0.600328386 -0.454015106 0.381252259 0.536770821
1782375511.400253057 -0.366464257 0.242201388 -0.181316346 -0.602503002 -0.450969279 0.378764242 0.538659871
1782375511.433605671 -0.367786646 0.248874709 -0.180952102 -0.605107784 -0.447739780 0.375810087 0.540500164
1782375511.466958046 -0.368712783 0.255892634 -0.180649072 -0.607737899 -0.444065690 0.372936189 0.542567074
1782375511.500310421 -0.369405746 0.263666600 -0.180245101 -0.610149384 -0.440881640 0.369954556 0.544495046
1782375511.533662319 -0.370534837 0.267209470 -0.180657387 -0.613525391 -0.436186016 0.365918308 0.547203958
1782375511.567014456 -0.370602429 0.273644924 -0.180399925 -0.616091073 -0.432627797 0.362676471 0.549300253
1782375511.600366116 -0.370560527 0.280602306 -0.180280179 -0.618674695 -0.428707927 0.359322816 0.551668644
1782375511.633719921 -0.370346129 0.287542343 -0.180084914 -0.621605873 -0.424709022 0.355844706 0.553717494
1782375511.667077541 -0.369828701 0.294673771 -0.179806143 -0.624047697 -0.420967489 0.352572680 0.555916667
1782375511.700435162 -0.369291306 0.301870018 -0.179627329 -0.626700342 -0.416967183 0.349323034 0.557995141
1782375511.733792543 -0.368755400 0.308895648 -0.179315329 -0.628874481 -0.413691580 0.345919311 0.560103536
1782375511.767149687 -0.367880434 0.315860331 -0.179226607 -0.631916404 -0.408964932 0.342165411 0.562452018
1782375511.800506830 -0.366996080 0.322116643 -0.178813934 -0.634413123 -0.405337811 0.338493764 0.564485073
1782375511.833864689 -0.365082979 0.329353422 -0.178623140 -0.636753500 -0.401254982 0.334987074 0.566853821
1782375511.867221355 -0.363004178 0.336154044 -0.178270996 -0.639667988 -0.396748543 0.331308872 0.568902373
1782375511.900578022 -0.360520482 0.342854857 -0.178002149 -0.642129183 -0.392537624 0.327333927 0.571346581
1782375511.933934927 -0.357874751 0.348109454 -0.177389503 -0.645170569 -0.387481928 0.323399812 0.573607326
1782375511.967291117 -0.354624361 0.354116857 -0.177130640 -0.647961617 -0.382819593 0.319212079 0.575932801
1782375512.000647545 -0.351241499 0.360158563 -0.176794797 -0.650766850 -0.378128171 0.314911336 0.578232288
1782375512.034003496 -0.347820520 0.366018444 -0.176515728 -0.653498709 -0.373298317 0.310859352 0.580477655
1782375512.067359447 -0.344143867 0.371928066 -0.176162809 -0.655954421 -0.368980259 0.306990355 0.582524180
1782375512.100715399 -0.340647340 0.377787441 -0.175815046 -0.658550441 -0.364351362 0.303036779 0.584575236
1782375512.134070873 -0.337240160 0.383544028 -0.175579786 -0.660784841 -0.360193610 0.299330145 0.586536884
1782375512.167426586 -0.335927695 0.391147614 -0.176205575 -0.662786663 -0.356223226 0.296008795 0.588385761
1782375512.200781822 -0.332454085 0.396502256 -0.175992012 -0.665045261 -0.352157980 0.292524278 0.590024769
1782375512.234137297 -0.328691751 0.401836336 -0.175816506 -0.667157948 -0.348233342 0.288888425 0.591757774
1782375512.267492294 -0.324438334 0.406859994 -0.175637096 -0.669158697 -0.343931884 0.285382867 0.593712211
1782375512.300847054 -0.320526749 0.411843836 -0.175560981 -0.670991302 -0.340835959 0.281979650 0.595053792
1782375512.334201813 -0.315671682 0.416983128 -0.175413370 -0.672893763 -0.336566031 0.278529704 0.596957743
1782375512.367556572 -0.310940504 0.421768337 -0.175349504 -0.674786627 -0.332855314 0.275420666 0.598342657
1782375512.400911093 -0.305919230 0.426985949 -0.175195694 -0.676381111 -0.329553992 0.272195846 0.599843502
1782375512.434265614 -0.300648957 0.431856632 -0.175005764 -0.678278446 -0.325490683 0.269062489 0.601331592
1782375512.467619896 -0.296835840 0.439730138 -0.175731122 -0.679448605 -0.322460234 0.266894370 0.602608085
1782375512.500974178 -0.291385531 0.444335073 -0.175547868 -0.681029141 -0.319090605 0.263881564 0.603942931
1782375512.534329176 -0.285836607 0.448600471 -0.175473005 -0.682462811 -0.315817356 0.260936379 0.605323195
1782375512.567682743 -0.279957354 0.453182101 -0.175405145 -0.683997691 -0.312671155 0.257985175 0.606487930
1782375512.601036549 -0.273639888 0.457458079 -0.175235897 -0.685359478 -0.309477478 0.255147040 0.607787848
1782375512.634392023 -0.267206550 0.461675525 -0.175166458 -0.686631203 -0.306423157 0.252371430 0.609057546
1782375512.734465837 -0.246613145 0.472536504 -0.175227612 -0.689906657 -0.298426509 0.245440602 0.612151444
1782375513.001322985 -0.199833706 0.502883315 -0.176215053 -0.697298825 -0.280476779 0.230179325 0.618162334
1782375513.034679651 -0.194891065 0.505493999 -0.176098943 -0.697965741 -0.278655380 0.228427216 0.618882895
1782375513.068036079 -0.189635396 0.508126199 -0.176043868 -0.698908806 -0.276404679 0.226512581 0.619531333
1782375513.101392269 -0.184001833 0.510488153 -0.175923496 -0.699736297 -0.274097472 0.224523708 0.620345771
1782375513.134748459 -0.177326933 0.512706935 -0.175055504 -0.700664818 -0.271559387 0.222111493 0.621281564
1782375513.168104649 -0.171289697 0.515371501 -0.174935669 -0.701634347 -0.269099534 0.220055267 0.621989071
1782375513.201460361 -0.165164486 0.518042147 -0.174748927 -0.702652156 -0.266550690 0.217682943 0.622771859
1782375513.234817266 -0.158842906 0.520683885 -0.174556553 -0.703737199 -0.263673216 0.215234280 0.623622239
1782375513.268172979 -0.153529063 0.521576345 -0.173276901 -0.704978824 -0.260902375 0.212276593 0.624398470
1782375513.301528454 -0.147481665 0.524221659 -0.173113406 -0.705954909 -0.258411586 0.210048482 0.625084698
1782375513.334883690 -0.141481504 0.526727617 -0.172926962 -0.706757247 -0.256022811 0.207817227 0.625906169
1782375513.368238926 -0.135480225 0.529087543 -0.172663510 -0.707676053 -0.253700823 0.205697581 0.626513481
1782375513.401594162 -0.129392147 0.531615257 -0.172480315 -0.708511531 -0.251527697 0.203604758 0.627128661
1782375513.434949160 -0.122876376 0.534192979 -0.172315419 -0.709268808 -0.249295563 0.201644972 0.627796829
1782375513.468303919 -0.115260094 0.536416292 -0.172964215 -0.709958076 -0.247109205 0.199848965 0.628456056
1782375513.501658678 -0.108654916 0.539247990 -0.172799617 -0.710645616 -0.244970456 0.197884247 0.629137695
1782375513.568367720 -0.095789775 0.544963956 -0.172433674 -0.711877227 -0.241652444 0.194670588 0.630030453
1782375513.601722240 -0.089256629 0.548104882 -0.172216058 -0.712262511 -0.240323439 0.193662226 0.630414009
1782375513.635079861 -0.083154753 0.551175654 -0.171848446 -0.712623298 -0.239574507 0.192719609 0.630580187
1782375513.701796532 -0.072042897 0.557746708 -0.170801401 -0.713017344 -0.238924742 0.191901907 0.630630672
1782375513.735155106 -0.066780150 0.561240494 -0.170719147 -0.713051379 -0.238993496 0.191981301 0.630541921
1782375513.768513203 -0.061767519 0.564886808 -0.170617878 -0.712826133 -0.239578322 0.192412049 0.630443335
1782375513.801871061 -0.056883141 0.568577170 -0.170649081 -0.712612092 -0.240235835 0.192994699 0.630256951
1782375513.935302734 -0.036552206 0.583159804 -0.170687199 -0.710676551 -0.244986206 0.197175205 0.629319191
1782375513.968660116 -0.032090828 0.586413205 -0.170711219 -0.710190892 -0.246216878 0.198080063 0.629102945
1782375514.002017260 -0.027801767 0.589756250 -0.170879602 -0.709897816 -0.246962115 0.198878452 0.628889680
1782375514.035374403 -0.023714483 0.592873335 -0.170924366 -0.709654152 -0.247884303 0.199590996 0.628575981
1782375514.068731546 -0.019702509 0.596116245 -0.171006918 -0.709289074 -0.248842478 0.200342223 0.628370523
1782375514.102088451 -0.015542164 0.599185407 -0.171072781 -0.709112167 -0.249395385 0.200921252 0.628166020
1782375514.135445118 -0.011386022 0.602106452 -0.171032250 -0.708717883 -0.250235319 0.201598749 0.628059924
1782375514.168801546 -0.007104054 0.605230749 -0.170991957 -0.708611727 -0.250886619 0.202066049 0.627769589
1782375514.202157974 -0.002610967 0.608351707 -0.170994878 -0.708418310 -0.251129031 0.202399030 0.627783716
1782375514.235514402 0.001934841 0.611783683 -0.170927942 -0.708418131 -0.251434267 0.202686086 0.627569139
1782375514.268870592 0.006512314 0.614984691 -0.170881808 -0.708260238 -0.251637220 0.202849388 0.627613187
1782375514.302226543 0.011287510 0.618396878 -0.170854509 -0.708297074 -0.251899332 0.203026682 0.627409160
1782375514.335582495 0.017023027 0.620945513 -0.170989752 -0.708376467 -0.251719028 0.203031525 0.627390325
1782375514.368938208 0.021999940 0.624253869 -0.171011984 -0.708282590 -0.251912773 0.203132093 0.627385914
1782375514.402293921 0.027080253 0.627422631 -0.171039641 -0.708258986 -0.251754791 0.203105971 0.627484500
1782375514.435649633 0.032049984 0.630521476 -0.171022832 -0.708335817 -0.251722425 0.203137964 0.627400339
1782375514.469004869 0.037253231 0.633715570 -0.170943260 -0.708187222 -0.251845896 0.203295127 0.627467632
1782375514.502360344 0.042425200 0.637043774 -0.170893073 -0.708252430 -0.251631975 0.203296587 0.627479494
1782375514.535715342 0.047415271 0.640166759 -0.170742035 -0.708300173 -0.251622826 0.203479618 0.627369881
1782375514.569070339 0.052569881 0.643413424 -0.170598745 -0.707990944 -0.252168894 0.203568667 0.627470732
1782375514.602425337 0.057628140 0.646914482 -0.170564353 -0.708382666 -0.251486987 0.203463942 0.627336323
1782375514.635782480 0.062639400 0.650314689 -0.171896219 -0.707940519 -0.251961321 0.203624353 0.627592981
1782375514.669140339 0.068007380 0.653812289 -0.171854496 -0.707927823 -0.251995534 0.203697756 0.627569795
1782375514.702498198 0.073296666 0.657092214 -0.171718180 -0.707982600 -0.251757741 0.203803092 0.627569199
1782375514.735856056 0.078941911 0.660589218 -0.171593606 -0.707815588 -0.252133816 0.203787878 0.627611578
1782375514.769213676 0.085285574 0.664451897 -0.171415329 -0.708063543 -0.251522154 0.203581944 0.627644062
1782375514.802571058 0.091357514 0.668206811 -0.171327949 -0.708060265 -0.251210660 0.203443661 0.627817273
1782375514.835928440 0.097942248 0.672145426 -0.171183109 -0.708086014 -0.251248538 0.203167364 0.627862573
1782375514.869285583 0.104958743 0.674434543 -0.169779301 -0.708579779 -0.250299662 0.202491790 0.627902746
1782375514.902642488 0.111455604 0.678278089 -0.169623494 -0.708642840 -0.250151098 0.202079460 0.628023624
1782375514.935999393 0.118165284 0.682108223 -0.169453621 -0.708949447 -0.249597460 0.201603070 0.628051043
1782375514.969356298 0.124694198 0.685737550 -0.169362783 -0.708936632 -0.249043256 0.201213270 0.628410339
1782375515.002712965 0.131047606 0.689562380 -0.169267297 -0.709285200 -0.248637766 0.200600028 0.628373682
1782375515.036069632 0.137400895 0.693252742 -0.169107795 -0.709593952 -0.247756466 0.199950963 0.628580034
1782375515.069425821 0.142275274 0.696763933 -0.168964624 -0.709659278 -0.247084811 0.199395522 0.628947020
1782375515.102782249 0.148524359 0.700539529 -0.168830335 -0.709979415 -0.246653765 0.199040636 0.628867209
1782375515.136138201 0.154610097 0.704120278 -0.168745458 -0.710112929 -0.245986611 0.198593348 0.629119217
1782375515.169494152 0.160374105 0.707593918 -0.168689847 -0.710249424 -0.245708898 0.198070601 0.629238486
1782375515.202850103 0.166118458 0.710954607 -0.168580651 -0.710451126 -0.245194808 0.197602928 0.629358232
1782375515.236205816 0.171641618 0.714438915 -0.168524563 -0.710647762 -0.244714931 0.197151110 0.629464805
1782375515.269561529 0.177777573 0.718328893 -0.168990970 -0.710629165 -0.244389787 0.196987510 0.629663289
1782375515.302917004 0.183769286 0.721723497 -0.168974102 -0.710805893 -0.243878171 0.196322590 0.629869699
1782375515.336273193 0.190062180 0.725410819 -0.168991327 -0.711425424 -0.242432848 0.195538208 0.629972339
1782375515.369628429 0.196306169 0.728662848 -0.168883026 -0.711397648 -0.242355302 0.194857582 0.630244374
1782375515.402983427 0.203040034 0.732513070 -0.168845415 -0.712004304 -0.240931481 0.193978935 0.630376220
1782375515.436338425 0.209583431 0.735914230 -0.168723047 -0.712184966 -0.240182534 0.193206847 0.630694926
1782375515.469693184 0.216286302 0.738855779 -0.169517636 -0.712314129 -0.239466384 0.192301333 0.631097972
1782375515.503047943 0.223248601 0.742477655 -0.169421434 -0.712819219 -0.238114387 0.191419899 0.631307125
1782375515.536402225 0.230000332 0.745830953 -0.169294536 -0.713036239 -0.237326741 0.190402254 0.631666303
1782375515.569756746 0.237076744 0.749370039 -0.169223905 -0.713560939 -0.236035466 0.189201519 0.631918371
1782375515.603111029 0.243981600 0.752815485 -0.169096112 -0.714070797 -0.234706789 0.187892213 0.632227957
1782375515.636466742 0.251203150 0.755980134 -0.168977201 -0.714466691 -0.233245239 0.186681286 0.632680178
1782375515.669823170 0.258293509 0.759215713 -0.168747783 -0.714902878 -0.232094780 0.185426831 0.632979274
1782375515.703179359 0.265383720 0.762145102 -0.168602705 -0.715372682 -0.230524570 0.184274599 0.633358717
1782375515.736535549 0.271092385 0.763347745 -0.168135881 -0.715833664 -0.229365051 0.182899386 0.633657455
1782375515.769891500 0.277788609 0.766234338 -0.168110847 -0.716364086 -0.227728844 0.181541696 0.634038508
1782375515.803247452 0.284282178 0.769105017 -0.168034017 -0.716931522 -0.226247787 0.180402786 0.634252369
1782375515.836603165 0.291086048 0.772123277 -0.167902768 -0.717249334 -0.225265831 0.179253399 0.634568274
1782375515.869958639 0.297943056 0.775198102 -0.167837143 -0.717732728 -0.223454446 0.178184941 0.634963095
1782375515.903314114 0.304391026 0.778303981 -0.167918742 -0.717969120 -0.222763672 0.177435666 0.635148287
1782375515.936669350 0.311154127 0.781566978 -0.167877257 -0.718322873 -0.221898571 0.176783919 0.635232806
1782375515.970024347 0.316953987 0.784575999 -0.167782307 -0.718485653 -0.221308976 0.176171422 0.635424554
1782375516.003379345 0.322397351 0.787588120 -0.168012500 -0.718758643 -0.220640585 0.175790235 0.635453939
1782375516.036735058 0.330325037 0.791141272 -0.168058515 -0.718710005 -0.221012220 0.175940692 0.635338068
1782375516.203506947 0.357016504 0.805086553 -0.167533040 -0.718156219 -0.222525507 0.177188128 0.635089278
1782375516.236860752 0.362658918 0.808154166 -0.167367578 -0.717993736 -0.222907424 0.177563146 0.635034382
1782375516.403628111 0.391514480 0.825230598 -0.167095184 -0.717300117 -0.225033611 0.179169774 0.634616971
1782375516.436980963 0.396826267 0.829349220 -0.167054176 -0.717269897 -0.225406572 0.179570675 0.634405375
1782375516.470334053 0.402273715 0.832872152 -0.167032957 -0.716908813 -0.226253599 0.180248156 0.634319901
1782375516.503686428 0.407558858 0.836409271 -0.167221367 -0.716706216 -0.226800308 0.180693910 0.634226799
1782375516.537039042 0.412828684 0.840175748 -0.167197764 -0.716426253 -0.227507725 0.181440040 0.634076655
1782375516.570391655 0.417881638 0.844094038 -0.167240858 -0.716025472 -0.228861734 0.182445213 0.633753538
1782375516.603743792 0.422831297 0.848129988 -0.167292118 -0.715916991 -0.229775161 0.183334529 0.633288860
1782375516.637098551 0.427425802 0.851855218 -0.167215526 -0.715474665 -0.231091142 0.184440002 0.632988811
1782375516.670456886 0.431954026 0.855791688 -0.167241037 -0.714933932 -0.232698843 0.185769364 0.632622004
1782375516.703814745 0.436790287 0.859917283 -0.167171061 -0.714548826 -0.234319270 0.187074766 0.632073998
1782375516.737173557 0.441951454 0.864146709 -0.167249441 -0.714039028 -0.235604391 0.188331276 0.631799161
1782375516.770531178 0.447327286 0.868720531 -0.167252123 -0.713651836 -0.237149134 0.189745367 0.631235421
1782375516.803888798 0.453008592 0.873155057 -0.167163551 -0.713042736 -0.238547698 0.190899238 0.631048858
1782375516.837246418 0.458144754 0.877969921 -0.167169988 -0.712864935 -0.239904061 0.192226514 0.630332172
1782375516.870603561 0.464152664 0.883079529 -0.167263627 -0.711929858 -0.241920546 0.193843871 0.630122900
1782375516.903960705 0.470249832 0.888206124 -0.167286456 -0.711457849 -0.243312329 0.195419535 0.629633307
1782375516.937317848 0.476188451 0.893233836 -0.167338312 -0.710685372 -0.245379478 0.197148919 0.629164219
1782375516.970674753 0.482268006 0.898661256 -0.167421222 -0.710118890 -0.247244835 0.198625207 0.628609002
1782375517.004031420 0.488274992 0.903951049 -0.167489409 -0.709577799 -0.248583898 0.200143024 0.628210366
1782375517.037388086 0.494090021 0.909273922 -0.167489052 -0.709109724 -0.250387967 0.201612353 0.627552152
1782375517.070744514 0.499971926 0.914787412 -0.167622447 -0.708557427 -0.251741052 0.202821881 0.627244949
1782375517.104101181 0.505487323 0.920173526 -0.167669237 -0.707961440 -0.253393829 0.204369798 0.626749694
1782375517.137457371 0.510717511 0.925698638 -0.167859018 -0.707423091 -0.254933000 0.205469891 0.626373649
1782375517.170813560 0.515765905 0.930951715 -0.167974055 -0.706981540 -0.256352216 0.206763119 0.625867248
1782375517.204169512 0.520799398 0.936398327 -0.168086350 -0.706484854 -0.257563144 0.207985833 0.625525653
1782375517.237525463 0.525892377 0.942040920 -0.168287992 -0.706032395 -0.258793116 0.209142387 0.625143170
1782375517.270881176 0.530315518 0.947466373 -0.167480469 -0.705872595 -0.259798884 0.209893420 0.624654412
1782375517.304236889 0.535187483 0.953453600 -0.167553842 -0.705780745 -0.260457188 0.210686550 0.624216974
1782375517.337592363 0.539735436 0.959347546 -0.167600572 -0.705561459 -0.261329830 0.211183012 0.623932362
1782375517.370947599 0.544565558 0.965277970 -0.167682588 -0.705565333 -0.261583626 0.211581200 0.623686612
1782375517.404302835 0.549608767 0.971106172 -0.167809784 -0.705606699 -0.261431307 0.211628422 0.623687744
1782375517.437659025 0.555025578 0.976867139 -0.167911828 -0.705694735 -0.260896325 0.211486235 0.623860300
1782375517.471014023 0.560463309 0.982650101 -0.168139935 -0.705676854 -0.260558814 0.211004168 0.624184787
1782375517.537723303 0.572448552 0.994875491 -0.168376148 -0.706498802 -0.257948071 0.209067687 0.624990344
1782375517.571077824 0.579410911 1.001945615 -0.168233454 -0.706936240 -0.256502390 0.207667187 0.625557423
1782375517.604432344 0.586604416 1.008563757 -0.168287873 -0.707597554 -0.254005909 0.206188098 0.626317203
1782375517.637808084 0.592121422 1.013159275 -0.169216871 -0.707902014 -0.251875252 0.203994811 0.627550662
1782375517.671208858 0.599084914 1.020411491 -0.169298649 -0.709010065 -0.249403268 0.201975793 0.627939999
1782375517.704609871 0.606080830 1.027782440 -0.169184983 -0.709939718 -0.246749818 0.199611738 0.628693402
1782375517.738011360 0.613069534 1.035098433 -0.169050574 -0.710774899 -0.244075328 0.197318614 0.629517078
1782375517.771413326 0.620029509 1.042473793 -0.168859899 -0.711523473 -0.241575986 0.195023939 0.630349934
1782375517.804815769 0.627197325 1.050151706 -0.168733358 -0.712270260 -0.238605678 0.192577541 0.631389260
1782375517.838218451 0.634344459 1.058166265 -0.168531775 -0.713607848 -0.235410094 0.189957649 0.631871939
1782375517.871621609 0.643149137 1.066965818 -0.167536795 -0.714649439 -0.232489437 0.187390581 0.632542193
1782375517.905025482 0.650611579 1.074679494 -0.167295873 -0.715795100 -0.228974640 0.184418723 0.633401811
1782375517.938429356 0.658459842 1.082470536 -0.167070746 -0.716619194 -0.225710824 0.181830451 0.634388864
1782375517.971833944 0.666145504 1.090520978 -0.166714370 -0.717816651 -0.222903967 0.179020032 0.634826779
1782375518.005239010 0.673385024 1.098503470 -0.166415930 -0.718778729 -0.219121754 0.176059052 0.635882080
1782375518.038644314 0.678520322 1.106805921 -0.166379154 -0.719587803 -0.216423079 0.173821837 0.636506438
1782375518.072050095 0.684601843 1.114458919 -0.166070640 -0.720302165 -0.213694602 0.171538308 0.637239516
1782375518.105456352 0.690285444 1.122087717 -0.165835917 -0.721160173 -0.210887626 0.169008985 0.637879670
1782375518.138864040 0.695697665 1.129799843 -0.165793538 -0.722025514 -0.207951650 0.166265190 0.638585329
1782375518.172271252 0.700866818 1.137169123 -0.165533543 -0.722857118 -0.205294251 0.163691223 0.639169157
1782375518.205678701 0.706157207 1.144781947 -0.165404379 -0.723644674 -0.202316761 0.161192834 0.639861941
1782375518.239086628 0.712201178 1.153365970 -0.165178895 -0.724391580 -0.199526072 0.158650845 0.640528023
1782375518.272495031 0.716167212 1.159958601 -0.164937198 -0.725263298 -0.196568117 0.156095132 0.641083896
1782375518.305903912 0.721618354 1.167052269 -0.164706349 -0.726107836 -0.193221942 0.153081223 0.641871393
1782375518.339313269 0.727368593 1.174390197 -0.164571643 -0.726879179 -0.190204129 0.150207698 0.642578244
1782375518.372722864 0.733458698 1.181910515 -0.164447546 -0.727686465 -0.187077597 0.147505149 0.643208146
1782375518.406133175 0.739559293 1.189407229 -0.164419472 -0.728432775 -0.183757007 0.145102650 0.643866718
1782375518.439543486 0.746665716 1.199105859 -0.165643692 -0.728938460 -0.181668282 0.142937601 0.644371152
1782375518.472954512 0.752800345 1.206826568 -0.165461183 -0.729702115 -0.178322792 0.140195057 0.645043671
1782375518.506366014 0.759010196 1.214545369 -0.165323555 -0.730443299 -0.175313711 0.137851939 0.645534396
1782375518.539777756 0.765006900 1.222236395 -0.165195107 -0.730990469 -0.172972724 0.135399789 0.646065295
1782375518.573190212 0.771275163 1.229781032 -0.165051877 -0.731693089 -0.169595435 0.132872015 0.646689832
1782375518.606602669 0.777069151 1.237195492 -0.164961696 -0.732349932 -0.166814312 0.130146757 0.647223592
1782375518.639991045 0.781866074 1.245442629 -0.164798021 -0.733021319 -0.163640708 0.126965389 0.647905350
1782375518.673357487 0.788190126 1.253057003 -0.164652348 -0.733771384 -0.160256431 0.124295458 0.648419738
1782375518.706723928 0.794139862 1.260575294 -0.164564848 -0.734359264 -0.157138705 0.121443793 0.649057329
1782375518.740090370 0.800021589 1.268171906 -0.164538741 -0.735256076 -0.153527334 0.118378408 0.649472415
1782375518.773456812 0.805524588 1.275246739 -0.164439440 -0.735766590 -0.150176555 0.114925742 0.650297344
1782375518.806823015 0.811074615 1.282832503 -0.164382219 -0.736979127 -0.146240085 0.111746401 0.650375664
1782375518.840190172 0.816342711 1.289916277 -0.164121985 -0.737504780 -0.142570645 0.108219460 0.651190341
1782375518.873556376 0.821592033 1.297376871 -0.164144754 -0.738414705 -0.138651893 0.104556695 0.651603699
1782375518.906922340 0.824484885 1.304218292 -0.164121866 -0.739382923 -0.133970276 0.100569054 0.652112603
1782375518.940288305 0.829827428 1.309650183 -0.162581682 -0.740347624 -0.129496396 0.095984250 0.652612627
1782375518.973654270 0.834419250 1.316501498 -0.162337661 -0.741383255 -0.124743812 0.091754362 0.652970910
1782375519.007020235 0.839133918 1.323442221 -0.162229061 -0.742198467 -0.119564630 0.087417126 0.653608561
1782375519.040385962 0.844010353 1.330302835 -0.162155390 -0.743070900 -0.114703685 0.082926154 0.654073358
1782375519.073751926 0.848925471 1.336981893 -0.162042499 -0.744020641 -0.109517522 0.078394420 0.654441416
1782375519.107117414 0.850220501 1.343738079 -0.161805034 -0.745017290 -0.104096971 0.073275246 0.654785395
1782375519.140483141 0.854523301 1.350029826 -0.161790729 -0.745794475 -0.099024452 0.068715639 0.655181646
1782375519.173848867 0.859271586 1.355939746 -0.161567211 -0.746520758 -0.093844637 0.063914225 0.655602753
1782375519.207214355 0.863946080 1.361383319 -0.161516666 -0.747284532 -0.088483155 0.059479374 0.655895472
1782375519.240579844 0.868644655 1.366588235 -0.161425829 -0.747848809 -0.083902188 0.055321917 0.656218052
1782375519.273945093 0.873894215 1.371227145 -0.161193371 -0.748373210 -0.079057418 0.051127739 0.656561911
1782375519.307310581 0.878600478 1.375535131 -0.161189318 -0.748889983 -0.074190609 0.046941407 0.656853199
1782375519.340675831 0.883455276 1.379905105 -0.161239147 -0.749524295 -0.069823489 0.042379946 0.656918526
1782375519.374040842 0.893527389 1.383085966 -0.162068248 -0.749980748 -0.064503089 0.038682114 0.657169640
1782375519.407406092 0.898788631 1.386221409 -0.162049055 -0.750483751 -0.059583467 0.034402274 0.657297790
1782375519.440771103 0.904344916 1.389048815 -0.162003994 -0.750753641 -0.055240396 0.030299971 0.657570899
1782375519.474135876 0.910383284 1.391530514 -0.161879301 -0.751201749 -0.049806241 0.026001075 0.657677174
1782375519.540866852 0.922019422 1.395985246 -0.161600351 -0.751891851 -0.039786447 0.016955713 0.657866478
1782375519.574231625 0.927864850 1.398291707 -0.161423564 -0.752093852 -0.034653187 0.012478275 0.658026040
1782375519.607596397 0.933738828 1.400530338 -0.161221743 -0.752403438 -0.029597102 0.007987296 0.657988846
1782375519.640961647 0.939985335 1.402656078 -0.161047697 -0.752628386 -0.024484852 0.003425057 0.657981217
1782375519.674326658 0.946061790 1.404668808 -0.160746455 -0.752766132 -0.019340901 -0.001174295 0.658002853
1782375519.707691669 0.952168167 1.407096744 -0.160045743 -0.753043652 -0.014397812 -0.005649560 0.657788873
1782375519.741056681 0.958318353 1.409108758 -0.159874201 -0.753108740 -0.009374988 -0.010208840 0.657750130
1782375519.774421692 0.964647830 1.411002159 -0.159692049 -0.753187597 -0.003989233 -0.014877151 0.657625556
1782375519.841151237 0.979762793 1.414860010 -0.159329772 -0.753167391 0.006911017 -0.024233019 0.657346189
1782375519.874515533 0.987141728 1.416580081 -0.159104705 -0.753166258 0.012015786 -0.029020473 0.657079935
1782375519.941244602 1.001545548 1.419762135 -0.158737898 -0.752939701 0.023931811 -0.039399326 0.656472981
1782375519.974609137 1.009052634 1.420629263 -0.158718467 -0.752601266 0.030010315 -0.044647247 0.656275451
1782375520.007973433 1.016418099 1.421341419 -0.158655882 -0.752324760 0.036388747 -0.049942389 0.655888081
1782375520.041337729 1.023998857 1.422803998 -0.158908606 -0.751995564 0.042035051 -0.054737344 0.655545294
1782375520.074701786 1.031512022 1.423513889 -0.158741355 -0.751655042 0.048452269 -0.059984535 0.655033588
1782375520.108065844 1.038791180 1.424081564 -0.158539891 -0.751260340 0.054587696 -0.065444462 0.654480875
1782375520.141429901 1.046401381 1.424404383 -0.158412695 -0.750780940 0.060990501 -0.071111992 0.653874040
1782375520.174793959 1.054051161 1.424587369 -0.158246040 -0.750173032 0.067542635 -0.076818369 0.653282046
1782375520.208158016 1.061594963 1.424831629 -0.158179998 -0.749642551 0.073817663 -0.082340121 0.652539015
1782375520.241522789 1.069484472 1.424995422 -0.157977462 -0.748968661 0.080485851 -0.088011533 0.651783645
1782375520.274886370 1.077194214 1.425240636 -0.157860398 -0.748313904 0.086792782 -0.093544587 0.650955260
1782375520.308250189 1.086402893 1.423644185 -0.157859802 -0.747509181 0.092996255 -0.099088736 0.650202453
1782375520.341613770 1.094216824 1.424101472 -0.157743216 -0.746526778 0.099800318 -0.105058968 0.649384558
1782375520.374977350 1.102421761 1.424595118 -0.157611728 -0.745699465 0.106767818 -0.110754177 0.648279607
1782375520.408340931 1.110520124 1.424788952 -0.157424331 -0.744796157 0.113287345 -0.116675355 0.647172034
1782375520.441704273 1.118946671 1.424691319 -0.157209992 -0.743767142 0.120551743 -0.122526869 0.645960450
1782375520.475067616 1.127015471 1.424486637 -0.157014370 -0.742520869 0.127192959 -0.128405899 0.644978106
1782375520.508430958 1.135084867 1.423939347 -0.156934023 -0.741275668 0.134216353 -0.134401485 0.643764496
1782375520.541794062 1.143037081 1.423342109 -0.156871200 -0.740122378 0.141057670 -0.140324593 0.642363310
1782375520.575156927 1.150863171 1.422289610 -0.156702042 -0.738771915 0.147980198 -0.146178424 0.641053677
1782375520.608520031 1.158547163 1.421071053 -0.156600714 -0.737351358 0.154471710 -0.151889071 0.639829099
1782375520.641884089 1.166309834 1.419416308 -0.156485081 -0.736012816 0.161037773 -0.157385632 0.638421297
1782375520.675249100 1.175003767 1.417409182 -0.155222058 -0.734661281 0.167468354 -0.162306771 0.637090027
1782375520.708613873 1.182398319 1.416237950 -0.155018330 -0.733406901 0.173740834 -0.167698622 0.635457098
1782375520.741978407 1.189480782 1.414563060 -0.154738665 -0.731723964 0.180583164 -0.173511073 0.633927226
1782375520.775343180 1.196518421 1.412632704 -0.154506207 -0.729975045 0.187436953 -0.179271892 0.632349193
1782375520.808707714 1.203096628 1.410522342 -0.154426932 -0.728507102 0.193483144 -0.184635863 0.630675256
1782375520.842072248 1.209940910 1.406599402 -0.154450417 -0.726647317 0.199718922 -0.189941123 0.629300058
1782375520.875436783 1.214996099 1.397799492 -0.155386329 -0.724575520 0.206634283 -0.194992036 0.627909899
1782375520.908801317 1.221271753 1.394769669 -0.155103683 -0.722637355 0.212730065 -0.200433478 0.626392543
1782375520.942166567 1.227606297 1.391452551 -0.154915571 -0.720834076 0.219033703 -0.205677867 0.624595225
1782375520.975530863 1.233529806 1.387978792 -0.154783487 -0.718956053 0.224943116 -0.210918278 0.622909546
1782375521.008894920 1.239678144 1.384065986 -0.154881954 -0.717093945 0.231179580 -0.215989098 0.621032178
1782375521.042258978 1.245606542 1.379623890 -0.154863477 -0.715080142 0.237375587 -0.220994428 0.619253397
1782375521.075623035 1.251575947 1.374891400 -0.155083060 -0.713059425 0.243333429 -0.226076290 0.617433906
1782375521.108987093 1.256914377 1.370003104 -0.155106187 -0.710946381 0.249327466 -0.231058210 0.615632415
1782375521.142351151 1.262163877 1.365180850 -0.155284047 -0.708856344 0.255302578 -0.235994413 0.613718212
1782375521.175714731 1.267135978 1.360437989 -0.155305624 -0.706698775 0.261169374 -0.240903065 0.611827672
1782375521.209078550 1.272222281 1.355710745 -0.155364394 -0.704581618 0.266778976 -0.245630100 0.609966874
1782375521.242442131 1.277145982 1.350957870 -0.155446887 -0.702267170 0.272629231 -0.250345856 0.608129263
1782375521.275805950 1.281961441 1.346233249 -0.155677557 -0.700112343 0.277952552 -0.254785568 0.606357515
1782375521.309169531 1.286583185 1.341681600 -0.155616164 -0.698207438 0.283116251 -0.259336621 0.604231894
1782375521.342532873 1.288598299 1.338089585 -0.155743241 -0.695502281 0.289051473 -0.264528930 0.602287591
1782375521.409259558 1.301317215 1.328361273 -0.155825615 -0.691146135 0.299580783 -0.273330986 0.598212898
1782375521.442622900 1.305944204 1.324225068 -0.155702114 -0.688633084 0.305496901 -0.277447134 0.596220791
1782375521.475986004 1.309440374 1.320915818 -0.155858159 -0.686649680 0.309294999 -0.281575561 0.594612479
1782375521.509349108 1.313969851 1.317148685 -0.155668974 -0.684585094 0.314706355 -0.285539389 0.592258751
1782375521.542712212 1.317890167 1.313467145 -0.155459166 -0.682158530 0.319170624 -0.289929003 0.590534627
1782375521.576075077 1.322102785 1.309407949 -0.155311108 -0.680106640 0.324191898 -0.293878466 0.588209212
1782375521.609437943 1.325650573 1.304562569 -0.155039549 -0.677506089 0.329045057 -0.298255771 0.586309075
1782375521.642849684 1.329127312 1.299673557 -0.154863596 -0.675382078 0.333705813 -0.302171916 0.584116101
1782375521.676260710 1.329907894 1.296226621 -0.154692411 -0.673089504 0.338575304 -0.306466788 0.581717610
1782375521.876738071 1.343452692 1.263539791 -0.154019833 -0.658205390 0.366564691 -0.329894990 0.568828106
1782375521.910152912 1.345117807 1.257242680 -0.153741121 -0.656142950 0.370474160 -0.333523154 0.566557765
1782375521.943567753 1.347001553 1.251000881 -0.153611660 -0.653236032 0.375627369 -0.337502271 0.564162195
1782375521.976983547 1.350189328 1.244236588 -0.153448105 -0.650901198 0.379744977 -0.340912819 0.562049806
1782375522.010400057 1.352205634 1.238220096 -0.153245926 -0.648326695 0.384462744 -0.344651669 0.559532106
1782375522.043816805 1.353902817 1.232350111 -0.153012753 -0.645387590 0.389099926 -0.348640203 0.557248712
1782375522.077234030 1.355569243 1.226418734 -0.152842999 -0.643052757 0.393292397 -0.352270037 0.554716349
1782375522.110652208 1.356994987 1.220154166 -0.152736187 -0.640241325 0.397653788 -0.355887562 0.552545547
1782375522.144070387 1.355796099 1.213653326 -0.153294086 -0.637711644 0.401482821 -0.359598488 0.550294876
1782375522.177489281 1.356868744 1.206975460 -0.153246164 -0.635077298 0.405811012 -0.363114297 0.547852397
1782375522.210908651 1.357577205 1.200041890 -0.153173923 -0.632477462 0.409669489 -0.366561264 0.545688689
1782375522.244328499 1.358228922 1.192681909 -0.153114557 -0.630181551 0.413080543 -0.369596124 0.543722689
1782375522.277749300 1.358492732 1.185027122 -0.153107882 -0.627942443 0.416176677 -0.372354418 0.542067826
1782375522.311170101 1.358716369 1.176108837 -0.153770924 -0.625985026 0.418701231 -0.374574989 0.540856481
1782375522.344592810 1.358790159 1.168352008 -0.153806448 -0.624122500 0.421554804 -0.376917928 0.539161980
1782375522.378014565 1.358515143 1.160497785 -0.153873205 -0.622128129 0.423856795 -0.379306346 0.537985921
1782375522.411437273 1.357955933 1.152697921 -0.153972149 -0.620746732 0.425963849 -0.381054938 0.536680043
1782375522.444860458 1.356418252 1.141666055 -0.153203011 -0.619252145 0.427740306 -0.382491887 0.535971165
1782375522.478283882 1.355836868 1.134122968 -0.153016567 -0.617943704 0.429618001 -0.384179384 0.534771204
1782375522.511708260 1.355274439 1.126686096 -0.152844310 -0.616291106 0.431912094 -0.385861516 0.533617973
1782375522.545132875 1.354863405 1.119931459 -0.152839065 -0.615255833 0.433500051 -0.387478888 0.532351434
1782375522.578558207 1.354383469 1.113012552 -0.152720213 -0.613415062 0.435891241 -0.389553875 0.531007111
1782375522.611981630 1.353933215 1.106731176 -0.152769208 -0.611880362 0.437989742 -0.391379416 0.529707134
1782375522.645354509 1.355355978 1.098372936 -0.153571486 -0.610472977 0.439537674 -0.393047243 0.528813183
1782375522.678727388 1.355260134 1.091956377 -0.153418422 -0.609095991 0.441561401 -0.394461304 0.527660906
1782375522.712099791 1.355099201 1.085815072 -0.153352737 -0.607777297 0.443225682 -0.396083593 0.526569664
1782375522.745472431 1.355027914 1.079955697 -0.153300762 -0.606531382 0.445012599 -0.397475332 0.525449276
1782375522.778845072 1.355106354 1.074269176 -0.153285027 -0.605500579 0.446309805 -0.398774475 0.524552822
1782375522.812217474 1.355414510 1.068428516 -0.153345466 -0.604551077 0.447579533 -0.399809837 0.523777425
1782375522.845590115 1.355666161 1.062678337 -0.153481364 -0.603612185 0.448826551 -0.400791973 0.523042023
1782375522.878962755 1.356034875 1.056866407 -0.153589964 -0.603000104 0.449642330 -0.401650786 0.522388160
1782375522.912335157 1.356327057 1.050862074 -0.153747082 -0.602007687 0.450893015 -0.402679294 0.521662474
1782375522.945707798 1.356776476 1.044880867 -0.153864741 -0.601367354 0.451740831 -0.403572381 0.520976841
1782375522.979080439 1.357229471 1.038813829 -0.154052019 -0.600311756 0.453213722 -0.404558748 0.520149410
1782375523.012452841 1.357670069 1.032638669 -0.154170871 -0.599385262 0.454462260 -0.405760646 0.519191384
1782375523.045826674 1.358116269 1.026227117 -0.154296398 -0.598013699 0.456233710 -0.407043338 0.518214405
1782375523.079199314 1.360468388 1.019125462 -0.155231237 -0.596825302 0.457533598 -0.408550531 0.517251492
1782375523.112571716 1.361301661 1.012540579 -0.155398369 -0.595593572 0.459457219 -0.409880251 0.515912414
1782375523.145944357 1.361820936 1.006006241 -0.155515909 -0.594151199 0.461027652 -0.411467522 0.514910042
1782375523.179316759 1.362559438 0.999138594 -0.155678034 -0.592876256 0.462953895 -0.412909538 0.513495147
1782375523.212689161 1.363109112 0.992121339 -0.155843973 -0.591259956 0.464990169 -0.414616674 0.512141466
1782375523.246061802 1.363465071 0.985019326 -0.156031847 -0.590080440 0.466326267 -0.416013032 0.511153758
1782375523.279434443 1.363734484 0.977705598 -0.156258583 -0.588691235 0.468041062 -0.417473167 0.509996533
1782375523.312806845 1.363921642 0.970840812 -0.156480312 -0.587548912 0.469744205 -0.418722451 0.508722186
1782375523.346179485 1.364116907 0.963336825 -0.156674623 -0.586574554 0.470701993 -0.420013845 0.507896006
1782375523.379551888 1.364465714 0.955865264 -0.156871796 -0.584977090 0.472823143 -0.421344519 0.506664515
1782375523.446297169 1.364450455 0.941812515 -0.157082915 -0.582655489 0.475730479 -0.424068511 0.504340172
1782375523.479669333 1.364024639 0.935036540 -0.157261252 -0.581407189 0.477220148 -0.425291300 0.503342748
1782375523.513041973 1.364073396 0.928219676 -0.157243013 -0.580572546 0.478250980 -0.426344901 0.502435625
1782375523.546414614 1.365188122 0.922859788 -0.158039331 -0.579313457 0.479734302 -0.427710801 0.501312613
1782375523.646533251 1.364665508 0.904064476 -0.158410788 0.576174140 -0.483567476 0.431344330 -0.498124421
1782375523.679906845 1.364281058 0.897602320 -0.158491254 0.575289726 -0.484465390 0.432497650 -0.497273326
1782375523.713280439 1.363750696 0.890871882 -0.158649564 0.574196696 -0.485947907 0.433419198 -0.496286869
1782375523.746654987 1.362889290 0.884231448 -0.158770800 0.573477805 -0.486448020 0.434391350 -0.495777965
1782375523.780028820 1.362084866 0.876926541 -0.158910394 0.572591186 -0.487584621 0.435216457 -0.494961888
1782375523.813402414 1.361297131 0.870092750 -0.158962369 0.571754158 -0.488639086 0.435911804 -0.494277269
1782375523.846775770 1.360097647 0.863137126 -0.159036875 0.571251929 -0.489166319 0.436835170 -0.493520677
1782375523.880149603 1.358998060 0.856207490 -0.159225106 0.570319235 -0.490394235 0.437433600 -0.492850214
1782375523.913523197 1.357760191 0.849452436 -0.159345388 0.569882333 -0.490751117 0.438098252 -0.492409855
1782375523.946897030 1.356627464 0.842320681 -0.159511328 0.569377601 -0.491404951 0.438414752 -0.492059737
1782375523.980270624 1.355137587 0.835581005 -0.159566164 0.568659782 -0.491907120 0.439095736 -0.491780847
1782375524.013644218 1.354287267 0.829186082 -0.159564614 0.568808615 -0.492184103 0.439282328 -0.491164565
1782375524.047017813 1.352955818 0.822372317 -0.159702897 0.567982852 -0.492750436 0.440127075 -0.490796030
1782375524.080391645 1.352862597 0.814144015 -0.159980655 0.567548037 -0.493547052 0.440332681 -0.490313917
1782375524.180512428 1.348577738 0.793279231 -0.160467982 0.566119969 -0.494751811 0.441923290 -0.489318639
1782375524.213886261 1.347023845 0.786474109 -0.160485387 0.565601885 -0.495502174 0.442318439 -0.488801241
1782375524.247259855 1.345391989 0.780139446 -0.160519004 0.565212965 -0.495738715 0.442845106 -0.488534212
1782375524.280633450 1.343959093 0.773562789 -0.160646439 0.565024972 -0.496063590 0.443116903 -0.488175333
1782375524.314007282 1.342291951 0.767062664 -0.160660625 0.564710617 -0.496275574 0.443528503 -0.487949789
1782375524.347380877 1.340813637 0.760256827 -0.160744309 0.564304829 -0.496939361 0.443831056 -0.487468302
1782375524.380754709 1.339330435 0.753678083 -0.160653591 0.563970387 -0.497143537 0.444258928 -0.487257421
1782375524.414128065 1.337983966 0.746929586 -0.160580039 0.563848555 -0.497385114 0.444548070 -0.486887932
1782375524.447502851 1.336692333 0.739993930 -0.160663962 0.563203096 -0.498017639 0.444979429 -0.486594409
1782375524.480876684 1.336669564 0.733907461 -0.160798550 0.562997341 -0.498389155 0.445166886 -0.486280590
1782375524.514250278 1.335846901 0.727038622 -0.160786629 0.562583029 -0.498718441 0.445678860 -0.485953391
1782375524.547624111 1.335343838 0.720018208 -0.160794497 0.562288821 -0.499235511 0.445900232 -0.485559732
1782375524.580997705 1.334969997 0.712644815 -0.160732985 0.562317610 -0.499000579 0.446172386 -0.485517770
1782375524.614371300 1.334755659 0.704622507 -0.160780907 0.562121749 -0.499286383 0.446121424 -0.485497653
1782375524.647743940 1.334840298 0.696567059 -0.160915375 0.562338531 -0.499004126 0.446080685 -0.485574245
1782375524.681115627 1.335125685 0.687842965 -0.160992503 0.562500358 -0.498870045 0.445815057 -0.485768586
1782375524.714487553 1.335508585 0.679274440 -0.160999179 0.562576830 -0.498678118 0.445861071 -0.485834777
1782375524.747859716 1.336160183 0.670915604 -0.161258459 0.562684059 -0.498664767 0.445767581 -0.485810101
1782375524.881346941 1.337319016 0.631831288 -0.162369967 0.562344909 -0.498935461 0.446408302 -0.485336185
1782375524.914718866 1.336910963 0.622719765 -0.162379503 0.561893523 -0.499385446 0.446609408 -0.485211283
1782375524.948090315 1.336841822 0.614280283 -0.162567735 0.561979592 -0.499195665 0.446923554 -0.485017568
1782375524.981462240 1.336488485 0.605917811 -0.162661791 0.561522484 -0.499775171 0.447317183 -0.484587193
1782375525.014833927 1.336141825 0.598214865 -0.162751436 0.561156034 -0.500215769 0.447787344 -0.484122604
1782375525.048205853 1.335740566 0.590750813 -0.163180351 0.560670257 -0.500865340 0.448280245 -0.483557284
1782375525.081577539 1.335243106 0.583575487 -0.163354635 0.560139179 -0.501397610 0.448858082 -0.483084917
1782375525.114949226 1.334682226 0.576469183 -0.163509250 0.559399962 -0.502203465 0.449381858 -0.482617229
1782375525.148322105 1.334034681 0.569647014 -0.163655639 0.558746815 -0.502790809 0.450119734 -0.482074380
1782375525.181693792 1.333367944 0.562647820 -0.163641095 0.558109522 -0.503734887 0.450663716 -0.481318176
1782375525.215065718 1.332539916 0.556028128 -0.163653374 0.557367861 -0.504138052 0.451480985 -0.480989486
1782375525.248437166 1.331973314 0.549264610 -0.163628936 0.557302773 -0.504475057 0.451617569 -0.480583191
1782375525.281809092 1.331171751 0.542478442 -0.163542032 0.556957364 -0.504661679 0.452056676 -0.480374724
1782375525.315180779 1.331395149 0.537423849 -0.162413359 0.556949198 -0.505134106 0.452151895 -0.479797691
1782375525.348552465 1.330871463 0.530330300 -0.162345171 0.557033479 -0.505006492 0.452406734 -0.479594052
1782375525.381924152 1.330712557 0.522832632 -0.162421107 0.556874156 -0.505209863 0.452466279 -0.479508668
1782375525.415295839 1.330456018 0.515199363 -0.162382841 0.557402551 -0.504713953 0.452186584 -0.479680717
1782375525.448667526 1.330350876 0.507370055 -0.162426353 0.557816744 -0.504215777 0.451775998 -0.480109870
1782375525.482039213 1.330208540 0.499850869 -0.162282109 0.558834553 -0.503339827 0.451075375 -0.480503976
1782375525.515410900 1.329946518 0.491896808 -0.162280440 0.559730947 -0.502091825 0.450433224 -0.481367946
1782375525.548782587 1.328306437 0.482539773 -0.161661148 0.560571671 -0.501105011 0.449521154 -0.482269615
1782375525.582154274 1.328141212 0.474162161 -0.161678791 0.561651528 -0.499923199 0.448572278 -0.483122528
1782375525.615525961 1.328005314 0.465636313 -0.161633015 0.562792361 -0.498672158 0.447660357 -0.483932942
1782375525.648899317 1.327943563 0.457437038 -0.161706567 0.563921630 -0.497267336 0.446619660 -0.485024244
1782375525.682272911 1.327909827 0.449503690 -0.161830425 0.565455079 -0.495515555 0.445333749 -0.486212671
1782375525.715646505 1.327830553 0.441756904 -0.161957264 0.566820025 -0.493920833 0.444088787 -0.487383217
1782375525.749020100 1.327949762 0.434104472 -0.162087798 0.568011105 -0.492541492 0.442878217 -0.488492876
1782375525.782393456 1.328551054 0.425266474 -0.163368821 0.569186687 -0.490743309 0.441850811 -0.489862680
1782375525.815766811 1.328490734 0.417251259 -0.163348317 0.570269406 -0.489620537 0.440617412 -0.490836918
1782375525.849141598 1.328201175 0.409571886 -0.163316131 0.571306288 -0.487984776 0.439693451 -0.492087007
1782375525.882515192 1.327977300 0.401973844 -0.163287282 0.572601259 -0.486575902 0.438457608 -0.493078828
1782375525.915888786 1.327822685 0.394452602 -0.163397551 0.573728383 -0.485118568 0.437241346 -0.494283140
1782375525.949262142 1.327762604 0.387315482 -0.163406849 0.575045228 -0.483785272 0.435873240 -0.495267063
1782375525.982635736 1.327726126 0.380801588 -0.163594246 0.576226056 -0.482165843 0.434723526 -0.496482790
1782375526.049382925 1.327930212 0.368486732 -0.163651943 -0.578874886 0.479127049 -0.432091951 0.498635948
1782375526.082756281 1.329969287 0.363440186 -0.164956808 -0.579820275 0.477932721 -0.431061476 0.499574721
1782375526.116129875 1.330316544 0.357813358 -0.164991498 -0.581467271 0.476047754 -0.429648817 0.500675917
1782375526.149503469 1.330781221 0.351942927 -0.165073633 -0.582409322 0.474712193 -0.428527564 0.501808703
1782375526.249624252 1.333338261 0.335111648 -0.165213108 -0.586609900 0.469671637 -0.424022585 0.505472302
1782375526.282997847 1.334620237 0.329644084 -0.165395141 -0.588102996 0.467908978 -0.422476739 0.506665111
1782375526.316371441 1.335987568 0.323794007 -0.165400863 -0.589509189 0.466198117 -0.421010375 0.507827342
1782375526.349744797 1.337608337 0.317646563 -0.165448546 -0.590788901 0.464651525 -0.419528365 0.508982778
1782375526.383118391 1.340169430 0.311475933 -0.165089130 -0.592041314 0.462885857 -0.418163121 0.510258138
1782375526.416492224 1.341725111 0.304913700 -0.165233135 -0.593301654 0.461562216 -0.416628778 0.511247575
1782375526.449865818 1.343164682 0.298597991 -0.165272593 -0.594702244 0.459374815 -0.415344447 0.512633502
1782375526.483239174 1.345103741 0.291929185 -0.165261388 -0.596214592 0.457804263 -0.413612038 0.513681352
1782375526.516612768 1.347148776 0.285241425 -0.165424705 -0.597631812 0.455728173 -0.411958247 0.515207291
1782375526.549987555 1.349423409 0.278528929 -0.165470004 -0.599282205 0.453564048 -0.410074741 0.516700387
1782375526.583361149 1.351549625 0.272227526 -0.165615439 -0.600710750 0.451604486 -0.408296287 0.518164158
1782375526.616734505 1.353645444 0.266549528 -0.165689826 -0.602281749 0.449596345 -0.406425059 0.519556165
1782375526.650107861 1.355766892 0.261380970 -0.165917754 -0.603977561 0.447096080 -0.404681146 0.521104097
1782375526.683481216 1.357860208 0.256308615 -0.166003346 -0.605351210 0.445230246 -0.403109729 0.522324204
1782375526.716854334 1.358926773 0.248442292 -0.166891456 -0.606882274 0.443043619 -0.401315004 0.523786843
1782375526.750227213 1.360691547 0.242994666 -0.166988015 -0.608199477 0.441123039 -0.399839461 0.525007069
1782375526.783600569 1.362574577 0.237385094 -0.167058468 -0.609370768 0.439594895 -0.398383647 0.526036203
1782375526.816973686 1.364394307 0.231515884 -0.167101026 -0.610363245 0.438056141 -0.397129625 0.527116239
1782375526.850347042 1.366529465 0.225594819 -0.167074800 -0.611534715 0.436587095 -0.395774096 0.527996123
1782375526.883719921 1.368590593 0.219502211 -0.167098522 -0.612274826 0.435415089 -0.394776464 0.528852224
1782375526.917093277 1.370809555 0.213503122 -0.167085767 -0.613395333 0.434062421 -0.393474698 0.529635489
1782375526.950466394 1.373199940 0.207631946 -0.166947842 -0.614233971 0.432768077 -0.392268479 0.530616522
1782375526.983839273 1.375717998 0.202561796 -0.166914701 -0.615425050 0.431147844 -0.391046911 0.531456292
1782375527.017212629 1.378364086 0.196865678 -0.166846156 -0.616688550 0.429434985 -0.389668494 0.532390177
1782375527.050585747 1.380519509 0.191537857 -0.166647553 -0.617524683 0.428150803 -0.388444901 0.533348680
1782375527.083958626 1.382982016 0.186316490 -0.166664839 -0.618801236 0.426278621 -0.387109935 0.534338474
1782375527.117331743 1.385445476 0.180753887 -0.166805744 -0.619877577 0.424500287 -0.385773480 0.535472035
1782375527.150705099 1.388343692 0.173651814 -0.166791797 -0.620976090 0.422978282 -0.384187490 0.536542773
1782375527.184078217 1.390423179 0.168315053 -0.166803718 -0.622070372 0.421071380 -0.382968038 0.537645638
1782375527.217451096 1.392573595 0.162933528 -0.166749716 -0.623103082 0.419584781 -0.381781369 0.538455307
1782375527.250825167 1.394760251 0.157558203 -0.166703105 -0.623867035 0.418391228 -0.380582571 0.539347470
1782375527.284198284 1.397187233 0.152537882 -0.166736364 -0.624912977 0.416768640 -0.379431874 0.540202975
1782375527.317571402 1.399968147 0.147220969 -0.166841745 -0.625890791 0.415522188 -0.378147334 0.540931284
1782375527.350944519 1.402898908 0.142264307 -0.166865230 -0.626514971 0.414427698 -0.377210289 0.541702092
1782375527.384317636 1.406018019 0.137371063 -0.167072892 -0.627389491 0.412993371 -0.376223177 0.542471290
1782375527.417690754 1.409424305 0.131955862 -0.167230129 -0.628020704 0.412303895 -0.375367343 0.542858124
1782375527.451063633 1.413136601 0.126518130 -0.167423964 -0.628524661 0.411492407 -0.374665946 0.543374956
1782375527.484436750 1.417160988 0.120749056 -0.167561531 -0.629233062 0.410480648 -0.373746753 0.543952942
1782375527.517809868 1.421433806 0.114409447 -0.167650819 -0.629933834 0.409340054 -0.372638792 0.544761002
1782375527.551182747 1.425441742 0.108221710 -0.167776346 -0.630586505 0.408180654 -0.371761292 0.545474946
1782375527.584555864 1.430460453 0.101994753 -0.168751836 -0.631164074 0.406972677 -0.371179074 0.546105564
1782375527.617928982 1.434642196 0.095461905 -0.168960452 -0.631650627 0.406068355 -0.370498478 0.546678126
1782375527.651301861 1.438889027 0.088650703 -0.169047236 -0.632081270 0.405603230 -0.369834810 0.546974897
1782375527.684674263 1.443305731 0.081623912 -0.169282675 -0.632384419 0.404598206 -0.369386584 0.547671378
1782375527.718046904 1.448210597 0.074144959 -0.169393182 -0.632904708 0.404347032 -0.368669569 0.547738969
1782375527.751419544 1.452883124 0.066463470 -0.169337392 -0.632933259 0.403906673 -0.368503988 0.548142016
1782375527.784792185 1.457669735 0.058752716 -0.169401884 -0.633282840 0.403321445 -0.368216604 0.548362374
1782375527.818164825 1.462610364 0.050776124 -0.169479012 -0.633214235 0.403674245 -0.367906004 0.548390448
1782375527.851537466 1.467558980 0.040987551 -0.168438196 -0.633790374 0.402694583 -0.367521852 0.548702598
1782375527.884909868 1.472280264 0.032177150 -0.168633223 -0.633187711 0.403551489 -0.367868990 0.548536241
1782375527.918282747 1.476445913 0.023874283 -0.168765664 -0.632942259 0.403916687 -0.368343085 0.548232377
1782375527.951656342 1.480865240 0.015155196 -0.169020176 -0.632570386 0.404522300 -0.368866235 0.547863305
1782375527.985028744 1.484707355 0.006313980 -0.169065833 -0.631651580 0.405576080 -0.369699150 0.547582805
1782375528.018401384 1.488509178 -0.002032161 -0.169059396 -0.631096900 0.406831682 -0.370411396 0.546809077
1782375528.051774263 1.491877317 -0.010347903 -0.169034004 -0.630056560 0.408034921 -0.371803433 0.546167076
1782375528.085146666 1.495123744 -0.018515050 -0.169055581 -0.628899932 0.409887969 -0.373067409 0.545249879
1782375528.118519306 1.498078108 -0.026173115 -0.169036865 -0.627982974 0.411524594 -0.374383748 0.544170737
1782375528.151891947 1.500801682 -0.033903003 -0.169056535 -0.626647830 0.413180918 -0.375984669 0.543350339
1782375528.185264349 1.503458977 -0.041460514 -0.168830037 -0.625611067 0.415293187 -0.377143919 0.542129993
1782375528.218636990 1.506170750 -0.049022436 -0.168805361 -0.624516547 0.416768312 -0.378686041 0.541184068
1782375528.252009869 1.508718610 -0.057007730 -0.168878913 -0.623054862 0.419052988 -0.380244106 0.540010929
1782375528.285382271 1.511357307 -0.062947690 -0.167996764 -0.621546626 0.421164393 -0.382415891 0.538570702
1782375528.318754911 1.513458133 -0.071152449 -0.167842269 -0.620212138 0.423262447 -0.384026259 0.537317157
1782375528.352127552 1.515362740 -0.079523981 -0.167746782 -0.618804693 0.425376058 -0.385941625 0.535896480
1782375528.385499954 1.517139196 -0.088111639 -0.167732120 -0.616737247 0.428187668 -0.387954265 0.534585893
1782375528.418872595 1.518793821 -0.096197188 -0.167790771 -0.615599334 0.430297494 -0.389776796 0.532874882
1782375528.452245235 1.520381927 -0.104713142 -0.167813063 -0.613680363 0.432836413 -0.391948760 0.531437039
1782375528.485617638 1.521709681 -0.112963498 -0.167838335 -0.612109184 0.434804797 -0.393762887 0.530299962
1782375528.518990278 1.523164749 -0.121214271 -0.167874098 -0.611010373 0.436348677 -0.395364493 0.529105902
1782375528.552362919 1.524689674 -0.129459798 -0.167903066 -0.609228551 0.439038128 -0.397141397 0.527603030
1782375528.585735559 1.526103735 -0.137331784 -0.167861581 -0.607824028 0.440809131 -0.398852438 0.526454210
1782375528.619108200 1.527916074 -0.145848274 -0.167898059 -0.606371045 0.443080097 -0.400557458 0.524926543
1782375528.652481794 1.527819514 -0.154408872 -0.168171763 -0.604580581 0.445060223 -0.402512312 0.523820221
1782375528.685854197 1.529279828 -0.162866354 -0.168231606 -0.603184044 0.447146505 -0.404266953 0.522300065
1782375528.719226837 1.530719995 -0.171608627 -0.168190598 -0.601379812 0.449591726 -0.406144738 0.520822525
1782375528.752599478 1.532063246 -0.180515409 -0.168224096 -0.599598527 0.451765031 -0.408229142 0.519364119
1782375528.785971642 1.533384562 -0.189714968 -0.168167472 -0.597698152 0.454584122 -0.410286814 0.517469764
1782375528.819344282 1.535578012 -0.198100567 -0.167713284 -0.595461905 0.457196712 -0.412575692 0.515924096
1782375528.852716684 1.536638260 -0.207233071 -0.167702913 -0.593703985 0.459691346 -0.414507955 0.514181495
1782375528.886089325 1.537567377 -0.216412902 -0.167624831 -0.591417670 0.462204546 -0.416995198 0.512549698
1782375528.919461966 1.538758993 -0.225178003 -0.167660952 -0.589405894 0.465009987 -0.419039249 0.510659039
1782375528.952834368 1.539579630 -0.233794689 -0.167495012 -0.587658405 0.467137158 -0.421276242 0.508887947
1782375528.986207008 1.540557384 -0.242973089 -0.167404175 -0.585145354 0.470269203 -0.423699677 0.506883025
1782375529.019579411 1.541735172 -0.253324568 -0.167170286 -0.583056331 0.472832471 -0.425816685 0.505128682
1782375529.086324453 1.543837667 -0.271872878 -0.166978121 -0.578547239 0.478363663 -0.430274904 0.501313210
1782375529.119697094 1.545044899 -0.280902326 -0.166978717 -0.576942801 0.479980230 -0.432417333 0.499771267
1782375529.186441898 1.548186541 -0.297616482 -0.166634917 0.573129296 -0.484635055 0.436191022 -0.496375978
1782375529.219814539 1.549605370 -0.306668937 -0.166597366 0.571470261 -0.486800045 0.437870234 -0.494688988
1782375529.253186703 1.550850868 -0.315629005 -0.166542411 0.569616854 -0.488802761 0.439656436 -0.493265480
1782375529.286559343 1.552121162 -0.324316382 -0.166494012 0.568083107 -0.490529090 0.441275537 -0.491872638
1782375529.319931984 1.553398490 -0.333054602 -0.166442394 0.566280484 -0.492746294 0.442953706 -0.490223974
1782375529.353305340 1.554451704 -0.341387391 -0.166293263 0.564573526 -0.494393557 0.444675893 -0.488973498
1782375529.386677742 1.557598591 -0.350478351 -0.166847348 0.562975109 -0.496186763 0.446140170 -0.487664640
1782375529.420050383 1.559317946 -0.358307242 -0.166732550 0.561457455 -0.497931093 0.447649002 -0.486251503
1782375529.453422546 1.561334014 -0.366662085 -0.166611195 0.560210884 -0.499280304 0.449128658 -0.484939575
1782375529.486795187 1.563321352 -0.375137925 -0.166538239 0.558048666 -0.501601577 0.450885832 -0.483404130
1782375529.520167828 1.565255404 -0.383013785 -0.166273475 0.556558251 -0.503356218 0.452556759 -0.481734157
1782375529.553539991 1.567487240 -0.391486168 -0.166116118 0.554836333 -0.505270004 0.454366714 -0.480010152
1782375529.586912632 1.569660306 -0.399656057 -0.165909171 0.552680552 -0.507574320 0.456133813 -0.478387386
1782375529.620284796 1.572095394 -0.407677889 -0.165795803 0.550957143 -0.509203196 0.458202928 -0.476663977
1782375529.653657436 1.573490381 -0.415687025 -0.165634513 0.548682034 -0.511847675 0.459937900 -0.474781305
1782375529.687029600 1.575927258 -0.423779249 -0.165301800 0.546448231 -0.514082491 0.462105662 -0.472834021
1782375529.720401525 1.578645468 -0.432067454 -0.165069580 0.544292331 -0.516722858 0.463893503 -0.470686913
1782375529.753773689 1.581282854 -0.440344036 -0.164731383 0.542173088 -0.518964410 0.465850234 -0.468730032
1782375529.787145853 1.583977699 -0.448819995 -0.164625168 0.540000796 -0.521148562 0.467857897 -0.466810793
1782375529.820517778 1.586792231 -0.457561910 -0.164518237 0.538117290 -0.523472607 0.469524980 -0.464706987
1782375529.853889942 1.589419365 -0.466572702 -0.164440155 0.535639703 -0.525830150 0.471838146 -0.462559849
1782375529.887261868 1.592108369 -0.475665390 -0.164317966 0.532887280 -0.528836846 0.473813951 -0.460285872
1782375529.920634031 1.596647620 -0.485346019 -0.164948106 -0.530914068 0.530592918 -0.475738555 0.458556801
1782375529.954006195 1.599068165 -0.494714737 -0.164830923 -0.528624952 0.532855153 -0.477627784 0.456610203
1782375529.987378120 1.601333737 -0.503990710 -0.164727926 -0.526144683 0.535469294 -0.479467928 0.454483271
1782375530.020750284 1.603242040 -0.512991250 -0.164676666 -0.524175882 0.537248313 -0.481397808 0.452614784
1782375530.054123163 1.604974627 -0.522393346 -0.164616108 -0.521716714 0.539825380 -0.483258396 0.450401694
1782375530.087495089 1.606539130 -0.531474292 -0.164520144 -0.519427121 0.541755736 -0.485347211 0.448480099
1782375530.120867252 1.608177543 -0.540879309 -0.164567590 -0.517359674 0.543979764 -0.487003565 0.446377039
1782375530.154239178 1.608296633 -0.550235271 -0.165153384 -0.514997125 0.545848608 -0.488966912 0.444678098
1782375530.187611341 1.609691620 -0.559499264 -0.165022016 -0.512973845 0.547755063 -0.490586817 0.442884713
1782375530.220983267 1.610770702 -0.568406522 -0.164833546 -0.511118948 0.549442887 -0.492255360 0.441083491
1782375530.254355192 1.612135887 -0.577380359 -0.164763689 -0.509403408 0.551190376 -0.493623823 0.439355224
1782375530.287727356 1.613480449 -0.585999131 -0.164716959 -0.508007824 0.552475393 -0.494784564 0.438049316
1782375530.321099281 1.614967704 -0.594802618 -0.164711952 -0.506702781 0.553642333 -0.495778590 0.436962366
1782375530.354471207 1.616184592 -0.603072286 -0.164691687 -0.505651295 0.554626703 -0.496507734 0.436103404
1782375530.387843370 1.617635727 -0.610792518 -0.164746165 -0.505328953 0.554838777 -0.497134238 0.435493082
1782375530.421215296 1.619102836 -0.618356884 -0.164931655 -0.504724801 0.555434704 -0.497319221 0.435222805
1782375530.454587221 1.620619297 -0.624601603 -0.164872646 -0.505197823 0.554912686 -0.497341663 0.435314089
1782375530.487959146 1.621731281 -0.631673098 -0.164872169 -0.505295396 0.554750144 -0.497241944 0.435521990
1782375530.521331072 1.622900009 -0.638558805 -0.164950609 -0.505716324 0.554508746 -0.496754199 0.435897142
1782375530.554703236 1.623700142 -0.645235896 -0.165087819 -0.506757259 0.553248227 -0.496458322 0.436626554
1782375530.588074923 1.624085546 -0.652289927 -0.165155888 -0.507213712 0.553247750 -0.495604396 0.437067002
1782375530.621447086 1.624177694 -0.658605933 -0.165336609 -0.508120716 0.551917553 -0.495344281 0.437989175
1782375530.654819250 1.624240398 -0.665584564 -0.165581703 -0.508830070 0.551528454 -0.494652748 0.438437045
1782375530.688191652 1.623827934 -0.672265053 -0.165781856 -0.508954167 0.551195264 -0.494498432 0.438885927
1782375530.721564054 1.623612046 -0.678872049 -0.166013718 -0.509785235 0.550610304 -0.493996650 0.439220518
1782375530.754937172 1.622985721 -0.685581923 -0.166139364 -0.509906828 0.550322354 -0.493877739 0.439573795
1782375530.788309574 1.622715712 -0.692247748 -0.166299343 -0.510231614 0.550127745 -0.493528783 0.439832538
1782375530.821681976 1.622277856 -0.698747516 -0.166193008 -0.510403216 0.550099671 -0.493455589 0.439750493
1782375530.855054140 1.621882915 -0.705332518 -0.166221142 -0.510350347 0.549946249 -0.493565768 0.439880013
1782375530.888426542 1.621696711 -0.712165713 -0.166490078 -0.510415375 0.549979508 -0.493529469 0.439803869
1782375530.921798944 1.621145964 -0.718811989 -0.166499376 -0.510161340 0.550036848 -0.493773580 0.439752847
1782375530.955171108 1.620695591 -0.725521743 -0.166594982 -0.510248125 0.550097346 -0.493812084 0.439533025
1782375530.988543510 1.620019078 -0.732816696 -0.166684151 -0.509867609 0.550346196 -0.494114369 0.439323545
1782375531.021915674 1.619259596 -0.740473747 -0.166680813 -0.509495676 0.550880551 -0.494229645 0.438955426
1782375531.055288076 1.618363857 -0.748611689 -0.166771531 -0.509089291 0.551158905 -0.494579911 0.438683033
1782375531.088660479 1.617393613 -0.757109523 -0.167000294 -0.508279145 0.552006960 -0.494909078 0.438184530
1782375531.122032642 1.616032004 -0.765354156 -0.166962743 -0.506964445 0.553178132 -0.495727748 0.437304348
1782375531.155405045 1.615082383 -0.773463845 -0.167176247 -0.506441295 0.553931415 -0.496319413 0.436284721
1782375531.188777208 1.613829255 -0.782473922 -0.167187333 -0.505255044 0.554935038 -0.497394592 0.435158700
1782375531.222149372 1.612464547 -0.791617870 -0.167267203 -0.503535390 0.556598783 -0.498234570 0.434064895
1782375531.255521774 1.611399174 -0.800125122 -0.167280555 -0.503113568 0.556949258 -0.498998970 0.433225632
1782375531.288893938 1.610658169 -0.809004784 -0.167498231 -0.501882374 0.558414221 -0.499637902 0.432029605
1782375531.322266340 1.609360337 -0.817944765 -0.167571425 -0.500294149 0.559519231 -0.500767410 0.431133479
1782375531.355638504 1.608287692 -0.826608181 -0.167676449 -0.499669731 0.560422182 -0.501446486 0.429893762
1782375531.389010668 1.606836081 -0.835723042 -0.167746663 -0.498032570 0.561840475 -0.502534688 0.428669691
1782375531.422383070 1.605260372 -0.844417930 -0.167836070 -0.496805012 0.562867582 -0.503640532 0.427447051
1782375531.455756187 1.603702068 -0.853243709 -0.167944670 -0.495566785 0.564184487 -0.504530251 0.426097035
1782375531.489128351 1.601853490 -0.861661494 -0.167970300 -0.493757397 0.565599144 -0.505935252 0.424653798
1782375531.522500753 1.599834442 -0.869777799 -0.167976618 -0.492174745 0.567166209 -0.507281244 0.422790974
1782375531.555872917 1.597567677 -0.878149807 -0.167892218 -0.489870995 0.569220483 -0.508839488 0.420828819
1782375531.589245081 1.595566511 -0.885777235 -0.168384552 -0.487647533 0.571067989 -0.510574698 0.418801546
1782375531.622617483 1.592741132 -0.893953681 -0.168391228 -0.485036075 0.573330879 -0.512229085 0.416717082
1782375531.655989885 1.589890003 -0.901994526 -0.168327928 -0.482307762 0.575537324 -0.514140487 0.414482445
1782375531.689362526 1.586887598 -0.909741998 -0.168196321 -0.480451226 0.577302516 -0.515872657 0.412024081
1782375531.722735167 1.583787918 -0.918611050 -0.168234468 -0.477002740 0.580007970 -0.518094599 0.409435153
1782375531.756107569 1.580993176 -0.926799774 -0.168449759 -0.474649012 0.582144201 -0.519616902 0.407203704
1782375531.789480209 1.578000069 -0.935597181 -0.168453932 -0.472515672 0.583737314 -0.521373510 0.405153483
1782375531.822852850 1.574826956 -0.944634974 -0.168415427 -0.469914824 0.586003006 -0.523032069 0.402763098
1782375531.856225252 1.571531296 -0.953753829 -0.168319225 -0.467424184 0.587962687 -0.524778843 0.400526792
1782375531.889597654 1.568253160 -0.963037491 -0.168137193 -0.465153396 0.589854121 -0.526482940 0.398146063
1782375531.922970295 1.564821482 -0.972546816 -0.168050408 -0.462274343 0.592098057 -0.528371334 0.395659178
1782375531.956342697 1.561381459 -0.982190311 -0.167261362 -0.459767550 0.594036043 -0.530169606 0.393262178
1782375531.989715338 1.558048606 -0.992012858 -0.167288661 -0.457135290 0.596409380 -0.531704664 0.390657693
1782375532.023087978 1.554530740 -1.001718044 -0.167213559 -0.454092652 0.598485470 -0.533751011 0.388233006
1782375532.056460142 1.551383853 -1.011302471 -0.167168379 -0.451647192 0.600377858 -0.535494566 0.385755092
1782375532.089832783 1.546899080 -1.021377683 -0.167103410 -0.448943794 0.602458119 -0.537098408 0.383430541
1782375532.123205423 1.543768406 -1.031171560 -0.167012095 -0.445904911 0.604570091 -0.538796008 0.381264716
1782375532.156578779 1.541160822 -1.040603280 -0.166907191 -0.444305897 0.606086135 -0.540279508 0.378615946
1782375532.189951181 1.538368106 -1.051126480 -0.166993499 -0.440338254 0.609109163 -0.542097986 0.375789940
1782375532.223323822 1.535879850 -1.060528874 -0.166817904 -0.438245088 0.610635221 -0.543568969 0.373629034
1782375532.256695986 1.533298254 -1.070541620 -0.166821480 -0.435913324 0.612309098 -0.545033395 0.371477962
1782375532.290068626 1.531142950 -1.078913450 -0.166156411 -0.432647020 0.614971995 -0.546660304 0.368494958
1782375532.323441267 1.528876066 -1.088232636 -0.166142225 -0.430049121 0.616672039 -0.548491776 0.365964830
1782375532.356813431 1.526605964 -1.097931147 -0.166185379 -0.427223235 0.618786812 -0.550191522 0.363142639
1782375532.390186071 1.524162054 -1.107399464 -0.166070342 -0.424003035 0.621032715 -0.551841617 0.360570014
1782375532.423558235 1.521901965 -1.116576672 -0.165982842 -0.421663493 0.622544885 -0.553440690 0.358247459
1782375532.456930876 1.519572496 -1.125081420 -0.165360451 -0.418955833 0.624497116 -0.554997623 0.355608106
1782375532.490303278 1.517363548 -1.134059548 -0.165267825 -0.416433752 0.626207411 -0.556394279 0.353373259
1782375532.523675442 1.515163183 -1.142693162 -0.165205598 -0.414297193 0.627720058 -0.557714045 0.351113200
1782375532.557048082 1.512823820 -1.151381373 -0.165019631 -0.411956221 0.629155815 -0.559147060 0.349012405
1782375532.590420485 1.510362864 -1.159934759 -0.165011048 -0.409444362 0.630695343 -0.560546160 0.346939206
1782375532.623793364 1.507896185 -1.168375254 -0.164879680 -0.407953292 0.631924093 -0.561475933 0.344950676
1782375532.657164335 1.505384803 -1.177302361 -0.164954424 -0.404977262 0.633605778 -0.562901735 0.343043387
1782375532.690535069 1.503273010 -1.185175776 -0.164974928 -0.403495729 0.634631157 -0.563761175 0.341478884
1782375532.723906040 1.500998139 -1.193218350 -0.164925814 -0.402408570 0.635350168 -0.564503729 0.340195745
1782375532.757276773 1.498766899 -1.200925827 -0.164995670 -0.400680095 0.636300623 -0.565376103 0.339008689
1782375532.790647745 1.496915102 -1.206976414 -0.164940715 -0.399598986 0.636908412 -0.566264629 0.337657779
1782375532.824018478 1.494718790 -1.215040803 -0.164817810 -0.398459166 0.637837589 -0.566674709 0.336560965
1782375532.857390165 1.492498279 -1.223116040 -0.164701223 -0.397169590 0.638381422 -0.567607105 0.335481405
1782375532.890760899 1.490508080 -1.231531024 -0.164665222 -0.396191329 0.639397085 -0.567790031 0.334392577
1782375532.924131870 1.488369584 -1.239714980 -0.164530516 -0.395198315 0.639739633 -0.568486989 0.333727658
1782375532.957502365 1.486597061 -1.248073816 -0.164567351 -0.394403547 0.640343130 -0.568801045 0.332974434
1782375532.990873337 1.484858871 -1.256339073 -0.164546728 -0.393796742 0.640690684 -0.569139719 0.332444936
1782375533.024243832 1.483394623 -1.264766693 -0.164510012 -0.393652141 0.641032398 -0.569143236 0.331951171
1782375533.057614565 1.481918097 -1.272739410 -0.164462805 -0.393131137 0.641100168 -0.569569826 0.331705838
1782375533.090985298 1.480782509 -1.280742764 -0.164603233 -0.393205225 0.641298234 -0.569453537 0.331434846
1782375533.124356031 1.478410840 -1.290005326 -0.164230108 -0.393194318 0.641108394 -0.569642663 0.331489980
1782375533.157726526 1.477351427 -1.297863007 -0.164223552 -0.393463492 0.640827179 -0.569544077 0.331883550
1782375533.191097260 1.476269960 -1.305507421 -0.164268017 -0.394402504 0.640180409 -0.569533706 0.332034707
1782375533.224467754 1.474834204 -1.313741803 -0.164466262 -0.394052774 0.640350223 -0.569414437 0.332327068
1782375533.257838488 1.473368526 -1.321414113 -0.164550781 -0.394554615 0.640167058 -0.569113851 0.332599252
1782375533.291208982 1.471352696 -1.329371452 -0.164629221 -0.394759923 0.639878273 -0.569123983 0.332893938
1782375533.324579477 1.469347239 -1.336800218 -0.164779186 -0.394607425 0.640010417 -0.568835557 0.333313346
1782375533.357950211 1.467024803 -1.343722224 -0.164837360 -0.395555764 0.639289320 -0.568602920 0.333969355
1782375533.391320467 1.464589119 -1.350392222 -0.164861083 -0.396210968 0.638902068 -0.568070412 0.334839016
1782375533.424691200 1.462764859 -1.355638742 -0.164895296 -0.397328317 0.638038337 -0.567581654 0.335988790
1782375533.458061695 1.461368084 -1.360307813 -0.164916873 -0.398952454 0.637228668 -0.566683292 0.337115198
1782375533.491432190 1.459853292 -1.363856316 -0.165104985 -0.400088608 0.636240244 -0.566264331 0.338337541
1782375533.524802685 1.458966970 -1.366663218 -0.165207386 -0.401683748 0.635352314 -0.565363109 0.339620739
1782375533.558174133 1.458003283 -1.368999243 -0.165193200 -0.403115749 0.634410560 -0.564657271 0.340856612
1782375533.591544628 1.457188129 -1.370984674 -0.165245891 -0.404493988 0.633472085 -0.563962638 0.342116743
1782375533.624914646 1.456350446 -1.372902751 -0.165319681 -0.406258672 0.632359326 -0.563137889 0.343440622
1782375533.658286572 1.455457807 -1.375032067 -0.165347338 -0.407817304 0.631397188 -0.562184513 0.344922155
1782375533.691658735 1.454621553 -1.376834154 -0.165447474 -0.409649104 0.630112588 -0.561244965 0.346626520
1782375533.725030661 1.453874469 -1.378902078 -0.165603161 -0.411926270 0.628819942 -0.559929729 0.348397851
1782375533.758402824 1.453027248 -1.380792379 -0.165740252 -0.413969547 0.627373993 -0.558816791 0.350364089
1782375533.791775227 1.452354431 -1.382835627 -0.165942669 -0.416389793 0.625899315 -0.557410896 0.352367193
1782375533.825147152 1.451766491 -1.384979606 -0.166043758 -0.418712705 0.624252498 -0.556158900 0.354507774
1782375533.858519316 1.451451063 -1.387142301 -0.166163445 -0.421275556 0.622555435 -0.554774404 0.356619030
1782375533.891891241 1.451222658 -1.389028907 -0.166278124 -0.423731387 0.620948970 -0.553383946 0.358664602
1782375533.925263405 1.451058149 -1.390984058 -0.166597009 -0.426190823 0.619133890 -0.552103639 0.360854983
1782375533.958635569 1.450821877 -1.392987728 -0.166578770 -0.428877980 0.617432415 -0.550509810 0.363015085
1782375533.992007494 1.449273109 -1.394570708 -0.166134953 -0.431652874 0.615346968 -0.549116611 0.365369409
1782375534.025379658 1.448751688 -1.396812201 -0.166247010 -0.434095591 0.613710523 -0.547580004 0.367527843
1782375534.058751822 1.448193073 -1.399055481 -0.166353941 -0.436462075 0.611816347 -0.546291828 0.369792968
1782375534.092123747 1.447898388 -1.401443124 -0.166499853 -0.438924342 0.610175729 -0.544778287 0.371816784
1782375534.125495672 1.447532415 -1.403907299 -0.166652679 -0.441138744 0.608487844 -0.543526709 0.373788744
1782375534.158867598 1.447297573 -1.406766891 -0.166899443 -0.443429023 0.606848896 -0.542108297 0.375797510
1782375534.192239761 1.446800590 -1.409931779 -0.167034507 -0.445720434 0.605178356 -0.540730715 0.377760351
1782375534.225611925 1.445949316 -1.413196683 -0.167192340 -0.447811693 0.603493750 -0.539483070 0.379760444
1782375534.258984804 1.444829106 -1.416611910 -0.167206287 -0.450086236 0.601942062 -0.537980795 0.381660730
1782375534.292356730 1.443233967 -1.420660138 -0.167248249 -0.452152044 0.600296438 -0.536693335 0.383618325
1782375534.325728655 1.441587806 -1.424561024 -0.167419314 -0.454249978 0.598679602 -0.535303771 0.385602981
1782375534.359100819 1.438895464 -1.428561091 -0.167112350 -0.456724852 0.596969068 -0.533602238 0.387684226
1782375534.392472744 1.437036514 -1.432732105 -0.167305827 -0.459138691 0.594923079 -0.532218516 0.389873803
1782375534.425844669 1.435403705 -1.437242508 -0.167572379 -0.461546570 0.593166351 -0.530478477 0.392072886
1782375534.459216595 1.433657169 -1.441666603 -0.167669296 -0.464011341 0.591173828 -0.528922915 0.394268334
1782375534.525960445 1.430222273 -1.451326251 -0.167918682 -0.468991637 0.587316871 -0.525420070 0.398797721
1782375534.559332609 1.428342700 -1.456581950 -0.167946100 -0.471481383 0.585283637 -0.523688495 0.401121825
1782375534.592704296 1.426420212 -1.461914778 -0.167973161 -0.473921776 0.583476365 -0.521867633 0.403246582
1782375534.626075983 1.424332142 -1.467183828 -0.167968512 -0.475981027 0.581566036 -0.520472169 0.405378491
1782375534.659449816 1.422640800 -1.472779870 -0.168216109 -0.478542447 0.579796791 -0.518596530 0.407296628
1782375534.692823410 1.420188427 -1.478935480 -0.168016195 -0.480485141 0.578073084 -0.517205954 0.409223258
1782375534.726197243 1.417648077 -1.484873295 -0.168176651 -0.482450873 0.576530755 -0.515714347 0.410964847
1782375534.759571314 1.414739490 -1.491369486 -0.168064594 -0.484627903 0.574677467 -0.514243245 0.412838429
1782375534.792945147 1.411846161 -1.498377800 -0.168286085 -0.486329466 0.573041141 -0.512943387 0.414724827
1782375534.826318741 1.408859134 -1.505123258 -0.168132186 -0.488422960 0.571327627 -0.511427045 0.416497648
1782375534.859692812 1.405423641 -1.512480617 -0.168338895 -0.490830153 0.569129407 -0.509803712 0.418661892
1782375534.893066645 1.402741432 -1.519672871 -0.168426394 -0.493037224 0.567313969 -0.508094549 0.420605749
1782375534.926440716 1.400124073 -1.526835322 -0.168513417 -0.495400846 0.565160513 -0.506440759 0.422716647
1782375534.959815502 1.397633910 -1.534320354 -0.168542743 -0.497785270 0.563253164 -0.504592240 0.424667537
1782375534.993189335 1.394778252 -1.542083740 -0.168644786 -0.499909699 0.560907543 -0.503293693 0.426812023
1782375535.026563168 1.392066717 -1.550137281 -0.168767750 -0.501746953 0.559627652 -0.501590848 0.428338200
1782375535.059937239 1.388922691 -1.558291793 -0.168658435 -0.503539622 0.557782114 -0.500444233 0.429979682
1782375535.093311310 1.386088133 -1.566720009 -0.168825030 -0.504818082 0.556667268 -0.499261409 0.431298584
1782375535.126685381 1.382608414 -1.576745033 -0.168527722 -0.506360292 0.555282593 -0.498083591 0.432635397
1782375535.160058975 1.379876375 -1.585650086 -0.168619514 -0.507932067 0.553990424 -0.497062683 0.433622330
1782375535.193433046 1.376874208 -1.594556093 -0.168774366 -0.507989228 0.553493083 -0.496892899 0.434384465
1782375535.226807117 1.374023676 -1.603080511 -0.169025660 -0.508196235 0.553025126 -0.496783733 0.434863061
1782375535.260181189 1.371608257 -1.611930490 -0.169077039 -0.508390844 0.553237677 -0.496594936 0.434580714
1782375535.293555260 1.369161963 -1.620195746 -0.169305325 -0.507222652 0.553473115 -0.497599870 0.434496492
1782375535.326929092 1.367096066 -1.628361225 -0.169359982 -0.507197320 0.554064810 -0.497822613 0.433515549
1782375535.360303164 1.364198327 -1.637109041 -0.169374406 -0.505555928 0.554987550 -0.499096692 0.432786971
1782375535.393677235 1.362436295 -1.643232822 -0.170583367 -0.503956437 0.556904852 -0.499999046 0.431144983
1782375535.427051306 1.359902143 -1.650907636 -0.170512497 -0.502830148 0.557461023 -0.501450717 0.430053830
1782375535.460425615 1.357635498 -1.660242438 -0.170223713 -0.500405967 0.559769571 -0.502798736 0.428305328
1782375535.493799448 1.355724096 -1.667593718 -0.170076013 -0.498594224 0.560943365 -0.504446208 0.426943004
1782375535.527173519 1.355646372 -1.671115875 -0.169496417 -0.497370988 0.562687874 -0.505344212 0.425008029
1782375535.560547829 1.354551554 -1.680117488 -0.169056296 -0.494435787 0.565026820 -0.507442117 0.422824502
1782375535.593921900 1.354133368 -1.687568545 -0.168989599 -0.492473871 0.566762686 -0.509042263 0.420862943
1782375535.627295971 1.353731990 -1.698398471 -0.168147504 -0.490844280 0.568646491 -0.509623587 0.419519901
1782375535.660669565 1.353361249 -1.705818534 -0.168100655 -0.488142341 0.570859373 -0.511491656 0.417388231
1782375535.694042206 1.353243351 -1.713054776 -0.167974234 -0.486029714 0.572756410 -0.513079822 0.415300399
1782375535.727414846 1.353420138 -1.720423222 -0.167798281 -0.483789206 0.574635088 -0.514833510 0.413145423
1782375535.760787249 1.353952408 -1.727741003 -0.167673230 -0.481294781 0.576727211 -0.516565025 0.410976470
1782375535.794159889 1.353904247 -1.737795234 -0.167754889 -0.479500860 0.578694344 -0.517405689 0.409247041
1782375535.827532530 1.354059458 -1.745199561 -0.167657614 -0.477005124 0.580515623 -0.519160390 0.407357633
1782375535.860905170 1.354569912 -1.752603292 -0.167505383 -0.474666595 0.582533896 -0.520521522 0.405466825
1782375535.894277811 1.355568528 -1.759598017 -0.167330742 -0.473499179 0.583643615 -0.521649182 0.403783262
1782375535.927650452 1.356703281 -1.767166257 -0.167207479 -0.471217185 0.585632622 -0.522809565 0.402068317
1782375535.961022854 1.358039260 -1.773634315 -0.166990161 -0.469996780 0.586785197 -0.523487270 0.400933146
1782375535.994395494 1.361124277 -1.781260848 -0.166384697 -0.470142365 0.586872578 -0.523698688 0.400357932
1782375536.061140537 1.363794088 -1.794316888 -0.166626334 -0.470160723 0.586853385 -0.523530543 0.400584280
1782375536.228003740 1.371917725 -1.824951172 -0.166277766 -0.473120630 0.584148228 -0.521952569 0.403104603
1782375536.261376143 1.373240232 -1.832043290 -0.166283131 -0.473430485 0.584090352 -0.521780610 0.403047323
1782375536.294748783 1.374327898 -1.839737177 -0.166156530 -0.473076463 0.584383845 -0.522006094 0.402745336
1782375536.328121424 1.375334740 -1.847472906 -0.166208744 -0.472394019 0.584879637 -0.522472739 0.402221322
1782375536.361494780 1.376683950 -1.856948256 -0.166882157 -0.471541047 0.585874617 -0.522948742 0.401154280
1782375536.394867420 1.376955271 -1.864923120 -0.166698456 -0.470079750 0.586812437 -0.524029732 0.400086343
1782375536.428240061 1.376831293 -1.873272419 -0.166740894 -0.467827052 0.588641286 -0.525445044 0.398179352
1782375536.461612463 1.376014829 -1.881640077 -0.166689396 -0.465246946 0.590570211 -0.527365208 0.395800561
1782375536.494985104 1.374253750 -1.887969971 -0.165418029 -0.461547047 0.593994856 -0.529564559 0.392053455
1782375536.528357744 1.371802449 -1.896938920 -0.165387273 -0.457178056 0.597229183 -0.532238483 0.388622820
1782375536.561730146 1.369258285 -1.906131029 -0.165498734 -0.452923447 0.600837171 -0.534936309 0.384315372
1782375536.595102787 1.365789413 -1.916260481 -0.165422082 -0.446864516 0.605261266 -0.538341522 0.379683226
1782375536.628475428 1.362506390 -1.925937176 -0.165302396 -0.441490501 0.609183967 -0.541681051 0.374916911
1782375536.661848307 1.358843803 -1.935809851 -0.164933562 -0.435860515 0.613482416 -0.545106649 0.369491130
1782375536.695221424 1.354969740 -1.946519017 -0.164780855 -0.429724991 0.617771327 -0.548541546 0.364413649
1782375536.728594542 1.351027012 -1.957936525 -0.164694905 -0.423790008 0.622127712 -0.551716149 0.359121859
1782375536.761967421 1.346417665 -1.969770670 -0.164551973 -0.417046875 0.626542866 -0.555352390 0.353694320
1782375536.795340538 1.341018558 -1.979024649 -0.163481474 -0.410167783 0.631125987 -0.558993816 0.347805113
1782375536.828713655 1.335829020 -1.990623832 -0.163249731 -0.403594851 0.635447979 -0.562622070 0.341721416
1782375536.862086773 1.330144048 -2.002774000 -0.163014889 -0.396351397 0.640234053 -0.566022635 0.335595548
1782375536.895459652 1.324432611 -2.014471054 -0.163391352 -0.389108121 0.644283831 -0.570050955 0.329446882
1782375536.928832769 1.318703651 -2.026322126 -0.163098454 -0.381801784 0.648893535 -0.573212206 0.323407322
1782375536.962205887 1.313150764 -2.037900925 -0.162799239 -0.375326544 0.652773440 -0.576658249 0.316989332
1782375536.995578766 1.306851983 -2.050153494 -0.162454009 -0.366617858 0.657676697 -0.580175757 0.310562193
1782375537.028951883 1.301308632 -2.061238289 -0.162278414 -0.359703809 0.661762059 -0.583386481 0.303882182
1782375537.062325954 1.292991877 -2.072472572 -0.162065268 -0.351970971 0.665645778 -0.586929381 0.297566921
1782375537.095699310 1.286697626 -2.083480835 -0.161744118 -0.344309360 0.669913411 -0.589828193 0.291152626
1782375537.129072189 1.280430913 -2.093963146 -0.161394835 -0.337198943 0.673669219 -0.592870831 0.284554005
1782375537.162445307 1.274023294 -2.104343414 -0.161071539 -0.329734445 0.677392304 -0.595937371 0.277981311
1782375537.195818424 1.267530680 -2.114237309 -0.160925388 -0.322115391 0.680996716 -0.599000216 0.271447748
1782375537.229191303 1.261271954 -2.123480320 -0.160786152 -0.315215439 0.684526265 -0.601684272 0.264649183
1782375537.262564421 1.254468918 -2.133104801 -0.160851479 -0.307686359 0.687782466 -0.604571342 0.258414149
1782375537.295937538 1.247560024 -2.142188311 -0.160419464 -0.300843686 0.690827370 -0.607061386 0.252442539
1782375537.329310656 1.240131974 -2.151061296 -0.159986258 -0.293943822 0.693854749 -0.609488428 0.246346533
1782375537.362683535 1.232733369 -2.159606934 -0.159659147 -0.286622196 0.697226763 -0.611704111 0.239876464
1782375537.396056652 1.224927187 -2.167854309 -0.159241199 -0.279755890 0.699951410 -0.614092231 0.233870447
1782375537.429429770 1.216980696 -2.176011801 -0.158956289 -0.272390604 0.703080118 -0.616061687 0.227924719
1782375537.462802649 1.210681319 -2.183504343 -0.158932447 -0.266554117 0.705045581 -0.618471146 0.222155705
1782375537.496175766 1.202170134 -2.191494226 -0.158640862 -0.258581281 0.708359063 -0.620385647 0.215603575
1782375537.529548883 1.193795443 -2.198432684 -0.158254385 -0.251580536 0.710809112 -0.622563899 0.209456220
1782375537.562921762 1.184824467 -2.205967903 -0.157984495 -0.245512858 0.712917566 -0.624556124 0.203474164
1782375537.596294880 1.175709605 -2.212601662 -0.157862425 -0.236448735 0.716063499 -0.626531482 0.196986005
1782375537.629667997 1.167813540 -2.217991590 -0.157613754 -0.230637074 0.717795491 -0.628709614 0.190526694
1782375537.696415901 1.146093845 -2.230883598 -0.157610655 -0.214783266 0.722465277 -0.632705092 0.177753493
1782375537.729789972 1.137114286 -2.236418962 -0.157444477 -0.208313137 0.724454999 -0.634331584 0.171447203
1782375537.763164997 1.127370834 -2.241893768 -0.157217026 -0.200522810 0.726743698 -0.635914385 0.165067270
1782375537.796539068 1.117850661 -2.246984720 -0.156960964 -0.193019748 0.728568435 -0.637799859 0.158564866
1782375537.829913139 1.108603001 -2.252231121 -0.156871796 -0.185836494 0.730971158 -0.638885260 0.151564360
1782375537.863287210 1.098383904 -2.257127762 -0.156554699 -0.178059340 0.732622147 -0.640786767 0.144747958
1782375537.896661043 1.086550355 -2.261426449 -0.157217503 -0.169907734 0.734693944 -0.642149568 0.137841254
1782375537.930035114 1.076543808 -2.266410112 -0.157129049 -0.162337765 0.736727893 -0.643303275 0.130535126
1782375537.963409185 1.065806746 -2.271426678 -0.156830072 -0.154322207 0.738290429 -0.644894004 0.123384267
1782375537.996783257 1.055228829 -2.276309013 -0.156560183 -0.145986676 0.740286589 -0.645894706 0.116119817
1782375538.030157566 1.044260740 -2.279835701 -0.155569792 -0.137846306 0.741984546 -0.647091150 0.108307466
1782375538.063531399 1.033523679 -2.284190655 -0.155270815 -0.129365399 0.743552327 -0.648271263 0.100692749
1782375538.096905470 1.022698283 -2.288283110 -0.154936552 -0.121337369 0.745134473 -0.649102867 0.093366779
1782375538.130279779 1.011579633 -2.292195082 -0.154573917 -0.113318138 0.746419370 -0.650088608 0.086034916
1782375538.163653851 0.992668569 -2.296033144 -0.154911757 -0.105524868 0.747475982 -0.650980115 0.079807274
1782375538.197028160 0.981143773 -2.299489021 -0.154551268 -0.097293437 0.748834431 -0.651543140 0.072611943
1782375538.230401993 0.969755471 -2.302520752 -0.154178381 -0.089674503 0.749782562 -0.652313113 0.065362334
1782375538.263776302 0.958415687 -2.305511475 -0.154002666 -0.081478015 0.751028538 -0.652604401 0.058524225
1782375538.297150373 0.947114110 -2.307894707 -0.153792143 -0.073906668 0.751913846 -0.653073490 0.051561374
1782375538.330524683 0.934852779 -2.308552504 -0.154176235 -0.065812156 0.752474129 -0.653827608 0.044283826
1782375538.363898993 0.924079776 -2.310583830 -0.154033899 -0.058018282 0.753216267 -0.654142916 0.037364375
1782375538.397273302 0.913741112 -2.312391996 -0.153912783 -0.050908454 0.753860831 -0.654338956 0.030705817
1782375538.430647373 0.903278232 -2.310806751 -0.154748201 -0.043683719 0.754221976 -0.654711545 0.024368418
1782375538.464022636 0.893513024 -2.312190533 -0.154550552 -0.037031785 0.754560590 -0.654929340 0.018289195
1782375538.497396708 0.884591281 -2.313698053 -0.154719830 -0.029982114 0.755008042 -0.654911160 0.012467343
1782375538.530771017 0.874962151 -2.314682722 -0.154573202 -0.023367979 0.755361915 -0.654857457 0.006647141
1782375538.564145327 0.865461349 -2.315399170 -0.154336452 -0.016981548 0.755531669 -0.654891372 0.000916946
1782375538.597519875 0.856182158 -2.315914392 -0.154223204 -0.010694711 0.755899906 -0.654582143 -0.004824659
1782375538.630893707 0.846492171 -2.316116810 -0.153963089 -0.003789417 0.755693078 -0.654827356 -0.010712855
1782375538.664266825 0.836966813 -2.316421032 -0.153834581 0.002547506 0.755968750 -0.654401779 -0.016223481
1782375538.697639942 0.825203955 -2.314714432 -0.155222654 0.008167539 0.755601585 -0.654639184 -0.021145219
1782375538.731012821 0.815450549 -2.314746141 -0.155134201 0.014868310 0.755649388 -0.654278576 -0.026315857
1782375538.764385939 0.806341410 -2.314614058 -0.154925823 0.020175742 0.755522311 -0.654052556 -0.031530883
1782375538.797759056 0.796601534 -2.314386845 -0.154812574 0.026876779 0.755383611 -0.653679192 -0.037104480
1782375538.831132174 0.787341356 -2.313835144 -0.154658318 0.032872751 0.755148470 -0.653357208 -0.042363074
1782375538.864505053 0.777844906 -2.313167334 -0.154567480 0.038595028 0.754684746 -0.653204739 -0.047800578
1782375538.897877932 0.768334746 -2.312104702 -0.154409409 0.045433898 0.754490197 -0.652555645 -0.053399570
1782375538.931251049 0.758985043 -2.310781479 -0.154125214 0.050670773 0.753959596 -0.652334690 -0.058625478
1782375538.964623928 0.748469949 -2.310517073 -0.154863834 0.057801716 0.753592193 -0.651660979 -0.063997954
1782375538.997997046 0.738697767 -2.309132099 -0.154612303 0.063917570 0.753197610 -0.650968373 -0.069628738
1782375539.031370163 0.727839589 -2.307692528 -0.154436231 0.071189955 0.752413630 -0.650429666 -0.075809337
1782375539.064743280 0.716960669 -2.306098938 -0.154302120 0.078210399 0.752125680 -0.649258614 -0.081569023
1782375539.098116159 0.705579042 -2.304324627 -0.154043913 0.084612861 0.751043975 -0.648917198 -0.087636322
1782375539.131489277 0.693562269 -2.302563906 -0.154150009 0.092563123 0.750601530 -0.647499621 -0.093668260
1782375539.164863348 0.681962490 -2.300293684 -0.153933048 0.098746024 0.749513507 -0.646947801 -0.099686436
1782375539.198235989 0.669420242 -2.297931194 -0.153762579 0.106334172 0.748661637 -0.645730019 -0.105979316
1782375539.231609106 0.656796336 -2.295027018 -0.153553843 0.114383817 0.747556448 -0.644524872 -0.112532169
1782375539.264982224 0.642964602 -2.292246103 -0.155607700 0.120554127 0.746235669 -0.643860221 -0.118503436
1782375539.298355341 0.630053520 -2.289622545 -0.155605078 0.128403753 0.745236158 -0.642296433 -0.124863222
1782375539.331728220 0.617667913 -2.287022591 -0.155436516 0.135815516 0.743715763 -0.641224802 -0.131422594
1782375539.365101337 0.605048656 -2.285111904 -0.155400276 0.142245799 0.742775023 -0.639763594 -0.136945292
1782375539.398474455 0.592270494 -2.282851219 -0.155249119 0.148614079 0.741326034 -0.638787627 -0.142478004
1782375539.431847334 0.579330564 -2.280949593 -0.155204773 0.155686736 0.739863992 -0.637445152 -0.148413867
1782375539.465220213 0.568469167 -2.277568340 -0.155408502 0.162868813 0.738686383 -0.635622859 -0.154272139
1782375539.498593330 0.555846095 -2.275850296 -0.155265093 0.169148654 0.737057567 -0.634447038 -0.160036981
1782375539.531966209 0.543148279 -2.274017334 -0.155250072 0.176145673 0.735759377 -0.632643938 -0.165507093
1782375539.565339327 0.531255007 -2.271907568 -0.155077696 0.182293281 0.734051287 -0.631421506 -0.171011239
1782375539.598712444 0.519410014 -2.269822121 -0.154959917 0.188754499 0.732628763 -0.629639864 -0.176580429
1782375539.632085562 0.508156538 -2.267350674 -0.154705524 0.195663065 0.730850160 -0.627999365 -0.182183474
1782375539.665458918 0.497293472 -2.262771606 -0.154746413 0.201341510 0.729238629 -0.626543224 -0.187393099
1782375539.698832273 0.486333370 -2.260079145 -0.154549003 0.209053755 0.727150381 -0.624692202 -0.193154320
1782375539.732205868 0.476391077 -2.257509232 -0.154340267 0.214601278 0.725418448 -0.623014271 -0.198916420
1782375539.765579462 0.466171026 -2.254564762 -0.154372096 0.221231893 0.723637819 -0.620986223 -0.204403728
1782375539.798952818 0.456927538 -2.251322269 -0.154321432 0.227431223 0.721633792 -0.619369388 -0.209526345
1782375539.832326412 0.448264599 -2.247890949 -0.154330015 0.232723728 0.720033824 -0.617564380 -0.214488462
1782375539.865700960 0.440378189 -2.243729830 -0.154408634 0.239664674 0.717930734 -0.615507185 -0.219743684
1782375539.899074554 0.435396671 -2.238805294 -0.155190468 0.245462134 0.715695798 -0.613967836 -0.224880725
1782375539.932447910 0.429504871 -2.234709263 -0.155197859 0.250994116 0.714002728 -0.611980915 -0.229524493
1782375539.965821505 0.424566269 -2.230367661 -0.155070961 0.256639719 0.711945236 -0.610246658 -0.234241635
1782375540.032568693 0.417071581 -2.222420931 -0.154972553 0.266391009 0.708495080 -0.606831431 -0.242541045
1782375540.065942287 0.418583632 -2.214992046 -0.154491663 0.271069914 0.706706107 -0.605277121 -0.246429011
1782375540.099315882 0.416553020 -2.211864471 -0.154363215 0.274804920 0.705303490 -0.603864372 -0.249754250
1782375540.132689476 0.415161610 -2.208711624 -0.154252589 0.278872669 0.703743041 -0.602446198 -0.253050148
1782375540.166063070 0.414553165 -2.205876827 -0.154203534 0.282974780 0.702259898 -0.600753903 -0.256614923
1782375540.199436665 0.414563656 -2.202857018 -0.154169559 0.287944227 0.700436592 -0.598821938 -0.260555416
1782375540.232810259 0.415523529 -2.200276375 -0.154119074 0.293193609 0.698417544 -0.596723318 -0.264899552
1782375540.266183853 0.418286800 -2.198831320 -0.154166639 0.298704952 0.696157336 -0.594532609 -0.269576192
1782375540.299557686 0.422650814 -2.192888260 -0.154640079 0.304259658 0.694004655 -0.592328429 -0.273734689
1782375540.332931042 0.425699472 -2.191538572 -0.154337883 0.309222013 0.691859722 -0.590270162 -0.278016239
1782375540.366304636 0.428888321 -2.190039158 -0.154070735 0.315358132 0.689451635 -0.587621748 -0.282677412
1782375540.399678469 0.432624340 -2.188601732 -0.153728843 0.321122229 0.686768711 -0.585069895 -0.287962765
1782375540.433052063 0.436142445 -2.186707020 -0.153500736 0.327806503 0.683969021 -0.581887782 -0.293489248
1782375540.466425896 0.440310478 -2.184230566 -0.153134406 0.334791392 0.680483460 -0.578898072 -0.299556375
1782375540.499799252 0.444013357 -2.184208155 -0.153917313 0.342681974 0.676601827 -0.575322509 -0.306240231
1782375540.633295059 0.462651014 -2.170436382 -0.152974904 0.377896488 0.657565236 -0.558250844 -0.336390078
1782375540.666709900 0.466986418 -2.166803360 -0.152753651 0.387078494 0.652306914 -0.553330243 -0.344226092
1782375540.700161934 0.471603155 -2.163116455 -0.152397484 0.396486074 0.646951437 -0.548337936 -0.351536959
1782375540.733614445 0.476542234 -2.159611940 -0.151988387 0.404645056 0.641544461 -0.543802679 -0.359112591
1782375540.767067671 0.479931116 -2.154175282 -0.152329713 0.413076133 0.636227846 -0.539144576 -0.365930796
1782375540.800521135 0.485520601 -2.150910378 -0.151991487 0.421409696 0.630619228 -0.534333169 -0.373123735
1782375540.833975315 0.491286755 -2.147929668 -0.151637077 0.429054737 0.625473440 -0.529438496 -0.379986852
1782375540.867429733 0.497025967 -2.144749403 -0.151287556 0.436545581 0.620206416 -0.524858177 -0.386388212
1782375540.900885105 0.502629995 -2.141673326 -0.150898337 0.443445414 0.615434825 -0.520381987 -0.392171830
1782375540.934340477 0.508295059 -2.138446331 -0.150538087 0.449660212 0.610700071 -0.516268015 -0.397892684
1782375540.967796564 0.513558388 -2.134850264 -0.150265574 0.456220716 0.606039345 -0.512136161 -0.402859181
1782375541.001253128 0.519423246 -2.130489826 -0.147936463 0.461095154 0.602421522 -0.508759558 -0.406993121
1782375541.034710169 0.524487257 -2.126629353 -0.147523105 0.466530561 0.598294318 -0.505215943 -0.411278695
1782375541.068167925 0.529476404 -2.122820139 -0.147060871 0.470786810 0.594807327 -0.502148569 -0.415223807
1782375541.101625919 0.534012079 -2.118302107 -0.146727562 0.475106776 0.591580272 -0.498958796 -0.418744028
1782375541.135084391 0.538600445 -2.113492727 -0.146294832 0.478931606 0.588251472 -0.496332735 -0.422183216
1782375541.168543816 0.542975187 -2.108205557 -0.146059394 0.482045472 0.585629344 -0.493825495 -0.425213933
1782375541.202003479 0.547333479 -2.102421284 -0.145761967 0.485155195 0.582892060 -0.491617173 -0.427988231
1782375541.235463381 0.553545475 -2.094073296 -0.146868706 0.487743169 0.580317855 -0.490132809 -0.430241525
1782375541.268924952 0.557469130 -2.087851763 -0.146424890 0.490376383 0.578065217 -0.488062471 -0.432627559
1782375541.302386284 0.561189175 -2.081468105 -0.146030307 0.492578387 0.575776160 -0.486365974 -0.435082257
1782375541.335847855 0.565007925 -2.074763775 -0.145755410 0.494681180 0.573803663 -0.484750301 -0.437100857
1782375541.369310141 0.568716049 -2.067570686 -0.145493269 0.496923774 0.571711957 -0.483031303 -0.439195752
1782375541.402772665 0.572196960 -2.060647011 -0.145426512 0.499491990 0.569293916 -0.481303662 -0.441315204
1782375541.436235905 0.575543642 -2.053565979 -0.145241022 0.501540184 0.567463815 -0.479437709 -0.443375558
1782375541.469699383 0.582603812 -2.042777300 -0.147353768 0.503967166 0.564639568 -0.478421152 -0.445322901
1782375541.503163576 0.586100221 -2.036133528 -0.147107601 0.505995452 0.562888265 -0.476693898 -0.447088838
1782375541.536628246 0.589621782 -2.029435873 -0.146758556 0.507871032 0.560852587 -0.475206375 -0.449099422
1782375541.570093393 0.592600107 -2.023221493 -0.146570325 0.509906232 0.559109867 -0.473730922 -0.450522721
1782375541.603559017 0.595374942 -2.016870499 -0.146331310 0.511464179 0.557477176 -0.472190231 -0.452393711
1782375541.637025356 0.597831845 -2.010746717 -0.146087646 0.513786256 0.555478454 -0.470378488 -0.454105109
1782375541.670436144 0.600225210 -2.004810333 -0.145950437 0.515644550 0.553700447 -0.468628585 -0.455975682
1782375541.703802586 0.602922678 -1.998681784 -0.145770669 0.517826915 0.551658988 -0.466757327 -0.457892150
1782375541.737169027 0.605877995 -1.992502332 -0.145720243 0.520020425 0.549298942 -0.464959055 -0.460068047
1782375541.770535469 0.608816385 -1.986097455 -0.145741343 0.522254050 0.547247529 -0.462933987 -0.462020576
1782375541.803901911 0.612261772 -1.979403019 -0.145753264 0.524498820 0.544914782 -0.460924506 -0.464238733
1782375541.837268114 0.615727901 -1.973374844 -0.148090959 0.527271807 0.541909218 -0.459051669 -0.466465861
1782375541.870634317 0.619444489 -1.966743350 -0.148042560 0.529639125 0.539481223 -0.456831664 -0.468771994
1782375541.904000521 0.623216867 -1.960143447 -0.147959590 0.532049537 0.536971509 -0.454543203 -0.471142799
1782375541.937366724 0.627046466 -1.953677297 -0.147877336 0.534386098 0.534599781 -0.452468663 -0.473187923
1782375541.970733643 0.630738854 -1.947016239 -0.147793055 0.536593378 0.532322407 -0.450315505 -0.475306600
1782375542.004099607 0.634320021 -1.940293193 -0.147780895 0.539304674 0.529797614 -0.448098838 -0.477150410
1782375542.037465572 0.637830377 -1.933721781 -0.147593737 0.541389585 0.527448833 -0.446164787 -0.479199499
1782375542.070831537 0.640865326 -1.927641153 -0.147644401 0.543473244 0.525542974 -0.444161028 -0.480793655
1782375542.104197264 0.644113541 -1.921052337 -0.147573829 0.545015335 0.523710966 -0.442494780 -0.482580096
1782375542.137562990 0.647196412 -1.914428830 -0.147662640 0.547172248 0.521389306 -0.440822065 -0.484181523
1782375542.170928717 0.651547432 -1.909414172 -0.148783326 0.548708856 0.519632041 -0.439428210 -0.485596538
1782375542.204294443 0.654398441 -1.902866364 -0.148767829 0.550719261 0.517495096 -0.437722892 -0.487140507
1782375542.237659931 0.657433510 -1.896920919 -0.148725986 0.551905870 0.515899897 -0.436413914 -0.488661647
1782375542.271025658 0.660205364 -1.890412569 -0.148671389 0.553195357 0.514759600 -0.435120940 -0.489558280
1782375542.304391146 0.663069963 -1.883907080 -0.148568630 0.554498374 0.513077617 -0.434033543 -0.490813494
1782375542.337756634 0.665883780 -1.877342939 -0.148591638 0.555273831 0.512017965 -0.433276713 -0.491711289
1782375542.371121883 0.666832924 -1.871799111 -0.151286840 0.556208193 0.511162281 -0.432410121 -0.492307961
1782375542.404487133 0.669669986 -1.865211129 -0.151239753 0.557465613 0.509386063 -0.431469858 -0.493550032
1782375542.437852621 0.672262907 -1.858941555 -0.151196241 0.558002532 0.508833587 -0.430655420 -0.494224131
1782375542.471217632 0.674967766 -1.852048993 -0.151120543 0.559242129 0.507472396 -0.429764926 -0.494997203
1782375542.504582882 0.677514791 -1.845612049 -0.150972486 0.560123444 0.506440699 -0.428751647 -0.495935023
1782375542.537947655 0.680064082 -1.839043140 -0.150879860 0.561158657 0.505402327 -0.427628845 -0.496792942
1782375542.571312904 0.682796240 -1.832847595 -0.150826097 0.562398911 0.503861308 -0.426602930 -0.497836709
1782375542.604677677 0.685339451 -1.827027202 -0.150815725 0.563368261 0.502819479 -0.425550848 -0.498693585
1782375542.638042688 0.688044906 -1.820980191 -0.150894165 0.564427376 0.501636207 -0.424632937 -0.499469459
1782375542.671410084 0.690487742 -1.815101862 -0.150861144 -0.565645635 -0.500293076 0.423601002 0.500314057
1782375542.704777718 0.689083934 -1.806143641 -0.152309895 -0.566213965 -0.499567360 0.423177868 0.500754237
1782375542.738145351 0.691568375 -1.800793052 -0.152195573 -0.567145824 -0.498263061 0.422249019 0.501782119
1782375542.771512985 0.693615437 -1.795763969 -0.152127504 -0.568017185 -0.497673243 0.421398520 0.502096832
1782375542.804880381 0.695858955 -1.790251851 -0.152032614 -0.568319201 -0.497018695 0.420817524 0.502889991
1782375542.838247776 0.697841167 -1.784658790 -0.151933074 -0.569265664 -0.496159524 0.420207858 0.503177702
1782375542.871615171 0.699679494 -1.779288769 -0.151799321 -0.568961143 -0.496100068 0.420120567 0.503653347
1782375542.904982328 0.703259587 -1.773968577 -0.151263237 -0.569272459 -0.495892346 0.420209497 0.503431916
1782375542.938349962 0.705214977 -1.768323779 -0.151072741 -0.569139898 -0.495705485 0.420259327 0.503724158
1782375542.971717119 0.706816435 -1.762430191 -0.150951028 -0.568983138 -0.496141315 0.420116812 0.503590941
1782375543.005084276 0.708578944 -1.756184816 -0.150728226 -0.568786204 -0.496027023 0.420413196 0.503678799
1782375543.038451433 0.709938169 -1.749789715 -0.150660038 -0.568707407 -0.496316940 0.420467466 0.503436804
1782375543.071818352 0.711664557 -1.743119359 -0.150578976 -0.568485379 -0.496543705 0.420520991 0.503419101
1782375543.205286264 0.713919520 -1.713903546 -0.154098630 -0.567820668 -0.496991158 0.421504200 0.502905369
1782375543.238653421 0.714936972 -1.707283497 -0.154351354 -0.567544222 -0.497612566 0.421689808 0.502447009
1782375543.272020102 0.716044188 -1.700736046 -0.154450297 -0.566865921 -0.498024970 0.422282130 0.502306640
1782375543.305386782 0.716786742 -1.694061279 -0.154568672 -0.566520512 -0.498428166 0.422680497 0.501961350
1782375543.338753462 0.717434764 -1.687619328 -0.154741764 -0.565902054 -0.499190509 0.423241258 0.501428545
1782375543.372121096 0.718110204 -1.681014776 -0.154762268 -0.565226138 -0.499887854 0.423694670 0.501113236
1782375543.405487776 0.718807101 -1.674217939 -0.154917240 -0.565171719 -0.500086546 0.424024194 0.500697374
1782375543.438854218 0.719788313 -1.667702436 -0.154868484 -0.564247906 -0.500976086 0.424476683 0.500466645
1782375543.472220898 0.720635891 -1.660253882 -0.155028582 -0.564521253 -0.500715971 0.424762815 0.500175774
1782375543.505587339 0.721261263 -1.653205872 -0.155191779 0.564054549 0.501178920 -0.425143242 -0.499915451
1782375543.538953781 0.722112536 -1.646054506 -0.155269980 0.563981175 0.501314998 -0.425342113 -0.499692678
1782375543.572319984 0.721389413 -1.640273094 -0.156866789 0.563582540 0.501797259 -0.425625145 -0.499417156
1782375543.605686426 0.722144365 -1.633563519 -0.157039881 0.562809944 0.502592742 -0.426174849 -0.499019533
1782375543.639052629 0.722866535 -1.626946449 -0.157197237 0.562733889 0.502631605 -0.426644713 -0.498664647
1782375543.672416687 0.723530769 -1.620756030 -0.157244444 0.561985612 0.503419220 -0.427156597 -0.498275727
1782375543.705780745 0.724139094 -1.614249229 -0.157287478 0.561766565 0.503664374 -0.427412331 -0.498055369
1782375543.739144564 0.724788547 -1.607928038 -0.157241940 0.561535358 0.503879130 -0.427669436 -0.497878313
1782375543.772508383 0.725518227 -1.601444483 -0.157150030 0.561069131 0.504328430 -0.428074777 -0.497600615
1782375543.805871964 0.726266265 -1.594591260 -0.157097697 0.560724854 0.504478991 -0.428521574 -0.497451514
1782375543.839235544 0.726919889 -1.587635398 -0.156938076 0.560528219 0.504837871 -0.428761154 -0.497102350
1782375543.872599125 0.726771116 -1.581358790 -0.156115890 0.560367882 0.505086899 -0.428961277 -0.496857405
1782375543.905962706 0.727498889 -1.574125767 -0.156216502 0.560127258 0.505351722 -0.429193467 -0.496658951
1782375543.939325809 0.728065372 -1.566820860 -0.156324863 0.560144842 0.505600929 -0.429221600 -0.496361077
1782375543.972689390 0.728917956 -1.559585094 -0.156310916 0.559768677 0.505689859 -0.429566115 -0.496396899
1782375544.006052494 0.729490519 -1.552376509 -0.156420469 0.559755981 0.505872846 -0.429664284 -0.496139765
1782375544.039415836 0.730477691 -1.545342088 -0.156456590 0.559568167 0.505847037 -0.429893613 -0.496179134
1782375544.072779894 0.731365323 -1.538261414 -0.156434774 0.559671760 0.505800068 -0.429771781 -0.496215761
1782375544.106142759 0.732267737 -1.531415820 -0.156202555 0.560131192 0.505538464 -0.429469675 -0.496225476
1782375544.139505863 0.733387589 -1.525027275 -0.156165719 0.560274184 0.505246937 -0.429312646 -0.496496856
1782375544.172868729 0.734379768 -1.518642783 -0.156139135 0.560570776 0.505122423 -0.428980619 -0.496575713
1782375544.206231356 0.735445261 -1.512222648 -0.155964494 0.560973644 0.504630685 -0.428824186 -0.496755809
1782375544.239594221 0.736458063 -1.506330252 -0.155957103 0.561123848 0.504611373 -0.428584307 -0.496812850
1782375544.272956848 0.736070991 -1.499954462 -0.157847643 0.561449230 0.504015088 -0.428257227 -0.497332275
1782375544.306319237 0.737372279 -1.494144678 -0.157818317 0.561881959 0.503574610 -0.427982241 -0.497526497
1782375544.339681864 0.738767862 -1.488512158 -0.157755852 0.562013745 0.503420651 -0.427561820 -0.497894764
1782375544.373044252 0.740056634 -1.482688308 -0.157776356 0.562698245 0.502708912 -0.427021742 -0.498304069
1782375544.406406403 0.741817713 -1.476577044 -0.157701015 0.563400924 0.502020478 -0.426437199 -0.498704582
1782375544.439768791 0.743716240 -1.470339298 -0.157645941 0.563939393 0.501244128 -0.425799876 -0.499420911
1782375544.473131180 0.745804071 -1.463884830 -0.157571673 -0.565135717 -0.500022233 0.424909830 0.500051081
1782375544.506493092 0.748044848 -1.457411289 -0.157458544 -0.566141009 -0.499026984 0.423870265 0.500789940
1782375544.539855242 0.750812411 -1.450638533 -0.157259822 -0.567051888 -0.497841746 0.422837555 0.501810908
1782375544.573217154 0.753442228 -1.443630695 -0.157190681 -0.568510294 -0.496373802 0.421692163 0.502578199
1782375544.606578827 0.756286800 -1.436598182 -0.156957984 -0.569251060 -0.495354861 0.420707464 0.503569424
1782375544.639941454 0.758146048 -1.426571250 -0.157209277 -0.570600331 -0.493788272 0.419633120 0.504476488
1782375544.673312187 0.760997295 -1.419273496 -0.157213688 -0.571899652 -0.492421389 0.418295205 0.505451381
1782375544.706676960 0.763901591 -1.411894083 -0.157167077 -0.572860956 -0.491167128 0.417117238 0.506555498
1782375544.740041971 0.766909719 -1.404579282 -0.157158494 -0.574565232 -0.489445895 0.415700108 0.507455468
1782375544.773407698 0.769826710 -1.397744179 -0.157039165 -0.575547516 -0.488167465 0.414407581 0.508629620
1782375544.806772232 0.772544742 -1.390618086 -0.157017350 -0.577106178 -0.486513644 0.412975162 0.509612083
1782375544.840136766 0.775288463 -1.384093523 -0.156912565 -0.577953398 -0.485156417 0.411833286 0.510868371
1782375544.873501301 0.780858874 -1.377915859 -0.156332016 -0.579192758 -0.483840853 0.410396785 0.511867523
1782375544.906865835 0.783751428 -1.370981693 -0.156192899 -0.580414891 -0.482462585 0.409282058 0.512675941
1782375544.940230131 0.786514282 -1.363998055 -0.156078339 -0.581403732 -0.481306285 0.408142537 0.513549984
1782375544.973594427 0.789435625 -1.356703281 -0.155939937 -0.582656145 -0.479933351 0.406970143 0.514345229
1782375545.006958723 0.792482615 -1.349539042 -0.155839801 -0.583757997 -0.478456318 0.405900687 0.515316248
1782375545.040322781 0.795360327 -1.342460871 -0.155724168 -0.584643424 -0.477627665 0.404571086 0.516126037
1782375545.073687077 0.798448086 -1.334678173 -0.155673146 -0.586421728 -0.475347728 0.403488696 0.517060041
1782375545.107051134 0.800298095 -1.327284575 -0.156977296 -0.586975217 -0.474953532 0.402338982 0.517689645
1782375545.173778772 0.806312799 -1.311850309 -0.157161713 -0.589847326 -0.471621662 0.399998486 0.519282639
1782375545.207142591 0.809386730 -1.304405212 -0.157097697 -0.590212405 -0.470891863 0.399035573 0.520270050
1782375545.240506411 0.812370420 -1.296326041 -0.157088518 -0.591916323 -0.469143242 0.397662163 0.520965099
1782375545.273869991 0.814596653 -1.290398598 -0.157727599 -0.592582881 -0.468046546 0.396771789 0.521871686
1782375545.307233572 0.817633986 -1.282990932 -0.157827735 -0.593328893 -0.467073590 0.395627469 0.522763789
1782375545.340597153 0.820761263 -1.275523186 -0.157770514 -0.594375610 -0.465640038 0.394625813 0.523610115
1782375545.373960733 0.823565483 -1.267870665 -0.157722592 -0.594866633 -0.465069056 0.393826097 0.524161696
1782375545.407324076 0.829079330 -1.258009076 -0.156613469 -0.595738113 -0.464190453 0.393040121 0.524540663
1782375545.440687180 0.831883430 -1.250226974 -0.156641245 -0.596488476 -0.463206410 0.392358363 0.525067925
1782375545.474051476 0.834436655 -1.242383957 -0.156590819 -0.596606135 -0.462865323 0.391690552 0.525733173
1782375545.507414818 0.836861014 -1.234267831 -0.156442285 -0.597164631 -0.461970568 0.391167283 0.526275396
1782375545.540777922 0.838718951 -1.226215720 -0.156360507 -0.597556651 -0.461716950 0.390660077 0.526429772
1782375545.574140787 0.840649366 -1.218164682 -0.156400084 -0.597883165 -0.460995615 0.390344858 0.526924849
1782375545.607503891 0.842358112 -1.210350275 -0.156342745 -0.598319232 -0.460639954 0.390026391 0.526976585
1782375545.640866756 0.843710124 -1.202826858 -0.156319737 -0.598298788 -0.460462511 0.389752001 0.527357876
1782375545.674230814 0.844827175 -1.195117474 -0.156375766 -0.598559737 -0.460279912 0.389644861 0.527300358
1782375545.707594633 0.845811367 -1.187594056 -0.156326890 -0.598088384 -0.460924238 0.389882416 0.527096689
1782375545.740958691 0.846412659 -1.180088878 -0.156337142 -0.597993493 -0.461029202 0.390267193 0.526827812
1782375545.774322510 0.846820116 -1.173409939 -0.156196475 -0.597246468 -0.461996526 0.390871435 0.526379526
1782375545.807686329 0.846807599 -1.166649580 -0.156266570 -0.596804261 -0.462750494 0.391477287 0.525768161
1782375545.841049910 0.847708046 -1.159950972 -0.156854153 -0.595778704 -0.463565946 0.392721593 0.525284767
1782375545.874413252 0.848045886 -1.153336763 -0.156853199 -0.594676614 -0.464961946 0.393709093 0.524560094
1782375545.907776833 0.848190248 -1.146348357 -0.156876206 -0.594397664 -0.465726525 0.394531429 0.523579121
1782375545.941140413 0.848294497 -1.139708161 -0.156676412 -0.592952728 -0.467337668 0.395737588 0.522871375
1782375545.974503756 0.848378658 -1.132599354 -0.156530857 -0.592204630 -0.468380392 0.396730423 0.522033036
1782375546.007866859 0.848498702 -1.125906229 -0.156251431 -0.591108382 -0.469628334 0.397828192 0.521318376
1782375546.041229963 0.848293781 -1.119101524 -0.156120420 -0.589840829 -0.471241832 0.399016529 0.520388961
1782375546.074593306 0.847997129 -1.112139940 -0.155909061 -0.588743627 -0.472516984 0.400248259 0.519528687
1782375546.107956409 0.847573519 -1.105308056 -0.155773997 -0.587093830 -0.474388063 0.401743889 0.518535197
1782375546.141319036 0.847028613 -1.097857356 -0.155493617 -0.586017787 -0.475954056 0.403028727 0.517318904
1782375546.174683094 0.846309543 -1.091201305 -0.155173540 -0.584522009 -0.477532774 0.404632777 0.516303122
1782375546.208045959 0.845529199 -1.084096909 -0.155073762 -0.582579792 -0.479935765 0.406356305 0.514914572
1782375546.241408348 0.844503880 -1.076751828 -0.155042291 -0.581127822 -0.481708944 0.408097297 0.513520777
1782375546.274771214 0.843191922 -1.069693446 -0.155001283 -0.579407930 -0.483974040 0.409906119 0.511891246
1782375546.308133841 0.841891944 -1.062261581 -0.154917598 -0.577488899 -0.486266255 0.411986649 0.510214329
1782375546.341495991 0.839959383 -1.054690242 -0.155431867 -0.575463414 -0.488419861 0.413931429 0.508870125
1782375546.374858618 0.838735938 -1.046607256 -0.155274630 -0.573713839 -0.490826100 0.416005164 0.506835163
1782375546.408221006 0.837577820 -1.038841486 -0.155026793 -0.571434438 -0.493215621 0.418231964 0.505255580
1782375546.441583157 0.836420476 -1.031026483 -0.154848099 -0.569736302 -0.495435089 0.420237601 0.503333926
1782375546.474945307 0.835200131 -1.023707628 -0.154724956 -0.567573130 -0.497812122 0.422246873 0.501748443
1782375546.508307457 0.833744943 -1.016159654 -0.154689193 -0.566166878 -0.499802947 0.423851490 0.500002027
1782375546.541669369 0.832380176 -1.008924365 -0.154717565 0.563877702 0.502049387 -0.425882220 -0.498610735
1782375546.575031281 0.830788374 -1.001378536 -0.154748321 0.562169015 0.504339755 -0.427564085 -0.496786177
1782375546.608393192 0.829579115 -0.993560731 -0.154729128 0.560330987 0.506056607 -0.429444790 -0.495492876
1782375546.641755581 0.828259826 -0.985632539 -0.154874086 0.558762729 0.507977545 -0.430956036 -0.493983835
1782375546.675149918 0.826181054 -0.977229476 -0.156902313 0.556965828 0.509383023 -0.432687432 -0.493051261
1782375546.708591938 0.825422049 -0.968563914 -0.156891584 0.555903494 0.510644674 -0.433897763 -0.491880268
1782375546.742034674 0.825010538 -0.960280895 -0.156702995 0.554763615 0.511928022 -0.434937119 -0.490914315
1782375546.775477886 0.824345589 -0.951946139 -0.156623363 0.554098785 0.513043582 -0.435539693 -0.489965320
1782375546.808921099 0.824204445 -0.943906665 -0.156389236 0.553057373 0.513793945 -0.436502814 -0.489498407
1782375546.842365026 0.823477745 -0.935642421 -0.156612396 0.552378178 0.514601171 -0.436992228 -0.488980353
1782375546.875810385 0.823568702 -0.927597880 -0.156428576 0.551949978 0.515089571 -0.437248826 -0.488720328
1782375546.909255028 0.823341727 -0.919243097 -0.156525373 0.551753223 0.515681684 -0.437357724 -0.488220304
1782375546.942700148 0.823709965 -0.911054671 -0.156412244 0.551985860 0.515590131 -0.437143445 -0.488245815
1782375546.976145983 0.824011326 -0.902885079 -0.156452894 0.552126646 0.515320003 -0.436905265 -0.488585055
1782375547.009591818 0.824431360 -0.894652963 -0.156497836 0.552722812 0.515044928 -0.436433494 -0.488622695
1782375547.043038368 0.824942648 -0.886258245 -0.156457305 0.553079486 0.514641583 -0.436040938 -0.488994330
1782375547.076485157 0.825134337 -0.877598047 -0.156537890 0.553677917 0.514321744 -0.435549289 -0.489091814
1782375547.109932661 0.825637817 -0.868984222 -0.156576276 0.553788424 0.513999760 -0.435278088 -0.489546448
1782375547.143380165 0.825794041 -0.860460758 -0.156600356 0.554360330 0.513477802 -0.435026526 -0.489670366
1782375547.176828384 0.823242426 -0.853294134 -0.158949614 0.554041445 0.513769805 -0.434686393 -0.490027070
1782375547.210276842 0.823578715 -0.845042467 -0.158971667 0.554074705 0.513827741 -0.434556603 -0.490043700
1782375547.243725777 0.823926687 -0.836514235 -0.159008145 0.554486394 0.513094246 -0.434465587 -0.490427285
1782375547.277175188 0.824255228 -0.828294575 -0.158976555 0.553884983 0.513852358 -0.434399635 -0.490371436
1782375547.310625315 0.824405074 -0.819047153 -0.159054399 0.554076791 0.513647020 -0.434450328 -0.490324944
1782375547.344075441 0.824460387 -0.810248792 -0.158998251 0.554053545 0.513767064 -0.434575200 -0.490114838
1782375547.377526045 0.824239373 -0.801549196 -0.158903360 0.553328514 0.514581561 -0.434904814 -0.489786953
1782375547.410977364 0.822103262 -0.792276740 -0.160158515 0.552767992 0.514970124 -0.435499489 -0.489482880
1782375547.444428682 0.821115434 -0.784048557 -0.160321116 0.552017987 0.516150951 -0.436099559 -0.488550425
1782375547.477880716 0.820170701 -0.775734544 -0.160413504 0.550457478 0.517206192 -0.437316775 -0.488107026
1782375547.511332989 0.818529427 -0.767107129 -0.160640955 0.549788356 0.518485248 -0.438105851 -0.486794800
1782375547.544785976 0.816897690 -0.758720875 -0.160756707 0.548108220 0.519852996 -0.439594746 -0.485887676
1782375547.578240156 0.814898491 -0.750187218 -0.160727739 0.546813130 0.521566570 -0.440869808 -0.484352767
1782375547.611693859 0.812647462 -0.741713405 -0.160705924 0.544823825 0.523477376 -0.442521632 -0.483024985
1782375547.645148039 0.810085356 -0.733333468 -0.160761118 0.543355703 0.525279462 -0.444075406 -0.481293261
1782375547.678578854 0.807637334 -0.723010778 -0.160668850 0.540879726 0.527140081 -0.446494639 -0.479807287
1782375547.712013006 0.804320455 -0.714907885 -0.160670400 0.538073599 0.530335188 -0.448665291 -0.477410704
1782375547.745447159 0.800940394 -0.706691861 -0.160694599 0.535503268 0.532530248 -0.451275915 -0.475392282
1782375547.778882027 0.797096968 -0.699265361 -0.160832286 0.532343566 0.535619140 -0.454023629 -0.472847819
1782375547.812317133 0.793014526 -0.691473484 -0.160889149 0.528964341 0.538844705 -0.456838489 -0.470257163
1782375547.845752716 0.787970424 -0.683816075 -0.161112666 0.525827348 0.541852653 -0.459508061 -0.467711091
1782375547.879188776 0.783464670 -0.676173568 -0.161144018 0.521856964 0.545341492 -0.462446272 -0.465200335
1782375547.912624836 0.778599918 -0.668254137 -0.161336422 0.519309938 0.548149288 -0.465012372 -0.462182999
1782375547.946061611 0.773102343 -0.659935355 -0.162701249 0.515156031 0.551559687 -0.468360990 -0.459384531
1782375547.979498386 0.767904401 -0.651950359 -0.163137197 0.511643708 0.554993153 -0.471167028 -0.456294924
1782375548.012935877 0.763045192 -0.643892825 -0.163492620 0.508601367 0.557606697 -0.474272639 -0.453282237
1782375548.046373367 0.757983565 -0.636800706 -0.163817167 0.504470825 0.561253905 -0.477314770 -0.450193137
1782375548.079811335 0.752504706 -0.628551185 -0.164187312 0.500841558 0.564346850 -0.480397105 -0.447089523
1782375548.113249779 0.747295499 -0.621888995 -0.164627671 0.496879041 0.567560494 -0.483645231 -0.443929821
1782375548.146688461 0.742025197 -0.615629554 -0.165032208 0.492847323 0.571088314 -0.486781061 -0.440458804
1782375548.180127621 0.736813366 -0.609585822 -0.165369391 0.488805979 0.574215114 -0.489921540 -0.437404484
1782375548.213567257 0.731334031 -0.603495121 -0.165640473 0.485736996 0.577203214 -0.492401451 -0.434093237
1782375548.247006893 0.726233006 -0.597464085 -0.165691912 0.482030630 0.579925776 -0.495142132 -0.431470662
1782375548.280447960 0.720983326 -0.590001702 -0.165474057 0.478959441 0.582742095 -0.497416437 -0.428469867
1782375548.313888311 0.715856969 -0.583449483 -0.165744245 0.475999653 0.585202694 -0.499672025 -0.425781757
1782375548.347329378 0.710504830 -0.576981783 -0.165832400 0.473135889 0.587506831 -0.501757979 -0.423340440
1782375548.380770445 0.705301166 -0.570623577 -0.165953457 0.470531076 0.589492798 -0.503767669 -0.421090096
1782375548.414212227 0.701343179 -0.564509153 -0.165097594 0.467948407 0.591669261 -0.505413115 -0.418938428
1782375548.447654009 0.696380854 -0.557474613 -0.165267587 0.465783089 0.593142748 -0.507013500 -0.417331010
1782375548.481096506 0.691185474 -0.550271809 -0.165471494 0.464426190 0.594469190 -0.508076489 -0.415659755
1782375548.514539003 0.686141491 -0.542975962 -0.165501237 0.462878615 0.595537841 -0.509254992 -0.414412081
1782375548.547982216 0.680937350 -0.535497546 -0.165569603 0.461763680 0.596412659 -0.510157406 -0.413286537
1782375548.581425428 0.676325381 -0.527990460 -0.165479898 0.461483002 0.596699595 -0.510560989 -0.412687123
1782375548.614869118 0.671813488 -0.520399928 -0.165454388 0.461223751 0.596782327 -0.510851920 -0.412497103
1782375548.648313284 0.667479873 -0.513000488 -0.165472567 0.461215675 0.596853912 -0.510605574 -0.412707597
1782375548.681751728 0.663091600 -0.505334854 -0.165520787 0.462692112 0.595785320 -0.509971440 -0.413382411
1782375548.715102673 0.658506691 -0.498183101 -0.166426659 0.463660657 0.595176697 -0.509118378 -0.414224654
1782375548.748453617 0.655007362 -0.490829289 -0.166512907 0.464982301 0.594041646 -0.508221328 -0.415472209
1782375548.781804085 0.651510835 -0.483758479 -0.166615486 0.466906875 0.592719138 -0.506952047 -0.416751325
1782375548.815154552 0.648220897 -0.476878732 -0.166632771 0.468780130 0.590944052 -0.505751848 -0.418623298
1782375548.848504543 0.644689023 -0.470008016 -0.166670620 0.471218437 0.589454412 -0.503907323 -0.420207232
1782375548.881854773 0.641306102 -0.462745577 -0.166469693 0.473856360 0.587282419 -0.502067566 -0.422478050
1782375548.915204287 0.638004184 -0.455561548 -0.166366577 0.476637006 0.585141420 -0.499992996 -0.424774945
1782375548.948554039 0.634847999 -0.447757661 -0.165949166 0.479417711 0.583058834 -0.497954339 -0.426898837
1782375548.981904268 0.631643772 -0.442793131 -0.166457474 0.482135206 0.580396295 -0.496018767 -0.429710537
1782375549.015253305 0.628463566 -0.435583293 -0.166422129 0.484950662 0.578441203 -0.493769974 -0.431763619
1782375549.048602581 0.625172436 -0.428369820 -0.166272819 0.487392217 0.576162755 -0.491821557 -0.434277564
1782375549.081951141 0.621595323 -0.420697570 -0.166209698 0.490213573 0.574049234 -0.489605635 -0.436399430
1782375549.115299702 0.617909431 -0.412386417 -0.166128397 0.492828608 0.571627080 -0.487594903 -0.438877910
1782375549.148648262 0.613870680 -0.403553784 -0.166141033 0.496118218 0.568894684 -0.485407263 -0.441141069
1782375549.181996346 0.609797776 -0.395328045 -0.165994346 0.498738766 0.566793323 -0.482723951 -0.443827212
1782375549.215344191 0.605210364 -0.386296332 -0.165942311 0.502924025 0.563167810 -0.479713053 -0.446972877
1782375549.248691797 0.600026906 -0.377056837 -0.166236520 0.506460369 0.560243726 -0.476822853 -0.449738711
1782375549.282039642 0.594722450 -0.368381351 -0.166240215 0.509834588 0.557375729 -0.473912954 -0.452556789
1782375549.315387011 0.589023829 -0.359237343 -0.166162074 0.513965547 0.553527057 -0.470719278 -0.455928385
1782375549.348733902 0.582785130 -0.350029886 -0.166055679 0.518071055 0.549992144 -0.466908038 -0.459464967
1782375549.382081032 0.576543570 -0.339776397 -0.165853083 0.523308635 0.545089245 -0.462654054 -0.463656098
1782375549.415427685 0.570233643 -0.329969049 -0.165830493 0.528111994 0.540562212 -0.458214611 -0.467899233
1782375549.448774099 0.562658489 -0.317132890 -0.164600134 0.533202231 0.535932422 -0.453678608 -0.471855551
1782375549.482120514 0.556363940 -0.306976855 -0.164329469 0.538229942 0.530774891 -0.448989064 -0.476440459
1782375549.515466690 0.550105155 -0.296410084 -0.164114654 0.543880880 0.525468230 -0.443609625 -0.480923355
1782375549.548812628 0.544032872 -0.286404580 -0.163938940 0.548922539 0.519934177 -0.438937187 -0.485475779
1782375549.582158566 0.537805676 -0.276442111 -0.163946271 0.553603947 0.515174627 -0.434169978 -0.489504009
1782375549.615503788 0.534272671 -0.266247213 -0.162511826 0.559565365 0.508840203 -0.428897440 -0.493978977
1782375549.648849249 0.528174102 -0.257118881 -0.162361026 0.564435780 0.503630400 -0.423639208 -0.498295665
1782375549.682196140 0.522478580 -0.247693464 -0.162144899 -0.569911838 -0.497852862 0.418368757 0.502305329
1782375549.715545416 0.516826391 -0.238682061 -0.161859870 -0.574871838 -0.492048770 0.413397938 0.506470621
1782375549.748894453 0.510170579 -0.231099069 -0.163811386 -0.579754055 -0.486485064 0.408395469 0.510324180
1782375549.782243490 0.505104721 -0.222655416 -0.163715720 -0.584830940 -0.480750263 0.403024524 0.514221072
1782375549.815592289 0.500303030 -0.214875996 -0.163508475 -0.589433551 -0.475113630 0.398086369 0.518037140
1782375549.848940611 0.495802820 -0.207373798 -0.163241863 -0.593600690 -0.469857305 0.393323153 0.521698415
1782375549.882289171 0.491407603 -0.200281098 -0.162994742 -0.598255813 -0.463980258 0.388641089 0.525138497
1782375549.915637255 0.486906499 -0.194047347 -0.162773430 -0.601959467 -0.459409893 0.383946300 0.528367937
1782375549.948985100 0.481936097 -0.184147835 -0.159968257 -0.606062531 -0.454205990 0.379446507 0.531418443
1782375549.982332706 0.477701962 -0.178502694 -0.159641206 -0.609950721 -0.449166298 0.375133395 0.534307837
1782375550.015680075 0.473526329 -0.173119277 -0.159253448 -0.613367200 -0.444631785 0.370728701 0.537255466
1782375550.049027681 0.469368815 -0.167604938 -0.158872068 -0.617365956 -0.439047575 0.366076112 0.540448725
1782375550.082374573 0.465011120 -0.162486896 -0.158529282 -0.621119797 -0.433789760 0.361371726 0.543550491
1782375550.115721464 0.460797966 -0.157273278 -0.158216029 -0.624794602 -0.428484827 0.356540948 0.546727598
1782375550.149068117 0.456655681 -0.152339399 -0.157918483 -0.628860593 -0.422663331 0.351596475 0.549790919
1782375550.182414532 0.452319741 -0.147722691 -0.157775551 -0.632266700 -0.417411089 0.346786171 0.552943289
1782375550.215760708 0.446217269 -0.142922014 -0.158866465 -0.636027694 -0.411740482 0.341783017 0.555988312
1782375550.249106646 0.441957414 -0.138399333 -0.158586323 -0.639696896 -0.406055301 0.336756319 0.559019029
1782375550.282452583 0.437734067 -0.134034276 -0.158286422 -0.643126786 -0.400602221 0.331943929 0.561888933
1782375550.315798283 0.433508843 -0.129777312 -0.158009320 -0.646470964 -0.395561039 0.326874524 0.564588308
1782375550.349143505 0.429387569 -0.125864610 -0.157726228 -0.650435805 -0.388761818 0.321445078 0.567864954
1782375550.382489920 0.425549537 -0.123108193 -0.158946157 -0.653790534 -0.383100212 0.316154242 0.570822895
1782375550.415834904 0.421327919 -0.118987024 -0.158697486 -0.657472968 -0.376837790 0.310537010 0.573837519
1782375550.449179649 0.417278647 -0.114926554 -0.158417434 -0.661296129 -0.370278239 0.304949671 0.576703668
1782375550.482524157 0.413334996 -0.110968560 -0.158202261 -0.664834261 -0.363860548 0.299172729 0.579738498
1782375550.515868664 0.409535706 -0.107132882 -0.158045769 -0.668490231 -0.356964201 0.293352365 0.582787991
1782375550.549212933 0.405550808 -0.103514515 -0.158014506 -0.672216952 -0.350266635 0.287383258 0.585532784
1782375550.582556963 0.401889265 -0.100149736 -0.158030182 -0.675543368 -0.343420416 0.281394631 0.588660121
1782375550.615900517 0.397989810 -0.096791267 -0.158138871 -0.679243863 -0.336424291 0.275068760 0.591425180
1782375550.649244070 0.394334406 -0.093598738 -0.158073306 -0.682633281 -0.329427779 0.268947393 0.594269812
1782375550.682592392 0.391003370 -0.090104103 -0.157967448 -0.685944378 -0.322357476 0.262914330 0.597027659
1782375550.715941668 0.387570739 -0.086921409 -0.157953858 -0.689195812 -0.315100372 0.256711900 0.599849999
1782375550.749290943 0.384170681 -0.084512979 -0.158082694 -0.692409158 -0.307793230 0.250509977 0.602559328
1782375550.782639980 0.380120575 -0.081931561 -0.158088014 -0.695410252 -0.301350415 0.244477183 0.604833424
1782375550.815988779 0.376709521 -0.079137854 -0.157766819 -0.698223412 -0.294022977 0.238552496 0.607558429
1782375550.849337339 0.373401910 -0.080907792 -0.157388389 -0.701287687 -0.287341386 0.232772171 0.609465122
1782375550.882685900 0.368361473 -0.077781036 -0.156962559 -0.703524292 -0.281116724 0.227037743 0.611948490
1782375550.916033983 0.363095045 -0.074492559 -0.156747237 -0.706712723 -0.273595870 0.220854416 0.613942921
1782375550.949382067 0.356822133 -0.072600797 -0.156593964 -0.708851874 -0.267725885 0.215244755 0.616053343
1782375550.982729673 0.350856721 -0.070053928 -0.156436667 -0.711361945 -0.261108100 0.209649086 0.617927194
1782375551.016077280 0.344652802 -0.068227649 -0.156268775 -0.713514686 -0.255022436 0.204210773 0.619805157
1782375551.049424887 0.338987440 -0.066376418 -0.156126082 -0.715594649 -0.248912498 0.198790818 0.621650338
1782375551.082772970 0.333057463 -0.064693436 -0.156204849 -0.717698395 -0.242671579 0.193477288 0.623366773
1782375551.116119862 0.327416152 -0.063589633 -0.156324118 -0.719565272 -0.236912206 0.188359767 0.624995291
1782375551.149466753 0.321873069 -0.062583394 -0.156406775 -0.721329093 -0.231219545 0.183448821 0.626552761
1782375551.182813168 0.316154599 -0.061516985 -0.156546921 -0.723047614 -0.225868329 0.178824916 0.627859354
1782375551.216159582 0.310641468 -0.061028630 -0.156598896 -0.724414051 -0.221073523 0.174572930 0.629186094
1782375551.249505758 0.304943979 -0.060483091 -0.157052308 -0.725790620 -0.215994790 0.170543805 0.630467355
1782375551.282851696 0.298688769 -0.060028180 -0.157038614 -0.727260470 -0.211712822 0.166653439 0.631265879
1782375551.316197395 0.291267931 -0.062221505 -0.155876324 -0.728218317 -0.207095683 0.162734210 0.632714152
1782375551.349543095 0.284163564 -0.061812863 -0.155867308 -0.729780316 -0.203246579 0.159292608 0.633038282
1782375551.382888317 0.277490348 -0.061880320 -0.155645460 -0.730448127 -0.199632570 0.156133100 0.634204090
1782375551.416233540 0.270931065 -0.061424673 -0.155677527 -0.731704414 -0.196077347 0.153238371 0.634570956
1782375551.449578524 0.264089644 -0.061596185 -0.155736923 -0.732219636 -0.193298981 0.150683224 0.635440469
1782375551.482923269 0.258250713 -0.061461635 -0.156009883 -0.733164132 -0.190563902 0.148214370 0.635758042
1782375551.516267776 0.251505464 -0.061969116 -0.156085819 -0.733698905 -0.187794179 0.146019027 0.636472940
1782375551.549612045 0.245414287 -0.062219277 -0.156548619 -0.734171569 -0.185777888 0.143870398 0.637008727
1782375551.582956314 0.238881215 -0.062879995 -0.156803459 -0.734891176 -0.182691082 0.141347498 0.637636125
1782375551.616300106 0.232265621 -0.063841462 -0.157038435 -0.735443294 -0.180113107 0.138632640 0.638328612
1782375551.649643898 0.226113796 -0.065023862 -0.157137260 -0.736284614 -0.176647842 0.135638997 0.638970017
1782375551.682988167 0.219698519 -0.066433176 -0.157477722 -0.736893594 -0.173127890 0.132558152 0.639877260
1782375551.716337442 0.213591859 -0.067717776 -0.157553583 -0.737825394 -0.169690430 0.129289791 0.640392840
1782375551.749686480 0.208160430 -0.069311045 -0.157642961 -0.738621712 -0.165848985 0.126113579 0.641114235
1782375551.783036232 0.203096509 -0.070962436 -0.157534808 -0.739432931 -0.161682129 0.122456655 0.641951859
1782375551.816384792 0.199180424 -0.070760213 -0.159640118 -0.740174174 -0.157624230 0.119285285 0.642703593
1782375551.849732876 0.194571525 -0.071933188 -0.159550309 -0.741150379 -0.153481364 0.115629226 0.643249154
1782375551.883080959 0.190561056 -0.073012896 -0.159548774 -0.741877794 -0.149323955 0.112205297 0.643995106
1782375551.916429043 0.186794996 -0.074412547 -0.159434512 -0.742787898 -0.145552754 0.108975448 0.644363999
1782375551.949776649 0.183105081 -0.076133229 -0.159248367 -0.743461668 -0.141551748 0.105540924 0.645049691
1782375551.983124018 0.179151028 -0.078145206 -0.159259677 -0.744026124 -0.137707308 0.102196082 0.645769238
1782375552.016471386 0.175167799 -0.080385000 -0.159237742 -0.744778633 -0.134134412 0.099025682 0.646147609
1782375552.049818277 0.171304762 -0.082624905 -0.159341231 -0.745301962 -0.130379140 0.095806979 0.646797776
1782375552.083165169 0.167201906 -0.084909745 -0.159235895 -0.746026158 -0.126814246 0.092742458 0.647118211
1782375552.116512060 0.162916377 -0.087141044 -0.159150988 -0.746401966 -0.123528533 0.089664027 0.647753954
1782375552.149858475 0.158967465 -0.089355059 -0.159169585 -0.747076988 -0.120115854 0.086826563 0.648004234
1782375552.183204651 0.154702082 -0.091669224 -0.159167960 -0.747365057 -0.117002890 0.084012039 0.648612201
1782375552.216550589 0.150454730 -0.093920335 -0.159290433 -0.747967601 -0.113591984 0.081138320 0.648889840
1782375552.249896526 0.145827129 -0.096417457 -0.159182966 -0.748407304 -0.110216059 0.078230746 0.649321854
1782375552.283241987 0.141234025 -0.098644957 -0.159114450 -0.748855054 -0.107042000 0.075200602 0.649694562
1782375552.316587448 0.133997083 -0.099906929 -0.158452883 -0.749458849 -0.103584960 0.072134644 0.649906397
1782375552.349932671 0.129515141 -0.101525590 -0.158400163 -0.750029147 -0.100692362 0.069599286 0.649979413
1782375552.383277655 0.125364169 -0.103249833 -0.158244908 -0.750298917 -0.097421452 0.066799939 0.650460184
1782375552.416622400 0.121091835 -0.104657032 -0.158255190 -0.750863910 -0.094441541 0.064109273 0.650518417
1782375552.449966908 0.117167272 -0.106139332 -0.158183277 -0.751073778 -0.091651760 0.061719075 0.650906265
1782375552.483312368 0.113439128 -0.107539751 -0.158099979 -0.751396596 -0.088730387 0.059359305 0.651157975
1782375552.516656160 0.109745853 -0.108609922 -0.158139408 -0.751782358 -0.086294822 0.057105087 0.651241541
1782375552.550000191 0.106250450 -0.109524325 -0.158161610 -0.751990378 -0.084203295 0.055250023 0.651435196
1782375552.583343983 0.102787897 -0.110153884 -0.158433065 -0.752153635 -0.082277074 0.053645559 0.651626885
1782375552.616687536 0.099253476 -0.110690042 -0.158502892 -0.752400219 -0.080927782 0.052288137 0.651621521
1782375552.650030851 0.095665991 -0.111201674 -0.158735275 -0.752485871 -0.079276666 0.050953429 0.651831210
1782375552.683375597 0.091786772 -0.111616835 -0.158786893 -0.752688348 -0.078094013 0.049827170 0.651827276
1782375552.716726542 0.087927818 -0.111928754 -0.158847362 -0.752687871 -0.076905012 0.048660703 0.652057350
1782375552.750077486 0.083970994 -0.112236477 -0.159013659 -0.752884746 -0.075621106 0.047623556 0.652056754
1782375552.783427954 0.082039833 -0.112984225 -0.159271419 -0.752757013 -0.075095512 0.047069583 0.652305126
1782375552.816778421 0.078384764 -0.112981409 -0.159243107 -0.752856076 -0.074132361 0.046307981 0.652355552
1782375552.850128651 0.074648015 -0.112899400 -0.159222513 -0.752950072 -0.073306933 0.045587882 0.652391076
1782375552.883478642 0.070949033 -0.112742923 -0.159189969 -0.753035605 -0.072564095 0.044862501 0.652425647
1782375552.916828632 0.067273140 -0.112645745 -0.159194320 -0.753077924 -0.071856931 0.044279084 0.652494967
1782375552.950178146 0.063609473 -0.112436302 -0.159204498 -0.753142059 -0.071291365 0.043713443 0.652521074
1782375552.983527899 0.060085744 -0.112270027 -0.159354389 -0.753135443 -0.070592903 0.043072760 0.652647197
1782375553.016877174 0.056891404 -0.112215899 -0.159544617 -0.753236949 -0.069809161 0.042475410 0.652653635
1782375553.050226212 0.053930085 -0.112244725 -0.159703821 -0.753238678 -0.069150589 0.041923475 0.652757287
1782375553.083575249 0.051190313 -0.112159684 -0.160057843 -0.753275514 -0.068701416 0.041549645 0.652786195
1782375553.116923809 0.048572823 -0.112290636 -0.160258323 -0.753319681 -0.068331055 0.041189577 0.652796924
1782375553.150272369 0.045968160 -0.112371914 -0.160611361 -0.753274798 -0.068081789 0.040961441 0.652889192
1782375553.183621645 0.043550793 -0.112462305 -0.160740495 -0.753304422 -0.068004690 0.040834125 0.652870953
1782375553.216969728 0.041045606 -0.112672828 -0.160846487 -0.753256559 -0.068022832 0.040831991 0.652924418
1782375553.250317812 0.038595781 -0.112850256 -0.160979703 -0.753294885 -0.068236358 0.040988516 0.652848065
1782375553.283665419 0.036703765 -0.113663226 -0.160711110 -0.753191590 -0.068734542 0.041073572 0.652909577
1782375553.317013264 0.034437075 -0.113667235 -0.160819516 -0.753220499 -0.069046892 0.041300397 0.652829051
1782375553.350360394 0.032195512 -0.113748454 -0.160913914 -0.753187358 -0.069468714 0.041660815 0.652799666
1782375553.383707523 0.029831355 -0.113882020 -0.161051035 -0.753151178 -0.069998674 0.042066775 0.652758777
1782375553.417054415 0.027519187 -0.113958314 -0.161155760 -0.753075421 -0.070581891 0.042499557 0.652755320
1782375553.450401306 0.025304770 -0.113981962 -0.161278069 -0.753009915 -0.071239293 0.043093495 0.652720511
1782375553.483747721 0.023065468 -0.114175454 -0.161362708 -0.752926350 -0.071883962 0.043640058 0.652709961
1782375553.517094135 0.020943735 -0.114279285 -0.161449999 -0.752866924 -0.072524317 0.044135354 0.652674377
1782375553.550440311 0.018544225 -0.114469327 -0.161588222 -0.752807438 -0.072919458 0.044500414 0.652674139
1782375553.583786726 0.016101364 -0.114739522 -0.161676377 -0.752764642 -0.073347025 0.044825751 0.652653337
1782375553.617132425 0.013697647 -0.114887737 -0.161816537 -0.752708733 -0.073808402 0.045193788 0.652640283
1782375553.650478125 0.011276855 -0.115167893 -0.161877066 -0.752651691 -0.074391529 0.045652967 0.652607918
1782375553.683827162 0.008820210 -0.115564883 -0.162020415 -0.752535820 -0.075063720 0.046159834 0.652629018
1782375553.717176676 0.006376991 -0.116004147 -0.162020177 -0.752513409 -0.075550646 0.046560634 0.652570248
1782375553.750526428 0.004097817 -0.116416000 -0.162161350 -0.752447367 -0.076171912 0.047060199 0.652538300
1782375553.783875465 0.001948927 -0.116776817 -0.162216693 -0.752373815 -0.076864198 0.047567233 0.652505040
1782375553.817224503 0.003221907 -0.116621993 -0.162093282 -0.752286911 -0.077822261 0.048468672 0.652425468
1782375553.850573778 0.001730999 -0.117097497 -0.162225664 -0.752224267 -0.078526817 0.049040638 0.652370453
1782375553.883923292 0.000461401 -0.117503420 -0.162351742 -0.752184093 -0.078849658 0.049415682 0.652349591
1782375553.917271614 -0.000646628 -0.117791288 -0.162486464 -0.752156675 -0.079054885 0.049642660 0.652339101
1782375553.950620174 -0.001777215 -0.118052334 -0.162573099 -0.752150297 -0.079136059 0.049781498 0.652326047
1782375553.983968258 -0.002978759 -0.118323930 -0.162634462 -0.752108335 -0.079294004 0.049944326 0.652342796
1782375554.017316103 -0.004181724 -0.118563443 -0.162748158 -0.752096176 -0.079382457 0.050076805 0.652335942
1782375554.050663710 -0.005470363 -0.118757181 -0.162744209 -0.752072394 -0.079579845 0.050258346 0.652325332
1782375554.084011316 -0.006950112 -0.118948802 -0.162820265 -0.752025425 -0.079772972 0.050377060 0.652346790
1782375554.117358685 -0.008628173 -0.119144611 -0.162789375 -0.751990080 -0.079978749 0.050522916 0.652351022
1782375554.150705814 -0.010339705 -0.119262695 -0.162864000 -0.751943886 -0.080296405 0.050751485 0.652347445
1782375554.184052706 -0.012122104 -0.119457670 -0.162955582 -0.751906574 -0.080615535 0.050989196 0.652332664
1782375554.217399359 -0.013952058 -0.119620837 -0.163016111 -0.751857698 -0.080875359 0.051149402 0.652344227
1782375554.250745773 -0.015362706 -0.119716555 -0.163199171 -0.751854062 -0.081135251 0.051343814 0.652300894
1782375554.284091949 -0.016870014 -0.119878940 -0.163239613 -0.751830399 -0.081292905 0.051432338 0.652301550
1782375554.317438126 -0.017499723 -0.119308472 -0.163972363 -0.751730800 -0.081633799 0.051420052 0.652374804
1782375554.350783825 -0.018163346 -0.119524702 -0.164084047 -0.751719534 -0.081740677 0.051562279 0.652363122
1782375554.384129524 -0.018599585 -0.119679697 -0.164162189 -0.751693189 -0.081808969 0.051627673 0.652379632
1782375554.417474985 -0.018784801 -0.119756348 -0.164248616 -0.751673400 -0.081794277 0.051616192 0.652405322
1782375554.450820446 -0.018858772 -0.119783044 -0.164305061 -0.751664281 -0.081772104 0.051592790 0.652420402
1782375554.484165430 -0.018730879 -0.119787514 -0.164359182 -0.751661181 -0.081682242 0.051537581 0.652439594
1782375554.517510414 -0.018579265 -0.119727843 -0.164390862 -0.751664042 -0.081578374 0.051450700 0.652456164
1782375554.550854921 -0.018286219 -0.119705610 -0.164345846 -0.751677632 -0.081485808 0.051378440 0.652457774
1782375554.584200621 -0.017993564 -0.119700156 -0.164320052 -0.751677275 -0.081374377 0.051294498 0.652478755
1782375554.617544889 -0.017573865 -0.119596243 -0.164179623 -0.751696050 -0.081284828 0.051202454 0.652475357
1782375554.650888920 -0.016974594 -0.119488493 -0.164206803 -0.751703560 -0.081138924 0.051080793 0.652494431
1782375554.684233904 -0.016550925 -0.119405635 -0.164151207 -0.751716375 -0.081002392 0.050976925 0.652504742
1782375554.717583418 -0.016038511 -0.119328067 -0.163998976 -0.751734734 -0.080909066 0.050915357 0.652500033
1782375554.750933170 -0.015690738 -0.119197041 -0.163959458 -0.751748741 -0.080734879 0.050737359 0.652519345
1782375554.784282446 -0.015288366 -0.119028710 -0.164100945 -0.751751423 -0.080593653 0.050623294 0.652542591
1782375554.817631483 -0.014274370 -0.119967252 -0.164238214 -0.751753926 -0.080541953 0.050685477 0.652541220
1782375554.850980520 -0.014050486 -0.120030351 -0.164263204 -0.751747847 -0.080474637 0.050595559 0.652563512
1782375554.884329319 -0.013876533 -0.120008089 -0.164255738 -0.751739621 -0.080420762 0.050544064 0.652583659
1782375554.917677641 -0.013775919 -0.119939901 -0.164240509 -0.751745760 -0.080385901 0.050497375 0.652584493
1782375554.951026201 -0.013782199 -0.119802400 -0.164215803 -0.751737595 -0.080334276 0.050434101 0.652605116
1782375554.984374285 -0.013822962 -0.119635455 -0.164196536 -0.751737535 -0.080314420 0.050424695 0.652608335
1782375555.017722130 -0.013974486 -0.119510911 -0.164149597 -0.751738489 -0.080333568 0.050443646 0.652603447
1782375555.051069736 -0.014154416 -0.119336918 -0.164159745 -0.751748741 -0.080359466 0.050474320 0.652585983
1782375555.084417582 -0.014386103 -0.119275853 -0.164139032 -0.751747608 -0.080375142 0.050484281 0.652584732
1782375555.117764711 -0.014708959 -0.119203039 -0.164182574 -0.751741886 -0.080409467 0.050453175 0.652589500
1782375555.151111841 -0.014980191 -0.119136736 -0.164263070 -0.751743972 -0.080415547 0.050418403 0.652589023
1782375555.184458733 -0.015121434 -0.119143426 -0.164320171 -0.751730442 -0.080421343 0.050434615 0.652602613
1782375555.217805386 -0.015235726 -0.119094260 -0.164368153 -0.751734793 -0.080413155 0.050410151 0.652600527
1782375555.251151800 -0.015204843 -0.119028449 -0.164417684 -0.751729310 -0.080429576 0.050447315 0.652601957
1782375555.284499168 -0.015150728 -0.118960775 -0.164399430 -0.751724243 -0.080397516 0.050454624 0.652611196
1782375555.317845106 -0.014821459 -0.118782863 -0.164483219 -0.751758873 -0.080373921 0.050460368 0.652573705
1782375555.351191044 -0.014662972 -0.118818812 -0.164537221 -0.751740217 -0.080317318 0.050431270 0.652604401
1782375555.384536982 -0.014484078 -0.118824452 -0.164572671 -0.751736999 -0.080284275 0.050438486 0.652611613
1782375555.417882442 -0.014310060 -0.118756540 -0.164602086 -0.751726329 -0.080226831 0.050407931 0.652633429
1782375555.451227665 -0.014219861 -0.118655428 -0.164603114 -0.751718044 -0.080205359 0.050422959 0.652644336
1782375555.484572649 -0.014068179 -0.118601032 -0.164607793 -0.751710951 -0.080146268 0.050385632 0.652662575
1782375555.517917633 -0.013913592 -0.118554980 -0.164608732 -0.751706123 -0.080107309 0.050369240 0.652674258
1782375555.551262140 -0.013810599 -0.118495136 -0.164623320 -0.751701891 -0.080057487 0.050322149 0.652688980
1782375555.584606647 -0.013756055 -0.118505456 -0.164617151 -0.751705945 -0.080033235 0.050314676 0.652687848
1782375555.617951155 -0.013619933 -0.118542500 -0.164564908 -0.751689732 -0.080015719 0.050322220 0.652708113
1782375555.651295185 -0.013613056 -0.118549123 -0.164586663 -0.751690328 -0.079992145 0.050276071 0.652713776
1782375555.684640646 -0.013606496 -0.118515655 -0.164552405 -0.751687229 -0.079971701 0.050270204 0.652720332
1782375555.717990160 -0.013532875 -0.118464187 -0.164449424 -0.751703322 -0.079935335 0.050246768 0.652708113
1782375555.751339912 -0.013391165 -0.118442334 -0.164362371 -0.751714587 -0.079923183 0.050233375 0.652697623
1782375555.784689188 -0.013294566 -0.118375503 -0.164385170 -0.751726031 -0.079884984 0.050207902 0.652691066
1782375555.818038464 -0.012872562 -0.119083375 -0.164781705 -0.751660645 -0.079924233 0.050035968 0.652774692
1782375555.851387501 -0.012681510 -0.119115852 -0.164826542 -0.751658082 -0.079893745 0.050017446 0.652782798
1782375555.884736300 -0.012515739 -0.119091406 -0.164865285 -0.751668334 -0.079880916 0.050041057 0.652770758
1782375555.918084860 -0.012446776 -0.119062141 -0.164887488 -0.751668513 -0.079875827 0.050020590 0.652772725
1782375555.951433420 -0.012399796 -0.119028017 -0.164908111 -0.751664102 -0.079876117 0.050020188 0.652777910
1782375555.984782457 -0.012295909 -0.118962720 -0.164919347 -0.751654387 -0.079836063 0.049997766 0.652795672
1782375556.018130302 -0.012234423 -0.118839473 -0.164958686 -0.751663268 -0.079812609 0.049965799 0.652790666
1782375556.051478386 -0.012280867 -0.118684776 -0.164977789 -0.751668215 -0.079816662 0.049955234 0.652785420
1782375556.084825754 -0.012326971 -0.118595138 -0.165014714 -0.751670837 -0.079808064 0.049929116 0.652785420
1782375556.118173122 -0.012238652 -0.118526012 -0.164938092 -0.751678228 -0.079781644 0.049894106 0.652782738
1782375556.151520252 -0.012187192 -0.118405126 -0.164878294 -0.751678169 -0.079761460 0.049897503 0.652785122
1782375556.218214035 -0.012006754 -0.118265204 -0.164849460 -0.751686752 -0.079738304 0.049943618 0.652774513
1782375556.251560450 -0.012126299 -0.118406631 -0.164813489 -0.751678944 -0.079715461 0.049910344 0.652788758
1782375556.284906864 -0.012139566 -0.118353143 -0.164839804 -0.751677513 -0.079703122 0.049912792 0.652791798
1782375556.318253279 -0.012147851 -0.118331000 -0.164769217 -0.751680315 -0.079736359 0.049936295 0.652782679
1782375556.351599216 -0.012306754 -0.118641689 -0.164865285 -0.751709402 -0.079754539 0.049789406 0.652758181
1782375556.384944916 -0.012214933 -0.118686952 -0.164885595 -0.751705408 -0.079751998 0.049782105 0.652763665
1782375556.418290377 -0.012146348 -0.118699104 -0.164894775 -0.751692116 -0.079729915 0.049779132 0.652781904
1782375556.451635838 -0.012172155 -0.118683182 -0.164914981 -0.751696944 -0.079753861 0.049804457 0.652771473
1782375556.484980822 -0.012153698 -0.118588664 -0.164901137 -0.751693666 -0.079758808 0.049823187 0.652773261
1782375556.518325567 -0.012158766 -0.118403338 -0.164891809 -0.751693547 -0.079792157 0.049849756 0.652767301
1782375556.551670313 -0.012109017 -0.118221879 -0.164850235 -0.751691818 -0.079862796 0.049886942 0.652757764
1782375556.585015059 -0.012015814 -0.118028887 -0.164829835 -0.751677394 -0.079978064 0.049977724 0.652753353
1782375556.618359327 -0.011898169 -0.117778316 -0.164852619 -0.751656413 -0.080193318 0.050151341 0.652737796
1782375556.651703596 -0.011764906 -0.117428422 -0.164840907 -0.751597762 -0.080585375 0.050368942 0.652740300
1782375556.685064077 -0.011488426 -0.117026106 -0.164840490 -0.751572371 -0.080859803 0.050607547 0.652717173
1782375556.718457699 -0.011037219 -0.116597205 -0.164747164 -0.751538515 -0.081284225 0.050920129 0.652679086
1782375556.751851797 -0.010295985 -0.116050243 -0.164720088 -0.751464784 -0.081731312 0.051271968 0.652680576
1782375556.785246134 -0.009561887 -0.115396783 -0.164653599 -0.751449525 -0.082301654 0.051734850 0.652589977
1782375556.818640947 -0.008664951 -0.114995107 -0.164597914 -0.751347363 -0.082973540 0.052290186 0.652578294
1782375556.852036238 -0.007882137 -0.114581548 -0.165055066 -0.751187801 -0.083822154 0.052947540 0.652600467
1782375556.918827534 -0.005384885 -0.112668745 -0.165068179 -0.750901163 -0.086356476 0.054859020 0.652441978
1782375556.952223778 -0.003809152 -0.110980920 -0.165081263 -0.750903726 -0.087759785 0.056175992 0.652139544
1782375556.985620260 -0.002157763 -0.109015606 -0.165004134 -0.750857890 -0.089674346 0.057741057 0.651795208
1782375557.019017696 -0.000531927 -0.106699876 -0.164897203 -0.750841141 -0.091745280 0.059411373 0.651376009
1782375557.052415133 0.001034040 -0.104177028 -0.164882824 -0.750830233 -0.093913883 0.061344489 0.650900245
1782375557.085812807 0.002606373 -0.101376161 -0.164836064 -0.750680268 -0.096618637 0.063547589 0.650465846
1782375557.119210958 0.004338576 -0.098651022 -0.164955482 -0.750292003 -0.099647209 0.066167608 0.650195599
1782375557.152609348 0.006030433 -0.095736988 -0.165040672 -0.749892414 -0.102946512 0.069078155 0.649839699
1782375557.186008215 0.007961728 -0.092961453 -0.165300295 -0.749182880 -0.106489025 0.072322167 0.649734318
1782375557.219407797 0.010267965 -0.091253988 -0.164577052 -0.748201728 -0.111021094 0.076060496 0.649679422
1782375557.252807379 0.011327878 -0.089555055 -0.164885938 -0.746884286 -0.115787514 0.080157548 0.649870634
1782375557.286207199 0.012160599 -0.088003360 -0.165247709 -0.745039880 -0.121470809 0.084686227 0.650375903
1782375557.319607735 0.013301574 -0.086104177 -0.165723085 -0.743140817 -0.126697198 0.089241304 0.650942028
1782375557.353008509 0.013605461 -0.081894845 -0.165887177 -0.743006945 -0.132296026 0.094353251 0.649257958
1782375557.386410713 0.014198219 -0.077145621 -0.165694490 -0.741650879 -0.138643116 0.099887587 0.648656011
1782375557.419812202 0.014632840 -0.072827987 -0.165861174 -0.740214705 -0.145002529 0.105686665 0.647986710
1782375557.453214169 0.017009474 -0.068967149 -0.169134453 -0.738296866 -0.151905820 0.111707300 0.647583067
1782375557.486616373 0.017572679 -0.063813686 -0.169614136 -0.737146497 -0.158349037 0.117477641 0.646327913
1782375557.520019054 0.018077966 -0.058826536 -0.169860721 -0.735580921 -0.164842397 0.123378284 0.645387948
1782375557.553422213 0.018245678 -0.053554639 -0.170050547 -0.733965516 -0.171766311 0.129544735 0.644212008
1782375557.586825371 0.017926484 -0.048396274 -0.170287788 -0.732175052 -0.178612873 0.135510296 0.643159509
1782375557.620229244 0.017065383 -0.043246582 -0.170511007 -0.730594397 -0.185250729 0.141432390 0.641802907
1782375557.653633595 0.015941512 -0.038396716 -0.170768708 -0.728731513 -0.192222163 0.147311345 0.640546978
1782375557.687022686 0.014116749 -0.032556832 -0.170098633 -0.727146387 -0.198722959 0.152962983 0.639038146
1782375557.720381021 0.013475016 -0.027954683 -0.170459598 -0.725079000 -0.205499172 0.159041762 0.637758791
1782375557.753739357 0.012784541 -0.022999614 -0.170863494 -0.723323703 -0.212122858 0.164846420 0.636107206
1782375557.787097216 0.011903025 -0.018262818 -0.171143115 -0.721181512 -0.218685985 0.170626462 0.634791553
1782375557.820455074 0.011071514 -0.013140291 -0.171410978 -0.719188631 -0.225242227 0.176519409 0.633146524
1782375557.853812695 0.010056775 -0.007907152 -0.171675339 -0.716922224 -0.232111633 0.182678506 0.631486654
1782375557.887170315 0.009060636 -0.002521172 -0.171940386 -0.714763880 -0.238743037 0.188707635 0.629685521
1782375557.920527935 0.007580452 0.002586618 -0.172302127 -0.712278605 -0.245884895 0.194958076 0.627846479
1782375557.953885317 0.006359108 0.007975012 -0.172485381 -0.709779620 -0.252876192 0.201261699 0.625907481
1782375557.987242460 0.004169900 0.012976959 -0.172754988 -0.707060039 -0.259820163 0.207633227 0.624057770
1782375558.020599604 -0.001196612 0.018994853 -0.172325462 -0.704679608 -0.267479599 0.213324577 0.621589899
1782375558.053956509 -0.002915528 0.023974881 -0.172659397 -0.701808333 -0.274152905 0.219737768 0.619693995
1782375558.087314367 -0.005033940 0.028850988 -0.172968373 -0.698970079 -0.281658739 0.226045236 0.617262304
1782375558.120671034 -0.006936904 0.033635318 -0.173208773 -0.695962369 -0.288339108 0.232120469 0.615318656
1782375558.154027939 -0.009141892 0.038291410 -0.173531339 -0.693307102 -0.295084208 0.238066763 0.612841666
1782375558.187384367 -0.011191808 0.042901322 -0.173798412 -0.690171361 -0.301849812 0.243912891 0.610783696
1782375558.220740795 -0.013218716 0.048014000 -0.174143329 -0.687834322 -0.307639331 0.249393612 0.608313143
1782375558.254096985 -0.015482269 0.052213371 -0.174410492 -0.684771419 -0.313770652 0.254755557 0.606412232
1782375558.287453175 -0.017492607 0.056650832 -0.174669147 -0.682539523 -0.319107056 0.259662986 0.604057729
1782375558.320809126 -0.020283543 0.060620770 -0.174896017 -0.679890811 -0.324444979 0.264491141 0.602103412
1782375558.354165077 -0.022669878 0.064465478 -0.175029844 -0.677319229 -0.329766899 0.269250154 0.599997461
1782375558.387520790 -0.025430981 0.067932352 -0.175148562 -0.674835980 -0.334878266 0.273751140 0.597924173
1782375558.420876265 -0.028438449 0.071410611 -0.175265327 -0.672159493 -0.340062022 0.278391063 0.595867395
1782375558.454231739 -0.031330876 0.074974120 -0.175465524 -0.669660091 -0.345163703 0.282899618 0.593620420
1782375558.487587214 -0.036287677 0.078271672 -0.176826283 -0.666688561 -0.350428045 0.287292302 0.591768384
1782375558.520942450 -0.039105743 0.081369311 -0.177128196 -0.663960993 -0.355606973 0.291853398 0.589509308
1782375558.554297447 -0.042146243 0.084509388 -0.177459747 -0.661041021 -0.360830069 0.296437204 0.587325633
1782375558.587652445 -0.045249078 0.088006809 -0.177790344 -0.657941997 -0.366366893 0.301355034 0.584869862
1782375558.621007442 -0.048456140 0.091947690 -0.178016722 -0.655010819 -0.371615827 0.306141227 0.582357407
1782375558.654361963 -0.051951539 0.095885441 -0.178341091 -0.651938140 -0.376997560 0.310917377 0.579810262
1782375558.687717915 -0.055337496 0.099786416 -0.178559467 -0.648706734 -0.382542521 0.315676004 0.577225685
1782375558.721076965 -0.058970947 0.103546411 -0.178913981 -0.645508230 -0.387817770 0.320624560 0.574557602
1782375558.754435778 -0.062747791 0.107150167 -0.179138526 -0.641907573 -0.393715113 0.325581431 0.571786523
1782375558.787795305 -0.066229858 0.111459151 -0.179385513 -0.638680398 -0.398914546 0.330374062 0.569040954
1782375558.821154118 -0.068253919 0.117782980 -0.179730743 -0.635282636 -0.404342622 0.335257769 0.566149533
1782375558.854512453 -0.070439681 0.122499496 -0.180073380 -0.632143080 -0.408980370 0.339785188 0.563627839
1782375558.887870789 -0.072982430 0.127044410 -0.180401027 -0.628838658 -0.413869143 0.344368845 0.560967445
1782375558.921229362 -0.075955674 0.131429523 -0.180623263 -0.625436068 -0.418841153 0.348789573 0.558343709
1782375558.954587221 -0.079412401 0.135723621 -0.180866867 -0.621949255 -0.423825026 0.353389949 0.555578113
1782375558.987945318 -0.083186977 0.139866203 -0.181067556 -0.618416905 -0.428798556 0.357980937 0.552758634
1782375559.021303177 -0.087164000 0.144582048 -0.181248784 -0.614648163 -0.434152216 0.362612814 0.549755871
1782375559.054660797 -0.091459990 0.149457946 -0.181496412 -0.611197174 -0.438866079 0.367209256 0.546801627
1782375559.088018656 -0.096443348 0.154347733 -0.181669980 -0.607346833 -0.444117010 0.371730924 0.543788731
1782375559.121376276 -0.101495735 0.159646064 -0.181999207 -0.603840470 -0.448646992 0.376078099 0.540978670
1782375559.154733658 -0.106727064 0.165741295 -0.181237057 -0.600574553 -0.453499436 0.379933327 0.537865460
1782375559.188090801 -0.111528993 0.171446353 -0.181481674 -0.597111464 -0.457746089 0.383689076 0.535452247
1782375559.221447945 -0.117104143 0.177388817 -0.181746587 -0.594718695 -0.461280018 0.386887610 0.532774270
1782375559.254805088 -0.122335993 0.183707759 -0.181977496 -0.591964185 -0.464648128 0.389957577 0.530672789
1782375559.288161993 -0.127894938 0.190440089 -0.182354018 -0.589933395 -0.467468649 0.392424226 0.528634965
1782375559.321518898 -0.134163529 0.196652278 -0.182368100 -0.588152051 -0.469845653 0.394475549 0.526983142
1782375559.354875565 -0.141514778 0.201692030 -0.182831049 -0.586740553 -0.471449614 0.395643234 0.526248336
1782375559.388232231 -0.147296369 0.209118947 -0.183139816 -0.585748851 -0.472745538 0.396979988 0.525182724
1782375559.421588659 -0.153134272 0.216454104 -0.183251441 -0.584887624 -0.473811060 0.397885799 0.524496377
1782375559.454945087 -0.159138605 0.223919749 -0.183458462 -0.584493101 -0.474106938 0.398455352 0.524236441
1782375559.488302231 -0.165010095 0.231288284 -0.183524027 -0.584501505 -0.474155307 0.398513824 0.524138868
1782375559.521658182 -0.170888960 0.238880306 -0.183636844 -0.585026085 -0.473685563 0.398102492 0.524290740
1782375559.555014372 -0.176437676 0.246360108 -0.183574528 -0.585460842 -0.472984344 0.397468835 0.524919093
1782375559.621725798 -0.187516853 0.261035144 -0.182364941 -0.587677538 -0.470409334 0.394983530 0.526629150
1782375559.655081511 -0.191939667 0.268720269 -0.182202876 -0.589385331 -0.468701780 0.393546909 0.527318239
1782375559.688437939 -0.195888236 0.275890410 -0.182154328 -0.590607345 -0.466818333 0.391990066 0.528779268
1782375559.721795559 -0.199394420 0.283295542 -0.181915879 -0.592236400 -0.464830786 0.390068710 0.530127168
1782375559.755153179 -0.202661365 0.290855318 -0.181720883 -0.594325662 -0.462244987 0.387831837 0.531688929
1782375559.788510561 -0.205366567 0.297825843 -0.181550801 -0.596365929 -0.459303826 0.385384262 0.533729076
1782375559.821867704 -0.209497660 0.303715616 -0.182177752 -0.598998487 -0.456467599 0.382516682 0.535274863
1782375559.855224848 -0.210896164 0.311105728 -0.181957424 -0.601401687 -0.453180283 0.379747003 0.537341535
1782375559.888581753 -0.211829886 0.318196386 -0.181769967 -0.604325116 -0.449189991 0.376436770 0.539735973
1782375559.921938658 -0.212272063 0.325153053 -0.181478053 -0.607203066 -0.445244759 0.372859627 0.542251945
1782375559.955295324 -0.212039739 0.332025588 -0.181140065 -0.610477924 -0.440714657 0.369185925 0.544783533
1782375559.988651752 -0.211514577 0.338460505 -0.180856884 -0.613735855 -0.436199009 0.365213096 0.547428668
1782375560.022008419 -0.210524008 0.345086098 -0.180419505 -0.617071807 -0.431602031 0.361106604 0.550040126
1782375560.088720798 -0.206904963 0.357318342 -0.179828554 -0.623710275 -0.421868235 0.352827102 0.555451035
1782375560.155432701 -0.203738973 0.369905740 -0.177270979 -0.629958510 -0.412999570 0.345072836 0.559918225
1782375560.188789368 -0.200826228 0.375293493 -0.176970989 -0.633104742 -0.408469021 0.341009557 0.562177837
1782375560.222145081 -0.197641969 0.380965203 -0.176422685 -0.635766149 -0.404044926 0.337130874 0.564705133
1782375560.255500555 -0.194418028 0.386389613 -0.176112443 -0.638659477 -0.399537623 0.333244950 0.566949427
1782375560.288855791 -0.191124812 0.391525239 -0.175605953 -0.641241491 -0.395326138 0.329437613 0.569207728
1782375560.322211027 -0.187700123 0.396812797 -0.175213605 -0.643894076 -0.390810132 0.325706154 0.571474791
1782375560.355566025 -0.184735522 0.401780456 -0.174899906 -0.646468401 -0.386989355 0.321654528 0.573459923
1782375560.388920784 -0.182684943 0.410985231 -0.175140679 -0.649159551 -0.382031858 0.317864835 0.575852096
1782375560.422275543 -0.178556293 0.415889442 -0.174724609 -0.651909649 -0.377391666 0.313658655 0.578106880
1782375560.455630302 -0.173840493 0.421120584 -0.174272150 -0.654571593 -0.372786492 0.309394449 0.580380321
1782375560.488984823 -0.168683857 0.426607907 -0.173972875 -0.657316685 -0.367671400 0.305216342 0.582748353
1782375560.522339106 -0.164110377 0.432408810 -0.174113691 -0.660127342 -0.362735093 0.301159233 0.584772050
1782375560.555693388 -0.158892378 0.437685490 -0.173685610 -0.662844419 -0.357716292 0.296629131 0.587100923
1782375560.589047670 -0.153714716 0.442848355 -0.173298895 -0.665591061 -0.352567077 0.292117000 0.589366436
1782375560.622401476 -0.148192659 0.448302984 -0.172956079 -0.668296754 -0.347436428 0.287517220 0.591609001
1782375560.655755281 -0.142289832 0.453601837 -0.172570705 -0.671099842 -0.341958761 0.282829106 0.593883038
1782375560.689110756 -0.136149675 0.458757192 -0.172220141 -0.673873842 -0.336592495 0.278100878 0.596036434
1782375560.722468853 -0.130233973 0.463567436 -0.171999663 -0.676397026 -0.331188351 0.273256779 0.598441422
1782375560.755826473 -0.123785734 0.468606651 -0.171859145 -0.679189026 -0.325599998 0.268410832 0.600535214
1782375560.789184093 -0.117546707 0.473413557 -0.171526849 -0.681466877 -0.320521414 0.263815761 0.602719009
1782375560.822541475 -0.111190572 0.478413850 -0.171258211 -0.684223831 -0.314776063 0.258841217 0.604776919
1782375560.855898619 -0.104694679 0.482906759 -0.170950651 -0.686552525 -0.309173077 0.253987134 0.607081711
1782375560.889256954 -0.097052887 0.489023536 -0.169406027 -0.689123273 -0.304413021 0.249207869 0.608553469
1782375560.922613859 -0.090358034 0.493496686 -0.168898135 -0.691496670 -0.298474938 0.244286388 0.610794067
1782375560.955970764 -0.083955154 0.497721821 -0.168626994 -0.693685472 -0.293144375 0.239636272 0.612732649
1782375560.989327669 -0.077700108 0.501936555 -0.168275356 -0.695943475 -0.288266718 0.234836385 0.614342749
1782375561.022684097 -0.071807429 0.507196724 -0.168848366 -0.697856247 -0.282833606 0.230547592 0.616319537
1782375561.056040764 -0.065153226 0.511504471 -0.168663889 -0.700206161 -0.277515411 0.225927860 0.617780864
1782375561.089396954 -0.058078378 0.515757203 -0.168459237 -0.702019572 -0.272348195 0.221158013 0.619745314
1782375561.122753143 -0.050907269 0.520230472 -0.168326229 -0.704339266 -0.266775280 0.216333836 0.621238172
1782375561.156109333 -0.043212548 0.524687350 -0.168074727 -0.706050813 -0.261669815 0.211456105 0.623143315
1782375561.189465284 -0.033243015 0.529820979 -0.168014616 -0.708018780 -0.255988270 0.207000405 0.624764144
1782375561.222820997 -0.025565311 0.534633636 -0.167721301 -0.709673285 -0.251326174 0.202467188 0.626263559
1782375561.256176710 -0.017848372 0.540033221 -0.167542875 -0.711693943 -0.245948702 0.198131248 0.627491117
1782375561.289532423 -0.010917947 0.545121312 -0.167260587 -0.712949634 -0.241980553 0.194245219 0.628821969
1782375561.322887897 -0.004503056 0.550621271 -0.167027146 -0.714471519 -0.237976775 0.190772623 0.629685163
1782375561.422953367 0.010816380 0.567627430 -0.166845948 -0.716382444 -0.231448814 0.184502199 0.631812215
1782375561.456308365 0.015156627 0.573484898 -0.166708380 -0.716850460 -0.230255365 0.183357716 0.632050574
1782375561.489663124 0.019211337 0.579275668 -0.166629195 -0.717079282 -0.229628071 0.182782337 0.632185817
1782375561.556372166 0.029459253 0.592758715 -0.167099297 -0.716832936 -0.230044872 0.182767883 0.632317901
1782375561.589727640 0.033865213 0.599227905 -0.166906148 -0.716585636 -0.230245933 0.183082730 0.632433832
1782375561.623081684 0.038362190 0.605954468 -0.166715145 -0.716385067 -0.231143191 0.183462411 0.632223785
1782375561.656435728 0.043492272 0.613093734 -0.166753829 -0.716300428 -0.231198728 0.183830261 0.632192433
1782375561.689791918 0.048463881 0.619815230 -0.166733563 -0.716308951 -0.231249124 0.183949664 0.632129669
1782375561.723149776 0.053702623 0.626830339 -0.166822970 -0.716263115 -0.231293976 0.183899537 0.632179797
1782375561.756507397 0.060591161 0.633463800 -0.166048527 -0.716270149 -0.230790973 0.183728039 0.632405460
1782375561.789864779 0.065609142 0.640475869 -0.166054249 -0.716340005 -0.230759785 0.183770895 0.632325292
1782375561.823222160 0.070922509 0.647415400 -0.165962875 -0.716344714 -0.230469376 0.183661178 0.632457733
1782375561.856579304 0.075981885 0.654354095 -0.165930808 -0.716548562 -0.229990795 0.183394745 0.632478356
1782375561.889936447 0.080947489 0.660841823 -0.165921092 -0.716413260 -0.229831114 0.183195978 0.632747233
1782375561.923293114 0.086057141 0.667570889 -0.166036785 -0.716630399 -0.229491293 0.182945266 0.632697165
1782375561.956650257 0.090965077 0.673783660 -0.165845275 -0.716669559 -0.229241893 0.182747021 0.632800460
1782375561.990006924 0.094813272 0.680072069 -0.165955424 -0.716640055 -0.228557244 0.182163313 0.633249700
1782375562.023363352 0.099190861 0.685791135 -0.166194677 -0.716886699 -0.228399172 0.181796893 0.633132875
1782375562.056719780 0.104461521 0.691776276 -0.165984631 -0.716760159 -0.228836894 0.181800142 0.633117139
1782375562.090075970 0.110252380 0.697943509 -0.166068435 -0.716803372 -0.227802515 0.181466192 0.633536935
1782375562.123432159 0.115916491 0.703883231 -0.166113555 -0.716821253 -0.227896631 0.181147292 0.633574069
1782375562.156788111 0.120944098 0.709200799 -0.166961193 -0.716812909 -0.227005646 0.180551812 0.634073198
1782375562.190143824 0.127303556 0.715610385 -0.166888237 -0.717056096 -0.226118296 0.179877758 0.634306788
1782375562.223499537 0.133785248 0.722091854 -0.166900456 -0.717223406 -0.225735530 0.179263622 0.634427786
1782375562.256855249 0.140406728 0.728429973 -0.166924298 -0.717416048 -0.224910960 0.178583145 0.634694695
1782375562.290211678 0.147025496 0.734869063 -0.167116582 -0.717798829 -0.223972261 0.177795425 0.634814978
1782375562.323566914 0.153730065 0.740904868 -0.166999042 -0.717984140 -0.223209962 0.176881120 0.635129213
1782375562.356922150 0.161974356 0.747020483 -0.166524887 -0.718581557 -0.221604094 0.175944448 0.635276079
1782375562.390277147 0.168931678 0.752679646 -0.166393220 -0.718973339 -0.220546722 0.174873322 0.635496497
1782375562.423632145 0.176221028 0.758411944 -0.166369915 -0.719470978 -0.219134942 0.173623115 0.635764480
1782375562.456986904 0.183324650 0.763776660 -0.166346550 -0.720035374 -0.217328295 0.172050655 0.636172950
1782375562.490341425 0.190665722 0.769088268 -0.166309357 -0.720409274 -0.216004461 0.170766130 0.636546493
1782375562.523695707 0.196177587 0.773475528 -0.166981995 -0.720971167 -0.213932395 0.169011012 0.637078345
1782375562.557050228 0.204033703 0.778458834 -0.166950643 -0.721450210 -0.211961970 0.167250559 0.637659013
1782375562.590404510 0.211719826 0.783708692 -0.167081118 -0.722242832 -0.209915042 0.165433764 0.637912750
1782375562.623758554 0.219685346 0.788499415 -0.166993201 -0.722591102 -0.208286941 0.163444608 0.638564467
1782375562.657112598 0.227811858 0.793575108 -0.167038739 -0.723352432 -0.205738276 0.161499441 0.639023483
1782375562.690487146 0.235622033 0.798319042 -0.166828573 -0.723750234 -0.204401031 0.159734190 0.639445782
1782375562.723889112 0.244275153 0.803922355 -0.166783690 -0.724190354 -0.202539638 0.158134773 0.639937103
1782375562.757291794 0.252723694 0.809065640 -0.167191267 -0.724599898 -0.200980812 0.156870902 0.640275896
1782375562.790694475 0.260586649 0.814755797 -0.167032480 -0.725150406 -0.199884549 0.155642226 0.640295684
1782375562.824098110 0.268660188 0.820405424 -0.166947365 -0.725363255 -0.198464289 0.154640988 0.640738904
1782375562.857501984 0.275967807 0.826028824 -0.166906774 -0.725651145 -0.197770581 0.153941914 0.640795708
1782375562.890906334 0.283338785 0.831594884 -0.166852891 -0.725680172 -0.197403505 0.153339177 0.641020596
1782375562.924310923 0.292353600 0.839390457 -0.166684806 -0.725954533 -0.196813673 0.153058097 0.640958369
1782375562.957715988 0.299734712 0.845238924 -0.166774690 -0.726115882 -0.196172282 0.152539089 0.641096056
1782375562.991122723 0.307285100 0.851099432 -0.166867793 -0.726377249 -0.195709243 0.152070925 0.641052604
1782375563.024528742 0.314630449 0.856775999 -0.166909218 -0.726405203 -0.195218340 0.151663050 0.641267180
1782375563.057935238 0.321821153 0.862205386 -0.166995585 -0.726511657 -0.194297463 0.151423678 0.641482770
1782375563.091342211 0.328274310 0.867515981 -0.167040408 -0.726574004 -0.195086762 0.151168138 0.641232908
1782375563.124749660 0.334807307 0.872956216 -0.166931510 -0.726681352 -0.194424301 0.150936127 0.641367078
1782375563.158157587 0.340724349 0.878393471 -0.166984022 -0.726445258 -0.194525540 0.151232570 0.641534030
1782375563.191565990 0.346443087 0.883918166 -0.166942298 -0.726200104 -0.195867136 0.151797280 0.641269922
1782375563.224974632 0.353187025 0.890144706 -0.166825652 -0.726015091 -0.195984602 0.152292460 0.641326129
1782375563.258383751 0.358632803 0.896182001 -0.166770697 -0.725894868 -0.197009131 0.152994215 0.640981257
1782375563.291793108 0.364186823 0.902404666 -0.166768074 -0.725509703 -0.198230013 0.153890178 0.640826344
1782375563.325203419 0.369736105 0.908693850 -0.166766882 -0.725335062 -0.199034035 0.154714912 0.640576184
1782375563.358613729 0.375216305 0.915186822 -0.166761935 -0.725264311 -0.199993536 0.155393571 0.640193105
1782375563.392024755 0.380795181 0.921811044 -0.166888952 -0.725182414 -0.200791568 0.156091765 0.639866054
1782375563.425436020 0.386553645 0.928652644 -0.166938245 -0.725166678 -0.201540500 0.156789765 0.639477730
1782375563.458848000 0.392508507 0.935611725 -0.167124331 -0.724910915 -0.202279001 0.157541975 0.639349699
1782375563.492259979 0.398368299 0.942363501 -0.167228341 -0.724712193 -0.202949449 0.158338770 0.639165580
1782375563.525672913 0.404610544 0.949189246 -0.167188108 -0.724523365 -0.203951657 0.159033597 0.638888121
1782375563.559085846 0.410775930 0.954834104 -0.167623401 -0.724040210 -0.203979507 0.159332022 0.639352441
1782375563.592499495 0.417135149 0.961598575 -0.167749524 -0.723804176 -0.204623759 0.159921318 0.639266670
1782375563.625913620 0.423448026 0.968803585 -0.167649448 -0.723644018 -0.205280483 0.160539612 0.639082432
1782375563.659327984 0.429592431 0.976474524 -0.167724252 -0.723555684 -0.205543905 0.161070883 0.638964057
1782375563.826378822 0.460284233 1.012557387 -0.168839633 -0.723107696 -0.206351519 0.161925986 0.638994753
1782375563.859789848 0.466248214 1.020085573 -0.168675601 -0.723146558 -0.206420422 0.161949649 0.638922513
1782375563.893201113 0.471642464 1.027443767 -0.168574810 -0.722968042 -0.206323236 0.161992595 0.639145076
1782375563.926613331 0.477089494 1.035086513 -0.168431103 -0.723105788 -0.206366748 0.161838785 0.639014125
1782375563.960025549 0.482713878 1.042905211 -0.168399692 -0.723080575 -0.205786139 0.161621377 0.639284849
1782375563.993438482 0.488121182 1.051199913 -0.168138981 -0.723537087 -0.205350250 0.161248714 0.639002621
1782375564.026852131 0.493798196 1.058864355 -0.168095291 -0.723261654 -0.205306679 0.161160439 0.639350653
1782375564.160510778 0.517561197 1.091146469 -0.167979121 -0.723826170 -0.203390092 0.159667492 0.639698803
1782375564.193926573 0.524230003 1.099947691 -0.167331159 -0.724132776 -0.203028381 0.159557000 0.639494121
1782375564.260760069 0.536503732 1.116412640 -0.167233646 -0.724262595 -0.201382473 0.158937991 0.640021622
1782375564.294177532 0.541966856 1.122714043 -0.169361055 -0.724020839 -0.201521605 0.158469096 0.640367448
1782375564.327595234 0.548654735 1.130831838 -0.169362187 -0.724500537 -0.199562937 0.157492563 0.640679181
1782375564.361013651 0.554907143 1.138497710 -0.169196546 -0.724671185 -0.198768422 0.156498462 0.640976727
1782375564.394433498 0.561844289 1.146668911 -0.169118285 -0.725166261 -0.197168320 0.155061856 0.641260087
1782375564.427853107 0.568660557 1.154286861 -0.168883085 -0.725547850 -0.195062891 0.153584301 0.641827643
1782375564.461272955 0.575702429 1.162338018 -0.168874264 -0.725968242 -0.193497822 0.151976570 0.642208636
1782375564.494693279 0.583059251 1.170320749 -0.166806459 -0.726929367 -0.190841898 0.150200278 0.642334044
1782375564.528114319 0.589835942 1.177430153 -0.166781187 -0.727385342 -0.188567981 0.148112386 0.642973900
1782375564.561535597 0.596893072 1.184511304 -0.166780889 -0.728232801 -0.185966343 0.145928815 0.643271625
1782375564.594957590 0.604034305 1.191018820 -0.166688740 -0.728820860 -0.182615295 0.143315941 0.644152462
1782375564.628380060 0.611000538 1.197436571 -0.166640997 -0.729775131 -0.179612443 0.140614152 0.644511759
1782375564.661803007 0.618604541 1.203504920 -0.166382670 -0.730338693 -0.176350877 0.137825191 0.645375907
1782375564.695201874 0.626005054 1.209372520 -0.166369557 -0.731541693 -0.172163323 0.134566218 0.645831704
1782375564.728575706 0.633127332 1.214581728 -0.166301966 -0.732576311 -0.167626753 0.130677104 0.646650493
1782375564.761949539 0.640383124 1.219517827 -0.166128993 -0.733603120 -0.163274810 0.126664773 0.647397816
1782375564.795323133 0.649685860 1.226684093 -0.166480899 -0.734721839 -0.158473328 0.122905008 0.648046553
1782375564.828697205 0.656893492 1.230805159 -0.166279435 -0.735400617 -0.154077977 0.118798628 0.649101615
1782375564.862071037 0.664293587 1.234954834 -0.166190982 -0.736587405 -0.149055406 0.114791110 0.649649560
1782375564.895445108 0.671470523 1.238684654 -0.165943623 -0.737437785 -0.144372076 0.110617779 0.650465965
1782375564.928818941 0.678556859 1.242289186 -0.165773988 -0.738449454 -0.139286026 0.106327459 0.651142299
1782375564.962192774 0.685624599 1.245464683 -0.165472627 -0.739199758 -0.134564042 0.101962462 0.651981533
1782375564.995566607 0.692479074 1.248674273 -0.165304780 -0.740220845 -0.129568696 0.097660102 0.652493417
1782375565.028940678 0.699660242 1.251827121 -0.164937973 -0.741035342 -0.124773100 0.093119122 0.653167069
1782375565.062314510 0.704741716 1.255528808 -0.163774848 -0.742278099 -0.118728064 0.087915547 0.653603673
1782375565.095689535 0.712236106 1.258473039 -0.163529992 -0.743285954 -0.113367967 0.082727633 0.654087067
1782375565.129063368 0.720340252 1.261319637 -0.163231254 -0.744139433 -0.107368141 0.077708155 0.654744267
1782375565.162437439 0.728656590 1.264031529 -0.162899137 -0.744941354 -0.101157755 0.072207272 0.655450761
1782375565.195811510 0.736794055 1.266911626 -0.162637115 -0.745804787 -0.095425345 0.067223623 0.655858338
1782375565.229185581 0.745350301 1.269861102 -0.162227273 -0.746527731 -0.089574195 0.061761770 0.656398058
1782375565.262559652 0.753187716 1.272824526 -0.161864996 -0.747280717 -0.083307810 0.056488059 0.656841397
1782375565.295933485 0.760077298 1.276270270 -0.160792470 -0.747968197 -0.078013673 0.051486749 0.657119989
1782375565.329307556 0.767570734 1.279750586 -0.160413861 -0.748591185 -0.072502099 0.046719443 0.657397926
1782375565.362681627 0.775010943 1.283475161 -0.160109878 -0.749135315 -0.067141600 0.041790985 0.657679141
1782375565.396055698 0.782690346 1.287178040 -0.159748912 -0.749520183 -0.061890829 0.036857974 0.658050656
1782375565.429429770 0.790371180 1.291511536 -0.159621716 -0.749990463 -0.056513105 0.032178596 0.658244073
1782375565.462803841 0.801370859 1.294103622 -0.159769416 -0.750221550 -0.052010495 0.027935022 0.658545554
1782375565.496177912 0.809175372 1.298867822 -0.159396052 -0.750672579 -0.046603419 0.023297308 0.658616841
1782375565.529551983 0.816768408 1.303810358 -0.159020543 -0.750967622 -0.041796897 0.018647995 0.658751011
1782375565.562926292 0.824803233 1.309106708 -0.158656240 -0.751389861 -0.036584631 0.014174308 0.658691108
1782375565.596300364 0.832729280 1.314670920 -0.158321023 -0.751755714 -0.031826224 0.009501938 0.658604681
1782375565.629674673 0.840419292 1.320369005 -0.158236861 -0.752160847 -0.025505900 0.004390954 0.658471107
1782375565.663048506 0.848186672 1.326413870 -0.157971740 -0.752430558 -0.020903250 -0.000135206 0.658339858
1782375565.696422338 0.856695294 1.332391977 -0.157773614 -0.752582669 -0.015388071 -0.004937539 0.658299565
1782375565.729795456 0.868651450 1.337844968 -0.158384681 -0.752711952 -0.010054172 -0.009244353 0.658208370
1782375565.763168097 0.877055526 1.344499946 -0.158170223 -0.752856433 -0.005707560 -0.013701673 0.658017457
1782375565.829915285 0.896403551 1.357993364 -0.157958865 -0.752852798 0.004527160 -0.022856709 0.657776415
1782375565.863288403 0.906325996 1.364998341 -0.157905340 -0.753098428 0.009402020 -0.027252892 0.657275915
1782375565.896661043 0.916270912 1.371680379 -0.157898426 -0.752879560 0.014620913 -0.031698588 0.657231927
1782375565.963407278 0.938633800 1.385935187 -0.159016848 -0.752530992 0.023621565 -0.040302698 0.656897902
1782375565.996780157 0.949199855 1.392472625 -0.158929825 -0.752270281 0.029214790 -0.044893485 0.656673908
1782375566.030153275 0.959188044 1.398898840 -0.158976674 -0.751956999 0.034158189 -0.049188208 0.656486511
1782375566.063526154 0.969358742 1.405090213 -0.159042597 -0.751767576 0.038232453 -0.053282376 0.656159103
1782375566.096899271 0.979593813 1.411031246 -0.159075141 -0.751634896 0.043702055 -0.057440575 0.655618668
1782375566.130272150 0.989211082 1.416757941 -0.159320474 -0.750995278 0.048091389 -0.061812166 0.655646741
1782375566.163645267 0.998910069 1.422307253 -0.159416556 -0.751101255 0.052555848 -0.065586582 0.654815376
1782375566.197018147 1.007967234 1.427340984 -0.159423590 -0.750482738 0.056546491 -0.069302216 0.654809475
1782375566.230391026 1.017312646 1.432380199 -0.159591317 -0.750426114 0.060805697 -0.072686411 0.654125392
1782375566.263764143 1.026088953 1.436754823 -0.159852386 -0.750005662 0.064631030 -0.076199092 0.653841019
1782375566.297137260 1.034552455 1.440848589 -0.159754395 -0.749564409 0.068781197 -0.079551727 0.653524280
1782375566.330510139 1.042478681 1.443696499 -0.159635663 -0.749224722 0.072160654 -0.082934208 0.653128743
1782375566.363883018 1.050428033 1.447913051 -0.159749031 -0.748933554 0.075601585 -0.085646652 0.652723312
1782375566.397256136 1.058289289 1.451991200 -0.159937978 -0.748498559 0.079179376 -0.088497385 0.652417660
1782375566.430629253 1.065776825 1.455701113 -0.160067081 -0.748282015 0.082338572 -0.091346167 0.651882172
1782375566.564121962 1.094408274 1.468275905 -0.160482168 -0.746591330 0.094796985 -0.102501310 0.650467873
1782375566.597495079 1.101826310 1.465011835 -0.159952521 -0.746036947 0.097950250 -0.105077744 0.650225580
1782375566.630868196 1.109081745 1.466958880 -0.159918189 -0.745544851 0.101322092 -0.108173065 0.649765611
1782375566.664241076 1.116465688 1.468462348 -0.159860373 -0.745057166 0.105210818 -0.111466743 0.649149954
1782375566.697613955 1.123836040 1.469576597 -0.159815788 -0.744402111 0.108930916 -0.114935443 0.648682833
1782375566.730986834 1.131499529 1.470222950 -0.159770131 -0.743921459 0.113337725 -0.118629731 0.647813618
1782375566.764359713 1.139153719 1.470156312 -0.159661770 -0.742940307 0.118410237 -0.122927062 0.647230744
1782375566.864478350 1.161809921 1.466312289 -0.159261703 -0.740027964 0.135593250 -0.137409866 0.644276023
1782375566.931224108 1.176831126 1.460631013 -0.158750296 -0.737757325 0.147443071 -0.147435710 0.642057240
1782375566.964596987 1.183692455 1.456859946 -0.158548474 -0.736431539 0.153728545 -0.152549371 0.640909433
1782375566.997969627 1.190510273 1.453184128 -0.158348203 -0.735139668 0.159472138 -0.157820880 0.639711618
1782375567.031342506 1.197701216 1.448614478 -0.158192277 -0.733761251 0.166754887 -0.163189918 0.638088107
1782375567.064715385 1.201987028 1.442657709 -0.156961679 -0.732221663 0.172939971 -0.168894604 0.636724293
1782375567.098088026 1.208593726 1.438092947 -0.156803012 -0.730906010 0.179238871 -0.174141064 0.635078549
1782375567.131460905 1.214376450 1.432852626 -0.156516433 -0.728870988 0.186419711 -0.180062488 0.633697331
1782375567.164834023 1.220344901 1.427417278 -0.156467080 -0.727244496 0.192929581 -0.185841784 0.631946564
1782375567.198207855 1.226394653 1.421075940 -0.156181455 -0.725142062 0.200795636 -0.192298338 0.629977345
1782375567.231580496 1.232472897 1.414395452 -0.156095982 -0.722634494 0.208727449 -0.199282765 0.628107309
1782375567.264953375 1.238480568 1.406760097 -0.156017423 -0.720138788 0.217674762 -0.206367895 0.625643790
1782375567.298326254 1.243911505 1.399307370 -0.156509399 -0.717632234 0.226036653 -0.213823482 0.623049676
1782375567.331698895 1.250151634 1.390340567 -0.156386971 -0.714449227 0.236025780 -0.221405879 0.620349586
1782375567.365071774 1.255526662 1.381368637 -0.156271577 -0.711544096 0.244693100 -0.228934750 0.617591441
1782375567.398444653 1.260995150 1.372555852 -0.157022595 -0.708291471 0.254500300 -0.236234263 0.614610672
1782375567.431817293 1.265213728 1.363339186 -0.156819344 -0.705009222 0.263096631 -0.243569896 0.611895442
1782375567.465190172 1.269177079 1.354455948 -0.156709552 -0.701994300 0.271402627 -0.250675976 0.608856440
1782375567.498563290 1.272752285 1.345452070 -0.156530499 -0.698567331 0.280371457 -0.257647514 0.605816245
1782375567.531935930 1.275659680 1.337021947 -0.156252503 -0.695465267 0.288240671 -0.264282763 0.602826774
1782375567.565308809 1.278239489 1.328718066 -0.155805588 -0.692400932 0.295233995 -0.270638078 0.600144029
1782375567.598681688 1.281772852 1.319629908 -0.155721545 -0.688999772 0.303064674 -0.277123958 0.597187936
1782375567.632054329 1.282626987 1.312973022 -0.155137539 -0.685847938 0.310801297 -0.283371687 0.593898773
1782375567.665427208 1.285113335 1.303950191 -0.155082345 -0.682242990 0.317919940 -0.290185392 0.590985477
1782375567.698813677 1.293114424 1.291323781 -0.155017734 -0.678382933 0.327068448 -0.296780229 0.587149441
1782375567.732264519 1.296201944 1.281736016 -0.154911399 -0.674668312 0.334232748 -0.303501517 0.583950281
1782375567.765715599 1.299603939 1.271401882 -0.154648304 -0.670568049 0.343170524 -0.310134292 0.579990685
1782375567.799167156 1.302474022 1.261339903 -0.154272318 -0.666211188 0.350618988 -0.317219347 0.576715589
1782375567.832619429 1.302838564 1.253311396 -0.153215289 -0.662337899 0.358763397 -0.323721975 0.572539449
1782375567.866072178 1.305370927 1.243086100 -0.152831554 -0.657650650 0.366802901 -0.330771387 0.568807244
1782375567.899526358 1.308160305 1.232886791 -0.152593970 -0.653643787 0.374088824 -0.337103486 0.564950168
1782375567.932980061 1.310783148 1.222396731 -0.152257562 -0.649259865 0.381472081 -0.343211144 0.561379313
1782375567.966434240 1.313441634 1.212200880 -0.152090907 -0.644872308 0.388742924 -0.349362284 0.557642102
1782375567.999888897 1.313016653 1.203511477 -0.152497411 -0.640814960 0.395025849 -0.355318487 0.554129601
1782375568.033344030 1.315713167 1.193245411 -0.152333021 -0.636503160 0.402050734 -0.361009717 0.550355256
1782375568.066799879 1.318113565 1.183347583 -0.152169466 -0.632411599 0.408012271 -0.366337597 0.547154725
1782375568.100255966 1.321271658 1.173129320 -0.152237415 -0.629045248 0.413662612 -0.371405214 0.543363214
1782375568.133712530 1.328967571 1.159269571 -0.154248476 -0.624458492 0.419729501 -0.375898719 0.540905774
1782375568.167169809 1.331819415 1.149577498 -0.154083133 -0.621342957 0.424071342 -0.380355597 0.537983358
1782375568.200627327 1.334944487 1.138951063 -0.153968334 -0.617681682 0.429688066 -0.384467125 0.534810722
1782375568.234085798 1.337630510 1.128740907 -0.153759837 -0.614421666 0.434041977 -0.388527453 0.532109082
1782375568.267544270 1.340917110 1.117572069 -0.153912306 -0.611405432 0.438377142 -0.392315626 0.529242337
1782375568.301003456 1.344798923 1.105751872 -0.155475616 -0.607695520 0.443291783 -0.396001399 0.526670218
1782375568.334463120 1.347638130 1.094798565 -0.155420303 -0.604862452 0.446823806 -0.399872303 0.524015427
1782375568.367923260 1.350744128 1.082999587 -0.155487895 -0.601646662 0.451551825 -0.403303921 0.521026075
1782375568.401384115 1.353239059 1.071834803 -0.155446053 -0.598411918 0.455481738 -0.406906784 0.518523395
1782375568.434844971 1.354859233 1.059041858 -0.155423880 -0.595827103 0.458708405 -0.409800351 0.516372323
1782375568.468306541 1.357427359 1.048010111 -0.155545950 -0.593208671 0.462491602 -0.412840337 0.513583481
1782375568.501768827 1.359798074 1.036767244 -0.155742168 -0.590262175 0.466302574 -0.415785044 0.511151016
1782375568.568694592 1.363585711 1.013703465 -0.155912757 -0.585256696 0.472730547 -0.421290696 0.506472766
1782375568.602159262 1.365464926 1.000772357 -0.155875921 -0.582912385 0.475499004 -0.423682064 0.504586279
1782375568.635623455 1.366782904 0.989500046 -0.155955672 -0.580885530 0.477993429 -0.426167488 0.502469540
1782375568.669088125 1.367941856 0.978128552 -0.156079173 -0.578333378 0.481309116 -0.428355634 0.500383496
1782375568.702531338 1.368851781 0.967043281 -0.156223178 -0.576912344 0.482692599 -0.430522650 0.498828888
1782375568.735897303 1.369575262 0.955025911 -0.156421423 0.575055957 -0.485136926 0.432197511 -0.497150123
1782375568.769263268 1.369899750 0.943738520 -0.156479716 0.573546290 -0.486766726 0.433776110 -0.495924473
1782375568.802629232 1.370003819 0.931166351 -0.157277465 0.572260916 -0.487870842 0.435473353 -0.494835854
1782375568.835994959 1.369741678 0.919855952 -0.157582402 0.570872188 -0.489739180 0.436622471 -0.493580222
1782375568.869360924 1.368843794 0.908927202 -0.158016205 0.569971442 -0.490404487 0.437867850 -0.492856801
1782375568.902726650 1.370440364 0.897569537 -0.158338308 0.569817245 -0.490719944 0.438434184 -0.492217243
1782375568.936092138 1.369890928 0.886257052 -0.158259630 0.568971813 -0.491699338 0.438774318 -0.491914660
1782375568.969457865 1.369480610 0.875615478 -0.158372164 0.569007993 -0.491845667 0.439047307 -0.491482705
1782375569.002823353 1.368250132 0.864028096 -0.158664227 0.568806410 -0.492123157 0.439181745 -0.491318166
1782375569.036188602 1.366955757 0.853450656 -0.158747196 0.568456531 -0.492664725 0.439290464 -0.491083056
1782375569.069554090 1.365326643 0.842883408 -0.158994079 0.568798423 -0.491863817 0.439402699 -0.491389573
1782375569.102919340 1.363685012 0.832235456 -0.159096122 0.568986237 -0.492042840 0.438983291 -0.491367757
1782375569.136284828 1.362038851 0.817955077 -0.159970641 0.569431543 -0.490759015 0.438760132 -0.492334217
1782375569.169650078 1.360918045 0.807480574 -0.160098910 0.570033431 -0.490429133 0.438120008 -0.492536396
1782375569.203015089 1.359308362 0.797334671 -0.160215855 0.570441842 -0.489498049 0.437915325 -0.493171275
1782375569.236380339 1.357773542 0.787137210 -0.160585046 0.571141422 -0.488841534 0.437269121 -0.493586063
1782375569.269745350 1.355904579 0.776944160 -0.160681725 0.571666539 -0.487971783 0.436926901 -0.494141608
1782375569.303111315 1.354261875 0.766736031 -0.160992861 0.572168946 -0.487437069 0.436509460 -0.494456679
1782375569.336476326 1.352359772 0.756318688 -0.161258459 0.572970927 -0.486225277 0.436046630 -0.495128870
1782375569.369841337 1.350625753 0.745235205 -0.161440492 0.573302627 -0.485926986 0.435592890 -0.495437145
1782375569.403206110 1.347848415 0.735007346 -0.161613464 0.573478103 -0.485836595 0.435095638 -0.495759487
1782375569.436570883 1.346375704 0.723831475 -0.161745548 0.574345231 -0.484747857 0.434806973 -0.496074587
1782375569.469935656 1.344739437 0.712755203 -0.161809564 0.574359894 -0.484887362 0.434312224 -0.496354669
1782375569.503300190 1.343401670 0.699751556 -0.163437605 0.574735403 -0.484014004 0.434320986 -0.496764511
1782375569.536664724 1.342155576 0.688312709 -0.163919210 0.575312197 -0.483147055 0.433589429 -0.497579306
1782375569.570029259 1.341309786 0.676748514 -0.164474487 0.575842083 -0.482905060 0.432906181 -0.497796059
1782375569.603393793 1.340270996 0.664874136 -0.164725780 0.576398373 -0.482312322 0.432497561 -0.498081982
1782375569.636758327 1.339464426 0.652573645 -0.165284634 0.576296508 -0.482002765 0.432584882 -0.498423457
1782375569.670122623 1.338101864 0.641690254 -0.165514350 0.576422989 -0.482156038 0.432398379 -0.498290896
1782375569.703487635 1.336968899 0.630690575 -0.165656924 -0.576949716 0.481190890 -0.432342410 0.498662740
1782375569.736853838 1.336313725 0.620801091 -0.165617466 -0.576877415 0.481128007 -0.432640105 0.498548806
1782375569.770219803 1.335244894 0.610029340 -0.165930390 -0.577174366 0.480784088 -0.432276607 0.498852193
1782375569.803586006 1.334264278 0.599531114 -0.166286230 -0.577617764 0.479832381 -0.432087749 0.499418586
1782375569.836951971 1.333761573 0.589084923 -0.166647673 -0.578480244 0.479272991 -0.431584865 0.499392241
1782375569.870317936 1.332803249 0.578621209 -0.166753769 -0.577965260 0.479514182 -0.431707144 0.499651194
1782375569.903683901 1.331411481 0.571171522 -0.166743159 -0.578711331 0.478746772 -0.431403965 0.499785453
1782375569.937049627 1.331022739 0.561172664 -0.167033911 -0.578837931 0.478769749 -0.431132585 0.499850929
1782375569.970415354 1.330812693 0.551524997 -0.167285562 -0.578726053 0.478540480 -0.431288153 0.500065863
1782375570.003782034 1.330788612 0.541778564 -0.167456746 -0.578967750 0.478592426 -0.431077927 0.499917418
1782375570.037147760 1.330891132 0.531918526 -0.167477489 -0.578551650 0.478756100 -0.431625098 0.499770403
1782375570.070513248 1.330984354 0.522268176 -0.167544127 -0.578136027 0.479588181 -0.431983888 0.499143213
1782375570.103878736 1.330976963 0.512541115 -0.167720079 -0.577667594 0.479843587 -0.432930917 0.498619258
1782375570.137244225 1.330995321 0.502192378 -0.167728305 0.576677740 -0.481516689 0.433533341 -0.497627765
1782375570.170609713 1.331262589 0.491416454 -0.167788386 0.575834990 -0.481916338 0.434998393 -0.496937871
1782375570.203974962 1.332081676 0.480464697 -0.165825844 0.574656785 -0.484326512 0.435841948 -0.495216340
1782375570.237339973 1.332614064 0.469259202 -0.165887475 0.573356152 -0.485177428 0.437520683 -0.494410038
1782375570.270705223 1.333494186 0.457168162 -0.165958405 0.572156429 -0.486565262 0.438988268 -0.493133515
1782375570.337435484 1.335695028 0.432570845 -0.165536761 0.568661392 -0.490515828 0.442301750 -0.490293443
1782375570.370800495 1.337504506 0.420290172 -0.165631056 0.567660153 -0.491760820 0.443741083 -0.488904059
1782375570.404165506 1.339749455 0.407559097 -0.165787697 0.565719008 -0.493828624 0.445289105 -0.487660736
1782375570.437530279 1.342404246 0.395266265 -0.165904522 0.564456940 -0.495098382 0.446743220 -0.486504346
1782375570.470895052 1.345714092 0.383942127 -0.166372895 0.563462198 -0.496456653 0.447773576 -0.485324681
1782375570.537624598 1.353054881 0.359224051 -0.166703939 0.561634421 -0.498641700 0.449695945 -0.483422041
1782375570.570989370 1.356732607 0.346907914 -0.166630268 0.560268462 -0.499953121 0.450678736 -0.482736915
1782375570.604353666 1.360636711 0.333278060 -0.166442633 0.559675515 -0.500891566 0.451295018 -0.481875300
1782375570.637718201 1.364099503 0.321134627 -0.166520357 0.559052885 -0.501581848 0.452200919 -0.481030047
1782375570.671082735 1.366849184 0.308850169 -0.166519880 0.557345092 -0.503155828 0.453568667 -0.480079412
1782375570.704448700 1.370114923 0.298534214 -0.166489124 0.557240188 -0.503547370 0.454147726 -0.479242504
1782375570.737814903 1.372396588 0.286296666 -0.166492343 0.556204975 -0.504606307 0.455153972 -0.478375942
1782375570.804547071 1.375795364 0.262828290 -0.166434407 0.553401351 -0.507430553 0.457446724 -0.476449072
1782375570.837913036 1.377467871 0.250655413 -0.166419625 0.551828265 -0.509416997 0.458517134 -0.475123137
1782375570.871279001 1.380645156 0.238607168 -0.166076064 0.550120175 -0.511443973 0.459934175 -0.473554105
1782375570.904644966 1.381672621 0.227471352 -0.165929079 0.548911691 -0.512948871 0.461208493 -0.472087026
1782375570.938010693 1.381988168 0.216271460 -0.165843487 0.546322525 -0.515655875 0.463128984 -0.470257699
1782375570.971376657 1.382200241 0.206640899 -0.165805936 0.544664681 -0.517314672 0.465076298 -0.468433529
1782375571.004742384 1.382268190 0.195454180 -0.165661454 0.542016566 -0.520579875 0.467056274 -0.465911061
1782375571.038107872 1.381737113 0.184927046 -0.165452123 0.539526999 -0.522955060 0.469568998 -0.463609427
1782375571.071473598 1.382477760 0.177579165 -0.165238857 0.536227524 -0.526712894 0.472445995 -0.460248232
1782375571.104839087 1.381719351 0.166840792 -0.165108085 0.532783210 -0.529855907 0.475355059 -0.457637787
1782375571.138204575 1.381455779 0.156506956 -0.165125012 -0.530480921 0.532667041 -0.477618277 0.454683125
1782375571.171569824 1.380675316 0.145241559 -0.165062904 -0.527052760 0.536055386 -0.480310231 0.451843113
1782375571.204935074 1.381903529 0.135493577 -0.165384054 -0.523854315 0.539435267 -0.482886076 0.448784322
1782375571.238300562 1.380871892 0.124264896 -0.165172219 -0.520936489 0.542181432 -0.485549241 0.445989341
1782375571.271665573 1.380128026 0.112641454 -0.165239096 -0.516943991 0.546128988 -0.487979710 0.443156838
1782375571.305030823 1.379365921 0.100979269 -0.165259838 -0.514085174 0.549024105 -0.490380883 0.440245032
1782375571.338395834 1.377984524 0.088251829 -0.165189862 -0.510280609 0.552449644 -0.493301898 0.437111437
1782375571.505221128 1.375181794 0.023064256 -0.166109562 -0.493669331 0.567049503 -0.506004095 0.422735602
1782375571.571950436 1.374355078 -0.003947854 -0.165445328 -0.488822073 0.571586967 -0.508860886 0.418810248
1782375571.738775492 1.378183126 -0.055557191 -0.165432930 -0.484886259 0.574958503 -0.511706412 0.415288717
1782375571.772140265 1.378881216 -0.067645729 -0.165672064 -0.484381825 0.575320244 -0.511977077 0.415042549
1782375571.805505276 1.380083799 -0.078180313 -0.165543437 -0.484632075 0.575136304 -0.511954069 0.415033638
1782375571.838870287 1.381471157 -0.088758290 -0.165486813 -0.484442323 0.575240731 -0.512061357 0.414978325
1782375571.872235298 1.380186558 -0.103954554 -0.165830493 -0.484685123 0.574782193 -0.511854947 0.415584326
1782375571.905600071 1.381123543 -0.114124835 -0.165685296 -0.484343916 0.574995339 -0.512033641 0.415467232
1782375571.938964844 1.382131815 -0.123802304 -0.165719748 -0.484275818 0.574938953 -0.512254953 0.415351808
1782375571.972329378 1.383208632 -0.133725226 -0.165665388 -0.484489769 0.574742973 -0.512433350 0.415153384
1782375572.005694151 1.384266376 -0.143627703 -0.165679336 -0.483937740 0.575272620 -0.512523890 0.414951831
1782375572.039058685 1.385432720 -0.153175831 -0.165617704 -0.483770102 0.575345635 -0.512727439 0.414794624
1782375572.072422981 1.386626601 -0.162994325 -0.165752053 -0.483696997 0.575349510 -0.512863159 0.414706647
1782375572.105788231 1.387699842 -0.173052430 -0.165943742 -0.483242184 0.575671315 -0.513082564 0.414518714
1782375572.139152527 1.388776541 -0.182926893 -0.165919662 -0.482981324 0.575989962 -0.513253450 0.414168566
1782375572.172516823 1.388936520 -0.194642246 -0.167481780 -0.482783020 0.575947642 -0.513563633 0.414073884
1782375572.205881119 1.389963865 -0.205030799 -0.167534471 -0.482339352 0.576177597 -0.513850510 0.413915306
1782375572.239245176 1.391025066 -0.215444684 -0.167618155 -0.482075125 0.576357305 -0.514011025 0.413773656
1782375572.339336872 1.393973827 -0.247653067 -0.167966843 -0.481140107 0.577056348 -0.514524996 0.413248509
1782375572.372700930 1.394855380 -0.259003282 -0.167956829 -0.480496824 0.577851176 -0.514625609 0.412760586
1782375572.406064510 1.395536184 -0.270448506 -0.167900443 -0.479676008 0.578332305 -0.515230834 0.412286311
1782375572.439428329 1.395992041 -0.281584144 -0.167979717 -0.479113936 0.578363836 -0.515956223 0.411988318
1782375572.472791672 1.396630168 -0.293313861 -0.167914033 -0.478826761 0.578834832 -0.516100228 0.411480039
1782375572.506155252 1.398702621 -0.304047763 -0.166503906 -0.477903634 0.579469919 -0.516862988 0.410701215
1782375572.539518833 1.399796724 -0.315883219 -0.166323185 -0.477375597 0.580187201 -0.517067850 0.410044253
1782375572.572882175 1.401042700 -0.327837765 -0.166217923 -0.477165937 0.580747128 -0.516961753 0.409629226
1782375572.606245518 1.401557565 -0.340208292 -0.167349577 -0.476695091 0.580813766 -0.517349541 0.409593225
1782375572.639608622 1.402279139 -0.351165533 -0.167276621 -0.476432592 0.580858052 -0.517616153 0.409499109
1782375572.672971964 1.403126955 -0.362111807 -0.167220950 -0.476507604 0.580595493 -0.517790318 0.409563929
1782375572.706336021 1.404113650 -0.373275757 -0.167202115 -0.476480305 0.580551982 -0.517788649 0.409659326
1782375572.739701271 1.405237913 -0.384329915 -0.167214751 -0.476797283 0.580201447 -0.517795563 0.409778595
1782375572.773066044 1.406244993 -0.395307541 -0.167469501 -0.476776361 0.579838455 -0.517950177 0.410121173
1782375572.806432486 1.407288790 -0.405973792 -0.167560101 -0.477103978 0.579182923 -0.517987192 0.410619289
1782375572.839797258 1.409140348 -0.416864693 -0.167914152 -0.477423012 0.579003215 -0.517722666 0.410835505
1782375572.873162031 1.410892963 -0.427269340 -0.167958975 -0.478129059 0.578545451 -0.517552853 0.410873324
1782375572.906527042 1.412597656 -0.438655019 -0.168061972 -0.478081137 0.578524828 -0.517535686 0.410979629
1782375572.939891815 1.414381027 -0.449823201 -0.168113947 -0.478367269 0.578146636 -0.517428398 0.411313862
1782375572.973256588 1.416122913 -0.460998058 -0.168591857 -0.478431344 0.577373266 -0.517725766 0.411951035
1782375573.006621122 1.417355061 -0.473946571 -0.168784380 -0.478654236 0.577236831 -0.517346740 0.412359238
1782375573.039985895 1.418890953 -0.485292405 -0.168937564 -0.478603065 0.576992393 -0.517532647 0.412527531
1782375573.073350430 1.420693874 -0.496695817 -0.169126987 -0.478875130 0.577026904 -0.517526567 0.412170857
1782375573.106714725 1.422333121 -0.508404493 -0.169120073 -0.478563547 0.577305853 -0.517545402 0.412118554
1782375573.140079021 1.424229860 -0.519960642 -0.169281960 -0.478682905 0.576982081 -0.517706156 0.412231356
1782375573.173443317 1.426399469 -0.531746209 -0.169226289 -0.478467375 0.577634156 -0.517571568 0.411737204
1782375573.206807613 1.428518295 -0.543113351 -0.169197798 -0.478127539 0.577792823 -0.518027723 0.411335528
1782375573.373627663 1.436186790 -0.602364004 -0.170462251 -0.475951791 0.579598546 -0.520252287 0.408501029
1782375573.406991482 1.437555552 -0.615118921 -0.170280457 -0.475215018 0.580115199 -0.520736337 0.408008337
1782375573.440355301 1.438927293 -0.627762318 -0.170094132 -0.474106371 0.580952704 -0.521328628 0.407349497
1782375573.473718882 1.442037821 -0.640656590 -0.169309020 -0.474164605 0.580845714 -0.521764517 0.406875819
1782375573.507083416 1.443121672 -0.654263973 -0.169424176 -0.473127395 0.581851840 -0.522221446 0.406058788
1782375573.540446997 1.443982720 -0.667663574 -0.169282794 -0.471883297 0.582675099 -0.522980750 0.405348182
1782375573.573810577 1.445135832 -0.681565046 -0.169292331 -0.471391290 0.582914233 -0.523604870 0.404770553
1782375573.607173920 1.446312189 -0.696063995 -0.169252872 -0.470536530 0.583911777 -0.523912489 0.403928399
1782375573.640537024 1.448797703 -0.710225821 -0.169056296 -0.469896644 0.584518611 -0.524297178 0.403296083
1782375573.673900366 1.449870825 -0.724190712 -0.168929577 -0.468850225 0.585233986 -0.525231242 0.402259707
1782375573.740630865 1.452217102 -0.752088308 -0.168716311 -0.467877507 0.586375475 -0.525944471 0.400795400
1782375573.773996592 1.452815175 -0.766154706 -0.168527126 -0.466361672 0.587304831 -0.526758790 0.400131255
1782375573.807362318 1.453837872 -0.779434264 -0.168698549 -0.465557545 0.587919056 -0.527240157 0.399531364
1782375573.840728045 1.454617262 -0.793068051 -0.168596506 -0.465416610 0.588431239 -0.527423203 0.398699075
1782375573.874093533 1.453579545 -0.809160948 -0.167866111 -0.463685006 0.589500666 -0.528085053 0.398260415
1782375573.907459259 1.454266667 -0.821404338 -0.167913914 -0.463601291 0.589999139 -0.527995646 0.397738069
1782375573.940824747 1.454501033 -0.833983541 -0.167777300 -0.463146418 0.590307176 -0.528634846 0.396961153
1782375573.974190235 1.454666138 -0.845867395 -0.167836547 -0.461328328 0.591690123 -0.529229343 0.396226257
1782375574.007555485 1.455259562 -0.856506467 -0.167840123 -0.461597264 0.591585577 -0.529710710 0.395425141
1782375574.040920734 1.455612302 -0.866040468 -0.168352008 -0.459766299 0.592841804 -0.530623019 0.394452482
1782375574.074285984 1.455617309 -0.875691056 -0.168300033 -0.459384799 0.593085647 -0.531260014 0.393672258
1782375574.107651234 1.455606341 -0.885693550 -0.168375731 -0.458148301 0.594226182 -0.531851232 0.392593592
1782375574.141016006 1.456300855 -0.894774675 -0.169289947 -0.457145125 0.594896257 -0.532574236 0.391767263
1782375574.174381018 1.456147909 -0.904312313 -0.169388890 -0.456600457 0.595276535 -0.533134818 0.391061574
1782375574.207746983 1.455819845 -0.913903117 -0.169409513 -0.455570221 0.596070707 -0.533692598 0.390291750
1782375574.241111994 1.455669403 -0.923729122 -0.169402242 -0.454833865 0.596561193 -0.534376502 0.389464706
1782375574.274476767 1.455523014 -0.933891654 -0.169378281 -0.453886539 0.597428620 -0.534830809 0.388615668
1782375574.307841539 1.455606818 -0.944131017 -0.169418335 -0.453003049 0.598064780 -0.535467088 0.387790978
1782375574.341206312 1.455467463 -0.953980148 -0.169170141 -0.452143133 0.598746419 -0.536032200 0.386961043
1782375574.374571085 1.455159664 -0.964017987 -0.169275403 -0.451216936 0.599435925 -0.536560297 0.386242062
1782375574.474664450 1.455697060 -0.994474769 -0.169236422 -0.448699981 0.601655900 -0.538143098 0.383510828
1782375574.508028746 1.455008864 -1.005069017 -0.169351339 -0.447833061 0.602418959 -0.538666904 0.382589936
1782375574.541393042 1.453982115 -1.015655875 -0.169400454 -0.446313739 0.603389680 -0.539667845 0.381423056
1782375574.574757338 1.453437805 -1.026185751 -0.169697285 -0.445641130 0.604068816 -0.540209353 0.380366534
1782375574.608121634 1.452189922 -1.037275553 -0.169135928 -0.444430858 0.605215609 -0.540715873 0.379238367
1782375574.641485691 1.450533748 -1.048245311 -0.169430017 -0.442687064 0.606639385 -0.541489720 0.377896577
1782375574.674849510 1.448410749 -1.058867812 -0.169578791 -0.441372186 0.607513666 -0.542512059 0.376561254
1782375574.708215952 1.446111202 -1.069790840 -0.169672966 -0.439539164 0.608943284 -0.543643534 0.374760270
1782375574.741583109 1.443584561 -1.080225110 -0.169684768 -0.437854290 0.609903216 -0.544754684 0.373555899
1782375574.774950027 1.441020131 -1.090912819 -0.169713020 -0.436244577 0.611055791 -0.545682609 0.372198880
1782375574.808316708 1.438307762 -1.101335526 -0.169742346 -0.434785694 0.611994505 -0.546608329 0.371003449
1782375574.841683388 1.435451269 -1.111611009 -0.169648051 -0.433378994 0.613243520 -0.547356784 0.369480193
1782375574.875050068 1.432525635 -1.121591687 -0.169640541 -0.431446403 0.614354670 -0.548609257 0.368035734
1782375574.908417702 1.428279161 -1.132133007 -0.169096708 -0.429848999 0.615481257 -0.549583018 0.366566837
1782375574.941784382 1.424961209 -1.142336845 -0.169245958 -0.428463906 0.616884649 -0.550321698 0.364716351
1782375574.975150824 1.420944929 -1.152931452 -0.169218421 -0.425710976 0.618358493 -0.551914096 0.363034338
1782375575.008517265 1.417571068 -1.163230777 -0.169325829 -0.424554527 0.619557321 -0.552794516 0.360999316
1782375575.041883707 1.413235426 -1.174880981 -0.169252992 -0.421487659 0.621420145 -0.554434121 0.358870536
1782375575.075250149 1.410261273 -1.184613705 -0.168552041 -0.418784678 0.623376131 -0.555743456 0.356610239
1782375575.108616352 1.406058550 -1.195582986 -0.168492317 -0.417181224 0.624341726 -0.557205558 0.354512632
1782375575.141982555 1.401566505 -1.206996202 -0.168509364 -0.414129764 0.626581371 -0.558358073 0.352318943
1782375575.175348759 1.397434831 -1.218125343 -0.168613553 -0.412221670 0.627828777 -0.559629083 0.350313842
1782375575.208715200 1.393116593 -1.230083942 -0.168327332 -0.410344124 0.629328728 -0.560682297 0.348135710
1782375575.242081165 1.389238238 -1.241135716 -0.168202639 -0.407630682 0.631086826 -0.561924458 0.346132278
1782375575.275447130 1.384763241 -1.252129793 -0.168126941 -0.405593514 0.632708788 -0.563032329 0.343756080
1782375575.308813095 1.379904151 -1.263585687 -0.168126464 -0.403011829 0.633977234 -0.564705670 0.341704488
1782375575.342179060 1.374972463 -1.275242805 -0.168135166 -0.400317162 0.636007309 -0.565741062 0.339378804
1782375575.375544786 1.370115995 -1.286740899 -0.168053031 -0.398050308 0.637107670 -0.567341447 0.337303251
1782375575.408910751 1.365458369 -1.298973799 -0.167895555 -0.395755410 0.638964057 -0.568065941 0.335266560
1782375575.442276239 1.361375093 -1.309293270 -0.167714834 -0.393662006 0.640035927 -0.569469154 0.333300561
1782375575.475641727 1.355662823 -1.322170377 -0.167188764 -0.391820937 0.641187608 -0.570261776 0.331898272
1782375575.509007454 1.351130843 -1.333214641 -0.167111516 -0.389666647 0.642526627 -0.571204901 0.330218762
1782375575.542372942 1.346806526 -1.344133735 -0.166965365 -0.388169050 0.643178046 -0.572301626 0.328812510
1782375575.575738430 1.344265819 -1.354587555 -0.167247891 -0.386730224 0.644180119 -0.573133230 0.327093363
1782375575.609104872 1.340242743 -1.365523815 -0.167023540 -0.385386348 0.644778609 -0.574043930 0.325901240
1782375575.642470121 1.337060928 -1.376356006 -0.167051315 -0.384705931 0.645086825 -0.574513853 0.325266272
1782375575.675835609 1.333912134 -1.387348533 -0.166857481 -0.384164751 0.645501196 -0.574789464 0.324596286
1782375575.709200621 1.331191301 -1.398531675 -0.166906595 -0.383168817 0.645955920 -0.575236738 0.324076116
1782375575.742565632 1.327306509 -1.409201384 -0.166809201 -0.383146733 0.645955205 -0.575276077 0.324033797
1782375575.775930405 1.325243473 -1.420393229 -0.166750789 -0.382666469 0.646182835 -0.575448811 0.323840737
1782375575.809295416 1.323850870 -1.431242585 -0.166783094 -0.382981479 0.646208465 -0.575369775 0.323557585
1782375575.842659950 1.322184801 -1.442618847 -0.166790605 -0.382609040 0.646137774 -0.575728834 0.323500574
1782375575.876024723 1.321070075 -1.454029441 -0.166879177 -0.382608056 0.646313608 -0.575504959 0.323548943
1782375575.909389257 1.319878817 -1.465594530 -0.166967869 -0.382897556 0.645971179 -0.575704277 0.323535681
1782375575.942753553 1.318232417 -1.476864815 -0.166442275 -0.382776707 0.646063268 -0.575632870 0.323621988
1782375575.976118088 1.317261577 -1.488777876 -0.166383266 -0.383378267 0.645770967 -0.575591505 0.323566884
1782375576.009482622 1.316066861 -1.500982642 -0.166301608 -0.382739544 0.646145582 -0.575737774 0.323314577
1782375576.042846918 1.315167189 -1.511992335 -0.166420221 -0.382601857 0.646124721 -0.575989306 0.323071212
1782375576.076210976 1.313804984 -1.524323940 -0.166243434 -0.382549882 0.646516860 -0.575819433 0.322650820
1782375576.109575272 1.312560558 -1.536698341 -0.166230559 -0.381653786 0.646684289 -0.576304495 0.322510511
1782375576.142939091 1.311625242 -1.549226046 -0.166333914 -0.381719470 0.646877706 -0.576241195 0.322157860
1782375576.176303148 1.310514212 -1.561748385 -0.166355371 -0.381330490 0.647136152 -0.576353788 0.321897924
1782375576.209667206 1.309750319 -1.574069262 -0.166430950 -0.380432367 0.647523820 -0.576617837 0.321707934
1782375576.243031025 1.309380054 -1.586077929 -0.166496992 -0.381131917 0.647352636 -0.576663494 0.321142137
1782375576.276394844 1.307420731 -1.599517584 -0.166597724 -0.379413784 0.648112833 -0.577333152 0.320439309
1782375576.309759617 1.307149291 -1.611006021 -0.166634560 -0.379177570 0.648303986 -0.577497303 0.320036292
1782375576.343122959 1.305768013 -1.623975635 -0.166576266 -0.378882855 0.648642719 -0.577796102 0.319158494
1782375576.376486778 1.304648280 -1.638417244 -0.166857123 -0.376533240 0.649810612 -0.578707576 0.317909479
1782375576.409850121 1.303206921 -1.651295066 -0.166768789 -0.376207680 0.650003970 -0.579238892 0.316930652
1782375576.443213701 1.300822258 -1.665261149 -0.166647315 -0.374201179 0.651294231 -0.579918563 0.315410465
1782375576.476576805 1.298779488 -1.678111076 -0.166490555 -0.372190207 0.652300417 -0.581036448 0.313648254
1782375576.509940147 1.296141028 -1.691493392 -0.166324854 -0.370235682 0.653617084 -0.582022965 0.311383247
1782375576.543303490 1.293612719 -1.705000281 -0.166477203 -0.366889924 0.655337453 -0.583509207 0.308936447
1782375576.576666594 1.292918324 -1.716495872 -0.166304469 -0.363340735 0.657663465 -0.584907115 0.305525869
1782375576.610029459 1.290029883 -1.729321480 -0.166323066 -0.361040592 0.659088492 -0.586182714 0.302724272
1782375576.643392563 1.286462188 -1.742928743 -0.166240335 -0.356976360 0.661483347 -0.587664902 0.299428970
1782375576.676755667 1.282459736 -1.756109953 -0.166201830 -0.353086233 0.663348794 -0.589500308 0.296290278
1782375576.710119724 1.278551340 -1.769015312 -0.166051030 -0.350038826 0.665160596 -0.590872049 0.293094784
1782375576.743484259 1.274396420 -1.781913042 -0.165858746 -0.345457584 0.667349458 -0.592774212 0.289693862
1782375576.776849270 1.271081209 -1.794540882 -0.165655613 -0.341454536 0.669858456 -0.594051301 0.286009878
1782375576.810214043 1.269747257 -1.801386118 -0.166048169 -0.337456018 0.671551228 -0.596278071 0.282125533
1782375576.843578815 1.265754104 -1.814486980 -0.165859222 -0.332540512 0.674137831 -0.598062992 0.277984977
1782375576.876943588 1.262066603 -1.826504588 -0.165818334 -0.328038782 0.676063061 -0.600285113 0.273837775
1782375576.910308123 1.257976770 -1.838824868 -0.165669084 -0.323186785 0.678563774 -0.602034748 0.269547164
1782375576.943672657 1.251869440 -1.851637244 -0.164448261 -0.318429977 0.681070387 -0.603545427 0.265477687
1782375576.977037191 1.247769237 -1.863514662 -0.164202213 -0.312442750 0.683547974 -0.605984688 0.260623097
1782375577.010402441 1.243676901 -1.875213027 -0.163909435 -0.307355076 0.686155379 -0.607697964 0.255786747
1782375577.043766737 1.239196301 -1.886866689 -0.163608789 -0.301591307 0.688543856 -0.609866619 0.251023442
1782375577.077130795 1.234747767 -1.898482800 -0.163491726 -0.295887947 0.691139221 -0.611756325 0.246030867
1782375577.110495090 1.231305242 -1.909389615 -0.164329052 -0.289840490 0.693692207 -0.613890290 0.240670785
1782375577.143859148 1.226854205 -1.920680046 -0.163993597 -0.283725441 0.696067333 -0.616080582 0.235446051
1782375577.177223206 1.223213077 -1.932039976 -0.163779259 -0.277432263 0.698839307 -0.617841899 0.230057612
1782375577.210587263 1.220519423 -1.943190217 -0.163424015 -0.271042526 0.701423347 -0.619899094 0.224201635
1782375577.243950844 1.218550682 -1.954608202 -0.163326979 -0.264214784 0.704083920 -0.621903241 0.218386784
1782375577.277314663 1.216987491 -1.966036439 -0.163079977 -0.258071870 0.706985056 -0.623466551 0.211802930
1782375577.377405643 1.212211013 -2.003430605 -0.164970875 -0.234188750 0.715204179 -0.630181015 0.191077337
1782375577.410769224 1.209598899 -2.016460657 -0.164673328 -0.225033075 0.718201518 -0.632447064 0.183186859
1782375577.444132566 1.206753016 -2.029670954 -0.164442778 -0.216041043 0.721006036 -0.634668589 0.175135285
1782375577.477496147 1.203413725 -2.043057680 -0.164110422 -0.206678823 0.723682702 -0.636979461 0.166806892
1782375577.510859489 1.200689673 -2.059491158 -0.161533117 -0.197077036 0.726744473 -0.638659894 0.158482373
1782375577.544222355 1.196682811 -2.073163271 -0.161050797 -0.187655017 0.729421794 -0.640500307 0.149962679
1782375577.577585697 1.191950798 -2.087076426 -0.160803556 -0.176799059 0.731937528 -0.642820716 0.140681058
1782375577.610948801 1.187303782 -2.100517273 -0.160463333 -0.166745752 0.734553695 -0.644369543 0.131964400
1782375577.644311428 1.182217836 -2.114015341 -0.160299778 -0.157019526 0.736599386 -0.646154284 0.123494364
1782375577.677674532 1.175187707 -2.125243664 -0.159360886 -0.146653160 0.739000261 -0.647388339 0.115151905
1782375577.711040735 1.169765711 -2.138083458 -0.159002542 -0.136905000 0.740908504 -0.648810565 0.106567323
1782375577.744407892 1.164160848 -2.150515318 -0.158658981 -0.126707196 0.742831528 -0.650056839 0.097840153
1782375577.777775049 1.158561230 -2.162579060 -0.158252239 -0.116851985 0.744516194 -0.651264071 0.088862106
1782375577.811142206 1.153058171 -2.174104214 -0.158008099 -0.106489040 0.745899320 -0.652557552 0.080392219
1782375577.844509125 1.145526886 -2.186321020 -0.157701254 -0.095762216 0.747604132 -0.653400958 0.070604503
1782375577.877876043 1.139477730 -2.198061943 -0.157403231 -0.085743219 0.748968899 -0.654159248 0.061395671
1782375577.911242723 1.132834435 -2.209329128 -0.157082558 -0.075200036 0.750201821 -0.654834926 0.052281238
1782375577.944609404 1.125845671 -2.220217705 -0.156817675 -0.064431086 0.751501441 -0.655182302 0.042783055
1782375577.977976322 1.112418771 -2.232611179 -0.156882286 -0.054543607 0.752180874 -0.655789554 0.034483194
1782375578.011342764 1.104334950 -2.243434668 -0.156650782 -0.043388132 0.753147125 -0.655930400 0.025342902
1782375578.044709444 1.096631527 -2.253561497 -0.156352520 -0.033569191 0.754125953 -0.655682027 0.015760692
1782375578.078075886 1.087628245 -2.263074875 -0.156055927 -0.021245424 0.754363656 -0.656090617 0.005419875
1782375578.111442327 1.080297589 -2.272627592 -0.155302763 -0.010331810 0.755262911 -0.655327439 -0.004152454
1782375578.144808769 1.071468234 -2.281757355 -0.155014992 0.000515017 0.755359292 -0.655158877 -0.014107512
1782375578.178175211 1.061877131 -2.290444374 -0.154838324 0.012842571 0.755689144 -0.654368520 -0.023892732
1782375578.211541414 1.052777767 -2.298477173 -0.154723167 0.023143696 0.755344927 -0.654016733 -0.034360729
1782375578.244907618 1.040061235 -2.301520824 -0.157287359 0.035232723 0.754892886 -0.653429925 -0.043872390
1782375578.278273821 1.030047774 -2.308445454 -0.157055378 0.046740305 0.754340887 -0.652580738 -0.054069761
1782375578.311640024 1.019450307 -2.315327168 -0.156971693 0.057629537 0.753696203 -0.651560485 -0.063952543
1782375578.345005989 1.008587956 -2.321153164 -0.156796694 0.069073200 0.752889872 -0.650328755 -0.073879845
1782375578.378372431 0.996827364 -2.326177359 -0.158803225 0.081200041 0.751590610 -0.649192095 -0.084069982
1782375578.411739349 0.985749722 -2.330520630 -0.158812404 0.092600092 0.750570357 -0.647458434 -0.094164357
1782375578.445105076 0.974251509 -2.333853006 -0.158701539 0.104219764 0.748894989 -0.646047413 -0.104485773
1782375578.478471041 0.962749004 -2.336504936 -0.158690453 0.116204828 0.747451782 -0.643990397 -0.114405587
1782375578.511836767 0.950977802 -2.338215113 -0.158507109 0.127260163 0.745539546 -0.642263293 -0.124392994
1782375578.545202494 0.938803673 -2.339177847 -0.158486843 0.139451846 0.743555725 -0.639967144 -0.134611502
1782375578.578568220 0.926584482 -2.339068174 -0.158204079 0.150910020 0.741304457 -0.637885034 -0.144210383
1782375578.611933708 0.914096594 -2.338235855 -0.158050179 0.162180752 0.739021659 -0.635385394 -0.154368907
1782375578.645298958 0.901838303 -2.336821079 -0.157815576 0.175095320 0.736051440 -0.632733643 -0.164978892
1782375578.678664446 0.890053511 -2.335079193 -0.157585859 0.186056316 0.733380675 -0.629978418 -0.175108597
1782375578.712030649 0.877626419 -2.332319260 -0.157459736 0.198319852 0.730467975 -0.626783848 -0.185007676
1782375578.745396137 0.865532637 -2.328814983 -0.157204390 0.209881008 0.727095008 -0.623902023 -0.195010498
1782375578.778761387 0.853240490 -2.324465036 -0.157023191 0.221111715 0.723939478 -0.620410979 -0.205211043
1782375578.812126637 0.845029593 -2.316740036 -0.156717181 0.233460933 0.720242381 -0.616625071 -0.215686262
1782375578.845491886 0.831934929 -2.310097694 -0.155979872 0.245386899 0.715994298 -0.613203466 -0.226095363
1782375578.878857136 0.819681168 -2.303224564 -0.155670106 0.257347554 0.712095201 -0.608964980 -0.236335307
1782375578.912222147 0.806285143 -2.295399904 -0.155364335 0.270233184 0.707212806 -0.604795456 -0.247076139
1782375578.945587158 0.795889378 -2.286462784 -0.156675160 0.281898290 0.702407420 -0.600939155 -0.256961733
1782375578.978952169 0.784865141 -2.277730703 -0.156315863 0.293916464 0.697384536 -0.596448183 -0.267427534
1782375579.012316942 0.774186611 -2.268680573 -0.156067312 0.306145817 0.692342043 -0.591531277 -0.277539194
1782375579.045681953 0.763627529 -2.258660316 -0.155663073 0.318311036 0.686691463 -0.586570084 -0.288215935
1782375579.079046726 0.749184847 -2.247016907 -0.155819654 0.330173641 0.681140840 -0.581474483 -0.298194498
1782375579.112412453 0.739276171 -2.236015081 -0.155268371 0.341554731 0.675482988 -0.576264620 -0.308191866
1782375579.145776749 0.729812384 -2.225056171 -0.154757261 0.353461891 0.669258952 -0.570973873 -0.318034708
1782375579.179141283 0.720907211 -2.214103460 -0.154314727 0.364532202 0.663487315 -0.565384090 -0.327477872
1782375579.212505817 0.712210178 -2.202342987 -0.153835773 0.375753850 0.657142341 -0.559933245 -0.336819977
1782375579.245870352 0.703860044 -2.188522339 -0.152812839 0.386419803 0.651023149 -0.554381967 -0.345701218
1782375579.279234648 0.696152925 -2.176306963 -0.152231932 0.396816164 0.644365966 -0.549080491 -0.354739636
1782375579.312598944 0.688586235 -2.164022207 -0.151918948 0.407469213 0.638509691 -0.542716622 -0.362950325
1782375579.345963240 0.681942225 -2.151043177 -0.151461661 0.418346196 0.630956829 -0.536849976 -0.372387141
1782375579.379327297 0.675586462 -2.138335705 -0.151105881 0.427927017 0.624486029 -0.531002045 -0.380700171
1782375579.412691355 0.669475317 -2.123316765 -0.152646542 0.437652797 0.617614388 -0.525229216 -0.388776213
1782375579.446055412 0.664344311 -2.110665321 -0.152232587 0.447171032 0.610488117 -0.519396305 -0.396950811
1782375579.479419470 0.659494162 -2.098006248 -0.151980162 0.456226707 0.603834689 -0.513262272 -0.404725581
1782375579.512783527 0.654872417 -2.085216761 -0.151736498 0.465389252 0.596763551 -0.507174015 -0.412384123
1782375579.546147108 0.650640249 -2.072594166 -0.151488066 0.474546373 0.589527905 -0.500964403 -0.419877857
1782375579.579510927 0.645469904 -2.070489645 -0.150213480 0.482613653 0.582945585 -0.494159222 -0.427861303
1782375579.612874746 0.641997337 -2.058865070 -0.149734616 0.490444034 0.576341927 -0.488541424 -0.434306294
1782375579.646238327 0.638881564 -2.047996759 -0.149342775 0.497782260 0.569823205 -0.482847512 -0.440877140
1782375579.679601908 0.636439443 -2.037417650 -0.148917317 0.505128920 0.563334644 -0.477080166 -0.447094470
1782375579.712967157 0.634625673 -2.026507139 -0.148444891 0.512389421 0.556842506 -0.470986545 -0.453382045
1782375579.746333838 0.633430243 -2.015551329 -0.147987723 0.519638538 0.550010562 -0.464973569 -0.459634423
1782375579.779700279 0.637858629 -2.000680923 -0.150025964 0.526614904 0.543309867 -0.459222138 -0.465409786
1782375579.813067913 0.637780786 -1.990017414 -0.149571180 0.533345580 0.536682069 -0.453171968 -0.471327931
1782375579.846434116 0.638189554 -1.979370475 -0.149137855 0.540145874 0.529786646 -0.447138697 -0.477111787
1782375579.879800558 0.638589144 -1.968953609 -0.148882627 0.545970798 0.523731530 -0.441501170 -0.482387841
1782375579.913166761 0.640882015 -1.952054501 -0.150014162 0.551795721 0.517651260 -0.436515301 -0.486839831
1782375579.946532965 0.642472267 -1.941733599 -0.149696350 0.557882249 0.510994494 -0.430973947 -0.491847098
1782375579.979899168 0.644227743 -1.931407213 -0.149363995 0.563066959 0.505174458 -0.425250292 -0.496907055
1782375580.013265371 0.646293283 -1.920631409 -0.149175882 -0.569288969 -0.498507231 0.419483513 0.501432180
1782375580.046631336 0.648769140 -1.910344481 -0.148871779 -0.574124396 -0.492619336 0.414242446 0.506073773
1782375580.079997540 0.652496219 -1.894109011 -0.149922490 -0.579315782 -0.486323059 0.409420162 0.510155261
1782375580.113363266 0.655148625 -1.883956194 -0.149743080 -0.584103584 -0.480611682 0.403847009 0.514531970
1782375580.146729231 0.658439517 -1.873008847 -0.149277806 -0.588646591 -0.474760830 0.398831189 0.518682122
1782375580.180095196 0.661783934 -1.862280965 -0.148987532 -0.593438745 -0.468431056 0.393688023 0.522888720
1782375580.213460922 0.664971471 -1.851647854 -0.148783922 -0.597505629 -0.463388532 0.388398588 0.526692271
1782375580.246826649 0.669971585 -1.838259220 -0.149271488 -0.601973116 -0.457319736 0.383949220 0.530160367
1782375580.280192375 0.673576117 -1.827437878 -0.148948431 -0.606507063 -0.451573551 0.378981411 0.533482671
1782375580.313557863 0.677597284 -1.816941738 -0.148450494 -0.609807014 -0.446416825 0.373991191 0.537566900
1782375580.346923351 0.681578040 -1.805260420 -0.148141623 -0.614771664 -0.440133363 0.368629277 0.540787339
1782375580.380288839 0.685882926 -1.793886900 -0.147713304 -0.618295252 -0.434756339 0.363796026 0.544380724
1782375580.413654327 0.691063404 -1.778524399 -0.148355603 -0.621805191 -0.429582715 0.359441280 0.547374666
1782375580.447019815 0.695537090 -1.766489387 -0.148058891 -0.626007438 -0.423851430 0.354225338 0.550444365
1782375580.480385065 0.700344682 -1.754747748 -0.147623777 -0.629465640 -0.418470651 0.349527031 0.553612053
1782375580.513751268 0.705211163 -1.742981434 -0.147226810 -0.633098841 -0.413277686 0.344464004 0.556535661
1782375580.547116518 0.713323772 -1.726692796 -0.148562908 -0.636217892 -0.408363044 0.340371966 0.559118390
1782375580.580481768 0.718783140 -1.715303659 -0.148045301 -0.639021873 -0.404116362 0.336262792 0.561487675
1782375580.613846779 0.726276219 -1.698745370 -0.149301767 -0.641900301 -0.399359792 0.332825541 0.563651502
1782375580.647211552 0.732027411 -1.687384367 -0.148861408 -0.644450307 -0.395262271 0.328870177 0.565946937
1782375580.680576563 0.737626910 -1.675976038 -0.148422241 -0.646823466 -0.391345054 0.325231045 0.568061054
1782375580.713942766 0.743318439 -1.665019393 -0.147919178 -0.649169207 -0.387630880 0.322003067 0.569768071
1782375580.747309923 0.748724341 -1.654478312 -0.147420883 -0.650497675 -0.385102123 0.319319218 0.571475625
1782375580.780676842 0.754073322 -1.643651724 -0.147130728 -0.652656853 -0.382079810 0.316686392 0.572506666
1782375580.814043760 0.759230018 -1.633759737 -0.146830320 -0.653713107 -0.379854649 0.314865559 0.573785186
1782375580.847410440 0.763964534 -1.623387337 -0.146810651 -0.654399931 -0.378993392 0.313562512 0.574285150
1782375580.880777121 0.766818285 -1.611905575 -0.148085952 -0.655394316 -0.376789033 0.312502176 0.575178802
1782375580.914143801 0.770644963 -1.602487087 -0.148084760 -0.655155301 -0.377017289 0.312041521 0.575551569
1782375580.947510481 0.774802744 -1.592382908 -0.148091316 -0.655447125 -0.376830995 0.311975688 0.575376987
1782375580.980876923 0.778154790 -1.582887530 -0.148159981 -0.655474067 -0.376782238 0.312072009 0.575326025
1782375581.014243364 0.777397215 -1.569198847 -0.151971579 -0.654106677 -0.378220528 0.313364714 0.575235844
1782375581.047609806 0.780071974 -1.559374809 -0.152220130 -0.653836668 -0.378652364 0.314055890 0.574881732
1782375581.080976248 0.782463551 -1.549646020 -0.152497172 -0.652728260 -0.380317211 0.315382779 0.574315608
1782375581.114342451 0.784839153 -1.539047241 -0.152956843 -0.651822805 -0.381840497 0.316783190 0.573561907
1782375581.147708654 0.787086248 -1.528257847 -0.153271437 -0.650603354 -0.383794039 0.318482280 0.572701097
1782375581.181074858 0.789366782 -1.516744614 -0.153727293 -0.649326444 -0.385598063 0.320472062 0.571827829
1782375581.214442253 0.791599512 -1.505189061 -0.154066443 -0.648309052 -0.387610108 0.322028011 0.570746779
1782375581.247808218 0.794059873 -1.493126154 -0.154243946 -0.647334456 -0.389082670 0.323747545 0.569877565
1782375581.281174183 0.795864105 -1.478717089 -0.155279279 -0.645856500 -0.391325891 0.326091111 0.568680942
1782375581.314540148 0.797815263 -1.466688752 -0.155671000 -0.644698441 -0.393581599 0.327703089 0.567510605
1782375581.347906113 0.800125003 -1.454621792 -0.156026244 -0.643860400 -0.394626826 0.329370946 0.566770017
1782375581.381271839 0.802155674 -1.443024397 -0.156314492 -0.642264843 -0.396711171 0.331085086 0.566126168
1782375581.414637804 0.804516315 -1.430697441 -0.156802297 -0.641332150 -0.398598284 0.332546413 0.565000296
1782375581.448003531 0.807140708 -1.418240190 -0.156985879 -0.640038967 -0.400263608 0.334340066 0.564230323
1782375581.481368780 0.809443235 -1.405541301 -0.157233119 -0.638831735 -0.402406603 0.336171985 0.562984288
1782375581.514734507 0.811537266 -1.393045425 -0.157739520 -0.637515545 -0.404386133 0.337921292 0.562009811
1782375581.548099995 0.813708067 -1.380436897 -0.158202529 -0.636430442 -0.405780524 0.339722991 0.561147690
1782375581.614830971 0.817219496 -1.356495619 -0.159268618 -0.633986056 -0.409727782 0.342940956 0.559085369
1782375581.648196220 0.818643570 -1.345584512 -0.159506202 -0.633091450 -0.411079586 0.344689667 0.558030367
1782375581.681561470 0.819932699 -1.334954858 -0.159871817 -0.631328583 -0.413339317 0.346432656 0.557278454
1782375581.714926481 0.821529269 -1.324301481 -0.160091639 -0.631125629 -0.414588928 0.347629368 0.555832982
1782375581.748291254 0.826650620 -1.315618992 -0.158084750 -0.629429996 -0.416608989 0.349331141 0.555178106
1782375581.781655788 0.828133583 -1.304989338 -0.158465505 -0.628451705 -0.418501079 0.350786120 0.553944528
1782375581.815020323 0.829750717 -1.294897556 -0.158586025 -0.627303004 -0.419679612 0.352499574 0.553266704
1782375581.848384619 0.830856919 -1.284617901 -0.158628345 -0.625680387 -0.422106743 0.354051471 0.552265763
1782375581.881748676 0.832461774 -1.273900509 -0.158516645 -0.625026643 -0.422971189 0.355443925 0.551449597
1782375581.915113926 0.833292782 -1.263985872 -0.158476591 -0.623596609 -0.425271749 0.357059181 0.550254583
1782375581.948478222 0.834500790 -1.253126860 -0.158107042 -0.622347653 -0.427231491 0.358483642 0.549223304
1782375581.981842279 0.836810410 -1.241577387 -0.158484221 -0.622017860 -0.427610844 0.360058755 0.548270524
1782375582.015206337 0.837573051 -1.231790900 -0.158685088 -0.620118499 -0.430435181 0.361611962 0.547188640
1782375582.048570395 0.838838339 -1.220686674 -0.158791542 -0.619281650 -0.431407273 0.363017976 0.546439469
1782375582.081933975 0.839611173 -1.209734917 -0.158914447 -0.618352056 -0.433049589 0.364455819 0.545234561
1782375582.115297794 0.840521812 -1.198723435 -0.158959866 -0.617055476 -0.435061812 0.365869164 0.544154048
1782375582.148661613 0.841330767 -1.187248707 -0.159079909 -0.616235137 -0.436489403 0.367162317 0.543068349
1782375582.182025194 0.842820406 -1.176136971 -0.159058332 -0.614722133 -0.438166201 0.369116634 0.542107105
1782375582.215388775 0.844791949 -1.164830208 -0.158522248 -0.613323092 -0.440479040 0.370887399 0.540606737
1782375582.248752117 0.846177220 -1.153522253 -0.158677340 -0.612231612 -0.441699028 0.372365415 0.539831936
1782375582.282115459 0.847375691 -1.142445207 -0.158945084 -0.610696793 -0.443859965 0.373959333 0.538694859
1782375582.382205248 0.850599110 -1.107535720 -0.159421325 -0.606200695 -0.449725181 0.378863305 0.535472393
1782375582.415568352 0.851841450 -1.095497370 -0.159583807 -0.604970872 -0.451743513 0.380485237 0.534012198
1782375582.448931456 0.852790236 -1.083560944 -0.159765244 -0.603407383 -0.453151137 0.382275134 0.533309937
1782375582.482294083 0.853603601 -1.071653843 -0.159817696 -0.602056146 -0.455370963 0.384030759 0.531682432
1782375582.582382679 0.860018373 -1.035120726 -0.157356381 -0.596707642 -0.462030172 0.389915198 0.527668715
1782375582.615746260 0.860708356 -1.023741722 -0.157499313 -0.595464468 -0.463877589 0.391545594 0.526243150
1782375582.649108887 0.861632824 -1.012899399 -0.157513380 -0.594099402 -0.465776592 0.393144280 0.524914980
1782375582.682471514 0.862359524 -1.002098560 -0.157483935 -0.592112541 -0.468098134 0.394930959 0.523752332
1782375582.715837717 0.863183975 -0.991172791 -0.157413840 -0.591249883 -0.469384283 0.396454126 0.522423446
1782375582.749204159 0.863751769 -0.980479121 -0.157475471 -0.589394748 -0.471629471 0.398203433 0.521165609
1782375582.782570362 0.864264846 -0.969371617 -0.157475829 -0.587878764 -0.473736763 0.399786443 0.519752800
1782375582.815936565 0.864484072 -0.958212852 -0.157402277 -0.586403131 -0.475266129 0.401574522 0.518643916
1782375582.849302769 0.865579963 -0.945053577 -0.157571197 -0.584496319 -0.477921933 0.403241068 0.517060280
1782375582.882668734 0.866195083 -0.932861388 -0.157596350 -0.583300233 -0.479702443 0.404897004 0.515465796
1782375582.916034698 0.866609812 -0.921362698 -0.157480597 -0.581634462 -0.481290251 0.406699359 0.514448047
1782375582.949400663 0.866590381 -0.909903109 -0.157692432 -0.579869986 -0.483444810 0.408590078 0.512919188
1782375582.982766628 0.866979480 -0.898526847 -0.157552600 -0.578117609 -0.485680372 0.410392523 0.511344016
1782375583.016132355 0.866949797 -0.887405992 -0.157298565 -0.576515019 -0.487502813 0.411979705 0.510141432
1782375583.049498081 0.865598202 -0.876816213 -0.158236861 -0.574976742 -0.488922179 0.413502038 0.509286761
1782375583.082863808 0.865773082 -0.865333736 -0.158059239 -0.573279917 -0.491118848 0.415078312 0.507801592
1782375583.116229534 0.865697265 -0.854016066 -0.157840014 -0.572165728 -0.492847830 0.416406512 0.506293476
1782375583.149595022 0.865399718 -0.843309820 -0.157714009 -0.570308924 -0.494560689 0.418343931 0.505119622
1782375583.182960510 0.864885032 -0.832167327 -0.157655954 -0.568697512 -0.496984392 0.419776887 0.503365815
1782375583.216325998 0.864450455 -0.821207047 -0.157372594 -0.567308307 -0.498654306 0.421357006 0.501959682
1782375583.249691248 0.863803387 -0.811051011 -0.157758594 -0.564982712 -0.500749111 0.423146904 0.500990629
1782375583.283056498 0.863486886 -0.799795032 -0.157709002 0.563058972 0.503031313 -0.424996376 -0.499301791
1782375583.316422939 0.862823188 -0.788927317 -0.157730222 0.561400652 0.505122721 -0.426975191 -0.497365683
1782375583.349787951 0.861911774 -0.778560162 -0.157582760 0.558553755 0.508184254 -0.429333270 -0.495418549
1782375583.383152962 0.860435605 -0.768012285 -0.157556772 0.556495190 0.510504842 -0.431628525 -0.493350625
1782375583.416517973 0.858563542 -0.758101106 -0.157393813 0.553539157 0.513716698 -0.434274942 -0.491014212
1782375583.449882984 0.856321812 -0.748075724 -0.157329321 0.550785184 0.516387820 -0.437057495 -0.488835484
1782375583.483247757 0.850248098 -0.739343107 -0.159720540 0.547632754 0.519723654 -0.439584672 -0.486570746
1782375583.516612768 0.847684383 -0.729076982 -0.159774423 0.543984830 0.523631871 -0.442614883 -0.483717173
1782375583.549977541 0.844978631 -0.719181299 -0.159885526 0.541245461 0.526163936 -0.445903569 -0.481014341
1782375583.583342314 0.841744959 -0.710293472 -0.159951210 0.536790788 0.530756116 -0.449197292 -0.477886468
1782375583.616706848 0.834539056 -0.700755894 -0.161473036 0.533386946 0.533987701 -0.452384740 -0.475082755
1782375583.650071621 0.831339598 -0.691177011 -0.161831617 0.529748082 0.537364960 -0.455787539 -0.472084314
1782375583.683422565 0.827973783 -0.681799650 -0.162185669 0.524980307 0.541974962 -0.459300071 -0.468724012
1782375583.750237465 0.820894182 -0.662053406 -0.163006663 0.517559767 0.548686862 -0.466135621 -0.462376803
1782375583.783645868 0.813349843 -0.651688218 -0.163902402 0.513378799 0.552748442 -0.469416767 -0.458867460
1782375583.817054510 0.809209645 -0.641799629 -0.164523363 0.510035217 0.555727065 -0.472690523 -0.455626249
1782375583.850463390 0.804864049 -0.632494569 -0.165257812 0.505568087 0.559389114 -0.476220846 -0.452436090
1782375583.883872986 0.800055861 -0.622919321 -0.165701270 0.501517713 0.563335896 -0.479451209 -0.448619306
1782375583.917283297 0.795262396 -0.613456249 -0.166139364 0.498168826 0.566138506 -0.482695222 -0.445331812
1782375583.950693846 0.789643407 -0.604596376 -0.166183233 0.493355721 0.570005178 -0.486148894 -0.441988170
1782375583.984104872 0.784136772 -0.595440507 -0.166506350 0.489317954 0.573656380 -0.489073753 -0.438512385
1782375584.017517567 0.780176222 -0.586095095 -0.165429294 0.485377371 0.576808989 -0.492293894 -0.435140312
1782375584.050929785 0.774848998 -0.577407598 -0.165972769 0.481081247 0.580656767 -0.495068222 -0.431631714
1782375584.084342241 0.769431233 -0.567845106 -0.165999055 0.477049798 0.583421350 -0.498275787 -0.428677440
1782375584.117755413 0.762771070 -0.557905197 -0.165646136 0.473206162 0.586934328 -0.500827610 -0.425153881
1782375584.151169062 0.757152140 -0.547757447 -0.165620565 0.469994903 0.589105070 -0.503576696 -0.422457844
1782375584.184582710 0.751350045 -0.538330436 -0.165820897 0.466609597 0.591965854 -0.505837440 -0.419500232
1782375584.217997313 0.746134520 -0.528350055 -0.165727794 0.463641703 0.594327390 -0.508083403 -0.416728467
1782375584.251412392 0.740693033 -0.518657327 -0.165773928 0.460733324 0.596588194 -0.510118783 -0.414229721
1782375584.284827948 0.733939528 -0.506871283 -0.166226268 0.458380163 0.598482251 -0.512219250 -0.411507189
1782375584.318243980 0.729159594 -0.496899605 -0.166467190 0.456113011 0.600041270 -0.513918638 -0.409632951
1782375584.351660490 0.724354863 -0.486514986 -0.166688085 0.453838319 0.601856649 -0.515220881 -0.407856494
1782375584.385077477 0.719595790 -0.475474477 -0.166789234 0.452842146 0.602734923 -0.516238689 -0.406377047
1782375584.418494940 0.715180993 -0.464944214 -0.166669428 0.451029688 0.603974521 -0.517271280 -0.405237645
1782375584.451912880 0.710584700 -0.454316914 -0.166621864 0.450261444 0.604845583 -0.517778993 -0.404142886
1782375584.485331297 0.704215169 -0.443640709 -0.168120980 0.449275851 0.605409265 -0.518507540 -0.403461188
1782375584.518750429 0.699672699 -0.433493614 -0.168231189 0.447973579 0.606471360 -0.518937171 -0.402761012
1782375584.552170038 0.695082188 -0.422783196 -0.168317080 0.447901368 0.606698215 -0.519255161 -0.402089268
1782375584.585589886 0.690593839 -0.412485540 -0.168282211 0.447325230 0.606977761 -0.519787848 -0.401620150
1782375584.619010210 0.685859561 -0.402687550 -0.168177962 0.447152555 0.606978416 -0.520008385 -0.401526153
1782375584.652431250 0.680880070 -0.394004792 -0.168143272 0.446925670 0.607476652 -0.520045638 -0.400976419
1782375584.685852528 0.675705433 -0.385134518 -0.167833805 0.446393520 0.607991397 -0.520130396 -0.400679141
1782375584.719263315 0.670472264 -0.376159072 -0.167812943 0.446987063 0.607294679 -0.520275593 -0.400885314
1782375584.752713442 0.664882302 -0.367565036 -0.167613745 0.447183996 0.607313514 -0.519817948 -0.401230752
1782375584.786164045 0.658643246 -0.358772576 -0.167381227 0.447919101 0.606761158 -0.519467771 -0.401699632
1782375584.819615126 0.652185738 -0.349957466 -0.167207122 0.448828697 0.605922878 -0.518858552 -0.402735919
1782375584.853066921 0.645592570 -0.339761078 -0.166627347 0.450198740 0.605056822 -0.517754674 -0.403927624
1782375584.886518717 0.638569772 -0.331220627 -0.166376293 0.451883376 0.603777945 -0.516742647 -0.405253738
1782375584.919971466 0.631108165 -0.323442429 -0.166284859 0.453966528 0.602295399 -0.515233278 -0.407049596
1782375584.953424454 0.623250425 -0.315639198 -0.166094959 0.456391782 0.600521266 -0.513325393 -0.409362763
1782375584.986878157 0.615135610 -0.307748586 -0.165894806 0.459626794 0.598220289 -0.511106908 -0.411880374
1782375585.020332336 0.607683897 -0.302426279 -0.165870726 0.462818444 0.595643044 -0.508506000 -0.415247113
1782375585.053786755 0.599519670 -0.294355243 -0.165680945 0.467157990 0.592503130 -0.505705655 -0.418288499
1782375585.087241888 0.591060579 -0.286951602 -0.165700853 0.470925957 0.589752793 -0.502402246 -0.421915084
1782375585.120697260 0.582522631 -0.278529882 -0.165626943 0.476036012 0.586062491 -0.498797685 -0.425583571
1782375585.154153347 0.574258387 -0.270876437 -0.165542603 0.480938613 0.582006872 -0.495324165 -0.429674476
1782375585.187609911 0.566783667 -0.266126245 -0.166899264 0.485884011 0.577946246 -0.491347224 -0.434134632
1782375585.221066952 0.558687329 -0.258690000 -0.166792691 0.491475523 0.573560774 -0.487177789 -0.438335091
1782375585.254524469 0.550719380 -0.251627743 -0.166631758 0.496628463 0.569128036 -0.483041048 -0.442859799
1782375585.287982464 0.542636693 -0.244765237 -0.166365981 0.501994252 0.564938843 -0.478804976 -0.446756929
1782375585.321440935 0.533100069 -0.238803118 -0.166250169 0.507317007 0.560063601 -0.474596411 -0.451349705
1782375585.354899883 0.525292635 -0.232486844 -0.166162848 0.512664974 0.555638313 -0.470189571 -0.455370754
1782375585.388359308 0.517680705 -0.226295859 -0.166072249 0.517880082 0.550506294 -0.466143906 -0.459840059
1782375585.421820402 0.509661794 -0.220740035 -0.166120946 0.523031116 0.546183944 -0.461374700 -0.463955909
1782375585.455280781 0.501718760 -0.214841366 -0.165987015 0.528937697 0.540274918 -0.456206650 -0.469258457
1782375585.488741636 0.492506981 -0.209800065 -0.167694032 0.534751058 0.534666657 -0.451166540 -0.473942608
1782375585.522203207 0.484603882 -0.204918072 -0.167482495 0.539777696 0.529470026 -0.446576774 -0.478404254
1782375585.555665016 0.476540208 -0.199985832 -0.167367518 0.545462608 0.523843348 -0.441655487 -0.482699901
1782375585.589127541 0.468579054 -0.195442617 -0.167241752 0.550918996 0.518018544 -0.436523318 -0.487434596
1782375585.622590542 0.460521072 -0.190808639 -0.167065263 0.556527436 0.512285769 -0.431065828 -0.491958171
1782375585.656054020 0.452691615 -0.186112970 -0.166854948 0.562069535 0.506030500 -0.425647438 -0.496825188
1782375585.689517736 0.445017815 -0.181479499 -0.166826218 -0.567966700 -0.499577969 0.419830710 0.501575410
1782375585.722945690 0.437692761 -0.176713243 -0.166583478 -0.573525369 -0.493005186 0.414180905 0.506427526
1782375585.756310701 0.427940428 -0.170996517 -0.167053699 -0.579255283 -0.486810327 0.408090830 0.510823727
1782375585.789675474 0.421505272 -0.166101098 -0.166826367 -0.585139573 -0.479171991 0.402161509 0.516015649
1782375585.823040247 0.414932281 -0.161385030 -0.166715086 -0.590717256 -0.472671181 0.395863444 0.520506740
1782375585.856404781 0.409047574 -0.156319171 -0.166491926 -0.596177578 -0.465709239 0.389743865 0.525154352
1782375585.889769554 0.403420150 -0.151315510 -0.166415751 -0.601530850 -0.458511859 0.383688331 0.529821455
1782375585.923134089 0.393412352 -0.145164967 -0.166905612 -0.607009768 -0.451639354 0.377556831 0.533865094
1782375585.956498623 0.388315052 -0.139844239 -0.166739881 -0.612031043 -0.444523633 0.371517837 0.538322747
1782375585.989862680 0.383491278 -0.134476677 -0.166569889 -0.617192507 -0.437546223 0.365262151 0.542411685
1782375586.023226976 0.378848374 -0.129078507 -0.166349679 -0.621991634 -0.430729657 0.359086603 0.546493649
1782375586.056591272 0.374299407 -0.123219401 -0.166111648 -0.626958013 -0.423452735 0.352829963 0.550565660
1782375586.089955568 0.369864881 -0.117435738 -0.165832877 -0.631569743 -0.416535318 0.346760571 0.554414272
1782375586.123320580 0.365617156 -0.111205608 -0.165407419 -0.636169553 -0.409558564 0.340338886 0.558318496
1782375586.156684637 0.361577034 -0.105114773 -0.165234447 -0.640731931 -0.402129650 0.334347546 0.562108696
1782375586.190048695 0.355301142 -0.097200930 -0.163956106 -0.645027220 -0.395918727 0.327928156 0.565377295
1782375586.223412275 0.351666272 -0.090924770 -0.163664430 -0.649554372 -0.387943000 0.321553469 0.569370508
1782375586.256776333 0.347605586 -0.084803253 -0.163479000 -0.654038548 -0.380882382 0.314989299 0.572663963
1782375586.290139914 0.343927115 -0.078775905 -0.163246691 -0.658080757 -0.373371124 0.308432221 0.576535583
1782375586.323503733 0.340058923 -0.072677456 -0.163213164 -0.662667811 -0.365669966 0.301773757 0.579732299
1782375586.356867075 0.336553782 -0.067024007 -0.163083404 -0.666536391 -0.358344376 0.295236737 0.583227098
1782375586.390230656 0.333375603 -0.061201841 -0.163052529 -0.670659781 -0.350639343 0.288572043 0.586509824
1782375586.423594236 0.330558449 -0.055941172 -0.162745148 -0.674601316 -0.342954040 0.281817168 0.589809000
1782375586.456957579 0.324676394 -0.051365219 -0.164224505 -0.678570449 -0.335078061 0.274790525 0.593089402
1782375586.490321159 0.322050363 -0.045946598 -0.164032012 -0.682262003 -0.326997072 0.267770052 0.596565843
1782375586.523684025 0.319539547 -0.040719271 -0.164019525 -0.686412513 -0.318285733 0.260757804 0.599614441
1782375586.590410471 0.315974712 -0.030597225 -0.163879991 -0.694107831 -0.301290751 0.245565727 0.605917335
1782375586.623773336 0.321571410 -0.029680952 -0.162897602 -0.697635770 -0.292814106 0.238281146 0.608922303
1782375586.657136440 0.320297718 -0.025610685 -0.162667498 -0.701181948 -0.284087449 0.230765656 0.611870468
1782375586.690499306 0.318956465 -0.022022821 -0.162555233 -0.704949915 -0.274685889 0.222903922 0.614741504
1782375586.723863125 0.317565560 -0.018938817 -0.162270039 -0.708463490 -0.266145855 0.215014145 0.617263973
1782375586.757228136 0.316259801 -0.016078055 -0.162052810 -0.711505830 -0.257065803 0.207424879 0.620202899
1782375586.790592909 0.313984066 -0.014611594 -0.161828712 -0.714865386 -0.248797596 0.200141311 0.622101903
1782375586.823958874 0.312272966 -0.013396323 -0.161361128 -0.717579126 -0.239980444 0.192493305 0.624848843
1782375586.857323647 0.309939623 -0.012344286 -0.161238700 -0.720774829 -0.231087267 0.184930727 0.626803756
1782375586.890688419 0.307439744 -0.012299664 -0.160916597 -0.723152459 -0.222718820 0.177358583 0.629278064
1782375586.924052954 0.302399427 -0.017032899 -0.159256056 -0.726114511 -0.214023396 0.169840351 0.630956471
1782375586.957417488 0.299690008 -0.017687038 -0.158834919 -0.728381991 -0.205830291 0.162538677 0.632988870
1782375586.990782022 0.296745509 -0.018728480 -0.158584177 -0.730683804 -0.197010711 0.155029088 0.635022819
1782375587.024146557 0.293181777 -0.020258121 -0.158207372 -0.733137906 -0.188656643 0.147364944 0.636554062
1782375587.057510853 0.289591938 -0.022500791 -0.157834634 -0.734912395 -0.180024222 0.139889017 0.638690948
1782375587.090875149 0.288461924 -0.024814948 -0.157625020 -0.737088799 -0.172057703 0.132936880 0.639862537
1782375587.124239206 0.284432173 -0.027757041 -0.157204777 -0.738807559 -0.163864478 0.125823051 0.641467392
1782375587.157603502 0.280316234 -0.030641161 -0.156833231 -0.740630269 -0.155558065 0.118443385 0.642837167
1782375587.190967560 0.276160777 -0.033726208 -0.156529188 -0.742245615 -0.147015095 0.110955223 0.644319057
1782375587.224331617 0.272352248 -0.036839917 -0.156273603 -0.744112492 -0.138710290 0.103444010 0.645256102
1782375587.257695675 0.268662095 -0.040569119 -0.155884475 -0.745362818 -0.130202100 0.095994718 0.646735489
1782375587.291059256 0.265085965 -0.044104487 -0.155735075 -0.746822536 -0.121840894 0.088783160 0.647710204
1782375587.324423313 0.261229128 -0.048222065 -0.155473232 -0.747937500 -0.113483265 0.081340849 0.648918211
1782375587.357786894 0.256696880 -0.052152015 -0.155226365 -0.749322534 -0.105071314 0.074038416 0.649610817
1782375587.391150713 0.254875302 -0.054720961 -0.156404957 -0.749963880 -0.098040462 0.067730755 0.650657177
1782375587.424514055 0.250136882 -0.058315754 -0.156275719 -0.751213074 -0.090091936 0.061186593 0.651013553
1782375587.457877636 0.244823486 -0.061910249 -0.156011015 -0.751907527 -0.083231166 0.055051833 0.651672363
1782375587.491241217 0.239595830 -0.064867429 -0.155851990 -0.752599835 -0.076558635 0.049102858 0.652166545
1782375587.524605751 0.233815998 -0.067800738 -0.155759037 -0.753097832 -0.070211425 0.043462243 0.652705967
1782375587.557969093 0.227949992 -0.070037507 -0.155826300 -0.753759801 -0.064654566 0.038407743 0.652832866
1782375587.591332197 0.221972704 -0.072232813 -0.155729502 -0.754006803 -0.059637770 0.033917233 0.653273821
1782375587.624695301 0.215851173 -0.073969893 -0.155930862 -0.754444122 -0.055206485 0.029943487 0.653352737
1782375587.658058405 0.209302932 -0.073573329 -0.156522006 -0.754613400 -0.051466845 0.026610166 0.653606653
1782375587.758152485 0.190065920 -0.077469535 -0.156804174 -0.755159676 -0.042914357 0.019125760 0.653855085
1782375587.791518927 0.183755025 -0.078548424 -0.157116011 -0.755577683 -0.041726038 0.018069359 0.653479099
1782375587.824885368 0.177470580 -0.080305979 -0.157355249 -0.755414128 -0.041134488 0.017284736 0.653726876
1782375587.858251810 0.170794189 -0.081708007 -0.157658070 -0.755442083 -0.041330270 0.017521624 0.653675914
1782375587.891617775 0.164634287 -0.084459245 -0.157881528 -0.755346715 -0.042319294 0.018225519 0.653703511
1782375587.924983978 0.160114303 -0.085391112 -0.156929106 -0.755079806 -0.044213124 0.020010121 0.653834343
1782375587.958349943 0.153324410 -0.086138032 -0.157175750 -0.755211592 -0.046487045 0.021827096 0.653466225
1782375587.991716146 0.146324158 -0.086944237 -0.157312304 -0.754921436 -0.049403451 0.024172481 0.653504908
1782375588.025081873 0.139127940 -0.087943599 -0.157649666 -0.754670620 -0.052971698 0.027101409 0.653400242
1782375588.058447838 0.132308424 -0.089094728 -0.157969043 -0.754579127 -0.056946773 0.030501403 0.653021514
1782375588.091813564 0.124607012 -0.092474468 -0.158867478 -0.753881454 -0.060379233 0.033645730 0.653364420
1782375588.125179291 0.117463857 -0.094194844 -0.159390658 -0.753927290 -0.064993612 0.037212729 0.652675033
1782375588.158545017 0.110973328 -0.096864626 -0.159705013 -0.753325343 -0.068590142 0.040427644 0.652810812
1782375588.191910744 0.104412451 -0.098622032 -0.160237819 -0.753079772 -0.072305493 0.043674264 0.652484000
1782375588.225277185 0.098227412 -0.100301959 -0.160598069 -0.752661765 -0.075967327 0.046623755 0.652346194
1782375588.258642673 0.091370016 -0.102859244 -0.161087543 -0.752304137 -0.078571789 0.048952263 0.652279615
1782375588.292008162 0.085397229 -0.104420982 -0.161379173 -0.752051950 -0.081142418 0.050904553 0.652106285
1782375588.325373173 0.080065697 -0.105589636 -0.161709905 -0.751793325 -0.082828201 0.052422687 0.652072251
1782375588.358738422 0.075371623 -0.106686801 -0.161805943 -0.751689613 -0.084035434 0.053487271 0.651950955
1782375588.392103672 0.071221501 -0.107658461 -0.162037849 -0.751537681 -0.084926046 0.054335371 0.651940465
1782375588.425468922 0.073914662 -0.107277937 -0.163912639 -0.751208782 -0.086107120 0.055646420 0.652054071
1782375588.458834171 0.070691302 -0.108330823 -0.164238542 -0.751102448 -0.086740658 0.056233410 0.652042210
1782375588.492199183 0.067277037 -0.109565049 -0.164558619 -0.751042128 -0.087289050 0.056761239 0.651992738
1782375588.525564194 0.063695475 -0.110971026 -0.164768189 -0.750943005 -0.087644197 0.057114083 0.652028501
1782375588.558928967 0.060091220 -0.112382032 -0.164985478 -0.750899494 -0.087883204 0.057364333 0.652024508
1782375588.592293978 0.056421623 -0.113813989 -0.165072560 -0.750857353 -0.088059343 0.057542078 0.652033508
1782375588.625658751 0.052916955 -0.115134150 -0.165245578 -0.750841618 -0.088160746 0.057651646 0.652028322
1782375588.659023523 0.049432039 -0.116413288 -0.165198684 -0.750885606 -0.088160574 0.057660706 0.651976883
1782375588.692388296 0.046157777 -0.117603846 -0.165170953 -0.750853360 -0.087761730 0.057388946 0.652091801
1782375588.725754738 0.042858727 -0.118514456 -0.165190667 -0.751017511 -0.087196343 0.056879677 0.652023256
1782375588.759120226 0.039793801 -0.119297147 -0.165028691 -0.751113057 -0.086297177 0.056138992 0.652096868
1782375588.792485237 0.036961440 -0.119782820 -0.165007442 -0.751285851 -0.085016809 0.055090837 0.652155399
1782375588.825850725 0.034328002 -0.120052181 -0.164965212 -0.751465261 -0.083470099 0.053772237 0.652258515
1782375588.859215975 0.031824477 -0.120223947 -0.164846629 -0.751716852 -0.081674479 0.052386940 0.652308762
1782375588.892580986 0.029367935 -0.120359525 -0.164639562 -0.751905143 -0.080038950 0.050855879 0.652415633
1782375588.925947189 0.027086556 -0.120243721 -0.164640322 -0.752026856 -0.078046516 0.049273741 0.652638137
1782375588.959312201 0.025547421 -0.120720215 -0.165497407 -0.752241433 -0.076416865 0.047628410 0.652705729
1782375588.992677212 0.023243733 -0.120931618 -0.165543556 -0.752289534 -0.074775815 0.046148147 0.652946770
1782375589.026042223 0.020744173 -0.121187791 -0.165634006 -0.752448857 -0.073221996 0.044925921 0.653024495
1782375589.059406996 0.018159550 -0.121634170 -0.165570021 -0.752558470 -0.071860857 0.043720901 0.653131068
1782375589.092771769 0.015728807 -0.122174330 -0.165522844 -0.752597749 -0.070515059 0.042622689 0.653305173
1782375589.126136541 0.013255091 -0.122699134 -0.165408328 -0.752745569 -0.069444112 0.041754477 0.653305650
1782375589.159501076 0.010946811 -0.123350225 -0.165214568 -0.752797604 -0.068611294 0.040966295 0.653383553
1782375589.226229906 0.006723303 -0.124522626 -0.164943874 -0.752922177 -0.066943139 0.039545279 0.653500617
1782375589.292958736 0.003366716 -0.125124961 -0.164723009 -0.753021121 -0.065716155 0.038478948 0.653574765
1782375589.326323032 0.001934940 -0.125161380 -0.164765149 -0.753050864 -0.065206558 0.038039707 0.653617322
1782375589.359687328 0.000781920 -0.125153631 -0.164836228 -0.753128648 -0.064741820 0.037728321 0.653591931
1782375589.393051386 -0.000456508 -0.125387549 -0.164726093 -0.753137827 -0.064416155 0.037473466 0.653628111
1782375589.426415205 -0.002176713 -0.126567870 -0.163652241 -0.753245175 -0.064339288 0.036952261 0.653541625
1782375589.459779263 -0.003394216 -0.126953214 -0.163606167 -0.753278017 -0.063928746 0.036609039 0.653563499
1782375589.493143320 -0.004545428 -0.127213001 -0.163543105 -0.753315568 -0.063451104 0.036218096 0.653588533
1782375589.526507139 -0.005668135 -0.127408922 -0.163497970 -0.753375292 -0.062991314 0.035891782 0.653582156
1782375589.559870958 -0.006817564 -0.127630353 -0.163423449 -0.753390551 -0.062605180 0.035577420 0.653618753
1782375589.593234539 -0.007903179 -0.127826691 -0.163429260 -0.753408790 -0.062228292 0.035240602 0.653652072
1782375589.626599073 -0.008901967 -0.127847373 -0.163439989 -0.753448606 -0.061826997 0.034898672 0.653662622
1782375589.659962654 -0.009572484 -0.127787977 -0.163429081 -0.753464401 -0.061547823 0.034648255 0.653683960
1782375589.693326235 -0.010157304 -0.127681270 -0.163469285 -0.753480494 -0.061304852 0.034470681 0.653697729
1782375589.726690531 -0.010408089 -0.127487600 -0.163502708 -0.753474951 -0.061553273 0.034562748 0.653675795
1782375589.926877975 -0.009532215 -0.127085328 -0.163807571 -0.753424466 -0.061612599 0.034659598 0.653723359
1782375589.960242271 -0.009617185 -0.127043784 -0.163990319 -0.753435612 -0.061607324 0.034679186 0.653709948
1782375589.993606329 -0.009524342 -0.126947910 -0.164022669 -0.753422916 -0.061639350 0.034731358 0.653718829
1782375590.026970625 -0.009354655 -0.126898110 -0.163967416 -0.753432870 -0.061704963 0.034776691 0.653698742
1782375590.060334682 -0.007698562 -0.126888320 -0.164128602 -0.753373444 -0.061946563 0.035031833 0.653730810
1782375590.093698740 -0.007294837 -0.127003908 -0.164139241 -0.753356218 -0.062050812 0.035123199 0.653735876
1782375590.127062798 -0.006965125 -0.127077490 -0.164110139 -0.753365099 -0.062127829 0.035217371 0.653713226
1782375590.160426617 -0.006724831 -0.127088457 -0.164086044 -0.753341615 -0.062199004 0.035304021 0.653728783
1782375590.193790436 -0.006572586 -0.127139449 -0.164101258 -0.753334403 -0.062207684 0.035362832 0.653733194
1782375590.227154016 -0.006520761 -0.127113685 -0.164100751 -0.753362656 -0.062235665 0.035406165 0.653695464
1782375590.260517836 -0.006579204 -0.127031952 -0.164058685 -0.753366172 -0.062204342 0.035417989 0.653693855
1782375590.293881416 -0.006711850 -0.126925081 -0.164079607 -0.753378630 -0.062155426 0.035405416 0.653684855
1782375590.327245951 -0.006851086 -0.126768351 -0.164120764 -0.753382564 -0.062129032 0.035389449 0.653683662
1782375590.360609293 -0.007001163 -0.126612514 -0.164166555 -0.753379703 -0.062109996 0.035363287 0.653690219
1782375590.393972635 -0.007028051 -0.126533478 -0.164144605 -0.753380716 -0.062080629 0.035324354 0.653693914
1782375590.427336216 -0.007087352 -0.126353621 -0.164143920 -0.753386736 -0.062030885 0.035272978 0.653694451
1782375590.460699320 -0.006945405 -0.126345038 -0.164109036 -0.753385723 -0.062014841 0.035279270 0.653696835
1782375590.494062424 -0.006752821 -0.126226991 -0.164076179 -0.753387213 -0.062032603 0.035319194 0.653691292
1782375590.527425528 -0.006600026 -0.126161486 -0.164034665 -0.753392100 -0.062091075 0.035334710 0.653679311
1782375590.560788631 -0.005227178 -0.126395673 -0.164613843 -0.753311992 -0.062415559 0.035564970 0.653728127
1782375590.594151497 -0.004897449 -0.126417875 -0.164683878 -0.753289700 -0.062505834 0.035694819 0.653738201
1782375590.627514362 -0.004563535 -0.126384556 -0.164721921 -0.753288627 -0.062593751 0.035829030 0.653723657
1782375590.660877228 -0.004314726 -0.126373500 -0.164769471 -0.753280759 -0.062660113 0.035906285 0.653722167
1782375590.694240093 -0.004106285 -0.126342505 -0.164769650 -0.753248751 -0.062676661 0.035935860 0.653755724
1782375590.727605820 -0.003890343 -0.126328439 -0.164782628 -0.753245652 -0.062682845 0.035934236 0.653758883
1782375590.760973930 -0.003640460 -0.126187623 -0.164842322 -0.753256261 -0.062651247 0.035930350 0.653749883
1782375590.794342041 -0.003512472 -0.126114368 -0.164884210 -0.753255963 -0.062604435 0.035922974 0.653755128
1782375590.827709913 -0.003396517 -0.126033604 -0.164919198 -0.753278971 -0.062549718 0.035906695 0.653734684
1782375590.861078024 -0.003361151 -0.126117647 -0.164944202 -0.753285229 -0.062458321 0.035828929 0.653740525
1782375590.894446135 -0.003373135 -0.126125202 -0.164855555 -0.753304064 -0.062371381 0.035730317 0.653732538
1782375590.927814007 -0.003396956 -0.126120806 -0.164755240 -0.753316760 -0.062273875 0.035618942 0.653733194
1782375590.961181879 -0.003508471 -0.126088113 -0.164737001 -0.753319025 -0.062201221 0.035564922 0.653740466
1782375590.994549751 -0.003549278 -0.126116619 -0.164658785 -0.753321409 -0.062152866 0.035514183 0.653745174
1782375591.027918339 -0.003624262 -0.126103371 -0.164649099 -0.753328085 -0.062133476 0.035501286 0.653739929
1782375591.061286449 -0.003657876 -0.126066446 -0.164567262 -0.753343523 -0.062139213 0.035520259 0.653720617
1782375591.094654083 -0.002878405 -0.126557171 -0.165503770 -0.753238142 -0.062281959 0.035538282 0.653827548
1782375591.128021717 -0.002851263 -0.126630113 -0.165536642 -0.753230155 -0.062229976 0.035501733 0.653843582
1782375591.161389112 -0.002905902 -0.126653045 -0.165513903 -0.753216505 -0.062186521 0.035491183 0.653864026
1782375591.194756746 -0.003060186 -0.126706958 -0.165479779 -0.753214359 -0.062115032 0.035488706 0.653873444
1782375591.228124380 -0.003260311 -0.126724064 -0.165429860 -0.753222346 -0.062036667 0.035441168 0.653874278
1782375591.294859171 -0.003536018 -0.126800001 -0.165352330 -0.753224015 -0.061900865 0.035363775 0.653889418
1782375591.328226566 -0.003721401 -0.126623094 -0.165294915 -0.753246367 -0.061835151 0.035297442 0.653873444
1782375591.361593962 -0.003808115 -0.126669422 -0.165177763 -0.753256619 -0.061798327 0.035252247 0.653867662
1782375591.394961119 -0.003803009 -0.126576304 -0.165100381 -0.753260314 -0.061729137 0.035231821 0.653870940
1782375591.428328276 -0.003811438 -0.126590401 -0.164997041 -0.753288329 -0.061652485 0.035173915 0.653849065
1782375591.461695671 -0.003819004 -0.126586035 -0.164927199 -0.753318667 -0.061556190 0.035101015 0.653827071
1782375591.495062828 -0.003865344 -0.126536727 -0.164826840 -0.753348351 -0.061482102 0.035033152 0.653803468
1782375591.528429985 -0.003828732 -0.126684368 -0.164646015 -0.753368080 -0.061349895 0.034925520 0.653798878
1782375591.561796904 -0.002888411 -0.126882255 -0.164974079 -0.753327489 -0.061324261 0.034837205 0.653852820
1782375591.595164061 -0.002597446 -0.127104461 -0.164987326 -0.753333986 -0.061045062 0.034651581 0.653881252
1782375591.628530979 -0.002343150 -0.127363637 -0.164980024 -0.753356755 -0.060755488 0.034449987 0.653892636
1782375591.661897898 -0.002115468 -0.127597958 -0.164975971 -0.753385127 -0.060508411 0.034289218 0.653891385
1782375591.695264578 -0.001969986 -0.127775103 -0.164960563 -0.753401577 -0.060343821 0.034181859 0.653893292
1782375591.728633165 -0.001878684 -0.127963558 -0.164861664 -0.753422737 -0.060121559 0.034021921 0.653897583
1782375591.761999130 -0.001705293 -0.128147751 -0.164782688 -0.753440440 -0.059888877 0.033854801 0.653907239
1782375591.795364857 -0.001698541 -0.128355652 -0.164649129 -0.753477693 -0.059715878 0.033705015 0.653887928
1782375591.828730583 -0.001652747 -0.128609657 -0.164524734 -0.753494859 -0.059510503 0.033547074 0.653894961
1782375591.862095833 -0.001642477 -0.128773481 -0.164386645 -0.753526330 -0.059342872 0.033389464 0.653882086
1782375591.895461559 -0.001600750 -0.129023790 -0.164271235 -0.753555357 -0.059109055 0.033190068 0.653879881
1782375591.928827047 -0.001533883 -0.129244059 -0.164240122 -0.753565311 -0.058878686 0.033005461 0.653898597
1782375591.962192535 -0.001552911 -0.129405409 -0.164161891 -0.753610969 -0.058708545 0.032866184 0.653868139
1782375591.995557785 -0.001480462 -0.129708454 -0.163973987 -0.753631294 -0.058589492 0.032748561 0.653861344
1782375592.028923035 -0.001610177 -0.129849315 -0.163832724 -0.753638983 -0.058491405 0.032668553 0.653865337
1782375592.062288284 -0.000754697 -0.129828170 -0.165017903 -0.753523290 -0.058654454 0.032776367 0.653978586
1782375592.095653534 -0.000633711 -0.130098164 -0.164996773 -0.753521323 -0.058684148 0.032795966 0.653977275
1782375592.129018545 -0.000539728 -0.130329579 -0.164972544 -0.753513634 -0.058690853 0.032826658 0.653984010
1782375592.162383556 -0.000536984 -0.130493313 -0.164935514 -0.753530383 -0.058696836 0.032825846 0.653964221
1782375592.195748568 -0.000561500 -0.130630463 -0.164873123 -0.753549099 -0.058655493 0.032796245 0.653947890
1782375592.229113579 -0.000597732 -0.130733639 -0.164793715 -0.753558755 -0.058588021 0.032753624 0.653944850
1782375592.262478352 -0.000599764 -0.130741179 -0.164766669 -0.753578365 -0.058488332 0.032715425 0.653933108
1782375592.295843124 -0.000621902 -0.130756915 -0.164671496 -0.753594637 -0.058373660 0.032615710 0.653929651
1782375592.329207659 -0.000666143 -0.130714685 -0.164564341 -0.753611267 -0.058333267 0.032554075 0.653917134
1782375592.362572193 -0.000669090 -0.130639344 -0.164443016 -0.753636837 -0.058253698 0.032491617 0.653897882
1782375592.395936728 -0.000729589 -0.130683452 -0.164363533 -0.753655314 -0.058145422 0.032364357 0.653892517
1782375592.429302216 -0.000662204 -0.130685657 -0.164299563 -0.753677785 -0.058074258 0.032316379 0.653875291
1782375592.462666750 -0.000580315 -0.130747825 -0.164220631 -0.753692150 -0.057990327 0.032235261 0.653870225
1782375592.496031046 -0.000597974 -0.130681992 -0.164246947 -0.753714263 -0.057914607 0.032182541 0.653854012
1782375592.529395342 -0.000595542 -0.130728185 -0.164223164 -0.753735840 -0.057827748 0.032113444 0.653840244
1782375592.562759638 -0.000235144 -0.131141990 -0.164876133 -0.753659904 -0.057882138 0.032013990 0.653927803
1782375592.596123695 -0.000034610 -0.131299958 -0.164913177 -0.753672063 -0.057779092 0.031917781 0.653927505
1782375592.629487753 0.000171626 -0.131431311 -0.164939970 -0.753681362 -0.057666834 0.031847242 0.653930306
1782375592.662851810 0.000368351 -0.131581903 -0.164942414 -0.753690660 -0.057539891 0.031758074 0.653935075
1782375592.696215630 0.000535071 -0.131694019 -0.164943188 -0.753711462 -0.057344802 0.031615924 0.653935134
1782375592.729580879 0.000722229 -0.131746024 -0.164938569 -0.753732324 -0.057162691 0.031501736 0.653932452
1782375592.762946606 0.000943953 -0.131862462 -0.164951578 -0.753732264 -0.056914065 0.031341892 0.653961957
1782375592.796312571 0.001154261 -0.131986901 -0.164896920 -0.753748059 -0.056758963 0.031237859 0.653962135
1782375592.829678297 0.001335729 -0.131972730 -0.164956242 -0.753742337 -0.056571845 0.031080963 0.653992534
1782375592.863044024 0.001453703 -0.131931514 -0.164979354 -0.753765047 -0.056379423 0.030920418 0.653990507
1782375592.896409512 0.001674000 -0.131969467 -0.164879009 -0.753796756 -0.056247275 0.030806584 0.653970778
1782375592.929775000 0.001866709 -0.131958336 -0.164836496 -0.753800392 -0.056131035 0.030722046 0.653980553
1782375592.963140726 0.001970340 -0.131764784 -0.164764673 -0.753818035 -0.056096140 0.030715179 0.653963506
1782375592.996505976 0.002007971 -0.131641179 -0.164702058 -0.753835499 -0.056016941 0.030674232 0.653952122
1782375593.029871225 0.002101492 -0.131550834 -0.164668471 -0.753827393 -0.055987645 0.030667091 0.653964281
1782375593.063236475 0.002219856 -0.131581187 -0.164631367 -0.753825724 -0.055992138 0.030677138 0.653965354
1782375593.096601725 0.002865635 -0.131913394 -0.165427208 -0.753717065 -0.056124628 0.030710444 0.654077649
1782375593.129967928 0.002884395 -0.131932020 -0.165477991 -0.753734708 -0.056094300 0.030708253 0.654060006
1782375593.163332939 0.002898939 -0.131943554 -0.165506512 -0.753721714 -0.056059703 0.030710079 0.654077888
1782375593.196697950 0.002921332 -0.131977260 -0.165491670 -0.753726721 -0.056019939 0.030700056 0.654075921
1782375593.230062962 0.002871329 -0.131997645 -0.165458947 -0.753743052 -0.055987921 0.030695312 0.654060125
1782375593.263427734 0.002881046 -0.132002175 -0.165392667 -0.753753304 -0.055961635 0.030700278 0.654050231
1782375593.296792507 0.002852032 -0.132022694 -0.165236384 -0.753755569 -0.055966765 0.030691003 0.654047728
1782375593.330157280 0.002794521 -0.132083654 -0.165091276 -0.753774941 -0.055927329 0.030658552 0.654030263
1782375593.363522053 0.002699273 -0.132043988 -0.164947316 -0.753788888 -0.055895641 0.030621735 0.654018581
1782375593.396886826 0.002550960 -0.132069230 -0.164823055 -0.753796279 -0.055843692 0.030595161 0.654015839
1782375593.430251122 0.002513116 -0.132112652 -0.164739087 -0.753804207 -0.055811815 0.030575613 0.654010355
1782375593.463615417 0.002402041 -0.132098541 -0.164662704 -0.753814578 -0.055765364 0.030536545 0.654004097
1782375593.496979952 0.002215106 -0.132042557 -0.164517105 -0.753825784 -0.055732016 0.030464258 0.653997421
1782375593.530344248 0.002082145 -0.131999224 -0.164457649 -0.753838718 -0.055720191 0.030415071 0.653985739
1782375593.563708544 0.001919484 -0.131919742 -0.164468527 -0.753839493 -0.055696078 0.030357540 0.653989673
1782375593.597072840 0.003637562 -0.132692292 -0.164658815 -0.753746510 -0.055938143 0.030546429 0.654067397
1782375593.630436897 0.003646094 -0.132741883 -0.164664477 -0.753770411 -0.055921081 0.030577850 0.654039800
1782375593.663800955 0.003637070 -0.132736728 -0.164689749 -0.753776908 -0.055916905 0.030610356 0.654031157
1782375593.697165012 0.003574073 -0.132729888 -0.164709643 -0.753771007 -0.055877250 0.030574543 0.654042959
1782375593.730530024 0.003446463 -0.132718012 -0.164702624 -0.753788888 -0.055862375 0.030525852 0.654026031
1782375593.763895273 0.003291821 -0.132647261 -0.164732143 -0.753787398 -0.055843193 0.030512890 0.654029965
1782375593.797260523 0.003204668 -0.132501796 -0.164729789 -0.753802299 -0.055824686 0.030516433 0.654014170
1782375593.830626488 0.003080824 -0.132470578 -0.164694160 -0.753818274 -0.055819087 0.030482410 0.653997838
