t_ns,state,ok,map_id,track_ms,prep_ms,map_changed,n_tracked_mp,vo_only,tx,ty,tz,qx,qy,qz,qw
1788232622214401792,OK,1,0,6.47467,0.463667,0,3638,0,0.000000,0.000000,0.000000,-0.0000000,-0.0000000,-0.0000000,1.0000000
1788232622247753472,OK,1,0,18.9025,0.38875,0,2992,0,0.000142,-0.000213,0.000030,-0.0000230,0.0000082,0.0000047,1.0000000
1788232622281104640,OK,1,0,16.719,0.275833,0,2983,0,-0.000312,-0.000539,-0.000314,-0.0000818,0.0000535,-0.0000055,1.0000000
1788232622314456320,OK,1,0,16.6351,0.2765,0,2943,0,0.000790,0.000107,0.000314,-0.0000295,-0.0000590,-0.0000041,1.0000000
1788232622347807744,OK,1,0,16.6894,0.299708,0,2951,0,0.000190,-0.000843,0.000088,-0.0001346,-0.0000072,0.0000293,1.0000000
1788232622381159680,OK,1,0,16.864,0.294875,0,2981,0,-0.000777,-0.000316,-0.000446,-0.0000426,0.0000622,-0.0000380,1.0000000
1788232622414511360,OK,1,0,16.8077,0.293917,0,2949,0,-0.000270,0.000226,-0.000228,0.0000206,0.0000439,-0.0000091,1.0000000
1788232622447863040,OK,1,0,16.5215,0.30375,0,2983,0,-0.000663,-0.000046,-0.000246,-0.0000274,0.0000674,-0.0000593,1.0000000
1788232622481214976,OK,1,0,17.28,0.299833,0,2949,0,-0.000395,-0.000044,-0.000076,-0.0000061,0.0000455,-0.0000922,1.0000000
1788232622514566912,OK,1,0,16.6224,0.36775,0,2964,0,-0.000703,-0.000273,-0.000298,-0.0000326,0.0000672,-0.0000514,1.0000000
1788232622547918848,OK,1,0,17.0866,0.333417,0,2976,0,-0.000483,-0.000311,-0.000515,-0.0000336,0.0000570,-0.0000734,1.0000000
1788232622581271040,OK,1,0,16.5141,0.311375,0,2949,0,-0.001419,-0.000152,-0.000613,-0.0000354,0.0001147,-0.0000736,1.0000000
1788232622614622976,OK,1,0,16.7183,0.289916,0,2965,0,-0.001273,-0.000153,-0.000692,-0.0000389,0.0001265,-0.0000940,1.0000000
1788232622647974144,OK,1,0,16.3065,0.281334,0,2976,0,-0.000493,-0.000332,-0.000512,-0.0000545,0.0000417,0.0000039,1.0000000
1788232622681326336,OK,1,0,16.638,0.274167,0,2937,0,-0.000040,-0.000494,-0.000215,-0.0000998,0.0000226,0.0000334,1.0000000
1788232622714678784,OK,1,0,16.167,0.265417,0,2966,0,-0.000449,0.000110,-0.000255,-0.0000055,0.0000384,-0.0000539,1.0000000
1788232622748030976,OK,1,0,16.5322,0.286542,0,2979,0,-0.000823,-0.000209,-0.000436,-0.0000210,0.0000846,-0.0000660,1.0000000
1788232622781383424,OK,1,0,17.089,0.264917,0,3021,0,-0.001088,-0.000260,-0.000607,-0.0000320,0.0001016,-0.0000369,1.0000000
1788232622814735872,OK,1,0,17.095,0.274708,0,2976,0,-0.000608,0.000221,-0.000267,0.0000226,0.0000497,-0.0000692,1.0000000
1788232622848088320,OK,1,0,16.6307,0.288875,0,2927,0,0.000419,-0.000079,0.000277,-0.0000394,-0.0000225,-0.0000364,1.0000000
1788232622881441024,OK,1,0,16.5144,0.293541,0,2925,0,-0.000093,0.000242,0.000234,0.0000019,0.0000022,-0.0000872,1.0000000
1788232622914793728,OK,1,0,17.2567,0.277625,0,2969,0,-0.000481,-0.000447,-0.000434,-0.0000405,0.0000518,-0.0000345,1.0000000
1788232622948146176,OK,1,0,16.4813,0.307667,0,2951,0,0.000098,-0.000842,-0.000031,-0.0001260,0.0000137,0.0000508,1.0000000
1788232622981499136,OK,1,0,15.8274,0.289167,0,2967,0,-0.000440,-0.000385,-0.000229,-0.0000770,0.0000438,0.0000406,1.0000000
1788232623014852096,OK,1,0,17.1587,0.267417,0,2925,0,-0.000327,-0.000107,0.000088,-0.0000376,0.0000222,-0.0000366,1.0000000
1788232623048204800,OK,1,0,16.3993,0.269875,0,2983,0,-0.000072,-0.000195,0.000074,-0.0000428,0.0000094,-0.0000339,1.0000000
1788232623081551360,OK,1,0,16.4759,0.266459,0,2966,0,-0.000331,0.000114,-0.000502,0.0000082,0.0000283,-0.0000358,1.0000000
1788232623114896640,OK,1,0,17.3505,0.267125,0,2976,0,-0.000514,0.000022,-0.000474,0.0000100,0.0000416,-0.0000420,1.0000000
1788232623148243456,OK,1,0,17.2643,0.280625,0,2937,0,-0.000575,-0.000492,0.000064,-0.0000715,0.0000950,-0.0000252,1.0000000
1788232623181590016,OK,1,0,16.3345,0.28125,0,2941,0,-0.000385,0.000021,-0.000323,-0.0000134,0.0000570,-0.0000328,1.0000000
1788232623214936832,OK,1,0,17.1172,0.277584,0,2984,0,-0.000188,-0.000586,-0.000110,-0.0000822,0.0000222,0.0000276,1.0000000
1788232623248283392,OK,1,0,16.3209,0.279,0,2929,0,-0.000816,-0.000797,-0.000320,-0.0000976,0.0000635,-0.0000003,1.0000000
1788232623281630208,OK,1,0,16.4708,0.275,0,2957,0,-0.000133,0.000092,-0.000034,0.0000021,0.0000047,-0.0000447,1.0000000
1788232623314977024,OK,1,0,16.4063,0.2665,0,2896,0,-0.000259,0.000393,-0.000056,0.0000061,0.0000433,-0.0000848,1.0000000
1788232623348323840,OK,1,0,16.5155,0.26725,0,2933,0,-0.000754,-0.000702,-0.000402,-0.0000710,0.0000844,0.0000008,1.0000000
1788232623381670656,OK,1,0,17.0949,0.270542,0,2930,0,-0.000433,0.000446,-0.000047,0.0000148,0.0000526,-0.0000764,1.0000000
1788232623415017472,OK,1,0,16.198,0.274292,0,2955,0,-0.000558,-0.000205,-0.000455,-0.0000562,0.0000577,-0.0000297,1.0000000
1788232623448364800,OK,1,0,16.2344,0.278041,0,2938,0,-0.000396,-0.000404,-0.000455,-0.0000538,0.0000465,-0.0000447,1.0000000
1788232623481711616,OK,1,0,16.7834,0.273833,0,2933,0,-0.000482,-0.000302,-0.000348,-0.0000528,0.0000561,0.0000156,1.0000000
1788232623515058944,OK,1,0,16.1051,0.26825,0,2922,0,-0.000546,-0.000220,0.000049,-0.0000615,0.0000749,-0.0000168,1.0000000
1788232623548404736,OK,1,0,16.4382,0.274542,0,2950,0,-0.000943,-0.000183,-0.000623,-0.0000198,0.0000963,-0.0000594,1.0000000
1788232623581752064,OK,1,0,16.6322,0.273916,0,2926,0,-0.000109,-0.000099,-0.000359,-0.0000411,0.0000265,-0.0000037,1.0000000
1788232623615099392,OK,1,0,16.6322,0.341041,0,2934,0,-0.000129,0.000131,-0.000036,-0.0000180,0.0000247,-0.0000360,1.0000000
1788232623648446464,OK,1,0,15.8718,0.26825,0,2935,0,-0.000241,-0.000081,0.000013,-0.0000264,0.0000441,-0.0000334,1.0000000
1788232623681794048,OK,1,0,16.4851,0.286583,0,2960,0,-0.000004,0.000154,-0.000118,-0.0000155,0.0000039,-0.0000639,1.0000000
1788232623715141120,OK,1,0,15.9335,0.281042,0,2951,0,-0.000553,0.000281,-0.000471,-0.0000091,0.0000368,-0.0001021,1.0000000
1788232623748488448,OK,1,0,16.6597,0.26325,0,2915,0,-0.000754,0.000140,-0.000531,0.0000027,0.0000772,-0.0000139,1.0000000
1788232623781836032,OK,1,0,16.4662,0.2655,0,2950,0,-0.000886,0.000147,-0.000388,-0.0000198,0.0000907,-0.0000655,1.0000000
1788232623815183616,OK,1,0,16.2604,0.270833,0,2941,0,-0.000848,-0.000457,-0.000388,-0.0000722,0.0000734,0.0000066,1.0000000
1788232623848530944,OK,1,0,17.4732,0.263625,0,2882,0,-0.000676,0.000128,-0.000213,-0.0000085,0.0000659,-0.0000419,1.0000000
1788232623881878784,OK,1,0,16.9323,0.265292,0,2949,0,-0.000834,-0.000259,-0.000349,-0.0000327,0.0000850,-0.0000148,1.0000000
1788232623915226368,OK,1,0,17.0237,0.272083,0,2932,0,-0.000263,0.000191,-0.000369,0.0000096,0.0000346,-0.0000737,1.0000000
1788232623948573952,OK,1,0,16.6925,0.27775,0,2917,0,-0.000936,-0.000308,-0.000292,-0.0000342,0.0001245,-0.0000310,1.0000000
1788232623981920768,OK,1,0,16.1168,0.269458,0,2942,0,-0.000833,0.000381,-0.000514,0.0000334,0.0000918,-0.0000805,1.0000000
1788232624015268352,OK,1,0,17.4221,0.26975,0,2964,0,-0.000656,-0.000264,-0.000379,-0.0000163,0.0000807,-0.0000562,1.0000000
1788232624048615936,OK,1,0,16.1769,0.269875,0,2908,0,-0.000668,-0.000364,-0.000537,-0.0000561,0.0000675,0.0000207,1.0000000
1788232624081957120,OK,1,0,16.5221,0.2705,0,2895,0,-0.000860,-0.000231,-0.000281,-0.0000292,0.0000845,0.0000044,1.0000000
1788232624115297792,OK,1,0,15.7745,0.275208,0,2919,0,-0.000028,0.000251,0.000214,0.0000026,-0.0000038,-0.0000439,1.0000000
1788232624148638720,OK,1,0,16.4765,0.280833,0,2950,0,-0.000828,-0.000217,-0.000524,-0.0000327,0.0000733,-0.0000670,1.0000000
1788232624181979392,OK,1,0,15.9795,0.278833,0,2957,0,-0.000178,0.000253,-0.000347,0.0000194,-0.0000065,-0.0000805,1.0000000
1788232624215320320,OK,1,0,16.1185,0.348416,0,2926,0,-0.000657,-0.000367,-0.000664,-0.0000404,0.0000424,0.0000201,1.0000000
1788232624248661248,OK,1,0,16.3613,0.26,0,2938,0,-0.000509,-0.000178,-0.000666,-0.0000388,0.0000505,0.0000004,1.0000000
1788232624282001920,OK,1,0,16.9825,0.264541,0,2949,0,-0.000060,-0.000740,-0.000219,-0.0000746,-0.0000039,0.0000179,1.0000000
1788232624315342848,OK,1,0,16.8113,0.267416,0,2922,0,-0.000627,-0.000114,-0.000449,-0.0000283,0.0000596,-0.0000700,1.0000000
1788232624348683520,OK,1,0,16.5129,0.270917,0,2951,0,-0.000838,-0.000191,-0.000333,-0.0000354,0.0000840,-0.0000269,1.0000000
1788232624382024448,OK,1,0,16.0646,0.270791,0,2961,0,-0.000522,-0.000765,-0.000129,-0.0000938,0.0000532,-0.0000048,1.0000000
1788232624415365120,OK,1,0,16.354,0.280959,0,2912,0,-0.000078,0.000468,-0.000270,0.0000167,0.0000022,-0.0000487,1.0000000
1788232624448705024,OK,1,0,15.98,0.267166,0,2913,0,-0.000638,-0.000436,-0.000940,-0.0000485,0.0000679,-0.0000237,1.0000000
1788232624482045952,OK,1,0,16.8552,0.273167,0,2959,0,-0.000459,-0.000443,-0.000318,-0.0000702,0.0000366,-0.0000086,1.0000000
1788232624515386624,OK,1,0,16.5383,0.268,0,2954,0,-0.000037,0.000085,-0.000382,0.0000031,0.0000141,-0.0000488,1.0000000
1788232624548727552,OK,1,0,16.5821,0.278417,0,2896,0,-0.000700,0.000246,-0.000190,0.0000029,0.0001085,-0.0000144,1.0000000
1788232624582068480,OK,1,0,16.094,0.256792,0,2675,0,-0.000802,-0.000349,-0.001029,0.0001449,0.0000467,-0.0000261,1.0000000
1788232624615409152,OK,1,0,15.344,0.274292,0,2560,0,0.001089,-0.001157,0.001167,0.0006311,-0.0001955,0.0000609,0.9999998
1788232624648750080,OK,1,0,16.0147,0.280958,0,2611,0,0.000022,-0.000947,0.002137,0.0004261,0.0000469,0.0000617,0.9999999
1788232624682090752,OK,1,0,16.7658,0.272875,0,2760,0,-0.001191,-0.000420,0.004746,-0.0000211,0.0000836,0.0000653,1.0000000
1788232624715431424,OK,1,0,16.0307,0.270375,0,2680,0,-0.000419,0.001234,0.008818,0.0001010,0.0000058,0.0000106,1.0000000
1788232624748772096,OK,1,0,15.2873,0.262167,0,2668,0,-0.001315,0.000864,0.010623,0.0000546,0.0002045,-0.0000012,1.0000000
1788232624782113024,OK,1,0,15.6185,0.274625,0,2597,0,-0.001010,0.000641,0.012629,0.0000884,0.0002046,0.0000623,1.0000000
1788232624815453952,OK,1,0,15.5099,0.272125,0,2615,0,0.000218,0.000080,0.015513,0.0002087,-0.0001699,-0.0000091,1.0000000
1788232624848794624,OK,1,0,15.2088,0.271375,0,2550,0,-0.000773,0.000849,0.018167,0.0005291,-0.0000766,-0.0001638,0.9999999
1788232624882134272,OK,1,0,15.7325,0.267708,0,2589,0,-0.002046,0.000528,0.019442,0.0005513,0.0001229,-0.0001536,0.9999999
1788232624915475200,OK,1,0,15.5481,0.277167,0,2599,0,-0.001367,-0.000070,0.022167,0.0003278,-0.0000669,-0.0001389,0.9999999
1788232624948815872,OK,1,0,16.036,0.304625,0,2618,0,-0.000873,0.001102,0.025628,0.0002444,-0.0002046,-0.0001940,0.9999999
1788232624982156544,OK,1,0,16.1589,0.27375,0,2559,0,-0.001701,0.001084,0.028942,-0.0000297,-0.0000466,-0.0002030,1.0000000
1788232625015497216,OK,1,0,15.736,0.30225,0,2543,0,-0.003348,0.001225,0.031133,-0.0001483,0.0001070,-0.0002111,1.0000000
1788232625048838144,OK,1,0,15.4642,0.299417,0,2501,0,-0.002520,0.001677,0.033548,-0.0001810,0.0000086,-0.0001358,1.0000000
1788232625082173952,OK,1,0,15.1265,0.288458,0,2528,0,-0.000105,0.000904,0.036923,-0.0003241,-0.0001197,0.0000439,0.9999999
1788232625115510272,OK,1,0,15.9857,0.371334,0,2512,0,-0.000965,0.002531,0.040073,-0.0001907,0.0000041,0.0000394,1.0000000
1788232625148846080,OK,1,0,15.6668,0.269333,0,2562,0,0.001015,0.002470,0.042755,-0.0002761,-0.0001662,0.0001562,0.9999999
1788232625182182400,OK,1,0,15.8223,0.27975,0,2479,0,-0.000988,0.002643,0.044849,-0.0003378,0.0000198,0.0001196,0.9999999
1788232625215518208,OK,1,0,15.3872,0.27025,0,2480,0,0.000963,0.002257,0.048531,-0.0005137,-0.0001098,0.0002376,0.9999999
1788232625248854272,OK,1,0,16.1691,0.270291,0,2500,0,-0.002004,0.002389,0.050187,-0.0005601,0.0001188,0.0001163,0.9999999
1788232625282189824,OK,1,0,15.2936,0.26975,0,2495,0,-0.000081,0.002006,0.054385,-0.0005177,-0.0001165,0.0000974,0.9999999
1788232625315524864,OK,1,0,15.517,0.269667,0,2439,0,-0.000488,0.003658,0.056239,-0.0002364,-0.0000583,0.0000766,1.0000000
1788232625348860672,OK,1,0,16.0377,0.268833,0,2495,0,-0.000336,0.004512,0.059830,-0.0002459,-0.0000722,-0.0000395,1.0000000
1788232625382196480,OK,1,0,15.962,0.272292,0,2465,0,-0.000547,0.003256,0.062311,-0.0004729,-0.0000971,0.0000328,0.9999999
1788232625415532288,OK,1,0,15.1621,0.279291,0,2452,0,-0.001240,0.003419,0.066584,-0.0006747,-0.0000086,0.0000187,0.9999998
1788232625448867840,OK,1,0,15.034,0.349875,0,2397,0,-0.001725,0.004375,0.070573,-0.0009887,0.0000452,-0.0000073,0.9999995
1788232625482203648,OK,1,0,15.3081,0.283042,0,2420,0,-0.000175,0.004292,0.075627,-0.0013221,-0.0000541,0.0002472,0.9999991
1788232625515538944,OK,1,0,15.1996,0.337667,0,2385,0,-0.001509,0.004301,0.077064,-0.0013226,0.0000836,0.0003348,0.9999991
1788232625548874752,OK,1,0,14.8801,0.270583,0,2379,0,-0.001411,0.004159,0.080768,-0.0012685,0.0001251,0.0004329,0.9999991
1788232625582210304,OK,1,0,15.6491,0.270167,0,2351,0,-0.001095,0.004147,0.082652,-0.0011386,0.0000210,0.0003758,0.9999993
1788232625615545600,OK,1,0,14.9533,0.2735,0,2371,0,-0.003476,0.004934,0.084491,-0.0007526,0.0001900,0.0001330,0.9999997
1788232625648881152,OK,1,0,14.6741,0.273334,0,2398,0,-0.003549,0.005184,0.087969,-0.0005384,0.0002218,0.0000122,0.9999998
1788232625682216448,OK,1,0,15.414,0.264291,0,2375,0,-0.002446,0.005393,0.091471,-0.0005432,0.0000913,-0.0000091,0.9999999
1788232625715552000,OK,1,0,15.7135,0.2725,0,2411,0,-0.001700,0.004581,0.094914,-0.0007511,-0.0000385,0.0000926,0.9999997
1788232625748887552,OK,1,0,14.9348,0.292958,0,2383,0,-0.002097,0.004834,0.098300,-0.0008583,-0.0000696,0.0000382,0.9999996
1788232625782221568,OK,1,0,14.9907,0.3525,0,2369,0,-0.002068,0.006102,0.101821,-0.0009156,-0.0000507,-0.0000533,0.9999996
1788232625815556864,OK,1,0,14.381,0.287542,0,2329,0,-0.001652,0.006154,0.105435,-0.0010966,-0.0000593,-0.0001417,0.9999994
1788232625848892160,OK,1,0,15.0031,0.359083,0,2302,0,-0.001106,0.005430,0.108938,-0.0011935,-0.0001274,0.0000509,0.9999993
1788232625882227200,OK,1,0,14.4834,0.267,0,2337,0,-0.001659,0.004963,0.110899,-0.0012453,0.0000082,0.0001316,0.9999992
1788232625915562496,OK,1,0,15.6116,0.351625,0,2332,0,-0.000966,0.007068,0.115493,-0.0010242,0.0000293,0.0001186,0.9999995
1788232625948897792,OK,1,0,15.1609,0.276542,0,2309,0,-0.001232,0.006113,0.117654,-0.0010087,0.0000448,0.0002545,0.9999995
1788232625982232576,OK,1,0,14.801,0.269125,0,2287,0,-0.001418,0.005695,0.120397,-0.0009640,0.0000456,0.0002941,0.9999995
1788232626015567872,OK,1,0,14.4185,0.279875,0,2308,0,-0.002032,0.006137,0.122983,-0.0009412,0.0001001,0.0002280,0.9999995
1788232626048902912,OK,1,0,14.8395,0.266375,0,2318,0,-0.000917,0.006811,0.126775,-0.0008166,-0.0000024,0.0002427,0.9999996
1788232626082246912,OK,1,0,14.8072,0.334125,0,2305,0,-0.002010,0.007319,0.129256,-0.0007823,0.0000259,-0.0000698,0.9999997
1788232626115590912,OK,1,0,14.7993,0.264125,0,2285,0,-0.001920,0.006884,0.132510,-0.0008851,-0.0000095,0.0000233,0.9999996
1788232626148934912,OK,1,0,14.5527,0.273541,0,2266,0,-0.000792,0.006698,0.136193,-0.0010085,-0.0000942,0.0001949,0.9999995
1788232626182278912,OK,1,0,14.8116,0.271,0,2287,0,-0.001125,0.007338,0.140392,-0.0010360,-0.0001445,0.0001708,0.9999995
1788232626215621888,OK,1,0,14.5364,0.272416,0,2270,0,-0.001825,0.007768,0.143454,-0.0009456,-0.0001241,0.0002136,0.9999995
1788232626248965888,OK,1,0,14.8047,0.2915,0,2286,0,0.000509,0.008181,0.147559,-0.0008789,-0.0003041,0.0003136,0.9999995
1788232626282309888,OK,1,0,14.9946,0.272083,0,2252,0,-0.000305,0.008082,0.150457,-0.0007104,-0.0002387,0.0003429,0.9999997
1788232626315654144,OK,1,0,14.3843,0.342084,0,2263,0,0.000349,0.006822,0.152505,-0.0006000,-0.0002589,0.0004474,0.9999997
1788232626348998144,OK,1,0,14.3946,0.268834,0,2236,0,-0.000778,0.008918,0.155734,-0.0001719,-0.0002084,0.0003432,0.9999999
1788232626382342144,OK,1,0,14.5352,0.357333,0,2257,0,0.000046,0.007819,0.158091,-0.0000856,-0.0003768,0.0003779,0.9999999
1788232626415686400,OK,1,0,14.6931,0.264792,0,2242,0,-0.000233,0.008714,0.160586,0.0001838,-0.0003615,0.0003883,0.9999999
1788232626449030400,OK,1,0,14.3082,0.261291,0,2260,0,-0.000592,0.008192,0.163459,0.0001682,-0.0002972,0.0004637,0.9999999
1788232626482374400,OK,1,0,14.8515,0.259584,0,2201,0,-0.001975,0.007923,0.166661,0.0002199,-0.0001817,0.0004727,0.9999998
1788232626515718656,OK,1,0,14.9673,0.340833,0,2188,0,-0.001408,0.008065,0.169098,0.0003054,-0.0002900,0.0005664,0.9999998
1788232626549062656,OK,1,0,14.312,0.328125,0,2201,0,-0.000278,0.008621,0.173308,0.0004351,-0.0003293,0.0006668,0.9999996
1788232626582406912,OK,1,0,14.11,0.27725,0,2165,0,-0.001118,0.008304,0.175090,0.0004461,-0.0001435,0.0008222,0.9999996
1788232626615751168,OK,1,0,14.744,0.305,0,2164,0,0.000887,0.008601,0.179066,0.0005623,-0.0002448,0.0009592,0.9999993
1788232626649094400,OK,1,0,14.2125,0.275541,0,2170,0,0.001162,0.009066,0.182484,0.0005845,-0.0002883,0.0011412,0.9999992
1788232626682438656,OK,1,0,14.2087,0.269209,0,2189,0,-0.000819,0.008885,0.183282,0.0006491,0.0000428,0.0012240,0.9999990
1788232626715782912,OK,1,0,14.5961,0.2735,0,2165,0,0.000832,0.009271,0.187358,0.0007487,-0.0000043,0.0012671,0.9999989
1788232626749127168,OK,1,0,14.1205,0.367167,0,2156,0,0.000086,0.009721,0.190545,0.0008816,0.0000488,0.0011251,0.9999990
1788232626782471424,OK,1,0,14.6022,0.273209,0,2128,0,0.001226,0.010914,0.194028,0.0010846,-0.0000853,0.0010813,0.9999989
1788232626815815680,OK,1,0,14.419,0.274541,0,2141,0,0.000501,0.009650,0.196673,0.0010807,0.0000247,0.0011099,0.9999988
1788232626849160192,OK,1,0,14.0449,0.267542,0,2114,0,0.002365,0.009240,0.200570,0.0010818,-0.0001308,0.0012455,0.9999986
1788232626882504448,OK,1,0,14.7078,0.30875,0,2128,0,0.000442,0.008693,0.202780,0.0012004,-0.0000278,0.0012260,0.9999986
1788232626915848960,OK,1,0,14.0268,0.279,0,2147,0,0.000425,0.009331,0.206193,0.0012431,0.0000267,0.0012612,0.9999985
1788232626949193216,OK,1,0,13.9204,0.263125,0,2112,0,0.001340,0.009725,0.210214,0.0011454,-0.0000470,0.0013015,0.9999985
1788232626982537472,OK,1,0,13.931,0.266959,0,2098,0,0.000367,0.009825,0.213160,0.0010370,0.0000596,0.0013977,0.9999985
1788232627015881728,OK,1,0,14.3487,0.264417,0,2141,0,0.000755,0.009638,0.215972,0.0010000,0.0000324,0.0014930,0.9999984
1788232627049226240,OK,1,0,14.3558,0.268167,0,2148,0,0.001492,0.010707,0.219168,0.0011703,-0.0000607,0.0015172,0.9999982
1788232627082571008,OK,1,0,14.7018,0.266166,0,2148,0,-0.000162,0.010130,0.222429,0.0013417,0.0000787,0.0015058,0.9999980
1788232627115914752,OK,1,0,14.4693,0.272541,0,2102,0,0.002006,0.010208,0.226191,0.0015245,-0.0000919,0.0014101,0.9999979
1788232627149259520,OK,1,0,14.1612,0.269125,0,2040,0,0.000881,0.011278,0.229264,0.0017048,-0.0000708,0.0012953,0.9999977
1788232627182604544,OK,1,0,14.1602,0.26175,0,2108,0,0.000594,0.009903,0.233255,0.0015629,-0.0000678,0.0013431,0.9999979
1788232627215949312,OK,1,0,13.7263,0.269208,0,2095,0,0.000914,0.009921,0.236923,0.0014272,-0.0000911,0.0013126,0.9999982
1788232627249293824,OK,1,0,14.3308,0.327583,0,2106,0,0.000080,0.010951,0.240504,0.0012590,-0.0000618,0.0013814,0.9999983
1788232627282638592,OK,1,0,14.0621,0.264375,0,2095,0,0.000186,0.012097,0.245117,0.0014178,0.0000636,0.0014342,0.9999980
1788232627315983616,OK,1,0,13.925,0.266667,0,2084,0,0.003395,0.012586,0.250497,0.0016018,-0.0001022,0.0016414,0.9999974
1788232627349328384,OK,1,0,14.5233,0.2625,0,2074,0,0.002499,0.011842,0.254157,0.0015402,0.0000648,0.0017258,0.9999973
1788232627382673152,OK,1,0,13.8915,0.329958,0,2090,0,0.001823,0.011226,0.257819,0.0015749,0.0001304,0.0017785,0.9999972
1788232627416017920,OK,1,0,14.3027,0.281958,0,2093,0,0.000928,0.012524,0.261528,0.0018503,0.0002145,0.0014859,0.9999972
1788232627449362688,OK,1,0,14.1886,0.3375,0,2083,0,0.002653,0.011944,0.267258,0.0016046,0.0000405,0.0014864,0.9999976
1788232627482707456,OK,1,0,13.5712,0.267458,0,2020,0,-0.000828,0.012736,0.271636,0.0014528,0.0001777,0.0011379,0.9999983
1788232627516052224,OK,1,0,13.8793,0.278041,0,2035,0,0.001171,0.012972,0.277743,0.0012470,-0.0000199,0.0010637,0.9999987
1788232627549396224,OK,1,0,13.818,0.285292,0,2016,0,-0.000127,0.013187,0.281203,0.0010755,0.0001020,0.0010186,0.9999989
1788232627582740992,OK,1,0,13.9663,0.26625,0,2048,0,0.002169,0.013770,0.287984,0.0008696,-0.0000672,0.0012127,0.9999989
1788232627616085760,OK,1,0,13.7615,0.357417,0,2060,0,0.002259,0.015548,0.292494,0.0011939,-0.0000907,0.0012411,0.9999985
1788232627649430784,OK,1,0,14.1265,0.276542,0,2002,0,0.001272,0.014493,0.295906,0.0013669,-0.0000465,0.0012284,0.9999983
1788232627682775296,OK,1,0,14.0822,0.26725,0,2011,0,0.000069,0.014737,0.300407,0.0013378,0.0000212,0.0011785,0.9999985
1788232627716120064,OK,1,0,13.8788,0.263666,0,2038,0,0.000405,0.014555,0.304660,0.0011069,-0.0000872,0.0010225,0.9999989
1788232627749465088,OK,1,0,13.8032,0.331083,0,2011,0,-0.001468,0.016136,0.309901,0.0011604,-0.0001100,0.0006306,0.9999992
1788232627782809856,OK,1,0,13.6788,0.256708,0,1989,0,-0.001140,0.016193,0.315898,0.0009424,-0.0000911,0.0007337,0.9999993
1788232627816154880,OK,1,0,13.541,0.268959,0,1993,0,-0.000871,0.016390,0.320758,0.0007847,0.0001205,0.0009933,0.9999992
1788232627849499392,OK,1,0,13.6157,0.280375,0,2013,0,0.000178,0.017046,0.326360,0.0007832,0.0001622,0.0012802,0.9999989
1788232627882844416,OK,1,0,14.1751,0.266292,0,1962,0,0.000781,0.016669,0.329977,0.0008157,0.0001703,0.0014952,0.9999986
1788232627916189184,OK,1,0,13.9274,0.271208,0,1983,0,-0.000277,0.015066,0.333639,0.0007034,0.0001685,0.0014348,0.9999987
1788232627949533952,OK,1,0,14.3613,0.298125,0,1973,0,-0.000539,0.016665,0.338136,0.0007600,0.0001702,0.0011083,0.9999991
1788232627982877952,OK,1,0,14.1227,0.307083,0,1960,0,-0.000383,0.018169,0.344735,0.0008298,0.0000666,0.0006736,0.9999995
1788232628016222720,OK,1,0,13.7934,0.318542,0,1956,0,-0.000656,0.018008,0.351721,0.0004557,-0.0000926,0.0007535,0.9999996
1788232628049567744,OK,1,0,13.4641,0.290334,0,1943,0,-0.000342,0.019165,0.357385,0.0001456,-0.0000131,0.0006529,0.9999998
1788232628082902016,OK,1,0,13.5669,0.298625,0,1939,0,0.001600,0.017716,0.362684,-0.0002025,-0.0000228,0.0011677,0.9999993
1788232628116236800,OK,1,0,13.0975,0.288958,0,1944,0,0.000633,0.018222,0.367162,-0.0003353,0.0002192,0.0013612,0.9999990
1788232628149571328,OK,1,0,13.4887,0.276709,0,1919,0,-0.000014,0.019100,0.371632,-0.0003004,0.0003115,0.0013739,0.9999990
1788232628182905856,OK,1,0,13.4361,0.269917,0,1965,0,-0.000700,0.020210,0.375676,-0.0001276,0.0002458,0.0009996,0.9999995
1788232628216240128,OK,1,0,13.4272,0.271458,0,1923,0,-0.002011,0.019471,0.380956,-0.0001144,0.0001611,0.0006177,0.9999998
1788232628249574400,OK,1,0,13.8123,0.281083,0,1918,0,-0.001271,0.019602,0.386234,-0.0001359,0.0001076,0.0006056,0.9999998
1788232628282908928,OK,1,0,13.2699,0.271167,0,1892,0,-0.002301,0.020338,0.390990,-0.0001285,0.0003224,0.0007091,0.9999997
1788232628316243200,OK,1,0,13.4024,0.27525,0,1859,0,-0.001093,0.020156,0.394883,-0.0003761,0.0004454,0.0011312,0.9999992
1788232628349577472,OK,1,0,13.578,0.268875,0,1854,0,0.001453,0.021062,0.400798,-0.0004162,0.0003341,0.0013780,0.9999989
1788232628382911488,OK,1,0,13.305,0.273875,0,1875,0,-0.001006,0.022636,0.405002,-0.0002843,0.0005492,0.0014663,0.9999987
1788232628416245504,OK,1,0,13.2624,0.287167,0,1835,0,-0.000623,0.023064,0.410574,-0.0002713,0.0004584,0.0012539,0.9999990
1788232628449578496,OK,1,0,13.1999,0.271166,0,1855,0,-0.001523,0.021094,0.415366,-0.0004115,0.0004660,0.0009635,0.9999993
1788232628482912512,OK,1,0,12.744,0.275875,0,1810,0,-0.001145,0.020804,0.420337,-0.0005901,0.0004524,0.0007957,0.9999995
1788232628516246528,OK,1,0,12.8802,0.321375,0,1824,0,-0.000775,0.021769,0.426190,-0.0006400,0.0003484,0.0009367,0.9999993
1788232628549580544,OK,1,0,13.2136,0.2605,0,1815,0,-0.001098,0.022168,0.431737,-0.0006700,0.0004997,0.0010308,0.9999992
1788232628582914304,OK,1,0,13.4321,0.264708,0,1781,0,-0.002457,0.023909,0.435659,-0.0005363,0.0006985,0.0011473,0.9999990
1788232628616248064,OK,1,0,13.0434,0.268708,0,1809,0,-0.002555,0.025118,0.442429,-0.0004660,0.0007234,0.0011886,0.9999989
1788232628649581824,OK,1,0,13.2698,0.365625,0,1785,0,-0.000154,0.024486,0.446273,-0.0005297,0.0004862,0.0010935,0.9999992
1788232628682915584,OK,1,0,12.5658,0.271667,0,1792,0,0.001242,0.025470,0.452664,-0.0004019,0.0002437,0.0007292,0.9999996
1788232628716249088,OK,1,0,12.9472,0.275334,0,1772,0,-0.003980,0.024880,0.457363,-0.0004067,0.0005008,0.0003239,0.9999998
1788232628749582592,OK,1,0,12.9273,0.344125,0,1782,0,-0.003217,0.023815,0.461568,-0.0003528,0.0004836,0.0002255,0.9999998
1788232628782916096,OK,1,0,13.0164,0.263625,0,1782,0,-0.000313,0.023039,0.466694,-0.0002650,0.0005215,0.0006932,0.9999996
1788232628816249600,OK,1,0,12.9571,0.275333,0,1757,0,-0.001615,0.023654,0.471967,-0.0000341,0.0007389,0.0009377,0.9999993
1788232628849583104,OK,1,0,12.9552,0.242459,0,1724,0,0.001648,0.023206,0.476394,0.0003546,0.0005353,0.0011092,0.9999992
1788232628882915328,OK,1,0,12.913,0.266,0,1717,0,-0.000727,0.024677,0.480122,0.0006857,0.0008020,0.0007192,0.9999992
1788232628916248576,OK,1,0,12.6336,0.258666,0,1727,0,-0.001604,0.022876,0.485839,0.0004711,0.0007356,0.0004994,0.9999995
1788232628949581824,OK,1,0,12.9135,0.317583,0,1701,0,-0.003305,0.023104,0.490031,0.0003655,0.0006867,0.0001442,0.9999997
1788232628982915072,OK,1,0,12.4385,0.332208,0,1722,0,-0.004422,0.024187,0.497411,0.0003929,0.0007971,-0.0000111,0.9999996
1788232629016248320,OK,1,0,12.8987,0.339958,0,1716,0,-0.001016,0.026362,0.503108,0.0003115,0.0007425,0.0002653,0.9999996
1788232629049581312,OK,1,0,12.7799,0.25225,0,1687,0,-0.002162,0.026999,0.509952,0.0003575,0.0008163,0.0004861,0.9999995
1788232629082916096,OK,1,0,12.5434,0.321042,0,1664,0,-0.003626,0.025085,0.513327,0.0005436,0.0009404,0.0005286,0.9999993
1788232629116250368,OK,1,0,13.04,0.266375,0,1684,0,-0.002402,0.026831,0.519541,0.0009086,0.0008782,0.0003256,0.9999992
1788232629149584896,OK,1,0,13.0801,0.348042,0,1710,0,-0.004549,0.028505,0.524020,0.0008692,0.0009692,-0.0000041,0.9999992
1788232629182919424,OK,1,0,12.9486,0.306,0,1666,0,-0.003899,0.028753,0.530429,0.0007904,0.0007507,-0.0002146,0.9999994
1788232629216253952,OK,1,0,13.0182,0.258375,0,1672,0,-0.004136,0.024902,0.535586,0.0004234,0.0008733,-0.0003923,0.9999995
1788232629249588224,OK,1,0,12.6977,0.2715,0,1677,0,-0.004413,0.026022,0.540167,0.0004924,0.0011127,-0.0001909,0.9999992
1788232629282922240,OK,1,0,13.1182,0.317041,0,1671,0,-0.002595,0.025921,0.548155,0.0003743,0.0010074,0.0000482,0.9999995
1788232629316255488,OK,1,0,12.6768,0.346375,0,1670,0,-0.002252,0.027262,0.554978,0.0004645,0.0008334,0.0000799,0.9999995
1788232629349589760,OK,1,0,12.9104,0.3105,0,1644,0,-0.003888,0.027139,0.559559,0.0003449,0.0009221,0.0001314,0.9999995
1788232629382923776,OK,1,0,12.7879,0.261167,0,1634,0,-0.003738,0.027915,0.565304,0.0002216,0.0009421,-0.0001096,0.9999995
1788232629416258048,OK,1,0,12.8294,0.269042,0,1623,0,-0.004993,0.027098,0.570792,-0.0001768,0.0010009,-0.0001541,0.9999995
1788232629449592064,OK,1,0,12.2812,0.338875,0,1601,0,-0.003509,0.030046,0.581541,-0.0000982,0.0008650,-0.0000854,0.9999996
1788232629482926080,OK,1,0,12.5652,0.260458,0,1627,0,-0.004473,0.029948,0.586498,-0.0000704,0.0010105,0.0001088,0.9999995
1788232629516259840,OK,1,0,12.7263,0.268083,0,1631,0,-0.005660,0.030468,0.590804,-0.0000594,0.0012019,-0.0000816,0.9999993
1788232629549593856,OK,1,0,12.667,0.26925,0,1620,0,-0.003667,0.030205,0.596318,-0.0001567,0.0009082,-0.0002270,0.9999996
1788232629582927616,OK,1,0,12.4878,0.331042,0,1625,0,-0.004648,0.032004,0.599632,-0.0000137,0.0009100,-0.0004027,0.9999995
1788232629616261120,OK,1,0,12.4697,0.28475,0,1611,0,-0.005005,0.032451,0.608733,0.0000302,0.0010161,-0.0003414,0.9999995
1788232629649594880,OK,1,0,12.2963,0.262959,0,1584,0,-0.006628,0.030470,0.612379,-0.0000121,0.0012515,-0.0003352,0.9999992
1788232629682928384,OK,1,0,12.114,0.274875,0,1556,0,-0.008956,0.031477,0.618075,0.0001118,0.0013521,-0.0003584,0.9999990
1788232629716261888,OK,1,0,12.1432,0.274042,0,1561,0,-0.005291,0.031995,0.627346,0.0001183,0.0010387,-0.0004199,0.9999994
1788232629749595392,OK,1,0,12.4018,0.264917,0,1588,0,-0.006490,0.030879,0.631827,0.0000386,0.0011996,-0.0004549,0.9999992
1788232629782927872,OK,1,0,12.0914,0.321375,0,1579,0,-0.007222,0.032759,0.637801,0.0001570,0.0011501,-0.0004512,0.9999992
1788232629816261376,OK,1,0,12.6723,0.273834,0,1546,0,-0.003957,0.033683,0.641425,0.0000115,0.0009450,-0.0000647,0.9999996
1788232629849594624,OK,1,0,12.1265,0.343208,0,1527,0,-0.001677,0.036015,0.650241,0.0001363,0.0007882,0.0001137,0.9999997
1788232629882927872,OK,1,0,12.0891,0.338917,0,1523,0,-0.004828,0.036005,0.654733,0.0002769,0.0011054,0.0001940,0.9999993
1788232629916261120,OK,1,0,12.1392,0.270541,0,1551,0,-0.003674,0.035367,0.660464,0.0003174,0.0010236,0.0004203,0.9999993
1788232629949594368,OK,1,0,12.0058,0.283875,0,1543,0,-0.005964,0.033989,0.665607,0.0002185,0.0010833,0.0004141,0.9999993
1788232629982927616,OK,1,0,11.8791,0.2715,0,1557,0,-0.006493,0.035765,0.672923,0.0004219,0.0010253,0.0003066,0.9999993
1788232630016260864,OK,1,0,12.0749,0.267833,0,1495,0,-0.007213,0.034709,0.677158,0.0003644,0.0011563,0.0001613,0.9999993
1788232630049593856,OK,1,0,11.7757,0.359917,0,1517,0,-0.006511,0.035100,0.684318,0.0003770,0.0012493,0.0002769,0.9999991
1788232630082928640,OK,1,0,12.3284,0.268125,0,1492,0,-0.003300,0.035647,0.690957,0.0002376,0.0009917,0.0006131,0.9999993
1788232630116263680,OK,1,0,12.0475,0.274958,0,1505,0,-0.005595,0.038060,0.695631,0.0004565,0.0011992,0.0004444,0.9999991
1788232630149598464,OK,1,0,11.8477,0.261792,0,1487,0,-0.005482,0.034202,0.699294,-0.0000130,0.0011897,0.0005557,0.9999992
1788232630182932992,OK,1,0,11.9205,0.27175,0,1486,0,-0.005676,0.035919,0.706434,-0.0000112,0.0012387,0.0004541,0.9999992
1788232630216266752,OK,1,0,11.8972,0.344375,0,1484,0,-0.003916,0.032576,0.711407,-0.0004213,0.0012150,0.0006282,0.9999990
1788232630249601536,OK,1,0,11.9515,0.261875,0,1465,0,-0.009742,0.035448,0.717332,-0.0003056,0.0017084,0.0005958,0.9999983
1788232630282936064,OK,1,0,11.7458,0.341834,0,1478,0,-0.005701,0.037726,0.725903,-0.0002754,0.0013742,0.0008318,0.9999987
1788232630316270848,OK,1,0,12.2275,0.264291,0,1461,0,-0.003990,0.039420,0.731534,-0.0001216,0.0013026,0.0010387,0.9999986
1788232630349605120,OK,1,0,12.3513,0.279167,0,1459,0,-0.003193,0.041017,0.738810,0.0001754,0.0012891,0.0009883,0.9999987
1788232630382939648,OK,1,0,12.2103,0.28125,0,1471,0,-0.004227,0.040029,0.741346,0.0001179,0.0012669,0.0006935,0.9999990
1788232630416273920,OK,1,0,12.0013,0.317,0,1470,0,-0.006096,0.041147,0.748358,0.0001739,0.0013083,0.0007887,0.9999988
1788232630449608448,OK,1,0,12.2718,0.276333,0,1461,0,-0.007717,0.041962,0.756728,0.0002513,0.0015730,0.0007070,0.9999985
1788232630482942720,OK,1,0,11.9392,0.27125,0,1914,0,-0.008952,0.039275,0.762037,-0.0000485,0.0018736,0.0008585,0.9999979
1788232630516276736,OK,1,0,13.1547,0.27425,0,1943,0,-0.009951,0.042021,0.766222,0.0002065,0.0019383,0.0008589,0.9999977
1788232630549611008,OK,1,0,13.2188,0.291083,0,1752,0,-0.011349,0.042276,0.771876,0.0002654,0.0020779,0.0006450,0.9999976
1788232630582945280,OK,1,0,12.8067,0.307291,0,1944,0,0.008684,0.040841,0.777430,-0.0000041,0.0001391,0.0011967,0.9999993
1788232630616279296,OK,1,0,12.0947,0.341625,0,1865,0,0.008874,0.042442,0.783876,0.0000529,0.0001486,0.0010467,0.9999995
1788232630649612288,OK,1,0,12.805,0.286708,0,1835,0,0.009005,0.042925,0.789780,-0.0000159,0.0001740,0.0010237,0.9999995
1788232630682946304,OK,1,0,11.9942,0.338,0,1810,0,0.007878,0.042697,0.795404,-0.0001243,0.0003100,0.0010254,0.9999994
1788232630716280320,OK,1,0,12.655,0.2645,0,1796,0,0.009115,0.042047,0.801653,-0.0001959,0.0002428,0.0010465,0.9999994
1788232630749614080,OK,1,0,11.8063,0.351042,0,1777,0,0.008886,0.043382,0.807017,0.0000619,0.0003224,0.0008302,0.9999996
1788232630782948096,OK,1,0,12.1679,0.2815,0,1780,0,0.008299,0.042565,0.811464,0.0000418,0.0002243,0.0005997,0.9999998
1788232630816281856,OK,1,0,12.0225,0.326,0,1742,0,0.006880,0.042368,0.817773,-0.0001477,0.0002293,0.0003432,0.9999999
1788232630849615360,OK,1,0,11.7376,0.356667,0,1758,0,0.007582,0.044329,0.823867,-0.0000331,0.0001871,0.0001682,1.0000000
1788232630882948864,OK,1,0,12.1532,0.267375,0,1731,0,0.006099,0.044588,0.830418,-0.0000400,0.0004815,0.0000964,0.9999999
1788232630916282624,OK,1,0,12.1517,0.262125,0,1711,0,0.006978,0.044734,0.837212,-0.0001698,0.0003980,0.0002541,0.9999999
1788232630949616128,OK,1,0,12.5679,0.311333,0,1668,0,0.007108,0.045053,0.843181,-0.0004490,0.0002723,0.0004055,0.9999998
1788232630982949632,OK,1,0,12.4142,0.297917,0,1653,0,0.006441,0.045977,0.850110,-0.0007402,0.0002349,0.0000666,0.9999997
1788232631016283136,OK,1,0,12.3853,0.307833,0,1897,0,0.007099,0.045908,0.857510,-0.0012477,0.0002606,0.0001186,0.9999992
1788232631049616384,OK,1,0,12.9352,0.320916,0,1962,0,0.006835,0.048101,0.864274,-0.0013669,0.0003345,0.0000328,0.9999990
1788232631082955008,OK,1,0,13.6911,0.315417,0,1990,0,0.000209,0.046587,0.871836,-0.0015269,0.0009468,-0.0000766,0.9999984
1788232631116292608,OK,1,0,13.2523,0.274083,0,1942,0,-0.000416,0.047363,0.878113,-0.0013950,0.0010835,-0.0000013,0.9999985
1788232631149630976,OK,1,0,12.8356,0.267833,0,1925,0,-0.001809,0.047224,0.882503,-0.0014320,0.0011102,-0.0003191,0.9999983
1788232631182969344,OK,1,0,12.5097,0.294708,0,1909,0,-0.002184,0.047142,0.889100,-0.0015776,0.0008697,-0.0005084,0.9999983
1788232631216307712,OK,1,0,12.4895,0.377708,0,1885,0,-0.004213,0.047823,0.895417,-0.0015589,0.0010689,-0.0008944,0.9999979
1788232631249646080,OK,1,0,12.7672,0.299833,0,1914,0,-0.002736,0.049667,0.902315,-0.0016111,0.0010223,-0.0009549,0.9999977
1788232631282984448,OK,1,0,13.0071,0.352167,0,1878,0,-0.002653,0.049322,0.909075,-0.0017720,0.0009406,-0.0009164,0.9999976
1788232631316322816,OK,1,0,12.2722,0.287375,0,1866,0,-0.001931,0.050780,0.916747,-0.0019997,0.0008451,-0.0009512,0.9999972
1788232631349661184,OK,1,0,12.3953,0.343917,0,1844,0,-0.002583,0.050774,0.923766,-0.0025119,0.0008718,-0.0010256,0.9999959
1788232631382999552,OK,1,0,12.4485,0.275667,0,1823,0,-0.003271,0.050712,0.930813,-0.0027412,0.0008555,-0.0009473,0.9999955
1788232631416337920,OK,1,0,11.8543,0.29225,0,1794,0,-0.002242,0.051724,0.937391,-0.0026103,0.0007939,-0.0009518,0.9999958
1788232631449676032,OK,1,0,12.2233,0.26275,0,1794,0,-0.002560,0.052099,0.942890,-0.0024961,0.0009309,-0.0008577,0.9999961
1788232631483014400,OK,1,0,12.5719,0.275,0,1793,0,-0.001612,0.051300,0.948255,-0.0022999,0.0008807,-0.0006384,0.9999968
1788232631516352768,OK,1,0,12.2735,0.292083,0,1785,0,-0.002237,0.051669,0.953956,-0.0020644,0.0008517,-0.0007953,0.9999972
1788232631549690112,OK,1,0,11.8002,0.274042,0,1768,0,-0.003477,0.050875,0.959765,-0.0020420,0.0007668,-0.0008548,0.9999973
1788232631583028480,OK,1,0,11.7698,0.280792,0,1744,0,-0.003443,0.051829,0.966512,-0.0019502,0.0006924,-0.0011194,0.9999973
1788232631616366592,OK,1,0,11.9545,0.276291,0,1734,0,-0.002311,0.052283,0.972392,-0.0019012,0.0006818,-0.0011082,0.9999974
1788232631649704960,OK,1,0,12.2923,0.31025,0,1705,0,-0.003119,0.053273,0.979399,-0.0019006,0.0009533,-0.0008907,0.9999974
1788232631683043584,OK,1,0,11.6836,0.270625,0,1687,0,-0.004629,0.052692,0.985102,-0.0021029,0.0010860,-0.0007641,0.9999969
1788232631716381952,OK,1,0,11.8182,0.271959,0,1689,0,-0.002710,0.053745,0.992442,-0.0021721,0.0008401,-0.0007446,0.9999970
1788232631749720064,OK,1,0,12.151,0.307709,0,1664,0,-0.003150,0.053936,0.998856,-0.0021531,0.0007075,-0.0009107,0.9999970
1788232631783058432,OK,1,0,12.2274,0.340375,0,1693,0,-0.004188,0.054175,1.005389,-0.0020540,0.0008163,-0.0009860,0.9999971
1788232631816396544,OK,1,0,11.7239,0.278083,0,1658,0,-0.003120,0.055044,1.013242,-0.0020647,0.0008494,-0.0009134,0.9999971
1788232631849734912,OK,1,0,12.0322,0.276625,0,1932,0,-0.001389,0.054583,1.020401,-0.0020983,0.0006352,-0.0008443,0.9999973
1788232631883073280,OK,1,0,12.587,0.292833,0,1952,0,-0.002285,0.055343,1.026232,-0.0020677,0.0006428,-0.0009343,0.9999973
1788232631916411392,OK,1,0,12.963,0.349708,0,1976,0,0.000027,0.057176,1.032424,-0.0021885,0.0003520,-0.0009575,0.9999971
1788232631949749760,OK,1,0,12.8795,0.278584,0,1918,0,-0.002268,0.056465,1.039496,-0.0024907,0.0005019,-0.0012632,0.9999960
1788232631983086848,OK,1,0,12.7845,0.297084,0,1882,0,-0.002129,0.058311,1.045947,-0.0024356,0.0006236,-0.0012345,0.9999961
1788232632016425216,OK,1,0,12.3817,0.271375,0,1899,0,-0.000297,0.058976,1.053217,-0.0026114,0.0006361,-0.0010331,0.9999959
1788232632049763328,OK,1,0,12.5454,0.282959,0,1873,0,-0.000290,0.058334,1.060852,-0.0029331,0.0005400,-0.0007468,0.9999953
1788232632083100672,OK,1,0,12.4162,0.272667,0,1855,0,0.000195,0.058486,1.068342,-0.0032105,0.0003331,-0.0007238,0.9999945
1788232632116437760,OK,1,0,12.6383,0.284167,0,1823,0,-0.001053,0.059571,1.074220,-0.0032790,0.0005377,-0.0008074,0.9999942
1788232632149774848,OK,1,0,12.6183,0.288875,0,1773,0,-0.000944,0.061110,1.082421,-0.0034049,0.0006449,-0.0008389,0.9999937
1788232632183111936,OK,1,0,12.2381,0.273833,0,1757,0,-0.000831,0.060682,1.087659,-0.0033616,0.0006784,-0.0007653,0.9999939
1788232632216449024,OK,1,0,12.4177,0.265083,0,1724,0,0.000908,0.061123,1.096135,-0.0033039,0.0004940,-0.0006619,0.9999942
1788232632249785856,OK,1,0,12.1236,0.268334,0,1696,0,0.001186,0.062932,1.103255,-0.0031461,0.0003870,-0.0009430,0.9999945
1788232632283122944,OK,1,0,12.1286,0.353,0,1684,0,0.000295,0.061342,1.109183,-0.0034233,0.0003189,-0.0011300,0.9999934
1788232632316460032,OK,1,0,12.039,0.268125,0,1662,0,-0.001439,0.063414,1.115217,-0.0032080,0.0004544,-0.0013121,0.9999939
1788232632349796864,OK,1,0,11.8675,0.280667,0,1688,0,-0.000005,0.061884,1.122747,-0.0035546,0.0004886,-0.0010737,0.9999930
1788232632383133696,OK,1,0,11.6873,0.334041,0,1666,0,0.002096,0.062918,1.131361,-0.0036105,0.0003194,-0.0007951,0.9999931
1788232632416470784,OK,1,0,12.18,0.285667,0,1677,0,0.002421,0.064369,1.137031,-0.0036387,0.0002086,-0.0008608,0.9999930
1788232632449806592,OK,1,0,12.0634,0.266375,0,1667,0,-0.000390,0.063206,1.143114,-0.0039984,0.0004553,-0.0008949,0.9999915
1788232632483143680,OK,1,0,12.1737,0.267333,0,1654,0,-0.000039,0.064089,1.148933,-0.0038984,0.0004337,-0.0008866,0.9999920
1788232632516480256,OK,1,0,11.5234,0.345875,0,1669,0,-0.001946,0.064921,1.155239,-0.0035979,0.0005301,-0.0008650,0.9999930
1788232632549817088,OK,1,0,12.1956,0.273375,0,1639,0,-0.000736,0.064364,1.162894,-0.0032879,0.0003271,-0.0006001,0.9999944
1788232632583153920,OK,1,0,12.2563,0.519,0,1613,0,0.000078,0.064129,1.168026,-0.0030776,0.0002498,-0.0006446,0.9999951
1788232632616490496,OK,1,0,12.6478,0.307417,0,1827,0,0.000872,0.065695,1.175205,-0.0027827,0.0001303,-0.0006050,0.9999959
1788232632649827072,OK,1,0,12.8522,0.297125,0,1853,0,-0.000389,0.066037,1.180545,-0.0026315,0.0002502,-0.0006233,0.9999963
1788232632683163904,OK,1,0,12.9214,0.379,0,1915,0,-0.002455,0.065958,1.183301,-0.0026369,0.0005523,-0.0003036,0.9999964
1788232632716500480,OK,1,0,12.1374,0.280125,0,1873,0,-0.001177,0.065622,1.190322,-0.0027651,0.0006457,0.0000063,0.9999960
1788232632749837056,OK,1,0,13.0426,0.328292,0,1874,0,-0.002455,0.066807,1.198075,-0.0027465,0.0008685,0.0000367,0.9999958
1788232632783173888,OK,1,0,12.3007,0.2725,0,1857,0,-0.000246,0.067715,1.205013,-0.0028099,0.0005438,0.0000537,0.9999959
1788232632816510464,OK,1,0,12.7361,0.269583,0,1797,0,-0.003530,0.067727,1.210977,-0.0028048,0.0008166,-0.0000803,0.9999958
1788232632849847040,OK,1,0,12.0764,0.356084,0,1764,0,-0.002066,0.068398,1.217742,-0.0027177,0.0007658,-0.0001067,0.9999960
1788232632883182336,OK,1,0,12.6015,0.269417,0,1774,0,0.000795,0.067051,1.224587,-0.0027896,0.0006058,0.0001939,0.9999959
1788232632916519168,OK,1,0,12.1788,0.318917,0,1753,0,-0.000446,0.068821,1.231229,-0.0024376,0.0005853,0.0000701,0.9999968
1788232632949855488,OK,1,0,12.0663,0.268583,0,1724,0,-0.001064,0.068752,1.237021,-0.0024288,0.0005634,-0.0000866,0.9999969
1788232632983191808,OK,1,0,11.6036,0.33975,0,1685,0,-0.001383,0.068767,1.244224,-0.0025782,0.0005492,-0.0002158,0.9999965
1788232633016528384,OK,1,0,11.6955,0.406667,0,1668,0,-0.003038,0.069563,1.249978,-0.0025102,0.0007252,-0.0003095,0.9999965
1788232633049864704,OK,1,0,11.6736,0.269666,0,1662,0,-0.001055,0.070254,1.257845,-0.0025106,0.0007453,-0.0000804,0.9999966
1788232633083206656,OK,1,0,11.6035,0.342375,0,1661,0,-0.000583,0.068467,1.264612,-0.0026431,0.0007926,0.0001221,0.9999962
1788232633116548096,OK,1,0,12.0976,0.27425,0,1640,0,-0.003039,0.070422,1.271136,-0.0025544,0.0008630,0.0000532,0.9999964
1788232633149889792,OK,1,0,11.7176,0.264666,0,1617,0,-0.001941,0.069589,1.278041,-0.0027519,0.0006325,-0.0001328,0.9999960
1788232633183231744,OK,1,0,11.8875,0.331,0,1609,0,-0.004175,0.069875,1.284072,-0.0028187,0.0008481,-0.0004785,0.9999956
1788232633216573184,OK,1,0,11.8407,0.284,0,1588,0,-0.004294,0.070628,1.290586,-0.0029842,0.0009197,-0.0004725,0.9999951
1788232633249915136,OK,1,0,11.2832,0.32825,0,1554,0,-0.002611,0.070882,1.296967,-0.0028852,0.0007566,-0.0003910,0.9999955
1788232633283256576,OK,1,0,11.06,0.332958,0,1573,0,-0.001797,0.071678,1.303531,-0.0027208,0.0006435,-0.0003716,0.9999960
1788232633316597504,OK,1,0,11.3262,0.269834,0,1556,0,-0.003696,0.072441,1.310192,-0.0027116,0.0006381,-0.0005264,0.9999960
1788232633349938944,OK,1,0,11.4908,0.273042,0,1559,0,-0.003652,0.071515,1.316939,-0.0026726,0.0006157,-0.0005195,0.9999961
1788232633383280640,OK,1,0,12.2249,0.305333,0,1563,0,-0.005361,0.070425,1.323437,-0.0026040,0.0009873,-0.0005105,0.9999960
1788232633416622336,OK,1,0,11.7253,0.314208,0,1566,0,-0.002715,0.071558,1.330826,-0.0023590,0.0008552,-0.0005314,0.9999967
1788232633449964032,OK,1,0,11.7119,0.279042,0,1543,0,-0.002745,0.071113,1.337115,-0.0024098,0.0007556,-0.0003576,0.9999967
1788232633483305728,OK,1,0,11.2643,0.276625,0,1542,0,-0.005044,0.072000,1.343694,-0.0023335,0.0008718,-0.0005976,0.9999967
1788232633516647424,OK,1,0,11.5704,0.273417,0,1766,0,-0.004976,0.071445,1.349257,-0.0026603,0.0010459,-0.0005372,0.9999958
1788232633549989120,OK,1,0,11.766,0.289416,0,1697,0,-0.003511,0.072764,1.357593,-0.0028479,0.0008683,-0.0005907,0.9999954
1788232633583330816,OK,1,0,12.3343,0.288084,0,1721,0,-0.000869,0.074744,1.367793,-0.0028433,0.0006807,-0.0003329,0.9999957
1788232633616672256,OK,1,0,12.1547,0.272666,0,1744,0,-0.002277,0.074550,1.374414,-0.0028492,0.0008296,-0.0002116,0.9999956
1788232633650013952,OK,1,0,12.0857,0.270708,0,1737,0,-0.001153,0.075327,1.381359,-0.0026820,0.0006106,-0.0005425,0.9999961
1788232633683355648,OK,1,0,11.5719,0.328667,0,1712,0,-0.002424,0.074635,1.388254,-0.0026292,0.0006014,-0.0007539,0.9999961
1788232633716697344,OK,1,0,11.9884,0.267,0,1657,0,-0.003047,0.073952,1.392589,-0.0024960,0.0008407,-0.0008173,0.9999962
1788232633750038784,OK,1,0,11.6168,0.318125,0,1630,0,-0.002849,0.076264,1.399256,-0.0019867,0.0010326,-0.0006961,0.9999973
1788232633783379712,OK,1,0,11.5905,0.262375,0,1640,0,-0.001990,0.075354,1.404970,-0.0019099,0.0008954,-0.0005781,0.9999976
1788232633816721152,OK,1,0,11.6511,0.319,0,1605,0,-0.000742,0.076947,1.413432,-0.0017337,0.0007277,-0.0004676,0.9999982
1788232633850062848,OK,1,0,11.4084,0.280625,0,1597,0,-0.002136,0.076568,1.419116,-0.0018223,0.0009557,-0.0007852,0.9999976
1788232633883404288,OK,1,0,11.574,0.347958,0,1602,0,-0.002850,0.077250,1.426021,-0.0018519,0.0010304,-0.0008791,0.9999974
1788232633916745728,OK,1,0,11.5124,0.33725,0,1635,0,-0.002997,0.077255,1.432706,-0.0018696,0.0010103,-0.0008307,0.9999974
1788232633950087680,OK,1,0,11.7998,0.274084,0,1578,0,-0.002447,0.077460,1.439647,-0.0018996,0.0009645,-0.0007806,0.9999974
1788232633983429120,OK,1,0,12.3313,0.299292,0,1581,0,-0.004315,0.077934,1.445063,-0.0016297,0.0011136,-0.0010741,0.9999975
1788232634016770816,OK,1,0,11.7065,0.35975,0,1545,0,-0.003447,0.075678,1.452169,-0.0016473,0.0008813,-0.0009645,0.9999978
1788232634050112256,OK,1,0,11.3122,0.283125,0,1558,0,-0.005044,0.078509,1.457065,-0.0008707,0.0011243,-0.0012926,0.9999982
1788232634083449600,OK,1,0,11.2697,0.339667,0,1541,0,-0.005245,0.078351,1.462591,-0.0004553,0.0013029,-0.0012409,0.9999983
1788232634116787200,OK,1,0,11.3212,0.2665,0,1521,0,-0.003015,0.077540,1.468966,-0.0001313,0.0012555,-0.0008275,0.9999989
1788232634150124544,OK,1,0,12.6685,0.33025,0,1507,0,-0.003764,0.077137,1.473608,0.0001146,0.0013196,-0.0009355,0.9999987
1788232634183461888,OK,1,0,11.9985,0.336375,0,1489,0,-0.004376,0.076623,1.482290,0.0001040,0.0012569,-0.0010384,0.9999987
1788232634216798208,OK,1,0,11.3768,0.398209,0,1484,0,-0.005734,0.077372,1.486820,0.0003828,0.0012718,-0.0013056,0.9999983
1788232634250135552,OK,1,0,11.4199,0.369292,0,1474,0,-0.008203,0.078030,1.492880,0.0006201,0.0016121,-0.0014603,0.9999974
1788232634283472640,OK,1,0,11.0635,0.265667,0,1447,0,-0.003940,0.080133,1.502355,0.0005528,0.0013545,-0.0011283,0.9999983
1788232634316809984,OK,1,0,10.9069,0.293,0,1458,0,-0.002260,0.077018,1.509545,0.0002178,0.0012544,-0.0010063,0.9999987
1788232634350147328,OK,1,0,11.2663,0.292042,0,1580,0,-0.007347,0.078200,1.513774,0.0005050,0.0016594,-0.0013414,0.9999976
1788232634383484416,OK,1,0,11.8314,0.31525,0,1636,0,-0.008788,0.079168,1.520429,0.0006111,0.0016190,-0.0015127,0.9999974
1788232634416821504,OK,1,0,12.2917,0.328083,0,1660,0,-0.004938,0.079823,1.529057,0.0008269,0.0013491,-0.0016517,0.9999974
1788232634450158592,OK,1,0,11.8174,0.323875,0,1623,0,-0.003072,0.079945,1.536712,0.0011461,0.0014043,-0.0016853,0.9999970
1788232634483495936,OK,1,0,12.048,0.334292,0,1600,0,-0.004784,0.077726,1.540829,0.0012107,0.0015678,-0.0016447,0.9999967
1788232634516833024,OK,1,0,11.1617,0.277958,0,1607,0,-0.007198,0.079924,1.548742,0.0013003,0.0016265,-0.0017999,0.9999962
1788232634550169856,OK,1,0,11.3664,0.351208,0,1607,0,-0.003019,0.081822,1.557330,0.0011981,0.0011386,-0.0017672,0.9999971
1788232634583507200,OK,1,0,11.6225,0.262125,0,1576,0,-0.004434,0.081020,1.564970,0.0007947,0.0013927,-0.0016342,0.9999974
1788232634616844032,OK,1,0,11.5462,0.338375,0,1594,0,-0.004807,0.081670,1.572264,0.0005545,0.0015404,-0.0016136,0.9999974
1788232634650180096,OK,1,0,11.3763,0.270166,0,1551,0,-0.004702,0.083233,1.579699,0.0005837,0.0015951,-0.0016308,0.9999973
1788232634683517184,OK,1,0,11.7033,0.286167,0,1554,0,-0.007015,0.083233,1.585152,0.0006346,0.0016905,-0.0018756,0.9999966
1788232634716854016,OK,1,0,11.5906,0.290208,0,1547,0,-0.007073,0.086752,1.591273,0.0010493,0.0015823,-0.0024065,0.9999953
1788232634750190848,OK,1,0,11.0782,0.281708,0,1528,0,-0.007083,0.084583,1.600446,0.0009153,0.0015956,-0.0023905,0.9999955
1788232634783527936,OK,1,0,11.4326,0.275667,0,1524,0,-0.004667,0.086207,1.608735,0.0014785,0.0014535,-0.0025523,0.9999946
1788232634816864768,OK,1,0,11.2192,0.277833,0,1540,0,-0.006192,0.085055,1.614070,0.0013364,0.0015425,-0.0025108,0.9999948
1788232634850201600,OK,1,0,11.8882,0.309125,0,1483,0,-0.005044,0.084089,1.621504,0.0011360,0.0012763,-0.0022676,0.9999960
1788232634883538688,OK,1,0,11.7801,0.310167,0,1539,0,-0.006108,0.083205,1.627613,0.0009088,0.0013316,-0.0023737,0.9999959
1788232634916875264,OK,1,0,11.5511,0.272417,0,1517,0,-0.005238,0.086158,1.636031,0.0011142,0.0012913,-0.0024040,0.9999956
1788232634950212096,OK,1,0,11.3867,0.283416,0,1465,0,-0.006222,0.086070,1.643618,0.0008558,0.0014550,-0.0021822,0.9999962
1788232634983548928,OK,1,0,10.9182,0.265917,0,1477,0,-0.007261,0.085935,1.647518,0.0010143,0.0016809,-0.0019549,0.9999962
1788232635016885504,OK,1,0,10.8765,0.256208,0,1484,0,-0.006321,0.084952,1.653864,0.0009836,0.0015189,-0.0016122,0.9999971
1788232635050222336,OK,1,0,10.9683,0.272667,0,1457,0,-0.010438,0.083510,1.657285,0.0009686,0.0017387,-0.0020259,0.9999959
1788232635083566080,OK,1,0,10.7362,0.315542,0,1469,0,-0.008984,0.083797,1.665932,0.0011423,0.0017101,-0.0019912,0.9999959
1788232635116915456,OK,1,0,11.6287,0.329625,0,1591,0,-0.008946,0.085762,1.673007,0.0017144,0.0019431,-0.0020514,0.9999946
1788232635150265856,OK,1,0,11.697,0.297042,0,1635,0,-0.008392,0.085174,1.679587,0.0018298,0.0018299,-0.0019601,0.9999948
1788232635183616256,OK,1,0,12.2437,0.302417,0,1595,0,-0.007045,0.084786,1.687398,0.0016089,0.0016049,-0.0017333,0.9999959
1788232635216966656,OK,1,0,11.761,0.36975,0,1629,0,-0.006370,0.090643,1.698489,0.0022391,0.0015361,-0.0017475,0.9999948
1788232635250317056,OK,1,0,12.0807,0.348458,0,1626,0,-0.006383,0.091381,1.706783,0.0022506,0.0018190,-0.0014077,0.9999948
1788232635283667712,OK,1,0,11.5585,0.278416,0,1582,0,-0.005233,0.092156,1.716101,0.0018257,0.0017866,-0.0010763,0.9999962
1788232635317018368,OK,1,0,11.2166,0.275958,0,1560,0,-0.003276,0.092817,1.725625,0.0016665,0.0016705,-0.0010866,0.9999967
1788232635350369024,OK,1,0,11.7932,0.280292,0,1556,0,-0.005726,0.093345,1.733456,0.0017788,0.0017650,-0.0012693,0.9999961
1788232635383719936,OK,1,0,12.287,0.296709,0,1558,0,-0.007326,0.093997,1.739603,0.0016854,0.0017771,-0.0014315,0.9999960
1788232635417070848,OK,1,0,11.9005,0.325083,0,1501,0,-0.003516,0.096456,1.749701,0.0023218,0.0016856,-0.0015078,0.9999948
1788232635450421504,OK,1,0,11.4845,0.316167,0,1502,0,-0.007868,0.092623,1.753843,0.0026154,0.0021923,-0.0014049,0.9999932
1788232635483772672,OK,1,0,11.3999,0.364542,0,1510,0,-0.007105,0.092520,1.762158,0.0028219,0.0019351,-0.0012247,0.9999934
1788232635517123840,OK,1,0,11.5016,0.269167,0,1600,0,-0.007154,0.094145,1.770275,0.0028032,0.0019934,-0.0012177,0.9999933
1788232635550473984,OK,1,0,12.3724,0.305375,0,1660,0,-0.006371,0.093628,1.779413,0.0023077,0.0022521,-0.0009656,0.9999943
1788232635583824896,OK,1,0,12.5038,0.3055,0,1610,0,-0.004577,0.092577,1.787840,0.0020099,0.0021929,-0.0008112,0.9999952
1788232635617176320,OK,1,0,12.1732,0.288291,0,1663,0,-0.001386,0.097904,1.797280,0.0026189,0.0017232,-0.0009886,0.9999946
1788232635650527488,OK,1,0,11.6638,0.359167,0,1595,0,-0.004790,0.099195,1.804948,0.0025566,0.0018346,-0.0013225,0.9999942
1788232635683878912,OK,1,0,11.4812,0.308875,0,1592,0,-0.004941,0.099073,1.813048,0.0022358,0.0019898,-0.0017102,0.9999941
1788232635717230592,OK,1,0,11.1719,0.371791,0,1572,0,-0.004557,0.101599,1.821935,0.0028224,0.0020551,-0.0019409,0.9999920
1788232635750581760,OK,1,0,11.3835,0.271125,0,1564,0,-0.003270,0.101285,1.830789,0.0028360,0.0018130,-0.0019555,0.9999924
1788232635783933440,OK,1,0,11.8557,0.427834,0,1530,0,-0.005142,0.103081,1.839345,0.0025274,0.0018588,-0.0019983,0.9999931
1788232635817285120,OK,1,0,11.6245,0.286209,0,1513,0,-0.004276,0.100987,1.847980,0.0017799,0.0018958,-0.0016209,0.9999954
1788232635850636800,OK,1,0,11.3146,0.363959,0,1534,0,-0.002976,0.101595,1.858775,0.0015770,0.0020932,-0.0014382,0.9999955
1788232635883988480,OK,1,0,11.4603,0.287209,0,1513,0,-0.003591,0.104504,1.867035,0.0018202,0.0022210,-0.0016354,0.9999946
1788232635917340416,OK,1,0,11.6477,0.277958,0,1478,0,-0.003025,0.104199,1.876404,0.0014110,0.0019699,-0.0016819,0.9999956
1788232635950692352,OK,1,0,11.094,0.259042,0,1464,0,-0.004762,0.102729,1.883541,0.0007277,0.0020286,-0.0017354,0.9999962
1788232635984043264,OK,1,0,11.3587,0.348042,0,1460,0,-0.006771,0.100965,1.890580,0.0007203,0.0021727,-0.0021318,0.9999951
1788232636017395200,OK,1,0,10.6307,0.347792,0,1447,0,-0.007453,0.103609,1.897263,0.0013418,0.0022640,-0.0024714,0.9999935
1788232636050747392,OK,1,0,11.0953,0.262791,0,1444,0,-0.006872,0.101981,1.908075,0.0007028,0.0020376,-0.0024166,0.9999948
1788232636084093952,OK,1,0,10.8835,0.294583,0,1439,0,-0.007927,0.104146,1.916888,0.0003846,0.0020449,-0.0021591,0.9999955
1788232636117433344,OK,1,0,12.0012,0.316583,0,1554,0,-0.004461,0.107534,1.926878,0.0006665,0.0019700,-0.0018764,0.9999961
1788232636150772992,OK,1,0,11.2108,0.279084,0,1541,0,-0.004962,0.107377,1.934001,0.0008275,0.0021793,-0.0016057,0.9999960
1788232636184112384,OK,1,0,12.2544,0.326666,0,1509,0,-0.005354,0.106323,1.940797,0.0010307,0.0023056,-0.0015366,0.9999956
1788232636217451776,OK,1,0,11.7081,0.300417,0,1548,0,-0.002695,0.109339,1.952908,0.0011097,0.0019820,-0.0015495,0.9999962
1788232636250790912,OK,1,0,11.1473,0.271291,0,1508,0,-0.002640,0.106985,1.961676,0.0002968,0.0019628,-0.0016988,0.9999966
1788232636284130304,OK,1,0,11.2741,0.255208,0,1518,0,-0.001840,0.108396,1.968653,0.0007323,0.0019093,-0.0018792,0.9999962
1788232636317469696,OK,1,0,11.5858,0.334292,0,1478,0,-0.003602,0.110317,1.976947,0.0015053,0.0020132,-0.0019579,0.9999949
1788232636350809088,OK,1,0,11.4773,0.324583,0,1467,0,-0.003036,0.111363,1.985039,0.0012366,0.0018897,-0.0018767,0.9999957
1788232636384148480,OK,1,0,10.9678,0.381084,0,1510,0,-0.004082,0.111707,1.993052,0.0005654,0.0020529,-0.0017859,0.9999961
1788232636417488128,OK,1,0,11.4934,0.29125,0,1465,0,-0.005861,0.108424,1.999990,0.0000675,0.0023390,-0.0014783,0.9999962
1788232636450826496,OK,1,0,10.8672,0.347667,0,1455,0,-0.002816,0.112193,2.011695,0.0005489,0.0021270,-0.0015555,0.9999964
1788232636484165888,OK,1,0,10.9754,0.291333,0,1450,0,-0.003659,0.113188,2.021293,0.0003479,0.0021337,-0.0016248,0.9999964
1788232636517505024,OK,1,0,11.171,0.354584,0,1432,0,-0.002319,0.112827,2.030368,-0.0004738,0.0019117,-0.0016686,0.9999967
1788232636550844416,OK,1,0,10.5663,0.266209,0,1416,0,-0.000501,0.114644,2.040048,-0.0002466,0.0017704,-0.0018399,0.9999967
1788232636584183808,OK,1,0,11.1439,0.34775,0,1414,0,-0.003571,0.114043,2.045339,0.0000386,0.0021686,-0.0018864,0.9999959
1788232636617523456,OK,1,0,11.2308,0.351833,0,1375,0,-0.004222,0.113873,2.052487,-0.0004421,0.0022738,-0.0017415,0.9999958
1788232636650862848,OK,1,0,11.0137,0.29625,0,1407,0,-0.000491,0.115831,2.065854,-0.0010412,0.0018164,-0.0017485,0.9999963
1788232636684202240,OK,1,0,11.063,0.340209,0,1387,0,-0.001561,0.115798,2.073004,-0.0014316,0.0019839,-0.0013939,0.9999961
1788232636717541376,OK,1,0,10.898,0.27425,0,1391,0,-0.002390,0.112832,2.080825,-0.0017278,0.0022260,-0.0012920,0.9999952
1788232636750880768,OK,1,0,10.8023,0.27075,0,1382,0,-0.001712,0.114230,2.090476,-0.0016626,0.0021688,-0.0013145,0.9999954
1788232636784220416,OK,1,0,10.6706,0.269667,0,1370,0,-0.001486,0.116228,2.099790,-0.0020083,0.0019846,-0.0016658,0.9999946
1788232636817559808,OK,1,0,10.65,0.344458,0,1351,0,-0.004189,0.115518,2.107395,-0.0026815,0.0022327,-0.0017652,0.9999924
1788232636850899200,OK,1,0,10.6296,0.284916,0,1356,0,-0.001263,0.115737,2.116463,-0.0021777,0.0019992,-0.0017701,0.9999941
1788232636884237568,OK,1,0,10.6472,0.337958,0,1496,0,-0.004224,0.116275,2.122508,-0.0016358,0.0022666,-0.0018787,0.9999943
1788232636917577216,OK,1,0,11.386,0.284917,0,1500,0,-0.002707,0.119274,2.132865,-0.0017494,0.0019710,-0.0019057,0.9999948
1788232636950916608,OK,1,0,12.0647,0.312125,0,1500,0,-0.007206,0.119367,2.137515,-0.0019702,0.0024038,-0.0018217,0.9999935
1788232636984255744,OK,1,0,11.9454,0.294791,0,1518,0,-0.002418,0.122146,2.150359,-0.0012856,0.0019175,-0.0018930,0.9999955
1788232637017595136,OK,1,0,12.0584,0.305833,0,1498,0,-0.002204,0.121278,2.158021,-0.0009710,0.0016878,-0.0017313,0.9999966
1788232637050934784,OK,1,0,12.1925,0.314667,0,1500,0,-0.003262,0.121321,2.163939,-0.0011142,0.0015725,-0.0013578,0.9999973
1788232637084273408,OK,1,0,12.1213,0.320625,0,1470,0,-0.002186,0.123069,2.174731,-0.0013796,0.0016105,-0.0011150,0.9999971
1788232637117611008,OK,1,0,11.8434,0.292875,0,1473,0,0.000135,0.124010,2.184527,-0.0017177,0.0018884,-0.0008424,0.9999964
1788232637150948608,OK,1,0,11.5015,0.3445,0,1459,0,-0.000529,0.125643,2.190527,-0.0010823,0.0023764,-0.0008526,0.9999962
1788232637184286464,OK,1,0,11.0769,0.265125,0,1466,0,-0.000089,0.124325,2.196449,-0.0007894,0.0021519,-0.0008928,0.9999970
1788232637217624064,OK,1,0,10.9913,0.310625,0,1421,0,0.002920,0.126227,2.208060,-0.0008554,0.0015059,-0.0007668,0.9999982
1788232637250961408,OK,1,0,10.8406,0.339166,0,1415,0,-0.001504,0.126478,2.214727,-0.0010364,0.0021639,-0.0010584,0.9999965
1788232637284298752,OK,1,0,10.8667,0.279708,0,1415,0,-0.000691,0.124409,2.223161,-0.0012949,0.0021042,-0.0008718,0.9999966
1788232637317635328,OK,1,0,11.171,0.331375,0,1425,0,-0.001375,0.125779,2.231069,-0.0011935,0.0020342,-0.0008639,0.9999969
1788232637350972672,OK,1,0,10.9141,0.268666,0,1381,0,0.003005,0.125008,2.241468,-0.0018230,0.0016034,-0.0003904,0.9999970
1788232637384310016,OK,1,0,11.3345,0.308,0,1390,0,0.003031,0.126560,2.249844,-0.0017245,0.0021433,-0.0000412,0.9999962
1788232637417647360,OK,1,0,11.29,0.280083,0,1372,0,0.003361,0.127389,2.257380,-0.0009621,0.0024159,0.0000004,0.9999966
1788232637450984704,OK,1,0,11.034,0.355458,0,1374,0,0.004510,0.130481,2.265999,-0.0005417,0.0020062,-0.0004442,0.9999977
1788232637484322048,OK,1,0,10.8899,0.331708,0,1343,0,0.002320,0.128040,2.274406,-0.0014527,0.0019580,-0.0005316,0.9999969
1788232637517659136,OK,1,0,10.5361,0.256625,0,1328,0,0.003163,0.130918,2.285767,-0.0016639,0.0020897,-0.0007674,0.9999962
1788232637550996224,OK,1,0,10.3773,0.265583,0,1325,0,0.002210,0.132173,2.293999,-0.0017081,0.0021783,-0.0008088,0.9999958
1788232637584333568,OK,1,0,10.7192,0.337584,0,1339,0,0.002463,0.132008,2.303183,-0.0016951,0.0018200,-0.0005212,0.9999968
1788232637617670400,OK,1,0,10.8057,0.281959,0,1483,0,0.001841,0.130131,2.310894,-0.0022922,0.0016846,-0.0002548,0.9999959
1788232637651007488,OK,1,0,10.8441,0.288875,0,1465,0,0.005876,0.130431,2.321474,-0.0027115,0.0017017,0.0002390,0.9999949
1788232637684344576,OK,1,0,11.9498,0.3185,0,1440,0,0.003853,0.129800,2.326391,-0.0023798,0.0026326,0.0002070,0.9999937
1788232637717681664,OK,1,0,11.3346,0.32325,0,1461,0,0.007801,0.132578,2.339108,-0.0018062,0.0019037,0.0003581,0.9999965
1788232637751018496,OK,1,0,11.5161,0.277542,0,1459,0,0.007065,0.131703,2.347228,-0.0021613,0.0016064,0.0002548,0.9999964
1788232637784354304,OK,1,0,11.8015,0.299292,0,1426,0,0.007265,0.133273,2.356599,-0.0025843,0.0017450,0.0002822,0.9999951
1788232637817691136,OK,1,0,11.6559,0.33,0,1421,0,0.009925,0.133617,2.367437,-0.0028480,0.0017154,0.0004826,0.9999944
1788232637851027968,OK,1,0,11.6298,0.358542,0,1419,0,0.008580,0.133791,2.376713,-0.0029004,0.0016982,0.0005936,0.9999942
1788232637884364800,OK,1,0,10.625,0.346542,0,1400,0,0.010424,0.133848,2.387219,-0.0033124,0.0012507,0.0010739,0.9999932
1788232637917701376,OK,1,0,10.7824,0.292375,0,1393,0,0.012837,0.134149,2.396582,-0.0035976,0.0013460,0.0012085,0.9999919
1788232637951038208,OK,1,0,10.6434,0.358459,0,1376,0,0.010826,0.135041,2.402464,-0.0031006,0.0022565,0.0012375,0.9999919
1788232637984374784,OK,1,0,10.9905,0.264292,0,1399,0,0.012906,0.136616,2.412704,-0.0024953,0.0019057,0.0011475,0.9999944
1788232638017711360,OK,1,0,10.8567,0.265,0,1381,0,0.010673,0.135535,2.421591,-0.0028106,0.0016589,0.0011342,0.9999940
1788232638051048192,OK,1,0,10.8093,0.273792,0,1376,0,0.010724,0.136043,2.429108,-0.0030058,0.0019168,0.0012172,0.9999929
1788232638084391680,OK,1,0,10.9822,0.331041,0,1324,0,0.011580,0.137957,2.439002,-0.0027561,0.0021636,0.0009172,0.9999934
1788232638117744896,OK,1,0,10.9136,0.334917,0,1343,0,0.012982,0.136911,2.449737,-0.0029826,0.0017459,0.0012532,0.9999933
1788232638151098112,OK,1,0,10.7786,0.3515,0,1329,0,0.010572,0.138296,2.456938,-0.0027939,0.0015023,0.0013364,0.9999941
1788232638184451584,OK,1,0,10.8818,0.332625,0,1317,0,0.014237,0.137748,2.466972,-0.0028945,0.0013802,0.0015377,0.9999937
1788232638217804288,OK,1,0,11.345,0.299708,0,1435,0,0.015213,0.138309,2.475376,-0.0022946,0.0020188,0.0015817,0.9999941
1788232638251158016,OK,1,0,11.7125,0.335709,0,1446,0,0.014986,0.138511,2.481301,-0.0018366,0.0021797,0.0013711,0.9999950
1788232638284511744,OK,1,0,12.131,0.330916,0,1456,0,0.015201,0.138921,2.490203,-0.0016292,0.0016268,0.0013076,0.9999965
1788232638317865472,OK,1,0,11.6587,0.330167,0,1422,0,0.014901,0.140356,2.498372,-0.0013503,0.0018288,0.0010529,0.9999969
1788232638351219712,OK,1,0,11.6832,0.347917,0,1457,0,0.009574,0.137758,2.509730,-0.0016081,0.0027694,0.0009489,0.9999945
1788232638384573696,OK,1,0,10.858,0.280625,0,1424,0,0.010161,0.138049,2.518016,-0.0017552,0.0026829,0.0010649,0.9999943
1788232638417927936,OK,1,0,11.6036,0.288042,0,1419,0,0.007252,0.141940,2.526562,-0.0014833,0.0028164,0.0008070,0.9999946
1788232638451282432,OK,1,0,11.9742,0.3435,0,1508,0,0.007510,0.142935,2.535877,-0.0018053,0.0029169,0.0007073,0.9999939
1788232638484636928,OK,1,0,12.047,0.29925,0,1466,0,0.005521,0.141002,2.543312,-0.0018743,0.0033811,0.0005717,0.9999924
1788232638517991424,OK,1,0,12.542,0.30675,0,1466,0,0.006304,0.142430,2.551871,-0.0013273,0.0032419,0.0002457,0.9999939
1788232638551346176,OK,1,0,12.2374,0.331458,0,1443,0,0.004827,0.142718,2.560773,-0.0015833,0.0030837,0.0001422,0.9999940
1788232638584700928,OK,1,0,11.7209,0.301208,0,1531,0,0.009244,0.140545,2.571310,-0.0023021,0.0025282,0.0003371,0.9999941
1788232638618055936,OK,1,0,12.1356,0.299041,0,1554,0,0.010967,0.140470,2.581272,-0.0024804,0.0026291,0.0003727,0.9999934
1788232638651409920,OK,1,0,12.9401,0.335375,0,1471,0,0.008611,0.144241,2.591747,-0.0021956,0.0028652,0.0003388,0.9999934
1788232638684765184,OK,1,0,12.087,0.34525,0,1496,0,0.007420,0.143406,2.600442,-0.0028039,0.0028031,0.0000900,0.9999921
1788232638718120448,OK,1,0,12.0872,0.324834,0,1486,0,0.010736,0.144783,2.611038,-0.0031389,0.0024491,-0.0000016,0.9999921
1788232638751475712,OK,1,0,12.1562,0.319625,0,1458,0,0.009757,0.142671,2.619627,-0.0028803,0.0026664,-0.0001458,0.9999923
1788232638784831232,OK,1,0,11.8285,0.321292,0,1548,0,0.008812,0.145755,2.628353,-0.0020578,0.0025997,-0.0006427,0.9999943
1788232638818186752,OK,1,0,11.0307,0.291417,0,1559,0,0.009019,0.146118,2.637202,-0.0022212,0.0023188,-0.0006186,0.9999947
1788232638851542528,OK,1,0,12.2716,0.299167,0,1523,0,0.009001,0.146785,2.646209,-0.0023692,0.0024818,-0.0002797,0.9999941
1788232638884898560,OK,1,0,12.2553,0.321291,0,1477,0,0.009481,0.147482,2.655570,-0.0020725,0.0027126,-0.0000456,0.9999942
1788232638918254336,OK,1,0,11.4883,0.309625,0,1501,0,0.014358,0.150410,2.667002,-0.0015616,0.0019851,0.0001388,0.9999968
1788232638951610368,OK,1,0,11.1163,0.347875,0,1455,0,0.015301,0.150952,2.676050,-0.0018042,0.0015273,0.0003105,0.9999972
1788232638984966656,OK,1,0,11.0563,0.341833,0,1424,0,0.015438,0.152814,2.685650,-0.0018930,0.0018492,0.0001013,0.9999965
1788232639018322688,OK,1,0,11.278,0.286292,0,1424,0,0.014575,0.149655,2.693446,-0.0020045,0.0023765,0.0002903,0.9999951
1788232639051679232,OK,1,0,11.2383,0.26725,0,1420,0,0.014794,0.153654,2.703336,-0.0011725,0.0022051,0.0000616,0.9999969
1788232639085032704,OK,1,0,11.238,0.340167,0,1457,0,0.017410,0.153550,2.712115,-0.0012387,0.0015395,0.0002360,0.9999980
1788232639118381312,OK,1,0,11.2637,0.27025,0,1420,0,0.018749,0.154446,2.722192,-0.0012587,0.0018131,0.0006749,0.9999974
1788232639151730944,OK,1,0,10.9435,0.336083,0,1387,0,0.017112,0.152189,2.728848,-0.0011899,0.0023544,0.0007991,0.9999962
1788232639185080832,OK,1,0,10.7878,0.267541,0,1380,0,0.016167,0.152348,2.736470,-0.0010811,0.0022361,0.0010546,0.9999964
1788232639218430464,OK,1,0,10.5311,0.34325,0,1398,0,0.018286,0.155333,2.747303,-0.0008337,0.0017505,0.0011184,0.9999975
1788232639251780608,OK,1,0,11.1557,0.275542,0,1323,0,0.018193,0.155481,2.755741,-0.0005800,0.0022321,0.0010203,0.9999968
1788232639285130496,OK,1,0,11.0832,0.268,0,1354,0,0.017390,0.151957,2.762876,-0.0006053,0.0025974,0.0009594,0.9999960
1788232639318480384,OK,1,0,11.2311,0.33825,0,1332,0,0.020489,0.157405,2.776936,-0.0001063,0.0017578,0.0008085,0.9999982
1788232639351830528,OK,1,0,11.5114,0.348833,0,1418,0,0.018584,0.159371,2.784157,-0.0002495,0.0020679,0.0007754,0.9999976
1788232639385180672,OK,1,0,10.9013,0.297917,0,1451,0,0.018657,0.157099,2.793746,-0.0004530,0.0024298,0.0010609,0.9999964
1788232639418530816,OK,1,0,11.9076,0.329834,0,1443,0,0.019461,0.156792,2.802819,-0.0001373,0.0024031,0.0009826,0.9999966
1788232639451881216,OK,1,0,11.9068,0.317,0,1447,0,0.016721,0.155877,2.810434,-0.0000967,0.0023624,0.0007611,0.9999969
1788232639485231360,OK,1,0,11.2967,0.386875,0,1440,0,0.017220,0.160145,2.821061,0.0003440,0.0022570,0.0003875,0.9999973
1788232639518582016,OK,1,0,11.207,0.286834,0,1425,0,0.015526,0.159268,2.828080,0.0003679,0.0029072,0.0003185,0.9999956
1788232639551931392,OK,1,0,10.6798,0.252208,0,1403,0,0.015892,0.159257,2.838238,0.0003073,0.0028172,0.0000935,0.9999960
1788232639585282048,OK,1,0,10.7333,0.341375,0,1376,0,0.015237,0.163457,2.850403,0.0000633,0.0024661,-0.0001719,0.9999970
1788232639618632448,OK,1,0,10.6663,0.266417,0,1381,0,0.017456,0.164925,2.861636,-0.0007651,0.0022888,0.0001120,0.9999971
1788232639651983360,OK,1,0,10.4948,0.290125,0,1365,0,0.019973,0.163916,2.872843,-0.0012124,0.0025127,0.0004664,0.9999960
1788232639685334016,OK,1,0,10.8345,0.275083,0,1456,0,0.018026,0.165389,2.883074,-0.0008202,0.0026754,-0.0000492,0.9999961
1788232639718684928,OK,1,0,12.0339,0.281708,0,1498,0,0.014709,0.165004,2.892898,-0.0011252,0.0024094,-0.0002306,0.9999965
1788232639752035840,OK,1,0,12.2053,0.294417,0,1462,0,0.014479,0.166784,2.903306,-0.0017296,0.0023095,-0.0003977,0.9999958
1788232639785386752,OK,1,0,11.8945,0.336959,0,1448,0,0.015789,0.167350,2.912492,-0.0021977,0.0027267,-0.0006213,0.9999937
1788232639818737920,OK,1,0,11.3596,0.35975,0,1422,0,0.014530,0.167104,2.919352,-0.0020535,0.0029679,-0.0005668,0.9999933
1788232639852088832,OK,1,0,11.4868,0.306542,0,1436,0,0.014923,0.168119,2.929266,-0.0017230,0.0024822,-0.0001880,0.9999955
1788232639885440256,OK,1,0,12.1174,0.335375,0,1438,0,0.017452,0.166844,2.939208,-0.0017952,0.0022610,0.0001176,0.9999958
1788232639918791424,OK,1,0,11.8336,0.33975,0,1399,0,0.015056,0.166799,2.946070,-0.0017302,0.0030448,0.0001431,0.9999939
1788232639952142848,OK,1,0,11.1841,0.295875,0,1373,0,0.015796,0.169719,2.957795,-0.0013525,0.0028101,0.0000928,0.9999952
1788232639985493248,OK,1,0,10.9355,0.371291,0,1342,0,0.016240,0.169725,2.966667,-0.0013476,0.0024763,0.0000183,0.9999961
1788232640018844416,OK,1,0,10.7117,0.271541,0,1354,0,0.016669,0.170861,2.976824,-0.0011310,0.0026576,-0.0001436,0.9999958
1788232640052196096,OK,1,0,10.5989,0.370792,0,1347,0,0.015436,0.171658,2.985825,-0.0011079,0.0029636,-0.0001078,0.9999950
1788232640085543680,OK,1,0,10.2995,0.325084,0,1322,0,0.016505,0.171843,2.996251,-0.0011821,0.0025688,0.0001128,0.9999960
1788232640118891008,OK,1,0,11.4271,0.2705,0,1313,0,0.016861,0.172609,3.005506,-0.0011285,0.0026530,0.0001178,0.9999958
1788232640152245504,OK,1,0,11.4139,0.298542,0,1362,0,0.016927,0.173330,3.015673,-0.0009720,0.0029210,0.0003331,0.9999952
1788232640185600000,OK,1,0,11.1784,0.372083,0,1337,0,0.016143,0.175795,3.024957,-0.0006025,0.0028081,-0.0001293,0.9999959
1788232640218954496,OK,1,0,10.7541,0.3545,0,1300,0,0.016720,0.174475,3.034421,-0.0009745,0.0023454,-0.0000734,0.9999968
1788232640252308992,OK,1,0,10.4581,0.348667,0,1266,0,0.015022,0.175734,3.044400,-0.0009114,0.0028842,-0.0003874,0.9999954
1788232640285663744,OK,1,0,10.1753,0.361541,0,1265,0,0.013998,0.175759,3.055074,-0.0010024,0.0032006,-0.0006761,0.9999942
1788232640319018496,OK,1,0,10.2031,0.277583,0,1262,0,0.014502,0.173203,3.064497,-0.0016581,0.0028121,-0.0005209,0.9999945
1788232640352373504,OK,1,0,10.6372,0.349041,0,1506,0,0.014362,0.177814,3.076429,-0.0014250,0.0027945,-0.0003758,0.9999951
1788232640385728512,OK,1,0,11.1513,0.286125,0,1435,0,0.016869,0.181363,3.085313,-0.0010069,0.0030472,-0.0001960,0.9999948
1788232640419083520,OK,1,0,11.465,0.348125,0,1374,0,0.016385,0.180521,3.094766,-0.0010553,0.0029250,-0.0005034,0.9999951
1788232640452437760,OK,1,0,11.0755,0.338125,0,1369,0,0.015574,0.179896,3.104995,-0.0011349,0.0024404,-0.0008181,0.9999961
1788232640485793024,OK,1,0,11.6864,0.336875,0,1324,0,0.013608,0.178023,3.113296,-0.0011199,0.0029032,-0.0011269,0.9999946
1788232640519148288,OK,1,0,11.4025,0.321958,0,1360,0,0.015589,0.177602,3.120637,-0.0007590,0.0028957,-0.0012392,0.9999948
1788232640552503552,OK,1,0,11.7845,0.338625,0,1327,0,0.014298,0.177739,3.130083,-0.0006940,0.0027541,-0.0013410,0.9999951
1788232640585858816,OK,1,0,11.2642,0.403416,0,1318,0,0.012108,0.177961,3.139478,-0.0005243,0.0028061,-0.0011439,0.9999953
1788232640619214592,OK,1,0,10.8586,0.348792,0,1308,0,0.013883,0.180052,3.149426,0.0000092,0.0029497,-0.0008964,0.9999953
1788232640652570112,OK,1,0,10.6246,0.269875,0,1315,0,0.016084,0.180446,3.159502,0.0002372,0.0026867,-0.0008485,0.9999960
1788232640685926144,OK,1,0,10.668,0.343625,0,1311,0,0.012880,0.181787,3.167891,0.0007369,0.0027428,-0.0009887,0.9999955
1788232640719281664,OK,1,0,10.4241,0.285375,0,1286,0,0.016360,0.178907,3.179050,0.0006691,0.0023885,-0.0005341,0.9999968
1788232640752637696,OK,1,0,10.7758,0.276375,0,1253,0,0.017009,0.178906,3.186701,0.0010510,0.0029011,-0.0004789,0.9999952
1788232640785993728,OK,1,0,10.2517,0.287084,0,1264,0,0.015780,0.179979,3.195478,0.0014636,0.0029986,-0.0005355,0.9999943
1788232640819349504,OK,1,0,10.6268,0.279708,0,1249,0,0.015973,0.180845,3.205104,0.0016535,0.0027190,-0.0005398,0.9999948
1788232640852705792,OK,1,0,10.4593,0.274333,0,1221,0,0.015665,0.184128,3.216388,0.0019814,0.0030233,-0.0006678,0.9999933
1788232640886061056,OK,1,0,10.3246,0.261833,0,1215,0,0.015565,0.183085,3.227736,0.0013842,0.0031423,-0.0004420,0.9999940
1788232640919417344,OK,1,0,10.0147,0.290959,0,1210,0,0.013159,0.182095,3.235948,0.0010513,0.0031589,-0.0007498,0.9999942
1788232640952773632,OK,1,0,10.1974,0.360834,0,1207,0,0.013145,0.184955,3.247013,0.0012216,0.0031755,-0.0005946,0.9999940
1788232640986130176,OK,1,0,10.4253,0.277416,0,1186,0,0.015309,0.185323,3.257733,0.0013520,0.0034471,-0.0005768,0.9999930
1788232641019486720,OK,1,0,10.633,0.274666,0,1428,0,0.016326,0.183863,3.266603,0.0012614,0.0032368,-0.0004118,0.9999939
1788232641052843264,OK,1,0,11.2061,0.3055,0,1414,0,0.017825,0.183481,3.275844,0.0011992,0.0027594,0.0000025,0.9999955
1788232641086200320,OK,1,0,11.5155,0.306375,0,1334,0,0.015132,0.183392,3.284563,0.0013043,0.0033848,-0.0001363,0.9999934
1788232641119551232,OK,1,0,11.622,0.33825,0,1344,0,0.015247,0.184150,3.294538,0.0013677,0.0035143,-0.0001630,0.9999929
1788232641152895232,OK,1,0,11.9882,0.327958,0,1274,0,0.015100,0.186618,3.304792,0.0014596,0.0031411,-0.0001656,0.9999940
1788232641186238976,OK,1,0,11.6743,0.555584,0,1309,0,0.018048,0.185170,3.317377,0.0012011,0.0026097,-0.0002720,0.9999959
1788232641219582720,OK,1,0,11.156,0.268291,0,1312,0,0.016816,0.186755,3.325713,0.0016428,0.0032883,-0.0003212,0.9999932
1788232641252926720,OK,1,0,11.3752,0.305042,0,1297,0,0.015890,0.186820,3.334588,0.0018617,0.0034051,-0.0006815,0.9999923
1788232641286270464,OK,1,0,11.5301,0.330958,0,1298,0,0.015068,0.186548,3.343809,0.0019061,0.0032827,-0.0005955,0.9999926
1788232641319613184,OK,1,0,10.9597,0.329709,0,1239,0,0.015484,0.185149,3.355707,0.0015164,0.0034124,-0.0002105,0.9999930
1788232641352957184,OK,1,0,10.709,0.28675,0,1255,0,0.016067,0.187471,3.363502,0.0016278,0.0037442,-0.0001603,0.9999917
1788232641386300928,OK,1,0,10.6395,0.269875,0,1256,0,0.016960,0.187876,3.375206,0.0015033,0.0032770,-0.0001494,0.9999935
1788232641419644672,OK,1,0,10.3027,0.301875,0,1250,0,0.018893,0.186688,3.385561,0.0011469,0.0029584,-0.0001305,0.9999950
1788232641452988672,OK,1,0,10.3048,0.348917,0,1204,0,0.015817,0.187047,3.394743,0.0013446,0.0037257,-0.0002798,0.9999921
1788232641486332416,OK,1,0,9.99408,0.650625,0,1213,0,0.017876,0.188664,3.404958,0.0019239,0.0035913,-0.0003574,0.9999917
1788232641519676160,OK,1,0,10.3584,0.359958,0,1218,0,0.020167,0.186153,3.415116,0.0015174,0.0030246,0.0001346,0.9999943
1788232641553019904,OK,1,0,10.1015,0.370708,0,1179,0,0.016513,0.188559,3.423489,0.0020491,0.0037368,0.0000600,0.9999909
1788232641586363904,OK,1,0,10.4904,0.334625,0,1364,0,0.018396,0.188871,3.432152,0.0022557,0.0040748,0.0001552,0.9999892
1788232641619707648,OK,1,0,10.8763,0.28575,0,1380,0,0.017458,0.192222,3.441444,0.0027974,0.0038713,0.0000673,0.9999886
1788232641653051392,OK,1,0,11.3666,0.347625,0,1321,0,0.015988,0.189559,3.449889,0.0025845,0.0037145,-0.0002827,0.9999897
1788232641686395136,OK,1,0,11.9518,0.319625,0,1322,0,0.014139,0.192304,3.458880,0.0033877,0.0043202,-0.0004501,0.9999849
1788232641719739136,OK,1,0,11.7939,0.317291,0,1281,0,0.016709,0.188133,3.468153,0.0035848,0.0042298,-0.0004840,0.9999845
1788232641753082880,OK,1,0,11.0052,0.291666,0,1309,0,0.018956,0.183417,3.474869,0.0031611,0.0036074,-0.0000975,0.9999885
1788232641786425856,OK,1,0,11.0232,0.288708,0,1305,0,0.020459,0.186098,3.486749,0.0036248,0.0034070,0.0001055,0.9999876
1788232641819769600,OK,1,0,11.6436,0.320958,0,1274,0,0.019188,0.188528,3.497190,0.0037503,0.0040552,0.0003732,0.9999847
1788232641853113344,OK,1,0,11.2462,0.337291,0,1233,0,0.019078,0.185657,3.506958,0.0033103,0.0041652,0.0003086,0.9999858
1788232641886457344,OK,1,0,11.0437,0.323167,0,1262,0,0.019468,0.188524,3.518885,0.0031711,0.0037685,0.0002271,0.9999878
1788232641919801088,OK,1,0,10.7509,0.362375,0,1253,0,0.018474,0.187931,3.527779,0.0029827,0.0040599,-0.0000105,0.9999873
1788232641953144832,OK,1,0,10.4827,0.350791,0,1242,0,0.018971,0.187114,3.537787,0.0033099,0.0040500,-0.0006499,0.9999861
1788232641986488576,OK,1,0,10.671,0.277042,0,1229,0,0.019376,0.188903,3.547103,0.0032673,0.0039125,-0.0005981,0.9999868
1788232642019832320,OK,1,0,10.204,0.380166,0,1242,0,0.019813,0.191532,3.560627,0.0031166,0.0037378,-0.0001994,0.9999881
1788232642053176064,OK,1,0,10.2123,0.285334,0,1232,0,0.019986,0.190345,3.570743,0.0030686,0.0041459,-0.0002591,0.9999867
1788232642086520064,OK,1,0,10.3068,0.340541,0,1224,0,0.020361,0.189102,3.581609,0.0025443,0.0043376,0.0000110,0.9999874
1788232642119862528,OK,1,0,9.97229,0.338042,0,1180,0,0.019185,0.190497,3.590404,0.0021558,0.0043876,-0.0002391,0.9999880
1788232642153203968,OK,1,0,9.907,0.274667,0,1180,0,0.018240,0.191681,3.600667,0.0023741,0.0043302,-0.0006118,0.9999876
1788232642186544896,OK,1,0,10.292,0.344375,0,1436,0,0.019670,0.187164,3.610452,0.0018393,0.0040575,-0.0008255,0.9999897
1788232642219885056,OK,1,0,10.746,0.282709,0,1328,0,0.019043,0.192203,3.623373,0.0021145,0.0041165,-0.0008844,0.9999889
1788232642253226240,OK,1,0,11.446,0.303667,0,1294,0,0.019259,0.191587,3.631682,0.0016770,0.0041938,-0.0003390,0.9999897
1788232642286567424,OK,1,0,11.7483,0.333875,0,1307,0,0.020034,0.189167,3.638926,0.0018497,0.0045535,-0.0000429,0.9999880
1788232642319908608,OK,1,0,12.1753,0.369166,0,1255,0,0.021878,0.193222,3.653418,0.0025149,0.0043538,0.0002738,0.9999874
1788232642353249792,OK,1,0,10.9422,0.31775,0,1270,0,0.022530,0.196750,3.663851,0.0023870,0.0042722,0.0006280,0.9999878
1788232642386590976,OK,1,0,11.4142,0.336833,0,1258,0,0.023241,0.192996,3.670956,0.0021291,0.0043324,0.0001772,0.9999883
1788232642419932160,OK,1,0,11.4288,0.345291,0,1256,0,0.020586,0.197496,3.682811,0.0027182,0.0045997,0.0000454,0.9999858
1788232642453273344,OK,1,0,11.208,0.338166,0,1220,0,0.022097,0.194428,3.694899,0.0017571,0.0045747,0.0000050,0.9999880
1788232642486614784,OK,1,0,10.7474,0.352625,0,1216,0,0.022330,0.198528,3.707525,0.0022210,0.0047737,0.0002575,0.9999861
1788232642519955712,OK,1,0,10.7342,0.274292,0,1226,0,0.023653,0.196848,3.718702,0.0021797,0.0047773,0.0007527,0.9999859
1788232642553297152,OK,1,0,10.3897,0.3385,0,1181,0,0.023684,0.197068,3.730232,0.0022572,0.0049542,0.0009681,0.9999847
1788232642586638080,OK,1,0,10.5611,0.269208,0,1178,0,0.021297,0.194271,3.738610,0.0018988,0.0054427,0.0006530,0.9999832
1788232642619979520,OK,1,0,10.5177,0.3505,0,1411,0,0.022719,0.200540,3.752052,0.0029604,0.0053144,0.0007699,0.9999812
1788232642653319936,OK,1,0,12.3399,0.310375,0,1329,0,0.022386,0.200631,3.764051,0.0031000,0.0055481,0.0004424,0.9999797
1788232642686661120,OK,1,0,11.7976,0.291125,0,1336,0,0.023695,0.198710,3.773625,0.0026619,0.0055220,0.0007229,0.9999809
1788232642720002304,OK,1,0,12.4146,0.335125,0,1308,0,0.024358,0.201375,3.788304,0.0027796,0.0055624,0.0008998,0.9999803
1788232642753343488,OK,1,0,12.0358,0.340625,0,1298,0,0.025530,0.201709,3.802043,0.0021557,0.0056285,0.0009965,0.9999813
1788232642786684928,OK,1,0,11.5974,0.3425,0,1312,0,0.027848,0.205380,3.816641,0.0022869,0.0049291,0.0007617,0.9999850
1788232642820026112,OK,1,0,11.5383,0.299875,0,1300,0,0.027065,0.208279,3.833445,0.0022813,0.0043630,0.0004948,0.9999878
1788232642853367552,OK,1,0,11.9674,0.315167,0,1279,0,0.026724,0.208085,3.845318,0.0016613,0.0040226,0.0003293,0.9999905
1788232642886708480,OK,1,0,11.4889,0.290333,0,1266,0,0.027286,0.206528,3.856455,0.0018163,0.0038881,0.0001735,0.9999908
1788232642920049920,OK,1,0,11.3632,0.334041,0,1248,0,0.025814,0.208331,3.870445,0.0021951,0.0037021,0.0002783,0.9999907
1788232642953391104,OK,1,0,11.0186,0.284333,0,1263,0,0.024939,0.204690,3.882642,0.0009589,0.0027979,0.0000404,0.9999956
1788232642986732544,OK,1,0,10.8355,0.279958,0,1239,0,0.023377,0.209464,3.895722,0.0004557,0.0009791,0.0003527,0.9999993
1788232643020073728,OK,1,0,10.7882,0.284,0,1227,0,0.023984,0.209768,3.910829,0.0001259,-0.0009450,0.0005550,0.9999994
1788232643053414912,OK,1,0,10.6242,0.296583,0,1243,0,0.022640,0.205287,3.921777,-0.0000069,-0.0024976,0.0009242,0.9999965
1788232643086756352,OK,1,0,10.7055,0.269792,0,1200,0,0.021915,0.207571,3.932946,0.0010999,-0.0042746,0.0014524,0.9999892
1788232643120098048,OK,1,0,10.7131,0.272708,0,1255,0,0.021649,0.208962,3.944252,0.0013306,-0.0064663,0.0019281,0.9999763
1788232643153442816,OK,1,0,11.1147,0.305458,0,1244,0,0.016923,0.212504,3.958035,0.0012317,-0.0092353,0.0022944,0.9999540
1788232643186787328,OK,1,0,10.9032,0.290625,0,1191,0,0.014122,0.209120,3.970008,0.0001249,-0.0132144,0.0027428,0.9999089
1788232643220132096,OK,1,0,10.8405,0.360042,0,1409,0,0.011211,0.210433,3.983975,0.0006061,-0.0175587,0.0028624,0.9998416
1788232643253477120,OK,1,0,11.4407,0.282667,0,1344,0,0.005523,0.210815,3.993770,0.0005817,-0.0217684,0.0031200,0.9997580
1788232643286821888,OK,1,0,11.3467,0.316375,0,1310,0,-0.000110,0.211154,4.008183,0.0000494,-0.0267781,0.0037258,0.9996345
1788232643320166400,OK,1,0,12.7764,0.345542,0,1324,0,-0.004092,0.211469,4.020012,-0.0002996,-0.0320903,0.0038563,0.9994775
1788232643353511424,OK,1,0,12.0434,0.323875,0,1316,0,-0.009337,0.210907,4.030499,-0.0006117,-0.0372329,0.0042863,0.9992973
1788232643386856448,OK,1,0,11.9198,0.331458,0,1283,0,-0.017490,0.212075,4.043602,-0.0008425,-0.0420492,0.0046084,0.9991046
1788232643420201472,OK,1,0,12.4388,0.344042,0,1316,0,-0.015963,0.215152,4.063035,-0.0007586,-0.0489419,0.0048483,0.9987895
1788232643453546496,OK,1,0,11.6228,0.371833,0,1275,0,-0.022622,0.216155,4.075866,-0.0007801,-0.0549986,0.0050092,0.9984736
1788232643486891520,OK,1,0,11.7041,0.324833,0,1322,0,-0.030004,0.215958,4.084980,-0.0009887,-0.0607387,0.0061030,0.9981346
1788232643520236544,OK,1,0,11.4749,0.302458,0,1341,0,-0.033294,0.212504,4.096425,-0.0015606,-0.0663399,0.0069679,0.9977716
1788232643553580800,OK,1,0,11.4858,0.352375,0,1342,0,-0.041563,0.220679,4.114904,-0.0002082,-0.0715733,0.0073000,0.9974086
1788232643586926080,OK,1,0,11.5061,0.283042,0,1333,0,-0.047851,0.219666,4.123216,-0.0004719,-0.0767134,0.0075318,0.9970247
1788232643620271360,OK,1,0,11.7706,0.286208,0,1368,0,-0.058898,0.223467,4.138376,-0.0002344,-0.0818534,0.0080161,0.9966121
1788232643653616384,OK,1,0,11.902,0.359459,0,1344,0,-0.065649,0.222518,4.149266,-0.0008489,-0.0871810,0.0080157,0.9961599
1788232643686961664,OK,1,0,11.5363,0.276291,0,1342,0,-0.073107,0.223894,4.163615,-0.0006677,-0.0927932,0.0080927,0.9956523
1788232643720307200,OK,1,0,11.51,0.344458,0,1355,0,-0.084115,0.225921,4.175209,-0.0004625,-0.0979644,0.0080388,0.9951574
1788232643753652480,OK,1,0,11.7473,0.267875,0,1342,0,-0.087522,0.228545,4.187602,-0.0006465,-0.1040933,0.0086842,0.9945294
1788232643786998016,OK,1,0,11.9692,0.358166,0,1333,0,-0.098374,0.228146,4.201875,-0.0008804,-0.1091292,0.0091052,0.9939855
1788232643820343552,OK,1,0,11.6883,0.35075,0,1294,0,-0.109384,0.230497,4.211954,-0.0009936,-0.1144800,0.0090236,0.9933841
1788232643853689088,OK,1,0,11.8813,0.411667,0,1317,0,-0.117410,0.234716,4.225820,-0.0009273,-0.1201687,0.0091889,0.9927105
1788232643887034624,OK,1,0,12.013,0.280375,0,1344,0,-0.121426,0.231879,4.240181,-0.0017039,-0.1260220,0.0094443,0.9919810
1788232643920380160,OK,1,0,12.3153,0.30575,0,1610,0,-0.134029,0.237005,4.251346,-0.0009083,-0.1307367,0.0096566,0.9913697
1788232643953725952,OK,1,0,13.2735,0.333167,0,1504,0,-0.143992,0.237479,4.262709,-0.0009107,-0.1362161,0.0097676,0.9906306
1788232643987070464,OK,1,0,13.7794,0.341833,0,1543,0,-0.148275,0.236937,4.272208,-0.0009818,-0.1419021,0.0102140,0.9898276
1788232644020416256,OK,1,0,14.2007,0.344916,0,1499,0,-0.157988,0.240442,4.284485,-0.0005550,-0.1470930,0.0108807,0.9890627
1788232644053762048,OK,1,0,13.7,0.328666,0,1467,0,-0.170439,0.242165,4.294823,-0.0000998,-0.1519453,0.0107615,0.9883303
1788232644087107840,OK,1,0,13.9797,0.333458,0,1457,0,-0.177247,0.238476,4.304812,-0.0007867,-0.1579598,0.0104957,0.9873894
1788232644120449024,OK,1,0,13.2167,0.297208,0,1468,0,-0.184821,0.249170,4.320817,0.0000615,-0.1643842,0.0106827,0.9863386
1788232644153783296,OK,1,0,12.9725,0.377375,0,1447,0,-0.196382,0.250537,4.333216,-0.0005770,-0.1699407,0.0110595,0.9853921
1788232644187117312,OK,1,0,12.7657,0.280625,0,1462,0,-0.203361,0.251417,4.345094,-0.0005852,-0.1758787,0.0110166,0.9843500
1788232644220451584,OK,1,0,12.7772,0.26675,0,1376,0,-0.214474,0.252754,4.353677,-0.0003817,-0.1811047,0.0111645,0.9834004
1788232644253785856,OK,1,0,13.0296,0.268041,0,1374,0,-0.222932,0.252777,4.364119,-0.0005108,-0.1865734,0.0115925,0.9823725
1788232644287120128,OK,1,0,13.0626,0.292708,0,1365,0,-0.231964,0.253727,4.374081,-0.0001323,-0.1918928,0.0120654,0.9813417
1788232644320454144,OK,1,0,13.9328,0.300417,0,1344,0,-0.241390,0.252507,4.383730,0.0001829,-0.1973703,0.0119943,0.9802557
1788232644353788160,OK,1,0,13.7233,0.377667,0,1330,0,-0.253355,0.254935,4.394107,0.0002888,-0.2029449,0.0125153,0.9791102
1788232644387121920,OK,1,0,13.7954,0.353958,0,1324,0,-0.262752,0.259242,4.404914,0.0006191,-0.2085448,0.0135034,0.9779194
1788232644420455936,OK,1,0,13.344,0.3425,0,1297,0,-0.270764,0.256150,4.415331,0.0002929,-0.2142061,0.0135043,0.9766951
1788232644453788672,OK,1,0,12.6466,0.295041,0,1273,0,-0.281060,0.257283,4.424713,0.0004732,-0.2196781,0.0136274,0.9754772
1788232644487122432,OK,1,0,12.4379,0.288625,0,1253,0,-0.294194,0.260727,4.435210,0.0007459,-0.2250613,0.0140827,0.9742425
1788232644520455936,OK,1,0,12.3345,0.259834,0,1282,0,-0.301152,0.260058,4.444338,0.0004078,-0.2307107,0.0145504,0.9729135
1788232644553789440,OK,1,0,12.5117,0.357916,0,1618,0,-0.311176,0.259147,4.455636,0.0000462,-0.2362863,0.0152054,0.9715645
1788232644587122944,OK,1,0,14.0138,0.293916,0,1607,0,-0.322118,0.262102,4.463874,0.0005950,-0.2415016,0.0155424,0.9702758
1788232644620456448,OK,1,0,13.3626,0.301166,0,1492,0,-0.333971,0.262213,4.472221,0.0009248,-0.2467374,0.0152476,0.9689620
1788232644653789696,OK,1,0,14.4128,0.34975,0,1483,0,-0.342032,0.262407,4.479618,0.0008543,-0.2526546,0.0155645,0.9674309
1788232644687123200,OK,1,0,14.2095,0.353333,0,1457,0,-0.353533,0.263091,4.488811,0.0006790,-0.2582306,0.0159578,0.9659513
1788232644720456448,OK,1,0,14.3657,0.358042,0,1413,0,-0.364450,0.262125,4.496288,0.0001856,-0.2636558,0.0157651,0.9644880
1788232644753789696,OK,1,0,13.365,0.328,0,1419,0,-0.383367,0.263955,4.500016,-0.0000098,-0.2685689,0.0154582,0.9631364
1788232644787122688,OK,1,0,13.175,0.353917,0,1415,0,-0.395227,0.265012,4.509541,-0.0003370,-0.2743852,0.0153488,0.9614973
1788232644820455936,OK,1,0,12.8533,0.271834,0,1385,0,-0.406931,0.263222,4.517960,-0.0012737,-0.2799833,0.0153080,0.9598820
1788232644853789184,OK,1,0,12.6553,0.28675,0,1398,0,-0.419446,0.265359,4.525502,-0.0014980,-0.2849580,0.0159937,0.9584054
1788232644887121152,OK,1,0,13.3027,0.277167,0,1347,0,-0.428975,0.264905,4.532484,-0.0016471,-0.2903709,0.0163849,0.9567725
1788232644920453888,OK,1,0,13.6247,0.291458,0,1359,0,-0.439073,0.266159,4.539080,-0.0011949,-0.2955421,0.0172488,0.9551733
1788232644953786624,OK,1,0,13.9104,0.312875,0,1290,0,-0.445681,0.262846,4.545872,-0.0013105,-0.3011236,0.0182387,0.9534098
1788232644987119360,OK,1,0,13.8423,0.327417,0,1272,0,-0.456390,0.263911,4.551975,-0.0007366,-0.3063934,0.0186127,0.9517227
1788232645020452096,OK,1,0,13.4003,0.336333,0,1275,0,-0.469724,0.265665,4.559103,-0.0006741,-0.3119015,0.0189980,0.9499243
1788232645053784832,OK,1,0,13.1914,0.3515,0,1860,0,-0.480410,0.264101,4.565033,-0.0015909,-0.3176894,0.0188316,0.9480065
1788232645087117312,OK,1,0,14.0934,0.295625,0,1630,0,-0.494123,0.266673,4.573022,-0.0024124,-0.3234922,0.0184123,0.9460486
1788232645120454912,OK,1,0,14.254,0.314584,0,1585,0,-0.509068,0.266436,4.578115,-0.0032637,-0.3288595,0.0177542,0.9442064
1788232645153798400,OK,1,0,14.5557,0.350458,0,1535,0,-0.521928,0.266083,4.585466,-0.0037063,-0.3340438,0.0170141,0.9423967
1788232645187141888,OK,1,0,14.3452,0.336834,0,1497,0,-0.533245,0.266603,4.591488,-0.0044728,-0.3393168,0.0176208,0.9404964
1788232645220485376,OK,1,0,14.1163,0.321542,0,1457,0,-0.543973,0.266377,4.597740,-0.0047845,-0.3443176,0.0182917,0.9386629
1788232645253828864,OK,1,0,13.3892,0.359666,0,1417,0,-0.556814,0.268738,4.597833,-0.0037642,-0.3490491,0.0189252,0.9369057
1788232645287172352,OK,1,0,13.3825,0.300667,0,1444,0,-0.567422,0.269350,4.602520,-0.0031153,-0.3544706,0.0200343,0.9348474
1788232645320514816,OK,1,0,13.259,0.296833,0,1387,0,-0.577198,0.268086,4.607541,-0.0030119,-0.3600215,0.0211998,0.9326983
1788232645353858304,OK,1,0,13.3632,0.300709,0,1347,0,-0.588256,0.269510,4.613336,-0.0027373,-0.3651730,0.0216992,0.9306828
1788232645387201792,OK,1,0,13.6035,0.33075,0,1322,0,-0.600370,0.271072,4.618108,-0.0022820,-0.3703232,0.0216589,0.9286476
1788232645420545536,OK,1,0,13.8131,0.346584,0,1297,0,-0.611297,0.268979,4.621234,-0.0026749,-0.3758537,0.0211735,0.9264333
1788232645453889024,OK,1,0,13.7581,0.296292,0,1923,0,-0.626176,0.270681,4.624276,-0.0027307,-0.3810081,0.0206899,0.9243361
1788232645487232512,OK,1,0,14.2869,0.303417,0,1603,0,-0.639129,0.271533,4.627829,-0.0026087,-0.3859518,0.0203879,0.9222900
1788232645520575744,OK,1,0,14.3767,0.318583,0,1555,0,-0.651907,0.269650,4.631234,-0.0026828,-0.3906476,0.0202748,0.9203131
1788232645553919232,OK,1,0,15.2417,0.320292,0,1495,0,-0.662860,0.270264,4.635448,-0.0031078,-0.3957019,0.0207891,0.9181384
1788232645587262720,OK,1,0,14.2027,0.331666,0,1444,0,-0.675589,0.271616,4.639159,-0.0026745,-0.4004286,0.0215412,0.9160708
1788232645620606208,OK,1,0,15.2308,0.361458,0,1406,0,-0.685118,0.270289,4.641779,-0.0018692,-0.4051957,0.0220587,0.9139619
1788232645653949696,OK,1,0,14.6748,0.346292,0,1381,0,-0.696900,0.269086,4.643683,-0.0014890,-0.4102382,0.0221969,0.9117071
1788232645687293184,OK,1,0,13.4577,0.341959,0,1352,0,-0.708994,0.265812,4.644862,-0.0020476,-0.4158815,0.0232762,0.9091186
1788232645720636672,OK,1,0,13.4525,0.324791,0,1907,0,-0.724474,0.267295,4.647893,-0.0021760,-0.4205950,0.0230051,0.9069542
1788232645753979904,OK,1,0,15.0318,0.308792,0,1642,0,-0.737215,0.266891,4.649495,-0.0021640,-0.4257047,0.0227634,0.9045732
1788232645787322624,OK,1,0,14.6603,0.342875,0,1616,0,-0.750553,0.267956,4.651886,-0.0018466,-0.4306270,0.0224209,0.9022496
1788232645820666112,OK,1,0,14.7077,0.344667,0,1575,0,-0.763187,0.267871,4.655516,-0.0017449,-0.4355199,0.0226853,0.8998916
1788232645854009600,OK,1,0,15.858,0.336791,0,1564,0,-0.774111,0.267732,4.658429,-0.0013917,-0.4401737,0.0232488,0.8976105
1788232645887352832,OK,1,0,14.9968,0.3515,0,1512,0,-0.785656,0.266467,4.661088,-0.0010528,-0.4448887,0.0237373,0.8952707
1788232645920696320,OK,1,0,14.7857,0.343208,0,1448,0,-0.798277,0.267665,4.664343,-0.0009510,-0.4500276,0.0240578,0.8926901
1788232645954039808,OK,1,0,14.7547,0.341208,0,2131,0,-0.811148,0.268028,4.663697,-0.0011940,-0.4551209,0.0243236,0.8900966
1788232645987383040,OK,1,0,15.2886,0.334,0,1719,0,-0.824392,0.268388,4.666863,-0.0010108,-0.4599032,0.0244197,0.8876327
1788232646020726528,OK,1,0,15.0498,0.34475,0,1673,0,-0.838870,0.268099,4.669575,-0.0008363,-0.4648066,0.0241070,0.8850836
1788232646054070016,OK,1,0,15.1113,0.341333,0,1545,0,-0.850906,0.267403,4.670360,-0.0010128,-0.4696149,0.0241145,0.8825414
1788232646087413248,OK,1,0,14.8682,0.340292,0,1546,0,-0.863907,0.269130,4.673583,-0.0007400,-0.4743270,0.0242365,0.8800147
1788232646120754688,OK,1,0,16.6979,0.342958,0,1465,0,-0.877074,0.268105,4.677006,-0.0003021,-0.4793486,0.0241676,0.8772917
1788232646154092800,OK,1,0,14.3424,0.372625,0,1428,0,-0.888927,0.268289,4.677027,0.0002328,-0.4841066,0.0245285,0.8746652
1788232646187430912,OK,1,0,17.299,0.325667,0,1351,0,-0.900332,0.265934,4.678397,0.0000692,-0.4891331,0.0254526,0.8718377
1788232646220768000,OK,1,0,14.1075,0.317791,0,2027,0,-0.912392,0.265749,4.683964,0.0000758,-0.4939622,0.0263735,0.8690833
1788232646254106112,OK,1,0,15.0633,0.307542,0,1684,0,-0.923963,0.266225,4.686100,0.0008998,-0.4985588,0.0268758,0.8664387
1788232646287444224,OK,1,0,14.8812,0.355417,0,1561,0,-0.935036,0.265293,4.686142,0.0012469,-0.5030552,0.0273849,0.8638194
1788232646320782336,OK,1,0,14.2918,0.342042,0,1486,0,-0.947914,0.266537,4.689805,0.0015525,-0.5078533,0.0278502,0.8609918
1788232646354120192,OK,1,0,14.5855,0.313916,0,1437,0,-0.960542,0.266598,4.689867,0.0015727,-0.5123538,0.0282283,0.8583090
1788232646387458048,OK,1,0,14.2009,0.370708,0,1343,0,-0.973992,0.266137,4.692226,0.0019242,-0.5170090,0.0282712,0.8555108
1788232646420795904,OK,1,0,13.4895,0.363833,0,1356,0,-0.987732,0.265748,4.693026,0.0021411,-0.5218297,0.0285117,0.8525705
1788232646454133760,OK,1,0,12.95,0.344208,0,1253,0,-1.000468,0.265515,4.695210,0.0023680,-0.5266466,0.0286466,0.8495982
1788232646487471616,OK,1,0,12.9133,0.323,0,1768,0,-1.009619,0.262219,4.698514,0.0020863,-0.5317961,0.0290256,0.8463723
1788232646520809216,OK,1,0,13.6534,0.316833,0,1550,0,-1.022737,0.262805,4.700492,0.0023376,-0.5363678,0.0293993,0.8434689
1788232646554147072,OK,1,0,13.5123,0.32225,0,1507,0,-1.036255,0.262563,4.701516,0.0022348,-0.5410153,0.0297577,0.8404831
1788232646587484928,OK,1,0,15.2405,0.348333,0,1401,0,-1.049459,0.262494,4.703333,0.0022004,-0.5457239,0.0299311,0.8374276
1788232646620822272,OK,1,0,13.497,0.332375,0,1371,0,-1.063446,0.263198,4.703316,0.0021835,-0.5502540,0.0299232,0.8344582
1788232646654158848,OK,1,0,13.3317,0.366084,0,1305,0,-1.075624,0.262547,4.703279,0.0020410,-0.5548725,0.0299750,0.8313927
1788232646687496704,OK,1,0,13.0207,0.341417,0,1281,0,-1.088985,0.262857,4.703365,0.0021202,-0.5594124,0.0303462,0.8283311
1788232646720834048,OK,1,0,12.5035,0.343208,0,1261,0,-1.101617,0.263318,4.705360,0.0023714,-0.5640256,0.0309859,0.8251724
1788232646754171648,OK,1,0,12.3417,0.349667,0,1522,0,-1.115027,0.261993,4.702849,0.0021908,-0.5682764,0.0320946,0.8222087
1788232646787508992,OK,1,0,13.0337,0.309416,0,1435,0,-1.127463,0.263129,4.705484,0.0028099,-0.5727892,0.0329255,0.8190364
1788232646820846336,OK,1,0,12.5378,0.355958,0,1388,0,-1.139543,0.263605,4.703717,0.0035688,-0.5770261,0.0330121,0.8160505
1788232646854183936,OK,1,0,12.9102,0.336416,0,1358,0,-1.151314,0.261444,4.702662,0.0036668,-0.5813446,0.0330793,0.8129765
1788232646887521024,OK,1,0,13.13,0.346584,0,1276,0,-1.163794,0.263622,4.705110,0.0033675,-0.5859597,0.0334135,0.8096439
1788232646920858368,OK,1,0,12.9609,0.363125,0,1244,0,-1.177753,0.265694,4.706232,0.0032641,-0.5906307,0.0336971,0.8062316
1788232646954195456,OK,1,0,12.417,0.339583,0,1230,0,-1.191969,0.264059,4.701591,0.0035425,-0.5946080,0.0332832,0.8033187
1788232646987532800,OK,1,0,12.145,0.370125,0,1182,0,-1.200730,0.267266,4.710638,0.0039443,-0.5998811,0.0336188,0.7993729
1788232647020869888,OK,1,0,11.84,0.410625,0,1536,0,-1.216001,0.267026,4.702996,0.0036194,-0.6035410,0.0339948,0.7965988
1788232647054206976,OK,1,0,12.3154,0.322666,0,1467,0,-1.227392,0.267282,4.702271,0.0040640,-0.6079394,0.0341195,0.7932396
1788232647087544064,OK,1,0,12.6445,0.337292,0,1408,0,-1.237856,0.265173,4.701378,0.0044899,-0.6124277,0.0345045,0.7897605
1788232647120878592,OK,1,0,12.3499,0.376542,0,1338,0,-1.249712,0.264610,4.701887,0.0047937,-0.6170986,0.0351102,0.7860876
1788232647154212096,OK,1,0,12.745,0.346959,0,1281,0,-1.261490,0.267945,4.700669,0.0051565,-0.6214768,0.0358853,0.7825933
1788232647187545344,OK,1,0,11.745,0.362167,0,1194,0,-1.271388,0.262305,4.702007,0.0047624,-0.6257856,0.0360196,0.7791485
1788232647220878592,OK,1,0,10.5758,0.345167,0,1108,0,-1.285384,0.265482,4.701565,0.0053449,-0.6300466,0.0362428,0.7756927
1788232647254211840,OK,1,0,10.3735,0.333542,0,1085,0,-1.300209,0.262904,4.693719,0.0046215,-0.6341897,0.0360227,0.7723241
1788232647287545088,OK,1,0,10.4385,0.3355,0,1236,0,-1.314070,0.262443,4.690677,0.0043638,-0.6383348,0.0359897,0.7689047
1788232647320878080,OK,1,0,11.1956,0.315792,0,1299,0,-1.326577,0.262388,4.689603,0.0045893,-0.6427146,0.0355880,0.7652649
1788232647354211072,OK,1,0,11.1775,0.32275,0,1314,0,-1.339004,0.261606,4.686697,0.0044533,-0.6468906,0.0355966,0.7617386
1788232647387544064,OK,1,0,11.0157,0.347917,0,1307,0,-1.350973,0.262297,4.685782,0.0040125,-0.6510237,0.0356945,0.7582071
1788232647420877056,OK,1,0,10.6762,0.311875,0,1279,0,-1.364485,0.264151,4.681380,0.0043731,-0.6547943,0.0360924,0.7549322
1788232647454209792,OK,1,0,10.1966,0.329416,0,1205,0,-1.376822,0.260718,4.680126,0.0046337,-0.6591123,0.0356931,0.7511829
1788232647487542272,OK,1,0,9.64629,0.305,0,1149,0,-1.389724,0.261586,4.675278,0.0047575,-0.6632760,0.0358175,0.7475021
1788232647520875008,OK,1,0,9.53392,0.34425,0,1247,0,-1.403252,0.261942,4.673657,0.0044443,-0.6675780,0.0357289,0.7436689
1788232647554206464,OK,1,0,10.3012,0.328917,0,1220,0,-1.416682,0.260834,4.669584,0.0044366,-0.6711286,0.0358305,0.7404613
1788232647587538944,OK,1,0,10.7446,0.302584,0,1358,0,-1.429808,0.259937,4.665980,0.0046640,-0.6744599,0.0359901,0.7374190
1788232647620871424,OK,1,0,11.2832,0.3365,0,1359,0,-1.440286,0.263291,4.666771,0.0050486,-0.6771657,0.0365161,0.7349066
1788232647654203648,OK,1,0,11.4405,0.347542,0,1310,0,-1.451516,0.260340,4.665513,0.0045111,-0.6792620,0.0369919,0.7329491
1788232647687535872,OK,1,0,11.528,0.3155,0,1450,0,-1.464809,0.262117,4.665435,0.0050230,-0.6809663,0.0374079,0.7313416
1788232647720868096,OK,1,0,10.6696,0.337833,0,1291,0,-1.475094,0.261075,4.660036,0.0056002,-0.6819463,0.0372905,0.7304295
1788232647754200320,OK,1,0,10.8552,0.336584,0,1301,0,-1.488107,0.261221,4.656920,0.0059705,-0.6827281,0.0369931,0.7297111
1788232647787532288,OK,1,0,10.5794,0.336209,0,1298,0,-1.500418,0.262787,4.659374,0.0062061,-0.6837776,0.0372348,0.7287134
1788232647820864256,OK,1,0,10.5561,0.329584,0,1352,0,-1.512330,0.262386,4.662626,0.0060505,-0.6850547,0.0372720,0.7275124
1788232647854195968,OK,1,0,10.771,0.342125,0,1268,0,-1.523407,0.261778,4.659910,0.0064442,-0.6858528,0.0375321,0.7267433
1788232647887528192,OK,1,0,10.2046,0.316708,0,1268,0,-1.536362,0.257369,4.658801,0.0063540,-0.6868896,0.0374500,0.7257684
1788232647920859648,OK,1,0,11.058,0.362584,0,1353,0,-1.549576,0.255552,4.658714,0.0060077,-0.6881766,0.0373837,0.7245545
1788232647954191360,OK,1,0,14.6279,0.325625,0,1290,0,-1.561343,0.257600,4.655412,0.0070574,-0.6891339,0.0373394,0.7236369
1788232647987522048,OK,1,0,12.0283,0.35225,0,1568,0,-1.574235,0.255449,4.654673,0.0069506,-0.6902233,0.0371682,0.7226078
1788232648020853504,OK,1,0,11.3346,0.321708,0,1342,0,-1.587535,0.256849,4.655245,0.0069052,-0.6914067,0.0370112,0.7214841
1788232648054184960,OK,1,0,11.5162,0.333208,0,1393,0,-1.601079,0.254892,4.651425,0.0069736,-0.6925031,0.0366113,0.7204515
1788232648087516416,OK,1,0,12.1701,0.330708,0,1344,0,-1.607127,0.258106,4.651870,0.0069625,-0.6936014,0.0369814,0.7193754
1788232648120851456,OK,1,0,11.8958,0.403958,0,1517,0,-1.622465,0.259346,4.654525,0.0066133,-0.6943646,0.0375607,0.7186120
1788232648154191872,OK,1,0,10.9289,0.329041,0,1433,0,-1.633971,0.260561,4.652865,0.0067956,-0.6951143,0.0378471,0.7178702
1788232648187532032,OK,1,0,12.0586,0.358959,0,1447,0,-1.648208,0.262298,4.656178,0.0072472,-0.6961230,0.0384323,0.7168565
1788232648220872192,OK,1,0,16.5951,0.352333,0,1397,0,-1.658988,0.262041,4.654794,0.0072088,-0.6966609,0.0384863,0.7163312
1788232648254212352,OK,1,0,11.4773,0.29825,0,1585,0,-1.671952,0.263183,4.656014,0.0070157,-0.6976825,0.0384424,0.7153406
1788232648287552512,OK,1,0,10.75,0.3225,0,1366,0,-1.684281,0.260926,4.653580,0.0067816,-0.6983597,0.0385179,0.7146778
1788232648320892672,OK,1,0,11.4895,0.324583,0,1341,0,-1.697130,0.263655,4.653533,0.0068337,-0.6991853,0.0390365,0.7138414
1788232648354232576,OK,1,0,11.3676,0.332291,0,1336,0,-1.710669,0.261140,4.653445,0.0060885,-0.6999959,0.0388722,0.7130622
1788232648387572736,OK,1,0,12.1274,0.344083,0,1399,0,-1.722713,0.263159,4.650934,0.0070802,-0.7005485,0.0393552,0.7124835
1788232648420912896,OK,1,0,11.0503,0.348791,0,1351,0,-1.734266,0.259873,4.650832,0.0068052,-0.7017391,0.0393728,0.7113127
1788232648454252032,OK,1,0,10.523,0.325833,0,1361,0,-1.746396,0.259686,4.648960,0.0062497,-0.7024290,0.0395753,0.7106252
1788232648487591680,OK,1,0,11.814,0.346791,0,1429,0,-1.759296,0.260578,4.647363,0.0068397,-0.7030644,0.0400087,0.7099668
1788232648520931840,OK,1,0,11.0638,0.3685,0,1326,0,-1.771017,0.257867,4.647375,0.0061750,-0.7038594,0.0402209,0.7091728
1788232648554271744,OK,1,0,11.5051,0.351625,0,1364,0,-1.783919,0.261800,4.647778,0.0064824,-0.7047458,0.0403136,0.7082840
1788232648587611648,OK,1,0,10.457,0.331917,0,1299,0,-1.797495,0.261859,4.645157,0.0067765,-0.7054877,0.0402514,0.7075458
1788232648620951296,OK,1,0,10.1337,0.327542,0,1274,0,-1.810308,0.261214,4.644048,0.0062893,-0.7060346,0.0402113,0.7070068
1788232648654291200,OK,1,0,10.6522,0.320625,0,1269,0,-1.823315,0.260277,4.644849,0.0058679,-0.7066215,0.0400394,0.7064337
1788232648687631104,OK,1,0,10.4238,0.329416,0,1232,0,-1.834808,0.262173,4.641484,0.0061981,-0.7072590,0.0398685,0.7058023
1788232648720971008,OK,1,0,11.3349,0.338417,0,1234,0,-1.849121,0.262612,4.640253,0.0061619,-0.7081444,0.0399416,0.7049102
1788232648754310656,OK,1,0,12.2418,0.336875,0,1231,0,-1.869972,0.260418,4.630294,0.0060582,-0.7083134,0.0399647,0.7047399
1788232648787650304,OK,1,0,10.6028,0.334208,0,1239,0,-1.882649,0.258148,4.627163,0.0060032,-0.7090201,0.0399089,0.7040325
1788232648820989952,OK,1,0,11.4366,0.334459,0,1417,0,-1.893577,0.253713,4.623793,0.0059283,-0.7095151,0.0401401,0.7035211
1788232648854329600,OK,1,0,11.4225,0.3485,0,1261,0,-1.906155,0.255483,4.625760,0.0057642,-0.7102986,0.0406992,0.7026993
1788232648887668224,OK,1,0,10.3766,0.331583,0,1279,0,-1.918242,0.256110,4.626639,0.0059353,-0.7110977,0.0410339,0.7018697
1788232648921007872,OK,1,0,10.8072,0.3465,0,1196,0,-1.930921,0.256531,4.625785,0.0059594,-0.7120039,0.0413421,0.7009320
1788232648954347520,OK,1,0,11.1423,0.347,0,1222,0,-1.943081,0.253514,4.623197,0.0054738,-0.7127270,0.0407697,0.7002344
1788232648987686912,OK,1,0,10.9135,0.35425,0,1191,0,-1.956296,0.255553,4.621122,0.0060415,-0.7133850,0.0407018,0.6995632
1788232649021026560,OK,1,0,10.2162,0.400583,0,1189,0,-1.969621,0.254473,4.615681,0.0057485,-0.7137278,0.0404002,0.6992335
1788232649054365952,OK,1,0,10.677,0.349709,0,1193,0,-1.984104,0.254694,4.617629,0.0052880,-0.7147173,0.0401465,0.6982403
1788232649087705600,OK,1,0,10.7768,0.341208,0,1172,0,-1.997396,0.256543,4.614780,0.0053807,-0.7155015,0.0398365,0.6974539
1788232649121046528,OK,1,0,9.91421,0.345916,0,1141,0,-2.010222,0.255026,4.613284,0.0049302,-0.7162355,0.0393283,0.6967322
1788232649154390016,OK,1,0,9.74379,0.30625,0,1289,0,-2.024700,0.256111,4.611035,0.0051422,-0.7167806,0.0390094,0.6961879
1788232649187733760,OK,1,0,9.95087,0.297084,0,1250,0,-2.037646,0.257185,4.610102,0.0052685,-0.7177219,0.0387580,0.6952304
1788232649221077504,OK,1,0,10.0292,0.307042,0,1195,0,-2.048874,0.254723,4.605618,0.0053851,-0.7182542,0.0386022,0.6946883
1788232649254421248,OK,1,0,10.502,0.331541,0,1178,0,-2.060500,0.258773,4.604626,0.0064229,-0.7188580,0.0394179,0.6940088
1788232649287764992,OK,1,0,10.9125,0.353917,0,1141,0,-2.069794,0.253298,4.601141,0.0063543,-0.7194360,0.0393403,0.6934146
1788232649321107456,OK,1,0,10.5798,0.360041,0,1282,0,-2.081192,0.254389,4.599933,0.0068491,-0.7202757,0.0400665,0.6924961
1788232649354451200,OK,1,0,10.4656,0.345542,0,1203,0,-2.092733,0.253057,4.598944,0.0068753,-0.7209907,0.0402545,0.6917403
1788232649387794944,OK,1,0,10.3627,0.3415,0,1173,0,-2.104231,0.250428,4.595775,0.0069638,-0.7215336,0.0398969,0.6911939
1788232649421138432,OK,1,0,9.79596,0.32525,0,1150,0,-2.116519,0.253197,4.594162,0.0074680,-0.7224803,0.0400042,0.6901928
1788232649454482176,OK,1,0,11.0858,0.336666,0,1098,0,-2.130383,0.252208,4.591828,0.0072665,-0.7231982,0.0396865,0.6894611
1788232649487825920,OK,1,0,10.2712,0.355667,0,1096,0,-2.144015,0.254171,4.590950,0.0075232,-0.7239352,0.0397666,0.6886798
1788232649521169664,OK,1,0,11.5089,0.373125,0,1234,0,-2.155881,0.254324,4.588054,0.0071664,-0.7246371,0.0395480,0.6879576
1788232649554513408,OK,1,0,10.5694,0.349,0,1167,0,-2.169030,0.251669,4.586025,0.0064441,-0.7253451,0.0390320,0.6872478
1788232649587857152,OK,1,0,9.47842,0.319,0,1209,0,-2.183083,0.253349,4.583787,0.0067955,-0.7261782,0.0388156,0.6863764
1788232649621200896,OK,1,0,9.97904,0.334875,0,1195,0,-2.196038,0.255002,4.582317,0.0066001,-0.7271976,0.0389079,0.6852928
1788232649654544640,OK,1,0,10.4898,0.350041,0,1183,0,-2.209232,0.252956,4.581388,0.0061296,-0.7277764,0.0387127,0.6846935
1788232649687888384,OK,1,0,11.1742,0.359417,0,1262,0,-2.219724,0.253584,4.579665,0.0063474,-0.7282082,0.0389813,0.6842170
1788232649721232384,OK,1,0,10.4803,0.326,0,1221,0,-2.232153,0.252551,4.577469,0.0060381,-0.7290106,0.0392583,0.6833490
1788232649754576128,OK,1,0,9.67404,0.312625,0,1219,0,-2.243781,0.251895,4.573544,0.0061950,-0.7296290,0.0394187,0.6826782
1788232649787918848,OK,1,0,10.5164,0.316084,0,1181,0,-2.257236,0.254214,4.572944,0.0065047,-0.7305972,0.0394488,0.6816372
1788232649821262592,OK,1,0,10.4301,0.337875,0,1268,0,-2.270037,0.251944,4.570222,0.0060377,-0.7312763,0.0392419,0.6809248
1788232649854606592,OK,1,0,10.3155,0.327125,0,1206,0,-2.282710,0.251599,4.568916,0.0059892,-0.7318686,0.0393347,0.6802832
1788232649887950336,OK,1,0,9.45071,0.322,0,1179,0,-2.295681,0.253225,4.565794,0.0057921,-0.7324003,0.0396510,0.6796941
1788232649921294336,OK,1,0,11.1285,0.341,0,1289,0,-2.308355,0.251999,4.564440,0.0059257,-0.7332386,0.0396602,0.6787880
1788232649954638080,OK,1,0,10.8621,0.3435,0,1184,0,-2.319584,0.252864,4.561769,0.0058682,-0.7339885,0.0401604,0.6779481
1788232649987982080,OK,1,0,10.2848,0.32625,0,1258,0,-2.333511,0.251391,4.560355,0.0054813,-0.7348484,0.0401566,0.6770194
1788232650021326080,OK,1,0,10.7492,0.3325,0,1367,0,-2.345057,0.253199,4.558805,0.0060353,-0.7355573,0.0406469,0.6762151
1788232650054669824,OK,1,0,11.0886,0.323417,0,1343,0,-2.356779,0.250398,4.554546,0.0056454,-0.7359790,0.0406439,0.6757597
1788232650088013824,OK,1,0,10.7115,0.318125,0,1264,0,-2.369034,0.250254,4.551510,0.0056978,-0.7364662,0.0405278,0.6752352
1788232650121355520,OK,1,0,10.7718,0.328541,0,1355,0,-2.380655,0.250787,4.551461,0.0060411,-0.7374311,0.0406362,0.6741718
1788232650154693632,OK,1,0,10.8916,0.3375,0,1256,0,-2.393546,0.248215,4.548024,0.0053566,-0.7381214,0.0403048,0.6734416
1788232650188032000,OK,1,0,10.8159,0.336333,0,1392,0,-2.406403,0.251393,4.546102,0.0054296,-0.7387146,0.0404643,0.6727809
1788232650221369088,OK,1,0,11.2109,0.319916,0,1352,0,-2.420041,0.247823,4.543231,0.0053596,-0.7395938,0.0399263,0.6718469
1788232650254706944,OK,1,0,10.7511,0.335625,0,1222,0,-2.432609,0.248068,4.538414,0.0051467,-0.7409486,0.0397418,0.6703652
1788232650288045056,OK,1,0,10.4984,0.313709,0,1274,0,-2.445109,0.251010,4.532289,0.0055016,-0.7426224,0.0396225,0.6685145
1788232650321383424,OK,1,0,11.4745,0.333834,0,1546,0,-2.458333,0.248859,4.528143,0.0052267,-0.7442564,0.0394576,0.6667070
1788232650354721280,OK,1,0,11.4162,0.326875,0,1384,0,-2.470076,0.246881,4.524756,0.0051318,-0.7455465,0.0397070,0.6652499
1788232650388059136,OK,1,0,11.0702,0.327917,0,1243,0,-2.481437,0.248381,4.521775,0.0049180,-0.7473229,0.0401549,0.6632284
1788232650421396992,OK,1,0,11.8636,0.306208,0,1320,0,-2.492794,0.245467,4.515328,0.0054197,-0.7494018,0.0397309,0.6609002
1788232650454734848,OK,1,0,10.7645,0.319292,0,1182,0,-2.502827,0.244604,4.507708,0.0055078,-0.7514380,0.0393512,0.6586062
1788232650488072448,OK,1,0,11.3737,0.32325,0,1289,0,-2.514570,0.245891,4.506155,0.0050982,-0.7536110,0.0391781,0.6561323
1788232650521410304,OK,1,0,10.9263,0.341083,0,1166,0,-2.528493,0.248927,4.499846,0.0049053,-0.7559043,0.0393685,0.6534790
1788232650554748160,OK,1,0,12.0213,0.347334,0,1415,0,-2.540537,0.247387,4.494547,0.0048746,-0.7583490,0.0391953,0.6506510
1788232650588085760,OK,1,0,11.1022,0.308667,0,1295,0,-2.551703,0.250083,4.488334,0.0049216,-0.7605684,0.0398460,0.6480153
1788232650621423360,OK,1,0,11.463,0.327917,0,1228,0,-2.564797,0.253166,4.482635,0.0046426,-0.7630734,0.0405836,0.6450198
1788232650654759936,OK,1,0,10.5976,0.331584,0,1176,0,-2.578749,0.249963,4.477339,0.0044075,-0.7656263,0.0406326,0.6419860
1788232650688097536,OK,1,0,10.3265,0.312042,0,1161,0,-2.588932,0.250324,4.472216,0.0049440,-0.7679819,0.0406179,0.6391632
1788232650721435136,OK,1,0,10.9797,0.348459,0,1168,0,-2.599673,0.250601,4.464754,0.0056595,-0.7704851,0.0403130,0.6361569
1788232650754772480,OK,1,0,11.0574,0.32025,0,1114,0,-2.613515,0.252544,4.456001,0.0055528,-0.7731109,0.0404784,0.6329535
1788232650788109824,OK,1,0,10.1178,0.343625,0,1085,0,-2.624259,0.250624,4.451299,0.0055903,-0.7755157,0.0402045,0.6300220
1788232650821447168,OK,1,0,10.4513,0.37025,0,1115,0,-2.632015,0.246408,4.441657,0.0054278,-0.7777405,0.0398554,0.6272973
1788232650854784512,OK,1,0,10.5981,0.28975,0,1178,0,-2.645900,0.253088,4.435001,0.0063584,-0.7804759,0.0406939,0.6238276
1788232650888121856,OK,1,0,10.839,0.335875,0,1098,0,-2.655795,0.254036,4.427750,0.0063396,-0.7830780,0.0409116,0.6205440
1788232650921458944,OK,1,0,9.99525,0.325709,0,1100,0,-2.666821,0.251726,4.418197,0.0059926,-0.7856417,0.0405429,0.6173228
1788232650954796032,OK,1,0,10.9522,0.32675,0,1025,0,-2.678493,0.247646,4.410756,0.0059761,-0.7885080,0.0399262,0.6136981
1788232650988133376,OK,1,0,10.0761,0.356875,0,1139,0,-2.693601,0.245500,4.401460,0.0062838,-0.7917227,0.0396868,0.6095579
1788232651021470464,OK,1,0,10.9932,0.347,0,1181,0,-2.703784,0.250717,4.390016,0.0068761,-0.7948242,0.0399598,0.6054836
1788232651054807296,OK,1,0,10.439,0.353917,0,1109,0,-2.713721,0.246041,4.383370,0.0062949,-0.7979769,0.0397302,0.6013442
1788232651088144640,OK,1,0,10.3905,0.321375,0,1067,0,-2.723875,0.246748,4.376493,0.0063571,-0.8008549,0.0402478,0.5974707
1788232651121480704,OK,1,0,10.5252,0.334584,0,1030,0,-2.733314,0.243901,4.368049,0.0065558,-0.8035238,0.0406671,0.5938458
1788232651154818560,OK,1,0,9.89638,0.320083,0,1011,0,-2.744324,0.251220,4.359539,0.0075528,-0.8063733,0.0418426,0.5898765
1788232651188156160,OK,1,0,9.9045,0.341709,0,977,0,-2.759032,0.243119,4.352597,0.0066392,-0.8095549,0.0413512,0.5855483
1788232651221494016,OK,1,0,9.71017,0.355709,0,942,0,-2.767874,0.250422,4.342408,0.0072348,-0.8122938,0.0422058,0.5816743
1788232651254831872,OK,1,0,11.9775,0.3345,0,916,0,-2.776937,0.249590,4.332558,0.0074982,-0.8154165,0.0418538,0.5773111
1788232651288169472,OK,1,0,9.13021,0.338334,0,895,0,-2.788405,0.248681,4.320937,0.0077287,-0.8187916,0.0413785,0.5725456
1788232651321507328,OK,1,0,11.0435,0.326958,0,895,0,-2.804052,0.250864,4.311370,0.0082579,-0.8222906,0.0414348,0.5674973
1788232651354844928,OK,1,0,9.6825,0.338583,0,1098,0,-2.816210,0.252883,4.298963,0.0081172,-0.8253097,0.0418574,0.5630683
1788232651388182528,OK,1,0,9.98529,0.339625,0,1057,0,-2.819098,0.242777,4.292327,0.0073169,-0.8287424,0.0411950,0.5580641
1788232651421520384,OK,1,0,11.249,0.342708,0,1331,0,-2.826966,0.242468,4.280100,0.0075591,-0.8314488,0.0418836,0.5539689
1788232651454858240,OK,1,0,10.303,0.333708,0,1172,0,-2.836383,0.244989,4.272999,0.0078417,-0.8347722,0.0433450,0.5488306
1788232651488195840,OK,1,0,10.3635,0.322375,0,1074,0,-2.847054,0.246923,4.263517,0.0078706,-0.8378380,0.0445347,0.5440425
1788232651521533440,OK,1,0,11.0191,0.347042,0,1057,0,-2.851833,0.237586,4.254358,0.0073326,-0.8405865,0.0443646,0.5398077
1788232651554870016,OK,1,0,10.3595,0.342834,0,1013,0,-2.860768,0.242789,4.241936,0.0083547,-0.8435329,0.0452020,0.5351067
1788232651588208128,OK,1,0,10.0941,0.351458,0,978,0,-2.871456,0.241808,4.230962,0.0080764,-0.8470347,0.0451983,0.5295510
1788232651621545728,OK,1,0,10.7991,0.369625,0,1149,0,-2.883305,0.242211,4.218836,0.0083165,-0.8503530,0.0447439,0.5242410
1788232651654883328,OK,1,0,10.6837,0.339417,0,1077,0,-2.893431,0.244737,4.208468,0.0092183,-0.8537601,0.0445012,0.5186795
1788232651688220928,OK,1,0,10.3252,0.323708,0,1168,0,-2.899117,0.246598,4.194346,0.0097265,-0.8567615,0.0449255,0.5136603
1788232651721558528,OK,1,0,10.4153,0.324209,0,1140,0,-2.909242,0.244848,4.184756,0.0090529,-0.8600512,0.0452192,0.5081193
1788232651754896128,OK,1,0,10.9736,0.326875,0,1102,0,-2.921461,0.244957,4.175601,0.0087633,-0.8632748,0.0460531,0.5025525
1788232651788233984,OK,1,0,10.6822,0.323833,0,1266,0,-2.926185,0.243692,4.164084,0.0095618,-0.8661363,0.0465599,0.4975427
1788232651821571584,OK,1,0,11.7549,0.333208,0,1146,0,-2.935731,0.240988,4.153417,0.0091363,-0.8694547,0.0468462,0.4917016
1788232651854909184,OK,1,0,10.7488,0.327375,0,1211,0,-2.943948,0.242953,4.139255,0.0091401,-0.8724191,0.0469654,0.4864110
1788232651888246784,OK,1,0,10.262,0.347292,0,1141,0,-2.946235,0.242273,4.129087,0.0095785,-0.8752370,0.0471027,0.4813000
1788232651921584384,OK,1,0,10.9543,0.337375,0,1319,0,-2.954700,0.240657,4.116438,0.0099002,-0.8782500,0.0471722,0.4757666
1788232651954922240,OK,1,0,9.95667,0.331459,0,1189,0,-2.957094,0.236587,4.105228,0.0095097,-0.8810226,0.0467612,0.4706614
1788232651988258560,OK,1,0,10.4387,0.296958,0,1268,0,-2.966971,0.238881,4.094485,0.0092451,-0.8839279,0.0476627,0.4650959
1788232652021596160,OK,1,0,10.7459,0.337459,0,1259,0,-2.977211,0.238809,4.081897,0.0099316,-0.8866871,0.0483437,0.4597284
1788232652054933760,OK,1,0,10.8855,0.336958,0,1215,0,-2.981784,0.236768,4.070338,0.0099350,-0.8894315,0.0486650,0.4543619
1788232652088271360,OK,1,0,10.9794,0.317542,0,1200,0,-2.985039,0.237899,4.059484,0.0095570,-0.8922180,0.0487671,0.4488625
1788232652121609728,OK,1,0,11.1915,0.327583,0,1184,0,-2.993152,0.238416,4.047231,0.0093482,-0.8950633,0.0490113,0.4431391
1788232652154948096,OK,1,0,11.8821,0.324792,0,1168,0,-2.997952,0.236543,4.035099,0.0096804,-0.8979473,0.0489935,0.4372604
1788232652188286720,OK,1,0,10.5557,0.331583,0,1155,0,-3.005580,0.235447,4.022153,0.0094921,-0.9009146,0.0488138,0.4311381
1788232652221625088,OK,1,0,10.9694,0.329334,0,1156,0,-3.014198,0.233111,4.014608,0.0091629,-0.9039771,0.0487004,0.4246995
1788232652254963712,OK,1,0,10.4548,0.343292,0,1134,0,-3.017687,0.234875,4.001784,0.0095718,-0.9065614,0.0491397,0.4190945
1788232652288302080,OK,1,0,10.5284,0.305792,0,1558,0,-3.026120,0.239925,3.989244,0.0101426,-0.9095160,0.0495995,0.4125744
1788232652321640448,OK,1,0,12.8225,0.308792,0,1599,0,-3.031191,0.240781,3.976270,0.0097217,-0.9121705,0.0497766,0.4066606
1788232652354978816,OK,1,0,12.2788,0.367583,0,1464,0,-3.034416,0.238448,3.966105,0.0094185,-0.9146544,0.0497869,0.4010487
1788232652388316928,OK,1,0,11.8789,0.335458,0,1433,0,-3.038117,0.235960,3.952913,0.0094484,-0.9171549,0.0498847,0.3952836
1788232652421655296,OK,1,0,12.9195,0.325917,0,1407,0,-3.042492,0.236586,3.939077,0.0095510,-0.9197274,0.0500766,0.3892334
1788232652454992384,OK,1,0,12.162,0.324709,0,1348,0,-3.046059,0.237393,3.927664,0.0093779,-0.9221421,0.0501892,0.3834670
1788232652488330496,OK,1,0,12.2753,0.323042,0,1312,0,-3.051875,0.234984,3.915267,0.0086928,-0.9245521,0.0503215,0.3776184
1788232652521668608,OK,1,0,12.2524,0.35225,0,1300,0,-3.053661,0.235454,3.902813,0.0094499,-0.9269307,0.0506368,0.3716803
1788232652555006720,OK,1,0,11.4201,0.343125,0,1233,0,-3.059679,0.231715,3.890008,0.0092825,-0.9293855,0.0507085,0.3654930
1788232652588344832,OK,1,0,11.876,0.328708,0,1207,0,-3.060956,0.229874,3.879588,0.0088839,-0.9317395,0.0508596,0.3594382
1788232652621682944,OK,1,0,11.7112,0.349583,0,1743,0,-3.063118,0.228748,3.867222,0.0088342,-0.9339851,0.0509021,0.3535573
1788232652655020800,OK,1,0,13.8658,0.355334,0,1574,0,-3.066692,0.227827,3.853549,0.0091157,-0.9362673,0.0507552,0.3474830
1788232652688358656,OK,1,0,12.7573,0.347417,0,1530,0,-3.072535,0.226719,3.840249,0.0089909,-0.9385929,0.0504924,0.3411937
1788232652721696512,OK,1,0,12.4339,0.341375,0,1446,0,-3.072972,0.227327,3.826410,0.0092618,-0.9406863,0.0502574,0.3354070
1788232652755034368,OK,1,0,11.7017,0.356083,0,1406,0,-3.077282,0.224757,3.812889,0.0094701,-0.9429166,0.0499860,0.3291200
1788232652788372224,OK,1,0,12.7333,0.307833,0,1335,0,-3.076796,0.225356,3.799339,0.0099391,-0.9449891,0.0502681,0.3230634
1788232652821710080,OK,1,0,11.2962,0.355458,0,1283,0,-3.082535,0.224202,3.787160,0.0098897,-0.9471887,0.0506077,0.3165036
1788232652855047680,OK,1,0,12.1437,0.337958,0,1240,0,-3.085933,0.223098,3.775212,0.0095343,-0.9491942,0.0510234,0.3103805
1788232652888384256,OK,1,0,11.558,0.355833,0,1191,0,-3.091074,0.220432,3.762007,0.0091464,-0.9512028,0.0515263,0.3040965
1788232652921721856,OK,1,0,11.4661,0.329,0,1149,0,-3.091658,0.220902,3.747805,0.0094510,-0.9530385,0.0520993,0.2981847
1788232652955059456,OK,1,0,11.2856,0.323125,0,1414,0,-3.097708,0.222252,3.736905,0.0097210,-0.9551166,0.0524038,0.2913959
1788232652988397312,OK,1,0,10.9857,0.337042,0,1388,0,-3.101985,0.220015,3.722630,0.0091368,-0.9571096,0.0516922,0.2849310
1788232653021734656,OK,1,0,11.1343,0.337709,0,1335,0,-3.102260,0.218457,3.706465,0.0092119,-0.9589596,0.0510394,0.2787589
1788232653055072256,OK,1,0,11.7185,0.318917,0,1317,0,-3.099687,0.215700,3.695209,0.0095397,-0.9606947,0.0507084,0.2727697
1788232653088409600,OK,1,0,11.2063,0.322416,0,1293,0,-3.102582,0.217355,3.682332,0.0098810,-0.9623834,0.0507789,0.2667245
1788232653121746176,OK,1,0,11.2951,0.362875,0,1282,0,-3.104440,0.217855,3.666844,0.0100404,-0.9640281,0.0511172,0.2606456
1788232653155081472,OK,1,0,10.8283,0.365542,0,1234,0,-3.104965,0.213524,3.656085,0.0100195,-0.9657130,0.0516328,0.2542288
1788232653188416768,OK,1,0,11.1205,0.367,0,1230,0,-3.104331,0.210329,3.646947,0.0099542,-0.9673657,0.0524762,0.2476907
1788232653221752064,OK,1,0,10.9814,0.353375,0,1143,0,-3.105151,0.211634,3.636274,0.0095225,-0.9689385,0.0534309,0.2412731
1788232653255086848,OK,1,0,11.3737,0.335166,0,1168,0,-3.104401,0.208526,3.620519,0.0084889,-0.9701540,0.0543346,0.2361716
1788232653288422144,OK,1,0,10.9432,0.329083,0,1533,0,-3.105530,0.204532,3.609274,0.0084416,-0.9716554,0.0545896,0.2298577
1788232653321756160,OK,1,0,11.6832,0.329792,0,1435,0,-3.100965,0.205006,3.595342,0.0085867,-0.9730054,0.0549962,0.2239694
1788232653355090944,OK,1,0,11.4737,0.33275,0,1358,0,-3.103226,0.202528,3.582396,0.0083609,-0.9745071,0.0549367,0.2173662
1788232653388425984,OK,1,0,11.0952,0.329708,0,1300,0,-3.100003,0.198276,3.570455,0.0083222,-0.9758652,0.0548838,0.2112005
1788232653421760768,OK,1,0,10.8267,0.33375,0,1208,0,-3.101707,0.198605,3.555989,0.0087529,-0.9772453,0.0550880,0.2046469
1788232653455095808,OK,1,0,10.7149,0.315834,0,1268,0,-3.103842,0.199221,3.544281,0.0086282,-0.9785889,0.0553243,0.1980624
1788232653488430336,OK,1,0,10.213,0.336667,0,1198,0,-3.103373,0.197982,3.532854,0.0087780,-0.9798226,0.0555378,0.1917973
1788232653521764864,OK,1,0,10.1877,0.344792,0,1301,0,-3.102797,0.196174,3.518882,0.0090461,-0.9810485,0.0556561,0.1853762
1788232653555099648,OK,1,0,10.5861,0.315084,0,1249,0,-3.097947,0.196898,3.508908,0.0091037,-0.9822443,0.0557254,0.1789076
1788232653588434432,OK,1,0,10.3587,0.330625,0,1377,0,-3.098700,0.196809,3.494950,0.0093850,-0.9834198,0.0556388,0.1723421
1788232653621768704,OK,1,0,10.2094,0.319792,0,1353,0,-3.096120,0.192042,3.482227,0.0089840,-0.9845264,0.0555461,0.1659570
1788232653655103232,OK,1,0,10.6123,0.324959,0,1356,0,-3.096129,0.193080,3.470797,0.0089397,-0.9856120,0.0559147,0.1592568
1788232653688437760,OK,1,0,10.7501,0.328167,0,1305,0,-3.096228,0.190746,3.457637,0.0084322,-0.9866231,0.0561348,0.1528158
1788232653721772032,OK,1,0,10.0713,0.309,0,1338,0,-3.095480,0.191222,3.445933,0.0085812,-0.9875252,0.0565632,0.1467007
1788232653755106304,OK,1,0,12.2891,0.328042,0,1672,0,-3.091982,0.190771,3.434366,0.0088543,-0.9884381,0.0568761,0.1402742
1788232653788439552,OK,1,0,12.0065,0.304875,0,1594,0,-3.087427,0.190430,3.420408,0.0089253,-0.9893762,0.0564666,0.1336657
1788232653821773568,OK,1,0,11.6567,0.337167,0,1589,0,-3.086543,0.190798,3.405287,0.0086935,-0.9902774,0.0559595,0.1270577
1788232653855107840,OK,1,0,11.8587,0.338,0,1545,0,-3.083536,0.188937,3.392205,0.0089242,-0.9910564,0.0558157,0.1208803
1788232653888441856,OK,1,0,11.8749,0.307458,0,1480,0,-3.078991,0.187943,3.379304,0.0094658,-0.9917948,0.0556480,0.1147032
1788232653921776128,OK,1,0,11.502,0.306084,0,1555,0,-3.082391,0.187144,3.364840,0.0093845,-0.9924484,0.0554655,0.1090031
1788232653955110144,OK,1,0,12.2182,0.340791,0,1618,0,-3.081081,0.187251,3.351106,0.0093068,-0.9929529,0.0555392,0.1042755
1788232653988443904,OK,1,0,11.097,0.312292,0,1464,0,-3.079465,0.186119,3.338374,0.0092702,-0.9934797,0.0557138,0.0990357
1788232654021777920,OK,1,0,11.9995,0.317917,0,1410,0,-3.079614,0.186301,3.325610,0.0091436,-0.9939776,0.0556086,0.0939821
1788232654055111680,OK,1,0,11.6488,0.332375,0,1352,0,-3.079141,0.186277,3.313681,0.0091029,-0.9943265,0.0554698,0.0903061
1788232654088445440,OK,1,0,11.2138,0.34475,0,1298,0,-3.076999,0.186427,3.299320,0.0091242,-0.9945788,0.0555524,0.0874284
1788232654121784320,OK,1,0,11.1941,0.34875,0,1256,0,-3.079009,0.184079,3.286384,0.0088905,-0.9948294,0.0552894,0.0847268
1788232654155130624,OK,1,0,11.6216,0.344084,0,1334,0,-3.065784,0.184919,3.276074,0.0087072,-0.9948761,0.0550302,0.0843648
1788232654188476928,OK,1,0,11.5279,0.336708,0,1325,0,-3.066828,0.184597,3.263874,0.0086456,-0.9950407,0.0547718,0.0825791
1788232654221821952,OK,1,0,10.504,0.328584,0,1304,0,-3.068509,0.184757,3.250591,0.0086890,-0.9950774,0.0548173,0.0821008
1788232654255168256,OK,1,0,10.2672,0.288167,0,1287,0,-3.069512,0.183340,3.238662,0.0083145,-0.9950854,0.0546967,0.0821227
1788232654288514560,OK,1,0,11.563,0.298083,0,1294,0,-3.070908,0.184423,3.226096,0.0084055,-0.9951075,0.0547171,0.0818312
1788232654321860864,OK,1,0,10.2193,0.288042,0,1294,0,-3.073260,0.182130,3.214754,0.0082653,-0.9951652,0.0548927,0.0810234
1788232654355207168,OK,1,0,10.0932,0.357875,0,1284,0,-3.077163,0.180094,3.201509,0.0077955,-0.9952432,0.0547389,0.0802112
1788232654388553728,OK,1,0,9.81438,0.26625,0,1271,0,-3.077266,0.182573,3.190944,0.0078271,-0.9952372,0.0550892,0.0800420
1788232654421900288,OK,1,0,10.2683,0.361167,0,1536,0,-3.083959,0.179094,3.179975,0.0077488,-0.9953008,0.0553966,0.0790407
1788232654455246848,OK,1,0,11.129,0.292542,0,1553,0,-3.084904,0.177396,3.167531,0.0076355,-0.9953260,0.0553638,0.0787572
1788232654488593408,OK,1,0,11.8236,0.3375,0,1516,0,-3.088126,0.177992,3.155643,0.0078903,-0.9953464,0.0555691,0.0783290
1788232654521940224,OK,1,0,12.0485,0.357208,0,1467,0,-3.086733,0.178402,3.142405,0.0077719,-0.9953742,0.0554582,0.0780654
1788232654555286784,OK,1,0,12.6495,0.343083,0,1451,0,-3.090552,0.176511,3.129767,0.0077732,-0.9954566,0.0549448,0.0773741
1788232654588633600,OK,1,0,11.7294,0.332583,0,1419,0,-3.090333,0.177346,3.117024,0.0079495,-0.9954730,0.0549396,0.0771494
1788232654621980160,OK,1,0,11.4228,0.296375,0,1441,0,-3.098724,0.181262,3.094054,0.0085988,-0.9955871,0.0543876,0.0759888
1788232654655326208,OK,1,0,11.3185,0.28675,0,1431,0,-3.101680,0.179587,3.081923,0.0089122,-0.9956490,0.0539266,0.0754693
1788232654688673024,OK,1,0,10.9372,0.269167,0,1408,0,-3.102628,0.179470,3.068389,0.0089932,-0.9956965,0.0537875,0.0749306
1788232654722020096,OK,1,0,10.6958,0.316166,0,1385,0,-3.102255,0.180825,3.053786,0.0087226,-0.9957273,0.0537727,0.0745627
1788232654755366912,OK,1,0,10.379,0.366625,0,1351,0,-3.105970,0.178022,3.042387,0.0084780,-0.9957706,0.0537674,0.0740149
1788232654788713984,OK,1,0,10.6708,0.345125,0,1346,0,-3.110331,0.177824,3.030248,0.0081687,-0.9958150,0.0539004,0.0733515
1788232654822061056,OK,1,0,11.1093,0.298959,0,1333,0,-3.111590,0.177633,3.018187,0.0080735,-0.9958647,0.0536307,0.0728843
1788232654855407872,OK,1,0,10.9863,0.296125,0,1312,0,-3.111573,0.176756,3.005609,0.0082249,-0.9958946,0.0536093,0.0724742
1788232654888755200,OK,1,0,10.6711,0.333708,0,1281,0,-3.112204,0.176627,2.991311,0.0083516,-0.9959441,0.0533076,0.0719989
1788232654922102272,OK,1,0,11.2577,0.333792,0,1286,0,-3.114852,0.174865,2.977910,0.0081932,-0.9960102,0.0528472,0.0714406
1788232654955449600,OK,1,0,11.004,0.327542,0,1271,0,-3.117731,0.174848,2.968773,0.0080349,-0.9960510,0.0527474,0.0709623
1788232654988796928,OK,1,0,10.4346,0.324542,0,1235,0,-3.115704,0.175450,2.953987,0.0080287,-0.9960780,0.0524261,0.0708214
1788232655022144256,OK,1,0,10.1053,0.294667,0,1217,0,-3.121673,0.175450,2.943471,0.0079336,-0.9961573,0.0523095,0.0697946
1788232655055491328,OK,1,0,10.3023,0.355083,0,1204,0,-3.121069,0.174889,2.929973,0.0081170,-0.9961850,0.0521890,0.0694685
1788232655088838912,OK,1,0,10.0388,0.348042,0,1191,0,-3.122176,0.176240,2.914623,0.0079282,-0.9962266,0.0518690,0.0691329
1788232655122182144,OK,1,0,9.96967,0.273875,0,1364,0,-3.124671,0.173459,2.903864,0.0079390,-0.9962666,0.0516538,0.0687151
1788232655155522048,OK,1,0,10.7608,0.290875,0,1365,0,-3.126478,0.174112,2.891469,0.0079952,-0.9963123,0.0514605,0.0681884
1788232655188861696,OK,1,0,11.0272,0.323291,0,1358,0,-3.127199,0.173423,2.877587,0.0083781,-0.9963676,0.0510168,0.0676671
1788232655222201600,OK,1,0,11.5712,0.336583,0,1299,0,-3.130068,0.172359,2.865303,0.0083388,-0.9964442,0.0507444,0.0667418
1788232655255541760,OK,1,0,12.1564,0.359,0,1309,0,-3.130709,0.173326,2.853024,0.0083705,-0.9964656,0.0508517,0.0663344
1788232655288881664,OK,1,0,12.6983,0.312167,0,1268,0,-3.132195,0.171557,2.840191,0.0082790,-0.9964874,0.0508936,0.0659860
1788232655322221312,OK,1,0,11.9423,0.324375,0,1281,0,-3.136947,0.177438,2.827038,0.0085288,-0.9965468,0.0513275,0.0647090
1788232655355561216,OK,1,0,11.1738,0.3075,0,1253,0,-3.137137,0.176718,2.815031,0.0085016,-0.9965687,0.0514092,0.0643086
1788232655388901120,OK,1,0,10.9718,0.293083,0,1250,0,-3.138702,0.175385,2.804278,0.0086245,-0.9966127,0.0517008,0.0633704
1788232655422241024,OK,1,0,11.2685,0.293583,0,1223,0,-3.141403,0.175244,2.791830,0.0085534,-0.9966649,0.0518864,0.0623988
1788232655455580928,OK,1,0,10.1705,0.294875,0,1369,0,-3.141144,0.174153,2.779367,0.0087087,-0.9966934,0.0518485,0.0619529
1788232655488920832,OK,1,0,10.7853,0.30675,0,1488,0,-3.141895,0.172808,2.767510,0.0086473,-0.9967753,0.0517604,0.0607054
1788232655522260736,OK,1,0,12.034,0.325292,0,1444,0,-3.142218,0.173517,2.753855,0.0084267,-0.9969029,0.0516309,0.0587186
1788232655555599616,OK,1,0,11.9603,0.353625,0,1405,0,-3.144007,0.173127,2.741295,0.0086111,-0.9970547,0.0515571,0.0561217
1788232655588939520,OK,1,0,12.0646,0.36225,0,1392,0,-3.140143,0.172561,2.729286,0.0088807,-0.9971732,0.0517022,0.0537911
1788232655622279424,OK,1,0,12.4678,0.344625,0,1323,0,-3.141390,0.171005,2.717456,0.0084189,-0.9973177,0.0515752,0.0512494
1788232655655619328,OK,1,0,12.1052,0.340958,0,1348,0,-3.145094,0.171775,2.707531,0.0081568,-0.9974492,0.0517693,0.0484612
1788232655688959232,OK,1,0,11.576,0.335584,0,1355,0,-3.144601,0.169805,2.697003,0.0083695,-0.9975469,0.0519086,0.0462128
1788232655722299136,OK,1,0,10.5485,0.381875,0,1301,0,-3.142306,0.169443,2.685688,0.0087033,-0.9976277,0.0523156,0.0438910
1788232655755639040,OK,1,0,11.5633,0.316334,0,1290,0,-3.142704,0.169374,2.672801,0.0085307,-0.9977597,0.0521122,0.0410755
1788232655788978944,OK,1,0,10.459,0.285208,0,1281,0,-3.140574,0.167805,2.659400,0.0087825,-0.9978575,0.0519248,0.0388219
1788232655822318848,OK,1,0,10.4092,0.355,0,1280,0,-3.140504,0.166160,2.647451,0.0085061,-0.9979616,0.0517943,0.0362985
1788232655855658752,OK,1,0,10.7481,0.353,0,1527,0,-3.140084,0.166742,2.635249,0.0081473,-0.9980574,0.0518086,0.0336308
1788232655888998656,OK,1,0,11.7285,0.312167,0,1504,0,-3.135730,0.168140,2.623366,0.0080065,-0.9981321,0.0520744,0.0309263
1788232655922338560,OK,1,0,11.7508,0.330375,0,1458,0,-3.138250,0.167045,2.610646,0.0079975,-0.9982193,0.0521438,0.0278438
1788232655955678464,OK,1,0,12.7712,0.333584,0,1429,0,-3.136984,0.166363,2.599062,0.0077606,-0.9982857,0.0522328,0.0252421
1788232655989017344,OK,1,0,10.7274,0.345875,0,1387,0,-3.134483,0.166414,2.586529,0.0074684,-0.9983619,0.0520838,0.0224744
1788232656022357504,OK,1,0,13.9094,0.351333,0,1363,0,-3.131433,0.165174,2.573104,0.0080958,-0.9984049,0.0522546,0.0197927
1788232656055697152,OK,1,0,11.3676,0.343042,0,1315,0,-3.129979,0.163716,2.562417,0.0085021,-0.9984580,0.0521675,0.0169668
1788232656089037056,OK,1,0,11.5148,0.331167,0,1339,0,-3.134845,0.161462,2.547824,0.0079682,-0.9985355,0.0516354,0.0140443
1788232656122380032,OK,1,0,11.4844,0.299333,0,1588,0,-3.133284,0.163382,2.534342,0.0073093,-0.9985434,0.0518084,0.0131707
1788232656155726848,OK,1,0,12.2614,0.313458,0,1525,0,-3.135370,0.161979,2.522844,0.0071953,-0.9985572,0.0517301,0.0124839
1788232656189073920,OK,1,0,11.8728,0.338083,0,1489,0,-3.135616,0.160265,2.509382,0.0071805,-0.9985672,0.0516773,0.0119010
1788232656222420992,OK,1,0,13.0688,0.338875,0,1446,0,-3.135433,0.160400,2.496717,0.0072979,-0.9985923,0.0513311,0.0112001
1788232656255768064,OK,1,0,11.7759,0.329625,0,1429,0,-3.134367,0.161204,2.483664,0.0075928,-0.9985994,0.0512642,0.0106563
1788232656289115136,OK,1,0,12.2758,0.332208,0,1378,0,-3.134916,0.159835,2.470576,0.0075335,-0.9986100,0.0511581,0.0102084
1788232656322462464,OK,1,0,11.827,0.330958,0,1387,0,-3.134622,0.159603,2.455279,0.0076231,-0.9986350,0.0507625,0.0096588
1788232656355809792,OK,1,0,12.2194,0.311792,0,1360,0,-3.136007,0.159927,2.442553,0.0079150,-0.9986368,0.0508225,0.0088835
1788232656389157120,OK,1,0,11.9425,0.325666,0,1338,0,-3.132604,0.158980,2.430068,0.0078530,-0.9986429,0.0507734,0.0085327
1788232656422504704,OK,1,0,11.653,0.334083,0,1321,0,-3.134399,0.158921,2.417672,0.0077105,-0.9986569,0.0505804,0.0081541
1788232656455851264,OK,1,0,11.7275,0.325625,0,1511,0,-3.134627,0.157652,2.404325,0.0078094,-0.9986348,0.0510393,0.0079173
1788232656489198848,OK,1,0,11.965,0.315625,0,1570,0,-3.134769,0.156212,2.393831,0.0076412,-0.9986039,0.0516903,0.0077520
1788232656522546688,OK,1,0,11.994,0.341209,0,1485,0,-3.135227,0.156640,2.382648,0.0074344,-0.9985767,0.0522228,0.0078791
1788232656555894528,OK,1,0,11.7923,0.348042,0,1419,0,-3.137512,0.154264,2.372732,0.0075776,-0.9985278,0.0531699,0.0075980
1788232656589242368,OK,1,0,12.0849,0.352125,0,1396,0,-3.137906,0.154223,2.361391,0.0071703,-0.9985094,0.0536271,0.0071911
1788232656622590208,OK,1,0,12.541,0.342167,0,1365,0,-3.138075,0.154466,2.348162,0.0075543,-0.9985200,0.0533977,0.0070378
1788232656655938304,OK,1,0,11.9845,0.338875,0,1371,0,-3.137299,0.154542,2.336538,0.0077778,-0.9984955,0.0538492,0.0068203
1788232656689286400,OK,1,0,11.5587,0.340583,0,1370,0,-3.134147,0.153600,2.321818,0.0081873,-0.9984972,0.0537608,0.0067939
1788232656722634496,OK,1,0,12.354,0.350125,0,1356,0,-3.135965,0.151653,2.310740,0.0086432,-0.9985049,0.0535674,0.0066250
1788232656755982592,OK,1,0,11.4254,0.362,0,1327,0,-3.135445,0.150938,2.298512,0.0087079,-0.9984918,0.0538488,0.0062107
1788232656789330944,OK,1,0,11.3803,0.315208,0,1479,0,-3.136884,0.151001,2.286160,0.0083476,-0.9984965,0.0538621,0.0058180
1788232656822679552,OK,1,0,11.3909,0.316542,0,1471,0,-3.137540,0.150845,2.274975,0.0083686,-0.9984858,0.0540516,0.0058737
1788232656856028160,OK,1,0,11.3828,0.324208,0,1396,0,-3.136500,0.150571,2.261949,0.0083476,-0.9984636,0.0544829,0.0056975
1788232656889375488,OK,1,0,11.8459,0.310375,0,1367,0,-3.136223,0.150001,2.250043,0.0084355,-0.9984640,0.0544755,0.0055617
1788232656922724096,OK,1,0,11.7773,0.323792,0,1357,0,-3.134240,0.148981,2.237034,0.0090738,-0.9984570,0.0544876,0.0056923
1788232656956072704,OK,1,0,12.7461,0.33475,0,1325,0,-3.134709,0.148482,2.224043,0.0090644,-0.9984660,0.0543790,0.0051514
1788232656989421568,OK,1,0,11.4403,0.339958,0,1285,0,-3.136168,0.149841,2.210492,0.0090584,-0.9984927,0.0539109,0.0048953
1788232657022770432,OK,1,0,11.4267,0.322208,0,1302,0,-3.134214,0.147964,2.197628,0.0092888,-0.9985112,0.0535273,0.0048952
1788232657056119296,OK,1,0,11.8674,0.342417,0,1282,0,-3.134661,0.147894,2.184174,0.0090466,-0.9985124,0.0535668,0.0046644
1788232657089468160,OK,1,0,11.1881,0.338208,0,1342,0,-3.133889,0.147045,2.172895,0.0093570,-0.9985216,0.0533317,0.0047792
1788232657122814464,OK,1,0,11.2066,0.31275,0,1415,0,-3.134448,0.146477,2.161245,0.0093566,-0.9985131,0.0535180,0.0044556
1788232657156156672,OK,1,0,11.7888,0.344083,0,1472,0,-3.135746,0.146554,2.148463,0.0088038,-0.9985049,0.0537917,0.0041134
1788232657189499136,OK,1,0,14.3912,0.346625,0,1447,0,-3.136011,0.147026,2.136276,0.0088176,-0.9984875,0.0541180,0.0040357
1788232657222841600,OK,1,0,11.7577,0.320125,0,1373,0,-3.135633,0.145397,2.125390,0.0086207,-0.9984698,0.0544932,0.0037709
1788232657256183808,OK,1,0,11.1858,0.332042,0,1447,0,-3.135914,0.143084,2.114434,0.0085565,-0.9984599,0.0546899,0.0036984
1788232657289526272,OK,1,0,11.7883,0.32625,0,1373,0,-3.136975,0.143149,2.103550,0.0085268,-0.9984215,0.0553887,0.0037187
1788232657322867712,OK,1,0,11.4837,0.329917,0,1395,0,-3.137215,0.141703,2.091389,0.0081559,-0.9984116,0.0556462,0.0033595
1788232657356210176,OK,1,0,12.522,0.318,0,1641,0,-3.138251,0.142649,2.078493,0.0080018,-0.9984144,0.0556346,0.0030926
1788232657389552640,OK,1,0,12.0778,0.327,0,1496,0,-3.136977,0.141707,2.065759,0.0082090,-0.9984232,0.0554429,0.0031549
1788232657422895360,OK,1,0,11.8451,0.321541,0,1436,0,-3.138466,0.139914,2.052688,0.0082051,-0.9984450,0.0550687,0.0027775
1788232657456237824,OK,1,0,14.1924,0.347125,0,1395,0,-3.137615,0.140008,2.038918,0.0084627,-0.9984596,0.0547617,0.0028218
1788232657489580288,OK,1,0,12.2469,0.354125,0,1331,0,-3.137853,0.139043,2.027030,0.0085103,-0.9984687,0.0546047,0.0025040
1788232657522922752,OK,1,0,12.1753,0.364833,0,1275,0,-3.139998,0.139054,2.014834,0.0078377,-0.9984763,0.0545848,0.0020248
1788232657556265472,OK,1,0,11.5677,0.316042,0,1266,0,-3.138216,0.139496,2.000851,0.0078346,-0.9984768,0.0545649,0.0023266
1788232657589607936,OK,1,0,11.1179,0.33375,0,1245,0,-3.139838,0.139352,1.989295,0.0078069,-0.9984777,0.0545620,0.0020898
1788232657622950656,OK,1,0,10.6218,0.317417,0,1306,0,-3.140921,0.137572,1.974504,0.0080060,-0.9985095,0.0539729,0.0012947
1788232657656293120,OK,1,0,11.0086,0.294666,0,1316,0,-3.143001,0.137363,1.962446,0.0084762,-0.9984922,0.0542270,0.0009283
1788232657689636096,OK,1,0,10.3375,0.27225,0,1279,0,-3.139621,0.135830,1.949616,0.0085810,-0.9984956,0.0541471,0.0009608
1788232657722978816,OK,1,0,10.3351,0.391375,0,1293,0,-3.141554,0.134681,1.937524,0.0084626,-0.9984869,0.0543331,0.0004658
1788232657756321536,OK,1,0,11.09,0.307125,0,1434,0,-3.141618,0.135716,1.926044,0.0084270,-0.9984513,0.0549899,0.0003781
1788232657789662976,OK,1,0,11.2489,0.350375,0,1336,0,-3.141943,0.130583,1.914911,0.0081398,-0.9984626,0.0548281,0.0001440
1788232657823005952,OK,1,0,12.3382,0.351833,0,1291,0,-3.141059,0.130514,1.904344,0.0079718,-0.9984439,0.0551927,0.0001026
1788232657856348672,OK,1,0,11.4502,0.371,0,1305,0,-3.140698,0.131754,1.892649,0.0082196,-0.9984072,0.0558164,0.0001546
1788232657889691648,OK,1,0,12.1601,0.372291,0,1271,0,-3.144744,0.131517,1.878225,-0.0083396,0.9983959,-0.0559996,0.0004855
1788232657923034368,OK,1,0,11.7051,0.354917,0,1254,0,-3.143042,0.129785,1.866258,-0.0084543,0.9984095,-0.0557380,0.0006122
1788232657956377088,OK,1,0,11.368,0.352167,0,1221,0,-3.143840,0.131926,1.853119,-0.0088013,0.9984106,-0.0556620,0.0007645
1788232657989720320,OK,1,0,11.0113,0.336125,0,1180,0,-3.142786,0.132010,1.838780,-0.0093190,0.9984275,-0.0552704,0.0009803
1788232658023063040,OK,1,0,10.2408,0.33025,0,1191,0,-3.138687,0.127839,1.824273,-0.0096496,0.9984453,-0.0548876,0.0010939
1788232658056406016,OK,1,0,10.333,0.291166,0,1180,0,-3.139652,0.127334,1.812554,-0.0098144,0.9984568,-0.0546448,0.0013017
1788232658089748992,OK,1,0,10.8414,0.301542,0,1248,0,-3.138214,0.128319,1.799915,-0.0095023,0.9984558,-0.0547166,0.0014057
1788232658123090944,OK,1,0,10.4028,0.323042,0,1208,0,-3.142659,0.127142,1.786001,-0.0092463,0.9984605,-0.0546595,0.0018699
1788232658156431360,OK,1,0,10.726,0.330167,0,1194,0,-3.136970,0.126325,1.774152,-0.0095295,0.9984720,-0.0544065,0.0016516
1788232658189771776,OK,1,0,11.1989,0.331917,0,1192,0,-3.137790,0.125678,1.762356,-0.0096122,0.9984708,-0.0544036,0.0019938
1788232658223111168,OK,1,0,10.7067,0.34075,0,1173,0,-3.134169,0.124389,1.748907,-0.0099552,0.9984576,-0.0545917,0.0017631
1788232658256451584,OK,1,0,11.0009,0.377625,0,1139,0,-3.135436,0.124610,1.737189,-0.0099113,0.9984753,-0.0542604,0.0021717
1788232658289792000,OK,1,0,11.33,0.353792,0,1137,0,-3.134439,0.121752,1.724904,-0.0097007,0.9984943,-0.0539358,0.0024306
1788232658323132416,OK,1,0,11.2848,0.353,0,1104,0,-3.135180,0.122475,1.713380,-0.0094411,0.9984916,-0.0540354,0.0023489
1788232658356472576,OK,1,0,9.96117,0.345709,0,1099,0,-3.135655,0.124650,1.697124,-0.0092192,0.9984945,-0.0540106,0.0025779
1788232658389812992,OK,1,0,10.0147,0.285792,0,1129,0,-3.140892,0.125092,1.683317,-0.0091799,0.9984746,-0.0543437,0.0033144
1788232658423153664,OK,1,0,10.1523,0.30175,0,1210,0,-3.137072,0.124440,1.672458,-0.0091118,0.9984557,-0.0547113,0.0031482
1788232658456493824,OK,1,0,10.7125,0.321625,0,1217,0,-3.139930,0.121509,1.659288,-0.0087403,0.9984741,-0.0544170,0.0034446
1788232658489834240,OK,1,0,11.3576,0.345708,0,1189,0,-3.138198,0.122985,1.648245,-0.0085322,0.9984525,-0.0548461,0.0034351
1788232658523174656,OK,1,0,11.4474,0.353458,0,1144,0,-3.141129,0.121283,1.635160,-0.0082137,0.9984600,-0.0547335,0.0037973
1788232658556514816,OK,1,0,10.7885,0.359708,0,1104,0,-3.143547,0.120639,1.621503,-0.0082199,0.9984501,-0.0548805,0.0042528
1788232658589855232,OK,1,0,11.4614,0.341208,0,1109,0,-3.139774,0.121980,1.610661,-0.0083935,0.9984316,-0.0552060,0.0040170
1788232658623195648,OK,1,0,9.73383,0.354125,0,1086,0,-3.137395,0.124502,1.598247,-0.0084306,0.9984316,-0.0552061,0.0039480
1788232658656534784,OK,1,0,10.7881,0.347791,0,1061,0,-3.139293,0.122129,1.583743,-0.0083647,0.9984661,-0.0545572,0.0043738
1788232658689874944,OK,1,0,10.0882,0.322167,0,1066,0,-3.140795,0.117553,1.569101,-0.0077817,0.9985083,-0.0538515,0.0045380
1788232658723215360,OK,1,0,9.84958,0.310209,0,1145,0,-3.138349,0.120615,1.555597,-0.0077201,0.9985090,-0.0538644,0.0043482
1788232658756555776,OK,1,0,9.99342,0.350125,0,1094,0,-3.138793,0.121246,1.543265,-0.0077919,0.9985039,-0.0539191,0.0047051
1788232658789895680,OK,1,0,11.0003,0.396334,0,1069,0,-3.136137,0.118386,1.531303,-0.0077974,0.9985112,-0.0537892,0.0046199
1788232658823236096,OK,1,0,10.3329,0.344625,0,1047,0,-3.140304,0.116485,1.518199,-0.0076170,0.9985271,-0.0534885,0.0049592
1788232658856576512,OK,1,0,10.5939,0.348709,0,1008,0,-3.142665,0.114543,1.505375,-0.0073830,0.9985403,-0.0532411,0.0052981
1788232658889916416,OK,1,0,9.76754,0.357542,0,1003,0,-3.141385,0.118008,1.492454,-0.0075864,0.9985236,-0.0535048,0.0055067
1788232658923256832,OK,1,0,10.4213,0.348416,0,1007,0,-3.142539,0.116044,1.478228,-0.0077709,0.9985378,-0.0531703,0.0059007
1788232658956596992,OK,1,0,9.48825,0.332208,0,995,0,-3.140989,0.114787,1.467459,-0.0077124,0.9985323,-0.0532763,0.0059531
1788232658989937152,OK,1,0,9.98971,0.331667,0,1051,0,-3.137319,0.116914,1.452919,-0.0078339,0.9985381,-0.0531899,0.0055727
1788232659023277312,OK,1,0,9.72046,0.329875,0,1143,0,-3.136069,0.120474,1.440274,-0.0078845,0.9985335,-0.0532671,0.0055939
1788232659056617728,OK,1,0,10.4547,0.344166,0,1092,0,-3.135220,0.115619,1.428163,-0.0074640,0.9985577,-0.0528641,0.0056826
1788232659089957888,OK,1,0,10.0432,0.343584,0,1082,0,-3.136927,0.116695,1.415472,-0.0073712,0.9985577,-0.0528398,0.0060166
1788232659123299072,OK,1,0,10.3211,0.361291,0,1075,0,-3.139241,0.118145,1.401020,-0.0076103,0.9985219,-0.0534267,0.0064634
1788232659156644352,OK,1,0,10.2453,0.364041,0,1091,0,-3.138019,0.115791,1.390474,-0.0073250,0.9985139,-0.0536380,0.0062765
1788232659189989376,OK,1,0,10.257,0.332917,0,1073,0,-3.138236,0.119661,1.379366,-0.0076237,0.9984766,-0.0542905,0.0062428
1788232659223334912,OK,1,0,9.74354,0.314333,0,1076,0,-3.136106,0.115560,1.368342,-0.0075872,0.9984749,-0.0543263,0.0062418
1788232659256680192,OK,1,0,10.393,0.334458,0,1078,0,-3.138009,0.112842,1.355760,-0.0073879,0.9984869,-0.0541055,0.0064863
1788232659290025728,OK,1,0,9.77417,0.324542,0,1046,0,-3.134892,0.114311,1.342555,-0.0081144,0.9984795,-0.0541467,0.0064083
1788232659323370752,OK,1,0,10.4641,0.372916,0,1011,0,-3.132699,0.113928,1.330339,-0.0084507,0.9984682,-0.0542582,0.0067737
1788232659356716288,OK,1,0,9.68425,0.349167,0,982,0,-3.133739,0.112027,1.317735,-0.0085660,0.9984857,-0.0538763,0.0070987
1788232659390061824,OK,1,0,10.9823,0.3145,0,1022,0,-3.133409,0.109049,1.305114,-0.0088799,0.9984966,-0.0536284,0.0070551
1788232659423407104,OK,1,0,9.36942,0.319583,0,988,0,-3.137186,0.109095,1.290719,-0.0087072,0.9984796,-0.0539021,0.0075690
1788232659456752640,OK,1,0,9.67525,0.313625,0,1106,0,-3.134702,0.106877,1.279041,-0.0086674,0.9985066,-0.0533997,0.0076120
1788232659490098176,OK,1,0,9.55921,0.334833,0,1076,0,-3.132319,0.107706,1.265830,-0.0088795,0.9985070,-0.0533535,0.0076403
1788232659523443712,OK,1,0,9.51279,0.32425,0,1094,0,-3.132308,0.105312,1.253527,-0.0090814,0.9985186,-0.0530676,0.0078742
1788232659556787968,OK,1,0,11.2218,0.351708,0,1038,0,-3.129292,0.106835,1.241020,-0.0093378,0.9985232,-0.0529629,0.0076887
1788232659590133760,OK,1,0,10.8757,0.33525,0,1092,0,-3.133891,0.105886,1.227259,-0.0091434,0.9985154,-0.0530616,0.0082398
1788232659623479296,OK,1,0,10.624,0.348542,0,1019,0,-3.130864,0.106093,1.214864,-0.0091951,0.9985105,-0.0531759,0.0080293
1788232659656824832,OK,1,0,9.79387,0.361209,0,1122,0,-3.131530,0.103115,1.201491,-0.0090084,0.9985360,-0.0526702,0.0084021
1788232659690170624,OK,1,0,9.86712,0.3525,0,1120,0,-3.131751,0.102658,1.189784,-0.0091582,0.9985316,-0.0526742,0.0087306
1788232659723516416,OK,1,0,10.4301,0.409083,0,1078,0,-3.130983,0.101340,1.177048,-0.0091092,0.9985312,-0.0526800,0.0087977
1788232659756861952,OK,1,0,10.4195,0.348375,0,1068,0,-3.134020,0.101764,1.165744,-0.0088856,0.9985119,-0.0530306,0.0091085
1788232659790207744,OK,1,0,11.1765,0.338125,0,1024,0,-3.132354,0.103899,1.153624,-0.0084160,0.9984636,-0.0540219,0.0090095
1788232659823553536,OK,1,0,9.92675,0.340625,0,1034,0,-3.133026,0.100149,1.143027,-0.0077248,0.9984728,-0.0539039,0.0093195
1788232659856899072,OK,1,0,10.5906,0.333167,0,957,0,-3.134717,0.099823,1.132531,-0.0078238,0.9984545,-0.0541686,0.0096566
1788232659890245120,OK,1,0,9.30183,0.330625,0,961,0,-3.134295,0.096250,1.122423,-0.0079008,0.9984418,-0.0543477,0.0098969
1788232659923590912,OK,1,0,9.77633,0.326083,0,1049,0,-3.134759,0.096331,1.100216,-0.0077877,0.9984403,-0.0543412,0.0101679
1788232659956936704,OK,1,0,9.50646,0.33125,0,1134,0,-3.134677,0.094217,1.089749,-0.0080191,0.9984232,-0.0545964,0.0102964
1788232659990281728,OK,1,0,10.1454,0.330166,0,1091,0,-3.136403,0.092631,1.077662,-0.0075685,0.9984217,-0.0546591,0.0104550
1788232660023627520,OK,1,0,9.932,0.385584,0,1041,0,-3.134603,0.094244,1.064599,-0.0076796,0.9984397,-0.0543286,0.0103792
1788232660056973312,OK,1,0,10.3273,0.348375,0,1037,0,-3.134396,0.092297,1.051353,-0.0075961,0.9984564,-0.0539423,0.0108335
1788232660090319360,OK,1,0,10.693,0.356209,0,1003,0,-3.136122,0.090851,1.038304,-0.0076118,0.9984664,-0.0536657,0.0112664
1788232660123662848,OK,1,0,9.76133,0.344042,0,966,0,-3.134001,0.091853,1.026403,-0.0079182,0.9984808,-0.0534490,0.0108000
1788232660157002752,OK,1,0,10.2187,0.326083,0,968,0,-3.134231,0.089286,1.013696,-0.0077605,0.9984815,-0.0534333,0.0109296
1788232660190342656,OK,1,0,9.50863,0.341,0,988,0,-3.137394,0.091121,1.000470,-0.0073885,0.9984626,-0.0536945,0.0116087
1788232660223682304,OK,1,0,9.83075,0.324584,0,974,0,-3.134395,0.089242,0.986708,-0.0074721,0.9984683,-0.0536094,0.0114549
1788232660257022208,OK,1,0,10.2132,0.349,0,1059,0,-3.132960,0.088115,0.974080,-0.0076093,0.9984535,-0.0538260,0.0116395
1788232660290362112,OK,1,0,9.79637,0.339875,0,1087,0,-3.132542,0.085836,0.961907,-0.0077710,0.9984521,-0.0537482,0.0120053
1788232660323702016,OK,1,0,9.81892,0.329416,0,1043,0,-3.132930,0.087342,0.950019,-0.0078120,0.9984120,-0.0544448,0.0121772
1788232660357041408,OK,1,0,10.6298,0.329542,0,1085,0,-3.130613,0.085608,0.936860,-0.0077411,0.9983920,-0.0548252,0.0121579
1788232660390381056,OK,1,0,10.3727,0.336208,0,1055,0,-3.133806,0.083661,0.927240,-0.0073590,0.9983831,-0.0549545,0.0125323
1788232660423720960,OK,1,0,9.79742,0.335792,0,1096,0,-3.135611,0.086107,0.915620,-0.0072391,0.9983338,-0.0557901,0.0128302
1788232660457059584,OK,1,0,10.3626,0.345208,0,1169,0,-3.133032,0.083856,0.904080,-0.0072638,0.9983160,-0.0560562,0.0130434
1788232660490399232,OK,1,0,10.4529,0.320375,0,1113,0,-3.134645,0.079934,0.891954,-0.0071977,0.9983196,-0.0559249,0.0133611
1788232660523738880,OK,1,0,10.7601,0.328417,0,1288,0,-3.131683,0.082076,0.880707,-0.0074283,0.9982773,-0.0566935,0.0131584
1788232660557078272,OK,1,0,11.0954,0.323625,0,1357,0,-3.131389,0.081053,0.869733,-0.0073073,0.9982714,-0.0568155,0.0131449
1788232660590417920,OK,1,0,11.08,0.322167,0,1311,0,-3.134178,0.078383,0.856279,-0.0073988,0.9982895,-0.0563750,0.0136110
1788232660623757312,OK,1,0,11.2006,0.310416,0,1294,0,-3.131430,0.084001,0.841631,-0.0074660,0.9982586,-0.0567975,0.0140760
1788232660657096960,OK,1,0,10.9185,0.313292,0,1286,0,-3.129898,0.080964,0.828457,-0.0075814,0.9982826,-0.0563250,0.0142118
1788232660690436352,OK,1,0,11.2258,0.314792,0,1333,0,-3.130800,0.077529,0.818095,-0.0076937,0.9983005,-0.0560634,0.0139230
1788232660723775744,OK,1,0,11.6535,0.346708,0,1348,0,-3.131995,0.076060,0.805389,-0.0075719,0.9983053,-0.0559153,0.0142426
1788232660757115136,OK,1,0,10.2919,0.3315,0,1135,0,-3.129689,0.075350,0.791720,-0.0076931,0.9983045,-0.0558656,0.0144249
1788232660790454528,OK,1,0,10.7803,0.330208,0,1071,0,-3.128585,0.076376,0.780841,-0.0078282,0.9982787,-0.0562704,0.0145628
1788232660823793920,OK,1,0,10.6353,0.339875,0,1020,0,-3.127129,0.076725,0.764825,-0.0079925,0.9982756,-0.0562321,0.0148289
1788232660857133056,OK,1,0,11.627,0.326375,0,1096,0,-3.123449,0.076903,0.753090,-0.0079729,0.9982865,-0.0560966,0.0146167
1788232660890471424,OK,1,0,17.4518,0.332708,0,1159,0,-3.120807,0.075535,0.745240,-0.0078982,0.9982853,-0.0562184,0.0142700
1788232660923810816,OK,1,0,10.7198,0.350167,0,1146,0,-3.123393,0.073069,0.733615,-0.0075967,0.9983011,-0.0559372,0.0144321
1788232660957149952,OK,1,0,9.96842,0.325167,0,1081,0,-3.121979,0.073239,0.719421,-0.0076051,0.9982949,-0.0559722,0.0147162
1788232660990489344,OK,1,0,10.3398,0.343917,0,1077,0,-3.120211,0.073373,0.706939,-0.0076847,0.9982852,-0.0560229,0.0151381
1788232661023828480,OK,1,0,10.3277,0.348542,0,1060,0,-3.118765,0.071762,0.694429,-0.0073812,0.9983004,-0.0557724,0.0152046
1788232661057167360,OK,1,0,10.6013,0.345208,0,978,0,-3.122014,0.070591,0.681978,-0.0068724,0.9982945,-0.0559329,0.0152409
1788232661090506496,OK,1,0,10.9664,0.3195,0,973,0,-3.121873,0.071010,0.669066,-0.0063910,0.9982771,-0.0563383,0.0150978
1788232661123845632,OK,1,0,10.6818,0.3465,0,942,0,-3.122248,0.069457,0.656142,-0.0062858,0.9982840,-0.0561525,0.0153775
1788232661157185024,OK,1,0,10.4098,0.350791,0,913,0,-3.119360,0.071670,0.643635,-0.0063603,0.9982610,-0.0564971,0.0155788
1788232661190524160,OK,1,0,10.1722,0.353792,0,914,0,-3.120917,0.068510,0.631825,-0.0066080,0.9982755,-0.0560473,0.0161604
1788232661223863552,OK,1,0,10.7561,0.322917,0,883,0,-3.120847,0.069019,0.617808,-0.0062861,0.9982871,-0.0558174,0.0163653
1788232661257202688,OK,1,0,9.57638,0.36325,0,892,0,-3.122076,0.062718,0.598907,-0.0059826,0.9983253,-0.0552142,0.0161922
1788232661290542080,OK,1,0,9.21329,0.324583,0,1064,0,-3.122236,0.062422,0.584617,-0.0060316,0.9983350,-0.0551606,0.0157533
1788232661323880192,OK,1,0,9.65817,0.3265,0,958,0,-3.121913,0.064271,0.571122,-0.0062864,0.9983311,-0.0550659,0.0162264
1788232661357219328,OK,1,0,9.19642,0.330792,0,930,0,-3.120862,0.060498,0.558870,-0.0066547,0.9983491,-0.0544507,0.0170251
1788232661390558720,OK,1,0,9.13321,0.3275,0,878,0,-3.118173,0.060855,0.544657,-0.0069396,0.9983689,-0.0540149,0.0171447
1788232661423897600,OK,1,0,9.74417,0.334792,0,836,0,-3.120342,0.060695,0.534431,-0.0065990,0.9983660,-0.0541041,0.0171620
1788232661457236992,OK,1,0,9.64754,0.328334,0,818,0,-3.122131,0.058222,0.521841,-0.0059196,0.9983765,-0.0540335,0.0170179
1788232661490576128,OK,1,0,9.65117,0.331459,0,802,0,-3.123048,0.060699,0.505925,-0.0056864,0.9983764,-0.0539968,0.0172219
1788232661523915520,OK,1,0,9.26946,0.329292,0,794,0,-3.120459,0.061845,0.493580,-0.0056960,0.9983658,-0.0540862,0.0175504
1788232661557254656,OK,1,0,9.0415,0.391958,0,769,0,-3.118375,0.058474,0.479464,-0.0056186,0.9984079,-0.0531902,0.0179125
1788232661590594048,OK,1,0,9.85404,0.354375,0,757,0,-3.121837,0.060077,0.467226,-0.0053282,0.9984096,-0.0530099,0.0184344
1788232661623933184,OK,1,0,9.31779,0.325375,0,952,0,-3.123843,0.054295,0.456792,-0.0045642,0.9984415,-0.0525895,0.0181157
1788232661657272576,OK,1,0,9.06458,0.322959,0,950,0,-3.122870,0.053893,0.444567,-0.0042583,0.9984561,-0.0524639,0.0177465
1788232661690611712,OK,1,0,9.01825,0.310458,0,898,0,-3.123279,0.052727,0.430911,-0.0045350,0.9984673,-0.0520508,0.0182579
1788232661723950848,OK,1,0,8.72675,0.317666,0,829,0,-3.123140,0.050718,0.418396,-0.0046872,0.9984665,-0.0518839,0.0187294
1788232661757290240,OK,1,0,9.52313,0.342958,0,802,0,-3.120017,0.051386,0.405317,-0.0050026,0.9984740,-0.0517360,0.0186560
1788232661790628352,OK,1,0,9.55942,0.350417,0,804,0,-3.120415,0.051049,0.392103,-0.0049840,0.9984707,-0.0518617,0.0184880
1788232661823967744,OK,1,0,9.62208,0.34225,0,774,0,-3.120450,0.048279,0.381659,-0.0046970,0.9984561,-0.0522272,0.0183200
1788232661857306880,OK,1,0,9.03246,0.34775,0,731,0,-3.121639,0.049701,0.368782,-0.0047308,0.9984347,-0.0524947,0.0187097
1788232661890646272,OK,1,0,9.46742,0.340041,0,717,0,-3.118762,0.048670,0.356700,-0.0047413,0.9984171,-0.0528159,0.0187466
1788232661923985408,OK,1,0,9.15479,0.34,0,694,0,-3.121078,0.048349,0.343774,-0.0047954,0.9983912,-0.0530971,0.0193088
1788232661957324800,OK,1,0,8.82417,0.340125,0,860,0,-3.116935,0.047686,0.333222,-0.0052156,0.9984075,-0.0528070,0.0191510
1788232661990663936,OK,1,0,8.4355,0.343625,0,826,0,-3.115025,0.045683,0.322239,-0.0053115,0.9984081,-0.0528585,0.0189496
1788232662024003072,OK,1,0,8.60196,0.335125,0,783,0,-3.123721,0.041268,0.309794,-0.0048599,0.9984188,-0.0523667,0.0198496
1788232662057342208,OK,1,0,8.477,0.292791,0,778,0,-3.115975,0.044563,0.294734,-0.0053835,0.9984120,-0.0526409,0.0193282
1788232662090681600,OK,1,0,9.08579,0.321292,0,766,0,-3.115093,0.044381,0.283371,-0.0055057,0.9984157,-0.0524057,0.0197340
1788232662124020736,OK,1,0,8.35596,0.372791,0,719,0,-3.112533,0.041204,0.268598,-0.0056754,0.9984740,-0.0512621,0.0197406
1788232662157359360,OK,1,0,8.50604,0.314208,0,714,0,-3.112028,0.043895,0.253883,-0.0058537,0.9984704,-0.0512906,0.0198001
1788232662190697984,OK,1,0,8.31804,0.341209,0,692,0,-3.112574,0.043154,0.240210,-0.0056564,0.9984679,-0.0513998,0.0196992
1788232662224035584,OK,1,0,8.84983,0.34475,0,693,0,-3.109923,0.041844,0.228478,-0.0058313,0.9984899,-0.0510373,0.0194713
1788232662257374208,OK,1,0,13.8626,0.328875,0,686,0,-3.112021,0.041844,0.216516,-0.0056405,0.9984695,-0.0511107,0.0203583
1788232662290712832,OK,1,0,8.10121,0.320334,0,838,0,-3.110969,0.040765,0.205133,-0.0055000,0.9984523,-0.0513324,0.0206833
1788232662324051456,OK,1,0,8.33167,0.302041,0,811,0,-3.112028,0.040990,0.191637,-0.0053352,0.9984500,-0.0512409,0.0210620
1788232662357389824,OK,1,0,8.59067,0.359709,0,765,0,-3.111488,0.039844,0.179753,-0.0050925,0.9984317,-0.0516881,0.0208921
1788232662390728448,OK,1,0,8.35596,0.324917,0,762,0,-3.112118,0.040291,0.168398,-0.0047764,0.9984016,-0.0522468,0.0210159
1788232662424067072,OK,1,0,8.51275,0.354375,0,719,0,-3.111646,0.037470,0.158565,-0.0046966,0.9984024,-0.0521885,0.0211408
1788232662457405440,OK,1,0,8.34662,0.381125,0,706,0,-3.113798,0.037092,0.144399,-0.0041231,0.9983816,-0.0524184,0.0216674
1788232662490744064,OK,1,0,8.58067,0.335917,0,686,0,-3.111932,0.037180,0.133287,-0.0040359,0.9983772,-0.0524765,0.0217473
1788232662524082432,OK,1,0,8.947,0.3415,0,677,0,-3.113910,0.035578,0.119656,-0.0040448,0.9983636,-0.0525101,0.0222826
1788232662557421056,OK,1,0,8.10842,0.334542,0,645,0,-3.112445,0.036049,0.105792,-0.0041631,0.9983386,-0.0530090,0.0222007
1788232662590759424,OK,1,0,8.73458,0.352,0,653,0,-3.111460,0.031049,0.094112,-0.0043976,0.9983696,-0.0524520,0.0220806
1788232662624097792,OK,1,0,8.71629,0.317708,0,767,0,-3.112381,0.029129,0.080972,-0.0043352,0.9983682,-0.0523396,0.0224223
1788232662657435392,OK,1,0,8.47008,0.327209,0,735,0,-3.110733,0.029416,0.069872,-0.0043309,0.9983733,-0.0522269,0.0224567
1788232662690773760,OK,1,0,8.22196,0.330833,0,724,0,-3.110804,0.029612,0.055413,-0.0041493,0.9983936,-0.0517594,0.0226719
1788232662724112128,OK,1,0,8.48283,0.327833,0,713,0,-3.109770,0.029398,0.042151,-0.0044316,0.9983869,-0.0518722,0.0226565
1788232662757450496,OK,1,0,8.38746,0.342709,0,703,0,-3.108496,0.027903,0.030421,-0.0048288,0.9983864,-0.0517592,0.0228545
1788232662790788864,OK,1,0,8.2935,0.318875,0,692,0,-3.105125,0.027161,0.017037,-0.0052333,0.9983978,-0.0515811,0.0226666
1788232662824127232,OK,1,0,8.40025,0.334166,0,682,0,-3.109037,0.024602,0.006038,-0.0044458,0.9983708,-0.0517767,0.0235638
1788232662857465344,OK,1,0,8.89167,0.356917,0,669,0,-3.106198,0.024168,-0.006176,-0.0046627,0.9983572,-0.0520607,0.0234715
1788232662890803712,OK,1,0,8.80138,0.340208,0,637,0,-3.104970,0.025843,-0.018716,-0.0047869,0.9983155,-0.0527760,0.0236196
1788232662924141824,OK,1,0,7.72138,0.337375,0,619,0,-3.108271,0.024833,-0.029763,-0.0041126,0.9982606,-0.0535427,0.0243307
1788232662957480192,OK,1,0,7.86833,0.350667,0,816,0,-3.106316,0.020742,-0.038714,-0.0042411,0.9982696,-0.0534502,0.0241440
1788232662990818304,OK,1,0,8.30242,0.344042,0,837,0,-3.105315,0.018102,-0.049553,-0.0044575,0.9982625,-0.0535638,0.0241442
1788232663024156672,OK,1,0,8.30063,0.343083,0,793,0,-3.105711,0.017149,-0.060873,-0.0040094,0.9982280,-0.0540595,0.0245427
1788232663057494784,OK,1,0,8.27717,0.328708,0,748,0,-3.104834,0.021339,-0.075042,-0.0040292,0.9982067,-0.0543349,0.0247966
1788232663090832896,OK,1,0,8.62271,0.331625,0,687,0,-3.105629,0.016568,-0.087467,-0.0041479,0.9982108,-0.0538889,0.0255703
1788232663124170240,OK,1,0,8.81625,0.337625,0,690,0,-3.102481,0.015695,-0.099354,-0.0044148,0.9981937,-0.0540736,0.0258040
1788232663157508096,OK,1,0,8.22629,0.358,0,674,0,-3.102870,0.014827,-0.110038,-0.0043217,0.9981961,-0.0538556,0.0261827
1788232663190846208,OK,1,0,7.89646,0.332917,0,655,0,-3.102204,0.014448,-0.122569,-0.0042355,0.9981643,-0.0541811,0.0267307
1788232663224184064,OK,1,0,8.99254,0.330459,0,642,0,-3.099091,0.010835,-0.135055,-0.0041859,0.9981653,-0.0539447,0.0271756
1788232663257521920,OK,1,0,8.63508,0.346833,0,614,0,-3.097360,0.011035,-0.148335,-0.0043544,0.9981613,-0.0539141,0.0273556
1788232663290859776,OK,1,0,7.77404,0.332375,0,807,0,-3.101049,0.007851,-0.161593,-0.0042469,0.9981497,-0.0535444,0.0284995
1788232663324197632,OK,1,0,8.39062,0.339625,0,770,0,-3.098379,0.008444,-0.174370,-0.0046798,0.9981498,-0.0533863,0.0287260
1788232663357535488,OK,1,0,8.2025,0.348291,0,714,0,-3.097596,0.007967,-0.187333,-0.0045559,0.9981349,-0.0534996,0.0290487
1788232663390873088,OK,1,0,8.31179,0.315875,0,712,0,-3.096457,0.005267,-0.200443,-0.0047595,0.9981305,-0.0531333,0.0298276
1788232663424210688,OK,1,0,7.66583,0.315208,0,641,0,-3.094219,0.007219,-0.213361,-0.0046224,0.9981282,-0.0529859,0.0301858
1788232663457548288,OK,1,0,7.61917,0.339375,0,644,0,-3.092413,0.003816,-0.225480,-0.0047290,0.9981229,-0.0526186,0.0309772
1788232663490885888,OK,1,0,8.50779,0.345667,0,642,0,-3.093509,0.000764,-0.237333,-0.0046013,0.9980996,-0.0523345,0.0322032
1788232663524223744,OK,1,0,8.74854,0.321084,0,609,0,-3.093321,0.001771,-0.250172,-0.0043890,0.9980668,-0.0525985,0.0328150
1788232663557560320,OK,1,0,7.65712,0.332083,0,595,0,-3.090668,0.002386,-0.261760,-0.0047308,0.9980216,-0.0531034,0.0333245
1788232663590897664,OK,1,0,8.14108,0.397875,0,554,0,-3.087887,0.000381,-0.273897,-0.0046976,0.9979892,-0.0532195,0.0341039
1788232663624235008,OK,1,0,7.72858,0.341542,0,583,0,-3.087861,-0.005980,-0.285866,-0.0041038,0.9980015,-0.0523419,0.0351632
1788232663657572864,OK,1,0,7.98271,0.350584,0,796,0,-3.083732,-0.006737,-0.297161,-0.0041948,0.9979648,-0.0523992,0.0360976
1788232663690910208,OK,1,0,8.46933,0.331083,0,742,0,-3.082606,-0.007897,-0.309030,-0.0042744,0.9979140,-0.0524741,0.0373628
1788232663724247296,OK,1,0,8.30442,0.336458,0,709,0,-3.079569,-0.008569,-0.321931,-0.0046740,0.9978870,-0.0524694,0.0380364
1788232663757584640,OK,1,0,7.99287,0.341458,0,668,0,-3.077799,-0.007017,-0.336194,-0.0048184,0.9978403,-0.0523356,0.0394013
1788232663790922240,OK,1,0,8.07479,0.349792,0,653,0,-3.076516,-0.011730,-0.346174,-0.0046778,0.9978026,-0.0519289,0.0408838
1788232663824259328,OK,1,0,8.18262,0.367458,0,645,0,-3.073769,-0.011828,-0.358217,-0.0044581,0.9977188,-0.0521907,0.0425870
1788232663857596416,OK,1,0,7.78575,0.330958,0,597,0,-3.074193,-0.008394,-0.374212,-0.0041110,0.9975961,-0.0526026,0.0449223
1788232663890933504,OK,1,0,7.78275,0.338584,0,600,0,-3.069077,-0.007347,-0.384998,-0.0047509,0.9974778,-0.0532975,0.0466360
1788232663924270848,OK,1,0,8.55046,0.339834,0,567,0,-3.066156,-0.010143,-0.397296,-0.0046357,0.9973943,-0.0530434,0.0486771
1788232663957607936,OK,1,0,8.28883,0.321458,0,572,0,-3.058876,-0.009272,-0.408376,-0.0053127,0.9973388,-0.0528606,0.0499295
1788232663990944000,OK,1,0,7.64521,0.325209,0,743,0,-3.061357,-0.014993,-0.420188,-0.0050850,0.9971938,-0.0521131,0.0535069
1788232664024281088,OK,1,0,7.44313,0.334,0,695,0,-3.057144,-0.017465,-0.430613,-0.0052950,0.9970586,-0.0521046,0.0559572
1788232664057617920,OK,1,0,8.18558,0.302166,0,658,0,-3.053001,-0.018208,-0.441907,-0.0053970,0.9969156,-0.0518020,0.0587081
1788232664090954752,OK,1,0,7.74246,0.33625,0,649,0,-3.048015,-0.019562,-0.456365,-0.0056374,0.9967940,-0.0513339,0.0611121
1788232664124293376,OK,1,0,7.84483,0.322208,0,643,0,-3.046132,-0.020503,-0.466519,-0.0054180,0.9966419,-0.0513397,0.0635590
1788232664157639936,OK,1,0,8.31908,0.353542,0,590,0,-3.043997,-0.021263,-0.478603,-0.0048465,0.9964942,-0.0512734,0.0659313
1788232664190986496,OK,1,0,8.07292,0.344958,0,561,0,-3.040728,-0.022488,-0.490051,-0.0042678,0.9963512,-0.0512197,0.0681364
1788232664224333312,OK,1,0,7.98217,0.361375,0,547,0,-3.037868,-0.024153,-0.501877,-0.0042249,0.9961730,-0.0513248,0.0706214
1788232664257679872,OK,1,0,7.48738,0.337834,0,501,0,-3.032044,-0.023167,-0.511690,-0.0042565,0.9960169,-0.0512459,0.0728425
1788232664291026688,OK,1,0,7.44933,0.381875,0,489,0,-3.027134,-0.024998,-0.524495,-0.0038824,0.9958300,-0.0509876,0.0755500
1788232664324373504,OK,1,0,7.36579,0.382,0,809,0,-3.021842,-0.027022,-0.534701,-0.0044453,0.9956499,-0.0506858,0.0780548
1788232664357720320,OK,1,0,7.65292,0.346417,0,666,0,-3.019191,-0.026853,-0.546935,-0.0045865,0.9954190,-0.0507691,0.0808857
1788232664391067136,OK,1,0,7.63854,0.332042,0,632,0,-3.015515,-0.027547,-0.558944,-0.0046581,0.9952089,-0.0504100,0.0836453
1788232664424413952,OK,1,0,7.74529,0.361375,0,595,0,-3.008825,-0.028750,-0.569157,-0.0045355,0.9949953,-0.0502402,0.0862544
1788232664457760000,OK,1,0,7.64796,0.324542,0,572,0,-3.004896,-0.029671,-0.580128,-0.0042439,0.9947406,-0.0506423,0.0889300
1788232664491106816,OK,1,0,7.76617,0.303459,0,538,0,-3.002266,-0.030985,-0.592744,-0.0041932,0.9944852,-0.0504495,0.0918501
1788232664524454144,OK,1,0,7.84617,0.312292,0,567,0,-2.995667,-0.034126,-0.605043,-0.0044538,0.9942496,-0.0500228,0.0945815
1788232664557801216,OK,1,0,7.76321,0.375042,0,510,0,-2.987062,-0.032666,-0.616478,-0.0053498,0.9939399,-0.0502090,0.0976412
1788232664591148288,OK,1,0,7.935,0.363583,0,514,0,-2.981240,-0.034667,-0.626119,-0.0056309,0.9936069,-0.0497457,0.1011882
1788232664624495360,OK,1,0,7.21213,0.369666,0,484,0,-2.974625,-0.036671,-0.636897,-0.0053706,0.9932930,-0.0492962,0.1044511
1788232664657842688,OK,1,0,7.69275,0.349417,0,487,0,-2.967618,-0.036869,-0.653047,-0.0051030,0.9929732,-0.0493698,0.1074285
1788232664691190016,OK,1,0,7.16996,0.329125,0,760,0,-2.960818,-0.034450,-0.663775,-0.0057333,0.9925770,-0.0502838,0.1105876
1788232664724537344,OK,1,0,7.16133,0.314542,0,620,0,-2.955490,-0.036786,-0.671982,-0.0054917,0.9921926,-0.0506633,0.1138290
1788232664757884416,OK,1,0,7.66325,0.33725,0,610,0,-2.950107,-0.036249,-0.681664,-0.0050207,0.9917448,-0.0513913,0.1173710
1788232664791232000,OK,1,0,8.03262,0.333083,0,583,0,-2.944115,-0.038016,-0.692495,-0.0052176,0.9912866,-0.0514632,0.1211411
1788232664824579328,OK,1,0,7.45567,0.356417,0,556,0,-2.937477,-0.038860,-0.702717,-0.0055112,0.9908230,-0.0518477,0.1247046
1788232664857926656,OK,1,0,7.88788,0.355583,0,510,0,-2.928553,-0.039778,-0.712334,-0.0061631,0.9903812,-0.0519830,0.1280812
1788232664891273472,OK,1,0,7.85775,0.334375,0,489,0,-2.920377,-0.037445,-0.722285,-0.0061206,0.9899136,-0.0522010,0.1315627
1788232664924620800,OK,1,0,7.75058,0.341625,0,481,0,-2.915461,-0.037869,-0.734398,-0.0055407,0.9894015,-0.0516884,0.1355817
1788232664957968384,OK,1,0,7.50458,0.354667,0,449,0,-2.908415,-0.037299,-0.745123,-0.0057762,0.9888922,-0.0518875,0.1391638
1788232664991316224,OK,1,0,7.15733,0.354375,0,420,0,-2.900823,-0.037381,-0.757066,-0.0059007,0.9883495,-0.0521398,0.1428702
1788232665024663808,OK,1,0,6.78733,0.327333,0,411,0,-2.894681,-0.036210,-0.765808,-0.0060799,0.9877927,-0.0519793,0.1467198
1788232665058011648,OK,1,0,6.77392,0.306334,0,657,0,-2.886481,-0.032140,-0.779723,-0.0056266,0.9872286,-0.0522477,0.1503937
1788232665091359488,OK,1,0,6.93167,0.334333,0,544,0,-2.878768,-0.031812,-0.790764,-0.0064759,0.9866668,-0.0523412,0.1539710
1788232665124707072,OK,1,0,7.13325,0.331917,0,494,0,-2.872378,-0.030975,-0.800976,-0.0069173,0.9860289,-0.0526077,0.1578974
1788232665158055168,OK,1,0,7.45104,0.342417,0,481,0,-2.863568,-0.034649,-0.810734,-0.0068551,0.9853741,-0.0523495,0.1620200
1788232665191403008,OK,1,0,7.30867,0.338,0,454,0,-2.859394,-0.034402,-0.821253,-0.0055493,0.9846866,-0.0525928,0.1661193
1788232665224751104,OK,1,0,6.98092,0.337334,0,429,0,-2.854279,-0.032480,-0.831576,-0.0049264,0.9839831,-0.0536362,0.1699300
1788232665258099456,OK,1,0,6.96046,0.33275,0,411,0,-2.847353,-0.033979,-0.839643,-0.0047085,0.9833718,-0.0543449,0.1732177
1788232665291447552,OK,1,0,6.50454,0.335834,0,396,0,-2.837345,-0.033738,-0.849856,-0.0046204,0.9826387,-0.0544749,0.1772917
1788232665324794880,OK,1,0,6.79533,0.331792,0,382,0,-2.827367,-0.033729,-0.860407,-0.0046659,0.9818029,-0.0539968,0.1820043
1788232665358142976,OK,1,0,8.39742,0.347709,0,374,0,-2.816429,-0.031578,-0.874636,-0.0049599,0.9810073,-0.0540979,0.1862079
1788232665391491328,OK,1,0,6.07171,0.308625,0,532,0,-2.808041,-0.034884,-0.882108,-0.0059911,0.9802504,-0.0536246,0.1902569
1788232665424839936,OK,1,0,6.33904,0.333333,0,500,0,-2.796508,-0.034850,-0.890572,-0.0066085,0.9795290,-0.0534238,0.1939723
1788232665458188544,OK,1,0,6.6425,0.349667,0,494,0,-2.788920,-0.035407,-0.902276,-0.0061628,0.9786922,-0.0530277,0.1982715
1788232665491536896,OK,1,0,6.56067,0.361666,0,462,0,-2.783813,-0.035363,-0.912803,-0.0051740,0.9777175,-0.0532577,0.2029910
1788232665524885504,OK,1,0,6.94225,0.396708,0,430,0,-2.776029,-0.039249,-0.920714,-0.0054761,0.9767501,-0.0535045,0.2075246
1788232665558234112,OK,1,0,6.10137,0.346708,0,407,0,-2.765085,-0.039071,-0.929843,-0.0053561,0.9757404,-0.0537425,0.2121643
1788232665591582720,OK,1,0,6.19196,0.364666,0,420,0,-2.755618,-0.037325,-0.940282,-0.0049471,0.9746699,-0.0534078,0.2171215
1788232665624931584,OK,1,0,6.13012,0.325,0,410,0,-2.747270,-0.038958,-0.949479,-0.0053266,0.9736272,-0.0528200,0.2218822
1788232665658280448,OK,1,0,7.56033,0.340334,0,389,0,-2.733025,-0.038429,-0.958867,-0.0060533,0.9726100,-0.0532679,0.2261763
1788232665691629312,OK,1,0,6.53071,0.330041,0,377,0,-2.729070,-0.034627,-0.966768,-0.0057940,0.9712204,-0.0533326,0.2320627
1788232665724978176,OK,1,0,6.49275,0.334709,0,537,0,-2.721247,-0.034063,-0.977474,-0.0046426,0.9700589,-0.0531992,0.2369262
1788232665758327040,OK,1,0,6.177,0.325875,0,457,0,-2.712692,-0.033931,-0.986081,-0.0041085,0.9689973,-0.0532277,0.2412348
1788232665791675392,OK,1,0,6.17012,0.318,0,423,0,-2.705448,-0.036357,-0.995437,-0.0040051,0.9676992,-0.0533180,0.2463724
1788232665825024512,OK,1,0,6.07383,0.330083,0,422,0,-2.694558,-0.037199,-1.004198,-0.0041669,0.9664693,-0.0532305,0.2511697
1788232665858373632,OK,1,0,6.10021,0.341209,0,385,0,-2.684622,-0.036438,-1.013124,-0.0037708,0.9651063,-0.0527986,0.2564527
1788232665891722752,OK,1,0,6.63192,0.383875,0,557,0,-2.672330,-0.037861,-1.020654,-0.0038965,0.9637786,-0.0522248,0.2615117
1788232665925072128,OK,1,0,6.68158,0.334542,0,433,0,-2.661969,-0.037539,-1.030637,-0.0046320,0.9622579,-0.0528013,0.2669278
1788232665958421248,OK,1,0,5.66083,0.340333,0,436,0,-2.657401,-0.039448,-1.038489,-0.0048749,0.9605331,-0.0522421,0.2731725
1788232665991770624,OK,1,0,6.05513,0.270334,0,403,0,-2.644345,-0.038153,-1.046788,-0.0048976,0.9590805,-0.0521157,0.2782530
1788232666025120000,OK,1,0,6.32246,0.362083,0,370,0,-2.633486,-0.038135,-1.055574,-0.0051277,0.9573275,-0.0521742,0.2842106
1788232666058469376,OK,1,0,5.857,0.347042,0,366,0,-2.619150,-0.039623,-1.060736,-0.0058992,0.9556013,-0.0516965,0.2900325
1788232666091819008,OK,1,0,6.11771,0.334417,0,355,0,-2.606715,-0.038228,-1.065606,-0.0058344,0.9538360,-0.0514596,0.2958291
1788232666125168640,OK,1,0,5.67146,0.357625,0,346,0,-2.597662,-0.038488,-1.077689,-0.0052707,0.9518895,-0.0511404,0.3020982
1788232666158510336,OK,1,0,6.33471,0.313875,0,531,0,-2.583247,-0.040751,-1.083325,-0.0056534,0.9501598,-0.0511048,0.3074941
1788232666191851776,OK,1,0,9.70483,0.318459,0,416,0,-2.571899,-0.041158,-1.091271,-0.0055768,0.9482033,-0.0505256,0.3135708
1788232666225192704,OK,1,0,5.99012,0.335166,0,500,0,-2.564134,-0.041327,-1.099002,-0.0051612,0.9460306,-0.0500644,0.3201454
1788232666258534144,OK,1,0,6.49025,0.343792,0,466,0,-2.553687,-0.042904,-1.106385,-0.0054199,0.9439111,-0.0499194,0.3263595
1788232666291876096,OK,1,0,6.53763,0.339833,0,563,0,-2.544635,-0.042111,-1.112069,-0.0054316,0.9416178,-0.0504303,0.3328409
1788232666325217536,OK,1,0,6.09162,0.342625,0,451,0,-2.534335,-0.043347,-1.114401,-0.0056776,0.9392686,-0.0503791,0.3394175
1788232666358559232,OK,1,0,5.75375,0.335083,0,435,0,-2.519147,-0.044422,-1.120818,-0.0058582,0.9369739,-0.0503912,0.3456970
1788232666391901184,OK,1,0,5.95383,0.334333,0,403,0,-2.506784,-0.044357,-1.126264,-0.0059305,0.9343826,-0.0503729,0.3526422
1788232666425242624,OK,1,0,5.87604,0.327042,0,511,0,-2.490774,-0.044215,-1.127884,-0.0067127,0.9318920,-0.0504061,0.3591539
1788232666458584576,OK,1,0,6.06079,0.331375,0,392,0,-2.480191,-0.044237,-1.133675,-0.0072255,0.9289846,-0.0500395,0.3666490
1788232666491926272,OK,1,0,5.977,0.338875,0,550,0,-2.463009,-0.044540,-1.137453,-0.0073032,0.9263061,-0.0496930,0.3734091
1788232666525267712,OK,1,0,6.25646,0.339041,0,546,0,-2.453331,-0.045133,-1.141084,-0.0073934,0.9233266,-0.0494286,0.3807497
1788232666558609664,OK,1,0,6.54312,0.327167,0,605,0,-2.439791,-0.045823,-1.143995,-0.0073605,0.9201804,-0.0492735,0.3883118
1788232666591951360,OK,1,0,6.45437,0.333,0,530,0,-2.419360,-0.043987,-1.146175,-0.0069983,0.9171793,-0.0496510,0.3953073
1788232666625293312,OK,1,0,6.42887,0.330333,0,575,0,-2.413650,-0.044907,-1.150673,-0.0065962,0.9137543,-0.0496083,0.4031732
1788232666658633984,OK,1,0,6.36717,0.333375,0,580,0,-2.397837,-0.044722,-1.155965,-0.0065637,0.9104636,-0.0494847,0.4105656
1788232666691975936,OK,1,0,7.00392,0.324542,0,680,0,-2.382340,-0.044360,-1.153839,-0.0063177,0.9073634,-0.0493689,0.4173901
1788232666725317376,OK,1,0,6.83704,0.332291,0,629,0,-2.371783,-0.044185,-1.157033,-0.0063473,0.9038386,-0.0492848,0.4249783
1788232666758659072,OK,1,0,6.43975,0.345458,0,572,0,-2.352240,-0.044076,-1.160544,-0.0059818,0.9004779,-0.0487922,0.4321148
1788232666792001024,OK,1,0,6.68213,0.334875,0,549,0,-2.346674,-0.044915,-1.162440,-0.0059826,0.8966697,-0.0482101,0.4400266
1788232666825342720,OK,1,0,6.74729,0.363791,0,632,0,-2.326638,-0.043158,-1.165587,-0.0061879,0.8930505,-0.0484090,0.4473020
1788232666858684672,OK,1,0,6.76108,0.335791,0,597,0,-2.318373,-0.043481,-1.160809,-0.0066970,0.8895981,-0.0480568,0.4541596
1788232666892026368,OK,1,0,6.45746,0.321459,0,596,0,-2.304081,-0.041076,-1.160813,-0.0066904,0.8857419,-0.0482586,0.4616143
1788232666925368320,OK,1,0,6.8855,0.337167,0,581,0,-2.286225,-0.044306,-1.160504,-0.0068122,0.8818499,-0.0481691,0.4690139
1788232666958710272,OK,1,0,6.621,0.327625,0,546,0,-2.276414,-0.042769,-1.161208,-0.0058389,0.8777025,-0.0484297,0.4767167
1788232666992051968,OK,1,0,7.036,0.316292,0,549,0,-2.263282,-0.042913,-1.162520,-0.0050318,0.8739184,-0.0481260,0.4836582
1788232667025393920,OK,1,0,6.81517,0.312125,0,746,0,-2.250529,-0.042111,-1.162383,-0.0044662,0.8699109,-0.0484131,0.4908068
1788232667058735616,OK,1,0,6.78829,0.33275,0,666,0,-2.238512,-0.042727,-1.161651,-0.0049865,0.8658502,-0.0484220,0.4979297
1788232667092077312,OK,1,0,7.35242,0.333,0,664,0,-2.223349,-0.039416,-1.162224,-0.0049252,0.8615204,-0.0482893,0.5053974
1788232667125418496,OK,1,0,7.11025,0.33225,0,619,0,-2.207904,-0.039813,-1.160913,-0.0054321,0.8572977,-0.0480196,0.5125479
1788232667158753280,OK,1,0,7.18408,0.364459,0,609,0,-2.195776,-0.041761,-1.157360,-0.0058678,0.8529894,-0.0476954,0.5197113
1788232667192087808,OK,1,0,7.21458,0.333,0,619,0,-2.184001,-0.042085,-1.156503,-0.0057979,0.8484051,-0.0469726,0.5272274
1788232667225422336,OK,1,0,6.92967,0.339041,0,583,0,-2.171148,-0.041086,-1.156274,-0.0053434,0.8439467,-0.0466458,0.5343685
1788232667258757120,OK,1,0,6.50546,0.323625,0,557,0,-2.155068,-0.040602,-1.150909,-0.0055938,0.8396935,-0.0465668,0.5410314
1788232667292091648,OK,1,0,6.20862,0.317,0,531,0,-2.143994,-0.042821,-1.151420,-0.0063079,0.8350666,-0.0460388,0.5481829
1788232667325425664,OK,1,0,6.18675,0.30025,0,530,0,-2.130374,-0.043256,-1.149717,-0.0064862,0.8305273,-0.0453638,0.5550895
1788232667358760192,OK,1,0,5.98696,0.276041,0,522,0,-2.114550,-0.042775,-1.144897,-0.0062103,0.8260953,-0.0450516,0.5616924
1788232667392094464,OK,1,0,6.5515,0.316542,0,528,0,-2.101473,-0.040756,-1.139485,-0.0063220,0.8213513,-0.0451798,0.5685956
1788232667425428992,OK,1,0,6.67367,0.297208,0,979,0,-2.088738,-0.041367,-1.139941,-0.0058674,0.8163103,-0.0446338,0.5758567
1788232667458763008,OK,1,0,8.50908,0.349,0,864,0,-2.077935,-0.040922,-1.137838,-0.0056011,0.8115174,-0.0444791,0.5826061
1788232667492097280,OK,1,0,8.38033,0.312208,0,830,0,-2.064718,-0.042088,-1.133533,-0.0058133,0.8066673,-0.0441579,0.5893251
1788232667525431040,OK,1,0,8.52271,0.310792,0,819,0,-2.050139,-0.041660,-1.130818,-0.0061666,0.8015511,-0.0435057,0.5963095
1788232667558764288,OK,1,0,8.33508,0.38775,0,797,0,-2.037298,-0.041587,-1.130225,-0.0061659,0.7964697,-0.0425398,0.6031488
1788232667592098048,OK,1,0,7.61013,0.359917,0,736,0,-2.022021,-0.035930,-1.127228,-0.0058364,0.7915366,-0.0427733,0.6095951
1788232667625432064,OK,1,0,7.73925,0.330792,0,715,0,-2.010042,-0.037870,-1.123148,-0.0059976,0.7863939,-0.0420752,0.6162616
1788232667658765824,OK,1,0,7.77058,0.338792,0,687,0,-1.997018,-0.038301,-1.120294,-0.0058657,0.7815232,-0.0413707,0.6224754
1788232667692099584,OK,1,0,7.61892,0.327709,0,708,0,-1.975815,-0.030329,-1.104105,-0.0060477,0.7783334,-0.0423967,0.6263890
1788232667725433344,OK,1,0,7.20354,0.299542,0,679,0,-1.967160,-0.030651,-1.104339,-0.0061288,0.7725555,-0.0420648,0.6335227
1788232667758767104,OK,1,0,6.63737,0.353458,0,675,0,-1.955450,-0.030767,-1.102908,-0.0059275,0.7670455,-0.0408818,0.6402615
1788232667792100608,OK,1,0,6.61333,0.324375,0,653,0,-1.941239,-0.029461,-1.099050,-0.0057728,0.7617521,-0.0405994,0.6465695
1788232667825434368,OK,1,0,6.28887,0.3545,0,645,0,-1.930498,-0.032613,-1.089534,-0.0062748,0.7567092,-0.0401664,0.6524864
1788232667858767616,OK,1,0,6.23683,0.3635,0,614,0,-1.920152,-0.033649,-1.088111,-0.0061929,0.7508448,-0.0391157,0.6592902
1788232667892101120,OK,1,0,6.40896,0.363666,0,585,0,-1.906408,-0.026850,-1.083321,-0.0051223,0.7456083,-0.0391487,0.6652138
1788232667925434624,OK,1,0,6.45867,0.296708,0,601,0,-1.892379,-0.030360,-1.076566,-0.0053305,0.7405828,-0.0382924,0.6708521
1788232667958767872,OK,1,0,6.06471,0.367166,0,585,0,-1.877995,-0.029628,-1.075778,-0.0056056,0.7350959,-0.0381306,0.6768668
1788232667992100096,OK,1,0,6.51725,0.3125,0,587,0,-1.866677,-0.027757,-1.072800,-0.0053772,0.7302881,-0.0372894,0.6820996
1788232668025433088,OK,1,0,6.355,0.295542,0,568,0,-1.849514,-0.023317,-1.061643,-0.0057842,0.7267411,-0.0377296,0.6858501
1788232668058766336,OK,1,0,5.69004,0.277583,0,548,0,-1.834753,-0.026451,-1.061071,-0.0063388,0.7221841,-0.0368158,0.6906914
1788232668092099328,OK,1,0,5.7125,0.286458,0,543,0,-1.822861,-0.028318,-1.052436,-0.0073711,0.7189014,-0.0364673,0.6941158
1788232668125432320,OK,1,0,6.57737,0.343375,0,1441,0,-1.809954,-0.019231,-1.055190,-0.0062117,0.7159371,-0.0362980,0.6971929
1788232668158776064,OK,1,0,9.787,0.314375,0,1218,0,-1.795855,-0.019057,-1.053165,-0.0063923,0.7141231,-0.0361301,0.6990579
1788232668192119808,OK,1,0,9.32108,0.369875,0,1281,0,-1.765229,-0.010895,-1.011335,-0.0071724,0.7167526,-0.0375473,0.6962789
1788232668225463552,OK,1,0,9.79167,0.289791,0,1280,0,-1.752385,-0.012287,-1.008758,-0.0077468,0.7147692,-0.0368951,0.6983435
1788232668258807296,OK,1,0,9.28588,0.326958,0,1260,0,-1.738151,-0.009510,-1.008059,-0.0075006,0.7123845,-0.0363484,0.7008073
1788232668292151040,OK,1,0,8.652,0.340375,0,1228,0,-1.725495,-0.010531,-1.005109,-0.0073886,0.7106713,-0.0364322,0.7025414
1788232668325495040,OK,1,0,8.87146,0.3405,0,1224,0,-1.713589,-0.007737,-1.002126,-0.0067728,0.7089840,-0.0363517,0.7042544
1788232668358838784,OK,1,0,9.17642,0.334417,0,1209,0,-1.698676,-0.008086,-1.003223,-0.0064516,0.7069175,-0.0356303,0.7063686
1788232668392182784,OK,1,0,9.026,0.344875,0,1185,0,-1.689062,-0.006450,-1.001726,-0.0062022,0.7049891,-0.0357448,0.7082897
1788232668425526528,OK,1,0,8.84108,0.341583,0,1173,0,-1.674399,-0.005838,-0.997749,-0.0063598,0.7031530,-0.0356659,0.7101150
1788232668458869504,OK,1,0,9.04075,0.278625,0,1153,0,-1.662019,-0.007466,-0.996693,-0.0064610,0.7012675,-0.0349609,0.7120113
1788232668492213504,OK,1,0,8.883,0.271542,0,1163,0,-1.647400,-0.006726,-0.989013,-0.0068098,0.6999500,-0.0340327,0.7133480
1788232668525557248,OK,1,0,8.73079,0.329542,0,1151,0,-1.634263,-0.003527,-0.989332,-0.0067265,0.6977769,-0.0340550,0.7154735
1788232668558901248,OK,1,0,8.518,0.332083,0,1126,0,-1.622485,-0.002376,-0.984909,-0.0068334,0.6959028,-0.0340964,0.7172936
1788232668592245248,OK,1,0,8.76858,0.342041,0,1131,0,-1.607875,-0.004538,-0.978537,-0.0073538,0.6944214,-0.0335374,0.7187490
1788232668625589248,OK,1,0,8.35646,0.265833,0,1084,0,-1.596149,-0.003571,-0.978257,-0.0070966,0.6924805,-0.0330138,0.7206459
1788232668658933248,OK,1,0,8.24892,0.344667,0,1074,0,-1.582200,0.001006,-0.975816,-0.0064565,0.6906487,-0.0332310,0.7223976
1788232668692277248,OK,1,0,8.69204,0.340458,0,1078,0,-1.569762,0.000422,-0.973426,-0.0067515,0.6883138,-0.0331453,0.7246240
1788232668725621504,OK,1,0,8.71579,0.267583,0,1059,0,-1.557970,0.001296,-0.970014,-0.0065359,0.6861526,-0.0333103,0.7266652
1788232668758965504,OK,1,0,8.41633,0.2985,0,1025,0,-1.545783,0.001086,-0.966033,-0.0059038,0.6845237,-0.0331751,0.7282114
1788232668792309760,OK,1,0,8.33408,0.263625,0,1010,0,-1.532606,0.003811,-0.966755,-0.0050503,0.6823776,-0.0333020,0.7302234
1788232668825653760,OK,1,0,8.17737,0.345583,0,1032,0,-1.519722,-0.001160,-0.962307,-0.0055740,0.6808071,-0.0326022,0.7317156
1788232668858998016,OK,1,0,8.43962,0.333958,0,991,0,-1.509215,0.002769,-0.955826,-0.0051811,0.6791008,-0.0330911,0.7332804
1788232668892340992,OK,1,0,8.24067,0.268625,0,1002,0,-1.496564,0.006338,-0.955603,-0.0047482,0.6770632,-0.0335192,0.7351458
1788232668925685248,OK,1,0,8.33079,0.282709,0,992,0,-1.486249,0.003429,-0.947951,-0.0055233,0.6766381,-0.0330601,0.7355525
1788232668959029504,OK,1,0,8.19229,0.263292,0,982,0,-1.469233,0.005821,-0.948858,-0.0054638,0.6759835,-0.0321502,0.7361949
1788232668992373760,OK,1,0,8.0985,0.351125,0,932,0,-1.457008,0.007808,-0.946737,-0.0054493,0.6763004,-0.0329277,0.7358695
1788232669025718016,OK,1,0,7.89246,0.29525,0,936,0,-1.444104,0.006850,-0.947261,-0.0055705,0.6758551,-0.0326175,0.7362913
1788232669059062272,OK,1,0,7.73187,0.346292,0,934,0,-1.430864,0.008136,-0.943571,-0.0056146,0.6760499,-0.0324669,0.7361189
1788232669092406528,OK,1,0,8.01254,0.345041,0,939,0,-1.416411,0.004729,-0.945397,-0.0059675,0.6758505,-0.0313754,0.7363464
1788232669125751040,OK,1,0,7.74892,0.263584,0,887,0,-1.405792,0.010840,-0.945634,-0.0049703,0.6758392,-0.0315315,0.7363576
1788232669159086592,OK,1,0,7.46225,0.326625,0,907,0,-1.393378,0.006031,-0.941197,-0.0056030,0.6763030,-0.0314664,0.7359299
1788232669192422656,OK,1,0,7.96733,0.337,0,878,0,-1.380169,0.005859,-0.937681,-0.0058000,0.6765060,-0.0316245,0.7357350
1788232669225758208,OK,1,0,7.88233,0.342375,0,876,0,-1.365753,0.003545,-0.943756,-0.0066153,0.6754640,-0.0311208,0.7367064
1788232669259094016,OK,1,0,7.77712,0.363583,0,843,0,-1.351184,0.002055,-0.938961,-0.0069599,0.6757415,-0.0310258,0.7364526
1788232669292429568,OK,1,0,7.83471,0.3325,0,851,0,-1.337034,0.009718,-0.941653,-0.0057569,0.6752698,-0.0311393,0.7368907
1788232669325764096,OK,1,0,7.72383,0.336209,0,846,0,-1.322298,0.007883,-0.941167,-0.0059688,0.6752603,-0.0308145,0.7369114
1788232669359099648,OK,1,0,7.73317,0.344958,0,848,0,-1.312278,0.005723,-0.935491,-0.0056376,0.6760343,-0.0312201,0.7361869
1788232669392435200,OK,1,0,7.81325,0.271791,0,820,0,-1.300540,0.006435,-0.938649,-0.0049104,0.6754426,-0.0312668,0.7367331
1788232669425770752,OK,1,0,7.9995,0.338916,0,804,0,-1.287111,0.008198,-0.938084,-0.0045008,0.6752007,-0.0316274,0.7369420
1788232669459106304,OK,1,0,7.88029,0.266833,0,788,0,-1.274943,0.007638,-0.931464,-0.0043381,0.6759064,-0.0319464,0.7362821
1788232669492441344,OK,1,0,7.48429,0.318291,0,768,0,-1.264262,0.003174,-0.928708,-0.0049960,0.6761232,-0.0315445,0.7360961
1788232669525776896,OK,1,0,7.40821,0.279666,0,748,0,-1.251023,0.013981,-0.931947,-0.0036141,0.6753909,-0.0330274,0.7367111
1788232669559111936,OK,1,0,7.16033,0.363417,0,764,0,-1.240575,0.012986,-0.931669,-0.0036037,0.6752529,-0.0325459,0.7368591
1788232669592447232,OK,1,0,7.46662,0.262375,0,742,0,-1.227118,0.007749,-0.920887,-0.0051405,0.6763211,-0.0319570,0.7358954
1788232669625782528,OK,1,0,7.45517,0.319,0,719,0,-1.209857,0.009349,-0.923829,-0.0047550,0.6756492,-0.0314756,0.7365357
1788232669659117568,OK,1,0,7.30458,0.304667,0,715,0,-1.197870,0.008263,-0.924397,-0.0047702,0.6757846,-0.0314820,0.7364110
1788232669692452864,OK,1,0,7.67508,0.322459,0,706,0,-1.184386,0.007387,-0.927922,-0.0049752,0.6755863,-0.0311925,0.7366040
1788232669725787904,OK,1,0,7.55579,0.286417,0,717,0,-1.168915,0.006775,-0.922064,-0.0052002,0.6759962,-0.0310081,0.7362341
1788232669759122688,OK,1,0,8.06342,0.28825,0,1844,0,-1.161846,0.003864,-0.917495,-0.0055911,0.6764567,-0.0310330,0.7358071
1788232669792456704,OK,1,0,11.6072,0.298792,0,1519,0,-1.149611,0.004760,-0.917815,-0.0055961,0.6762356,-0.0311217,0.7360066
1788232669825791744,OK,1,0,11.0663,0.305209,0,1550,0,-1.136060,0.008158,-0.937655,-0.0044356,0.6735992,-0.0309882,0.7384337
1788232669859126784,OK,1,0,10.875,0.33225,0,1500,0,-1.123762,0.008734,-0.936131,-0.0043362,0.6736917,-0.0313405,0.7383349
1788232669892461312,OK,1,0,10.3727,0.368959,0,1499,0,-1.112119,0.007345,-0.933073,-0.0045705,0.6735903,-0.0314186,0.7384227
1788232669925796096,OK,1,0,10.7275,0.370959,0,1455,0,-1.100343,0.009613,-0.932137,-0.0041645,0.6733306,-0.0318292,0.7386443
1788232669959130880,OK,1,0,10.3636,0.357375,0,1461,0,-1.086659,0.010033,-0.930894,-0.0040356,0.6734744,-0.0316551,0.7385214
1788232669992465664,OK,1,0,10.237,0.329583,0,1451,0,-1.074388,0.011913,-0.929968,-0.0032464,0.6736455,-0.0320094,0.7383540
1788232670025800192,OK,1,0,10.3125,0.266041,0,1392,0,-1.061838,0.009931,-0.931859,-0.0031866,0.6734628,-0.0316840,0.7385350
1788232670059134976,OK,1,0,10.1059,0.350625,0,1349,0,-1.049238,0.012041,-0.929153,-0.0030428,0.6736932,-0.0319910,0.7383121
1788232670092469504,OK,1,0,9.57896,0.354292,0,1320,0,-1.036777,0.010543,-0.928746,-0.0031171,0.6735029,-0.0316796,0.7384988
1788232670125804032,OK,1,0,9.60921,0.2925,0,1290,0,-1.024076,0.011268,-0.925501,-0.0031077,0.6736740,-0.0320167,0.7383282
1788232670159143680,OK,1,0,10.2455,0.360542,0,1274,0,-1.012005,0.009413,-0.925490,-0.0032125,0.6736283,-0.0321237,0.7383649
1788232670192483328,OK,1,0,9.82642,0.352,0,1245,0,-1.000546,0.010471,-0.925331,-0.0025977,0.6736796,-0.0324733,0.7383052
1788232670225821952,OK,1,0,9.68083,0.279917,0,1263,0,-0.988518,0.011160,-0.922831,-0.0027860,0.6738632,-0.0325097,0.7381353
1788232670259161600,OK,1,0,9.7895,0.271125,0,1218,0,-0.975286,0.012694,-0.919602,-0.0030763,0.6736994,-0.0331383,0.7382557
1788232670292501504,OK,1,0,9.23137,0.339708,0,1157,0,-0.962505,0.014607,-0.915891,-0.0032450,0.6739001,-0.0336389,0.7380492
1788232670325841152,OK,1,0,9.06971,0.274791,0,1129,0,-0.948012,0.011191,-0.916667,-0.0036432,0.6736652,-0.0330519,0.7382882
1788232670359180544,OK,1,0,9.10067,0.333042,0,1116,0,-0.936452,0.015127,-0.916606,-0.0023838,0.6737214,-0.0336824,0.7382136
1788232670392520448,OK,1,0,9.2575,0.272083,0,1126,0,-0.923679,0.013276,-0.916854,-0.0026230,0.6736377,-0.0334436,0.7383000
1788232670425860096,OK,1,0,9.23129,0.334666,0,1111,0,-0.911261,0.014588,-0.915251,-0.0026730,0.6734965,-0.0335888,0.7384221
1788232670459199744,OK,1,0,8.91821,0.281292,0,1077,0,-0.900230,0.015220,-0.911440,-0.0027938,0.6738203,-0.0339649,0.7381090
1788232670492539648,OK,1,0,9.0545,0.265959,0,1043,0,-0.887112,0.014960,-0.909591,-0.0034014,0.6738011,-0.0345315,0.7380976
1788232670525879040,OK,1,0,8.9865,0.330042,0,1028,0,-0.874185,0.012429,-0.905711,-0.0040796,0.6740838,-0.0342505,0.7378491
1788232670559218944,OK,1,0,8.77988,0.282167,0,1027,0,-0.861510,0.011773,-0.907283,-0.0039308,0.6737024,-0.0339999,0.7382097
1788232670592558592,OK,1,0,8.94304,0.345167,0,996,0,-0.848928,0.012844,-0.906133,-0.0038879,0.6737233,-0.0337378,0.7382029
1788232670625898496,OK,1,0,8.77025,0.338,0,974,0,-0.834423,0.012849,-0.905235,-0.0042892,0.6734336,-0.0341526,0.7384459
1788232670659237120,OK,1,0,9.31421,0.301041,0,925,0,-0.821851,0.012755,-0.904214,-0.0038401,0.6735128,-0.0339147,0.7383872
1788232670692576768,OK,1,0,9.21612,0.34575,0,924,0,-0.812463,0.012795,-0.901373,-0.0036579,0.6735497,-0.0344846,0.7383280
1788232670725916416,OK,1,0,9.66142,0.308084,0,1717,0,-0.797942,0.014293,-0.901791,-0.0024196,0.6729473,-0.0346551,0.7388743
1788232670759256064,OK,1,0,11.363,0.348125,0,1465,0,-0.785412,0.013570,-0.901863,-0.0021419,0.6726196,-0.0344523,0.7391829
1788232670792595968,OK,1,0,11.1264,0.311958,0,1526,0,-0.769327,0.018744,-0.909207,-0.0017249,0.6698345,-0.0339741,0.7417307
1788232670825935872,OK,1,0,11.306,0.290625,0,1463,0,-0.757610,0.020086,-0.906366,-0.0014872,0.6690350,-0.0341504,0.7424444
1788232670859275264,OK,1,0,10.6199,0.350875,0,1434,0,-0.745903,0.020036,-0.903627,-0.0013964,0.6683494,-0.0342779,0.7430559
1788232670892615168,OK,1,0,10.4592,0.335375,0,1371,0,-0.732879,0.019815,-0.901536,-0.0013225,0.6673205,-0.0340001,0.7439930
1788232670925954816,OK,1,0,10.3647,0.284834,0,1375,0,-0.719889,0.020207,-0.900072,-0.0008790,0.6658982,-0.0339116,0.7452710
1788232670959294720,OK,1,0,10.4785,0.330459,0,1314,0,-0.706898,0.021355,-0.896751,-0.0008515,0.6641986,-0.0334498,0.7468070
1788232670992634624,OK,1,0,9.98079,0.2965,0,1278,0,-0.695271,0.022689,-0.891848,-0.0011352,0.6625971,-0.0335931,0.7482215
1788232671025974016,OK,1,0,9.97475,0.276,0,1279,0,-0.683539,0.021949,-0.888242,-0.0017056,0.6608466,-0.0338782,0.7497541
1788232671059313920,OK,1,0,10.055,0.355583,0,1248,0,-0.670245,0.024426,-0.884475,-0.0015309,0.6590094,-0.0333770,0.7513922
1788232671092653824,OK,1,0,9.79842,0.348417,0,1223,0,-0.658545,0.022890,-0.878982,-0.0020344,0.6568934,-0.0332444,0.7532474
1788232671125992448,OK,1,0,9.16471,0.352334,0,1171,0,-0.646146,0.022482,-0.874950,-0.0018466,0.6544656,-0.0329827,0.7553698
1788232671159329536,OK,1,0,9.6835,0.277417,0,1170,0,-0.634822,0.022363,-0.871263,-0.0016144,0.6521394,-0.0332232,0.7573690
1788232671192666624,OK,1,0,9.45725,0.342834,0,1098,0,-0.626048,0.024707,-0.866786,-0.0006427,0.6497877,-0.0333205,0.7593848
1788232671226003712,OK,1,0,9.22396,0.272959,0,1095,0,-0.615077,0.023897,-0.861185,-0.0004420,0.6469740,-0.0334491,0.7617781
1788232671259340544,OK,1,0,9.82125,0.339083,0,1089,0,-0.603487,0.024012,-0.856648,0.0001168,0.6442844,-0.0334632,0.7640536
1788232671292677632,OK,1,0,10.0979,0.3165,0,1784,0,-0.592439,0.023422,-0.852095,0.0000692,0.6415840,-0.0329939,0.7663428
1788232671326014720,OK,1,0,11.478,0.296792,0,1477,0,-0.582530,0.022877,-0.846013,-0.0000795,0.6389697,-0.0326265,0.7685397
1788232671359351552,OK,1,0,10.7807,0.395792,0,1481,0,-0.566068,0.022874,-0.846774,0.0000836,0.6344730,-0.0318587,0.7722882
1788232671392688384,OK,1,0,10.6842,0.293,0,1479,0,-0.555999,0.022620,-0.840418,0.0000328,0.6317528,-0.0320031,0.7745090
1788232671426025216,OK,1,0,10.7906,0.365042,0,1417,0,-0.543441,0.023809,-0.832790,-0.0001662,0.6290923,-0.0319334,0.7766744
1788232671459362048,OK,1,0,10.1669,0.354875,0,1357,0,-0.531789,0.023262,-0.826394,-0.0008587,0.6260829,-0.0319550,0.7791010
1788232671492698624,OK,1,0,10.1455,0.264208,0,1320,0,-0.521050,0.024201,-0.819344,-0.0012653,0.6229520,-0.0321220,0.7815993
1788232671526035456,OK,1,0,9.96483,0.352709,0,1273,0,-0.508361,0.026173,-0.813445,-0.0010031,0.6196657,-0.0318423,0.7842190
1788232671559371008,OK,1,0,9.72288,0.271208,0,1257,0,-0.500482,0.026035,-0.806310,-0.0009096,0.6171319,-0.0317758,0.7862173
1788232671592707840,OK,1,0,9.42279,0.30725,0,1202,0,-0.489572,0.024683,-0.800025,-0.0010597,0.6140682,-0.0316257,0.7886184
1788232671626044416,OK,1,0,9.72188,0.288208,0,1195,0,-0.478149,0.025984,-0.793739,-0.0010486,0.6107740,-0.0318014,0.7911654
1788232671659380992,OK,1,0,9.28787,0.31675,0,1145,0,-0.467830,0.026155,-0.787621,-0.0009335,0.6077873,-0.0317004,0.7934664
1788232671692717824,OK,1,0,9.26608,0.339667,0,1112,0,-0.454910,0.026783,-0.780807,-0.0008442,0.6047546,-0.0313627,0.7957938
1788232671726054144,OK,1,0,9.83742,0.2735,0,2086,0,-0.444173,0.026055,-0.773124,-0.0013277,0.6014422,-0.0313328,0.7983006
1788232671759390720,OK,1,0,12.4614,0.333125,0,1671,0,-0.435473,0.027467,-0.765182,-0.0015795,0.5983690,-0.0316922,0.8005921
1788232671792727296,OK,1,0,11.7421,0.32925,0,1619,0,-0.423229,0.024020,-0.760084,-0.0021178,0.5944288,-0.0307114,0.8035588
1788232671826063616,OK,1,0,12.3573,0.311792,0,1594,0,-0.412420,0.025006,-0.753579,-0.0018752,0.5913783,-0.0306041,0.8058112
1788232671859400192,OK,1,0,11.6448,0.287,0,1532,0,-0.402415,0.025360,-0.746630,-0.0018109,0.5880855,-0.0303235,0.8082282
1788232671892736256,OK,1,0,10.79,0.344917,0,1481,0,-0.392154,0.025586,-0.738798,-0.0017457,0.5844544,-0.0303150,0.8108582
1788232671926072832,OK,1,0,11.1668,0.279583,0,1441,0,-0.382812,0.026667,-0.730646,-0.0016704,0.5811060,-0.0299909,0.8132733
1788232671959408896,OK,1,0,10.702,0.329541,0,1431,0,-0.371626,0.027234,-0.724513,-0.0014516,0.5774789,-0.0294296,0.8158737
1788232671992744448,OK,1,0,11.1743,0.334083,0,1369,0,-0.359909,0.028316,-0.717088,-0.0015130,0.5739846,-0.0292806,0.8183411
1788232672026080512,OK,1,0,10.4352,0.269,0,1328,0,-0.350588,0.028406,-0.707653,-0.0018120,0.5705534,-0.0294629,0.8207299
1788232672059416832,OK,1,0,10.111,0.343584,0,1283,0,-0.340717,0.029140,-0.697719,-0.0024065,0.5670105,-0.0295409,0.8231772
1788232672092752896,OK,1,0,10.0086,0.334209,0,1262,0,-0.332194,0.029185,-0.689882,-0.0025975,0.5637673,-0.0290658,0.8254181
1788232672126089216,OK,1,0,9.938,0.285292,0,1213,0,-0.319799,0.029547,-0.681952,-0.0025720,0.5601394,-0.0284180,0.8279068
1788232672159428096,OK,1,0,9.43621,0.35625,0,1181,0,-0.309382,0.031567,-0.674749,-0.0022743,0.5561473,-0.0286839,0.8305855
1788232672192766976,OK,1,0,9.56004,0.340667,0,1162,0,-0.299172,0.033087,-0.666298,-0.0021613,0.5524274,-0.0284658,0.8330721
1788232672226105856,OK,1,0,9.9705,0.338458,0,2055,0,-0.287812,0.032617,-0.657589,-0.0021821,0.5488909,-0.0277761,0.8354295
1788232672259444736,OK,1,0,12.7943,0.317375,0,1648,0,-0.278556,0.033469,-0.649833,-0.0021185,0.5454064,-0.0274701,0.8377187
1788232672292783616,OK,1,0,12.0098,0.35075,0,1644,0,-0.264873,0.031709,-0.643083,-0.0023162,0.5408791,-0.0267592,0.8406715
1788232672326122496,OK,1,0,11.6039,0.331583,0,1572,0,-0.254618,0.032272,-0.634809,-0.0026051,0.5370522,-0.0265157,0.8431281
1788232672359461376,OK,1,0,11.3078,0.291583,0,1533,0,-0.245687,0.032930,-0.624955,-0.0028050,0.5336066,-0.0262222,0.8453216
1788232672392800256,OK,1,0,10.6325,0.27575,0,1446,0,-0.235954,0.033116,-0.617149,-0.0025264,0.5301068,-0.0257680,0.8475355
1788232672426139136,OK,1,0,10.5604,0.338042,0,1416,0,-0.228596,0.033181,-0.608378,-0.0022430,0.5267966,-0.0260343,0.8495896
1788232672459476992,OK,1,0,10.653,0.277458,0,1390,0,-0.220771,0.033328,-0.599298,-0.0018374,0.5234197,-0.0262259,0.8516693
1788232672492815872,OK,1,0,10.4468,0.335334,0,1353,0,-0.213488,0.032465,-0.591586,-0.0014267,0.5199304,-0.0259909,0.8538119
1788232672526154752,OK,1,0,9.84096,0.278583,0,1296,0,-0.205068,0.033914,-0.582776,-0.0008902,0.5162224,-0.0262435,0.8560519
1788232672559493632,OK,1,0,10.0769,0.278083,0,1225,0,-0.196630,0.034330,-0.572705,-0.0010320,0.5126404,-0.0263549,0.8581982
1788232672592832256,OK,1,0,9.88279,0.307917,0,1205,0,-0.186902,0.035139,-0.561708,-0.0017667,0.5088849,-0.0263585,0.8604291
1788232672626171136,OK,1,0,9.97392,0.262209,0,1138,0,-0.178678,0.036311,-0.549884,-0.0024476,0.5054686,-0.0265512,0.8624330
1788232672659510016,OK,1,0,9.8345,0.273125,0,1877,0,-0.168960,0.036222,-0.540043,-0.0028870,0.5017421,-0.0260538,0.8646201
1788232672692848640,OK,1,0,11.7453,0.31075,0,1551,0,-0.160330,0.037919,-0.530417,-0.0028651,0.4982237,-0.0258645,0.8666580
1788232672726187520,OK,1,0,11.1125,0.352542,0,1528,0,-0.152828,0.038943,-0.518372,-0.0029399,0.4947269,-0.0261498,0.8686501
1788232672759526400,OK,1,0,12.2818,0.320417,0,1453,0,-0.144935,0.039671,-0.509216,-0.0025082,0.4911006,-0.0260327,0.8707103
1788232672792865024,OK,1,0,11.0668,0.286791,0,1391,0,-0.138164,0.040071,-0.500702,-0.0021081,0.4874330,-0.0257750,0.8727773
1788232672826203648,OK,1,0,10.5328,0.274916,0,1341,0,-0.127232,0.041178,-0.491836,-0.0018697,0.4835605,-0.0252062,0.8749459
1788232672859542528,OK,1,0,10.2814,0.335,0,1308,0,-0.119445,0.040681,-0.480823,-0.0019928,0.4800926,-0.0251672,0.8768545
1788232672892880128,OK,1,0,10.1988,0.30075,0,1238,0,-0.111753,0.041871,-0.470205,-0.0020755,0.4763715,-0.0253151,0.8788772
1788232672926218752,OK,1,0,9.95092,0.349459,0,1229,0,-0.104425,0.041621,-0.459809,-0.0024781,0.4725592,-0.0251822,0.8809355
1788232672959557632,OK,1,0,9.592,0.346875,0,1203,0,-0.094508,0.042629,-0.449319,-0.0025003,0.4688478,-0.0242339,0.8829429
1788232672992896256,OK,1,0,10.0291,0.270958,0,1893,0,-0.085679,0.043899,-0.439638,-0.0024457,0.4650675,-0.0239057,0.8849490
1788232673026234880,OK,1,0,12.1755,0.302125,0,1662,0,-0.078357,0.044896,-0.429138,-0.0024535,0.4614588,-0.0240778,0.8868315
1788232673059573504,OK,1,0,11.9084,0.355375,0,1589,0,-0.070892,0.045160,-0.419421,-0.0023026,0.4578159,-0.0241475,0.8887160
1788232673092912128,OK,1,0,12.4817,0.317792,0,1596,0,-0.058035,0.047956,-0.407292,-0.0021166,0.4537475,-0.0238791,0.8908078
1788232673126250752,OK,1,0,11.9285,0.3085,0,1534,0,-0.049642,0.048674,-0.397711,-0.0019033,0.4498366,-0.0236766,0.8927950
1788232673159588864,OK,1,0,11.5095,0.2925,0,1498,0,-0.042919,0.049547,-0.387042,-0.0016705,0.4459097,-0.0239868,0.8947549
1788232673192926976,OK,1,0,11.5778,0.297,0,1455,0,-0.035005,0.050581,-0.376588,-0.0011259,0.4418032,-0.0241283,0.8967867
1788232673226265088,OK,1,0,11.1105,0.296625,0,1418,0,-0.028735,0.051005,-0.367028,-0.0005921,0.4380755,-0.0236081,0.8986279
1788232673259602944,OK,1,0,11.2361,0.297209,0,1365,0,-0.021359,0.051095,-0.358409,-0.0000332,0.4344700,-0.0232221,0.9003869
1788232673292941056,OK,1,0,10.703,0.287541,0,1323,0,-0.014680,0.050681,-0.348003,-0.0000045,0.4307452,-0.0232206,0.9021748
1788232673326278144,OK,1,0,11.0764,0.292291,0,1878,0,-0.008702,0.051909,-0.337348,0.0002430,0.4270187,-0.0230571,0.9039488
1788232673359616000,OK,1,0,12.6995,0.329625,0,1666,0,-0.001641,0.052652,-0.326412,0.0002945,0.4231399,-0.0229281,0.9057742
1788232673392954112,OK,1,0,12.867,0.341417,0,1559,0,0.005739,0.053387,-0.315562,0.0002832,0.4189181,-0.0225757,0.9077433
1788232673426291968,OK,1,0,12.3602,0.309916,0,1556,0,0.013131,0.055221,-0.303597,0.0001499,0.4141220,-0.0227052,0.9099382
1788232673459629824,OK,1,0,11.5395,0.328083,0,1526,0,0.018367,0.055243,-0.291527,-0.0001488,0.4101679,-0.0227924,0.9117252
1788232673492967680,OK,1,0,13.7652,0.3215,0,1530,0,0.004738,-0.008001,-0.277485,0.0001821,0.3995095,-0.0224349,0.9164544
1788232673526305792,OK,1,0,13.7053,0.325666,0,1482,0,0.012084,-0.007671,-0.266410,0.0003457,0.3953195,-0.0221599,0.9182763
1788232673559643392,OK,1,0,13.5732,0.340709,0,1462,0,0.016940,-0.007395,-0.255696,0.0003539,0.3911886,-0.0219245,0.9200493
1788232673592981248,OK,1,0,13.029,0.411833,0,1393,0,0.022826,-0.006269,-0.243895,0.0002437,0.3869344,-0.0216117,0.9218540
1788232673626319104,OK,1,0,16.1237,0.338084,0,1338,0,0.028745,-0.005459,-0.230908,0.0001056,0.3828521,-0.0217160,0.9235544
1788232673659656704,OK,1,0,13.9351,0.347833,0,1336,0,0.035050,-0.004688,-0.219592,0.0001948,0.3787027,-0.0214825,0.9252690
1788232673692994560,OK,1,0,14.1773,0.383666,0,1281,0,0.041525,-0.003705,-0.208061,0.0003955,0.3739476,-0.0211751,0.9272080
1788232673726332160,OK,1,0,12.5359,0.343041,0,1268,0,0.045319,-0.003883,-0.196633,0.0003528,0.3696092,-0.0208306,0.9289537
1788232673759670016,OK,1,0,12.2447,0.343125,0,1228,0,0.050731,-0.003435,-0.186193,0.0005550,0.3651190,-0.0206198,0.9307323
1788232673793006592,OK,1,0,13.8479,0.301625,0,1204,0,0.056056,-0.002499,-0.173064,0.0005020,0.3606170,-0.0206845,0.9324845
1788232673826344192,OK,1,0,13.4053,0.330042,1,1533,0,0.064459,0.021195,-0.158345,0.0049124,0.3594363,-0.0229178,0.9328752
1788232673859681792,OK,1,0,13.557,0.370708,0,1353,0,0.069715,0.022226,-0.145997,0.0045154,0.3547087,-0.0224668,0.9346960
1788232673893019648,OK,1,0,13.0268,0.318459,0,1274,0,0.073891,0.022520,-0.133647,0.0040662,0.3503767,-0.0219571,0.9363427
1788232673926357248,OK,1,0,13.6725,0.357042,0,1244,0,0.080691,0.022808,-0.121734,0.0041755,0.3454581,-0.0215655,0.9381770
1788232673959694848,OK,1,0,13.1223,0.309833,0,1187,0,0.080815,0.023849,-0.110761,0.0044040,0.3409559,-0.0220552,0.9398102
1788232673993032192,OK,1,0,14.6521,0.421041,0,1171,0,0.086175,0.023440,-0.098651,0.0042291,0.3361314,-0.0214832,0.9415606
1788232674026369792,OK,1,0,12.0947,0.356875,0,1109,0,0.091235,0.025294,-0.086726,0.0047103,0.3315205,-0.0209927,0.9432027
1788232674059707392,OK,1,0,11.8802,0.367917,0,1104,0,0.096299,0.025777,-0.074347,0.0047436,0.3261721,-0.0211712,0.9450614
1788232674093044992,OK,1,0,14.3596,0.33075,0,1208,0,0.102417,0.036564,-0.087053,0.0032198,0.3166083,-0.0177263,0.9483852
1788232674126382336,OK,1,0,13.5381,0.340834,0,1188,0,0.105062,0.038261,-0.074773,0.0030564,0.3112940,-0.0176593,0.9501446
1788232674159731968,OK,1,0,12.3832,0.369875,0,1177,0,0.107691,0.037926,-0.061736,0.0027751,0.3059887,-0.0169181,0.9518808
1788232674193081856,OK,1,0,13.2665,0.356458,0,1787,0,0.112524,0.038846,-0.048401,0.0028811,0.3008383,-0.0165768,0.9535267
1788232674226430464,OK,1,0,14.2288,0.281625,0,1453,0,0.114277,0.039054,-0.037305,0.0028161,0.2956443,-0.0163127,0.9551547
1788232674259780352,OK,1,0,13.8647,0.319459,0,1438,0,0.118998,0.039812,-0.024124,0.0028617,0.2903881,-0.0158427,0.9567735
1788232674293130496,OK,1,0,14.8164,0.315833,0,1358,0,0.120877,0.039541,-0.012089,0.0029182,0.2854142,-0.0154006,0.9582761
1788232674326480128,OK,1,0,13.7387,0.308542,0,1316,0,0.121048,0.038202,-0.000950,0.0028989,0.2805187,-0.0156794,0.9597161
1788232674359830272,OK,1,0,16.2971,0.364959,0,1278,0,0.122419,0.039952,0.011844,0.0031867,0.2748633,-0.0158882,0.9613467
1788232674393180160,OK,1,0,13.9668,0.315417,0,1233,0,0.123789,0.038548,0.024399,0.0031812,0.2693605,-0.0153708,0.9629115
1788232674426530560,OK,1,0,14.2076,0.385875,0,1197,0,0.125315,0.038262,0.036802,0.0031336,0.2635408,-0.0154992,0.9645187
1788232674459880704,OK,1,0,13.3447,0.351125,0,1189,0,0.126410,0.037328,0.047132,0.0031861,0.2576913,-0.0153744,0.9660997
1788232674493230592,OK,1,0,19.3485,0.354583,0,1223,0,0.129640,0.038437,0.063558,0.0025717,0.2513991,-0.0149467,0.9677647
1788232674526580992,OK,1,0,12.9356,0.371458,0,1219,0,0.131926,0.037747,0.076702,0.0021318,0.2457725,-0.0141546,0.9692218
1788232674559931392,OK,1,0,12.9835,0.315875,1,1706,0,0.129558,0.020984,0.106913,0.0002714,0.2413250,-0.0157891,0.9703159
1788232674593282048,OK,1,0,13.9193,0.330708,0,1416,0,0.129991,0.023339,0.119992,0.0004823,0.2356481,-0.0159120,0.9717081
1788232674626632448,OK,1,0,13.8495,0.335084,0,1337,0,0.135129,0.023183,0.131918,0.0003272,0.2290293,-0.0149580,0.9733046
1788232674659981824,OK,1,0,13.9547,0.32575,0,1307,0,0.134595,0.023500,0.143213,0.0005761,0.2234032,-0.0142970,0.9746211
1788232674693332480,OK,1,0,14.5032,0.369417,0,1328,0,0.138289,0.023454,0.154361,0.0008427,0.2174102,-0.0136912,0.9759839
1788232674726683136,OK,1,0,14.2154,0.367375,0,1260,0,0.143053,0.025481,0.167648,0.0012720,0.2114419,-0.0132171,0.9773004
1788232674760033792,OK,1,0,15.0836,0.364833,0,1266,0,0.144948,0.025710,0.180917,0.0012308,0.2056031,-0.0128266,0.9785506
1788232674793384448,OK,1,0,14.4496,0.343375,0,1198,0,0.146514,0.026969,0.195028,0.0012201,0.1995994,-0.0125075,0.9797970
1788232674826735104,OK,1,0,15.1284,0.358167,0,1205,0,0.149473,0.028082,0.208556,0.0006133,0.1933892,-0.0120580,0.9810478
1788232674860086272,OK,1,0,14.8954,0.359125,0,1169,0,0.150081,0.029588,0.223187,0.0001199,0.1872711,-0.0116414,0.9822393
1788232674893436928,OK,1,0,13.1508,0.365833,0,1246,0,0.156138,0.023304,0.238107,-0.0007816,0.1806417,-0.0102167,0.9834957
1788232674926787840,OK,1,0,13.6684,0.307708,0,1244,0,0.158643,0.025525,0.253885,-0.0007028,0.1746475,-0.0100287,0.9845797
1788232674960139008,OK,1,0,13.1465,0.30175,0,1247,0,0.158146,0.026635,0.268141,-0.0008399,0.1688753,-0.0097685,0.9855887
1788232674993489920,OK,1,0,13.0847,0.298292,0,1247,0,0.157172,0.026657,0.281157,-0.0008631,0.1629830,-0.0093228,0.9865845
1788232675026841088,OK,1,0,13.3262,0.366,0,1253,0,0.157793,0.027571,0.292128,-0.0001865,0.1568470,-0.0090532,0.9875814
1788232675060192256,OK,1,0,13.451,0.280583,0,1270,0,0.158957,0.027778,0.304405,0.0003640,0.1507762,-0.0080082,0.9885355
1788232675093543424,OK,1,0,13.2591,0.368041,0,1263,0,0.160809,0.028961,0.318145,0.0010550,0.1453979,-0.0075914,0.9893436
1788232675126893824,OK,1,0,12.9983,0.282667,0,1242,0,0.156936,0.026586,0.327354,0.0011792,0.1403705,-0.0075081,0.9900699
1788232675160234496,OK,1,0,13.5004,0.373083,0,1272,0,0.158697,0.029712,0.342143,0.0014941,0.1349667,-0.0075190,0.9908205
1788232675193575168,OK,1,0,13.7043,0.344083,0,1287,0,0.155480,0.029712,0.354975,0.0011393,0.1300352,-0.0070924,0.9914833
1788232675226915840,OK,1,0,14.2815,0.315166,0,1759,0,0.154491,0.030742,0.368010,0.0009689,0.1246113,-0.0067300,0.9921824
1788232675260256512,OK,1,0,15.917,0.335041,0,1657,0,0.152074,0.032219,0.380581,0.0010481,0.1193474,-0.0069172,0.9928280
1788232675293597184,OK,1,0,15.1769,0.334959,0,1566,0,0.150256,0.032430,0.393256,0.0008844,0.1140711,-0.0064801,0.9934511
1788232675326938112,OK,1,0,15.6122,0.356667,0,1559,0,0.149383,0.032946,0.407208,0.0007490,0.1089147,-0.0059227,0.9940332
1788232675360278784,OK,1,0,17.2051,0.342375,0,1515,0,0.151068,0.033119,0.420778,0.0008584,0.1033970,-0.0056522,0.9946238
1788232675393619456,OK,1,0,16.6515,0.346542,0,1519,0,0.145509,0.032704,0.432118,0.0006305,0.0982585,-0.0054556,0.9951458
1788232675426960128,OK,1,0,16.2331,0.358333,0,1484,0,0.145821,0.037082,0.449334,0.0005870,0.0928041,-0.0057105,0.9956679
1788232675460301056,OK,1,0,16.7683,0.337667,0,1504,0,0.140426,0.037259,0.460204,0.0002994,0.0880500,-0.0058073,0.9960991
1788232675493641728,OK,1,0,15.8519,0.336208,0,1482,0,0.139890,0.035911,0.473753,0.0000988,0.0824018,-0.0054787,0.9965841
1788232675526982656,OK,1,0,18.1455,0.347,0,1475,0,0.132670,0.034936,0.483448,-0.0001138,0.0772496,-0.0051245,0.9969986
1788232675560322560,OK,1,0,15.2704,0.373875,0,1506,0,0.137034,0.035287,0.499343,-0.0000283,0.0715923,-0.0040581,0.9974257
1788232675593663232,OK,1,0,15.3367,0.3185,0,1535,0,0.135650,0.035983,0.510309,0.0005126,0.0665250,-0.0036952,0.9977778
1788232675627004160,OK,1,0,15.42,0.30325,0,1530,0,0.127122,0.035623,0.520668,0.0010134,0.0617351,-0.0042298,0.9980831
1788232675660345088,OK,1,0,15.2108,0.290416,0,1524,0,0.128472,0.035532,0.534186,0.0008583,0.0559324,-0.0036998,0.9984274
1788232675693685760,OK,1,0,15.1763,0.304292,0,1555,0,0.123732,0.036711,0.546500,0.0005608,0.0506715,-0.0031986,0.9987101
1788232675727026688,OK,1,0,15.377,0.29775,0,1559,0,0.118148,0.036621,0.557811,0.0003806,0.0457715,-0.0030408,0.9989473
1788232675760367616,OK,1,0,15.0135,0.292208,0,1580,0,0.116078,0.038162,0.571614,0.0008485,0.0404644,-0.0034624,0.9991747
1788232675793708544,OK,1,0,15.1338,0.298375,0,1536,0,0.110979,0.036867,0.583045,0.0005017,0.0350228,-0.0031751,0.9993814
1788232675827049216,OK,1,0,15.4947,0.309625,0,1564,0,0.106516,0.038422,0.594602,0.0007274,0.0301548,-0.0024993,0.9995419
1788232675860390400,OK,1,0,15.6891,0.289459,0,1550,0,0.103988,0.037313,0.606718,0.0007169,0.0252209,-0.0016513,0.9996803
1788232675893731328,OK,1,0,15.1428,0.289875,0,1595,0,0.100415,0.036181,0.617198,0.0008314,0.0197870,-0.0013899,0.9998029
1788232675927072256,OK,1,0,15.9738,0.305709,0,1609,0,0.096303,0.037353,0.630468,0.0006905,0.0142916,-0.0009564,0.9998972
1788232675960413184,OK,1,0,15.6877,0.293333,0,1590,0,0.092418,0.037599,0.644884,0.0005606,0.0092814,-0.0005392,0.9999567
1788232675993753088,OK,1,0,15.8732,0.286042,0,1622,0,0.088879,0.039582,0.656627,0.0007745,0.0046465,-0.0000869,0.9999889
1788232676027094016,OK,1,0,16.067,0.285834,0,1644,0,0.086223,0.039809,0.668354,0.0008686,0.0001849,0.0000428,0.9999996
1788232676060434944,OK,1,0,15.4046,0.294416,0,1627,0,0.082743,0.040945,0.681581,0.0006770,-0.0039373,0.0003556,0.9999920
1788232676093776128,OK,1,0,15.8068,0.289209,0,1643,0,0.078240,0.040703,0.693741,0.0005739,-0.0073816,0.0006251,0.9999724
1788232676127117312,OK,1,0,15.6288,0.31075,0,1676,0,0.073607,0.042002,0.706133,0.0006503,-0.0106172,0.0009196,0.9999430
1788232676160456960,OK,1,0,16.0776,0.30275,0,1717,0,0.071830,0.042638,0.718958,0.0005433,-0.0144122,0.0015372,0.9998948
1788232676193796864,OK,1,0,16.1405,0.386625,0,1680,0,0.067170,0.043287,0.730498,0.0007594,-0.0181524,0.0013328,0.9998341
1788232676227136768,OK,1,0,15.0053,0.390708,0,1684,0,0.063406,0.043479,0.742408,0.0007684,-0.0218397,0.0015087,0.9997601
1788232676260476672,OK,1,0,16.1232,0.296041,0,1671,0,0.059997,0.042536,0.755927,0.0001931,-0.0256448,0.0019243,0.9996693
1788232676293816320,OK,1,0,15.3677,0.306541,0,1655,0,0.054308,0.044913,0.768234,0.0000768,-0.0293330,0.0020490,0.9995676
1788232676327156224,OK,1,0,15.2548,0.302875,0,1650,0,0.050996,0.045315,0.781662,-0.0002246,-0.0332356,0.0015512,0.9994463
1788232676360496128,OK,1,0,15.2498,0.301875,0,1607,0,0.044786,0.046918,0.794705,-0.0005505,-0.0367797,0.0012070,0.9993225
1788232676393836032,OK,1,0,14.958,0.291417,0,1621,0,0.040924,0.045642,0.806394,-0.0012277,-0.0404539,0.0014604,0.9991796
1788232676427175680,OK,1,0,15.2867,0.275,0,1588,0,0.038015,0.047455,0.819149,-0.0016987,-0.0443989,0.0022675,0.9990099
1788232676460514560,OK,1,0,14.8291,0.297208,0,1602,0,0.034049,0.046309,0.831954,-0.0018437,-0.0480705,0.0024027,0.9988394
1788232676493854464,OK,1,0,14.9835,0.293166,0,1592,0,0.029351,0.045379,0.843683,-0.0020589,-0.0516710,0.0025766,0.9986587
1788232676527194112,OK,1,0,14.7925,0.361708,0,1553,0,0.023661,0.048126,0.857576,-0.0018982,-0.0555466,0.0027466,0.9984505
1788232676560534016,OK,1,0,14.6249,0.30075,0,1564,0,0.022149,0.047779,0.869835,-0.0019893,-0.0593895,0.0033447,0.9982273
1788232676593873664,OK,1,0,14.9068,0.30125,0,1582,0,0.017299,0.048713,0.880761,-0.0018324,-0.0627999,0.0033474,0.9980189
1788232676627213568,OK,1,0,14.6834,0.292625,0,1560,0,0.013125,0.048939,0.892358,-0.0015255,-0.0665055,0.0032162,0.9977797
1788232676660553472,OK,1,0,14.7948,0.302917,0,1518,0,0.009056,0.050041,0.903059,-0.0011982,-0.0701873,0.0035063,0.9975269
1788232676693893376,OK,1,0,14.6814,0.292208,0,1527,0,0.004592,0.050835,0.914718,-0.0012104,-0.0737544,0.0041332,0.9972672
1788232676727233280,OK,1,0,14.9528,0.384917,0,1522,0,-0.001580,0.050665,0.926515,-0.0013122,-0.0770959,0.0043126,0.9970135
1788232676760572928,OK,1,0,15.1452,0.299875,0,1502,0,-0.005866,0.051651,0.938816,-0.0013338,-0.0808305,0.0040261,0.9967188
1788232676793912832,OK,1,0,14.8278,0.268209,0,1462,0,-0.010575,0.051296,0.950826,-0.0018698,-0.0847022,0.0041699,0.9963958
1788232676827252736,OK,1,0,15.6225,0.309583,0,1454,0,-0.015855,0.052393,0.963019,-0.0021302,-0.0883990,0.0039615,0.9960750
1788232676860592640,OK,1,0,15.0847,0.327791,0,1441,0,-0.023873,0.054845,0.975629,-0.0021747,-0.0917120,0.0036226,0.9957766
1788232676893931520,OK,1,0,16.9711,0.3245,0,1427,0,-0.025824,0.053456,0.989391,-0.0025214,-0.0958984,0.0037668,0.9953808
1788232676927271168,OK,1,0,15.8397,0.313292,0,1416,0,-0.031126,0.053143,1.000796,-0.0025207,-0.0997906,0.0039737,0.9949973
1788232676960611072,OK,1,0,15.0639,0.31925,0,1643,0,-0.036414,0.052587,1.010722,-0.0019464,-0.1033917,0.0046001,0.9946282
1788232676993950976,OK,1,0,17.2637,0.343625,0,1796,0,-0.040386,0.055297,1.020923,-0.0012200,-0.1069846,0.0051472,0.9942467
1788232677027290880,OK,1,0,16.6382,0.347791,0,1697,0,-0.045007,0.055098,1.031945,-0.0011124,-0.1104476,0.0059629,0.9938635
1788232677060630528,OK,1,0,17.5984,0.345583,0,1623,0,-0.049777,0.054714,1.042397,-0.0012807,-0.1142506,0.0062820,0.9934313
1788232677093970176,OK,1,0,17.3975,0.324792,0,1584,0,-0.055060,0.055090,1.054105,-0.0014410,-0.1181023,0.0061792,0.9929812
1788232677127310080,OK,1,0,16.0745,0.338625,0,1552,0,-0.060953,0.054988,1.066730,-0.0018431,-0.1218863,0.0057912,0.9925255
1788232677160648192,OK,1,0,15.9403,0.328291,0,1536,0,-0.070083,0.056943,1.081146,-0.0021398,-0.1254519,0.0055396,0.9920819
1788232677193985792,OK,1,0,18.1764,0.364958,0,1533,0,-0.078174,0.059341,1.093258,-0.0022305,-0.1288854,0.0055416,0.9916415
1788232677227323648,OK,1,0,17.0596,0.343125,0,1475,0,-0.082946,0.057322,1.104713,-0.0025603,-0.1327043,0.0057932,0.9911355
1788232677260661504,OK,1,0,15.925,0.344584,0,1447,0,-0.088235,0.056536,1.113021,-0.0024229,-0.1360487,0.0060142,0.9906810
1788232677293999616,OK,1,0,17.3543,0.319292,0,1443,0,-0.095631,0.057262,1.124300,-0.0022815,-0.1393088,0.0065668,0.9902246
1788232677327336192,OK,1,0,16.6767,0.318708,0,1420,0,-0.097399,0.055638,1.134402,-0.0022896,-0.1433816,0.0069125,0.9896407
1788232677360673792,OK,1,0,16.441,0.363458,0,1390,0,-0.105396,0.056814,1.145065,-0.0022688,-0.1469443,0.0065566,0.9891204
1788232677394011392,OK,1,0,15.66,0.359042,0,1406,0,-0.111184,0.056353,1.156905,-0.0025010,-0.1506528,0.0063684,0.9885631
1788232677427349248,OK,1,0,15.2488,0.339208,0,1420,0,-0.121165,0.059925,1.170657,-0.0023762,-0.1542005,0.0063887,0.9880161
1788232677460686848,OK,1,0,15.3187,0.360042,0,1431,0,-0.131370,0.061107,1.181640,-0.0020556,-0.1577525,0.0065399,0.9874550
1788232677494024448,OK,1,0,15.4317,0.317083,0,1383,0,-0.143342,0.060315,1.194392,-0.0018230,-0.1616045,0.0064195,0.9868330
1788232677527362048,OK,1,0,14.9624,0.322417,0,1369,0,-0.148033,0.059711,1.204663,-0.0016053,-0.1655882,0.0073905,0.9861660
1788232677560699392,OK,1,0,14.7331,0.3075,0,1362,0,-0.153868,0.060045,1.216269,-0.0013773,-0.1694491,0.0080894,0.9855048
1788232677594036992,OK,1,0,14.8908,0.309833,0,1365,0,-0.160669,0.057943,1.225273,-0.0013421,-0.1732881,0.0081390,0.9848366
1788232677627374592,OK,1,0,15.3801,0.328125,0,1463,0,-0.171815,0.061994,1.240832,-0.0008208,-0.1776482,0.0081826,0.9840597
1788232677660711936,OK,1,0,16.8355,0.321459,0,1717,0,-0.182552,0.064097,1.252005,-0.0008240,-0.1820168,0.0081206,0.9832615
1788232677694049280,OK,1,0,16.663,0.336875,0,1575,0,-0.188557,0.064210,1.261318,-0.0010127,-0.1864772,0.0086246,0.9824209
1788232677727386624,OK,1,0,17.4914,0.3585,0,1565,0,-0.199600,0.065368,1.273142,-0.0009638,-0.1906121,0.0090022,0.9816237
1788232677760724224,OK,1,0,16.5831,0.369333,0,1535,0,-0.206250,0.065480,1.282851,-0.0008928,-0.1953952,0.0093333,0.9806798
1788232677794060288,OK,1,0,18.953,0.357834,0,1550,0,-0.214672,0.063728,1.291688,-0.0010348,-0.1999462,0.0094719,0.9797605
1788232677827397632,OK,1,0,17.3142,0.360417,0,1509,0,-0.220023,0.064079,1.298220,-0.0009156,-0.2044515,0.0100026,0.9788252
1788232677860734976,OK,1,0,18.2047,0.382167,0,1483,0,-0.231542,0.065097,1.310381,-0.0007121,-0.2087975,0.0100257,0.9779072
1788232677894072064,OK,1,0,18.2658,0.349584,0,1447,0,-0.239069,0.065708,1.318609,-0.0006748,-0.2136361,0.0102151,0.9768597
1788232677927409408,OK,1,0,18.3228,0.331041,0,1457,0,-0.252333,0.068775,1.330935,-0.0005945,-0.2185901,0.0106348,0.9757587
1788232677960746496,OK,1,0,18.3905,0.319,0,1399,0,-0.263057,0.068452,1.341138,-0.0005326,-0.2232636,0.0105054,0.9747013
1788232677994083584,OK,1,0,18.5038,0.319834,0,1381,0,-0.269832,0.068396,1.346888,-0.0005597,-0.2281003,0.0109312,0.9735761
1788232678027420672,OK,1,0,17.508,0.324791,0,1430,0,-0.273631,0.065618,1.353432,-0.0007202,-0.2331602,0.0114267,0.9723710
1788232678060757760,OK,1,0,16.5735,0.348666,0,1396,0,-0.285565,0.067575,1.365711,-0.0007097,-0.2379114,0.0117491,0.9712155
1788232678094094848,OK,1,0,15.911,0.313875,0,1364,0,-0.294114,0.068891,1.374450,-0.0006580,-0.2425925,0.0125111,0.9700474
1788232678127431936,OK,1,0,17.5593,0.311875,0,1367,0,-0.303891,0.070746,1.384952,-0.0004421,-0.2472425,0.0129941,0.9688664
1788232678160770048,OK,1,0,15.4872,0.319833,0,1369,0,-0.313443,0.066505,1.389454,-0.0005925,-0.2517405,0.0130917,0.9677061
1788232678194108160,OK,1,0,15.8827,0.330375,0,1381,0,-0.323797,0.069809,1.401107,-0.0002691,-0.2565384,0.0129744,0.9664469
1788232678227445248,OK,1,0,15.3209,0.319167,0,1373,0,-0.334688,0.071607,1.409137,0.0001422,-0.2612210,0.0135108,0.9651845
1788232678260783360,OK,1,0,15.2803,0.37,0,1363,0,-0.343010,0.070274,1.416742,-0.0000113,-0.2661130,0.0134427,0.9638481
1788232678294121472,OK,1,0,15.4558,0.291667,0,1374,0,-0.352049,0.071027,1.422776,0.0000914,-0.2707860,0.0134477,0.9625456
1788232678327459584,OK,1,0,15.2848,0.301417,0,1324,0,-0.363663,0.069217,1.428968,-0.0001579,-0.2753665,0.0130683,0.9612505
1788232678360797696,OK,1,0,14.7643,0.303917,0,1325,0,-0.371399,0.066414,1.434964,-0.0005421,-0.2802747,0.0129863,0.9598318
1788232678394135808,OK,1,0,15.0339,0.28975,0,1336,0,-0.379045,0.067147,1.443017,-0.0007644,-0.2853253,0.0137593,0.9583317
1788232678427473664,OK,1,0,14.8302,0.2955,0,1311,0,-0.396711,0.071243,1.454678,-0.0002659,-0.2894877,0.0135431,0.9570859
1788232678460811520,OK,1,0,15.3556,0.307917,0,1284,0,-0.406344,0.067362,1.459451,-0.0003203,-0.2941341,0.0135149,0.9556686
1788232678494149376,OK,1,0,15.564,0.308208,0,1287,0,-0.414666,0.069340,1.464862,0.0000279,-0.2989662,0.0145623,0.9541526
1788232678527487232,OK,1,0,15.722,0.314584,0,1483,0,-0.420142,0.066403,1.469356,-0.0001279,-0.3037562,0.0153237,0.9526265
1788232678560825088,OK,1,0,15.9071,0.333,0,1632,0,-0.431789,0.066708,1.475984,0.0003972,-0.3080342,0.0152831,0.9512525
1788232678594163200,OK,1,0,17.1275,0.338916,0,1556,0,-0.438985,0.065919,1.477949,0.0005663,-0.3129045,0.0153086,0.9496610
1788232678627501056,OK,1,0,16.9153,0.349958,0,1495,0,-0.451271,0.065480,1.484334,0.0006670,-0.3176806,0.0154267,0.9480721
1788232678660837888,OK,1,0,16.4761,0.34,0,1468,0,-0.462078,0.065268,1.492217,0.0001189,-0.3222949,0.0158364,0.9465069
1788232678694175488,OK,1,0,18.3349,0.359792,0,1453,0,-0.472343,0.068188,1.499524,0.0001121,-0.3269781,0.0162096,0.9448929
1788232678727513344,OK,1,0,17.686,0.362792,0,1425,0,-0.484049,0.070081,1.507652,0.0004927,-0.3316915,0.0163367,0.9432463
1788232678760851200,OK,1,0,16.5178,0.357542,0,1416,0,-0.493560,0.067809,1.513985,0.0003218,-0.3363028,0.0164403,0.9416103
1788232678794188800,OK,1,0,16.7042,0.332125,0,1382,0,-0.504492,0.067820,1.521335,-0.0002035,-0.3407218,0.0169142,0.9400120
1788232678827526400,OK,1,0,15.8739,0.323708,0,1351,0,-0.515672,0.067766,1.526300,-0.0001708,-0.3451326,0.0170311,0.9383994
1788232678860864000,OK,1,0,16.1927,0.334625,0,1306,0,-0.525313,0.064004,1.531956,0.0000620,-0.3498621,0.0168927,0.9366489
1788232678894201600,OK,1,0,17.8564,0.328667,0,1310,0,-0.537099,0.067467,1.538758,0.0009676,-0.3548532,0.0176524,0.9347549
1788232678927539200,OK,1,0,16.2149,0.329833,0,1289,0,-0.546829,0.067402,1.544097,0.0010098,-0.3595903,0.0183392,0.9329296
1788232678960877056,OK,1,0,17.9938,0.362125,0,1282,0,-0.557483,0.066670,1.548501,0.0011135,-0.3637955,0.0190570,0.9312832
1788232678994214656,OK,1,0,16.8983,0.407333,0,1220,0,-0.569351,0.068252,1.556833,0.0014695,-0.3684522,0.0194013,0.9294431
1788232679027552000,OK,1,0,16.4524,0.326333,0,1210,0,-0.581758,0.069286,1.562531,0.0015923,-0.3730351,0.0197224,0.9276063
1788232679060889600,OK,1,0,15.7264,0.340834,0,1183,0,-0.594308,0.070882,1.569345,0.0014695,-0.3776585,0.0199169,0.9257296
1788232679094226944,OK,1,0,14.922,0.356167,0,1137,0,-0.607238,0.072447,1.574293,0.0014548,-0.3822933,0.0203152,0.9238166
1788232679127563520,OK,1,0,15.5816,0.402208,0,1144,0,-0.620265,0.073717,1.580435,0.0016039,-0.3870292,0.0205126,0.9218379
1788232679160902912,OK,1,0,16.4961,0.322416,0,1119,0,-0.632725,0.072285,1.586087,0.0014016,-0.3915446,0.0205480,0.9199286
1788232679194242048,OK,1,0,16.0696,0.332166,0,1115,0,-0.645104,0.074583,1.595189,0.0015641,-0.3958821,0.0207443,0.9180657
1788232679227581184,OK,1,0,15.6177,0.363125,0,1375,0,-0.658581,0.076097,1.598097,0.0020621,-0.4002342,0.0213473,0.9161620
1788232679260920320,OK,1,0,16.4805,0.36375,0,1359,0,-0.669605,0.075769,1.604471,0.0020652,-0.4049039,0.0215744,0.9141024
1788232679294259712,OK,1,0,15.9843,0.3305,0,1309,0,-0.679784,0.076794,1.609170,0.0018791,-0.4095292,0.0220552,0.9120284
1788232679327598848,OK,1,0,15.7118,0.337708,0,1284,0,-0.691892,0.076818,1.612406,0.0016561,-0.4137264,0.0225042,0.9101216
1788232679360937984,OK,1,0,15.5447,0.320542,0,1238,0,-0.702528,0.075845,1.617268,0.0017971,-0.4182439,0.0228255,0.9080462
1788232679394277376,OK,1,0,16.1332,0.338042,0,1235,0,-0.715597,0.077076,1.621867,0.0019506,-0.4229630,0.0229904,0.9058532
1788232679427616512,OK,1,0,16.5884,0.376209,0,1191,0,-0.725259,0.076492,1.626231,0.0019263,-0.4272835,0.0236670,0.9038058
1788232679460955648,OK,1,0,17.1205,0.380708,0,1141,0,-0.737112,0.077169,1.630727,0.0020494,-0.4314200,0.0243278,0.9018208
1788232679494294784,OK,1,0,16.7501,0.343375,0,1108,0,-0.748019,0.077282,1.634369,0.0027193,-0.4358093,0.0244117,0.8997038
1788232679527633664,OK,1,0,15.1808,0.343833,0,1087,0,-0.759905,0.076281,1.636834,0.0028671,-0.4402781,0.0241304,0.8975326
1788232679560972032,OK,1,0,15.8555,0.317792,0,1053,0,-0.773812,0.077592,1.642848,0.0026325,-0.4446881,0.0247986,0.8953382
1788232679594310912,OK,1,0,16.3087,0.374709,0,1048,0,-0.787509,0.079720,1.650151,0.0025551,-0.4490609,0.0253651,0.8931374
1788232679627650048,OK,1,0,14.5962,0.365334,0,989,0,-0.798626,0.076952,1.649256,0.0026174,-0.4530991,0.0253558,0.8910957
1788232679660989184,OK,1,0,14.6841,0.35375,0,1024,0,-0.810639,0.079395,1.654150,0.0029376,-0.4577034,0.0257787,0.8887263
1788232679694328320,OK,1,0,14.4903,0.353458,0,950,0,-0.823127,0.079241,1.656299,0.0025781,-0.4618798,0.0261991,0.8865517
1788232679727667200,OK,1,0,17.1912,0.337542,0,947,0,-0.835107,0.078818,1.661258,0.0024251,-0.4661012,0.0265441,0.8843298
1788232679761006336,OK,1,0,13.9606,0.321167,0,1173,0,-0.849098,0.079390,1.666230,0.0029067,-0.4703448,0.0264058,0.8820828
1788232679794345472,OK,1,0,18.231,0.323709,0,1110,0,-0.861510,0.080392,1.671223,0.0031112,-0.4751183,0.0266128,0.8795139
1788232679827684352,OK,1,0,14.1557,0.32725,0,1077,0,-0.872839,0.079109,1.672922,0.0028756,-0.4792205,0.0271554,0.8772697
1788232679861023488,OK,1,0,14.1114,0.342667,0,1168,0,-0.884481,0.079220,1.676498,0.0027924,-0.4833448,0.0277176,0.8749867
1788232679894362368,OK,1,0,14.464,0.331625,0,1113,0,-0.896417,0.079448,1.679537,0.0029424,-0.4873878,0.0283878,0.8727192
1788232679927701504,OK,1,0,14.5611,0.33575,0,1084,0,-0.908441,0.080428,1.680789,0.0029552,-0.4916350,0.0286744,0.8703242
1788232679961040384,OK,1,0,13.7545,0.346375,0,1027,0,-0.920387,0.080692,1.686732,0.0027627,-0.4955949,0.0292517,0.8680567
1788232679994378240,OK,1,0,13.7601,0.324875,0,1172,0,-0.932640,0.079303,1.686476,0.0025708,-0.4992094,0.0292621,0.8659833
1788232680027717376,OK,1,0,13.5994,0.345792,0,1048,0,-0.945018,0.079514,1.690816,0.0028677,-0.5031237,0.0292628,0.8637142
1788232680061056256,OK,1,0,13.9018,0.341875,0,1105,0,-0.958513,0.081372,1.695552,0.0033267,-0.5071744,0.0292009,0.8613421
1788232680094395136,OK,1,0,14.3104,0.290709,0,1165,0,-0.969645,0.081856,1.696906,0.0035007,-0.5104094,0.0292460,0.8594269
1788232680127733760,OK,1,0,15.0721,0.327083,0,1265,0,-0.981464,0.080685,1.697188,0.0033651,-0.5135161,0.0297282,0.8575583
1788232680161086976,OK,1,0,14.9039,0.316834,0,1206,0,-0.992731,0.080897,1.702703,0.0036343,-0.5168658,0.0301806,0.8555264
1788232680194439680,OK,1,0,14.5562,0.311708,0,1249,0,-1.005266,0.079930,1.703380,0.0035250,-0.5201682,0.0305125,0.8535114
1788232680227792896,OK,1,0,14.1952,0.344083,0,1150,0,-1.017543,0.080089,1.704800,0.0035091,-0.5234644,0.0303465,0.8514997
1788232680261146112,OK,1,0,14.0449,0.346125,0,1112,0,-1.030214,0.080848,1.710682,0.0033886,-0.5269748,0.0304410,0.8493288
1788232680294499328,OK,1,0,13.5382,0.339541,0,1046,0,-1.043065,0.081251,1.711221,0.0032800,-0.5302548,0.0303068,0.8472902
1788232680327852800,OK,1,0,12.9548,0.345291,0,993,0,-1.055126,0.082758,1.714363,0.0034544,-0.5339022,0.0301843,0.8450002
1788232680361206016,OK,1,0,12.3374,0.328541,0,950,0,-1.068208,0.084517,1.715637,0.0034905,-0.5373399,0.0303798,0.8428112
1788232680394559744,OK,1,0,13.3492,0.328875,0,944,0,-1.077990,0.081585,1.721174,0.0032328,-0.5411001,0.0308939,0.8403843
1788232680427913216,OK,1,0,12.3901,0.355583,0,914,0,-1.089210,0.077989,1.723377,0.0026874,-0.5442657,0.0315265,0.8383161
1788232680461266176,OK,1,0,12.8212,0.346667,0,913,0,-1.103319,0.078355,1.723262,0.0030784,-0.5470055,0.0322390,0.8365023
1788232680494619904,OK,1,0,13.5785,0.337542,0,917,0,-1.113968,0.076970,1.726293,0.0032413,-0.5503463,0.0322959,0.8343055
1788232680527973888,OK,1,0,12.7589,0.341833,0,894,0,-1.129189,0.091727,1.728446,0.0040276,-0.5534545,0.0336191,0.8321909
1788232680561327872,OK,1,0,12.5056,0.37325,0,859,0,-1.143770,0.084592,1.726476,0.0029463,-0.5564700,0.0329121,0.8302104
1788232680594682112,OK,1,0,12.1499,0.335833,0,837,0,-1.153458,0.084542,1.730879,0.0027549,-0.5600898,0.0323657,0.8277948
1788232680628036096,OK,1,0,12.0272,0.353208,0,804,0,-1.174473,0.081568,1.729049,0.0026108,-0.5631108,0.0314307,0.8257794
1788232680661390592,OK,1,0,13.2982,0.352375,0,789,0,-1.190114,0.092187,1.729711,0.0031436,-0.5659326,0.0320169,0.8238237
1788232680694744832,OK,1,0,13.0515,0.32225,0,791,0,-1.198051,0.080802,1.733514,0.0018995,-0.5690643,0.0317777,0.8216766
1788232680728099328,OK,1,0,11.4111,0.335167,0,756,0,-1.217642,0.088928,1.728576,0.0028173,-0.5710962,0.0327872,0.8202233
1788232680761454080,OK,1,0,11.6706,0.341959,0,741,0,-1.223280,0.078033,1.730928,0.0026491,-0.5741374,0.0324477,0.8181115
1788232680794808832,OK,1,0,12.5451,0.318416,0,741,0,-1.239828,0.080721,1.734996,0.0031628,-0.5774329,0.0333276,0.8157516
1788232680828163584,OK,1,0,11.2055,0.317375,0,731,0,-1.256876,0.092386,1.738858,0.0043081,-0.5808214,0.0345291,0.8132870
1788232680861518336,OK,1,0,11.2129,0.343167,0,714,0,-1.267334,0.082479,1.738046,0.0034045,-0.5834752,0.0343857,0.8113955
1788232680894872320,OK,1,0,11.8964,0.334666,0,700,0,-1.280854,0.087088,1.741370,0.0041422,-0.5864993,0.0346168,0.8091992
1788232680928227584,OK,1,0,11.4443,0.329125,0,704,0,-1.295035,0.081728,1.749062,0.0034483,-0.5902376,0.0343631,0.8064905
1788232680961582592,OK,1,0,10.9817,0.337708,0,709,0,-1.311418,0.085602,1.740720,0.0033849,-0.5925035,0.0346409,0.8048156
1788232680994938112,OK,1,0,12.0772,0.345083,0,695,0,-1.319437,0.079645,1.748843,0.0022983,-0.5960326,0.0342277,0.8022271
1788232681028293120,OK,1,0,12.0781,0.341,0,848,0,-1.343500,0.079165,1.711344,0.0022184,-0.5954087,0.0339450,0.8027025
1788232681061648640,OK,1,0,12.2253,0.359709,0,913,0,-1.353230,0.091394,1.715250,0.0030236,-0.5988063,0.0346599,0.8001378
1788232681095004160,OK,1,0,14.5543,0.344167,0,1234,0,-1.370674,0.091302,1.708710,0.0021544,-0.6013262,0.0345911,0.7982517
1788232681128359680,OK,1,0,14.3315,0.348333,0,1074,0,-1.385017,0.097061,1.711703,0.0023133,-0.6042611,0.0348445,0.7960207
1788232681161702144,OK,1,0,13.904,0.336625,0,1047,0,-1.401290,0.104652,1.707261,0.0029738,-0.6059433,0.0351790,0.7947240
1788232681195044352,OK,1,0,12.3485,0.333208,0,1001,0,-1.414398,0.100783,1.710358,0.0021461,-0.6082150,0.0349296,0.7930006
1788232681228386816,OK,1,0,13.8948,0.335916,0,976,0,-1.428234,0.093053,1.706006,0.0012852,-0.6099581,0.0339853,0.7917036
1788232681261729280,OK,1,0,12.8401,0.332041,0,990,0,-1.443056,0.095187,1.710679,0.0013329,-0.6120670,0.0342118,0.7900645
1788232681295071744,OK,1,0,12.9067,0.342125,0,961,0,-1.457935,0.105148,1.706093,0.0016231,-0.6133872,0.0354221,0.7889859
1788232681328413184,OK,1,0,12.4633,0.338333,0,929,0,-1.474365,0.108944,1.704716,0.0019897,-0.6150857,0.0357629,0.7876462
1788232681361755648,OK,1,0,13.602,0.351875,0,949,0,-1.482742,0.103409,1.709129,0.0018368,-0.6172378,0.0353310,0.7859808
1788232681395098112,OK,1,0,13.9606,0.33325,0,935,0,-1.496533,0.111462,1.714393,0.0022433,-0.6192731,0.0364336,0.7843267
1788232681428440576,OK,1,0,12.6656,0.33125,0,952,0,-1.509951,0.111533,1.717690,0.0020668,-0.6210021,0.0366037,0.7829511
1788232681461783552,OK,1,0,12.8576,0.321209,0,908,0,-1.523378,0.109808,1.716981,0.0018184,-0.6221653,0.0365750,0.7820290
1788232681495126016,OK,1,0,12.0922,0.331208,0,911,0,-1.533706,0.111632,1.715192,0.0022800,-0.6233909,0.0368060,0.7810404
1788232681528468736,OK,1,0,13.3733,0.36,0,903,0,-1.552119,0.116393,1.713249,0.0026215,-0.6247772,0.0368696,0.7799277
1788232681561811200,OK,1,0,13.4452,0.350916,0,886,0,-1.563550,0.111949,1.717909,0.0018914,-0.6265799,0.0368126,0.7784849
1788232681595154176,OK,1,0,13.1715,0.330167,0,889,0,-1.578322,0.111314,1.715288,0.0020234,-0.6276965,0.0368985,0.7775807
1788232681628496896,OK,1,0,13.6989,0.340375,0,890,0,-1.595459,0.118396,1.715418,0.0027698,-0.6291981,0.0375713,0.7763315
1788232681661839616,OK,1,0,12.4747,0.331291,0,927,0,-1.604586,0.116305,1.718344,0.0024893,-0.6311044,0.0374925,0.7747873
1788232681695182336,OK,1,0,12.8298,0.35,0,884,0,-1.617618,0.111990,1.718479,0.0019635,-0.6325598,0.0375569,0.7735979
1788232681728525056,OK,1,0,12.8357,0.3695,0,867,0,-1.628710,0.117463,1.720362,0.0027618,-0.6339805,0.0380207,0.7724089
1788232681761868288,OK,1,0,13.7816,0.326083,0,946,0,-1.645047,0.113609,1.725645,0.0024519,-0.6358899,0.0378749,0.7708460
1788232681795209984,OK,1,0,14.5245,0.3305,0,993,0,-1.659791,0.118712,1.720336,0.0030727,-0.6368700,0.0383264,0.7700119
1788232681828552960,OK,1,0,13.557,0.325708,0,1358,0,-1.672615,0.112814,1.717015,0.0028541,-0.6383321,0.0375887,0.7688374
1788232681861895680,OK,1,0,13.8204,0.32125,0,1246,0,-1.686889,0.114509,1.717720,0.0027581,-0.6400633,0.0377191,0.7673908
1788232681895238656,OK,1,0,13.2267,0.324167,0,1194,0,-1.700881,0.106882,1.718027,0.0019612,-0.6416802,0.0372421,0.7660651
1788232681928581888,OK,1,0,13.8633,0.349042,0,1177,0,-1.713309,0.110208,1.724262,0.0018043,-0.6437194,0.0379055,0.7643201
1788232681961924864,OK,1,0,14.0865,0.348,0,1170,0,-1.726332,0.112785,1.725550,0.0020927,-0.6450893,0.0383878,0.7631395
1788232681995267840,OK,1,0,15.895,0.336583,0,1134,0,-1.735173,0.109982,1.727535,0.0017395,-0.6468214,0.0383637,0.7616741
1788232682028611072,OK,1,0,14.5838,0.412541,0,1106,0,-1.750772,0.113024,1.726512,0.0015733,-0.6481658,0.0389017,0.7605033
1788232682061954048,OK,1,0,15.3687,0.364667,0,1116,0,-1.762062,0.108423,1.724984,0.0015783,-0.6494228,0.0387794,0.7594365
1788232682095297280,OK,1,0,15.5476,0.373792,0,1111,0,-1.774976,0.108516,1.726177,0.0018330,-0.6512691,0.0387906,0.7578524
1788232682128640256,OK,1,0,13.5215,0.354,0,1120,0,-1.790775,0.104465,1.727143,0.0016442,-0.6529640,0.0382135,0.7564225
1788232682161981184,OK,1,0,14.4273,0.32675,0,1094,0,-1.804140,0.115371,1.723182,0.0029104,-0.6541913,0.0387731,0.7553291
1788232682195322112,OK,1,0,13.3575,0.329625,0,1073,0,-1.817432,0.112118,1.725524,0.0030384,-0.6559715,0.0385643,0.7537937
1788232682228661760,OK,1,0,14.9622,0.336417,0,1081,0,-1.829713,0.109292,1.721205,0.0031299,-0.6571891,0.0387693,0.7527215
1788232682262002688,OK,1,0,14.1502,0.358709,0,1070,0,-1.841688,0.110047,1.716869,0.0030046,-0.6584358,0.0395230,0.7515925
1788232682295343872,OK,1,0,13.3227,0.355708,0,1061,0,-1.852998,0.111383,1.721623,0.0039857,-0.6603225,0.0395285,0.7499305
1788232682328684544,OK,1,0,17.4717,0.347916,0,1055,0,-1.867292,0.116594,1.719328,0.0048084,-0.6618427,0.0400601,0.7485561
1788232682362025472,OK,1,0,13.9379,0.331917,0,1026,0,-1.881546,0.113631,1.713434,0.0044194,-0.6627861,0.0398416,0.7477350
1788232682395366144,OK,1,0,13.4929,0.367209,0,1042,0,-1.897281,0.115741,1.715278,0.0045169,-0.6645206,0.0399930,0.7461853
1788232682428707072,OK,1,0,13.0428,0.343584,0,1036,0,-1.906283,0.103902,1.720415,0.0036560,-0.6665158,0.0389174,0.7444654
1788232682462047744,OK,1,0,15.7497,0.337958,0,1034,0,-1.920388,0.112445,1.721021,0.0046057,-0.6680957,0.0400400,0.7429830
1788232682495388672,OK,1,0,15.3177,0.35625,0,1102,0,-1.937569,0.103270,1.719257,0.0035116,-0.6695619,0.0396456,0.7416891
1788232682528729856,OK,1,0,13.9084,0.33275,0,1140,0,-1.950611,0.109818,1.718939,0.0047597,-0.6711682,0.0403366,0.7401916
1788232682562070528,OK,1,0,13.9895,0.337708,0,1414,0,-1.963207,0.110370,1.714951,0.0048231,-0.6725566,0.0410178,0.7388924
1788232682595411456,OK,1,0,14.7929,0.323417,0,1341,0,-1.978284,0.108668,1.716091,0.0043488,-0.6741298,0.0410124,0.7374606
1788232682628752128,OK,1,0,14.3024,0.347083,0,1302,0,-1.987603,0.110195,1.715119,0.0047855,-0.6756784,0.0410307,0.7360382
1788232682662092032,OK,1,0,14.9857,0.338625,0,1296,0,-2.001925,0.100295,1.712279,0.0040819,-0.6770680,0.0402384,0.7348082
1788232682695432960,OK,1,0,15.1164,0.336333,0,1254,0,-2.014565,0.103377,1.710677,0.0043906,-0.6786178,0.0407508,0.7333471
1788232682728773888,OK,1,0,14.6113,0.339459,0,1226,0,-2.027981,0.108852,1.711038,0.0045475,-0.6803789,0.0412025,0.7316873
1788232682762114816,OK,1,0,17.6141,0.34425,0,1240,0,-2.043209,0.107945,1.709676,0.0044184,-0.6817758,0.0408905,0.7304041
1788232682795455488,OK,1,0,15.8282,0.330167,0,1207,0,-2.053726,0.101176,1.707419,0.0040832,-0.6831451,0.0398545,0.7291830
1788232682828796416,OK,1,0,14.6384,0.343916,0,1220,0,-2.069345,0.108722,1.708148,0.0042857,-0.6848249,0.0404736,0.7275702
1788232682862137344,OK,1,0,15.3947,0.341042,0,1167,0,-2.080739,0.104463,1.703760,0.0039470,-0.6861299,0.0400208,0.7263666
1788232682895478272,OK,1,0,15.7512,0.319875,0,1183,0,-2.094218,0.107103,1.703001,0.0041810,-0.6876196,0.0406143,0.7249222
1788232682928819200,OK,1,0,14.9486,0.303625,0,1155,0,-2.105928,0.104676,1.700308,0.0038551,-0.6888849,0.0403788,0.7237350
1788232682962160128,OK,1,0,14.5763,0.333334,0,1151,0,-2.121501,0.104634,1.696508,0.0042035,-0.6903583,0.0404100,0.7223259
1788232682995501056,OK,1,0,13.949,0.3285,0,1173,0,-2.131078,0.099614,1.699963,0.0041794,-0.6924302,0.0403107,0.7203457
1788232683028841728,OK,1,0,16.8188,0.351708,0,1131,0,-2.144375,0.105910,1.700379,0.0047903,-0.6942077,0.0415335,0.7185594
1788232683062182656,OK,1,0,15.7219,0.371834,0,1113,0,-2.158266,0.110709,1.694297,0.0050161,-0.6951702,0.0425019,0.7175701
1788232683095523584,OK,1,0,16.4645,0.317,0,1129,0,-2.170089,0.107712,1.689947,0.0053229,-0.6960393,0.0427870,0.7167079
1788232683128863488,OK,1,0,14.8208,0.321125,0,1115,0,-2.179798,0.105723,1.691145,0.0055883,-0.6976537,0.0430439,0.7151192
1788232683162202368,OK,1,0,14.5771,0.347083,0,1178,0,-2.189971,0.095436,1.701583,0.0039824,-0.7007989,0.0422522,0.7120954
1788232683195541248,OK,1,0,14.7479,0.333917,0,1216,0,-2.201381,0.096348,1.705434,0.0043029,-0.7028994,0.0422100,0.7100227
1788232683228879872,OK,1,0,14.7247,0.340875,0,1201,0,-2.213636,0.093141,1.699241,0.0044790,-0.7037705,0.0415568,0.7091968
1788232683262218752,OK,1,0,14.2147,0.349167,0,1321,0,-2.225666,0.100429,1.694099,0.0049480,-0.7047572,0.0420009,0.7081870
1788232683295557376,OK,1,0,14.086,0.32625,0,1290,0,-2.239784,0.098351,1.693838,0.0045635,-0.7066591,0.0414095,0.7063266
1788232683328896000,OK,1,0,14.503,0.350208,0,1307,0,-2.252404,0.096429,1.686195,0.0045960,-0.7077070,0.0411779,0.7052900
1788232683362234624,OK,1,0,15.3303,0.34925,0,1266,0,-2.265022,0.095320,1.690694,0.0042922,-0.7096246,0.0414965,0.7033439
1788232683395573248,OK,1,0,15.0454,0.345167,0,1291,0,-2.277934,0.097113,1.687563,0.0041602,-0.7111309,0.0417834,0.7018046
1788232683428911872,OK,1,0,19.0785,0.352375,0,1268,0,-2.291237,0.087658,1.687032,0.0039364,-0.7129617,0.0405171,0.7000204
1788232683462250496,OK,1,0,16.022,0.364125,0,1327,0,-2.303102,0.093634,1.677619,0.0047485,-0.7136675,0.0407366,0.6992829
1788232683495589120,OK,1,0,15.8914,0.314209,0,1538,0,-2.318492,0.099704,1.679348,0.0045344,-0.7154556,0.0411905,0.6974282
1788232683528927744,OK,1,0,16.7581,0.316125,0,1598,0,-2.330581,0.097110,1.675588,0.0042400,-0.7168440,0.0409332,0.6960182
1788232683562265088,OK,1,0,16.16,0.294042,0,1571,0,-2.344024,0.100498,1.671713,0.0046248,-0.7183228,0.0414696,0.6944576
1788232683595603712,OK,1,0,15.8631,0.295208,0,1574,0,-2.355948,0.095520,1.666719,0.0040897,-0.7199375,0.0412189,0.6928018
1788232683628942080,OK,1,0,15.5427,0.345542,0,1489,0,-2.368039,0.098326,1.666945,0.0042917,-0.7222519,0.0416458,0.6903618
1788232683662280448,OK,1,0,16.3729,0.306208,0,1647,0,-2.380661,0.097270,1.659998,0.0044123,-0.7237552,0.0416334,0.6887856
1788232683695618816,OK,1,0,15.8951,0.325291,0,1583,0,-2.393266,0.099144,1.655135,0.0047442,-0.7255276,0.0417437,0.6869096
1788232683728957440,OK,1,0,16.4388,0.322583,0,1554,0,-2.406294,0.097226,1.651989,0.0046374,-0.7277302,0.0413103,0.6846026
1788232683762295808,OK,1,0,16.2052,0.367542,0,1552,0,-2.418514,0.092096,1.648043,0.0046275,-0.7299875,0.0404400,0.6822473
1788232683795633920,OK,1,0,16.0903,0.352167,0,1501,0,-2.431049,0.096055,1.645518,0.0044843,-0.7325400,0.0409298,0.6794776
1788232683828972288,OK,1,0,15.9917,0.354833,0,1446,0,-2.443812,0.100889,1.638057,0.0044993,-0.7343916,0.0416073,0.6774346
1788232683862310912,OK,1,0,16.7284,0.318709,0,1450,0,-2.455351,0.096255,1.635967,0.0041106,-0.7367527,0.0414106,0.6748805
1788232683895649280,OK,1,0,15.9719,0.348708,0,1434,0,-2.466372,0.095119,1.627511,0.0051218,-0.7386755,0.0410992,0.6727876
1788232683928987392,OK,1,0,20.118,0.318042,0,1392,0,-2.478217,0.099251,1.621421,0.0056125,-0.7413437,0.0415840,0.6698125
1788232683962325504,OK,1,0,18.0318,0.332958,0,1413,0,-2.490354,0.093120,1.619127,0.0045681,-0.7442725,0.0412862,0.6665831
1788232683995662848,OK,1,0,16.2298,0.303791,0,1356,0,-2.502759,0.095819,1.616571,0.0051729,-0.7470320,0.0419476,0.6634433
1788232684029000960,OK,1,0,15.7208,0.340417,0,1353,0,-2.514231,0.095131,1.611773,0.0058166,-0.7496827,0.0423498,0.6604155
1788232684062339072,OK,1,0,17.112,0.357208,0,1336,0,-2.524436,0.091850,1.605403,0.0055679,-0.7523699,0.0422959,0.6573580
1788232684095677184,OK,1,0,17.2623,0.333666,0,1291,0,-2.535811,0.093774,1.599227,0.0052953,-0.7550330,0.0430188,0.6542527
1788232684129015296,OK,1,0,16.0519,0.329083,0,1310,0,-2.547086,0.095992,1.594258,0.0053960,-0.7578719,0.0435383,0.6509266
1788232684162360832,OK,1,0,16.286,0.334084,0,1399,0,-2.561108,0.098613,1.588948,0.0060729,-0.7608115,0.0438709,0.6474598
1788232684195706624,OK,1,0,25.7496,0.356334,0,1551,0,-2.559700,0.086500,1.572047,0.0049042,-0.7633218,0.0422395,0.6446175
1788232684229051904,OK,1,0,16.4057,0.348208,0,1495,0,-2.571463,0.089159,1.565075,0.0048512,-0.7662525,0.0424708,0.6411160
1788232684262397696,OK,1,0,18.6342,0.351459,0,1684,0,-2.584823,0.087125,1.562377,0.0043473,-0.7692966,0.0423685,0.6374706
1788232684295743488,OK,1,0,15.8884,0.300792,0,1560,0,-2.595366,0.092380,1.553495,0.0051214,-0.7719229,0.0431927,0.6342266
1788232684329089024,OK,1,0,15.2331,0.316417,0,1479,0,-2.606348,0.094364,1.544341,0.0059840,-0.7747912,0.0434706,0.6306927
1788232684362434816,OK,1,0,15.8325,0.340708,0,1414,0,-2.618577,0.090304,1.537590,0.0054346,-0.7780520,0.0433269,0.6266804
1788232684395780608,OK,1,0,16.0447,0.335667,0,1422,0,-2.628425,0.088339,1.530482,0.0050106,-0.7813227,0.0433435,0.6226003
1788232684429126400,OK,1,0,18.0323,0.333958,0,1429,0,-2.639177,0.087830,1.524001,0.0053915,-0.7845961,0.0431532,0.6184803
1788232684462471168,OK,1,0,16.8186,0.337792,0,1397,0,-2.650983,0.088613,1.514539,0.0056916,-0.7878787,0.0429210,0.6143066
1788232684495817216,OK,1,0,16.4278,0.3315,0,1344,0,-2.663989,0.088563,1.506001,0.0056995,-0.7914768,0.0426299,0.6096841
1788232684529163008,OK,1,0,16.3665,0.329417,0,1332,0,-2.676043,0.088659,1.497496,0.0055485,-0.7950940,0.0424096,0.6049762
1788232684562509312,OK,1,0,16.1562,0.347083,0,1341,0,-2.688827,0.091113,1.491230,0.0059302,-0.7986041,0.0429195,0.6002952
1788232684595855104,OK,1,0,16.953,0.360542,0,1282,0,-2.701474,0.083938,1.485003,0.0052562,-0.8021160,0.0425416,0.5956278
1788232684629201408,OK,1,0,15.968,0.343,0,1291,0,-2.710837,0.087421,1.476469,0.0056813,-0.8052306,0.0437359,0.5913194
1788232684662547456,OK,1,0,17.445,0.346916,0,1289,0,-2.722691,0.082837,1.474096,0.0051810,-0.8090708,0.0439533,0.5860425
1788232684695893504,OK,1,0,15.7129,0.313084,0,1257,0,-2.734407,0.081570,1.465765,0.0052299,-0.8125053,0.0444815,0.5812308
1788232684729239808,OK,1,0,17.1987,0.364917,0,1264,0,-2.743848,0.083017,1.456238,0.0057090,-0.8158023,0.0448192,0.5765633
1788232684762585856,OK,1,0,17.2766,0.3545,0,1230,0,-2.756991,0.084594,1.449693,0.0057709,-0.8194851,0.0452529,0.5712820
1788232684795932416,OK,1,0,16.6158,0.32725,0,1239,0,-2.765123,0.083114,1.438046,0.0056416,-0.8226538,0.0449044,0.5667384
1788232684829278464,OK,1,0,15.6724,0.345708,0,1243,0,-2.781364,0.078135,1.432235,0.0052149,-0.8267527,0.0441781,0.5608039
1788232684862625024,OK,1,0,15.3441,0.343833,0,1251,0,-2.788376,0.080423,1.419565,0.0060164,-0.8300233,0.0441400,0.5559467
1788232684895970560,OK,1,0,14.6899,0.36175,0,1248,0,-2.795390,0.078782,1.407724,0.0059917,-0.8331370,0.0441878,0.5512662
1788232684929316864,OK,1,0,15.4164,0.347459,0,1268,0,-2.798045,0.078428,1.396352,0.0061977,-0.8362445,0.0445385,0.5465099
1788232684962663424,OK,1,0,17.2837,0.347375,0,1779,0,-2.808108,0.079290,1.388196,0.0065938,-0.8396481,0.0452108,0.5412056
1788232684996009728,OK,1,0,17.7609,0.318334,0,1723,0,-2.814588,0.078053,1.377898,0.0069547,-0.8428957,0.0457736,0.5360814
1788232685029356544,OK,1,0,16.6322,0.316917,0,1583,0,-2.823394,0.078078,1.368366,0.0069866,-0.8461775,0.0465613,0.5308173
1788232685062703104,OK,1,0,16.1083,0.338833,0,1519,0,-2.830737,0.076270,1.358692,0.0069154,-0.8491424,0.0473068,0.5259956
1788232685096049920,OK,1,0,15.75,0.355375,0,1425,0,-2.839832,0.071207,1.353143,0.0065376,-0.8524224,0.0475658,0.5206446
1788232685129396224,OK,1,0,16.7555,0.367375,0,1361,0,-2.845220,0.071948,1.337537,0.0070392,-0.8552651,0.0477415,0.5159388
1788232685162735872,OK,1,0,14.7569,0.333417,0,1319,0,-2.852764,0.074178,1.325368,0.0074137,-0.8583176,0.0478567,0.5108286
1788232685196075264,OK,1,0,15.9427,0.337709,0,1270,0,-2.861693,0.072039,1.314012,0.0075349,-0.8614705,0.0477252,0.5055038
1788232685229414656,OK,1,0,14.796,0.35525,0,1255,0,-2.871227,0.073268,1.303865,0.0083947,-0.8648645,0.0477966,0.4996543
1788232685262753792,OK,1,0,14.938,0.365542,0,1218,0,-2.880849,0.069480,1.293300,0.0079985,-0.8680061,0.0477705,0.4941857
1788232685296093184,OK,1,0,16.4005,0.356541,0,1190,0,-2.891340,0.067138,1.285929,0.0072440,-0.8710293,0.0482736,0.4887996
1788232685329431552,OK,1,0,14.6824,0.335042,0,1187,0,-2.898180,0.066489,1.273876,0.0075847,-0.8737937,0.0489861,0.4837639
1788232685362770688,OK,1,0,16.4902,0.338916,0,1159,0,-2.903164,0.071883,1.261404,0.0085799,-0.8765539,0.0498302,0.4786403
1788232685396110080,OK,1,0,15.368,0.357542,0,1139,0,-2.913088,0.072380,1.250766,0.0083364,-0.8796110,0.0500161,0.4729835
1788232685429449472,OK,1,0,14.1638,0.354833,0,1158,0,-2.921108,0.068292,1.238838,0.0075000,-0.8824407,0.0498207,0.4677178
1788232685462788608,OK,1,0,14.2348,0.374167,0,1139,0,-2.929178,0.068479,1.228471,0.0078799,-0.8853953,0.0499665,0.4620784
1788232685496128000,OK,1,0,14.6741,0.355084,0,1109,0,-2.937551,0.066563,1.220501,0.0075354,-0.8884304,0.0500619,0.4562110
1788232685529467136,OK,1,0,15.6211,0.380209,0,1122,0,-2.943919,0.065359,1.209051,0.0073381,-0.8910409,0.0503245,0.4510651
1788232685562806272,OK,1,0,14.1012,0.356833,0,1078,0,-2.949981,0.072108,1.193814,0.0085680,-0.8934004,0.0512883,0.4462420
1788232685596145152,OK,1,0,14.8994,0.342,0,1050,0,-2.958781,0.072583,1.184703,0.0090199,-0.8963391,0.0516678,0.4402560
1788232685629484288,OK,1,0,15.7632,0.34425,0,1045,0,-2.969113,0.070203,1.170977,0.0085072,-0.8991354,0.0514377,0.4345544
1788232685662823424,OK,1,0,13.5738,0.322334,0,1031,0,-2.972129,0.063357,1.160816,0.0076552,-0.9017399,0.0506329,0.4292352
1788232685696162560,OK,1,0,19.145,0.33,0,1076,0,-2.979540,0.064895,1.151896,0.0081567,-0.9043530,0.0509250,0.4236577
1788232685729501696,OK,1,0,13.8682,0.35375,0,1818,0,-2.983782,0.064111,1.138817,0.0084469,-0.9068968,0.0510186,0.4181674
1788232685762840832,OK,1,0,15.7807,0.312625,0,1596,0,-2.989833,0.063269,1.126885,0.0081203,-0.9093235,0.0511729,0.4128513
1788232685796178944,OK,1,0,15.295,0.318917,0,1494,0,-2.996477,0.059164,1.117945,0.0076205,-0.9119123,0.0510632,0.4071245
1788232685829517824,OK,1,0,15.3499,0.334333,0,1425,0,-3.001052,0.058741,1.106020,0.0076301,-0.9143949,0.0512711,0.4014911
1788232685862856960,OK,1,0,15.592,0.326959,0,1368,0,-3.010026,0.062379,1.092319,0.0079977,-0.9169847,0.0515669,0.3954947
1788232685896195840,OK,1,0,14.9504,0.343125,0,1300,0,-3.014139,0.062149,1.080777,0.0078603,-0.9192501,0.0516862,0.3901873
1788232685929534976,OK,1,0,15.0595,0.337584,0,1269,0,-3.023628,0.061517,1.071673,0.0076846,-0.9218202,0.0518291,0.3840601
1788232685962873856,OK,1,0,17.4067,0.330542,0,1225,0,-3.028928,0.062085,1.057423,0.0078894,-0.9241977,0.0518351,0.3782983
1788232685996212736,OK,1,0,16.4949,0.328833,0,1197,0,-3.038202,0.060881,1.047909,0.0074450,-0.9267736,0.0517252,0.3719675
1788232686029551616,OK,1,0,16.337,0.34475,0,1226,0,-3.045137,0.062928,1.037071,0.0076026,-0.9291686,0.0519508,0.3659086
1788232686062890496,OK,1,0,15.6967,0.345792,0,1208,0,-3.048101,0.059502,1.023115,0.0079439,-0.9311808,0.0518321,0.3607669
1788232686096229376,OK,1,0,14.6875,0.319625,0,1182,0,-3.053775,0.058007,1.009841,0.0080812,-0.9334267,0.0519721,0.3548917
1788232686129568000,OK,1,0,14.4139,0.339458,0,1158,0,-3.057438,0.057177,0.998422,0.0079318,-0.9355050,0.0522735,0.3493351
1788232686162907136,OK,1,0,15.1363,0.343917,0,1174,0,-3.062641,0.054778,0.987717,0.0075181,-0.9376729,0.0522528,0.3434862
1788232686196246016,OK,1,0,15.9699,0.33625,0,1133,0,-3.063741,0.058649,0.972730,0.0082866,-0.9394789,0.0528566,0.3384035
1788232686229584128,OK,1,0,15.0348,0.309291,0,1088,0,-3.068640,0.056600,0.959865,0.0083091,-0.9416405,0.0524845,0.3323997
1788232686262923008,OK,1,0,14.575,0.325292,0,1057,0,-3.072453,0.055710,0.945956,0.0083090,-0.9436085,0.0523451,0.3267936
1788232686296261888,OK,1,0,13.231,0.356208,0,1055,0,-3.076565,0.051545,0.938560,0.0082080,-0.9457656,0.0519557,0.3205630
1788232686329600768,OK,1,0,13.257,0.3105,0,1865,0,-3.080061,0.053706,0.924568,0.0084637,-0.9477888,0.0524413,0.3144432
1788232686362939648,OK,1,0,16.3785,0.345791,0,1624,0,-3.084189,0.052744,0.911897,0.0081638,-0.9499167,0.0525444,0.3079462
1788232686396278528,OK,1,0,14.9828,0.336375,0,1518,0,-3.087088,0.049719,0.899971,0.0077303,-0.9518265,0.0528550,0.3019485
1788232686429617408,OK,1,0,15.2742,0.353709,0,1455,0,-3.089851,0.050938,0.887094,0.0076736,-0.9535208,0.0535084,0.2964391
1788232686462956288,OK,1,0,16.389,0.349375,0,1369,0,-3.092392,0.045996,0.874561,0.0069831,-0.9552968,0.0535392,0.2906768
1788232686496294912,OK,1,0,16.3135,0.324708,0,1272,0,-3.098248,0.042692,0.866409,0.0063713,-0.9572051,0.0538226,0.2842902
1788232686529633792,OK,1,0,15.818,0.354917,0,1240,0,-3.099783,0.044501,0.851572,0.0064139,-0.9587994,0.0542750,0.2787774
1788232686562972416,OK,1,0,14.4945,0.350333,0,1179,0,-3.104387,0.045325,0.836601,0.0064053,-0.9604467,0.0542040,0.2730624
1788232686596311296,OK,1,0,13.2685,0.355042,0,1113,0,-3.107302,0.044086,0.825687,0.0063175,-0.9622306,0.0540602,0.2667396
1788232686629649920,OK,1,0,13.0671,0.370458,0,1087,0,-3.111131,0.047700,0.813316,0.0066786,-0.9638227,0.0544755,0.2608324
1788232686662987520,OK,1,0,12.9722,0.347459,0,1070,0,-3.114845,0.044544,0.801055,0.0061861,-0.9654698,0.0543407,0.2547097
1788232686696326144,OK,1,0,12.4615,0.355958,0,993,0,-3.117360,0.045794,0.788079,0.0067262,-0.9671279,0.0543038,0.2483337
1788232686729664768,OK,1,0,12.9544,0.356042,0,997,0,-3.120708,0.044094,0.777045,0.0066478,-0.9688052,0.0546015,0.2416423
1788232686763003392,OK,1,0,13.0848,0.37325,0,975,0,-3.118052,0.045292,0.765318,0.0067986,-0.9702304,0.0554303,0.2356570
1788232686796342016,OK,1,0,12.2372,0.339083,0,961,0,-3.122314,0.044383,0.753104,0.0058865,-0.9716924,0.0560517,0.2294284
1788232686829680640,OK,1,0,12.4548,0.349792,0,970,0,-3.124937,0.042997,0.743324,0.0056553,-0.9730551,0.0563909,0.2234989
1788232686863019264,OK,1,0,14.4352,0.336542,0,986,0,-3.125768,0.037345,0.732534,0.0054408,-0.9744351,0.0561653,0.2174675
1788232686896357632,OK,1,0,12.4151,0.325209,0,1507,0,-3.125445,0.039907,0.718527,0.0058653,-0.9757033,0.0565304,0.2115964
1788232686929696256,OK,1,0,14.3313,0.335708,0,1353,0,-3.125672,0.038677,0.706562,0.0056146,-0.9770343,0.0562542,0.2054457
1788232686963034624,OK,1,0,12.8633,0.323541,0,1220,0,-3.126142,0.038333,0.693161,0.0060452,-0.9783056,0.0563242,0.1992719
1788232686996372992,OK,1,0,12.841,0.338291,0,1162,0,-3.125020,0.039370,0.679688,0.0065472,-0.9795303,0.0564719,0.1931019
1788232687029711616,OK,1,0,14.3533,0.3365,0,1072,0,-3.129463,0.037271,0.668589,0.0058625,-0.9808449,0.0562808,0.1863904
1788232687063049984,OK,1,0,14.1831,0.35525,0,1043,0,-3.129037,0.034737,0.656284,0.0061584,-0.9819887,0.0559211,0.1803692
1788232687096388352,OK,1,0,13.2454,0.328583,0,995,0,-3.126840,0.034894,0.644285,0.0063929,-0.9831088,0.0561181,0.1740894
1788232687129725952,OK,1,0,12.0985,0.369583,0,940,0,-3.128717,0.033808,0.630520,0.0058951,-0.9842533,0.0556446,0.1676731
1788232687163073792,OK,1,0,11.9939,0.37275,0,923,0,-3.126163,0.033288,0.615370,0.0057083,-0.9852237,0.0555616,0.1619093
1788232687196421632,OK,1,0,12.1694,0.369292,0,887,0,-3.127118,0.035231,0.602609,0.0060196,-0.9861354,0.0563139,0.1559796
1788232687229769472,OK,1,0,12.3375,0.36225,0,890,0,-3.125971,0.033243,0.589647,0.0059231,-0.9871432,0.0561764,0.1495242
1788232687263117568,OK,1,0,11.2787,0.349709,0,876,0,-3.127513,0.033855,0.580227,0.0052679,-0.9880725,0.0561728,0.1432815
1788232687296465664,OK,1,0,11.2312,0.312708,0,864,0,-3.124468,0.032857,0.566226,0.0048374,-0.9888728,0.0559655,0.1377504
1788232687329813760,OK,1,0,11.4009,0.308167,0,857,0,-3.124440,0.033446,0.552910,0.0052589,-0.9896652,0.0562868,0.1317836
1788232687363161856,OK,1,0,10.1995,0.329167,0,839,0,-3.122258,0.032525,0.539757,0.0053004,-0.9905311,0.0556732,0.1253821
1788232687396509952,OK,1,0,12.0398,0.348084,0,1013,0,-3.124447,0.029816,0.527023,0.0049704,-0.9913755,0.0549448,0.1188740
1788232687429858048,OK,1,0,11.9201,0.3375,0,900,0,-3.123319,0.024056,0.513601,0.0047139,-0.9921385,0.0540695,0.1127631
1788232687463206656,OK,1,0,10.5285,0.350416,0,982,0,-3.118521,0.022669,0.501509,0.0047654,-0.9928315,0.0538190,0.1066134
1788232687496554752,OK,1,0,10.1252,0.328042,0,940,0,-3.117780,0.022342,0.489271,0.0044406,-0.9934885,0.0538450,0.1003079
1788232687529903104,OK,1,0,10.4273,0.347708,0,932,0,-3.114923,0.022323,0.477048,0.0044998,-0.9940196,0.0540866,0.0947605
1788232687563250432,OK,1,0,10.7907,0.33075,0,956,0,-3.112235,0.018915,0.465385,0.0044970,-0.9945555,0.0540769,0.0889658
1788232687596598784,OK,1,0,12.6037,0.334458,0,860,0,-3.106637,0.017487,0.449356,0.0046698,-0.9950976,0.0538209,0.0828390
1788232687629947392,OK,1,0,9.91962,0.337083,0,993,0,-3.104278,0.017915,0.438112,0.0044919,-0.9955912,0.0537985,0.0767063
1788232687663295744,OK,1,0,9.95708,0.331291,0,895,0,-3.106162,0.014513,0.427915,0.0041182,-0.9961103,0.0532970,0.0700486
1788232687696644096,OK,1,0,9.44804,0.323834,0,964,0,-3.102413,0.011134,0.416356,0.0039477,-0.9965312,0.0528218,0.0641869
1788232687729992704,OK,1,0,10.0545,0.343042,0,887,0,-3.101736,0.008889,0.407519,0.0034594,-0.9969434,0.0524255,0.0578226
1788232687763341056,OK,1,0,10.3802,0.351709,0,882,0,-3.099076,0.012539,0.389992,0.0030572,-0.9972237,0.0529310,0.0522875
1788232687796689664,OK,1,0,9.62767,0.330875,0,935,0,-3.095727,0.014877,0.376640,0.0031351,-0.9974440,0.0531898,0.0476089
1788232687830038272,OK,1,0,9.98992,0.330875,0,924,0,-3.093472,0.009273,0.365273,0.0031738,-0.9976427,0.0527797,0.0437422
1788232687863386880,OK,1,0,9.84017,0.343208,0,942,0,-3.092086,0.010487,0.349883,0.0029255,-0.9977770,0.0531306,0.0401216
1788232687896735488,OK,1,0,10.2472,0.336208,0,907,0,-3.091611,0.008936,0.339008,0.0028895,-0.9979158,0.0531903,0.0364223
1788232687930084352,OK,1,0,11.5392,0.326833,0,890,0,-3.087673,0.010779,0.325573,0.0031614,-0.9979859,0.0533552,0.0341674
1788232687963433216,OK,1,0,9.49658,0.326458,0,847,0,-3.089710,0.004685,0.315626,0.0032266,-0.9980989,0.0524663,0.0321809
1788232687996781056,OK,1,0,9.90283,0.335541,0,934,0,-3.087344,0.006672,0.301875,0.0038101,-0.9981769,0.0523187,0.0298514
1788232688030129920,OK,1,0,9.72683,0.348375,0,887,0,-3.084608,0.004914,0.287596,0.0041391,-0.9982817,0.0516826,0.0273018
1788232688063478784,OK,1,0,9.93104,0.343875,0,847,0,-3.082990,0.004421,0.274285,0.0040889,-0.9983543,0.0515366,0.0248190
1788232688096827648,OK,1,0,9.5945,0.32775,0,822,0,-3.082248,0.003478,0.260885,0.0038683,-0.9984315,0.0510586,0.0226403
1788232688130176512,OK,1,0,9.76125,0.340958,0,827,0,-3.080123,0.001902,0.247924,0.0040603,-0.9984863,0.0508968,0.0204501
1788232688163515136,OK,1,0,9.86254,0.326542,0,801,0,-3.078261,0.005247,0.233522,0.0039738,-0.9985198,0.0511967,0.0179236
1788232688196854016,OK,1,0,10.3795,0.334792,0,802,0,-3.077433,0.003967,0.219920,0.0038053,-0.9985692,0.0510956,0.0153112
1788232688230192640,OK,1,0,10.1732,0.336167,0,804,0,-3.077712,0.001538,0.208856,0.0035894,-0.9986115,0.0510109,0.0126557
1788232688263531264,OK,1,0,10.0715,0.346209,0,805,0,-3.076750,0.000344,0.196279,0.0034103,-0.9986383,0.0510340,0.0102722
1788232688296870144,OK,1,0,10.8071,0.361166,0,782,0,-3.074286,0.000054,0.184495,0.0032824,-0.9986569,0.0510701,0.0080929
1788232688330208768,OK,1,0,9.43696,0.331584,0,752,0,-3.072690,0.000108,0.171061,0.0030277,-0.9986711,0.0511345,0.0056781
1788232688363547392,OK,1,0,11.2453,0.348709,0,756,0,-3.072613,-0.003163,0.159008,0.0031102,-0.9986907,0.0509681,0.0030859
1788232688396886016,OK,1,0,9.40308,0.352334,0,871,0,-3.071214,-0.004705,0.148361,0.0027725,-0.9987108,0.0506828,0.0006131
1788232688430224384,OK,1,0,9.94962,0.346833,0,856,0,-3.069017,-0.006214,0.134072,-0.0028791,0.9987422,-0.0500170,0.0020021
1788232688463561984,OK,1,0,9.87108,0.336084,0,872,0,-3.063676,-0.005733,0.121286,-0.0034895,0.9987252,-0.0501869,0.0041259
1788232688496900608,OK,1,0,10.0505,0.33225,0,877,0,-3.064320,-0.006857,0.107323,-0.0031622,0.9987180,-0.0499948,0.0072673
1788232688530238976,OK,1,0,9.203,0.339667,0,838,0,-3.061647,-0.008825,0.096842,-0.0029245,0.9987029,-0.0498754,0.0098166
1788232688563577344,OK,1,0,9.80092,0.334334,0,830,0,-3.060890,-0.008833,0.084930,-0.0023226,0.9986510,-0.0502858,0.0127310
1788232688596915968,OK,1,0,9.36158,0.351875,0,809,0,-3.056659,-0.009807,0.074472,-0.0027377,0.9985781,-0.0509904,0.0153084
1788232688630254336,OK,1,0,9.48279,0.340291,0,815,0,-3.052723,-0.010823,0.062298,-0.0029077,0.9984933,-0.0516548,0.0182876
1788232688663592704,OK,1,0,10.9913,0.326708,0,790,0,-3.050227,-0.009982,0.050502,-0.0026835,0.9983914,-0.0523598,0.0215868
1788232688696931072,OK,1,0,10.6775,0.319209,0,797,0,-3.047498,-0.011910,0.039906,-0.0026216,0.9983042,-0.0526091,0.0247819
1788232688730269440,OK,1,0,9.49887,0.324334,0,787,0,-3.044172,-0.012448,0.028545,-0.0026140,0.9982112,-0.0529301,0.0276761
1788232688763607808,OK,1,0,9.27158,0.337083,0,770,0,-3.042971,-0.011952,0.015948,-0.0025879,0.9980745,-0.0535791,0.0311432
1788232688796945920,OK,1,0,9.10371,0.333917,0,768,0,-3.037977,-0.013142,0.005990,-0.0026544,0.9979634,-0.0535943,0.0344906
1788232688830284544,OK,1,0,9.39837,0.337208,0,769,0,-3.035194,-0.013218,-0.006734,-0.0020935,0.9978321,-0.0536312,0.0380843
1788232688863622656,OK,1,0,9.51896,0.341625,0,755,0,-3.028679,-0.011020,-0.018581,-0.0022919,0.9976920,-0.0538547,0.0412916
1788232688896959744,OK,1,0,9.28258,0.336458,0,721,0,-3.026922,-0.016729,-0.029434,-0.0026008,0.9975523,-0.0535687,0.0448677
1788232688930298112,OK,1,0,9.82958,0.366166,0,729,0,-3.020843,-0.015931,-0.043698,-0.0028037,0.9973872,-0.0534659,0.0485006
1788232688963636224,OK,1,0,9.20283,0.3285,0,864,0,-3.017262,-0.015675,-0.055669,-0.0027197,0.9971853,-0.0533084,0.0526520
1788232688996974336,OK,1,0,9.29979,0.334833,0,807,0,-3.010542,-0.015573,-0.068476,-0.0030049,0.9969804,-0.0535345,0.0561716
1788232689030312448,OK,1,0,9.46046,0.341209,0,780,0,-3.007104,-0.014845,-0.079686,-0.0029649,0.9967227,-0.0540365,0.0601259
1788232689063650560,OK,1,0,9.80612,0.333625,0,771,0,-3.002680,-0.017008,-0.090239,-0.0030171,0.9964833,-0.0538945,0.0640885
1788232689096988416,OK,1,0,10.1678,0.323708,0,759,0,-2.996220,-0.018211,-0.100971,-0.0030418,0.9962375,-0.0536154,0.0680230
1788232689130326784,OK,1,0,10.6669,0.348125,0,748,0,-2.990360,-0.017222,-0.113371,-0.0029339,0.9959719,-0.0537380,0.0717201
1788232689163671808,OK,1,0,10.5476,0.387916,0,751,0,-2.986320,-0.018625,-0.125140,-0.0028846,0.9956748,-0.0538116,0.0756822
1788232689197016832,OK,1,0,10.0975,0.374625,0,725,0,-2.978394,-0.019159,-0.138475,-0.0029328,0.9953851,-0.0539651,0.0792951
1788232689230362112,OK,1,0,9.20183,0.324417,0,712,0,-2.975607,-0.022704,-0.148876,-0.0027478,0.9950260,-0.0536719,0.0838753
1788232689263707392,OK,1,0,9.26354,0.354458,0,693,0,-2.972017,-0.022741,-0.158199,-0.0027784,0.9946544,-0.0537349,0.0881338
1788232689297052416,OK,1,0,9.30042,0.309792,0,675,0,-2.963863,-0.023168,-0.171630,-0.0030946,0.9942784,-0.0538735,0.0921884
1788232689330396672,OK,1,0,8.95692,0.336,0,654,0,-2.957130,-0.024096,-0.182612,-0.0034585,0.9938821,-0.0539987,0.0962832
1788232689363741952,OK,1,0,9.72371,0.377209,0,628,0,-2.953675,-0.022197,-0.195316,-0.0031273,0.9934250,-0.0537767,0.1010206
1788232689397087232,OK,1,0,9.90004,0.338291,0,631,0,-2.949247,-0.022822,-0.206698,-0.0029530,0.9929667,-0.0537261,0.1054611
1788232689430432256,OK,1,0,13.266,0.352125,0,652,0,-2.940024,-0.026243,-0.216486,-0.0034316,0.9925841,-0.0533412,0.1091775
1788232689463777536,OK,1,0,8.91817,0.338875,0,854,0,-2.935024,-0.025169,-0.228322,-0.0030328,0.9921007,-0.0538777,0.1132448
1788232689497122816,OK,1,0,10.309,0.321417,0,780,0,-2.928175,-0.027059,-0.241072,-0.0030824,0.9915877,-0.0536743,0.1177432
1788232689530468096,OK,1,0,10.1647,0.339334,0,738,0,-2.925056,-0.029860,-0.250043,-0.0032577,0.9910598,-0.0536710,0.1221034
1788232689563813376,OK,1,0,9.60546,0.365666,0,700,0,-2.919285,-0.029894,-0.260591,-0.0034856,0.9905255,-0.0538752,0.1262719
1788232689597158656,OK,1,0,9.68992,0.351167,0,703,0,-2.910676,-0.030091,-0.270609,-0.0040195,0.9899659,-0.0542821,0.1304026
1788232689630504192,OK,1,0,10.1301,0.355208,0,681,0,-2.900921,-0.029267,-0.282265,-0.0042930,0.9893892,-0.0542692,0.1347047
1788232689663849472,OK,1,0,9.08587,0.364834,0,691,0,-2.894237,-0.031007,-0.294484,-0.0040229,0.9888298,-0.0538258,0.1389326
1788232689697194752,OK,1,0,9.09425,0.347875,0,631,0,-2.888041,-0.031919,-0.305146,-0.0035693,0.9882368,-0.0539528,0.1430538
1788232689730540032,OK,1,0,9.25275,0.3235,0,631,0,-2.881927,-0.033394,-0.314481,-0.0034627,0.9876214,-0.0543072,0.1471147
1788232689763885568,OK,1,0,9.16304,0.356708,0,595,0,-2.875619,-0.035316,-0.324010,-0.0032055,0.9869719,-0.0542703,0.1514295
1788232689797230080,OK,1,0,8.869,0.332042,0,592,0,-2.869173,-0.032954,-0.337643,-0.0030802,0.9863098,-0.0538782,0.1558226
1788232689830575360,OK,1,0,9.85721,0.327584,0,588,0,-2.860185,-0.032989,-0.349755,-0.0032695,0.9856982,-0.0538676,0.1596458
1788232689863920640,OK,1,0,9.58983,0.345625,0,584,0,-2.850567,-0.033965,-0.361342,-0.0039538,0.9850365,-0.0539074,0.1636505
1788232689897266176,OK,1,0,8.7515,0.331583,0,566,0,-2.842310,-0.033865,-0.371197,-0.0046199,0.9842598,-0.0539573,0.1682261
1788232689930611456,OK,1,0,15.129,0.340084,0,558,0,-2.834535,-0.033061,-0.386432,-0.0042609,0.9835116,-0.0538150,0.1726000
1788232689963956992,OK,1,0,8.654,0.343083,0,812,0,-2.832417,-0.039453,-0.395571,-0.0042065,0.9827596,-0.0531640,0.1770297
1788232689997302784,OK,1,0,10.8567,0.326209,0,720,0,-2.823505,-0.037015,-0.405337,-0.0041105,0.9819946,-0.0540662,0.1809601
1788232690030648320,OK,1,0,10.0863,0.343167,0,689,0,-2.814542,-0.039372,-0.413752,-0.0043645,0.9813033,-0.0540238,0.1846786
1788232690063993600,OK,1,0,9.53158,0.359958,0,663,0,-2.809211,-0.038990,-0.424450,-0.0041383,0.9804234,-0.0537197,0.1893859
1788232690097339136,OK,1,0,9.35725,0.349917,0,660,0,-2.802385,-0.039658,-0.435682,-0.0045702,0.9795996,-0.0535442,0.1936409
1788232690130684928,OK,1,0,9.81008,0.3375,0,624,0,-2.791023,-0.038098,-0.446307,-0.0050277,0.9788068,-0.0536841,0.1975602
1788232690164028160,OK,1,0,8.88308,0.347875,0,609,0,-2.782839,-0.042563,-0.456601,-0.0059758,0.9778818,-0.0530012,0.2022432
1788232690197371904,OK,1,0,8.83933,0.33175,0,582,0,-2.771650,-0.042266,-0.466203,-0.0062969,0.9770446,-0.0526283,0.2063355
1788232690230714368,OK,1,0,8.63304,0.352,0,571,0,-2.765881,-0.041857,-0.476755,-0.0053076,0.9761065,-0.0525270,0.2107816
1788232690264057856,OK,1,0,8.67225,0.343334,0,563,0,-2.757826,-0.044298,-0.484770,-0.0052468,0.9752510,-0.0529344,0.2146066
1788232690297401600,OK,1,0,8.24263,0.323333,0,571,0,-2.751274,-0.040998,-0.495494,-0.0044420,0.9742322,-0.0540212,0.2189375
1788232690330745344,OK,1,0,10.0286,0.353667,0,550,0,-2.743266,-0.045150,-0.504046,-0.0043005,0.9732968,-0.0537456,0.2231284
1788232690364089088,OK,1,0,8.31871,0.35675,0,530,0,-2.734327,-0.044741,-0.513180,-0.0042599,0.9722021,-0.0536885,0.2278653
1788232690397432832,OK,1,0,8.49946,0.345292,0,545,0,-2.723562,-0.048292,-0.519538,-0.0043023,0.9712230,-0.0531695,0.2321216
1788232690430776576,OK,1,0,8.54404,0.337834,0,777,0,-2.715964,-0.046223,-0.532958,-0.0040228,0.9700169,-0.0528421,0.2371894
1788232690464120576,OK,1,0,8.44825,0.336125,0,676,0,-2.707545,-0.048645,-0.541708,-0.0044096,0.9688641,-0.0522852,0.2419694
1788232690497464320,OK,1,0,8.71708,0.331125,0,664,0,-2.698365,-0.046168,-0.551020,-0.0042772,0.9677299,-0.0525824,0.2464058
1788232690530808320,OK,1,0,9.04012,0.341208,0,663,0,-2.689222,-0.049400,-0.559175,-0.0041820,0.9666913,-0.0520999,0.2505517
1788232690564152320,OK,1,0,8.66,0.361791,0,631,0,-2.683081,-0.048464,-0.569850,-0.0036828,0.9654720,-0.0523492,0.2551663
1788232690597496320,OK,1,0,10.2897,0.346458,0,632,0,-2.672091,-0.048873,-0.577759,-0.0039402,0.9643464,-0.0528453,0.2592833
1788232690630840576,OK,1,0,9.17821,0.331709,0,606,0,-2.665264,-0.052338,-0.587422,-0.0036834,0.9630042,-0.0525567,0.2642860
1788232690664183552,OK,1,0,9.26083,0.344334,0,598,0,-2.655434,-0.052762,-0.594681,-0.0033421,0.9617051,-0.0526782,0.2689557
1788232690697527808,OK,1,0,9.00454,0.35325,0,589,0,-2.647222,-0.053843,-0.602248,-0.0031965,0.9603657,-0.0528323,0.2736718
1788232690730872064,OK,1,0,8.45392,0.33325,0,576,0,-2.638612,-0.056082,-0.611928,-0.0035113,0.9588819,-0.0527402,0.2788400
1788232690764216320,OK,1,0,8.48429,0.32775,0,586,0,-2.621451,-0.051873,-0.618844,-0.0038410,0.9576904,-0.0530710,0.2828390
1788232690797560576,OK,1,0,8.37617,0.327709,0,576,0,-2.612716,-0.053127,-0.627786,-0.0036259,0.9562206,-0.0521791,0.2879348
1788232690830905088,OK,1,0,8.58454,0.341375,0,584,0,-2.605518,-0.056995,-0.635356,-0.0040625,0.9546679,-0.0514971,0.2931567
1788232690864249344,OK,1,0,8.84704,0.341041,0,583,0,-2.592195,-0.057057,-0.641471,-0.0045169,0.9532938,-0.0517444,0.2975450
1788232690897593856,OK,1,0,8.67625,0.359375,0,756,0,-2.580606,-0.060018,-0.646585,-0.0047890,0.9518538,-0.0513038,0.3021909
1788232690930938112,OK,1,0,8.44825,0.345666,0,663,0,-2.571363,-0.059655,-0.653024,-0.0044557,0.9503415,-0.0512081,0.3069347
1788232690964282624,OK,1,0,8.78496,0.347,0,654,0,-2.560849,-0.058356,-0.663042,-0.0041286,0.9487744,-0.0515175,0.3116987
1788232690997627392,OK,1,0,9.06917,0.341083,0,593,0,-2.549600,-0.060844,-0.670571,-0.0046364,0.9471845,-0.0516793,0.3164637
1788232691030971904,OK,1,0,9.54054,0.3305,0,593,0,-2.540079,-0.060983,-0.677283,-0.0049608,0.9454767,-0.0514502,0.3215622
1788232691064316672,OK,1,0,9.33329,0.356792,0,601,0,-2.530355,-0.061491,-0.684546,-0.0049979,0.9438156,-0.0508531,0.3264982
1788232691097661440,OK,1,0,9.35892,0.378542,0,568,0,-2.518198,-0.062140,-0.691462,-0.0050929,0.9423189,-0.0504570,0.3308525
1788232691131005184,OK,1,0,8.17887,0.365291,0,558,0,-2.502804,-0.058739,-0.698092,-0.0050716,0.9407383,-0.0510943,0.3352240
1788232691164343552,OK,1,0,8.4905,0.334625,0,555,0,-2.495660,-0.061731,-0.704174,-0.0050094,0.9389539,-0.0507627,0.3402407
1788232691197681920,OK,1,0,9.00067,0.323042,0,539,0,-2.482928,-0.061513,-0.712007,-0.0046919,0.9372832,-0.0507830,0.3448179
1788232691231020288,OK,1,0,7.70783,0.359084,0,523,0,-2.472432,-0.061556,-0.718299,-0.0046931,0.9356723,-0.0510632,0.3491247
1788232691264358656,OK,1,0,9.53379,0.362291,0,500,0,-2.462130,-0.064271,-0.726436,-0.0047850,0.9338098,-0.0507934,0.3541137
1788232691297697024,OK,1,0,7.95521,0.36025,0,482,0,-2.450289,-0.062974,-0.733148,-0.0052422,0.9318922,-0.0507386,0.3591311
1788232691331035392,OK,1,0,8.26646,0.323959,0,526,0,-2.434163,-0.063812,-0.735967,-0.0056941,0.9304141,-0.0503415,0.3629917
1788232691364373760,OK,1,0,8.11042,0.353167,0,709,0,-2.425922,-0.069088,-0.738092,-0.0063141,0.9287519,-0.0498243,0.3672842
1788232691397711872,OK,1,0,9.10717,0.329291,0,644,0,-2.417046,-0.071699,-0.742365,-0.0063226,0.9269432,-0.0495714,0.3718587
1788232691431050240,OK,1,0,8.80917,0.344333,0,580,0,-2.404923,-0.071457,-0.748156,-0.0062884,0.9250071,-0.0497001,0.3766327
1788232691464388352,OK,1,0,8.39175,0.350167,0,583,0,-2.394382,-0.072219,-0.753425,-0.0058983,0.9232456,-0.0496923,0.3809376
1788232691497726464,OK,1,0,8.33958,0.348208,0,588,0,-2.377324,-0.068196,-0.759841,-0.0059590,0.9214942,-0.0505027,0.3850485
1788232691531064576,OK,1,0,8.18712,0.318584,0,579,0,-2.370836,-0.072981,-0.764586,-0.0063262,0.9193437,-0.0501794,0.3901913
1788232691564401920,OK,1,0,9.02242,0.39225,0,549,0,-2.356810,-0.070794,-0.767111,-0.0066799,0.9174638,-0.0501976,0.3945831
1788232691597740032,OK,1,0,9.20604,0.358084,0,567,0,-2.347324,-0.075398,-0.772577,-0.0065395,0.9154519,-0.0493918,0.3993314
1788232691631078144,OK,1,0,7.86487,0.330042,0,556,0,-2.336078,-0.076447,-0.778527,-0.0063559,0.9135323,-0.0494862,0.4036949
1788232691664416256,OK,1,0,8.82292,0.33675,0,551,0,-2.321914,-0.075226,-0.780981,-0.0060768,0.9117112,-0.0496922,0.4077702
1788232691697754112,OK,1,0,8.44675,0.347917,0,556,0,-2.313947,-0.076634,-0.786105,-0.0057753,0.9096433,-0.0490914,0.4124388
1788232691731092224,OK,1,0,8.09204,0.325583,0,559,0,-2.300081,-0.075935,-0.792877,-0.0054290,0.9076424,-0.0491283,0.4168241
1788232691764430080,OK,1,0,8.39529,0.35275,0,586,0,-2.283339,-0.068988,-0.800745,-0.0050219,0.9055847,-0.0496610,0.4212185
1788232691797768192,OK,1,0,8.152,0.34125,0,747,0,-2.269871,-0.073552,-0.801212,-0.0054802,0.9037692,-0.0493096,0.4251350
1788232691831106304,OK,1,0,9.08708,0.333959,0,673,0,-2.258622,-0.073929,-0.803375,-0.0057324,0.9015968,-0.0489057,0.4297657
1788232691864444160,OK,1,0,9.43267,0.365458,0,673,0,-2.246986,-0.073012,-0.808804,-0.0055680,0.8994456,-0.0486177,0.4342844
1788232691897782016,OK,1,0,8.70333,0.333583,0,650,0,-2.233366,-0.072574,-0.814898,-0.0058269,0.8973026,-0.0486673,0.4386863
1788232691931119616,OK,1,0,8.86033,0.343875,0,652,0,-2.217892,-0.075380,-0.814394,-0.0064295,0.8953312,-0.0487863,0.4426744
1788232691964457472,OK,1,0,9.32975,0.354583,0,630,0,-2.205392,-0.071336,-0.823343,-0.0062108,0.8928525,-0.0486399,0.4476717
1788232691997794560,OK,1,0,9.51583,0.326833,0,631,0,-2.192811,-0.073408,-0.825733,-0.0063914,0.8907942,-0.0478731,0.4518330
1788232692031132160,OK,1,0,8.337,0.342458,0,660,0,-2.180370,-0.074075,-0.829452,-0.0062684,0.8886647,-0.0475925,0.4560381
1788232692064469760,OK,1,0,8.9035,0.352208,0,653,0,-2.165632,-0.072277,-0.837181,-0.0061489,0.8861564,-0.0478512,0.4608679
1788232692097807616,OK,1,0,9.35146,0.332625,0,643,0,-2.152496,-0.074472,-0.840497,-0.0063190,0.8838117,-0.0475986,0.4653724
1788232692131145216,OK,1,0,8.84013,0.360208,0,643,0,-2.139099,-0.071623,-0.842908,-0.0057115,0.8816015,-0.0475263,0.4695610
1788232692164483584,OK,1,0,8.41196,0.328083,0,658,0,-2.126305,-0.074646,-0.848521,-0.0055374,0.8792189,-0.0471168,0.4740500
1788232692197822208,OK,1,0,8.13675,0.334458,0,652,0,-2.109987,-0.071405,-0.846921,-0.0052742,0.8772236,-0.0476622,0.4776812
1788232692231160576,OK,1,0,8.26683,0.394584,0,670,0,-2.098363,-0.073771,-0.850681,-0.0055121,0.8747587,-0.0472909,0.4822142
1788232692264498944,OK,1,0,8.7105,0.384333,0,689,0,-2.084110,-0.069058,-0.854833,-0.0054504,0.8722283,-0.0477271,0.4867342
1788232692297837312,OK,1,0,9.14871,0.3025,0,701,0,-2.069146,-0.066142,-0.861775,-0.0051563,0.8696408,-0.0469778,0.4914178
1788232692331175680,OK,1,0,8.90504,0.317542,0,671,0,-2.057270,-0.069018,-0.859241,-0.0057143,0.8673326,-0.0463561,0.4955327
1788232692364513792,OK,1,0,9.11417,0.304666,0,688,0,-2.042446,-0.068241,-0.866061,-0.0058507,0.8645956,-0.0462083,0.5003048
1788232692397852416,OK,1,0,9.47529,0.3455,0,1110,0,-2.028918,-0.064183,-0.867128,-0.0056278,0.8623569,-0.0461196,0.5041646
1788232692431190528,OK,1,0,10.8742,0.362875,0,908,0,-2.014662,-0.063865,-0.868505,-0.0060913,0.8599235,-0.0459313,0.5083158
1788232692464527872,OK,1,0,10.4589,0.355583,0,906,0,-2.003543,-0.064253,-0.871859,-0.0061451,0.8573226,-0.0456690,0.5127131
1788232692497865984,OK,1,0,10.6058,0.332791,0,867,0,-1.989712,-0.066896,-0.872748,-0.0064023,0.8548627,-0.0455099,0.5168148
1788232692531204096,OK,1,0,9.743,0.359959,0,840,0,-1.976453,-0.066009,-0.873130,-0.0060988,0.8523411,-0.0457790,0.5209432
1788232692564542208,OK,1,0,9.24175,0.355458,0,834,0,-1.963276,-0.064090,-0.878304,-0.0056032,0.8495116,-0.0460577,0.5255258
1788232692597880320,OK,1,0,10.0273,0.345875,0,827,0,-1.953370,-0.066798,-0.878566,-0.0055001,0.8471112,-0.0462940,0.5293668
1788232692631218432,OK,1,0,10.5355,0.338416,0,837,0,-1.938770,-0.066178,-0.877366,-0.0048753,0.8448490,-0.0458418,0.5330150
1788232692664556288,OK,1,0,10.3173,0.343458,0,851,0,-1.927885,-0.067712,-0.881706,-0.0047786,0.8420252,-0.0452252,0.5375179
1788232692697894656,OK,1,0,10.0467,0.35175,0,866,0,-1.913333,-0.068664,-0.879915,-0.0053324,0.8396218,-0.0451445,0.5412660
1788232692731232512,OK,1,0,9.70004,0.359833,0,855,0,-1.899269,-0.068171,-0.878847,-0.0059051,0.8370481,-0.0457431,0.5451820
1788232692764570624,OK,1,0,9.77533,0.329833,0,875,0,-1.883564,-0.069649,-0.882831,-0.0061450,0.8342434,-0.0452724,0.5495003
1788232692797908480,OK,1,0,10.0465,0.3785,0,896,0,-1.870014,-0.071639,-0.885124,-0.0063611,0.8315299,-0.0445074,0.5536576
1788232692831246336,OK,1,0,9.69088,0.284417,0,891,0,-1.853970,-0.065074,-0.886844,-0.0057282,0.8288459,-0.0451126,0.5576258
1788232692864584192,OK,1,0,9.95683,0.3025,0,866,0,-1.843160,-0.068292,-0.891189,-0.0060855,0.8257656,-0.0449908,0.5621834
1788232692897921024,OK,1,0,9.67546,0.358541,0,879,0,-1.826340,-0.067873,-0.889904,-0.0064456,0.8229758,-0.0445767,0.5662881
1788232692931259136,OK,1,0,9.52283,0.357958,0,878,0,-1.813963,-0.066495,-0.892936,-0.0062427,0.8201389,-0.0437611,0.5704544
1788232692964596736,OK,1,0,9.91987,0.374667,0,933,0,-1.799765,-0.064587,-0.894210,-0.0059777,0.8174735,-0.0435889,0.5742833
1788232692997934592,OK,1,0,10.1984,0.28225,0,909,0,-1.786121,-0.067956,-0.893510,-0.0065421,0.8147452,-0.0437547,0.5781288
1788232693031272192,OK,1,0,9.95883,0.328375,0,900,0,-1.767246,-0.062727,-0.892497,-0.0060936,0.8118244,-0.0437250,0.5822303
1788232693064610048,OK,1,0,10.5195,0.311458,0,940,0,-1.754904,-0.061368,-0.890400,-0.0060669,0.8092608,-0.0431779,0.5858292
1788232693097947648,OK,1,0,11.1216,0.367208,0,1355,0,-1.739262,-0.062293,-0.894664,-0.0060970,0.8061959,-0.0426435,0.5900785
1788232693131285504,OK,1,0,12.3881,0.353167,0,1119,0,-1.724346,-0.063213,-0.894457,-0.0064291,0.8033893,-0.0427746,0.5938810
1788232693164634112,OK,1,0,11.5758,0.361083,0,1081,0,-1.711565,-0.063182,-0.894300,-0.0068557,0.8002154,-0.0423036,0.5981796
1788232693197982720,OK,1,0,12.3762,0.336375,0,1059,0,-1.696841,-0.062601,-0.891922,-0.0073359,0.7975153,-0.0413375,0.6018361
1788232693231331584,OK,1,0,11.2238,0.377625,0,1121,0,-1.680743,-0.058421,-0.892648,-0.0070765,0.7946506,-0.0409627,0.6056421
1788232693264680192,OK,1,0,11.745,0.34225,0,1091,0,-1.666025,-0.060466,-0.891124,-0.0072980,0.7918724,-0.0408530,0.6092749
1788232693298029056,OK,1,0,11.261,0.341958,0,1076,0,-1.652077,-0.058899,-0.893682,-0.0071689,0.7885718,-0.0405919,0.6135596
1788232693331376640,OK,1,0,11.7685,0.354542,0,1117,0,-1.636803,-0.059738,-0.893592,-0.0070375,0.7857676,-0.0399112,0.6171927
1788232693364725504,OK,1,0,11.7669,0.346208,0,1115,0,-1.627437,-0.063047,-0.893323,-0.0072540,0.7830671,-0.0392556,0.6206548
1788232693398074368,OK,1,0,11.314,0.327084,0,1114,0,-1.616952,-0.058737,-0.898525,-0.0068947,0.7798495,-0.0397848,0.6246633
1788232693431423232,OK,1,0,11.3575,0.313209,0,1125,0,-1.601070,-0.057191,-0.891626,-0.0072678,0.7769925,-0.0394239,0.6282321
1788232693464772352,OK,1,0,11.1631,0.291,0,1129,0,-1.589545,-0.060675,-0.896469,-0.0073787,0.7735147,-0.0385537,0.6325616
1788232693498121216,OK,1,0,11.14,0.312459,0,1157,0,-1.574053,-0.057850,-0.895500,-0.0070605,0.7702542,-0.0384579,0.6365372
1788232693531470336,OK,1,0,10.7871,0.375542,0,1126,0,-1.558505,-0.056531,-0.892397,-0.0067621,0.7674118,-0.0379014,0.6399975
1788232693564819456,OK,1,0,11.1711,0.372167,0,1142,0,-1.549763,-0.058273,-0.890314,-0.0068223,0.7644889,-0.0371812,0.6435277
1788232693598168576,OK,1,0,10.9512,0.360375,0,1112,0,-1.531904,-0.055271,-0.891698,-0.0062772,0.7612806,-0.0366646,0.6473548
1788232693631517696,OK,1,0,10.7884,0.293041,0,1122,0,-1.520822,-0.055491,-0.889254,-0.0062750,0.7584723,-0.0361966,0.6506690
1788232693664866816,OK,1,0,10.5165,0.281208,0,1114,0,-1.506272,-0.056196,-0.885498,-0.0066622,0.7555552,-0.0362556,0.6540471
1788232693698216192,OK,1,0,10.686,0.320458,0,1121,0,-1.491640,-0.055038,-0.887079,-0.0065542,0.7518603,-0.0364029,0.6582842
1788232693731565312,OK,1,0,10.6194,0.291417,0,1103,0,-1.474071,-0.052160,-0.883675,-0.0059563,0.7488306,-0.0363891,0.6617349
1788232693764914688,OK,1,0,10.4598,0.371333,0,1132,0,-1.458700,-0.050980,-0.881087,-0.0054019,0.7457364,-0.0362050,0.6652347
1788232693798263296,OK,1,0,10.9718,0.319833,0,1150,0,-1.447025,-0.054334,-0.879611,-0.0058436,0.7423710,-0.0357232,0.6690105
1788232693831612672,OK,1,0,10.7105,0.292625,0,1144,0,-1.434063,-0.053144,-0.874292,-0.0059929,0.7392660,-0.0352157,0.6724654
1788232693864962048,OK,1,0,10.6726,0.352333,0,1171,0,-1.420499,-0.054210,-0.871501,-0.0062801,0.7360919,-0.0348748,0.6759535
1788232693898311424,OK,1,0,10.8323,0.334416,0,1168,0,-1.404947,-0.051716,-0.865983,-0.0063759,0.7331159,-0.0352900,0.6791576
1788232693931661056,OK,1,0,10.5778,0.262875,0,1155,0,-1.390517,-0.051904,-0.863453,-0.0066689,0.7296996,-0.0347595,0.6828513
1788232693965010432,OK,1,0,11.0152,0.298459,0,1145,0,-1.374935,-0.051433,-0.859520,-0.0065544,0.7262235,-0.0340053,0.6865858
1788232693998360064,OK,1,0,10.8907,0.358958,0,1155,0,-1.361117,-0.051161,-0.855734,-0.0063161,0.7229159,-0.0342744,0.6900564
1788232694031709696,OK,1,0,11.0038,0.294583,0,1159,0,-1.348939,-0.051269,-0.856518,-0.0057746,0.7190388,-0.0339938,0.6941140
1788232694065059584,OK,1,0,11.1326,0.409542,0,1180,0,-1.333319,-0.050566,-0.851129,-0.0057682,0.7161020,-0.0338703,0.6971496
1788232694098409216,OK,1,0,11.0989,0.272208,0,1171,0,-1.322071,-0.050247,-0.846976,-0.0057587,0.7129834,-0.0333584,0.7003633
1788232694131758848,OK,1,0,10.5703,0.3645,0,1167,0,-1.309190,-0.047994,-0.844109,-0.0055290,0.7097561,-0.0336332,0.7036224
1788232694165104128,OK,1,0,11.4162,0.350167,0,1177,0,-1.296569,-0.047273,-0.841563,-0.0052455,0.7065650,-0.0333222,0.7068437
1788232694198453248,OK,1,0,11.4607,0.354084,0,1158,0,-1.281729,-0.049731,-0.837474,-0.0058294,0.7038856,-0.0326551,0.7095383
1788232694231801600,OK,1,0,10.8495,0.29125,0,1144,0,-1.269006,-0.047206,-0.833026,-0.0058272,0.7008657,-0.0323484,0.7125355
1788232694265150976,OK,1,0,11.0373,0.321333,0,1176,0,-1.255833,-0.047457,-0.827011,-0.0060920,0.6980099,-0.0319525,0.7153490
1788232694298500096,OK,1,0,11.3212,0.367042,0,1159,0,-1.242475,-0.046451,-0.824467,-0.0057178,0.6950878,-0.0318373,0.7181968
1788232694331849472,OK,1,0,11.718,0.320375,0,1191,0,-1.227350,-0.047047,-0.819172,-0.0057416,0.6923597,-0.0317537,0.7208307
1788232694365198848,OK,1,0,11.4985,0.337042,0,1174,0,-1.215296,-0.047853,-0.817331,-0.0060111,0.6895066,-0.0314196,0.7235727
1788232694398548224,OK,1,0,11.4709,0.302375,0,1184,0,-1.203513,-0.047690,-0.814132,-0.0059430,0.6875848,-0.0311352,0.7254120
1788232694431897856,OK,1,0,11.1501,0.357083,0,1166,0,-1.188993,-0.045113,-0.812435,-0.0053985,0.6856731,-0.0311796,0.7272216
1788232694465247232,OK,1,0,11.4562,0.296167,0,1181,0,-1.175726,-0.043312,-0.809966,-0.0046527,0.6842142,-0.0313146,0.7285936
1788232694498596864,OK,1,0,14.8656,0.374583,0,1223,0,-1.166073,-0.047947,-0.807225,-0.0046305,0.6827326,-0.0310575,0.7299934
1788232694531946496,OK,1,0,12.0384,0.307167,0,1199,0,-1.155423,-0.046740,-0.805879,-0.0041223,0.6808436,-0.0309802,0.7317618
1788232694565296128,OK,1,0,11.6168,0.38225,0,1158,0,-1.140078,-0.045207,-0.802109,-0.0037520,0.6791278,-0.0314700,0.7333356
1788232694598646016,OK,1,0,11.6296,0.351083,0,1189,0,-1.129764,-0.043784,-0.800622,-0.0032036,0.6772260,-0.0315379,0.7350919
1788232694631995648,OK,1,0,11.4405,0.290125,0,1181,0,-1.118042,-0.041242,-0.796571,-0.0029365,0.6754822,-0.0317690,0.7366858
1788232694665344512,OK,1,0,11.7093,0.352541,0,1166,0,-1.103635,-0.041935,-0.792091,-0.0031916,0.6737819,-0.0317456,0.7382412
1788232694698694400,OK,1,0,11.6917,0.282042,0,1165,0,-1.092313,-0.040173,-0.790774,-0.0027225,0.6717936,-0.0317195,0.7400540
1788232694732044288,OK,1,0,11.5202,0.360708,0,1197,0,-1.080173,-0.041374,-0.785747,-0.0025399,0.6703267,-0.0317762,0.7413811
1788232694765393920,OK,1,0,11.3955,0.330167,0,1148,0,-1.067311,-0.042230,-0.783243,-0.0022789,0.6687950,-0.0317112,0.7427668
1788232694798743808,OK,1,0,11.4739,0.289708,0,1137,0,-1.055089,-0.040697,-0.779754,-0.0020030,0.6670911,-0.0321064,0.7442812
1788232694832093696,OK,1,0,11.2963,0.3025,0,1108,0,-1.043159,-0.041126,-0.777120,-0.0023426,0.6649439,-0.0321192,0.7461987
1788232694865443840,OK,1,0,11.1174,0.296916,0,1125,0,-1.029404,-0.040280,-0.771347,-0.0030162,0.6632111,-0.0320010,0.7477418
1788232694898793984,OK,1,0,11.4215,0.296083,0,1147,0,-1.014713,-0.040315,-0.766318,-0.0035132,0.6615952,-0.0312517,0.7492014
1788232694932144128,OK,1,0,11.4624,0.3585,0,1128,0,-1.003227,-0.038991,-0.762182,-0.0035525,0.6597244,-0.0314911,0.7508392
1788232694965494016,OK,1,0,11.3651,0.288416,0,1139,0,-0.990706,-0.039180,-0.759439,-0.0034917,0.6573151,-0.0319084,0.7529320
1788232694998844160,OK,1,0,11.2203,0.3315,0,1116,0,-0.978614,-0.038957,-0.753570,-0.0032391,0.6548725,-0.0314819,0.7550764
1788232695032194560,OK,1,0,11.3732,0.293459,0,1123,0,-0.964948,-0.038411,-0.751453,-0.0026972,0.6523128,-0.0312632,0.7573001
1788232695065544704,OK,1,0,11.2882,0.271333,0,1134,0,-0.953465,-0.037130,-0.748161,-0.0020130,0.6498088,-0.0315828,0.7594386
1788232695098895104,OK,1,0,11.5045,0.2825,0,1110,0,-0.942750,-0.039490,-0.742588,-0.0023011,0.6471255,-0.0317713,0.7617177
1788232695132244480,OK,1,0,11.2472,0.348375,0,1118,0,-0.933584,-0.039341,-0.735003,-0.0022465,0.6446124,-0.0316286,0.7638518
1788232695165593856,OK,1,0,11.2593,0.311583,0,1099,0,-0.920073,-0.038646,-0.729253,-0.0025890,0.6414003,-0.0312850,0.7665640
1788232695198941952,OK,1,0,11.138,0.304458,0,1102,0,-0.906716,-0.035767,-0.723890,-0.0021509,0.6386097,-0.0313821,0.7688877
1788232695232290048,OK,1,0,11.3582,0.388458,0,1097,0,-0.895734,-0.036002,-0.718071,-0.0019370,0.6360372,-0.0317347,0.7710032
1788232695265638144,OK,1,0,11.202,0.368666,0,1107,0,-0.885321,-0.037925,-0.710867,-0.0021243,0.6335043,-0.0317075,0.7730863
1788232695298986496,OK,1,0,11.1688,0.295625,0,1104,0,-0.874590,-0.037532,-0.706288,-0.0020821,0.6303630,-0.0312416,0.7756689
1788232695332334592,OK,1,0,11.8205,0.316042,0,1923,0,-0.862955,-0.038553,-0.703026,-0.0021635,0.6270865,-0.0311037,0.7783254
1788232695365683200,OK,1,0,13.6766,0.301291,0,1565,0,-0.852088,-0.037377,-0.695506,-0.0020502,0.6244587,-0.0314275,0.7804226
1788232695399031552,OK,1,0,14.5677,0.317,0,1511,0,-0.839867,-0.036628,-0.689470,-0.0019633,0.6214092,-0.0312791,0.7828591
1788232695432379904,OK,1,0,14.9125,0.36,0,1482,0,-0.828141,-0.035535,-0.681985,-0.0020797,0.6183859,-0.0308268,0.7852671
1788232695465728256,OK,1,0,14.6666,0.354083,0,1465,0,-0.816876,-0.037168,-0.674107,-0.0026332,0.6156616,-0.0304742,0.7874168
1788232695499076608,OK,1,0,15.0188,0.3755,0,1443,0,-0.805523,-0.035663,-0.670484,-0.0017865,0.6127837,-0.0305159,0.7896593
1788232695532425216,OK,1,0,14.8477,0.351167,0,1489,0,-0.793926,-0.035161,-0.669552,-0.0010518,0.6098711,-0.0301376,0.7919266
1788232695565772800,OK,1,0,15.0055,0.378125,0,1442,0,-0.782757,-0.035882,-0.662736,-0.0009830,0.6070988,-0.0302391,0.7940501
1788232695599121152,OK,1,0,13.9909,0.345833,0,1448,0,-0.771635,-0.034136,-0.656046,-0.0008917,0.6041737,-0.0301963,0.7962798
1788232695632469760,OK,1,0,13.4849,0.317416,0,1425,0,-0.760536,-0.033772,-0.649782,-0.0007006,0.6014345,-0.0297341,0.7983683
1788232695665818368,OK,1,0,13.6209,0.292041,0,1424,0,-0.748934,-0.033782,-0.645857,-0.0005599,0.5983978,-0.0295330,0.8006545
1788232695699166976,OK,1,0,13.3645,0.376583,0,1460,0,-0.737576,-0.033644,-0.638477,-0.0006908,0.5956070,-0.0294831,0.8027344
1788232695732515584,OK,1,0,13.3422,0.291541,0,1388,0,-0.728635,-0.034504,-0.630739,-0.0009189,0.5928069,-0.0295853,0.8048005
1788232695765864192,OK,1,0,13.5084,0.298041,0,1386,0,-0.717267,-0.034117,-0.625014,-0.0006887,0.5897765,-0.0293010,0.8070345
1788232695799213056,OK,1,0,13.2474,0.364875,0,1376,0,-0.707328,-0.032664,-0.618317,-0.0004933,0.5867282,-0.0295057,0.8092461
1788232695832561664,OK,1,0,13.4587,0.29575,0,1332,0,-0.695772,-0.032220,-0.609873,-0.0005071,0.5837618,-0.0295328,0.8113876
1788232695865910528,OK,1,0,13.166,0.373875,0,1345,0,-0.685087,-0.029966,-0.601255,-0.0008875,0.5808288,-0.0299681,0.8134735
1788232695899259392,OK,1,0,13.5159,0.30225,0,1342,0,-0.674265,-0.030633,-0.592177,-0.0016350,0.5780442,-0.0294783,0.8154712
1788232695932608256,OK,1,0,13.1524,0.3025,0,1329,0,-0.661451,-0.029560,-0.585580,-0.0018178,0.5748197,-0.0287460,0.8177730
1788232695965957120,OK,1,0,13.7478,0.282125,0,1305,0,-0.649454,-0.028460,-0.578137,-0.0020170,0.5717691,-0.0283128,0.8199234
1788232695999304960,OK,1,0,13.384,0.306708,0,1278,0,-0.640095,-0.028680,-0.570360,-0.0021556,0.5689760,-0.0284095,0.8218604
1788232696032653824,OK,1,0,13.4742,0.296584,0,1279,0,-0.627940,-0.027465,-0.562765,-0.0020772,0.5657640,-0.0284138,0.8240750
1788232696066002944,OK,1,0,13.2562,0.29925,0,1282,0,-0.616808,-0.026467,-0.557620,-0.0016723,0.5622186,-0.0277086,0.8265226
1788232696099351808,OK,1,0,13.0493,0.292125,0,1290,0,-0.608623,-0.026384,-0.548999,-0.0012555,0.5592681,-0.0273693,0.8285340
1788232696132700928,OK,1,0,13.3179,0.289417,0,1261,0,-0.598247,-0.026354,-0.540988,-0.0013370,0.5559471,-0.0280632,0.8307427
1788232696166050048,OK,1,0,13.8547,0.351292,0,2015,0,-0.587235,-0.023788,-0.531402,-0.0011205,0.5528626,-0.0284762,0.8327850
1788232696199399936,OK,1,0,16.1467,0.301084,0,1647,0,-0.575213,-0.024526,-0.522879,-0.0016693,0.5493962,-0.0273961,0.8351111
1788232696232749824,OK,1,0,15.8555,0.341125,0,1552,0,-0.564556,-0.023374,-0.515080,-0.0016355,0.5457815,-0.0267718,0.8374981
1788232696266099712,OK,1,0,15.8479,0.341375,0,1515,0,-0.554502,-0.021061,-0.506197,-0.0018213,0.5424775,-0.0268219,0.8396401
1788232696299449344,OK,1,0,15.7471,0.353208,0,1453,0,-0.543560,-0.023548,-0.496331,-0.0028061,0.5393254,-0.0262337,0.8416840
1788232696332799488,OK,1,0,16.389,0.3445,0,1443,0,-0.534412,-0.022144,-0.486076,-0.0032783,0.5362168,-0.0258565,0.8436778
1788232696366149632,OK,1,0,16.203,0.34175,0,1421,0,-0.522286,-0.019279,-0.478649,-0.0033132,0.5325362,-0.0260637,0.8459994
1788232696399500032,OK,1,0,17.9782,0.372375,0,1443,0,-0.516282,-0.020304,-0.468246,-0.0037726,0.5294622,-0.0262928,0.8479176
1788232696432850432,OK,1,0,14.4742,0.33175,0,1489,0,-0.505935,-0.020368,-0.459430,-0.0036731,0.5261749,-0.0262883,0.8499620
1788232696466199552,OK,1,0,14.7601,0.322833,0,1469,0,-0.496820,-0.021474,-0.452658,-0.0031902,0.5227678,-0.0259478,0.8520741
1788232696499549952,OK,1,0,14.7282,0.307208,0,1478,0,-0.487309,-0.019649,-0.446304,-0.0018520,0.5192816,-0.0259680,0.8542066
1788232696532900608,OK,1,0,15.1876,0.311625,0,1476,0,-0.479456,-0.020047,-0.437961,-0.0009418,0.5164179,-0.0257940,0.8559477
1788232696566251264,OK,1,0,14.7911,0.304125,0,1436,0,-0.471852,-0.018462,-0.430047,-0.0001267,0.5132094,-0.0263240,0.8578596
1788232696599601920,OK,1,0,14.0769,0.296083,0,1439,0,-0.462355,-0.020366,-0.419995,-0.0004598,0.5097503,-0.0258800,0.8599330
1788232696632952576,OK,1,0,14.1013,0.312,0,1431,0,-0.454566,-0.017284,-0.410212,-0.0005532,0.5061902,-0.0264043,0.8620174
1788232696666303488,OK,1,0,14.0708,0.304167,0,1453,0,-0.443745,-0.016384,-0.398961,-0.0011358,0.5027594,-0.0263253,0.8640247
1788232696699654400,OK,1,0,14.3722,0.287208,0,1402,0,-0.435815,-0.017202,-0.388595,-0.0017475,0.4994347,-0.0266407,0.8659401
1788232696733005312,OK,1,0,14.1246,0.30075,0,1428,0,-0.426405,-0.016953,-0.378720,-0.0019276,0.4959836,-0.0263510,0.8679299
1788232696766356224,OK,1,0,14.4142,0.30225,0,2042,0,-0.417052,-0.013579,-0.369691,-0.0015954,0.4925732,-0.0263387,0.8698709
1788232696799707392,OK,1,0,15.597,0.321875,0,1707,0,-0.407090,-0.014010,-0.362201,-0.0012106,0.4890481,-0.0254684,0.8718841
1788232696833058560,OK,1,0,15.6478,0.3445,0,1619,0,-0.399131,-0.015588,-0.352962,-0.0011479,0.4853964,-0.0253251,0.8739266
1788232696866409984,OK,1,0,15.4922,0.35125,0,1563,0,-0.390489,-0.013882,-0.342199,-0.0013261,0.4815559,-0.0254724,0.8760442
1788232696899760128,OK,1,0,15.9187,0.38325,0,1570,0,-0.381698,-0.011657,-0.330526,-0.0017662,0.4778488,-0.0252627,0.8780770
1788232696933111808,OK,1,0,16.0711,0.360459,0,1529,0,-0.372205,-0.011117,-0.320015,-0.0021990,0.4741752,-0.0249177,0.8800751
1788232696966463488,OK,1,0,15.8765,0.346875,0,1483,0,-0.362648,-0.009441,-0.309575,-0.0023436,0.4703283,-0.0253446,0.8821244
1788232696999814912,OK,1,0,16.0373,0.334916,0,1410,0,-0.354203,-0.008844,-0.299722,-0.0022549,0.4662394,-0.0249120,0.8843049
1788232697033166592,OK,1,0,16.3297,0.3905,0,1452,0,-0.346151,-0.009003,-0.289698,-0.0020530,0.4625053,-0.0241796,0.8862844
1788232697066518272,OK,1,0,15.7195,0.335916,0,1448,0,-0.339524,-0.009646,-0.281655,-0.0014484,0.4591132,-0.0236043,0.8880630
1788232697099870208,OK,1,0,15.4747,0.319083,0,1447,0,-0.329755,-0.010188,-0.275677,-0.0009377,0.4549693,-0.0234040,0.8901991
1788232697133222144,OK,1,0,15.2346,0.3355,0,1993,0,-0.322107,-0.009120,-0.263394,-0.0007901,0.4514311,-0.0234853,0.8919965
1788232697166568960,OK,1,0,16.833,0.360167,0,1661,0,-0.315087,-0.009384,-0.253030,-0.0011438,0.4474769,-0.0228565,0.8940027
1788232697199908864,OK,1,0,15.3456,0.320167,0,1611,0,-0.304428,-0.007120,-0.242277,-0.0011968,0.4433336,-0.0228163,0.8960655
1788232697233248768,OK,1,0,15.336,0.31475,0,1574,0,-0.298693,-0.006890,-0.231176,-0.0014823,0.4398030,-0.0228931,0.8978013
1788232697266588672,OK,1,0,15.0841,0.364291,0,1513,0,-0.291832,-0.005674,-0.218956,-0.0015197,0.4361162,-0.0231478,0.8995913
1788232697299928576,OK,1,0,17.4099,0.359958,0,1486,0,-0.283614,-0.004779,-0.208532,-0.0017509,0.4319360,-0.0228526,0.9016131
1788232697333267456,OK,1,0,15.1845,0.35725,0,1461,0,-0.277939,-0.005859,-0.199199,-0.0016998,0.4283335,-0.0223897,0.9033417
1788232697366606848,OK,1,0,15.0654,0.346584,0,1461,0,-0.271834,-0.005917,-0.188150,-0.0014921,0.4247825,-0.0223285,0.9050188
1788232697399946752,OK,1,0,17.6302,0.350875,0,1425,0,-0.264409,-0.002868,-0.176823,-0.0010322,0.4207559,-0.0226183,0.9068913
1788232697433286656,OK,1,0,16.0118,0.344875,0,1388,0,-0.256872,-0.002182,-0.164654,-0.0013631,0.4166467,-0.0222099,0.9087961
1788232697466626304,OK,1,0,15.7085,0.369291,0,1383,0,-0.248069,-0.002836,-0.155282,-0.0013245,0.4126658,-0.0215309,0.9106271
1788232697499965696,OK,1,0,15.6905,0.350542,0,1809,0,-0.239829,-0.001374,-0.144838,-0.0008945,0.4086843,-0.0212781,0.9124274
1788232697533305600,OK,1,0,15.5209,0.393083,0,1581,0,-0.232973,-0.001628,-0.134136,-0.0008044,0.4048412,-0.0211461,0.9141422
1788232697566645248,OK,1,0,14.4172,0.359166,0,1489,0,-0.228282,-0.000550,-0.123151,-0.0007283,0.4009899,-0.0210196,0.9158410
1788232697599984896,OK,1,0,14.2714,0.3435,0,1472,0,-0.220908,0.000737,-0.113100,-0.0004606,0.3972574,-0.0205404,0.9174773
1788232697633324544,OK,1,0,14.8275,0.368834,0,1404,0,-0.212992,0.001419,-0.102853,-0.0001681,0.3934737,-0.0199552,0.9191193
1788232697666663936,OK,1,0,16.9308,0.411041,0,1364,0,-0.205901,0.001177,-0.090725,-0.0002740,0.3897299,-0.0198117,0.9207160
1788232697700003328,OK,1,0,14.8139,0.354917,0,1369,0,-0.199651,0.002786,-0.079355,-0.0001341,0.3856802,-0.0199197,0.9224175
1788232697733342976,OK,1,0,15.1365,0.330208,0,1364,0,-0.195203,0.002265,-0.068069,-0.0001162,0.3821510,-0.0196772,0.9238904
1788232697766682368,OK,1,0,15.187,0.38125,0,1343,0,-0.189004,0.002970,-0.057317,0.0001380,0.3782561,-0.0196343,0.9254928
1788232697800020992,OK,1,0,14.8772,0.417459,0,1293,0,-0.182379,0.003638,-0.045215,0.0000097,0.3744138,-0.0200095,0.9270458
1788232697833360384,OK,1,0,16.5315,0.341084,0,1287,0,-0.176454,0.003983,-0.033433,-0.0003502,0.3702877,-0.0197033,0.9287081
1788232697866699776,OK,1,0,14.0076,0.370333,0,1749,0,-0.170362,0.005591,-0.021569,-0.0005773,0.3661830,-0.0195574,0.9303371
1788232697900039168,OK,1,0,14.6321,0.360208,0,1549,0,-0.165368,0.005883,-0.010229,-0.0007271,0.3624166,-0.0190103,0.9318221
1788232697933378304,OK,1,0,14.2094,0.353208,0,1456,0,-0.160114,0.006882,0.002242,-0.0007179,0.3587278,-0.0189097,0.9332504
1788232697966717696,OK,1,0,14.2387,0.357125,0,1375,0,-0.154224,0.007379,0.013472,-0.0009144,0.3545681,-0.0185294,0.9348462
1788232698000057088,OK,1,0,13.9378,0.34675,0,1369,0,-0.147466,0.007908,0.025906,-0.0008521,0.3504716,-0.0180773,0.9363985
1788232698033396224,OK,1,0,16.1285,0.3665,0,1322,0,-0.142744,0.007867,0.036475,-0.0003456,0.3464863,-0.0174155,0.9378933
1788232698066735616,OK,1,0,14.8739,0.343417,0,1316,0,-0.136374,0.009810,0.048426,-0.0000276,0.3419351,-0.0173429,0.9395636
1788232698100074752,OK,1,0,13.7765,0.349458,0,1299,0,-0.132550,0.009598,0.060475,-0.0000661,0.3376969,-0.0173193,0.9410955
1788232698133414144,OK,1,0,14.0153,0.384,0,1255,0,-0.128990,0.011707,0.074212,-0.0000582,0.3332933,-0.0171781,0.9426667
1788232698166753280,OK,1,0,14.9398,0.352458,0,1216,0,-0.124009,0.010760,0.088570,-0.0003915,0.3285879,-0.0165825,0.9443277
1788232698200092416,OK,1,0,13.4206,0.384,0,1206,0,-0.116466,0.012914,0.102480,-0.0005808,0.3237457,-0.0163836,0.9460021
1788232698233430784,OK,1,0,13.7322,0.38525,0,1227,0,-0.114717,0.015271,0.113935,-0.0006416,0.3192831,-0.0165582,0.9475145
1788232698266769920,OK,1,0,14.4124,0.352417,0,1787,0,-0.109519,0.015068,0.127627,-0.0010920,0.3143703,-0.0162860,0.9491601
1788232698300109056,OK,1,0,14.8808,0.359292,0,1477,0,-0.107345,0.014807,0.138411,-0.0011144,0.3100240,-0.0157862,0.9505970
1788232698333448192,OK,1,0,14.0021,0.329375,0,1374,0,-0.103332,0.014707,0.152768,-0.0013814,0.3056428,-0.0157457,0.9520150
1788232698366787328,OK,1,0,13.5758,0.334917,0,1306,0,-0.098367,0.016293,0.166188,-0.0012173,0.3006624,-0.0158319,0.9535984
1788232698400126464,OK,1,0,13.6409,0.340333,0,1243,0,-0.098443,0.015013,0.176575,-0.0009298,0.2956185,-0.0158234,0.9551746
1788232698433465600,OK,1,0,14.2703,0.354959,0,1228,0,-0.093228,0.016624,0.189528,-0.0002036,0.2899354,-0.0152696,0.9569244
1788232698466804736,OK,1,0,13.5589,0.360458,0,1228,0,-0.091312,0.015510,0.199302,0.0001824,0.2849787,-0.0144052,0.9584256
1788232698500143616,OK,1,0,14.4429,0.326875,0,1202,0,-0.088974,0.016437,0.210497,0.0008212,0.2803074,-0.0143215,0.9598032
1788232698533482752,OK,1,0,13.5141,0.3605,0,1187,0,-0.087075,0.016959,0.223155,0.0010620,0.2750385,-0.0139828,0.9613310
1788232698566821632,OK,1,0,14.3248,0.372,0,1166,0,-0.085005,0.017709,0.234075,0.0010162,0.2693798,-0.0139550,0.9629323
1788232698600160512,OK,1,0,13.1916,0.408875,0,1144,0,-0.083681,0.019494,0.248175,0.0009704,0.2641622,-0.0137871,0.9643793
1788232698633499392,OK,1,0,21.5212,0.345291,0,1182,0,-0.078441,0.020056,0.261530,0.0006567,0.2583529,-0.0135917,0.9659548
1788232698666837248,OK,1,0,13.924,0.3665,0,1735,0,-0.077023,0.020419,0.273735,0.0004890,0.2525974,-0.0134846,0.9674774
1788232698700176128,OK,1,0,15.6877,0.344792,0,1473,0,-0.076276,0.022246,0.286716,0.0005605,0.2469870,-0.0131267,0.9689297
1788232698733515008,OK,1,0,14.7145,0.351709,0,1417,0,-0.072753,0.022719,0.300385,0.0006710,0.2411649,-0.0128277,0.9703991
1788232698766853632,OK,1,0,15.019,0.35675,0,1336,0,-0.072380,0.023385,0.312523,0.0007709,0.2352291,-0.0131337,0.9718509
1788232698800192256,OK,1,0,13.5756,0.335375,0,1249,0,-0.069970,0.022981,0.326013,0.0003325,0.2292029,-0.0123799,0.9732999
1788232698833530880,OK,1,0,13.6544,0.354292,0,1239,0,-0.066013,0.025853,0.340641,0.0002327,0.2232533,-0.0115105,0.9746925
1788232698866869504,OK,1,0,14.0478,0.355125,0,1233,0,-0.064194,0.027008,0.354724,0.0002031,0.2175506,-0.0115896,0.9759802
1788232698900208384,OK,1,0,16.2434,0.345,0,1227,0,-0.063993,0.026499,0.367108,0.0002702,0.2116374,-0.0114992,0.9772806
1788232698933547008,OK,1,0,13.9558,0.354209,0,1188,0,-0.062378,0.028488,0.380481,0.0003567,0.2057843,-0.0109713,0.9785358
1788232698966885376,OK,1,0,13.8822,0.379875,0,1189,0,-0.058364,0.029936,0.394505,0.0005324,0.1997965,-0.0101177,0.9797850
1788232699000224000,OK,1,0,14.3929,0.35425,0,1177,0,-0.058189,0.028497,0.407184,0.0005497,0.1943031,-0.0098387,0.9808921
1788232699033562624,OK,1,0,13.9387,0.361334,0,1164,0,-0.061039,0.030562,0.419277,0.0006604,0.1886286,-0.0101333,0.9819960
1788232699066901248,OK,1,0,15.2642,0.35125,0,1159,0,-0.059601,0.033115,0.434722,0.0003700,0.1826328,-0.0098807,0.9831315
1788232699100239872,OK,1,0,15.4812,0.350666,0,1146,0,-0.057087,0.034826,0.449008,0.0001613,0.1767235,-0.0094825,0.9842149
1788232699133577216,OK,1,0,13.699,0.38525,0,1141,0,-0.060883,0.033712,0.461681,0.0001070,0.1711329,-0.0095530,0.9852017
1788232699166917376,OK,1,0,13.6411,0.35925,0,1178,0,-0.063054,0.034822,0.475568,0.0000815,0.1654087,-0.0092687,0.9861816
1788232699200260352,OK,1,0,14.867,0.335625,0,1162,0,-0.065052,0.035435,0.488473,0.0001515,0.1598580,-0.0087075,0.9871017
1788232699233603072,OK,1,0,13.9937,0.40375,0,1170,0,-0.062974,0.036024,0.502542,0.0005627,0.1540505,-0.0083625,0.9880275
1788232699266945536,OK,1,0,13.5098,0.350458,0,1193,0,-0.068665,0.034907,0.513298,0.0005137,0.1483327,-0.0085210,0.9889007
1788232699300288256,OK,1,0,13.9405,0.334125,0,1211,0,-0.064536,0.037549,0.530168,0.0002801,0.1418094,-0.0081278,0.9898606
1788232699333630976,OK,1,0,13.3861,0.322959,0,1237,0,-0.062160,0.040617,0.546374,0.0002607,0.1358249,-0.0076064,0.9907036
1788232699366973952,OK,1,0,13.494,0.2985,0,1243,0,-0.063916,0.040077,0.559169,0.0002239,0.1302521,-0.0070143,0.9914561
1788232699400316416,OK,1,0,13.3356,0.308541,0,1234,0,-0.064848,0.039332,0.572803,0.0003390,0.1243220,-0.0067580,0.9922189
1788232699433659136,OK,1,0,13.5884,0.305416,0,1264,0,-0.070191,0.038506,0.583833,0.0001265,0.1187683,-0.0060724,0.9929034
1788232699467001856,OK,1,0,13.5779,0.305084,0,1253,0,-0.067455,0.041171,0.597459,0.0003344,0.1127587,-0.0055679,0.9936067
1788232699500344576,OK,1,0,13.8396,0.323041,0,1274,0,-0.069204,0.042817,0.608109,0.0004978,0.1075897,-0.0051980,0.9941817
1788232699533687296,OK,1,0,13.8797,0.324916,0,1270,0,-0.074720,0.039471,0.619294,0.0003278,0.1026159,-0.0047710,0.9947096
1788232699567028736,OK,1,0,14.5671,0.289,0,1747,0,-0.074574,0.043089,0.634897,0.0006544,0.0975922,-0.0045855,0.9952157
1788232699600371456,OK,1,0,16.0635,0.308125,0,1621,0,-0.075511,0.041720,0.646235,0.0004171,0.0931722,-0.0040903,0.9956415
1788232699633714176,OK,1,0,15.1212,0.328958,0,1559,0,-0.077713,0.042985,0.660642,0.0002994,0.0886921,-0.0041184,0.9960505
1788232699667056640,OK,1,0,15.2087,0.331333,0,1576,0,-0.078204,0.043993,0.675124,0.0001135,0.0841349,-0.0037066,0.9964474
1788232699700399360,OK,1,0,16.1429,0.306084,0,1541,0,-0.079365,0.043727,0.687606,-0.0003871,0.0799407,-0.0036529,0.9967929
1788232699733741824,OK,1,0,16.4596,0.352209,0,1540,0,-0.078948,0.045457,0.702197,-0.0004166,0.0769071,-0.0037252,0.9970312
1788232699767084544,OK,1,0,15.6985,0.363292,0,1514,0,-0.078260,0.045555,0.714652,-0.0007128,0.0746972,-0.0033780,0.9972003
1788232699800427264,OK,1,0,16.1825,0.340042,0,1518,0,-0.078241,0.045131,0.727764,-0.0008182,0.0727912,-0.0030454,0.9973422
1788232699833769728,OK,1,0,16.885,0.356083,0,1516,0,-0.076630,0.048138,0.741240,-0.0006089,0.0700500,-0.0028838,0.9975391
1788232699867112192,OK,1,0,16.0069,0.394583,0,1500,0,-0.079890,0.046579,0.751819,-0.0004803,0.0678543,-0.0028306,0.9976912
1788232699900454912,OK,1,0,17.3834,0.352042,0,1516,0,-0.078776,0.046435,0.764689,-0.0006497,0.0651943,-0.0023912,0.9978696
1788232699933797376,OK,1,0,15.8903,0.375292,0,1512,0,-0.079627,0.047939,0.777479,-0.0008441,0.0628407,-0.0023159,0.9980205
1788232699967139840,OK,1,0,16.759,0.3955,0,1512,0,-0.080863,0.047173,0.789493,-0.0008679,0.0604593,-0.0025852,0.9981670
1788232700000481536,OK,1,0,16.5989,0.38,0,1532,0,-0.081050,0.047102,0.801954,-0.0009153,0.0577806,-0.0025347,0.9983257
1788232700033824000,OK,1,0,16.174,0.376833,0,1520,0,-0.082123,0.049163,0.816056,-0.0008346,0.0555630,-0.0021774,0.9984525
1788232700067166464,OK,1,0,21.4438,0.370291,0,1569,0,-0.080221,0.050739,0.828423,-0.0010321,0.0529286,-0.0015429,0.9985966
1788232700100508928,OK,1,0,15.237,0.350625,0,1536,0,-0.080771,0.052515,0.840752,-0.0012298,0.0505367,-0.0014238,0.9987205
1788232700133851648,OK,1,0,16.3238,0.328166,0,1554,0,-0.082585,0.051979,0.853371,-0.0016966,0.0483478,-0.0013293,0.9988282
1788232700167192576,OK,1,0,15.4255,0.302833,0,1576,0,-0.082424,0.053676,0.867367,-0.0020416,0.0457156,-0.0011312,0.9989518
1788232700200531712,OK,1,0,15.4603,0.282958,0,1545,0,-0.083872,0.053228,0.880146,-0.0023734,0.0433161,-0.0013094,0.9990578
1788232700233871104,OK,1,0,15.3179,0.300833,0,1576,0,-0.085322,0.054884,0.894271,-0.0027343,0.0411606,-0.0013925,0.9991478
1788232700267210240,OK,1,0,15.8504,0.329833,0,1566,0,-0.086464,0.055476,0.907001,-0.0032495,0.0387818,-0.0011369,0.9992418
1788232700300549376,OK,1,0,15.7484,0.30475,0,1592,0,-0.087083,0.056037,0.920116,-0.0031732,0.0362096,-0.0011819,0.9993385
1788232700333888512,OK,1,0,15.2557,0.376417,0,1582,0,-0.089101,0.055831,0.932448,-0.0028554,0.0336982,-0.0010883,0.9994274
1788232700367227648,OK,1,0,16.0487,0.304041,0,1593,0,-0.089564,0.056133,0.945177,-0.0025403,0.0311711,-0.0004184,0.9995108
1788232700400566528,OK,1,0,15.8885,0.282333,0,1606,0,-0.089390,0.057175,0.956711,-0.0022452,0.0287362,-0.0001747,0.9995845
1788232700433905408,OK,1,0,15.977,0.316,0,1603,0,-0.092598,0.058033,0.968041,-0.0017921,0.0267698,-0.0003994,0.9996399
1788232700467243776,OK,1,0,15.8262,0.3175,0,1629,0,-0.094118,0.058630,0.980848,-0.0015547,0.0245365,-0.0006062,0.9996976
1788232700500582400,OK,1,0,16.1465,0.300042,0,1623,0,-0.095124,0.058661,0.992470,-0.0017650,0.0220610,-0.0001916,0.9997551
1788232700533921536,OK,1,0,15.6195,0.29975,0,1614,0,-0.097839,0.058450,1.003925,-0.0017372,0.0197669,-0.0004264,0.9998030
1788232700567260416,OK,1,0,15.7557,0.283125,0,1593,0,-0.099649,0.059074,1.016431,-0.0014389,0.0176088,-0.0007538,0.9998437
1788232700600599296,OK,1,0,15.4548,0.317542,0,1615,0,-0.103279,0.060421,1.028995,-0.0013537,0.0154095,-0.0007847,0.9998801
1788232700633938432,OK,1,0,15.7696,0.322583,0,1596,0,-0.104070,0.059496,1.043389,-0.0017909,0.0125448,-0.0005405,0.9999196
1788232700667277312,OK,1,0,15.6561,0.318417,0,1599,0,-0.105918,0.061991,1.054708,-0.0013646,0.0101421,-0.0006596,0.9999474
1788232700700616192,OK,1,0,15.7446,0.282667,0,1564,0,-0.107302,0.060386,1.065839,-0.0013581,0.0080800,-0.0005368,0.9999663
1788232700733955072,OK,1,0,15.7459,0.284,0,1589,0,-0.108399,0.060809,1.079024,-0.0014105,0.0057476,-0.0002532,0.9999825
1788232700767293952,OK,1,0,16.124,0.307792,0,1580,0,-0.113677,0.062656,1.091538,-0.0013054,0.0033627,-0.0005357,0.9999934
1788232700800632832,OK,1,0,15.6379,0.315791,0,1549,0,-0.112906,0.063557,1.104609,-0.0016099,0.0005984,-0.0003845,0.9999985
1788232700833971456,OK,1,0,15.7125,0.318208,0,1566,0,-0.115162,0.064341,1.117112,-0.0021421,-0.0017559,0.0000818,0.9999962
1788232700867310336,OK,1,0,15.7414,0.381583,0,1572,0,-0.118039,0.065778,1.130606,-0.0025312,-0.0040981,0.0000163,0.9999884
1788232700900647936,OK,1,0,15.983,0.289084,0,1582,0,-0.121537,0.065526,1.144108,-0.0025017,-0.0065466,-0.0003115,0.9999754
1788232700933986816,OK,1,0,16.1504,0.312541,0,1605,0,-0.124723,0.065032,1.156067,-0.0025741,-0.0089581,-0.0001738,0.9999565
1788232700967325440,OK,1,0,15.4859,0.290542,0,1560,0,-0.124859,0.065809,1.168555,-0.0025680,-0.0113643,0.0004998,0.9999320
1788232701000664320,OK,1,0,15.789,0.298791,0,1558,0,-0.126921,0.066504,1.179675,-0.0022659,-0.0135715,0.0008776,0.9999050
1788232701034002944,OK,1,0,15.4505,0.296333,0,1562,0,-0.128335,0.067947,1.191814,-0.0018318,-0.0152655,0.0009358,0.9998814
1788232701067341568,OK,1,0,15.5855,0.314125,0,1557,0,-0.130913,0.069246,1.203852,-0.0017846,-0.0167394,0.0008872,0.9998579
1788232701100680192,OK,1,0,16.1309,0.306917,0,1580,0,-0.132621,0.069408,1.215883,-0.0021187,-0.0187265,0.0009307,0.9998220
1788232701134018816,OK,1,0,16.4768,0.316875,0,1562,0,-0.134023,0.068535,1.229879,-0.0022506,-0.0195925,0.0007635,0.9998052
1788232701167355392,OK,1,0,15.6493,0.312542,0,1537,0,-0.134982,0.070051,1.241688,-0.0020941,-0.0195948,0.0006372,0.9998056
1788232701200689152,OK,1,0,16.1704,0.313583,0,1510,0,-0.137381,0.069766,1.254335,-0.0022526,-0.0201181,0.0004812,0.9997950
1788232701234022912,OK,1,0,15.6631,0.304292,0,1544,0,-0.138910,0.070124,1.267168,-0.0018947,-0.0213036,0.0003765,0.9997712
1788232701267356672,OK,1,0,15.7258,0.302125,0,1529,0,-0.139109,0.070936,1.279212,-0.0018135,-0.0222988,0.0007767,0.9997494
1788232701300690432,OK,1,0,16.1878,0.305958,0,1501,0,-0.139276,0.072087,1.292599,-0.0017454,-0.0229598,0.0008694,0.9997345
1788232701334022912,OK,1,0,16.054,0.309709,0,1490,0,-0.141442,0.071055,1.303328,-0.0013769,-0.0238779,0.0007504,0.9997137
1788232701367356416,OK,1,0,15.2978,0.295916,0,1496,0,-0.143785,0.071756,1.315777,-0.0009619,-0.0244809,0.0004627,0.9996997
1788232701400689920,OK,1,0,16.7308,0.312292,0,1473,0,-0.145864,0.071955,1.327868,-0.0009088,-0.0251164,0.0001246,0.9996841
1788232701434023168,OK,1,0,16.2618,0.312458,0,1463,0,-0.149055,0.074252,1.341103,-0.0007172,-0.0259849,-0.0000002,0.9996621
1788232701467356672,OK,1,0,15.7568,0.309625,0,1503,0,-0.149386,0.073961,1.351810,-0.0007740,-0.0268443,0.0003919,0.9996393
1788232701500689920,OK,1,0,16.1388,0.376459,0,1501,0,-0.149332,0.075388,1.365618,-0.0007505,-0.0276720,0.0007652,0.9996165
1788232701534022912,OK,1,0,16.3118,0.30075,0,1485,0,-0.149361,0.076935,1.377650,-0.0007146,-0.0286226,0.0008447,0.9995897
1788232701567356160,OK,1,0,15.7618,0.317125,0,1512,0,-0.151311,0.078009,1.389562,-0.0002273,-0.0291500,0.0007011,0.9995748
1788232701600689152,OK,1,0,15.8748,0.306542,0,1473,0,-0.152830,0.079280,1.403353,-0.0004128,-0.0299049,0.0006212,0.9995525
1788232701634022144,OK,1,0,16.0155,0.300042,0,1488,0,-0.158204,0.079399,1.414431,-0.0004936,-0.0304129,0.0004135,0.9995372
1788232701667354880,OK,1,0,16.3185,0.30525,0,1481,0,-0.158190,0.079828,1.426451,-0.0000905,-0.0312178,0.0006323,0.9995124
1788232701700687872,OK,1,0,16.4007,0.309708,0,1486,0,-0.158292,0.081344,1.440460,-0.0002335,-0.0321894,0.0007591,0.9994815
1788232701734020864,OK,1,0,16.0115,0.346875,0,1465,0,-0.160611,0.081324,1.452347,-0.0000531,-0.0327916,0.0005956,0.9994621
1788232701767353600,OK,1,0,16.2441,0.311459,0,1485,0,-0.161513,0.081202,1.464459,0.0003017,-0.0336222,0.0001516,0.9994346
1788232701800685056,OK,1,0,16.1321,0.296917,0,1433,0,-0.164643,0.081817,1.478386,0.0001175,-0.0342907,-0.0000275,0.9994119
1788232701834017536,OK,1,0,15.9691,0.285083,0,1477,0,-0.166706,0.081003,1.488845,0.0002383,-0.0350996,-0.0000786,0.9993838
1788232701867350016,OK,1,0,15.8234,0.311333,0,1449,0,-0.167360,0.082540,1.501212,0.0007039,-0.0360714,0.0000870,0.9993490
1788232701900682496,OK,1,0,16.1493,0.310625,0,1470,0,-0.168030,0.083311,1.513406,0.0004955,-0.0369135,0.0002922,0.9993183
1788232701934014976,OK,1,0,15.767,0.38375,0,1453,0,-0.170340,0.084974,1.525320,0.0009776,-0.0376448,0.0000034,0.9992907
1788232701967347456,OK,1,0,15.9839,0.326083,0,1471,0,-0.172748,0.083750,1.536948,0.0007864,-0.0384058,-0.0001780,0.9992619
1788232702000679424,OK,1,0,15.439,0.311541,0,1444,0,-0.173103,0.084741,1.551747,0.0005159,-0.0392198,-0.0002011,0.9992304
1788232702034011648,OK,1,0,15.9354,0.305042,0,1455,0,-0.176044,0.083715,1.563450,0.0002801,-0.0399347,-0.0002866,0.9992022
1788232702067343872,OK,1,0,15.9267,0.299666,0,1448,0,-0.176711,0.085606,1.578270,0.0002631,-0.0409280,0.0000060,0.9991621
1788232702100675840,OK,1,0,15.6267,0.329083,0,1419,0,-0.178499,0.087101,1.591190,0.0001548,-0.0415951,-0.0001419,0.9991345
1788232702134007808,OK,1,0,15.863,0.282709,0,1454,0,-0.183633,0.090183,1.603411,0.0005509,-0.0422279,-0.0004536,0.9991078
1788232702167343872,OK,1,0,16.1359,0.302583,0,1430,0,-0.186276,0.087639,1.614715,0.0003318,-0.0430218,-0.0003765,0.9990740
1788232702200684800,OK,1,0,16.2071,0.305666,0,1413,0,-0.185489,0.086365,1.628111,0.0002601,-0.0440526,-0.0000353,0.9990292
1788232702234024960,OK,1,0,15.6728,0.301041,0,1411,0,-0.186797,0.086872,1.639742,0.0004180,-0.0449554,0.0000104,0.9989889
1788232702267365888,OK,1,0,15.7068,0.335375,0,1430,0,-0.190876,0.090766,1.651331,0.0010086,-0.0454953,0.0001538,0.9989641
1788232702300707072,OK,1,0,15.6933,0.297041,0,1431,0,-0.190515,0.089399,1.663098,0.0008122,-0.0466421,-0.0000049,0.9989113
1788232702334048000,OK,1,0,15.7287,0.30875,0,1419,0,-0.192525,0.088563,1.675262,0.0008163,-0.0475863,-0.0001435,0.9988668
1788232702367389184,OK,1,0,15.9812,0.317375,0,1391,0,-0.193728,0.087814,1.686676,0.0011197,-0.0483020,0.0000164,0.9988322
1788232702400729856,OK,1,0,15.716,0.305375,0,1388,0,-0.195405,0.088592,1.700410,0.0007917,-0.0490171,-0.0000640,0.9987977
1788232702434071040,OK,1,0,15.876,0.309209,0,1435,0,-0.200004,0.091320,1.712629,0.0006898,-0.0496397,-0.0000951,0.9987670
1788232702467412224,OK,1,0,15.9067,0.315041,0,1409,0,-0.200193,0.092247,1.727422,0.0007399,-0.0506716,0.0000063,0.9987151
1788232702500752896,OK,1,0,15.975,0.402375,0,1392,0,-0.202280,0.092882,1.741104,0.0000954,-0.0515523,0.0002553,0.9986703
1788232702534093824,OK,1,0,15.9201,0.307209,0,1382,0,-0.206951,0.092521,1.751677,-0.0001346,-0.0519800,0.0000582,0.9986481
1788232702567434752,OK,1,0,15.5638,0.301834,0,1381,0,-0.208498,0.092445,1.764056,0.0000056,-0.0526692,0.0003289,0.9986120
1788232702600775680,OK,1,0,15.8065,0.293375,0,1383,0,-0.210317,0.095215,1.775303,0.0000780,-0.0531459,0.0002035,0.9985867
1788232702634116352,OK,1,0,15.7828,0.314458,0,1399,0,-0.214754,0.095178,1.786068,0.0004027,-0.0538182,-0.0000012,0.9985507
1788232702667456256,OK,1,0,15.9787,0.304625,0,1375,0,-0.214572,0.096481,1.801484,0.0007244,-0.0552419,0.0002528,0.9984728
1788232702700797184,OK,1,0,16.6288,0.312375,0,1754,0,-0.216922,0.094492,1.813411,0.0008205,-0.0562155,0.0004477,0.9984182
1788232702734137600,OK,1,0,18.3885,0.351875,0,1883,0,-0.219564,0.094547,1.823775,0.0015517,-0.0569485,0.0007305,0.9983757
1788232702767478528,OK,1,0,17.5393,0.336084,0,1709,0,-0.221503,0.095160,1.834881,0.0020040,-0.0571794,0.0013394,0.9983611
1788232702800819456,OK,1,0,17.9198,0.343333,0,1678,0,-0.221764,0.095326,1.846839,0.0021343,-0.0577647,0.0016901,0.9983265
1788232702834159872,OK,1,0,18.928,0.344,0,1665,0,-0.226496,0.097212,1.859348,0.0025559,-0.0586458,0.0017174,0.9982741
1788232702867500800,OK,1,0,17.9281,0.357875,0,1622,0,-0.228289,0.097178,1.871587,0.0023131,-0.0596142,0.0017186,0.9982173
1788232702900841216,OK,1,0,17.8956,0.352208,0,1565,0,-0.229404,0.099519,1.885740,0.0019817,-0.0605493,0.0016247,0.9981619
1788232702934181888,OK,1,0,19.2075,0.376375,0,1544,0,-0.231519,0.099459,1.897940,0.0016512,-0.0614799,0.0014691,0.9981059
1788232702967522816,OK,1,0,17.8371,0.345125,0,1546,0,-0.235841,0.099204,1.911134,0.0017567,-0.0616994,0.0013441,0.9980924
1788232703000863232,OK,1,0,17.2335,0.357084,0,1538,0,-0.237386,0.101250,1.923871,0.0017688,-0.0623193,0.0016944,0.9980533
1788232703034203904,OK,1,0,20.5752,0.333167,0,1515,0,-0.236866,0.101584,1.936699,0.0015390,-0.0637060,0.0018189,0.9979659
1788232703067544320,OK,1,0,19.9825,0.384,0,1494,0,-0.238960,0.099203,1.950187,0.0011658,-0.0643608,0.0021707,0.9979237
1788232703100884992,OK,1,0,20.0882,0.358542,0,1494,0,-0.240480,0.101976,1.961764,0.0011603,-0.0650822,0.0024142,0.9978763
1788232703134224384,OK,1,0,17.0821,0.346625,0,1474,0,-0.242566,0.101918,1.974400,0.0008098,-0.0659136,0.0023332,0.9978223
1788232703167565312,OK,1,0,16.8595,0.338875,0,1480,0,-0.248296,0.105040,1.988404,0.0011303,-0.0663047,0.0019481,0.9977969
1788232703200906496,OK,1,0,17.2567,0.358333,0,1488,0,-0.247985,0.105099,2.002240,0.0003988,-0.0673594,0.0021586,0.9977264
1788232703234247680,OK,1,0,20.5647,0.350708,0,1438,0,-0.251609,0.107493,2.015966,-0.0000446,-0.0679570,0.0020604,0.9976861
1788232703267589120,OK,1,0,19.0851,0.365042,0,1452,0,-0.255696,0.107632,2.030704,-0.0002996,-0.0686371,0.0021135,0.9976395
1788232703300930304,OK,1,0,17.8305,0.340084,0,1431,0,-0.259104,0.111209,2.043382,-0.0004672,-0.0693240,0.0021305,0.9975919
1788232703334271744,OK,1,0,16.5838,0.368084,0,1446,0,-0.259454,0.107393,2.054987,-0.0006872,-0.0704596,0.0018523,0.9975127
1788232703367612928,OK,1,0,21.0893,0.393,0,1476,0,-0.261724,0.105821,2.066290,-0.0003299,-0.0711337,0.0023411,0.9974640
1788232703400954368,OK,1,0,16.8161,0.353041,0,1716,0,-0.265160,0.107368,2.077668,0.0002202,-0.0714772,0.0024884,0.9974391
1788232703434295552,OK,1,0,17.8209,0.368542,0,1956,0,-0.267882,0.108595,2.087866,0.0008666,-0.0720571,0.0027738,0.9973963
1788232703467636992,OK,1,0,18.1902,0.349167,0,1756,0,-0.271564,0.108323,2.098834,0.0009749,-0.0726529,0.0025926,0.9973534
1788232703500978176,OK,1,0,19.0971,0.334958,0,1707,0,-0.274804,0.109571,2.112359,0.0009931,-0.0734264,0.0021008,0.9972979
1788232703534319872,OK,1,0,18.1698,0.358833,0,1659,0,-0.280042,0.110647,2.124733,0.0009895,-0.0743580,0.0017262,0.9972296
1788232703567660032,OK,1,0,18.1771,0.356625,0,1663,0,-0.281339,0.110705,2.137709,0.0005482,-0.0750766,0.0017900,0.9971760
1788232703601001472,OK,1,0,19.3475,0.337458,0,1594,0,-0.285117,0.111764,2.151109,0.0003991,-0.0749377,0.0019476,0.9971862
1788232703634342912,OK,1,0,18.7815,0.354709,0,1582,0,-0.284837,0.113852,2.163769,0.0002945,-0.0752029,0.0023561,0.9971654
1788232703667684352,OK,1,0,17.5464,0.354083,0,1552,0,-0.285075,0.111867,2.176172,0.0001049,-0.0756311,0.0024630,0.9971328
1788232703701025792,OK,1,0,18.0736,0.345667,0,1548,0,-0.289556,0.114857,2.189621,0.0002569,-0.0757655,0.0025830,0.9971223
1788232703734367232,OK,1,0,17.1554,0.342708,0,1694,0,-0.289182,0.114933,2.203421,-0.0000222,-0.0760793,0.0027881,0.9970979
1788232703767708672,OK,1,0,16.8942,0.348167,0,1627,0,-0.293166,0.115799,2.217618,0.0003665,-0.0755965,0.0027155,0.9971347
1788232703801050112,OK,1,0,18.3218,0.355,0,1578,0,-0.294770,0.116609,2.228329,0.0002968,-0.0753451,0.0028032,0.9971536
1788232703834391552,OK,1,0,17.401,0.373583,0,1583,0,-0.297249,0.116096,2.240638,0.0001544,-0.0755264,0.0024640,0.9971408
1788232703867733248,OK,1,0,17.0842,0.347125,0,1598,0,-0.299388,0.116845,2.251870,0.0002911,-0.0758309,0.0023784,0.9971179
1788232703901074688,OK,1,0,16.7642,0.35525,0,1715,0,-0.302865,0.118373,2.266252,-0.0001840,-0.0759618,0.0024360,0.9971077
1788232703934416384,OK,1,0,17.5183,0.33975,0,1638,0,-0.303640,0.120005,2.278164,-0.0005127,-0.0761024,0.0022486,0.9970974
1788232703967757568,OK,1,0,17.8113,0.339416,0,1631,0,-0.306455,0.121442,2.292694,-0.0005741,-0.0760302,0.0026504,0.9971018
1788232704001098240,OK,1,0,17.4025,0.337583,0,1600,0,-0.307822,0.121849,2.306854,-0.0006655,-0.0758669,0.0026789,0.9971141
1788232704034439680,OK,1,0,16.3876,0.343292,0,1572,0,-0.310976,0.122215,2.317979,-0.0004980,-0.0756590,0.0025076,0.9971305
1788232704067781376,OK,1,0,16.2709,0.341584,0,1584,0,-0.311332,0.123313,2.330236,-0.0004475,-0.0763280,0.0027165,0.9970790
1788232704101122816,OK,1,0,17.4688,0.359,0,1683,0,-0.316096,0.122955,2.343236,-0.0008423,-0.0763832,0.0026107,0.9970748
1788232704134464512,OK,1,0,16.6795,0.361,0,1584,0,-0.317039,0.124055,2.355138,-0.0006942,-0.0765581,0.0029637,0.9970605
1788232704167805952,OK,1,0,18.328,0.316792,0,1961,0,-0.319359,0.125849,2.367837,-0.0003403,-0.0764266,0.0031650,0.9970701
1788232704201146624,OK,1,0,18.303,0.348792,0,1731,0,-0.319938,0.126111,2.379359,-0.0002974,-0.0764969,0.0033627,0.9970641
1788232704234487808,OK,1,0,17.7606,0.356417,0,1837,0,-0.322924,0.127125,2.393373,-0.0000345,-0.0766668,0.0034042,0.9970510
1788232704267828736,OK,1,0,18.2038,0.338333,0,1715,0,-0.323676,0.127512,2.405073,-0.0003134,-0.0769132,0.0032967,0.9970323
1788232704301169408,OK,1,0,17.3197,0.326542,0,1693,0,-0.328575,0.127811,2.418202,-0.0007117,-0.0767917,0.0028083,0.9970430
1788232704334510336,OK,1,0,17.0131,0.353208,0,1629,0,-0.328017,0.127292,2.430631,-0.0009832,-0.0768365,0.0031240,0.9970384
1788232704367851008,OK,1,0,17.2165,0.360125,0,1594,0,-0.331444,0.130773,2.443419,-0.0006803,-0.0765134,0.0034593,0.9970623
1788232704401191936,OK,1,0,17.0531,0.339875,0,1654,0,-0.332728,0.128816,2.455802,-0.0007558,-0.0765752,0.0035063,0.9970574
1788232704434532608,OK,1,0,17.6842,0.3025,0,1611,0,-0.335072,0.131531,2.469587,-0.0007956,-0.0767454,0.0035515,0.9970441
1788232704467872512,OK,1,0,17.3008,0.376417,0,1569,0,-0.333583,0.132173,2.484438,-0.0014332,-0.0773656,0.0032677,0.9969964
1788232704501213440,OK,1,0,17.0889,0.337625,0,1543,0,-0.340659,0.133876,2.497493,-0.0015772,-0.0768947,0.0029910,0.9970335
1788232704534553856,OK,1,0,17.4146,0.363791,0,1669,0,-0.338560,0.133880,2.510765,-0.0018539,-0.0769438,0.0029285,0.9970294
1788232704567894784,OK,1,0,16.8404,0.369917,0,1635,0,-0.338042,0.133203,2.526211,-0.0025119,-0.0773364,0.0028687,0.9969978
1788232704601235456,OK,1,0,17.1445,0.339083,0,1581,0,-0.343807,0.135510,2.538205,-0.0023097,-0.0771987,0.0029307,0.9970087
1788232704634576128,OK,1,0,17.9674,0.333708,0,1689,0,-0.344660,0.138573,2.551762,-0.0019994,-0.0774874,0.0030943,0.9969866
1788232704667916800,OK,1,0,16.4142,0.333167,0,1584,0,-0.350324,0.138315,2.561166,-0.0019935,-0.0770595,0.0033620,0.9970189
1788232704701257216,OK,1,0,16.0137,0.351083,0,1567,0,-0.347906,0.136680,2.575384,-0.0018596,-0.0772793,0.0036454,0.9970011
1788232704734597888,OK,1,0,18.6557,0.342167,0,1565,0,-0.349169,0.138182,2.586970,-0.0015872,-0.0769795,0.0039815,0.9970235
1788232704767938560,OK,1,0,17.269,0.332083,0,1546,0,-0.352557,0.139314,2.599957,-0.0010732,-0.0769314,0.0036904,0.9970290
1788232704801278976,OK,1,0,16.6735,0.366125,0,1524,0,-0.352392,0.143683,2.615353,-0.0004255,-0.0776706,0.0036714,0.9969723
1788232704834619648,OK,1,0,16.9386,0.377459,0,1530,0,-0.355218,0.142933,2.626717,-0.0008835,-0.0778700,0.0034626,0.9969571
1788232704867960320,OK,1,0,17.124,0.36625,0,1530,0,-0.358964,0.142287,2.639279,-0.0010458,-0.0775977,0.0031976,0.9969791
1788232704901299712,OK,1,0,21.1175,0.341,0,1525,0,-0.358862,0.141276,2.652461,-0.0015471,-0.0773786,0.0037604,0.9969935
1788232704934640128,OK,1,0,17.1765,0.363833,0,1504,0,-0.358693,0.144867,2.668168,-0.0018461,-0.0777374,0.0037549,0.9969651
1788232704967980800,OK,1,0,17.8002,0.364084,0,1500,0,-0.359659,0.144506,2.680226,-0.0025818,-0.0781202,0.0041647,0.9969319
1788232705001320960,OK,1,0,16.7729,0.356,0,1492,0,-0.361147,0.147439,2.696615,-0.0027336,-0.0782957,0.0041736,0.9969177
1788232705034661632,OK,1,0,16.865,0.380792,0,1558,0,-0.361296,0.143558,2.708939,-0.0038904,-0.0783069,0.0044705,0.9969117
1788232705068002048,OK,1,0,23.5946,0.341875,0,1576,0,-0.362286,0.143196,2.721458,-0.0038846,-0.0782191,0.0048412,0.9969169
1788232705101342208,OK,1,0,17.354,0.348875,0,1594,0,-0.362058,0.144884,2.736493,-0.0036626,-0.0785508,0.0046811,0.9968924
1788232705134682624,OK,1,0,17.5345,0.337459,0,1856,0,-0.368439,0.145910,2.747474,-0.0035247,-0.0783364,0.0043848,0.9969111
1788232705168023808,OK,1,0,17.2974,0.345833,0,1736,0,-0.368787,0.146916,2.759239,-0.0033671,-0.0787199,0.0045353,0.9968808
1788232705201365248,OK,1,0,17.1299,0.314917,0,1744,0,-0.373792,0.147616,2.772628,-0.0033620,-0.0787426,0.0046048,0.9968787
1788232705234706944,OK,1,0,17.1563,0.329542,0,1686,0,-0.374980,0.146110,2.784024,-0.0033083,-0.0785971,0.0050093,0.9968884
1788232705268048896,OK,1,0,18.1717,0.348583,0,1691,0,-0.372045,0.145639,2.795588,-0.0029584,-0.0785792,0.0053319,0.9968892
1788232705301390336,OK,1,0,16.9953,0.35125,0,1690,0,-0.376506,0.150324,2.809564,-0.0023686,-0.0782045,0.0056964,0.9969183
1788232705334731264,OK,1,0,17.6409,0.343959,0,1812,0,-0.379369,0.147479,2.819635,-0.0023852,-0.0782197,0.0057970,0.9969165
1788232705368072960,OK,1,0,18.1324,0.353834,0,1744,0,-0.379467,0.147585,2.830911,-0.0024458,-0.0786207,0.0055228,0.9968863
1788232705401414912,OK,1,0,17.8708,0.37025,0,1687,0,-0.381949,0.150554,2.844903,-0.0020740,-0.0787405,0.0054117,0.9968783
1788232705434756352,OK,1,0,17.6847,0.322083,0,1670,0,-0.382780,0.152803,2.859189,-0.0014214,-0.0785753,0.0055099,0.9968920
1788232705468098048,OK,1,0,18.8072,0.351542,0,1680,0,-0.385288,0.151091,2.870655,-0.0019401,-0.0781261,0.0053673,0.9969272
1788232705501440000,OK,1,0,19.0773,0.346292,0,1646,0,-0.386298,0.151129,2.883666,-0.0027294,-0.0786147,0.0054762,0.9968863
1788232705534781696,OK,1,0,17.805,0.347333,0,1618,0,-0.390422,0.151718,2.897966,-0.0030148,-0.0788781,0.0049110,0.9968676
1788232705568123648,OK,1,0,16.7189,0.350208,0,1598,0,-0.391000,0.152576,2.913254,-0.0036189,-0.0791418,0.0049081,0.9968447
1788232705601465344,OK,1,0,19.5656,0.402125,0,1607,0,-0.393298,0.155550,2.925851,-0.0035906,-0.0788830,0.0050250,0.9968647
1788232705634807040,OK,1,0,20.3827,0.345208,0,1610,0,-0.395089,0.154595,2.937528,-0.0037039,-0.0784803,0.0052792,0.9968948
1788232705668148992,OK,1,0,17.076,0.329209,0,1603,0,-0.395526,0.158561,2.952734,-0.0034337,-0.0787726,0.0055679,0.9968712
1788232705701490688,OK,1,0,19.7148,0.33925,0,1608,0,-0.395736,0.155746,2.964844,-0.0036917,-0.0789783,0.0056687,0.9968534
1788232705734832640,OK,1,0,17.4297,0.343083,0,1617,0,-0.399816,0.157391,2.977766,-0.0037688,-0.0788071,0.0054244,0.9968680
1788232705768174336,OK,1,0,18.7815,0.337416,0,1586,0,-0.400798,0.157612,2.992666,-0.0044180,-0.0789601,0.0054657,0.9968530
1788232705801515264,OK,1,0,19.7699,0.348917,0,1585,0,-0.401868,0.159393,3.006772,-0.0042954,-0.0789089,0.0051089,0.9968596
1788232705834856960,OK,1,0,17.5385,0.330583,0,1575,0,-0.407648,0.156801,3.018081,-0.0050472,-0.0785220,0.0048352,0.9968879
1788232705868198656,OK,1,0,16.3995,0.344542,0,1565,0,-0.408972,0.156390,3.029921,-0.0055548,-0.0786972,0.0047996,0.9968715
1788232705901540608,OK,1,0,16.526,0.369209,0,1558,0,-0.410963,0.161320,3.047988,-0.0046600,-0.0790675,0.0047101,0.9968473
1788232705934882560,OK,1,0,19.8484,0.357583,0,1553,0,-0.412731,0.162641,3.058470,-0.0042022,-0.0791886,0.0046555,0.9968399
1788232705968224256,OK,1,0,16.6655,0.355416,0,1535,0,-0.415547,0.161385,3.067711,-0.0038613,-0.0789396,0.0049182,0.9968598
1788232706001566208,OK,1,0,17.3949,0.345416,0,1546,0,-0.414230,0.161648,3.080736,-0.0032637,-0.0789092,0.0047874,0.9968650
1788232706034908160,OK,1,0,17.8071,0.359375,0,1534,0,-0.416424,0.161435,3.091263,-0.0027630,-0.0787887,0.0047062,0.9968764
1788232706068250112,OK,1,0,16.2385,0.337458,0,1523,0,-0.416563,0.164334,3.105861,-0.0020027,-0.0790955,0.0046528,0.9968542
1788232706101591808,OK,1,0,22.0568,0.324,0,1571,0,-0.419839,0.167266,3.119470,-0.0014987,-0.0792497,0.0040511,0.9968455
1788232706134933760,OK,1,0,16.0269,0.317625,0,1587,0,-0.419996,0.165723,3.135589,-0.0012137,-0.0796396,0.0038369,0.9968156
1788232706168275200,OK,1,0,16.5706,0.312833,0,1610,0,-0.425892,0.162008,3.143564,-0.0013196,-0.0790158,0.0036782,0.9968657
1788232706201615616,OK,1,0,16.11,0.291333,0,1611,0,-0.426274,0.166684,3.158138,-0.0012088,-0.0793503,0.0033296,0.9968405
1788232706234955520,OK,1,0,15.9008,0.302125,0,1594,0,-0.427202,0.168577,3.172360,-0.0012559,-0.0796307,0.0031715,0.9968186
1788232706268296192,OK,1,0,16.4719,0.33175,0,1624,0,-0.431338,0.171204,3.184608,-0.0008875,-0.0795338,0.0029250,0.9968275
1788232706301636608,OK,1,0,16.525,0.306333,0,1602,0,-0.433670,0.172620,3.199136,-0.0009226,-0.0794345,0.0024691,0.9968366
1788232706334977280,OK,1,0,16.3476,0.303125,0,1588,0,-0.438142,0.173947,3.212281,-0.0006915,-0.0791818,0.0023510,0.9968572
1788232706368317696,OK,1,0,16.4985,0.294167,0,1579,0,-0.438913,0.167818,3.222145,-0.0012347,-0.0792866,0.0024212,0.9968482
1788232706401658112,OK,1,0,16.3243,0.308792,0,1567,0,-0.440044,0.166662,3.233568,-0.0010201,-0.0796061,0.0021268,0.9968237
1788232706434998784,OK,1,0,16.1601,0.310667,0,1568,0,-0.444393,0.167725,3.245938,-0.0004474,-0.0795137,0.0022390,0.9968312
1788232706468339200,OK,1,0,16.5964,0.304916,0,1600,0,-0.443481,0.166753,3.258718,-0.0007405,-0.0797543,0.0024627,0.9968112
1788232706501679360,OK,1,0,16.5492,0.307334,0,1591,0,-0.446257,0.166746,3.271208,-0.0006205,-0.0796585,0.0023047,0.9968194
1788232706535020032,OK,1,0,16.2591,0.311833,0,1555,0,-0.446955,0.169387,3.283825,0.0001454,-0.0796362,0.0024353,0.9968210
1788232706568360448,OK,1,0,16.4488,0.314291,0,1606,0,-0.449382,0.174292,3.296996,0.0009182,-0.0797298,0.0023928,0.9968132
1788232706601700608,OK,1,0,16.038,0.297584,0,1545,0,-0.450576,0.174275,3.309790,0.0010903,-0.0799253,0.0027415,0.9967965
1788232706635041024,OK,1,0,16.2905,0.317167,0,1552,0,-0.454049,0.174789,3.322311,0.0013269,-0.0798170,0.0031425,0.9968037
1788232706668380416,OK,1,0,16.0468,0.298208,0,1509,0,-0.455312,0.175892,3.333897,0.0013172,-0.0795589,0.0032136,0.9968241
1788232706701720576,OK,1,0,15.8419,0.30325,0,1528,0,-0.457120,0.179933,3.347635,0.0017024,-0.0794953,0.0033303,0.9968282
1788232706735060736,OK,1,0,15.977,0.306209,0,1543,0,-0.458146,0.174142,3.359796,0.0013633,-0.0795393,0.0030039,0.9968263
1788232706768401152,OK,1,0,15.8274,0.304209,0,1557,0,-0.461035,0.173140,3.370495,0.0013426,-0.0795099,0.0031846,0.9968281
1788232706801741312,OK,1,0,16.2248,0.30975,0,1508,0,-0.462861,0.175416,3.384400,0.0017770,-0.0795145,0.0033735,0.9968264
1788232706835081472,OK,1,0,15.8728,0.319542,0,1533,0,-0.458985,0.169595,3.395681,0.0009711,-0.0801355,0.0034659,0.9967775
1788232706868421632,OK,1,0,16.2743,0.298458,0,1522,0,-0.463386,0.174962,3.409766,0.0017061,-0.0798610,0.0030067,0.9968000
1788232706901761792,OK,1,0,16.2081,0.287458,0,1512,0,-0.466898,0.178166,3.420955,0.0022977,-0.0795826,0.0029928,0.9968212
1788232706935101696,OK,1,0,15.9858,0.289709,0,1523,0,-0.469652,0.175911,3.434067,0.0021137,-0.0796221,0.0027518,0.9968191
1788232706968441856,OK,1,0,15.9114,0.316708,0,1506,0,-0.473093,0.176160,3.445875,0.0020831,-0.0796770,0.0027643,0.9968147
1788232707001782016,OK,1,0,16.4092,0.31125,0,1509,0,-0.471990,0.176871,3.459367,0.0022390,-0.0800584,0.0027437,0.9967839
1788232707035122176,OK,1,0,16.3257,0.309,0,1500,0,-0.472086,0.175056,3.474769,0.0015157,-0.0803097,0.0029172,0.9967645
1788232707068461824,OK,1,0,15.9693,0.301084,0,1463,0,-0.478491,0.180773,3.486759,0.0021103,-0.0797262,0.0025016,0.9968114
1788232707101801984,OK,1,0,16.0377,0.32725,0,1466,0,-0.481458,0.177645,3.499059,0.0017206,-0.0796678,0.0022500,0.9968175
1788232707135140864,OK,1,0,15.9057,0.308458,0,1450,0,-0.483421,0.179782,3.512153,0.0018454,-0.0799524,0.0018927,0.9967952
1788232707168478720,OK,1,0,15.6716,0.3095,0,1466,0,-0.484199,0.184169,3.528039,0.0024507,-0.0803740,0.0016372,0.9967604
1788232707201813760,OK,1,0,15.9898,0.307084,0,1696,0,-0.488057,0.180515,3.538975,0.0020976,-0.0801638,0.0017716,0.9967780
1788232707235148800,OK,1,0,16.3177,0.32075,0,1597,0,-0.487511,0.179130,3.550315,0.0019021,-0.0803983,0.0018558,0.9967593
1788232707268483328,OK,1,0,15.6267,0.301375,0,1549,0,-0.491090,0.180731,3.559903,0.0029818,-0.0800248,0.0019696,0.9967865
1788232707301818112,OK,1,0,15.913,0.31375,0,1545,0,-0.491946,0.181253,3.572921,0.0035745,-0.0800163,0.0022482,0.9967846
1788232707335152640,OK,1,0,16.3257,0.3365,0,1531,0,-0.493112,0.183128,3.585292,0.0042633,-0.0801611,0.0023684,0.9967700
1788232707368487424,OK,1,0,17.1067,0.34825,0,1516,0,-0.494719,0.181515,3.594876,0.0044800,-0.0802275,0.0025834,0.9967632
1788232707401821696,OK,1,0,17.2899,0.370958,0,1482,0,-0.496501,0.182453,3.608325,0.0043658,-0.0803354,0.0023766,0.9967555
1788232707435156224,OK,1,0,16.9328,0.372125,0,1455,0,-0.500484,0.182345,3.620713,0.0039616,-0.0801836,0.0021446,0.9967700
1788232707468490752,OK,1,0,17.0854,0.333708,0,1476,0,-0.502809,0.182478,3.633883,0.0039864,-0.0800589,0.0019709,0.9967802
1788232707501825024,OK,1,0,17.1364,0.386916,0,1475,0,-0.504726,0.185464,3.648880,0.0038797,-0.0801020,0.0014801,0.9967781
1788232707535159296,OK,1,0,17.9874,0.401875,0,1455,0,-0.508046,0.184840,3.660389,0.0035383,-0.0800531,0.0016392,0.9967830
1788232707568492544,OK,1,0,17.3768,0.37775,0,1454,0,-0.512265,0.187275,3.673125,0.0037610,-0.0798305,0.0017493,0.9967998
1788232707601826560,OK,1,0,20.8272,0.338291,0,1439,0,-0.509337,0.187514,3.686812,0.0031633,-0.0804102,0.0017836,0.9967552
1788232707635160576,OK,1,0,17.4127,0.35125,0,1439,0,-0.514275,0.188292,3.700002,0.0032278,-0.0801920,0.0015980,0.9967729
1788232707668494592,OK,1,0,18.3807,0.355666,0,1419,0,-0.518015,0.189068,3.711504,0.0036639,-0.0797917,0.0013290,0.9968039
1788232707701828608,OK,1,0,16.6775,0.356084,0,1419,0,-0.519789,0.190242,3.726025,0.0033802,-0.0799441,0.0011594,0.9967930
1788232707735162624,OK,1,0,20.0749,0.35325,0,1418,0,-0.523950,0.193784,3.738006,0.0038378,-0.0801135,0.0008339,0.9967780
1788232707768496384,OK,1,0,16.4323,0.358875,0,1412,0,-0.524638,0.190793,3.752089,0.0033598,-0.0807137,0.0009002,0.9967313
1788232707801830144,OK,1,0,20.0366,0.3435,0,1385,0,-0.527616,0.190495,3.764025,0.0031315,-0.0805790,0.0010310,0.9967428
1788232707835163904,OK,1,0,18.0352,0.349,0,1396,0,-0.528547,0.196275,3.778013,0.0041053,-0.0804775,0.0010394,0.9967474
1788232707868497408,OK,1,0,23.6263,0.338834,0,1406,0,-0.527640,0.195269,3.789114,0.0038701,-0.0806238,0.0016533,0.9967358
1788232707901830912,OK,1,0,16.1726,0.390917,0,1384,0,-0.528464,0.193576,3.803544,0.0036461,-0.0809500,0.0019739,0.9967096
1788232707935164416,OK,1,0,16.7009,0.348583,0,1398,0,-0.530120,0.195319,3.815449,0.0040695,-0.0809937,0.0019263,0.9967045
1788232707968497920,OK,1,0,17.1542,0.387875,0,1396,0,-0.533343,0.196699,3.828628,0.0039691,-0.0809338,0.0016432,0.9967102
1788232708001830144,OK,1,0,15.7379,0.322708,0,1362,0,-0.536876,0.199056,3.841986,0.0045109,-0.0807877,0.0015664,0.9967199
1788232708035163648,OK,1,0,15.6395,0.316125,0,1374,0,-0.538546,0.197646,3.853532,0.0045600,-0.0804528,0.0013781,0.9967470
1788232708068496896,OK,1,0,15.3274,0.309125,0,1364,0,-0.541980,0.200637,3.865796,0.0044623,-0.0801548,0.0011064,0.9967718
1788232708101829888,OK,1,0,15.0731,0.29325,0,1356,0,-0.541960,0.198004,3.880513,0.0037402,-0.0810405,0.0010997,0.9967032
1788232708135163136,OK,1,0,15.4545,0.315959,0,1340,0,-0.546097,0.201000,3.891778,0.0037231,-0.0809903,0.0009718,0.9967075
1788232708168497664,OK,1,0,16.0857,0.30575,0,1324,0,-0.546640,0.203662,3.907665,0.0038553,-0.0811782,0.0008459,0.9966918
1788232708201834240,OK,1,0,15.4497,0.284625,0,1333,0,-0.549797,0.202265,3.921547,0.0038043,-0.0807591,0.0010795,0.9967259
1788232708235170560,OK,1,0,16.4383,0.303084,0,1378,0,-0.551300,0.203099,3.934264,0.0035656,-0.0808147,0.0014628,0.9967217
1788232708268507136,OK,1,0,15.7387,0.308167,0,1368,0,-0.551286,0.201613,3.947806,0.0033266,-0.0812465,0.0011615,0.9966878
1788232708301843456,OK,1,0,15.298,0.286667,0,1340,0,-0.554902,0.201163,3.957634,0.0032056,-0.0811029,0.0010193,0.9967000
1788232708335180032,OK,1,0,15.5078,0.310291,0,1373,0,-0.557341,0.205290,3.973898,0.0030929,-0.0810156,0.0008251,0.9967077
1788232708368516096,OK,1,0,15.2641,0.304125,0,1358,0,-0.556951,0.205465,3.988284,0.0024982,-0.0813596,0.0008566,0.9966813
1788232708401852416,OK,1,0,15.3686,0.3105,0,1360,0,-0.561568,0.205306,4.001260,0.0021617,-0.0808717,0.0009100,0.9967218
1788232708435188736,OK,1,0,15.3504,0.314417,0,1356,0,-0.562285,0.207203,4.017328,0.0013468,-0.0813541,0.0011521,0.9966837
1788232708468523776,OK,1,0,15.332,0.303916,0,1353,0,-0.563340,0.209851,4.029764,0.0011924,-0.0813071,0.0011431,0.9966877
1788232708501859840,OK,1,0,15.567,0.311708,0,1337,0,-0.567047,0.209705,4.043517,0.0011289,-0.0812305,0.0010104,0.9966942
1788232708535195904,OK,1,0,15.168,0.334958,0,1346,0,-0.570530,0.211316,4.057222,0.0011758,-0.0813822,0.0009284,0.9966819
1788232708568531712,OK,1,0,15.299,0.309,0,1371,0,-0.571942,0.208129,4.068024,0.0008626,-0.0812812,0.0009062,0.9966905
1788232708601867776,OK,1,0,15.3039,0.382375,0,1349,0,-0.574067,0.210873,4.080648,0.0012579,-0.0810181,0.0008172,0.9967116
1788232708635203584,OK,1,0,15.2876,0.292875,0,1346,0,-0.575208,0.213049,4.092444,0.0016155,-0.0809753,0.0011471,0.9967142
1788232708668539648,OK,1,0,15.1818,0.299375,0,1364,0,-0.576433,0.211137,4.105172,0.0016782,-0.0810945,0.0015791,0.9967038
1788232708701875200,OK,1,0,15.5575,0.299416,0,1350,0,-0.578887,0.211294,4.117396,0.0015970,-0.0810534,0.0010445,0.9967080
1788232708735211008,OK,1,0,15.1731,0.30525,0,1369,0,-0.581790,0.213762,4.131585,0.0013342,-0.0809949,0.0011926,0.9967129
1788232708768546560,OK,1,0,14.9693,0.276541,0,1351,0,-0.582740,0.213806,4.145415,0.0006268,-0.0806883,0.0015246,0.9967380
1788232708801882112,OK,1,0,15.2647,0.309875,0,1369,0,-0.584034,0.217001,4.160467,0.0000362,-0.0808876,0.0016572,0.9967219
1788232708835217664,OK,1,0,15.0771,0.378167,0,1339,0,-0.588310,0.218014,4.175278,-0.0005513,-0.0809665,0.0014935,0.9967155
1788232708868553216,OK,1,0,14.7189,0.294667,0,1373,0,-0.590307,0.220185,4.189580,-0.0008409,-0.0812946,0.0014759,0.9966887
1788232708901887744,OK,1,0,14.5714,0.302958,0,1346,0,-0.593500,0.219940,4.202211,-0.0016284,-0.0810307,0.0013629,0.9967093
1788232708935222784,OK,1,0,14.433,0.311459,0,1318,0,-0.595101,0.219182,4.216498,-0.0021254,-0.0805241,0.0014952,0.9967493
1788232708968558336,OK,1,0,14.8272,0.288083,0,1309,0,-0.595165,0.221608,4.229997,-0.0020381,-0.0806552,0.0015407,0.9967388
1788232709001893632,OK,1,0,15.0384,0.29325,0,1343,0,-0.598220,0.222472,4.243230,-0.0019674,-0.0809659,0.0017636,0.9967134
1788232709035228672,OK,1,0,14.9573,0.313084,0,1343,0,-0.602226,0.221579,4.253619,-0.0021247,-0.0807715,0.0017268,0.9967289
1788232709068563968,OK,1,0,14.752,0.317042,0,1322,0,-0.602728,0.222584,4.267453,-0.0025372,-0.0810945,0.0011714,0.9967026
1788232709101899264,OK,1,0,15.0262,0.296625,0,1330,0,-0.607739,0.224353,4.281669,-0.0025094,-0.0819786,0.0014809,0.9966298
1788232709135234048,OK,1,0,14.7683,0.284167,0,1318,0,-0.608272,0.224578,4.295659,-0.0022547,-0.0833350,0.0015911,0.9965178
1788232709168571648,OK,1,0,14.986,0.315666,0,1346,0,-0.613261,0.224144,4.307335,-0.0032155,-0.0852717,0.0017219,0.9963511
1788232709201911808,OK,1,0,15.1794,0.294166,0,1368,0,-0.617725,0.223688,4.321353,-0.0037606,-0.0884494,0.0015577,0.9960724
1788232709235252480,OK,1,0,14.9265,0.296084,0,1322,0,-0.623094,0.230011,4.335326,-0.0031117,-0.0910799,0.0021147,0.9958365
1788232709268592896,OK,1,0,15.0644,0.300458,0,1364,0,-0.624665,0.228004,4.345528,-0.0034992,-0.0943419,0.0025472,0.9955305
1788232709301933312,OK,1,0,15.0686,0.294583,0,1383,0,-0.630439,0.227113,4.356876,-0.0036345,-0.0979568,0.0028345,0.9951800
1788232709335272704,OK,1,0,15.2624,0.291292,0,1404,0,-0.637302,0.227103,4.368461,-0.0035862,-0.1018257,0.0028453,0.9947917
1788232709368613376,OK,1,0,15.4983,0.301291,0,1403,0,-0.643802,0.228739,4.380490,-0.0035878,-0.1061088,0.0030155,0.9943435
1788232709401953792,OK,1,0,15.2006,0.374583,0,1432,0,-0.651445,0.228478,4.391875,-0.0037400,-0.1101095,0.0031137,0.9939076
1788232709435294208,OK,1,0,15.449,0.308667,0,1424,0,-0.656386,0.231531,4.406394,-0.0037186,-0.1151105,0.0036416,0.9933391
1788232709468634880,OK,1,0,15.8259,0.298875,0,1453,0,-0.665471,0.231618,4.418973,-0.0041469,-0.1204277,0.0040949,0.9927050
1788232709501975296,OK,1,0,15.8357,0.296,0,1428,0,-0.675136,0.233034,4.431095,-0.0045088,-0.1262831,0.0040092,0.9919759
1788232709535315968,OK,1,0,15.8118,0.3125,0,1473,0,-0.682523,0.234613,4.442488,-0.0051262,-0.1321090,0.0041200,0.9912134
1788232709568656128,OK,1,0,15.9328,0.308667,0,1485,0,-0.692787,0.236670,4.456107,-0.0052262,-0.1376983,0.0041264,0.9904518
1788232709601996800,OK,1,0,15.9355,0.306583,0,1492,0,-0.701723,0.236856,4.468195,-0.0054402,-0.1437337,0.0042136,0.9895925
1788232709635337472,OK,1,0,16.1537,0.309375,0,1510,0,-0.711275,0.238260,4.478702,-0.0056869,-0.1501125,0.0045732,0.9886420
1788232709668677888,OK,1,0,16.4952,0.308583,0,1530,0,-0.719431,0.239561,4.490923,-0.0054979,-0.1565225,0.0052583,0.9876451
1788232709702018560,OK,1,0,16.6268,0.303208,0,1560,0,-0.728237,0.240952,4.501339,-0.0051888,-0.1624233,0.0063057,0.9866874
1788232709735359232,OK,1,0,16.4356,0.308208,0,1515,0,-0.735014,0.238685,4.511251,-0.0053623,-0.1682322,0.0067934,0.9857094
1788232709768699648,OK,1,0,16.6598,0.298708,0,1557,0,-0.743032,0.238791,4.520325,-0.0055944,-0.1740458,0.0072562,0.9846950
1788232709802039296,OK,1,0,16.7791,0.30375,0,1570,0,-0.750886,0.239934,4.532125,-0.0055990,-0.1800796,0.0078567,0.9836047
1788232709835379968,OK,1,0,16.7838,0.313542,0,1553,0,-0.760863,0.241836,4.542494,-0.0057839,-0.1856255,0.0085820,0.9825661
1788232709868720384,OK,1,0,16.3637,0.289292,0,1556,0,-0.771354,0.242681,4.553320,-0.0058650,-0.1911443,0.0086522,0.9815063
1788232709902061056,OK,1,0,16.6156,0.315667,0,1536,0,-0.780477,0.242606,4.563176,-0.0059819,-0.1972146,0.0088435,0.9803022
1788232709935401728,OK,1,0,16.6861,0.306875,0,1539,0,-0.789482,0.243155,4.574035,-0.0065137,-0.2033712,0.0094126,0.9790348
1788232709968742144,OK,1,0,16.8324,0.306333,0,1563,0,-0.798814,0.244177,4.583801,-0.0068325,-0.2090166,0.0096943,0.9778402
1788232710002083072,OK,1,0,16.3083,0.295208,0,1580,0,-0.808745,0.243886,4.593594,-0.0067842,-0.2153397,0.0097981,0.9764665
1788232710035423488,OK,1,0,16.5275,0.306,0,1584,0,-0.818872,0.246013,4.602536,-0.0061549,-0.2219147,0.0104107,0.9749911
1788232710068764160,OK,1,0,16.7797,0.301292,0,1529,0,-0.826159,0.245624,4.611548,-0.0060410,-0.2280497,0.0117277,0.9735602
1788232710102104832,OK,1,0,16.3846,0.311417,0,1536,0,-0.833406,0.245985,4.619479,-0.0056249,-0.2333072,0.0126643,0.9723043
1788232710135445504,OK,1,0,16.5418,0.297917,0,1511,0,-0.843653,0.246857,4.628524,-0.0052414,-0.2389263,0.0132016,0.9709339
1788232710168788480,OK,1,0,16.4033,0.290584,0,1506,0,-0.854703,0.247670,4.637195,-0.0049725,-0.2444984,0.0129891,0.9695500
1788232710202134784,OK,1,0,16.3983,0.306125,0,1519,0,-0.864850,0.247519,4.644370,-0.0055156,-0.2502167,0.0131217,0.9680853
1788232710235480064,OK,1,0,16.1922,0.297208,0,1474,0,-0.877451,0.249221,4.654412,-0.0050931,-0.2556976,0.0130367,0.9666555
1788232710268826368,OK,1,0,16.345,0.296875,0,1497,0,-0.886789,0.247381,4.660288,-0.0049557,-0.2617988,0.0130251,0.9650219
1788232710302172928,OK,1,0,16.6302,0.293834,0,1499,0,-0.898091,0.248168,4.668148,-0.0045269,-0.2676836,0.0134267,0.9634027
1788232710335519232,OK,1,0,16.6707,0.296708,0,1474,0,-0.907576,0.248041,4.676258,-0.0041883,-0.2735752,0.0143249,0.9617348
1788232710368865792,OK,1,0,16.7325,0.296583,0,1443,0,-0.917892,0.248192,4.681899,-0.0036585,-0.2792161,0.0143800,0.9601136
1788232710402212352,OK,1,0,16.4088,0.285542,0,1459,0,-0.929422,0.248738,4.688932,-0.0035836,-0.2851526,0.0145397,0.9583652
1788232710435558912,OK,1,0,16.8138,0.355958,0,1468,0,-0.942071,0.249806,4.697156,-0.0034608,-0.2907676,0.0145058,0.9566775
1788232710468905472,OK,1,0,16.6845,0.292833,0,1451,0,-0.953780,0.250551,4.704417,-0.0029343,-0.2963932,0.0148471,0.9549461
1788232710502252544,OK,1,0,16.7643,0.316334,0,1450,0,-0.965240,0.250611,4.710590,-0.0029083,-0.3023406,0.0154273,0.9530706
1788232710535599104,OK,1,0,16.6062,0.301833,0,1419,0,-0.975008,0.250328,4.718580,-0.0028893,-0.3084436,0.0160518,0.9511028
1788232710568945920,OK,1,0,16.338,0.29925,0,1400,0,-0.985366,0.250906,4.725709,-0.0025807,-0.3142455,0.0170139,0.9491858
1788232710602292736,OK,1,0,16.8725,0.295375,0,1419,0,-0.996878,0.250137,4.732668,-0.0019973,-0.3196024,0.0172442,0.9473928
1788232710635639552,OK,1,0,16.5428,0.295041,0,1440,0,-1.007316,0.250611,4.738606,-0.0017047,-0.3255605,0.0174864,0.9453580
1788232710668985856,OK,1,0,16.5841,0.298167,0,1406,0,-1.018672,0.251527,4.744195,-0.0014975,-0.3313992,0.0175840,0.9433256
1788232710702332672,OK,1,0,16.2616,0.298083,0,1395,0,-1.031711,0.251044,4.748637,-0.0012908,-0.3373502,0.0174519,0.9412166
1788232710735680000,OK,1,0,16.4347,0.294666,0,1350,0,-1.043428,0.250716,4.751805,-0.0007999,-0.3435861,0.0173294,0.9389610
1788232710769027072,OK,1,0,16.0589,0.303291,0,1359,0,-1.057169,0.251521,4.758582,-0.0004743,-0.3499959,0.0173495,0.9365904
1788232710802374144,OK,1,0,15.6327,0.32325,0,1326,0,-1.068381,0.250865,4.763906,-0.0004625,-0.3560968,0.0181884,0.9342719
1788232710835721472,OK,1,0,15.6287,0.325417,0,1333,0,-1.079922,0.250301,4.768774,-0.0003258,-0.3620356,0.0189221,0.9319722
1788232710869068800,OK,1,0,16.1686,0.309166,0,1305,0,-1.093177,0.251731,4.774018,0.0003502,-0.3685803,0.0191770,0.9293981
1788232710902416384,OK,1,0,15.3793,0.294333,0,1279,0,-1.106252,0.251708,4.777744,0.0002749,-0.3750323,0.0195150,0.9268063
1788232710935763712,OK,1,0,15.2755,0.423167,0,1240,0,-1.118450,0.252035,4.781931,0.0000574,-0.3814494,0.0202315,0.9241683
1788232710969111040,OK,1,0,15.208,0.292208,0,1233,0,-1.129421,0.250964,4.786054,-0.0000497,-0.3877614,0.0211407,0.9215173
1788232711002458624,OK,1,0,15.6877,0.308875,0,1245,0,-1.142617,0.252499,4.791997,0.0004285,-0.3940892,0.0217238,0.9188153
1788232711035806208,OK,1,0,16.7661,0.337834,0,2088,0,-1.153590,0.253359,4.795467,0.0003277,-0.4003483,0.0225089,0.9160866
1788232711069153792,OK,1,0,19.1274,0.318375,0,1847,0,-1.165322,0.252940,4.799240,0.0004437,-0.4063804,0.0232955,0.9134069
1788232711102501376,OK,1,0,19.3273,0.339166,0,1646,0,-1.177968,0.253118,4.802660,0.0009950,-0.4126043,0.0233548,0.9106104
1788232711135848192,OK,1,0,16.632,0.342625,0,1547,0,-1.191056,0.252831,4.803928,0.0013049,-0.4188399,0.0235964,0.9077525
1788232711169195264,OK,1,0,17.3181,0.347292,0,1479,0,-1.203649,0.253009,4.807956,0.0013823,-0.4249861,0.0239257,0.9048826
1788232711202541824,OK,1,0,17.4468,0.346417,0,1375,0,-1.216951,0.253038,4.811207,0.0013789,-0.4310936,0.0244996,0.9019735
1788232711235888384,OK,1,0,16.9491,0.382083,0,1343,0,-1.229566,0.253220,4.813300,0.0015650,-0.4373885,0.0249375,0.8989254
1788232711269235200,OK,1,0,17.4885,0.376333,0,1308,0,-1.242641,0.253285,4.815184,0.0013098,-0.4436947,0.0252355,0.8958218
1788232711302581760,OK,1,0,17.6108,0.377708,0,1287,0,-1.257694,0.253890,4.817553,0.0012045,-0.4497624,0.0251949,0.8927920
1788232711335928576,OK,1,0,15.7601,0.362459,0,1270,0,-1.271881,0.253501,4.818427,0.0012225,-0.4559184,0.0249208,0.8896717
1788232711369275136,OK,1,0,18.1532,0.366084,0,1253,0,-1.285274,0.253822,4.819635,0.0015096,-0.4620799,0.0250523,0.8864831
1788232711402621952,OK,1,0,16.0039,0.33475,0,1273,0,-1.298073,0.253650,4.823315,0.0013374,-0.4683396,0.0257493,0.8831723
1788232711435969024,OK,1,0,17.4924,0.368708,0,1236,0,-1.310799,0.253901,4.825042,0.0013646,-0.4742311,0.0267155,0.8799939
1788232711469315840,OK,1,0,16.4051,0.355334,0,1194,0,-1.322806,0.254213,4.823791,0.0019225,-0.4800754,0.0271490,0.8768049
1788232711502662912,OK,1,0,15.2097,0.334416,0,1178,0,-1.336118,0.253468,4.826218,0.0022225,-0.4866036,0.0276137,0.8731835
1788232711536009984,OK,1,0,19.385,0.398958,0,1179,0,-1.349776,0.253345,4.826625,0.0020356,-0.4930238,0.0278948,0.8695661
1788232711569356288,OK,1,0,14.7663,0.344042,0,1156,0,-1.366014,0.254793,4.828130,0.0016650,-0.4993252,0.0281066,0.8659570
1788232711602703360,OK,1,0,15.6468,0.394917,0,1160,0,-1.382181,0.256926,4.828269,0.0016722,-0.5054485,0.0280795,0.8623982
1788232711636050432,OK,1,0,17.5859,0.334584,0,1186,0,-1.394751,0.254897,4.828466,0.0012658,-0.5118865,0.0282175,0.8585885
1788232711669397760,OK,1,0,15.2758,0.348666,0,1187,0,-1.409012,0.256525,4.828691,0.0011616,-0.5179831,0.0285376,0.8549139
1788232711702745088,OK,1,0,17.6872,0.357708,0,1154,0,-1.422928,0.258393,4.831743,0.0013893,-0.5241886,0.0288873,0.8511110
1788232711736092416,OK,1,0,14.5741,0.339958,0,1197,0,-1.436609,0.257445,4.829635,0.0018326,-0.5300086,0.0292290,0.8474864
1788232711769440000,OK,1,0,16.7542,0.377333,0,1198,0,-1.450577,0.258562,4.830352,0.0024486,-0.5363008,0.0299962,0.8434902
1788232711802787584,OK,1,0,14.9617,0.354875,0,1183,0,-1.460668,0.256022,4.832590,0.0018658,-0.5425724,0.0309630,0.8394362
1788232711836134912,OK,1,0,15.2066,0.357209,0,1181,0,-1.472787,0.255256,4.832212,0.0018870,-0.5483357,0.0318096,0.8356510
1788232711869482752,OK,1,0,14.8822,0.354042,0,1175,0,-1.488359,0.253747,4.833143,0.0020459,-0.5543702,0.0321543,0.8316463
1788232711902830336,OK,1,0,15.5802,0.345625,0,1197,0,-1.502190,0.252720,4.826583,0.0017577,-0.5601001,0.0322508,0.8277951
1788232711936178176,OK,1,0,13.9471,0.360166,0,1173,0,-1.516957,0.251412,4.829391,0.0015805,-0.5661956,0.0319842,0.8236487
1788232711969525760,OK,1,0,13.9413,0.333709,0,1168,0,-1.530585,0.252720,4.822430,0.0023277,-0.5717512,0.0316842,0.8198118
1788232712002872832,OK,1,0,13.6596,0.292291,0,1170,0,-1.542326,0.250966,4.819619,0.0023381,-0.5777456,0.0323868,0.8155708
1788232712036220672,OK,1,0,13.884,0.299292,0,1134,0,-1.553395,0.251171,4.818066,0.0026873,-0.5832819,0.0330448,0.8115929
1788232712069568512,OK,1,0,13.283,0.308417,0,1153,0,-1.561165,0.249758,4.820491,0.0031579,-0.5894488,0.0336819,0.8070971
1788232712102916864,OK,1,0,13.6993,0.364541,0,1166,0,-1.574946,0.245355,4.815049,0.0028336,-0.5949206,0.0342752,0.8030484
1788232712136264704,OK,1,0,13.7923,0.291083,0,1188,0,-1.586940,0.247759,4.815722,0.0031456,-0.6008939,0.0347904,0.7985651
1788232712169609472,OK,1,0,13.4128,0.300334,0,1157,0,-1.599808,0.248368,4.812387,0.0037617,-0.6064231,0.0349291,0.7943657
1788232712202949376,OK,1,0,13.2574,0.307375,0,1150,0,-1.611594,0.247431,4.807178,0.0042313,-0.6121392,0.0347449,0.7899750
1788232712236289280,OK,1,0,13.3584,0.314625,0,1145,0,-1.622862,0.243336,4.804533,0.0034625,-0.6178657,0.0350764,0.7854932
1788232712269629440,OK,1,0,13.5037,0.362,0,1149,0,-1.637713,0.245587,4.798387,0.0037440,-0.6229300,0.0359888,0.7814404
1788232712302969344,OK,1,0,13.1642,0.294209,0,1119,0,-1.646988,0.241486,4.800831,0.0038200,-0.6289131,0.0361353,0.7766260
1788232712336309248,OK,1,0,13.1454,0.294958,0,1091,0,-1.661250,0.243731,4.794673,0.0041559,-0.6344240,0.0365108,0.7721114
1788232712369649152,OK,1,0,12.5638,0.272958,0,1073,0,-1.674366,0.246410,4.788476,0.0039763,-0.6396783,0.0367728,0.7677523
1788232712402989312,OK,1,0,12.5895,0.291709,0,1027,0,-1.689783,0.247997,4.787445,0.0044915,-0.6451706,0.0367548,0.7631408
1788232712436329216,OK,1,0,12.3103,0.329542,0,983,0,-1.703222,0.244219,4.776782,0.0047662,-0.6503422,0.0364838,0.7587498
1788232712469668096,OK,1,0,12.4694,0.336208,0,993,0,-1.715891,0.243829,4.772666,0.0044696,-0.6557082,0.0366672,0.7541103
1788232712503008000,OK,1,0,11.6787,0.3175,0,950,0,-1.726784,0.245001,4.769995,0.0042235,-0.6608135,0.0373459,0.7496086
1788232712536348160,OK,1,0,11.6155,0.315792,0,971,0,-1.738773,0.243170,4.762468,0.0045053,-0.6658667,0.0378893,0.7450944
1788232712569688320,OK,1,0,12.4065,0.339209,0,1204,0,-1.751769,0.241184,4.757236,0.0040643,-0.6713505,0.0381065,0.7401486
1788232712603027968,OK,1,0,12.4929,0.333959,0,1117,0,-1.764683,0.242147,4.757356,0.0036275,-0.6761893,0.0387555,0.7356989
1788232712636368128,OK,1,0,12.8106,0.345917,0,1065,0,-1.778565,0.241662,4.750002,0.0032609,-0.6804179,0.0390481,0.7317760
1788232712669708288,OK,1,0,11.4655,0.318167,0,1030,0,-1.790254,0.242105,4.744635,0.0032813,-0.6847431,0.0393518,0.7277139
1788232712703048192,OK,1,0,11.8714,0.333375,0,1034,0,-1.804854,0.243470,4.741565,0.0029906,-0.6888350,0.0395394,0.7238329
1788232712736388096,OK,1,0,12.4238,0.3195,0,1039,0,-1.818658,0.242302,4.739914,0.0024787,-0.6921497,0.0398359,0.7206495
1788232712769728256,OK,1,0,12.4251,0.346375,0,1051,0,-1.831171,0.244927,4.737146,0.0029368,-0.6951422,0.0402265,0.7177399
1788232712803068416,OK,1,0,13.0425,0.327458,0,1037,0,-1.843832,0.243482,4.732399,0.0033761,-0.6982238,0.0401532,0.7147446
1788232712836408320,OK,1,0,13.2353,0.336375,0,1029,0,-1.857305,0.241117,4.729377,0.0030586,-0.7012431,0.0403384,0.7117736
1788232712869748224,OK,1,0,12.8202,0.337958,0,1046,0,-1.869477,0.242252,4.726257,0.0028837,-0.7038514,0.0408648,0.7091650
1788232712903087360,OK,1,0,12.8246,0.330667,0,1084,0,-1.881213,0.240865,4.722577,0.0028571,-0.7057180,0.0408213,0.7073101
1788232712936427520,OK,1,0,15.1517,0.3455,0,1060,0,-1.894871,0.243113,4.723081,0.0031699,-0.7067645,0.0408759,0.7062600
1788232712969767424,OK,1,0,14.291,0.342041,0,1088,0,-1.907550,0.242200,4.718953,0.0030894,-0.7070922,0.0401738,0.7059726
1788232713003107328,OK,1,0,13.7143,0.351041,0,1088,0,-1.922131,0.240700,4.716864,0.0028974,-0.7078728,0.0394656,0.7052306
1788232713036447488,OK,1,0,12.6082,0.335709,0,1090,0,-1.934685,0.243118,4.716646,0.0030827,-0.7089642,0.0396330,0.7041233
1788232713069787648,OK,1,0,14.5427,0.359167,0,1107,0,-1.947831,0.239834,4.715348,0.0027369,-0.7092302,0.0394273,0.7038683
1788232713103127808,OK,1,0,15.7889,0.348792,0,1097,0,-1.960755,0.239743,4.715461,0.0031101,-0.7092403,0.0396233,0.7038455
1788232713136467712,OK,1,0,13.7369,0.305458,0,1092,0,-1.972832,0.240359,4.716455,0.0031615,-0.7098625,0.0397892,0.7032084
1788232713169807104,OK,1,0,14.4908,0.418333,0,1096,0,-1.985591,0.239732,4.714048,0.0033277,-0.7101519,0.0398692,0.7029109
1788232713203145728,OK,1,0,13.0974,0.379958,0,1070,0,-1.997795,0.240670,4.712154,0.0037933,-0.7100520,0.0399306,0.7030059
1788232713236484352,OK,1,0,14.5395,0.3765,0,1100,0,-2.010532,0.242882,4.714984,0.0042304,-0.7104017,0.0399159,0.7026508
1788232713269822720,OK,1,0,14.8392,0.335667,0,1073,0,-2.023512,0.242993,4.710020,0.0044780,-0.7103776,0.0397821,0.7026812
1788232713303161344,OK,1,0,13.0594,0.380042,0,1109,0,-2.036937,0.241192,4.710356,0.0044126,-0.7106529,0.0393966,0.7024251
1788232713336498944,OK,1,0,14.907,0.348042,0,1061,0,-2.049585,0.240023,4.710530,0.0040333,-0.7108823,0.0390051,0.7022170
1788232713369837312,OK,1,0,13.113,0.375583,0,1063,0,-2.065919,0.241757,4.711519,0.0038730,-0.7111397,0.0389343,0.7019612
1788232713403175680,OK,1,0,14.1442,0.407291,0,1063,0,-2.078358,0.239282,4.710062,0.0032637,-0.7112518,0.0383928,0.7018805
1788232713436514304,OK,1,0,13.5377,0.355083,0,1050,0,-2.091975,0.242607,4.709722,0.0033929,-0.7113584,0.0381139,0.7017871
1788232713469852672,OK,1,0,14.7719,0.363917,0,1074,0,-2.103327,0.240634,4.707943,0.0034028,-0.7112576,0.0378270,0.7019047
1788232713503191040,OK,1,0,11.8654,0.344916,0,1102,0,-2.115930,0.242426,4.707710,0.0034328,-0.7114516,0.0378681,0.7017057
1788232713536529664,OK,1,0,12.2167,0.344042,0,1115,0,-2.129886,0.240588,4.706504,0.0031396,-0.7120167,0.0375565,0.7011505
1788232713569868032,OK,1,0,12.0298,0.326958,0,1096,0,-2.141350,0.238994,4.704221,0.0030785,-0.7126635,0.0375839,0.7004917
1788232713603206400,OK,1,0,11.862,0.326208,0,1072,0,-2.155225,0.241125,4.702268,0.0031806,-0.7133841,0.0374465,0.6997649
1788232713636544768,OK,1,0,11.8612,0.296375,0,1081,0,-2.168770,0.242357,4.699092,0.0036263,-0.7140001,0.0374023,0.6991364
1788232713669883136,OK,1,0,12.3343,0.296584,0,1067,0,-2.181732,0.241390,4.699262,0.0034947,-0.7151709,0.0373325,0.6979432
1788232713703221504,OK,1,0,12.1701,0.365792,0,1082,0,-2.193349,0.241447,4.694154,0.0036836,-0.7165180,0.0375026,0.6965501
1788232713736559616,OK,1,0,12.3103,0.335458,0,1105,0,-2.205539,0.241605,4.694350,0.0036714,-0.7185541,0.0382656,0.6944079
1788232713769897984,OK,1,0,12.5291,0.324875,0,1249,0,-2.218186,0.241649,4.691746,0.0034468,-0.7203642,0.0392367,0.6924767
1788232713803235072,OK,1,0,13.848,0.347292,0,1476,0,-2.227627,0.239967,4.688229,0.0034843,-0.7223291,0.0398507,0.6903915
1788232713836573440,OK,1,0,12.9457,0.351375,0,1301,0,-2.240953,0.241105,4.687120,0.0040307,-0.7249726,0.0401553,0.6875944
1788232713869911552,OK,1,0,12.9722,0.36125,0,1303,0,-2.251212,0.237601,4.680689,0.0037934,-0.7269696,0.0400107,0.6854925
1788232713903249664,OK,1,0,13.0891,0.371625,0,1293,0,-2.264157,0.237793,4.677814,0.0033317,-0.7293099,0.0404028,0.6829814
1788232713936587776,OK,1,0,13.4675,0.330792,0,1274,0,-2.276500,0.238320,4.673846,0.0034551,-0.7315372,0.0407144,0.6805761
1788232713969926144,OK,1,0,12.9329,0.372709,0,1273,0,-2.287129,0.236410,4.666726,0.0038078,-0.7340806,0.0406661,0.6778330
1788232714003264256,OK,1,0,22.2692,0.345625,0,1222,0,-2.300800,0.237124,4.661008,0.0034843,-0.7373549,0.0409851,0.6742520
1788232714036602368,OK,1,0,13.6601,0.319,0,1283,0,-2.312794,0.237433,4.656605,0.0032544,-0.7402809,0.0413315,0.6710181
1788232714069940480,OK,1,0,13.8063,0.320625,0,1223,0,-2.323092,0.238048,4.653231,0.0035322,-0.7430933,0.0415535,0.6678871
1788232714103278592,OK,1,0,12.8532,0.349041,0,1327,0,-2.335766,0.237545,4.643876,0.0039934,-0.7460601,0.0414023,0.6645782
1788232714136616704,OK,1,0,13.2775,0.368375,0,1266,0,-2.348889,0.238499,4.635483,0.0038287,-0.7493142,0.0410504,0.6609299
1788232714169954048,OK,1,0,13.3987,0.33525,0,1295,0,-2.361573,0.237073,4.627491,0.0032736,-0.7525078,0.0407030,0.6573161
1788232714203291136,OK,1,0,13.694,0.343333,0,1321,0,-2.373758,0.237550,4.622618,0.0031513,-0.7557095,0.0408265,0.6536256
1788232714236626944,OK,1,0,13.3545,0.312958,0,1315,0,-2.384823,0.235231,4.616173,0.0034984,-0.7587630,0.0410829,0.6500605
1788232714269963520,OK,1,0,13.3232,0.307459,0,1277,0,-2.395689,0.236938,4.609139,0.0034298,-0.7618601,0.0418763,0.6463775
1788232714303300608,OK,1,0,13.5567,0.346334,0,1239,0,-2.405725,0.234687,4.602100,0.0029302,-0.7647882,0.0423938,0.6428788
1788232714336637184,OK,1,0,12.6356,0.333459,0,1193,0,-2.419626,0.231908,4.593987,0.0024124,-0.7679799,0.0426751,0.6390461
1788232714369973760,OK,1,0,12.6719,0.345916,0,1151,0,-2.429018,0.236452,4.586761,0.0033651,-0.7712312,0.0431528,0.6350818
1788232714403310592,OK,1,0,12.4894,0.360459,0,1138,0,-2.441526,0.235917,4.575264,0.0034911,-0.7745897,0.0426682,0.6310135
1788232714436647168,OK,1,0,13.0446,0.342625,0,1126,0,-2.453325,0.234508,4.568577,0.0031345,-0.7780182,0.0421021,0.6268216
1788232714469984000,OK,1,0,13.3322,0.336542,0,1123,0,-2.463692,0.231465,4.560175,0.0030953,-0.7811655,0.0412604,0.6229514
1788232714503320320,OK,1,0,12.9277,0.366,0,1165,0,-2.473219,0.230345,4.550755,0.0031571,-0.7842037,0.0411281,0.6191309
1788232714536656896,OK,1,0,12.8912,0.392209,0,1139,0,-2.486627,0.233462,4.541262,0.0031806,-0.7874062,0.0416814,0.6150155
1788232714569993472,OK,1,0,13.3535,0.314417,0,1113,0,-2.495841,0.231459,4.534850,0.0031794,-0.7904285,0.0418069,0.6111178
1788232714603329792,OK,1,0,13.598,0.36875,0,1299,0,-2.507196,0.231978,4.527535,0.0033143,-0.7934029,0.0423173,0.6072151
1788232714636666368,OK,1,0,13.6061,0.350834,0,1172,0,-2.516364,0.227697,4.518061,0.0031439,-0.7965206,0.0419977,0.6031428
1788232714670001664,OK,1,0,13.8019,0.342666,0,1178,0,-2.527890,0.232375,4.507641,0.0033822,-0.7996270,0.0424354,0.5989862
1788232714703338240,OK,1,0,12.7678,0.346208,0,1154,0,-2.538578,0.232264,4.500185,0.0035687,-0.8026145,0.0425542,0.5949677
1788232714736674560,OK,1,0,13.4803,0.349208,0,1157,0,-2.550991,0.232497,4.492572,0.0034927,-0.8058109,0.0427374,0.5906184
1788232714770010624,OK,1,0,13.8519,0.349916,0,1241,0,-2.561671,0.232508,4.482472,0.0034001,-0.8089934,0.0428373,0.5862449
1788232714803347200,OK,1,0,14.021,0.333584,0,1309,0,-2.572762,0.230412,4.474150,0.0027117,-0.8122709,0.0428284,0.5816996
1788232714836683264,OK,1,0,14.1144,0.354209,0,1219,0,-2.581148,0.232826,4.465306,0.0030173,-0.8152331,0.0433242,0.5775025
1788232714870019840,OK,1,0,14.4173,0.375,0,1340,0,-2.594016,0.232366,4.458377,0.0032415,-0.8185160,0.0437672,0.5728050
1788232714903355904,OK,1,0,14.0879,0.319708,0,1162,0,-2.605077,0.233847,4.446515,0.0036317,-0.8217564,0.0442149,0.5681095
1788232714936692224,OK,1,0,16.0121,0.319375,0,1387,0,-2.616916,0.232837,4.437842,0.0033855,-0.8251249,0.0444498,0.5631889
1788232714970028032,OK,1,0,15.0689,0.356375,0,1230,0,-2.627665,0.234364,4.430041,0.0037813,-0.8283324,0.0449583,0.5584173
1788232715003364352,OK,1,0,14.5139,0.350625,0,1210,0,-2.634161,0.229560,4.419228,0.0036967,-0.8312764,0.0448041,0.5540383
1788232715036700416,OK,1,0,13.99,0.342916,0,1287,0,-2.646791,0.228012,4.408536,0.0039768,-0.8346801,0.0443794,0.5489296
1788232715070036480,OK,1,0,14.8908,0.339667,0,1274,0,-2.659193,0.232545,4.397593,0.0045780,-0.8379707,0.0443482,0.5438910
1788232715103372544,OK,1,0,15.6801,0.3335,0,1253,0,-2.667409,0.231708,4.385613,0.0050673,-0.8410863,0.0437709,0.5391033
1788232715136707584,OK,1,0,16.5686,0.330917,0,1210,0,-2.673481,0.226969,4.372750,0.0046467,-0.8441581,0.0432140,0.5343297
1788232715170046976,OK,1,0,16.2925,0.341791,0,1348,0,-2.685502,0.226448,4.362676,0.0045778,-0.8478321,0.0431888,0.5284832
1788232715203390976,OK,1,0,15.7338,0.347083,0,1318,0,-2.698867,0.225445,4.352198,0.0043760,-0.8513362,0.0436535,0.5227828
1788232715236735232,OK,1,0,15.6979,0.348166,0,1286,0,-2.706326,0.225700,4.343040,0.0045404,-0.8544759,0.0442452,0.5175835
1788232715270078976,OK,1,0,16.3188,0.347667,0,1242,0,-2.719263,0.227031,4.331749,0.0046432,-0.8576394,0.0449835,0.5122592
1788232715303423232,OK,1,0,15.6652,0.333792,0,1235,0,-2.727987,0.224419,4.321820,0.0045646,-0.8608785,0.0450467,0.5067921
1788232715336767488,OK,1,0,16.0743,0.367667,0,1348,0,-2.736270,0.225420,4.309649,0.0048881,-0.8639209,0.0453086,0.5015616
1788232715370111744,OK,1,0,16.0415,0.3165,0,1259,0,-2.746645,0.227860,4.297057,0.0050337,-0.8669630,0.0456012,0.4962563
1788232715403456000,OK,1,0,17.1261,0.317667,0,1320,0,-2.759105,0.229716,4.284923,0.0053963,-0.8702008,0.0455535,0.4905573
1788232715436800256,OK,1,0,16.061,0.330917,0,1292,0,-2.769637,0.224972,4.271266,0.0054740,-0.8733233,0.0449164,0.4850349
1788232715470144768,OK,1,0,16.742,0.32725,0,1253,0,-2.780945,0.226397,4.257849,0.0059478,-0.8764557,0.0449982,0.4793384
1788232715503489024,OK,1,0,16.4977,0.348541,0,1297,0,-2.787965,0.227252,4.245617,0.0055871,-0.8793869,0.0451642,0.4739279
1788232715536833536,OK,1,0,16.0537,0.338541,0,1261,0,-2.796273,0.223513,4.234716,0.0053791,-0.8823562,0.0452842,0.4683673
1788232715570176768,OK,1,0,16.1693,0.350417,0,1227,0,-2.803699,0.222122,4.224435,0.0054196,-0.8853500,0.0461231,0.4625999
1788232715603521280,OK,1,0,16.4827,0.386667,0,1461,0,-2.808326,0.224276,4.213999,0.0056758,-0.8882169,0.0470701,0.4569716
1788232715636865792,OK,1,0,16.825,0.38525,0,1406,0,-2.817801,0.223942,4.201126,0.0056800,-0.8912016,0.0478257,0.4510434
1788232715670210560,OK,1,0,18.2205,0.313125,0,1292,0,-2.820252,0.228436,4.188708,0.0064884,-0.8938846,0.0488897,0.4455762
1788232715703554816,OK,1,0,15.9106,0.345167,0,1251,0,-2.825780,0.225462,4.177450,0.0063895,-0.8969405,0.0487646,0.4394076
1788232715736899328,OK,1,0,16.4647,0.342875,0,1281,0,-2.835149,0.224687,4.163619,0.0058582,-0.9000194,0.0486740,0.4330839
1788232715770244096,OK,1,0,17.7935,0.31325,0,1450,0,-2.833044,0.223314,4.149189,0.0065186,-0.9026685,0.0482569,0.4275727
1788232715803588608,OK,1,0,16.5341,0.317583,0,1419,0,-2.839378,0.226336,4.137417,0.0072971,-0.9057397,0.0484285,0.4209954
1788232715836933376,OK,1,0,16.4943,0.361667,0,1341,0,-2.843597,0.224930,4.124329,0.0071277,-0.9085579,0.0483025,0.4148959
1788232715870278144,OK,1,0,17.315,0.326125,0,1327,0,-2.847804,0.224609,4.112866,0.0071304,-0.9112247,0.0489242,0.4089317
1788232715903622912,OK,1,0,16.6384,0.334792,0,1268,0,-2.849175,0.223217,4.101975,0.0072736,-0.9138445,0.0494395,0.4029777
1788232715936967424,OK,1,0,17.2821,0.339,0,1396,0,-2.855338,0.222507,4.090703,0.0066965,-0.9167771,0.0496605,0.3962432
1788232715970312448,OK,1,0,16.4091,0.380125,0,1292,0,-2.857908,0.224973,4.076059,0.0068286,-0.9193348,0.0501346,0.3902093
1788232716003656192,OK,1,0,16.3686,0.331125,0,1220,0,-2.861825,0.220491,4.063089,0.0065478,-0.9220077,0.0499815,0.3838761
1788232716037001216,OK,1,0,15.9911,0.343791,0,1161,0,-2.867776,0.220657,4.050597,0.0070998,-0.9248982,0.0500797,0.3768355
1788232716070345984,OK,1,0,16.9562,0.345042,0,1186,0,-2.867811,0.217857,4.038203,0.0067851,-0.9274775,0.0499842,0.3704605
1788232716103691008,OK,1,0,17.9755,0.358084,0,1177,0,-2.875513,0.220006,4.026415,0.0071164,-0.9300648,0.0507582,0.3638029
1788232716137035776,OK,1,0,16.2928,0.330209,0,1171,0,-2.876114,0.217861,4.013551,0.0070464,-0.9324785,0.0512834,0.3574972
1788232716170379520,OK,1,0,19.0455,0.369875,0,1144,0,-2.878773,0.216072,3.999706,0.0067899,-0.9350566,0.0511433,0.3507240
1788232716203721728,OK,1,0,16.3791,0.323708,0,1140,0,-2.881148,0.215477,3.986184,0.0065467,-0.9374834,0.0511472,0.3441889
1788232716237063680,OK,1,0,17.0879,0.323333,0,1105,0,-2.885436,0.216236,3.974378,0.0071221,-0.9399047,0.0509817,0.3375341
1788232716270405888,OK,1,0,18.8142,0.370041,0,1095,0,-2.885547,0.215020,3.958776,0.0074954,-0.9422354,0.0510915,0.3309471
1788232716303747840,OK,1,0,16.2383,0.343833,0,1107,0,-2.888745,0.215258,3.947902,0.0075152,-0.9446406,0.0512016,0.3240001
1788232716337089792,OK,1,0,15.689,0.348708,0,1085,0,-2.893705,0.213352,3.935693,0.0071026,-0.9468361,0.0514783,0.3174916
1788232716370432000,OK,1,0,17.3419,0.380709,0,1007,0,-2.894124,0.209257,3.923862,0.0068538,-0.9490737,0.0516212,0.3107208
1788232716403773952,OK,1,0,15.8145,0.357667,0,1352,0,-2.901460,0.212065,3.909138,0.0070154,-0.9514535,0.0518759,0.3033083
1788232716437115904,OK,1,0,16.0585,0.340958,0,1188,0,-2.904391,0.212396,3.895460,0.0068887,-0.9535361,0.0520024,0.2966771
1788232716470457088,OK,1,0,16.0312,0.345333,0,1142,0,-2.908681,0.215752,3.880660,0.0073380,-0.9555994,0.0525109,0.2898594
1788232716503799040,OK,1,0,29.0844,0.347917,0,1175,0,-2.903920,0.215810,3.863181,0.0077708,-0.9574836,0.0526607,0.2835340
1788232716537140992,OK,1,0,16.0274,0.361417,0,1135,0,-2.904577,0.215702,3.851542,0.0074714,-0.9594976,0.0525422,0.2766727
1788232716570483200,OK,1,0,15.5856,0.326583,0,1221,0,-2.912257,0.214146,3.839774,0.0071088,-0.9614843,0.0527794,0.2696512
1788232716603825152,OK,1,0,15.2937,0.323959,0,1219,0,-2.909147,0.216975,3.822041,0.0082870,-0.9631326,0.0533981,0.2635445
1788232716637167360,OK,1,0,17.7233,0.339,0,1437,0,-2.912127,0.209945,3.812891,0.0076330,-0.9651194,0.0532447,0.2562252
1788232716670509312,OK,1,0,16.9571,0.337875,0,1391,0,-2.906962,0.208731,3.803214,0.0074909,-0.9668285,0.0532689,0.2496976
1788232716703851264,OK,1,0,16.4689,0.317625,0,1383,0,-2.910897,0.209058,3.786036,0.0079588,-0.9685052,0.0535881,0.2430280
1788232716737193472,OK,1,0,15.5516,0.330084,0,1306,0,-2.902211,0.207797,3.774375,0.0083352,-0.9700718,0.0536428,0.2366722
1788232716770535424,OK,1,0,16.3775,0.343667,0,1230,0,-2.912596,0.207144,3.757104,0.0078604,-0.9719216,0.0532316,0.2290700
1788232716803877376,OK,1,0,15.861,0.344917,0,1222,0,-2.913728,0.203703,3.743728,0.0074363,-0.9735408,0.0527893,0.2222079
1788232716837219840,OK,1,0,15.5694,0.318791,0,1182,0,-2.909321,0.202843,3.729189,0.0079539,-0.9749972,0.0529550,0.2156686
1788232716870561792,OK,1,0,15.1359,0.357625,0,1328,0,-2.910679,0.200812,3.715357,0.0080551,-0.9765784,0.0529969,0.2083773
1788232716903902720,OK,1,0,15.4345,0.339125,0,1221,0,-2.912576,0.201053,3.700825,0.0078257,-0.9780419,0.0532226,0.2013462
1788232716937244928,OK,1,0,16.8412,0.364959,0,1190,0,-2.910681,0.201011,3.686096,0.0079529,-0.9793465,0.0537054,0.1947637
1788232716970586880,OK,1,0,28.3586,0.328792,0,1232,0,-2.910997,0.198196,3.672630,0.0078573,-0.9805924,0.0540560,0.1882944
1788232717003928832,OK,1,0,16.028,0.361041,0,1212,0,-2.915461,0.196838,3.661464,0.0075081,-0.9818354,0.0542144,0.1816694
1788232717037271040,OK,1,0,15.4351,0.301916,0,1181,0,-2.914922,0.195332,3.647865,0.0074094,-0.9829656,0.0539914,0.1755241
1788232717070612992,OK,1,0,15.3172,0.319417,0,1291,0,-2.915787,0.196234,3.634002,0.0076875,-0.9841179,0.0537216,0.1690173
1788232717103955200,OK,1,0,16.1669,0.336291,0,1359,0,-2.912216,0.194254,3.618675,0.0080221,-0.9851541,0.0533711,0.1629680
1788232717137297152,OK,1,0,17.4804,0.361917,0,1692,0,-2.911998,0.191803,3.606695,0.0080872,-0.9861474,0.0530402,0.1569546
1788232717170638592,OK,1,0,18.6811,0.335333,0,1764,0,-2.911451,0.192236,3.593511,0.0079582,-0.9869798,0.0530368,0.1516401
1788232717203979008,OK,1,0,19.8289,0.3405,0,1869,0,-2.908610,0.192700,3.580025,0.0081911,-0.9876757,0.0534877,0.1468634
1788232717237319424,OK,1,0,19.5447,0.346792,0,1861,0,-2.912500,0.191918,3.569623,0.0080283,-0.9883841,0.0541082,0.1417910
1788232717270659584,OK,1,0,19.6827,0.3445,0,1785,0,-2.910550,0.190248,3.556618,0.0079818,-0.9890409,0.0545240,0.1369733
1788232717304000000,OK,1,0,19.1049,0.317708,0,1639,0,-2.910457,0.189639,3.547192,0.0075549,-0.9897110,0.0548548,0.1319316
1788232717337339136,OK,1,0,18.7359,0.340209,0,1491,0,-2.909005,0.189536,3.535179,0.0077432,-0.9902856,0.0554795,0.1272659
1788232717370679552,OK,1,0,17.1953,0.314166,0,1536,0,-2.909337,0.188000,3.523940,0.0079651,-0.9908873,0.0557098,0.1223738
1788232717404019712,OK,1,0,17.036,0.340875,0,1363,0,-2.906650,0.188634,3.509692,0.0081596,-0.9914618,0.0558496,0.1175493
1788232717437359872,OK,1,0,16.3368,0.352209,0,1473,0,-2.903946,0.187208,3.496430,0.0083361,-0.9920177,0.0557880,0.1127794
1788232717470700288,OK,1,0,17.252,0.341625,0,1389,0,-2.902352,0.186628,3.483940,0.0085287,-0.9925225,0.0560216,0.1081114
1788232717504040192,OK,1,0,17.2051,0.321209,0,1355,0,-2.900859,0.186696,3.473086,0.0087207,-0.9930179,0.0562928,0.1032990
1788232717537380352,OK,1,0,18.3546,0.299709,0,1314,0,-2.900531,0.185221,3.460286,0.0084750,-0.9935092,0.0566257,0.0982915
1788232717570720512,OK,1,0,15.8777,0.374458,0,1309,0,-2.898359,0.184023,3.448695,0.0082062,-0.9939085,0.0571349,0.0938841
1788232717604060672,OK,1,0,15.4039,0.3495,0,1227,0,-2.896750,0.178762,3.436804,0.0082818,-0.9943091,0.0571158,0.0895472
1788232717637400576,OK,1,0,15.1813,0.351833,0,1221,0,-2.895041,0.180742,3.424314,0.0084139,-0.9947214,0.0573914,0.0846455
1788232717670740736,OK,1,0,14.7695,0.346333,0,1231,0,-2.894060,0.180452,3.410469,0.0085013,-0.9951310,0.0570614,0.0799123
1788232717704080896,OK,1,0,15.5557,0.364208,0,1216,0,-2.894595,0.179947,3.399191,0.0089589,-0.9954608,0.0568168,0.0758249
1788232717737420544,OK,1,0,15.4102,0.355458,0,1196,0,-2.894231,0.181122,3.385932,0.0094015,-0.9957368,0.0568583,0.0720207
1788232717770760704,OK,1,0,17.4954,0.337041,0,1193,0,-2.889029,0.178796,3.371062,0.0097296,-0.9959991,0.0567678,0.0683266
1788232717804099584,OK,1,0,14.9285,0.341625,0,1179,0,-2.888628,0.179457,3.359881,0.0090661,-0.9962838,0.0568621,0.0640555
1788232717837439744,OK,1,0,15.8301,0.333458,0,1182,0,-2.889601,0.178624,3.347347,0.0086325,-0.9964483,0.0571485,0.0612401
1788232717870779648,OK,1,0,15.1581,0.376208,0,1154,0,-2.889955,0.177415,3.336351,0.0084557,-0.9965628,0.0571893,0.0593339
1788232717904119296,OK,1,0,16.1328,0.321709,0,1174,0,-2.889623,0.174702,3.324300,0.0088102,-0.9966681,0.0569211,0.0577500
1788232717937459200,OK,1,0,16.6913,0.356125,0,1182,0,-2.889090,0.174951,3.309765,0.0091842,-0.9967801,0.0564314,0.0562199
1788232717970799104,OK,1,0,15.2632,0.334916,0,1162,0,-2.888230,0.174818,3.295735,0.0095115,-0.9968779,0.0559864,0.0548593
1788232718004139008,OK,1,0,17.0963,0.333083,0,1147,0,-2.886841,0.173795,3.281721,0.0093376,-0.9969355,0.0557102,0.0541185
1788232718037478656,OK,1,0,16.0166,0.360416,0,1153,0,-2.891122,0.174134,3.268858,0.0091105,-0.9969416,0.0556526,0.0541034
1788232718070818304,OK,1,0,15.3247,0.35575,0,1141,0,-2.894264,0.171506,3.257022,0.0091354,-0.9969739,0.0555999,0.0535564
1788232718104158208,OK,1,0,14.3576,0.352541,0,1142,0,-2.895137,0.171445,3.243593,0.0087437,-0.9970247,0.0557390,0.0525216
1788232718137498112,OK,1,0,14.4649,0.355792,0,1121,0,-2.895931,0.172237,3.230121,0.0086654,-0.9970455,0.0558002,0.0520731
1788232718170839808,OK,1,0,16.5442,0.323417,0,1132,0,-2.897368,0.168557,3.219814,0.0088573,-0.9970654,0.0558115,0.0516449
1788232718204184576,OK,1,0,15.2721,0.341625,0,1135,0,-2.895360,0.168697,3.203686,0.0089865,-0.9970567,0.0560271,0.0515589
1788232718237528576,OK,1,0,16.2342,0.3545,0,1140,0,-2.897830,0.169183,3.192706,0.0092072,-0.9970868,0.0561199,0.0508318
1788232718270873600,OK,1,0,16.4082,0.325125,0,1117,0,-2.898736,0.165882,3.179584,0.0089203,-0.9971616,0.0555459,0.0500384
1788232718304218368,OK,1,0,15.0192,0.328209,0,1121,0,-2.900962,0.165446,3.166224,0.0086014,-0.9972046,0.0552988,0.0495087
1788232718337563136,OK,1,0,16.6726,0.3385,0,1123,0,-2.903817,0.165313,3.155401,0.0082323,-0.9972287,0.0554365,0.0489273
1788232718370908160,OK,1,0,14.3956,0.34475,0,1094,0,-2.902488,0.163253,3.143493,0.0078642,-0.9972504,0.0555091,0.0484616
1788232718404253440,OK,1,0,17.482,0.3485,0,1089,0,-2.902754,0.162978,3.131101,0.0078265,-0.9972429,0.0558877,0.0481870
1788232718437598464,OK,1,0,14.8447,0.338709,0,1460,0,-2.905361,0.162663,3.116419,0.0077424,-0.9972897,0.0560335,0.0470496
1788232718470943488,OK,1,0,16.3088,0.319333,0,1320,0,-2.907040,0.161689,3.104891,0.0074041,-0.9973984,0.0557127,0.0451396
1788232718504288512,OK,1,0,16.2751,0.360083,0,1324,0,-2.914083,0.163666,3.094863,0.0069215,-0.9975060,0.0559028,0.0425308
1788232718537633792,OK,1,0,16.1017,0.350959,0,1337,0,-2.914013,0.163004,3.083161,0.0070918,-0.9975702,0.0558725,0.0410097
1788232718570979072,OK,1,0,16.1357,0.343541,0,1515,0,-2.910860,0.161502,3.068699,0.0073913,-0.9976565,0.0558866,0.0387759
1788232718604324096,OK,1,0,16.0288,0.357083,0,1436,0,-2.906759,0.162041,3.055555,0.0075253,-0.9977904,0.0556630,0.0354869
1788232718637669376,OK,1,0,16.8425,0.362709,0,1420,0,-2.905763,0.161609,3.042221,0.0074608,-0.9979206,0.0553503,0.0321750
1788232718671013632,OK,1,0,15.9205,0.362875,0,1420,0,-2.906485,0.159547,3.031640,0.0073560,-0.9980131,0.0554612,0.0289789
1788232718704359168,OK,1,0,18.6313,0.336791,0,1372,0,-2.903485,0.157508,3.019083,0.0070288,-0.9981281,0.0551640,0.0254534
1788232718737704448,OK,1,0,15.8891,0.346792,0,1346,0,-2.901682,0.157244,3.005992,0.0071610,-0.9982188,0.0551202,0.0216749
1788232718771049728,OK,1,0,15.9758,0.371792,0,1324,0,-2.899405,0.158351,2.994266,0.0069624,-0.9983081,0.0550126,0.0174980
1788232718804395264,OK,1,0,15.188,0.354292,0,1351,0,-2.894324,0.159867,2.979650,0.0073308,-0.9983795,0.0547362,0.0137366
1788232718837740800,OK,1,0,17.8104,0.357167,0,1308,0,-2.891643,0.157801,2.964290,0.0076141,-0.9984770,0.0538146,0.0094699
1788232718871086080,OK,1,0,15.2545,0.351833,0,1291,0,-2.884409,0.159344,2.949156,0.0078402,-0.9985256,0.0534620,0.0051902
1788232718904431616,OK,1,0,16.8521,0.359792,0,1291,0,-2.884073,0.157523,2.937045,0.0075505,-0.9985644,0.0530302,0.0002145
1788232718937777408,OK,1,0,17.5738,0.338709,0,1305,0,-2.879025,0.159292,2.923203,-0.0074237,0.9985398,-0.0533646,0.0039247
1788232718971122688,OK,1,0,15.2213,0.357958,0,1289,0,-2.875737,0.156676,2.911699,-0.0069790,0.9985282,-0.0531479,0.0082457
1788232719004468480,OK,1,0,17.544,0.3725,0,1270,0,-2.874476,0.152957,2.900474,-0.0070553,0.9984872,-0.0530693,0.0125370
1788232719037814016,OK,1,0,14.6002,0.324083,0,1230,0,-2.870153,0.155934,2.886986,-0.0069694,0.9983879,-0.0536943,0.0170313
1788232719071159552,OK,1,0,13.3141,0.347208,0,1200,0,-2.867166,0.153387,2.876603,-0.0071048,0.9983042,-0.0534801,0.0218678
1788232719104505344,OK,1,0,15.7028,0.332209,0,1184,0,-2.862669,0.152599,2.864100,-0.0070987,0.9981841,-0.0535562,0.0266419
1788232719137850112,OK,1,0,14.0868,0.331792,0,1155,0,-2.855865,0.150962,2.851057,-0.0070918,0.9980783,-0.0528997,0.0314786
1788232719171194112,OK,1,0,13.5555,0.364375,0,1133,0,-2.851779,0.153689,2.840052,-0.0070341,0.9978986,-0.0530038,0.0365994
1788232719204537856,OK,1,0,15.0411,0.338041,0,1106,0,-2.848774,0.150480,2.827281,-0.0071808,0.9977041,-0.0528239,0.0417680
1788232719237881856,OK,1,0,13.8368,0.357833,0,1081,0,-2.842683,0.150599,2.813473,-0.0072464,0.9975007,-0.0527677,0.0464274
1788232719271225600,OK,1,0,14.5275,0.341625,0,1057,0,-2.836366,0.149454,2.801640,-0.0073165,0.9973012,-0.0523010,0.0510041
1788232719304569344,OK,1,0,14.0024,0.343917,0,1034,0,-2.827119,0.146342,2.787794,-0.0081912,0.9970751,-0.0518390,0.0555597
1788232719337913344,OK,1,0,14.9641,0.333083,0,1005,0,-2.817845,0.149112,2.781206,-0.0080793,0.9967303,-0.0526444,0.0607617
1788232719371257088,OK,1,0,12.8495,0.344417,0,960,0,-2.817255,0.147665,2.771352,-0.0075349,0.9963610,-0.0528133,0.0664745
1788232719404601088,OK,1,0,13.2757,0.362709,0,1173,0,-2.813374,0.145254,2.761114,-0.0073401,0.9959776,-0.0530366,0.0718466
1788232719437945088,OK,1,0,15.5747,0.333166,0,1252,0,-2.804163,0.146077,2.750660,-0.0073756,0.9955631,-0.0536023,0.0769836
1788232719471288832,OK,1,0,13.7276,0.321334,0,1117,0,-2.798434,0.144176,2.739102,-0.0077220,0.9951245,-0.0533614,0.0825845
1788232719504632832,OK,1,0,12.6576,0.336,0,1053,0,-2.788965,0.144110,2.725845,-0.0075576,0.9946792,-0.0529200,0.0880665
1788232719537976832,OK,1,0,14.5779,0.335625,0,1028,0,-2.781614,0.142511,2.712835,-0.0077861,0.9941574,-0.0526578,0.0939018
1788232719571319552,OK,1,0,13.112,0.323417,0,956,0,-2.772911,0.143194,2.702545,-0.0084968,0.9935898,-0.0526926,0.0996529
1788232719604663552,OK,1,0,12.9353,0.342375,0,940,0,-2.764138,0.144569,2.688983,-0.0082391,0.9929565,-0.0525172,0.1058843
1788232719638007552,OK,1,0,14.6196,0.337625,0,965,0,-2.758359,0.143954,2.678604,-0.0078528,0.9923211,-0.0520183,0.1119433
1788232719671351552,OK,1,0,14.5413,0.325125,0,946,0,-2.749818,0.144254,2.666922,-0.0077438,0.9916761,-0.0524593,0.1173312
1788232719704695552,OK,1,0,13.138,0.344541,0,889,0,-2.741452,0.141132,2.657639,-0.0082243,0.9909791,-0.0522314,0.1231452
1788232719738039552,OK,1,0,14.4174,0.346417,0,891,0,-2.734802,0.139829,2.647138,-0.0086167,0.9902150,-0.0519145,0.1292477
1788232719771383552,OK,1,0,13.3618,0.36225,0,890,0,-2.726681,0.141598,2.636180,-0.0080612,0.9894407,-0.0518791,0.1350951
1788232719804727552,OK,1,0,14.0613,0.358375,0,860,0,-2.719695,0.140892,2.626864,-0.0084067,0.9886028,-0.0519596,0.1410461
1788232719838071552,OK,1,0,13.843,0.337125,0,824,0,-2.713929,0.139181,2.621208,-0.0081862,0.9876985,-0.0517332,0.1473375
1788232719871415808,OK,1,0,12.365,0.332,0,801,0,-2.707262,0.138874,2.612115,-0.0073101,0.9867354,-0.0517433,0.1536961
1788232719904759808,OK,1,0,12.2547,0.314583,0,806,0,-2.699059,0.137705,2.601788,-0.0068958,0.9857859,-0.0520125,0.1596038
1788232719938103808,OK,1,0,12.6456,0.363458,0,781,0,-2.688647,0.138285,2.590338,-0.0065493,0.9847736,-0.0524449,0.1656127
1788232719971447808,OK,1,0,13.8803,0.3015,0,752,0,-2.680746,0.136896,2.583110,-0.0069817,0.9836478,-0.0520349,0.1722811
1788232720004791040,OK,1,0,14.2577,0.318542,0,750,0,-2.667896,0.137696,2.567952,-0.0071505,0.9825876,-0.0513513,0.1784196
1788232720038135040,OK,1,0,12.6207,0.326125,0,752,0,-2.659769,0.135190,2.560705,-0.0073663,0.9815524,-0.0507579,0.1841853
1788232720071479040,OK,1,0,12.6268,0.336041,0,724,0,-2.646307,0.133810,2.551925,-0.0073318,0.9803870,-0.0509691,0.1902362
1788232720104823296,OK,1,0,13.0621,0.340541,0,904,0,-2.635528,0.134106,2.544952,-0.0074353,0.9791659,-0.0507585,0.1964752
1788232720138167296,OK,1,0,13.7784,0.313833,0,1001,0,-2.626227,0.133868,2.536423,-0.0076641,0.9779783,-0.0507015,0.2023094
1788232720171511552,OK,1,0,14.187,0.285833,0,910,0,-2.614341,0.132502,2.525467,-0.0073387,0.9767539,-0.0504416,0.2082153
1788232720204858112,OK,1,0,13.9192,0.354583,0,870,0,-2.606385,0.131459,2.517341,-0.0070660,0.9752981,-0.0500030,0.2150428
1788232720238204928,OK,1,0,13.4864,0.34225,0,846,0,-2.597846,0.132246,2.510364,-0.0065484,0.9739398,-0.0498261,0.2211693
1788232720271551488,OK,1,0,13.9652,0.317792,0,813,0,-2.584836,0.133325,2.495198,-0.0061608,0.9726156,-0.0498542,0.2269263
1788232720304898560,OK,1,0,14.0651,0.353208,0,816,0,-2.574199,0.132902,2.489523,-0.0065916,0.9711919,-0.0499600,0.2329095
1788232720338245120,OK,1,0,13.2808,0.342292,0,800,0,-2.562257,0.132047,2.482229,-0.0067441,0.9698184,-0.0496265,0.2386298
1788232720371591936,OK,1,0,16.7208,0.328334,0,765,0,-2.554454,0.131652,2.475782,-0.0061519,0.9683031,-0.0495687,0.2447328
1788232720404939008,OK,1,0,13.4986,0.340375,0,756,0,-2.541916,0.132004,2.464142,-0.0056151,0.9668641,-0.0493022,0.2504228
1788232720438285824,OK,1,0,13.0783,0.359125,0,753,0,-2.531814,0.132157,2.455245,-0.0061302,0.9652274,-0.0496221,0.2565857
1788232720471631872,OK,1,0,13.9337,0.371833,0,726,0,-2.520029,0.130752,2.448579,-0.0065647,0.9636096,-0.0496290,0.2625840
1788232720504978944,OK,1,0,12.997,0.343334,0,676,0,-2.511022,0.130885,2.444043,-0.0063798,0.9619600,-0.0495492,0.2685837
1788232720538326016,OK,1,0,12.2438,0.369917,0,687,0,-2.498951,0.131667,2.433279,-0.0060881,0.9603328,-0.0495302,0.2743551
1788232720571673088,OK,1,0,14.2109,0.352292,0,652,0,-2.484049,0.131040,2.421893,-0.0060407,0.9587238,-0.0491536,0.2799929
1788232720605020160,OK,1,0,13.0703,0.367541,0,609,0,-2.474730,0.130562,2.415022,-0.0061944,0.9570086,-0.0488596,0.2858477
1788232720638367488,OK,1,0,14.4911,0.333541,0,602,0,-2.463708,0.132599,2.406225,-0.0061266,0.9555474,-0.0489119,0.2906876
1788232720671714816,OK,1,0,12.9245,0.370334,0,590,0,-2.453357,0.130038,2.401476,-0.0069266,0.9543263,-0.0484110,0.2947366
1788232720705061888,OK,1,0,12.852,0.348875,0,593,0,-2.442891,0.127699,2.391384,-0.0067434,0.9529915,-0.0477922,0.2991281
1788232720738409472,OK,1,0,12.7061,0.361166,0,577,0,-2.434707,0.129494,2.388978,-0.0071482,0.9516441,-0.0481658,0.3033192
1788232720771756800,OK,1,0,13.4827,0.341833,0,546,0,-2.426291,0.127563,2.381446,-0.0055960,0.9502598,-0.0479612,0.3076926
1788232720805104128,OK,1,0,11.6807,0.34275,0,595,0,-2.412676,0.125215,2.370557,-0.0056240,0.9490604,-0.0484950,0.3112893
1788232720838451712,OK,1,0,12.9429,0.3475,0,912,0,-2.405370,0.122679,2.361526,-0.0047496,0.9478519,-0.0484341,0.3149738
1788232720871799040,OK,1,0,14.1483,0.33325,0,1090,0,-2.395913,0.123116,2.355755,-0.0046500,0.9466044,-0.0487113,0.3186622
1788232720905145600,OK,1,0,14.3799,0.331625,0,1045,0,-2.386084,0.121769,2.347325,-0.0044773,0.9452642,-0.0485233,0.3226470
1788232720938493184,OK,1,0,14.7619,0.350542,0,1017,0,-2.376004,0.123270,2.338728,-0.0042730,0.9439641,-0.0484063,0.3264512
1788232720971840768,OK,1,0,14.4358,0.349209,0,1010,0,-2.364098,0.122319,2.331066,-0.0043228,0.9427875,-0.0478750,0.3299108
1788232721005188352,OK,1,0,14.3866,0.351791,0,966,0,-2.352182,0.122890,2.321980,-0.0046526,0.9413812,-0.0476073,0.3339361
1788232721038536192,OK,1,0,14.7069,0.36625,0,942,0,-2.342455,0.122964,2.315727,-0.0046616,0.9400307,-0.0479277,0.3376737
1788232721071884032,OK,1,0,14.3192,0.362,0,936,0,-2.333098,0.122551,2.310510,-0.0048179,0.9387358,-0.0478885,0.3412602
1788232721105231616,OK,1,0,14.5947,0.378084,0,908,0,-2.322892,0.121416,2.301360,-0.0047328,0.9373105,-0.0476588,0.3451888
1788232721138579712,OK,1,0,16.9668,0.400167,0,878,0,-2.311207,0.119751,2.293956,-0.0050603,0.9359835,-0.0478800,0.3487361
1788232721171927296,OK,1,0,14.725,0.355958,0,863,0,-2.301547,0.119761,2.287738,-0.0044185,0.9344616,-0.0484191,0.3527288
1788232721205264128,OK,1,0,13.904,0.345708,0,856,0,-2.292854,0.121749,2.280202,-0.0035119,0.9329781,-0.0489012,0.3565786
1788232721238600704,OK,1,0,14.2889,0.358334,0,861,0,-2.284084,0.120393,2.274133,-0.0032783,0.9315547,-0.0488849,0.3602852
1788232721271937280,OK,1,0,14.1574,0.326458,0,818,0,-2.274284,0.116949,2.267184,-0.0028514,0.9301255,-0.0486871,0.3639890
1788232721305273856,OK,1,0,14.9797,0.33775,0,792,0,-2.262005,0.119832,2.261875,-0.0033000,0.9286354,-0.0493609,0.3676804
1788232721338609664,OK,1,0,13.4262,0.31975,0,771,0,-2.250322,0.119239,2.252081,-0.0034509,0.9270236,-0.0493292,0.3717285
1788232721371945984,OK,1,0,13.5502,0.30325,0,762,0,-2.239783,0.118993,2.245106,-0.0035856,0.9255178,-0.0490968,0.3754910
1788232721405282560,OK,1,0,13.3163,0.348625,0,767,0,-2.227112,0.118706,2.240901,-0.0041673,0.9242209,-0.0495043,0.3786131
1788232721438619136,OK,1,0,13.4114,0.36475,0,743,0,-2.217384,0.120234,2.232988,-0.0033697,0.9226653,-0.0497793,0.3823604
1788232721471955456,OK,1,0,13.5187,0.358375,0,689,0,-2.208806,0.119343,2.224252,-0.0031059,0.9209551,-0.0498946,0.3864487
1788232721505292032,OK,1,0,12.7887,0.31975,0,731,0,-2.196567,0.114211,2.228618,-0.0028601,0.9197662,-0.0500647,0.3892500
1788232721538628096,OK,1,0,15.4205,0.325125,0,734,0,-2.185930,0.113886,2.222388,-0.0029230,0.9181770,-0.0506164,0.3929128
1788232721571964672,OK,1,0,13.5186,0.386292,0,936,0,-2.173639,0.113200,2.220010,-0.0032562,0.9165798,-0.0505642,0.3966284
1788232721605300992,OK,1,0,16.6157,0.358083,0,1173,0,-2.162025,0.112379,2.214569,-0.0034863,0.9150229,-0.0502547,0.4002444
1788232721638637312,OK,1,0,15.1944,0.34675,0,1156,0,-2.149576,0.112582,2.206647,-0.0040408,0.9133072,-0.0501017,0.4041578
1788232721671973376,OK,1,0,15.4152,0.344625,0,1105,0,-2.137982,0.113209,2.201838,-0.0043862,0.9117761,-0.0504214,0.4075572
1788232721705309696,OK,1,0,14.553,0.327583,0,1102,0,-2.126032,0.112357,2.195307,-0.0042935,0.9103916,-0.0502967,0.4106566
1788232721738646016,OK,1,0,16.9732,0.348667,0,1064,0,-2.115394,0.112055,2.190429,-0.0037419,0.9092163,-0.0502376,0.4132648
1788232721771982080,OK,1,0,14.441,0.353916,0,1030,0,-2.106142,0.111627,2.184707,-0.0033832,0.9081761,-0.0507217,0.4154900
1788232721805317120,OK,1,0,15.098,0.336,0,1022,0,-2.096478,0.108493,2.176718,-0.0031516,0.9070968,-0.0503583,0.4178871
1788232721838653440,OK,1,0,14.5659,0.354292,0,1206,0,-2.084136,0.110040,2.170806,-0.0032717,0.9058570,-0.0505808,0.4205401
1788232721871989504,OK,1,0,14.1753,0.353333,0,1142,0,-2.072625,0.110135,2.163852,-0.0040015,0.9045370,-0.0506508,0.4233573
1788232721905325312,OK,1,0,14.2783,0.33225,0,1126,0,-2.062189,0.110051,2.159354,-0.0040636,0.9034498,-0.0502862,0.4257150
1788232721938661376,OK,1,0,15.7666,0.332292,0,1392,0,-2.049899,0.110374,2.152657,-0.0040147,0.9024655,-0.0499619,0.4278361
1788232721971997440,OK,1,0,17.7482,0.35175,0,1372,0,-2.038559,0.109827,2.146184,-0.0042060,0.9013684,-0.0501039,0.4301243
1788232722005333504,OK,1,0,15.8209,0.376083,0,1363,0,-2.029545,0.108177,2.141198,-0.0041027,0.9001960,-0.0503857,0.4325410
1788232722038669312,OK,1,0,14.7892,0.367208,0,1296,0,-2.018441,0.109104,2.134529,-0.0037495,0.8989537,-0.0503304,0.4351264
1788232722072005120,OK,1,0,14.5243,0.359792,0,1309,0,-2.007324,0.107720,2.128832,-0.0033908,0.8978453,-0.0498679,0.4374648
1788232722105341184,OK,1,0,14.79,0.335,0,1291,0,-1.996074,0.108655,2.119777,-0.0038948,0.8964436,-0.0501861,0.4402897
1788232722138676736,OK,1,0,15.377,0.330125,0,1243,0,-1.982499,0.106812,2.116536,-0.0045827,0.8953660,-0.0502641,0.4424616
1788232722172012800,OK,1,0,15.4216,0.344167,0,1239,0,-1.969169,0.107471,2.111753,-0.0048208,0.8941773,-0.0497641,0.4449126
1788232722205351168,OK,1,0,14.6358,0.342708,0,1209,0,-1.957654,0.109357,2.104655,-0.0045063,0.8928561,-0.0495414,0.4475862
1788232722238688768,OK,1,0,16.0437,0.341917,0,1206,0,-1.944220,0.108014,2.100533,-0.0043684,0.8918640,-0.0495405,0.4495612
1788232722272027136,OK,1,0,15.1899,0.371667,0,1194,0,-1.933937,0.107340,2.094043,-0.0039214,0.8906831,-0.0496865,0.4518843
1788232722305365504,OK,1,0,15.5506,0.369083,0,1161,0,-1.919273,0.107410,2.089169,-0.0035856,0.8895727,-0.0495294,0.4540864
1788232722338703872,OK,1,0,16.2646,0.33075,0,1188,0,-1.905787,0.114117,2.084266,-0.0032996,0.8883358,-0.0500187,0.4564502
1788232722372042496,OK,1,0,16.2316,0.359875,0,1174,0,-1.895360,0.109409,2.078521,-0.0038742,0.8871037,-0.0496414,0.4588767
1788232722405380864,OK,1,0,14.2709,0.345791,0,1187,0,-1.880748,0.114369,2.071729,-0.0034857,0.8859844,-0.0496881,0.4610322
1788232722438719232,OK,1,0,14.1487,0.340875,0,1143,0,-1.875312,0.109249,2.064719,-0.0039917,0.8846976,-0.0490206,0.4635636
1788232722472057600,OK,1,0,13.4222,0.368333,0,1100,0,-1.860298,0.112303,2.057337,-0.0041109,0.8834880,-0.0497435,0.4657872
1788232722505395968,OK,1,0,26.6827,0.3435,0,1175,0,-1.843219,0.107773,2.054247,-0.0043475,0.8830462,-0.0495730,0.4666402
1788232722538734336,OK,1,0,15.5741,0.343,0,1192,0,-1.833622,0.102931,2.048963,-0.0044709,0.8823518,-0.0490478,0.4680060
1788232722572072704,OK,1,0,15.5277,0.364125,0,1367,0,-1.817985,0.103374,2.042690,-0.0048644,0.8816692,-0.0490774,0.4692836
1788232722605411072,OK,1,0,16.3968,0.340041,0,1443,0,-1.805003,0.104371,2.039487,-0.0054537,0.8810687,-0.0494822,0.4703613
1788232722638749184,OK,1,0,15.6733,0.342958,0,1380,0,-1.793399,0.102679,2.033036,-0.0062470,0.8802966,-0.0489423,0.4718511
1788232722672086784,OK,1,0,16.2361,0.324709,0,1365,0,-1.778642,0.102656,2.027505,-0.0068933,0.8798193,-0.0483210,0.4727954
1788232722705425152,OK,1,0,15.9384,0.346542,0,1382,0,-1.768440,0.104705,2.019862,-0.0067009,0.8791292,-0.0484987,0.4740622
1788232722738763520,OK,1,0,15.708,0.360583,0,1379,0,-1.755617,0.106114,2.014731,-0.0064578,0.8788274,-0.0484933,0.4746253
1788232722772101632,OK,1,0,15.683,0.33525,0,1358,0,-1.743892,0.106016,2.006932,-0.0065368,0.8782074,-0.0482571,0.4757943
1788232722805440000,OK,1,0,15.2402,0.364583,0,1355,0,-1.735477,0.104147,2.000980,-0.0067166,0.8775416,-0.0483491,0.4770094
1788232722838778368,OK,1,0,15.3595,0.355042,0,1288,0,-1.721135,0.102479,1.995151,-0.0067994,0.8770949,-0.0481232,0.4778519
1788232722872116480,OK,1,0,16.752,0.39,0,1318,0,-1.710196,0.101331,1.987867,-0.0067830,0.8765080,-0.0480219,0.4789380
1788232722905454848,OK,1,0,16.0251,0.350541,0,1284,0,-1.699615,0.103047,1.982962,-0.0064903,0.8760003,-0.0484424,0.4798278
1788232722938792960,OK,1,0,15.682,0.309583,0,1308,0,-1.688440,0.101230,1.976506,-0.0065308,0.8754724,-0.0484535,0.4807886
1788232722972131328,OK,1,0,15.6108,0.311,0,1302,0,-1.679024,0.102180,1.972207,-0.0063807,0.8748729,-0.0485270,0.4818734
1788232723005469440,OK,1,0,16.8051,0.371333,0,1279,0,-1.666490,0.104023,1.966737,-0.0062398,0.8743406,-0.0487820,0.4828145
1788232723038807808,OK,1,0,15.3787,0.373,0,1266,0,-1.658217,0.099090,1.959866,-0.0062690,0.8737653,-0.0486558,0.4838672
1788232723072145920,OK,1,0,18.3111,0.365584,0,1255,0,-1.645103,0.102333,1.953772,-0.0061465,0.8733706,-0.0487481,0.4845716
1788232723105484288,OK,1,0,17.3518,0.315875,0,1236,0,-1.631777,0.102600,1.948538,-0.0063154,0.8730068,-0.0486393,0.4852357
1788232723138821632,OK,1,0,16.2015,0.339417,0,1313,0,-1.619540,0.103682,1.936181,-0.0061506,0.8721972,-0.0486508,0.4866901
1788232723172159744,OK,1,0,16.681,0.3355,0,1532,0,-1.606430,0.103082,1.929250,-0.0064092,0.8716047,-0.0480508,0.4878066
1788232723205508096,OK,1,0,16.6563,0.297291,0,1461,0,-1.596791,0.104038,1.922622,-0.0067346,0.8709955,-0.0482019,0.4888743
1788232723238856704,OK,1,0,16.337,0.301958,0,1436,0,-1.582309,0.105832,1.918907,-0.0067950,0.8706388,-0.0479757,0.4895307
1788232723272205056,OK,1,0,17.0621,0.376666,0,1381,0,-1.569612,0.105727,1.911965,-0.0070967,0.8701265,-0.0476493,0.4904681
1788232723305553664,OK,1,0,17.3164,0.332291,0,1394,0,-1.558561,0.104886,1.907455,-0.0076582,0.8695674,-0.0478305,0.4914328
1788232723338902272,OK,1,0,16.8605,0.363208,0,1392,0,-1.546886,0.104957,1.901139,-0.0074945,0.8688074,-0.0476887,0.4927914
1788232723372250880,OK,1,0,16.5584,0.350708,0,1363,0,-1.535678,0.106766,1.896597,-0.0071156,0.8682215,-0.0480030,0.4937980
1788232723405599488,OK,1,0,17.042,0.346209,0,1335,0,-1.523216,0.106530,1.890900,-0.0069977,0.8675880,-0.0484678,0.4948668
1788232723438948352,OK,1,0,16.1417,0.374167,0,1343,0,-1.513290,0.105743,1.886391,-0.0062006,0.8671780,-0.0484343,0.4955987
1788232723472296960,OK,1,0,17.1187,0.329666,0,1331,0,-1.505375,0.103098,1.879834,-0.0059529,0.8666611,-0.0481317,0.4965345
1788232723505645824,OK,1,0,16.82,0.34425,0,1311,0,-1.492011,0.100417,1.874177,-0.0064190,0.8660792,-0.0479313,0.4975625
1788232723538994688,OK,1,0,17.2894,0.389917,0,1261,0,-1.482427,0.104321,1.865496,-0.0057540,0.8652317,-0.0481509,0.4990215
1788232723572342272,OK,1,0,16.9892,0.390208,0,1258,0,-1.468431,0.105436,1.862828,-0.0060091,0.8649269,-0.0480519,0.4995562
1788232723605691136,OK,1,0,17.641,0.350375,0,1352,0,-1.459887,0.102823,1.857673,-0.0066154,0.8641832,-0.0472746,0.5009079
1788232723639040256,OK,1,0,16.5391,0.349666,0,1659,0,-1.445206,0.103339,1.853090,-0.0069526,0.8637530,-0.0475716,0.5016168
1788232723672389120,OK,1,0,18.4528,0.339875,0,1508,0,-1.433779,0.102337,1.847536,-0.0069750,0.8632271,-0.0473679,0.5025402
1788232723705738240,OK,1,0,17.0101,0.349625,0,1441,0,-1.423409,0.104088,1.841888,-0.0066518,0.8626614,-0.0473811,0.5035139
1788232723739087104,OK,1,0,16.6547,0.332417,0,1415,0,-1.413875,0.100937,1.836620,-0.0064697,0.8619980,-0.0475308,0.5046370
1788232723772436224,OK,1,0,15.944,0.341417,0,1453,0,-1.402619,0.100772,1.831920,-0.0060475,0.8616141,-0.0473281,0.5053164
1788232723805785344,OK,1,0,15.9702,0.357167,0,1410,0,-1.391969,0.100686,1.825464,-0.0061521,0.8608605,-0.0475410,0.5065780
1788232723839134464,OK,1,0,17.5726,0.325958,0,1405,0,-1.378847,0.100537,1.822034,-0.0064252,0.8603461,-0.0479634,0.5074080
1788232723872483840,OK,1,0,16.9289,0.380625,0,1394,0,-1.370569,0.100768,1.815655,-0.0061305,0.8596327,-0.0476208,0.5086516
1788232723905832960,OK,1,0,15.8003,0.331833,0,1342,0,-1.358530,0.102396,1.811088,-0.0061061,0.8587698,-0.0473881,0.5101291
1788232723939182336,OK,1,0,18.4857,0.335291,0,1370,0,-1.342823,0.103415,1.806551,-0.0065151,0.8579664,-0.0475566,0.5114582
1788232723972531456,OK,1,0,16.1255,0.342917,0,1336,0,-1.331116,0.102601,1.802570,-0.0064688,0.8568880,-0.0476384,0.5132560
1788232724005879808,OK,1,0,15.6843,0.340041,0,1292,0,-1.318685,0.105597,1.798694,-0.0062181,0.8554590,-0.0476734,0.5156339
1788232724039229184,OK,1,0,16.2115,0.337542,0,1375,0,-1.304033,0.101533,1.792633,-0.0064079,0.8539606,-0.0474480,0.5181302
1788232724072578816,OK,1,0,16.8277,0.368459,0,1386,0,-1.294399,0.103077,1.787757,-0.0055112,0.8526323,-0.0476983,0.5203005
1788232724105928192,OK,1,0,17.3392,0.338416,0,1818,0,-1.283788,0.103227,1.784946,-0.0051718,0.8513811,-0.0474532,0.5223712
1788232724139277824,OK,1,0,17.217,0.366666,0,1516,0,-1.273161,0.102999,1.781494,-0.0053038,0.8498247,-0.0476804,0.5248776
1788232724172627200,OK,1,0,16.6004,0.345459,0,1445,0,-1.257283,0.102561,1.779759,-0.0055248,0.8483271,-0.0473650,0.5273207
1788232724205963776,OK,1,0,16.2312,0.332375,0,1407,0,-1.244120,0.101955,1.777042,-0.0056240,0.8467728,-0.0467052,0.5298705
1788232724239300608,OK,1,0,16.095,0.376291,0,1423,0,-1.234201,0.100776,1.772264,-0.0058633,0.8449925,-0.0461912,0.5327474
1788232724272636928,OK,1,0,16.9223,0.375042,0,1406,0,-1.221686,0.100779,1.768355,-0.0060090,0.8433911,-0.0463548,0.5352631
1788232724305973760,OK,1,0,15.9486,0.396625,0,1382,0,-1.207160,0.100870,1.766566,-0.0061568,0.8418851,-0.0462942,0.5376323
1788232724339310080,OK,1,0,16.5379,0.384166,0,1354,0,-1.194838,0.098221,1.764693,-0.0059787,0.8403465,-0.0455445,0.5400997
1788232724372646400,OK,1,0,17.071,0.33525,0,1323,0,-1.182442,0.098947,1.760619,-0.0057258,0.8387543,-0.0458046,0.5425499
1788232724405982976,OK,1,0,15.9181,0.349792,0,1317,0,-1.171683,0.101337,1.757134,-0.0051789,0.8371597,-0.0459819,0.5449977
1788232724439319296,OK,1,0,15.3055,0.40725,0,1277,0,-1.157568,0.099620,1.756666,-0.0058953,0.8354969,-0.0457619,0.5475546
1788232724472654848,OK,1,0,17.7289,0.360291,0,1256,0,-1.143679,0.102644,1.755213,-0.0060181,0.8337837,-0.0459292,0.5501446
1788232724505990912,OK,1,0,15.8244,0.378917,0,1313,0,-1.129361,0.101089,1.752466,-0.0061412,0.8320634,-0.0460098,0.5527349
1788232724539327488,OK,1,0,16.2689,0.357625,0,1880,0,-1.117430,0.101756,1.748315,-0.0052641,0.8302926,-0.0459355,0.5554066
1788232724572663552,OK,1,0,17.6362,0.411458,0,1537,0,-1.105989,0.098327,1.746316,-0.0047963,0.8288757,-0.0457971,0.5575345
1788232724605999872,OK,1,0,16.2741,0.358625,0,1456,0,-1.096813,0.098889,1.743201,-0.0041811,0.8271239,-0.0463108,0.5600928
1788232724639335936,OK,1,0,17.0245,0.370875,0,1433,0,-1.085212,0.098396,1.741252,-0.0039687,0.8255503,-0.0465295,0.5623930
1788232724672672000,OK,1,0,16.4086,0.352708,0,1401,0,-1.072439,0.096645,1.741240,-0.0037727,0.8242078,-0.0463385,0.5643758
1788232724706008320,OK,1,0,18.4635,0.333917,0,1379,0,-1.061408,0.097414,1.736708,-0.0035396,0.8229250,-0.0468211,0.5662064
1788232724739344384,OK,1,0,18.2028,0.375625,0,1336,0,-1.047908,0.096306,1.736135,-0.0042243,0.8224263,-0.0475300,0.5668668
1788232724772680448,OK,1,0,16.4945,0.365666,0,1319,0,-1.036642,0.098212,1.731703,-0.0040438,0.8215161,-0.0478663,0.5681583
1788232724806016512,OK,1,0,17.2237,0.315208,0,1269,0,-1.023035,0.096582,1.728888,-0.0039853,0.8210682,-0.0478407,0.5688080
1788232724839352576,OK,1,0,17.2266,0.355458,0,1256,0,-1.013904,0.100400,1.725525,-0.0030965,0.8205405,-0.0484162,0.5695257
1788232724872688384,OK,1,0,16.7753,0.393791,0,1258,0,-1.001261,0.099223,1.721388,-0.0031496,0.8198627,-0.0484628,0.5704969
1788232724906023424,OK,1,0,16.236,0.369792,0,1220,0,-0.990139,0.097444,1.717321,-0.0032036,0.8191909,-0.0483190,0.5714730
1788232724939359488,OK,1,0,14.6469,0.359542,0,1173,0,-0.977167,0.099332,1.715142,-0.0034117,0.8185974,-0.0480647,0.5723430
1788232724972695296,OK,1,0,16.1049,0.348833,0,1220,0,-0.965071,0.099042,1.713670,-0.0042829,0.8177106,-0.0482070,0.5735914
1788232725006031104,OK,1,0,16.1006,0.357583,0,1875,0,-0.951733,0.100318,1.712305,-0.0040910,0.8173190,-0.0482438,0.5741475
1788232725039366912,OK,1,0,18.7055,0.331667,0,1448,0,-0.940519,0.099215,1.707881,-0.0041736,0.8167888,-0.0477762,0.5749401
1788232725072702720,OK,1,0,15.4416,0.334084,0,1417,0,-0.928114,0.101492,1.703512,-0.0038452,0.8161452,-0.0479579,0.5758405
1788232725106038272,OK,1,0,15.8962,0.34425,0,1370,0,-0.917102,0.100232,1.699958,-0.0036490,0.8153613,-0.0477276,0.5769703
1788232725139374080,OK,1,0,16.5508,0.365625,0,1334,0,-0.905395,0.100502,1.696084,-0.0032250,0.8146726,-0.0479554,0.5779260
1788232725172709632,OK,1,0,16.0293,0.354709,0,1276,0,-0.892200,0.099628,1.692630,-0.0031123,0.8139872,-0.0479931,0.5788885
1788232725206046208,OK,1,0,16.8249,0.338333,0,1282,0,-0.881557,0.101645,1.688373,-0.0027531,0.8131557,-0.0480168,0.5800558
1788232725239382272,OK,1,0,17.4285,0.357667,0,1259,0,-0.868912,0.099232,1.686780,-0.0029380,0.8129469,-0.0478417,0.5803618
1788232725272718592,OK,1,0,15.2993,0.384334,0,1257,0,-0.856553,0.099612,1.682015,-0.0028555,0.8120604,-0.0478941,0.5815978
1788232725306054656,OK,1,0,15.8799,0.311333,0,1193,0,-0.844936,0.100807,1.679494,-0.0025187,0.8114577,-0.0479270,0.5824372
1788232725339389952,OK,1,0,15.5326,0.345917,0,1191,0,-0.833908,0.097712,1.674759,-0.0026389,0.8106791,-0.0476451,0.5835429
1788232725372726016,OK,1,0,16.9236,0.347042,0,1140,0,-0.821217,0.100663,1.673841,-0.0022483,0.8103805,-0.0477241,0.5839529
1788232725406062080,OK,1,0,14.3179,0.353667,0,1161,0,-0.808490,0.098575,1.669760,-0.0025062,0.8097313,-0.0472145,0.5848929
1788232725439398144,OK,1,0,16.2785,0.343,0,1197,0,-0.796089,0.098280,1.668258,-0.0025462,0.8092576,-0.0469081,0.5855728
1788232725472734208,OK,1,0,15.8836,0.361041,0,1918,0,-0.784030,0.098851,1.662286,-0.0023752,0.8083621,-0.0464693,0.5868440
1788232725506070016,OK,1,0,17.4702,0.356416,0,1446,0,-0.771618,0.096409,1.660072,-0.0027942,0.8079215,-0.0460254,0.5874834
1788232725539406080,OK,1,0,14.6802,0.347666,0,1356,0,-0.758825,0.098028,1.655052,-0.0025062,0.8073035,-0.0457945,0.5883516
1788232725572741888,OK,1,0,15.4326,0.32125,0,1324,0,-0.745725,0.098284,1.650691,-0.0028822,0.8065712,-0.0457048,0.5893604
1788232725606077696,OK,1,0,15.3834,0.339333,0,1298,0,-0.731030,0.096262,1.652158,-0.0038256,0.8061464,-0.0452664,0.5899698
1788232725639413504,OK,1,0,15.7166,0.326541,0,1266,0,-0.718466,0.097932,1.648499,-0.0038145,0.8052744,-0.0453932,0.5911497
1788232725672749312,OK,1,0,15.6886,0.3415,0,1250,0,-0.706247,0.097893,1.644881,-0.0034502,0.8047025,-0.0454846,0.5919234
1788232725706084864,OK,1,0,18.2062,0.336333,0,1218,0,-0.694959,0.098938,1.641249,-0.0027837,0.8040660,-0.0452095,0.5928122
1788232725739420672,OK,1,0,16.0388,0.375541,0,1175,0,-0.683464,0.098060,1.637254,-0.0022289,0.8034688,-0.0447674,0.5936571
1788232725772756224,OK,1,0,15.8216,0.33525,0,1152,0,-0.671888,0.099707,1.634350,-0.0023033,0.8027534,-0.0454957,0.5945685
1788232725806090752,OK,1,0,14.4268,0.348083,0,1106,0,-0.660173,0.099098,1.631500,-0.0026621,0.8019323,-0.0451489,0.5957004
1788232725839426560,OK,1,0,14.3754,0.366083,0,1089,0,-0.645965,0.096112,1.630608,-0.0037565,0.8016000,-0.0443950,0.5961983
1788232725872761856,OK,1,0,14.4638,0.342209,0,1126,0,-0.630535,0.097418,1.625831,-0.0041797,0.8008524,-0.0442083,0.5972131
1788232725906097408,OK,1,0,14.7045,0.336625,0,1876,0,-0.616834,0.097839,1.623590,-0.0044294,0.8003311,-0.0437515,0.5979435
1788232725939432960,OK,1,0,17.8595,0.3365,0,1421,0,-0.604114,0.097290,1.619780,-0.0047006,0.7995366,-0.0435550,0.5990175
1788232725972768256,OK,1,0,15.117,0.3455,0,1320,0,-0.591164,0.098159,1.618420,-0.0047534,0.7987593,-0.0433494,0.6000682
1788232726006103808,OK,1,0,15.2163,0.367833,0,1298,0,-0.578141,0.097610,1.615651,-0.0047629,0.7975386,-0.0430678,0.6017097
1788232726039438848,OK,1,0,14.5765,0.359083,0,1271,0,-0.566632,0.098373,1.611116,-0.0041965,0.7962562,-0.0427435,0.6034330
1788232726072774400,OK,1,0,14.9458,0.331209,0,1204,0,-0.554903,0.099759,1.611006,-0.0039713,0.7954695,-0.0429669,0.6044554
1788232726106109696,OK,1,0,14.2732,0.357416,0,1164,0,-0.541279,0.099182,1.608944,-0.0041398,0.7941461,-0.0430651,0.6061851
1788232726139444736,OK,1,0,17.0177,0.323208,0,1100,0,-0.528424,0.098704,1.608855,-0.0046259,0.7928419,-0.0427180,0.6079108
1788232726172780032,OK,1,0,14.2419,0.330041,0,1115,0,-0.516257,0.099431,1.607564,-0.0046144,0.7915458,-0.0424906,0.6096134
1788232726206118912,OK,1,0,15.234,0.317959,0,1070,0,-0.501948,0.098031,1.605208,-0.0051825,0.7898639,-0.0419827,0.6118216
1788232726239457024,OK,1,0,13.7013,0.366583,0,1016,0,-0.489568,0.097931,1.604672,-0.0053556,0.7883551,-0.0417222,0.6137807
1788232726272795904,OK,1,0,16.6346,0.370292,0,983,0,-0.475678,0.098535,1.604096,-0.0054179,0.7864581,-0.0412632,0.6162400
1788232726306134784,OK,1,0,19.7766,0.337167,0,1027,0,-0.464160,0.096957,1.603032,-0.0055717,0.7844358,-0.0408788,0.6188363
1788232726339473920,OK,1,0,13.4857,0.349125,0,1794,0,-0.451697,0.097406,1.603393,-0.0051863,0.7830107,-0.0406539,0.6206567
1788232726372812800,OK,1,0,14.7921,0.335458,0,1365,0,-0.439026,0.098799,1.602420,-0.0047547,0.7810326,-0.0403995,0.6231641
1788232726406151680,OK,1,0,14.0439,0.337,0,1232,0,-0.425737,0.098767,1.603735,-0.0047952,0.7789755,-0.0406638,0.6257160
1788232726439490560,OK,1,0,14.3192,0.355042,0,1182,0,-0.413281,0.100264,1.605527,-0.0048189,0.7765799,-0.0409232,0.6286699
1788232726472829696,OK,1,0,14.9841,0.358792,0,1142,0,-0.400901,0.098518,1.604498,-0.0051021,0.7739457,-0.0400762,0.6319619
1788232726506168576,OK,1,0,14.4967,0.36225,0,1069,0,-0.386778,0.098353,1.606823,-0.0052627,0.7718595,-0.0392487,0.6345587
1788232726539507200,OK,1,0,14.4537,0.337875,0,1063,0,-0.374387,0.100803,1.609331,-0.0050157,0.7698293,-0.0397445,0.6369914
1788232726572846080,OK,1,0,13.4155,0.363792,0,993,0,-0.361012,0.100734,1.609434,-0.0052148,0.7670810,-0.0400454,0.6402780
1788232726606184960,OK,1,0,13.4495,0.398958,0,936,0,-0.348915,0.101225,1.611871,-0.0051017,0.7644557,-0.0398324,0.6434243
1788232726639523840,OK,1,0,12.8277,0.356583,0,916,0,-0.336933,0.100544,1.612524,-0.0047591,0.7619857,-0.0394391,0.6463743
1788232726672861696,OK,1,0,11.8531,0.355,0,848,0,-0.324018,0.099180,1.615036,-0.0048182,0.7596901,-0.0395099,0.6490660
1788232726706200832,OK,1,0,12.9949,0.385791,0,805,0,-0.310760,0.100484,1.617173,-0.0048139,0.7567975,-0.0397136,0.6524240
1788232726739539712,OK,1,0,12.5014,0.3505,0,808,0,-0.296295,0.101830,1.620727,-0.0045375,0.7538065,-0.0391079,0.6559160
1788232726772878592,OK,1,0,11.9432,0.350417,0,1796,0,-0.283463,0.104060,1.623605,-0.0038829,0.7511043,-0.0387936,0.6590313
1788232726806217472,OK,1,0,13.1678,0.331167,0,1271,0,-0.269751,0.103787,1.624783,-0.0037924,0.7482370,-0.0385057,0.6623024
1788232726839556352,OK,1,0,12.3835,0.326042,0,1191,0,-0.258577,0.104327,1.627194,-0.0032307,0.7456740,-0.0386153,0.6651833
1788232726872895232,OK,1,0,12.6278,0.331292,0,1113,0,-0.246673,0.106040,1.629313,-0.0028798,0.7427852,-0.0389445,0.6683901
1788232726906234112,OK,1,0,12.3604,0.326375,0,1095,0,-0.233856,0.104179,1.631197,-0.0028830,0.7399967,-0.0383453,0.6715105
1788232726939572992,OK,1,0,12.7203,0.39225,0,1035,0,-0.221037,0.104753,1.633087,-0.0025876,0.7370847,-0.0385358,0.6746957
1788232726972911616,OK,1,0,11.6709,0.3855,0,957,0,-0.209169,0.107402,1.637394,-0.0021870,0.7341670,-0.0392645,0.6778291
1788232727006250496,OK,1,0,11.4445,0.340625,0,925,0,-0.196444,0.106705,1.640554,-0.0024258,0.7307678,-0.0391572,0.6814978
1788232727039589376,OK,1,0,11.2325,0.35,0,904,0,-0.184422,0.105573,1.644655,-0.0024325,0.7276657,-0.0388850,0.6848246
1788232727072928256,OK,1,0,11.5933,0.331292,0,828,0,-0.170131,0.104777,1.646113,-0.0020649,0.7244121,-0.0381430,0.6883080
1788232727106267136,OK,1,0,11.0801,0.337333,0,809,0,-0.160389,0.106551,1.649654,-0.0017975,0.7214363,-0.0388820,0.6913861
1788232727139604992,OK,1,0,10.7489,0.34475,0,794,0,-0.147738,0.105182,1.654570,-0.0025132,0.7180732,-0.0385799,0.6948929
1788232727172943616,OK,1,0,11.3253,0.323083,0,1898,0,-0.135066,0.105025,1.657118,-0.0029198,0.7146596,-0.0385841,0.6984013
1788232727206291200,OK,1,0,13.0078,0.350625,0,1318,0,-0.123075,0.106123,1.663195,-0.0031160,0.7116833,-0.0384231,0.7014420
1788232727239639040,OK,1,0,13.0118,0.359833,0,1173,0,-0.108144,0.106611,1.665194,-0.0033273,0.7080128,-0.0385177,0.7051405
1788232727272986368,OK,1,0,12.2808,0.325125,0,1100,0,-0.096488,0.106538,1.670799,-0.0036393,0.7048370,-0.0382761,0.7083265
1788232727306334208,OK,1,0,11.6442,0.332583,0,1047,0,-0.084864,0.109496,1.675392,-0.0028326,0.7014404,-0.0388627,0.7116622
1788232727339681792,OK,1,0,12.1107,0.343792,0,976,0,-0.073090,0.107480,1.677984,-0.0025686,0.6979869,-0.0381037,0.7150915
1788232727373029632,OK,1,0,11.5947,0.329417,0,935,0,-0.062281,0.107852,1.682163,-0.0018383,0.6949881,-0.0380589,0.7180109
1788232727406377472,OK,1,0,10.8953,0.342292,0,880,0,-0.051355,0.108596,1.686425,-0.0012151,0.6918072,-0.0379273,0.7210845
1788232727439725312,OK,1,0,11.4577,0.340333,0,846,0,-0.039151,0.110851,1.690170,-0.0008665,0.6883591,-0.0384878,0.7243478
1788232727473073152,OK,1,0,10.843,0.357625,0,793,0,-0.026359,0.109838,1.694004,-0.0010886,0.6848295,-0.0380054,0.7277108
1788232727506421248,OK,1,0,10.7516,0.347583,0,814,0,-0.012319,0.112334,1.700369,-0.0003470,0.6818088,-0.0375114,0.7305679
1788232727539769344,OK,1,0,10.801,0.335,0,1767,0,0.001920,0.111726,1.704447,-0.0010432,0.6780177,-0.0369982,0.7341131
1788232727573116416,OK,1,0,11.7709,0.352083,0,1219,0,0.014062,0.113432,1.709792,-0.0010503,0.6745285,-0.0373537,0.7373025
1788232727606464512,OK,1,0,11.4797,0.335,0,1107,0,0.026314,0.112820,1.714350,-0.0011143,0.6710858,-0.0371744,0.7404463
1788232727639812864,OK,1,0,11.3293,0.320625,0,1044,0,0.038092,0.113849,1.719357,-0.0009376,0.6677221,-0.0369164,0.7434942
1788232727673160960,OK,1,0,11.5823,0.344042,0,981,0,0.049430,0.114603,1.724536,-0.0007053,0.6643285,-0.0371274,0.7465178
1788232727706509312,OK,1,0,11.066,0.346833,0,923,0,0.061013,0.113500,1.729450,-0.0004354,0.6608152,-0.0370828,0.7496318
1788232727739857664,OK,1,0,11.1723,0.366125,0,866,0,0.071111,0.114465,1.734545,0.0005415,0.6573324,-0.0372951,0.7526771
1788232727773206016,OK,1,0,10.4339,0.335208,0,842,0,0.081658,0.115039,1.739514,0.0011851,0.6539993,-0.0369096,0.7555933
1788232727806554368,OK,1,0,10.3398,0.355792,0,783,0,0.093091,0.114335,1.743018,0.0016262,0.6504128,-0.0366738,0.7586933
1788232727839902720,OK,1,0,10.1936,0.381916,0,772,0,0.103572,0.114655,1.749992,0.0014788,0.6470101,-0.0370143,0.7615810
1788232727873251584,OK,1,0,9.44712,0.3295,0,730,0,0.118152,0.115027,1.758882,0.0012015,0.6435624,-0.0372089,0.7644877
1788232727906600192,OK,1,0,9.72092,0.319042,0,1524,0,0.130383,0.116815,1.765390,0.0012266,0.6398674,-0.0371384,0.7675865
1788232727939948800,OK,1,0,10.801,0.342667,0,998,0,0.140994,0.117723,1.772718,0.0009268,0.6363719,-0.0379680,0.7704469
1788232727973297408,OK,1,0,10.4765,0.354791,0,956,0,0.151807,0.117884,1.778909,0.0010771,0.6328722,-0.0376557,0.7733393
1788232728006644992,OK,1,0,10.6175,0.345291,0,939,0,0.160771,0.118455,1.785781,0.0015127,0.6298131,-0.0374289,0.7758430
1788232728039993856,OK,1,0,10.2982,0.361833,0,887,0,0.171780,0.118875,1.791902,0.0021777,0.6262365,-0.0375210,0.7787267
1788232728073342720,OK,1,0,10.4979,0.369125,0,860,0,0.180550,0.117568,1.797011,0.0025595,0.6225191,-0.0378900,0.7816826
1788232728106691584,OK,1,0,10.2155,0.351042,0,836,0,0.190579,0.119084,1.805302,0.0027557,0.6189454,-0.0380290,0.7845080
1788232728140040448,OK,1,0,10.3758,0.355334,0,791,0,0.201596,0.120413,1.812843,0.0027096,0.6150963,-0.0375902,0.7875507
1788232728173389568,OK,1,0,10.5482,0.315834,0,773,0,0.212876,0.120234,1.822359,0.0020166,0.6118376,-0.0375104,0.7900910
1788232728206737408,OK,1,0,9.33033,0.344542,0,765,0,0.223530,0.122618,1.829868,0.0021694,0.6079575,-0.0384398,0.7930356
1788232728240084992,OK,1,0,10.0036,0.354625,0,764,0,0.236015,0.122075,1.833265,0.0018953,0.6030878,-0.0376390,0.7967840
1788232728273432832,OK,1,0,10.0988,0.348542,0,750,0,0.247584,0.121602,1.840622,0.0019351,0.5995046,-0.0367663,0.7995240
1788232728306780672,OK,1,0,10.2325,0.34375,0,1443,0,0.256577,0.118200,1.845936,0.0015579,0.5959404,-0.0360402,0.8022180
1788232728340128512,OK,1,0,13.0072,0.342875,0,961,0,0.267006,0.118370,1.853339,0.0018327,0.5922000,-0.0366048,0.8049570
1788232728373476352,OK,1,0,11.0999,0.345292,0,920,0,0.276263,0.119382,1.861904,0.0019798,0.5885696,-0.0366540,0.8076128
1788232728406824192,OK,1,0,10.3236,0.335958,0,904,0,0.287728,0.121398,1.869646,0.0020442,0.5845022,-0.0355523,0.8106103
1788232728440172288,OK,1,0,10.2468,0.344958,0,875,0,0.299062,0.121098,1.877495,0.0015129,0.5807279,-0.0351447,0.8133373
1788232728473519360,OK,1,0,10.339,0.370458,0,839,0,0.310643,0.121899,1.885620,0.0012699,0.5767648,-0.0355991,0.8161333
1788232728506867200,OK,1,0,10.9719,0.373959,0,805,0,0.317235,0.123428,1.895209,0.0010908,0.5730985,-0.0362396,0.8186841
1788232728540215296,OK,1,0,10.6206,0.432083,0,802,0,0.330854,0.124711,1.903351,0.0011794,0.5690417,-0.0352618,0.8215514
1788232728573563392,OK,1,0,10.5089,0.379666,0,755,0,0.339793,0.125006,1.911079,0.0012962,0.5656043,-0.0348857,0.8239376
1788232728606911744,OK,1,0,10.3728,0.35175,0,749,0,0.349603,0.125323,1.920931,0.0016192,0.5619729,-0.0355375,0.8263903
1788232728640259840,OK,1,0,10.0026,0.337167,0,755,0,0.359824,0.124254,1.924933,0.0011730,0.5567940,-0.0347695,0.8299218
1788232728673607936,OK,1,0,9.72892,0.317333,0,725,0,0.369567,0.125992,1.933893,0.0015453,0.5531343,-0.0342663,0.8323857
1788232728706956032,OK,1,0,10.1687,0.310541,0,1552,0,0.379731,0.125192,1.942737,0.0012404,0.5494412,-0.0337449,0.8348498
1788232728740304384,OK,1,0,11.8722,0.324417,0,1120,0,0.388550,0.125760,1.952354,0.0010387,0.5458970,-0.0335181,0.8371810
1788232728773652480,OK,1,0,11.5275,0.343708,0,973,0,0.398955,0.127172,1.961155,0.0008089,0.5418025,-0.0334738,0.8398386
1788232728807001088,OK,1,0,11.419,0.362583,0,973,0,0.409146,0.128647,1.971370,0.0004644,0.5378591,-0.0332266,0.8423796
1788232728840349440,OK,1,0,11.3556,0.348459,0,922,0,0.419309,0.127291,1.979422,-0.0003145,0.5336990,-0.0323806,0.8450543
1788232728873697792,OK,1,0,12.0275,0.348042,0,878,0,0.428671,0.129653,1.989185,-0.0000254,0.5300604,-0.0324255,0.8473397
1788232728907045120,OK,1,0,11.0513,0.332792,0,871,0,0.438450,0.130463,1.997255,0.0001661,0.5258338,-0.0324357,0.8499687
1788232728940393472,OK,1,0,11.2782,0.340459,0,807,0,0.446301,0.129617,2.007784,-0.0001537,0.5219191,-0.0324937,0.8523759
1788232728973741824,OK,1,0,11.4521,0.334292,0,780,0,0.456603,0.130438,2.017211,-0.0000455,0.5169095,-0.0319819,0.8554425
1788232729007090688,OK,1,0,10.7624,0.341125,0,730,0,0.463596,0.131719,2.028637,-0.0000394,0.5120850,-0.0320351,0.8583372
1788232729040439040,OK,1,0,10.8365,0.34225,0,688,0,0.473504,0.132635,2.040780,-0.0004138,0.5061610,-0.0317310,0.8618550
1788232729073787648,OK,1,0,10.8137,0.346542,0,647,0,0.484547,0.127465,2.049608,-0.0019277,0.4987424,-0.0301284,0.8662243
1788232729107136256,OK,1,0,11.3705,0.353417,0,1337,0,0.490728,0.127743,2.061980,-0.0028485,0.4923090,-0.0298778,0.8699029
1788232729140484864,OK,1,0,11.5883,0.339417,0,987,0,0.496100,0.128538,2.073832,-0.0031869,0.4860787,-0.0297302,0.8734034
1788232729173833472,OK,1,0,11.2445,0.34125,0,877,0,0.504787,0.129853,2.086893,-0.0031298,0.4794286,-0.0296811,0.8770733
1788232729207174400,OK,1,0,11.3713,0.357792,0,868,0,0.509577,0.130010,2.098606,-0.0028459,0.4734365,-0.0293872,0.8803330
1788232729240515328,OK,1,0,11.5846,0.336042,0,821,0,0.514387,0.130829,2.107450,-0.0020692,0.4672691,-0.0287446,0.8836454
1788232729273856512,OK,1,0,11.6353,0.346792,0,778,0,0.523354,0.132308,2.119610,-0.0015462,0.4607473,-0.0284125,0.8870751
1788232729307197184,OK,1,0,12.2048,0.336083,0,746,0,0.527408,0.132558,2.131793,-0.0010670,0.4544920,-0.0282063,0.8903035
1788232729340537344,OK,1,0,12.6043,0.344333,0,720,0,0.532762,0.132542,2.144948,-0.0017792,0.4481900,-0.0277536,0.8935056
1788232729373878272,OK,1,0,12.2813,0.35375,0,720,0,0.538281,0.134134,2.158232,-0.0021513,0.4419022,-0.0270523,0.8966526
1788232729407218944,OK,1,0,11.5315,0.338667,0,670,0,0.543865,0.133658,2.170131,-0.0027923,0.4352845,-0.0265053,0.8998984
1788232729440560128,OK,1,0,10.3385,0.347583,0,652,0,0.549183,0.135061,2.183597,-0.0031285,0.4285382,-0.0266084,0.9031264
1788232729473900800,OK,1,0,13.2247,0.368334,0,615,0,0.556589,0.137266,2.196589,-0.0031154,0.4211914,-0.0258501,0.9065980
1788232729507241728,OK,1,0,10.3397,0.344583,0,558,0,0.560909,0.137167,2.208647,-0.0031352,0.4139161,-0.0254449,0.9099540
1788232729540582400,OK,1,0,11.0224,0.340667,0,545,0,0.571160,0.139817,2.225102,-0.0023958,0.4061268,-0.0253176,0.9134628
1788232729573923584,OK,1,0,11.2409,0.344042,0,1278,0,0.576974,0.139631,2.235211,-0.0015759,0.3978660,-0.0244525,0.9171163
1788232729607264512,OK,1,0,12.3344,0.351416,0,873,0,0.582473,0.140656,2.245104,-0.0007589,0.3899246,-0.0232622,0.9205526
1788232729640605184,OK,1,0,11.323,0.34675,0,788,0,0.586230,0.140829,2.257579,-0.0005581,0.3822412,-0.0231056,0.9237735
1788232729673946112,OK,1,0,10.9126,0.336167,0,721,0,0.586371,0.141316,2.269675,-0.0005659,0.3746061,-0.0229468,0.9268999
1788232729707286528,OK,1,0,10.8395,0.336625,0,692,0,0.589679,0.142831,2.282787,-0.0009755,0.3665007,-0.0225298,0.9301444
1788232729740627456,OK,1,0,11.3838,0.352208,0,624,0,0.592175,0.142500,2.295774,-0.0014329,0.3585137,-0.0220238,0.9332635
1788232729773968384,OK,1,0,11.116,0.366125,0,626,0,0.593180,0.145283,2.309721,-0.0011465,0.3507248,-0.0223450,0.9362113
1788232729807308032,OK,1,0,10.034,0.351584,0,630,0,0.595510,0.146181,2.321196,-0.0012871,0.3426078,-0.0213207,0.9392357
1788232729840648704,OK,1,0,11.6625,0.338416,0,589,0,0.596885,0.145321,2.334200,-0.0012927,0.3349022,-0.0207094,0.9420245
1788232729873989376,OK,1,0,9.56475,0.353875,0,543,0,0.598841,0.147544,2.347328,-0.0005614,0.3266737,-0.0205488,0.9449136
1788232729907330304,OK,1,0,9.97,0.339334,0,516,0,0.598593,0.149086,2.360657,-0.0005454,0.3184659,-0.0200635,0.9477218
1788232729940670976,OK,1,0,9.04554,0.357083,0,490,0,0.601144,0.147401,2.374209,-0.0014417,0.3095594,-0.0187960,0.9506932
1788232729974011648,OK,1,0,9.83263,0.357167,0,473,0,0.599241,0.148488,2.384553,-0.0011339,0.3013879,-0.0189131,0.9533134
1788232730007352320,OK,1,0,9.39413,0.324375,0,451,0,0.601915,0.149791,2.400005,-0.0013585,0.2922380,-0.0186505,0.9561628
1788232730040692992,OK,1,0,8.83254,0.3375,0,443,0,0.601439,0.152574,2.417402,-0.0009728,0.2846090,-0.0174276,0.9584848
1788232730074033664,OK,1,0,8.93975,0.351834,0,1016,0,0.601419,0.151968,2.426982,-0.0008608,0.2761267,-0.0165373,0.9609786
1788232730107374336,OK,1,0,9.30029,0.351875,0,671,0,0.599124,0.152834,2.439137,-0.0004730,0.2677023,-0.0166975,0.9633569
1788232730140714752,OK,1,0,9.01412,0.322958,0,626,0,0.598348,0.153653,2.451973,-0.0007795,0.2589383,-0.0160687,0.9657599
1788232730174055680,OK,1,0,8.61358,0.335208,0,574,0,0.597036,0.154732,2.465505,-0.0009535,0.2508800,-0.0152270,0.9678980
1788232730207397376,OK,1,0,8.35696,0.345709,0,528,0,0.594691,0.155311,2.477788,-0.0008765,0.2424368,-0.0153172,0.9700459
1788232730240743680,OK,1,0,8.39508,0.343333,0,498,0,0.592788,0.154843,2.491306,-0.0012244,0.2336925,-0.0157107,0.9721829
1788232730274098176,OK,1,0,7.98183,0.324875,0,479,0,0.591158,0.155259,2.501892,-0.0008994,0.2252454,-0.0146476,0.9741915
1788232730307452928,OK,1,0,8.18046,0.326208,0,456,0,0.588745,0.154960,2.515752,-0.0007228,0.2171263,-0.0141736,0.9760404
1788232730340807424,OK,1,0,8.83429,0.359042,0,422,0,0.586680,0.155850,2.529437,-0.0006966,0.2081999,-0.0144052,0.9779800
1788232730374162176,OK,1,0,8.60346,0.37125,0,410,0,0.583463,0.158003,2.541575,-0.0006655,0.1995137,-0.0139665,0.9797953
1788232730407516928,OK,1,0,8.44717,0.33475,0,392,0,0.581855,0.157138,2.557695,-0.0005687,0.1910557,-0.0125730,0.9814985
1788232730440871680,OK,1,0,7.56183,0.3695,0,381,0,0.579978,0.157925,2.571395,-0.0002518,0.1824111,-0.0119732,0.9831494
1788232730474226432,OK,1,0,8.26933,0.350834,0,389,0,0.574058,0.157580,2.580973,-0.0004852,0.1739860,-0.0115837,0.9846799
1788232730507581184,OK,1,0,7.93508,0.360458,0,428,0,0.570994,0.154032,2.589373,-0.0011689,0.1651685,-0.0103896,0.9862100
1788232730540936192,OK,1,0,8.37904,0.314166,0,822,0,0.566676,0.153306,2.600969,-0.0016757,0.1568567,-0.0093877,0.9875754
1788232730574291456,OK,1,0,8.68396,0.315583,0,557,0,0.560315,0.154960,2.611860,-0.0011846,0.1484247,-0.0096719,0.9888757
1788232730607646464,OK,1,0,9.26304,0.346792,0,554,0,0.554002,0.154588,2.624546,-0.0014286,0.1396198,-0.0095646,0.9901580
1788232730641001728,OK,1,0,9.01942,0.333333,0,546,0,0.553611,0.155599,2.638468,-0.0013204,0.1308107,-0.0086255,0.9913690
1788232730674355968,OK,1,0,9.09512,0.334958,0,582,0,0.548871,0.155234,2.651765,-0.0010567,0.1221901,-0.0082644,0.9924718
1788232730707711488,OK,1,0,9.70187,0.347666,0,551,0,0.545172,0.156662,2.661057,-0.0009175,0.1135462,-0.0081465,0.9934989
1788232730741066752,OK,1,0,10.5552,0.34475,0,555,0,0.536639,0.156619,2.674848,-0.0011194,0.1056175,-0.0079460,0.9943745
1788232730774422016,OK,1,0,10.7417,0.349292,0,563,0,0.535746,0.157293,2.691176,-0.0017930,0.0965984,-0.0073242,0.9952949
1788232730807777792,OK,1,0,9.8735,0.320583,0,574,0,0.528135,0.161502,2.702525,-0.0013866,0.0884524,-0.0077560,0.9960493
1788232730841133312,OK,1,0,10.9752,0.337041,0,797,0,0.522254,0.160329,2.719273,-0.0017485,0.0797704,-0.0072924,0.9967851
1788232730874489088,OK,1,0,12.2195,0.331167,0,730,0,0.520154,0.162382,2.732938,-0.0012263,0.0711047,-0.0064601,0.9974472
1788232730907844608,OK,1,0,11.9286,0.370708,0,819,0,0.513887,0.161129,2.742490,-0.0009909,0.0640319,-0.0055050,0.9979322
1788232730941200384,OK,1,0,11.3033,0.345333,0,976,0,0.509973,0.161081,2.756135,-0.0007230,0.0568724,-0.0049437,0.9983690
1788232730974556416,OK,1,0,11.1878,0.297792,0,960,0,0.507177,0.161318,2.767508,-0.0004892,0.0499158,-0.0046941,0.9987423
1788232731007912448,OK,1,0,12.1493,0.3365,0,982,0,0.502234,0.163067,2.781686,-0.0004433,0.0442055,-0.0043767,0.9990128
1788232731041268224,OK,1,0,12.5056,0.340583,0,961,0,0.501393,0.162172,2.796019,-0.0008982,0.0389651,-0.0038490,0.9992328
1788232731074624256,OK,1,0,12.643,0.341458,0,965,0,0.496068,0.162555,2.807429,-0.0011374,0.0341077,-0.0035663,0.9994112
1788232731107980544,OK,1,0,14.0898,0.333333,0,991,0,0.497174,0.163253,2.825655,-0.0010294,0.0283943,-0.0033372,0.9995907
1788232731141335808,OK,1,0,15.0192,0.324583,0,980,0,0.495475,0.163539,2.834495,-0.0008848,0.0247326,-0.0030284,0.9996891
1788232731174691840,OK,1,0,12.3547,0.346417,0,956,0,0.494445,0.163609,2.850238,-0.0007063,0.0207465,-0.0030975,0.9997798
1788232731208048384,OK,1,0,13.3111,0.3505,0,1279,0,0.493464,0.162650,2.864670,-0.0007031,0.0166902,-0.0031743,0.9998555
1788232731241399552,OK,1,0,21.6958,0.35775,0,1168,0,0.492420,0.163259,2.876586,-0.0003079,0.0142728,-0.0029087,0.9998938
1788232731274744064,OK,1,0,13.82,0.355833,0,1151,0,0.491258,0.163575,2.886355,0.0003028,0.0131824,-0.0020740,0.9999110
1788232731308088576,OK,1,0,15.6962,0.320333,0,1325,0,0.493148,0.164631,2.897853,0.0009776,0.0126182,-0.0016737,0.9999185
1788232731341433088,OK,1,0,15.3584,0.344083,0,1236,0,0.494470,0.164430,2.910348,0.0013406,0.0122899,-0.0013247,0.9999227
1788232731374777856,OK,1,0,14.1927,0.347292,0,1203,0,0.495043,0.166231,2.921366,0.0012320,0.0120637,-0.0013565,0.9999256
1788232731408122368,OK,1,0,14.3321,0.338167,0,1205,0,0.493224,0.167094,2.934127,0.0009409,0.0117316,-0.0019978,0.9999288
1788232731441467136,OK,1,0,14.2216,0.331833,0,1178,0,0.491883,0.166935,2.947603,0.0005601,0.0114456,-0.0026238,0.9999309
1788232731474811648,OK,1,0,14.3766,0.330041,0,1155,0,0.490354,0.168840,2.962400,-0.0000240,0.0115621,-0.0028453,0.9999291
1788232731508156160,OK,1,0,15.343,0.329167,0,1176,0,0.492544,0.169044,2.977909,-0.0005717,0.0109290,-0.0028704,0.9999360
1788232731541500928,OK,1,0,14.1758,0.335458,0,1160,0,0.493011,0.168986,2.990384,-0.0005074,0.0106052,-0.0026279,0.9999402
1788232731574844416,OK,1,0,14.0175,0.355792,0,1148,0,0.493041,0.171118,3.002071,-0.0005044,0.0104432,-0.0022940,0.9999427
1788232731608189184,OK,1,0,14.1397,0.341875,0,1132,0,0.495223,0.171332,3.014764,-0.0001183,0.0101134,-0.0019415,0.9999470
1788232731641533952,OK,1,0,15.6483,0.369,0,1148,0,0.496091,0.171828,3.027605,0.0003835,0.0099898,-0.0020179,0.9999480
1788232731674878720,OK,1,0,15.9934,0.33825,0,1137,0,0.493540,0.171652,3.036334,0.0003760,0.0102477,-0.0017973,0.9999458
1788232731708223488,OK,1,0,15.4788,0.398,0,1137,0,0.495291,0.171730,3.050006,0.0009388,0.0096234,-0.0018854,0.9999515
1788232731741568000,OK,1,0,15.3745,0.343834,0,1133,0,0.495795,0.172077,3.062654,0.0006701,0.0092725,-0.0016157,0.9999555
1788232731774912768,OK,1,0,14.167,0.367667,0,1137,0,0.495808,0.173045,3.075903,0.0003806,0.0090124,-0.0016048,0.9999580
1788232731808257536,OK,1,0,13.61,0.350917,0,1137,0,0.496129,0.172596,3.088719,0.0005187,0.0088946,-0.0010151,0.9999598
1788232731841602304,OK,1,0,14.8915,0.357625,0,1149,0,0.498761,0.174253,3.103303,0.0006577,0.0090184,-0.0008472,0.9999588
1788232731874947328,OK,1,0,15.2538,0.355459,0,1133,0,0.498458,0.175443,3.113988,0.0010454,0.0089645,-0.0010557,0.9999588
1788232731908292096,OK,1,0,14.6468,0.34175,0,1148,0,0.499707,0.176795,3.126097,0.0015089,0.0082001,-0.0005096,0.9999651
1788232731941636864,OK,1,0,13.1214,0.325792,0,1124,0,0.502154,0.176460,3.139996,0.0015102,0.0077428,-0.0004239,0.9999688
1788232731974981632,OK,1,0,13.0063,0.305833,0,1123,0,0.500112,0.179003,3.150544,0.0022919,0.0079247,-0.0003906,0.9999659
1788232732008325632,OK,1,0,12.9255,0.295833,0,1106,0,0.499365,0.179022,3.162022,0.0028054,0.0081611,-0.0001335,0.9999628
1788232732041670400,OK,1,0,13.028,0.318958,0,1083,0,0.501497,0.178962,3.175089,0.0026524,0.0080939,-0.0001379,0.9999638
1788232732075015424,OK,1,0,13.2583,0.314167,0,1079,0,0.500929,0.180491,3.188351,0.0028018,0.0076507,-0.0004454,0.9999667
1788232732108360448,OK,1,0,12.961,0.317542,0,1050,0,0.502215,0.179433,3.200871,0.0019922,0.0069993,-0.0006107,0.9999734
1788232732141704960,OK,1,0,12.709,0.343959,0,1076,0,0.501302,0.182308,3.217026,0.0016330,0.0067577,-0.0009785,0.9999754
1788232732175049984,OK,1,0,14.176,0.33025,0,1072,0,0.502053,0.180603,3.227920,0.0012196,0.0067735,-0.0007294,0.9999760
1788232732208395008,OK,1,0,13.0445,0.361458,0,1074,0,0.506330,0.181242,3.242485,0.0011358,0.0066799,-0.0004752,0.9999769
1788232732241738496,OK,1,0,12.4998,0.332917,0,1040,0,0.504543,0.184175,3.256300,0.0013450,0.0068371,-0.0005493,0.9999756
1788232732275079936,OK,1,0,12.9782,0.325542,0,1050,0,0.504588,0.183701,3.268026,0.0010793,0.0062649,-0.0004105,0.9999797
1788232732308420864,OK,1,0,12.8365,0.343542,0,1054,0,0.503061,0.183310,3.279747,0.0006932,0.0062241,-0.0004748,0.9999803
1788232732341762304,OK,1,0,12.6041,0.367917,0,1049,0,0.504075,0.185451,3.294525,0.0007727,0.0059451,-0.0005198,0.9999819
1788232732375103488,OK,1,0,13.0221,0.315667,0,1038,0,0.503197,0.181441,3.304963,0.0001964,0.0061107,-0.0003055,0.9999813
1788232732408444672,OK,1,0,12.3005,0.318291,0,1048,0,0.503126,0.184572,3.319716,0.0004847,0.0061862,-0.0006253,0.9999806
1788232732441785856,OK,1,0,12.8552,0.302833,0,1031,0,0.504648,0.187558,3.333904,0.0005037,0.0056496,-0.0008694,0.9999835
1788232732475126016,OK,1,0,12.8503,0.318833,0,1024,0,0.506081,0.184459,3.347885,-0.0006048,0.0050643,-0.0003424,0.9999869
1788232732508467200,OK,1,0,12.3586,0.330708,0,1013,0,0.507585,0.188419,3.360808,-0.0004259,0.0050485,-0.0004201,0.9999871
1788232732541808384,OK,1,0,12.4914,0.332417,0,989,0,0.507333,0.190581,3.373848,-0.0002561,0.0049786,0.0000535,0.9999876
1788232732575149568,OK,1,0,13.2262,0.351375,0,1337,0,0.506565,0.188241,3.385067,-0.0001525,0.0051970,0.0004003,0.9999864
1788232732608490752,OK,1,0,14.2125,0.370334,0,1398,0,0.509758,0.189031,3.397639,0.0005030,0.0049768,0.0007724,0.9999872
1788232732641831936,OK,1,0,14.845,0.33825,0,1301,0,0.508135,0.189561,3.407907,0.0011968,0.0048978,0.0006245,0.9999871
1788232732675173120,OK,1,0,14.1017,0.339959,0,1264,0,0.507650,0.189785,3.419288,0.0013191,0.0047721,0.0005914,0.9999876
1788232732708514304,OK,1,0,13.8421,0.338125,0,1218,0,0.507553,0.189432,3.431214,0.0013980,0.0045309,0.0004188,0.9999887
1788232732741855488,OK,1,0,15.1628,0.334459,0,1220,0,0.507655,0.190832,3.443316,0.0016592,0.0044035,0.0003298,0.9999889
1788232732775196416,OK,1,0,14.4409,0.338417,0,1182,0,0.506898,0.191538,3.455226,0.0020544,0.0046300,-0.0000557,0.9999872
1788232732808537856,OK,1,0,13.5475,0.351792,0,1171,0,0.507660,0.192998,3.468884,0.0022507,0.0045277,-0.0001635,0.9999872
1788232732841878784,OK,1,0,13.4975,0.33775,0,1159,0,0.508530,0.193067,3.480309,0.0017066,0.0041350,0.0001493,0.9999900
1788232732875219968,OK,1,0,13.3548,0.341709,0,1119,0,0.508002,0.194847,3.495388,0.0018373,0.0035432,0.0002263,0.9999920
1788232732908560128,OK,1,0,13.9943,0.356792,0,1110,0,0.510386,0.195665,3.508930,0.0016222,0.0030318,0.0006439,0.9999939
1788232732941901312,OK,1,0,14.3505,0.334541,0,1097,0,0.507682,0.194047,3.520326,0.0010710,0.0032915,0.0007249,0.9999937
1788232732975242496,OK,1,0,13.3637,0.339708,0,1076,0,0.508461,0.194934,3.532551,0.0013554,0.0027572,0.0004299,0.9999952
1788232733008583424,OK,1,0,12.815,0.345833,0,1070,0,0.506796,0.198581,3.546141,0.0015363,0.0022143,0.0002417,0.9999964
1788232733041924608,OK,1,0,12.8915,0.377375,0,1037,0,0.508359,0.198554,3.559834,0.0007121,0.0017185,0.0005789,0.9999981
1788232733075265536,OK,1,0,13.7761,0.380375,0,1023,0,0.506350,0.197233,3.571386,0.0004649,0.0009261,0.0007822,0.9999992
1788232733108606720,OK,1,0,14.0832,0.352625,0,1069,0,0.506428,0.198462,3.585127,-0.0000300,-0.0016826,0.0009270,0.9999982
1788232733141947648,OK,1,0,12.4593,0.358292,0,1036,0,0.505103,0.199814,3.600652,-0.0005318,-0.0052302,0.0011123,0.9999856
1788232733175288832,OK,1,0,14.797,0.332875,0,1073,0,0.504480,0.195704,3.610957,-0.0009621,-0.0088923,0.0012958,0.9999592
1788232733208629760,OK,1,0,12.7479,0.330625,0,1057,0,0.501010,0.198512,3.623286,-0.0003269,-0.0125335,0.0016505,0.9999201
1788232733241972736,OK,1,0,12.512,0.338875,0,1047,0,0.495330,0.198374,3.635885,-0.0002858,-0.0167486,0.0022213,0.9998572
1788232733275317504,OK,1,0,12.4585,0.319625,0,1250,0,0.491977,0.201978,3.649395,0.0002473,-0.0218672,0.0023737,0.9997581
1788232733308662528,OK,1,0,15.5015,0.325708,0,1526,0,0.483901,0.203419,3.659994,0.0005723,-0.0265231,0.0024188,0.9996451
1788232733342006272,OK,1,0,14.8408,0.329625,0,1344,0,0.479879,0.201710,3.671377,0.0005945,-0.0319310,0.0025409,0.9994867
1788232733375351296,OK,1,0,14.3141,0.343459,0,1268,0,0.472845,0.198413,3.679129,0.0003272,-0.0371809,0.0029686,0.9993041
1788232733408696320,OK,1,0,14.1597,0.34975,0,1344,0,0.465737,0.201187,3.694397,0.0003528,-0.0429113,0.0032647,0.9990735
1788232733442041600,OK,1,0,14.0867,0.340084,0,1260,0,0.458631,0.202327,3.707162,-0.0000577,-0.0487636,0.0037566,0.9988033
1788232733475386368,OK,1,0,14.646,0.331083,0,1324,0,0.454056,0.200570,3.718516,-0.0005310,-0.0548337,0.0041970,0.9984866
1788232733508731392,OK,1,0,13.9657,0.34225,0,1270,0,0.446325,0.202264,3.734684,-0.0005133,-0.0605158,0.0045797,0.9981566
1788232733542076672,OK,1,0,13.9315,0.347,0,1266,0,0.436645,0.201868,3.745012,-0.0010810,-0.0656353,0.0047106,0.9978320
1788232733575421696,OK,1,0,15.3492,0.3385,0,1399,0,0.429436,0.201690,3.757431,-0.0013576,-0.0714514,0.0047449,0.9974319
1788232733608766720,OK,1,0,14.3628,0.333291,0,1319,0,0.422940,0.201858,3.768517,-0.0010199,-0.0773296,0.0052725,0.9969912
1788232733642111744,OK,1,0,19.444,0.350209,0,1298,0,0.415640,0.205604,3.781533,-0.0002072,-0.0832038,0.0063728,0.9965122
1788232733675457024,OK,1,0,15.5862,0.33625,0,1326,0,0.412568,0.203077,3.793742,-0.0001647,-0.0893841,0.0072878,0.9959705
1788232733708802304,OK,1,0,14.3223,0.314,0,1349,0,0.404124,0.204489,3.804345,0.0002035,-0.0952411,0.0079408,0.9954225
1788232733742147328,OK,1,0,14.3072,0.3465,0,1336,0,0.398750,0.204968,3.815763,0.0004365,-0.1014202,0.0080829,0.9948108
1788232733775492352,OK,1,0,14.9809,0.337333,0,1348,0,0.391816,0.203616,3.825891,-0.0002337,-0.1075467,0.0084807,0.9941639
1788232733808836608,OK,1,0,15.4242,0.348583,0,1353,0,0.381712,0.207984,3.841457,-0.0001388,-0.1136433,0.0088766,0.9934819
1788232733842181888,OK,1,0,16.7334,0.339458,0,1339,0,0.371850,0.209899,3.850262,-0.0000616,-0.1195684,0.0090209,0.9927850
1788232733875527168,OK,1,0,15.8578,0.346291,0,1385,0,0.364695,0.212989,3.863877,0.0003321,-0.1256727,0.0093499,0.9920276
1788232733908872448,OK,1,0,17.0353,0.350667,0,1377,0,0.358964,0.206927,3.874574,-0.0006318,-0.1315689,0.0097256,0.9912591
1788232733942217728,OK,1,0,16.4519,0.3645,0,1385,0,0.351306,0.205830,3.886484,-0.0011873,-0.1374452,0.0102862,0.9904553
1788232733975563008,OK,1,0,16.2149,0.343667,0,1411,0,0.341714,0.207945,3.898137,-0.0011827,-0.1423936,0.0103384,0.9897554
1788232734008908544,OK,1,0,16.8049,0.348042,0,1409,0,0.333564,0.209139,3.908861,-0.0012213,-0.1468336,0.0106656,0.9891030
1788232734042253568,OK,1,0,20.587,0.365042,0,1421,0,0.327446,0.209669,3.921479,-0.0009990,-0.1514641,0.0106621,0.9884048
1788232734075599104,OK,1,0,17.4049,0.336,0,1440,0,0.323986,0.206089,3.932920,-0.0013569,-0.1568104,0.0110026,0.9875665
1788232734108944384,OK,1,0,20.2308,0.354667,0,1402,0,0.312026,0.209769,3.944624,-0.0009275,-0.1616025,0.0115906,0.9867874
1788232734142289920,OK,1,0,16.6775,0.322917,0,1408,0,0.306372,0.211293,3.955149,-0.0009529,-0.1666091,0.0123281,0.9859455
1788232734175635200,OK,1,0,19.0814,0.335459,0,1371,0,0.296787,0.213271,3.965177,-0.0006456,-0.1708128,0.0128029,0.9852201
1788232734208980736,OK,1,0,16.472,0.313459,0,1432,0,0.288418,0.211947,3.978314,-0.0005556,-0.1753596,0.0127760,0.9844214
1788232734242321920,OK,1,0,17.0667,0.332666,0,1462,0,0.279876,0.214085,3.988343,-0.0007295,-0.1801650,0.0132466,0.9835469
1788232734275660032,OK,1,0,17.1892,0.353,0,1459,0,0.273361,0.211042,3.997772,-0.0015217,-0.1849213,0.0136953,0.9826567
1788232734308998144,OK,1,0,17.6451,0.315917,0,1462,0,0.265328,0.214608,4.009084,-0.0008137,-0.1895048,0.0136697,0.9817843
1788232734342336256,OK,1,0,16.7815,0.331958,0,1461,0,0.254526,0.213948,4.020113,-0.0007571,-0.1941227,0.0139015,0.9808785
1788232734375674112,OK,1,0,16.8606,0.3135,0,1509,0,0.246853,0.212151,4.028181,-0.0010616,-0.1988755,0.0141868,0.9799215
1788232734409011968,OK,1,0,17.007,0.32875,0,1479,0,0.236008,0.215066,4.037591,-0.0007442,-0.2031640,0.0145710,0.9790360
1788232734442349824,OK,1,0,18.3062,0.340625,0,1486,0,0.230646,0.214776,4.049869,-0.0010425,-0.2083622,0.0146789,0.9779410
1788232734475687680,OK,1,0,17.3749,0.328125,0,1508,0,0.219733,0.212665,4.058753,-0.0012941,-0.2129363,0.0149301,0.9769512
1788232734509025536,OK,1,0,19.5154,4.39438,0,1491,0,0.209931,0.214982,4.070953,-0.0010067,-0.2176397,0.0154899,0.9759057
1788232734542363648,OK,1,0,17.2824,0.362,0,1438,0,0.200315,0.215403,4.078584,-0.0008713,-0.2218139,0.0163467,0.9749516
1788232734575701504,OK,1,0,18.7281,0.316625,0,1461,0,0.195058,0.216768,4.090179,-0.0006985,-0.2268292,0.0170677,0.9737847
1788232734609039360,OK,1,0,19.3295,0.352875,0,1456,0,0.186469,0.208998,4.097601,-0.0018773,-0.2312282,0.0175080,0.9727402
1788232734642376960,OK,1,0,18.1126,0.341125,0,1443,0,0.175043,0.217197,4.107410,-0.0008127,-0.2355242,0.0177353,0.9717063
1788232734675713792,OK,1,0,18.1996,0.382375,0,1425,0,0.166204,0.215086,4.120511,-0.0008156,-0.2402259,0.0179717,0.9705503
1788232734709051392,OK,1,0,16.6516,0.366916,0,1421,0,0.157789,0.217289,4.129538,-0.0005644,-0.2451809,0.0185007,0.9693006
1788232734742389248,OK,1,0,17.313,0.311708,0,1661,0,0.145509,0.219313,4.139768,-0.0002250,-0.2498981,0.0186063,0.9680933
1788232734775726848,OK,1,0,17.4449,0.338625,0,1518,0,0.136894,0.218161,4.147233,-0.0003076,-0.2544379,0.0192305,0.9668978
1788232734809064704,OK,1,0,17.0034,0.326834,0,1621,0,0.127174,0.220091,4.154895,0.0003039,-0.2583941,0.0194208,0.9658443
1788232734842402304,OK,1,0,16.601,0.318708,0,1578,0,0.118543,0.221198,4.164849,0.0003152,-0.2628790,0.0199976,0.9646215
1788232734875739904,OK,1,0,16.928,0.331291,0,1592,0,0.106311,0.221285,4.173002,0.0003768,-0.2664834,0.0196040,0.9636401
1788232734909077504,OK,1,0,17.9201,0.325209,0,1572,0,0.098659,0.220462,4.183675,-0.0001308,-0.2710105,0.0195423,0.9623780
1788232734942415104,OK,1,0,19.0334,0.310417,0,1531,0,0.088174,0.218831,4.190334,-0.0003808,-0.2746130,0.0193504,0.9613601
1788232734975752704,OK,1,0,17.9495,0.314292,0,1537,0,0.076773,0.220251,4.200912,-0.0003098,-0.2784890,0.0194565,0.9602423
1788232735009090048,OK,1,0,18.6585,0.324834,0,1553,0,0.066234,0.222454,4.211199,-0.0000470,-0.2823341,0.0191143,0.9591257
1788232735042427648,OK,1,0,18.4376,0.335125,0,1534,0,0.058611,0.220802,4.217636,-0.0005768,-0.2862823,0.0193502,0.9579498
1788232735075765248,OK,1,0,20.2235,0.339209,0,1475,0,0.046648,0.222060,4.227965,-0.0000046,-0.2892614,0.0200579,0.9570400
1788232735109102592,OK,1,0,18.6233,0.333208,0,1449,0,0.041089,0.220248,4.236301,-0.0000746,-0.2919849,0.0206392,0.9562002
1788232735142438912,OK,1,0,18.6087,0.379958,0,1479,0,0.033273,0.224394,4.245968,0.0006199,-0.2941851,0.0209574,0.9555185
1788232735175776256,OK,1,0,19.1878,0.340584,0,1439,0,0.022971,0.222489,4.255864,0.0004332,-0.2964662,0.0209915,0.9548125
1788232735209113856,OK,1,0,18.0265,0.333708,0,1448,0,0.014394,0.222355,4.264751,0.0003107,-0.2989035,0.0210866,0.9540503
1788232735242450688,OK,1,0,18.7288,0.354584,0,1500,0,0.005296,0.225035,4.272349,0.0011224,-0.3011023,0.0207342,0.9533657
1788232735275786496,OK,1,0,21.2823,0.320709,0,1480,0,-0.002639,0.222192,4.282398,0.0003318,-0.3035564,0.0211251,0.9525793
1788232735309122048,OK,1,0,18.8675,0.34375,0,1433,0,-0.011215,0.221780,4.293228,-0.0003472,-0.3057144,0.0215798,0.9518787
1788232735342458112,OK,1,0,20.8526,0.337542,0,1463,0,-0.021353,0.223633,4.301412,-0.0001970,-0.3079574,0.0217613,0.9511513
1788232735375793664,OK,1,0,18.0372,0.317083,0,1448,0,-0.029731,0.221302,4.309952,-0.0004216,-0.3101999,0.0213885,0.9504306
1788232735409129216,OK,1,0,18.6868,0.326042,0,1474,0,-0.038030,0.220962,4.320145,-0.0008344,-0.3125484,0.0216695,0.9496543
1788232735442464768,OK,1,0,20.0427,0.365375,0,1448,0,-0.048558,0.225479,4.330353,-0.0006432,-0.3147475,0.0215871,0.9489297
1788232735475800576,OK,1,0,17.6238,0.356583,0,1458,0,-0.057543,0.224282,4.339179,-0.0007748,-0.3172509,0.0213998,0.9480999
1788232735509135872,OK,1,0,28.2432,0.361459,0,1479,0,-0.064441,0.226067,4.348627,-0.0008516,-0.3198343,0.0216746,0.9472252
1788232735542471424,OK,1,0,19.1208,0.379917,0,1494,0,-0.072742,0.223666,4.356160,-0.0008938,-0.3220516,0.0224109,0.9464564
1788232735575806208,OK,1,0,18.0156,0.337209,0,1475,0,-0.081014,0.226420,4.366452,-0.0001487,-0.3244995,0.0232790,0.9455994
1788232735609141504,OK,1,0,18.1019,0.331541,0,1485,0,-0.089540,0.226013,4.373181,-0.0001638,-0.3263765,0.0236365,0.9449443
1788232735642477056,OK,1,0,18.5836,0.319584,0,1508,0,-0.098093,0.226360,4.382914,-0.0001533,-0.3287639,0.0238766,0.9441103
1788232735675812352,OK,1,0,18.2965,0.316834,0,1487,0,-0.108251,0.229252,4.392733,-0.0000320,-0.3316892,0.0238315,0.9430876
1788232735709147648,OK,1,0,18.1238,0.334042,0,1467,0,-0.118922,0.225551,4.398972,-0.0006119,-0.3344147,0.0235414,0.9421318
1788232735742482944,OK,1,0,18.379,0.370833,0,1495,0,-0.130943,0.228790,4.407381,-0.0007872,-0.3372673,0.0234832,0.9411157
1788232735775818240,OK,1,0,18.7164,0.320042,0,1545,0,-0.141066,0.226717,4.417721,-0.0016434,-0.3402890,0.0236012,0.9400232
1788232735809153536,OK,1,0,18.8176,0.316667,0,1515,0,-0.152998,0.229483,4.424322,-0.0011924,-0.3428212,0.0231707,0.9391142
1788232735842488832,OK,1,0,19.9688,0.320791,0,1520,0,-0.160469,0.227786,4.432205,-0.0015537,-0.3459743,0.0233781,0.9379514
1788232735875823872,OK,1,0,18.4716,0.337667,0,1508,0,-0.171169,0.230447,4.441488,-0.0016620,-0.3489201,0.0240498,0.9368424
1788232735909159168,OK,1,0,19.1969,0.338833,0,1510,0,-0.181158,0.229078,4.449292,-0.0019364,-0.3520626,0.0242622,0.9356599
1788232735942494464,OK,1,0,18.2721,0.32775,0,1493,0,-0.194312,0.230750,4.455915,-0.0012252,-0.3551556,0.0238721,0.9345016
1788232735975829248,OK,1,0,19.5528,0.319125,0,1473,0,-0.204392,0.229063,4.460978,-0.0017966,-0.3583212,0.0237136,0.9332954
1788232736009163520,OK,1,0,18.3427,0.335333,0,1470,0,-0.216069,0.230859,4.468887,-0.0024582,-0.3615403,0.0238645,0.9320478
1788232736042498560,OK,1,0,20.0212,0.32575,0,1493,0,-0.224929,0.230988,4.477509,-0.0029003,-0.3650833,0.0241982,0.9306558
1788232736075833600,OK,1,0,18.8371,0.328708,0,1505,0,-0.236688,0.231948,4.483506,-0.0026028,-0.3679921,0.0241614,0.9295113
1788232736109168384,OK,1,0,19.0401,0.318709,0,1505,0,-0.247679,0.230030,4.491321,-0.0029328,-0.3710929,0.0244070,0.9282703
1788232736142503424,OK,1,0,18.2645,0.33025,0,1480,0,-0.258693,0.233506,4.499282,-0.0031359,-0.3744497,0.0248787,0.9269081
1788232736175838464,OK,1,0,17.1645,0.316833,0,1445,0,-0.269207,0.234095,4.505878,-0.0029903,-0.3776653,0.0249155,0.9256021
1788232736209173248,OK,1,0,18.0372,0.329875,0,1475,0,-0.283041,0.234289,4.510889,-0.0028003,-0.3805151,0.0246958,0.9244407
1788232736242510592,OK,1,0,18.0524,0.326625,0,1465,0,-0.294040,0.233843,4.517613,-0.0030518,-0.3840146,0.0243807,0.9230001
1788232736275850752,OK,1,0,18.44,0.334584,0,1484,0,-0.304024,0.234768,4.524998,-0.0035883,-0.3878334,0.0244030,0.9213994
1788232736309191168,OK,1,0,18.0342,0.362375,0,1481,0,-0.316270,0.236010,4.531332,-0.0036669,-0.3911780,0.0248064,0.9199734
1788232736342531584,OK,1,0,17.9258,0.339291,0,1467,0,-0.326478,0.233366,4.535677,-0.0035509,-0.3945435,0.0249487,0.9185317
1788232736375871744,OK,1,0,18.5835,0.362375,0,1469,0,-0.338325,0.236453,4.540547,-0.0027638,-0.3979788,0.0252949,0.9170417
1788232736409212160,OK,1,0,17.9065,0.360833,0,1454,0,-0.352588,0.236575,4.548356,-0.0028838,-0.4020174,0.0253048,0.9152777
1788232736442552320,OK,1,0,19.882,0.335125,0,1462,0,-0.364862,0.236943,4.552312,-0.0030805,-0.4059661,0.0252262,0.9135347
1788232736475891712,OK,1,0,20.3469,0.332625,0,1464,0,-0.378670,0.237865,4.558852,-0.0029629,-0.4099260,0.0247288,0.9117787
1788232736509231872,OK,1,0,19.4133,0.331125,0,1492,0,-0.393418,0.239323,4.562753,-0.0026165,-0.4141895,0.0238249,0.9098751
1788232736542572288,OK,1,0,17.9277,0.346292,0,1486,0,-0.406620,0.238747,4.567089,-0.0032149,-0.4186936,0.0236850,0.9078130
1788232736575912704,OK,1,0,19.2904,0.342875,0,1453,0,-0.418700,0.240719,4.573724,-0.0037169,-0.4229863,0.0240135,0.9058102
1788232736609252864,OK,1,0,18.0235,0.354209,0,1452,0,-0.430694,0.240402,4.578602,-0.0040270,-0.4269621,0.0247387,0.9039221
1788232736642593280,OK,1,0,18.0561,0.355709,0,1448,0,-0.441473,0.240455,4.582960,-0.0036747,-0.4310104,0.0252204,0.9019870
1788232736675933696,OK,1,0,19.9366,0.334625,0,1446,0,-0.452499,0.240539,4.590166,-0.0039443,-0.4354782,0.0258169,0.8998203
1788232736709273856,OK,1,0,19.5039,0.329917,0,1483,0,-0.464778,0.242305,4.593007,-0.0043882,-0.4395374,0.0262311,0.8978305
1788232736742614528,OK,1,0,18.8191,0.35425,0,1465,0,-0.478958,0.242510,4.598637,-0.0043517,-0.4434924,0.0259004,0.8958933
1788232736775954944,OK,1,0,17.8748,0.340458,0,1460,0,-0.490687,0.242246,4.600622,-0.0041487,-0.4476252,0.0253966,0.8938509
1788232736809295104,OK,1,0,17.4742,0.331542,0,1449,0,-0.505807,0.242087,4.603325,-0.0040236,-0.4516503,0.0247415,0.8918428
1788232736842635520,OK,1,0,17.886,0.330584,0,1485,0,-0.518206,0.242887,4.608513,-0.0045124,-0.4559835,0.0249541,0.8896269
1788232736875975936,OK,1,0,19.1295,0.338041,0,1486,0,-0.531464,0.244305,4.614189,-0.0046228,-0.4599791,0.0256084,0.8875484
1788232736909315072,OK,1,0,17.2376,0.327292,0,1446,0,-0.542876,0.244341,4.617744,-0.0043339,-0.4640174,0.0259839,0.8854343
1788232736942655488,OK,1,0,17.7527,0.348666,0,1472,0,-0.554885,0.244361,4.620281,-0.0044578,-0.4679557,0.0259217,0.8833604
1788232736975995904,OK,1,0,19.0828,0.342292,0,1441,0,-0.566841,0.244190,4.624783,-0.0051762,-0.4722151,0.0258258,0.8810897
1788232737009336064,OK,1,0,19.0361,0.310083,0,1466,0,-0.580955,0.246321,4.629045,-0.0051401,-0.4761869,0.0259385,0.8789464
1788232737042676480,OK,1,0,17.7059,0.36475,0,1441,0,-0.596192,0.245621,4.630664,-0.0051613,-0.4798967,0.0252239,0.8769472
1788232737076017152,OK,1,0,17.8568,0.357667,0,1430,0,-0.609241,0.245240,4.632087,-0.0051282,-0.4842169,0.0246703,0.8745852
1788232737109357312,OK,1,0,18.458,0.324041,0,1401,0,-0.623796,0.247115,4.634632,-0.0050306,-0.4886196,0.0244248,0.8721405
1788232737142697728,OK,1,0,18.3341,0.326917,0,1412,0,-0.635249,0.246471,4.638696,-0.0053811,-0.4930374,0.0255978,0.8696148
1788232737176038144,OK,1,0,17.3502,0.361166,0,1436,0,-0.645991,0.246726,4.641809,-0.0049998,-0.4971726,0.0262373,0.8672405
1788232737209378304,OK,1,0,18.5323,0.335834,0,1417,0,-0.658097,0.245522,4.643740,-0.0046383,-0.5011212,0.0267665,0.8649507
1788232737242716672,OK,1,0,16.5686,0.323709,0,1381,0,-0.669095,0.246442,4.646285,-0.0043066,-0.5054561,0.0270431,0.8624178
1788232737276050944,OK,1,0,17.585,0.356833,0,1357,0,-0.682423,0.246212,4.648710,-0.0045698,-0.5098287,0.0278009,0.8598145
1788232737309385728,OK,1,0,18.4215,0.319459,0,1344,0,-0.695996,0.246594,4.650774,-0.0050064,-0.5140365,0.0276890,0.8573066
1788232737342719232,OK,1,0,16.7769,0.327,0,1295,0,-0.709758,0.247602,4.652892,-0.0049003,-0.5181991,0.0274825,0.8548043
1788232737376053760,OK,1,0,17.1834,0.351292,0,1335,0,-0.724391,0.248561,4.654078,-0.0044902,-0.5225024,0.0272880,0.8521891
1788232737409388288,OK,1,0,17.0403,0.320167,0,1316,0,-0.737171,0.248759,4.656476,-0.0042498,-0.5268497,0.0273677,0.8495072
1788232737442722304,OK,1,0,15.7155,0.321958,0,1306,0,-0.750962,0.248945,4.659089,-0.0044375,-0.5308007,0.0278622,0.8470269
1788232737476056576,OK,1,0,17.4017,0.35375,0,1305,0,-0.762066,0.249896,4.659784,-0.0040074,-0.5348358,0.0283356,0.8444713
1788232737509390848,OK,1,0,16.2544,0.319584,0,1281,0,-0.776241,0.249896,4.662615,-0.0033261,-0.5390676,0.0288097,0.8417631
1788232737542724864,OK,1,0,15.8577,0.311416,0,1283,0,-0.786948,0.249182,4.663838,-0.0030510,-0.5434716,0.0298701,0.8388905
1788232737576059136,OK,1,0,15.6022,0.323166,0,1272,0,-0.798384,0.248386,4.666153,-0.0031700,-0.5475652,0.0308904,0.8361866
1788232737609393152,OK,1,0,15.4664,0.348375,0,1245,0,-0.809905,0.249127,4.666529,-0.0027587,-0.5514484,0.0311220,0.8336237
1788232737642727168,OK,1,0,15.105,0.326791,0,1241,0,-0.823034,0.248664,4.666976,-0.0023519,-0.5555872,0.0311949,0.8308696
1788232737676060672,OK,1,0,15.0912,0.319958,0,1188,0,-0.836792,0.249019,4.667173,-0.0021351,-0.5599623,0.0312673,0.8279251
1788232737709394432,OK,1,0,15.5377,0.343625,0,1187,0,-0.850628,0.248736,4.669531,-0.0020201,-0.5640833,0.0310594,0.8251311
1788232737742728192,OK,1,0,15.1829,0.363583,0,1181,0,-0.863180,0.247703,4.667460,-0.0015758,-0.5677364,0.0308570,0.8226304
1788232737776061952,OK,1,0,15.3415,0.332584,0,1215,0,-0.875627,0.248755,4.667715,-0.0014258,-0.5720069,0.0311284,0.8196568
1788232737809394688,OK,1,0,14.9212,0.344667,0,1215,0,-0.887351,0.248718,4.668200,-0.0015662,-0.5761026,0.0318056,0.8167568
1788232737842728192,OK,1,0,16.6223,0.3115,0,1209,0,-0.897522,0.248377,4.667471,-0.0011628,-0.5798519,0.0326490,0.8140666
1788232737876061696,OK,1,0,14.8481,0.321917,0,1224,0,-0.908077,0.246246,4.667720,-0.0004461,-0.5838006,0.0331525,0.8112199
1788232737909394944,OK,1,0,15.259,0.323916,0,1247,0,-0.921021,0.246956,4.666195,-0.0004391,-0.5878198,0.0330917,0.8083147
1788232737942728448,OK,1,0,15.7203,0.318959,0,1262,0,-0.933601,0.247032,4.663547,-0.0007615,-0.5916638,0.0332297,0.8054994
1788232737976061696,OK,1,0,15.1667,0.341042,0,1282,0,-0.947537,0.247487,4.664573,-0.0007527,-0.5957456,0.0332561,0.8024840
1788232738009394944,OK,1,0,15.7109,0.329292,0,1284,0,-0.959872,0.245637,4.661835,-0.0003089,-0.5995231,0.0330184,0.7996760
1788232738042727936,OK,1,0,15.7424,0.311375,0,1324,0,-0.973183,0.246247,4.660302,0.0002497,-0.6033723,0.0330513,0.7967744
1788232738076061184,OK,1,0,16.0346,0.353417,0,1448,0,-0.984790,0.245881,4.661232,0.0000263,-0.6073241,0.0335521,0.7937453
1788232738109394176,OK,1,0,16.7383,0.338708,0,1401,0,-0.995463,0.245474,4.662436,-0.0002190,-0.6111875,0.0345321,0.7907321
1788232738142727168,OK,1,0,16.5295,0.328542,0,1586,0,-1.007559,0.245213,4.661625,0.0005333,-0.6147568,0.0349229,0.7879430
1788232738176060160,OK,1,0,16.4096,0.332875,0,1518,0,-1.019703,0.245291,4.662642,0.0008037,-0.6188506,0.0352698,0.7847161
1788232738209393152,OK,1,0,16.5283,0.334,0,1466,0,-1.032621,0.245840,4.659888,0.0003902,-0.6225189,0.0356985,0.7817901
1788232738242725632,OK,1,0,16.4601,0.341209,0,1431,0,-1.044656,0.245788,4.664649,0.0003794,-0.6265625,0.0355746,0.7785587
1788232738276059904,OK,1,0,16.7221,0.330959,0,1440,0,-1.056958,0.246892,4.665770,0.0011047,-0.6305896,0.0354446,0.7753059
1788232738309394176,OK,1,0,17.4282,0.333583,0,1416,0,-1.069487,0.245926,4.663249,0.0013018,-0.6344403,0.0355248,0.7721541
1788232738342728448,OK,1,0,17.3184,0.349,0,1610,0,-1.081289,0.242742,4.659582,0.0011158,-0.6379082,0.0356804,0.7692847
1788232738376062720,OK,1,0,16.592,0.326083,0,1463,0,-1.093894,0.243344,4.660282,0.0013165,-0.6414770,0.0362638,0.7662836
1788232738409396736,OK,1,0,15.9384,0.336167,0,1390,0,-1.105136,0.244110,4.663229,0.0015907,-0.6456896,0.0366310,0.7627192
1788232738442730752,OK,1,0,18.2526,0.332417,0,1467,0,-1.117317,0.243399,4.659185,0.0015482,-0.6492916,0.0368614,0.7596442
1788232738476064768,OK,1,0,24.3774,0.346334,0,1459,0,-1.129723,0.242307,4.655173,0.0015263,-0.6526172,0.0373292,0.7567661
1788232738509398784,OK,1,0,16.8955,0.356958,0,1388,0,-1.141871,0.241758,4.653969,0.0014207,-0.6561896,0.0377121,0.7536519
1788232738542732544,OK,1,0,15.3927,0.342459,0,1412,0,-1.154764,0.241620,4.652524,0.0014851,-0.6598528,0.0378094,0.7504416
1788232738576066304,OK,1,0,16.583,0.313459,0,1621,0,-1.166964,0.241697,4.650663,0.0014433,-0.6632171,0.0379482,0.7474630
1788232738609399808,OK,1,0,16.8831,0.337875,0,1636,0,-1.180176,0.240738,4.647616,0.0015980,-0.6657293,0.0377794,0.7452347
1788232738642733568,OK,1,0,17.3436,0.344375,0,1651,0,-1.192870,0.240654,4.647912,0.0013654,-0.6681962,0.0379598,0.7430148
1788232738676066048,OK,1,0,16.6408,0.332875,0,1608,0,-1.206301,0.242460,4.646276,0.0015253,-0.6704609,0.0380390,0.7409676
1788232738709399552,OK,1,0,16.5983,0.3145,0,1690,0,-1.219825,0.240849,4.644817,0.0016053,-0.6728467,0.0379985,0.7388036
1788232738742733056,OK,1,0,17.1548,0.322167,0,1688,0,-1.231278,0.238250,4.642008,0.0015813,-0.6744944,0.0379568,0.7373019
1788232738776066560,OK,1,0,17.6698,0.356209,0,1623,0,-1.243274,0.237678,4.640745,0.0013774,-0.6762828,0.0381254,0.7356536
1788232738809399808,OK,1,0,16.6013,0.3455,0,1612,0,-1.256323,0.238255,4.640724,0.0011663,-0.6782978,0.0380839,0.7337986
1788232738842733056,OK,1,0,17.1718,0.329791,0,1581,0,-1.269812,0.239469,4.636292,0.0018163,-0.6799156,0.0375087,0.7323282
1788232738876066304,OK,1,0,16.1167,0.345291,0,1547,0,-1.284133,0.239126,4.636604,0.0017297,-0.6817878,0.0370696,0.7306081
1788232738909399296,OK,1,0,16.1127,0.321667,0,1540,0,-1.297351,0.239870,4.634262,0.0014842,-0.6833248,0.0368533,0.7291823
1788232738942732544,OK,1,0,16.3427,0.348166,0,1489,0,-1.311497,0.240295,4.632489,0.0009655,-0.6850503,0.0367263,0.7275688
1788232738976065536,OK,1,0,15.9801,0.337292,0,1463,0,-1.323709,0.238777,4.629120,0.0009528,-0.6866056,0.0365028,0.7261125
1788232739009398272,OK,1,0,16.008,0.344083,0,1456,0,-1.336881,0.234723,4.625297,0.0004656,-0.6882660,0.0361916,0.7245551
1788232739042731264,OK,1,0,15.4118,0.338583,0,1440,0,-1.350280,0.238321,4.630161,0.0008400,-0.6904801,0.0366050,0.7224241
1788232739076064000,OK,1,0,15.3164,0.326375,0,1391,0,-1.362943,0.235448,4.627912,0.0009032,-0.6922044,0.0369317,0.7207554
1788232739109396736,OK,1,0,14.9197,0.316583,0,1401,0,-1.375403,0.237605,4.625031,0.0010115,-0.6938450,0.0374286,0.7191503
1788232739142728192,OK,1,0,14.9274,0.334125,0,1316,0,-1.386627,0.236071,4.622580,0.0009261,-0.6951912,0.0377705,0.7178313
1788232739176060672,OK,1,0,14.7644,0.323458,0,1271,0,-1.399189,0.237750,4.622363,0.0014682,-0.6970193,0.0380918,0.7160383
1788232739209393408,OK,1,0,14.0222,0.325042,0,1206,0,-1.410465,0.236026,4.619677,0.0017602,-0.6986516,0.0383301,0.7144324
1788232739242731008,OK,1,0,15.2566,0.333042,0,1180,0,-1.422167,0.234548,4.618013,0.0013412,-0.7004047,0.0383956,0.7127112
1788232739276075520,OK,1,0,14.4925,0.337375,0,1201,0,-1.436971,0.235022,4.614981,0.0013118,-0.7020182,0.0381677,0.7111343
1788232739309420032,OK,1,0,13.3774,0.323042,0,1192,0,-1.450280,0.236031,4.615346,0.0018118,-0.7039402,0.0380550,0.7092367
1788232739342764288,OK,1,0,14.1953,0.326375,0,1167,0,-1.461737,0.237240,4.614984,0.0019199,-0.7058191,0.0381713,0.7073603
1788232739376109056,OK,1,0,14.4454,0.340875,0,1134,0,-1.474962,0.237145,4.612330,0.0018407,-0.7073006,0.0385699,0.7058575
1788232739409453568,OK,1,0,13.6362,0.336542,0,1177,0,-1.486832,0.234618,4.604629,0.0018426,-0.7085217,0.0385372,0.7046335
1788232739442798336,OK,1,0,13.7373,0.328542,0,1157,0,-1.498113,0.232619,4.602178,0.0019572,-0.7100796,0.0384281,0.7030694
1788232739476143104,OK,1,0,14.3172,0.326792,0,1137,0,-1.512173,0.234409,4.602501,0.0025051,-0.7122334,0.0383511,0.7008898
1788232739509487872,OK,1,0,13.9314,0.343125,0,1180,0,-1.525395,0.235574,4.597680,0.0031236,-0.7139623,0.0384828,0.6991189
1788232739542832640,OK,1,0,14.2003,0.335875,0,1129,0,-1.537012,0.233721,4.594482,0.0035754,-0.7158895,0.0389963,0.6971146
1788232739576176640,OK,1,0,14.1833,0.336375,0,1403,0,-1.548036,0.233002,4.591415,0.0034206,-0.7172372,0.0397304,0.6956871
1788232739609521408,OK,1,0,15.2058,0.321208,0,1364,0,-1.558360,0.230286,4.591303,0.0031383,-0.7187525,0.0403211,0.6940888
1788232739642866432,OK,1,0,15.148,0.343459,0,1237,0,-1.569727,0.230990,4.589778,0.0034678,-0.7204624,0.0408003,0.6922841
1788232739676211456,OK,1,0,14.3261,0.363208,0,1200,0,-1.581425,0.231652,4.586950,0.0038558,-0.7222278,0.0410981,0.6904225
1788232739709556480,OK,1,0,14.6486,0.313417,0,1306,0,-1.594035,0.229718,4.580041,0.0033773,-0.7237579,0.0411113,0.6888199
1788232739742901248,OK,1,0,14.2326,0.337,0,1180,0,-1.609007,0.230503,4.579799,0.0030623,-0.7257922,0.0407151,0.6867013
1788232739776246528,OK,1,0,14.3602,0.360209,0,1261,0,-1.620987,0.231054,4.572842,0.0037389,-0.7270710,0.0401515,0.6853770
1788232739809591552,OK,1,0,15.6586,0.338125,0,1578,0,-1.633680,0.228968,4.569694,0.0035726,-0.7285660,0.0398339,0.6838071
1788232739842936832,OK,1,0,15.3305,0.320541,0,1621,0,-1.645296,0.227003,4.567323,0.0026513,-0.7303532,0.0398179,0.6819031
1788232739876281856,OK,1,0,16.3015,0.343833,0,1521,0,-1.657927,0.228438,4.562387,0.0028134,-0.7319975,0.0403988,0.6801027
1788232739909627136,OK,1,0,15.9052,0.3245,0,1475,0,-1.670815,0.227718,4.560543,0.0027965,-0.7335236,0.0409944,0.6784208
1788232739942972672,OK,1,0,15.444,0.332542,0,1468,0,-1.681030,0.227100,4.558095,0.0027781,-0.7350895,0.0412091,0.6767108
1788232739976317952,OK,1,0,15.8746,0.3255,0,1428,0,-1.694476,0.228857,4.554018,0.0032543,-0.7367732,0.0413201,0.6748683
1788232740009662464,OK,1,0,15.1618,0.324291,0,1292,0,-1.706840,0.228131,4.548974,0.0035422,-0.7383715,0.0411704,0.6731270
1788232740043007744,OK,1,0,15.1586,0.315208,0,1337,0,-1.719611,0.229073,4.543778,0.0033895,-0.7397772,0.0413649,0.6715707
1788232740076353280,OK,1,0,14.9978,0.326625,0,1287,0,-1.731702,0.230429,4.540640,0.0031432,-0.7413025,0.0416953,0.6698673
1788232740109698816,OK,1,0,16.1914,0.31975,0,1253,0,-1.741821,0.227317,4.535902,0.0036268,-0.7426357,0.0420181,0.6683663
1788232740143044352,OK,1,0,14.9273,0.320292,0,1366,0,-1.753535,0.226281,4.534932,0.0036365,-0.7443198,0.0428587,0.6664369
1788232740176389888,OK,1,0,15.1044,0.351584,0,1335,0,-1.765930,0.226314,4.533995,0.0032419,-0.7460779,0.0435745,0.6644235
1788232740209735680,OK,1,0,14.5781,0.323542,0,1281,0,-1.777454,0.226703,4.529294,0.0032136,-0.7476071,0.0437727,0.6626894
1788232740243079168,OK,1,0,14.2227,0.321583,0,1231,0,-1.789367,0.225181,4.522658,0.0040252,-0.7489165,0.0433851,0.6612304
1788232740276419840,OK,1,0,14.1817,0.3375,0,1259,0,-1.800415,0.224456,4.517207,0.0042791,-0.7503592,0.0431790,0.6596045
1788232740309760768,OK,1,0,15.3399,0.347125,0,1497,0,-1.814702,0.226205,4.513497,0.0037232,-0.7521175,0.0429151,0.6576198
1788232740343101440,OK,1,0,15.2557,0.339833,0,1370,0,-1.825132,0.226772,4.507966,0.0035113,-0.7535735,0.0430483,0.6559432
1788232740376442112,OK,1,0,15.5113,0.318375,0,1293,0,-1.838886,0.225569,4.505265,0.0035513,-0.7550621,0.0431743,0.6542206
1788232740409782784,OK,1,0,14.8613,0.308334,0,1343,0,-1.849953,0.223163,4.499220,0.0034097,-0.7564268,0.0431056,0.6526475
1788232740443123200,OK,1,0,14.7524,0.315625,0,1280,0,-1.864236,0.225941,4.495637,0.0034197,-0.7581618,0.0431295,0.6506295
1788232740476463104,OK,1,0,16.5388,0.327375,0,1266,0,-1.875103,0.225691,4.490228,0.0037364,-0.7595841,0.0430835,0.6489699
1788232740509803776,OK,1,0,15.3098,0.343875,0,1281,0,-1.888317,0.225755,4.487112,0.0038880,-0.7610021,0.0428742,0.6473195
1788232740543144192,OK,1,0,15.9011,0.342917,0,1253,0,-1.900536,0.221526,4.480346,0.0035621,-0.7624091,0.0423850,0.6456960
1788232740576484608,OK,1,0,15.0228,0.33625,0,1454,0,-1.913812,0.222144,4.475499,0.0039275,-0.7641934,0.0422456,0.6435903
1788232740609825280,OK,1,0,16.4815,0.342583,0,1308,0,-1.925845,0.219130,4.470423,0.0035117,-0.7656876,0.0421483,0.6418205
1788232740643165696,OK,1,0,15.664,0.344333,0,1316,0,-1.937819,0.220986,4.468557,0.0032841,-0.7665942,0.0427476,0.6406990
1788232740676506112,OK,1,0,15.7085,0.342416,0,1259,0,-1.951370,0.223375,4.466579,0.0034600,-0.7669477,0.0428932,0.6402650
1788232740709846784,OK,1,0,15.2275,0.32725,0,1296,0,-1.962134,0.216812,4.462313,0.0032740,-0.7670873,0.0423450,0.6401354
1788232740743186944,OK,1,0,14.6163,0.360083,0,1240,0,-1.975591,0.220697,4.459214,0.0036855,-0.7670758,0.0424157,0.6401423
1788232740776527360,OK,1,0,15.9059,0.323791,0,1261,0,-1.989355,0.220902,4.454953,0.0032659,-0.7669643,0.0420612,0.6403015
1788232740809868032,OK,1,0,14.5529,0.344459,0,1293,0,-2.002901,0.219120,4.452469,0.0030824,-0.7670808,0.0418062,0.6401795
1788232740843208192,OK,1,0,16.1243,0.316666,0,1652,0,-2.017021,0.218366,4.452380,0.0026495,-0.7672967,0.0419995,0.6399100
1788232740876548608,OK,1,0,17.9801,0.32725,0,1637,0,-2.028306,0.217647,4.447734,0.0028359,-0.7671455,0.0417776,0.6401049
1788232740909887744,OK,1,0,18.7892,0.324166,0,1639,0,-2.041000,0.217967,4.445438,0.0032453,-0.7672244,0.0420420,0.6399912
1788232740943227904,OK,1,0,17.5152,0.33625,0,1601,0,-2.052921,0.217287,4.444043,0.0034090,-0.7672580,0.0420889,0.6399469
1788232740976568320,OK,1,0,16.766,0.326584,0,1739,0,-2.065242,0.219786,4.440299,0.0038463,-0.7671496,0.0424360,0.6400515
1788232741009908480,OK,1,0,16.9991,0.330166,0,1447,0,-2.079106,0.220604,4.438548,0.0039568,-0.7671967,0.0427395,0.6399742
1788232741043248896,OK,1,0,16.4092,0.334833,0,1308,0,-2.091092,0.216889,4.435926,0.0037380,-0.7671271,0.0421919,0.6400954
1788232741076588800,OK,1,0,15.2614,0.34125,0,1320,0,-2.103745,0.218312,4.432497,0.0039800,-0.7672857,0.0416221,0.6399409
1788232741109928960,OK,1,0,17.766,0.334083,0,1349,0,-2.118973,0.219957,4.429999,0.0037672,-0.7676646,0.0411006,0.6395215
1788232741143269120,OK,1,0,16.5845,0.330875,0,1385,0,-2.132625,0.220631,4.427588,0.0037409,-0.7678627,0.0406052,0.6393154
1788232741176609024,OK,1,0,15.9145,0.349667,0,1475,0,-2.145563,0.221727,4.424520,0.0034846,-0.7676905,0.0406784,0.6395189
1788232741209949184,OK,1,0,16.6334,0.334625,0,1462,0,-2.158804,0.221646,4.420314,0.0034289,-0.7672377,0.0407073,0.6400607
1788232741243286784,OK,1,0,16.2142,0.334833,0,1474,0,-2.171670,0.220421,4.417274,0.0034217,-0.7671901,0.0402506,0.6401466
1788232741276620800,OK,1,0,18.6962,0.335042,0,1519,0,-2.185083,0.219963,4.414199,0.0032492,-0.7675432,0.0395589,0.6397671
1788232741309954560,OK,1,0,17.0179,0.3285,0,1547,0,-2.198948,0.223553,4.411367,0.0033984,-0.7677687,0.0395981,0.6394933
1788232741343287552,OK,1,0,16.5797,0.35525,0,1521,0,-2.211306,0.219398,4.410026,0.0030661,-0.7678168,0.0392732,0.6394573
1788232741376621312,OK,1,0,17.513,0.334083,0,1566,0,-2.224430,0.222122,4.409296,0.0034604,-0.7676639,0.0401460,0.6395846
1788232741409955072,OK,1,0,16.8279,0.345416,0,1510,0,-2.235488,0.219495,4.405998,0.0033639,-0.7674150,0.0404036,0.6398675
1788232741443288576,OK,1,0,17.3525,0.330209,0,1528,0,-2.247906,0.220289,4.402164,0.0034621,-0.7675670,0.0404033,0.6396847
1788232741476622080,OK,1,0,17.4035,0.356292,0,1580,0,-2.261675,0.222345,4.402088,0.0034324,-0.7681134,0.0403873,0.6390297
1788232741509955584,OK,1,0,17.1721,0.326375,0,1557,0,-2.273153,0.221607,4.399804,0.0031982,-0.7682906,0.0404269,0.6388153
1788232741543289088,OK,1,0,18.1646,0.330208,0,1555,0,-2.285706,0.219005,4.396916,0.0029687,-0.7682078,0.0408782,0.6388872
1788232741576622336,OK,1,0,16.7312,0.345333,0,1553,0,-2.297052,0.219854,4.397065,0.0028341,-0.7679262,0.0414908,0.6391869
1788232741609955840,OK,1,0,17.107,0.32775,0,1532,0,-2.312042,0.221356,4.393496,0.0028396,-0.7678201,0.0413206,0.6393253
1788232741643288832,OK,1,0,17.8382,0.371458,0,1580,0,-2.323891,0.221204,4.390271,0.0024211,-0.7682368,0.0406876,0.6388669
1788232741676622080,OK,1,0,18.1476,0.307709,0,1555,0,-2.338199,0.221041,4.386792,0.0019451,-0.7685512,0.0402803,0.6385160
1788232741709955072,OK,1,0,17.3196,0.329042,0,1537,0,-2.352245,0.221008,4.385096,0.0019121,-0.7682641,0.0400016,0.6388791
1788232741743288064,OK,1,0,16.4385,0.327041,0,1549,0,-2.365425,0.222536,4.383341,0.0017836,-0.7680213,0.0404804,0.6391411
1788232741776621056,OK,1,0,17.823,0.3315,0,1498,0,-2.378507,0.220341,4.380740,0.0014411,-0.7680586,0.0401574,0.6391176
1788232741809952768,OK,1,0,17.3737,0.305167,0,1539,0,-2.390409,0.220485,4.376920,0.0015822,-0.7682122,0.0396760,0.6389627
1788232741843285760,OK,1,0,18.0807,0.317833,0,1539,0,-2.403350,0.223996,4.373673,0.0018209,-0.7683982,0.0398958,0.6387247
1788232741876618496,OK,1,0,18.4061,0.321833,0,1548,0,-2.416287,0.222158,4.371661,0.0020963,-0.7684099,0.0400129,0.6387025
1788232741909950976,OK,1,0,17.2775,0.343,0,1541,0,-2.426466,0.220408,4.370400,0.0022153,-0.7683929,0.0405294,0.6386900
1788232741943283456,OK,1,0,18.8822,0.366542,0,1525,0,-2.440519,0.222403,4.369343,0.0023807,-0.7685683,0.0411926,0.6384358
1788232741976615936,OK,1,0,16.8762,0.324333,0,1496,0,-2.452127,0.219623,4.366766,0.0019793,-0.7685404,0.0408966,0.6384898
1788232742009948416,OK,1,0,16.1367,0.342042,0,1524,0,-2.464107,0.222310,4.363859,0.0021817,-0.7684571,0.0413780,0.6385584
1788232742043280640,OK,1,0,17.2695,0.322666,0,1491,0,-2.477935,0.221333,4.360805,0.0020315,-0.7683198,0.0414300,0.6387206
1788232742076613120,OK,1,0,16.7157,0.334042,0,1488,0,-2.492490,0.221707,4.358482,0.0020397,-0.7683832,0.0410290,0.6386703
1788232742109945344,OK,1,0,17.329,0.320709,0,1454,0,-2.503538,0.224149,4.356125,0.0024538,-0.7684687,0.0413157,0.6385474
1788232742143277568,OK,1,0,16.4766,0.350083,0,1489,0,-2.516722,0.221557,4.351916,0.0020577,-0.7684352,0.0409791,0.6386108
1788232742176609536,OK,1,0,16.5997,0.336708,0,1480,0,-2.528920,0.222858,4.350850,0.0022940,-0.7684714,0.0407206,0.6385831
1788232742209941760,OK,1,0,16.9193,0.315333,0,1544,0,-2.540969,0.220210,4.346790,0.0021844,-0.7683573,0.0407526,0.6387186
1788232742243273216,OK,1,0,16.5295,0.338583,0,1339,0,-2.556603,0.221663,4.344625,0.0021903,-0.7683672,0.0409225,0.6386958
1788232742276606208,OK,1,0,15.1638,0.338625,0,1169,0,-2.569215,0.215254,4.344131,0.0017735,-0.7684811,0.0401963,0.6386063
1788232742309939200,OK,1,0,15.2923,0.339083,0,1146,0,-2.584801,0.217785,4.341057,0.0019310,-0.7687990,0.0404092,0.6382096
1788232742343272192,OK,1,0,15.2934,0.331458,0,1153,0,-2.597868,0.218662,4.335775,0.0019169,-0.7686737,0.0399896,0.6383870
1788232742376605184,OK,1,0,14.613,0.32775,0,1115,0,-2.608992,0.224265,4.330988,0.0027052,-0.7684722,0.0403603,0.6386033
1788232742409937920,OK,1,0,15.6314,0.329708,0,1111,0,-2.624065,0.223514,4.329210,0.0026470,-0.7685733,0.0401513,0.6384950
1788232742443270656,OK,1,0,15.2059,0.335,0,1123,0,-2.636841,0.220220,4.328230,0.0022769,-0.7685367,0.0395117,0.6385804
1788232742476603392,OK,1,0,16.4922,0.335125,0,1098,0,-2.648933,0.217461,4.324825,0.0020494,-0.7685130,0.0394647,0.6386127
1788232742509936128,OK,1,0,14.796,0.318625,0,1094,0,-2.662535,0.215693,4.325257,0.0012488,-0.7688478,0.0393019,0.6382216
1788232742543268608,OK,1,0,15.8142,0.323708,0,1065,0,-2.676860,0.224144,4.319747,0.0020730,-0.7684808,0.0397584,0.6386331
1788232742576600832,OK,1,0,14.5818,0.343166,0,1060,0,-2.690587,0.220109,4.318881,0.0017259,-0.7685972,0.0397269,0.6384960
1788232742609933312,OK,1,0,15.0861,0.332458,0,1034,0,-2.701129,0.217834,4.317066,0.0015598,-0.7685799,0.0393397,0.6385413
1788232742643265536,OK,1,0,15.7981,0.333125,0,1030,0,-2.713769,0.221332,4.312903,0.0021082,-0.7684915,0.0392331,0.6386526
1788232742676596736,OK,1,0,16.1601,0.330542,0,1003,0,-2.724329,0.217603,4.309944,0.0015721,-0.7687680,0.0390354,0.6383334
1788232742709928960,OK,1,0,15.4443,0.35525,0,1016,0,-2.740549,0.221170,4.308300,0.0018942,-0.7693222,0.0396452,0.6376269
1788232742743260928,OK,1,0,15.6329,0.344834,0,1016,0,-2.752170,0.223008,4.303564,0.0026857,-0.7693477,0.0399716,0.6375729
1788232742776592896,OK,1,0,15.9058,0.347916,0,1019,0,-2.765219,0.220950,4.299992,0.0024887,-0.7698970,0.0397943,0.6369214
1788232742809924864,OK,1,0,14.9295,0.35875,0,1001,0,-2.776985,0.220477,4.297489,0.0023201,-0.7708842,0.0397727,0.6357282
1788232742843256576,OK,1,0,15.237,0.358042,0,1004,0,-2.787237,0.222675,4.293312,0.0029971,-0.7722329,0.0406496,0.6340307
1788232742876588288,OK,1,0,17.0834,0.360916,0,1272,0,-2.799304,0.219658,4.288289,0.0029409,-0.7740236,0.0410297,0.6318191
1788232742909920256,OK,1,0,18.46,0.3165,0,1175,0,-2.809693,0.219732,4.282557,0.0032349,-0.7759482,0.0412841,0.6294360
1788232742943251712,OK,1,0,33.8852,0.33975,0,1186,0,-2.816121,0.222277,4.276881,0.0041817,-0.7778555,0.0413964,0.6270643
1788232742976583168,OK,1,0,15.9328,0.337833,0,1160,0,-2.827334,0.224661,4.268104,0.0048095,-0.7802390,0.0418310,0.6240627
1788232743009914624,OK,1,0,15.568,0.345041,0,1117,0,-2.838432,0.221040,4.261861,0.0041043,-0.7832488,0.0417074,0.6202942
1788232743043246080,OK,1,0,14.416,0.320208,0,1090,0,-2.850498,0.224274,4.255901,0.0047026,-0.7864174,0.0423462,0.6162243
1788232743076577280,OK,1,0,14.2818,0.333459,0,1123,0,-2.860456,0.218951,4.248147,0.0043238,-0.7893643,0.0419819,0.6124728
1788232743109908480,OK,1,0,15.5043,0.342458,0,1317,0,-2.874573,0.218924,4.240481,0.0041845,-0.7922154,0.0422623,0.6087620
1788232743143238400,OK,1,0,15.2515,0.324458,0,1165,0,-2.882760,0.216474,4.232275,0.0036629,-0.7950100,0.0425278,0.6050926
1788232743176569600,OK,1,0,15.2994,0.329041,0,1103,0,-2.895571,0.219208,4.226751,0.0037132,-0.7981271,0.0432830,0.6009209
1788232743209900544,OK,1,0,14.5655,0.352625,0,1100,0,-2.904346,0.217591,4.217696,0.0039424,-0.8009593,0.0431267,0.5971506
1788232743243237888,OK,1,0,13.5882,0.345375,0,1071,0,-2.914618,0.219485,4.207333,0.0043344,-0.8037118,0.0433596,0.5934210
1788232743276582912,OK,1,0,14.8592,0.346792,0,1079,0,-2.926754,0.219637,4.198376,0.0043599,-0.8064992,0.0437531,0.5895981
1788232743309928448,OK,1,0,14.4812,0.348333,0,1039,0,-2.935898,0.218016,4.191509,0.0044115,-0.8092955,0.0439667,0.5857373
1788232743343273984,OK,1,0,14.9998,0.329167,0,1038,0,-2.947000,0.220353,4.181914,0.0049257,-0.8122239,0.0446826,0.5816112
1788232743376619264,OK,1,0,14.6488,0.319666,0,1040,0,-2.957771,0.219541,4.170261,0.0051871,-0.8150205,0.0451034,0.5776507
1788232743409964800,OK,1,0,15.2268,0.339375,0,1032,0,-2.970306,0.222773,4.165865,0.0056831,-0.8183147,0.0459257,0.5729046
1788232743443310336,OK,1,0,14.6775,0.353583,0,1032,0,-2.980174,0.216829,4.157676,0.0053450,-0.8213091,0.0455736,0.5686350
1788232743476656128,OK,1,0,17.2039,0.334042,0,1009,0,-2.985852,0.216810,4.144967,0.0056544,-0.8243478,0.0453160,0.5642387
1788232743510001408,OK,1,0,14.6571,0.331916,0,1015,0,-2.998226,0.216109,4.135594,0.0058745,-0.8278706,0.0450751,0.5590742
1788232743543347200,OK,1,0,15.2614,0.345166,0,1024,0,-3.010181,0.222018,4.122530,0.0064106,-0.8311220,0.0455278,0.5541862
1788232743576691968,OK,1,0,15.433,0.334291,0,1010,0,-3.020951,0.212577,4.114257,0.0056322,-0.8347635,0.0445588,0.5487739
1788232743610037248,OK,1,0,16.9621,0.389709,0,1020,0,-3.032888,0.217290,4.100042,0.0064274,-0.8381467,0.0453507,0.5435183
1788232743643383040,OK,1,0,15.5686,0.349208,0,1034,0,-3.040161,0.212950,4.092703,0.0061806,-0.8415796,0.0453503,0.5381904
1788232743676729088,OK,1,0,15.3479,0.336708,0,1023,0,-3.056333,0.210228,4.085380,0.0055602,-0.8451474,0.0461075,0.5325122
1788232743710074624,OK,1,0,16.4173,0.338542,0,1064,0,-3.063814,0.208723,4.076671,0.0055571,-0.8482009,0.0466876,0.5275837
1788232743743420416,OK,1,0,16.657,0.365917,0,1318,0,-3.072443,0.208036,4.066555,0.0057528,-0.8514073,0.0471545,0.5223496
1788232743776766464,OK,1,0,16.8016,0.333792,0,1196,0,-3.076573,0.209934,4.056305,0.0062325,-0.8543963,0.0475867,0.5174009
1788232743810112256,OK,1,0,16.5441,0.335917,0,1210,0,-3.088351,0.205871,4.046106,0.0053922,-0.8576115,0.0471889,0.5121003
1788232743843458048,OK,1,0,15.7668,0.35675,0,1173,0,-3.102919,0.210349,4.033363,0.0055329,-0.8608990,0.0477667,0.5064983
1788232743876803840,OK,1,0,17.0659,0.351958,0,1185,0,-3.108783,0.205339,4.023896,0.0052642,-0.8641068,0.0472785,0.5010553
1788232743910150144,OK,1,0,16.8379,0.332458,0,1213,0,-3.124161,0.206377,4.013565,0.0053262,-0.8676936,0.0475457,0.4947917
1788232743943496192,OK,1,0,17.383,0.346541,0,1204,0,-3.127305,0.204114,4.000602,0.0052038,-0.8706534,0.0474453,0.4895759
1788232743976841984,OK,1,0,15.3632,0.332416,0,1177,0,-3.138540,0.206168,3.988573,0.0060948,-0.8739817,0.0481284,0.4835313
1788232744010187264,OK,1,0,17.655,0.35925,0,1330,0,-3.141939,0.204082,3.979280,0.0064273,-0.8771106,0.0488534,0.4777543
1788232744043533312,OK,1,0,17.113,0.341666,0,1249,0,-3.152690,0.204311,3.968440,0.0060993,-0.8802216,0.0498281,0.4719003
1788232744076879360,OK,1,0,16.0336,0.34125,0,1173,0,-3.155922,0.201948,3.958302,0.0057674,-0.8829395,0.0505724,0.4667195
1788232744110225664,OK,1,0,15.8362,0.335834,0,1150,0,-3.164444,0.201247,3.948303,0.0061425,-0.8859488,0.0511417,0.4609138
1788232744143571712,OK,1,0,17.5365,0.337125,0,1106,0,-3.167780,0.202069,3.935600,0.0065277,-0.8886719,0.0514394,0.4556025
1788232744176918016,OK,1,0,15.8417,0.347958,0,1119,0,-3.176432,0.200550,3.923975,0.0063380,-0.8916175,0.0513529,0.4498233
1788232744210264064,OK,1,0,15.4624,0.349292,0,1085,0,-3.177682,0.202496,3.910419,0.0067633,-0.8943339,0.0515844,0.4443649
1788232744243609600,OK,1,0,16.7088,0.32025,0,1107,0,-3.183668,0.198038,3.897383,0.0069550,-0.8971702,0.0513259,0.4386376
1788232744276953856,OK,1,0,16.6872,0.349958,0,1086,0,-3.194227,0.200452,3.885952,0.0072297,-0.9000956,0.0516113,0.4325643
1788232744310298368,OK,1,0,16.3832,0.32075,0,1101,0,-3.201970,0.196579,3.873003,0.0068948,-0.9028164,0.0514596,0.4268806
1788232744343642624,OK,1,0,16.4862,0.350583,0,1094,0,-3.203649,0.193531,3.861242,0.0071695,-0.9055724,0.0513199,0.4210150
1788232744376987136,OK,1,0,15.5231,0.332625,0,1078,0,-3.208993,0.196025,3.847726,0.0078912,-0.9082103,0.0513755,0.4152739
1788232744410331648,OK,1,0,20.2205,0.33075,0,1111,0,-3.213765,0.199953,3.832837,0.0083785,-0.9107588,0.0516221,0.4096138
1788232744443675904,OK,1,0,15.9856,0.355166,0,1095,0,-3.221320,0.198467,3.820741,0.0085021,-0.9134970,0.0518160,0.4034427
1788232744477019648,OK,1,0,16.3481,0.338417,0,1094,0,-3.226843,0.197484,3.809745,0.0085259,-0.9162285,0.0520903,0.3971641
1788232744510364160,OK,1,0,20.1713,2.86546,0,1085,0,-3.231873,0.197808,3.795487,0.0082639,-0.9185966,0.0526484,0.3915866
1788232744543708672,OK,1,0,17.097,0.349,0,1063,0,-3.238631,0.193772,3.786152,0.0074673,-0.9211275,0.0527524,0.3855978
1788232744577053440,OK,1,0,16.751,0.349584,0,1056,0,-3.241744,0.195315,3.772870,0.0077944,-0.9234830,0.0532090,0.3798518
1788232744610398208,OK,1,0,16.6373,0.361542,0,1065,0,-3.249761,0.193185,3.760252,0.0078020,-0.9260616,0.0529682,0.3735553
1788232744643742976,OK,1,0,16.3845,0.350708,0,1054,0,-3.251477,0.197276,3.746743,0.0084891,-0.9282743,0.0533749,0.3679481
1788232744677087744,OK,1,0,15.7262,0.351042,0,1042,0,-3.258514,0.196667,3.731634,0.0088262,-0.9307042,0.0534472,0.3617391
1788232744710432256,OK,1,0,17.269,0.342167,0,995,0,-3.258112,0.194729,3.718570,0.0087998,-0.9331912,0.0533466,0.3552900
1788232744743777024,OK,1,0,17.9222,0.337125,0,1012,0,-3.263249,0.190380,3.708087,0.0085696,-0.9356684,0.0532733,0.3487308
1788232744777122048,OK,1,0,15.9718,0.343459,0,1000,0,-3.266404,0.194113,3.694845,0.0090923,-0.9379426,0.0538039,0.3424707
1788232744810467072,OK,1,0,15.9045,0.333167,0,973,0,-3.273175,0.189564,3.683064,0.0084202,-0.9404789,0.0536711,0.3354816
1788232744843812096,OK,1,0,15.9835,0.309042,0,1000,0,-3.276950,0.189219,3.668578,0.0083724,-0.9428074,0.0536387,0.3288876
1788232744877156864,OK,1,0,15.748,0.355792,0,956,0,-3.280054,0.188999,3.656827,0.0079504,-0.9449761,0.0541174,0.3225343
1788232744910500864,OK,1,0,15.6551,0.339375,0,979,0,-3.284495,0.188002,3.644190,0.0077541,-0.9471666,0.0544654,0.3159886
1788232744943845888,OK,1,0,15.4093,0.344708,0,940,0,-3.289256,0.191864,3.627343,0.0080520,-0.9492909,0.0549083,0.3094626
1788232744977191168,OK,1,0,16.7245,0.333958,0,960,0,-3.290176,0.186744,3.614853,0.0072622,-0.9513374,0.0546322,0.3031829
1788232745010536192,OK,1,0,15.5027,0.339959,0,973,0,-3.289370,0.190205,3.601434,0.0077853,-0.9531920,0.0551177,0.2971977
1788232745043881472,OK,1,0,14.72,0.327625,0,952,0,-3.302296,0.185032,3.588862,0.0072856,-0.9553697,0.0552161,0.2901152
1788232745077226496,OK,1,0,15.5096,0.338291,0,961,0,-3.295994,0.190177,3.576668,0.0084217,-0.9571736,0.0557113,0.2839791
1788232745110571776,OK,1,0,16.9541,0.376083,0,972,0,-3.294877,0.183666,3.565943,0.0078008,-0.9590238,0.0555426,0.2777184
1788232745143917312,OK,1,0,15.1864,0.362584,0,969,0,-3.302507,0.183255,3.552522,0.0076770,-0.9610636,0.0556595,0.2705548
1788232745177262336,OK,1,0,15.5729,0.346334,0,969,0,-3.307968,0.181513,3.540736,0.0077546,-0.9630550,0.0553943,0.2634321
1788232745210607872,OK,1,0,17.9751,0.326458,0,1015,0,-3.304252,0.183029,3.526425,0.0077717,-0.9648114,0.0552385,0.2569577
1788232745243950592,OK,1,0,15.6463,0.356125,0,1004,0,-3.304189,0.177358,3.515331,0.0075616,-0.9666156,0.0543857,0.2502787
1788232745277290496,OK,1,0,17.2663,0.34375,0,1007,0,-3.305593,0.174155,3.501294,0.0076273,-0.9682915,0.0540569,0.2437853
1788232745310630144,OK,1,0,15.817,0.348958,0,999,0,-3.304740,0.181707,3.486573,0.0086570,-0.9698926,0.0547687,0.2371368
1788232745343968768,OK,1,0,16.2614,0.33575,0,1002,0,-3.307203,0.179424,3.474319,0.0080042,-0.9715673,0.0549427,0.2301612
1788232745377308416,OK,1,0,16.2215,0.337417,0,993,0,-3.309954,0.174273,3.463711,0.0075121,-0.9731911,0.0549305,0.2232160
1788232745410648064,OK,1,0,15.6911,0.347292,0,1008,0,-3.306824,0.176242,3.449576,0.0077575,-0.9744942,0.0555701,0.2172852
1788232745443987712,OK,1,0,15.4622,0.351584,0,1023,0,-3.312272,0.170902,3.436740,0.0072471,-0.9760976,0.0554456,0.2100158
1788232745477327360,OK,1,0,16.6438,0.358417,0,1219,0,-3.309394,0.173370,3.422411,0.0077337,-0.9774054,0.0558055,0.2037271
1788232745510667008,OK,1,0,15.7385,0.347167,0,1092,0,-3.311178,0.176018,3.408446,0.0078855,-0.9787943,0.0557335,0.1969604
1788232745544006400,OK,1,0,15.1803,0.349584,0,1027,0,-3.309141,0.170409,3.398281,0.0079190,-0.9802019,0.0547367,0.1901197
1788232745577346048,OK,1,0,31.6377,0.344041,0,1183,0,-3.308595,0.169757,3.384124,0.0082079,-0.9815254,0.0546372,0.1831810
1788232745610685440,OK,1,0,16.7808,0.345125,0,1144,0,-3.312252,0.169614,3.370180,0.0077600,-0.9827527,0.0545479,0.1765261
1788232745644025088,OK,1,0,15.8112,0.334042,0,1166,0,-3.309224,0.166438,3.356394,0.0073154,-0.9836984,0.0541368,0.1713279
1788232745677364736,OK,1,0,16.3988,0.317625,0,1165,0,-3.307562,0.167609,3.345445,0.0076699,-0.9845360,0.0543648,0.1663567
1788232745710704128,OK,1,0,17.5625,0.319,0,1381,0,-3.311657,0.167675,3.332609,0.0082177,-0.9852791,0.0548353,0.1617119
1788232745744043776,OK,1,0,16.4133,0.328542,0,1296,0,-3.317704,0.167678,3.320924,0.0077478,-0.9858893,0.0552876,0.1578149
1788232745777383168,OK,1,0,16.129,0.324542,0,1260,0,-3.321080,0.167656,3.307169,0.0073397,-0.9863180,0.0556414,0.1550062
1788232745810721792,OK,1,0,16.0957,0.337041,0,1203,0,-3.321629,0.164715,3.298256,0.0071716,-0.9867380,0.0559142,0.1522180
1788232745844060928,OK,1,0,15.859,0.362792,0,1196,0,-3.322616,0.163688,3.286163,0.0073497,-0.9872226,0.0560345,0.1489889
1788232745877400320,OK,1,0,15.7568,0.339167,0,1187,0,-3.320202,0.162469,3.273551,0.0072356,-0.9875131,0.0558219,0.1471373
1788232745910739968,OK,1,0,17.383,0.343166,0,1159,0,-3.326826,0.159013,3.259183,0.0067065,-0.9877387,0.0551880,0.1458826
1788232745944079360,OK,1,0,15.9638,0.419458,0,1144,0,-3.330315,0.162273,3.247463,0.0073966,-0.9878271,0.0552334,0.1452314
1788232745977418752,OK,1,0,16.2193,0.389916,0,1132,0,-3.334628,0.160626,3.233643,0.0075833,-0.9879790,0.0553167,0.1441530
1788232746010758144,OK,1,0,18.7098,0.32475,0,1148,0,-3.337480,0.156629,3.221334,0.0069475,-0.9881778,0.0546966,0.1430549
1788232746044097536,OK,1,0,15.6203,0.350416,0,1144,0,-3.342306,0.160812,3.207724,0.0071814,-0.9882604,0.0549845,0.1423607
1788232746077436928,OK,1,0,15.5743,0.339041,0,1127,0,-3.342806,0.157080,3.197477,0.0067812,-0.9883587,0.0549734,0.1417002
1788232746110776064,OK,1,0,18.9242,0.368708,0,1135,0,-3.349305,0.156752,3.184590,0.0062630,-0.9884899,0.0549670,0.1408092
1788232746144115456,OK,1,0,15.4164,0.351417,0,1114,0,-3.348087,0.156301,3.174294,0.0067299,-0.9885594,0.0548290,0.1403525
1788232746177454848,OK,1,0,17.6201,0.361875,0,1137,0,-3.352507,0.155550,3.159764,0.0068944,-0.9887125,0.0547442,0.1392948
1788232746210794240,OK,1,0,16.0777,0.3565,0,1110,0,-3.358730,0.156031,3.145505,0.0068298,-0.9888846,0.0544311,0.1381951
1788232746244135936,OK,1,0,18.1047,0.3565,0,1141,0,-3.356879,0.151994,3.136375,0.0064720,-0.9889721,0.0538182,0.1378256
1788232746277483520,OK,1,0,15.4815,0.334625,0,1089,0,-3.363390,0.154142,3.121248,0.0066710,-0.9890961,0.0541240,0.1368026
1788232746310831104,OK,1,0,17.4674,0.352291,0,1107,0,-3.366325,0.151366,3.109115,0.0061796,-0.9891739,0.0542898,0.1361961
1788232746344178688,OK,1,0,16.2288,0.350208,0,1081,0,-3.371295,0.148951,3.097424,0.0059770,-0.9893255,0.0540434,0.1351991
1788232746377526528,OK,1,0,15.2395,0.329542,0,1090,0,-3.374277,0.148187,3.082456,0.0058376,-0.9894344,0.0540372,0.1344082
1788232746410874624,OK,1,0,15.1466,0.321,0,1096,0,-3.379720,0.149668,3.071621,0.0059705,-0.9895858,0.0541538,0.1332357
1788232746444222464,OK,1,0,15.3927,0.331042,0,1057,0,-3.377509,0.153397,3.058996,0.0064119,-0.9896512,0.0539321,0.1328184
1788232746477570560,OK,1,0,15.9043,0.348416,0,1053,0,-3.379806,0.150426,3.044991,0.0065310,-0.9897677,0.0536203,0.1320687
1788232746510918656,OK,1,0,16.2172,0.345333,0,1086,0,-3.382729,0.148582,3.033703,0.0062528,-0.9899088,0.0531819,0.1311992
1788232746544266752,OK,1,0,15.9072,0.340083,0,1095,0,-3.384428,0.151511,3.020415,0.0065445,-0.9900125,0.0528286,0.1305436
1788232746577615360,OK,1,0,17.9241,0.354709,0,1492,0,-3.392343,0.151631,3.004377,0.0062321,-0.9901550,0.0530205,0.1293955
1788232746610963712,OK,1,0,18.2525,0.356625,0,1314,0,-3.396996,0.149458,2.991822,0.0054703,-0.9902992,0.0525503,0.1285148
1788232746644312320,OK,1,0,16.3029,0.339375,0,1277,0,-3.397102,0.147088,2.979986,0.0057391,-0.9903786,0.0520247,0.1281047
1788232746677659904,OK,1,0,19.1668,0.345458,0,1300,0,-3.399720,0.145099,2.968463,0.0058594,-0.9904886,0.0522257,0.1271629
1788232746711008512,OK,1,0,18.9713,0.337667,0,1288,0,-3.402903,0.144033,2.955215,0.0059107,-0.9906135,0.0518600,0.1263347
1788232746744357376,OK,1,0,17.0739,0.359917,0,1261,0,-3.406390,0.145400,2.941927,0.0064655,-0.9907005,0.0519680,0.1255788
1788232746777706240,OK,1,0,15.7924,0.316875,0,1401,0,-3.407175,0.144340,2.930410,0.0067730,-0.9907957,0.0519506,0.1248168
1788232746811055104,OK,1,0,16.1975,0.336042,0,1290,0,-3.409938,0.147041,2.916001,0.0071246,-0.9908698,0.0521678,0.1241163
1788232746844404224,OK,1,0,15.6312,0.33025,0,1181,0,-3.411017,0.139337,2.904241,0.0071904,-0.9910315,0.0515552,0.1230729
1788232746877753344,OK,1,0,15.7986,0.331625,0,1186,0,-3.413194,0.139019,2.893371,0.0070739,-0.9911288,0.0519138,0.1221421
1788232746911102720,OK,1,0,17.4551,0.329584,0,1201,0,-3.417986,0.140748,2.882946,0.0069578,-0.9911674,0.0526668,0.1215110
1788232746944452096,OK,1,0,15.7577,0.323292,0,1165,0,-3.421014,0.137980,2.871540,0.0066251,-0.9912419,0.0530305,0.1207620
1788232746977801472,OK,1,0,16.9354,0.381584,0,1161,0,-3.425581,0.136111,2.859947,0.0062236,-0.9913394,0.0536337,0.1197119
1788232747011151104,OK,1,0,15.8823,0.3245,0,1134,0,-3.424167,0.140390,2.848073,0.0067905,-0.9913716,0.0541392,0.1191859
1788232747044500736,OK,1,0,14.9596,0.339875,0,1124,0,-3.427732,0.139736,2.833594,0.0068030,-0.9915681,0.0537163,0.1177323
1788232747077850624,OK,1,0,15.4186,0.335458,0,1123,0,-3.429345,0.135899,2.822078,0.0067926,-0.9917231,0.0533089,0.1166080
1788232747111200256,OK,1,0,17.4105,0.3505,0,1098,0,-3.428946,0.135352,2.810321,0.0067339,-0.9918637,0.0531814,0.1154675
1788232747144549376,OK,1,0,15.6656,0.316625,0,1093,0,-3.431534,0.138818,2.795634,0.0067007,-0.9920502,0.0531588,0.1138670
1788232747177899264,OK,1,0,15.8559,0.348792,0,1270,0,-3.433684,0.138081,2.782380,0.0068682,-0.9922515,0.0532057,0.1120675
1788232747211249152,OK,1,0,15.7596,0.340083,0,1202,0,-3.435555,0.135607,2.769910,0.0066222,-0.9924790,0.0531672,0.1100672
1788232747244596480,OK,1,0,18.0987,0.373417,0,1183,0,-3.434529,0.137605,2.757702,0.0067746,-0.9926400,0.0532959,0.1085330
1788232747277939968,OK,1,0,15.8895,0.336,0,1190,0,-3.437344,0.137620,2.744581,0.0070807,-0.9928264,0.0537026,0.1065915
1788232747311283200,OK,1,0,16.1219,0.340125,0,1193,0,-3.436458,0.132409,2.734148,0.0065135,-0.9930027,0.0532406,0.1052078
1788232747344626688,OK,1,0,16.949,0.344459,0,1550,0,-3.436916,0.131071,2.722592,0.0064267,-0.9931861,0.0531274,0.1035262
1788232747377970176,OK,1,0,16.1718,0.341375,0,1364,0,-3.440540,0.131558,2.708916,0.0068353,-0.9934002,0.0530493,0.1014651
1788232747411313664,OK,1,0,16.9491,0.364209,0,1309,0,-3.441683,0.130446,2.695833,0.0068707,-0.9935974,0.0527956,0.0996480
1788232747444657152,OK,1,0,15.509,0.341,0,1274,0,-3.444905,0.129747,2.682144,0.0065515,-0.9938022,0.0526929,0.0976617
1788232747478000640,OK,1,0,16.1103,0.359,0,1246,0,-3.444947,0.127148,2.669615,0.0063111,-0.9939870,0.0522942,0.0959972
1788232747511344128,OK,1,0,16.0471,0.366,0,1190,0,-3.446800,0.129044,2.654329,0.0068633,-0.9941306,0.0524861,0.0943531
1788232747544687872,OK,1,0,16.6721,0.342625,0,1217,0,-3.447196,0.126425,2.642520,0.0063889,-0.9943066,0.0520653,0.0927517
1788232747578030592,OK,1,0,15.9833,0.360375,0,1179,0,-3.449904,0.127631,2.629039,0.0066228,-0.9944345,0.0522724,0.0912344
1788232747611374080,OK,1,0,17.2088,0.344625,0,1171,0,-3.448564,0.126552,2.619225,0.0064975,-0.9945168,0.0528308,0.0900174
1788232747644717824,OK,1,0,15.6211,0.336709,0,1160,0,-3.451824,0.126777,2.604591,0.0063787,-0.9946424,0.0530380,0.0885037
1788232747678061568,OK,1,0,16.1305,0.338458,0,1156,0,-3.453403,0.127395,2.592431,0.0063061,-0.9947563,0.0535412,0.0869102
1788232747711405312,OK,1,0,15.9385,0.314667,0,1171,0,-3.451326,0.123903,2.583107,0.0063776,-0.9948812,0.0535785,0.0854404
1788232747744749056,OK,1,0,16.6942,0.366166,0,1137,0,-3.452430,0.127875,2.569385,0.0066268,-0.9949435,0.0542515,0.0842636
1788232747778092800,OK,1,0,18.0935,0.3425,0,1145,0,-3.452258,0.122117,2.556466,0.0063172,-0.9950827,0.0536478,0.0830201
1788232747811436800,OK,1,0,14.9593,0.335875,0,1154,0,-3.455930,0.121436,2.543232,0.0063169,-0.9952180,0.0534639,0.0815034
1788232747844780544,OK,1,0,18.3627,0.305625,0,1121,0,-3.458987,0.121180,2.530121,0.0062086,-0.9953318,0.0535387,0.0800607
1788232747878124544,OK,1,0,15.0987,0.312875,0,1079,0,-3.457903,0.122698,2.516927,0.0063948,-0.9954532,0.0532598,0.0787102
1788232747911468288,OK,1,0,16.2065,0.378208,0,1118,0,-3.460350,0.121035,2.503453,0.0066111,-0.9955829,0.0531582,0.0771052
1788232747944812288,OK,1,0,16.5993,0.384625,0,1092,0,-3.460608,0.121232,2.490513,0.0068634,-0.9956831,0.0530690,0.0758403
1788232747978156288,OK,1,0,14.9104,0.3575,0,1089,0,-3.458768,0.117990,2.479052,0.0067964,-0.9958196,0.0523953,0.0745112
1788232748011499264,OK,1,0,16.9612,0.319583,0,1102,0,-3.459189,0.117842,2.466810,0.0072075,-0.9959832,0.0522335,0.0723692
1788232748044843264,OK,1,0,14.6356,0.337792,0,1098,0,-3.459026,0.119525,2.452712,0.0076543,-0.9961193,0.0528566,0.0699571
1788232748078187520,OK,1,0,17.0275,0.348833,0,1075,0,-3.457158,0.120445,2.442874,0.0074157,-0.9962420,0.0534169,0.0677753
1788232748111531520,OK,1,0,14.8912,0.316959,0,1092,0,-3.457294,0.120349,2.430301,0.0072800,-0.9963847,0.0538514,0.0653030
1788232748144875776,OK,1,0,14.8179,0.354166,0,1041,0,-3.458710,0.118780,2.417341,0.0071155,-0.9965282,0.0541454,0.0628425
1788232748178219776,OK,1,0,16.7583,0.34225,0,1271,0,-3.460011,0.117367,2.405327,0.0073633,-0.9966826,0.0540052,0.0604406
1788232748211564032,OK,1,0,15.5814,0.35275,0,1230,0,-3.455174,0.115636,2.394320,0.0076507,-0.9968208,0.0537652,0.0583011
1788232748244905728,OK,1,0,15.2849,0.336333,0,1179,0,-3.454385,0.117466,2.380723,0.0080704,-0.9969372,0.0541727,0.0558254
1788232748278244096,OK,1,0,15.4686,0.345292,0,1413,0,-3.453017,0.113708,2.369677,0.0075996,-0.9970886,0.0537477,0.0535518
1788232748311582464,OK,1,0,15.0394,0.335042,0,1311,0,-3.454101,0.112463,2.355413,0.0072556,-0.9972231,0.0536472,0.0511408
1788232748344920832,OK,1,0,14.9288,0.36275,0,1254,0,-3.449693,0.113253,2.345813,0.0079383,-0.9973133,0.0540730,0.0487791
1788232748378258944,OK,1,0,16.0181,0.340667,0,1259,0,-3.450959,0.110774,2.332190,0.0078599,-0.9974419,0.0540652,0.0460954
1788232748411597312,OK,1,0,15.3464,0.340333,0,1232,0,-3.450159,0.111412,2.318770,0.0075581,-0.9975525,0.0539544,0.0438288
1788232748444935680,OK,1,0,16.8411,0.335875,0,1216,0,-3.448760,0.108086,2.307456,0.0071570,-0.9976619,0.0536759,0.0416930
1788232748478273024,OK,1,0,15.4906,0.346583,0,1211,0,-3.447461,0.110040,2.294205,0.0078455,-0.9976995,0.0545492,0.0394782
1788232748511611392,OK,1,0,16.7908,0.33075,0,1230,0,-3.447031,0.112903,2.282806,0.0078105,-0.9977833,0.0548797,0.0368205
1788232748544949504,OK,1,0,15.5063,0.348708,0,1313,0,-3.446918,0.109749,2.269526,0.0074893,-0.9979267,0.0539665,0.0342611
1788232748578287872,OK,1,0,15.0179,0.3405,0,1250,0,-3.447114,0.108582,2.255103,0.0076730,-0.9980102,0.0538091,0.0319580
1788232748611625984,OK,1,0,15.9654,0.346666,0,1240,0,-3.439545,0.107115,2.244537,0.0079871,-0.9980698,0.0537919,0.0299884
1788232748644964096,OK,1,0,15.2965,0.362667,0,1212,0,-3.440922,0.110287,2.230739,0.0083062,-0.9981409,0.0539419,0.0271298
1788232748678302464,OK,1,0,15.5015,0.334083,0,1413,0,-3.439915,0.106685,2.218358,0.0079139,-0.9982307,0.0535829,0.0245312
1788232748711640576,OK,1,0,15.473,0.3575,0,1411,0,-3.437894,0.105193,2.206353,0.0076420,-0.9982812,0.0536724,0.0222582
1788232748744978688,OK,1,0,14.8281,0.346459,0,1431,0,-3.435522,0.106168,2.195152,0.0069364,-0.9983087,0.0541229,0.0200573
1788232748778316800,OK,1,0,15.7425,0.357042,0,1354,0,-3.438630,0.104742,2.182556,0.0068014,-0.9983516,0.0543008,0.0172981
1788232748811654912,OK,1,0,15.9393,0.374166,0,1321,0,-3.436082,0.102023,2.170834,0.0073608,-0.9983779,0.0544859,0.0147865
1788232748844993536,OK,1,0,15.2787,0.309292,0,1329,0,-3.432844,0.103917,2.156480,0.0076747,-0.9984177,0.0543017,0.0124268
1788232748878331648,OK,1,0,15.3802,0.305917,0,1471,0,-3.431022,0.102744,2.144364,0.0069831,-0.9984761,0.0537757,0.0102356
1788232748911668480,OK,1,0,15.9257,0.33875,0,1380,0,-3.430764,0.101094,2.131677,0.0067875,-0.9985148,0.0534919,0.0077952
1788232748945006592,OK,1,0,15.7584,0.328292,0,1512,0,-3.426250,0.100387,2.118909,0.0069629,-0.9985030,0.0539464,0.0057436
1788232748978344704,OK,1,0,15.8372,0.3585,0,1429,0,-3.424724,0.099163,2.106092,0.0067058,-0.9985197,0.0538779,0.0032537
1788232749011682816,OK,1,0,15.0059,0.323333,0,1357,0,-3.424828,0.097997,2.093278,0.0063302,-0.9985436,0.0535735,0.0007279
1788232749045020928,OK,1,0,16.1197,0.342792,0,1531,0,-3.420831,0.095994,2.082160,-0.0066871,0.9985307,-0.0537576,0.0013932
1788232749078359040,OK,1,0,15.504,0.3585,0,1399,0,-3.419768,0.093366,2.069724,-0.0068348,0.9985309,-0.0536082,0.0039427
1788232749111696896,OK,1,0,17.0044,0.339125,0,1407,0,-3.414417,0.096872,2.057297,-0.0072249,0.9985006,-0.0539185,0.0060989
1788232749145035264,OK,1,0,15.5874,0.339084,0,1338,0,-3.412277,0.094972,2.043193,-0.0069317,0.9985062,-0.0534887,0.0087378
1788232749178373376,OK,1,0,14.4838,0.361584,0,1291,0,-3.411424,0.093382,2.032648,-0.0068358,0.9984763,-0.0536001,0.0112004
1788232749211711232,OK,1,0,14.8663,0.358292,0,1279,0,-3.412535,0.091585,2.020226,-0.0063781,0.9984448,-0.0536762,0.0136438
1788232749245050624,OK,1,0,15.9733,0.356083,0,1330,0,-3.409057,0.091181,2.007341,-0.0062336,0.9984123,-0.0539579,0.0149209
1788232749278391552,OK,1,0,15.1686,0.337667,0,1268,0,-3.408723,0.090353,1.994660,-0.0063111,0.9983763,-0.0542511,0.0161778
1788232749311732736,OK,1,0,15.1603,0.352416,0,1241,0,-3.406776,0.090387,1.982622,-0.0058584,0.9983698,-0.0540555,0.0173601
1788232749345072640,OK,1,0,17.642,0.3565,0,1253,0,-3.406765,0.090489,1.969131,-0.0057864,0.9983698,-0.0539237,0.0177881
1788232749378413824,OK,1,0,14.753,0.328209,0,1204,0,-3.405818,0.091360,1.956673,-0.0057294,0.9983569,-0.0541494,0.0178458
1788232749411755008,OK,1,0,15.6847,0.324834,0,1483,0,-3.404474,0.089370,1.943410,-0.0058628,0.9983640,-0.0538086,0.0184267
1788232749445096192,OK,1,0,15.112,0.317208,0,1305,0,-3.405155,0.089874,1.929714,-0.0063389,0.9983463,-0.0537665,0.0193284
1788232749478437376,OK,1,0,15.515,0.356416,0,1475,0,-3.400179,0.089832,1.919120,-0.0067411,0.9983393,-0.0536369,0.0199095
1788232749511778560,OK,1,0,14.9528,0.345792,0,1334,0,-3.396768,0.089040,1.906437,-0.0067094,0.9983388,-0.0535900,0.0200706
1788232749545119744,OK,1,0,15.8643,0.333,0,1351,0,-3.399755,0.086640,1.892290,-0.0064583,0.9983389,-0.0534862,0.0204201
1788232749578460928,OK,1,0,14.442,0.344166,0,1292,0,-3.397938,0.088492,1.879931,-0.0062951,0.9983261,-0.0536221,0.0207393
1788232749611802368,OK,1,0,16.1188,0.36075,0,1257,0,-3.402016,0.089008,1.866640,-0.0061104,0.9982958,-0.0537665,0.0218494
1788232749645143552,OK,1,0,15.0099,0.359208,0,1213,0,-3.402506,0.087311,1.851743,-0.0062218,0.9983191,-0.0530485,0.0224987
1788232749678484736,OK,1,0,14.91,0.343792,0,1466,0,-3.395730,0.085408,1.839081,-0.0066863,0.9983662,-0.0521096,0.0224692
1788232749711826176,OK,1,0,14.9099,0.328834,0,1301,0,-3.394740,0.087131,1.824441,-0.0068783,0.9983474,-0.0522723,0.0228649
1788232749745167360,OK,1,0,13.926,0.3345,0,1226,0,-3.393660,0.087917,1.811177,-0.0067248,0.9983537,-0.0520986,0.0230310
1788232749778508800,OK,1,0,14.5016,0.320833,0,1276,0,-3.396199,0.089674,1.795943,-0.0067089,0.9983459,-0.0519412,0.0237211
1788232749811849216,OK,1,0,15.4825,0.328709,0,1186,0,-3.396467,0.083637,1.784719,-0.0064233,0.9983515,-0.0514810,0.0245515
1788232749845190400,OK,1,0,14.4192,0.352334,0,1152,0,-3.394615,0.081317,1.771640,-0.0065848,0.9983429,-0.0512939,0.0252385
1788232749878532096,OK,1,0,15.4575,0.316167,0,1184,0,-3.389947,0.082626,1.760210,-0.0068397,0.9983035,-0.0519144,0.0254625
1788232749911873280,OK,1,0,14.0602,0.3305,0,1212,0,-3.391089,0.079701,1.749779,-0.0061658,0.9982669,-0.0525569,0.0257472
1788232749945214720,OK,1,0,14.205,0.341167,0,1195,0,-3.389897,0.082984,1.739016,-0.0059025,0.9982060,-0.0536933,0.0258248
1788232749978556416,OK,1,0,15.0463,0.314167,0,1175,0,-3.390538,0.078499,1.727573,-0.0055726,0.9981777,-0.0538995,0.0265520
1788232750011897856,OK,1,0,14.5356,0.349041,0,1167,0,-3.390308,0.075896,1.715363,-0.0055571,0.9981598,-0.0539027,0.0272144
1788232750045239296,OK,1,0,14.1242,0.35125,0,1137,0,-3.388443,0.081961,1.701251,-0.0061791,0.9981018,-0.0546534,0.0277083
1788232750078580736,OK,1,0,14.154,0.331333,0,1100,0,-3.386508,0.081698,1.689819,-0.0061142,0.9980889,-0.0545327,0.0284154
1788232750111922432,OK,1,0,14.017,0.313125,0,1076,0,-3.385803,0.079230,1.676600,-0.0058418,0.9981106,-0.0541048,0.0285279
1788232750145264128,OK,1,0,13.5845,0.301875,0,1109,0,-3.383607,0.078680,1.663768,-0.0058541,0.9981266,-0.0537714,0.0285938
1788232750178605824,OK,1,0,13.4844,0.293042,0,1097,0,-3.384508,0.075721,1.650344,-0.0052686,0.9981336,-0.0531301,0.0296444
1788232750211947264,OK,1,0,14.2695,0.342292,0,1044,0,-3.384012,0.073887,1.634889,-0.0050548,0.9981418,-0.0526456,0.0302648
1788232750245288704,OK,1,0,13.8601,0.370416,0,1051,0,-3.384491,0.077774,1.620529,-0.0052625,0.9981176,-0.0528778,0.0306181
1788232750278632704,OK,1,0,13.5756,0.311791,0,1297,0,-3.383153,0.076061,1.609875,-0.0052102,0.9981232,-0.0525017,0.0310896
1788232750311976960,OK,1,0,14.0575,0.334583,0,1179,0,-3.382850,0.073977,1.595416,-0.0052332,0.9981137,-0.0524488,0.0314782
1788232750345320960,OK,1,0,13.9095,0.337209,0,1117,0,-3.382007,0.072420,1.583417,-0.0054375,0.9980927,-0.0525681,0.0319071
1788232750378664960,OK,1,0,13.894,0.344584,0,1228,0,-3.376489,0.072783,1.571464,-0.0055719,0.9980643,-0.0528936,0.0322304
1788232750412008960,OK,1,0,14.3934,0.329542,0,1153,0,-3.374518,0.070990,1.560211,-0.0056599,0.9980264,-0.0532519,0.0327956
1788232750445353216,OK,1,0,13.6893,0.329958,0,1085,0,-3.374654,0.068106,1.546187,-0.0054005,0.9979942,-0.0534698,0.0334577
1788232750478697216,OK,1,0,15.4775,0.3055,0,1208,0,-3.375628,0.068500,1.535610,-0.0050861,0.9979555,-0.0538102,0.0341090
1788232750512041472,OK,1,0,13.9017,0.335083,0,1087,0,-3.376139,0.067611,1.523432,-0.0047405,0.9979270,-0.0541743,0.0344143
1788232750545385472,OK,1,0,14.0575,0.316667,0,1236,0,-3.372991,0.067894,1.511408,-0.0050648,0.9979039,-0.0544220,0.0346469
1788232750578729728,OK,1,0,13.6285,0.362542,0,1130,0,-3.374313,0.066059,1.499043,-0.0048637,0.9978856,-0.0541210,0.0356590
1788232750612073984,OK,1,0,13.6394,0.336709,0,1062,0,-3.369808,0.063353,1.486619,-0.0049492,0.9979089,-0.0536195,0.0357531
1788232750645417984,OK,1,0,13.1167,0.334,0,1240,0,-3.369563,0.064497,1.473205,-0.0051289,0.9978811,-0.0536584,0.0364394
1788232750678761216,OK,1,0,13.512,0.3365,0,1121,0,-3.369517,0.063376,1.459558,-0.0052820,0.9978734,-0.0534579,0.0369195
1788232750712105472,OK,1,0,12.944,0.335833,0,1031,0,-3.368040,0.062675,1.446691,-0.0054486,0.9978602,-0.0535138,0.0371705
1788232750745449728,OK,1,0,13.5836,0.318916,0,1001,0,-3.368926,0.065205,1.432193,-0.0054908,0.9978080,-0.0539255,0.0379623
1788232750778793984,OK,1,0,13.727,0.356875,0,1274,0,-3.365720,0.063098,1.420362,-0.0053731,0.9977927,-0.0539325,0.0383689
1788232750812138240,OK,1,0,14.47,0.32225,0,1284,0,-3.365951,0.060625,1.408212,-0.0050879,0.9977962,-0.0536449,0.0387190
1788232750845482496,OK,1,0,14.6109,0.336417,0,1230,0,-3.360846,0.062838,1.395514,-0.0053964,0.9977800,-0.0537438,0.0389562
1788232750878827008,OK,1,0,14.9168,0.339459,0,1203,0,-3.359983,0.059641,1.383317,-0.0058745,0.9977530,-0.0536655,0.0396787
1788232750912171264,OK,1,0,14.3826,0.342834,0,1319,0,-3.357696,0.060371,1.370121,-0.0061724,0.9977359,-0.0536804,0.0400437
1788232750945515264,OK,1,0,13.6341,0.319875,0,1096,0,-3.356228,0.064360,1.354053,-0.0063707,0.9977075,-0.0537913,0.0405668
1788232750978859776,OK,1,0,13.3135,0.336083,0,1037,0,-3.356114,0.061847,1.342882,-0.0060033,0.9976938,-0.0536132,0.0411896
1788232751012204032,OK,1,0,13.4391,0.298375,0,1002,0,-3.355669,0.061938,1.329186,-0.0056328,0.9976923,-0.0534265,0.0415211
1788232751045548544,OK,1,0,12.8358,0.346167,0,1006,0,-3.350966,0.056324,1.318078,-0.0060446,0.9977126,-0.0527715,0.0418110
1788232751078893056,OK,1,0,12.6067,0.334583,0,975,0,-3.353961,0.053692,1.303982,-0.0059020,0.9976717,-0.0526933,0.0428934
1788232751112237312,OK,1,0,13.6494,0.332541,0,955,0,-3.347617,0.054662,1.291896,-0.0063520,0.9976630,-0.0528239,0.0428713
1788232751145580800,OK,1,0,13.8874,0.370625,0,1175,0,-3.342868,0.056891,1.279210,-0.0066269,0.9976319,-0.0532431,0.0430334
1788232751178925312,OK,1,0,13.2411,0.363417,0,1046,0,-3.345206,0.054937,1.266983,-0.0059562,0.9975948,-0.0532235,0.0440051
1788232751212269824,OK,1,0,12.539,0.351417,0,989,0,-3.341824,0.055616,1.255006,-0.0060990,0.9975859,-0.0532472,0.0441581
1788232751245612800,OK,1,0,13.546,0.356459,0,929,0,-3.339049,0.053764,1.241766,-0.0060720,0.9975490,-0.0535344,0.0446452
1788232751278953984,OK,1,0,12.3154,0.332625,0,927,0,-3.339550,0.054330,1.228963,-0.0062483,0.9975049,-0.0538178,0.0452616
1788232751312295424,OK,1,0,13.0487,0.347625,0,909,0,-3.340740,0.052290,1.216352,-0.0058220,0.9975007,-0.0534687,0.0458204
1788232751345636608,OK,1,0,12.7439,0.356666,0,857,0,-3.334951,0.049738,1.206484,-0.0056810,0.9974871,-0.0536983,0.0458673
1788232751378978048,OK,1,0,13.8085,0.323958,0,1216,0,-3.337987,0.048329,1.194052,-0.0054595,0.9974714,-0.0533722,0.0466096
1788232751412318976,OK,1,0,13.9787,0.329834,0,943,0,-3.336820,0.047116,1.179302,-0.0056550,0.9974540,-0.0531595,0.0471970
1788232751445660416,OK,1,0,12.577,0.344208,0,870,0,-3.336348,0.047327,1.165388,-0.0057998,0.9974101,-0.0532330,0.0480184
1788232751479001600,OK,1,0,12.4855,0.339167,0,872,0,-3.331482,0.046570,1.155332,-0.0056663,0.9974138,-0.0530634,0.0481448
1788232751512342784,OK,1,0,12.4913,0.330125,0,861,0,-3.331533,0.043588,1.141464,-0.0056450,0.9974202,-0.0526427,0.0484751
1788232751545683968,OK,1,0,11.9712,0.350334,0,822,0,-3.332762,0.036900,1.129198,-0.0053626,0.9974001,-0.0521443,0.0494499
1788232751579024128,OK,1,0,12.4653,0.34675,0,796,0,-3.330803,0.042108,1.114635,-0.0056511,0.9973477,-0.0526747,0.0499111
1788232751612365312,OK,1,0,12.9906,0.324209,0,819,0,-3.326733,0.039549,1.103300,-0.0060775,0.9973356,-0.0524692,0.0503179
1788232751645706496,OK,1,0,12.2802,0.33975,0,805,0,-3.324481,0.040098,1.090942,-0.0060150,0.9972941,-0.0526308,0.0509732
1788232751679047680,OK,1,0,12.9448,0.365167,0,795,0,-3.324963,0.036090,1.078906,-0.0058545,0.9973072,-0.0521264,0.0512535
1788232751712388608,OK,1,0,12.4618,0.348209,0,775,0,-3.324648,0.037307,1.066924,-0.0054618,0.9972834,-0.0521507,0.0517334
1788232751745729792,OK,1,0,14.0645,0.341542,0,800,0,-3.324067,0.036914,1.051863,-0.0052459,0.9972392,-0.0521933,0.0525587
1788232751779070720,OK,1,0,12.2114,0.343917,0,799,0,-3.322931,0.034194,1.039178,-0.0052766,0.9972308,-0.0520060,0.0528987
1788232751812411904,OK,1,0,12.0067,0.338,0,753,0,-3.321570,0.032361,1.026639,-0.0053123,0.9972240,-0.0515913,0.0534279
1788232751845752832,OK,1,0,12.7976,0.366417,0,798,0,-3.317160,0.034808,1.013373,-0.0054418,0.9971990,-0.0517632,0.0537137
1788232751879094016,OK,1,0,11.9192,0.334875,0,829,0,-3.315609,0.037523,0.998788,-0.0052120,0.9971716,-0.0520518,0.0539664
1788232751912434944,OK,1,0,12.9383,0.342375,0,784,0,-3.313864,0.034966,0.987406,-0.0051182,0.9971616,-0.0518342,0.0543677
1788232751945776128,OK,1,0,11.5499,0.330708,0,847,0,-3.308641,0.031599,0.985983,-0.0049139,0.9971547,-0.0517658,0.0545769
1788232751979117312,OK,1,0,11.6547,0.334292,0,861,0,-3.304959,0.031822,0.974029,-0.0050072,0.9971312,-0.0519659,0.0548073
1788232752012456960,OK,1,0,11.5205,0.319333,0,839,0,-3.304971,0.030236,0.962084,-0.0051524,0.9970768,-0.0522024,0.0555539
1788232752045798144,OK,1,0,11.2025,0.334917,0,889,0,-3.304905,0.026303,0.949140,-0.0048814,0.9970415,-0.0524918,0.0559386
1788232752079139072,OK,1,0,12.3426,0.323083,0,925,0,-3.302798,0.025566,0.938022,-0.0046648,0.9970178,-0.0527642,0.0561220
1788232752112480000,OK,1,0,11.6987,0.333542,0,870,0,-3.300349,0.026000,0.925401,-0.0048590,0.9969865,-0.0528942,0.0565381
1788232752145820928,OK,1,0,11.7903,0.341791,0,864,0,-3.297157,0.027462,0.910595,-0.0050788,0.9969345,-0.0531122,0.0572263
1788232752179161856,OK,1,0,11.8474,0.320916,0,921,0,-3.294417,0.026023,0.899864,-0.0053052,0.9969475,-0.0522560,0.0577672
1788232752212502784,OK,1,0,12.2182,0.336333,0,901,0,-3.292302,0.025078,0.883821,-0.0054180,0.9969338,-0.0518919,0.0583168
1788232752245842176,OK,1,0,12.0785,0.324625,0,1029,0,-3.290053,0.026866,0.869286,-0.0049612,0.9969064,-0.0522364,0.0585180
1788232752279180032,OK,1,0,11.8582,0.341041,0,965,0,-3.292491,0.023076,0.857177,-0.0047649,0.9969249,-0.0515428,0.0588342
1788232752312517376,OK,1,0,12.0284,0.307292,0,997,0,-3.293133,0.021979,0.844103,-0.0047701,0.9968899,-0.0512465,0.0596796
1788232752345854720,OK,1,0,11.3777,0.316792,0,948,0,-3.290470,0.023431,0.831260,-0.0045377,0.9968388,-0.0514464,0.0603742
1788232752379192064,OK,1,0,11.7764,0.332333,0,1033,0,-3.286391,0.021489,0.819589,-0.0045142,0.9968582,-0.0510775,0.0603690
1788232752412529664,OK,1,0,12.0657,0.327458,0,1043,0,-3.286390,0.019343,0.806351,-0.0043613,0.9968551,-0.0511245,0.0603915
1788232752445867008,OK,1,0,11.6793,0.346625,0,999,0,-3.285474,0.020310,0.795516,-0.0039998,0.9968318,-0.0515220,0.0604631
1788232752479203328,OK,1,0,11.8671,0.338583,0,970,0,-3.283789,0.018698,0.782983,-0.0039714,0.9968211,-0.0516012,0.0605747
1788232752512540672,OK,1,0,11.4136,0.327791,0,968,0,-3.283574,0.019611,0.768102,-0.0037835,0.9968077,-0.0515321,0.0608655
1788232752545878016,OK,1,0,11.8835,0.3405,0,1011,0,-3.284252,0.015894,0.754916,-0.0039175,0.9968120,-0.0510395,0.0612003
1788232752579215360,OK,1,0,11.9216,0.632666,0,983,0,-3.280383,0.017168,0.742556,-0.0041713,0.9968049,-0.0512276,0.0611421
1788232752612552448,OK,1,0,12.9477,0.3435,0,1175,0,-3.278459,0.016500,0.730297,-0.0037756,0.9967956,-0.0515060,0.0610852
1788232752645889536,OK,1,0,12.4795,0.326833,0,999,0,-3.277507,0.017307,0.717001,-0.0035257,0.9968002,-0.0518516,0.0607317
1788232752679227136,OK,1,0,11.8422,0.3415,0,1040,0,-3.276651,0.015841,0.705266,-0.0034915,0.9967839,-0.0520753,0.0608092
1788232752712564224,OK,1,0,12.5608,0.335958,0,986,0,-3.274552,0.018238,0.691048,-0.0033157,0.9967352,-0.0525737,0.0611875
1788232752745901312,OK,1,0,12.504,0.358291,0,956,0,-3.273864,0.013035,0.680477,-0.0034875,0.9967487,-0.0519301,0.0615079
1788232752779238400,OK,1,0,12.4016,0.325167,0,1005,0,-3.271542,0.012763,0.667746,-0.0035335,0.9967732,-0.0514852,0.0614822
1788232752812575488,OK,1,0,11.8455,0.967166,0,924,0,-3.270744,0.012860,0.654106,-0.0035603,0.9967765,-0.0514360,0.0614682
1788232752845912576,OK,1,0,11.7337,0.324625,0,906,0,-3.267316,0.013692,0.639847,-0.0038901,0.9967796,-0.0515550,0.0612983
1788232752879249408,OK,1,0,10.9043,0.352458,0,847,0,-3.267169,0.010817,0.626464,-0.0037446,0.9967681,-0.0511409,0.0618384
1788232752912585472,OK,1,0,10.6018,0.320708,0,859,0,-3.264561,0.010127,0.614591,-0.0038534,0.9967641,-0.0509381,0.0620627
1788232752945922560,OK,1,0,11.2818,0.316416,0,828,0,-3.265832,0.008498,0.599079,-0.0035555,0.9967310,-0.0510099,0.0625519
1788232752979259648,OK,1,0,11.3404,0.372167,0,825,0,-3.263259,0.007977,0.587380,-0.0033930,0.9967418,-0.0513594,0.0621012
1788232753012596480,OK,1,0,11.5973,0.354542,0,798,0,-3.262268,0.007654,0.575886,-0.0029705,0.9967426,-0.0518745,0.0616801
1788232753045933312,OK,1,0,11.6255,0.364875,0,806,0,-3.261832,0.007110,0.562042,-0.0025754,0.9967216,-0.0521222,0.0618291
1788232753079270144,OK,1,0,11.894,0.342167,0,803,0,-3.258567,0.007970,0.550702,-0.0027854,0.9966985,-0.0522822,0.0620560
1788232753112606976,OK,1,0,11.258,0.323875,0,791,0,-3.258712,0.004644,0.538679,-0.0029292,0.9966743,-0.0519056,0.0627499
1788232753145943808,OK,1,0,11.7347,0.359208,0,821,0,-3.256511,0.005383,0.526092,-0.0029780,0.9966518,-0.0522495,0.0628196
1788232753179280640,OK,1,0,11.1924,0.327625,0,803,0,-3.250714,0.003986,0.514185,-0.0032444,0.9967138,-0.0521466,0.0619030
1788232753212617472,OK,1,0,11.1264,0.336083,0,795,0,-3.251929,0.002080,0.502030,-0.0033672,0.9967163,-0.0519474,0.0620232
1788232753245955328,OK,1,0,11.5086,0.31875,0,763,0,-3.247548,0.006449,0.485452,-0.0038000,0.9966775,-0.0523385,0.0622911
1788232753279294976,OK,1,0,11.2092,0.335666,0,755,0,-3.246735,0.001246,0.474562,-0.0034701,0.9967065,-0.0515706,0.0624878
1788232753312634624,OK,1,0,11.6145,0.310792,0,768,0,-3.244501,0.001640,0.461539,-0.0035368,0.9967149,-0.0517862,0.0621698
1788232753345973248,OK,1,0,11.0608,0.330125,0,777,0,-3.242789,0.003164,0.449943,-0.0033160,0.9966960,-0.0522533,0.0620947
1788232753379312640,OK,1,0,12.3013,0.322625,0,781,0,-3.239268,0.001638,0.435691,-0.0032441,0.9967145,-0.0521823,0.0618612
1788232753412652288,OK,1,0,11.3259,0.332209,0,747,0,-3.240957,-0.000427,0.423824,-0.0031504,0.9966778,-0.0523528,0.0623107
1788232753445991936,OK,1,0,14.431,0.362,0,734,0,-3.240844,-0.000413,0.409297,-0.0032419,0.9966518,-0.0525089,0.0625898
1788232753479331584,OK,1,0,11.3285,0.352958,0,752,0,-3.239307,0.002133,0.393779,-0.0030250,0.9966315,-0.0525881,0.0628570
1788232753512671232,OK,1,0,11.285,0.3735,0,734,0,-3.237964,-0.002088,0.383652,-0.0031594,0.9966804,-0.0517689,0.0627540
1788232753546010624,OK,1,0,10.9325,0.341041,0,720,0,-3.232849,-0.002653,0.369896,-0.0033804,0.9967268,-0.0513548,0.0623456
1788232753579350016,OK,1,0,11.1275,0.344625,0,730,0,-3.234683,-0.001544,0.357310,-0.0034245,0.9967191,-0.0512968,0.0625134
1788232753612689408,OK,1,0,10.8061,0.327833,0,693,0,-3.233750,-0.002994,0.343614,-0.0031595,0.9967112,-0.0511442,0.0627789
1788232753646029056,OK,1,0,10.9169,0.3515,0,717,0,-3.232064,-0.005665,0.331849,-0.0030063,0.9966947,-0.0511277,0.0630603
1788232753679368448,OK,1,0,10.809,0.332166,0,678,0,-3.230517,-0.004482,0.318274,-0.0026893,0.9966826,-0.0513819,0.0630594
1788232753712707840,OK,1,0,13.1321,0.332875,0,744,0,-3.233048,-0.004867,0.296560,-0.0028180,0.9966308,-0.0515772,0.0637090
1788232753746047232,OK,1,0,11.0439,0.314709,0,764,0,-3.231001,-0.005328,0.283440,-0.0028887,0.9966689,-0.0515104,0.0631633
1788232753779386368,OK,1,0,11.1825,0.328333,0,1037,0,-3.229284,-0.005277,0.274911,-0.0033564,0.9966620,-0.0518000,0.0630108
1788232753812724736,OK,1,0,11.1657,0.326542,0,894,0,-3.229783,-0.003216,0.260769,-0.0031392,0.9965799,-0.0523319,0.0638746
1788232753846064128,OK,1,0,10.7577,0.325875,0,893,0,-3.225589,-0.004943,0.247679,-0.0032817,0.9966213,-0.0518011,0.0636540
1788232753879403520,OK,1,0,10.8016,0.326375,0,860,0,-3.224113,-0.003387,0.233889,-0.0031481,0.9966394,-0.0518595,0.0633300
1788232753912742912,OK,1,0,10.8067,0.340584,0,854,0,-3.223230,-0.006125,0.221817,-0.0030905,0.9966406,-0.0518217,0.0633438
1788232753946082304,OK,1,0,10.9441,0.367291,0,814,0,-3.223706,-0.007492,0.208305,-0.0030364,0.9966367,-0.0517586,0.0634591
1788232753979421440,OK,1,0,11.391,0.334875,0,802,0,-3.223870,-0.007766,0.195433,-0.0025965,0.9966075,-0.0520150,0.0637271
1788232754012760832,OK,1,0,11.0499,0.315875,0,804,0,-3.220366,-0.008728,0.182766,-0.0026964,0.9965981,-0.0521866,0.0637302
1788232754046099968,OK,1,0,11.3128,0.321917,0,786,0,-3.219698,-0.010799,0.170843,-0.0030331,0.9966097,-0.0518569,0.0638030
1788232754079439104,OK,1,0,10.8627,0.3145,0,789,0,-3.216486,-0.010472,0.158808,-0.0032537,0.9966062,-0.0519883,0.0637404
1788232754112778240,OK,1,0,10.9957,0.325709,0,786,0,-3.215186,-0.012451,0.145566,-0.0033713,0.9966410,-0.0514862,0.0635975
1788232754146117376,OK,1,0,10.7198,0.361083,0,767,0,-3.212617,-0.011860,0.132086,-0.0033953,0.9966406,-0.0515658,0.0635366
1788232754179456512,OK,1,0,11.0718,0.333291,0,764,0,-3.212221,-0.013264,0.118478,-0.0032330,0.9966028,-0.0514984,0.0641903
1788232754212795648,OK,1,0,10.5339,0.32325,0,723,0,-3.209994,-0.013114,0.105058,-0.0031536,0.9966128,-0.0512662,0.0642252
1788232754246132992,OK,1,0,11.7554,0.39525,0,717,0,-3.210813,-0.015520,0.091769,-0.0029500,0.9966290,-0.0509321,0.0642483
1788232754279470080,OK,1,0,10.4525,0.36675,0,733,0,-3.209401,-0.016036,0.079359,-0.0024194,0.9966217,-0.0512662,0.0641194
1788232754312807168,OK,1,0,10.6629,0.376042,0,701,0,-3.208141,-0.015293,0.066400,-0.0025203,0.9966199,-0.0514398,0.0640023
1788232754346144000,OK,1,0,10.1657,0.357458,0,697,0,-3.208563,-0.016487,0.054983,-0.0024165,0.9965816,-0.0516574,0.0644275
1788232754379480832,OK,1,0,10.334,0.364542,0,700,0,-3.205454,-0.017911,0.042070,-0.0022833,0.9965711,-0.0517747,0.0645001
1788232754412817920,OK,1,0,11.7425,0.337083,0,675,0,-3.203795,-0.017145,0.029812,-0.0025053,0.9965991,-0.0515456,0.0642422
1788232754446154752,OK,1,0,10.2076,0.335666,0,643,0,-3.201735,-0.020591,0.016805,-0.0023664,0.9966302,-0.0510760,0.0641399
1788232754479491584,OK,1,0,11.4812,0.369667,0,642,0,-3.200987,-0.021266,0.004227,-0.0020670,0.9966242,-0.0512592,0.0640973
1788232754512828416,OK,1,0,9.93417,0.341833,0,630,0,-3.198536,-0.020611,-0.007897,-0.0023641,0.9966188,-0.0515394,0.0639458
1788232754546165248,OK,1,0,10.1476,0.310875,0,616,0,-3.197677,-0.022327,-0.020969,-0.0023812,0.9965844,-0.0519563,0.0641441
1788232754579502080,OK,1,0,9.75175,0.343375,0,610,0,-3.193334,-0.024939,-0.032310,-0.0024244,0.9965999,-0.0519305,0.0639231
1788232754612838656,OK,1,0,9.78663,0.365375,0,614,0,-3.196044,-0.022250,-0.046612,-0.0021541,0.9965370,-0.0526371,0.0643337
1788232754646175232,OK,1,0,9.74137,0.308791,0,836,0,-3.191675,-0.026390,-0.056823,-0.0020521,0.9965732,-0.0525677,0.0638313
1788232754679511040,OK,1,0,10.8441,0.353958,0,850,0,-3.191679,-0.025076,-0.071128,-0.0022168,0.9965460,-0.0530167,0.0638777
1788232754712847616,OK,1,0,9.72375,0.334292,0,815,0,-3.189764,-0.024687,-0.083416,-0.0026996,0.9965382,-0.0529932,0.0640004
1788232754746184192,OK,1,0,10.5683,0.338208,0,749,0,-3.186129,-0.025766,-0.097321,-0.0030269,0.9965568,-0.0524802,0.0641190
1788232754779520768,OK,1,0,10.2213,0.344667,0,733,0,-3.187469,-0.025243,-0.112134,-0.0027670,0.9965705,-0.0519334,0.0643628
1788232754812857088,OK,1,0,10.344,0.328625,0,738,0,-3.186128,-0.026940,-0.124826,-0.0028937,0.9965798,-0.0517321,0.0643745
1788232754846193664,OK,1,0,10.1941,0.369584,0,712,0,-3.185447,-0.027385,-0.137507,-0.0028866,0.9965720,-0.0516981,0.0645232
1788232754879529984,OK,1,0,10.0442,0.331417,0,693,0,-3.184407,-0.025753,-0.152746,-0.0025461,0.9965637,-0.0520247,0.0644032
1788232754912866560,OK,1,0,9.84321,0.313334,0,666,0,-3.181323,-0.028460,-0.165789,-0.0024393,0.9965777,-0.0518359,0.0643424
1788232754946202624,OK,1,0,10.0361,0.323125,0,650,0,-3.180113,-0.031467,-0.177169,-0.0021862,0.9965836,-0.0515903,0.0644567
1788232754979538944,OK,1,0,10.957,0.347042,0,638,0,-3.176488,-0.030256,-0.188725,-0.0023354,0.9965734,-0.0522973,0.0640391
1788232755012875264,OK,1,0,9.68321,0.3335,0,617,0,-3.178258,-0.036432,-0.198538,-0.0021057,0.9965693,-0.0520043,0.0643492
1788232755046211328,OK,1,0,10.0171,0.368667,0,616,0,-3.175884,-0.035031,-0.213595,-0.0022974,0.9965653,-0.0524125,0.0640726
1788232755079547904,OK,1,0,9.53996,0.337875,0,614,0,-3.173843,-0.035745,-0.227112,-0.0022055,0.9965780,-0.0522828,0.0639833
1788232755112883712,OK,1,0,9.95712,0.353916,0,600,0,-3.174566,-0.033854,-0.241464,-0.0018041,0.9965393,-0.0524832,0.0644343
1788232755146219008,OK,1,0,9.52142,0.332,0,608,0,-3.172103,-0.036704,-0.253708,-0.0017656,0.9965873,-0.0519964,0.0640870
1788232755179555072,OK,1,0,9.55958,0.333959,0,587,0,-3.171119,-0.037300,-0.265319,-0.0018966,0.9965555,-0.0523167,0.0643155
1788232755212891136,OK,1,0,10.2499,0.312667,0,564,0,-3.166356,-0.039435,-0.277388,-0.0021246,0.9965601,-0.0525184,0.0640728
1788232755246229504,OK,1,0,9.49479,0.324958,0,577,0,-3.169533,-0.039991,-0.289907,-0.0020394,0.9965410,-0.0527413,0.0641890
1788232755279570432,OK,1,0,10.0795,0.343792,0,568,0,-3.167736,-0.042591,-0.301395,-0.0018515,0.9965406,-0.0528601,0.0641029
1788232755312911616,OK,1,0,9.01879,0.323708,0,564,0,-3.166093,-0.044802,-0.313361,-0.0018036,0.9965246,-0.0529746,0.0642580
1788232755346252800,OK,1,0,11.0163,0.351417,0,585,0,-3.165722,-0.044341,-0.327079,-0.0017908,0.9964871,-0.0534403,0.0644543
1788232755379593728,OK,1,0,9.65079,0.331458,0,575,0,-3.161726,-0.042271,-0.342370,-0.0020525,0.9964884,-0.0537591,0.0641607
1788232755412934912,OK,1,0,9.32725,0.320417,0,548,0,-3.155359,-0.044535,-0.353102,-0.0026510,0.9965643,-0.0531626,0.0634527
1788232755446275840,OK,1,0,9.19758,0.332584,0,555,0,-3.155972,-0.045859,-0.365833,-0.0026169,0.9965344,-0.0530412,0.0640234
1788232755479617024,OK,1,0,8.96258,0.34675,0,569,0,-3.158371,-0.045227,-0.379882,-0.0025559,0.9964729,-0.0531895,0.0648547
1788232755512957952,OK,1,0,9.84583,0.3285,0,783,0,-3.154927,-0.047031,-0.390355,-0.0023604,0.9964831,-0.0531204,0.0647623
1788232755546299136,OK,1,0,10.2527,0.308875,0,888,0,-3.154131,-0.050272,-0.401681,-0.0021404,0.9964685,-0.0531696,0.0649540
1788232755579639040,OK,1,0,10.6549,0.328083,0,787,0,-3.154215,-0.049912,-0.414808,-0.0018606,0.9964295,-0.0535703,0.0652304
1788232755612980224,OK,1,0,10.0292,0.338041,0,714,0,-3.151829,-0.049529,-0.426437,-0.0019133,0.9964402,-0.0539069,0.0647874
1788232755646321408,OK,1,0,9.51046,0.3365,0,691,0,-3.150660,-0.047558,-0.438595,-0.0016146,0.9964033,-0.0545216,0.0648479
1788232755679662592,OK,1,0,11.2965,0.338042,0,648,0,-3.149079,-0.050818,-0.451279,-0.0014750,0.9963267,-0.0546324,0.0659263
1788232755713003776,OK,1,0,9.71254,0.351084,0,668,0,-3.146544,-0.052727,-0.464052,-0.0013703,0.9962131,-0.0547986,0.0674889
1788232755746344704,OK,1,0,9.64975,0.334334,0,619,0,-3.144474,-0.051863,-0.478378,-0.0018049,0.9960893,-0.0548379,0.0692501
1788232755779686144,OK,1,0,9.19858,0.344791,0,619,0,-3.139879,-0.054337,-0.490017,-0.0016370,0.9960345,-0.0540339,0.0706609
1788232755813027072,OK,1,0,9.27779,0.31825,0,590,0,-3.139691,-0.055511,-0.501086,-0.0016644,0.9958652,-0.0536570,0.0732845
1788232755846368256,OK,1,0,9.40925,0.322583,0,551,0,-3.133338,-0.053674,-0.513546,-0.0021557,0.9956800,-0.0542393,0.0753311
1788232755879709184,OK,1,0,9.20142,0.337833,0,563,0,-3.128789,-0.057570,-0.523448,-0.0019206,0.9955183,-0.0540749,0.0775608
1788232755913050624,OK,1,0,9.331,0.356583,0,542,0,-3.125276,-0.057099,-0.534466,-0.0017972,0.9952981,-0.0545141,0.0800411
1788232755946391552,OK,1,0,8.80533,0.347,0,510,0,-3.122486,-0.060062,-0.545756,-0.0019255,0.9950597,-0.0546030,0.0828915
1788232755979732992,OK,1,0,8.75638,0.327667,0,506,0,-3.117064,-0.060697,-0.557132,-0.0024996,0.9948078,-0.0549294,0.0856389
1788232756013072896,OK,1,0,10.0774,0.335167,0,505,0,-3.110245,-0.057576,-0.571794,-0.0023123,0.9945951,-0.0549544,0.0880640
1788232756046414080,OK,1,0,8.60842,0.341,0,476,0,-3.104100,-0.057385,-0.585164,-0.0021469,0.9943810,-0.0546918,0.0906126
1788232756079755264,OK,1,0,8.74967,0.336709,0,447,0,-3.098310,-0.060874,-0.594246,-0.0024173,0.9941106,-0.0546859,0.0935292
1788232756113096448,OK,1,0,8.47183,0.316625,0,471,0,-3.095237,-0.060547,-0.607872,-0.0021933,0.9937798,-0.0551140,0.0967435
1788232756146437632,OK,1,0,9.15863,0.285458,0,463,0,-3.088923,-0.055870,-0.620984,-0.0019128,0.9934473,-0.0557756,0.0997393
1788232756179778816,OK,1,0,9.88525,0.366458,0,460,0,-3.087780,-0.060771,-0.630013,-0.0021506,0.9931301,-0.0555032,0.1029914
1788232756213120000,OK,1,0,8.50154,0.328959,0,438,0,-3.080338,-0.063159,-0.640913,-0.0019540,0.9928259,-0.0554899,0.1058952
1788232756246463488,OK,1,0,8.93487,0.341041,0,455,0,-3.075427,-0.063809,-0.652401,-0.0022127,0.9925102,-0.0552622,0.1089256
1788232756279810048,OK,1,0,8.37675,0.348542,0,443,0,-3.066880,-0.062842,-0.664895,-0.0029623,0.9921892,-0.0554107,0.1117210
1788232756313156864,OK,1,0,10.0097,0.336041,0,453,0,-3.059309,-0.064588,-0.674460,-0.0034621,0.9918880,-0.0548756,0.1146079
1788232756346503424,OK,1,0,8.72408,0.329542,0,855,0,-3.053371,-0.065377,-0.686661,-0.0033941,0.9915226,-0.0551605,0.1175960
1788232756379849984,OK,1,0,9.86663,0.329417,0,744,0,-3.049144,-0.067668,-0.697290,-0.0029052,0.9911922,-0.0548396,0.1205078
1788232756413197056,OK,1,0,9.72371,0.314916,0,689,0,-3.044610,-0.067914,-0.708119,-0.0031435,0.9907877,-0.0550410,0.1236941
1788232756446543616,OK,1,0,9.74938,0.347042,0,685,0,-3.036660,-0.067765,-0.718469,-0.0038728,0.9903972,-0.0554146,0.1266003
1788232756479889664,OK,1,0,9.43021,0.339,0,632,0,-3.029758,-0.067674,-0.730297,-0.0042830,0.9899555,-0.0554438,0.1299832
1788232756513236480,OK,1,0,9.22067,0.3325,0,607,0,-3.021730,-0.069345,-0.741166,-0.0043276,0.9894945,-0.0547824,0.1337191
1788232756546583808,OK,1,0,9.10571,0.33175,0,566,0,-3.012948,-0.067888,-0.752861,-0.0049543,0.9889113,-0.0549359,0.1378838
1788232756579930624,OK,1,0,9.00362,0.345125,0,538,0,-3.003310,-0.071536,-0.761992,-0.0052914,0.9883125,-0.0546252,0.1422198
1788232756613277952,OK,1,0,9.37187,0.331875,0,516,0,-2.997406,-0.069701,-0.773654,-0.0049944,0.9875910,-0.0548992,0.1470549
1788232756646625024,OK,1,0,8.70646,0.345417,0,487,0,-2.992093,-0.072391,-0.782925,-0.0039934,0.9869069,-0.0545546,0.1517324
1788232756679972096,OK,1,0,9.25321,0.362166,0,476,0,-2.984900,-0.071628,-0.794433,-0.0039818,0.9861850,-0.0551325,0.1561528
1788232756713319424,OK,1,0,8.73362,0.323333,0,471,0,-2.976733,-0.072234,-0.806184,-0.0042315,0.9854167,-0.0555317,0.1607864
1788232756746666752,OK,1,0,8.80375,0.341833,0,443,0,-2.966983,-0.069434,-0.813554,-0.0039938,0.9846231,-0.0554533,0.1656090
1788232756780013824,OK,1,0,8.10333,0.337292,0,424,0,-2.959127,-0.068823,-0.826355,-0.0035333,0.9837043,-0.0549425,0.1711566
1788232756813361408,OK,1,0,8.14288,0.345958,0,408,0,-2.947896,-0.067279,-0.837986,-0.0038449,0.9828318,-0.0551138,0.1760382
1788232756846708736,OK,1,0,9.26904,0.338583,0,627,0,-2.939205,-0.069346,-0.846137,-0.0042530,0.9817684,-0.0553317,0.1818000
1788232756880056320,OK,1,0,8.64012,0.332542,0,488,0,-2.927984,-0.070743,-0.855836,-0.0042877,0.9807584,-0.0551382,0.1872280
1788232756913402880,OK,1,0,17.3673,0.336709,0,495,0,-2.919132,-0.070354,-0.863938,-0.0039391,0.9796865,-0.0553689,0.1926996
1788232756946750464,OK,1,0,8.78087,0.331459,0,502,0,-2.913932,-0.071078,-0.873033,-0.0032934,0.9784501,-0.0554501,0.1988716
1788232756980098048,OK,1,0,7.7755,0.333125,0,471,0,-2.902162,-0.068525,-0.884332,-0.0037084,0.9771968,-0.0557791,0.2048446
1788232757013445888,OK,1,0,8.30033,0.352167,0,460,0,-2.888818,-0.070159,-0.893435,-0.0040001,0.9759474,-0.0548652,0.2109514
1788232757046793472,OK,1,0,8.93221,0.333208,0,449,0,-2.879262,-0.071182,-0.901485,-0.0047515,0.9746559,-0.0541120,0.2170143
1788232757080141312,OK,1,0,8.00429,0.333958,0,407,0,-2.864531,-0.070139,-0.911845,-0.0055256,0.9733351,-0.0540759,0.2228542
1788232757113488896,OK,1,0,7.95192,0.3485,0,423,0,-2.854171,-0.071695,-0.918766,-0.0060077,0.9719096,-0.0537280,0.2290613
1788232757146836992,OK,1,0,8.17062,0.342417,0,436,0,-2.841791,-0.070144,-0.931188,-0.0053733,0.9704165,-0.0535794,0.2353553
1788232757180184832,OK,1,0,7.77958,0.345083,0,431,0,-2.833820,-0.070014,-0.939975,-0.0044771,0.9689462,-0.0538230,0.2413015
1788232757213532928,OK,1,0,8.71692,0.3265,0,410,0,-2.825709,-0.074934,-0.947221,-0.0045689,0.9673978,-0.0538259,0.2474335
1788232757246879232,OK,1,0,7.89138,0.304792,0,426,0,-2.814203,-0.073189,-0.954391,-0.0044529,0.9658583,-0.0542430,0.2532898
1788232757280222976,OK,1,0,8.47479,0.342833,0,427,0,-2.803704,-0.071511,-0.964419,-0.0041894,0.9641264,-0.0542021,0.2598170
1788232757313566720,OK,1,0,7.77992,0.330084,0,414,0,-2.789975,-0.072897,-0.970721,-0.0043171,0.9625286,-0.0533935,0.2658366
1788232757346909440,OK,1,0,8.22908,0.353625,0,416,0,-2.776493,-0.072707,-0.979954,-0.0047792,0.9607660,-0.0532482,0.2721593
1788232757380253184,OK,1,0,7.95758,0.323834,0,437,0,-2.764871,-0.072588,-0.986437,-0.0052310,0.9589185,-0.0528763,0.2786613
1788232757413597184,OK,1,0,8.20363,0.348708,0,460,0,-2.750710,-0.073300,-0.994201,-0.0056866,0.9572129,-0.0524631,0.2845324
1788232757446940928,OK,1,0,8.369,0.313917,0,447,0,-2.740963,-0.075631,-1.000011,-0.0059419,0.9553314,-0.0518359,0.2908945
1788232757480284928,OK,1,0,8.10954,0.355792,0,436,0,-2.727531,-0.075768,-1.005756,-0.0061804,0.9534431,-0.0518622,0.2970160
1788232757513628672,OK,1,0,8.8215,0.325958,0,466,0,-2.720344,-0.075804,-1.013347,-0.0058912,0.9513267,-0.0522319,0.3036686
1788232757546972672,OK,1,0,8.43825,0.327541,0,473,0,-2.710009,-0.078050,-1.020905,-0.0051016,0.9493251,-0.0518992,0.3099390
1788232757580316416,OK,1,0,9.66425,0.365,0,478,0,-2.697074,-0.076313,-1.027079,-0.0045084,0.9473948,-0.0525017,0.3156998
1788232757613660416,OK,1,0,8.43292,0.34,0,504,0,-2.685966,-0.079390,-1.031569,-0.0046880,0.9453926,-0.0523657,0.3216656
1788232757647004160,OK,1,0,8.7755,0.342125,0,498,0,-2.675916,-0.079215,-1.040117,-0.0050277,0.9431070,-0.0520723,0.3283479
1788232757680348160,OK,1,0,8.27967,0.333917,0,488,0,-2.662290,-0.080459,-1.044942,-0.0053423,0.9410730,-0.0516155,0.3341990
1788232757713692160,OK,1,0,8.49283,0.334666,0,509,0,-2.645232,-0.076743,-1.051666,-0.0058253,0.9389566,-0.0520563,0.3400245
1788232757747035904,OK,1,0,9.48025,0.313209,0,514,0,-2.635928,-0.080930,-1.056592,-0.0063015,0.9366851,-0.0514276,0.3463188
1788232757780379904,OK,1,0,8.38912,0.334416,0,496,0,-2.619422,-0.077326,-1.064752,-0.0057981,0.9344280,-0.0514410,0.3523699
1788232757813722880,OK,1,0,8.27704,0.306333,0,513,0,-2.611784,-0.081945,-1.069565,-0.0061166,0.9321460,-0.0511300,0.3584023
1788232757847066880,OK,1,0,8.31137,0.315417,0,503,0,-2.595930,-0.080984,-1.074306,-0.0062664,0.9297805,-0.0515698,0.3644303
1788232757880410624,OK,1,0,8.38092,0.3285,0,535,0,-2.583517,-0.081591,-1.080186,-0.0063669,0.9272873,-0.0508008,0.3708328
1788232757913754624,OK,1,0,8.09463,0.3175,0,519,0,-2.570981,-0.082573,-1.083793,-0.0063727,0.9249093,-0.0501171,0.3768163
1788232757947098624,OK,1,0,8.41625,0.322125,0,662,0,-2.559644,-0.083935,-1.087455,-0.0064778,0.9224858,-0.0501874,0.3827001
1788232757980442624,OK,1,0,8.19629,0.33425,0,600,0,-2.548171,-0.085007,-1.091819,-0.0065597,0.9198896,-0.0500176,0.3889194
1788232758013786624,OK,1,0,8.74829,0.333792,0,607,0,-2.534256,-0.083341,-1.095945,-0.0061910,0.9174111,-0.0500479,0.3947326
1788232758047130624,OK,1,0,8.73012,0.344708,0,564,0,-2.520495,-0.084553,-1.100200,-0.0059559,0.9149266,-0.0501805,0.4004443
1788232758080474624,OK,1,0,8.57554,0.331833,0,582,0,-2.506161,-0.082164,-1.105617,-0.0056605,0.9123675,-0.0509106,0.4061546
1788232758113818624,OK,1,0,8.67979,0.357875,0,592,0,-2.493755,-0.083947,-1.108067,-0.0057362,0.9096670,-0.0504611,0.4122218
1788232758147162880,OK,1,0,9.43571,0.357958,0,614,0,-2.477312,-0.083022,-1.114612,-0.0058631,0.9069211,-0.0501205,0.4182675
1788232758180506880,OK,1,0,9.18292,0.329167,0,645,0,-2.462778,-0.083118,-1.116449,-0.0060398,0.9043837,-0.0502375,0.4237098
1788232758213850880,OK,1,0,9.25,0.345833,0,608,0,-2.451629,-0.084534,-1.118670,-0.0065264,0.9015067,-0.0504283,0.4297675
1788232758247192576,OK,1,0,10.3784,0.33,0,624,0,-2.437455,-0.083562,-1.121948,-0.0065720,0.8986337,-0.0504254,0.4357425
1788232758280535296,OK,1,0,9.20913,0.33175,0,651,0,-2.430859,-0.085049,-1.125823,-0.0060200,0.8957151,-0.0502146,0.4417427
1788232758313878528,OK,1,0,9.52196,0.327208,0,607,0,-2.413787,-0.086957,-1.126626,-0.0061342,0.8931810,-0.0503616,0.4468265
1788232758347221248,OK,1,0,9.72646,0.313166,0,602,0,-2.400858,-0.084663,-1.130547,-0.0060567,0.8900722,-0.0501987,0.4530066
1788232758380563968,OK,1,0,9.05679,0.351792,0,617,0,-2.388997,-0.084689,-1.135406,-0.0055622,0.8871076,-0.0499871,0.4588144
1788232758413906688,OK,1,0,10.1098,0.357416,0,622,0,-2.376172,-0.085890,-1.136677,-0.0057545,0.8841698,-0.0498730,0.4644603
1788232758447249408,OK,1,0,9.65225,0.282375,0,646,0,-2.359140,-0.084751,-1.137143,-0.0057028,0.8813384,-0.0497669,0.4698229
1788232758480592384,OK,1,0,9.21775,0.382292,0,636,0,-2.343357,-0.083561,-1.141811,-0.0054926,0.8781286,-0.0491593,0.4758605
1788232758513935104,OK,1,0,10.202,0.327875,0,632,0,-2.331210,-0.083369,-1.142966,-0.0056387,0.8752090,-0.0490226,0.4812216
1788232758547277824,OK,1,0,9.54146,0.344625,0,655,0,-2.318540,-0.083467,-1.145821,-0.0057102,0.8721019,-0.0491869,0.4868125
1788232758580620800,OK,1,0,9.39646,0.429041,0,641,0,-2.305052,-0.084373,-1.144463,-0.0057495,0.8690288,-0.0492187,0.4922738
1788232758613963520,OK,1,0,9.41121,0.345917,0,636,0,-2.292211,-0.082610,-1.147327,-0.0054495,0.8655508,-0.0491978,0.4983690
1788232758647306496,OK,1,0,9.74917,0.326292,0,660,0,-2.279658,-0.084232,-1.148746,-0.0055544,0.8622113,-0.0486503,0.5041767
1788232758680648192,OK,1,0,9.576,0.334416,0,675,0,-2.266252,-0.084624,-1.146672,-0.0056133,0.8591814,-0.0484059,0.5093454
1788232758713990912,OK,1,0,9.74496,0.314125,0,657,0,-2.252904,-0.083818,-1.151724,-0.0054608,0.8556585,-0.0479532,0.5152856
1788232758747333632,OK,1,0,9.59029,0.323125,0,677,0,-2.237308,-0.085716,-1.150483,-0.0060696,0.8524789,-0.0475097,0.5205629
1788232758780676608,OK,1,0,9.91458,0.327875,0,680,0,-2.226587,-0.089310,-1.150700,-0.0065396,0.8491857,-0.0468329,0.5259730
1788232758814019328,OK,1,0,9.9345,0.325708,0,665,0,-2.211363,-0.085609,-1.150665,-0.0064550,0.8458204,-0.0468762,0.5313652
1788232758847362048,OK,1,0,9.72808,0.321125,0,683,0,-2.195504,-0.085456,-1.149704,-0.0067419,0.8424075,-0.0467455,0.5367671
1788232758880704768,OK,1,0,10.7588,0.343375,0,686,0,-2.182986,-0.085283,-1.152021,-0.0063087,0.8387073,-0.0468146,0.5425299
1788232758914047488,OK,1,0,10.3097,0.336875,0,713,0,-2.171104,-0.084883,-1.152421,-0.0056229,0.8352287,-0.0467781,0.5478806
1788232758947390464,OK,1,0,10.3975,0.324875,0,693,0,-2.159110,-0.084950,-1.156674,-0.0051206,0.8313296,-0.0464789,0.5538092
1788232758980733184,OK,1,0,10.5795,0.302291,0,723,0,-2.145752,-0.086380,-1.152497,-0.0053661,0.8279653,-0.0465043,0.5588220
1788232759014075904,OK,1,0,10.7498,0.321875,0,720,0,-2.130401,-0.086879,-1.154854,-0.0054198,0.8239801,-0.0460272,0.5647202
1788232759047418624,OK,1,0,10.6859,0.311916,0,732,0,-2.116545,-0.083508,-1.153053,-0.0052991,0.8203872,-0.0452570,0.5699900
1788232759080761600,OK,1,0,10.832,0.32525,0,719,0,-2.102675,-0.085324,-1.151067,-0.0059886,0.8165618,-0.0443284,0.5755224
1788232759114104320,OK,1,0,10.8765,0.306458,0,750,0,-2.086263,-0.081192,-1.152180,-0.0060564,0.8124477,-0.0447000,0.5812865
1788232759147446016,OK,1,0,11.0241,0.3225,0,777,0,-2.071084,-0.082410,-1.149513,-0.0061657,0.8089051,-0.0439669,0.5862605
1788232759180788736,OK,1,0,10.9195,0.333417,0,754,0,-2.056931,-0.081906,-1.153039,-0.0062014,0.8045982,-0.0434321,0.5921968
1788232759214131712,OK,1,0,11.1333,0.307792,0,795,0,-2.043507,-0.081773,-1.147995,-0.0066086,0.8008316,-0.0433022,0.5972856
1788232759247474432,OK,1,0,11.1107,0.327666,0,782,0,-2.030385,-0.082665,-1.147906,-0.0061758,0.7967615,-0.0433868,0.6027027
1788232759280820480,OK,1,0,12.3322,0.34225,0,1188,0,-2.017463,-0.078315,-1.147235,-0.0049170,0.7927813,-0.0432650,0.6079488
1788232759314166528,OK,1,0,12.62,0.344291,0,1007,0,-2.005696,-0.079715,-1.144915,-0.0044084,0.7890538,-0.0429396,0.6128057
1788232759347512576,OK,1,0,12.0025,0.33775,0,991,0,-1.994370,-0.080656,-1.143646,-0.0044899,0.7849779,-0.0429525,0.6180168
1788232759380858880,OK,1,0,12.446,0.343208,0,957,0,-1.981413,-0.078255,-1.142735,-0.0045936,0.7808304,-0.0428819,0.6232527
1788232759414205184,OK,1,0,12.661,0.329459,0,1008,0,-1.965015,-0.077212,-1.139932,-0.0048833,0.7773224,-0.0424362,0.6276506
1788232759447551232,OK,1,0,13.0293,0.34875,0,1028,0,-1.951870,-0.079251,-1.137439,-0.0051945,0.7744437,-0.0419908,0.6312265
1788232759480897792,OK,1,0,13.2927,0.339417,0,1035,0,-1.941340,-0.078459,-1.135240,-0.0050677,0.7717555,-0.0421363,0.6345017
1788232759514244096,OK,1,0,13.0547,0.328083,0,1052,0,-1.929134,-0.078407,-1.129135,-0.0048013,0.7696761,-0.0419560,0.6370363
1788232759547590656,OK,1,0,13.7769,0.328208,0,1054,0,-1.914641,-0.080528,-1.131989,-0.0044056,0.7669571,-0.0415688,0.6403354
1788232759580935936,OK,1,0,13.5057,0.360917,0,1021,0,-1.902731,-0.078921,-1.129605,-0.0040126,0.7645316,-0.0420720,0.6431993
1788232759614282496,OK,1,0,13.8658,0.369875,0,1019,0,-1.889463,-0.075019,-1.128141,-0.0037879,0.7618808,-0.0421008,0.6463364
1788232759647628800,OK,1,0,14.9119,0.34275,0,1004,0,-1.875197,-0.075990,-1.128344,-0.0041479,0.7592527,-0.0415307,0.6494562
1788232759680975616,OK,1,0,13.7333,0.339417,0,1023,0,-1.860701,-0.076039,-1.126382,-0.0045355,0.7565838,-0.0413334,0.6525733
1788232759714322176,OK,1,0,13.3611,0.346541,0,987,0,-1.847785,-0.072992,-1.123350,-0.0047204,0.7541254,-0.0414944,0.6554012
1788232759747668992,OK,1,0,14.5743,0.341375,0,996,0,-1.834439,-0.076998,-1.121758,-0.0052026,0.7516433,-0.0405109,0.6583040
1788232759781015552,OK,1,0,13.4051,0.348458,0,1032,0,-1.820653,-0.076851,-1.123218,-0.0047559,0.7491137,-0.0402569,0.6612000
1788232759814362624,OK,1,0,24.9607,0.333708,0,1039,0,-1.808031,-0.075172,-1.121498,-0.0041595,0.7468545,-0.0399560,0.6637731
1788232759847709440,OK,1,0,14.5142,0.612208,0,1076,0,-1.796546,-0.075311,-1.117065,-0.0040787,0.7448841,-0.0398070,0.6659928
1788232759881056256,OK,1,0,14.415,0.356833,0,1081,0,-1.781516,-0.073432,-1.118347,-0.0039739,0.7420653,-0.0397051,0.6691389
1788232759914403328,OK,1,0,13.3324,0.343,0,1099,0,-1.768357,-0.073391,-1.119139,-0.0041805,0.7393689,-0.0391302,0.6721495
1788232759947750144,OK,1,0,13.5482,0.315417,0,1094,0,-1.753409,-0.072522,-1.115995,-0.0047070,0.7369745,-0.0387840,0.6747906
1788232759981097216,OK,1,0,13.7443,0.306,0,1093,0,-1.738185,-0.068777,-1.112915,-0.0048157,0.7345921,-0.0385633,0.6773952
1788232760014443264,OK,1,0,13.5835,0.330458,0,1081,0,-1.725212,-0.071517,-1.109101,-0.0055826,0.7323106,-0.0383960,0.6798645
1788232760047790592,OK,1,0,13.4332,0.311125,0,1114,0,-1.712817,-0.070980,-1.108845,-0.0054611,0.7297584,-0.0378953,0.6826323
1788232760081137664,OK,1,0,13.6935,0.328667,0,1082,0,-1.700431,-0.072288,-1.107087,-0.0053778,0.7274920,-0.0372759,0.6850818
1788232760114484736,OK,1,0,14.458,0.326792,0,1117,0,-1.688589,-0.075378,-1.104927,-0.0057064,0.7252363,-0.0367413,0.6874954
1788232760147832064,OK,1,0,13.6892,0.325416,0,1113,0,-1.673944,-0.071321,-1.102725,-0.0053432,0.7226555,-0.0370251,0.6901953
1788232760181179392,OK,1,0,14.0095,0.33675,0,1082,0,-1.660002,-0.071882,-1.099455,-0.0058487,0.7200121,-0.0364808,0.6929773
1788232760214526976,OK,1,0,13.899,0.320292,0,1098,0,-1.644940,-0.069095,-1.096974,-0.0056508,0.7174567,-0.0360039,0.6956491
1788232760247874304,OK,1,0,13.9771,0.319333,0,1107,0,-1.632147,-0.068022,-1.097026,-0.0055345,0.7146230,-0.0352971,0.6985969
1788232760281218304,OK,1,0,13.6599,0.335792,0,1092,0,-1.617479,-0.065586,-1.092378,-0.0055389,0.7123323,-0.0355272,0.7009207
1788232760314562048,OK,1,0,13.3078,0.318958,0,1095,0,-1.603515,-0.066277,-1.090470,-0.0057171,0.7098148,-0.0346842,0.7035106
1788232760347906048,OK,1,0,14.2031,0.342458,0,1099,0,-1.590614,-0.064844,-1.088703,-0.0054878,0.7077404,-0.0340287,0.7056313
1788232760381250048,OK,1,0,13.7955,0.325583,0,1114,0,-1.579656,-0.062514,-1.088290,-0.0048488,0.7062926,-0.0342523,0.7070743
1788232760414594304,OK,1,0,14.6485,0.329541,0,1096,0,-1.566311,-0.063873,-1.085428,-0.0048556,0.7048717,-0.0344333,0.7084821
1788232760447938304,OK,1,0,14.729,0.397084,0,1137,0,-1.553178,-0.066356,-1.082026,-0.0051613,0.7037964,-0.0339974,0.7095690
1788232760481281280,OK,1,0,14.1938,0.37275,0,1113,0,-1.541360,-0.064463,-1.080404,-0.0050698,0.7030414,-0.0337700,0.7103285
1788232760514625536,OK,1,0,13.785,0.371709,0,1089,0,-1.528079,-0.063421,-1.080001,-0.0049565,0.7021822,-0.0342943,0.7111536
1788232760547969536,OK,1,0,13.7018,0.354125,0,1104,0,-1.517242,-0.066067,-1.081849,-0.0049267,0.7009685,-0.0339014,0.7123690
1788232760581313792,OK,1,0,13.4652,0.327459,0,1088,0,-1.503881,-0.066284,-1.080665,-0.0050472,0.6999468,-0.0337929,0.7133772
1788232760614658048,OK,1,0,13.8766,0.350667,0,1088,0,-1.490315,-0.064207,-1.079628,-0.0050535,0.6989613,-0.0341919,0.7143238
1788232760648002304,OK,1,0,13.8833,0.332875,0,1085,0,-1.475657,-0.065325,-1.078283,-0.0056142,0.6978168,-0.0337757,0.7154574
1788232760681346304,OK,1,0,13.5199,0.323333,0,1083,0,-1.463074,-0.065095,-1.077740,-0.0059954,0.6966783,-0.0333212,0.7165844
1788232760714690560,OK,1,0,13.2438,0.313166,0,1079,0,-1.450432,-0.064372,-1.073647,-0.0064983,0.6960977,-0.0330193,0.7171579
1788232760748034816,OK,1,0,13.1995,0.313916,0,1062,0,-1.436998,-0.061725,-1.071851,-0.0064156,0.6954859,-0.0330398,0.7177511
1788232760781379072,OK,1,0,13.0246,0.290209,0,1111,0,-1.422979,-0.064740,-1.067881,-0.0073511,0.6945806,-0.0328173,0.7186285
1788232760814723328,OK,1,0,13.3806,0.385458,0,1129,0,-1.408756,-0.061777,-1.067467,-0.0069897,0.6930814,-0.0326548,0.7200854
1788232760848067840,OK,1,0,13.3523,0.329458,0,1087,0,-1.395481,-0.065032,-1.064485,-0.0072399,0.6922206,-0.0325145,0.7209168
1788232760881412352,OK,1,0,13.4246,0.308083,0,1088,0,-1.383355,-0.062224,-1.061970,-0.0068877,0.6912225,-0.0323968,0.7218826
1788232760914755584,OK,1,0,13.5089,0.300667,0,1105,0,-1.370327,-0.062885,-1.065525,-0.0065376,0.6898245,-0.0316291,0.7232558
1788232760948100096,OK,1,0,13.2876,0.307792,0,1064,0,-1.357433,-0.063755,-1.062525,-0.0064060,0.6891268,-0.0318875,0.7239105
1788232760981444608,OK,1,0,13.0648,0.334334,0,1094,0,-1.345763,-0.060248,-1.058774,-0.0062612,0.6880623,-0.0322987,0.7249054
1788232761014789120,OK,1,0,13.0774,0.305875,0,1068,0,-1.333756,-0.060706,-1.060627,-0.0058277,0.6866546,-0.0319259,0.7262591
1788232761048133632,OK,1,0,13.4002,0.296875,0,1102,0,-1.321061,-0.060347,-1.058880,-0.0055560,0.6857706,-0.0319024,0.7270970
1788232761081478144,OK,1,0,13.4408,0.29475,0,1104,0,-1.308172,-0.060179,-1.060808,-0.0054113,0.6845139,-0.0310853,0.7283167
1788232761114822400,OK,1,0,13.6098,0.295667,0,1116,0,-1.295941,-0.062148,-1.056930,-0.0058949,0.6838518,-0.0305513,0.7289573
1788232761148167168,OK,1,0,13.2084,0.350791,0,1074,0,-1.281853,-0.062214,-1.057225,-0.0058416,0.6826171,-0.0303860,0.7301208
1788232761181511680,OK,1,0,13.3113,0.273833,0,1084,0,-1.269179,-0.060663,-1.053839,-0.0054196,0.6819773,-0.0304904,0.7307174
1788232761214856448,OK,1,0,13.6368,0.301583,0,1078,0,-1.256388,-0.063124,-1.053788,-0.0057718,0.6809424,-0.0296438,0.7317140
1788232761248201216,OK,1,0,13.6913,0.311375,0,1072,0,-1.242707,-0.062899,-1.051986,-0.0060956,0.6799564,-0.0296034,0.7326294
1788232761281543936,OK,1,0,13.4262,0.31275,0,1084,0,-1.229219,-0.061835,-1.049098,-0.0061706,0.6789825,-0.0294842,0.7335362
1788232761314886912,OK,1,0,13.2607,0.368208,0,1089,0,-1.216542,-0.059507,-1.045766,-0.0059715,0.6778223,-0.0293758,0.7346144
1788232761348228864,OK,1,0,13.6859,0.367208,0,1086,0,-1.204490,-0.061869,-1.042796,-0.0061542,0.6772719,-0.0292518,0.7351253
1788232761381571840,OK,1,0,14.165,0.313667,0,1094,0,-1.193015,-0.059171,-1.041128,-0.0050812,0.6770529,-0.0296346,0.7353199
1788232761414914560,OK,1,0,13.9851,0.326791,0,1088,0,-1.180681,-0.056619,-1.043546,-0.0041425,0.6761332,-0.0296560,0.7361707
1788232761448257536,OK,1,0,15.4473,0.335542,0,1067,0,-1.169271,-0.058861,-1.041013,-0.0041534,0.6758689,-0.0300326,0.7363980
1788232761481600512,OK,1,0,13.5098,0.347708,0,1070,0,-1.157688,-0.060419,-1.042490,-0.0040892,0.6750968,-0.0296966,0.7371199
1788232761514943488,OK,1,0,13.7115,0.3485,0,1028,0,-1.146269,-0.061126,-1.040364,-0.0042881,0.6746673,-0.0297252,0.7375108
1788232761548286720,OK,1,0,14.637,0.334,0,1054,0,-1.133482,-0.061670,-1.036334,-0.0043521,0.6746647,-0.0298884,0.7375061
1788232761581629696,OK,1,0,13.5955,0.367333,0,1067,0,-1.119385,-0.060392,-1.036443,-0.0040058,0.6744015,-0.0295532,0.7377623
1788232761614972672,OK,1,0,14.3121,0.3405,0,1079,0,-1.107003,-0.059863,-1.033283,-0.0041036,0.6741236,-0.0298356,0.7380043
1788232761648315648,OK,1,0,13.6945,0.359916,0,1055,0,-1.094064,-0.060824,-1.030606,-0.0042399,0.6735913,-0.0298915,0.7384871
1788232761681658624,OK,1,0,13.8758,0.331417,0,1042,0,-1.082251,-0.059079,-1.032033,-0.0039878,0.6728939,-0.0297126,0.7391314
1788232761715001600,OK,1,0,14.2287,0.323292,0,1076,0,-1.068948,-0.057809,-1.031217,-0.0035162,0.6724419,-0.0299562,0.7395351
1788232761748344832,OK,1,0,13.4751,0.341083,0,1037,0,-1.057236,-0.058433,-1.029200,-0.0032580,0.6724890,-0.0296978,0.7395039
1788232761781687808,OK,1,0,13.2967,0.322125,0,1021,0,-1.044338,-0.058674,-1.029793,-0.0032237,0.6719158,-0.0298527,0.7400186
1788232761815029760,OK,1,0,13.1542,0.315083,0,1003,0,-1.032889,-0.057623,-1.025571,-0.0028865,0.6716605,-0.0304898,0.7402258
1788232761848372992,OK,1,0,12.7422,0.30325,0,994,0,-1.020373,-0.057808,-1.025936,-0.0031486,0.6709250,-0.0304147,0.7408946
1788232761881715968,OK,1,0,12.7272,0.29575,0,1046,0,-1.008065,-0.061063,-1.024461,-0.0037855,0.6704404,-0.0303361,0.7413333
1788232761915059200,OK,1,0,12.6695,0.297834,0,1023,0,-0.995728,-0.060834,-1.020056,-0.0034264,0.6704541,-0.0305078,0.7413157
1788232761948402432,OK,1,0,12.786,0.298208,0,996,0,-0.982415,-0.060045,-1.021008,-0.0032313,0.6701184,-0.0305288,0.7416191
1788232761981745408,OK,1,0,12.9384,0.373084,0,1005,0,-0.972157,-0.057099,-1.018285,-0.0027532,0.6698483,-0.0313047,0.7418327
1788232762015088640,OK,1,0,12.8568,0.297083,0,1018,0,-0.959058,-0.056613,-1.013453,-0.0027590,0.6694601,-0.0316674,0.7421677
1788232762048431616,OK,1,0,12.8844,0.3015,0,1011,0,-0.946654,-0.058785,-1.012508,-0.0031803,0.6691053,-0.0311249,0.7425088
1788232762081774848,OK,1,0,12.9048,0.28825,0,1007,0,-0.934489,-0.059614,-1.011889,-0.0033104,0.6685864,-0.0312426,0.7429705
1788232762115118080,OK,1,0,12.8585,0.277708,0,1003,0,-0.921848,-0.056831,-1.009293,-0.0024765,0.6682463,-0.0313486,0.7432752
1788232762148461056,OK,1,0,12.5763,0.294292,0,972,0,-0.909208,-0.056025,-1.006608,-0.0024472,0.6682302,-0.0317293,0.7432736
1788232762181804544,OK,1,0,13.0808,0.295416,0,969,0,-0.898231,-0.054422,-1.007761,-0.0018094,0.6675987,-0.0320488,0.7438290
1788232762215147776,OK,1,0,13.1655,0.306458,0,972,0,-0.884901,-0.057444,-1.003157,-0.0024263,0.6674729,-0.0316270,0.7439582
1788232762248489984,OK,1,0,13.0865,0.345625,0,972,0,-0.871151,-0.056948,-1.002910,-0.0024484,0.6669677,-0.0310515,0.7444353
1788232762281828096,OK,1,0,12.8825,0.327542,0,997,0,-0.858157,-0.056157,-1.000835,-0.0022943,0.6666240,-0.0312312,0.7447361
1788232762315166208,OK,1,0,13.5152,0.349208,0,990,0,-0.844408,-0.055564,-0.999106,-0.0022960,0.6663660,-0.0312887,0.7449645
1788232762348504320,OK,1,0,13.17,0.358041,0,1003,0,-0.832385,-0.052459,-0.997098,-0.0020151,0.6661674,-0.0317394,0.7451238
1788232762381842432,OK,1,0,13.1137,0.366167,0,1007,0,-0.820123,-0.053398,-0.994405,-0.0022204,0.6658843,-0.0316587,0.7453797
1788232762415180544,OK,1,0,13.5816,0.32375,0,998,0,-0.806322,-0.051419,-0.996649,-0.0017897,0.6651078,-0.0312729,0.7460901
1788232762448518656,OK,1,0,12.7242,0.3645,0,987,0,-0.793454,-0.052867,-0.993135,-0.0024227,0.6650178,-0.0313197,0.7461665
1788232762481856768,OK,1,0,13.8153,0.307583,0,977,0,-0.780409,-0.051842,-0.991326,-0.0017800,0.6643116,-0.0314539,0.7467915
1788232762515194624,OK,1,0,12.8643,0.349875,0,980,0,-0.769479,-0.053806,-0.989837,-0.0020264,0.6641721,-0.0315804,0.7469097
1788232762548532736,OK,1,0,12.8712,0.320833,0,1015,0,-0.758930,-0.054704,-0.989250,-0.0016974,0.6638947,-0.0319857,0.7471398
1788232762581870592,OK,1,0,12.7577,0.315208,0,988,0,-0.745661,-0.051575,-0.986099,-0.0005879,0.6635126,-0.0324300,0.7474617
1788232762615208448,OK,1,0,12.6966,0.317,0,963,0,-0.734787,-0.048891,-0.982899,0.0002600,0.6633512,-0.0326005,0.7475978
1788232762648546304,OK,1,0,12.3978,0.313792,0,959,0,-0.722789,-0.051131,-0.983295,0.0000674,0.6629114,-0.0323315,0.7479994
1788232762681883392,OK,1,0,12.5833,0.29825,0,960,0,-0.710820,-0.048877,-0.980823,0.0004805,0.6624985,-0.0327297,0.7483478
1788232762715221248,OK,1,0,12.214,0.33175,0,958,0,-0.697336,-0.050210,-0.979778,0.0002328,0.6620589,-0.0326509,0.7487402
1788232762748559104,OK,1,0,12.4376,0.328166,0,947,0,-0.685199,-0.048523,-0.976755,0.0000650,0.6619206,-0.0326412,0.7488629
1788232762781896960,OK,1,0,12.961,0.315041,0,1762,0,-0.671676,-0.051271,-0.976170,-0.0004809,0.6613715,-0.0320348,0.7493740
1788232762815234816,OK,1,0,15.6394,0.306458,0,1403,0,-0.659656,-0.050227,-0.975645,-0.0003271,0.6607574,-0.0319311,0.7499200
1788232762848572672,OK,1,0,15.13,0.351834,0,1366,0,-0.646091,-0.050004,-0.973640,-0.0004789,0.6598774,-0.0315199,0.7507117
1788232762881910528,OK,1,0,14.8786,0.36725,0,1289,0,-0.634414,-0.049519,-0.970160,-0.0003119,0.6590012,-0.0319067,0.7514648
1788232762915248384,OK,1,0,16.0153,0.338292,0,1269,0,-0.622171,-0.049297,-0.966828,-0.0000821,0.6575925,-0.0319541,0.7526958
1788232762948585984,OK,1,0,15.372,0.337958,0,1213,0,-0.609691,-0.047653,-0.962642,0.0000252,0.6557844,-0.0321621,0.7542628
1788232762981923840,OK,1,0,13.8356,0.340292,0,1221,0,-0.599996,-0.048014,-0.959242,0.0005151,0.6538393,-0.0324385,0.7559376
1788232763015261440,OK,1,0,15.478,0.322667,0,1159,0,-0.587552,-0.049307,-0.954008,0.0004185,0.6520579,-0.0320462,0.7574915
1788232763048599040,OK,1,0,14.427,0.358875,0,1120,0,-0.575037,-0.048908,-0.950794,0.0000669,0.6496655,-0.0321238,0.7595412
1788232763081936640,OK,1,0,14.7469,0.350292,0,1126,0,-0.563261,-0.049247,-0.944645,-0.0007412,0.6477705,-0.0322354,0.7611529
1788232763115274496,OK,1,0,13.6887,0.353875,0,1129,0,-0.550508,-0.048447,-0.938707,-0.0013215,0.6454188,-0.0322918,0.7631449
1788232763148611072,OK,1,0,14.0465,0.349125,0,1100,0,-0.537658,-0.049259,-0.933140,-0.0020837,0.6426742,-0.0315593,0.7654865
1788232763181948672,OK,1,0,14.1,0.346125,0,1147,0,-0.523771,-0.045862,-0.928069,-0.0018680,0.6396455,-0.0311014,0.7680384
1788232763215286272,OK,1,0,13.3503,0.355084,0,1172,0,-0.512021,-0.044631,-0.922708,-0.0017515,0.6368446,-0.0316500,0.7703403
1788232763248623872,OK,1,0,13.8642,0.325125,0,1171,0,-0.500941,-0.046329,-0.919234,-0.0016285,0.6339622,-0.0310974,0.7727369
1788232763281962496,OK,1,0,14.967,0.344791,0,1151,0,-0.489613,-0.045150,-0.914551,-0.0009002,0.6311601,-0.0309588,0.7750340
1788232763315300864,OK,1,0,13.7837,0.351167,0,1136,0,-0.477699,-0.043554,-0.908394,-0.0004740,0.6284235,-0.0313427,0.7772396
1788232763348639488,OK,1,0,14.7445,0.351,0,1746,0,-0.467667,-0.043957,-0.902337,-0.0005324,0.6254796,-0.0317673,0.7795934
1788232763381977856,OK,1,0,17.0553,0.331125,0,1359,0,-0.456898,-0.043859,-0.894559,-0.0007324,0.6226531,-0.0319084,0.7818469
1788232763415316224,OK,1,0,15.1401,0.33475,0,1287,0,-0.446290,-0.043115,-0.889918,-0.0005150,0.6193543,-0.0315105,0.7844788
1788232763448654848,OK,1,0,14.7188,0.356417,0,1254,0,-0.434685,-0.043554,-0.884921,-0.0006953,0.6160666,-0.0307213,0.7870944
1788232763481993216,OK,1,0,14.161,0.342417,0,1253,0,-0.423043,-0.043206,-0.876746,-0.0008364,0.6134255,-0.0307275,0.7891542
1788232763515331584,OK,1,0,15.033,0.346208,0,1214,0,-0.411537,-0.041653,-0.870797,-0.0006431,0.6101884,-0.0308228,0.7916563
1788232763548669952,OK,1,0,14.807,0.321375,0,1199,0,-0.400004,-0.041393,-0.863628,-0.0008141,0.6068890,-0.0305672,0.7941982
1788232763582007296,OK,1,0,14.6071,0.398584,0,1182,0,-0.389082,-0.041079,-0.856728,-0.0010291,0.6036488,-0.0305000,0.7966661
1788232763615345408,OK,1,0,15.9461,0.369625,0,1177,0,-0.377875,-0.039642,-0.847648,-0.0013737,0.6004040,-0.0308337,0.7991011
1788232763648683776,OK,1,0,15.1702,0.356875,0,1155,0,-0.365844,-0.040428,-0.840210,-0.0021157,0.5965732,-0.0308023,0.8019646
1788232763682022144,OK,1,0,15.9762,0.352625,0,1165,0,-0.354982,-0.040307,-0.833049,-0.0019933,0.5929233,-0.0304602,0.8046802
1788232763715360512,OK,1,0,15.5961,0.369333,0,1146,0,-0.344550,-0.039968,-0.826428,-0.0012989,0.5893897,-0.0301673,0.8072844
1788232763748698624,OK,1,0,14.9222,0.387041,0,1210,0,-0.333998,-0.037960,-0.820337,0.0000323,0.5857795,-0.0299659,0.8099163
1788232763782036992,OK,1,0,15.3978,0.354334,0,1204,0,-0.325324,-0.039072,-0.814385,0.0005565,0.5822407,-0.0300276,0.8124616
1788232763815375360,OK,1,0,14.767,0.355583,0,1183,0,-0.314157,-0.038373,-0.806623,0.0008816,0.5785137,-0.0300360,0.8151190
1788232763848713472,OK,1,0,14.8585,0.35575,0,1182,0,-0.303605,-0.037283,-0.797264,0.0007990,0.5748265,-0.0296685,0.8177369
1788232763882051840,OK,1,0,15.0136,0.339084,0,1180,0,-0.291520,-0.035908,-0.788392,0.0003755,0.5709596,-0.0296331,0.8204432
1788232763915389952,OK,1,0,14.5392,0.32,0,1203,0,-0.281655,-0.034723,-0.777940,-0.0004016,0.5672459,-0.0303505,0.8229890
1788232763948728064,OK,1,0,14.4407,0.325958,0,1180,0,-0.270234,-0.034831,-0.768600,-0.0012383,0.5630922,-0.0302341,0.8258399
1788232763982066176,OK,1,0,16.1322,0.31275,0,1211,0,-0.259534,-0.033211,-0.759781,-0.0012990,0.5593332,-0.0296273,0.8284123
1788232764015403264,OK,1,0,14.1705,0.313541,0,1164,0,-0.248086,-0.032866,-0.752129,-0.0011549,0.5555149,-0.0291866,0.8309934
1788232764048741376,OK,1,0,14.0424,0.3035,0,1158,0,-0.239104,-0.033717,-0.744232,-0.0010515,0.5518172,-0.0295664,0.8334401
1788232764082079488,OK,1,0,13.9556,0.357458,0,1126,0,-0.229524,-0.033012,-0.736897,-0.0007573,0.5478684,-0.0294362,0.8360462
1788232764115417600,OK,1,0,14.1472,0.284583,0,1152,0,-0.219342,-0.032664,-0.728109,-0.0007002,0.5439538,-0.0289211,0.8386164
1788232764148755712,OK,1,0,14.5909,0.288292,0,1175,0,-0.209169,-0.032801,-0.719300,-0.0007732,0.5402477,-0.0283908,0.8410267
1788232764182093824,OK,1,0,14.445,0.295083,0,1139,0,-0.199611,-0.031862,-0.710581,-0.0008811,0.5361124,-0.0290136,0.8436474
1788232764215431680,OK,1,0,14.3853,0.284958,0,1165,0,-0.190149,-0.030693,-0.699981,-0.0011675,0.5319217,-0.0291640,0.8462903
1788232764248769792,OK,1,0,14.6593,0.300416,0,1185,0,-0.179849,-0.030793,-0.691083,-0.0012758,0.5278584,-0.0285069,0.8488528
1788232764282106624,OK,1,0,14.7304,0.381416,0,1188,0,-0.169873,-0.030263,-0.681320,-0.0011622,0.5241236,-0.0279517,0.8511826
1788232764315443456,OK,1,0,14.8569,0.301167,0,1155,0,-0.161351,-0.029893,-0.672217,-0.0009687,0.5204225,-0.0279191,0.8534519
1788232764348780032,OK,1,0,14.8,0.294917,0,1158,0,-0.153007,-0.030697,-0.664096,-0.0008803,0.5164409,-0.0277825,0.8558716
1788232764382116608,OK,1,0,14.5276,0.313541,0,1189,0,-0.143540,-0.030717,-0.654411,-0.0008180,0.5125026,-0.0269321,0.8582628
1788232764415453184,OK,1,0,15.021,0.311042,0,1182,0,-0.135295,-0.029472,-0.645990,-0.0007426,0.5082795,-0.0268663,0.8607727
1788232764448789760,OK,1,0,14.6513,0.308917,0,1157,0,-0.125366,-0.029637,-0.634299,-0.0010910,0.5040742,-0.0269481,0.8632391
1788232764482125312,OK,1,0,15.053,0.292958,0,1158,0,-0.118214,-0.028109,-0.623292,-0.0014626,0.4997635,-0.0272320,0.8657325
1788232764515461632,OK,1,0,15.1533,0.295333,0,1163,0,-0.109219,-0.029055,-0.612808,-0.0018768,0.4954425,-0.0265188,0.8682339
1788232764548798208,OK,1,0,15.2262,0.301375,0,1202,0,-0.098822,-0.025866,-0.602138,-0.0017589,0.4909039,-0.0265542,0.8708072
1788232764582134528,OK,1,0,15.5274,0.298292,0,1216,0,-0.090239,-0.026739,-0.591392,-0.0021496,0.4863444,-0.0263324,0.8733677
1788232764615470848,OK,1,0,15.087,0.292791,0,1236,0,-0.081681,-0.025173,-0.580561,-0.0022510,0.4818366,-0.0256808,0.8758818
1788232764648807168,OK,1,0,15.9554,0.302958,0,1231,0,-0.072661,-0.024974,-0.570582,-0.0020848,0.4775883,-0.0250720,0.8782235
1788232764682143232,OK,1,0,15.717,0.3205,0,1224,0,-0.066351,-0.024066,-0.559999,-0.0016387,0.4736428,-0.0249727,0.8803614
1788232764715479808,OK,1,0,15.1292,0.321667,0,1198,0,-0.058906,-0.024401,-0.550422,-0.0013949,0.4693765,-0.0245696,0.8826551
1788232764748815872,OK,1,0,15.4872,0.285833,0,1198,0,-0.049798,-0.023562,-0.540034,-0.0014576,0.4648983,-0.0239076,0.8850400
1788232764782151936,OK,1,0,15.5897,0.284042,0,1224,0,-0.043220,-0.022768,-0.528724,-0.0016783,0.4607444,-0.0239235,0.8872089
1788232764815488000,OK,1,0,15.8912,0.30325,0,1216,0,-0.035835,-0.023155,-0.517934,-0.0019927,0.4563996,-0.0239857,0.8894494
1788232764848824064,OK,1,0,15.5911,0.326667,0,1225,0,-0.027596,-0.022272,-0.506375,-0.0019707,0.4519123,-0.0239795,0.8917378
1788232764882160128,OK,1,0,15.65,0.29875,0,1211,0,-0.020193,-0.021685,-0.495643,-0.0019973,0.4474131,-0.0236169,0.8940133
1788232764915495168,OK,1,0,15.0869,0.308667,0,1222,0,-0.013782,-0.021653,-0.485067,-0.0017698,0.4432600,-0.0228893,0.8960991
1788232764948830976,OK,1,0,15.7741,0.36725,0,1209,0,-0.007108,-0.019689,-0.474680,-0.0011181,0.4389251,-0.0231961,0.8982235
1788232764982166784,OK,1,0,15.1527,0.374667,0,1159,0,0.000589,-0.020488,-0.464009,-0.0011229,0.4343327,-0.0228510,0.9004619
1788232765015502592,OK,1,0,15.2474,0.3465,0,1168,0,0.007126,-0.019769,-0.451388,-0.0015548,0.4299542,-0.0225370,0.9025680
1788232765048838400,OK,1,0,15.5013,0.296083,0,1186,0,0.013721,-0.019643,-0.439679,-0.0021174,0.4254563,-0.0220655,0.9047075
1788232765082173952,OK,1,0,15.238,0.303917,0,1196,0,0.021085,-0.017105,-0.427100,-0.0023579,0.4209789,-0.0223793,0.9067913
1788232765115509760,OK,1,0,15.1578,0.3135,0,1163,0,0.026904,-0.016178,-0.415700,-0.0025324,0.4164799,-0.0227368,0.9088570
1788232765148845568,OK,1,0,15.3067,0.293167,0,1145,0,0.035086,-0.015623,-0.402775,-0.0026759,0.4116367,-0.0219511,0.9110798
1788232765182181120,OK,1,0,14.9037,0.3205,0,1160,0,0.041323,-0.014283,-0.392550,-0.0021100,0.4068845,-0.0213009,0.9132288
1788232765215516928,OK,1,0,15.437,0.373041,0,1146,0,0.047911,-0.015209,-0.381707,-0.0015939,0.4026961,-0.0204564,0.9151038
1788232765248852224,OK,1,0,15.1155,0.300167,0,1145,0,0.053552,-0.015468,-0.372980,-0.0009891,0.3982443,-0.0206085,0.9170474
1788232765282189312,OK,1,0,15.285,0.290083,0,1101,0,0.057209,-0.015379,-0.361992,-0.0006894,0.3938428,-0.0206814,0.9189448
1788232765315525888,OK,1,0,15.0828,0.303708,0,1110,0,0.062918,-0.014274,-0.349694,-0.0005602,0.3891929,-0.0204057,0.9209301
1788232765348861696,OK,1,0,14.8722,0.297125,0,1083,0,0.067316,-0.014502,-0.337554,-0.0008829,0.3847456,-0.0201017,0.9228033
1788232765382198528,OK,1,0,14.6119,0.282417,0,1104,0,0.075110,-0.011856,-0.324543,-0.0010584,0.3798968,-0.0199488,0.9248132
1788232765415535104,OK,1,0,14.78,0.290041,0,1573,0,0.080475,-0.009418,-0.311107,-0.0012121,0.3751053,-0.0202884,0.9267594
1788232765448871936,OK,1,0,16.093,0.319083,0,1426,0,0.085834,-0.008568,-0.299096,-0.0011387,0.3705404,-0.0199608,0.9286011
1788232765482208256,OK,1,0,16.0146,0.313042,0,1335,0,0.092360,-0.007975,-0.286242,-0.0012839,0.3661408,-0.0195656,0.9303529
1788232765515544832,OK,1,0,15.9097,0.328833,0,1260,0,0.099425,-0.007300,-0.275010,-0.0010828,0.3614573,-0.0188975,0.9321966
1788232765548881408,OK,1,0,15.5535,0.311208,0,1258,0,0.102788,-0.007128,-0.264256,-0.0009879,0.3569506,-0.0191272,0.9339269
1788232765582217728,OK,1,0,15.879,0.325333,0,1260,0,0.107198,-0.007560,-0.251218,-0.0005405,0.3523820,-0.0188809,0.9356656
1788232765615554304,OK,1,0,15.7773,0.338958,0,1247,0,0.111765,-0.006212,-0.239805,-0.0002101,0.3477235,-0.0185686,0.9374133
1788232765648890624,OK,1,0,15.9464,0.321125,0,1213,0,0.116744,-0.004974,-0.228724,0.0002262,0.3433053,-0.0181814,0.9390479
1788232765682226944,OK,1,0,15.8547,0.35475,0,1205,0,0.120417,-0.003566,-0.216660,0.0004702,0.3384636,-0.0180993,0.9408053
1788232765715563264,OK,1,0,16.0635,0.331959,0,1184,0,0.124773,-0.002778,-0.203103,0.0004261,0.3333132,-0.0179650,0.9426449
1788232765748899584,OK,1,0,15.4031,0.343333,0,1189,0,0.126827,-0.003055,-0.191925,0.0000253,0.3282796,-0.0176933,0.9444149
1788232765782235904,OK,1,0,15.4927,0.34575,0,1174,0,0.132131,-0.002252,-0.177444,-0.0002896,0.3234964,-0.0172407,0.9460723
1788232765815570944,OK,1,0,15.9045,0.333833,0,1149,0,0.137161,-0.001898,-0.162850,-0.0005117,0.3185399,-0.0168789,0.9477590
1788232765848907008,OK,1,0,15.3857,0.368959,0,1158,0,0.139862,-0.000779,-0.150349,-0.0004955,0.3134930,-0.0168359,0.9494411
1788232765882243072,OK,1,0,15.6589,0.361458,0,1165,0,0.143184,0.000690,-0.138640,-0.0001949,0.3083650,-0.0162387,0.9511295
1788232765915579392,OK,1,0,15.4079,0.347833,0,1147,0,0.147461,0.000615,-0.125257,-0.0001431,0.3031162,-0.0161083,0.9528174
1788232765948915200,OK,1,0,15.4835,0.348417,0,1158,0,0.148278,0.001635,-0.113128,-0.0000626,0.2979583,-0.0160845,0.9544433
1788232765982251264,OK,1,0,20.8125,0.333083,0,1159,0,0.153859,0.003632,-0.100934,-0.0002160,0.2922624,-0.0155399,0.9562119
1788232766015587072,OK,1,0,14.488,0.330875,0,1159,0,0.157220,0.004319,-0.084522,-0.0005544,0.2871718,-0.0152386,0.9577578
1788232766048923136,OK,1,0,15.1195,0.315416,0,1147,0,0.157820,0.003661,-0.071529,-0.0006207,0.2821096,-0.0151706,0.9592620
1788232766082258688,OK,1,0,14.7917,0.309167,0,1159,0,0.161103,0.004956,-0.057589,-0.0004758,0.2765114,-0.0147806,0.9608969
1788232766115594752,OK,1,0,14.9215,0.370666,0,1156,0,0.161946,0.004823,-0.048930,-0.0002596,0.2711773,-0.0140215,0.9624273
1788232766148930304,OK,1,0,14.9742,0.2975,0,1155,0,0.164952,0.004952,-0.036327,0.0000097,0.2661869,-0.0135165,0.9638267
1788232766182266112,OK,1,0,14.9184,0.302417,0,1164,0,0.166191,0.006394,-0.024209,0.0005343,0.2609261,-0.0137558,0.9652606
1788232766215601920,OK,1,0,14.5709,0.313,0,1124,0,0.167366,0.006644,-0.010030,0.0003313,0.2554465,-0.0132725,0.9667321
1788232766248936448,OK,1,0,14.4158,0.294,0,1134,0,0.169003,0.007860,0.003405,-0.0001196,0.2494432,-0.0127886,0.9683050
1788232766282288384,OK,1,0,14.9025,0.342209,0,1163,0,0.169893,0.008986,0.017442,-0.0003588,0.2439911,-0.0128557,0.9696922
1788232766315640064,OK,1,0,14.9297,0.288666,0,1175,0,0.169153,0.009109,0.029136,-0.0003753,0.2382507,-0.0133165,0.9711123
1788232766348992000,OK,1,0,15.057,0.2955,0,1219,0,0.171033,0.011309,0.043500,-0.0004376,0.2323774,-0.0130146,0.9725385
1788232766382343936,OK,1,0,15.119,0.291959,0,1230,0,0.174214,0.012223,0.058190,-0.0004613,0.2266351,-0.0126618,0.9738973
1788232766415696128,OK,1,0,15.0772,0.296542,0,1186,0,0.171484,0.010106,0.069047,-0.0004198,0.2207727,-0.0125786,0.9752441
1788232766449048064,OK,1,0,15.3037,0.306458,0,1182,0,0.172923,0.011101,0.083143,-0.0004676,0.2141781,-0.0120331,0.9767205
1788232766482400512,OK,1,0,15.9145,0.300875,0,1219,0,0.170567,0.011845,0.094826,-0.0003856,0.2083437,-0.0110202,0.9779935
1788232766515752704,OK,1,0,16.1796,0.301833,0,1209,0,0.172048,0.012037,0.107009,-0.0001443,0.2023359,-0.0103727,0.9792613
1788232766549104896,OK,1,0,15.8715,0.374709,0,1219,0,0.172877,0.013190,0.120907,0.0003832,0.1961398,-0.0101919,0.9805229
1788232766582457600,OK,1,0,15.7824,0.391417,0,1177,0,0.173744,0.017381,0.136423,0.0008132,0.1895056,-0.0100092,0.9818283
1788232766615810048,OK,1,0,15.5421,0.368792,0,1204,0,0.173476,0.015413,0.149707,0.0003058,0.1832053,-0.0089905,0.9830335
1788232766649162496,OK,1,0,15.3582,0.312125,0,1201,0,0.173371,0.016452,0.163876,0.0004386,0.1767292,-0.0087002,0.9842210
1788232766682514432,OK,1,0,15.9009,0.308875,0,1185,0,0.169105,0.015307,0.174745,0.0003858,0.1697654,-0.0087107,0.9854460
1788232766715867136,OK,1,0,15.4499,0.319292,0,1176,0,0.169716,0.017239,0.190406,0.0005899,0.1623807,-0.0083349,0.9866928
1788232766749220096,OK,1,0,15.425,0.310125,0,1203,0,0.166263,0.020503,0.202940,0.0008508,0.1556470,-0.0082389,0.9877781
1788232766782572800,OK,1,0,15.3163,0.303542,0,1212,0,0.166394,0.018921,0.218350,0.0006822,0.1484382,-0.0074949,0.9888931
1788232766815925760,OK,1,0,15.641,0.319833,0,1191,0,0.164470,0.019927,0.232690,0.0005241,0.1407787,-0.0075825,0.9900119
1788232766849278720,OK,1,0,15.5308,0.315375,0,1224,0,0.164094,0.023591,0.250004,0.0003767,0.1333271,-0.0075147,0.9910435
1788232766882632192,OK,1,0,15.793,0.3095,0,1273,0,0.157438,0.023366,0.261711,-0.0001266,0.1261540,-0.0072972,0.9919838
1788232766915985152,OK,1,0,15.4455,0.315167,0,1246,0,0.156254,0.023297,0.277384,-0.0002879,0.1186664,-0.0067455,0.9929112
1788232766949338368,OK,1,0,15.2757,0.303834,0,1246,0,0.151888,0.024805,0.290078,-0.0000245,0.1110492,-0.0063659,0.9937946
1788232766982691840,OK,1,0,15.7128,0.328584,0,1278,0,0.151374,0.026296,0.303910,0.0003595,0.1032678,-0.0055499,0.9946381
1788232767016045056,OK,1,0,15.6222,0.31725,0,1263,0,0.147230,0.027060,0.314917,0.0008206,0.0959597,-0.0049817,0.9953724
1788232767049398784,OK,1,0,16.3816,0.321917,0,1282,0,0.138386,0.026303,0.323056,0.0011866,0.0887583,-0.0048446,0.9960408
1788232767082752512,OK,1,0,16.2177,0.326542,0,1300,0,0.138345,0.027097,0.338158,0.0012818,0.0809213,-0.0042621,0.9967106
1788232767116105984,OK,1,0,16.7277,0.322375,0,1310,0,0.133668,0.030240,0.350797,0.0012413,0.0733697,-0.0039098,0.9972964
1788232767149458688,OK,1,0,16.9222,0.338583,0,1324,0,0.131273,0.029071,0.365591,0.0004729,0.0655348,-0.0029543,0.9978458
1788232767182812416,OK,1,0,17.0967,0.338583,0,1340,0,0.123460,0.030229,0.377516,0.0001076,0.0580718,-0.0028116,0.9983085
1788232767216166400,OK,1,0,17.4092,0.317042,0,1364,0,0.119858,0.031277,0.390574,-0.0000830,0.0504803,-0.0026238,0.9987216
1788232767249520384,OK,1,0,18.3986,0.331667,0,1374,0,0.112916,0.029814,0.403407,-0.0007140,0.0433199,-0.0023745,0.9990582
1788232767282859264,OK,1,0,18.1717,0.344708,0,1376,0,0.108294,0.030329,0.417478,-0.0006364,0.0355384,-0.0023213,0.9993654
1788232767316198144,OK,1,0,17.6002,0.326,0,1410,0,0.099225,0.030323,0.426744,0.0000312,0.0291855,-0.0025113,0.9995708
1788232767349537280,OK,1,0,19.3281,0.356875,0,1426,0,0.098953,0.031684,0.438203,0.0007269,0.0227911,-0.0013616,0.9997391
1788232767382876160,OK,1,0,18.6635,0.342834,0,1429,0,0.095704,0.030832,0.448903,0.0010551,0.0174241,-0.0002785,0.9998476
1788232767416215040,OK,1,0,18.0826,0.362041,0,1425,0,0.094603,0.029904,0.461276,0.0011307,0.0121935,0.0001442,0.9999250
1788232767449554176,OK,1,0,18.8416,0.360333,0,1430,0,0.088547,0.029984,0.474422,0.0012030,0.0071470,0.0000592,0.9999738
1788232767482893056,OK,1,0,18.0472,0.346916,0,1434,0,0.081348,0.031155,0.485302,0.0011922,0.0021733,0.0001185,0.9999970
1788232767516231936,OK,1,0,18.2914,0.328792,0,1449,0,0.075338,0.030696,0.497594,0.0010337,-0.0028217,0.0000442,0.9999955
1788232767549570816,OK,1,0,17.9933,0.348709,0,1431,0,0.076061,0.031176,0.511292,0.0009539,-0.0085591,0.0004379,0.9999629
1788232767582908672,OK,1,0,17.8119,0.342666,0,1429,0,0.070852,0.030535,0.523656,0.0007362,-0.0139969,0.0007187,0.9999015
1788232767616247552,OK,1,0,17.8303,0.3275,0,1429,0,0.065817,0.033020,0.533721,0.0006791,-0.0188253,0.0012084,0.9998218
1788232767649586432,OK,1,0,17.7371,0.342875,0,1445,0,0.062510,0.032227,0.546380,0.0004020,-0.0228576,0.0012305,0.9997379
1788232767682925312,OK,1,0,17.7041,0.325083,0,1469,0,0.057862,0.031782,0.556694,0.0004767,-0.0271421,0.0010406,0.9996309
1788232767716264192,OK,1,0,17.483,0.340959,0,1476,0,0.052572,0.035154,0.567615,0.0000942,-0.0307313,0.0009996,0.9995272
1788232767749603072,OK,1,0,17.2112,0.333375,0,1433,0,0.050681,0.033431,0.576972,-0.0011461,-0.0330333,0.0012860,0.9994528
1788232767782941952,OK,1,0,17.9899,0.328125,0,1469,0,0.049844,0.035270,0.585523,-0.0017970,-0.0338354,0.0013150,0.9994249
1788232767816280576,OK,1,0,17.8766,0.349208,0,1461,0,0.048273,0.034422,0.590502,-0.0013646,-0.0350872,0.0016724,0.9993820
1788232767849619456,OK,1,0,17.239,0.356334,0,1463,0,0.051266,0.033754,0.594075,-0.0004668,-0.0369212,0.0024706,0.9993150
1788232767882958336,OK,1,0,17.7812,0.36725,0,1455,0,0.047962,0.036392,0.596514,-0.0002029,-0.0365361,0.0022509,0.9993298
1788232767916297216,OK,1,0,22.2528,0.335083,0,1433,0,0.049135,0.035652,0.598295,-0.0003187,-0.0359290,0.0020940,0.9993521
1788232767949635840,OK,1,0,17.1509,0.33175,0,1466,0,0.048446,0.036196,0.600644,-0.0001371,-0.0362615,0.0017947,0.9993408
1788232767982974720,OK,1,0,20.1635,0.368125,0,1463,0,0.048711,0.036081,0.600344,-0.0003711,-0.0359466,0.0016165,0.9993523
1788232768016312320,OK,1,0,17.1023,0.311875,0,1416,0,0.049091,0.034993,0.599988,-0.0001565,-0.0346751,0.0018311,0.9993970
1788232768049651200,OK,1,0,17.6275,0.355541,0,1443,0,0.050713,0.033916,0.598493,0.0002442,-0.0344820,0.0020987,0.9994031
1788232768082989824,OK,1,0,18.2983,0.330209,0,1434,0,0.050273,0.034083,0.597151,0.0004891,-0.0346329,0.0020545,0.9993979
1788232768116328704,OK,1,0,17.787,0.3405,0,1473,0,0.049298,0.034179,0.597371,0.0005578,-0.0342689,0.0018509,0.9994108
1788232768149667328,OK,1,0,20.5526,0.339875,0,1466,0,0.049765,0.033926,0.598616,0.0004211,-0.0339850,0.0019010,0.9994205
1788232768183005952,OK,1,0,17.8459,0.324042,0,1453,0,0.049666,0.035044,0.598815,0.0004102,-0.0340464,0.0018021,0.9994186
1788232768216344832,OK,1,0,19.7427,0.343583,0,1475,0,0.049692,0.034225,0.598439,0.0001896,-0.0340991,0.0017673,0.9994169
1788232768249683456,OK,1,0,17.447,0.333166,0,1457,0,0.050561,0.033503,0.597591,0.0001237,-0.0341034,0.0019598,0.9994164
1788232768283028736,OK,1,0,17.8494,0.358167,0,1461,0,0.050007,0.034769,0.598612,0.0003539,-0.0339479,0.0019471,0.9994217
1788232768316374272,OK,1,0,19.488,0.34725,0,1448,0,0.051055,0.033980,0.598935,0.0002144,-0.0340373,0.0020621,0.9994184
1788232768349719808,OK,1,0,17.2183,0.331708,0,1441,0,0.050194,0.035352,0.597989,0.0004270,-0.0339410,0.0018970,0.9994220
1788232768383065088,OK,1,0,18.349,0.352083,0,1439,0,0.049938,0.035038,0.598731,0.0004122,-0.0339180,0.0018392,0.9994228
1788232768416410880,OK,1,0,18.2066,0.350084,0,1474,0,0.049768,0.035414,0.599058,0.0004318,-0.0339704,0.0018420,0.9994211
1788232768449756416,OK,1,0,17.0875,0.339625,0,1442,0,0.048689,0.034660,0.598417,0.0003649,-0.0337829,0.0018197,0.9994275
1788232768483100928,OK,1,0,17.1749,0.320958,0,1447,0,0.051104,0.034556,0.598826,0.0003609,-0.0339517,0.0019620,0.9994215
1788232768516446464,OK,1,0,16.6499,0.333125,0,1441,0,0.050600,0.034819,0.598931,0.0003222,-0.0338507,0.0020461,0.9994248
1788232768549792000,OK,1,0,17.0522,0.298084,0,1466,0,0.051554,0.036109,0.598904,0.0004607,-0.0339630,0.0020107,0.9994210
1788232768583137792,OK,1,0,17.257,0.322625,0,1454,0,0.049495,0.034530,0.598182,0.0003510,-0.0337981,0.0019103,0.9994268
1788232768616483328,OK,1,0,17.1791,0.320792,0,1433,0,0.049825,0.034964,0.597923,0.0004363,-0.0338672,0.0018056,0.9994246
1788232768649828864,OK,1,0,16.7378,0.308875,0,1444,0,0.051689,0.034535,0.599053,0.0003502,-0.0339235,0.0020082,0.9994224
1788232768683174656,OK,1,0,16.7033,0.312291,0,1427,0,0.052198,0.032424,0.598238,0.0002018,-0.0339056,0.0018992,0.9994232
1788232768716520192,OK,1,0,17.3081,0.305292,0,1455,0,0.052736,0.034101,0.598630,0.0003009,-0.0340064,0.0019324,0.9994197
1788232768749865984,OK,1,0,16.7061,0.292166,0,1448,0,0.052460,0.033695,0.598269,0.0002438,-0.0339772,0.0018620,0.9994209
1788232768783211520,OK,1,0,16.8842,0.299208,0,1441,0,0.050676,0.034823,0.597807,0.0003577,-0.0337932,0.0018016,0.9994271
1788232768816557056,OK,1,0,16.5305,0.307583,0,1455,0,0.049953,0.035874,0.599239,0.0001702,-0.0339759,0.0016348,0.9994213
1788232768849902848,OK,1,0,16.713,0.305583,0,1475,0,0.051954,0.034629,0.598190,-0.0000910,-0.0340308,0.0018400,0.9994191
1788232768883248896,OK,1,0,16.9501,0.311417,0,1432,0,0.051952,0.035468,0.596610,0.0000521,-0.0338918,0.0018328,0.9994239
1788232768916593408,OK,1,0,17.2947,0.303875,0,1440,0,0.049468,0.034892,0.594996,-0.0002788,-0.0341656,0.0018167,0.9994145
1788232768949939200,OK,1,0,16.6948,0.304709,0,1452,0,0.051047,0.034850,0.593038,-0.0005759,-0.0343971,0.0019440,0.9994062
1788232768983284992,OK,1,0,16.7252,0.297167,0,1437,0,0.049464,0.036635,0.588902,-0.0001333,-0.0341075,0.0018983,0.9994164
1788232769016630528,OK,1,0,16.7752,0.298208,0,1412,0,0.051172,0.034604,0.585641,0.0000181,-0.0340909,0.0018667,0.9994170
1788232769049976576,OK,1,0,17.033,0.310542,0,1411,0,0.049691,0.033141,0.580373,0.0000034,-0.0342890,0.0017975,0.9994103
1788232769083322368,OK,1,0,16.9788,0.292417,0,1438,0,0.049314,0.033733,0.575776,0.0001063,-0.0343891,0.0017827,0.9994069
1788232769116668160,OK,1,0,17.0415,0.299,0,1435,0,0.052141,0.033339,0.569909,0.0003652,-0.0343426,0.0016797,0.9994087
1788232769150013952,OK,1,0,16.9524,0.306458,0,1430,0,0.050040,0.032639,0.566691,0.0005690,-0.0340566,0.0013022,0.9994189
1788232769183359744,OK,1,0,17.0356,0.310625,0,1446,0,0.051213,0.032201,0.560491,0.0006942,-0.0341764,0.0014682,0.9994145
1788232769216705536,OK,1,0,16.9819,0.291791,0,1454,0,0.052397,0.030534,0.557875,0.0006432,-0.0343512,0.0015793,0.9994084
1788232769250051584,OK,1,0,16.9417,0.311792,0,1423,0,0.054221,0.030666,0.553979,0.0005218,-0.0343521,0.0016230,0.9994084
1788232769283388928,OK,1,0,16.8976,0.286792,0,1444,0,0.053784,0.031580,0.551043,0.0003400,-0.0341653,0.0018703,0.9994144
1788232769316726272,OK,1,0,17.0633,0.292875,0,1425,0,0.053160,0.032293,0.546463,0.0004042,-0.0343528,0.0020047,0.9994077
1788232769350062592,OK,1,0,16.8644,0.303666,0,1380,0,0.055455,0.030794,0.544174,0.0003324,-0.0349224,0.0020359,0.9993879
1788232769383399936,OK,1,0,16.7982,0.307209,0,1427,0,0.055275,0.031360,0.540822,0.0004563,-0.0350359,0.0019897,0.9993840
1788232769416737024,OK,1,0,16.689,0.297458,0,1425,0,0.054252,0.029892,0.535426,0.0003754,-0.0347741,0.0017076,0.9993937
1788232769450074368,OK,1,0,16.4765,0.298833,0,1436,0,0.054904,0.031081,0.530357,0.0006136,-0.0345070,0.0018652,0.9994025
1788232769483411712,OK,1,0,17.3041,0.294542,0,1396,0,0.053676,0.031699,0.524238,0.0009360,-0.0339934,0.0017384,0.9994201
1788232769516748800,OK,1,0,17.2719,0.302625,0,1406,0,0.057396,0.031315,0.520250,0.0011309,-0.0339264,0.0021351,0.9994214
1788232769550085888,OK,1,0,17.3403,0.33875,0,1424,0,0.056977,0.029627,0.515308,0.0011060,-0.0338921,0.0022480,0.9994224
1788232769583422976,OK,1,0,16.3788,0.318542,0,1388,0,0.057604,0.029155,0.510584,0.0008966,-0.0341630,0.0022194,0.9994134
1788232769616760064,OK,1,0,16.4755,0.322417,0,1395,0,0.055856,0.028519,0.507013,0.0005384,-0.0340894,0.0022944,0.9994160
1788232769650097152,OK,1,0,16.868,0.31575,0,1412,0,0.057938,0.029675,0.505554,0.0005287,-0.0346032,0.0022204,0.9993985
1788232769683433984,OK,1,0,18.5021,0.323416,0,1401,0,0.058845,0.028318,0.500615,0.0005376,-0.0350711,0.0021131,0.9993824
1788232769716771328,OK,1,0,17.0824,0.325625,0,1423,0,0.057808,0.027265,0.495407,0.0003597,-0.0354891,0.0018606,0.9993683
1788232769750108160,OK,1,0,17.0405,0.307042,0,1401,0,0.058343,0.027475,0.491128,0.0001446,-0.0356392,0.0017632,0.9993632
1788232769783444992,OK,1,0,17.0288,0.308958,0,1539,0,0.056653,0.025163,0.484095,0.0001174,-0.0350235,0.0018547,0.9993848
1788232769816781056,OK,1,0,17.7093,0.318792,0,1497,0,0.057491,0.026273,0.478843,0.0003131,-0.0349517,0.0019894,0.9993870
1788232769850117888,OK,1,0,17.7191,0.330334,0,1669,0,0.058887,0.024702,0.473003,0.0003274,-0.0352169,0.0022426,0.9993771
1788232769883454720,OK,1,0,17.7568,0.336625,0,1633,0,0.059813,0.024476,0.467459,0.0005554,-0.0351138,0.0023615,0.9993804
1788232769916791552,OK,1,0,17.6957,0.34,0,1625,0,0.058618,0.025512,0.459847,0.0007437,-0.0349008,0.0022591,0.9993880
1788232769950128384,OK,1,0,18.4113,0.34075,0,1620,0,0.058664,0.025427,0.454954,0.0007399,-0.0348690,0.0022186,0.9993892
1788232769983464960,OK,1,0,18.6809,0.343333,0,1603,0,0.061266,0.023699,0.449208,0.0006154,-0.0349232,0.0025920,0.9993865
1788232770016801792,OK,1,0,19.2035,0.321667,0,1591,0,0.062281,0.023517,0.442244,0.0006595,-0.0347819,0.0026597,0.9993912
1788232770050138368,OK,1,0,18.0448,0.340667,0,1555,0,0.063306,0.025428,0.435892,0.0010381,-0.0348244,0.0026010,0.9993895
1788232770083475200,OK,1,0,19.3938,0.323792,0,1529,0,0.062765,0.024882,0.427248,0.0014257,-0.0349078,0.0027589,0.9993857
1788232770116811776,OK,1,0,18.6737,0.348042,0,1554,0,0.062783,0.023203,0.419699,0.0015039,-0.0351667,0.0024703,0.9993773
1788232770150148352,OK,1,0,19.1669,0.362084,0,1550,0,0.061298,0.024254,0.415098,0.0012319,-0.0352452,0.0021077,0.9993757
1788232770183484928,OK,1,0,18.2818,0.31425,0,1537,0,0.061628,0.023788,0.408897,0.0007462,-0.0349607,0.0023100,0.9993858
1788232770216821504,OK,1,0,21.7158,0.302292,0,1548,0,0.063631,0.022934,0.403783,0.0003402,-0.0345835,0.0025925,0.9993984
1788232770250157056,OK,1,0,18.2005,0.355042,0,1539,0,0.063467,0.024420,0.397884,0.0005933,-0.0347576,0.0029211,0.9993914
1788232770283493120,OK,1,0,18.5458,0.340459,0,1499,0,0.066360,0.022464,0.392567,0.0002779,-0.0355726,0.0035152,0.9993609
1788232770316829440,OK,1,0,18.8596,0.358417,0,1514,0,0.065794,0.025120,0.386878,0.0002955,-0.0353631,0.0031078,0.9993697
1788232770350165248,OK,1,0,18.4558,0.32025,0,1518,0,0.065136,0.023509,0.380437,-0.0002071,-0.0350851,0.0028346,0.9993803
1788232770383501312,OK,1,0,21.039,0.360666,0,1493,0,0.066441,0.024515,0.373456,-0.0004683,-0.0354367,0.0027634,0.9993680
1788232770416837120,OK,1,0,18.7548,0.342667,0,1537,0,0.066738,0.022550,0.366136,-0.0007432,-0.0358461,0.0026107,0.9993536
1788232770450173184,OK,1,0,18.491,0.330167,0,1523,0,0.063634,0.024931,0.358891,-0.0004188,-0.0357216,0.0024456,0.9993587
1788232770483508736,OK,1,0,18.728,0.34075,0,1529,0,0.066213,0.024656,0.353010,-0.0007751,-0.0359480,0.0024039,0.9993505
1788232770516844544,OK,1,0,18.2323,0.344084,0,1519,0,0.067121,0.024462,0.346757,-0.0011244,-0.0361938,0.0023955,0.9993413
1788232770550180352,OK,1,0,21.1333,0.342334,0,1521,0,0.068097,0.022521,0.339881,-0.0014844,-0.0360708,0.0025237,0.9993449
1788232770583515904,OK,1,0,18.5912,0.322416,0,1464,0,0.071303,0.022328,0.334053,-0.0016631,-0.0360181,0.0026824,0.9993462
1788232770616851456,OK,1,0,18.7311,0.327541,0,1500,0,0.070374,0.023567,0.327122,-0.0015053,-0.0359544,0.0028394,0.9993483
1788232770650187264,OK,1,0,18.9612,0.326,0,1500,0,0.070283,0.021898,0.319844,-0.0017146,-0.0360446,0.0030615,0.9993441
1788232770683521792,OK,1,0,18.3388,0.323834,0,1513,0,0.072006,0.020600,0.312143,-0.0015839,-0.0358537,0.0029725,0.9993514
1788232770716857088,OK,1,0,21.4949,0.33075,0,1477,0,0.069815,0.021039,0.304446,-0.0011509,-0.0355791,0.0030432,0.9993616
1788232770750192640,OK,1,0,17.8757,0.34025,0,1482,0,0.072020,0.020347,0.296941,-0.0008486,-0.0360222,0.0029265,0.9993464
1788232770783528192,OK,1,0,19.0951,0.317958,0,1615,0,0.069637,0.020584,0.289095,-0.0005049,-0.0361132,0.0026405,0.9993441
1788232770816863232,OK,1,0,30.4444,0.337875,0,1629,0,0.072440,0.019913,0.279736,-0.0002467,-0.0362395,0.0026030,0.9993397
1788232770850198784,OK,1,0,20.7107,0.3415,0,1607,0,0.073320,0.019166,0.271633,0.0000966,-0.0361741,0.0027375,0.9993418
1788232770883533824,OK,1,0,19.0969,0.332541,0,1611,0,0.075425,0.019839,0.267000,-0.0000519,-0.0363369,0.0030452,0.9993350
1788232770916869120,OK,1,0,19.3133,0.322459,0,1746,0,0.074837,0.020216,0.258461,-0.0000729,-0.0361365,0.0031454,0.9993419
1788232770950204416,OK,1,0,18.8185,0.338292,0,1705,0,0.076178,0.019291,0.252327,-0.0001198,-0.0361220,0.0034335,0.9993415
1788232770983539200,OK,1,0,18.9062,0.3195,0,1697,0,0.074436,0.018024,0.244156,-0.0004064,-0.0360484,0.0033389,0.9993444
1788232771016874496,OK,1,0,19.9059,0.331,0,1659,0,0.075961,0.018665,0.239564,-0.0002871,-0.0362203,0.0029719,0.9993394
1788232771050209536,OK,1,0,20.0051,0.340458,0,1648,0,0.073811,0.018732,0.229139,0.0003340,-0.0359654,0.0026658,0.9993495
1788232771083544320,OK,1,0,19.7776,0.328958,0,1610,0,0.073842,0.017406,0.222142,0.0004219,-0.0362050,0.0024592,0.9993413
1788232771116879360,OK,1,0,19.6358,0.344583,0,1643,0,0.075663,0.015381,0.214311,0.0003958,-0.0365795,0.0026928,0.9993271
1788232771150213120,OK,1,0,19.97,0.351,0,1633,0,0.073217,0.015343,0.206068,0.0007084,-0.0365238,0.0024086,0.9993296
1788232771183548160,OK,1,0,19.2885,0.397625,0,1631,0,0.075060,0.015931,0.197836,0.0007914,-0.0366006,0.0024493,0.9993266
1788232771216882688,OK,1,0,19.5815,0.385125,0,1609,0,0.077162,0.017214,0.194230,0.0003736,-0.0364937,0.0024760,0.9993308
1788232771250217472,OK,1,0,18.3135,0.333042,0,1614,0,0.077259,0.014082,0.186599,-0.0003500,-0.0362061,0.0025878,0.9993410
1788232771283554816,OK,1,0,19.541,0.315584,0,1639,0,0.077318,0.013655,0.179889,-0.0004983,-0.0362310,0.0026540,0.9993398
1788232771316892160,OK,1,0,19.1417,0.355958,0,1625,0,0.080342,0.015028,0.174265,-0.0004715,-0.0365004,0.0027231,0.9993298
1788232771350229248,OK,1,0,19.2169,0.329208,0,1610,0,0.080770,0.015246,0.165367,-0.0001050,-0.0362751,0.0026520,0.9993383
1788232771383566336,OK,1,0,21.4199,0.313375,0,1628,0,0.079742,0.016005,0.157652,0.0001088,-0.0362463,0.0024451,0.9993399
1788232771416903680,OK,1,0,20.196,0.342375,0,1611,0,0.080281,0.015162,0.150604,0.0000459,-0.0364313,0.0024522,0.9993332
1788232771450240768,OK,1,0,19.7105,0.338334,0,1605,0,0.081831,0.013272,0.144070,-0.0000631,-0.0368405,0.0023357,0.9993184
1788232771483577600,OK,1,0,19.5979,0.356083,0,1603,0,0.079862,0.013786,0.136522,0.0000016,-0.0370760,0.0020861,0.9993103
1788232771516914688,OK,1,0,19.1578,0.323791,0,1578,0,0.081392,0.012040,0.129946,-0.0002741,-0.0372055,0.0021369,0.9993053
1788232771550251776,OK,1,0,21.931,0.358584,0,1561,0,0.082174,0.012552,0.122606,-0.0008039,-0.0367471,0.0021310,0.9993220
1788232771583587584,OK,1,0,18.5242,0.369,0,1600,0,0.081186,0.013031,0.116560,-0.0012403,-0.0363526,0.0021871,0.9993359
1788232771616924672,OK,1,0,19.6829,0.325292,0,1581,0,0.081535,0.013377,0.111445,-0.0016034,-0.0365478,0.0021768,0.9993283
1788232771650261504,OK,1,0,19.6123,0.351542,0,1568,0,0.082519,0.012229,0.103083,-0.0016794,-0.0365799,0.0020388,0.9993272
1788232771683598336,OK,1,0,18.7221,0.350459,0,1556,0,0.084656,0.012364,0.095448,-0.0012630,-0.0364326,0.0020184,0.9993333
1788232771716935168,OK,1,0,22.0616,0.352875,0,1557,0,0.086809,0.009858,0.086125,-0.0010555,-0.0366566,0.0020276,0.9993253
1788232771750272000,OK,1,0,19.6934,0.321875,0,1560,0,0.085768,0.010843,0.079244,-0.0006820,-0.0369021,0.0018313,0.9993170
1788232771783608576,OK,1,0,21.053,0.359417,0,1712,0,0.081706,0.009758,0.069530,-0.0003954,-0.0368379,0.0016526,0.9993199
1788232771816945664,OK,1,0,19.0827,0.338041,0,1615,0,0.083547,0.010891,0.063051,-0.0000493,-0.0370188,0.0017490,0.9993131
1788232771850282240,OK,1,0,20.6492,0.337375,0,1657,0,0.086816,0.009423,0.056935,-0.0003306,-0.0370388,0.0021045,0.9993116
1788232771883618816,OK,1,0,21.4752,0.3285,0,1702,0,0.086012,0.007379,0.047999,-0.0005399,-0.0366419,0.0023427,0.9993256
1788232771916955392,OK,1,0,20.1608,0.323334,0,2054,0,0.088801,0.008662,0.042902,-0.0001561,-0.0367924,0.0023768,0.9993201
1788232771950291968,OK,1,0,19.7479,0.3375,0,1839,0,0.088805,0.008183,0.035750,-0.0003978,-0.0367807,0.0023411,0.9993206
1788232771983628544,OK,1,0,19.0043,0.318583,0,1818,0,0.088553,0.009876,0.028121,-0.0003931,-0.0367039,0.0019801,0.9993241
1788232772016964096,OK,1,0,20.2971,0.333,0,1796,0,0.088905,0.007548,0.020238,-0.0000819,-0.0363996,0.0021261,0.9993351
1788232772050300416,OK,1,0,19.8661,0.34975,0,1756,0,0.088098,0.008094,0.011475,0.0002665,-0.0363090,0.0020152,0.9993386
1788232772083636992,OK,1,0,20.1855,0.343291,0,1722,0,0.090282,0.006377,0.005007,0.0003500,-0.0367639,0.0021840,0.9993215
1788232772116973312,OK,1,0,19.7022,0.342083,0,1723,0,0.090499,0.005986,-0.002207,0.0006648,-0.0370558,0.0021863,0.9993106
1788232772150309888,OK,1,0,20.5845,0.3505,0,1701,0,0.092153,0.004504,-0.008018,0.0015333,-0.0371468,0.0023315,0.9993059
1788232772183646208,OK,1,0,20.437,0.352,0,1682,0,0.092729,0.005536,-0.012238,0.0017266,-0.0370313,0.0024943,0.9993095
1788232772216982784,OK,1,0,20.189,0.353334,0,1716,0,0.092778,0.004689,-0.013706,0.0004567,-0.0369908,0.0025268,0.9993123
1788232772250318848,OK,1,0,20.288,0.344917,0,1641,0,0.093137,0.005391,-0.016205,-0.0000890,-0.0368858,0.0025157,0.9993163
1788232772283658752,OK,1,0,19.3451,0.330667,0,1656,0,0.093967,0.004710,-0.017909,0.0003990,-0.0368513,0.0026863,0.9993170
1788232772316998400,OK,1,0,20.9007,0.322208,0,1706,0,0.091646,0.004272,-0.020983,0.0009454,-0.0368251,0.0024788,0.9993182
1788232772350338048,OK,1,0,19.8601,0.346042,0,1700,0,0.092158,0.004308,-0.022426,0.0010748,-0.0368701,0.0025735,0.9993162
1788232772383677696,OK,1,0,19.374,0.32225,0,1663,0,0.091339,0.003900,-0.024501,0.0011544,-0.0367291,0.0025773,0.9993213
1788232772417017600,OK,1,0,23.3293,0.337375,0,1690,0,0.093409,0.003816,-0.021761,0.0007585,-0.0369144,0.0025502,0.9993149
1788232772450357248,OK,1,0,20.0429,0.337292,0,1687,0,0.091853,0.005323,-0.020955,0.0004692,-0.0367922,0.0025046,0.9993197
1788232772483695872,OK,1,0,19.5968,0.328417,0,1691,0,0.094436,0.006339,-0.018931,0.0006071,-0.0369055,0.0024725,0.9993155
1788232772517035520,OK,1,0,21.8183,0.329583,0,1668,0,0.092721,0.004884,-0.018820,0.0006630,-0.0368404,0.0025772,0.9993176
1788232772550375168,OK,1,0,19.3777,0.344583,0,1672,0,0.091064,0.007592,-0.016843,0.0005264,-0.0368453,0.0023028,0.9993182
1788232772583715072,OK,1,0,20.8587,0.330792,0,1648,0,0.093657,0.008429,-0.015878,0.0002321,-0.0369848,0.0023316,0.9993131
1788232772617054720,OK,1,0,20.3964,0.361375,0,1690,0,0.092469,0.007797,-0.015758,0.0003520,-0.0368775,0.0024419,0.9993168
1788232772650394624,OK,1,0,20.003,0.341708,0,1703,0,0.093414,0.007358,-0.015666,0.0005384,-0.0369110,0.0023586,0.9993156
1788232772683734016,OK,1,0,23.0385,0.333458,0,1681,0,0.092700,0.005634,-0.017781,0.0005389,-0.0368164,0.0025413,0.9993187
1788232772717073920,OK,1,0,20.287,0.322041,0,1691,0,0.094415,0.006367,-0.017440,0.0006240,-0.0369796,0.0026052,0.9993125
1788232772750413568,OK,1,0,19.372,0.321667,0,1651,0,0.093029,0.005795,-0.017512,0.0005371,-0.0368241,0.0025894,0.9993183
1788232772783753216,OK,1,0,21.7037,0.362458,0,1797,0,0.092176,0.005863,-0.018176,0.0006005,-0.0368021,0.0024805,0.9993193
1788232772817093120,OK,1,0,21.1531,0.320791,0,1741,0,0.092512,0.005379,-0.018327,0.0004600,-0.0368403,0.0024530,0.9993181
1788232772850432512,OK,1,0,22.2045,0.358,0,1750,0,0.093560,0.006413,-0.017345,0.0003230,-0.0369627,0.0024281,0.9993137
1788232772883772416,OK,1,0,35.8609,0.347792,0,1779,0,0.093563,0.007917,-0.016293,0.0004661,-0.0369212,0.0023142,0.9993154
1788232772917111040,OK,1,0,22.6313,0.354959,0,1802,0,0.092035,0.007103,-0.017931,0.0005479,-0.0368020,0.0022350,0.9993199
1788232772950450688,OK,1,0,20.8505,0.347959,0,1811,0,0.091963,0.007533,-0.018266,0.0006908,-0.0367705,0.0023372,0.9993207
1788232772983790592,OK,1,0,20.8818,0.334042,0,1956,0,0.091542,0.006733,-0.019046,0.0006435,-0.0367125,0.0023757,0.9993228
1788232773017130240,OK,1,0,21.4257,0.337584,0,1895,0,0.091002,0.007053,-0.019406,0.0006902,-0.0366775,0.0022594,0.9993244
1788232773050469632,OK,1,0,22.108,0.358542,0,1868,0,0.093021,0.008277,-0.017196,0.0006841,-0.0369187,0.0023431,0.9993153
1788232773083809536,OK,1,0,22.0354,0.335416,0,1871,0,0.091426,0.007737,-0.017261,0.0005221,-0.0367765,0.0023088,0.9993207
1788232773117149184,OK,1,0,23.38,0.332667,0,1851,0,0.093156,0.007749,-0.017550,0.0005326,-0.0369289,0.0024085,0.9993148
1788232773150488832,OK,1,0,24.8866,0.33625,0,1852,0,0.089588,0.006869,-0.019674,0.0005227,-0.0366303,0.0022621,0.9993262
1788232773183828736,OK,1,0,21.4291,0.350417,0,1850,0,0.090422,0.007982,-0.019649,0.0006911,-0.0366514,0.0021898,0.9993255
1788232773217168128,OK,1,0,24.4985,0.31875,0,1846,0,0.089255,0.007136,-0.020647,0.0006498,-0.0365700,0.0021984,0.9993285
1788232773250507776,OK,1,0,21.5613,0.33725,0,1885,0,0.091124,0.008123,-0.019024,0.0006993,-0.0367234,0.0022902,0.9993226
1788232773283848192,OK,1,0,24.201,0.361958,0,1845,0,0.092114,0.008481,-0.017897,0.0006924,-0.0368274,0.0022001,0.9993190
1788232773317188352,OK,1,0,23.148,0.349541,0,1879,0,0.090701,0.008379,-0.018207,0.0007233,-0.0367064,0.0021783,0.9993235
1788232773350527488,OK,1,0,24.2987,0.372916,0,1853,0,0.091444,0.007467,-0.017502,0.0005400,-0.0367579,0.0022568,0.9993215
1788232773383867904,OK,1,0,21.0106,0.329334,0,1860,0,0.090805,0.008031,-0.018567,0.0006745,-0.0367267,0.0022880,0.9993225
1788232773417208064,OK,1,0,25.12,0.346125,0,1851,0,0.090805,0.008408,-0.018291,0.0007557,-0.0367097,0.0021877,0.9993233
1788232773450548224,OK,1,0,20.9606,0.345833,0,1855,0,0.092008,0.007778,-0.017813,0.0006514,-0.0368250,0.0023658,0.9993187
1788232773483888640,OK,1,0,24.1297,0.356708,0,1854,0,0.090693,0.006861,-0.018361,0.0005768,-0.0366518,0.0023304,0.9993252
1788232773517228800,OK,1,0,22.18,0.370541,0,1866,0,0.092458,0.007088,-0.017149,0.0005007,-0.0368336,0.0024125,0.9993184
1788232773550569216,OK,1,0,23.1341,0.366875,0,1861,0,0.091814,0.007872,-0.017448,0.0006066,-0.0367871,0.0023288,0.9993203
1788232773583909376,OK,1,0,24.6617,0.325,0,1832,0,0.090144,0.006761,-0.019167,0.0005237,-0.0366556,0.0022624,0.9993253
1788232773617249536,OK,1,0,22.7863,0.341584,0,1833,0,0.090656,0.006989,-0.018355,0.0005735,-0.0366855,0.0023725,0.9993239
1788232773650589952,OK,1,0,20.0408,0.348292,0,1806,0,0.091260,0.006752,-0.018669,0.0006138,-0.0367424,0.0023620,0.9993218
1788232773683930112,OK,1,0,24.0648,0.3615,0,1824,0,0.091964,0.007331,-0.017362,0.0005839,-0.0367889,0.0023576,0.9993201
1788232773717270528,OK,1,0,20.8565,0.33775,0,1832,0,0.091326,0.008344,-0.017935,0.0007105,-0.0367547,0.0023817,0.9993212
1788232773750610944,OK,1,0,21.9265,0.335833,0,1828,0,0.090477,0.007500,-0.018535,0.0005606,-0.0366806,0.0022371,0.9993244
1788232773783950848,OK,1,0,22.208,0.363458,0,1899,0,0.089588,0.007212,-0.019222,0.0006062,-0.0366057,0.0022236,0.9993271
1788232773817290240,OK,1,0,21.6871,0.371667,0,1880,0,0.089297,0.007315,-0.019286,0.0005882,-0.0366027,0.0021918,0.9993274
1788232773850630656,OK,1,0,24.167,0.325167,0,1876,0,0.091461,0.007181,-0.018039,0.0006245,-0.0367479,0.0023044,0.9993217
1788232773883971072,OK,1,0,27.5771,0.567791,0,1935,0,0.092311,0.006650,-0.017871,0.0005295,-0.0367964,0.0023669,0.9993199
1788232773917311232,OK,1,0,21.7538,0.365958,0,1915,0,0.092908,0.005608,-0.017563,0.0004357,-0.0368766,0.0025278,0.9993166
