frame,stamp,track_ms,state,no_pose,queue_wait_ms,release_to_done_ms
0,1000.000000,12.031542,2,0,0.017750,12.049292
1,1000.033333,16.528291,2,0,0.017709,16.546000
2,1000.066667,12.231833,2,0,0.012333,12.244166
3,1000.100000,12.530375,2,0,0.015250,12.545625
4,1000.133333,10.949417,2,0,0.006708,10.956125
5,1000.166667,11.653792,2,0,0.009833,11.663625
6,1000.200000,11.231417,2,0,0.012208,11.243625
7,1000.233333,11.462125,2,0,0.009042,11.471167
8,1000.266667,10.899417,2,0,0.010125,10.909542
9,1000.300000,11.818792,2,0,0.010000,11.828792
10,1000.333333,11.756708,2,0,0.009417,11.766125
11,1000.366667,11.778417,2,0,0.015791,11.794208
12,1000.400000,10.720584,2,0,0.010125,10.730709
13,1000.433333,11.279250,2,0,0.009958,11.289208
14,1000.466667,11.134166,2,0,0.007292,11.141458
15,1000.500000,11.665042,2,0,0.019041,11.684083
16,1000.533333,11.491958,2,0,0.012042,11.504000
17,1000.566667,10.503875,2,0,0.007875,10.511750
18,1000.600000,11.679292,2,0,0.009917,11.689209
19,1000.633333,10.907709,2,0,0.009041,10.916750
20,1000.666667,11.010125,2,0,0.014333,11.024458
21,1000.700000,10.782000,2,0,0.008125,10.790125
22,1000.733333,10.883583,2,0,0.009959,10.893542
23,1000.766667,10.890166,2,0,0.011834,10.902000
24,1000.800000,10.890792,2,0,0.009083,10.899875
25,1000.833333,11.118708,2,0,0.012667,11.131375
26,1000.866667,11.261208,2,0,0.011667,11.272875
27,1000.900000,11.036250,2,0,0.007250,11.043500
28,1000.933333,11.491916,2,0,0.019417,11.511333
29,1000.966667,10.519375,2,0,0.009250,10.528625
30,1001.000000,11.381667,2,0,0.007833,11.389500
31,1001.033333,11.157750,2,0,0.007875,11.165625
32,1001.066667,10.955208,2,0,0.006792,10.962000
33,1001.100000,11.192500,2,0,0.008833,11.201333
34,1001.133333,10.786083,2,0,0.009417,10.795500
35,1001.166667,10.917250,2,0,0.006583,10.923833
36,1001.200000,10.962834,2,0,0.009208,10.972042
37,1001.233333,11.183167,2,0,0.008875,11.192042
38,1001.266667,11.231375,2,0,0.010334,11.241709
39,1001.300000,11.486583,2,0,0.012667,11.499250
40,1001.333333,10.643292,2,0,0.010625,10.653917
41,1001.366667,11.265458,2,0,0.011167,11.276625
42,1001.400000,11.362208,2,0,0.009167,11.371375
43,1001.433333,11.090500,2,0,0.010958,11.101458
44,1001.466667,11.121708,2,0,0.010584,11.132292
45,1001.500000,12.127417,2,0,0.009208,12.136625
46,1001.533333,11.241917,2,0,0.005917,11.247834
47,1001.566667,11.052500,2,0,0.010167,11.062667
48,1001.600000,11.321833,2,0,0.012167,11.334000
49,1001.633333,11.482000,2,0,0.017500,11.499500
50,1001.666667,11.133667,2,0,0.015625,11.149292
51,1001.700000,10.991917,2,0,0.010083,11.002000
52,1001.733333,10.575375,2,0,0.009000,10.584375
53,1001.766667,11.111125,2,0,0.014166,11.125291
54,1001.800000,11.488333,2,0,0.008875,11.497208
55,1001.833333,11.665083,2,0,0.018375,11.683458
56,1001.866667,11.429375,2,0,0.014583,11.443958
57,1001.900000,10.484083,2,0,0.008875,10.492958
58,1001.933333,9.723125,2,0,0.006417,9.729542
59,1001.966667,9.504791,2,0,0.013542,9.518333
60,1002.000000,9.884833,2,0,0.016833,9.901666
61,1002.033333,9.702584,2,0,0.017750,9.720334
62,1002.066667,9.979333,2,0,0.015542,9.994875
63,1002.100000,10.530083,2,0,0.010917,10.541000
64,1002.133333,11.271917,2,0,0.010292,11.282209
65,1002.166667,11.430458,2,0,0.017583,11.448041
66,1002.200000,10.922500,2,0,0.011334,10.933834
67,1002.233333,11.085459,2,0,0.010000,11.095459
68,1002.266667,10.839375,2,0,0.008125,10.847500
69,1002.300000,10.823459,2,0,0.010166,10.833625
70,1002.333333,11.251458,2,0,0.009250,11.260708
71,1002.366667,10.802833,2,0,0.019083,10.821916
72,1002.400000,10.187000,2,0,0.017958,10.204958
73,1002.433333,9.323791,2,0,0.005875,9.329666
74,1002.466667,9.789417,2,0,0.007250,9.796667
75,1002.500000,9.759125,2,0,0.017500,9.776625
76,1002.533333,9.990792,2,0,0.011000,10.001792
77,1002.566667,9.907042,2,0,0.018417,9.925459
78,1002.600000,9.864125,2,0,0.007583,9.871708
79,1002.633333,9.583625,2,0,0.009000,9.592625
80,1002.666667,10.103291,2,0,0.010875,10.114166
81,1002.700000,9.386625,2,0,0.006833,9.393458
82,1002.733333,9.076292,2,0,0.008500,9.084792
83,1002.766667,9.897166,2,0,0.012042,9.909208
84,1002.800000,9.772208,2,0,0.014000,9.786208
85,1002.833333,9.810958,2,0,0.014834,9.825792
86,1002.866667,9.628834,2,0,0.011083,9.639917
87,1002.900000,9.296542,2,0,0.016750,9.313292
88,1002.933333,9.128500,2,0,0.010875,9.139375
89,1002.966667,9.437334,2,0,0.014083,9.451417
90,1003.000000,9.091333,2,0,0.009375,9.100708
91,1003.033333,9.581416,2,0,0.010625,9.592041
92,1003.066667,9.592083,2,0,0.017917,9.610000
93,1003.100000,10.182083,2,0,0.007125,10.189208
94,1003.133333,8.422250,2,0,0.010000,8.432250
95,1003.166667,9.952542,2,0,0.018083,9.970625
96,1003.200000,9.506125,2,0,0.012333,9.518458
97,1003.233333,9.127792,2,0,0.011166,9.138958
98,1003.266667,9.696084,2,0,0.008166,9.704250
99,1003.300000,10.172834,2,0,0.012958,10.185792
100,1003.333333,9.211958,2,0,0.005834,9.217792
101,1003.366667,9.701208,2,0,0.014417,9.715625
102,1003.400000,9.528750,2,0,0.011958,9.540708
103,1003.433333,9.520458,2,0,0.013375,9.533833
104,1003.466667,9.624792,2,0,0.010708,9.635500
105,1003.500000,10.337250,2,0,0.008041,10.345291
106,1003.533333,9.701000,2,0,0.018625,9.719625
107,1003.566667,9.355042,2,0,0.006791,9.361833
108,1003.600000,9.279333,2,0,0.006375,9.285708
109,1003.633333,9.267125,2,0,0.019500,9.286625
110,1003.666667,9.861125,2,0,0.017000,9.878125
111,1003.700000,10.017625,2,0,0.018167,10.035792
112,1003.733333,9.919958,2,0,0.010250,9.930208
113,1003.766667,10.223292,2,0,0.015166,10.238458
114,1003.800000,9.400917,2,0,0.018000,9.418917
115,1003.833333,9.262625,2,0,0.014750,9.277375
116,1003.866667,9.842417,2,0,0.012875,9.855292
117,1003.900000,9.414292,2,0,0.005042,9.419334
118,1003.933333,9.620750,2,0,0.010833,9.631583
119,1003.966667,9.106167,2,0,0.007708,9.113875
120,1004.000000,9.215916,2,0,0.006250,9.222166
121,1004.033333,8.803083,2,0,0.017542,8.820625
122,1004.066667,9.300583,2,0,0.010084,9.310667
123,1004.100000,9.130167,2,0,0.009583,9.139750
124,1004.133333,9.406167,2,0,0.011750,9.417917
125,1004.166667,9.740375,2,0,0.011167,9.751542
126,1004.200000,9.655208,2,0,0.011042,9.666250
127,1004.233333,10.212917,2,0,0.011458,10.224375
128,1004.266667,9.647209,2,0,0.010458,9.657667
129,1004.300000,10.130458,2,0,0.012292,10.142750
130,1004.333333,10.860000,2,0,0.011833,10.871833
131,1004.366667,8.728333,2,0,0.009833,8.738166
132,1004.400000,8.901084,2,0,0.007916,8.909000
133,1004.433333,8.825959,2,0,0.009291,8.835250
134,1004.466667,9.331917,2,0,0.010250,9.342167
135,1004.500000,9.627250,2,0,0.016167,9.643417
136,1004.533333,9.657625,2,0,0.013750,9.671375
137,1004.566667,9.618209,2,0,0.010083,9.628292
138,1004.600000,9.137459,2,0,0.010208,9.147667
139,1004.633333,10.096750,2,0,0.007416,10.104166
140,1004.666667,8.291958,2,0,0.006625,8.298583
141,1004.700000,9.086334,2,0,0.011541,9.097875
142,1004.733333,8.696167,2,0,0.010291,8.706458
143,1004.766667,9.210125,2,0,0.018125,9.228250
144,1004.800000,9.379500,2,0,0.008792,9.388292
145,1004.833333,9.450459,2,0,0.012375,9.462834
146,1004.866667,9.378000,2,0,0.007375,9.385375
147,1004.900000,9.853167,2,0,0.005583,9.858750
148,1004.933333,9.210125,2,0,0.007708,9.217833
149,1004.966667,10.291334,2,0,0.011416,10.302750
150,1005.000000,10.010958,2,0,0.008250,10.019208
151,1005.033333,9.463125,2,0,0.014084,9.477209
152,1005.066667,9.602042,2,0,0.009916,9.611958
153,1005.100000,9.460792,2,0,0.008666,9.469458
154,1005.133333,9.649417,2,0,0.007833,9.657250
155,1005.166667,9.844166,2,0,0.011334,9.855500
156,1005.200000,10.109125,2,0,0.011292,10.120417
157,1005.233333,9.484458,2,0,0.009875,9.494333
158,1005.266667,9.834791,2,0,0.010375,9.845166
159,1005.300000,9.833750,2,0,0.019084,9.852834
160,1005.333333,10.047750,2,0,0.009417,10.057167
161,1005.366667,9.240417,2,0,0.011667,9.252084
162,1005.400000,9.527417,2,0,0.012583,9.540000
163,1005.433333,9.611875,2,0,0.016709,9.628584
164,1005.466667,9.584375,2,0,0.009666,9.594041
165,1005.500000,9.254959,2,0,0.010000,9.264959
166,1005.533333,9.224709,2,0,0.008083,9.232792
167,1005.566667,9.565292,2,0,0.009750,9.575042
168,1005.600000,9.485125,2,0,0.009084,9.494209
169,1005.633333,9.785542,2,0,0.009250,9.794792
170,1005.666667,7.940834,2,0,0.017458,7.958292
171,1005.700000,8.627458,2,0,0.009083,8.636541
172,1005.733333,9.024917,2,0,0.018208,9.043125
173,1005.766667,9.032125,2,0,0.004584,9.036709
174,1005.800000,9.590500,2,0,0.014875,9.605375
175,1005.833333,9.165041,2,0,0.008000,9.173041
176,1005.866667,9.761916,2,0,0.009417,9.771333
177,1005.900000,9.085000,2,0,0.008333,9.093333
178,1005.933333,9.532291,2,0,0.009167,9.541458
179,1005.966667,9.535208,2,0,0.010083,9.545291
180,1006.000000,9.225917,2,0,0.008375,9.234292
181,1006.033333,9.421042,2,0,0.017000,9.438042
182,1006.066667,9.283958,2,0,0.019083,9.303041
183,1006.100000,9.202125,2,0,0.010750,9.212875
184,1006.133333,9.681833,2,0,0.010417,9.692250
185,1006.166667,9.397583,2,0,0.009792,9.407375
186,1006.200000,9.659875,2,0,0.011875,9.671750
187,1006.233333,10.340208,2,0,0.015667,10.355875
188,1006.266667,9.719792,2,0,0.014292,9.734084
189,1006.300000,9.516208,2,0,0.008125,9.524333
190,1006.333333,10.237041,2,0,0.016875,10.253916
191,1006.366667,8.161209,2,0,0.006958,8.168167
192,1006.400000,8.612750,2,0,0.019666,8.632416
193,1006.433333,8.836625,2,0,0.018500,8.855125
194,1006.466667,8.863208,2,0,0.013625,8.876833
195,1006.500000,8.987375,2,0,0.005500,8.992875
196,1006.533333,9.182583,2,0,0.007125,9.189708
197,1006.566667,9.365708,2,0,0.007625,9.373333
198,1006.600000,9.629667,2,0,0.009417,9.639084
199,1006.633333,9.742625,2,0,0.009584,9.752209
200,1006.666667,9.814500,2,0,0.018583,9.833083
201,1006.700000,9.172583,2,0,0.016208,9.188791
202,1006.733333,9.577458,2,0,0.009209,9.586667
203,1006.766667,9.232417,2,0,0.011042,9.243459
204,1006.800000,9.460708,2,0,0.009125,9.469833
205,1006.833333,9.612208,2,0,0.016625,9.628833
206,1006.866667,9.251458,2,0,0.010792,9.262250
207,1006.900000,9.411208,2,0,0.014333,9.425541
208,1006.933333,9.778792,2,0,0.015833,9.794625
209,1006.966667,9.600167,2,0,0.012292,9.612459
210,1007.000000,9.605292,2,0,0.010000,9.615292
211,1007.033333,9.681333,2,0,0.014125,9.695458
212,1007.066667,10.115500,2,0,0.017708,10.133208
213,1007.100000,9.273000,2,0,0.013458,9.286458
214,1007.133333,9.291334,2,0,0.013916,9.305250
215,1007.166667,9.715792,2,0,0.038250,9.754042
216,1007.200000,8.578959,2,0,0.009041,8.588000
217,1007.233333,8.937292,2,0,0.007500,8.944792
218,1007.266667,8.755167,2,0,0.011333,8.766500
219,1007.300000,9.492250,2,0,0.009209,9.501459
220,1007.333333,9.248958,2,0,0.008917,9.257875
221,1007.366667,9.448750,2,0,0.007792,9.456542
222,1007.400000,9.591833,2,0,0.010458,9.602291
223,1007.433333,9.229041,2,0,0.008500,9.237541
224,1007.466667,10.501500,2,0,0.012916,10.514416
225,1007.500000,9.889875,2,0,0.012833,9.902708
226,1007.533333,9.236208,2,0,0.015875,9.252083
227,1007.566667,9.377208,2,0,0.011208,9.388416
228,1007.600000,9.424208,2,0,0.012417,9.436625
229,1007.633333,9.669833,2,0,0.012792,9.682625
230,1007.666667,10.531792,2,0,0.009083,10.540875
231,1007.700000,10.288833,2,0,0.010167,10.299000
232,1007.733333,9.926250,2,0,0.010125,9.936375
233,1007.766667,9.620792,2,0,0.010000,9.630792
234,1007.800000,10.512250,2,0,0.009458,10.521708
235,1007.833333,9.978375,2,0,0.015875,9.994250
236,1007.866667,10.610625,2,0,0.017166,10.627791
237,1007.900000,9.816625,2,0,0.006375,9.823000
238,1007.933333,9.685208,2,0,0.018458,9.703666
239,1007.966667,8.894708,2,0,0.010167,8.904875
240,1008.000000,10.530708,2,0,0.008042,10.538750
241,1008.033333,9.296708,2,0,0.010875,9.307583
242,1008.066667,9.680583,2,0,0.009417,9.690000
243,1008.100000,7.961292,2,0,0.005041,7.966333
244,1008.133333,8.404917,2,0,0.010875,8.415792
245,1008.166667,9.662166,2,0,0.008834,9.671000
246,1008.200000,9.030917,2,0,0.008208,9.039125
247,1008.233333,9.380958,2,0,0.018875,9.399833
248,1008.266667,9.257375,2,0,0.010084,9.267459
249,1008.300000,10.244958,2,0,0.014500,10.259458
250,1008.333333,10.678750,2,0,0.011250,10.690000
251,1008.366667,9.286042,2,0,0.009583,9.295625
252,1008.400000,9.809417,2,0,0.009416,9.818833
253,1008.433333,10.359000,2,0,0.016583,10.375583
254,1008.466667,9.522250,2,0,0.009083,9.531333
255,1008.500000,9.317667,2,0,0.019166,9.336833
256,1008.533333,9.190583,2,0,0.013667,9.204250
257,1008.566667,9.507875,2,0,0.011042,9.518917
258,1008.600000,9.777542,2,0,0.010166,9.787708
259,1008.633333,9.303458,2,0,0.012125,9.315583
260,1008.666667,9.414625,2,0,0.016375,9.431000
261,1008.700000,9.399459,2,0,0.011375,9.410834
262,1008.733333,9.345500,2,0,0.008916,9.354416
263,1008.766667,9.387167,2,0,0.005375,9.392542
264,1008.800000,9.519375,2,0,0.010542,9.529917
265,1008.833333,9.686208,2,0,0.019375,9.705583
266,1008.866667,9.467416,2,0,0.010167,9.477583
267,1008.900000,9.675541,2,0,0.009375,9.684916
268,1008.933333,8.885000,2,0,0.010916,8.895916
269,1008.966667,9.201166,2,0,0.012584,9.213750
270,1009.000000,10.234333,2,0,0.010042,10.244375
271,1009.033333,7.888250,2,0,0.008500,7.896750
272,1009.066667,8.094833,2,0,0.022792,8.117625
273,1009.100000,8.702792,2,0,0.009083,8.711875
274,1009.133333,8.734209,2,0,0.014708,8.748917
275,1009.166667,9.849541,2,0,0.006834,9.856375
276,1009.200000,9.563750,2,0,0.005083,9.568833
277,1009.233333,8.940875,2,0,0.010625,8.951500
278,1009.266667,9.560416,2,0,0.006417,9.566833
279,1009.300000,10.053584,2,0,0.017000,10.070584
280,1009.333333,9.690791,2,0,0.014167,9.704958
281,1009.366667,10.023833,2,0,0.019042,10.042875
282,1009.400000,9.426208,2,0,0.008375,9.434583
283,1009.433333,9.134250,2,0,0.010250,9.144500
284,1009.466667,9.403083,2,0,0.013000,9.416083
285,1009.500000,9.331166,2,0,0.010209,9.341375
286,1009.533333,9.411167,2,0,0.018416,9.429583
287,1009.566667,9.804583,2,0,0.019208,9.823791
288,1009.600000,8.487125,2,0,0.008334,8.495459
289,1009.633333,7.796750,2,0,0.011917,7.808667
290,1009.666667,8.296208,2,0,0.016750,8.312958
291,1009.700000,8.545292,2,0,0.010542,8.555834
292,1009.733333,9.319250,2,0,0.005417,9.324667
293,1009.766667,9.384166,2,0,0.012042,9.396208
294,1009.800000,9.347292,2,0,0.015417,9.362709
295,1009.833333,9.513000,2,0,0.009417,9.522417
296,1009.866667,9.502666,2,0,0.015375,9.518041
297,1009.900000,9.952459,2,0,0.010916,9.963375
298,1009.933333,9.500708,2,0,0.009958,9.510666
299,1009.966667,9.786750,2,0,0.014750,9.801500
300,1010.000000,9.594708,2,0,0.012500,9.607208
301,1010.033333,9.351084,2,0,0.012625,9.363709
302,1010.066667,9.870625,2,0,0.011709,9.882334
303,1010.100000,9.636375,2,0,0.021791,9.658166
304,1010.133333,9.322667,2,0,0.010125,9.332792
305,1010.166667,9.664250,2,0,0.009333,9.673583
306,1010.200000,9.323167,2,0,0.011958,9.335125
307,1010.233333,9.287541,2,0,0.009750,9.297291
308,1010.266667,9.661042,2,0,0.009166,9.670208
309,1010.300000,9.373833,2,0,0.017083,9.390916
310,1010.333333,9.630834,2,0,0.012375,9.643209
311,1010.366667,9.436625,2,0,0.005541,9.442166
312,1010.400000,9.431708,2,0,0.011375,9.443083
313,1010.433333,9.443542,2,0,0.009250,9.452792
314,1010.466667,9.686541,2,0,0.011500,9.698041
315,1010.500000,9.602709,2,0,0.008166,9.610875
316,1010.533333,9.146500,2,0,0.007667,9.154167
317,1010.566667,9.333000,2,0,0.009417,9.342417
318,1010.600000,8.054334,2,0,0.008791,8.063125
319,1010.633333,7.873750,2,0,0.011542,7.885292
320,1010.666667,8.666167,2,0,0.010625,8.676792
321,1010.700000,8.365667,2,0,0.008792,8.374459
322,1010.733333,8.986958,2,0,0.010958,8.997916
323,1010.766667,9.137958,2,0,0.008875,9.146833
324,1010.800000,9.652833,2,0,0.007000,9.659833
325,1010.833333,9.693625,2,0,0.017125,9.710750
326,1010.866667,10.194709,2,0,0.017750,10.212459
327,1010.900000,9.575833,2,0,0.009792,9.585625
328,1010.933333,10.316667,2,0,0.008583,10.325250
329,1010.966667,9.585125,2,0,0.005750,9.590875
330,1011.000000,9.774750,2,0,0.016375,9.791125
331,1011.033333,9.591208,2,0,0.007209,9.598417
332,1011.066667,9.919750,2,0,0.019709,9.939459
333,1011.100000,9.322916,2,0,0.007750,9.330666
334,1011.133333,9.433292,2,0,0.010958,9.444250
335,1011.166667,9.368750,2,0,0.014625,9.383375
336,1011.200000,9.996292,2,0,0.010792,10.007084
337,1011.233333,9.327792,2,0,0.009417,9.337209
338,1011.266667,10.189500,2,0,0.010708,10.200208
339,1011.300000,8.213334,2,0,0.004583,8.217917
340,1011.333333,7.386667,2,0,0.016708,7.403375
341,1011.366667,8.754708,2,0,0.016625,8.771333
342,1011.400000,8.669041,2,0,0.017292,8.686333
343,1011.433333,8.869500,2,0,0.017334,8.886834
344,1011.466667,9.163583,2,0,0.008750,9.172333
345,1011.500000,9.029291,2,0,0.017709,9.047000
346,1011.533333,9.475250,2,0,0.014041,9.489291
347,1011.566667,9.198125,2,0,0.012916,9.211041
348,1011.600000,9.387250,2,0,0.010875,9.398125
349,1011.633333,9.525958,2,0,0.008708,9.534666
350,1011.666667,9.167208,2,0,0.011250,9.178458
351,1011.700000,9.523541,2,0,0.008917,9.532458
352,1011.733333,9.687000,2,0,0.006541,9.693541
353,1011.766667,9.378250,2,0,0.013292,9.391542
354,1011.800000,9.469417,2,0,0.012167,9.481584
355,1011.833333,10.184875,2,0,0.017125,10.202000
356,1011.866667,8.237375,2,0,0.009542,8.246917
357,1011.900000,8.023583,2,0,0.017667,8.041250
358,1011.933333,7.954917,2,0,0.027958,7.982875
359,1011.966667,8.628459,2,0,0.012083,8.640542
360,1012.000000,8.887167,2,0,0.017417,8.904584
361,1012.033333,9.179375,2,0,0.024167,9.203542
362,1012.066667,9.080458,2,0,0.011750,9.092208
363,1012.100000,9.430417,2,0,0.018833,9.449250
364,1012.133333,9.629666,2,0,0.013292,9.642958
365,1012.166667,9.616208,2,0,0.065458,9.681666
366,1012.200000,9.035333,2,0,0.008542,9.043875
367,1012.233333,9.690125,2,0,0.009667,9.699792
368,1012.266667,9.575459,2,0,0.010625,9.586084
369,1012.300000,9.807958,2,0,0.010667,9.818625
370,1012.333333,9.766292,2,0,0.007375,9.773667
371,1012.366667,8.306875,2,0,0.004708,8.311583
372,1012.400000,9.217000,2,0,0.015333,9.232333
373,1012.433333,9.867000,2,0,0.006000,9.873000
374,1012.466667,8.232625,2,0,0.009000,8.241625
375,1012.500000,7.553833,2,0,0.012000,7.565833
376,1012.533333,7.806458,2,0,0.006542,7.813000
377,1012.566667,8.084792,2,0,0.007958,8.092750
378,1012.600000,8.972917,2,0,0.011000,8.983917
379,1012.633333,9.472916,2,0,0.009542,9.482458
380,1012.666667,9.933750,2,0,0.009708,9.943458
381,1012.700000,9.704500,2,0,0.015458,9.719958
382,1012.733333,9.867209,2,0,0.008416,9.875625
383,1012.766667,9.960875,2,0,0.009916,9.970791
384,1012.800000,9.852208,2,0,0.015375,9.867583
385,1012.833333,9.574166,2,0,0.008250,9.582416
386,1012.866667,9.579792,2,0,0.010375,9.590167
387,1012.900000,10.394542,2,0,0.010667,10.405209
388,1012.933333,9.816625,2,0,0.011416,9.828041
389,1012.966667,10.114667,2,0,0.008833,10.123500
390,1013.000000,9.891750,2,0,0.018583,9.910333
391,1013.033333,9.700708,2,0,0.009500,9.710208
392,1013.066667,9.807708,2,0,0.010292,9.818000
393,1013.100000,10.098208,2,0,0.009417,10.107625
394,1013.133333,9.557708,2,0,0.016250,9.573958
395,1013.166667,8.734125,2,0,0.014166,8.748291
396,1013.200000,10.060542,2,0,0.013208,10.073750
397,1013.233333,9.768917,2,0,0.005708,9.774625
398,1013.266667,9.656333,2,0,0.011542,9.667875
399,1013.300000,8.900875,2,0,0.008667,8.909542
400,1013.333333,8.306250,2,0,0.009959,8.316209
401,1013.366667,7.929709,2,0,0.011333,7.941042
402,1013.400000,8.676666,2,0,0.006167,8.682833
403,1013.433333,8.850542,2,0,0.012208,8.862750
404,1013.466667,8.953167,2,0,0.014875,8.968042
405,1013.500000,9.409084,2,0,0.013333,9.422417
406,1013.533333,9.624625,2,0,0.005709,9.630334
407,1013.566667,9.778209,2,0,0.017125,9.795334
408,1013.600000,10.024875,2,0,0.017125,10.042000
409,1013.633333,9.747625,2,0,0.006375,9.754000
410,1013.666667,9.750084,2,0,0.012916,9.763000
411,1013.700000,9.555750,2,0,0.006292,9.562042
412,1013.733333,9.732000,2,0,0.009000,9.741000
413,1013.766667,9.598041,2,0,0.009625,9.607666
414,1013.800000,9.986375,2,0,0.008500,9.994875
415,1013.833333,9.561125,2,0,0.011750,9.572875
416,1013.866667,9.403500,2,0,0.011583,9.415083
417,1013.900000,9.396000,2,0,0.006125,9.402125
418,1013.933333,9.383792,2,0,0.008708,9.392500
419,1013.966667,9.487667,2,0,0.009291,9.496958
420,1014.000000,9.717750,2,0,0.009458,9.727208
421,1014.033333,10.212625,2,0,0.010042,10.222667
422,1014.066667,8.692125,2,0,0.009083,8.701208
423,1014.100000,7.694333,2,0,0.005292,7.699625
424,1014.133333,7.729458,2,0,0.017542,7.747000
425,1014.166667,8.360792,2,0,0.013833,8.374625
426,1014.200000,8.562042,2,0,0.008375,8.570417
427,1014.233333,9.504125,2,0,0.009625,9.513750
428,1014.266667,9.184917,2,0,0.008416,9.193333
429,1014.300000,9.494709,2,0,0.014250,9.508959
430,1014.333333,9.886375,2,0,0.009833,9.896208
431,1014.366667,9.923000,2,0,0.012041,9.935041
432,1014.400000,9.127166,2,0,0.011375,9.138541
433,1014.433333,9.909959,2,0,0.014083,9.924042
434,1014.466667,10.360583,2,0,0.006709,10.367292
435,1014.500000,10.542625,2,0,0.008375,10.551000
436,1014.533333,8.862875,2,0,0.011375,8.874250
437,1014.566667,9.676250,2,0,0.012750,9.689000
438,1014.600000,9.783250,2,0,0.014834,9.798084
439,1014.633333,9.545750,2,0,0.006875,9.552625
440,1014.666667,9.579791,2,0,0.012000,9.591791
441,1014.700000,9.628084,2,0,0.012875,9.640959
442,1014.733333,9.733334,2,0,0.006958,9.740292
443,1014.766667,9.464792,2,0,0.010083,9.474875
444,1014.800000,9.493333,2,0,0.013334,9.506667
445,1014.833333,9.878209,2,0,0.013750,9.891959
446,1014.866667,7.973333,2,0,0.009042,7.982375
447,1014.900000,8.200625,2,0,0.005042,8.205667
448,1014.933333,8.016708,2,0,0.015583,8.032291
449,1014.966667,8.987000,2,0,0.009208,8.996208
450,1015.000000,8.752750,2,0,0.018625,8.771375
451,1015.033333,9.080959,2,0,0.009250,9.090209
452,1015.066667,9.347666,2,0,0.010542,9.358208
453,1015.100000,9.915708,2,0,0.009042,9.924750
454,1015.133333,10.119625,2,0,0.014958,10.134583
455,1015.166667,9.596958,2,0,0.007833,9.604791
456,1015.200000,9.736667,2,0,0.009750,9.746417
457,1015.233333,9.873042,2,0,0.011708,9.884750
458,1015.266667,9.650083,2,0,0.010333,9.660416
459,1015.300000,9.704458,2,0,0.012333,9.716791
460,1015.333333,9.482666,2,0,0.008417,9.491083
461,1015.366667,9.698208,2,0,0.005917,9.704125
462,1015.400000,9.652625,2,0,0.008292,9.660917
463,1015.433333,9.549708,2,0,0.018083,9.567791
464,1015.466667,9.979708,2,0,0.013334,9.993042
465,1015.500000,9.838541,2,0,0.005709,9.844250
466,1015.533333,9.681208,2,0,0.015375,9.696583
467,1015.566667,10.292667,2,0,0.016917,10.309584
468,1015.600000,9.112583,2,0,0.009542,9.122125
469,1015.633333,8.058125,2,0,0.004708,8.062833
470,1015.666667,7.485208,2,0,0.011584,7.496792
471,1015.700000,8.278083,2,0,0.026583,8.304666
472,1015.733333,8.989209,2,0,0.010708,8.999917
473,1015.766667,8.939583,2,0,0.019084,8.958667
474,1015.800000,9.379959,2,0,0.009416,9.389375
475,1015.833333,9.468541,2,0,0.014834,9.483375
476,1015.866667,9.523208,2,0,0.016917,9.540125
477,1015.900000,9.965625,2,0,0.013750,9.979375
478,1015.933333,9.849333,2,0,0.019084,9.868417
479,1015.966667,10.028250,2,0,0.009667,10.037917
480,1016.000000,10.263666,2,0,0.015334,10.279000
481,1016.033333,9.994708,2,0,0.018875,10.013583
482,1016.066667,10.180542,2,0,0.010666,10.191208
483,1016.100000,9.639375,2,0,0.007541,9.646916
484,1016.133333,9.864500,2,0,0.011916,9.876416
485,1016.166667,9.352125,2,0,0.009250,9.361375
486,1016.200000,10.627125,2,0,0.009792,10.636917
487,1016.233333,10.094750,2,0,0.010542,10.105292
488,1016.266667,10.430958,2,0,0.017542,10.448500
489,1016.300000,9.995458,2,0,0.012625,10.008083
490,1016.333333,9.293041,2,0,0.004959,9.298000
491,1016.366667,9.599750,2,0,0.012167,9.611917
492,1016.400000,9.846750,2,0,0.020292,9.867042
493,1016.433333,10.100458,2,0,0.013292,10.113750
494,1016.466667,9.654209,2,0,0.010041,9.664250
495,1016.500000,9.174458,2,0,0.009250,9.183708
496,1016.533333,9.046458,2,0,0.009792,9.056250
497,1016.566667,9.529250,2,0,0.009750,9.539000
498,1016.600000,9.194333,2,0,0.018542,9.212875
499,1016.633333,9.187208,2,0,0.017625,9.204833
500,1016.666667,9.568000,2,0,0.009250,9.577250
501,1016.700000,9.440167,2,0,0.017333,9.457500
502,1016.733333,10.262875,2,0,0.008833,10.271708
503,1016.766667,8.899541,2,0,0.008125,8.907666
504,1016.800000,7.932959,2,0,0.009375,7.942334
505,1016.833333,8.129375,2,0,0.014834,8.144209
506,1016.866667,8.127334,2,0,0.007208,8.134542
507,1016.900000,8.531042,2,0,0.008541,8.539583
508,1016.933333,9.491083,2,0,0.008792,9.499875
509,1016.966667,9.214917,2,0,0.011917,9.226834
510,1017.000000,9.784458,2,0,0.017292,9.801750
511,1017.033333,9.387667,2,0,0.008917,9.396584
512,1017.066667,9.113708,2,0,0.014417,9.128125
513,1017.100000,9.864666,2,0,0.014500,9.879166
514,1017.133333,9.737125,2,0,0.010792,9.747917
515,1017.166667,9.961250,2,0,0.014792,9.976042
516,1017.200000,9.865750,2,0,0.009917,9.875667
517,1017.233333,10.171541,2,0,0.010125,10.181666
518,1017.266667,9.419042,2,0,0.010750,9.429792
519,1017.300000,9.543750,2,0,0.006291,9.550041
520,1017.333333,10.067750,2,0,0.012292,10.080042
521,1017.366667,9.527333,2,0,0.012834,9.540167
522,1017.400000,9.831666,2,0,0.009584,9.841250
523,1017.433333,9.601750,2,0,0.010375,9.612125
524,1017.466667,9.786625,2,0,0.009666,9.796291
525,1017.500000,9.466083,2,0,0.009500,9.475583
526,1017.533333,9.967833,2,0,0.009417,9.977250
527,1017.566667,9.729917,2,0,0.004917,9.734834
528,1017.600000,9.152250,2,0,0.005250,9.157500
529,1017.633333,10.085292,2,0,0.009666,10.094958
530,1017.666667,8.922875,2,0,0.008000,8.930875
531,1017.700000,7.918375,2,0,0.010000,7.928375
532,1017.733333,7.783583,2,0,0.014709,7.798292
533,1017.766667,8.430083,2,0,0.008250,8.438333
534,1017.800000,8.518541,2,0,0.012750,8.531291
535,1017.833333,9.349667,2,0,0.015375,9.365042
536,1017.866667,9.611125,2,0,0.018042,9.629167
537,1017.900000,9.313917,2,0,0.018458,9.332375
538,1017.933333,10.247666,2,0,0.013584,10.261250
539,1017.966667,9.879959,2,0,0.008916,9.888875
540,1018.000000,9.690167,2,0,0.020875,9.711042
541,1018.033333,10.138750,2,0,0.016792,10.155542
542,1018.066667,9.611959,2,0,0.014291,9.626250
543,1018.100000,9.991833,2,0,0.010667,10.002500
544,1018.133333,10.828958,2,0,0.007375,10.836333
545,1018.166667,10.983750,2,0,0.018958,11.002708
546,1018.200000,9.723542,2,0,0.011417,9.734959
547,1018.233333,10.483583,2,0,0.005125,10.488708
548,1018.266667,10.171792,2,0,0.008625,10.180417
549,1018.300000,9.490958,2,0,0.016500,9.507458
550,1018.333333,10.172292,2,0,0.008833,10.181125
551,1018.366667,10.389084,2,0,0.012583,10.401667
552,1018.400000,9.622250,2,0,0.014250,9.636500
553,1018.433333,10.530042,2,0,0.009500,10.539542
554,1018.466667,10.044583,2,0,0.012334,10.056917
555,1018.500000,8.805208,2,0,0.008917,8.814125
556,1018.533333,8.271083,2,0,0.006708,8.277791
557,1018.566667,7.084458,2,0,0.022750,7.107208
558,1018.600000,8.146333,2,0,0.049375,8.195708
559,1018.633333,8.717708,2,0,0.005208,8.722916
560,1018.666667,9.151375,2,0,0.017083,9.168458
561,1018.700000,9.397750,2,0,0.012583,9.410333
562,1018.733333,9.278875,2,0,0.004708,9.283583
563,1018.766667,9.939958,2,0,0.018167,9.958125
564,1018.800000,9.888292,2,0,0.005250,9.893542
565,1018.833333,10.317333,2,0,0.009250,10.326583
566,1018.866667,10.148667,2,0,0.009833,10.158500
567,1018.900000,10.243708,2,0,0.009708,10.253416
568,1018.933333,9.631041,2,0,0.012500,9.643541
569,1018.966667,9.433500,2,0,0.008708,9.442208
570,1019.000000,9.576958,2,0,0.011167,9.588125
571,1019.033333,9.554625,2,0,0.011708,9.566333
572,1019.066667,9.584125,2,0,0.015000,9.599125
573,1019.100000,9.649417,2,0,0.014125,9.663542
574,1019.133333,9.469333,2,0,0.010208,9.479541
575,1019.166667,9.966584,2,0,0.011166,9.977750
576,1019.200000,9.104792,2,0,0.010250,9.115042
577,1019.233333,9.335958,2,0,0.009792,9.345750
578,1019.266667,9.579042,2,0,0.011250,9.590292
579,1019.300000,9.587750,2,0,0.011666,9.599416
580,1019.333333,9.986250,2,0,0.018000,10.004250
581,1019.366667,9.374084,2,0,0.008000,9.382084
582,1019.400000,8.629125,2,0,0.009834,8.638959
583,1019.433333,7.206667,2,0,0.019958,7.226625
584,1019.466667,8.345333,2,0,0.007334,8.352667
585,1019.500000,8.257958,2,0,0.008417,8.266375
586,1019.533333,9.579375,2,0,0.005250,9.584625
587,1019.566667,9.646875,2,0,0.013458,9.660333
588,1019.600000,10.113334,2,0,0.006791,10.120125
589,1019.633333,9.743708,2,0,0.010083,9.753791
590,1019.666667,9.372750,2,0,0.010584,9.383334
591,1019.700000,9.697208,2,0,0.018208,9.715416
592,1019.733333,10.148084,2,0,0.006875,10.154959
593,1019.766667,10.065000,2,0,0.012458,10.077458
594,1019.800000,9.116916,2,0,0.015459,9.132375
595,1019.833333,10.114583,2,0,0.011625,10.126208
596,1019.866667,9.251167,2,0,0.008833,9.260000
597,1019.900000,7.948375,2,0,0.009125,7.957500
598,1019.933333,7.353042,2,0,0.008833,7.361875
599,1019.966667,7.939917,2,0,0.010541,7.950458
600,1020.000000,9.124125,2,0,0.007250,9.131375
601,1020.033333,8.795584,2,0,0.011625,8.807209
602,1020.066667,9.001125,2,0,0.020750,9.021875
603,1020.100000,9.209791,2,0,0.012500,9.222291
604,1020.133333,9.281875,2,0,0.011084,9.292959
605,1020.166667,9.724208,2,0,0.008958,9.733166
606,1020.200000,9.712500,2,0,0.013250,9.725750
607,1020.233333,9.684125,2,0,0.011042,9.695167
608,1020.266667,9.710833,2,0,0.010250,9.721083
609,1020.300000,9.947208,2,0,0.011625,9.958833
610,1020.333333,9.586000,2,0,0.011709,9.597709
611,1020.366667,9.725417,2,0,0.010500,9.735917
612,1020.400000,9.843042,2,0,0.006166,9.849208
613,1020.433333,9.582625,2,0,0.018000,9.600625
614,1020.466667,9.150625,2,0,0.011708,9.162333
615,1020.500000,9.445375,2,0,0.005459,9.450834
616,1020.533333,9.611625,2,0,0.010208,9.621833
617,1020.566667,9.788625,2,0,0.017958,9.806583
618,1020.600000,9.764458,2,0,0.009334,9.773792
619,1020.633333,9.048125,2,0,0.005208,9.053333
620,1020.666667,8.051000,2,0,0.008500,8.059500
621,1020.700000,7.102917,2,0,0.017292,7.120209
622,1020.733333,7.701916,2,0,0.009375,7.711291
623,1020.766667,8.314666,2,0,0.007542,8.322208
624,1020.800000,8.667625,2,0,0.017792,8.685417
625,1020.833333,9.063083,2,0,0.006667,9.069750
626,1020.866667,9.518584,2,0,0.017208,9.535792
627,1020.900000,9.258334,2,0,0.018041,9.276375
628,1020.933333,9.674292,2,0,0.018625,9.692917
629,1020.966667,9.303959,2,0,0.009000,9.312959
630,1021.000000,9.737375,2,0,0.019167,9.756542
631,1021.033333,9.446833,2,0,0.011208,9.458041
632,1021.066667,9.898750,2,0,0.014667,9.913417
633,1021.100000,9.796833,2,0,0.009875,9.806708
634,1021.133333,10.491416,2,0,0.008000,10.499416
635,1021.166667,9.251875,2,0,0.006541,9.258416
636,1021.200000,8.224583,2,0,0.010000,8.234583
637,1021.233333,7.370500,2,0,0.009166,7.379666
638,1021.266667,7.660958,2,0,0.008750,7.669708
639,1021.300000,8.234458,2,0,0.008000,8.242458
640,1021.333333,8.318083,2,0,0.008667,8.326750
641,1021.366667,9.029750,2,0,0.009459,9.039209
642,1021.400000,9.667959,2,0,0.010041,9.678000
643,1021.433333,9.937459,2,0,0.005791,9.943250
644,1021.466667,9.807583,2,0,0.019542,9.827125
645,1021.500000,9.733792,2,0,0.012875,9.746667
646,1021.533333,9.500458,2,0,0.005042,9.505500
647,1021.566667,10.405833,2,0,0.020542,10.426375
648,1021.600000,10.174750,2,0,0.007625,10.182375
649,1021.633333,10.708208,2,0,0.004834,10.713042
650,1021.666667,9.602375,2,0,0.004917,9.607292
651,1021.700000,7.876292,2,0,0.005750,7.882042
652,1021.733333,7.880792,2,0,0.005791,7.886583
653,1021.766667,7.382958,2,0,0.007500,7.390458
654,1021.800000,8.303250,2,0,0.004125,8.307375
655,1021.833333,9.009667,2,0,0.013333,9.023000
656,1021.866667,9.008666,2,0,0.009667,9.018333
657,1021.900000,9.886083,2,0,0.018542,9.904625
658,1021.933333,10.143333,2,0,0.009583,10.152916
659,1021.966667,10.259084,2,0,0.011750,10.270834
660,1022.000000,9.958042,2,0,0.008417,9.966459
661,1022.033333,10.457542,2,0,0.016958,10.474500
662,1022.066667,10.007916,2,0,0.014875,10.022791
663,1022.100000,10.171458,2,0,0.011292,10.182750
664,1022.133333,9.817667,2,0,0.009042,9.826709
665,1022.166667,9.743292,2,0,0.011792,9.755084
666,1022.200000,9.877083,2,0,0.009042,9.886125
667,1022.233333,9.564334,2,0,0.008625,9.572959
668,1022.266667,9.651875,2,0,0.013875,9.665750
669,1022.300000,9.743125,2,0,0.011750,9.754875
670,1022.333333,10.298459,2,0,0.010166,10.308625
671,1022.366667,10.174209,2,0,0.014875,10.189084
672,1022.400000,10.002625,2,0,0.005458,10.008083
673,1022.433333,9.744625,2,0,0.005875,9.750500
674,1022.466667,10.925792,2,0,0.011166,10.936958
675,1022.500000,11.148167,2,0,0.018833,11.167000
676,1022.533333,9.869416,2,0,0.005917,9.875333
677,1022.566667,10.299583,2,0,0.011375,10.310958
678,1022.600000,9.403000,2,0,0.007000,9.410000
679,1022.633333,8.655250,2,0,0.008167,8.663417
680,1022.666667,9.443625,2,0,0.008791,9.452416
681,1022.700000,8.579792,2,0,0.017166,8.596958
682,1022.733333,8.374625,2,0,0.007833,8.382458
683,1022.766667,9.148416,2,0,0.010875,9.159291
684,1022.800000,9.300375,2,0,0.010250,9.310625
685,1022.833333,9.854459,2,0,0.011291,9.865750
686,1022.866667,10.000250,2,0,0.020167,10.020417
687,1022.900000,9.773333,2,0,0.013625,9.786958
688,1022.933333,9.945250,2,0,0.018667,9.963917
689,1022.966667,10.006458,2,0,0.010875,10.017333
690,1023.000000,10.252583,2,0,0.006459,10.259042
691,1023.033333,10.057875,2,0,0.010083,10.067958
692,1023.066667,9.855791,2,0,0.008042,9.863833
693,1023.100000,9.872583,2,0,0.013125,9.885708
694,1023.133333,9.858667,2,0,0.009166,9.867833
695,1023.166667,10.226209,2,0,0.011625,10.237834
696,1023.200000,10.271625,2,0,0.017084,10.288709
697,1023.233333,10.330125,2,0,0.005000,10.335125
698,1023.266667,10.415250,2,0,0.018542,10.433792
699,1023.300000,10.428917,2,0,0.009667,10.438584
700,1023.333333,10.423833,2,0,0.017125,10.440958
701,1023.366667,10.359875,2,0,0.009750,10.369625
702,1023.400000,10.217166,2,0,0.016917,10.234083
703,1023.433333,10.169041,2,0,0.010292,10.179333
704,1023.466667,10.071750,2,0,0.018209,10.089959
705,1023.500000,10.177708,2,0,0.020667,10.198375
706,1023.533333,9.903208,2,0,0.014292,9.917500
707,1023.566667,10.152875,2,0,0.017542,10.170417
708,1023.600000,9.736583,2,0,0.018542,9.755125
709,1023.633333,10.209292,2,0,0.009458,10.218750
710,1023.666667,9.905834,2,0,0.008791,9.914625
711,1023.700000,8.799625,2,0,0.008541,8.808166
712,1023.733333,7.790708,2,0,0.009292,7.800000
713,1023.766667,7.920166,2,0,0.020959,7.941125
714,1023.800000,8.394375,2,0,0.011417,8.405792
715,1023.833333,8.871208,2,0,0.011959,8.883167
716,1023.866667,9.455375,2,0,0.011083,9.466458
717,1023.900000,10.013250,2,0,0.007958,10.021208
718,1023.933333,10.247000,2,0,0.009458,10.256458
719,1023.966667,9.790583,2,0,0.009250,9.799833
720,1024.000000,9.986834,2,0,0.010416,9.997250
721,1024.033333,9.914208,2,0,0.016250,9.930458
722,1024.066667,11.311916,2,0,0.005125,11.317041
723,1024.100000,11.241625,2,0,0.012083,11.253708
724,1024.133333,9.605209,2,0,0.012333,9.617542
725,1024.166667,9.559125,2,0,0.011125,9.570250
726,1024.200000,10.085416,2,0,0.015834,10.101250
727,1024.233333,9.630959,2,0,0.010625,9.641584
728,1024.266667,9.977333,2,0,0.006042,9.983375
729,1024.300000,9.974875,2,0,0.010375,9.985250
730,1024.333333,9.916417,2,0,0.020250,9.936667
731,1024.366667,9.545916,2,0,0.017250,9.563166
732,1024.400000,9.780333,2,0,0.018250,9.798583
733,1024.433333,9.650667,2,0,0.011291,9.661958
734,1024.466667,10.376375,2,0,0.011125,10.387500
735,1024.500000,9.258666,2,0,0.016917,9.275583
736,1024.533333,10.974833,2,0,0.010042,10.984875
737,1024.566667,9.834583,2,0,0.013292,9.847875
738,1024.600000,10.175625,2,0,0.006542,10.182167
739,1024.633333,9.621250,2,0,0.008292,9.629542
740,1024.666667,9.734542,2,0,0.010500,9.745042
741,1024.700000,10.588458,2,0,0.018250,10.606708
742,1024.733333,9.798750,2,0,0.007875,9.806625
743,1024.766667,9.533458,2,0,0.006875,9.540333
744,1024.800000,8.172709,2,0,0.009416,8.182125
745,1024.833333,7.702958,2,0,0.027625,7.730583
746,1024.866667,7.926625,2,0,0.008292,7.934917
747,1024.900000,9.361042,2,0,0.014167,9.375209
748,1024.933333,9.500417,2,0,0.015583,9.516000
749,1024.966667,9.700167,2,0,0.019541,9.719708
750,1025.000000,10.143667,2,0,0.007875,10.151542
751,1025.033333,9.828667,2,0,0.007042,9.835709
752,1025.066667,9.511333,2,0,0.011542,9.522875
753,1025.100000,9.460958,2,0,0.008833,9.469791
754,1025.133333,9.641375,2,0,0.017167,9.658542
755,1025.166667,9.971291,2,0,0.012375,9.983666
756,1025.200000,9.505083,2,0,0.010625,9.515708
757,1025.233333,9.588292,2,0,0.017875,9.606167
758,1025.266667,9.773042,2,0,0.019416,9.792458
759,1025.300000,9.836041,2,0,0.012084,9.848125
760,1025.333333,9.979875,2,0,0.010291,9.990166
761,1025.366667,9.973041,2,0,0.014084,9.987125
762,1025.400000,9.597042,2,0,0.005916,9.602958
763,1025.433333,9.448417,2,0,0.015875,9.464292
764,1025.466667,9.903167,2,0,0.016916,9.920083
765,1025.500000,9.516000,2,0,0.011250,9.527250
766,1025.533333,9.366833,2,0,0.016959,9.383792
767,1025.566667,9.600708,2,0,0.008959,9.609667
768,1025.600000,9.664917,2,0,0.011375,9.676292
769,1025.633333,10.622333,2,0,0.013209,10.635542
770,1025.666667,10.557000,2,0,0.008583,10.565583
771,1025.700000,9.037875,2,0,0.010000,9.047875
772,1025.733333,8.632459,2,0,0.009291,8.641750
773,1025.766667,8.047417,2,0,0.011666,8.059083
774,1025.800000,8.232625,2,0,0.004625,8.237250
775,1025.833333,9.039916,2,0,0.014959,9.054875
776,1025.866667,9.178875,2,0,0.008167,9.187042
777,1025.900000,9.860250,2,0,0.006125,9.866375
778,1025.933333,9.991625,2,0,0.018334,10.009959
779,1025.966667,10.291459,2,0,0.012666,10.304125
780,1026.000000,9.598917,2,0,0.014583,9.613500
781,1026.033333,10.548708,2,0,0.016250,10.564958
782,1026.066667,10.438166,2,0,0.009875,10.448041
783,1026.100000,10.047250,2,0,0.005625,10.052875
784,1026.133333,9.864375,2,0,0.018541,9.882916
785,1026.166667,10.135125,2,0,0.008584,10.143709
786,1026.200000,9.743209,2,0,0.010000,9.753209
787,1026.233333,10.302792,2,0,0.009917,10.312709
788,1026.266667,10.237375,2,0,0.009542,10.246917
789,1026.300000,9.776292,2,0,0.013167,9.789459
790,1026.333333,10.150125,2,0,0.010958,10.161083
791,1026.366667,10.125250,2,0,0.005084,10.130334
792,1026.400000,9.797958,2,0,0.012792,9.810750
793,1026.433333,9.965209,2,0,0.010708,9.975917
794,1026.466667,10.084042,2,0,0.009750,10.093792
795,1026.500000,9.609375,2,0,0.009000,9.618375
796,1026.533333,9.729625,2,0,0.012875,9.742500
797,1026.566667,9.217709,2,0,0.008291,9.226000
798,1026.600000,9.310416,2,0,0.007542,9.317958
799,1026.633333,10.113667,2,0,0.009208,10.122875
800,1026.666667,9.661625,2,0,0.016791,9.678416
801,1026.700000,9.214375,2,0,0.018084,9.232459
802,1026.733333,9.513958,2,0,0.018375,9.532333
803,1026.766667,9.398667,2,0,0.009750,9.408417
804,1026.800000,9.688208,2,0,0.018750,9.706958
805,1026.833333,9.588041,2,0,0.017959,9.606000
806,1026.866667,9.413834,2,0,0.020041,9.433875
807,1026.900000,9.129667,2,0,0.010958,9.140625
808,1026.933333,9.187666,2,0,0.013292,9.200958
809,1026.966667,9.919750,2,0,0.010791,9.930541
810,1027.000000,9.908875,2,0,0.004750,9.913625
811,1027.033333,9.090875,2,0,0.007083,9.097958
812,1027.066667,8.590583,2,0,0.006542,8.597125
813,1027.100000,8.017708,2,0,0.029500,8.047208
814,1027.133333,8.012125,2,0,0.011458,8.023583
815,1027.166667,8.373000,2,0,0.005333,8.378333
816,1027.200000,9.171542,2,0,0.011250,9.182792
817,1027.233333,9.864417,2,0,0.010708,9.875125
818,1027.266667,10.446042,2,0,0.014708,10.460750
819,1027.300000,9.992083,2,0,0.005208,9.997291
820,1027.333333,10.578417,2,0,0.014125,10.592542
821,1027.366667,10.390583,2,0,0.005000,10.395583
822,1027.400000,10.532708,2,0,0.014750,10.547458
823,1027.433333,10.469250,2,0,0.009000,10.478250
824,1027.466667,10.263833,2,0,0.018792,10.282625
825,1027.500000,10.367209,2,0,0.008041,10.375250
826,1027.533333,10.736791,2,0,0.013792,10.750583
827,1027.566667,10.132917,2,0,0.010375,10.143292
828,1027.600000,10.713875,2,0,0.006375,10.720250
829,1027.633333,10.646584,2,0,0.012041,10.658625
830,1027.666667,10.757167,2,0,0.010417,10.767584
831,1027.700000,10.102125,2,0,0.009375,10.111500
832,1027.733333,9.847042,2,0,0.009541,9.856583
833,1027.766667,10.189959,2,0,0.014041,10.204000
834,1027.800000,10.190375,2,0,0.014792,10.205167
835,1027.833333,10.362250,2,0,0.011500,10.373750
836,1027.866667,10.303042,2,0,0.010166,10.313208
837,1027.900000,10.088208,2,0,0.016917,10.105125
838,1027.933333,10.592042,2,0,0.005792,10.597834
839,1027.966667,10.279167,2,0,0.005291,10.284458
840,1028.000000,10.317583,2,0,0.011750,10.329333
841,1028.033333,10.452292,2,0,0.018625,10.470917
842,1028.066667,9.525583,2,0,0.016250,9.541833
843,1028.100000,9.483084,2,0,0.018500,9.501584
844,1028.133333,9.506000,2,0,0.018041,9.524041
845,1028.166667,10.012958,2,0,0.009458,10.022416
846,1028.200000,9.734041,2,0,0.010959,9.745000
847,1028.233333,9.979667,2,0,0.010333,9.990000
848,1028.266667,10.106750,2,0,0.013709,10.120459
849,1028.300000,9.839375,2,0,0.011750,9.851125
850,1028.333333,10.114291,2,0,0.021417,10.135708
851,1028.366667,9.916542,2,0,0.009500,9.926042
852,1028.400000,10.151917,2,0,0.009375,10.161292
853,1028.433333,9.913041,2,0,0.009084,9.922125
854,1028.466667,9.978458,2,0,0.009750,9.988208
855,1028.500000,9.497000,2,0,0.009375,9.506375
856,1028.533333,9.741833,2,0,0.007042,9.748875
857,1028.566667,10.350875,2,0,0.008125,10.359000
858,1028.600000,9.401083,2,0,0.020084,9.421167
859,1028.633333,9.794083,2,0,0.011875,9.805958
860,1028.666667,9.633958,2,0,0.014334,9.648292
861,1028.700000,9.590167,2,0,0.012041,9.602208
862,1028.733333,9.804333,2,0,0.014583,9.818916
863,1028.766667,9.556625,2,0,0.021500,9.578125
864,1028.800000,9.727125,2,0,0.013792,9.740917
865,1028.833333,9.713125,2,0,0.009583,9.722708
866,1028.866667,9.593125,2,0,0.008667,9.601792
867,1028.900000,9.722125,2,0,0.011083,9.733208
868,1028.933333,9.867500,2,0,0.015834,9.883334
869,1028.966667,9.768459,2,0,0.014541,9.783000
870,1029.000000,10.736833,2,0,0.006667,10.743500
871,1029.033333,8.665584,2,0,0.006958,8.672542
872,1029.066667,9.851750,2,0,0.007875,9.859625
873,1029.100000,8.314917,2,0,0.013541,8.328458
874,1029.133333,8.771041,2,0,0.005375,8.776416
875,1029.166667,10.129792,2,0,0.005875,10.135667
876,1029.200000,9.628709,2,0,0.017791,9.646500
877,1029.233333,10.730250,2,0,0.009958,10.740208
878,1029.266667,10.667584,2,0,0.005625,10.673209
879,1029.300000,10.143167,2,0,0.011166,10.154333
880,1029.333333,10.870834,2,0,0.009041,10.879875
881,1029.366667,10.312333,2,0,0.005417,10.317750
882,1029.400000,11.163084,2,0,0.010625,11.173709
883,1029.433333,9.641250,2,0,0.012208,9.653458
884,1029.466667,10.070958,2,0,0.018084,10.089042
885,1029.500000,9.965959,2,0,0.009458,9.975417
886,1029.533333,10.869667,2,0,0.011083,10.880750
887,1029.566667,9.870000,2,0,0.016333,9.886333
888,1029.600000,10.520250,2,0,0.018000,10.538250
889,1029.633333,9.516875,2,0,0.015584,9.532459
890,1029.666667,9.730167,2,0,0.010750,9.740917
891,1029.700000,10.551417,2,0,0.009167,10.560584
892,1029.733333,9.725292,2,0,0.011625,9.736917
893,1029.766667,10.207667,2,0,0.006708,10.214375
894,1029.800000,9.418250,2,0,0.017792,9.436042
895,1029.833333,9.860458,2,0,0.017875,9.878333
896,1029.866667,8.823875,2,0,0.016958,8.840833
897,1029.900000,9.815916,2,0,0.009042,9.824958
898,1029.933333,9.253208,2,0,0.019417,9.272625
899,1029.966667,8.578542,2,0,0.018208,8.596750
900,1030.000000,9.051167,2,0,0.009833,9.061000
901,1030.033333,8.779458,2,0,0.009583,8.789041
902,1030.066667,9.372375,2,0,0.018250,9.390625
903,1030.100000,9.909917,2,0,0.009958,9.919875
904,1030.133333,8.672709,2,0,0.009208,8.681917
905,1030.166667,8.194708,2,0,0.023125,8.217833
906,1030.200000,8.602708,2,0,0.022084,8.624792
907,1030.233333,9.964541,2,0,0.011959,9.976500
908,1030.266667,10.587917,2,0,0.010042,10.597959
909,1030.300000,10.301167,2,0,0.009292,10.310459
910,1030.333333,10.573334,2,0,0.008750,10.582084
911,1030.366667,9.967250,2,0,0.017291,9.984541
912,1030.400000,8.993584,2,0,0.008708,9.002292
913,1030.433333,9.559208,2,0,0.017292,9.576500
914,1030.466667,9.435209,2,0,0.018125,9.453334
915,1030.500000,9.652125,2,0,0.016375,9.668500
916,1030.533333,9.003083,2,0,0.010334,9.013417
917,1030.566667,9.669583,2,0,0.019167,9.688750
918,1030.600000,9.253333,2,0,0.017583,9.270916
919,1030.633333,9.595541,2,0,0.006125,9.601666
920,1030.666667,7.364750,2,0,0.008042,7.372792
921,1030.700000,9.434125,2,0,0.015416,9.449541
922,1030.733333,9.357166,2,0,0.017209,9.374375
923,1030.766667,9.567333,2,0,0.009584,9.576917
924,1030.800000,9.571917,2,0,0.010166,9.582083
925,1030.833333,9.481708,2,0,0.009584,9.491292
926,1030.866667,9.361000,2,0,0.010250,9.371250
927,1030.900000,9.267291,2,0,0.015875,9.283166
928,1030.933333,9.162458,2,0,0.013750,9.176208
929,1030.966667,9.157041,2,0,0.009875,9.166916
930,1031.000000,9.055750,2,0,0.013208,9.068958
931,1031.033333,9.295542,2,0,0.010458,9.306000
932,1031.066667,9.019666,2,0,0.013209,9.032875
933,1031.100000,9.902041,2,0,0.010875,9.912916
934,1031.133333,9.283125,2,0,0.008458,9.291583
935,1031.166667,9.490042,2,0,0.008500,9.498542
936,1031.200000,9.474458,2,0,0.010334,9.484792
937,1031.233333,8.578709,2,0,0.012000,8.590709
938,1031.266667,8.273708,2,0,0.010958,8.284666
939,1031.300000,8.359834,2,0,0.013958,8.373792
940,1031.333333,10.052583,2,0,0.017500,10.070083
941,1031.366667,9.134292,2,0,0.010750,9.145042
942,1031.400000,7.388625,2,0,0.021417,7.410042
943,1031.433333,8.144917,2,0,0.011250,8.156167
944,1031.466667,8.298584,2,0,0.009541,8.308125
945,1031.500000,10.040125,2,0,0.020291,10.060416
946,1031.533333,8.734458,2,0,0.008625,8.743083
947,1031.566667,8.753791,2,0,0.009750,8.763541
948,1031.600000,9.408792,2,0,0.009166,9.417958
949,1031.633333,9.262709,2,0,0.009416,9.272125
950,1031.666667,10.342667,2,0,0.012458,10.355125
951,1031.700000,9.673875,2,0,0.006625,9.680500
952,1031.733333,10.505667,2,0,0.007333,10.513000
953,1031.766667,10.369791,2,0,0.010917,10.380708
954,1031.800000,9.204583,2,0,0.010459,9.215042
955,1031.833333,9.062417,2,0,0.010750,9.073167
956,1031.866667,9.371459,2,0,0.018666,9.390125
957,1031.900000,10.512625,2,0,0.017042,10.529667
958,1031.933333,9.233250,2,0,0.011750,9.245000
959,1031.966667,9.999458,2,0,0.007292,10.006750
960,1032.000000,9.644875,2,0,0.010625,9.655500
961,1032.033333,9.177750,2,0,0.007542,9.185292
962,1032.066667,9.045625,2,0,0.016667,9.062292
963,1032.100000,8.906542,2,0,0.009583,8.916125
964,1032.133333,9.228333,2,0,0.010334,9.238667
965,1032.166667,9.015458,2,0,0.017375,9.032833
966,1032.200000,8.913541,2,0,0.011709,8.925250
967,1032.233333,8.989375,2,0,0.010958,9.000333
968,1032.266667,8.659000,2,0,0.012625,8.671625
969,1032.300000,9.271250,2,0,0.007792,9.279042
970,1032.333333,9.012125,2,0,0.007875,9.020000
971,1032.366667,8.960125,2,0,0.010208,8.970333
972,1032.400000,8.868375,2,0,0.016834,8.885209
973,1032.433333,8.641375,2,0,0.009042,8.650417
974,1032.466667,9.014542,2,0,0.036333,9.050875
975,1032.500000,8.403791,2,0,0.011667,8.415458
976,1032.533333,8.559083,2,0,0.017417,8.576500
977,1032.566667,9.204500,2,0,0.013167,9.217667
978,1032.600000,8.509667,2,0,0.008416,8.518083
979,1032.633333,8.711833,2,0,0.021250,8.733083
980,1032.666667,8.507333,2,0,0.006459,8.513792
981,1032.700000,8.579959,2,0,0.007375,8.587334
982,1032.733333,9.019834,2,0,0.014291,9.034125
983,1032.766667,8.980334,2,0,0.009500,8.989834
984,1032.800000,7.743042,2,0,0.020500,7.763542
985,1032.833333,7.865292,2,0,0.019375,7.884667
986,1032.866667,8.396167,2,0,0.016542,8.412709
987,1032.900000,8.442417,2,0,0.010500,8.452917
988,1032.933333,9.323042,2,0,0.009666,9.332708
989,1032.966667,9.296333,2,0,0.010709,9.307042
990,1033.000000,9.458375,2,0,0.009875,9.468250
991,1033.033333,9.544792,2,0,0.016541,9.561333
992,1033.066667,9.475917,2,0,0.020167,9.496084
993,1033.100000,9.468042,2,0,0.006458,9.474500
994,1033.133333,9.130333,2,0,0.008625,9.138958
995,1033.166667,9.486500,2,0,0.012375,9.498875
996,1033.200000,9.157958,2,0,0.006292,9.164250
997,1033.233333,9.558875,2,0,0.011625,9.570500
998,1033.266667,9.542333,2,0,0.010042,9.552375
999,1033.300000,8.978834,2,0,0.006250,8.985084
1000,1033.333333,8.963292,2,0,0.011333,8.974625
1001,1033.366667,9.094083,2,0,0.018584,9.112667
1002,1033.400000,9.441917,2,0,0.010917,9.452834
1003,1033.433333,9.379750,2,0,0.019250,9.399000
1004,1033.466667,8.842875,2,0,0.007792,8.850667
1005,1033.500000,8.800208,2,0,0.016292,8.816500
1006,1033.533333,8.890917,2,0,0.018042,8.908959
1007,1033.566667,9.466584,2,0,0.011666,9.478250
1008,1033.600000,8.844083,2,0,0.012542,8.856625
1009,1033.633333,9.167709,2,0,0.016083,9.183792
1010,1033.666667,8.450750,2,0,0.007125,8.457875
1011,1033.700000,9.858291,2,0,0.010584,9.868875
1012,1033.733333,9.119458,2,0,0.018292,9.137750
1013,1033.766667,8.947459,2,0,0.010458,8.957917
1014,1033.800000,9.624292,2,0,0.011625,9.635917
1015,1033.833333,8.777500,2,0,0.005792,8.783292
1016,1033.866667,8.730833,2,0,0.016709,8.747542
1017,1033.900000,9.410042,2,0,0.014208,9.424250
1018,1033.933333,9.109208,2,0,0.017542,9.126750
1019,1033.966667,9.104750,2,0,0.010709,9.115459
1020,1034.000000,9.004167,2,0,0.013375,9.017542
1021,1034.033333,9.747959,2,0,0.010625,9.758584
1022,1034.066667,8.909042,2,0,0.011458,8.920500
1023,1034.100000,7.248834,2,0,0.008125,7.256959
1024,1034.133333,7.913542,2,0,0.017375,7.930917
1025,1034.166667,7.727208,2,0,0.008125,7.735333
1026,1034.200000,8.388083,2,0,0.010125,8.398208
1027,1034.233333,8.895875,2,0,0.008875,8.904750
1028,1034.266667,9.240541,2,0,0.008834,9.249375
1029,1034.300000,9.118000,2,0,0.012750,9.130750
1030,1034.333333,9.288292,2,0,0.009458,9.297750
1031,1034.366667,9.185292,2,0,0.011000,9.196292
1032,1034.400000,9.166792,2,0,0.012916,9.179708
1033,1034.433333,9.383625,2,0,0.010875,9.394500
1034,1034.466667,9.778708,2,0,0.017917,9.796625
1035,1034.500000,9.587541,2,0,0.017500,9.605041
1036,1034.533333,9.151417,2,0,0.009458,9.160875
1037,1034.566667,9.046417,2,0,0.008958,9.055375
1038,1034.600000,8.750583,2,0,0.013875,8.764458
1039,1034.633333,8.784833,2,0,0.014167,8.799000
1040,1034.666667,8.561000,2,0,0.009667,8.570667
1041,1034.700000,9.291333,2,0,0.007584,9.298917
1042,1034.733333,9.092083,2,0,0.012042,9.104125
1043,1034.766667,8.837000,2,0,0.009583,8.846583
1044,1034.800000,8.878458,2,0,0.012375,8.890833
1045,1034.833333,8.919042,2,0,0.013625,8.932667
1046,1034.866667,8.830083,2,0,0.017500,8.847583
1047,1034.900000,8.962583,2,0,0.012792,8.975375
1048,1034.933333,8.892417,2,0,0.012625,8.905042
1049,1034.966667,8.294875,2,0,0.009834,8.304709
1050,1035.000000,8.988833,2,0,0.011000,8.999833
1051,1035.033333,8.838708,2,0,0.009084,8.847792
1052,1035.066667,9.001541,2,0,0.016459,9.018000
1053,1035.100000,8.597875,2,0,0.011292,8.609167
1054,1035.133333,8.566833,2,0,0.010500,8.577333
1055,1035.166667,8.881875,2,0,0.017041,8.898916
1056,1035.200000,9.064083,2,0,0.011250,9.075333
1057,1035.233333,8.413042,2,0,0.008292,8.421334
1058,1035.266667,8.712292,2,0,0.010791,8.723083
1059,1035.300000,9.828375,2,0,0.011917,9.840292
1060,1035.333333,8.940459,2,0,0.008791,8.949250
1061,1035.366667,7.443583,2,0,0.020333,7.463916
1062,1035.400000,7.782250,2,0,0.014958,7.797208
1063,1035.433333,7.736917,2,0,0.017416,7.754333
1064,1035.466667,8.035292,2,0,0.009125,8.044417
1065,1035.500000,8.570291,2,0,0.012375,8.582666
1066,1035.533333,9.503416,2,0,0.053375,9.556791
1067,1035.566667,8.666625,2,0,0.008416,8.675041
1068,1035.600000,8.817416,2,0,0.010042,8.827458
1069,1035.633333,8.873125,2,0,0.018459,8.891584
1070,1035.666667,8.716375,2,0,0.010833,8.727208
1071,1035.700000,8.766875,2,0,0.011458,8.778333
1072,1035.733333,9.120000,2,0,0.012791,9.132791
1073,1035.766667,8.089000,2,0,0.008333,8.097333
1074,1035.800000,8.438916,2,0,0.009209,8.448125
1075,1035.833333,8.185125,2,0,0.008042,8.193167
1076,1035.866667,8.679167,2,0,0.009208,8.688375
1077,1035.900000,8.816958,2,0,0.012542,8.829500
1078,1035.933333,8.371417,2,0,0.007250,8.378667
1079,1035.966667,8.432083,2,0,0.010667,8.442750
1080,1036.000000,8.969917,2,0,0.016292,8.986209
1081,1036.033333,8.281083,2,0,0.006167,8.287250
1082,1036.066667,7.024292,2,0,0.020000,7.044292
1083,1036.100000,7.273875,2,0,0.010375,7.284250
1084,1036.133333,7.963000,2,0,0.009917,7.972917
1085,1036.166667,8.786875,2,0,0.018583,8.805458
1086,1036.200000,9.328750,2,0,0.010458,9.339208
1087,1036.233333,8.429292,2,0,0.017333,8.446625
1088,1036.266667,8.646833,2,0,0.016709,8.663542
1089,1036.300000,8.865125,2,0,0.010292,8.875417
1090,1036.333333,8.904750,2,0,0.010000,8.914750
1091,1036.366667,8.793917,2,0,0.017458,8.811375
1092,1036.400000,9.513000,2,0,0.018458,9.531458
1093,1036.433333,8.282875,2,0,0.008708,8.291583
1094,1036.466667,7.433416,2,0,0.007667,7.441083
1095,1036.500000,7.542833,2,0,0.012667,7.555500
1096,1036.533333,8.439250,2,0,0.016500,8.455750
1097,1036.566667,8.659334,2,0,0.008250,8.667584
1098,1036.600000,8.432875,2,0,0.004917,8.437792
1099,1036.633333,9.064959,2,0,0.019041,9.084000
1100,1036.666667,8.931000,2,0,0.009416,8.940416
1101,1036.700000,9.023666,2,0,0.011584,9.035250
1102,1036.733333,8.612500,2,0,0.007333,8.619833
1103,1036.766667,9.202459,2,0,0.016791,9.219250
1104,1036.800000,9.204417,2,0,0.012167,9.216584
1105,1036.833333,8.912167,2,0,0.013875,8.926042
1106,1036.866667,8.586917,2,0,0.010541,8.597458
1107,1036.900000,8.761875,2,0,0.011500,8.773375
1108,1036.933333,9.301833,2,0,0.011500,9.313333
1109,1036.966667,9.138292,2,0,0.008791,9.147083
1110,1037.000000,9.455208,2,0,0.014542,9.469750
1111,1037.033333,7.573125,2,0,0.006458,7.579583
1112,1037.066667,6.837292,2,0,0.020666,6.857958
1113,1037.100000,7.524250,2,0,0.004750,7.529000
1114,1037.133333,7.883542,2,0,0.008125,7.891667
1115,1037.166667,8.358750,2,0,0.011083,8.369833
1116,1037.200000,8.519250,2,0,0.010834,8.530084
1117,1037.233333,8.876084,2,0,0.008875,8.884959
1118,1037.266667,9.103834,2,0,0.010250,9.114084
1119,1037.300000,9.404666,2,0,0.010292,9.414958
1120,1037.333333,9.299958,2,0,0.012084,9.312042
1121,1037.366667,10.100375,2,0,0.012375,10.112750
1122,1037.400000,8.205083,2,0,0.009083,8.214166
1123,1037.433333,7.062917,2,0,0.008792,7.071709
1124,1037.466667,7.848250,2,0,0.007917,7.856167
1125,1037.500000,8.192292,2,0,0.004833,8.197125
1126,1037.533333,8.441042,2,0,0.012292,8.453334
1127,1037.566667,8.668542,2,0,0.011250,8.679792
1128,1037.600000,9.149583,2,0,0.012250,9.161833
1129,1037.633333,9.062459,2,0,0.010208,9.072667
1130,1037.666667,8.854083,2,0,0.018042,8.872125
1131,1037.700000,9.515375,2,0,0.009666,9.525041
1132,1037.733333,9.402500,2,0,0.011792,9.414292
1133,1037.766667,9.556791,2,0,0.010209,9.567000
1134,1037.800000,9.249833,2,0,0.014125,9.263958
1135,1037.833333,9.739250,2,0,0.009875,9.749125
1136,1037.866667,8.962083,2,0,0.012792,8.974875
1137,1037.900000,9.691792,2,0,0.009000,9.700792
1138,1037.933333,9.401542,2,0,0.019125,9.420667
1139,1037.966667,9.592208,2,0,0.009875,9.602083
1140,1038.000000,8.481208,2,0,0.008417,8.489625
1141,1038.033333,7.295416,2,0,0.006375,7.301791
1142,1038.066667,7.391167,2,0,0.004291,7.395458
1143,1038.100000,8.239750,2,0,0.010292,8.250042
1144,1038.133333,8.555708,2,0,0.012500,8.568208
1145,1038.166667,8.915416,2,0,0.005875,8.921291
1146,1038.200000,8.952458,2,0,0.007334,8.959792
1147,1038.233333,9.564916,2,0,0.011209,9.576125
1148,1038.266667,9.325792,2,0,0.010667,9.336459
1149,1038.300000,9.245875,2,0,0.010167,9.256042
1150,1038.333333,9.125583,2,0,0.007250,9.132833
1151,1038.366667,8.972375,2,0,0.006750,8.979125
1152,1038.400000,9.296042,2,0,0.008042,9.304084
1153,1038.433333,9.036583,2,0,0.018875,9.055458
1154,1038.466667,9.224750,2,0,0.018000,9.242750
1155,1038.500000,9.335833,2,0,0.010667,9.346500
1156,1038.533333,9.524500,2,0,0.009958,9.534458
1157,1038.566667,9.651375,2,0,0.019500,9.670875
1158,1038.600000,8.295500,2,0,0.009208,8.304708
1159,1038.633333,7.718625,2,0,0.006417,7.725042
1160,1038.666667,7.589334,2,0,0.007666,7.597000
1161,1038.700000,8.045167,2,0,0.009916,8.055083
1162,1038.733333,8.856500,2,0,0.009250,8.865750
1163,1038.766667,8.841959,2,0,0.009166,8.851125
1164,1038.800000,9.002292,2,0,0.009750,9.012042
1165,1038.833333,9.825375,2,0,0.009333,9.834708
1166,1038.866667,9.633333,2,0,0.011750,9.645083
1167,1038.900000,9.195083,2,0,0.009042,9.204125
1168,1038.933333,10.064166,2,0,0.008834,10.073000
1169,1038.966667,10.180958,2,0,0.014167,10.195125
1170,1039.000000,9.112833,2,0,0.010667,9.123500
1171,1039.033333,9.545417,2,0,0.013417,9.558834
1172,1039.066667,8.031917,2,0,0.009083,8.041000
1173,1039.100000,7.370208,2,0,0.019625,7.389833
1174,1039.133333,7.858834,2,0,0.009958,7.868792
1175,1039.166667,7.997625,2,0,0.014250,8.011875
1176,1039.200000,8.447583,2,0,0.014583,8.462166
1177,1039.233333,8.630875,2,0,0.011167,8.642042
1178,1039.266667,8.809292,2,0,0.012875,8.822167
1179,1039.300000,9.184958,2,0,0.006083,9.191041
1180,1039.333333,9.315709,2,0,0.006750,9.322459
1181,1039.366667,9.364042,2,0,0.009500,9.373542
1182,1039.400000,9.021458,2,0,0.017084,9.038542
1183,1039.433333,9.231542,2,0,0.010625,9.242167
1184,1039.466667,9.557875,2,0,0.009334,9.567209
1185,1039.500000,9.394000,2,0,0.012209,9.406209
1186,1039.533333,9.559416,2,0,0.016625,9.576041
1187,1039.566667,11.290167,2,0,0.008750,11.298917
1188,1039.600000,9.366458,2,0,0.009292,9.375750
1189,1039.633333,10.258750,2,0,0.012458,10.271208
1190,1039.666667,9.597375,2,0,0.004500,9.601875
1191,1039.700000,8.685792,2,0,0.005958,8.691750
1192,1039.733333,7.888334,2,0,0.006250,7.894584
1193,1039.766667,8.005042,2,0,0.018083,8.023125
1194,1039.800000,8.767291,2,0,0.013625,8.780916
1195,1039.833333,9.025958,2,0,0.012958,9.038916
1196,1039.866667,9.387791,2,0,0.005000,9.392791
1197,1039.900000,9.212166,2,0,0.017125,9.229291
1198,1039.933333,9.886750,2,0,0.013084,9.899834
1199,1039.966667,9.188708,2,0,0.011375,9.200083
1200,1040.000000,9.896583,2,0,0.011958,9.908541
1201,1040.033333,9.830709,2,0,0.010750,9.841459
1202,1040.066667,9.689792,2,0,0.012542,9.702334
1203,1040.100000,9.837500,2,0,0.009000,9.846500
1204,1040.133333,9.596625,2,0,0.010917,9.607542
1205,1040.166667,9.733708,2,0,0.011292,9.745000
1206,1040.200000,9.482375,2,0,0.017917,9.500292
1207,1040.233333,9.659583,2,0,0.017375,9.676958
1208,1040.266667,9.687875,2,0,0.017291,9.705166
1209,1040.300000,9.678792,2,0,0.009375,9.688167
1210,1040.333333,9.500250,2,0,0.013458,9.513708
1211,1040.366667,9.810625,2,0,0.043000,9.853625
1212,1040.400000,9.903375,2,0,0.010375,9.913750
1213,1040.433333,9.713375,2,0,0.009750,9.723125
1214,1040.466667,9.233208,2,0,0.007584,9.240792
1215,1040.500000,9.939750,2,0,0.015417,9.955167
1216,1040.533333,8.510584,2,0,0.008291,8.518875
1217,1040.566667,7.477041,2,0,0.004292,7.481333
1218,1040.600000,7.515334,2,0,0.008166,7.523500
1219,1040.633333,8.733458,2,0,0.018792,8.752250
1220,1040.666667,9.221167,2,0,0.008583,9.229750
1221,1040.700000,8.599958,2,0,0.007917,8.607875
1222,1040.733333,9.449792,2,0,0.015000,9.464792
1223,1040.766667,8.952334,2,0,0.009583,8.961917
1224,1040.800000,9.515083,2,0,0.016917,9.532000
1225,1040.833333,9.181583,2,0,0.006834,9.188417
1226,1040.866667,9.291292,2,0,0.017042,9.308334
1227,1040.900000,9.545209,2,0,0.010791,9.556000
1228,1040.933333,8.978833,2,0,0.011792,8.990625
1229,1040.966667,9.154750,2,0,0.009584,9.164334
1230,1041.000000,9.645750,2,0,0.018625,9.664375
1231,1041.033333,8.350208,2,0,0.008333,8.358541
1232,1041.066667,7.294750,2,0,0.004833,7.299583
1233,1041.100000,7.662333,2,0,0.014584,7.676917
1234,1041.133333,7.956500,2,0,0.016667,7.973167
1235,1041.166667,8.672000,2,0,0.011125,8.683125
1236,1041.200000,9.170875,2,0,0.017791,9.188666
1237,1041.233333,9.212750,2,0,0.009458,9.222208
1238,1041.266667,9.081375,2,0,0.010667,9.092042
1239,1041.300000,9.351250,2,0,0.009458,9.360708
1240,1041.333333,9.613875,2,0,0.014791,9.628666
1241,1041.366667,9.799375,2,0,0.012958,9.812333
1242,1041.400000,9.797458,2,0,0.008209,9.805667
1243,1041.433333,9.787333,2,0,0.017459,9.804792
1244,1041.466667,9.494708,2,0,0.015250,9.509958
1245,1041.500000,9.408750,2,0,0.013125,9.421875
1246,1041.533333,9.528459,2,0,0.017166,9.545625
1247,1041.566667,9.454458,2,0,0.010125,9.464583
1248,1041.600000,9.034500,2,0,0.017666,9.052166
1249,1041.633333,9.627750,2,0,0.009166,9.636916
1250,1041.666667,9.822000,2,0,0.009042,9.831042
1251,1041.700000,9.126000,2,0,0.004042,9.130042
1252,1041.733333,7.645916,2,0,0.020959,7.666875
1253,1041.766667,7.267792,2,0,0.017375,7.285167
1254,1041.800000,8.151750,2,0,0.019541,8.171291
1255,1041.833333,8.839833,2,0,0.016875,8.856708
1256,1041.866667,8.828708,2,0,0.008417,8.837125
1257,1041.900000,9.306875,2,0,0.008416,9.315291
1258,1041.933333,9.465375,2,0,0.007875,9.473250
1259,1041.966667,9.704167,2,0,0.009208,9.713375
1260,1042.000000,9.502792,2,0,0.010333,9.513125
1261,1042.033333,9.872000,2,0,0.017791,9.889791
1262,1042.066667,9.428833,2,0,0.011958,9.440791
1263,1042.100000,9.967083,2,0,0.018208,9.985291
1264,1042.133333,9.647958,2,0,0.014250,9.662208
1265,1042.166667,9.496459,2,0,0.022208,9.518667
1266,1042.200000,9.319542,2,0,0.008750,9.328292
1267,1042.233333,9.292875,2,0,0.009292,9.302167
1268,1042.266667,9.448084,2,0,0.010458,9.458542
1269,1042.300000,9.595083,2,0,0.011500,9.606583
1270,1042.333333,9.552541,2,0,0.009709,9.562250
1271,1042.366667,9.751000,2,0,0.009583,9.760583
1272,1042.400000,9.649333,2,0,0.008292,9.657625
1273,1042.433333,9.895292,2,0,0.009958,9.905250
1274,1042.466667,8.658167,2,0,0.009333,8.667500
1275,1042.500000,7.728583,2,0,0.008333,7.736916
1276,1042.533333,7.206875,2,0,0.009875,7.216750
1277,1042.566667,8.034000,2,0,0.019417,8.053417
1278,1042.600000,8.560792,2,0,0.015166,8.575958
1279,1042.633333,8.794291,2,0,0.017709,8.812000
1280,1042.666667,8.731708,2,0,0.010708,8.742416
1281,1042.700000,8.927708,2,0,0.005084,8.932792
1282,1042.733333,9.132208,2,0,0.015417,9.147625
1283,1042.766667,9.156625,2,0,0.016458,9.173083
1284,1042.800000,9.878375,2,0,0.008541,9.886916
1285,1042.833333,10.016916,2,0,0.016750,10.033666
1286,1042.866667,9.829417,2,0,0.015042,9.844459
1287,1042.900000,9.209625,2,0,0.012875,9.222500
1288,1042.933333,9.530125,2,0,0.013166,9.543291
1289,1042.966667,10.344125,2,0,0.012292,10.356417
1290,1043.000000,9.424417,2,0,0.008250,9.432667
1291,1043.033333,9.657000,2,0,0.010375,9.667375
1292,1043.066667,10.232208,2,0,0.009000,10.241208
1293,1043.100000,9.326083,2,0,0.010792,9.336875
1294,1043.133333,9.116583,2,0,0.017792,9.134375
1295,1043.166667,9.778875,2,0,0.010708,9.789583
1296,1043.200000,8.327833,2,0,0.005209,8.333042
1297,1043.233333,7.726459,2,0,0.010500,7.736959
1298,1043.266667,8.370625,2,0,0.009417,8.380042
1299,1043.300000,8.542583,2,0,0.019042,8.561625
1300,1043.333333,8.677416,2,0,0.009459,8.686875
1301,1043.366667,8.848500,2,0,0.013792,8.862292
1302,1043.400000,9.097417,2,0,0.007708,9.105125
1303,1043.433333,10.234750,2,0,0.009667,10.244417
1304,1043.466667,9.823750,2,0,0.019416,9.843166
1305,1043.500000,9.696125,2,0,0.009250,9.705375
1306,1043.533333,10.138792,2,0,0.013958,10.152750
1307,1043.566667,9.709167,2,0,0.008416,9.717583
1308,1043.600000,10.087208,2,0,0.010958,10.098166
1309,1043.633333,9.702125,2,0,0.005417,9.707542
1310,1043.666667,9.718500,2,0,0.014375,9.732875
1311,1043.700000,10.260667,2,0,0.013667,10.274334
1312,1043.733333,11.444458,2,0,0.018542,11.463000
1313,1043.766667,10.521833,2,0,0.012500,10.534333
1314,1043.800000,10.663417,2,0,0.010917,10.674334
1315,1043.833333,8.343375,2,0,0.008708,8.352083
1316,1043.866667,7.361459,2,0,0.008500,7.369959
1317,1043.900000,7.507917,2,0,0.019083,7.527000
1318,1043.933333,7.645750,2,0,0.011875,7.657625
1319,1043.966667,9.088959,2,0,0.005541,9.094500
1320,1044.000000,8.907708,2,0,0.005125,8.912833
1321,1044.033333,9.753791,2,0,0.011375,9.765166
1322,1044.066667,9.132541,2,0,0.008667,9.141208
1323,1044.100000,9.641417,2,0,0.016833,9.658250
1324,1044.133333,10.583458,2,0,0.009250,10.592708
1325,1044.166667,10.177000,2,0,0.010167,10.187167
1326,1044.200000,9.700958,2,0,0.011375,9.712333
1327,1044.233333,9.728000,2,0,0.009083,9.737083
1328,1044.266667,10.120917,2,0,0.010125,10.131042
1329,1044.300000,9.478167,2,0,0.009750,9.487917
1330,1044.333333,10.429041,2,0,0.017250,10.446291
1331,1044.366667,9.099208,2,0,0.009583,9.108791
1332,1044.400000,9.533917,2,0,0.012458,9.546375
1333,1044.433333,9.313375,2,0,0.009625,9.323000
1334,1044.466667,10.889791,2,0,0.010375,10.900166
1335,1044.500000,9.437834,2,0,0.010250,9.448084
1336,1044.533333,9.476916,2,0,0.009750,9.486666
1337,1044.566667,9.520708,2,0,0.017042,9.537750
1338,1044.600000,9.560958,2,0,0.008333,9.569291
1339,1044.633333,9.369709,2,0,0.006375,9.376084
1340,1044.666667,9.423209,2,0,0.010000,9.433209
1341,1044.700000,9.074667,2,0,0.013667,9.088334
1342,1044.733333,8.648625,2,0,0.008459,8.657084
1343,1044.766667,7.832292,2,0,0.021667,7.853959
1344,1044.800000,7.683375,2,0,0.007833,7.691208
1345,1044.833333,8.187917,2,0,0.007917,8.195834
1346,1044.866667,8.895500,2,0,0.008542,8.904042
1347,1044.900000,9.254833,2,0,0.009417,9.264250
1348,1044.933333,9.559375,2,0,0.011875,9.571250
1349,1044.966667,9.664875,2,0,0.004625,9.669500
1350,1045.000000,9.676834,2,0,0.012291,9.689125
1351,1045.033333,9.635833,2,0,0.020333,9.656166
1352,1045.066667,9.458000,2,0,0.010500,9.468500
1353,1045.100000,9.852333,2,0,0.009625,9.861958
1354,1045.133333,9.825708,2,0,0.010459,9.836167
1355,1045.166667,9.715584,2,0,0.012708,9.728292
1356,1045.200000,9.968000,2,0,0.009292,9.977292
1357,1045.233333,9.804708,2,0,0.009375,9.814083
1358,1045.266667,9.547209,2,0,0.011333,9.558542
1359,1045.300000,9.527334,2,0,0.014041,9.541375
1360,1045.333333,9.782333,2,0,0.017375,9.799708
1361,1045.366667,9.537167,2,0,0.010666,9.547833
1362,1045.400000,9.689166,2,0,0.008625,9.697791
1363,1045.433333,9.397250,2,0,0.014458,9.411708
1364,1045.466667,9.688166,2,0,0.009417,9.697583
1365,1045.500000,9.694541,2,0,0.009375,9.703916
1366,1045.533333,9.605208,2,0,0.009542,9.614750
1367,1045.566667,9.927750,2,0,0.010750,9.938500
1368,1045.600000,9.839042,2,0,0.012708,9.851750
1369,1045.633333,9.585167,2,0,0.005083,9.590250
1370,1045.666667,9.661875,2,0,0.009625,9.671500
1371,1045.700000,9.429291,2,0,0.011542,9.440833
1372,1045.733333,9.310750,2,0,0.017750,9.328500
1373,1045.766667,9.486166,2,0,0.010875,9.497041
1374,1045.800000,10.092375,2,0,0.010542,10.102917
1375,1045.833333,9.272750,2,0,0.005709,9.278459
1376,1045.866667,8.493500,2,0,0.006250,8.499750
1377,1045.900000,7.577708,2,0,0.020792,7.598500
1378,1045.933333,8.050291,2,0,0.012542,8.062833
1379,1045.966667,8.487542,2,0,0.013291,8.500833
1380,1046.000000,8.605375,2,0,0.008375,8.613750
1381,1046.033333,9.217167,2,0,0.012667,9.229834
1382,1046.066667,9.391417,2,0,0.018291,9.409708
1383,1046.100000,9.333541,2,0,0.011750,9.345291
1384,1046.133333,9.361417,2,0,0.005375,9.366792
1385,1046.166667,9.820250,2,0,0.005583,9.825833
1386,1046.200000,9.578959,2,0,0.006250,9.585209
1387,1046.233333,9.758750,2,0,0.011250,9.770000
1388,1046.266667,9.250417,2,0,0.011125,9.261542
1389,1046.300000,9.955459,2,0,0.009333,9.964792
1390,1046.333333,9.640583,2,0,0.010000,9.650583
1391,1046.366667,9.466375,2,0,0.012959,9.479334
1392,1046.400000,9.621000,2,0,0.017375,9.638375
1393,1046.433333,9.374291,2,0,0.009375,9.383666
1394,1046.466667,10.264625,2,0,0.011666,10.276291
1395,1046.500000,9.628292,2,0,0.007875,9.636167
1396,1046.533333,9.587750,2,0,0.012791,9.600541
1397,1046.566667,9.646708,2,0,0.012292,9.659000
1398,1046.600000,9.287542,2,0,0.012750,9.300292
1399,1046.633333,10.167208,2,0,0.010042,10.177250
1400,1046.666667,10.190542,2,0,0.013625,10.204167
1401,1046.700000,9.010209,2,0,0.004250,9.014459
1402,1046.733333,7.967250,2,0,0.009875,7.977125
1403,1046.766667,8.119458,2,0,0.006834,8.126292
1404,1046.800000,8.222791,2,0,0.012042,8.234833
1405,1046.833333,8.858000,2,0,0.009875,8.867875
1406,1046.866667,9.730958,2,0,0.009375,9.740333
1407,1046.900000,9.807292,2,0,0.009083,9.816375
1408,1046.933333,10.847041,2,0,0.009834,10.856875
1409,1046.966667,9.483750,2,0,0.010750,9.494500
1410,1047.000000,8.955625,2,0,0.007500,8.963125
1411,1047.033333,9.584709,2,0,0.009500,9.594209
1412,1047.066667,9.881833,2,0,0.005459,9.887292
1413,1047.100000,9.997708,2,0,0.016917,10.014625
1414,1047.133333,10.360000,2,0,0.016875,10.376875
1415,1047.166667,10.090917,2,0,0.009208,10.100125
1416,1047.200000,9.691958,2,0,0.009125,9.701083
1417,1047.233333,10.031708,2,0,0.013375,10.045083
1418,1047.266667,9.574208,2,0,0.011500,9.585708
1419,1047.300000,9.789041,2,0,0.016417,9.805458
1420,1047.333333,9.995708,2,0,0.007042,10.002750
1421,1047.366667,9.966250,2,0,0.013667,9.979917
1422,1047.400000,9.678792,2,0,0.018416,9.697208
1423,1047.433333,10.077125,2,0,0.009083,10.086208
1424,1047.466667,9.347584,2,0,0.017208,9.364792
1425,1047.500000,10.031916,2,0,0.009000,10.040916
1426,1047.533333,9.698625,2,0,0.014666,9.713291
1427,1047.566667,9.936042,2,0,0.009958,9.946000
1428,1047.600000,9.261916,2,0,0.008375,9.270291
1429,1047.633333,9.745416,2,0,0.007875,9.753291
1430,1047.666667,9.784875,2,0,0.016333,9.801208
1431,1047.700000,10.244916,2,0,0.014292,10.259208
1432,1047.733333,9.438291,2,0,0.010667,9.448958
1433,1047.766667,8.694083,2,0,0.005875,8.699958
1434,1047.800000,7.849416,2,0,0.008334,7.857750
1435,1047.833333,8.085584,2,0,0.009625,8.095209
1436,1047.866667,8.915833,2,0,0.012042,8.927875
1437,1047.900000,9.574333,2,0,0.011042,9.585375
1438,1047.933333,9.926417,2,0,0.011333,9.937750
1439,1047.966667,10.118500,2,0,0.008708,10.127208
1440,1048.000000,10.448083,2,0,0.010000,10.458083
1441,1048.033333,10.125417,2,0,0.013208,10.138625
1442,1048.066667,10.329083,2,0,0.022542,10.351625
1443,1048.100000,10.035875,2,0,0.011625,10.047500
1444,1048.133333,10.451375,2,0,0.016584,10.467959
1445,1048.166667,11.115208,2,0,0.016584,11.131792
1446,1048.200000,10.459292,2,0,0.011042,10.470334
1447,1048.233333,10.912709,2,0,0.004875,10.917584
1448,1048.266667,10.946333,2,0,0.009500,10.955833
1449,1048.300000,10.232333,2,0,0.009417,10.241750
1450,1048.333333,10.128708,2,0,0.011500,10.140208
1451,1048.366667,10.262833,2,0,0.017083,10.279916
1452,1048.400000,10.164167,2,0,0.008917,10.173084
1453,1048.433333,10.260791,2,0,0.010500,10.271291
1454,1048.466667,9.879834,2,0,0.009083,9.888917
1455,1048.500000,10.168000,2,0,0.009209,10.177209
1456,1048.533333,10.807125,2,0,0.009792,10.816917
1457,1048.566667,11.274041,2,0,0.020750,11.294791
1458,1048.600000,9.991667,2,0,0.006041,9.997708
1459,1048.633333,10.092666,2,0,0.009792,10.102458
1460,1048.666667,9.856250,2,0,0.010959,9.867209
1461,1048.700000,9.603167,2,0,0.007833,9.611000
1462,1048.733333,9.961334,2,0,0.009541,9.970875
1463,1048.766667,9.939583,2,0,0.013625,9.953208
1464,1048.800000,10.109167,2,0,0.012000,10.121167
1465,1048.833333,10.014458,2,0,0.009584,10.024042
1466,1048.866667,10.141375,2,0,0.008791,10.150166
1467,1048.900000,10.269500,2,0,0.026417,10.295917
1468,1048.933333,9.844459,2,0,0.018625,9.863084
1469,1048.966667,10.321167,2,0,0.012000,10.333167
1470,1049.000000,9.606167,2,0,0.012625,9.618792
1471,1049.033333,9.811833,2,0,0.010083,9.821916
1472,1049.066667,9.895834,2,0,0.011291,9.907125
1473,1049.100000,9.781958,2,0,0.013417,9.795375
1474,1049.133333,9.850625,2,0,0.020333,9.870958
1475,1049.166667,9.598458,2,0,0.009917,9.608375
1476,1049.200000,9.925750,2,0,0.011709,9.937459
1477,1049.233333,9.922750,2,0,0.010625,9.933375
1478,1049.266667,9.410333,2,0,0.011625,9.421958
1479,1049.300000,9.524042,2,0,0.009458,9.533500
1480,1049.333333,9.722875,2,0,0.009375,9.732250
1481,1049.366667,10.328542,2,0,0.010875,10.339417
1482,1049.400000,10.446042,2,0,0.008458,10.454500
1483,1049.433333,8.415708,2,0,0.008833,8.424541
1484,1049.466667,7.853250,2,0,0.006333,7.859583
1485,1049.500000,8.080791,2,0,0.012084,8.092875
1486,1049.533333,8.336750,2,0,0.005250,8.342000
1487,1049.566667,8.929250,2,0,0.016625,8.945875
1488,1049.600000,9.258750,2,0,0.016875,9.275625
1489,1049.633333,10.076167,2,0,0.003500,10.079667
1490,1049.666667,10.073292,2,0,0.011291,10.084583
1491,1049.700000,9.775125,2,0,0.014000,9.789125
1492,1049.733333,10.224416,2,0,0.018959,10.243375
1493,1049.766667,9.938208,2,0,0.004875,9.943083
1494,1049.800000,9.793291,2,0,0.008250,9.801541
1495,1049.833333,10.579541,2,0,0.018834,10.598375
1496,1049.866667,10.004584,2,0,0.012250,10.016834
1497,1049.900000,10.142458,2,0,0.010417,10.152875
1498,1049.933333,9.678125,2,0,0.012959,9.691084
1499,1049.966667,9.893666,2,0,0.015500,9.909166
1500,1050.000000,10.029792,2,0,0.009750,10.039542
1501,1050.033333,10.256958,2,0,0.010458,10.267416
1502,1050.066667,9.897708,2,0,0.014250,9.911958
1503,1050.100000,10.193792,2,0,0.009666,10.203458
1504,1050.133333,9.770250,2,0,0.016917,9.787167
1505,1050.166667,9.923792,2,0,0.010875,9.934667
1506,1050.200000,10.188583,2,0,0.022417,10.211000
1507,1050.233333,10.177875,2,0,0.017875,10.195750
1508,1050.266667,9.796625,2,0,0.018750,9.815375
1509,1050.300000,10.234833,2,0,0.011500,10.246333
1510,1050.333333,9.503958,2,0,0.008667,9.512625
1511,1050.366667,8.186708,2,0,0.009334,8.196042
1512,1050.400000,8.015375,2,0,0.006083,8.021458
1513,1050.433333,8.113500,2,0,0.010333,8.123833
1514,1050.466667,8.802750,2,0,0.015209,8.817959
1515,1050.500000,9.340208,2,0,0.015958,9.356166
1516,1050.533333,9.779250,2,0,0.010125,9.789375
1517,1050.566667,10.110084,2,0,0.004625,10.114709
1518,1050.600000,9.963084,2,0,0.005166,9.968250
1519,1050.633333,10.207375,2,0,0.008625,10.216000
1520,1050.666667,10.203334,2,0,0.019416,10.222750
1521,1050.700000,10.358583,2,0,0.011917,10.370500
1522,1050.733333,9.893667,2,0,0.012375,9.906042
1523,1050.766667,9.577667,2,0,0.008375,9.586042
1524,1050.800000,10.307333,2,0,0.019417,10.326750
1525,1050.833333,10.273208,2,0,0.006375,10.279583
1526,1050.866667,10.619208,2,0,0.011667,10.630875
1527,1050.900000,10.713459,2,0,0.009458,10.722917
1528,1050.933333,9.970333,2,0,0.009167,9.979500
1529,1050.966667,9.950458,2,0,0.011500,9.961958
1530,1051.000000,10.557833,2,0,0.009375,10.567208
1531,1051.033333,9.978000,2,0,0.007708,9.985708
1532,1051.066667,10.310500,2,0,0.019041,10.329541
1533,1051.100000,10.363375,2,0,0.016417,10.379792
1534,1051.133333,10.120417,2,0,0.011333,10.131750
1535,1051.166667,9.845667,2,0,0.010417,9.856084
1536,1051.200000,10.286542,2,0,0.021875,10.308417
1537,1051.233333,10.656459,2,0,0.014458,10.670917
1538,1051.266667,10.312875,2,0,0.017167,10.330042
1539,1051.300000,10.251709,2,0,0.009375,10.261084
1540,1051.333333,10.218792,2,0,0.010375,10.229167
1541,1051.366667,10.043333,2,0,0.018792,10.062125
1542,1051.400000,9.643667,2,0,0.006375,9.650042
1543,1051.433333,9.980291,2,0,0.013042,9.993333
1544,1051.466667,10.045458,2,0,0.010917,10.056375
1545,1051.500000,10.319875,2,0,0.017208,10.337083
1546,1051.533333,9.895750,2,0,0.009709,9.905459
1547,1051.566667,9.930417,2,0,0.019916,9.950333
1548,1051.600000,10.720875,2,0,0.009417,10.730292
1549,1051.633333,10.745875,2,0,0.009375,10.755250
1550,1051.666667,8.972333,2,0,0.007000,8.979333
1551,1051.700000,8.037917,2,0,0.020458,8.058375
1552,1051.733333,8.286167,2,0,0.009083,8.295250
1553,1051.766667,8.706708,2,0,0.018625,8.725333
1554,1051.800000,9.095375,2,0,0.013000,9.108375
1555,1051.833333,9.871375,2,0,0.012917,9.884292
1556,1051.866667,10.715125,2,0,0.010500,10.725625
1557,1051.900000,10.389416,2,0,0.005709,10.395125
1558,1051.933333,11.115875,2,0,0.006209,11.122084
1559,1051.966667,10.533208,2,0,0.008875,10.542083
1560,1052.000000,10.682333,2,0,0.007375,10.689708
1561,1052.033333,11.277417,2,0,0.004750,11.282167
1562,1052.066667,10.411750,2,0,0.019250,10.431000
1563,1052.100000,10.062125,2,0,0.010792,10.072917
1564,1052.133333,10.087958,2,0,0.013792,10.101750
1565,1052.166667,10.640291,2,0,0.017125,10.657416
1566,1052.200000,10.084208,2,0,0.009542,10.093750
1567,1052.233333,10.164833,2,0,0.011333,10.176166
1568,1052.266667,10.125083,2,0,0.009667,10.134750
1569,1052.300000,10.268167,2,0,0.011750,10.279917
1570,1052.333333,9.866166,2,0,0.005542,9.871708
1571,1052.366667,10.030958,2,0,0.014875,10.045833
1572,1052.400000,10.799292,2,0,0.005666,10.804958
1573,1052.433333,10.959000,2,0,0.010250,10.969250
1574,1052.466667,10.404250,2,0,0.018250,10.422500
1575,1052.500000,10.108416,2,0,0.010625,10.119041
1576,1052.533333,10.184125,2,0,0.009375,10.193500
1577,1052.566667,9.936292,2,0,0.012042,9.948334
1578,1052.600000,9.869167,2,0,0.005542,9.874709
1579,1052.633333,10.316750,2,0,0.015917,10.332667
1580,1052.666667,9.818458,2,0,0.010583,9.829041
1581,1052.700000,10.310500,2,0,0.008167,10.318667
1582,1052.733333,10.315459,2,0,0.009750,10.325209
1583,1052.766667,10.024667,2,0,0.011292,10.035959
1584,1052.800000,10.386584,2,0,0.018250,10.404834
1585,1052.833333,10.012500,2,0,0.009333,10.021833
1586,1052.866667,10.970125,2,0,0.016291,10.986416
1587,1052.900000,9.741666,2,0,0.005375,9.747041
1588,1052.933333,8.962083,2,0,0.008750,8.970833
1589,1052.966667,8.611000,2,0,0.021083,8.632083
1590,1053.000000,8.259958,2,0,0.014500,8.274458
1591,1053.033333,8.369709,2,0,0.017291,8.387000
1592,1053.066667,8.598250,2,0,0.008834,8.607084
1593,1053.100000,9.755875,2,0,0.012833,9.768708
1594,1053.133333,10.068167,2,0,0.010791,10.078958
1595,1053.166667,10.065042,2,0,0.009792,10.074834
1596,1053.200000,10.242125,2,0,0.014041,10.256166
1597,1053.233333,10.741291,2,0,0.010125,10.751416
1598,1053.266667,10.134333,2,0,0.009625,10.143958
1599,1053.300000,9.909791,2,0,0.013875,9.923666
1600,1053.333333,10.007292,2,0,0.010958,10.018250
1601,1053.366667,10.237041,2,0,0.020584,10.257625
1602,1053.400000,10.507750,2,0,0.011458,10.519208
1603,1053.433333,10.351708,2,0,0.017750,10.369458
1604,1053.466667,9.920625,2,0,0.006417,9.927042
1605,1053.500000,10.347833,2,0,0.013125,10.360958
1606,1053.533333,10.000250,2,0,0.011375,10.011625
1607,1053.566667,10.462250,2,0,0.016666,10.478916
1608,1053.600000,10.054375,2,0,0.016667,10.071042
1609,1053.633333,9.936959,2,0,0.013333,9.950292
1610,1053.666667,9.398083,2,0,0.004875,9.402958
1611,1053.700000,9.723417,2,0,0.011250,9.734667
1612,1053.733333,10.275167,2,0,0.008458,10.283625
1613,1053.766667,10.259250,2,0,0.004166,10.263416
1614,1053.800000,8.971167,2,0,0.007167,8.978334
1615,1053.833333,8.742041,2,0,0.007584,8.749625
1616,1053.866667,8.392791,2,0,0.008292,8.401083
1617,1053.900000,8.699209,2,0,0.017583,8.716792
1618,1053.933333,9.727166,2,0,0.008959,9.736125
1619,1053.966667,9.704875,2,0,0.008917,9.713792
1620,1054.000000,9.977000,2,0,0.018000,9.995000
1621,1054.033333,10.194250,2,0,0.014209,10.208459
1622,1054.066667,10.490833,2,0,0.009584,10.500417
1623,1054.100000,10.546416,2,0,0.016459,10.562875
1624,1054.133333,11.175375,2,0,0.009708,11.185083
1625,1054.166667,10.339500,2,0,0.018667,10.358167
1626,1054.200000,10.426375,2,0,0.010792,10.437167
1627,1054.233333,10.284583,2,0,0.010000,10.294583
1628,1054.266667,10.214167,2,0,0.017458,10.231625
1629,1054.300000,9.696375,2,0,0.007000,9.703375
1630,1054.333333,10.256875,2,0,0.011208,10.268083
1631,1054.366667,10.460333,2,0,0.011375,10.471708
1632,1054.400000,10.389458,2,0,0.017459,10.406917
1633,1054.433333,10.398709,2,0,0.006916,10.405625
1634,1054.466667,10.278584,2,0,0.010750,10.289334
1635,1054.500000,10.492708,2,0,0.016375,10.509083
1636,1054.533333,10.537250,2,0,0.017500,10.554750
1637,1054.566667,10.138959,2,0,0.018833,10.157792
1638,1054.600000,10.247709,2,0,0.018708,10.266417
1639,1054.633333,10.037458,2,0,0.012125,10.049583
1640,1054.666667,10.580041,2,0,0.010334,10.590375
1641,1054.700000,10.341334,2,0,0.006208,10.347542
1642,1054.733333,10.577541,2,0,0.010375,10.587916
1643,1054.766667,9.196208,2,0,0.006125,9.202333
1644,1054.800000,8.683917,2,0,0.005625,8.689542
1645,1054.833333,7.835417,2,0,0.021125,7.856542
1646,1054.866667,8.332583,2,0,0.010209,8.342792
1647,1054.900000,8.900875,2,0,0.009125,8.910000
1648,1054.933333,9.744709,2,0,0.010500,9.755209
1649,1054.966667,10.067750,2,0,0.018542,10.086292
1650,1055.000000,9.868709,2,0,0.013458,9.882167
1651,1055.033333,10.055833,2,0,0.010125,10.065958
1652,1055.066667,9.933917,2,0,0.016458,9.950375
1653,1055.100000,10.159250,2,0,0.012083,10.171333
1654,1055.133333,10.204667,2,0,0.013458,10.218125
1655,1055.166667,9.758792,2,0,0.010125,9.768917
1656,1055.200000,10.270167,2,0,0.009833,10.280000
1657,1055.233333,10.507250,2,0,0.009458,10.516708
1658,1055.266667,10.467708,2,0,0.009958,10.477666
1659,1055.300000,10.241958,2,0,0.017375,10.259333
1660,1055.333333,10.414542,2,0,0.017042,10.431584
1661,1055.366667,10.227416,2,0,0.012042,10.239458
1662,1055.400000,9.990542,2,0,0.017667,10.008209
1663,1055.433333,10.370958,2,0,0.008959,10.379917
1664,1055.466667,11.237500,2,0,0.011917,11.249417
1665,1055.500000,10.116375,2,0,0.016209,10.132584
1666,1055.533333,10.021083,2,0,0.008292,10.029375
1667,1055.566667,10.103417,2,0,0.008375,10.111792
1668,1055.600000,10.631125,2,0,0.010125,10.641250
1669,1055.633333,10.012750,2,0,0.008292,10.021042
1670,1055.666667,8.866292,2,0,0.007792,8.874084
1671,1055.700000,8.002666,2,0,0.008750,8.011416
1672,1055.733333,7.709083,2,0,0.013375,7.722458
1673,1055.766667,8.343833,2,0,0.030459,8.374292
1674,1055.800000,9.077875,2,0,0.010750,9.088625
1675,1055.833333,9.447583,2,0,0.006083,9.453666
1676,1055.866667,9.708416,2,0,0.015542,9.723958
1677,1055.900000,10.161125,2,0,0.009291,10.170416
1678,1055.933333,10.398125,2,0,0.010500,10.408625
1679,1055.966667,10.389541,2,0,0.012375,10.401916
1680,1056.000000,10.421708,2,0,0.006750,10.428458
1681,1056.033333,10.412125,2,0,0.005167,10.417292
1682,1056.066667,9.965375,2,0,0.011166,9.976541
1683,1056.100000,10.231875,2,0,0.011083,10.242958
1684,1056.133333,10.231334,2,0,0.008458,10.239792
1685,1056.166667,10.479875,2,0,0.010417,10.490292
1686,1056.200000,10.275208,2,0,0.010084,10.285292
1687,1056.233333,9.958583,2,0,0.011334,9.969917
1688,1056.266667,10.792875,2,0,0.011834,10.804709
1689,1056.300000,10.428542,2,0,0.012917,10.441459
1690,1056.333333,10.458417,2,0,0.011875,10.470292
1691,1056.366667,10.073416,2,0,0.011750,10.085166
1692,1056.400000,10.220833,2,0,0.011583,10.232416
1693,1056.433333,9.690375,2,0,0.009000,9.699375
1694,1056.466667,9.923417,2,0,0.015125,9.938542
1695,1056.500000,10.309917,2,0,0.011416,10.321333
1696,1056.533333,9.900458,2,0,0.011708,9.912166
1697,1056.566667,10.156750,2,0,0.005458,10.162208
1698,1056.600000,9.965083,2,0,0.012250,9.977333
1699,1056.633333,10.048917,2,0,0.009792,10.058709
1700,1056.666667,10.293292,2,0,0.011208,10.304500
1701,1056.700000,9.783042,2,0,0.009917,9.792959
1702,1056.733333,10.061041,2,0,0.017375,10.078416
1703,1056.766667,9.766792,2,0,0.019125,9.785917
1704,1056.800000,10.875209,2,0,0.018583,10.893792
1705,1056.833333,9.966167,2,0,0.009917,9.976084
1706,1056.866667,8.341792,2,0,0.007083,8.348875
1707,1056.900000,7.971375,2,0,0.009166,7.980541
1708,1056.933333,8.000458,2,0,0.009709,8.010167
1709,1056.966667,8.130667,2,0,0.013125,8.143792
1710,1057.000000,8.576625,2,0,0.016875,8.593500
1711,1057.033333,9.961000,2,0,0.008458,9.969458
1712,1057.066667,9.616250,2,0,0.008791,9.625041
1713,1057.100000,9.883500,2,0,0.005042,9.888542
1714,1057.133333,10.036500,2,0,0.006042,10.042542
1715,1057.166667,10.044250,2,0,0.016667,10.060917
1716,1057.200000,9.980875,2,0,0.004834,9.985709
1717,1057.233333,10.520083,2,0,0.010167,10.530250
1718,1057.266667,10.239459,2,0,0.009375,10.248834
1719,1057.300000,10.432166,2,0,0.009209,10.441375
1720,1057.333333,10.562917,2,0,0.014833,10.577750
1721,1057.366667,10.095541,2,0,0.018125,10.113666
1722,1057.400000,10.180916,2,0,0.008459,10.189375
1723,1057.433333,9.796084,2,0,0.007750,9.803834
1724,1057.466667,10.399375,2,0,0.020375,10.419750
1725,1057.500000,9.901958,2,0,0.009292,9.911250
1726,1057.533333,10.256834,2,0,0.013916,10.270750
1727,1057.566667,9.845458,2,0,0.008583,9.854041
1728,1057.600000,9.585708,2,0,0.011292,9.597000
1729,1057.633333,10.956292,2,0,0.005625,10.961917
1730,1057.666667,10.162958,2,0,0.009042,10.172000
1731,1057.700000,8.601167,2,0,0.005250,8.606417
1732,1057.733333,7.792000,2,0,0.024875,7.816875
1733,1057.766667,8.218625,2,0,0.009958,8.228583
1734,1057.800000,8.319208,2,0,0.010625,8.329833
1735,1057.833333,8.512166,2,0,0.007834,8.520000
1736,1057.866667,9.438542,2,0,0.011541,9.450083
1737,1057.900000,10.268250,2,0,0.008417,10.276667
1738,1057.933333,9.778500,2,0,0.005459,9.783959
1739,1057.966667,10.585291,2,0,0.007125,10.592416
1740,1058.000000,10.123625,2,0,0.012166,10.135791
1741,1058.033333,9.681875,2,0,0.019041,9.700916
1742,1058.066667,9.858708,2,0,0.008584,9.867292
1743,1058.100000,10.153125,2,0,0.010875,10.164000
1744,1058.133333,10.216875,2,0,0.009333,10.226208
1745,1058.166667,9.354291,2,0,0.019542,9.373833
1746,1058.200000,9.354750,2,0,0.018167,9.372917
1747,1058.233333,9.230542,2,0,0.010792,9.241334
1748,1058.266667,9.431916,2,0,0.008667,9.440583
1749,1058.300000,9.409167,2,0,0.011333,9.420500
1750,1058.333333,9.355458,2,0,0.016334,9.371792
1751,1058.366667,9.389417,2,0,0.011791,9.401208
1752,1058.400000,10.173375,2,0,0.010916,10.184291
1753,1058.433333,9.610792,2,0,0.009375,9.620167
1754,1058.466667,8.334083,2,0,0.010125,8.344208
1755,1058.500000,7.710042,2,0,0.017083,7.727125
1756,1058.533333,7.740458,2,0,0.018625,7.759083
1757,1058.566667,8.345625,2,0,0.010625,8.356250
1758,1058.600000,8.882125,2,0,0.013792,8.895917
1759,1058.633333,9.433291,2,0,0.012875,9.446166
1760,1058.666667,9.731792,2,0,0.016042,9.747834
1761,1058.700000,9.516083,2,0,0.011292,9.527375
1762,1058.733333,9.447833,2,0,0.011875,9.459708
1763,1058.766667,8.951292,2,0,0.009083,8.960375
1764,1058.800000,9.239416,2,0,0.017709,9.257125
1765,1058.833333,10.025000,2,0,0.010792,10.035792
1766,1058.866667,9.902042,2,0,0.012375,9.914417
1767,1058.900000,9.577458,2,0,0.008334,9.585792
1768,1058.933333,9.984583,2,0,0.014500,9.999083
1769,1058.966667,9.619958,2,0,0.009625,9.629583
1770,1059.000000,9.668167,2,0,0.013083,9.681250
1771,1059.033333,9.349542,2,0,0.012750,9.362292
1772,1059.066667,9.115417,2,0,0.014833,9.130250
1773,1059.100000,9.554916,2,0,0.012334,9.567250
1774,1059.133333,9.453625,2,0,0.008542,9.462167
1775,1059.166667,9.921125,2,0,0.009292,9.930417
1776,1059.200000,9.681458,2,0,0.016417,9.697875
1777,1059.233333,8.946500,2,0,0.009875,8.956375
1778,1059.266667,8.005292,2,0,0.011000,8.016292
1779,1059.300000,7.818625,2,0,0.013125,7.831750
1780,1059.333333,8.290333,2,0,0.018459,8.308792
1781,1059.366667,9.016042,2,0,0.009125,9.025167
1782,1059.400000,9.322708,2,0,0.011708,9.334416
1783,1059.433333,9.525500,2,0,0.015000,9.540500
1784,1059.466667,9.732291,2,0,0.010500,9.742791
1785,1059.500000,9.725958,2,0,0.009500,9.735458
1786,1059.533333,9.779459,2,0,0.009291,9.788750
1787,1059.566667,9.948250,2,0,0.008541,9.956791
1788,1059.600000,10.533791,2,0,0.004625,10.538416
1789,1059.633333,10.122583,2,0,0.010834,10.133417
1790,1059.666667,9.858542,2,0,0.008250,9.866792
1791,1059.700000,9.862792,2,0,0.009375,9.872167
1792,1059.733333,9.786417,2,0,0.019417,9.805834
1793,1059.766667,9.347459,2,0,0.014375,9.361834
1794,1059.800000,9.527583,2,0,0.011959,9.539542
1795,1059.833333,9.619875,2,0,0.008625,9.628500
1796,1059.866667,9.549083,2,0,0.010250,9.559333
1797,1059.900000,9.650459,2,0,0.009625,9.660084
1798,1059.933333,9.881958,2,0,0.011042,9.893000
1799,1059.966667,9.123166,2,0,0.005834,9.129000
1800,1060.000000,9.938792,2,0,0.018750,9.957542
1801,1060.033333,9.441583,2,0,0.012125,9.453708
1802,1060.066667,9.778500,2,0,0.009167,9.787667
1803,1060.100000,9.468291,2,0,0.009084,9.477375
1804,1060.133333,9.764750,2,0,0.010375,9.775125
1805,1060.166667,9.496209,2,0,0.012375,9.508584
1806,1060.200000,9.705583,2,0,0.006375,9.711958
1807,1060.233333,9.762375,2,0,0.009208,9.771583
1808,1060.266667,9.785459,2,0,0.011333,9.796792
1809,1060.300000,9.622375,2,0,0.005833,9.628208
1810,1060.333333,9.302959,2,0,0.012541,9.315500
1811,1060.366667,9.343708,2,0,0.017833,9.361541
1812,1060.400000,9.482125,2,0,0.015834,9.497959
1813,1060.433333,10.315084,2,0,0.007041,10.322125
1814,1060.466667,9.611083,2,0,0.008917,9.620000
1815,1060.500000,8.772875,2,0,0.010459,8.783334
1816,1060.533333,7.456000,2,0,0.009667,7.465667
1817,1060.566667,7.783292,2,0,0.019042,7.802334
1818,1060.600000,8.365500,2,0,0.015125,8.380625
1819,1060.633333,9.038459,2,0,0.008458,9.046917
1820,1060.666667,9.474125,2,0,0.011667,9.485792
1821,1060.700000,9.253042,2,0,0.010083,9.263125
1822,1060.733333,10.244750,2,0,0.008792,10.253542
1823,1060.766667,10.457042,2,0,0.009750,10.466792
1824,1060.800000,9.895208,2,0,0.011708,9.906916
1825,1060.833333,10.071834,2,0,0.008958,10.080792
1826,1060.866667,9.807334,2,0,0.018125,9.825459
1827,1060.900000,10.359458,2,0,0.011000,10.370458
1828,1060.933333,10.702583,2,0,0.012334,10.714917
1829,1060.966667,10.088083,2,0,0.008917,10.097000
1830,1061.000000,9.638625,2,0,0.019709,9.658334
1831,1061.033333,9.998958,2,0,0.010667,10.009625
1832,1061.066667,10.303416,2,0,0.015792,10.319208
1833,1061.100000,10.054000,2,0,0.011250,10.065250
1834,1061.133333,10.240125,2,0,0.018541,10.258666
1835,1061.166667,10.336959,2,0,0.019291,10.356250
1836,1061.200000,9.869541,2,0,0.009042,9.878583
1837,1061.233333,10.083250,2,0,0.009500,10.092750
1838,1061.266667,9.879750,2,0,0.008958,9.888708
1839,1061.300000,9.615625,2,0,0.008917,9.624542
1840,1061.333333,9.891625,2,0,0.010042,9.901667
1841,1061.366667,9.943334,2,0,0.010375,9.953709
1842,1061.400000,9.828125,2,0,0.012000,9.840125
1843,1061.433333,9.817667,2,0,0.009666,9.827333
1844,1061.466667,10.091333,2,0,0.015334,10.106667
1845,1061.500000,9.859584,2,0,0.011041,9.870625
1846,1061.533333,9.854208,2,0,0.009625,9.863833
1847,1061.566667,9.517208,2,0,0.018208,9.535416
1848,1061.600000,9.775000,2,0,0.014958,9.789958
1849,1061.633333,10.541334,2,0,0.009125,10.550459
1850,1061.666667,9.711291,2,0,0.014625,9.725916
1851,1061.700000,9.522958,2,0,0.011625,9.534583
1852,1061.733333,9.396500,2,0,0.009458,9.405958
1853,1061.766667,9.552625,2,0,0.013666,9.566291
1854,1061.800000,9.666375,2,0,0.014208,9.680583
1855,1061.833333,9.815875,2,0,0.015625,9.831500
1856,1061.866667,9.542834,2,0,0.013708,9.556542
1857,1061.900000,9.257375,2,0,0.009666,9.267041
1858,1061.933333,9.697042,2,0,0.011958,9.709000
1859,1061.966667,9.961042,2,0,0.007958,9.969000
1860,1062.000000,9.428458,2,0,0.009042,9.437500
1861,1062.033333,9.939125,2,0,0.016417,9.955542
1862,1062.066667,9.191458,2,0,0.003917,9.195375
1863,1062.100000,9.111584,2,0,0.016125,9.127709
1864,1062.133333,9.433875,2,0,0.009458,9.443333
1865,1062.166667,10.002834,2,0,0.005916,10.008750
1866,1062.200000,9.844250,2,0,0.009416,9.853666
1867,1062.233333,10.018584,2,0,0.014291,10.032875
1868,1062.266667,9.556708,2,0,0.008750,9.565458
1869,1062.300000,9.537625,2,0,0.006625,9.544250
1870,1062.333333,9.505083,2,0,0.009584,9.514667
1871,1062.366667,9.510916,2,0,0.007417,9.518333
1872,1062.400000,9.853625,2,0,0.010208,9.863833
1873,1062.433333,9.653041,2,0,0.009584,9.662625
1874,1062.466667,9.753500,2,0,0.012416,9.765916
1875,1062.500000,9.342417,2,0,0.009625,9.352042
1876,1062.533333,9.537958,2,0,0.014334,9.552292
1877,1062.566667,9.236375,2,0,0.008083,9.244458
1878,1062.600000,9.057459,2,0,0.009708,9.067167
1879,1062.633333,9.200083,2,0,0.007750,9.207833
1880,1062.666667,9.470750,2,0,0.018417,9.489167
1881,1062.700000,8.871209,2,0,0.004750,8.875959
1882,1062.733333,8.941625,2,0,0.007708,8.949333
1883,1062.766667,8.971333,2,0,0.009542,8.980875
1884,1062.800000,8.807750,2,0,0.014292,8.822042
1885,1062.833333,9.038292,2,0,0.010666,9.048958
1886,1062.866667,8.773625,2,0,0.010833,8.784458
1887,1062.900000,9.289375,2,0,0.010500,9.299875
1888,1062.933333,9.291917,2,0,0.010625,9.302542
1889,1062.966667,9.413666,2,0,0.012417,9.426083
1890,1063.000000,9.200000,2,0,0.016458,9.216458
1891,1063.033333,9.403417,2,0,0.015833,9.419250
1892,1063.066667,9.040083,2,0,0.005667,9.045750
1893,1063.100000,9.067000,2,0,0.009000,9.076000
1894,1063.133333,9.593875,2,0,0.008583,9.602458
1895,1063.166667,9.254000,2,0,0.008625,9.262625
1896,1063.200000,9.380000,2,0,0.017416,9.397416
1897,1063.233333,9.396000,2,0,0.009125,9.405125
1898,1063.266667,8.980583,2,0,0.011250,8.991833
1899,1063.300000,9.570000,2,0,0.010709,9.580709
1900,1063.333333,9.292125,2,0,0.010583,9.302708
1901,1063.366667,9.315542,2,0,0.017625,9.333167
1902,1063.400000,9.146042,2,0,0.010917,9.156959
1903,1063.433333,8.854875,2,0,0.010000,8.864875
1904,1063.466667,9.565458,2,0,0.014583,9.580041
1905,1063.500000,9.195084,2,0,0.020833,9.215917
1906,1063.533333,9.565625,2,0,0.010042,9.575667
1907,1063.566667,10.485125,2,0,0.020333,10.505458
1908,1063.600000,10.689458,2,0,0.009209,10.698667
1909,1063.633333,8.401708,2,0,0.005125,8.406833
1910,1063.666667,8.095917,2,0,0.018083,8.114000
1911,1063.700000,8.482625,2,0,0.016792,8.499417
1912,1063.733333,9.018541,2,0,0.007417,9.025958
1913,1063.766667,9.669500,2,0,0.006500,9.676000
1914,1063.800000,9.969333,2,0,0.015875,9.985208
1915,1063.833333,10.099000,2,0,0.008500,10.107500
1916,1063.866667,10.314417,2,0,0.018000,10.332417
1917,1063.900000,10.427542,2,0,0.009583,10.437125
1918,1063.933333,10.912708,2,0,0.009000,10.921708
1919,1063.966667,10.556417,2,0,0.010083,10.566500
1920,1064.000000,10.606833,2,0,0.011292,10.618125
1921,1064.033333,10.828625,2,0,0.017917,10.846542
1922,1064.066667,10.081583,2,0,0.017833,10.099416
1923,1064.100000,9.933834,2,0,0.007000,9.940834
1924,1064.133333,10.483667,2,0,0.008167,10.491834
1925,1064.166667,10.833667,2,0,0.009375,10.843042
1926,1064.200000,10.435125,2,0,0.009334,10.444459
1927,1064.233333,10.932083,2,0,0.009792,10.941875
1928,1064.266667,10.816750,2,0,0.017875,10.834625
1929,1064.300000,10.699167,2,0,0.009208,10.708375
1930,1064.333333,10.516167,2,0,0.010791,10.526958
1931,1064.366667,9.996292,2,0,0.007375,10.003667
1932,1064.400000,10.156291,2,0,0.012209,10.168500
1933,1064.433333,10.362292,2,0,0.008583,10.370875
1934,1064.466667,10.068000,2,0,0.011084,10.079084
1935,1064.500000,10.148833,2,0,0.010084,10.158917
1936,1064.533333,9.998625,2,0,0.012917,10.011542
1937,1064.566667,10.002375,2,0,0.013000,10.015375
1938,1064.600000,10.048583,2,0,0.012833,10.061416
1939,1064.633333,9.712917,2,0,0.004458,9.717375
1940,1064.666667,9.836208,2,0,0.018375,9.854583
1941,1064.700000,9.920041,2,0,0.010959,9.931000
1942,1064.733333,9.843458,2,0,0.017542,9.861000
1943,1064.766667,10.158458,2,0,0.014000,10.172458
1944,1064.800000,10.325000,2,0,0.010291,10.335291
1945,1064.833333,9.834041,2,0,0.009250,9.843291
1946,1064.866667,10.209875,2,0,0.012459,10.222334
1947,1064.900000,10.035917,2,0,0.006500,10.042417
1948,1064.933333,9.812125,2,0,0.010250,9.822375
1949,1064.966667,9.546000,2,0,0.005541,9.551541
1950,1065.000000,9.757083,2,0,0.014959,9.772042
1951,1065.033333,9.744542,2,0,0.006000,9.750542
1952,1065.066667,9.783417,2,0,0.005542,9.788959
1953,1065.100000,9.664666,2,0,0.012042,9.676708
1954,1065.133333,9.758625,2,0,0.016541,9.775166
1955,1065.166667,10.039292,2,0,0.009083,10.048375
1956,1065.200000,9.899541,2,0,0.011667,9.911208
1957,1065.233333,9.705334,2,0,0.017583,9.722917
1958,1065.266667,9.802459,2,0,0.010208,9.812667
1959,1065.300000,9.348833,2,0,0.009667,9.358500
1960,1065.333333,10.043041,2,0,0.014417,10.057458
1961,1065.366667,9.833875,2,0,0.018958,9.852833
1962,1065.400000,9.631708,2,0,0.009375,9.641083
1963,1065.433333,9.765667,2,0,0.010042,9.775709
1964,1065.466667,10.024792,2,0,0.016000,10.040792
1965,1065.500000,9.278167,2,0,0.009292,9.287459
1966,1065.533333,9.611791,2,0,0.017959,9.629750
1967,1065.566667,9.535834,2,0,0.009166,9.545000
1968,1065.600000,9.585709,2,0,0.016916,9.602625
1969,1065.633333,9.454709,2,0,0.009916,9.464625
1970,1065.666667,9.607375,2,0,0.014416,9.621791
1971,1065.700000,9.830208,2,0,0.013792,9.844000
1972,1065.733333,9.588417,2,0,0.010500,9.598917
1973,1065.766667,9.680250,2,0,0.011375,9.691625
1974,1065.800000,9.582709,2,0,0.009083,9.591792
1975,1065.833333,9.977209,2,0,0.009416,9.986625
1976,1065.866667,9.366708,2,0,0.017042,9.383750
1977,1065.900000,9.221667,2,0,0.009875,9.231542
1978,1065.933333,9.631625,2,0,0.016750,9.648375
1979,1065.966667,9.605250,2,0,0.010166,9.615416
1980,1066.000000,9.529833,2,0,0.009375,9.539208
1981,1066.033333,9.520583,2,0,0.017167,9.537750
1982,1066.066667,9.499250,2,0,0.009791,9.509041
1983,1066.100000,9.596833,2,0,0.010875,9.607708
1984,1066.133333,9.405208,2,0,0.013042,9.418250
1985,1066.166667,9.498917,2,0,0.005291,9.504208
1986,1066.200000,9.537083,2,0,0.009667,9.546750
1987,1066.233333,9.718292,2,0,0.010292,9.728584
1988,1066.266667,9.499459,2,0,0.010000,9.509459
1989,1066.300000,9.141250,2,0,0.008958,9.150208
1990,1066.333333,9.163917,2,0,0.017666,9.181583
1991,1066.366667,9.136542,2,0,0.007625,9.144167
1992,1066.400000,9.363584,2,0,0.014875,9.378459
1993,1066.433333,9.493458,2,0,0.009167,9.502625
1994,1066.466667,9.458875,2,0,0.007292,9.466167
1995,1066.500000,9.266125,2,0,0.010291,9.276416
1996,1066.533333,9.566917,2,0,0.010917,9.577834
1997,1066.566667,10.157000,2,0,0.011458,10.168458
1998,1066.600000,10.447667,2,0,0.007416,10.455083
1999,1066.633333,8.325792,2,0,0.008000,8.333792
2000,1066.666667,8.588541,2,0,0.015584,8.604125
2001,1066.700000,9.378416,2,0,0.008000,9.386416
2002,1066.733333,9.620791,2,0,0.015209,9.636000
2003,1066.766667,9.473792,2,0,0.010208,9.484000
2004,1066.800000,9.344542,2,0,0.010167,9.354709
2005,1066.833333,10.001292,2,0,0.010542,10.011834
2006,1066.866667,10.218917,2,0,0.011916,10.230833
2007,1066.900000,10.682834,2,0,0.008791,10.691625
2008,1066.933333,10.399459,2,0,0.016833,10.416292
2009,1066.966667,10.733167,2,0,0.006875,10.740042
2010,1067.000000,10.905209,2,0,0.016125,10.921334
2011,1067.033333,10.527333,2,0,0.017625,10.544958
2012,1067.066667,10.374084,2,0,0.005083,10.379167
2013,1067.100000,8.703333,2,0,0.005833,8.709166
2014,1067.133333,10.643875,2,0,0.011542,10.655417
2015,1067.166667,10.149750,2,0,0.011000,10.160750
2016,1067.200000,9.448041,2,0,0.020125,9.468166
2017,1067.233333,10.303291,2,0,0.012167,10.315458
2018,1067.266667,10.504708,2,0,0.005542,10.510250
2019,1067.300000,9.983125,2,0,0.011833,9.994958
2020,1067.333333,9.947500,2,0,0.012000,9.959500
2021,1067.366667,9.992625,2,0,0.009708,10.002333
2022,1067.400000,9.791416,2,0,0.010250,9.801666
2023,1067.433333,10.109417,2,0,0.010333,10.119750
2024,1067.466667,11.028250,2,0,0.005833,11.034083
2025,1067.500000,9.852208,2,0,0.008458,9.860666
2026,1067.533333,9.827666,2,0,0.009959,9.837625
2027,1067.566667,9.517750,2,0,0.009709,9.527459
2028,1067.600000,9.578291,2,0,0.005167,9.583458
2029,1067.633333,10.381750,2,0,0.010083,10.391833
2030,1067.666667,10.308250,2,0,0.020875,10.329125
2031,1067.700000,10.968167,2,0,0.017083,10.985250
2032,1067.733333,9.599875,2,0,0.010167,9.610042
2033,1067.766667,9.682542,2,0,0.007333,9.689875
2034,1067.800000,9.618375,2,0,0.009833,9.628208
2035,1067.833333,10.346791,2,0,0.016250,10.363041
2036,1067.866667,10.449583,2,0,0.013334,10.462917
2037,1067.900000,9.370541,2,0,0.013709,9.384250
2038,1067.933333,9.069500,2,0,0.009834,9.079334
2039,1067.966667,9.712708,2,0,0.018917,9.731625
2040,1068.000000,9.266875,2,0,0.011417,9.278292
2041,1068.033333,9.288084,2,0,0.008250,9.296334
2042,1068.066667,9.146041,2,0,0.009875,9.155916
2043,1068.100000,10.526334,2,0,0.008083,10.534417
2044,1068.133333,8.805542,2,0,0.013958,8.819500
2045,1068.166667,9.159000,2,0,0.009667,9.168667
2046,1068.200000,9.466583,2,0,0.018875,9.485458
2047,1068.233333,9.345917,2,0,0.011583,9.357500
2048,1068.266667,9.859541,2,0,0.012125,9.871666
2049,1068.300000,9.755084,2,0,0.018500,9.773584
2050,1068.333333,9.666250,2,0,0.012167,9.678417
2051,1068.366667,8.919833,2,0,0.012458,8.932291
2052,1068.400000,8.765500,2,0,0.011417,8.776917
2053,1068.433333,9.011333,2,0,0.016709,9.028042
2054,1068.466667,9.052458,2,0,0.010709,9.063167
2055,1068.500000,9.234792,2,0,0.013625,9.248417
2056,1068.533333,8.793959,2,0,0.009833,8.803792
2057,1068.566667,8.961000,2,0,0.007916,8.968916
2058,1068.600000,9.415000,2,0,0.017708,9.432708
2059,1068.633333,9.933917,2,0,0.005916,9.939833
2060,1068.666667,8.964833,2,0,0.008833,8.973666
2061,1068.700000,8.994500,2,0,0.010958,9.005458
2062,1068.733333,8.624667,2,0,0.014541,8.639208
2063,1068.766667,8.228375,2,0,0.013333,8.241708
2064,1068.800000,9.135042,2,0,0.006792,9.141834
2065,1068.833333,8.890208,2,0,0.008750,8.898958
2066,1068.866667,7.671000,2,0,0.007541,7.678541
2067,1068.900000,8.014833,2,0,0.012375,8.027208
2068,1068.933333,8.546208,2,0,0.009292,8.555500
2069,1068.966667,9.116625,2,0,0.010916,9.127541
2070,1069.000000,8.838291,2,0,0.005542,8.843833
2071,1069.033333,9.584917,2,0,0.012417,9.597334
2072,1069.066667,9.951125,2,0,0.009917,9.961042
2073,1069.100000,9.682250,2,0,0.010000,9.692250
2074,1069.133333,9.626250,2,0,0.011792,9.638042
2075,1069.166667,9.874667,2,0,0.010291,9.884958
2076,1069.200000,9.609583,2,0,0.005750,9.615333
2077,1069.233333,9.998708,2,0,0.007000,10.005708
2078,1069.266667,9.650542,2,0,0.016541,9.667083
2079,1069.300000,9.826666,2,0,0.009000,9.835666
2080,1069.333333,9.633708,2,0,0.012625,9.646333
2081,1069.366667,10.013500,2,0,0.011875,10.025375
2082,1069.400000,10.250541,2,0,0.012584,10.263125
2083,1069.433333,9.739375,2,0,0.010125,9.749500
2084,1069.466667,9.578875,2,0,0.004000,9.582875
2085,1069.500000,9.765125,2,0,0.009583,9.774708
2086,1069.533333,9.263625,2,0,0.012042,9.275667
2087,1069.566667,9.606250,2,0,0.018833,9.625083
2088,1069.600000,8.838167,2,0,0.011000,8.849167
2089,1069.633333,9.285958,2,0,0.017458,9.303416
2090,1069.666667,9.410250,2,0,0.013000,9.423250
2091,1069.700000,9.275958,2,0,0.013084,9.289042
2092,1069.733333,8.970833,2,0,0.013417,8.984250
2093,1069.766667,9.027125,2,0,0.014459,9.041584
2094,1069.800000,9.541125,2,0,0.008750,9.549875
2095,1069.833333,8.905708,2,0,0.010500,8.916208
2096,1069.866667,9.293417,2,0,0.012750,9.306167
2097,1069.900000,9.080708,2,0,0.010083,9.090791
2098,1069.933333,8.881250,2,0,0.005292,8.886542
2099,1069.966667,9.112709,2,0,0.008333,9.121042
2100,1070.000000,9.237750,2,0,0.013417,9.251167
2101,1070.033333,9.015833,2,0,0.016792,9.032625
2102,1070.066667,9.058125,2,0,0.019209,9.077334
2103,1070.100000,9.065833,2,0,0.011000,9.076833
2104,1070.133333,8.680334,2,0,0.010916,8.691250
2105,1070.166667,6.711917,2,0,0.005208,6.717125
2106,1070.200000,9.651916,2,0,0.012334,9.664250
2107,1070.233333,9.768416,2,0,0.017042,9.785458
2108,1070.266667,9.618750,2,0,0.009083,9.627833
2109,1070.300000,8.950209,2,0,0.012208,8.962417
2110,1070.333333,9.431584,2,0,0.010541,9.442125
2111,1070.366667,9.010125,2,0,0.010292,9.020417
2112,1070.400000,9.055708,2,0,0.015584,9.071292
2113,1070.433333,8.858208,2,0,0.010584,8.868792
2114,1070.466667,9.733916,2,0,0.010000,9.743916
2115,1070.500000,9.427167,2,0,0.013375,9.440542
2116,1070.533333,9.787458,2,0,0.010917,9.798375
2117,1070.566667,8.876083,2,0,0.008458,8.884541
2118,1070.600000,9.882834,2,0,0.012208,9.895042
2119,1070.633333,9.979375,2,0,0.008709,9.988084
2120,1070.666667,7.642292,2,0,0.021375,7.663667
2121,1070.700000,8.065250,2,0,0.016958,8.082208
2122,1070.733333,8.586417,2,0,0.019417,8.605834
2123,1070.766667,9.253292,2,0,0.019125,9.272417
2124,1070.800000,8.981667,2,0,0.017625,8.999292
2125,1070.833333,9.545542,2,0,0.017375,9.562917
2126,1070.866667,9.605500,2,0,0.017583,9.623083
2127,1070.900000,9.639459,2,0,0.009708,9.649167
2128,1070.933333,9.873750,2,0,0.018916,9.892666
2129,1070.966667,9.850500,2,0,0.018292,9.868792
2130,1071.000000,9.731958,2,0,0.011709,9.743667
2131,1071.033333,9.427375,2,0,0.014500,9.441875
2132,1071.066667,9.524000,2,0,0.008000,9.532000
2133,1071.100000,9.741417,2,0,0.011208,9.752625
2134,1071.133333,10.120208,2,0,0.009667,10.129875
2135,1071.166667,10.017833,2,0,0.014459,10.032292
2136,1071.200000,9.532666,2,0,0.011125,9.543791
2137,1071.233333,9.901667,2,0,0.017458,9.919125
2138,1071.266667,9.243041,2,0,0.012417,9.255458
2139,1071.300000,9.467041,2,0,0.010667,9.477708
2140,1071.333333,9.563959,2,0,0.009416,9.573375
2141,1071.366667,9.406875,2,0,0.015125,9.422000
2142,1071.400000,9.514708,2,0,0.010625,9.525333
2143,1071.433333,9.712083,2,0,0.010458,9.722541
2144,1071.466667,9.734792,2,0,0.008958,9.743750
2145,1071.500000,9.886458,2,0,0.010083,9.896541
2146,1071.533333,9.570500,2,0,0.011500,9.582000
2147,1071.566667,9.530958,2,0,0.009417,9.540375
2148,1071.600000,9.623583,2,0,0.007209,9.630792
2149,1071.633333,9.187708,2,0,0.013250,9.200958
2150,1071.666667,9.431541,2,0,0.018625,9.450166
2151,1071.700000,9.287000,2,0,0.009625,9.296625
2152,1071.733333,9.299667,2,0,0.010500,9.310167
2153,1071.766667,8.942292,2,0,0.010166,8.952458
2154,1071.800000,8.967542,2,0,0.013791,8.981333
2155,1071.833333,8.861084,2,0,0.008166,8.869250
2156,1071.866667,9.154792,2,0,0.010125,9.164917
2157,1071.900000,9.504667,2,0,0.011791,9.516458
2158,1071.933333,9.200125,2,0,0.010917,9.211042
2159,1071.966667,8.487250,2,0,0.006167,8.493417
2160,1072.000000,8.452375,2,0,0.010833,8.463208
2161,1072.033333,8.628459,2,0,0.011625,8.640084
2162,1072.066667,9.563500,2,0,0.009000,9.572500
2163,1072.100000,9.334042,2,0,0.011916,9.345958
2164,1072.133333,8.438125,2,0,0.009542,8.447667
2165,1072.166667,8.784750,2,0,0.008209,8.792959
2166,1072.200000,9.035584,2,0,0.017583,9.053167
2167,1072.233333,9.870875,2,0,0.009958,9.880833
2168,1072.266667,9.032625,2,0,0.010083,9.042708
2169,1072.300000,8.235667,2,0,0.014000,8.249667
2170,1072.333333,8.435958,2,0,0.042417,8.478375
2171,1072.366667,8.559209,2,0,0.015875,8.575084
2172,1072.400000,8.141625,2,0,0.012666,8.154291
2173,1072.433333,8.879000,2,0,0.011167,8.890167
2174,1072.466667,8.885375,2,0,0.006667,8.892042
2175,1072.500000,9.241958,2,0,0.007417,9.249375
2176,1072.533333,9.119250,2,0,0.010916,9.130166
2177,1072.566667,8.495583,2,0,0.009917,8.505500
2178,1072.600000,9.627083,2,0,0.011208,9.638291
2179,1072.633333,8.833667,2,0,0.009208,8.842875
2180,1072.666667,9.077333,2,0,0.014084,9.091417
2181,1072.700000,8.923417,2,0,0.007875,8.931292
2182,1072.733333,10.502500,2,0,0.009833,10.512333
2183,1072.766667,9.114166,2,0,0.020417,9.134583
2184,1072.800000,7.334208,2,0,0.007417,7.341625
2185,1072.833333,7.272125,2,0,0.007042,7.279167
2186,1072.866667,7.553458,2,0,0.008958,7.562416
2187,1072.900000,7.859042,2,0,0.008708,7.867750
2188,1072.933333,8.722417,2,0,0.022458,8.744875
2189,1072.966667,9.002708,2,0,0.009959,9.012667
2190,1073.000000,7.847750,2,0,0.023250,7.871000
2191,1073.033333,8.110917,2,0,0.008542,8.119459
2192,1073.066667,8.725084,2,0,0.004750,8.729834
2193,1073.100000,9.999500,2,0,0.009084,10.008584
2194,1073.133333,9.608959,2,0,0.009458,9.618417
2195,1073.166667,10.805083,2,0,0.009083,10.814166
2196,1073.200000,10.207042,2,0,0.006542,10.213584
2197,1073.233333,11.061791,2,0,0.013875,11.075666
2198,1073.266667,10.025833,2,0,0.017125,10.042958
2199,1073.300000,10.224333,2,0,0.015167,10.239500
2200,1073.333333,10.285750,2,0,0.009458,10.295208
2201,1073.366667,10.622958,2,0,0.013083,10.636041
2202,1073.400000,10.496875,2,0,0.009541,10.506416
2203,1073.433333,9.925791,2,0,0.009042,9.934833
2204,1073.466667,9.879625,2,0,0.012000,9.891625
2205,1073.500000,9.850250,2,0,0.012292,9.862542
2206,1073.533333,10.330167,2,0,0.007083,10.337250
2207,1073.566667,10.403833,2,0,0.008459,10.412292
2208,1073.600000,9.857917,2,0,0.004958,9.862875
2209,1073.633333,9.993584,2,0,0.016750,10.010334
2210,1073.666667,10.002750,2,0,0.012208,10.014958
2211,1073.700000,10.288167,2,0,0.009792,10.297959
2212,1073.733333,9.904042,2,0,0.009083,9.913125
2213,1073.766667,9.875125,2,0,0.016750,9.891875
2214,1073.800000,9.618208,2,0,0.006250,9.624458
2215,1073.833333,10.116167,2,0,0.008750,10.124917
2216,1073.866667,10.401750,2,0,0.010375,10.412125
2217,1073.900000,10.358208,2,0,0.010042,10.368250
2218,1073.933333,10.318250,2,0,0.014541,10.332791
2219,1073.966667,10.022667,2,0,0.008625,10.031292
2220,1074.000000,10.217625,2,0,0.009458,10.227083
2221,1074.033333,9.961917,2,0,0.008208,9.970125
2222,1074.066667,9.703334,2,0,0.019958,9.723292
2223,1074.100000,9.905583,2,0,0.011792,9.917375
2224,1074.133333,10.123791,2,0,0.011667,10.135458
2225,1074.166667,9.979042,2,0,0.009542,9.988584
2226,1074.200000,9.776708,2,0,0.011750,9.788458
2227,1074.233333,10.392125,2,0,0.009208,10.401333
2228,1074.266667,10.139875,2,0,0.012959,10.152834
2229,1074.300000,10.336083,2,0,0.017875,10.353958
2230,1074.333333,10.301459,2,0,0.015291,10.316750
2231,1074.366667,9.855417,2,0,0.009666,9.865083
2232,1074.400000,9.768291,2,0,0.011875,9.780166
2233,1074.433333,10.051417,2,0,0.006458,10.057875
2234,1074.466667,9.712958,2,0,0.009750,9.722708
2235,1074.500000,10.152792,2,0,0.010166,10.162958
2236,1074.533333,10.109083,2,0,0.011875,10.120958
2237,1074.566667,9.905458,2,0,0.009583,9.915041
2238,1074.600000,10.231834,2,0,0.006500,10.238334
2239,1074.633333,9.982375,2,0,0.015084,9.997459
2240,1074.666667,10.244000,2,0,0.010666,10.254666
2241,1074.700000,10.063042,2,0,0.011000,10.074042
2242,1074.733333,10.860208,2,0,0.008708,10.868916
2243,1074.766667,10.182416,2,0,0.011792,10.194208
2244,1074.800000,10.027375,2,0,0.010333,10.037708
2245,1074.833333,10.159166,2,0,0.011084,10.170250
2246,1074.866667,9.364125,2,0,0.008666,9.372791
2247,1074.900000,8.434292,2,0,0.007083,8.441375
2248,1074.933333,8.517917,2,0,0.007166,8.525083
2249,1074.966667,10.426709,2,0,0.010791,10.437500
2250,1075.000000,7.538417,2,0,0.004958,7.543375
2251,1075.033333,8.902417,2,0,0.018167,8.920584
2252,1075.066667,9.068292,2,0,0.014791,9.083083
2253,1075.100000,10.492583,2,0,0.018125,10.510708
2254,1075.133333,9.891625,2,0,0.009250,9.900875
2255,1075.166667,9.988458,2,0,0.007292,9.995750
2256,1075.200000,11.014667,2,0,0.015333,11.030000
2257,1075.233333,11.045958,2,0,0.009417,11.055375
2258,1075.266667,9.989583,2,0,0.005583,9.995166
2259,1075.300000,10.573709,2,0,0.008958,10.582667
2260,1075.333333,10.511792,2,0,0.017917,10.529709
2261,1075.366667,11.091458,2,0,0.013834,11.105292
2262,1075.400000,10.718583,2,0,0.015083,10.733666
2263,1075.433333,10.122459,2,0,0.006041,10.128500
2264,1075.466667,11.352417,2,0,0.010542,11.362959
2265,1075.500000,10.420500,2,0,0.014667,10.435167
2266,1075.533333,10.805667,2,0,0.015833,10.821500
2267,1075.566667,10.927334,2,0,0.020458,10.947792
2268,1075.600000,10.619542,2,0,0.019000,10.638542
2269,1075.633333,10.539000,2,0,0.012834,10.551834
2270,1075.666667,11.122041,2,0,0.018459,11.140500
2271,1075.700000,9.990208,2,0,0.005834,9.996042
2272,1075.733333,10.499042,2,0,0.010833,10.509875
2273,1075.766667,10.556458,2,0,0.010000,10.566458
2274,1075.800000,10.471042,2,0,0.014458,10.485500
2275,1075.833333,10.299500,2,0,0.016792,10.316292
2276,1075.866667,10.520375,2,0,0.006209,10.526584
2277,1075.900000,10.227375,2,0,0.009541,10.236916
2278,1075.933333,10.277292,2,0,0.011458,10.288750
2279,1075.966667,11.249791,2,0,0.010250,11.260041
2280,1076.000000,10.235167,2,0,0.017458,10.252625
2281,1076.033333,11.013541,2,0,0.004417,11.017958
2282,1076.066667,10.101750,2,0,0.010000,10.111750
2283,1076.100000,9.949375,2,0,0.015917,9.965292
2284,1076.133333,10.232583,2,0,0.015000,10.247583
2285,1076.166667,11.537875,2,0,0.015042,11.552917
2286,1076.200000,10.683584,2,0,0.010625,10.694209
2287,1076.233333,11.560917,2,0,0.007875,11.568792
2288,1076.266667,9.247167,2,0,0.004542,9.251709
2289,1076.300000,10.950083,2,0,0.011084,10.961167
2290,1076.333333,10.619333,2,0,0.016000,10.635333
2291,1076.366667,10.473833,2,0,0.013625,10.487458
2292,1076.400000,10.527291,2,0,0.009667,10.536958
2293,1076.433333,10.410666,2,0,0.006292,10.416958
2294,1076.466667,10.550750,2,0,0.009375,10.560125
2295,1076.500000,10.606625,2,0,0.009333,10.615958
2296,1076.533333,10.834375,2,0,0.018708,10.853083
2297,1076.566667,10.768750,2,0,0.010792,10.779542
2298,1076.600000,10.389208,2,0,0.007625,10.396833
2299,1076.633333,10.393542,2,0,0.009958,10.403500
2300,1076.666667,10.280041,2,0,0.015542,10.295583
2301,1076.700000,10.623250,2,0,0.018375,10.641625
2302,1076.733333,11.104542,2,0,0.018667,11.123209
2303,1076.766667,10.735042,2,0,0.012583,10.747625
2304,1076.800000,10.651000,2,0,0.012000,10.663000
2305,1076.833333,10.698625,2,0,0.012500,10.711125
2306,1076.866667,10.959000,2,0,0.015875,10.974875
2307,1076.900000,10.856041,2,0,0.012125,10.868166
2308,1076.933333,10.633958,2,0,0.008208,10.642166
2309,1076.966667,10.767750,2,0,0.011750,10.779500
2310,1077.000000,10.610958,2,0,0.010000,10.620958
2311,1077.033333,11.003167,2,0,0.011458,11.014625
2312,1077.066667,10.679834,2,0,0.008583,10.688417
2313,1077.100000,10.685541,2,0,0.010084,10.695625
2314,1077.133333,10.941417,2,0,0.009083,10.950500
2315,1077.166667,10.378833,2,0,0.009042,10.387875
2316,1077.200000,11.250000,2,0,0.016833,11.266833
2317,1077.233333,10.696959,2,0,0.017291,10.714250
2318,1077.266667,10.569959,2,0,0.011083,10.581042
2319,1077.300000,10.696541,2,0,0.012042,10.708583
2320,1077.333333,11.327875,2,0,0.008166,11.336041
2321,1077.366667,11.182084,2,0,0.016375,11.198459
2322,1077.400000,11.034875,2,0,0.008666,11.043541
2323,1077.433333,10.670833,2,0,0.012709,10.683542
2324,1077.466667,10.629041,2,0,0.018584,10.647625
2325,1077.500000,10.724625,2,0,0.013459,10.738084
2326,1077.533333,11.223209,2,0,0.008000,11.231209
2327,1077.566667,10.629458,2,0,0.009333,10.638791
2328,1077.600000,11.053292,2,0,0.009333,11.062625
2329,1077.633333,10.591916,2,0,0.021125,10.613041
2330,1077.666667,11.025250,2,0,0.012583,11.037833
2331,1077.700000,10.537250,2,0,0.009875,10.547125
2332,1077.733333,11.509708,2,0,0.012209,11.521917
2333,1077.766667,10.805500,2,0,0.012500,10.818000
2334,1077.800000,10.989667,2,0,0.009041,10.998708
2335,1077.833333,10.887833,2,0,0.009500,10.897333
2336,1077.866667,10.935333,2,0,0.012292,10.947625
2337,1077.900000,10.929209,2,0,0.015791,10.945000
2338,1077.933333,10.884208,2,0,0.008750,10.892958
2339,1077.966667,10.894834,2,0,0.015000,10.909834
2340,1078.000000,11.296208,2,0,0.012625,11.308833
2341,1078.033333,11.061708,2,0,0.009125,11.070833
2342,1078.066667,10.785708,2,0,0.019709,10.805417
2343,1078.100000,10.902083,2,0,0.017500,10.919583
2344,1078.133333,10.782833,2,0,0.011083,10.793916
2345,1078.166667,11.353875,2,0,0.009083,11.362958
2346,1078.200000,11.062959,2,0,0.009000,11.071959
2347,1078.233333,11.232375,2,0,0.015375,11.247750
2348,1078.266667,10.846000,2,0,0.013000,10.859000
2349,1078.300000,10.906833,2,0,0.009875,10.916708
2350,1078.333333,10.693292,2,0,0.019083,10.712375
2351,1078.366667,10.835166,2,0,0.008375,10.843541
2352,1078.400000,11.131667,2,0,0.011917,11.143584
2353,1078.433333,10.596667,2,0,0.009666,10.606333
2354,1078.466667,11.208417,2,0,0.010458,11.218875
2355,1078.500000,10.745667,2,0,0.010500,10.756167
2356,1078.533333,11.037084,2,0,0.011541,11.048625
2357,1078.566667,11.221208,2,0,0.009500,11.230708
2358,1078.600000,11.145750,2,0,0.011417,11.157167
2359,1078.633333,11.986292,2,0,0.013375,11.999667
2360,1078.666667,11.093167,2,0,0.005875,11.099042
2361,1078.700000,11.044708,2,0,0.011750,11.056458
2362,1078.733333,11.080041,2,0,0.008750,11.088791
2363,1078.766667,11.466833,2,0,0.011875,11.478708
2364,1078.800000,10.875541,2,0,0.020459,10.896000
2365,1078.833333,10.641500,2,0,0.010959,10.652459
2366,1078.866667,11.102250,2,0,0.008292,11.110542
2367,1078.900000,10.827583,2,0,0.010375,10.837958
2368,1078.933333,10.975083,2,0,0.017333,10.992416
2369,1078.966667,10.919416,2,0,0.019042,10.938458
2370,1079.000000,10.589875,2,0,0.011625,10.601500
2371,1079.033333,10.507375,2,0,0.009042,10.516417
2372,1079.066667,10.887584,2,0,0.005458,10.893042
2373,1079.100000,11.317167,2,0,0.013458,11.330625
2374,1079.133333,10.827792,2,0,0.011166,10.838958
2375,1079.166667,10.904500,2,0,0.005083,10.909583
2376,1079.200000,10.940083,2,0,0.011209,10.951292
2377,1079.233333,10.941125,2,0,0.009541,10.950666
2378,1079.266667,10.928917,2,0,0.007541,10.936458
2379,1079.300000,10.764791,2,0,0.011500,10.776291
2380,1079.333333,11.894291,2,0,0.010709,11.905000
2381,1079.366667,11.738583,2,0,0.014042,11.752625
2382,1079.400000,10.878625,2,0,0.011166,10.889791
2383,1079.433333,11.025250,2,0,0.010916,11.036166
2384,1079.466667,10.644417,2,0,0.015667,10.660084
2385,1079.500000,10.972625,2,0,0.010084,10.982709
2386,1079.533333,11.502417,2,0,0.008208,11.510625
2387,1079.566667,11.117625,2,0,0.012834,11.130459
2388,1079.600000,11.307542,2,0,0.010625,11.318167
2389,1079.633333,10.525334,2,0,0.010958,10.536292
2390,1079.666667,11.096834,2,0,0.004458,11.101292
2391,1079.700000,11.027375,2,0,0.008833,11.036208
2392,1079.733333,10.961292,2,0,0.011166,10.972458
2393,1079.766667,11.061583,2,0,0.015500,11.077083
2394,1079.800000,10.769958,2,0,0.015250,10.785208
2395,1079.833333,11.349750,2,0,0.015583,11.365333
2396,1079.866667,10.825750,2,0,0.007750,10.833500
2397,1079.900000,11.079292,2,0,0.016416,11.095708
2398,1079.933333,11.108250,2,0,0.009875,11.118125
2399,1079.966667,11.274250,2,0,0.009292,11.283542
2400,1080.000000,11.173750,2,0,0.017750,11.191500
2401,1080.033333,11.990750,2,0,0.009000,11.999750
2402,1080.066667,11.692167,2,0,0.004708,11.696875
2403,1080.100000,10.473084,2,0,0.004625,10.477709
2404,1080.133333,10.533334,2,0,0.015000,10.548334
2405,1080.166667,11.838625,2,0,0.009375,11.848000
2406,1080.200000,11.016667,2,0,0.014000,11.030667
2407,1080.233333,11.148500,2,0,0.018375,11.166875
2408,1080.266667,11.378375,2,0,0.013709,11.392084
2409,1080.300000,11.326333,2,0,0.012417,11.338750
2410,1080.333333,10.643042,2,0,0.011416,10.654458
2411,1080.366667,10.821584,2,0,0.012166,10.833750
2412,1080.400000,10.658625,2,0,0.009000,10.667625
2413,1080.433333,11.346750,2,0,0.017250,11.364000
2414,1080.466667,11.555959,2,0,0.009375,11.565334
2415,1080.500000,10.741208,2,0,0.011958,10.753166
2416,1080.533333,11.215000,2,0,0.009500,11.224500
2417,1080.566667,11.192584,2,0,0.017166,11.209750
2418,1080.600000,11.530541,2,0,0.017459,11.548000
2419,1080.633333,10.718625,2,0,0.012334,10.730959
2420,1080.666667,10.895333,2,0,0.012875,10.908208
2421,1080.700000,10.920208,2,0,0.011250,10.931458
2422,1080.733333,11.641333,2,0,0.017667,11.659000
2423,1080.766667,10.605708,2,0,0.008958,10.614666
2424,1080.800000,10.867584,2,0,0.011291,10.878875
2425,1080.833333,10.453541,2,0,0.005250,10.458791
2426,1080.866667,10.719500,2,0,0.014667,10.734167
2427,1080.900000,10.576000,2,0,0.012916,10.588916
2428,1080.933333,10.839250,2,0,0.019208,10.858458
2429,1080.966667,10.850292,2,0,0.014125,10.864417
2430,1081.000000,10.868291,2,0,0.017375,10.885666
2431,1081.033333,10.756959,2,0,0.014708,10.771667
2432,1081.066667,10.446208,2,0,0.014625,10.460833
2433,1081.100000,10.780334,2,0,0.008083,10.788417
2434,1081.133333,10.834000,2,0,0.008667,10.842667
2435,1081.166667,10.884250,2,0,0.005041,10.889291
2436,1081.200000,10.610666,2,0,0.011459,10.622125
2437,1081.233333,10.532583,2,0,0.009875,10.542458
2438,1081.266667,10.749833,2,0,0.012708,10.762541
2439,1081.300000,10.663250,2,0,0.008625,10.671875
2440,1081.333333,10.934166,2,0,0.009959,10.944125
2441,1081.366667,10.948625,2,0,0.052750,11.001375
2442,1081.400000,10.548875,2,0,0.007458,10.556333
2443,1081.433333,10.946084,2,0,0.007958,10.954042
2444,1081.466667,11.099125,2,0,0.013667,11.112792
2445,1081.500000,10.887166,2,0,0.017875,10.905041
2446,1081.533333,10.884500,2,0,0.021083,10.905583
2447,1081.566667,10.658583,2,0,0.011917,10.670500
2448,1081.600000,10.684916,2,0,0.018125,10.703041
2449,1081.633333,10.642708,2,0,0.016750,10.659458
2450,1081.666667,10.257750,2,0,0.018542,10.276292
2451,1081.700000,10.407458,2,0,0.015958,10.423416
2452,1081.733333,10.751041,2,0,0.016584,10.767625
2453,1081.766667,10.672750,2,0,0.017958,10.690708
2454,1081.800000,10.181250,2,0,0.008333,10.189583
2455,1081.833333,10.654875,2,0,0.009167,10.664042
2456,1081.866667,10.084750,2,0,0.009000,10.093750
2457,1081.900000,10.456917,2,0,0.018375,10.475292
2458,1081.933333,11.422208,2,0,0.012625,11.434833
2459,1081.966667,10.803625,2,0,0.010208,10.813833
2460,1082.000000,10.697500,2,0,0.009583,10.707083
2461,1082.033333,10.546042,2,0,0.011167,10.557209
2462,1082.066667,10.573458,2,0,0.018333,10.591791
2463,1082.100000,9.335000,2,0,0.009334,9.344334
2464,1082.133333,8.410875,2,0,0.009375,8.420250
2465,1082.166667,9.745209,2,0,0.011416,9.756625
2466,1082.200000,8.416167,2,0,0.009916,8.426083
2467,1082.233333,8.104541,2,0,0.007625,8.112166
2468,1082.266667,8.295833,2,0,0.016209,8.312042
2469,1082.300000,9.468292,2,0,0.005542,9.473834
2470,1082.333333,9.842834,2,0,0.009500,9.852334
2471,1082.366667,10.535375,2,0,0.006333,10.541708
2472,1082.400000,9.953833,2,0,0.009125,9.962958
2473,1082.433333,10.590209,2,0,0.008458,10.598667
2474,1082.466667,10.788250,2,0,0.008375,10.796625
2475,1082.500000,10.255916,2,0,0.014834,10.270750
2476,1082.533333,10.129417,2,0,0.009500,10.138917
2477,1082.566667,9.957875,2,0,0.014500,9.972375
2478,1082.600000,10.349042,2,0,0.009500,10.358542
2479,1082.633333,10.842125,2,0,0.016250,10.858375
2480,1082.666667,9.556291,2,0,0.004875,9.561166
2481,1082.700000,9.475916,2,0,0.013792,9.489708
2482,1082.733333,8.896792,2,0,0.011833,8.908625
2483,1082.766667,8.805625,2,0,0.010583,8.816208
2484,1082.800000,8.271250,2,0,0.007042,8.278292
2485,1082.833333,8.240708,2,0,0.004667,8.245375
2486,1082.866667,9.027125,2,0,0.012333,9.039458
2487,1082.900000,9.716458,2,0,0.016167,9.732625
2488,1082.933333,10.136458,2,0,0.018042,10.154500
2489,1082.966667,10.322542,2,0,0.019792,10.342334
2490,1083.000000,10.312958,2,0,0.010500,10.323458
2491,1083.033333,11.884875,2,0,0.019125,11.904000
2492,1083.066667,10.480208,2,0,0.018792,10.499000
2493,1083.100000,10.397333,2,0,0.025542,10.422875
2494,1083.133333,10.368334,2,0,0.005000,10.373334
2495,1083.166667,10.522875,2,0,0.011333,10.534208
2496,1083.200000,10.960333,2,0,0.007625,10.967958
2497,1083.233333,9.124417,2,0,0.006166,9.130583
2498,1083.266667,8.568000,2,0,0.009125,8.577125
2499,1083.300000,9.773000,2,0,0.008833,9.781833
2500,1083.333333,9.114792,2,0,0.010166,9.124958
2501,1083.366667,8.253750,2,0,0.020000,8.273750
2502,1083.400000,8.195084,2,0,0.009583,8.204667
2503,1083.433333,8.801458,2,0,0.012334,8.813792
2504,1083.466667,9.051459,2,0,0.015375,9.066834
2505,1083.500000,9.836833,2,0,0.011750,9.848583
2506,1083.533333,10.010750,2,0,0.008666,10.019416
2507,1083.566667,10.347125,2,0,0.009250,10.356375
2508,1083.600000,10.445125,2,0,0.011084,10.456209
2509,1083.633333,11.268916,2,0,0.012375,11.281291
2510,1083.666667,10.099667,2,0,0.005500,10.105167
2511,1083.700000,10.432417,2,0,0.008875,10.441292
2512,1083.733333,10.282541,2,0,0.017750,10.300291
2513,1083.766667,10.988583,2,0,0.025125,11.013708
2514,1083.800000,11.207541,2,0,0.006042,11.213583
2515,1083.833333,9.588458,2,0,0.008209,9.596667
2516,1083.866667,8.790667,2,0,0.009333,8.800000
2517,1083.900000,8.863834,2,0,0.018375,8.882209
2518,1083.933333,9.568916,2,0,0.011542,9.580458
2519,1083.966667,9.109583,2,0,0.009167,9.118750
2520,1084.000000,8.256417,2,0,0.017666,8.274083
2521,1084.033333,8.813375,2,0,0.014041,8.827416
2522,1084.066667,10.223084,2,0,0.017208,10.240292
2523,1084.100000,9.643750,2,0,0.019875,9.663625
2524,1084.133333,9.955792,2,0,0.015375,9.971167
2525,1084.166667,10.715708,2,0,0.018167,10.733875
2526,1084.200000,9.999667,2,0,0.004792,10.004459
2527,1084.233333,10.252459,2,0,0.021083,10.273542
2528,1084.266667,9.988417,2,0,0.016583,10.005000
2529,1084.300000,9.586125,2,0,0.017333,9.603458
2530,1084.333333,10.657708,2,0,0.010042,10.667750
2531,1084.366667,9.413000,2,0,0.006792,9.419792
2532,1084.400000,9.309083,2,0,0.007667,9.316750
2533,1084.433333,9.189125,2,0,0.010292,9.199417
2534,1084.466667,9.081709,2,0,0.010458,9.092167
2535,1084.500000,8.541292,2,0,0.006500,8.547792
2536,1084.533333,8.577916,2,0,0.004917,8.582833
2537,1084.566667,8.701042,2,0,0.011750,8.712792
2538,1084.600000,8.616583,2,0,0.005792,8.622375
2539,1084.633333,9.848250,2,0,0.004791,9.853041
2540,1084.666667,10.519167,2,0,0.009250,10.528417
2541,1084.700000,10.566708,2,0,0.008834,10.575542
2542,1084.733333,9.800166,2,0,0.009250,9.809416
2543,1084.766667,9.246708,2,0,0.008583,9.255291
2544,1084.800000,9.142583,2,0,0.010709,9.153292
2545,1084.833333,9.396792,2,0,0.010292,9.407084
2546,1084.866667,9.345584,2,0,0.014625,9.360209
2547,1084.900000,8.526166,2,0,0.019625,8.545791
2548,1084.933333,8.932375,2,0,0.010375,8.942750
2549,1084.966667,10.041791,2,0,0.009750,10.051541
2550,1085.000000,10.163833,2,0,0.014667,10.178500
2551,1085.033333,10.159250,2,0,0.009833,10.169083
2552,1085.066667,10.435666,2,0,0.012959,10.448625
2553,1085.100000,11.538125,2,0,0.010000,11.548125
2554,1085.133333,10.628417,2,0,0.012166,10.640583
2555,1085.166667,9.944708,2,0,0.010000,9.954708
2556,1085.200000,9.011083,2,0,0.008792,9.019875
2557,1085.233333,9.537292,2,0,0.009166,9.546458
2558,1085.266667,9.813750,2,0,0.008041,9.821791
2559,1085.300000,9.357875,2,0,0.011291,9.369166
2560,1085.333333,9.238708,2,0,0.006209,9.244917
2561,1085.366667,8.982167,2,0,0.008417,8.990584
2562,1085.400000,9.463458,2,0,0.011792,9.475250
2563,1085.433333,9.173625,2,0,0.010833,9.184458
2564,1085.466667,10.194292,2,0,0.010125,10.204417
2565,1085.500000,10.733917,2,0,0.018625,10.752542
2566,1085.533333,10.166708,2,0,0.005667,10.172375
2567,1085.566667,11.729083,2,0,0.020250,11.749333
2568,1085.600000,10.978458,2,0,0.011958,10.990416
2569,1085.633333,10.646458,2,0,0.005959,10.652417
2570,1085.666667,10.511416,2,0,0.008834,10.520250
2571,1085.700000,10.656708,2,0,0.008125,10.664833
2572,1085.733333,8.892750,2,0,0.010208,8.902958
2573,1085.766667,9.479250,2,0,0.009458,9.488708
2574,1085.800000,8.799541,2,0,0.009542,8.809083
2575,1085.833333,8.749916,2,0,0.006209,8.756125
2576,1085.866667,7.896125,2,0,0.019041,7.915166
2577,1085.900000,8.217500,2,0,0.007750,8.225250
2578,1085.933333,9.222417,2,0,0.011875,9.234292
2579,1085.966667,9.833000,2,0,0.007583,9.840583
2580,1086.000000,9.948000,2,0,0.011083,9.959083
2581,1086.033333,10.263792,2,0,0.004417,10.268209
2582,1086.066667,9.927875,2,0,0.009958,9.937833
2583,1086.100000,9.821792,2,0,0.011417,9.833209
2584,1086.133333,10.474125,2,0,0.011708,10.485833
2585,1086.166667,9.969833,2,0,0.008750,9.978583
2586,1086.200000,10.251375,2,0,0.010541,10.261916
2587,1086.233333,10.511459,2,0,0.018708,10.530167
2588,1086.266667,10.713250,2,0,0.018667,10.731917
2589,1086.300000,11.230542,2,0,0.008458,11.239000
2590,1086.333333,8.762708,2,0,0.008542,8.771250
2591,1086.366667,9.188334,2,0,0.011083,9.199417
2592,1086.400000,8.494417,2,0,0.006875,8.501292
2593,1086.433333,8.238708,2,0,0.008792,8.247500
2594,1086.466667,9.561250,2,0,0.012833,9.574083
2595,1086.500000,9.181250,2,0,0.010875,9.192125
2596,1086.533333,10.603500,2,0,0.008750,10.612250
2597,1086.566667,9.974875,2,0,0.020125,9.995000
2598,1086.600000,9.933083,2,0,0.007625,9.940708
2599,1086.633333,11.170667,2,0,0.009125,11.179792
2600,1086.666667,9.875625,2,0,0.009083,9.884708
2601,1086.700000,10.365625,2,0,0.010916,10.376541
2602,1086.733333,10.177208,2,0,0.011083,10.188291
2603,1086.766667,11.492500,2,0,0.010167,11.502667
2604,1086.800000,10.293250,2,0,0.012792,10.306042
2605,1086.833333,10.236958,2,0,0.005875,10.242833
2606,1086.866667,9.970250,2,0,0.012000,9.982250
2607,1086.900000,9.877959,2,0,0.009875,9.887834
2608,1086.933333,10.408042,2,0,0.019667,10.427709
2609,1086.966667,10.476791,2,0,0.013417,10.490208
2610,1087.000000,10.086625,2,0,0.012958,10.099583
2611,1087.033333,10.131209,2,0,0.015791,10.147000
2612,1087.066667,10.520625,2,0,0.015125,10.535750
2613,1087.100000,10.762792,2,0,0.011500,10.774292
2614,1087.133333,10.988291,2,0,0.009584,10.997875
2615,1087.166667,10.604083,2,0,0.008833,10.612916
2616,1087.200000,9.217542,2,0,0.006291,9.223833
2617,1087.233333,8.938250,2,0,0.010500,8.948750
2618,1087.266667,8.179333,2,0,0.009334,8.188667
2619,1087.300000,8.178959,2,0,0.019458,8.198417
2620,1087.333333,8.284333,2,0,0.015792,8.300125
2621,1087.366667,10.696250,2,0,0.008083,10.704333
2622,1087.400000,9.842167,2,0,0.017708,9.859875
2623,1087.433333,10.054333,2,0,0.008833,10.063166
2624,1087.466667,9.974625,2,0,0.005167,9.979792
2625,1087.500000,10.521167,2,0,0.011958,10.533125
2626,1087.533333,10.534333,2,0,0.012250,10.546583
2627,1087.566667,10.226334,2,0,0.015583,10.241917
2628,1087.600000,10.657083,2,0,0.009042,10.666125
2629,1087.633333,10.820500,2,0,0.008916,10.829416
2630,1087.666667,10.692416,2,0,0.013250,10.705666
2631,1087.700000,9.759041,2,0,0.010375,9.769416
2632,1087.733333,10.424584,2,0,0.011250,10.435834
2633,1087.766667,10.442625,2,0,0.018209,10.460834
2634,1087.800000,10.921166,2,0,0.009209,10.930375
2635,1087.833333,10.420708,2,0,0.017292,10.438000
2636,1087.866667,10.275833,2,0,0.019000,10.294833
2637,1087.900000,10.334458,2,0,0.009334,10.343792
2638,1087.933333,11.026583,2,0,0.011834,11.038417
2639,1087.966667,10.642750,2,0,0.015250,10.658000
2640,1088.000000,10.530458,2,0,0.009500,10.539958
2641,1088.033333,10.813333,2,0,0.008959,10.822292
2642,1088.066667,9.869875,2,0,0.010291,9.880166
2643,1088.100000,10.726666,2,0,0.005292,10.731958
2644,1088.133333,9.225292,2,0,0.008583,9.233875
2645,1088.166667,9.590458,2,0,0.010792,9.601250
2646,1088.200000,8.901708,2,0,0.010625,8.912333
2647,1088.233333,8.751875,2,0,0.011459,8.763334
2648,1088.266667,8.123458,2,0,0.008542,8.132000
2649,1088.300000,8.803417,2,0,0.009375,8.812792
2650,1088.333333,9.112625,2,0,0.012292,9.124917
2651,1088.366667,9.765542,2,0,0.011125,9.776667
2652,1088.400000,10.526041,2,0,0.010042,10.536083
2653,1088.433333,10.700500,2,0,0.019209,10.719709
2654,1088.466667,10.175625,2,0,0.016959,10.192584
2655,1088.500000,10.986792,2,0,0.017416,11.004208
2656,1088.533333,10.223250,2,0,0.017958,10.241208
2657,1088.566667,10.170625,2,0,0.010625,10.181250
2658,1088.600000,10.905250,2,0,0.013959,10.919209
2659,1088.633333,10.896708,2,0,0.014375,10.911083
2660,1088.666667,11.285250,2,0,0.009334,11.294584
2661,1088.700000,10.931708,2,0,0.005959,10.937667
2662,1088.733333,10.514000,2,0,0.015833,10.529833
2663,1088.766667,9.939250,2,0,0.010375,9.949625
2664,1088.800000,8.927667,2,0,0.010500,8.938167
2665,1088.833333,8.948042,2,0,0.019666,8.967708
2666,1088.866667,10.323333,2,0,0.013459,10.336792
2667,1088.900000,8.039000,2,0,0.009292,8.048292
2668,1088.933333,8.113416,2,0,0.009042,8.122458
2669,1088.966667,9.356000,2,0,0.003958,9.359958
2670,1089.000000,10.124625,2,0,0.019959,10.144584
2671,1089.033333,10.421333,2,0,0.011292,10.432625
2672,1089.066667,10.165792,2,0,0.018542,10.184334
2673,1089.100000,10.064084,2,0,0.009791,10.073875
2674,1089.133333,10.091542,2,0,0.013542,10.105084
2675,1089.166667,9.745042,2,0,0.017666,9.762708
2676,1089.200000,10.027792,2,0,0.008583,10.036375
2677,1089.233333,10.442875,2,0,0.011458,10.454333
2678,1089.266667,9.798083,2,0,0.006708,9.804791
2679,1089.300000,8.877208,2,0,0.005167,8.882375
2680,1089.333333,8.829541,2,0,0.010792,8.840333
2681,1089.366667,8.156459,2,0,0.011083,8.167542
2682,1089.400000,8.544750,2,0,0.010542,8.555292
2683,1089.433333,8.176458,2,0,0.005709,8.182167
2684,1089.466667,8.940000,2,0,0.018583,8.958583
2685,1089.500000,9.170584,2,0,0.007208,9.177792
2686,1089.533333,9.897459,2,0,0.017166,9.914625
2687,1089.566667,9.515333,2,0,0.005292,9.520625
2688,1089.600000,9.990708,2,0,0.013375,10.004083
2689,1089.633333,10.514084,2,0,0.017541,10.531625
2690,1089.666667,9.623583,2,0,0.007125,9.630708
2691,1089.700000,8.907625,2,0,0.009375,8.917000
2692,1089.733333,9.897083,2,0,0.010083,9.907166
2693,1089.766667,12.573875,2,0,0.009208,12.583083
2694,1089.800000,8.032416,2,0,0.005584,8.038000
2695,1089.833333,9.206042,2,0,0.011083,9.217125
2696,1089.866667,9.177000,2,0,0.008417,9.185417
2697,1089.900000,9.654125,2,0,0.008334,9.662459
2698,1089.933333,11.110917,2,0,0.011875,11.122792
2699,1089.966667,11.506333,2,0,0.012667,11.519000
2700,1090.000000,9.965250,2,0,0.009292,9.974542
2701,1090.033333,10.188667,2,0,0.008625,10.197292
2702,1090.066667,10.626209,2,0,0.016000,10.642209
2703,1090.100000,10.990250,2,0,0.008958,10.999208
2704,1090.133333,9.961250,2,0,0.009333,9.970583
2705,1090.166667,9.197792,2,0,0.010166,9.207958
2706,1090.200000,9.226542,2,0,0.006833,9.233375
2707,1090.233333,8.406375,2,0,0.008208,8.414583
2708,1090.266667,8.648250,2,0,0.015833,8.664083
2709,1090.300000,8.592542,2,0,0.011416,8.603958
2710,1090.333333,9.476625,2,0,0.005292,9.481917
2711,1090.366667,9.929000,2,0,0.018958,9.947958
2712,1090.400000,9.994625,2,0,0.011041,10.005666
2713,1090.433333,10.145292,2,0,0.009000,10.154292
2714,1090.466667,10.363208,2,0,0.009209,10.372417
2715,1090.500000,10.563709,2,0,0.011000,10.574709
2716,1090.533333,10.164500,2,0,0.005667,10.170167
2717,1090.566667,10.295916,2,0,0.016125,10.312041
2718,1090.600000,10.613625,2,0,0.009959,10.623584
2719,1090.633333,10.280458,2,0,0.018708,10.299166
2720,1090.666667,10.921833,2,0,0.010750,10.932583
2721,1090.700000,11.709208,2,0,0.009042,11.718250
2722,1090.733333,9.227292,2,0,0.007375,9.234667
2723,1090.766667,9.093000,2,0,0.011250,9.104250
2724,1090.800000,8.647834,2,0,0.011583,8.659417
2725,1090.833333,8.180917,2,0,0.008208,8.189125
2726,1090.866667,8.053708,2,0,0.010500,8.064208
2727,1090.900000,8.780875,2,0,0.004958,8.785833
2728,1090.933333,9.630667,2,0,0.016916,9.647583
2729,1090.966667,9.927792,2,0,0.011958,9.939750
2730,1091.000000,9.728917,2,0,0.010917,9.739834
2731,1091.033333,11.089417,2,0,0.021250,11.110667
2732,1091.066667,12.319333,2,0,0.009833,12.329166
2733,1091.100000,10.410000,2,0,0.017458,10.427458
2734,1091.133333,10.382500,2,0,0.010709,10.393209
2735,1091.166667,10.497709,2,0,0.024000,10.521709
2736,1091.200000,11.116625,2,0,0.018666,11.135291
2737,1091.233333,9.959708,2,0,0.016875,9.976583
2738,1091.266667,9.201958,2,0,0.005292,9.207250
2739,1091.300000,8.833709,2,0,0.012333,8.846042
2740,1091.333333,10.273459,2,0,0.006500,10.279959
2741,1091.366667,8.022541,2,0,0.007625,8.030166
2742,1091.400000,8.753709,2,0,0.006333,8.760042
2743,1091.433333,9.281209,2,0,0.010291,9.291500
2744,1091.466667,10.153458,2,0,0.009042,10.162500
2745,1091.500000,10.511416,2,0,0.005292,10.516708
2746,1091.533333,10.529416,2,0,0.006625,10.536041
2747,1091.566667,10.178041,2,0,0.011250,10.189291
2748,1091.600000,10.257875,2,0,0.006125,10.264000
2749,1091.633333,9.646458,2,0,0.008459,9.654917
2750,1091.666667,8.951583,2,0,0.009709,8.961292
2751,1091.700000,9.246583,2,0,0.011625,9.258208
2752,1091.733333,10.088625,2,0,0.009708,10.098333
2753,1091.766667,8.349333,2,0,0.008417,8.357750
2754,1091.800000,8.447875,2,0,0.005000,8.452875
2755,1091.833333,9.092416,2,0,0.020125,9.112541
2756,1091.866667,9.616500,2,0,0.011292,9.627792
2757,1091.900000,9.958416,2,0,0.012375,9.970791
2758,1091.933333,10.144958,2,0,0.011542,10.156500
2759,1091.966667,11.873583,2,0,0.016125,11.889708
2760,1092.000000,10.249834,2,0,0.017708,10.267542
2761,1092.033333,11.761125,2,0,0.012333,11.773458
2762,1092.066667,10.850708,2,0,0.005084,10.855792
2763,1092.100000,9.321125,2,0,0.009458,9.330583
2764,1092.133333,9.325000,2,0,0.005459,9.330459
2765,1092.166667,8.575167,2,0,0.010041,8.585208
2766,1092.200000,8.754583,2,0,0.010000,8.764583
2767,1092.233333,9.021625,2,0,0.016584,9.038209
2768,1092.266667,9.860875,2,0,0.004042,9.864917
2769,1092.300000,9.409709,2,0,0.016750,9.426459
2770,1092.333333,10.161083,2,0,0.018792,10.179875
2771,1092.366667,9.582917,2,0,0.005583,9.588500
2772,1092.400000,10.740625,2,0,0.018417,10.759042
2773,1092.433333,11.785041,2,0,0.018750,11.803791
2774,1092.466667,9.457875,2,0,0.008542,9.466417
2775,1092.500000,8.926000,2,0,0.008583,8.934583
2776,1092.533333,9.048833,2,0,0.008208,9.057041
2777,1092.566667,11.767333,2,0,0.008709,11.776042
2778,1092.600000,8.727625,2,0,0.007542,8.735167
2779,1092.633333,8.219625,2,0,0.005167,8.224792
2780,1092.666667,9.017417,2,0,0.018875,9.036292
2781,1092.700000,10.336000,2,0,0.015709,10.351709
2782,1092.733333,9.972000,2,0,0.007000,9.979000
2783,1092.766667,10.191625,2,0,0.004584,10.196209
2784,1092.800000,10.774958,2,0,0.014000,10.788958
2785,1092.833333,9.468833,2,0,0.009167,9.478000
2786,1092.866667,8.919792,2,0,0.005625,8.925417
2787,1092.900000,9.331750,2,0,0.007625,9.339375
2788,1092.933333,8.530208,2,0,0.010000,8.540208
2789,1092.966667,8.661584,2,0,0.005541,8.667125
2790,1093.000000,8.571459,2,0,0.019708,8.591167
2791,1093.033333,9.105041,2,0,0.003959,9.109000
2792,1093.066667,9.362416,2,0,0.018125,9.380541
2793,1093.100000,9.625542,2,0,0.010541,9.636083
2794,1093.133333,9.875000,2,0,0.024625,9.899625
2795,1093.166667,10.413750,2,0,0.015334,10.429084
2796,1093.200000,10.612708,2,0,0.010500,10.623208
2797,1093.233333,9.676958,2,0,0.006500,9.683458
2798,1093.266667,8.503750,2,0,0.010167,8.513917
2799,1093.300000,8.857542,2,0,0.005875,8.863417
2800,1093.333333,8.529416,2,0,0.010625,8.540041
2801,1093.366667,8.284750,2,0,0.019542,8.304292
2802,1093.400000,8.577292,2,0,0.008041,8.585333
2803,1093.433333,8.569917,2,0,0.008042,8.577959
2804,1093.466667,9.454041,2,0,0.017250,9.471291
2805,1093.500000,9.781417,2,0,0.004917,9.786334
2806,1093.533333,9.238583,2,0,0.004334,9.242917
2807,1093.566667,8.907375,2,0,0.009542,8.916917
2808,1093.600000,8.810583,2,0,0.008459,8.819042
2809,1093.633333,8.551583,2,0,0.008375,8.559958
2810,1093.666667,8.209000,2,0,0.005666,8.214666
2811,1093.700000,8.361083,2,0,0.013500,8.374583
2812,1093.733333,9.057917,2,0,0.013625,9.071542
2813,1093.766667,9.652500,2,0,0.010541,9.663041
2814,1093.800000,9.819250,2,0,0.007917,9.827167
2815,1093.833333,9.555708,2,0,0.008375,9.564083
2816,1093.866667,9.783500,2,0,0.012125,9.795625
2817,1093.900000,10.071042,2,0,0.014625,10.085667
2818,1093.933333,9.925083,2,0,0.021417,9.946500
2819,1093.966667,10.735791,2,0,0.009000,10.744791
2820,1094.000000,10.026792,2,0,0.011416,10.038208
2821,1094.033333,10.088459,2,0,0.008625,10.097084
2822,1094.066667,10.627208,2,0,0.008709,10.635917
2823,1094.100000,10.222334,2,0,0.008333,10.230667
2824,1094.133333,8.725584,2,0,0.008583,8.734167
2825,1094.166667,9.078834,2,0,0.010125,9.088959
2826,1094.200000,8.666667,2,0,0.009125,8.675792
2827,1094.233333,7.930000,2,0,0.009583,7.939583
2828,1094.266667,8.089709,2,0,0.013500,8.103209
2829,1094.300000,8.346166,2,0,0.018709,8.364875
2830,1094.333333,8.950375,2,0,0.013375,8.963750
2831,1094.366667,9.396791,2,0,0.009292,9.406083
2832,1094.400000,10.113291,2,0,0.009542,10.122833
2833,1094.433333,10.043208,2,0,0.011208,10.054416
2834,1094.466667,10.202208,2,0,0.011208,10.213416
2835,1094.500000,9.697083,2,0,0.006125,9.703208
2836,1094.533333,11.089709,2,0,0.018791,11.108500
2837,1094.566667,10.800875,2,0,0.009666,10.810541
2838,1094.600000,9.413875,2,0,0.008584,9.422459
2839,1094.633333,8.760458,2,0,0.006000,8.766458
2840,1094.666667,8.661417,2,0,0.007333,8.668750
2841,1094.700000,8.829542,2,0,0.007292,8.836834
2842,1094.733333,8.022708,2,0,0.011125,8.033833
2843,1094.766667,8.391833,2,0,0.010750,8.402583
2844,1094.800000,8.744042,2,0,0.014917,8.758959
2845,1094.833333,9.474083,2,0,0.012375,9.486458
2846,1094.866667,9.438459,2,0,0.009125,9.447584
2847,1094.900000,9.849500,2,0,0.014083,9.863583
2848,1094.933333,10.218833,2,0,0.015083,10.233916
2849,1094.966667,10.496209,2,0,0.006041,10.502250
2850,1095.000000,11.188583,2,0,0.005542,11.194125
2851,1095.033333,10.400083,2,0,0.011458,10.411541
2852,1095.066667,10.422708,2,0,0.009167,10.431875
2853,1095.100000,10.335125,2,0,0.012500,10.347625
2854,1095.133333,10.286125,2,0,0.018750,10.304875
2855,1095.166667,10.280000,2,0,0.009541,10.289541
2856,1095.200000,10.171542,2,0,0.011083,10.182625
2857,1095.233333,10.528584,2,0,0.015833,10.544417
2858,1095.266667,10.410000,2,0,0.008958,10.418958
2859,1095.300000,10.136083,2,0,0.009167,10.145250
2860,1095.333333,10.442875,2,0,0.011208,10.454083
2861,1095.366667,10.803500,2,0,0.009875,10.813375
2862,1095.400000,9.981291,2,0,0.009167,9.990458
2863,1095.433333,9.136292,2,0,0.009083,9.145375
2864,1095.466667,9.158750,2,0,0.005834,9.164584
2865,1095.500000,8.907459,2,0,0.006041,8.913500
2866,1095.533333,8.300834,2,0,0.010125,8.310959
2867,1095.566667,8.113834,2,0,0.011125,8.124959
2868,1095.600000,8.211708,2,0,0.013083,8.224791
2869,1095.633333,8.910875,2,0,0.011042,8.921917
2870,1095.666667,9.647834,2,0,0.010125,9.657959
2871,1095.700000,9.807875,2,0,0.011125,9.819000
2872,1095.733333,10.588958,2,0,0.012584,10.601542
2873,1095.766667,10.657750,2,0,0.009083,10.666833
2874,1095.800000,10.672250,2,0,0.008834,10.681084
2875,1095.833333,10.579166,2,0,0.010542,10.589708
2876,1095.866667,10.298709,2,0,0.008416,10.307125
2877,1095.900000,10.971417,2,0,0.009541,10.980958
2878,1095.933333,10.011166,2,0,0.008417,10.019583
2879,1095.966667,10.873583,2,0,0.018292,10.891875
2880,1096.000000,10.604667,2,0,0.011750,10.616417
2881,1096.033333,10.166625,2,0,0.017167,10.183792
2882,1096.066667,10.303959,2,0,0.007208,10.311167
2883,1096.100000,10.367042,2,0,0.011916,10.378958
2884,1096.133333,10.253917,2,0,0.010916,10.264833
2885,1096.166667,11.052375,2,0,0.013959,11.066334
2886,1096.200000,10.388958,2,0,0.014500,10.403458
2887,1096.233333,10.702833,2,0,0.009042,10.711875
2888,1096.266667,9.278375,2,0,0.005167,9.283542
2889,1096.300000,8.886209,2,0,0.012416,8.898625
2890,1096.333333,10.749750,2,0,0.013375,10.763125
2891,1096.366667,9.174500,2,0,0.006375,9.180875
2892,1096.400000,8.596042,2,0,0.009791,8.605833
2893,1096.433333,8.401459,2,0,0.009833,8.411292
2894,1096.466667,8.511541,2,0,0.006292,8.517833
2895,1096.500000,9.034250,2,0,0.009875,9.044125
2896,1096.533333,9.494583,2,0,0.010875,9.505458
2897,1096.566667,10.468084,2,0,0.015708,10.483792
2898,1096.600000,13.065584,2,0,0.020666,13.086250
2899,1096.633333,9.967875,2,0,0.008417,9.976292
2900,1096.666667,10.712917,2,0,0.012333,10.725250
2901,1096.700000,11.146917,2,0,0.011167,11.158084
2902,1096.733333,11.702917,2,0,0.015542,11.718459
2903,1096.766667,11.445458,2,0,0.004834,11.450292
2904,1096.800000,10.746958,2,0,0.009917,10.756875
2905,1096.833333,10.438625,2,0,0.017792,10.456417
2906,1096.866667,10.352750,2,0,0.013042,10.365792
2907,1096.900000,10.629750,2,0,0.011875,10.641625
2908,1096.933333,10.313167,2,0,0.012583,10.325750
2909,1096.966667,10.607125,2,0,0.013875,10.621000
2910,1097.000000,11.217042,2,0,0.020333,11.237375
2911,1097.033333,10.711000,2,0,0.017083,10.728083
2912,1097.066667,10.856459,2,0,0.014916,10.871375
2913,1097.100000,10.685542,2,0,0.011208,10.696750
2914,1097.133333,10.953292,2,0,0.016583,10.969875
2915,1097.166667,11.184458,2,0,0.016459,11.200917
2916,1097.200000,10.603041,2,0,0.017959,10.621000
2917,1097.233333,11.015167,2,0,0.011167,11.026334
2918,1097.266667,10.825042,2,0,0.009333,10.834375
2919,1097.300000,10.892125,2,0,0.011208,10.903333
2920,1097.333333,10.805916,2,0,0.017000,10.822916
2921,1097.366667,10.851750,2,0,0.012166,10.863916
2922,1097.400000,10.578208,2,0,0.022333,10.600541
2923,1097.433333,10.573708,2,0,0.009292,10.583000
2924,1097.466667,10.994125,2,0,0.016500,11.010625
2925,1097.500000,10.934459,2,0,0.008833,10.943292
2926,1097.533333,11.534208,2,0,0.021125,11.555333
2927,1097.566667,10.800667,2,0,0.009792,10.810459
2928,1097.600000,10.940708,2,0,0.011167,10.951875
2929,1097.633333,10.598667,2,0,0.011958,10.610625
2930,1097.666667,11.009584,2,0,0.012708,11.022292
2931,1097.700000,10.911208,2,0,0.022500,10.933708
2932,1097.733333,10.834417,2,0,0.010250,10.844667
2933,1097.766667,10.762500,2,0,0.012708,10.775208
2934,1097.800000,10.865416,2,0,0.014750,10.880166
2935,1097.833333,11.048000,2,0,0.013875,11.061875
2936,1097.866667,10.564584,2,0,0.004625,10.569209
2937,1097.900000,11.206292,2,0,0.007583,11.213875
2938,1097.933333,10.917250,2,0,0.009833,10.927083
2939,1097.966667,11.474500,2,0,0.015250,11.489750
2940,1098.000000,11.334750,2,0,0.005333,11.340083
2941,1098.033333,13.847958,2,0,0.011375,13.859333
2942,1098.066667,10.959208,2,0,0.013792,10.973000
2943,1098.100000,10.816917,2,0,0.017750,10.834667
2944,1098.133333,12.059209,2,0,0.018583,12.077792
2945,1098.166667,11.098125,2,0,0.009000,11.107125
2946,1098.200000,9.833792,2,0,0.009541,9.843333
2947,1098.233333,10.691041,2,0,0.009500,10.700541
2948,1098.266667,9.969792,2,0,0.010500,9.980292
2949,1098.300000,10.197875,2,0,0.011250,10.209125
2950,1098.333333,9.553791,2,0,0.010542,9.564333
2951,1098.366667,9.523875,2,0,0.020041,9.543916
2952,1098.400000,9.591833,2,0,0.011667,9.603500
2953,1098.433333,9.978375,2,0,0.012250,9.990625
2954,1098.466667,10.851583,2,0,0.013667,10.865250
2955,1098.500000,11.198791,2,0,0.009875,11.208666
2956,1098.533333,13.140125,2,0,0.010167,13.150292
2957,1098.566667,11.148250,2,0,0.017416,11.165666
2958,1098.600000,11.192334,2,0,0.007416,11.199750
2959,1098.633333,11.134000,2,0,0.008708,11.142708
2960,1098.666667,11.494042,2,0,0.011708,11.505750
2961,1098.700000,12.720333,2,0,0.010583,12.730916
2962,1098.733333,12.047958,2,0,0.017583,12.065541
2963,1098.766667,11.678791,2,0,0.010917,11.689708
2964,1098.800000,11.596500,2,0,0.013000,11.609500
2965,1098.833333,11.712333,2,0,0.016083,11.728416
2966,1098.866667,11.357250,2,0,0.013042,11.370292
2967,1098.900000,11.125750,2,0,0.008208,11.133958
2968,1098.933333,11.473875,2,0,0.005542,11.479417
2969,1098.966667,11.102542,2,0,0.019000,11.121542
2970,1099.000000,11.451042,2,0,0.010000,11.461042
2971,1099.033333,11.226625,2,0,0.008958,11.235583
2972,1099.066667,11.463958,2,0,0.011625,11.475583
2973,1099.100000,11.414541,2,0,0.020167,11.434708
2974,1099.133333,11.203417,2,0,0.012250,11.215667
2975,1099.166667,11.129291,2,0,0.017667,11.146958
2976,1099.200000,11.181750,2,0,0.018000,11.199750
2977,1099.233333,10.987708,2,0,0.005500,10.993208
2978,1099.266667,11.245375,2,0,0.010667,11.256042
2979,1099.300000,11.074958,2,0,0.020500,11.095458
2980,1099.333333,11.076500,2,0,0.009458,11.085958
2981,1099.366667,10.992750,2,0,0.014875,11.007625
2982,1099.400000,11.292333,2,0,0.007917,11.300250
2983,1099.433333,11.016750,2,0,0.009042,11.025792
2984,1099.466667,11.137750,2,0,0.005166,11.142916
2985,1099.500000,12.527417,2,0,0.011375,12.538792
2986,1099.533333,13.568375,2,0,0.016125,13.584500
2987,1099.566667,10.822375,2,0,0.014542,10.836917
2988,1099.600000,11.063334,2,0,0.012500,11.075834
2989,1099.633333,10.983084,2,0,0.005541,10.988625
2990,1099.666667,11.344667,2,0,0.010250,11.354917
2991,1099.700000,11.304916,2,0,0.009625,11.314541
2992,1099.733333,11.248708,2,0,0.006000,11.254708
2993,1099.766667,11.170416,2,0,0.009417,11.179833
2994,1099.800000,10.819917,2,0,0.009042,10.828959
2995,1099.833333,11.142375,2,0,0.005917,11.148292
2996,1099.866667,11.331542,2,0,0.011708,11.343250
2997,1099.900000,10.981208,2,0,0.011084,10.992292
2998,1099.933333,11.259916,2,0,0.013084,11.273000
2999,1099.966667,11.234417,2,0,0.011083,11.245500
3000,1100.000000,10.888042,2,0,0.017333,10.905375
3001,1100.033333,10.734333,2,0,0.009000,10.743333
3002,1100.066667,11.200417,2,0,0.007750,11.208167
3003,1100.100000,11.501000,2,0,0.012167,11.513167
3004,1100.133333,10.822875,2,0,0.009333,10.832208
3005,1100.166667,10.924417,2,0,0.009166,10.933583
3006,1100.200000,10.916042,2,0,0.008208,10.924250
3007,1100.233333,10.810417,2,0,0.005166,10.815583
3008,1100.266667,11.172958,2,0,0.008792,11.181750
3009,1100.300000,10.784125,2,0,0.008708,10.792833
3010,1100.333333,10.874791,2,0,0.015625,10.890416
3011,1100.366667,10.828750,2,0,0.011250,10.840000
3012,1100.400000,11.499084,2,0,0.012250,11.511334
3013,1100.433333,10.951125,2,0,0.014333,10.965458
3014,1100.466667,11.217500,2,0,0.007583,11.225083
3015,1100.500000,11.383500,2,0,0.004208,11.387708
3016,1100.533333,11.180125,2,0,0.016708,11.196833
3017,1100.566667,11.824416,2,0,0.005000,11.829416
3018,1100.600000,11.572708,2,0,0.019042,11.591750
3019,1100.633333,11.174959,2,0,0.014625,11.189584
3020,1100.666667,12.060292,2,0,0.019583,12.079875
3021,1100.700000,12.889042,2,0,0.019541,12.908583
3022,1100.733333,10.937083,2,0,0.014958,10.952041
3023,1100.766667,10.913875,2,0,0.017708,10.931583
3024,1100.800000,10.634500,2,0,0.009417,10.643917
3025,1100.833333,11.006333,2,0,0.009167,11.015500
3026,1100.866667,10.850708,2,0,0.006417,10.857125
3027,1100.900000,10.565666,2,0,0.010959,10.576625
3028,1100.933333,11.177292,2,0,0.010542,11.187834
3029,1100.966667,11.332167,2,0,0.015500,11.347667
3030,1101.000000,11.043334,2,0,0.012458,11.055792
3031,1101.033333,10.803542,2,0,0.017833,10.821375
3032,1101.066667,10.743458,2,0,0.011750,10.755208
3033,1101.100000,10.732709,2,0,0.012083,10.744792
3034,1101.133333,10.627000,2,0,0.022625,10.649625
3035,1101.166667,11.034958,2,0,0.016208,11.051166
3036,1101.200000,10.730833,2,0,0.006750,10.737583
3037,1101.233333,10.594875,2,0,0.009625,10.604500
3038,1101.266667,10.990125,2,0,0.013750,11.003875
3039,1101.300000,10.893750,2,0,0.015125,10.908875
3040,1101.333333,10.530334,2,0,0.013416,10.543750
3041,1101.366667,11.004958,2,0,0.009209,11.014167
3042,1101.400000,10.668375,2,0,0.018541,10.686916
3043,1101.433333,10.906000,2,0,0.018541,10.924541
3044,1101.466667,10.857417,2,0,0.010875,10.868292
3045,1101.500000,10.809459,2,0,0.017666,10.827125
3046,1101.533333,11.138500,2,0,0.007500,11.146000
3047,1101.566667,10.964708,2,0,0.019417,10.984125
3048,1101.600000,10.484042,2,0,0.009291,10.493333
3049,1101.633333,10.512166,2,0,0.010000,10.522166
3050,1101.666667,10.632167,2,0,0.009500,10.641667
3051,1101.700000,11.117375,2,0,0.012416,11.129791
3052,1101.733333,11.236209,2,0,0.016166,11.252375
3053,1101.766667,10.785166,2,0,0.008667,10.793833
3054,1101.800000,11.025625,2,0,0.008791,11.034416
3055,1101.833333,10.474958,2,0,0.012250,10.487208
3056,1101.866667,11.013542,2,0,0.009250,11.022792
3057,1101.900000,10.986834,2,0,0.006416,10.993250
3058,1101.933333,10.579333,2,0,0.011917,10.591250
3059,1101.966667,10.630875,2,0,0.008958,10.639833
3060,1102.000000,10.810458,2,0,0.015625,10.826083
3061,1102.033333,10.944167,2,0,0.016917,10.961084
3062,1102.066667,11.038542,2,0,0.012083,11.050625
3063,1102.100000,10.891917,2,0,0.012208,10.904125
3064,1102.133333,10.774667,2,0,0.011291,10.785958
3065,1102.166667,10.298417,2,0,0.009125,10.307542
3066,1102.200000,10.741958,2,0,0.010333,10.752291
3067,1102.233333,10.521250,2,0,0.009500,10.530750
3068,1102.266667,11.226916,2,0,0.007875,11.234791
3069,1102.300000,11.214125,2,0,0.008958,11.223083
3070,1102.333333,11.309042,2,0,0.010250,11.319292
3071,1102.366667,10.472042,2,0,0.018916,10.490958
3072,1102.400000,10.848375,2,0,0.014708,10.863083
3073,1102.433333,10.545250,2,0,0.010500,10.555750
3074,1102.466667,10.764459,2,0,0.013000,10.777459
3075,1102.500000,10.625083,2,0,0.019375,10.644458
3076,1102.533333,11.164708,2,0,0.009417,11.174125
3077,1102.566667,10.548166,2,0,0.013167,10.561333
3078,1102.600000,10.721833,2,0,0.017500,10.739333
3079,1102.633333,10.169792,2,0,0.008667,10.178459
3080,1102.666667,11.012000,2,0,0.010208,11.022208
3081,1102.700000,11.122458,2,0,0.015208,11.137666
3082,1102.733333,10.875042,2,0,0.011958,10.887000
3083,1102.766667,10.672250,2,0,0.012667,10.684917
3084,1102.800000,10.356875,2,0,0.018458,10.375333
3085,1102.833333,10.908125,2,0,0.017042,10.925167
3086,1102.866667,10.731625,2,0,0.009750,10.741375
3087,1102.900000,11.043333,2,0,0.015542,11.058875
3088,1102.933333,10.445958,2,0,0.009542,10.455500
3089,1102.966667,10.821125,2,0,0.009334,10.830459
3090,1103.000000,10.269750,2,0,0.011125,10.280875
3091,1103.033333,10.664167,2,0,0.012250,10.676417
3092,1103.066667,10.291375,2,0,0.004458,10.295833
3093,1103.100000,10.524708,2,0,0.013667,10.538375
3094,1103.133333,10.262500,2,0,0.010334,10.272834
3095,1103.166667,10.557542,2,0,0.011958,10.569500
3096,1103.200000,11.410667,2,0,0.010208,11.420875
3097,1103.233333,10.411292,2,0,0.011292,10.422584
3098,1103.266667,10.503583,2,0,0.012708,10.516291
3099,1103.300000,10.467125,2,0,0.011334,10.478459
3100,1103.333333,11.033541,2,0,0.010209,11.043750
3101,1103.366667,10.620500,2,0,0.018625,10.639125
3102,1103.400000,10.608667,2,0,0.006292,10.614959
3103,1103.433333,10.942042,2,0,0.020291,10.962333
3104,1103.466667,10.662916,2,0,0.009542,10.672458
3105,1103.500000,10.518209,2,0,0.012791,10.531000
3106,1103.533333,11.074875,2,0,0.017291,11.092166
3107,1103.566667,10.667083,2,0,0.009125,10.676208
3108,1103.600000,11.103125,2,0,0.017000,11.120125
3109,1103.633333,10.790917,2,0,0.005500,10.796417
3110,1103.666667,10.726958,2,0,0.009084,10.736042
3111,1103.700000,10.805042,2,0,0.009208,10.814250
3112,1103.733333,11.081500,2,0,0.012291,11.093791
3113,1103.766667,10.716125,2,0,0.016792,10.732917
3114,1103.800000,10.933125,2,0,0.009334,10.942459
3115,1103.833333,10.783417,2,0,0.008750,10.792167
3116,1103.866667,11.411125,2,0,0.017958,11.429083
3117,1103.900000,10.416708,2,0,0.018250,10.434958
3118,1103.933333,10.825708,2,0,0.008417,10.834125
3119,1103.966667,11.216375,2,0,0.009000,11.225375
3120,1104.000000,10.765834,2,0,0.006916,10.772750
3121,1104.033333,10.857709,2,0,0.017583,10.875292
3122,1104.066667,10.791125,2,0,0.018042,10.809167
3123,1104.100000,10.281458,2,0,0.013042,10.294500
3124,1104.133333,10.939000,2,0,0.005917,10.944917
3125,1104.166667,10.317709,2,0,0.011333,10.329042
3126,1104.200000,10.481583,2,0,0.016958,10.498541
3127,1104.233333,11.073583,2,0,0.014333,11.087916
3128,1104.266667,10.992792,2,0,0.004958,10.997750
3129,1104.300000,10.819875,2,0,0.008083,10.827958
3130,1104.333333,11.209917,2,0,0.009291,11.219208
3131,1104.366667,10.683084,2,0,0.012333,10.695417
3132,1104.400000,10.584917,2,0,0.018125,10.603042
3133,1104.433333,10.331584,2,0,0.009958,10.341542
3134,1104.466667,10.518125,2,0,0.010625,10.528750
3135,1104.500000,10.266375,2,0,0.009584,10.275959
3136,1104.533333,11.140708,2,0,0.010292,11.151000
3137,1104.566667,10.644875,2,0,0.016250,10.661125
3138,1104.600000,10.592292,2,0,0.009541,10.601833
3139,1104.633333,10.622833,2,0,0.015250,10.638083
3140,1104.666667,10.629292,2,0,0.013916,10.643208
3141,1104.700000,10.740291,2,0,0.014250,10.754541
3142,1104.733333,10.656375,2,0,0.018958,10.675333
3143,1104.766667,10.738750,2,0,0.009750,10.748500
3144,1104.800000,10.312667,2,0,0.009708,10.322375
3145,1104.833333,10.467750,2,0,0.005834,10.473584
3146,1104.866667,9.744042,2,0,0.014291,9.758333
3147,1104.900000,10.168167,2,0,0.004958,10.173125
3148,1104.933333,10.123541,2,0,0.014625,10.138166
3149,1104.966667,13.794875,2,0,0.010625,13.805500
3150,1105.000000,10.765708,2,0,0.027750,10.793458
3151,1105.033333,10.801958,2,0,0.007667,10.809625
3152,1105.066667,10.164334,2,0,0.008208,10.172542
3153,1105.100000,10.294916,2,0,0.008667,10.303583
3154,1105.133333,10.125583,2,0,0.008667,10.134250
3155,1105.166667,10.453292,2,0,0.017208,10.470500
3156,1105.200000,11.263833,2,0,0.011584,11.275417
3157,1105.233333,11.183500,2,0,0.013875,11.197375
3158,1105.266667,10.012417,2,0,0.012500,10.024917
3159,1105.300000,9.923375,2,0,0.014917,9.938292
3160,1105.333333,10.040208,2,0,0.007583,10.047791
3161,1105.366667,10.456458,2,0,0.010250,10.466708
3162,1105.400000,10.199125,2,0,0.006875,10.206000
3163,1105.433333,10.030834,2,0,0.011000,10.041834
3164,1105.466667,10.613375,2,0,0.014708,10.628083
3165,1105.500000,9.851459,2,0,0.009416,9.860875
3166,1105.533333,10.405792,2,0,0.010375,10.416167
3167,1105.566667,9.826583,2,0,0.007792,9.834375
3168,1105.600000,10.819333,2,0,0.005709,10.825042
3169,1105.633333,10.205334,2,0,0.017875,10.223209
3170,1105.666667,10.701667,2,0,0.012042,10.713709
3171,1105.700000,10.319042,2,0,0.018833,10.337875
3172,1105.733333,9.820584,2,0,0.010500,9.831084
3173,1105.766667,10.303833,2,0,0.009458,10.313291
3174,1105.800000,11.051708,2,0,0.009292,11.061000
3175,1105.833333,9.995791,2,0,0.009084,10.004875
3176,1105.866667,9.625500,2,0,0.013333,9.638833
3177,1105.900000,11.126458,2,0,0.009000,11.135458
3178,1105.933333,9.799542,2,0,0.008583,9.808125
3179,1105.966667,10.350459,2,0,0.009250,10.359709
3180,1106.000000,10.150750,2,0,0.010042,10.160792
3181,1106.033333,9.828667,2,0,0.009583,9.838250
3182,1106.066667,10.769791,2,0,0.009584,10.779375
3183,1106.100000,10.397750,2,0,0.010417,10.408167
3184,1106.133333,9.764084,2,0,0.011916,9.776000
3185,1106.166667,10.135375,2,0,0.019333,10.154708
3186,1106.200000,9.800417,2,0,0.018791,9.819208
3187,1106.233333,9.894000,2,0,0.007083,9.901083
3188,1106.266667,9.730208,2,0,0.018625,9.748833
3189,1106.300000,10.646458,2,0,0.014375,10.660833
3190,1106.333333,11.762083,2,0,0.019042,11.781125
3191,1106.366667,9.680250,2,0,0.009542,9.689792
3192,1106.400000,9.408417,2,0,0.010208,9.418625
3193,1106.433333,9.732417,2,0,0.013083,9.745500
3194,1106.466667,10.388250,2,0,0.008416,10.396666
3195,1106.500000,10.618500,2,0,0.006917,10.625417
3196,1106.533333,9.369167,2,0,0.006250,9.375417
3197,1106.566667,9.217750,2,0,0.009708,9.227458
3198,1106.600000,9.392458,2,0,0.012334,9.404792
3199,1106.633333,9.431625,2,0,0.011584,9.443209
3200,1106.666667,10.150000,2,0,0.007083,10.157083
3201,1106.700000,10.071417,2,0,0.006917,10.078334
3202,1106.733333,10.388291,2,0,0.016042,10.404333
3203,1106.766667,9.620083,2,0,0.012833,9.632916
3204,1106.800000,9.283625,2,0,0.008750,9.292375
3205,1106.833333,9.094542,2,0,0.018750,9.113292
3206,1106.866667,9.475084,2,0,0.011208,9.486292
3207,1106.900000,9.413708,2,0,0.007292,9.421000
3208,1106.933333,9.819417,2,0,0.011416,9.830833
3209,1106.966667,9.185958,2,0,0.010125,9.196083
3210,1107.000000,9.899125,2,0,0.016250,9.915375
3211,1107.033333,10.181041,2,0,0.019750,10.200791
3212,1107.066667,9.278042,2,0,0.012583,9.290625
3213,1107.100000,9.290083,2,0,0.019292,9.309375
3214,1107.133333,9.252708,2,0,0.009209,9.261917
3215,1107.166667,9.571917,2,0,0.009875,9.581792
3216,1107.200000,9.360250,2,0,0.009875,9.370125
3217,1107.233333,9.432625,2,0,0.017250,9.449875
3218,1107.266667,9.409542,2,0,0.005958,9.415500
3219,1107.300000,9.732625,2,0,0.009833,9.742458
3220,1107.333333,9.921916,2,0,0.010750,9.932666
3221,1107.366667,9.419958,2,0,0.011959,9.431917
3222,1107.400000,9.573542,2,0,0.019625,9.593167
3223,1107.433333,9.440166,2,0,0.013709,9.453875
3224,1107.466667,9.430042,2,0,0.011083,9.441125
3225,1107.500000,10.143209,2,0,0.015833,10.159042
3226,1107.533333,9.988167,2,0,0.013500,10.001667
3227,1107.566667,9.742208,2,0,0.012042,9.754250
3228,1107.600000,9.948333,2,0,0.012500,9.960833
3229,1107.633333,9.435917,2,0,0.016708,9.452625
3230,1107.666667,9.783958,2,0,0.007542,9.791500
3231,1107.700000,9.486375,2,0,0.010625,9.497000
3232,1107.733333,9.813458,2,0,0.006917,9.820375
3233,1107.766667,9.895042,2,0,0.010292,9.905334
3234,1107.800000,9.705000,2,0,0.012834,9.717834
3235,1107.833333,9.863708,2,0,0.009875,9.873583
3236,1107.866667,9.765875,2,0,0.010125,9.776000
3237,1107.900000,9.772875,2,0,0.008959,9.781834
3238,1107.933333,9.527750,2,0,0.005375,9.533125
3239,1107.966667,9.972916,2,0,0.012584,9.985500
3240,1108.000000,9.738333,2,0,0.008709,9.747042
3241,1108.033333,9.764167,2,0,0.006125,9.770292
3242,1108.066667,10.376000,2,0,0.006834,10.382834
3243,1108.100000,11.047833,2,0,0.017458,11.065291
3244,1108.133333,9.237584,2,0,0.011708,9.249292
3245,1108.166667,9.351083,2,0,0.009125,9.360208
3246,1108.200000,9.254792,2,0,0.009958,9.264750
3247,1108.233333,10.576875,2,0,0.011791,10.588666
3248,1108.266667,9.482375,2,0,0.017250,9.499625
3249,1108.300000,9.661833,2,0,0.019417,9.681250
3250,1108.333333,10.452167,2,0,0.016958,10.469125
3251,1108.366667,11.375000,2,0,0.016959,11.391959
3252,1108.400000,9.457208,2,0,0.012792,9.470000
3253,1108.433333,9.131625,2,0,0.011584,9.143209
3254,1108.466667,9.841042,2,0,0.014958,9.856000
3255,1108.500000,9.357875,2,0,0.008500,9.366375
3256,1108.533333,9.398458,2,0,0.011708,9.410166
3257,1108.566667,9.677291,2,0,0.009834,9.687125
3258,1108.600000,9.629416,2,0,0.008459,9.637875
3259,1108.633333,9.394708,2,0,0.014709,9.409417
3260,1108.666667,9.472125,2,0,0.010291,9.482416
3261,1108.700000,9.667208,2,0,0.008625,9.675833
3262,1108.733333,9.541875,2,0,0.010916,9.552791
3263,1108.766667,9.513708,2,0,0.013250,9.526958
3264,1108.800000,9.906666,2,0,0.008417,9.915083
3265,1108.833333,9.398166,2,0,0.011750,9.409916
3266,1108.866667,9.292750,2,0,0.007375,9.300125
3267,1108.900000,9.250375,2,0,0.013208,9.263583
3268,1108.933333,9.861083,2,0,0.011209,9.872292
3269,1108.966667,9.566167,2,0,0.010708,9.576875
3270,1109.000000,9.363292,2,0,0.008333,9.371625
3271,1109.033333,9.334833,2,0,0.014250,9.349083
3272,1109.066667,9.093000,2,0,0.017917,9.110917
3273,1109.100000,8.905875,2,0,0.010667,8.916542
3274,1109.133333,9.385042,2,0,0.013208,9.398250
3275,1109.166667,9.355333,2,0,0.019375,9.374708
3276,1109.200000,9.377333,2,0,0.008458,9.385791
3277,1109.233333,9.566000,2,0,0.008958,9.574958
3278,1109.266667,9.851041,2,0,0.006042,9.857083
3279,1109.300000,9.936708,2,0,0.009000,9.945708
3280,1109.333333,9.848709,2,0,0.008875,9.857584
3281,1109.366667,9.599792,2,0,0.010667,9.610459
3282,1109.400000,10.068500,2,0,0.009209,10.077709
3283,1109.433333,9.182250,2,0,0.009041,9.191291
3284,1109.466667,9.806958,2,0,0.009125,9.816083
3285,1109.500000,9.727209,2,0,0.011750,9.738959
3286,1109.533333,9.733500,2,0,0.017875,9.751375
3287,1109.566667,9.812291,2,0,0.009042,9.821333
3288,1109.600000,9.440667,2,0,0.009666,9.450333
3289,1109.633333,9.893209,2,0,0.008416,9.901625
3290,1109.666667,9.844125,2,0,0.011333,9.855458
3291,1109.700000,9.709750,2,0,0.013083,9.722833
3292,1109.733333,9.808542,2,0,0.010000,9.818542
3293,1109.766667,9.186334,2,0,0.007583,9.193917
3294,1109.800000,10.894708,2,0,0.018458,10.913166
3295,1109.833333,10.556875,2,0,0.017917,10.574792
3296,1109.866667,10.080542,2,0,0.010583,10.091125
3297,1109.900000,9.739959,2,0,0.012708,9.752667
3298,1109.933333,9.854250,2,0,0.014875,9.869125
3299,1109.966667,9.356291,2,0,0.009625,9.365916
3300,1110.000000,10.891208,2,0,0.017000,10.908208
3301,1110.033333,9.621458,2,0,0.010209,9.631667
3302,1110.066667,9.854709,2,0,0.008166,9.862875
3303,1110.100000,9.956500,2,0,0.011084,9.967584
3304,1110.133333,9.644375,2,0,0.011083,9.655458
3305,1110.166667,9.642458,2,0,0.008709,9.651167
3306,1110.200000,9.677667,2,0,0.017583,9.695250
3307,1110.233333,9.653916,2,0,0.016500,9.670416
3308,1110.266667,9.574166,2,0,0.009084,9.583250
3309,1110.300000,10.437125,2,0,0.018208,10.455333
3310,1110.333333,9.597417,2,0,0.017875,9.615292
3311,1110.366667,9.607958,2,0,0.012042,9.620000
3312,1110.400000,10.428584,2,0,0.016416,10.445000
3313,1110.433333,9.497458,2,0,0.014292,9.511750
3314,1110.466667,9.637375,2,0,0.009292,9.646667
3315,1110.500000,9.463167,2,0,0.009958,9.473125
3316,1110.533333,9.301500,2,0,0.017042,9.318542
3317,1110.566667,9.377917,2,0,0.020500,9.398417
3318,1110.600000,9.148792,2,0,0.011458,9.160250
3319,1110.633333,10.258916,2,0,0.017042,10.275958
3320,1110.666667,9.613583,2,0,0.009250,9.622833
3321,1110.700000,9.845417,2,0,0.014625,9.860042
3322,1110.733333,10.405583,2,0,0.017292,10.422875
3323,1110.766667,10.660459,2,0,0.017416,10.677875
3324,1110.800000,9.190000,2,0,0.013000,9.203000
3325,1110.833333,9.970625,2,0,0.012833,9.983458
3326,1110.866667,10.342708,2,0,0.005084,10.347792
3327,1110.900000,9.213584,2,0,0.005416,9.219000
3328,1110.933333,9.651208,2,0,0.009208,9.660416
3329,1110.966667,9.679792,2,0,0.012542,9.692334
3330,1111.000000,9.256959,2,0,0.017833,9.274792
3331,1111.033333,10.147000,2,0,0.005833,10.152833
3332,1111.066667,10.705250,2,0,0.008542,10.713792
3333,1111.100000,9.741292,2,0,0.020291,9.761583
3334,1111.133333,8.990209,2,0,0.009666,8.999875
3335,1111.166667,8.553125,2,0,0.012083,8.565208
3336,1111.200000,9.221042,2,0,0.018458,9.239500
3337,1111.233333,10.299125,2,0,0.010458,10.309583
3338,1111.266667,10.477042,2,0,0.018083,10.495125
3339,1111.300000,10.232458,2,0,0.017167,10.249625
3340,1111.333333,10.075625,2,0,0.015167,10.090792
3341,1111.366667,11.291958,2,0,0.008542,11.300500
3342,1111.400000,10.849209,2,0,0.013708,10.862917
3343,1111.433333,10.013000,2,0,0.011167,10.024167
3344,1111.466667,10.320709,2,0,0.005625,10.326334
3345,1111.500000,10.126167,2,0,0.010417,10.136584
3346,1111.533333,11.314708,2,0,0.009000,11.323708
3347,1111.566667,10.670000,2,0,0.014167,10.684167
3348,1111.600000,10.386000,2,0,0.009791,10.395791
3349,1111.633333,10.350917,2,0,0.008833,10.359750
3350,1111.666667,10.213416,2,0,0.010000,10.223416
3351,1111.700000,11.223666,2,0,0.006042,11.229708
3352,1111.733333,10.495375,2,0,0.009250,10.504625
3353,1111.766667,10.196250,2,0,0.012709,10.208959
3354,1111.800000,10.271458,2,0,0.010167,10.281625
3355,1111.833333,10.467792,2,0,0.015458,10.483250
3356,1111.866667,9.958000,2,0,0.009791,9.967791
3357,1111.900000,10.428834,2,0,0.009625,10.438459
3358,1111.933333,10.740083,2,0,0.011042,10.751125
3359,1111.966667,10.534625,2,0,0.010041,10.544666
3360,1112.000000,10.370709,2,0,0.005458,10.376167
3361,1112.033333,10.239917,2,0,0.011208,10.251125
3362,1112.066667,10.010292,2,0,0.004167,10.014459
3363,1112.100000,9.976500,2,0,0.008584,9.985084
3364,1112.133333,10.006917,2,0,0.011458,10.018375
3365,1112.166667,10.013333,2,0,0.010334,10.023667
3366,1112.200000,10.125333,2,0,0.012750,10.138083
3367,1112.233333,10.610291,2,0,0.012375,10.622666
3368,1112.266667,11.030917,2,0,0.009583,11.040500
3369,1112.300000,10.511042,2,0,0.004583,10.515625
3370,1112.333333,10.216542,2,0,0.011708,10.228250
3371,1112.366667,10.122625,2,0,0.009667,10.132292
3372,1112.400000,9.982375,2,0,0.010291,9.992666
3373,1112.433333,10.188667,2,0,0.014291,10.202958
3374,1112.466667,9.721500,2,0,0.009916,9.731416
3375,1112.500000,10.150959,2,0,0.006250,10.157209
3376,1112.533333,9.669750,2,0,0.012792,9.682542
3377,1112.566667,10.202125,2,0,0.017583,10.219708
3378,1112.600000,9.989417,2,0,0.008458,9.997875
3379,1112.633333,10.345750,2,0,0.015042,10.360792
3380,1112.666667,10.283334,2,0,0.013041,10.296375
3381,1112.700000,9.780166,2,0,0.011834,9.792000
3382,1112.733333,9.870625,2,0,0.016208,9.886833
3383,1112.766667,9.839875,2,0,0.010209,9.850084
3384,1112.800000,10.828208,2,0,0.008042,10.836250
3385,1112.833333,9.005208,2,0,0.006750,9.011958
3386,1112.866667,10.649500,2,0,0.017292,10.666792
3387,1112.900000,10.384625,2,0,0.019000,10.403625
3388,1112.933333,9.989375,2,0,0.009000,9.998375
3389,1112.966667,10.168292,2,0,0.013000,10.181292
3390,1113.000000,10.224458,2,0,0.016250,10.240708
3391,1113.033333,9.885292,2,0,0.008625,9.893917
3392,1113.066667,9.570667,2,0,0.017666,9.588333
3393,1113.100000,10.739042,2,0,0.008750,10.747792
3394,1113.133333,9.918500,2,0,0.008542,9.927042
3395,1113.166667,8.684083,2,0,0.011417,8.695500
3396,1113.200000,8.132333,2,0,0.008833,8.141166
3397,1113.233333,8.755500,2,0,0.009042,8.764542
3398,1113.266667,9.216666,2,0,0.006625,9.223291
3399,1113.300000,9.889250,2,0,0.008750,9.898000
3400,1113.333333,9.700500,2,0,0.010250,9.710750
3401,1113.366667,9.989584,2,0,0.009958,9.999542
3402,1113.400000,9.914292,2,0,0.013500,9.927792
3403,1113.433333,10.149209,2,0,0.019666,10.168875
3404,1113.466667,9.948833,2,0,0.009500,9.958333
3405,1113.500000,10.199042,2,0,0.017208,10.216250
3406,1113.533333,10.076125,2,0,0.017833,10.093958
3407,1113.566667,10.106875,2,0,0.012042,10.118917
3408,1113.600000,10.153875,2,0,0.009750,10.163625
3409,1113.633333,9.972250,2,0,0.009083,9.981333
3410,1113.666667,9.981042,2,0,0.016833,9.997875
3411,1113.700000,10.283042,2,0,0.011208,10.294250
3412,1113.733333,9.811834,2,0,0.009875,9.821709
3413,1113.766667,10.436500,2,0,0.010083,10.446583
3414,1113.800000,10.158625,2,0,0.017917,10.176542
3415,1113.833333,10.207208,2,0,0.008709,10.215917
3416,1113.866667,10.262875,2,0,0.008000,10.270875
3417,1113.900000,9.990625,2,0,0.009083,9.999708
3418,1113.933333,10.067333,2,0,0.011458,10.078791
3419,1113.966667,10.327166,2,0,0.009209,10.336375
3420,1114.000000,9.455334,2,0,0.009083,9.464417
3421,1114.033333,8.404042,2,0,0.009000,8.413042
3422,1114.066667,7.727834,2,0,0.019458,7.747292
3423,1114.100000,8.263792,2,0,0.007708,8.271500
3424,1114.133333,8.676458,2,0,0.008334,8.684792
3425,1114.166667,9.559584,2,0,0.017833,9.577417
3426,1114.200000,9.163000,2,0,0.009042,9.172042
3427,1114.233333,9.390875,2,0,0.019250,9.410125
3428,1114.266667,10.097750,2,0,0.009792,10.107542
3429,1114.300000,9.952333,2,0,0.008208,9.960541
3430,1114.333333,9.923000,2,0,0.005875,9.928875
3431,1114.366667,10.282500,2,0,0.019000,10.301500
3432,1114.400000,9.896625,2,0,0.010833,9.907458
3433,1114.433333,10.261459,2,0,0.009166,10.270625
3434,1114.466667,10.136500,2,0,0.009333,10.145833
3435,1114.500000,9.892250,2,0,0.009584,9.901834
3436,1114.533333,10.683834,2,0,0.005250,10.689084
3437,1114.566667,10.031625,2,0,0.009667,10.041292
3438,1114.600000,10.659000,2,0,0.009625,10.668625
3439,1114.633333,10.499750,2,0,0.019625,10.519375
3440,1114.666667,9.713083,2,0,0.012250,9.725333
3441,1114.700000,10.219417,2,0,0.006500,10.225917
3442,1114.733333,9.425125,2,0,0.009125,9.434250
3443,1114.766667,8.356458,2,0,0.021000,8.377458
3444,1114.800000,7.636917,2,0,0.013541,7.650458
3445,1114.833333,9.088500,2,0,0.012708,9.101208
3446,1114.866667,8.708709,2,0,0.011041,8.719750
3447,1114.900000,8.980625,2,0,0.010583,8.991208
3448,1114.933333,9.255958,2,0,0.008167,9.264125
3449,1114.966667,9.463583,2,0,0.019542,9.483125
3450,1115.000000,9.998917,2,0,0.011333,10.010250
3451,1115.033333,9.945666,2,0,0.016709,9.962375
3452,1115.066667,9.467333,2,0,0.017542,9.484875
3453,1115.100000,10.264000,2,0,0.013125,10.277125
3454,1115.133333,10.040667,2,0,0.007833,10.048500
3455,1115.166667,10.059083,2,0,0.014167,10.073250
3456,1115.200000,9.921000,2,0,0.007541,9.928541
3457,1115.233333,10.437792,2,0,0.012792,10.450584
3458,1115.266667,9.778292,2,0,0.008792,9.787084
3459,1115.300000,8.337791,2,0,0.006959,8.344750
3460,1115.333333,7.453541,2,0,0.019084,7.472625
3461,1115.366667,8.015541,2,0,0.018334,8.033875
3462,1115.400000,8.443334,2,0,0.017000,8.460334
3463,1115.433333,9.293125,2,0,0.009833,9.302958
3464,1115.466667,9.543416,2,0,0.018625,9.562041
3465,1115.500000,10.289250,2,0,0.005416,10.294666
3466,1115.533333,10.058958,2,0,0.009000,10.067958
3467,1115.566667,10.014333,2,0,0.011959,10.026292
3468,1115.600000,10.225709,2,0,0.011125,10.236834
3469,1115.633333,9.964583,2,0,0.008625,9.973208
3470,1115.666667,9.868833,2,0,0.005417,9.874250
3471,1115.700000,10.451667,2,0,0.009583,10.461250
3472,1115.733333,10.719541,2,0,0.008667,10.728208
3473,1115.766667,10.208125,2,0,0.018333,10.226458
3474,1115.800000,10.163333,2,0,0.017667,10.181000
3475,1115.833333,11.096666,2,0,0.017500,11.114166
3476,1115.866667,10.579083,2,0,0.010167,10.589250
3477,1115.900000,8.969667,2,0,0.019583,8.989250
3478,1115.933333,8.633209,2,0,0.009333,8.642542
3479,1115.966667,8.193000,2,0,0.019333,8.212333
3480,1116.000000,8.665208,2,0,0.007125,8.672333
3481,1116.033333,9.424250,2,0,0.015750,9.440000
3482,1116.066667,9.659542,2,0,0.013375,9.672917
3483,1116.100000,9.818667,2,0,0.018916,9.837583
3484,1116.133333,9.795209,2,0,0.016666,9.811875
3485,1116.166667,9.908375,2,0,0.018041,9.926416
3486,1116.200000,9.860000,2,0,0.013709,9.873709
3487,1116.233333,10.081875,2,0,0.010167,10.092042
3488,1116.266667,10.113542,2,0,0.015583,10.129125
3489,1116.300000,9.863458,2,0,0.009792,9.873250
3490,1116.333333,10.560833,2,0,0.013250,10.574083
3491,1116.366667,9.823834,2,0,0.008958,9.832792
3492,1116.400000,8.890666,2,0,0.006584,8.897250
3493,1116.433333,8.219125,2,0,0.009292,8.228417
3494,1116.466667,8.014084,2,0,0.009875,8.023959
3495,1116.500000,8.127500,2,0,0.009708,8.137208
3496,1116.533333,8.798625,2,0,0.008334,8.806959
3497,1116.566667,9.257250,2,0,0.008708,9.265958
3498,1116.600000,9.534541,2,0,0.008292,9.542833
3499,1116.633333,9.962416,2,0,0.009084,9.971500
3500,1116.666667,9.851333,2,0,0.010625,9.861958
3501,1116.700000,10.232541,2,0,0.010917,10.243458
3502,1116.733333,10.320125,2,0,0.007167,10.327292
3503,1116.766667,10.761917,2,0,0.011125,10.773042
3504,1116.800000,10.305709,2,0,0.009583,10.315292
3505,1116.833333,10.404958,2,0,0.019417,10.424375
3506,1116.866667,10.508959,2,0,0.011458,10.520417
3507,1116.900000,10.515084,2,0,0.010250,10.525334
3508,1116.933333,9.824708,2,0,0.005417,9.830125
3509,1116.966667,10.278875,2,0,0.018958,10.297833
3510,1117.000000,9.753750,2,0,0.006125,9.759875
3511,1117.033333,8.653375,2,0,0.008500,8.661875
3512,1117.066667,7.546542,2,0,0.008667,7.555209
3513,1117.100000,8.011208,2,0,0.016583,8.027791
3514,1117.133333,8.438375,2,0,0.019125,8.457500
3515,1117.166667,8.931209,2,0,0.008333,8.939542
3516,1117.200000,9.242291,2,0,0.013000,9.255291
3517,1117.233333,9.640667,2,0,0.009958,9.650625
3518,1117.266667,9.982209,2,0,0.018750,10.000959
3519,1117.300000,9.759750,2,0,0.015209,9.774959
3520,1117.333333,10.021708,2,0,0.009917,10.031625
3521,1117.366667,10.194125,2,0,0.006666,10.200791
3522,1117.400000,9.447708,2,0,0.008500,9.456208
3523,1117.433333,8.935500,2,0,0.009334,8.944834
3524,1117.466667,8.692375,2,0,0.006625,8.699000
3525,1117.500000,7.996834,2,0,0.008125,8.004959
3526,1117.533333,8.409583,2,0,0.014042,8.423625
3527,1117.566667,8.458417,2,0,0.008208,8.466625
3528,1117.600000,9.141959,2,0,0.014250,9.156209
3529,1117.633333,9.248458,2,0,0.015458,9.263916
3530,1117.666667,9.746459,2,0,0.010583,9.757042
3531,1117.700000,9.760958,2,0,0.018125,9.779083
3532,1117.733333,10.859000,2,0,0.010208,10.869208
3533,1117.766667,9.841417,2,0,0.008292,9.849709
3534,1117.800000,9.008291,2,0,0.009875,9.018166
3535,1117.833333,8.509209,2,0,0.010875,8.520084
3536,1117.866667,10.958625,2,0,0.008666,10.967291
3537,1117.900000,8.042041,2,0,0.008875,8.050916
3538,1117.933333,8.147917,2,0,0.007666,8.155583
3539,1117.966667,8.998750,2,0,0.010333,9.009083
3540,1118.000000,9.880000,2,0,0.014666,9.894666
3541,1118.033333,9.919292,2,0,0.008875,9.928167
3542,1118.066667,9.887750,2,0,0.008458,9.896208
3543,1118.100000,10.221667,2,0,0.010125,10.231792
3544,1118.133333,10.057375,2,0,0.013416,10.070791
3545,1118.166667,11.487292,2,0,0.010750,11.498042
3546,1118.200000,10.276625,2,0,0.009292,10.285917
3547,1118.233333,10.443458,2,0,0.010459,10.453917
3548,1118.266667,11.175667,2,0,0.011208,11.186875
3549,1118.300000,9.920542,2,0,0.004333,9.924875
3550,1118.333333,8.737667,2,0,0.008625,8.746292
3551,1118.366667,9.127375,2,0,0.010292,9.137667
3552,1118.400000,8.650708,2,0,0.006417,8.657125
3553,1118.433333,8.764333,2,0,0.006542,8.770875
3554,1118.466667,8.658834,2,0,0.010500,8.669334
3555,1118.500000,8.163292,2,0,0.008708,8.172000
3556,1118.533333,8.469041,2,0,0.004917,8.473958
3557,1118.566667,9.365083,2,0,0.010125,9.375208
3558,1118.600000,9.438875,2,0,0.012667,9.451542
3559,1118.633333,10.140958,2,0,0.004417,10.145375
3560,1118.666667,10.546791,2,0,0.011084,10.557875
3561,1118.700000,9.574167,2,0,0.004625,9.578792
3562,1118.733333,8.607583,2,0,0.009750,8.617333
3563,1118.766667,9.343000,2,0,0.010125,9.353125
3564,1118.800000,9.018416,2,0,0.010750,9.029166
3565,1118.833333,8.086291,2,0,0.007375,8.093666
3566,1118.866667,8.265958,2,0,0.010209,8.276167
3567,1118.900000,8.657875,2,0,0.009583,8.667458
3568,1118.933333,9.738750,2,0,0.008666,9.747416
3569,1118.966667,9.767792,2,0,0.005791,9.773583
3570,1119.000000,10.178333,2,0,0.014042,10.192375
3571,1119.033333,9.995292,2,0,0.005875,10.001167
3572,1119.066667,10.043250,2,0,0.017084,10.060334
3573,1119.100000,10.690042,2,0,0.008333,10.698375
3574,1119.133333,11.071333,2,0,0.012542,11.083875
3575,1119.166667,11.211958,2,0,0.010292,11.222250
3576,1119.200000,10.859542,2,0,0.010541,10.870083
3577,1119.233333,10.523291,2,0,0.018584,10.541875
3578,1119.266667,10.303291,2,0,0.010250,10.313541
3579,1119.300000,11.279083,2,0,0.011333,11.290416
3580,1119.333333,9.915625,2,0,0.007958,9.923583
3581,1119.366667,9.325000,2,0,0.008625,9.333625
3582,1119.400000,8.789792,2,0,0.006417,8.796209
3583,1119.433333,9.070750,2,0,0.011292,9.082042
3584,1119.466667,8.745833,2,0,0.007750,8.753583
3585,1119.500000,7.962625,2,0,0.009542,7.972167
3586,1119.533333,8.358834,2,0,0.008791,8.367625
3587,1119.566667,8.767625,2,0,0.008541,8.776166
3588,1119.600000,9.005416,2,0,0.014542,9.019958
3589,1119.633333,9.739500,2,0,0.005083,9.744583
3590,1119.666667,10.131208,2,0,0.012084,10.143292
3591,1119.700000,11.025000,2,0,0.019500,11.044500
3592,1119.733333,10.353209,2,0,0.013083,10.366292
3593,1119.766667,10.866000,2,0,0.014125,10.880125
3594,1119.800000,10.179250,2,0,0.004417,10.183667
3595,1119.833333,9.952167,2,0,0.019041,9.971208
3596,1119.866667,10.754583,2,0,0.019000,10.773583
3597,1119.900000,9.993292,2,0,0.010250,10.003542
3598,1119.933333,10.184583,2,0,0.009042,10.193625
3599,1119.966667,11.181916,2,0,0.019084,11.201000
3600,1120.000000,10.397875,2,0,0.010708,10.408583
3601,1120.033333,9.976042,2,0,0.008458,9.984500
3602,1120.066667,11.006542,2,0,0.019958,11.026500
3603,1120.100000,10.354292,2,0,0.012291,10.366583
3604,1120.133333,10.287916,2,0,0.013209,10.301125
3605,1120.166667,10.265500,2,0,0.016917,10.282417
3606,1120.200000,10.426750,2,0,0.016458,10.443208
3607,1120.233333,10.282666,2,0,0.009667,10.292333
3608,1120.266667,10.533958,2,0,0.009417,10.543375
3609,1120.300000,10.487125,2,0,0.010083,10.497208
3610,1120.333333,10.606458,2,0,0.010875,10.617333
3611,1120.366667,11.066000,2,0,0.012416,11.078416
3612,1120.400000,10.252000,2,0,0.016833,10.268833
3613,1120.433333,10.510625,2,0,0.015792,10.526417
3614,1120.466667,11.569625,2,0,0.009334,11.578959
3615,1120.500000,10.228041,2,0,0.010750,10.238791
3616,1120.533333,9.968833,2,0,0.009625,9.978458
3617,1120.566667,10.196458,2,0,0.011042,10.207500
3618,1120.600000,10.163791,2,0,0.009417,10.173208
3619,1120.633333,10.285458,2,0,0.004375,10.289833
3620,1120.666667,10.854375,2,0,0.009541,10.863916
3621,1120.700000,10.322959,2,0,0.018416,10.341375
3622,1120.733333,10.147375,2,0,0.019875,10.167250
3623,1120.766667,11.107875,2,0,0.017750,11.125625
3624,1120.800000,10.998541,2,0,0.011750,11.010291
3625,1120.833333,10.375209,2,0,0.006916,10.382125
3626,1120.866667,10.222500,2,0,0.005458,10.227958
3627,1120.900000,10.958041,2,0,0.011375,10.969416
3628,1120.933333,10.316750,2,0,0.010334,10.327084
3629,1120.966667,10.294708,2,0,0.010250,10.304958
3630,1121.000000,10.764125,2,0,0.018250,10.782375
3631,1121.033333,10.759417,2,0,0.010375,10.769792
3632,1121.066667,11.404250,2,0,0.012667,11.416917
3633,1121.100000,10.561750,2,0,0.016958,10.578708
3634,1121.133333,10.389000,2,0,0.010542,10.399542
3635,1121.166667,10.797875,2,0,0.017583,10.815458
3636,1121.200000,11.124917,2,0,0.017333,11.142250
3637,1121.233333,10.559375,2,0,0.021916,10.581291
3638,1121.266667,10.274083,2,0,0.009083,10.283166
3639,1121.300000,10.492666,2,0,0.017667,10.510333
3640,1121.333333,10.728166,2,0,0.011375,10.739541
3641,1121.366667,10.605083,2,0,0.017709,10.622792
3642,1121.400000,10.251708,2,0,0.018583,10.270291
3643,1121.433333,10.137500,2,0,0.008875,10.146375
3644,1121.466667,10.356041,2,0,0.013584,10.369625
3645,1121.500000,10.224250,2,0,0.020500,10.244750
3646,1121.533333,10.415209,2,0,0.017291,10.432500
3647,1121.566667,10.211500,2,0,0.009541,10.221041
3648,1121.600000,10.611583,2,0,0.008583,10.620166
3649,1121.633333,10.466583,2,0,0.010167,10.476750
3650,1121.666667,10.512875,2,0,0.010167,10.523042
3651,1121.700000,11.635834,2,0,0.007166,11.643000
3652,1121.733333,12.531500,2,0,0.012625,12.544125
3653,1121.766667,10.924458,2,0,0.009625,10.934083
3654,1121.800000,10.451833,2,0,0.006792,10.458625
3655,1121.833333,10.557959,2,0,0.010833,10.568792
3656,1121.866667,10.193500,2,0,0.017042,10.210542
3657,1121.900000,10.767916,2,0,0.018834,10.786750
3658,1121.933333,10.758417,2,0,0.005750,10.764167
3659,1121.966667,11.065542,2,0,0.007667,11.073209
3660,1122.000000,10.903917,2,0,0.015708,10.919625
3661,1122.033333,11.165792,2,0,0.011792,11.177584
3662,1122.066667,10.661125,2,0,0.015167,10.676292
3663,1122.100000,10.846083,2,0,0.018750,10.864833
3664,1122.133333,10.510000,2,0,0.009792,10.519792
3665,1122.166667,10.576000,2,0,0.012625,10.588625
3666,1122.200000,10.614250,2,0,0.017875,10.632125
3667,1122.233333,10.737167,2,0,0.014166,10.751333
3668,1122.266667,10.770042,2,0,0.018458,10.788500
3669,1122.300000,10.410167,2,0,0.015666,10.425833
3670,1122.333333,11.064459,2,0,0.011833,11.076292
3671,1122.366667,10.511875,2,0,0.011208,10.523083
3672,1122.400000,10.886375,2,0,0.019541,10.905916
3673,1122.433333,10.846750,2,0,0.014167,10.860917
3674,1122.466667,10.792292,2,0,0.006250,10.798542
3675,1122.500000,10.348250,2,0,0.005167,10.353417
3676,1122.533333,10.614584,2,0,0.010041,10.624625
3677,1122.566667,10.705125,2,0,0.008416,10.713541
3678,1122.600000,11.399208,2,0,0.011958,11.411166
3679,1122.633333,10.932125,2,0,0.009500,10.941625
3680,1122.666667,10.800417,2,0,0.008041,10.808458
3681,1122.700000,11.052750,2,0,0.017791,11.070541
3682,1122.733333,10.935709,2,0,0.008875,10.944584
3683,1122.766667,10.481959,2,0,0.005875,10.487834
3684,1122.800000,10.515667,2,0,0.011750,10.527417
3685,1122.833333,10.651792,2,0,0.010542,10.662334
3686,1122.866667,11.073250,2,0,0.019125,11.092375
3687,1122.900000,10.585041,2,0,0.018375,10.603416
3688,1122.933333,10.901708,2,0,0.013792,10.915500
3689,1122.966667,10.601417,2,0,0.014125,10.615542
3690,1123.000000,11.400416,2,0,0.017792,11.418208
3691,1123.033333,10.269791,2,0,0.016167,10.285958
3692,1123.066667,10.878250,2,0,0.019125,10.897375
3693,1123.100000,10.514750,2,0,0.008833,10.523583
3694,1123.133333,10.979916,2,0,0.011917,10.991833
3695,1123.166667,12.196916,2,0,0.018209,12.215125
3696,1123.200000,10.941667,2,0,0.017750,10.959417
3697,1123.233333,11.116833,2,0,0.009417,11.126250
3698,1123.266667,12.003708,2,0,0.008792,12.012500
3699,1123.300000,11.066667,2,0,0.011833,11.078500
3700,1123.333333,11.884250,2,0,0.015833,11.900083
3701,1123.366667,10.608625,2,0,0.021500,10.630125
3702,1123.400000,10.854250,2,0,0.012791,10.867041
3703,1123.433333,11.071500,2,0,0.007542,11.079042
3704,1123.466667,10.820958,2,0,0.021125,10.842083
3705,1123.500000,10.877958,2,0,0.012667,10.890625
3706,1123.533333,10.810959,2,0,0.008708,10.819667
3707,1123.566667,11.225292,2,0,0.016000,11.241292
3708,1123.600000,10.804417,2,0,0.009542,10.813959
3709,1123.633333,10.689375,2,0,0.012459,10.701834
3710,1123.666667,11.079500,2,0,0.009541,11.089041
3711,1123.700000,11.035584,2,0,0.007750,11.043334
3712,1123.733333,11.085792,2,0,0.010083,11.095875
3713,1123.766667,10.906500,2,0,0.009917,10.916417
3714,1123.800000,11.388667,2,0,0.010375,11.399042
3715,1123.833333,11.140875,2,0,0.018708,11.159583
3716,1123.866667,11.192208,2,0,0.013125,11.205333
3717,1123.900000,11.104000,2,0,0.010791,11.114791
3718,1123.933333,10.799625,2,0,0.007459,10.807084
3719,1123.966667,11.035000,2,0,0.011958,11.046958
3720,1124.000000,11.305500,2,0,0.008583,11.314083
3721,1124.033333,11.375875,2,0,0.009417,11.385292
3722,1124.066667,11.396459,2,0,0.015541,11.412000
3723,1124.100000,10.671416,2,0,0.009542,10.680958
3724,1124.133333,11.071416,2,0,0.009459,11.080875
3725,1124.166667,11.202708,2,0,0.019667,11.222375
3726,1124.200000,11.266291,2,0,0.020125,11.286416
3727,1124.233333,11.241209,2,0,0.009250,11.250459
3728,1124.266667,11.377333,2,0,0.010958,11.388291
3729,1124.300000,11.389166,2,0,0.010584,11.399750
3730,1124.333333,11.394500,2,0,0.012458,11.406958
3731,1124.366667,11.268750,2,0,0.011542,11.280292
3732,1124.400000,11.389625,2,0,0.011917,11.401542
3733,1124.433333,11.303208,2,0,0.019167,11.322375
3734,1124.466667,11.312417,2,0,0.011583,11.324000
3735,1124.500000,11.227541,2,0,0.011042,11.238583
3736,1124.533333,11.486083,2,0,0.005375,11.491458
3737,1124.566667,11.404542,2,0,0.013042,11.417584
3738,1124.600000,11.306584,2,0,0.015750,11.322334
3739,1124.633333,11.282625,2,0,0.012333,11.294958
3740,1124.666667,11.398750,2,0,0.013666,11.412416
3741,1124.700000,11.570291,2,0,0.013000,11.583291
3742,1124.733333,11.294875,2,0,0.007833,11.302708
3743,1124.766667,11.493750,2,0,0.014000,11.507750
3744,1124.800000,11.376000,2,0,0.007792,11.383792
3745,1124.833333,11.138375,2,0,0.012250,11.150625
3746,1124.866667,10.902166,2,0,0.039000,10.941166
3747,1124.900000,11.283000,2,0,0.008792,11.291792
3748,1124.933333,11.879166,2,0,0.017542,11.896708
3749,1124.966667,11.979667,2,0,0.010916,11.990583
3750,1125.000000,11.693125,2,0,0.017416,11.710541
3751,1125.033333,11.123791,2,0,0.010542,11.134333
3752,1125.066667,12.015792,2,0,0.020458,12.036250
3753,1125.100000,12.046125,2,0,0.010084,12.056209
3754,1125.133333,10.513375,2,0,0.027167,10.540542
3755,1125.166667,11.499166,2,0,0.007292,11.506458
3756,1125.200000,10.762708,2,0,0.009459,10.772167
3757,1125.233333,12.045000,2,0,0.006000,12.051000
3758,1125.266667,10.660417,2,0,0.025333,10.685750
3759,1125.300000,11.001584,2,0,0.008916,11.010500
3760,1125.333333,11.795542,2,0,0.009833,11.805375
3761,1125.366667,11.274084,2,0,0.015250,11.289334
3762,1125.400000,12.092833,2,0,0.008583,12.101416
3763,1125.433333,10.733042,2,0,0.012167,10.745209
3764,1125.466667,11.226125,2,0,0.008584,11.234709
3765,1125.500000,11.506000,2,0,0.006541,11.512541
3766,1125.533333,11.358792,2,0,0.010333,11.369125
3767,1125.566667,12.312625,2,0,0.010500,12.323125
3768,1125.600000,11.389125,2,0,0.007792,11.396917
3769,1125.633333,11.227750,2,0,0.018875,11.246625
3770,1125.666667,11.162084,2,0,0.009125,11.171209
3771,1125.700000,11.054500,2,0,0.009209,11.063709
3772,1125.733333,11.217667,2,0,0.009667,11.227334
3773,1125.766667,11.328917,2,0,0.013750,11.342667
3774,1125.800000,11.986125,2,0,0.009542,11.995667
3775,1125.833333,11.056542,2,0,0.009458,11.066000
3776,1125.866667,12.395292,2,0,0.007417,12.402709
3777,1125.900000,11.344208,2,0,0.010250,11.354458
3778,1125.933333,12.416791,2,0,0.015542,12.432333
3779,1125.966667,13.046542,2,0,0.013333,13.059875
3780,1126.000000,10.576167,2,0,0.004125,10.580292
3781,1126.033333,10.628541,2,0,0.015500,10.644041
3782,1126.066667,11.217792,2,0,0.009083,11.226875
3783,1126.100000,11.419500,2,0,0.013416,11.432916
3784,1126.133333,10.720041,2,0,0.008625,10.728666
3785,1126.166667,11.257750,2,0,0.011167,11.268917
3786,1126.200000,10.922667,2,0,0.013541,10.936208
3787,1126.233333,11.330584,2,0,0.016625,11.347209
3788,1126.266667,11.309458,2,0,0.020458,11.329916
3789,1126.300000,11.342041,2,0,0.011417,11.353458
3790,1126.333333,11.461666,2,0,0.015542,11.477208
3791,1126.366667,11.017667,2,0,0.010708,11.028375
3792,1126.400000,11.150709,2,0,0.009750,11.160459
3793,1126.433333,11.539583,2,0,0.008084,11.547667
3794,1126.466667,10.840208,2,0,0.011583,10.851791
3795,1126.500000,11.357000,2,0,0.018500,11.375500
3796,1126.533333,11.313084,2,0,0.008958,11.322042
3797,1126.566667,11.408417,2,0,0.013708,11.422125
3798,1126.600000,11.496250,2,0,0.016917,11.513167
3799,1126.633333,11.374917,2,0,0.017833,11.392750
3800,1126.666667,11.161333,2,0,0.010834,11.172167
3801,1126.700000,10.952875,2,0,0.011417,10.964292
3802,1126.733333,11.507791,2,0,0.010500,11.518291
3803,1126.766667,11.464667,2,0,0.004833,11.469500
3804,1126.800000,11.526417,2,0,0.011416,11.537833
3805,1126.833333,11.148750,2,0,0.012042,11.160792
3806,1126.866667,11.044167,2,0,0.012625,11.056792
3807,1126.900000,11.128792,2,0,0.009666,11.138458
3808,1126.933333,11.114250,2,0,0.011834,11.126084
3809,1126.966667,10.939208,2,0,0.016417,10.955625
3810,1127.000000,11.669875,2,0,0.009584,11.679459
3811,1127.033333,11.052250,2,0,0.016458,11.068708
3812,1127.066667,11.447792,2,0,0.013166,11.460958
3813,1127.100000,10.956209,2,0,0.010666,10.966875
3814,1127.133333,10.820584,2,0,0.015750,10.836334
3815,1127.166667,11.370791,2,0,0.011375,11.382166
3816,1127.200000,12.312833,2,0,0.015750,12.328583
3817,1127.233333,11.202250,2,0,0.014292,11.216542
3818,1127.266667,10.881375,2,0,0.009792,10.891167
3819,1127.300000,11.187250,2,0,0.004791,11.192041
3820,1127.333333,12.350541,2,0,0.012417,12.362958
3821,1127.366667,11.628666,2,0,0.010875,11.639541
3822,1127.400000,11.034250,2,0,0.009792,11.044042
3823,1127.433333,11.614917,2,0,0.010417,11.625334
3824,1127.466667,12.465333,2,0,0.013334,12.478667
3825,1127.500000,10.989875,2,0,0.010250,11.000125
3826,1127.533333,12.161791,2,0,0.016917,12.178708
3827,1127.566667,11.038375,2,0,0.016667,11.055042
3828,1127.600000,10.420250,2,0,0.007875,10.428125
3829,1127.633333,10.759833,2,0,0.011417,10.771250
3830,1127.666667,11.098583,2,0,0.012500,11.111083
3831,1127.700000,11.130083,2,0,0.016959,11.147042
3832,1127.733333,10.526334,2,0,0.014666,10.541000
3833,1127.766667,10.783875,2,0,0.019875,10.803750
3834,1127.800000,11.113958,2,0,0.005292,11.119250
3835,1127.833333,10.921958,2,0,0.009292,10.931250
3836,1127.866667,10.975333,2,0,0.008833,10.984166
3837,1127.900000,10.821833,2,0,0.017750,10.839583
3838,1127.933333,11.029375,2,0,0.017250,11.046625
3839,1127.966667,12.282917,2,0,0.017542,12.300459
3840,1128.000000,11.431334,2,0,0.005083,11.436417
3841,1128.033333,11.010292,2,0,0.008375,11.018667
3842,1128.066667,11.302833,2,0,0.010709,11.313542
3843,1128.100000,11.240625,2,0,0.009041,11.249666
3844,1128.133333,10.918375,2,0,0.017625,10.936000
3845,1128.166667,11.057000,2,0,0.009833,11.066833
3846,1128.200000,10.831333,2,0,0.011250,10.842583
3847,1128.233333,10.800125,2,0,0.011709,10.811834
3848,1128.266667,11.205541,2,0,0.005625,11.211166
3849,1128.300000,11.278917,2,0,0.009208,11.288125
3850,1128.333333,11.252750,2,0,0.008459,11.261209
3851,1128.366667,11.182125,2,0,0.010292,11.192417
3852,1128.400000,11.321042,2,0,0.012208,11.333250
3853,1128.433333,11.043000,2,0,0.010416,11.053416
3854,1128.466667,11.316583,2,0,0.005542,11.322125
3855,1128.500000,11.009292,2,0,0.019125,11.028417
3856,1128.533333,11.938167,2,0,0.009333,11.947500
3857,1128.566667,11.494833,2,0,0.012333,11.507166
3858,1128.600000,11.776083,2,0,0.010792,11.786875
3859,1128.633333,11.088000,2,0,0.011416,11.099416
3860,1128.666667,10.853333,2,0,0.013208,10.866541
3861,1128.700000,11.902250,2,0,0.018334,11.920584
3862,1128.733333,11.227500,2,0,0.015583,11.243083
3863,1128.766667,10.906834,2,0,0.008625,10.915459
3864,1128.800000,10.846417,2,0,0.016875,10.863292
3865,1128.833333,11.435375,2,0,0.007958,11.443333
3866,1128.866667,11.184209,2,0,0.018375,11.202584
3867,1128.900000,11.374750,2,0,0.019709,11.394459
3868,1128.933333,11.102833,2,0,0.010042,11.112875
3869,1128.966667,11.001292,2,0,0.019958,11.021250
3870,1129.000000,10.992542,2,0,0.016875,11.009417
3871,1129.033333,11.131625,2,0,0.014625,11.146250
3872,1129.066667,11.173000,2,0,0.011500,11.184500
3873,1129.100000,11.135000,2,0,0.016583,11.151583
3874,1129.133333,11.183417,2,0,0.009666,11.193083
3875,1129.166667,10.753250,2,0,0.017541,10.770791
3876,1129.200000,11.199583,2,0,0.009042,11.208625
3877,1129.233333,11.321084,2,0,0.012000,11.333084
3878,1129.266667,11.327583,2,0,0.018709,11.346292
3879,1129.300000,11.055584,2,0,0.013375,11.068959
3880,1129.333333,11.030291,2,0,0.009292,11.039583
3881,1129.366667,11.730875,2,0,0.018625,11.749500
3882,1129.400000,10.972125,2,0,0.011125,10.983250
3883,1129.433333,10.913125,2,0,0.017417,10.930542
3884,1129.466667,10.742250,2,0,0.008750,10.751000
3885,1129.500000,11.364375,2,0,0.007833,11.372208
3886,1129.533333,10.717167,2,0,0.005333,10.722500
3887,1129.566667,10.427834,2,0,0.013500,10.441334
3888,1129.600000,10.820459,2,0,0.006791,10.827250
3889,1129.633333,11.086042,2,0,0.018042,11.104084
3890,1129.666667,10.792083,2,0,0.010958,10.803041
3891,1129.700000,11.010917,2,0,0.006708,11.017625
3892,1129.733333,10.731125,2,0,0.014042,10.745167
3893,1129.766667,10.972833,2,0,0.011833,10.984666
3894,1129.800000,10.780417,2,0,0.009042,10.789459
3895,1129.833333,11.569292,2,0,0.008292,11.577584
3896,1129.866667,11.716458,2,0,0.011042,11.727500
3897,1129.900000,11.140000,2,0,0.013625,11.153625
3898,1129.933333,12.151500,2,0,0.005458,12.156958
3899,1129.966667,11.229500,2,0,0.011041,11.240541
3900,1130.000000,10.920500,2,0,0.009625,10.930125
3901,1130.033333,10.900833,2,0,0.015667,10.916500
3902,1130.066667,11.179041,2,0,0.013667,11.192708
3903,1130.100000,10.961791,2,0,0.008834,10.970625
3904,1130.133333,10.869208,2,0,0.016167,10.885375
3905,1130.166667,11.487417,2,0,0.015375,11.502792
3906,1130.200000,10.528375,2,0,0.010000,10.538375
3907,1130.233333,11.371542,2,0,0.019917,11.391459
3908,1130.266667,11.868208,2,0,0.021458,11.889666
3909,1130.300000,11.114833,2,0,0.016000,11.130833
3910,1130.333333,11.166375,2,0,0.009125,11.175500
3911,1130.366667,11.926458,2,0,0.009042,11.935500
3912,1130.400000,12.054125,2,0,0.010625,12.064750
3913,1130.433333,11.364917,2,0,0.017667,11.382584
3914,1130.466667,11.096917,2,0,0.017625,11.114542
3915,1130.500000,10.734208,2,0,0.016000,10.750208
3916,1130.533333,12.252125,2,0,0.015500,12.267625
3917,1130.566667,10.609334,2,0,0.019416,10.628750
3918,1130.600000,11.198125,2,0,0.018458,11.216583
3919,1130.633333,10.932791,2,0,0.009417,10.942208
3920,1130.666667,10.648792,2,0,0.014333,10.663125
3921,1130.700000,11.021500,2,0,0.008709,11.030209
3922,1130.733333,11.065792,2,0,0.010583,11.076375
3923,1130.766667,10.776875,2,0,0.016250,10.793125
3924,1130.800000,10.709417,2,0,0.008875,10.718292
3925,1130.833333,11.805000,2,0,0.010708,11.815708
3926,1130.866667,10.808375,2,0,0.009917,10.818292
3927,1130.900000,10.690708,2,0,0.015625,10.706333
3928,1130.933333,10.778750,2,0,0.018750,10.797500
3929,1130.966667,10.841375,2,0,0.006750,10.848125
3930,1131.000000,11.001625,2,0,0.008500,11.010125
3931,1131.033333,11.011500,2,0,0.008666,11.020166
3932,1131.066667,10.159750,2,0,0.006417,10.166167
3933,1131.100000,11.156041,2,0,0.011959,11.168000
3934,1131.133333,10.726083,2,0,0.019084,10.745167
3935,1131.166667,11.087375,2,0,0.012208,11.099583
3936,1131.200000,10.983459,2,0,0.011875,10.995334
3937,1131.233333,11.093917,2,0,0.008667,11.102584
3938,1131.266667,10.361583,2,0,0.005209,10.366792
3939,1131.300000,10.700500,2,0,0.011250,10.711750
3940,1131.333333,11.245416,2,0,0.010209,11.255625
3941,1131.366667,10.834750,2,0,0.009875,10.844625
3942,1131.400000,10.938292,2,0,0.010125,10.948417
3943,1131.433333,11.095083,2,0,0.008667,11.103750
3944,1131.466667,11.054333,2,0,0.013792,11.068125
3945,1131.500000,10.804375,2,0,0.008417,10.812792
3946,1131.533333,10.836542,2,0,0.010708,10.847250
3947,1131.566667,10.902250,2,0,0.008709,10.910959
3948,1131.600000,11.521708,2,0,0.010208,11.531916
3949,1131.633333,10.639125,2,0,0.021250,10.660375
3950,1131.666667,11.223375,2,0,0.009750,11.233125
3951,1131.700000,11.535375,2,0,0.008958,11.544333
3952,1131.733333,10.907500,2,0,0.012584,10.920084
3953,1131.766667,11.460750,2,0,0.017791,11.478541
3954,1131.800000,10.636334,2,0,0.008708,10.645042
3955,1131.833333,11.107875,2,0,0.008709,11.116584
3956,1131.866667,10.475917,2,0,0.009041,10.484958
3957,1131.900000,10.743917,2,0,0.018708,10.762625
3958,1131.933333,10.210000,2,0,0.009083,10.219083
3959,1131.966667,10.658083,2,0,0.009209,10.667292
3960,1132.000000,11.678417,2,0,0.005208,11.683625
3961,1132.033333,10.978791,2,0,0.010125,10.988916
3962,1132.066667,10.615291,2,0,0.008625,10.623916
3963,1132.100000,10.516708,2,0,0.009625,10.526333
3964,1132.133333,10.588875,2,0,0.008833,10.597708
3965,1132.166667,10.408000,2,0,0.010500,10.418500
3966,1132.200000,10.667000,2,0,0.010166,10.677166
3967,1132.233333,10.418167,2,0,0.013583,10.431750
3968,1132.266667,10.748958,2,0,0.009250,10.758208
3969,1132.300000,10.877583,2,0,0.010834,10.888417
3970,1132.333333,10.902417,2,0,0.010125,10.912542
3971,1132.366667,10.859292,2,0,0.008708,10.868000
3972,1132.400000,10.646875,2,0,0.010292,10.657167
3973,1132.433333,10.239208,2,0,0.011584,10.250792
3974,1132.466667,10.028084,2,0,0.010291,10.038375
3975,1132.500000,11.578250,2,0,0.013542,11.591792
3976,1132.533333,10.018875,2,0,0.017792,10.036667
3977,1132.566667,10.231084,2,0,0.011291,10.242375
3978,1132.600000,11.326334,2,0,0.006041,11.332375
3979,1132.633333,10.673625,2,0,0.011542,10.685167
3980,1132.666667,10.974417,2,0,0.020958,10.995375
3981,1132.700000,10.595041,2,0,0.005667,10.600708
3982,1132.733333,10.916334,2,0,0.015125,10.931459
3983,1132.766667,10.886041,2,0,0.011834,10.897875
3984,1132.800000,10.205709,2,0,0.009958,10.215667
3985,1132.833333,10.524333,2,0,0.018667,10.543000
3986,1132.866667,11.414792,2,0,0.010166,11.424958
3987,1132.900000,10.175791,2,0,0.010250,10.186041
3988,1132.933333,10.143584,2,0,0.016500,10.160084
3989,1132.966667,10.764333,2,0,0.010833,10.775166
3990,1133.000000,10.629709,2,0,0.005416,10.635125
3991,1133.033333,11.186417,2,0,0.016416,11.202833
3992,1133.066667,11.485167,2,0,0.019208,11.504375
3993,1133.100000,11.006625,2,0,0.020541,11.027166
3994,1133.133333,10.459875,2,0,0.016792,10.476667
3995,1133.166667,10.426333,2,0,0.011125,10.437458
3996,1133.200000,10.410292,2,0,0.018625,10.428917
3997,1133.233333,10.737584,2,0,0.018583,10.756167
3998,1133.266667,10.477625,2,0,0.009667,10.487292
3999,1133.300000,10.022125,2,0,0.009000,10.031125
4000,1133.333333,10.761334,2,0,0.018583,10.779917
4001,1133.366667,10.379500,2,0,0.011833,10.391333
4002,1133.400000,10.208416,2,0,0.018875,10.227291
4003,1133.433333,10.218709,2,0,0.011708,10.230417
4004,1133.466667,11.527792,2,0,0.017750,11.545542
4005,1133.500000,10.240625,2,0,0.013000,10.253625
4006,1133.533333,10.362084,2,0,0.009666,10.371750
4007,1133.566667,10.409750,2,0,0.007167,10.416917
4008,1133.600000,10.308125,2,0,0.010042,10.318167
4009,1133.633333,10.825041,2,0,0.011417,10.836458
4010,1133.666667,10.167833,2,0,0.018959,10.186792
4011,1133.700000,10.686000,2,0,0.005750,10.691750
4012,1133.733333,10.629125,2,0,0.015000,10.644125
4013,1133.766667,10.953208,2,0,0.013417,10.966625
4014,1133.800000,10.338625,2,0,0.009750,10.348375
4015,1133.833333,10.883666,2,0,0.011625,10.895291
4016,1133.866667,10.302458,2,0,0.009208,10.311666
4017,1133.900000,9.913625,2,0,0.018458,9.932083
4018,1133.933333,10.333583,2,0,0.007625,10.341208
4019,1133.966667,10.063459,2,0,0.020458,10.083917
4020,1134.000000,10.433083,2,0,0.008375,10.441458
4021,1134.033333,10.514625,2,0,0.005458,10.520083
4022,1134.066667,11.058708,2,0,0.009083,11.067791
4023,1134.100000,11.867542,2,0,0.005125,11.872667
4024,1134.133333,10.766625,2,0,0.005417,10.772042
4025,1134.166667,10.529167,2,0,0.013125,10.542292
4026,1134.200000,10.683334,2,0,0.009833,10.693167
4027,1134.233333,10.755417,2,0,0.019583,10.775000
4028,1134.266667,10.219292,2,0,0.010125,10.229417
4029,1134.300000,10.145041,2,0,0.004959,10.150000
4030,1134.333333,10.443209,2,0,0.011541,10.454750
4031,1134.366667,10.919875,2,0,0.012208,10.932083
4032,1134.400000,10.585166,2,0,0.011542,10.596708
4033,1134.433333,10.554833,2,0,0.018167,10.573000
4034,1134.466667,10.628333,2,0,0.017792,10.646125
4035,1134.500000,11.437208,2,0,0.018458,11.455666
4036,1134.533333,10.166291,2,0,0.007917,10.174208
4037,1134.566667,10.517583,2,0,0.017875,10.535458
4038,1134.600000,10.710250,2,0,0.018500,10.728750
4039,1134.633333,10.416959,2,0,0.014625,10.431584
4040,1134.666667,10.633417,2,0,0.012042,10.645459
4041,1134.700000,10.508250,2,0,0.012250,10.520500
4042,1134.733333,10.357625,2,0,0.018208,10.375833
4043,1134.766667,10.847875,2,0,0.007625,10.855500
4044,1134.800000,10.557417,2,0,0.014667,10.572084
4045,1134.833333,10.833667,2,0,0.005708,10.839375
4046,1134.866667,9.850375,2,0,0.011792,9.862167
4047,1134.900000,10.601875,2,0,0.013875,10.615750
4048,1134.933333,10.916167,2,0,0.009375,10.925542
4049,1134.966667,10.395583,2,0,0.013667,10.409250
4050,1135.000000,10.404875,2,0,0.015333,10.420208
4051,1135.033333,10.174666,2,0,0.015459,10.190125
4052,1135.066667,9.707958,2,0,0.018084,9.726042
4053,1135.100000,10.388834,2,0,0.014625,10.403459
4054,1135.133333,10.514875,2,0,0.013042,10.527917
4055,1135.166667,10.575417,2,0,0.005708,10.581125
4056,1135.200000,10.701250,2,0,0.010166,10.711416
4057,1135.233333,10.218416,2,0,0.019209,10.237625
4058,1135.266667,10.068042,2,0,0.004458,10.072500
4059,1135.300000,10.385416,2,0,0.013292,10.398708
4060,1135.333333,10.033375,2,0,0.012084,10.045459
4061,1135.366667,9.904667,2,0,0.017208,9.921875
4062,1135.400000,10.273542,2,0,0.018166,10.291708
4063,1135.433333,10.116958,2,0,0.010834,10.127792
4064,1135.466667,9.710000,2,0,0.008541,9.718541
4065,1135.500000,10.262500,2,0,0.015167,10.277667
4066,1135.533333,10.241750,2,0,0.020958,10.262708
4067,1135.566667,10.399833,2,0,0.011875,10.411708
4068,1135.600000,10.220125,2,0,0.008584,10.228709
4069,1135.633333,10.216375,2,0,0.013167,10.229542
4070,1135.666667,10.308417,2,0,0.017541,10.325958
4071,1135.700000,10.170834,2,0,0.019291,10.190125
4072,1135.733333,10.218875,2,0,0.010958,10.229833
4073,1135.766667,9.987792,2,0,0.011250,9.999042
4074,1135.800000,10.029500,2,0,0.015041,10.044541
4075,1135.833333,10.230666,2,0,0.018084,10.248750
4076,1135.866667,10.072917,2,0,0.019333,10.092250
4077,1135.900000,9.966875,2,0,0.009916,9.976791
4078,1135.933333,9.996583,2,0,0.011542,10.008125
4079,1135.966667,10.328875,2,0,0.005792,10.334667
4080,1136.000000,10.434542,2,0,0.015292,10.449834
4081,1136.033333,10.237667,2,0,0.006125,10.243792
4082,1136.066667,10.072667,2,0,0.011458,10.084125
4083,1136.100000,9.986292,2,0,0.007208,9.993500
4084,1136.133333,10.356459,2,0,0.019083,10.375542
4085,1136.166667,10.169584,2,0,0.007000,10.176584
4086,1136.200000,10.296625,2,0,0.011167,10.307792
4087,1136.233333,10.148708,2,0,0.008250,10.156958
4088,1136.266667,10.238750,2,0,0.018917,10.257667
4089,1136.300000,10.359791,2,0,0.009625,10.369416
4090,1136.333333,10.079250,2,0,0.011125,10.090375
4091,1136.366667,10.446375,2,0,0.015208,10.461583
4092,1136.400000,10.084667,2,0,0.012667,10.097334
4093,1136.433333,10.536000,2,0,0.008250,10.544250
4094,1136.466667,10.619750,2,0,0.010667,10.630417
4095,1136.500000,10.287250,2,0,0.007084,10.294334
4096,1136.533333,9.977417,2,0,0.017958,9.995375
4097,1136.566667,10.825958,2,0,0.012708,10.838666
4098,1136.600000,11.943417,2,0,0.006708,11.950125
4099,1136.633333,9.828000,2,0,0.012000,9.840000
4100,1136.666667,10.538500,2,0,0.011125,10.549625
4101,1136.700000,10.370125,2,0,0.009292,10.379417
4102,1136.733333,10.276125,2,0,0.013042,10.289167
4103,1136.766667,10.405334,2,0,0.019375,10.424709
4104,1136.800000,10.038625,2,0,0.010333,10.048958
4105,1136.833333,10.521625,2,0,0.008750,10.530375
4106,1136.866667,10.474541,2,0,0.017084,10.491625
4107,1136.900000,10.221875,2,0,0.010084,10.231959
4108,1136.933333,10.297875,2,0,0.019667,10.317542
4109,1136.966667,10.075459,2,0,0.011333,10.086792
4110,1137.000000,10.479833,2,0,0.012084,10.491917
4111,1137.033333,9.891250,2,0,0.011333,9.902583
4112,1137.066667,10.031542,2,0,0.009541,10.041083
4113,1137.100000,10.265750,2,0,0.010458,10.276208
4114,1137.133333,10.910750,2,0,0.009250,10.920000
4115,1137.166667,10.558875,2,0,0.008125,10.567000
4116,1137.200000,10.011917,2,0,0.020292,10.032209
4117,1137.233333,9.883875,2,0,0.011666,9.895541
4118,1137.266667,10.125750,2,0,0.010709,10.136459
4119,1137.300000,10.255292,2,0,0.014500,10.269792
4120,1137.333333,10.289292,2,0,0.009375,10.298667
4121,1137.366667,10.296500,2,0,0.007000,10.303500
4122,1137.400000,10.417125,2,0,0.010666,10.427791
4123,1137.433333,10.517458,2,0,0.008625,10.526083
4124,1137.466667,10.896250,2,0,0.015000,10.911250
4125,1137.500000,10.244750,2,0,0.016500,10.261250
4126,1137.533333,10.440292,2,0,0.017333,10.457625
4127,1137.566667,10.332875,2,0,0.008042,10.340917
4128,1137.600000,10.339375,2,0,0.010084,10.349459
4129,1137.633333,10.349333,2,0,0.011542,10.360875
4130,1137.666667,10.327458,2,0,0.013709,10.341167
4131,1137.700000,10.130500,2,0,0.009917,10.140417
4132,1137.733333,10.408459,2,0,0.021500,10.429959
4133,1137.766667,10.206500,2,0,0.009583,10.216083
4134,1137.800000,10.605042,2,0,0.018583,10.623625
4135,1137.833333,10.602250,2,0,0.009875,10.612125
4136,1137.866667,10.546292,2,0,0.008500,10.554792
4137,1137.900000,10.922666,2,0,0.006500,10.929166
4138,1137.933333,10.686042,2,0,0.015458,10.701500
4139,1137.966667,10.289000,2,0,0.010750,10.299750
4140,1138.000000,10.445250,2,0,0.010458,10.455708
4141,1138.033333,10.570500,2,0,0.009833,10.580333
4142,1138.066667,10.469708,2,0,0.016667,10.486375
4143,1138.100000,10.972500,2,0,0.020458,10.992958
4144,1138.133333,10.516125,2,0,0.018375,10.534500
4145,1138.166667,10.232459,2,0,0.013125,10.245584
4146,1138.200000,10.731916,2,0,0.007417,10.739333
4147,1138.233333,11.749500,2,0,0.021250,11.770750
4148,1138.266667,10.810000,2,0,0.007625,10.817625
4149,1138.300000,9.934458,2,0,0.024209,9.958667
4150,1138.333333,10.226041,2,0,0.015875,10.241916
4151,1138.366667,9.976083,2,0,0.016459,9.992542
4152,1138.400000,10.739917,2,0,0.020125,10.760042
4153,1138.433333,9.807084,2,0,0.004875,9.811959
4154,1138.466667,10.209000,2,0,0.009084,10.218084
4155,1138.500000,10.313584,2,0,0.019708,10.333292
4156,1138.533333,10.615292,2,0,0.016500,10.631792
4157,1138.566667,9.889917,2,0,0.018583,9.908500
4158,1138.600000,9.824500,2,0,0.011125,9.835625
4159,1138.633333,10.933792,2,0,0.012667,10.946459
4160,1138.666667,10.533166,2,0,0.008084,10.541250
4161,1138.700000,10.148625,2,0,0.009167,10.157792
4162,1138.733333,9.845959,2,0,0.007375,9.853334
4163,1138.766667,11.439959,2,0,0.004791,11.444750
4164,1138.800000,11.051875,2,0,0.010667,11.062542
4165,1138.833333,10.987125,2,0,0.009250,10.996375
4166,1138.866667,9.801375,2,0,0.018708,9.820083
4167,1138.900000,10.774417,2,0,0.012000,10.786417
4168,1138.933333,10.342500,2,0,0.021167,10.363667
4169,1138.966667,10.194166,2,0,0.019000,10.213166
4170,1139.000000,10.217958,2,0,0.018000,10.235958
4171,1139.033333,9.951167,2,0,0.009417,9.960584
4172,1139.066667,10.420125,2,0,0.014584,10.434709
4173,1139.100000,10.730541,2,0,0.009500,10.740041
4174,1139.133333,10.279416,2,0,0.006500,10.285916
4175,1139.166667,10.861583,2,0,0.013084,10.874667
4176,1139.200000,10.169833,2,0,0.013959,10.183792
4177,1139.233333,10.306375,2,0,0.018833,10.325208
4178,1139.266667,10.302250,2,0,0.009542,10.311792
4179,1139.300000,10.199666,2,0,0.004709,10.204375
4180,1139.333333,9.982333,2,0,0.009042,9.991375
4181,1139.366667,10.176166,2,0,0.006084,10.182250
4182,1139.400000,10.270541,2,0,0.016500,10.287041
4183,1139.433333,10.704083,2,0,0.010709,10.714792
4184,1139.466667,10.380167,2,0,0.010916,10.391083
4185,1139.500000,10.555084,2,0,0.012666,10.567750
4186,1139.533333,10.256542,2,0,0.008875,10.265417
4187,1139.566667,10.514042,2,0,0.019250,10.533292
4188,1139.600000,10.129041,2,0,0.017542,10.146583
4189,1139.633333,10.769292,2,0,0.012041,10.781333
4190,1139.666667,10.657042,2,0,0.010292,10.667334
4191,1139.700000,10.655083,2,0,0.009292,10.664375
4192,1139.733333,10.653250,2,0,0.017500,10.670750
4193,1139.766667,9.860417,2,0,0.011333,9.871750
4194,1139.800000,10.339708,2,0,0.012500,10.352208
4195,1139.833333,10.572084,2,0,0.008541,10.580625
4196,1139.866667,10.670833,2,0,0.014250,10.685083
4197,1139.900000,10.106667,2,0,0.009875,10.116542
4198,1139.933333,10.685541,2,0,0.016917,10.702458
4199,1139.966667,9.969458,2,0,0.009334,9.978792
4200,1140.000000,10.494500,2,0,0.008667,10.503167
4201,1140.033333,10.634125,2,0,0.008250,10.642375
4202,1140.066667,10.531416,2,0,0.018917,10.550333
4203,1140.100000,10.370125,2,0,0.009125,10.379250
4204,1140.133333,10.043750,2,0,0.013625,10.057375
4205,1140.166667,10.459500,2,0,0.010042,10.469542
4206,1140.200000,10.996958,2,0,0.010292,11.007250
4207,1140.233333,9.576000,2,0,0.008375,9.584375
4208,1140.266667,11.233500,2,0,0.013959,11.247459
4209,1140.300000,10.507541,2,0,0.014042,10.521583
4210,1140.333333,10.501583,2,0,0.012292,10.513875
4211,1140.366667,10.036875,2,0,0.012334,10.049209
4212,1140.400000,10.086458,2,0,0.008209,10.094667
4213,1140.433333,10.027625,2,0,0.006958,10.034583
4214,1140.466667,9.925334,2,0,0.007458,9.932792
4215,1140.500000,9.898500,2,0,0.017708,9.916208
4216,1140.533333,11.137875,2,0,0.017417,11.155292
4217,1140.566667,9.282625,2,0,0.010708,9.293333
4218,1140.600000,11.213333,2,0,0.010375,11.223708
4219,1140.633333,9.867917,2,0,0.007458,9.875375
4220,1140.666667,10.248583,2,0,0.019000,10.267583
4221,1140.700000,10.635833,2,0,0.012625,10.648458
4222,1140.733333,10.196875,2,0,0.017084,10.213959
4223,1140.766667,10.704083,2,0,0.010333,10.714416
4224,1140.800000,10.006500,2,0,0.008750,10.015250
4225,1140.833333,9.752625,2,0,0.011375,9.764000
4226,1140.866667,10.505959,2,0,0.009416,10.515375
4227,1140.900000,11.634083,2,0,0.011875,11.645958
4228,1140.933333,10.034417,2,0,0.010042,10.044459
4229,1140.966667,10.200708,2,0,0.011333,10.212041
4230,1141.000000,10.370750,2,0,0.005250,10.376000
4231,1141.033333,10.174708,2,0,0.020834,10.195542
4232,1141.066667,10.439625,2,0,0.007667,10.447292
4233,1141.100000,10.103750,2,0,0.009458,10.113208
4234,1141.133333,9.970791,2,0,0.011084,9.981875
4235,1141.166667,11.675083,2,0,0.009584,11.684667
4236,1141.200000,12.143458,2,0,0.011334,12.154792
4237,1141.233333,9.832209,2,0,0.011458,9.843667
4238,1141.266667,10.388292,2,0,0.010583,10.398875
4239,1141.300000,10.494375,2,0,0.013542,10.507917
4240,1141.333333,10.532792,2,0,0.016416,10.549208
4241,1141.366667,10.010583,2,0,0.009250,10.019833
4242,1141.400000,9.827042,2,0,0.017750,9.844792
4243,1141.433333,9.974541,2,0,0.009834,9.984375
4244,1141.466667,9.863500,2,0,0.007209,9.870709
4245,1141.500000,10.274792,2,0,0.018750,10.293542
4246,1141.533333,10.523667,2,0,0.018750,10.542417
4247,1141.566667,10.418333,2,0,0.022208,10.440541
4248,1141.600000,9.971291,2,0,0.019542,9.990833
4249,1141.633333,9.752250,2,0,0.009834,9.762084
4250,1141.666667,9.998666,2,0,0.010834,10.009500
4251,1141.700000,9.907292,2,0,0.006292,9.913584
4252,1141.733333,10.158458,2,0,0.017709,10.176167
4253,1141.766667,10.181458,2,0,0.019042,10.200500
4254,1141.800000,9.830209,2,0,0.009250,9.839459
4255,1141.833333,10.018250,2,0,0.011208,10.029458
4256,1141.866667,9.870917,2,0,0.005875,9.876792
4257,1141.900000,10.151500,2,0,0.015167,10.166667
4258,1141.933333,10.229167,2,0,0.018250,10.247417
4259,1141.966667,10.261417,2,0,0.009583,10.271000
4260,1142.000000,9.865625,2,0,0.010125,9.875750
4261,1142.033333,9.804542,2,0,0.013375,9.817917
4262,1142.066667,9.605834,2,0,0.011166,9.617000
4263,1142.100000,9.493208,2,0,0.010125,9.503333
4264,1142.133333,9.462709,2,0,0.013958,9.476667
4265,1142.166667,9.666542,2,0,0.018458,9.685000
4266,1142.200000,10.096208,2,0,0.008792,10.105000
4267,1142.233333,10.059000,2,0,0.009125,10.068125
4268,1142.266667,9.977291,2,0,0.010042,9.987333
4269,1142.300000,9.624917,2,0,0.008542,9.633459
4270,1142.333333,10.215250,2,0,0.018209,10.233459
4271,1142.366667,10.217000,2,0,0.010125,10.227125
4272,1142.400000,9.895250,2,0,0.015916,9.911166
4273,1142.433333,10.334500,2,0,0.010917,10.345417
4274,1142.466667,10.112959,2,0,0.008583,10.121542
4275,1142.500000,10.293125,2,0,0.017584,10.310709
4276,1142.533333,10.437917,2,0,0.009708,10.447625
4277,1142.566667,10.540417,2,0,0.012958,10.553375
4278,1142.600000,10.863125,2,0,0.014334,10.877459
4279,1142.633333,10.238792,2,0,0.010500,10.249292
4280,1142.666667,10.260792,2,0,0.009500,10.270292
4281,1142.700000,10.595250,2,0,0.017292,10.612542
4282,1142.733333,10.743084,2,0,0.009375,10.752459
4283,1142.766667,10.337459,2,0,0.012416,10.349875
4284,1142.800000,10.514125,2,0,0.015084,10.529209
4285,1142.833333,10.216875,2,0,0.010958,10.227833
4286,1142.866667,10.620500,2,0,0.010250,10.630750
4287,1142.900000,10.284666,2,0,0.020125,10.304791
4288,1142.933333,9.982917,2,0,0.007375,9.990292
4289,1142.966667,10.672916,2,0,0.016709,10.689625
4290,1143.000000,11.137625,2,0,0.013292,11.150917
4291,1143.033333,10.383750,2,0,0.018000,10.401750
4292,1143.066667,10.270708,2,0,0.017333,10.288041
4293,1143.100000,9.873291,2,0,0.007459,9.880750
4294,1143.133333,10.506500,2,0,0.009291,10.515791
4295,1143.166667,10.157041,2,0,0.009292,10.166333
4296,1143.200000,10.207834,2,0,0.005958,10.213792
4297,1143.233333,10.050792,2,0,0.015417,10.066209
4298,1143.266667,11.413584,2,0,0.006333,11.419917
4299,1143.300000,9.597583,2,0,0.008292,9.605875
4300,1143.333333,10.503083,2,0,0.011958,10.515041
4301,1143.366667,10.348125,2,0,0.019250,10.367375
4302,1143.400000,10.371291,2,0,0.006417,10.377708
4303,1143.433333,10.383458,2,0,0.007917,10.391375
4304,1143.466667,10.631708,2,0,0.011000,10.642708
4305,1143.500000,10.970708,2,0,0.008500,10.979208
4306,1143.533333,10.122458,2,0,0.010250,10.132708
4307,1143.566667,9.899208,2,0,0.009333,9.908541
4308,1143.600000,11.521708,2,0,0.017417,11.539125
4309,1143.633333,9.969708,2,0,0.022250,9.991958
4310,1143.666667,10.256916,2,0,0.014584,10.271500
4311,1143.700000,11.029459,2,0,0.019708,11.049167
4312,1143.733333,10.285333,2,0,0.009458,10.294791
4313,1143.766667,10.021833,2,0,0.012000,10.033833
4314,1143.800000,10.332916,2,0,0.012500,10.345416
4315,1143.833333,10.730708,2,0,0.008500,10.739208
4316,1143.866667,10.575917,2,0,0.018042,10.593959
4317,1143.900000,10.242042,2,0,0.010125,10.252167
4318,1143.933333,10.035750,2,0,0.017167,10.052917
4319,1143.966667,10.255750,2,0,0.009250,10.265000
4320,1144.000000,10.438458,2,0,0.008584,10.447042
4321,1144.033333,11.421750,2,0,0.016250,11.438000
4322,1144.066667,10.439375,2,0,0.010000,10.449375
4323,1144.100000,10.236333,2,0,0.009208,10.245541
4324,1144.133333,10.487084,2,0,0.016291,10.503375
4325,1144.166667,10.413375,2,0,0.010208,10.423583
4326,1144.200000,10.274166,2,0,0.010667,10.284833
4327,1144.233333,9.856791,2,0,0.006125,9.862916
4328,1144.266667,10.956541,2,0,0.008750,10.965291
4329,1144.300000,9.864250,2,0,0.011042,9.875292
4330,1144.333333,9.997667,2,0,0.009208,10.006875
4331,1144.366667,10.361875,2,0,0.006875,10.368750
4332,1144.400000,10.573375,2,0,0.011166,10.584541
4333,1144.433333,9.958334,2,0,0.006208,9.964542
4334,1144.466667,9.661083,2,0,0.004500,9.665583
4335,1144.500000,10.737834,2,0,0.018666,10.756500
4336,1144.533333,10.779167,2,0,0.018208,10.797375
4337,1144.566667,9.605417,2,0,0.012750,9.618167
4338,1144.600000,10.819333,2,0,0.017000,10.836333
4339,1144.633333,10.527958,2,0,0.011042,10.539000
4340,1144.666667,10.055500,2,0,0.009458,10.064958
4341,1144.700000,11.155958,2,0,0.011167,11.167125
4342,1144.733333,10.030666,2,0,0.013000,10.043666
4343,1144.766667,10.349625,2,0,0.014834,10.364459
4344,1144.800000,10.675750,2,0,0.010042,10.685792
4345,1144.833333,9.871542,2,0,0.011750,9.883292
4346,1144.866667,9.947625,2,0,0.015750,9.963375
4347,1144.900000,9.994125,2,0,0.010625,10.004750
4348,1144.933333,10.617417,2,0,0.012583,10.630000
4349,1144.966667,9.580208,2,0,0.007167,9.587375
4350,1145.000000,9.401333,2,0,0.016917,9.418250
4351,1145.033333,10.153458,2,0,0.018334,10.171792
4352,1145.066667,9.579292,2,0,0.018875,9.598167
4353,1145.100000,10.080417,2,0,0.012625,10.093042
4354,1145.133333,9.389833,2,0,0.004958,9.394791
4355,1145.166667,9.078333,2,0,0.009458,9.087791
4356,1145.200000,9.440583,2,0,0.011042,9.451625
4357,1145.233333,9.028584,2,0,0.010166,9.038750
4358,1145.266667,8.189125,2,0,0.009042,8.198167
4359,1145.300000,8.079250,2,0,0.018125,8.097375
4360,1145.333333,8.523167,2,0,0.011042,8.534209
4361,1145.366667,8.532083,2,0,0.012417,8.544500
4362,1145.400000,9.279833,2,0,0.009459,9.289292
4363,1145.433333,9.772208,2,0,0.009792,9.782000
4364,1145.466667,10.124167,2,0,0.006417,10.130584
4365,1145.500000,10.088125,2,0,0.015250,10.103375
4366,1145.533333,10.117250,2,0,0.009417,10.126667
4367,1145.566667,10.142125,2,0,0.009625,10.151750
4368,1145.600000,10.592333,2,0,0.009125,10.601458
4369,1145.633333,10.293708,2,0,0.014334,10.308042
4370,1145.666667,10.095500,2,0,0.018959,10.114459
4371,1145.700000,10.345041,2,0,0.008625,10.353666
4372,1145.733333,10.640458,2,0,0.009542,10.650000
4373,1145.766667,10.190000,2,0,0.009541,10.199541
4374,1145.800000,10.036667,2,0,0.008417,10.045084
4375,1145.833333,10.424917,2,0,0.012167,10.437084
4376,1145.866667,10.157875,2,0,0.025541,10.183416
4377,1145.900000,10.986209,2,0,0.017458,11.003667
4378,1145.933333,12.543417,2,0,0.016583,12.560000
4379,1145.966667,10.788792,2,0,0.010208,10.799000
4380,1146.000000,12.421625,2,0,0.019583,12.441208
4381,1146.033333,10.870167,2,0,0.014917,10.885084
4382,1146.066667,10.508709,2,0,0.004291,10.513000
4383,1146.100000,8.749500,2,0,0.005083,8.754583
4384,1146.133333,8.659750,2,0,0.005667,8.665417
4385,1146.166667,8.839792,2,0,0.010958,8.850750
4386,1146.200000,8.778083,2,0,0.008125,8.786208
4387,1146.233333,8.615958,2,0,0.004292,8.620250
4388,1146.266667,8.547959,2,0,0.009500,8.557459
4389,1146.300000,9.427125,2,0,0.017792,9.444917
4390,1146.333333,10.528917,2,0,0.015291,10.544208
4391,1146.366667,10.429667,2,0,0.004625,10.434292
4392,1146.400000,10.892125,2,0,0.011500,10.903625
4393,1146.433333,10.737667,2,0,0.018708,10.756375
4394,1146.466667,11.125500,2,0,0.019667,11.145167
4395,1146.500000,10.692458,2,0,0.008000,10.700458
4396,1146.533333,10.373250,2,0,0.009250,10.382500
4397,1146.566667,10.476417,2,0,0.008458,10.484875
4398,1146.600000,11.905083,2,0,0.012917,11.918000
4399,1146.633333,10.649708,2,0,0.012875,10.662583
4400,1146.666667,11.449708,2,0,0.009042,11.458750
4401,1146.700000,10.891625,2,0,0.014541,10.906166
4402,1146.733333,10.135167,2,0,0.008042,10.143209
4403,1146.766667,9.039750,2,0,0.008875,9.048625
4404,1146.800000,9.419708,2,0,0.009000,9.428708
4405,1146.833333,8.809416,2,0,0.008584,8.818000
4406,1146.866667,9.839750,2,0,0.008708,9.848458
4407,1146.900000,9.336042,2,0,0.008958,9.345000
4408,1146.933333,8.764084,2,0,0.011833,8.775917
4409,1146.966667,9.930500,2,0,0.018250,9.948750
4410,1147.000000,9.830375,2,0,0.013500,9.843875
4411,1147.033333,10.875459,2,0,0.015333,10.890792
4412,1147.066667,10.106291,2,0,0.015042,10.121333
4413,1147.100000,10.639917,2,0,0.005792,10.645709
4414,1147.133333,10.606917,2,0,0.010375,10.617292
4415,1147.166667,10.567625,2,0,0.013625,10.581250
4416,1147.200000,10.889708,2,0,0.010250,10.899958
4417,1147.233333,11.404875,2,0,0.011958,11.416833
4418,1147.266667,11.332083,2,0,0.008875,11.340958
4419,1147.300000,10.943500,2,0,0.010833,10.954333
4420,1147.333333,11.182417,2,0,0.012250,11.194667
4421,1147.366667,11.277791,2,0,0.018167,11.295958
4422,1147.400000,11.135500,2,0,0.009500,11.145000
4423,1147.433333,11.253000,2,0,0.009500,11.262500
4424,1147.466667,11.757834,2,0,0.014500,11.772334
4425,1147.500000,10.198458,2,0,0.006542,10.205000
4426,1147.533333,9.511208,2,0,0.008125,9.519333
4427,1147.566667,8.633333,2,0,0.010667,8.644000
4428,1147.600000,9.016584,2,0,0.010083,9.026667
4429,1147.633333,9.523750,2,0,0.010208,9.533958
4430,1147.666667,8.711375,2,0,0.008708,8.720083
4431,1147.700000,8.903375,2,0,0.008583,8.911958
4432,1147.733333,9.728583,2,0,0.018875,9.747458
4433,1147.766667,10.062250,2,0,0.010125,10.072375
4434,1147.800000,10.251167,2,0,0.011458,10.262625
4435,1147.833333,10.555833,2,0,0.005209,10.561042
4436,1147.866667,10.526334,2,0,0.010041,10.536375
4437,1147.900000,11.007959,2,0,0.009000,11.016959
4438,1147.933333,10.977625,2,0,0.017000,10.994625
4439,1147.966667,11.656125,2,0,0.009125,11.665250
4440,1148.000000,9.818292,2,0,0.004208,9.822500
4441,1148.033333,9.761875,2,0,0.006875,9.768750
4442,1148.066667,9.242042,2,0,0.009625,9.251667
4443,1148.100000,8.940958,2,0,0.010167,8.951125
4444,1148.133333,9.495166,2,0,0.009750,9.504916
4445,1148.166667,9.244292,2,0,0.010291,9.254583
4446,1148.200000,8.563083,2,0,0.012917,8.576000
4447,1148.233333,9.079958,2,0,0.003833,9.083791
4448,1148.266667,9.454916,2,0,0.010084,9.465000
4449,1148.300000,10.265667,2,0,0.010375,10.276042
4450,1148.333333,11.064583,2,0,0.018375,11.082958
4451,1148.366667,10.371917,2,0,0.008083,10.380000
4452,1148.400000,9.424708,2,0,0.007458,9.432166
4453,1148.433333,9.533583,2,0,0.009583,9.543166
4454,1148.466667,9.879500,2,0,0.008708,9.888208
4455,1148.500000,9.976458,2,0,0.009459,9.985917
4456,1148.533333,9.561041,2,0,0.010084,9.571125
4457,1148.566667,9.228542,2,0,0.008958,9.237500
4458,1148.600000,10.213875,2,0,0.008125,10.222000
4459,1148.633333,9.075041,2,0,0.009042,9.084083
4460,1148.666667,10.285708,2,0,0.009292,10.295000
4461,1148.700000,10.440875,2,0,0.010292,10.451167
4462,1148.733333,10.010041,2,0,0.009917,10.019958
4463,1148.766667,9.402250,2,0,0.009416,9.411666
4464,1148.800000,9.109333,2,0,0.021459,9.130792
4465,1148.833333,9.434792,2,0,0.010291,9.445083
4466,1148.866667,9.724166,2,0,0.019292,9.743458
4467,1148.900000,10.371916,2,0,0.016042,10.387958
4468,1148.933333,10.448000,2,0,0.005250,10.453250
4469,1148.966667,10.778458,2,0,0.010500,10.788958
4470,1149.000000,11.274709,2,0,0.011541,11.286250
4471,1149.033333,11.199292,2,0,0.018667,11.217959
4472,1149.066667,11.055709,2,0,0.015916,11.071625
4473,1149.100000,11.690000,2,0,0.010250,11.700250
4474,1149.133333,11.114792,2,0,0.009291,11.124083
4475,1149.166667,10.073250,2,0,0.008292,10.081542
4476,1149.200000,9.795000,2,0,0.005958,9.800958
4477,1149.233333,9.996834,2,0,0.007958,10.004792
4478,1149.266667,10.007416,2,0,0.011167,10.018583
4479,1149.300000,9.878292,2,0,0.009375,9.887667
4480,1149.333333,9.248084,2,0,0.016625,9.264709
4481,1149.366667,9.054792,2,0,0.005000,9.059792
4482,1149.400000,9.787166,2,0,0.008584,9.795750
4483,1149.433333,10.777167,2,0,0.005083,10.782250
4484,1149.466667,11.433792,2,0,0.015541,11.449333
4485,1149.500000,9.871167,2,0,0.007667,9.878834
4486,1149.533333,9.280375,2,0,0.008750,9.289125
4487,1149.566667,9.428708,2,0,0.010125,9.438833
4488,1149.600000,9.529666,2,0,0.008875,9.538541
4489,1149.633333,10.659166,2,0,0.009959,10.669125
4490,1149.666667,9.521459,2,0,0.006875,9.528334
4491,1149.700000,14.193625,2,0,0.010375,14.204000
4492,1149.733333,9.370000,2,0,0.008792,9.378792
4493,1149.766667,10.084708,2,0,0.010167,10.094875
4494,1149.800000,9.558542,2,0,0.007375,9.565917
4495,1149.833333,10.283333,2,0,0.009042,10.292375
4496,1149.866667,10.220417,2,0,0.005875,10.226292
4497,1149.900000,10.678583,2,0,0.009250,10.687833
4498,1149.933333,9.801666,2,0,0.010917,9.812583
4499,1149.966667,10.115541,2,0,0.010292,10.125833
4500,1150.000000,9.847875,2,0,0.004625,9.852500
4501,1150.033333,9.822083,2,0,0.006708,9.828791
4502,1150.066667,9.724500,2,0,0.008000,9.732500
4503,1150.100000,10.253292,2,0,0.009458,10.262750
4504,1150.133333,10.486542,2,0,0.016958,10.503500
4505,1150.166667,11.200583,2,0,0.004584,11.205167
4506,1150.200000,11.566208,2,0,0.017709,11.583917
4507,1150.233333,11.330417,2,0,0.009583,11.340000
4508,1150.266667,11.778458,2,0,0.014750,11.793208
4509,1150.300000,11.496000,2,0,0.005000,11.501000
4510,1150.333333,10.823625,2,0,0.008417,10.832042
4511,1150.366667,9.800166,2,0,0.008125,9.808291
4512,1150.400000,10.224958,2,0,0.030250,10.255208
4513,1150.433333,10.119459,2,0,0.010416,10.129875
4514,1150.466667,10.497917,2,0,0.011750,10.509667
4515,1150.500000,11.041958,2,0,0.008750,11.050708
4516,1150.533333,10.759166,2,0,0.005709,10.764875
4517,1150.566667,9.934291,2,0,0.009584,9.943875
4518,1150.600000,9.611834,2,0,0.007708,9.619542
4519,1150.633333,9.867875,2,0,0.019125,9.887000
4520,1150.666667,10.644541,2,0,0.019084,10.663625
4521,1150.700000,10.746125,2,0,0.008875,10.755000
4522,1150.733333,11.903000,2,0,0.011291,11.914291
4523,1150.766667,12.191667,2,0,0.019083,12.210750
4524,1150.800000,11.821500,2,0,0.018917,11.840417
4525,1150.833333,11.326292,2,0,0.019666,11.345958
4526,1150.866667,12.519459,2,0,0.019208,12.538667
4527,1150.900000,11.592041,2,0,0.005292,11.597333
4528,1150.933333,11.967042,2,0,0.004958,11.972000
4529,1150.966667,11.807000,2,0,0.019125,11.826125
4530,1151.000000,11.820125,2,0,0.006792,11.826917
4531,1151.033333,12.275667,2,0,0.008250,12.283917
4532,1151.066667,11.541083,2,0,0.016042,11.557125
4533,1151.100000,11.258292,2,0,0.013500,11.271792
4534,1151.133333,12.332459,2,0,0.011125,12.343584
4535,1151.166667,11.465833,2,0,0.012750,11.478583
4536,1151.200000,12.153666,2,0,0.012417,12.166083
4537,1151.233333,12.698167,2,0,0.009791,12.707958
4538,1151.266667,12.698792,2,0,0.017208,12.716000
4539,1151.300000,11.947208,2,0,0.011542,11.958750
4540,1151.333333,11.434417,2,0,0.017167,11.451584
4541,1151.366667,11.467916,2,0,0.018375,11.486291
4542,1151.400000,11.794125,2,0,0.021292,11.815417
4543,1151.433333,12.211000,2,0,0.012209,12.223209
4544,1151.466667,11.764333,2,0,0.020875,11.785208
4545,1151.500000,12.948791,2,0,0.008459,12.957250
4546,1151.533333,12.505250,2,0,0.013875,12.519125
4547,1151.566667,12.187833,2,0,0.017208,12.205041
4548,1151.600000,12.673709,2,0,0.017583,12.691292
4549,1151.633333,11.555208,2,0,0.004834,11.560042
4550,1151.666667,11.435708,2,0,0.019583,11.455291
4551,1151.700000,12.332334,2,0,0.019916,12.352250
4552,1151.733333,11.476583,2,0,0.018084,11.494667
4553,1151.766667,11.727625,2,0,0.015958,11.743583
4554,1151.800000,12.715041,2,0,0.008875,12.723916
4555,1151.833333,12.715917,2,0,0.009458,12.725375
4556,1151.866667,11.735291,2,0,0.015375,11.750666
4557,1151.900000,11.864667,2,0,0.006458,11.871125
4558,1151.933333,11.920875,2,0,0.012209,11.933084
4559,1151.966667,11.604791,2,0,0.004667,11.609458
4560,1152.000000,11.849875,2,0,0.014500,11.864375
4561,1152.033333,12.140083,2,0,0.005000,12.145083
4562,1152.066667,12.190041,2,0,0.014792,12.204833
4563,1152.100000,11.937125,2,0,0.012459,11.949584
4564,1152.133333,11.462167,2,0,0.009917,11.472084
4565,1152.166667,12.307917,2,0,0.011291,12.319208
4566,1152.200000,12.624250,2,0,0.012250,12.636500
4567,1152.233333,11.416833,2,0,0.017958,11.434791
4568,1152.266667,11.947208,2,0,0.010375,11.957583
4569,1152.300000,12.438416,2,0,0.011292,12.449708
4570,1152.333333,12.403167,2,0,0.010208,12.413375
4571,1152.366667,11.965125,2,0,0.005208,11.970333
4572,1152.400000,11.340542,2,0,0.011375,11.351917
4573,1152.433333,13.044000,2,0,0.008416,13.052416
4574,1152.466667,11.968667,2,0,0.005167,11.973834
4575,1152.500000,12.215709,2,0,0.014750,12.230459
4576,1152.533333,11.842125,2,0,0.016667,11.858792
4577,1152.566667,11.176834,2,0,0.004833,11.181667
4578,1152.600000,11.407375,2,0,0.006042,11.413417
4579,1152.633333,11.820334,2,0,0.019458,11.839792
4580,1152.666667,12.274333,2,0,0.009083,12.283416
4581,1152.700000,11.499500,2,0,0.011458,11.510958
4582,1152.733333,11.797916,2,0,0.013292,11.811208
4583,1152.766667,11.614208,2,0,0.017167,11.631375
4584,1152.800000,11.344125,2,0,0.011667,11.355792
4585,1152.833333,12.045000,2,0,0.018208,12.063208
4586,1152.866667,12.058083,2,0,0.003792,12.061875
4587,1152.900000,11.808792,2,0,0.011041,11.819833
4588,1152.933333,11.721667,2,0,0.009208,11.730875
4589,1152.966667,11.785208,2,0,0.016125,11.801333
4590,1153.000000,11.839000,2,0,0.006375,11.845375
4591,1153.033333,11.661666,2,0,0.018375,11.680041
4592,1153.066667,11.235583,2,0,0.013042,11.248625
4593,1153.100000,11.710042,2,0,0.017667,11.727709
4594,1153.133333,11.682500,2,0,0.018417,11.700917
4595,1153.166667,11.691750,2,0,0.010667,11.702417
4596,1153.200000,11.840375,2,0,0.008917,11.849292
4597,1153.233333,11.835333,2,0,0.009334,11.844667
4598,1153.266667,11.719167,2,0,0.018208,11.737375
4599,1153.300000,11.727666,2,0,0.009959,11.737625
4600,1153.333333,11.764459,2,0,0.013791,11.778250
4601,1153.366667,11.529125,2,0,0.018250,11.547375
4602,1153.400000,11.228708,2,0,0.010125,11.238833
4603,1153.433333,11.622292,2,0,0.009875,11.632167
4604,1153.466667,11.684375,2,0,0.013708,11.698083
4605,1153.500000,11.343833,2,0,0.012750,11.356583
4606,1153.533333,11.547084,2,0,0.011958,11.559042
4607,1153.566667,11.266875,2,0,0.017917,11.284792
4608,1153.600000,11.846250,2,0,0.011625,11.857875
4609,1153.633333,11.381250,2,0,0.010333,11.391583
4610,1153.666667,11.816459,2,0,0.010125,11.826584
4611,1153.700000,11.905792,2,0,0.008000,11.913792
4612,1153.733333,11.729875,2,0,0.008583,11.738458
4613,1153.766667,11.877542,2,0,0.010375,11.887917
4614,1153.800000,11.511667,2,0,0.019458,11.531125
4615,1153.833333,11.608417,2,0,0.019208,11.627625
4616,1153.866667,11.074750,2,0,0.010083,11.084833
4617,1153.900000,11.423667,2,0,0.008958,11.432625
4618,1153.933333,11.476959,2,0,0.019083,11.496042
4619,1153.966667,11.669959,2,0,0.009416,11.679375
4620,1154.000000,11.153666,2,0,0.020042,11.173708
4621,1154.033333,12.194583,2,0,0.009459,12.204042
4622,1154.066667,11.787208,2,0,0.006084,11.793292
4623,1154.100000,11.360125,2,0,0.004792,11.364917
4624,1154.133333,11.332333,2,0,0.005042,11.337375
4625,1154.166667,11.398875,2,0,0.004958,11.403833
4626,1154.200000,11.713542,2,0,0.007000,11.720542
4627,1154.233333,11.526084,2,0,0.013666,11.539750
4628,1154.266667,11.555417,2,0,0.012750,11.568167
4629,1154.300000,11.476333,2,0,0.008625,11.484958
4630,1154.333333,11.149750,2,0,0.010417,11.160167
4631,1154.366667,11.794917,2,0,0.015166,11.810083
4632,1154.400000,11.697375,2,0,0.008625,11.706000
4633,1154.433333,11.602875,2,0,0.011375,11.614250
4634,1154.466667,11.743875,2,0,0.017834,11.761709
4635,1154.500000,11.765417,2,0,0.018625,11.784042
4636,1154.533333,11.401000,2,0,0.016583,11.417583
4637,1154.566667,11.395917,2,0,0.007875,11.403792
4638,1154.600000,11.679458,2,0,0.012417,11.691875
4639,1154.633333,11.373458,2,0,0.012542,11.386000
4640,1154.666667,11.642542,2,0,0.016000,11.658542
4641,1154.700000,11.444875,2,0,0.010334,11.455209
4642,1154.733333,11.813250,2,0,0.015584,11.828834
4643,1154.766667,11.368958,2,0,0.019500,11.388458
4644,1154.800000,11.521208,2,0,0.009167,11.530375
4645,1154.833333,11.405625,2,0,0.019500,11.425125
4646,1154.866667,11.262917,2,0,0.011417,11.274334
4647,1154.900000,11.337292,2,0,0.018750,11.356042
4648,1154.933333,11.716583,2,0,0.011000,11.727583
4649,1154.966667,11.607709,2,0,0.009875,11.617584
4650,1155.000000,11.301334,2,0,0.016208,11.317542
4651,1155.033333,12.784542,2,0,0.015375,12.799917
4652,1155.066667,11.356209,2,0,0.005041,11.361250
4653,1155.100000,11.398666,2,0,0.016834,11.415500
4654,1155.133333,11.642875,2,0,0.018750,11.661625
4655,1155.166667,11.581584,2,0,0.019416,11.601000
4656,1155.200000,11.211375,2,0,0.016792,11.228167
4657,1155.233333,11.976042,2,0,0.008541,11.984583
4658,1155.266667,11.457792,2,0,0.011458,11.469250
4659,1155.300000,11.569666,2,0,0.010584,11.580250
4660,1155.333333,11.998000,2,0,0.008792,12.006792
4661,1155.366667,11.253458,2,0,0.018750,11.272208
4662,1155.400000,11.524833,2,0,0.012833,11.537666
4663,1155.433333,11.016583,2,0,0.018584,11.035167
4664,1155.466667,11.291625,2,0,0.009541,11.301166
4665,1155.500000,12.243542,2,0,0.009417,12.252959
4666,1155.533333,11.193292,2,0,0.004375,11.197667
4667,1155.566667,11.542250,2,0,0.008917,11.551167
4668,1155.600000,12.125250,2,0,0.019625,12.144875
4669,1155.633333,11.389083,2,0,0.011542,11.400625
4670,1155.666667,11.862833,2,0,0.018042,11.880875
4671,1155.700000,11.670667,2,0,0.012541,11.683208
4672,1155.733333,11.882417,2,0,0.012916,11.895333
4673,1155.766667,11.453916,2,0,0.015709,11.469625
4674,1155.800000,11.040375,2,0,0.012958,11.053333
4675,1155.833333,11.368375,2,0,0.009625,11.378000
4676,1155.866667,11.077750,2,0,0.017833,11.095583
4677,1155.900000,11.981250,2,0,0.017375,11.998625
4678,1155.933333,11.350416,2,0,0.005459,11.355875
4679,1155.966667,11.291042,2,0,0.012250,11.303292
4680,1156.000000,11.694917,2,0,0.015166,11.710083
4681,1156.033333,11.723959,2,0,0.011583,11.735542
4682,1156.066667,10.836750,2,0,0.006042,10.842792
4683,1156.100000,11.369542,2,0,0.008542,11.378084
4684,1156.133333,11.325708,2,0,0.009417,11.335125
4685,1156.166667,11.878084,2,0,0.007625,11.885709
4686,1156.200000,11.697208,2,0,0.009000,11.706208
4687,1156.233333,11.430583,2,0,0.010292,11.440875
4688,1156.266667,11.227875,2,0,0.012542,11.240417
4689,1156.300000,11.460000,2,0,0.014125,11.474125
4690,1156.333333,11.447708,2,0,0.010292,11.458000
4691,1156.366667,11.096875,2,0,0.008917,11.105792
4692,1156.400000,11.066625,2,0,0.009375,11.076000
4693,1156.433333,11.601750,2,0,0.009042,11.610792
4694,1156.466667,11.422208,2,0,0.019042,11.441250
4695,1156.500000,10.910042,2,0,0.014833,10.924875
4696,1156.533333,11.172542,2,0,0.017667,11.190209
4697,1156.566667,10.622250,2,0,0.012500,10.634750
4698,1156.600000,11.461416,2,0,0.008459,11.469875
4699,1156.633333,10.949584,2,0,0.010333,10.959917
4700,1156.666667,11.284250,2,0,0.011583,11.295833
4701,1156.700000,11.001042,2,0,0.014916,11.015958
4702,1156.733333,11.081125,2,0,0.010167,11.091292
4703,1156.766667,11.246208,2,0,0.019125,11.265333
4704,1156.800000,10.426958,2,0,0.017458,10.444416
4705,1156.833333,11.247209,2,0,0.018291,11.265500
4706,1156.866667,10.932833,2,0,0.019125,10.951958
4707,1156.900000,11.086333,2,0,0.017959,11.104292
4708,1156.933333,10.870333,2,0,0.018959,10.889292
4709,1156.966667,10.607375,2,0,0.018042,10.625417
4710,1157.000000,11.653916,2,0,0.014875,11.668791
4711,1157.033333,10.156459,2,0,0.009125,10.165584
4712,1157.066667,10.281667,2,0,0.007375,10.289042
4713,1157.100000,10.210250,2,0,0.008792,10.219042
4714,1157.133333,9.986208,2,0,0.019958,10.006166
4715,1157.166667,10.707292,2,0,0.011833,10.719125
4716,1157.200000,10.548750,2,0,0.010833,10.559583
4717,1157.233333,10.284041,2,0,0.005792,10.289833
4718,1157.266667,10.538583,2,0,0.010708,10.549291
4719,1157.300000,10.604500,2,0,0.011125,10.615625
4720,1157.333333,10.847375,2,0,0.011042,10.858417
4721,1157.366667,10.828708,2,0,0.010125,10.838833
4722,1157.400000,10.504667,2,0,0.010791,10.515458
4723,1157.433333,10.661250,2,0,0.019166,10.680416
4724,1157.466667,10.809541,2,0,0.009625,10.819166
4725,1157.500000,10.383875,2,0,0.009292,10.393167
4726,1157.533333,10.555500,2,0,0.017375,10.572875
4727,1157.566667,10.594125,2,0,0.008375,10.602500
4728,1157.600000,11.096959,2,0,0.009750,11.106709
4729,1157.633333,9.677834,2,0,0.005708,9.683542
4730,1157.666667,8.738625,2,0,0.009459,8.748084
4731,1157.700000,9.537792,2,0,0.014500,9.552292
4732,1157.733333,9.305083,2,0,0.009708,9.314791
4733,1157.766667,11.475000,2,0,0.008250,11.483250
4734,1157.800000,9.222917,2,0,0.006625,9.229542
4735,1157.833333,8.909166,2,0,0.009792,8.918958
4736,1157.866667,9.668042,2,0,0.008416,9.676458
4737,1157.900000,9.980417,2,0,0.007833,9.988250
4738,1157.933333,10.467084,2,0,0.008333,10.475417
4739,1157.966667,10.511708,2,0,0.004792,10.516500
4740,1158.000000,11.058084,2,0,0.006250,11.064334
4741,1158.033333,11.290333,2,0,0.010917,11.301250
4742,1158.066667,11.264708,2,0,0.019042,11.283750
4743,1158.100000,11.135500,2,0,0.012000,11.147500
4744,1158.133333,10.785375,2,0,0.009167,10.794542
4745,1158.166667,11.205083,2,0,0.012500,11.217583
4746,1158.200000,10.626959,2,0,0.010791,10.637750
4747,1158.233333,11.159959,2,0,0.016416,11.176375
4748,1158.266667,10.646875,2,0,0.009375,10.656250
4749,1158.300000,10.914375,2,0,0.018583,10.932958
4750,1158.333333,10.591042,2,0,0.024208,10.615250
4751,1158.366667,10.568333,2,0,0.015917,10.584250
4752,1158.400000,10.501125,2,0,0.018125,10.519250
4753,1158.433333,10.594708,2,0,0.012333,10.607041
4754,1158.466667,10.772250,2,0,0.010000,10.782250
4755,1158.500000,9.879333,2,0,0.008250,9.887583
4756,1158.533333,9.549625,2,0,0.006583,9.556208
4757,1158.566667,8.980125,2,0,0.006625,8.986750
4758,1158.600000,8.714875,2,0,0.006958,8.721833
4759,1158.633333,8.456708,2,0,0.009709,8.466417
4760,1158.666667,8.650792,2,0,0.009167,8.659959
4761,1158.700000,8.223958,2,0,0.011000,8.234958
4762,1158.733333,8.997667,2,0,0.017833,9.015500
4763,1158.766667,9.535583,2,0,0.005125,9.540708
4764,1158.800000,9.305084,2,0,0.008958,9.314042
4765,1158.833333,9.349833,2,0,0.009709,9.359542
4766,1158.866667,9.483541,2,0,0.010167,9.493708
4767,1158.900000,9.068750,2,0,0.010667,9.079417
4768,1158.933333,8.453375,2,0,0.007459,8.460834
4769,1158.966667,8.726375,2,0,0.021375,8.747750
4770,1159.000000,9.131458,2,0,0.009792,9.141250
4771,1159.033333,10.296500,2,0,0.018958,10.315458
4772,1159.066667,10.401042,2,0,0.007792,10.408834
4773,1159.100000,10.018791,2,0,0.005917,10.024708
4774,1159.133333,10.657625,2,0,0.009417,10.667042
4775,1159.166667,10.183833,2,0,0.020500,10.204333
4776,1159.200000,10.734083,2,0,0.010750,10.744833
4777,1159.233333,10.705625,2,0,0.011625,10.717250
4778,1159.266667,10.603375,2,0,0.020667,10.624042
4779,1159.300000,10.784625,2,0,0.019541,10.804166
4780,1159.333333,10.604209,2,0,0.011916,10.616125
4781,1159.366667,10.540708,2,0,0.018333,10.559041
4782,1159.400000,10.327917,2,0,0.010458,10.338375
4783,1159.433333,10.977334,2,0,0.013125,10.990459
4784,1159.466667,9.659083,2,0,0.008667,9.667750
4785,1159.500000,9.127750,2,0,0.009208,9.136958
4786,1159.533333,9.425875,2,0,0.011292,9.437167
4787,1159.566667,9.323500,2,0,0.009417,9.332917
4788,1159.600000,8.598584,2,0,0.008083,8.606667
4789,1159.633333,8.534167,2,0,0.008958,8.543125
4790,1159.666667,8.208208,2,0,0.007333,8.215541
4791,1159.700000,9.050666,2,0,0.017917,9.068583
4792,1159.733333,9.901750,2,0,0.008750,9.910500
4793,1159.766667,10.178792,2,0,0.017083,10.195875
4794,1159.800000,10.003667,2,0,0.005416,10.009083
4795,1159.833333,10.289209,2,0,0.009000,10.298209
4796,1159.866667,10.476542,2,0,0.012083,10.488625
4797,1159.900000,10.365917,2,0,0.014583,10.380500
4798,1159.933333,10.473916,2,0,0.010250,10.484166
4799,1159.966667,10.287833,2,0,0.010542,10.298375
4800,1160.000000,10.416250,2,0,0.009792,10.426042
4801,1160.033333,10.931041,2,0,0.020625,10.951666
4802,1160.066667,10.614959,2,0,0.015000,10.629959
4803,1160.100000,10.842083,2,0,0.010875,10.852958
4804,1160.133333,10.604000,2,0,0.008500,10.612500
4805,1160.166667,8.908625,2,0,0.008375,8.917000
4806,1160.200000,8.782000,2,0,0.009833,8.791833
4807,1160.233333,9.144625,2,0,0.011084,9.155709
4808,1160.266667,8.612875,2,0,0.011042,8.623917
4809,1160.300000,8.301125,2,0,0.009208,8.310333
4810,1160.333333,8.419583,2,0,0.016417,8.436000
4811,1160.366667,9.003000,2,0,0.011500,9.014500
4812,1160.400000,9.237042,2,0,0.005625,9.242667
4813,1160.433333,9.971250,2,0,0.010792,9.982042
4814,1160.466667,9.972084,2,0,0.018125,9.990209
4815,1160.500000,10.438167,2,0,0.017083,10.455250
4816,1160.533333,10.195083,2,0,0.013334,10.208417
4817,1160.566667,10.326917,2,0,0.012958,10.339875
4818,1160.600000,10.763833,2,0,0.009375,10.773208
4819,1160.633333,9.758208,2,0,0.005125,9.763333
4820,1160.666667,8.663792,2,0,0.008917,8.672709
4821,1160.700000,10.942959,2,0,0.011041,10.954000
4822,1160.733333,9.481041,2,0,0.006875,9.487916
4823,1160.766667,10.204500,2,0,0.011792,10.216292
4824,1160.800000,8.112167,2,0,0.006000,8.118167
4825,1160.833333,8.602208,2,0,0.019417,8.621625
4826,1160.866667,8.773625,2,0,0.015667,8.789292
4827,1160.900000,9.212875,2,0,0.007917,9.220792
4828,1160.933333,9.978834,2,0,0.018416,9.997250
4829,1160.966667,10.417250,2,0,0.009375,10.426625
4830,1161.000000,10.310042,2,0,0.020833,10.330875
4831,1161.033333,10.532209,2,0,0.010208,10.542417
4832,1161.066667,10.685750,2,0,0.009125,10.694875
4833,1161.100000,10.676625,2,0,0.010833,10.687458
4834,1161.133333,10.301709,2,0,0.021541,10.323250
4835,1161.166667,10.451583,2,0,0.012333,10.463916
4836,1161.200000,10.397709,2,0,0.010625,10.408334
4837,1161.233333,10.222541,2,0,0.011417,10.233958
4838,1161.266667,10.346542,2,0,0.018833,10.365375
4839,1161.300000,11.269709,2,0,0.007750,11.277459
4840,1161.333333,9.280500,2,0,0.008916,9.289416
4841,1161.366667,9.247084,2,0,0.008500,9.255584
4842,1161.400000,9.282500,2,0,0.007209,9.289709
4843,1161.433333,9.033167,2,0,0.010542,9.043709
4844,1161.466667,8.858875,2,0,0.009625,8.868500
4845,1161.500000,8.545041,2,0,0.006500,8.551541
4846,1161.533333,9.104959,2,0,0.013083,9.118042
4847,1161.566667,9.814208,2,0,0.005959,9.820167
4848,1161.600000,10.259291,2,0,0.008625,10.267916
4849,1161.633333,10.468500,2,0,0.010917,10.479417
4850,1161.666667,10.472291,2,0,0.012792,10.485083
4851,1161.700000,10.700458,2,0,0.008583,10.709041
4852,1161.733333,10.701708,2,0,0.009834,10.711542
4853,1161.766667,11.246333,2,0,0.009708,11.256041
4854,1161.800000,10.969333,2,0,0.012625,10.981958
4855,1161.833333,10.761209,2,0,0.022083,10.783292
4856,1161.866667,10.474958,2,0,0.008750,10.483708
4857,1161.900000,10.938542,2,0,0.010583,10.949125
4858,1161.933333,10.796959,2,0,0.009041,10.806000
4859,1161.966667,10.615750,2,0,0.016917,10.632667
4860,1162.000000,10.472959,2,0,0.005291,10.478250
4861,1162.033333,11.012750,2,0,0.015667,11.028417
4862,1162.066667,10.654084,2,0,0.010500,10.664584
4863,1162.100000,10.914791,2,0,0.006000,10.920791
4864,1162.133333,10.419167,2,0,0.017750,10.436917
4865,1162.166667,10.463083,2,0,0.013959,10.477042
4866,1162.200000,10.689625,2,0,0.008333,10.697958
4867,1162.233333,10.618292,2,0,0.015167,10.633459
4868,1162.266667,10.454833,2,0,0.012458,10.467291
4869,1162.300000,10.536667,2,0,0.015666,10.552333
4870,1162.333333,9.508208,2,0,0.006834,9.515042
4871,1162.366667,8.834958,2,0,0.008625,8.843583
4872,1162.400000,9.200209,2,0,0.013625,9.213834
4873,1162.433333,9.041958,2,0,0.006792,9.048750
4874,1162.466667,8.492500,2,0,0.009166,8.501666
4875,1162.500000,8.951166,2,0,0.010375,8.961541
4876,1162.533333,8.654250,2,0,0.019292,8.673542
4877,1162.566667,9.545500,2,0,0.012666,9.558166
4878,1162.600000,9.901750,2,0,0.009917,9.911667
4879,1162.633333,10.353291,2,0,0.013417,10.366708
4880,1162.666667,10.733541,2,0,0.011500,10.745041
4881,1162.700000,10.980334,2,0,0.010833,10.991167
4882,1162.733333,10.759375,2,0,0.006292,10.765667
4883,1162.766667,11.062708,2,0,0.012000,11.074708
4884,1162.800000,10.901750,2,0,0.012375,10.914125
4885,1162.833333,10.838667,2,0,0.009416,10.848083
4886,1162.866667,10.800542,2,0,0.011792,10.812334
4887,1162.900000,10.874875,2,0,0.009708,10.884583
4888,1162.933333,10.914208,2,0,0.010458,10.924666
4889,1162.966667,11.137791,2,0,0.018959,11.156750
4890,1163.000000,9.746125,2,0,0.008459,9.754584
4891,1163.033333,8.751458,2,0,0.004792,8.756250
4892,1163.066667,11.421625,2,0,0.012458,11.434083
4893,1163.100000,9.901333,2,0,0.012833,9.914166
4894,1163.133333,8.686334,2,0,0.010166,8.696500
4895,1163.166667,9.423709,2,0,0.011083,9.434792
4896,1163.200000,9.187750,2,0,0.017875,9.205625
4897,1163.233333,10.150458,2,0,0.009250,10.159708
4898,1163.266667,10.432583,2,0,0.009625,10.442208
4899,1163.300000,10.567625,2,0,0.011250,10.578875
4900,1163.333333,11.326833,2,0,0.025458,11.352291
4901,1163.366667,11.351042,2,0,0.009125,11.360167
4902,1163.400000,11.133417,2,0,0.009250,11.142667
4903,1163.433333,10.806209,2,0,0.016958,10.823167
4904,1163.466667,11.106584,2,0,0.009541,11.116125
4905,1163.500000,11.294583,2,0,0.010917,11.305500
4906,1163.533333,11.422916,2,0,0.013209,11.436125
4907,1163.566667,11.106667,2,0,0.005417,11.112084
4908,1163.600000,11.955541,2,0,0.015000,11.970541
4909,1163.633333,10.557167,2,0,0.011500,10.568667
4910,1163.666667,10.857583,2,0,0.009667,10.867250
4911,1163.700000,11.010833,2,0,0.013625,11.024458
4912,1163.733333,11.002500,2,0,0.015459,11.017959
4913,1163.766667,12.330584,2,0,0.011958,12.342542
4914,1163.800000,13.186250,2,0,0.010584,13.196834
4915,1163.833333,11.363709,2,0,0.015958,11.379667
4916,1163.866667,10.161542,2,0,0.009708,10.171250
4917,1163.900000,9.535542,2,0,0.008958,9.544500
4918,1163.933333,8.845417,2,0,0.010167,8.855584
4919,1163.966667,9.780750,2,0,0.009125,9.789875
4920,1164.000000,9.105667,2,0,0.008250,9.113917
4921,1164.033333,9.020542,2,0,0.010417,9.030959
4922,1164.066667,9.498458,2,0,0.014000,9.512458
4923,1164.100000,9.535333,2,0,0.010542,9.545875
4924,1164.133333,10.777625,2,0,0.013542,10.791167
4925,1164.166667,10.337250,2,0,0.010041,10.347291
4926,1164.200000,10.529875,2,0,0.011542,10.541417
4927,1164.233333,11.258208,2,0,0.011625,11.269833
4928,1164.266667,10.912208,2,0,0.010084,10.922292
4929,1164.300000,10.801292,2,0,0.014708,10.816000
4930,1164.333333,10.911834,2,0,0.010958,10.922792
4931,1164.366667,10.831041,2,0,0.019500,10.850541
4932,1164.400000,10.687375,2,0,0.011916,10.699291
4933,1164.433333,11.273250,2,0,0.006334,11.279584
4934,1164.466667,10.681208,2,0,0.010959,10.692167
4935,1164.500000,9.605292,2,0,0.007750,9.613042
4936,1164.533333,9.708791,2,0,0.009250,9.718041
4937,1164.566667,10.369458,2,0,0.006167,10.375625
4938,1164.600000,9.057333,2,0,0.008792,9.066125
4939,1164.633333,8.823208,2,0,0.005583,8.828791
4940,1164.666667,9.146083,2,0,0.008667,9.154750
4941,1164.700000,9.741416,2,0,0.005834,9.747250
4942,1164.733333,9.858583,2,0,0.018208,9.876791
4943,1164.766667,9.552375,2,0,0.020375,9.572750
4944,1164.800000,10.215375,2,0,0.005375,10.220750
4945,1164.833333,10.575875,2,0,0.017083,10.592958
4946,1164.866667,10.497125,2,0,0.017708,10.514833
4947,1164.900000,10.805125,2,0,0.017667,10.822792
4948,1164.933333,10.745250,2,0,0.008167,10.753417
4949,1164.966667,11.487458,2,0,0.010458,11.497916
4950,1165.000000,11.615875,2,0,0.008459,11.624334
4951,1165.033333,9.740458,2,0,0.008042,9.748500
4952,1165.066667,9.644334,2,0,0.009541,9.653875
4953,1165.100000,9.168041,2,0,0.006125,9.174166
4954,1165.133333,8.956666,2,0,0.006500,8.963166
4955,1165.166667,8.307167,2,0,0.007833,8.315000
4956,1165.200000,8.512458,2,0,0.008458,8.520916
4957,1165.233333,9.538167,2,0,0.008666,9.546833
4958,1165.266667,9.815292,2,0,0.015791,9.831083
4959,1165.300000,9.968000,2,0,0.007542,9.975542
4960,1165.333333,11.423875,2,0,0.016458,11.440333
4961,1165.366667,10.686291,2,0,0.005792,10.692083
4962,1165.400000,10.345833,2,0,0.018750,10.364583
4963,1165.433333,10.601458,2,0,0.012417,10.613875
4964,1165.466667,11.542667,2,0,0.013333,11.556000
4965,1165.500000,10.528417,2,0,0.008958,10.537375
4966,1165.533333,10.608459,2,0,0.013125,10.621584
4967,1165.566667,11.498042,2,0,0.015875,11.513917
4968,1165.600000,10.476167,2,0,0.010083,10.486250
4969,1165.633333,11.342417,2,0,0.012166,11.354583
4970,1165.666667,10.459875,2,0,0.009542,10.469417
4971,1165.700000,10.275959,2,0,0.005125,10.281084
4972,1165.733333,11.458500,2,0,0.010541,11.469041
4973,1165.766667,10.340917,2,0,0.017458,10.358375
4974,1165.800000,10.031458,2,0,0.015834,10.047292
4975,1165.833333,10.808333,2,0,0.010209,10.818542
4976,1165.866667,10.374417,2,0,0.010333,10.384750
4977,1165.900000,10.337666,2,0,0.018792,10.356458
4978,1165.933333,10.383334,2,0,0.009541,10.392875
4979,1165.966667,11.525458,2,0,0.018834,11.544292
4980,1166.000000,10.454500,2,0,0.007166,10.461666
4981,1166.033333,9.869792,2,0,0.004916,9.874708
4982,1166.066667,9.652000,2,0,0.005916,9.657916
4983,1166.100000,9.553083,2,0,0.010917,9.564000
4984,1166.133333,9.105750,2,0,0.006250,9.112000
4985,1166.166667,8.645250,2,0,0.007541,8.652791
4986,1166.200000,8.730250,2,0,0.027208,8.757458
4987,1166.233333,9.289458,2,0,0.013125,9.302583
4988,1166.266667,9.943208,2,0,0.010125,9.953333
4989,1166.300000,10.100208,2,0,0.011834,10.112042
4990,1166.333333,10.425667,2,0,0.009500,10.435167
4991,1166.366667,10.748500,2,0,0.015083,10.763583
4992,1166.400000,10.813417,2,0,0.009916,10.823333
4993,1166.433333,10.486750,2,0,0.013083,10.499833
4994,1166.466667,10.464625,2,0,0.013875,10.478500
4995,1166.500000,10.316500,2,0,0.012333,10.328833
4996,1166.533333,10.556417,2,0,0.018167,10.574584
4997,1166.566667,10.910209,2,0,0.008541,10.918750
4998,1166.600000,10.239000,2,0,0.005542,10.244542
4999,1166.633333,11.158708,2,0,0.008583,11.167291
5000,1166.666667,10.523875,2,0,0.005250,10.529125
5001,1166.700000,10.538416,2,0,0.009125,10.547541
5002,1166.733333,10.787291,2,0,0.005875,10.793166
5003,1166.766667,10.287333,2,0,0.009750,10.297083
5004,1166.800000,10.276708,2,0,0.012209,10.288917
5005,1166.833333,10.247458,2,0,0.010875,10.258333
5006,1166.866667,10.094750,2,0,0.009000,10.103750
5007,1166.900000,10.703541,2,0,0.005209,10.708750
5008,1166.933333,10.733084,2,0,0.009125,10.742209
5009,1166.966667,10.263583,2,0,0.012292,10.275875
5010,1167.000000,11.050750,2,0,0.010833,11.061583
5011,1167.033333,10.104667,2,0,0.008625,10.113292
5012,1167.066667,9.344833,2,0,0.008542,9.353375
5013,1167.100000,8.637083,2,0,0.009958,8.647041
5014,1167.133333,9.362792,2,0,0.008458,9.371250
5015,1167.166667,8.921125,2,0,0.006167,8.927292
5016,1167.200000,8.523875,2,0,0.005625,8.529500
5017,1167.233333,8.642250,2,0,0.007833,8.650083
5018,1167.266667,9.309625,2,0,0.012292,9.321917
5019,1167.300000,9.074917,2,0,0.010208,9.085125
5020,1167.333333,10.128000,2,0,0.014041,10.142041
5021,1167.366667,10.673541,2,0,0.011334,10.684875
5022,1167.400000,10.551292,2,0,0.011667,10.562959
5023,1167.433333,10.635000,2,0,0.009125,10.644125
5024,1167.466667,10.661041,2,0,0.010500,10.671541
5025,1167.500000,10.802583,2,0,0.018917,10.821500
5026,1167.533333,10.903250,2,0,0.010167,10.913417
5027,1167.566667,10.455083,2,0,0.014875,10.469958
5028,1167.600000,10.571083,2,0,0.004667,10.575750
5029,1167.633333,10.393917,2,0,0.006500,10.400417
5030,1167.666667,11.115167,2,0,0.016458,11.131625
5031,1167.700000,11.714209,2,0,0.011625,11.725834
5032,1167.733333,11.615833,2,0,0.011708,11.627541
5033,1167.766667,9.751708,2,0,0.008334,9.760042
5034,1167.800000,9.254625,2,0,0.008750,9.263375
5035,1167.833333,9.468250,2,0,0.011209,9.479459
5036,1167.866667,9.636833,2,0,0.009959,9.646792
5037,1167.900000,8.673250,2,0,0.008792,8.682042
5038,1167.933333,8.089833,2,0,0.009708,8.099541
5039,1167.966667,8.976000,2,0,0.019291,8.995291
5040,1168.000000,9.078542,2,0,0.011666,9.090208
5041,1168.033333,10.439250,2,0,0.010500,10.449750
5042,1168.066667,10.096708,2,0,0.008625,10.105333
5043,1168.100000,10.573167,2,0,0.013250,10.586417
5044,1168.133333,10.774375,2,0,0.018375,10.792750
5045,1168.166667,10.778584,2,0,0.011041,10.789625
5046,1168.200000,11.083042,2,0,0.010000,11.093042
5047,1168.233333,11.555334,2,0,0.015833,11.571167
5048,1168.266667,10.588625,2,0,0.006709,10.595334
5049,1168.300000,10.392291,2,0,0.010084,10.402375
5050,1168.333333,11.121875,2,0,0.010375,11.132250
5051,1168.366667,10.367333,2,0,0.013375,10.380708
5052,1168.400000,10.332334,2,0,0.014375,10.346709
5053,1168.433333,10.409875,2,0,0.009458,10.419333
5054,1168.466667,10.709875,2,0,0.012667,10.722542
5055,1168.500000,10.540625,2,0,0.015291,10.555916
5056,1168.533333,10.957084,2,0,0.008833,10.965917
5057,1168.566667,11.369792,2,0,0.018583,11.388375
5058,1168.600000,10.300750,2,0,0.009500,10.310250
5059,1168.633333,10.588541,2,0,0.004500,10.593041
5060,1168.666667,10.293833,2,0,0.011500,10.305333
5061,1168.700000,12.033792,2,0,0.012500,12.046292
5062,1168.733333,10.348916,2,0,0.005625,10.354541
5063,1168.766667,8.979958,2,0,0.006750,8.986708
5064,1168.800000,8.880334,2,0,0.005958,8.886292
5065,1168.833333,9.108834,2,0,0.006416,9.115250
5066,1168.866667,9.032708,2,0,0.005834,9.038542
5067,1168.900000,8.166750,2,0,0.009500,8.176250
5068,1168.933333,8.363833,2,0,0.021667,8.385500
5069,1168.966667,8.676750,2,0,0.012084,8.688834
5070,1169.000000,9.074500,2,0,0.008000,9.082500
5071,1169.033333,10.023500,2,0,0.013416,10.036916
5072,1169.066667,9.727042,2,0,0.018291,9.745333
5073,1169.100000,10.366875,2,0,0.010875,10.377750
5074,1169.133333,10.365542,2,0,0.010000,10.375542
5075,1169.166667,11.877292,2,0,0.019333,11.896625
5076,1169.200000,10.323500,2,0,0.016666,10.340166
5077,1169.233333,11.115958,2,0,0.020000,11.135958
5078,1169.266667,10.811709,2,0,0.019041,10.830750
5079,1169.300000,10.648042,2,0,0.007417,10.655459
5080,1169.333333,9.766542,2,0,0.009208,9.775750
5081,1169.366667,9.323250,2,0,0.011333,9.334583
5082,1169.400000,9.229750,2,0,0.009875,9.239625
5083,1169.433333,8.734917,2,0,0.009375,8.744292
5084,1169.466667,8.756583,2,0,0.005583,8.762166
5085,1169.500000,8.531459,2,0,0.011333,8.542792
5086,1169.533333,9.358500,2,0,0.013084,9.371584
5087,1169.566667,9.173375,2,0,0.011708,9.185083
5088,1169.600000,10.285500,2,0,0.009791,10.295291
5089,1169.633333,10.135167,2,0,0.007875,10.143042
5090,1169.666667,9.969917,2,0,0.007542,9.977459
5091,1169.700000,9.778041,2,0,0.012917,9.790958
5092,1169.733333,11.021125,2,0,0.013667,11.034792
5093,1169.766667,10.212542,2,0,0.008416,10.220958
5094,1169.800000,8.747292,2,0,0.008416,8.755708
5095,1169.833333,9.227042,2,0,0.010375,9.237417
5096,1169.866667,9.190500,2,0,0.010041,9.200541
5097,1169.900000,11.554833,2,0,0.010500,11.565333
5098,1169.933333,8.167333,2,0,0.008375,8.175708
5099,1169.966667,8.448291,2,0,0.008667,8.456958
5100,1170.000000,8.992250,2,0,0.017875,9.010125
5101,1170.033333,10.525208,2,0,0.011209,10.536417
5102,1170.066667,9.519625,2,0,0.009292,9.528917
5103,1170.100000,10.113125,2,0,0.014750,10.127875
5104,1170.133333,10.674167,2,0,0.006792,10.680959
5105,1170.166667,10.171958,2,0,0.013292,10.185250
5106,1170.200000,11.885916,2,0,0.018209,11.904125
5107,1170.233333,10.166666,2,0,0.008542,10.175208
5108,1170.266667,9.619084,2,0,0.008958,9.628042
5109,1170.300000,9.436250,2,0,0.009208,9.445458
5110,1170.333333,9.154084,2,0,0.010500,9.164584
5111,1170.366667,12.668792,2,0,0.007708,12.676500
5112,1170.400000,8.166000,2,0,0.004834,8.170834
5113,1170.433333,8.395500,2,0,0.005625,8.401125
5114,1170.466667,8.981167,2,0,0.005375,8.986542
5115,1170.500000,10.574042,2,0,0.012083,10.586125
5116,1170.533333,9.881292,2,0,0.008708,9.890000
5117,1170.566667,9.518375,2,0,0.004625,9.523000
5118,1170.600000,10.432000,2,0,0.009833,10.441833
5119,1170.633333,11.173417,2,0,0.017500,11.190917
5120,1170.666667,10.231791,2,0,0.005875,10.237666
5121,1170.700000,11.211667,2,0,0.011500,11.223167
5122,1170.733333,10.548834,2,0,0.011291,10.560125
5123,1170.766667,11.055625,2,0,0.018625,11.074250
5124,1170.800000,10.494625,2,0,0.009917,10.504542
5125,1170.833333,9.193833,2,0,0.009250,9.203083
5126,1170.866667,8.369417,2,0,0.007792,8.377209
5127,1170.900000,11.151334,2,0,0.006041,11.157375
5128,1170.933333,8.828250,2,0,0.007750,8.836000
5129,1170.966667,8.726083,2,0,0.008959,8.735042
5130,1171.000000,8.776500,2,0,0.009292,8.785792
5131,1171.033333,8.858208,2,0,0.004334,8.862542
5132,1171.066667,9.512959,2,0,0.019166,9.532125
5133,1171.100000,9.718917,2,0,0.012791,9.731708
5134,1171.133333,10.143000,2,0,0.009583,10.152583
5135,1171.166667,10.440583,2,0,0.019167,10.459750
5136,1171.200000,10.483375,2,0,0.013250,10.496625
5137,1171.233333,11.015417,2,0,0.019375,11.034792
5138,1171.266667,10.830333,2,0,0.013333,10.843666
5139,1171.300000,10.923958,2,0,0.008625,10.932583
5140,1171.333333,10.827958,2,0,0.012625,10.840583
5141,1171.366667,10.835834,2,0,0.011791,10.847625
5142,1171.400000,10.802833,2,0,0.010875,10.813708
5143,1171.433333,10.535000,2,0,0.010833,10.545833
5144,1171.466667,10.612375,2,0,0.018209,10.630584
5145,1171.500000,10.588875,2,0,0.017750,10.606625
5146,1171.533333,10.281625,2,0,0.009250,10.290875
5147,1171.566667,10.756917,2,0,0.017916,10.774833
5148,1171.600000,10.860709,2,0,0.004958,10.865667
5149,1171.633333,8.931209,2,0,0.009291,8.940500
5150,1171.666667,9.135083,2,0,0.006167,9.141250
5151,1171.700000,9.593166,2,0,0.032292,9.625458
5152,1171.733333,9.179041,2,0,0.004875,9.183916
5153,1171.766667,8.856666,2,0,0.010459,8.867125
5154,1171.800000,8.304084,2,0,0.009583,8.313667
5155,1171.833333,9.164542,2,0,0.011833,9.176375
5156,1171.866667,8.747250,2,0,0.017583,8.764833
5157,1171.900000,9.858791,2,0,0.019584,9.878375
5158,1171.933333,9.933417,2,0,0.014833,9.948250
5159,1171.966667,11.183416,2,0,0.011584,11.195000
5160,1172.000000,9.993083,2,0,0.018292,10.011375
5161,1172.033333,10.379416,2,0,0.011959,10.391375
5162,1172.066667,10.276833,2,0,0.009583,10.286416
5163,1172.100000,10.274500,2,0,0.008791,10.283291
5164,1172.133333,10.438291,2,0,0.009000,10.447291
5165,1172.166667,11.177417,2,0,0.011667,11.189084
5166,1172.200000,10.713416,2,0,0.010000,10.723416
5167,1172.233333,10.424584,2,0,0.018583,10.443167
5168,1172.266667,11.239500,2,0,0.017250,11.256750
5169,1172.300000,11.161416,2,0,0.006000,11.167416
5170,1172.333333,10.643417,2,0,0.008875,10.652292
5171,1172.366667,9.712667,2,0,0.008167,9.720834
5172,1172.400000,8.746041,2,0,0.009334,8.755375
5173,1172.433333,8.972666,2,0,0.013125,8.985791
5174,1172.466667,8.565625,2,0,0.010209,8.575834
5175,1172.500000,10.788292,2,0,0.009500,10.797792
5176,1172.533333,8.786292,2,0,0.011041,8.797333
5177,1172.566667,8.732750,2,0,0.005500,8.738250
5178,1172.600000,8.774292,2,0,0.007958,8.782250
5179,1172.633333,8.362042,2,0,0.019083,8.381125
5180,1172.666667,8.535458,2,0,0.018208,8.553666
5181,1172.700000,9.570250,2,0,0.008250,9.578500
5182,1172.733333,9.811459,2,0,0.017208,9.828667
5183,1172.766667,11.286792,2,0,0.018791,11.305583
5184,1172.800000,10.376291,2,0,0.010792,10.387083
5185,1172.833333,10.232958,2,0,0.016500,10.249458
5186,1172.866667,9.984375,2,0,0.015875,10.000250
5187,1172.900000,11.025959,2,0,0.009291,11.035250
5188,1172.933333,12.896709,2,0,0.017583,12.914292
5189,1172.966667,11.059583,2,0,0.010042,11.069625
5190,1173.000000,9.978375,2,0,0.015000,9.993375
5191,1173.033333,10.091000,2,0,0.005166,10.096166
5192,1173.066667,10.939167,2,0,0.008500,10.947667
5193,1173.100000,10.006542,2,0,0.012500,10.019042
5194,1173.133333,10.323417,2,0,0.011667,10.335084
5195,1173.166667,11.000000,2,0,0.006125,11.006125
5196,1173.200000,9.057459,2,0,0.009166,9.066625
5197,1173.233333,8.249333,2,0,0.005833,8.255166
5198,1173.266667,8.760917,2,0,0.009333,8.770250
5199,1173.300000,9.335167,2,0,0.009916,9.345083
5200,1173.333333,9.126625,2,0,0.006791,9.133416
5201,1173.366667,7.983083,2,0,0.042834,8.025917
5202,1173.400000,8.300083,2,0,0.019583,8.319666
5203,1173.433333,8.208041,2,0,0.018417,8.226458
5204,1173.466667,9.838084,2,0,0.007000,9.845084
5205,1173.500000,9.480333,2,0,0.007958,9.488291
5206,1173.533333,10.219667,2,0,0.014458,10.234125
5207,1173.566667,10.024042,2,0,0.014250,10.038292
5208,1173.600000,10.532292,2,0,0.005333,10.537625
5209,1173.633333,11.306917,2,0,0.020083,11.327000
5210,1173.666667,10.323083,2,0,0.005500,10.328583
5211,1173.700000,10.721000,2,0,0.025375,10.746375
5212,1173.733333,11.272250,2,0,0.010917,11.283167
5213,1173.766667,10.489208,2,0,0.005375,10.494583
5214,1173.800000,10.759709,2,0,0.011875,10.771584
5215,1173.833333,10.133375,2,0,0.010125,10.143500
5216,1173.866667,10.361000,2,0,0.012834,10.373834
5217,1173.900000,10.372542,2,0,0.011416,10.383958
5218,1173.933333,10.507917,2,0,0.008250,10.516167
5219,1173.966667,10.382292,2,0,0.016333,10.398625
5220,1174.000000,10.272375,2,0,0.019083,10.291458
5221,1174.033333,10.450792,2,0,0.008000,10.458792
5222,1174.066667,10.253000,2,0,0.009000,10.262000
5223,1174.100000,10.997500,2,0,0.019167,11.016667
5224,1174.133333,10.278917,2,0,0.017083,10.296000
5225,1174.166667,10.786625,2,0,0.018291,10.804916
5226,1174.200000,10.739250,2,0,0.018875,10.758125
5227,1174.233333,9.851084,2,0,0.006375,9.857459
5228,1174.266667,9.818458,2,0,0.013209,9.831667
5229,1174.300000,11.132583,2,0,0.010583,11.143166
5230,1174.333333,10.941334,2,0,0.011541,10.952875
5231,1174.366667,10.253000,2,0,0.012625,10.265625
5232,1174.400000,10.168916,2,0,0.011084,10.180000
5233,1174.433333,10.660250,2,0,0.010791,10.671041
5234,1174.466667,10.013000,2,0,0.004208,10.017208
5235,1174.500000,10.135542,2,0,0.010792,10.146334
5236,1174.533333,10.440792,2,0,0.012416,10.453208
5237,1174.566667,10.333583,2,0,0.013667,10.347250
5238,1174.600000,11.948875,2,0,0.011542,11.960417
5239,1174.633333,9.892333,2,0,0.004625,9.896958
5240,1174.666667,8.967500,2,0,0.009083,8.976583
5241,1174.700000,9.481708,2,0,0.010042,9.491750
5242,1174.733333,9.779292,2,0,0.010416,9.789708
5243,1174.766667,9.140125,2,0,0.009875,9.150000
5244,1174.800000,8.542583,2,0,0.010084,8.552667
5245,1174.833333,8.121084,2,0,0.008000,8.129084
5246,1174.866667,8.361083,2,0,0.010208,8.371291
5247,1174.900000,8.451625,2,0,0.017416,8.469041
5248,1174.933333,9.826708,2,0,0.005542,9.832250
5249,1174.966667,10.062250,2,0,0.008792,10.071042
5250,1175.000000,10.996333,2,0,0.017000,11.013333
5251,1175.033333,10.649666,2,0,0.008084,10.657750
5252,1175.066667,10.555334,2,0,0.008666,10.564000
5253,1175.100000,10.060625,2,0,0.010667,10.071292
5254,1175.133333,10.357459,2,0,0.013458,10.370917
5255,1175.166667,10.999208,2,0,0.018667,11.017875
5256,1175.200000,12.691875,2,0,0.009958,12.701833
5257,1175.233333,10.515666,2,0,0.013292,10.528958
5258,1175.266667,10.696083,2,0,0.008959,10.705042
5259,1175.300000,10.434375,2,0,0.009625,10.444000
5260,1175.333333,10.618125,2,0,0.014208,10.632333
5261,1175.366667,10.382833,2,0,0.010458,10.393291
5262,1175.400000,10.187166,2,0,0.013292,10.200458
5263,1175.433333,10.594583,2,0,0.012292,10.606875
5264,1175.466667,10.481500,2,0,0.008834,10.490334
5265,1175.500000,10.809083,2,0,0.012875,10.821958
5266,1175.533333,10.945667,2,0,0.012583,10.958250
5267,1175.566667,10.953250,2,0,0.012375,10.965625
5268,1175.600000,10.600458,2,0,0.019750,10.620208
5269,1175.633333,10.630000,2,0,0.019458,10.649458
5270,1175.666667,10.671084,2,0,0.006291,10.677375
5271,1175.700000,10.481084,2,0,0.009000,10.490084
5272,1175.733333,10.394209,2,0,0.008583,10.402792
5273,1175.766667,10.317750,2,0,0.008792,10.326542
5274,1175.800000,10.826750,2,0,0.013583,10.840333
5275,1175.833333,11.051583,2,0,0.005959,11.057542
5276,1175.866667,10.621333,2,0,0.018334,10.639667
5277,1175.900000,10.415083,2,0,0.010167,10.425250
5278,1175.933333,10.187334,2,0,0.015666,10.203000
5279,1175.966667,10.316791,2,0,0.012292,10.329083
5280,1176.000000,10.326417,2,0,0.005250,10.331667
5281,1176.033333,10.638500,2,0,0.009958,10.648458
5282,1176.066667,10.472292,2,0,0.011875,10.484167
5283,1176.100000,10.537667,2,0,0.008916,10.546583
5284,1176.133333,11.017000,2,0,0.011042,11.028042
5285,1176.166667,10.740125,2,0,0.019166,10.759291
5286,1176.200000,11.132041,2,0,0.013084,11.145125
5287,1176.233333,10.338000,2,0,0.004833,10.342833
5288,1176.266667,10.754875,2,0,0.012125,10.767000
5289,1176.300000,10.691084,2,0,0.024875,10.715959
5290,1176.333333,10.239625,2,0,0.009709,10.249334
5291,1176.366667,10.414666,2,0,0.013125,10.427791
5292,1176.400000,10.789458,2,0,0.014750,10.804208
5293,1176.433333,9.813125,2,0,0.008250,9.821375
5294,1176.466667,9.158250,2,0,0.005375,9.163625
5295,1176.500000,9.399250,2,0,0.008750,9.408000
5296,1176.533333,9.096250,2,0,0.009375,9.105625
5297,1176.566667,9.337125,2,0,0.008458,9.345583
5298,1176.600000,8.603333,2,0,0.011084,8.614417
5299,1176.633333,8.507667,2,0,0.006375,8.514042
5300,1176.666667,8.576333,2,0,0.010667,8.587000
5301,1176.700000,9.250083,2,0,0.026834,9.276917
5302,1176.733333,9.595458,2,0,0.005083,9.600541
5303,1176.766667,10.281708,2,0,0.014750,10.296458
5304,1176.800000,11.586833,2,0,0.006042,11.592875
5305,1176.833333,10.524500,2,0,0.009583,10.534083
5306,1176.866667,11.332375,2,0,0.010292,11.342667
5307,1176.900000,10.891958,2,0,0.018833,10.910791
5308,1176.933333,10.747334,2,0,0.013541,10.760875
5309,1176.966667,10.413042,2,0,0.005625,10.418667
5310,1177.000000,10.567875,2,0,0.007750,10.575625
5311,1177.033333,11.669833,2,0,0.011584,11.681417
5312,1177.066667,10.840500,2,0,0.019375,10.859875
5313,1177.100000,10.655292,2,0,0.009333,10.664625
5314,1177.133333,10.784792,2,0,0.019833,10.804625
5315,1177.166667,10.349375,2,0,0.008167,10.357542
5316,1177.200000,10.796542,2,0,0.010250,10.806792
5317,1177.233333,10.364083,2,0,0.018208,10.382291
5318,1177.266667,10.617375,2,0,0.011459,10.628834
5319,1177.300000,10.505000,2,0,0.008541,10.513541
5320,1177.333333,10.788292,2,0,0.021458,10.809750
5321,1177.366667,10.421041,2,0,0.012417,10.433458
5322,1177.400000,9.924500,2,0,0.008708,9.933208
5323,1177.433333,8.687833,2,0,0.009625,8.697458
5324,1177.466667,9.284667,2,0,0.006417,9.291084
5325,1177.500000,9.179708,2,0,0.009750,9.189458
5326,1177.533333,8.732417,2,0,0.011875,8.744292
5327,1177.566667,8.616958,2,0,0.016500,8.633458
5328,1177.600000,8.478875,2,0,0.008584,8.487459
5329,1177.633333,8.596417,2,0,0.019333,8.615750
5330,1177.666667,9.016042,2,0,0.009917,9.025959
5331,1177.700000,11.023917,2,0,0.015167,11.039084
5332,1177.733333,9.984791,2,0,0.011875,9.996666
5333,1177.766667,9.479208,2,0,0.013667,9.492875
5334,1177.800000,11.278916,2,0,0.018750,11.297666
5335,1177.833333,10.138334,2,0,0.019083,10.157417
5336,1177.866667,11.140583,2,0,0.006375,11.146958
5337,1177.900000,9.887917,2,0,0.006417,9.894334
5338,1177.933333,10.185417,2,0,0.011666,10.197083
5339,1177.966667,10.237958,2,0,0.012250,10.250208
5340,1178.000000,10.574792,2,0,0.011666,10.586458
5341,1178.033333,11.287500,2,0,0.005291,11.292791
5342,1178.066667,10.718291,2,0,0.014959,10.733250
5343,1178.100000,10.237875,2,0,0.018791,10.256666
5344,1178.133333,10.246958,2,0,0.012458,10.259416
5345,1178.166667,10.958334,2,0,0.009916,10.968250
5346,1178.200000,10.748500,2,0,0.009042,10.757542
5347,1178.233333,10.243000,2,0,0.011000,10.254000
5348,1178.266667,9.418459,2,0,0.008541,9.427000
5349,1178.300000,9.137708,2,0,0.009250,9.146958
5350,1178.333333,9.925042,2,0,0.009333,9.934375
5351,1178.366667,9.614250,2,0,0.009459,9.623709
5352,1178.400000,8.927542,2,0,0.009333,8.936875
5353,1178.433333,9.171625,2,0,0.009333,9.180958
5354,1178.466667,8.715125,2,0,0.007041,8.722166
5355,1178.500000,8.314250,2,0,0.019333,8.333583
5356,1178.533333,8.923125,2,0,0.007959,8.931084
5357,1178.566667,9.960041,2,0,0.008167,9.968208
5358,1178.600000,10.524458,2,0,0.008875,10.533333
5359,1178.633333,10.070125,2,0,0.004667,10.074792
5360,1178.666667,11.239875,2,0,0.012083,11.251958
5361,1178.700000,10.197041,2,0,0.010792,10.207833
5362,1178.733333,10.344458,2,0,0.011292,10.355750
5363,1178.766667,10.137958,2,0,0.009875,10.147833
5364,1178.800000,10.116791,2,0,0.011167,10.127958
5365,1178.833333,11.002041,2,0,0.008459,11.010500
5366,1178.866667,10.706792,2,0,0.008291,10.715083
5367,1178.900000,11.452750,2,0,0.013292,11.466042
5368,1178.933333,10.482375,2,0,0.010042,10.492417
5369,1178.966667,11.395917,2,0,0.011000,11.406917
5370,1179.000000,12.498375,2,0,0.014208,12.512583
5371,1179.033333,10.202833,2,0,0.015833,10.218666
5372,1179.066667,11.114959,2,0,0.012000,11.126959
5373,1179.100000,10.276416,2,0,0.009167,10.285583
5374,1179.133333,10.378875,2,0,0.009792,10.388667
5375,1179.166667,10.377167,2,0,0.009833,10.387000
5376,1179.200000,10.441375,2,0,0.017750,10.459125
5377,1179.233333,10.140041,2,0,0.017959,10.158000
5378,1179.266667,9.777708,2,0,0.011709,9.789417
5379,1179.300000,10.252500,2,0,0.016459,10.268959
5380,1179.333333,9.978333,2,0,0.021459,9.999792
5381,1179.366667,10.670875,2,0,0.007208,10.678083
5382,1179.400000,10.655709,2,0,0.018000,10.673709
5383,1179.433333,10.563209,2,0,0.018333,10.581542
5384,1179.466667,10.660708,2,0,0.015792,10.676500
5385,1179.500000,10.664583,2,0,0.012000,10.676583
5386,1179.533333,11.028625,2,0,0.016834,11.045459
5387,1179.566667,10.970792,2,0,0.022125,10.992917
5388,1179.600000,10.430333,2,0,0.007042,10.437375
5389,1179.633333,10.628209,2,0,0.008958,10.637167
5390,1179.666667,10.245542,2,0,0.013417,10.258959
5391,1179.700000,10.400458,2,0,0.016750,10.417208
5392,1179.733333,10.261041,2,0,0.017792,10.278833
5393,1179.766667,10.618375,2,0,0.018875,10.637250
5394,1179.800000,10.601042,2,0,0.010458,10.611500
5395,1179.833333,11.346000,2,0,0.017541,11.363541
5396,1179.866667,12.378625,2,0,0.006917,12.385542
5397,1179.900000,10.899167,2,0,0.014500,10.913667
5398,1179.933333,10.340542,2,0,0.019833,10.360375
5399,1179.966667,10.554334,2,0,0.012666,10.567000
5400,1180.000000,10.509958,2,0,0.007125,10.517083
5401,1180.033333,10.995958,2,0,0.010875,11.006833
5402,1180.066667,11.398708,2,0,0.018959,11.417667
5403,1180.100000,11.216500,2,0,0.011250,11.227750
5404,1180.133333,11.137292,2,0,0.010000,11.147292
5405,1180.166667,10.372667,2,0,0.009583,10.382250
5406,1180.200000,10.882750,2,0,0.013125,10.895875
5407,1180.233333,10.785542,2,0,0.012375,10.797917
5408,1180.266667,11.188417,2,0,0.005625,11.194042
5409,1180.300000,10.602250,2,0,0.009167,10.611417
5410,1180.333333,11.026917,2,0,0.011917,11.038834
5411,1180.366667,10.053291,2,0,0.011250,10.064541
5412,1180.400000,10.663459,2,0,0.014166,10.677625
5413,1180.433333,10.619667,2,0,0.015083,10.634750
5414,1180.466667,11.699542,2,0,0.018458,11.718000
5415,1180.500000,11.042875,2,0,0.018583,11.061458
5416,1180.533333,11.054250,2,0,0.017042,11.071292
5417,1180.566667,9.866000,2,0,0.011916,9.877916
5418,1180.600000,10.435459,2,0,0.012458,10.447917
5419,1180.633333,10.463292,2,0,0.009250,10.472542
5420,1180.666667,10.322291,2,0,0.009375,10.331666
5421,1180.700000,10.297375,2,0,0.017625,10.315000
5422,1180.733333,11.006042,2,0,0.008666,11.014708
5423,1180.766667,10.688583,2,0,0.011292,10.699875
5424,1180.800000,10.539208,2,0,0.012458,10.551666
5425,1180.833333,10.107042,2,0,0.012583,10.119625
5426,1180.866667,10.932041,2,0,0.016709,10.948750
5427,1180.900000,10.281500,2,0,0.018875,10.300375
5428,1180.933333,11.142750,2,0,0.016917,11.159667
5429,1180.966667,11.009958,2,0,0.009209,11.019167
5430,1181.000000,10.549917,2,0,0.016708,10.566625
5431,1181.033333,11.210875,2,0,0.005083,11.215958
5432,1181.066667,10.268000,2,0,0.011416,10.279416
5433,1181.100000,10.061958,2,0,0.019208,10.081166
5434,1181.133333,10.401375,2,0,0.017292,10.418667
5435,1181.166667,10.421292,2,0,0.010000,10.431292
5436,1181.200000,10.294667,2,0,0.008833,10.303500
5437,1181.233333,10.025042,2,0,0.021208,10.046250
5438,1181.266667,10.075833,2,0,0.010208,10.086041
5439,1181.300000,10.069750,2,0,0.020875,10.090625
5440,1181.333333,10.239125,2,0,0.017250,10.256375
5441,1181.366667,10.364959,2,0,0.011791,10.376750
5442,1181.400000,10.316542,2,0,0.012208,10.328750
5443,1181.433333,10.285125,2,0,0.058292,10.343417
5444,1181.466667,10.663792,2,0,0.017791,10.681583
5445,1181.500000,10.365500,2,0,0.018791,10.384291
5446,1181.533333,9.831000,2,0,0.017000,9.848000
5447,1181.566667,10.298958,2,0,0.018125,10.317083
5448,1181.600000,10.432584,2,0,0.017500,10.450084
5449,1181.633333,9.972750,2,0,0.011916,9.984666
5450,1181.666667,10.161833,2,0,0.009250,10.171083
5451,1181.700000,9.815584,2,0,0.007458,9.823042
5452,1181.733333,10.695459,2,0,0.015375,10.710834
5453,1181.766667,9.880916,2,0,0.010209,9.891125
5454,1181.800000,10.334791,2,0,0.011250,10.346041
5455,1181.833333,10.155459,2,0,0.012458,10.167917
5456,1181.866667,10.787167,2,0,0.010083,10.797250
5457,1181.900000,10.125833,2,0,0.019208,10.145041
5458,1181.933333,10.562583,2,0,0.020459,10.583042
5459,1181.966667,9.955708,2,0,0.019375,9.975083
5460,1182.000000,10.157209,2,0,0.008875,10.166084
5461,1182.033333,10.188041,2,0,0.019875,10.207916
5462,1182.066667,9.519375,2,0,0.008917,9.528292
5463,1182.100000,9.291667,2,0,0.010333,9.302000
5464,1182.133333,9.405459,2,0,0.010625,9.416084
5465,1182.166667,9.883333,2,0,0.008834,9.892167
5466,1182.200000,9.936083,2,0,0.009334,9.945417
5467,1182.233333,10.040667,2,0,0.006208,10.046875
5468,1182.266667,9.857375,2,0,0.013291,9.870666
5469,1182.300000,9.885709,2,0,0.009916,9.895625
5470,1182.333333,10.352042,2,0,0.007875,10.359917
5471,1182.366667,10.701834,2,0,0.004833,10.706667
5472,1182.400000,9.156250,2,0,0.009584,9.165834
5473,1182.433333,9.081959,2,0,0.006250,9.088209
5474,1182.466667,9.570459,2,0,0.009125,9.579584
5475,1182.500000,9.127708,2,0,0.009500,9.137208
5476,1182.533333,8.345084,2,0,0.007916,8.353000
5477,1182.566667,8.088417,2,0,0.007833,8.096250
5478,1182.600000,8.173750,2,0,0.007375,8.181125
5479,1182.633333,9.344125,2,0,0.020042,9.364167
5480,1182.666667,9.608000,2,0,0.009291,9.617291
5481,1182.700000,10.293750,2,0,0.005000,10.298750
5482,1182.733333,10.333708,2,0,0.009042,10.342750
5483,1182.766667,10.461792,2,0,0.018083,10.479875
5484,1182.800000,10.548583,2,0,0.010000,10.558583
5485,1182.833333,10.866500,2,0,0.009250,10.875750
5486,1182.866667,10.959541,2,0,0.019542,10.979083
5487,1182.900000,10.652500,2,0,0.009916,10.662416
5488,1182.933333,11.549459,2,0,0.008791,11.558250
5489,1182.966667,10.635666,2,0,0.008875,10.644541
5490,1183.000000,11.108000,2,0,0.020750,11.128750
5491,1183.033333,11.146542,2,0,0.008667,11.155209
5492,1183.066667,10.870375,2,0,0.005500,10.875875
5493,1183.100000,10.711375,2,0,0.012833,10.724208
5494,1183.133333,10.927000,2,0,0.012375,10.939375
5495,1183.166667,10.848709,2,0,0.007875,10.856584
5496,1183.200000,10.366875,2,0,0.015667,10.382542
5497,1183.233333,10.958791,2,0,0.012209,10.971000
5498,1183.266667,10.749042,2,0,0.018833,10.767875
5499,1183.300000,10.921583,2,0,0.016417,10.938000
5500,1183.333333,10.474750,2,0,0.008833,10.483583
5501,1183.366667,11.150708,2,0,0.009625,11.160333
5502,1183.400000,10.644125,2,0,0.017958,10.662083
5503,1183.433333,11.148959,2,0,0.009750,11.158709
5504,1183.466667,10.477042,2,0,0.018708,10.495750
5505,1183.500000,10.324417,2,0,0.017375,10.341792
5506,1183.533333,10.562417,2,0,0.014875,10.577292
5507,1183.566667,10.440458,2,0,0.011792,10.452250
5508,1183.600000,10.395708,2,0,0.012250,10.407958
5509,1183.633333,10.777625,2,0,0.008667,10.786292
5510,1183.666667,10.939541,2,0,0.010625,10.950166
5511,1183.700000,10.978125,2,0,0.013417,10.991542
5512,1183.733333,11.328875,2,0,0.008959,11.337834
5513,1183.766667,10.521375,2,0,0.012250,10.533625
5514,1183.800000,10.671667,2,0,0.019000,10.690667
5515,1183.833333,10.702167,2,0,0.017333,10.719500
5516,1183.866667,10.596125,2,0,0.012792,10.608917
5517,1183.900000,11.264500,2,0,0.014625,11.279125
5518,1183.933333,10.750000,2,0,0.012208,10.762208
5519,1183.966667,10.447542,2,0,0.011333,10.458875
5520,1184.000000,10.907459,2,0,0.011125,10.918584
5521,1184.033333,10.845250,2,0,0.010333,10.855583
5522,1184.066667,11.299334,2,0,0.010708,11.310042
5523,1184.100000,10.696208,2,0,0.011334,10.707542
5524,1184.133333,10.536584,2,0,0.016916,10.553500
5525,1184.166667,10.553625,2,0,0.017000,10.570625
5526,1184.200000,10.592458,2,0,0.011375,10.603833
5527,1184.233333,10.530417,2,0,0.010250,10.540667
5528,1184.266667,11.038625,2,0,0.009666,11.048291
5529,1184.300000,10.878708,2,0,0.010250,10.888958
5530,1184.333333,11.360083,2,0,0.010667,11.370750
5531,1184.366667,10.979625,2,0,0.012166,10.991791
5532,1184.400000,10.906542,2,0,0.018542,10.925084
5533,1184.433333,10.477292,2,0,0.017708,10.495000
5534,1184.466667,10.557917,2,0,0.018125,10.576042
5535,1184.500000,10.741250,2,0,0.019166,10.760416
5536,1184.533333,10.456750,2,0,0.017417,10.474167
5537,1184.566667,10.698792,2,0,0.008541,10.707333
5538,1184.600000,10.834750,2,0,0.005041,10.839791
5539,1184.633333,10.916291,2,0,0.010625,10.926916
5540,1184.666667,10.803458,2,0,0.013250,10.816708
5541,1184.700000,10.972792,2,0,0.006125,10.978917
5542,1184.733333,10.794667,2,0,0.009916,10.804583
5543,1184.766667,10.839334,2,0,0.007291,10.846625
5544,1184.800000,10.650375,2,0,0.019625,10.670000
5545,1184.833333,10.896833,2,0,0.014167,10.911000
5546,1184.866667,11.428542,2,0,0.010875,11.439417
5547,1184.900000,11.025833,2,0,0.012542,11.038375
5548,1184.933333,11.118666,2,0,0.020709,11.139375
5549,1184.966667,10.850416,2,0,0.010209,10.860625
5550,1185.000000,11.136250,2,0,0.014917,11.151167
5551,1185.033333,10.862208,2,0,0.023875,10.886083
5552,1185.066667,11.225791,2,0,0.010375,11.236166
5553,1185.100000,11.123792,2,0,0.012458,11.136250
5554,1185.133333,11.167042,2,0,0.016083,11.183125
5555,1185.166667,10.635958,2,0,0.009500,10.645458
5556,1185.200000,10.649041,2,0,0.014750,10.663791
5557,1185.233333,11.131833,2,0,0.010500,11.142333
5558,1185.266667,10.765042,2,0,0.013375,10.778417
5559,1185.300000,10.742209,2,0,0.011166,10.753375
5560,1185.333333,10.529209,2,0,0.009416,10.538625
5561,1185.366667,10.756125,2,0,0.009541,10.765666
5562,1185.400000,10.288959,2,0,0.010041,10.299000
5563,1185.433333,10.688375,2,0,0.019500,10.707875
5564,1185.466667,10.649792,2,0,0.006750,10.656542
5565,1185.500000,10.424917,2,0,0.007375,10.432292
5566,1185.533333,10.692542,2,0,0.016333,10.708875
5567,1185.566667,10.600125,2,0,0.006375,10.606500
5568,1185.600000,10.536375,2,0,0.014541,10.550916
5569,1185.633333,11.661584,2,0,0.012333,11.673917
5570,1185.666667,12.843208,2,0,0.020708,12.863916
5571,1185.700000,10.797000,2,0,0.006584,10.803584
5572,1185.733333,10.588292,2,0,0.010167,10.598459
5573,1185.766667,10.557000,2,0,0.009916,10.566916
5574,1185.800000,10.545416,2,0,0.008459,10.553875
5575,1185.833333,10.453917,2,0,0.015541,10.469458
5576,1185.866667,10.689958,2,0,0.017084,10.707042
5577,1185.900000,10.970834,2,0,0.017666,10.988500
5578,1185.933333,10.634250,2,0,0.012833,10.647083
5579,1185.966667,11.030416,2,0,0.010459,11.040875
5580,1186.000000,10.871125,2,0,0.006167,10.877292
5581,1186.033333,11.449125,2,0,0.019875,11.469000
5582,1186.066667,10.781375,2,0,0.012417,10.793792
5583,1186.100000,10.375042,2,0,0.014833,10.389875
5584,1186.133333,10.280917,2,0,0.009833,10.290750
5585,1186.166667,10.433125,2,0,0.026500,10.459625
5586,1186.200000,10.749875,2,0,0.019167,10.769042
5587,1186.233333,10.709958,2,0,0.015417,10.725375
5588,1186.266667,10.643417,2,0,0.026666,10.670083
5589,1186.300000,10.258000,2,0,0.009750,10.267750
5590,1186.333333,10.715625,2,0,0.009250,10.724875
5591,1186.366667,10.865458,2,0,0.015208,10.880666
5592,1186.400000,10.707625,2,0,0.042375,10.750000
5593,1186.433333,10.699166,2,0,0.018875,10.718041
5594,1186.466667,10.862041,2,0,0.015750,10.877791
5595,1186.500000,10.406417,2,0,0.007667,10.414084
5596,1186.533333,12.058583,2,0,0.011584,12.070167
5597,1186.566667,10.799709,2,0,0.016750,10.816459
5598,1186.600000,10.661417,2,0,0.011958,10.673375
5599,1186.633333,10.489000,2,0,0.010667,10.499667
5600,1186.666667,10.667542,2,0,0.011583,10.679125
5601,1186.700000,10.290375,2,0,0.009333,10.299708
5602,1186.733333,9.985792,2,0,0.015666,10.001458
5603,1186.766667,10.261958,2,0,0.012792,10.274750
5604,1186.800000,10.344042,2,0,0.010208,10.354250
5605,1186.833333,10.683625,2,0,0.006125,10.689750
5606,1186.866667,11.113250,2,0,0.010416,11.123666
5607,1186.900000,10.836166,2,0,0.009292,10.845458
5608,1186.933333,10.487833,2,0,0.012042,10.499875
5609,1186.966667,10.497750,2,0,0.006209,10.503959
5610,1187.000000,10.798375,2,0,0.010875,10.809250
5611,1187.033333,10.281084,2,0,0.018583,10.299667
5612,1187.066667,11.012041,2,0,0.009500,11.021541
5613,1187.100000,10.603291,2,0,0.009834,10.613125
5614,1187.133333,10.827916,2,0,0.011834,10.839750
5615,1187.166667,10.249042,2,0,0.018333,10.267375
5616,1187.200000,10.464250,2,0,0.010000,10.474250
5617,1187.233333,10.529917,2,0,0.015250,10.545167
5618,1187.266667,10.573625,2,0,0.014000,10.587625
5619,1187.300000,10.374125,2,0,0.012958,10.387083
5620,1187.333333,10.146875,2,0,0.008959,10.155834
5621,1187.366667,10.153834,2,0,0.005583,10.159417
5622,1187.400000,10.729167,2,0,0.010125,10.739292
5623,1187.433333,10.279000,2,0,0.010083,10.289083
5624,1187.466667,10.813083,2,0,0.009542,10.822625
5625,1187.500000,10.330000,2,0,0.020167,10.350167
5626,1187.533333,10.441667,2,0,0.010250,10.451917
5627,1187.566667,10.318709,2,0,0.011708,10.330417
5628,1187.600000,9.894792,2,0,0.009125,9.903917
5629,1187.633333,10.156875,2,0,0.010750,10.167625
5630,1187.666667,10.274917,2,0,0.005750,10.280667
5631,1187.700000,10.196792,2,0,0.010667,10.207459
5632,1187.733333,10.224250,2,0,0.010875,10.235125
5633,1187.766667,10.283708,2,0,0.017625,10.301333
5634,1187.800000,10.540292,2,0,0.012041,10.552333
5635,1187.833333,10.468542,2,0,0.017500,10.486042
5636,1187.866667,10.230416,2,0,0.011500,10.241916
5637,1187.900000,10.348208,2,0,0.011125,10.359333
5638,1187.933333,10.408292,2,0,0.013292,10.421584
5639,1187.966667,10.625958,2,0,0.018000,10.643958
5640,1188.000000,10.017458,2,0,0.017042,10.034500
5641,1188.033333,10.315542,2,0,0.010917,10.326459
5642,1188.066667,10.426833,2,0,0.005584,10.432417
5643,1188.100000,9.988625,2,0,0.007958,9.996583
5644,1188.133333,10.743625,2,0,0.009959,10.753584
5645,1188.166667,10.023708,2,0,0.004250,10.027958
5646,1188.200000,10.385541,2,0,0.025417,10.410958
5647,1188.233333,11.632750,2,0,0.011667,11.644417
5648,1188.266667,10.487583,2,0,0.011833,10.499416
5649,1188.300000,10.785333,2,0,0.010792,10.796125
5650,1188.333333,10.600792,2,0,0.019125,10.619917
5651,1188.366667,10.137750,2,0,0.009250,10.147000
5652,1188.400000,10.474833,2,0,0.008917,10.483750
5653,1188.433333,9.800375,2,0,0.009958,9.810333
5654,1188.466667,10.098625,2,0,0.008834,10.107459
5655,1188.500000,10.305500,2,0,0.008292,10.313792
5656,1188.533333,10.789250,2,0,0.009167,10.798417
5657,1188.566667,10.518709,2,0,0.016958,10.535667
5658,1188.600000,10.505917,2,0,0.011917,10.517834
5659,1188.633333,10.169209,2,0,0.008875,10.178084
5660,1188.666667,10.679250,2,0,0.015042,10.694292
5661,1188.700000,10.921292,2,0,0.012208,10.933500
5662,1188.733333,12.585833,2,0,0.012834,12.598667
5663,1188.766667,9.848708,2,0,0.009334,9.858042
5664,1188.800000,10.223000,2,0,0.025708,10.248708
5665,1188.833333,10.221208,2,0,0.010084,10.231292
5666,1188.866667,10.263292,2,0,0.018666,10.281958
5667,1188.900000,10.116708,2,0,0.009959,10.126667
5668,1188.933333,10.503416,2,0,0.012584,10.516000
5669,1188.966667,10.280417,2,0,0.014291,10.294708
5670,1189.000000,10.367958,2,0,0.009750,10.377708
5671,1189.033333,10.193916,2,0,0.010000,10.203916
5672,1189.066667,10.335917,2,0,0.010500,10.346417
5673,1189.100000,9.504792,2,0,0.005708,9.510500
5674,1189.133333,10.505875,2,0,0.016500,10.522375
5675,1189.166667,10.010958,2,0,0.009334,10.020292
5676,1189.200000,10.060416,2,0,0.010375,10.070791
5677,1189.233333,10.026583,2,0,0.010333,10.036916
5678,1189.266667,10.065625,2,0,0.008375,10.074000
5679,1189.300000,9.713750,2,0,0.007958,9.721708
5680,1189.333333,10.411000,2,0,0.011042,10.422042
5681,1189.366667,10.232167,2,0,0.022750,10.254917
5682,1189.400000,10.300000,2,0,0.005917,10.305917
5683,1189.433333,10.472792,2,0,0.013041,10.485833
5684,1189.466667,11.100292,2,0,0.005250,11.105542
5685,1189.500000,10.415292,2,0,0.003917,10.419209
5686,1189.533333,10.028916,2,0,0.006167,10.035083
5687,1189.566667,9.756208,2,0,0.016542,9.772750
5688,1189.600000,10.363375,2,0,0.008291,10.371666
5689,1189.633333,9.807667,2,0,0.015500,9.823167
5690,1189.666667,9.732208,2,0,0.010292,9.742500
5691,1189.700000,10.518333,2,0,0.007375,10.525708
5692,1189.733333,10.358458,2,0,0.010333,10.368791
5693,1189.766667,9.813917,2,0,0.009458,9.823375
5694,1189.800000,10.816875,2,0,0.008833,10.825708
5695,1189.833333,10.052542,2,0,0.011750,10.064292
5696,1189.866667,10.351459,2,0,0.009833,10.361292
5697,1189.900000,10.442334,2,0,0.009416,10.451750
5698,1189.933333,9.989791,2,0,0.008709,9.998500
5699,1189.966667,10.766375,2,0,0.010125,10.776500
5700,1190.000000,11.066167,2,0,0.016625,11.082792
5701,1190.033333,10.203834,2,0,0.015291,10.219125
5702,1190.066667,11.005417,2,0,0.008167,11.013584
5703,1190.100000,9.980625,2,0,0.010208,9.990833
5704,1190.133333,10.292250,2,0,0.007791,10.300041
5705,1190.166667,10.317541,2,0,0.010667,10.328208
5706,1190.200000,10.707375,2,0,0.018792,10.726167
5707,1190.233333,11.203500,2,0,0.009291,11.212791
5708,1190.266667,10.664833,2,0,0.006542,10.671375
5709,1190.300000,10.423500,2,0,0.013584,10.437084
5710,1190.333333,10.597833,2,0,0.011167,10.609000
5711,1190.366667,10.409375,2,0,0.012542,10.421917
5712,1190.400000,11.192417,2,0,0.014625,11.207042
5713,1190.433333,11.187458,2,0,0.010709,11.198167
5714,1190.466667,10.890667,2,0,0.013000,10.903667
5715,1190.500000,10.310167,2,0,0.008416,10.318583
5716,1190.533333,9.786958,2,0,0.007250,9.794208
5717,1190.566667,8.897500,2,0,0.008958,8.906458
5718,1190.600000,9.457042,2,0,0.007208,9.464250
5719,1190.633333,9.286125,2,0,0.008917,9.295042
5720,1190.666667,12.946125,2,0,0.011792,12.957917
5721,1190.700000,8.807000,2,0,0.009167,8.816167
5722,1190.733333,9.320917,2,0,0.005167,9.326084
5723,1190.766667,9.355250,2,0,0.018083,9.373333
5724,1190.800000,10.043416,2,0,0.010000,10.053416
5725,1190.833333,10.724083,2,0,0.008417,10.732500
5726,1190.866667,11.431875,2,0,0.016041,11.447916
5727,1190.900000,10.288083,2,0,0.012042,10.300125
5728,1190.933333,11.880625,2,0,0.016125,11.896750
5729,1190.966667,12.244292,2,0,0.016333,12.260625
5730,1191.000000,11.859500,2,0,0.011791,11.871291
5731,1191.033333,10.490375,2,0,0.012583,10.502958
5732,1191.066667,11.791208,2,0,0.013708,11.804916
5733,1191.100000,10.865083,2,0,0.014167,10.879250
5734,1191.133333,10.669875,2,0,0.005667,10.675542
5735,1191.166667,10.851542,2,0,0.009375,10.860917
5736,1191.200000,11.071500,2,0,0.017084,11.088584
5737,1191.233333,11.309375,2,0,0.017416,11.326791
5738,1191.266667,10.737083,2,0,0.013333,10.750416
5739,1191.300000,11.299959,2,0,0.015916,11.315875
5740,1191.333333,11.450459,2,0,0.018625,11.469084
5741,1191.366667,10.879458,2,0,0.016083,10.895541
5742,1191.400000,11.227834,2,0,0.009458,11.237292
5743,1191.433333,11.370458,2,0,0.019292,11.389750
5744,1191.466667,11.330208,2,0,0.009417,11.339625
5745,1191.500000,10.782333,2,0,0.017417,10.799750
5746,1191.533333,11.083209,2,0,0.009416,11.092625
5747,1191.566667,11.276416,2,0,0.017417,11.293833
5748,1191.600000,11.236417,2,0,0.009792,11.246209
5749,1191.633333,11.126833,2,0,0.012333,11.139166
5750,1191.666667,11.125083,2,0,0.012208,11.137291
5751,1191.700000,11.330000,2,0,0.010917,11.340917
5752,1191.733333,11.073792,2,0,0.009166,11.082958
5753,1191.766667,11.054667,2,0,0.010208,11.064875
5754,1191.800000,11.446500,2,0,0.015875,11.462375
5755,1191.833333,11.520083,2,0,0.010250,11.530333
5756,1191.866667,11.374459,2,0,0.010583,11.385042
5757,1191.900000,11.220834,2,0,0.010416,11.231250
5758,1191.933333,10.963583,2,0,0.019917,10.983500
5759,1191.966667,11.449292,2,0,0.018208,11.467500
5760,1192.000000,11.366125,2,0,0.007750,11.373875
5761,1192.033333,10.927500,2,0,0.011042,10.938542
5762,1192.066667,11.446167,2,0,0.005958,11.452125
5763,1192.100000,11.582375,2,0,0.012542,11.594917
5764,1192.133333,11.416625,2,0,0.005584,11.422209
5765,1192.166667,11.958167,2,0,0.014625,11.972792
5766,1192.200000,11.251750,2,0,0.012083,11.263833
5767,1192.233333,10.977292,2,0,0.017750,10.995042
5768,1192.266667,11.094083,2,0,0.009167,11.103250
5769,1192.300000,11.510167,2,0,0.011833,11.522000
5770,1192.333333,11.132958,2,0,0.010500,11.143458
5771,1192.366667,11.763958,2,0,0.013833,11.777791
5772,1192.400000,11.255666,2,0,0.018125,11.273791
5773,1192.433333,11.402000,2,0,0.018042,11.420042
5774,1192.466667,11.373375,2,0,0.010083,11.383458
5775,1192.500000,11.308708,2,0,0.018542,11.327250
5776,1192.533333,11.432875,2,0,0.010500,11.443375
5777,1192.566667,11.270458,2,0,0.009583,11.280041
5778,1192.600000,11.443916,2,0,0.008750,11.452666
5779,1192.633333,11.360375,2,0,0.005917,11.366292
5780,1192.666667,11.245917,2,0,0.004958,11.250875
5781,1192.700000,11.165416,2,0,0.009959,11.175375
5782,1192.733333,11.336833,2,0,0.009084,11.345917
5783,1192.766667,11.070875,2,0,0.011250,11.082125
5784,1192.800000,11.636250,2,0,0.010791,11.647041
5785,1192.833333,11.474583,2,0,0.009667,11.484250
5786,1192.866667,11.161125,2,0,0.009708,11.170833
5787,1192.900000,11.297583,2,0,0.005417,11.303000
5788,1192.933333,11.423041,2,0,0.018500,11.441541
5789,1192.966667,11.519000,2,0,0.009208,11.528208
5790,1193.000000,11.263709,2,0,0.009291,11.273000
5791,1193.033333,11.506625,2,0,0.009417,11.516042
5792,1193.066667,11.588459,2,0,0.011250,11.599709
5793,1193.100000,10.957833,2,0,0.005917,10.963750
5794,1193.133333,11.341958,2,0,0.009542,11.351500
5795,1193.166667,11.786083,2,0,0.011292,11.797375
5796,1193.200000,11.312833,2,0,0.005709,11.318542
5797,1193.233333,11.007750,2,0,0.016834,11.024584
5798,1193.266667,12.513208,2,0,0.011167,12.524375
5799,1193.300000,11.195250,2,0,0.009958,11.205208
5800,1193.333333,11.980041,2,0,0.009917,11.989958
5801,1193.366667,11.619875,2,0,0.013375,11.633250
5802,1193.400000,10.602500,2,0,0.009584,10.612084
5803,1193.433333,12.239084,2,0,0.010208,12.249292
5804,1193.466667,11.813417,2,0,0.015292,11.828709
5805,1193.500000,11.155875,2,0,0.013625,11.169500
5806,1193.533333,12.373875,2,0,0.008541,12.382416
5807,1193.566667,12.291458,2,0,0.012917,12.304375
5808,1193.600000,11.185542,2,0,0.013541,11.199083
5809,1193.633333,11.133291,2,0,0.012625,11.145916
5810,1193.666667,10.978292,2,0,0.017333,10.995625
5811,1193.700000,11.137708,2,0,0.010667,11.148375
5812,1193.733333,11.821584,2,0,0.019041,11.840625
5813,1193.766667,12.171333,2,0,0.019709,12.191042
5814,1193.800000,11.087750,2,0,0.011417,11.099167
5815,1193.833333,11.978875,2,0,0.018125,11.997000
5816,1193.866667,11.629375,2,0,0.009084,11.638459
5817,1193.900000,12.004208,2,0,0.013792,12.018000
5818,1193.933333,11.111709,2,0,0.010583,11.122292
5819,1193.966667,10.883125,2,0,0.018083,10.901208
5820,1194.000000,11.469917,2,0,0.011792,11.481709
5821,1194.033333,11.199583,2,0,0.004875,11.204458
5822,1194.066667,12.039583,2,0,0.010959,12.050542
5823,1194.100000,12.033250,2,0,0.009625,12.042875
5824,1194.133333,11.548500,2,0,0.009375,11.557875
5825,1194.166667,11.893583,2,0,0.017667,11.911250
5826,1194.200000,11.282458,2,0,0.016500,11.298958
5827,1194.233333,11.608584,2,0,0.009541,11.618125
5828,1194.266667,11.798250,2,0,0.016000,11.814250
5829,1194.300000,11.113500,2,0,0.014208,11.127708
5830,1194.333333,11.698750,2,0,0.010042,11.708792
5831,1194.366667,11.455584,2,0,0.017250,11.472834
5832,1194.400000,13.505833,2,0,0.015875,13.521708
5833,1194.433333,11.980750,2,0,0.009875,11.990625
5834,1194.466667,11.317250,2,0,0.011834,11.329084
5835,1194.500000,11.525458,2,0,0.004625,11.530083
5836,1194.533333,11.388458,2,0,0.018208,11.406666
5837,1194.566667,12.127875,2,0,0.017333,12.145208
5838,1194.600000,11.508709,2,0,0.011250,11.519959
5839,1194.633333,12.164375,2,0,0.005833,12.170208
5840,1194.666667,11.844625,2,0,0.013333,11.857958
5841,1194.700000,12.159125,2,0,0.042792,12.201917
5842,1194.733333,11.284917,2,0,0.010333,11.295250
5843,1194.766667,11.980291,2,0,0.014792,11.995083
5844,1194.800000,11.636083,2,0,0.010167,11.646250
5845,1194.833333,12.930625,2,0,0.010084,12.940709
5846,1194.866667,12.145458,2,0,0.008333,12.153791
5847,1194.900000,11.203375,2,0,0.013083,11.216458
5848,1194.933333,11.331917,2,0,0.011583,11.343500
5849,1194.966667,11.858750,2,0,0.010375,11.869125
5850,1195.000000,11.224792,2,0,0.017666,11.242458
5851,1195.033333,9.844209,2,0,0.008708,9.852917
5852,1195.066667,10.160250,2,0,0.008708,10.168958
5853,1195.100000,10.273833,2,0,0.007958,10.281791
5854,1195.133333,9.484500,2,0,0.014792,9.499292
5855,1195.166667,9.973167,2,0,0.009916,9.983083
5856,1195.200000,10.336958,2,0,0.008417,10.345375
5857,1195.233333,9.657875,2,0,0.009750,9.667625
5858,1195.266667,9.686625,2,0,0.005250,9.691875
5859,1195.300000,10.057084,2,0,0.008416,10.065500
5860,1195.333333,10.291125,2,0,0.008459,10.299584
5861,1195.366667,10.741084,2,0,0.008583,10.749667
5862,1195.400000,11.518875,2,0,0.010292,11.529167
5863,1195.433333,11.378458,2,0,0.018917,11.397375
5864,1195.466667,11.528750,2,0,0.017125,11.545875
5865,1195.500000,11.600875,2,0,0.009750,11.610625
5866,1195.533333,11.788834,2,0,0.015916,11.804750
5867,1195.566667,12.202541,2,0,0.017959,12.220500
5868,1195.600000,11.844625,2,0,0.009208,11.853833
5869,1195.633333,11.491041,2,0,0.010709,11.501750
5870,1195.666667,12.767334,2,0,0.015791,12.783125
5871,1195.700000,12.223792,2,0,0.013167,12.236959
5872,1195.733333,12.603750,2,0,0.024666,12.628416
5873,1195.766667,12.721084,2,0,0.012791,12.733875
5874,1195.800000,12.945500,2,0,0.018834,12.964334
5875,1195.833333,12.641750,2,0,0.011833,12.653583
5876,1195.866667,11.608541,2,0,0.010459,11.619000
5877,1195.900000,11.737500,2,0,0.009875,11.747375
5878,1195.933333,12.100000,2,0,0.009750,12.109750
5879,1195.966667,11.740167,2,0,0.004833,11.745000
5880,1196.000000,12.468500,2,0,0.010875,12.479375
5881,1196.033333,12.193375,2,0,0.017375,12.210750
5882,1196.066667,11.780333,2,0,0.016709,11.797042
5883,1196.100000,11.811416,2,0,0.010292,11.821708
5884,1196.133333,12.869208,2,0,0.017625,12.886833
5885,1196.166667,11.753167,2,0,0.008791,11.761958
5886,1196.200000,11.850500,2,0,0.018042,11.868542
5887,1196.233333,12.486209,2,0,0.014375,12.500584
5888,1196.266667,11.827292,2,0,0.008833,11.836125
5889,1196.300000,12.533000,2,0,0.010125,12.543125
5890,1196.333333,12.902667,2,0,0.010083,12.912750
5891,1196.366667,12.228750,2,0,0.018166,12.246916
5892,1196.400000,12.649334,2,0,0.010083,12.659417
5893,1196.433333,12.010541,2,0,0.005792,12.016333
5894,1196.466667,11.463000,2,0,0.006625,11.469625
5895,1196.500000,12.177542,2,0,0.015375,12.192917
5896,1196.533333,11.492666,2,0,0.008292,11.500958
5897,1196.566667,11.886208,2,0,0.014333,11.900541
5898,1196.600000,11.764083,2,0,0.016792,11.780875
5899,1196.633333,11.494541,2,0,0.017500,11.512041
5900,1196.666667,11.804333,2,0,0.010625,11.814958
5901,1196.700000,11.949292,2,0,0.006875,11.956167
5902,1196.733333,12.144041,2,0,0.012375,12.156416
5903,1196.766667,12.230167,2,0,0.016541,12.246708
5904,1196.800000,11.795375,2,0,0.012792,11.808167
5905,1196.833333,12.455333,2,0,0.012583,12.467916
5906,1196.866667,11.689958,2,0,0.012334,11.702292
5907,1196.900000,11.709291,2,0,0.010500,11.719791
5908,1196.933333,11.535542,2,0,0.008417,11.543959
5909,1196.966667,11.810541,2,0,0.019125,11.829666
5910,1197.000000,12.524125,2,0,0.014959,12.539084
5911,1197.033333,12.143250,2,0,0.019416,12.162666
5912,1197.066667,12.837334,2,0,0.011750,12.849084
5913,1197.100000,11.946125,2,0,0.005958,11.952083
5914,1197.133333,11.915208,2,0,0.008125,11.923333
5915,1197.166667,11.504083,2,0,0.011958,11.516041
5916,1197.200000,11.548292,2,0,0.009667,11.557959
5917,1197.233333,11.598417,2,0,0.012167,11.610584
5918,1197.266667,11.629375,2,0,0.017958,11.647333
5919,1197.300000,11.509250,2,0,0.019625,11.528875
5920,1197.333333,11.996500,2,0,0.018583,12.015083
5921,1197.366667,11.685375,2,0,0.018166,11.703541
5922,1197.400000,11.522417,2,0,0.009667,11.532084
5923,1197.433333,11.963417,2,0,0.018000,11.981417
5924,1197.466667,12.015791,2,0,0.018709,12.034500
5925,1197.500000,11.550083,2,0,0.008833,11.558916
5926,1197.533333,11.603167,2,0,0.016875,11.620042
5927,1197.566667,11.690833,2,0,0.017250,11.708083
5928,1197.600000,11.834292,2,0,0.009208,11.843500
5929,1197.633333,12.196500,2,0,0.019041,12.215541
5930,1197.666667,11.445000,2,0,0.011917,11.456917
5931,1197.700000,11.472500,2,0,0.012250,11.484750
5932,1197.733333,11.744625,2,0,0.019459,11.764084
5933,1197.766667,11.556583,2,0,0.006125,11.562708
5934,1197.800000,11.661166,2,0,0.016834,11.678000
5935,1197.833333,11.700750,2,0,0.009500,11.710250
5936,1197.866667,11.782625,2,0,0.015500,11.798125
5937,1197.900000,11.718000,2,0,0.009958,11.727958
5938,1197.933333,11.777709,2,0,0.012166,11.789875
5939,1197.966667,12.017584,2,0,0.013250,12.030834
5940,1198.000000,11.792125,2,0,0.016917,11.809042
5941,1198.033333,11.722584,2,0,0.015458,11.738042
5942,1198.066667,12.225416,2,0,0.014042,12.239458
5943,1198.100000,11.555250,2,0,0.009750,11.565000
5944,1198.133333,11.895750,2,0,0.015417,11.911167
5945,1198.166667,11.877041,2,0,0.009667,11.886708
5946,1198.200000,12.748375,2,0,0.007834,12.756209
5947,1198.233333,11.947000,2,0,0.018417,11.965417
5948,1198.266667,12.052208,2,0,0.019625,12.071833
5949,1198.300000,11.758459,2,0,0.013125,11.771584
5950,1198.333333,12.177166,2,0,0.018625,12.195791
5951,1198.366667,13.089708,2,0,0.010625,13.100333
5952,1198.400000,11.805125,2,0,0.008500,11.813625
5953,1198.433333,11.266375,2,0,0.011167,11.277542
5954,1198.466667,11.742416,2,0,0.013000,11.755416
5955,1198.500000,11.343750,2,0,0.012250,11.356000
5956,1198.533333,12.598875,2,0,0.015375,12.614250
5957,1198.566667,12.434750,2,0,0.008750,12.443500
5958,1198.600000,12.405459,2,0,0.010416,12.415875
5959,1198.633333,11.473334,2,0,0.012250,11.485584
5960,1198.666667,12.690250,2,0,0.012375,12.702625
5961,1198.700000,11.835792,2,0,0.009875,11.845667
5962,1198.733333,12.381625,2,0,0.013459,12.395084
5963,1198.766667,12.404833,2,0,0.014084,12.418917
5964,1198.800000,12.260792,2,0,0.011708,12.272500
5965,1198.833333,11.722750,2,0,0.010291,11.733041
5966,1198.866667,12.248833,2,0,0.009917,12.258750
5967,1198.900000,11.276500,2,0,0.011333,11.287833
5968,1198.933333,11.512084,2,0,0.008708,11.520792
5969,1198.966667,12.653500,2,0,0.019166,12.672666
5970,1199.000000,11.385667,2,0,0.022041,11.407708
5971,1199.033333,12.119500,2,0,0.005417,12.124917
5972,1199.066667,11.765208,2,0,0.013000,11.778208
5973,1199.100000,12.204000,2,0,0.008959,12.212959
5974,1199.133333,12.125834,2,0,0.011083,12.136917
5975,1199.166667,13.761958,2,0,0.013625,13.775583
5976,1199.200000,11.107209,2,0,0.017416,11.124625
5977,1199.233333,10.986792,2,0,0.013125,10.999917
5978,1199.266667,11.626375,2,0,0.012916,11.639291
5979,1199.300000,11.831542,2,0,0.013375,11.844917
5980,1199.333333,11.349333,2,0,0.009167,11.358500
5981,1199.366667,11.617000,2,0,0.011167,11.628167
5982,1199.400000,11.461459,2,0,0.018583,11.480042
5983,1199.433333,11.216375,2,0,0.011875,11.228250
5984,1199.466667,11.584959,2,0,0.009958,11.594917
5985,1199.500000,11.435125,2,0,0.016416,11.451541
5986,1199.533333,11.805625,2,0,0.010458,11.816083
5987,1199.566667,11.233833,2,0,0.008375,11.242208
5988,1199.600000,11.580333,2,0,0.012250,11.592583
5989,1199.633333,11.570833,2,0,0.009625,11.580458
5990,1199.666667,11.779292,2,0,0.012916,11.792208
5991,1199.700000,11.381041,2,0,0.006250,11.387291
5992,1199.733333,11.358541,2,0,0.008584,11.367125
5993,1199.766667,11.309417,2,0,0.018667,11.328084
5994,1199.800000,11.535333,2,0,0.008083,11.543416
5995,1199.833333,11.180875,2,0,0.014542,11.195417
5996,1199.866667,11.813666,2,0,0.006250,11.819916
5997,1199.900000,11.549375,2,0,0.018125,11.567500
5998,1199.933333,10.967166,2,0,0.018292,10.985458
5999,1199.966667,11.521042,2,0,0.008625,11.529667
6000,1200.000000,11.613041,2,0,0.017459,11.630500
6001,1200.033333,10.825583,2,0,0.010333,10.835916
6002,1200.066667,12.122000,2,0,0.013333,12.135333
6003,1200.100000,11.593958,2,0,0.013125,11.607083
6004,1200.133333,11.400083,2,0,0.012542,11.412625
6005,1200.166667,11.354291,2,0,0.027417,11.381708
6006,1200.200000,11.387292,2,0,0.016166,11.403458
6007,1200.233333,11.397875,2,0,0.009500,11.407375
6008,1200.266667,11.822292,2,0,0.014292,11.836584
6009,1200.300000,11.409292,2,0,0.014000,11.423292
6010,1200.333333,11.769375,2,0,0.014958,11.784333
6011,1200.366667,11.725917,2,0,0.018875,11.744792
6012,1200.400000,11.656750,2,0,0.009833,11.666583
6013,1200.433333,11.583625,2,0,0.017000,11.600625
6014,1200.466667,11.694167,2,0,0.011167,11.705334
6015,1200.500000,11.671708,2,0,0.010625,11.682333
6016,1200.533333,11.885542,2,0,0.017291,11.902833
6017,1200.566667,11.578333,2,0,0.008542,11.586875
6018,1200.600000,11.598417,2,0,0.008875,11.607292
6019,1200.633333,11.426417,2,0,0.013167,11.439584
6020,1200.666667,11.845084,2,0,0.012208,11.857292
6021,1200.700000,11.608292,2,0,0.010375,11.618667
6022,1200.733333,11.529042,2,0,0.009000,11.538042
6023,1200.766667,11.496250,2,0,0.013500,11.509750
6024,1200.800000,11.326542,2,0,0.011291,11.337833
6025,1200.833333,11.544875,2,0,0.018333,11.563208
6026,1200.866667,11.829583,2,0,0.011667,11.841250
6027,1200.900000,12.057167,2,0,0.018708,12.075875
6028,1200.933333,11.564417,2,0,0.011875,11.576292
6029,1200.966667,11.664708,2,0,0.010750,11.675458
6030,1201.000000,11.826291,2,0,0.017667,11.843958
6031,1201.033333,11.587792,2,0,0.019792,11.607584
6032,1201.066667,12.192583,2,0,0.016917,12.209500
6033,1201.100000,11.283750,2,0,0.014000,11.297750
6034,1201.133333,11.711834,2,0,0.010875,11.722709
6035,1201.166667,11.156084,2,0,0.008208,11.164292
6036,1201.200000,12.166583,2,0,0.005959,12.172542
6037,1201.233333,11.692458,2,0,0.005417,11.697875
6038,1201.266667,11.804875,2,0,0.016083,11.820958
6039,1201.300000,11.443625,2,0,0.010291,11.453916
6040,1201.333333,11.534917,2,0,0.014166,11.549083
6041,1201.366667,11.337542,2,0,0.010875,11.348417
6042,1201.400000,11.584584,2,0,0.018250,11.602834
6043,1201.433333,11.635667,2,0,0.010583,11.646250
6044,1201.466667,11.647083,2,0,0.010042,11.657125
6045,1201.500000,11.746875,2,0,0.004875,11.751750
6046,1201.533333,12.344334,2,0,0.011583,12.355917
6047,1201.566667,13.131209,2,0,0.010583,13.141792
6048,1201.600000,11.988958,2,0,0.009834,11.998792
6049,1201.633333,11.989208,2,0,0.008875,11.998083
6050,1201.666667,11.216417,2,0,0.012833,11.229250
6051,1201.700000,11.542041,2,0,0.013000,11.555041
6052,1201.733333,11.383709,2,0,0.009000,11.392709
6053,1201.766667,11.406375,2,0,0.010333,11.416708
6054,1201.800000,11.968791,2,0,0.019334,11.988125
6055,1201.833333,11.648125,2,0,0.016708,11.664833
6056,1201.866667,11.533292,2,0,0.009000,11.542292
6057,1201.900000,11.686042,2,0,0.009458,11.695500
6058,1201.933333,11.318459,2,0,0.015000,11.333459
6059,1201.966667,11.708042,2,0,0.009291,11.717333
6060,1202.000000,11.440167,2,0,0.005917,11.446084
6061,1202.033333,11.608958,2,0,0.008000,11.616958
6062,1202.066667,12.200375,2,0,0.008625,12.209000
6063,1202.100000,11.530083,2,0,0.011042,11.541125
6064,1202.133333,11.567083,2,0,0.018167,11.585250
6065,1202.166667,11.587000,2,0,0.009000,11.596000
6066,1202.200000,11.575500,2,0,0.020542,11.596042
6067,1202.233333,11.300000,2,0,0.011375,11.311375
6068,1202.266667,11.845167,2,0,0.007000,11.852167
6069,1202.300000,11.637333,2,0,0.011334,11.648667
6070,1202.333333,11.765625,2,0,0.013459,11.779084
6071,1202.366667,11.613666,2,0,0.015500,11.629166
6072,1202.400000,12.379250,2,0,0.015250,12.394500
6073,1202.433333,12.082000,2,0,0.012500,12.094500
6074,1202.466667,11.643083,2,0,0.010750,11.653833
6075,1202.500000,11.472875,2,0,0.012583,11.485458
6076,1202.533333,11.706084,2,0,0.009458,11.715542
6077,1202.566667,11.155666,2,0,0.019834,11.175500
6078,1202.600000,11.251709,2,0,0.009916,11.261625
6079,1202.633333,11.642917,2,0,0.011542,11.654459
6080,1202.666667,11.613916,2,0,0.012042,11.625958
6081,1202.700000,11.940000,2,0,0.008708,11.948708
6082,1202.733333,12.115167,2,0,0.011833,12.127000
6083,1202.766667,11.676500,2,0,0.019584,11.696084
6084,1202.800000,12.244250,2,0,0.018125,12.262375
6085,1202.833333,11.263750,2,0,0.017458,11.281208
6086,1202.866667,11.173666,2,0,0.008750,11.182416
6087,1202.900000,12.048000,2,0,0.013417,12.061417
6088,1202.933333,12.169792,2,0,0.019000,12.188792
6089,1202.966667,11.497083,2,0,0.016625,11.513708
6090,1203.000000,11.353584,2,0,0.019333,11.372917
6091,1203.033333,11.665625,2,0,0.018000,11.683625
6092,1203.066667,11.996834,2,0,0.013125,12.009959
6093,1203.100000,11.358666,2,0,0.011834,11.370500
6094,1203.133333,11.327375,2,0,0.018000,11.345375
6095,1203.166667,11.713375,2,0,0.010750,11.724125
6096,1203.200000,11.725542,2,0,0.006791,11.732333
6097,1203.233333,11.503417,2,0,0.019208,11.522625
6098,1203.266667,11.167209,2,0,0.015000,11.182209
6099,1203.300000,13.091291,2,0,0.008875,13.100166
6100,1203.333333,11.653000,2,0,0.007500,11.660500
6101,1203.366667,11.843250,2,0,0.016958,11.860208
6102,1203.400000,11.973417,2,0,0.019750,11.993167
6103,1203.433333,11.561709,2,0,0.018458,11.580167
6104,1203.466667,11.736792,2,0,0.018583,11.755375
6105,1203.500000,11.406666,2,0,0.004250,11.410916
6106,1203.533333,11.990667,2,0,0.009416,12.000083
6107,1203.566667,11.513958,2,0,0.009000,11.522958
6108,1203.600000,11.245958,2,0,0.010417,11.256375
6109,1203.633333,11.559542,2,0,0.005416,11.564958
6110,1203.666667,11.465709,2,0,0.012458,11.478167
6111,1203.700000,11.768208,2,0,0.008917,11.777125
6112,1203.733333,11.589583,2,0,0.009667,11.599250
6113,1203.766667,11.403375,2,0,0.010083,11.413458
6114,1203.800000,11.653792,2,0,0.010833,11.664625
6115,1203.833333,11.597708,2,0,0.013208,11.610916
6116,1203.866667,11.504834,2,0,0.007083,11.511917
6117,1203.900000,11.696458,2,0,0.012542,11.709000
6118,1203.933333,11.486834,2,0,0.010750,11.497584
6119,1203.966667,11.655208,2,0,0.018417,11.673625
6120,1204.000000,11.677084,2,0,0.004708,11.681792
6121,1204.033333,12.318333,2,0,0.008208,12.326541
6122,1204.066667,11.964334,2,0,0.017083,11.981417
6123,1204.100000,11.464292,2,0,0.009750,11.474042
6124,1204.133333,11.595041,2,0,0.018000,11.613041
6125,1204.166667,11.187416,2,0,0.017792,11.205208
6126,1204.200000,11.312500,2,0,0.011375,11.323875
6127,1204.233333,12.014750,2,0,0.008750,12.023500
6128,1204.266667,10.720041,2,0,0.008084,10.728125
6129,1204.300000,11.427750,2,0,0.018958,11.446708
6130,1204.333333,11.328000,2,0,0.021417,11.349417
6131,1204.366667,11.279375,2,0,0.018750,11.298125
6132,1204.400000,11.254625,2,0,0.019416,11.274041
6133,1204.433333,11.447625,2,0,0.009583,11.457208
6134,1204.466667,11.306542,2,0,0.017958,11.324500
6135,1204.500000,11.682458,2,0,0.018584,11.701042
6136,1204.533333,11.410625,2,0,0.016708,11.427333
6137,1204.566667,11.111291,2,0,0.009834,11.121125
6138,1204.600000,11.288333,2,0,0.013167,11.301500
6139,1204.633333,11.206042,2,0,0.009250,11.215292
6140,1204.666667,11.295750,2,0,0.007792,11.303542
6141,1204.700000,11.376375,2,0,0.014167,11.390542
6142,1204.733333,11.348917,2,0,0.011750,11.360667
6143,1204.766667,11.253667,2,0,0.018875,11.272542
6144,1204.800000,11.395000,2,0,0.016541,11.411541
6145,1204.833333,11.510750,2,0,0.014875,11.525625
6146,1204.866667,11.491584,2,0,0.012208,11.503792
6147,1204.900000,11.612792,2,0,0.009458,11.622250
6148,1204.933333,11.521834,2,0,0.005583,11.527417
6149,1204.966667,11.285666,2,0,0.005917,11.291583
6150,1205.000000,11.690000,2,0,0.009125,11.699125
6151,1205.033333,11.516083,2,0,0.012459,11.528542
6152,1205.066667,11.937708,2,0,0.014834,11.952542
6153,1205.100000,14.071417,2,0,0.010125,14.081542
6154,1205.133333,11.125583,2,0,0.011459,11.137042
6155,1205.166667,11.466958,2,0,0.016500,11.483458
6156,1205.200000,11.861292,2,0,0.011791,11.873083
6157,1205.233333,11.462125,2,0,0.006834,11.468959
6158,1205.266667,11.335625,2,0,0.010334,11.345959
6159,1205.300000,11.479958,2,0,0.010250,11.490208
6160,1205.333333,11.592791,2,0,0.012959,11.605750
6161,1205.366667,11.376458,2,0,0.011584,11.388042
6162,1205.400000,11.393584,2,0,0.009625,11.403209
6163,1205.433333,11.714166,2,0,0.010584,11.724750
6164,1205.466667,11.583417,2,0,0.008583,11.592000
6165,1205.500000,11.695708,2,0,0.005667,11.701375
6166,1205.533333,12.390500,2,0,0.008292,12.398792
6167,1205.566667,13.660458,2,0,0.021000,13.681458
6168,1205.600000,11.528792,2,0,0.012125,11.540917
6169,1205.633333,11.245083,2,0,0.008625,11.253708
6170,1205.666667,11.451583,2,0,0.010459,11.462042
6171,1205.700000,11.538833,2,0,0.017000,11.555833
6172,1205.733333,11.170666,2,0,0.009292,11.179958
6173,1205.766667,11.236583,2,0,0.018833,11.255416
6174,1205.800000,11.325417,2,0,0.009708,11.335125
6175,1205.833333,10.906625,2,0,0.010667,10.917292
6176,1205.866667,11.831792,2,0,0.010375,11.842167
6177,1205.900000,10.795625,2,0,0.008583,10.804208
6178,1205.933333,10.901291,2,0,0.009875,10.911166
6179,1205.966667,11.295125,2,0,0.010500,11.305625
6180,1206.000000,11.139167,2,0,0.016208,11.155375
6181,1206.033333,11.028125,2,0,0.015250,11.043375
6182,1206.066667,11.336750,2,0,0.008333,11.345083
6183,1206.100000,11.118208,2,0,0.013208,11.131416
6184,1206.133333,11.276583,2,0,0.011625,11.288208
6185,1206.166667,10.959625,2,0,0.010625,10.970250
6186,1206.200000,11.155291,2,0,0.011500,11.166791
6187,1206.233333,11.097375,2,0,0.008833,11.106208
6188,1206.266667,11.186750,2,0,0.011750,11.198500
6189,1206.300000,10.931917,2,0,0.015333,10.947250
6190,1206.333333,10.822417,2,0,0.009875,10.832292
6191,1206.366667,11.333000,2,0,0.010333,11.343333
6192,1206.400000,10.905667,2,0,0.005625,10.911292
6193,1206.433333,11.551458,2,0,0.010667,11.562125
6194,1206.466667,11.207792,2,0,0.015625,11.223417
6195,1206.500000,11.304542,2,0,0.010458,11.315000
6196,1206.533333,11.018958,2,0,0.010959,11.029917
6197,1206.566667,11.140250,2,0,0.011833,11.152083
6198,1206.600000,11.344792,2,0,0.006625,11.351417
6199,1206.633333,11.016833,2,0,0.011708,11.028541
6200,1206.666667,10.979291,2,0,0.012334,10.991625
6201,1206.700000,11.273875,2,0,0.010791,11.284666
6202,1206.733333,11.437666,2,0,0.015250,11.452916
6203,1206.766667,11.040750,2,0,0.014375,11.055125
6204,1206.800000,10.802375,2,0,0.012750,10.815125
6205,1206.833333,11.183333,2,0,0.012625,11.195958
6206,1206.866667,10.865333,2,0,0.012750,10.878083
6207,1206.900000,10.918500,2,0,0.009125,10.927625
6208,1206.933333,10.931042,2,0,0.014166,10.945208
6209,1206.966667,11.235334,2,0,0.011791,11.247125
6210,1207.000000,10.933083,2,0,0.017333,10.950416
6211,1207.033333,11.163167,2,0,0.013500,11.176667
6212,1207.066667,11.494416,2,0,0.004709,11.499125
6213,1207.100000,11.027625,2,0,0.012750,11.040375
6214,1207.133333,11.713167,2,0,0.014833,11.728000
6215,1207.166667,11.416375,2,0,0.009375,11.425750
6216,1207.200000,11.720250,2,0,0.016625,11.736875
6217,1207.233333,11.201792,2,0,0.009750,11.211542
6218,1207.266667,10.930250,2,0,0.009167,10.939417
6219,1207.300000,11.993125,2,0,0.007084,12.000209
6220,1207.333333,11.220917,2,0,0.008791,11.229708
6221,1207.366667,11.716917,2,0,0.010250,11.727167
6222,1207.400000,11.105083,2,0,0.008584,11.113667
6223,1207.433333,11.247917,2,0,0.016000,11.263917
6224,1207.466667,11.150458,2,0,0.018792,11.169250
6225,1207.500000,11.187625,2,0,0.007875,11.195500
6226,1207.533333,11.421791,2,0,0.017042,11.438833
6227,1207.566667,11.096417,2,0,0.012375,11.108792
6228,1207.600000,11.190750,2,0,0.009250,11.200000
6229,1207.633333,11.273250,2,0,0.008833,11.282083
6230,1207.666667,11.249083,2,0,0.012750,11.261833
6231,1207.700000,10.830000,2,0,0.010583,10.840583
6232,1207.733333,10.956625,2,0,0.013542,10.970167
6233,1207.766667,11.061291,2,0,0.009250,11.070541
6234,1207.800000,11.207875,2,0,0.011250,11.219125
6235,1207.833333,11.285083,2,0,0.010958,11.296041
6236,1207.866667,11.038084,2,0,0.010791,11.048875
6237,1207.900000,11.387250,2,0,0.015084,11.402334
6238,1207.933333,11.124250,2,0,0.008250,11.132500
6239,1207.966667,10.859459,2,0,0.004500,10.863959
6240,1208.000000,11.246459,2,0,0.008958,11.255417
6241,1208.033333,11.165042,2,0,0.018833,11.183875
6242,1208.066667,10.832792,2,0,0.009000,10.841792
6243,1208.100000,11.469708,2,0,0.010708,11.480416
6244,1208.133333,11.081084,2,0,0.017000,11.098084
6245,1208.166667,10.910208,2,0,0.014375,10.924583
6246,1208.200000,10.863084,2,0,0.012958,10.876042
6247,1208.233333,11.151459,2,0,0.007875,11.159334
6248,1208.266667,11.404375,2,0,0.017459,11.421834
6249,1208.300000,11.604000,2,0,0.008834,11.612834
6250,1208.333333,11.412417,2,0,0.019208,11.431625
6251,1208.366667,11.292083,2,0,0.011583,11.303666
6252,1208.400000,11.031416,2,0,0.018000,11.049416
6253,1208.433333,11.192125,2,0,0.010792,11.202917
6254,1208.466667,11.101333,2,0,0.012292,11.113625
6255,1208.500000,11.057625,2,0,0.008084,11.065709
6256,1208.533333,11.364667,2,0,0.011583,11.376250
6257,1208.566667,10.830292,2,0,0.014958,10.845250
6258,1208.600000,11.187125,2,0,0.015875,11.203000
6259,1208.633333,11.346417,2,0,0.009625,11.356042
6260,1208.666667,11.172333,2,0,0.005833,11.178166
6261,1208.700000,11.313542,2,0,0.012458,11.326000
6262,1208.733333,11.321833,2,0,0.008834,11.330667
6263,1208.766667,11.246292,2,0,0.016375,11.262667
6264,1208.800000,11.316042,2,0,0.020083,11.336125
6265,1208.833333,11.037083,2,0,0.009875,11.046958
6266,1208.866667,11.343000,2,0,0.016709,11.359709
6267,1208.900000,11.007042,2,0,0.011208,11.018250
6268,1208.933333,11.332375,2,0,0.012250,11.344625
6269,1208.966667,11.389458,2,0,0.009917,11.399375
6270,1209.000000,11.632292,2,0,0.015541,11.647833
6271,1209.033333,11.471458,2,0,0.009042,11.480500
6272,1209.066667,11.628250,2,0,0.016167,11.644417
6273,1209.100000,11.217750,2,0,0.018208,11.235958
6274,1209.133333,11.450083,2,0,0.006209,11.456292
6275,1209.166667,11.228750,2,0,0.004666,11.233416
6276,1209.200000,11.106042,2,0,0.012166,11.118208
6277,1209.233333,11.023750,2,0,0.009208,11.032958
6278,1209.266667,11.036083,2,0,0.012333,11.048416
6279,1209.300000,10.757916,2,0,0.006750,10.764666
6280,1209.333333,11.123041,2,0,0.007250,11.130291
6281,1209.366667,11.150000,2,0,0.016916,11.166916
6282,1209.400000,11.166125,2,0,0.015375,11.181500
6283,1209.433333,10.810334,2,0,0.010416,10.820750
6284,1209.466667,10.924458,2,0,0.018250,10.942708
6285,1209.500000,12.012000,2,0,0.018209,12.030209
6286,1209.533333,13.271667,2,0,0.013708,13.285375
6287,1209.566667,10.747041,2,0,0.016709,10.763750
6288,1209.600000,12.312375,2,0,0.016667,12.329042
6289,1209.633333,11.970166,2,0,0.018375,11.988541
6290,1209.666667,10.870542,2,0,0.017208,10.887750
6291,1209.700000,10.608208,2,0,0.018292,10.626500
6292,1209.733333,11.857375,2,0,0.013166,11.870541
6293,1209.766667,11.176000,2,0,0.016792,11.192792
6294,1209.800000,10.744542,2,0,0.008333,10.752875
6295,1209.833333,11.702709,2,0,0.011833,11.714542
6296,1209.866667,11.651667,2,0,0.022375,11.674042
6297,1209.900000,10.695000,2,0,0.008916,10.703916
6298,1209.933333,10.538292,2,0,0.018833,10.557125
6299,1209.966667,11.846334,2,0,0.019791,11.866125
6300,1210.000000,11.334958,2,0,0.010000,11.344958
6301,1210.033333,10.772875,2,0,0.013625,10.786500
6302,1210.066667,11.345000,2,0,0.010041,11.355041
6303,1210.100000,10.703208,2,0,0.007584,10.710792
6304,1210.133333,11.086417,2,0,0.018417,11.104834
6305,1210.166667,12.043292,2,0,0.008625,12.051917
6306,1210.200000,10.946292,2,0,0.014500,10.960792
6307,1210.233333,10.995209,2,0,0.014208,11.009417
6308,1210.266667,10.972250,2,0,0.018708,10.990958
6309,1210.300000,11.643042,2,0,0.010625,11.653667
6310,1210.333333,11.738792,2,0,0.013208,11.752000
6311,1210.366667,11.225416,2,0,0.010375,11.235791
6312,1210.400000,10.918375,2,0,0.014791,10.933166
6313,1210.433333,10.592417,2,0,0.017541,10.609958
6314,1210.466667,10.954792,2,0,0.013916,10.968708
6315,1210.500000,10.979917,2,0,0.015333,10.995250
6316,1210.533333,10.988375,2,0,0.008542,10.996917
6317,1210.566667,10.709750,2,0,0.009834,10.719584
6318,1210.600000,10.878542,2,0,0.011125,10.889667
6319,1210.633333,10.727667,2,0,0.010458,10.738125
6320,1210.666667,12.013625,2,0,0.011666,12.025291
6321,1210.700000,13.172792,2,0,0.023041,13.195833
6322,1210.733333,11.049458,2,0,0.010375,11.059833
6323,1210.766667,10.841000,2,0,0.010167,10.851167
6324,1210.800000,10.991084,2,0,0.011208,11.002292
6325,1210.833333,10.924875,2,0,0.009792,10.934667
6326,1210.866667,10.992417,2,0,0.016708,11.009125
6327,1210.900000,10.375125,2,0,0.011250,10.386375
6328,1210.933333,10.973583,2,0,0.021417,10.995000
6329,1210.966667,11.058000,2,0,0.005375,11.063375
6330,1211.000000,11.587125,2,0,0.012750,11.599875
6331,1211.033333,13.368666,2,0,0.018709,13.387375
6332,1211.066667,10.998834,2,0,0.016000,11.014834
6333,1211.100000,10.354667,2,0,0.014917,10.369584
6334,1211.133333,10.679167,2,0,0.011958,10.691125
6335,1211.166667,11.039750,2,0,0.014208,11.053958
6336,1211.200000,10.929958,2,0,0.010334,10.940292
6337,1211.233333,10.876167,2,0,0.018583,10.894750
6338,1211.266667,10.623292,2,0,0.008958,10.632250
6339,1211.300000,10.736458,2,0,0.017417,10.753875
6340,1211.333333,10.915083,2,0,0.008917,10.924000
6341,1211.366667,10.667125,2,0,0.008417,10.675542
6342,1211.400000,10.780750,2,0,0.011500,10.792250
6343,1211.433333,10.853916,2,0,0.013667,10.867583
6344,1211.466667,11.172042,2,0,0.013625,11.185667
6345,1211.500000,10.650958,2,0,0.008875,10.659833
6346,1211.533333,10.816542,2,0,0.005500,10.822042
6347,1211.566667,11.065625,2,0,0.009208,11.074833
6348,1211.600000,10.642666,2,0,0.008375,10.651041
6349,1211.633333,10.744083,2,0,0.005542,10.749625
6350,1211.666667,10.604667,2,0,0.010167,10.614834
6351,1211.700000,10.912083,2,0,0.013000,10.925083
6352,1211.733333,10.785083,2,0,0.009875,10.794958
6353,1211.766667,10.611291,2,0,0.012500,10.623791
6354,1211.800000,10.872417,2,0,0.017916,10.890333
6355,1211.833333,11.126584,2,0,0.008666,11.135250
6356,1211.866667,10.635583,2,0,0.009875,10.645458
6357,1211.900000,10.719125,2,0,0.015333,10.734458
6358,1211.933333,10.765334,2,0,0.010291,10.775625
6359,1211.966667,11.875875,2,0,0.019083,11.894958
6360,1212.000000,10.863875,2,0,0.008167,10.872042
6361,1212.033333,11.300625,2,0,0.012417,11.313042
6362,1212.066667,11.161709,2,0,0.018666,11.180375
6363,1212.100000,10.488875,2,0,0.009542,10.498417
6364,1212.133333,10.665917,2,0,0.005125,10.671042
6365,1212.166667,10.878792,2,0,0.019292,10.898084
6366,1212.200000,11.435167,2,0,0.008791,11.443958
6367,1212.233333,10.439875,2,0,0.010333,10.450208
6368,1212.266667,10.278083,2,0,0.014667,10.292750
6369,1212.300000,10.970166,2,0,0.005500,10.975666
6370,1212.333333,10.767750,2,0,0.009041,10.776791
6371,1212.366667,11.195917,2,0,0.010583,11.206500
6372,1212.400000,11.031708,2,0,0.011459,11.043167
6373,1212.433333,10.577541,2,0,0.007000,10.584541
6374,1212.466667,10.746334,2,0,0.010791,10.757125
6375,1212.500000,10.788708,2,0,0.009500,10.798208
6376,1212.533333,11.224834,2,0,0.007250,11.232084
6377,1212.566667,10.598958,2,0,0.009375,10.608333
6378,1212.600000,10.488458,2,0,0.009084,10.497542
6379,1212.633333,11.140208,2,0,0.014917,11.155125
6380,1212.666667,10.573167,2,0,0.012792,10.585959
6381,1212.700000,11.005250,2,0,0.017333,11.022583
6382,1212.733333,11.076167,2,0,0.015666,11.091833
6383,1212.766667,10.896375,2,0,0.014208,10.910583
6384,1212.800000,10.491000,2,0,0.011292,10.502292
6385,1212.833333,11.039458,2,0,0.010875,11.050333
6386,1212.866667,11.201166,2,0,0.017250,11.218416
6387,1212.900000,11.027291,2,0,0.009334,11.036625
6388,1212.933333,10.559083,2,0,0.017125,10.576208
6389,1212.966667,10.653750,2,0,0.009417,10.663167
6390,1213.000000,10.527417,2,0,0.016166,10.543583
6391,1213.033333,10.675625,2,0,0.017875,10.693500
6392,1213.066667,10.751250,2,0,0.008750,10.760000
6393,1213.100000,10.983167,2,0,0.015292,10.998459
6394,1213.133333,11.401291,2,0,0.008750,11.410041
6395,1213.166667,11.036625,2,0,0.018500,11.055125
6396,1213.200000,10.466625,2,0,0.009167,10.475792
6397,1213.233333,10.501708,2,0,0.005667,10.507375
6398,1213.266667,10.362875,2,0,0.009375,10.372250
6399,1213.300000,10.441375,2,0,0.014042,10.455417
6400,1213.333333,11.254791,2,0,0.017000,11.271791
6401,1213.366667,11.614458,2,0,0.007292,11.621750
6402,1213.400000,10.139583,2,0,0.005417,10.145000
6403,1213.433333,10.594958,2,0,0.018542,10.613500
6404,1213.466667,10.795209,2,0,0.015625,10.810834
6405,1213.500000,10.905250,2,0,0.019500,10.924750
6406,1213.533333,10.648834,2,0,0.014875,10.663709
6407,1213.566667,10.708291,2,0,0.012125,10.720416
6408,1213.600000,10.741833,2,0,0.008834,10.750667
6409,1213.633333,11.802792,2,0,0.010958,11.813750
6410,1213.666667,11.726541,2,0,0.021667,11.748208
6411,1213.700000,10.732750,2,0,0.010208,10.742958
6412,1213.733333,10.562417,2,0,0.011958,10.574375
6413,1213.766667,11.467291,2,0,0.016417,11.483708
6414,1213.800000,10.357083,2,0,0.008958,10.366041
6415,1213.833333,10.060250,2,0,0.011416,10.071666
6416,1213.866667,10.795041,2,0,0.016459,10.811500
6417,1213.900000,10.564375,2,0,0.011000,10.575375
6418,1213.933333,11.003166,2,0,0.011292,11.014458
6419,1213.966667,10.565291,2,0,0.009125,10.574416
6420,1214.000000,10.726208,2,0,0.019000,10.745208
6421,1214.033333,10.224750,2,0,0.006917,10.231667
6422,1214.066667,11.565250,2,0,0.009041,11.574291
6423,1214.100000,10.545417,2,0,0.018500,10.563917
6424,1214.133333,11.709708,2,0,0.010750,11.720458
6425,1214.166667,10.724291,2,0,0.018417,10.742708
6426,1214.200000,10.528041,2,0,0.019750,10.547791
6427,1214.233333,11.654542,2,0,0.010458,11.665000
6428,1214.266667,10.383709,2,0,0.018000,10.401709
6429,1214.300000,10.406667,2,0,0.014625,10.421292
6430,1214.333333,10.654416,2,0,0.010542,10.664958
6431,1214.366667,10.573625,2,0,0.006209,10.579834
6432,1214.400000,10.270042,2,0,0.017208,10.287250
6433,1214.433333,10.763959,2,0,0.013541,10.777500
6434,1214.466667,10.137834,2,0,0.017416,10.155250
6435,1214.500000,10.270458,2,0,0.017792,10.288250
6436,1214.533333,10.194959,2,0,0.012625,10.207584
6437,1214.566667,10.387458,2,0,0.012792,10.400250
6438,1214.600000,10.106708,2,0,0.012250,10.118958
6439,1214.633333,10.308666,2,0,0.011167,10.319833
6440,1214.666667,10.293750,2,0,0.010417,10.304167
6441,1214.700000,10.394458,2,0,0.005334,10.399792
6442,1214.733333,10.692542,2,0,0.018417,10.710959
6443,1214.766667,10.512708,2,0,0.011959,10.524667
6444,1214.800000,10.334208,2,0,0.008959,10.343167
6445,1214.833333,11.220917,2,0,0.006041,11.226958
6446,1214.866667,10.553791,2,0,0.011875,10.565666
6447,1214.900000,10.810458,2,0,0.010500,10.820958
6448,1214.933333,10.435333,2,0,0.010959,10.446292
6449,1214.966667,11.904750,2,0,0.006417,11.911167
6450,1215.000000,10.746917,2,0,0.010000,10.756917
6451,1215.033333,10.255417,2,0,0.011708,10.267125
6452,1215.066667,10.514292,2,0,0.010375,10.524667
6453,1215.100000,10.582500,2,0,0.015958,10.598458
6454,1215.133333,10.738542,2,0,0.013875,10.752417
6455,1215.166667,10.928750,2,0,0.012958,10.941708
6456,1215.200000,10.850417,2,0,0.011917,10.862334
6457,1215.233333,10.443708,2,0,0.009750,10.453458
6458,1215.266667,10.283333,2,0,0.005458,10.288791
6459,1215.300000,10.050500,2,0,0.009250,10.059750
6460,1215.333333,10.354458,2,0,0.013333,10.367791
6461,1215.366667,10.575333,2,0,0.011209,10.586542
6462,1215.400000,10.431958,2,0,0.009292,10.441250
6463,1215.433333,10.608125,2,0,0.005958,10.614083
6464,1215.466667,10.834209,2,0,0.011208,10.845417
6465,1215.500000,10.786917,2,0,0.018250,10.805167
6466,1215.533333,11.114958,2,0,0.017917,11.132875
6467,1215.566667,11.159084,2,0,0.009041,11.168125
6468,1215.600000,10.768500,2,0,0.012500,10.781000
6469,1215.633333,11.242208,2,0,0.010292,11.252500
6470,1215.666667,10.947625,2,0,0.015125,10.962750
6471,1215.700000,10.735875,2,0,0.018583,10.754458
6472,1215.733333,10.336583,2,0,0.011042,10.347625
6473,1215.766667,10.646667,2,0,0.010791,10.657458
6474,1215.800000,10.695208,2,0,0.010792,10.706000
6475,1215.833333,10.312167,2,0,0.008750,10.320917
6476,1215.866667,10.542292,2,0,0.008042,10.550334
6477,1215.900000,10.549208,2,0,0.010750,10.559958
6478,1215.933333,10.762000,2,0,0.014625,10.776625
6479,1215.966667,10.566083,2,0,0.010334,10.576417
6480,1216.000000,10.987167,2,0,0.009625,10.996792
6481,1216.033333,10.619042,2,0,0.008958,10.628000
6482,1216.066667,10.517083,2,0,0.017583,10.534666
6483,1216.100000,10.962667,2,0,0.011542,10.974209
6484,1216.133333,11.779333,2,0,0.010000,11.789333
6485,1216.166667,10.780417,2,0,0.019625,10.800042
6486,1216.200000,10.536250,2,0,0.013459,10.549709
6487,1216.233333,10.180334,2,0,0.012166,10.192500
6488,1216.266667,10.803125,2,0,0.009792,10.812917
6489,1216.300000,10.403958,2,0,0.017875,10.421833
6490,1216.333333,10.636667,2,0,0.011583,10.648250
6491,1216.366667,10.288875,2,0,0.014750,10.303625
6492,1216.400000,10.486042,2,0,0.017791,10.503833
6493,1216.433333,10.720000,2,0,0.005458,10.725458
6494,1216.466667,11.251542,2,0,0.019458,11.271000
6495,1216.500000,10.701125,2,0,0.017625,10.718750
6496,1216.533333,10.653416,2,0,0.018417,10.671833
6497,1216.566667,10.659834,2,0,0.018750,10.678584
6498,1216.600000,10.572250,2,0,0.010250,10.582500
6499,1216.633333,10.602834,2,0,0.019583,10.622417
6500,1216.666667,10.086583,2,0,0.014542,10.101125
6501,1216.700000,9.993458,2,0,0.009584,10.003042
6502,1216.733333,10.274167,2,0,0.011083,10.285250
6503,1216.766667,10.694583,2,0,0.011000,10.705583
6504,1216.800000,11.418792,2,0,0.014375,11.433167
6505,1216.833333,11.100583,2,0,0.020042,11.120625
6506,1216.866667,10.718417,2,0,0.020583,10.739000
6507,1216.900000,10.108583,2,0,0.010333,10.118916
6508,1216.933333,10.381792,2,0,0.021333,10.403125
6509,1216.966667,10.233958,2,0,0.005083,10.239041
6510,1217.000000,10.061792,2,0,0.012166,10.073958
6511,1217.033333,9.921000,2,0,0.012292,9.933292
6512,1217.066667,10.126458,2,0,0.011333,10.137791
6513,1217.100000,10.296167,2,0,0.009917,10.306084
6514,1217.133333,10.411667,2,0,0.006166,10.417833
6515,1217.166667,9.901416,2,0,0.011834,9.913250
6516,1217.200000,10.493667,2,0,0.008292,10.501959
6517,1217.233333,9.881250,2,0,0.010291,9.891541
6518,1217.266667,10.255291,2,0,0.010500,10.265791
6519,1217.300000,10.237834,2,0,0.019708,10.257542
6520,1217.333333,10.425750,2,0,0.010666,10.436416
6521,1217.366667,10.120958,2,0,0.014959,10.135917
6522,1217.400000,9.850834,2,0,0.006875,9.857709
6523,1217.433333,10.136208,2,0,0.010250,10.146458
6524,1217.466667,10.208333,2,0,0.011709,10.220042
6525,1217.500000,10.166250,2,0,0.008625,10.174875
6526,1217.533333,10.233875,2,0,0.004875,10.238750
6527,1217.566667,10.068750,2,0,0.018208,10.086958
6528,1217.600000,9.993417,2,0,0.008167,10.001584
6529,1217.633333,10.486167,2,0,0.015083,10.501250
6530,1217.666667,10.399667,2,0,0.017417,10.417084
6531,1217.700000,10.360458,2,0,0.010792,10.371250
6532,1217.733333,10.410958,2,0,0.010500,10.421458
6533,1217.766667,9.985708,2,0,0.014083,9.999791
6534,1217.800000,10.206500,2,0,0.008250,10.214750
6535,1217.833333,10.615917,2,0,0.014583,10.630500
6536,1217.866667,10.525250,2,0,0.010667,10.535917
6537,1217.900000,9.663166,2,0,0.018084,9.681250
6538,1217.933333,10.016333,2,0,0.019500,10.035833
6539,1217.966667,9.785334,2,0,0.008125,9.793459
6540,1218.000000,10.256334,2,0,0.010875,10.267209
6541,1218.033333,9.776458,2,0,0.009709,9.786167
6542,1218.066667,9.349583,2,0,0.012709,9.362292
6543,1218.100000,10.188875,2,0,0.011125,10.200000
6544,1218.133333,9.608583,2,0,0.012000,9.620583
6545,1218.166667,9.991750,2,0,0.009708,10.001458
6546,1218.200000,9.959416,2,0,0.010709,9.970125
6547,1218.233333,9.879625,2,0,0.009208,9.888833
6548,1218.266667,10.188041,2,0,0.009375,10.197416
6549,1218.300000,10.245666,2,0,0.009167,10.254833
6550,1218.333333,10.075334,2,0,0.018958,10.094292
6551,1218.366667,9.965375,2,0,0.013000,9.978375
6552,1218.400000,9.771458,2,0,0.009625,9.781083
6553,1218.433333,9.692084,2,0,0.010916,9.703000
6554,1218.466667,9.873375,2,0,0.009416,9.882791
6555,1218.500000,9.961542,2,0,0.011458,9.973000
6556,1218.533333,10.150500,2,0,0.010333,10.160833
6557,1218.566667,9.941083,2,0,0.018959,9.960042
6558,1218.600000,9.958958,2,0,0.009833,9.968791
6559,1218.633333,9.836917,2,0,0.009833,9.846750
6560,1218.666667,10.171500,2,0,0.010708,10.182208
6561,1218.700000,10.180875,2,0,0.009166,10.190041
6562,1218.733333,9.754208,2,0,0.011000,9.765208
6563,1218.766667,10.004917,2,0,0.009917,10.014834
6564,1218.800000,9.905708,2,0,0.013959,9.919667
6565,1218.833333,10.147167,2,0,0.010916,10.158083
6566,1218.866667,9.892542,2,0,0.010292,9.902834
6567,1218.900000,10.051000,2,0,0.008625,10.059625
6568,1218.933333,9.904250,2,0,0.009417,9.913667
6569,1218.966667,10.097917,2,0,0.015708,10.113625
6570,1219.000000,10.185208,2,0,0.010292,10.195500
6571,1219.033333,9.867625,2,0,0.018083,9.885708
6572,1219.066667,10.377958,2,0,0.017417,10.395375
6573,1219.100000,10.189750,2,0,0.010667,10.200417
6574,1219.133333,9.855292,2,0,0.005958,9.861250
6575,1219.166667,10.236750,2,0,0.011416,10.248166
6576,1219.200000,9.896000,2,0,0.009792,9.905792
6577,1219.233333,10.108959,2,0,0.008125,10.117084
6578,1219.266667,9.906083,2,0,0.010542,9.916625
6579,1219.300000,10.107959,2,0,0.010250,10.118209
6580,1219.333333,9.846125,2,0,0.017083,9.863208
6581,1219.366667,10.274458,2,0,0.012667,10.287125
6582,1219.400000,9.885792,2,0,0.009875,9.895667
6583,1219.433333,10.183916,2,0,0.009417,10.193333
6584,1219.466667,10.397209,2,0,0.009125,10.406334
6585,1219.500000,11.101292,2,0,0.006917,11.108209
6586,1219.533333,9.205833,2,0,0.004208,9.210041
6587,1219.566667,10.607416,2,0,0.017792,10.625208
6588,1219.600000,10.306000,2,0,0.009166,10.315166
6589,1219.633333,10.321833,2,0,0.015125,10.336958
6590,1219.666667,10.281625,2,0,0.009750,10.291375
6591,1219.700000,9.918416,2,0,0.012209,9.930625
6592,1219.733333,10.079666,2,0,0.008459,10.088125
6593,1219.766667,10.276000,2,0,0.006292,10.282292
6594,1219.800000,10.671250,2,0,0.012875,10.684125
6595,1219.833333,10.196916,2,0,0.013709,10.210625
6596,1219.866667,10.545458,2,0,0.015375,10.560833
6597,1219.900000,10.232666,2,0,0.016542,10.249208
6598,1219.933333,10.375459,2,0,0.010416,10.385875
6599,1219.966667,10.303292,2,0,0.009333,10.312625
6600,1220.000000,10.426417,2,0,0.013500,10.439917
6601,1220.033333,10.116875,2,0,0.015250,10.132125
6602,1220.066667,11.299375,2,0,0.010584,11.309959
6603,1220.100000,10.401834,2,0,0.010333,10.412167
6604,1220.133333,10.082875,2,0,0.012167,10.095042
6605,1220.166667,10.123875,2,0,0.015500,10.139375
6606,1220.200000,10.286334,2,0,0.017791,10.304125
6607,1220.233333,10.166709,2,0,0.008500,10.175209
6608,1220.266667,10.316917,2,0,0.010000,10.326917
6609,1220.300000,10.921375,2,0,0.018708,10.940083
6610,1220.333333,10.118125,2,0,0.011208,10.129333
6611,1220.366667,11.244292,2,0,0.018375,11.262667
6612,1220.400000,9.996709,2,0,0.010833,10.007542
6613,1220.433333,10.016167,2,0,0.010833,10.027000
6614,1220.466667,11.082333,2,0,0.009334,11.091667
6615,1220.500000,10.041000,2,0,0.010250,10.051250
6616,1220.533333,9.953958,2,0,0.009750,9.963708
6617,1220.566667,10.611125,2,0,0.004583,10.615708
6618,1220.600000,10.728709,2,0,0.012666,10.741375
6619,1220.633333,10.254375,2,0,0.015583,10.269958
6620,1220.666667,9.971209,2,0,0.010333,9.981542
6621,1220.700000,10.097917,2,0,0.011541,10.109458
6622,1220.733333,10.236375,2,0,0.009208,10.245583
6623,1220.766667,10.066625,2,0,0.015917,10.082542
6624,1220.800000,9.890584,2,0,0.018291,9.908875
6625,1220.833333,10.262875,2,0,0.010667,10.273542
6626,1220.866667,10.146500,2,0,0.010917,10.157417
6627,1220.900000,10.790041,2,0,0.011792,10.801833
6628,1220.933333,10.386959,2,0,0.018125,10.405084
6629,1220.966667,10.188084,2,0,0.008916,10.197000
6630,1221.000000,10.073083,2,0,0.011583,10.084666
6631,1221.033333,10.687792,2,0,0.010708,10.698500
6632,1221.066667,10.235750,2,0,0.016917,10.252667
6633,1221.100000,9.991333,2,0,0.016500,10.007833
6634,1221.133333,9.961000,2,0,0.010875,9.971875
6635,1221.166667,9.932000,2,0,0.009834,9.941834
6636,1221.200000,9.996208,2,0,0.008875,10.005083
6637,1221.233333,10.185458,2,0,0.018084,10.203542
6638,1221.266667,10.518375,2,0,0.017833,10.536208
6639,1221.300000,10.081167,2,0,0.013583,10.094750
6640,1221.333333,10.883000,2,0,0.015375,10.898375
6641,1221.366667,10.328417,2,0,0.013792,10.342209
6642,1221.400000,10.433625,2,0,0.011333,10.444958
6643,1221.433333,10.495208,2,0,0.010042,10.505250
6644,1221.466667,10.350458,2,0,0.009417,10.359875
6645,1221.500000,10.006375,2,0,0.010000,10.016375
6646,1221.533333,10.393208,2,0,0.009667,10.402875
6647,1221.566667,10.393083,2,0,0.010625,10.403708
6648,1221.600000,10.654875,2,0,0.009625,10.664500
6649,1221.633333,10.882833,2,0,0.008584,10.891417
6650,1221.666667,10.792625,2,0,0.016292,10.808917
6651,1221.700000,11.091875,2,0,0.018208,11.110083
6652,1221.733333,11.172750,2,0,0.014791,11.187541
6653,1221.766667,10.544125,2,0,0.009125,10.553250
6654,1221.800000,10.848792,2,0,0.009250,10.858042
6655,1221.833333,11.245917,2,0,0.013000,11.258917
6656,1221.866667,11.023459,2,0,0.017166,11.040625
6657,1221.900000,11.308500,2,0,0.011250,11.319750
6658,1221.933333,11.252375,2,0,0.009625,11.262000
6659,1221.966667,10.582833,2,0,0.010292,10.593125
6660,1222.000000,11.213000,2,0,0.009583,11.222583
6661,1222.033333,10.843833,2,0,0.013084,10.856917
6662,1222.066667,10.725583,2,0,0.018542,10.744125
6663,1222.100000,10.430500,2,0,0.005708,10.436208
6664,1222.133333,9.905625,2,0,0.018000,9.923625
6665,1222.166667,10.719875,2,0,0.015250,10.735125
6666,1222.200000,10.437708,2,0,0.030125,10.467833
6667,1222.233333,10.277083,2,0,0.005459,10.282542
6668,1222.266667,10.660709,2,0,0.010250,10.670959
6669,1222.300000,10.725584,2,0,0.020041,10.745625
6670,1222.333333,10.573416,2,0,0.014250,10.587666
6671,1222.366667,10.766333,2,0,0.010042,10.776375
6672,1222.400000,10.421334,2,0,0.014000,10.435334
6673,1222.433333,10.741542,2,0,0.014167,10.755709
6674,1222.466667,10.907292,2,0,0.008833,10.916125
6675,1222.500000,11.143375,2,0,0.016125,11.159500
6676,1222.533333,11.737083,2,0,0.010584,11.747667
6677,1222.566667,10.020292,2,0,0.005125,10.025417
6678,1222.600000,10.701125,2,0,0.014500,10.715625
6679,1222.633333,10.550125,2,0,0.008916,10.559041
6680,1222.666667,10.762917,2,0,0.016166,10.779083
6681,1222.700000,10.510084,2,0,0.010416,10.520500
6682,1222.733333,10.582125,2,0,0.012375,10.594500
6683,1222.766667,10.798625,2,0,0.011625,10.810250
6684,1222.800000,10.730583,2,0,0.008875,10.739458
6685,1222.833333,10.567209,2,0,0.011458,10.578667
6686,1222.866667,10.600125,2,0,0.012291,10.612416
6687,1222.900000,10.825917,2,0,0.009750,10.835667
6688,1222.933333,10.736459,2,0,0.006333,10.742792
6689,1222.966667,10.914083,2,0,0.012125,10.926208
6690,1223.000000,10.875375,2,0,0.014791,10.890166
6691,1223.033333,10.782125,2,0,0.010291,10.792416
6692,1223.066667,10.732666,2,0,0.018334,10.751000
6693,1223.100000,11.209750,2,0,0.013041,11.222791
6694,1223.133333,10.310375,2,0,0.016500,10.326875
6695,1223.166667,10.595458,2,0,0.009584,10.605042
6696,1223.200000,10.818125,2,0,0.009041,10.827166
6697,1223.233333,10.338333,2,0,0.011750,10.350083
6698,1223.266667,10.678875,2,0,0.010666,10.689541
6699,1223.300000,10.552666,2,0,0.009625,10.562291
6700,1223.333333,11.066917,2,0,0.011375,11.078292
6701,1223.366667,11.561625,2,0,0.010625,11.572250
6702,1223.400000,11.066167,2,0,0.006708,11.072875
6703,1223.433333,11.474542,2,0,0.009333,11.483875
6704,1223.466667,11.332250,2,0,0.018500,11.350750
6705,1223.500000,11.049791,2,0,0.008667,11.058458
6706,1223.533333,11.101083,2,0,0.006667,11.107750
6707,1223.566667,10.727292,2,0,0.008750,10.736042
6708,1223.600000,11.090792,2,0,0.016041,11.106833
6709,1223.633333,11.140958,2,0,0.018667,11.159625
6710,1223.666667,11.153166,2,0,0.013250,11.166416
6711,1223.700000,11.135833,2,0,0.009250,11.145083
6712,1223.733333,11.380417,2,0,0.018125,11.398542
6713,1223.766667,11.074125,2,0,0.011917,11.086042
6714,1223.800000,11.299042,2,0,0.011750,11.310792
6715,1223.833333,11.283666,2,0,0.017750,11.301416
6716,1223.866667,11.535125,2,0,0.011917,11.547042
6717,1223.900000,11.154125,2,0,0.014917,11.169042
6718,1223.933333,11.210459,2,0,0.009833,11.220292
6719,1223.966667,11.246125,2,0,0.010250,11.256375
6720,1224.000000,11.021584,2,0,0.006041,11.027625
6721,1224.033333,11.152792,2,0,0.004667,11.157459
6722,1224.066667,10.623250,2,0,0.017875,10.641125
6723,1224.100000,11.104250,2,0,0.010333,11.114583
6724,1224.133333,10.888125,2,0,0.015541,10.903666
6725,1224.166667,11.193666,2,0,0.010542,11.204208
6726,1224.200000,10.713084,2,0,0.006083,10.719167
6727,1224.233333,10.986583,2,0,0.012417,10.999000
6728,1224.266667,10.859375,2,0,0.018958,10.878333
6729,1224.300000,11.118458,2,0,0.005459,11.123917
6730,1224.333333,10.996500,2,0,0.009459,11.005959
6731,1224.366667,10.731542,2,0,0.005250,10.736792
6732,1224.400000,10.514917,2,0,0.008875,10.523792
6733,1224.433333,10.821500,2,0,0.010417,10.831917
6734,1224.466667,11.157625,2,0,0.008958,11.166583
6735,1224.500000,10.956500,2,0,0.009125,10.965625
6736,1224.533333,10.825750,2,0,0.017375,10.843125
6737,1224.566667,10.929792,2,0,0.011375,10.941167
6738,1224.600000,10.985791,2,0,0.005042,10.990833
6739,1224.633333,11.226709,2,0,0.021000,11.247709
6740,1224.666667,11.018959,2,0,0.009875,11.028834
6741,1224.700000,10.929625,2,0,0.014416,10.944041
6742,1224.733333,10.760000,2,0,0.010500,10.770500
6743,1224.766667,10.975916,2,0,0.016417,10.992333
6744,1224.800000,11.039209,2,0,0.017958,11.057167
6745,1224.833333,10.938791,2,0,0.010375,10.949166
6746,1224.866667,10.675875,2,0,0.007958,10.683833
6747,1224.900000,11.059542,2,0,0.017000,11.076542
6748,1224.933333,11.334166,2,0,0.012792,11.346958
6749,1224.966667,11.011542,2,0,0.016083,11.027625
6750,1225.000000,11.219917,2,0,0.004541,11.224458
6751,1225.033333,11.119000,2,0,0.004625,11.123625
6752,1225.066667,10.936375,2,0,0.013042,10.949417
6753,1225.100000,11.505833,2,0,0.011959,11.517792
6754,1225.133333,10.648750,2,0,0.005667,10.654417
6755,1225.166667,10.691458,2,0,0.009125,10.700583
6756,1225.200000,10.825791,2,0,0.005667,10.831458
6757,1225.233333,10.932333,2,0,0.010959,10.943292
6758,1225.266667,10.581250,2,0,0.017167,10.598417
6759,1225.300000,10.731333,2,0,0.010709,10.742042
6760,1225.333333,10.692625,2,0,0.013291,10.705916
6761,1225.366667,10.933500,2,0,0.020000,10.953500
6762,1225.400000,10.702041,2,0,0.027167,10.729208
6763,1225.433333,10.901375,2,0,0.018917,10.920292
6764,1225.466667,10.866917,2,0,0.010625,10.877542
6765,1225.500000,10.866791,2,0,0.019084,10.885875
6766,1225.533333,11.048375,2,0,0.010167,11.058542
6767,1225.566667,11.837875,2,0,0.017917,11.855792
6768,1225.600000,11.746417,2,0,0.008208,11.754625
6769,1225.633333,11.236625,2,0,0.017208,11.253833
6770,1225.666667,11.074084,2,0,0.008541,11.082625
6771,1225.700000,10.690167,2,0,0.012333,10.702500
6772,1225.733333,10.670208,2,0,0.017750,10.687958
6773,1225.766667,10.913958,2,0,0.009417,10.923375
6774,1225.800000,10.832166,2,0,0.017334,10.849500
6775,1225.833333,10.987334,2,0,0.015125,11.002459
6776,1225.866667,10.815375,2,0,0.009458,10.824833
6777,1225.900000,10.837542,2,0,0.009000,10.846542
6778,1225.933333,10.827000,2,0,0.008083,10.835083
6779,1225.966667,11.018125,2,0,0.019292,11.037417
6780,1226.000000,10.910459,2,0,0.009333,10.919792
6781,1226.033333,10.982292,2,0,0.011292,10.993584
6782,1226.066667,10.634125,2,0,0.018959,10.653084
6783,1226.100000,10.946125,2,0,0.013459,10.959584
6784,1226.133333,10.858375,2,0,0.010667,10.869042
6785,1226.166667,11.554459,2,0,0.018833,11.573292
6786,1226.200000,11.125792,2,0,0.007291,11.133083
6787,1226.233333,9.860166,2,0,0.009334,9.869500
6788,1226.266667,10.194584,2,0,0.006041,10.200625
6789,1226.300000,9.848875,2,0,0.013458,9.862333
6790,1226.333333,9.753250,2,0,0.010042,9.763292
6791,1226.366667,8.916167,2,0,0.004833,8.921000
6792,1226.400000,9.653125,2,0,0.004834,9.657959
6793,1226.433333,10.222625,2,0,0.016417,10.239042
6794,1226.466667,10.417334,2,0,0.011250,10.428584
6795,1226.500000,10.290000,2,0,0.008458,10.298458
6796,1226.533333,10.881042,2,0,0.012958,10.894000
6797,1226.566667,11.068959,2,0,0.017375,11.086334
6798,1226.600000,10.931208,2,0,0.009292,10.940500
6799,1226.633333,11.707291,2,0,0.018459,11.725750
6800,1226.666667,11.546917,2,0,0.010166,11.557083
6801,1226.700000,11.561166,2,0,0.019375,11.580541
6802,1226.733333,11.463791,2,0,0.019292,11.483083
6803,1226.766667,11.402792,2,0,0.009541,11.412333
6804,1226.800000,12.064542,2,0,0.012041,12.076583
6805,1226.833333,11.158959,2,0,0.011791,11.170750
6806,1226.866667,12.141500,2,0,0.009416,12.150916
6807,1226.900000,12.693875,2,0,0.008959,12.702834
6808,1226.933333,11.603292,2,0,0.017166,11.620458
6809,1226.966667,11.740583,2,0,0.009625,11.750208
6810,1227.000000,10.831334,2,0,0.007208,10.838542
6811,1227.033333,11.343750,2,0,0.008750,11.352500
6812,1227.066667,11.817625,2,0,0.011917,11.829542
6813,1227.100000,11.282458,2,0,0.009833,11.292291
6814,1227.133333,12.172959,2,0,0.019875,12.192834
6815,1227.166667,13.835375,2,0,0.012417,13.847792
6816,1227.200000,11.619125,2,0,0.018500,11.637625
6817,1227.233333,11.845125,2,0,0.008917,11.854042
6818,1227.266667,10.672958,2,0,0.005333,10.678291
6819,1227.300000,9.459750,2,0,0.016834,9.476584
6820,1227.333333,9.746917,2,0,0.011958,9.758875
6821,1227.366667,10.046167,2,0,0.011458,10.057625
6822,1227.400000,9.716708,2,0,0.009792,9.726500
6823,1227.433333,9.093875,2,0,0.004375,9.098250
6824,1227.466667,9.579083,2,0,0.012292,9.591375
6825,1227.500000,10.080416,2,0,0.005125,10.085541
6826,1227.533333,10.013875,2,0,0.011500,10.025375
6827,1227.566667,10.795042,2,0,0.008500,10.803542
6828,1227.600000,11.042208,2,0,0.018042,11.060250
6829,1227.633333,11.175291,2,0,0.009500,11.184791
6830,1227.666667,11.500583,2,0,0.008500,11.509083
6831,1227.700000,11.918333,2,0,0.016042,11.934375
6832,1227.733333,11.610750,2,0,0.006083,11.616833
6833,1227.766667,11.791709,2,0,0.014791,11.806500
6834,1227.800000,11.635125,2,0,0.006458,11.641583
6835,1227.833333,11.300250,2,0,0.018042,11.318292
6836,1227.866667,11.276500,2,0,0.010041,11.286541
6837,1227.900000,10.853959,2,0,0.009041,10.863000
6838,1227.933333,11.577000,2,0,0.013334,11.590334
6839,1227.966667,11.579916,2,0,0.011625,11.591541
6840,1228.000000,11.720083,2,0,0.008375,11.728458
6841,1228.033333,11.629041,2,0,0.016917,11.645958
6842,1228.066667,11.462625,2,0,0.011959,11.474584
6843,1228.100000,11.618459,2,0,0.015833,11.634292
6844,1228.133333,11.860792,2,0,0.015208,11.876000
6845,1228.166667,11.416250,2,0,0.005750,11.422000
6846,1228.200000,9.384875,2,0,0.007208,9.392083
6847,1228.233333,9.910792,2,0,0.012333,9.923125
6848,1228.266667,10.024000,2,0,0.010959,10.034959
6849,1228.300000,11.962458,2,0,0.007375,11.969833
6850,1228.333333,9.051375,2,0,0.018792,9.070167
6851,1228.366667,9.344375,2,0,0.011042,9.355417
6852,1228.400000,9.543958,2,0,0.011292,9.555250
6853,1228.433333,10.195583,2,0,0.005625,10.201208
6854,1228.466667,10.804875,2,0,0.010000,10.814875
6855,1228.500000,10.377209,2,0,0.005333,10.382542
6856,1228.533333,10.856083,2,0,0.008833,10.864916
6857,1228.566667,11.461500,2,0,0.007209,11.468709
6858,1228.600000,11.097583,2,0,0.006250,11.103833
6859,1228.633333,9.599417,2,0,0.008833,9.608250
6860,1228.666667,9.786084,2,0,0.007166,9.793250
6861,1228.700000,8.925500,2,0,0.010834,8.936334
6862,1228.733333,12.167750,2,0,0.006500,12.174250
6863,1228.766667,8.954333,2,0,0.009542,8.963875
6864,1228.800000,9.316333,2,0,0.013417,9.329750
6865,1228.833333,9.731250,2,0,0.008708,9.739958
6866,1228.866667,10.044916,2,0,0.048959,10.093875
6867,1228.900000,10.286125,2,0,0.008042,10.294167
6868,1228.933333,10.774792,2,0,0.010833,10.785625
6869,1228.966667,11.050000,2,0,0.017500,11.067500
6870,1229.000000,11.133083,2,0,0.008834,11.141917
6871,1229.033333,11.607709,2,0,0.006250,11.613959
6872,1229.066667,11.683917,2,0,0.018833,11.702750
6873,1229.100000,11.485041,2,0,0.009875,11.494916
6874,1229.133333,11.676584,2,0,0.014041,11.690625
6875,1229.166667,10.591459,2,0,0.006708,10.598167
6876,1229.200000,9.156709,2,0,0.009250,9.165959
6877,1229.233333,10.020208,2,0,0.007542,10.027750
6878,1229.266667,10.190083,2,0,0.011417,10.201500
6879,1229.300000,9.457125,2,0,0.008875,9.466000
6880,1229.333333,9.029083,2,0,0.006250,9.035333
6881,1229.366667,9.392959,2,0,0.011791,9.404750
6882,1229.400000,9.760459,2,0,0.016625,9.777084
6883,1229.433333,10.318333,2,0,0.019792,10.338125
6884,1229.466667,10.777084,2,0,0.008583,10.785667
6885,1229.500000,11.057917,2,0,0.009125,11.067042
6886,1229.533333,10.919792,2,0,0.008708,10.928500
6887,1229.566667,11.241250,2,0,0.009125,11.250375
6888,1229.600000,11.988250,2,0,0.018042,12.006292
6889,1229.633333,11.339292,2,0,0.008875,11.348167
6890,1229.666667,9.757708,2,0,0.009334,9.767042
6891,1229.700000,10.224041,2,0,0.010542,10.234583
6892,1229.733333,9.960167,2,0,0.006208,9.966375
6893,1229.766667,9.754125,2,0,0.008791,9.762916
6894,1229.800000,9.211666,2,0,0.008709,9.220375
6895,1229.833333,9.384917,2,0,0.006458,9.391375
6896,1229.866667,9.466333,2,0,0.016042,9.482375
6897,1229.900000,10.281250,2,0,0.012375,10.293625
6898,1229.933333,10.418750,2,0,0.016958,10.435708
6899,1229.966667,10.992250,2,0,0.016917,11.009167
6900,1230.000000,11.170541,2,0,0.008375,11.178916
6901,1230.033333,11.772875,2,0,0.011375,11.784250
6902,1230.066667,10.876459,2,0,0.007875,10.884334
6903,1230.100000,10.010500,2,0,0.009208,10.019708
6904,1230.133333,10.249875,2,0,0.005666,10.255541
6905,1230.166667,10.670125,2,0,0.009084,10.679209
6906,1230.200000,10.139458,2,0,0.009792,10.149250
6907,1230.233333,9.857417,2,0,0.006542,9.863959
6908,1230.266667,9.214500,2,0,0.007250,9.221750
6909,1230.300000,9.308083,2,0,0.010042,9.318125
6910,1230.333333,9.898833,2,0,0.008542,9.907375
6911,1230.366667,10.553042,2,0,0.012625,10.565667
6912,1230.400000,10.485208,2,0,0.010375,10.495583
6913,1230.433333,11.314042,2,0,0.008333,11.322375
6914,1230.466667,11.275417,2,0,0.016291,11.291708
6915,1230.500000,11.748458,2,0,0.013917,11.762375
6916,1230.533333,11.908292,2,0,0.011541,11.919833
6917,1230.566667,11.753583,2,0,0.008375,11.761958
6918,1230.600000,11.630667,2,0,0.007708,11.638375
6919,1230.633333,11.730208,2,0,0.009834,11.740042
6920,1230.666667,11.893334,2,0,0.018125,11.911459
6921,1230.700000,11.539917,2,0,0.010208,11.550125
6922,1230.733333,11.994667,2,0,0.012792,12.007459
6923,1230.766667,12.429166,2,0,0.008375,12.437541
6924,1230.800000,9.725500,2,0,0.011000,9.736500
6925,1230.833333,10.168875,2,0,0.010084,10.178959
6926,1230.866667,9.901333,2,0,0.012667,9.914000
6927,1230.900000,10.691417,2,0,0.007542,10.698959
6928,1230.933333,14.675583,2,0,0.010333,14.685916
6929,1230.966667,10.045584,2,0,0.009833,10.055417
6930,1231.000000,10.016667,2,0,0.022458,10.039125
6931,1231.033333,9.840791,2,0,0.010042,9.850833
6932,1231.066667,10.702750,2,0,0.013541,10.716291
6933,1231.100000,11.116833,2,0,0.015000,11.131833
6934,1231.133333,11.511500,2,0,0.009209,11.520709
6935,1231.166667,11.934958,2,0,0.030625,11.965583
6936,1231.200000,12.593208,2,0,0.014417,12.607625
6937,1231.233333,11.096417,2,0,0.007000,11.103417
6938,1231.266667,9.741167,2,0,0.011250,9.752417
6939,1231.300000,10.078583,2,0,0.009917,10.088500
6940,1231.333333,10.938000,2,0,0.008041,10.946041
6941,1231.366667,9.323625,2,0,0.010667,9.334292
6942,1231.400000,10.571166,2,0,0.008917,10.580083
6943,1231.433333,9.578542,2,0,0.009333,9.587875
6944,1231.466667,9.569083,2,0,0.008167,9.577250
6945,1231.500000,9.602333,2,0,0.007500,9.609833
6946,1231.533333,9.794584,2,0,0.005500,9.800084
6947,1231.566667,9.922458,2,0,0.008625,9.931083
6948,1231.600000,9.339250,2,0,0.004791,9.344041
6949,1231.633333,9.406458,2,0,0.006709,9.413167
6950,1231.666667,10.258875,2,0,0.005917,10.264792
6951,1231.700000,9.667750,2,0,0.011625,9.679375
6952,1231.733333,15.817084,2,0,0.011041,15.828125
6953,1231.766667,8.895958,2,0,0.005334,8.901292
6954,1231.800000,9.252291,2,0,0.020167,9.272458
6955,1231.833333,9.946542,2,0,0.008625,9.955167
6956,1231.866667,9.841500,2,0,0.009042,9.850542
6957,1231.900000,10.100083,2,0,0.005792,10.105875
6958,1231.933333,10.807708,2,0,0.008125,10.815833
6959,1231.966667,9.435708,2,0,0.008500,9.444208
6960,1232.000000,9.288542,2,0,0.007041,9.295583
6961,1232.033333,10.472084,2,0,0.008208,10.480292
6962,1232.066667,9.706916,2,0,0.009875,9.716791
6963,1232.100000,9.377417,2,0,0.008791,9.386208
6964,1232.133333,9.125959,2,0,0.006416,9.132375
6965,1232.166667,9.209750,2,0,0.009291,9.219041
6966,1232.200000,9.240208,2,0,0.018417,9.258625
6967,1232.233333,9.341541,2,0,0.007167,9.348708
6968,1232.266667,10.102125,2,0,0.011375,10.113500
6969,1232.300000,11.555875,2,0,0.018583,11.574458
6970,1232.333333,10.984833,2,0,0.007625,10.992458
6971,1232.366667,9.632542,2,0,0.006250,9.638792
6972,1232.400000,9.627000,2,0,0.008667,9.635667
6973,1232.433333,10.129542,2,0,0.009666,10.139208
6974,1232.466667,9.760666,2,0,0.008209,9.768875
6975,1232.500000,10.069875,2,0,0.009958,10.079833
6976,1232.533333,10.097500,2,0,0.009666,10.107166
6977,1232.566667,10.871125,2,0,0.017959,10.889084
6978,1232.600000,9.827541,2,0,0.006584,9.834125
6979,1232.633333,10.626750,2,0,0.006166,10.632916
6980,1232.666667,9.514958,2,0,0.010042,9.525000
6981,1232.700000,9.591750,2,0,0.005792,9.597542
6982,1232.733333,9.626083,2,0,0.019208,9.645291
6983,1232.766667,10.619416,2,0,0.008042,10.627458
6984,1232.800000,11.163667,2,0,0.009000,11.172667
6985,1232.833333,11.783833,2,0,0.010958,11.794791
6986,1232.866667,11.657708,2,0,0.008250,11.665958
6987,1232.900000,11.848417,2,0,0.010791,11.859208
6988,1232.933333,11.801042,2,0,0.010042,11.811084
6989,1232.966667,11.993208,2,0,0.011625,12.004833
6990,1233.000000,12.003333,2,0,0.016959,12.020292
6991,1233.033333,11.650209,2,0,0.014083,11.664292
6992,1233.066667,11.970125,2,0,0.017375,11.987500
6993,1233.100000,11.755958,2,0,0.018417,11.774375
6994,1233.133333,11.950542,2,0,0.009208,11.959750
6995,1233.166667,11.668834,2,0,0.008875,11.677709
6996,1233.200000,11.741708,2,0,0.018709,11.760417
6997,1233.233333,11.701875,2,0,0.017667,11.719542
6998,1233.266667,11.825833,2,0,0.012500,11.838333
6999,1233.300000,11.942416,2,0,0.006542,11.948958
7000,1233.333333,11.684500,2,0,0.016458,11.700958
7001,1233.366667,11.962375,2,0,0.016875,11.979250
7002,1233.400000,11.966791,2,0,0.008167,11.974958
7003,1233.433333,9.735250,2,0,0.008709,9.743959
7004,1233.466667,10.002959,2,0,0.009333,10.012292
7005,1233.500000,10.769541,2,0,0.008542,10.778083
7006,1233.533333,10.186125,2,0,0.009625,10.195750
7007,1233.566667,10.794667,2,0,0.009208,10.803875
7008,1233.600000,11.151000,2,0,0.008792,11.159792
7009,1233.633333,10.172167,2,0,0.009917,10.182084
7010,1233.666667,10.091416,2,0,0.010375,10.101791
7011,1233.700000,10.279500,2,0,0.008750,10.288250
7012,1233.733333,9.839292,2,0,0.009125,9.848417
7013,1233.766667,9.714167,2,0,0.008583,9.722750
7014,1233.800000,9.849125,2,0,0.007833,9.856958
7015,1233.833333,10.471958,2,0,0.019667,10.491625
7016,1233.866667,11.035792,2,0,0.018958,11.054750
7017,1233.900000,10.926000,2,0,0.013625,10.939625
7018,1233.933333,11.239000,2,0,0.011333,11.250333
7019,1233.966667,11.717416,2,0,0.018584,11.736000
7020,1234.000000,11.826916,2,0,0.011709,11.838625
7021,1234.033333,11.817208,2,0,0.015625,11.832833
7022,1234.066667,11.657375,2,0,0.011458,11.668833
7023,1234.100000,12.148875,2,0,0.010625,12.159500
7024,1234.133333,12.112334,2,0,0.005958,12.118292
7025,1234.166667,11.972625,2,0,0.013416,11.986041
7026,1234.200000,12.132708,2,0,0.013208,12.145916
7027,1234.233333,12.106375,2,0,0.025000,12.131375
7028,1234.266667,11.921667,2,0,0.009750,11.931417
7029,1234.300000,12.114417,2,0,0.009916,12.124333
7030,1234.333333,11.674583,2,0,0.008709,11.683292
7031,1234.366667,11.582875,2,0,0.013125,11.596000
7032,1234.400000,11.650334,2,0,0.008583,11.658917
7033,1234.433333,12.057000,2,0,0.010208,12.067208
7034,1234.466667,12.142041,2,0,0.019500,12.161541
7035,1234.500000,11.990292,2,0,0.009333,11.999625
7036,1234.533333,11.954166,2,0,0.010125,11.964291
7037,1234.566667,11.965125,2,0,0.010084,11.975209
7038,1234.600000,11.964583,2,0,0.006375,11.970958
7039,1234.633333,11.990041,2,0,0.009667,11.999708
7040,1234.666667,11.817375,2,0,0.011791,11.829166
7041,1234.700000,11.695917,2,0,0.010750,11.706667
7042,1234.733333,12.394000,2,0,0.008875,12.402875
7043,1234.766667,11.240334,2,0,0.008291,11.248625
7044,1234.800000,12.168500,2,0,0.011292,12.179792
7045,1234.833333,11.754458,2,0,0.009625,11.764083
7046,1234.866667,12.031667,2,0,0.010125,12.041792
7047,1234.900000,12.393708,2,0,0.009167,12.402875
7048,1234.933333,11.878000,2,0,0.009125,11.887125
7049,1234.966667,12.242834,2,0,0.017333,12.260167
7050,1235.000000,12.114250,2,0,0.006583,12.120833
7051,1235.033333,11.455750,2,0,0.017208,11.472958
7052,1235.066667,11.648083,2,0,0.010209,11.658292
7053,1235.100000,12.184541,2,0,0.011125,12.195666
7054,1235.133333,12.454083,2,0,0.009792,12.463875
7055,1235.166667,12.450625,2,0,0.019333,12.469958
7056,1235.200000,11.741500,2,0,0.019375,11.760875
7057,1235.233333,12.208917,2,0,0.011583,12.220500
7058,1235.266667,12.069167,2,0,0.019500,12.088667
7059,1235.300000,12.817333,2,0,0.009834,12.827167
7060,1235.333333,11.356250,2,0,0.013542,11.369792
7061,1235.366667,12.393083,2,0,0.011875,12.404958
7062,1235.400000,12.647333,2,0,0.017292,12.664625
7063,1235.433333,11.455167,2,0,0.011375,11.466542
7064,1235.466667,12.751834,2,0,0.017166,12.769000
7065,1235.500000,12.205750,2,0,0.012541,12.218291
7066,1235.533333,12.884917,2,0,0.019542,12.904459
7067,1235.566667,12.647333,2,0,0.014917,12.662250
7068,1235.600000,12.086417,2,0,0.009583,12.096000
7069,1235.633333,12.628000,2,0,0.008750,12.636750
7070,1235.666667,11.573625,2,0,0.018667,11.592292
7071,1235.700000,12.135958,2,0,0.010792,12.146750
7072,1235.733333,12.352458,2,0,0.004709,12.357167
7073,1235.766667,12.086292,2,0,0.012708,12.099000
7074,1235.800000,12.045625,2,0,0.009958,12.055583
7075,1235.833333,11.602958,2,0,0.009292,11.612250
7076,1235.866667,12.976000,2,0,0.008000,12.984000
7077,1235.900000,11.851167,2,0,0.014083,11.865250
7078,1235.933333,12.805375,2,0,0.004792,12.810167
7079,1235.966667,12.884416,2,0,0.012125,12.896541
7080,1236.000000,11.664167,2,0,0.015958,11.680125
7081,1236.033333,11.982125,2,0,0.018041,12.000166
7082,1236.066667,11.725625,2,0,0.018167,11.743792
7083,1236.100000,11.711209,2,0,0.018291,11.729500
7084,1236.133333,11.547875,2,0,0.009459,11.557334
7085,1236.166667,11.590250,2,0,0.005750,11.596000
7086,1236.200000,12.170667,2,0,0.010708,12.181375
7087,1236.233333,11.901584,2,0,0.010333,11.911917
7088,1236.266667,12.161625,2,0,0.018041,12.179666
7089,1236.300000,12.072250,2,0,0.013500,12.085750
7090,1236.333333,11.695625,2,0,0.016125,11.711750
7091,1236.366667,11.855833,2,0,0.012959,11.868792
7092,1236.400000,11.776458,2,0,0.018625,11.795083
7093,1236.433333,11.571041,2,0,0.011875,11.582916
7094,1236.466667,11.852708,2,0,0.006125,11.858833
7095,1236.500000,12.198417,2,0,0.011125,12.209542
7096,1236.533333,12.023083,2,0,0.014709,12.037792
7097,1236.566667,11.817625,2,0,0.009833,11.827458
7098,1236.600000,11.943250,2,0,0.011208,11.954458
7099,1236.633333,12.131208,2,0,0.012959,12.144167
7100,1236.666667,11.670458,2,0,0.005458,11.675916
7101,1236.700000,11.609333,2,0,0.012333,11.621666
7102,1236.733333,11.308709,2,0,0.020166,11.328875
7103,1236.766667,11.877250,2,0,0.010542,11.887792
7104,1236.800000,11.826375,2,0,0.008584,11.834959
7105,1236.833333,11.993417,2,0,0.012666,12.006083
7106,1236.866667,11.780417,2,0,0.018458,11.798875
7107,1236.900000,11.759666,2,0,0.011709,11.771375
7108,1236.933333,11.853667,2,0,0.008958,11.862625
7109,1236.966667,11.480000,2,0,0.006875,11.486875
7110,1237.000000,11.990791,2,0,0.006292,11.997083
7111,1237.033333,11.543833,2,0,0.011625,11.555458
7112,1237.066667,11.798959,2,0,0.004458,11.803417
7113,1237.100000,12.121667,2,0,0.010541,12.132208
7114,1237.133333,11.806500,2,0,0.006209,11.812709
7115,1237.166667,11.261583,2,0,0.005750,11.267333
7116,1237.200000,11.626625,2,0,0.014250,11.640875
7117,1237.233333,12.004042,2,0,0.020083,12.024125
7118,1237.266667,11.579875,2,0,0.011125,11.591000
7119,1237.300000,11.716458,2,0,0.011125,11.727583
7120,1237.333333,12.010459,2,0,0.013208,12.023667
7121,1237.366667,11.987666,2,0,0.011542,11.999208
7122,1237.400000,11.325583,2,0,0.010000,11.335583
7123,1237.433333,11.485167,2,0,0.013167,11.498334
7124,1237.466667,12.277208,2,0,0.011458,12.288666
7125,1237.500000,12.021833,2,0,0.007500,12.029333
7126,1237.533333,11.718792,2,0,0.018167,11.736959
7127,1237.566667,11.987875,2,0,0.017333,12.005208
7128,1237.600000,11.266708,2,0,0.006209,11.272917
7129,1237.633333,11.790500,2,0,0.004833,11.795333
7130,1237.666667,12.091333,2,0,0.019459,12.110792
7131,1237.700000,11.609459,2,0,0.014916,11.624375
7132,1237.733333,11.906625,2,0,0.007791,11.914416
7133,1237.766667,12.138291,2,0,0.008959,12.147250
7134,1237.800000,12.230791,2,0,0.006917,12.237708
7135,1237.833333,12.058250,2,0,0.007666,12.065916
7136,1237.866667,12.719375,2,0,0.011042,12.730417
7137,1237.900000,11.754334,2,0,0.017750,11.772084
7138,1237.933333,11.776500,2,0,0.014583,11.791083
7139,1237.966667,12.198209,2,0,0.014791,12.213000
7140,1238.000000,11.889667,2,0,0.005958,11.895625
7141,1238.033333,12.044125,2,0,0.009459,12.053584
7142,1238.066667,12.106417,2,0,0.011833,12.118250
7143,1238.100000,12.205333,2,0,0.006250,12.211583
7144,1238.133333,11.644458,2,0,0.018833,11.663291
